id,origem,linha,secao,tipo,trecho,resumo,observacao,rotulo_fase1,classificacao,confianca,justificativa,acao,conferencia_numerica
AF-001,B1-001,69,Resumo,resultado,As competições internacionais de planejamento mostraram nos seus resultados desempenhos diferentes dos planejadores na resolução de problemas de certos domínios.,Competições internacionais mostram desempenhos diferentes de planejadores em certos domínios,,A1,mantém,alta,"O fenômeno (desempenho de planejadores varia por domínio) é o achado empírico central do campo de seleção de algoritmos, reconfirmado décadas depois [@lequen2026planner; @taitler2024international] e na síntese E3, seção 5, linha A1/A3.","manter; ao atualizar, apoiar em lequen2026planner e taitler2024international além das IPCs originais.",
AF-002,B1-002,69,Resumo,resultado,"Enquanto num determinado domínio um planejador se saía muito bem, em outro domínio ele não apresentava o mesmo desempenho.",Um planejador pode ter bom desempenho em um domínio e ruim em outro,,A1,mantém,alta,"Consequência direta do mesmo fenômeno de AF-001; nenhum planejador domina todos os domínios, achado reafirmado em IPCs recentes (E3, IPC-2023) [@taitler2024international].",manter.,
AF-003,B1-003,69,Resumo,estado-do-campo,"Esses planejadores utilizam técnicas diferentes, que são responsáveis pela eficiência de um planejador em resolver problemas de planejamento.",Técnicas diferentes afetam a eficiência dos planejadores,,A1,mantém,media,"Técnica afetar eficiência é premissa aceita em toda a literatura de seleção de algoritmos, com base em Rice (1976) [@rice1976algorithm]; a dissertação não prova causalidade isolada, mas a afirmação geral se sustenta.",manter; redação pode citar rice1976algorithm como fundamento teórico.,
AF-004,B1-004,69,Resumo,estado-do-campo,"Os domínios apresentam características diferentes, que também são responsáveis pelo desempenho de um planejador.",Características dos domínios afetam o desempenho dos planejadores,,A1,mantém,media,"Consistente com o arcabouço de Rice de características de problema como preditoras de desempenho [@rice1976algorithm], embora a granularidade correta hoje seja a instância, não só o domínio (ver A1 em auditoria/insumos-fase1.md).",manter; qualificar em outro trecho que a granularidade ideal é a instância (ver AF-006).,
AF-005,B1-005,69,Resumo,metodo,Essas características podem ser identificadas modelando os domínios em diagramas da UML.,Características de domínios podem ser identificadas através de modelagem em UML,,A5,reformula,media,"REVISÃO DO COORDENADOR (era mantém): a frase afirma que as características que explicam o desempenho podem ser identificadas pela UML, que é A5, não só descreve o método. Coerente com insumos-fase1.md (A5 reformula): as métricas UML dependem de convenções de modelagem (vaquero2005itsimple, tonidandel2006reading; F3), e os determinantes com efeito demonstrado vêm do PDDL/SAS+.","reformular como hipótese a testar: ""características extraídas de modelos UML podem representar parte dessas diferenças""; FASE3: testar contra features de PDDL (Q2).",
AF-006,B1-006,69,Resumo,contribuicao,"A criação de uma relação entre características de domínios e técnicas de planejamento, baseada nos resultados da eficiência dos planejadores nas competições internacionais de planejamento, proporcionou um método para criar um ranking de planejadores que ajude a selecionar o planejador mais promissor para resolver problemas de planejamento de um determinado domínio.",Estabelecer relação entre características de domínios e técnicas permite ranking de planejadores,,A1;A3,reformula,media,"[HIPÓTESE] A dissertação de 2010 usa 10 planejadores e só 3 domínios de validação; a conferência da Fase 2 (G20) mostra que uma linha de base sem características de domínio (nota média de cada planejador) acerta quase o mesmo ranking (correlação de postos 0,75–0,86 vs. 0,65–0,81 do método de 2010), então o método não está claramente comprovado como superior a um baseline sem características. A3 foi revista para 'reformula': seleção por domínio é competitiva só com treino no próprio domínio, não 'independentemente do problema'.",reformular para registrar a comparação com baseline (G20) e qualificar 'ajuda a selecionar' como resultado ainda não isolado da qualidade geral dos planejadores; citar cenamor2016ibacop e nunez2015automatic.,
AF-007,B1-007,113,Introdução,estado-do-campo,"Criar um plano, a partir de um processo de planejamento, pode ser muitas vezes uma tarefa simples para os seres humanos.",Planejamento é tarefa simples para humanos,,,mantém,baixa,"Afirmação de senso comum sobre cognição humana, sem literatura do projeto que a teste diretamente; não há evidência contrária.",nenhuma ação necessária.,
AF-008,B1-008,113,Introdução,estado-do-campo,"Desde o final do século XX, principalmente na década de 1990, a criação automática de planos tem sido um grande desafio para os pesquisadores e seus softwares de planejamento.",Planejamento automático é grande desafio desde os anos 1990,,,reformula,media,"O próprio texto (linha 253, AF-061/062) data o primeiro planejador (STRIPS) no início dos anos 1970, não nos anos 1990; a frase 'desde o final do século XX, principalmente na década de 1990' contradiz essa cronologia interna.","situar no tempo com precisão: o desafio da criação automática de planos é ativo desde 1971 (STRIPS), não apenas desde os anos 1990.",
AF-009,B5-001,115,Introdução,metodo,"Esse desafio se resume a responder a seguinte pergunta: partindo da descrição de um domínio de aplicação (por exemplo, uma descrição do plano de vôos de um aeroporto), da definição de um estado inicial (situação inicial das aeronaves, dos vôos e do aeroporto) e de um estado objetivo",Define o problema de planejamento como encontrar sequência de ações do estado inicial ao objetivo,Extraída pelo Coordenador (lacuna de cobertura),,mantém,media,"Definição padrão de problema de planejamento clássico (estado inicial, objetivo, ações), consistente com Ghallab, Nau e Traverso (2004), já citado no texto.",manter.,
AF-010,B1-009,117,Introdução,estado-do-campo,"Essas abordagens partem do princípio que problemas de planejamento são problemas de busca e utilizam técnicas de busca para encontrar um plano ideal, ou seja, uma seqüência mínima de ações que faça a transição de uma situação inicial para uma situação desejada em um domínio.",Planejamento é visto como problema de busca usando técnicas de busca,,,reformula,baixa,"[HIPÓTESE] Nem toda técnica de planejamento busca 'seqüência mínima de ações': muitos planejadores estudados na dissertação (FF, LPG, YAHSP, SGPlan) são satisficing, não ótimos, e não garantem plano mínimo — ver notas de leitura hoffmann2001ff*, gerevini2004lpgtd*.","qualificar: distinguir planejamento satisficing (maioria dos planejadores estudados) de planejamento ótimo, que é o único que garante sequência mínima.",
AF-011,B1-010,119,Introdução,sobre-obra,A partir de 1998 passou a ser realizada uma competição internacional de planejamento,Competição internacional de planejamento iniciou em 1998,,,mantém,alta,"[FATO] Confirmado na fonte primária: a IPC começou em 1998, ipc98.icaps-conference.org.",manter; citar https://ipc98.icaps-conference.org/ se quiser referência direta.,
AF-012,B1-011,121,Introdução,resultado,"Entretanto, os melhores planejadores (KAUTZ e SELMAN, 1998) (KOEHLER, 1998) (HOFFMANN e NEBEL, 2001) (LIN, 2001) (GEREVINI e SERINA, 2002) (HELMERT, 2006) (VIDAL, 2002) (CHEN, HSU e WAH, 2004) (KAUTZ, SELMAN e HOFFMANN, 2006) (XING, CHEN e ZHANG, 2006) falharam em alguns domínios, enquanto outros planejadores, com desempenho pior, conseguiram resolver todos os problemas de planejamento desses mesmos domínios.","Planejadores bem-sucedidos em alguns domínios falham em outros, enquanto outros têm sucesso",,A1,mantém,media,Consistente com o fenômeno geral confirmado por E1/E3 (nenhum planejador domina todos os domínios); os planejadores citados de fato competiram nas IPCs de 1998–2006 com desempenho desigual por domínio.,manter.,
AF-013,B1-012,121,Introdução,resultado,Dois fatores principais causaram esse comportamento nos resultados das competições: as técnicas de planejamento utilizadas por cada planejador e as características presentes nos domínios.,Técnicas de planejamento e características de domínios causam diferenças de desempenho,,A1;F6,reformula,media,"[HIPÓTESE] Reduzir a duas causas (técnica, características do domínio) ignora fatores de comparabilidade identificados na Fase 0/2 (G9, G16, F6): hardware, subconjuntos de instâncias diferentes e mistura de dados de competição com execução própria também afetam o desempenho medido.","qualificar: mencionar que fatores metodológicos (hardware, conjunto de instâncias, condições de execução) também influenciam os resultados medidos, além de técnica e domínio.",sem-numero
AF-014,B1-013,123,Introdução,metodo,O problema que motivou a pesquisa e a escrita desta dissertação é a possibilidade de encontrar uma relação entre características de domínio e técnicas de planejamento.,Pesquisa busca relação entre características de domínios e técnicas de planejamento,,,mantém,media,Descrição fiel da motivação/pergunta de pesquisa da dissertação.,manter.,
AF-015,B1-014,125,Introdução,trabalho-futuro,Estabelecer uma relação entre características de domínios e técnicas de planejamento também mostra ser um caminho promissor para descobrir o que afeta cada técnica de planejamento e como fazer planejadores melhores.,Estudar relação entre características de domínios e técnicas pode levar a planejadores melhores,,A1,mantém,media,"Alinhado ao consenso da literatura de seleção de algoritmos: entender a relação característica–técnica é a base de ganhos documentados (portfólios, seleção por instância) [@kerschke2019automated].",manter.,
AF-016,B1-015,129,Motivações,sobre-obra,"Há mais de uma década, é realizada, a cada dois anos, a Competição Internacional de Planejamento (MCDERMOTT, 2008). Essa competição tem como finalidade principal comparar a eficiência e a eficácia dos planejadores na resolução de problemas de planejamento em determinados domínios.",Competição Internacional de Planejamento realiza-se a cada dois anos há mais de uma década,,,mantém,alta,"[FATO] IPC é bienal desde 1998 (1998, 2000, 2002, 2004, 2006 confirmados nas páginas oficiais ipc98/ipc00/ipc02/ipc04/ipc06.icaps-conference.org).",manter.,sem-numero
AF-017,B1-016,131,Motivações,numerica,"Na primeira edição da competição  (MCDERMOTT, 2008), realizada em 1998, participaram cinco sistemas de planejamento.",Primeira competição em 1998 teve cinco sistemas de planejamento,,,mantém,alta,"[FATO] Confirmado em https://ipc98.icaps-conference.org/: cinco sistemas participaram (BlackBox, HSP, IPP, SGP, STAN).",manter; citar a URL.,fonte-externa
AF-018,B1-017,131,Motivações,resultado,"Os planejadores IPP (KOEHLER, 1998) e BlackBox (KAUTZ e SELMAN, 1998) foram considerados vencedores. Entretanto, no domínio Logistic World, o planejador BlackBox teve um desempenho 40% melhor do que o IPP. Já no domínio Gripper, o planejador IPP teve um desempenho 150% melhor do que o BlackBox.",IPP e BlackBox foram vencedores da primeira competição,,,reformula,alta,"REVISÃO DO COORDENADOR (era descarta): o núcleo — IPP e Blackbox entre os melhores da IPC 1998 — se sustenta; o erro é chamá-los de ""vencedores"". [FATO] A página oficial diz ""it is really hard to declare a winner"" e só a trilha ADL teve vencedor declarado (IPP) (https://ipc98.icaps-conference.org/, conferido pelo Coordenador em 23/09/2026). [FATO] Contrariado pela fonte primária: a comissão da IPC98 declarou explicitamente 'it is really hard to declare a winner' e 'avoid[ed] assigning a single number and declaring a winner' (https://ipc98.icaps-conference.org/). Só a trilha ADL teve vencedor declarado (IPP); Blackbox foi o mais rápido na primeira rodada, não 'vencedor'. Ver também AF-089 (mesma afirmação).","substituir por: 'o comitê da IPC98 evitou declarar um vencedor geral; IPP venceu a trilha ADL; Blackbox foi o planejador mais rápido na primeira rodada.' Os números de 40% e 150% ficam como itens separados (ver AF-019, AF-020).",sem-numero
AF-019,B1-018,131,Motivações,numerica,"Entretanto, no domínio Logistic World, o planejador BlackBox teve um desempenho 40% melhor do que o IPP",BlackBox teve desempenho 40% melhor que IPP no domínio Logistic World,,,reformula,baixa,"Número percentual específico (BlackBox 40% melhor que IPP em Logistic World) não localizado nas páginas de resultado da IPC98 consultadas; são tabelas brutas de problemas resolvidos/tempo, não percentuais formulados assim.","conferir na fonte primária (ipc98.icaps-conference.org, resultados detalhados round 1 ADL, domínio Logistics).",fonte-externa
AF-020,B1-019,131,Motivações,numerica,"Já no domínio Gripper, o planejador IPP teve um desempenho 150% melhor do que o BlackBox.",IPP teve desempenho 150% melhor que BlackBox no domínio Gripper,,,reformula,baixa,Número percentual específico (IPP 150% melhor que BlackBox em Gripper) não confirmado nas páginas consultadas da IPC98.,"conferir na fonte primária (ipc98.icaps-conference.org, resultados detalhados, domínio Gripper).",fonte-externa
AF-021,B1-020,133,Motivações,resultado,"Já na segunda competição internacional de planejamento (BACCHUS, 2000), realizada em 2000, os sistemas de planejamento que se destacaram foram o FF (HOFFMANN e NEBEL, 2001) e o System R (LIN, 2001).",FF e System R foram destaque da segunda competição em 2000,,,reformula,media,"[FATO parcial] FF teve desempenho distinto confirmado (Distinguished Performance e Schindler Award, trilha ADL Miconic-10) em fontes que citam ipc00.icaps-conference.org; o destaque específico do System R na IPC2000 não foi confirmado de forma independente nas páginas consultadas, só nas afirmações subsequentes do próprio texto (AF-099).","confirmar o desempenho específico do System R na fonte primária (ipc00.icaps-conference.org); manter a menção ao FF, já confirmada.",
AF-022,B1-021,133,Motivações,numerica,"No domínio Blocks World, o planejador System R foi 30% mais eficiente do que o FF, enquanto no domínio Depots, o planejador FF resolveu todos os problemas e o System R apenas 5%.",System R foi 30% mais eficiente que FF no domínio Blocks World,,,reformula,baixa,Percentual específico (System R 30% mais eficiente que FF em Blocks World) não verificado diretamente nas páginas oficiais consultadas.,"conferir na fonte primária (ipc00.icaps-conference.org / Bacchus, 2001, relatório da AIPS-2000).",fonte-externa
AF-023,B1-022,133,Motivações,numerica,"No domínio Blocks World, o planejador System R foi 30% mais eficiente do que o FF, enquanto no domínio Depots, o planejador FF resolveu todos os problemas e o System R apenas 5%.",FF resolveu 100% dos problemas e System R apenas 5% no domínio Depots,,,reformula,baixa,Percentual específico (FF 100% e System R 5% em Depots) não verificado diretamente nas páginas oficiais consultadas.,"conferir na fonte primária (ipc00.icaps-conference.org / relatório da AIPS-2000, domínio Depots).",fonte-externa
AF-024,B1-023,135,Motivações,resultado,"Na terceira edição da competição (FOX e LONG, 2002), realizada em 2002, os planejadores que obtiveram os melhores resultados foram o FF, LPG (GEREVINI e SERINA, 2002) e o MIPS (EDELKAMP e HELMERT, 2001).","FF, LPG e MIPS tiveram melhores resultados na terceira competição em 2002",,,reformula,media,"[FATO parcial] A IPC02 Roll of Honour (ipc04.icaps-conference.org/deterministic/rollofhonour.html) registra MIPS como vencedor da categoria automática e LPG como melhor estreante automática; FF não aparece nessa lista como premiado formal, embora seja amplamente citado como planejador forte da edição.","reformular para distinguir prêmios oficiais (MIPS vencedor; LPG melhor estreante) da caracterização genérica de 'melhores resultados', que inclui FF por desempenho geral, não por prêmio.",
AF-025,B1-024,135,Motivações,resultado,"No domínio Depots, para um número pequeno de instâncias (objetos) dentro do problema, o planejador FF levou um tempo maior para gerar os planos, enquanto o planejador LPG foi mais rápido. Porém, para um número maior de instâncias, o FF mostrou um desempenho melhor em relação aos outros planejadores.",LPG foi mais rápido que FF no domínio Depots para pequenas instâncias,,,reformula,baixa,Comparação de tempo específica LPG vs. FF em Depots por tamanho de instância não verificada em fonte primária consultada.,"conferir na fonte primária (Fox & Long, 'The 3rd International Planning Competition: Results and Analysis', arXiv:1106.5998).",
AF-026,B1-025,135,Motivações,resultado,"Porém, para um número maior de instâncias, o FF mostrou um desempenho melhor em relação aos outros planejadores.",FF teve melhor desempenho para instâncias maiores no domínio Depots,,,reformula,baixa,Mesma afirmação de AF-025 (continuação); não verificada em fonte primária consultada.,conferir na fonte primária (mesma referência de AF-025).,
AF-027,B1-026,137,Motivações,resultado,"Em 2004, na quarta competição internacional de planejamento (EDELKAMP, HOFFMANN e LITTMAN, 2004), os sistemas de planejamento que mais se destacaram foram: Fast Downward (HELMERT, 2006), YAHSP (VIDAL, 2002), SGPlan (CHEN, HSU e WAH, 2004), LPG-TD, SATPLAN04 (KAUTZ, SELMAN e HOFFMANN, 2006) e CPT. Porém, os resultados desta competição também apresentaram características peculiares entre planejadores e domínios.","Fast Downward, YAHSP, SGPlan, LPG-TD, SATPLAN04 e CPT foram destaques da quarta competição",,,reformula,media,"[FATO parcial] Confirmado: Fast Downward venceu a trilha Suboptimal Propositional Track (1º prêmio) da IPC-4 (2004); YAHSP e SGPlan dividiram o 2º prêmio (ipc04.icaps-conference.org/deterministic/results.html). LPG-TD, SATPLAN04 e CPT participaram mas não foram confirmados como premiados nessa trilha nas páginas consultadas.",reformular para distinguir os premiados oficiais (Fast Downward 1º; YAHSP e SGPlan 2º) dos demais citados como participantes destacados.,sem-numero
AF-028,B1-027,137,Motivações,numerica,"No domínio Pipesworld, o SGPlan teve um desempenho 40% melhor do que o YAHSP.",SGPlan teve desempenho 40% melhor que YAHSP no domínio Pipesworld,,,reformula,baixa,"Percentual específico (SGPlan 40% melhor que YAHSP em Pipesworld) não verificado na fonte primária consultada; a fonte primária (JAIR, 'The Deterministic Part of IPC-4') registra que YAHSP gerava planos desnecessariamente longos em Pipesworld, mas não nesses termos percentuais.","conferir na fonte primária (jair.org, 'The Deterministic Part of IPC-4: An Overview').",fonte-externa
AF-029,B1-028,137,Motivações,numerica,"Já no domínio Satellite, ambos tiveram 100% de aproveitamento na resolução dos problemas.",SGPlan e YAHSP tiveram 100% de aproveitamento no domínio Satellite,,,reformula,baixa,Percentual específico (100% de aproveitamento de ambos em Satellite) não verificado na fonte primária consultada.,"conferir na fonte primária (ipc04.icaps-conference.org/deterministic/results.html, domínio Satellite).",fonte-externa
AF-030,B1-029,139,Motivações,resultado,"Por fim, na quinta edição da competição internacional de planejamento (GEREVINI, BONET e GIVAN, 2006), realizada em 2006, os planejadores que obtiveram os melhores desempenhos foram o SATPLAN, MAXPLAN (XING, CHEN e ZHANG, 2006) e SGPLAN5.","SATPLAN, MAXPLAN e SGPLAN5 tiveram melhores desempenhos na quinta competição",,A1,mantém,alta,[FATO] Confirmado em ipc06.icaps-conference.org/deterministic/rollofhonour.html: SATPLAN e MaxPlan dividiram o 1º prêmio na trilha ótima (domínios proposicionais); SGPlan venceu a trilha satisficing.,manter; citar a URL do Roll of Honour da IPC-5.,sem-numero
AF-031,B1-030,139,Motivações,numerica,"No domínio TPP, o planejador SATPLAN teve um desempenho 50% melhor do que o planejador MAXPLAN.",SATPLAN teve desempenho 50% melhor que MAXPLAN no domínio TPP,,,reformula,baixa,"Percentual específico (SATPLAN 50% melhor que MAXPLAN em TPP) não verificado na fonte primária consultada; ver também AF-108, que dá um número absoluto (24/30) para SATPLAN em domínio não identificado com precisão no trecho extraído.","conferir na fonte primária (ipc06.icaps-conference.org/deterministic/results.html, domínio TPP) e cruzar com AF-108.",fonte-externa
AF-032,B1-031,139,Motivações,numerica,"Já no domínio Pathways, o planejador MAXPLAN teve um desempenho 40% melhor do que o planejador SATPLAN.",MAXPLAN teve desempenho 40% melhor que SATPLAN no domínio Pathways,,,reformula,baixa,Percentual específico (MAXPLAN 40% melhor que SATPLAN em Pathways) não verificado na fonte primária consultada; ver também AF-109 (MAXPLAN 15/30 em Pathways).,"conferir na fonte primária (ipc06.icaps-conference.org/deterministic/results.html, domínio Pathways) e cruzar com AF-109.",fonte-externa
AF-033,B1-032,141,Motivações,estado-do-campo,Os cruzamentos entre domínios de características diferentes com as técnicas de planejamento existentes podem ajudar a compreender essa diferença de desempenho dos planejadores.,Domínios das competições representam situações reais distintas,,A1,mantém,media,"Afirmação de método/motivação (cruzar características de domínio com técnicas ajuda a entender diferenças de desempenho), alinhada ao princípio de Rice (1976) [@rice1976algorithm] e à literatura de seleção de algoritmos.",manter.,
AF-034,B1-033,141,Motivações,estado-do-campo,Os cruzamentos entre domínios de características diferentes com as técnicas de planejamento existentes podem ajudar a compreender essa diferença de desempenho dos planejadores.,Planejadores usam técnicas e estratégias diferentes,,A1,mantém,media,Mesmo trecho de AF-033 (aparente duplicidade de extração com resumo diferente); classificação idêntica.,manter; sinalizar ao Coordenador a duplicidade de trecho entre AF-033 e AF-034 na consolidação.,
AF-035,B1-034,143,Motivações,metodo,"Assim, com base nos resultados das competições internacionais de planejamento, a motivação deste trabalho é mostrar que existe uma relação entre as características de domínios e as técnicas de planejamento para justificar essa diferença de desempenho.",Trabalho busca demonstrar relação entre características de domínios e técnicas,,A1,mantém,media,"Descrição fiel da motivação do trabalho, coerente com o princípio geral de A1 (reconfirmado pela literatura de seleção de algoritmos).",manter.,
AF-036,B1-035,147,Objetivo e justificativa,metodo,"O objetivo deste trabalho é identificar uma possível relação entre características de domínios e técnicas de planejamento, e a partir desta relação, criar um método que estabeleça um ranking de planejadores para auxiliar na escolha do melhor planejador para resolver um problema de planejamento num determinado domínio.",Objetivo: identificar relação e criar método de ranking de planejadores,,,mantém,media,"Descrição de método/objetivo, fiel ao que a dissertação propôs fazer.",manter.,
AF-037,B1-036,149,Objetivo e justificativa,metodo,"As características dos domínios são identificadas a partir da representação do domínio em UML (Unified Modeling Language – Linguagem Unificada de Modelagem), utilizando os diagramas de casos de uso, classes e estados. Já as técnicas de planejamento são definidas de acordo com a estratégia de geração de planos utilizada por cada planejador.",Características de domínios são identificadas através de modelagem em UML,,,mantém,media,"Descrição de método: como as características de domínio foram identificadas (UML/itSIMPLE). Fiel ao que foi feito; a fragilidade do instrumento é tratada em A5, não aqui.",manter a descrição.,
AF-038,B1-037,149,Objetivo e justificativa,metodo,"As características dos domínios são identificadas a partir da representação do domínio em UML (Unified Modeling Language – Linguagem Unificada de Modelagem), utilizando os diagramas de casos de uso, classes e estados. Já as técnicas de planejamento são definidas de acordo com a estratégia de geração de planos utilizada por cada planejador.",Técnicas de planejamento são classificadas pela estratégia de geração de planos,,,mantém,media,"Descrição de método: como as técnicas de planejamento foram definidas (estratégia de geração de planos). A fragilidade da taxonomia resultante é tratada em A6, não nesta descrição de método.",manter a descrição.,
AF-039,B1-038,151,Objetivo e justificativa,metodo,"A partir desta relação, um ranking de planejadores é criado para ajudar na escolha do melhor planejador para um determinado problema de um domínio de planejamento, determinando assim quais técnicas de planejamento são melhores para quais características de domínio.",Ranking de planejadores auxilia escolha de planejador mais adequado,,,mantém,media,"Descrição do objetivo/uso pretendido do ranking; a validade do resultado (se o ranking de fato funciona 'independentemente do problema') é tratada em A3, não nesta descrição de objetivo.","manter a descrição do objetivo; qualificar o resultado em si no capítulo de resultados (ver AF-006, A3).",
AF-040,B1-039,155,Contribuições,contribuicao,Atingir o objetivo proposto por este trabalho implica também em contribuições importantes para a área de planejamento automático. Essas contribuições são:,Trabalho contribui para avanços em planejamento automático,,,mantém,baixa,Frase de transição genérica sem conteúdo factual específico a conferir.,manter.,
AF-041,B1-040,157,Contribuições,contribuicao,Análise dos resultados das competições internacionais de planejamento;,Análise detalhada de resultados de competições internacionais,,,mantém,media,Descrição fiel de uma contribuição realmente executada (capítulo sobre competições existe no texto).,manter.,
AF-042,B1-041,159,Contribuições,contribuicao,Revisão sobre os planejadores e suas respectivas técnicas de planejamento;,Revisão de planejadores e suas técnicas,,A6;A8;F1,reformula,media,"[HIPÓTESE] A revisão dos planejadores (mecânica de cada um) foi de fato feita, mas a taxonomia de técnicas resultante tem três atribuições contrariadas por fonte primária (A6, ver AF-083 vs. taxonomia; síntese E3, seção 4) e a revisão de trabalhos relacionados tem lacunas amplas (A8/F1: falta Rice 1976, Roberts & Howe, IPC 2008, LAMA e o próprio artigo fundacional do itSIMPLE de 2005) [@vaquero2005itsimple; @rice1976algorithm].","reformular: qualificar como revisão descritiva dos 10 planejadores, sem generalizar como 'revisão' completa da área; citar vaquero2005itsimple e rice1976algorithm como lacunas a fechar.",
AF-043,B1-042,161,Contribuições,contribuicao,"Modelagem dos principais domínios das competições internacionais de planejamento em UML, utilizando a ferramenta itSIMPLE (Integrated Tools Software Interface for Modeling PLanning Environments - Ambiente Integrado de Modelagem e Análise de Domínios de Planejamento Automático);",Modelagem em UML de domínios usando itSIMPLE,,,mantém,media,Descrição de método fiel: a modelagem em UML via itSIMPLE foi de fato realizada.,manter.,
AF-044,B1-043,163,Contribuições,contribuicao,"Utilização de métricas extraídas dos diagramas de casos de uso, classes e estados da UML para identificar e definir características de domínios de planejamento;",Uso de métricas UML para identificar características de domínios,,A5;F3,reformula,media,"[HIPÓTESE] Como afirmação de contribuição (uso de métricas UML para 'identificar e definir' características de domínio), depende do instrumento questionado em A5: a complexidade estrutural com efeito demonstrado na literatura vem de grafo causal, DTG e treewidth extraídos do PDDL, não de métricas UML [@helmert2009concise; @domshlak2013complexity]; F3 mostra que a métrica UML depende de escolhas do modelador.","reformular: apresentar como uma tentativa/hipótese testada, não como contribuição validada; citar helmert2009concise e domshlak2013complexity como contraponto e propor comparação na Fase 3.",
AF-045,B1-044,165,Contribuições,contribuicao,Resultados dos processos de planejamento entre os planejadores e domínios selecionados que não são encontrados nas competições de planejamento;,Novos resultados de planejamento não cobertos pelas competições,,F6,mantém,media,"Descrição de método: a dissertação de fato gerou resultados próprios além das competições. A ressalva (G9: duas populações de dados misturadas; F6: comparabilidade) é sobre como esses dados foram combinados com os de competição, não sobre a existência da contribuição em si.",manter a descrição da contribuição; tratar a mistura de populações de dados (G9) no capítulo de resultados.,
AF-046,B1-045,167,Contribuições,contribuicao,Método para relacionar características de domínios com técnicas de planejamento baseado na eficiência dos planejadores para resolver problemas de planejamento;,Método para relacionar características de domínios a técnicas de planejamento,,,mantém,media,"Descrição de contribuição/método, fiel ao que foi proposto e executado.",manter.,
AF-047,B1-046,169,Contribuições,contribuicao,Método para escolher o melhor planejador para resolver um problema de planejamento num determinado domínios a partir de suas características;,Método para seleção de planejador apropriado baseado em características,,,mantém,media,"Descrição de contribuição/método (seleção de planejador a partir de características). Não afirma explicitamente 'independentemente do problema', então não conflita diretamente com a reformulação de A3.","manter; se a versão revisada detalhar esse método, qualificar com o veredito de A3 (reformula).",
AF-048,B1-047,171,Contribuições,contribuicao,Início de uma nova linha de pesquisa dentro da sub-área de planejamento automático.,Proposição de nova linha de pesquisa em planejamento automático,,A8;F1,reformula,alta,"[FATO] O artigo fundacional do itSIMPLE de 2005 já declarava o objetivo de classificar características de domínio para escolher a técnica de planejamento (achado da Fase 1, insumos-fase1.md, decisão 4) [@vaquero2005itsimple]; chamar o trabalho de 'início de uma nova linha de pesquisa' desconsidera essa origem.","reformular para reconhecer vaquero2005itsimple como origem do objetivo de pesquisa, e apresentar a dissertação de 2010 como continuação/execução desse objetivo, não como linha inteiramente nova; citar vaquero2005itsimple.",
AF-049,B1-048,173,Contribuições,trabalho-futuro,a partir de novos estudos sobre o relacionamento entre características de domínios e técnicas,Novos estudos podem levar a planejadores mais eficientes no futuro,,,mantém,baixa,"Afirmação de trabalho futuro, plausível e alinhada com o que de fato ocorreu na literatura de seleção de algoritmos desde então (mas não verificada como predição específica).",manter.,
AF-050,B1-049,195,Planejamento automático,estado-do-campo,"O planejamento de atividades e ações para alcançar um determinado objetivo é uma habilidade inerente a todos os seres humanos. O ato de planejar está ligado, principalmente, a dois conceitos: plano e planejamento.",Planejamento é habilidade natural humana,,,mantém,baixa,"Afirmação introdutória de senso comum sobre planejamento humano, sem conteúdo factual específico a conferir.",manter.,sem-numero
AF-051,B1-050,199,Planejamento automático,sobre-obra,A primeira referência de estudo sobre planejamento surgiu na Grécia antiga.,Primeira referência de estudos sobre planejamento é da Grécia antiga,,,reformula,baixa,Afirmação histórica ('primeira referência... na Grécia antiga') não conferida em fonte primária pelo projeto.,"conferir na fonte primária (ex.: Ghallab, Nau e Traverso, 'Automated Planning: Theory and Practice', 2004, discussão histórica introdutória).",
AF-052,B1-051,199,Planejamento automático,sobre-obra,"O filósofo Aristóteles, em sua obra De Motu Animalium (400 A.C.) (GRUYTER, 1960), discute o princípio dos movimentos dos animais e define um algoritmo de planejamento para representar esses movimentos. Esse algoritmo foi baseado no número de patas de um animal e no fato, observado por Aristóteles, que o movimento de um animal começa pelo lado direito do corpo.",Aristóteles definiu algoritmo de planejamento em De Motu Animalium,,,reformula,baixa,"Afirmação histórica específica sobre Aristóteles (De Motu Animalium, ed. Gruyter 1960) não conferida em fonte primária pelo projeto; detalhe específico ('baseado no número de patas') não verificável sem acesso à edição citada.","conferir na fonte primária (De Motu Animalium, tradução usada, ed. Gruyter 1960) antes de manter o detalhe específico.",sem-numero
AF-053,B1-052,201,Planejamento automático,estado-do-campo,"Em ciência da computação, o estudo sobre planejamento concentrou-se na área de inteligência",Planejamento em ciência da computação é área de inteligência artificial,,,mantém,baixa,"Afirmação de senso comum sobre a filiação disciplinar do planejamento automático (IA), amplamente aceita.",manter.,
AF-054,B1-053,201,Planejamento automático,estado-do-campo,"O planejamento automático foi criado a partir de investigações de buscas em um espaço de estados, prova de teoremas matemáticos e robótica móvel (RUSSELL e NORVIG, 2002).",Planejamento automático originou-se de busca em espaço de estados e robótica,,,mantém,media,"Consistente com a narrativa histórica padrão da IA (busca em espaço de estados, prova de teoremas tipo GPS, robótica móvel/Shakey), coerente com AF-062 (Shakey) do mesmo texto e com Russell e Norvig (já citado).",manter.,
AF-055,B1-054,203,Planejamento automático,estado-do-campo,"As principais pesquisas e trabalhos desenvolvidos na sub-bárea de planejamento automático têm sido direcionados para a criação de sistemas automáticos de planejamento, conhecidos como planejadores. Os planejadores utilizam diversas técnicas de planejamento para criarem planos em qualquer domínio. Essa generalização reflete a natureza complexa deste tipo de problema.",Pesquisas focam na criação de planejadores automáticos,,,mantém,baixa,"Afirmação genérica sobre o foco das pesquisas em planejadores automáticos, sem conteúdo específico contestável.",manter.,
AF-056,B1-055,205,Planejamento automático,metodo,O desempenho de um planejador pode ser medido basicamente de duas formas.,Desempenho de planejador é medido por eficiência e eficácia,,A7,mantém,media,"Descrição de método (enquadramento eficiência/eficácia) fiel ao que o texto usa; a fragilidade de reduzir eficiência só à cobertura é tratada em A7 (reformula), não nesta frase de enquadramento.",manter esta frase; tratar a redução a cobertura no trecho que define eficiência (ligado a A7).,sem-numero
AF-057,B1-056,207,Planejamento automático,metodo,"Um sistema de planejamento necessita de uma apresentação do estado inicial do mundo, um objetivo e uma descrição das ações que podem ser realizadas.","Sistema de planejamento requer estado inicial, objetivo e ações possíveis",,,mantém,baixa,"REVISÃO DO COORDENADOR (confiança rebaixada: apoio em plausibilidade ou conhecimento geral, não em fonte do projeto). [FATO] Definição padrão de planejamento clássico (STRIPS/Fikes e Nilsson 1971; Ghallab, Nau e Traverso 2004), amplamente estabelecida.",CONFERIR na fonte primária antes de manter. manter.,
AF-058,B1-057,209,Planejamento automático,sobre-obra,Um domínio é uma representação de uma situação ou processo do mundo real.,Domínio representa situação ou processo real,,,mantém,media,"Definição genérica de domínio, consistente com a literatura de planejamento clássico.",manter.,
AF-059,B1-058,233,Planejamento automático,estado-do-campo,"A grande parte das pesquisas na área de planejamento automático está voltada para os sistemas clássicos de planejamento. Sistemas clássicos de planejamento consideram a geração de planos a partir da representação das características mais importantes de um domínio e que o sucesso do planejamento não é afetado por mudanças neste domínio (YANG, 1997).",Pesquisas focam principalmente em sistemas clássicos de planejamento,,,mantém,media,"Descrição de foco de pesquisa em sistemas clássicos, razoável para o período coberto pela dissertação (até 2006/2008); hoje o campo é mais diversificado (trilhas numérica, temporal, probabilística, HTN nas IPCs recentes), mas isso não invalida a afirmação como descrição do escopo então adotado.",situar no tempo: mencionar que o predomínio de sistemas clássicos é mais forte no período estudado (até 2008) do que no campo atual.,
AF-060,B1-059,235,Planejamento automático,metodo,"A proposta desta dissertação considera apenas os sistemas clássicos de planejamento e, conseqüentemente, suas suposições restritivas (GHALLAB, NAU e TRAVERSO, 2004):",Dissertação restringe-se a sistemas clássicos de planejamento,,,mantém,media,"Descrição de escopo/método: a dissertação de fato se restringe a planejamento clássico e suas suposições (Ghallab, Nau e Traverso, 2004, já citado).",manter.,
AF-061,B1-060,253,Planejamento automático,sobre-obra,O primeiro planejador foi criado no início da década de 1970.,Primeiro planejador foi criado no início dos anos 1970,,,mantém,alta,"[FATO] STRIPS (Fikes e Nilsson, 1971) é amplamente reconhecido como o primeiro planejador automático, início dos anos 1970.",manter.,
AF-062,B1-061,253,Planejamento automático,sobre-obra,"O primeiro planejador foi criado no início da década de 1970. O planejador STRIPS (Stanford Research Institute Planning System) (FIKES e NILSSON, 1971) foi projetado para ser utilizado como sistema de planejamento do robô Shakey (NILSSON, 1984), dando a ele a capacidade de “raciocinar” sobre suas próprias ações.",STRIPS foi desenvolvido para robô Shakey,,,mantém,alta,"[FATO] Fato histórico bem documentado: STRIPS foi desenvolvido para o robô Shakey do SRI (Fikes e Nilsson, 1971; Nilsson, 1984).",manter.,
AF-063,B1-062,255,Planejamento automático,sobre-obra,"A partir do STRIPS, os planejadores passaram a ser desenvolvidos com a intenção de descrever estados de um domínio ou mundo (TONIDANDEL, 2003). Este planejador marcou o início da era clássica do planejamento automático, que durou até o fim dos anos 90 (GHALLAB, NAU e TRAVERSO, 2004).",STRIPS usa arquitetura baseada em GPS,,,mantém,media,"Framing histórico (era clássica até fim dos anos 1990) consistente com a distinção clássica/neoclássica de Ghallab, Nau e Traverso (2004), já citada no texto; ver também AF-076 (Graphplan inicia era neoclássica em 1995), que é uma transição, não uma contradição grave.","manter; se possível, alinhar as datas de transição entre este trecho e AF-076 (1995 vs. 'fim dos anos 90') para evitar ambiguidade.",sem-numero
AF-064,B1-063,255,Planejamento automático,estado-do-campo,"A partir do STRIPS, os planejadores passaram a ser desenvolvidos com a intenção de descrever estados de um domínio ou mundo (TONIDANDEL, 2003). Este planejador marcou o início da era clássica do planejamento automático, que durou até o fim dos anos 90 (GHALLAB, NAU e TRAVERSO, 2004).",Planejadores posteriores focaram em descrição de estados do domínio,,,mantém,baixa,"Afirmação genérica sobre o foco dos planejadores pós-STRIPS, sem conteúdo específico contestável além do já tratado em AF-063.",manter.,sem-numero
AF-065,B1-064,255,Planejamento automático,sobre-obra,"A partir do STRIPS, os planejadores passaram a ser desenvolvidos com a intenção de descrever estados de um domínio ou mundo (TONIDANDEL, 2003). Este planejador marcou o início da era clássica do planejamento automático, que durou até o fim dos anos 90 (GHALLAB, NAU e TRAVERSO, 2004).",STRIPS iniciou era clássica do planejamento que durou até anos 1990,,,mantém,media,Mesmo trecho de AF-063 (duplicidade de extração); classificação idêntica.,manter; sinalizar duplicidade ao Coordenador.,sem-numero
AF-066,B1-065,257,Planejamento automático,sobre-obra,"Então, foram criados os planejadores ABSTRIPS (SACERDOTI, 1974) e NOAH (SACERDOTI, 1977), que introduziram o conceito de planejamento hierárquico – HTN (Hierarchical Task Network).",STRIPS tinha deficiência em não considerar dependências entre sub-objetivos,,F4,mantém,baixa,"Atribuição histórica padrão (ABSTRIPS, Sacerdoti 1974; NOAH, Sacerdoti 1977, associados a planejamento hierárquico/HTN) não conferida em fonte primária pelo projeto, mas consistente com a literatura padrão de história da IA em planejamento.","conferir na fonte primária se for citar com mais detalhe (Sacerdoti 1974, 1977).",
AF-067,B1-066,257,Planejamento automático,sobre-obra,"Então, foram criados os planejadores ABSTRIPS (SACERDOTI, 1974) e NOAH (SACERDOTI, 1977)",ABSTRIPS e NOAH introduziram planejamento hierárquico (HTN),,F4,mantém,baixa,Mesmo conteúdo de AF-066 (duplicidade de extração); classificação idêntica.,manter; sinalizar duplicidade ao Coordenador.,
AF-068,B1-067,259,Planejamento automático,sobre-obra,"O planejador NOAH utilizava planejamento não-linear, o que lhe permitia tratar a dependência entre sub-objetivos de um plano. A partir do NOAH, Tate criou o planejador NONLIN (TATE, 1977), com a intenção de melhorar a qualidade dos planos gerados utilizando backtracking, descrições mais formais das ações de um domínio (“task formalism”) e introduzindo operadores para alterar planos já construídos (TONIDANDEL, 2003).",NOAH usava planejamento não-linear para lidar com dependências,,,mantém,baixa,"Atribuição histórica padrão (NOAH, planejamento não-linear) não conferida em fonte primária pelo projeto, mas consistente com a literatura padrão.",conferir na fonte primária se for citar com mais detalhe (Sacerdoti 1977).,
AF-069,B1-068,259,Planejamento automático,sobre-obra,"O planejador NOAH utilizava planejamento não-linear, o que lhe permitia tratar a dependência entre sub-objetivos de um plano. A partir do NOAH, Tate criou o planejador NONLIN (TATE, 1977), com a intenção de melhorar a qualidade dos planos gerados utilizando backtracking, descrições mais formais das ações de um domínio (“task formalism”) e introduzindo operadores para alterar planos já construídos (TONIDANDEL, 2003).",NONLIN foi evolução de NOAH focada em melhorar qualidade,,,mantém,baixa,"Atribuição histórica padrão (NONLIN como evolução do NOAH, Tate 1977) não conferida em fonte primária pelo projeto, mas consistente com a literatura padrão.",conferir na fonte primária se for citar com mais detalhe (Tate 1977).,
AF-070,B1-069,261,Planejamento automático,sobre-obra,"Durante os anos 80 foram criados outros planejadores, como o SIPE (WILKINS, 1983), TWEAK (CHAPMAN, 1987), PRODIGY (MINTON, 1988) e ABTWEAK (YANG e TENENBERG, 1990). Entretanto, nenhum deles apresentava técnicas mais eficientes e eficazes para resolver problemas genéricos de planejamento.",Vários planejadores foram criados nos anos 1980,,,reformula,baixa,[HIPÓTESE] O juízo de valor ('nenhum deles apresentava técnicas mais eficientes e eficazes') não vem acompanhado de comparação empírica nem citação de benchmark; é uma generalização não sustentada por evidência no próprio texto.,"qualificar ou remover o juízo de valor sobre SIPE/TWEAK/PRODIGY/ABTWEAK, ou apoiá-lo em fonte primária específica.",sem-numero
AF-071,B1-070,261,Planejamento automático,sobre-obra,"Entretanto, nenhum deles apresentava técnicas mais eficientes e eficazes para resolver problemas genéricos",Planejadores dos anos 1980 não foram significativamente superiores,,,reformula,baixa,Mesmo conteúdo de AF-070 (juízo de valor sem evidência); classificação idêntica.,mesma ação de AF-070.,
AF-072,B1-071,263,Planejamento automático,sobre-obra,"No início dos anos 90, surgiram os planejadores O-PLAN (CURRIE e TATE, 1991), SNLP (MCALLESTER e ROSENBLITT, 1991), POP (BARRET e WELD, 1992) e UCPOP (PENBERTHY e WELD, 1992), ainda baseados nas técnicas utilizadas pelo STRIPS e no planejamento hierárquico, porém impulsionados pela criação ADL (Action Description Language) (PEDNAULT, 1989).",Planejadores dos anos 1990 ainda baseavam-se em técnicas STRIPS,,F4,reformula,baixa,"[HIPÓTESE] SNLP, POP e UCPOP são geralmente descritos na literatura como planejadores POCL (partial-order causal-link/planejamento não-linear), não como planejadores 'hierárquicos' no sentido HTN; agrupá-los sob 'planejamento hierárquico' junto de O-Plan mistura dimensões técnicas distintas, no mesmo padrão de confusão identificado em A6/F4 (síntese E3, seção 4).",conferir na fonte primária de cada planejador (McAllester e Rosenblitt 1991; Barrett e Weld 1992; Penberthy e Weld 1992) se SNLP/POP/UCPOP são de fato descritos como hierárquicos; separar dimensão de busca (POCL) de dimensão hierárquica.,sem-numero
AF-073,B1-072,263,Planejamento automático,sobre-obra,"ADL (Action Description Language) (PEDNAULT, 1989). A ADL é uma linguagem de representação de domínios que estende a descrição de ações do STRIPS, permitindo, por exemplo, representar condições e quantificadores universais sobre os objetos de um domínio.",ADL estende STRIPS com condições e quantificadores,,,mantém,media,"[FATO] Definição correta de ADL (Pednault, 1989) como extensão do STRIPS com condições e quantificadores, amplamente aceita na literatura.",manter.,
AF-074,B1-073,265,Planejamento automático,sobre-obra,"Em 1992, Kaltz e Selman criaram o SATPLAN (SELMAN e KAUTZ, 1992), um planejador que traduz o problema de planejamento em um problema de satisfabilidade, resolvendo-o de acordo com as técnicas SAT (SELMAN, LEVESQUE e MITCHELL, 1992) (SELMAN, KAUTZ e COHEN, 1994).",SATPLAN foi criado em 1992 usando técnicas SAT,,,mantém,alta,"[FATO] Confirmado por fonte primária do projeto (kautz2006satplan*, nota de leitura): SatPlan é descrito como 'an updated version of the planning as satisfiability approach originally proposed in (Kautz & Selman 1992; 1996)', consistente com a criação do SATPLAN em 1992.",manter; citar kautz2006satplan como confirmação indireta.,
AF-075,B1-074,267,Planejamento automático,sobre-obra,"Em 1995, Blum e Furst criaram o Graphplan (BLUM e FURST, 1995).",Graphplan foi criado em 1995 usando abordagem baseada em grafos,,,mantém,alta,"[FATO] Graphplan (Blum e Furst, 1995) é amplamente documentado como marco da 'era neoclássica'; consistente com a descrição de LPG/gerevini2004lpgtd* e SATPlan/kautz2006satplan*, ambos derivados do grafo de planos.",manter.,
AF-076,B1-075,267,Planejamento automático,resultado,"A eficiência, eficácia e simplicidade do Graphplan estimularam a pesquisa e o desenvolvimento de novas técnicas de planejamento, dando início à era neoclássica do planejamento automático (GHALLAB, NAU e TRAVERSO, 2004).",Graphplan estimulou desenvolvimento e iniciou era neoclássica,,,mantém,media,"Framing consistente com Ghallab, Nau e Traverso (2004), já citado no texto, que atribui a Graphplan o início da era neoclássica.",manter.,
AF-077,B1-076,269,Planejamento automático,sobre-obra,"Em 1998, Bonet e Geffner (BONET e GEFFNER, 1998) criaram o planejador HSP (Heuristic Search Planning), que é um planejador baseado em busca heurística. O HSP utiliza o grafo e o algoritmo do caminho mínimo de Dijkstra (DIJKSTRA, 1959), determinando o valor da heurística de cada nó através do algoritmo A* (HART, NILSSON e RAPHAEL, 1972).",HSP foi criado em 1998 usando busca heurística,,,mantém,alta,"[FATO] HSP (Bonet e Geffner, 1998/2001) é amplamente documentado como planejador pioneiro de busca heurística baseada em A*/Dijkstra sobre problema relaxado.",manter.,
AF-078,B1-077,271,Planejamento automático,sobre-obra,"Em 1999, Kautz e Selman criaram o Blackbox (KAUTZ e SELMAN, 1999), um planejador que utiliza a técnica do SATPLAN e do Graphplan em conjunto.",Blackbox combinava técnicas SATPLAN e Graphplan,,,mantém,alta,"[FATO] Confirmado por fonte primária do projeto (kautz1999unifying*, nota de leitura/fontes-planejadores.csv): 'The Blackbox planning system unifies the planning as satisfiability framework (Kautz and Selman 1992, 1996) with the plan graph approach to STRIPS planning (Blum and Furst 1995)' — exatamente a combinação SATPLAN + Graphplan descrita no trecho.",manter; citar kautz1999unifying.,
AF-079,B1-078,273,Planejamento automático,sobre-obra,"Em 2000, Hoffmann e Nebel criaram o planejador FF (Fast-Forward) (HOFFMANN e NEBEL, 2001), considerado o melhor sistema de planejamento até então. O FF utiliza o Graphplan, porém a heurística é calculada de forma mais detalhada, através de um plano relaxado. A busca heurística é feita através do algoritmo Enforced Hill-climbing ao invés do A*.",FF foi criado em 2000 e considerado melhor planejador de sua época,,,mantém,alta,"[FATO] Confirmado por fonte primária do projeto (hoffmann2001ff*, fontes-planejadores.csv): FF usa busca progressiva com Enforced Hill-Climbing e heurística de plano relaxado extraída de um grafo de planos — a frase distingue corretamente o uso do grafo de planos (heurística) da busca (EHC, não A*), ao contrário da classificação posterior 'Graph-based' isolada. 'Considerado o melhor... até então' situa a afirmação no tempo (2000), como pede a regra de desempate.",manter; citar hoffmann2001ff.,
AF-080,B1-079,273,Planejamento automático,sobre-obra,"Em 2000, Hoffmann e Nebel criaram o planejador FF (Fast-Forward) (HOFFMANN e NEBEL, 2001), considerado o melhor sistema de planejamento até então. O FF utiliza o Graphplan, porém a heurística é calculada de forma mais detalhada, através de um plano relaxado. A busca heurística é feita através do algoritmo Enforced Hill-climbing ao invés do A*.",FF melhorou heurística usando plano relaxado,,,mantém,alta,"[FATO] Mesmo conteúdo de AF-079 (heurística via plano relaxado), confirmado pela mesma fonte primária (hoffmann2001ff*).",manter.,
AF-081,B1-080,275,Planejamento automático,sobre-obra,"Em 2002, foram criados os planejadores LPG (GEREVINI e SERINA, 2002), que utiliza as técnicas do Graphplan em conjunto com busca heurística, e o METRIC-FF (HOFFMANN, 2002), uma evolução do planejador FF que trata restrições numéricas e funções de otimização.",LPG foi criado em 2002 combinando Graphplan e busca heurística,,,mantém,media,"[FATO parcial] Consistente com a fonte primária do projeto para versões posteriores do LPG (gerevini2004lpgtd*): busca local sobre 'action graphs' derivados do grafo de planos, combinada com heurísticas específicas — compatível com 'técnicas do Graphplan em conjunto com busca heurística'.","manter; citar gerevini2004lpgtd, notando que a fonte verificada no projeto é da versão LPG-TD (2004), não da versão original de 2002.",
AF-082,B1-081,275,Planejamento automático,sobre-obra,"Em 2002, foram criados os planejadores LPG (GEREVINI e SERINA, 2002), que utiliza as técnicas do Graphplan em conjunto com busca heurística, e o METRIC-FF (HOFFMANN, 2002), uma evolução do planejador FF que trata restrições numéricas e funções de otimização.",METRIC-FF estendeu FF para restrições numéricas,,,mantém,baixa,"METRIC-FF como extensão numérica do FF (Hoffmann, 2003) é fato bem documentado na literatura de planejamento, embora não haja nota de leitura própria no projeto para essa obra específica.","manter; sem chave própria no candidatas.bib para Metric-FF, não citar formalmente até haver fonte lida.",
AF-083,B1-082,277,Planejamento automático,sobre-obra,"Em 2004, Helmert criou o FAST DOWNWARD (HELMERT, 2006), que utiliza decomposição hierárquica de tarefas de planejamento para computar sua função heurística, diferente dos algoritmos baseados no HSP. Também foi criado o SGPLAN (CHEN, HSU e WAH, 2004), que cria plano dividindo um problema para resolvê-lo em partes.",Fast Downward usava decomposição hierárquica para heurística,,A6,mantém,alta,"[FATO] Confirmado com precisão pela fonte primária do projeto (helmert2006fast*, fontes-planejadores.csv): a 'decomposição hierárquica' do Fast Downward serve apenas para computar a heurística causal, não é o algoritmo de busca (que é busca heurística de progressão). Este trecho já qualifica corretamente esse ponto ('para computar sua função heurística'), ao contrário da tabela de taxonomia (A6), que classifica Fast Downward simplesmente como 'Hierarchical' sem essa ressalva — evidência a favor da correção de A6 (síntese E3, seção 4).","manter; usar este trecho como base para corrigir a tabela de taxonomia técnica (A6) em outro ponto do texto, citando helmert2006fast.",
AF-084,B1-083,277,Planejamento automático,sobre-obra,"Em 2004, Helmert criou o FAST DOWNWARD (HELMERT, 2006), que utiliza decomposição hierárquica de tarefas de planejamento para computar sua função heurística, diferente dos algoritmos baseados no HSP. Também foi criado o SGPLAN (CHEN, HSU e WAH, 2004), que cria plano dividindo um problema para resolvê-lo em partes.",SGPLAN usava divisão do problema em partes,,,mantém,media,"[FATO parcial] Consistente com a fonte primária do projeto para SGPlan (chen2006temporal*, versão 2006): particionamento do problema em subproblemas por subobjetivo ('subgoal partitioning'), compatível com 'dividindo um problema para resolvê-lo em partes'.","manter; citar chen2006temporal, notando que a fonte verificada no projeto é da versão 2006, não da de 2004 citada no texto original.",
AF-085,B1-084,279,Planejamento automático,sobre-obra,"Em 2006, último ano do período que compreende o surgimento dos domínios e planejadores estudados nesta dissertação, foi criado o MAXPLAN (XING, CHEN e ZHANG, 2006). Este planejador utiliza a exclusão mútua (ações de um plano que são conflitantes e que não podem ocorrer juntas) de longa distância (londex) para melhorar o processo de geração de planos.",MAXPLAN usava exclusão mútua de longa distância,,,mantém,alta,"[FATO] Confirmado pela fonte primária do projeto (xing2006maxplan*, fontes-planejadores.csv): MAXPLAN usa 'formulação de domínio multivalorado (MDF) para mutex de longo alcance (londex)', exatamente como descrito no trecho.",manter; citar xing2006maxplan.,
AF-086,B1-085,283,Competições internacionais de planejamento,resultado,"Um grande estímulo para a criação e evolução dos planejadores da era neoclássica do planejamento automático veio das competições internacionais de planejamento. Essa competição coloca a prova sistemas de planejamento e suas técnicas, propondo a resolução de problemas em diversos tipos de domínios.",Competições estimularam desenvolvimento de planejadores neoclássicos,,,mantém,media,Consistente com a trajetória descrita na síntese E3 (seção 3): as IPCs estimularam sucessivas gerações de planejadores entre 1998 e 2006 e além.,manter.,
AF-087,B1-086,287,Competições internacionais de planejamento,numerica,"Na primeira edição da competição internacional de planejamento, realizada em 1998, foram realizadas três rodadas (rounds) de planejamento. Os planejadores IPP e SGP competiram em domínios modelados em ADL. Quatro planejadores, Blackbox, HSP, IPP, e STAN competiram em domínios modelados em STRIPS.",Primeira competição teve três rodadas com IPP e SGP em domínios ADL,,,mantém,alta,"[FATO] Confirmado em https://ipc98.icaps-conference.org/: 'Round 2 focused on Strips problems with all four Strips planners (Blackbox, HSP, IPP, and STAN) as finalists'; a trilha ADL teve IPP declarado vencedor, compatível com a menção a IPP e SGP em ADL.",manter; citar a URL.,fonte-externa
AF-088,B1-087,287,Competições internacionais de planejamento,numerica,"Quatro planejadores, Blackbox, HSP, IPP, e STAN competiram em domínios modelados em STRIPS.",Quatro planejadores competiram em domínios STRIPS na primeira edição,,,mantém,alta,"[FATO] Mesmo conteúdo de AF-087, confirmado na mesma fonte primária.",manter.,fonte-externa
AF-089,B1-088,289,Competições internacionais de planejamento,resultado,ficou constatado que os dois sistemas de planejamento vencedores foram o IPP e o Blackbox.,IPP e Blackbox foram vencedores da primeira competição,,,reformula,alta,"REVISÃO DO COORDENADOR (era descarta): o núcleo — IPP e Blackbox entre os melhores da IPC 1998 — se sustenta; o erro é chamá-los de ""vencedores"". [FATO] A página oficial diz ""it is really hard to declare a winner"" e só a trilha ADL teve vencedor declarado (IPP) (https://ipc98.icaps-conference.org/, conferido pelo Coordenador em 23/09/2026). [FATO] Diretamente contrariado pela fonte primária (https://ipc98.icaps-conference.org/): o comitê declarou 'it is really hard to declare a winner' e explicitamente 'avoid[ed] assigning a single number and declaring a winner'. Apenas a trilha ADL teve vencedor declarado (IPP); não houve dois 'vencedores' gerais.",substituir por descrição fiel: comitê evitou declarar vencedor geral; IPP venceu a trilha ADL; Blackbox foi o mais rápido na primeira rodada. Citar https://ipc98.icaps-conference.org/.,sem-numero
AF-090,B1-089,291,Competições internacionais de planejamento,resultado,"No primeiro round, com domínios modelados em ADL, o planejador IPP venceu o planejador SGP em quase todos os problemas propostos nos domínios Gripper, Logistics, Movie, Mprime e Mystery. Porém, no problema MOVIE-X-5, o planejador SGP foi melhor do que o IPP, obtendo um plano do mesmo tamanho (sete passos) na metade do tempo (dez segundos).",IPP venceu SGP na maioria dos problemas do primeiro round,,,reformula,baixa,"Resultado detalhado por problema (IPP vs. SGP, domínios específicos, exceção MOVIE-X-5) não verificado em fonte primária consultada neste nível de detalhe.","conferir na fonte primária (ipc98.icaps-conference.org, resultados detalhados do round 1 ADL).",sem-numero
AF-091,B1-090,291,Competições internacionais de planejamento,resultado,"No primeiro round, com domínios modelados em ADL, o planejador IPP venceu o planejador SGP em quase todos os problemas propostos nos domínios Gripper, Logistics, Movie, Mprime e Mystery. Porém, no problema MOVIE-X-5, o planejador SGP foi melhor do que o IPP, obtendo um plano do mesmo tamanho (sete passos) na metade do tempo (dez segundos).",SGP foi melhor em MOVIE-X-5 por ser mais rápido,,,reformula,baixa,Mesmo trecho de AF-090 (duplicidade de extração); mesma situação de verificação.,mesma ação de AF-090; sinalizar duplicidade ao Coordenador.,sem-numero
AF-092,B1-091,293,Competições internacionais de planejamento,resultado,"Já no primeiro round com domínios modelados em STRIPS, o planejador HSP somou o maior número de pontos.",HSP teve maior pontuação no round STRIPS,,,reformula,baixa,Resultado detalhado (HSP com mais pontos no round STRIPS) não verificado em fonte primária consultada neste nível de detalhe.,"conferir na fonte primária (ipc98.icaps-conference.org, resultados detalhados do round 1 STRIPS).",
AF-093,B1-092,293,Competições internacionais de planejamento,resultado,"Em problemas do domínio Gripper, o planejador HSP obteve seus melhores resultados. Entretanto, nos problemas STRIPS-GRIPPER-X-1 e STRIPS-GRIPPER-X-2 o planejador ficou na última e penúltima colocação, respectivamente.",HSP foi superado em vários domínios do primeiro round STRIPS,,,reformula,baixa,Resultado detalhado por problema específico (STRIPS-GRIPPER-X-1/X-2) não verificado em fonte primária consultada.,"conferir na fonte primária (ipc98.icaps-conference.org, resultados detalhados, domínio Gripper).",sem-numero
AF-094,B1-093,293,Competições internacionais de planejamento,resultado,"Em problemas do domínio Gripper, o planejador HSP obteve seus melhores resultados. Entretanto, nos problemas STRIPS-GRIPPER-X-1 e STRIPS-GRIPPER-X-2 o planejador ficou na última e penúltima colocação, respectivamente.",HSP tinha desempenho inconsistente no domínio Gripper,,,reformula,baixa,Mesmo trecho de AF-093 (duplicidade de extração); mesma situação de verificação.,mesma ação de AF-093; sinalizar duplicidade ao Coordenador.,sem-numero
AF-095,B1-094,295,Competições internacionais de planejamento,resultado,"No segundo round com domínios modelados em STRIPS, o grande vencedor foi o planejador IPP. Porém, apesar de ter somado mais pontos em relação aos outros planejadores, nos problemas do domínio Grid, este planejador não conseguiu gerar nenhum plano.",IPP venceu segundo round mas falhou completamente em Grid,,,reformula,baixa,"[FATO parcial] Fonte geral confirma 'IPP solved more problems than any other program and found shorter plans', compatível com IPP como destaque no round 2 STRIPS; o detalhe específico (falha total no domínio Grid) não foi verificado.","conferir o detalhe do domínio Grid na fonte primária (ipc98.icaps-conference.org, resultados round 2 STRIPS).",
AF-096,B1-095,297,Competições internacionais de planejamento,numerica,"Dois anos depois, em 2000, na segunda competição internacional de planejamento (BACCHUS, 2000), participaram quinze sistemas",Segunda competição em 2000 teve 15 sistemas participantes,,,mantém,alta,"[FATO] Confirmado: 'Fifteen planners competed' na AIPS-2000 (ipc00/ipc04.icaps-conference.org), compatível com a lista de 15-16 planejadores no Roll of Honour.",manter; citar a URL.,fonte-externa
AF-097,B1-096,297,Competições internacionais de planejamento,resultado,Os resultados desta competição foram obtidos através de duas medidas: tempo de geração do plano e número de passos do plano gerado. Os sistemas de planejamento que se destacaram foram o FF e o System R.,FF e System R tiveram melhor desempenho na segunda competição,,,reformula,media,"[FATO parcial] FF confirmado com desempenho distinto (Distinguished Performance, Schindler Award) na AIPS-2000; o destaque específico do System R e o critério exato de 'duas medidas' (tempo e nº de passos) não foram verificados de forma independente na fonte primária consultada.",confirmar na fonte primária (ipc00.icaps-conference.org) os critérios de avaliação e o desempenho específico do System R.,sem-numero
AF-098,B1-097,299,Competições internacionais de planejamento,resultado,"No entanto, esses dois sistemas de planejamento tiveram comportamentos diferentes, em diferentes domínios.",FF e System R tinham desempenho inconsistente entre domínios,,A1,mantém,media,Consistente com o padrão geral confirmado por E1/E3: mesmo planejadores fortes têm comportamento desigual entre domínios.,manter.,sem-numero
AF-099,B1-098,305,Competições internacionais de planejamento,resultado,"System R apresentou um excelente desempenho no domínio do mundo de blocos, gerando planos num tempo razoável de acordo com o crescimento da dificuldade do problema. Em contrapartida, o planejador FF não conseguiu resolver alguns problemas no mesmo domínio, apesar de ter sido mais rápido nos problemas que conseguiu resolver.",System R foi superior a FF no domínio Blocks World,,,reformula,baixa,"Comparação detalhada específica (System R excelente em Blocks World; FF não resolveu alguns problemas, mas mais rápido nos que resolveu) não verificada em fonte primária consultada neste nível de detalhe.","conferir na fonte primária (ipc00.icaps-conference.org, resultados detalhados do domínio Blocks World).",
AF-100,B1-099,311,Competições internacionais de planejamento,resultado,"Apesar do planejador FF não ter conseguido gerar planos para todos os problemas propostos no mundo de blocos, os planos gerados por ele foram similares aos planos gerados pelo planejador System R. O gráfico da figura 4 mostra o número de passos que cada plano gerado contêm:",Planos do FF eram similares aos de System R em qualidade,,,mantém,baixa,"Descrição do que a própria Figura 4 da dissertação mostra (comparação de nº de passos dos planos); não verificável sem acesso à figura original, mas é descrição de conteúdo próprio, não de fonte externa.","conferir a Figura 4 original ao revisar o capítulo, se a tabela de dados subjacente for reconstruída na Fase 3.",sem-numero
AF-101,B1-100,317,Competições internacionais de planejamento,resultado,"Já na terceira edição da competição internacional de planejamento, realizada em 2002, os planejadores que obtiveram","FF, LPG e MIPS foram melhores na terceira competição",linha 135,,reformula,media,"[FATO parcial] O Roll of Honour da IPC02 (ipc04.icaps-conference.org/deterministic/rollofhonour.html) registra MIPS como vencedor automático e LPG como melhor estreante automática; FF não aparece como premiado formal nessa página, embora seja citado na literatura como planejador forte da edição.","reformular para distinguir prêmios oficiais (MIPS, LPG) de caracterização geral de bom desempenho (que inclui FF); mesma observação de AF-024.",
AF-102,B1-101,317,Competições internacionais de planejamento,resultado,"FF, LPG e o MIPS. Nos resultados desta competição (FOX e LONG, 2002), observou-se um equilíbrio um pouco maior na eficiência dos planejadores. O planejador FF foi o mais rápido na maior parte dos domínios, seguido sempre pelo LPG neste quesito de desempenho.",FF foi mais rápido que LPG na maioria dos domínios,,,reformula,baixa,Comparação específica de velocidade (FF mais rápido que LPG na maioria dos domínios) não verificada em fonte primária consultada.,"conferir na fonte primária (Fox e Long, 'The 3rd International Planning Competition: Results and Analysis', arXiv:1106.5998).",
AF-103,B1-102,319,Competições internacionais de planejamento,resultado,"Para um número pequeno de instâncias, o planejador FF levou um tempo maior para gerar os planos, enquanto os planejadores LPG e Simplanner foram mais rápidos. Porém, para um número maior de instâncias dentro do domínio, o FF mostrou um desempenho melhor em relação aos outros planejadores.",LPG foi mais eficiente em instâncias pequenas de Depots,,,reformula,baixa,"Padrão de desempenho por tamanho de instância em Depots (LPG/Simplanner mais rápidos em instâncias pequenas, FF melhor em grandes) não verificado em fonte primária consultada.","conferir na fonte primária (mesma referência de AF-102, domínio Depots).",
AF-104,B1-103,325,Competições internacionais de planejamento,resultado,"No domínio DriverLog, conforme mostra o gráfico da figura 6, o planejador FF teve um desempenho melhor","FF foi melhor que LPG para instâncias pequenas, LPG para grandes",,,reformula,baixa,Trecho truncado na extração (linha 325); não há contexto suficiente para confirmar a comparação FF/LPG em DriverLog por tamanho de instância.,"reler o parágrafo completo (linha 325) e conferir na fonte primária (mesma referência de AF-102, domínio DriverLog).",sem-numero
AF-105,B1-104,331,Competições internacionais de planejamento,resultado,"Em 2004, foi realizada a quarta competição internacional de planejamento (EDELKAMP, HOFFMANN e LITTMAN, 2004).",Seis planejadores tiveram destaque na quarta competição,linha 137,,mantém,alta,[FATO] A quarta IPC de fato ocorreu em 2004 (ipc04.icaps-conference.org).,manter.,
AF-106,B1-105,337,Competições internacionais de planejamento,resultado,"No domínio Pipesworld, por exemplo, os planejadores Fast Downward / Fast Diagonally Downward foram mais eficientes na geração de planos do que o planejador LPG, conforme ilustra o gráfico da figura 7.",Fast Downward foi melhor que LPG em Pipesworld,,,reformula,media,"[FATO parcial] A fonte primária (JAIR, 'The Deterministic Part of IPC-4') confirma que Fast Downward teve taxa de sucesso melhor que LPG-TD e SGPlan de forma geral, mas a comparação específica com LPG no domínio Pipesworld não foi confirmada nesses termos; a exceção citada na fonte para Pipesworld é sobre planos longos do YAHSP, não sobre Fast Downward vs. LPG.","conferir o dado específico de Pipesworld na fonte primária (jair.org, 'The Deterministic Part of IPC-4: An Overview'; ipc04.icaps-conference.org/deterministic/results.html).",sem-numero
AF-107,B1-106,339,Competições internacionais de planejamento,resultado,"Na quinta edição da competição internacional de planejamento (GEREVINI, BONET e GIVAN, 2006), realizada em 2006, os planejadores que obtiveram melhor desempenho foram: SATPLAN, MAXPLAN e SGPLAN5. Assim como nas outras competições, também foi notado um comportamento diferente entre planejadores e domínios nos resultados da competição.","SATPLAN, MAXPLAN e SGPLAN5 foram melhores na quinta competição",linha 139,A1,mantém,alta,[FATO] Confirmado em ipc06.icaps-conference.org/deterministic/rollofhonour.html: SATPLAN e MaxPlan dividiram o 1º prêmio na trilha ótima; SGPlan (SGPLAN5) venceu a trilha satisficing. O 'comportamento diferente entre planejadores e domínios' é consistente com A1/A3.,manter; citar a URL do Roll of Honour da IPC-5.,sem-numero
AF-108,B1-107,341,Competições internacionais de planejamento,numerica,"Neste domínio, em 30 problemas, o planejador SATPLAN conseguiu resolver 24 problemas.",SATPLAN resolveu significativamente mais problemas que MAXPLAN em TPP,,,reformula,baixa,"Número absoluto específico (SATPLAN 24/30 problemas em domínio não identificado com precisão no trecho extraído, provavelmente TPP pela linha) não verificado em fonte primária consultada.","conferir na fonte primária (ipc06.icaps-conference.org/deterministic/results.html, domínio TPP) e reler o parágrafo completo (linha 341) para confirmar o domínio.",fonte-externa
AF-109,B1-108,341,Competições internacionais de planejamento,numerica,"em 30 problemas do domínio Pathways, o planejador MAXPLAN resolveu 15 problemas",MAXPLAN teve desempenho inverso em Pathways,,,reformula,baixa,Número absoluto específico (MAXPLAN 15/30 em Pathways) não verificado em fonte primária consultada.,"conferir na fonte primária (ipc06.icaps-conference.org/deterministic/results.html, domínio Pathways).",fonte-externa
AF-110,B1-109,351,Competições internacionais de planejamento,resultado,"A análise dos gráficos dos resultados mostra que, mesmo com novas técnicas, evolução dos planejadores já existentes, novos planejadores e a utilização de novos domínios nas competições internacionais de planejamento, a eficiência dos planejadores em resolver problemas de planejamento continua apresentando comportamento peculiar.",Diferenças de desempenho entre planejadores persistem através das competições,,A1;A3,mantém,media,"Conclusão de síntese consistente com achados posteriores da literatura: mesmo quinze anos depois e com muito mais planejadores/domínios, nenhum planejador domina todas as trilhas (síntese E3, IPC-2023) [@taitler2024international].",manter; citar taitler2024international como confirmação de que o padrão persiste.,
AF-111,B1-110,353,Competições internacionais de planejamento,resultado,"Além da influência dos domínios, a eficiência destes planejadores está relacionada com as técnicas utilizadas por eles para a criação dos planos. Essas técnicas caracterizam o processo de planejamento e representam o método para a criação automática de planos.",Técnicas de planejamento determinam eficiência relativa,,A1,mantém,media,"Frase de transição que resume a tese central (técnicas afetam eficiência), coerente com A1; a validade da taxonomia específica de técnicas (A2/A6) é tratada separadamente, fora desta faixa de IDs.",manter.,
AF-112,B1B-001,357,Técnicas de planejamento,estado-do-campo,"Do STRIPS até os planejadores mais recentes, como o FF e o MAXPLAN, diversas técnicas e estratégias de planejamento foram criadas.",Diversas técnicas e estratégias de planejamento surgiram do STRIPS até planejadores recentes como FF e MAXPLAN.,,,mantém,alta,"Afirmação de contexto histórico geral, correta e sem risco de confusão: várias técnicas de planejamento surgiram desde o STRIPS até planejadores como FF e MAXPLAN.",manter,
AF-113,B1B-002,357,Técnicas de planejamento,estado-do-campo,"Sozinhas ou utilizadas em conjunto, essas técnicas foram concebidas e aprimoradas com um único intuito: gerar planos com eficiência, eficácia e em menos tempo.","As técnicas de planejamento, sozinhas ou combinadas, visam gerar planos com eficiência, eficácia e menos tempo.",,,mantém,alta,"Afirmação genérica sobre o objetivo das técnicas de planejamento (eficiência, eficácia, tempo), coerente com a literatura de planejamento clássico.",manter,
AF-114,B1B-003,359,Técnicas de planejamento,classificacao,"essas técnicas estão relacionadas com o tipo de estrutura utilizada para representar o espaço de busca, com o conteúdo que forma o espaço de busca, com a direção de navegação (do estado inicial para o final ou do estado final para o inicial), estratégias e heurísticas usadas nas buscas e com a forma que o plano é construído durante o processo de planejamento.","O texto lista as dimensões que organizam a classificação das técnicas de planejamento: estrutura, conteúdo e direção de navegação do espaço de busca, estratégias/heurísticas e forma de construção do plano.",,A6;F4,reformula,media,"O texto já antecipa múltiplas dimensões (estrutura do espaço de busca, conteúdo, direção, heurísticas, forma de construção do plano) sem separá-las claramente, raiz da mistura de dimensões criticada em A6/F4.","reorganizar segundo as quatro dimensões decididas pelo autor (busca, heurística, representação, arquitetura; ver insumos-fase1 seção 5.1)",
AF-115,B1B-004,361,Técnicas de planejamento,estado-do-campo,O planejamento automático é essencialmente um problema de busca.,O planejamento automático é definido como essencialmente um problema de busca.,,,mantém,alta,"Definição padrão e não controversa de planejamento automático como problema de busca, consistente com toda a literatura de IA de planejamento.",manter,
AF-116,B1B-005,361,Técnicas de planejamento,estado-do-campo,Decidir como representar o espaço de busca é fundamental para facilitar a geração de planos.,A representação do espaço de busca é apontada como fundamental para a geração de planos.,,,mantém,alta,Afirmação genérica e correta sobre a importância da representação do espaço de busca.,manter,
AF-117,B1B-006,363,Técnicas de planejamento,classificacao,"Sistemas de planejamento que utilizam técnicas de representação Graph-based (baseada em grafos) constroem um grafo onde os nós são os estados do domínio e as arestas representam as ações que fazem a transição entre estados (BLUM e FURST, 1995).",Define a técnica Graph-based: grafo com nós como estados do domínio e arestas como ações de transição.,"BLUM e FURST, 1995",A6;F4,reformula,media,"A definição de ""Graph-based"" (nós = estados do domínio, arestas = ações) confunde o grafo de planejamento de Blum e Furst (1995), estruturado em camadas alternadas de proposições e ações para evitar a enumeração explícita do espaço de estados, com um grafo de transição de estados — a mesma estrutura descrita em AF-119 para State-space. As notas kautz1999unifying* e koehler1997extending* confirmam Blackbox/IPP como ""grafo de planos"" distinto de busca no espaço de estados.","corrigir a definição de Graph-based (grafo de planos em camadas de proposições/ações, não grafo de transição de estados) e distinguir claramente de State-space",
AF-118,B1B-007,363,Técnicas de planejamento,classificacao,"Se existir um plano que resolva o problema de planejamento, este será um sub-grafo do grafo construído.",Um plano solução é descrito como um sub-grafo do grafo construído pela técnica Graph-based.,,,mantém,media,"Afirmação verdadeira para a estrutura real do grafo de planos do GraphPlan (um plano solução é extraído como sub-estrutura do grafo em camadas), independente do erro de definição de AF-117.","manter, ajustando a explicação de ""grafo"" em conjunto com a correção de AF-117",
AF-119,B1B-008,365,Técnicas de planejamento,classificacao,Planejadores state-space criam uma árvore de busca onde os nós e folhas (vértices) são estados do domínio e os ramos (arestas) são as ações que fazem a transição entre estados.,Define planejadores state-space: árvore de busca cujos nós/folhas são estados e ramos são ações de transição.,,,mantém,alta,"Definição padrão e correta de planejamento state-space (árvore/grafo de busca sobre estados, arestas = ações), consistente com as notas dos planejadores FF, Fast Downward e Blackbox (fontes-planejadores.csv).",manter,
AF-120,B1B-009,365,Técnicas de planejamento,classificacao,"nos planejadores plan-space, os nós e folhas (vértices) da árvore de busca são planos parciais e os ramos (arestas) são procedimentos de refinamento desses planos (TONIDANDEL, 2003).",Define planejadores plan-space: nós/folhas são planos parciais e ramos são procedimentos de refinamento.,"TONIDANDEL, 2003",,mantém,media,"Definição padrão de planejamento plan-space (nós = planos parciais, arestas = refinamentos), citando Tonidandel (2003), fonte primária não disponível no corpus, mas conteúdo consistente com a nota gerevini2004lpgtd* (LPG confirmado como Plan-Space).","manter; se possível, conferir Tonidandel (2003) na fonte primária",
AF-121,B1B-010,367,Técnicas de planejamento,classificacao,"Existem também sistemas de planejamento que utilizam decomposição hierárquica de tarefas em sub-tarefas (Hierarchical Task Network - HTN), refinando o plano inicial para facilitar a busca pelo plano final.","Define a técnica HTN: decomposição hierárquica de tarefas em sub-tarefas, refinando o plano inicial.",,,mantém,alta,"Definição padrão e correta de HTN (decomposição hierárquica de tarefas em sub-tarefas), conceito bem estabelecido na literatura de planejamento.",manter,
AF-122,B1B-011,367,Técnicas de planejamento,metodo,"Neste trabalho são considerados apenas planejadores que não necessitam de uma representação hierárquica das tarefas de um domínio, mas que determinam a hierarquia das tarefas durante o processo de planejamento.","A dissertação delimita seu escopo a planejadores que não exigem representação hierárquica prévia das tarefas, determinando a hierarquia durante o planejamento.",,A6;F4,reformula,media,"O critério de inclusão (""planejadores que determinam a hierarquia das tarefas durante o processo de planejamento"") não distingue decomposição hierárquica como algoritmo de busca (HTN) de decomposição hierárquica usada apenas para calcular uma heurística — caso do Fast Downward, cujo ""Hierarchical"" na Tabela 4 vem só da heurística de grafo causal, não da busca (nota helmert2006fast, achado central de A6).","esclarecer a distinção busca hierárquica × heurística com decomposição hierárquica; situar Fast Downward na dimensão heurística, não arquitetura/busca",
AF-123,B1B-012,369,Técnicas de planejamento,classificacao,"Já planejadores SAT-based, convertem um problema de planejamento em um problema de satisfabilidade, encontrando primeiro uma solução para este problema e depois convertendo novamente o resultado para gerar um plano (KAUTZ, SELMAN e HOFFMANN, 2006).",Define planejadores SAT-based: convertem o problema de planejamento em problema de satisfabilidade.,"KAUTZ, SELMAN e HOFFMANN, 2006",,mantém,alta,"Definição de SAT-based confirmada diretamente pela fonte primária do SATPlan: ""construção de grafo de planos... tradução para cláusulas SAT, resolução por SAT-solver genérico"" (fontes-planejadores.csv, kautz2006satplan*).",manter,
AF-124,B1B-013,371,Técnicas de planejamento,classificacao,Um planejador de ordem total (total-order) não altera o plano já construído durante a execução do planejamento.,Define planejador de ordem total (total-order): não altera o plano já construído.,,,mantém,alta,"Definição padrão e correta de planejamento de ordem total, conceito bem estabelecido na literatura de planejamento clássico.",manter,
AF-125,B1B-014,371,Técnicas de planejamento,classificacao,"Esta abordagem pode impedir que uma solução, ou as melhores soluções, sejam encontradas (TONIDANDEL, 2003).","A abordagem de ordem total pode impedir que uma solução, ou as melhores soluções, sejam encontradas.","TONIDANDEL, 2003 (repetição, ver linha 365)",,mantém,media,"Crítica padrão à ordem total (compromisso prematuro pode impedir soluções ou as melhores soluções) é conhecimento estabelecido na área; fonte primária citada (Tonidandel, 2003) não está no corpus e não foi conferida.","se possível, conferir Tonidandel (2003) na fonte primária",
AF-126,B1B-015,373,Técnicas de planejamento,classificacao,"um planejador de ordem parcial (partial-order) insere, retira ou troca a ordem de ações de um plano enquanto o constrói.","Define planejador de ordem parcial (partial-order): insere, retira ou troca a ordem de ações durante a construção do plano.",,,mantém,alta,Definição padrão e correta de planejamento de ordem parcial.,manter,
AF-127,B1B-016,373,Técnicas de planejamento,sobre-obra,“esses vínculos garantem que sub-objetivos satisfeitos permaneçam satisfeitos durante o restante do planejamento e do refinamento do plano parcial que está sendo construído”.,Citação direta de Tonidandel (2003) sobre a função dos vínculos causais no planejamento de ordem parcial.,Tonidandel (2003) [citação direta],,reformula,baixa,Citação direta de Tonidandel (2003) sobre vínculos causais; a fonte primária não está no corpus do projeto e não pôde ser conferida — regra de desempate da seção 2 das instruções para afirmação sobre obra não conferível.,"conferir a citação direta na fonte primária (Tonidandel, 2003) antes de manter no texto revisado",
AF-128,B1B-017,375,Técnicas de planejamento,classificacao,"Sistemas de planejamento que utilizam forward-chaining (HOFFMANN e NEBEL, 2001) têm como estratégia de geração de plano executar ações a partir de um estado inicial, gerando novos estados até alcançar o estado objetivo.",Define forward-chaining: gera plano executando ações do estado inicial até o objetivo.,"HOFFMANN e NEBEL, 2001",,mantém,alta,"Definição de forward-chaining confirmada diretamente pela fonte primária do FF: ""busca progressiva no espaço de estados (forward state space search)"" (fontes-planejadores.csv, hoffmann2001ff*).",manter,
AF-129,B1B-018,375,Técnicas de planejamento,classificacao,"os planejadores que utilizam backward-chaining (LIN, 2001) partem da solução do problema (estado objetivo) e tentam descobrir as possíveis ações que levaram até aquele estado, definindo estados anteriores até atingir o estado inicial do problema.",Define backward-chaining: parte do estado objetivo e retrocede até o estado inicial.,"LIN, 2001",A6;F4,reformula,alta,"[FATO] A nota lin2001planner* (fonte primária do System R) descreve o planejador como ""forward-chaining, recursive STRIPS"" e afirma explicitamente que ""backward-chaining"" não tem respaldo direto — a subobjetivação recursiva é regressão de metas dentro da mesma busca forward, não uma técnica separada e coexistente. A definição geral de backward-chaining é válida como conceito, mas o exemplo/citação (LIN, 2001) está incorreto.","remover System R/Lin (2001) como exemplo de backward-chaining; manter a definição geral do conceito, mas registrar que nenhum dos 10 planejadores estudados implementa backward-chaining puro",
AF-130,B1B-019,377,Técnicas de planejamento,classificacao,Muitos planejadores utilizam busca heurística (heuristic search) para tornar o processo de descoberta de um plano mais rápido.,A busca heurística é usada por muitos planejadores para acelerar a descoberta de um plano.,,,mantém,alta,Afirmação genérica e correta sobre o uso de busca heurística em planejamento.,manter,
AF-131,B1B-020,377,Técnicas de planejamento,sobre-obra,"os planejadores HSP  (BONET e GEFFNER, 1998) e FF  (HOFFMANN e NEBEL, 2001) utilizam os algoritmos de busca heurística A* e Enforced Hill-climbing, respectivamente, para encontrar um plano direcionando a busca dentro de um espaço de estados possíveis.",HSP usa A* e FF usa Enforced Hill-climbing como algoritmos de busca heurística.,"BONET e GEFFNER, 1998; HOFFMANN e NEBEL, 2001 (repetição, ver linha 375)",,reformula,media,"A parte sobre FF+Enforced Hill-climbing é confirmada com alta confiança pela fonte primária (hoffmann2001ff*, fontes-planejadores.csv). A parte sobre HSP+A* cita Bonet e Geffner (1998), obra sem nota no corpus e não conferida na fonte primária.","manter a parte sobre FF; marcar a parte sobre HSP como ""conferir na fonte primária"" (Bonet e Geffner, 1998)",
AF-132,B1B-021,379,Técnicas de planejamento,classificacao,"os planejadores knowledge-based (VIDAL, 2002), que utilizam qualquer conhecimento prévio de um domínio para resolver o problema de planejamento.",Define planejadores knowledge-based: usam conhecimento prévio do domínio para resolver o problema.,"VIDAL, 2002",A6;F4,reformula,alta,"[FATO] A nota vidal2004lookahead* (fonte primária do YAHSP) afirma que ""'Knowledge-based' não tem respaldo: a técnica é reaproveitar informação já calculada pela própria heurística, não conhecimento de domínio fornecido a priori."" A definição geral do conceito é válida, mas a citação/exemplo (VIDAL, 2002/YAHSP) está incorreta — mesmo padrão de erro de A6.","remover YAHSP como exemplo de knowledge-based; manter a definição geral, citando um planejador knowledge-based real (ex. SHOP, TALPlanner) se necessário",
AF-133,B1B-022,379,Técnicas de planejamento,classificacao,"Esse conhecimento pode incluir tarefas e estruturas de objetivos, vários tipos de restrições, técnicas de controle de busca e até interação com os seres humanos, quando necessário, para fazer uso de seus conhecimentos.","O conhecimento prévio usado por planejadores knowledge-based pode incluir tarefas, restrições, controle de busca e interação humana.",,,mantém,baixa,"REVISÃO DO COORDENADOR (confiança rebaixada: apoio em plausibilidade ou conhecimento geral, não em fonte do projeto). Elaboração genérica e plausível do conceito de conhecimento prévio em planejamento knowledge-based, não amarrada especificamente ao exemplo problemático de AF-132.",CONFERIR na fonte primária antes de manter. manter,
AF-134,B1B-023,383,Modelagem de domínios,classificacao,"Um domínio, que nada mais é do que uma representação do mundo real, pode ser descrito através de STRIPS, ADL, PDDL e UML.","Um domínio (representação do mundo real) pode ser descrito por STRIPS, ADL, PDDL ou UML.",,,mantém,alta,"Afirmação correta: um domínio de planejamento pode de fato ser descrito por STRIPS, ADL, PDDL ou UML.",manter,
AF-135,B1B-024,383,Modelagem de domínios,contribuicao,As duas últimas linguagens são detalhadas a seguir por serem as mais utilizadas e por fazerem parte do escopo desta pesquisa.,PDDL e UML são detalhadas por serem as mais utilizadas e por fazerem parte do escopo da pesquisa.,,,mantém,alta,"Frase de transição/escopo do capítulo, sem conteúdo factual a verificar.",manter,sem-numero
AF-136,B1B-025,387,PDDL,estado-do-campo,"A linguagem de representação de domínios utilizada pelo STRIPS mostrou-se ineficiente para representar alguns domínios reais e proporcionou o surgimento de diversas outras linguagens de planejamento, como a ADL (TONIDANDEL, 2003).","A ineficiência do STRIPS para representar domínios reais levou ao surgimento de outras linguagens, como a ADL.","TONIDANDEL, 2003",,mantém,baixa,"REVISÃO DO COORDENADOR (confiança rebaixada: apoio em plausibilidade ou conhecimento geral, não em fonte do projeto). Narrativa histórica padrão (limitações do STRIPS levaram a linguagens como ADL) amplamente estabelecida na literatura de planejamento; fonte citada (Tonidandel, 2003) não conferida no corpus, mas o conteúdo é conhecimento consolidado da área.","CONFERIR na fonte primária antes de manter. manter; citar também Pednault (1989) como origem da ADL, se o autor desejar reforçar a referência",
AF-137,B1B-026,387,PDDL,estado-do-campo,"Essas linguagens possuem recursos mais poderosos para representar domínios, porém criaram outro problema: um domínio poderia ser representado de diversas formas, tornando difícil a avaliação de técnicas de planejamento.","As novas linguagens tinham mais recursos, mas permitiam múltiplas representações do mesmo domínio, dificultando a avaliação de técnicas.",,,mantém,media,"Afirmação padrão sobre o trade-off entre expressividade e padronização em linguagens de representação de domínios, consistente com a motivação histórica da PDDL.",manter,
AF-138,B1B-027,389,PDDL,sobre-obra,"Para resolver o problema de padronização de representação de domínios e também das restrições impostas pelo STRIPS, em 1998 foi criada a linguagem PDDL (Planning Domain Definition Language) (MCDERMOTT, GHALLAB, et al., 1998).",A PDDL foi criada em 1998 para padronizar a representação de domínios e superar restrições do STRIPS.,"MCDERMOTT, GHALLAB, et al., 1998",,mantém,alta,Fato histórico bem estabelecido e amplamente documentado: a PDDL foi criada em 1998 por McDermott e colaboradores para a primeira Competição Internacional de Planejamento.,manter,
AF-139,B1B-028,395,PDDL,estado-do-campo,A PDDL tem como principal objetivo representar um domínio através de uma estrutura que permita que este possa ser interpretado por um sistema de planejamento.,O objetivo principal da PDDL é representar um domínio de forma interpretável por um sistema de planejamento.,,,mantém,alta,Descrição correta e padrão do objetivo da PDDL.,manter,
AF-140,B1B-029,395,PDDL,sobre-obra,"Segundo Tonidandel (2003), a PDDL apresenta as seguintes características:",Introduz a lista de características da PDDL segundo Tonidandel (2003).,Tonidandel (2003),,mantém,media,Frase introdutória à lista de características da PDDL segundo Tonidandel (2003); fonte primária não conferida no corpus.,"manter; se possível, conferir Tonidandel (2003) na fonte primária",
AF-141,B1B-030,397,PDDL,classificacao,Representação direcionada às ações do domínio;,Característica da PDDL: representação direcionada às ações do domínio.,"Tonidandel (2003) (repetição, ver linha 395)",,mantém,media,Característica padrão e correta da PDDL (representação orientada a ações).,manter,
AF-142,B1B-031,399,PDDL,classificacao,Representação de ações baseadas no modelo STRIPS;,Característica da PDDL: representação de ações baseada no modelo STRIPS.,,,mantém,media,Característica padrão e correta da PDDL (ações baseadas no modelo STRIPS).,manter,
AF-143,B1B-032,401,PDDL,classificacao,"Representação de efeitos condicionais nas ações, bem como qualificadores e quantificadores universais (características da linguagem ADL);","Característica da PDDL: efeitos condicionais, qualificadores e quantificadores universais herdados da ADL.",,,mantém,media,"Característica padrão e correta da PDDL (efeitos condicionais, qualificadores e quantificadores universais herdados da ADL), consistente com a nota koehler1997extending* (IPP: ""STRIPS/ADL efeitos condicionais e universalmente quantificados"").",manter,
AF-144,B1B-033,403,PDDL,classificacao,Definição de restrições;,Característica da PDDL: definição de restrições.,,,mantém,media,Característica padrão e correta da PDDL (definição de restrições).,manter,
AF-145,B1B-034,405,PDDL,classificacao,Especificação de ações hierárquicas compostas por sub-ações.,Característica da PDDL: especificação de ações hierárquicas compostas por sub-ações.,,,reformula,baixa,"A PDDL clássica (STRIPS/ADL), usada pelos planejadores estudados em 2010, não tem como característica padrão ""ações hierárquicas compostas por sub-ações"" — isso é próprio de extensões HTN, não da PDDL básica; possível confusão com o HTN mencionado em AF-121 ou com ações duráveis da PDDL2.1. Fonte citada (Tonidandel, 2003) não conferida no corpus.","conferir na fonte primária (Tonidandel, 2003); se não confirmado, remover ou reformular como referência a extensões específicas, não à PDDL nuclear usada no trabalho",
AF-146,B1B-035,407,PDDL,metodo,A representação de um domínio em PDDL é feita em duas partes.,A representação de um domínio em PDDL é dividida em duas partes.,,,mantém,alta,Descrição correta e padrão da estrutura em duas partes de um domínio PDDL (definição de domínio + definição de problema).,manter,sem-numero
AF-147,B1B-036,407,PDDL,metodo,"Na primeira parte está a definição do domínio e as ações possíveis no domínio, bem como a declaração dos tipos de objetos existentes.","A primeira parte da representação PDDL define o domínio, as ações possíveis e os tipos de objetos.",,,mantém,alta,"Descrição correta da primeira parte de um arquivo PDDL (definição do domínio, ações, tipos de objetos).",manter,
AF-148,B1B-037,407,PDDL,metodo,"Na segunda parte estão as definições do problema de planejamento, dos estados iniciais e do objetivo a ser alcançado.","A segunda parte da representação PDDL define o problema, os estados iniciais e o objetivo.",,,mantém,alta,"Descrição correta da segunda parte de um arquivo PDDL (problema, estado inicial, objetivo).",manter,
AF-149,B1B-038,409,PDDL,estado-do-campo,"Por ser uma linguagem padronizada, a representação de um domínio em PDDL possibilita que planejadores diferentes possam tratar o mesmo problema de planejamento.","Por ser padronizada, a PDDL permite que planejadores diferentes tratem o mesmo problema.",,,mantém,alta,Afirmação correta: a padronização da PDDL permite que planejadores diferentes tratem o mesmo problema.,manter,
AF-150,B1B-039,409,PDDL,estado-do-campo,Isso propicia a comparação das técnicas e algoritmos de planejamento.,A padronização da PDDL propicia a comparação de técnicas e algoritmos de planejamento.,,,mantém,alta,Consequência lógica e correta da padronização da PDDL para comparação de técnicas.,manter,
AF-151,B1B-040,409,PDDL,estado-do-campo,"Por essa razão, a PDDL é a linguagem de representação de domínios utilizada nas competições internacionais de planejamento.",A PDDL é a linguagem usada nas competições internacionais de planejamento por causa da padronização.,,,mantém,alta,"Fato bem estabelecido: a PDDL é a linguagem padrão das competições internacionais de planejamento desde 1998, confirmado indiretamente por todas as notas dos 10 planejadores em fontes-planejadores.csv.",manter,
AF-152,B1B-041,413,UML,sobre-obra,"A UML (Unified Modeling Language – linguagem de modelagem unificada) é uma linguagem de propósito geral para a especificação, visualização, construção e documentação de artefatos de sistemas complexos de software (RUMBAUGH, BOOCH e JACOBSON, 2006).","Define a UML como linguagem de propósito geral para especificar, visualizar, construir e documentar artefatos de software.","RUMBAUGH, BOOCH e JACOBSON, 2006",,mantém,media,"Definição padrão e correta de UML segundo a literatura consolidada de engenharia de software (Rumbaugh, Booch e Jacobson).",manter,
AF-153,B1B-042,413,UML,estado-do-campo,A representação através da UML facilita a compreensão de um domínio ou processo a ser automatizado por um software.,A UML facilita a compreensão de um domínio ou processo a ser automatizado.,,,mantém,baixa,"REVISÃO DO COORDENADOR (confiança rebaixada: apoio em plausibilidade ou conhecimento geral, não em fonte do projeto). Afirmação genérica e plausível sobre o papel da UML na compreensão de domínios.",CONFERIR na fonte primária antes de manter. manter,
AF-154,B1B-043,415,UML,sobre-obra,"Dentre os principais objetivos da UML, segundo a OMG (Object Modeling Group), está a possibilidade de fornecer ao usuário uma linguagem visual expressiva no desenvolvimento de modelos de negócio, mecanismos para extensões e mecanismos de especialização para apoiar os conceitos essenciais de um domínio.","Segundo a OMG, a UML busca oferecer linguagem visual expressiva, mecanismos de extensão e especialização para os conceitos essenciais de um domínio.",OMG (Object Modeling Group),,mantém,media,Descrição padrão dos objetivos da UML segundo a OMG.,manter,
AF-155,B1B-044,415,UML,classificacao,"A UML apresenta três tipos básicos de blocos (RUMBAUGH, BOOCH e JACOBSON, 2006):",A UML é composta por três tipos básicos de blocos de construção.,"RUMBAUGH, BOOCH e JACOBSON, 2006 (repetição, ver linha 413)",,mantém,media,"Descrição padrão e correta dos três blocos básicos da UML (itens, relacionamentos, diagramas), consistente com o UML Reference Manual de Rumbaugh, Booch e Jacobson.",manter,sem-numero
AF-156,B1B-045,417,UML,classificacao,Itens: representam elementos comportamentais e estruturais;,"Bloco da UML: itens, que representam elementos comportamentais e estruturais.",,,mantém,media,"Definição padrão do bloco ""itens"" da UML.",manter,
AF-157,B1B-046,419,UML,classificacao,Relacionamentos: especificam como os itens estão ligados;,"Bloco da UML: relacionamentos, que especificam como os itens estão ligados.",,,mantém,media,"Definição padrão do bloco ""relacionamentos"" da UML.",manter,
AF-158,B1B-047,421,UML,classificacao,Diagramas: agrupam coleções de itens e relacionamentos.,"Bloco da UML: diagramas, que agrupam coleções de itens e relacionamentos.",,,mantém,media,"Definição padrão do bloco ""diagramas"" da UML.",manter,
AF-159,B1B-048,423,UML,classificacao,"A UML, na versão 2.0, é formada por treze diagramas: diagrama de classes, diagrama de objetos, diagrama de componentes, diagrama de estruturas compostas, diagrama de casos de uso, diagrama de seqüências, diagrama de comunicações, diagrama de gráficos de estados, diagrama de atividades, diagrama de implantação, diagrama de pacote, diagrama de temporização e diagrama de visão geral da interação.","A UML 2.0 é formada por treze diagramas, listados integralmente no texto.",,,mantém,alta,"Fato verificável e correto: a UML 2.0 define exatamente treze tipos de diagramas, organizados em diagramas estruturais e comportamentais, todos listados corretamente no trecho.",manter,sem-numero
AF-160,B1B-049,425,UML,classificacao,"Entre esses diagramas, podemos destacar alguns que são importantes na representação de domínios de planejamento: diagrama de casos de uso, diagrama de classes, diagrama de objetos e diagrama de estados.","Quatro diagramas UML são destacados como importantes para representar domínios de planejamento: casos de uso, classes, objetos e estados.",,,mantém,alta,"Seleção coerente com a metodologia efetivamente usada em 2010 (casos de uso, classes, objetos, estados são os diagramas dos quais as 17 métricas foram extraídas, ver Tabelas 5-7).",manter,
AF-161,B1B-050,427,UML,classificacao,"O diagrama de classes representa as entidades, mostrando os atributos (características) e métodos (ações) de cada classe de objeto que compõe um determinado domínio.","O diagrama de classes representa entidades, atributos e métodos das classes de um domínio.",,,mantém,media,"Descrição padrão do diagrama de classes (entidades, atributos, métodos).",manter,
AF-162,B1B-051,427,UML,classificacao,"Além disso, mostra o relacionamento entre essas classes, como por exemplo: composição (quando uma entidade é composta por outras entidades), agregação (quando uma entidade agrega outras entidades), dependência (quando a existência de uma entidade está condicionada a existência de outra entidade) e herança (quando uma entidade filha herda características e ações de uma entidade mãe) (LARMAN, 2007).","O diagrama de classes mostra relacionamentos entre classes: composição, agregação, dependência e herança.","LARMAN, 2007",,mantém,media,"Descrição padrão dos quatro tipos de relacionamento em diagrama de classes (composição, agregação, dependência, herança), consistente com Larman (2007).",manter,
AF-163,B1B-052,429,UML,classificacao,"O diagrama de classes representa o aspecto estático de um domínio, mostrando as classes de objetos que o formam.",O diagrama de classes representa o aspecto estático do domínio.,,,mantém,media,Classificação padrão do diagrama de classes como representação do aspecto estático do domínio.,manter,
AF-164,B1B-053,437,UML,classificacao,O diagrama de objetos mostra uma determinada situação (snapshot) da execução de um domínio.,O diagrama de objetos mostra um snapshot da execução de um domínio.,,,mantém,media,Descrição padrão do diagrama de objetos como snapshot da execução.,manter,
AF-165,B1B-054,437,UML,classificacao,"Este diagrama apresenta os objetos (instâncias das classes), mostrando os valores de seus atributos (estado) num determinado instante de tempo (RUMBAUGH, BOOCH e JACOBSON, 2006).",O diagrama de objetos mostra instâncias das classes e valores de atributos em um instante de tempo.,"RUMBAUGH, BOOCH e JACOBSON, 2006 (repetição, ver linha 413)",,mantém,media,Descrição padrão do diagrama de objetos (instâncias e valores de atributos em um instante).,manter,
AF-166,B1B-055,437,UML,classificacao,"É um diagrama que representa o aspecto dinâmico de um domínio, dado que está condicionado ao tempo.","O diagrama de objetos representa o aspecto dinâmico do domínio, por depender do tempo.",,,reformula,media,"A especificação UML 2.0 classifica o diagrama de objetos entre os diagramas estruturais (estáticos), junto ao diagrama de classes, não entre os comportamentais/dinâmicos; chamá-lo de ""aspecto dinâmico"" por depender de um instante de tempo contraria a taxonomia oficial da UML.","reclassificar o diagrama de objetos como diagrama estrutural (estático); manter a ideia de ""instantâneo em um dado momento"" sem chamá-lo de dinâmico",
AF-167,B1B-056,437,UML,classificacao,"A estrutura deste diagrama, os objetos e seus relacionamentos respeitam as definições feitas no diagrama de classes.",O diagrama de objetos respeita as definições estabelecidas no diagrama de classes.,,,mantém,media,Afirmação correta: o diagrama de objetos respeita as definições do diagrama de classes.,manter,
AF-168,B1B-057,445,UML,classificacao,"O diagrama de casos de uso mostra como os atores (agentes) atuam dentro de um domínio, relacionando-os com conjuntos de ações (casos de uso) que podem executar ou usufruir (LARMAN, 2007).",O diagrama de casos de uso mostra como atores/agentes atuam e se relacionam com ações no domínio.,"LARMAN, 2007 (repetição, ver linha 427)",,mantém,media,"Descrição padrão do diagrama de casos de uso (atores, ações), consistente com Larman (2007).",manter,
AF-169,B1B-058,445,UML,classificacao,"Este diagrama também apresenta a relação entre os casos de uso, como por exemplo: inclusão (quando a execução de um caso de uso está condicionada obrigatoriamente a execução de outro caso de uso)","O diagrama de casos de uso também representa relações entre casos de uso, como a inclusão.",,,mantém,media,Descrição padrão de relação de inclusão entre casos de uso.,manter,
AF-170,B1B-059,447,UML,classificacao,"O diagrama de casos de uso também representa o aspecto estático do domínio, porém do ponto de vista dos atores.",O diagrama de casos de uso representa o aspecto estático do domínio do ponto de vista dos atores.,,,mantém,media,Classificação do diagrama de casos de uso como aspecto estático é consistente com a taxonomia oficial da UML 2.0 (diagrama estrutural).,manter,
AF-171,B1B-060,453,UML,classificacao,O diagrama de estados mostra todos os estados possíveis que um determinado objeto pode apresentar dentro do domínio.,O diagrama de estados mostra todos os estados possíveis de um objeto no domínio.,,,mantém,media,Descrição padrão do diagrama de estados.,manter,
AF-172,B1B-061,453,UML,classificacao,"O estado (valores dos atributos) de um objeto é alterado a partir da execução de eventos e ações do domínio (RUMBAUGH, BOOCH e JACOBSON, 2006).",O estado de um objeto muda a partir da execução de eventos e ações do domínio.,"RUMBAUGH, BOOCH e JACOBSON, 2006 (repetição, ver linha 413)",,mantém,media,Descrição padrão de transição de estado via eventos/ações.,manter,
AF-173,B1B-062,453,UML,classificacao,"O diagrama de estados é um grafo que representa uma máquina de estados, mostrando através de uma baixa granularidade a execução de ações no domínio.",O diagrama de estados é uma máquina de estados que mostra em baixa granularidade a execução de ações.,,,mantém,media,Descrição padrão do diagrama de estados como grafo de máquina de estados.,manter,
AF-174,B1B-063,461,UML,sobre-obra,"A partir do trabalho de Vaquero (2007), comprovou-se que a UML satisfaz o processo de especificação e modelagem de domínios de problemas reais e complexos.",O trabalho de Vaquero (2007) comprovou que a UML satisfaz a especificação e modelagem de domínios reais e complexos.,Vaquero (2007),A5,reformula,media,"A nota vaquero2007itsimpleb explicita que a dissertação de Vaquero (2007) ""não é estudo empírico com planejadores das IPCs; é trabalho de ferramenta/ambiente de modelagem"" — um trabalho de proposta/implementação de ferramenta não constitui ""comprovação"" no sentido empírico forte que o verbo sugere.","trocar ""comprovou-se"" por ""foi proposto/argumentado"", citando vaquero2007itsimpleb",
AF-175,B1B-064,461,UML,estado-do-campo,"Através de seus diagramas de representação estática ou dinâmica, a UML fornece um nível de abstração suficiente para a análise de requisitos e a modelagem de domínios de planejamento.",Os diagramas estáticos e dinâmicos da UML fornecem abstração suficiente para análise de requisitos e modelagem de domínios de planejamento; explica por que a UML serve para caracterizar domínios.,,A5,mantém,baixa,"REVISÃO DO COORDENADOR (confiança rebaixada: apoio em plausibilidade ou conhecimento geral, não em fonte do projeto). Afirmação geral e plausível sobre o nível de abstração da UML para modelagem de domínios; não faz a alegação forte de poder preditivo sobre desempenho, que é o núcleo problemático de A5 (reformula, instrumento trocado, ver insumos-fase1).","CONFERIR na fonte primária antes de manter. manter, com nota de que o poder preditivo específico das métricas UML é tratado separadamente em A5/Q2 (testado contra features de PDDL na Fase 3)",
AF-176,B1B-065,463,UML,sobre-obra,"Neste mesmo trabalho, encontra-se a definição de uma extensão da UML para a representação de domínios de planejamento, denominada “UML.P”.",Vaquero (2007) define a extensão UML.P para representação de domínios de planejamento.,"Vaquero (2007) (repetição, ver linha 461)",,mantém,media,Consistente com a nota vaquero2007itsimpleb: a dissertação de mestrado de Vaquero (2007) é a origem documentada da notação UML.P usada no itSIMPLE.,manter,
AF-177,B1B-066,463,UML,sobre-obra,"“devido ao fato da UML ser de propósito geral, algumas características intrínsecas aos domínios de planejamento devem ser levadas em consideração no uso desta linguagem”.",Citação direta de Vaquero (2007) justificando a necessidade da extensão UML.P.,Vaquero (2007) [citação direta],,reformula,baixa,"Citação direta de Vaquero (2007); a nota disponível (vaquero2007itsimpleb) tem profundidade ""resumo"" (leu resumo, introdução do capítulo 1 e conclusões do capítulo 6), não cobrindo necessariamente a seção de onde este trecho foi extraído.","conferir a citação direta na fonte primária (Vaquero, 2007), na seção específica sobre a motivação da UML.P",
AF-178,B1B-067,463,UML,metodo,"Desta forma, algumas alterações foram feitas nas representações dos itens e diagramas da UML para se adequarem ao planejamento automático.",Foram feitas alterações nos itens e diagramas da UML para adequá-la ao planejamento automático (origem da UML.P).,,,mantém,media,Afirmação genérica e consistente com o conceito de UML.P como adaptação da UML para planejamento.,manter,
AF-179,B1B-068,465,UML,sobre-obra,"A UML.P foi implementada e utilizada no itSIMPLE (integrated tools Software Interface for Modeling PLanning Environments) (VAQUERO, 2007).",A UML.P foi implementada e utilizada na ferramenta itSIMPLE.,"VAQUERO, 2007 (repetição, ver linha 461)",,mantém,alta,"Confirmado pela nota vaquero2007itsimpleb: a UML.P foi implementada e usada no itSIMPLE, ferramenta originada dessa dissertação.",manter,
AF-180,B1B-069,465,UML,estado-do-campo,O itSIMPLE é um software que permite que um domínio de planejamento seja modelado através da UML.,O itSIMPLE é o software que permite modelar um domínio de planejamento via UML.,,,mantém,alta,"Descrição correta do itSIMPLE, confirmada pelas notas vaquero2005itsimple e vaquero2007itsimpleb.",manter,
AF-181,B1B-070,465,UML,sobre-obra,"De acordo com o site do projeto (itSIMPLE Project, 2008), “o software itSIMPLE é uma ferramenta de engenharia do conhecimento para modelar domínios de planejamento. Esta ferramenta foi projetada para dar suporte a usuários durante a construção de um domínio de planejamento, principalmente nas fases iniciais do ciclo de vida de um projeto”.",Citação do site do itSIMPLE Project (2008) definindo a ferramenta como engenharia do conhecimento para modelar domínios de planejamento.,"itSIMPLE Project, 2008 [citação direta]",,reformula,baixa,"Citação direta do site do itSIMPLE Project (2008); não há nota de leitura para essa fonte (página web) no corpus do projeto, e o link pode ter sofrido link rot.","conferir a citação direta no site do itSIMPLE Project (2008), buscando via Wayback Machine se o link original não estiver mais acessível",
AF-182,B1B-071,467,UML,estado-do-campo,O itSIMPLE ainda permite a exportação do domínio modelado em UML.P para a linguagem PDDL e Redes de Petri.,O itSIMPLE permite exportar o domínio modelado em UML.P para PDDL e Redes de Petri.,,,mantém,media,"Consistente com vaquero2005itsimple (exportação UML→XML→PDDL confirmada como FATO); a análise por redes de Petri estava ""ainda por implementar"" em 2005, mas plausivelmente concluída na versão de 2010 (ver também vaquero2013itsimple).","manter; se possível, confirmar em vaquero2013itsimple que a exportação para Redes de Petri já estava operacional em 2010",
AF-183,B1B-072,467,UML,contribuicao,"Desta forma, cria-se uma ponte entre a modelagem de domínio em UML e sua utilização na criação de planos por diversos sistemas de planejamento através da PDDL.",A exportação para PDDL cria uma ponte entre a modelagem em UML e a criação de planos por sistemas de planejamento.,,,mantém,media,Afirmação consistente com o objetivo declarado do itSIMPLE (vaquero2005itsimple: reduzir a distância entre modelagem UML e criação de planos via PDDL).,manter,
AF-184,B1B-073,469,UML,metodo,"A representação do modelo do domínio em UML é armazenada em um arquivo XML (extensible markup language), permitindo assim que o domínio possa ser interpretado de forma estruturada por uma ferramenta de análise de domínio.","O modelo do domínio em UML é armazenado em arquivo XML, permitindo interpretação estruturada por ferramentas de análise.",,A5;F3,mantém,alta,"[FATO] Confirmado diretamente pela nota vaquero2005itsimple: ""XML como formato interno e ponte"" entre UML e PDDL.",manter,
AF-185,B1B-074,469,UML,estado-do-campo,"O itSIMPLE é uma ferramenta que possui o código-fonte aberto, desenvolvido na plataforma JAVA.",O itSIMPLE tem código-fonte aberto e foi desenvolvido em JAVA.,,,mantém,baixa,"REVISÃO DO COORDENADOR (confiança rebaixada: apoio em plausibilidade ou conhecimento geral, não em fonte do projeto). Fato de conhecimento geral sobre o itSIMPLE (ferramenta de código aberto em Java), não central à tese e sem evidência contrária no corpus.",CONFERIR na fonte primária antes de manter. manter,
AF-186,B1B-075,487,Trabalhos relacionados,estado-do-campo,Existem algumas pesquisas que tentaram criar algumas classificações e taxonomias relacionadas ao espaço de busca dos domínios e às heurísticas utilizadas para encontrar planos válidos nesses domínios.,Há pesquisas que propuseram classificações e taxonomias sobre o espaço de busca de domínios e as heurísticas usadas para encontrar planos.,,A8,mantém,alta,"REVISÃO COM FONTE PRIMÁRIA: as duas obras citadas a seguir (hoffmann2001topology* e gerevini2004heuristic*) são, de fato, estudos que propõem classificações/taxonomias sobre o espaço de busca de domínios e sobre heurísticas de planejamento — Hoffmann (2001) monta uma taxonomia explícita de domínios (undirected/harmless/recognized/unrecognized); Gerevini, Saetti e Serina (2004) analisam experimentalmente características heurísticas do LPG. A frase-ponte em si é fiel ao conteúdo das duas obras. [FATO] Não avalia se a seção como revisão é suficiente (rótulo A8 do insumo trata disso separadamente, com veredito descarta para a seção como revisão de literatura).",manter,
AF-187,B1B-076,487,Trabalhos relacionados,estado-do-campo,"Nestes estudos, os domínios são representados pelos planejadores na forma de grafos (vértices e arestas).","Nesses estudos, os domínios são representados pelos planejadores como grafos.",,A8,reformula,media,"REVISÃO COM FONTE PRIMÁRIA: nos dois estudos, o que é representado como grafo (vértices e arestas) é o espaço de busca ou o plano — não o domínio em si. Em hoffmann2001topology*, o espaço de busca é formalizado como tupla (S,E,G,s0), um grafo direcionado de estados e transições (Definição 1, Seção 3). Em gerevini2004heuristic*, o LPG representa planos por 'action graphs', subgrafos do grafo de planos de Blum e Furst (Seção 'Plan Representation: Linear Action Graphs'). Nenhum dos dois trata o domínio PDDL (predicados, operadores) diretamente como um grafo; a estrutura de grafo aparece no espaço de busca/plano derivado do domínio, não no domínio descrito.",qualificar: trocar 'os domínios são representados [...] na forma de grafos' por algo como 'o espaço de busca (ou o plano) derivado do domínio é representado como grafo',
AF-188,B1B-077,487,Trabalhos relacionados,estado-do-campo,"Esta representação pode criar estruturas cíclicas, mínimas locais e caminhos sem retorno, que afetam diretamente o cálculo da heurística feita pelos planejadores.","A representação em grafo pode gerar ciclos, mínimos locais e caminhos sem retorno que afetam o cálculo da heurística.",,A8,reformula,media,"REVISÃO COM FONTE PRIMÁRIA: 'mínimos locais' e 'caminhos sem retorno' são confirmados diretamente por hoffmann2001topology* — mínimos locais (Definição 10.2) e becos sem saída não reconhecidos, que tornam o estado parte de um 'valley' do qual não há caminho de volta ao objetivo (Seção 5.1), afetam o cálculo/desempenho da heurística (Figuras 1 e 2). [FATO] Já 'estruturas cíclicas' não é um conceito medido ou discutido explicitamente no artigo lido; o espaço de busca é definido como grafo direcionado genérico, sem análise específica de ciclos como fenômeno estrutural relevante. [HIPÓTESE] 'estruturas cíclicas' pode ser uma extrapolação do autor de 2010 a partir da natureza de grafo direcionado do espaço de busca, não uma afirmação sustentada por um resultado específico da fonte.","qualificar: manter 'mínimos locais' e 'caminhos sem retorno' (sustentados por hoffmann2001topology*); remover ou marcar como inferência a menção a 'estruturas cíclicas', que não tem sustentação direta na fonte lida",
AF-189,B1B-078,489,Trabalhos relacionados,sobre-obra,"Hoffman (2001) analisou a topologia do domínio em que a busca local está sendo aplicada e o desempenho da heurística utilizada em espaços de busca com mínima local, contornos e bancos (local minima, contours and benches).","Hoffman (2001) analisou a topologia do domínio e o desempenho da heurística em espaços de busca com mínimos locais, contornos e bancos.",Hoffman (2001),A8,mantém,alta,"REVISÃO COM FONTE PRIMÁRIA: confere com hoffmann2001topology*. O artigo mede exatamente 'topological properties of state spaces' (Resumo) e define patamares — mínimo local, banco ('bench'), contorno, planície, mínimo global (Definição 10, Seção 5) — cujo objetivo declarado é entender o desempenho de algoritmos de busca local. [FATO] Confirma a afirmação de 2010 quase literalmente, inclusive nos termos em inglês entre parênteses citados por 2010 (local minima, contours, benches aparecem nominalmente na Definição 10).","manter; trocar a referência para hoffmann2001topology (a chave hoffmann2001ff já usada em outras notas do projeto é uma obra distinta, Hoffmann & Nebel sobre o sistema FF)",
AF-190,B1B-079,489,Trabalhos relacionados,sobre-obra,"A partir desta análise, criou uma taxonomia para domínios de planejamento, classificando-os em indireto, inofensivo, reconhecido e não reconhecido (undirected, harmless, recognized and unrecognized), de acordo com o impacto causado no desempenho de planejadores heurísticos.","Hoffman (2001) criou taxonomia de domínios em indireto, inofensivo, reconhecido e não reconhecido, conforme impacto no desempenho de planejadores heurísticos.","Hoffman (2001) (repetição, ver linha 489)",A8,mantém,alta,"REVISÃO COM FONTE PRIMÁRIA: confere exatamente com a Seção 6 ('A Planning Domain Taxonomy') e a Figura 4 de hoffmann2001topology*, que classifica domínios nas quatro classes de becos sem saída (Definição 7): undirected, harmless, recognized, unrecognized — os mesmos quatro termos, na mesma ordem, citados por 2010 entre parênteses. [FATO] A taxonomia é organizada 'de acordo com o impacto causado no desempenho de planejadores heurísticos', o que também confere com a motivação declarada do artigo (Seção 6, primeiro parágrafo).",manter; trocar a referência para hoffmann2001topology,
AF-191,B1B-080,489,Trabalhos relacionados,sobre-obra,"Entretanto, esta análise só foi feita para as heurísticas utilizadas nos planejadores FF e HSP.",A dissertação aponta limitação do trabalho de Hoffman (2001): análise restrita às heurísticas de FF e HSP.,"Hoffman (2001) (repetição, ver linha 489)",A8,reformula,alta,"REVISÃO DO COORDENADOR (era descarta): o núcleo — a análise se limita a heurísticas de relaxação e não vale para qualquer heurística — se sustenta; o erro é o escopo (h+ teórico e FF, não FF e HSP). REVISÃO COM FONTE PRIMÁRIA: a frase está incorreta em dois pontos, verificados em hoffmann2001topology*. Primeiro, a taxonomia central do artigo (Seções 3 a 6, incluindo a Figura 4, base das AF-189/AF-190) usa a heurística ótima relaxada h+, uma idealização teórica calculada exaustivamente para instâncias pequenas — não é 'a heurística utilizada' por nenhum planejador real, muito menos por FF e HSP especificamente. Segundo, das duas heurísticas de planejadores reais que 2010 menciona, apenas a do FF foi de fato testada empiricamente (Seção 7, 'Explaining FF's Runtime Behavior': 'we ran the same experiments, using the FF heuristic'). A heurística do HSP não é analisada em nenhum ponto do artigo: aparece só na Introdução (contexto histórico, HSP como um dos planejadores que usa a mesma ideia geral de relaxação) e na Conclusão, como trabalho futuro ainda não realizado: 'For the FF and HSP heuristic functions, we are going to take samples from the state spaces of larger tasks' (Seção 8). [FATO] Logo, a limitação real do estudo é distinta e mais estreita do que 2010 descreve: o núcleo teórico (h+) cobre 20 domínios sem estar amarrado a heurística de planejador nenhum, e só o FF (não o HSP) foi verificado empiricamente.","corrigir: a análise principal usa a heurística ótima relaxada h+ (teórica, 20 domínios); só a heurística do FF foi testada empiricamente como verificação; o HSP nunca foi analisado no artigo, aparecendo apenas como trabalho futuro proposto",
AF-192,B1B-081,491,Trabalhos relacionados,sobre-obra,"Gerevini, Saetti e Serina (2004) fizeram um estudo experimental para compreender e avaliar o impacto das funções heurísticas no desempenho do planejador LPG.","Gerevini, Saetti e Serina (2004) estudaram experimentalmente o impacto das funções heurísticas no desempenho do planejador LPG.","Gerevini, Saetti e Serina (2004)",A8,mantém,alta,"REVISÃO COM FONTE PRIMÁRIA: confere quase literalmente com o Resumo de gerevini2004heuristic*: 'In this paper we experimentally analyze the most important of them [heuristic features] with the goal of understanding and evaluating their impact on the performance of the planner.' [FATO] O artigo é, de fato, um estudo experimental sobre o impacto de funções heurísticas (E0, EH, Eπ) e do parâmetro de ruído no desempenho do LPG, com teste estatístico de Friedman.","manter; trocar a referência para gerevini2004heuristic (a chave gerevini2004lpgtd já usada em outras notas do projeto é uma obra distinta, de descrição de sistema do LPG-TD na IPC-4, com um quarto autor, Toninelli)",
AF-193,B1B-082,491,Trabalhos relacionados,sobre-obra,"A partir desta avaliação, algumas técnicas foram propostas para restringir a busca pela vizinhança no algoritmo Walkplan.","Do estudo de Gerevini, Saetti e Serina (2004) resultaram técnicas para restringir a busca pela vizinhança no algoritmo Walkplan.","Gerevini, Saetti e Serina (2004) (repetição, ver linha 491)",A8,mantém,alta,"REVISÃO COM FONTE PRIMÁRIA: confere literalmente com a abertura da seção de Conclusões de gerevini2004heuristic*: 'We have proposed some techniques for restricting the search neighborhood of Walkplan, and for selecting the next inconsistency to handle.' [FATO] É exatamente a primeira das duas contribuições que o próprio artigo declara na Introdução.",manter; trocar a referência para gerevini2004heuristic,
AF-194,B1B-083,491,Trabalhos relacionados,sobre-obra,Uma análise das principais características heurísticas também foi feita com o intuito de compreender o impacto da busca local no planejador LPG.,O estudo também analisou as principais características heurísticas para compreender o impacto da busca local no LPG.,"Gerevini, Saetti e Serina (2004) (repetição, ver linha 491)",A8,mantém,alta,"REVISÃO COM FONTE PRIMÁRIA: confere com a segunda contribuição declarada no artigo (Introdução): 'we experimentally analyze the main heuristic features for local search in LPG with the goal of understanding and evaluating their impact on the performance of the planner.' [FATO] Em essência, é uma reformulação de AF-192 (mesma correspondência com o mesmo trecho do artigo), sem introduzir afirmação nova além do que AF-192 já cobre — não é um erro, mas é redundante dentro da extração de 2010.",manter; trocar a referência para gerevini2004heuristic; sinalizar ao Coordenador que AF-192 e AF-194 são redundantes (mesma fonte no artigo),
AF-195,B2-001,495,Planejadores,metodo,Este trabalho propõe criar uma relação entre características de domínio e técnicas de planejamento.,Proposta de estabelecer correlação entre características de domínios e técnicas de planejamento,,A1,mantém,alta,"Enunciado correto do objetivo/proposta de pesquisa de 2010 (descrição de método, não de conclusão); coerente com o veredito de A1 em insumos-fase1 (""mantém, com reformulação"") — a reformulação recai sobre a conclusão de que a relação se sustenta, não sobre este enunciado do objetivo.",manter como enunciado do objetivo; a reformulação de A1 (unidade preditiva migrou de domínio para instância) deve aparecer onde a conclusão é apresentada,
AF-196,B2-002,497,Planejadores,estado-do-campo,"De acordo com os resultados dessas competições, disponibilizados em",Resultados de competições internacionais de planejamento documentados em múltiplas fontes,,,mantém,media,"Descrição de método (fontes usadas para compilar a Tabela 1 de planejadores vencedores por competição), fragmento truncado mas sem indício de erro de conteúdo.",manter,
AF-197,B2-003,511,Planejadores,classificacao,"Os planejadores selecionados foram aqueles que obtiveram os melhores resultados nas competições internacionais de planejamento: Blackbox, IPP, FF, System R, LPG, Fast Downward, YAHSP, SGPLAN, SATPLAN e MAXPLAN.",Seleção de 10 planejadores campeões de competições internacionais,,,mantém,alta,Confirmado pela própria Tabela 1 do texto (linha 501-509): os 10 planejadores listados correspondem exatamente aos vencedores/melhores colocados listados por competição (IPC98 a IPC2006).,manter,
AF-198,B2-004,515,Planejadores,sobre-obra,"O Blackbox (KAUTZ e SELMAN, 1998) é um sistema de planejamento que funciona convertendo",Blackbox converte problemas STRIPS em SAT,Tabela 04,,mantém,alta,"[FATO] Confirmado diretamente pela fonte primária do Blackbox (kautz1999unifying*, fontes-planejadores.csv): converte STRIPS em SAT, usa GraphPlan, permite escolha de SAT-solver.",manter,
AF-199,B2-005,517,Planejadores,classificacao,Seu funcionamento é divido em duas partes: primeiro é construído um grafo de planos para reduzir o espaço de busca do problema e então este grafo é traduzido para uma instância SAT.,Blackbox usa GraphPlan depois traduz para SAT,,,mantém,alta,"[FATO] Confirmado pela fonte primária do Blackbox: ""construção de um grafo de planos (GraphPlan) seguida de tradução para SAT"" (kautz1999unifying*, fontes-planejadores.csv).",manter,sem-numero
AF-200,B2-006,519,Planejadores,sobre-obra,"O planejador IPP (KOEHLER, 1998) é um sistema de planejamento baseado no sistema de",IPP combina GraphPlan com verificação de tipos,Tabela 04,,mantém,alta,"[FATO] Confirmado pela fonte primária do IPP: ""extensão do GraphPlan... para subconjunto de ADL"" com verificação de tipos (koehler1997extending*, fontes-planejadores.csv).",manter,
AF-201,B2-007,521,Planejadores,sobre-obra,"O sistema de planejamento heurístico FF (Fast-Forward) (HOFFMANN e NEBEL, 2001) é",FF é baseado em HSP e usa grafos de planos,Tabela 04,,mantém,alta,"[FATO] Confirmado pela fonte primária do FF: baseado no HSP, usa grafo de planos para extrair heurística, Enforced Hill-climbing como busca principal (hoffmann2001ff*, fontes-planejadores.csv).",manter,
AF-202,B2-008,523,Planejadores,sobre-obra,"O planejador System R (LIN, 2001) é baseado no sistema de planejamento STRIPS. A partir de um conjunto de objetivos simples, ele seleciona um objetivo para trabalhar.",System R trabalha com objetivos simples selecionados sequencialmente,Tabela 04,,mantém,alta,"[FATO] Confirmado pela fonte primária do System R: seleção recursiva de subobjetivos a partir do estado inicial (lin2001planner*, fontes-planejadores.csv); descrição fiel, distinta da classificação problemática de ""backward-chaining"" discutida em AF-129.",manter,
AF-203,B2-009,525,Planejadores,sobre-obra,"O LPG (Local search for Planning Graphs) (GEREVINI e SERINA, 2002) é um planejador",LPG combina busca local com GraphPlan e domínios numéricos,Tabela 04,,mantém,alta,"[FATO] Confirmado pela fonte primária do LPG: busca local (herdeira do Walksat) sobre grafos de ação derivados do grafo de planos, suporte a domínios numéricos e temporais (gerevini2004lpgtd*, fontes-planejadores.csv).",manter,
AF-204,B2-010,527,Planejadores,sobre-obra,"O funcionamento básico da busca deste planejador foi inspirado no Walksat, um procedimento eficiente para resolver problemas de satisfabilidade.",Inspiração do LPG no algoritmo Walksat para SAT,,,mantém,alta,"[FATO] Confirmado pela fonte primária do LPG: inspiração no Walksat, espaço de busca em ""grafos de ação"" (gerevini2004lpgtd*, fontes-planejadores.csv).",manter,
AF-205,B2-011,529,Planejadores,sobre-obra,"O Fast Downward (HELMERT, 2006) é um sistema clássico de planejamento baseado em busca",Fast Downward é progressivo com busca heurística e suporta PDDL 2.2,Tabela 04,,mantém,alta,"[FATO] Confirmado pela fonte primária do Fast Downward: planejador clássico de busca heurística, suporta PDDL2.2 com recursos tipo ADL (helmert2006fast, fontes-planejadores.csv, já em referencias.bib).",manter,
AF-206,B2-012,531,Planejadores,classificacao,a entrada é traduzida primeiro em uma representação alternativa chamada de planejamento de tarefas,Fast Downward usa representação multivalorada de tarefas,,,mantém,alta,"[FATO] Confirmado pela fonte primária do Fast Downward: tradução para representação multivalorada (multi-valued planning tasks) (helmert2006fast, fontes-planejadores.csv).",manter,
AF-207,B2-013,533,Planejadores,classificacao,o Fast Downward utiliza decomposição hierárquica de tarefas de planejamento para computar,Fast Downward usa heurística de grafo causal baseada em decomposição hierárquica,Tabela 04,,mantém,alta,"[FATO] Confirmado pela fonte primária: a decomposição hierárquica do grafo causal é usada para computar a heurística (""causal graph heuristic""), não como algoritmo de busca — esta frase em si já situa corretamente o uso, ao contrário da Tabela 4, que rotula Fast Downward como ""Hierarchical"" sem essa distinção (ver AF-122, A6).","manter esta descrição; usá-la para corrigir a Tabela 4 (dimensão heurística, não arquitetura)",
AF-208,B2-014,535,Planejadores,sobre-obra,"O YAHSP (Yet Another Heuristic Search Planner) (VIDAL, 2002) é um sistema de planejamento",YAHSP é baseado em HSP com heurística similar a FF,Tabela 04,,mantém,alta,"[FATO] Confirmado pela fonte primária do YAHSP: heurística calculada de forma similar ao FF, mas reaproveitada de maneira diferente (lookahead) (vidal2004lookahead*, fontes-planejadores.csv).",manter,
AF-209,B2-015,537,Planejadores,sobre-obra,"O planejador SGPLAN (CHEN, HSU e WAH, 2004) é um sistema de planejamento que divide",SGPLAN decomposição em sub-problemas,Tabela 04,,mantém,media,"A decomposição em subproblemas com resolução de conflitos é confirmada pela fonte primária do SGPlan (chen2006temporal*, fontes-planejadores.csv); o detalhe específico de ordenar ""os mais difíceis primeiro"" não está explicitamente confirmado na nota disponível.",manter; conferir na fonte primária o critério exato de ordenação dos subproblemas,
AF-210,B2-016,539,Planejadores,sobre-obra,"O SATPLAN (KAUTZ, SELMAN e HOFFMANN, 2006) é um sistema de planejamento que constrói",SATPLAN constrói grafo de planos traduzido em SAT,Tabela 04,,mantém,alta,"[FATO] Confirmado pela fonte primária do SATPlan: construção de grafo de planos, tradução para SAT, solucionador SAT genérico (kautz2006satplan*, fontes-planejadores.csv).",manter,
AF-211,B2-017,541,Planejadores,classificacao,"Depois de encontrar a solução, ações desnecessárias são removidas do plano.",SATPLAN remove ações redundantes após solver,,,mantém,baixa,"REVISÃO DO COORDENADOR (confiança rebaixada: apoio em plausibilidade ou conhecimento geral, não em fonte do projeto). Descrição plausível de pós-processamento do SATPlan (remoção de ações desnecessárias); não está detalhada explicitamente na nota disponível, mas não contradiz a fonte.",CONFERIR na fonte primária antes de manter. manter,
AF-212,B2-018,543,Planejadores,sobre-obra,"O MAXPLAN (XING, CHEN e ZHANG, 2006) é um sistema de planejamento similar ao SATPLAN.",MAXPLAN estende SATPLAN com exclusão mútua de longa distância,Tabela 04,,mantém,media,"[FATO] Confirmado pela fonte primária do MAXPLAN: exclusão mútua de longa distância (londex) como generalização do mutex, sobre domínios multivalorados (xing2006maxplan*, fontes-planejadores.csv). A frase ""proporciona muito mais espaço de busca"" é uma formulação imprecisa (londex tende a restringir/capturar mais restrições, não a ampliar o espaço de busca), mas não compromete o núcleo técnico da descrição.","revisar a formulação ""muito mais espaço de busca"" para algo como ""captura mais restrições ao longo de vários passos de busca""",
AF-213,B2-019,547,Planejadores,metodo,Os planejadores selecionados utilizam mais de uma técnica para gerar planos. As tabelas 2 e 3 mostram a relação entre os planejadores selecionados e as técnicas utilizadas.,Cada planejador implementa múltiplas técnicas de planejamento,Tabelas 02 e 03,A6;F4,reformula,alta,"DIVERGE DO INSUMO parcialmente: a frase introdutória em si é correta (planejadores usam mais de uma técnica; tabelas mostram a relação), mas as Tabelas 2-4 que ela introduz contêm atribuições que não se sustentam nas fontes primárias dos 10 planejadores (ver fontes-planejadores.csv), conforme o veredito ""descarta"" de A6 em insumos-fase1.","refazer as Tabelas 2-4 segundo as quatro dimensões decididas (busca, heurística, representação, arquitetura), corrigindo as atribuições incorretas identificadas em fontes-planejadores.csv",sem-numero
AF-214,B2-020,549,Planejadores,classificacao,"Nesta pesquisa, os planejadores baseados em resolução de problemas de satisfabilidade são",Planejadores SAT tratados como Forward-chaining neste trabalho,,A6;F4,descarta,alta,"[FATO] Esta é a premissa autoral que classifica todo planejador SAT-based como Forward-chaining por ""convenção própria"", não por leitura das fontes. As notas de Blackbox, SATPlan e MAXPLAN (kautz1999unifying*, kautz2006satplan*, xing2006maxplan*, fontes-planejadores.csv) confirmam que esses planejadores constroem grafo de planos e traduzem para SAT, sem busca sequencial estado-a-estado a partir do estado inicial — exatamente o oposto do que esta frase afirma como justificativa. É a base textual do erro central de A6 (descarta).","remover a atribuição Forward-chaining a planejadores SAT-based por convenção própria; reclassificar a dimensão busca dos planejadores SAT como ""SAT-based/proposicional"", distinta de forward-chaining",
AF-215,B2-021,606,Domínios,metodo,Esses domínios deveriam ser modelados corretamente em UML.P e deveriam ser de propósitos,Requisitos de modelagem: UML.P e propósitos distintos,,,mantém,alta,"Descrição de método (critérios próprios de seleção de domínios: modelados corretamente em UML.P, propósitos diferentes), fiel ao que foi de fato feito.",manter,
AF-216,B2-022,608,Domínios,metodo,Todos os domínios selecionados participaram das competições internacionais de planejamento.,Domínios selecionados foram validadores de planejadores em competições,,,mantém,alta,Confirmado por docs/benchmarks-ipc-ate-2008.md: os 10 domínios (mais Storage/Zeno-travel/Elevator de validação) mapeiam 1:1 para domínios das competições internacionais de planejamento (IPC 1998-2006).,manter,
AF-217,B2-023,610,Domínios,metodo,Os modelos criados foram validados comparando a representação em PDDL gerada pelo itSIMPLE com os arquivos PDDL dos domínios selecionados encontrados nas competições internacionais de planejamento.,Validação cruzada de modelos UML.P contra PDDL das competições,,F6,mantém,baixa,"REVISÃO DO COORDENADOR (confiança rebaixada: apoio em plausibilidade ou conhecimento geral, não em fonte do projeto). Descrição de método plausível e consistente com o objetivo declarado do itSIMPLE (comparar PDDL gerado com PDDL de referência das competições, ver vaquero2005itsimple); os achados G14-G16 (subconjuntos de instâncias, denominadores diferentes) afetam os dados de eficiência, não esta etapa específica de validação estrutural dos modelos.","CONFERIR na fonte primária antes de manter. manter; documentar explicitamente na Fase 3 quais arquivos PDDL de referência foram usados na validação (ver G14, G15, G16)",
AF-218,B2-024,614,Domínios,classificacao,"Os domínios selecionados foram: Gripper, Mystery, Logistic World, Blocks World, Depots, DriverLog,",10 domínios selecionados e modelados em itSIMPLE,Tabelas 08 e 09,,mantém,alta,"Lista de domínios confirmada por docs/benchmarks-ipc-ate-2008.md e pelas Tabelas 8-9 do texto: Gripper, Mystery, Logistics, Blocks World, Depots, DriverLog, Satellite, Pipes World, TPP e Pathways.",manter,
AF-219,B2-025,616,Domínios,sobre-obra,"No domínio Gripper existe um robô com duas garras, que pode levar uma bola em cada garra",Domínio Gripper: problema de transporte com simetria de garras,,,mantém,baixa,"REVISÃO DO COORDENADOR (confiança rebaixada: apoio em plausibilidade ou conhecimento geral, não em fonte do projeto). Descrição padrão e amplamente conhecida do domínio Gripper (robô com duas garras, transporte de bolas), consistente com o diretório do domínio no acervo (acervo-2010/.../gripper); não há README no acervo para conferência literal, mas o conteúdo é conhecimento consolidado da área.",CONFERIR na fonte primária antes de manter. manter,sem-numero
AF-220,B2-026,616,Domínios,resultado,"Alguns planejadores tratam as duas garras de forma assimétrica, gerando uma explosão combinatória desnecessária.",Tratamento assimétrico de garras causa explosão combinatória,,,mantém,media,"Afirmação consistente com o propósito de design conhecido do domínio Gripper (testar tratamento de simetria entre objetos idênticos, gerando explosão combinatória em planejadores sem detecção de simetria); não há fonte primária no corpus do projeto para conferência literal.",manter,sem-numero
AF-221,B2-027,622,Domínios,sobre-obra,"No domínio Mystery existe um gráfico plano de nós (MCDERMOTT, 2008). Em cada nó estão veículos,",Domínio Mystery: transporte de carga com limitação de combustível,,,mantém,baixa,"REVISÃO DO COORDENADOR (confiança rebaixada: apoio em plausibilidade ou conhecimento geral, não em fonte do projeto). Descrição padrão do domínio Mystery (grafo de nós, veículos, carga, combustível), consistente com conhecimento consolidado da área (domínio da IPC 1998, McDermott); citação (MCDERMOTT, 2008) refere-se aos resultados de competições citados na Tabela 1, não a fonte primária do domínio em si.","CONFERIR na fonte primária antes de manter. manter; verificar se a citação correta da origem do domínio Mystery é de 1998, não 2008",
AF-222,B2-028,630,Domínios,sobre-obra,No domínio Logistics World o objetivo é mover um conjunto de pacotes entre localidades,Domínio Logistics World: transporte multivial de pacotes,,,mantém,alta,"Descrição padrão e correta do domínio Logistics (pacotes movidos por caminhões dentro de cidades e aviões entre cidades), amplamente documentada na literatura de planejamento.",manter,
AF-223,B2-029,636,Domínios,sobre-obra,"O domínio Blocks World consiste em empilhar um conjunto de blocos numa determinada ordem (BACCHUS, 2000). Existe um alto grau de interação entre os objetivos.",Domínio Blocks World: alta interação entre objetivos,,,mantém,alta,"Descrição padrão e correta do domínio Blocks World, com citação apropriada a Bacchus (2000), autor associado à documentação da IPC2000.",manter,
AF-224,B2-030,642,Domínios,sobre-obra,"O domínio Depots foi concebido para verificar o que aconteceria se dois domínios anteriormente bem pesquisados fossem unidos (FOX e LONG, 2002). Esse dois domínios são o mundo de blocos e o mundo da logística.",Domínio Depots: fusão de Blocks World e Logistics World,,,mantém,alta,"Descrição padrão e bem documentada do domínio Depots como combinação de Blocks World e Logistics, com citação apropriada a Fox e Long (2002), autores do domínio na IPC3.",manter,sem-numero
AF-225,B5-002,644,Domínios selecionados,metodo,"Para contabilizar o gasto de combustível, que é uma variável global neste domínio não pertencendo a nenhuma outra classe, foi criada uma classe chamada Utility com o atributo fuelCost.",Modelagem criou a classe Utility para a variável global de combustível (decisão do modelador que altera a contagem de classes),Extraída pelo Coordenador (lacuna de cobertura); relaciona-se a F3 e G2,F3,reformula,alta,"[FATO] Relaciona-se diretamente ao achado G2 (Fase 0): a classe Utility, criada pelo modelador para contabilizar uma variável global (combustível), é uma decisão de modelagem, não uma propriedade do domínio — o mesmo padrão de classes auxiliares (Utility, Global) que G2 mostra terem sido excluídas da contagem final de classes em outros domínios.","documentar como regra explícita do extrator da Fase 3 (ver G2); registrar Utility como classe auxiliar de modelagem, não elemento do domínio, e testar a robustez da contagem de classes com/sem essas classes",
AF-226,B2-031,650,Domínios,sobre-obra,"O domínio DriverLog consiste em conduzir caminhões para entregar pacotes entre localizações (FOX e LONG, 2002). A complicação está na ordenação da alocação de motoristas que devem conduzir os caminhões.",Domínio DriverLog: problema de alocação de motoristas,,,mantém,alta,"Descrição padrão e correta do domínio DriverLog, com citação apropriada a Fox e Long (2002).",manter,
AF-227,B2-032,656,Domínios,sobre-obra,"Satellite é o primeiro dos domínios inspirado por aplicações espaciais (FOX e LONG, 2002).",Domínio Satellite: planejamento de observação espacial,,,mantém,baixa,"REVISÃO DO COORDENADOR (confiança rebaixada: apoio em plausibilidade ou conhecimento geral, não em fonte do projeto). Descrição padrão e correta do domínio Satellite (observação por múltiplos satélites); a afirmação de que é ""o primeiro"" domínio inspirado em aplicações espaciais é plausível no contexto dos domínios estudados em 2010 (não há outro domínio espacial no conjunto), mas não foi conferida como afirmação histórica absoluta sobre a IPC.","CONFERIR na fonte primária antes de manter. manter; esclarecer que ""primeiro"" se refere ao conjunto de domínios estudados nesta pesquisa, já que Rovers (também espacial) estreou na mesma IPC3 (2002)",
AF-228,B2-033,662,Domínios,sobre-obra,O domínio Pipes World tem como objetivo controlar o fluxo de derivados de petróleo através,Domínio Pipes World: controle de fluxo com restrições de compatibilidade,,,mantém,alta,"Descrição padrão e correta do domínio Pipes World, com citação apropriada a Edelkamp, Hoffmann e Littman (2004), organizadores da IPC4.",manter,
AF-229,B2-034,668,Domínios,sobre-obra,"O domínio TPP é baseado no problema do caixeiro viajante, que consiste em viajar",Domínio TPP: variação do problema do caixeiro viajante,,,mantém,alta,"Descrição padrão e correta do domínio TPP (variação do problema do caixeiro viajante com compras em mercados), com citação apropriada a Gerevini, Bonet e Givan (2006), organizadores da IPC5.",manter,
AF-230,B2-035,674,Domínios,sobre-obra,o domínio Pathways é inspirado no campo da biologia molecular e consiste em encontrar,Domínio Pathways: sequenciamento de reações químicas,,,mantém,alta,"Descrição padrão e correta do domínio Pathways (sequência de reações químicas em biologia molecular), com citação apropriada a Gerevini, Bonet e Givan (2006), organizadores da IPC5.",manter,
AF-231,B2-036,684,Domínios,estado-do-campo,"De acordo com (SIAU e CAO, 2006), a expressividade da UML é maior do que a de métodos",UML tem maior riqueza de representação que OMT e Yourdon,,,reformula,baixa,Afirmação comparativa específica atribuída a Siau e Cao (2006) (expressividade da UML maior que OMT e Yourdon); obra sem nota no corpus do projeto e não conferida na fonte primária.,"buscar fonte: Siau e Cao (2006), ou confirmar a comparação em literatura de engenharia de requisitos já disponível no projeto",
AF-232,B2-037,686,Domínios,metodo,Foram extraídas 17 (dezessete) métricas para caracterizar domínios a partir desses diagramas.,17 métricas selecionadas para caracterização de domínios,Tabelas 05 06 07,,mantém,alta,[FATO] Conferência numérica confirma: 17 métricas em data/2010/metricas.csv e nas Tabelas 5-7 (coluna conferencia_numerica).,manter,confere: 17 métricas em data/2010/metricas.csv e nas Tabelas 5–7 (Coordenador)
AF-233,B2-038,688,Domínios,metodo,No diagrama de casos de uso é possível extrair métricas relativas ao número de atores,Três métricas extraídas de diagrama de casos de uso,Tabela 05,,mantém,alta,"Confirmado pela Tabela 5 do texto: número de atores, número de casos de uso e número de casos de uso por atores são as três métricas extraídas do diagrama de casos de uso.",manter,
AF-234,B5-003,700,Características de domínios,classificacao,"Por exemplo, podemos dizer que um domínio possui um número de atores alto, um número de casos de uso alto e um número casos de uso por atores baixo. Essas características mostram que, apesar deste domínio ter muitos atores e casos de uso, os atores estão relacionados a poucos casos de uso.",As métricas discretizadas (alto/baixo) são interpretadas como características do domínio,Extraída pelo Coordenador (lacuna de cobertura),F3,reformula,alta,"[FATO] O achado G1 (Fase 0) mostra que o rótulo ""Número de Casos de Uso por Atores"" está invertido: os valores publicados são na verdade atores÷casos de uso. Um valor ""baixo"" dessa métrica (como no exemplo) significa, pela fórmula real, MUITOS casos de uso por ator, o oposto da leitura dada no exemplo (""atores estão relacionados a poucos casos de uso"").","corrigir o rótulo da métrica (ver G1) e reescrever o exemplo de interpretação de acordo com a direção correta da razão (atores por caso de uso, não casos de uso por ator)",
AF-235,B5-004,702,Características de domínios,metodo,"Não são consideradas as métricas referentes às relações de inclusão, extensão e dependência entre os casos de uso.",Métricas de inclusão/extensão/dependência entre casos de uso foram excluídas,Extraída pelo Coordenador (lacuna de cobertura),,mantém,alta,"Descrição de método fiel ao que foi feito: exclusão das métricas de inclusão, extensão e dependência entre casos de uso, confirmada pela Tabela 5 (que lista só 3 métricas).",manter,
AF-236,B5-005,702,Características de domínios,metodo,"Como este trabalho trata apenas de sistemas clássicos de planejamento, onde cada ação deve ter apenas uma saída possível e um comportamento determinístico, esses relacionamentos entre casos de usos não foram considerados.",Justificativa da exclusão: escopo restrito a planejamento clássico determinístico,Extraída pelo Coordenador (lacuna de cobertura),,mantém,alta,"Justificativa metodológica coerente com o escopo declarado do trabalho (planejamento clássico, determinístico).",manter,
AF-237,B2-039,704,Domínios,metodo,"No trabalho (GENERO e PIATTINI, 2001), estão definidas métricas que estabelecem a complexidade estrutural dos diagramas de classes, considerando o uso de associações, generalizações, agregações e dependências.",Métricas de complexidade estrutural para diagramas de classes,Tabela 06,,mantém,media,"Atribuição a Genero e Piattini (2001) de métricas de complexidade estrutural de diagramas de classes (associações, generalizações, agregações, dependências) é consistente com a linha de pesquisa conhecida desses autores em métricas de diagramas UML; fonte primária não está no corpus e não foi conferida diretamente.","se possível, conferir Genero e Piattini (2001) na fonte primária",
AF-238,B2-040,718,Domínios,metodo,É o valor que representa o caminho mais longo (profundidade da herança) entre uma classe e sua classe pai.,DIT e HAgg métricas de profundidade em hierarquias,,,mantém,media,"DIT (Depth of Inheritance Tree) é métrica padrão e bem estabelecida na literatura de métricas de software orientado a objetos (linhagem de Chidamber e Kemerer); a definição dada está correta. HAgg segue a mesma lógica por analogia, dentro da família de métricas de Genero e Piattini.",manter,
AF-239,B2-041,723,Domínios,metodo,"Da mesma forma, podemos caracterizar um determinado domínio de acordo com as métricas extraídas",Métricas de classes permitem caracterização combinada de domínios,Tabela 06,,mantém,alta,"Consequência lógica e correta: as métricas de classe permitem caracterizar domínios combinadamente, como as de casos de uso.",manter,
AF-240,B2-042,725,Domínios,metodo,"Por fim, no diagrama de estados existem métricas que revelam características do comportamento dinâmico de um domínio através dos diferentes elementos que compõe esse tipo de diagrama: estados, transições, atividades e ações.",Diagrama de estados fornece métricas de comportamento dinâmico,Tabela 07,,mantém,media,"Descrição padrão dos elementos de um diagrama de estados UML (estados, transições, ações de entrada/saída); terminologia consistente com a especificação da UML, ainda que a fonte específica (Genero, Miranda e Piattini, 2002) não tenha sido conferida.",manter,
AF-241,B2-043,743,Domínios,metodo,Os valores das métricas foram obtidos a partir de uma contagem manual dos elementos e relacionamentos presentes nos domínios selecionados e modelados em UML.P no itSIMPLE.,Métricas obtidas por contagem manual em modelos itSIMPLE,Tabelas 08 e 09,F3,mantém,media,"Descrição de método fiel ao que foi feito (contagem manual); a fragilidade do método está nos valores resultantes, não na descrição em si — ver achados G11 e G12 (Fase 0), que encontraram divergências de contagem manual em Pathways (associações) e TPP (generalizações).","Fase 3: considerar extração automática a partir do XML/PDDL para reduzir erro de contagem manual (ver G11, G12, G17)",
AF-242,B2-044,794,Domínios,metodo,"Cada valor de métrica foi classificado como Alto, Médio ou Baixo, considerando os valores dessas métricas nos 10 domínios estudados.",Discretização em três níveis usando variância dos valores,Tabelas 10 e 11,F7,mantém,alta,"Descrição de método fiel ao que foi feito (discretização em Alto/Médio/Baixo considerando os 10 domínios estudados), confirmada pelas Tabelas 10-11; a fragilidade da discretização com poucos pontos (F7) é tratada separadamente em AF-243/244/245.",manter,sem-numero
AF-243,B2-045,796,Domínios,metodo,"Por exemplo, o domínio Depots apresentou o maior valor na métrica Número total de classes (9); já o domínio Blocks World apresentou o menor valor de Número total de classes (3); a variância aproximada dos valores nesta faixa foi de 3,5.",Limiar de discretização calculado por variância entre máximo e mínimo,Tabelas 08 09 10,F7,reformula,alta,"[FATO] Conferência numérica confirma os extremos (Depots = 9 máximo, Blocks World = 3 mínimo em Número total de Classes), mas a ""variância aproximada de 3,5"" não se reproduz: o cálculo dá 3,24 (variância populacional) ou 3,60 (amostral) sobre os 10 valores (coluna conferencia_numerica, script do Coordenador).","corrigir o valor da variância para 3,24 (populacional) ou 3,60 (amostral), especificando a convenção usada; documentar a fórmula por script reprodutível na Fase 3","confere-parcial: Depots = 9 (máximo) e Blocks World = 3 (mínimo) conferem nas Tabelas 8–9. A ""variância aproximada de 3,5"" não se reproduz exatamente: 3,24 (populacional) ou 3,60 (amostral) sobre os 10 valores (Coordenador)"
AF-244,B2-046,846,Domínios,trabalho-futuro,"Esta estratégia simplificada de discretização foi adotada devido ao pequeno número de domínios relevantes para esta pesquisa que estavam disponíveis nas competições internacionais de planejamento. Entretanto, com a adição de mais domínios neste estudo, os valores de Baixo, Médio e Alto podem ser reclassificados para representarem adequadamente a variação dos valores das métricas de todos os domínios. Futuramente, quando uma",Discretização poderá ser refinada com mais domínios,,T6,reformula,media,"Descreve fielmente o trabalho futuro proposto em 2010 (reclassificar limiares com mais domínios), mas a literatura atual seguiu um caminho diferente do imaginado: a prática corrente evita discretizar e usa regressão sobre features contínuas (fawcett2014improved), não apenas refinar os limiares Alto/Médio/Baixo com mais pontos.",atualizar com o estado da arte (T6): citar fawcett2014improved sobre o uso de regressão em vez de discretização,
AF-245,B2-047,846,Domínios,trabalho-futuro,"Futuramente, quando uma quantidade razoável de domínios estiver sendo considerada, uma abordagem estatística poderá ser utilizada na discretização dos valores para refinar esta classificação.",Abordagem estatística sugerida para refinamento futuro,,T6,reformula,media,"Mesma situação de AF-244: a ""abordagem estatística"" sugerida foi parcialmente realizada, mas por um caminho diferente do previsto — evitar a discretização, não apenas aplicar estatística a ela (T6, insumos-fase1).",atualizar com o estado da arte (T6): citar fawcett2014improved,
AF-246,B3-001,852,Método,metodo,Com o propósito de estabelecer uma relação entre características de domínios e técnicas de planejamento é proposto neste trabalho um cruzamento entre as métricas extraídas da modelagem dos domínios em UML.P com a eficiência (número de problemas resolvidos) dos planejadores selecionados na resolução de problemas nos domínios escolhidos.,"Método cruza métricas UML.P dos domínios com a eficiência dos planejadores, medida pelo número de problemas resolvidos.",,,mantém,alta,Descreve com fidelidade o objetivo do método (cruzar métricas UML.P com a eficiência dos planejadores). Não há divergência com os dados.,nenhuma,
AF-247,B3-002,852,Método,metodo,"A qualidade de um plano e o tempo necessário para gerá-lo não foram considerados no método utilizado para identificar essa relação, que é composto por oito etapas:","Qualidade do plano e tempo de geração não entraram no método, que tem oito etapas.",,A7;F5,mantém,alta,"Descrição fiel do método: qualidade do plano e tempo de fato não entraram na medida de eficiência. A fragilidade dessa escolha (F5) recai sobre a conclusão A7, que reformula (insumos-fase1.md §1).",manter descrição; anotar remissão a A7 (reformulado) para o leitor,sem-numero
AF-248,B3-003,854,Método,metodo,"1ª etapa: modelagem dos domínios selecionados em UML.P utilizando o diagrama de casos de uso, o diagrama de classes e o diagrama de estados;","Etapa 1: modelar os domínios em UML.P com diagramas de casos de uso, classes e estados.",,,mantém,alta,"Descreve fielmente a etapa 1 (modelagem em UML.P com casos de uso, classes e estados), confirmada pelos próprios modelos do itSIMPLE no acervo.",nenhuma,sem-numero
AF-249,B3-004,856,Método,metodo,2ª etapa: contagem visual e manual das métricas extraídas da UML nos modelos dos domínios selecionados;,Etapa 2: contar manual e visualmente as métricas UML nos modelos dos domínios.,,F3,mantém,alta,"Descrição fiel da etapa 2 (contagem manual e visual). A fragilidade de depender do modelador (F3) é confirmada por G2, G11 e G12, mas a descrição do passo em si não é contradita.",nenhuma nesta afirmação; F3 já tratado nas afirmações de resultado que usam as contagens,sem-numero
AF-250,B3-005,858,Método,metodo,"3ª etapa: discretização das métricas, considerando a variância entre os valores para classificá-los como Alto, Médio e Baixo. Esses valores estabelecem as características do domínio;",Etapa 3: discretizar as métricas em Alto/Médio/Baixo pela variância entre os valores; esses valores definem as características do domínio.,,F7,mantém,alta,"Descrição fiel da etapa 3 (discretização por variância em Alto/Médio/Baixo), confirmada pelos limiares publicados (Tabelas 21-23) e pelo script.sql. F7 segue como questão de método em aberto para a Fase 3 (insumos-fase1.md §2).","FASE3: reproduzir e testar a robustez da discretização por variância com mais pontos (F7, G10)",sem-numero
AF-251,B3-006,860,Método,metodo,"4ª etapa: obter os valores de eficiência dos planejadores, nos domínios selecionados, nos resultados das competições internacionais de planejamento;",Etapa 4: obter a eficiência dos planejadores nos domínios a partir dos resultados das competições internacionais.,,F6,mantém,alta,"Descrição fiel da etapa 4 (eficiência a partir das competições internacionais), confirmada por 38 dos 100 pares planejador x domínio de treino (condicoes-de-execucao-2010.md).",nenhuma,sem-numero
AF-252,B3-007,862,Método,metodo,5ª etapa: obter os valores de eficiência dos planejadores nos domínios selecionados que não foram encontrados nos resultados das competições;,Etapa 5: obter a eficiência dos planejadores nos domínios cujos valores não constam nas competições.,,F6,mantém,alta,"Descrição fiel da etapa 5 (execução própria para valores faltantes), confirmada por 62 dos 100 pares de treino vindos de execução própria (condicoes-de-execucao-2010.md).",nenhuma,sem-numero
AF-253,B3-008,864,Método,metodo,6ª etapa: obter uma relação entre planejadores e técnicas de planejamento.,Etapa 6: relacionar planejadores a técnicas de planejamento.,,A6;F4,mantém,alta,"Descrição fiel da etapa 6 (relacionar planejadores a técnicas): o passo foi de fato executado. A taxonomia usada nesse passo é a que A6 descarta (fontes-planejadores.csv); a fraqueza recai sobre o conteúdo da taxonomia, não sobre esta descrição do processo.","remeter à correção de A6 (refazer em quatro dimensões: busca, heurística, representação, arquitetura)",sem-numero
AF-254,B3-009,866,Método,metodo,7ª etapa: obter uma relação entre características de domínios e técnicas de planejamento a partir dos resultados dos planejamentos (planejador x domínio).,Etapa 7: relacionar características de domínios a técnicas de planejamento a partir dos resultados planejador x domínio.,,A1,mantém,alta,"Descrição fiel da etapa 7. É a base metodológica de A1, mantido com reformulação (insumos-fase1.md §1).",nenhuma,sem-numero
AF-255,B3-010,868,Método,metodo,"8ª etapa: identificar quais são as características mais relevantes, ou seja, aquelas que causam maior diferença no desempenho dos planejadores.","Etapa 8: identificar as características mais relevantes, as que causam maior diferença no desempenho dos planejadores.","Critério de relevância retomado na seção 'Características de domínios relevantes', linha 1152.",A1,mantém,alta,"Descrição fiel da etapa 8; o critério de relevância é detalhado depois (AF-274 a AF-276, Tabelas 21-23).",nenhuma,sem-numero
AF-256,B3-011,872,Resultados da eficiência dos planejadores,metodo,"De acordo com o método proposto, a quarta e quinta etapas dependem dos resultados da eficiência dos planejadores em resolver problemas nos domínios estudados.",As etapas 4 e 5 dependem dos resultados de eficiência dos planejadores nos domínios estudados.,,,mantém,alta,Descrição correta da dependência das etapas 4 e 5 em relação aos dados de eficiência.,nenhuma,
AF-257,B3-012,872,Resultados da eficiência dos planejadores,numerica,"A partir da análise dos resultados das competições internacionais de planejamento, foi possível construir as tabelas 12 e 13.",A análise dos resultados das competições internacionais permitiu construir as tabelas 12 e 13.,Tabelas 12 e 13.,,mantém,alta,Descrição fiel: as Tabelas 12 e 13 de fato vêm da análise dos resultados das competições internacionais.,nenhuma,sem-numero
AF-258,B3-013,872,Resultados da eficiência dos planejadores,numerica,Os valores representam a porcentagem de problemas resolvidos pelo planejador nos domínios selecionados nesta pesquisa.,Os valores das tabelas 12 e 13 são a porcentagem de problemas resolvidos por planejador em cada domínio.,Tabelas 12 e 13.,,mantém,alta,Descrição fiel do conteúdo das Tabelas 12 e 13 (percentual de problemas resolvidos por planejador em cada domínio).,nenhuma,sem-numero
AF-259,B3-014,908,Resultados da eficiência dos planejadores,metodo,"Entretanto, não foi possível obter nos resultados das competições internacionais de planejamento todos os valores das eficiências dos planejadores nos domínios selecionados, uma vez que os domínios e planejadores foram criados em anos diferentes e participaram de edições diferentes da competição internacional de planejamento.",Nem todos os valores de eficiência constavam nas competições porque domínios e planejadores surgiram em anos e edições diferentes.,,F6,mantém,alta,"Descrição fiel do motivo dos dados faltantes (domínios e planejadores de anos/edições diferentes das IPCs), coerente com F6.",nenhuma,
AF-260,B3-015,908,Resultados da eficiência dos planejadores,metodo,"Para obter esses valores, assim como é feito nas competições, foi necessário executar processos de planejamento para cada par de planejador x domínio faltantes.","Os valores faltantes foram obtidos executando processos de planejamento para cada par planejador x domínio ausente, como nas competições.",,F6,mantém,alta,"Descrição fiel da execução própria para completar pares faltantes, confirmada por condicoes-de-execucao-2010.md (62 pares de execução própria).",nenhuma,
AF-261,B3-016,910,Resultados da eficiência dos planejadores,metodo,"Os planejadores, obtidos nos websites ou através de contatos com os seus autores na versão original utilizada nas competições internacionais de planejamento, foram executados em oito computadores com a mesma configuração de hardware (Intel Core 2 Duo 2.5 GHz com 4 GB de memória RAM) e software (Linux Ubuntu 9.04).","Planejadores na versão original das competições, obtidos de sites ou autores, rodaram em oito computadores com hardware e software padronizados.",,F6,mantém,alta,"Confirmado por condicoes-de-execucao-2010.md: mesma versão original das competições, 8 computadores com hardware/software padronizados (Intel Core 2 Duo 2,5 GHz, 4 GB RAM, Ubuntu 9.04).",nenhuma,sem-numero
AF-262,B3-017,910,Resultados da eficiência dos planejadores,numerica,O tempo máximo (timeout) para um planejador resolver um problema de planejamento foi de 20 (vinte) minutos.,O timeout para cada planejador resolver um problema foi de 20 minutos.,,F6,mantém,alta,"Conferência numérica: fonte-externa, confirmada pelos scripts do acervo (`timeout 1200` = 20 min) em condicoes-de-execucao-2010.md.",nenhuma,fonte-externa
AF-263,B3-018,912,Resultados da eficiência dos planejadores,numerica,Foram executados cerca de 2.000 (dois mil) processos de planejamento.,Cerca de 2.000 processos de planejamento foram executados.,,F6,mantém,media,"Conferência numérica: fonte-externa. condicoes-de-execucao-2010.md estima 2.012 processos possíveis nos pares de execução própria + Storage, compatível em ordem de grandeza com ""cerca de 2.000"", mas isso é coincidência de ordem de grandeza, não prova exata (nota do próprio documento).","nenhuma; manter ""cerca de"" no texto revisado",fonte-externa
AF-264,B3-019,912,Resultados da eficiência dos planejadores,metodo,Para cada par planejador x domínio foi criado um arquivo contendo os planos gerados e o tempo para gerar cada um dos planos.,Cada par planejador x domínio gerou um arquivo com os planos e o tempo de geração.,,,mantém,baixa,"REVISÃO DO COORDENADOR (confiança rebaixada: apoio em plausibilidade ou conhecimento geral, não em fonte do projeto). Descrição plausível e coerente com o método (arquivo de planos e tempo por par planejador x domínio); dá base para conferir tempo de execução na Fase 3.",CONFERIR na fonte primária antes de manter. FASE3: usar esses arquivos de tempo para medir eficiência além da cobertura (F5),
AF-265,B3-020,912,Resultados da eficiência dos planejadores,numerica,Os resultados obtidos e analisados ajudaram a completar os dados faltantes e deram origem as tabelas 14 e 15.,"Os resultados das execuções completaram os dados faltantes, originando as tabelas 14 e 15.",Tabelas 14 e 15.,F6,mantém,alta,Descrição fiel: as Tabelas 14 e 15 de fato combinam competição e execução própria (G9).,nenhuma,sem-numero
AF-266,B3-021,948,Resultados da eficiência dos planejadores,metodo,"Para simplificar a análise e a comparação entre os planejadores, os valores percentuais foram convertidos para valores entre 0 (zero) e 10 (dez).","Para simplificar a análise, os valores percentuais de eficiência foram convertidos em nota de 0 a 10.",,F5,mantém,alta,"Descrição fiel da conversão de percentual para nota 0-10; é uma simplificação de exibição, não altera a medida de base (cobertura), cuja limitação já está em A7/F5.",nenhuma,sem-numero
AF-267,B3-022,948,Resultados da eficiência dos planejadores,numerica,Esses valores representam a nota da eficiência do planejador em resolver problemas de um determinado domínio.,A nota de 0 a 10 representa a eficiência do planejador em resolver problemas de um domínio.,Tabelas 16 e 17.,,mantém,alta,Descrição fiel do significado das Tabelas 16 e 17 (nota de eficiência por domínio).,nenhuma,sem-numero
AF-268,B3-023,986,Relação entre características de domínios e técnicas de planejamento,metodo,"Para obter a relação entre características de domínios e técnicas de planejamento, o primeiro passo foi encontrar o desempenho médio de uma característica de domínio para uma determinada técnica.",O primeiro passo para relacionar características e técnicas foi calcular o desempenho médio de uma característica para uma técnica.,,A1,mantém,alta,"Descrição fiel do primeiro passo da construção da relação característica x técnica, base metodológica de A1.",nenhuma,
AF-269,B3-024,986,Relação entre características de domínios e técnicas de planejamento,metodo,Na tabela 18 está o exemplo da relação entre a característica HAgg Máximo Alto (valor mais alto de profundidade de uma agregação) com a técnica de planejamento Forward-chaining:,Tabela 18 exemplifica a relação entre a característica HAgg Máximo Alto e a técnica Forward-chaining.,Tabela 18.,,mantém,alta,Descrição fiel: a Tabela 18 de fato exemplifica a relação HAgg Máximo Alto x Forward-chaining.,nenhuma,sem-numero
AF-270,B3-025,1033,Relação entre características de domínios e técnicas de planejamento,resultado,"A média das notas resultante significa que, quando a característica HAgg Máximo Alto está presente no domínio, a técnica Forward-chaining tem uma eficiência em torno de 80% para resolver problemas deste domínio.","Quando HAgg Máximo Alto está presente, a técnica Forward-chaining tem eficiência em torno de 80%.","Tabela 18, média 8.",A1,mantém,alta,"Conferência numérica: confere (Tabela 18, média 8,30 sobre 37 notas, publicada como 8; ""em torno de 80%"" bate com o valor recalculado).",nenhuma,"confere: Tabela 18: média 8,30 sobre 37 notas (publicada como 8); ""em torno de 80%"" confere (Coordenador)"
AF-271,B3-026,1033,Relação entre características de domínios e técnicas de planejamento,metodo,O cálculo desta média foi feito para todos os demais pares de característica de domínio x técnica de planejamento.,O mesmo cálculo de média foi repetido para todos os pares característica x técnica.,,,mantém,alta,"Descrição fiel: o mesmo cálculo foi de fato repetido para os demais pares, consistente com as Tabelas 19 e 20.",nenhuma,
AF-272,B3-027,1035,Relação entre características de domínios e técnicas de planejamento,metodo,"O segundo passo foi compor todas essas médias resultantes nas tabelas 19 e 20, quantificando todas as relações técnicas de planejamento x características de domínios:","O segundo passo reuniu todas as médias nas tabelas 19 e 20, quantificando as relações técnica x característica.",Tabelas 19 e 20.,,mantém,alta,Descrição fiel do segundo passo (compor as médias nas Tabelas 19 e 20).,nenhuma,sem-numero
AF-273,B3-028,1152,Características de domínios relevantes,classificacao,"Algumas características causaram maior diferença na eficiência dos planejadores, sendo classificadas como mais relevantes na relação criada.",Características que causaram maior diferença na eficiência foram classificadas como mais relevantes.,"Repete o critério de relevância já citado na etapa 8, linha 868.",A1,mantém,alta,"Descrição fiel do critério de relevância (retomado da etapa 8, AF-255), consistente com as Tabelas 21-23.",nenhuma,
AF-274,B3-029,1152,Características de domínios relevantes,classificacao,As características que tiveram uma variação de até 3 (três) pontos foram consideradas não relevantes.,Variação de até 3 pontos: característica não relevante.,Tabela 21.,F7,mantém,alta,"Descrição fiel do limiar de ""não relevante"" (até 3 pontos de variação), consistente com a Tabela 21.",FASE3: revisar esse limiar junto com a discretização por variância (F7),sem-numero
AF-275,B3-030,1152,Características de domínios relevantes,classificacao,As que obtiveram uma variação de 4 (quatro) a 5 (cinco) pontos foram consideradas pouco relevantes.,Variação de 4 a 5 pontos: característica pouco relevante.,Tabela 22.,F7,mantém,alta,"Descrição fiel do limiar de ""pouco relevante"" (4-5 pontos), consistente com a Tabela 22.",FASE3: revisar esse limiar junto com a discretização por variância (F7),sem-numero
AF-276,B3-031,1152,Características de domínios relevantes,classificacao,E as características que obtiveram uma variação acima de 6 (seis) pontos foram consideradas muito relevantes.,Variação acima de 6 pontos: característica muito relevante.,Tabela 23.,F7,mantém,alta,"Descrição fiel do limiar de ""muito relevante"" (acima de 6 pontos), consistente com a Tabela 23.",FASE3: revisar esse limiar junto com a discretização por variância (F7),sem-numero
AF-277,B3-041,1152,Características de domínios relevantes,classificacao,"Por fim, a tabela 22 mostra as características mais relevantes para as técnicas de planejamento.","O texto remete à tabela 22 para as características mais relevantes, mas o conteúdo está na tabela 23.",Aparente erro de numeração no texto original (a tabela das características muito relevantes é a 23); trecho copiado literalmente da linha 1152.,,reformula,alta,"Erro de numeração no próprio texto original: as características muito relevantes estão na Tabela 23, não na Tabela 22 (a Tabela 22 é a de ""pouco relevante"", ver AF-275). Trecho copiado literalmente da linha 1152.","corrigir referência de tabela: ""tabela 22"" para ""tabela 23"" nesta frase",sem-numero
AF-278,B3-032,1224,Características de domínios relevantes,classificacao,"Algumas características causaram mais impacto em determinadas técnicas de planejamento, fazendo com que a variação de desempenho fosse maior.","Algumas características causaram mais impacto em técnicas específicas, ampliando a variação de desempenho.",,,mantém,alta,"Descrição fiel: algumas características de fato causam mais impacto em técnicas específicas, ampliando a variação (consistente com as Tabelas 24-25).",nenhuma,
AF-279,B3-033,1224,Características de domínios relevantes,classificacao,As tabelas 24 e 25 apresentam uma relação completa das características que causaram maior variação no desempenho das técnicas de planejamento.,Tabelas 24 e 25 relacionam as características de maior impacto no desempenho das técnicas.,Tabelas 24 e 25.,,mantém,alta,Descrição fiel do conteúdo das Tabelas 24 e 25.,nenhuma,sem-numero
AF-280,B3-034,1224,Características de domínios relevantes,classificacao,O sinal “x” indica que a variação de uma determinada característica de domínio influencia no desempenho de um planejador que utiliza uma determinada técnica de planejamento.,O sinal x nas tabelas 24 e 25 indica que a característica influencia o desempenho da técnica.,,,mantém,alta,"Descrição fiel do significado do sinal ""x"" nas Tabelas 24-25, coerente com os limiares de variação já descritos (AF-274 a AF-276).",nenhuma,
AF-281,B3-035,1274,Características de domínios relevantes,resultado,A característica Número de Casos de Uso por Atores impacta em quase todas as técnicas de planejamento.,Número de Casos de Uso por Atores impacta quase todas as técnicas de planejamento.,"Tabelas 24 e 25, linhas 1232 e 1256.",A1,reformula,alta,"[FATO] G1: a métrica ""Número de Casos de Uso por Atores"" tem rótulo invertido — os valores publicados são atores ÷ casos de uso, não o contrário (achados-fase0.md). O achado de impacto amplo pode se sustentar, mas o nome da característica precisa ser corrigido antes de reafirmar a relação.","corrigir o rótulo da métrica conforme G1 (""Número Médio de Atores por Caso de Uso"") em toda a seção",
AF-282,B3-036,1274,Características de domínios relevantes,resultado,"A relação entre o número de atores e o número de casos de uso (ou ações), interfere diretamente nas técnicas de planejamento.",A relação entre número de atores e número de casos de uso interfere diretamente nas técnicas de planejamento.,,A1,reformula,alta,"Mesma característica de AF-281, com o mesmo problema de rótulo invertido (G1). O sentido da relação (atores/casos de uso) precisa ser reexplicado com o rótulo corrigido antes de manter a conclusão como está.",corrigir o rótulo da métrica conforme G1,
AF-283,B3-037,1274,Características de domínios relevantes,resultado,O mesmo acontece para as características Número total de Agregação e Número total de atributos.,O mesmo padrão de impacto amplo ocorre para Número total de Agregação e Número total de Atributos.,Repete o resultado da linha 1274 (impacto quase geral) para outras duas características.,A1,reformula,media,"[HIPÓTESE] G13: a métrica ""Agregação"" não é conferível pelo XML dos modelos — só Logistics e Satélite têm extremos de agregação/composição no diagrama, mas quase todos os domínios têm valor não-zero, sugerindo critério de contagem não documentado (achados-fase0.md). A afirmação sobre o impacto de ""Número total de Agregação"" repousa sobre uma métrica cujo critério de extração não está definido.","definir o critério explícito de ""Agregação"" no extrator da Fase 3 (G13) antes de reafirmar o impacto dessa característica",
AF-284,B3-038,1276,Características de domínios relevantes,resultado,Outra análise que pode ser feita é a comparação de duas técnicas: Partial-order e Total-order.,O texto compara o impacto das características nas técnicas Partial-order e Total-order.,,,mantém,alta,Descrição fiel: o texto de fato introduz uma comparação entre as técnicas Partial-order e Total-order nas Tabelas 24-25.,nenhuma,sem-numero
AF-285,B3-039,1276,Características de domínios relevantes,resultado,"Nos resultados obtidos, a variação do Número total de Classes de um domínio afeta diretamente a técnica Partial-order.",O Número total de Classes afeta diretamente a técnica Partial-order.,"Tabela 24, linha 1233.",A6;F4,reformula,media,"A afirmação depende de planejadores estarem corretamente rotulados como ""Partial-order"" na Tabela 4, taxonomia que A6 descarta por misturar quatro dimensões independentes (busca, heurística, representação, arquitetura) e conter atribuições sem respaldo na fonte primária (fontes-planejadores.csv, insumos-fase1.md §1).",revalidar a associação Número de Classes x Partial-order depois de refazer a taxonomia em quatro dimensões (A6),
AF-286,B3-040,1276,Características de domínios relevantes,resultado,Já a técnica Total-order é afetada diretamente pela característica Número total de Transições.,A técnica Total-order é afetada diretamente pelo Número total de Transições.,"Tabela 24, linha 1246.",A6;F4,reformula,media,"Mesma ressalva de AF-285: a afirmação depende da classificação ""Total-order"" da Tabela 4, que A6 descarta (fontes-planejadores.csv mostra, por exemplo, que ""Total-order"" atribuído a IPP e Blackbox não tem respaldo direto na fonte primária desses planejadores).",revalidar a associação Número de Transições x Total-order depois de refazer a taxonomia em quatro dimensões (A6),
AF-287,B4-001,1280,Testes e validações,metodo,"Para validar a relação estabelecida foram utilizados três outros domínios presentes nas competições internacionais de planejamento: Storage, Zeno-travel e Elevator.",Três domínios de competições internacionais foram usados para validação da relação entre características e técnicas.,,,mantém,alta,"Descrição fiel: Storage, Zeno-travel e Elevator são de fato os três domínios de validação, confirmados como domínios de competições internacionais em docs/benchmarks-ipc-ate-2008.md.",nenhuma,sem-numero
AF-288,B4-002,1282,Testes e validações,metodo,O objetivo dos testes é criar um ranking de planejadores que terão melhor desempenho na resolução de problemas nestes domínios com base na relação criada entre características de domínios e técnicas de planejamento.,O objetivo dos testes é criar um ranking de planejadores baseado na relação entre características e técnicas.,,A3,mantém,alta,"Descrição fiel do objetivo dos testes (criar ranking baseado na relação característica x técnica). A força desse ranking como validação é tratada nas afirmações de resultado por domínio (A3, reformulado — ver AF-299, AF-322, AF-334, AF-335).",nenhuma,
AF-289,B4-003,1284,Testes e validações,metodo,A execução dos testes nos domínios propostos é feita através de seis passos:,Processo de validação estruturado em seis etapas.,,,mantém,alta,"Descrição fiel: o processo de validação é de fato estruturado em seis passos, confirmados pelo restante da seção.",nenhuma,sem-numero
AF-290,B4-004,1300,Domínio Storage,sobre-obra,O domínio Storage envolve raciocínio espacial.,Storage envolve raciocínio espacial.,,,mantém,media,"Caracterização geral do domínio Storage (movimentação de containers em áreas/corredores) consistente com a definição usual do domínio nas IPCs, mas não verificada por uma fonte primária específica do projeto.","conferir na fonte primária (especificação/README do domínio Storage na IPC), se necessário para o texto final",
AF-291,B4-005,1316,Domínio Storage,metodo,a tabela 26 mostra a identificação e contabilização das características do domínio Storage.,Métricas do Storage quantificadas e classificadas.,Tabela 26,,mantém,alta,Descrição fiel: a Tabela 26 de fato identifica e contabiliza as características do domínio Storage.,nenhuma,sem-numero
AF-292,B4-006,1342,Domínio Storage,metodo,as tabelas 27 e 28 mostram os resultados dos cálculos das médias de eficiência das técnicas de planejamento com base nos valores obtidos nas tabelas 19 e 20.,Média de eficiência calculada para cada técnica em cada característica.,Tabelas 27 e 28,,mantém,alta,Descrição fiel: as Tabelas 27 e 28 de fato mostram as médias de eficiência calculadas a partir das Tabelas 19 e 20.,nenhuma,sem-numero
AF-293,B4-007,1342,Domínio Storage,numerica,"A média geral das notas de eficiência dos planejadores que utilizam a técnica Foward chaining para todas as características presentes no domínio Storage é 6,76.","Nota média de eficiência: Forward chaining 6,76 no Storage.",Tabela 27,,mantém,alta,"Conferência numérica: confere (nota 6,76 para Forward-chaining no Storage, Tabela 27).",nenhuma,confere
AF-294,B4-008,1395,Domínio Storage,metodo,a tabela 29 mostra o cálculo da média das médias de desempenho dos planejadores com base nas técnicas de planejamento.,Índice de desempenho calculado para cada planejador no domínio.,Tabela 29,,mantém,alta,"Descrição do que a Tabela 29 mostra (cálculo da média das médias) é fiel ao método. A conferência numérica (G18) aponta pequenos erros nos VALORES da própria Tabela 29 (1 divergência além de arredondamento, 4 truncamentos), mas isso não contradiz esta descrição do processo.",corrigir os valores da Tabela 29 conforme conferencia-medias.csv (G18) na versão revisada,"diverge: Tabela 29: 1 média diverge além do arredondamento (FF 6,85 × 6,89 recalculado) e 4 foram truncadas; nenhuma muda a ordem. Ver conferencia-medias.csv; achado G18 (Coordenador)"
AF-295,B4-009,1395,Domínio Storage,numerica,"Calculando a média das notas dessas técnicas de planejamento, obtemos a nota do planejador (6,17) para o domínio Storage.","Blackbox: nota de desempenho 6,17 no domínio Storage.",Tabela 29,,reformula,alta,"[FATO] G18: a nota do Blackbox no Storage está incorreta. Recalculando a média das cinco técnicas na Tabela 28 (6,06; 6,65; 6,76; 6,24; 4,65) obtém-se 6,07, não 6,17. A própria Tabela 29 publica 6,1 e a Tabela 30 publica 6,2 — três valores diferentes para o mesmo número.","corrigir 6,17 para 6,07 (recalculado) e alinhar as Tabelas 29 e 30, hoje divergentes entre si","diverge: Texto: 6,17. Recalculado das cinco técnicas do Blackbox na Tabela 28 (6,06; 6,65; 6,76; 6,24; 4,65): 6,07. Tabela 29 publica 6,1 e Tabela 30, 6,2. Ver conferencia-medias.csv e conferencia-transcricao-ranking.csv; achado G18 (Coordenador)"
AF-296,B4-010,1416,Domínio Storage,resultado,a tabela 30 mostra o ranking dos planejadores mais promissores para resolução de problemas no domínio Storage.,"Ranking de planejadores para Storage: Fast Downward (7,4) em 1º, YAHSP (7,2) em 2º.",Tabela 30,,mantém,alta,"Os dois valores citados nesta afirmação (Fast Downward 7,4 e YAHSP 7,2) conferem em conferencia-transcricao-ranking.csv. G18 aponta divergências em OUTRAS quatro linhas da mesma Tabela 30 (IPP, SatPlan, MaxPlan, Blackbox) que não mudam a ordem do ranking e não afetam os dois valores citados aqui.","corrigir as 4 linhas divergentes da Tabela 30 identificadas em G18, mesmo que não afetem esta afirmação","diverge: Tabela 30 não copia a Tabela 29 em 4 valores (IPP 6,5 × 6,4; SatPlan e MaxPlan 6,3 × 6,23; Blackbox 6,2 × 6,1); a ordem não muda. Ver conferencia-transcricao-ranking.csv; achado G18 (Coordenador)"
AF-297,B4-011,1435,Domínio Storage,resultado,O domínio LPG obteve uma eficiência de 90% e o IPP apenas de 40%.,LPG: 90% de eficiência; IPP: 40% no domínio Storage.,Tabela 31; linha 1441-1448,,mantém,alta,"Confirmado em data/2010/validacao_ranking.csv: LPG tem nota_real 9 (=90%) e IPP tem nota_real 4 (=40%) no domínio Storage, batendo exatamente com o texto.",nenhuma,sem-numero
AF-298,B4-012,1435,Domínio Storage,numerica,a tabela 31 mostra o real desempenho dos planejadores no domínio Storage.,Desempenho real dos planejadores no Storage.,"Tabela 31; LPG nota 9, YAHSP 8, FF 6, Fast Downward 6",,mantém,alta,"Conferência numérica: confere (Tabela 31, desempenho real dos planejadores no Storage).",nenhuma,confere
AF-299,B4-013,1454,Domínio Storage,resultado,"Para o domínio Storage, o ranking de planejadores criado demonstrou uma margem de acerto de 50%.",Ranking previsto vs. realidade: 50% de acurácia no Storage.,,A3,reformula,alta,"CONFIRMADO PELO AUTOR (23/09/2026): a taxa de acerto de 2010 é a coincidência exata de posição. [FATO] G19: os ""50%"" não são definidos no texto e se reproduzem apenas como coincidência exata de posição entre as Tabelas 30 e 31 (5 de 10); essa medida não trata empates.  Uma linha de base sem características de domínio obtém 10% na mesma medida, mas correlação de postos de 0,75 contra 0,81 do método de 2010 (conferencia-rankings.csv) — diferença pequena.","definir explicitamente a métrica de acerto na versão revisada; adotar medidas que tratem empates (correlação de postos, acerto do melhor, perda vs. virtual best), conforme G19",reproduzido: 50% se reproduz como coincidência exata de posição entre Tabelas 30 e 31 (5 de 10). A medida não é definida no texto; o autor confirmou em 23/09/2026 que é essa. Linha de base sem características: 10%. Ver conferencia-rankings.csv; achado G19 (Coordenador)
AF-300,B4-014,1454,Domínio Storage,resultado,os cinco primeiros planejadores do ranking foram os que apresentaram os melhores resultados.,Top-5 do ranking previsto correspondeu aos melhores resultados reais.,,A3;A1,reformula,alta,"[FATO] G20: uma linha de base sem características de domínio (nota média de cada planejador nos 10 domínios de treino) também acerta 100% do top-5 do Storage (conferencia-rankings.csv), o mesmo resultado do método de 2010. O fato citado é verdadeiro, mas não distingue o método baseado em características de uma linha de base simples.",qualificar a afirmação com a comparação a uma linha de base sem características (G20); citar delarosa2017performance* como pano de fundo teórico (não citável ainda — ver referencias.bib),sem-numero
AF-301,B4-015,1458,Domínio Zeno-travel,sobre-obra,"O domínio Zeno-travel envolve transportar pessoas em aviões, usando duas formas de movimento: rápido e lento.",Zeno-travel: transporte de pessoas com movimento rápido e lento.,,,mantém,media,"Consistente com o modelo ZenoTravelDomainv1.xml (ações `fly`, `zoom`, atributos `fuelLevel`, `fuelCapacity`), citado em docs/benchmarks-ipc-ate-2008.md, que confirma dois modos de movimento associados a consumo de combustível diferente.",nenhuma,sem-numero
AF-302,B4-016,1458,Domínio Zeno-travel,sobre-obra,O movimento rápido dos aviões consome mais combustível que o movimento lento.,Movimento rápido consome mais combustível; lento economiza.,,,mantém,media,"Mesma base de evidência de AF-301 (atributos de combustível no modelo ZenoTravelDomainv1.xml, docs/benchmarks-ipc-ate-2008.md).",nenhuma,
AF-303,B4-017,1458,Domínio Zeno-travel,sobre-obra,Esse detalhe faz com que a busca por um plano de boa qualidade seja mais difícil.,Diferença de custo entre movimentos torna a busca por plano de qualidade mais desafiadora.,,A7;F5,reformula,baixa,"REVISÃO DO COORDENADOR (confiança rebaixada: apoio em plausibilidade ou conhecimento geral, não em fonte do projeto). [HIPÓTESE] Afirmação plausível sobre dificuldade de planos de boa qualidade, mas a própria dissertação nunca avalia qualidade de plano (A7/F5: eficiência = cobertura). A afirmação é teoricamente razoável, mas não testada pelos dados de 2010.",CONFERIR na fonte primária antes de manter. sinalizar que esta afirmação não é verificada pelos próprios experimentos de 2010 (F5); FASE3: avaliar qualidade de plano no Zeno-travel,
AF-304,B4-018,1474,Domínio Zeno-travel,metodo,"A tabela 32 relaciona as características encontradas, seus valores e classificação.",Características do Zeno-travel identificadas e classificadas.,Tabela 32,,mantém,alta,"Descrição fiel: a Tabela 32 de fato relaciona características, valores e classificação do Zeno-travel.",nenhuma,sem-numero
AF-305,B4-019,1500,Domínio Zeno-travel,metodo,As tabelas 33 e 34 mostram os valores e as médias de eficiência das técnicas de planejamento no domínio Zeno-travel.,Eficiência das técnicas calculadas para Zeno-travel.,Tabelas 33 e 34,,mantém,alta,Descrição fiel: as Tabelas 33 e 34 de fato mostram valores e médias de eficiência das técnicas no Zeno-travel.,nenhuma,sem-numero
AF-306,B4-020,1523,Domínio Zeno-travel,numerica,"| MÉDIA | MÉDIA | 3,88 | 6,71 | 8,82 | 6,53 | 6,59 |",Eficiência média das técnicas no Zeno-travel.,Tabela 33; linha 1523,,mantém,alta,Conferência numérica: confere (linha MÉDIA da Tabela 33).,nenhuma,confere
AF-307,B4-021,1552,Domínio Zeno-travel,metodo,A tabela 35 mostra o índice de desempenho da cada planejador.,Índice de desempenho de cada planejador no Zeno-travel.,Tabela 35,,mantém,alta,"Descrição do que a Tabela 35 mostra é fiel ao método. G18 aponta 4 divergências nos VALORES da própria tabela (LPG, YAHSP, SatPlan, MaxPlan), sem mudar a ordem do ranking; não contradiz esta descrição do processo.",corrigir os valores da Tabela 35 conforme conferencia-medias.csv (G18),"diverge: Tabela 35: 4 médias divergem além do arredondamento (LPG 6,90 × 6,98; YAHSP 6,90 × 6,96; SatPlan e MaxPlan 6,40 × 6,38); a ordem não muda. Ver conferencia-medias.csv; achado G18 (Coordenador)"
AF-308,B4-022,1573,Domínio Zeno-travel,resultado,"A tabela 36 representa o ranking dos planejadores, criado com base nas médias calculadas na tabela 35.","Ranking para Zeno-travel: Fast Downward (7,24) em 1º.",Tabela 36; linhas 1578-1588,,mantém,alta,"O valor citado (Fast Downward 7,24) confere em conferencia-transcricao-ranking.csv (tabela_36, situação ""confere"").",nenhuma,sem-numero
AF-309,B4-023,1592,Domínio Zeno-travel,resultado,A tabela 37 representa os valores de desempenho dos planejadores obtidos na resolução dos problemas de planejamento do domínio Zeno-travel.,Desempenho real dos planejadores em Zeno-travel.,Tabela 37,,mantém,media,Descrição fiel do conteúdo da Tabela 37 (desempenho real no Zeno-travel); nenhum número específico citado nesta afirmação para conferir.,nenhuma,sem-numero
AF-310,B4-024,1611,Domínio Zeno-travel,resultado,O domínio Zeno-travel é um domínio mais simples em relação ao domínio Storage.,Zeno-travel é menos complexo que Storage.,,A5;F3,reformula,media,"[HIPÓTESE] A comparação de ""simplicidade"" entre domínios é feita por contagem de características UML, um instrumento que depende do modelador (F3) e cuja relação com a dificuldade real não é a melhor disponível (A5, reformulado: grafo causal, DTG e treewidth são determinantes com efeito demonstrado, helmert2009concise, hoffmann2011analyzing).","qualificar ""mais simples"" como comparação por métricas UML, não por medida de dificuldade computacional estabelecida (A5)",
AF-311,B4-025,1611,Domínio Zeno-travel,resultado,A maioria dos planejadores conseguiu resolver todos os problemas deste domínio.,Maioria dos planejadores resolveu completamente problemas do Zeno-travel.,,,mantém,alta,"Confirmado em data/2010/validacao_ranking.csv: 6 dos 10 planejadores (FF, LPG, Fast Downward, YAHSP, SGPlan, MaxPlan) têm nota_real 10 (100% resolvido) no Zeno-travel.",nenhuma,sem-numero
AF-312,B4-026,1611,Domínio Zeno-travel,resultado,"Em relação ao ranking de planejadores, ficou comprovado que os planejadores indicados como sendo os piores para resolver problemas do Zeno-travel, realmente tiveram os piores desempenhos.",Previsão de piores planejadores confirmada no Zeno-travel.,,A3,reformula,alta,"O fato é verdadeiro (R e Blackbox, previstos piores, têm as notas reais mais baixas: 5 e 7, data/2010/validacao_ranking.csv), mas G20 mostra correlação de postos de 0,94-0,99 entre os rankings previstos dos três domínios de validação e uma linha de base sem características que também erra pouco — não é exclusivo do método baseado em características. ""Comprovado"" superestima o que foi de fato demonstrado.","qualificar ""ficou comprovado"" citando a comparação com a linha de base (G20)",
AF-313,B4-027,1615,Domínio Elevator,sobre-obra,"O domínio Elevator é baseado no controlador de elevadores Miconic-10, desenvolvido pela Schindler Elevadores.",Elevator baseado no Miconic-10 (Schindler).,,,mantém,alta,"Confirmado em docs/benchmarks-ipc-ate-2008.md: o domínio Elevator do acervo é o Miconic-10 da IPC 2000, e o documento usa a mesma referência a ""Miconic-10 da Schindler"" ao diferenciá-lo do Elevator da IPC 2008.",nenhuma,sem-numero
AF-314,B4-028,1615,Domínio Elevator,sobre-obra,O problema consiste em controlar um sofisticado elevador para transportar seus passageiros aos seus destinos.,Elevator: controlar elevador para transportar passageiros.,,,mantém,alta,"Descrição geral consistente com o modelo ElevatorDomainv1.xml (Passenger com origin/destin/boarded/served), citado em docs/benchmarks-ipc-ate-2008.md.",nenhuma,
AF-315,B4-029,1615,Domínio Elevator,sobre-obra,"O movimento do elevador deve considerar a prioridade dos passageiros, os passageiros que precisam ser transportados sem paradas até os seus destinos e passageiros que precisam estar acompanhados para serem transportados.","Elevator tem restrições: prioridade, transporte sem paradas, acompanhamento.",,,reformula,alta,"[FATO] docs/benchmarks-ipc-ate-2008.md: o modelo ElevatorDomainv1.xml e a variante identificada no acervo (`elevator-strips-simple-typed`) correspondem ao Miconic **simples** (só origin/destin/boarded/served), não ao Miconic **full**. As restrições descritas aqui — prioridade de passageiros, transporte sem paradas, passageiros que precisam de acompanhante — são características do Miconic full, não do simples que foi de fato usado.","corrigir a descrição do domínio: o Elevator usado em 2010 é a variante simples do Miconic-10, sem as restrições de prioridade/sem-parada/acompanhante descritas neste trecho",
AF-316,B4-030,1631,Domínio Elevator,metodo,a tabela 38 mostra as características identificadas no domínio Elevator e seus respectivos valores e classificação.,Características do Elevator identificadas.,Tabela 38,,mantém,alta,"Descrição fiel: a Tabela 38 de fato identifica as características do Elevator, seus valores e classificação.",nenhuma,sem-numero
AF-317,B4-031,1657,Domínio Elevator,metodo,"As tabelas 39 e 40 relacionam os valores de eficiência das técnicas de planejamento em cada uma das características do domínio Elevator, exibindo no fim as médias de eficiência.",Eficiência das técnicas calculadas para Elevator.,Tabelas 39 e 40,,mantém,alta,"Descrição fiel: as Tabelas 39 e 40 de fato relacionam eficiência das técnicas por característica no Elevator, com médias ao final.",nenhuma,sem-numero
AF-318,B4-032,1680,Domínio Elevator,numerica,"| MÉDIA | MÉDIA | 5,00 | 6,88 | 8,88 | 6,76 | 6,82 |",Eficiência média das técnicas no Elevator.,Tabela 39; linha 1680,,mantém,alta,Conferência numérica: confere (linha MÉDIA da Tabela 39).,nenhuma,confere
AF-319,B4-033,1709,Domínio Elevator,metodo,A tabela 41 mostra o índice de desempenho de cada planejador.,Índice de desempenho de cada planejador no Elevator.,Tabela 41,,mantém,alta,"Descrição do que a Tabela 41 mostra é fiel ao método. G18 aponta apenas truncamento em duas linhas (Blackbox, FF), sem outra divergência e sem mudar a ordem.",corrigir o truncamento das notas de Blackbox e FF na Tabela 41 (G18),"confere-parcial: Tabela 41: duas médias truncadas (Blackbox, FF), nenhuma divergência além disso. Ver conferencia-medias.csv (Coordenador)"
AF-320,B4-034,1730,Domínio Elevator,resultado,"A tabela 42 representa o ranking dos planejadores, criado com base nas médias calculadas na tabela 41.","Ranking para Elevator: Fast Downward (7,54) em 1º.",Tabela 42; linhas 1735-1745,,mantém,alta,"O valor citado (Fast Downward 7,54) confere em conferencia-transcricao-ranking.csv (tabela_42, situação ""confere"").",nenhuma,sem-numero
AF-321,B4-035,1749,Domínio Elevator,resultado,A tabela 43 representa os valores de desempenho dos planejadores obtidos na resolução dos problemas de planejamento do domínio Elevator.,Desempenho real dos planejadores em Elevator.,Tabela 43,,mantém,media,Descrição fiel do conteúdo da Tabela 43 (desempenho real no Elevator); nenhum número específico citado nesta afirmação para conferir.,nenhuma,sem-numero
AF-322,B4-036,1768,Domínio Elevator,resultado,"No domínio Elevator, o ranking obteve uma taxa de acerto de 50%.",Ranking Elevator: 50% de acurácia.,,A3,reformula,alta,"CONFIRMADO PELO AUTOR (23/09/2026): a taxa de acerto de 2010 é a coincidência exata de posição. [FATO] G19: os ""50%"" no Elevator se reproduzem como coincidência exata de posição entre as Tabelas 42 e 43 (5 de 10), a mesma medida não definida no texto identificada em Storage (AF-299). Cinco planejadores empatam na nota máxima no Elevator, tornando a posição dentro do empate arbitrária.","definir explicitamente a métrica de acerto e tratar empates, conforme G19 (mesma ação de AF-299)","reproduzido: 50% se reproduz como coincidência exata de posição entre Tabelas 42 e 43 (5 de 10), medida confirmada pelo autor em 23/09/2026; 5 planejadores empatam com nota 10, então a ordem dentro do empate é arbitrária. Ver conferencia-rankings.csv; achado G19 (Coordenador)"
AF-323,B4-037,1768,Domínio Elevator,resultado,o planejador R apresentou um desempenho totalmente diferente do previsto.,Planejador R teve desempenho não previsto pelo ranking.,,,mantém,alta,"Confirmado em data/2010/validacao_ranking.csv: R foi previsto na 9ª posição (média proposta 6,26) mas obteve nota_real 10 (desempenho máximo, um dos 5 planejadores empatados no topo, achado G19), divergência real entre previsto e observado.",nenhuma,
AF-324,B4-038,1768,Domínio Elevator,resultado,"Da mesma forma que ocorreu em problemas do domínio mundo de blocos, o System R conseguiu resolver todos os problemas do domínio Elevator mantendo uma taxa constante de aumento de tempo na resolução de problemas cada vez mais complexos.",R resolveu todos os problemas com aumento de tempo consistente.,,F6,reformula,media,"A cobertura total de R no Elevator está confirmada (nota_real 10, data/2010/validacao_ranking.csv), mas ""taxa constante de aumento de tempo"" e a comparação com o mundo de blocos não são verificáveis sem os arquivos de tempo de geração mencionados no método (AF-264); a dissertação não reporta tempo (F5/A7).",FASE3: usar os arquivos de tempo por planejador x domínio (AF-264) para medir e comparar o crescimento de tempo de R no Elevator e no mundo de blocos,
AF-325,B4-039,1770,Domínio Elevator,resultado,A comparação mostra que os domínios são muito similares em relação as suas características (mais da metade das características são iguais).,Blocks-World e Elevator: mais de 50% das características similares.,,,mantém,alta,"Confirmado em data/2010/metricas_dominios.csv: comparando as 17 métricas classificadas (Alto/Médio/Baixo) de Blocksworld e Elevator, 9 coincidem (53%), batendo com ""mais da metade"".",nenhuma,sem-numero
AF-326,B4-040,1770,Domínio Elevator,resultado,As técnicas de planejamento utilizadas pelo planejador R são eficientes em domínios com essas características,Técnicas de R são eficientes em domínios com características de Elevator.,,A6,reformula,alta,"A afirmação depende da classificação de R como planejador ""backward-chaining"" na Tabela 4, que fontes-planejadores.csv mostra sem respaldo: a fonte primária (lin2001planner*) descreve R como ""forward-chaining, recursive STRIPS"" (Nilsson 1998). A6 descarta essa taxonomia.","reformular sem depender da técnica ""backward-chaining"" atribuída a R; refazer a análise depois de corrigir a taxonomia (A6)",
AF-327,B4-041,1770,Domínio Elevator,resultado,"a distorção criada no ranking de planejadores (tabela 42) se deve, principalmente, pela falta de dados de desempenho de planejadores similares ao planejador R",Ranking distorcido: faltam planejadores similares a R com backward-chaining.,,F2,reformula,baixa,"REVISÃO DO COORDENADOR (confiança rebaixada: apoio em plausibilidade ou conhecimento geral, não em fonte do projeto). [HIPÓTESE] Explicação plausível e consistente com F2 (amostra pequena, confirmada pela literatura — bischl2016aslib, lindauer2019algorithm), mas não testada nos dados de 2010: não há como comparar com ""planejadores similares a R"" porque de fato só há um.","CONFERIR na fonte primária antes de manter. FASE3: testar com mais planejadores forward-chaining/recursivos comparáveis a R, para checar se a distorção do ranking é mesmo de amostra",sem-numero
AF-328,B4-042,1770,Domínio Elevator,resultado,"R, que é o único planejador estudado que utiliza a técnica backward-chaning.",R: único planejador com backward-chaining.,,A6,descarta,alta,"REVISÃO DO COORDENADOR (ação ajustada à taxonomia): [FATO] Contrariado pela fonte primária: fontes-planejadores.csv registra que lin2001planner* descreve R explicitamente como ""forward-chaining, recursive STRIPS"" (Nilsson 1998), não backward-chaining. A atribuição de 2010 (Tabela 4) não tem respaldo na fonte do próprio planejador. O ""forward-chaining"" da fonte refere-se à execução para frente do STRIPS recursivo, dirigido por metas; não o põe na mesma categoria do FF.","remover a atribuição ""backward-chaining"" a R; classificar R como ""decomposição recursiva por metas (STRIPS recursivo)"", conforme auditoria/taxonomia-tecnicas.md",
AF-329,B4-043,1800,Conclusões,resultado,Os resultados deste trabalho mostraram que existe uma relação entre características de domínios e técnicas de planejamento.,Relação comprovada entre características e técnicas.,,A1,reformula,alta,"Per insumos-fase1.md §1 (A1, mantém com reformulação): o princípio central se sustenta (base de todo o campo de seleção de algoritmos, rice1976algorithm, kerschke2019automated), mas G20 mostra que boa parte da capacidade preditiva do ranking de 2010 é compartilhada por uma linha de base sem características de domínio, o que qualifica ""existe uma relação"" como mais fraca do que o texto original sugere.",reformular citando a migração da unidade preditiva de domínio para instância e a comparação com a linha de base (G20),
AF-330,B4-044,1800,Conclusões,resultado,Algumas características extraídas da UML.P demonstram ser mais relevantes e ter mais impacto sobre as técnicas de planejamento,Algumas características têm maior impacto que outras.,,A1,reformula,alta,"Vale como tendência (A1), mas não há subconjunto fixo de características que funcione para todos os planejadores (A4, fawcett2014improved), e G20 mostra que a maior parte do poder preditivo pode vir da qualidade geral dos planejadores, não das características específicas.","qualificar ""demonstram ser mais relevantes"" com a ressalva de A4 e a comparação de G20",
AF-331,B4-045,1800,Conclusões,resultado,"essas características são: Número de Casos de Uso por Atores, Número total de Atributos, Número total de Agregação, Número total de ações de entrada, Número total de Associações e Número total de transições.",Seis características identificadas como mais impactantes.,,A1,reformula,alta,"Das seis características listadas, duas têm problemas de definição identificados na auditoria: ""Número de Casos de Uso por Atores"" tem rótulo invertido (G1, [FATO]) e ""Número total de Agregação"" não é conferível pelo XML dos modelos (G13, [HIPÓTESE] de critério não documentado). A lista precisa ser corrigida antes de ser reafirmada como conclusão.","corrigir o rótulo de ""Casos de Uso por Atores"" (G1) e documentar o critério de ""Agregação"" (G13) antes de reafirmar esta lista",
AF-332,B4-046,1802,Conclusões,resultado,um grupo seleto obteve os melhores desempenhos em relação às características de domínios estudadas.,Grupo seleto de técnicas com melhor desempenho.,,A2,reformula,alta,"Per insumos-fase1.md §1 (A2, reformula): busca heurística segue central, mas a lista de técnicas promissoras está incompleta — falta aprendizado de máquina como família, que em Storage (um dos três domínios de validação) supera LAMA e h_FF (ferber2022neural, toyer2020asnets).","acrescentar aprendizado de máquina como família promissora, com base em ferber2022neural e toyer2020asnets",
AF-333,B4-047,1802,Conclusões,resultado,"Novos planejadores serão mais promissores, de acordo com o método, se possuírem uma ou mais destas técnicas: Heuristic Search, Hierarchical, Knowledge-based, Forward-chaining, Plan-Space e Total-order.",Seis técnicas identificadas como promissoras.,,A2,reformula,alta,"Mesma linha de AF-332: a lista de seis técnicas (Heuristic Search, Hierarchical, Knowledge-based, Forward-chaining, Plan-Space, Total-order) está incompleta sem aprendizado de máquina, e parte das próprias atribuições de técnica por planejador não tem respaldo na fonte primária (A6, fontes-planejadores.csv).","atualizar a lista de técnicas promissoras incluindo aprendizado de máquina (ferber2022neural, toyer2020asnets) e revisar as atribuições por planejador (A6)",
AF-334,B4-048,1804,Conclusões,resultado,A utilização do ranking de planejadores também demonstrou ser uma boa ferramenta para auxiliar na escolha do planejador para resolver um problema de um determinado domínio.,Ranking é ferramenta útil para seleção de planejador.,,A3,reformula,alta,"G19 mostra que a ""margem de acerto"" não é definida no texto e se reproduz como coincidência de posição; G20 mostra que uma linha de base sem características de domínio obtém desempenho semelhante. O ranking pode ser útil, mas não está validado como o texto original sugere.","qualificar ""boa ferramenta"" com a comparação à linha de base (G20) e a definição explícita da métrica de acerto (G19)",
AF-335,B4-049,1804,Conclusões,resultado,"Independente do problema, apenas com as características do domínio, é possível escolher através do método proposto os planejadores que terão melhor desempenho.",Seleção de planejador é possível apenas com características do domínio.,,A3,reformula,alta,"Decisão revista em 23/09/2026 (insumos-fase1.md §1): ""independentemente do problema"" não se sustenta — sistemas de seleção por instância escolhem planejadores diferentes dentro do mesmo domínio e superam a seleção fixa por domínio sem treino no domínio (cenamor2016ibacop, nunez2015automatic). A configuração por domínio continua competitiva quando há treino no próprio domínio. G19 e G20 reforçam a fragilidade: a ""margem de acerto"" não é definida e se aproxima de uma linha de base sem características.","reformular removendo ""independentemente do problema""; manter a ideia de seleção por domínio como competitiva quando há treino no domínio, citando cenamor2016ibacop e nunez2015automatic",
AF-336,B4-050,1806,Conclusões,resultado,"Os resultados também mostraram que, quanto mais características de domínios forem extraídas e mais planejadores e técnicas de planejamento incluídas no método, melhor será o resultado do ranking de planejadores.","Método: mais características, planejadores e técnicas melhoram ranking.",,A4,mantém,alta,"Per insumos-fase1.md §1 (A4, mantém com ressalva): vale como tendência, confirmada por fawcett2014improved e seipp2014fast, mas não há subconjunto de características bom para todos os planejadores, e ampliar o escopo não garante generalização.","acrescentar a ressalva: não há subconjunto de características universal, e ampliar escopo não garante generalização (fawcett2014improved, hofmann2024learning)",
AF-337,B4-051,1808,Conclusões,resultado,"ficou demonstrado que os diagramas da UML podem fornecer características que demonstram a complexidade de um domínio através da quantidade de classes, atributos e relações de agregação, associação e herança entre os objetos.","Diagramas UML refletem complexidade por classes, atributos e relações.",,A5;F3,reformula,alta,"Per insumos-fase1.md §1 (A5, reformula: espírito mantido, instrumento trocado): a complexidade estrutural afeta o desempenho, mas os determinantes com efeito demonstrado são grafo causal, DTG e treewidth extraídos do PDDL (helmert2009concise, hoffmann2011analyzing), não as contagens de classes/atributos/relações da UML.","reformular citando os determinantes de complexidade com efeito demonstrado na literatura (helmert2009concise, hoffmann2011analyzing, domshlak2013complexity)",
AF-338,B4-052,1808,Conclusões,resultado,"Essa complexidade afeta o desempenho das técnicas de planejamento, e conseqüentemente, dos planejadores.",Complexidade do domínio afeta desempenho das técnicas e planejadores.,,A5;F3,reformula,alta,"Mesma linha de AF-337: parte do efeito atribuído à ""complexidade"" pode vir da ordem ou configuração sintática do modelo, não do domínio em si (F3, confirmada como o achado mais forte da Fase 1: vallati2021importance, vallati2015effective, mccluskey1997engineering).",reformular reconhecendo que reordenar/reconfigurar o mesmo modelo sem mudar seu significado já altera desempenho e ranking (F3),
AF-339,B4-053,1814,Trabalhos futuros,trabalho-futuro,"Implementação no itSIMPLE da identificação e contabilização automática das métricas, geração do ranking e sugestão de planejadores para resolução de problemas em quaisquer domínios","Automatizar em itSIMPLE: identificação de métricas, geração de ranking.",,T1,reformula,alta,"Per insumos-fase1.md §4: T1 foi realizado fora do itSIMPLE, por outra via — features automáticas de PDDL e representações aprendidas a partir de dados brutos (fawcett2014improved, asai2018classical).","atualizar: já realizado por outra via (fawcett2014improved, asai2018classical), não dentro do itSIMPLE",
AF-340,B4-054,1816,Trabalhos futuros,trabalho-futuro,Implementação no itSIMPLE da agregação automática de mais resultados na tabela de características de domínios x técnicas de planejamento.,Automatizar coleta de resultados de planejamentos em itSIMPLE.,,T2,mantém,alta,Per insumos-fase1.md §4: T2 segue sem tratamento direto nas obras lidas; a sugestão continua válida como trabalho futuro.,nenhuma,
AF-341,B4-055,1816,Trabalhos futuros,trabalho-futuro,Esses novos dados seriam obtidos de todos os resultados de planejamentos executados dentro da ferramenta,Fonte de dados: todos os planejamentos executados em itSIMPLE.,,T2,mantém,alta,Mesma linha de AF-340 (T2 sem tratamento direto na literatura lida).,nenhuma,
AF-342,B4-056,1818,Trabalhos futuros,trabalho-futuro,Maior detalhamento das técnicas de planejamento para fazer um cruzamento melhor com as características de domínios.,Detalhar técnicas para melhorar correspondência com características.,,T3,reformula,alta,"Per insumos-fase1.md §4: T3 foi ""realizado e superado"" — a comunidade já separou heurística, busca e arquitetura como dimensões independentes (helmert2009landmarks, seipp2020saturated).",atualizar: já realizado e superado por helmert2009landmarks e seipp2020saturated,
AF-343,B4-057,1818,Trabalhos futuros,trabalho-futuro,"Esses detalhes poderiam envolver a heurística utilizada pelo planejador, o processo de construção da árvore de busca e até mesmo a quebra de uma técnica de planejamento em sub-técnicas e algoritmos","Detalhar: heurísticas, construção de árvore, sub-técnicas e algoritmos.",,T3,reformula,alta,"Mesma linha de AF-342: o detalhamento proposto (heurística, construção da busca, sub-técnicas) já existe na literatura como as quatro dimensões independentes usadas para corrigir A6.",atualizar citando helmert2009landmarks e seipp2020saturated; alinhar com a correção de A6 (quatro dimensões),
AF-344,B4-058,1820,Trabalhos futuros,trabalho-futuro,Estabelecer pesos para diferentes características de domínios para tentar melhorar o índice de acerto na escolha do melhor planejador,Estabelecer pesos para características melhorar ranking.,,T4,reformula,alta,Per insumos-fase1.md §4: T4 foi realizado por modelos estatísticos e de aprendizado (hutter2014algorithm).,atualizar: já realizado por hutter2014algorithm (modelos de desempenho empírico com pesos aprendidos),
AF-345,B4-059,1822,Trabalhos futuros,trabalho-futuro,"Utilizar domínios artificiais (BARRETT e WELD, 1994) para construir diversos tipos de domínios, com várias combinações de características, para melhorar o método e o resultado do ranking de planejadores",Usar domínios artificiais para testar combinações de características.,,T5,mantém,alta,Per insumos-fase1.md §4: T5 segue sem tratamento direto nas obras lidas; a sugestão de domínios artificiais continua válida.,nenhuma,
AF-346,B4-060,1824,Trabalhos futuros,trabalho-futuro,"A partir de um banco de dados maior de planejadores, técnicas de planejamento, domínios, características de domínios e resultados de planejamento, fazer uma análise estatística para definir melhor a discretização dos valores das características em Alto, Médio e Baixo",Análise estatística com base maior para melhorar discretização.,,T6,reformula,alta,"Per insumos-fase1.md §4: T6 foi tratado parcialmente — a prática atual é evitar discretizar, usando regressão sobre características contínuas (fawcett2014improved), em vez de análise estatística da discretização em Alto/Médio/Baixo.",atualizar citando fawcett2014improved; considerar substituir discretização por regressão sobre features contínuas na Fase 3,
AF-347,B4-061,1826,Trabalhos futuros,trabalho-futuro,"Utilizar aprendizado indutivo para gerar regras (árvore de decisão) sobre a tabela de características de domínios para classificar as características em Alto, Médio e Baixo",Usar aprendizado indutivo para gerar regras de classificação.,,T6,reformula,media,"Relacionado a T6 (discretização): o aprendizado indutivo por árvore de decisão para classificar características é uma via parcialmente superada pela prática atual de regressão sobre features contínuas (fawcett2014improved) e por modelos estatísticos de seleção (hutter2014algorithm), embora árvores ainda apareçam em alguns sistemas de seleção de algoritmos.",atualizar citando fawcett2014improved e hutter2014algorithm como alternativas parcialmente realizadas,
AF-348,B4-062,1828,Trabalhos futuros,trabalho-futuro,Análise aprofundada do impacto das características dos domínios nas técnicas de planejamento.,Analisar impacto de cada característica em cada técnica.,,,reformula,media,"Trabalho futuro genérico (""análise aprofundada do impacto"") já avançado por um campo inteiro — seleção de algoritmos para planejamento (kerschke2019automated) — embora com a mesma ressalva de delarosa2017performance*: características sintéticas de alto nível discriminam entre domínios, mas não capturam bem a dificuldade dentro de cada domínio.",atualizar citando kerschke2019automated como o campo que já persegue este objetivo; citar delarosa2017performance* apenas depois de entrar no referencias.bib,
AF-349,B4-063,1828,Trabalhos futuros,trabalho-futuro,"Sabendo qual é o impacto que cada característica promove em cada uma das técnicas, seria possível criar novas técnicas de planejamento e planejadores mais eficientes e eficazes.",Conhecer impacto permitiria criar novas técnicas mais eficientes.,,,reformula,baixa,[HIPÓTESE] Especulação sobre criar novas técnicas de planejamento a partir do impacto conhecido de cada característica; não é testável com os dados de 2010 e não há evidência direta na literatura lida que confirme ou infirme essa via específica.,"manter como hipótese de trabalho futuro, marcada explicitamente como não testada",
