
Parsing domain..... grounded-pathways-propositional..... done.
Parsing problem..... grounded-pathways-01..... done.
Computing domains..... done.
Instantiating actions..... done.
Computing final representation..... done.

Parsing time : 0.00
Domains creation  time : 0.00
Instantiation time : 0.00 -> 78 candidates, 78 actions
Finalization time : 0.00 -> 63 fluents, 17 init

6 4 

0: (CHOOSE_P300_L1_L0) [1]
1: (INITIALIZE_P300) [1]
2: (CHOOSE_PCAF_L2_L1) [1]
3: (INITIALIZE_PCAF) [1]
4: (ASSOCIATE_PCAF_P300_PCAF-P300) [1]
5: (DUMMY-ACTION-1-2) [1]

Valid plan : 6 actions.
Computed nodes : 6
Evaluated nodes : 3
Developed nodes : 0
Useful nodes : 0

Lookahead utility : 60.00 %
Preparation time : 0.00
Search time : 0.00
Total time : 0.00


Parsing domain..... grounded-pathways-propositional..... done.
Parsing problem..... grounded-pathways-02..... done.
Computing domains..... done.
Instantiating actions..... done.
Computing final representation..... done.

Parsing time : 0.00
Domains creation  time : 0.00
Instantiation time : 0.00 -> 80 candidates, 80 actions
Finalization time : 0.00 -> 70 fluents, 13 init

12 10 8 

0: (CHOOSE_E2F13P1-DP12_L1_L0) [1]
1: (INITIALIZE_E2F13P1-DP12) [1]
2: (CHOOSE_E2F4-DP12P1_L2_L1) [1]
3: (INITIALIZE_E2F4-DP12P1) [1]
4: (CHOOSE_GE2_L3_L2) [1]
5: (INITIALIZE_GE2) [1]
6: (ASSOCIATE_E2F13P1-DP12_GE2_E2F13P1-DP12-GE2) [1]
7: (SYNTHESIZE_E2F13P1-DP12-GE2_P107) [1]
8: (SYNTHESIZE_E2F13P1-DP12-GE2_CYCDP1) [1]
9: (ASSOCIATE_P107_E2F4-DP12P1_P107-E2F4-DP12P1) [1]
10: (DUMMY-ACTION-2-2) [1]
11: (DUMMY-ACTION-1-1) [1]

Valid plan : 12 actions.
Computed nodes : 12
Evaluated nodes : 4
Developed nodes : 0
Useful nodes : 0

Lookahead utility : 40.00 %
Preparation time : 0.00
Search time : 0.00
Total time : 0.00


Parsing domain..... grounded-pathways-propositional..... done.
Parsing problem..... grounded-pathways-03..... done.
Computing domains..... done.
Instantiating actions..... done.
Computing final representation..... done.

Parsing time : 0.00
Domains creation  time : 0.00
Instantiation time : 0.00 -> 118 candidates, 118 actions
Finalization time : 0.00 -> 99 fluents, 20 init

21 19 17 12 5 

0: (CHOOSE_CDK46P1_L1_L0) [1]
1: (INITIALIZE_CDK46P1) [1]
2: (CHOOSE_SP1_L2_L1) [1]
3: (CHOOSE_GP_L3_L2) [1]
4: (INITIALIZE_SP1) [1]
5: (INITIALIZE_GP) [1]
6: (ASSOCIATE_SP1_GP_SP1-GP) [1]
7: (SYNTHESIZE_SP1-GP_CYCD) [1]
8: (SYNTHESIZE_SP1-GP_P107) [1]
9: (SYNTHESIZE_SP1-GP_CYCA) [1]
10: (ASSOCIATE_CDK46P1_CYCD_CDK46P1-CYCD) [1]
11: (DUMMY-ACTION-2-2) [1]
12: (DUMMY-ACTION-3-2) [1]
13: (INITIALIZE_SP1) [1]
14: (INITIALIZE_GP) [1]
15: (ASSOCIATE_SP1_P107_SP1-P107) [1]
16: (ASSOCIATE_SP1-P107_GP_SP1-P107-GP) [1]
17: (DUMMY-ACTION-1-1) [1]

Valid plan : 18 actions.
Computed nodes : 102
Evaluated nodes : 46
Developed nodes : 3
Useful nodes : 2

Lookahead utility : 15.09 %
Preparation time : 0.00
Search time : 0.00
Total time : 0.00


Parsing domain..... grounded-pathways-propositional..... done.
Parsing problem..... grounded-pathways-04..... done.
Computing domains..... done.
Instantiating actions..... done.
Computing final representation..... done.

Parsing time : 0.00
Domains creation  time : 0.00
Instantiation time : 0.00 -> 153 candidates, 153 actions
Finalization time : 0.00 -> 119 fluents, 23 init

19 17 15 13 5 

0: (CHOOSE_CDK2_L1_L0) [1]
1: (INITIALIZE_CDK2) [1]
2: (CHOOSE_SP1_L2_L1) [1]
3: (CHOOSE_GP_L3_L2) [1]
4: (INITIALIZE_SP1) [1]
5: (INITIALIZE_GP) [1]
6: (ASSOCIATE_SP1_GP_SP1-GP) [1]
7: (SYNTHESIZE_SP1-GP_P107P1) [1]
8: (SYNTHESIZE_SP1-GP_CYCEP1) [1]
9: (SYNTHESIZE_SP1-GP_P107) [1]
10: (SYNTHESIZE_SP1-GP_POL) [1]
11: (DUMMY-ACTION-4-2) [1]
12: (DUMMY-ACTION-2-2) [1]
13: (DUMMY-ACTION-1-2) [1]
14: (INITIALIZE_SP1) [1]
15: (INITIALIZE_GP) [1]
16: (ASSOCIATE_SP1_P107P1_SP1-P107P1) [1]
17: (ASSOCIATE_SP1-P107P1_GP_SP1-P107P1-GP) [1]
18: (DUMMY-ACTION-3-2) [1]

Valid plan : 19 actions.
Computed nodes : 111
Evaluated nodes : 49
Developed nodes : 3
Useful nodes : 2

Lookahead utility : 15.60 %
Preparation time : 0.00
Search time : 0.00
Total time : 0.00


Parsing domain..... grounded-pathways-propositional..... done.
Parsing problem..... grounded-pathways-05..... done.
Computing domains..... done.
Instantiating actions..... done.
Computing final representation..... done.

Parsing time : 0.00
Domains creation  time : 0.00
Instantiation time : 0.00 -> 266 candidates, 266 actions
Finalization time : 0.01 -> 148 fluents, 23 init

36 34 32 30 26 24 17 16 10 Timeout: aborting command ``./yahsp'' with signal 9
./yahsp_pathway.sh: linha 5:  3206 Morto                   timeout 1200 ./yahsp /home/matheus/mestrado/comp/pathways/Strips/domain_p05.pddl /home/matheus/mestrado/comp/pathways/Strips/p05.pddl

Parsing domain..... grounded-pathways-propositional..... done.
Parsing problem..... grounded-pathways-06..... done.
Computing domains..... done.
Instantiating actions..... done.
Computing final representation..... done.

Parsing time : 0.01
Domains creation  time : 0.00
Instantiation time : 0.01 -> 497 candidates, 497 actions
Finalization time : 0.00 -> 214 fluents, 36 init

54 52 50 48 46 44 41 39 37 35 32 22 9 5 3 

0: (CHOOSE_CDK2P1_L1_L0) [1]
1: (INITIALIZE_CDK2P1) [1]
2: (CHOOSE_CDK46P1_L2_L1) [1]
3: (INITIALIZE_CDK46P1) [1]
4: (CHOOSE_CDK46P3-CYCD_L3_L2) [1]
5: (INITIALIZE_CDK46P3-CYCD) [1]
6: (CHOOSE_DP12_L4_L3) [1]
7: (INITIALIZE_DP12) [1]
8: (CHOOSE_E2F13-DP12P1_L5_L4) [1]
9: (INITIALIZE_E2F13-DP12P1) [1]
10: (CHOOSE_E2F4_L6_L5) [1]
11: (INITIALIZE_E2F4) [1]
12: (ASSOCIATE_E2F4_DP12_E2F4-DP12) [1]
13: (CHOOSE_GP_L7_L6) [1]
14: (INITIALIZE_GP) [1]
15: (CHOOSE_P57_L8_L7) [1]
16: (INITIALIZE_P57) [1]
17: (CHOOSE_SP1_L9_L8) [1]
18: (INITIALIZE_SP1) [1]
19: (CHOOSE_HDAC1_L10_L9) [1]
20: (ASSOCIATE_SP1_GP_SP1-GP) [1]
21: (SYNTHESIZE_SP1-GP_CYCA) [1]
22: (SYNTHESIZE_SP1-GP_CYCD) [1]
23: (SYNTHESIZE_SP1-GP_CYCDP1) [1]
24: (SYNTHESIZE_SP1-GP_P107) [1]
25: (INITIALIZE_HDAC1) [1]
26: (ASSOCIATE_CDK2P1_CYCA_CDK2P1-CYCA) [1]
27: (ASSOCIATE_CDK46P1_CYCDP1_CDK46P1-CYCDP1) [1]
28: (ASSOCIATE_P107_E2F4-DP12_P107-E2F4-DP12) [1]
29: (DUMMY-ACTION-6-1) [1]
30: (ASSOCIATE_P57_CDK46P1-CYCDP1_P57-CDK46P1-CYCDP1) [1]
31: (ASSOCIATE_HDAC1_P107-E2F4-DP12_HDAC1-P107-E2F4-DP12) [1]
32: (DUMMY-ACTION-7-1) [1]
33: (DUMMY-ACTION-4-2) [1]
34: (INITIALIZE_CDK2P1) [1]
35: (SYNTHESIZE_SP1-GP_CYCE) [1]
36: (SYNTHESIZE_SP1-GP_CYCEP1) [1]
37: (INITIALIZE_CDK46P1) [1]
38: (SYNTHESIZE_SP1-GP_P107) [1]
39: (INITIALIZE_SP1) [1]
40: (INITIALIZE_P57) [1]
41: (INITIALIZE_GP) [1]
42: (ASSOCIATE_CDK2P1_CYCEP1_CDK2P1-CYCEP1) [1]
43: (ASSOCIATE_CDK46P1_CYCD_CDK46P1-CYCD) [1]
44: (ASSOCIATE_SP1_P107_SP1-P107) [1]
45: (ASSOCIATE_P57_CDK2P1-CYCA_P57-CDK2P1-CYCA) [1]
46: (ASSOCIATE_SP1-P107_GP_SP1-P107-GP) [1]
47: (DUMMY-ACTION-3-2) [1]
48: (DUMMY-ACTION-2-2) [1]
49: (INITIALIZE_CDK2P1) [1]
50: (INITIALIZE_P57) [1]
51: (ASSOCIATE_CDK2P1_CYCE_CDK2P1-CYCE) [1]
52: (ASSOCIATE_P57_CDK2P1-CYCEP1_P57-CDK2P1-CYCEP1) [1]
53: (DUMMY-ACTION-8-1) [1]
54: (INITIALIZE_P57) [1]
55: (ASSOCIATE_P57_CDK46P1-CYCD_P57-CDK46P1-CYCD) [1]
56: (DUMMY-ACTION-5-2) [1]
57: (INITIALIZE_P57) [1]
58: (ASSOCIATE_P57_CDK2P1-CYCE_P57-CDK2P1-CYCE) [1]
59: (DUMMY-ACTION-1-1) [1]

Valid plan : 60 actions.
Computed nodes : 330
Evaluated nodes : 160
Developed nodes : 6
Useful nodes : 2

Lookahead utility : 9.06 %
Preparation time : 0.02
Search time : 0.01
Total time : 0.03


Parsing domain..... grounded-pathways-propositional..... done.
Parsing problem..... grounded-pathways-07..... done.
Computing domains..... done.
Instantiating actions..... done.
Computing final representation..... done.

Parsing time : 0.01
Domains creation  time : 0.00
Instantiation time : 0.01 -> 597 candidates, 597 actions
Finalization time : 0.00 -> 262 fluents, 41 init

60 58 56 54 52 35 25 20 18 11 4 

0: (CHOOSE_CDK2_L1_L0) [1]
1: (INITIALIZE_CDK2) [1]
2: (CHOOSE_CDK2P1_L2_L1) [1]
3: (INITIALIZE_CDK2P1) [1]
4: (CHOOSE_CDK46P3-CYCD_L3_L2) [1]
5: (INITIALIZE_CDK46P3-CYCD) [1]
6: (CHOOSE_E2F13-DP12_L4_L3) [1]
7: (INITIALIZE_E2F13-DP12) [1]
8: (CHOOSE_GE2_L5_L4) [1]
9: (INITIALIZE_GE2) [1]
10: (ASSOCIATE_E2F13-DP12_GE2_E2F13-DP12-GE2) [1]
11: (SYNTHESIZE_E2F13-DP12-GE2_C-MYC) [1]
12: (SYNTHESIZE_E2F13-DP12-GE2_CYCA) [1]
13: (SYNTHESIZE_E2F13-DP12-GE2_CYCE) [1]
14: (SYNTHESIZE_E2F13-DP12-GE2_CYCEP1) [1]
15: (DUMMY-ACTION-1-2) [1]
16: (ASSOCIATE_CDK2_CYCA_CDK2-CYCA) [1]
17: (ASSOCIATE_CDK2P1_CYCE_CDK2P1-CYCE) [1]
18: (CHOOSE_MAX_L6_L5) [1]
19: (SYNTHESIZE_E2F13-DP12-GE2_CYCA) [1]
20: (SYNTHESIZE_E2F13-DP12-GE2_CYCE) [1]
21: (INITIALIZE_CDK2) [1]
22: (INITIALIZE_CDK2P1) [1]
23: (ASSOCIATE_CDK2_CYCE_CDK2-CYCE) [1]
24: (ASSOCIATE_CDK2P1_CYCEP1_CDK2P1-CYCEP1) [1]
25: (INITIALIZE_MAX) [1]
26: (DUMMY-ACTION-6-2) [1]
27: (ASSOCIATE_C-MYC_MAX_C-MYC-MAX) [1]
28: (DUMMY-ACTION-7-2) [1]
29: (CHOOSE_P27_L7_L6) [1]
30: (INITIALIZE_CDK2P1) [1]
31: (INITIALIZE_P27) [1]
32: (ASSOCIATE_CDK2P1_CYCA_CDK2P1-CYCA) [1]
33: (ASSOCIATE_P27_CDK2P1-CYCEP1_P27-CDK2P1-CYCEP1) [1]
34: (DUMMY-ACTION-8-1) [1]
35: (CHOOSE_P53_L8_L7) [1]
36: (INITIALIZE_P27) [1]
37: (INITIALIZE_P53) [1]
38: (ASSOCIATE_P27_CDK2P1-CYCA_P27-CDK2P1-CYCA) [1]
39: (SYNTHESIZE_P53_P21) [1]
40: (ASSOCIATE_P21_CDK2-CYCA_P21-CDK2-CYCA) [1]
41: (DUMMY-ACTION-5-2) [1]
42: (DUMMY-ACTION-11-2) [1]
43: (CHOOSE_P57_L9_L8) [1]
44: (SYNTHESIZE_E2F13-DP12-GE2_CYCA) [1]
45: (INITIALIZE_CDK2P1) [1]
46: (INITIALIZE_E2F13-DP12) [1]
47: (SYNTHESIZE_P53_MDM2) [1]
48: (SYNTHESIZE_P53_P21) [1]
49: (ASSOCIATE_CDK2P1_CYCA_CDK2P1-CYCA) [1]
50: (INITIALIZE_P57) [1]
51: (ASSOCIATE_MDM2_E2F13-DP12_MDM2-E2F13-DP12) [1]
52: (ASSOCIATE_P21_CDK2P1-CYCE_P21-CDK2P1-CYCE) [1]
53: (ASSOCIATE_P57_CDK2P1-CYCA_P57-CDK2P1-CYCA) [1]
54: (DUMMY-ACTION-9-2) [1]
55: (DUMMY-ACTION-2-1) [1]
56: (DUMMY-ACTION-3-2) [1]
57: (SYNTHESIZE_E2F13-DP12-GE2_CYCA) [1]
58: (SYNTHESIZE_E2F13-DP12-GE2_CYCE) [1]
59: (INITIALIZE_CDK2P1) [1]
60: (SYNTHESIZE_P53_P21) [1]
61: (INITIALIZE_P57) [1]
62: (ASSOCIATE_CDK2P1_CYCA_CDK2P1-CYCA) [1]
63: (ASSOCIATE_P21_CDK2P1-CYCA_P21-CDK2P1-CYCA) [1]
64: (DUMMY-ACTION-10-2) [1]
65: (INITIALIZE_CDK2P1) [1]
66: (ASSOCIATE_CDK2P1_CYCE_CDK2P1-CYCE) [1]
67: (ASSOCIATE_P57_CDK2P1-CYCE_P57-CDK2P1-CYCE) [1]
68: (DUMMY-ACTION-4-1) [1]

Valid plan : 69 actions.
Computed nodes : 69
Evaluated nodes : 12
Developed nodes : 0
Useful nodes : 0

Lookahead utility : 17.56 %
Preparation time : 0.02
Search time : 0.00
Total time : 0.02


Parsing domain..... grounded-pathways-propositional..... done.
Parsing problem..... grounded-pathways-08..... done.
Computing domains..... done.
Instantiating actions..... done.
Computing final representation..... done.

Parsing time : 0.02
Domains creation  time : 0.00
Instantiation time : 0.01 -> 956 candidates, 956 actions
Finalization time : 0.00 -> 311 fluents, 42 init

78 76 74 72 70 66 63 61 59 57 55 44 40 35 33 31 25 12 5 

0: (CHOOSE_CDK2_L1_L0) [1]
1: (INITIALIZE_CDK2) [1]
2: (CHOOSE_CDK2P1_L2_L1) [1]
3: (INITIALIZE_CDK2P1) [1]
4: (CHOOSE_CDK46P3-CYCD_L3_L2) [1]
5: (INITIALIZE_CDK46P3-CYCD) [1]
6: (CHOOSE_CDK7_L4_L3) [1]
7: (INITIALIZE_CDK7) [1]
8: (CHOOSE_CYCH_L5_L4) [1]
9: (INITIALIZE_CYCH) [1]
10: (ASSOCIATE_CDK7_CYCH_CDK7-CYCH) [1]
11: (ASSOCIATE-WITH-CATALYZE_CDK2P1_CDK7-CYCH_CDK2P1P2) [1]
12: (ASSOCIATE-WITH-CATALYZE_CDK2_CDK7-CYCH_CDK2P2) [1]
13: (CHOOSE_E2F13P1-DP12P1_L6_L5) [1]
14: (INITIALIZE_E2F13P1-DP12P1) [1]
15: (INITIALIZE_CDK2P1) [1]
16: (CHOOSE_GERCC1_L7_L6) [1]
17: (INITIALIZE_GERCC1) [1]
18: (CHOOSE_GP_L8_L7) [1]
19: (INITIALIZE_GP) [1]
20: (CHOOSE_HDAC1_L9_L8) [1]
21: (INITIALIZE_HDAC1) [1]
22: (CHOOSE_JUN_L10_L9) [1]
23: (INITIALIZE_JUN) [1]
24: (CHOOSE_P53_L11_L10) [1]
25: (INITIALIZE_P53) [1]
26: (SYNTHESIZE_P53_C-FOS) [1]
27: (SYNTHESIZE_P53_MDM2) [1]
28: (ASSOCIATE_JUN_C-FOS_JUN-C-FOS) [1]
29: (SYNTHESIZE_P53_P21) [1]
30: (ASSOCIATE_JUN-C-FOS_GERCC1_JUN-C-FOS-GERCC1) [1]
31: (DUMMY-ACTION-11-2) [1]
32: (CHOOSE_P68_L12_L11) [1]
33: (SYNTHESIZE_JUN-C-FOS-GERCC1_ERCC1) [1]
34: (INITIALIZE_P68) [1]
35: (DUMMY-ACTION-10-1) [1]
36: (CHOOSE_PRBP2_L13_L12) [1]
37: (INITIALIZE_PRBP2) [1]
38: (ASSOCIATE-WITH-CATALYZE_PRBP2_CDK46P3-CYCD_PRBP1P2) [1]
39: (ASSOCIATE_MDM2_PRBP1P2_MDM2-PRBP1P2) [1]
40: (DUMMY-ACTION-8-2) [1]
41: (CHOOSE_SKP1_L14_L13) [1]
42: (INITIALIZE_SKP1) [1]
43: (CHOOSE_SKP2_L15_L14) [1]
44: (INITIALIZE_SKP2) [1]
45: (CHOOSE_SP1_L16_L15) [1]
46: (INITIALIZE_SP1) [1]
47: (ASSOCIATE_SP1_GP_SP1-GP) [1]
48: (SYNTHESIZE_SP1-GP_CYCA) [1]
49: (SYNTHESIZE_SP1-GP_CYCE) [1]
50: (SYNTHESIZE_SP1-GP_CYCEP1) [1]
51: (ASSOCIATE_CDK2P2_CYCA_CDK2P2-CYCA) [1]
52: (ASSOCIATE_CDK2P1_CYCEP1_CDK2P1-CYCEP1) [1]
53: (ASSOCIATE_CDK2P1P2_CYCE_CDK2P1P2-CYCE) [1]
54: (ASSOCIATE-WITH-CATALYZE_P68_CDK2P2-CYCA_P68P2) [1]
55: (ASSOCIATE-WITH-CATALYZE_SKP1_CDK2P2-CYCA_SKP1P1) [1]
56: (ASSOCIATE_P21_CDK2P1-CYCEP1_P21-CDK2P1-CYCEP1) [1]
57: (ASSOCIATE_SKP2_SKP1P1_SKP2-SKP1P1) [1]
58: (DUMMY-ACTION-3-2) [1]
59: (DUMMY-ACTION-7-2) [1]
60: (DUMMY-ACTION-12-1) [1]
61: (CHOOSE_WEE1_L17_L16) [1]
62: (INITIALIZE_SKP2) [1]
63: (SYNTHESIZE_SP1-GP_CYCA) [1]
64: (SYNTHESIZE_SP1-GP_CYCE) [1]
65: (INITIALIZE_CDK2) [1]
66: (INITIALIZE_CDK2P1) [1]
67: (ASSOCIATE_SKP2-SKP1P1_CDK2P2-CYCA_SKP2-SKP1P1-CDK2P2-CYCA) [1]
68: (SYNTHESIZE_P53_P21) [1]
69: (INITIALIZE_SKP1) [1]
70: (ASSOCIATE_CDK2_CYCA_CDK2-CYCA) [1]
71: (ASSOCIATE_CDK2P1_CYCE_CDK2P1-CYCE) [1]
72: (INITIALIZE_WEE1) [1]
73: (ASSOCIATE_P21_CDK2P1-CYCE_P21-CDK2P1-CYCE) [1]
74: (DUMMY-ACTION-2-1) [1]
75: (DUMMY-ACTION-6-1) [1]
76: (ASSOCIATE-WITH-CATALYZE_CDK2-CYCA_CDK7-CYCH_CDK2P2-CYCA) [1]
77: (ASSOCIATE-WITH-CATALYZE_SKP1_CDK2P2-CYCA_SKP1P1) [1]
78: (ASSOCIATE-WITH-CATALYZE_SKP2_CDK2P2-CYCA_SKP2P1) [1]
79: (ASSOCIATE-WITH-CATALYZE_CDK2P2-CYCA_WEE1_CDK2P1P2-CYCA) [1]
80: (ASSOCIATE_SKP2P1_SKP1P1_SKP2P1-SKP1P1) [1]
81: (DUMMY-ACTION-9-2) [1]
82: (DUMMY-ACTION-4-2) [1]
83: (SYNTHESIZE_SP1-GP_CYCEP1) [1]
84: (INITIALIZE_CDK2) [1]
85: (INITIALIZE_CDK2P1) [1]
86: (ASSOCIATE_CDK2_CYCEP1_CDK2-CYCEP1) [1]
87: (SYNTHESIZE_P53_P21) [1]
88: (ASSOCIATE-WITH-CATALYZE_CDK2-CYCEP1_CDK7-CYCH_CDK2P2-CYCEP1) [1]
89: (ASSOCIATE-WITH-CATALYZE_P68P2_CDK2P2-CYCEP1_P68P1P2) [1]
90: (DUMMY-ACTION-1-2) [1]
91: (SYNTHESIZE_SP1-GP_CYCEP1) [1]
92: (ASSOCIATE-WITH-CATALYZE_CDK2P1_CDK7-CYCH_CDK2P1P2) [1]
93: (ASSOCIATE_CDK2P1P2_CYCEP1_CDK2P1P2-CYCEP1) [1]
94: (ASSOCIATE_P21_CDK2P1P2-CYCEP1_P21-CDK2P1P2-CYCEP1) [1]
95: (DUMMY-ACTION-5-1) [1]

Valid plan : 96 actions.
Computed nodes : 96
Evaluated nodes : 21
Developed nodes : 0
Useful nodes : 0

Lookahead utility : 9.92 %
Preparation time : 0.03
Search time : 0.01
Total time : 0.04


Parsing domain..... grounded-pathways-propositional..... done.
Parsing problem..... grounded-pathways-09..... done.
Computing domains..... done.
Instantiating actions..... done.
Computing final representation..... done.

Parsing time : 0.02
Domains creation  time : 0.00
Instantiation time : 0.00 -> 823 candidates, 823 actions
Finalization time : 0.00 -> 307 fluents, 49 init

68 66 64 62 60 58 56 54 52 46 40 35 33 32 30 29 28 27 26 25 24 23 22 21 20 19 18 17 16 15 Timeout: aborting command ``./yahsp'' with signal 9
./yahsp_pathway.sh: linha 9:  3833 Morto                   timeout 1200 ./yahsp /home/matheus/mestrado/comp/pathways/Strips/domain_p09.pddl /home/matheus/mestrado/comp/pathways/Strips/p09.pddl

Parsing domain..... grounded-pathways-propositional..... done.
Parsing problem..... grounded-pathways-10..... done.
Computing domains..... done.
Instantiating actions..... done.
Computing final representation..... done.

Parsing time : 0.02
Domains creation  time : 0.00
Instantiation time : 0.00 -> 823 candidates, 823 actions
Finalization time : 0.00 -> 264 fluents, 40 init

73 71 69 67 65 63 60 58 50 42 36 29 27 25 24 23 22 21 20 19 18 17 16 15 14 13 12 11 10 Timeout: aborting command ``./yahsp'' with signal 9
./yahsp_pathway.sh: linha 10:  4152 Morto                   timeout 1200 ./yahsp /home/matheus/mestrado/comp/pathways/Strips/domain_p10.pddl /home/matheus/mestrado/comp/pathways/Strips/p10.pddl

Parsing domain..... grounded-pathways-propositional..... done.
Parsing problem..... grounded-pathways-11..... done.
Computing domains..... done.
Instantiating actions..... done.
Computing final representation..... done.

Parsing time : 0.01
Domains creation  time : 0.01
Instantiation time : 0.00 -> 727 candidates, 727 actions
Finalization time : 0.00 -> 266 fluents, 48 init

69 67 65 63 61 41 33 31 24 23 22 21 20 19 18 17 16 15 14 Timeout: aborting command ``./yahsp'' with signal 9
./yahsp_pathway.sh: linha 11:  4571 Morto                   timeout 1200 ./yahsp /home/matheus/mestrado/comp/pathways/Strips/domain_p11.pddl /home/matheus/mestrado/comp/pathways/Strips/p11.pddl

Parsing domain..... grounded-pathways-propositional..... done.
Parsing problem..... grounded-pathways-12..... done.
Computing domains..... done.
Instantiating actions..... done.
Computing final representation..... done.

Parsing time : 0.02
Domains creation  time : 0.00
Instantiation time : 0.00 -> 972 candidates, 972 actions
Finalization time : 0.01 -> 333 fluents, 39 init

87 85 83 81 79 77 75 73 66 64 61 58 55 47 43 38 34 26 19 13 9 4 

0: (CHOOSE_CDC25C_L1_L0) [1]
1: (INITIALIZE_CDC25C) [1]
2: (CHOOSE_CDK1P1P2_L2_L1) [1]
3: (INITIALIZE_CDK1P1P2) [1]
4: (CHOOSE_CDK2_L3_L2) [1]
5: (INITIALIZE_CDK2) [1]
6: (CHOOSE_CDK2P1_L4_L3) [1]
7: (INITIALIZE_CDK2P1) [1]
8: (CHOOSE_CDK7_L5_L4) [1]
9: (INITIALIZE_CDK7) [1]
10: (CHOOSE_CKS1_L6_L5) [1]
11: (INITIALIZE_CKS1) [1]
12: (CHOOSE_CYCB_L7_L6) [1]
13: (INITIALIZE_CYCB) [1]
14: (CHOOSE_CYCH_L8_L7) [1]
15: (INITIALIZE_CYCH) [1]
16: (ASSOCIATE_CDK7_CYCH_CDK7-CYCH) [1]
17: (ASSOCIATE-WITH-CATALYZE_CDK1P1P2_CDK7-CYCH_CDK1P1P2P3) [1]
18: (ASSOCIATE-WITH-CATALYZE_CDK2_CDK7-CYCH_CDK2P2) [1]
19: (CHOOSE_GP_L9_L8) [1]
20: (INITIALIZE_GP) [1]
21: (ASSOCIATE_CDK1P1P2P3_CYCB_CDK1P1P2P3-CYCB) [1]
22: (INITIALIZE_CDK2) [1]
23: (CHOOSE_MAX_L10_L9) [1]
24: (INITIALIZE_CDK1P1P2) [1]
25: (INITIALIZE_MAX) [1]
26: (CHOOSE_P27_L11_L10) [1]
27: (ASSOCIATE-WITH-CATALYZE_CDK1P1P2_CDK7-CYCH_CDK1P1P2P3) [1]
28: (INITIALIZE_P27) [1]
29: (CHOOSE_P53_L12_L11) [1]
30: (INITIALIZE_P53) [1]
31: (SYNTHESIZE_P53_P21) [1]
32: (CHOOSE_PLK1_L13_L12) [1]
33: (INITIALIZE_PLK1) [1]
34: (ASSOCIATE-WITH-CATALYZE_CDC25C_PLK1_CDC25CP1) [1]
35: (ASSOCIATE-WITH-CATALYZE_CDK1P1P2P3-CYCB_CDC25CP1_CDK1P1P3-CYCB) [1]
36: (ASSOCIATE-WITH-CATALYZE_CDK1P1P2P3_CDC25CP1_CDK1P2P3) [1]
37: (DUMMY-ACTION-6-2) [1]
38: (ASSOCIATE-WITH-CATALYZE_CDK1P1P3-CYCB_CDC25CP1_CDK1P3-CYCB) [1]
39: (ASSOCIATE-WITH-CATALYZE_CDK1P2P3_CDC25CP1_CDK1P3) [1]
40: (DUMMY-ACTION-10-2) [1]
41: (ASSOCIATE_CDK1P3_CKS1_CDK1P3-CKS1) [1]
42: (DUMMY-ACTION-11-1) [1]
43: (CHOOSE_SKP1_L14_L13) [1]
44: (INITIALIZE_CDK1P1P2) [1]
45: (ASSOCIATE-WITH-CATALYZE_CDK1P1P2_CDK7-CYCH_CDK1P1P2P3) [1]
46: (ASSOCIATE-WITH-CATALYZE_CDK1P1P2P3_CDC25CP1_CDK1P2P3) [1]
47: (ASSOCIATE-WITH-CATALYZE_CDK1P2P3_CDC25CP1_CDK1P3) [1]
48: (INITIALIZE_SKP1) [1]
49: (DUMMY-ACTION-14-1) [1]
50: (CHOOSE_SKP2_L15_L14) [1]
51: (INITIALIZE_CDK1P1P2) [1]
52: (ASSOCIATE-WITH-CATALYZE_CDK1P1P2_CDK7-CYCH_CDK1P1P2P3) [1]
53: (ASSOCIATE-WITH-CATALYZE_CDK1P1P2P3_CDC25CP1_CDK1P2P3) [1]
54: (INITIALIZE_SKP2) [1]
55: (CHOOSE_SL1_L16_L15) [1]
56: (INITIALIZE_SL1) [1]
57: (ASSOCIATE-WITH-CATALYZE_SL1_CDK1P3-CYCB_SL1P1) [1]
58: (DUMMY-ACTION-4-1) [1]
59: (CHOOSE_SP1_L17_L16) [1]
60: (INITIALIZE_SP1) [1]
61: (ASSOCIATE_SP1_GP_SP1-GP) [1]
62: (SYNTHESIZE_SP1-GP_CYCA) [1]
63: (SYNTHESIZE_SP1-GP_CYCE) [1]
64: (SYNTHESIZE_SP1-GP_C-MYC) [1]
65: (ASSOCIATE_CDK2P2_CYCA_CDK2P2-CYCA) [1]
66: (ASSOCIATE_C-MYC_MAX_C-MYC-MAX) [1]
67: (ASSOCIATE_CDK2P1_CYCE_CDK2P1-CYCE) [1]
68: (ASSOCIATE-WITH-CATALYZE_SKP2_CDK2P2-CYCA_SKP2P1) [1]
69: (DUMMY-ACTION-2-2) [1]
70: (ASSOCIATE_P27_CDK2P2-CYCA_P27-CDK2P2-CYCA) [1]
71: (ASSOCIATE_SKP2P1_SKP1_SKP2P1-SKP1) [1]
72: (DUMMY-ACTION-16-2) [1]
73: (DUMMY-ACTION-5-2) [1]
74: (DUMMY-ACTION-8-1) [1]
75: (DUMMY-ACTION-7-2) [1]
76: (SYNTHESIZE_SP1-GP_CYCA) [1]
77: (SYNTHESIZE_SP1-GP_CYCE) [1]
78: (INITIALIZE_CDK2P1) [1]
79: (ASSOCIATE-WITH-CATALYZE_CDK2_CDK7-CYCH_CDK2P2) [1]
80: (INITIALIZE_P27) [1]
81: (INITIALIZE_SKP1) [1]
82: (ASSOCIATE_CDK2P2_CYCA_CDK2P2-CYCA) [1]
83: (INITIALIZE_SKP2) [1]
84: (ASSOCIATE-WITH-CATALYZE_SKP1_CDK2P2-CYCA_SKP1P1) [1]
85: (ASSOCIATE_SKP2_SKP1P1_SKP2-SKP1P1) [1]
86: (SYNTHESIZE_SP1-GP_CYCA) [1]
87: (INITIALIZE_CDK2) [1]
88: (ASSOCIATE_SKP2-SKP1P1_CDK2P2-CYCA_SKP2-SKP1P1-CDK2P2-CYCA) [1]
89: (ASSOCIATE_CDK2_CYCE_CDK2-CYCE) [1]
90: (ASSOCIATE_CDK2P1_CYCA_CDK2P1-CYCA) [1]
91: (ASSOCIATE-WITH-CATALYZE_CDK2-CYCE_CDK7-CYCH_CDK2P2-CYCE) [1]
92: (ASSOCIATE-WITH-CATALYZE_P27_CDK2P2-CYCE_P27P1) [1]
93: (ASSOCIATE_P27P1_CDK2P2-CYCE_P27P1-CDK2P2-CYCE) [1]
94: (DUMMY-ACTION-3-1) [1]
95: (DUMMY-ACTION-13-2) [1]
96: (SYNTHESIZE_SP1-GP_CYCA) [1]
97: (SYNTHESIZE_SP1-GP_CYCE) [1]
98: (INITIALIZE_CDK2) [1]
99: (ASSOCIATE_CDK2_CYCE_CDK2-CYCE) [1]
100: (ASSOCIATE_CDK1P2P3_CYCA_CDK1P2P3-CYCA) [1]
101: (INITIALIZE_P27) [1]
102: (INITIALIZE_SKP1) [1]
103: (ASSOCIATE-WITH-CATALYZE_CDK2-CYCE_CDK7-CYCH_CDK2P2-CYCE) [1]
104: (INITIALIZE_SKP2) [1]
105: (ASSOCIATE-WITH-CATALYZE_P27_CDK2P2-CYCE_P27P1) [1]
106: (DUMMY-ACTION-12-2) [1]
107: (SYNTHESIZE_SP1-GP_CYCA) [1]
108: (ASSOCIATE-WITH-CATALYZE_CDK2P1-CYCA_CDK7-CYCH_CDK2P1P2-CYCA) [1]
109: (INITIALIZE_CDK2) [1]
110: (ASSOCIATE_CDK2_CYCA_CDK2-CYCA) [1]
111: (ASSOCIATE_P27P1_CDK2P1P2-CYCA_P27P1-CDK2P1P2-CYCA) [1]
112: (ASSOCIATE-WITH-CATALYZE_CDK2-CYCA_CDK7-CYCH_CDK2P2-CYCA) [1]
113: (ASSOCIATE-WITH-CATALYZE_SKP1_CDK2P2-CYCA_SKP1P1) [1]
114: (ASSOCIATE_SKP2_SKP1P1_SKP2-SKP1P1) [1]
115: (DUMMY-ACTION-9-2) [1]
116: (SYNTHESIZE_SP1-GP_CYCA) [1]
117: (INITIALIZE_CDK2) [1]
118: (INITIALIZE_CDK2P1) [1]
119: (ASSOCIATE_CDK2_CYCA_CDK2-CYCA) [1]
120: (ASSOCIATE_P21_CDK2-CYCA_P21-CDK2-CYCA) [1]
121: (DUMMY-ACTION-15-1) [1]
122: (SYNTHESIZE_SP1-GP_CYCA) [1]
123: (ASSOCIATE_CDK2P1_CYCA_CDK2P1-CYCA) [1]
124: (ASSOCIATE_SKP2-SKP1P1_CDK2P1-CYCA_SKP2-SKP1P1-CDK2P1-CYCA) [1]
125: (DUMMY-ACTION-1-2) [1]

Valid plan : 126 actions.
Computed nodes : 126
Evaluated nodes : 24
Developed nodes : 0
Useful nodes : 0

Lookahead utility : 10.52 %
Preparation time : 0.03
Search time : 0.01
Total time : 0.04


Parsing domain..... grounded-pathways-propositional..... done.
Parsing problem..... grounded-pathways-13..... done.
Computing domains..... done.
Instantiating actions..... done.
Computing final representation..... done.

Parsing time : 0.02
Domains creation  time : 0.01
Instantiation time : 0.00 -> 1201 candidates, 1201 actions
Finalization time : 0.00 -> 314 fluents, 49 init

98 96 94 92 90 87 85 83 80 78 61 56 47 37 30 27 21 14 3 

0: (CHOOSE_CDK2_L1_L0) [1]
1: (INITIALIZE_CDK2) [1]
2: (CHOOSE_CDK46P1_L2_L1) [1]
3: (INITIALIZE_CDK46P1) [1]
4: (CHOOSE_CDK46P3-CYCDP1_L3_L2) [1]
5: (INITIALIZE_CDK46P3-CYCDP1) [1]
6: (CHOOSE_DMP1_L4_L3) [1]
7: (INITIALIZE_DMP1) [1]
8: (ASSOCIATE-WITH-CATALYZE_DMP1_CDK46P3-CYCDP1_DMP1P1) [1]
9: (CHOOSE_DP12_L5_L4) [1]
10: (INITIALIZE_DP12) [1]
11: (INITIALIZE_DMP1) [1]
12: (CHOOSE_E2F13-DP12_L6_L5) [1]
13: (INITIALIZE_E2F13-DP12) [1]
14: (CHOOSE_E2F13-DP12P1_L7_L6) [1]
15: (INITIALIZE_E2F13-DP12P1) [1]
16: (CHOOSE_E2F5_L8_L7) [1]
17: (INITIALIZE_E2F5) [1]
18: (ASSOCIATE_E2F5_DP12_E2F5-DP12) [1]
19: (CHOOSE_GCDC25A_L9_L8) [1]
20: (INITIALIZE_GCDC25A) [1]
21: (CHOOSE_GE2_L10_L9) [1]
22: (INITIALIZE_GE2) [1]
23: (ASSOCIATE_E2F5-DP12_GE2_E2F5-DP12-GE2) [1]
24: (SYNTHESIZE_E2F5-DP12-GE2_C-MYC) [1]
25: (SYNTHESIZE_E2F5-DP12-GE2_CYCA) [1]
26: (SYNTHESIZE_E2F5-DP12-GE2_CYCE) [1]
27: (SYNTHESIZE_E2F5-DP12-GE2_CYCEP1) [1]
28: (ASSOCIATE_CDK2_CYCA_CDK2-CYCA) [1]
29: (SYNTHESIZE_E2F5-DP12-GE2_CYCD) [1]
30: (SYNTHESIZE_E2F5-DP12-GE2_CYCDP1) [1]
31: (ASSOCIATE_DMP1_CYCDP1_DMP1-CYCDP1) [1]
32: (ASSOCIATE_CDK46P1_CYCD_CDK46P1-CYCD) [1]
33: (DUMMY-ACTION-1-2) [1]
34: (DUMMY-ACTION-16-2) [1]
35: (CHOOSE_E2F13_L11_L10) [1]
36: (INITIALIZE_CDK2) [1]
37: (ASSOCIATE_CDK2_CYCEP1_CDK2-CYCEP1) [1]
38: (INITIALIZE_E2F13) [1]
39: (ASSOCIATE_CDK2-CYCA_E2F13_CDK2-CYCA-E2F13) [1]
40: (INITIALIZE_CDK46P1) [1]
41: (SYNTHESIZE_E2F5-DP12-GE2_CYCD) [1]
42: (SYNTHESIZE_E2F5-DP12-GE2_CYCDP1) [1]
43: (ASSOCIATE_CDK46P1_CYCDP1_CDK46P1-CYCDP1) [1]
44: (DUMMY-ACTION-15-1) [1]
45: (DUMMY-ACTION-11-2) [1]
46: (CHOOSE_GP19ARF_L12_L11) [1]
47: (SYNTHESIZE_E2F5-DP12-GE2_CYCA) [1]
48: (INITIALIZE_CDK2) [1]
49: (ASSOCIATE_CDK2_CYCA_CDK2-CYCA) [1]
50: (INITIALIZE_GP19ARF) [1]
51: (INITIALIZE_E2F13) [1]
52: (ASSOCIATE_DMP1P1_GP19ARF_DMP1P1-GP19ARF) [1]
53: (INITIALIZE_CDK46P1) [1]
54: (SYNTHESIZE_E2F5-DP12-GE2_CYCDP1) [1]
55: (DUMMY-ACTION-17-2) [1]
56: (CHOOSE_MAX_L13_L12) [1]
57: (INITIALIZE_CDK2) [1]
58: (ASSOCIATE_CDK2_CYCE_CDK2-CYCE) [1]
59: (INITIALIZE_MAX) [1]
60: (ASSOCIATE_C-MYC_MAX_C-MYC-MAX) [1]
61: (ASSOCIATE_C-MYC-MAX_GCDC25A_C-MYC-MAX-GCDC25A) [1]
62: (SYNTHESIZE_C-MYC-MAX-GCDC25A_CDC25A) [1]
63: (DUMMY-ACTION-13-1) [1]
64: (CHOOSE_P53P1_L14_L13) [1]
65: (INITIALIZE_P53P1) [1]
66: (SYNTHESIZE_P53P1_P21) [1]
67: (SYNTHESIZE_P53P1_MDM2) [1]
68: (ASSOCIATE_MDM2_E2F13-DP12P1_MDM2-E2F13-DP12P1) [1]
69: (DUMMY-ACTION-14-1) [1]
70: (CHOOSE_P57_L15_L14) [1]
71: (INITIALIZE_P57) [1]
72: (ASSOCIATE_P57_CDK2-CYCEP1_P57-CDK2-CYCEP1) [1]
73: (DUMMY-ACTION-12-1) [1]
74: (CHOOSE_PCNA_L16_L15) [1]
75: (INITIALIZE_P57) [1]
76: (INITIALIZE_PCNA) [1]
77: (ASSOCIATE_P57_CDK2-CYCE_P57-CDK2-CYCE) [1]
78: (ASSOCIATE_PCNA_P21_PCNA-P21) [1]
79: (DUMMY-ACTION-9-2) [1]
80: (CHOOSE_RAF1_L17_L16) [1]
81: (INITIALIZE_RAF1) [1]
82: (ASSOCIATE-WITH-CATALYZE_CDC25A_RAF1_CDC25AP1) [1]
83: (DUMMY-ACTION-6-2) [1]
84: (ASSOCIATE-WITH-CATALYZE_CDK46P1_CDC25AP1_CDK46) [1]
85: (ASSOCIATE_RAF1_CDC25AP1_RAF1-CDC25AP1) [1]
86: (DUMMY-ACTION-2-2) [1]
87: (ASSOCIATE_CDK46_CYCD_CDK46-CYCD) [1]
88: (DUMMY-ACTION-3-2) [1]
89: (ASSOCIATE_PCNA-P21_CDK46-CYCD_PCNA-P21-CDK46-CYCD) [1]
90: (DUMMY-ACTION-7-2) [1]
91: (DUMMY-ACTION-5-1) [1]
92: (CHOOSE_WEE1_L18_L17) [1]
93: (INITIALIZE_RAF1) [1]
94: (SYNTHESIZE_C-MYC-MAX-GCDC25A_CDC25A) [1]
95: (INITIALIZE_CDK46P1) [1]
96: (ASSOCIATE-WITH-CATALYZE_CDC25A_RAF1_CDC25AP1) [1]
97: (INITIALIZE_WEE1) [1]
98: (ASSOCIATE-WITH-CATALYZE_CDK46P1_CDC25AP1_CDK46) [1]
99: (ASSOCIATE-WITH-CATALYZE_CDK2-CYCA_WEE1_CDK2P1-CYCA) [1]
100: (ASSOCIATE_CDK46_CYCDP1_CDK46-CYCDP1) [1]
101: (ASSOCIATE_CDK2P1-CYCA_E2F13_CDK2P1-CYCA-E2F13) [1]
102: (DUMMY-ACTION-4-2) [1]
103: (DUMMY-ACTION-10-2) [1]
104: (SYNTHESIZE_C-MYC-MAX-GCDC25A_CDC25A) [1]
105: (ASSOCIATE_RAF1_CDC25A_RAF1-CDC25A) [1]
106: (DUMMY-ACTION-8-1) [1]

Valid plan : 107 actions.
Computed nodes : 107
Evaluated nodes : 20
Developed nodes : 0
Useful nodes : 0

Lookahead utility : 9.08 %
Preparation time : 0.03
Search time : 0.01
Total time : 0.04


Parsing domain..... grounded-pathways-propositional..... done.
Parsing problem..... grounded-pathways-14..... done.
Computing domains..... done.
Instantiating actions..... done.
Computing final representation..... done.

Parsing time : 0.02
Domains creation  time : 0.00
Instantiation time : 0.01 -> 1073 candidates, 1073 actions
Finalization time : 0.00 -> 321 fluents, 44 init

93 91 89 87 85 83 81 79 77 72 67 64 59 50 46 38 30 16 4 

0: (CHOOSE_AP2_L1_L0) [1]
1: (INITIALIZE_AP2) [1]
2: (CHOOSE_CDC25C_L2_L1) [1]
3: (INITIALIZE_CDC25C) [1]
4: (CHOOSE_CDK1P1P2_L3_L2) [1]
5: (INITIALIZE_CDK1P1P2) [1]
6: (CHOOSE_CDK2P1_L4_L3) [1]
7: (INITIALIZE_CDK2P1) [1]
8: (CHOOSE_CDK46P3-CYCDP1_L5_L4) [1]
9: (INITIALIZE_CDK46P3-CYCDP1) [1]
10: (CHOOSE_CDK7_L6_L5) [1]
11: (INITIALIZE_CDK7) [1]
12: (CHOOSE_CKS1_L7_L6) [1]
13: (INITIALIZE_CKS1) [1]
14: (CHOOSE_CYCB_L8_L7) [1]
15: (INITIALIZE_CYCB) [1]
16: (CHOOSE_CYCH_L9_L8) [1]
17: (INITIALIZE_CYCH) [1]
18: (ASSOCIATE_CDK7_CYCH_CDK7-CYCH) [1]
19: (ASSOCIATE-WITH-CATALYZE_CDK1P1P2_CDK7-CYCH_CDK1P1P2P3) [1]
20: (ASSOCIATE-WITH-CATALYZE_CDK2P1_CDK7-CYCH_CDK2P1P2) [1]
21: (ASSOCIATE_CDK1P1P2P3_CYCB_CDK1P1P2P3-CYCB) [1]
22: (DUMMY-ACTION-10-2) [1]
23: (CHOOSE_E2F13-DP12_L10_L9) [1]
24: (INITIALIZE_CDK1P1P2) [1]
25: (ASSOCIATE-WITH-CATALYZE_CDK1P1P2_CDK7-CYCH_CDK1P1P2P3) [1]
26: (INITIALIZE_E2F13-DP12) [1]
27: (INITIALIZE_CDK2P1) [1]
28: (CHOOSE_E2F13P1-DP12_L11_L10) [1]
29: (INITIALIZE_E2F13P1-DP12) [1]
30: (INITIALIZE_CDK1P1P2) [1]
31: (CHOOSE_GE2_L12_L11) [1]
32: (INITIALIZE_GE2) [1]
33: (ASSOCIATE_E2F13-DP12_GE2_E2F13-DP12-GE2) [1]
34: (SYNTHESIZE_E2F13-DP12-GE2_CYCA) [1]
35: (SYNTHESIZE_E2F13-DP12-GE2_CYCE) [1]
36: (SYNTHESIZE_E2F13-DP12-GE2_CYCEP1) [1]
37: (ASSOCIATE_CDK2P1_CYCEP1_CDK2P1-CYCEP1) [1]
38: (CHOOSE_DMP1_L13_L12) [1]
39: (INITIALIZE_CDK2P1) [1]
40: (ASSOCIATE-WITH-CATALYZE_CDK2P1-CYCEP1_CDK7-CYCH_CDK2P1P2-CYCEP1) [1]
41: (ASSOCIATE_CDK2P1P2_CYCA_CDK2P1P2-CYCA) [1]
42: (ASSOCIATE_CDK2P1_CYCE_CDK2P1-CYCE) [1]
43: (INITIALIZE_DMP1) [1]
44: (DUMMY-ACTION-7-2) [1]
45: (SYNTHESIZE_E2F13-DP12-GE2_CYCDP1) [1]
46: (INITIALIZE_E2F13-DP12) [1]
47: (ASSOCIATE-WITH-CATALYZE_DMP1_CDK46P3-CYCDP1_DMP1P1) [1]
48: (ASSOCIATE_DMP1P1_CYCDP1_DMP1P1-CYCDP1) [1]
49: (DUMMY-ACTION-9-2) [1]
50: (DUMMY-ACTION-18-2) [1]
51: (CHOOSE_P27_L14_L13) [1]
52: (SYNTHESIZE_E2F13-DP12-GE2_CYCA) [1]
53: (INITIALIZE_CDK2P1) [1]
54: (SYNTHESIZE_E2F13-DP12-GE2_CYCEP1) [1]
55: (ASSOCIATE-WITH-CATALYZE_CDK2P1-CYCE_CDK7-CYCH_CDK2P1P2-CYCE) [1]
56: (ASSOCIATE_CDK2P1_CYCA_CDK2P1-CYCA) [1]
57: (INITIALIZE_P27) [1]
58: (DUMMY-ACTION-12-1) [1]
59: (ASSOCIATE_P27_CDK2P1P2-CYCA_P27-CDK2P1P2-CYCA) [1]
60: (DUMMY-ACTION-13-1) [1]
61: (CHOOSE_P53_L15_L14) [1]
62: (SYNTHESIZE_E2F13-DP12-GE2_CYCA) [1]
63: (INITIALIZE_CDK2P1) [1]
64: (SYNTHESIZE_E2F13-DP12-GE2_CYCE) [1]
65: (ASSOCIATE-WITH-CATALYZE_CDK2P1-CYCA_CDK7-CYCH_CDK2P1P2-CYCA) [1]
66: (INITIALIZE_P27) [1]
67: (ASSOCIATE_CDK2P1_CYCEP1_CDK2P1-CYCEP1) [1]
68: (INITIALIZE_P53) [1]
69: (ASSOCIATE_P27_CDK2P1P2-CYCE_P27-CDK2P1P2-CYCE) [1]
70: (ASSOCIATE_CDK1P1P2P3_CYCA_CDK1P1P2P3-CYCA) [1]
71: (SYNTHESIZE_P53_MDM2) [1]
72: (ASSOCIATE_MDM2_E2F13-DP12_MDM2-E2F13-DP12) [1]
73: (SYNTHESIZE_P53_GADD45) [1]
74: (DUMMY-ACTION-15-1) [1]
75: (DUMMY-ACTION-5-2) [1]
76: (CHOOSE_P57_L16_L15) [1]
77: (SYNTHESIZE_E2F13-DP12-GE2_CYCA) [1]
78: (SYNTHESIZE_P53_P21) [1]
79: (INITIALIZE_CDK2P1) [1]
80: (INITIALIZE_P27) [1]
81: (ASSOCIATE_CDK2P1_CYCA_CDK2P1-CYCA) [1]
82: (ASSOCIATE_P21_CDK2P1P2-CYCA_P21-CDK2P1P2-CYCA) [1]
83: (ASSOCIATE-WITH-CATALYZE_CDK1P1P2_CDK7-CYCH_CDK1P1P2P3) [1]
84: (INITIALIZE_P57) [1]
85: (ASSOCIATE_P27_CDK2P1-CYCA_P27-CDK2P1-CYCA) [1]
86: (ASSOCIATE_P57_CDK2P1-CYCEP1_P57-CDK2P1-CYCEP1) [1]
87: (DUMMY-ACTION-16-2) [1]
88: (ASSOCIATE_CDK1P1P2P3_GADD45_CDK1P1P2P3-GADD45) [1]
89: (DUMMY-ACTION-6-1) [1]
90: (DUMMY-ACTION-3-1) [1]
91: (DUMMY-ACTION-8-2) [1]
92: (CHOOSE_PLK1_L17_L16) [1]
93: (SYNTHESIZE_E2F13-DP12-GE2_CYCA) [1]
94: (INITIALIZE_CDK2P1) [1]
95: (ASSOCIATE_CDK2P1_CYCA_CDK2P1-CYCA) [1]
96: (INITIALIZE_PLK1) [1]
97: (INITIALIZE_P57) [1]
98: (INITIALIZE_CDK1P1P2) [1]
99: (ASSOCIATE-WITH-CATALYZE_CDK2P1-CYCA_CDK7-CYCH_CDK2P1P2-CYCA) [1]
100: (ASSOCIATE-WITH-CATALYZE_CDC25C_PLK1_CDC25CP1) [1]
101: (ASSOCIATE-WITH-CATALYZE_CDK1P1P2P3-CYCA_CDC25CP1_CDK1P1P3-CYCA) [1]
102: (ASSOCIATE-WITH-CATALYZE_CDK1P1P2_CDC25CP1_CDK1P2) [1]
103: (ASSOCIATE_P57_CDK2P1P2-CYCA_P57-CDK2P1P2-CYCA) [1]
104: (SYNTHESIZE_P53_GADD45) [1]
105: (ASSOCIATE-WITH-CATALYZE_CDK1P1P3-CYCA_CDC25CP1_CDK1P3-CYCA) [1]
106: (ASSOCIATE-WITH-CATALYZE_CDK1P2_CDK7-CYCH_CDK1P2P3) [1]
107: (DUMMY-ACTION-17-1) [1]
108: (ASSOCIATE-WITH-CATALYZE_CDK1P2P3_CDC25CP1_CDK1P3) [1]
109: (DUMMY-ACTION-2-2) [1]
110: (ASSOCIATE_CDK1P3_GADD45_CDK1P3-GADD45) [1]
111: (DUMMY-ACTION-1-2) [1]
112: (CHOOSE_SKP2_L18_L17) [1]
113: (SYNTHESIZE_E2F13-DP12-GE2_CYCA) [1]
114: (INITIALIZE_CDK1P1P2) [1]
115: (INITIALIZE_CDK2P1) [1]
116: (INITIALIZE_P57) [1]
117: (ASSOCIATE_CDK2P1_CYCA_CDK2P1-CYCA) [1]
118: (INITIALIZE_SKP2) [1]
119: (ASSOCIATE-WITH-CATALYZE_CDK1P1P2_CDK7-CYCH_CDK1P1P2P3) [1]
120: (ASSOCIATE-WITH-CATALYZE_CDK1P1P2P3_CDC25CP1_CDK1P2P3) [1]
121: (ASSOCIATE_SKP2_CDK2P1-CYCA_SKP2-CDK2P1-CYCA) [1]
122: (ASSOCIATE-WITH-CATALYZE_CDK1P2P3_CDC25CP1_CDK1P3) [1]
123: (DUMMY-ACTION-14-1) [1]
124: (DUMMY-ACTION-11-2) [1]
125: (INITIALIZE_CDK2P1) [1]
126: (ASSOCIATE_CDK2P1_CYCE_CDK2P1-CYCE) [1]
127: (ASSOCIATE_P57_CDK2P1-CYCE_P57-CDK2P1-CYCE) [1]
128: (DUMMY-ACTION-4-2) [1]

Valid plan : 129 actions.
Computed nodes : 129
Evaluated nodes : 20
Developed nodes : 0
Useful nodes : 0

Lookahead utility : 10.65 %
Preparation time : 0.03
Search time : 0.01
Total time : 0.04


Parsing domain..... grounded-pathways-propositional..... done.
Parsing problem..... grounded-pathways-15..... done.
Computing domains..... done.
Instantiating actions..... done.
Computing final representation..... done.

Parsing time : 0.02
Domains creation  time : 0.00
Instantiation time : 0.01 -> 1174 candidates, 1174 actions
Finalization time : 0.01 -> 317 fluents, 46 init

93 91 89 87 85 83 81 79 70 55 48 45 44 37 24 14 3 

0: (CHOOSE_CDK2_L1_L0) [1]
1: (INITIALIZE_CDK2) [1]
2: (CHOOSE_CDK46P1_L2_L1) [1]
3: (INITIALIZE_CDK46P1) [1]
4: (CHOOSE_DMP1_L3_L2) [1]
5: (INITIALIZE_DMP1) [1]
6: (CHOOSE_E2F13_L4_L3) [1]
7: (INITIALIZE_E2F13) [1]
8: (CHOOSE_E2F13P1-DP12_L5_L4) [1]
9: (INITIALIZE_E2F13P1-DP12) [1]
10: (CHOOSE_E2F5-DP12P1_L6_L5) [1]
11: (INITIALIZE_E2F5-DP12P1) [1]
12: (CHOOSE_GCDC25A_L7_L6) [1]
13: (INITIALIZE_GCDC25A) [1]
14: (CHOOSE_GE2_L8_L7) [1]
15: (INITIALIZE_GE2) [1]
16: (ASSOCIATE_E2F13P1-DP12_GE2_E2F13P1-DP12-GE2) [1]
17: (SYNTHESIZE_E2F13P1-DP12-GE2_C-MYC) [1]
18: (SYNTHESIZE_E2F13P1-DP12-GE2_CYCA) [1]
19: (SYNTHESIZE_E2F13P1-DP12-GE2_CYCE) [1]
20: (SYNTHESIZE_E2F13P1-DP12-GE2_CYCEP1) [1]
21: (DUMMY-ACTION-8-2) [1]
22: (ASSOCIATE_CDK2_CYCA_CDK2-CYCA) [1]
23: (SYNTHESIZE_E2F13P1-DP12-GE2_CYCD) [1]
24: (SYNTHESIZE_E2F13P1-DP12-GE2_CYCDP1) [1]
25: (ASSOCIATE_CDK46P1_CYCD_CDK46P1-CYCD) [1]
26: (ASSOCIATE_DMP1_CYCDP1_DMP1-CYCDP1) [1]
27: (DUMMY-ACTION-13-2) [1]
28: (CHOOSE_MAX_L9_L8) [1]
29: (INITIALIZE_CDK2) [1]
30: (INITIALIZE_MAX) [1]
31: (INITIALIZE_GE2) [1]
32: (ASSOCIATE_CDK2_CYCEP1_CDK2-CYCEP1) [1]
33: (ASSOCIATE_C-MYC_MAX_C-MYC-MAX) [1]
34: (ASSOCIATE_C-MYC-MAX_GCDC25A_C-MYC-MAX-GCDC25A) [1]
35: (SYNTHESIZE_C-MYC-MAX-GCDC25A_CDC25A) [1]
36: (DUMMY-ACTION-9-2) [1]
37: (INITIALIZE_CDK46P1) [1]
38: (SYNTHESIZE_E2F13P1-DP12-GE2_CYCD) [1]
39: (SYNTHESIZE_E2F13P1-DP12-GE2_CYCDP1) [1]
40: (DUMMY-ACTION-15-2) [1]
41: (CHOOSE_P130_L10_L9) [1]
42: (INITIALIZE_CDK2) [1]
43: (INITIALIZE_P130) [1]
44: (ASSOCIATE_P130_E2F5-DP12P1_P130-E2F5-DP12P1) [1]
45: (ASSOCIATE_CDK2_CYCE_CDK2-CYCE) [1]
46: (ASSOCIATE_P130-E2F5-DP12P1_GE2_P130-E2F5-DP12P1-GE2) [1]
47: (DUMMY-ACTION-10-2) [1]
48: (CHOOSE_P130-E2F4P1-DP12_L11_L10) [1]
49: (INITIALIZE_P130-E2F4P1-DP12) [1]
50: (INITIALIZE_GE2) [1]
51: (CHOOSE_P53_L12_L11) [1]
52: (INITIALIZE_P53) [1]
53: (SYNTHESIZE_P53_P21) [1]
54: (ASSOCIATE_P21_CDK2-CYCA_P21-CDK2-CYCA) [1]
55: (DUMMY-ACTION-19-2) [1]
56: (CHOOSE_P57P1_L13_L12) [1]
57: (SYNTHESIZE_E2F13P1-DP12-GE2_CYCA) [1]
58: (INITIALIZE_CDK2) [1]
59: (SYNTHESIZE_P53_P21) [1]
60: (ASSOCIATE_CDK2_CYCA_CDK2-CYCA) [1]
61: (ASSOCIATE_P21_CDK2-CYCEP1_P21-CDK2-CYCEP1) [1]
62: (INITIALIZE_P57P1) [1]
63: (DUMMY-ACTION-16-1) [1]
64: (CHOOSE_PCNA_L14_L13) [1]
65: (SYNTHESIZE_P53_P21) [1]
66: (INITIALIZE_PCNA) [1]
67: (ASSOCIATE_PCNA_P21_PCNA-P21) [1]
68: (ASSOCIATE_PCNA-P21_CDK2-CYCE_PCNA-P21-CDK2-CYCE) [1]
69: (DUMMY-ACTION-1-2) [1]
70: (CHOOSE_RAF1_L15_L14) [1]
71: (SYNTHESIZE_P53_P21) [1]
72: (SYNTHESIZE_E2F13P1-DP12-GE2_CYCEP1) [1]
73: (INITIALIZE_CDK2) [1]
74: (INITIALIZE_PCNA) [1]
75: (INITIALIZE_RAF1) [1]
76: (ASSOCIATE_CDK2_CYCEP1_CDK2-CYCEP1) [1]
77: (ASSOCIATE-WITH-CATALYZE_CDC25A_RAF1_CDC25AP1) [1]
78: (ASSOCIATE_RAF1_P130-E2F4P1-DP12_RAF1-P130-E2F4P1-DP12) [1]
79: (DUMMY-ACTION-6-2) [1]
80: (ASSOCIATE-WITH-CATALYZE_CDK46P1_CDC25AP1_CDK46) [1]
81: (DUMMY-ACTION-3-2) [1]
82: (ASSOCIATE_RAF1-P130-E2F4P1-DP12_GE2_RAF1-P130-E2F4P1-DP12-GE2) [1]
83: (ASSOCIATE_PCNA_P21_PCNA-P21) [1]
84: (ASSOCIATE_CDK46_CYCDP1_CDK46-CYCDP1) [1]
85: (ASSOCIATE_P57P1_CDK46-CYCDP1_P57P1-CDK46-CYCDP1) [1]
86: (ASSOCIATE_PCNA-P21_CDK46P1-CYCD_PCNA-P21-CDK46P1-CYCD) [1]
87: (DUMMY-ACTION-2-2) [1]
88: (DUMMY-ACTION-5-2) [1]
89: (DUMMY-ACTION-17-2) [1]
90: (CHOOSE_SKP2_L16_L15) [1]
91: (SYNTHESIZE_P53_P21) [1]
92: (INITIALIZE_CDK46P1) [1]
93: (INITIALIZE_RAF1) [1]
94: (SYNTHESIZE_C-MYC-MAX-GCDC25A_CDC25A) [1]
95: (INITIALIZE_PCNA) [1]
96: (ASSOCIATE-WITH-CATALYZE_CDK46P1_CDC25AP1_CDK46) [1]
97: (INITIALIZE_SKP2) [1]
98: (ASSOCIATE_RAF1_CDC25A_RAF1-CDC25A) [1]
99: (ASSOCIATE_PCNA_P21_PCNA-P21) [1]
100: (ASSOCIATE_CDK46_CYCD_CDK46-CYCD) [1]
101: (ASSOCIATE_SKP2_CDK2-CYCA_SKP2-CDK2-CYCA) [1]
102: (ASSOCIATE_PCNA-P21_CDK2-CYCEP1_PCNA-P21-CDK2-CYCEP1) [1]
103: (DUMMY-ACTION-7-1) [1]
104: (DUMMY-ACTION-14-2) [1]
105: (DUMMY-ACTION-11-2) [1]
106: (CHOOSE_WEE1_L17_L16) [1]
107: (SYNTHESIZE_P53_P21) [1]
108: (SYNTHESIZE_E2F13P1-DP12-GE2_CYCA) [1]
109: (INITIALIZE_CDK2) [1]
110: (INITIALIZE_PCNA) [1]
111: (ASSOCIATE_CDK2_CYCA_CDK2-CYCA) [1]
112: (INITIALIZE_WEE1) [1]
113: (ASSOCIATE_P21_CDK46-CYCD_P21-CDK46-CYCD) [1]
114: (ASSOCIATE-WITH-CATALYZE_CDK2-CYCA_WEE1_CDK2P1-CYCA) [1]
115: (DUMMY-ACTION-18-2) [1]
116: (DUMMY-ACTION-4-1) [1]
117: (SYNTHESIZE_P53_P21) [1]
118: (ASSOCIATE_P21_CDK2P1-CYCA_P21-CDK2P1-CYCA) [1]
119: (DUMMY-ACTION-12-2) [1]

Valid plan : 120 actions.
Computed nodes : 120
Evaluated nodes : 19
Developed nodes : 0
Useful nodes : 0

Lookahead utility : 11.27 %
Preparation time : 0.04
Search time : 0.00
Total time : 0.04


Parsing domain..... grounded-pathways-propositional..... done.
Parsing problem..... grounded-pathways-16..... done.
Computing domains..... done.
Instantiating actions..... done.
Computing final representation..... done.

Parsing time : 0.04
Domains creation  time : 0.00
Instantiation time : 0.01 -> 1745 candidates, 1745 actions
Finalization time : 0.00 -> 496 fluents, 56 init

115 113 111 109 107 105 102 98 96 94 90 88 77 64 62 54 51 45 38 36 28 24 15 8 4 

0: (CHOOSE_C-ABL_L1_L0) [1]
1: (INITIALIZE_C-ABL) [1]
2: (CHOOSE_CDK2_L2_L1) [1]
3: (INITIALIZE_CDK2) [1]
4: (CHOOSE_CDK46P1_L3_L2) [1]
5: (INITIALIZE_CDK46P1) [1]
6: (CHOOSE_CDK46P3-CYCD_L4_L3) [1]
7: (INITIALIZE_CDK46P3-CYCD) [1]
8: (CHOOSE_CDK7_L5_L4) [1]
9: (INITIALIZE_CDK7) [1]
10: (CHOOSE_CYCH_L6_L5) [1]
11: (INITIALIZE_CYCH) [1]
12: (ASSOCIATE_CDK7_CYCH_CDK7-CYCH) [1]
13: (ASSOCIATE-WITH-CATALYZE_CDK2_CDK7-CYCH_CDK2P2) [1]
14: (ASSOCIATE-WITH-CATALYZE_CDK46P1_CDK7-CYCH_CDK46P1P2) [1]
15: (CHOOSE_DP12_L7_L6) [1]
16: (INITIALIZE_DP12) [1]
17: (INITIALIZE_CDK2) [1]
18: (INITIALIZE_CDK46P1) [1]
19: (CHOOSE_E2F13_L8_L7) [1]
20: (INITIALIZE_E2F13) [1]
21: (CHOOSE_E2F13P1-DP12_L9_L8) [1]
22: (INITIALIZE_E2F13P1-DP12) [1]
23: (CHOOSE_E2F4_L10_L9) [1]
24: (INITIALIZE_E2F4) [1]
25: (ASSOCIATE_E2F4_DP12_E2F4-DP12) [1]
26: (CHOOSE_GCDC25A_L11_L10) [1]
27: (INITIALIZE_GCDC25A) [1]
28: (CHOOSE_GE2_L12_L11) [1]
29: (INITIALIZE_GE2) [1]
30: (ASSOCIATE_E2F4-DP12_GE2_E2F4-DP12-GE2) [1]
31: (DUMMY-ACTION-11-2) [1]
32: (SYNTHESIZE_E2F4-DP12-GE2_C-MYC) [1]
33: (SYNTHESIZE_E2F4-DP12-GE2_CYCA) [1]
34: (SYNTHESIZE_E2F4-DP12-GE2_CYCE) [1]
35: (ASSOCIATE_CDK2P2_CYCA_CDK2P2-CYCA) [1]
36: (DUMMY-ACTION-18-2) [1]
37: (ASSOCIATE-WITH-CATALYZE_E2F13_CDK2P2-CYCA_E2F13P1) [1]
38: (SYNTHESIZE_E2F4-DP12-GE2_CYCD) [1]
39: (SYNTHESIZE_E2F4-DP12-GE2_CYCDP1) [1]
40: (CHOOSE_MAX_L13_L12) [1]
41: (SYNTHESIZE_E2F4-DP12-GE2_CYCA) [1]
42: (ASSOCIATE_CDK2_CYCE_CDK2-CYCE) [1]
43: (ASSOCIATE-WITH-CATALYZE_CDK2-CYCE_CDK7-CYCH_CDK2P2-CYCE) [1]
44: (INITIALIZE_MAX) [1]
45: (ASSOCIATE_C-MYC_MAX_C-MYC-MAX) [1]
46: (ASSOCIATE_C-MYC-MAX_GCDC25A_C-MYC-MAX-GCDC25A) [1]
47: (SYNTHESIZE_C-MYC-MAX-GCDC25A_CDC25A) [1]
48: (CHOOSE_P16_L14_L13) [1]
49: (INITIALIZE_CDK2) [1]
50: (INITIALIZE_P16) [1]
51: (ASSOCIATE_CDK2_CYCA_CDK2-CYCA) [1]
52: (ASSOCIATE_CDK2-CYCA_E2F13P1_CDK2-CYCA-E2F13P1) [1]
53: (DUMMY-ACTION-19-1) [1]
54: (CHOOSE_P27_L15_L14) [1]
55: (SYNTHESIZE_E2F4-DP12-GE2_CYCA) [1]
56: (INITIALIZE_E2F13) [1]
57: (INITIALIZE_CDK2) [1]
58: (INITIALIZE_P27) [1]
59: (ASSOCIATE-WITH-CATALYZE_E2F13_CDK2P2-CYCA_E2F13P1) [1]
60: (ASSOCIATE_CDK2_CYCA_CDK2-CYCA) [1]
61: (ASSOCIATE-WITH-CATALYZE_P27_CDK2P2-CYCE_P27P1) [1]
62: (ASSOCIATE_P27P1_CDK2P2-CYCE_P27P1-CDK2P2-CYCE) [1]
63: (DUMMY-ACTION-14-2) [1]
64: (CHOOSE_P53_L16_L15) [1]
65: (SYNTHESIZE_E2F4-DP12-GE2_CYCE) [1]
66: (INITIALIZE_CDK2) [1]
67: (ASSOCIATE_CDK2_CYCE_CDK2-CYCE) [1]
68: (INITIALIZE_P53) [1]
69: (INITIALIZE_P27) [1]
70: (SYNTHESIZE_P53_P21) [1]
71: (ASSOCIATE-WITH-CATALYZE_CDK2-CYCE_CDK7-CYCH_CDK2P2-CYCE) [1]
72: (ASSOCIATE-WITH-CATALYZE_P27_CDK2P2-CYCE_P27P1) [1]
73: (CHOOSE_PCNA_L17_L16) [1]
74: (INITIALIZE_PCNA) [1]
75: (INITIALIZE_P27) [1]
76: (ASSOCIATE_PCNA_CYCDP1_PCNA-CYCDP1) [1]
77: (DUMMY-ACTION-8-2) [1]
78: (CHOOSE_PRB_L18_L17) [1]
79: (INITIALIZE_PCNA) [1]
80: (INITIALIZE_PRB) [1]
81: (ASSOCIATE_PRB_E2F13P1-DP12_PRB-E2F13P1-DP12) [1]
82: (SYNTHESIZE_E2F4-DP12-GE2_CYCDP1) [1]
83: (ASSOCIATE_PCNA_P21_PCNA-P21) [1]
84: (CHOOSE_RAF1_L19_L18) [1]
85: (INITIALIZE_RAF1) [1]
86: (ASSOCIATE-WITH-CATALYZE_CDC25A_RAF1_CDC25AP1) [1]
87: (ASSOCIATE_RAF1_PRB-E2F13P1-DP12_RAF1-PRB-E2F13P1-DP12) [1]
88: (DUMMY-ACTION-10-2) [1]
89: (ASSOCIATE-WITH-CATALYZE_CDK46P1_CDC25AP1_CDK46) [1]
90: (ASSOCIATE-WITH-CATALYZE_CDK46P1P2_CDC25AP1_CDK46P2) [1]
91: (DUMMY-ACTION-9-2) [1]
92: (ASSOCIATE_CDK46_CYCDP1_CDK46-CYCDP1) [1]
93: (ASSOCIATE_PCNA-P21_CDK46-CYCDP1_PCNA-P21-CDK46-CYCDP1) [1]
94: (DUMMY-ACTION-1-2) [1]
95: (DUMMY-ACTION-4-2) [1]
96: (CHOOSE_P57_L20_L19) [1]
97: (ASSOCIATE_CDK46P2_CYCD_CDK46P2-CYCD) [1]
98: (INITIALIZE_CDK46P1) [1]
99: (INITIALIZE_RAF1) [1]
100: (SYNTHESIZE_C-MYC-MAX-GCDC25A_CDC25A) [1]
101: (SYNTHESIZE_E2F4-DP12-GE2_CYCDP1) [1]
102: (INITIALIZE_P57) [1]
103: (ASSOCIATE-WITH-CATALYZE_CDK46P1_CDC25AP1_CDK46) [1]
104: (ASSOCIATE_P27_CDK46P2-CYCD_P27-CDK46P2-CYCD) [1]
105: (ASSOCIATE_RAF1_CDC25A_RAF1-CDC25A) [1]
106: (ASSOCIATE_CDK46_CYCDP1_CDK46-CYCDP1) [1]
107: (ASSOCIATE_P27P1_CDK46-CYCDP1_P27P1-CDK46-CYCDP1) [1]
108: (DUMMY-ACTION-15-1) [1]
109: (DUMMY-ACTION-13-1) [1]
110: (DUMMY-ACTION-16-1) [1]
111: (CHOOSE_P57P1_L21_L20) [1]
112: (INITIALIZE_P27) [1]
113: (INITIALIZE_CDK46P1) [1]
114: (SYNTHESIZE_E2F4-DP12-GE2_CYCD) [1]
115: (SYNTHESIZE_E2F4-DP12-GE2_CYCDP1) [1]
116: (ASSOCIATE-WITH-CATALYZE_CDK46P1_CDC25AP1_CDK46) [1]
117: (INITIALIZE_P57P1) [1]
118: (ASSOCIATE_CDK46_CYCDP1_CDK46-CYCDP1) [1]
119: (ASSOCIATE-WITH-CATALYZE_P27_CDK2P2-CYCE_P27P1) [1]
120: (ASSOCIATE-WITH-CATALYZE_CDK46-CYCDP1_CDK7-CYCH_CDK46P2-CYCDP1) [1]
121: (ASSOCIATE_P27P1_CDK46P2-CYCDP1_P27P1-CDK46P2-CYCDP1) [1]
122: (DUMMY-ACTION-17-1) [1]
123: (INITIALIZE_CDK46P1) [1]
124: (CHOOSE_WEE1_L22_L21) [1]
125: (ASSOCIATE-WITH-CATALYZE_CDK46P1_CDC25AP1_CDK46) [1]
126: (SYNTHESIZE_E2F4-DP12-GE2_CYCDP1) [1]
127: (SYNTHESIZE_P53_P21) [1]
128: (ASSOCIATE_CDK46_CYCDP1_CDK46-CYCDP1) [1]
129: (INITIALIZE_WEE1) [1]
130: (INITIALIZE_P27) [1]
131: (ASSOCIATE-WITH-CATALYZE_CDK46-CYCDP1_CDK7-CYCH_CDK46P2-CYCDP1) [1]
132: (ASSOCIATE-WITH-CATALYZE_CDK2-CYCA_WEE1_CDK2P1-CYCA) [1]
133: (ASSOCIATE_P57_CDK46P2-CYCDP1_P57-CDK46P2-CYCDP1) [1]
134: (ASSOCIATE_P27_CDK2P1-CYCA_P27-CDK2P1-CYCA) [1]
135: (DUMMY-ACTION-3-1) [1]
136: (DUMMY-ACTION-12-2) [1]
137: (INITIALIZE_P27) [1]
138: (INITIALIZE_CDK46P1) [1]
139: (ASSOCIATE-WITH-CATALYZE_CDK2P2-CYCA_WEE1_CDK2P1P2-CYCA) [1]
140: (ASSOCIATE-WITH-CATALYZE_P27_CDK2P2-CYCE_P27P1) [1]
141: (ASSOCIATE-WITH-CATALYZE_CDK46P1_CDC25AP1_CDK46) [1]
142: (ASSOCIATE_CDK2P1P2-CYCA_E2F13P1_CDK2P1P2-CYCA-E2F13P1) [1]
143: (ASSOCIATE_CDK46_CYCD_CDK46-CYCD) [1]
144: (DUMMY-ACTION-6-2) [1]
145: (ASSOCIATE_P57P1_CDK46-CYCD_P57P1-CDK46-CYCD) [1]
146: (DUMMY-ACTION-2-2) [1]
147: (DUMMY-ACTION-7-1) [1]
148: (INITIALIZE_CDK46P1) [1]
149: (SYNTHESIZE_E2F4-DP12-GE2_CYCDP1) [1]
150: (ASSOCIATE-WITH-CATALYZE_CDK46P1_CDC25AP1_CDK46) [1]
151: (ASSOCIATE_CDK46_CYCDP1_CDK46-CYCDP1) [1]
152: (ASSOCIATE_P21_CDK46-CYCDP1_P21-CDK46-CYCDP1) [1]
153: (DUMMY-ACTION-20-1) [1]
154: (INITIALIZE_CDK46P1) [1]
155: (ASSOCIATE-WITH-CATALYZE_CDK46P1_CDC25AP1_CDK46) [1]
156: (ASSOCIATE_P16_CDK46_P16-CDK46) [1]
157: (DUMMY-ACTION-5-2) [1]

Valid plan : 158 actions.
Computed nodes : 169
Evaluated nodes : 28
Developed nodes : 1
Useful nodes : 1

Lookahead utility : 9.33 %
Preparation time : 0.05
Search time : 0.01
Total time : 0.06


Parsing domain..... grounded-pathways-propositional..... done.
Parsing problem..... grounded-pathways-17..... done.
Computing domains..... done.
Instantiating actions..... done.
Computing final representation..... done.

Parsing time : 0.03
Domains creation  time : 0.01
Instantiation time : 0.01 -> 1792 candidates, 1792 actions
Finalization time : 0.00 -> 522 fluents, 61 init

126 124 122 120 118 116 114 109 105 103 101 98 96 93 83 71 65 60 57 52 51 50 49 48 47 
Parsing domain..... grounded-pathways-propositional..... done.
Parsing problem..... grounded-pathways-18..... done.
Computing domains..... done.
Instantiating actions..... done.
Computing final representation..... done.

Parsing time : 0.02
Domains creation  time : 0.00
Instantiation time : 0.01 -> 1303 candidates, 1303 actions
Finalization time : 0.00 -> 417 fluents, 47 init

129 127 125 123 121 119 117 115 113 107 104 99 97 95 93 91 87 78 65 55 53 52 51 50 49 48 47 46 45 44 43 42 41 40 39 38 37 36 35 34 33 
Parsing domain..... grounded-pathways-propositional..... done.
Parsing problem..... grounded-pathways-19..... done.
Computing domains..... done.
Instantiating actions..... done.
Computing final representation..... done.

Parsing time : 0.04
Domains creation  time : 0.02
Instantiation time : 0.00 -> 1962 candidates, 1962 actions
Finalization time : 0.00 -> 545 fluents, 57 init

145 143 141 139 137 135 133 128 126 124 122 120 115 113 111 104 97 90 74 70 62 59 57 
Parsing domain..... grounded-pathways-propositional..... done.
Parsing problem..... grounded-pathways-20..... done.
Computing domains..... done.
Instantiating actions..... done.
Computing final representation..... done.

Parsing time : 0.04
Domains creation  time : 0.00
Instantiation time : 0.01 -> 1530 candidates, 1530 actions
Finalization time : 0.00 -> 458 fluents, 53 init

136 134 132 130 128 126 124 122 120 118 116 113 109 106 87 77 70 65 52 43 42 41 40 39 38 37 36 35 34 33 32 31 30 29 28 
Parsing domain..... grounded-pathways-propositional..... done.
Parsing problem..... grounded-pathways-21..... done.
Computing domains..... done.
Instantiating actions..... done.
Computing final representation..... done.

Parsing time : 0.04
Domains creation  time : 0.00
Instantiation time : 0.01 -> 1911 candidates, 1911 actions
Finalization time : 0.01 -> 500 fluents, 62 init

141 139 137 135 133 131 127 123 121 119 117 115 102 96 86 79 77 72 68 65 64 60 58 56 54 53 52 51 50 49 48 47 46 45 44 43 42 41 
Parsing domain..... grounded-pathways-propositional..... done.
Parsing problem..... grounded-pathways-22..... done.
Computing domains..... done.
Instantiating actions..... done.
Computing final representation..... done.

Parsing time : 0.03
Domains creation  time : 0.01
Instantiation time : 0.00 -> 1761 candidates, 1761 actions
Finalization time : 0.00 -> 421 fluents, 61 init

135 133 131 129 127 125 123 121 119 117 115 113 111 109 96 85 75 59 56 55 54 53 52 51 50 49 48 47 
Parsing domain..... grounded-pathways-propositional..... done.
Parsing problem..... grounded-pathways-23..... done.
Computing domains..... done.
Instantiating actions..... done.
Computing final representation..... done.

Parsing time : 0.04
Domains creation  time : 0.01
Instantiation time : 0.01 -> 2035 candidates, 2035 actions
Finalization time : 0.00 -> 451 fluents, 62 init

134 132 130 128 126 124 122 120 118 116 114 110 108 98 87 80 75 64 60 54 41 35 27 11 3 

0: (CHOOSE_CDC25C_L1_L0) [1]
1: (INITIALIZE_CDC25C) [1]
2: (CHOOSE_CDK1P1P2_L2_L1) [1]
3: (INITIALIZE_CDK1P1P2) [1]
4: (CHOOSE_CDK2_L3_L2) [1]
5: (INITIALIZE_CDK2) [1]
6: (CHOOSE_CDK2P1_L4_L3) [1]
7: (INITIALIZE_CDK2P1) [1]
8: (CHOOSE_CDK46P1_L5_L4) [1]
9: (INITIALIZE_CDK46P1) [1]
10: (CHOOSE_CDK46P3-CYCD_L6_L5) [1]
11: (INITIALIZE_CDK46P3-CYCD) [1]
12: (CHOOSE_CEBP_L7_L6) [1]
13: (INITIALIZE_CEBP) [1]
14: (CHOOSE_DMP1_L8_L7) [1]
15: (INITIALIZE_DMP1) [1]
16: (CHOOSE_DP12_L9_L8) [1]
17: (INITIALIZE_DP12) [1]
18: (CHOOSE_E2F13-DP12_L10_L9) [1]
19: (INITIALIZE_E2F13-DP12) [1]
20: (CHOOSE_E2F4_L11_L10) [1]
21: (INITIALIZE_E2F4) [1]
22: (ASSOCIATE_E2F4_DP12_E2F4-DP12) [1]
23: (CHOOSE_E2F5_L12_L11) [1]
24: (INITIALIZE_DP12) [1]
25: (INITIALIZE_E2F5) [1]
26: (ASSOCIATE_E2F5_DP12_E2F5-DP12) [1]
27: (CHOOSE_GE2_L13_L12) [1]
28: (INITIALIZE_GE2) [1]
29: (ASSOCIATE_E2F5-DP12_GE2_E2F5-DP12-GE2) [1]
30: (SYNTHESIZE_E2F5-DP12-GE2_CYCA) [1]
31: (SYNTHESIZE_E2F5-DP12-GE2_CYCD) [1]
32: (SYNTHESIZE_E2F5-DP12-GE2_CYCDP1) [1]
33: (SYNTHESIZE_E2F5-DP12-GE2_CYCE) [1]
34: (SYNTHESIZE_E2F5-DP12-GE2_CYCEP1) [1]
35: (SYNTHESIZE_E2F5-DP12-GE2_P107) [1]
36: (ASSOCIATE_CDK2_CYCA_CDK2-CYCA) [1]
37: (ASSOCIATE_CDK2P1_CYCE_CDK2P1-CYCE) [1]
38: (ASSOCIATE_CDK46P1_CYCDP1_CDK46P1-CYCDP1) [1]
39: (DUMMY-ACTION-17-2) [1]
40: (ASSOCIATE_DMP1_CYCD_DMP1-CYCD) [1]
41: (DUMMY-ACTION-10-2) [1]
42: (CHOOSE_E2F4-DP12P1_L14_L13) [1]
43: (SYNTHESIZE_E2F5-DP12-GE2_CYCA) [1]
44: (SYNTHESIZE_E2F5-DP12-GE2_CYCD) [1]
45: (SYNTHESIZE_E2F5-DP12-GE2_CYCE) [1]
46: (INITIALIZE_CDK2) [1]
47: (INITIALIZE_CDK2P1) [1]
48: (INITIALIZE_CDK46P1) [1]
49: (INITIALIZE_DP12) [1]
50: (INITIALIZE_E2F5) [1]
51: (ASSOCIATE_P107_E2F4-DP12_P107-E2F4-DP12) [1]
52: (ASSOCIATE_CDK2_CYCEP1_CDK2-CYCEP1) [1]
53: (ASSOCIATE_CDK46P1_CYCD_CDK46P1-CYCD) [1]
54: (ASSOCIATE_E2F5_DP12_E2F5-DP12) [1]
55: (INITIALIZE_E2F4-DP12P1) [1]
56: (ASSOCIATE_CDK2P1_CYCA_CDK2P1-CYCA) [1]
57: (INITIALIZE_GE2) [1]
58: (DUMMY-ACTION-5-1) [1]
59: (CHOOSE_GP_L15_L14) [1]
60: (SYNTHESIZE_E2F5-DP12-GE2_CYCEP1) [1]
61: (INITIALIZE_CDK2) [1]
62: (INITIALIZE_CDK2P1) [1]
63: (INITIALIZE_DP12) [1]
64: (INITIALIZE_E2F4) [1]
65: (SYNTHESIZE_E2F5-DP12-GE2_P107) [1]
66: (ASSOCIATE_P107_E2F4-DP12P1_P107-E2F4-DP12P1) [1]
67: (INITIALIZE_GP) [1]
68: (ASSOCIATE_CDK2_CYCE_CDK2-CYCE) [1]
69: (ASSOCIATE_E2F4_DP12_E2F4-DP12) [1]
70: (ASSOCIATE_P107-E2F4-DP12P1_GE2_P107-E2F4-DP12P1-GE2) [1]
71: (ASSOCIATE_CDK2P1_CYCEP1_CDK2P1-CYCEP1) [1]
72: (DUMMY-ACTION-22-2) [1]
73: (DUMMY-ACTION-2-2) [1]
74: (CHOOSE_HDAC1_L16_L15) [1]
75: (INITIALIZE_E2F4-DP12P1) [1]
76: (SYNTHESIZE_E2F5-DP12-GE2_P107) [1]
77: (ASSOCIATE_P107_E2F4-DP12P1_P107-E2F4-DP12P1) [1]
78: (INITIALIZE_HDAC1) [1]
79: (ASSOCIATE_HDAC1_P107-E2F4-DP12_HDAC1-P107-E2F4-DP12) [1]
80: (DUMMY-ACTION-9-2) [1]
81: (INITIALIZE_GE2) [1]
82: (ASSOCIATE_HDAC1-P107-E2F4-DP12_GE2_HDAC1-P107-E2F4-DP12-GE2) [1]
83: (DUMMY-ACTION-1-2) [1]
84: (CHOOSE_P130_L17_L16) [1]
85: (SYNTHESIZE_E2F5-DP12-GE2_P107) [1]
86: (INITIALIZE_P130) [1]
87: (INITIALIZE_HDAC1) [1]
88: (ASSOCIATE_P130_E2F4-DP12_P130-E2F4-DP12) [1]
89: (DUMMY-ACTION-6-1) [1]
90: (INITIALIZE_GE2) [1]
91: (ASSOCIATE_HDAC1_P107-E2F4-DP12P1_HDAC1-P107-E2F4-DP12P1) [1]
92: (ASSOCIATE_P130-E2F4-DP12_GE2_P130-E2F4-DP12-GE2) [1]
93: (DUMMY-ACTION-24-2) [1]
94: (DUMMY-ACTION-14-1) [1]
95: (CHOOSE_P27_L18_L17) [1]
96: (INITIALIZE_P130) [1]
97: (INITIALIZE_DP12) [1]
98: (INITIALIZE_E2F4) [1]
99: (INITIALIZE_HDAC1) [1]
100: (INITIALIZE_P27) [1]
101: (ASSOCIATE_P130_E2F5-DP12_P130-E2F5-DP12) [1]
102: (ASSOCIATE_E2F4_DP12_E2F4-DP12) [1]
103: (ASSOCIATE_HDAC1_P130-E2F5-DP12_HDAC1-P130-E2F5-DP12) [1]
104: (ASSOCIATE_P27_CDK46P1-CYCDP1_P27-CDK46P1-CYCDP1) [1]
105: (DUMMY-ACTION-16-2) [1]
106: (INITIALIZE_GE2) [1]
107: (DUMMY-ACTION-29-1) [1]
108: (ASSOCIATE_HDAC1-P130-E2F5-DP12_GE2_HDAC1-P130-E2F5-DP12-GE2) [1]
109: (DUMMY-ACTION-25-2) [1]
110: (CHOOSE_P53_L19_L18) [1]
111: (INITIALIZE_P27) [1]
112: (INITIALIZE_P130) [1]
113: (ASSOCIATE_P130_E2F4-DP12_P130-E2F4-DP12) [1]
114: (INITIALIZE_P53) [1]
115: (ASSOCIATE_P27_CDK2-CYCA_P27-CDK2-CYCA) [1]
116: (SYNTHESIZE_P53_P21) [1]
117: (ASSOCIATE_P21_CDK2-CYCE_P21-CDK2-CYCE) [1]
118: (INITIALIZE_GE2) [1]
119: (DUMMY-ACTION-28-2) [1]
120: (DUMMY-ACTION-3-1) [1]
121: (CHOOSE_P57_L20_L19) [1]
122: (SYNTHESIZE_E2F5-DP12-GE2_CYCA) [1]
123: (SYNTHESIZE_E2F5-DP12-GE2_CYCDP1) [1]
124: (SYNTHESIZE_E2F5-DP12-GE2_CYCE) [1]
125: (INITIALIZE_P27) [1]
126: (INITIALIZE_CDK2) [1]
127: (INITIALIZE_CDK46P1) [1]
128: (SYNTHESIZE_P53_P21) [1]
129: (ASSOCIATE_CDK2_CYCA_CDK2-CYCA) [1]
130: (INITIALIZE_P57) [1]
131: (ASSOCIATE_P27_CDK2-CYCEP1_P27-CDK2-CYCEP1) [1]
132: (ASSOCIATE_CDK46P1_CYCDP1_CDK46P1-CYCDP1) [1]
133: (ASSOCIATE_P21_CDK2-CYCA_P21-CDK2-CYCA) [1]
134: (ASSOCIATE_P57_CDK46P1-CYCD_P57-CDK46P1-CYCD) [1]
135: (DUMMY-ACTION-19-2) [1]
136: (DUMMY-ACTION-21-2) [1]
137: (DUMMY-ACTION-7-1) [1]
138: (CHOOSE_P57P1_L21_L20) [1]
139: (SYNTHESIZE_E2F5-DP12-GE2_CYCA) [1]
140: (SYNTHESIZE_E2F5-DP12-GE2_CYCD) [1]
141: (SYNTHESIZE_E2F5-DP12-GE2_CYCEP1) [1]
142: (INITIALIZE_P27) [1]
143: (INITIALIZE_CDK2) [1]
144: (INITIALIZE_CDK46P1) [1]
145: (SYNTHESIZE_P53_P21) [1]
146: (INITIALIZE_P57) [1]
147: (ASSOCIATE_CDK2_CYCA_CDK2-CYCA) [1]
148: (ASSOCIATE_CDK46P1_CYCD_CDK46P1-CYCD) [1]
149: (INITIALIZE_P57P1) [1]
150: (ASSOCIATE_P27_CDK2P1-CYCE_P27-CDK2P1-CYCE) [1]
151: (ASSOCIATE_P57P1_CDK46P1-CYCD_P57P1-CDK46P1-CYCD) [1]
152: (DUMMY-ACTION-8-1) [1]
153: (DUMMY-ACTION-26-1) [1]
154: (CHOOSE_PCNA_L22_L21) [1]
155: (INITIALIZE_CDK2) [1]
156: (INITIALIZE_CDK2P1) [1]
157: (ASSOCIATE_CDK2_CYCEP1_CDK2-CYCEP1) [1]
158: (ASSOCIATE_CDK2P1_CYCE_CDK2P1-CYCE) [1]
159: (INITIALIZE_PCNA) [1]
160: (ASSOCIATE_PCNA_P21_PCNA-P21) [1]
161: (ASSOCIATE_P57_CDK2-CYCEP1_P57-CDK2-CYCEP1) [1]
162: (ASSOCIATE_PCNA-P21_CDK46P1-CYCDP1_PCNA-P21-CDK46P1-CYCDP1) [1]
163: (DUMMY-ACTION-23-1) [1]
164: (DUMMY-ACTION-18-1) [1]
165: (CHOOSE_PRB_L23_L22) [1]
166: (SYNTHESIZE_E2F5-DP12-GE2_CYCE) [1]
167: (SYNTHESIZE_P53_GADD45) [1]
168: (SYNTHESIZE_P53_P21) [1]
169: (INITIALIZE_CDK2) [1]
170: (INITIALIZE_PCNA) [1]
171: (INITIALIZE_P57) [1]
172: (ASSOCIATE_CDK2_CYCE_CDK2-CYCE) [1]
173: (ASSOCIATE_PCNA_P21_PCNA-P21) [1]
174: (INITIALIZE_PRB) [1]
175: (ASSOCIATE_P57_CDK2P1-CYCE_P57-CDK2P1-CYCE) [1]
176: (ASSOCIATE-WITH-CATALYZE_PRB_CDK46P3-CYCD_PRBP1) [1]
177: (ASSOCIATE_PCNA-P21_CDK2P1-CYCEP1_PCNA-P21-CDK2P1-CYCEP1) [1]
178: (ASSOCIATE_PRBP1_E2F13-DP12_PRBP1-E2F13-DP12) [1]
179: (DUMMY-ACTION-4-1) [1]
180: (DUMMY-ACTION-11-2) [1]
181: (CHOOSE_RAF1_L24_L23) [1]
182: (INITIALIZE_P57) [1]
183: (INITIALIZE_E2F13-DP12) [1]
184: (INITIALIZE_PRB) [1]
185: (INITIALIZE_PCNA) [1]
186: (INITIALIZE_DP12) [1]
187: (INITIALIZE_E2F4) [1]
188: (ASSOCIATE-WITH-CATALYZE_PRB_CDK46P3-CYCD_PRBP1) [1]
189: (ASSOCIATE_E2F4_DP12_E2F4-DP12) [1]
190: (ASSOCIATE_P57_CDK2-CYCE_P57-CDK2-CYCE) [1]
191: (ASSOCIATE_PCNA_GADD45_PCNA-GADD45) [1]
192: (INITIALIZE_RAF1) [1]
193: (ASSOCIATE_RAF1_PRBP1-E2F13-DP12_RAF1-PRBP1-E2F13-DP12) [1]
194: (ASSOCIATE_PRBP1_E2F4-DP12_PRBP1-E2F4-DP12) [1]
195: (ASSOCIATE_RAF1-PRBP1-E2F13-DP12_GE2_RAF1-PRBP1-E2F13-DP12-GE2) [1]
196: (DUMMY-ACTION-30-2) [1]
197: (DUMMY-ACTION-13-2) [1]
198: (DUMMY-ACTION-15-1) [1]
199: (CHOOSE_SP1_L25_L24) [1]
200: (INITIALIZE_PRB) [1]
201: (INITIALIZE_RAF1) [1]
202: (ASSOCIATE_PRB_E2F13-DP12_PRB-E2F13-DP12) [1]
203: (INITIALIZE_SP1) [1]
204: (ASSOCIATE_RAF1_PRBP1-E2F4-DP12_RAF1-PRBP1-E2F4-DP12) [1]
205: (ASSOCIATE_SP1_P107_SP1-P107) [1]
206: (DUMMY-ACTION-20-1) [1]
207: (DUMMY-ACTION-12-2) [1]
208: (INITIALIZE_RAF1) [1]
209: (ASSOCIATE_RAF1_PRB-E2F13-DP12_RAF1-PRB-E2F13-DP12) [1]
210: (DUMMY-ACTION-27-2) [1]

Valid plan : 211 actions.
Computed nodes : 211
Evaluated nodes : 27
Developed nodes : 0
Useful nodes : 0

Lookahead utility : 9.08 %
Preparation time : 0.06
Search time : 0.02
Total time : 0.08


Parsing domain..... grounded-pathways-propositional..... done.
Parsing problem..... grounded-pathways-24..... done.
Computing domains..... done.
Instantiating actions..... done.
Computing final representation..... done.

Parsing time : 0.05
Domains creation  time : 0.01
Instantiation time : 0.00 -> 2068 candidates, 2068 actions
Finalization time : 0.01 -> 547 fluents, 57 init

162 160 158 156 154 152 150 144 139 137 135 133 128 126 124 122 120 118 114 112 110 108 102 96 94 92 91 65 50 33 29 21 15 11 8 4 

0: (CHOOSE_AP2_L1_L0) [1]
1: (INITIALIZE_AP2) [1]
2: (CHOOSE_CDK2_L2_L1) [1]
3: (INITIALIZE_CDK2) [1]
4: (CHOOSE_CDK2P1_L3_L2) [1]
5: (INITIALIZE_CDK2P1) [1]
6: (CHOOSE_CDK46P1_L4_L3) [1]
7: (INITIALIZE_CDK46P1) [1]
8: (CHOOSE_CDK46P3-CYCD_L5_L4) [1]
9: (INITIALIZE_CDK46P3-CYCD) [1]
10: (CHOOSE_CDK7_L6_L5) [1]
11: (INITIALIZE_CDK7) [1]
12: (CHOOSE_CYCH_L7_L6) [1]
13: (INITIALIZE_CYCH) [1]
14: (ASSOCIATE_CDK7_CYCH_CDK7-CYCH) [1]
15: (ASSOCIATE-WITH-CATALYZE_CDK2P1_CDK7-CYCH_CDK2P1P2) [1]
16: (ASSOCIATE-WITH-CATALYZE_CDK2_CDK7-CYCH_CDK2P2) [1]
17: (DUMMY-ACTION-31-2) [1]
18: (ASSOCIATE-WITH-CATALYZE_CDK46P1_CDK7-CYCH_CDK46P1P2) [1]
19: (CHOOSE_E2F13_L8_L7) [1]
20: (INITIALIZE_CDK2) [1]
21: (INITIALIZE_CDK2P1) [1]
22: (INITIALIZE_E2F13) [1]
23: (INITIALIZE_CDK46P1) [1]
24: (CHOOSE_E2F13-DP12_L9_L8) [1]
25: (INITIALIZE_E2F13-DP12) [1]
26: (CHOOSE_E2F4-DP12P1_L10_L9) [1]
27: (INITIALIZE_E2F4-DP12P1) [1]
28: (CHOOSE_GCDC25A_L11_L10) [1]
29: (INITIALIZE_GCDC25A) [1]
30: (CHOOSE_GE-C_L12_L11) [1]
31: (INITIALIZE_GE-C) [1]
32: (ASSOCIATE_AP2_GE-C_AP2-GE-C) [1]
33: (SYNTHESIZE_AP2-GE-C_ECADHERIN) [1]
34: (DUMMY-ACTION-10-2) [1]
35: (CHOOSE_GP_L13_L12) [1]
36: (INITIALIZE_GP) [1]
37: (CHOOSE_HDAC1_L14_L13) [1]
38: (INITIALIZE_HDAC1) [1]
39: (CHOOSE_JUN_L15_L14) [1]
40: (INITIALIZE_JUN) [1]
41: (CHOOSE_MAX_L16_L15) [1]
42: (INITIALIZE_MAX) [1]
43: (CHOOSE_P27_L17_L16) [1]
44: (INITIALIZE_P27) [1]
45: (CHOOSE_P53_L18_L17) [1]
46: (INITIALIZE_P53) [1]
47: (SYNTHESIZE_P53_C-FOS) [1]
48: (SYNTHESIZE_P53_P21) [1]
49: (CHOOSE_P57_L19_L18) [1]
50: (INITIALIZE_P57) [1]
51: (CHOOSE_P57P1_L20_L19) [1]
52: (INITIALIZE_P57P1) [1]
53: (CHOOSE_PCNA_L21_L20) [1]
54: (INITIALIZE_PCNA) [1]
55: (ASSOCIATE_PCNA_P21_PCNA-P21) [1]
56: (CHOOSE_PRB_L22_L21) [1]
57: (INITIALIZE_PRB) [1]
58: (ASSOCIATE-WITH-CATALYZE_PRB_CDK46P3-CYCD_PRBP1) [1]
59: (ASSOCIATE_PRBP1_E2F13-DP12_PRBP1-E2F13-DP12) [1]
60: (SYNTHESIZE_P53_P21) [1]
61: (DUMMY-ACTION-28-2) [1]
62: (CHOOSE_PRBP2_L23_L22) [1]
63: (INITIALIZE_PRBP2) [1]
64: (ASSOCIATE-WITH-CATALYZE_PRBP2_CDK46P3-CYCD_PRBP1P2) [1]
65: (ASSOCIATE_PRBP1P2_JUN_PRBP1P2-JUN) [1]
66: (ASSOCIATE_PRBP1P2-JUN_C-FOS_PRBP1P2-JUN-C-FOS) [1]
67: (DUMMY-ACTION-11-2) [1]
68: (CHOOSE_RAF1_L24_L23) [1]
69: (INITIALIZE_RAF1) [1]
70: (CHOOSE_SKP1_L25_L24) [1]
71: (INITIALIZE_SKP1) [1]
72: (CHOOSE_SKP2_L26_L25) [1]
73: (INITIALIZE_SKP2) [1]
74: (ASSOCIATE_SKP2_SKP1_SKP2-SKP1) [1]
75: (CHOOSE_SP1_L27_L26) [1]
76: (INITIALIZE_SKP1) [1]
77: (INITIALIZE_SKP2) [1]
78: (INITIALIZE_SP1) [1]
79: (ASSOCIATE_SP1_GP_SP1-GP) [1]
80: (SYNTHESIZE_SP1-GP_C-MYC) [1]
81: (SYNTHESIZE_SP1-GP_CYCA) [1]
82: (SYNTHESIZE_SP1-GP_CYCE) [1]
83: (SYNTHESIZE_SP1-GP_CYCEP1) [1]
84: (SYNTHESIZE_SP1-GP_P107) [1]
85: (ASSOCIATE_CDK2_CYCE_CDK2-CYCE) [1]
86: (ASSOCIATE_CDK2P2_CYCA_CDK2P2-CYCA) [1]
87: (ASSOCIATE_C-MYC_MAX_C-MYC-MAX) [1]
88: (ASSOCIATE_P107_E2F4-DP12P1_P107-E2F4-DP12P1) [1]
89: (ASSOCIATE_C-MYC-MAX_GCDC25A_C-MYC-MAX-GCDC25A) [1]
90: (ASSOCIATE-WITH-CATALYZE_E2F13_CDK2P2-CYCA_E2F13P1) [1]
91: (ASSOCIATE-WITH-CATALYZE_SKP1_CDK2P2-CYCA_SKP1P1) [1]
92: (ASSOCIATE_HDAC1_P107-E2F4-DP12P1_HDAC1-P107-E2F4-DP12P1) [1]
93: (ASSOCIATE_P21_CDK2-CYCE_P21-CDK2-CYCE) [1]
94: (ASSOCIATE_SKP2-SKP1_CDK2P2-CYCA_SKP2-SKP1-CDK2P2-CYCA) [1]
95: (SYNTHESIZE_C-MYC-MAX-GCDC25A_CDC25A) [1]
96: (ASSOCIATE_SKP2_SKP1P1_SKP2-SKP1P1) [1]
97: (ASSOCIATE-WITH-CATALYZE_CDC25A_RAF1_CDC25AP1) [1]
98: (SYNTHESIZE_SP1-GP_CYCD) [1]
99: (SYNTHESIZE_SP1-GP_CYCDP1) [1]
100: (ASSOCIATE-WITH-CATALYZE_CDK46P1_CDC25AP1_CDK46) [1]
101: (ASSOCIATE-WITH-CATALYZE_CDK46P1P2_CDC25AP1_CDK46P2) [1]
102: (ASSOCIATE_CDK46_CYCDP1_CDK46-CYCDP1) [1]
103: (ASSOCIATE_CDK46P2_CYCD_CDK46P2-CYCD) [1]
104: (DUMMY-ACTION-1-2) [1]
105: (DUMMY-ACTION-7-2) [1]
106: (ASSOCIATE_P27_CDK46-CYCDP1_P27-CDK46-CYCDP1) [1]
107: (ASSOCIATE_P57_CDK46P2-CYCD_P57-CDK46P2-CYCD) [1]
108: (DUMMY-ACTION-8-2) [1]
109: (DUMMY-ACTION-18-2) [1]
110: (DUMMY-ACTION-30-2) [1]
111: (DUMMY-ACTION-22-2) [1]
112: (DUMMY-ACTION-6-2) [1]
113: (DUMMY-ACTION-25-1) [1]
114: (ASSOCIATE_CDK2P1P2_CYCEP1_CDK2P1P2-CYCEP1) [1]
115: (INITIALIZE_CDK46P1) [1]
116: (SYNTHESIZE_C-MYC-MAX-GCDC25A_CDC25A) [1]
117: (SYNTHESIZE_SP1-GP_CYCA) [1]
118: (SYNTHESIZE_SP1-GP_CYCE) [1]
119: (SYNTHESIZE_SP1-GP_P107) [1]
120: (INITIALIZE_SP1) [1]
121: (INITIALIZE_CDK2) [1]
122: (INITIALIZE_P27) [1]
123: (SYNTHESIZE_SP1-GP_CYCD) [1]
124: (SYNTHESIZE_SP1-GP_CYCDP1) [1]
125: (INITIALIZE_GP) [1]
126: (ASSOCIATE-WITH-CATALYZE_CDK46P1_CDC25AP1_CDK46) [1]
127: (ASSOCIATE_CDK2_CYCA_CDK2-CYCA) [1]
128: (ASSOCIATE-WITH-CATALYZE_CDK2P1P2-CYCEP1_CDC25AP1_CDK2P2-CYCEP1) [1]
129: (ASSOCIATE_SP1_E2F13P1_SP1-E2F13P1) [1]
130: (DUMMY-ACTION-15-1) [1]
131: (ASSOCIATE_RAF1_CDC25A_RAF1-CDC25A) [1]
132: (SYNTHESIZE_P53_P21) [1]
133: (ASSOCIATE_CDK46_CYCDP1_CDK46-CYCDP1) [1]
134: (ASSOCIATE-WITH-CATALYZE_CDK2-CYCA_CDK7-CYCH_CDK2P2-CYCA) [1]
135: (ASSOCIATE_SP1-E2F13P1_GP_SP1-E2F13P1-GP) [1]
136: (ASSOCIATE-WITH-CATALYZE_P27_CDK2P2-CYCEP1_P27P1) [1]
137: (ASSOCIATE-WITH-CATALYZE_CDK46-CYCDP1_CDK7-CYCH_CDK46P2-CYCDP1) [1]
138: (ASSOCIATE_SKP2-SKP1P1_CDK2P2-CYCA_SKP2-SKP1P1-CDK2P2-CYCA) [1]
139: (ASSOCIATE_P27P1_CDK46P2-CYCDP1_P27P1-CDK46P2-CYCDP1) [1]
140: (DUMMY-ACTION-19-1) [1]
141: (DUMMY-ACTION-9-2) [1]
142: (DUMMY-ACTION-21-1) [1]
143: (DUMMY-ACTION-2-2) [1]
144: (INITIALIZE_P27) [1]
145: (ASSOCIATE_CDK2P1_CYCE_CDK2P1-CYCE) [1]
146: (INITIALIZE_CDK46P1) [1]
147: (SYNTHESIZE_SP1-E2F13P1-GP_CYCA) [1]
148: (SYNTHESIZE_SP1-E2F13P1-GP_CYCEP1) [1]
149: (INITIALIZE_SP1) [1]
150: (INITIALIZE_CDK2) [1]
151: (SYNTHESIZE_SP1-E2F13P1-GP_CYCDP1) [1]
152: (INITIALIZE_GP) [1]
153: (ASSOCIATE-WITH-CATALYZE_CDK46P1_CDC25AP1_CDK46) [1]
154: (ASSOCIATE_CDK2_CYCEP1_CDK2-CYCEP1) [1]
155: (ASSOCIATE-WITH-CATALYZE_CDK2P1-CYCE_CDK7-CYCH_CDK2P1P2-CYCE) [1]
156: (ASSOCIATE_SP1_P107_SP1-P107) [1]
157: (INITIALIZE_P57) [1]
158: (ASSOCIATE_CDK46_CYCDP1_CDK46-CYCDP1) [1]
159: (ASSOCIATE_SP1-P107_GP_SP1-P107-GP) [1]
160: (ASSOCIATE-WITH-CATALYZE_P27_CDK2P2-CYCEP1_P27P1) [1]
161: (ASSOCIATE_P57_CDK46-CYCDP1_P57-CDK46-CYCDP1) [1]
162: (ASSOCIATE_P27P1_CDK2P1P2-CYCE_P27P1-CDK2P1P2-CYCE) [1]
163: (DUMMY-ACTION-17-2) [1]
164: (DUMMY-ACTION-23-1) [1]
165: (DUMMY-ACTION-24-2) [1]
166: (INITIALIZE_P27) [1]
167: (INITIALIZE_CDK46P1) [1]
168: (SYNTHESIZE_SP1-E2F13P1-GP_CYCEP1) [1]
169: (INITIALIZE_CDK2P1) [1]
170: (ASSOCIATE_PCNA-P21_CDK2-CYCEP1_PCNA-P21-CDK2-CYCEP1) [1]
171: (SYNTHESIZE_SP1-E2F13P1-GP_CYCDP1) [1]
172: (ASSOCIATE-WITH-CATALYZE_CDK46P1_CDC25AP1_CDK46) [1]
173: (ASSOCIATE_CDK2P1_CYCEP1_CDK2P1-CYCEP1) [1]
174: (ASSOCIATE_CDK46_CYCDP1_CDK46-CYCDP1) [1]
175: (ASSOCIATE-WITH-CATALYZE_P27_CDK2P2-CYCEP1_P27P1) [1]
176: (ASSOCIATE_P57P1_CDK46-CYCDP1_P57P1-CDK46-CYCDP1) [1]
177: (DUMMY-ACTION-27-1) [1]
178: (ASSOCIATE_P27P1_CDK2P1-CYCEP1_P27P1-CDK2P1-CYCEP1) [1]
179: (DUMMY-ACTION-5-1) [1]
180: (DUMMY-ACTION-26-1) [1]
181: (INITIALIZE_P27) [1]
182: (INITIALIZE_CDK46P1) [1]
183: (SYNTHESIZE_SP1-E2F13P1-GP_CYCEP1) [1]
184: (INITIALIZE_CDK2) [1]
185: (INITIALIZE_PCNA) [1]
186: (SYNTHESIZE_SP1-E2F13P1-GP_CYCDP1) [1]
187: (ASSOCIATE-WITH-CATALYZE_CDK46P1_CDC25AP1_CDK46) [1]
188: (ASSOCIATE_CDK2_CYCEP1_CDK2-CYCEP1) [1]
189: (ASSOCIATE_PCNA_P21_PCNA-P21) [1]
190: (ASSOCIATE_CDK46_CYCDP1_CDK46-CYCDP1) [1]
191: (ASSOCIATE-WITH-CATALYZE_P27_CDK2P2-CYCEP1_P27P1) [1]
192: (ASSOCIATE_PCNA-P21_CDK46-CYCDP1_PCNA-P21-CDK46-CYCDP1) [1]
193: (ASSOCIATE_P27P1_CDK2-CYCEP1_P27P1-CDK2-CYCEP1) [1]
194: (DUMMY-ACTION-14-2) [1]
195: (DUMMY-ACTION-29-2) [1]
196: (INITIALIZE_P27) [1]
197: (INITIALIZE_CDK46P1) [1]
198: (INITIALIZE_PCNA) [1]
199: (ASSOCIATE-WITH-CATALYZE_CDK46P1_CDC25AP1_CDK46) [1]
200: (SYNTHESIZE_P53_P21) [1]
201: (ASSOCIATE_PCNA_P21_PCNA-P21) [1]
202: (ASSOCIATE_CDK46_CYCD_CDK46-CYCD) [1]
203: (DUMMY-ACTION-13-2) [1]
204: (ASSOCIATE-WITH-CATALYZE_P27_CDK2P2-CYCEP1_P27P1) [1]
205: (ASSOCIATE-WITH-CATALYZE_CDK46-CYCD_CDK7-CYCH_CDK46P2-CYCD) [1]
206: (ASSOCIATE_P27P1_CDK46P2-CYCD_P27P1-CDK46P2-CYCD) [1]
207: (DUMMY-ACTION-20-2) [1]
208: (INITIALIZE_CDK46P1) [1]
209: (INITIALIZE_P27) [1]
210: (SYNTHESIZE_SP1-E2F13P1-GP_CYCD) [1]
211: (ASSOCIATE-WITH-CATALYZE_CDK46P1_CDC25AP1_CDK46) [1]
212: (SYNTHESIZE_P53_P21) [1]
213: (ASSOCIATE_CDK46_CYCD_CDK46-CYCD) [1]
214: (ASSOCIATE_P21_CDK46-CYCD_P21-CDK46-CYCD) [1]
215: (DUMMY-ACTION-4-2) [1]
216: (INITIALIZE_CDK46P1) [1]
217: (SYNTHESIZE_SP1-E2F13P1-GP_CYCD) [1]
218: (ASSOCIATE-WITH-CATALYZE_CDK46P1_CDC25AP1_CDK46) [1]
219: (ASSOCIATE_CDK46_CYCD_CDK46-CYCD) [1]
220: (ASSOCIATE_PCNA-P21_CDK46-CYCD_PCNA-P21-CDK46-CYCD) [1]
221: (DUMMY-ACTION-3-1) [1]
222: (SYNTHESIZE_SP1-E2F13P1-GP_CYCD) [1]
223: (INITIALIZE_CDK46P1) [1]
224: (ASSOCIATE-WITH-CATALYZE_CDK46P1_CDC25AP1_CDK46) [1]
225: (ASSOCIATE-WITH-CATALYZE_CDK46_CDK7-CYCH_CDK46P2) [1]
226: (DUMMY-ACTION-12-1) [1]
227: (INITIALIZE_CDK46P1) [1]
228: (ASSOCIATE_CDK46P1_CYCD_CDK46P1-CYCD) [1]
229: (ASSOCIATE_P27_CDK46P1-CYCD_P27-CDK46P1-CYCD) [1]
230: (DUMMY-ACTION-16-1) [1]

Valid plan : 231 actions.
Computed nodes : 231
Evaluated nodes : 37
Developed nodes : 0
Useful nodes : 0

Lookahead utility : 6.29 %
Preparation time : 0.07
Search time : 0.02
Total time : 0.09


Parsing domain..... grounded-pathways-propositional..... done.
Parsing problem..... grounded-pathways-25..... done.
Computing domains..... done.
Instantiating actions..... done.
Computing final representation..... done.

Parsing time : 0.07
Domains creation  time : 0.01
Instantiation time : 0.00 -> 3047 candidates, 3047 actions
Finalization time : 0.01 -> 581 fluents, 72 init

172 170 168 166 164 162 160 158 156 154 152 148 146 143 141 139 135 133 120 115 109 84 78 68 61 59 57 44 34 24 14 

0: (CHOOSE_AP2_L1_L0) [1]
1: (INITIALIZE_AP2) [1]
2: (CHOOSE_CDC25C_L2_L1) [1]
3: (INITIALIZE_CDC25C) [1]
4: (CHOOSE_CDK1P1P2_L3_L2) [1]
5: (INITIALIZE_CDK1P1P2) [1]
6: (CHOOSE_CDK2_L4_L3) [1]
7: (INITIALIZE_CDK2) [1]
8: (CHOOSE_CDK2P1_L5_L4) [1]
9: (INITIALIZE_CDK2P1) [1]
10: (CHOOSE_CDK46P1_L6_L5) [1]
11: (INITIALIZE_CDK46P1) [1]
12: (CHOOSE_CDK46P3-CYCD_L7_L6) [1]
13: (INITIALIZE_CDK46P3-CYCD) [1]
14: (CHOOSE_CDK7_L8_L7) [1]
15: (INITIALIZE_CDK7) [1]
16: (CHOOSE_CEBP_L9_L8) [1]
17: (INITIALIZE_CEBP) [1]
18: (CHOOSE_CKS1_L10_L9) [1]
19: (INITIALIZE_CKS1) [1]
20: (CHOOSE_CYCH_L11_L10) [1]
21: (INITIALIZE_CYCH) [1]
22: (ASSOCIATE_CDK7_CYCH_CDK7-CYCH) [1]
23: (ASSOCIATE-WITH-CATALYZE_CDK1P1P2_CDK7-CYCH_CDK1P1P2P3) [1]
24: (ASSOCIATE-WITH-CATALYZE_CDK2P1_CDK7-CYCH_CDK2P1P2) [1]
25: (ASSOCIATE-WITH-CATALYZE_CDK2_CDK7-CYCH_CDK2P2) [1]
26: (ASSOCIATE-WITH-CATALYZE_CDK46P1_CDK7-CYCH_CDK46P1P2) [1]
27: (CHOOSE_CYCB_L12_L11) [1]
28: (INITIALIZE_CYCB) [1]
29: (INITIALIZE_CDK1P1P2) [1]
30: (ASSOCIATE_CDK1P1P2P3_CYCB_CDK1P1P2P3-CYCB) [1]
31: (INITIALIZE_CDK2) [1]
32: (INITIALIZE_CDK2P1) [1]
33: (INITIALIZE_CDK46P1) [1]
34: (CHOOSE_DP12_L13_L12) [1]
35: (INITIALIZE_DP12) [1]
36: (ASSOCIATE-WITH-CATALYZE_CDK1P1P2_CDK7-CYCH_CDK1P1P2P3) [1]
37: (CHOOSE_E2F13_L14_L13) [1]
38: (INITIALIZE_CDK1P1P2) [1]
39: (INITIALIZE_E2F13) [1]
40: (CHOOSE_E2F13P1-DP12_L15_L14) [1]
41: (INITIALIZE_E2F13P1-DP12) [1]
42: (CHOOSE_E2F13P1-DP12P1_L16_L15) [1]
43: (INITIALIZE_E2F13P1-DP12P1) [1]
44: (CHOOSE_E2F4_L17_L16) [1]
45: (INITIALIZE_E2F4) [1]
46: (ASSOCIATE_E2F4_DP12_E2F4-DP12) [1]
47: (CHOOSE_GCDC25A_L18_L17) [1]
48: (INITIALIZE_GCDC25A) [1]
49: (CHOOSE_GE2_L19_L18) [1]
50: (INITIALIZE_GE2) [1]
51: (ASSOCIATE_E2F4-DP12_GE2_E2F4-DP12-GE2) [1]
52: (DUMMY-ACTION-8-2) [1]
53: (SYNTHESIZE_E2F4-DP12-GE2_C-MYC) [1]
54: (SYNTHESIZE_E2F4-DP12-GE2_CYCA) [1]
55: (SYNTHESIZE_E2F4-DP12-GE2_CYCE) [1]
56: (SYNTHESIZE_E2F4-DP12-GE2_P107) [1]
57: (ASSOCIATE_CDK2P1P2_CYCE_CDK2P1P2-CYCE) [1]
58: (ASSOCIATE_C-MYC_AP2_C-MYC-AP2) [1]
59: (ASSOCIATE_CDK2P1_CYCA_CDK2P1-CYCA) [1]
60: (SYNTHESIZE_E2F4-DP12-GE2_CYCD) [1]
61: (SYNTHESIZE_E2F4-DP12-GE2_CYCDP1) [1]
62: (DUMMY-ACTION-25-2) [1]
63: (DUMMY-ACTION-3-2) [1]
64: (CHOOSE_GP_L20_L19) [1]
65: (SYNTHESIZE_E2F4-DP12-GE2_CYCA) [1]
66: (INITIALIZE_E2F4) [1]
67: (SYNTHESIZE_E2F4-DP12-GE2_C-MYC) [1]
68: (INITIALIZE_DP12) [1]
69: (ASSOCIATE_E2F4_DP12_E2F4-DP12) [1]
70: (ASSOCIATE-WITH-CATALYZE_CDK2P1-CYCA_CDK7-CYCH_CDK2P1P2-CYCA) [1]
71: (INITIALIZE_AP2) [1]
72: (ASSOCIATE_CDK2P2_CYCA_CDK2P2-CYCA) [1]
73: (ASSOCIATE-WITH-CATALYZE_E2F13_CDK2P2-CYCA_E2F13P1) [1]
74: (INITIALIZE_GP) [1]
75: (ASSOCIATE_CDK2P2-CYCA_E2F13P1_CDK2P2-CYCA-E2F13P1) [1]
76: (DUMMY-ACTION-26-2) [1]
77: (CHOOSE_HDAC1_L21_L20) [1]
78: (SYNTHESIZE_E2F4-DP12-GE2_CYCA) [1]
79: (INITIALIZE_CDK2P1) [1]
80: (ASSOCIATE-WITH-CATALYZE_CDK2_CDK7-CYCH_CDK2P2) [1]
81: (INITIALIZE_E2F13) [1]
82: (INITIALIZE_DP12) [1]
83: (ASSOCIATE_CDK2P2_CYCA_CDK2P2-CYCA) [1]
84: (INITIALIZE_HDAC1) [1]
85: (ASSOCIATE-WITH-CATALYZE_E2F13_CDK2P2-CYCA_E2F13P1) [1]
86: (ASSOCIATE-WITH-CATALYZE_DP12_CDK2P2-CYCA_DP12P1) [1]
87: (ASSOCIATE_CDK2P1P2-CYCA_E2F13P1_CDK2P1P2-CYCA-E2F13P1) [1]
88: (DUMMY-ACTION-21-2) [1]
89: (CHOOSE_MAX_L22_L21) [1]
90: (SYNTHESIZE_E2F4-DP12-GE2_CYCA) [1]
91: (INITIALIZE_E2F13) [1]
92: (INITIALIZE_CDK2) [1]
93: (ASSOCIATE_P107_E2F4-DP12_P107-E2F4-DP12) [1]
94: (INITIALIZE_GE2) [1]
95: (ASSOCIATE_CDK2P1_CYCA_CDK2P1-CYCA) [1]
96: (ASSOCIATE-WITH-CATALYZE_E2F13_CDK2P2-CYCA_E2F13P1) [1]
97: (INITIALIZE_MAX) [1]
98: (ASSOCIATE_HDAC1_P107-E2F4-DP12_HDAC1-P107-E2F4-DP12) [1]
99: (ASSOCIATE_C-MYC_MAX_C-MYC-MAX) [1]
100: (ASSOCIATE_CDK2P1-CYCA_E2F13P1_CDK2P1-CYCA-E2F13P1) [1]
101: (ASSOCIATE_HDAC1-P107-E2F4-DP12_GE2_HDAC1-P107-E2F4-DP12-GE2) [1]
102: (ASSOCIATE_C-MYC-MAX_GCDC25A_C-MYC-MAX-GCDC25A) [1]
103: (SYNTHESIZE_C-MYC-MAX-GCDC25A_CDC25A) [1]
104: (DUMMY-ACTION-31-1) [1]
105: (DUMMY-ACTION-32-2) [1]
106: (DUMMY-ACTION-28-1) [1]
107: (CHOOSE_P53_L23_L22) [1]
108: (SYNTHESIZE_E2F4-DP12-GE2_CYCA) [1]
109: (INITIALIZE_E2F13) [1]
110: (ASSOCIATE-WITH-CATALYZE_E2F13_CDK2P2-CYCA_E2F13P1) [1]
111: (INITIALIZE_P53) [1]
112: (ASSOCIATE_CDK1P1P2P3_CYCA_CDK1P1P2P3-CYCA) [1]
113: (SYNTHESIZE_P53_MDM2) [1]
114: (ASSOCIATE_P53_DP12P1_P53-DP12P1) [1]
115: (ASSOCIATE_MDM2_E2F13P1-DP12P1_MDM2-E2F13P1-DP12P1) [1]
116: (DUMMY-ACTION-20-1) [1]
117: (DUMMY-ACTION-13-2) [1]
118: (CHOOSE_P53P1_L24_L23) [1]
119: (SYNTHESIZE_E2F4-DP12-GE2_CYCA) [1]
120: (INITIALIZE_P53) [1]
121: (INITIALIZE_DP12) [1]
122: (ASSOCIATE-WITH-CATALYZE_DP12_CDK2P2-CYCA_DP12P1) [1]
123: (INITIALIZE_P53P1) [1]
124: (SYNTHESIZE_P53_MDM2) [1]
125: (ASSOCIATE_P53P1_DP12P1_P53P1-DP12P1) [1]
126: (ASSOCIATE_MDM2_E2F13P1-DP12_MDM2-E2F13P1-DP12) [1]
127: (ASSOCIATE_CDK2_CYCA_CDK2-CYCA) [1]
128: (SYNTHESIZE_P53_P21) [1]
129: (ASSOCIATE_CDK2-CYCA_E2F13P1_CDK2-CYCA-E2F13P1) [1]
130: (DUMMY-ACTION-23-2) [1]
131: (DUMMY-ACTION-30-1) [1]
132: (DUMMY-ACTION-27-2) [1]
133: (CHOOSE_P57_L25_L24) [1]
134: (SYNTHESIZE_E2F4-DP12-GE2_CYCA) [1]
135: (INITIALIZE_E2F13) [1]
136: (INITIALIZE_CDK2) [1]
137: (ASSOCIATE-WITH-CATALYZE_E2F13_CDK2P2-CYCA_E2F13P1) [1]
138: (ASSOCIATE_CDK2_CYCA_CDK2-CYCA) [1]
139: (INITIALIZE_P57) [1]
140: (CHOOSE_PCNA_L26_L25) [1]
141: (INITIALIZE_PCNA) [1]
142: (ASSOCIATE_PCNA_P21_PCNA-P21) [1]
143: (CHOOSE_PLK1_L27_L26) [1]
144: (INITIALIZE_PLK1) [1]
145: (ASSOCIATE-WITH-CATALYZE_CDC25C_PLK1_CDC25CP1) [1]
146: (ASSOCIATE-WITH-CATALYZE_CDK1P1P2P3-CYCA_CDC25CP1_CDK1P1P3-CYCA) [1]
147: (ASSOCIATE-WITH-CATALYZE_CDK1P1P2_CDC25CP1_CDK1P2) [1]
148: (SYNTHESIZE_P53_P21) [1]
149: (ASSOCIATE-WITH-CATALYZE_CDK1P1P3-CYCA_CDC25CP1_CDK1P3-CYCA) [1]
150: (DUMMY-ACTION-15-2) [1]
151: (DUMMY-ACTION-22-1) [1]
152: (CHOOSE_PRBP2_L28_L27) [1]
153: (ASSOCIATE-WITH-CATALYZE_CDK1P1P2P3-CYCB_CDC25CP1_CDK1P1P3-CYCB) [1]
154: (ASSOCIATE-WITH-CATALYZE_CDK1P2_CDK7-CYCH_CDK1P2P3) [1]
155: (SYNTHESIZE_P53_GADD45) [1]
156: (ASSOCIATE-WITH-CATALYZE_CDK1P2P3_CDC25CP1_CDK1P3) [1]
157: (INITIALIZE_PRBP2) [1]
158: (ASSOCIATE-WITH-CATALYZE_CDK1P1P3-CYCB_CDC25CP1_CDK1P3-CYCB) [1]
159: (ASSOCIATE-WITH-CATALYZE_PRBP2_CDK46P3-CYCD_PRBP1P2) [1]
160: (ASSOCIATE_CDK1P3_GADD45_CDK1P3-GADD45) [1]
161: (ASSOCIATE_PRBP1P2_AP2_PRBP1P2-AP2) [1]
162: (DUMMY-ACTION-19-1) [1]
163: (DUMMY-ACTION-11-2) [1]
164: (DUMMY-ACTION-6-2) [1]
165: (CHOOSE_RAF1_L29_L28) [1]
166: (INITIALIZE_RAF1) [1]
167: (ASSOCIATE-WITH-CATALYZE_CDC25A_RAF1_CDC25AP1) [1]
168: (DUMMY-ACTION-24-1) [1]
169: (ASSOCIATE-WITH-CATALYZE_CDK46P1_CDC25AP1_CDK46) [1]
170: (ASSOCIATE-WITH-CATALYZE_CDK46P1P2_CDC25AP1_CDK46P2) [1]
171: (ASSOCIATE_RAF1_CDC25AP1_RAF1-CDC25AP1) [1]
172: (ASSOCIATE_CDK46_CYCDP1_CDK46-CYCDP1) [1]
173: (ASSOCIATE_CDK46P2_CYCD_CDK46P2-CYCD) [1]
174: (DUMMY-ACTION-9-2) [1]
175: (DUMMY-ACTION-7-2) [1]
176: (ASSOCIATE_P57_CDK46-CYCDP1_P57-CDK46-CYCDP1) [1]
177: (ASSOCIATE_P21_CDK46P2-CYCD_P21-CDK46P2-CYCD) [1]
178: (DUMMY-ACTION-1-2) [1]
179: (DUMMY-ACTION-14-2) [1]
180: (DUMMY-ACTION-10-1) [1]
181: (CHOOSE_SKP1_L30_L29) [1]
182: (INITIALIZE_RAF1) [1]
183: (SYNTHESIZE_C-MYC-MAX-GCDC25A_CDC25A) [1]
184: (INITIALIZE_CDK46P1) [1]
185: (ASSOCIATE-WITH-CATALYZE_CDC25A_RAF1_CDC25AP1) [1]
186: (INITIALIZE_SKP1) [1]
187: (SYNTHESIZE_E2F4-DP12-GE2_CYCD) [1]
188: (SYNTHESIZE_E2F4-DP12-GE2_CYCDP1) [1]
189: (ASSOCIATE-WITH-CATALYZE_CDK46P1_CDC25AP1_CDK46) [1]
190: (ASSOCIATE-WITH-CATALYZE_SKP1_CDK2P2-CYCA_SKP1P1) [1]
191: (DUMMY-ACTION-16-1) [1]
192: (SYNTHESIZE_P53_P21) [1]
193: (ASSOCIATE_CDK46_CYCDP1_CDK46-CYCDP1) [1]
194: (ASSOCIATE_PCNA-P21_CDK46-CYCDP1_PCNA-P21-CDK46-CYCDP1) [1]
195: (DUMMY-ACTION-12-1) [1]
196: (CHOOSE_SKP2_L31_L30) [1]
197: (INITIALIZE_CDK46P1) [1]
198: (SYNTHESIZE_C-MYC-MAX-GCDC25A_CDC25A) [1]
199: (INITIALIZE_PCNA) [1]
200: (ASSOCIATE-WITH-CATALYZE_CDK46P1_CDC25AP1_CDK46) [1]
201: (INITIALIZE_SKP2) [1]
202: (ASSOCIATE_RAF1_CDC25A_RAF1-CDC25A) [1]
203: (ASSOCIATE_PCNA_P21_PCNA-P21) [1]
204: (ASSOCIATE_CDK46_CYCD_CDK46-CYCD) [1]
205: (ASSOCIATE_SKP2_SKP1P1_SKP2-SKP1P1) [1]
206: (DUMMY-ACTION-4-2) [1]
207: (ASSOCIATE_PCNA-P21_CDK46-CYCD_PCNA-P21-CDK46-CYCD) [1]
208: (ASSOCIATE_SKP2-SKP1P1_CDK2-CYCA_SKP2-SKP1P1-CDK2-CYCA) [1]
209: (DUMMY-ACTION-17-1) [1]
210: (DUMMY-ACTION-2-1) [1]
211: (DUMMY-ACTION-18-1) [1]
212: (INITIALIZE_CDK46P1) [1]
213: (INITIALIZE_SKP2) [1]
214: (INITIALIZE_SKP1) [1]
215: (SYNTHESIZE_E2F4-DP12-GE2_CYCD) [1]
216: (ASSOCIATE-WITH-CATALYZE_CDK46P1_CDC25AP1_CDK46) [1]
217: (ASSOCIATE-WITH-CATALYZE_SKP1_CDK2P2-CYCA_SKP1P1) [1]
218: (ASSOCIATE-WITH-CATALYZE_SKP2_CDK2P2-CYCA_SKP2P1) [1]
219: (DUMMY-ACTION-33-1) [1]
220: (SYNTHESIZE_P53_P21) [1]
221: (ASSOCIATE_CDK46_CYCD_CDK46-CYCD) [1]
222: (ASSOCIATE_SKP2P1_SKP1P1_SKP2P1-SKP1P1) [1]
223: (ASSOCIATE_P21_CDK46-CYCD_P21-CDK46-CYCD) [1]
224: (DUMMY-ACTION-29-2) [1]
225: (DUMMY-ACTION-5-2) [1]

Valid plan : 226 actions.
Computed nodes : 226
Evaluated nodes : 33
Developed nodes : 0
Useful nodes : 0

Lookahead utility : 5.97 %
Preparation time : 0.09
Search time : 0.02
Total time : 0.11


Parsing domain..... grounded-pathways-propositional..... done.
Parsing problem..... grounded-pathways-26..... done.
Computing domains..... done.
Instantiating actions..... done.
Computing final representation..... done.

Parsing time : 0.06
Domains creation  time : 0.01
Instantiation time : 0.01 -> 2603 candidates, 2603 actions
Finalization time : 0.00 -> 564 fluents, 68 init

167 165 163 161 159 157 155 153 151 149 147 141 139 137 135 133 121 117 110 91 83 77 71 64 55 44 36 31 16 13 7 

0: (CHOOSE_C-ABL_L1_L0) [1]
1: (INITIALIZE_C-ABL) [1]
2: (CHOOSE_CDC25C_L2_L1) [1]
3: (INITIALIZE_CDC25C) [1]
4: (CHOOSE_CDK1P1P2_L3_L2) [1]
5: (INITIALIZE_CDK1P1P2) [1]
6: (CHOOSE_CDK2_L4_L3) [1]
7: (INITIALIZE_CDK2) [1]
8: (CHOOSE_CDK2P1_L5_L4) [1]
9: (INITIALIZE_CDK2P1) [1]
10: (CHOOSE_CDK46P1_L6_L5) [1]
11: (INITIALIZE_CDK46P1) [1]
12: (CHOOSE_CDK46P3-CYCD_L7_L6) [1]
13: (INITIALIZE_CDK46P3-CYCD) [1]
14: (CHOOSE_CDK7_L8_L7) [1]
15: (INITIALIZE_CDK7) [1]
16: (CHOOSE_CEBP_L9_L8) [1]
17: (INITIALIZE_CEBP) [1]
18: (CHOOSE_CYCH_L10_L9) [1]
19: (INITIALIZE_CYCH) [1]
20: (ASSOCIATE_CDK7_CYCH_CDK7-CYCH) [1]
21: (ASSOCIATE-WITH-CATALYZE_CDK1P1P2_CDK7-CYCH_CDK1P1P2P3) [1]
22: (ASSOCIATE-WITH-CATALYZE_CDK2_CDK7-CYCH_CDK2P2) [1]
23: (ASSOCIATE-WITH-CATALYZE_CDK46P1_CDK7-CYCH_CDK46P1P2) [1]
24: (CHOOSE_CYCB_L11_L10) [1]
25: (INITIALIZE_CYCB) [1]
26: (INITIALIZE_CDK1P1P2) [1]
27: (ASSOCIATE_CDK1P1P2P3_CYCB_CDK1P1P2P3-CYCB) [1]
28: (INITIALIZE_CDK2) [1]
29: (INITIALIZE_CDK46P1) [1]
30: (CHOOSE_E2F13_L12_L11) [1]
31: (INITIALIZE_E2F13) [1]
32: (CHOOSE_E2F13-DP12_L13_L12) [1]
33: (INITIALIZE_E2F13-DP12) [1]
34: (CHOOSE_E2F4-DP12P1_L14_L13) [1]
35: (INITIALIZE_E2F4-DP12P1) [1]
36: (CHOOSE_GCDC25A_L15_L14) [1]
37: (INITIALIZE_GCDC25A) [1]
38: (CHOOSE_GE2_L16_L15) [1]
39: (INITIALIZE_GE2) [1]
40: (ASSOCIATE_E2F13-DP12_GE2_E2F13-DP12-GE2) [1]
41: (SYNTHESIZE_E2F13-DP12-GE2_C-MYC) [1]
42: (SYNTHESIZE_E2F13-DP12-GE2_CYCA) [1]
43: (SYNTHESIZE_E2F13-DP12-GE2_CYCE) [1]
44: (SYNTHESIZE_E2F13-DP12-GE2_CYCEP1) [1]
45: (SYNTHESIZE_E2F13-DP12-GE2_P107) [1]
46: (ASSOCIATE_CDK2P2_CYCA_CDK2P2-CYCA) [1]
47: (ASSOCIATE_CDK2P1_CYCEP1_CDK2P1-CYCEP1) [1]
48: (ASSOCIATE-WITH-CATALYZE_E2F13_CDK2P2-CYCA_E2F13P1) [1]
49: (SYNTHESIZE_E2F13-DP12-GE2_CYCD) [1]
50: (SYNTHESIZE_E2F13-DP12-GE2_CYCDP1) [1]
51: (DUMMY-ACTION-29-2) [1]
52: (ASSOCIATE_CDK46P1P2_CYCD_CDK46P1P2-CYCD) [1]
53: (CHOOSE_GP_L17_L16) [1]
54: (SYNTHESIZE_E2F13-DP12-GE2_CYCA) [1]
55: (SYNTHESIZE_E2F13-DP12-GE2_CYCEP1) [1]
56: (INITIALIZE_E2F13) [1]
57: (ASSOCIATE_CDK46P1_CYCDP1_CDK46P1-CYCDP1) [1]
58: (ASSOCIATE-WITH-CATALYZE_CDK1P1P2_CDK7-CYCH_CDK1P1P2P3) [1]
59: (INITIALIZE_CDK2P1) [1]
60: (ASSOCIATE-WITH-CATALYZE_CDK2_CDK7-CYCH_CDK2P2) [1]
61: (INITIALIZE_E2F13-DP12) [1]
62: (ASSOCIATE_CDK2P2_CYCE_CDK2P2-CYCE) [1]
63: (ASSOCIATE_CDK2P2-CYCA_E2F13_CDK2P2-CYCA-E2F13) [1]
64: (ASSOCIATE_CDK1P1P2P3_CYCA_CDK1P1P2P3-CYCA) [1]
65: (INITIALIZE_GP) [1]
66: (ASSOCIATE-WITH-CATALYZE_CDK46P1-CYCDP1_CDK7-CYCH_CDK46P1P2-CYCDP1) [1]
67: (INITIALIZE_GE2) [1]
68: (SYNTHESIZE_E2F13-DP12-GE2_CYCD) [1]
69: (DUMMY-ACTION-26-1) [1]
70: (DUMMY-ACTION-1-1) [1]
71: (CHOOSE_HDAC1_L18_L17) [1]
72: (SYNTHESIZE_E2F13-DP12-GE2_CYCA) [1]
73: (INITIALIZE_CDK2) [1]
74: (ASSOCIATE-WITH-CATALYZE_CDK2P1_CDK7-CYCH_CDK2P1P2) [1]
75: (ASSOCIATE_CDK2P1P2_CYCA_CDK2P1P2-CYCA) [1]
76: (ASSOCIATE_CDK2_CYCEP1_CDK2-CYCEP1) [1]
77: (INITIALIZE_HDAC1) [1]
78: (INITIALIZE_CDK46P1) [1]
79: (ASSOCIATE-WITH-CATALYZE_CDK46P1_CDK7-CYCH_CDK46P1P2) [1]
80: (SYNTHESIZE_E2F13-DP12-GE2_CYCDP1) [1]
81: (DUMMY-ACTION-16-2) [1]
82: (CHOOSE_MAX_L19_L18) [1]
83: (SYNTHESIZE_E2F13-DP12-GE2_CYCA) [1]
84: (INITIALIZE_CDK2) [1]
85: (INITIALIZE_CDK2P1) [1]
86: (ASSOCIATE-WITH-CATALYZE_CDK2-CYCEP1_CDK7-CYCH_CDK2P2-CYCEP1) [1]
87: (INITIALIZE_MAX) [1]
88: (ASSOCIATE_CDK2P1_CYCA_CDK2P1-CYCA) [1]
89: (ASSOCIATE_C-MYC_MAX_C-MYC-MAX) [1]
90: (ASSOCIATE_C-MYC-MAX_GCDC25A_C-MYC-MAX-GCDC25A) [1]
91: (SYNTHESIZE_C-MYC-MAX-GCDC25A_CDC25A) [1]
92: (INITIALIZE_CDK46P1) [1]
93: (ASSOCIATE_CDK46P1_CYCD_CDK46P1-CYCD) [1]
94: (DUMMY-ACTION-34-1) [1]
95: (CHOOSE_P130_L20_L19) [1]
96: (SYNTHESIZE_E2F13-DP12-GE2_CYCA) [1]
97: (SYNTHESIZE_E2F13-DP12-GE2_CYCEP1) [1]
98: (ASSOCIATE-WITH-CATALYZE_CDK2_CDK7-CYCH_CDK2P2) [1]
99: (ASSOCIATE_CDK2P1-CYCA_E2F13P1_CDK2P1-CYCA-E2F13P1) [1]
100: (INITIALIZE_P130) [1]
101: (INITIALIZE_CDK46P1) [1]
102: (ASSOCIATE_P130_E2F4-DP12P1_P130-E2F4-DP12P1) [1]
103: (SYNTHESIZE_E2F13-DP12-GE2_CYCD) [1]
104: (ASSOCIATE_CDK2P2_CYCA_CDK2P2-CYCA) [1]
105: (ASSOCIATE_P130-E2F4-DP12P1_GE2_P130-E2F4-DP12P1-GE2) [1]
106: (DUMMY-ACTION-31-1) [1]
107: (DUMMY-ACTION-7-2) [1]
108: (CHOOSE_P27_L21_L20) [1]
109: (SYNTHESIZE_E2F13-DP12-GE2_CYCA) [1]
110: (INITIALIZE_E2F13) [1]
111: (INITIALIZE_CDK2) [1]
112: (INITIALIZE_CDK2P1) [1]
113: (INITIALIZE_P27) [1]
114: (ASSOCIATE-WITH-CATALYZE_E2F13_CDK2P2-CYCA_E2F13P1) [1]
115: (ASSOCIATE_CDK2P1_CYCA_CDK2P1-CYCA) [1]
116: (ASSOCIATE_CDK2_CYCEP1_CDK2-CYCEP1) [1]
117: (ASSOCIATE_P27_CDK2P1-CYCA_P27-CDK2P1-CYCA) [1]
118: (DUMMY-ACTION-28-1) [1]
119: (CHOOSE_P57_L22_L21) [1]
120: (INITIALIZE_P27) [1]
121: (SYNTHESIZE_E2F13-DP12-GE2_CYCA) [1]
122: (INITIALIZE_CDK2) [1]
123: (INITIALIZE_CDK2P1) [1]
124: (ASSOCIATE_CDK2P1_CYCA_CDK2P1-CYCA) [1]
125: (ASSOCIATE_P27_CDK2P2-CYCEP1_P27-CDK2P2-CYCEP1) [1]
126: (INITIALIZE_P57) [1]
127: (DUMMY-ACTION-27-2) [1]
128: (ASSOCIATE_P57_CDK2P1-CYCA_P57-CDK2P1-CYCA) [1]
129: (DUMMY-ACTION-23-2) [1]
130: (CHOOSE_P57P1_L23_L22) [1]
131: (INITIALIZE_P27) [1]
132: (SYNTHESIZE_E2F13-DP12-GE2_CYCA) [1]
133: (INITIALIZE_CDK2P1) [1]
134: (INITIALIZE_P57P1) [1]
135: (ASSOCIATE_CDK2P1_CYCA_CDK2P1-CYCA) [1]
136: (ASSOCIATE_P57P1_CDK46P1P2-CYCD_P57P1-CDK46P1P2-CYCD) [1]
137: (INITIALIZE_P57) [1]
138: (ASSOCIATE-WITH-CATALYZE_P27_CDK2P2-CYCE_P27P1) [1]
139: (ASSOCIATE_P27P1_CDK2P1-CYCA_P27P1-CDK2P1-CYCA) [1]
140: (DUMMY-ACTION-11-2) [1]
141: (DUMMY-ACTION-20-2) [1]
142: (CHOOSE_PRBP2_L24_L23) [1]
143: (INITIALIZE_P27) [1]
144: (SYNTHESIZE_E2F13-DP12-GE2_CYCA) [1]
145: (INITIALIZE_CDK2P1) [1]
146: (ASSOCIATE_CDK2P1_CYCA_CDK2P1-CYCA) [1]
147: (INITIALIZE_PRBP2) [1]
148: (ASSOCIATE-WITH-CATALYZE_PRBP2_CDK46P3-CYCD_PRBP1P2) [1]
149: (ASSOCIATE_C-ABL_PRBP1P2_C-ABL-PRBP1P2) [1]
150: (ASSOCIATE-WITH-CATALYZE_P27_CDK2P2-CYCE_P27P1) [1]
151: (ASSOCIATE_P27P1_CDK2P1-CYCEP1_P27P1-CDK2P1-CYCEP1) [1]
152: (DUMMY-ACTION-30-1) [1]
153: (DUMMY-ACTION-9-2) [1]
154: (CHOOSE_RAF1_L25_L24) [1]
155: (INITIALIZE_P27) [1]
156: (SYNTHESIZE_E2F13-DP12-GE2_CYCA) [1]
157: (INITIALIZE_RAF1) [1]
158: (ASSOCIATE-WITH-CATALYZE_CDC25A_RAF1_CDC25AP1) [1]
159: (DUMMY-ACTION-19-2) [1]
160: (ASSOCIATE_CDK2_CYCA_CDK2-CYCA) [1]
161: (ASSOCIATE-WITH-CATALYZE_CDK46P1_CDC25AP1_CDK46) [1]
162: (ASSOCIATE-WITH-CATALYZE_CDK46P1P2_CDC25AP1_CDK46P2) [1]
163: (DUMMY-ACTION-10-2) [1]
164: (ASSOCIATE_RAF1_CDC25AP1_RAF1-CDC25AP1) [1]
165: (ASSOCIATE-WITH-CATALYZE_P27_CDK2P2-CYCE_P27P1) [1]
166: (ASSOCIATE_CDK46_CYCDP1_CDK46-CYCDP1) [1]
167: (ASSOCIATE_CDK46P2_CYCD_CDK46P2-CYCD) [1]
168: (DUMMY-ACTION-5-2) [1]
169: (DUMMY-ACTION-3-1) [1]
170: (ASSOCIATE_P27P1_CDK46-CYCDP1_P27P1-CDK46-CYCDP1) [1]
171: (DUMMY-ACTION-6-2) [1]
172: (DUMMY-ACTION-8-2) [1]
173: (CHOOSE_SKP1_L26_L25) [1]
174: (INITIALIZE_P27) [1]
175: (INITIALIZE_RAF1) [1]
176: (SYNTHESIZE_C-MYC-MAX-GCDC25A_CDC25A) [1]
177: (ASSOCIATE_P57_CDK46P2-CYCD_P57-CDK46P2-CYCD) [1]
178: (INITIALIZE_CDK46P1) [1]
179: (ASSOCIATE-WITH-CATALYZE_CDC25A_RAF1_CDC25AP1) [1]
180: (INITIALIZE_SKP1) [1]
181: (SYNTHESIZE_E2F13-DP12-GE2_CYCD) [1]
182: (ASSOCIATE-WITH-CATALYZE_CDK46P1_CDC25AP1_CDK46) [1]
183: (ASSOCIATE-WITH-CATALYZE_SKP1_CDK2P2-CYCA_SKP1P1) [1]
184: (ASSOCIATE-WITH-CATALYZE_P27_CDK2P2-CYCE_P27P1) [1]
185: (ASSOCIATE_CDK46_CYCD_CDK46-CYCD) [1]
186: (DUMMY-ACTION-12-2) [1]
187: (ASSOCIATE_P27P1_CDK46-CYCD_P27P1-CDK46-CYCD) [1]
188: (DUMMY-ACTION-17-1) [1]
189: (DUMMY-ACTION-4-1) [1]
190: (CHOOSE_SKP2_L27_L26) [1]
191: (INITIALIZE_CDK46P1) [1]
192: (SYNTHESIZE_E2F13-DP12-GE2_CYCD) [1]
193: (SYNTHESIZE_E2F13-DP12-GE2_CYCDP1) [1]
194: (ASSOCIATE-WITH-CATALYZE_CDK46P1_CDC25AP1_CDK46) [1]
195: (INITIALIZE_SKP2) [1]
196: (INITIALIZE_P27) [1]
197: (INITIALIZE_P57) [1]
198: (ASSOCIATE_CDK46_CYCDP1_CDK46-CYCDP1) [1]
199: (ASSOCIATE_SKP2_SKP1P1_SKP2-SKP1P1) [1]
200: (ASSOCIATE_P27_CDK46-CYCDP1_P27-CDK46-CYCDP1) [1]
201: (ASSOCIATE_SKP2-SKP1P1_CDK2P2-CYCA_SKP2-SKP1P1-CDK2P2-CYCA) [1]
202: (DUMMY-ACTION-2-1) [1]
203: (DUMMY-ACTION-18-2) [1]
204: (CHOOSE_SP1_L28_L27) [1]
205: (INITIALIZE_P27) [1]
206: (ASSOCIATE-WITH-CATALYZE_CDK2-CYCA_CDK7-CYCH_CDK2P2-CYCA) [1]
207: (INITIALIZE_CDK46P1) [1]
208: (INITIALIZE_SKP1) [1]
209: (INITIALIZE_SKP2) [1]
210: (ASSOCIATE-WITH-CATALYZE_P27_CDK2P2-CYCE_P27P1) [1]
211: (ASSOCIATE-WITH-CATALYZE_CDK46P1_CDC25AP1_CDK46) [1]
212: (ASSOCIATE-WITH-CATALYZE_SKP1_CDK2P2-CYCA_SKP1P1) [1]
213: (ASSOCIATE-WITH-CATALYZE_SKP2_CDK2P2-CYCA_SKP2P1) [1]
214: (INITIALIZE_SP1) [1]
215: (ASSOCIATE_CDK46_CYCD_CDK46-CYCD) [1]
216: (ASSOCIATE_SP1_E2F13P1_SP1-E2F13P1) [1]
217: (DUMMY-ACTION-22-2) [1]
218: (ASSOCIATE_P27P1_CDK2P2-CYCE_P27P1-CDK2P2-CYCE) [1]
219: (ASSOCIATE_SKP2P1_SKP1P1_SKP2P1-SKP1P1) [1]
220: (ASSOCIATE_P57_CDK46-CYCD_P57-CDK46-CYCD) [1]
221: (ASSOCIATE_SP1-E2F13P1_GP_SP1-E2F13P1-GP) [1]
222: (DUMMY-ACTION-32-1) [1]
223: (DUMMY-ACTION-24-2) [1]
224: (DUMMY-ACTION-14-2) [1]
225: (DUMMY-ACTION-13-2) [1]
226: (INITIALIZE_P27) [1]
227: (ASSOCIATE-WITH-CATALYZE_CDK2-CYCEP1_CDK7-CYCH_CDK2P2-CYCEP1) [1]
228: (INITIALIZE_SKP1) [1]
229: (INITIALIZE_SKP2) [1]
230: (ASSOCIATE-WITH-CATALYZE_P27_CDK2P2-CYCEP1_P27P1) [1]
231: (ASSOCIATE-WITH-CATALYZE_SKP1_CDK2P2-CYCA_SKP1P1) [1]
232: (ASSOCIATE_SKP2_CDK2P1-CYCA_SKP2-CDK2P1-CYCA) [1]
233: (DUMMY-ACTION-33-2) [1]
234: (SYNTHESIZE_SP1-E2F13P1-GP_CYCA) [1]
235: (SYNTHESIZE_SP1-E2F13P1-GP_CYCEP1) [1]
236: (INITIALIZE_SKP2) [1]
237: (INITIALIZE_CDK2) [1]
238: (ASSOCIATE_CDK2_CYCA_CDK2-CYCA) [1]
239: (ASSOCIATE_SKP2_SKP1P1_SKP2-SKP1P1) [1]
240: (ASSOCIATE_SKP2-SKP1P1_CDK2-CYCA_SKP2-SKP1P1-CDK2-CYCA) [1]
241: (DUMMY-ACTION-15-2) [1]
242: (INITIALIZE_SKP2) [1]
243: (INITIALIZE_CDK2) [1]
244: (ASSOCIATE_CDK2_CYCEP1_CDK2-CYCEP1) [1]
245: (ASSOCIATE_SKP2_CDK2P1P2-CYCA_SKP2-CDK2P1P2-CYCA) [1]
246: (ASSOCIATE_P27P1_CDK2-CYCEP1_P27P1-CDK2-CYCEP1) [1]
247: (DUMMY-ACTION-25-2) [1]
248: (DUMMY-ACTION-21-1) [1]

Valid plan : 249 actions.
Computed nodes : 249
Evaluated nodes : 32
Developed nodes : 0
Useful nodes : 0

Lookahead utility : 7.44 %
Preparation time : 0.08
Search time : 0.02
Total time : 0.10


Parsing domain..... grounded-pathways-propositional..... done.
Parsing problem..... grounded-pathways-27..... done.
Computing domains..... done.
Instantiating actions..... done.
Computing final representation..... done.

Parsing time : 0.08
Domains creation  time : 0.01
Instantiation time : 0.01 -> 2896 candidates, 2896 actions
Finalization time : 0.00 -> 654 fluents, 72 init

170 168 166 164 162 160 158 155 151 149 147 145 142 140 128 122 114 111 101 96 94 89 85 82 80 77 70 65 59 36 33 22 19 16 13 6 3 

0: (CHOOSE_AP2_L1_L0) [1]
1: (INITIALIZE_AP2) [1]
2: (CHOOSE_CDK2P1_L2_L1) [1]
3: (INITIALIZE_CDK2P1) [1]
4: (CHOOSE_CDK46P1_L3_L2) [1]
5: (INITIALIZE_CDK46P1) [1]
6: (CHOOSE_CDK46P3-CYCD_L4_L3) [1]
7: (INITIALIZE_CDK46P3-CYCD) [1]
8: (CHOOSE_CDK7_L5_L4) [1]
9: (INITIALIZE_CDK7) [1]
10: (CHOOSE_CEBP_L6_L5) [1]
11: (INITIALIZE_CEBP) [1]
12: (CHOOSE_CYCH_L7_L6) [1]
13: (INITIALIZE_CYCH) [1]
14: (ASSOCIATE_CDK7_CYCH_CDK7-CYCH) [1]
15: (ASSOCIATE-WITH-CATALYZE_CDK2P1_CDK7-CYCH_CDK2P1P2) [1]
16: (ASSOCIATE-WITH-CATALYZE_CDK46P1_CDK7-CYCH_CDK46P1P2) [1]
17: (CHOOSE_DP12_L8_L7) [1]
18: (INITIALIZE_CDK2P1) [1]
19: (INITIALIZE_CDK46P1) [1]
20: (INITIALIZE_DP12) [1]
21: (CHOOSE_E2F13_L9_L8) [1]
22: (INITIALIZE_E2F13) [1]
23: (CHOOSE_E2F13-DP12_L10_L9) [1]
24: (INITIALIZE_E2F13-DP12) [1]
25: (CHOOSE_E2F4_L11_L10) [1]
26: (INITIALIZE_E2F4) [1]
27: (ASSOCIATE_E2F4_DP12_E2F4-DP12) [1]
28: (CHOOSE_E2F4-DP12P1_L12_L11) [1]
29: (INITIALIZE_E2F4-DP12P1) [1]
30: (INITIALIZE_DP12) [1]
31: (CHOOSE_GCDC25A_L13_L12) [1]
32: (INITIALIZE_GCDC25A) [1]
33: (CHOOSE_GE2_L14_L13) [1]
34: (INITIALIZE_GE2) [1]
35: (ASSOCIATE_E2F4-DP12_GE2_E2F4-DP12-GE2) [1]
36: (SYNTHESIZE_E2F4-DP12-GE2_C-MYC) [1]
37: (SYNTHESIZE_E2F4-DP12-GE2_CYCA) [1]
38: (SYNTHESIZE_E2F4-DP12-GE2_CYCE) [1]
39: (SYNTHESIZE_E2F4-DP12-GE2_CYCEP1) [1]
40: (SYNTHESIZE_E2F4-DP12-GE2_P107) [1]
41: (DUMMY-ACTION-24-2) [1]
42: (ASSOCIATE_CDK2P1_CYCE_CDK2P1-CYCE) [1]
43: (ASSOCIATE_P107_E2F4-DP12P1_P107-E2F4-DP12P1) [1]
44: (ASSOCIATE_CDK2P1P2_CYCEP1_CDK2P1P2-CYCEP1) [1]
45: (SYNTHESIZE_E2F4-DP12-GE2_CYCD) [1]
46: (SYNTHESIZE_E2F4-DP12-GE2_CYCDP1) [1]
47: (DUMMY-ACTION-10-2) [1]
48: (CHOOSE_GE-C_L15_L14) [1]
49: (SYNTHESIZE_E2F4-DP12-GE2_CYCEP1) [1]
50: (INITIALIZE_CDK2P1) [1]
51: (INITIALIZE_E2F4) [1]
52: (SYNTHESIZE_E2F4-DP12-GE2_P107) [1]
53: (ASSOCIATE_E2F4_DP12_E2F4-DP12) [1]
54: (ASSOCIATE_P107_E2F4-DP12_P107-E2F4-DP12) [1]
55: (INITIALIZE_GE2) [1]
56: (INITIALIZE_GE-C) [1]
57: (ASSOCIATE-WITH-CATALYZE_CDK2P1-CYCE_CDK7-CYCH_CDK2P1P2-CYCE) [1]
58: (ASSOCIATE_CDK2P1_CYCEP1_CDK2P1-CYCEP1) [1]
59: (DUMMY-ACTION-25-2) [1]
60: (CHOOSE_GP_L16_L15) [1]
61: (SYNTHESIZE_E2F4-DP12-GE2_CYCE) [1]
62: (INITIALIZE_CDK2P1) [1]
63: (INITIALIZE_E2F4) [1]
64: (INITIALIZE_GP) [1]
65: (ASSOCIATE_CDK2P1_CYCE_CDK2P1-CYCE) [1]
66: (ASSOCIATE_CEBP_GP_CEBP-GP) [1]
67: (SYNTHESIZE_CEBP-GP_P) [1]
68: (INITIALIZE_DP12) [1]
69: (ASSOCIATE_E2F4_DP12_E2F4-DP12) [1]
70: (DUMMY-ACTION-5-2) [1]
71: (CHOOSE_HDAC1_L17_L16) [1]
72: (INITIALIZE_CDK2P1) [1]
73: (INITIALIZE_HDAC1) [1]
74: (INITIALIZE_CEBP) [1]
75: (ASSOCIATE_HDAC1_P107-E2F4-DP12_HDAC1-P107-E2F4-DP12) [1]
76: (ASSOCIATE_HDAC1-P107-E2F4-DP12_GE2_HDAC1-P107-E2F4-DP12-GE2) [1]
77: (INITIALIZE_DP12) [1]
78: (ASSOCIATE_CDK2P1_CYCA_CDK2P1-CYCA) [1]
79: (DUMMY-ACTION-12-2) [1]
80: (ASSOCIATE-WITH-CATALYZE_CDK2P1-CYCA_CDK7-CYCH_CDK2P1P2-CYCA) [1]
81: (CHOOSE_MAX_L18_L17) [1]
82: (SYNTHESIZE_E2F4-DP12-GE2_CYCA) [1]
83: (INITIALIZE_CDK2P1) [1]
84: (INITIALIZE_MAX) [1]
85: (INITIALIZE_GE2) [1]
86: (ASSOCIATE_C-MYC_MAX_C-MYC-MAX) [1]
87: (ASSOCIATE_C-MYC-MAX_GCDC25A_C-MYC-MAX-GCDC25A) [1]
88: (SYNTHESIZE_C-MYC-MAX-GCDC25A_CDC25A) [1]
89: (DUMMY-ACTION-32-2) [1]
90: (ASSOCIATE_CDK2P1_CYCA_CDK2P1-CYCA) [1]
91: (CHOOSE_P130_L19_L18) [1]
92: (INITIALIZE_P130) [1]
93: (ASSOCIATE_P130_E2F4-DP12_P130-E2F4-DP12) [1]
94: (ASSOCIATE_P130-E2F4-DP12_GE2_P130-E2F4-DP12-GE2) [1]
95: (DUMMY-ACTION-18-2) [1]
96: (CHOOSE_P27_L20_L19) [1]
97: (INITIALIZE_P27) [1]
98: (CHOOSE_P53_L21_L20) [1]
99: (INITIALIZE_P53) [1]
100: (SYNTHESIZE_P53_P21) [1]
101: (SYNTHESIZE_P53_GADD45) [1]
102: (ASSOCIATE_P21_GADD45_P21-GADD45) [1]
103: (DUMMY-ACTION-33-2) [1]
104: (CHOOSE_P53P1_L22_L21) [1]
105: (SYNTHESIZE_P53_P21) [1]
106: (ASSOCIATE_P21_CDK2P1-CYCE_P21-CDK2P1-CYCE) [1]
107: (INITIALIZE_P53P1) [1]
108: (DUMMY-ACTION-27-2) [1]
109: (CHOOSE_P57_L23_L22) [1]
110: (SYNTHESIZE_P53_P21) [1]
111: (INITIALIZE_P57) [1]
112: (CHOOSE_P68_L24_L23) [1]
113: (INITIALIZE_P68) [1]
114: (CHOOSE_PCNA_L25_L24) [1]
115: (INITIALIZE_PCNA) [1]
116: (ASSOCIATE_PCNA_P21_PCNA-P21) [1]
117: (DUMMY-ACTION-19-2) [1]
118: (CHOOSE_PRB_L26_L25) [1]
119: (INITIALIZE_PRB) [1]
120: (ASSOCIATE-WITH-CATALYZE_PRB_CDK46P3-CYCD_PRBP1) [1]
121: (SYNTHESIZE_P53_P21) [1]
122: (ASSOCIATE_PRBP1_AP2_PRBP1-AP2) [1]
123: (ASSOCIATE_PRBP1-AP2_GE-C_PRBP1-AP2-GE-C) [1]
124: (DUMMY-ACTION-35-2) [1]
125: (CHOOSE_PRBP2_L27_L26) [1]
126: (INITIALIZE_PRBP2) [1]
127: (ASSOCIATE-WITH-CATALYZE_PRBP2_CDK46P3-CYCD_PRBP1P2) [1]
128: (ASSOCIATE_CEBP_PRBP1P2_CEBP-PRBP1P2) [1]
129: (DUMMY-ACTION-21-2) [1]
130: (CHOOSE_RAF1_L28_L27) [1]
131: (INITIALIZE_RAF1) [1]
132: (ASSOCIATE-WITH-CATALYZE_CDC25A_RAF1_CDC25AP1) [1]
133: (DUMMY-ACTION-13-2) [1]
134: (ASSOCIATE-WITH-CATALYZE_CDK2P1P2-CYCA_CDC25AP1_CDK2P2-CYCA) [1]
135: (ASSOCIATE-WITH-CATALYZE_CDK2P1P2-CYCEP1_CDC25AP1_CDK2P2-CYCEP1) [1]
136: (ASSOCIATE-WITH-CATALYZE_CDK46P1_CDC25AP1_CDK46) [1]
137: (ASSOCIATE-WITH-CATALYZE_CDK46P1P2_CDC25AP1_CDK46P2) [1]
138: (ASSOCIATE-WITH-CATALYZE_CDK2P1P2-CYCE_CDC25AP1_CDK2P2-CYCE) [1]
139: (ASSOCIATE_CDK46_CYCDP1_CDK46-CYCDP1) [1]
140: (ASSOCIATE_CDK46P2_CYCD_CDK46P2-CYCD) [1]
141: (ASSOCIATE-WITH-CATALYZE_P27_CDK2P2-CYCE_P27P1) [1]
142: (ASSOCIATE-WITH-CATALYZE_DP12_CDK2P2-CYCA_DP12P1) [1]
143: (ASSOCIATE_P21_CDK2P2-CYCEP1_P21-CDK2P2-CYCEP1) [1]
144: (ASSOCIATE_PCNA-P21_CDK2P2-CYCE_PCNA-P21-CDK2P2-CYCE) [1]
145: (ASSOCIATE-WITH-CATALYZE_P68_CDK2P2-CYCA_P68P2) [1]
146: (ASSOCIATE-WITH-CATALYZE_E2F13_CDK2P2-CYCA_E2F13P1) [1]
147: (ASSOCIATE_P57_CDK2P2-CYCA_P57-CDK2P2-CYCA) [1]
148: (ASSOCIATE-WITH-CATALYZE_CDK2P1-CYCA_CDC25AP1_CDK2-CYCA) [1]
149: (ASSOCIATE_P27P1_CDK2P1-CYCEP1_P27P1-CDK2P1-CYCEP1) [1]
150: (ASSOCIATE_P53_DP12P1_P53-DP12P1) [1]
151: (DUMMY-ACTION-30-2) [1]
152: (DUMMY-ACTION-26-2) [1]
153: (DUMMY-ACTION-22-2) [1]
154: (DUMMY-ACTION-16-2) [1]
155: (DUMMY-ACTION-6-1) [1]
156: (DUMMY-ACTION-29-1) [1]
157: (DUMMY-ACTION-28-2) [1]
158: (CHOOSE_SKP1_L29_L28) [1]
159: (SYNTHESIZE_E2F4-DP12-GE2_CYCA) [1]
160: (SYNTHESIZE_E2F4-DP12-GE2_CYCE) [1]
161: (SYNTHESIZE_P53P1_P21) [1]
162: (INITIALIZE_CDK46P1) [1]
163: (SYNTHESIZE_C-MYC-MAX-GCDC25A_CDC25A) [1]
164: (INITIALIZE_CDK2P1) [1]
165: (INITIALIZE_PCNA) [1]
166: (SYNTHESIZE_E2F4-DP12-GE2_CYCD) [1]
167: (ASSOCIATE-WITH-CATALYZE_CDK2-CYCA_CDK7-CYCH_CDK2P2-CYCA) [1]
168: (ASSOCIATE-WITH-CATALYZE_CDK46-CYCDP1_CDK7-CYCH_CDK46P2-CYCDP1) [1]
169: (ASSOCIATE_CDK2P1_CYCA_CDK2P1-CYCA) [1]
170: (ASSOCIATE_PCNA_P21_PCNA-P21) [1]
171: (INITIALIZE_SKP1) [1]
172: (ASSOCIATE-WITH-CATALYZE_CDK46P1_CDC25AP1_CDK46) [1]
173: (ASSOCIATE_RAF1_CDC25A_RAF1-CDC25A) [1]
174: (INITIALIZE_GP) [1]
175: (ASSOCIATE_CDK46_CYCD_CDK46-CYCD) [1]
176: (ASSOCIATE-WITH-CATALYZE_SKP1_CDK2P2-CYCA_SKP1P1) [1]
177: (ASSOCIATE_PCNA-P21_CDK46P2-CYCDP1_PCNA-P21-CDK46P2-CYCDP1) [1]
178: (INITIALIZE_P27) [1]
179: (ASSOCIATE_P27_CDK46-CYCD_P27-CDK46-CYCD) [1]
180: (ASSOCIATE-WITH-CATALYZE_CDK2P1-CYCA_CDK7-CYCH_CDK2P1P2-CYCA) [1]
181: (DUMMY-ACTION-4-2) [1]
182: (DUMMY-ACTION-20-1) [1]
183: (DUMMY-ACTION-1-1) [1]
184: (CHOOSE_SKP2_L30_L29) [1]
185: (SYNTHESIZE_E2F4-DP12-GE2_CYCA) [1]
186: (SYNTHESIZE_P53P1_P21) [1]
187: (INITIALIZE_CDK2P1) [1]
188: (ASSOCIATE_CDK2P1_CYCA_CDK2P1-CYCA) [1]
189: (ASSOCIATE_P21_CDK46P2-CYCD_P21-CDK46P2-CYCD) [1]
190: (INITIALIZE_SKP2) [1]
191: (ASSOCIATE_SKP2_SKP1P1_SKP2-SKP1P1) [1]
192: (DUMMY-ACTION-34-2) [1]
193: (INITIALIZE_P27) [1]
194: (ASSOCIATE_SKP2-SKP1P1_CDK2P1-CYCA_SKP2-SKP1P1-CDK2P1-CYCA) [1]
195: (DUMMY-ACTION-23-2) [1]
196: (DUMMY-ACTION-2-1) [1]
197: (SYNTHESIZE_E2F4-DP12-GE2_CYCA) [1]
198: (SYNTHESIZE_P53P1_P21) [1]
199: (INITIALIZE_SKP1) [1]
200: (INITIALIZE_DP12) [1]
201: (INITIALIZE_CDK2P1) [1]
202: (ASSOCIATE_CDK2P1_CYCA_CDK2P1-CYCA) [1]
203: (ASSOCIATE-WITH-CATALYZE_DP12_CDK2P2-CYCA_DP12P1) [1]
204: (ASSOCIATE-WITH-CATALYZE_SKP1_CDK2P2-CYCA_SKP1P1) [1]
205: (ASSOCIATE_P21_CDK2P2-CYCA_P21-CDK2P2-CYCA) [1]
206: (INITIALIZE_SKP2) [1]
207: (ASSOCIATE_SKP2_SKP1P1_SKP2-SKP1P1) [1]
208: (ASSOCIATE_P53P1_DP12P1_P53P1-DP12P1) [1]
209: (ASSOCIATE-WITH-CATALYZE_CDK2P1-CYCA_CDC25AP1_CDK2-CYCA) [1]
210: (DUMMY-ACTION-9-2) [1]
211: (DUMMY-ACTION-17-1) [1]
212: (ASSOCIATE_SKP2-SKP1P1_CDK2-CYCA_SKP2-SKP1P1-CDK2-CYCA) [1]
213: (DUMMY-ACTION-3-2) [1]
214: (SYNTHESIZE_E2F4-DP12-GE2_CYCA) [1]
215: (ASSOCIATE-WITH-CATALYZE_CDK2P1P2-CYCA_CDC25AP1_CDK2P2-CYCA) [1]
216: (INITIALIZE_CDK2P1) [1]
217: (ASSOCIATE_CDK2P1_CYCA_CDK2P1-CYCA) [1]
218: (INITIALIZE_SKP2) [1]
219: (ASSOCIATE-WITH-CATALYZE_CDK2P1-CYCA_CDC25AP1_CDK2-CYCA) [1]
220: (ASSOCIATE_SKP2_CDK2P2-CYCA_SKP2-CDK2P2-CYCA) [1]
221: (DUMMY-ACTION-14-1) [1]
222: (SYNTHESIZE_E2F4-DP12-GE2_CYCA) [1]
223: (INITIALIZE_SKP2) [1]
224: (INITIALIZE_CDK2P1) [1]
225: (ASSOCIATE_CDK2P1_CYCA_CDK2P1-CYCA) [1]
226: (ASSOCIATE_SKP2_CDK2-CYCA_SKP2-CDK2-CYCA) [1]
227: (ASSOCIATE-WITH-CATALYZE_CDK2P1-CYCA_CDK7-CYCH_CDK2P1P2-CYCA) [1]
228: (DUMMY-ACTION-8-2) [1]
229: (SYNTHESIZE_E2F4-DP12-GE2_CYCA) [1]
230: (INITIALIZE_CDK2P1) [1]
231: (ASSOCIATE_CDK2P1_CYCA_CDK2P1-CYCA) [1]
232: (ASSOCIATE-WITH-CATALYZE_CDK2P1-CYCA_CDC25AP1_CDK2-CYCA) [1]
233: (INITIALIZE_CDK2P1) [1]
234: (ASSOCIATE_CDK2P1_CYCE_CDK2P1-CYCE) [1]
235: (ASSOCIATE-WITH-CATALYZE_CDK2P1-CYCE_CDC25AP1_CDK2-CYCE) [1]
236: (ASSOCIATE-WITH-CATALYZE_CDK2-CYCE_CDK7-CYCH_CDK2P2-CYCE) [1]
237: (ASSOCIATE-WITH-CATALYZE_P27_CDK2P2-CYCE_P27P1) [1]
238: (ASSOCIATE_P27P1_CDK2P2-CYCE_P27P1-CDK2P2-CYCE) [1]
239: (DUMMY-ACTION-31-1) [1]
240: (SYNTHESIZE_E2F4-DP12-GE2_CYCE) [1]
241: (INITIALIZE_CDK2P1) [1]
242: (ASSOCIATE_CDK2P1_CYCE_CDK2P1-CYCE) [1]
243: (ASSOCIATE-WITH-CATALYZE_CDK2P1-CYCE_CDC25AP1_CDK2-CYCE) [1]
244: (INITIALIZE_P27) [1]
245: (ASSOCIATE-WITH-CATALYZE_CDK2-CYCE_CDK7-CYCH_CDK2P2-CYCE) [1]
246: (ASSOCIATE-WITH-CATALYZE_P27_CDK2P2-CYCE_P27P1) [1]
247: (ASSOCIATE_P27P1_CDK2-CYCA_P27P1-CDK2-CYCA) [1]
248: (DUMMY-ACTION-11-1) [1]
249: (INITIALIZE_P27) [1]
250: (ASSOCIATE-WITH-CATALYZE_P27_CDK2P2-CYCE_P27P1) [1]
251: (ASSOCIATE_P27P1_CDK2P1P2-CYCA_P27P1-CDK2P1P2-CYCA) [1]
252: (DUMMY-ACTION-7-2) [1]
253: (INITIALIZE_P27) [1]
254: (ASSOCIATE_P27_CDK2P2-CYCE_P27-CDK2P2-CYCE) [1]
255: (DUMMY-ACTION-15-2) [1]

Valid plan : 256 actions.
Computed nodes : 256
Evaluated nodes : 39
Developed nodes : 0
Useful nodes : 0

Lookahead utility : 6.90 %
Preparation time : 0.10
Search time : 0.03
Total time : 0.13


Parsing domain..... grounded-pathways-propositional..... done.
Parsing problem..... grounded-pathways-28..... done.
Computing domains..... done.
Instantiating actions..... done.
Computing final representation..... done.

Parsing time : 0.07
Domains creation  time : 0.01
Instantiation time : 0.01 -> 3015 candidates, 3015 actions
Finalization time : 0.00 -> 579 fluents, 68 init

173 171 169 167 165 163 161 159 156 152 145 143 141 139 137 121 118 105 100 87 81 75 70 59 56 46 30 17 12 6 

0: (CHOOSE_AP2_L1_L0) [1]
1: (INITIALIZE_AP2) [1]
2: (CHOOSE_CDC25C_L2_L1) [1]
3: (INITIALIZE_CDC25C) [1]
4: (CHOOSE_CDK2_L3_L2) [1]
5: (INITIALIZE_CDK2) [1]
6: (CHOOSE_CDK2P1_L4_L3) [1]
7: (INITIALIZE_CDK2P1) [1]
8: (CHOOSE_CDK46P1_L5_L4) [1]
9: (INITIALIZE_CDK46P1) [1]
10: (CHOOSE_CDK46P3-CYCD_L6_L5) [1]
11: (INITIALIZE_CDK46P3-CYCD) [1]
12: (CHOOSE_CDK7_L7_L6) [1]
13: (INITIALIZE_CDK7) [1]
14: (CHOOSE_CHK1_L8_L7) [1]
15: (INITIALIZE_CHK1) [1]
16: (ASSOCIATE-WITH-CATALYZE_CDC25C_CHK1_CDC25CP2) [1]
17: (CHOOSE_CYCH_L9_L8) [1]
18: (INITIALIZE_CYCH) [1]
19: (ASSOCIATE_CDK7_CYCH_CDK7-CYCH) [1]
20: (ASSOCIATE-WITH-CATALYZE_CDK2P1_CDK7-CYCH_CDK2P1P2) [1]
21: (ASSOCIATE-WITH-CATALYZE_CDK2_CDK7-CYCH_CDK2P2) [1]
22: (ASSOCIATE-WITH-CATALYZE_CDK46P1_CDK7-CYCH_CDK46P1P2) [1]
23: (CHOOSE_DP12_L10_L9) [1]
24: (INITIALIZE_CDK7) [1]
25: (ASSOCIATE-WITH-CATALYZE_CDK7_CDK7-CYCH_CDK7P1) [1]
26: (INITIALIZE_CDK2) [1]
27: (INITIALIZE_CDK2P1) [1]
28: (INITIALIZE_DP12) [1]
29: (INITIALIZE_CDK46P1) [1]
30: (CHOOSE_E2F13_L11_L10) [1]
31: (INITIALIZE_E2F13) [1]
32: (CHOOSE_E2F13-DP12_L12_L11) [1]
33: (INITIALIZE_E2F13-DP12) [1]
34: (CHOOSE_E2F5-DP12P1_L13_L12) [1]
35: (INITIALIZE_E2F5-DP12P1) [1]
36: (CHOOSE_GCDC25A_L14_L13) [1]
37: (INITIALIZE_GCDC25A) [1]
38: (CHOOSE_GE2_L15_L14) [1]
39: (INITIALIZE_GE2) [1]
40: (ASSOCIATE_E2F13-DP12_GE2_E2F13-DP12-GE2) [1]
41: (SYNTHESIZE_E2F13-DP12-GE2_C-MYC) [1]
42: (SYNTHESIZE_E2F13-DP12-GE2_CYCA) [1]
43: (SYNTHESIZE_E2F13-DP12-GE2_CYCE) [1]
44: (SYNTHESIZE_E2F13-DP12-GE2_CYCEP1) [1]
45: (SYNTHESIZE_E2F13-DP12-GE2_P107) [1]
46: (DUMMY-ACTION-13-2) [1]
47: (SYNTHESIZE_E2F13-DP12-GE2_P19ARF) [1]
48: (ASSOCIATE_CDK2P2_CYCA_CDK2P2-CYCA) [1]
49: (ASSOCIATE_CDK2P1P2_CYCE_CDK2P1P2-CYCE) [1]
50: (ASSOCIATE-WITH-CATALYZE_E2F13_CDK2P2-CYCA_E2F13P1) [1]
51: (ASSOCIATE-WITH-CATALYZE_DP12_CDK2P2-CYCA_DP12P1) [1]
52: (SYNTHESIZE_E2F13-DP12-GE2_CYCD) [1]
53: (SYNTHESIZE_E2F13-DP12-GE2_CYCDP1) [1]
54: (DUMMY-ACTION-32-2) [1]
55: (ASSOCIATE_CDK46P1_CYCD_CDK46P1-CYCD) [1]
56: (DUMMY-ACTION-29-1) [1]
57: (CHOOSE_GE-C_L16_L15) [1]
58: (ASSOCIATE_CDK2P1_CYCEP1_CDK2P1-CYCEP1) [1]
59: (SYNTHESIZE_E2F13-DP12-GE2_CYCA) [1]
60: (SYNTHESIZE_E2F13-DP12-GE2_CYCE) [1]
61: (ASSOCIATE-WITH-CATALYZE_CDK2_CDK7-CYCH_CDK2P2) [1]
62: (ASSOCIATE_CDK2P2-CYCA_E2F13P1_CDK2P2-CYCA-E2F13P1) [1]
63: (SYNTHESIZE_E2F13-DP12-GE2_P107P1) [1]
64: (ASSOCIATE-WITH-CATALYZE_CDK2P1-CYCEP1_CDK7-CYCH_CDK2P1P2-CYCEP1) [1]
65: (INITIALIZE_GE-C) [1]
66: (ASSOCIATE_CDK2P2_CYCE_CDK2P2-CYCE) [1]
67: (INITIALIZE_CDK46P1) [1]
68: (SYNTHESIZE_E2F13-DP12-GE2_CYCD) [1]
69: (DUMMY-ACTION-18-1) [1]
70: (CHOOSE_GP_L17_L16) [1]
71: (SYNTHESIZE_E2F13-DP12-GE2_CYCE) [1]
72: (INITIALIZE_CDK2) [1]
73: (INITIALIZE_CDK2P1) [1]
74: (ASSOCIATE-WITH-CATALYZE_CDK46P1-CYCD_CDK7-CYCH_CDK46P1P2-CYCD) [1]
75: (ASSOCIATE_CDK2P1_CYCA_CDK2P1-CYCA) [1]
76: (ASSOCIATE-WITH-CATALYZE_CDK2_CDK7-CYCH_CDK2P2) [1]
77: (INITIALIZE_E2F13) [1]
78: (ASSOCIATE-WITH-CATALYZE_CDK2P1-CYCA_CDK7-CYCH_CDK2P1P2-CYCA) [1]
79: (INITIALIZE_GP) [1]
80: (DUMMY-ACTION-28-2) [1]
81: (CHOOSE_HDAC1_L18_L17) [1]
82: (SYNTHESIZE_E2F13-DP12-GE2_CYCA) [1]
83: (INITIALIZE_CDK2) [1]
84: (INITIALIZE_CDK2P1) [1]
85: (ASSOCIATE_CDK2P1_CYCA_CDK2P1-CYCA) [1]
86: (ASSOCIATE_CDK2_CYCE_CDK2-CYCE) [1]
87: (INITIALIZE_HDAC1) [1]
88: (DUMMY-ACTION-27-1) [1]
89: (CHOOSE_MAX_L19_L18) [1]
90: (SYNTHESIZE_E2F13-DP12-GE2_CYCA) [1]
91: (SYNTHESIZE_E2F13-DP12-GE2_CYCE) [1]
92: (INITIALIZE_CDK2P1) [1]
93: (ASSOCIATE_CDK2P2_CYCA_CDK2P2-CYCA) [1]
94: (INITIALIZE_MAX) [1]
95: (ASSOCIATE-WITH-CATALYZE_E2F13_CDK2P2-CYCA_E2F13P1) [1]
96: (ASSOCIATE_C-MYC_MAX_C-MYC-MAX) [1]
97: (DUMMY-ACTION-20-2) [1]
98: (ASSOCIATE_CDK2P1_CYCE_CDK2P1-CYCE) [1]
99: (ASSOCIATE_C-MYC-MAX_GCDC25A_C-MYC-MAX-GCDC25A) [1]
100: (ASSOCIATE_CDK2P1P2-CYCA_E2F13P1_CDK2P1P2-CYCA-E2F13P1) [1]
101: (SYNTHESIZE_C-MYC-MAX-GCDC25A_CDC25A) [1]
102: (DUMMY-ACTION-15-2) [1]
103: (DUMMY-ACTION-19-2) [1]
104: (CHOOSE_P130_L20_L19) [1]
105: (INITIALIZE_E2F13) [1]
106: (ASSOCIATE-WITH-CATALYZE_CDK2P1-CYCA_CDK7-CYCH_CDK2P1P2-CYCA) [1]
107: (ASSOCIATE-WITH-CATALYZE_E2F13_CDK2P2-CYCA_E2F13P1) [1]
108: (INITIALIZE_P130) [1]
109: (ASSOCIATE_P130_E2F5-DP12P1_P130-E2F5-DP12P1) [1]
110: (ASSOCIATE_HDAC1_P130-E2F5-DP12P1_HDAC1-P130-E2F5-DP12P1) [1]
111: (DUMMY-ACTION-5-2) [1]
112: (CHOOSE_P16_L21_L20) [1]
113: (SYNTHESIZE_E2F13-DP12-GE2_CYCA) [1]
114: (INITIALIZE_CDK2P1) [1]
115: (ASSOCIATE_CDK2P1_CYCA_CDK2P1-CYCA) [1]
116: (INITIALIZE_P16) [1]
117: (ASSOCIATE_P16_CDK7P1_P16-CDK7P1) [1]
118: (DUMMY-ACTION-23-2) [1]
119: (CHOOSE_P53P1_L22_L21) [1]
120: (INITIALIZE_P53P1) [1]
121: (SYNTHESIZE_P53P1_P21) [1]
122: (ASSOCIATE_P53P1_DP12P1_P53P1-DP12P1) [1]
123: (INITIALIZE_P16) [1]
124: (ASSOCIATE_P16_CDK46P1P2_P16-CDK46P1P2) [1]
125: (DUMMY-ACTION-16-2) [1]
126: (DUMMY-ACTION-34-1) [1]
127: (CHOOSE_P57_L23_L22) [1]
128: (ASSOCIATE_CDK46P1_CYCD_CDK46P1-CYCD) [1]
129: (ASSOCIATE_P21_CDK46P1-CYCD_P21-CDK46P1-CYCD) [1]
130: (INITIALIZE_P16) [1]
131: (INITIALIZE_P57) [1]
132: (DUMMY-ACTION-21-1) [1]
133: (ASSOCIATE_P57_CDK2P2-CYCA_P57-CDK2P2-CYCA) [1]
134: (DUMMY-ACTION-35-1) [1]
135: (CHOOSE_P57P1_L24_L23) [1]
136: (SYNTHESIZE_E2F13-DP12-GE2_CYCA) [1]
137: (INITIALIZE_P53P1) [1]
138: (INITIALIZE_CDK2) [1]
139: (SYNTHESIZE_P53P1_P21) [1]
140: (ASSOCIATE_CDK2_CYCA_CDK2-CYCA) [1]
141: (INITIALIZE_CDK46P1) [1]
142: (ASSOCIATE-WITH-CATALYZE_CDK46P1_CDK7-CYCH_CDK46P1P2) [1]
143: (ASSOCIATE-WITH-CATALYZE_CDK2-CYCA_CDK7-CYCH_CDK2P2-CYCA) [1]
144: (SYNTHESIZE_E2F13-DP12-GE2_CYCD) [1]
145: (INITIALIZE_P57) [1]
146: (INITIALIZE_P57P1) [1]
147: (ASSOCIATE_P57_CDK2P1-CYCA_P57-CDK2P1-CYCA) [1]
148: (DUMMY-ACTION-33-2) [1]
149: (CHOOSE_PCNA_L25_L24) [1]
150: (ASSOCIATE_P57P1_CDK46P1P2-CYCD_P57P1-CDK46P1P2-CYCD) [1]
151: (INITIALIZE_PCNA) [1]
152: (INITIALIZE_CDK46P1) [1]
153: (INITIALIZE_P57) [1]
154: (ASSOCIATE_PCNA_P21_PCNA-P21) [1]
155: (DUMMY-ACTION-25-1) [1]
156: (ASSOCIATE_P57_CDK2P1-CYCE_P57-CDK2P1-CYCE) [1]
157: (ASSOCIATE_PCNA-P21_CDK2P1P2-CYCE_PCNA-P21-CDK2P1P2-CYCE) [1]
158: (DUMMY-ACTION-30-1) [1]
159: (DUMMY-ACTION-31-1) [1]
160: (CHOOSE_PRBP2_L26_L25) [1]
161: (SYNTHESIZE_P53P1_P21) [1]
162: (SYNTHESIZE_E2F13-DP12-GE2_CYCE) [1]
163: (INITIALIZE_CDK2P1) [1]
164: (INITIALIZE_PCNA) [1]
165: (ASSOCIATE_CDK2P1_CYCE_CDK2P1-CYCE) [1]
166: (INITIALIZE_PRBP2) [1]
167: (ASSOCIATE-WITH-CATALYZE_PRBP2_CDK46P3-CYCD_PRBP1P2) [1]
168: (ASSOCIATE_PRBP1P2_AP2_PRBP1P2-AP2) [1]
169: (INITIALIZE_P57) [1]
170: (INITIALIZE_P57P1) [1]
171: (ASSOCIATE_PCNA_P21_PCNA-P21) [1]
172: (ASSOCIATE_P57_CDK2P1P2-CYCEP1_P57-CDK2P1P2-CYCEP1) [1]
173: (ASSOCIATE_PCNA-P21_CDK2P1-CYCE_PCNA-P21-CDK2P1-CYCE) [1]
174: (DUMMY-ACTION-17-2) [1]
175: (DUMMY-ACTION-26-1) [1]
176: (DUMMY-ACTION-36-1) [1]
177: (CHOOSE_RAF1_L27_L26) [1]
178: (SYNTHESIZE_P53P1_P21) [1]
179: (INITIALIZE_AP2) [1]
180: (INITIALIZE_PRBP2) [1]
181: (INITIALIZE_PCNA) [1]
182: (INITIALIZE_RAF1) [1]
183: (ASSOCIATE_PRBP2_AP2_PRBP2-AP2) [1]
184: (ASSOCIATE-WITH-CATALYZE_CDC25A_RAF1_CDC25AP1) [1]
185: (DUMMY-ACTION-10-2) [1]
186: (ASSOCIATE_PRBP2-AP2_GE-C_PRBP2-AP2-GE-C) [1]
187: (ASSOCIATE-WITH-CATALYZE_CDK46P1_CDC25AP1_CDK46) [1]
188: (ASSOCIATE-WITH-CATALYZE_CDK46P1P2_CDC25AP1_CDK46P2) [1]
189: (INITIALIZE_P57) [1]
190: (ASSOCIATE_PCNA_P21_PCNA-P21) [1]
191: (ASSOCIATE_CDK46_CYCDP1_CDK46-CYCDP1) [1]
192: (ASSOCIATE_P16_CDK46P2_P16-CDK46P2) [1]
193: (DUMMY-ACTION-2-1) [1]
194: (ASSOCIATE_P57_CDK46-CYCDP1_P57-CDK46-CYCDP1) [1]
195: (DUMMY-ACTION-11-2) [1]
196: (ASSOCIATE_PCNA-P21_CDK2P2-CYCE_PCNA-P21-CDK2P2-CYCE) [1]
197: (DUMMY-ACTION-4-2) [1]
198: (DUMMY-ACTION-14-2) [1]
199: (DUMMY-ACTION-22-1) [1]
200: (CHOOSE_SKP2_L28_L27) [1]
201: (INITIALIZE_P57) [1]
202: (ASSOCIATE-WITH-CATALYZE_CDK2-CYCE_CDK7-CYCH_CDK2P2-CYCE) [1]
203: (INITIALIZE_CDK46P1) [1]
204: (SYNTHESIZE_C-MYC-MAX-GCDC25A_CDC25A) [1]
205: (INITIALIZE_PCNA) [1]
206: (SYNTHESIZE_E2F13-DP12-GE2_CYCDP1) [1]
207: (ASSOCIATE-WITH-CATALYZE_CDK46P1_CDC25AP1_CDK46) [1]
208: (INITIALIZE_SKP2) [1]
209: (ASSOCIATE_RAF1_CDC25A_RAF1-CDC25A) [1]
210: (ASSOCIATE_P57_CDK2P2-CYCE_P57-CDK2P2-CYCE) [1]
211: (SYNTHESIZE_P53P1_P21) [1]
212: (ASSOCIATE_PCNA_P21_PCNA-P21) [1]
213: (ASSOCIATE_CDK46_CYCDP1_CDK46-CYCDP1) [1]
214: (ASSOCIATE-WITH-CATALYZE_SKP2_CDK2P2-CYCA_SKP2P1) [1]
215: (ASSOCIATE_PCNA-P21_CDK46-CYCDP1_PCNA-P21-CDK46-CYCDP1) [1]
216: (DUMMY-ACTION-9-2) [1]
217: (DUMMY-ACTION-24-1) [1]
218: (DUMMY-ACTION-37-2) [1]
219: (DUMMY-ACTION-12-2) [1]
220: (INITIALIZE_CDK46P1) [1]
221: (INITIALIZE_PCNA) [1]
222: (SYNTHESIZE_E2F13-DP12-GE2_CYCDP1) [1]
223: (ASSOCIATE-WITH-CATALYZE_CDK46P1_CDC25AP1_CDK46) [1]
224: (SYNTHESIZE_P53P1_P21) [1]
225: (ASSOCIATE_PCNA_P21_PCNA-P21) [1]
226: (ASSOCIATE_CDK46_CYCDP1_CDK46-CYCDP1) [1]
227: (ASSOCIATE-WITH-CATALYZE_CDK46-CYCDP1_CDK7-CYCH_CDK46P2-CYCDP1) [1]
228: (INITIALIZE_CDK46P1) [1]
229: (DUMMY-ACTION-6-2) [1]
230: (ASSOCIATE-WITH-CATALYZE_CDK46P1_CDC25AP1_CDK46) [1]
231: (ASSOCIATE_P57P1_CDK46P2-CYCDP1_P57P1-CDK46P2-CYCDP1) [1]
232: (ASSOCIATE_CDK46_CYCD_CDK46-CYCD) [1]
233: (DUMMY-ACTION-1-1) [1]
234: (DUMMY-ACTION-7-2) [1]
235: (INITIALIZE_CDK46P1) [1]
236: (ASSOCIATE_PCNA-P21_CDK46-CYCD_PCNA-P21-CDK46-CYCD) [1]
237: (ASSOCIATE-WITH-CATALYZE_CDK46P1_CDC25AP1_CDK46) [1]
238: (ASSOCIATE-WITH-CATALYZE_CDK46_CDK7-CYCH_CDK46P2) [1]
239: (DUMMY-ACTION-3-2) [1]
240: (DUMMY-ACTION-8-1) [1]

Valid plan : 241 actions.
Computed nodes : 241
Evaluated nodes : 32
Developed nodes : 0
Useful nodes : 0

Lookahead utility : 7.10 %
Preparation time : 0.09
Search time : 0.03
Total time : 0.12


Parsing domain..... grounded-pathways-propositional..... done.
Parsing problem..... grounded-pathways-29..... done.
Computing domains..... done.
Instantiating actions..... done.
Computing final representation..... done.

Parsing time : 0.04
Domains creation  time : 0.00
Instantiation time : 0.00 -> 2062 candidates, 2062 actions
Finalization time : 0.01 -> 505 fluents, 55 init

156 154 152 150 148 146 144 142 138 131 129 127 125 123 121 119 112 105 95 86 71 66 53 50 37 16 14 6 4 

0: (CHOOSE_CDK1P1P2_L1_L0) [1]
1: (INITIALIZE_CDK1P1P2) [1]
2: (CHOOSE_CDK2_L2_L1) [1]
3: (INITIALIZE_CDK2) [1]
4: (CHOOSE_CDK2P1_L3_L2) [1]
5: (INITIALIZE_CDK2P1) [1]
6: (CHOOSE_CDK46P1_L4_L3) [1]
7: (INITIALIZE_CDK46P1) [1]
8: (CHOOSE_CDK46P3-CYCD_L5_L4) [1]
9: (INITIALIZE_CDK46P3-CYCD) [1]
10: (CHOOSE_CDK7_L6_L5) [1]
11: (INITIALIZE_CDK7) [1]
12: (CHOOSE_CYCB_L7_L6) [1]
13: (INITIALIZE_CYCB) [1]
14: (CHOOSE_CYCH_L8_L7) [1]
15: (INITIALIZE_CYCH) [1]
16: (ASSOCIATE_CDK7_CYCH_CDK7-CYCH) [1]
17: (ASSOCIATE-WITH-CATALYZE_CDK1P1P2_CDK7-CYCH_CDK1P1P2P3) [1]
18: (ASSOCIATE-WITH-CATALYZE_CDK2P1_CDK7-CYCH_CDK2P1P2) [1]
19: (ASSOCIATE-WITH-CATALYZE_CDK2_CDK7-CYCH_CDK2P2) [1]
20: (ASSOCIATE_CDK1P1P2P3_CYCB_CDK1P1P2P3-CYCB) [1]
21: (DUMMY-ACTION-10-2) [1]
22: (CHOOSE_DMP1_L9_L8) [1]
23: (INITIALIZE_CDK1P1P2) [1]
24: (INITIALIZE_DMP1) [1]
25: (INITIALIZE_CDK2) [1]
26: (INITIALIZE_CDK2P1) [1]
27: (ASSOCIATE-WITH-CATALYZE_CDK1P1P2_CDK7-CYCH_CDK1P1P2P3) [1]
28: (ASSOCIATE-WITH-CATALYZE_DMP1_CDK46P3-CYCD_DMP1P1) [1]
29: (CHOOSE_DP12_L10_L9) [1]
30: (INITIALIZE_DP12) [1]
31: (CHOOSE_E2F13_L11_L10) [1]
32: (INITIALIZE_E2F13) [1]
33: (CHOOSE_E2F13-DP12_L12_L11) [1]
34: (INITIALIZE_E2F13-DP12) [1]
35: (CHOOSE_E2F13-DP12P1_L13_L12) [1]
36: (INITIALIZE_E2F13-DP12P1) [1]
37: (CHOOSE_E2F13P1-DP12P1_L14_L13) [1]
38: (INITIALIZE_E2F13P1-DP12P1) [1]
39: (CHOOSE_E2F4-DP12P1_L15_L14) [1]
40: (INITIALIZE_E2F4-DP12P1) [1]
41: (CHOOSE_GE2_L16_L15) [1]
42: (INITIALIZE_GE2) [1]
43: (ASSOCIATE_E2F13-DP12_GE2_E2F13-DP12-GE2) [1]
44: (SYNTHESIZE_E2F13-DP12-GE2_CYCA) [1]
45: (SYNTHESIZE_E2F13-DP12-GE2_CYCD) [1]
46: (SYNTHESIZE_E2F13-DP12-GE2_CYCDP1) [1]
47: (SYNTHESIZE_E2F13-DP12-GE2_CYCE) [1]
48: (SYNTHESIZE_E2F13-DP12-GE2_CYCEP1) [1]
49: (SYNTHESIZE_E2F13-DP12-GE2_P107P1) [1]
50: (ASSOCIATE_CDK2P2_CYCA_CDK2P2-CYCA) [1]
51: (ASSOCIATE_CDK2P1_CYCE_CDK2P1-CYCE) [1]
52: (ASSOCIATE_CDK46P1_CYCD_CDK46P1-CYCD) [1]
53: (ASSOCIATE_DMP1P1_CYCDP1_DMP1P1-CYCDP1) [1]
54: (ASSOCIATE_CDK2_CYCEP1_CDK2-CYCEP1) [1]
55: (ASSOCIATE-WITH-CATALYZE_E2F13_CDK2P2-CYCA_E2F13P1) [1]
56: (ASSOCIATE-WITH-CATALYZE_DP12_CDK2P2-CYCA_DP12P1) [1]
57: (DUMMY-ACTION-19-2) [1]
58: (DUMMY-ACTION-29-2) [1]
59: (DUMMY-ACTION-38-2) [1]
60: (CHOOSE_HDAC1_L17_L16) [1]
61: (SYNTHESIZE_E2F13-DP12-GE2_CYCA) [1]
62: (SYNTHESIZE_E2F13-DP12-GE2_CYCDP1) [1]
63: (SYNTHESIZE_E2F13-DP12-GE2_CYCE) [1]
64: (SYNTHESIZE_E2F13-DP12-GE2_CYCEP1) [1]
65: (INITIALIZE_CDK2) [1]
66: (INITIALIZE_CDK2P1) [1]
67: (INITIALIZE_CDK46P1) [1]
68: (ASSOCIATE_CDK2P2-CYCA_E2F13P1_CDK2P2-CYCA-E2F13P1) [1]
69: (ASSOCIATE-WITH-CATALYZE_CDK2-CYCEP1_CDK7-CYCH_CDK2P2-CYCEP1) [1]
70: (ASSOCIATE-WITH-CATALYZE_CDK2P1-CYCE_CDK7-CYCH_CDK2P1P2-CYCE) [1]
71: (INITIALIZE_E2F13-DP12) [1]
72: (ASSOCIATE_CDK2P1P2_CYCEP1_CDK2P1P2-CYCEP1) [1]
73: (ASSOCIATE_CDK1P1P2P3_CYCA_CDK1P1P2P3-CYCA) [1]
74: (ASSOCIATE-WITH-CATALYZE_CDK46P1-CYCD_CDK7-CYCH_CDK46P1P2-CYCD) [1]
75: (ASSOCIATE_CDK2_CYCE_CDK2-CYCE) [1]
76: (INITIALIZE_HDAC1) [1]
77: (ASSOCIATE-WITH-CATALYZE_CDK2-CYCE_CDK7-CYCH_CDK2P2-CYCE) [1]
78: (DUMMY-ACTION-23-2) [1]
79: (INITIALIZE_GE2) [1]
80: (ASSOCIATE_CDK46P1_CYCDP1_CDK46P1-CYCDP1) [1]
81: (DUMMY-ACTION-4-2) [1]
82: (DUMMY-ACTION-8-2) [1]
83: (ASSOCIATE-WITH-CATALYZE_CDK46P1-CYCDP1_CDK7-CYCH_CDK46P1P2-CYCDP1) [1]
84: (CHOOSE_P27_L18_L17) [1]
85: (SYNTHESIZE_E2F13-DP12-GE2_CYCA) [1]
86: (SYNTHESIZE_E2F13-DP12-GE2_CYCD) [1]
87: (SYNTHESIZE_E2F13-DP12-GE2_CYCDP1) [1]
88: (SYNTHESIZE_E2F13-DP12-GE2_CYCE) [1]
89: (SYNTHESIZE_E2F13-DP12-GE2_CYCEP1) [1]
90: (INITIALIZE_CDK2) [1]
91: (ASSOCIATE-WITH-CATALYZE_CDK2P1_CDK7-CYCH_CDK2P1P2) [1]
92: (INITIALIZE_CDK46P1) [1]
93: (INITIALIZE_P27) [1]
94: (ASSOCIATE_CDK2P1P2_CYCA_CDK2P1P2-CYCA) [1]
95: (ASSOCIATE_CDK2_CYCEP1_CDK2-CYCEP1) [1]
96: (ASSOCIATE_CDK46P1_CYCD_CDK46P1-CYCD) [1]
97: (ASSOCIATE-WITH-CATALYZE_P27_CDK2P2-CYCE_P27P1) [1]
98: (ASSOCIATE_P27P1_CDK2P2-CYCE_P27P1-CDK2P2-CYCE) [1]
99: (DUMMY-ACTION-37-1) [1]
100: (DUMMY-ACTION-21-2) [1]
101: (CHOOSE_P53_L19_L18) [1]
102: (SYNTHESIZE_E2F13-DP12-GE2_CYCA) [1]
103: (ASSOCIATE-WITH-CATALYZE_CYCE_CDK2P2-CYCEP1_CYCEP1) [1]
104: (INITIALIZE_P27) [1]
105: (INITIALIZE_CDK2) [1]
106: (INITIALIZE_CDK2P1) [1]
107: (INITIALIZE_CDK46P1) [1]
108: (ASSOCIATE_CDK2P1_CYCA_CDK2P1-CYCA) [1]
109: (INITIALIZE_P53) [1]
110: (ASSOCIATE_P27_CDK2P1P2-CYCE_P27-CDK2P1P2-CYCE) [1]
111: (SYNTHESIZE_P53_P21) [1]
112: (ASSOCIATE_P53_DP12P1_P53-DP12P1) [1]
113: (ASSOCIATE_CDK46P1_CYCDP1_CDK46P1-CYCDP1) [1]
114: (ASSOCIATE_P21_CDK46P1-CYCD_P21-CDK46P1-CYCD) [1]
115: (DUMMY-ACTION-7-2) [1]
116: (DUMMY-ACTION-2-2) [1]
117: (DUMMY-ACTION-11-1) [1]
118: (CHOOSE_P53P1_L20_L19) [1]
119: (SYNTHESIZE_E2F13-DP12-GE2_CYCA) [1]
120: (SYNTHESIZE_E2F13-DP12-GE2_CYCE) [1]
121: (INITIALIZE_P53) [1]
122: (INITIALIZE_CDK2P1) [1]
123: (ASSOCIATE-WITH-CATALYZE_CDK2_CDK7-CYCH_CDK2P2) [1]
124: (INITIALIZE_E2F13) [1]
125: (INITIALIZE_P27) [1]
126: (INITIALIZE_DP12) [1]
127: (SYNTHESIZE_P53_P21) [1]
128: (ASSOCIATE_CDK2P1_CYCEP1_CDK2P1-CYCEP1) [1]
129: (ASSOCIATE-WITH-CATALYZE_P27_CDK2P2-CYCEP1_P27P1) [1]
130: (ASSOCIATE_CDK2P2_CYCA_CDK2P2-CYCA) [1]
131: (INITIALIZE_P53P1) [1]
132: (ASSOCIATE-WITH-CATALYZE_E2F13_CDK2P2-CYCA_E2F13P1) [1]
133: (ASSOCIATE-WITH-CATALYZE_DP12_CDK2P2-CYCA_DP12P1) [1]
134: (ASSOCIATE_P21_CDK2P2-CYCA_P21-CDK2P2-CYCA) [1]
135: (ASSOCIATE_P27P1_CDK2P1-CYCA_P27P1-CDK2P1-CYCA) [1]
136: (ASSOCIATE_CDK2P1P2-CYCA_E2F13P1_CDK2P1P2-CYCA-E2F13P1) [1]
137: (ASSOCIATE_P53P1_DP12P1_P53P1-DP12P1) [1]
138: (DUMMY-ACTION-17-1) [1]
139: (DUMMY-ACTION-16-1) [1]
140: (DUMMY-ACTION-15-1) [1]
141: (DUMMY-ACTION-12-1) [1]
142: (CHOOSE_P57_L21_L20) [1]
143: (SYNTHESIZE_E2F13-DP12-GE2_CYCA) [1]
144: (INITIALIZE_P27) [1]
145: (INITIALIZE_CDK2) [1]
146: (INITIALIZE_CDK2P1) [1]
147: (SYNTHESIZE_P53_P21) [1]
148: (ASSOCIATE_CDK2P1_CYCA_CDK2P1-CYCA) [1]
149: (ASSOCIATE_CDK2_CYCE_CDK2-CYCE) [1]
150: (INITIALIZE_P57) [1]
151: (ASSOCIATE_P27_CDK46P1-CYCDP1_P27-CDK46P1-CYCDP1) [1]
152: (DUMMY-ACTION-34-2) [1]
153: (ASSOCIATE_P21_CDK2P1-CYCEP1_P21-CDK2P1-CYCEP1) [1]
154: (ASSOCIATE-WITH-CATALYZE_CDK2P1-CYCA_CDK7-CYCH_CDK2P1P2-CYCA) [1]
155: (ASSOCIATE_P57_CDK2P1P2-CYCEP1_P57-CDK2P1P2-CYCEP1) [1]
156: (DUMMY-ACTION-35-1) [1]
157: (DUMMY-ACTION-14-2) [1]
158: (DUMMY-ACTION-36-1) [1]
159: (CHOOSE_PCNA_L22_L21) [1]
160: (SYNTHESIZE_E2F13-DP12-GE2_CYCA) [1]
161: (SYNTHESIZE_E2F13-DP12-GE2_CYCDP1) [1]
162: (SYNTHESIZE_E2F13-DP12-GE2_CYCE) [1]
163: (SYNTHESIZE_E2F13-DP12-GE2_CYCEP1) [1]
164: (INITIALIZE_P27) [1]
165: (INITIALIZE_CDK2) [1]
166: (INITIALIZE_CDK2P1) [1]
167: (INITIALIZE_CDK46P1) [1]
168: (SYNTHESIZE_P53_P21) [1]
169: (INITIALIZE_P57) [1]
170: (ASSOCIATE_CDK2P1_CYCEP1_CDK2P1-CYCEP1) [1]
171: (INITIALIZE_PCNA) [1]
172: (ASSOCIATE_P57_CDK46P1P2-CYCD_P57-CDK46P1P2-CYCD) [1]
173: (ASSOCIATE_CDK2_CYCA_CDK2-CYCA) [1]
174: (ASSOCIATE_CDK46P1_CYCDP1_CDK46P1-CYCDP1) [1]
175: (ASSOCIATE-WITH-CATALYZE_P27_CDK2P2-CYCEP1_P27P1) [1]
176: (ASSOCIATE-WITH-CATALYZE_CDK2-CYCA_CDK7-CYCH_CDK2P2-CYCA) [1]
177: (ASSOCIATE_PCNA_P21_PCNA-P21) [1]
178: (ASSOCIATE_P27P1_CDK2P1P2-CYCA_P27P1-CDK2P1P2-CYCA) [1]
179: (ASSOCIATE_PCNA-P21_CDK2P2-CYCA_PCNA-P21-CDK2P2-CYCA) [1]
180: (DUMMY-ACTION-26-1) [1]
181: (DUMMY-ACTION-13-1) [1]
182: (DUMMY-ACTION-33-1) [1]
183: (CHOOSE_PRB_L23_L22) [1]
184: (SYNTHESIZE_P53_P21) [1]
185: (INITIALIZE_P27) [1]
186: (INITIALIZE_CDK2) [1]
187: (INITIALIZE_CDK2P1) [1]
188: (INITIALIZE_PCNA) [1]
189: (SYNTHESIZE_E2F13-DP12-GE2_CYCA) [1]
190: (INITIALIZE_P57) [1]
191: (ASSOCIATE_CDK2_CYCA_CDK2-CYCA) [1]
192: (ASSOCIATE_CDK2P1_CYCE_CDK2P1-CYCE) [1]
193: (ASSOCIATE_PCNA_P21_PCNA-P21) [1]
194: (INITIALIZE_PRB) [1]
195: (ASSOCIATE_P57_CDK2P2-CYCEP1_P57-CDK2P2-CYCEP1) [1]
196: (ASSOCIATE-WITH-CATALYZE_CDK2-CYCA_CDK7-CYCH_CDK2P2-CYCA) [1]
197: (ASSOCIATE_PRB_E2F13-DP12_PRB-E2F13-DP12) [1]
198: (ASSOCIATE_P27_CDK2P1-CYCE_P27-CDK2P1-CYCE) [1]
199: (ASSOCIATE_PCNA-P21_CDK46P1-CYCDP1_PCNA-P21-CDK46P1-CYCDP1) [1]
200: (DUMMY-ACTION-20-2) [1]
201: (DUMMY-ACTION-28-1) [1]
202: (DUMMY-ACTION-22-2) [1]
203: (CHOOSE_RAF1_L24_L23) [1]
204: (SYNTHESIZE_E2F13-DP12-GE2_CYCE) [1]
205: (ASSOCIATE-WITH-CATALYZE_CDK2-CYCE_CDK7-CYCH_CDK2P2-CYCE) [1]
206: (INITIALIZE_E2F13) [1]
207: (SYNTHESIZE_P53_P21) [1]
208: (INITIALIZE_P27) [1]
209: (INITIALIZE_CDK2) [1]
210: (INITIALIZE_CDK2P1) [1]
211: (INITIALIZE_PRB) [1]
212: (INITIALIZE_PCNA) [1]
213: (SYNTHESIZE_E2F13-DP12-GE2_CYCA) [1]
214: (ASSOCIATE-WITH-CATALYZE_CDK2-CYCEP1_CDK7-CYCH_CDK2P2-CYCEP1) [1]
215: (INITIALIZE_P57) [1]
216: (ASSOCIATE_CDK2_CYCA_CDK2-CYCA) [1]
217: (ASSOCIATE-WITH-CATALYZE_E2F13_CDK2P2-CYCA_E2F13P1) [1]
218: (ASSOCIATE_CDK2P1_CYCE_CDK2P1-CYCE) [1]
219: (ASSOCIATE-WITH-CATALYZE_P27_CDK2P2-CYCE_P27P1) [1]
220: (ASSOCIATE_PCNA_P21_PCNA-P21) [1]
221: (INITIALIZE_RAF1) [1]
222: (ASSOCIATE_PRB_E2F13P1-DP12P1_PRB-E2F13P1-DP12P1) [1]
223: (ASSOCIATE_P57_CDK2P2-CYCA_P57-CDK2P2-CYCA) [1]
224: (ASSOCIATE_RAF1_PRB-E2F13-DP12_RAF1-PRB-E2F13-DP12) [1]
225: (ASSOCIATE_PCNA-P21_CDK2-CYCA_PCNA-P21-CDK2-CYCA) [1]
226: (ASSOCIATE_P27P1_CDK2P1-CYCEP1_P27P1-CDK2P1-CYCEP1) [1]
227: (ASSOCIATE_HDAC1_PRB-E2F13P1-DP12P1_HDAC1-PRB-E2F13P1-DP12P1) [1]
228: (ASSOCIATE_RAF1-PRB-E2F13-DP12_GE2_RAF1-PRB-E2F13-DP12-GE2) [1]
229: (DUMMY-ACTION-25-2) [1]
230: (DUMMY-ACTION-18-2) [1]
231: (DUMMY-ACTION-9-1) [1]
232: (DUMMY-ACTION-39-2) [1]
233: (DUMMY-ACTION-31-2) [1]
234: (CHOOSE_RPA_L25_L24) [1]
235: (SYNTHESIZE_E2F13-DP12-GE2_CYCE) [1]
236: (SYNTHESIZE_E2F13-DP12-GE2_CYCEP1) [1]
237: (SYNTHESIZE_P53_P21) [1]
238: (INITIALIZE_P27) [1]
239: (INITIALIZE_CDK2) [1]
240: (INITIALIZE_CDK2P1) [1]
241: (INITIALIZE_E2F13P1-DP12P1) [1]
242: (INITIALIZE_PRB) [1]
243: (INITIALIZE_PCNA) [1]
244: (SYNTHESIZE_E2F13-DP12-GE2_CYCA) [1]
245: (INITIALIZE_P57) [1]
246: (INITIALIZE_RAF1) [1]
247: (ASSOCIATE_CDK2_CYCA_CDK2-CYCA) [1]
248: (ASSOCIATE-WITH-CATALYZE_P27_CDK2P2-CYCE_P27P1) [1]
249: (ASSOCIATE_PCNA_P21_PCNA-P21) [1]
250: (ASSOCIATE_PRB_E2F13P1-DP12P1_PRB-E2F13P1-DP12P1) [1]
251: (INITIALIZE_RPA) [1]
252: (ASSOCIATE_P57_CDK2P1-CYCE_P57-CDK2P1-CYCE) [1]
253: (ASSOCIATE_PCNA-P21_CDK2P2-CYCEP1_PCNA-P21-CDK2P2-CYCEP1) [1]
254: (ASSOCIATE_RAF1_PRB-E2F13P1-DP12P1_RAF1-PRB-E2F13P1-DP12P1) [1]
255: (DUMMY-ACTION-32-1) [1]
256: (DUMMY-ACTION-5-1) [1]
257: (DUMMY-ACTION-30-2) [1]
258: (SYNTHESIZE_E2F13-DP12-GE2_CYCA) [1]
259: (ASSOCIATE-WITH-CATALYZE_CDK2-CYCA_CDK7-CYCH_CDK2P2-CYCA) [1]
260: (ASSOCIATE_CDK2P1_CYCE_CDK2P1-CYCE) [1]
261: (INITIALIZE_P57) [1]
262: (INITIALIZE_CDK2) [1]
263: (ASSOCIATE_P27P1_CDK2P1-CYCE_P27P1-CDK2P1-CYCE) [1]
264: (ASSOCIATE_RPA_CYCA_RPA-CYCA) [1]
265: (DUMMY-ACTION-6-1) [1]
266: (DUMMY-ACTION-24-1) [1]
267: (SYNTHESIZE_E2F13-DP12-GE2_CYCA) [1]
268: (SYNTHESIZE_E2F13-DP12-GE2_CYCE) [1]
269: (INITIALIZE_P27) [1]
270: (INITIALIZE_CDK2P1) [1]
271: (ASSOCIATE_CDK2_CYCA_CDK2-CYCA) [1]
272: (ASSOCIATE-WITH-CATALYZE_P27_CDK2P2-CYCE_P27P1) [1]
273: (ASSOCIATE_P57_CDK2-CYCA_P57-CDK2-CYCA) [1]
274: (DUMMY-ACTION-27-1) [1]
275: (INITIALIZE_CDK2) [1]
276: (ASSOCIATE_P27P1_CDK2P2-CYCA_P27P1-CDK2P2-CYCA) [1]
277: (ASSOCIATE_CDK2_CYCE_CDK2-CYCE) [1]
278: (DUMMY-ACTION-1-2) [1]
279: (INITIALIZE_P27) [1]
280: (ASSOCIATE-WITH-CATALYZE_P27_CDK2P2-CYCE_P27P1) [1]
281: (ASSOCIATE_P27P1_CDK2-CYCE_P27P1-CDK2-CYCE) [1]
282: (DUMMY-ACTION-3-1) [1]

Valid plan : 283 actions.
Computed nodes : 283
Evaluated nodes : 30
Developed nodes : 0
Useful nodes : 0

Lookahead utility : 9.69 %
Preparation time : 0.05
Search time : 0.02
Total time : 0.07


Parsing domain..... grounded-pathways-propositional..... done.
Parsing problem..... grounded-pathways-30..... done.
Computing domains..... done.
Instantiating actions..... done.
Computing final representation..... done.

Parsing time : 0.04
Domains creation  time : 0.01
Instantiation time : 0.01 -> 2284 candidates, 2284 actions
Finalization time : 0.00 -> 579 fluents, 59 init

194 192 190 188 186 184 181 176 174 172 170 168 166 163 160 148 140 130 123 111 108 101 97 94 88 87 83 71 57 49 42 33 28 20 9 7 

0: (CHOOSE_CDK2P1_L1_L0) [1]
1: (INITIALIZE_CDK2P1) [1]
2: (CHOOSE_CDK46P1_L2_L1) [1]
3: (INITIALIZE_CDK46P1) [1]
4: (CHOOSE_CDK46P3-CYCDP1_L3_L2) [1]
5: (INITIALIZE_CDK46P3-CYCDP1) [1]
6: (CHOOSE_CDK7_L4_L3) [1]
7: (INITIALIZE_CDK7) [1]
8: (CHOOSE_CEBP_L5_L4) [1]
9: (INITIALIZE_CEBP) [1]
10: (CHOOSE_CYCH_L6_L5) [1]
11: (INITIALIZE_CYCH) [1]
12: (ASSOCIATE_CDK7_CYCH_CDK7-CYCH) [1]
13: (ASSOCIATE-WITH-CATALYZE_CDK2P1_CDK7-CYCH_CDK2P1P2) [1]
14: (ASSOCIATE-WITH-CATALYZE_CDK46P1_CDK7-CYCH_CDK46P1P2) [1]
15: (CHOOSE_DMP1_L7_L6) [1]
16: (INITIALIZE_DMP1) [1]
17: (INITIALIZE_CDK2P1) [1]
18: (ASSOCIATE-WITH-CATALYZE_DMP1_CDK46P3-CYCDP1_DMP1P1) [1]
19: (INITIALIZE_CDK46P1) [1]
20: (CHOOSE_DP12_L8_L7) [1]
21: (INITIALIZE_DP12) [1]
22: (CHOOSE_E2F13_L9_L8) [1]
23: (INITIALIZE_E2F13) [1]
24: (CHOOSE_E2F13-DP12_L10_L9) [1]
25: (INITIALIZE_E2F13-DP12) [1]
26: (CHOOSE_E2F13-DP12P1_L11_L10) [1]
27: (INITIALIZE_E2F13-DP12P1) [1]
28: (CHOOSE_E2F4_L12_L11) [1]
29: (INITIALIZE_E2F4) [1]
30: (ASSOCIATE_E2F4_DP12_E2F4-DP12) [1]
31: (CHOOSE_E2F5_L13_L12) [1]
32: (INITIALIZE_E2F5) [1]
33: (INITIALIZE_DP12) [1]
34: (ASSOCIATE_E2F5_DP12_E2F5-DP12) [1]
35: (CHOOSE_GCDC25A_L14_L13) [1]
36: (INITIALIZE_GCDC25A) [1]
37: (INITIALIZE_DP12) [1]
38: (CHOOSE_GE2_L15_L14) [1]
39: (INITIALIZE_GE2) [1]
40: (ASSOCIATE_E2F5-DP12_GE2_E2F5-DP12-GE2) [1]
41: (SYNTHESIZE_E2F5-DP12-GE2_C-MYC) [1]
42: (SYNTHESIZE_E2F5-DP12-GE2_CYCA) [1]
43: (SYNTHESIZE_E2F5-DP12-GE2_CYCE) [1]
44: (SYNTHESIZE_E2F5-DP12-GE2_CYCEP1) [1]
45: (SYNTHESIZE_E2F5-DP12-GE2_P107) [1]
46: (ASSOCIATE_P107_E2F4-DP12_P107-E2F4-DP12) [1]
47: (ASSOCIATE_CDK2P1_CYCA_CDK2P1-CYCA) [1]
48: (ASSOCIATE_CDK2P1P2_CYCE_CDK2P1P2-CYCE) [1]
49: (SYNTHESIZE_E2F5-DP12-GE2_CYCD) [1]
50: (SYNTHESIZE_E2F5-DP12-GE2_CYCDP1) [1]
51: (ASSOCIATE_CDK46P1_CYCD_CDK46P1-CYCD) [1]
52: (CHOOSE_GP_L16_L15) [1]
53: (SYNTHESIZE_E2F5-DP12-GE2_CYCE) [1]
54: (INITIALIZE_CDK2P1) [1]
55: (INITIALIZE_E2F4) [1]
56: (INITIALIZE_E2F5) [1]
57: (ASSOCIATE_CDK2P1_CYCEP1_CDK2P1-CYCEP1) [1]
58: (ASSOCIATE_E2F5_DP12_E2F5-DP12) [1]
59: (INITIALIZE_GP) [1]
60: (INITIALIZE_GE2) [1]
61: (ASSOCIATE-WITH-CATALYZE_CDK2P1-CYCA_CDK7-CYCH_CDK2P1P2-CYCA) [1]
62: (INITIALIZE_CDK46P1) [1]
63: (SYNTHESIZE_E2F5-DP12-GE2_CYCD) [1]
64: (ASSOCIATE-WITH-CATALYZE_CDK2P1-CYCEP1_CDK7-CYCH_CDK2P1P2-CYCEP1) [1]
65: (ASSOCIATE_DMP1P1_CYCD_DMP1P1-CYCD) [1]
66: (DUMMY-ACTION-19-2) [1]
67: (CHOOSE_GP19ARF_L17_L16) [1]
68: (SYNTHESIZE_E2F5-DP12-GE2_CYCA) [1]
69: (INITIALIZE_CDK2P1) [1]
70: (INITIALIZE_DMP1) [1]
71: (ASSOCIATE-WITH-CATALYZE_DMP1_CDK46P3-CYCDP1_DMP1P1) [1]
72: (INITIALIZE_GP19ARF) [1]
73: (ASSOCIATE_DMP1P1_GP19ARF_DMP1P1-GP19ARF) [1]
74: (ASSOCIATE_CDK2P1_CYCA_CDK2P1-CYCA) [1]
75: (SYNTHESIZE_E2F5-DP12-GE2_CYCD) [1]
76: (INITIALIZE_DP12) [1]
77: (ASSOCIATE_E2F4_DP12_E2F4-DP12) [1]
78: (DUMMY-ACTION-15-2) [1]
79: (CHOOSE_HDAC1_L18_L17) [1]
80: (INITIALIZE_CDK2P1) [1]
81: (INITIALIZE_HDAC1) [1]
82: (ASSOCIATE_HDAC1_P107-E2F4-DP12_HDAC1-P107-E2F4-DP12) [1]
83: (ASSOCIATE_HDAC1-P107-E2F4-DP12_GE2_HDAC1-P107-E2F4-DP12-GE2) [1]
84: (INITIALIZE_DP12) [1]
85: (ASSOCIATE_CDK2P1_CYCE_CDK2P1-CYCE) [1]
86: (DUMMY-ACTION-17-2) [1]
87: (CHOOSE_MAX_L19_L18) [1]
88: (INITIALIZE_MAX) [1]
89: (ASSOCIATE_C-MYC_MAX_C-MYC-MAX) [1]
90: (ASSOCIATE_C-MYC-MAX_GCDC25A_C-MYC-MAX-GCDC25A) [1]
91: (INITIALIZE_GE2) [1]
92: (SYNTHESIZE_C-MYC-MAX-GCDC25A_CDC25A) [1]
93: (DUMMY-ACTION-24-2) [1]
94: (CHOOSE_P130_L20_L19) [1]
95: (INITIALIZE_P130) [1]
96: (ASSOCIATE_P130_E2F4-DP12_P130-E2F4-DP12) [1]
97: (ASSOCIATE_P130-E2F4-DP12_GE2_P130-E2F4-DP12-GE2) [1]
98: (DUMMY-ACTION-21-2) [1]
99: (CHOOSE_P27_L21_L20) [1]
100: (INITIALIZE_P130) [1]
101: (INITIALIZE_GE2) [1]
102: (ASSOCIATE_P130_E2F5-DP12_P130-E2F5-DP12) [1]
103: (ASSOCIATE_P130-E2F5-DP12_GE2_P130-E2F5-DP12-GE2) [1]
104: (INITIALIZE_P27) [1]
105: (DUMMY-ACTION-29-2) [1]
106: (CHOOSE_P53_L22_L21) [1]
107: (INITIALIZE_P53) [1]
108: (SYNTHESIZE_P53_P21) [1]
109: (ASSOCIATE_P21_CDK46P1-CYCD_P21-CDK46P1-CYCD) [1]
110: (DUMMY-ACTION-33-2) [1]
111: (CHOOSE_P53P1_L23_L22) [1]
112: (SYNTHESIZE_P53_P21) [1]
113: (INITIALIZE_P53P1) [1]
114: (CHOOSE_P57_L24_L23) [1]
115: (INITIALIZE_P57) [1]
116: (ASSOCIATE_P57_CDK2P1-CYCA_P57-CDK2P1-CYCA) [1]
117: (DUMMY-ACTION-31-2) [1]
118: (CHOOSE_P57P1_L25_L24) [1]
119: (SYNTHESIZE_E2F5-DP12-GE2_CYCA) [1]
120: (INITIALIZE_CDK2P1) [1]
121: (ASSOCIATE_CDK2P1_CYCA_CDK2P1-CYCA) [1]
122: (INITIALIZE_P57) [1]
123: (INITIALIZE_P57P1) [1]
124: (ASSOCIATE_P57_CDK2P1P2-CYCA_P57-CDK2P1P2-CYCA) [1]
125: (DUMMY-ACTION-1-2) [1]
126: (CHOOSE_RAF1_L26_L25) [1]
127: (CHOOSE_PCNA_L27_L26) [1]
128: (INITIALIZE_RAF1) [1]
129: (ASSOCIATE-WITH-CATALYZE_CDK2P1-CYCA_CDK7-CYCH_CDK2P1P2-CYCA) [1]
130: (ASSOCIATE-WITH-CATALYZE_CDC25A_RAF1_CDC25AP1) [1]
131: (INITIALIZE_PCNA) [1]
132: (DUMMY-ACTION-3-2) [1]
133: (ASSOCIATE-WITH-CATALYZE_CDK2P1-CYCE_CDC25AP1_CDK2-CYCE) [1]
134: (ASSOCIATE-WITH-CATALYZE_CDK2P1P2-CYCE_CDC25AP1_CDK2P2-CYCE) [1]
135: (ASSOCIATE_PCNA_P21_PCNA-P21) [1]
136: (ASSOCIATE-WITH-CATALYZE_CDK46P1_CDC25AP1_CDK46) [1]
137: (ASSOCIATE-WITH-CATALYZE_CDK46P1P2_CDC25AP1_CDK46P2) [1]
138: (DUMMY-ACTION-27-1) [1]
139: (INITIALIZE_P57) [1]
140: (ASSOCIATE-WITH-CATALYZE_CDK2P1P2-CYCA_CDC25AP1_CDK2P2-CYCA) [1]
141: (ASSOCIATE-WITH-CATALYZE_CDK2P1P2-CYCEP1_CDC25AP1_CDK2P2-CYCEP1) [1]
142: (ASSOCIATE-WITH-CATALYZE_E2F13_CDK2P2-CYCA_E2F13P1) [1]
143: (ASSOCIATE_CDK46_CYCDP1_CDK46-CYCDP1) [1]
144: (ASSOCIATE-WITH-CATALYZE_P27_CDK2P2-CYCE_P27P1) [1]
145: (ASSOCIATE-WITH-CATALYZE_DP12_CDK2P2-CYCA_DP12P1) [1]
146: (ASSOCIATE_CDK46P2_CYCD_CDK46P2-CYCD) [1]
147: (ASSOCIATE_PCNA-P21_CDK2-CYCE_PCNA-P21-CDK2-CYCE) [1]
148: (DUMMY-ACTION-9-1) [1]
149: (ASSOCIATE_P57_CDK2P2-CYCA_P57-CDK2P2-CYCA) [1]
150: (ASSOCIATE_P53P1_DP12P1_P53P1-DP12P1) [1]
151: (ASSOCIATE_P57P1_CDK46-CYCDP1_P57P1-CDK46-CYCDP1) [1]
152: (ASSOCIATE_P27P1_CDK2P2-CYCEP1_P27P1-CDK2P2-CYCEP1) [1]
153: (DUMMY-ACTION-30-2) [1]
154: (DUMMY-ACTION-26-2) [1]
155: (DUMMY-ACTION-5-2) [1]
156: (DUMMY-ACTION-23-2) [1]
157: (DUMMY-ACTION-7-2) [1]
158: (DUMMY-ACTION-6-1) [1]
159: (SYNTHESIZE_E2F5-DP12-GE2_CYCA) [1]
160: (SYNTHESIZE_E2F5-DP12-GE2_CYCE) [1]
161: (SYNTHESIZE_E2F5-DP12-GE2_CYCEP1) [1]
162: (INITIALIZE_CDK46P1) [1]
163: (SYNTHESIZE_C-MYC-MAX-GCDC25A_CDC25A) [1]
164: (INITIALIZE_CDK2P1) [1]
165: (INITIALIZE_PCNA) [1]
166: (SYNTHESIZE_E2F5-DP12-GE2_CYCD) [1]
167: (SYNTHESIZE_E2F5-DP12-GE2_CYCDP1) [1]
168: (ASSOCIATE_CDK2P1_CYCA_CDK2P1-CYCA) [1]
169: (ASSOCIATE_CDK46P1_CYCD_CDK46P1-CYCD) [1]
170: (ASSOCIATE_RAF1_CDC25A_RAF1-CDC25A) [1]
171: (SYNTHESIZE_P53_P21) [1]
172: (INITIALIZE_P57) [1]
173: (INITIALIZE_P57P1) [1]
174: (ASSOCIATE_PCNA_P21_PCNA-P21) [1]
175: (ASSOCIATE-WITH-CATALYZE_CDK2P1-CYCA_CDC25AP1_CDK2-CYCA) [1]
176: (DUMMY-ACTION-12-2) [1]
177: (INITIALIZE_P27) [1]
178: (ASSOCIATE_CDK2-CYCA_E2F13P1_CDK2-CYCA-E2F13P1) [1]
179: (ASSOCIATE_P27_CDK46P2-CYCD_P27-CDK46P2-CYCD) [1]
180: (DUMMY-ACTION-14-1) [1]
181: (DUMMY-ACTION-20-2) [1]
182: (DUMMY-ACTION-35-1) [1]
183: (SYNTHESIZE_E2F5-DP12-GE2_CYCA) [1]
184: (INITIALIZE_CDK46P1) [1]
185: (INITIALIZE_CDK2P1) [1]
186: (SYNTHESIZE_E2F5-DP12-GE2_CYCD) [1]
187: (ASSOCIATE_CDK2P1_CYCA_CDK2P1-CYCA) [1]
188: (ASSOCIATE-WITH-CATALYZE_CDK46P1_CDC25AP1_CDK46) [1]
189: (SYNTHESIZE_P53_P21) [1]
190: (ASSOCIATE-WITH-CATALYZE_CDK2P1-CYCA_CDC25AP1_CDK2-CYCA) [1]
191: (ASSOCIATE_CDK46_CYCDP1_CDK46-CYCDP1) [1]
192: (INITIALIZE_P27) [1]
193: (INITIALIZE_E2F13) [1]
194: (ASSOCIATE-WITH-CATALYZE_CDK2-CYCA_CDK7-CYCH_CDK2P2-CYCA) [1]
195: (ASSOCIATE-WITH-CATALYZE_CDK46-CYCDP1_CDK7-CYCH_CDK46P2-CYCDP1) [1]
196: (ASSOCIATE_CDK2P2-CYCA_E2F13_CDK2P2-CYCA-E2F13) [1]
197: (ASSOCIATE_P27_CDK46P2-CYCDP1_P27-CDK46P2-CYCDP1) [1]
198: (DUMMY-ACTION-11-2) [1]
199: (DUMMY-ACTION-8-1) [1]
200: (SYNTHESIZE_E2F5-DP12-GE2_CYCA) [1]
201: (INITIALIZE_CDK46P1) [1]
202: (INITIALIZE_CDK2P1) [1]
203: (SYNTHESIZE_E2F5-DP12-GE2_CYCDP1) [1]
204: (ASSOCIATE_CDK2P1_CYCA_CDK2P1-CYCA) [1]
205: (ASSOCIATE-WITH-CATALYZE_CDK46P1_CDC25AP1_CDK46) [1]
206: (INITIALIZE_P27) [1]
207: (ASSOCIATE-WITH-CATALYZE_P27_CDK2P2-CYCE_P27P1) [1]
208: (ASSOCIATE-WITH-CATALYZE_CDK2P1-CYCA_CDC25AP1_CDK2-CYCA) [1]
209: (ASSOCIATE_CDK46_CYCDP1_CDK46-CYCDP1) [1]
210: (ASSOCIATE_P27P1_CDK46P1-CYCD_P27P1-CDK46P1-CYCD) [1]
211: (ASSOCIATE_P57_CDK46-CYCDP1_P57-CDK46-CYCDP1) [1]
212: (ASSOCIATE_P21_CDK2-CYCA_P21-CDK2-CYCA) [1]
213: (DUMMY-ACTION-38-1) [1]
214: (DUMMY-ACTION-22-1) [1]
215: (DUMMY-ACTION-10-2) [1]
216: (SYNTHESIZE_E2F5-DP12-GE2_CYCA) [1]
217: (INITIALIZE_CDK46P1) [1]
218: (INITIALIZE_CDK2P1) [1]
219: (ASSOCIATE_CDK2P1_CYCA_CDK2P1-CYCA) [1]
220: (ASSOCIATE-WITH-CATALYZE_CDK46P1_CDC25AP1_CDK46) [1]
221: (SYNTHESIZE_P53_P21) [1]
222: (INITIALIZE_P27) [1]
223: (ASSOCIATE-WITH-CATALYZE_P27_CDK2P2-CYCE_P27P1) [1]
224: (ASSOCIATE-WITH-CATALYZE_CDK2P1-CYCA_CDC25AP1_CDK2-CYCA) [1]
225: (ASSOCIATE_CDK46_CYCD_CDK46-CYCD) [1]
226: (ASSOCIATE_P27P1_CDK2P2-CYCE_P27P1-CDK2P2-CYCE) [1]
227: (ASSOCIATE_PCNA-P21_CDK46-CYCD_PCNA-P21-CDK46-CYCD) [1]
228: (DUMMY-ACTION-34-1) [1]
229: (DUMMY-ACTION-39-2) [1]
230: (INITIALIZE_E2F13) [1]
231: (INITIALIZE_CDK46P1) [1]
232: (INITIALIZE_CDK2P1) [1]
233: (INITIALIZE_PCNA) [1]
234: (SYNTHESIZE_E2F5-DP12-GE2_CYCD) [1]
235: (SYNTHESIZE_E2F5-DP12-GE2_CYCDP1) [1]
236: (ASSOCIATE-WITH-CATALYZE_CDK2-CYCA_CDK7-CYCH_CDK2P2-CYCA) [1]
237: (ASSOCIATE-WITH-CATALYZE_E2F13_CDK2P2-CYCA_E2F13P1) [1]
238: (ASSOCIATE_CDK2P1_CYCEP1_CDK2P1-CYCEP1) [1]
239: (ASSOCIATE_PCNA_P21_PCNA-P21) [1]
240: (ASSOCIATE-WITH-CATALYZE_CDK46P1_CDC25AP1_CDK46) [1]
241: (ASSOCIATE_CDK46_CYCDP1_CDK46-CYCDP1) [1]
242: (ASSOCIATE-WITH-CATALYZE_CDK2P1-CYCEP1_CDC25AP1_CDK2-CYCEP1) [1]
243: (ASSOCIATE_PCNA-P21_CDK2P2-CYCA_PCNA-P21-CDK2P2-CYCA) [1]
244: (INITIALIZE_P27) [1]
245: (ASSOCIATE-WITH-CATALYZE_CDK46-CYCDP1_CDK7-CYCH_CDK46P2-CYCDP1) [1]
246: (ASSOCIATE-WITH-CATALYZE_CDK2-CYCEP1_CDK7-CYCH_CDK2P2-CYCEP1) [1]
247: (DUMMY-ACTION-25-2) [1]
248: (DUMMY-ACTION-13-2) [1]
249: (SYNTHESIZE_E2F5-DP12-GE2_CYCA) [1]
250: (ASSOCIATE-WITH-CATALYZE_CYCE_CDK2P2-CYCEP1_CYCEP1) [1]
251: (INITIALIZE_CDK46P1) [1]
252: (INITIALIZE_CDK2P1) [1]
253: (ASSOCIATE_CDK2P1_CYCA_CDK2P1-CYCA) [1]
254: (ASSOCIATE-WITH-CATALYZE_CDK46P1_CDC25AP1_CDK46) [1]
255: (SYNTHESIZE_P53_P21) [1]
256: (ASSOCIATE-WITH-CATALYZE_P27_CDK2P2-CYCEP1_P27P1) [1]
257: (ASSOCIATE-WITH-CATALYZE_CDK2P1-CYCA_CDC25AP1_CDK2-CYCA) [1]
258: (ASSOCIATE_CDK46_CYCD_CDK46-CYCD) [1]
259: (ASSOCIATE_P27P1_CDK46-CYCD_P27P1-CDK46-CYCD) [1]
260: (ASSOCIATE_P21_CDK46P2-CYCDP1_P21-CDK46P2-CYCDP1) [1]
261: (DUMMY-ACTION-40-2) [1]
262: (DUMMY-ACTION-28-2) [1]
263: (SYNTHESIZE_E2F5-DP12-GE2_CYCE) [1]
264: (INITIALIZE_CDK46P1) [1]
265: (INITIALIZE_CDK2P1) [1]
266: (SYNTHESIZE_E2F5-DP12-GE2_CYCD) [1]
267: (ASSOCIATE-WITH-CATALYZE_CDK2-CYCA_CDK7-CYCH_CDK2P2-CYCA) [1]
268: (ASSOCIATE_CDK2P1_CYCEP1_CDK2P1-CYCEP1) [1]
269: (ASSOCIATE-WITH-CATALYZE_CDK46P1_CDC25AP1_CDK46) [1]
270: (ASSOCIATE_CDK2P2-CYCA_E2F13P1_CDK2P2-CYCA-E2F13P1) [1]
271: (SYNTHESIZE_P53_P21) [1]
272: (INITIALIZE_P27) [1]
273: (ASSOCIATE-WITH-CATALYZE_P27_CDK2P2-CYCEP1_P27P1) [1]
274: (ASSOCIATE_CDK46_CYCD_CDK46-CYCD) [1]
275: (ASSOCIATE-WITH-CATALYZE_CDK2P1-CYCEP1_CDK7-CYCH_CDK2P1P2-CYCEP1) [1]
276: (ASSOCIATE_P27P1_CDK2P1P2-CYCEP1_P27P1-CDK2P1P2-CYCEP1) [1]
277: (ASSOCIATE_P21_CDK46-CYCD_P21-CDK46-CYCD) [1]
278: (DUMMY-ACTION-18-2) [1]
279: (DUMMY-ACTION-36-2) [1]
280: (DUMMY-ACTION-16-1) [1]
281: (SYNTHESIZE_E2F5-DP12-GE2_CYCA) [1]
282: (INITIALIZE_CDK46P1) [1]
283: (INITIALIZE_CDK2P1) [1]
284: (SYNTHESIZE_E2F5-DP12-GE2_CYCD) [1]
285: (ASSOCIATE_CDK2P1_CYCA_CDK2P1-CYCA) [1]
286: (ASSOCIATE-WITH-CATALYZE_CDK46P1_CDC25AP1_CDK46) [1]
287: (INITIALIZE_P27) [1]
288: (ASSOCIATE-WITH-CATALYZE_P27_CDK2P2-CYCEP1_P27P1) [1]
289: (ASSOCIATE-WITH-CATALYZE_CDK2P1-CYCA_CDC25AP1_CDK2-CYCA) [1]
290: (ASSOCIATE_CDK46_CYCD_CDK46-CYCD) [1]
291: (ASSOCIATE_P57P1_CDK46-CYCD_P57P1-CDK46-CYCD) [1]
292: (ASSOCIATE_P27P1_CDK2-CYCA_P27P1-CDK2-CYCA) [1]
293: (DUMMY-ACTION-37-1) [1]
294: (DUMMY-ACTION-2-2) [1]
295: (INITIALIZE_CDK2P1) [1]
296: (ASSOCIATE_CDK2P1_CYCE_CDK2P1-CYCE) [1]
297: (INITIALIZE_P27) [1]
298: (ASSOCIATE-WITH-CATALYZE_P27_CDK2P2-CYCEP1_P27P1) [1]
299: (ASSOCIATE-WITH-CATALYZE_CDK2P1-CYCE_CDC25AP1_CDK2-CYCE) [1]
300: (ASSOCIATE_P27P1_CDK2-CYCE_P27P1-CDK2-CYCE) [1]
301: (DUMMY-ACTION-32-1) [1]
302: (SYNTHESIZE_E2F5-DP12-GE2_CYCE) [1]
303: (INITIALIZE_CDK2P1) [1]
304: (ASSOCIATE_CDK2P1_CYCE_CDK2P1-CYCE) [1]
305: (INITIALIZE_P27) [1]
306: (ASSOCIATE-WITH-CATALYZE_CDK2P1-CYCE_CDC25AP1_CDK2-CYCE) [1]
307: (ASSOCIATE_P27_CDK2-CYCE_P27-CDK2-CYCE) [1]
308: (DUMMY-ACTION-4-2) [1]

Valid plan : 309 actions.
Computed nodes : 338
Evaluated nodes : 44
Developed nodes : 1
Useful nodes : 1

Lookahead utility : 7.28 %
Preparation time : 0.06
Search time : 0.03
Total time : 0.09

Timeout: aborting command ``./yahsp'' with signal 9
Timeout: aborting command ``./yahsp'' with signal 9
Timeout: aborting command ``./yahsp'' with signal 9
Timeout: aborting command ``./yahsp'' with signal 9
Timeout: aborting command ``./yahsp'' with signal 9
Timeout: aborting command ``./yahsp'' with signal 9
Timeout: aborting command ``./yahsp'' with signal 9
Timeout: aborting command ``./yahsp'' with signal 9
Timeout: aborting command ``./yahsp'' with signal 9
Timeout: aborting command ``./yahsp'' with signal 9
Timeout: aborting command ``./yahsp'' with signal 9
Timeout: aborting command ``./yahsp'' with signal 9
