---SatPlan Version: 1.1

bb: parsing domain file
domain 'BLOCKS' defined
 ... done.
bb: parsing problem file
problem 'BLOCKS-12-0' defined
 ... done.


time:   0,    16 facts and       0 exclusive pairs
              19 ops   and      12 exclusive pairs
time:   1,    21 facts and      23 exclusive pairs

creating thin gp-based encoding...
plan graph layer 0...
plan graph layer 1...
goal constraints...

goal fact not coded - level too low??


bb: parsing domain file
domain 'BLOCKS' defined
 ... done.
bb: parsing problem file
problem 'BLOCKS-12-0' defined
 ... done.


time:   0,    16 facts and       0 exclusive pairs
              19 ops   and      12 exclusive pairs
time:   1,    21 facts and      23 exclusive pairs
              35 ops   and     226 exclusive pairs
time:   2,    29 facts and      95 exclusive pairs

creating thin gp-based encoding...
plan graph layer 0...
plan graph layer 1...
plan graph layer 2...
goal constraints...

goal fact not coded - level too low??


bb: parsing domain file
domain 'BLOCKS' defined
 ... done.
bb: parsing problem file
problem 'BLOCKS-12-0' defined
 ... done.


time:   0,    16 facts and       0 exclusive pairs
              19 ops   and      12 exclusive pairs
time:   1,    21 facts and      23 exclusive pairs
              35 ops   and     226 exclusive pairs
time:   2,    29 facts and      95 exclusive pairs
              53 ops   and     735 exclusive pairs
time:   3,    32 facts and     115 exclusive pairs

creating thin gp-based encoding...
plan graph layer 0...
plan graph layer 1...
plan graph layer 2...
plan graph layer 3...
goal constraints...

goal fact not coded - level too low??


bb: parsing domain file
domain 'BLOCKS' defined
 ... done.
bb: parsing problem file
problem 'BLOCKS-12-0' defined
 ... done.


time:   0,    16 facts and       0 exclusive pairs
              19 ops   and      12 exclusive pairs
time:   1,    21 facts and      23 exclusive pairs
              35 ops   and     226 exclusive pairs
time:   2,    29 facts and      95 exclusive pairs
              53 ops   and     735 exclusive pairs
time:   3,    32 facts and     115 exclusive pairs
              69 ops   and    1375 exclusive pairs
time:   4,    43 facts and     299 exclusive pairs

creating thin gp-based encoding...
plan graph layer 0...
plan graph layer 1...
plan graph layer 2...
plan graph layer 3...
plan graph layer 4...
goal constraints...

goal fact not coded - level too low??


bb: parsing domain file
domain 'BLOCKS' defined
 ... done.
bb: parsing problem file
problem 'BLOCKS-12-0' defined
 ... done.


time:   0,    16 facts and       0 exclusive pairs
              19 ops   and      12 exclusive pairs
time:   1,    21 facts and      23 exclusive pairs
              35 ops   and     226 exclusive pairs
time:   2,    29 facts and      95 exclusive pairs
              53 ops   and     735 exclusive pairs
time:   3,    32 facts and     115 exclusive pairs
              69 ops   and    1375 exclusive pairs
time:   4,    43 facts and     299 exclusive pairs
              94 ops   and    2836 exclusive pairs
time:   5,    47 facts and     320 exclusive pairs

creating thin gp-based encoding...
plan graph layer 0...
plan graph layer 1...
plan graph layer 2...
plan graph layer 3...
plan graph layer 4...
plan graph layer 5...
goal constraints...

goal fact not coded - level too low??


bb: parsing domain file
domain 'BLOCKS' defined
 ... done.
bb: parsing problem file
problem 'BLOCKS-12-0' defined
 ... done.


time:   0,    16 facts and       0 exclusive pairs
              19 ops   and      12 exclusive pairs
time:   1,    21 facts and      23 exclusive pairs
              35 ops   and     226 exclusive pairs
time:   2,    29 facts and      95 exclusive pairs
              53 ops   and     735 exclusive pairs
time:   3,    32 facts and     115 exclusive pairs
              69 ops   and    1375 exclusive pairs
time:   4,    43 facts and     299 exclusive pairs
              94 ops   and    2836 exclusive pairs
time:   5,    47 facts and     320 exclusive pairs
             111 ops   and    3908 exclusive pairs
time:   6,    57 facts and     509 exclusive pairs

creating thin gp-based encoding...
plan graph layer 0...
plan graph layer 1...
plan graph layer 2...
plan graph layer 3...
plan graph layer 4...
plan graph layer 5...
plan graph layer 6...
goal constraints...

goal fact not coded - level too low??


bb: parsing domain file
domain 'BLOCKS' defined
 ... done.
bb: parsing problem file
problem 'BLOCKS-12-0' defined
 ... done.


time:   0,    16 facts and       0 exclusive pairs
              19 ops   and      12 exclusive pairs
time:   1,    21 facts and      23 exclusive pairs
              35 ops   and     226 exclusive pairs
time:   2,    29 facts and      95 exclusive pairs
              53 ops   and     735 exclusive pairs
time:   3,    32 facts and     115 exclusive pairs
              69 ops   and    1375 exclusive pairs
time:   4,    43 facts and     299 exclusive pairs
              94 ops   and    2836 exclusive pairs
time:   5,    47 facts and     320 exclusive pairs
             111 ops   and    3908 exclusive pairs
time:   6,    57 facts and     509 exclusive pairs
             132 ops   and    5552 exclusive pairs
time:   7,    59 facts and     422 exclusive pairs

creating thin gp-based encoding...
plan graph layer 0...
plan graph layer 1...
plan graph layer 2...
plan graph layer 3...
plan graph layer 4...
plan graph layer 5...
plan graph layer 6...
plan graph layer 7...
goal constraints...

goal fact not coded - level too low??


bb: parsing domain file
domain 'BLOCKS' defined
 ... done.
bb: parsing problem file
problem 'BLOCKS-12-0' defined
 ... done.


time:   0,    16 facts and       0 exclusive pairs
              19 ops   and      12 exclusive pairs
time:   1,    21 facts and      23 exclusive pairs
              35 ops   and     226 exclusive pairs
time:   2,    29 facts and      95 exclusive pairs
              53 ops   and     735 exclusive pairs
time:   3,    32 facts and     115 exclusive pairs
              69 ops   and    1375 exclusive pairs
time:   4,    43 facts and     299 exclusive pairs
              94 ops   and    2836 exclusive pairs
time:   5,    47 facts and     320 exclusive pairs
             111 ops   and    3908 exclusive pairs
time:   6,    57 facts and     509 exclusive pairs
             132 ops   and    5552 exclusive pairs
time:   7,    59 facts and     422 exclusive pairs
             147 ops   and    6595 exclusive pairs
time:   8,    71 facts and     687 exclusive pairs

creating thin gp-based encoding...
plan graph layer 0...
plan graph layer 1...
plan graph layer 2...
plan graph layer 3...
plan graph layer 4...
plan graph layer 5...
plan graph layer 6...
plan graph layer 7...
plan graph layer 8...
goal constraints...

goal fact not coded - level too low??


bb: parsing domain file
domain 'BLOCKS' defined
 ... done.
bb: parsing problem file
problem 'BLOCKS-12-0' defined
 ... done.


time:   0,    16 facts and       0 exclusive pairs
              19 ops   and      12 exclusive pairs
time:   1,    21 facts and      23 exclusive pairs
              35 ops   and     226 exclusive pairs
time:   2,    29 facts and      95 exclusive pairs
              53 ops   and     735 exclusive pairs
time:   3,    32 facts and     115 exclusive pairs
              69 ops   and    1375 exclusive pairs
time:   4,    43 facts and     299 exclusive pairs
              94 ops   and    2836 exclusive pairs
time:   5,    47 facts and     320 exclusive pairs
             111 ops   and    3908 exclusive pairs
time:   6,    57 facts and     509 exclusive pairs
             132 ops   and    5552 exclusive pairs
time:   7,    59 facts and     422 exclusive pairs
             147 ops   and    6595 exclusive pairs
time:   8,    71 facts and     687 exclusive pairs
             172 ops   and    9175 exclusive pairs
time:   9,    73 facts and     591 exclusive pairs

creating thin gp-based encoding...
plan graph layer 0...
plan graph layer 1...
plan graph layer 2...
plan graph layer 3...
plan graph layer 4...
plan graph layer 5...
plan graph layer 6...
plan graph layer 7...
plan graph layer 8...
plan graph layer 9...
goal constraints...

goal fact not coded - level too low??


bb: parsing domain file
domain 'BLOCKS' defined
 ... done.
bb: parsing problem file
problem 'BLOCKS-12-0' defined
 ... done.


time:   0,    16 facts and       0 exclusive pairs
              19 ops   and      12 exclusive pairs
time:   1,    21 facts and      23 exclusive pairs
              35 ops   and     226 exclusive pairs
time:   2,    29 facts and      95 exclusive pairs
              53 ops   and     735 exclusive pairs
time:   3,    32 facts and     115 exclusive pairs
              69 ops   and    1375 exclusive pairs
time:   4,    43 facts and     299 exclusive pairs
              94 ops   and    2836 exclusive pairs
time:   5,    47 facts and     320 exclusive pairs
             111 ops   and    3908 exclusive pairs
time:   6,    57 facts and     509 exclusive pairs
             132 ops   and    5552 exclusive pairs
time:   7,    59 facts and     422 exclusive pairs
             147 ops   and    6595 exclusive pairs
time:   8,    71 facts and     687 exclusive pairs
             172 ops   and    9175 exclusive pairs
time:   9,    73 facts and     591 exclusive pairs
             189 ops   and   10756 exclusive pairs
time:  10,    87 facts and     953 exclusive pairs

creating thin gp-based encoding...
plan graph layer 0...
plan graph layer 1...
plan graph layer 2...
plan graph layer 3...
plan graph layer 4...
plan graph layer 5...
plan graph layer 6...
plan graph layer 7...
plan graph layer 8...
plan graph layer 9...
plan graph layer 10...
goal constraints...

goal fact not coded - level too low??


bb: parsing domain file
domain 'BLOCKS' defined
 ... done.
bb: parsing problem file
problem 'BLOCKS-12-0' defined
 ... done.


time:   0,    16 facts and       0 exclusive pairs
              19 ops   and      12 exclusive pairs
time:   1,    21 facts and      23 exclusive pairs
              35 ops   and     226 exclusive pairs
time:   2,    29 facts and      95 exclusive pairs
              53 ops   and     735 exclusive pairs
time:   3,    32 facts and     115 exclusive pairs
              69 ops   and    1375 exclusive pairs
time:   4,    43 facts and     299 exclusive pairs
              94 ops   and    2836 exclusive pairs
time:   5,    47 facts and     320 exclusive pairs
             111 ops   and    3908 exclusive pairs
time:   6,    57 facts and     509 exclusive pairs
             132 ops   and    5552 exclusive pairs
time:   7,    59 facts and     422 exclusive pairs
             147 ops   and    6595 exclusive pairs
time:   8,    71 facts and     687 exclusive pairs
             172 ops   and    9175 exclusive pairs
time:   9,    73 facts and     591 exclusive pairs
             189 ops   and   10756 exclusive pairs
time:  10,    87 facts and     953 exclusive pairs
             218 ops   and   14554 exclusive pairs
time:  11,    89 facts and     834 exclusive pairs

creating thin gp-based encoding...
plan graph layer 0...
plan graph layer 1...
plan graph layer 2...
plan graph layer 3...
plan graph layer 4...
plan graph layer 5...
plan graph layer 6...
plan graph layer 7...
plan graph layer 8...
plan graph layer 9...
plan graph layer 10...
plan graph layer 11...
goal constraints...

goal fact not coded - level too low??


bb: parsing domain file
domain 'BLOCKS' defined
 ... done.
bb: parsing problem file
problem 'BLOCKS-12-0' defined
 ... done.


time:   0,    16 facts and       0 exclusive pairs
              19 ops   and      12 exclusive pairs
time:   1,    21 facts and      23 exclusive pairs
              35 ops   and     226 exclusive pairs
time:   2,    29 facts and      95 exclusive pairs
              53 ops   and     735 exclusive pairs
time:   3,    32 facts and     115 exclusive pairs
              69 ops   and    1375 exclusive pairs
time:   4,    43 facts and     299 exclusive pairs
              94 ops   and    2836 exclusive pairs
time:   5,    47 facts and     320 exclusive pairs
             111 ops   and    3908 exclusive pairs
time:   6,    57 facts and     509 exclusive pairs
             132 ops   and    5552 exclusive pairs
time:   7,    59 facts and     422 exclusive pairs
             147 ops   and    6595 exclusive pairs
time:   8,    71 facts and     687 exclusive pairs
             172 ops   and    9175 exclusive pairs
time:   9,    73 facts and     591 exclusive pairs
             189 ops   and   10756 exclusive pairs
time:  10,    87 facts and     953 exclusive pairs
             218 ops   and   14554 exclusive pairs
time:  11,    89 facts and     834 exclusive pairs
             237 ops   and   16774 exclusive pairs
time:  12,   105 facts and    1304 exclusive pairs

creating thin gp-based encoding...
plan graph layer 0...
plan graph layer 1...
plan graph layer 2...
plan graph layer 3...
plan graph layer 4...
plan graph layer 5...
plan graph layer 6...
plan graph layer 7...
plan graph layer 8...
plan graph layer 9...
plan graph layer 10...
plan graph layer 11...
plan graph layer 12...
goal constraints...

goal fact not coded - level too low??


bb: parsing domain file
domain 'BLOCKS' defined
 ... done.
bb: parsing problem file
problem 'BLOCKS-12-0' defined
 ... done.


time:   0,    16 facts and       0 exclusive pairs
              19 ops   and      12 exclusive pairs
time:   1,    21 facts and      23 exclusive pairs
              35 ops   and     226 exclusive pairs
time:   2,    29 facts and      95 exclusive pairs
              53 ops   and     735 exclusive pairs
time:   3,    32 facts and     115 exclusive pairs
              69 ops   and    1375 exclusive pairs
time:   4,    43 facts and     299 exclusive pairs
              94 ops   and    2836 exclusive pairs
time:   5,    47 facts and     320 exclusive pairs
             111 ops   and    3908 exclusive pairs
time:   6,    57 facts and     509 exclusive pairs
             132 ops   and    5552 exclusive pairs
time:   7,    59 facts and     422 exclusive pairs
             147 ops   and    6595 exclusive pairs
time:   8,    71 facts and     687 exclusive pairs
             172 ops   and    9175 exclusive pairs
time:   9,    73 facts and     591 exclusive pairs
             189 ops   and   10756 exclusive pairs
time:  10,    87 facts and     953 exclusive pairs
             218 ops   and   14554 exclusive pairs
time:  11,    89 facts and     834 exclusive pairs
             237 ops   and   16774 exclusive pairs
time:  12,   105 facts and    1304 exclusive pairs
             270 ops   and   22082 exclusive pairs
time:  13,   107 facts and    1135 exclusive pairs

creating thin gp-based encoding...
plan graph layer 0...
plan graph layer 1...
plan graph layer 2...
plan graph layer 3...
plan graph layer 4...
plan graph layer 5...
plan graph layer 6...
plan graph layer 7...
plan graph layer 8...
plan graph layer 9...
plan graph layer 10...
plan graph layer 11...
plan graph layer 12...
plan graph layer 13...
goal constraints...

goal fact not coded - level too low??


bb: parsing domain file
domain 'BLOCKS' defined
 ... done.
bb: parsing problem file
problem 'BLOCKS-12-0' defined
 ... done.


time:   0,    16 facts and       0 exclusive pairs
              19 ops   and      12 exclusive pairs
time:   1,    21 facts and      23 exclusive pairs
              35 ops   and     226 exclusive pairs
time:   2,    29 facts and      95 exclusive pairs
              53 ops   and     735 exclusive pairs
time:   3,    32 facts and     115 exclusive pairs
              69 ops   and    1375 exclusive pairs
time:   4,    43 facts and     299 exclusive pairs
              94 ops   and    2836 exclusive pairs
time:   5,    47 facts and     320 exclusive pairs
             111 ops   and    3908 exclusive pairs
time:   6,    57 facts and     509 exclusive pairs
             132 ops   and    5552 exclusive pairs
time:   7,    59 facts and     422 exclusive pairs
             147 ops   and    6595 exclusive pairs
time:   8,    71 facts and     687 exclusive pairs
             172 ops   and    9175 exclusive pairs
time:   9,    73 facts and     591 exclusive pairs
             189 ops   and   10756 exclusive pairs
time:  10,    87 facts and     953 exclusive pairs
             218 ops   and   14554 exclusive pairs
time:  11,    89 facts and     834 exclusive pairs
             237 ops   and   16774 exclusive pairs
time:  12,   105 facts and    1304 exclusive pairs
             270 ops   and   22082 exclusive pairs
time:  13,   107 facts and    1135 exclusive pairs
             291 ops   and   25012 exclusive pairs
time:  14,   125 facts and    1727 exclusive pairs

creating thin gp-based encoding...
plan graph layer 0...
plan graph layer 1...
plan graph layer 2...
plan graph layer 3...
plan graph layer 4...
plan graph layer 5...
plan graph layer 6...
plan graph layer 7...
plan graph layer 8...
plan graph layer 9...
plan graph layer 10...
plan graph layer 11...
plan graph layer 12...
plan graph layer 13...
plan graph layer 14...
goal constraints...

goal fact not coded - level too low??


bb: parsing domain file
domain 'BLOCKS' defined
 ... done.
bb: parsing problem file
problem 'BLOCKS-12-0' defined
 ... done.


time:   0,    16 facts and       0 exclusive pairs
              19 ops   and      12 exclusive pairs
time:   1,    21 facts and      23 exclusive pairs
              35 ops   and     226 exclusive pairs
time:   2,    29 facts and      95 exclusive pairs
              53 ops   and     735 exclusive pairs
time:   3,    32 facts and     115 exclusive pairs
              69 ops   and    1375 exclusive pairs
time:   4,    43 facts and     299 exclusive pairs
              94 ops   and    2836 exclusive pairs
time:   5,    47 facts and     320 exclusive pairs
             111 ops   and    3908 exclusive pairs
time:   6,    57 facts and     509 exclusive pairs
             132 ops   and    5552 exclusive pairs
time:   7,    59 facts and     422 exclusive pairs
             147 ops   and    6595 exclusive pairs
time:   8,    71 facts and     687 exclusive pairs
             172 ops   and    9175 exclusive pairs
time:   9,    73 facts and     591 exclusive pairs
             189 ops   and   10756 exclusive pairs
time:  10,    87 facts and     953 exclusive pairs
             218 ops   and   14554 exclusive pairs
time:  11,    89 facts and     834 exclusive pairs
             237 ops   and   16774 exclusive pairs
time:  12,   105 facts and    1304 exclusive pairs
             270 ops   and   22082 exclusive pairs
time:  13,   107 facts and    1135 exclusive pairs
             291 ops   and   25012 exclusive pairs
time:  14,   125 facts and    1727 exclusive pairs
             328 ops   and   32180 exclusive pairs
time:  15,   127 facts and    1500 exclusive pairs

creating thin gp-based encoding...
plan graph layer 0...
plan graph layer 1...
plan graph layer 2...
plan graph layer 3...
plan graph layer 4...
plan graph layer 5...
plan graph layer 6...
plan graph layer 7...
plan graph layer 8...
plan graph layer 9...
plan graph layer 10...
plan graph layer 11...
plan graph layer 12...
plan graph layer 13...
plan graph layer 14...
plan graph layer 15...
goal constraints...

goal fact not coded - level too low??


bb: parsing domain file
domain 'BLOCKS' defined
 ... done.
bb: parsing problem file
problem 'BLOCKS-12-0' defined
 ... done.


time:   0,    16 facts and       0 exclusive pairs
              19 ops   and      12 exclusive pairs
time:   1,    21 facts and      23 exclusive pairs
              35 ops   and     226 exclusive pairs
time:   2,    29 facts and      95 exclusive pairs
              53 ops   and     735 exclusive pairs
time:   3,    32 facts and     115 exclusive pairs
              69 ops   and    1375 exclusive pairs
time:   4,    43 facts and     299 exclusive pairs
              94 ops   and    2836 exclusive pairs
time:   5,    47 facts and     320 exclusive pairs
             111 ops   and    3908 exclusive pairs
time:   6,    57 facts and     509 exclusive pairs
             132 ops   and    5552 exclusive pairs
time:   7,    59 facts and     422 exclusive pairs
             147 ops   and    6595 exclusive pairs
time:   8,    71 facts and     687 exclusive pairs
             172 ops   and    9175 exclusive pairs
time:   9,    73 facts and     591 exclusive pairs
             189 ops   and   10756 exclusive pairs
time:  10,    87 facts and     953 exclusive pairs
             218 ops   and   14554 exclusive pairs
time:  11,    89 facts and     834 exclusive pairs
             237 ops   and   16774 exclusive pairs
time:  12,   105 facts and    1304 exclusive pairs
             270 ops   and   22082 exclusive pairs
time:  13,   107 facts and    1135 exclusive pairs
             291 ops   and   25012 exclusive pairs
time:  14,   125 facts and    1727 exclusive pairs
             328 ops   and   32180 exclusive pairs
time:  15,   127 facts and    1500 exclusive pairs
             351 ops   and   35956 exclusive pairs
time:  16,   147 facts and    2228 exclusive pairs

creating thin gp-based encoding...
plan graph layer 0...
plan graph layer 1...
plan graph layer 2...
plan graph layer 3...
plan graph layer 4...
plan graph layer 5...
plan graph layer 6...
plan graph layer 7...
plan graph layer 8...
plan graph layer 9...
plan graph layer 10...
plan graph layer 11...
plan graph layer 12...
plan graph layer 13...
plan graph layer 14...
plan graph layer 15...
plan graph layer 16...
goal constraints...

goal fact not coded - level too low??


bb: parsing domain file
domain 'BLOCKS' defined
 ... done.
bb: parsing problem file
problem 'BLOCKS-12-0' defined
 ... done.


time:   0,    16 facts and       0 exclusive pairs
              19 ops   and      12 exclusive pairs
time:   1,    21 facts and      23 exclusive pairs
              35 ops   and     226 exclusive pairs
time:   2,    29 facts and      95 exclusive pairs
              53 ops   and     735 exclusive pairs
time:   3,    32 facts and     115 exclusive pairs
              69 ops   and    1375 exclusive pairs
time:   4,    43 facts and     299 exclusive pairs
              94 ops   and    2836 exclusive pairs
time:   5,    47 facts and     320 exclusive pairs
             111 ops   and    3908 exclusive pairs
time:   6,    57 facts and     509 exclusive pairs
             132 ops   and    5552 exclusive pairs
time:   7,    59 facts and     422 exclusive pairs
             147 ops   and    6595 exclusive pairs
time:   8,    71 facts and     687 exclusive pairs
             172 ops   and    9175 exclusive pairs
time:   9,    73 facts and     591 exclusive pairs
             189 ops   and   10756 exclusive pairs
time:  10,    87 facts and     953 exclusive pairs
             218 ops   and   14554 exclusive pairs
time:  11,    89 facts and     834 exclusive pairs
             237 ops   and   16774 exclusive pairs
time:  12,   105 facts and    1304 exclusive pairs
             270 ops   and   22082 exclusive pairs
time:  13,   107 facts and    1135 exclusive pairs
             291 ops   and   25012 exclusive pairs
time:  14,   125 facts and    1727 exclusive pairs
             328 ops   and   32180 exclusive pairs
time:  15,   127 facts and    1500 exclusive pairs
             351 ops   and   35956 exclusive pairs
time:  16,   147 facts and    2228 exclusive pairs
             392 ops   and   45370 exclusive pairs
time:  17,   148 facts and    1901 exclusive pairs

creating thin gp-based encoding...
plan graph layer 0...
plan graph layer 1...
plan graph layer 2...
plan graph layer 3...
plan graph layer 4...
plan graph layer 5...
plan graph layer 6...
plan graph layer 7...
plan graph layer 8...
plan graph layer 9...
plan graph layer 10...
plan graph layer 11...
plan graph layer 12...
plan graph layer 13...
plan graph layer 14...
plan graph layer 15...
plan graph layer 16...
plan graph layer 17...
goal constraints...

goal fact not coded - level too low??


bb: parsing domain file
domain 'BLOCKS' defined
 ... done.
bb: parsing problem file
problem 'BLOCKS-12-0' defined
 ... done.


time:   0,    16 facts and       0 exclusive pairs
              19 ops   and      12 exclusive pairs
time:   1,    21 facts and      23 exclusive pairs
              35 ops   and     226 exclusive pairs
time:   2,    29 facts and      95 exclusive pairs
              53 ops   and     735 exclusive pairs
time:   3,    32 facts and     115 exclusive pairs
              69 ops   and    1375 exclusive pairs
time:   4,    43 facts and     299 exclusive pairs
              94 ops   and    2836 exclusive pairs
time:   5,    47 facts and     320 exclusive pairs
             111 ops   and    3908 exclusive pairs
time:   6,    57 facts and     509 exclusive pairs
             132 ops   and    5552 exclusive pairs
time:   7,    59 facts and     422 exclusive pairs
             147 ops   and    6595 exclusive pairs
time:   8,    71 facts and     687 exclusive pairs
             172 ops   and    9175 exclusive pairs
time:   9,    73 facts and     591 exclusive pairs
             189 ops   and   10756 exclusive pairs
time:  10,    87 facts and     953 exclusive pairs
             218 ops   and   14554 exclusive pairs
time:  11,    89 facts and     834 exclusive pairs
             237 ops   and   16774 exclusive pairs
time:  12,   105 facts and    1304 exclusive pairs
             270 ops   and   22082 exclusive pairs
time:  13,   107 facts and    1135 exclusive pairs
             291 ops   and   25012 exclusive pairs
time:  14,   125 facts and    1727 exclusive pairs
             328 ops   and   32180 exclusive pairs
time:  15,   127 facts and    1500 exclusive pairs
             351 ops   and   35956 exclusive pairs
time:  16,   147 facts and    2228 exclusive pairs
             392 ops   and   45370 exclusive pairs
time:  17,   148 facts and    1901 exclusive pairs
             415 ops   and   49548 exclusive pairs
time:  18,   169 facts and    2726 exclusive pairs

creating thin gp-based encoding...
plan graph layer 0...
plan graph layer 1...
plan graph layer 2...
plan graph layer 3...
plan graph layer 4...
plan graph layer 5...
plan graph layer 6...
plan graph layer 7...
plan graph layer 8...
plan graph layer 9...
plan graph layer 10...
plan graph layer 11...
plan graph layer 12...
plan graph layer 13...
plan graph layer 14...
plan graph layer 15...
plan graph layer 16...
plan graph layer 17...
plan graph layer 18...
goal constraints...
exclusion constraints layer 0...
exclusion constraints layer 1...
exclusion constraints layer 2...
exclusion constraints layer 3...
exclusion constraints layer 4...
exclusion constraints layer 5...
exclusion constraints layer 6...
exclusion constraints layer 7...
exclusion constraints layer 8...
exclusion constraints layer 9...
exclusion constraints layer 10...
exclusion constraints layer 11...
exclusion constraints layer 12...
exclusion constraints layer 13...
exclusion constraints layer 14...
exclusion constraints layer 15...
exclusion constraints layer 16...
exclusion constraints layer 17...
exclusion constraints layer 18...

DECISION LAYER 18, WRITING THIN GP-BASED ENCODING WITH 5075 VARS, 180538 CLAUSES.

time spent:    0.00 seconds instantiating 312 action templates
               0.00 seconds reachability analysis, yielding 181 facts and 312 actions
               0.00 seconds collecting 181 relevant facts
               0.00 seconds building connectivity graph
               0.00 seconds building (std) graph
               0.03 seconds CNF output time
               0.03 seconds total planner time (solving not included)


***Solving***


[ filemap ]
[ extract ]

variables : 5075
pure lits : 174

1-clauses : 11
2-clauses : 179234
3-clauses : 1028
n-clauses : 265
discarded : 0

[ solve ]


unsatisfiable                             

[ stats ]

decisions : 0
conflicts : 1
time : ~0.01

***UNSAT***


bb: parsing domain file
domain 'BLOCKS' defined
 ... done.
bb: parsing problem file
problem 'BLOCKS-12-0' defined
 ... done.


time:   0,    16 facts and       0 exclusive pairs
              19 ops   and      12 exclusive pairs
time:   1,    21 facts and      23 exclusive pairs
              35 ops   and     226 exclusive pairs
time:   2,    29 facts and      95 exclusive pairs
              53 ops   and     735 exclusive pairs
time:   3,    32 facts and     115 exclusive pairs
              69 ops   and    1375 exclusive pairs
time:   4,    43 facts and     299 exclusive pairs
              94 ops   and    2836 exclusive pairs
time:   5,    47 facts and     320 exclusive pairs
             111 ops   and    3908 exclusive pairs
time:   6,    57 facts and     509 exclusive pairs
             132 ops   and    5552 exclusive pairs
time:   7,    59 facts and     422 exclusive pairs
             147 ops   and    6595 exclusive pairs
time:   8,    71 facts and     687 exclusive pairs
             172 ops   and    9175 exclusive pairs
time:   9,    73 facts and     591 exclusive pairs
             189 ops   and   10756 exclusive pairs
time:  10,    87 facts and     953 exclusive pairs
             218 ops   and   14554 exclusive pairs
time:  11,    89 facts and     834 exclusive pairs
             237 ops   and   16774 exclusive pairs
time:  12,   105 facts and    1304 exclusive pairs
             270 ops   and   22082 exclusive pairs
time:  13,   107 facts and    1135 exclusive pairs
             291 ops   and   25012 exclusive pairs
time:  14,   125 facts and    1727 exclusive pairs
             328 ops   and   32180 exclusive pairs
time:  15,   127 facts and    1500 exclusive pairs
             351 ops   and   35956 exclusive pairs
time:  16,   147 facts and    2228 exclusive pairs
             392 ops   and   45370 exclusive pairs
time:  17,   148 facts and    1901 exclusive pairs
             415 ops   and   49548 exclusive pairs
time:  18,   169 facts and    2726 exclusive pairs
             457 ops   and   60785 exclusive pairs
time:  19,   169 facts and    2326 exclusive pairs

creating thin gp-based encoding...
plan graph layer 0...
plan graph layer 1...
plan graph layer 2...
plan graph layer 3...
plan graph layer 4...
plan graph layer 5...
plan graph layer 6...
plan graph layer 7...
plan graph layer 8...
plan graph layer 9...
plan graph layer 10...
plan graph layer 11...
plan graph layer 12...
plan graph layer 13...
plan graph layer 14...
plan graph layer 15...
plan graph layer 16...
plan graph layer 17...
plan graph layer 18...
plan graph layer 19...
goal constraints...
exclusion constraints layer 0...
exclusion constraints layer 1...
exclusion constraints layer 2...
exclusion constraints layer 3...
exclusion constraints layer 4...
exclusion constraints layer 5...
exclusion constraints layer 6...
exclusion constraints layer 7...
exclusion constraints layer 8...
exclusion constraints layer 9...
exclusion constraints layer 10...
exclusion constraints layer 11...
exclusion constraints layer 12...
exclusion constraints layer 13...
exclusion constraints layer 14...
exclusion constraints layer 15...
exclusion constraints layer 16...
exclusion constraints layer 17...
exclusion constraints layer 18...
exclusion constraints layer 19...

DECISION LAYER 19, WRITING THIN GP-BASED ENCODING WITH 5701 VARS, 218620 CLAUSES.

time spent:    0.00 seconds instantiating 312 action templates
               0.00 seconds reachability analysis, yielding 181 facts and 312 actions
               0.00 seconds collecting 181 relevant facts
               0.00 seconds building connectivity graph
               0.00 seconds building (std) graph
               0.03 seconds CNF output time
               0.03 seconds total planner time (solving not included)


***Solving***


[ filemap ]
[ extract ]

variables : 5701
pure lits : 174

1-clauses : 11
2-clauses : 217147
3-clauses : 1172
n-clauses : 290
discarded : 0

[ solve ]


unsatisfiable                             

[ stats ]

decisions : 0
conflicts : 1
time : ~0.01

***UNSAT***


bb: parsing domain file
domain 'BLOCKS' defined
 ... done.
bb: parsing problem file
problem 'BLOCKS-12-0' defined
 ... done.


time:   0,    16 facts and       0 exclusive pairs
              19 ops   and      12 exclusive pairs
time:   1,    21 facts and      23 exclusive pairs
              35 ops   and     226 exclusive pairs
time:   2,    29 facts and      95 exclusive pairs
              53 ops   and     735 exclusive pairs
time:   3,    32 facts and     115 exclusive pairs
              69 ops   and    1375 exclusive pairs
time:   4,    43 facts and     299 exclusive pairs
              94 ops   and    2836 exclusive pairs
time:   5,    47 facts and     320 exclusive pairs
             111 ops   and    3908 exclusive pairs
time:   6,    57 facts and     509 exclusive pairs
             132 ops   and    5552 exclusive pairs
time:   7,    59 facts and     422 exclusive pairs
             147 ops   and    6595 exclusive pairs
time:   8,    71 facts and     687 exclusive pairs
             172 ops   and    9175 exclusive pairs
time:   9,    73 facts and     591 exclusive pairs
             189 ops   and   10756 exclusive pairs
time:  10,    87 facts and     953 exclusive pairs
             218 ops   and   14554 exclusive pairs
time:  11,    89 facts and     834 exclusive pairs
             237 ops   and   16774 exclusive pairs
time:  12,   105 facts and    1304 exclusive pairs
             270 ops   and   22082 exclusive pairs
time:  13,   107 facts and    1135 exclusive pairs
             291 ops   and   25012 exclusive pairs
time:  14,   125 facts and    1727 exclusive pairs
             328 ops   and   32180 exclusive pairs
time:  15,   127 facts and    1500 exclusive pairs
             351 ops   and   35956 exclusive pairs
time:  16,   147 facts and    2228 exclusive pairs
             392 ops   and   45370 exclusive pairs
time:  17,   148 facts and    1901 exclusive pairs
             415 ops   and   49548 exclusive pairs
time:  18,   169 facts and    2726 exclusive pairs
             457 ops   and   60785 exclusive pairs
time:  19,   169 facts and    2326 exclusive pairs
             457 ops   and   57614 exclusive pairs
time:  20,   169 facts and    2016 exclusive pairs

creating thin gp-based encoding...
plan graph layer 0...
plan graph layer 1...
plan graph layer 2...
plan graph layer 3...
plan graph layer 4...
plan graph layer 5...
plan graph layer 6...
plan graph layer 7...
plan graph layer 8...
plan graph layer 9...
plan graph layer 10...
plan graph layer 11...
plan graph layer 12...
plan graph layer 13...
plan graph layer 14...
plan graph layer 15...
plan graph layer 16...
plan graph layer 17...
plan graph layer 18...
plan graph layer 19...
plan graph layer 20...
goal constraints...
exclusion constraints layer 0...
exclusion constraints layer 1...
exclusion constraints layer 2...
exclusion constraints layer 3...
exclusion constraints layer 4...
exclusion constraints layer 5...
exclusion constraints layer 6...
exclusion constraints layer 7...
exclusion constraints layer 8...
exclusion constraints layer 9...
exclusion constraints layer 10...
exclusion constraints layer 11...
exclusion constraints layer 12...
exclusion constraints layer 13...
exclusion constraints layer 14...
exclusion constraints layer 15...
exclusion constraints layer 16...
exclusion constraints layer 17...
exclusion constraints layer 18...
exclusion constraints layer 19...
exclusion constraints layer 20...

DECISION LAYER 20, WRITING THIN GP-BASED ENCODING WITH 6327 VARS, 256392 CLAUSES.

time spent:    0.00 seconds instantiating 312 action templates
               0.00 seconds reachability analysis, yielding 181 facts and 312 actions
               0.00 seconds collecting 181 relevant facts
               0.00 seconds building connectivity graph
               0.00 seconds building (std) graph
               0.05 seconds CNF output time
               0.05 seconds total planner time (solving not included)


***Solving***


[ filemap ]
[ extract ]

variables : 6327
pure lits : 174

1-clauses : 11
2-clauses : 254750
3-clauses : 1316
n-clauses : 315
discarded : 0

[ solve ]


unsatisfiable                             

[ stats ]

decisions : 623
conflicts : 34
time : ~0.01

***UNSAT***


bb: parsing domain file
domain 'BLOCKS' defined
 ... done.
bb: parsing problem file
problem 'BLOCKS-12-0' defined
 ... done.


time:   0,    16 facts and       0 exclusive pairs
              19 ops   and      12 exclusive pairs
time:   1,    21 facts and      23 exclusive pairs
              35 ops   and     226 exclusive pairs
time:   2,    29 facts and      95 exclusive pairs
              53 ops   and     735 exclusive pairs
time:   3,    32 facts and     115 exclusive pairs
              69 ops   and    1375 exclusive pairs
time:   4,    43 facts and     299 exclusive pairs
              94 ops   and    2836 exclusive pairs
time:   5,    47 facts and     320 exclusive pairs
             111 ops   and    3908 exclusive pairs
time:   6,    57 facts and     509 exclusive pairs
             132 ops   and    5552 exclusive pairs
time:   7,    59 facts and     422 exclusive pairs
             147 ops   and    6595 exclusive pairs
time:   8,    71 facts and     687 exclusive pairs
             172 ops   and    9175 exclusive pairs
time:   9,    73 facts and     591 exclusive pairs
             189 ops   and   10756 exclusive pairs
time:  10,    87 facts and     953 exclusive pairs
             218 ops   and   14554 exclusive pairs
time:  11,    89 facts and     834 exclusive pairs
             237 ops   and   16774 exclusive pairs
time:  12,   105 facts and    1304 exclusive pairs
             270 ops   and   22082 exclusive pairs
time:  13,   107 facts and    1135 exclusive pairs
             291 ops   and   25012 exclusive pairs
time:  14,   125 facts and    1727 exclusive pairs
             328 ops   and   32180 exclusive pairs
time:  15,   127 facts and    1500 exclusive pairs
             351 ops   and   35956 exclusive pairs
time:  16,   147 facts and    2228 exclusive pairs
             392 ops   and   45370 exclusive pairs
time:  17,   148 facts and    1901 exclusive pairs
             415 ops   and   49548 exclusive pairs
time:  18,   169 facts and    2726 exclusive pairs
             457 ops   and   60785 exclusive pairs
time:  19,   169 facts and    2326 exclusive pairs
             457 ops   and   57614 exclusive pairs
time:  20,   169 facts and    2016 exclusive pairs
graph has leveled off at time step 21


             457 ops   and   56904 exclusive pairs
time:  21,   169 facts and    2016 exclusive pairs

creating thin gp-based encoding...
plan graph layer 0...
plan graph layer 1...
plan graph layer 2...
plan graph layer 3...
plan graph layer 4...
plan graph layer 5...
plan graph layer 6...
plan graph layer 7...
plan graph layer 8...
plan graph layer 9...
plan graph layer 10...
plan graph layer 11...
plan graph layer 12...
plan graph layer 13...
plan graph layer 14...
plan graph layer 15...
plan graph layer 16...
plan graph layer 17...
plan graph layer 18...
plan graph layer 19...
plan graph layer 20...
plan graph layer 21...
goal constraints...
exclusion constraints layer 0...
exclusion constraints layer 1...
exclusion constraints layer 2...
exclusion constraints layer 3...
exclusion constraints layer 4...
exclusion constraints layer 5...
exclusion constraints layer 6...
exclusion constraints layer 7...
exclusion constraints layer 8...
exclusion constraints layer 9...
exclusion constraints layer 10...
exclusion constraints layer 11...
exclusion constraints layer 12...
exclusion constraints layer 13...
exclusion constraints layer 14...
exclusion constraints layer 15...
exclusion constraints layer 16...
exclusion constraints layer 17...
exclusion constraints layer 18...
exclusion constraints layer 19...
exclusion constraints layer 20...
exclusion constraints layer 21...

DECISION LAYER 21, WRITING THIN GP-BASED ENCODING WITH 6953 VARS, 294164 CLAUSES.

time spent:    0.00 seconds instantiating 312 action templates
               0.00 seconds reachability analysis, yielding 181 facts and 312 actions
               0.00 seconds collecting 181 relevant facts
               0.00 seconds building connectivity graph
               0.00 seconds building (std) graph
               0.05 seconds CNF output time
               0.05 seconds total planner time (solving not included)


***Solving***


[ filemap ]
[ extract ]

variables : 6953
pure lits : 174

1-clauses : 11
2-clauses : 292353
3-clauses : 1460
n-clauses : 340
discarded : 0

[ solve ]


unsatisfiable                             

[ stats ]

decisions : 2464
conflicts : 55
time : ~0.01

***UNSAT***


bb: parsing domain file
domain 'BLOCKS' defined
 ... done.
bb: parsing problem file
problem 'BLOCKS-12-0' defined
 ... done.


time:   0,    16 facts and       0 exclusive pairs
              19 ops   and      12 exclusive pairs
time:   1,    21 facts and      23 exclusive pairs
              35 ops   and     226 exclusive pairs
time:   2,    29 facts and      95 exclusive pairs
              53 ops   and     735 exclusive pairs
time:   3,    32 facts and     115 exclusive pairs
              69 ops   and    1375 exclusive pairs
time:   4,    43 facts and     299 exclusive pairs
              94 ops   and    2836 exclusive pairs
time:   5,    47 facts and     320 exclusive pairs
             111 ops   and    3908 exclusive pairs
time:   6,    57 facts and     509 exclusive pairs
             132 ops   and    5552 exclusive pairs
time:   7,    59 facts and     422 exclusive pairs
             147 ops   and    6595 exclusive pairs
time:   8,    71 facts and     687 exclusive pairs
             172 ops   and    9175 exclusive pairs
time:   9,    73 facts and     591 exclusive pairs
             189 ops   and   10756 exclusive pairs
time:  10,    87 facts and     953 exclusive pairs
             218 ops   and   14554 exclusive pairs
time:  11,    89 facts and     834 exclusive pairs
             237 ops   and   16774 exclusive pairs
time:  12,   105 facts and    1304 exclusive pairs
             270 ops   and   22082 exclusive pairs
time:  13,   107 facts and    1135 exclusive pairs
             291 ops   and   25012 exclusive pairs
time:  14,   125 facts and    1727 exclusive pairs
             328 ops   and   32180 exclusive pairs
time:  15,   127 facts and    1500 exclusive pairs
             351 ops   and   35956 exclusive pairs
time:  16,   147 facts and    2228 exclusive pairs
             392 ops   and   45370 exclusive pairs
time:  17,   148 facts and    1901 exclusive pairs
             415 ops   and   49548 exclusive pairs
time:  18,   169 facts and    2726 exclusive pairs
             457 ops   and   60785 exclusive pairs
time:  19,   169 facts and    2326 exclusive pairs
             457 ops   and   57614 exclusive pairs
time:  20,   169 facts and    2016 exclusive pairs
graph has leveled off at time step 21


             457 ops   and   56904 exclusive pairs
time:  21,   169 facts and    2016 exclusive pairs
             457 ops   and   56904 exclusive pairs
time:  22,   169 facts and    2016 exclusive pairs

creating thin gp-based encoding...
plan graph layer 0...
plan graph layer 1...
plan graph layer 2...
plan graph layer 3...
plan graph layer 4...
plan graph layer 5...
plan graph layer 6...
plan graph layer 7...
plan graph layer 8...
plan graph layer 9...
plan graph layer 10...
plan graph layer 11...
plan graph layer 12...
plan graph layer 13...
plan graph layer 14...
plan graph layer 15...
plan graph layer 16...
plan graph layer 17...
plan graph layer 18...
plan graph layer 19...
plan graph layer 20...
plan graph layer 21...
plan graph layer 22...
goal constraints...
exclusion constraints layer 0...
exclusion constraints layer 1...
exclusion constraints layer 2...
exclusion constraints layer 3...
exclusion constraints layer 4...
exclusion constraints layer 5...
exclusion constraints layer 6...
exclusion constraints layer 7...
exclusion constraints layer 8...
exclusion constraints layer 9...
exclusion constraints layer 10...
exclusion constraints layer 11...
exclusion constraints layer 12...
exclusion constraints layer 13...
exclusion constraints layer 14...
exclusion constraints layer 15...
exclusion constraints layer 16...
exclusion constraints layer 17...
exclusion constraints layer 18...
exclusion constraints layer 19...
exclusion constraints layer 20...
exclusion constraints layer 21...
exclusion constraints layer 22...

DECISION LAYER 22, WRITING THIN GP-BASED ENCODING WITH 7579 VARS, 331936 CLAUSES.

time spent:    0.00 seconds instantiating 312 action templates
               0.00 seconds reachability analysis, yielding 181 facts and 312 actions
               0.00 seconds collecting 181 relevant facts
               0.00 seconds building connectivity graph
               0.00 seconds building (std) graph
               0.06 seconds CNF output time
               0.06 seconds total planner time (solving not included)


***Solving***


[ filemap ]
[ extract ]

variables : 7579
pure lits : 174

1-clauses : 11
2-clauses : 329956
3-clauses : 1604
n-clauses : 365
discarded : 0

[ solve ]


unsatisfiable                             

[ stats ]

decisions : 1074
conflicts : 70
time : ~0.01

***UNSAT***


bb: parsing domain file
domain 'BLOCKS' defined
 ... done.
bb: parsing problem file
problem 'BLOCKS-12-0' defined
 ... done.


time:   0,    16 facts and       0 exclusive pairs
              19 ops   and      12 exclusive pairs
time:   1,    21 facts and      23 exclusive pairs
              35 ops   and     226 exclusive pairs
time:   2,    29 facts and      95 exclusive pairs
              53 ops   and     735 exclusive pairs
time:   3,    32 facts and     115 exclusive pairs
              69 ops   and    1375 exclusive pairs
time:   4,    43 facts and     299 exclusive pairs
              94 ops   and    2836 exclusive pairs
time:   5,    47 facts and     320 exclusive pairs
             111 ops   and    3908 exclusive pairs
time:   6,    57 facts and     509 exclusive pairs
             132 ops   and    5552 exclusive pairs
time:   7,    59 facts and     422 exclusive pairs
             147 ops   and    6595 exclusive pairs
time:   8,    71 facts and     687 exclusive pairs
             172 ops   and    9175 exclusive pairs
time:   9,    73 facts and     591 exclusive pairs
             189 ops   and   10756 exclusive pairs
time:  10,    87 facts and     953 exclusive pairs
             218 ops   and   14554 exclusive pairs
time:  11,    89 facts and     834 exclusive pairs
             237 ops   and   16774 exclusive pairs
time:  12,   105 facts and    1304 exclusive pairs
             270 ops   and   22082 exclusive pairs
time:  13,   107 facts and    1135 exclusive pairs
             291 ops   and   25012 exclusive pairs
time:  14,   125 facts and    1727 exclusive pairs
             328 ops   and   32180 exclusive pairs
time:  15,   127 facts and    1500 exclusive pairs
             351 ops   and   35956 exclusive pairs
time:  16,   147 facts and    2228 exclusive pairs
             392 ops   and   45370 exclusive pairs
time:  17,   148 facts and    1901 exclusive pairs
             415 ops   and   49548 exclusive pairs
time:  18,   169 facts and    2726 exclusive pairs
             457 ops   and   60785 exclusive pairs
time:  19,   169 facts and    2326 exclusive pairs
             457 ops   and   57614 exclusive pairs
time:  20,   169 facts and    2016 exclusive pairs
graph has leveled off at time step 21


             457 ops   and   56904 exclusive pairs
time:  21,   169 facts and    2016 exclusive pairs
             457 ops   and   56904 exclusive pairs
time:  22,   169 facts and    2016 exclusive pairs
             457 ops   and   56904 exclusive pairs
time:  23,   169 facts and    2016 exclusive pairs

creating thin gp-based encoding...
plan graph layer 0...
plan graph layer 1...
plan graph layer 2...
plan graph layer 3...
plan graph layer 4...
plan graph layer 5...
plan graph layer 6...
plan graph layer 7...
plan graph layer 8...
plan graph layer 9...
plan graph layer 10...
plan graph layer 11...
plan graph layer 12...
plan graph layer 13...
plan graph layer 14...
plan graph layer 15...
plan graph layer 16...
plan graph layer 17...
plan graph layer 18...
plan graph layer 19...
plan graph layer 20...
plan graph layer 21...
plan graph layer 22...
plan graph layer 23...
goal constraints...
exclusion constraints layer 0...
exclusion constraints layer 1...
exclusion constraints layer 2...
exclusion constraints layer 3...
exclusion constraints layer 4...
exclusion constraints layer 5...
exclusion constraints layer 6...
exclusion constraints layer 7...
exclusion constraints layer 8...
exclusion constraints layer 9...
exclusion constraints layer 10...
exclusion constraints layer 11...
exclusion constraints layer 12...
exclusion constraints layer 13...
exclusion constraints layer 14...
exclusion constraints layer 15...
exclusion constraints layer 16...
exclusion constraints layer 17...
exclusion constraints layer 18...
exclusion constraints layer 19...
exclusion constraints layer 20...
exclusion constraints layer 21...
exclusion constraints layer 22...
exclusion constraints layer 23...

DECISION LAYER 23, WRITING THIN GP-BASED ENCODING WITH 8205 VARS, 369708 CLAUSES.

time spent:    0.00 seconds instantiating 312 action templates
               0.00 seconds reachability analysis, yielding 181 facts and 312 actions
               0.00 seconds collecting 181 relevant facts
               0.00 seconds building connectivity graph
               0.00 seconds building (std) graph
               0.07 seconds CNF output time
               0.07 seconds total planner time (solving not included)


***Solving***


[ filemap ]
[ extract ]

variables : 8205
pure lits : 174

1-clauses : 11
2-clauses : 367559
3-clauses : 1748
n-clauses : 390
discarded : 0

[ solve ]


unsatisfiable                             

[ stats ]

decisions : 2030
conflicts : 153
time : ~0.01

***UNSAT***


bb: parsing domain file
domain 'BLOCKS' defined
 ... done.
bb: parsing problem file
problem 'BLOCKS-12-0' defined
 ... done.


time:   0,    16 facts and       0 exclusive pairs
              19 ops   and      12 exclusive pairs
time:   1,    21 facts and      23 exclusive pairs
              35 ops   and     226 exclusive pairs
time:   2,    29 facts and      95 exclusive pairs
              53 ops   and     735 exclusive pairs
time:   3,    32 facts and     115 exclusive pairs
              69 ops   and    1375 exclusive pairs
time:   4,    43 facts and     299 exclusive pairs
              94 ops   and    2836 exclusive pairs
time:   5,    47 facts and     320 exclusive pairs
             111 ops   and    3908 exclusive pairs
time:   6,    57 facts and     509 exclusive pairs
             132 ops   and    5552 exclusive pairs
time:   7,    59 facts and     422 exclusive pairs
             147 ops   and    6595 exclusive pairs
time:   8,    71 facts and     687 exclusive pairs
             172 ops   and    9175 exclusive pairs
time:   9,    73 facts and     591 exclusive pairs
             189 ops   and   10756 exclusive pairs
time:  10,    87 facts and     953 exclusive pairs
             218 ops   and   14554 exclusive pairs
time:  11,    89 facts and     834 exclusive pairs
             237 ops   and   16774 exclusive pairs
time:  12,   105 facts and    1304 exclusive pairs
             270 ops   and   22082 exclusive pairs
time:  13,   107 facts and    1135 exclusive pairs
             291 ops   and   25012 exclusive pairs
time:  14,   125 facts and    1727 exclusive pairs
             328 ops   and   32180 exclusive pairs
time:  15,   127 facts and    1500 exclusive pairs
             351 ops   and   35956 exclusive pairs
time:  16,   147 facts and    2228 exclusive pairs
             392 ops   and   45370 exclusive pairs
time:  17,   148 facts and    1901 exclusive pairs
             415 ops   and   49548 exclusive pairs
time:  18,   169 facts and    2726 exclusive pairs
             457 ops   and   60785 exclusive pairs
time:  19,   169 facts and    2326 exclusive pairs
             457 ops   and   57614 exclusive pairs
time:  20,   169 facts and    2016 exclusive pairs
graph has leveled off at time step 21


             457 ops   and   56904 exclusive pairs
time:  21,   169 facts and    2016 exclusive pairs
             457 ops   and   56904 exclusive pairs
time:  22,   169 facts and    2016 exclusive pairs
             457 ops   and   56904 exclusive pairs
time:  23,   169 facts and    2016 exclusive pairs
             457 ops   and   56904 exclusive pairs
time:  24,   169 facts and    2016 exclusive pairs

creating thin gp-based encoding...
plan graph layer 0...
plan graph layer 1...
plan graph layer 2...
plan graph layer 3...
plan graph layer 4...
plan graph layer 5...
plan graph layer 6...
plan graph layer 7...
plan graph layer 8...
plan graph layer 9...
plan graph layer 10...
plan graph layer 11...
plan graph layer 12...
plan graph layer 13...
plan graph layer 14...
plan graph layer 15...
plan graph layer 16...
plan graph layer 17...
plan graph layer 18...
plan graph layer 19...
plan graph layer 20...
plan graph layer 21...
plan graph layer 22...
plan graph layer 23...
plan graph layer 24...
goal constraints...
exclusion constraints layer 0...
exclusion constraints layer 1...
exclusion constraints layer 2...
exclusion constraints layer 3...
exclusion constraints layer 4...
exclusion constraints layer 5...
exclusion constraints layer 6...
exclusion constraints layer 7...
exclusion constraints layer 8...
exclusion constraints layer 9...
exclusion constraints layer 10...
exclusion constraints layer 11...
exclusion constraints layer 12...
exclusion constraints layer 13...
exclusion constraints layer 14...
exclusion constraints layer 15...
exclusion constraints layer 16...
exclusion constraints layer 17...
exclusion constraints layer 18...
exclusion constraints layer 19...
exclusion constraints layer 20...
exclusion constraints layer 21...
exclusion constraints layer 22...
exclusion constraints layer 23...
exclusion constraints layer 24...

DECISION LAYER 24, WRITING THIN GP-BASED ENCODING WITH 8831 VARS, 407480 CLAUSES.

time spent:    0.00 seconds instantiating 312 action templates
               0.00 seconds reachability analysis, yielding 181 facts and 312 actions
               0.00 seconds collecting 181 relevant facts
               0.00 seconds building connectivity graph
               0.00 seconds building (std) graph
               0.07 seconds CNF output time
               0.07 seconds total planner time (solving not included)


***Solving***


[ filemap ]
[ extract ]

variables : 8831
pure lits : 174

1-clauses : 11
2-clauses : 405162
3-clauses : 1892
n-clauses : 415
discarded : 0

[ solve ]


unsatisfiable                             

[ stats ]

decisions : 4711
conflicts : 164
time : ~0.01

***UNSAT***


bb: parsing domain file
domain 'BLOCKS' defined
 ... done.
bb: parsing problem file
problem 'BLOCKS-12-0' defined
 ... done.


time:   0,    16 facts and       0 exclusive pairs
              19 ops   and      12 exclusive pairs
time:   1,    21 facts and      23 exclusive pairs
              35 ops   and     226 exclusive pairs
time:   2,    29 facts and      95 exclusive pairs
              53 ops   and     735 exclusive pairs
time:   3,    32 facts and     115 exclusive pairs
              69 ops   and    1375 exclusive pairs
time:   4,    43 facts and     299 exclusive pairs
              94 ops   and    2836 exclusive pairs
time:   5,    47 facts and     320 exclusive pairs
             111 ops   and    3908 exclusive pairs
time:   6,    57 facts and     509 exclusive pairs
             132 ops   and    5552 exclusive pairs
time:   7,    59 facts and     422 exclusive pairs
             147 ops   and    6595 exclusive pairs
time:   8,    71 facts and     687 exclusive pairs
             172 ops   and    9175 exclusive pairs
time:   9,    73 facts and     591 exclusive pairs
             189 ops   and   10756 exclusive pairs
time:  10,    87 facts and     953 exclusive pairs
             218 ops   and   14554 exclusive pairs
time:  11,    89 facts and     834 exclusive pairs
             237 ops   and   16774 exclusive pairs
time:  12,   105 facts and    1304 exclusive pairs
             270 ops   and   22082 exclusive pairs
time:  13,   107 facts and    1135 exclusive pairs
             291 ops   and   25012 exclusive pairs
time:  14,   125 facts and    1727 exclusive pairs
             328 ops   and   32180 exclusive pairs
time:  15,   127 facts and    1500 exclusive pairs
             351 ops   and   35956 exclusive pairs
time:  16,   147 facts and    2228 exclusive pairs
             392 ops   and   45370 exclusive pairs
time:  17,   148 facts and    1901 exclusive pairs
             415 ops   and   49548 exclusive pairs
time:  18,   169 facts and    2726 exclusive pairs
             457 ops   and   60785 exclusive pairs
time:  19,   169 facts and    2326 exclusive pairs
             457 ops   and   57614 exclusive pairs
time:  20,   169 facts and    2016 exclusive pairs
graph has leveled off at time step 21


             457 ops   and   56904 exclusive pairs
time:  21,   169 facts and    2016 exclusive pairs
             457 ops   and   56904 exclusive pairs
time:  22,   169 facts and    2016 exclusive pairs
             457 ops   and   56904 exclusive pairs
time:  23,   169 facts and    2016 exclusive pairs
             457 ops   and   56904 exclusive pairs
time:  24,   169 facts and    2016 exclusive pairs
             457 ops   and   56904 exclusive pairs
time:  25,   169 facts and    2016 exclusive pairs

creating thin gp-based encoding...
plan graph layer 0...
plan graph layer 1...
plan graph layer 2...
plan graph layer 3...
plan graph layer 4...
plan graph layer 5...
plan graph layer 6...
plan graph layer 7...
plan graph layer 8...
plan graph layer 9...
plan graph layer 10...
plan graph layer 11...
plan graph layer 12...
plan graph layer 13...
plan graph layer 14...
plan graph layer 15...
plan graph layer 16...
plan graph layer 17...
plan graph layer 18...
plan graph layer 19...
plan graph layer 20...
plan graph layer 21...
plan graph layer 22...
plan graph layer 23...
plan graph layer 24...
plan graph layer 25...
goal constraints...
exclusion constraints layer 0...
exclusion constraints layer 1...
exclusion constraints layer 2...
exclusion constraints layer 3...
exclusion constraints layer 4...
exclusion constraints layer 5...
exclusion constraints layer 6...
exclusion constraints layer 7...
exclusion constraints layer 8...
exclusion constraints layer 9...
exclusion constraints layer 10...
exclusion constraints layer 11...
exclusion constraints layer 12...
exclusion constraints layer 13...
exclusion constraints layer 14...
exclusion constraints layer 15...
exclusion constraints layer 16...
exclusion constraints layer 17...
exclusion constraints layer 18...
exclusion constraints layer 19...
exclusion constraints layer 20...
exclusion constraints layer 21...
exclusion constraints layer 22...
exclusion constraints layer 23...
exclusion constraints layer 24...
exclusion constraints layer 25...

DECISION LAYER 25, WRITING THIN GP-BASED ENCODING WITH 9457 VARS, 445252 CLAUSES.

time spent:    0.00 seconds instantiating 312 action templates
               0.00 seconds reachability analysis, yielding 181 facts and 312 actions
               0.00 seconds collecting 181 relevant facts
               0.00 seconds building connectivity graph
               0.00 seconds building (std) graph
               0.09 seconds CNF output time
               0.09 seconds total planner time (solving not included)


***Solving***


[ filemap ]
[ extract ]

variables : 9457
pure lits : 174

1-clauses : 11
2-clauses : 442765
3-clauses : 2036
n-clauses : 440
discarded : 0

[ solve ]


unsatisfiable                             

[ stats ]

decisions : 11747
conflicts : 445
time : ~0.01

***UNSAT***


bb: parsing domain file
domain 'BLOCKS' defined
 ... done.
bb: parsing problem file
problem 'BLOCKS-12-0' defined
 ... done.


time:   0,    16 facts and       0 exclusive pairs
              19 ops   and      12 exclusive pairs
time:   1,    21 facts and      23 exclusive pairs
              35 ops   and     226 exclusive pairs
time:   2,    29 facts and      95 exclusive pairs
              53 ops   and     735 exclusive pairs
time:   3,    32 facts and     115 exclusive pairs
              69 ops   and    1375 exclusive pairs
time:   4,    43 facts and     299 exclusive pairs
              94 ops   and    2836 exclusive pairs
time:   5,    47 facts and     320 exclusive pairs
             111 ops   and    3908 exclusive pairs
time:   6,    57 facts and     509 exclusive pairs
             132 ops   and    5552 exclusive pairs
time:   7,    59 facts and     422 exclusive pairs
             147 ops   and    6595 exclusive pairs
time:   8,    71 facts and     687 exclusive pairs
             172 ops   and    9175 exclusive pairs
time:   9,    73 facts and     591 exclusive pairs
             189 ops   and   10756 exclusive pairs
time:  10,    87 facts and     953 exclusive pairs
             218 ops   and   14554 exclusive pairs
time:  11,    89 facts and     834 exclusive pairs
             237 ops   and   16774 exclusive pairs
time:  12,   105 facts and    1304 exclusive pairs
             270 ops   and   22082 exclusive pairs
time:  13,   107 facts and    1135 exclusive pairs
             291 ops   and   25012 exclusive pairs
time:  14,   125 facts and    1727 exclusive pairs
             328 ops   and   32180 exclusive pairs
time:  15,   127 facts and    1500 exclusive pairs
             351 ops   and   35956 exclusive pairs
time:  16,   147 facts and    2228 exclusive pairs
             392 ops   and   45370 exclusive pairs
time:  17,   148 facts and    1901 exclusive pairs
             415 ops   and   49548 exclusive pairs
time:  18,   169 facts and    2726 exclusive pairs
             457 ops   and   60785 exclusive pairs
time:  19,   169 facts and    2326 exclusive pairs
             457 ops   and   57614 exclusive pairs
time:  20,   169 facts and    2016 exclusive pairs
graph has leveled off at time step 21


             457 ops   and   56904 exclusive pairs
time:  21,   169 facts and    2016 exclusive pairs
             457 ops   and   56904 exclusive pairs
time:  22,   169 facts and    2016 exclusive pairs
             457 ops   and   56904 exclusive pairs
time:  23,   169 facts and    2016 exclusive pairs
             457 ops   and   56904 exclusive pairs
time:  24,   169 facts and    2016 exclusive pairs
             457 ops   and   56904 exclusive pairs
time:  25,   169 facts and    2016 exclusive pairs
             457 ops   and   56904 exclusive pairs
time:  26,   169 facts and    2016 exclusive pairs

creating thin gp-based encoding...
plan graph layer 0...
plan graph layer 1...
plan graph layer 2...
plan graph layer 3...
plan graph layer 4...
plan graph layer 5...
plan graph layer 6...
plan graph layer 7...
plan graph layer 8...
plan graph layer 9...
plan graph layer 10...
plan graph layer 11...
plan graph layer 12...
plan graph layer 13...
plan graph layer 14...
plan graph layer 15...
plan graph layer 16...
plan graph layer 17...
plan graph layer 18...
plan graph layer 19...
plan graph layer 20...
plan graph layer 21...
plan graph layer 22...
plan graph layer 23...
plan graph layer 24...
plan graph layer 25...
plan graph layer 26...
goal constraints...
exclusion constraints layer 0...
exclusion constraints layer 1...
exclusion constraints layer 2...
exclusion constraints layer 3...
exclusion constraints layer 4...
exclusion constraints layer 5...
exclusion constraints layer 6...
exclusion constraints layer 7...
exclusion constraints layer 8...
exclusion constraints layer 9...
exclusion constraints layer 10...
exclusion constraints layer 11...
exclusion constraints layer 12...
exclusion constraints layer 13...
exclusion constraints layer 14...
exclusion constraints layer 15...
exclusion constraints layer 16...
exclusion constraints layer 17...
exclusion constraints layer 18...
exclusion constraints layer 19...
exclusion constraints layer 20...
exclusion constraints layer 21...
exclusion constraints layer 22...
exclusion constraints layer 23...
exclusion constraints layer 24...
exclusion constraints layer 25...
exclusion constraints layer 26...

DECISION LAYER 26, WRITING THIN GP-BASED ENCODING WITH 10083 VARS, 483024 CLAUSES.

time spent:    0.00 seconds instantiating 312 action templates
               0.00 seconds reachability analysis, yielding 181 facts and 312 actions
               0.00 seconds collecting 181 relevant facts
               0.00 seconds building connectivity graph
               0.00 seconds building (std) graph
               0.10 seconds CNF output time
               0.10 seconds total planner time (solving not included)


***Solving***


[ filemap ]
[ extract ]

variables : 10083
pure lits : 174

1-clauses : 11
2-clauses : 480368
3-clauses : 2180
n-clauses : 465
discarded : 0

[ solve ]


unsatisfiable                             

[ stats ]

decisions : 5316
conflicts : 312
time : ~0.01

***UNSAT***


bb: parsing domain file
domain 'BLOCKS' defined
 ... done.
bb: parsing problem file
problem 'BLOCKS-12-0' defined
 ... done.


time:   0,    16 facts and       0 exclusive pairs
              19 ops   and      12 exclusive pairs
time:   1,    21 facts and      23 exclusive pairs
              35 ops   and     226 exclusive pairs
time:   2,    29 facts and      95 exclusive pairs
              53 ops   and     735 exclusive pairs
time:   3,    32 facts and     115 exclusive pairs
              69 ops   and    1375 exclusive pairs
time:   4,    43 facts and     299 exclusive pairs
              94 ops   and    2836 exclusive pairs
time:   5,    47 facts and     320 exclusive pairs
             111 ops   and    3908 exclusive pairs
time:   6,    57 facts and     509 exclusive pairs
             132 ops   and    5552 exclusive pairs
time:   7,    59 facts and     422 exclusive pairs
             147 ops   and    6595 exclusive pairs
time:   8,    71 facts and     687 exclusive pairs
             172 ops   and    9175 exclusive pairs
time:   9,    73 facts and     591 exclusive pairs
             189 ops   and   10756 exclusive pairs
time:  10,    87 facts and     953 exclusive pairs
             218 ops   and   14554 exclusive pairs
time:  11,    89 facts and     834 exclusive pairs
             237 ops   and   16774 exclusive pairs
time:  12,   105 facts and    1304 exclusive pairs
             270 ops   and   22082 exclusive pairs
time:  13,   107 facts and    1135 exclusive pairs
             291 ops   and   25012 exclusive pairs
time:  14,   125 facts and    1727 exclusive pairs
             328 ops   and   32180 exclusive pairs
time:  15,   127 facts and    1500 exclusive pairs
             351 ops   and   35956 exclusive pairs
time:  16,   147 facts and    2228 exclusive pairs
             392 ops   and   45370 exclusive pairs
time:  17,   148 facts and    1901 exclusive pairs
             415 ops   and   49548 exclusive pairs
time:  18,   169 facts and    2726 exclusive pairs
             457 ops   and   60785 exclusive pairs
time:  19,   169 facts and    2326 exclusive pairs
             457 ops   and   57614 exclusive pairs
time:  20,   169 facts and    2016 exclusive pairs
graph has leveled off at time step 21


             457 ops   and   56904 exclusive pairs
time:  21,   169 facts and    2016 exclusive pairs
             457 ops   and   56904 exclusive pairs
time:  22,   169 facts and    2016 exclusive pairs
             457 ops   and   56904 exclusive pairs
time:  23,   169 facts and    2016 exclusive pairs
             457 ops   and   56904 exclusive pairs
time:  24,   169 facts and    2016 exclusive pairs
             457 ops   and   56904 exclusive pairs
time:  25,   169 facts and    2016 exclusive pairs
             457 ops   and   56904 exclusive pairs
time:  26,   169 facts and    2016 exclusive pairs
             457 ops   and   56904 exclusive pairs
time:  27,   169 facts and    2016 exclusive pairs

creating thin gp-based encoding...
plan graph layer 0...
plan graph layer 1...
plan graph layer 2...
plan graph layer 3...
plan graph layer 4...
plan graph layer 5...
plan graph layer 6...
plan graph layer 7...
plan graph layer 8...
plan graph layer 9...
plan graph layer 10...
plan graph layer 11...
plan graph layer 12...
plan graph layer 13...
plan graph layer 14...
plan graph layer 15...
plan graph layer 16...
plan graph layer 17...
plan graph layer 18...
plan graph layer 19...
plan graph layer 20...
plan graph layer 21...
plan graph layer 22...
plan graph layer 23...
plan graph layer 24...
plan graph layer 25...
plan graph layer 26...
plan graph layer 27...
goal constraints...
exclusion constraints layer 0...
exclusion constraints layer 1...
exclusion constraints layer 2...
exclusion constraints layer 3...
exclusion constraints layer 4...
exclusion constraints layer 5...
exclusion constraints layer 6...
exclusion constraints layer 7...
exclusion constraints layer 8...
exclusion constraints layer 9...
exclusion constraints layer 10...
exclusion constraints layer 11...
exclusion constraints layer 12...
exclusion constraints layer 13...
exclusion constraints layer 14...
exclusion constraints layer 15...
exclusion constraints layer 16...
exclusion constraints layer 17...
exclusion constraints layer 18...
exclusion constraints layer 19...
exclusion constraints layer 20...
exclusion constraints layer 21...
exclusion constraints layer 22...
exclusion constraints layer 23...
exclusion constraints layer 24...
exclusion constraints layer 25...
exclusion constraints layer 26...
exclusion constraints layer 27...

DECISION LAYER 27, WRITING THIN GP-BASED ENCODING WITH 10709 VARS, 520796 CLAUSES.

time spent:    0.00 seconds instantiating 312 action templates
               0.00 seconds reachability analysis, yielding 181 facts and 312 actions
               0.00 seconds collecting 181 relevant facts
               0.00 seconds building connectivity graph
               0.00 seconds building (std) graph
               0.10 seconds CNF output time
               0.10 seconds total planner time (solving not included)


***Solving***


[ filemap ]
[ extract ]

variables : 10709
pure lits : 174

1-clauses : 11
2-clauses : 517971
3-clauses : 2324
n-clauses : 490
discarded : 0

[ solve ]


unsatisfiable                             

[ stats ]

decisions : 6192
conflicts : 423
time : ~0.011

***UNSAT***


bb: parsing domain file
domain 'BLOCKS' defined
 ... done.
bb: parsing problem file
problem 'BLOCKS-12-0' defined
 ... done.


time:   0,    16 facts and       0 exclusive pairs
              19 ops   and      12 exclusive pairs
time:   1,    21 facts and      23 exclusive pairs
              35 ops   and     226 exclusive pairs
time:   2,    29 facts and      95 exclusive pairs
              53 ops   and     735 exclusive pairs
time:   3,    32 facts and     115 exclusive pairs
              69 ops   and    1375 exclusive pairs
time:   4,    43 facts and     299 exclusive pairs
              94 ops   and    2836 exclusive pairs
time:   5,    47 facts and     320 exclusive pairs
             111 ops   and    3908 exclusive pairs
time:   6,    57 facts and     509 exclusive pairs
             132 ops   and    5552 exclusive pairs
time:   7,    59 facts and     422 exclusive pairs
             147 ops   and    6595 exclusive pairs
time:   8,    71 facts and     687 exclusive pairs
             172 ops   and    9175 exclusive pairs
time:   9,    73 facts and     591 exclusive pairs
             189 ops   and   10756 exclusive pairs
time:  10,    87 facts and     953 exclusive pairs
             218 ops   and   14554 exclusive pairs
time:  11,    89 facts and     834 exclusive pairs
             237 ops   and   16774 exclusive pairs
time:  12,   105 facts and    1304 exclusive pairs
             270 ops   and   22082 exclusive pairs
time:  13,   107 facts and    1135 exclusive pairs
             291 ops   and   25012 exclusive pairs
time:  14,   125 facts and    1727 exclusive pairs
             328 ops   and   32180 exclusive pairs
time:  15,   127 facts and    1500 exclusive pairs
             351 ops   and   35956 exclusive pairs
time:  16,   147 facts and    2228 exclusive pairs
             392 ops   and   45370 exclusive pairs
time:  17,   148 facts and    1901 exclusive pairs
             415 ops   and   49548 exclusive pairs
time:  18,   169 facts and    2726 exclusive pairs
             457 ops   and   60785 exclusive pairs
time:  19,   169 facts and    2326 exclusive pairs
             457 ops   and   57614 exclusive pairs
time:  20,   169 facts and    2016 exclusive pairs
graph has leveled off at time step 21


             457 ops   and   56904 exclusive pairs
time:  21,   169 facts and    2016 exclusive pairs
             457 ops   and   56904 exclusive pairs
time:  22,   169 facts and    2016 exclusive pairs
             457 ops   and   56904 exclusive pairs
time:  23,   169 facts and    2016 exclusive pairs
             457 ops   and   56904 exclusive pairs
time:  24,   169 facts and    2016 exclusive pairs
             457 ops   and   56904 exclusive pairs
time:  25,   169 facts and    2016 exclusive pairs
             457 ops   and   56904 exclusive pairs
time:  26,   169 facts and    2016 exclusive pairs
             457 ops   and   56904 exclusive pairs
time:  27,   169 facts and    2016 exclusive pairs
             457 ops   and   56904 exclusive pairs
time:  28,   169 facts and    2016 exclusive pairs

creating thin gp-based encoding...
plan graph layer 0...
plan graph layer 1...
plan graph layer 2...
plan graph layer 3...
plan graph layer 4...
plan graph layer 5...
plan graph layer 6...
plan graph layer 7...
plan graph layer 8...
plan graph layer 9...
plan graph layer 10...
plan graph layer 11...
plan graph layer 12...
plan graph layer 13...
plan graph layer 14...
plan graph layer 15...
plan graph layer 16...
plan graph layer 17...
plan graph layer 18...
plan graph layer 19...
plan graph layer 20...
plan graph layer 21...
plan graph layer 22...
plan graph layer 23...
plan graph layer 24...
plan graph layer 25...
plan graph layer 26...
plan graph layer 27...
plan graph layer 28...
goal constraints...
exclusion constraints layer 0...
exclusion constraints layer 1...
exclusion constraints layer 2...
exclusion constraints layer 3...
exclusion constraints layer 4...
exclusion constraints layer 5...
exclusion constraints layer 6...
exclusion constraints layer 7...
exclusion constraints layer 8...
exclusion constraints layer 9...
exclusion constraints layer 10...
exclusion constraints layer 11...
exclusion constraints layer 12...
exclusion constraints layer 13...
exclusion constraints layer 14...
exclusion constraints layer 15...
exclusion constraints layer 16...
exclusion constraints layer 17...
exclusion constraints layer 18...
exclusion constraints layer 19...
exclusion constraints layer 20...
exclusion constraints layer 21...
exclusion constraints layer 22...
exclusion constraints layer 23...
exclusion constraints layer 24...
exclusion constraints layer 25...
exclusion constraints layer 26...
exclusion constraints layer 27...
exclusion constraints layer 28...

DECISION LAYER 28, WRITING THIN GP-BASED ENCODING WITH 11335 VARS, 558568 CLAUSES.

time spent:    0.00 seconds instantiating 312 action templates
               0.00 seconds reachability analysis, yielding 181 facts and 312 actions
               0.00 seconds collecting 181 relevant facts
               0.00 seconds building connectivity graph
               0.00 seconds building (std) graph
               0.11 seconds CNF output time
               0.11 seconds total planner time (solving not included)


***Solving***


[ filemap ]
[ extract ]

variables : 11335
pure lits : 174

1-clauses : 11
2-clauses : 555574
3-clauses : 2468
n-clauses : 515
discarded : 0

[ solve ]


unsatisfiable                             

[ stats ]

decisions : 8736
conflicts : 859
time : ~0.028

***UNSAT***


bb: parsing domain file
domain 'BLOCKS' defined
 ... done.
bb: parsing problem file
problem 'BLOCKS-12-0' defined
 ... done.


time:   0,    16 facts and       0 exclusive pairs
              19 ops   and      12 exclusive pairs
time:   1,    21 facts and      23 exclusive pairs
              35 ops   and     226 exclusive pairs
time:   2,    29 facts and      95 exclusive pairs
              53 ops   and     735 exclusive pairs
time:   3,    32 facts and     115 exclusive pairs
              69 ops   and    1375 exclusive pairs
time:   4,    43 facts and     299 exclusive pairs
              94 ops   and    2836 exclusive pairs
time:   5,    47 facts and     320 exclusive pairs
             111 ops   and    3908 exclusive pairs
time:   6,    57 facts and     509 exclusive pairs
             132 ops   and    5552 exclusive pairs
time:   7,    59 facts and     422 exclusive pairs
             147 ops   and    6595 exclusive pairs
time:   8,    71 facts and     687 exclusive pairs
             172 ops   and    9175 exclusive pairs
time:   9,    73 facts and     591 exclusive pairs
             189 ops   and   10756 exclusive pairs
time:  10,    87 facts and     953 exclusive pairs
             218 ops   and   14554 exclusive pairs
time:  11,    89 facts and     834 exclusive pairs
             237 ops   and   16774 exclusive pairs
time:  12,   105 facts and    1304 exclusive pairs
             270 ops   and   22082 exclusive pairs
time:  13,   107 facts and    1135 exclusive pairs
             291 ops   and   25012 exclusive pairs
time:  14,   125 facts and    1727 exclusive pairs
             328 ops   and   32180 exclusive pairs
time:  15,   127 facts and    1500 exclusive pairs
             351 ops   and   35956 exclusive pairs
time:  16,   147 facts and    2228 exclusive pairs
             392 ops   and   45370 exclusive pairs
time:  17,   148 facts and    1901 exclusive pairs
             415 ops   and   49548 exclusive pairs
time:  18,   169 facts and    2726 exclusive pairs
             457 ops   and   60785 exclusive pairs
time:  19,   169 facts and    2326 exclusive pairs
             457 ops   and   57614 exclusive pairs
time:  20,   169 facts and    2016 exclusive pairs
graph has leveled off at time step 21


             457 ops   and   56904 exclusive pairs
time:  21,   169 facts and    2016 exclusive pairs
             457 ops   and   56904 exclusive pairs
time:  22,   169 facts and    2016 exclusive pairs
             457 ops   and   56904 exclusive pairs
time:  23,   169 facts and    2016 exclusive pairs
             457 ops   and   56904 exclusive pairs
time:  24,   169 facts and    2016 exclusive pairs
             457 ops   and   56904 exclusive pairs
time:  25,   169 facts and    2016 exclusive pairs
             457 ops   and   56904 exclusive pairs
time:  26,   169 facts and    2016 exclusive pairs
             457 ops   and   56904 exclusive pairs
time:  27,   169 facts and    2016 exclusive pairs
             457 ops   and   56904 exclusive pairs
time:  28,   169 facts and    2016 exclusive pairs
             457 ops   and   56904 exclusive pairs
time:  29,   169 facts and    2016 exclusive pairs

creating thin gp-based encoding...
plan graph layer 0...
plan graph layer 1...
plan graph layer 2...
plan graph layer 3...
plan graph layer 4...
plan graph layer 5...
plan graph layer 6...
plan graph layer 7...
plan graph layer 8...
plan graph layer 9...
plan graph layer 10...
plan graph layer 11...
plan graph layer 12...
plan graph layer 13...
plan graph layer 14...
plan graph layer 15...
plan graph layer 16...
plan graph layer 17...
plan graph layer 18...
plan graph layer 19...
plan graph layer 20...
plan graph layer 21...
plan graph layer 22...
plan graph layer 23...
plan graph layer 24...
plan graph layer 25...
plan graph layer 26...
plan graph layer 27...
plan graph layer 28...
plan graph layer 29...
goal constraints...
exclusion constraints layer 0...
exclusion constraints layer 1...
exclusion constraints layer 2...
exclusion constraints layer 3...
exclusion constraints layer 4...
exclusion constraints layer 5...
exclusion constraints layer 6...
exclusion constraints layer 7...
exclusion constraints layer 8...
exclusion constraints layer 9...
exclusion constraints layer 10...
exclusion constraints layer 11...
exclusion constraints layer 12...
exclusion constraints layer 13...
exclusion constraints layer 14...
exclusion constraints layer 15...
exclusion constraints layer 16...
exclusion constraints layer 17...
exclusion constraints layer 18...
exclusion constraints layer 19...
exclusion constraints layer 20...
exclusion constraints layer 21...
exclusion constraints layer 22...
exclusion constraints layer 23...
exclusion constraints layer 24...
exclusion constraints layer 25...
exclusion constraints layer 26...
exclusion constraints layer 27...
exclusion constraints layer 28...
exclusion constraints layer 29...

DECISION LAYER 29, WRITING THIN GP-BASED ENCODING WITH 11961 VARS, 596340 CLAUSES.

time spent:    0.00 seconds instantiating 312 action templates
               0.00 seconds reachability analysis, yielding 181 facts and 312 actions
               0.00 seconds collecting 181 relevant facts
               0.00 seconds building connectivity graph
               0.00 seconds building (std) graph
               0.11 seconds CNF output time
               0.11 seconds total planner time (solving not included)


***Solving***


[ filemap ]
[ extract ]

variables : 11961
pure lits : 174

1-clauses : 11
2-clauses : 593177
3-clauses : 2612
n-clauses : 540
discarded : 0

[ solve ]


unsatisfiable                             

[ stats ]

decisions : 9887
conflicts : 1134
time : ~0.035

***UNSAT***


bb: parsing domain file
domain 'BLOCKS' defined
 ... done.
bb: parsing problem file
problem 'BLOCKS-12-0' defined
 ... done.


time:   0,    16 facts and       0 exclusive pairs
              19 ops   and      12 exclusive pairs
time:   1,    21 facts and      23 exclusive pairs
              35 ops   and     226 exclusive pairs
time:   2,    29 facts and      95 exclusive pairs
              53 ops   and     735 exclusive pairs
time:   3,    32 facts and     115 exclusive pairs
              69 ops   and    1375 exclusive pairs
time:   4,    43 facts and     299 exclusive pairs
              94 ops   and    2836 exclusive pairs
time:   5,    47 facts and     320 exclusive pairs
             111 ops   and    3908 exclusive pairs
time:   6,    57 facts and     509 exclusive pairs
             132 ops   and    5552 exclusive pairs
time:   7,    59 facts and     422 exclusive pairs
             147 ops   and    6595 exclusive pairs
time:   8,    71 facts and     687 exclusive pairs
             172 ops   and    9175 exclusive pairs
time:   9,    73 facts and     591 exclusive pairs
             189 ops   and   10756 exclusive pairs
time:  10,    87 facts and     953 exclusive pairs
             218 ops   and   14554 exclusive pairs
time:  11,    89 facts and     834 exclusive pairs
             237 ops   and   16774 exclusive pairs
time:  12,   105 facts and    1304 exclusive pairs
             270 ops   and   22082 exclusive pairs
time:  13,   107 facts and    1135 exclusive pairs
             291 ops   and   25012 exclusive pairs
time:  14,   125 facts and    1727 exclusive pairs
             328 ops   and   32180 exclusive pairs
time:  15,   127 facts and    1500 exclusive pairs
             351 ops   and   35956 exclusive pairs
time:  16,   147 facts and    2228 exclusive pairs
             392 ops   and   45370 exclusive pairs
time:  17,   148 facts and    1901 exclusive pairs
             415 ops   and   49548 exclusive pairs
time:  18,   169 facts and    2726 exclusive pairs
             457 ops   and   60785 exclusive pairs
time:  19,   169 facts and    2326 exclusive pairs
             457 ops   and   57614 exclusive pairs
time:  20,   169 facts and    2016 exclusive pairs
graph has leveled off at time step 21


             457 ops   and   56904 exclusive pairs
time:  21,   169 facts and    2016 exclusive pairs
             457 ops   and   56904 exclusive pairs
time:  22,   169 facts and    2016 exclusive pairs
             457 ops   and   56904 exclusive pairs
time:  23,   169 facts and    2016 exclusive pairs
             457 ops   and   56904 exclusive pairs
time:  24,   169 facts and    2016 exclusive pairs
             457 ops   and   56904 exclusive pairs
time:  25,   169 facts and    2016 exclusive pairs
             457 ops   and   56904 exclusive pairs
time:  26,   169 facts and    2016 exclusive pairs
             457 ops   and   56904 exclusive pairs
time:  27,   169 facts and    2016 exclusive pairs
             457 ops   and   56904 exclusive pairs
time:  28,   169 facts and    2016 exclusive pairs
             457 ops   and   56904 exclusive pairs
time:  29,   169 facts and    2016 exclusive pairs
             457 ops   and   56904 exclusive pairs
time:  30,   169 facts and    2016 exclusive pairs

creating thin gp-based encoding...
plan graph layer 0...
plan graph layer 1...
plan graph layer 2...
plan graph layer 3...
plan graph layer 4...
plan graph layer 5...
plan graph layer 6...
plan graph layer 7...
plan graph layer 8...
plan graph layer 9...
plan graph layer 10...
plan graph layer 11...
plan graph layer 12...
plan graph layer 13...
plan graph layer 14...
plan graph layer 15...
plan graph layer 16...
plan graph layer 17...
plan graph layer 18...
plan graph layer 19...
plan graph layer 20...
plan graph layer 21...
plan graph layer 22...
plan graph layer 23...
plan graph layer 24...
plan graph layer 25...
plan graph layer 26...
plan graph layer 27...
plan graph layer 28...
plan graph layer 29...
plan graph layer 30...
goal constraints...
exclusion constraints layer 0...
exclusion constraints layer 1...
exclusion constraints layer 2...
exclusion constraints layer 3...
exclusion constraints layer 4...
exclusion constraints layer 5...
exclusion constraints layer 6...
exclusion constraints layer 7...
exclusion constraints layer 8...
exclusion constraints layer 9...
exclusion constraints layer 10...
exclusion constraints layer 11...
exclusion constraints layer 12...
exclusion constraints layer 13...
exclusion constraints layer 14...
exclusion constraints layer 15...
exclusion constraints layer 16...
exclusion constraints layer 17...
exclusion constraints layer 18...
exclusion constraints layer 19...
exclusion constraints layer 20...
exclusion constraints layer 21...
exclusion constraints layer 22...
exclusion constraints layer 23...
exclusion constraints layer 24...
exclusion constraints layer 25...
exclusion constraints layer 26...
exclusion constraints layer 27...
exclusion constraints layer 28...
exclusion constraints layer 29...
exclusion constraints layer 30...

DECISION LAYER 30, WRITING THIN GP-BASED ENCODING WITH 12587 VARS, 634112 CLAUSES.

time spent:    0.00 seconds instantiating 312 action templates
               0.00 seconds reachability analysis, yielding 181 facts and 312 actions
               0.00 seconds collecting 181 relevant facts
               0.00 seconds building connectivity graph
               0.00 seconds building (std) graph
               0.12 seconds CNF output time
               0.12 seconds total planner time (solving not included)


***Solving***


[ filemap ]
[ extract ]

variables : 12587
pure lits : 174

1-clauses : 11
2-clauses : 630780
3-clauses : 2756
n-clauses : 565
discarded : 0

[ solve ]


unsatisfiable                             

[ stats ]

decisions : 8510
conflicts : 979
time : ~0.033

***UNSAT***


bb: parsing domain file
domain 'BLOCKS' defined
 ... done.
bb: parsing problem file
problem 'BLOCKS-12-0' defined
 ... done.


time:   0,    16 facts and       0 exclusive pairs
              19 ops   and      12 exclusive pairs
time:   1,    21 facts and      23 exclusive pairs
              35 ops   and     226 exclusive pairs
time:   2,    29 facts and      95 exclusive pairs
              53 ops   and     735 exclusive pairs
time:   3,    32 facts and     115 exclusive pairs
              69 ops   and    1375 exclusive pairs
time:   4,    43 facts and     299 exclusive pairs
              94 ops   and    2836 exclusive pairs
time:   5,    47 facts and     320 exclusive pairs
             111 ops   and    3908 exclusive pairs
time:   6,    57 facts and     509 exclusive pairs
             132 ops   and    5552 exclusive pairs
time:   7,    59 facts and     422 exclusive pairs
             147 ops   and    6595 exclusive pairs
time:   8,    71 facts and     687 exclusive pairs
             172 ops   and    9175 exclusive pairs
time:   9,    73 facts and     591 exclusive pairs
             189 ops   and   10756 exclusive pairs
time:  10,    87 facts and     953 exclusive pairs
             218 ops   and   14554 exclusive pairs
time:  11,    89 facts and     834 exclusive pairs
             237 ops   and   16774 exclusive pairs
time:  12,   105 facts and    1304 exclusive pairs
             270 ops   and   22082 exclusive pairs
time:  13,   107 facts and    1135 exclusive pairs
             291 ops   and   25012 exclusive pairs
time:  14,   125 facts and    1727 exclusive pairs
             328 ops   and   32180 exclusive pairs
time:  15,   127 facts and    1500 exclusive pairs
             351 ops   and   35956 exclusive pairs
time:  16,   147 facts and    2228 exclusive pairs
             392 ops   and   45370 exclusive pairs
time:  17,   148 facts and    1901 exclusive pairs
             415 ops   and   49548 exclusive pairs
time:  18,   169 facts and    2726 exclusive pairs
             457 ops   and   60785 exclusive pairs
time:  19,   169 facts and    2326 exclusive pairs
             457 ops   and   57614 exclusive pairs
time:  20,   169 facts and    2016 exclusive pairs
graph has leveled off at time step 21


             457 ops   and   56904 exclusive pairs
time:  21,   169 facts and    2016 exclusive pairs
             457 ops   and   56904 exclusive pairs
time:  22,   169 facts and    2016 exclusive pairs
             457 ops   and   56904 exclusive pairs
time:  23,   169 facts and    2016 exclusive pairs
             457 ops   and   56904 exclusive pairs
time:  24,   169 facts and    2016 exclusive pairs
             457 ops   and   56904 exclusive pairs
time:  25,   169 facts and    2016 exclusive pairs
             457 ops   and   56904 exclusive pairs
time:  26,   169 facts and    2016 exclusive pairs
             457 ops   and   56904 exclusive pairs
time:  27,   169 facts and    2016 exclusive pairs
             457 ops   and   56904 exclusive pairs
time:  28,   169 facts and    2016 exclusive pairs
             457 ops   and   56904 exclusive pairs
time:  29,   169 facts and    2016 exclusive pairs
             457 ops   and   56904 exclusive pairs
time:  30,   169 facts and    2016 exclusive pairs
             457 ops   and   56904 exclusive pairs
time:  31,   169 facts and    2016 exclusive pairs

creating thin gp-based encoding...
plan graph layer 0...
plan graph layer 1...
plan graph layer 2...
plan graph layer 3...
plan graph layer 4...
plan graph layer 5...
plan graph layer 6...
plan graph layer 7...
plan graph layer 8...
plan graph layer 9...
plan graph layer 10...
plan graph layer 11...
plan graph layer 12...
plan graph layer 13...
plan graph layer 14...
plan graph layer 15...
plan graph layer 16...
plan graph layer 17...
plan graph layer 18...
plan graph layer 19...
plan graph layer 20...
plan graph layer 21...
plan graph layer 22...
plan graph layer 23...
plan graph layer 24...
plan graph layer 25...
plan graph layer 26...
plan graph layer 27...
plan graph layer 28...
plan graph layer 29...
plan graph layer 30...
plan graph layer 31...
goal constraints...
exclusion constraints layer 0...
exclusion constraints layer 1...
exclusion constraints layer 2...
exclusion constraints layer 3...
exclusion constraints layer 4...
exclusion constraints layer 5...
exclusion constraints layer 6...
exclusion constraints layer 7...
exclusion constraints layer 8...
exclusion constraints layer 9...
exclusion constraints layer 10...
exclusion constraints layer 11...
exclusion constraints layer 12...
exclusion constraints layer 13...
exclusion constraints layer 14...
exclusion constraints layer 15...
exclusion constraints layer 16...
exclusion constraints layer 17...
exclusion constraints layer 18...
exclusion constraints layer 19...
exclusion constraints layer 20...
exclusion constraints layer 21...
exclusion constraints layer 22...
exclusion constraints layer 23...
exclusion constraints layer 24...
exclusion constraints layer 25...
exclusion constraints layer 26...
exclusion constraints layer 27...
exclusion constraints layer 28...
exclusion constraints layer 29...
exclusion constraints layer 30...
exclusion constraints layer 31...

DECISION LAYER 31, WRITING THIN GP-BASED ENCODING WITH 13213 VARS, 671884 CLAUSES.

time spent:    0.00 seconds instantiating 312 action templates
               0.00 seconds reachability analysis, yielding 181 facts and 312 actions
               0.00 seconds collecting 181 relevant facts
               0.00 seconds building connectivity graph
               0.00 seconds building (std) graph
               0.14 seconds CNF output time
               0.14 seconds total planner time (solving not included)


***Solving***


[ filemap ]
[ extract ]

variables : 13213
pure lits : 174

1-clauses : 11
2-clauses : 668383
3-clauses : 2900
n-clauses : 590
discarded : 0

[ solve ]


unsatisfiable                             

[ stats ]

decisions : 11857
conflicts : 1183
time : ~0.038

***UNSAT***


bb: parsing domain file
domain 'BLOCKS' defined
 ... done.
bb: parsing problem file
problem 'BLOCKS-12-0' defined
 ... done.


time:   0,    16 facts and       0 exclusive pairs
              19 ops   and      12 exclusive pairs
time:   1,    21 facts and      23 exclusive pairs
              35 ops   and     226 exclusive pairs
time:   2,    29 facts and      95 exclusive pairs
              53 ops   and     735 exclusive pairs
time:   3,    32 facts and     115 exclusive pairs
              69 ops   and    1375 exclusive pairs
time:   4,    43 facts and     299 exclusive pairs
              94 ops   and    2836 exclusive pairs
time:   5,    47 facts and     320 exclusive pairs
             111 ops   and    3908 exclusive pairs
time:   6,    57 facts and     509 exclusive pairs
             132 ops   and    5552 exclusive pairs
time:   7,    59 facts and     422 exclusive pairs
             147 ops   and    6595 exclusive pairs
time:   8,    71 facts and     687 exclusive pairs
             172 ops   and    9175 exclusive pairs
time:   9,    73 facts and     591 exclusive pairs
             189 ops   and   10756 exclusive pairs
time:  10,    87 facts and     953 exclusive pairs
             218 ops   and   14554 exclusive pairs
time:  11,    89 facts and     834 exclusive pairs
             237 ops   and   16774 exclusive pairs
time:  12,   105 facts and    1304 exclusive pairs
             270 ops   and   22082 exclusive pairs
time:  13,   107 facts and    1135 exclusive pairs
             291 ops   and   25012 exclusive pairs
time:  14,   125 facts and    1727 exclusive pairs
             328 ops   and   32180 exclusive pairs
time:  15,   127 facts and    1500 exclusive pairs
             351 ops   and   35956 exclusive pairs
time:  16,   147 facts and    2228 exclusive pairs
             392 ops   and   45370 exclusive pairs
time:  17,   148 facts and    1901 exclusive pairs
             415 ops   and   49548 exclusive pairs
time:  18,   169 facts and    2726 exclusive pairs
             457 ops   and   60785 exclusive pairs
time:  19,   169 facts and    2326 exclusive pairs
             457 ops   and   57614 exclusive pairs
time:  20,   169 facts and    2016 exclusive pairs
graph has leveled off at time step 21


             457 ops   and   56904 exclusive pairs
time:  21,   169 facts and    2016 exclusive pairs
             457 ops   and   56904 exclusive pairs
time:  22,   169 facts and    2016 exclusive pairs
             457 ops   and   56904 exclusive pairs
time:  23,   169 facts and    2016 exclusive pairs
             457 ops   and   56904 exclusive pairs
time:  24,   169 facts and    2016 exclusive pairs
             457 ops   and   56904 exclusive pairs
time:  25,   169 facts and    2016 exclusive pairs
             457 ops   and   56904 exclusive pairs
time:  26,   169 facts and    2016 exclusive pairs
             457 ops   and   56904 exclusive pairs
time:  27,   169 facts and    2016 exclusive pairs
             457 ops   and   56904 exclusive pairs
time:  28,   169 facts and    2016 exclusive pairs
             457 ops   and   56904 exclusive pairs
time:  29,   169 facts and    2016 exclusive pairs
             457 ops   and   56904 exclusive pairs
time:  30,   169 facts and    2016 exclusive pairs
             457 ops   and   56904 exclusive pairs
time:  31,   169 facts and    2016 exclusive pairs
             457 ops   and   56904 exclusive pairs
time:  32,   169 facts and    2016 exclusive pairs

creating thin gp-based encoding...
plan graph layer 0...
plan graph layer 1...
plan graph layer 2...
plan graph layer 3...
plan graph layer 4...
plan graph layer 5...
plan graph layer 6...
plan graph layer 7...
plan graph layer 8...
plan graph layer 9...
plan graph layer 10...
plan graph layer 11...
plan graph layer 12...
plan graph layer 13...
plan graph layer 14...
plan graph layer 15...
plan graph layer 16...
plan graph layer 17...
plan graph layer 18...
plan graph layer 19...
plan graph layer 20...
plan graph layer 21...
plan graph layer 22...
plan graph layer 23...
plan graph layer 24...
plan graph layer 25...
plan graph layer 26...
plan graph layer 27...
plan graph layer 28...
plan graph layer 29...
plan graph layer 30...
plan graph layer 31...
plan graph layer 32...
goal constraints...
exclusion constraints layer 0...
exclusion constraints layer 1...
exclusion constraints layer 2...
exclusion constraints layer 3...
exclusion constraints layer 4...
exclusion constraints layer 5...
exclusion constraints layer 6...
exclusion constraints layer 7...
exclusion constraints layer 8...
exclusion constraints layer 9...
exclusion constraints layer 10...
exclusion constraints layer 11...
exclusion constraints layer 12...
exclusion constraints layer 13...
exclusion constraints layer 14...
exclusion constraints layer 15...
exclusion constraints layer 16...
exclusion constraints layer 17...
exclusion constraints layer 18...
exclusion constraints layer 19...
exclusion constraints layer 20...
exclusion constraints layer 21...
exclusion constraints layer 22...
exclusion constraints layer 23...
exclusion constraints layer 24...
exclusion constraints layer 25...
exclusion constraints layer 26...
exclusion constraints layer 27...
exclusion constraints layer 28...
exclusion constraints layer 29...
exclusion constraints layer 30...
exclusion constraints layer 31...
exclusion constraints layer 32...

DECISION LAYER 32, WRITING THIN GP-BASED ENCODING WITH 13839 VARS, 709656 CLAUSES.

time spent:    0.00 seconds instantiating 312 action templates
               0.00 seconds reachability analysis, yielding 181 facts and 312 actions
               0.00 seconds collecting 181 relevant facts
               0.00 seconds building connectivity graph
               0.00 seconds building (std) graph
               0.14 seconds CNF output time
               0.14 seconds total planner time (solving not included)


***Solving***


[ filemap ]
[ extract ]

variables : 13839
pure lits : 174

1-clauses : 11
2-clauses : 705986
3-clauses : 3044
n-clauses : 615
discarded : 0

[ solve ]


unsatisfiable                             

[ stats ]

decisions : 17776
conflicts : 1735
time : ~0.07

***UNSAT***


bb: parsing domain file
domain 'BLOCKS' defined
 ... done.
bb: parsing problem file
problem 'BLOCKS-12-0' defined
 ... done.


time:   0,    16 facts and       0 exclusive pairs
              19 ops   and      12 exclusive pairs
time:   1,    21 facts and      23 exclusive pairs
              35 ops   and     226 exclusive pairs
time:   2,    29 facts and      95 exclusive pairs
              53 ops   and     735 exclusive pairs
time:   3,    32 facts and     115 exclusive pairs
              69 ops   and    1375 exclusive pairs
time:   4,    43 facts and     299 exclusive pairs
              94 ops   and    2836 exclusive pairs
time:   5,    47 facts and     320 exclusive pairs
             111 ops   and    3908 exclusive pairs
time:   6,    57 facts and     509 exclusive pairs
             132 ops   and    5552 exclusive pairs
time:   7,    59 facts and     422 exclusive pairs
             147 ops   and    6595 exclusive pairs
time:   8,    71 facts and     687 exclusive pairs
             172 ops   and    9175 exclusive pairs
time:   9,    73 facts and     591 exclusive pairs
             189 ops   and   10756 exclusive pairs
time:  10,    87 facts and     953 exclusive pairs
             218 ops   and   14554 exclusive pairs
time:  11,    89 facts and     834 exclusive pairs
             237 ops   and   16774 exclusive pairs
time:  12,   105 facts and    1304 exclusive pairs
             270 ops   and   22082 exclusive pairs
time:  13,   107 facts and    1135 exclusive pairs
             291 ops   and   25012 exclusive pairs
time:  14,   125 facts and    1727 exclusive pairs
             328 ops   and   32180 exclusive pairs
time:  15,   127 facts and    1500 exclusive pairs
             351 ops   and   35956 exclusive pairs
time:  16,   147 facts and    2228 exclusive pairs
             392 ops   and   45370 exclusive pairs
time:  17,   148 facts and    1901 exclusive pairs
             415 ops   and   49548 exclusive pairs
time:  18,   169 facts and    2726 exclusive pairs
             457 ops   and   60785 exclusive pairs
time:  19,   169 facts and    2326 exclusive pairs
             457 ops   and   57614 exclusive pairs
time:  20,   169 facts and    2016 exclusive pairs
graph has leveled off at time step 21


             457 ops   and   56904 exclusive pairs
time:  21,   169 facts and    2016 exclusive pairs
             457 ops   and   56904 exclusive pairs
time:  22,   169 facts and    2016 exclusive pairs
             457 ops   and   56904 exclusive pairs
time:  23,   169 facts and    2016 exclusive pairs
             457 ops   and   56904 exclusive pairs
time:  24,   169 facts and    2016 exclusive pairs
             457 ops   and   56904 exclusive pairs
time:  25,   169 facts and    2016 exclusive pairs
             457 ops   and   56904 exclusive pairs
time:  26,   169 facts and    2016 exclusive pairs
             457 ops   and   56904 exclusive pairs
time:  27,   169 facts and    2016 exclusive pairs
             457 ops   and   56904 exclusive pairs
time:  28,   169 facts and    2016 exclusive pairs
             457 ops   and   56904 exclusive pairs
time:  29,   169 facts and    2016 exclusive pairs
             457 ops   and   56904 exclusive pairs
time:  30,   169 facts and    2016 exclusive pairs
             457 ops   and   56904 exclusive pairs
time:  31,   169 facts and    2016 exclusive pairs
             457 ops   and   56904 exclusive pairs
time:  32,   169 facts and    2016 exclusive pairs
             457 ops   and   56904 exclusive pairs
time:  33,   169 facts and    2016 exclusive pairs

creating thin gp-based encoding...
plan graph layer 0...
plan graph layer 1...
plan graph layer 2...
plan graph layer 3...
plan graph layer 4...
plan graph layer 5...
plan graph layer 6...
plan graph layer 7...
plan graph layer 8...
plan graph layer 9...
plan graph layer 10...
plan graph layer 11...
plan graph layer 12...
plan graph layer 13...
plan graph layer 14...
plan graph layer 15...
plan graph layer 16...
plan graph layer 17...
plan graph layer 18...
plan graph layer 19...
plan graph layer 20...
plan graph layer 21...
plan graph layer 22...
plan graph layer 23...
plan graph layer 24...
plan graph layer 25...
plan graph layer 26...
plan graph layer 27...
plan graph layer 28...
plan graph layer 29...
plan graph layer 30...
plan graph layer 31...
plan graph layer 32...
plan graph layer 33...
goal constraints...
exclusion constraints layer 0...
exclusion constraints layer 1...
exclusion constraints layer 2...
exclusion constraints layer 3...
exclusion constraints layer 4...
exclusion constraints layer 5...
exclusion constraints layer 6...
exclusion constraints layer 7...
exclusion constraints layer 8...
exclusion constraints layer 9...
exclusion constraints layer 10...
exclusion constraints layer 11...
exclusion constraints layer 12...
exclusion constraints layer 13...
exclusion constraints layer 14...
exclusion constraints layer 15...
exclusion constraints layer 16...
exclusion constraints layer 17...
exclusion constraints layer 18...
exclusion constraints layer 19...
exclusion constraints layer 20...
exclusion constraints layer 21...
exclusion constraints layer 22...
exclusion constraints layer 23...
exclusion constraints layer 24...
exclusion constraints layer 25...
exclusion constraints layer 26...
exclusion constraints layer 27...
exclusion constraints layer 28...
exclusion constraints layer 29...
exclusion constraints layer 30...
exclusion constraints layer 31...
exclusion constraints layer 32...
exclusion constraints layer 33...

DECISION LAYER 33, WRITING THIN GP-BASED ENCODING WITH 14465 VARS, 747428 CLAUSES.

time spent:    0.00 seconds instantiating 312 action templates
               0.00 seconds reachability analysis, yielding 181 facts and 312 actions
               0.00 seconds collecting 181 relevant facts
               0.00 seconds building connectivity graph
               0.00 seconds building (std) graph
               0.14 seconds CNF output time
               0.14 seconds total planner time (solving not included)


***Solving***


[ filemap ]
[ extract ]

variables : 14465
pure lits : 174

1-clauses : 11
2-clauses : 743589
3-clauses : 3188
n-clauses : 640
discarded : 0

[ solve ]


unsatisfiable                             

[ stats ]

decisions : 21904
conflicts : 1927
time : ~0.076

***UNSAT***


bb: parsing domain file
domain 'BLOCKS' defined
 ... done.
bb: parsing problem file
problem 'BLOCKS-12-0' defined
 ... done.


time:   0,    16 facts and       0 exclusive pairs
              19 ops   and      12 exclusive pairs
time:   1,    21 facts and      23 exclusive pairs
              35 ops   and     226 exclusive pairs
time:   2,    29 facts and      95 exclusive pairs
              53 ops   and     735 exclusive pairs
time:   3,    32 facts and     115 exclusive pairs
              69 ops   and    1375 exclusive pairs
time:   4,    43 facts and     299 exclusive pairs
              94 ops   and    2836 exclusive pairs
time:   5,    47 facts and     320 exclusive pairs
             111 ops   and    3908 exclusive pairs
time:   6,    57 facts and     509 exclusive pairs
             132 ops   and    5552 exclusive pairs
time:   7,    59 facts and     422 exclusive pairs
             147 ops   and    6595 exclusive pairs
time:   8,    71 facts and     687 exclusive pairs
             172 ops   and    9175 exclusive pairs
time:   9,    73 facts and     591 exclusive pairs
             189 ops   and   10756 exclusive pairs
time:  10,    87 facts and     953 exclusive pairs
             218 ops   and   14554 exclusive pairs
time:  11,    89 facts and     834 exclusive pairs
             237 ops   and   16774 exclusive pairs
time:  12,   105 facts and    1304 exclusive pairs
             270 ops   and   22082 exclusive pairs
time:  13,   107 facts and    1135 exclusive pairs
             291 ops   and   25012 exclusive pairs
time:  14,   125 facts and    1727 exclusive pairs
             328 ops   and   32180 exclusive pairs
time:  15,   127 facts and    1500 exclusive pairs
             351 ops   and   35956 exclusive pairs
time:  16,   147 facts and    2228 exclusive pairs
             392 ops   and   45370 exclusive pairs
time:  17,   148 facts and    1901 exclusive pairs
             415 ops   and   49548 exclusive pairs
time:  18,   169 facts and    2726 exclusive pairs
             457 ops   and   60785 exclusive pairs
time:  19,   169 facts and    2326 exclusive pairs
             457 ops   and   57614 exclusive pairs
time:  20,   169 facts and    2016 exclusive pairs
graph has leveled off at time step 21


             457 ops   and   56904 exclusive pairs
time:  21,   169 facts and    2016 exclusive pairs
             457 ops   and   56904 exclusive pairs
time:  22,   169 facts and    2016 exclusive pairs
             457 ops   and   56904 exclusive pairs
time:  23,   169 facts and    2016 exclusive pairs
             457 ops   and   56904 exclusive pairs
time:  24,   169 facts and    2016 exclusive pairs
             457 ops   and   56904 exclusive pairs
time:  25,   169 facts and    2016 exclusive pairs
             457 ops   and   56904 exclusive pairs
time:  26,   169 facts and    2016 exclusive pairs
             457 ops   and   56904 exclusive pairs
time:  27,   169 facts and    2016 exclusive pairs
             457 ops   and   56904 exclusive pairs
time:  28,   169 facts and    2016 exclusive pairs
             457 ops   and   56904 exclusive pairs
time:  29,   169 facts and    2016 exclusive pairs
             457 ops   and   56904 exclusive pairs
time:  30,   169 facts and    2016 exclusive pairs
             457 ops   and   56904 exclusive pairs
time:  31,   169 facts and    2016 exclusive pairs
             457 ops   and   56904 exclusive pairs
time:  32,   169 facts and    2016 exclusive pairs
             457 ops   and   56904 exclusive pairs
time:  33,   169 facts and    2016 exclusive pairs
             457 ops   and   56904 exclusive pairs
time:  34,   169 facts and    2016 exclusive pairs

creating thin gp-based encoding...
plan graph layer 0...
plan graph layer 1...
plan graph layer 2...
plan graph layer 3...
plan graph layer 4...
plan graph layer 5...
plan graph layer 6...
plan graph layer 7...
plan graph layer 8...
plan graph layer 9...
plan graph layer 10...
plan graph layer 11...
plan graph layer 12...
plan graph layer 13...
plan graph layer 14...
plan graph layer 15...
plan graph layer 16...
plan graph layer 17...
plan graph layer 18...
plan graph layer 19...
plan graph layer 20...
plan graph layer 21...
plan graph layer 22...
plan graph layer 23...
plan graph layer 24...
plan graph layer 25...
plan graph layer 26...
plan graph layer 27...
plan graph layer 28...
plan graph layer 29...
plan graph layer 30...
plan graph layer 31...
plan graph layer 32...
plan graph layer 33...
plan graph layer 34...
goal constraints...
exclusion constraints layer 0...
exclusion constraints layer 1...
exclusion constraints layer 2...
exclusion constraints layer 3...
exclusion constraints layer 4...
exclusion constraints layer 5...
exclusion constraints layer 6...
exclusion constraints layer 7...
exclusion constraints layer 8...
exclusion constraints layer 9...
exclusion constraints layer 10...
exclusion constraints layer 11...
exclusion constraints layer 12...
exclusion constraints layer 13...
exclusion constraints layer 14...
exclusion constraints layer 15...
exclusion constraints layer 16...
exclusion constraints layer 17...
exclusion constraints layer 18...
exclusion constraints layer 19...
exclusion constraints layer 20...
exclusion constraints layer 21...
exclusion constraints layer 22...
exclusion constraints layer 23...
exclusion constraints layer 24...
exclusion constraints layer 25...
exclusion constraints layer 26...
exclusion constraints layer 27...
exclusion constraints layer 28...
exclusion constraints layer 29...
exclusion constraints layer 30...
exclusion constraints layer 31...
exclusion constraints layer 32...
exclusion constraints layer 33...
exclusion constraints layer 34...

DECISION LAYER 34, WRITING THIN GP-BASED ENCODING WITH 15091 VARS, 785200 CLAUSES.

time spent:    0.00 seconds instantiating 312 action templates
               0.00 seconds reachability analysis, yielding 181 facts and 312 actions
               0.00 seconds collecting 181 relevant facts
               0.00 seconds building connectivity graph
               0.00 seconds building (std) graph
               0.15 seconds CNF output time
               0.15 seconds total planner time (solving not included)


***Solving***


[ filemap ]
[ extract ]

variables : 15091
pure lits : 174

1-clauses : 11
2-clauses : 781192
3-clauses : 3332
n-clauses : 665
discarded : 0

[ solve ]


satisfiable                             

[ stats ]

decisions : 31497
conflicts : 2418
time : ~0.096


bb: parsing domain file
domain 'BLOCKS' defined
 ... done.
bb: parsing problem file
problem 'BLOCKS-12-0' defined
 ... done.


time:   0,    16 facts and       0 exclusive pairs
              19 ops   and      12 exclusive pairs
time:   1,    21 facts and      23 exclusive pairs
              35 ops   and     226 exclusive pairs
time:   2,    29 facts and      95 exclusive pairs
              53 ops   and     735 exclusive pairs
time:   3,    32 facts and     115 exclusive pairs
              69 ops   and    1375 exclusive pairs
time:   4,    43 facts and     299 exclusive pairs
              94 ops   and    2836 exclusive pairs
time:   5,    47 facts and     320 exclusive pairs
             111 ops   and    3908 exclusive pairs
time:   6,    57 facts and     509 exclusive pairs
             132 ops   and    5552 exclusive pairs
time:   7,    59 facts and     422 exclusive pairs
             147 ops   and    6595 exclusive pairs
time:   8,    71 facts and     687 exclusive pairs
             172 ops   and    9175 exclusive pairs
time:   9,    73 facts and     591 exclusive pairs
             189 ops   and   10756 exclusive pairs
time:  10,    87 facts and     953 exclusive pairs
             218 ops   and   14554 exclusive pairs
time:  11,    89 facts and     834 exclusive pairs
             237 ops   and   16774 exclusive pairs
time:  12,   105 facts and    1304 exclusive pairs
             270 ops   and   22082 exclusive pairs
time:  13,   107 facts and    1135 exclusive pairs
             291 ops   and   25012 exclusive pairs
time:  14,   125 facts and    1727 exclusive pairs
             328 ops   and   32180 exclusive pairs
time:  15,   127 facts and    1500 exclusive pairs
             351 ops   and   35956 exclusive pairs
time:  16,   147 facts and    2228 exclusive pairs
             392 ops   and   45370 exclusive pairs
time:  17,   148 facts and    1901 exclusive pairs
             415 ops   and   49548 exclusive pairs
time:  18,   169 facts and    2726 exclusive pairs
             457 ops   and   60785 exclusive pairs
time:  19,   169 facts and    2326 exclusive pairs
             457 ops   and   57614 exclusive pairs
time:  20,   169 facts and    2016 exclusive pairs
graph has leveled off at time step 21


             457 ops   and   56904 exclusive pairs
time:  21,   169 facts and    2016 exclusive pairs
             457 ops   and   56904 exclusive pairs
time:  22,   169 facts and    2016 exclusive pairs
             457 ops   and   56904 exclusive pairs
time:  23,   169 facts and    2016 exclusive pairs
             457 ops   and   56904 exclusive pairs
time:  24,   169 facts and    2016 exclusive pairs
             457 ops   and   56904 exclusive pairs
time:  25,   169 facts and    2016 exclusive pairs
             457 ops   and   56904 exclusive pairs
time:  26,   169 facts and    2016 exclusive pairs
             457 ops   and   56904 exclusive pairs
time:  27,   169 facts and    2016 exclusive pairs
             457 ops   and   56904 exclusive pairs
time:  28,   169 facts and    2016 exclusive pairs
             457 ops   and   56904 exclusive pairs
time:  29,   169 facts and    2016 exclusive pairs
             457 ops   and   56904 exclusive pairs
time:  30,   169 facts and    2016 exclusive pairs
             457 ops   and   56904 exclusive pairs
time:  31,   169 facts and    2016 exclusive pairs
             457 ops   and   56904 exclusive pairs
time:  32,   169 facts and    2016 exclusive pairs
             457 ops   and   56904 exclusive pairs
time:  33,   169 facts and    2016 exclusive pairs
             457 ops   and   56904 exclusive pairs
time:  34,   169 facts and    2016 exclusive pairs

creating thin gp-based encoding...
plan graph layer 0...
plan graph layer 1...
plan graph layer 2...
plan graph layer 3...
plan graph layer 4...
plan graph layer 5...
plan graph layer 6...
plan graph layer 7...
plan graph layer 8...
plan graph layer 9...
plan graph layer 10...
plan graph layer 11...
plan graph layer 12...
plan graph layer 13...
plan graph layer 14...
plan graph layer 15...
plan graph layer 16...
plan graph layer 17...
plan graph layer 18...
plan graph layer 19...
plan graph layer 20...
plan graph layer 21...
plan graph layer 22...
plan graph layer 23...
plan graph layer 24...
plan graph layer 25...
plan graph layer 26...
plan graph layer 27...
plan graph layer 28...
plan graph layer 29...
plan graph layer 30...
plan graph layer 31...
plan graph layer 32...
plan graph layer 33...
plan graph layer 34...
goal constraints...
exclusion constraints layer 0...
exclusion constraints layer 1...
exclusion constraints layer 2...
exclusion constraints layer 3...
exclusion constraints layer 4...
exclusion constraints layer 5...
exclusion constraints layer 6...
exclusion constraints layer 7...
exclusion constraints layer 8...
exclusion constraints layer 9...
exclusion constraints layer 10...
exclusion constraints layer 11...
exclusion constraints layer 12...
exclusion constraints layer 13...
exclusion constraints layer 14...
exclusion constraints layer 15...
exclusion constraints layer 16...
exclusion constraints layer 17...
exclusion constraints layer 18...
exclusion constraints layer 19...
exclusion constraints layer 20...
exclusion constraints layer 21...
exclusion constraints layer 22...
exclusion constraints layer 23...
exclusion constraints layer 24...
exclusion constraints layer 25...
exclusion constraints layer 26...
exclusion constraints layer 27...
exclusion constraints layer 28...
exclusion constraints layer 29...
exclusion constraints layer 30...
exclusion constraints layer 31...
exclusion constraints layer 32...
exclusion constraints layer 33...
exclusion constraints layer 34...

DECISION LAYER 34, WRITING THIN GP-BASED ENCODING WITH 15091 VARS, 785200 CLAUSES.

time spent:    0.00 seconds instantiating 312 action templates
               0.00 seconds reachability analysis, yielding 181 facts and 312 actions
               0.00 seconds collecting 181 relevant facts
               0.00 seconds building connectivity graph
               0.00 seconds building (std) graph
               0.05 seconds CNF output time
               0.05 seconds total planner time (solving not included)

Pruned:  0: (PICK-UP I) [1]
Pruned:  0: (PICK-UP I) [1]
Pruned:  0: (PICK-UP I) [1]
Pruned:  0: (PICK-UP I) [1]
Pruned:  0: (PICK-UP I) [1]
Pruned:  0: (PICK-UP I) [1]
Pruned:  0: (PICK-UP I) [1]
Pruned:  0: (PICK-UP I) [1]
Pruned:  0: (PICK-UP I) [1]
Pruned:  0: (PICK-UP I) [1]
Pruned:  0: (PICK-UP I) [1]
Pruned:  0: (PICK-UP I) [1]
Pruned:  0: (PICK-UP I) [1]
Pruned:  0: (PICK-UP I) [1]
Pruned:  0: (PICK-UP I) [1]
Pruned:  0: (PICK-UP I) [1]
Pruned:  0: (PICK-UP I) [1]
Pruned:  0: (PICK-UP I) [1]
Pruned:  0: (PICK-UP I) [1]
Pruned:  0: (PICK-UP I) [1]
Pruned:  0: (PICK-UP I) [1]
Pruned:  0: (PICK-UP I) [1]
Pruned:  0: (PICK-UP I) [1]
Pruned:  0: (PICK-UP I) [1]
Pruned:  0: (PICK-UP I) [1]
Pruned:  0: (PICK-UP I) [1]
Pruned:  0: (PICK-UP I) [1]
Pruned:  0: (PICK-UP I) [1]
Pruned:  0: (PICK-UP I) [1]
Pruned:  0: (PICK-UP I) [1]
Pruned:  0: (PICK-UP I) [1]
Pruned:  0: (PICK-UP I) [1]
Pruned:  0: (PICK-UP I) [1]
Pruned:  0: (PICK-UP I) [1]
Pruned:  0: (PICK-UP I) [1]
Pruned:  0: (PICK-UP I) [1]
Pruned:  0: (PICK-UP I) [1]
Pruned:  0: (PICK-UP I) [1]
Pruned:  0: (PICK-UP I) [1]
Pruned:  0: (PICK-UP I) [1]
Pruned:  0: (PICK-UP I) [1]
Pruned:  0: (PICK-UP I) [1]
Pruned:  0: (PICK-UP I) [1]
Pruned:  0: (PICK-UP I) [1]
Pruned:  0: (PICK-UP I) [1]
Pruned:  0: (PICK-UP I) [1]
Pruned:  0: (PICK-UP I) [1]
Pruned:  0: (PICK-UP I) [1]
Pruned:  0: (PICK-UP I) [1]
Pruned:  0: (PICK-UP I) [1]
Pruned:  0: (PICK-UP I) [1]
Pruned:  0: (PICK-UP I) [1]
Pruned:  0: (PICK-UP I) [1]
Pruned:  0: (PICK-UP I) [1]
Pruned:  0: (PICK-UP I) [1]
Pruned:  0: (PICK-UP I) [1]
Pruned:  0: (PICK-UP I) [1]
Pruned:  0: (PICK-UP I) [1]
Pruned:  0: (PICK-UP I) [1]
Pruned:  0: (PICK-UP I) [1]
Pruned:  0: (PICK-UP I) [1]
Pruned:  0: (PICK-UP I) [1]
Pruned:  0: (PICK-UP I) [1]
Pruned:  0: (PICK-UP I) [1]
Pruned:  0: (PICK-UP I) [1]
Pruned:  0: (PICK-UP I) [1]
Pruned:  0: (PICK-UP I) [1]
Pruned:  0: (PICK-UP I) [1]
Pruned:  0: (PICK-UP I) [1]
Pruned:  0: (PICK-UP I) [1]
Pruned:  0: (PICK-UP I) [1]
Pruned:  0: (PICK-UP I) [1]
Pruned:  0: (PICK-UP I) [1]
Pruned:  0: (PICK-UP I) [1]
Pruned:  0: (PICK-UP I) [1]
Pruned:  0: (PICK-UP I) [1]
Pruned:  0: (PICK-UP I) [1]
Pruned:  0: (PICK-UP I) [1]
Pruned:  0: (PICK-UP I) [1]
Pruned:  0: (PICK-UP I) [1]
Pruned:  0: (PICK-UP I) [1]
Pruned:  0: (PICK-UP I) [1]
Pruned:  0: (PICK-UP I) [1]
Pruned:  0: (PICK-UP I) [1]
Pruned:  0: (PICK-UP I) [1]
Pruned:  0: (PICK-UP I) [1]
Pruned:  0: (PICK-UP I) [1]
Pruned:  0: (PICK-UP I) [1]
Pruned:  0: (PICK-UP I) [1]
Pruned:  0: (PICK-UP I) [1]
Pruned:  0: (PICK-UP I) [1]
Pruned:  0: (PICK-UP I) [1]
Pruned:  0: (PICK-UP I) [1]
Pruned:  0: (PICK-UP I) [1]
Pruned:  0: (PICK-UP I) [1]
Pruned:  0: (PICK-UP I) [1]
Pruned:  0: (PICK-UP I) [1]
Pruned:  0: (PICK-UP I) [1]
Pruned:  0: (PICK-UP I) [1]
Pruned:  0: (PICK-UP I) [1]
Pruned:  0: (PICK-UP I) [1]
Pruned:  0: (PICK-UP I) [1]
Pruned:  0: (PICK-UP I) [1]
Pruned:  0: (PICK-UP I) [1]
Pruned:  0: (PICK-UP I) [1]
Pruned:  0: (PICK-UP I) [1]
Pruned:  0: (PICK-UP I) [1]
Pruned:  0: (PICK-UP I) [1]
Pruned:  0: (PICK-UP I) [1]
Pruned:  0: (PICK-UP I) [1]
Pruned:  0: (PICK-UP I) [1]
Pruned:  0: (PICK-UP I) [1]
Pruned:  0: (PICK-UP I) [1]
Pruned:  0: (PICK-UP I) [1]
Pruned:  0: (PICK-UP I) [1]
Pruned:  0: (PICK-UP I) [1]
Pruned:  0: (PICK-UP I) [1]
Pruned:  0: (PICK-UP I) [1]
Pruned:  0: (PICK-UP I) [1]
Pruned:  0: (PICK-UP I) [1]
Pruned:  0: (PICK-UP I) [1]
Pruned:  0: (PICK-UP I) [1]
Pruned:  0: (PICK-UP I) [1]
Pruned:  0: (PICK-UP I) [1]
Pruned:  0: (PICK-UP I) [1]
Pruned:  0: (PICK-UP I) [1]
Pruned:  0: (PICK-UP I) [1]
Pruned:  0: (PICK-UP I) [1]
Pruned:  0: (PICK-UP I) [1]
Pruned:  0: (PICK-UP I) [1]
Pruned:  0: (PICK-UP I) [1]
Pruned:  0: (PICK-UP I) [1]
Pruned:  0: (PICK-UP I) [1]
Pruned:  0: (PICK-UP I) [1]
Pruned:  0: (PICK-UP I) [1]
Pruned:  0: (PICK-UP I) [1]
Pruned:  0: (PICK-UP I) [1]
Pruned:  0: (PICK-UP I) [1]
Pruned:  0: (PICK-UP I) [1]
Pruned:  0: (PICK-UP I) [1]
Pruned:  0: (PICK-UP I) [1]
Pruned:  0: (PICK-UP I) [1]
Pruned:  0: (PICK-UP I) [1]
Pruned:  0: (PICK-UP I) [1]
Pruned:  0: (PICK-UP I) [1]
Pruned:  0: (PICK-UP I) [1]
Pruned:  0: (PICK-UP I) [1]
Pruned:  0: (PICK-UP I) [1]
Pruned:  0: (PICK-UP I) [1]
Pruned:  0: (PICK-UP I) [1]
Pruned:  0: (PICK-UP I) [1]
Pruned:  0: (PICK-UP I) [1]
Pruned:  0: (PICK-UP I) [1]
Pruned:  0: (PICK-UP I) [1]
Pruned:  0: (PICK-UP I) [1]
Pruned:  0: (PICK-UP I) [1]
Pruned:  0: (PICK-UP I) [1]
Pruned:  0: (PICK-UP I) [1]
Pruned:  0: (PICK-UP I) [1]
Pruned:  0: (PICK-UP I) [1]
Pruned:  0: (PICK-UP I) [1]
Pruned:  0: (PICK-UP I) [1]
Pruned:  0: (PICK-UP I) [1]
Pruned:  0: (PICK-UP I) [1]
Pruned:  0: (PICK-UP I) [1]
Pruned:  0: (PICK-UP I) [1]
Pruned:  0: (PICK-UP I) [1]
Pruned:  0: (PICK-UP I) [1]
Pruned:  0: (PICK-UP I) [1]
Pruned:  0: (PICK-UP I) [1]
Pruned:  0: (PICK-UP I) [1]
Pruned:  0: (PICK-UP I) [1]
Pruned:  0: (PICK-UP I) [1]
Pruned:  0: (PICK-UP I) [1]
Pruned:  0: (PICK-UP I) [1]
Pruned:  0: (PICK-UP I) [1]
Pruned:  0: (PICK-UP I) [1]
Pruned:  0: (PICK-UP I) [1]
Pruned:  0: (PICK-UP I) [1]
Pruned:  0: (PICK-UP I) [1]
Pruned:  0: (PICK-UP I) [1]
Pruned:  0: (PICK-UP I) [1]
Pruned:  0: (PICK-UP I) [1]
Pruned:  0: (PICK-UP I) [1]
Pruned:  0: (PICK-UP I) [1]
Pruned:  0: (PICK-UP I) [1]
Pruned:  0: (PICK-UP I) [1]
Pruned:  0: (PICK-UP I) [1]
Pruned:  0: (PICK-UP I) [1]
Pruned:  0: (PICK-UP I) [1]
Pruned:  0: (PICK-UP I) [1]
Pruned:  0: (PICK-UP I) [1]
Pruned:  0: (PICK-UP I) [1]
Pruned:  0: (PICK-UP I) [1]
Pruned:  0: (PICK-UP I) [1]
Pruned:  0: (PICK-UP I) [1]
Pruned:  0: (PICK-UP I) [1]
Pruned:  0: (PICK-UP I) [1]
Pruned:  0: (PICK-UP I) [1]
Pruned:  0: (PICK-UP I) [1]
Pruned:  0: (PICK-UP I) [1]
Pruned:  0: (PICK-UP I) [1]
Pruned:  0: (PICK-UP I) [1]
Pruned:  0: (PICK-UP I) [1]
Pruned:  0: (PICK-UP I) [1]
Pruned:  0: (PICK-UP I) [1]
Pruned:  0: (PICK-UP I) [1]
Pruned:  0: (PICK-UP I) [1]
Pruned:  0: (PICK-UP I) [1]
Pruned:  0: (PICK-UP I) [1]
Pruned:  0: (PICK-UP I) [1]
Pruned:  0: (PICK-UP I) [1]
Pruned:  0: (PICK-UP I) [1]
Pruned:  0: (PICK-UP I) [1]
Pruned:  0: (PICK-UP I) [1]
Pruned:  0: (PICK-UP I) [1]
Pruned:  0: (PICK-UP I) [1]
Pruned:  0: (PICK-UP I) [1]
Pruned:  0: (PICK-UP I) [1]
Pruned:  0: (PICK-UP I) [1]
Pruned:  0: (PICK-UP I) [1]
Pruned:  0: (PICK-UP I) [1]
Pruned:  0: (PICK-UP I) [1]
Pruned:  0: (PICK-UP I) [1]
Pruned:  0: (PICK-UP I) [1]
Pruned:  0: (PICK-UP I) [1]
Pruned:  0: (PICK-UP I) [1]
Pruned:  0: (PICK-UP I) [1]
Pruned:  0: (PICK-UP I) [1]
Pruned:  0: (PICK-UP I) [1]
Pruned:  0: (PICK-UP I) [1]
Pruned:  0: (PICK-UP I) [1]
Pruned:  0: (PICK-UP I) [1]
Pruned:  0: (PICK-UP I) [1]
Pruned:  0: (PICK-UP I) [1]
Pruned:  0: (PICK-UP I) [1]
Pruned:  0: (PICK-UP I) [1]
Pruned:  0: (PICK-UP I) [1]
Pruned:  0: (PICK-UP I) [1]
Pruned:  0: (PICK-UP I) [1]
Pruned:  0: (PICK-UP I) [1]
Pruned:  0: (PICK-UP I) [1]
Pruned:  0: (PICK-UP I) [1]
Pruned:  0: (PICK-UP I) [1]
Pruned:  0: (PICK-UP I) [1]
Pruned:  0: (PICK-UP I) [1]
Pruned:  0: (PICK-UP I) [1]
Pruned:  0: (PICK-UP I) [1]
Pruned:  0: (PICK-UP I) [1]
Pruned:  0: (PICK-UP I) [1]
Pruned:  0: (PICK-UP I) [1]
Pruned:  0: (PICK-UP I) [1]
Pruned:  0: (PICK-UP I) [1]
Pruned:  0: (PICK-UP I) [1]
Pruned:  0: (PICK-UP I) [1]
Pruned:  0: (PICK-UP I) [1]
Pruned:  0: (PICK-UP I) [1]
Pruned:  0: (PICK-UP I) [1]
Pruned:  0: (PICK-UP I) [1]
Pruned:  0: (PICK-UP I) [1]
Pruned:  0: (PICK-UP I) [1]
Pruned:  0: (PICK-UP I) [1]
Pruned:  0: (PICK-UP I) [1]
Pruned:  0: (PICK-UP I) [1]
Pruned:  0: (PICK-UP I) [1]
Pruned:  0: (PICK-UP I) [1]
Pruned:  0: (PICK-UP I) [1]
Pruned:  0: (PICK-UP I) [1]
Pruned:  0: (PICK-UP I) [1]
Pruned:  0: (PICK-UP I) [1]
Pruned:  0: (PICK-UP I) [1]
Pruned:  0: (PICK-UP I) [1]
Pruned:  0: (PICK-UP I) [1]
Pruned:  0: (PICK-UP I) [1]
Pruned:  0: (PICK-UP I) [1]
Pruned:  0: (PICK-UP I) [1]
Pruned:  0: (PICK-UP I) [1]
Pruned:  0: (PICK-UP I) [1]
Pruned:  0: (PICK-UP I) [1]
Pruned:  0: (PICK-UP I) [1]
Pruned:  0: (PICK-UP I) [1]
Pruned:  0: (PICK-UP I) [1]
Pruned:  0: (PICK-UP I) [1]
Pruned:  0: (PICK-UP I) [1]
Pruned:  0: (PICK-UP I) [1]
Pruned:  0: (PICK-UP I) [1]
Pruned:  0: (PICK-UP I) [1]
Pruned:  0: (PICK-UP I) [1]
Pruned:  0: (PICK-UP I) [1]
Pruned:  0: (PICK-UP I) [1]
Pruned:  0: (PICK-UP I) [1]
Pruned:  0: (PICK-UP I) [1]
Pruned:  0: (PICK-UP I) [1]
Pruned:  0: (PICK-UP I) [1]
Pruned:  0: (PICK-UP I) [1]
Pruned:  0: (PICK-UP I) [1]
Pruned:  0: (PICK-UP I) [1]
Pruned:  0: (PICK-UP I) [1]
Pruned:  0: (PICK-UP I) [1]
Pruned:  0: (PICK-UP I) [1]
Pruned:  0: (PICK-UP I) [1]
Pruned:  0: (PICK-UP I) [1]
Pruned:  0: (PICK-UP I) [1]
Pruned:  0: (PICK-UP I) [1]
Pruned:  0: (PICK-UP I) [1]
Pruned:  0: (PICK-UP I) [1]
Pruned:  0: (PICK-UP I) [1]
Pruned:  0: (PICK-UP I) [1]
Pruned:  0: (PICK-UP I) [1]
Pruned:  0: (PICK-UP I) [1]
Pruned:  0: (PICK-UP I) [1]
Pruned:  0: (PICK-UP I) [1]
Pruned:  0: (PICK-UP I) [1]
Pruned:  0: (PICK-UP I) [1]
Pruned:  0: (PICK-UP I) [1]
Pruned:  0: (PICK-UP I) [1]
Pruned:  0: (PICK-UP I) [1]
Pruned:  0: (PICK-UP I) [1]
Pruned:  0: (PICK-UP I) [1]
Pruned:  0: (PICK-UP I) [1]
Pruned:  0: (PICK-UP I) [1]
Pruned:  0: (PICK-UP I) [1]
Pruned:  0: (PICK-UP I) [1]
Pruned:  0: (PICK-UP I) [1]
Pruned:  0: (PICK-UP I) [1]
Pruned:  0: (PICK-UP I) [1]
Pruned:  0: (PICK-UP I) [1]
Pruned:  0: (PICK-UP I) [1]
Pruned:  0: (PICK-UP I) [1]
Pruned:  0: (PICK-UP I) [1]
Pruned:  0: (PICK-UP I) [1]
Pruned:  0: (PICK-UP I) [1]
Pruned:  0: (PICK-UP I) [1]
Pruned:  0: (PICK-UP I) [1]
Pruned:  0: (PICK-UP I) [1]
Pruned:  0: (PICK-UP I) [1]
Pruned:  0: (PICK-UP I) [1]
Pruned:  0: (PICK-UP I) [1]
Pruned:  0: (PICK-UP I) [1]
Pruned:  0: (PICK-UP I) [1]
Pruned:  0: (PICK-UP I) [1]
Pruned:  0: (PICK-UP I) [1]
Pruned:  0: (PICK-UP I) [1]
Pruned:  0: (PICK-UP I) [1]
Pruned:  0: (PICK-UP I) [1]
Pruned:  0: (PICK-UP I) [1]
Pruned:  0: (PICK-UP I) [1]
Pruned:  0: (PICK-UP I) [1]
Pruned:  0: (PICK-UP I) [1]
Pruned:  0: (PICK-UP I) [1]
Pruned:  0: (PICK-UP I) [1]
Pruned:  0: (PICK-UP I) [1]
Pruned:  0: (PICK-UP I) [1]
Pruned:  0: (PICK-UP I) [1]
Pruned:  0: (PICK-UP I) [1]
Pruned:  0: (PICK-UP I) [1]
Pruned:  0: (PICK-UP I) [1]
Pruned:  0: (PICK-UP I) [1]
Pruned:  0: (PICK-UP I) [1]
Pruned:  0: (PICK-UP I) [1]
Pruned:  0: (PICK-UP I) [1]
Pruned:  0: (PICK-UP I) [1]
Pruned:  0: (PICK-UP I) [1]
Pruned:  0: (PICK-UP I) [1]
Pruned:  0: (PICK-UP I) [1]
Pruned:  0: (PICK-UP I) [1]
Pruned:  0: (PICK-UP I) [1]
Pruned:  0: (PICK-UP I) [1]
Pruned:  0: (PICK-UP I) [1]
Pruned:  0: (PICK-UP I) [1]
Pruned:  0: (PICK-UP I) [1]
Pruned:  0: (PICK-UP I) [1]
Pruned:  0: (PICK-UP I) [1]
Pruned:  0: (PICK-UP I) [1]
Pruned:  0: (PICK-UP I) [1]
Pruned:  0: (PICK-UP I) [1]
Pruned:  0: (PICK-UP I) [1]
Pruned:  0: (PICK-UP I) [1]
Pruned:  0: (PICK-UP I) [1]
Pruned:  0: (PICK-UP I) [1]
Pruned:  0: (PICK-UP I) [1]
Pruned:  0: (PICK-UP I) [1]
Pruned:  0: (PICK-UP I) [1]
Pruned:  0: (PICK-UP I) [1]
Pruned:  0: (PICK-UP I) [1]
Pruned:  0: (PICK-UP I) [1]
Pruned:  0: (PICK-UP I) [1]
Pruned:  0: (PICK-UP I) [1]
Pruned:  0: (PICK-UP I) [1]
Pruned:  0: (PICK-UP I) [1]
Pruned:  0: (PICK-UP I) [1]
Pruned:  0: (PICK-UP I) [1]
Pruned:  0: (PICK-UP I) [1]
Pruned:  0: (PICK-UP I) [1]
Pruned:  0: (PICK-UP I) [1]
Pruned:  0: (PICK-UP I) [1]
Pruned:  0: (PICK-UP I) [1]
Pruned:  0: (PICK-UP I) [1]
Pruned:  0: (PICK-UP I) [1]
Pruned:  0: (PICK-UP I) [1]
Pruned:  0: (PICK-UP I) [1]
Pruned:  0: (PICK-UP I) [1]
Pruned:  0: (PICK-UP I) [1]
Pruned:  0: (PICK-UP I) [1]
Pruned:  0: (PICK-UP I) [1]
Pruned:  0: (PICK-UP I) [1]
Pruned:  0: (PICK-UP I) [1]
Pruned:  0: (PICK-UP I) [1]
Pruned:  0: (PICK-UP I) [1]
Pruned:  0: (PICK-UP I) [1]
Pruned:  0: (PICK-UP I) [1]
Pruned:  0: (PICK-UP I) [1]
Pruned:  0: (PICK-UP I) [1]
Pruned:  0: (PICK-UP I) [1]
Pruned:  0: (PICK-UP I) [1]
Pruned:  0: (PICK-UP I) [1]
Pruned:  0: (PICK-UP I) [1]
Pruned:  0: (PICK-UP I) [1]
Pruned:  0: (PICK-UP I) [1]
Pruned:  0: (PICK-UP I) [1]
Pruned:  0: (PICK-UP I) [1]
Pruned:  0: (PICK-UP I) [1]
Pruned:  0: (PICK-UP I) [1]
Pruned:  0: (PICK-UP I) [1]
Pruned:  0: (PICK-UP I) [1]
Pruned:  0: (PICK-UP I) [1]
Pruned:  0: (PICK-UP I) [1]
Pruned:  0: (PICK-UP I) [1]
Pruned:  0: (PICK-UP I) [1]
Pruned:  0: (PICK-UP I) [1]
Pruned:  0: (PICK-UP I) [1]
Pruned:  0: (PICK-UP I) [1]
Pruned:  0: (PICK-UP I) [1]
Pruned:  0: (PICK-UP I) [1]
Pruned:  0: (PICK-UP I) [1]
Pruned:  0: (PICK-UP I) [1]
Pruned:  0: (PICK-UP I) [1]
Pruned:  0: (PICK-UP I) [1]
Pruned:  0: (PICK-UP I) [1]
Pruned:  0: (PICK-UP I) [1]
Pruned:  0: (PICK-UP I) [1]
Pruned:  0: (PICK-UP I) [1]
Pruned:  0: (PICK-UP I) [1]
Pruned:  0: (PICK-UP I) [1]
Pruned:  0: (PICK-UP I) [1]
Pruned:  0: (PICK-UP I) [1]
Pruned:  0: (PICK-UP I) [1]
Pruned:  0: (PICK-UP I) [1]
Pruned:  0: (PICK-UP I) [1]
Pruned:  0: (PICK-UP I) [1]
Pruned:  0: (PICK-UP I) [1]
Pruned:  0: (PICK-UP I) [1]
Pruned:  0: (PICK-UP I) [1]
Pruned:  0: (PICK-UP I) [1]
Pruned:  0: (PICK-UP I) [1]
Pruned:  0: (PICK-UP I) [1]
Pruned:  0: (PICK-UP I) [1]
Pruned:  0: (PICK-UP I) [1]
Pruned:  0: (PICK-UP I) [1]
Pruned:  0: (PICK-UP I) [1]
Pruned:  0: (PICK-UP I) [1]
Pruned:  0: (PICK-UP I) [1]
Pruned:  0: (PICK-UP I) [1]
Pruned:  0: (PICK-UP I) [1]
Pruned:  0: (PICK-UP I) [1]
Pruned:  0: (PICK-UP I) [1]
Pruned:  0: (PICK-UP I) [1]
Pruned:  0: (PICK-UP I) [1]
Pruned:  0: (PICK-UP I) [1]
Pruned:  0: (PICK-UP I) [1]
Pruned:  0: (PICK-UP I) [1]
Pruned:  0: (PICK-UP I) [1]
Pruned:  0: (PICK-UP I) [1]
Pruned:  0: (PICK-UP I) [1]
Pruned:  0: (PICK-UP I) [1]
Pruned:  0: (PICK-UP I) [1]
Pruned:  0: (PICK-UP I) [1]
Pruned:  0: (PICK-UP I) [1]
Pruned:  0: (PICK-UP I) [1]
Pruned:  0: (PICK-UP I) [1]
Pruned:  0: (PICK-UP I) [1]
Pruned:  0: (PICK-UP I) [1]
Pruned:  0: (PICK-UP I) [1]
Pruned:  0: (PICK-UP I) [1]
Pruned:  0: (PICK-UP I) [1]
Pruned:  0: (PICK-UP I) [1]
Pruned:  0: (PICK-UP I) [1]
Pruned:  0: (PICK-UP I) [1]
Pruned:  0: (PICK-UP I) [1]
Pruned:  0: (PICK-UP I) [1]
Pruned:  0: (PICK-UP I) [1]
Pruned:  0: (PICK-UP I) [1]
Pruned:  0: (PICK-UP I) [1]
Pruned:  0: (PICK-UP I) [1]
Pruned:  0: (PICK-UP I) [1]
Pruned:  0: (PICK-UP I) [1]
Pruned:  0: (PICK-UP I) [1]
Pruned:  0: (PICK-UP I) [1]
Pruned:  0: (PICK-UP I) [1]
Pruned:  0: (PICK-UP I) [1]
Pruned:  0: (PICK-UP I) [1]
Pruned:  0: (PICK-UP I) [1]
Pruned:  0: (PICK-UP I) [1]
Pruned:  0: (PICK-UP I) [1]
Pruned:  0: (PICK-UP I) [1]
Pruned:  0: (PICK-UP I) [1]
Pruned:  0: (PICK-UP I) [1]
Pruned:  0: (PICK-UP I) [1]
Pruned:  0: (PICK-UP I) [1]
Pruned:  0: (PICK-UP I) [1]
Pruned:  0: (PICK-UP I) [1]
Pruned:  0: (PICK-UP I) [1]
Pruned:  0: (PICK-UP I) [1]
Pruned:  0: (PICK-UP I) [1]
Pruned:  0: (PICK-UP I) [1]
Pruned:  0: (PICK-UP I) [1]
Pruned:  0: (PICK-UP I) [1]
Pruned:  0: (PICK-UP I) [1]
Pruned:  0: (PICK-UP I) [1]
Pruned:  0: (PICK-UP I) [1]
Pruned:  0: (PICK-UP I) [1]
Pruned:  0: (PICK-UP I) [1]
Pruned:  0: (PICK-UP I) [1]
Pruned:  0: (PICK-UP I) [1]
Pruned:  0: (PICK-UP I) [1]
Pruned:  0: (PICK-UP I) [1]
Pruned:  0: (PICK-UP I) [1]
Pruned:  0: (PICK-UP I) [1]
Pruned:  0: (PICK-UP I) [1]
Pruned:  0: (PICK-UP I) [1]
Pruned:  0: (PICK-UP I) [1]
Pruned:  0: (PICK-UP I) [1]
Pruned:  0: (PICK-UP I) [1]
Pruned:  0: (PICK-UP I) [1]
Pruned:  0: (PICK-UP I) [1]
Pruned:  0: (PICK-UP I) [1]
Pruned:  0: (PICK-UP I) [1]
Pruned:  0: (PICK-UP I) [1]
Pruned:  0: (PICK-UP I) [1]
Pruned:  0: (PICK-UP I) [1]
Pruned:  0: (PICK-UP I) [1]
Pruned:  0: (PICK-UP I) [1]
Pruned:  0: (PICK-UP I) [1]
Pruned:  0: (PICK-UP I) [1]
---SatPlan Version: 1.1
***SAT!***

Solved in 34 layers

Real Time: = 3.03
User Time: = 2.4
Syst Time: = 0.6

__MEMKB 25216
