---SatPlan Version: 1.1

bb: parsing domain file
domain 'BLOCKS' defined
 ... done.
bb: parsing problem file
problem 'BLOCKS-10-1' defined
 ... done.


time:   0,    13 facts and       0 exclusive pairs
              15 ops   and       7 exclusive pairs
time:   1,    17 facts and      16 exclusive pairs

creating thin gp-based encoding...
plan graph layer 0...
plan graph layer 1...
goal constraints...

goal fact not coded - level too low??


bb: parsing domain file
domain 'BLOCKS' defined
 ... done.
bb: parsing problem file
problem 'BLOCKS-10-1' defined
 ... done.


time:   0,    13 facts and       0 exclusive pairs
              15 ops   and       7 exclusive pairs
time:   1,    17 facts and      16 exclusive pairs
              25 ops   and      98 exclusive pairs
time:   2,    21 facts and      36 exclusive pairs

creating thin gp-based encoding...
plan graph layer 0...
plan graph layer 1...
plan graph layer 2...
goal constraints...

goal fact not coded - level too low??


bb: parsing domain file
domain 'BLOCKS' defined
 ... done.
bb: parsing problem file
problem 'BLOCKS-10-1' defined
 ... done.


time:   0,    13 facts and       0 exclusive pairs
              15 ops   and       7 exclusive pairs
time:   1,    17 facts and      16 exclusive pairs
              25 ops   and      98 exclusive pairs
time:   2,    21 facts and      36 exclusive pairs
              35 ops   and     269 exclusive pairs
time:   3,    25 facts and      69 exclusive pairs

creating thin gp-based encoding...
plan graph layer 0...
plan graph layer 1...
plan graph layer 2...
plan graph layer 3...
goal constraints...

goal fact not coded - level too low??


bb: parsing domain file
domain 'BLOCKS' defined
 ... done.
bb: parsing problem file
problem 'BLOCKS-10-1' defined
 ... done.


time:   0,    13 facts and       0 exclusive pairs
              15 ops   and       7 exclusive pairs
time:   1,    17 facts and      16 exclusive pairs
              25 ops   and      98 exclusive pairs
time:   2,    21 facts and      36 exclusive pairs
              35 ops   and     269 exclusive pairs
time:   3,    25 facts and      69 exclusive pairs
              49 ops   and     657 exclusive pairs
time:   4,    33 facts and     170 exclusive pairs

creating thin gp-based encoding...
plan graph layer 0...
plan graph layer 1...
plan graph layer 2...
plan graph layer 3...
plan graph layer 4...
goal constraints...

goal fact not coded - level too low??


bb: parsing domain file
domain 'BLOCKS' defined
 ... done.
bb: parsing problem file
problem 'BLOCKS-10-1' defined
 ... done.


time:   0,    13 facts and       0 exclusive pairs
              15 ops   and       7 exclusive pairs
time:   1,    17 facts and      16 exclusive pairs
              25 ops   and      98 exclusive pairs
time:   2,    21 facts and      36 exclusive pairs
              35 ops   and     269 exclusive pairs
time:   3,    25 facts and      69 exclusive pairs
              49 ops   and     657 exclusive pairs
time:   4,    33 facts and     170 exclusive pairs
              69 ops   and    1498 exclusive pairs
time:   5,    38 facts and     226 exclusive pairs

creating thin gp-based encoding...
plan graph layer 0...
plan graph layer 1...
plan graph layer 2...
plan graph layer 3...
plan graph layer 4...
plan graph layer 5...
goal constraints...

goal fact not coded - level too low??


bb: parsing domain file
domain 'BLOCKS' defined
 ... done.
bb: parsing problem file
problem 'BLOCKS-10-1' defined
 ... done.


time:   0,    13 facts and       0 exclusive pairs
              15 ops   and       7 exclusive pairs
time:   1,    17 facts and      16 exclusive pairs
              25 ops   and      98 exclusive pairs
time:   2,    21 facts and      36 exclusive pairs
              35 ops   and     269 exclusive pairs
time:   3,    25 facts and      69 exclusive pairs
              49 ops   and     657 exclusive pairs
time:   4,    33 facts and     170 exclusive pairs
              69 ops   and    1498 exclusive pairs
time:   5,    38 facts and     226 exclusive pairs
              93 ops   and    2905 exclusive pairs
time:   6,    53 facts and     582 exclusive pairs

creating thin gp-based encoding...
plan graph layer 0...
plan graph layer 1...
plan graph layer 2...
plan graph layer 3...
plan graph layer 4...
plan graph layer 5...
plan graph layer 6...
goal constraints...

goal fact not coded - level too low??


bb: parsing domain file
domain 'BLOCKS' defined
 ... done.
bb: parsing problem file
problem 'BLOCKS-10-1' defined
 ... done.


time:   0,    13 facts and       0 exclusive pairs
              15 ops   and       7 exclusive pairs
time:   1,    17 facts and      16 exclusive pairs
              25 ops   and      98 exclusive pairs
time:   2,    21 facts and      36 exclusive pairs
              35 ops   and     269 exclusive pairs
time:   3,    25 facts and      69 exclusive pairs
              49 ops   and     657 exclusive pairs
time:   4,    33 facts and     170 exclusive pairs
              69 ops   and    1498 exclusive pairs
time:   5,    38 facts and     226 exclusive pairs
              93 ops   and    2905 exclusive pairs
time:   6,    53 facts and     582 exclusive pairs
             126 ops   and    5632 exclusive pairs
time:   7,    57 facts and     551 exclusive pairs

creating thin gp-based encoding...
plan graph layer 0...
plan graph layer 1...
plan graph layer 2...
plan graph layer 3...
plan graph layer 4...
plan graph layer 5...
plan graph layer 6...
plan graph layer 7...
goal constraints...

goal fact not coded - level too low??


bb: parsing domain file
domain 'BLOCKS' defined
 ... done.
bb: parsing problem file
problem 'BLOCKS-10-1' defined
 ... done.


time:   0,    13 facts and       0 exclusive pairs
              15 ops   and       7 exclusive pairs
time:   1,    17 facts and      16 exclusive pairs
              25 ops   and      98 exclusive pairs
time:   2,    21 facts and      36 exclusive pairs
              35 ops   and     269 exclusive pairs
time:   3,    25 facts and      69 exclusive pairs
              49 ops   and     657 exclusive pairs
time:   4,    33 facts and     170 exclusive pairs
              69 ops   and    1498 exclusive pairs
time:   5,    38 facts and     226 exclusive pairs
              93 ops   and    2905 exclusive pairs
time:   6,    53 facts and     582 exclusive pairs
             126 ops   and    5632 exclusive pairs
time:   7,    57 facts and     551 exclusive pairs
             145 ops   and    7052 exclusive pairs
time:   8,    69 facts and     797 exclusive pairs

creating thin gp-based encoding...
plan graph layer 0...
plan graph layer 1...
plan graph layer 2...
plan graph layer 3...
plan graph layer 4...
plan graph layer 5...
plan graph layer 6...
plan graph layer 7...
plan graph layer 8...
goal constraints...

goal fact not coded - level too low??


bb: parsing domain file
domain 'BLOCKS' defined
 ... done.
bb: parsing problem file
problem 'BLOCKS-10-1' defined
 ... done.


time:   0,    13 facts and       0 exclusive pairs
              15 ops   and       7 exclusive pairs
time:   1,    17 facts and      16 exclusive pairs
              25 ops   and      98 exclusive pairs
time:   2,    21 facts and      36 exclusive pairs
              35 ops   and     269 exclusive pairs
time:   3,    25 facts and      69 exclusive pairs
              49 ops   and     657 exclusive pairs
time:   4,    33 facts and     170 exclusive pairs
              69 ops   and    1498 exclusive pairs
time:   5,    38 facts and     226 exclusive pairs
              93 ops   and    2905 exclusive pairs
time:   6,    53 facts and     582 exclusive pairs
             126 ops   and    5632 exclusive pairs
time:   7,    57 facts and     551 exclusive pairs
             145 ops   and    7052 exclusive pairs
time:   8,    69 facts and     797 exclusive pairs
             170 ops   and    9508 exclusive pairs
time:   9,    71 facts and     629 exclusive pairs

creating thin gp-based encoding...
plan graph layer 0...
plan graph layer 1...
plan graph layer 2...
plan graph layer 3...
plan graph layer 4...
plan graph layer 5...
plan graph layer 6...
plan graph layer 7...
plan graph layer 8...
plan graph layer 9...
goal constraints...

goal fact not coded - level too low??


bb: parsing domain file
domain 'BLOCKS' defined
 ... done.
bb: parsing problem file
problem 'BLOCKS-10-1' defined
 ... done.


time:   0,    13 facts and       0 exclusive pairs
              15 ops   and       7 exclusive pairs
time:   1,    17 facts and      16 exclusive pairs
              25 ops   and      98 exclusive pairs
time:   2,    21 facts and      36 exclusive pairs
              35 ops   and     269 exclusive pairs
time:   3,    25 facts and      69 exclusive pairs
              49 ops   and     657 exclusive pairs
time:   4,    33 facts and     170 exclusive pairs
              69 ops   and    1498 exclusive pairs
time:   5,    38 facts and     226 exclusive pairs
              93 ops   and    2905 exclusive pairs
time:   6,    53 facts and     582 exclusive pairs
             126 ops   and    5632 exclusive pairs
time:   7,    57 facts and     551 exclusive pairs
             145 ops   and    7052 exclusive pairs
time:   8,    69 facts and     797 exclusive pairs
             170 ops   and    9508 exclusive pairs
time:   9,    71 facts and     629 exclusive pairs
             187 ops   and   10889 exclusive pairs
time:  10,    85 facts and     984 exclusive pairs

creating thin gp-based encoding...
plan graph layer 0...
plan graph layer 1...
plan graph layer 2...
plan graph layer 3...
plan graph layer 4...
plan graph layer 5...
plan graph layer 6...
plan graph layer 7...
plan graph layer 8...
plan graph layer 9...
plan graph layer 10...
goal constraints...

goal fact not coded - level too low??


bb: parsing domain file
domain 'BLOCKS' defined
 ... done.
bb: parsing problem file
problem 'BLOCKS-10-1' defined
 ... done.


time:   0,    13 facts and       0 exclusive pairs
              15 ops   and       7 exclusive pairs
time:   1,    17 facts and      16 exclusive pairs
              25 ops   and      98 exclusive pairs
time:   2,    21 facts and      36 exclusive pairs
              35 ops   and     269 exclusive pairs
time:   3,    25 facts and      69 exclusive pairs
              49 ops   and     657 exclusive pairs
time:   4,    33 facts and     170 exclusive pairs
              69 ops   and    1498 exclusive pairs
time:   5,    38 facts and     226 exclusive pairs
              93 ops   and    2905 exclusive pairs
time:   6,    53 facts and     582 exclusive pairs
             126 ops   and    5632 exclusive pairs
time:   7,    57 facts and     551 exclusive pairs
             145 ops   and    7052 exclusive pairs
time:   8,    69 facts and     797 exclusive pairs
             170 ops   and    9508 exclusive pairs
time:   9,    71 facts and     629 exclusive pairs
             187 ops   and   10889 exclusive pairs
time:  10,    85 facts and     984 exclusive pairs
             216 ops   and   14641 exclusive pairs
time:  11,    87 facts and     834 exclusive pairs

creating thin gp-based encoding...
plan graph layer 0...
plan graph layer 1...
plan graph layer 2...
plan graph layer 3...
plan graph layer 4...
plan graph layer 5...
plan graph layer 6...
plan graph layer 7...
plan graph layer 8...
plan graph layer 9...
plan graph layer 10...
plan graph layer 11...
goal constraints...

goal fact not coded - level too low??


bb: parsing domain file
domain 'BLOCKS' defined
 ... done.
bb: parsing problem file
problem 'BLOCKS-10-1' defined
 ... done.


time:   0,    13 facts and       0 exclusive pairs
              15 ops   and       7 exclusive pairs
time:   1,    17 facts and      16 exclusive pairs
              25 ops   and      98 exclusive pairs
time:   2,    21 facts and      36 exclusive pairs
              35 ops   and     269 exclusive pairs
time:   3,    25 facts and      69 exclusive pairs
              49 ops   and     657 exclusive pairs
time:   4,    33 facts and     170 exclusive pairs
              69 ops   and    1498 exclusive pairs
time:   5,    38 facts and     226 exclusive pairs
              93 ops   and    2905 exclusive pairs
time:   6,    53 facts and     582 exclusive pairs
             126 ops   and    5632 exclusive pairs
time:   7,    57 facts and     551 exclusive pairs
             145 ops   and    7052 exclusive pairs
time:   8,    69 facts and     797 exclusive pairs
             170 ops   and    9508 exclusive pairs
time:   9,    71 facts and     629 exclusive pairs
             187 ops   and   10889 exclusive pairs
time:  10,    85 facts and     984 exclusive pairs
             216 ops   and   14641 exclusive pairs
time:  11,    87 facts and     834 exclusive pairs
             235 ops   and   16774 exclusive pairs
time:  12,   103 facts and    1304 exclusive pairs

creating thin gp-based encoding...
plan graph layer 0...
plan graph layer 1...
plan graph layer 2...
plan graph layer 3...
plan graph layer 4...
plan graph layer 5...
plan graph layer 6...
plan graph layer 7...
plan graph layer 8...
plan graph layer 9...
plan graph layer 10...
plan graph layer 11...
plan graph layer 12...
goal constraints...

goal fact not coded - level too low??


bb: parsing domain file
domain 'BLOCKS' defined
 ... done.
bb: parsing problem file
problem 'BLOCKS-10-1' defined
 ... done.


time:   0,    13 facts and       0 exclusive pairs
              15 ops   and       7 exclusive pairs
time:   1,    17 facts and      16 exclusive pairs
              25 ops   and      98 exclusive pairs
time:   2,    21 facts and      36 exclusive pairs
              35 ops   and     269 exclusive pairs
time:   3,    25 facts and      69 exclusive pairs
              49 ops   and     657 exclusive pairs
time:   4,    33 facts and     170 exclusive pairs
              69 ops   and    1498 exclusive pairs
time:   5,    38 facts and     226 exclusive pairs
              93 ops   and    2905 exclusive pairs
time:   6,    53 facts and     582 exclusive pairs
             126 ops   and    5632 exclusive pairs
time:   7,    57 facts and     551 exclusive pairs
             145 ops   and    7052 exclusive pairs
time:   8,    69 facts and     797 exclusive pairs
             170 ops   and    9508 exclusive pairs
time:   9,    71 facts and     629 exclusive pairs
             187 ops   and   10889 exclusive pairs
time:  10,    85 facts and     984 exclusive pairs
             216 ops   and   14641 exclusive pairs
time:  11,    87 facts and     834 exclusive pairs
             235 ops   and   16774 exclusive pairs
time:  12,   103 facts and    1304 exclusive pairs
             268 ops   and   22082 exclusive pairs
time:  13,   104 facts and    1107 exclusive pairs

creating thin gp-based encoding...
plan graph layer 0...
plan graph layer 1...
plan graph layer 2...
plan graph layer 3...
plan graph layer 4...
plan graph layer 5...
plan graph layer 6...
plan graph layer 7...
plan graph layer 8...
plan graph layer 9...
plan graph layer 10...
plan graph layer 11...
plan graph layer 12...
plan graph layer 13...
goal constraints...

goal fact not coded - level too low??


bb: parsing domain file
domain 'BLOCKS' defined
 ... done.
bb: parsing problem file
problem 'BLOCKS-10-1' defined
 ... done.


time:   0,    13 facts and       0 exclusive pairs
              15 ops   and       7 exclusive pairs
time:   1,    17 facts and      16 exclusive pairs
              25 ops   and      98 exclusive pairs
time:   2,    21 facts and      36 exclusive pairs
              35 ops   and     269 exclusive pairs
time:   3,    25 facts and      69 exclusive pairs
              49 ops   and     657 exclusive pairs
time:   4,    33 facts and     170 exclusive pairs
              69 ops   and    1498 exclusive pairs
time:   5,    38 facts and     226 exclusive pairs
              93 ops   and    2905 exclusive pairs
time:   6,    53 facts and     582 exclusive pairs
             126 ops   and    5632 exclusive pairs
time:   7,    57 facts and     551 exclusive pairs
             145 ops   and    7052 exclusive pairs
time:   8,    69 facts and     797 exclusive pairs
             170 ops   and    9508 exclusive pairs
time:   9,    71 facts and     629 exclusive pairs
             187 ops   and   10889 exclusive pairs
time:  10,    85 facts and     984 exclusive pairs
             216 ops   and   14641 exclusive pairs
time:  11,    87 facts and     834 exclusive pairs
             235 ops   and   16774 exclusive pairs
time:  12,   103 facts and    1304 exclusive pairs
             268 ops   and   22082 exclusive pairs
time:  13,   104 facts and    1107 exclusive pairs
             287 ops   and   24598 exclusive pairs
time:  14,   121 facts and    1656 exclusive pairs

creating thin gp-based encoding...
plan graph layer 0...
plan graph layer 1...
plan graph layer 2...
plan graph layer 3...
plan graph layer 4...
plan graph layer 5...
plan graph layer 6...
plan graph layer 7...
plan graph layer 8...
plan graph layer 9...
plan graph layer 10...
plan graph layer 11...
plan graph layer 12...
plan graph layer 13...
plan graph layer 14...
goal constraints...
exclusion constraints layer 0...
exclusion constraints layer 1...
exclusion constraints layer 2...
exclusion constraints layer 3...
exclusion constraints layer 4...
exclusion constraints layer 5...
exclusion constraints layer 6...
exclusion constraints layer 7...
exclusion constraints layer 8...
exclusion constraints layer 9...
exclusion constraints layer 10...
exclusion constraints layer 11...
exclusion constraints layer 12...
exclusion constraints layer 13...
exclusion constraints layer 14...

DECISION LAYER 14, WRITING THIN GP-BASED ENCODING WITH 2817 VARS, 74202 CLAUSES.

time spent:    0.00 seconds instantiating 220 action templates
               0.00 seconds reachability analysis, yielding 131 facts and 220 actions
               0.00 seconds collecting 131 relevant facts
               0.00 seconds building connectivity graph
               0.00 seconds building (std) graph
               0.01 seconds CNF output time
               0.01 seconds total planner time (solving not included)


***Solving***


[ filemap ]
[ extract ]

variables : 2817
pure lits : 125

1-clauses : 9
2-clauses : 73478
3-clauses : 548
n-clauses : 167
discarded : 0

[ solve ]


unsatisfiable                             

[ stats ]

decisions : 0
conflicts : 1
time : ~0.01

***UNSAT***


bb: parsing domain file
domain 'BLOCKS' defined
 ... done.
bb: parsing problem file
problem 'BLOCKS-10-1' defined
 ... done.


time:   0,    13 facts and       0 exclusive pairs
              15 ops   and       7 exclusive pairs
time:   1,    17 facts and      16 exclusive pairs
              25 ops   and      98 exclusive pairs
time:   2,    21 facts and      36 exclusive pairs
              35 ops   and     269 exclusive pairs
time:   3,    25 facts and      69 exclusive pairs
              49 ops   and     657 exclusive pairs
time:   4,    33 facts and     170 exclusive pairs
              69 ops   and    1498 exclusive pairs
time:   5,    38 facts and     226 exclusive pairs
              93 ops   and    2905 exclusive pairs
time:   6,    53 facts and     582 exclusive pairs
             126 ops   and    5632 exclusive pairs
time:   7,    57 facts and     551 exclusive pairs
             145 ops   and    7052 exclusive pairs
time:   8,    69 facts and     797 exclusive pairs
             170 ops   and    9508 exclusive pairs
time:   9,    71 facts and     629 exclusive pairs
             187 ops   and   10889 exclusive pairs
time:  10,    85 facts and     984 exclusive pairs
             216 ops   and   14641 exclusive pairs
time:  11,    87 facts and     834 exclusive pairs
             235 ops   and   16774 exclusive pairs
time:  12,   103 facts and    1304 exclusive pairs
             268 ops   and   22082 exclusive pairs
time:  13,   104 facts and    1107 exclusive pairs
             287 ops   and   24598 exclusive pairs
time:  14,   121 facts and    1656 exclusive pairs
             321 ops   and   31145 exclusive pairs
time:  15,   121 facts and    1400 exclusive pairs

creating thin gp-based encoding...
plan graph layer 0...
plan graph layer 1...
plan graph layer 2...
plan graph layer 3...
plan graph layer 4...
plan graph layer 5...
plan graph layer 6...
plan graph layer 7...
plan graph layer 8...
plan graph layer 9...
plan graph layer 10...
plan graph layer 11...
plan graph layer 12...
plan graph layer 13...
plan graph layer 14...
plan graph layer 15...
goal constraints...
exclusion constraints layer 0...
exclusion constraints layer 1...
exclusion constraints layer 2...
exclusion constraints layer 3...
exclusion constraints layer 4...
exclusion constraints layer 5...
exclusion constraints layer 6...
exclusion constraints layer 7...
exclusion constraints layer 8...
exclusion constraints layer 9...
exclusion constraints layer 10...
exclusion constraints layer 11...
exclusion constraints layer 12...
exclusion constraints layer 13...
exclusion constraints layer 14...
exclusion constraints layer 15...

DECISION LAYER 15, WRITING THIN GP-BASED ENCODING WITH 3259 VARS, 93439 CLAUSES.

time spent:    0.00 seconds instantiating 220 action templates
               0.00 seconds reachability analysis, yielding 131 facts and 220 actions
               0.00 seconds collecting 131 relevant facts
               0.00 seconds building connectivity graph
               0.00 seconds building (std) graph
               0.01 seconds CNF output time
               0.01 seconds total planner time (solving not included)


***Solving***


[ filemap ]
[ extract ]

variables : 3259
pure lits : 125

1-clauses : 9
2-clauses : 92594
3-clauses : 648
n-clauses : 188
discarded : 0

[ solve ]


unsatisfiable                             

[ stats ]

decisions : 0
conflicts : 1
time : ~0.01

***UNSAT***


bb: parsing domain file
domain 'BLOCKS' defined
 ... done.
bb: parsing problem file
problem 'BLOCKS-10-1' defined
 ... done.


time:   0,    13 facts and       0 exclusive pairs
              15 ops   and       7 exclusive pairs
time:   1,    17 facts and      16 exclusive pairs
              25 ops   and      98 exclusive pairs
time:   2,    21 facts and      36 exclusive pairs
              35 ops   and     269 exclusive pairs
time:   3,    25 facts and      69 exclusive pairs
              49 ops   and     657 exclusive pairs
time:   4,    33 facts and     170 exclusive pairs
              69 ops   and    1498 exclusive pairs
time:   5,    38 facts and     226 exclusive pairs
              93 ops   and    2905 exclusive pairs
time:   6,    53 facts and     582 exclusive pairs
             126 ops   and    5632 exclusive pairs
time:   7,    57 facts and     551 exclusive pairs
             145 ops   and    7052 exclusive pairs
time:   8,    69 facts and     797 exclusive pairs
             170 ops   and    9508 exclusive pairs
time:   9,    71 facts and     629 exclusive pairs
             187 ops   and   10889 exclusive pairs
time:  10,    85 facts and     984 exclusive pairs
             216 ops   and   14641 exclusive pairs
time:  11,    87 facts and     834 exclusive pairs
             235 ops   and   16774 exclusive pairs
time:  12,   103 facts and    1304 exclusive pairs
             268 ops   and   22082 exclusive pairs
time:  13,   104 facts and    1107 exclusive pairs
             287 ops   and   24598 exclusive pairs
time:  14,   121 facts and    1656 exclusive pairs
             321 ops   and   31145 exclusive pairs
time:  15,   121 facts and    1400 exclusive pairs
             321 ops   and   29376 exclusive pairs
time:  16,   121 facts and    1200 exclusive pairs

creating thin gp-based encoding...
plan graph layer 0...
plan graph layer 1...
plan graph layer 2...
plan graph layer 3...
plan graph layer 4...
plan graph layer 5...
plan graph layer 6...
plan graph layer 7...
plan graph layer 8...
plan graph layer 9...
plan graph layer 10...
plan graph layer 11...
plan graph layer 12...
plan graph layer 13...
plan graph layer 14...
plan graph layer 15...
plan graph layer 16...
goal constraints...
exclusion constraints layer 0...
exclusion constraints layer 1...
exclusion constraints layer 2...
exclusion constraints layer 3...
exclusion constraints layer 4...
exclusion constraints layer 5...
exclusion constraints layer 6...
exclusion constraints layer 7...
exclusion constraints layer 8...
exclusion constraints layer 9...
exclusion constraints layer 10...
exclusion constraints layer 11...
exclusion constraints layer 12...
exclusion constraints layer 13...
exclusion constraints layer 14...
exclusion constraints layer 15...
exclusion constraints layer 16...

DECISION LAYER 16, WRITING THIN GP-BASED ENCODING WITH 3701 VARS, 112476 CLAUSES.

time spent:    0.00 seconds instantiating 220 action templates
               0.00 seconds reachability analysis, yielding 131 facts and 220 actions
               0.00 seconds collecting 131 relevant facts
               0.00 seconds building connectivity graph
               0.00 seconds building (std) graph
               0.02 seconds CNF output time
               0.02 seconds total planner time (solving not included)


***Solving***


[ filemap ]
[ extract ]

variables : 3701
pure lits : 125

1-clauses : 9
2-clauses : 111510
3-clauses : 748
n-clauses : 209
discarded : 0

[ solve ]


unsatisfiable                             

[ stats ]

decisions : 129
conflicts : 3
time : ~0.01

***UNSAT***


bb: parsing domain file
domain 'BLOCKS' defined
 ... done.
bb: parsing problem file
problem 'BLOCKS-10-1' defined
 ... done.


time:   0,    13 facts and       0 exclusive pairs
              15 ops   and       7 exclusive pairs
time:   1,    17 facts and      16 exclusive pairs
              25 ops   and      98 exclusive pairs
time:   2,    21 facts and      36 exclusive pairs
              35 ops   and     269 exclusive pairs
time:   3,    25 facts and      69 exclusive pairs
              49 ops   and     657 exclusive pairs
time:   4,    33 facts and     170 exclusive pairs
              69 ops   and    1498 exclusive pairs
time:   5,    38 facts and     226 exclusive pairs
              93 ops   and    2905 exclusive pairs
time:   6,    53 facts and     582 exclusive pairs
             126 ops   and    5632 exclusive pairs
time:   7,    57 facts and     551 exclusive pairs
             145 ops   and    7052 exclusive pairs
time:   8,    69 facts and     797 exclusive pairs
             170 ops   and    9508 exclusive pairs
time:   9,    71 facts and     629 exclusive pairs
             187 ops   and   10889 exclusive pairs
time:  10,    85 facts and     984 exclusive pairs
             216 ops   and   14641 exclusive pairs
time:  11,    87 facts and     834 exclusive pairs
             235 ops   and   16774 exclusive pairs
time:  12,   103 facts and    1304 exclusive pairs
             268 ops   and   22082 exclusive pairs
time:  13,   104 facts and    1107 exclusive pairs
             287 ops   and   24598 exclusive pairs
time:  14,   121 facts and    1656 exclusive pairs
             321 ops   and   31145 exclusive pairs
time:  15,   121 facts and    1400 exclusive pairs
             321 ops   and   29376 exclusive pairs
time:  16,   121 facts and    1200 exclusive pairs
graph has leveled off at time step 17


             321 ops   and   28920 exclusive pairs
time:  17,   121 facts and    1200 exclusive pairs

creating thin gp-based encoding...
plan graph layer 0...
plan graph layer 1...
plan graph layer 2...
plan graph layer 3...
plan graph layer 4...
plan graph layer 5...
plan graph layer 6...
plan graph layer 7...
plan graph layer 8...
plan graph layer 9...
plan graph layer 10...
plan graph layer 11...
plan graph layer 12...
plan graph layer 13...
plan graph layer 14...
plan graph layer 15...
plan graph layer 16...
plan graph layer 17...
goal constraints...
exclusion constraints layer 0...
exclusion constraints layer 1...
exclusion constraints layer 2...
exclusion constraints layer 3...
exclusion constraints layer 4...
exclusion constraints layer 5...
exclusion constraints layer 6...
exclusion constraints layer 7...
exclusion constraints layer 8...
exclusion constraints layer 9...
exclusion constraints layer 10...
exclusion constraints layer 11...
exclusion constraints layer 12...
exclusion constraints layer 13...
exclusion constraints layer 14...
exclusion constraints layer 15...
exclusion constraints layer 16...
exclusion constraints layer 17...

DECISION LAYER 17, WRITING THIN GP-BASED ENCODING WITH 4143 VARS, 131513 CLAUSES.

time spent:    0.00 seconds instantiating 220 action templates
               0.00 seconds reachability analysis, yielding 131 facts and 220 actions
               0.00 seconds collecting 131 relevant facts
               0.00 seconds building connectivity graph
               0.00 seconds building (std) graph
               0.02 seconds CNF output time
               0.02 seconds total planner time (solving not included)


***Solving***


[ filemap ]
[ extract ]

variables : 4143
pure lits : 125

1-clauses : 9
2-clauses : 130426
3-clauses : 848
n-clauses : 230
discarded : 0

[ solve ]


unsatisfiable                             

[ stats ]

decisions : 323
conflicts : 18
time : ~0.01

***UNSAT***


bb: parsing domain file
domain 'BLOCKS' defined
 ... done.
bb: parsing problem file
problem 'BLOCKS-10-1' defined
 ... done.


time:   0,    13 facts and       0 exclusive pairs
              15 ops   and       7 exclusive pairs
time:   1,    17 facts and      16 exclusive pairs
              25 ops   and      98 exclusive pairs
time:   2,    21 facts and      36 exclusive pairs
              35 ops   and     269 exclusive pairs
time:   3,    25 facts and      69 exclusive pairs
              49 ops   and     657 exclusive pairs
time:   4,    33 facts and     170 exclusive pairs
              69 ops   and    1498 exclusive pairs
time:   5,    38 facts and     226 exclusive pairs
              93 ops   and    2905 exclusive pairs
time:   6,    53 facts and     582 exclusive pairs
             126 ops   and    5632 exclusive pairs
time:   7,    57 facts and     551 exclusive pairs
             145 ops   and    7052 exclusive pairs
time:   8,    69 facts and     797 exclusive pairs
             170 ops   and    9508 exclusive pairs
time:   9,    71 facts and     629 exclusive pairs
             187 ops   and   10889 exclusive pairs
time:  10,    85 facts and     984 exclusive pairs
             216 ops   and   14641 exclusive pairs
time:  11,    87 facts and     834 exclusive pairs
             235 ops   and   16774 exclusive pairs
time:  12,   103 facts and    1304 exclusive pairs
             268 ops   and   22082 exclusive pairs
time:  13,   104 facts and    1107 exclusive pairs
             287 ops   and   24598 exclusive pairs
time:  14,   121 facts and    1656 exclusive pairs
             321 ops   and   31145 exclusive pairs
time:  15,   121 facts and    1400 exclusive pairs
             321 ops   and   29376 exclusive pairs
time:  16,   121 facts and    1200 exclusive pairs
graph has leveled off at time step 17


             321 ops   and   28920 exclusive pairs
time:  17,   121 facts and    1200 exclusive pairs
             321 ops   and   28920 exclusive pairs
time:  18,   121 facts and    1200 exclusive pairs

creating thin gp-based encoding...
plan graph layer 0...
plan graph layer 1...
plan graph layer 2...
plan graph layer 3...
plan graph layer 4...
plan graph layer 5...
plan graph layer 6...
plan graph layer 7...
plan graph layer 8...
plan graph layer 9...
plan graph layer 10...
plan graph layer 11...
plan graph layer 12...
plan graph layer 13...
plan graph layer 14...
plan graph layer 15...
plan graph layer 16...
plan graph layer 17...
plan graph layer 18...
goal constraints...
exclusion constraints layer 0...
exclusion constraints layer 1...
exclusion constraints layer 2...
exclusion constraints layer 3...
exclusion constraints layer 4...
exclusion constraints layer 5...
exclusion constraints layer 6...
exclusion constraints layer 7...
exclusion constraints layer 8...
exclusion constraints layer 9...
exclusion constraints layer 10...
exclusion constraints layer 11...
exclusion constraints layer 12...
exclusion constraints layer 13...
exclusion constraints layer 14...
exclusion constraints layer 15...
exclusion constraints layer 16...
exclusion constraints layer 17...
exclusion constraints layer 18...

DECISION LAYER 18, WRITING THIN GP-BASED ENCODING WITH 4585 VARS, 150550 CLAUSES.

time spent:    0.00 seconds instantiating 220 action templates
               0.00 seconds reachability analysis, yielding 131 facts and 220 actions
               0.00 seconds collecting 131 relevant facts
               0.00 seconds building connectivity graph
               0.00 seconds building (std) graph
               0.02 seconds CNF output time
               0.02 seconds total planner time (solving not included)


***Solving***


[ filemap ]
[ extract ]

variables : 4585
pure lits : 125

1-clauses : 9
2-clauses : 149342
3-clauses : 948
n-clauses : 251
discarded : 0

[ solve ]


unsatisfiable                             

[ stats ]

decisions : 446
conflicts : 20
time : ~0.01

***UNSAT***


bb: parsing domain file
domain 'BLOCKS' defined
 ... done.
bb: parsing problem file
problem 'BLOCKS-10-1' defined
 ... done.


time:   0,    13 facts and       0 exclusive pairs
              15 ops   and       7 exclusive pairs
time:   1,    17 facts and      16 exclusive pairs
              25 ops   and      98 exclusive pairs
time:   2,    21 facts and      36 exclusive pairs
              35 ops   and     269 exclusive pairs
time:   3,    25 facts and      69 exclusive pairs
              49 ops   and     657 exclusive pairs
time:   4,    33 facts and     170 exclusive pairs
              69 ops   and    1498 exclusive pairs
time:   5,    38 facts and     226 exclusive pairs
              93 ops   and    2905 exclusive pairs
time:   6,    53 facts and     582 exclusive pairs
             126 ops   and    5632 exclusive pairs
time:   7,    57 facts and     551 exclusive pairs
             145 ops   and    7052 exclusive pairs
time:   8,    69 facts and     797 exclusive pairs
             170 ops   and    9508 exclusive pairs
time:   9,    71 facts and     629 exclusive pairs
             187 ops   and   10889 exclusive pairs
time:  10,    85 facts and     984 exclusive pairs
             216 ops   and   14641 exclusive pairs
time:  11,    87 facts and     834 exclusive pairs
             235 ops   and   16774 exclusive pairs
time:  12,   103 facts and    1304 exclusive pairs
             268 ops   and   22082 exclusive pairs
time:  13,   104 facts and    1107 exclusive pairs
             287 ops   and   24598 exclusive pairs
time:  14,   121 facts and    1656 exclusive pairs
             321 ops   and   31145 exclusive pairs
time:  15,   121 facts and    1400 exclusive pairs
             321 ops   and   29376 exclusive pairs
time:  16,   121 facts and    1200 exclusive pairs
graph has leveled off at time step 17


             321 ops   and   28920 exclusive pairs
time:  17,   121 facts and    1200 exclusive pairs
             321 ops   and   28920 exclusive pairs
time:  18,   121 facts and    1200 exclusive pairs
             321 ops   and   28920 exclusive pairs
time:  19,   121 facts and    1200 exclusive pairs

creating thin gp-based encoding...
plan graph layer 0...
plan graph layer 1...
plan graph layer 2...
plan graph layer 3...
plan graph layer 4...
plan graph layer 5...
plan graph layer 6...
plan graph layer 7...
plan graph layer 8...
plan graph layer 9...
plan graph layer 10...
plan graph layer 11...
plan graph layer 12...
plan graph layer 13...
plan graph layer 14...
plan graph layer 15...
plan graph layer 16...
plan graph layer 17...
plan graph layer 18...
plan graph layer 19...
goal constraints...
exclusion constraints layer 0...
exclusion constraints layer 1...
exclusion constraints layer 2...
exclusion constraints layer 3...
exclusion constraints layer 4...
exclusion constraints layer 5...
exclusion constraints layer 6...
exclusion constraints layer 7...
exclusion constraints layer 8...
exclusion constraints layer 9...
exclusion constraints layer 10...
exclusion constraints layer 11...
exclusion constraints layer 12...
exclusion constraints layer 13...
exclusion constraints layer 14...
exclusion constraints layer 15...
exclusion constraints layer 16...
exclusion constraints layer 17...
exclusion constraints layer 18...
exclusion constraints layer 19...

DECISION LAYER 19, WRITING THIN GP-BASED ENCODING WITH 5027 VARS, 169587 CLAUSES.

time spent:    0.00 seconds instantiating 220 action templates
               0.00 seconds reachability analysis, yielding 131 facts and 220 actions
               0.00 seconds collecting 131 relevant facts
               0.00 seconds building connectivity graph
               0.00 seconds building (std) graph
               0.02 seconds CNF output time
               0.02 seconds total planner time (solving not included)


***Solving***


[ filemap ]
[ extract ]

variables : 5027
pure lits : 125

1-clauses : 9
2-clauses : 168258
3-clauses : 1048
n-clauses : 272
discarded : 0

[ solve ]


unsatisfiable                             

[ stats ]

decisions : 3867
conflicts : 103
time : ~0.01

***UNSAT***


bb: parsing domain file
domain 'BLOCKS' defined
 ... done.
bb: parsing problem file
problem 'BLOCKS-10-1' defined
 ... done.


time:   0,    13 facts and       0 exclusive pairs
              15 ops   and       7 exclusive pairs
time:   1,    17 facts and      16 exclusive pairs
              25 ops   and      98 exclusive pairs
time:   2,    21 facts and      36 exclusive pairs
              35 ops   and     269 exclusive pairs
time:   3,    25 facts and      69 exclusive pairs
              49 ops   and     657 exclusive pairs
time:   4,    33 facts and     170 exclusive pairs
              69 ops   and    1498 exclusive pairs
time:   5,    38 facts and     226 exclusive pairs
              93 ops   and    2905 exclusive pairs
time:   6,    53 facts and     582 exclusive pairs
             126 ops   and    5632 exclusive pairs
time:   7,    57 facts and     551 exclusive pairs
             145 ops   and    7052 exclusive pairs
time:   8,    69 facts and     797 exclusive pairs
             170 ops   and    9508 exclusive pairs
time:   9,    71 facts and     629 exclusive pairs
             187 ops   and   10889 exclusive pairs
time:  10,    85 facts and     984 exclusive pairs
             216 ops   and   14641 exclusive pairs
time:  11,    87 facts and     834 exclusive pairs
             235 ops   and   16774 exclusive pairs
time:  12,   103 facts and    1304 exclusive pairs
             268 ops   and   22082 exclusive pairs
time:  13,   104 facts and    1107 exclusive pairs
             287 ops   and   24598 exclusive pairs
time:  14,   121 facts and    1656 exclusive pairs
             321 ops   and   31145 exclusive pairs
time:  15,   121 facts and    1400 exclusive pairs
             321 ops   and   29376 exclusive pairs
time:  16,   121 facts and    1200 exclusive pairs
graph has leveled off at time step 17


             321 ops   and   28920 exclusive pairs
time:  17,   121 facts and    1200 exclusive pairs
             321 ops   and   28920 exclusive pairs
time:  18,   121 facts and    1200 exclusive pairs
             321 ops   and   28920 exclusive pairs
time:  19,   121 facts and    1200 exclusive pairs
             321 ops   and   28920 exclusive pairs
time:  20,   121 facts and    1200 exclusive pairs

creating thin gp-based encoding...
plan graph layer 0...
plan graph layer 1...
plan graph layer 2...
plan graph layer 3...
plan graph layer 4...
plan graph layer 5...
plan graph layer 6...
plan graph layer 7...
plan graph layer 8...
plan graph layer 9...
plan graph layer 10...
plan graph layer 11...
plan graph layer 12...
plan graph layer 13...
plan graph layer 14...
plan graph layer 15...
plan graph layer 16...
plan graph layer 17...
plan graph layer 18...
plan graph layer 19...
plan graph layer 20...
goal constraints...
exclusion constraints layer 0...
exclusion constraints layer 1...
exclusion constraints layer 2...
exclusion constraints layer 3...
exclusion constraints layer 4...
exclusion constraints layer 5...
exclusion constraints layer 6...
exclusion constraints layer 7...
exclusion constraints layer 8...
exclusion constraints layer 9...
exclusion constraints layer 10...
exclusion constraints layer 11...
exclusion constraints layer 12...
exclusion constraints layer 13...
exclusion constraints layer 14...
exclusion constraints layer 15...
exclusion constraints layer 16...
exclusion constraints layer 17...
exclusion constraints layer 18...
exclusion constraints layer 19...
exclusion constraints layer 20...

DECISION LAYER 20, WRITING THIN GP-BASED ENCODING WITH 5469 VARS, 188624 CLAUSES.

time spent:    0.00 seconds instantiating 220 action templates
               0.00 seconds reachability analysis, yielding 131 facts and 220 actions
               0.00 seconds collecting 131 relevant facts
               0.00 seconds building connectivity graph
               0.00 seconds building (std) graph
               0.03 seconds CNF output time
               0.03 seconds total planner time (solving not included)


***Solving***


[ filemap ]
[ extract ]

variables : 5469
pure lits : 125

1-clauses : 9
2-clauses : 187174
3-clauses : 1148
n-clauses : 293
discarded : 0

[ solve ]


unsatisfiable                             

[ stats ]

decisions : 912
conflicts : 36
time : ~0.01

***UNSAT***


bb: parsing domain file
domain 'BLOCKS' defined
 ... done.
bb: parsing problem file
problem 'BLOCKS-10-1' defined
 ... done.


time:   0,    13 facts and       0 exclusive pairs
              15 ops   and       7 exclusive pairs
time:   1,    17 facts and      16 exclusive pairs
              25 ops   and      98 exclusive pairs
time:   2,    21 facts and      36 exclusive pairs
              35 ops   and     269 exclusive pairs
time:   3,    25 facts and      69 exclusive pairs
              49 ops   and     657 exclusive pairs
time:   4,    33 facts and     170 exclusive pairs
              69 ops   and    1498 exclusive pairs
time:   5,    38 facts and     226 exclusive pairs
              93 ops   and    2905 exclusive pairs
time:   6,    53 facts and     582 exclusive pairs
             126 ops   and    5632 exclusive pairs
time:   7,    57 facts and     551 exclusive pairs
             145 ops   and    7052 exclusive pairs
time:   8,    69 facts and     797 exclusive pairs
             170 ops   and    9508 exclusive pairs
time:   9,    71 facts and     629 exclusive pairs
             187 ops   and   10889 exclusive pairs
time:  10,    85 facts and     984 exclusive pairs
             216 ops   and   14641 exclusive pairs
time:  11,    87 facts and     834 exclusive pairs
             235 ops   and   16774 exclusive pairs
time:  12,   103 facts and    1304 exclusive pairs
             268 ops   and   22082 exclusive pairs
time:  13,   104 facts and    1107 exclusive pairs
             287 ops   and   24598 exclusive pairs
time:  14,   121 facts and    1656 exclusive pairs
             321 ops   and   31145 exclusive pairs
time:  15,   121 facts and    1400 exclusive pairs
             321 ops   and   29376 exclusive pairs
time:  16,   121 facts and    1200 exclusive pairs
graph has leveled off at time step 17


             321 ops   and   28920 exclusive pairs
time:  17,   121 facts and    1200 exclusive pairs
             321 ops   and   28920 exclusive pairs
time:  18,   121 facts and    1200 exclusive pairs
             321 ops   and   28920 exclusive pairs
time:  19,   121 facts and    1200 exclusive pairs
             321 ops   and   28920 exclusive pairs
time:  20,   121 facts and    1200 exclusive pairs
             321 ops   and   28920 exclusive pairs
time:  21,   121 facts and    1200 exclusive pairs

creating thin gp-based encoding...
plan graph layer 0...
plan graph layer 1...
plan graph layer 2...
plan graph layer 3...
plan graph layer 4...
plan graph layer 5...
plan graph layer 6...
plan graph layer 7...
plan graph layer 8...
plan graph layer 9...
plan graph layer 10...
plan graph layer 11...
plan graph layer 12...
plan graph layer 13...
plan graph layer 14...
plan graph layer 15...
plan graph layer 16...
plan graph layer 17...
plan graph layer 18...
plan graph layer 19...
plan graph layer 20...
plan graph layer 21...
goal constraints...
exclusion constraints layer 0...
exclusion constraints layer 1...
exclusion constraints layer 2...
exclusion constraints layer 3...
exclusion constraints layer 4...
exclusion constraints layer 5...
exclusion constraints layer 6...
exclusion constraints layer 7...
exclusion constraints layer 8...
exclusion constraints layer 9...
exclusion constraints layer 10...
exclusion constraints layer 11...
exclusion constraints layer 12...
exclusion constraints layer 13...
exclusion constraints layer 14...
exclusion constraints layer 15...
exclusion constraints layer 16...
exclusion constraints layer 17...
exclusion constraints layer 18...
exclusion constraints layer 19...
exclusion constraints layer 20...
exclusion constraints layer 21...

DECISION LAYER 21, WRITING THIN GP-BASED ENCODING WITH 5911 VARS, 207661 CLAUSES.

time spent:    0.00 seconds instantiating 220 action templates
               0.00 seconds reachability analysis, yielding 131 facts and 220 actions
               0.00 seconds collecting 131 relevant facts
               0.00 seconds building connectivity graph
               0.00 seconds building (std) graph
               0.04 seconds CNF output time
               0.04 seconds total planner time (solving not included)


***Solving***


[ filemap ]
[ extract ]

variables : 5911
pure lits : 125

1-clauses : 9
2-clauses : 206090
3-clauses : 1248
n-clauses : 314
discarded : 0

[ solve ]


unsatisfiable                             

[ stats ]

decisions : 1812
conflicts : 105
time : ~0.01

***UNSAT***


bb: parsing domain file
domain 'BLOCKS' defined
 ... done.
bb: parsing problem file
problem 'BLOCKS-10-1' defined
 ... done.


time:   0,    13 facts and       0 exclusive pairs
              15 ops   and       7 exclusive pairs
time:   1,    17 facts and      16 exclusive pairs
              25 ops   and      98 exclusive pairs
time:   2,    21 facts and      36 exclusive pairs
              35 ops   and     269 exclusive pairs
time:   3,    25 facts and      69 exclusive pairs
              49 ops   and     657 exclusive pairs
time:   4,    33 facts and     170 exclusive pairs
              69 ops   and    1498 exclusive pairs
time:   5,    38 facts and     226 exclusive pairs
              93 ops   and    2905 exclusive pairs
time:   6,    53 facts and     582 exclusive pairs
             126 ops   and    5632 exclusive pairs
time:   7,    57 facts and     551 exclusive pairs
             145 ops   and    7052 exclusive pairs
time:   8,    69 facts and     797 exclusive pairs
             170 ops   and    9508 exclusive pairs
time:   9,    71 facts and     629 exclusive pairs
             187 ops   and   10889 exclusive pairs
time:  10,    85 facts and     984 exclusive pairs
             216 ops   and   14641 exclusive pairs
time:  11,    87 facts and     834 exclusive pairs
             235 ops   and   16774 exclusive pairs
time:  12,   103 facts and    1304 exclusive pairs
             268 ops   and   22082 exclusive pairs
time:  13,   104 facts and    1107 exclusive pairs
             287 ops   and   24598 exclusive pairs
time:  14,   121 facts and    1656 exclusive pairs
             321 ops   and   31145 exclusive pairs
time:  15,   121 facts and    1400 exclusive pairs
             321 ops   and   29376 exclusive pairs
time:  16,   121 facts and    1200 exclusive pairs
graph has leveled off at time step 17


             321 ops   and   28920 exclusive pairs
time:  17,   121 facts and    1200 exclusive pairs
             321 ops   and   28920 exclusive pairs
time:  18,   121 facts and    1200 exclusive pairs
             321 ops   and   28920 exclusive pairs
time:  19,   121 facts and    1200 exclusive pairs
             321 ops   and   28920 exclusive pairs
time:  20,   121 facts and    1200 exclusive pairs
             321 ops   and   28920 exclusive pairs
time:  21,   121 facts and    1200 exclusive pairs
             321 ops   and   28920 exclusive pairs
time:  22,   121 facts and    1200 exclusive pairs

creating thin gp-based encoding...
plan graph layer 0...
plan graph layer 1...
plan graph layer 2...
plan graph layer 3...
plan graph layer 4...
plan graph layer 5...
plan graph layer 6...
plan graph layer 7...
plan graph layer 8...
plan graph layer 9...
plan graph layer 10...
plan graph layer 11...
plan graph layer 12...
plan graph layer 13...
plan graph layer 14...
plan graph layer 15...
plan graph layer 16...
plan graph layer 17...
plan graph layer 18...
plan graph layer 19...
plan graph layer 20...
plan graph layer 21...
plan graph layer 22...
goal constraints...
exclusion constraints layer 0...
exclusion constraints layer 1...
exclusion constraints layer 2...
exclusion constraints layer 3...
exclusion constraints layer 4...
exclusion constraints layer 5...
exclusion constraints layer 6...
exclusion constraints layer 7...
exclusion constraints layer 8...
exclusion constraints layer 9...
exclusion constraints layer 10...
exclusion constraints layer 11...
exclusion constraints layer 12...
exclusion constraints layer 13...
exclusion constraints layer 14...
exclusion constraints layer 15...
exclusion constraints layer 16...
exclusion constraints layer 17...
exclusion constraints layer 18...
exclusion constraints layer 19...
exclusion constraints layer 20...
exclusion constraints layer 21...
exclusion constraints layer 22...

DECISION LAYER 22, WRITING THIN GP-BASED ENCODING WITH 6353 VARS, 226698 CLAUSES.

time spent:    0.00 seconds instantiating 220 action templates
               0.00 seconds reachability analysis, yielding 131 facts and 220 actions
               0.00 seconds collecting 131 relevant facts
               0.00 seconds building connectivity graph
               0.00 seconds building (std) graph
               0.04 seconds CNF output time
               0.04 seconds total planner time (solving not included)


***Solving***


[ filemap ]
[ extract ]

variables : 6353
pure lits : 125

1-clauses : 9
2-clauses : 225006
3-clauses : 1348
n-clauses : 335
discarded : 0

[ solve ]


unsatisfiable                             

[ stats ]

decisions : 2058
conflicts : 110
time : ~0.01

***UNSAT***


bb: parsing domain file
domain 'BLOCKS' defined
 ... done.
bb: parsing problem file
problem 'BLOCKS-10-1' defined
 ... done.


time:   0,    13 facts and       0 exclusive pairs
              15 ops   and       7 exclusive pairs
time:   1,    17 facts and      16 exclusive pairs
              25 ops   and      98 exclusive pairs
time:   2,    21 facts and      36 exclusive pairs
              35 ops   and     269 exclusive pairs
time:   3,    25 facts and      69 exclusive pairs
              49 ops   and     657 exclusive pairs
time:   4,    33 facts and     170 exclusive pairs
              69 ops   and    1498 exclusive pairs
time:   5,    38 facts and     226 exclusive pairs
              93 ops   and    2905 exclusive pairs
time:   6,    53 facts and     582 exclusive pairs
             126 ops   and    5632 exclusive pairs
time:   7,    57 facts and     551 exclusive pairs
             145 ops   and    7052 exclusive pairs
time:   8,    69 facts and     797 exclusive pairs
             170 ops   and    9508 exclusive pairs
time:   9,    71 facts and     629 exclusive pairs
             187 ops   and   10889 exclusive pairs
time:  10,    85 facts and     984 exclusive pairs
             216 ops   and   14641 exclusive pairs
time:  11,    87 facts and     834 exclusive pairs
             235 ops   and   16774 exclusive pairs
time:  12,   103 facts and    1304 exclusive pairs
             268 ops   and   22082 exclusive pairs
time:  13,   104 facts and    1107 exclusive pairs
             287 ops   and   24598 exclusive pairs
time:  14,   121 facts and    1656 exclusive pairs
             321 ops   and   31145 exclusive pairs
time:  15,   121 facts and    1400 exclusive pairs
             321 ops   and   29376 exclusive pairs
time:  16,   121 facts and    1200 exclusive pairs
graph has leveled off at time step 17


             321 ops   and   28920 exclusive pairs
time:  17,   121 facts and    1200 exclusive pairs
             321 ops   and   28920 exclusive pairs
time:  18,   121 facts and    1200 exclusive pairs
             321 ops   and   28920 exclusive pairs
time:  19,   121 facts and    1200 exclusive pairs
             321 ops   and   28920 exclusive pairs
time:  20,   121 facts and    1200 exclusive pairs
             321 ops   and   28920 exclusive pairs
time:  21,   121 facts and    1200 exclusive pairs
             321 ops   and   28920 exclusive pairs
time:  22,   121 facts and    1200 exclusive pairs
             321 ops   and   28920 exclusive pairs
time:  23,   121 facts and    1200 exclusive pairs

creating thin gp-based encoding...
plan graph layer 0...
plan graph layer 1...
plan graph layer 2...
plan graph layer 3...
plan graph layer 4...
plan graph layer 5...
plan graph layer 6...
plan graph layer 7...
plan graph layer 8...
plan graph layer 9...
plan graph layer 10...
plan graph layer 11...
plan graph layer 12...
plan graph layer 13...
plan graph layer 14...
plan graph layer 15...
plan graph layer 16...
plan graph layer 17...
plan graph layer 18...
plan graph layer 19...
plan graph layer 20...
plan graph layer 21...
plan graph layer 22...
plan graph layer 23...
goal constraints...
exclusion constraints layer 0...
exclusion constraints layer 1...
exclusion constraints layer 2...
exclusion constraints layer 3...
exclusion constraints layer 4...
exclusion constraints layer 5...
exclusion constraints layer 6...
exclusion constraints layer 7...
exclusion constraints layer 8...
exclusion constraints layer 9...
exclusion constraints layer 10...
exclusion constraints layer 11...
exclusion constraints layer 12...
exclusion constraints layer 13...
exclusion constraints layer 14...
exclusion constraints layer 15...
exclusion constraints layer 16...
exclusion constraints layer 17...
exclusion constraints layer 18...
exclusion constraints layer 19...
exclusion constraints layer 20...
exclusion constraints layer 21...
exclusion constraints layer 22...
exclusion constraints layer 23...

DECISION LAYER 23, WRITING THIN GP-BASED ENCODING WITH 6795 VARS, 245735 CLAUSES.

time spent:    0.00 seconds instantiating 220 action templates
               0.00 seconds reachability analysis, yielding 131 facts and 220 actions
               0.00 seconds collecting 131 relevant facts
               0.00 seconds building connectivity graph
               0.00 seconds building (std) graph
               0.04 seconds CNF output time
               0.04 seconds total planner time (solving not included)


***Solving***


[ filemap ]
[ extract ]

variables : 6795
pure lits : 125

1-clauses : 9
2-clauses : 243922
3-clauses : 1448
n-clauses : 356
discarded : 0

[ solve ]


unsatisfiable                             

[ stats ]

decisions : 3120
conflicts : 120
time : ~0.01

***UNSAT***


bb: parsing domain file
domain 'BLOCKS' defined
 ... done.
bb: parsing problem file
problem 'BLOCKS-10-1' defined
 ... done.


time:   0,    13 facts and       0 exclusive pairs
              15 ops   and       7 exclusive pairs
time:   1,    17 facts and      16 exclusive pairs
              25 ops   and      98 exclusive pairs
time:   2,    21 facts and      36 exclusive pairs
              35 ops   and     269 exclusive pairs
time:   3,    25 facts and      69 exclusive pairs
              49 ops   and     657 exclusive pairs
time:   4,    33 facts and     170 exclusive pairs
              69 ops   and    1498 exclusive pairs
time:   5,    38 facts and     226 exclusive pairs
              93 ops   and    2905 exclusive pairs
time:   6,    53 facts and     582 exclusive pairs
             126 ops   and    5632 exclusive pairs
time:   7,    57 facts and     551 exclusive pairs
             145 ops   and    7052 exclusive pairs
time:   8,    69 facts and     797 exclusive pairs
             170 ops   and    9508 exclusive pairs
time:   9,    71 facts and     629 exclusive pairs
             187 ops   and   10889 exclusive pairs
time:  10,    85 facts and     984 exclusive pairs
             216 ops   and   14641 exclusive pairs
time:  11,    87 facts and     834 exclusive pairs
             235 ops   and   16774 exclusive pairs
time:  12,   103 facts and    1304 exclusive pairs
             268 ops   and   22082 exclusive pairs
time:  13,   104 facts and    1107 exclusive pairs
             287 ops   and   24598 exclusive pairs
time:  14,   121 facts and    1656 exclusive pairs
             321 ops   and   31145 exclusive pairs
time:  15,   121 facts and    1400 exclusive pairs
             321 ops   and   29376 exclusive pairs
time:  16,   121 facts and    1200 exclusive pairs
graph has leveled off at time step 17


             321 ops   and   28920 exclusive pairs
time:  17,   121 facts and    1200 exclusive pairs
             321 ops   and   28920 exclusive pairs
time:  18,   121 facts and    1200 exclusive pairs
             321 ops   and   28920 exclusive pairs
time:  19,   121 facts and    1200 exclusive pairs
             321 ops   and   28920 exclusive pairs
time:  20,   121 facts and    1200 exclusive pairs
             321 ops   and   28920 exclusive pairs
time:  21,   121 facts and    1200 exclusive pairs
             321 ops   and   28920 exclusive pairs
time:  22,   121 facts and    1200 exclusive pairs
             321 ops   and   28920 exclusive pairs
time:  23,   121 facts and    1200 exclusive pairs
             321 ops   and   28920 exclusive pairs
time:  24,   121 facts and    1200 exclusive pairs

creating thin gp-based encoding...
plan graph layer 0...
plan graph layer 1...
plan graph layer 2...
plan graph layer 3...
plan graph layer 4...
plan graph layer 5...
plan graph layer 6...
plan graph layer 7...
plan graph layer 8...
plan graph layer 9...
plan graph layer 10...
plan graph layer 11...
plan graph layer 12...
plan graph layer 13...
plan graph layer 14...
plan graph layer 15...
plan graph layer 16...
plan graph layer 17...
plan graph layer 18...
plan graph layer 19...
plan graph layer 20...
plan graph layer 21...
plan graph layer 22...
plan graph layer 23...
plan graph layer 24...
goal constraints...
exclusion constraints layer 0...
exclusion constraints layer 1...
exclusion constraints layer 2...
exclusion constraints layer 3...
exclusion constraints layer 4...
exclusion constraints layer 5...
exclusion constraints layer 6...
exclusion constraints layer 7...
exclusion constraints layer 8...
exclusion constraints layer 9...
exclusion constraints layer 10...
exclusion constraints layer 11...
exclusion constraints layer 12...
exclusion constraints layer 13...
exclusion constraints layer 14...
exclusion constraints layer 15...
exclusion constraints layer 16...
exclusion constraints layer 17...
exclusion constraints layer 18...
exclusion constraints layer 19...
exclusion constraints layer 20...
exclusion constraints layer 21...
exclusion constraints layer 22...
exclusion constraints layer 23...
exclusion constraints layer 24...

DECISION LAYER 24, WRITING THIN GP-BASED ENCODING WITH 7237 VARS, 264772 CLAUSES.

time spent:    0.00 seconds instantiating 220 action templates
               0.00 seconds reachability analysis, yielding 131 facts and 220 actions
               0.00 seconds collecting 131 relevant facts
               0.00 seconds building connectivity graph
               0.00 seconds building (std) graph
               0.04 seconds CNF output time
               0.04 seconds total planner time (solving not included)


***Solving***


[ filemap ]
[ extract ]

variables : 7237
pure lits : 125

1-clauses : 9
2-clauses : 262838
3-clauses : 1548
n-clauses : 377
discarded : 0

[ solve ]


unsatisfiable                             

[ stats ]

decisions : 5444
conflicts : 233
time : ~0.01

***UNSAT***


bb: parsing domain file
domain 'BLOCKS' defined
 ... done.
bb: parsing problem file
problem 'BLOCKS-10-1' defined
 ... done.


time:   0,    13 facts and       0 exclusive pairs
              15 ops   and       7 exclusive pairs
time:   1,    17 facts and      16 exclusive pairs
              25 ops   and      98 exclusive pairs
time:   2,    21 facts and      36 exclusive pairs
              35 ops   and     269 exclusive pairs
time:   3,    25 facts and      69 exclusive pairs
              49 ops   and     657 exclusive pairs
time:   4,    33 facts and     170 exclusive pairs
              69 ops   and    1498 exclusive pairs
time:   5,    38 facts and     226 exclusive pairs
              93 ops   and    2905 exclusive pairs
time:   6,    53 facts and     582 exclusive pairs
             126 ops   and    5632 exclusive pairs
time:   7,    57 facts and     551 exclusive pairs
             145 ops   and    7052 exclusive pairs
time:   8,    69 facts and     797 exclusive pairs
             170 ops   and    9508 exclusive pairs
time:   9,    71 facts and     629 exclusive pairs
             187 ops   and   10889 exclusive pairs
time:  10,    85 facts and     984 exclusive pairs
             216 ops   and   14641 exclusive pairs
time:  11,    87 facts and     834 exclusive pairs
             235 ops   and   16774 exclusive pairs
time:  12,   103 facts and    1304 exclusive pairs
             268 ops   and   22082 exclusive pairs
time:  13,   104 facts and    1107 exclusive pairs
             287 ops   and   24598 exclusive pairs
time:  14,   121 facts and    1656 exclusive pairs
             321 ops   and   31145 exclusive pairs
time:  15,   121 facts and    1400 exclusive pairs
             321 ops   and   29376 exclusive pairs
time:  16,   121 facts and    1200 exclusive pairs
graph has leveled off at time step 17


             321 ops   and   28920 exclusive pairs
time:  17,   121 facts and    1200 exclusive pairs
             321 ops   and   28920 exclusive pairs
time:  18,   121 facts and    1200 exclusive pairs
             321 ops   and   28920 exclusive pairs
time:  19,   121 facts and    1200 exclusive pairs
             321 ops   and   28920 exclusive pairs
time:  20,   121 facts and    1200 exclusive pairs
             321 ops   and   28920 exclusive pairs
time:  21,   121 facts and    1200 exclusive pairs
             321 ops   and   28920 exclusive pairs
time:  22,   121 facts and    1200 exclusive pairs
             321 ops   and   28920 exclusive pairs
time:  23,   121 facts and    1200 exclusive pairs
             321 ops   and   28920 exclusive pairs
time:  24,   121 facts and    1200 exclusive pairs
             321 ops   and   28920 exclusive pairs
time:  25,   121 facts and    1200 exclusive pairs

creating thin gp-based encoding...
plan graph layer 0...
plan graph layer 1...
plan graph layer 2...
plan graph layer 3...
plan graph layer 4...
plan graph layer 5...
plan graph layer 6...
plan graph layer 7...
plan graph layer 8...
plan graph layer 9...
plan graph layer 10...
plan graph layer 11...
plan graph layer 12...
plan graph layer 13...
plan graph layer 14...
plan graph layer 15...
plan graph layer 16...
plan graph layer 17...
plan graph layer 18...
plan graph layer 19...
plan graph layer 20...
plan graph layer 21...
plan graph layer 22...
plan graph layer 23...
plan graph layer 24...
plan graph layer 25...
goal constraints...
exclusion constraints layer 0...
exclusion constraints layer 1...
exclusion constraints layer 2...
exclusion constraints layer 3...
exclusion constraints layer 4...
exclusion constraints layer 5...
exclusion constraints layer 6...
exclusion constraints layer 7...
exclusion constraints layer 8...
exclusion constraints layer 9...
exclusion constraints layer 10...
exclusion constraints layer 11...
exclusion constraints layer 12...
exclusion constraints layer 13...
exclusion constraints layer 14...
exclusion constraints layer 15...
exclusion constraints layer 16...
exclusion constraints layer 17...
exclusion constraints layer 18...
exclusion constraints layer 19...
exclusion constraints layer 20...
exclusion constraints layer 21...
exclusion constraints layer 22...
exclusion constraints layer 23...
exclusion constraints layer 24...
exclusion constraints layer 25...

DECISION LAYER 25, WRITING THIN GP-BASED ENCODING WITH 7679 VARS, 283809 CLAUSES.

time spent:    0.00 seconds instantiating 220 action templates
               0.00 seconds reachability analysis, yielding 131 facts and 220 actions
               0.00 seconds collecting 131 relevant facts
               0.00 seconds building connectivity graph
               0.00 seconds building (std) graph
               0.04 seconds CNF output time
               0.04 seconds total planner time (solving not included)


***Solving***


[ filemap ]
[ extract ]

variables : 7679
pure lits : 125

1-clauses : 9
2-clauses : 281754
3-clauses : 1648
n-clauses : 398
discarded : 0

[ solve ]


unsatisfiable                             

[ stats ]

decisions : 3853
conflicts : 173
time : ~0.01

***UNSAT***


bb: parsing domain file
domain 'BLOCKS' defined
 ... done.
bb: parsing problem file
problem 'BLOCKS-10-1' defined
 ... done.


time:   0,    13 facts and       0 exclusive pairs
              15 ops   and       7 exclusive pairs
time:   1,    17 facts and      16 exclusive pairs
              25 ops   and      98 exclusive pairs
time:   2,    21 facts and      36 exclusive pairs
              35 ops   and     269 exclusive pairs
time:   3,    25 facts and      69 exclusive pairs
              49 ops   and     657 exclusive pairs
time:   4,    33 facts and     170 exclusive pairs
              69 ops   and    1498 exclusive pairs
time:   5,    38 facts and     226 exclusive pairs
              93 ops   and    2905 exclusive pairs
time:   6,    53 facts and     582 exclusive pairs
             126 ops   and    5632 exclusive pairs
time:   7,    57 facts and     551 exclusive pairs
             145 ops   and    7052 exclusive pairs
time:   8,    69 facts and     797 exclusive pairs
             170 ops   and    9508 exclusive pairs
time:   9,    71 facts and     629 exclusive pairs
             187 ops   and   10889 exclusive pairs
time:  10,    85 facts and     984 exclusive pairs
             216 ops   and   14641 exclusive pairs
time:  11,    87 facts and     834 exclusive pairs
             235 ops   and   16774 exclusive pairs
time:  12,   103 facts and    1304 exclusive pairs
             268 ops   and   22082 exclusive pairs
time:  13,   104 facts and    1107 exclusive pairs
             287 ops   and   24598 exclusive pairs
time:  14,   121 facts and    1656 exclusive pairs
             321 ops   and   31145 exclusive pairs
time:  15,   121 facts and    1400 exclusive pairs
             321 ops   and   29376 exclusive pairs
time:  16,   121 facts and    1200 exclusive pairs
graph has leveled off at time step 17


             321 ops   and   28920 exclusive pairs
time:  17,   121 facts and    1200 exclusive pairs
             321 ops   and   28920 exclusive pairs
time:  18,   121 facts and    1200 exclusive pairs
             321 ops   and   28920 exclusive pairs
time:  19,   121 facts and    1200 exclusive pairs
             321 ops   and   28920 exclusive pairs
time:  20,   121 facts and    1200 exclusive pairs
             321 ops   and   28920 exclusive pairs
time:  21,   121 facts and    1200 exclusive pairs
             321 ops   and   28920 exclusive pairs
time:  22,   121 facts and    1200 exclusive pairs
             321 ops   and   28920 exclusive pairs
time:  23,   121 facts and    1200 exclusive pairs
             321 ops   and   28920 exclusive pairs
time:  24,   121 facts and    1200 exclusive pairs
             321 ops   and   28920 exclusive pairs
time:  25,   121 facts and    1200 exclusive pairs
             321 ops   and   28920 exclusive pairs
time:  26,   121 facts and    1200 exclusive pairs

creating thin gp-based encoding...
plan graph layer 0...
plan graph layer 1...
plan graph layer 2...
plan graph layer 3...
plan graph layer 4...
plan graph layer 5...
plan graph layer 6...
plan graph layer 7...
plan graph layer 8...
plan graph layer 9...
plan graph layer 10...
plan graph layer 11...
plan graph layer 12...
plan graph layer 13...
plan graph layer 14...
plan graph layer 15...
plan graph layer 16...
plan graph layer 17...
plan graph layer 18...
plan graph layer 19...
plan graph layer 20...
plan graph layer 21...
plan graph layer 22...
plan graph layer 23...
plan graph layer 24...
plan graph layer 25...
plan graph layer 26...
goal constraints...
exclusion constraints layer 0...
exclusion constraints layer 1...
exclusion constraints layer 2...
exclusion constraints layer 3...
exclusion constraints layer 4...
exclusion constraints layer 5...
exclusion constraints layer 6...
exclusion constraints layer 7...
exclusion constraints layer 8...
exclusion constraints layer 9...
exclusion constraints layer 10...
exclusion constraints layer 11...
exclusion constraints layer 12...
exclusion constraints layer 13...
exclusion constraints layer 14...
exclusion constraints layer 15...
exclusion constraints layer 16...
exclusion constraints layer 17...
exclusion constraints layer 18...
exclusion constraints layer 19...
exclusion constraints layer 20...
exclusion constraints layer 21...
exclusion constraints layer 22...
exclusion constraints layer 23...
exclusion constraints layer 24...
exclusion constraints layer 25...
exclusion constraints layer 26...

DECISION LAYER 26, WRITING THIN GP-BASED ENCODING WITH 8121 VARS, 302846 CLAUSES.

time spent:    0.00 seconds instantiating 220 action templates
               0.00 seconds reachability analysis, yielding 131 facts and 220 actions
               0.00 seconds collecting 131 relevant facts
               0.00 seconds building connectivity graph
               0.00 seconds building (std) graph
               0.05 seconds CNF output time
               0.05 seconds total planner time (solving not included)


***Solving***


[ filemap ]
[ extract ]

variables : 8121
pure lits : 125

1-clauses : 9
2-clauses : 300670
3-clauses : 1748
n-clauses : 419
discarded : 0

[ solve ]


unsatisfiable                             

[ stats ]

decisions : 4446
conflicts : 275
time : ~0.01

***UNSAT***


bb: parsing domain file
domain 'BLOCKS' defined
 ... done.
bb: parsing problem file
problem 'BLOCKS-10-1' defined
 ... done.


time:   0,    13 facts and       0 exclusive pairs
              15 ops   and       7 exclusive pairs
time:   1,    17 facts and      16 exclusive pairs
              25 ops   and      98 exclusive pairs
time:   2,    21 facts and      36 exclusive pairs
              35 ops   and     269 exclusive pairs
time:   3,    25 facts and      69 exclusive pairs
              49 ops   and     657 exclusive pairs
time:   4,    33 facts and     170 exclusive pairs
              69 ops   and    1498 exclusive pairs
time:   5,    38 facts and     226 exclusive pairs
              93 ops   and    2905 exclusive pairs
time:   6,    53 facts and     582 exclusive pairs
             126 ops   and    5632 exclusive pairs
time:   7,    57 facts and     551 exclusive pairs
             145 ops   and    7052 exclusive pairs
time:   8,    69 facts and     797 exclusive pairs
             170 ops   and    9508 exclusive pairs
time:   9,    71 facts and     629 exclusive pairs
             187 ops   and   10889 exclusive pairs
time:  10,    85 facts and     984 exclusive pairs
             216 ops   and   14641 exclusive pairs
time:  11,    87 facts and     834 exclusive pairs
             235 ops   and   16774 exclusive pairs
time:  12,   103 facts and    1304 exclusive pairs
             268 ops   and   22082 exclusive pairs
time:  13,   104 facts and    1107 exclusive pairs
             287 ops   and   24598 exclusive pairs
time:  14,   121 facts and    1656 exclusive pairs
             321 ops   and   31145 exclusive pairs
time:  15,   121 facts and    1400 exclusive pairs
             321 ops   and   29376 exclusive pairs
time:  16,   121 facts and    1200 exclusive pairs
graph has leveled off at time step 17


             321 ops   and   28920 exclusive pairs
time:  17,   121 facts and    1200 exclusive pairs
             321 ops   and   28920 exclusive pairs
time:  18,   121 facts and    1200 exclusive pairs
             321 ops   and   28920 exclusive pairs
time:  19,   121 facts and    1200 exclusive pairs
             321 ops   and   28920 exclusive pairs
time:  20,   121 facts and    1200 exclusive pairs
             321 ops   and   28920 exclusive pairs
time:  21,   121 facts and    1200 exclusive pairs
             321 ops   and   28920 exclusive pairs
time:  22,   121 facts and    1200 exclusive pairs
             321 ops   and   28920 exclusive pairs
time:  23,   121 facts and    1200 exclusive pairs
             321 ops   and   28920 exclusive pairs
time:  24,   121 facts and    1200 exclusive pairs
             321 ops   and   28920 exclusive pairs
time:  25,   121 facts and    1200 exclusive pairs
             321 ops   and   28920 exclusive pairs
time:  26,   121 facts and    1200 exclusive pairs
             321 ops   and   28920 exclusive pairs
time:  27,   121 facts and    1200 exclusive pairs

creating thin gp-based encoding...
plan graph layer 0...
plan graph layer 1...
plan graph layer 2...
plan graph layer 3...
plan graph layer 4...
plan graph layer 5...
plan graph layer 6...
plan graph layer 7...
plan graph layer 8...
plan graph layer 9...
plan graph layer 10...
plan graph layer 11...
plan graph layer 12...
plan graph layer 13...
plan graph layer 14...
plan graph layer 15...
plan graph layer 16...
plan graph layer 17...
plan graph layer 18...
plan graph layer 19...
plan graph layer 20...
plan graph layer 21...
plan graph layer 22...
plan graph layer 23...
plan graph layer 24...
plan graph layer 25...
plan graph layer 26...
plan graph layer 27...
goal constraints...
exclusion constraints layer 0...
exclusion constraints layer 1...
exclusion constraints layer 2...
exclusion constraints layer 3...
exclusion constraints layer 4...
exclusion constraints layer 5...
exclusion constraints layer 6...
exclusion constraints layer 7...
exclusion constraints layer 8...
exclusion constraints layer 9...
exclusion constraints layer 10...
exclusion constraints layer 11...
exclusion constraints layer 12...
exclusion constraints layer 13...
exclusion constraints layer 14...
exclusion constraints layer 15...
exclusion constraints layer 16...
exclusion constraints layer 17...
exclusion constraints layer 18...
exclusion constraints layer 19...
exclusion constraints layer 20...
exclusion constraints layer 21...
exclusion constraints layer 22...
exclusion constraints layer 23...
exclusion constraints layer 24...
exclusion constraints layer 25...
exclusion constraints layer 26...
exclusion constraints layer 27...

DECISION LAYER 27, WRITING THIN GP-BASED ENCODING WITH 8563 VARS, 321883 CLAUSES.

time spent:    0.00 seconds instantiating 220 action templates
               0.00 seconds reachability analysis, yielding 131 facts and 220 actions
               0.00 seconds collecting 131 relevant facts
               0.00 seconds building connectivity graph
               0.00 seconds building (std) graph
               0.06 seconds CNF output time
               0.06 seconds total planner time (solving not included)


***Solving***


[ filemap ]
[ extract ]

variables : 8563
pure lits : 125

1-clauses : 9
2-clauses : 319586
3-clauses : 1848
n-clauses : 440
discarded : 0

[ solve ]


unsatisfiable                             

[ stats ]

decisions : 6337
conflicts : 362
time : ~0.01

***UNSAT***


bb: parsing domain file
domain 'BLOCKS' defined
 ... done.
bb: parsing problem file
problem 'BLOCKS-10-1' defined
 ... done.


time:   0,    13 facts and       0 exclusive pairs
              15 ops   and       7 exclusive pairs
time:   1,    17 facts and      16 exclusive pairs
              25 ops   and      98 exclusive pairs
time:   2,    21 facts and      36 exclusive pairs
              35 ops   and     269 exclusive pairs
time:   3,    25 facts and      69 exclusive pairs
              49 ops   and     657 exclusive pairs
time:   4,    33 facts and     170 exclusive pairs
              69 ops   and    1498 exclusive pairs
time:   5,    38 facts and     226 exclusive pairs
              93 ops   and    2905 exclusive pairs
time:   6,    53 facts and     582 exclusive pairs
             126 ops   and    5632 exclusive pairs
time:   7,    57 facts and     551 exclusive pairs
             145 ops   and    7052 exclusive pairs
time:   8,    69 facts and     797 exclusive pairs
             170 ops   and    9508 exclusive pairs
time:   9,    71 facts and     629 exclusive pairs
             187 ops   and   10889 exclusive pairs
time:  10,    85 facts and     984 exclusive pairs
             216 ops   and   14641 exclusive pairs
time:  11,    87 facts and     834 exclusive pairs
             235 ops   and   16774 exclusive pairs
time:  12,   103 facts and    1304 exclusive pairs
             268 ops   and   22082 exclusive pairs
time:  13,   104 facts and    1107 exclusive pairs
             287 ops   and   24598 exclusive pairs
time:  14,   121 facts and    1656 exclusive pairs
             321 ops   and   31145 exclusive pairs
time:  15,   121 facts and    1400 exclusive pairs
             321 ops   and   29376 exclusive pairs
time:  16,   121 facts and    1200 exclusive pairs
graph has leveled off at time step 17


             321 ops   and   28920 exclusive pairs
time:  17,   121 facts and    1200 exclusive pairs
             321 ops   and   28920 exclusive pairs
time:  18,   121 facts and    1200 exclusive pairs
             321 ops   and   28920 exclusive pairs
time:  19,   121 facts and    1200 exclusive pairs
             321 ops   and   28920 exclusive pairs
time:  20,   121 facts and    1200 exclusive pairs
             321 ops   and   28920 exclusive pairs
time:  21,   121 facts and    1200 exclusive pairs
             321 ops   and   28920 exclusive pairs
time:  22,   121 facts and    1200 exclusive pairs
             321 ops   and   28920 exclusive pairs
time:  23,   121 facts and    1200 exclusive pairs
             321 ops   and   28920 exclusive pairs
time:  24,   121 facts and    1200 exclusive pairs
             321 ops   and   28920 exclusive pairs
time:  25,   121 facts and    1200 exclusive pairs
             321 ops   and   28920 exclusive pairs
time:  26,   121 facts and    1200 exclusive pairs
             321 ops   and   28920 exclusive pairs
time:  27,   121 facts and    1200 exclusive pairs
             321 ops   and   28920 exclusive pairs
time:  28,   121 facts and    1200 exclusive pairs

creating thin gp-based encoding...
plan graph layer 0...
plan graph layer 1...
plan graph layer 2...
plan graph layer 3...
plan graph layer 4...
plan graph layer 5...
plan graph layer 6...
plan graph layer 7...
plan graph layer 8...
plan graph layer 9...
plan graph layer 10...
plan graph layer 11...
plan graph layer 12...
plan graph layer 13...
plan graph layer 14...
plan graph layer 15...
plan graph layer 16...
plan graph layer 17...
plan graph layer 18...
plan graph layer 19...
plan graph layer 20...
plan graph layer 21...
plan graph layer 22...
plan graph layer 23...
plan graph layer 24...
plan graph layer 25...
plan graph layer 26...
plan graph layer 27...
plan graph layer 28...
goal constraints...
exclusion constraints layer 0...
exclusion constraints layer 1...
exclusion constraints layer 2...
exclusion constraints layer 3...
exclusion constraints layer 4...
exclusion constraints layer 5...
exclusion constraints layer 6...
exclusion constraints layer 7...
exclusion constraints layer 8...
exclusion constraints layer 9...
exclusion constraints layer 10...
exclusion constraints layer 11...
exclusion constraints layer 12...
exclusion constraints layer 13...
exclusion constraints layer 14...
exclusion constraints layer 15...
exclusion constraints layer 16...
exclusion constraints layer 17...
exclusion constraints layer 18...
exclusion constraints layer 19...
exclusion constraints layer 20...
exclusion constraints layer 21...
exclusion constraints layer 22...
exclusion constraints layer 23...
exclusion constraints layer 24...
exclusion constraints layer 25...
exclusion constraints layer 26...
exclusion constraints layer 27...
exclusion constraints layer 28...

DECISION LAYER 28, WRITING THIN GP-BASED ENCODING WITH 9005 VARS, 340920 CLAUSES.

time spent:    0.00 seconds instantiating 220 action templates
               0.00 seconds reachability analysis, yielding 131 facts and 220 actions
               0.00 seconds collecting 131 relevant facts
               0.00 seconds building connectivity graph
               0.00 seconds building (std) graph
               0.06 seconds CNF output time
               0.06 seconds total planner time (solving not included)


***Solving***


[ filemap ]
[ extract ]

variables : 9005
pure lits : 125

1-clauses : 9
2-clauses : 338502
3-clauses : 1948
n-clauses : 461
discarded : 0

[ solve ]


unsatisfiable                             

[ stats ]

decisions : 6854
conflicts : 417
time : ~0.01

***UNSAT***


bb: parsing domain file
domain 'BLOCKS' defined
 ... done.
bb: parsing problem file
problem 'BLOCKS-10-1' defined
 ... done.


time:   0,    13 facts and       0 exclusive pairs
              15 ops   and       7 exclusive pairs
time:   1,    17 facts and      16 exclusive pairs
              25 ops   and      98 exclusive pairs
time:   2,    21 facts and      36 exclusive pairs
              35 ops   and     269 exclusive pairs
time:   3,    25 facts and      69 exclusive pairs
              49 ops   and     657 exclusive pairs
time:   4,    33 facts and     170 exclusive pairs
              69 ops   and    1498 exclusive pairs
time:   5,    38 facts and     226 exclusive pairs
              93 ops   and    2905 exclusive pairs
time:   6,    53 facts and     582 exclusive pairs
             126 ops   and    5632 exclusive pairs
time:   7,    57 facts and     551 exclusive pairs
             145 ops   and    7052 exclusive pairs
time:   8,    69 facts and     797 exclusive pairs
             170 ops   and    9508 exclusive pairs
time:   9,    71 facts and     629 exclusive pairs
             187 ops   and   10889 exclusive pairs
time:  10,    85 facts and     984 exclusive pairs
             216 ops   and   14641 exclusive pairs
time:  11,    87 facts and     834 exclusive pairs
             235 ops   and   16774 exclusive pairs
time:  12,   103 facts and    1304 exclusive pairs
             268 ops   and   22082 exclusive pairs
time:  13,   104 facts and    1107 exclusive pairs
             287 ops   and   24598 exclusive pairs
time:  14,   121 facts and    1656 exclusive pairs
             321 ops   and   31145 exclusive pairs
time:  15,   121 facts and    1400 exclusive pairs
             321 ops   and   29376 exclusive pairs
time:  16,   121 facts and    1200 exclusive pairs
graph has leveled off at time step 17


             321 ops   and   28920 exclusive pairs
time:  17,   121 facts and    1200 exclusive pairs
             321 ops   and   28920 exclusive pairs
time:  18,   121 facts and    1200 exclusive pairs
             321 ops   and   28920 exclusive pairs
time:  19,   121 facts and    1200 exclusive pairs
             321 ops   and   28920 exclusive pairs
time:  20,   121 facts and    1200 exclusive pairs
             321 ops   and   28920 exclusive pairs
time:  21,   121 facts and    1200 exclusive pairs
             321 ops   and   28920 exclusive pairs
time:  22,   121 facts and    1200 exclusive pairs
             321 ops   and   28920 exclusive pairs
time:  23,   121 facts and    1200 exclusive pairs
             321 ops   and   28920 exclusive pairs
time:  24,   121 facts and    1200 exclusive pairs
             321 ops   and   28920 exclusive pairs
time:  25,   121 facts and    1200 exclusive pairs
             321 ops   and   28920 exclusive pairs
time:  26,   121 facts and    1200 exclusive pairs
             321 ops   and   28920 exclusive pairs
time:  27,   121 facts and    1200 exclusive pairs
             321 ops   and   28920 exclusive pairs
time:  28,   121 facts and    1200 exclusive pairs
             321 ops   and   28920 exclusive pairs
time:  29,   121 facts and    1200 exclusive pairs

creating thin gp-based encoding...
plan graph layer 0...
plan graph layer 1...
plan graph layer 2...
plan graph layer 3...
plan graph layer 4...
plan graph layer 5...
plan graph layer 6...
plan graph layer 7...
plan graph layer 8...
plan graph layer 9...
plan graph layer 10...
plan graph layer 11...
plan graph layer 12...
plan graph layer 13...
plan graph layer 14...
plan graph layer 15...
plan graph layer 16...
plan graph layer 17...
plan graph layer 18...
plan graph layer 19...
plan graph layer 20...
plan graph layer 21...
plan graph layer 22...
plan graph layer 23...
plan graph layer 24...
plan graph layer 25...
plan graph layer 26...
plan graph layer 27...
plan graph layer 28...
plan graph layer 29...
goal constraints...
exclusion constraints layer 0...
exclusion constraints layer 1...
exclusion constraints layer 2...
exclusion constraints layer 3...
exclusion constraints layer 4...
exclusion constraints layer 5...
exclusion constraints layer 6...
exclusion constraints layer 7...
exclusion constraints layer 8...
exclusion constraints layer 9...
exclusion constraints layer 10...
exclusion constraints layer 11...
exclusion constraints layer 12...
exclusion constraints layer 13...
exclusion constraints layer 14...
exclusion constraints layer 15...
exclusion constraints layer 16...
exclusion constraints layer 17...
exclusion constraints layer 18...
exclusion constraints layer 19...
exclusion constraints layer 20...
exclusion constraints layer 21...
exclusion constraints layer 22...
exclusion constraints layer 23...
exclusion constraints layer 24...
exclusion constraints layer 25...
exclusion constraints layer 26...
exclusion constraints layer 27...
exclusion constraints layer 28...
exclusion constraints layer 29...

DECISION LAYER 29, WRITING THIN GP-BASED ENCODING WITH 9447 VARS, 359957 CLAUSES.

time spent:    0.00 seconds instantiating 220 action templates
               0.00 seconds reachability analysis, yielding 131 facts and 220 actions
               0.00 seconds collecting 131 relevant facts
               0.00 seconds building connectivity graph
               0.00 seconds building (std) graph
               0.07 seconds CNF output time
               0.07 seconds total planner time (solving not included)


***Solving***


[ filemap ]
[ extract ]

variables : 9447
pure lits : 125

1-clauses : 9
2-clauses : 357418
3-clauses : 2048
n-clauses : 482
discarded : 0

[ solve ]


unsatisfiable                             

[ stats ]

decisions : 11960
conflicts : 542
time : ~0.015

***UNSAT***


bb: parsing domain file
domain 'BLOCKS' defined
 ... done.
bb: parsing problem file
problem 'BLOCKS-10-1' defined
 ... done.


time:   0,    13 facts and       0 exclusive pairs
              15 ops   and       7 exclusive pairs
time:   1,    17 facts and      16 exclusive pairs
              25 ops   and      98 exclusive pairs
time:   2,    21 facts and      36 exclusive pairs
              35 ops   and     269 exclusive pairs
time:   3,    25 facts and      69 exclusive pairs
              49 ops   and     657 exclusive pairs
time:   4,    33 facts and     170 exclusive pairs
              69 ops   and    1498 exclusive pairs
time:   5,    38 facts and     226 exclusive pairs
              93 ops   and    2905 exclusive pairs
time:   6,    53 facts and     582 exclusive pairs
             126 ops   and    5632 exclusive pairs
time:   7,    57 facts and     551 exclusive pairs
             145 ops   and    7052 exclusive pairs
time:   8,    69 facts and     797 exclusive pairs
             170 ops   and    9508 exclusive pairs
time:   9,    71 facts and     629 exclusive pairs
             187 ops   and   10889 exclusive pairs
time:  10,    85 facts and     984 exclusive pairs
             216 ops   and   14641 exclusive pairs
time:  11,    87 facts and     834 exclusive pairs
             235 ops   and   16774 exclusive pairs
time:  12,   103 facts and    1304 exclusive pairs
             268 ops   and   22082 exclusive pairs
time:  13,   104 facts and    1107 exclusive pairs
             287 ops   and   24598 exclusive pairs
time:  14,   121 facts and    1656 exclusive pairs
             321 ops   and   31145 exclusive pairs
time:  15,   121 facts and    1400 exclusive pairs
             321 ops   and   29376 exclusive pairs
time:  16,   121 facts and    1200 exclusive pairs
graph has leveled off at time step 17


             321 ops   and   28920 exclusive pairs
time:  17,   121 facts and    1200 exclusive pairs
             321 ops   and   28920 exclusive pairs
time:  18,   121 facts and    1200 exclusive pairs
             321 ops   and   28920 exclusive pairs
time:  19,   121 facts and    1200 exclusive pairs
             321 ops   and   28920 exclusive pairs
time:  20,   121 facts and    1200 exclusive pairs
             321 ops   and   28920 exclusive pairs
time:  21,   121 facts and    1200 exclusive pairs
             321 ops   and   28920 exclusive pairs
time:  22,   121 facts and    1200 exclusive pairs
             321 ops   and   28920 exclusive pairs
time:  23,   121 facts and    1200 exclusive pairs
             321 ops   and   28920 exclusive pairs
time:  24,   121 facts and    1200 exclusive pairs
             321 ops   and   28920 exclusive pairs
time:  25,   121 facts and    1200 exclusive pairs
             321 ops   and   28920 exclusive pairs
time:  26,   121 facts and    1200 exclusive pairs
             321 ops   and   28920 exclusive pairs
time:  27,   121 facts and    1200 exclusive pairs
             321 ops   and   28920 exclusive pairs
time:  28,   121 facts and    1200 exclusive pairs
             321 ops   and   28920 exclusive pairs
time:  29,   121 facts and    1200 exclusive pairs
             321 ops   and   28920 exclusive pairs
time:  30,   121 facts and    1200 exclusive pairs

creating thin gp-based encoding...
plan graph layer 0...
plan graph layer 1...
plan graph layer 2...
plan graph layer 3...
plan graph layer 4...
plan graph layer 5...
plan graph layer 6...
plan graph layer 7...
plan graph layer 8...
plan graph layer 9...
plan graph layer 10...
plan graph layer 11...
plan graph layer 12...
plan graph layer 13...
plan graph layer 14...
plan graph layer 15...
plan graph layer 16...
plan graph layer 17...
plan graph layer 18...
plan graph layer 19...
plan graph layer 20...
plan graph layer 21...
plan graph layer 22...
plan graph layer 23...
plan graph layer 24...
plan graph layer 25...
plan graph layer 26...
plan graph layer 27...
plan graph layer 28...
plan graph layer 29...
plan graph layer 30...
goal constraints...
exclusion constraints layer 0...
exclusion constraints layer 1...
exclusion constraints layer 2...
exclusion constraints layer 3...
exclusion constraints layer 4...
exclusion constraints layer 5...
exclusion constraints layer 6...
exclusion constraints layer 7...
exclusion constraints layer 8...
exclusion constraints layer 9...
exclusion constraints layer 10...
exclusion constraints layer 11...
exclusion constraints layer 12...
exclusion constraints layer 13...
exclusion constraints layer 14...
exclusion constraints layer 15...
exclusion constraints layer 16...
exclusion constraints layer 17...
exclusion constraints layer 18...
exclusion constraints layer 19...
exclusion constraints layer 20...
exclusion constraints layer 21...
exclusion constraints layer 22...
exclusion constraints layer 23...
exclusion constraints layer 24...
exclusion constraints layer 25...
exclusion constraints layer 26...
exclusion constraints layer 27...
exclusion constraints layer 28...
exclusion constraints layer 29...
exclusion constraints layer 30...

DECISION LAYER 30, WRITING THIN GP-BASED ENCODING WITH 9889 VARS, 378994 CLAUSES.

time spent:    0.00 seconds instantiating 220 action templates
               0.00 seconds reachability analysis, yielding 131 facts and 220 actions
               0.00 seconds collecting 131 relevant facts
               0.00 seconds building connectivity graph
               0.00 seconds building (std) graph
               0.07 seconds CNF output time
               0.07 seconds total planner time (solving not included)


***Solving***


[ filemap ]
[ extract ]

variables : 9889
pure lits : 125

1-clauses : 9
2-clauses : 376334
3-clauses : 2148
n-clauses : 503
discarded : 0

[ solve ]


unsatisfiable                             

[ stats ]

decisions : 16381
conflicts : 1079
time : ~0.031

***UNSAT***


bb: parsing domain file
domain 'BLOCKS' defined
 ... done.
bb: parsing problem file
problem 'BLOCKS-10-1' defined
 ... done.


time:   0,    13 facts and       0 exclusive pairs
              15 ops   and       7 exclusive pairs
time:   1,    17 facts and      16 exclusive pairs
              25 ops   and      98 exclusive pairs
time:   2,    21 facts and      36 exclusive pairs
              35 ops   and     269 exclusive pairs
time:   3,    25 facts and      69 exclusive pairs
              49 ops   and     657 exclusive pairs
time:   4,    33 facts and     170 exclusive pairs
              69 ops   and    1498 exclusive pairs
time:   5,    38 facts and     226 exclusive pairs
              93 ops   and    2905 exclusive pairs
time:   6,    53 facts and     582 exclusive pairs
             126 ops   and    5632 exclusive pairs
time:   7,    57 facts and     551 exclusive pairs
             145 ops   and    7052 exclusive pairs
time:   8,    69 facts and     797 exclusive pairs
             170 ops   and    9508 exclusive pairs
time:   9,    71 facts and     629 exclusive pairs
             187 ops   and   10889 exclusive pairs
time:  10,    85 facts and     984 exclusive pairs
             216 ops   and   14641 exclusive pairs
time:  11,    87 facts and     834 exclusive pairs
             235 ops   and   16774 exclusive pairs
time:  12,   103 facts and    1304 exclusive pairs
             268 ops   and   22082 exclusive pairs
time:  13,   104 facts and    1107 exclusive pairs
             287 ops   and   24598 exclusive pairs
time:  14,   121 facts and    1656 exclusive pairs
             321 ops   and   31145 exclusive pairs
time:  15,   121 facts and    1400 exclusive pairs
             321 ops   and   29376 exclusive pairs
time:  16,   121 facts and    1200 exclusive pairs
graph has leveled off at time step 17


             321 ops   and   28920 exclusive pairs
time:  17,   121 facts and    1200 exclusive pairs
             321 ops   and   28920 exclusive pairs
time:  18,   121 facts and    1200 exclusive pairs
             321 ops   and   28920 exclusive pairs
time:  19,   121 facts and    1200 exclusive pairs
             321 ops   and   28920 exclusive pairs
time:  20,   121 facts and    1200 exclusive pairs
             321 ops   and   28920 exclusive pairs
time:  21,   121 facts and    1200 exclusive pairs
             321 ops   and   28920 exclusive pairs
time:  22,   121 facts and    1200 exclusive pairs
             321 ops   and   28920 exclusive pairs
time:  23,   121 facts and    1200 exclusive pairs
             321 ops   and   28920 exclusive pairs
time:  24,   121 facts and    1200 exclusive pairs
             321 ops   and   28920 exclusive pairs
time:  25,   121 facts and    1200 exclusive pairs
             321 ops   and   28920 exclusive pairs
time:  26,   121 facts and    1200 exclusive pairs
             321 ops   and   28920 exclusive pairs
time:  27,   121 facts and    1200 exclusive pairs
             321 ops   and   28920 exclusive pairs
time:  28,   121 facts and    1200 exclusive pairs
             321 ops   and   28920 exclusive pairs
time:  29,   121 facts and    1200 exclusive pairs
             321 ops   and   28920 exclusive pairs
time:  30,   121 facts and    1200 exclusive pairs
             321 ops   and   28920 exclusive pairs
time:  31,   121 facts and    1200 exclusive pairs

creating thin gp-based encoding...
plan graph layer 0...
plan graph layer 1...
plan graph layer 2...
plan graph layer 3...
plan graph layer 4...
plan graph layer 5...
plan graph layer 6...
plan graph layer 7...
plan graph layer 8...
plan graph layer 9...
plan graph layer 10...
plan graph layer 11...
plan graph layer 12...
plan graph layer 13...
plan graph layer 14...
plan graph layer 15...
plan graph layer 16...
plan graph layer 17...
plan graph layer 18...
plan graph layer 19...
plan graph layer 20...
plan graph layer 21...
plan graph layer 22...
plan graph layer 23...
plan graph layer 24...
plan graph layer 25...
plan graph layer 26...
plan graph layer 27...
plan graph layer 28...
plan graph layer 29...
plan graph layer 30...
plan graph layer 31...
goal constraints...
exclusion constraints layer 0...
exclusion constraints layer 1...
exclusion constraints layer 2...
exclusion constraints layer 3...
exclusion constraints layer 4...
exclusion constraints layer 5...
exclusion constraints layer 6...
exclusion constraints layer 7...
exclusion constraints layer 8...
exclusion constraints layer 9...
exclusion constraints layer 10...
exclusion constraints layer 11...
exclusion constraints layer 12...
exclusion constraints layer 13...
exclusion constraints layer 14...
exclusion constraints layer 15...
exclusion constraints layer 16...
exclusion constraints layer 17...
exclusion constraints layer 18...
exclusion constraints layer 19...
exclusion constraints layer 20...
exclusion constraints layer 21...
exclusion constraints layer 22...
exclusion constraints layer 23...
exclusion constraints layer 24...
exclusion constraints layer 25...
exclusion constraints layer 26...
exclusion constraints layer 27...
exclusion constraints layer 28...
exclusion constraints layer 29...
exclusion constraints layer 30...
exclusion constraints layer 31...

DECISION LAYER 31, WRITING THIN GP-BASED ENCODING WITH 10331 VARS, 398031 CLAUSES.

time spent:    0.00 seconds instantiating 220 action templates
               0.00 seconds reachability analysis, yielding 131 facts and 220 actions
               0.00 seconds collecting 131 relevant facts
               0.00 seconds building connectivity graph
               0.00 seconds building (std) graph
               0.08 seconds CNF output time
               0.08 seconds total planner time (solving not included)


***Solving***


[ filemap ]
[ extract ]

variables : 10331
pure lits : 125

1-clauses : 9
2-clauses : 395250
3-clauses : 2248
n-clauses : 524
discarded : 0

[ solve ]


unsatisfiable                             

[ stats ]

decisions : 21870
conflicts : 2813
time : ~0.099

***UNSAT***


bb: parsing domain file
domain 'BLOCKS' defined
 ... done.
bb: parsing problem file
problem 'BLOCKS-10-1' defined
 ... done.


time:   0,    13 facts and       0 exclusive pairs
              15 ops   and       7 exclusive pairs
time:   1,    17 facts and      16 exclusive pairs
              25 ops   and      98 exclusive pairs
time:   2,    21 facts and      36 exclusive pairs
              35 ops   and     269 exclusive pairs
time:   3,    25 facts and      69 exclusive pairs
              49 ops   and     657 exclusive pairs
time:   4,    33 facts and     170 exclusive pairs
              69 ops   and    1498 exclusive pairs
time:   5,    38 facts and     226 exclusive pairs
              93 ops   and    2905 exclusive pairs
time:   6,    53 facts and     582 exclusive pairs
             126 ops   and    5632 exclusive pairs
time:   7,    57 facts and     551 exclusive pairs
             145 ops   and    7052 exclusive pairs
time:   8,    69 facts and     797 exclusive pairs
             170 ops   and    9508 exclusive pairs
time:   9,    71 facts and     629 exclusive pairs
             187 ops   and   10889 exclusive pairs
time:  10,    85 facts and     984 exclusive pairs
             216 ops   and   14641 exclusive pairs
time:  11,    87 facts and     834 exclusive pairs
             235 ops   and   16774 exclusive pairs
time:  12,   103 facts and    1304 exclusive pairs
             268 ops   and   22082 exclusive pairs
time:  13,   104 facts and    1107 exclusive pairs
             287 ops   and   24598 exclusive pairs
time:  14,   121 facts and    1656 exclusive pairs
             321 ops   and   31145 exclusive pairs
time:  15,   121 facts and    1400 exclusive pairs
             321 ops   and   29376 exclusive pairs
time:  16,   121 facts and    1200 exclusive pairs
graph has leveled off at time step 17


             321 ops   and   28920 exclusive pairs
time:  17,   121 facts and    1200 exclusive pairs
             321 ops   and   28920 exclusive pairs
time:  18,   121 facts and    1200 exclusive pairs
             321 ops   and   28920 exclusive pairs
time:  19,   121 facts and    1200 exclusive pairs
             321 ops   and   28920 exclusive pairs
time:  20,   121 facts and    1200 exclusive pairs
             321 ops   and   28920 exclusive pairs
time:  21,   121 facts and    1200 exclusive pairs
             321 ops   and   28920 exclusive pairs
time:  22,   121 facts and    1200 exclusive pairs
             321 ops   and   28920 exclusive pairs
time:  23,   121 facts and    1200 exclusive pairs
             321 ops   and   28920 exclusive pairs
time:  24,   121 facts and    1200 exclusive pairs
             321 ops   and   28920 exclusive pairs
time:  25,   121 facts and    1200 exclusive pairs
             321 ops   and   28920 exclusive pairs
time:  26,   121 facts and    1200 exclusive pairs
             321 ops   and   28920 exclusive pairs
time:  27,   121 facts and    1200 exclusive pairs
             321 ops   and   28920 exclusive pairs
time:  28,   121 facts and    1200 exclusive pairs
             321 ops   and   28920 exclusive pairs
time:  29,   121 facts and    1200 exclusive pairs
             321 ops   and   28920 exclusive pairs
time:  30,   121 facts and    1200 exclusive pairs
             321 ops   and   28920 exclusive pairs
time:  31,   121 facts and    1200 exclusive pairs
             321 ops   and   28920 exclusive pairs
time:  32,   121 facts and    1200 exclusive pairs

creating thin gp-based encoding...
plan graph layer 0...
plan graph layer 1...
plan graph layer 2...
plan graph layer 3...
plan graph layer 4...
plan graph layer 5...
plan graph layer 6...
plan graph layer 7...
plan graph layer 8...
plan graph layer 9...
plan graph layer 10...
plan graph layer 11...
plan graph layer 12...
plan graph layer 13...
plan graph layer 14...
plan graph layer 15...
plan graph layer 16...
plan graph layer 17...
plan graph layer 18...
plan graph layer 19...
plan graph layer 20...
plan graph layer 21...
plan graph layer 22...
plan graph layer 23...
plan graph layer 24...
plan graph layer 25...
plan graph layer 26...
plan graph layer 27...
plan graph layer 28...
plan graph layer 29...
plan graph layer 30...
plan graph layer 31...
plan graph layer 32...
goal constraints...
exclusion constraints layer 0...
exclusion constraints layer 1...
exclusion constraints layer 2...
exclusion constraints layer 3...
exclusion constraints layer 4...
exclusion constraints layer 5...
exclusion constraints layer 6...
exclusion constraints layer 7...
exclusion constraints layer 8...
exclusion constraints layer 9...
exclusion constraints layer 10...
exclusion constraints layer 11...
exclusion constraints layer 12...
exclusion constraints layer 13...
exclusion constraints layer 14...
exclusion constraints layer 15...
exclusion constraints layer 16...
exclusion constraints layer 17...
exclusion constraints layer 18...
exclusion constraints layer 19...
exclusion constraints layer 20...
exclusion constraints layer 21...
exclusion constraints layer 22...
exclusion constraints layer 23...
exclusion constraints layer 24...
exclusion constraints layer 25...
exclusion constraints layer 26...
exclusion constraints layer 27...
exclusion constraints layer 28...
exclusion constraints layer 29...
exclusion constraints layer 30...
exclusion constraints layer 31...
exclusion constraints layer 32...

DECISION LAYER 32, WRITING THIN GP-BASED ENCODING WITH 10773 VARS, 417068 CLAUSES.

time spent:    0.00 seconds instantiating 220 action templates
               0.00 seconds reachability analysis, yielding 131 facts and 220 actions
               0.00 seconds collecting 131 relevant facts
               0.00 seconds building connectivity graph
               0.00 seconds building (std) graph
               0.08 seconds CNF output time
               0.08 seconds total planner time (solving not included)


***Solving***


[ filemap ]
[ extract ]

variables : 10773
pure lits : 125

1-clauses : 9
2-clauses : 414166
3-clauses : 2348
n-clauses : 545
discarded : 0

[ solve ]


satisfiable                             

[ stats ]

decisions : 27948
conflicts : 3148
time : ~0.107


bb: parsing domain file
domain 'BLOCKS' defined
 ... done.
bb: parsing problem file
problem 'BLOCKS-10-1' defined
 ... done.


time:   0,    13 facts and       0 exclusive pairs
              15 ops   and       7 exclusive pairs
time:   1,    17 facts and      16 exclusive pairs
              25 ops   and      98 exclusive pairs
time:   2,    21 facts and      36 exclusive pairs
              35 ops   and     269 exclusive pairs
time:   3,    25 facts and      69 exclusive pairs
              49 ops   and     657 exclusive pairs
time:   4,    33 facts and     170 exclusive pairs
              69 ops   and    1498 exclusive pairs
time:   5,    38 facts and     226 exclusive pairs
              93 ops   and    2905 exclusive pairs
time:   6,    53 facts and     582 exclusive pairs
             126 ops   and    5632 exclusive pairs
time:   7,    57 facts and     551 exclusive pairs
             145 ops   and    7052 exclusive pairs
time:   8,    69 facts and     797 exclusive pairs
             170 ops   and    9508 exclusive pairs
time:   9,    71 facts and     629 exclusive pairs
             187 ops   and   10889 exclusive pairs
time:  10,    85 facts and     984 exclusive pairs
             216 ops   and   14641 exclusive pairs
time:  11,    87 facts and     834 exclusive pairs
             235 ops   and   16774 exclusive pairs
time:  12,   103 facts and    1304 exclusive pairs
             268 ops   and   22082 exclusive pairs
time:  13,   104 facts and    1107 exclusive pairs
             287 ops   and   24598 exclusive pairs
time:  14,   121 facts and    1656 exclusive pairs
             321 ops   and   31145 exclusive pairs
time:  15,   121 facts and    1400 exclusive pairs
             321 ops   and   29376 exclusive pairs
time:  16,   121 facts and    1200 exclusive pairs
graph has leveled off at time step 17


             321 ops   and   28920 exclusive pairs
time:  17,   121 facts and    1200 exclusive pairs
             321 ops   and   28920 exclusive pairs
time:  18,   121 facts and    1200 exclusive pairs
             321 ops   and   28920 exclusive pairs
time:  19,   121 facts and    1200 exclusive pairs
             321 ops   and   28920 exclusive pairs
time:  20,   121 facts and    1200 exclusive pairs
             321 ops   and   28920 exclusive pairs
time:  21,   121 facts and    1200 exclusive pairs
             321 ops   and   28920 exclusive pairs
time:  22,   121 facts and    1200 exclusive pairs
             321 ops   and   28920 exclusive pairs
time:  23,   121 facts and    1200 exclusive pairs
             321 ops   and   28920 exclusive pairs
time:  24,   121 facts and    1200 exclusive pairs
             321 ops   and   28920 exclusive pairs
time:  25,   121 facts and    1200 exclusive pairs
             321 ops   and   28920 exclusive pairs
time:  26,   121 facts and    1200 exclusive pairs
             321 ops   and   28920 exclusive pairs
time:  27,   121 facts and    1200 exclusive pairs
             321 ops   and   28920 exclusive pairs
time:  28,   121 facts and    1200 exclusive pairs
             321 ops   and   28920 exclusive pairs
time:  29,   121 facts and    1200 exclusive pairs
             321 ops   and   28920 exclusive pairs
time:  30,   121 facts and    1200 exclusive pairs
             321 ops   and   28920 exclusive pairs
time:  31,   121 facts and    1200 exclusive pairs
             321 ops   and   28920 exclusive pairs
time:  32,   121 facts and    1200 exclusive pairs

creating thin gp-based encoding...
plan graph layer 0...
plan graph layer 1...
plan graph layer 2...
plan graph layer 3...
plan graph layer 4...
plan graph layer 5...
plan graph layer 6...
plan graph layer 7...
plan graph layer 8...
plan graph layer 9...
plan graph layer 10...
plan graph layer 11...
plan graph layer 12...
plan graph layer 13...
plan graph layer 14...
plan graph layer 15...
plan graph layer 16...
plan graph layer 17...
plan graph layer 18...
plan graph layer 19...
plan graph layer 20...
plan graph layer 21...
plan graph layer 22...
plan graph layer 23...
plan graph layer 24...
plan graph layer 25...
plan graph layer 26...
plan graph layer 27...
plan graph layer 28...
plan graph layer 29...
plan graph layer 30...
plan graph layer 31...
plan graph layer 32...
goal constraints...
exclusion constraints layer 0...
exclusion constraints layer 1...
exclusion constraints layer 2...
exclusion constraints layer 3...
exclusion constraints layer 4...
exclusion constraints layer 5...
exclusion constraints layer 6...
exclusion constraints layer 7...
exclusion constraints layer 8...
exclusion constraints layer 9...
exclusion constraints layer 10...
exclusion constraints layer 11...
exclusion constraints layer 12...
exclusion constraints layer 13...
exclusion constraints layer 14...
exclusion constraints layer 15...
exclusion constraints layer 16...
exclusion constraints layer 17...
exclusion constraints layer 18...
exclusion constraints layer 19...
exclusion constraints layer 20...
exclusion constraints layer 21...
exclusion constraints layer 22...
exclusion constraints layer 23...
exclusion constraints layer 24...
exclusion constraints layer 25...
exclusion constraints layer 26...
exclusion constraints layer 27...
exclusion constraints layer 28...
exclusion constraints layer 29...
exclusion constraints layer 30...
exclusion constraints layer 31...
exclusion constraints layer 32...

DECISION LAYER 32, WRITING THIN GP-BASED ENCODING WITH 10773 VARS, 417068 CLAUSES.

time spent:    0.00 seconds instantiating 220 action templates
               0.00 seconds reachability analysis, yielding 131 facts and 220 actions
               0.00 seconds collecting 131 relevant facts
               0.00 seconds building connectivity graph
               0.00 seconds building (std) graph
               0.02 seconds CNF output time
               0.02 seconds total planner time (solving not included)

Pruned:  0: (PICK-UP D) [1]
Pruned:  0: (PICK-UP D) [1]
Pruned:  0: (PICK-UP D) [1]
Pruned:  0: (PICK-UP D) [1]
Pruned:  0: (PICK-UP D) [1]
Pruned:  0: (PICK-UP D) [1]
Pruned:  0: (PICK-UP D) [1]
Pruned:  0: (PICK-UP D) [1]
Pruned:  0: (PICK-UP D) [1]
Pruned:  0: (PICK-UP D) [1]
Pruned:  0: (PICK-UP D) [1]
Pruned:  0: (PICK-UP D) [1]
Pruned:  0: (PICK-UP D) [1]
Pruned:  0: (PICK-UP D) [1]
Pruned:  0: (PICK-UP D) [1]
Pruned:  0: (PICK-UP D) [1]
Pruned:  0: (PICK-UP D) [1]
Pruned:  0: (PICK-UP D) [1]
Pruned:  0: (PICK-UP D) [1]
Pruned:  0: (PICK-UP D) [1]
Pruned:  0: (PICK-UP D) [1]
Pruned:  0: (PICK-UP D) [1]
Pruned:  0: (PICK-UP D) [1]
Pruned:  0: (PICK-UP D) [1]
Pruned:  0: (PICK-UP D) [1]
Pruned:  0: (PICK-UP D) [1]
Pruned:  0: (PICK-UP D) [1]
Pruned:  0: (PICK-UP D) [1]
Pruned:  0: (PICK-UP D) [1]
Pruned:  0: (PICK-UP D) [1]
Pruned:  0: (PICK-UP D) [1]
Pruned:  0: (PICK-UP D) [1]
Pruned:  0: (PICK-UP D) [1]
Pruned:  0: (PICK-UP D) [1]
Pruned:  0: (PICK-UP D) [1]
Pruned:  0: (PICK-UP D) [1]
Pruned:  0: (PICK-UP D) [1]
Pruned:  0: (PICK-UP D) [1]
Pruned:  0: (PICK-UP D) [1]
Pruned:  0: (PICK-UP D) [1]
Pruned:  0: (PICK-UP D) [1]
Pruned:  0: (PICK-UP D) [1]
Pruned:  0: (PICK-UP D) [1]
Pruned:  0: (PICK-UP D) [1]
Pruned:  0: (PICK-UP D) [1]
Pruned:  0: (PICK-UP D) [1]
Pruned:  0: (PICK-UP D) [1]
Pruned:  0: (PICK-UP D) [1]
Pruned:  0: (PICK-UP D) [1]
Pruned:  0: (PICK-UP D) [1]
Pruned:  0: (PICK-UP D) [1]
Pruned:  0: (PICK-UP D) [1]
Pruned:  0: (PICK-UP D) [1]
Pruned:  0: (PICK-UP D) [1]
Pruned:  0: (PICK-UP D) [1]
Pruned:  0: (PICK-UP D) [1]
Pruned:  0: (PICK-UP D) [1]
Pruned:  0: (PICK-UP D) [1]
Pruned:  0: (PICK-UP D) [1]
Pruned:  0: (PICK-UP D) [1]
Pruned:  0: (PICK-UP D) [1]
Pruned:  0: (PICK-UP D) [1]
Pruned:  0: (PICK-UP D) [1]
Pruned:  0: (PICK-UP D) [1]
Pruned:  0: (PICK-UP D) [1]
Pruned:  0: (PICK-UP D) [1]
Pruned:  0: (PICK-UP D) [1]
Pruned:  0: (PICK-UP D) [1]
Pruned:  0: (PICK-UP D) [1]
Pruned:  0: (PICK-UP D) [1]
Pruned:  0: (PICK-UP D) [1]
Pruned:  0: (PICK-UP D) [1]
Pruned:  0: (PICK-UP D) [1]
Pruned:  0: (PICK-UP D) [1]
Pruned:  0: (PICK-UP D) [1]
Pruned:  0: (PICK-UP D) [1]
Pruned:  0: (PICK-UP D) [1]
Pruned:  0: (PICK-UP D) [1]
Pruned:  0: (PICK-UP D) [1]
Pruned:  0: (PICK-UP D) [1]
Pruned:  0: (PICK-UP D) [1]
Pruned:  0: (PICK-UP D) [1]
Pruned:  0: (PICK-UP D) [1]
Pruned:  0: (PICK-UP D) [1]
Pruned:  0: (PICK-UP D) [1]
Pruned:  0: (PICK-UP D) [1]
Pruned:  0: (PICK-UP D) [1]
Pruned:  0: (PICK-UP D) [1]
Pruned:  0: (PICK-UP D) [1]
Pruned:  0: (PICK-UP D) [1]
Pruned:  0: (PICK-UP D) [1]
Pruned:  0: (PICK-UP D) [1]
Pruned:  0: (PICK-UP D) [1]
Pruned:  0: (PICK-UP D) [1]
Pruned:  0: (PICK-UP D) [1]
Pruned:  0: (PICK-UP D) [1]
Pruned:  0: (PICK-UP D) [1]
Pruned:  0: (PICK-UP D) [1]
Pruned:  0: (PICK-UP D) [1]
Pruned:  0: (PICK-UP D) [1]
Pruned:  0: (PICK-UP D) [1]
Pruned:  0: (PICK-UP D) [1]
Pruned:  0: (PICK-UP D) [1]
Pruned:  0: (PICK-UP D) [1]
Pruned:  0: (PICK-UP D) [1]
Pruned:  0: (PICK-UP D) [1]
Pruned:  0: (PICK-UP D) [1]
Pruned:  0: (PICK-UP D) [1]
Pruned:  0: (PICK-UP D) [1]
Pruned:  0: (PICK-UP D) [1]
Pruned:  0: (PICK-UP D) [1]
Pruned:  0: (PICK-UP D) [1]
Pruned:  0: (PICK-UP D) [1]
Pruned:  0: (PICK-UP D) [1]
Pruned:  0: (PICK-UP D) [1]
Pruned:  0: (PICK-UP D) [1]
Pruned:  0: (PICK-UP D) [1]
Pruned:  0: (PICK-UP D) [1]
Pruned:  0: (PICK-UP D) [1]
Pruned:  0: (PICK-UP D) [1]
Pruned:  0: (PICK-UP D) [1]
Pruned:  0: (PICK-UP D) [1]
Pruned:  0: (PICK-UP D) [1]
Pruned:  0: (PICK-UP D) [1]
Pruned:  0: (PICK-UP D) [1]
Pruned:  0: (PICK-UP D) [1]
Pruned:  0: (PICK-UP D) [1]
Pruned:  0: (PICK-UP D) [1]
Pruned:  0: (PICK-UP D) [1]
Pruned:  0: (PICK-UP D) [1]
Pruned:  0: (PICK-UP D) [1]
Pruned:  0: (PICK-UP D) [1]
Pruned:  0: (PICK-UP D) [1]
Pruned:  0: (PICK-UP D) [1]
Pruned:  0: (PICK-UP D) [1]
Pruned:  0: (PICK-UP D) [1]
Pruned:  0: (PICK-UP D) [1]
Pruned:  0: (PICK-UP D) [1]
Pruned:  0: (PICK-UP D) [1]
Pruned:  0: (PICK-UP D) [1]
Pruned:  0: (PICK-UP D) [1]
Pruned:  0: (PICK-UP D) [1]
Pruned:  0: (PICK-UP D) [1]
Pruned:  0: (PICK-UP D) [1]
Pruned:  0: (PICK-UP D) [1]
Pruned:  0: (PICK-UP D) [1]
Pruned:  0: (PICK-UP D) [1]
Pruned:  0: (PICK-UP D) [1]
Pruned:  0: (PICK-UP D) [1]
Pruned:  0: (PICK-UP D) [1]
Pruned:  0: (PICK-UP D) [1]
Pruned:  0: (PICK-UP D) [1]
Pruned:  0: (PICK-UP D) [1]
Pruned:  0: (PICK-UP D) [1]
Pruned:  0: (PICK-UP D) [1]
Pruned:  0: (PICK-UP D) [1]
Pruned:  0: (PICK-UP D) [1]
Pruned:  0: (PICK-UP D) [1]
Pruned:  0: (PICK-UP D) [1]
Pruned:  0: (PICK-UP D) [1]
Pruned:  0: (PICK-UP D) [1]
Pruned:  0: (PICK-UP D) [1]
Pruned:  0: (PICK-UP D) [1]
Pruned:  0: (PICK-UP D) [1]
Pruned:  0: (PICK-UP D) [1]
Pruned:  0: (PICK-UP D) [1]
Pruned:  0: (PICK-UP D) [1]
Pruned:  0: (PICK-UP D) [1]
Pruned:  0: (PICK-UP D) [1]
Pruned:  0: (PICK-UP D) [1]
Pruned:  0: (PICK-UP D) [1]
Pruned:  0: (PICK-UP D) [1]
Pruned:  0: (PICK-UP D) [1]
Pruned:  0: (PICK-UP D) [1]
Pruned:  0: (PICK-UP D) [1]
Pruned:  0: (PICK-UP D) [1]
Pruned:  0: (PICK-UP D) [1]
Pruned:  0: (PICK-UP D) [1]
Pruned:  0: (PICK-UP D) [1]
Pruned:  0: (PICK-UP D) [1]
Pruned:  0: (PICK-UP D) [1]
Pruned:  0: (PICK-UP D) [1]
Pruned:  0: (PICK-UP D) [1]
Pruned:  0: (PICK-UP D) [1]
Pruned:  0: (PICK-UP D) [1]
Pruned:  0: (PICK-UP D) [1]
Pruned:  0: (PICK-UP D) [1]
Pruned:  0: (PICK-UP D) [1]
Pruned:  0: (PICK-UP D) [1]
Pruned:  0: (PICK-UP D) [1]
Pruned:  0: (PICK-UP D) [1]
Pruned:  0: (PICK-UP D) [1]
Pruned:  0: (PICK-UP D) [1]
Pruned:  0: (PICK-UP D) [1]
Pruned:  0: (PICK-UP D) [1]
Pruned:  0: (PICK-UP D) [1]
Pruned:  0: (PICK-UP D) [1]
Pruned:  0: (PICK-UP D) [1]
Pruned:  0: (PICK-UP D) [1]
Pruned:  0: (PICK-UP D) [1]
Pruned:  0: (PICK-UP D) [1]
Pruned:  0: (PICK-UP D) [1]
Pruned:  0: (PICK-UP D) [1]
Pruned:  0: (PICK-UP D) [1]
Pruned:  0: (PICK-UP D) [1]
Pruned:  0: (PICK-UP D) [1]
Pruned:  0: (PICK-UP D) [1]
Pruned:  0: (PICK-UP D) [1]
Pruned:  0: (PICK-UP D) [1]
Pruned:  0: (PICK-UP D) [1]
Pruned:  0: (PICK-UP D) [1]
Pruned:  0: (PICK-UP D) [1]
Pruned:  0: (PICK-UP D) [1]
Pruned:  0: (PICK-UP D) [1]
Pruned:  0: (PICK-UP D) [1]
Pruned:  0: (PICK-UP D) [1]
Pruned:  0: (PICK-UP D) [1]
Pruned:  0: (PICK-UP D) [1]
Pruned:  0: (PICK-UP D) [1]
Pruned:  0: (PICK-UP D) [1]
Pruned:  0: (PICK-UP D) [1]
Pruned:  0: (PICK-UP D) [1]
Pruned:  0: (PICK-UP D) [1]
Pruned:  0: (PICK-UP D) [1]
Pruned:  0: (PICK-UP D) [1]
Pruned:  0: (PICK-UP D) [1]
Pruned:  0: (PICK-UP D) [1]
Pruned:  0: (PICK-UP D) [1]
Pruned:  0: (PICK-UP D) [1]
Pruned:  0: (PICK-UP D) [1]
Pruned:  0: (PICK-UP D) [1]
Pruned:  0: (PICK-UP D) [1]
Pruned:  0: (PICK-UP D) [1]
Pruned:  0: (PICK-UP D) [1]
Pruned:  0: (PICK-UP D) [1]
Pruned:  0: (PICK-UP D) [1]
Pruned:  0: (PICK-UP D) [1]
Pruned:  0: (PICK-UP D) [1]
Pruned:  0: (PICK-UP D) [1]
Pruned:  0: (PICK-UP D) [1]
Pruned:  0: (PICK-UP D) [1]
Pruned:  0: (PICK-UP D) [1]
Pruned:  0: (PICK-UP D) [1]
Pruned:  0: (PICK-UP D) [1]
Pruned:  0: (PICK-UP D) [1]
Pruned:  0: (PICK-UP D) [1]
Pruned:  0: (PICK-UP D) [1]
Pruned:  0: (PICK-UP D) [1]
Pruned:  0: (PICK-UP D) [1]
Pruned:  0: (PICK-UP D) [1]
Pruned:  0: (PICK-UP D) [1]
Pruned:  0: (PICK-UP D) [1]
Pruned:  0: (PICK-UP D) [1]
Pruned:  0: (PICK-UP D) [1]
Pruned:  0: (PICK-UP D) [1]
Pruned:  0: (PICK-UP D) [1]
Pruned:  0: (PICK-UP D) [1]
Pruned:  0: (PICK-UP D) [1]
Pruned:  0: (PICK-UP D) [1]
Pruned:  0: (PICK-UP D) [1]
Pruned:  0: (PICK-UP D) [1]
Pruned:  0: (PICK-UP D) [1]
Pruned:  0: (PICK-UP D) [1]
Pruned:  0: (PICK-UP D) [1]
Pruned:  0: (PICK-UP D) [1]
Pruned:  0: (PICK-UP D) [1]
Pruned:  0: (PICK-UP D) [1]
Pruned:  0: (PICK-UP D) [1]
Pruned:  0: (PICK-UP D) [1]
Pruned:  0: (PICK-UP D) [1]
Pruned:  0: (PICK-UP D) [1]
Pruned:  0: (PICK-UP D) [1]
Pruned:  0: (PICK-UP D) [1]
Pruned:  0: (PICK-UP D) [1]
Pruned:  0: (PICK-UP D) [1]
Pruned:  0: (PICK-UP D) [1]
Pruned:  0: (PICK-UP D) [1]
Pruned:  0: (PICK-UP D) [1]
Pruned:  0: (PICK-UP D) [1]
Pruned:  0: (PICK-UP D) [1]
Pruned:  0: (PICK-UP D) [1]
Pruned:  0: (PICK-UP D) [1]
Pruned:  0: (PICK-UP D) [1]
Pruned:  0: (PICK-UP D) [1]
Pruned:  0: (PICK-UP D) [1]
Pruned:  0: (PICK-UP D) [1]
Pruned:  0: (PICK-UP D) [1]
Pruned:  0: (PICK-UP D) [1]
Pruned:  0: (PICK-UP D) [1]
Pruned:  0: (PICK-UP D) [1]
Pruned:  0: (PICK-UP D) [1]
Pruned:  0: (PICK-UP D) [1]
Pruned:  0: (PICK-UP D) [1]
Pruned:  0: (PICK-UP D) [1]
Pruned:  0: (PICK-UP D) [1]
Pruned:  0: (PICK-UP D) [1]
Pruned:  0: (PICK-UP D) [1]
Pruned:  0: (PICK-UP D) [1]
Pruned:  0: (PICK-UP D) [1]
Pruned:  0: (PICK-UP D) [1]
Pruned:  0: (PICK-UP D) [1]
Pruned:  0: (PICK-UP D) [1]
Pruned:  0: (PICK-UP D) [1]
Pruned:  0: (PICK-UP D) [1]
Pruned:  0: (PICK-UP D) [1]
Pruned:  0: (PICK-UP D) [1]
Pruned:  0: (PICK-UP D) [1]
Pruned:  0: (PICK-UP D) [1]
Pruned:  0: (PICK-UP D) [1]
Pruned:  0: (PICK-UP D) [1]
Pruned:  0: (PICK-UP D) [1]
Pruned:  0: (PICK-UP D) [1]
Pruned:  0: (PICK-UP D) [1]
Pruned:  0: (PICK-UP D) [1]
Pruned:  0: (PICK-UP D) [1]
Pruned:  0: (PICK-UP D) [1]
Pruned:  0: (PICK-UP D) [1]
Pruned:  0: (PICK-UP D) [1]
Pruned:  0: (PICK-UP D) [1]
Pruned:  0: (PICK-UP D) [1]
Pruned:  0: (PICK-UP D) [1]
Pruned:  0: (PICK-UP D) [1]
Pruned:  0: (PICK-UP D) [1]
Pruned:  0: (PICK-UP D) [1]
Pruned:  0: (PICK-UP D) [1]
Pruned:  0: (PICK-UP D) [1]
Pruned:  0: (PICK-UP D) [1]
Pruned:  0: (PICK-UP D) [1]
Pruned:  0: (PICK-UP D) [1]
Pruned:  0: (PICK-UP D) [1]
Pruned:  0: (PICK-UP D) [1]
Pruned:  0: (PICK-UP D) [1]
Pruned:  0: (PICK-UP D) [1]
Pruned:  0: (PICK-UP D) [1]
Pruned:  0: (PICK-UP D) [1]
Pruned:  0: (PICK-UP D) [1]
Pruned:  0: (PICK-UP D) [1]
Pruned:  0: (PICK-UP D) [1]
Pruned:  0: (PICK-UP D) [1]
Pruned:  0: (PICK-UP D) [1]
Pruned:  0: (PICK-UP D) [1]
Pruned:  0: (PICK-UP D) [1]
Pruned:  0: (PICK-UP D) [1]
Pruned:  0: (PICK-UP D) [1]
Pruned:  0: (PICK-UP D) [1]
Pruned:  0: (PICK-UP D) [1]
Pruned:  0: (PICK-UP D) [1]
Pruned:  0: (PICK-UP D) [1]
Pruned:  0: (PICK-UP D) [1]
Pruned:  0: (PICK-UP D) [1]
Pruned:  0: (PICK-UP D) [1]
Pruned:  0: (PICK-UP D) [1]
Pruned:  0: (PICK-UP D) [1]
Pruned:  0: (PICK-UP D) [1]
Pruned:  0: (PICK-UP D) [1]
Pruned:  0: (PICK-UP D) [1]
Pruned:  0: (PICK-UP D) [1]
Pruned:  0: (PICK-UP D) [1]
Pruned:  0: (PICK-UP D) [1]
Pruned:  0: (PICK-UP D) [1]
Pruned:  0: (PICK-UP D) [1]
Pruned:  0: (PICK-UP D) [1]
Pruned:  0: (PICK-UP D) [1]
Pruned:  0: (PICK-UP D) [1]
Pruned:  0: (PICK-UP D) [1]
Pruned:  0: (PICK-UP D) [1]
Pruned:  0: (PICK-UP D) [1]
Pruned:  0: (PICK-UP D) [1]
Pruned:  0: (PICK-UP D) [1]
Pruned:  0: (PICK-UP D) [1]
Pruned:  0: (PICK-UP D) [1]
Pruned:  0: (PICK-UP D) [1]
Pruned:  0: (PICK-UP D) [1]
Pruned:  0: (PICK-UP D) [1]
Pruned:  0: (PICK-UP D) [1]
Pruned:  0: (PICK-UP D) [1]
Pruned:  0: (PICK-UP D) [1]
Pruned:  0: (PICK-UP D) [1]
Pruned:  0: (PICK-UP D) [1]
Pruned:  0: (PICK-UP D) [1]
Pruned:  0: (PICK-UP D) [1]
Pruned:  0: (PICK-UP D) [1]
Pruned:  0: (PICK-UP D) [1]
Pruned:  0: (PICK-UP D) [1]
Pruned:  0: (PICK-UP D) [1]
Pruned:  0: (PICK-UP D) [1]
Pruned:  0: (PICK-UP D) [1]
Pruned:  0: (PICK-UP D) [1]
Pruned:  0: (PICK-UP D) [1]
Pruned:  0: (PICK-UP D) [1]
Pruned:  0: (PICK-UP D) [1]
Pruned:  0: (PICK-UP D) [1]
Pruned:  0: (PICK-UP D) [1]
Pruned:  0: (PICK-UP D) [1]
Pruned:  0: (PICK-UP D) [1]
Pruned:  0: (PICK-UP D) [1]
Pruned:  0: (PICK-UP D) [1]
Pruned:  0: (PICK-UP D) [1]
Pruned:  0: (PICK-UP D) [1]
Pruned:  0: (PICK-UP D) [1]
Pruned:  0: (PICK-UP D) [1]
Pruned:  0: (PICK-UP D) [1]
Pruned:  0: (PICK-UP D) [1]
Pruned:  0: (PICK-UP D) [1]
Pruned:  0: (PICK-UP D) [1]
Pruned:  0: (PICK-UP D) [1]
Pruned:  0: (PICK-UP D) [1]
Pruned:  0: (PICK-UP D) [1]
Pruned:  0: (PICK-UP D) [1]
Pruned:  0: (PICK-UP D) [1]
Pruned:  0: (PICK-UP D) [1]
Pruned:  0: (PICK-UP D) [1]
Pruned:  0: (PICK-UP D) [1]
Pruned:  0: (PICK-UP D) [1]
Pruned:  0: (PICK-UP D) [1]
Pruned:  0: (PICK-UP D) [1]
Pruned:  0: (PICK-UP D) [1]
Pruned:  0: (PICK-UP D) [1]
Pruned:  0: (PICK-UP D) [1]
Pruned:  0: (PICK-UP D) [1]
Pruned:  0: (PICK-UP D) [1]
Pruned:  0: (PICK-UP D) [1]
Pruned:  0: (PICK-UP D) [1]
Pruned:  0: (PICK-UP D) [1]
Pruned:  0: (PICK-UP D) [1]
Pruned:  0: (PICK-UP D) [1]
Pruned:  0: (PICK-UP D) [1]
Pruned:  0: (PICK-UP D) [1]
Pruned:  0: (PICK-UP D) [1]
Pruned:  0: (PICK-UP D) [1]
Pruned:  0: (PICK-UP D) [1]
Pruned:  0: (PICK-UP D) [1]
Pruned:  0: (PICK-UP D) [1]
Pruned:  0: (PICK-UP D) [1]
Pruned:  0: (PICK-UP D) [1]
Pruned:  0: (PICK-UP D) [1]
Pruned:  0: (PICK-UP D) [1]
Pruned:  0: (PICK-UP D) [1]
Pruned:  0: (PICK-UP D) [1]
Pruned:  0: (PICK-UP D) [1]
Pruned:  0: (PICK-UP D) [1]
Pruned:  0: (PICK-UP D) [1]
Pruned:  0: (PICK-UP D) [1]
Pruned:  0: (PICK-UP D) [1]
Pruned:  0: (PICK-UP D) [1]
Pruned:  0: (PICK-UP D) [1]
Pruned:  0: (PICK-UP D) [1]
Pruned:  0: (PICK-UP D) [1]
Pruned:  0: (PICK-UP D) [1]
Pruned:  0: (PICK-UP D) [1]
Pruned:  0: (PICK-UP D) [1]
Pruned:  0: (PICK-UP D) [1]
Pruned:  0: (PICK-UP D) [1]
Pruned:  0: (PICK-UP D) [1]
Pruned:  0: (PICK-UP D) [1]
Pruned:  0: (PICK-UP D) [1]
Pruned:  0: (PICK-UP D) [1]
Pruned:  0: (PICK-UP D) [1]
Pruned:  0: (PICK-UP D) [1]
Pruned:  0: (PICK-UP D) [1]
Pruned:  0: (PICK-UP D) [1]
Pruned:  0: (PICK-UP D) [1]
Pruned:  0: (PICK-UP D) [1]
Pruned:  0: (PICK-UP D) [1]
Pruned:  0: (PICK-UP D) [1]
Pruned:  0: (PICK-UP D) [1]
Pruned:  0: (PICK-UP D) [1]
Pruned:  0: (PICK-UP D) [1]
Pruned:  0: (PICK-UP D) [1]
Pruned:  0: (PICK-UP D) [1]
Pruned:  0: (PICK-UP D) [1]
Pruned:  0: (PICK-UP D) [1]
Pruned:  0: (PICK-UP D) [1]
Pruned:  0: (PICK-UP D) [1]
Pruned:  0: (PICK-UP D) [1]
---SatPlan Version: 1.1
***SAT!***

Solved in 32 layers

Real Time: = 1.8
User Time: = 1.41
Syst Time: = 0.35

__MEMKB 14208
