---SatPlan Version: 1.1

bb: parsing domain file
domain 'BLOCKS' defined
 ... done.
bb: parsing problem file
problem 'BLOCKS-15-1' defined
 ... done.


time:   0,    18 facts and       0 exclusive pairs
              20 ops   and       7 exclusive pairs
time:   1,    22 facts and      16 exclusive pairs

creating thin gp-based encoding...
plan graph layer 0...
plan graph layer 1...
goal constraints...

goal fact not coded - level too low??


bb: parsing domain file
domain 'BLOCKS' defined
 ... done.
bb: parsing problem file
problem 'BLOCKS-15-1' defined
 ... done.


time:   0,    18 facts and       0 exclusive pairs
              20 ops   and       7 exclusive pairs
time:   1,    22 facts and      16 exclusive pairs
              30 ops   and      98 exclusive pairs
time:   2,    26 facts and      36 exclusive pairs

creating thin gp-based encoding...
plan graph layer 0...
plan graph layer 1...
plan graph layer 2...
goal constraints...

goal fact not coded - level too low??


bb: parsing domain file
domain 'BLOCKS' defined
 ... done.
bb: parsing problem file
problem 'BLOCKS-15-1' defined
 ... done.


time:   0,    18 facts and       0 exclusive pairs
              20 ops   and       7 exclusive pairs
time:   1,    22 facts and      16 exclusive pairs
              30 ops   and      98 exclusive pairs
time:   2,    26 facts and      36 exclusive pairs
              40 ops   and     269 exclusive pairs
time:   3,    29 facts and      58 exclusive pairs

creating thin gp-based encoding...
plan graph layer 0...
plan graph layer 1...
plan graph layer 2...
plan graph layer 3...
goal constraints...

goal fact not coded - level too low??


bb: parsing domain file
domain 'BLOCKS' defined
 ... done.
bb: parsing problem file
problem 'BLOCKS-15-1' defined
 ... done.


time:   0,    18 facts and       0 exclusive pairs
              20 ops   and       7 exclusive pairs
time:   1,    22 facts and      16 exclusive pairs
              30 ops   and      98 exclusive pairs
time:   2,    26 facts and      36 exclusive pairs
              40 ops   and     269 exclusive pairs
time:   3,    29 facts and      58 exclusive pairs
              52 ops   and     590 exclusive pairs
time:   4,    36 facts and     141 exclusive pairs

creating thin gp-based encoding...
plan graph layer 0...
plan graph layer 1...
plan graph layer 2...
plan graph layer 3...
plan graph layer 4...
goal constraints...

goal fact not coded - level too low??


bb: parsing domain file
domain 'BLOCKS' defined
 ... done.
bb: parsing problem file
problem 'BLOCKS-15-1' defined
 ... done.


time:   0,    18 facts and       0 exclusive pairs
              20 ops   and       7 exclusive pairs
time:   1,    22 facts and      16 exclusive pairs
              30 ops   and      98 exclusive pairs
time:   2,    26 facts and      36 exclusive pairs
              40 ops   and     269 exclusive pairs
time:   3,    29 facts and      58 exclusive pairs
              52 ops   and     590 exclusive pairs
time:   4,    36 facts and     141 exclusive pairs
              69 ops   and    1260 exclusive pairs
time:   5,    40 facts and     180 exclusive pairs

creating thin gp-based encoding...
plan graph layer 0...
plan graph layer 1...
plan graph layer 2...
plan graph layer 3...
plan graph layer 4...
plan graph layer 5...
goal constraints...

goal fact not coded - level too low??


bb: parsing domain file
domain 'BLOCKS' defined
 ... done.
bb: parsing problem file
problem 'BLOCKS-15-1' defined
 ... done.


time:   0,    18 facts and       0 exclusive pairs
              20 ops   and       7 exclusive pairs
time:   1,    22 facts and      16 exclusive pairs
              30 ops   and      98 exclusive pairs
time:   2,    26 facts and      36 exclusive pairs
              40 ops   and     269 exclusive pairs
time:   3,    29 facts and      58 exclusive pairs
              52 ops   and     590 exclusive pairs
time:   4,    36 facts and     141 exclusive pairs
              69 ops   and    1260 exclusive pairs
time:   5,    40 facts and     180 exclusive pairs
              84 ops   and    1988 exclusive pairs
time:   6,    48 facts and     308 exclusive pairs

creating thin gp-based encoding...
plan graph layer 0...
plan graph layer 1...
plan graph layer 2...
plan graph layer 3...
plan graph layer 4...
plan graph layer 5...
plan graph layer 6...
goal constraints...

goal fact not coded - level too low??


bb: parsing domain file
domain 'BLOCKS' defined
 ... done.
bb: parsing problem file
problem 'BLOCKS-15-1' defined
 ... done.


time:   0,    18 facts and       0 exclusive pairs
              20 ops   and       7 exclusive pairs
time:   1,    22 facts and      16 exclusive pairs
              30 ops   and      98 exclusive pairs
time:   2,    26 facts and      36 exclusive pairs
              40 ops   and     269 exclusive pairs
time:   3,    29 facts and      58 exclusive pairs
              52 ops   and     590 exclusive pairs
time:   4,    36 facts and     141 exclusive pairs
              69 ops   and    1260 exclusive pairs
time:   5,    40 facts and     180 exclusive pairs
              84 ops   and    1988 exclusive pairs
time:   6,    48 facts and     308 exclusive pairs
             101 ops   and    2992 exclusive pairs
time:   7,    50 facts and     268 exclusive pairs

creating thin gp-based encoding...
plan graph layer 0...
plan graph layer 1...
plan graph layer 2...
plan graph layer 3...
plan graph layer 4...
plan graph layer 5...
plan graph layer 6...
plan graph layer 7...
goal constraints...

goal fact not coded - level too low??


bb: parsing domain file
domain 'BLOCKS' defined
 ... done.
bb: parsing problem file
problem 'BLOCKS-15-1' defined
 ... done.


time:   0,    18 facts and       0 exclusive pairs
              20 ops   and       7 exclusive pairs
time:   1,    22 facts and      16 exclusive pairs
              30 ops   and      98 exclusive pairs
time:   2,    26 facts and      36 exclusive pairs
              40 ops   and     269 exclusive pairs
time:   3,    29 facts and      58 exclusive pairs
              52 ops   and     590 exclusive pairs
time:   4,    36 facts and     141 exclusive pairs
              69 ops   and    1260 exclusive pairs
time:   5,    40 facts and     180 exclusive pairs
              84 ops   and    1988 exclusive pairs
time:   6,    48 facts and     308 exclusive pairs
             101 ops   and    2992 exclusive pairs
time:   7,    50 facts and     268 exclusive pairs
             114 ops   and    3719 exclusive pairs
time:   8,    60 facts and     454 exclusive pairs

creating thin gp-based encoding...
plan graph layer 0...
plan graph layer 1...
plan graph layer 2...
plan graph layer 3...
plan graph layer 4...
plan graph layer 5...
plan graph layer 6...
plan graph layer 7...
plan graph layer 8...
goal constraints...

goal fact not coded - level too low??


bb: parsing domain file
domain 'BLOCKS' defined
 ... done.
bb: parsing problem file
problem 'BLOCKS-15-1' defined
 ... done.


time:   0,    18 facts and       0 exclusive pairs
              20 ops   and       7 exclusive pairs
time:   1,    22 facts and      16 exclusive pairs
              30 ops   and      98 exclusive pairs
time:   2,    26 facts and      36 exclusive pairs
              40 ops   and     269 exclusive pairs
time:   3,    29 facts and      58 exclusive pairs
              52 ops   and     590 exclusive pairs
time:   4,    36 facts and     141 exclusive pairs
              69 ops   and    1260 exclusive pairs
time:   5,    40 facts and     180 exclusive pairs
              84 ops   and    1988 exclusive pairs
time:   6,    48 facts and     308 exclusive pairs
             101 ops   and    2992 exclusive pairs
time:   7,    50 facts and     268 exclusive pairs
             114 ops   and    3719 exclusive pairs
time:   8,    60 facts and     454 exclusive pairs
             135 ops   and    5390 exclusive pairs
time:   9,    62 facts and     400 exclusive pairs

creating thin gp-based encoding...
plan graph layer 0...
plan graph layer 1...
plan graph layer 2...
plan graph layer 3...
plan graph layer 4...
plan graph layer 5...
plan graph layer 6...
plan graph layer 7...
plan graph layer 8...
plan graph layer 9...
goal constraints...

goal fact not coded - level too low??


bb: parsing domain file
domain 'BLOCKS' defined
 ... done.
bb: parsing problem file
problem 'BLOCKS-15-1' defined
 ... done.


time:   0,    18 facts and       0 exclusive pairs
              20 ops   and       7 exclusive pairs
time:   1,    22 facts and      16 exclusive pairs
              30 ops   and      98 exclusive pairs
time:   2,    26 facts and      36 exclusive pairs
              40 ops   and     269 exclusive pairs
time:   3,    29 facts and      58 exclusive pairs
              52 ops   and     590 exclusive pairs
time:   4,    36 facts and     141 exclusive pairs
              69 ops   and    1260 exclusive pairs
time:   5,    40 facts and     180 exclusive pairs
              84 ops   and    1988 exclusive pairs
time:   6,    48 facts and     308 exclusive pairs
             101 ops   and    2992 exclusive pairs
time:   7,    50 facts and     268 exclusive pairs
             114 ops   and    3719 exclusive pairs
time:   8,    60 facts and     454 exclusive pairs
             135 ops   and    5390 exclusive pairs
time:   9,    62 facts and     400 exclusive pairs
             150 ops   and    6520 exclusive pairs
time:  10,    74 facts and     668 exclusive pairs

creating thin gp-based encoding...
plan graph layer 0...
plan graph layer 1...
plan graph layer 2...
plan graph layer 3...
plan graph layer 4...
plan graph layer 5...
plan graph layer 6...
plan graph layer 7...
plan graph layer 8...
plan graph layer 9...
plan graph layer 10...
goal constraints...

goal fact not coded - level too low??


bb: parsing domain file
domain 'BLOCKS' defined
 ... done.
bb: parsing problem file
problem 'BLOCKS-15-1' defined
 ... done.


time:   0,    18 facts and       0 exclusive pairs
              20 ops   and       7 exclusive pairs
time:   1,    22 facts and      16 exclusive pairs
              30 ops   and      98 exclusive pairs
time:   2,    26 facts and      36 exclusive pairs
              40 ops   and     269 exclusive pairs
time:   3,    29 facts and      58 exclusive pairs
              52 ops   and     590 exclusive pairs
time:   4,    36 facts and     141 exclusive pairs
              69 ops   and    1260 exclusive pairs
time:   5,    40 facts and     180 exclusive pairs
              84 ops   and    1988 exclusive pairs
time:   6,    48 facts and     308 exclusive pairs
             101 ops   and    2992 exclusive pairs
time:   7,    50 facts and     268 exclusive pairs
             114 ops   and    3719 exclusive pairs
time:   8,    60 facts and     454 exclusive pairs
             135 ops   and    5390 exclusive pairs
time:   9,    62 facts and     400 exclusive pairs
             150 ops   and    6520 exclusive pairs
time:  10,    74 facts and     668 exclusive pairs
             175 ops   and    9122 exclusive pairs
time:  11,    76 facts and     591 exclusive pairs

creating thin gp-based encoding...
plan graph layer 0...
plan graph layer 1...
plan graph layer 2...
plan graph layer 3...
plan graph layer 4...
plan graph layer 5...
plan graph layer 6...
plan graph layer 7...
plan graph layer 8...
plan graph layer 9...
plan graph layer 10...
plan graph layer 11...
goal constraints...

goal fact not coded - level too low??


bb: parsing domain file
domain 'BLOCKS' defined
 ... done.
bb: parsing problem file
problem 'BLOCKS-15-1' defined
 ... done.


time:   0,    18 facts and       0 exclusive pairs
              20 ops   and       7 exclusive pairs
time:   1,    22 facts and      16 exclusive pairs
              30 ops   and      98 exclusive pairs
time:   2,    26 facts and      36 exclusive pairs
              40 ops   and     269 exclusive pairs
time:   3,    29 facts and      58 exclusive pairs
              52 ops   and     590 exclusive pairs
time:   4,    36 facts and     141 exclusive pairs
              69 ops   and    1260 exclusive pairs
time:   5,    40 facts and     180 exclusive pairs
              84 ops   and    1988 exclusive pairs
time:   6,    48 facts and     308 exclusive pairs
             101 ops   and    2992 exclusive pairs
time:   7,    50 facts and     268 exclusive pairs
             114 ops   and    3719 exclusive pairs
time:   8,    60 facts and     454 exclusive pairs
             135 ops   and    5390 exclusive pairs
time:   9,    62 facts and     400 exclusive pairs
             150 ops   and    6520 exclusive pairs
time:  10,    74 facts and     668 exclusive pairs
             175 ops   and    9122 exclusive pairs
time:  11,    76 facts and     591 exclusive pairs
             192 ops   and   10756 exclusive pairs
time:  12,    90 facts and     953 exclusive pairs

creating thin gp-based encoding...
plan graph layer 0...
plan graph layer 1...
plan graph layer 2...
plan graph layer 3...
plan graph layer 4...
plan graph layer 5...
plan graph layer 6...
plan graph layer 7...
plan graph layer 8...
plan graph layer 9...
plan graph layer 10...
plan graph layer 11...
plan graph layer 12...
goal constraints...

goal fact not coded - level too low??


bb: parsing domain file
domain 'BLOCKS' defined
 ... done.
bb: parsing problem file
problem 'BLOCKS-15-1' defined
 ... done.


time:   0,    18 facts and       0 exclusive pairs
              20 ops   and       7 exclusive pairs
time:   1,    22 facts and      16 exclusive pairs
              30 ops   and      98 exclusive pairs
time:   2,    26 facts and      36 exclusive pairs
              40 ops   and     269 exclusive pairs
time:   3,    29 facts and      58 exclusive pairs
              52 ops   and     590 exclusive pairs
time:   4,    36 facts and     141 exclusive pairs
              69 ops   and    1260 exclusive pairs
time:   5,    40 facts and     180 exclusive pairs
              84 ops   and    1988 exclusive pairs
time:   6,    48 facts and     308 exclusive pairs
             101 ops   and    2992 exclusive pairs
time:   7,    50 facts and     268 exclusive pairs
             114 ops   and    3719 exclusive pairs
time:   8,    60 facts and     454 exclusive pairs
             135 ops   and    5390 exclusive pairs
time:   9,    62 facts and     400 exclusive pairs
             150 ops   and    6520 exclusive pairs
time:  10,    74 facts and     668 exclusive pairs
             175 ops   and    9122 exclusive pairs
time:  11,    76 facts and     591 exclusive pairs
             192 ops   and   10756 exclusive pairs
time:  12,    90 facts and     953 exclusive pairs
             221 ops   and   14554 exclusive pairs
time:  13,    92 facts and     834 exclusive pairs

creating thin gp-based encoding...
plan graph layer 0...
plan graph layer 1...
plan graph layer 2...
plan graph layer 3...
plan graph layer 4...
plan graph layer 5...
plan graph layer 6...
plan graph layer 7...
plan graph layer 8...
plan graph layer 9...
plan graph layer 10...
plan graph layer 11...
plan graph layer 12...
plan graph layer 13...
goal constraints...

goal fact not coded - level too low??


bb: parsing domain file
domain 'BLOCKS' defined
 ... done.
bb: parsing problem file
problem 'BLOCKS-15-1' defined
 ... done.


time:   0,    18 facts and       0 exclusive pairs
              20 ops   and       7 exclusive pairs
time:   1,    22 facts and      16 exclusive pairs
              30 ops   and      98 exclusive pairs
time:   2,    26 facts and      36 exclusive pairs
              40 ops   and     269 exclusive pairs
time:   3,    29 facts and      58 exclusive pairs
              52 ops   and     590 exclusive pairs
time:   4,    36 facts and     141 exclusive pairs
              69 ops   and    1260 exclusive pairs
time:   5,    40 facts and     180 exclusive pairs
              84 ops   and    1988 exclusive pairs
time:   6,    48 facts and     308 exclusive pairs
             101 ops   and    2992 exclusive pairs
time:   7,    50 facts and     268 exclusive pairs
             114 ops   and    3719 exclusive pairs
time:   8,    60 facts and     454 exclusive pairs
             135 ops   and    5390 exclusive pairs
time:   9,    62 facts and     400 exclusive pairs
             150 ops   and    6520 exclusive pairs
time:  10,    74 facts and     668 exclusive pairs
             175 ops   and    9122 exclusive pairs
time:  11,    76 facts and     591 exclusive pairs
             192 ops   and   10756 exclusive pairs
time:  12,    90 facts and     953 exclusive pairs
             221 ops   and   14554 exclusive pairs
time:  13,    92 facts and     834 exclusive pairs
             240 ops   and   16774 exclusive pairs
time:  14,   108 facts and    1304 exclusive pairs

creating thin gp-based encoding...
plan graph layer 0...
plan graph layer 1...
plan graph layer 2...
plan graph layer 3...
plan graph layer 4...
plan graph layer 5...
plan graph layer 6...
plan graph layer 7...
plan graph layer 8...
plan graph layer 9...
plan graph layer 10...
plan graph layer 11...
plan graph layer 12...
plan graph layer 13...
plan graph layer 14...
goal constraints...

goal fact not coded - level too low??


bb: parsing domain file
domain 'BLOCKS' defined
 ... done.
bb: parsing problem file
problem 'BLOCKS-15-1' defined
 ... done.


time:   0,    18 facts and       0 exclusive pairs
              20 ops   and       7 exclusive pairs
time:   1,    22 facts and      16 exclusive pairs
              30 ops   and      98 exclusive pairs
time:   2,    26 facts and      36 exclusive pairs
              40 ops   and     269 exclusive pairs
time:   3,    29 facts and      58 exclusive pairs
              52 ops   and     590 exclusive pairs
time:   4,    36 facts and     141 exclusive pairs
              69 ops   and    1260 exclusive pairs
time:   5,    40 facts and     180 exclusive pairs
              84 ops   and    1988 exclusive pairs
time:   6,    48 facts and     308 exclusive pairs
             101 ops   and    2992 exclusive pairs
time:   7,    50 facts and     268 exclusive pairs
             114 ops   and    3719 exclusive pairs
time:   8,    60 facts and     454 exclusive pairs
             135 ops   and    5390 exclusive pairs
time:   9,    62 facts and     400 exclusive pairs
             150 ops   and    6520 exclusive pairs
time:  10,    74 facts and     668 exclusive pairs
             175 ops   and    9122 exclusive pairs
time:  11,    76 facts and     591 exclusive pairs
             192 ops   and   10756 exclusive pairs
time:  12,    90 facts and     953 exclusive pairs
             221 ops   and   14554 exclusive pairs
time:  13,    92 facts and     834 exclusive pairs
             240 ops   and   16774 exclusive pairs
time:  14,   108 facts and    1304 exclusive pairs
             273 ops   and   22082 exclusive pairs
time:  15,   110 facts and    1135 exclusive pairs

creating thin gp-based encoding...
plan graph layer 0...
plan graph layer 1...
plan graph layer 2...
plan graph layer 3...
plan graph layer 4...
plan graph layer 5...
plan graph layer 6...
plan graph layer 7...
plan graph layer 8...
plan graph layer 9...
plan graph layer 10...
plan graph layer 11...
plan graph layer 12...
plan graph layer 13...
plan graph layer 14...
plan graph layer 15...
goal constraints...

goal fact not coded - level too low??


bb: parsing domain file
domain 'BLOCKS' defined
 ... done.
bb: parsing problem file
problem 'BLOCKS-15-1' defined
 ... done.


time:   0,    18 facts and       0 exclusive pairs
              20 ops   and       7 exclusive pairs
time:   1,    22 facts and      16 exclusive pairs
              30 ops   and      98 exclusive pairs
time:   2,    26 facts and      36 exclusive pairs
              40 ops   and     269 exclusive pairs
time:   3,    29 facts and      58 exclusive pairs
              52 ops   and     590 exclusive pairs
time:   4,    36 facts and     141 exclusive pairs
              69 ops   and    1260 exclusive pairs
time:   5,    40 facts and     180 exclusive pairs
              84 ops   and    1988 exclusive pairs
time:   6,    48 facts and     308 exclusive pairs
             101 ops   and    2992 exclusive pairs
time:   7,    50 facts and     268 exclusive pairs
             114 ops   and    3719 exclusive pairs
time:   8,    60 facts and     454 exclusive pairs
             135 ops   and    5390 exclusive pairs
time:   9,    62 facts and     400 exclusive pairs
             150 ops   and    6520 exclusive pairs
time:  10,    74 facts and     668 exclusive pairs
             175 ops   and    9122 exclusive pairs
time:  11,    76 facts and     591 exclusive pairs
             192 ops   and   10756 exclusive pairs
time:  12,    90 facts and     953 exclusive pairs
             221 ops   and   14554 exclusive pairs
time:  13,    92 facts and     834 exclusive pairs
             240 ops   and   16774 exclusive pairs
time:  14,   108 facts and    1304 exclusive pairs
             273 ops   and   22082 exclusive pairs
time:  15,   110 facts and    1135 exclusive pairs
             294 ops   and   25012 exclusive pairs
time:  16,   128 facts and    1727 exclusive pairs

creating thin gp-based encoding...
plan graph layer 0...
plan graph layer 1...
plan graph layer 2...
plan graph layer 3...
plan graph layer 4...
plan graph layer 5...
plan graph layer 6...
plan graph layer 7...
plan graph layer 8...
plan graph layer 9...
plan graph layer 10...
plan graph layer 11...
plan graph layer 12...
plan graph layer 13...
plan graph layer 14...
plan graph layer 15...
plan graph layer 16...
goal constraints...

goal fact not coded - level too low??


bb: parsing domain file
domain 'BLOCKS' defined
 ... done.
bb: parsing problem file
problem 'BLOCKS-15-1' defined
 ... done.


time:   0,    18 facts and       0 exclusive pairs
              20 ops   and       7 exclusive pairs
time:   1,    22 facts and      16 exclusive pairs
              30 ops   and      98 exclusive pairs
time:   2,    26 facts and      36 exclusive pairs
              40 ops   and     269 exclusive pairs
time:   3,    29 facts and      58 exclusive pairs
              52 ops   and     590 exclusive pairs
time:   4,    36 facts and     141 exclusive pairs
              69 ops   and    1260 exclusive pairs
time:   5,    40 facts and     180 exclusive pairs
              84 ops   and    1988 exclusive pairs
time:   6,    48 facts and     308 exclusive pairs
             101 ops   and    2992 exclusive pairs
time:   7,    50 facts and     268 exclusive pairs
             114 ops   and    3719 exclusive pairs
time:   8,    60 facts and     454 exclusive pairs
             135 ops   and    5390 exclusive pairs
time:   9,    62 facts and     400 exclusive pairs
             150 ops   and    6520 exclusive pairs
time:  10,    74 facts and     668 exclusive pairs
             175 ops   and    9122 exclusive pairs
time:  11,    76 facts and     591 exclusive pairs
             192 ops   and   10756 exclusive pairs
time:  12,    90 facts and     953 exclusive pairs
             221 ops   and   14554 exclusive pairs
time:  13,    92 facts and     834 exclusive pairs
             240 ops   and   16774 exclusive pairs
time:  14,   108 facts and    1304 exclusive pairs
             273 ops   and   22082 exclusive pairs
time:  15,   110 facts and    1135 exclusive pairs
             294 ops   and   25012 exclusive pairs
time:  16,   128 facts and    1727 exclusive pairs
             331 ops   and   32180 exclusive pairs
time:  17,   130 facts and    1500 exclusive pairs

creating thin gp-based encoding...
plan graph layer 0...
plan graph layer 1...
plan graph layer 2...
plan graph layer 3...
plan graph layer 4...
plan graph layer 5...
plan graph layer 6...
plan graph layer 7...
plan graph layer 8...
plan graph layer 9...
plan graph layer 10...
plan graph layer 11...
plan graph layer 12...
plan graph layer 13...
plan graph layer 14...
plan graph layer 15...
plan graph layer 16...
plan graph layer 17...
goal constraints...

goal fact not coded - level too low??


bb: parsing domain file
domain 'BLOCKS' defined
 ... done.
bb: parsing problem file
problem 'BLOCKS-15-1' defined
 ... done.


time:   0,    18 facts and       0 exclusive pairs
              20 ops   and       7 exclusive pairs
time:   1,    22 facts and      16 exclusive pairs
              30 ops   and      98 exclusive pairs
time:   2,    26 facts and      36 exclusive pairs
              40 ops   and     269 exclusive pairs
time:   3,    29 facts and      58 exclusive pairs
              52 ops   and     590 exclusive pairs
time:   4,    36 facts and     141 exclusive pairs
              69 ops   and    1260 exclusive pairs
time:   5,    40 facts and     180 exclusive pairs
              84 ops   and    1988 exclusive pairs
time:   6,    48 facts and     308 exclusive pairs
             101 ops   and    2992 exclusive pairs
time:   7,    50 facts and     268 exclusive pairs
             114 ops   and    3719 exclusive pairs
time:   8,    60 facts and     454 exclusive pairs
             135 ops   and    5390 exclusive pairs
time:   9,    62 facts and     400 exclusive pairs
             150 ops   and    6520 exclusive pairs
time:  10,    74 facts and     668 exclusive pairs
             175 ops   and    9122 exclusive pairs
time:  11,    76 facts and     591 exclusive pairs
             192 ops   and   10756 exclusive pairs
time:  12,    90 facts and     953 exclusive pairs
             221 ops   and   14554 exclusive pairs
time:  13,    92 facts and     834 exclusive pairs
             240 ops   and   16774 exclusive pairs
time:  14,   108 facts and    1304 exclusive pairs
             273 ops   and   22082 exclusive pairs
time:  15,   110 facts and    1135 exclusive pairs
             294 ops   and   25012 exclusive pairs
time:  16,   128 facts and    1727 exclusive pairs
             331 ops   and   32180 exclusive pairs
time:  17,   130 facts and    1500 exclusive pairs
             354 ops   and   35956 exclusive pairs
time:  18,   150 facts and    2228 exclusive pairs

creating thin gp-based encoding...
plan graph layer 0...
plan graph layer 1...
plan graph layer 2...
plan graph layer 3...
plan graph layer 4...
plan graph layer 5...
plan graph layer 6...
plan graph layer 7...
plan graph layer 8...
plan graph layer 9...
plan graph layer 10...
plan graph layer 11...
plan graph layer 12...
plan graph layer 13...
plan graph layer 14...
plan graph layer 15...
plan graph layer 16...
plan graph layer 17...
plan graph layer 18...
goal constraints...

goal fact not coded - level too low??


bb: parsing domain file
domain 'BLOCKS' defined
 ... done.
bb: parsing problem file
problem 'BLOCKS-15-1' defined
 ... done.


time:   0,    18 facts and       0 exclusive pairs
              20 ops   and       7 exclusive pairs
time:   1,    22 facts and      16 exclusive pairs
              30 ops   and      98 exclusive pairs
time:   2,    26 facts and      36 exclusive pairs
              40 ops   and     269 exclusive pairs
time:   3,    29 facts and      58 exclusive pairs
              52 ops   and     590 exclusive pairs
time:   4,    36 facts and     141 exclusive pairs
              69 ops   and    1260 exclusive pairs
time:   5,    40 facts and     180 exclusive pairs
              84 ops   and    1988 exclusive pairs
time:   6,    48 facts and     308 exclusive pairs
             101 ops   and    2992 exclusive pairs
time:   7,    50 facts and     268 exclusive pairs
             114 ops   and    3719 exclusive pairs
time:   8,    60 facts and     454 exclusive pairs
             135 ops   and    5390 exclusive pairs
time:   9,    62 facts and     400 exclusive pairs
             150 ops   and    6520 exclusive pairs
time:  10,    74 facts and     668 exclusive pairs
             175 ops   and    9122 exclusive pairs
time:  11,    76 facts and     591 exclusive pairs
             192 ops   and   10756 exclusive pairs
time:  12,    90 facts and     953 exclusive pairs
             221 ops   and   14554 exclusive pairs
time:  13,    92 facts and     834 exclusive pairs
             240 ops   and   16774 exclusive pairs
time:  14,   108 facts and    1304 exclusive pairs
             273 ops   and   22082 exclusive pairs
time:  15,   110 facts and    1135 exclusive pairs
             294 ops   and   25012 exclusive pairs
time:  16,   128 facts and    1727 exclusive pairs
             331 ops   and   32180 exclusive pairs
time:  17,   130 facts and    1500 exclusive pairs
             354 ops   and   35956 exclusive pairs
time:  18,   150 facts and    2228 exclusive pairs
             395 ops   and   45370 exclusive pairs
time:  19,   152 facts and    1935 exclusive pairs

creating thin gp-based encoding...
plan graph layer 0...
plan graph layer 1...
plan graph layer 2...
plan graph layer 3...
plan graph layer 4...
plan graph layer 5...
plan graph layer 6...
plan graph layer 7...
plan graph layer 8...
plan graph layer 9...
plan graph layer 10...
plan graph layer 11...
plan graph layer 12...
plan graph layer 13...
plan graph layer 14...
plan graph layer 15...
plan graph layer 16...
plan graph layer 17...
plan graph layer 18...
plan graph layer 19...
goal constraints...

goal fact not coded - level too low??


bb: parsing domain file
domain 'BLOCKS' defined
 ... done.
bb: parsing problem file
problem 'BLOCKS-15-1' defined
 ... done.


time:   0,    18 facts and       0 exclusive pairs
              20 ops   and       7 exclusive pairs
time:   1,    22 facts and      16 exclusive pairs
              30 ops   and      98 exclusive pairs
time:   2,    26 facts and      36 exclusive pairs
              40 ops   and     269 exclusive pairs
time:   3,    29 facts and      58 exclusive pairs
              52 ops   and     590 exclusive pairs
time:   4,    36 facts and     141 exclusive pairs
              69 ops   and    1260 exclusive pairs
time:   5,    40 facts and     180 exclusive pairs
              84 ops   and    1988 exclusive pairs
time:   6,    48 facts and     308 exclusive pairs
             101 ops   and    2992 exclusive pairs
time:   7,    50 facts and     268 exclusive pairs
             114 ops   and    3719 exclusive pairs
time:   8,    60 facts and     454 exclusive pairs
             135 ops   and    5390 exclusive pairs
time:   9,    62 facts and     400 exclusive pairs
             150 ops   and    6520 exclusive pairs
time:  10,    74 facts and     668 exclusive pairs
             175 ops   and    9122 exclusive pairs
time:  11,    76 facts and     591 exclusive pairs
             192 ops   and   10756 exclusive pairs
time:  12,    90 facts and     953 exclusive pairs
             221 ops   and   14554 exclusive pairs
time:  13,    92 facts and     834 exclusive pairs
             240 ops   and   16774 exclusive pairs
time:  14,   108 facts and    1304 exclusive pairs
             273 ops   and   22082 exclusive pairs
time:  15,   110 facts and    1135 exclusive pairs
             294 ops   and   25012 exclusive pairs
time:  16,   128 facts and    1727 exclusive pairs
             331 ops   and   32180 exclusive pairs
time:  17,   130 facts and    1500 exclusive pairs
             354 ops   and   35956 exclusive pairs
time:  18,   150 facts and    2228 exclusive pairs
             395 ops   and   45370 exclusive pairs
time:  19,   152 facts and    1935 exclusive pairs
             420 ops   and   50140 exclusive pairs
time:  20,   174 facts and    2813 exclusive pairs

creating thin gp-based encoding...
plan graph layer 0...
plan graph layer 1...
plan graph layer 2...
plan graph layer 3...
plan graph layer 4...
plan graph layer 5...
plan graph layer 6...
plan graph layer 7...
plan graph layer 8...
plan graph layer 9...
plan graph layer 10...
plan graph layer 11...
plan graph layer 12...
plan graph layer 13...
plan graph layer 14...
plan graph layer 15...
plan graph layer 16...
plan graph layer 17...
plan graph layer 18...
plan graph layer 19...
plan graph layer 20...
goal constraints...

goal fact not coded - level too low??


bb: parsing domain file
domain 'BLOCKS' defined
 ... done.
bb: parsing problem file
problem 'BLOCKS-15-1' defined
 ... done.


time:   0,    18 facts and       0 exclusive pairs
              20 ops   and       7 exclusive pairs
time:   1,    22 facts and      16 exclusive pairs
              30 ops   and      98 exclusive pairs
time:   2,    26 facts and      36 exclusive pairs
              40 ops   and     269 exclusive pairs
time:   3,    29 facts and      58 exclusive pairs
              52 ops   and     590 exclusive pairs
time:   4,    36 facts and     141 exclusive pairs
              69 ops   and    1260 exclusive pairs
time:   5,    40 facts and     180 exclusive pairs
              84 ops   and    1988 exclusive pairs
time:   6,    48 facts and     308 exclusive pairs
             101 ops   and    2992 exclusive pairs
time:   7,    50 facts and     268 exclusive pairs
             114 ops   and    3719 exclusive pairs
time:   8,    60 facts and     454 exclusive pairs
             135 ops   and    5390 exclusive pairs
time:   9,    62 facts and     400 exclusive pairs
             150 ops   and    6520 exclusive pairs
time:  10,    74 facts and     668 exclusive pairs
             175 ops   and    9122 exclusive pairs
time:  11,    76 facts and     591 exclusive pairs
             192 ops   and   10756 exclusive pairs
time:  12,    90 facts and     953 exclusive pairs
             221 ops   and   14554 exclusive pairs
time:  13,    92 facts and     834 exclusive pairs
             240 ops   and   16774 exclusive pairs
time:  14,   108 facts and    1304 exclusive pairs
             273 ops   and   22082 exclusive pairs
time:  15,   110 facts and    1135 exclusive pairs
             294 ops   and   25012 exclusive pairs
time:  16,   128 facts and    1727 exclusive pairs
             331 ops   and   32180 exclusive pairs
time:  17,   130 facts and    1500 exclusive pairs
             354 ops   and   35956 exclusive pairs
time:  18,   150 facts and    2228 exclusive pairs
             395 ops   and   45370 exclusive pairs
time:  19,   152 facts and    1935 exclusive pairs
             420 ops   and   50140 exclusive pairs
time:  20,   174 facts and    2813 exclusive pairs
             465 ops   and   62222 exclusive pairs
time:  21,   176 facts and    2446 exclusive pairs

creating thin gp-based encoding...
plan graph layer 0...
plan graph layer 1...
plan graph layer 2...
plan graph layer 3...
plan graph layer 4...
plan graph layer 5...
plan graph layer 6...
plan graph layer 7...
plan graph layer 8...
plan graph layer 9...
plan graph layer 10...
plan graph layer 11...
plan graph layer 12...
plan graph layer 13...
plan graph layer 14...
plan graph layer 15...
plan graph layer 16...
plan graph layer 17...
plan graph layer 18...
plan graph layer 19...
plan graph layer 20...
plan graph layer 21...
goal constraints...

goal fact not coded - level too low??


bb: parsing domain file
domain 'BLOCKS' defined
 ... done.
bb: parsing problem file
problem 'BLOCKS-15-1' defined
 ... done.


time:   0,    18 facts and       0 exclusive pairs
              20 ops   and       7 exclusive pairs
time:   1,    22 facts and      16 exclusive pairs
              30 ops   and      98 exclusive pairs
time:   2,    26 facts and      36 exclusive pairs
              40 ops   and     269 exclusive pairs
time:   3,    29 facts and      58 exclusive pairs
              52 ops   and     590 exclusive pairs
time:   4,    36 facts and     141 exclusive pairs
              69 ops   and    1260 exclusive pairs
time:   5,    40 facts and     180 exclusive pairs
              84 ops   and    1988 exclusive pairs
time:   6,    48 facts and     308 exclusive pairs
             101 ops   and    2992 exclusive pairs
time:   7,    50 facts and     268 exclusive pairs
             114 ops   and    3719 exclusive pairs
time:   8,    60 facts and     454 exclusive pairs
             135 ops   and    5390 exclusive pairs
time:   9,    62 facts and     400 exclusive pairs
             150 ops   and    6520 exclusive pairs
time:  10,    74 facts and     668 exclusive pairs
             175 ops   and    9122 exclusive pairs
time:  11,    76 facts and     591 exclusive pairs
             192 ops   and   10756 exclusive pairs
time:  12,    90 facts and     953 exclusive pairs
             221 ops   and   14554 exclusive pairs
time:  13,    92 facts and     834 exclusive pairs
             240 ops   and   16774 exclusive pairs
time:  14,   108 facts and    1304 exclusive pairs
             273 ops   and   22082 exclusive pairs
time:  15,   110 facts and    1135 exclusive pairs
             294 ops   and   25012 exclusive pairs
time:  16,   128 facts and    1727 exclusive pairs
             331 ops   and   32180 exclusive pairs
time:  17,   130 facts and    1500 exclusive pairs
             354 ops   and   35956 exclusive pairs
time:  18,   150 facts and    2228 exclusive pairs
             395 ops   and   45370 exclusive pairs
time:  19,   152 facts and    1935 exclusive pairs
             420 ops   and   50140 exclusive pairs
time:  20,   174 facts and    2813 exclusive pairs
             465 ops   and   62222 exclusive pairs
time:  21,   176 facts and    2446 exclusive pairs
             492 ops   and   68146 exclusive pairs
time:  22,   200 facts and    3488 exclusive pairs

creating thin gp-based encoding...
plan graph layer 0...
plan graph layer 1...
plan graph layer 2...
plan graph layer 3...
plan graph layer 4...
plan graph layer 5...
plan graph layer 6...
plan graph layer 7...
plan graph layer 8...
plan graph layer 9...
plan graph layer 10...
plan graph layer 11...
plan graph layer 12...
plan graph layer 13...
plan graph layer 14...
plan graph layer 15...
plan graph layer 16...
plan graph layer 17...
plan graph layer 18...
plan graph layer 19...
plan graph layer 20...
plan graph layer 21...
plan graph layer 22...
goal constraints...

goal fact not coded - level too low??


bb: parsing domain file
domain 'BLOCKS' defined
 ... done.
bb: parsing problem file
problem 'BLOCKS-15-1' defined
 ... done.


time:   0,    18 facts and       0 exclusive pairs
              20 ops   and       7 exclusive pairs
time:   1,    22 facts and      16 exclusive pairs
              30 ops   and      98 exclusive pairs
time:   2,    26 facts and      36 exclusive pairs
              40 ops   and     269 exclusive pairs
time:   3,    29 facts and      58 exclusive pairs
              52 ops   and     590 exclusive pairs
time:   4,    36 facts and     141 exclusive pairs
              69 ops   and    1260 exclusive pairs
time:   5,    40 facts and     180 exclusive pairs
              84 ops   and    1988 exclusive pairs
time:   6,    48 facts and     308 exclusive pairs
             101 ops   and    2992 exclusive pairs
time:   7,    50 facts and     268 exclusive pairs
             114 ops   and    3719 exclusive pairs
time:   8,    60 facts and     454 exclusive pairs
             135 ops   and    5390 exclusive pairs
time:   9,    62 facts and     400 exclusive pairs
             150 ops   and    6520 exclusive pairs
time:  10,    74 facts and     668 exclusive pairs
             175 ops   and    9122 exclusive pairs
time:  11,    76 facts and     591 exclusive pairs
             192 ops   and   10756 exclusive pairs
time:  12,    90 facts and     953 exclusive pairs
             221 ops   and   14554 exclusive pairs
time:  13,    92 facts and     834 exclusive pairs
             240 ops   and   16774 exclusive pairs
time:  14,   108 facts and    1304 exclusive pairs
             273 ops   and   22082 exclusive pairs
time:  15,   110 facts and    1135 exclusive pairs
             294 ops   and   25012 exclusive pairs
time:  16,   128 facts and    1727 exclusive pairs
             331 ops   and   32180 exclusive pairs
time:  17,   130 facts and    1500 exclusive pairs
             354 ops   and   35956 exclusive pairs
time:  18,   150 facts and    2228 exclusive pairs
             395 ops   and   45370 exclusive pairs
time:  19,   152 facts and    1935 exclusive pairs
             420 ops   and   50140 exclusive pairs
time:  20,   174 facts and    2813 exclusive pairs
             465 ops   and   62222 exclusive pairs
time:  21,   176 facts and    2446 exclusive pairs
             492 ops   and   68146 exclusive pairs
time:  22,   200 facts and    3488 exclusive pairs
             541 ops   and   83354 exclusive pairs
time:  23,   202 facts and    3039 exclusive pairs

creating thin gp-based encoding...
plan graph layer 0...
plan graph layer 1...
plan graph layer 2...
plan graph layer 3...
plan graph layer 4...
plan graph layer 5...
plan graph layer 6...
plan graph layer 7...
plan graph layer 8...
plan graph layer 9...
plan graph layer 10...
plan graph layer 11...
plan graph layer 12...
plan graph layer 13...
plan graph layer 14...
plan graph layer 15...
plan graph layer 16...
plan graph layer 17...
plan graph layer 18...
plan graph layer 19...
plan graph layer 20...
plan graph layer 21...
plan graph layer 22...
plan graph layer 23...
goal constraints...

goal fact not coded - level too low??


bb: parsing domain file
domain 'BLOCKS' defined
 ... done.
bb: parsing problem file
problem 'BLOCKS-15-1' defined
 ... done.


time:   0,    18 facts and       0 exclusive pairs
              20 ops   and       7 exclusive pairs
time:   1,    22 facts and      16 exclusive pairs
              30 ops   and      98 exclusive pairs
time:   2,    26 facts and      36 exclusive pairs
              40 ops   and     269 exclusive pairs
time:   3,    29 facts and      58 exclusive pairs
              52 ops   and     590 exclusive pairs
time:   4,    36 facts and     141 exclusive pairs
              69 ops   and    1260 exclusive pairs
time:   5,    40 facts and     180 exclusive pairs
              84 ops   and    1988 exclusive pairs
time:   6,    48 facts and     308 exclusive pairs
             101 ops   and    2992 exclusive pairs
time:   7,    50 facts and     268 exclusive pairs
             114 ops   and    3719 exclusive pairs
time:   8,    60 facts and     454 exclusive pairs
             135 ops   and    5390 exclusive pairs
time:   9,    62 facts and     400 exclusive pairs
             150 ops   and    6520 exclusive pairs
time:  10,    74 facts and     668 exclusive pairs
             175 ops   and    9122 exclusive pairs
time:  11,    76 facts and     591 exclusive pairs
             192 ops   and   10756 exclusive pairs
time:  12,    90 facts and     953 exclusive pairs
             221 ops   and   14554 exclusive pairs
time:  13,    92 facts and     834 exclusive pairs
             240 ops   and   16774 exclusive pairs
time:  14,   108 facts and    1304 exclusive pairs
             273 ops   and   22082 exclusive pairs
time:  15,   110 facts and    1135 exclusive pairs
             294 ops   and   25012 exclusive pairs
time:  16,   128 facts and    1727 exclusive pairs
             331 ops   and   32180 exclusive pairs
time:  17,   130 facts and    1500 exclusive pairs
             354 ops   and   35956 exclusive pairs
time:  18,   150 facts and    2228 exclusive pairs
             395 ops   and   45370 exclusive pairs
time:  19,   152 facts and    1935 exclusive pairs
             420 ops   and   50140 exclusive pairs
time:  20,   174 facts and    2813 exclusive pairs
             465 ops   and   62222 exclusive pairs
time:  21,   176 facts and    2446 exclusive pairs
             492 ops   and   68146 exclusive pairs
time:  22,   200 facts and    3488 exclusive pairs
             541 ops   and   83354 exclusive pairs
time:  23,   202 facts and    3039 exclusive pairs
             570 ops   and   90604 exclusive pairs
time:  24,   228 facts and    4259 exclusive pairs

creating thin gp-based encoding...
plan graph layer 0...
plan graph layer 1...
plan graph layer 2...
plan graph layer 3...
plan graph layer 4...
plan graph layer 5...
plan graph layer 6...
plan graph layer 7...
plan graph layer 8...
plan graph layer 9...
plan graph layer 10...
plan graph layer 11...
plan graph layer 12...
plan graph layer 13...
plan graph layer 14...
plan graph layer 15...
plan graph layer 16...
plan graph layer 17...
plan graph layer 18...
plan graph layer 19...
plan graph layer 20...
plan graph layer 21...
plan graph layer 22...
plan graph layer 23...
plan graph layer 24...
goal constraints...

goal fact not coded - level too low??


bb: parsing domain file
domain 'BLOCKS' defined
 ... done.
bb: parsing problem file
problem 'BLOCKS-15-1' defined
 ... done.


time:   0,    18 facts and       0 exclusive pairs
              20 ops   and       7 exclusive pairs
time:   1,    22 facts and      16 exclusive pairs
              30 ops   and      98 exclusive pairs
time:   2,    26 facts and      36 exclusive pairs
              40 ops   and     269 exclusive pairs
time:   3,    29 facts and      58 exclusive pairs
              52 ops   and     590 exclusive pairs
time:   4,    36 facts and     141 exclusive pairs
              69 ops   and    1260 exclusive pairs
time:   5,    40 facts and     180 exclusive pairs
              84 ops   and    1988 exclusive pairs
time:   6,    48 facts and     308 exclusive pairs
             101 ops   and    2992 exclusive pairs
time:   7,    50 facts and     268 exclusive pairs
             114 ops   and    3719 exclusive pairs
time:   8,    60 facts and     454 exclusive pairs
             135 ops   and    5390 exclusive pairs
time:   9,    62 facts and     400 exclusive pairs
             150 ops   and    6520 exclusive pairs
time:  10,    74 facts and     668 exclusive pairs
             175 ops   and    9122 exclusive pairs
time:  11,    76 facts and     591 exclusive pairs
             192 ops   and   10756 exclusive pairs
time:  12,    90 facts and     953 exclusive pairs
             221 ops   and   14554 exclusive pairs
time:  13,    92 facts and     834 exclusive pairs
             240 ops   and   16774 exclusive pairs
time:  14,   108 facts and    1304 exclusive pairs
             273 ops   and   22082 exclusive pairs
time:  15,   110 facts and    1135 exclusive pairs
             294 ops   and   25012 exclusive pairs
time:  16,   128 facts and    1727 exclusive pairs
             331 ops   and   32180 exclusive pairs
time:  17,   130 facts and    1500 exclusive pairs
             354 ops   and   35956 exclusive pairs
time:  18,   150 facts and    2228 exclusive pairs
             395 ops   and   45370 exclusive pairs
time:  19,   152 facts and    1935 exclusive pairs
             420 ops   and   50140 exclusive pairs
time:  20,   174 facts and    2813 exclusive pairs
             465 ops   and   62222 exclusive pairs
time:  21,   176 facts and    2446 exclusive pairs
             492 ops   and   68146 exclusive pairs
time:  22,   200 facts and    3488 exclusive pairs
             541 ops   and   83354 exclusive pairs
time:  23,   202 facts and    3039 exclusive pairs
             570 ops   and   90604 exclusive pairs
time:  24,   228 facts and    4259 exclusive pairs
             623 ops   and  109432 exclusive pairs
time:  25,   229 facts and    3677 exclusive pairs

creating thin gp-based encoding...
plan graph layer 0...
plan graph layer 1...
plan graph layer 2...
plan graph layer 3...
plan graph layer 4...
plan graph layer 5...
plan graph layer 6...
plan graph layer 7...
plan graph layer 8...
plan graph layer 9...
plan graph layer 10...
plan graph layer 11...
plan graph layer 12...
plan graph layer 13...
plan graph layer 14...
plan graph layer 15...
plan graph layer 16...
plan graph layer 17...
plan graph layer 18...
plan graph layer 19...
plan graph layer 20...
plan graph layer 21...
plan graph layer 22...
plan graph layer 23...
plan graph layer 24...
plan graph layer 25...
goal constraints...

goal fact not coded - level too low??


bb: parsing domain file
domain 'BLOCKS' defined
 ... done.
bb: parsing problem file
problem 'BLOCKS-15-1' defined
 ... done.


time:   0,    18 facts and       0 exclusive pairs
              20 ops   and       7 exclusive pairs
time:   1,    22 facts and      16 exclusive pairs
              30 ops   and      98 exclusive pairs
time:   2,    26 facts and      36 exclusive pairs
              40 ops   and     269 exclusive pairs
time:   3,    29 facts and      58 exclusive pairs
              52 ops   and     590 exclusive pairs
time:   4,    36 facts and     141 exclusive pairs
              69 ops   and    1260 exclusive pairs
time:   5,    40 facts and     180 exclusive pairs
              84 ops   and    1988 exclusive pairs
time:   6,    48 facts and     308 exclusive pairs
             101 ops   and    2992 exclusive pairs
time:   7,    50 facts and     268 exclusive pairs
             114 ops   and    3719 exclusive pairs
time:   8,    60 facts and     454 exclusive pairs
             135 ops   and    5390 exclusive pairs
time:   9,    62 facts and     400 exclusive pairs
             150 ops   and    6520 exclusive pairs
time:  10,    74 facts and     668 exclusive pairs
             175 ops   and    9122 exclusive pairs
time:  11,    76 facts and     591 exclusive pairs
             192 ops   and   10756 exclusive pairs
time:  12,    90 facts and     953 exclusive pairs
             221 ops   and   14554 exclusive pairs
time:  13,    92 facts and     834 exclusive pairs
             240 ops   and   16774 exclusive pairs
time:  14,   108 facts and    1304 exclusive pairs
             273 ops   and   22082 exclusive pairs
time:  15,   110 facts and    1135 exclusive pairs
             294 ops   and   25012 exclusive pairs
time:  16,   128 facts and    1727 exclusive pairs
             331 ops   and   32180 exclusive pairs
time:  17,   130 facts and    1500 exclusive pairs
             354 ops   and   35956 exclusive pairs
time:  18,   150 facts and    2228 exclusive pairs
             395 ops   and   45370 exclusive pairs
time:  19,   152 facts and    1935 exclusive pairs
             420 ops   and   50140 exclusive pairs
time:  20,   174 facts and    2813 exclusive pairs
             465 ops   and   62222 exclusive pairs
time:  21,   176 facts and    2446 exclusive pairs
             492 ops   and   68146 exclusive pairs
time:  22,   200 facts and    3488 exclusive pairs
             541 ops   and   83354 exclusive pairs
time:  23,   202 facts and    3039 exclusive pairs
             570 ops   and   90604 exclusive pairs
time:  24,   228 facts and    4259 exclusive pairs
             623 ops   and  109432 exclusive pairs
time:  25,   229 facts and    3677 exclusive pairs
             652 ops   and  117273 exclusive pairs
time:  26,   256 facts and    5021 exclusive pairs

creating thin gp-based encoding...
plan graph layer 0...
plan graph layer 1...
plan graph layer 2...
plan graph layer 3...
plan graph layer 4...
plan graph layer 5...
plan graph layer 6...
plan graph layer 7...
plan graph layer 8...
plan graph layer 9...
plan graph layer 10...
plan graph layer 11...
plan graph layer 12...
plan graph layer 13...
plan graph layer 14...
plan graph layer 15...
plan graph layer 16...
plan graph layer 17...
plan graph layer 18...
plan graph layer 19...
plan graph layer 20...
plan graph layer 21...
plan graph layer 22...
plan graph layer 23...
plan graph layer 24...
plan graph layer 25...
plan graph layer 26...
goal constraints...
exclusion constraints layer 0...
exclusion constraints layer 1...
exclusion constraints layer 2...
exclusion constraints layer 3...
exclusion constraints layer 4...
exclusion constraints layer 5...
exclusion constraints layer 6...
exclusion constraints layer 7...
exclusion constraints layer 8...
exclusion constraints layer 9...
exclusion constraints layer 10...
exclusion constraints layer 11...
exclusion constraints layer 12...
exclusion constraints layer 13...
exclusion constraints layer 14...
exclusion constraints layer 15...
exclusion constraints layer 16...
exclusion constraints layer 17...
exclusion constraints layer 18...
exclusion constraints layer 19...
exclusion constraints layer 20...
exclusion constraints layer 21...
exclusion constraints layer 22...
exclusion constraints layer 23...
exclusion constraints layer 24...
exclusion constraints layer 25...
exclusion constraints layer 26...

DECISION LAYER 26, WRITING THIN GP-BASED ENCODING WITH 9999 VARS, 524953 CLAUSES.

time spent:    0.00 seconds instantiating 480 action templates
               0.00 seconds reachability analysis, yielding 271 facts and 480 actions
               0.00 seconds collecting 271 relevant facts
               0.00 seconds building connectivity graph
               0.00 seconds building (std) graph
               0.11 seconds CNF output time
               0.11 seconds total planner time (solving not included)


***Solving***


[ filemap ]
[ extract ]

variables : 9999
pure lits : 260

1-clauses : 14
2-clauses : 522405
3-clauses : 2090
n-clauses : 444
discarded : 0

[ solve ]


unsatisfiable                             

[ stats ]

decisions : 0
conflicts : 1
time : ~0.01

***UNSAT***


bb: parsing domain file
domain 'BLOCKS' defined
 ... done.
bb: parsing problem file
problem 'BLOCKS-15-1' defined
 ... done.


time:   0,    18 facts and       0 exclusive pairs
              20 ops   and       7 exclusive pairs
time:   1,    22 facts and      16 exclusive pairs
              30 ops   and      98 exclusive pairs
time:   2,    26 facts and      36 exclusive pairs
              40 ops   and     269 exclusive pairs
time:   3,    29 facts and      58 exclusive pairs
              52 ops   and     590 exclusive pairs
time:   4,    36 facts and     141 exclusive pairs
              69 ops   and    1260 exclusive pairs
time:   5,    40 facts and     180 exclusive pairs
              84 ops   and    1988 exclusive pairs
time:   6,    48 facts and     308 exclusive pairs
             101 ops   and    2992 exclusive pairs
time:   7,    50 facts and     268 exclusive pairs
             114 ops   and    3719 exclusive pairs
time:   8,    60 facts and     454 exclusive pairs
             135 ops   and    5390 exclusive pairs
time:   9,    62 facts and     400 exclusive pairs
             150 ops   and    6520 exclusive pairs
time:  10,    74 facts and     668 exclusive pairs
             175 ops   and    9122 exclusive pairs
time:  11,    76 facts and     591 exclusive pairs
             192 ops   and   10756 exclusive pairs
time:  12,    90 facts and     953 exclusive pairs
             221 ops   and   14554 exclusive pairs
time:  13,    92 facts and     834 exclusive pairs
             240 ops   and   16774 exclusive pairs
time:  14,   108 facts and    1304 exclusive pairs
             273 ops   and   22082 exclusive pairs
time:  15,   110 facts and    1135 exclusive pairs
             294 ops   and   25012 exclusive pairs
time:  16,   128 facts and    1727 exclusive pairs
             331 ops   and   32180 exclusive pairs
time:  17,   130 facts and    1500 exclusive pairs
             354 ops   and   35956 exclusive pairs
time:  18,   150 facts and    2228 exclusive pairs
             395 ops   and   45370 exclusive pairs
time:  19,   152 facts and    1935 exclusive pairs
             420 ops   and   50140 exclusive pairs
time:  20,   174 facts and    2813 exclusive pairs
             465 ops   and   62222 exclusive pairs
time:  21,   176 facts and    2446 exclusive pairs
             492 ops   and   68146 exclusive pairs
time:  22,   200 facts and    3488 exclusive pairs
             541 ops   and   83354 exclusive pairs
time:  23,   202 facts and    3039 exclusive pairs
             570 ops   and   90604 exclusive pairs
time:  24,   228 facts and    4259 exclusive pairs
             623 ops   and  109432 exclusive pairs
time:  25,   229 facts and    3677 exclusive pairs
             652 ops   and  117273 exclusive pairs
time:  26,   256 facts and    5021 exclusive pairs
             706 ops   and  139010 exclusive pairs
time:  27,   256 facts and    4345 exclusive pairs

creating thin gp-based encoding...
plan graph layer 0...
plan graph layer 1...
plan graph layer 2...
plan graph layer 3...
plan graph layer 4...
plan graph layer 5...
plan graph layer 6...
plan graph layer 7...
plan graph layer 8...
plan graph layer 9...
plan graph layer 10...
plan graph layer 11...
plan graph layer 12...
plan graph layer 13...
plan graph layer 14...
plan graph layer 15...
plan graph layer 16...
plan graph layer 17...
plan graph layer 18...
plan graph layer 19...
plan graph layer 20...
plan graph layer 21...
plan graph layer 22...
plan graph layer 23...
plan graph layer 24...
plan graph layer 25...
plan graph layer 26...
plan graph layer 27...
goal constraints...
exclusion constraints layer 0...
exclusion constraints layer 1...
exclusion constraints layer 2...
exclusion constraints layer 3...
exclusion constraints layer 4...
exclusion constraints layer 5...
exclusion constraints layer 6...
exclusion constraints layer 7...
exclusion constraints layer 8...
exclusion constraints layer 9...
exclusion constraints layer 10...
exclusion constraints layer 11...
exclusion constraints layer 12...
exclusion constraints layer 13...
exclusion constraints layer 14...
exclusion constraints layer 15...
exclusion constraints layer 16...
exclusion constraints layer 17...
exclusion constraints layer 18...
exclusion constraints layer 19...
exclusion constraints layer 20...
exclusion constraints layer 21...
exclusion constraints layer 22...
exclusion constraints layer 23...
exclusion constraints layer 24...
exclusion constraints layer 25...
exclusion constraints layer 26...
exclusion constraints layer 27...

DECISION LAYER 27, WRITING THIN GP-BASED ENCODING WITH 10961 VARS, 613840 CLAUSES.

time spent:    0.00 seconds instantiating 480 action templates
               0.00 seconds reachability analysis, yielding 271 facts and 480 actions
               0.00 seconds collecting 271 relevant facts
               0.00 seconds building connectivity graph
               0.00 seconds building (std) graph
               0.13 seconds CNF output time
               0.13 seconds total planner time (solving not included)


***Solving***


[ filemap ]
[ extract ]

variables : 10961
pure lits : 260

1-clauses : 14
2-clauses : 611036
3-clauses : 2315
n-clauses : 475
discarded : 0

[ solve ]


unsatisfiable                             

[ stats ]

decisions : 0
conflicts : 1
time : ~0.01

***UNSAT***


bb: parsing domain file
domain 'BLOCKS' defined
 ... done.
bb: parsing problem file
problem 'BLOCKS-15-1' defined
 ... done.


time:   0,    18 facts and       0 exclusive pairs
              20 ops   and       7 exclusive pairs
time:   1,    22 facts and      16 exclusive pairs
              30 ops   and      98 exclusive pairs
time:   2,    26 facts and      36 exclusive pairs
              40 ops   and     269 exclusive pairs
time:   3,    29 facts and      58 exclusive pairs
              52 ops   and     590 exclusive pairs
time:   4,    36 facts and     141 exclusive pairs
              69 ops   and    1260 exclusive pairs
time:   5,    40 facts and     180 exclusive pairs
              84 ops   and    1988 exclusive pairs
time:   6,    48 facts and     308 exclusive pairs
             101 ops   and    2992 exclusive pairs
time:   7,    50 facts and     268 exclusive pairs
             114 ops   and    3719 exclusive pairs
time:   8,    60 facts and     454 exclusive pairs
             135 ops   and    5390 exclusive pairs
time:   9,    62 facts and     400 exclusive pairs
             150 ops   and    6520 exclusive pairs
time:  10,    74 facts and     668 exclusive pairs
             175 ops   and    9122 exclusive pairs
time:  11,    76 facts and     591 exclusive pairs
             192 ops   and   10756 exclusive pairs
time:  12,    90 facts and     953 exclusive pairs
             221 ops   and   14554 exclusive pairs
time:  13,    92 facts and     834 exclusive pairs
             240 ops   and   16774 exclusive pairs
time:  14,   108 facts and    1304 exclusive pairs
             273 ops   and   22082 exclusive pairs
time:  15,   110 facts and    1135 exclusive pairs
             294 ops   and   25012 exclusive pairs
time:  16,   128 facts and    1727 exclusive pairs
             331 ops   and   32180 exclusive pairs
time:  17,   130 facts and    1500 exclusive pairs
             354 ops   and   35956 exclusive pairs
time:  18,   150 facts and    2228 exclusive pairs
             395 ops   and   45370 exclusive pairs
time:  19,   152 facts and    1935 exclusive pairs
             420 ops   and   50140 exclusive pairs
time:  20,   174 facts and    2813 exclusive pairs
             465 ops   and   62222 exclusive pairs
time:  21,   176 facts and    2446 exclusive pairs
             492 ops   and   68146 exclusive pairs
time:  22,   200 facts and    3488 exclusive pairs
             541 ops   and   83354 exclusive pairs
time:  23,   202 facts and    3039 exclusive pairs
             570 ops   and   90604 exclusive pairs
time:  24,   228 facts and    4259 exclusive pairs
             623 ops   and  109432 exclusive pairs
time:  25,   229 facts and    3677 exclusive pairs
             652 ops   and  117273 exclusive pairs
time:  26,   256 facts and    5021 exclusive pairs
             706 ops   and  139010 exclusive pairs
time:  27,   256 facts and    4345 exclusive pairs
             706 ops   and  132626 exclusive pairs
time:  28,   256 facts and    3825 exclusive pairs

creating thin gp-based encoding...
plan graph layer 0...
plan graph layer 1...
plan graph layer 2...
plan graph layer 3...
plan graph layer 4...
plan graph layer 5...
plan graph layer 6...
plan graph layer 7...
plan graph layer 8...
plan graph layer 9...
plan graph layer 10...
plan graph layer 11...
plan graph layer 12...
plan graph layer 13...
plan graph layer 14...
plan graph layer 15...
plan graph layer 16...
plan graph layer 17...
plan graph layer 18...
plan graph layer 19...
plan graph layer 20...
plan graph layer 21...
plan graph layer 22...
plan graph layer 23...
plan graph layer 24...
plan graph layer 25...
plan graph layer 26...
plan graph layer 27...
plan graph layer 28...
goal constraints...
exclusion constraints layer 0...
exclusion constraints layer 1...
exclusion constraints layer 2...
exclusion constraints layer 3...
exclusion constraints layer 4...
exclusion constraints layer 5...
exclusion constraints layer 6...
exclusion constraints layer 7...
exclusion constraints layer 8...
exclusion constraints layer 9...
exclusion constraints layer 10...
exclusion constraints layer 11...
exclusion constraints layer 12...
exclusion constraints layer 13...
exclusion constraints layer 14...
exclusion constraints layer 15...
exclusion constraints layer 16...
exclusion constraints layer 17...
exclusion constraints layer 18...
exclusion constraints layer 19...
exclusion constraints layer 20...
exclusion constraints layer 21...
exclusion constraints layer 22...
exclusion constraints layer 23...
exclusion constraints layer 24...
exclusion constraints layer 25...
exclusion constraints layer 26...
exclusion constraints layer 27...
exclusion constraints layer 28...

DECISION LAYER 28, WRITING THIN GP-BASED ENCODING WITH 11923 VARS, 702207 CLAUSES.

time spent:    0.00 seconds instantiating 480 action templates
               0.00 seconds reachability analysis, yielding 271 facts and 480 actions
               0.00 seconds collecting 271 relevant facts
               0.00 seconds building connectivity graph
               0.00 seconds building (std) graph
               0.15 seconds CNF output time
               0.15 seconds total planner time (solving not included)


***Solving***


[ filemap ]
[ extract ]

variables : 11923
pure lits : 260

1-clauses : 14
2-clauses : 699147
3-clauses : 2540
n-clauses : 506
discarded : 0

[ solve ]


unsatisfiable                             

[ stats ]

decisions : 1751
conflicts : 160
time : ~0.01

***UNSAT***


bb: parsing domain file
domain 'BLOCKS' defined
 ... done.
bb: parsing problem file
problem 'BLOCKS-15-1' defined
 ... done.


time:   0,    18 facts and       0 exclusive pairs
              20 ops   and       7 exclusive pairs
time:   1,    22 facts and      16 exclusive pairs
              30 ops   and      98 exclusive pairs
time:   2,    26 facts and      36 exclusive pairs
              40 ops   and     269 exclusive pairs
time:   3,    29 facts and      58 exclusive pairs
              52 ops   and     590 exclusive pairs
time:   4,    36 facts and     141 exclusive pairs
              69 ops   and    1260 exclusive pairs
time:   5,    40 facts and     180 exclusive pairs
              84 ops   and    1988 exclusive pairs
time:   6,    48 facts and     308 exclusive pairs
             101 ops   and    2992 exclusive pairs
time:   7,    50 facts and     268 exclusive pairs
             114 ops   and    3719 exclusive pairs
time:   8,    60 facts and     454 exclusive pairs
             135 ops   and    5390 exclusive pairs
time:   9,    62 facts and     400 exclusive pairs
             150 ops   and    6520 exclusive pairs
time:  10,    74 facts and     668 exclusive pairs
             175 ops   and    9122 exclusive pairs
time:  11,    76 facts and     591 exclusive pairs
             192 ops   and   10756 exclusive pairs
time:  12,    90 facts and     953 exclusive pairs
             221 ops   and   14554 exclusive pairs
time:  13,    92 facts and     834 exclusive pairs
             240 ops   and   16774 exclusive pairs
time:  14,   108 facts and    1304 exclusive pairs
             273 ops   and   22082 exclusive pairs
time:  15,   110 facts and    1135 exclusive pairs
             294 ops   and   25012 exclusive pairs
time:  16,   128 facts and    1727 exclusive pairs
             331 ops   and   32180 exclusive pairs
time:  17,   130 facts and    1500 exclusive pairs
             354 ops   and   35956 exclusive pairs
time:  18,   150 facts and    2228 exclusive pairs
             395 ops   and   45370 exclusive pairs
time:  19,   152 facts and    1935 exclusive pairs
             420 ops   and   50140 exclusive pairs
time:  20,   174 facts and    2813 exclusive pairs
             465 ops   and   62222 exclusive pairs
time:  21,   176 facts and    2446 exclusive pairs
             492 ops   and   68146 exclusive pairs
time:  22,   200 facts and    3488 exclusive pairs
             541 ops   and   83354 exclusive pairs
time:  23,   202 facts and    3039 exclusive pairs
             570 ops   and   90604 exclusive pairs
time:  24,   228 facts and    4259 exclusive pairs
             623 ops   and  109432 exclusive pairs
time:  25,   229 facts and    3677 exclusive pairs
             652 ops   and  117273 exclusive pairs
time:  26,   256 facts and    5021 exclusive pairs
             706 ops   and  139010 exclusive pairs
time:  27,   256 facts and    4345 exclusive pairs
             706 ops   and  132626 exclusive pairs
time:  28,   256 facts and    3825 exclusive pairs
graph has leveled off at time step 29


             706 ops   and  131430 exclusive pairs
time:  29,   256 facts and    3825 exclusive pairs

creating thin gp-based encoding...
plan graph layer 0...
plan graph layer 1...
plan graph layer 2...
plan graph layer 3...
plan graph layer 4...
plan graph layer 5...
plan graph layer 6...
plan graph layer 7...
plan graph layer 8...
plan graph layer 9...
plan graph layer 10...
plan graph layer 11...
plan graph layer 12...
plan graph layer 13...
plan graph layer 14...
plan graph layer 15...
plan graph layer 16...
plan graph layer 17...
plan graph layer 18...
plan graph layer 19...
plan graph layer 20...
plan graph layer 21...
plan graph layer 22...
plan graph layer 23...
plan graph layer 24...
plan graph layer 25...
plan graph layer 26...
plan graph layer 27...
plan graph layer 28...
plan graph layer 29...
goal constraints...
exclusion constraints layer 0...
exclusion constraints layer 1...
exclusion constraints layer 2...
exclusion constraints layer 3...
exclusion constraints layer 4...
exclusion constraints layer 5...
exclusion constraints layer 6...
exclusion constraints layer 7...
exclusion constraints layer 8...
exclusion constraints layer 9...
exclusion constraints layer 10...
exclusion constraints layer 11...
exclusion constraints layer 12...
exclusion constraints layer 13...
exclusion constraints layer 14...
exclusion constraints layer 15...
exclusion constraints layer 16...
exclusion constraints layer 17...
exclusion constraints layer 18...
exclusion constraints layer 19...
exclusion constraints layer 20...
exclusion constraints layer 21...
exclusion constraints layer 22...
exclusion constraints layer 23...
exclusion constraints layer 24...
exclusion constraints layer 25...
exclusion constraints layer 26...
exclusion constraints layer 27...
exclusion constraints layer 28...
exclusion constraints layer 29...

DECISION LAYER 29, WRITING THIN GP-BASED ENCODING WITH 12885 VARS, 790574 CLAUSES.

time spent:    0.00 seconds instantiating 480 action templates
               0.00 seconds reachability analysis, yielding 271 facts and 480 actions
               0.00 seconds collecting 271 relevant facts
               0.00 seconds building connectivity graph
               0.00 seconds building (std) graph
               0.18 seconds CNF output time
               0.18 seconds total planner time (solving not included)


***Solving***


[ filemap ]
[ extract ]

variables : 12885
pure lits : 260

1-clauses : 14
2-clauses : 787258
3-clauses : 2765
n-clauses : 537
discarded : 0

[ solve ]


unsatisfiable                             

[ stats ]

decisions : 1843
conflicts : 46
time : ~0.01

***UNSAT***


bb: parsing domain file
domain 'BLOCKS' defined
 ... done.
bb: parsing problem file
problem 'BLOCKS-15-1' defined
 ... done.


time:   0,    18 facts and       0 exclusive pairs
              20 ops   and       7 exclusive pairs
time:   1,    22 facts and      16 exclusive pairs
              30 ops   and      98 exclusive pairs
time:   2,    26 facts and      36 exclusive pairs
              40 ops   and     269 exclusive pairs
time:   3,    29 facts and      58 exclusive pairs
              52 ops   and     590 exclusive pairs
time:   4,    36 facts and     141 exclusive pairs
              69 ops   and    1260 exclusive pairs
time:   5,    40 facts and     180 exclusive pairs
              84 ops   and    1988 exclusive pairs
time:   6,    48 facts and     308 exclusive pairs
             101 ops   and    2992 exclusive pairs
time:   7,    50 facts and     268 exclusive pairs
             114 ops   and    3719 exclusive pairs
time:   8,    60 facts and     454 exclusive pairs
             135 ops   and    5390 exclusive pairs
time:   9,    62 facts and     400 exclusive pairs
             150 ops   and    6520 exclusive pairs
time:  10,    74 facts and     668 exclusive pairs
             175 ops   and    9122 exclusive pairs
time:  11,    76 facts and     591 exclusive pairs
             192 ops   and   10756 exclusive pairs
time:  12,    90 facts and     953 exclusive pairs
             221 ops   and   14554 exclusive pairs
time:  13,    92 facts and     834 exclusive pairs
             240 ops   and   16774 exclusive pairs
time:  14,   108 facts and    1304 exclusive pairs
             273 ops   and   22082 exclusive pairs
time:  15,   110 facts and    1135 exclusive pairs
             294 ops   and   25012 exclusive pairs
time:  16,   128 facts and    1727 exclusive pairs
             331 ops   and   32180 exclusive pairs
time:  17,   130 facts and    1500 exclusive pairs
             354 ops   and   35956 exclusive pairs
time:  18,   150 facts and    2228 exclusive pairs
             395 ops   and   45370 exclusive pairs
time:  19,   152 facts and    1935 exclusive pairs
             420 ops   and   50140 exclusive pairs
time:  20,   174 facts and    2813 exclusive pairs
             465 ops   and   62222 exclusive pairs
time:  21,   176 facts and    2446 exclusive pairs
             492 ops   and   68146 exclusive pairs
time:  22,   200 facts and    3488 exclusive pairs
             541 ops   and   83354 exclusive pairs
time:  23,   202 facts and    3039 exclusive pairs
             570 ops   and   90604 exclusive pairs
time:  24,   228 facts and    4259 exclusive pairs
             623 ops   and  109432 exclusive pairs
time:  25,   229 facts and    3677 exclusive pairs
             652 ops   and  117273 exclusive pairs
time:  26,   256 facts and    5021 exclusive pairs
             706 ops   and  139010 exclusive pairs
time:  27,   256 facts and    4345 exclusive pairs
             706 ops   and  132626 exclusive pairs
time:  28,   256 facts and    3825 exclusive pairs
graph has leveled off at time step 29


             706 ops   and  131430 exclusive pairs
time:  29,   256 facts and    3825 exclusive pairs
             706 ops   and  131430 exclusive pairs
time:  30,   256 facts and    3825 exclusive pairs

creating thin gp-based encoding...
plan graph layer 0...
plan graph layer 1...
plan graph layer 2...
plan graph layer 3...
plan graph layer 4...
plan graph layer 5...
plan graph layer 6...
plan graph layer 7...
plan graph layer 8...
plan graph layer 9...
plan graph layer 10...
plan graph layer 11...
plan graph layer 12...
plan graph layer 13...
plan graph layer 14...
plan graph layer 15...
plan graph layer 16...
plan graph layer 17...
plan graph layer 18...
plan graph layer 19...
plan graph layer 20...
plan graph layer 21...
plan graph layer 22...
plan graph layer 23...
plan graph layer 24...
plan graph layer 25...
plan graph layer 26...
plan graph layer 27...
plan graph layer 28...
plan graph layer 29...
plan graph layer 30...
goal constraints...
exclusion constraints layer 0...
exclusion constraints layer 1...
exclusion constraints layer 2...
exclusion constraints layer 3...
exclusion constraints layer 4...
exclusion constraints layer 5...
exclusion constraints layer 6...
exclusion constraints layer 7...
exclusion constraints layer 8...
exclusion constraints layer 9...
exclusion constraints layer 10...
exclusion constraints layer 11...
exclusion constraints layer 12...
exclusion constraints layer 13...
exclusion constraints layer 14...
exclusion constraints layer 15...
exclusion constraints layer 16...
exclusion constraints layer 17...
exclusion constraints layer 18...
exclusion constraints layer 19...
exclusion constraints layer 20...
exclusion constraints layer 21...
exclusion constraints layer 22...
exclusion constraints layer 23...
exclusion constraints layer 24...
exclusion constraints layer 25...
exclusion constraints layer 26...
exclusion constraints layer 27...
exclusion constraints layer 28...
exclusion constraints layer 29...
exclusion constraints layer 30...

DECISION LAYER 30, WRITING THIN GP-BASED ENCODING WITH 13847 VARS, 878941 CLAUSES.

time spent:    0.00 seconds instantiating 480 action templates
               0.00 seconds reachability analysis, yielding 271 facts and 480 actions
               0.00 seconds collecting 271 relevant facts
               0.00 seconds building connectivity graph
               0.00 seconds building (std) graph
               0.19 seconds CNF output time
               0.19 seconds total planner time (solving not included)


***Solving***


[ filemap ]
[ extract ]

variables : 13847
pure lits : 260

1-clauses : 14
2-clauses : 875369
3-clauses : 2990
n-clauses : 568
discarded : 0

[ solve ]


unsatisfiable                             

[ stats ]

decisions : 248
conflicts : 18
time : ~0.01

***UNSAT***


bb: parsing domain file
domain 'BLOCKS' defined
 ... done.
bb: parsing problem file
problem 'BLOCKS-15-1' defined
 ... done.


time:   0,    18 facts and       0 exclusive pairs
              20 ops   and       7 exclusive pairs
time:   1,    22 facts and      16 exclusive pairs
              30 ops   and      98 exclusive pairs
time:   2,    26 facts and      36 exclusive pairs
              40 ops   and     269 exclusive pairs
time:   3,    29 facts and      58 exclusive pairs
              52 ops   and     590 exclusive pairs
time:   4,    36 facts and     141 exclusive pairs
              69 ops   and    1260 exclusive pairs
time:   5,    40 facts and     180 exclusive pairs
              84 ops   and    1988 exclusive pairs
time:   6,    48 facts and     308 exclusive pairs
             101 ops   and    2992 exclusive pairs
time:   7,    50 facts and     268 exclusive pairs
             114 ops   and    3719 exclusive pairs
time:   8,    60 facts and     454 exclusive pairs
             135 ops   and    5390 exclusive pairs
time:   9,    62 facts and     400 exclusive pairs
             150 ops   and    6520 exclusive pairs
time:  10,    74 facts and     668 exclusive pairs
             175 ops   and    9122 exclusive pairs
time:  11,    76 facts and     591 exclusive pairs
             192 ops   and   10756 exclusive pairs
time:  12,    90 facts and     953 exclusive pairs
             221 ops   and   14554 exclusive pairs
time:  13,    92 facts and     834 exclusive pairs
             240 ops   and   16774 exclusive pairs
time:  14,   108 facts and    1304 exclusive pairs
             273 ops   and   22082 exclusive pairs
time:  15,   110 facts and    1135 exclusive pairs
             294 ops   and   25012 exclusive pairs
time:  16,   128 facts and    1727 exclusive pairs
             331 ops   and   32180 exclusive pairs
time:  17,   130 facts and    1500 exclusive pairs
             354 ops   and   35956 exclusive pairs
time:  18,   150 facts and    2228 exclusive pairs
             395 ops   and   45370 exclusive pairs
time:  19,   152 facts and    1935 exclusive pairs
             420 ops   and   50140 exclusive pairs
time:  20,   174 facts and    2813 exclusive pairs
             465 ops   and   62222 exclusive pairs
time:  21,   176 facts and    2446 exclusive pairs
             492 ops   and   68146 exclusive pairs
time:  22,   200 facts and    3488 exclusive pairs
             541 ops   and   83354 exclusive pairs
time:  23,   202 facts and    3039 exclusive pairs
             570 ops   and   90604 exclusive pairs
time:  24,   228 facts and    4259 exclusive pairs
             623 ops   and  109432 exclusive pairs
time:  25,   229 facts and    3677 exclusive pairs
             652 ops   and  117273 exclusive pairs
time:  26,   256 facts and    5021 exclusive pairs
             706 ops   and  139010 exclusive pairs
time:  27,   256 facts and    4345 exclusive pairs
             706 ops   and  132626 exclusive pairs
time:  28,   256 facts and    3825 exclusive pairs
graph has leveled off at time step 29


             706 ops   and  131430 exclusive pairs
time:  29,   256 facts and    3825 exclusive pairs
             706 ops   and  131430 exclusive pairs
time:  30,   256 facts and    3825 exclusive pairs
             706 ops   and  131430 exclusive pairs
time:  31,   256 facts and    3825 exclusive pairs

creating thin gp-based encoding...
plan graph layer 0...
plan graph layer 1...
plan graph layer 2...
plan graph layer 3...
plan graph layer 4...
plan graph layer 5...
plan graph layer 6...
plan graph layer 7...
plan graph layer 8...
plan graph layer 9...
plan graph layer 10...
plan graph layer 11...
plan graph layer 12...
plan graph layer 13...
plan graph layer 14...
plan graph layer 15...
plan graph layer 16...
plan graph layer 17...
plan graph layer 18...
plan graph layer 19...
plan graph layer 20...
plan graph layer 21...
plan graph layer 22...
plan graph layer 23...
plan graph layer 24...
plan graph layer 25...
plan graph layer 26...
plan graph layer 27...
plan graph layer 28...
plan graph layer 29...
plan graph layer 30...
plan graph layer 31...
goal constraints...
exclusion constraints layer 0...
exclusion constraints layer 1...
exclusion constraints layer 2...
exclusion constraints layer 3...
exclusion constraints layer 4...
exclusion constraints layer 5...
exclusion constraints layer 6...
exclusion constraints layer 7...
exclusion constraints layer 8...
exclusion constraints layer 9...
exclusion constraints layer 10...
exclusion constraints layer 11...
exclusion constraints layer 12...
exclusion constraints layer 13...
exclusion constraints layer 14...
exclusion constraints layer 15...
exclusion constraints layer 16...
exclusion constraints layer 17...
exclusion constraints layer 18...
exclusion constraints layer 19...
exclusion constraints layer 20...
exclusion constraints layer 21...
exclusion constraints layer 22...
exclusion constraints layer 23...
exclusion constraints layer 24...
exclusion constraints layer 25...
exclusion constraints layer 26...
exclusion constraints layer 27...
exclusion constraints layer 28...
exclusion constraints layer 29...
exclusion constraints layer 30...
exclusion constraints layer 31...

DECISION LAYER 31, WRITING THIN GP-BASED ENCODING WITH 14809 VARS, 967308 CLAUSES.

time spent:    0.00 seconds instantiating 480 action templates
               0.00 seconds reachability analysis, yielding 271 facts and 480 actions
               0.00 seconds collecting 271 relevant facts
               0.00 seconds building connectivity graph
               0.00 seconds building (std) graph
               0.21 seconds CNF output time
               0.21 seconds total planner time (solving not included)


***Solving***


[ filemap ]
[ extract ]

variables : 14809
pure lits : 260

1-clauses : 14
2-clauses : 963480
3-clauses : 3215
n-clauses : 599
discarded : 0

[ solve ]


unsatisfiable                             

[ stats ]

decisions : 1543
conflicts : 53
time : ~0.01

***UNSAT***


bb: parsing domain file
domain 'BLOCKS' defined
 ... done.
bb: parsing problem file
problem 'BLOCKS-15-1' defined
 ... done.


time:   0,    18 facts and       0 exclusive pairs
              20 ops   and       7 exclusive pairs
time:   1,    22 facts and      16 exclusive pairs
              30 ops   and      98 exclusive pairs
time:   2,    26 facts and      36 exclusive pairs
              40 ops   and     269 exclusive pairs
time:   3,    29 facts and      58 exclusive pairs
              52 ops   and     590 exclusive pairs
time:   4,    36 facts and     141 exclusive pairs
              69 ops   and    1260 exclusive pairs
time:   5,    40 facts and     180 exclusive pairs
              84 ops   and    1988 exclusive pairs
time:   6,    48 facts and     308 exclusive pairs
             101 ops   and    2992 exclusive pairs
time:   7,    50 facts and     268 exclusive pairs
             114 ops   and    3719 exclusive pairs
time:   8,    60 facts and     454 exclusive pairs
             135 ops   and    5390 exclusive pairs
time:   9,    62 facts and     400 exclusive pairs
             150 ops   and    6520 exclusive pairs
time:  10,    74 facts and     668 exclusive pairs
             175 ops   and    9122 exclusive pairs
time:  11,    76 facts and     591 exclusive pairs
             192 ops   and   10756 exclusive pairs
time:  12,    90 facts and     953 exclusive pairs
             221 ops   and   14554 exclusive pairs
time:  13,    92 facts and     834 exclusive pairs
             240 ops   and   16774 exclusive pairs
time:  14,   108 facts and    1304 exclusive pairs
             273 ops   and   22082 exclusive pairs
time:  15,   110 facts and    1135 exclusive pairs
             294 ops   and   25012 exclusive pairs
time:  16,   128 facts and    1727 exclusive pairs
             331 ops   and   32180 exclusive pairs
time:  17,   130 facts and    1500 exclusive pairs
             354 ops   and   35956 exclusive pairs
time:  18,   150 facts and    2228 exclusive pairs
             395 ops   and   45370 exclusive pairs
time:  19,   152 facts and    1935 exclusive pairs
             420 ops   and   50140 exclusive pairs
time:  20,   174 facts and    2813 exclusive pairs
             465 ops   and   62222 exclusive pairs
time:  21,   176 facts and    2446 exclusive pairs
             492 ops   and   68146 exclusive pairs
time:  22,   200 facts and    3488 exclusive pairs
             541 ops   and   83354 exclusive pairs
time:  23,   202 facts and    3039 exclusive pairs
             570 ops   and   90604 exclusive pairs
time:  24,   228 facts and    4259 exclusive pairs
             623 ops   and  109432 exclusive pairs
time:  25,   229 facts and    3677 exclusive pairs
             652 ops   and  117273 exclusive pairs
time:  26,   256 facts and    5021 exclusive pairs
             706 ops   and  139010 exclusive pairs
time:  27,   256 facts and    4345 exclusive pairs
             706 ops   and  132626 exclusive pairs
time:  28,   256 facts and    3825 exclusive pairs
graph has leveled off at time step 29


             706 ops   and  131430 exclusive pairs
time:  29,   256 facts and    3825 exclusive pairs
             706 ops   and  131430 exclusive pairs
time:  30,   256 facts and    3825 exclusive pairs
             706 ops   and  131430 exclusive pairs
time:  31,   256 facts and    3825 exclusive pairs
             706 ops   and  131430 exclusive pairs
time:  32,   256 facts and    3825 exclusive pairs

creating thin gp-based encoding...
plan graph layer 0...
plan graph layer 1...
plan graph layer 2...
plan graph layer 3...
plan graph layer 4...
plan graph layer 5...
plan graph layer 6...
plan graph layer 7...
plan graph layer 8...
plan graph layer 9...
plan graph layer 10...
plan graph layer 11...
plan graph layer 12...
plan graph layer 13...
plan graph layer 14...
plan graph layer 15...
plan graph layer 16...
plan graph layer 17...
plan graph layer 18...
plan graph layer 19...
plan graph layer 20...
plan graph layer 21...
plan graph layer 22...
plan graph layer 23...
plan graph layer 24...
plan graph layer 25...
plan graph layer 26...
plan graph layer 27...
plan graph layer 28...
plan graph layer 29...
plan graph layer 30...
plan graph layer 31...
plan graph layer 32...
goal constraints...
exclusion constraints layer 0...
exclusion constraints layer 1...
exclusion constraints layer 2...
exclusion constraints layer 3...
exclusion constraints layer 4...
exclusion constraints layer 5...
exclusion constraints layer 6...
exclusion constraints layer 7...
exclusion constraints layer 8...
exclusion constraints layer 9...
exclusion constraints layer 10...
exclusion constraints layer 11...
exclusion constraints layer 12...
exclusion constraints layer 13...
exclusion constraints layer 14...
exclusion constraints layer 15...
exclusion constraints layer 16...
exclusion constraints layer 17...
exclusion constraints layer 18...
exclusion constraints layer 19...
exclusion constraints layer 20...
exclusion constraints layer 21...
exclusion constraints layer 22...
exclusion constraints layer 23...
exclusion constraints layer 24...
exclusion constraints layer 25...
exclusion constraints layer 26...
exclusion constraints layer 27...
exclusion constraints layer 28...
exclusion constraints layer 29...
exclusion constraints layer 30...
exclusion constraints layer 31...
exclusion constraints layer 32...

DECISION LAYER 32, WRITING THIN GP-BASED ENCODING WITH 15771 VARS, 1055675 CLAUSES.

time spent:    0.00 seconds instantiating 480 action templates
               0.00 seconds reachability analysis, yielding 271 facts and 480 actions
               0.00 seconds collecting 271 relevant facts
               0.00 seconds building connectivity graph
               0.00 seconds building (std) graph
               0.23 seconds CNF output time
               0.23 seconds total planner time (solving not included)


***Solving***


[ filemap ]
[ extract ]

variables : 15771
pure lits : 260

1-clauses : 14
2-clauses : 1051591
3-clauses : 3440
n-clauses : 630
discarded : 0

[ solve ]


unsatisfiable                             

[ stats ]

decisions : 5741
conflicts : 124
time : ~0.01

***UNSAT***


bb: parsing domain file
domain 'BLOCKS' defined
 ... done.
bb: parsing problem file
problem 'BLOCKS-15-1' defined
 ... done.


time:   0,    18 facts and       0 exclusive pairs
              20 ops   and       7 exclusive pairs
time:   1,    22 facts and      16 exclusive pairs
              30 ops   and      98 exclusive pairs
time:   2,    26 facts and      36 exclusive pairs
              40 ops   and     269 exclusive pairs
time:   3,    29 facts and      58 exclusive pairs
              52 ops   and     590 exclusive pairs
time:   4,    36 facts and     141 exclusive pairs
              69 ops   and    1260 exclusive pairs
time:   5,    40 facts and     180 exclusive pairs
              84 ops   and    1988 exclusive pairs
time:   6,    48 facts and     308 exclusive pairs
             101 ops   and    2992 exclusive pairs
time:   7,    50 facts and     268 exclusive pairs
             114 ops   and    3719 exclusive pairs
time:   8,    60 facts and     454 exclusive pairs
             135 ops   and    5390 exclusive pairs
time:   9,    62 facts and     400 exclusive pairs
             150 ops   and    6520 exclusive pairs
time:  10,    74 facts and     668 exclusive pairs
             175 ops   and    9122 exclusive pairs
time:  11,    76 facts and     591 exclusive pairs
             192 ops   and   10756 exclusive pairs
time:  12,    90 facts and     953 exclusive pairs
             221 ops   and   14554 exclusive pairs
time:  13,    92 facts and     834 exclusive pairs
             240 ops   and   16774 exclusive pairs
time:  14,   108 facts and    1304 exclusive pairs
             273 ops   and   22082 exclusive pairs
time:  15,   110 facts and    1135 exclusive pairs
             294 ops   and   25012 exclusive pairs
time:  16,   128 facts and    1727 exclusive pairs
             331 ops   and   32180 exclusive pairs
time:  17,   130 facts and    1500 exclusive pairs
             354 ops   and   35956 exclusive pairs
time:  18,   150 facts and    2228 exclusive pairs
             395 ops   and   45370 exclusive pairs
time:  19,   152 facts and    1935 exclusive pairs
             420 ops   and   50140 exclusive pairs
time:  20,   174 facts and    2813 exclusive pairs
             465 ops   and   62222 exclusive pairs
time:  21,   176 facts and    2446 exclusive pairs
             492 ops   and   68146 exclusive pairs
time:  22,   200 facts and    3488 exclusive pairs
             541 ops   and   83354 exclusive pairs
time:  23,   202 facts and    3039 exclusive pairs
             570 ops   and   90604 exclusive pairs
time:  24,   228 facts and    4259 exclusive pairs
             623 ops   and  109432 exclusive pairs
time:  25,   229 facts and    3677 exclusive pairs
             652 ops   and  117273 exclusive pairs
time:  26,   256 facts and    5021 exclusive pairs
             706 ops   and  139010 exclusive pairs
time:  27,   256 facts and    4345 exclusive pairs
             706 ops   and  132626 exclusive pairs
time:  28,   256 facts and    3825 exclusive pairs
graph has leveled off at time step 29


             706 ops   and  131430 exclusive pairs
time:  29,   256 facts and    3825 exclusive pairs
             706 ops   and  131430 exclusive pairs
time:  30,   256 facts and    3825 exclusive pairs
             706 ops   and  131430 exclusive pairs
time:  31,   256 facts and    3825 exclusive pairs
             706 ops   and  131430 exclusive pairs
time:  32,   256 facts and    3825 exclusive pairs
             706 ops   and  131430 exclusive pairs
time:  33,   256 facts and    3825 exclusive pairs

creating thin gp-based encoding...
plan graph layer 0...
plan graph layer 1...
plan graph layer 2...
plan graph layer 3...
plan graph layer 4...
plan graph layer 5...
plan graph layer 6...
plan graph layer 7...
plan graph layer 8...
plan graph layer 9...
plan graph layer 10...
plan graph layer 11...
plan graph layer 12...
plan graph layer 13...
plan graph layer 14...
plan graph layer 15...
plan graph layer 16...
plan graph layer 17...
plan graph layer 18...
plan graph layer 19...
plan graph layer 20...
plan graph layer 21...
plan graph layer 22...
plan graph layer 23...
plan graph layer 24...
plan graph layer 25...
plan graph layer 26...
plan graph layer 27...
plan graph layer 28...
plan graph layer 29...
plan graph layer 30...
plan graph layer 31...
plan graph layer 32...
plan graph layer 33...
goal constraints...
exclusion constraints layer 0...
exclusion constraints layer 1...
exclusion constraints layer 2...
exclusion constraints layer 3...
exclusion constraints layer 4...
exclusion constraints layer 5...
exclusion constraints layer 6...
exclusion constraints layer 7...
exclusion constraints layer 8...
exclusion constraints layer 9...
exclusion constraints layer 10...
exclusion constraints layer 11...
exclusion constraints layer 12...
exclusion constraints layer 13...
exclusion constraints layer 14...
exclusion constraints layer 15...
exclusion constraints layer 16...
exclusion constraints layer 17...
exclusion constraints layer 18...
exclusion constraints layer 19...
exclusion constraints layer 20...
exclusion constraints layer 21...
exclusion constraints layer 22...
exclusion constraints layer 23...
exclusion constraints layer 24...
exclusion constraints layer 25...
exclusion constraints layer 26...
exclusion constraints layer 27...
exclusion constraints layer 28...
exclusion constraints layer 29...
exclusion constraints layer 30...
exclusion constraints layer 31...
exclusion constraints layer 32...
exclusion constraints layer 33...

DECISION LAYER 33, WRITING THIN GP-BASED ENCODING WITH 16733 VARS, 1144042 CLAUSES.

time spent:    0.00 seconds instantiating 480 action templates
               0.00 seconds reachability analysis, yielding 271 facts and 480 actions
               0.00 seconds collecting 271 relevant facts
               0.00 seconds building connectivity graph
               0.00 seconds building (std) graph
               0.24 seconds CNF output time
               0.24 seconds total planner time (solving not included)


***Solving***


[ filemap ]
[ extract ]

variables : 16733
pure lits : 260

1-clauses : 14
2-clauses : 1139702
3-clauses : 3665
n-clauses : 661
discarded : 0

[ solve ]


unsatisfiable                             

[ stats ]

decisions : 1855
conflicts : 127
time : ~0.01

***UNSAT***


bb: parsing domain file
domain 'BLOCKS' defined
 ... done.
bb: parsing problem file
problem 'BLOCKS-15-1' defined
 ... done.


time:   0,    18 facts and       0 exclusive pairs
              20 ops   and       7 exclusive pairs
time:   1,    22 facts and      16 exclusive pairs
              30 ops   and      98 exclusive pairs
time:   2,    26 facts and      36 exclusive pairs
              40 ops   and     269 exclusive pairs
time:   3,    29 facts and      58 exclusive pairs
              52 ops   and     590 exclusive pairs
time:   4,    36 facts and     141 exclusive pairs
              69 ops   and    1260 exclusive pairs
time:   5,    40 facts and     180 exclusive pairs
              84 ops   and    1988 exclusive pairs
time:   6,    48 facts and     308 exclusive pairs
             101 ops   and    2992 exclusive pairs
time:   7,    50 facts and     268 exclusive pairs
             114 ops   and    3719 exclusive pairs
time:   8,    60 facts and     454 exclusive pairs
             135 ops   and    5390 exclusive pairs
time:   9,    62 facts and     400 exclusive pairs
             150 ops   and    6520 exclusive pairs
time:  10,    74 facts and     668 exclusive pairs
             175 ops   and    9122 exclusive pairs
time:  11,    76 facts and     591 exclusive pairs
             192 ops   and   10756 exclusive pairs
time:  12,    90 facts and     953 exclusive pairs
             221 ops   and   14554 exclusive pairs
time:  13,    92 facts and     834 exclusive pairs
             240 ops   and   16774 exclusive pairs
time:  14,   108 facts and    1304 exclusive pairs
             273 ops   and   22082 exclusive pairs
time:  15,   110 facts and    1135 exclusive pairs
             294 ops   and   25012 exclusive pairs
time:  16,   128 facts and    1727 exclusive pairs
             331 ops   and   32180 exclusive pairs
time:  17,   130 facts and    1500 exclusive pairs
             354 ops   and   35956 exclusive pairs
time:  18,   150 facts and    2228 exclusive pairs
             395 ops   and   45370 exclusive pairs
time:  19,   152 facts and    1935 exclusive pairs
             420 ops   and   50140 exclusive pairs
time:  20,   174 facts and    2813 exclusive pairs
             465 ops   and   62222 exclusive pairs
time:  21,   176 facts and    2446 exclusive pairs
             492 ops   and   68146 exclusive pairs
time:  22,   200 facts and    3488 exclusive pairs
             541 ops   and   83354 exclusive pairs
time:  23,   202 facts and    3039 exclusive pairs
             570 ops   and   90604 exclusive pairs
time:  24,   228 facts and    4259 exclusive pairs
             623 ops   and  109432 exclusive pairs
time:  25,   229 facts and    3677 exclusive pairs
             652 ops   and  117273 exclusive pairs
time:  26,   256 facts and    5021 exclusive pairs
             706 ops   and  139010 exclusive pairs
time:  27,   256 facts and    4345 exclusive pairs
             706 ops   and  132626 exclusive pairs
time:  28,   256 facts and    3825 exclusive pairs
graph has leveled off at time step 29


             706 ops   and  131430 exclusive pairs
time:  29,   256 facts and    3825 exclusive pairs
             706 ops   and  131430 exclusive pairs
time:  30,   256 facts and    3825 exclusive pairs
             706 ops   and  131430 exclusive pairs
time:  31,   256 facts and    3825 exclusive pairs
             706 ops   and  131430 exclusive pairs
time:  32,   256 facts and    3825 exclusive pairs
             706 ops   and  131430 exclusive pairs
time:  33,   256 facts and    3825 exclusive pairs
             706 ops   and  131430 exclusive pairs
time:  34,   256 facts and    3825 exclusive pairs

creating thin gp-based encoding...
plan graph layer 0...
plan graph layer 1...
plan graph layer 2...
plan graph layer 3...
plan graph layer 4...
plan graph layer 5...
plan graph layer 6...
plan graph layer 7...
plan graph layer 8...
plan graph layer 9...
plan graph layer 10...
plan graph layer 11...
plan graph layer 12...
plan graph layer 13...
plan graph layer 14...
plan graph layer 15...
plan graph layer 16...
plan graph layer 17...
plan graph layer 18...
plan graph layer 19...
plan graph layer 20...
plan graph layer 21...
plan graph layer 22...
plan graph layer 23...
plan graph layer 24...
plan graph layer 25...
plan graph layer 26...
plan graph layer 27...
plan graph layer 28...
plan graph layer 29...
plan graph layer 30...
plan graph layer 31...
plan graph layer 32...
plan graph layer 33...
plan graph layer 34...
goal constraints...
exclusion constraints layer 0...
exclusion constraints layer 1...
exclusion constraints layer 2...
exclusion constraints layer 3...
exclusion constraints layer 4...
exclusion constraints layer 5...
exclusion constraints layer 6...
exclusion constraints layer 7...
exclusion constraints layer 8...
exclusion constraints layer 9...
exclusion constraints layer 10...
exclusion constraints layer 11...
exclusion constraints layer 12...
exclusion constraints layer 13...
exclusion constraints layer 14...
exclusion constraints layer 15...
exclusion constraints layer 16...
exclusion constraints layer 17...
exclusion constraints layer 18...
exclusion constraints layer 19...
exclusion constraints layer 20...
exclusion constraints layer 21...
exclusion constraints layer 22...
exclusion constraints layer 23...
exclusion constraints layer 24...
exclusion constraints layer 25...
exclusion constraints layer 26...
exclusion constraints layer 27...
exclusion constraints layer 28...
exclusion constraints layer 29...
exclusion constraints layer 30...
exclusion constraints layer 31...
exclusion constraints layer 32...
exclusion constraints layer 33...
exclusion constraints layer 34...

DECISION LAYER 34, WRITING THIN GP-BASED ENCODING WITH 17695 VARS, 1232409 CLAUSES.

time spent:    0.00 seconds instantiating 480 action templates
               0.00 seconds reachability analysis, yielding 271 facts and 480 actions
               0.00 seconds collecting 271 relevant facts
               0.00 seconds building connectivity graph
               0.00 seconds building (std) graph
               0.27 seconds CNF output time
               0.27 seconds total planner time (solving not included)


***Solving***


[ filemap ]
[ extract ]

variables : 17695
pure lits : 260

1-clauses : 14
2-clauses : 1227813
3-clauses : 3890
n-clauses : 692
discarded : 0

[ solve ]


unsatisfiable                             

[ stats ]

decisions : 4098
conflicts : 76
time : ~0.01

***UNSAT***


bb: parsing domain file
domain 'BLOCKS' defined
 ... done.
bb: parsing problem file
problem 'BLOCKS-15-1' defined
 ... done.


time:   0,    18 facts and       0 exclusive pairs
              20 ops   and       7 exclusive pairs
time:   1,    22 facts and      16 exclusive pairs
              30 ops   and      98 exclusive pairs
time:   2,    26 facts and      36 exclusive pairs
              40 ops   and     269 exclusive pairs
time:   3,    29 facts and      58 exclusive pairs
              52 ops   and     590 exclusive pairs
time:   4,    36 facts and     141 exclusive pairs
              69 ops   and    1260 exclusive pairs
time:   5,    40 facts and     180 exclusive pairs
              84 ops   and    1988 exclusive pairs
time:   6,    48 facts and     308 exclusive pairs
             101 ops   and    2992 exclusive pairs
time:   7,    50 facts and     268 exclusive pairs
             114 ops   and    3719 exclusive pairs
time:   8,    60 facts and     454 exclusive pairs
             135 ops   and    5390 exclusive pairs
time:   9,    62 facts and     400 exclusive pairs
             150 ops   and    6520 exclusive pairs
time:  10,    74 facts and     668 exclusive pairs
             175 ops   and    9122 exclusive pairs
time:  11,    76 facts and     591 exclusive pairs
             192 ops   and   10756 exclusive pairs
time:  12,    90 facts and     953 exclusive pairs
             221 ops   and   14554 exclusive pairs
time:  13,    92 facts and     834 exclusive pairs
             240 ops   and   16774 exclusive pairs
time:  14,   108 facts and    1304 exclusive pairs
             273 ops   and   22082 exclusive pairs
time:  15,   110 facts and    1135 exclusive pairs
             294 ops   and   25012 exclusive pairs
time:  16,   128 facts and    1727 exclusive pairs
             331 ops   and   32180 exclusive pairs
time:  17,   130 facts and    1500 exclusive pairs
             354 ops   and   35956 exclusive pairs
time:  18,   150 facts and    2228 exclusive pairs
             395 ops   and   45370 exclusive pairs
time:  19,   152 facts and    1935 exclusive pairs
             420 ops   and   50140 exclusive pairs
time:  20,   174 facts and    2813 exclusive pairs
             465 ops   and   62222 exclusive pairs
time:  21,   176 facts and    2446 exclusive pairs
             492 ops   and   68146 exclusive pairs
time:  22,   200 facts and    3488 exclusive pairs
             541 ops   and   83354 exclusive pairs
time:  23,   202 facts and    3039 exclusive pairs
             570 ops   and   90604 exclusive pairs
time:  24,   228 facts and    4259 exclusive pairs
             623 ops   and  109432 exclusive pairs
time:  25,   229 facts and    3677 exclusive pairs
             652 ops   and  117273 exclusive pairs
time:  26,   256 facts and    5021 exclusive pairs
             706 ops   and  139010 exclusive pairs
time:  27,   256 facts and    4345 exclusive pairs
             706 ops   and  132626 exclusive pairs
time:  28,   256 facts and    3825 exclusive pairs
graph has leveled off at time step 29


             706 ops   and  131430 exclusive pairs
time:  29,   256 facts and    3825 exclusive pairs
             706 ops   and  131430 exclusive pairs
time:  30,   256 facts and    3825 exclusive pairs
             706 ops   and  131430 exclusive pairs
time:  31,   256 facts and    3825 exclusive pairs
             706 ops   and  131430 exclusive pairs
time:  32,   256 facts and    3825 exclusive pairs
             706 ops   and  131430 exclusive pairs
time:  33,   256 facts and    3825 exclusive pairs
             706 ops   and  131430 exclusive pairs
time:  34,   256 facts and    3825 exclusive pairs
             706 ops   and  131430 exclusive pairs
time:  35,   256 facts and    3825 exclusive pairs

creating thin gp-based encoding...
plan graph layer 0...
plan graph layer 1...
plan graph layer 2...
plan graph layer 3...
plan graph layer 4...
plan graph layer 5...
plan graph layer 6...
plan graph layer 7...
plan graph layer 8...
plan graph layer 9...
plan graph layer 10...
plan graph layer 11...
plan graph layer 12...
plan graph layer 13...
plan graph layer 14...
plan graph layer 15...
plan graph layer 16...
plan graph layer 17...
plan graph layer 18...
plan graph layer 19...
plan graph layer 20...
plan graph layer 21...
plan graph layer 22...
plan graph layer 23...
plan graph layer 24...
plan graph layer 25...
plan graph layer 26...
plan graph layer 27...
plan graph layer 28...
plan graph layer 29...
plan graph layer 30...
plan graph layer 31...
plan graph layer 32...
plan graph layer 33...
plan graph layer 34...
plan graph layer 35...
goal constraints...
exclusion constraints layer 0...
exclusion constraints layer 1...
exclusion constraints layer 2...
exclusion constraints layer 3...
exclusion constraints layer 4...
exclusion constraints layer 5...
exclusion constraints layer 6...
exclusion constraints layer 7...
exclusion constraints layer 8...
exclusion constraints layer 9...
exclusion constraints layer 10...
exclusion constraints layer 11...
exclusion constraints layer 12...
exclusion constraints layer 13...
exclusion constraints layer 14...
exclusion constraints layer 15...
exclusion constraints layer 16...
exclusion constraints layer 17...
exclusion constraints layer 18...
exclusion constraints layer 19...
exclusion constraints layer 20...
exclusion constraints layer 21...
exclusion constraints layer 22...
exclusion constraints layer 23...
exclusion constraints layer 24...
exclusion constraints layer 25...
exclusion constraints layer 26...
exclusion constraints layer 27...
exclusion constraints layer 28...
exclusion constraints layer 29...
exclusion constraints layer 30...
exclusion constraints layer 31...
exclusion constraints layer 32...
exclusion constraints layer 33...
exclusion constraints layer 34...
exclusion constraints layer 35...

DECISION LAYER 35, WRITING THIN GP-BASED ENCODING WITH 18657 VARS, 1320776 CLAUSES.

time spent:    0.00 seconds instantiating 480 action templates
               0.00 seconds reachability analysis, yielding 271 facts and 480 actions
               0.00 seconds collecting 271 relevant facts
               0.00 seconds building connectivity graph
               0.00 seconds building (std) graph
               0.29 seconds CNF output time
               0.29 seconds total planner time (solving not included)


***Solving***


[ filemap ]
[ extract ]

variables : 18657
pure lits : 260

1-clauses : 14
2-clauses : 1315924
3-clauses : 4115
n-clauses : 723
discarded : 0

[ solve ]


unsatisfiable                             

[ stats ]

decisions : 7560
conflicts : 126
time : ~0.01

***UNSAT***


bb: parsing domain file
domain 'BLOCKS' defined
 ... done.
bb: parsing problem file
problem 'BLOCKS-15-1' defined
 ... done.


time:   0,    18 facts and       0 exclusive pairs
              20 ops   and       7 exclusive pairs
time:   1,    22 facts and      16 exclusive pairs
              30 ops   and      98 exclusive pairs
time:   2,    26 facts and      36 exclusive pairs
              40 ops   and     269 exclusive pairs
time:   3,    29 facts and      58 exclusive pairs
              52 ops   and     590 exclusive pairs
time:   4,    36 facts and     141 exclusive pairs
              69 ops   and    1260 exclusive pairs
time:   5,    40 facts and     180 exclusive pairs
              84 ops   and    1988 exclusive pairs
time:   6,    48 facts and     308 exclusive pairs
             101 ops   and    2992 exclusive pairs
time:   7,    50 facts and     268 exclusive pairs
             114 ops   and    3719 exclusive pairs
time:   8,    60 facts and     454 exclusive pairs
             135 ops   and    5390 exclusive pairs
time:   9,    62 facts and     400 exclusive pairs
             150 ops   and    6520 exclusive pairs
time:  10,    74 facts and     668 exclusive pairs
             175 ops   and    9122 exclusive pairs
time:  11,    76 facts and     591 exclusive pairs
             192 ops   and   10756 exclusive pairs
time:  12,    90 facts and     953 exclusive pairs
             221 ops   and   14554 exclusive pairs
time:  13,    92 facts and     834 exclusive pairs
             240 ops   and   16774 exclusive pairs
time:  14,   108 facts and    1304 exclusive pairs
             273 ops   and   22082 exclusive pairs
time:  15,   110 facts and    1135 exclusive pairs
             294 ops   and   25012 exclusive pairs
time:  16,   128 facts and    1727 exclusive pairs
             331 ops   and   32180 exclusive pairs
time:  17,   130 facts and    1500 exclusive pairs
             354 ops   and   35956 exclusive pairs
time:  18,   150 facts and    2228 exclusive pairs
             395 ops   and   45370 exclusive pairs
time:  19,   152 facts and    1935 exclusive pairs
             420 ops   and   50140 exclusive pairs
time:  20,   174 facts and    2813 exclusive pairs
             465 ops   and   62222 exclusive pairs
time:  21,   176 facts and    2446 exclusive pairs
             492 ops   and   68146 exclusive pairs
time:  22,   200 facts and    3488 exclusive pairs
             541 ops   and   83354 exclusive pairs
time:  23,   202 facts and    3039 exclusive pairs
             570 ops   and   90604 exclusive pairs
time:  24,   228 facts and    4259 exclusive pairs
             623 ops   and  109432 exclusive pairs
time:  25,   229 facts and    3677 exclusive pairs
             652 ops   and  117273 exclusive pairs
time:  26,   256 facts and    5021 exclusive pairs
             706 ops   and  139010 exclusive pairs
time:  27,   256 facts and    4345 exclusive pairs
             706 ops   and  132626 exclusive pairs
time:  28,   256 facts and    3825 exclusive pairs
graph has leveled off at time step 29


             706 ops   and  131430 exclusive pairs
time:  29,   256 facts and    3825 exclusive pairs
             706 ops   and  131430 exclusive pairs
time:  30,   256 facts and    3825 exclusive pairs
             706 ops   and  131430 exclusive pairs
time:  31,   256 facts and    3825 exclusive pairs
             706 ops   and  131430 exclusive pairs
time:  32,   256 facts and    3825 exclusive pairs
             706 ops   and  131430 exclusive pairs
time:  33,   256 facts and    3825 exclusive pairs
             706 ops   and  131430 exclusive pairs
time:  34,   256 facts and    3825 exclusive pairs
             706 ops   and  131430 exclusive pairs
time:  35,   256 facts and    3825 exclusive pairs
             706 ops   and  131430 exclusive pairs
time:  36,   256 facts and    3825 exclusive pairs

creating thin gp-based encoding...
plan graph layer 0...
plan graph layer 1...
plan graph layer 2...
plan graph layer 3...
plan graph layer 4...
plan graph layer 5...
plan graph layer 6...
plan graph layer 7...
plan graph layer 8...
plan graph layer 9...
plan graph layer 10...
plan graph layer 11...
plan graph layer 12...
plan graph layer 13...
plan graph layer 14...
plan graph layer 15...
plan graph layer 16...
plan graph layer 17...
plan graph layer 18...
plan graph layer 19...
plan graph layer 20...
plan graph layer 21...
plan graph layer 22...
plan graph layer 23...
plan graph layer 24...
plan graph layer 25...
plan graph layer 26...
plan graph layer 27...
plan graph layer 28...
plan graph layer 29...
plan graph layer 30...
plan graph layer 31...
plan graph layer 32...
plan graph layer 33...
plan graph layer 34...
plan graph layer 35...
plan graph layer 36...
goal constraints...
exclusion constraints layer 0...
exclusion constraints layer 1...
exclusion constraints layer 2...
exclusion constraints layer 3...
exclusion constraints layer 4...
exclusion constraints layer 5...
exclusion constraints layer 6...
exclusion constraints layer 7...
exclusion constraints layer 8...
exclusion constraints layer 9...
exclusion constraints layer 10...
exclusion constraints layer 11...
exclusion constraints layer 12...
exclusion constraints layer 13...
exclusion constraints layer 14...
exclusion constraints layer 15...
exclusion constraints layer 16...
exclusion constraints layer 17...
exclusion constraints layer 18...
exclusion constraints layer 19...
exclusion constraints layer 20...
exclusion constraints layer 21...
exclusion constraints layer 22...
exclusion constraints layer 23...
exclusion constraints layer 24...
exclusion constraints layer 25...
exclusion constraints layer 26...
exclusion constraints layer 27...
exclusion constraints layer 28...
exclusion constraints layer 29...
exclusion constraints layer 30...
exclusion constraints layer 31...
exclusion constraints layer 32...
exclusion constraints layer 33...
exclusion constraints layer 34...
exclusion constraints layer 35...
exclusion constraints layer 36...

DECISION LAYER 36, WRITING THIN GP-BASED ENCODING WITH 19619 VARS, 1409143 CLAUSES.

time spent:    0.00 seconds instantiating 480 action templates
               0.00 seconds reachability analysis, yielding 271 facts and 480 actions
               0.00 seconds collecting 271 relevant facts
               0.00 seconds building connectivity graph
               0.00 seconds building (std) graph
               0.31 seconds CNF output time
               0.31 seconds total planner time (solving not included)


***Solving***


[ filemap ]
[ extract ]

variables : 19619
pure lits : 260

1-clauses : 14
2-clauses : 1404035
3-clauses : 4340
n-clauses : 754
discarded : 0

[ solve ]


unsatisfiable                             

[ stats ]

decisions : 13663
conflicts : 188
time : ~0.012

***UNSAT***


bb: parsing domain file
domain 'BLOCKS' defined
 ... done.
bb: parsing problem file
problem 'BLOCKS-15-1' defined
 ... done.


time:   0,    18 facts and       0 exclusive pairs
              20 ops   and       7 exclusive pairs
time:   1,    22 facts and      16 exclusive pairs
              30 ops   and      98 exclusive pairs
time:   2,    26 facts and      36 exclusive pairs
              40 ops   and     269 exclusive pairs
time:   3,    29 facts and      58 exclusive pairs
              52 ops   and     590 exclusive pairs
time:   4,    36 facts and     141 exclusive pairs
              69 ops   and    1260 exclusive pairs
time:   5,    40 facts and     180 exclusive pairs
              84 ops   and    1988 exclusive pairs
time:   6,    48 facts and     308 exclusive pairs
             101 ops   and    2992 exclusive pairs
time:   7,    50 facts and     268 exclusive pairs
             114 ops   and    3719 exclusive pairs
time:   8,    60 facts and     454 exclusive pairs
             135 ops   and    5390 exclusive pairs
time:   9,    62 facts and     400 exclusive pairs
             150 ops   and    6520 exclusive pairs
time:  10,    74 facts and     668 exclusive pairs
             175 ops   and    9122 exclusive pairs
time:  11,    76 facts and     591 exclusive pairs
             192 ops   and   10756 exclusive pairs
time:  12,    90 facts and     953 exclusive pairs
             221 ops   and   14554 exclusive pairs
time:  13,    92 facts and     834 exclusive pairs
             240 ops   and   16774 exclusive pairs
time:  14,   108 facts and    1304 exclusive pairs
             273 ops   and   22082 exclusive pairs
time:  15,   110 facts and    1135 exclusive pairs
             294 ops   and   25012 exclusive pairs
time:  16,   128 facts and    1727 exclusive pairs
             331 ops   and   32180 exclusive pairs
time:  17,   130 facts and    1500 exclusive pairs
             354 ops   and   35956 exclusive pairs
time:  18,   150 facts and    2228 exclusive pairs
             395 ops   and   45370 exclusive pairs
time:  19,   152 facts and    1935 exclusive pairs
             420 ops   and   50140 exclusive pairs
time:  20,   174 facts and    2813 exclusive pairs
             465 ops   and   62222 exclusive pairs
time:  21,   176 facts and    2446 exclusive pairs
             492 ops   and   68146 exclusive pairs
time:  22,   200 facts and    3488 exclusive pairs
             541 ops   and   83354 exclusive pairs
time:  23,   202 facts and    3039 exclusive pairs
             570 ops   and   90604 exclusive pairs
time:  24,   228 facts and    4259 exclusive pairs
             623 ops   and  109432 exclusive pairs
time:  25,   229 facts and    3677 exclusive pairs
             652 ops   and  117273 exclusive pairs
time:  26,   256 facts and    5021 exclusive pairs
             706 ops   and  139010 exclusive pairs
time:  27,   256 facts and    4345 exclusive pairs
             706 ops   and  132626 exclusive pairs
time:  28,   256 facts and    3825 exclusive pairs
graph has leveled off at time step 29


             706 ops   and  131430 exclusive pairs
time:  29,   256 facts and    3825 exclusive pairs
             706 ops   and  131430 exclusive pairs
time:  30,   256 facts and    3825 exclusive pairs
             706 ops   and  131430 exclusive pairs
time:  31,   256 facts and    3825 exclusive pairs
             706 ops   and  131430 exclusive pairs
time:  32,   256 facts and    3825 exclusive pairs
             706 ops   and  131430 exclusive pairs
time:  33,   256 facts and    3825 exclusive pairs
             706 ops   and  131430 exclusive pairs
time:  34,   256 facts and    3825 exclusive pairs
             706 ops   and  131430 exclusive pairs
time:  35,   256 facts and    3825 exclusive pairs
             706 ops   and  131430 exclusive pairs
time:  36,   256 facts and    3825 exclusive pairs
             706 ops   and  131430 exclusive pairs
time:  37,   256 facts and    3825 exclusive pairs

creating thin gp-based encoding...
plan graph layer 0...
plan graph layer 1...
plan graph layer 2...
plan graph layer 3...
plan graph layer 4...
plan graph layer 5...
plan graph layer 6...
plan graph layer 7...
plan graph layer 8...
plan graph layer 9...
plan graph layer 10...
plan graph layer 11...
plan graph layer 12...
plan graph layer 13...
plan graph layer 14...
plan graph layer 15...
plan graph layer 16...
plan graph layer 17...
plan graph layer 18...
plan graph layer 19...
plan graph layer 20...
plan graph layer 21...
plan graph layer 22...
plan graph layer 23...
plan graph layer 24...
plan graph layer 25...
plan graph layer 26...
plan graph layer 27...
plan graph layer 28...
plan graph layer 29...
plan graph layer 30...
plan graph layer 31...
plan graph layer 32...
plan graph layer 33...
plan graph layer 34...
plan graph layer 35...
plan graph layer 36...
plan graph layer 37...
goal constraints...
exclusion constraints layer 0...
exclusion constraints layer 1...
exclusion constraints layer 2...
exclusion constraints layer 3...
exclusion constraints layer 4...
exclusion constraints layer 5...
exclusion constraints layer 6...
exclusion constraints layer 7...
exclusion constraints layer 8...
exclusion constraints layer 9...
exclusion constraints layer 10...
exclusion constraints layer 11...
exclusion constraints layer 12...
exclusion constraints layer 13...
exclusion constraints layer 14...
exclusion constraints layer 15...
exclusion constraints layer 16...
exclusion constraints layer 17...
exclusion constraints layer 18...
exclusion constraints layer 19...
exclusion constraints layer 20...
exclusion constraints layer 21...
exclusion constraints layer 22...
exclusion constraints layer 23...
exclusion constraints layer 24...
exclusion constraints layer 25...
exclusion constraints layer 26...
exclusion constraints layer 27...
exclusion constraints layer 28...
exclusion constraints layer 29...
exclusion constraints layer 30...
exclusion constraints layer 31...
exclusion constraints layer 32...
exclusion constraints layer 33...
exclusion constraints layer 34...
exclusion constraints layer 35...
exclusion constraints layer 36...
exclusion constraints layer 37...

DECISION LAYER 37, WRITING THIN GP-BASED ENCODING WITH 20581 VARS, 1497510 CLAUSES.

time spent:    0.00 seconds instantiating 480 action templates
               0.00 seconds reachability analysis, yielding 271 facts and 480 actions
               0.00 seconds collecting 271 relevant facts
               0.00 seconds building connectivity graph
               0.00 seconds building (std) graph
               0.33 seconds CNF output time
               0.33 seconds total planner time (solving not included)


***Solving***


[ filemap ]
[ extract ]

variables : 20581
pure lits : 260

1-clauses : 14
2-clauses : 1492146
3-clauses : 4565
n-clauses : 785
discarded : 0

[ solve ]


unsatisfiable                             

[ stats ]

decisions : 11943
conflicts : 292
time : ~0.016

***UNSAT***


bb: parsing domain file
domain 'BLOCKS' defined
 ... done.
bb: parsing problem file
problem 'BLOCKS-15-1' defined
 ... done.


time:   0,    18 facts and       0 exclusive pairs
              20 ops   and       7 exclusive pairs
time:   1,    22 facts and      16 exclusive pairs
              30 ops   and      98 exclusive pairs
time:   2,    26 facts and      36 exclusive pairs
              40 ops   and     269 exclusive pairs
time:   3,    29 facts and      58 exclusive pairs
              52 ops   and     590 exclusive pairs
time:   4,    36 facts and     141 exclusive pairs
              69 ops   and    1260 exclusive pairs
time:   5,    40 facts and     180 exclusive pairs
              84 ops   and    1988 exclusive pairs
time:   6,    48 facts and     308 exclusive pairs
             101 ops   and    2992 exclusive pairs
time:   7,    50 facts and     268 exclusive pairs
             114 ops   and    3719 exclusive pairs
time:   8,    60 facts and     454 exclusive pairs
             135 ops   and    5390 exclusive pairs
time:   9,    62 facts and     400 exclusive pairs
             150 ops   and    6520 exclusive pairs
time:  10,    74 facts and     668 exclusive pairs
             175 ops   and    9122 exclusive pairs
time:  11,    76 facts and     591 exclusive pairs
             192 ops   and   10756 exclusive pairs
time:  12,    90 facts and     953 exclusive pairs
             221 ops   and   14554 exclusive pairs
time:  13,    92 facts and     834 exclusive pairs
             240 ops   and   16774 exclusive pairs
time:  14,   108 facts and    1304 exclusive pairs
             273 ops   and   22082 exclusive pairs
time:  15,   110 facts and    1135 exclusive pairs
             294 ops   and   25012 exclusive pairs
time:  16,   128 facts and    1727 exclusive pairs
             331 ops   and   32180 exclusive pairs
time:  17,   130 facts and    1500 exclusive pairs
             354 ops   and   35956 exclusive pairs
time:  18,   150 facts and    2228 exclusive pairs
             395 ops   and   45370 exclusive pairs
time:  19,   152 facts and    1935 exclusive pairs
             420 ops   and   50140 exclusive pairs
time:  20,   174 facts and    2813 exclusive pairs
             465 ops   and   62222 exclusive pairs
time:  21,   176 facts and    2446 exclusive pairs
             492 ops   and   68146 exclusive pairs
time:  22,   200 facts and    3488 exclusive pairs
             541 ops   and   83354 exclusive pairs
time:  23,   202 facts and    3039 exclusive pairs
             570 ops   and   90604 exclusive pairs
time:  24,   228 facts and    4259 exclusive pairs
             623 ops   and  109432 exclusive pairs
time:  25,   229 facts and    3677 exclusive pairs
             652 ops   and  117273 exclusive pairs
time:  26,   256 facts and    5021 exclusive pairs
             706 ops   and  139010 exclusive pairs
time:  27,   256 facts and    4345 exclusive pairs
             706 ops   and  132626 exclusive pairs
time:  28,   256 facts and    3825 exclusive pairs
graph has leveled off at time step 29


             706 ops   and  131430 exclusive pairs
time:  29,   256 facts and    3825 exclusive pairs
             706 ops   and  131430 exclusive pairs
time:  30,   256 facts and    3825 exclusive pairs
             706 ops   and  131430 exclusive pairs
time:  31,   256 facts and    3825 exclusive pairs
             706 ops   and  131430 exclusive pairs
time:  32,   256 facts and    3825 exclusive pairs
             706 ops   and  131430 exclusive pairs
time:  33,   256 facts and    3825 exclusive pairs
             706 ops   and  131430 exclusive pairs
time:  34,   256 facts and    3825 exclusive pairs
             706 ops   and  131430 exclusive pairs
time:  35,   256 facts and    3825 exclusive pairs
             706 ops   and  131430 exclusive pairs
time:  36,   256 facts and    3825 exclusive pairs
             706 ops   and  131430 exclusive pairs
time:  37,   256 facts and    3825 exclusive pairs
             706 ops   and  131430 exclusive pairs
time:  38,   256 facts and    3825 exclusive pairs

creating thin gp-based encoding...
plan graph layer 0...
plan graph layer 1...
plan graph layer 2...
plan graph layer 3...
plan graph layer 4...
plan graph layer 5...
plan graph layer 6...
plan graph layer 7...
plan graph layer 8...
plan graph layer 9...
plan graph layer 10...
plan graph layer 11...
plan graph layer 12...
plan graph layer 13...
plan graph layer 14...
plan graph layer 15...
plan graph layer 16...
plan graph layer 17...
plan graph layer 18...
plan graph layer 19...
plan graph layer 20...
plan graph layer 21...
plan graph layer 22...
plan graph layer 23...
plan graph layer 24...
plan graph layer 25...
plan graph layer 26...
plan graph layer 27...
plan graph layer 28...
plan graph layer 29...
plan graph layer 30...
plan graph layer 31...
plan graph layer 32...
plan graph layer 33...
plan graph layer 34...
plan graph layer 35...
plan graph layer 36...
plan graph layer 37...
plan graph layer 38...
goal constraints...
exclusion constraints layer 0...
exclusion constraints layer 1...
exclusion constraints layer 2...
exclusion constraints layer 3...
exclusion constraints layer 4...
exclusion constraints layer 5...
exclusion constraints layer 6...
exclusion constraints layer 7...
exclusion constraints layer 8...
exclusion constraints layer 9...
exclusion constraints layer 10...
exclusion constraints layer 11...
exclusion constraints layer 12...
exclusion constraints layer 13...
exclusion constraints layer 14...
exclusion constraints layer 15...
exclusion constraints layer 16...
exclusion constraints layer 17...
exclusion constraints layer 18...
exclusion constraints layer 19...
exclusion constraints layer 20...
exclusion constraints layer 21...
exclusion constraints layer 22...
exclusion constraints layer 23...
exclusion constraints layer 24...
exclusion constraints layer 25...
exclusion constraints layer 26...
exclusion constraints layer 27...
exclusion constraints layer 28...
exclusion constraints layer 29...
exclusion constraints layer 30...
exclusion constraints layer 31...
exclusion constraints layer 32...
exclusion constraints layer 33...
exclusion constraints layer 34...
exclusion constraints layer 35...
exclusion constraints layer 36...
exclusion constraints layer 37...
exclusion constraints layer 38...

DECISION LAYER 38, WRITING THIN GP-BASED ENCODING WITH 21543 VARS, 1585877 CLAUSES.

time spent:    0.00 seconds instantiating 480 action templates
               0.00 seconds reachability analysis, yielding 271 facts and 480 actions
               0.00 seconds collecting 271 relevant facts
               0.00 seconds building connectivity graph
               0.00 seconds building (std) graph
               0.35 seconds CNF output time
               0.35 seconds total planner time (solving not included)


***Solving***


[ filemap ]
[ extract ]

variables : 21543
pure lits : 260

1-clauses : 14
2-clauses : 1580257
3-clauses : 4790
n-clauses : 816
discarded : 0

[ solve ]


unsatisfiable                             

[ stats ]

decisions : 13860
conflicts : 311
time : ~0.016

***UNSAT***


bb: parsing domain file
domain 'BLOCKS' defined
 ... done.
bb: parsing problem file
problem 'BLOCKS-15-1' defined
 ... done.


time:   0,    18 facts and       0 exclusive pairs
              20 ops   and       7 exclusive pairs
time:   1,    22 facts and      16 exclusive pairs
              30 ops   and      98 exclusive pairs
time:   2,    26 facts and      36 exclusive pairs
              40 ops   and     269 exclusive pairs
time:   3,    29 facts and      58 exclusive pairs
              52 ops   and     590 exclusive pairs
time:   4,    36 facts and     141 exclusive pairs
              69 ops   and    1260 exclusive pairs
time:   5,    40 facts and     180 exclusive pairs
              84 ops   and    1988 exclusive pairs
time:   6,    48 facts and     308 exclusive pairs
             101 ops   and    2992 exclusive pairs
time:   7,    50 facts and     268 exclusive pairs
             114 ops   and    3719 exclusive pairs
time:   8,    60 facts and     454 exclusive pairs
             135 ops   and    5390 exclusive pairs
time:   9,    62 facts and     400 exclusive pairs
             150 ops   and    6520 exclusive pairs
time:  10,    74 facts and     668 exclusive pairs
             175 ops   and    9122 exclusive pairs
time:  11,    76 facts and     591 exclusive pairs
             192 ops   and   10756 exclusive pairs
time:  12,    90 facts and     953 exclusive pairs
             221 ops   and   14554 exclusive pairs
time:  13,    92 facts and     834 exclusive pairs
             240 ops   and   16774 exclusive pairs
time:  14,   108 facts and    1304 exclusive pairs
             273 ops   and   22082 exclusive pairs
time:  15,   110 facts and    1135 exclusive pairs
             294 ops   and   25012 exclusive pairs
time:  16,   128 facts and    1727 exclusive pairs
             331 ops   and   32180 exclusive pairs
time:  17,   130 facts and    1500 exclusive pairs
             354 ops   and   35956 exclusive pairs
time:  18,   150 facts and    2228 exclusive pairs
             395 ops   and   45370 exclusive pairs
time:  19,   152 facts and    1935 exclusive pairs
             420 ops   and   50140 exclusive pairs
time:  20,   174 facts and    2813 exclusive pairs
             465 ops   and   62222 exclusive pairs
time:  21,   176 facts and    2446 exclusive pairs
             492 ops   and   68146 exclusive pairs
time:  22,   200 facts and    3488 exclusive pairs
             541 ops   and   83354 exclusive pairs
time:  23,   202 facts and    3039 exclusive pairs
             570 ops   and   90604 exclusive pairs
time:  24,   228 facts and    4259 exclusive pairs
             623 ops   and  109432 exclusive pairs
time:  25,   229 facts and    3677 exclusive pairs
             652 ops   and  117273 exclusive pairs
time:  26,   256 facts and    5021 exclusive pairs
             706 ops   and  139010 exclusive pairs
time:  27,   256 facts and    4345 exclusive pairs
             706 ops   and  132626 exclusive pairs
time:  28,   256 facts and    3825 exclusive pairs
graph has leveled off at time step 29


             706 ops   and  131430 exclusive pairs
time:  29,   256 facts and    3825 exclusive pairs
             706 ops   and  131430 exclusive pairs
time:  30,   256 facts and    3825 exclusive pairs
             706 ops   and  131430 exclusive pairs
time:  31,   256 facts and    3825 exclusive pairs
             706 ops   and  131430 exclusive pairs
time:  32,   256 facts and    3825 exclusive pairs
             706 ops   and  131430 exclusive pairs
time:  33,   256 facts and    3825 exclusive pairs
             706 ops   and  131430 exclusive pairs
time:  34,   256 facts and    3825 exclusive pairs
             706 ops   and  131430 exclusive pairs
time:  35,   256 facts and    3825 exclusive pairs
             706 ops   and  131430 exclusive pairs
time:  36,   256 facts and    3825 exclusive pairs
             706 ops   and  131430 exclusive pairs
time:  37,   256 facts and    3825 exclusive pairs
             706 ops   and  131430 exclusive pairs
time:  38,   256 facts and    3825 exclusive pairs
             706 ops   and  131430 exclusive pairs
time:  39,   256 facts and    3825 exclusive pairs

creating thin gp-based encoding...
plan graph layer 0...
plan graph layer 1...
plan graph layer 2...
plan graph layer 3...
plan graph layer 4...
plan graph layer 5...
plan graph layer 6...
plan graph layer 7...
plan graph layer 8...
plan graph layer 9...
plan graph layer 10...
plan graph layer 11...
plan graph layer 12...
plan graph layer 13...
plan graph layer 14...
plan graph layer 15...
plan graph layer 16...
plan graph layer 17...
plan graph layer 18...
plan graph layer 19...
plan graph layer 20...
plan graph layer 21...
plan graph layer 22...
plan graph layer 23...
plan graph layer 24...
plan graph layer 25...
plan graph layer 26...
plan graph layer 27...
plan graph layer 28...
plan graph layer 29...
plan graph layer 30...
plan graph layer 31...
plan graph layer 32...
plan graph layer 33...
plan graph layer 34...
plan graph layer 35...
plan graph layer 36...
plan graph layer 37...
plan graph layer 38...
plan graph layer 39...
goal constraints...
exclusion constraints layer 0...
exclusion constraints layer 1...
exclusion constraints layer 2...
exclusion constraints layer 3...
exclusion constraints layer 4...
exclusion constraints layer 5...
exclusion constraints layer 6...
exclusion constraints layer 7...
exclusion constraints layer 8...
exclusion constraints layer 9...
exclusion constraints layer 10...
exclusion constraints layer 11...
exclusion constraints layer 12...
exclusion constraints layer 13...
exclusion constraints layer 14...
exclusion constraints layer 15...
exclusion constraints layer 16...
exclusion constraints layer 17...
exclusion constraints layer 18...
exclusion constraints layer 19...
exclusion constraints layer 20...
exclusion constraints layer 21...
exclusion constraints layer 22...
exclusion constraints layer 23...
exclusion constraints layer 24...
exclusion constraints layer 25...
exclusion constraints layer 26...
exclusion constraints layer 27...
exclusion constraints layer 28...
exclusion constraints layer 29...
exclusion constraints layer 30...
exclusion constraints layer 31...
exclusion constraints layer 32...
exclusion constraints layer 33...
exclusion constraints layer 34...
exclusion constraints layer 35...
exclusion constraints layer 36...
exclusion constraints layer 37...
exclusion constraints layer 38...
exclusion constraints layer 39...

DECISION LAYER 39, WRITING THIN GP-BASED ENCODING WITH 22505 VARS, 1674244 CLAUSES.

time spent:    0.00 seconds instantiating 480 action templates
               0.00 seconds reachability analysis, yielding 271 facts and 480 actions
               0.00 seconds collecting 271 relevant facts
               0.00 seconds building connectivity graph
               0.00 seconds building (std) graph
               0.36 seconds CNF output time
               0.36 seconds total planner time (solving not included)


***Solving***


[ filemap ]
[ extract ]

variables : 22505
pure lits : 260

1-clauses : 14
2-clauses : 1668368
3-clauses : 5015
n-clauses : 847
discarded : 0

[ solve ]


unsatisfiable                             

[ stats ]

decisions : 4084
conflicts : 147
time : ~0.01

***UNSAT***


bb: parsing domain file
domain 'BLOCKS' defined
 ... done.
bb: parsing problem file
problem 'BLOCKS-15-1' defined
 ... done.


time:   0,    18 facts and       0 exclusive pairs
              20 ops   and       7 exclusive pairs
time:   1,    22 facts and      16 exclusive pairs
              30 ops   and      98 exclusive pairs
time:   2,    26 facts and      36 exclusive pairs
              40 ops   and     269 exclusive pairs
time:   3,    29 facts and      58 exclusive pairs
              52 ops   and     590 exclusive pairs
time:   4,    36 facts and     141 exclusive pairs
              69 ops   and    1260 exclusive pairs
time:   5,    40 facts and     180 exclusive pairs
              84 ops   and    1988 exclusive pairs
time:   6,    48 facts and     308 exclusive pairs
             101 ops   and    2992 exclusive pairs
time:   7,    50 facts and     268 exclusive pairs
             114 ops   and    3719 exclusive pairs
time:   8,    60 facts and     454 exclusive pairs
             135 ops   and    5390 exclusive pairs
time:   9,    62 facts and     400 exclusive pairs
             150 ops   and    6520 exclusive pairs
time:  10,    74 facts and     668 exclusive pairs
             175 ops   and    9122 exclusive pairs
time:  11,    76 facts and     591 exclusive pairs
             192 ops   and   10756 exclusive pairs
time:  12,    90 facts and     953 exclusive pairs
             221 ops   and   14554 exclusive pairs
time:  13,    92 facts and     834 exclusive pairs
             240 ops   and   16774 exclusive pairs
time:  14,   108 facts and    1304 exclusive pairs
             273 ops   and   22082 exclusive pairs
time:  15,   110 facts and    1135 exclusive pairs
             294 ops   and   25012 exclusive pairs
time:  16,   128 facts and    1727 exclusive pairs
             331 ops   and   32180 exclusive pairs
time:  17,   130 facts and    1500 exclusive pairs
             354 ops   and   35956 exclusive pairs
time:  18,   150 facts and    2228 exclusive pairs
             395 ops   and   45370 exclusive pairs
time:  19,   152 facts and    1935 exclusive pairs
             420 ops   and   50140 exclusive pairs
time:  20,   174 facts and    2813 exclusive pairs
             465 ops   and   62222 exclusive pairs
time:  21,   176 facts and    2446 exclusive pairs
             492 ops   and   68146 exclusive pairs
time:  22,   200 facts and    3488 exclusive pairs
             541 ops   and   83354 exclusive pairs
time:  23,   202 facts and    3039 exclusive pairs
             570 ops   and   90604 exclusive pairs
time:  24,   228 facts and    4259 exclusive pairs
             623 ops   and  109432 exclusive pairs
time:  25,   229 facts and    3677 exclusive pairs
             652 ops   and  117273 exclusive pairs
time:  26,   256 facts and    5021 exclusive pairs
             706 ops   and  139010 exclusive pairs
time:  27,   256 facts and    4345 exclusive pairs
             706 ops   and  132626 exclusive pairs
time:  28,   256 facts and    3825 exclusive pairs
graph has leveled off at time step 29


             706 ops   and  131430 exclusive pairs
time:  29,   256 facts and    3825 exclusive pairs
             706 ops   and  131430 exclusive pairs
time:  30,   256 facts and    3825 exclusive pairs
             706 ops   and  131430 exclusive pairs
time:  31,   256 facts and    3825 exclusive pairs
             706 ops   and  131430 exclusive pairs
time:  32,   256 facts and    3825 exclusive pairs
             706 ops   and  131430 exclusive pairs
time:  33,   256 facts and    3825 exclusive pairs
             706 ops   and  131430 exclusive pairs
time:  34,   256 facts and    3825 exclusive pairs
             706 ops   and  131430 exclusive pairs
time:  35,   256 facts and    3825 exclusive pairs
             706 ops   and  131430 exclusive pairs
time:  36,   256 facts and    3825 exclusive pairs
             706 ops   and  131430 exclusive pairs
time:  37,   256 facts and    3825 exclusive pairs
             706 ops   and  131430 exclusive pairs
time:  38,   256 facts and    3825 exclusive pairs
             706 ops   and  131430 exclusive pairs
time:  39,   256 facts and    3825 exclusive pairs
             706 ops   and  131430 exclusive pairs
time:  40,   256 facts and    3825 exclusive pairs

creating thin gp-based encoding...
plan graph layer 0...
plan graph layer 1...
plan graph layer 2...
plan graph layer 3...
plan graph layer 4...
plan graph layer 5...
plan graph layer 6...
plan graph layer 7...
plan graph layer 8...
plan graph layer 9...
plan graph layer 10...
plan graph layer 11...
plan graph layer 12...
plan graph layer 13...
plan graph layer 14...
plan graph layer 15...
plan graph layer 16...
plan graph layer 17...
plan graph layer 18...
plan graph layer 19...
plan graph layer 20...
plan graph layer 21...
plan graph layer 22...
plan graph layer 23...
plan graph layer 24...
plan graph layer 25...
plan graph layer 26...
plan graph layer 27...
plan graph layer 28...
plan graph layer 29...
plan graph layer 30...
plan graph layer 31...
plan graph layer 32...
plan graph layer 33...
plan graph layer 34...
plan graph layer 35...
plan graph layer 36...
plan graph layer 37...
plan graph layer 38...
plan graph layer 39...
plan graph layer 40...
goal constraints...
exclusion constraints layer 0...
exclusion constraints layer 1...
exclusion constraints layer 2...
exclusion constraints layer 3...
exclusion constraints layer 4...
exclusion constraints layer 5...
exclusion constraints layer 6...
exclusion constraints layer 7...
exclusion constraints layer 8...
exclusion constraints layer 9...
exclusion constraints layer 10...
exclusion constraints layer 11...
exclusion constraints layer 12...
exclusion constraints layer 13...
exclusion constraints layer 14...
exclusion constraints layer 15...
exclusion constraints layer 16...
exclusion constraints layer 17...
exclusion constraints layer 18...
exclusion constraints layer 19...
exclusion constraints layer 20...
exclusion constraints layer 21...
exclusion constraints layer 22...
exclusion constraints layer 23...
exclusion constraints layer 24...
exclusion constraints layer 25...
exclusion constraints layer 26...
exclusion constraints layer 27...
exclusion constraints layer 28...
exclusion constraints layer 29...
exclusion constraints layer 30...
exclusion constraints layer 31...
exclusion constraints layer 32...
exclusion constraints layer 33...
exclusion constraints layer 34...
exclusion constraints layer 35...
exclusion constraints layer 36...
exclusion constraints layer 37...
exclusion constraints layer 38...
exclusion constraints layer 39...
exclusion constraints layer 40...

DECISION LAYER 40, WRITING THIN GP-BASED ENCODING WITH 23467 VARS, 1762611 CLAUSES.

time spent:    0.00 seconds instantiating 480 action templates
               0.00 seconds reachability analysis, yielding 271 facts and 480 actions
               0.00 seconds collecting 271 relevant facts
               0.00 seconds building connectivity graph
               0.00 seconds building (std) graph
               0.38 seconds CNF output time
               0.38 seconds total planner time (solving not included)


***Solving***


[ filemap ]
[ extract ]

variables : 23467
pure lits : 260

1-clauses : 14
2-clauses : 1756479
3-clauses : 5240
n-clauses : 878
discarded : 0

[ solve ]


unsatisfiable                             

[ stats ]

decisions : 11492
conflicts : 323
time : ~0.014

***UNSAT***


bb: parsing domain file
domain 'BLOCKS' defined
 ... done.
bb: parsing problem file
problem 'BLOCKS-15-1' defined
 ... done.


time:   0,    18 facts and       0 exclusive pairs
              20 ops   and       7 exclusive pairs
time:   1,    22 facts and      16 exclusive pairs
              30 ops   and      98 exclusive pairs
time:   2,    26 facts and      36 exclusive pairs
              40 ops   and     269 exclusive pairs
time:   3,    29 facts and      58 exclusive pairs
              52 ops   and     590 exclusive pairs
time:   4,    36 facts and     141 exclusive pairs
              69 ops   and    1260 exclusive pairs
time:   5,    40 facts and     180 exclusive pairs
              84 ops   and    1988 exclusive pairs
time:   6,    48 facts and     308 exclusive pairs
             101 ops   and    2992 exclusive pairs
time:   7,    50 facts and     268 exclusive pairs
             114 ops   and    3719 exclusive pairs
time:   8,    60 facts and     454 exclusive pairs
             135 ops   and    5390 exclusive pairs
time:   9,    62 facts and     400 exclusive pairs
             150 ops   and    6520 exclusive pairs
time:  10,    74 facts and     668 exclusive pairs
             175 ops   and    9122 exclusive pairs
time:  11,    76 facts and     591 exclusive pairs
             192 ops   and   10756 exclusive pairs
time:  12,    90 facts and     953 exclusive pairs
             221 ops   and   14554 exclusive pairs
time:  13,    92 facts and     834 exclusive pairs
             240 ops   and   16774 exclusive pairs
time:  14,   108 facts and    1304 exclusive pairs
             273 ops   and   22082 exclusive pairs
time:  15,   110 facts and    1135 exclusive pairs
             294 ops   and   25012 exclusive pairs
time:  16,   128 facts and    1727 exclusive pairs
             331 ops   and   32180 exclusive pairs
time:  17,   130 facts and    1500 exclusive pairs
             354 ops   and   35956 exclusive pairs
time:  18,   150 facts and    2228 exclusive pairs
             395 ops   and   45370 exclusive pairs
time:  19,   152 facts and    1935 exclusive pairs
             420 ops   and   50140 exclusive pairs
time:  20,   174 facts and    2813 exclusive pairs
             465 ops   and   62222 exclusive pairs
time:  21,   176 facts and    2446 exclusive pairs
             492 ops   and   68146 exclusive pairs
time:  22,   200 facts and    3488 exclusive pairs
             541 ops   and   83354 exclusive pairs
time:  23,   202 facts and    3039 exclusive pairs
             570 ops   and   90604 exclusive pairs
time:  24,   228 facts and    4259 exclusive pairs
             623 ops   and  109432 exclusive pairs
time:  25,   229 facts and    3677 exclusive pairs
             652 ops   and  117273 exclusive pairs
time:  26,   256 facts and    5021 exclusive pairs
             706 ops   and  139010 exclusive pairs
time:  27,   256 facts and    4345 exclusive pairs
             706 ops   and  132626 exclusive pairs
time:  28,   256 facts and    3825 exclusive pairs
graph has leveled off at time step 29


             706 ops   and  131430 exclusive pairs
time:  29,   256 facts and    3825 exclusive pairs
             706 ops   and  131430 exclusive pairs
time:  30,   256 facts and    3825 exclusive pairs
             706 ops   and  131430 exclusive pairs
time:  31,   256 facts and    3825 exclusive pairs
             706 ops   and  131430 exclusive pairs
time:  32,   256 facts and    3825 exclusive pairs
             706 ops   and  131430 exclusive pairs
time:  33,   256 facts and    3825 exclusive pairs
             706 ops   and  131430 exclusive pairs
time:  34,   256 facts and    3825 exclusive pairs
             706 ops   and  131430 exclusive pairs
time:  35,   256 facts and    3825 exclusive pairs
             706 ops   and  131430 exclusive pairs
time:  36,   256 facts and    3825 exclusive pairs
             706 ops   and  131430 exclusive pairs
time:  37,   256 facts and    3825 exclusive pairs
             706 ops   and  131430 exclusive pairs
time:  38,   256 facts and    3825 exclusive pairs
             706 ops   and  131430 exclusive pairs
time:  39,   256 facts and    3825 exclusive pairs
             706 ops   and  131430 exclusive pairs
time:  40,   256 facts and    3825 exclusive pairs
             706 ops   and  131430 exclusive pairs
time:  41,   256 facts and    3825 exclusive pairs

creating thin gp-based encoding...
plan graph layer 0...
plan graph layer 1...
plan graph layer 2...
plan graph layer 3...
plan graph layer 4...
plan graph layer 5...
plan graph layer 6...
plan graph layer 7...
plan graph layer 8...
plan graph layer 9...
plan graph layer 10...
plan graph layer 11...
plan graph layer 12...
plan graph layer 13...
plan graph layer 14...
plan graph layer 15...
plan graph layer 16...
plan graph layer 17...
plan graph layer 18...
plan graph layer 19...
plan graph layer 20...
plan graph layer 21...
plan graph layer 22...
plan graph layer 23...
plan graph layer 24...
plan graph layer 25...
plan graph layer 26...
plan graph layer 27...
plan graph layer 28...
plan graph layer 29...
plan graph layer 30...
plan graph layer 31...
plan graph layer 32...
plan graph layer 33...
plan graph layer 34...
plan graph layer 35...
plan graph layer 36...
plan graph layer 37...
plan graph layer 38...
plan graph layer 39...
plan graph layer 40...
plan graph layer 41...
goal constraints...
exclusion constraints layer 0...
exclusion constraints layer 1...
exclusion constraints layer 2...
exclusion constraints layer 3...
exclusion constraints layer 4...
exclusion constraints layer 5...
exclusion constraints layer 6...
exclusion constraints layer 7...
exclusion constraints layer 8...
exclusion constraints layer 9...
exclusion constraints layer 10...
exclusion constraints layer 11...
exclusion constraints layer 12...
exclusion constraints layer 13...
exclusion constraints layer 14...
exclusion constraints layer 15...
exclusion constraints layer 16...
exclusion constraints layer 17...
exclusion constraints layer 18...
exclusion constraints layer 19...
exclusion constraints layer 20...
exclusion constraints layer 21...
exclusion constraints layer 22...
exclusion constraints layer 23...
exclusion constraints layer 24...
exclusion constraints layer 25...
exclusion constraints layer 26...
exclusion constraints layer 27...
exclusion constraints layer 28...
exclusion constraints layer 29...
exclusion constraints layer 30...
exclusion constraints layer 31...
exclusion constraints layer 32...
exclusion constraints layer 33...
exclusion constraints layer 34...
exclusion constraints layer 35...
exclusion constraints layer 36...
exclusion constraints layer 37...
exclusion constraints layer 38...
exclusion constraints layer 39...
exclusion constraints layer 40...
exclusion constraints layer 41...

DECISION LAYER 41, WRITING THIN GP-BASED ENCODING WITH 24429 VARS, 1850978 CLAUSES.

time spent:    0.00 seconds instantiating 480 action templates
               0.00 seconds reachability analysis, yielding 271 facts and 480 actions
               0.00 seconds collecting 271 relevant facts
               0.00 seconds building connectivity graph
               0.00 seconds building (std) graph
               0.40 seconds CNF output time
               0.40 seconds total planner time (solving not included)


***Solving***


[ filemap ]
[ extract ]

variables : 24429
pure lits : 260

1-clauses : 14
2-clauses : 1844590
3-clauses : 5465
n-clauses : 909
discarded : 0

[ solve ]


unsatisfiable                             

[ stats ]

decisions : 22991
conflicts : 486
time : ~0.026

***UNSAT***


bb: parsing domain file
domain 'BLOCKS' defined
 ... done.
bb: parsing problem file
problem 'BLOCKS-15-1' defined
 ... done.


time:   0,    18 facts and       0 exclusive pairs
              20 ops   and       7 exclusive pairs
time:   1,    22 facts and      16 exclusive pairs
              30 ops   and      98 exclusive pairs
time:   2,    26 facts and      36 exclusive pairs
              40 ops   and     269 exclusive pairs
time:   3,    29 facts and      58 exclusive pairs
              52 ops   and     590 exclusive pairs
time:   4,    36 facts and     141 exclusive pairs
              69 ops   and    1260 exclusive pairs
time:   5,    40 facts and     180 exclusive pairs
              84 ops   and    1988 exclusive pairs
time:   6,    48 facts and     308 exclusive pairs
             101 ops   and    2992 exclusive pairs
time:   7,    50 facts and     268 exclusive pairs
             114 ops   and    3719 exclusive pairs
time:   8,    60 facts and     454 exclusive pairs
             135 ops   and    5390 exclusive pairs
time:   9,    62 facts and     400 exclusive pairs
             150 ops   and    6520 exclusive pairs
time:  10,    74 facts and     668 exclusive pairs
             175 ops   and    9122 exclusive pairs
time:  11,    76 facts and     591 exclusive pairs
             192 ops   and   10756 exclusive pairs
time:  12,    90 facts and     953 exclusive pairs
             221 ops   and   14554 exclusive pairs
time:  13,    92 facts and     834 exclusive pairs
             240 ops   and   16774 exclusive pairs
time:  14,   108 facts and    1304 exclusive pairs
             273 ops   and   22082 exclusive pairs
time:  15,   110 facts and    1135 exclusive pairs
             294 ops   and   25012 exclusive pairs
time:  16,   128 facts and    1727 exclusive pairs
             331 ops   and   32180 exclusive pairs
time:  17,   130 facts and    1500 exclusive pairs
             354 ops   and   35956 exclusive pairs
time:  18,   150 facts and    2228 exclusive pairs
             395 ops   and   45370 exclusive pairs
time:  19,   152 facts and    1935 exclusive pairs
             420 ops   and   50140 exclusive pairs
time:  20,   174 facts and    2813 exclusive pairs
             465 ops   and   62222 exclusive pairs
time:  21,   176 facts and    2446 exclusive pairs
             492 ops   and   68146 exclusive pairs
time:  22,   200 facts and    3488 exclusive pairs
             541 ops   and   83354 exclusive pairs
time:  23,   202 facts and    3039 exclusive pairs
             570 ops   and   90604 exclusive pairs
time:  24,   228 facts and    4259 exclusive pairs
             623 ops   and  109432 exclusive pairs
time:  25,   229 facts and    3677 exclusive pairs
             652 ops   and  117273 exclusive pairs
time:  26,   256 facts and    5021 exclusive pairs
             706 ops   and  139010 exclusive pairs
time:  27,   256 facts and    4345 exclusive pairs
             706 ops   and  132626 exclusive pairs
time:  28,   256 facts and    3825 exclusive pairs
graph has leveled off at time step 29


             706 ops   and  131430 exclusive pairs
time:  29,   256 facts and    3825 exclusive pairs
             706 ops   and  131430 exclusive pairs
time:  30,   256 facts and    3825 exclusive pairs
             706 ops   and  131430 exclusive pairs
time:  31,   256 facts and    3825 exclusive pairs
             706 ops   and  131430 exclusive pairs
time:  32,   256 facts and    3825 exclusive pairs
             706 ops   and  131430 exclusive pairs
time:  33,   256 facts and    3825 exclusive pairs
             706 ops   and  131430 exclusive pairs
time:  34,   256 facts and    3825 exclusive pairs
             706 ops   and  131430 exclusive pairs
time:  35,   256 facts and    3825 exclusive pairs
             706 ops   and  131430 exclusive pairs
time:  36,   256 facts and    3825 exclusive pairs
             706 ops   and  131430 exclusive pairs
time:  37,   256 facts and    3825 exclusive pairs
             706 ops   and  131430 exclusive pairs
time:  38,   256 facts and    3825 exclusive pairs
             706 ops   and  131430 exclusive pairs
time:  39,   256 facts and    3825 exclusive pairs
             706 ops   and  131430 exclusive pairs
time:  40,   256 facts and    3825 exclusive pairs
             706 ops   and  131430 exclusive pairs
time:  41,   256 facts and    3825 exclusive pairs
             706 ops   and  131430 exclusive pairs
time:  42,   256 facts and    3825 exclusive pairs

creating thin gp-based encoding...
plan graph layer 0...
plan graph layer 1...
plan graph layer 2...
plan graph layer 3...
plan graph layer 4...
plan graph layer 5...
plan graph layer 6...
plan graph layer 7...
plan graph layer 8...
plan graph layer 9...
plan graph layer 10...
plan graph layer 11...
plan graph layer 12...
plan graph layer 13...
plan graph layer 14...
plan graph layer 15...
plan graph layer 16...
plan graph layer 17...
plan graph layer 18...
plan graph layer 19...
plan graph layer 20...
plan graph layer 21...
plan graph layer 22...
plan graph layer 23...
plan graph layer 24...
plan graph layer 25...
plan graph layer 26...
plan graph layer 27...
plan graph layer 28...
plan graph layer 29...
plan graph layer 30...
plan graph layer 31...
plan graph layer 32...
plan graph layer 33...
plan graph layer 34...
plan graph layer 35...
plan graph layer 36...
plan graph layer 37...
plan graph layer 38...
plan graph layer 39...
plan graph layer 40...
plan graph layer 41...
plan graph layer 42...
goal constraints...
exclusion constraints layer 0...
exclusion constraints layer 1...
exclusion constraints layer 2...
exclusion constraints layer 3...
exclusion constraints layer 4...
exclusion constraints layer 5...
exclusion constraints layer 6...
exclusion constraints layer 7...
exclusion constraints layer 8...
exclusion constraints layer 9...
exclusion constraints layer 10...
exclusion constraints layer 11...
exclusion constraints layer 12...
exclusion constraints layer 13...
exclusion constraints layer 14...
exclusion constraints layer 15...
exclusion constraints layer 16...
exclusion constraints layer 17...
exclusion constraints layer 18...
exclusion constraints layer 19...
exclusion constraints layer 20...
exclusion constraints layer 21...
exclusion constraints layer 22...
exclusion constraints layer 23...
exclusion constraints layer 24...
exclusion constraints layer 25...
exclusion constraints layer 26...
exclusion constraints layer 27...
exclusion constraints layer 28...
exclusion constraints layer 29...
exclusion constraints layer 30...
exclusion constraints layer 31...
exclusion constraints layer 32...
exclusion constraints layer 33...
exclusion constraints layer 34...
exclusion constraints layer 35...
exclusion constraints layer 36...
exclusion constraints layer 37...
exclusion constraints layer 38...
exclusion constraints layer 39...
exclusion constraints layer 40...
exclusion constraints layer 41...
exclusion constraints layer 42...

DECISION LAYER 42, WRITING THIN GP-BASED ENCODING WITH 25391 VARS, 1939345 CLAUSES.

time spent:    0.00 seconds instantiating 480 action templates
               0.00 seconds reachability analysis, yielding 271 facts and 480 actions
               0.00 seconds collecting 271 relevant facts
               0.00 seconds building connectivity graph
               0.00 seconds building (std) graph
               0.42 seconds CNF output time
               0.42 seconds total planner time (solving not included)


***Solving***


[ filemap ]
[ extract ]

variables : 25391
pure lits : 260

1-clauses : 14
2-clauses : 1932701
3-clauses : 5690
n-clauses : 940
discarded : 0

[ solve ]


unsatisfiable                             

[ stats ]

decisions : 21507
conflicts : 547
time : ~0.036

***UNSAT***


bb: parsing domain file
domain 'BLOCKS' defined
 ... done.
bb: parsing problem file
problem 'BLOCKS-15-1' defined
 ... done.


time:   0,    18 facts and       0 exclusive pairs
              20 ops   and       7 exclusive pairs
time:   1,    22 facts and      16 exclusive pairs
              30 ops   and      98 exclusive pairs
time:   2,    26 facts and      36 exclusive pairs
              40 ops   and     269 exclusive pairs
time:   3,    29 facts and      58 exclusive pairs
              52 ops   and     590 exclusive pairs
time:   4,    36 facts and     141 exclusive pairs
              69 ops   and    1260 exclusive pairs
time:   5,    40 facts and     180 exclusive pairs
              84 ops   and    1988 exclusive pairs
time:   6,    48 facts and     308 exclusive pairs
             101 ops   and    2992 exclusive pairs
time:   7,    50 facts and     268 exclusive pairs
             114 ops   and    3719 exclusive pairs
time:   8,    60 facts and     454 exclusive pairs
             135 ops   and    5390 exclusive pairs
time:   9,    62 facts and     400 exclusive pairs
             150 ops   and    6520 exclusive pairs
time:  10,    74 facts and     668 exclusive pairs
             175 ops   and    9122 exclusive pairs
time:  11,    76 facts and     591 exclusive pairs
             192 ops   and   10756 exclusive pairs
time:  12,    90 facts and     953 exclusive pairs
             221 ops   and   14554 exclusive pairs
time:  13,    92 facts and     834 exclusive pairs
             240 ops   and   16774 exclusive pairs
time:  14,   108 facts and    1304 exclusive pairs
             273 ops   and   22082 exclusive pairs
time:  15,   110 facts and    1135 exclusive pairs
             294 ops   and   25012 exclusive pairs
time:  16,   128 facts and    1727 exclusive pairs
             331 ops   and   32180 exclusive pairs
time:  17,   130 facts and    1500 exclusive pairs
             354 ops   and   35956 exclusive pairs
time:  18,   150 facts and    2228 exclusive pairs
             395 ops   and   45370 exclusive pairs
time:  19,   152 facts and    1935 exclusive pairs
             420 ops   and   50140 exclusive pairs
time:  20,   174 facts and    2813 exclusive pairs
             465 ops   and   62222 exclusive pairs
time:  21,   176 facts and    2446 exclusive pairs
             492 ops   and   68146 exclusive pairs
time:  22,   200 facts and    3488 exclusive pairs
             541 ops   and   83354 exclusive pairs
time:  23,   202 facts and    3039 exclusive pairs
             570 ops   and   90604 exclusive pairs
time:  24,   228 facts and    4259 exclusive pairs
             623 ops   and  109432 exclusive pairs
time:  25,   229 facts and    3677 exclusive pairs
             652 ops   and  117273 exclusive pairs
time:  26,   256 facts and    5021 exclusive pairs
             706 ops   and  139010 exclusive pairs
time:  27,   256 facts and    4345 exclusive pairs
             706 ops   and  132626 exclusive pairs
time:  28,   256 facts and    3825 exclusive pairs
graph has leveled off at time step 29


             706 ops   and  131430 exclusive pairs
time:  29,   256 facts and    3825 exclusive pairs
             706 ops   and  131430 exclusive pairs
time:  30,   256 facts and    3825 exclusive pairs
             706 ops   and  131430 exclusive pairs
time:  31,   256 facts and    3825 exclusive pairs
             706 ops   and  131430 exclusive pairs
time:  32,   256 facts and    3825 exclusive pairs
             706 ops   and  131430 exclusive pairs
time:  33,   256 facts and    3825 exclusive pairs
             706 ops   and  131430 exclusive pairs
time:  34,   256 facts and    3825 exclusive pairs
             706 ops   and  131430 exclusive pairs
time:  35,   256 facts and    3825 exclusive pairs
             706 ops   and  131430 exclusive pairs
time:  36,   256 facts and    3825 exclusive pairs
             706 ops   and  131430 exclusive pairs
time:  37,   256 facts and    3825 exclusive pairs
             706 ops   and  131430 exclusive pairs
time:  38,   256 facts and    3825 exclusive pairs
             706 ops   and  131430 exclusive pairs
time:  39,   256 facts and    3825 exclusive pairs
             706 ops   and  131430 exclusive pairs
time:  40,   256 facts and    3825 exclusive pairs
             706 ops   and  131430 exclusive pairs
time:  41,   256 facts and    3825 exclusive pairs
             706 ops   and  131430 exclusive pairs
time:  42,   256 facts and    3825 exclusive pairs
             706 ops   and  131430 exclusive pairs
time:  43,   256 facts and    3825 exclusive pairs

creating thin gp-based encoding...
plan graph layer 0...
plan graph layer 1...
plan graph layer 2...
plan graph layer 3...
plan graph layer 4...
plan graph layer 5...
plan graph layer 6...
plan graph layer 7...
plan graph layer 8...
plan graph layer 9...
plan graph layer 10...
plan graph layer 11...
plan graph layer 12...
plan graph layer 13...
plan graph layer 14...
plan graph layer 15...
plan graph layer 16...
plan graph layer 17...
plan graph layer 18...
plan graph layer 19...
plan graph layer 20...
plan graph layer 21...
plan graph layer 22...
plan graph layer 23...
plan graph layer 24...
plan graph layer 25...
plan graph layer 26...
plan graph layer 27...
plan graph layer 28...
plan graph layer 29...
plan graph layer 30...
plan graph layer 31...
plan graph layer 32...
plan graph layer 33...
plan graph layer 34...
plan graph layer 35...
plan graph layer 36...
plan graph layer 37...
plan graph layer 38...
plan graph layer 39...
plan graph layer 40...
plan graph layer 41...
plan graph layer 42...
plan graph layer 43...
goal constraints...
exclusion constraints layer 0...
exclusion constraints layer 1...
exclusion constraints layer 2...
exclusion constraints layer 3...
exclusion constraints layer 4...
exclusion constraints layer 5...
exclusion constraints layer 6...
exclusion constraints layer 7...
exclusion constraints layer 8...
exclusion constraints layer 9...
exclusion constraints layer 10...
exclusion constraints layer 11...
exclusion constraints layer 12...
exclusion constraints layer 13...
exclusion constraints layer 14...
exclusion constraints layer 15...
exclusion constraints layer 16...
exclusion constraints layer 17...
exclusion constraints layer 18...
exclusion constraints layer 19...
exclusion constraints layer 20...
exclusion constraints layer 21...
exclusion constraints layer 22...
exclusion constraints layer 23...
exclusion constraints layer 24...
exclusion constraints layer 25...
exclusion constraints layer 26...
exclusion constraints layer 27...
exclusion constraints layer 28...
exclusion constraints layer 29...
exclusion constraints layer 30...
exclusion constraints layer 31...
exclusion constraints layer 32...
exclusion constraints layer 33...
exclusion constraints layer 34...
exclusion constraints layer 35...
exclusion constraints layer 36...
exclusion constraints layer 37...
exclusion constraints layer 38...
exclusion constraints layer 39...
exclusion constraints layer 40...
exclusion constraints layer 41...
exclusion constraints layer 42...
exclusion constraints layer 43...

DECISION LAYER 43, WRITING THIN GP-BASED ENCODING WITH 26353 VARS, 2027712 CLAUSES.

time spent:    0.00 seconds instantiating 480 action templates
               0.00 seconds reachability analysis, yielding 271 facts and 480 actions
               0.00 seconds collecting 271 relevant facts
               0.00 seconds building connectivity graph
               0.00 seconds building (std) graph
               0.43 seconds CNF output time
               0.43 seconds total planner time (solving not included)


***Solving***


[ filemap ]
[ extract ]

variables : 26353
pure lits : 260

1-clauses : 14
2-clauses : 2020812
3-clauses : 5915
n-clauses : 971
discarded : 0

[ solve ]


unsatisfiable                             

[ stats ]

decisions : 13046
conflicts : 1067
time : ~0.06

***UNSAT***


bb: parsing domain file
domain 'BLOCKS' defined
 ... done.
bb: parsing problem file
problem 'BLOCKS-15-1' defined
 ... done.


time:   0,    18 facts and       0 exclusive pairs
              20 ops   and       7 exclusive pairs
time:   1,    22 facts and      16 exclusive pairs
              30 ops   and      98 exclusive pairs
time:   2,    26 facts and      36 exclusive pairs
              40 ops   and     269 exclusive pairs
time:   3,    29 facts and      58 exclusive pairs
              52 ops   and     590 exclusive pairs
time:   4,    36 facts and     141 exclusive pairs
              69 ops   and    1260 exclusive pairs
time:   5,    40 facts and     180 exclusive pairs
              84 ops   and    1988 exclusive pairs
time:   6,    48 facts and     308 exclusive pairs
             101 ops   and    2992 exclusive pairs
time:   7,    50 facts and     268 exclusive pairs
             114 ops   and    3719 exclusive pairs
time:   8,    60 facts and     454 exclusive pairs
             135 ops   and    5390 exclusive pairs
time:   9,    62 facts and     400 exclusive pairs
             150 ops   and    6520 exclusive pairs
time:  10,    74 facts and     668 exclusive pairs
             175 ops   and    9122 exclusive pairs
time:  11,    76 facts and     591 exclusive pairs
             192 ops   and   10756 exclusive pairs
time:  12,    90 facts and     953 exclusive pairs
             221 ops   and   14554 exclusive pairs
time:  13,    92 facts and     834 exclusive pairs
             240 ops   and   16774 exclusive pairs
time:  14,   108 facts and    1304 exclusive pairs
             273 ops   and   22082 exclusive pairs
time:  15,   110 facts and    1135 exclusive pairs
             294 ops   and   25012 exclusive pairs
time:  16,   128 facts and    1727 exclusive pairs
             331 ops   and   32180 exclusive pairs
time:  17,   130 facts and    1500 exclusive pairs
             354 ops   and   35956 exclusive pairs
time:  18,   150 facts and    2228 exclusive pairs
             395 ops   and   45370 exclusive pairs
time:  19,   152 facts and    1935 exclusive pairs
             420 ops   and   50140 exclusive pairs
time:  20,   174 facts and    2813 exclusive pairs
             465 ops   and   62222 exclusive pairs
time:  21,   176 facts and    2446 exclusive pairs
             492 ops   and   68146 exclusive pairs
time:  22,   200 facts and    3488 exclusive pairs
             541 ops   and   83354 exclusive pairs
time:  23,   202 facts and    3039 exclusive pairs
             570 ops   and   90604 exclusive pairs
time:  24,   228 facts and    4259 exclusive pairs
             623 ops   and  109432 exclusive pairs
time:  25,   229 facts and    3677 exclusive pairs
             652 ops   and  117273 exclusive pairs
time:  26,   256 facts and    5021 exclusive pairs
             706 ops   and  139010 exclusive pairs
time:  27,   256 facts and    4345 exclusive pairs
             706 ops   and  132626 exclusive pairs
time:  28,   256 facts and    3825 exclusive pairs
graph has leveled off at time step 29


             706 ops   and  131430 exclusive pairs
time:  29,   256 facts and    3825 exclusive pairs
             706 ops   and  131430 exclusive pairs
time:  30,   256 facts and    3825 exclusive pairs
             706 ops   and  131430 exclusive pairs
time:  31,   256 facts and    3825 exclusive pairs
             706 ops   and  131430 exclusive pairs
time:  32,   256 facts and    3825 exclusive pairs
             706 ops   and  131430 exclusive pairs
time:  33,   256 facts and    3825 exclusive pairs
             706 ops   and  131430 exclusive pairs
time:  34,   256 facts and    3825 exclusive pairs
             706 ops   and  131430 exclusive pairs
time:  35,   256 facts and    3825 exclusive pairs
             706 ops   and  131430 exclusive pairs
time:  36,   256 facts and    3825 exclusive pairs
             706 ops   and  131430 exclusive pairs
time:  37,   256 facts and    3825 exclusive pairs
             706 ops   and  131430 exclusive pairs
time:  38,   256 facts and    3825 exclusive pairs
             706 ops   and  131430 exclusive pairs
time:  39,   256 facts and    3825 exclusive pairs
             706 ops   and  131430 exclusive pairs
time:  40,   256 facts and    3825 exclusive pairs
             706 ops   and  131430 exclusive pairs
time:  41,   256 facts and    3825 exclusive pairs
             706 ops   and  131430 exclusive pairs
time:  42,   256 facts and    3825 exclusive pairs
             706 ops   and  131430 exclusive pairs
time:  43,   256 facts and    3825 exclusive pairs
             706 ops   and  131430 exclusive pairs
time:  44,   256 facts and    3825 exclusive pairs

creating thin gp-based encoding...
plan graph layer 0...
plan graph layer 1...
plan graph layer 2...
plan graph layer 3...
plan graph layer 4...
plan graph layer 5...
plan graph layer 6...
plan graph layer 7...
plan graph layer 8...
plan graph layer 9...
plan graph layer 10...
plan graph layer 11...
plan graph layer 12...
plan graph layer 13...
plan graph layer 14...
plan graph layer 15...
plan graph layer 16...
plan graph layer 17...
plan graph layer 18...
plan graph layer 19...
plan graph layer 20...
plan graph layer 21...
plan graph layer 22...
plan graph layer 23...
plan graph layer 24...
plan graph layer 25...
plan graph layer 26...
plan graph layer 27...
plan graph layer 28...
plan graph layer 29...
plan graph layer 30...
plan graph layer 31...
plan graph layer 32...
plan graph layer 33...
plan graph layer 34...
plan graph layer 35...
plan graph layer 36...
plan graph layer 37...
plan graph layer 38...
plan graph layer 39...
plan graph layer 40...
plan graph layer 41...
plan graph layer 42...
plan graph layer 43...
plan graph layer 44...
goal constraints...
exclusion constraints layer 0...
exclusion constraints layer 1...
exclusion constraints layer 2...
exclusion constraints layer 3...
exclusion constraints layer 4...
exclusion constraints layer 5...
exclusion constraints layer 6...
exclusion constraints layer 7...
exclusion constraints layer 8...
exclusion constraints layer 9...
exclusion constraints layer 10...
exclusion constraints layer 11...
exclusion constraints layer 12...
exclusion constraints layer 13...
exclusion constraints layer 14...
exclusion constraints layer 15...
exclusion constraints layer 16...
exclusion constraints layer 17...
exclusion constraints layer 18...
exclusion constraints layer 19...
exclusion constraints layer 20...
exclusion constraints layer 21...
exclusion constraints layer 22...
exclusion constraints layer 23...
exclusion constraints layer 24...
exclusion constraints layer 25...
exclusion constraints layer 26...
exclusion constraints layer 27...
exclusion constraints layer 28...
exclusion constraints layer 29...
exclusion constraints layer 30...
exclusion constraints layer 31...
exclusion constraints layer 32...
exclusion constraints layer 33...
exclusion constraints layer 34...
exclusion constraints layer 35...
exclusion constraints layer 36...
exclusion constraints layer 37...
exclusion constraints layer 38...
exclusion constraints layer 39...
exclusion constraints layer 40...
exclusion constraints layer 41...
exclusion constraints layer 42...
exclusion constraints layer 43...
exclusion constraints layer 44...

DECISION LAYER 44, WRITING THIN GP-BASED ENCODING WITH 27315 VARS, 2116079 CLAUSES.

time spent:    0.00 seconds instantiating 480 action templates
               0.00 seconds reachability analysis, yielding 271 facts and 480 actions
               0.00 seconds collecting 271 relevant facts
               0.00 seconds building connectivity graph
               0.00 seconds building (std) graph
               0.46 seconds CNF output time
               0.46 seconds total planner time (solving not included)


***Solving***


[ filemap ]
[ extract ]

variables : 27315
pure lits : 260

1-clauses : 14
2-clauses : 2108923
3-clauses : 6140
n-clauses : 1002
discarded : 0

[ solve ]


unsatisfiable                             

[ stats ]

decisions : 37501
conflicts : 529
time : ~0.036

***UNSAT***


bb: parsing domain file
domain 'BLOCKS' defined
 ... done.
bb: parsing problem file
problem 'BLOCKS-15-1' defined
 ... done.


time:   0,    18 facts and       0 exclusive pairs
              20 ops   and       7 exclusive pairs
time:   1,    22 facts and      16 exclusive pairs
              30 ops   and      98 exclusive pairs
time:   2,    26 facts and      36 exclusive pairs
              40 ops   and     269 exclusive pairs
time:   3,    29 facts and      58 exclusive pairs
              52 ops   and     590 exclusive pairs
time:   4,    36 facts and     141 exclusive pairs
              69 ops   and    1260 exclusive pairs
time:   5,    40 facts and     180 exclusive pairs
              84 ops   and    1988 exclusive pairs
time:   6,    48 facts and     308 exclusive pairs
             101 ops   and    2992 exclusive pairs
time:   7,    50 facts and     268 exclusive pairs
             114 ops   and    3719 exclusive pairs
time:   8,    60 facts and     454 exclusive pairs
             135 ops   and    5390 exclusive pairs
time:   9,    62 facts and     400 exclusive pairs
             150 ops   and    6520 exclusive pairs
time:  10,    74 facts and     668 exclusive pairs
             175 ops   and    9122 exclusive pairs
time:  11,    76 facts and     591 exclusive pairs
             192 ops   and   10756 exclusive pairs
time:  12,    90 facts and     953 exclusive pairs
             221 ops   and   14554 exclusive pairs
time:  13,    92 facts and     834 exclusive pairs
             240 ops   and   16774 exclusive pairs
time:  14,   108 facts and    1304 exclusive pairs
             273 ops   and   22082 exclusive pairs
time:  15,   110 facts and    1135 exclusive pairs
             294 ops   and   25012 exclusive pairs
time:  16,   128 facts and    1727 exclusive pairs
             331 ops   and   32180 exclusive pairs
time:  17,   130 facts and    1500 exclusive pairs
             354 ops   and   35956 exclusive pairs
time:  18,   150 facts and    2228 exclusive pairs
             395 ops   and   45370 exclusive pairs
time:  19,   152 facts and    1935 exclusive pairs
             420 ops   and   50140 exclusive pairs
time:  20,   174 facts and    2813 exclusive pairs
             465 ops   and   62222 exclusive pairs
time:  21,   176 facts and    2446 exclusive pairs
             492 ops   and   68146 exclusive pairs
time:  22,   200 facts and    3488 exclusive pairs
             541 ops   and   83354 exclusive pairs
time:  23,   202 facts and    3039 exclusive pairs
             570 ops   and   90604 exclusive pairs
time:  24,   228 facts and    4259 exclusive pairs
             623 ops   and  109432 exclusive pairs
time:  25,   229 facts and    3677 exclusive pairs
             652 ops   and  117273 exclusive pairs
time:  26,   256 facts and    5021 exclusive pairs
             706 ops   and  139010 exclusive pairs
time:  27,   256 facts and    4345 exclusive pairs
             706 ops   and  132626 exclusive pairs
time:  28,   256 facts and    3825 exclusive pairs
graph has leveled off at time step 29


             706 ops   and  131430 exclusive pairs
time:  29,   256 facts and    3825 exclusive pairs
             706 ops   and  131430 exclusive pairs
time:  30,   256 facts and    3825 exclusive pairs
             706 ops   and  131430 exclusive pairs
time:  31,   256 facts and    3825 exclusive pairs
             706 ops   and  131430 exclusive pairs
time:  32,   256 facts and    3825 exclusive pairs
             706 ops   and  131430 exclusive pairs
time:  33,   256 facts and    3825 exclusive pairs
             706 ops   and  131430 exclusive pairs
time:  34,   256 facts and    3825 exclusive pairs
             706 ops   and  131430 exclusive pairs
time:  35,   256 facts and    3825 exclusive pairs
             706 ops   and  131430 exclusive pairs
time:  36,   256 facts and    3825 exclusive pairs
             706 ops   and  131430 exclusive pairs
time:  37,   256 facts and    3825 exclusive pairs
             706 ops   and  131430 exclusive pairs
time:  38,   256 facts and    3825 exclusive pairs
             706 ops   and  131430 exclusive pairs
time:  39,   256 facts and    3825 exclusive pairs
             706 ops   and  131430 exclusive pairs
time:  40,   256 facts and    3825 exclusive pairs
             706 ops   and  131430 exclusive pairs
time:  41,   256 facts and    3825 exclusive pairs
             706 ops   and  131430 exclusive pairs
time:  42,   256 facts and    3825 exclusive pairs
             706 ops   and  131430 exclusive pairs
time:  43,   256 facts and    3825 exclusive pairs
             706 ops   and  131430 exclusive pairs
time:  44,   256 facts and    3825 exclusive pairs
             706 ops   and  131430 exclusive pairs
time:  45,   256 facts and    3825 exclusive pairs

creating thin gp-based encoding...
plan graph layer 0...
plan graph layer 1...
plan graph layer 2...
plan graph layer 3...
plan graph layer 4...
plan graph layer 5...
plan graph layer 6...
plan graph layer 7...
plan graph layer 8...
plan graph layer 9...
plan graph layer 10...
plan graph layer 11...
plan graph layer 12...
plan graph layer 13...
plan graph layer 14...
plan graph layer 15...
plan graph layer 16...
plan graph layer 17...
plan graph layer 18...
plan graph layer 19...
plan graph layer 20...
plan graph layer 21...
plan graph layer 22...
plan graph layer 23...
plan graph layer 24...
plan graph layer 25...
plan graph layer 26...
plan graph layer 27...
plan graph layer 28...
plan graph layer 29...
plan graph layer 30...
plan graph layer 31...
plan graph layer 32...
plan graph layer 33...
plan graph layer 34...
plan graph layer 35...
plan graph layer 36...
plan graph layer 37...
plan graph layer 38...
plan graph layer 39...
plan graph layer 40...
plan graph layer 41...
plan graph layer 42...
plan graph layer 43...
plan graph layer 44...
plan graph layer 45...
goal constraints...
exclusion constraints layer 0...
exclusion constraints layer 1...
exclusion constraints layer 2...
exclusion constraints layer 3...
exclusion constraints layer 4...
exclusion constraints layer 5...
exclusion constraints layer 6...
exclusion constraints layer 7...
exclusion constraints layer 8...
exclusion constraints layer 9...
exclusion constraints layer 10...
exclusion constraints layer 11...
exclusion constraints layer 12...
exclusion constraints layer 13...
exclusion constraints layer 14...
exclusion constraints layer 15...
exclusion constraints layer 16...
exclusion constraints layer 17...
exclusion constraints layer 18...
exclusion constraints layer 19...
exclusion constraints layer 20...
exclusion constraints layer 21...
exclusion constraints layer 22...
exclusion constraints layer 23...
exclusion constraints layer 24...
exclusion constraints layer 25...
exclusion constraints layer 26...
exclusion constraints layer 27...
exclusion constraints layer 28...
exclusion constraints layer 29...
exclusion constraints layer 30...
exclusion constraints layer 31...
exclusion constraints layer 32...
exclusion constraints layer 33...
exclusion constraints layer 34...
exclusion constraints layer 35...
exclusion constraints layer 36...
exclusion constraints layer 37...
exclusion constraints layer 38...
exclusion constraints layer 39...
exclusion constraints layer 40...
exclusion constraints layer 41...
exclusion constraints layer 42...
exclusion constraints layer 43...
exclusion constraints layer 44...
exclusion constraints layer 45...

DECISION LAYER 45, WRITING THIN GP-BASED ENCODING WITH 28277 VARS, 2204446 CLAUSES.

time spent:    0.00 seconds instantiating 480 action templates
               0.00 seconds reachability analysis, yielding 271 facts and 480 actions
               0.00 seconds collecting 271 relevant facts
               0.00 seconds building connectivity graph
               0.00 seconds building (std) graph
               0.48 seconds CNF output time
               0.48 seconds total planner time (solving not included)


***Solving***


[ filemap ]
[ extract ]

variables : 28277
pure lits : 260

1-clauses : 14
2-clauses : 2197034
3-clauses : 6365
n-clauses : 1033
discarded : 0

[ solve ]


unsatisfiable                             

[ stats ]

decisions : 20468
conflicts : 377
time : ~0.024

***UNSAT***


bb: parsing domain file
domain 'BLOCKS' defined
 ... done.
bb: parsing problem file
problem 'BLOCKS-15-1' defined
 ... done.


time:   0,    18 facts and       0 exclusive pairs
              20 ops   and       7 exclusive pairs
time:   1,    22 facts and      16 exclusive pairs
              30 ops   and      98 exclusive pairs
time:   2,    26 facts and      36 exclusive pairs
              40 ops   and     269 exclusive pairs
time:   3,    29 facts and      58 exclusive pairs
              52 ops   and     590 exclusive pairs
time:   4,    36 facts and     141 exclusive pairs
              69 ops   and    1260 exclusive pairs
time:   5,    40 facts and     180 exclusive pairs
              84 ops   and    1988 exclusive pairs
time:   6,    48 facts and     308 exclusive pairs
             101 ops   and    2992 exclusive pairs
time:   7,    50 facts and     268 exclusive pairs
             114 ops   and    3719 exclusive pairs
time:   8,    60 facts and     454 exclusive pairs
             135 ops   and    5390 exclusive pairs
time:   9,    62 facts and     400 exclusive pairs
             150 ops   and    6520 exclusive pairs
time:  10,    74 facts and     668 exclusive pairs
             175 ops   and    9122 exclusive pairs
time:  11,    76 facts and     591 exclusive pairs
             192 ops   and   10756 exclusive pairs
time:  12,    90 facts and     953 exclusive pairs
             221 ops   and   14554 exclusive pairs
time:  13,    92 facts and     834 exclusive pairs
             240 ops   and   16774 exclusive pairs
time:  14,   108 facts and    1304 exclusive pairs
             273 ops   and   22082 exclusive pairs
time:  15,   110 facts and    1135 exclusive pairs
             294 ops   and   25012 exclusive pairs
time:  16,   128 facts and    1727 exclusive pairs
             331 ops   and   32180 exclusive pairs
time:  17,   130 facts and    1500 exclusive pairs
             354 ops   and   35956 exclusive pairs
time:  18,   150 facts and    2228 exclusive pairs
             395 ops   and   45370 exclusive pairs
time:  19,   152 facts and    1935 exclusive pairs
             420 ops   and   50140 exclusive pairs
time:  20,   174 facts and    2813 exclusive pairs
             465 ops   and   62222 exclusive pairs
time:  21,   176 facts and    2446 exclusive pairs
             492 ops   and   68146 exclusive pairs
time:  22,   200 facts and    3488 exclusive pairs
             541 ops   and   83354 exclusive pairs
time:  23,   202 facts and    3039 exclusive pairs
             570 ops   and   90604 exclusive pairs
time:  24,   228 facts and    4259 exclusive pairs
             623 ops   and  109432 exclusive pairs
time:  25,   229 facts and    3677 exclusive pairs
             652 ops   and  117273 exclusive pairs
time:  26,   256 facts and    5021 exclusive pairs
             706 ops   and  139010 exclusive pairs
time:  27,   256 facts and    4345 exclusive pairs
             706 ops   and  132626 exclusive pairs
time:  28,   256 facts and    3825 exclusive pairs
graph has leveled off at time step 29


             706 ops   and  131430 exclusive pairs
time:  29,   256 facts and    3825 exclusive pairs
             706 ops   and  131430 exclusive pairs
time:  30,   256 facts and    3825 exclusive pairs
             706 ops   and  131430 exclusive pairs
time:  31,   256 facts and    3825 exclusive pairs
             706 ops   and  131430 exclusive pairs
time:  32,   256 facts and    3825 exclusive pairs
             706 ops   and  131430 exclusive pairs
time:  33,   256 facts and    3825 exclusive pairs
             706 ops   and  131430 exclusive pairs
time:  34,   256 facts and    3825 exclusive pairs
             706 ops   and  131430 exclusive pairs
time:  35,   256 facts and    3825 exclusive pairs
             706 ops   and  131430 exclusive pairs
time:  36,   256 facts and    3825 exclusive pairs
             706 ops   and  131430 exclusive pairs
time:  37,   256 facts and    3825 exclusive pairs
             706 ops   and  131430 exclusive pairs
time:  38,   256 facts and    3825 exclusive pairs
             706 ops   and  131430 exclusive pairs
time:  39,   256 facts and    3825 exclusive pairs
             706 ops   and  131430 exclusive pairs
time:  40,   256 facts and    3825 exclusive pairs
             706 ops   and  131430 exclusive pairs
time:  41,   256 facts and    3825 exclusive pairs
             706 ops   and  131430 exclusive pairs
time:  42,   256 facts and    3825 exclusive pairs
             706 ops   and  131430 exclusive pairs
time:  43,   256 facts and    3825 exclusive pairs
             706 ops   and  131430 exclusive pairs
time:  44,   256 facts and    3825 exclusive pairs
             706 ops   and  131430 exclusive pairs
time:  45,   256 facts and    3825 exclusive pairs
             706 ops   and  131430 exclusive pairs
time:  46,   256 facts and    3825 exclusive pairs

creating thin gp-based encoding...
plan graph layer 0...
plan graph layer 1...
plan graph layer 2...
plan graph layer 3...
plan graph layer 4...
plan graph layer 5...
plan graph layer 6...
plan graph layer 7...
plan graph layer 8...
plan graph layer 9...
plan graph layer 10...
plan graph layer 11...
plan graph layer 12...
plan graph layer 13...
plan graph layer 14...
plan graph layer 15...
plan graph layer 16...
plan graph layer 17...
plan graph layer 18...
plan graph layer 19...
plan graph layer 20...
plan graph layer 21...
plan graph layer 22...
plan graph layer 23...
plan graph layer 24...
plan graph layer 25...
plan graph layer 26...
plan graph layer 27...
plan graph layer 28...
plan graph layer 29...
plan graph layer 30...
plan graph layer 31...
plan graph layer 32...
plan graph layer 33...
plan graph layer 34...
plan graph layer 35...
plan graph layer 36...
plan graph layer 37...
plan graph layer 38...
plan graph layer 39...
plan graph layer 40...
plan graph layer 41...
plan graph layer 42...
plan graph layer 43...
plan graph layer 44...
plan graph layer 45...
plan graph layer 46...
goal constraints...
exclusion constraints layer 0...
exclusion constraints layer 1...
exclusion constraints layer 2...
exclusion constraints layer 3...
exclusion constraints layer 4...
exclusion constraints layer 5...
exclusion constraints layer 6...
exclusion constraints layer 7...
exclusion constraints layer 8...
exclusion constraints layer 9...
exclusion constraints layer 10...
exclusion constraints layer 11...
exclusion constraints layer 12...
exclusion constraints layer 13...
exclusion constraints layer 14...
exclusion constraints layer 15...
exclusion constraints layer 16...
exclusion constraints layer 17...
exclusion constraints layer 18...
exclusion constraints layer 19...
exclusion constraints layer 20...
exclusion constraints layer 21...
exclusion constraints layer 22...
exclusion constraints layer 23...
exclusion constraints layer 24...
exclusion constraints layer 25...
exclusion constraints layer 26...
exclusion constraints layer 27...
exclusion constraints layer 28...
exclusion constraints layer 29...
exclusion constraints layer 30...
exclusion constraints layer 31...
exclusion constraints layer 32...
exclusion constraints layer 33...
exclusion constraints layer 34...
exclusion constraints layer 35...
exclusion constraints layer 36...
exclusion constraints layer 37...
exclusion constraints layer 38...
exclusion constraints layer 39...
exclusion constraints layer 40...
exclusion constraints layer 41...
exclusion constraints layer 42...
exclusion constraints layer 43...
exclusion constraints layer 44...
exclusion constraints layer 45...
exclusion constraints layer 46...

DECISION LAYER 46, WRITING THIN GP-BASED ENCODING WITH 29239 VARS, 2292813 CLAUSES.

time spent:    0.00 seconds instantiating 480 action templates
               0.00 seconds reachability analysis, yielding 271 facts and 480 actions
               0.00 seconds collecting 271 relevant facts
               0.00 seconds building connectivity graph
               0.00 seconds building (std) graph
               0.50 seconds CNF output time
               0.50 seconds total planner time (solving not included)


***Solving***


[ filemap ]
[ extract ]

variables : 29239
pure lits : 260

1-clauses : 14
2-clauses : 2285145
3-clauses : 6590
n-clauses : 1064
discarded : 0

[ solve ]


unsatisfiable                             

[ stats ]

decisions : 25108
conflicts : 717
time : ~0.038

***UNSAT***


bb: parsing domain file
domain 'BLOCKS' defined
 ... done.
bb: parsing problem file
problem 'BLOCKS-15-1' defined
 ... done.


time:   0,    18 facts and       0 exclusive pairs
              20 ops   and       7 exclusive pairs
time:   1,    22 facts and      16 exclusive pairs
              30 ops   and      98 exclusive pairs
time:   2,    26 facts and      36 exclusive pairs
              40 ops   and     269 exclusive pairs
time:   3,    29 facts and      58 exclusive pairs
              52 ops   and     590 exclusive pairs
time:   4,    36 facts and     141 exclusive pairs
              69 ops   and    1260 exclusive pairs
time:   5,    40 facts and     180 exclusive pairs
              84 ops   and    1988 exclusive pairs
time:   6,    48 facts and     308 exclusive pairs
             101 ops   and    2992 exclusive pairs
time:   7,    50 facts and     268 exclusive pairs
             114 ops   and    3719 exclusive pairs
time:   8,    60 facts and     454 exclusive pairs
             135 ops   and    5390 exclusive pairs
time:   9,    62 facts and     400 exclusive pairs
             150 ops   and    6520 exclusive pairs
time:  10,    74 facts and     668 exclusive pairs
             175 ops   and    9122 exclusive pairs
time:  11,    76 facts and     591 exclusive pairs
             192 ops   and   10756 exclusive pairs
time:  12,    90 facts and     953 exclusive pairs
             221 ops   and   14554 exclusive pairs
time:  13,    92 facts and     834 exclusive pairs
             240 ops   and   16774 exclusive pairs
time:  14,   108 facts and    1304 exclusive pairs
             273 ops   and   22082 exclusive pairs
time:  15,   110 facts and    1135 exclusive pairs
             294 ops   and   25012 exclusive pairs
time:  16,   128 facts and    1727 exclusive pairs
             331 ops   and   32180 exclusive pairs
time:  17,   130 facts and    1500 exclusive pairs
             354 ops   and   35956 exclusive pairs
time:  18,   150 facts and    2228 exclusive pairs
             395 ops   and   45370 exclusive pairs
time:  19,   152 facts and    1935 exclusive pairs
             420 ops   and   50140 exclusive pairs
time:  20,   174 facts and    2813 exclusive pairs
             465 ops   and   62222 exclusive pairs
time:  21,   176 facts and    2446 exclusive pairs
             492 ops   and   68146 exclusive pairs
time:  22,   200 facts and    3488 exclusive pairs
             541 ops   and   83354 exclusive pairs
time:  23,   202 facts and    3039 exclusive pairs
             570 ops   and   90604 exclusive pairs
time:  24,   228 facts and    4259 exclusive pairs
             623 ops   and  109432 exclusive pairs
time:  25,   229 facts and    3677 exclusive pairs
             652 ops   and  117273 exclusive pairs
time:  26,   256 facts and    5021 exclusive pairs
             706 ops   and  139010 exclusive pairs
time:  27,   256 facts and    4345 exclusive pairs
             706 ops   and  132626 exclusive pairs
time:  28,   256 facts and    3825 exclusive pairs
graph has leveled off at time step 29


             706 ops   and  131430 exclusive pairs
time:  29,   256 facts and    3825 exclusive pairs
             706 ops   and  131430 exclusive pairs
time:  30,   256 facts and    3825 exclusive pairs
             706 ops   and  131430 exclusive pairs
time:  31,   256 facts and    3825 exclusive pairs
             706 ops   and  131430 exclusive pairs
time:  32,   256 facts and    3825 exclusive pairs
             706 ops   and  131430 exclusive pairs
time:  33,   256 facts and    3825 exclusive pairs
             706 ops   and  131430 exclusive pairs
time:  34,   256 facts and    3825 exclusive pairs
             706 ops   and  131430 exclusive pairs
time:  35,   256 facts and    3825 exclusive pairs
             706 ops   and  131430 exclusive pairs
time:  36,   256 facts and    3825 exclusive pairs
             706 ops   and  131430 exclusive pairs
time:  37,   256 facts and    3825 exclusive pairs
             706 ops   and  131430 exclusive pairs
time:  38,   256 facts and    3825 exclusive pairs
             706 ops   and  131430 exclusive pairs
time:  39,   256 facts and    3825 exclusive pairs
             706 ops   and  131430 exclusive pairs
time:  40,   256 facts and    3825 exclusive pairs
             706 ops   and  131430 exclusive pairs
time:  41,   256 facts and    3825 exclusive pairs
             706 ops   and  131430 exclusive pairs
time:  42,   256 facts and    3825 exclusive pairs
             706 ops   and  131430 exclusive pairs
time:  43,   256 facts and    3825 exclusive pairs
             706 ops   and  131430 exclusive pairs
time:  44,   256 facts and    3825 exclusive pairs
             706 ops   and  131430 exclusive pairs
time:  45,   256 facts and    3825 exclusive pairs
             706 ops   and  131430 exclusive pairs
time:  46,   256 facts and    3825 exclusive pairs
             706 ops   and  131430 exclusive pairs
time:  47,   256 facts and    3825 exclusive pairs

creating thin gp-based encoding...
plan graph layer 0...
plan graph layer 1...
plan graph layer 2...
plan graph layer 3...
plan graph layer 4...
plan graph layer 5...
plan graph layer 6...
plan graph layer 7...
plan graph layer 8...
plan graph layer 9...
plan graph layer 10...
plan graph layer 11...
plan graph layer 12...
plan graph layer 13...
plan graph layer 14...
plan graph layer 15...
plan graph layer 16...
plan graph layer 17...
plan graph layer 18...
plan graph layer 19...
plan graph layer 20...
plan graph layer 21...
plan graph layer 22...
plan graph layer 23...
plan graph layer 24...
plan graph layer 25...
plan graph layer 26...
plan graph layer 27...
plan graph layer 28...
plan graph layer 29...
plan graph layer 30...
plan graph layer 31...
plan graph layer 32...
plan graph layer 33...
plan graph layer 34...
plan graph layer 35...
plan graph layer 36...
plan graph layer 37...
plan graph layer 38...
plan graph layer 39...
plan graph layer 40...
plan graph layer 41...
plan graph layer 42...
plan graph layer 43...
plan graph layer 44...
plan graph layer 45...
plan graph layer 46...
plan graph layer 47...
goal constraints...
exclusion constraints layer 0...
exclusion constraints layer 1...
exclusion constraints layer 2...
exclusion constraints layer 3...
exclusion constraints layer 4...
exclusion constraints layer 5...
exclusion constraints layer 6...
exclusion constraints layer 7...
exclusion constraints layer 8...
exclusion constraints layer 9...
exclusion constraints layer 10...
exclusion constraints layer 11...
exclusion constraints layer 12...
exclusion constraints layer 13...
exclusion constraints layer 14...
exclusion constraints layer 15...
exclusion constraints layer 16...
exclusion constraints layer 17...
exclusion constraints layer 18...
exclusion constraints layer 19...
exclusion constraints layer 20...
exclusion constraints layer 21...
exclusion constraints layer 22...
exclusion constraints layer 23...
exclusion constraints layer 24...
exclusion constraints layer 25...
exclusion constraints layer 26...
exclusion constraints layer 27...
exclusion constraints layer 28...
exclusion constraints layer 29...
exclusion constraints layer 30...
exclusion constraints layer 31...
exclusion constraints layer 32...
exclusion constraints layer 33...
exclusion constraints layer 34...
exclusion constraints layer 35...
exclusion constraints layer 36...
exclusion constraints layer 37...
exclusion constraints layer 38...
exclusion constraints layer 39...
exclusion constraints layer 40...
exclusion constraints layer 41...
exclusion constraints layer 42...
exclusion constraints layer 43...
exclusion constraints layer 44...
exclusion constraints layer 45...
exclusion constraints layer 46...
exclusion constraints layer 47...

DECISION LAYER 47, WRITING THIN GP-BASED ENCODING WITH 30201 VARS, 2381180 CLAUSES.

time spent:    0.00 seconds instantiating 480 action templates
               0.00 seconds reachability analysis, yielding 271 facts and 480 actions
               0.00 seconds collecting 271 relevant facts
               0.00 seconds building connectivity graph
               0.00 seconds building (std) graph
               0.52 seconds CNF output time
               0.52 seconds total planner time (solving not included)


***Solving***


[ filemap ]
[ extract ]

variables : 30201
pure lits : 260

1-clauses : 14
2-clauses : 2373256
3-clauses : 6815
n-clauses : 1095
discarded : 0

[ solve ]


unsatisfiable                             

[ stats ]

decisions : 27427
conflicts : 696
time : ~0.041

***UNSAT***


bb: parsing domain file
domain 'BLOCKS' defined
 ... done.
bb: parsing problem file
problem 'BLOCKS-15-1' defined
 ... done.


time:   0,    18 facts and       0 exclusive pairs
              20 ops   and       7 exclusive pairs
time:   1,    22 facts and      16 exclusive pairs
              30 ops   and      98 exclusive pairs
time:   2,    26 facts and      36 exclusive pairs
              40 ops   and     269 exclusive pairs
time:   3,    29 facts and      58 exclusive pairs
              52 ops   and     590 exclusive pairs
time:   4,    36 facts and     141 exclusive pairs
              69 ops   and    1260 exclusive pairs
time:   5,    40 facts and     180 exclusive pairs
              84 ops   and    1988 exclusive pairs
time:   6,    48 facts and     308 exclusive pairs
             101 ops   and    2992 exclusive pairs
time:   7,    50 facts and     268 exclusive pairs
             114 ops   and    3719 exclusive pairs
time:   8,    60 facts and     454 exclusive pairs
             135 ops   and    5390 exclusive pairs
time:   9,    62 facts and     400 exclusive pairs
             150 ops   and    6520 exclusive pairs
time:  10,    74 facts and     668 exclusive pairs
             175 ops   and    9122 exclusive pairs
time:  11,    76 facts and     591 exclusive pairs
             192 ops   and   10756 exclusive pairs
time:  12,    90 facts and     953 exclusive pairs
             221 ops   and   14554 exclusive pairs
time:  13,    92 facts and     834 exclusive pairs
             240 ops   and   16774 exclusive pairs
time:  14,   108 facts and    1304 exclusive pairs
             273 ops   and   22082 exclusive pairs
time:  15,   110 facts and    1135 exclusive pairs
             294 ops   and   25012 exclusive pairs
time:  16,   128 facts and    1727 exclusive pairs
             331 ops   and   32180 exclusive pairs
time:  17,   130 facts and    1500 exclusive pairs
             354 ops   and   35956 exclusive pairs
time:  18,   150 facts and    2228 exclusive pairs
             395 ops   and   45370 exclusive pairs
time:  19,   152 facts and    1935 exclusive pairs
             420 ops   and   50140 exclusive pairs
time:  20,   174 facts and    2813 exclusive pairs
             465 ops   and   62222 exclusive pairs
time:  21,   176 facts and    2446 exclusive pairs
             492 ops   and   68146 exclusive pairs
time:  22,   200 facts and    3488 exclusive pairs
             541 ops   and   83354 exclusive pairs
time:  23,   202 facts and    3039 exclusive pairs
             570 ops   and   90604 exclusive pairs
time:  24,   228 facts and    4259 exclusive pairs
             623 ops   and  109432 exclusive pairs
time:  25,   229 facts and    3677 exclusive pairs
             652 ops   and  117273 exclusive pairs
time:  26,   256 facts and    5021 exclusive pairs
             706 ops   and  139010 exclusive pairs
time:  27,   256 facts and    4345 exclusive pairs
             706 ops   and  132626 exclusive pairs
time:  28,   256 facts and    3825 exclusive pairs
graph has leveled off at time step 29


             706 ops   and  131430 exclusive pairs
time:  29,   256 facts and    3825 exclusive pairs
             706 ops   and  131430 exclusive pairs
time:  30,   256 facts and    3825 exclusive pairs
             706 ops   and  131430 exclusive pairs
time:  31,   256 facts and    3825 exclusive pairs
             706 ops   and  131430 exclusive pairs
time:  32,   256 facts and    3825 exclusive pairs
             706 ops   and  131430 exclusive pairs
time:  33,   256 facts and    3825 exclusive pairs
             706 ops   and  131430 exclusive pairs
time:  34,   256 facts and    3825 exclusive pairs
             706 ops   and  131430 exclusive pairs
time:  35,   256 facts and    3825 exclusive pairs
             706 ops   and  131430 exclusive pairs
time:  36,   256 facts and    3825 exclusive pairs
             706 ops   and  131430 exclusive pairs
time:  37,   256 facts and    3825 exclusive pairs
             706 ops   and  131430 exclusive pairs
time:  38,   256 facts and    3825 exclusive pairs
             706 ops   and  131430 exclusive pairs
time:  39,   256 facts and    3825 exclusive pairs
             706 ops   and  131430 exclusive pairs
time:  40,   256 facts and    3825 exclusive pairs
             706 ops   and  131430 exclusive pairs
time:  41,   256 facts and    3825 exclusive pairs
             706 ops   and  131430 exclusive pairs
time:  42,   256 facts and    3825 exclusive pairs
             706 ops   and  131430 exclusive pairs
time:  43,   256 facts and    3825 exclusive pairs
             706 ops   and  131430 exclusive pairs
time:  44,   256 facts and    3825 exclusive pairs
             706 ops   and  131430 exclusive pairs
time:  45,   256 facts and    3825 exclusive pairs
             706 ops   and  131430 exclusive pairs
time:  46,   256 facts and    3825 exclusive pairs
             706 ops   and  131430 exclusive pairs
time:  47,   256 facts and    3825 exclusive pairs
             706 ops   and  131430 exclusive pairs
time:  48,   256 facts and    3825 exclusive pairs

creating thin gp-based encoding...
plan graph layer 0...
plan graph layer 1...
plan graph layer 2...
plan graph layer 3...
plan graph layer 4...
plan graph layer 5...
plan graph layer 6...
plan graph layer 7...
plan graph layer 8...
plan graph layer 9...
plan graph layer 10...
plan graph layer 11...
plan graph layer 12...
plan graph layer 13...
plan graph layer 14...
plan graph layer 15...
plan graph layer 16...
plan graph layer 17...
plan graph layer 18...
plan graph layer 19...
plan graph layer 20...
plan graph layer 21...
plan graph layer 22...
plan graph layer 23...
plan graph layer 24...
plan graph layer 25...
plan graph layer 26...
plan graph layer 27...
plan graph layer 28...
plan graph layer 29...
plan graph layer 30...
plan graph layer 31...
plan graph layer 32...
plan graph layer 33...
plan graph layer 34...
plan graph layer 35...
plan graph layer 36...
plan graph layer 37...
plan graph layer 38...
plan graph layer 39...
plan graph layer 40...
plan graph layer 41...
plan graph layer 42...
plan graph layer 43...
plan graph layer 44...
plan graph layer 45...
plan graph layer 46...
plan graph layer 47...
plan graph layer 48...
goal constraints...
exclusion constraints layer 0...
exclusion constraints layer 1...
exclusion constraints layer 2...
exclusion constraints layer 3...
exclusion constraints layer 4...
exclusion constraints layer 5...
exclusion constraints layer 6...
exclusion constraints layer 7...
exclusion constraints layer 8...
exclusion constraints layer 9...
exclusion constraints layer 10...
exclusion constraints layer 11...
exclusion constraints layer 12...
exclusion constraints layer 13...
exclusion constraints layer 14...
exclusion constraints layer 15...
exclusion constraints layer 16...
exclusion constraints layer 17...
exclusion constraints layer 18...
exclusion constraints layer 19...
exclusion constraints layer 20...
exclusion constraints layer 21...
exclusion constraints layer 22...
exclusion constraints layer 23...
exclusion constraints layer 24...
exclusion constraints layer 25...
exclusion constraints layer 26...
exclusion constraints layer 27...
exclusion constraints layer 28...
exclusion constraints layer 29...
exclusion constraints layer 30...
exclusion constraints layer 31...
exclusion constraints layer 32...
exclusion constraints layer 33...
exclusion constraints layer 34...
exclusion constraints layer 35...
exclusion constraints layer 36...
exclusion constraints layer 37...
exclusion constraints layer 38...
exclusion constraints layer 39...
exclusion constraints layer 40...
exclusion constraints layer 41...
exclusion constraints layer 42...
exclusion constraints layer 43...
exclusion constraints layer 44...
exclusion constraints layer 45...
exclusion constraints layer 46...
exclusion constraints layer 47...
exclusion constraints layer 48...

DECISION LAYER 48, WRITING THIN GP-BASED ENCODING WITH 31163 VARS, 2469547 CLAUSES.

time spent:    0.00 seconds instantiating 480 action templates
               0.00 seconds reachability analysis, yielding 271 facts and 480 actions
               0.00 seconds collecting 271 relevant facts
               0.00 seconds building connectivity graph
               0.00 seconds building (std) graph
               0.53 seconds CNF output time
               0.53 seconds total planner time (solving not included)


***Solving***


[ filemap ]
[ extract ]

variables : 31163
pure lits : 260

1-clauses : 14
2-clauses : 2461367
3-clauses : 7040
n-clauses : 1126
discarded : 0

[ solve ]


unsatisfiable                             

[ stats ]

decisions : 21806
conflicts : 439
time : ~0.025

***UNSAT***


bb: parsing domain file
domain 'BLOCKS' defined
 ... done.
bb: parsing problem file
problem 'BLOCKS-15-1' defined
 ... done.


time:   0,    18 facts and       0 exclusive pairs
              20 ops   and       7 exclusive pairs
time:   1,    22 facts and      16 exclusive pairs
              30 ops   and      98 exclusive pairs
time:   2,    26 facts and      36 exclusive pairs
              40 ops   and     269 exclusive pairs
time:   3,    29 facts and      58 exclusive pairs
              52 ops   and     590 exclusive pairs
time:   4,    36 facts and     141 exclusive pairs
              69 ops   and    1260 exclusive pairs
time:   5,    40 facts and     180 exclusive pairs
              84 ops   and    1988 exclusive pairs
time:   6,    48 facts and     308 exclusive pairs
             101 ops   and    2992 exclusive pairs
time:   7,    50 facts and     268 exclusive pairs
             114 ops   and    3719 exclusive pairs
time:   8,    60 facts and     454 exclusive pairs
             135 ops   and    5390 exclusive pairs
time:   9,    62 facts and     400 exclusive pairs
             150 ops   and    6520 exclusive pairs
time:  10,    74 facts and     668 exclusive pairs
             175 ops   and    9122 exclusive pairs
time:  11,    76 facts and     591 exclusive pairs
             192 ops   and   10756 exclusive pairs
time:  12,    90 facts and     953 exclusive pairs
             221 ops   and   14554 exclusive pairs
time:  13,    92 facts and     834 exclusive pairs
             240 ops   and   16774 exclusive pairs
time:  14,   108 facts and    1304 exclusive pairs
             273 ops   and   22082 exclusive pairs
time:  15,   110 facts and    1135 exclusive pairs
             294 ops   and   25012 exclusive pairs
time:  16,   128 facts and    1727 exclusive pairs
             331 ops   and   32180 exclusive pairs
time:  17,   130 facts and    1500 exclusive pairs
             354 ops   and   35956 exclusive pairs
time:  18,   150 facts and    2228 exclusive pairs
             395 ops   and   45370 exclusive pairs
time:  19,   152 facts and    1935 exclusive pairs
             420 ops   and   50140 exclusive pairs
time:  20,   174 facts and    2813 exclusive pairs
             465 ops   and   62222 exclusive pairs
time:  21,   176 facts and    2446 exclusive pairs
             492 ops   and   68146 exclusive pairs
time:  22,   200 facts and    3488 exclusive pairs
             541 ops   and   83354 exclusive pairs
time:  23,   202 facts and    3039 exclusive pairs
             570 ops   and   90604 exclusive pairs
time:  24,   228 facts and    4259 exclusive pairs
             623 ops   and  109432 exclusive pairs
time:  25,   229 facts and    3677 exclusive pairs
             652 ops   and  117273 exclusive pairs
time:  26,   256 facts and    5021 exclusive pairs
             706 ops   and  139010 exclusive pairs
time:  27,   256 facts and    4345 exclusive pairs
             706 ops   and  132626 exclusive pairs
time:  28,   256 facts and    3825 exclusive pairs
graph has leveled off at time step 29


             706 ops   and  131430 exclusive pairs
time:  29,   256 facts and    3825 exclusive pairs
             706 ops   and  131430 exclusive pairs
time:  30,   256 facts and    3825 exclusive pairs
             706 ops   and  131430 exclusive pairs
time:  31,   256 facts and    3825 exclusive pairs
             706 ops   and  131430 exclusive pairs
time:  32,   256 facts and    3825 exclusive pairs
             706 ops   and  131430 exclusive pairs
time:  33,   256 facts and    3825 exclusive pairs
             706 ops   and  131430 exclusive pairs
time:  34,   256 facts and    3825 exclusive pairs
             706 ops   and  131430 exclusive pairs
time:  35,   256 facts and    3825 exclusive pairs
             706 ops   and  131430 exclusive pairs
time:  36,   256 facts and    3825 exclusive pairs
             706 ops   and  131430 exclusive pairs
time:  37,   256 facts and    3825 exclusive pairs
             706 ops   and  131430 exclusive pairs
time:  38,   256 facts and    3825 exclusive pairs
             706 ops   and  131430 exclusive pairs
time:  39,   256 facts and    3825 exclusive pairs
             706 ops   and  131430 exclusive pairs
time:  40,   256 facts and    3825 exclusive pairs
             706 ops   and  131430 exclusive pairs
time:  41,   256 facts and    3825 exclusive pairs
             706 ops   and  131430 exclusive pairs
time:  42,   256 facts and    3825 exclusive pairs
             706 ops   and  131430 exclusive pairs
time:  43,   256 facts and    3825 exclusive pairs
             706 ops   and  131430 exclusive pairs
time:  44,   256 facts and    3825 exclusive pairs
             706 ops   and  131430 exclusive pairs
time:  45,   256 facts and    3825 exclusive pairs
             706 ops   and  131430 exclusive pairs
time:  46,   256 facts and    3825 exclusive pairs
             706 ops   and  131430 exclusive pairs
time:  47,   256 facts and    3825 exclusive pairs
             706 ops   and  131430 exclusive pairs
time:  48,   256 facts and    3825 exclusive pairs
             706 ops   and  131430 exclusive pairs
time:  49,   256 facts and    3825 exclusive pairs

creating thin gp-based encoding...
plan graph layer 0...
plan graph layer 1...
plan graph layer 2...
plan graph layer 3...
plan graph layer 4...
plan graph layer 5...
plan graph layer 6...
plan graph layer 7...
plan graph layer 8...
plan graph layer 9...
plan graph layer 10...
plan graph layer 11...
plan graph layer 12...
plan graph layer 13...
plan graph layer 14...
plan graph layer 15...
plan graph layer 16...
plan graph layer 17...
plan graph layer 18...
plan graph layer 19...
plan graph layer 20...
plan graph layer 21...
plan graph layer 22...
plan graph layer 23...
plan graph layer 24...
plan graph layer 25...
plan graph layer 26...
plan graph layer 27...
plan graph layer 28...
plan graph layer 29...
plan graph layer 30...
plan graph layer 31...
plan graph layer 32...
plan graph layer 33...
plan graph layer 34...
plan graph layer 35...
plan graph layer 36...
plan graph layer 37...
plan graph layer 38...
plan graph layer 39...
plan graph layer 40...
plan graph layer 41...
plan graph layer 42...
plan graph layer 43...
plan graph layer 44...
plan graph layer 45...
plan graph layer 46...
plan graph layer 47...
plan graph layer 48...
plan graph layer 49...
goal constraints...
exclusion constraints layer 0...
exclusion constraints layer 1...
exclusion constraints layer 2...
exclusion constraints layer 3...
exclusion constraints layer 4...
exclusion constraints layer 5...
exclusion constraints layer 6...
exclusion constraints layer 7...
exclusion constraints layer 8...
exclusion constraints layer 9...
exclusion constraints layer 10...
exclusion constraints layer 11...
exclusion constraints layer 12...
exclusion constraints layer 13...
exclusion constraints layer 14...
exclusion constraints layer 15...
exclusion constraints layer 16...
exclusion constraints layer 17...
exclusion constraints layer 18...
exclusion constraints layer 19...
exclusion constraints layer 20...
exclusion constraints layer 21...
exclusion constraints layer 22...
exclusion constraints layer 23...
exclusion constraints layer 24...
exclusion constraints layer 25...
exclusion constraints layer 26...
exclusion constraints layer 27...
exclusion constraints layer 28...
exclusion constraints layer 29...
exclusion constraints layer 30...
exclusion constraints layer 31...
exclusion constraints layer 32...
exclusion constraints layer 33...
exclusion constraints layer 34...
exclusion constraints layer 35...
exclusion constraints layer 36...
exclusion constraints layer 37...
exclusion constraints layer 38...
exclusion constraints layer 39...
exclusion constraints layer 40...
exclusion constraints layer 41...
exclusion constraints layer 42...
exclusion constraints layer 43...
exclusion constraints layer 44...
exclusion constraints layer 45...
exclusion constraints layer 46...
exclusion constraints layer 47...
exclusion constraints layer 48...
exclusion constraints layer 49...

DECISION LAYER 49, WRITING THIN GP-BASED ENCODING WITH 32125 VARS, 2557914 CLAUSES.

time spent:    0.00 seconds instantiating 480 action templates
               0.00 seconds reachability analysis, yielding 271 facts and 480 actions
               0.00 seconds collecting 271 relevant facts
               0.00 seconds building connectivity graph
               0.00 seconds building (std) graph
               0.55 seconds CNF output time
               0.55 seconds total planner time (solving not included)


***Solving***


[ filemap ]
[ extract ]

variables : 32125
pure lits : 260

1-clauses : 14
2-clauses : 2549478
3-clauses : 7265
n-clauses : 1157
discarded : 0

[ solve ]


unsatisfiable                             

[ stats ]

decisions : 33048
conflicts : 583
time : ~0.032

***UNSAT***


bb: parsing domain file
domain 'BLOCKS' defined
 ... done.
bb: parsing problem file
problem 'BLOCKS-15-1' defined
 ... done.


time:   0,    18 facts and       0 exclusive pairs
              20 ops   and       7 exclusive pairs
time:   1,    22 facts and      16 exclusive pairs
              30 ops   and      98 exclusive pairs
time:   2,    26 facts and      36 exclusive pairs
              40 ops   and     269 exclusive pairs
time:   3,    29 facts and      58 exclusive pairs
              52 ops   and     590 exclusive pairs
time:   4,    36 facts and     141 exclusive pairs
              69 ops   and    1260 exclusive pairs
time:   5,    40 facts and     180 exclusive pairs
              84 ops   and    1988 exclusive pairs
time:   6,    48 facts and     308 exclusive pairs
             101 ops   and    2992 exclusive pairs
time:   7,    50 facts and     268 exclusive pairs
             114 ops   and    3719 exclusive pairs
time:   8,    60 facts and     454 exclusive pairs
             135 ops   and    5390 exclusive pairs
time:   9,    62 facts and     400 exclusive pairs
             150 ops   and    6520 exclusive pairs
time:  10,    74 facts and     668 exclusive pairs
             175 ops   and    9122 exclusive pairs
time:  11,    76 facts and     591 exclusive pairs
             192 ops   and   10756 exclusive pairs
time:  12,    90 facts and     953 exclusive pairs
             221 ops   and   14554 exclusive pairs
time:  13,    92 facts and     834 exclusive pairs
             240 ops   and   16774 exclusive pairs
time:  14,   108 facts and    1304 exclusive pairs
             273 ops   and   22082 exclusive pairs
time:  15,   110 facts and    1135 exclusive pairs
             294 ops   and   25012 exclusive pairs
time:  16,   128 facts and    1727 exclusive pairs
             331 ops   and   32180 exclusive pairs
time:  17,   130 facts and    1500 exclusive pairs
             354 ops   and   35956 exclusive pairs
time:  18,   150 facts and    2228 exclusive pairs
             395 ops   and   45370 exclusive pairs
time:  19,   152 facts and    1935 exclusive pairs
             420 ops   and   50140 exclusive pairs
time:  20,   174 facts and    2813 exclusive pairs
             465 ops   and   62222 exclusive pairs
time:  21,   176 facts and    2446 exclusive pairs
             492 ops   and   68146 exclusive pairs
time:  22,   200 facts and    3488 exclusive pairs
             541 ops   and   83354 exclusive pairs
time:  23,   202 facts and    3039 exclusive pairs
             570 ops   and   90604 exclusive pairs
time:  24,   228 facts and    4259 exclusive pairs
             623 ops   and  109432 exclusive pairs
time:  25,   229 facts and    3677 exclusive pairs
             652 ops   and  117273 exclusive pairs
time:  26,   256 facts and    5021 exclusive pairs
             706 ops   and  139010 exclusive pairs
time:  27,   256 facts and    4345 exclusive pairs
             706 ops   and  132626 exclusive pairs
time:  28,   256 facts and    3825 exclusive pairs
graph has leveled off at time step 29


             706 ops   and  131430 exclusive pairs
time:  29,   256 facts and    3825 exclusive pairs
             706 ops   and  131430 exclusive pairs
time:  30,   256 facts and    3825 exclusive pairs
             706 ops   and  131430 exclusive pairs
time:  31,   256 facts and    3825 exclusive pairs
             706 ops   and  131430 exclusive pairs
time:  32,   256 facts and    3825 exclusive pairs
             706 ops   and  131430 exclusive pairs
time:  33,   256 facts and    3825 exclusive pairs
             706 ops   and  131430 exclusive pairs
time:  34,   256 facts and    3825 exclusive pairs
             706 ops   and  131430 exclusive pairs
time:  35,   256 facts and    3825 exclusive pairs
             706 ops   and  131430 exclusive pairs
time:  36,   256 facts and    3825 exclusive pairs
             706 ops   and  131430 exclusive pairs
time:  37,   256 facts and    3825 exclusive pairs
             706 ops   and  131430 exclusive pairs
time:  38,   256 facts and    3825 exclusive pairs
             706 ops   and  131430 exclusive pairs
time:  39,   256 facts and    3825 exclusive pairs
             706 ops   and  131430 exclusive pairs
time:  40,   256 facts and    3825 exclusive pairs
             706 ops   and  131430 exclusive pairs
time:  41,   256 facts and    3825 exclusive pairs
             706 ops   and  131430 exclusive pairs
time:  42,   256 facts and    3825 exclusive pairs
             706 ops   and  131430 exclusive pairs
time:  43,   256 facts and    3825 exclusive pairs
             706 ops   and  131430 exclusive pairs
time:  44,   256 facts and    3825 exclusive pairs
             706 ops   and  131430 exclusive pairs
time:  45,   256 facts and    3825 exclusive pairs
             706 ops   and  131430 exclusive pairs
time:  46,   256 facts and    3825 exclusive pairs
             706 ops   and  131430 exclusive pairs
time:  47,   256 facts and    3825 exclusive pairs
             706 ops   and  131430 exclusive pairs
time:  48,   256 facts and    3825 exclusive pairs
             706 ops   and  131430 exclusive pairs
time:  49,   256 facts and    3825 exclusive pairs
             706 ops   and  131430 exclusive pairs
time:  50,   256 facts and    3825 exclusive pairs

creating thin gp-based encoding...
plan graph layer 0...
plan graph layer 1...
plan graph layer 2...
plan graph layer 3...
plan graph layer 4...
plan graph layer 5...
plan graph layer 6...
plan graph layer 7...
plan graph layer 8...
plan graph layer 9...
plan graph layer 10...
plan graph layer 11...
plan graph layer 12...
plan graph layer 13...
plan graph layer 14...
plan graph layer 15...
plan graph layer 16...
plan graph layer 17...
plan graph layer 18...
plan graph layer 19...
plan graph layer 20...
plan graph layer 21...
plan graph layer 22...
plan graph layer 23...
plan graph layer 24...
plan graph layer 25...
plan graph layer 26...
plan graph layer 27...
plan graph layer 28...
plan graph layer 29...
plan graph layer 30...
plan graph layer 31...
plan graph layer 32...
plan graph layer 33...
plan graph layer 34...
plan graph layer 35...
plan graph layer 36...
plan graph layer 37...
plan graph layer 38...
plan graph layer 39...
plan graph layer 40...
plan graph layer 41...
plan graph layer 42...
plan graph layer 43...
plan graph layer 44...
plan graph layer 45...
plan graph layer 46...
plan graph layer 47...
plan graph layer 48...
plan graph layer 49...
plan graph layer 50...
goal constraints...
exclusion constraints layer 0...
exclusion constraints layer 1...
exclusion constraints layer 2...
exclusion constraints layer 3...
exclusion constraints layer 4...
exclusion constraints layer 5...
exclusion constraints layer 6...
exclusion constraints layer 7...
exclusion constraints layer 8...
exclusion constraints layer 9...
exclusion constraints layer 10...
exclusion constraints layer 11...
exclusion constraints layer 12...
exclusion constraints layer 13...
exclusion constraints layer 14...
exclusion constraints layer 15...
exclusion constraints layer 16...
exclusion constraints layer 17...
exclusion constraints layer 18...
exclusion constraints layer 19...
exclusion constraints layer 20...
exclusion constraints layer 21...
exclusion constraints layer 22...
exclusion constraints layer 23...
exclusion constraints layer 24...
exclusion constraints layer 25...
exclusion constraints layer 26...
exclusion constraints layer 27...
exclusion constraints layer 28...
exclusion constraints layer 29...
exclusion constraints layer 30...
exclusion constraints layer 31...
exclusion constraints layer 32...
exclusion constraints layer 33...
exclusion constraints layer 34...
exclusion constraints layer 35...
exclusion constraints layer 36...
exclusion constraints layer 37...
exclusion constraints layer 38...
exclusion constraints layer 39...
exclusion constraints layer 40...
exclusion constraints layer 41...
exclusion constraints layer 42...
exclusion constraints layer 43...
exclusion constraints layer 44...
exclusion constraints layer 45...
exclusion constraints layer 46...
exclusion constraints layer 47...
exclusion constraints layer 48...
exclusion constraints layer 49...
exclusion constraints layer 50...

DECISION LAYER 50, WRITING THIN GP-BASED ENCODING WITH 33087 VARS, 2646281 CLAUSES.

time spent:    0.00 seconds instantiating 480 action templates
               0.00 seconds reachability analysis, yielding 271 facts and 480 actions
               0.00 seconds collecting 271 relevant facts
               0.00 seconds building connectivity graph
               0.00 seconds building (std) graph
               0.57 seconds CNF output time
               0.57 seconds total planner time (solving not included)


***Solving***


[ filemap ]
[ extract ]

variables : 33087
pure lits : 260

1-clauses : 14
2-clauses : 2637589
3-clauses : 7490
n-clauses : 1188
discarded : 0

[ solve ]


unsatisfiable                             

[ stats ]

decisions : 20035
conflicts : 522
time : ~0.041

***UNSAT***


bb: parsing domain file
domain 'BLOCKS' defined
 ... done.
bb: parsing problem file
problem 'BLOCKS-15-1' defined
 ... done.


time:   0,    18 facts and       0 exclusive pairs
              20 ops   and       7 exclusive pairs
time:   1,    22 facts and      16 exclusive pairs
              30 ops   and      98 exclusive pairs
time:   2,    26 facts and      36 exclusive pairs
              40 ops   and     269 exclusive pairs
time:   3,    29 facts and      58 exclusive pairs
              52 ops   and     590 exclusive pairs
time:   4,    36 facts and     141 exclusive pairs
              69 ops   and    1260 exclusive pairs
time:   5,    40 facts and     180 exclusive pairs
              84 ops   and    1988 exclusive pairs
time:   6,    48 facts and     308 exclusive pairs
             101 ops   and    2992 exclusive pairs
time:   7,    50 facts and     268 exclusive pairs
             114 ops   and    3719 exclusive pairs
time:   8,    60 facts and     454 exclusive pairs
             135 ops   and    5390 exclusive pairs
time:   9,    62 facts and     400 exclusive pairs
             150 ops   and    6520 exclusive pairs
time:  10,    74 facts and     668 exclusive pairs
             175 ops   and    9122 exclusive pairs
time:  11,    76 facts and     591 exclusive pairs
             192 ops   and   10756 exclusive pairs
time:  12,    90 facts and     953 exclusive pairs
             221 ops   and   14554 exclusive pairs
time:  13,    92 facts and     834 exclusive pairs
             240 ops   and   16774 exclusive pairs
time:  14,   108 facts and    1304 exclusive pairs
             273 ops   and   22082 exclusive pairs
time:  15,   110 facts and    1135 exclusive pairs
             294 ops   and   25012 exclusive pairs
time:  16,   128 facts and    1727 exclusive pairs
             331 ops   and   32180 exclusive pairs
time:  17,   130 facts and    1500 exclusive pairs
             354 ops   and   35956 exclusive pairs
time:  18,   150 facts and    2228 exclusive pairs
             395 ops   and   45370 exclusive pairs
time:  19,   152 facts and    1935 exclusive pairs
             420 ops   and   50140 exclusive pairs
time:  20,   174 facts and    2813 exclusive pairs
             465 ops   and   62222 exclusive pairs
time:  21,   176 facts and    2446 exclusive pairs
             492 ops   and   68146 exclusive pairs
time:  22,   200 facts and    3488 exclusive pairs
             541 ops   and   83354 exclusive pairs
time:  23,   202 facts and    3039 exclusive pairs
             570 ops   and   90604 exclusive pairs
time:  24,   228 facts and    4259 exclusive pairs
             623 ops   and  109432 exclusive pairs
time:  25,   229 facts and    3677 exclusive pairs
             652 ops   and  117273 exclusive pairs
time:  26,   256 facts and    5021 exclusive pairs
             706 ops   and  139010 exclusive pairs
time:  27,   256 facts and    4345 exclusive pairs
             706 ops   and  132626 exclusive pairs
time:  28,   256 facts and    3825 exclusive pairs
graph has leveled off at time step 29


             706 ops   and  131430 exclusive pairs
time:  29,   256 facts and    3825 exclusive pairs
             706 ops   and  131430 exclusive pairs
time:  30,   256 facts and    3825 exclusive pairs
             706 ops   and  131430 exclusive pairs
time:  31,   256 facts and    3825 exclusive pairs
             706 ops   and  131430 exclusive pairs
time:  32,   256 facts and    3825 exclusive pairs
             706 ops   and  131430 exclusive pairs
time:  33,   256 facts and    3825 exclusive pairs
             706 ops   and  131430 exclusive pairs
time:  34,   256 facts and    3825 exclusive pairs
             706 ops   and  131430 exclusive pairs
time:  35,   256 facts and    3825 exclusive pairs
             706 ops   and  131430 exclusive pairs
time:  36,   256 facts and    3825 exclusive pairs
             706 ops   and  131430 exclusive pairs
time:  37,   256 facts and    3825 exclusive pairs
             706 ops   and  131430 exclusive pairs
time:  38,   256 facts and    3825 exclusive pairs
             706 ops   and  131430 exclusive pairs
time:  39,   256 facts and    3825 exclusive pairs
             706 ops   and  131430 exclusive pairs
time:  40,   256 facts and    3825 exclusive pairs
             706 ops   and  131430 exclusive pairs
time:  41,   256 facts and    3825 exclusive pairs
             706 ops   and  131430 exclusive pairs
time:  42,   256 facts and    3825 exclusive pairs
             706 ops   and  131430 exclusive pairs
time:  43,   256 facts and    3825 exclusive pairs
             706 ops   and  131430 exclusive pairs
time:  44,   256 facts and    3825 exclusive pairs
             706 ops   and  131430 exclusive pairs
time:  45,   256 facts and    3825 exclusive pairs
             706 ops   and  131430 exclusive pairs
time:  46,   256 facts and    3825 exclusive pairs
             706 ops   and  131430 exclusive pairs
time:  47,   256 facts and    3825 exclusive pairs
             706 ops   and  131430 exclusive pairs
time:  48,   256 facts and    3825 exclusive pairs
             706 ops   and  131430 exclusive pairs
time:  49,   256 facts and    3825 exclusive pairs
             706 ops   and  131430 exclusive pairs
time:  50,   256 facts and    3825 exclusive pairs
             706 ops   and  131430 exclusive pairs
time:  51,   256 facts and    3825 exclusive pairs

creating thin gp-based encoding...
plan graph layer 0...
plan graph layer 1...
plan graph layer 2...
plan graph layer 3...
plan graph layer 4...
plan graph layer 5...
plan graph layer 6...
plan graph layer 7...
plan graph layer 8...
plan graph layer 9...
plan graph layer 10...
plan graph layer 11...
plan graph layer 12...
plan graph layer 13...
plan graph layer 14...
plan graph layer 15...
plan graph layer 16...
plan graph layer 17...
plan graph layer 18...
plan graph layer 19...
plan graph layer 20...
plan graph layer 21...
plan graph layer 22...
plan graph layer 23...
plan graph layer 24...
plan graph layer 25...
plan graph layer 26...
plan graph layer 27...
plan graph layer 28...
plan graph layer 29...
plan graph layer 30...
plan graph layer 31...
plan graph layer 32...
plan graph layer 33...
plan graph layer 34...
plan graph layer 35...
plan graph layer 36...
plan graph layer 37...
plan graph layer 38...
plan graph layer 39...
plan graph layer 40...
plan graph layer 41...
plan graph layer 42...
plan graph layer 43...
plan graph layer 44...
plan graph layer 45...
plan graph layer 46...
plan graph layer 47...
plan graph layer 48...
plan graph layer 49...
plan graph layer 50...
plan graph layer 51...
goal constraints...
exclusion constraints layer 0...
exclusion constraints layer 1...
exclusion constraints layer 2...
exclusion constraints layer 3...
exclusion constraints layer 4...
exclusion constraints layer 5...
exclusion constraints layer 6...
exclusion constraints layer 7...
exclusion constraints layer 8...
exclusion constraints layer 9...
exclusion constraints layer 10...
exclusion constraints layer 11...
exclusion constraints layer 12...
exclusion constraints layer 13...
exclusion constraints layer 14...
exclusion constraints layer 15...
exclusion constraints layer 16...
exclusion constraints layer 17...
exclusion constraints layer 18...
exclusion constraints layer 19...
exclusion constraints layer 20...
exclusion constraints layer 21...
exclusion constraints layer 22...
exclusion constraints layer 23...
exclusion constraints layer 24...
exclusion constraints layer 25...
exclusion constraints layer 26...
exclusion constraints layer 27...
exclusion constraints layer 28...
exclusion constraints layer 29...
exclusion constraints layer 30...
exclusion constraints layer 31...
exclusion constraints layer 32...
exclusion constraints layer 33...
exclusion constraints layer 34...
exclusion constraints layer 35...
exclusion constraints layer 36...
exclusion constraints layer 37...
exclusion constraints layer 38...
exclusion constraints layer 39...
exclusion constraints layer 40...
exclusion constraints layer 41...
exclusion constraints layer 42...
exclusion constraints layer 43...
exclusion constraints layer 44...
exclusion constraints layer 45...
exclusion constraints layer 46...
exclusion constraints layer 47...
exclusion constraints layer 48...
exclusion constraints layer 49...
exclusion constraints layer 50...
exclusion constraints layer 51...

DECISION LAYER 51, WRITING THIN GP-BASED ENCODING WITH 34049 VARS, 2734648 CLAUSES.

time spent:    0.00 seconds instantiating 480 action templates
               0.00 seconds reachability analysis, yielding 271 facts and 480 actions
               0.00 seconds collecting 271 relevant facts
               0.00 seconds building connectivity graph
               0.00 seconds building (std) graph
               0.59 seconds CNF output time
               0.59 seconds total planner time (solving not included)


***Solving***


[ filemap ]
[ extract ]

variables : 34049
pure lits : 260

1-clauses : 14
2-clauses : 2725700
3-clauses : 7715
n-clauses : 1219
discarded : 0

[ solve ]


unsatisfiable                             

[ stats ]

decisions : 114902
conflicts : 7905
time : ~0.466

***UNSAT***


bb: parsing domain file
domain 'BLOCKS' defined
 ... done.
bb: parsing problem file
problem 'BLOCKS-15-1' defined
 ... done.


time:   0,    18 facts and       0 exclusive pairs
              20 ops   and       7 exclusive pairs
time:   1,    22 facts and      16 exclusive pairs
              30 ops   and      98 exclusive pairs
time:   2,    26 facts and      36 exclusive pairs
              40 ops   and     269 exclusive pairs
time:   3,    29 facts and      58 exclusive pairs
              52 ops   and     590 exclusive pairs
time:   4,    36 facts and     141 exclusive pairs
              69 ops   and    1260 exclusive pairs
time:   5,    40 facts and     180 exclusive pairs
              84 ops   and    1988 exclusive pairs
time:   6,    48 facts and     308 exclusive pairs
             101 ops   and    2992 exclusive pairs
time:   7,    50 facts and     268 exclusive pairs
             114 ops   and    3719 exclusive pairs
time:   8,    60 facts and     454 exclusive pairs
             135 ops   and    5390 exclusive pairs
time:   9,    62 facts and     400 exclusive pairs
             150 ops   and    6520 exclusive pairs
time:  10,    74 facts and     668 exclusive pairs
             175 ops   and    9122 exclusive pairs
time:  11,    76 facts and     591 exclusive pairs
             192 ops   and   10756 exclusive pairs
time:  12,    90 facts and     953 exclusive pairs
             221 ops   and   14554 exclusive pairs
time:  13,    92 facts and     834 exclusive pairs
             240 ops   and   16774 exclusive pairs
time:  14,   108 facts and    1304 exclusive pairs
             273 ops   and   22082 exclusive pairs
time:  15,   110 facts and    1135 exclusive pairs
             294 ops   and   25012 exclusive pairs
time:  16,   128 facts and    1727 exclusive pairs
             331 ops   and   32180 exclusive pairs
time:  17,   130 facts and    1500 exclusive pairs
             354 ops   and   35956 exclusive pairs
time:  18,   150 facts and    2228 exclusive pairs
             395 ops   and   45370 exclusive pairs
time:  19,   152 facts and    1935 exclusive pairs
             420 ops   and   50140 exclusive pairs
time:  20,   174 facts and    2813 exclusive pairs
             465 ops   and   62222 exclusive pairs
time:  21,   176 facts and    2446 exclusive pairs
             492 ops   and   68146 exclusive pairs
time:  22,   200 facts and    3488 exclusive pairs
             541 ops   and   83354 exclusive pairs
time:  23,   202 facts and    3039 exclusive pairs
             570 ops   and   90604 exclusive pairs
time:  24,   228 facts and    4259 exclusive pairs
             623 ops   and  109432 exclusive pairs
time:  25,   229 facts and    3677 exclusive pairs
             652 ops   and  117273 exclusive pairs
time:  26,   256 facts and    5021 exclusive pairs
             706 ops   and  139010 exclusive pairs
time:  27,   256 facts and    4345 exclusive pairs
             706 ops   and  132626 exclusive pairs
time:  28,   256 facts and    3825 exclusive pairs
graph has leveled off at time step 29


             706 ops   and  131430 exclusive pairs
time:  29,   256 facts and    3825 exclusive pairs
             706 ops   and  131430 exclusive pairs
time:  30,   256 facts and    3825 exclusive pairs
             706 ops   and  131430 exclusive pairs
time:  31,   256 facts and    3825 exclusive pairs
             706 ops   and  131430 exclusive pairs
time:  32,   256 facts and    3825 exclusive pairs
             706 ops   and  131430 exclusive pairs
time:  33,   256 facts and    3825 exclusive pairs
             706 ops   and  131430 exclusive pairs
time:  34,   256 facts and    3825 exclusive pairs
             706 ops   and  131430 exclusive pairs
time:  35,   256 facts and    3825 exclusive pairs
             706 ops   and  131430 exclusive pairs
time:  36,   256 facts and    3825 exclusive pairs
             706 ops   and  131430 exclusive pairs
time:  37,   256 facts and    3825 exclusive pairs
             706 ops   and  131430 exclusive pairs
time:  38,   256 facts and    3825 exclusive pairs
             706 ops   and  131430 exclusive pairs
time:  39,   256 facts and    3825 exclusive pairs
             706 ops   and  131430 exclusive pairs
time:  40,   256 facts and    3825 exclusive pairs
             706 ops   and  131430 exclusive pairs
time:  41,   256 facts and    3825 exclusive pairs
             706 ops   and  131430 exclusive pairs
time:  42,   256 facts and    3825 exclusive pairs
             706 ops   and  131430 exclusive pairs
time:  43,   256 facts and    3825 exclusive pairs
             706 ops   and  131430 exclusive pairs
time:  44,   256 facts and    3825 exclusive pairs
             706 ops   and  131430 exclusive pairs
time:  45,   256 facts and    3825 exclusive pairs
             706 ops   and  131430 exclusive pairs
time:  46,   256 facts and    3825 exclusive pairs
             706 ops   and  131430 exclusive pairs
time:  47,   256 facts and    3825 exclusive pairs
             706 ops   and  131430 exclusive pairs
time:  48,   256 facts and    3825 exclusive pairs
             706 ops   and  131430 exclusive pairs
time:  49,   256 facts and    3825 exclusive pairs
             706 ops   and  131430 exclusive pairs
time:  50,   256 facts and    3825 exclusive pairs
             706 ops   and  131430 exclusive pairs
time:  51,   256 facts and    3825 exclusive pairs
             706 ops   and  131430 exclusive pairs
time:  52,   256 facts and    3825 exclusive pairs

creating thin gp-based encoding...
plan graph layer 0...
plan graph layer 1...
plan graph layer 2...
plan graph layer 3...
plan graph layer 4...
plan graph layer 5...
plan graph layer 6...
plan graph layer 7...
plan graph layer 8...
plan graph layer 9...
plan graph layer 10...
plan graph layer 11...
plan graph layer 12...
plan graph layer 13...
plan graph layer 14...
plan graph layer 15...
plan graph layer 16...
plan graph layer 17...
plan graph layer 18...
plan graph layer 19...
plan graph layer 20...
plan graph layer 21...
plan graph layer 22...
plan graph layer 23...
plan graph layer 24...
plan graph layer 25...
plan graph layer 26...
plan graph layer 27...
plan graph layer 28...
plan graph layer 29...
plan graph layer 30...
plan graph layer 31...
plan graph layer 32...
plan graph layer 33...
plan graph layer 34...
plan graph layer 35...
plan graph layer 36...
plan graph layer 37...
plan graph layer 38...
plan graph layer 39...
plan graph layer 40...
plan graph layer 41...
plan graph layer 42...
plan graph layer 43...
plan graph layer 44...
plan graph layer 45...
plan graph layer 46...
plan graph layer 47...
plan graph layer 48...
plan graph layer 49...
plan graph layer 50...
plan graph layer 51...
plan graph layer 52...
goal constraints...
exclusion constraints layer 0...
exclusion constraints layer 1...
exclusion constraints layer 2...
exclusion constraints layer 3...
exclusion constraints layer 4...
exclusion constraints layer 5...
exclusion constraints layer 6...
exclusion constraints layer 7...
exclusion constraints layer 8...
exclusion constraints layer 9...
exclusion constraints layer 10...
exclusion constraints layer 11...
exclusion constraints layer 12...
exclusion constraints layer 13...
exclusion constraints layer 14...
exclusion constraints layer 15...
exclusion constraints layer 16...
exclusion constraints layer 17...
exclusion constraints layer 18...
exclusion constraints layer 19...
exclusion constraints layer 20...
exclusion constraints layer 21...
exclusion constraints layer 22...
exclusion constraints layer 23...
exclusion constraints layer 24...
exclusion constraints layer 25...
exclusion constraints layer 26...
exclusion constraints layer 27...
exclusion constraints layer 28...
exclusion constraints layer 29...
exclusion constraints layer 30...
exclusion constraints layer 31...
exclusion constraints layer 32...
exclusion constraints layer 33...
exclusion constraints layer 34...
exclusion constraints layer 35...
exclusion constraints layer 36...
exclusion constraints layer 37...
exclusion constraints layer 38...
exclusion constraints layer 39...
exclusion constraints layer 40...
exclusion constraints layer 41...
exclusion constraints layer 42...
exclusion constraints layer 43...
exclusion constraints layer 44...
exclusion constraints layer 45...
exclusion constraints layer 46...
exclusion constraints layer 47...
exclusion constraints layer 48...
exclusion constraints layer 49...
exclusion constraints layer 50...
exclusion constraints layer 51...
exclusion constraints layer 52...

DECISION LAYER 52, WRITING THIN GP-BASED ENCODING WITH 35011 VARS, 2823015 CLAUSES.

time spent:    0.00 seconds instantiating 480 action templates
               0.00 seconds reachability analysis, yielding 271 facts and 480 actions
               0.00 seconds collecting 271 relevant facts
               0.00 seconds building connectivity graph
               0.00 seconds building (std) graph
               0.61 seconds CNF output time
               0.61 seconds total planner time (solving not included)


***Solving***


[ filemap ]
[ extract ]

variables : 35011
pure lits : 260

1-clauses : 14
2-clauses : 2813811
3-clauses : 7940
n-clauses : 1250
discarded : 0

[ solve ]


satisfiable                             

[ stats ]

decisions : 74838
conflicts : 1666
time : ~0.096


bb: parsing domain file
domain 'BLOCKS' defined
 ... done.
bb: parsing problem file
problem 'BLOCKS-15-1' defined
 ... done.


time:   0,    18 facts and       0 exclusive pairs
              20 ops   and       7 exclusive pairs
time:   1,    22 facts and      16 exclusive pairs
              30 ops   and      98 exclusive pairs
time:   2,    26 facts and      36 exclusive pairs
              40 ops   and     269 exclusive pairs
time:   3,    29 facts and      58 exclusive pairs
              52 ops   and     590 exclusive pairs
time:   4,    36 facts and     141 exclusive pairs
              69 ops   and    1260 exclusive pairs
time:   5,    40 facts and     180 exclusive pairs
              84 ops   and    1988 exclusive pairs
time:   6,    48 facts and     308 exclusive pairs
             101 ops   and    2992 exclusive pairs
time:   7,    50 facts and     268 exclusive pairs
             114 ops   and    3719 exclusive pairs
time:   8,    60 facts and     454 exclusive pairs
             135 ops   and    5390 exclusive pairs
time:   9,    62 facts and     400 exclusive pairs
             150 ops   and    6520 exclusive pairs
time:  10,    74 facts and     668 exclusive pairs
             175 ops   and    9122 exclusive pairs
time:  11,    76 facts and     591 exclusive pairs
             192 ops   and   10756 exclusive pairs
time:  12,    90 facts and     953 exclusive pairs
             221 ops   and   14554 exclusive pairs
time:  13,    92 facts and     834 exclusive pairs
             240 ops   and   16774 exclusive pairs
time:  14,   108 facts and    1304 exclusive pairs
             273 ops   and   22082 exclusive pairs
time:  15,   110 facts and    1135 exclusive pairs
             294 ops   and   25012 exclusive pairs
time:  16,   128 facts and    1727 exclusive pairs
             331 ops   and   32180 exclusive pairs
time:  17,   130 facts and    1500 exclusive pairs
             354 ops   and   35956 exclusive pairs
time:  18,   150 facts and    2228 exclusive pairs
             395 ops   and   45370 exclusive pairs
time:  19,   152 facts and    1935 exclusive pairs
             420 ops   and   50140 exclusive pairs
time:  20,   174 facts and    2813 exclusive pairs
             465 ops   and   62222 exclusive pairs
time:  21,   176 facts and    2446 exclusive pairs
             492 ops   and   68146 exclusive pairs
time:  22,   200 facts and    3488 exclusive pairs
             541 ops   and   83354 exclusive pairs
time:  23,   202 facts and    3039 exclusive pairs
             570 ops   and   90604 exclusive pairs
time:  24,   228 facts and    4259 exclusive pairs
             623 ops   and  109432 exclusive pairs
time:  25,   229 facts and    3677 exclusive pairs
             652 ops   and  117273 exclusive pairs
time:  26,   256 facts and    5021 exclusive pairs
             706 ops   and  139010 exclusive pairs
time:  27,   256 facts and    4345 exclusive pairs
             706 ops   and  132626 exclusive pairs
time:  28,   256 facts and    3825 exclusive pairs
graph has leveled off at time step 29


             706 ops   and  131430 exclusive pairs
time:  29,   256 facts and    3825 exclusive pairs
             706 ops   and  131430 exclusive pairs
time:  30,   256 facts and    3825 exclusive pairs
             706 ops   and  131430 exclusive pairs
time:  31,   256 facts and    3825 exclusive pairs
             706 ops   and  131430 exclusive pairs
time:  32,   256 facts and    3825 exclusive pairs
             706 ops   and  131430 exclusive pairs
time:  33,   256 facts and    3825 exclusive pairs
             706 ops   and  131430 exclusive pairs
time:  34,   256 facts and    3825 exclusive pairs
             706 ops   and  131430 exclusive pairs
time:  35,   256 facts and    3825 exclusive pairs
             706 ops   and  131430 exclusive pairs
time:  36,   256 facts and    3825 exclusive pairs
             706 ops   and  131430 exclusive pairs
time:  37,   256 facts and    3825 exclusive pairs
             706 ops   and  131430 exclusive pairs
time:  38,   256 facts and    3825 exclusive pairs
             706 ops   and  131430 exclusive pairs
time:  39,   256 facts and    3825 exclusive pairs
             706 ops   and  131430 exclusive pairs
time:  40,   256 facts and    3825 exclusive pairs
             706 ops   and  131430 exclusive pairs
time:  41,   256 facts and    3825 exclusive pairs
             706 ops   and  131430 exclusive pairs
time:  42,   256 facts and    3825 exclusive pairs
             706 ops   and  131430 exclusive pairs
time:  43,   256 facts and    3825 exclusive pairs
             706 ops   and  131430 exclusive pairs
time:  44,   256 facts and    3825 exclusive pairs
             706 ops   and  131430 exclusive pairs
time:  45,   256 facts and    3825 exclusive pairs
             706 ops   and  131430 exclusive pairs
time:  46,   256 facts and    3825 exclusive pairs
             706 ops   and  131430 exclusive pairs
time:  47,   256 facts and    3825 exclusive pairs
             706 ops   and  131430 exclusive pairs
time:  48,   256 facts and    3825 exclusive pairs
             706 ops   and  131430 exclusive pairs
time:  49,   256 facts and    3825 exclusive pairs
             706 ops   and  131430 exclusive pairs
time:  50,   256 facts and    3825 exclusive pairs
             706 ops   and  131430 exclusive pairs
time:  51,   256 facts and    3825 exclusive pairs
             706 ops   and  131430 exclusive pairs
time:  52,   256 facts and    3825 exclusive pairs

creating thin gp-based encoding...
plan graph layer 0...
plan graph layer 1...
plan graph layer 2...
plan graph layer 3...
plan graph layer 4...
plan graph layer 5...
plan graph layer 6...
plan graph layer 7...
plan graph layer 8...
plan graph layer 9...
plan graph layer 10...
plan graph layer 11...
plan graph layer 12...
plan graph layer 13...
plan graph layer 14...
plan graph layer 15...
plan graph layer 16...
plan graph layer 17...
plan graph layer 18...
plan graph layer 19...
plan graph layer 20...
plan graph layer 21...
plan graph layer 22...
plan graph layer 23...
plan graph layer 24...
plan graph layer 25...
plan graph layer 26...
plan graph layer 27...
plan graph layer 28...
plan graph layer 29...
plan graph layer 30...
plan graph layer 31...
plan graph layer 32...
plan graph layer 33...
plan graph layer 34...
plan graph layer 35...
plan graph layer 36...
plan graph layer 37...
plan graph layer 38...
plan graph layer 39...
plan graph layer 40...
plan graph layer 41...
plan graph layer 42...
plan graph layer 43...
plan graph layer 44...
plan graph layer 45...
plan graph layer 46...
plan graph layer 47...
plan graph layer 48...
plan graph layer 49...
plan graph layer 50...
plan graph layer 51...
plan graph layer 52...
goal constraints...
exclusion constraints layer 0...
exclusion constraints layer 1...
exclusion constraints layer 2...
exclusion constraints layer 3...
exclusion constraints layer 4...
exclusion constraints layer 5...
exclusion constraints layer 6...
exclusion constraints layer 7...
exclusion constraints layer 8...
exclusion constraints layer 9...
exclusion constraints layer 10...
exclusion constraints layer 11...
exclusion constraints layer 12...
exclusion constraints layer 13...
exclusion constraints layer 14...
exclusion constraints layer 15...
exclusion constraints layer 16...
exclusion constraints layer 17...
exclusion constraints layer 18...
exclusion constraints layer 19...
exclusion constraints layer 20...
exclusion constraints layer 21...
exclusion constraints layer 22...
exclusion constraints layer 23...
exclusion constraints layer 24...
exclusion constraints layer 25...
exclusion constraints layer 26...
exclusion constraints layer 27...
exclusion constraints layer 28...
exclusion constraints layer 29...
exclusion constraints layer 30...
exclusion constraints layer 31...
exclusion constraints layer 32...
exclusion constraints layer 33...
exclusion constraints layer 34...
exclusion constraints layer 35...
exclusion constraints layer 36...
exclusion constraints layer 37...
exclusion constraints layer 38...
exclusion constraints layer 39...
exclusion constraints layer 40...
exclusion constraints layer 41...
exclusion constraints layer 42...
exclusion constraints layer 43...
exclusion constraints layer 44...
exclusion constraints layer 45...
exclusion constraints layer 46...
exclusion constraints layer 47...
exclusion constraints layer 48...
exclusion constraints layer 49...
exclusion constraints layer 50...
exclusion constraints layer 51...
exclusion constraints layer 52...

DECISION LAYER 52, WRITING THIN GP-BASED ENCODING WITH 35011 VARS, 2823015 CLAUSES.

time spent:    0.00 seconds instantiating 480 action templates
               0.00 seconds reachability analysis, yielding 271 facts and 480 actions
               0.00 seconds collecting 271 relevant facts
               0.00 seconds building connectivity graph
               0.00 seconds building (std) graph
               0.25 seconds CNF output time
               0.25 seconds total planner time (solving not included)

Pruned:  0: (PICK-UP J) [1]
Pruned:  0: (PICK-UP J) [1]
Pruned:  0: (PICK-UP J) [1]
Pruned:  0: (PICK-UP J) [1]
Pruned:  0: (PICK-UP J) [1]
Pruned:  0: (PICK-UP J) [1]
Pruned:  0: (PICK-UP J) [1]
Pruned:  0: (PICK-UP J) [1]
Pruned:  0: (PICK-UP J) [1]
Pruned:  0: (PICK-UP J) [1]
Pruned:  0: (PICK-UP J) [1]
Pruned:  0: (PICK-UP J) [1]
Pruned:  0: (PICK-UP J) [1]
Pruned:  0: (PICK-UP J) [1]
Pruned:  0: (PICK-UP J) [1]
Pruned:  0: (PICK-UP J) [1]
Pruned:  0: (PICK-UP J) [1]
Pruned:  0: (PICK-UP J) [1]
Pruned:  0: (PICK-UP J) [1]
Pruned:  0: (PICK-UP J) [1]
Pruned:  0: (PICK-UP J) [1]
Pruned:  0: (PICK-UP J) [1]
Pruned:  0: (PICK-UP J) [1]
Pruned:  0: (PICK-UP J) [1]
Pruned:  0: (PICK-UP J) [1]
Pruned:  0: (PICK-UP J) [1]
Pruned:  0: (PICK-UP J) [1]
Pruned:  0: (PICK-UP J) [1]
Pruned:  0: (PICK-UP J) [1]
Pruned:  0: (PICK-UP J) [1]
Pruned:  0: (PICK-UP J) [1]
Pruned:  0: (PICK-UP J) [1]
Pruned:  0: (PICK-UP J) [1]
Pruned:  0: (PICK-UP J) [1]
Pruned:  0: (PICK-UP J) [1]
Pruned:  0: (PICK-UP J) [1]
Pruned:  0: (PICK-UP J) [1]
Pruned:  0: (PICK-UP J) [1]
Pruned:  0: (PICK-UP J) [1]
Pruned:  0: (PICK-UP J) [1]
Pruned:  0: (PICK-UP J) [1]
Pruned:  0: (PICK-UP J) [1]
Pruned:  0: (PICK-UP J) [1]
Pruned:  0: (PICK-UP J) [1]
Pruned:  0: (PICK-UP J) [1]
Pruned:  0: (PICK-UP J) [1]
Pruned:  0: (PICK-UP J) [1]
Pruned:  0: (PICK-UP J) [1]
Pruned:  0: (PICK-UP J) [1]
Pruned:  0: (PICK-UP J) [1]
Pruned:  0: (PICK-UP J) [1]
Pruned:  0: (PICK-UP J) [1]
Pruned:  0: (PICK-UP J) [1]
Pruned:  0: (PICK-UP J) [1]
Pruned:  0: (PICK-UP J) [1]
Pruned:  0: (PICK-UP J) [1]
Pruned:  0: (PICK-UP J) [1]
Pruned:  0: (PICK-UP J) [1]
Pruned:  0: (PICK-UP J) [1]
Pruned:  0: (PICK-UP J) [1]
Pruned:  0: (PICK-UP J) [1]
Pruned:  0: (PICK-UP J) [1]
Pruned:  0: (PICK-UP J) [1]
Pruned:  0: (PICK-UP J) [1]
Pruned:  0: (PICK-UP J) [1]
Pruned:  0: (PICK-UP J) [1]
Pruned:  0: (PICK-UP J) [1]
Pruned:  0: (PICK-UP J) [1]
Pruned:  0: (PICK-UP J) [1]
Pruned:  0: (PICK-UP J) [1]
Pruned:  0: (PICK-UP J) [1]
Pruned:  0: (PICK-UP J) [1]
Pruned:  0: (PICK-UP J) [1]
Pruned:  0: (PICK-UP J) [1]
Pruned:  0: (PICK-UP J) [1]
Pruned:  0: (PICK-UP J) [1]
Pruned:  0: (PICK-UP J) [1]
Pruned:  0: (PICK-UP J) [1]
Pruned:  0: (PICK-UP J) [1]
Pruned:  0: (PICK-UP J) [1]
Pruned:  0: (PICK-UP J) [1]
Pruned:  0: (PICK-UP J) [1]
Pruned:  0: (PICK-UP J) [1]
Pruned:  0: (PICK-UP J) [1]
Pruned:  0: (PICK-UP J) [1]
Pruned:  0: (PICK-UP J) [1]
Pruned:  0: (PICK-UP J) [1]
Pruned:  0: (PICK-UP J) [1]
Pruned:  0: (PICK-UP J) [1]
Pruned:  0: (PICK-UP J) [1]
Pruned:  0: (PICK-UP J) [1]
Pruned:  0: (PICK-UP J) [1]
Pruned:  0: (PICK-UP J) [1]
Pruned:  0: (PICK-UP J) [1]
Pruned:  0: (PICK-UP J) [1]
Pruned:  0: (PICK-UP J) [1]
Pruned:  0: (PICK-UP J) [1]
Pruned:  0: (PICK-UP J) [1]
Pruned:  0: (PICK-UP J) [1]
Pruned:  0: (PICK-UP J) [1]
Pruned:  0: (PICK-UP J) [1]
Pruned:  0: (PICK-UP J) [1]
Pruned:  0: (PICK-UP J) [1]
Pruned:  0: (PICK-UP J) [1]
Pruned:  0: (PICK-UP J) [1]
Pruned:  0: (PICK-UP J) [1]
Pruned:  0: (PICK-UP J) [1]
Pruned:  0: (PICK-UP J) [1]
Pruned:  0: (PICK-UP J) [1]
Pruned:  0: (PICK-UP J) [1]
Pruned:  0: (PICK-UP J) [1]
Pruned:  0: (PICK-UP J) [1]
Pruned:  0: (PICK-UP J) [1]
Pruned:  0: (PICK-UP J) [1]
Pruned:  0: (PICK-UP J) [1]
Pruned:  0: (PICK-UP J) [1]
Pruned:  0: (PICK-UP J) [1]
Pruned:  0: (PICK-UP J) [1]
Pruned:  0: (PICK-UP J) [1]
Pruned:  0: (PICK-UP J) [1]
Pruned:  0: (PICK-UP J) [1]
Pruned:  0: (PICK-UP J) [1]
Pruned:  0: (PICK-UP J) [1]
Pruned:  0: (PICK-UP J) [1]
Pruned:  0: (PICK-UP J) [1]
Pruned:  0: (PICK-UP J) [1]
Pruned:  0: (PICK-UP J) [1]
Pruned:  0: (PICK-UP J) [1]
Pruned:  0: (PICK-UP J) [1]
Pruned:  0: (PICK-UP J) [1]
Pruned:  0: (PICK-UP J) [1]
Pruned:  0: (PICK-UP J) [1]
Pruned:  0: (PICK-UP J) [1]
Pruned:  0: (PICK-UP J) [1]
Pruned:  0: (PICK-UP J) [1]
Pruned:  0: (PICK-UP J) [1]
Pruned:  0: (PICK-UP J) [1]
Pruned:  0: (PICK-UP J) [1]
Pruned:  0: (PICK-UP J) [1]
Pruned:  0: (PICK-UP J) [1]
Pruned:  0: (PICK-UP J) [1]
Pruned:  0: (PICK-UP J) [1]
Pruned:  0: (PICK-UP J) [1]
Pruned:  0: (PICK-UP J) [1]
Pruned:  0: (PICK-UP J) [1]
Pruned:  0: (PICK-UP J) [1]
Pruned:  0: (PICK-UP J) [1]
Pruned:  0: (PICK-UP J) [1]
Pruned:  0: (PICK-UP J) [1]
Pruned:  0: (PICK-UP J) [1]
Pruned:  0: (PICK-UP J) [1]
Pruned:  0: (PICK-UP J) [1]
Pruned:  0: (PICK-UP J) [1]
Pruned:  0: (PICK-UP J) [1]
Pruned:  0: (PICK-UP J) [1]
Pruned:  0: (PICK-UP J) [1]
Pruned:  0: (PICK-UP J) [1]
Pruned:  0: (PICK-UP J) [1]
Pruned:  0: (PICK-UP J) [1]
Pruned:  0: (PICK-UP J) [1]
Pruned:  0: (PICK-UP J) [1]
Pruned:  0: (PICK-UP J) [1]
Pruned:  0: (PICK-UP J) [1]
Pruned:  0: (PICK-UP J) [1]
Pruned:  0: (PICK-UP J) [1]
Pruned:  0: (PICK-UP J) [1]
Pruned:  0: (PICK-UP J) [1]
Pruned:  0: (PICK-UP J) [1]
Pruned:  0: (PICK-UP J) [1]
Pruned:  0: (PICK-UP J) [1]
Pruned:  0: (PICK-UP J) [1]
Pruned:  0: (PICK-UP J) [1]
Pruned:  0: (PICK-UP J) [1]
Pruned:  0: (PICK-UP J) [1]
Pruned:  0: (PICK-UP J) [1]
Pruned:  0: (PICK-UP J) [1]
Pruned:  0: (PICK-UP J) [1]
Pruned:  0: (PICK-UP J) [1]
Pruned:  0: (PICK-UP J) [1]
Pruned:  0: (PICK-UP J) [1]
Pruned:  0: (PICK-UP J) [1]
Pruned:  0: (PICK-UP J) [1]
Pruned:  0: (PICK-UP J) [1]
Pruned:  0: (PICK-UP J) [1]
Pruned:  0: (PICK-UP J) [1]
Pruned:  0: (PICK-UP J) [1]
Pruned:  0: (PICK-UP J) [1]
Pruned:  0: (PICK-UP J) [1]
Pruned:  0: (PICK-UP J) [1]
Pruned:  0: (PICK-UP J) [1]
Pruned:  0: (PICK-UP J) [1]
Pruned:  0: (PICK-UP J) [1]
Pruned:  0: (PICK-UP J) [1]
Pruned:  0: (PICK-UP J) [1]
Pruned:  0: (PICK-UP J) [1]
Pruned:  0: (PICK-UP J) [1]
Pruned:  0: (PICK-UP J) [1]
Pruned:  0: (PICK-UP J) [1]
Pruned:  0: (PICK-UP J) [1]
Pruned:  0: (PICK-UP J) [1]
Pruned:  0: (PICK-UP J) [1]
Pruned:  0: (PICK-UP J) [1]
Pruned:  0: (PICK-UP J) [1]
Pruned:  0: (PICK-UP J) [1]
Pruned:  0: (PICK-UP J) [1]
Pruned:  0: (PICK-UP J) [1]
Pruned:  0: (PICK-UP J) [1]
Pruned:  0: (PICK-UP J) [1]
Pruned:  0: (PICK-UP J) [1]
Pruned:  0: (PICK-UP J) [1]
Pruned:  0: (PICK-UP J) [1]
Pruned:  0: (PICK-UP J) [1]
Pruned:  0: (PICK-UP J) [1]
Pruned:  0: (PICK-UP J) [1]
Pruned:  0: (PICK-UP J) [1]
Pruned:  0: (PICK-UP J) [1]
Pruned:  0: (PICK-UP J) [1]
Pruned:  0: (PICK-UP J) [1]
Pruned:  0: (PICK-UP J) [1]
Pruned:  0: (PICK-UP J) [1]
Pruned:  0: (PICK-UP J) [1]
Pruned:  0: (PICK-UP J) [1]
Pruned:  0: (PICK-UP J) [1]
Pruned:  0: (PICK-UP J) [1]
Pruned:  0: (PICK-UP J) [1]
Pruned:  0: (PICK-UP J) [1]
Pruned:  0: (PICK-UP J) [1]
Pruned:  0: (PICK-UP J) [1]
Pruned:  0: (PICK-UP J) [1]
Pruned:  0: (PICK-UP J) [1]
Pruned:  0: (PICK-UP J) [1]
Pruned:  0: (PICK-UP J) [1]
Pruned:  0: (PICK-UP J) [1]
Pruned:  0: (PICK-UP J) [1]
Pruned:  0: (PICK-UP J) [1]
Pruned:  0: (PICK-UP J) [1]
Pruned:  0: (PICK-UP J) [1]
Pruned:  0: (PICK-UP J) [1]
Pruned:  0: (PICK-UP J) [1]
Pruned:  0: (PICK-UP J) [1]
Pruned:  0: (PICK-UP J) [1]
Pruned:  0: (PICK-UP J) [1]
Pruned:  0: (PICK-UP J) [1]
Pruned:  0: (PICK-UP J) [1]
Pruned:  0: (PICK-UP J) [1]
Pruned:  0: (PICK-UP J) [1]
Pruned:  0: (PICK-UP J) [1]
Pruned:  0: (PICK-UP J) [1]
Pruned:  0: (PICK-UP J) [1]
Pruned:  0: (PICK-UP J) [1]
Pruned:  0: (PICK-UP J) [1]
Pruned:  0: (PICK-UP J) [1]
Pruned:  0: (PICK-UP J) [1]
Pruned:  0: (PICK-UP J) [1]
Pruned:  0: (PICK-UP J) [1]
Pruned:  0: (PICK-UP J) [1]
Pruned:  0: (PICK-UP J) [1]
Pruned:  0: (PICK-UP J) [1]
Pruned:  0: (PICK-UP J) [1]
Pruned:  0: (PICK-UP J) [1]
Pruned:  0: (PICK-UP J) [1]
Pruned:  0: (PICK-UP J) [1]
Pruned:  0: (PICK-UP J) [1]
Pruned:  0: (PICK-UP J) [1]
Pruned:  0: (PICK-UP J) [1]
Pruned:  0: (PICK-UP J) [1]
Pruned:  0: (PICK-UP J) [1]
Pruned:  0: (PICK-UP J) [1]
Pruned:  0: (PICK-UP J) [1]
Pruned:  0: (PICK-UP J) [1]
Pruned:  0: (PICK-UP J) [1]
Pruned:  0: (PICK-UP J) [1]
Pruned:  0: (PICK-UP J) [1]
Pruned:  0: (PICK-UP J) [1]
Pruned:  0: (PICK-UP J) [1]
Pruned:  0: (PICK-UP J) [1]
Pruned:  0: (PICK-UP J) [1]
Pruned:  0: (PICK-UP J) [1]
Pruned:  0: (PICK-UP J) [1]
Pruned:  0: (PICK-UP J) [1]
Pruned:  0: (PICK-UP J) [1]
Pruned:  0: (PICK-UP J) [1]
Pruned:  0: (PICK-UP J) [1]
Pruned:  0: (PICK-UP J) [1]
Pruned:  0: (PICK-UP J) [1]
Pruned:  0: (PICK-UP J) [1]
Pruned:  0: (PICK-UP J) [1]
Pruned:  0: (PICK-UP J) [1]
Pruned:  0: (PICK-UP J) [1]
Pruned:  0: (PICK-UP J) [1]
Pruned:  0: (PICK-UP J) [1]
Pruned:  0: (PICK-UP J) [1]
Pruned:  0: (PICK-UP J) [1]
Pruned:  0: (PICK-UP J) [1]
Pruned:  0: (PICK-UP J) [1]
Pruned:  0: (PICK-UP J) [1]
Pruned:  0: (PICK-UP J) [1]
Pruned:  0: (PICK-UP J) [1]
Pruned:  0: (PICK-UP J) [1]
Pruned:  0: (PICK-UP J) [1]
Pruned:  0: (PICK-UP J) [1]
Pruned:  0: (PICK-UP J) [1]
Pruned:  0: (PICK-UP J) [1]
Pruned:  0: (PICK-UP J) [1]
Pruned:  0: (PICK-UP J) [1]
Pruned:  0: (PICK-UP J) [1]
Pruned:  0: (PICK-UP J) [1]
Pruned:  0: (PICK-UP J) [1]
Pruned:  0: (PICK-UP J) [1]
Pruned:  0: (PICK-UP J) [1]
Pruned:  0: (PICK-UP J) [1]
Pruned:  0: (PICK-UP J) [1]
Pruned:  0: (PICK-UP J) [1]
Pruned:  0: (PICK-UP J) [1]
Pruned:  0: (PICK-UP J) [1]
Pruned:  0: (PICK-UP J) [1]
Pruned:  0: (PICK-UP J) [1]
Pruned:  0: (PICK-UP J) [1]
Pruned:  0: (PICK-UP J) [1]
Pruned:  0: (PICK-UP J) [1]
Pruned:  0: (PICK-UP J) [1]
Pruned:  0: (PICK-UP J) [1]
Pruned:  0: (PICK-UP J) [1]
Pruned:  0: (PICK-UP J) [1]
Pruned:  0: (PICK-UP J) [1]
Pruned:  0: (PICK-UP J) [1]
Pruned:  0: (PICK-UP J) [1]
Pruned:  0: (PICK-UP J) [1]
Pruned:  0: (PICK-UP J) [1]
Pruned:  0: (PICK-UP J) [1]
Pruned:  0: (PICK-UP J) [1]
Pruned:  0: (PICK-UP J) [1]
Pruned:  0: (PICK-UP J) [1]
Pruned:  0: (PICK-UP J) [1]
Pruned:  0: (PICK-UP J) [1]
Pruned:  0: (PICK-UP J) [1]
Pruned:  0: (PICK-UP J) [1]
Pruned:  0: (PICK-UP J) [1]
Pruned:  0: (PICK-UP J) [1]
Pruned:  0: (PICK-UP J) [1]
Pruned:  0: (PICK-UP J) [1]
Pruned:  0: (PICK-UP J) [1]
Pruned:  0: (PICK-UP J) [1]
Pruned:  0: (PICK-UP J) [1]
Pruned:  0: (PICK-UP J) [1]
Pruned:  0: (PICK-UP J) [1]
Pruned:  0: (PICK-UP J) [1]
Pruned:  0: (PICK-UP J) [1]
Pruned:  0: (PICK-UP J) [1]
Pruned:  0: (PICK-UP J) [1]
Pruned:  0: (PICK-UP J) [1]
Pruned:  0: (PICK-UP J) [1]
Pruned:  0: (PICK-UP J) [1]
Pruned:  0: (PICK-UP J) [1]
Pruned:  0: (PICK-UP J) [1]
Pruned:  0: (PICK-UP J) [1]
Pruned:  0: (PICK-UP J) [1]
Pruned:  0: (PICK-UP J) [1]
Pruned:  0: (PICK-UP J) [1]
Pruned:  0: (PICK-UP J) [1]
Pruned:  0: (PICK-UP J) [1]
Pruned:  0: (PICK-UP J) [1]
Pruned:  0: (PICK-UP J) [1]
Pruned:  0: (PICK-UP J) [1]
Pruned:  0: (PICK-UP J) [1]
Pruned:  0: (PICK-UP J) [1]
Pruned:  0: (PICK-UP J) [1]
Pruned:  0: (PICK-UP J) [1]
Pruned:  0: (PICK-UP J) [1]
Pruned:  0: (PICK-UP J) [1]
Pruned:  0: (PICK-UP J) [1]
Pruned:  0: (PICK-UP J) [1]
Pruned:  0: (PICK-UP J) [1]
Pruned:  0: (PICK-UP J) [1]
Pruned:  0: (PICK-UP J) [1]
Pruned:  0: (PICK-UP J) [1]
Pruned:  0: (PICK-UP J) [1]
Pruned:  0: (PICK-UP J) [1]
Pruned:  0: (PICK-UP J) [1]
Pruned:  0: (PICK-UP J) [1]
Pruned:  0: (PICK-UP J) [1]
Pruned:  0: (PICK-UP J) [1]
Pruned:  0: (PICK-UP J) [1]
Pruned:  0: (PICK-UP J) [1]
Pruned:  0: (PICK-UP J) [1]
Pruned:  0: (PICK-UP J) [1]
Pruned:  0: (PICK-UP J) [1]
Pruned:  0: (PICK-UP J) [1]
Pruned:  0: (PICK-UP J) [1]
Pruned:  0: (PICK-UP J) [1]
Pruned:  0: (PICK-UP J) [1]
Pruned:  0: (PICK-UP J) [1]
Pruned:  0: (PICK-UP J) [1]
Pruned:  0: (PICK-UP J) [1]
Pruned:  0: (PICK-UP J) [1]
Pruned:  0: (PICK-UP J) [1]
Pruned:  0: (PICK-UP J) [1]
Pruned:  0: (PICK-UP J) [1]
Pruned:  0: (PICK-UP J) [1]
Pruned:  0: (PICK-UP J) [1]
Pruned:  0: (PICK-UP J) [1]
Pruned:  0: (PICK-UP J) [1]
Pruned:  0: (PICK-UP J) [1]
Pruned:  0: (PICK-UP J) [1]
Pruned:  0: (PICK-UP J) [1]
Pruned:  0: (PICK-UP J) [1]
Pruned:  0: (PICK-UP J) [1]
Pruned:  0: (PICK-UP J) [1]
Pruned:  0: (PICK-UP J) [1]
Pruned:  0: (PICK-UP J) [1]
Pruned:  0: (PICK-UP J) [1]
Pruned:  0: (PICK-UP J) [1]
Pruned:  0: (PICK-UP J) [1]
Pruned:  0: (PICK-UP J) [1]
Pruned:  0: (PICK-UP J) [1]
Pruned:  0: (PICK-UP J) [1]
Pruned:  0: (PICK-UP J) [1]
Pruned:  0: (PICK-UP J) [1]
Pruned:  0: (PICK-UP J) [1]
Pruned:  0: (PICK-UP J) [1]
Pruned:  0: (PICK-UP J) [1]
Pruned:  0: (PICK-UP J) [1]
Pruned:  0: (PICK-UP J) [1]
Pruned:  0: (PICK-UP J) [1]
Pruned:  0: (PICK-UP J) [1]
Pruned:  0: (PICK-UP J) [1]
Pruned:  0: (PICK-UP J) [1]
Pruned:  0: (PICK-UP J) [1]
Pruned:  0: (PICK-UP J) [1]
Pruned:  0: (PICK-UP J) [1]
Pruned:  0: (PICK-UP J) [1]
Pruned:  0: (PICK-UP J) [1]
Pruned:  0: (PICK-UP J) [1]
Pruned:  0: (PICK-UP J) [1]
Pruned:  0: (PICK-UP J) [1]
Pruned:  0: (PICK-UP J) [1]
Pruned:  0: (PICK-UP J) [1]
Pruned:  0: (PICK-UP J) [1]
Pruned:  0: (PICK-UP J) [1]
Pruned:  0: (PICK-UP J) [1]
Pruned:  0: (PICK-UP J) [1]
Pruned:  0: (PICK-UP J) [1]
Pruned:  0: (PICK-UP J) [1]
Pruned:  0: (PICK-UP J) [1]
Pruned:  0: (PICK-UP J) [1]
Pruned:  0: (PICK-UP J) [1]
Pruned:  0: (PICK-UP J) [1]
Pruned:  0: (PICK-UP J) [1]
Pruned:  0: (PICK-UP J) [1]
Pruned:  0: (PICK-UP J) [1]
Pruned:  0: (PICK-UP J) [1]
Pruned:  0: (PICK-UP J) [1]
Pruned:  0: (PICK-UP J) [1]
Pruned:  0: (PICK-UP J) [1]
Pruned:  0: (PICK-UP J) [1]
Pruned:  0: (PICK-UP J) [1]
Pruned:  0: (PICK-UP J) [1]
Pruned:  0: (PICK-UP J) [1]
Pruned:  0: (PICK-UP J) [1]
Pruned:  0: (PICK-UP J) [1]
Pruned:  0: (PICK-UP J) [1]
Pruned:  0: (PICK-UP J) [1]
Pruned:  0: (PICK-UP J) [1]
Pruned:  0: (PICK-UP J) [1]
Pruned:  0: (PICK-UP J) [1]
Pruned:  0: (PICK-UP J) [1]
Pruned:  0: (PICK-UP J) [1]
Pruned:  0: (PICK-UP J) [1]
Pruned:  0: (PICK-UP J) [1]
Pruned:  0: (PICK-UP J) [1]
Pruned:  0: (PICK-UP J) [1]
Pruned:  0: (PICK-UP J) [1]
Pruned:  0: (PICK-UP J) [1]
Pruned:  0: (PICK-UP J) [1]
Pruned:  0: (PICK-UP J) [1]
Pruned:  0: (PICK-UP J) [1]
Pruned:  0: (PICK-UP J) [1]
Pruned:  0: (PICK-UP J) [1]
Pruned:  0: (PICK-UP J) [1]
Pruned:  0: (PICK-UP J) [1]
Pruned:  0: (PICK-UP J) [1]
Pruned:  0: (PICK-UP J) [1]
Pruned:  0: (PICK-UP J) [1]
Pruned:  0: (PICK-UP J) [1]
Pruned:  0: (PICK-UP J) [1]
Pruned:  0: (PICK-UP J) [1]
Pruned:  0: (PICK-UP J) [1]
Pruned:  0: (PICK-UP J) [1]
Pruned:  0: (PICK-UP J) [1]
Pruned:  0: (PICK-UP J) [1]
Pruned:  0: (PICK-UP J) [1]
Pruned:  0: (PICK-UP J) [1]
Pruned:  0: (PICK-UP J) [1]
Pruned:  0: (PICK-UP J) [1]
Pruned:  0: (PICK-UP J) [1]
Pruned:  0: (PICK-UP J) [1]
Pruned:  0: (PICK-UP J) [1]
Pruned:  0: (PICK-UP J) [1]
Pruned:  0: (PICK-UP J) [1]
Pruned:  0: (PICK-UP J) [1]
Pruned:  0: (PICK-UP J) [1]
Pruned:  0: (PICK-UP J) [1]
Pruned:  0: (PICK-UP J) [1]
Pruned:  0: (PICK-UP J) [1]
Pruned:  0: (PICK-UP J) [1]
Pruned:  0: (PICK-UP J) [1]
Pruned:  0: (PICK-UP J) [1]
Pruned:  0: (PICK-UP J) [1]
Pruned:  0: (PICK-UP J) [1]
Pruned:  0: (PICK-UP J) [1]
Pruned:  0: (PICK-UP J) [1]
Pruned:  0: (PICK-UP J) [1]
Pruned:  0: (PICK-UP J) [1]
Pruned:  0: (PICK-UP J) [1]
Pruned:  0: (PICK-UP J) [1]
Pruned:  0: (PICK-UP J) [1]
Pruned:  0: (PICK-UP J) [1]
Pruned:  0: (PICK-UP J) [1]
Pruned:  0: (PICK-UP J) [1]
Pruned:  0: (PICK-UP J) [1]
Pruned:  0: (PICK-UP J) [1]
Pruned:  0: (PICK-UP J) [1]
Pruned:  0: (PICK-UP J) [1]
Pruned:  0: (PICK-UP J) [1]
Pruned:  0: (PICK-UP J) [1]
Pruned:  0: (PICK-UP J) [1]
Pruned:  0: (PICK-UP J) [1]
Pruned:  0: (PICK-UP J) [1]
Pruned:  0: (PICK-UP J) [1]
Pruned:  0: (PICK-UP J) [1]
Pruned:  0: (PICK-UP J) [1]
Pruned:  0: (PICK-UP J) [1]
Pruned:  0: (PICK-UP J) [1]
Pruned:  0: (PICK-UP J) [1]
Pruned:  0: (PICK-UP J) [1]
Pruned:  0: (PICK-UP J) [1]
Pruned:  0: (PICK-UP J) [1]
Pruned:  0: (PICK-UP J) [1]
Pruned:  0: (PICK-UP J) [1]
Pruned:  0: (PICK-UP J) [1]
Pruned:  0: (PICK-UP J) [1]
Pruned:  0: (PICK-UP J) [1]
Pruned:  0: (PICK-UP J) [1]
Pruned:  0: (PICK-UP J) [1]
Pruned:  0: (PICK-UP J) [1]
Pruned:  0: (PICK-UP J) [1]
Pruned:  0: (PICK-UP J) [1]
Pruned:  0: (PICK-UP J) [1]
Pruned:  0: (PICK-UP J) [1]
Pruned:  0: (PICK-UP J) [1]
Pruned:  0: (PICK-UP J) [1]
Pruned:  0: (PICK-UP J) [1]
Pruned:  0: (PICK-UP J) [1]
Pruned:  0: (PICK-UP J) [1]
Pruned:  0: (PICK-UP J) [1]
Pruned:  0: (PICK-UP J) [1]
Pruned:  0: (PICK-UP J) [1]
Pruned:  0: (PICK-UP J) [1]
Pruned:  0: (PICK-UP J) [1]
Pruned:  0: (PICK-UP J) [1]
Pruned:  0: (PICK-UP J) [1]
Pruned:  0: (PICK-UP J) [1]
Pruned:  0: (PICK-UP J) [1]
Pruned:  0: (PICK-UP J) [1]
Pruned:  0: (PICK-UP J) [1]
Pruned:  0: (PICK-UP J) [1]
Pruned:  0: (PICK-UP J) [1]
Pruned:  0: (PICK-UP J) [1]
Pruned:  0: (PICK-UP J) [1]
Pruned:  0: (PICK-UP J) [1]
Pruned:  0: (PICK-UP J) [1]
Pruned:  0: (PICK-UP J) [1]
Pruned:  0: (PICK-UP J) [1]
Pruned:  0: (PICK-UP J) [1]
Pruned:  0: (PICK-UP J) [1]
Pruned:  0: (PICK-UP J) [1]
Pruned:  0: (PICK-UP J) [1]
Pruned:  0: (PICK-UP J) [1]
Pruned:  0: (PICK-UP J) [1]
Pruned:  0: (PICK-UP J) [1]
Pruned:  0: (PICK-UP J) [1]
Pruned:  0: (PICK-UP J) [1]
Pruned:  0: (PICK-UP J) [1]
Pruned:  0: (PICK-UP J) [1]
Pruned:  0: (PICK-UP J) [1]
Pruned:  0: (PICK-UP J) [1]
Pruned:  0: (PICK-UP J) [1]
Pruned:  0: (PICK-UP J) [1]
Pruned:  0: (PICK-UP J) [1]
Pruned:  0: (PICK-UP J) [1]
Pruned:  0: (PICK-UP J) [1]
Pruned:  0: (PICK-UP J) [1]
Pruned:  0: (PICK-UP J) [1]
Pruned:  0: (PICK-UP J) [1]
Pruned:  0: (PICK-UP J) [1]
Pruned:  0: (PICK-UP J) [1]
Pruned:  0: (PICK-UP J) [1]
Pruned:  0: (PICK-UP J) [1]
Pruned:  0: (PICK-UP J) [1]
Pruned:  0: (PICK-UP J) [1]
Pruned:  0: (PICK-UP J) [1]
Pruned:  0: (PICK-UP J) [1]
Pruned:  0: (PICK-UP J) [1]
Pruned:  0: (PICK-UP J) [1]
Pruned:  0: (PICK-UP J) [1]
Pruned:  0: (PICK-UP J) [1]
Pruned:  0: (PICK-UP J) [1]
Pruned:  0: (PICK-UP J) [1]
Pruned:  0: (PICK-UP J) [1]
Pruned:  0: (PICK-UP J) [1]
Pruned:  0: (PICK-UP J) [1]
Pruned:  0: (PICK-UP J) [1]
Pruned:  0: (PICK-UP J) [1]
Pruned:  0: (PICK-UP J) [1]
Pruned:  0: (PICK-UP J) [1]
Pruned:  0: (PICK-UP J) [1]
Pruned:  0: (PICK-UP J) [1]
Pruned:  0: (PICK-UP J) [1]
Pruned:  0: (PICK-UP J) [1]
Pruned:  0: (PICK-UP J) [1]
Pruned:  0: (PICK-UP J) [1]
Pruned:  0: (PICK-UP J) [1]
Pruned:  0: (PICK-UP J) [1]
Pruned:  0: (PICK-UP J) [1]
Pruned:  0: (PICK-UP J) [1]
Pruned:  0: (PICK-UP J) [1]
Pruned:  0: (PICK-UP J) [1]
Pruned:  0: (PICK-UP J) [1]
Pruned:  0: (PICK-UP J) [1]
Pruned:  0: (PICK-UP J) [1]
Pruned:  0: (PICK-UP J) [1]
Pruned:  0: (PICK-UP J) [1]
Pruned:  0: (PICK-UP J) [1]
Pruned:  0: (PICK-UP J) [1]
Pruned:  0: (PICK-UP J) [1]
Pruned:  0: (PICK-UP J) [1]
Pruned:  0: (PICK-UP J) [1]
Pruned:  0: (PICK-UP J) [1]
Pruned:  0: (PICK-UP J) [1]
Pruned:  0: (PICK-UP J) [1]
Pruned:  0: (PICK-UP J) [1]
Pruned:  0: (PICK-UP J) [1]
Pruned:  0: (PICK-UP J) [1]
Pruned:  0: (PICK-UP J) [1]
Pruned:  0: (PICK-UP J) [1]
Pruned:  0: (PICK-UP J) [1]
Pruned:  0: (PICK-UP J) [1]
Pruned:  0: (PICK-UP J) [1]
Pruned:  0: (PICK-UP J) [1]
Pruned:  0: (PICK-UP J) [1]
Pruned:  0: (PICK-UP J) [1]
Pruned:  0: (PICK-UP J) [1]
Pruned:  0: (PICK-UP J) [1]
Pruned:  0: (PICK-UP J) [1]
Pruned:  0: (PICK-UP J) [1]
Pruned:  0: (PICK-UP J) [1]
Pruned:  0: (PICK-UP J) [1]
Pruned:  0: (PICK-UP J) [1]
Pruned:  0: (PICK-UP J) [1]
Pruned:  0: (PICK-UP J) [1]
Pruned:  0: (PICK-UP J) [1]
Pruned:  0: (PICK-UP J) [1]
Pruned:  0: (PICK-UP J) [1]
Pruned:  0: (PICK-UP J) [1]
Pruned:  0: (PICK-UP J) [1]
Pruned:  0: (PICK-UP J) [1]
Pruned:  0: (PICK-UP J) [1]
Pruned:  0: (PICK-UP J) [1]
Pruned:  0: (PICK-UP J) [1]
Pruned:  0: (PICK-UP J) [1]
Pruned:  0: (PICK-UP J) [1]
Pruned:  0: (PICK-UP J) [1]
Pruned:  0: (PICK-UP J) [1]
Pruned:  0: (PICK-UP J) [1]
Pruned:  0: (PICK-UP J) [1]
Pruned:  0: (PICK-UP J) [1]
Pruned:  0: (PICK-UP J) [1]
Pruned:  0: (PICK-UP J) [1]
Pruned:  0: (PICK-UP J) [1]
Pruned:  0: (PICK-UP J) [1]
Pruned:  0: (PICK-UP J) [1]
Pruned:  0: (PICK-UP J) [1]
Pruned:  0: (PICK-UP J) [1]
Pruned:  0: (PICK-UP J) [1]
Pruned:  0: (PICK-UP J) [1]
Pruned:  0: (PICK-UP J) [1]
Pruned:  0: (PICK-UP J) [1]
Pruned:  0: (PICK-UP J) [1]
Pruned:  0: (PICK-UP J) [1]
Pruned:  0: (PICK-UP J) [1]
Pruned:  0: (PICK-UP J) [1]
Pruned:  0: (PICK-UP J) [1]
Pruned:  0: (PICK-UP J) [1]
Pruned:  0: (PICK-UP J) [1]
Pruned:  0: (PICK-UP J) [1]
Pruned:  0: (PICK-UP J) [1]
Pruned:  0: (PICK-UP J) [1]
Pruned:  0: (PICK-UP J) [1]
Pruned:  0: (PICK-UP J) [1]
Pruned:  0: (PICK-UP J) [1]
Pruned:  0: (PICK-UP J) [1]
Pruned:  0: (PICK-UP J) [1]
Pruned:  0: (PICK-UP J) [1]
Pruned:  0: (PICK-UP J) [1]
Pruned:  0: (PICK-UP J) [1]
Pruned:  0: (PICK-UP J) [1]
Pruned:  0: (PICK-UP J) [1]
Pruned:  0: (PICK-UP J) [1]
Pruned:  0: (PICK-UP J) [1]
Pruned:  0: (PICK-UP J) [1]
Pruned:  0: (PICK-UP J) [1]
Pruned:  0: (PICK-UP J) [1]
Pruned:  0: (PICK-UP J) [1]
Pruned:  0: (PICK-UP J) [1]
Pruned:  0: (PICK-UP J) [1]
Pruned:  0: (PICK-UP J) [1]
Pruned:  0: (PICK-UP J) [1]
Pruned:  0: (PICK-UP J) [1]
Pruned:  0: (PICK-UP J) [1]
Pruned:  0: (PICK-UP J) [1]
Pruned:  0: (PICK-UP J) [1]
Pruned:  0: (PICK-UP J) [1]
Pruned:  0: (PICK-UP J) [1]
Pruned:  0: (PICK-UP J) [1]
Pruned:  0: (PICK-UP J) [1]
Pruned:  0: (PICK-UP J) [1]
Pruned:  0: (PICK-UP J) [1]
Pruned:  0: (PICK-UP J) [1]
Pruned:  0: (PICK-UP J) [1]
Pruned:  0: (PICK-UP J) [1]
Pruned:  0: (PICK-UP J) [1]
Pruned:  0: (PICK-UP J) [1]
Pruned:  0: (PICK-UP J) [1]
Pruned:  0: (PICK-UP J) [1]
Pruned:  0: (PICK-UP J) [1]
Pruned:  0: (PICK-UP J) [1]
Pruned:  0: (PICK-UP J) [1]
Pruned:  0: (PICK-UP J) [1]
Pruned:  0: (PICK-UP J) [1]
Pruned:  0: (PICK-UP J) [1]
Pruned:  0: (PICK-UP J) [1]
Pruned:  0: (PICK-UP J) [1]
Pruned:  0: (PICK-UP J) [1]
Pruned:  0: (PICK-UP J) [1]
Pruned:  0: (PICK-UP J) [1]
Pruned:  0: (PICK-UP J) [1]
Pruned:  0: (PICK-UP J) [1]
Pruned:  0: (PICK-UP J) [1]
Pruned:  0: (PICK-UP J) [1]
Pruned:  0: (PICK-UP J) [1]
Pruned:  0: (PICK-UP J) [1]
Pruned:  0: (PICK-UP J) [1]
Pruned:  0: (PICK-UP J) [1]
Pruned:  0: (PICK-UP J) [1]
Pruned:  0: (PICK-UP J) [1]
Pruned:  0: (PICK-UP J) [1]
Pruned:  0: (PICK-UP J) [1]
Pruned:  0: (PICK-UP J) [1]
Pruned:  0: (PICK-UP J) [1]
Pruned:  0: (PICK-UP J) [1]
Pruned:  0: (PICK-UP J) [1]
Pruned:  0: (PICK-UP J) [1]
Pruned:  0: (PICK-UP J) [1]
Pruned:  0: (PICK-UP J) [1]
Pruned:  0: (PICK-UP J) [1]
Pruned:  0: (PICK-UP J) [1]
Pruned:  0: (PICK-UP J) [1]
Pruned:  0: (PICK-UP J) [1]
Pruned:  0: (PICK-UP J) [1]
Pruned:  0: (PICK-UP J) [1]
Pruned:  0: (PICK-UP J) [1]
Pruned:  0: (PICK-UP J) [1]
Pruned:  0: (PICK-UP J) [1]
Pruned:  0: (PICK-UP J) [1]
Pruned:  0: (PICK-UP J) [1]
Pruned:  0: (PICK-UP J) [1]
Pruned:  0: (PICK-UP J) [1]
Pruned:  0: (PICK-UP J) [1]
Pruned:  0: (PICK-UP J) [1]
Pruned:  0: (PICK-UP J) [1]
Pruned:  0: (PICK-UP J) [1]
Pruned:  0: (PICK-UP J) [1]
Pruned:  0: (PICK-UP J) [1]
Pruned:  0: (PICK-UP J) [1]
Pruned:  0: (PICK-UP J) [1]
Pruned:  0: (PICK-UP J) [1]
Pruned:  0: (PICK-UP J) [1]
Pruned:  0: (PICK-UP J) [1]
Pruned:  0: (PICK-UP J) [1]
Pruned:  0: (PICK-UP J) [1]
Pruned:  0: (PICK-UP J) [1]
Pruned:  0: (PICK-UP J) [1]
Pruned:  0: (PICK-UP J) [1]
Pruned:  0: (PICK-UP J) [1]
Pruned:  0: (PICK-UP J) [1]
Pruned:  0: (PICK-UP J) [1]
Pruned:  0: (PICK-UP J) [1]
Pruned:  0: (PICK-UP J) [1]
Pruned:  0: (PICK-UP J) [1]
Pruned:  0: (PICK-UP J) [1]
Pruned:  0: (PICK-UP J) [1]
Pruned:  0: (PICK-UP J) [1]
Pruned:  0: (PICK-UP J) [1]
Pruned:  0: (PICK-UP J) [1]
Pruned:  0: (PICK-UP J) [1]
Pruned:  0: (PICK-UP J) [1]
Pruned:  0: (PICK-UP J) [1]
Pruned:  0: (PICK-UP J) [1]
Pruned:  0: (PICK-UP J) [1]
Pruned:  0: (PICK-UP J) [1]
Pruned:  0: (PICK-UP J) [1]
Pruned:  0: (PICK-UP J) [1]
Pruned:  0: (PICK-UP J) [1]
Pruned:  0: (PICK-UP J) [1]
Pruned:  0: (PICK-UP J) [1]
Pruned:  0: (PICK-UP J) [1]
Pruned:  0: (PICK-UP J) [1]
Pruned:  0: (PICK-UP J) [1]
Pruned:  0: (PICK-UP J) [1]
Pruned:  0: (PICK-UP J) [1]
Pruned:  0: (PICK-UP J) [1]
Pruned:  0: (PICK-UP J) [1]
Pruned:  0: (PICK-UP J) [1]
Pruned:  0: (PICK-UP J) [1]
Pruned:  0: (PICK-UP J) [1]
Pruned:  0: (PICK-UP J) [1]
Pruned:  0: (PICK-UP J) [1]
Pruned:  0: (PICK-UP J) [1]
Pruned:  0: (PICK-UP J) [1]
Pruned:  0: (PICK-UP J) [1]
Pruned:  0: (PICK-UP J) [1]
Pruned:  0: (PICK-UP J) [1]
Pruned:  0: (PICK-UP J) [1]
Pruned:  0: (PICK-UP J) [1]
Pruned:  0: (PICK-UP J) [1]
Pruned:  0: (PICK-UP J) [1]
Pruned:  0: (PICK-UP J) [1]
Pruned:  0: (PICK-UP J) [1]
Pruned:  0: (PICK-UP J) [1]
Pruned:  0: (PICK-UP J) [1]
Pruned:  0: (PICK-UP J) [1]
Pruned:  0: (PICK-UP J) [1]
Pruned:  0: (PICK-UP J) [1]
Pruned:  0: (PICK-UP J) [1]
Pruned:  0: (PICK-UP J) [1]
Pruned:  0: (PICK-UP J) [1]
Pruned:  0: (PICK-UP J) [1]
Pruned:  0: (PICK-UP J) [1]
Pruned:  0: (PICK-UP J) [1]
Pruned:  0: (PICK-UP J) [1]
Pruned:  0: (PICK-UP J) [1]
Pruned:  0: (PICK-UP J) [1]
Pruned:  0: (PICK-UP J) [1]
Pruned:  0: (PICK-UP J) [1]
Pruned:  0: (PICK-UP J) [1]
Pruned:  0: (PICK-UP J) [1]
Pruned:  0: (PICK-UP J) [1]
Pruned:  0: (PICK-UP J) [1]
Pruned:  0: (PICK-UP J) [1]
Pruned:  0: (PICK-UP J) [1]
Pruned:  0: (PICK-UP J) [1]
Pruned:  0: (PICK-UP J) [1]
Pruned:  0: (PICK-UP J) [1]
Pruned:  0: (PICK-UP J) [1]
Pruned:  0: (PICK-UP J) [1]
Pruned:  0: (PICK-UP J) [1]
Pruned:  0: (PICK-UP J) [1]
Pruned:  0: (PICK-UP J) [1]
Pruned:  0: (PICK-UP J) [1]
Pruned:  0: (PICK-UP J) [1]
Pruned:  0: (PICK-UP J) [1]
Pruned:  0: (PICK-UP J) [1]
Pruned:  0: (PICK-UP J) [1]
Pruned:  0: (PICK-UP J) [1]
Pruned:  0: (PICK-UP J) [1]
Pruned:  0: (PICK-UP J) [1]
Pruned:  0: (PICK-UP J) [1]
Pruned:  0: (PICK-UP J) [1]
Pruned:  0: (PICK-UP J) [1]
Pruned:  0: (PICK-UP J) [1]
Pruned:  0: (PICK-UP J) [1]
Pruned:  0: (PICK-UP J) [1]
Pruned:  0: (PICK-UP J) [1]
Pruned:  0: (PICK-UP J) [1]
Pruned:  0: (PICK-UP J) [1]
Pruned:  0: (PICK-UP J) [1]
Pruned:  0: (PICK-UP J) [1]
Pruned:  0: (PICK-UP J) [1]
Pruned:  0: (PICK-UP J) [1]
Pruned:  0: (PICK-UP J) [1]
Pruned:  0: (PICK-UP J) [1]
Pruned:  0: (PICK-UP J) [1]
Pruned:  0: (PICK-UP J) [1]
Pruned:  0: (PICK-UP J) [1]
Pruned:  0: (PICK-UP J) [1]
Pruned:  0: (PICK-UP J) [1]
Pruned:  0: (PICK-UP J) [1]
Pruned:  0: (PICK-UP J) [1]
Pruned:  0: (PICK-UP J) [1]
Pruned:  0: (PICK-UP J) [1]
Pruned:  0: (PICK-UP J) [1]
Pruned:  0: (PICK-UP J) [1]
Pruned:  0: (PICK-UP J) [1]
Pruned:  0: (PICK-UP J) [1]
Pruned:  0: (PICK-UP J) [1]
Pruned:  0: (PICK-UP J) [1]
Pruned:  0: (PICK-UP J) [1]
Pruned:  0: (PICK-UP J) [1]
Pruned:  0: (PICK-UP J) [1]
Pruned:  0: (PICK-UP J) [1]
Pruned:  0: (PICK-UP J) [1]
Pruned:  0: (PICK-UP J) [1]
Pruned:  0: (PICK-UP J) [1]
Pruned:  0: (PICK-UP J) [1]
Pruned:  0: (PICK-UP J) [1]
Pruned:  0: (PICK-UP J) [1]
Pruned:  0: (PICK-UP J) [1]
Pruned:  0: (PICK-UP J) [1]
Pruned:  0: (PICK-UP J) [1]
Pruned:  0: (PICK-UP J) [1]
Pruned:  0: (PICK-UP J) [1]
Pruned:  0: (PICK-UP J) [1]
Pruned:  0: (PICK-UP J) [1]
Pruned:  0: (PICK-UP J) [1]
Pruned:  0: (PICK-UP J) [1]
Pruned:  0: (PICK-UP J) [1]
Pruned:  0: (PICK-UP J) [1]
Pruned:  0: (PICK-UP J) [1]
Pruned:  0: (PICK-UP J) [1]
Pruned:  0: (PICK-UP J) [1]
Pruned:  0: (PICK-UP J) [1]
Pruned:  0: (PICK-UP J) [1]
Pruned:  0: (PICK-UP J) [1]
Pruned:  0: (PICK-UP J) [1]
Pruned:  0: (PICK-UP J) [1]
Pruned:  0: (PICK-UP J) [1]
Pruned:  0: (PICK-UP J) [1]
Pruned:  0: (PICK-UP J) [1]
Pruned:  0: (PICK-UP J) [1]
Pruned:  0: (PICK-UP J) [1]
Pruned:  0: (PICK-UP J) [1]
Pruned:  0: (PICK-UP J) [1]
Pruned:  0: (PICK-UP J) [1]
Pruned:  0: (PICK-UP J) [1]
Pruned:  0: (PICK-UP J) [1]
Pruned:  0: (PICK-UP J) [1]
Pruned:  0: (PICK-UP J) [1]
Pruned:  0: (PICK-UP J) [1]
Pruned:  0: (PICK-UP J) [1]
Pruned:  0: (PICK-UP J) [1]
Pruned:  0: (PICK-UP J) [1]
Pruned:  0: (PICK-UP J) [1]
Pruned:  0: (PICK-UP J) [1]
Pruned:  0: (PICK-UP J) [1]
Pruned:  0: (PICK-UP J) [1]
Pruned:  0: (PICK-UP J) [1]
Pruned:  0: (PICK-UP J) [1]
Pruned:  0: (PICK-UP J) [1]
Pruned:  0: (PICK-UP J) [1]
Pruned:  0: (PICK-UP J) [1]
Pruned:  0: (PICK-UP J) [1]
Pruned:  0: (PICK-UP J) [1]
Pruned:  0: (PICK-UP J) [1]
Pruned:  0: (PICK-UP J) [1]
Pruned:  0: (PICK-UP J) [1]
Pruned:  0: (PICK-UP J) [1]
Pruned:  0: (PICK-UP J) [1]
Pruned:  0: (PICK-UP J) [1]
Pruned:  0: (PICK-UP J) [1]
Pruned:  0: (PICK-UP J) [1]
Pruned:  0: (PICK-UP J) [1]
Pruned:  0: (PICK-UP J) [1]
Pruned:  0: (PICK-UP J) [1]
Pruned:  0: (PICK-UP J) [1]
Pruned:  0: (PICK-UP J) [1]
Pruned:  0: (PICK-UP J) [1]
Pruned:  0: (PICK-UP J) [1]
Pruned:  0: (PICK-UP J) [1]
Pruned:  0: (PICK-UP J) [1]
Pruned:  0: (PICK-UP J) [1]
Pruned:  0: (PICK-UP J) [1]
Pruned:  0: (PICK-UP J) [1]
Pruned:  0: (PICK-UP J) [1]
Pruned:  0: (PICK-UP J) [1]
Pruned:  0: (PICK-UP J) [1]
Pruned:  0: (PICK-UP J) [1]
Pruned:  0: (PICK-UP J) [1]
Pruned:  0: (PICK-UP J) [1]
Pruned:  0: (PICK-UP J) [1]
Pruned:  0: (PICK-UP J) [1]
Pruned:  0: (PICK-UP J) [1]
Pruned:  0: (PICK-UP J) [1]
Pruned:  0: (PICK-UP J) [1]
Pruned:  0: (PICK-UP J) [1]
Pruned:  0: (PICK-UP J) [1]
Pruned:  0: (PICK-UP J) [1]
Pruned:  0: (PICK-UP J) [1]
Pruned:  0: (PICK-UP J) [1]
Pruned:  0: (PICK-UP J) [1]
Pruned:  0: (PICK-UP J) [1]
Pruned:  0: (PICK-UP J) [1]
Pruned:  0: (PICK-UP J) [1]
Pruned:  0: (PICK-UP J) [1]
Pruned:  0: (PICK-UP J) [1]
Pruned:  0: (PICK-UP J) [1]
Pruned:  0: (PICK-UP J) [1]
Pruned:  0: (PICK-UP J) [1]
Pruned:  0: (PICK-UP J) [1]
Pruned:  0: (PICK-UP J) [1]
Pruned:  0: (PICK-UP J) [1]
Pruned:  0: (PICK-UP J) [1]
Pruned:  0: (PICK-UP J) [1]
Pruned:  0: (PICK-UP J) [1]
Pruned:  0: (PICK-UP J) [1]
Pruned:  0: (PICK-UP J) [1]
Pruned:  0: (PICK-UP J) [1]
Pruned:  0: (PICK-UP J) [1]
Pruned:  0: (PICK-UP J) [1]
Pruned:  0: (PICK-UP J) [1]
Pruned:  0: (PICK-UP J) [1]
Pruned:  0: (PICK-UP J) [1]
Pruned:  0: (PICK-UP J) [1]
Pruned:  0: (PICK-UP J) [1]
Pruned:  0: (PICK-UP J) [1]
Pruned:  0: (PICK-UP J) [1]
Pruned:  0: (PICK-UP J) [1]
Pruned:  0: (PICK-UP J) [1]
Pruned:  0: (PICK-UP J) [1]
Pruned:  0: (PICK-UP J) [1]
Pruned:  0: (PICK-UP J) [1]
Pruned:  0: (PICK-UP J) [1]
Pruned:  0: (PICK-UP J) [1]
Pruned:  0: (PICK-UP J) [1]
Pruned:  0: (PICK-UP J) [1]
Pruned:  0: (PICK-UP J) [1]
Pruned:  0: (PICK-UP J) [1]
Pruned:  0: (PICK-UP J) [1]
Pruned:  0: (PICK-UP J) [1]
Pruned:  0: (PICK-UP J) [1]
Pruned:  0: (PICK-UP J) [1]
Pruned:  0: (PICK-UP J) [1]
Pruned:  0: (PICK-UP J) [1]
Pruned:  0: (PICK-UP J) [1]
Pruned:  0: (PICK-UP J) [1]
Pruned:  0: (PICK-UP J) [1]
Pruned:  0: (PICK-UP J) [1]
Pruned:  0: (PICK-UP J) [1]
Pruned:  0: (PICK-UP J) [1]
Pruned:  0: (PICK-UP J) [1]
Pruned:  0: (PICK-UP J) [1]
Pruned:  0: (PICK-UP J) [1]
Pruned:  0: (PICK-UP J) [1]
Pruned:  0: (PICK-UP J) [1]
Pruned:  0: (PICK-UP J) [1]
Pruned:  0: (PICK-UP J) [1]
Pruned:  0: (PICK-UP J) [1]
Pruned:  0: (PICK-UP J) [1]
Pruned:  0: (PICK-UP J) [1]
Pruned:  0: (PICK-UP J) [1]
Pruned:  0: (PICK-UP J) [1]
Pruned:  0: (PICK-UP J) [1]
Pruned:  0: (PICK-UP J) [1]
Pruned:  0: (PICK-UP J) [1]
Pruned:  0: (PICK-UP J) [1]
Pruned:  0: (PICK-UP J) [1]
Pruned:  0: (PICK-UP J) [1]
Pruned:  0: (PICK-UP J) [1]
Pruned:  0: (PICK-UP J) [1]
Pruned:  0: (PICK-UP J) [1]
Pruned:  0: (PICK-UP J) [1]
Pruned:  0: (PICK-UP J) [1]
Pruned:  0: (PICK-UP J) [1]
Pruned:  0: (PICK-UP J) [1]
Pruned:  0: (PICK-UP J) [1]
Pruned:  0: (PICK-UP J) [1]
---SatPlan Version: 1.1
***SAT!***

Solved in 52 layers

Real Time: = 15.47
User Time: = 12.16
Syst Time: = 2.64

__MEMKB 92032
