---SatPlan Version: 1.1

bb: parsing domain file
domain 'BLOCKS' defined
 ... done.
bb: parsing problem file
problem 'BLOCKS-16-1' defined
 ... done.


time:   0,    20 facts and       0 exclusive pairs
              23 ops   and      12 exclusive pairs
time:   1,    26 facts and      30 exclusive pairs

creating thin gp-based encoding...
plan graph layer 0...
plan graph layer 1...
goal constraints...

goal fact not coded - level too low??


bb: parsing domain file
domain 'BLOCKS' defined
 ... done.
bb: parsing problem file
problem 'BLOCKS-16-1' defined
 ... done.


time:   0,    20 facts and       0 exclusive pairs
              23 ops   and      12 exclusive pairs
time:   1,    26 facts and      30 exclusive pairs
              41 ops   and     267 exclusive pairs
time:   2,    35 facts and     120 exclusive pairs

creating thin gp-based encoding...
plan graph layer 0...
plan graph layer 1...
plan graph layer 2...
goal constraints...

goal fact not coded - level too low??


bb: parsing domain file
domain 'BLOCKS' defined
 ... done.
bb: parsing problem file
problem 'BLOCKS-16-1' defined
 ... done.


time:   0,    20 facts and       0 exclusive pairs
              23 ops   and      12 exclusive pairs
time:   1,    26 facts and      30 exclusive pairs
              41 ops   and     267 exclusive pairs
time:   2,    35 facts and     120 exclusive pairs
              62 ops   and     924 exclusive pairs
time:   3,    39 facts and     152 exclusive pairs

creating thin gp-based encoding...
plan graph layer 0...
plan graph layer 1...
plan graph layer 2...
plan graph layer 3...
goal constraints...

goal fact not coded - level too low??


bb: parsing domain file
domain 'BLOCKS' defined
 ... done.
bb: parsing problem file
problem 'BLOCKS-16-1' defined
 ... done.


time:   0,    20 facts and       0 exclusive pairs
              23 ops   and      12 exclusive pairs
time:   1,    26 facts and      30 exclusive pairs
              41 ops   and     267 exclusive pairs
time:   2,    35 facts and     120 exclusive pairs
              62 ops   and     924 exclusive pairs
time:   3,    39 facts and     152 exclusive pairs
              85 ops   and    2018 exclusive pairs
time:   4,    55 facts and     496 exclusive pairs

creating thin gp-based encoding...
plan graph layer 0...
plan graph layer 1...
plan graph layer 2...
plan graph layer 3...
plan graph layer 4...
goal constraints...

goal fact not coded - level too low??


bb: parsing domain file
domain 'BLOCKS' defined
 ... done.
bb: parsing problem file
problem 'BLOCKS-16-1' defined
 ... done.


time:   0,    20 facts and       0 exclusive pairs
              23 ops   and      12 exclusive pairs
time:   1,    26 facts and      30 exclusive pairs
              41 ops   and     267 exclusive pairs
time:   2,    35 facts and     120 exclusive pairs
              62 ops   and     924 exclusive pairs
time:   3,    39 facts and     152 exclusive pairs
              85 ops   and    2018 exclusive pairs
time:   4,    55 facts and     496 exclusive pairs
             124 ops   and    4987 exclusive pairs
time:   5,    63 facts and     623 exclusive pairs

creating thin gp-based encoding...
plan graph layer 0...
plan graph layer 1...
plan graph layer 2...
plan graph layer 3...
plan graph layer 4...
plan graph layer 5...
goal constraints...

goal fact not coded - level too low??


bb: parsing domain file
domain 'BLOCKS' defined
 ... done.
bb: parsing problem file
problem 'BLOCKS-16-1' defined
 ... done.


time:   0,    20 facts and       0 exclusive pairs
              23 ops   and      12 exclusive pairs
time:   1,    26 facts and      30 exclusive pairs
              41 ops   and     267 exclusive pairs
time:   2,    35 facts and     120 exclusive pairs
              62 ops   and     924 exclusive pairs
time:   3,    39 facts and     152 exclusive pairs
              85 ops   and    2018 exclusive pairs
time:   4,    55 facts and     496 exclusive pairs
             124 ops   and    4987 exclusive pairs
time:   5,    63 facts and     623 exclusive pairs
             151 ops   and    7357 exclusive pairs
time:   6,    75 facts and     884 exclusive pairs

creating thin gp-based encoding...
plan graph layer 0...
plan graph layer 1...
plan graph layer 2...
plan graph layer 3...
plan graph layer 4...
plan graph layer 5...
plan graph layer 6...
goal constraints...

goal fact not coded - level too low??


bb: parsing domain file
domain 'BLOCKS' defined
 ... done.
bb: parsing problem file
problem 'BLOCKS-16-1' defined
 ... done.


time:   0,    20 facts and       0 exclusive pairs
              23 ops   and      12 exclusive pairs
time:   1,    26 facts and      30 exclusive pairs
              41 ops   and     267 exclusive pairs
time:   2,    35 facts and     120 exclusive pairs
              62 ops   and     924 exclusive pairs
time:   3,    39 facts and     152 exclusive pairs
              85 ops   and    2018 exclusive pairs
time:   4,    55 facts and     496 exclusive pairs
             124 ops   and    4987 exclusive pairs
time:   5,    63 facts and     623 exclusive pairs
             151 ops   and    7357 exclusive pairs
time:   6,    75 facts and     884 exclusive pairs
             176 ops   and    9754 exclusive pairs
time:   7,    77 facts and     657 exclusive pairs

creating thin gp-based encoding...
plan graph layer 0...
plan graph layer 1...
plan graph layer 2...
plan graph layer 3...
plan graph layer 4...
plan graph layer 5...
plan graph layer 6...
plan graph layer 7...
goal constraints...

goal fact not coded - level too low??


bb: parsing domain file
domain 'BLOCKS' defined
 ... done.
bb: parsing problem file
problem 'BLOCKS-16-1' defined
 ... done.


time:   0,    20 facts and       0 exclusive pairs
              23 ops   and      12 exclusive pairs
time:   1,    26 facts and      30 exclusive pairs
              41 ops   and     267 exclusive pairs
time:   2,    35 facts and     120 exclusive pairs
              62 ops   and     924 exclusive pairs
time:   3,    39 facts and     152 exclusive pairs
              85 ops   and    2018 exclusive pairs
time:   4,    55 facts and     496 exclusive pairs
             124 ops   and    4987 exclusive pairs
time:   5,    63 facts and     623 exclusive pairs
             151 ops   and    7357 exclusive pairs
time:   6,    75 facts and     884 exclusive pairs
             176 ops   and    9754 exclusive pairs
time:   7,    77 facts and     657 exclusive pairs
             193 ops   and   10986 exclusive pairs
time:   8,    91 facts and    1011 exclusive pairs

creating thin gp-based encoding...
plan graph layer 0...
plan graph layer 1...
plan graph layer 2...
plan graph layer 3...
plan graph layer 4...
plan graph layer 5...
plan graph layer 6...
plan graph layer 7...
plan graph layer 8...
goal constraints...

goal fact not coded - level too low??


bb: parsing domain file
domain 'BLOCKS' defined
 ... done.
bb: parsing problem file
problem 'BLOCKS-16-1' defined
 ... done.


time:   0,    20 facts and       0 exclusive pairs
              23 ops   and      12 exclusive pairs
time:   1,    26 facts and      30 exclusive pairs
              41 ops   and     267 exclusive pairs
time:   2,    35 facts and     120 exclusive pairs
              62 ops   and     924 exclusive pairs
time:   3,    39 facts and     152 exclusive pairs
              85 ops   and    2018 exclusive pairs
time:   4,    55 facts and     496 exclusive pairs
             124 ops   and    4987 exclusive pairs
time:   5,    63 facts and     623 exclusive pairs
             151 ops   and    7357 exclusive pairs
time:   6,    75 facts and     884 exclusive pairs
             176 ops   and    9754 exclusive pairs
time:   7,    77 facts and     657 exclusive pairs
             193 ops   and   10986 exclusive pairs
time:   8,    91 facts and    1011 exclusive pairs
             222 ops   and   14718 exclusive pairs
time:   9,    93 facts and     834 exclusive pairs

creating thin gp-based encoding...
plan graph layer 0...
plan graph layer 1...
plan graph layer 2...
plan graph layer 3...
plan graph layer 4...
plan graph layer 5...
plan graph layer 6...
plan graph layer 7...
plan graph layer 8...
plan graph layer 9...
goal constraints...

goal fact not coded - level too low??


bb: parsing domain file
domain 'BLOCKS' defined
 ... done.
bb: parsing problem file
problem 'BLOCKS-16-1' defined
 ... done.


time:   0,    20 facts and       0 exclusive pairs
              23 ops   and      12 exclusive pairs
time:   1,    26 facts and      30 exclusive pairs
              41 ops   and     267 exclusive pairs
time:   2,    35 facts and     120 exclusive pairs
              62 ops   and     924 exclusive pairs
time:   3,    39 facts and     152 exclusive pairs
              85 ops   and    2018 exclusive pairs
time:   4,    55 facts and     496 exclusive pairs
             124 ops   and    4987 exclusive pairs
time:   5,    63 facts and     623 exclusive pairs
             151 ops   and    7357 exclusive pairs
time:   6,    75 facts and     884 exclusive pairs
             176 ops   and    9754 exclusive pairs
time:   7,    77 facts and     657 exclusive pairs
             193 ops   and   10986 exclusive pairs
time:   8,    91 facts and    1011 exclusive pairs
             222 ops   and   14718 exclusive pairs
time:   9,    93 facts and     834 exclusive pairs
             241 ops   and   16774 exclusive pairs
time:  10,   109 facts and    1304 exclusive pairs

creating thin gp-based encoding...
plan graph layer 0...
plan graph layer 1...
plan graph layer 2...
plan graph layer 3...
plan graph layer 4...
plan graph layer 5...
plan graph layer 6...
plan graph layer 7...
plan graph layer 8...
plan graph layer 9...
plan graph layer 10...
goal constraints...

goal fact not coded - level too low??


bb: parsing domain file
domain 'BLOCKS' defined
 ... done.
bb: parsing problem file
problem 'BLOCKS-16-1' defined
 ... done.


time:   0,    20 facts and       0 exclusive pairs
              23 ops   and      12 exclusive pairs
time:   1,    26 facts and      30 exclusive pairs
              41 ops   and     267 exclusive pairs
time:   2,    35 facts and     120 exclusive pairs
              62 ops   and     924 exclusive pairs
time:   3,    39 facts and     152 exclusive pairs
              85 ops   and    2018 exclusive pairs
time:   4,    55 facts and     496 exclusive pairs
             124 ops   and    4987 exclusive pairs
time:   5,    63 facts and     623 exclusive pairs
             151 ops   and    7357 exclusive pairs
time:   6,    75 facts and     884 exclusive pairs
             176 ops   and    9754 exclusive pairs
time:   7,    77 facts and     657 exclusive pairs
             193 ops   and   10986 exclusive pairs
time:   8,    91 facts and    1011 exclusive pairs
             222 ops   and   14718 exclusive pairs
time:   9,    93 facts and     834 exclusive pairs
             241 ops   and   16774 exclusive pairs
time:  10,   109 facts and    1304 exclusive pairs
             274 ops   and   22082 exclusive pairs
time:  11,   111 facts and    1135 exclusive pairs

creating thin gp-based encoding...
plan graph layer 0...
plan graph layer 1...
plan graph layer 2...
plan graph layer 3...
plan graph layer 4...
plan graph layer 5...
plan graph layer 6...
plan graph layer 7...
plan graph layer 8...
plan graph layer 9...
plan graph layer 10...
plan graph layer 11...
goal constraints...

goal fact not coded - level too low??


bb: parsing domain file
domain 'BLOCKS' defined
 ... done.
bb: parsing problem file
problem 'BLOCKS-16-1' defined
 ... done.


time:   0,    20 facts and       0 exclusive pairs
              23 ops   and      12 exclusive pairs
time:   1,    26 facts and      30 exclusive pairs
              41 ops   and     267 exclusive pairs
time:   2,    35 facts and     120 exclusive pairs
              62 ops   and     924 exclusive pairs
time:   3,    39 facts and     152 exclusive pairs
              85 ops   and    2018 exclusive pairs
time:   4,    55 facts and     496 exclusive pairs
             124 ops   and    4987 exclusive pairs
time:   5,    63 facts and     623 exclusive pairs
             151 ops   and    7357 exclusive pairs
time:   6,    75 facts and     884 exclusive pairs
             176 ops   and    9754 exclusive pairs
time:   7,    77 facts and     657 exclusive pairs
             193 ops   and   10986 exclusive pairs
time:   8,    91 facts and    1011 exclusive pairs
             222 ops   and   14718 exclusive pairs
time:   9,    93 facts and     834 exclusive pairs
             241 ops   and   16774 exclusive pairs
time:  10,   109 facts and    1304 exclusive pairs
             274 ops   and   22082 exclusive pairs
time:  11,   111 facts and    1135 exclusive pairs
             295 ops   and   25012 exclusive pairs
time:  12,   129 facts and    1727 exclusive pairs

creating thin gp-based encoding...
plan graph layer 0...
plan graph layer 1...
plan graph layer 2...
plan graph layer 3...
plan graph layer 4...
plan graph layer 5...
plan graph layer 6...
plan graph layer 7...
plan graph layer 8...
plan graph layer 9...
plan graph layer 10...
plan graph layer 11...
plan graph layer 12...
goal constraints...

goal fact not coded - level too low??


bb: parsing domain file
domain 'BLOCKS' defined
 ... done.
bb: parsing problem file
problem 'BLOCKS-16-1' defined
 ... done.


time:   0,    20 facts and       0 exclusive pairs
              23 ops   and      12 exclusive pairs
time:   1,    26 facts and      30 exclusive pairs
              41 ops   and     267 exclusive pairs
time:   2,    35 facts and     120 exclusive pairs
              62 ops   and     924 exclusive pairs
time:   3,    39 facts and     152 exclusive pairs
              85 ops   and    2018 exclusive pairs
time:   4,    55 facts and     496 exclusive pairs
             124 ops   and    4987 exclusive pairs
time:   5,    63 facts and     623 exclusive pairs
             151 ops   and    7357 exclusive pairs
time:   6,    75 facts and     884 exclusive pairs
             176 ops   and    9754 exclusive pairs
time:   7,    77 facts and     657 exclusive pairs
             193 ops   and   10986 exclusive pairs
time:   8,    91 facts and    1011 exclusive pairs
             222 ops   and   14718 exclusive pairs
time:   9,    93 facts and     834 exclusive pairs
             241 ops   and   16774 exclusive pairs
time:  10,   109 facts and    1304 exclusive pairs
             274 ops   and   22082 exclusive pairs
time:  11,   111 facts and    1135 exclusive pairs
             295 ops   and   25012 exclusive pairs
time:  12,   129 facts and    1727 exclusive pairs
             332 ops   and   32180 exclusive pairs
time:  13,   131 facts and    1500 exclusive pairs

creating thin gp-based encoding...
plan graph layer 0...
plan graph layer 1...
plan graph layer 2...
plan graph layer 3...
plan graph layer 4...
plan graph layer 5...
plan graph layer 6...
plan graph layer 7...
plan graph layer 8...
plan graph layer 9...
plan graph layer 10...
plan graph layer 11...
plan graph layer 12...
plan graph layer 13...
goal constraints...

goal fact not coded - level too low??


bb: parsing domain file
domain 'BLOCKS' defined
 ... done.
bb: parsing problem file
problem 'BLOCKS-16-1' defined
 ... done.


time:   0,    20 facts and       0 exclusive pairs
              23 ops   and      12 exclusive pairs
time:   1,    26 facts and      30 exclusive pairs
              41 ops   and     267 exclusive pairs
time:   2,    35 facts and     120 exclusive pairs
              62 ops   and     924 exclusive pairs
time:   3,    39 facts and     152 exclusive pairs
              85 ops   and    2018 exclusive pairs
time:   4,    55 facts and     496 exclusive pairs
             124 ops   and    4987 exclusive pairs
time:   5,    63 facts and     623 exclusive pairs
             151 ops   and    7357 exclusive pairs
time:   6,    75 facts and     884 exclusive pairs
             176 ops   and    9754 exclusive pairs
time:   7,    77 facts and     657 exclusive pairs
             193 ops   and   10986 exclusive pairs
time:   8,    91 facts and    1011 exclusive pairs
             222 ops   and   14718 exclusive pairs
time:   9,    93 facts and     834 exclusive pairs
             241 ops   and   16774 exclusive pairs
time:  10,   109 facts and    1304 exclusive pairs
             274 ops   and   22082 exclusive pairs
time:  11,   111 facts and    1135 exclusive pairs
             295 ops   and   25012 exclusive pairs
time:  12,   129 facts and    1727 exclusive pairs
             332 ops   and   32180 exclusive pairs
time:  13,   131 facts and    1500 exclusive pairs
             355 ops   and   35956 exclusive pairs
time:  14,   151 facts and    2228 exclusive pairs

creating thin gp-based encoding...
plan graph layer 0...
plan graph layer 1...
plan graph layer 2...
plan graph layer 3...
plan graph layer 4...
plan graph layer 5...
plan graph layer 6...
plan graph layer 7...
plan graph layer 8...
plan graph layer 9...
plan graph layer 10...
plan graph layer 11...
plan graph layer 12...
plan graph layer 13...
plan graph layer 14...
goal constraints...

goal fact not coded - level too low??


bb: parsing domain file
domain 'BLOCKS' defined
 ... done.
bb: parsing problem file
problem 'BLOCKS-16-1' defined
 ... done.


time:   0,    20 facts and       0 exclusive pairs
              23 ops   and      12 exclusive pairs
time:   1,    26 facts and      30 exclusive pairs
              41 ops   and     267 exclusive pairs
time:   2,    35 facts and     120 exclusive pairs
              62 ops   and     924 exclusive pairs
time:   3,    39 facts and     152 exclusive pairs
              85 ops   and    2018 exclusive pairs
time:   4,    55 facts and     496 exclusive pairs
             124 ops   and    4987 exclusive pairs
time:   5,    63 facts and     623 exclusive pairs
             151 ops   and    7357 exclusive pairs
time:   6,    75 facts and     884 exclusive pairs
             176 ops   and    9754 exclusive pairs
time:   7,    77 facts and     657 exclusive pairs
             193 ops   and   10986 exclusive pairs
time:   8,    91 facts and    1011 exclusive pairs
             222 ops   and   14718 exclusive pairs
time:   9,    93 facts and     834 exclusive pairs
             241 ops   and   16774 exclusive pairs
time:  10,   109 facts and    1304 exclusive pairs
             274 ops   and   22082 exclusive pairs
time:  11,   111 facts and    1135 exclusive pairs
             295 ops   and   25012 exclusive pairs
time:  12,   129 facts and    1727 exclusive pairs
             332 ops   and   32180 exclusive pairs
time:  13,   131 facts and    1500 exclusive pairs
             355 ops   and   35956 exclusive pairs
time:  14,   151 facts and    2228 exclusive pairs
             396 ops   and   45370 exclusive pairs
time:  15,   153 facts and    1935 exclusive pairs

creating thin gp-based encoding...
plan graph layer 0...
plan graph layer 1...
plan graph layer 2...
plan graph layer 3...
plan graph layer 4...
plan graph layer 5...
plan graph layer 6...
plan graph layer 7...
plan graph layer 8...
plan graph layer 9...
plan graph layer 10...
plan graph layer 11...
plan graph layer 12...
plan graph layer 13...
plan graph layer 14...
plan graph layer 15...
goal constraints...

goal fact not coded - level too low??


bb: parsing domain file
domain 'BLOCKS' defined
 ... done.
bb: parsing problem file
problem 'BLOCKS-16-1' defined
 ... done.


time:   0,    20 facts and       0 exclusive pairs
              23 ops   and      12 exclusive pairs
time:   1,    26 facts and      30 exclusive pairs
              41 ops   and     267 exclusive pairs
time:   2,    35 facts and     120 exclusive pairs
              62 ops   and     924 exclusive pairs
time:   3,    39 facts and     152 exclusive pairs
              85 ops   and    2018 exclusive pairs
time:   4,    55 facts and     496 exclusive pairs
             124 ops   and    4987 exclusive pairs
time:   5,    63 facts and     623 exclusive pairs
             151 ops   and    7357 exclusive pairs
time:   6,    75 facts and     884 exclusive pairs
             176 ops   and    9754 exclusive pairs
time:   7,    77 facts and     657 exclusive pairs
             193 ops   and   10986 exclusive pairs
time:   8,    91 facts and    1011 exclusive pairs
             222 ops   and   14718 exclusive pairs
time:   9,    93 facts and     834 exclusive pairs
             241 ops   and   16774 exclusive pairs
time:  10,   109 facts and    1304 exclusive pairs
             274 ops   and   22082 exclusive pairs
time:  11,   111 facts and    1135 exclusive pairs
             295 ops   and   25012 exclusive pairs
time:  12,   129 facts and    1727 exclusive pairs
             332 ops   and   32180 exclusive pairs
time:  13,   131 facts and    1500 exclusive pairs
             355 ops   and   35956 exclusive pairs
time:  14,   151 facts and    2228 exclusive pairs
             396 ops   and   45370 exclusive pairs
time:  15,   153 facts and    1935 exclusive pairs
             421 ops   and   50140 exclusive pairs
time:  16,   175 facts and    2813 exclusive pairs

creating thin gp-based encoding...
plan graph layer 0...
plan graph layer 1...
plan graph layer 2...
plan graph layer 3...
plan graph layer 4...
plan graph layer 5...
plan graph layer 6...
plan graph layer 7...
plan graph layer 8...
plan graph layer 9...
plan graph layer 10...
plan graph layer 11...
plan graph layer 12...
plan graph layer 13...
plan graph layer 14...
plan graph layer 15...
plan graph layer 16...
goal constraints...

goal fact not coded - level too low??


bb: parsing domain file
domain 'BLOCKS' defined
 ... done.
bb: parsing problem file
problem 'BLOCKS-16-1' defined
 ... done.


time:   0,    20 facts and       0 exclusive pairs
              23 ops   and      12 exclusive pairs
time:   1,    26 facts and      30 exclusive pairs
              41 ops   and     267 exclusive pairs
time:   2,    35 facts and     120 exclusive pairs
              62 ops   and     924 exclusive pairs
time:   3,    39 facts and     152 exclusive pairs
              85 ops   and    2018 exclusive pairs
time:   4,    55 facts and     496 exclusive pairs
             124 ops   and    4987 exclusive pairs
time:   5,    63 facts and     623 exclusive pairs
             151 ops   and    7357 exclusive pairs
time:   6,    75 facts and     884 exclusive pairs
             176 ops   and    9754 exclusive pairs
time:   7,    77 facts and     657 exclusive pairs
             193 ops   and   10986 exclusive pairs
time:   8,    91 facts and    1011 exclusive pairs
             222 ops   and   14718 exclusive pairs
time:   9,    93 facts and     834 exclusive pairs
             241 ops   and   16774 exclusive pairs
time:  10,   109 facts and    1304 exclusive pairs
             274 ops   and   22082 exclusive pairs
time:  11,   111 facts and    1135 exclusive pairs
             295 ops   and   25012 exclusive pairs
time:  12,   129 facts and    1727 exclusive pairs
             332 ops   and   32180 exclusive pairs
time:  13,   131 facts and    1500 exclusive pairs
             355 ops   and   35956 exclusive pairs
time:  14,   151 facts and    2228 exclusive pairs
             396 ops   and   45370 exclusive pairs
time:  15,   153 facts and    1935 exclusive pairs
             421 ops   and   50140 exclusive pairs
time:  16,   175 facts and    2813 exclusive pairs
             466 ops   and   62222 exclusive pairs
time:  17,   177 facts and    2446 exclusive pairs

creating thin gp-based encoding...
plan graph layer 0...
plan graph layer 1...
plan graph layer 2...
plan graph layer 3...
plan graph layer 4...
plan graph layer 5...
plan graph layer 6...
plan graph layer 7...
plan graph layer 8...
plan graph layer 9...
plan graph layer 10...
plan graph layer 11...
plan graph layer 12...
plan graph layer 13...
plan graph layer 14...
plan graph layer 15...
plan graph layer 16...
plan graph layer 17...
goal constraints...

goal fact not coded - level too low??


bb: parsing domain file
domain 'BLOCKS' defined
 ... done.
bb: parsing problem file
problem 'BLOCKS-16-1' defined
 ... done.


time:   0,    20 facts and       0 exclusive pairs
              23 ops   and      12 exclusive pairs
time:   1,    26 facts and      30 exclusive pairs
              41 ops   and     267 exclusive pairs
time:   2,    35 facts and     120 exclusive pairs
              62 ops   and     924 exclusive pairs
time:   3,    39 facts and     152 exclusive pairs
              85 ops   and    2018 exclusive pairs
time:   4,    55 facts and     496 exclusive pairs
             124 ops   and    4987 exclusive pairs
time:   5,    63 facts and     623 exclusive pairs
             151 ops   and    7357 exclusive pairs
time:   6,    75 facts and     884 exclusive pairs
             176 ops   and    9754 exclusive pairs
time:   7,    77 facts and     657 exclusive pairs
             193 ops   and   10986 exclusive pairs
time:   8,    91 facts and    1011 exclusive pairs
             222 ops   and   14718 exclusive pairs
time:   9,    93 facts and     834 exclusive pairs
             241 ops   and   16774 exclusive pairs
time:  10,   109 facts and    1304 exclusive pairs
             274 ops   and   22082 exclusive pairs
time:  11,   111 facts and    1135 exclusive pairs
             295 ops   and   25012 exclusive pairs
time:  12,   129 facts and    1727 exclusive pairs
             332 ops   and   32180 exclusive pairs
time:  13,   131 facts and    1500 exclusive pairs
             355 ops   and   35956 exclusive pairs
time:  14,   151 facts and    2228 exclusive pairs
             396 ops   and   45370 exclusive pairs
time:  15,   153 facts and    1935 exclusive pairs
             421 ops   and   50140 exclusive pairs
time:  16,   175 facts and    2813 exclusive pairs
             466 ops   and   62222 exclusive pairs
time:  17,   177 facts and    2446 exclusive pairs
             493 ops   and   68146 exclusive pairs
time:  18,   201 facts and    3488 exclusive pairs

creating thin gp-based encoding...
plan graph layer 0...
plan graph layer 1...
plan graph layer 2...
plan graph layer 3...
plan graph layer 4...
plan graph layer 5...
plan graph layer 6...
plan graph layer 7...
plan graph layer 8...
plan graph layer 9...
plan graph layer 10...
plan graph layer 11...
plan graph layer 12...
plan graph layer 13...
plan graph layer 14...
plan graph layer 15...
plan graph layer 16...
plan graph layer 17...
plan graph layer 18...
goal constraints...

goal fact not coded - level too low??


bb: parsing domain file
domain 'BLOCKS' defined
 ... done.
bb: parsing problem file
problem 'BLOCKS-16-1' defined
 ... done.


time:   0,    20 facts and       0 exclusive pairs
              23 ops   and      12 exclusive pairs
time:   1,    26 facts and      30 exclusive pairs
              41 ops   and     267 exclusive pairs
time:   2,    35 facts and     120 exclusive pairs
              62 ops   and     924 exclusive pairs
time:   3,    39 facts and     152 exclusive pairs
              85 ops   and    2018 exclusive pairs
time:   4,    55 facts and     496 exclusive pairs
             124 ops   and    4987 exclusive pairs
time:   5,    63 facts and     623 exclusive pairs
             151 ops   and    7357 exclusive pairs
time:   6,    75 facts and     884 exclusive pairs
             176 ops   and    9754 exclusive pairs
time:   7,    77 facts and     657 exclusive pairs
             193 ops   and   10986 exclusive pairs
time:   8,    91 facts and    1011 exclusive pairs
             222 ops   and   14718 exclusive pairs
time:   9,    93 facts and     834 exclusive pairs
             241 ops   and   16774 exclusive pairs
time:  10,   109 facts and    1304 exclusive pairs
             274 ops   and   22082 exclusive pairs
time:  11,   111 facts and    1135 exclusive pairs
             295 ops   and   25012 exclusive pairs
time:  12,   129 facts and    1727 exclusive pairs
             332 ops   and   32180 exclusive pairs
time:  13,   131 facts and    1500 exclusive pairs
             355 ops   and   35956 exclusive pairs
time:  14,   151 facts and    2228 exclusive pairs
             396 ops   and   45370 exclusive pairs
time:  15,   153 facts and    1935 exclusive pairs
             421 ops   and   50140 exclusive pairs
time:  16,   175 facts and    2813 exclusive pairs
             466 ops   and   62222 exclusive pairs
time:  17,   177 facts and    2446 exclusive pairs
             493 ops   and   68146 exclusive pairs
time:  18,   201 facts and    3488 exclusive pairs
             542 ops   and   83354 exclusive pairs
time:  19,   203 facts and    3039 exclusive pairs

creating thin gp-based encoding...
plan graph layer 0...
plan graph layer 1...
plan graph layer 2...
plan graph layer 3...
plan graph layer 4...
plan graph layer 5...
plan graph layer 6...
plan graph layer 7...
plan graph layer 8...
plan graph layer 9...
plan graph layer 10...
plan graph layer 11...
plan graph layer 12...
plan graph layer 13...
plan graph layer 14...
plan graph layer 15...
plan graph layer 16...
plan graph layer 17...
plan graph layer 18...
plan graph layer 19...
goal constraints...

goal fact not coded - level too low??


bb: parsing domain file
domain 'BLOCKS' defined
 ... done.
bb: parsing problem file
problem 'BLOCKS-16-1' defined
 ... done.


time:   0,    20 facts and       0 exclusive pairs
              23 ops   and      12 exclusive pairs
time:   1,    26 facts and      30 exclusive pairs
              41 ops   and     267 exclusive pairs
time:   2,    35 facts and     120 exclusive pairs
              62 ops   and     924 exclusive pairs
time:   3,    39 facts and     152 exclusive pairs
              85 ops   and    2018 exclusive pairs
time:   4,    55 facts and     496 exclusive pairs
             124 ops   and    4987 exclusive pairs
time:   5,    63 facts and     623 exclusive pairs
             151 ops   and    7357 exclusive pairs
time:   6,    75 facts and     884 exclusive pairs
             176 ops   and    9754 exclusive pairs
time:   7,    77 facts and     657 exclusive pairs
             193 ops   and   10986 exclusive pairs
time:   8,    91 facts and    1011 exclusive pairs
             222 ops   and   14718 exclusive pairs
time:   9,    93 facts and     834 exclusive pairs
             241 ops   and   16774 exclusive pairs
time:  10,   109 facts and    1304 exclusive pairs
             274 ops   and   22082 exclusive pairs
time:  11,   111 facts and    1135 exclusive pairs
             295 ops   and   25012 exclusive pairs
time:  12,   129 facts and    1727 exclusive pairs
             332 ops   and   32180 exclusive pairs
time:  13,   131 facts and    1500 exclusive pairs
             355 ops   and   35956 exclusive pairs
time:  14,   151 facts and    2228 exclusive pairs
             396 ops   and   45370 exclusive pairs
time:  15,   153 facts and    1935 exclusive pairs
             421 ops   and   50140 exclusive pairs
time:  16,   175 facts and    2813 exclusive pairs
             466 ops   and   62222 exclusive pairs
time:  17,   177 facts and    2446 exclusive pairs
             493 ops   and   68146 exclusive pairs
time:  18,   201 facts and    3488 exclusive pairs
             542 ops   and   83354 exclusive pairs
time:  19,   203 facts and    3039 exclusive pairs
             571 ops   and   90604 exclusive pairs
time:  20,   229 facts and    4259 exclusive pairs

creating thin gp-based encoding...
plan graph layer 0...
plan graph layer 1...
plan graph layer 2...
plan graph layer 3...
plan graph layer 4...
plan graph layer 5...
plan graph layer 6...
plan graph layer 7...
plan graph layer 8...
plan graph layer 9...
plan graph layer 10...
plan graph layer 11...
plan graph layer 12...
plan graph layer 13...
plan graph layer 14...
plan graph layer 15...
plan graph layer 16...
plan graph layer 17...
plan graph layer 18...
plan graph layer 19...
plan graph layer 20...
goal constraints...

goal fact not coded - level too low??


bb: parsing domain file
domain 'BLOCKS' defined
 ... done.
bb: parsing problem file
problem 'BLOCKS-16-1' defined
 ... done.


time:   0,    20 facts and       0 exclusive pairs
              23 ops   and      12 exclusive pairs
time:   1,    26 facts and      30 exclusive pairs
              41 ops   and     267 exclusive pairs
time:   2,    35 facts and     120 exclusive pairs
              62 ops   and     924 exclusive pairs
time:   3,    39 facts and     152 exclusive pairs
              85 ops   and    2018 exclusive pairs
time:   4,    55 facts and     496 exclusive pairs
             124 ops   and    4987 exclusive pairs
time:   5,    63 facts and     623 exclusive pairs
             151 ops   and    7357 exclusive pairs
time:   6,    75 facts and     884 exclusive pairs
             176 ops   and    9754 exclusive pairs
time:   7,    77 facts and     657 exclusive pairs
             193 ops   and   10986 exclusive pairs
time:   8,    91 facts and    1011 exclusive pairs
             222 ops   and   14718 exclusive pairs
time:   9,    93 facts and     834 exclusive pairs
             241 ops   and   16774 exclusive pairs
time:  10,   109 facts and    1304 exclusive pairs
             274 ops   and   22082 exclusive pairs
time:  11,   111 facts and    1135 exclusive pairs
             295 ops   and   25012 exclusive pairs
time:  12,   129 facts and    1727 exclusive pairs
             332 ops   and   32180 exclusive pairs
time:  13,   131 facts and    1500 exclusive pairs
             355 ops   and   35956 exclusive pairs
time:  14,   151 facts and    2228 exclusive pairs
             396 ops   and   45370 exclusive pairs
time:  15,   153 facts and    1935 exclusive pairs
             421 ops   and   50140 exclusive pairs
time:  16,   175 facts and    2813 exclusive pairs
             466 ops   and   62222 exclusive pairs
time:  17,   177 facts and    2446 exclusive pairs
             493 ops   and   68146 exclusive pairs
time:  18,   201 facts and    3488 exclusive pairs
             542 ops   and   83354 exclusive pairs
time:  19,   203 facts and    3039 exclusive pairs
             571 ops   and   90604 exclusive pairs
time:  20,   229 facts and    4259 exclusive pairs
             624 ops   and  109432 exclusive pairs
time:  21,   231 facts and    3720 exclusive pairs

creating thin gp-based encoding...
plan graph layer 0...
plan graph layer 1...
plan graph layer 2...
plan graph layer 3...
plan graph layer 4...
plan graph layer 5...
plan graph layer 6...
plan graph layer 7...
plan graph layer 8...
plan graph layer 9...
plan graph layer 10...
plan graph layer 11...
plan graph layer 12...
plan graph layer 13...
plan graph layer 14...
plan graph layer 15...
plan graph layer 16...
plan graph layer 17...
plan graph layer 18...
plan graph layer 19...
plan graph layer 20...
plan graph layer 21...
goal constraints...

goal fact not coded - level too low??


bb: parsing domain file
domain 'BLOCKS' defined
 ... done.
bb: parsing problem file
problem 'BLOCKS-16-1' defined
 ... done.


time:   0,    20 facts and       0 exclusive pairs
              23 ops   and      12 exclusive pairs
time:   1,    26 facts and      30 exclusive pairs
              41 ops   and     267 exclusive pairs
time:   2,    35 facts and     120 exclusive pairs
              62 ops   and     924 exclusive pairs
time:   3,    39 facts and     152 exclusive pairs
              85 ops   and    2018 exclusive pairs
time:   4,    55 facts and     496 exclusive pairs
             124 ops   and    4987 exclusive pairs
time:   5,    63 facts and     623 exclusive pairs
             151 ops   and    7357 exclusive pairs
time:   6,    75 facts and     884 exclusive pairs
             176 ops   and    9754 exclusive pairs
time:   7,    77 facts and     657 exclusive pairs
             193 ops   and   10986 exclusive pairs
time:   8,    91 facts and    1011 exclusive pairs
             222 ops   and   14718 exclusive pairs
time:   9,    93 facts and     834 exclusive pairs
             241 ops   and   16774 exclusive pairs
time:  10,   109 facts and    1304 exclusive pairs
             274 ops   and   22082 exclusive pairs
time:  11,   111 facts and    1135 exclusive pairs
             295 ops   and   25012 exclusive pairs
time:  12,   129 facts and    1727 exclusive pairs
             332 ops   and   32180 exclusive pairs
time:  13,   131 facts and    1500 exclusive pairs
             355 ops   and   35956 exclusive pairs
time:  14,   151 facts and    2228 exclusive pairs
             396 ops   and   45370 exclusive pairs
time:  15,   153 facts and    1935 exclusive pairs
             421 ops   and   50140 exclusive pairs
time:  16,   175 facts and    2813 exclusive pairs
             466 ops   and   62222 exclusive pairs
time:  17,   177 facts and    2446 exclusive pairs
             493 ops   and   68146 exclusive pairs
time:  18,   201 facts and    3488 exclusive pairs
             542 ops   and   83354 exclusive pairs
time:  19,   203 facts and    3039 exclusive pairs
             571 ops   and   90604 exclusive pairs
time:  20,   229 facts and    4259 exclusive pairs
             624 ops   and  109432 exclusive pairs
time:  21,   231 facts and    3720 exclusive pairs
             655 ops   and  118192 exclusive pairs
time:  22,   259 facts and    5132 exclusive pairs

creating thin gp-based encoding...
plan graph layer 0...
plan graph layer 1...
plan graph layer 2...
plan graph layer 3...
plan graph layer 4...
plan graph layer 5...
plan graph layer 6...
plan graph layer 7...
plan graph layer 8...
plan graph layer 9...
plan graph layer 10...
plan graph layer 11...
plan graph layer 12...
plan graph layer 13...
plan graph layer 14...
plan graph layer 15...
plan graph layer 16...
plan graph layer 17...
plan graph layer 18...
plan graph layer 19...
plan graph layer 20...
plan graph layer 21...
plan graph layer 22...
goal constraints...

goal fact not coded - level too low??


bb: parsing domain file
domain 'BLOCKS' defined
 ... done.
bb: parsing problem file
problem 'BLOCKS-16-1' defined
 ... done.


time:   0,    20 facts and       0 exclusive pairs
              23 ops   and      12 exclusive pairs
time:   1,    26 facts and      30 exclusive pairs
              41 ops   and     267 exclusive pairs
time:   2,    35 facts and     120 exclusive pairs
              62 ops   and     924 exclusive pairs
time:   3,    39 facts and     152 exclusive pairs
              85 ops   and    2018 exclusive pairs
time:   4,    55 facts and     496 exclusive pairs
             124 ops   and    4987 exclusive pairs
time:   5,    63 facts and     623 exclusive pairs
             151 ops   and    7357 exclusive pairs
time:   6,    75 facts and     884 exclusive pairs
             176 ops   and    9754 exclusive pairs
time:   7,    77 facts and     657 exclusive pairs
             193 ops   and   10986 exclusive pairs
time:   8,    91 facts and    1011 exclusive pairs
             222 ops   and   14718 exclusive pairs
time:   9,    93 facts and     834 exclusive pairs
             241 ops   and   16774 exclusive pairs
time:  10,   109 facts and    1304 exclusive pairs
             274 ops   and   22082 exclusive pairs
time:  11,   111 facts and    1135 exclusive pairs
             295 ops   and   25012 exclusive pairs
time:  12,   129 facts and    1727 exclusive pairs
             332 ops   and   32180 exclusive pairs
time:  13,   131 facts and    1500 exclusive pairs
             355 ops   and   35956 exclusive pairs
time:  14,   151 facts and    2228 exclusive pairs
             396 ops   and   45370 exclusive pairs
time:  15,   153 facts and    1935 exclusive pairs
             421 ops   and   50140 exclusive pairs
time:  16,   175 facts and    2813 exclusive pairs
             466 ops   and   62222 exclusive pairs
time:  17,   177 facts and    2446 exclusive pairs
             493 ops   and   68146 exclusive pairs
time:  18,   201 facts and    3488 exclusive pairs
             542 ops   and   83354 exclusive pairs
time:  19,   203 facts and    3039 exclusive pairs
             571 ops   and   90604 exclusive pairs
time:  20,   229 facts and    4259 exclusive pairs
             624 ops   and  109432 exclusive pairs
time:  21,   231 facts and    3720 exclusive pairs
             655 ops   and  118192 exclusive pairs
time:  22,   259 facts and    5132 exclusive pairs
             712 ops   and  141170 exclusive pairs
time:  23,   260 facts and    4449 exclusive pairs

creating thin gp-based encoding...
plan graph layer 0...
plan graph layer 1...
plan graph layer 2...
plan graph layer 3...
plan graph layer 4...
plan graph layer 5...
plan graph layer 6...
plan graph layer 7...
plan graph layer 8...
plan graph layer 9...
plan graph layer 10...
plan graph layer 11...
plan graph layer 12...
plan graph layer 13...
plan graph layer 14...
plan graph layer 15...
plan graph layer 16...
plan graph layer 17...
plan graph layer 18...
plan graph layer 19...
plan graph layer 20...
plan graph layer 21...
plan graph layer 22...
plan graph layer 23...
goal constraints...

goal fact not coded - level too low??


bb: parsing domain file
domain 'BLOCKS' defined
 ... done.
bb: parsing problem file
problem 'BLOCKS-16-1' defined
 ... done.


time:   0,    20 facts and       0 exclusive pairs
              23 ops   and      12 exclusive pairs
time:   1,    26 facts and      30 exclusive pairs
              41 ops   and     267 exclusive pairs
time:   2,    35 facts and     120 exclusive pairs
              62 ops   and     924 exclusive pairs
time:   3,    39 facts and     152 exclusive pairs
              85 ops   and    2018 exclusive pairs
time:   4,    55 facts and     496 exclusive pairs
             124 ops   and    4987 exclusive pairs
time:   5,    63 facts and     623 exclusive pairs
             151 ops   and    7357 exclusive pairs
time:   6,    75 facts and     884 exclusive pairs
             176 ops   and    9754 exclusive pairs
time:   7,    77 facts and     657 exclusive pairs
             193 ops   and   10986 exclusive pairs
time:   8,    91 facts and    1011 exclusive pairs
             222 ops   and   14718 exclusive pairs
time:   9,    93 facts and     834 exclusive pairs
             241 ops   and   16774 exclusive pairs
time:  10,   109 facts and    1304 exclusive pairs
             274 ops   and   22082 exclusive pairs
time:  11,   111 facts and    1135 exclusive pairs
             295 ops   and   25012 exclusive pairs
time:  12,   129 facts and    1727 exclusive pairs
             332 ops   and   32180 exclusive pairs
time:  13,   131 facts and    1500 exclusive pairs
             355 ops   and   35956 exclusive pairs
time:  14,   151 facts and    2228 exclusive pairs
             396 ops   and   45370 exclusive pairs
time:  15,   153 facts and    1935 exclusive pairs
             421 ops   and   50140 exclusive pairs
time:  16,   175 facts and    2813 exclusive pairs
             466 ops   and   62222 exclusive pairs
time:  17,   177 facts and    2446 exclusive pairs
             493 ops   and   68146 exclusive pairs
time:  18,   201 facts and    3488 exclusive pairs
             542 ops   and   83354 exclusive pairs
time:  19,   203 facts and    3039 exclusive pairs
             571 ops   and   90604 exclusive pairs
time:  20,   229 facts and    4259 exclusive pairs
             624 ops   and  109432 exclusive pairs
time:  21,   231 facts and    3720 exclusive pairs
             655 ops   and  118192 exclusive pairs
time:  22,   259 facts and    5132 exclusive pairs
             712 ops   and  141170 exclusive pairs
time:  23,   260 facts and    4449 exclusive pairs
             743 ops   and  150592 exclusive pairs
time:  24,   289 facts and    5994 exclusive pairs

creating thin gp-based encoding...
plan graph layer 0...
plan graph layer 1...
plan graph layer 2...
plan graph layer 3...
plan graph layer 4...
plan graph layer 5...
plan graph layer 6...
plan graph layer 7...
plan graph layer 8...
plan graph layer 9...
plan graph layer 10...
plan graph layer 11...
plan graph layer 12...
plan graph layer 13...
plan graph layer 14...
plan graph layer 15...
plan graph layer 16...
plan graph layer 17...
plan graph layer 18...
plan graph layer 19...
plan graph layer 20...
plan graph layer 21...
plan graph layer 22...
plan graph layer 23...
plan graph layer 24...
goal constraints...
exclusion constraints layer 0...
exclusion constraints layer 1...
exclusion constraints layer 2...
exclusion constraints layer 3...
exclusion constraints layer 4...
exclusion constraints layer 5...
exclusion constraints layer 6...
exclusion constraints layer 7...
exclusion constraints layer 8...
exclusion constraints layer 9...
exclusion constraints layer 10...
exclusion constraints layer 11...
exclusion constraints layer 12...
exclusion constraints layer 13...
exclusion constraints layer 14...
exclusion constraints layer 15...
exclusion constraints layer 16...
exclusion constraints layer 17...
exclusion constraints layer 18...
exclusion constraints layer 19...
exclusion constraints layer 20...
exclusion constraints layer 21...
exclusion constraints layer 22...
exclusion constraints layer 23...
exclusion constraints layer 24...

DECISION LAYER 24, WRITING THIN GP-BASED ENCODING WITH 11579 VARS, 710639 CLAUSES.

time spent:    0.00 seconds instantiating 544 action templates
               0.00 seconds reachability analysis, yielding 305 facts and 544 actions
               0.00 seconds collecting 305 relevant facts
               0.00 seconds building connectivity graph
               0.00 seconds building (std) graph
               0.16 seconds CNF output time
               0.16 seconds total planner time (solving not included)


***Solving***


[ filemap ]
[ extract ]

variables : 11579
pure lits : 294

1-clauses : 15
2-clauses : 707687
3-clauses : 2466
n-clauses : 471
discarded : 0

[ solve ]


unsatisfiable                             

[ stats ]

decisions : 0
conflicts : 1
time : ~0.01

***UNSAT***


bb: parsing domain file
domain 'BLOCKS' defined
 ... done.
bb: parsing problem file
problem 'BLOCKS-16-1' defined
 ... done.


time:   0,    20 facts and       0 exclusive pairs
              23 ops   and      12 exclusive pairs
time:   1,    26 facts and      30 exclusive pairs
              41 ops   and     267 exclusive pairs
time:   2,    35 facts and     120 exclusive pairs
              62 ops   and     924 exclusive pairs
time:   3,    39 facts and     152 exclusive pairs
              85 ops   and    2018 exclusive pairs
time:   4,    55 facts and     496 exclusive pairs
             124 ops   and    4987 exclusive pairs
time:   5,    63 facts and     623 exclusive pairs
             151 ops   and    7357 exclusive pairs
time:   6,    75 facts and     884 exclusive pairs
             176 ops   and    9754 exclusive pairs
time:   7,    77 facts and     657 exclusive pairs
             193 ops   and   10986 exclusive pairs
time:   8,    91 facts and    1011 exclusive pairs
             222 ops   and   14718 exclusive pairs
time:   9,    93 facts and     834 exclusive pairs
             241 ops   and   16774 exclusive pairs
time:  10,   109 facts and    1304 exclusive pairs
             274 ops   and   22082 exclusive pairs
time:  11,   111 facts and    1135 exclusive pairs
             295 ops   and   25012 exclusive pairs
time:  12,   129 facts and    1727 exclusive pairs
             332 ops   and   32180 exclusive pairs
time:  13,   131 facts and    1500 exclusive pairs
             355 ops   and   35956 exclusive pairs
time:  14,   151 facts and    2228 exclusive pairs
             396 ops   and   45370 exclusive pairs
time:  15,   153 facts and    1935 exclusive pairs
             421 ops   and   50140 exclusive pairs
time:  16,   175 facts and    2813 exclusive pairs
             466 ops   and   62222 exclusive pairs
time:  17,   177 facts and    2446 exclusive pairs
             493 ops   and   68146 exclusive pairs
time:  18,   201 facts and    3488 exclusive pairs
             542 ops   and   83354 exclusive pairs
time:  19,   203 facts and    3039 exclusive pairs
             571 ops   and   90604 exclusive pairs
time:  20,   229 facts and    4259 exclusive pairs
             624 ops   and  109432 exclusive pairs
time:  21,   231 facts and    3720 exclusive pairs
             655 ops   and  118192 exclusive pairs
time:  22,   259 facts and    5132 exclusive pairs
             712 ops   and  141170 exclusive pairs
time:  23,   260 facts and    4449 exclusive pairs
             743 ops   and  150592 exclusive pairs
time:  24,   289 facts and    5994 exclusive pairs
             801 ops   and  176897 exclusive pairs
time:  25,   289 facts and    5210 exclusive pairs

creating thin gp-based encoding...
plan graph layer 0...
plan graph layer 1...
plan graph layer 2...
plan graph layer 3...
plan graph layer 4...
plan graph layer 5...
plan graph layer 6...
plan graph layer 7...
plan graph layer 8...
plan graph layer 9...
plan graph layer 10...
plan graph layer 11...
plan graph layer 12...
plan graph layer 13...
plan graph layer 14...
plan graph layer 15...
plan graph layer 16...
plan graph layer 17...
plan graph layer 18...
plan graph layer 19...
plan graph layer 20...
plan graph layer 21...
plan graph layer 22...
plan graph layer 23...
plan graph layer 24...
plan graph layer 25...
goal constraints...
exclusion constraints layer 0...
exclusion constraints layer 1...
exclusion constraints layer 2...
exclusion constraints layer 3...
exclusion constraints layer 4...
exclusion constraints layer 5...
exclusion constraints layer 6...
exclusion constraints layer 7...
exclusion constraints layer 8...
exclusion constraints layer 9...
exclusion constraints layer 10...
exclusion constraints layer 11...
exclusion constraints layer 12...
exclusion constraints layer 13...
exclusion constraints layer 14...
exclusion constraints layer 15...
exclusion constraints layer 16...
exclusion constraints layer 17...
exclusion constraints layer 18...
exclusion constraints layer 19...
exclusion constraints layer 20...
exclusion constraints layer 21...
exclusion constraints layer 22...
exclusion constraints layer 23...
exclusion constraints layer 24...
exclusion constraints layer 25...

DECISION LAYER 25, WRITING THIN GP-BASED ENCODING WITH 12669 VARS, 824451 CLAUSES.

time spent:    0.00 seconds instantiating 544 action templates
               0.00 seconds reachability analysis, yielding 305 facts and 544 actions
               0.00 seconds collecting 305 relevant facts
               0.00 seconds building connectivity graph
               0.00 seconds building (std) graph
               0.20 seconds CNF output time
               0.20 seconds total planner time (solving not included)


***Solving***


[ filemap ]
[ extract ]

variables : 12669
pure lits : 294

1-clauses : 15
2-clauses : 821210
3-clauses : 2722
n-clauses : 504
discarded : 0

[ solve ]


unsatisfiable                             

[ stats ]

decisions : 0
conflicts : 1
time : ~0.01

***UNSAT***


bb: parsing domain file
domain 'BLOCKS' defined
 ... done.
bb: parsing problem file
problem 'BLOCKS-16-1' defined
 ... done.


time:   0,    20 facts and       0 exclusive pairs
              23 ops   and      12 exclusive pairs
time:   1,    26 facts and      30 exclusive pairs
              41 ops   and     267 exclusive pairs
time:   2,    35 facts and     120 exclusive pairs
              62 ops   and     924 exclusive pairs
time:   3,    39 facts and     152 exclusive pairs
              85 ops   and    2018 exclusive pairs
time:   4,    55 facts and     496 exclusive pairs
             124 ops   and    4987 exclusive pairs
time:   5,    63 facts and     623 exclusive pairs
             151 ops   and    7357 exclusive pairs
time:   6,    75 facts and     884 exclusive pairs
             176 ops   and    9754 exclusive pairs
time:   7,    77 facts and     657 exclusive pairs
             193 ops   and   10986 exclusive pairs
time:   8,    91 facts and    1011 exclusive pairs
             222 ops   and   14718 exclusive pairs
time:   9,    93 facts and     834 exclusive pairs
             241 ops   and   16774 exclusive pairs
time:  10,   109 facts and    1304 exclusive pairs
             274 ops   and   22082 exclusive pairs
time:  11,   111 facts and    1135 exclusive pairs
             295 ops   and   25012 exclusive pairs
time:  12,   129 facts and    1727 exclusive pairs
             332 ops   and   32180 exclusive pairs
time:  13,   131 facts and    1500 exclusive pairs
             355 ops   and   35956 exclusive pairs
time:  14,   151 facts and    2228 exclusive pairs
             396 ops   and   45370 exclusive pairs
time:  15,   153 facts and    1935 exclusive pairs
             421 ops   and   50140 exclusive pairs
time:  16,   175 facts and    2813 exclusive pairs
             466 ops   and   62222 exclusive pairs
time:  17,   177 facts and    2446 exclusive pairs
             493 ops   and   68146 exclusive pairs
time:  18,   201 facts and    3488 exclusive pairs
             542 ops   and   83354 exclusive pairs
time:  19,   203 facts and    3039 exclusive pairs
             571 ops   and   90604 exclusive pairs
time:  20,   229 facts and    4259 exclusive pairs
             624 ops   and  109432 exclusive pairs
time:  21,   231 facts and    3720 exclusive pairs
             655 ops   and  118192 exclusive pairs
time:  22,   259 facts and    5132 exclusive pairs
             712 ops   and  141170 exclusive pairs
time:  23,   260 facts and    4449 exclusive pairs
             743 ops   and  150592 exclusive pairs
time:  24,   289 facts and    5994 exclusive pairs
             801 ops   and  176897 exclusive pairs
time:  25,   289 facts and    5210 exclusive pairs
             801 ops   and  169098 exclusive pairs
time:  26,   289 facts and    4608 exclusive pairs

creating thin gp-based encoding...
plan graph layer 0...
plan graph layer 1...
plan graph layer 2...
plan graph layer 3...
plan graph layer 4...
plan graph layer 5...
plan graph layer 6...
plan graph layer 7...
plan graph layer 8...
plan graph layer 9...
plan graph layer 10...
plan graph layer 11...
plan graph layer 12...
plan graph layer 13...
plan graph layer 14...
plan graph layer 15...
plan graph layer 16...
plan graph layer 17...
plan graph layer 18...
plan graph layer 19...
plan graph layer 20...
plan graph layer 21...
plan graph layer 22...
plan graph layer 23...
plan graph layer 24...
plan graph layer 25...
plan graph layer 26...
goal constraints...
exclusion constraints layer 0...
exclusion constraints layer 1...
exclusion constraints layer 2...
exclusion constraints layer 3...
exclusion constraints layer 4...
exclusion constraints layer 5...
exclusion constraints layer 6...
exclusion constraints layer 7...
exclusion constraints layer 8...
exclusion constraints layer 9...
exclusion constraints layer 10...
exclusion constraints layer 11...
exclusion constraints layer 12...
exclusion constraints layer 13...
exclusion constraints layer 14...
exclusion constraints layer 15...
exclusion constraints layer 16...
exclusion constraints layer 17...
exclusion constraints layer 18...
exclusion constraints layer 19...
exclusion constraints layer 20...
exclusion constraints layer 21...
exclusion constraints layer 22...
exclusion constraints layer 23...
exclusion constraints layer 24...
exclusion constraints layer 25...
exclusion constraints layer 26...

DECISION LAYER 26, WRITING THIN GP-BASED ENCODING WITH 13759 VARS, 937661 CLAUSES.

time spent:    0.00 seconds instantiating 544 action templates
               0.00 seconds reachability analysis, yielding 305 facts and 544 actions
               0.00 seconds collecting 305 relevant facts
               0.00 seconds building connectivity graph
               0.00 seconds building (std) graph
               0.21 seconds CNF output time
               0.21 seconds total planner time (solving not included)


***Solving***


[ filemap ]
[ extract ]

variables : 13759
pure lits : 294

1-clauses : 15
2-clauses : 934131
3-clauses : 2978
n-clauses : 537
discarded : 0

[ solve ]


unsatisfiable                             

[ stats ]

decisions : 587
conflicts : 18
time : ~0.01

***UNSAT***


bb: parsing domain file
domain 'BLOCKS' defined
 ... done.
bb: parsing problem file
problem 'BLOCKS-16-1' defined
 ... done.


time:   0,    20 facts and       0 exclusive pairs
              23 ops   and      12 exclusive pairs
time:   1,    26 facts and      30 exclusive pairs
              41 ops   and     267 exclusive pairs
time:   2,    35 facts and     120 exclusive pairs
              62 ops   and     924 exclusive pairs
time:   3,    39 facts and     152 exclusive pairs
              85 ops   and    2018 exclusive pairs
time:   4,    55 facts and     496 exclusive pairs
             124 ops   and    4987 exclusive pairs
time:   5,    63 facts and     623 exclusive pairs
             151 ops   and    7357 exclusive pairs
time:   6,    75 facts and     884 exclusive pairs
             176 ops   and    9754 exclusive pairs
time:   7,    77 facts and     657 exclusive pairs
             193 ops   and   10986 exclusive pairs
time:   8,    91 facts and    1011 exclusive pairs
             222 ops   and   14718 exclusive pairs
time:   9,    93 facts and     834 exclusive pairs
             241 ops   and   16774 exclusive pairs
time:  10,   109 facts and    1304 exclusive pairs
             274 ops   and   22082 exclusive pairs
time:  11,   111 facts and    1135 exclusive pairs
             295 ops   and   25012 exclusive pairs
time:  12,   129 facts and    1727 exclusive pairs
             332 ops   and   32180 exclusive pairs
time:  13,   131 facts and    1500 exclusive pairs
             355 ops   and   35956 exclusive pairs
time:  14,   151 facts and    2228 exclusive pairs
             396 ops   and   45370 exclusive pairs
time:  15,   153 facts and    1935 exclusive pairs
             421 ops   and   50140 exclusive pairs
time:  16,   175 facts and    2813 exclusive pairs
             466 ops   and   62222 exclusive pairs
time:  17,   177 facts and    2446 exclusive pairs
             493 ops   and   68146 exclusive pairs
time:  18,   201 facts and    3488 exclusive pairs
             542 ops   and   83354 exclusive pairs
time:  19,   203 facts and    3039 exclusive pairs
             571 ops   and   90604 exclusive pairs
time:  20,   229 facts and    4259 exclusive pairs
             624 ops   and  109432 exclusive pairs
time:  21,   231 facts and    3720 exclusive pairs
             655 ops   and  118192 exclusive pairs
time:  22,   259 facts and    5132 exclusive pairs
             712 ops   and  141170 exclusive pairs
time:  23,   260 facts and    4449 exclusive pairs
             743 ops   and  150592 exclusive pairs
time:  24,   289 facts and    5994 exclusive pairs
             801 ops   and  176897 exclusive pairs
time:  25,   289 facts and    5210 exclusive pairs
             801 ops   and  169098 exclusive pairs
time:  26,   289 facts and    4608 exclusive pairs
graph has leveled off at time step 27


             801 ops   and  167712 exclusive pairs
time:  27,   289 facts and    4608 exclusive pairs

creating thin gp-based encoding...
plan graph layer 0...
plan graph layer 1...
plan graph layer 2...
plan graph layer 3...
plan graph layer 4...
plan graph layer 5...
plan graph layer 6...
plan graph layer 7...
plan graph layer 8...
plan graph layer 9...
plan graph layer 10...
plan graph layer 11...
plan graph layer 12...
plan graph layer 13...
plan graph layer 14...
plan graph layer 15...
plan graph layer 16...
plan graph layer 17...
plan graph layer 18...
plan graph layer 19...
plan graph layer 20...
plan graph layer 21...
plan graph layer 22...
plan graph layer 23...
plan graph layer 24...
plan graph layer 25...
plan graph layer 26...
plan graph layer 27...
goal constraints...
exclusion constraints layer 0...
exclusion constraints layer 1...
exclusion constraints layer 2...
exclusion constraints layer 3...
exclusion constraints layer 4...
exclusion constraints layer 5...
exclusion constraints layer 6...
exclusion constraints layer 7...
exclusion constraints layer 8...
exclusion constraints layer 9...
exclusion constraints layer 10...
exclusion constraints layer 11...
exclusion constraints layer 12...
exclusion constraints layer 13...
exclusion constraints layer 14...
exclusion constraints layer 15...
exclusion constraints layer 16...
exclusion constraints layer 17...
exclusion constraints layer 18...
exclusion constraints layer 19...
exclusion constraints layer 20...
exclusion constraints layer 21...
exclusion constraints layer 22...
exclusion constraints layer 23...
exclusion constraints layer 24...
exclusion constraints layer 25...
exclusion constraints layer 26...
exclusion constraints layer 27...

DECISION LAYER 27, WRITING THIN GP-BASED ENCODING WITH 14849 VARS, 1050871 CLAUSES.

time spent:    0.00 seconds instantiating 544 action templates
               0.00 seconds reachability analysis, yielding 305 facts and 544 actions
               0.00 seconds collecting 305 relevant facts
               0.00 seconds building connectivity graph
               0.00 seconds building (std) graph
               0.25 seconds CNF output time
               0.25 seconds total planner time (solving not included)


***Solving***


[ filemap ]
[ extract ]

variables : 14849
pure lits : 294

1-clauses : 15
2-clauses : 1047052
3-clauses : 3234
n-clauses : 570
discarded : 0

[ solve ]


unsatisfiable                             

[ stats ]

decisions : 4662
conflicts : 410
time : ~0.019

***UNSAT***


bb: parsing domain file
domain 'BLOCKS' defined
 ... done.
bb: parsing problem file
problem 'BLOCKS-16-1' defined
 ... done.


time:   0,    20 facts and       0 exclusive pairs
              23 ops   and      12 exclusive pairs
time:   1,    26 facts and      30 exclusive pairs
              41 ops   and     267 exclusive pairs
time:   2,    35 facts and     120 exclusive pairs
              62 ops   and     924 exclusive pairs
time:   3,    39 facts and     152 exclusive pairs
              85 ops   and    2018 exclusive pairs
time:   4,    55 facts and     496 exclusive pairs
             124 ops   and    4987 exclusive pairs
time:   5,    63 facts and     623 exclusive pairs
             151 ops   and    7357 exclusive pairs
time:   6,    75 facts and     884 exclusive pairs
             176 ops   and    9754 exclusive pairs
time:   7,    77 facts and     657 exclusive pairs
             193 ops   and   10986 exclusive pairs
time:   8,    91 facts and    1011 exclusive pairs
             222 ops   and   14718 exclusive pairs
time:   9,    93 facts and     834 exclusive pairs
             241 ops   and   16774 exclusive pairs
time:  10,   109 facts and    1304 exclusive pairs
             274 ops   and   22082 exclusive pairs
time:  11,   111 facts and    1135 exclusive pairs
             295 ops   and   25012 exclusive pairs
time:  12,   129 facts and    1727 exclusive pairs
             332 ops   and   32180 exclusive pairs
time:  13,   131 facts and    1500 exclusive pairs
             355 ops   and   35956 exclusive pairs
time:  14,   151 facts and    2228 exclusive pairs
             396 ops   and   45370 exclusive pairs
time:  15,   153 facts and    1935 exclusive pairs
             421 ops   and   50140 exclusive pairs
time:  16,   175 facts and    2813 exclusive pairs
             466 ops   and   62222 exclusive pairs
time:  17,   177 facts and    2446 exclusive pairs
             493 ops   and   68146 exclusive pairs
time:  18,   201 facts and    3488 exclusive pairs
             542 ops   and   83354 exclusive pairs
time:  19,   203 facts and    3039 exclusive pairs
             571 ops   and   90604 exclusive pairs
time:  20,   229 facts and    4259 exclusive pairs
             624 ops   and  109432 exclusive pairs
time:  21,   231 facts and    3720 exclusive pairs
             655 ops   and  118192 exclusive pairs
time:  22,   259 facts and    5132 exclusive pairs
             712 ops   and  141170 exclusive pairs
time:  23,   260 facts and    4449 exclusive pairs
             743 ops   and  150592 exclusive pairs
time:  24,   289 facts and    5994 exclusive pairs
             801 ops   and  176897 exclusive pairs
time:  25,   289 facts and    5210 exclusive pairs
             801 ops   and  169098 exclusive pairs
time:  26,   289 facts and    4608 exclusive pairs
graph has leveled off at time step 27


             801 ops   and  167712 exclusive pairs
time:  27,   289 facts and    4608 exclusive pairs
             801 ops   and  167712 exclusive pairs
time:  28,   289 facts and    4608 exclusive pairs

creating thin gp-based encoding...
plan graph layer 0...
plan graph layer 1...
plan graph layer 2...
plan graph layer 3...
plan graph layer 4...
plan graph layer 5...
plan graph layer 6...
plan graph layer 7...
plan graph layer 8...
plan graph layer 9...
plan graph layer 10...
plan graph layer 11...
plan graph layer 12...
plan graph layer 13...
plan graph layer 14...
plan graph layer 15...
plan graph layer 16...
plan graph layer 17...
plan graph layer 18...
plan graph layer 19...
plan graph layer 20...
plan graph layer 21...
plan graph layer 22...
plan graph layer 23...
plan graph layer 24...
plan graph layer 25...
plan graph layer 26...
plan graph layer 27...
plan graph layer 28...
goal constraints...
exclusion constraints layer 0...
exclusion constraints layer 1...
exclusion constraints layer 2...
exclusion constraints layer 3...
exclusion constraints layer 4...
exclusion constraints layer 5...
exclusion constraints layer 6...
exclusion constraints layer 7...
exclusion constraints layer 8...
exclusion constraints layer 9...
exclusion constraints layer 10...
exclusion constraints layer 11...
exclusion constraints layer 12...
exclusion constraints layer 13...
exclusion constraints layer 14...
exclusion constraints layer 15...
exclusion constraints layer 16...
exclusion constraints layer 17...
exclusion constraints layer 18...
exclusion constraints layer 19...
exclusion constraints layer 20...
exclusion constraints layer 21...
exclusion constraints layer 22...
exclusion constraints layer 23...
exclusion constraints layer 24...
exclusion constraints layer 25...
exclusion constraints layer 26...
exclusion constraints layer 27...
exclusion constraints layer 28...

DECISION LAYER 28, WRITING THIN GP-BASED ENCODING WITH 15939 VARS, 1164081 CLAUSES.

time spent:    0.00 seconds instantiating 544 action templates
               0.00 seconds reachability analysis, yielding 305 facts and 544 actions
               0.00 seconds collecting 305 relevant facts
               0.00 seconds building connectivity graph
               0.00 seconds building (std) graph
               0.27 seconds CNF output time
               0.27 seconds total planner time (solving not included)


***Solving***


[ filemap ]
[ extract ]

variables : 15939
pure lits : 294

1-clauses : 15
2-clauses : 1159973
3-clauses : 3490
n-clauses : 603
discarded : 0

[ solve ]


unsatisfiable                             

[ stats ]

decisions : 1939
conflicts : 73
time : ~0.01

***UNSAT***


bb: parsing domain file
domain 'BLOCKS' defined
 ... done.
bb: parsing problem file
problem 'BLOCKS-16-1' defined
 ... done.


time:   0,    20 facts and       0 exclusive pairs
              23 ops   and      12 exclusive pairs
time:   1,    26 facts and      30 exclusive pairs
              41 ops   and     267 exclusive pairs
time:   2,    35 facts and     120 exclusive pairs
              62 ops   and     924 exclusive pairs
time:   3,    39 facts and     152 exclusive pairs
              85 ops   and    2018 exclusive pairs
time:   4,    55 facts and     496 exclusive pairs
             124 ops   and    4987 exclusive pairs
time:   5,    63 facts and     623 exclusive pairs
             151 ops   and    7357 exclusive pairs
time:   6,    75 facts and     884 exclusive pairs
             176 ops   and    9754 exclusive pairs
time:   7,    77 facts and     657 exclusive pairs
             193 ops   and   10986 exclusive pairs
time:   8,    91 facts and    1011 exclusive pairs
             222 ops   and   14718 exclusive pairs
time:   9,    93 facts and     834 exclusive pairs
             241 ops   and   16774 exclusive pairs
time:  10,   109 facts and    1304 exclusive pairs
             274 ops   and   22082 exclusive pairs
time:  11,   111 facts and    1135 exclusive pairs
             295 ops   and   25012 exclusive pairs
time:  12,   129 facts and    1727 exclusive pairs
             332 ops   and   32180 exclusive pairs
time:  13,   131 facts and    1500 exclusive pairs
             355 ops   and   35956 exclusive pairs
time:  14,   151 facts and    2228 exclusive pairs
             396 ops   and   45370 exclusive pairs
time:  15,   153 facts and    1935 exclusive pairs
             421 ops   and   50140 exclusive pairs
time:  16,   175 facts and    2813 exclusive pairs
             466 ops   and   62222 exclusive pairs
time:  17,   177 facts and    2446 exclusive pairs
             493 ops   and   68146 exclusive pairs
time:  18,   201 facts and    3488 exclusive pairs
             542 ops   and   83354 exclusive pairs
time:  19,   203 facts and    3039 exclusive pairs
             571 ops   and   90604 exclusive pairs
time:  20,   229 facts and    4259 exclusive pairs
             624 ops   and  109432 exclusive pairs
time:  21,   231 facts and    3720 exclusive pairs
             655 ops   and  118192 exclusive pairs
time:  22,   259 facts and    5132 exclusive pairs
             712 ops   and  141170 exclusive pairs
time:  23,   260 facts and    4449 exclusive pairs
             743 ops   and  150592 exclusive pairs
time:  24,   289 facts and    5994 exclusive pairs
             801 ops   and  176897 exclusive pairs
time:  25,   289 facts and    5210 exclusive pairs
             801 ops   and  169098 exclusive pairs
time:  26,   289 facts and    4608 exclusive pairs
graph has leveled off at time step 27


             801 ops   and  167712 exclusive pairs
time:  27,   289 facts and    4608 exclusive pairs
             801 ops   and  167712 exclusive pairs
time:  28,   289 facts and    4608 exclusive pairs
             801 ops   and  167712 exclusive pairs
time:  29,   289 facts and    4608 exclusive pairs

creating thin gp-based encoding...
plan graph layer 0...
plan graph layer 1...
plan graph layer 2...
plan graph layer 3...
plan graph layer 4...
plan graph layer 5...
plan graph layer 6...
plan graph layer 7...
plan graph layer 8...
plan graph layer 9...
plan graph layer 10...
plan graph layer 11...
plan graph layer 12...
plan graph layer 13...
plan graph layer 14...
plan graph layer 15...
plan graph layer 16...
plan graph layer 17...
plan graph layer 18...
plan graph layer 19...
plan graph layer 20...
plan graph layer 21...
plan graph layer 22...
plan graph layer 23...
plan graph layer 24...
plan graph layer 25...
plan graph layer 26...
plan graph layer 27...
plan graph layer 28...
plan graph layer 29...
goal constraints...
exclusion constraints layer 0...
exclusion constraints layer 1...
exclusion constraints layer 2...
exclusion constraints layer 3...
exclusion constraints layer 4...
exclusion constraints layer 5...
exclusion constraints layer 6...
exclusion constraints layer 7...
exclusion constraints layer 8...
exclusion constraints layer 9...
exclusion constraints layer 10...
exclusion constraints layer 11...
exclusion constraints layer 12...
exclusion constraints layer 13...
exclusion constraints layer 14...
exclusion constraints layer 15...
exclusion constraints layer 16...
exclusion constraints layer 17...
exclusion constraints layer 18...
exclusion constraints layer 19...
exclusion constraints layer 20...
exclusion constraints layer 21...
exclusion constraints layer 22...
exclusion constraints layer 23...
exclusion constraints layer 24...
exclusion constraints layer 25...
exclusion constraints layer 26...
exclusion constraints layer 27...
exclusion constraints layer 28...
exclusion constraints layer 29...

DECISION LAYER 29, WRITING THIN GP-BASED ENCODING WITH 17029 VARS, 1277291 CLAUSES.

time spent:    0.00 seconds instantiating 544 action templates
               0.00 seconds reachability analysis, yielding 305 facts and 544 actions
               0.00 seconds collecting 305 relevant facts
               0.00 seconds building connectivity graph
               0.00 seconds building (std) graph
               0.29 seconds CNF output time
               0.29 seconds total planner time (solving not included)


***Solving***


[ filemap ]
[ extract ]

variables : 17029
pure lits : 294

1-clauses : 15
2-clauses : 1272894
3-clauses : 3746
n-clauses : 636
discarded : 0

[ solve ]


unsatisfiable                             

[ stats ]

decisions : 4019
conflicts : 91
time : ~0.01

***UNSAT***


bb: parsing domain file
domain 'BLOCKS' defined
 ... done.
bb: parsing problem file
problem 'BLOCKS-16-1' defined
 ... done.


time:   0,    20 facts and       0 exclusive pairs
              23 ops   and      12 exclusive pairs
time:   1,    26 facts and      30 exclusive pairs
              41 ops   and     267 exclusive pairs
time:   2,    35 facts and     120 exclusive pairs
              62 ops   and     924 exclusive pairs
time:   3,    39 facts and     152 exclusive pairs
              85 ops   and    2018 exclusive pairs
time:   4,    55 facts and     496 exclusive pairs
             124 ops   and    4987 exclusive pairs
time:   5,    63 facts and     623 exclusive pairs
             151 ops   and    7357 exclusive pairs
time:   6,    75 facts and     884 exclusive pairs
             176 ops   and    9754 exclusive pairs
time:   7,    77 facts and     657 exclusive pairs
             193 ops   and   10986 exclusive pairs
time:   8,    91 facts and    1011 exclusive pairs
             222 ops   and   14718 exclusive pairs
time:   9,    93 facts and     834 exclusive pairs
             241 ops   and   16774 exclusive pairs
time:  10,   109 facts and    1304 exclusive pairs
             274 ops   and   22082 exclusive pairs
time:  11,   111 facts and    1135 exclusive pairs
             295 ops   and   25012 exclusive pairs
time:  12,   129 facts and    1727 exclusive pairs
             332 ops   and   32180 exclusive pairs
time:  13,   131 facts and    1500 exclusive pairs
             355 ops   and   35956 exclusive pairs
time:  14,   151 facts and    2228 exclusive pairs
             396 ops   and   45370 exclusive pairs
time:  15,   153 facts and    1935 exclusive pairs
             421 ops   and   50140 exclusive pairs
time:  16,   175 facts and    2813 exclusive pairs
             466 ops   and   62222 exclusive pairs
time:  17,   177 facts and    2446 exclusive pairs
             493 ops   and   68146 exclusive pairs
time:  18,   201 facts and    3488 exclusive pairs
             542 ops   and   83354 exclusive pairs
time:  19,   203 facts and    3039 exclusive pairs
             571 ops   and   90604 exclusive pairs
time:  20,   229 facts and    4259 exclusive pairs
             624 ops   and  109432 exclusive pairs
time:  21,   231 facts and    3720 exclusive pairs
             655 ops   and  118192 exclusive pairs
time:  22,   259 facts and    5132 exclusive pairs
             712 ops   and  141170 exclusive pairs
time:  23,   260 facts and    4449 exclusive pairs
             743 ops   and  150592 exclusive pairs
time:  24,   289 facts and    5994 exclusive pairs
             801 ops   and  176897 exclusive pairs
time:  25,   289 facts and    5210 exclusive pairs
             801 ops   and  169098 exclusive pairs
time:  26,   289 facts and    4608 exclusive pairs
graph has leveled off at time step 27


             801 ops   and  167712 exclusive pairs
time:  27,   289 facts and    4608 exclusive pairs
             801 ops   and  167712 exclusive pairs
time:  28,   289 facts and    4608 exclusive pairs
             801 ops   and  167712 exclusive pairs
time:  29,   289 facts and    4608 exclusive pairs
             801 ops   and  167712 exclusive pairs
time:  30,   289 facts and    4608 exclusive pairs

creating thin gp-based encoding...
plan graph layer 0...
plan graph layer 1...
plan graph layer 2...
plan graph layer 3...
plan graph layer 4...
plan graph layer 5...
plan graph layer 6...
plan graph layer 7...
plan graph layer 8...
plan graph layer 9...
plan graph layer 10...
plan graph layer 11...
plan graph layer 12...
plan graph layer 13...
plan graph layer 14...
plan graph layer 15...
plan graph layer 16...
plan graph layer 17...
plan graph layer 18...
plan graph layer 19...
plan graph layer 20...
plan graph layer 21...
plan graph layer 22...
plan graph layer 23...
plan graph layer 24...
plan graph layer 25...
plan graph layer 26...
plan graph layer 27...
plan graph layer 28...
plan graph layer 29...
plan graph layer 30...
goal constraints...
exclusion constraints layer 0...
exclusion constraints layer 1...
exclusion constraints layer 2...
exclusion constraints layer 3...
exclusion constraints layer 4...
exclusion constraints layer 5...
exclusion constraints layer 6...
exclusion constraints layer 7...
exclusion constraints layer 8...
exclusion constraints layer 9...
exclusion constraints layer 10...
exclusion constraints layer 11...
exclusion constraints layer 12...
exclusion constraints layer 13...
exclusion constraints layer 14...
exclusion constraints layer 15...
exclusion constraints layer 16...
exclusion constraints layer 17...
exclusion constraints layer 18...
exclusion constraints layer 19...
exclusion constraints layer 20...
exclusion constraints layer 21...
exclusion constraints layer 22...
exclusion constraints layer 23...
exclusion constraints layer 24...
exclusion constraints layer 25...
exclusion constraints layer 26...
exclusion constraints layer 27...
exclusion constraints layer 28...
exclusion constraints layer 29...
exclusion constraints layer 30...

DECISION LAYER 30, WRITING THIN GP-BASED ENCODING WITH 18119 VARS, 1390501 CLAUSES.

time spent:    0.00 seconds instantiating 544 action templates
               0.00 seconds reachability analysis, yielding 305 facts and 544 actions
               0.00 seconds collecting 305 relevant facts
               0.00 seconds building connectivity graph
               0.00 seconds building (std) graph
               0.32 seconds CNF output time
               0.32 seconds total planner time (solving not included)


***Solving***


[ filemap ]
[ extract ]

variables : 18119
pure lits : 294

1-clauses : 15
2-clauses : 1385815
3-clauses : 4002
n-clauses : 669
discarded : 0

[ solve ]


unsatisfiable                             

[ stats ]

decisions : 10251
conflicts : 755
time : ~0.042

***UNSAT***


bb: parsing domain file
domain 'BLOCKS' defined
 ... done.
bb: parsing problem file
problem 'BLOCKS-16-1' defined
 ... done.


time:   0,    20 facts and       0 exclusive pairs
              23 ops   and      12 exclusive pairs
time:   1,    26 facts and      30 exclusive pairs
              41 ops   and     267 exclusive pairs
time:   2,    35 facts and     120 exclusive pairs
              62 ops   and     924 exclusive pairs
time:   3,    39 facts and     152 exclusive pairs
              85 ops   and    2018 exclusive pairs
time:   4,    55 facts and     496 exclusive pairs
             124 ops   and    4987 exclusive pairs
time:   5,    63 facts and     623 exclusive pairs
             151 ops   and    7357 exclusive pairs
time:   6,    75 facts and     884 exclusive pairs
             176 ops   and    9754 exclusive pairs
time:   7,    77 facts and     657 exclusive pairs
             193 ops   and   10986 exclusive pairs
time:   8,    91 facts and    1011 exclusive pairs
             222 ops   and   14718 exclusive pairs
time:   9,    93 facts and     834 exclusive pairs
             241 ops   and   16774 exclusive pairs
time:  10,   109 facts and    1304 exclusive pairs
             274 ops   and   22082 exclusive pairs
time:  11,   111 facts and    1135 exclusive pairs
             295 ops   and   25012 exclusive pairs
time:  12,   129 facts and    1727 exclusive pairs
             332 ops   and   32180 exclusive pairs
time:  13,   131 facts and    1500 exclusive pairs
             355 ops   and   35956 exclusive pairs
time:  14,   151 facts and    2228 exclusive pairs
             396 ops   and   45370 exclusive pairs
time:  15,   153 facts and    1935 exclusive pairs
             421 ops   and   50140 exclusive pairs
time:  16,   175 facts and    2813 exclusive pairs
             466 ops   and   62222 exclusive pairs
time:  17,   177 facts and    2446 exclusive pairs
             493 ops   and   68146 exclusive pairs
time:  18,   201 facts and    3488 exclusive pairs
             542 ops   and   83354 exclusive pairs
time:  19,   203 facts and    3039 exclusive pairs
             571 ops   and   90604 exclusive pairs
time:  20,   229 facts and    4259 exclusive pairs
             624 ops   and  109432 exclusive pairs
time:  21,   231 facts and    3720 exclusive pairs
             655 ops   and  118192 exclusive pairs
time:  22,   259 facts and    5132 exclusive pairs
             712 ops   and  141170 exclusive pairs
time:  23,   260 facts and    4449 exclusive pairs
             743 ops   and  150592 exclusive pairs
time:  24,   289 facts and    5994 exclusive pairs
             801 ops   and  176897 exclusive pairs
time:  25,   289 facts and    5210 exclusive pairs
             801 ops   and  169098 exclusive pairs
time:  26,   289 facts and    4608 exclusive pairs
graph has leveled off at time step 27


             801 ops   and  167712 exclusive pairs
time:  27,   289 facts and    4608 exclusive pairs
             801 ops   and  167712 exclusive pairs
time:  28,   289 facts and    4608 exclusive pairs
             801 ops   and  167712 exclusive pairs
time:  29,   289 facts and    4608 exclusive pairs
             801 ops   and  167712 exclusive pairs
time:  30,   289 facts and    4608 exclusive pairs
             801 ops   and  167712 exclusive pairs
time:  31,   289 facts and    4608 exclusive pairs

creating thin gp-based encoding...
plan graph layer 0...
plan graph layer 1...
plan graph layer 2...
plan graph layer 3...
plan graph layer 4...
plan graph layer 5...
plan graph layer 6...
plan graph layer 7...
plan graph layer 8...
plan graph layer 9...
plan graph layer 10...
plan graph layer 11...
plan graph layer 12...
plan graph layer 13...
plan graph layer 14...
plan graph layer 15...
plan graph layer 16...
plan graph layer 17...
plan graph layer 18...
plan graph layer 19...
plan graph layer 20...
plan graph layer 21...
plan graph layer 22...
plan graph layer 23...
plan graph layer 24...
plan graph layer 25...
plan graph layer 26...
plan graph layer 27...
plan graph layer 28...
plan graph layer 29...
plan graph layer 30...
plan graph layer 31...
goal constraints...
exclusion constraints layer 0...
exclusion constraints layer 1...
exclusion constraints layer 2...
exclusion constraints layer 3...
exclusion constraints layer 4...
exclusion constraints layer 5...
exclusion constraints layer 6...
exclusion constraints layer 7...
exclusion constraints layer 8...
exclusion constraints layer 9...
exclusion constraints layer 10...
exclusion constraints layer 11...
exclusion constraints layer 12...
exclusion constraints layer 13...
exclusion constraints layer 14...
exclusion constraints layer 15...
exclusion constraints layer 16...
exclusion constraints layer 17...
exclusion constraints layer 18...
exclusion constraints layer 19...
exclusion constraints layer 20...
exclusion constraints layer 21...
exclusion constraints layer 22...
exclusion constraints layer 23...
exclusion constraints layer 24...
exclusion constraints layer 25...
exclusion constraints layer 26...
exclusion constraints layer 27...
exclusion constraints layer 28...
exclusion constraints layer 29...
exclusion constraints layer 30...
exclusion constraints layer 31...

DECISION LAYER 31, WRITING THIN GP-BASED ENCODING WITH 19209 VARS, 1503711 CLAUSES.

time spent:    0.00 seconds instantiating 544 action templates
               0.00 seconds reachability analysis, yielding 305 facts and 544 actions
               0.00 seconds collecting 305 relevant facts
               0.00 seconds building connectivity graph
               0.00 seconds building (std) graph
               0.34 seconds CNF output time
               0.34 seconds total planner time (solving not included)


***Solving***


[ filemap ]
[ extract ]

variables : 19209
pure lits : 294

1-clauses : 15
2-clauses : 1498736
3-clauses : 4258
n-clauses : 702
discarded : 0

[ solve ]


unsatisfiable                             

[ stats ]

decisions : 1833
conflicts : 72
time : ~0.01

***UNSAT***


bb: parsing domain file
domain 'BLOCKS' defined
 ... done.
bb: parsing problem file
problem 'BLOCKS-16-1' defined
 ... done.


time:   0,    20 facts and       0 exclusive pairs
              23 ops   and      12 exclusive pairs
time:   1,    26 facts and      30 exclusive pairs
              41 ops   and     267 exclusive pairs
time:   2,    35 facts and     120 exclusive pairs
              62 ops   and     924 exclusive pairs
time:   3,    39 facts and     152 exclusive pairs
              85 ops   and    2018 exclusive pairs
time:   4,    55 facts and     496 exclusive pairs
             124 ops   and    4987 exclusive pairs
time:   5,    63 facts and     623 exclusive pairs
             151 ops   and    7357 exclusive pairs
time:   6,    75 facts and     884 exclusive pairs
             176 ops   and    9754 exclusive pairs
time:   7,    77 facts and     657 exclusive pairs
             193 ops   and   10986 exclusive pairs
time:   8,    91 facts and    1011 exclusive pairs
             222 ops   and   14718 exclusive pairs
time:   9,    93 facts and     834 exclusive pairs
             241 ops   and   16774 exclusive pairs
time:  10,   109 facts and    1304 exclusive pairs
             274 ops   and   22082 exclusive pairs
time:  11,   111 facts and    1135 exclusive pairs
             295 ops   and   25012 exclusive pairs
time:  12,   129 facts and    1727 exclusive pairs
             332 ops   and   32180 exclusive pairs
time:  13,   131 facts and    1500 exclusive pairs
             355 ops   and   35956 exclusive pairs
time:  14,   151 facts and    2228 exclusive pairs
             396 ops   and   45370 exclusive pairs
time:  15,   153 facts and    1935 exclusive pairs
             421 ops   and   50140 exclusive pairs
time:  16,   175 facts and    2813 exclusive pairs
             466 ops   and   62222 exclusive pairs
time:  17,   177 facts and    2446 exclusive pairs
             493 ops   and   68146 exclusive pairs
time:  18,   201 facts and    3488 exclusive pairs
             542 ops   and   83354 exclusive pairs
time:  19,   203 facts and    3039 exclusive pairs
             571 ops   and   90604 exclusive pairs
time:  20,   229 facts and    4259 exclusive pairs
             624 ops   and  109432 exclusive pairs
time:  21,   231 facts and    3720 exclusive pairs
             655 ops   and  118192 exclusive pairs
time:  22,   259 facts and    5132 exclusive pairs
             712 ops   and  141170 exclusive pairs
time:  23,   260 facts and    4449 exclusive pairs
             743 ops   and  150592 exclusive pairs
time:  24,   289 facts and    5994 exclusive pairs
             801 ops   and  176897 exclusive pairs
time:  25,   289 facts and    5210 exclusive pairs
             801 ops   and  169098 exclusive pairs
time:  26,   289 facts and    4608 exclusive pairs
graph has leveled off at time step 27


             801 ops   and  167712 exclusive pairs
time:  27,   289 facts and    4608 exclusive pairs
             801 ops   and  167712 exclusive pairs
time:  28,   289 facts and    4608 exclusive pairs
             801 ops   and  167712 exclusive pairs
time:  29,   289 facts and    4608 exclusive pairs
             801 ops   and  167712 exclusive pairs
time:  30,   289 facts and    4608 exclusive pairs
             801 ops   and  167712 exclusive pairs
time:  31,   289 facts and    4608 exclusive pairs
             801 ops   and  167712 exclusive pairs
time:  32,   289 facts and    4608 exclusive pairs

creating thin gp-based encoding...
plan graph layer 0...
plan graph layer 1...
plan graph layer 2...
plan graph layer 3...
plan graph layer 4...
plan graph layer 5...
plan graph layer 6...
plan graph layer 7...
plan graph layer 8...
plan graph layer 9...
plan graph layer 10...
plan graph layer 11...
plan graph layer 12...
plan graph layer 13...
plan graph layer 14...
plan graph layer 15...
plan graph layer 16...
plan graph layer 17...
plan graph layer 18...
plan graph layer 19...
plan graph layer 20...
plan graph layer 21...
plan graph layer 22...
plan graph layer 23...
plan graph layer 24...
plan graph layer 25...
plan graph layer 26...
plan graph layer 27...
plan graph layer 28...
plan graph layer 29...
plan graph layer 30...
plan graph layer 31...
plan graph layer 32...
goal constraints...
exclusion constraints layer 0...
exclusion constraints layer 1...
exclusion constraints layer 2...
exclusion constraints layer 3...
exclusion constraints layer 4...
exclusion constraints layer 5...
exclusion constraints layer 6...
exclusion constraints layer 7...
exclusion constraints layer 8...
exclusion constraints layer 9...
exclusion constraints layer 10...
exclusion constraints layer 11...
exclusion constraints layer 12...
exclusion constraints layer 13...
exclusion constraints layer 14...
exclusion constraints layer 15...
exclusion constraints layer 16...
exclusion constraints layer 17...
exclusion constraints layer 18...
exclusion constraints layer 19...
exclusion constraints layer 20...
exclusion constraints layer 21...
exclusion constraints layer 22...
exclusion constraints layer 23...
exclusion constraints layer 24...
exclusion constraints layer 25...
exclusion constraints layer 26...
exclusion constraints layer 27...
exclusion constraints layer 28...
exclusion constraints layer 29...
exclusion constraints layer 30...
exclusion constraints layer 31...
exclusion constraints layer 32...

DECISION LAYER 32, WRITING THIN GP-BASED ENCODING WITH 20299 VARS, 1616921 CLAUSES.

time spent:    0.00 seconds instantiating 544 action templates
               0.00 seconds reachability analysis, yielding 305 facts and 544 actions
               0.00 seconds collecting 305 relevant facts
               0.00 seconds building connectivity graph
               0.00 seconds building (std) graph
               0.37 seconds CNF output time
               0.37 seconds total planner time (solving not included)


***Solving***


[ filemap ]
[ extract ]

variables : 20299
pure lits : 294

1-clauses : 15
2-clauses : 1611657
3-clauses : 4514
n-clauses : 735
discarded : 0

[ solve ]


unsatisfiable                             

[ stats ]

decisions : 6903
conflicts : 211
time : ~0.013

***UNSAT***


bb: parsing domain file
domain 'BLOCKS' defined
 ... done.
bb: parsing problem file
problem 'BLOCKS-16-1' defined
 ... done.


time:   0,    20 facts and       0 exclusive pairs
              23 ops   and      12 exclusive pairs
time:   1,    26 facts and      30 exclusive pairs
              41 ops   and     267 exclusive pairs
time:   2,    35 facts and     120 exclusive pairs
              62 ops   and     924 exclusive pairs
time:   3,    39 facts and     152 exclusive pairs
              85 ops   and    2018 exclusive pairs
time:   4,    55 facts and     496 exclusive pairs
             124 ops   and    4987 exclusive pairs
time:   5,    63 facts and     623 exclusive pairs
             151 ops   and    7357 exclusive pairs
time:   6,    75 facts and     884 exclusive pairs
             176 ops   and    9754 exclusive pairs
time:   7,    77 facts and     657 exclusive pairs
             193 ops   and   10986 exclusive pairs
time:   8,    91 facts and    1011 exclusive pairs
             222 ops   and   14718 exclusive pairs
time:   9,    93 facts and     834 exclusive pairs
             241 ops   and   16774 exclusive pairs
time:  10,   109 facts and    1304 exclusive pairs
             274 ops   and   22082 exclusive pairs
time:  11,   111 facts and    1135 exclusive pairs
             295 ops   and   25012 exclusive pairs
time:  12,   129 facts and    1727 exclusive pairs
             332 ops   and   32180 exclusive pairs
time:  13,   131 facts and    1500 exclusive pairs
             355 ops   and   35956 exclusive pairs
time:  14,   151 facts and    2228 exclusive pairs
             396 ops   and   45370 exclusive pairs
time:  15,   153 facts and    1935 exclusive pairs
             421 ops   and   50140 exclusive pairs
time:  16,   175 facts and    2813 exclusive pairs
             466 ops   and   62222 exclusive pairs
time:  17,   177 facts and    2446 exclusive pairs
             493 ops   and   68146 exclusive pairs
time:  18,   201 facts and    3488 exclusive pairs
             542 ops   and   83354 exclusive pairs
time:  19,   203 facts and    3039 exclusive pairs
             571 ops   and   90604 exclusive pairs
time:  20,   229 facts and    4259 exclusive pairs
             624 ops   and  109432 exclusive pairs
time:  21,   231 facts and    3720 exclusive pairs
             655 ops   and  118192 exclusive pairs
time:  22,   259 facts and    5132 exclusive pairs
             712 ops   and  141170 exclusive pairs
time:  23,   260 facts and    4449 exclusive pairs
             743 ops   and  150592 exclusive pairs
time:  24,   289 facts and    5994 exclusive pairs
             801 ops   and  176897 exclusive pairs
time:  25,   289 facts and    5210 exclusive pairs
             801 ops   and  169098 exclusive pairs
time:  26,   289 facts and    4608 exclusive pairs
graph has leveled off at time step 27


             801 ops   and  167712 exclusive pairs
time:  27,   289 facts and    4608 exclusive pairs
             801 ops   and  167712 exclusive pairs
time:  28,   289 facts and    4608 exclusive pairs
             801 ops   and  167712 exclusive pairs
time:  29,   289 facts and    4608 exclusive pairs
             801 ops   and  167712 exclusive pairs
time:  30,   289 facts and    4608 exclusive pairs
             801 ops   and  167712 exclusive pairs
time:  31,   289 facts and    4608 exclusive pairs
             801 ops   and  167712 exclusive pairs
time:  32,   289 facts and    4608 exclusive pairs
             801 ops   and  167712 exclusive pairs
time:  33,   289 facts and    4608 exclusive pairs

creating thin gp-based encoding...
plan graph layer 0...
plan graph layer 1...
plan graph layer 2...
plan graph layer 3...
plan graph layer 4...
plan graph layer 5...
plan graph layer 6...
plan graph layer 7...
plan graph layer 8...
plan graph layer 9...
plan graph layer 10...
plan graph layer 11...
plan graph layer 12...
plan graph layer 13...
plan graph layer 14...
plan graph layer 15...
plan graph layer 16...
plan graph layer 17...
plan graph layer 18...
plan graph layer 19...
plan graph layer 20...
plan graph layer 21...
plan graph layer 22...
plan graph layer 23...
plan graph layer 24...
plan graph layer 25...
plan graph layer 26...
plan graph layer 27...
plan graph layer 28...
plan graph layer 29...
plan graph layer 30...
plan graph layer 31...
plan graph layer 32...
plan graph layer 33...
goal constraints...
exclusion constraints layer 0...
exclusion constraints layer 1...
exclusion constraints layer 2...
exclusion constraints layer 3...
exclusion constraints layer 4...
exclusion constraints layer 5...
exclusion constraints layer 6...
exclusion constraints layer 7...
exclusion constraints layer 8...
exclusion constraints layer 9...
exclusion constraints layer 10...
exclusion constraints layer 11...
exclusion constraints layer 12...
exclusion constraints layer 13...
exclusion constraints layer 14...
exclusion constraints layer 15...
exclusion constraints layer 16...
exclusion constraints layer 17...
exclusion constraints layer 18...
exclusion constraints layer 19...
exclusion constraints layer 20...
exclusion constraints layer 21...
exclusion constraints layer 22...
exclusion constraints layer 23...
exclusion constraints layer 24...
exclusion constraints layer 25...
exclusion constraints layer 26...
exclusion constraints layer 27...
exclusion constraints layer 28...
exclusion constraints layer 29...
exclusion constraints layer 30...
exclusion constraints layer 31...
exclusion constraints layer 32...
exclusion constraints layer 33...

DECISION LAYER 33, WRITING THIN GP-BASED ENCODING WITH 21389 VARS, 1730131 CLAUSES.

time spent:    0.00 seconds instantiating 544 action templates
               0.00 seconds reachability analysis, yielding 305 facts and 544 actions
               0.00 seconds collecting 305 relevant facts
               0.00 seconds building connectivity graph
               0.00 seconds building (std) graph
               0.39 seconds CNF output time
               0.39 seconds total planner time (solving not included)


***Solving***


[ filemap ]
[ extract ]

variables : 21389
pure lits : 294

1-clauses : 15
2-clauses : 1724578
3-clauses : 4770
n-clauses : 768
discarded : 0

[ solve ]


unsatisfiable                             

[ stats ]

decisions : 3946
conflicts : 108
time : ~0.01

***UNSAT***


bb: parsing domain file
domain 'BLOCKS' defined
 ... done.
bb: parsing problem file
problem 'BLOCKS-16-1' defined
 ... done.


time:   0,    20 facts and       0 exclusive pairs
              23 ops   and      12 exclusive pairs
time:   1,    26 facts and      30 exclusive pairs
              41 ops   and     267 exclusive pairs
time:   2,    35 facts and     120 exclusive pairs
              62 ops   and     924 exclusive pairs
time:   3,    39 facts and     152 exclusive pairs
              85 ops   and    2018 exclusive pairs
time:   4,    55 facts and     496 exclusive pairs
             124 ops   and    4987 exclusive pairs
time:   5,    63 facts and     623 exclusive pairs
             151 ops   and    7357 exclusive pairs
time:   6,    75 facts and     884 exclusive pairs
             176 ops   and    9754 exclusive pairs
time:   7,    77 facts and     657 exclusive pairs
             193 ops   and   10986 exclusive pairs
time:   8,    91 facts and    1011 exclusive pairs
             222 ops   and   14718 exclusive pairs
time:   9,    93 facts and     834 exclusive pairs
             241 ops   and   16774 exclusive pairs
time:  10,   109 facts and    1304 exclusive pairs
             274 ops   and   22082 exclusive pairs
time:  11,   111 facts and    1135 exclusive pairs
             295 ops   and   25012 exclusive pairs
time:  12,   129 facts and    1727 exclusive pairs
             332 ops   and   32180 exclusive pairs
time:  13,   131 facts and    1500 exclusive pairs
             355 ops   and   35956 exclusive pairs
time:  14,   151 facts and    2228 exclusive pairs
             396 ops   and   45370 exclusive pairs
time:  15,   153 facts and    1935 exclusive pairs
             421 ops   and   50140 exclusive pairs
time:  16,   175 facts and    2813 exclusive pairs
             466 ops   and   62222 exclusive pairs
time:  17,   177 facts and    2446 exclusive pairs
             493 ops   and   68146 exclusive pairs
time:  18,   201 facts and    3488 exclusive pairs
             542 ops   and   83354 exclusive pairs
time:  19,   203 facts and    3039 exclusive pairs
             571 ops   and   90604 exclusive pairs
time:  20,   229 facts and    4259 exclusive pairs
             624 ops   and  109432 exclusive pairs
time:  21,   231 facts and    3720 exclusive pairs
             655 ops   and  118192 exclusive pairs
time:  22,   259 facts and    5132 exclusive pairs
             712 ops   and  141170 exclusive pairs
time:  23,   260 facts and    4449 exclusive pairs
             743 ops   and  150592 exclusive pairs
time:  24,   289 facts and    5994 exclusive pairs
             801 ops   and  176897 exclusive pairs
time:  25,   289 facts and    5210 exclusive pairs
             801 ops   and  169098 exclusive pairs
time:  26,   289 facts and    4608 exclusive pairs
graph has leveled off at time step 27


             801 ops   and  167712 exclusive pairs
time:  27,   289 facts and    4608 exclusive pairs
             801 ops   and  167712 exclusive pairs
time:  28,   289 facts and    4608 exclusive pairs
             801 ops   and  167712 exclusive pairs
time:  29,   289 facts and    4608 exclusive pairs
             801 ops   and  167712 exclusive pairs
time:  30,   289 facts and    4608 exclusive pairs
             801 ops   and  167712 exclusive pairs
time:  31,   289 facts and    4608 exclusive pairs
             801 ops   and  167712 exclusive pairs
time:  32,   289 facts and    4608 exclusive pairs
             801 ops   and  167712 exclusive pairs
time:  33,   289 facts and    4608 exclusive pairs
             801 ops   and  167712 exclusive pairs
time:  34,   289 facts and    4608 exclusive pairs

creating thin gp-based encoding...
plan graph layer 0...
plan graph layer 1...
plan graph layer 2...
plan graph layer 3...
plan graph layer 4...
plan graph layer 5...
plan graph layer 6...
plan graph layer 7...
plan graph layer 8...
plan graph layer 9...
plan graph layer 10...
plan graph layer 11...
plan graph layer 12...
plan graph layer 13...
plan graph layer 14...
plan graph layer 15...
plan graph layer 16...
plan graph layer 17...
plan graph layer 18...
plan graph layer 19...
plan graph layer 20...
plan graph layer 21...
plan graph layer 22...
plan graph layer 23...
plan graph layer 24...
plan graph layer 25...
plan graph layer 26...
plan graph layer 27...
plan graph layer 28...
plan graph layer 29...
plan graph layer 30...
plan graph layer 31...
plan graph layer 32...
plan graph layer 33...
plan graph layer 34...
goal constraints...
exclusion constraints layer 0...
exclusion constraints layer 1...
exclusion constraints layer 2...
exclusion constraints layer 3...
exclusion constraints layer 4...
exclusion constraints layer 5...
exclusion constraints layer 6...
exclusion constraints layer 7...
exclusion constraints layer 8...
exclusion constraints layer 9...
exclusion constraints layer 10...
exclusion constraints layer 11...
exclusion constraints layer 12...
exclusion constraints layer 13...
exclusion constraints layer 14...
exclusion constraints layer 15...
exclusion constraints layer 16...
exclusion constraints layer 17...
exclusion constraints layer 18...
exclusion constraints layer 19...
exclusion constraints layer 20...
exclusion constraints layer 21...
exclusion constraints layer 22...
exclusion constraints layer 23...
exclusion constraints layer 24...
exclusion constraints layer 25...
exclusion constraints layer 26...
exclusion constraints layer 27...
exclusion constraints layer 28...
exclusion constraints layer 29...
exclusion constraints layer 30...
exclusion constraints layer 31...
exclusion constraints layer 32...
exclusion constraints layer 33...
exclusion constraints layer 34...

DECISION LAYER 34, WRITING THIN GP-BASED ENCODING WITH 22479 VARS, 1843341 CLAUSES.

time spent:    0.00 seconds instantiating 544 action templates
               0.00 seconds reachability analysis, yielding 305 facts and 544 actions
               0.00 seconds collecting 305 relevant facts
               0.00 seconds building connectivity graph
               0.00 seconds building (std) graph
               0.42 seconds CNF output time
               0.42 seconds total planner time (solving not included)


***Solving***


[ filemap ]
[ extract ]

variables : 22479
pure lits : 294

1-clauses : 15
2-clauses : 1837499
3-clauses : 5026
n-clauses : 801
discarded : 0

[ solve ]


unsatisfiable                             

[ stats ]

decisions : 7154
conflicts : 474
time : ~0.025

***UNSAT***


bb: parsing domain file
domain 'BLOCKS' defined
 ... done.
bb: parsing problem file
problem 'BLOCKS-16-1' defined
 ... done.


time:   0,    20 facts and       0 exclusive pairs
              23 ops   and      12 exclusive pairs
time:   1,    26 facts and      30 exclusive pairs
              41 ops   and     267 exclusive pairs
time:   2,    35 facts and     120 exclusive pairs
              62 ops   and     924 exclusive pairs
time:   3,    39 facts and     152 exclusive pairs
              85 ops   and    2018 exclusive pairs
time:   4,    55 facts and     496 exclusive pairs
             124 ops   and    4987 exclusive pairs
time:   5,    63 facts and     623 exclusive pairs
             151 ops   and    7357 exclusive pairs
time:   6,    75 facts and     884 exclusive pairs
             176 ops   and    9754 exclusive pairs
time:   7,    77 facts and     657 exclusive pairs
             193 ops   and   10986 exclusive pairs
time:   8,    91 facts and    1011 exclusive pairs
             222 ops   and   14718 exclusive pairs
time:   9,    93 facts and     834 exclusive pairs
             241 ops   and   16774 exclusive pairs
time:  10,   109 facts and    1304 exclusive pairs
             274 ops   and   22082 exclusive pairs
time:  11,   111 facts and    1135 exclusive pairs
             295 ops   and   25012 exclusive pairs
time:  12,   129 facts and    1727 exclusive pairs
             332 ops   and   32180 exclusive pairs
time:  13,   131 facts and    1500 exclusive pairs
             355 ops   and   35956 exclusive pairs
time:  14,   151 facts and    2228 exclusive pairs
             396 ops   and   45370 exclusive pairs
time:  15,   153 facts and    1935 exclusive pairs
             421 ops   and   50140 exclusive pairs
time:  16,   175 facts and    2813 exclusive pairs
             466 ops   and   62222 exclusive pairs
time:  17,   177 facts and    2446 exclusive pairs
             493 ops   and   68146 exclusive pairs
time:  18,   201 facts and    3488 exclusive pairs
             542 ops   and   83354 exclusive pairs
time:  19,   203 facts and    3039 exclusive pairs
             571 ops   and   90604 exclusive pairs
time:  20,   229 facts and    4259 exclusive pairs
             624 ops   and  109432 exclusive pairs
time:  21,   231 facts and    3720 exclusive pairs
             655 ops   and  118192 exclusive pairs
time:  22,   259 facts and    5132 exclusive pairs
             712 ops   and  141170 exclusive pairs
time:  23,   260 facts and    4449 exclusive pairs
             743 ops   and  150592 exclusive pairs
time:  24,   289 facts and    5994 exclusive pairs
             801 ops   and  176897 exclusive pairs
time:  25,   289 facts and    5210 exclusive pairs
             801 ops   and  169098 exclusive pairs
time:  26,   289 facts and    4608 exclusive pairs
graph has leveled off at time step 27


             801 ops   and  167712 exclusive pairs
time:  27,   289 facts and    4608 exclusive pairs
             801 ops   and  167712 exclusive pairs
time:  28,   289 facts and    4608 exclusive pairs
             801 ops   and  167712 exclusive pairs
time:  29,   289 facts and    4608 exclusive pairs
             801 ops   and  167712 exclusive pairs
time:  30,   289 facts and    4608 exclusive pairs
             801 ops   and  167712 exclusive pairs
time:  31,   289 facts and    4608 exclusive pairs
             801 ops   and  167712 exclusive pairs
time:  32,   289 facts and    4608 exclusive pairs
             801 ops   and  167712 exclusive pairs
time:  33,   289 facts and    4608 exclusive pairs
             801 ops   and  167712 exclusive pairs
time:  34,   289 facts and    4608 exclusive pairs
             801 ops   and  167712 exclusive pairs
time:  35,   289 facts and    4608 exclusive pairs

creating thin gp-based encoding...
plan graph layer 0...
plan graph layer 1...
plan graph layer 2...
plan graph layer 3...
plan graph layer 4...
plan graph layer 5...
plan graph layer 6...
plan graph layer 7...
plan graph layer 8...
plan graph layer 9...
plan graph layer 10...
plan graph layer 11...
plan graph layer 12...
plan graph layer 13...
plan graph layer 14...
plan graph layer 15...
plan graph layer 16...
plan graph layer 17...
plan graph layer 18...
plan graph layer 19...
plan graph layer 20...
plan graph layer 21...
plan graph layer 22...
plan graph layer 23...
plan graph layer 24...
plan graph layer 25...
plan graph layer 26...
plan graph layer 27...
plan graph layer 28...
plan graph layer 29...
plan graph layer 30...
plan graph layer 31...
plan graph layer 32...
plan graph layer 33...
plan graph layer 34...
plan graph layer 35...
goal constraints...
exclusion constraints layer 0...
exclusion constraints layer 1...
exclusion constraints layer 2...
exclusion constraints layer 3...
exclusion constraints layer 4...
exclusion constraints layer 5...
exclusion constraints layer 6...
exclusion constraints layer 7...
exclusion constraints layer 8...
exclusion constraints layer 9...
exclusion constraints layer 10...
exclusion constraints layer 11...
exclusion constraints layer 12...
exclusion constraints layer 13...
exclusion constraints layer 14...
exclusion constraints layer 15...
exclusion constraints layer 16...
exclusion constraints layer 17...
exclusion constraints layer 18...
exclusion constraints layer 19...
exclusion constraints layer 20...
exclusion constraints layer 21...
exclusion constraints layer 22...
exclusion constraints layer 23...
exclusion constraints layer 24...
exclusion constraints layer 25...
exclusion constraints layer 26...
exclusion constraints layer 27...
exclusion constraints layer 28...
exclusion constraints layer 29...
exclusion constraints layer 30...
exclusion constraints layer 31...
exclusion constraints layer 32...
exclusion constraints layer 33...
exclusion constraints layer 34...
exclusion constraints layer 35...

DECISION LAYER 35, WRITING THIN GP-BASED ENCODING WITH 23569 VARS, 1956551 CLAUSES.

time spent:    0.00 seconds instantiating 544 action templates
               0.00 seconds reachability analysis, yielding 305 facts and 544 actions
               0.00 seconds collecting 305 relevant facts
               0.00 seconds building connectivity graph
               0.00 seconds building (std) graph
               0.44 seconds CNF output time
               0.44 seconds total planner time (solving not included)


***Solving***


[ filemap ]
[ extract ]

variables : 23569
pure lits : 294

1-clauses : 15
2-clauses : 1950420
3-clauses : 5282
n-clauses : 834
discarded : 0

[ solve ]


unsatisfiable                             

[ stats ]

decisions : 16183
conflicts : 857
time : ~0.046

***UNSAT***


bb: parsing domain file
domain 'BLOCKS' defined
 ... done.
bb: parsing problem file
problem 'BLOCKS-16-1' defined
 ... done.


time:   0,    20 facts and       0 exclusive pairs
              23 ops   and      12 exclusive pairs
time:   1,    26 facts and      30 exclusive pairs
              41 ops   and     267 exclusive pairs
time:   2,    35 facts and     120 exclusive pairs
              62 ops   and     924 exclusive pairs
time:   3,    39 facts and     152 exclusive pairs
              85 ops   and    2018 exclusive pairs
time:   4,    55 facts and     496 exclusive pairs
             124 ops   and    4987 exclusive pairs
time:   5,    63 facts and     623 exclusive pairs
             151 ops   and    7357 exclusive pairs
time:   6,    75 facts and     884 exclusive pairs
             176 ops   and    9754 exclusive pairs
time:   7,    77 facts and     657 exclusive pairs
             193 ops   and   10986 exclusive pairs
time:   8,    91 facts and    1011 exclusive pairs
             222 ops   and   14718 exclusive pairs
time:   9,    93 facts and     834 exclusive pairs
             241 ops   and   16774 exclusive pairs
time:  10,   109 facts and    1304 exclusive pairs
             274 ops   and   22082 exclusive pairs
time:  11,   111 facts and    1135 exclusive pairs
             295 ops   and   25012 exclusive pairs
time:  12,   129 facts and    1727 exclusive pairs
             332 ops   and   32180 exclusive pairs
time:  13,   131 facts and    1500 exclusive pairs
             355 ops   and   35956 exclusive pairs
time:  14,   151 facts and    2228 exclusive pairs
             396 ops   and   45370 exclusive pairs
time:  15,   153 facts and    1935 exclusive pairs
             421 ops   and   50140 exclusive pairs
time:  16,   175 facts and    2813 exclusive pairs
             466 ops   and   62222 exclusive pairs
time:  17,   177 facts and    2446 exclusive pairs
             493 ops   and   68146 exclusive pairs
time:  18,   201 facts and    3488 exclusive pairs
             542 ops   and   83354 exclusive pairs
time:  19,   203 facts and    3039 exclusive pairs
             571 ops   and   90604 exclusive pairs
time:  20,   229 facts and    4259 exclusive pairs
             624 ops   and  109432 exclusive pairs
time:  21,   231 facts and    3720 exclusive pairs
             655 ops   and  118192 exclusive pairs
time:  22,   259 facts and    5132 exclusive pairs
             712 ops   and  141170 exclusive pairs
time:  23,   260 facts and    4449 exclusive pairs
             743 ops   and  150592 exclusive pairs
time:  24,   289 facts and    5994 exclusive pairs
             801 ops   and  176897 exclusive pairs
time:  25,   289 facts and    5210 exclusive pairs
             801 ops   and  169098 exclusive pairs
time:  26,   289 facts and    4608 exclusive pairs
graph has leveled off at time step 27


             801 ops   and  167712 exclusive pairs
time:  27,   289 facts and    4608 exclusive pairs
             801 ops   and  167712 exclusive pairs
time:  28,   289 facts and    4608 exclusive pairs
             801 ops   and  167712 exclusive pairs
time:  29,   289 facts and    4608 exclusive pairs
             801 ops   and  167712 exclusive pairs
time:  30,   289 facts and    4608 exclusive pairs
             801 ops   and  167712 exclusive pairs
time:  31,   289 facts and    4608 exclusive pairs
             801 ops   and  167712 exclusive pairs
time:  32,   289 facts and    4608 exclusive pairs
             801 ops   and  167712 exclusive pairs
time:  33,   289 facts and    4608 exclusive pairs
             801 ops   and  167712 exclusive pairs
time:  34,   289 facts and    4608 exclusive pairs
             801 ops   and  167712 exclusive pairs
time:  35,   289 facts and    4608 exclusive pairs
             801 ops   and  167712 exclusive pairs
time:  36,   289 facts and    4608 exclusive pairs

creating thin gp-based encoding...
plan graph layer 0...
plan graph layer 1...
plan graph layer 2...
plan graph layer 3...
plan graph layer 4...
plan graph layer 5...
plan graph layer 6...
plan graph layer 7...
plan graph layer 8...
plan graph layer 9...
plan graph layer 10...
plan graph layer 11...
plan graph layer 12...
plan graph layer 13...
plan graph layer 14...
plan graph layer 15...
plan graph layer 16...
plan graph layer 17...
plan graph layer 18...
plan graph layer 19...
plan graph layer 20...
plan graph layer 21...
plan graph layer 22...
plan graph layer 23...
plan graph layer 24...
plan graph layer 25...
plan graph layer 26...
plan graph layer 27...
plan graph layer 28...
plan graph layer 29...
plan graph layer 30...
plan graph layer 31...
plan graph layer 32...
plan graph layer 33...
plan graph layer 34...
plan graph layer 35...
plan graph layer 36...
goal constraints...
exclusion constraints layer 0...
exclusion constraints layer 1...
exclusion constraints layer 2...
exclusion constraints layer 3...
exclusion constraints layer 4...
exclusion constraints layer 5...
exclusion constraints layer 6...
exclusion constraints layer 7...
exclusion constraints layer 8...
exclusion constraints layer 9...
exclusion constraints layer 10...
exclusion constraints layer 11...
exclusion constraints layer 12...
exclusion constraints layer 13...
exclusion constraints layer 14...
exclusion constraints layer 15...
exclusion constraints layer 16...
exclusion constraints layer 17...
exclusion constraints layer 18...
exclusion constraints layer 19...
exclusion constraints layer 20...
exclusion constraints layer 21...
exclusion constraints layer 22...
exclusion constraints layer 23...
exclusion constraints layer 24...
exclusion constraints layer 25...
exclusion constraints layer 26...
exclusion constraints layer 27...
exclusion constraints layer 28...
exclusion constraints layer 29...
exclusion constraints layer 30...
exclusion constraints layer 31...
exclusion constraints layer 32...
exclusion constraints layer 33...
exclusion constraints layer 34...
exclusion constraints layer 35...
exclusion constraints layer 36...

DECISION LAYER 36, WRITING THIN GP-BASED ENCODING WITH 24659 VARS, 2069761 CLAUSES.

time spent:    0.00 seconds instantiating 544 action templates
               0.00 seconds reachability analysis, yielding 305 facts and 544 actions
               0.00 seconds collecting 305 relevant facts
               0.00 seconds building connectivity graph
               0.00 seconds building (std) graph
               0.47 seconds CNF output time
               0.47 seconds total planner time (solving not included)


***Solving***


[ filemap ]
[ extract ]

variables : 24659
pure lits : 294

1-clauses : 15
2-clauses : 2063341
3-clauses : 5538
n-clauses : 867
discarded : 0

[ solve ]


unsatisfiable                             

[ stats ]

decisions : 8712
conflicts : 163
time : ~0.01

***UNSAT***


bb: parsing domain file
domain 'BLOCKS' defined
 ... done.
bb: parsing problem file
problem 'BLOCKS-16-1' defined
 ... done.


time:   0,    20 facts and       0 exclusive pairs
              23 ops   and      12 exclusive pairs
time:   1,    26 facts and      30 exclusive pairs
              41 ops   and     267 exclusive pairs
time:   2,    35 facts and     120 exclusive pairs
              62 ops   and     924 exclusive pairs
time:   3,    39 facts and     152 exclusive pairs
              85 ops   and    2018 exclusive pairs
time:   4,    55 facts and     496 exclusive pairs
             124 ops   and    4987 exclusive pairs
time:   5,    63 facts and     623 exclusive pairs
             151 ops   and    7357 exclusive pairs
time:   6,    75 facts and     884 exclusive pairs
             176 ops   and    9754 exclusive pairs
time:   7,    77 facts and     657 exclusive pairs
             193 ops   and   10986 exclusive pairs
time:   8,    91 facts and    1011 exclusive pairs
             222 ops   and   14718 exclusive pairs
time:   9,    93 facts and     834 exclusive pairs
             241 ops   and   16774 exclusive pairs
time:  10,   109 facts and    1304 exclusive pairs
             274 ops   and   22082 exclusive pairs
time:  11,   111 facts and    1135 exclusive pairs
             295 ops   and   25012 exclusive pairs
time:  12,   129 facts and    1727 exclusive pairs
             332 ops   and   32180 exclusive pairs
time:  13,   131 facts and    1500 exclusive pairs
             355 ops   and   35956 exclusive pairs
time:  14,   151 facts and    2228 exclusive pairs
             396 ops   and   45370 exclusive pairs
time:  15,   153 facts and    1935 exclusive pairs
             421 ops   and   50140 exclusive pairs
time:  16,   175 facts and    2813 exclusive pairs
             466 ops   and   62222 exclusive pairs
time:  17,   177 facts and    2446 exclusive pairs
             493 ops   and   68146 exclusive pairs
time:  18,   201 facts and    3488 exclusive pairs
             542 ops   and   83354 exclusive pairs
time:  19,   203 facts and    3039 exclusive pairs
             571 ops   and   90604 exclusive pairs
time:  20,   229 facts and    4259 exclusive pairs
             624 ops   and  109432 exclusive pairs
time:  21,   231 facts and    3720 exclusive pairs
             655 ops   and  118192 exclusive pairs
time:  22,   259 facts and    5132 exclusive pairs
             712 ops   and  141170 exclusive pairs
time:  23,   260 facts and    4449 exclusive pairs
             743 ops   and  150592 exclusive pairs
time:  24,   289 facts and    5994 exclusive pairs
             801 ops   and  176897 exclusive pairs
time:  25,   289 facts and    5210 exclusive pairs
             801 ops   and  169098 exclusive pairs
time:  26,   289 facts and    4608 exclusive pairs
graph has leveled off at time step 27


             801 ops   and  167712 exclusive pairs
time:  27,   289 facts and    4608 exclusive pairs
             801 ops   and  167712 exclusive pairs
time:  28,   289 facts and    4608 exclusive pairs
             801 ops   and  167712 exclusive pairs
time:  29,   289 facts and    4608 exclusive pairs
             801 ops   and  167712 exclusive pairs
time:  30,   289 facts and    4608 exclusive pairs
             801 ops   and  167712 exclusive pairs
time:  31,   289 facts and    4608 exclusive pairs
             801 ops   and  167712 exclusive pairs
time:  32,   289 facts and    4608 exclusive pairs
             801 ops   and  167712 exclusive pairs
time:  33,   289 facts and    4608 exclusive pairs
             801 ops   and  167712 exclusive pairs
time:  34,   289 facts and    4608 exclusive pairs
             801 ops   and  167712 exclusive pairs
time:  35,   289 facts and    4608 exclusive pairs
             801 ops   and  167712 exclusive pairs
time:  36,   289 facts and    4608 exclusive pairs
             801 ops   and  167712 exclusive pairs
time:  37,   289 facts and    4608 exclusive pairs

creating thin gp-based encoding...
plan graph layer 0...
plan graph layer 1...
plan graph layer 2...
plan graph layer 3...
plan graph layer 4...
plan graph layer 5...
plan graph layer 6...
plan graph layer 7...
plan graph layer 8...
plan graph layer 9...
plan graph layer 10...
plan graph layer 11...
plan graph layer 12...
plan graph layer 13...
plan graph layer 14...
plan graph layer 15...
plan graph layer 16...
plan graph layer 17...
plan graph layer 18...
plan graph layer 19...
plan graph layer 20...
plan graph layer 21...
plan graph layer 22...
plan graph layer 23...
plan graph layer 24...
plan graph layer 25...
plan graph layer 26...
plan graph layer 27...
plan graph layer 28...
plan graph layer 29...
plan graph layer 30...
plan graph layer 31...
plan graph layer 32...
plan graph layer 33...
plan graph layer 34...
plan graph layer 35...
plan graph layer 36...
plan graph layer 37...
goal constraints...
exclusion constraints layer 0...
exclusion constraints layer 1...
exclusion constraints layer 2...
exclusion constraints layer 3...
exclusion constraints layer 4...
exclusion constraints layer 5...
exclusion constraints layer 6...
exclusion constraints layer 7...
exclusion constraints layer 8...
exclusion constraints layer 9...
exclusion constraints layer 10...
exclusion constraints layer 11...
exclusion constraints layer 12...
exclusion constraints layer 13...
exclusion constraints layer 14...
exclusion constraints layer 15...
exclusion constraints layer 16...
exclusion constraints layer 17...
exclusion constraints layer 18...
exclusion constraints layer 19...
exclusion constraints layer 20...
exclusion constraints layer 21...
exclusion constraints layer 22...
exclusion constraints layer 23...
exclusion constraints layer 24...
exclusion constraints layer 25...
exclusion constraints layer 26...
exclusion constraints layer 27...
exclusion constraints layer 28...
exclusion constraints layer 29...
exclusion constraints layer 30...
exclusion constraints layer 31...
exclusion constraints layer 32...
exclusion constraints layer 33...
exclusion constraints layer 34...
exclusion constraints layer 35...
exclusion constraints layer 36...
exclusion constraints layer 37...

DECISION LAYER 37, WRITING THIN GP-BASED ENCODING WITH 25749 VARS, 2182971 CLAUSES.

time spent:    0.00 seconds instantiating 544 action templates
               0.00 seconds reachability analysis, yielding 305 facts and 544 actions
               0.00 seconds collecting 305 relevant facts
               0.00 seconds building connectivity graph
               0.00 seconds building (std) graph
               0.50 seconds CNF output time
               0.50 seconds total planner time (solving not included)


***Solving***


[ filemap ]
[ extract ]

variables : 25749
pure lits : 294

1-clauses : 15
2-clauses : 2176262
3-clauses : 5794
n-clauses : 900
discarded : 0

[ solve ]


unsatisfiable                             

[ stats ]

decisions : 17298
conflicts : 213
time : ~0.01

***UNSAT***


bb: parsing domain file
domain 'BLOCKS' defined
 ... done.
bb: parsing problem file
problem 'BLOCKS-16-1' defined
 ... done.


time:   0,    20 facts and       0 exclusive pairs
              23 ops   and      12 exclusive pairs
time:   1,    26 facts and      30 exclusive pairs
              41 ops   and     267 exclusive pairs
time:   2,    35 facts and     120 exclusive pairs
              62 ops   and     924 exclusive pairs
time:   3,    39 facts and     152 exclusive pairs
              85 ops   and    2018 exclusive pairs
time:   4,    55 facts and     496 exclusive pairs
             124 ops   and    4987 exclusive pairs
time:   5,    63 facts and     623 exclusive pairs
             151 ops   and    7357 exclusive pairs
time:   6,    75 facts and     884 exclusive pairs
             176 ops   and    9754 exclusive pairs
time:   7,    77 facts and     657 exclusive pairs
             193 ops   and   10986 exclusive pairs
time:   8,    91 facts and    1011 exclusive pairs
             222 ops   and   14718 exclusive pairs
time:   9,    93 facts and     834 exclusive pairs
             241 ops   and   16774 exclusive pairs
time:  10,   109 facts and    1304 exclusive pairs
             274 ops   and   22082 exclusive pairs
time:  11,   111 facts and    1135 exclusive pairs
             295 ops   and   25012 exclusive pairs
time:  12,   129 facts and    1727 exclusive pairs
             332 ops   and   32180 exclusive pairs
time:  13,   131 facts and    1500 exclusive pairs
             355 ops   and   35956 exclusive pairs
time:  14,   151 facts and    2228 exclusive pairs
             396 ops   and   45370 exclusive pairs
time:  15,   153 facts and    1935 exclusive pairs
             421 ops   and   50140 exclusive pairs
time:  16,   175 facts and    2813 exclusive pairs
             466 ops   and   62222 exclusive pairs
time:  17,   177 facts and    2446 exclusive pairs
             493 ops   and   68146 exclusive pairs
time:  18,   201 facts and    3488 exclusive pairs
             542 ops   and   83354 exclusive pairs
time:  19,   203 facts and    3039 exclusive pairs
             571 ops   and   90604 exclusive pairs
time:  20,   229 facts and    4259 exclusive pairs
             624 ops   and  109432 exclusive pairs
time:  21,   231 facts and    3720 exclusive pairs
             655 ops   and  118192 exclusive pairs
time:  22,   259 facts and    5132 exclusive pairs
             712 ops   and  141170 exclusive pairs
time:  23,   260 facts and    4449 exclusive pairs
             743 ops   and  150592 exclusive pairs
time:  24,   289 facts and    5994 exclusive pairs
             801 ops   and  176897 exclusive pairs
time:  25,   289 facts and    5210 exclusive pairs
             801 ops   and  169098 exclusive pairs
time:  26,   289 facts and    4608 exclusive pairs
graph has leveled off at time step 27


             801 ops   and  167712 exclusive pairs
time:  27,   289 facts and    4608 exclusive pairs
             801 ops   and  167712 exclusive pairs
time:  28,   289 facts and    4608 exclusive pairs
             801 ops   and  167712 exclusive pairs
time:  29,   289 facts and    4608 exclusive pairs
             801 ops   and  167712 exclusive pairs
time:  30,   289 facts and    4608 exclusive pairs
             801 ops   and  167712 exclusive pairs
time:  31,   289 facts and    4608 exclusive pairs
             801 ops   and  167712 exclusive pairs
time:  32,   289 facts and    4608 exclusive pairs
             801 ops   and  167712 exclusive pairs
time:  33,   289 facts and    4608 exclusive pairs
             801 ops   and  167712 exclusive pairs
time:  34,   289 facts and    4608 exclusive pairs
             801 ops   and  167712 exclusive pairs
time:  35,   289 facts and    4608 exclusive pairs
             801 ops   and  167712 exclusive pairs
time:  36,   289 facts and    4608 exclusive pairs
             801 ops   and  167712 exclusive pairs
time:  37,   289 facts and    4608 exclusive pairs
             801 ops   and  167712 exclusive pairs
time:  38,   289 facts and    4608 exclusive pairs

creating thin gp-based encoding...
plan graph layer 0...
plan graph layer 1...
plan graph layer 2...
plan graph layer 3...
plan graph layer 4...
plan graph layer 5...
plan graph layer 6...
plan graph layer 7...
plan graph layer 8...
plan graph layer 9...
plan graph layer 10...
plan graph layer 11...
plan graph layer 12...
plan graph layer 13...
plan graph layer 14...
plan graph layer 15...
plan graph layer 16...
plan graph layer 17...
plan graph layer 18...
plan graph layer 19...
plan graph layer 20...
plan graph layer 21...
plan graph layer 22...
plan graph layer 23...
plan graph layer 24...
plan graph layer 25...
plan graph layer 26...
plan graph layer 27...
plan graph layer 28...
plan graph layer 29...
plan graph layer 30...
plan graph layer 31...
plan graph layer 32...
plan graph layer 33...
plan graph layer 34...
plan graph layer 35...
plan graph layer 36...
plan graph layer 37...
plan graph layer 38...
goal constraints...
exclusion constraints layer 0...
exclusion constraints layer 1...
exclusion constraints layer 2...
exclusion constraints layer 3...
exclusion constraints layer 4...
exclusion constraints layer 5...
exclusion constraints layer 6...
exclusion constraints layer 7...
exclusion constraints layer 8...
exclusion constraints layer 9...
exclusion constraints layer 10...
exclusion constraints layer 11...
exclusion constraints layer 12...
exclusion constraints layer 13...
exclusion constraints layer 14...
exclusion constraints layer 15...
exclusion constraints layer 16...
exclusion constraints layer 17...
exclusion constraints layer 18...
exclusion constraints layer 19...
exclusion constraints layer 20...
exclusion constraints layer 21...
exclusion constraints layer 22...
exclusion constraints layer 23...
exclusion constraints layer 24...
exclusion constraints layer 25...
exclusion constraints layer 26...
exclusion constraints layer 27...
exclusion constraints layer 28...
exclusion constraints layer 29...
exclusion constraints layer 30...
exclusion constraints layer 31...
exclusion constraints layer 32...
exclusion constraints layer 33...
exclusion constraints layer 34...
exclusion constraints layer 35...
exclusion constraints layer 36...
exclusion constraints layer 37...
exclusion constraints layer 38...

DECISION LAYER 38, WRITING THIN GP-BASED ENCODING WITH 26839 VARS, 2296181 CLAUSES.

time spent:    0.00 seconds instantiating 544 action templates
               0.00 seconds reachability analysis, yielding 305 facts and 544 actions
               0.00 seconds collecting 305 relevant facts
               0.00 seconds building connectivity graph
               0.00 seconds building (std) graph
               0.51 seconds CNF output time
               0.51 seconds total planner time (solving not included)


***Solving***


[ filemap ]
[ extract ]

variables : 26839
pure lits : 294

1-clauses : 15
2-clauses : 2289183
3-clauses : 6050
n-clauses : 933
discarded : 0

[ solve ]


unsatisfiable                             

[ stats ]

decisions : 24809
conflicts : 958
time : ~0.041

***UNSAT***


bb: parsing domain file
domain 'BLOCKS' defined
 ... done.
bb: parsing problem file
problem 'BLOCKS-16-1' defined
 ... done.


time:   0,    20 facts and       0 exclusive pairs
              23 ops   and      12 exclusive pairs
time:   1,    26 facts and      30 exclusive pairs
              41 ops   and     267 exclusive pairs
time:   2,    35 facts and     120 exclusive pairs
              62 ops   and     924 exclusive pairs
time:   3,    39 facts and     152 exclusive pairs
              85 ops   and    2018 exclusive pairs
time:   4,    55 facts and     496 exclusive pairs
             124 ops   and    4987 exclusive pairs
time:   5,    63 facts and     623 exclusive pairs
             151 ops   and    7357 exclusive pairs
time:   6,    75 facts and     884 exclusive pairs
             176 ops   and    9754 exclusive pairs
time:   7,    77 facts and     657 exclusive pairs
             193 ops   and   10986 exclusive pairs
time:   8,    91 facts and    1011 exclusive pairs
             222 ops   and   14718 exclusive pairs
time:   9,    93 facts and     834 exclusive pairs
             241 ops   and   16774 exclusive pairs
time:  10,   109 facts and    1304 exclusive pairs
             274 ops   and   22082 exclusive pairs
time:  11,   111 facts and    1135 exclusive pairs
             295 ops   and   25012 exclusive pairs
time:  12,   129 facts and    1727 exclusive pairs
             332 ops   and   32180 exclusive pairs
time:  13,   131 facts and    1500 exclusive pairs
             355 ops   and   35956 exclusive pairs
time:  14,   151 facts and    2228 exclusive pairs
             396 ops   and   45370 exclusive pairs
time:  15,   153 facts and    1935 exclusive pairs
             421 ops   and   50140 exclusive pairs
time:  16,   175 facts and    2813 exclusive pairs
             466 ops   and   62222 exclusive pairs
time:  17,   177 facts and    2446 exclusive pairs
             493 ops   and   68146 exclusive pairs
time:  18,   201 facts and    3488 exclusive pairs
             542 ops   and   83354 exclusive pairs
time:  19,   203 facts and    3039 exclusive pairs
             571 ops   and   90604 exclusive pairs
time:  20,   229 facts and    4259 exclusive pairs
             624 ops   and  109432 exclusive pairs
time:  21,   231 facts and    3720 exclusive pairs
             655 ops   and  118192 exclusive pairs
time:  22,   259 facts and    5132 exclusive pairs
             712 ops   and  141170 exclusive pairs
time:  23,   260 facts and    4449 exclusive pairs
             743 ops   and  150592 exclusive pairs
time:  24,   289 facts and    5994 exclusive pairs
             801 ops   and  176897 exclusive pairs
time:  25,   289 facts and    5210 exclusive pairs
             801 ops   and  169098 exclusive pairs
time:  26,   289 facts and    4608 exclusive pairs
graph has leveled off at time step 27


             801 ops   and  167712 exclusive pairs
time:  27,   289 facts and    4608 exclusive pairs
             801 ops   and  167712 exclusive pairs
time:  28,   289 facts and    4608 exclusive pairs
             801 ops   and  167712 exclusive pairs
time:  29,   289 facts and    4608 exclusive pairs
             801 ops   and  167712 exclusive pairs
time:  30,   289 facts and    4608 exclusive pairs
             801 ops   and  167712 exclusive pairs
time:  31,   289 facts and    4608 exclusive pairs
             801 ops   and  167712 exclusive pairs
time:  32,   289 facts and    4608 exclusive pairs
             801 ops   and  167712 exclusive pairs
time:  33,   289 facts and    4608 exclusive pairs
             801 ops   and  167712 exclusive pairs
time:  34,   289 facts and    4608 exclusive pairs
             801 ops   and  167712 exclusive pairs
time:  35,   289 facts and    4608 exclusive pairs
             801 ops   and  167712 exclusive pairs
time:  36,   289 facts and    4608 exclusive pairs
             801 ops   and  167712 exclusive pairs
time:  37,   289 facts and    4608 exclusive pairs
             801 ops   and  167712 exclusive pairs
time:  38,   289 facts and    4608 exclusive pairs
             801 ops   and  167712 exclusive pairs
time:  39,   289 facts and    4608 exclusive pairs

creating thin gp-based encoding...
plan graph layer 0...
plan graph layer 1...
plan graph layer 2...
plan graph layer 3...
plan graph layer 4...
plan graph layer 5...
plan graph layer 6...
plan graph layer 7...
plan graph layer 8...
plan graph layer 9...
plan graph layer 10...
plan graph layer 11...
plan graph layer 12...
plan graph layer 13...
plan graph layer 14...
plan graph layer 15...
plan graph layer 16...
plan graph layer 17...
plan graph layer 18...
plan graph layer 19...
plan graph layer 20...
plan graph layer 21...
plan graph layer 22...
plan graph layer 23...
plan graph layer 24...
plan graph layer 25...
plan graph layer 26...
plan graph layer 27...
plan graph layer 28...
plan graph layer 29...
plan graph layer 30...
plan graph layer 31...
plan graph layer 32...
plan graph layer 33...
plan graph layer 34...
plan graph layer 35...
plan graph layer 36...
plan graph layer 37...
plan graph layer 38...
plan graph layer 39...
goal constraints...
exclusion constraints layer 0...
exclusion constraints layer 1...
exclusion constraints layer 2...
exclusion constraints layer 3...
exclusion constraints layer 4...
exclusion constraints layer 5...
exclusion constraints layer 6...
exclusion constraints layer 7...
exclusion constraints layer 8...
exclusion constraints layer 9...
exclusion constraints layer 10...
exclusion constraints layer 11...
exclusion constraints layer 12...
exclusion constraints layer 13...
exclusion constraints layer 14...
exclusion constraints layer 15...
exclusion constraints layer 16...
exclusion constraints layer 17...
exclusion constraints layer 18...
exclusion constraints layer 19...
exclusion constraints layer 20...
exclusion constraints layer 21...
exclusion constraints layer 22...
exclusion constraints layer 23...
exclusion constraints layer 24...
exclusion constraints layer 25...
exclusion constraints layer 26...
exclusion constraints layer 27...
exclusion constraints layer 28...
exclusion constraints layer 29...
exclusion constraints layer 30...
exclusion constraints layer 31...
exclusion constraints layer 32...
exclusion constraints layer 33...
exclusion constraints layer 34...
exclusion constraints layer 35...
exclusion constraints layer 36...
exclusion constraints layer 37...
exclusion constraints layer 38...
exclusion constraints layer 39...

DECISION LAYER 39, WRITING THIN GP-BASED ENCODING WITH 27929 VARS, 2409391 CLAUSES.

time spent:    0.00 seconds instantiating 544 action templates
               0.00 seconds reachability analysis, yielding 305 facts and 544 actions
               0.00 seconds collecting 305 relevant facts
               0.00 seconds building connectivity graph
               0.00 seconds building (std) graph
               0.54 seconds CNF output time
               0.54 seconds total planner time (solving not included)


***Solving***


[ filemap ]
[ extract ]

variables : 27929
pure lits : 294

1-clauses : 15
2-clauses : 2402104
3-clauses : 6306
n-clauses : 966
discarded : 0

[ solve ]


unsatisfiable                             

[ stats ]

decisions : 6419
conflicts : 251
time : ~0.016

***UNSAT***


bb: parsing domain file
domain 'BLOCKS' defined
 ... done.
bb: parsing problem file
problem 'BLOCKS-16-1' defined
 ... done.


time:   0,    20 facts and       0 exclusive pairs
              23 ops   and      12 exclusive pairs
time:   1,    26 facts and      30 exclusive pairs
              41 ops   and     267 exclusive pairs
time:   2,    35 facts and     120 exclusive pairs
              62 ops   and     924 exclusive pairs
time:   3,    39 facts and     152 exclusive pairs
              85 ops   and    2018 exclusive pairs
time:   4,    55 facts and     496 exclusive pairs
             124 ops   and    4987 exclusive pairs
time:   5,    63 facts and     623 exclusive pairs
             151 ops   and    7357 exclusive pairs
time:   6,    75 facts and     884 exclusive pairs
             176 ops   and    9754 exclusive pairs
time:   7,    77 facts and     657 exclusive pairs
             193 ops   and   10986 exclusive pairs
time:   8,    91 facts and    1011 exclusive pairs
             222 ops   and   14718 exclusive pairs
time:   9,    93 facts and     834 exclusive pairs
             241 ops   and   16774 exclusive pairs
time:  10,   109 facts and    1304 exclusive pairs
             274 ops   and   22082 exclusive pairs
time:  11,   111 facts and    1135 exclusive pairs
             295 ops   and   25012 exclusive pairs
time:  12,   129 facts and    1727 exclusive pairs
             332 ops   and   32180 exclusive pairs
time:  13,   131 facts and    1500 exclusive pairs
             355 ops   and   35956 exclusive pairs
time:  14,   151 facts and    2228 exclusive pairs
             396 ops   and   45370 exclusive pairs
time:  15,   153 facts and    1935 exclusive pairs
             421 ops   and   50140 exclusive pairs
time:  16,   175 facts and    2813 exclusive pairs
             466 ops   and   62222 exclusive pairs
time:  17,   177 facts and    2446 exclusive pairs
             493 ops   and   68146 exclusive pairs
time:  18,   201 facts and    3488 exclusive pairs
             542 ops   and   83354 exclusive pairs
time:  19,   203 facts and    3039 exclusive pairs
             571 ops   and   90604 exclusive pairs
time:  20,   229 facts and    4259 exclusive pairs
             624 ops   and  109432 exclusive pairs
time:  21,   231 facts and    3720 exclusive pairs
             655 ops   and  118192 exclusive pairs
time:  22,   259 facts and    5132 exclusive pairs
             712 ops   and  141170 exclusive pairs
time:  23,   260 facts and    4449 exclusive pairs
             743 ops   and  150592 exclusive pairs
time:  24,   289 facts and    5994 exclusive pairs
             801 ops   and  176897 exclusive pairs
time:  25,   289 facts and    5210 exclusive pairs
             801 ops   and  169098 exclusive pairs
time:  26,   289 facts and    4608 exclusive pairs
graph has leveled off at time step 27


             801 ops   and  167712 exclusive pairs
time:  27,   289 facts and    4608 exclusive pairs
             801 ops   and  167712 exclusive pairs
time:  28,   289 facts and    4608 exclusive pairs
             801 ops   and  167712 exclusive pairs
time:  29,   289 facts and    4608 exclusive pairs
             801 ops   and  167712 exclusive pairs
time:  30,   289 facts and    4608 exclusive pairs
             801 ops   and  167712 exclusive pairs
time:  31,   289 facts and    4608 exclusive pairs
             801 ops   and  167712 exclusive pairs
time:  32,   289 facts and    4608 exclusive pairs
             801 ops   and  167712 exclusive pairs
time:  33,   289 facts and    4608 exclusive pairs
             801 ops   and  167712 exclusive pairs
time:  34,   289 facts and    4608 exclusive pairs
             801 ops   and  167712 exclusive pairs
time:  35,   289 facts and    4608 exclusive pairs
             801 ops   and  167712 exclusive pairs
time:  36,   289 facts and    4608 exclusive pairs
             801 ops   and  167712 exclusive pairs
time:  37,   289 facts and    4608 exclusive pairs
             801 ops   and  167712 exclusive pairs
time:  38,   289 facts and    4608 exclusive pairs
             801 ops   and  167712 exclusive pairs
time:  39,   289 facts and    4608 exclusive pairs
             801 ops   and  167712 exclusive pairs
time:  40,   289 facts and    4608 exclusive pairs

creating thin gp-based encoding...
plan graph layer 0...
plan graph layer 1...
plan graph layer 2...
plan graph layer 3...
plan graph layer 4...
plan graph layer 5...
plan graph layer 6...
plan graph layer 7...
plan graph layer 8...
plan graph layer 9...
plan graph layer 10...
plan graph layer 11...
plan graph layer 12...
plan graph layer 13...
plan graph layer 14...
plan graph layer 15...
plan graph layer 16...
plan graph layer 17...
plan graph layer 18...
plan graph layer 19...
plan graph layer 20...
plan graph layer 21...
plan graph layer 22...
plan graph layer 23...
plan graph layer 24...
plan graph layer 25...
plan graph layer 26...
plan graph layer 27...
plan graph layer 28...
plan graph layer 29...
plan graph layer 30...
plan graph layer 31...
plan graph layer 32...
plan graph layer 33...
plan graph layer 34...
plan graph layer 35...
plan graph layer 36...
plan graph layer 37...
plan graph layer 38...
plan graph layer 39...
plan graph layer 40...
goal constraints...
exclusion constraints layer 0...
exclusion constraints layer 1...
exclusion constraints layer 2...
exclusion constraints layer 3...
exclusion constraints layer 4...
exclusion constraints layer 5...
exclusion constraints layer 6...
exclusion constraints layer 7...
exclusion constraints layer 8...
exclusion constraints layer 9...
exclusion constraints layer 10...
exclusion constraints layer 11...
exclusion constraints layer 12...
exclusion constraints layer 13...
exclusion constraints layer 14...
exclusion constraints layer 15...
exclusion constraints layer 16...
exclusion constraints layer 17...
exclusion constraints layer 18...
exclusion constraints layer 19...
exclusion constraints layer 20...
exclusion constraints layer 21...
exclusion constraints layer 22...
exclusion constraints layer 23...
exclusion constraints layer 24...
exclusion constraints layer 25...
exclusion constraints layer 26...
exclusion constraints layer 27...
exclusion constraints layer 28...
exclusion constraints layer 29...
exclusion constraints layer 30...
exclusion constraints layer 31...
exclusion constraints layer 32...
exclusion constraints layer 33...
exclusion constraints layer 34...
exclusion constraints layer 35...
exclusion constraints layer 36...
exclusion constraints layer 37...
exclusion constraints layer 38...
exclusion constraints layer 39...
exclusion constraints layer 40...

DECISION LAYER 40, WRITING THIN GP-BASED ENCODING WITH 29019 VARS, 2522601 CLAUSES.

time spent:    0.00 seconds instantiating 544 action templates
               0.00 seconds reachability analysis, yielding 305 facts and 544 actions
               0.00 seconds collecting 305 relevant facts
               0.00 seconds building connectivity graph
               0.00 seconds building (std) graph
               0.57 seconds CNF output time
               0.57 seconds total planner time (solving not included)


***Solving***


[ filemap ]
[ extract ]

variables : 29019
pure lits : 294

1-clauses : 15
2-clauses : 2515025
3-clauses : 6562
n-clauses : 999
discarded : 0

[ solve ]


unsatisfiable                             

[ stats ]

decisions : 20305
conflicts : 1552
time : ~0.09

***UNSAT***


bb: parsing domain file
domain 'BLOCKS' defined
 ... done.
bb: parsing problem file
problem 'BLOCKS-16-1' defined
 ... done.


time:   0,    20 facts and       0 exclusive pairs
              23 ops   and      12 exclusive pairs
time:   1,    26 facts and      30 exclusive pairs
              41 ops   and     267 exclusive pairs
time:   2,    35 facts and     120 exclusive pairs
              62 ops   and     924 exclusive pairs
time:   3,    39 facts and     152 exclusive pairs
              85 ops   and    2018 exclusive pairs
time:   4,    55 facts and     496 exclusive pairs
             124 ops   and    4987 exclusive pairs
time:   5,    63 facts and     623 exclusive pairs
             151 ops   and    7357 exclusive pairs
time:   6,    75 facts and     884 exclusive pairs
             176 ops   and    9754 exclusive pairs
time:   7,    77 facts and     657 exclusive pairs
             193 ops   and   10986 exclusive pairs
time:   8,    91 facts and    1011 exclusive pairs
             222 ops   and   14718 exclusive pairs
time:   9,    93 facts and     834 exclusive pairs
             241 ops   and   16774 exclusive pairs
time:  10,   109 facts and    1304 exclusive pairs
             274 ops   and   22082 exclusive pairs
time:  11,   111 facts and    1135 exclusive pairs
             295 ops   and   25012 exclusive pairs
time:  12,   129 facts and    1727 exclusive pairs
             332 ops   and   32180 exclusive pairs
time:  13,   131 facts and    1500 exclusive pairs
             355 ops   and   35956 exclusive pairs
time:  14,   151 facts and    2228 exclusive pairs
             396 ops   and   45370 exclusive pairs
time:  15,   153 facts and    1935 exclusive pairs
             421 ops   and   50140 exclusive pairs
time:  16,   175 facts and    2813 exclusive pairs
             466 ops   and   62222 exclusive pairs
time:  17,   177 facts and    2446 exclusive pairs
             493 ops   and   68146 exclusive pairs
time:  18,   201 facts and    3488 exclusive pairs
             542 ops   and   83354 exclusive pairs
time:  19,   203 facts and    3039 exclusive pairs
             571 ops   and   90604 exclusive pairs
time:  20,   229 facts and    4259 exclusive pairs
             624 ops   and  109432 exclusive pairs
time:  21,   231 facts and    3720 exclusive pairs
             655 ops   and  118192 exclusive pairs
time:  22,   259 facts and    5132 exclusive pairs
             712 ops   and  141170 exclusive pairs
time:  23,   260 facts and    4449 exclusive pairs
             743 ops   and  150592 exclusive pairs
time:  24,   289 facts and    5994 exclusive pairs
             801 ops   and  176897 exclusive pairs
time:  25,   289 facts and    5210 exclusive pairs
             801 ops   and  169098 exclusive pairs
time:  26,   289 facts and    4608 exclusive pairs
graph has leveled off at time step 27


             801 ops   and  167712 exclusive pairs
time:  27,   289 facts and    4608 exclusive pairs
             801 ops   and  167712 exclusive pairs
time:  28,   289 facts and    4608 exclusive pairs
             801 ops   and  167712 exclusive pairs
time:  29,   289 facts and    4608 exclusive pairs
             801 ops   and  167712 exclusive pairs
time:  30,   289 facts and    4608 exclusive pairs
             801 ops   and  167712 exclusive pairs
time:  31,   289 facts and    4608 exclusive pairs
             801 ops   and  167712 exclusive pairs
time:  32,   289 facts and    4608 exclusive pairs
             801 ops   and  167712 exclusive pairs
time:  33,   289 facts and    4608 exclusive pairs
             801 ops   and  167712 exclusive pairs
time:  34,   289 facts and    4608 exclusive pairs
             801 ops   and  167712 exclusive pairs
time:  35,   289 facts and    4608 exclusive pairs
             801 ops   and  167712 exclusive pairs
time:  36,   289 facts and    4608 exclusive pairs
             801 ops   and  167712 exclusive pairs
time:  37,   289 facts and    4608 exclusive pairs
             801 ops   and  167712 exclusive pairs
time:  38,   289 facts and    4608 exclusive pairs
             801 ops   and  167712 exclusive pairs
time:  39,   289 facts and    4608 exclusive pairs
             801 ops   and  167712 exclusive pairs
time:  40,   289 facts and    4608 exclusive pairs
             801 ops   and  167712 exclusive pairs
time:  41,   289 facts and    4608 exclusive pairs

creating thin gp-based encoding...
plan graph layer 0...
plan graph layer 1...
plan graph layer 2...
plan graph layer 3...
plan graph layer 4...
plan graph layer 5...
plan graph layer 6...
plan graph layer 7...
plan graph layer 8...
plan graph layer 9...
plan graph layer 10...
plan graph layer 11...
plan graph layer 12...
plan graph layer 13...
plan graph layer 14...
plan graph layer 15...
plan graph layer 16...
plan graph layer 17...
plan graph layer 18...
plan graph layer 19...
plan graph layer 20...
plan graph layer 21...
plan graph layer 22...
plan graph layer 23...
plan graph layer 24...
plan graph layer 25...
plan graph layer 26...
plan graph layer 27...
plan graph layer 28...
plan graph layer 29...
plan graph layer 30...
plan graph layer 31...
plan graph layer 32...
plan graph layer 33...
plan graph layer 34...
plan graph layer 35...
plan graph layer 36...
plan graph layer 37...
plan graph layer 38...
plan graph layer 39...
plan graph layer 40...
plan graph layer 41...
goal constraints...
exclusion constraints layer 0...
exclusion constraints layer 1...
exclusion constraints layer 2...
exclusion constraints layer 3...
exclusion constraints layer 4...
exclusion constraints layer 5...
exclusion constraints layer 6...
exclusion constraints layer 7...
exclusion constraints layer 8...
exclusion constraints layer 9...
exclusion constraints layer 10...
exclusion constraints layer 11...
exclusion constraints layer 12...
exclusion constraints layer 13...
exclusion constraints layer 14...
exclusion constraints layer 15...
exclusion constraints layer 16...
exclusion constraints layer 17...
exclusion constraints layer 18...
exclusion constraints layer 19...
exclusion constraints layer 20...
exclusion constraints layer 21...
exclusion constraints layer 22...
exclusion constraints layer 23...
exclusion constraints layer 24...
exclusion constraints layer 25...
exclusion constraints layer 26...
exclusion constraints layer 27...
exclusion constraints layer 28...
exclusion constraints layer 29...
exclusion constraints layer 30...
exclusion constraints layer 31...
exclusion constraints layer 32...
exclusion constraints layer 33...
exclusion constraints layer 34...
exclusion constraints layer 35...
exclusion constraints layer 36...
exclusion constraints layer 37...
exclusion constraints layer 38...
exclusion constraints layer 39...
exclusion constraints layer 40...
exclusion constraints layer 41...

DECISION LAYER 41, WRITING THIN GP-BASED ENCODING WITH 30109 VARS, 2635811 CLAUSES.

time spent:    0.00 seconds instantiating 544 action templates
               0.00 seconds reachability analysis, yielding 305 facts and 544 actions
               0.00 seconds collecting 305 relevant facts
               0.00 seconds building connectivity graph
               0.00 seconds building (std) graph
               0.59 seconds CNF output time
               0.59 seconds total planner time (solving not included)


***Solving***


[ filemap ]
[ extract ]

variables : 30109
pure lits : 294

1-clauses : 15
2-clauses : 2627946
3-clauses : 6818
n-clauses : 1032
discarded : 0

[ solve ]


unsatisfiable                             

[ stats ]

decisions : 20547
conflicts : 411
time : ~0.027

***UNSAT***


bb: parsing domain file
domain 'BLOCKS' defined
 ... done.
bb: parsing problem file
problem 'BLOCKS-16-1' defined
 ... done.


time:   0,    20 facts and       0 exclusive pairs
              23 ops   and      12 exclusive pairs
time:   1,    26 facts and      30 exclusive pairs
              41 ops   and     267 exclusive pairs
time:   2,    35 facts and     120 exclusive pairs
              62 ops   and     924 exclusive pairs
time:   3,    39 facts and     152 exclusive pairs
              85 ops   and    2018 exclusive pairs
time:   4,    55 facts and     496 exclusive pairs
             124 ops   and    4987 exclusive pairs
time:   5,    63 facts and     623 exclusive pairs
             151 ops   and    7357 exclusive pairs
time:   6,    75 facts and     884 exclusive pairs
             176 ops   and    9754 exclusive pairs
time:   7,    77 facts and     657 exclusive pairs
             193 ops   and   10986 exclusive pairs
time:   8,    91 facts and    1011 exclusive pairs
             222 ops   and   14718 exclusive pairs
time:   9,    93 facts and     834 exclusive pairs
             241 ops   and   16774 exclusive pairs
time:  10,   109 facts and    1304 exclusive pairs
             274 ops   and   22082 exclusive pairs
time:  11,   111 facts and    1135 exclusive pairs
             295 ops   and   25012 exclusive pairs
time:  12,   129 facts and    1727 exclusive pairs
             332 ops   and   32180 exclusive pairs
time:  13,   131 facts and    1500 exclusive pairs
             355 ops   and   35956 exclusive pairs
time:  14,   151 facts and    2228 exclusive pairs
             396 ops   and   45370 exclusive pairs
time:  15,   153 facts and    1935 exclusive pairs
             421 ops   and   50140 exclusive pairs
time:  16,   175 facts and    2813 exclusive pairs
             466 ops   and   62222 exclusive pairs
time:  17,   177 facts and    2446 exclusive pairs
             493 ops   and   68146 exclusive pairs
time:  18,   201 facts and    3488 exclusive pairs
             542 ops   and   83354 exclusive pairs
time:  19,   203 facts and    3039 exclusive pairs
             571 ops   and   90604 exclusive pairs
time:  20,   229 facts and    4259 exclusive pairs
             624 ops   and  109432 exclusive pairs
time:  21,   231 facts and    3720 exclusive pairs
             655 ops   and  118192 exclusive pairs
time:  22,   259 facts and    5132 exclusive pairs
             712 ops   and  141170 exclusive pairs
time:  23,   260 facts and    4449 exclusive pairs
             743 ops   and  150592 exclusive pairs
time:  24,   289 facts and    5994 exclusive pairs
             801 ops   and  176897 exclusive pairs
time:  25,   289 facts and    5210 exclusive pairs
             801 ops   and  169098 exclusive pairs
time:  26,   289 facts and    4608 exclusive pairs
graph has leveled off at time step 27


             801 ops   and  167712 exclusive pairs
time:  27,   289 facts and    4608 exclusive pairs
             801 ops   and  167712 exclusive pairs
time:  28,   289 facts and    4608 exclusive pairs
             801 ops   and  167712 exclusive pairs
time:  29,   289 facts and    4608 exclusive pairs
             801 ops   and  167712 exclusive pairs
time:  30,   289 facts and    4608 exclusive pairs
             801 ops   and  167712 exclusive pairs
time:  31,   289 facts and    4608 exclusive pairs
             801 ops   and  167712 exclusive pairs
time:  32,   289 facts and    4608 exclusive pairs
             801 ops   and  167712 exclusive pairs
time:  33,   289 facts and    4608 exclusive pairs
             801 ops   and  167712 exclusive pairs
time:  34,   289 facts and    4608 exclusive pairs
             801 ops   and  167712 exclusive pairs
time:  35,   289 facts and    4608 exclusive pairs
             801 ops   and  167712 exclusive pairs
time:  36,   289 facts and    4608 exclusive pairs
             801 ops   and  167712 exclusive pairs
time:  37,   289 facts and    4608 exclusive pairs
             801 ops   and  167712 exclusive pairs
time:  38,   289 facts and    4608 exclusive pairs
             801 ops   and  167712 exclusive pairs
time:  39,   289 facts and    4608 exclusive pairs
             801 ops   and  167712 exclusive pairs
time:  40,   289 facts and    4608 exclusive pairs
             801 ops   and  167712 exclusive pairs
time:  41,   289 facts and    4608 exclusive pairs
             801 ops   and  167712 exclusive pairs
time:  42,   289 facts and    4608 exclusive pairs

creating thin gp-based encoding...
plan graph layer 0...
plan graph layer 1...
plan graph layer 2...
plan graph layer 3...
plan graph layer 4...
plan graph layer 5...
plan graph layer 6...
plan graph layer 7...
plan graph layer 8...
plan graph layer 9...
plan graph layer 10...
plan graph layer 11...
plan graph layer 12...
plan graph layer 13...
plan graph layer 14...
plan graph layer 15...
plan graph layer 16...
plan graph layer 17...
plan graph layer 18...
plan graph layer 19...
plan graph layer 20...
plan graph layer 21...
plan graph layer 22...
plan graph layer 23...
plan graph layer 24...
plan graph layer 25...
plan graph layer 26...
plan graph layer 27...
plan graph layer 28...
plan graph layer 29...
plan graph layer 30...
plan graph layer 31...
plan graph layer 32...
plan graph layer 33...
plan graph layer 34...
plan graph layer 35...
plan graph layer 36...
plan graph layer 37...
plan graph layer 38...
plan graph layer 39...
plan graph layer 40...
plan graph layer 41...
plan graph layer 42...
goal constraints...
exclusion constraints layer 0...
exclusion constraints layer 1...
exclusion constraints layer 2...
exclusion constraints layer 3...
exclusion constraints layer 4...
exclusion constraints layer 5...
exclusion constraints layer 6...
exclusion constraints layer 7...
exclusion constraints layer 8...
exclusion constraints layer 9...
exclusion constraints layer 10...
exclusion constraints layer 11...
exclusion constraints layer 12...
exclusion constraints layer 13...
exclusion constraints layer 14...
exclusion constraints layer 15...
exclusion constraints layer 16...
exclusion constraints layer 17...
exclusion constraints layer 18...
exclusion constraints layer 19...
exclusion constraints layer 20...
exclusion constraints layer 21...
exclusion constraints layer 22...
exclusion constraints layer 23...
exclusion constraints layer 24...
exclusion constraints layer 25...
exclusion constraints layer 26...
exclusion constraints layer 27...
exclusion constraints layer 28...
exclusion constraints layer 29...
exclusion constraints layer 30...
exclusion constraints layer 31...
exclusion constraints layer 32...
exclusion constraints layer 33...
exclusion constraints layer 34...
exclusion constraints layer 35...
exclusion constraints layer 36...
exclusion constraints layer 37...
exclusion constraints layer 38...
exclusion constraints layer 39...
exclusion constraints layer 40...
exclusion constraints layer 41...
exclusion constraints layer 42...

DECISION LAYER 42, WRITING THIN GP-BASED ENCODING WITH 31199 VARS, 2749021 CLAUSES.

time spent:    0.00 seconds instantiating 544 action templates
               0.00 seconds reachability analysis, yielding 305 facts and 544 actions
               0.00 seconds collecting 305 relevant facts
               0.00 seconds building connectivity graph
               0.00 seconds building (std) graph
               0.62 seconds CNF output time
               0.62 seconds total planner time (solving not included)


***Solving***


[ filemap ]
[ extract ]

variables : 31199
pure lits : 294

1-clauses : 15
2-clauses : 2740867
3-clauses : 7074
n-clauses : 1065
discarded : 0

[ solve ]


unsatisfiable                             

[ stats ]

decisions : 36960
conflicts : 717
time : ~0.042

***UNSAT***


bb: parsing domain file
domain 'BLOCKS' defined
 ... done.
bb: parsing problem file
problem 'BLOCKS-16-1' defined
 ... done.


time:   0,    20 facts and       0 exclusive pairs
              23 ops   and      12 exclusive pairs
time:   1,    26 facts and      30 exclusive pairs
              41 ops   and     267 exclusive pairs
time:   2,    35 facts and     120 exclusive pairs
              62 ops   and     924 exclusive pairs
time:   3,    39 facts and     152 exclusive pairs
              85 ops   and    2018 exclusive pairs
time:   4,    55 facts and     496 exclusive pairs
             124 ops   and    4987 exclusive pairs
time:   5,    63 facts and     623 exclusive pairs
             151 ops   and    7357 exclusive pairs
time:   6,    75 facts and     884 exclusive pairs
             176 ops   and    9754 exclusive pairs
time:   7,    77 facts and     657 exclusive pairs
             193 ops   and   10986 exclusive pairs
time:   8,    91 facts and    1011 exclusive pairs
             222 ops   and   14718 exclusive pairs
time:   9,    93 facts and     834 exclusive pairs
             241 ops   and   16774 exclusive pairs
time:  10,   109 facts and    1304 exclusive pairs
             274 ops   and   22082 exclusive pairs
time:  11,   111 facts and    1135 exclusive pairs
             295 ops   and   25012 exclusive pairs
time:  12,   129 facts and    1727 exclusive pairs
             332 ops   and   32180 exclusive pairs
time:  13,   131 facts and    1500 exclusive pairs
             355 ops   and   35956 exclusive pairs
time:  14,   151 facts and    2228 exclusive pairs
             396 ops   and   45370 exclusive pairs
time:  15,   153 facts and    1935 exclusive pairs
             421 ops   and   50140 exclusive pairs
time:  16,   175 facts and    2813 exclusive pairs
             466 ops   and   62222 exclusive pairs
time:  17,   177 facts and    2446 exclusive pairs
             493 ops   and   68146 exclusive pairs
time:  18,   201 facts and    3488 exclusive pairs
             542 ops   and   83354 exclusive pairs
time:  19,   203 facts and    3039 exclusive pairs
             571 ops   and   90604 exclusive pairs
time:  20,   229 facts and    4259 exclusive pairs
             624 ops   and  109432 exclusive pairs
time:  21,   231 facts and    3720 exclusive pairs
             655 ops   and  118192 exclusive pairs
time:  22,   259 facts and    5132 exclusive pairs
             712 ops   and  141170 exclusive pairs
time:  23,   260 facts and    4449 exclusive pairs
             743 ops   and  150592 exclusive pairs
time:  24,   289 facts and    5994 exclusive pairs
             801 ops   and  176897 exclusive pairs
time:  25,   289 facts and    5210 exclusive pairs
             801 ops   and  169098 exclusive pairs
time:  26,   289 facts and    4608 exclusive pairs
graph has leveled off at time step 27


             801 ops   and  167712 exclusive pairs
time:  27,   289 facts and    4608 exclusive pairs
             801 ops   and  167712 exclusive pairs
time:  28,   289 facts and    4608 exclusive pairs
             801 ops   and  167712 exclusive pairs
time:  29,   289 facts and    4608 exclusive pairs
             801 ops   and  167712 exclusive pairs
time:  30,   289 facts and    4608 exclusive pairs
             801 ops   and  167712 exclusive pairs
time:  31,   289 facts and    4608 exclusive pairs
             801 ops   and  167712 exclusive pairs
time:  32,   289 facts and    4608 exclusive pairs
             801 ops   and  167712 exclusive pairs
time:  33,   289 facts and    4608 exclusive pairs
             801 ops   and  167712 exclusive pairs
time:  34,   289 facts and    4608 exclusive pairs
             801 ops   and  167712 exclusive pairs
time:  35,   289 facts and    4608 exclusive pairs
             801 ops   and  167712 exclusive pairs
time:  36,   289 facts and    4608 exclusive pairs
             801 ops   and  167712 exclusive pairs
time:  37,   289 facts and    4608 exclusive pairs
             801 ops   and  167712 exclusive pairs
time:  38,   289 facts and    4608 exclusive pairs
             801 ops   and  167712 exclusive pairs
time:  39,   289 facts and    4608 exclusive pairs
             801 ops   and  167712 exclusive pairs
time:  40,   289 facts and    4608 exclusive pairs
             801 ops   and  167712 exclusive pairs
time:  41,   289 facts and    4608 exclusive pairs
             801 ops   and  167712 exclusive pairs
time:  42,   289 facts and    4608 exclusive pairs
             801 ops   and  167712 exclusive pairs
time:  43,   289 facts and    4608 exclusive pairs

creating thin gp-based encoding...
plan graph layer 0...
plan graph layer 1...
plan graph layer 2...
plan graph layer 3...
plan graph layer 4...
plan graph layer 5...
plan graph layer 6...
plan graph layer 7...
plan graph layer 8...
plan graph layer 9...
plan graph layer 10...
plan graph layer 11...
plan graph layer 12...
plan graph layer 13...
plan graph layer 14...
plan graph layer 15...
plan graph layer 16...
plan graph layer 17...
plan graph layer 18...
plan graph layer 19...
plan graph layer 20...
plan graph layer 21...
plan graph layer 22...
plan graph layer 23...
plan graph layer 24...
plan graph layer 25...
plan graph layer 26...
plan graph layer 27...
plan graph layer 28...
plan graph layer 29...
plan graph layer 30...
plan graph layer 31...
plan graph layer 32...
plan graph layer 33...
plan graph layer 34...
plan graph layer 35...
plan graph layer 36...
plan graph layer 37...
plan graph layer 38...
plan graph layer 39...
plan graph layer 40...
plan graph layer 41...
plan graph layer 42...
plan graph layer 43...
goal constraints...
exclusion constraints layer 0...
exclusion constraints layer 1...
exclusion constraints layer 2...
exclusion constraints layer 3...
exclusion constraints layer 4...
exclusion constraints layer 5...
exclusion constraints layer 6...
exclusion constraints layer 7...
exclusion constraints layer 8...
exclusion constraints layer 9...
exclusion constraints layer 10...
exclusion constraints layer 11...
exclusion constraints layer 12...
exclusion constraints layer 13...
exclusion constraints layer 14...
exclusion constraints layer 15...
exclusion constraints layer 16...
exclusion constraints layer 17...
exclusion constraints layer 18...
exclusion constraints layer 19...
exclusion constraints layer 20...
exclusion constraints layer 21...
exclusion constraints layer 22...
exclusion constraints layer 23...
exclusion constraints layer 24...
exclusion constraints layer 25...
exclusion constraints layer 26...
exclusion constraints layer 27...
exclusion constraints layer 28...
exclusion constraints layer 29...
exclusion constraints layer 30...
exclusion constraints layer 31...
exclusion constraints layer 32...
exclusion constraints layer 33...
exclusion constraints layer 34...
exclusion constraints layer 35...
exclusion constraints layer 36...
exclusion constraints layer 37...
exclusion constraints layer 38...
exclusion constraints layer 39...
exclusion constraints layer 40...
exclusion constraints layer 41...
exclusion constraints layer 42...
exclusion constraints layer 43...

DECISION LAYER 43, WRITING THIN GP-BASED ENCODING WITH 32289 VARS, 2862231 CLAUSES.

time spent:    0.00 seconds instantiating 544 action templates
               0.00 seconds reachability analysis, yielding 305 facts and 544 actions
               0.00 seconds collecting 305 relevant facts
               0.00 seconds building connectivity graph
               0.00 seconds building (std) graph
               0.64 seconds CNF output time
               0.64 seconds total planner time (solving not included)


***Solving***


[ filemap ]
[ extract ]

variables : 32289
pure lits : 294

1-clauses : 15
2-clauses : 2853788
3-clauses : 7330
n-clauses : 1098
discarded : 0

[ solve ]


unsatisfiable                             

[ stats ]

decisions : 50892
conflicts : 1254
time : ~0.074

***UNSAT***


bb: parsing domain file
domain 'BLOCKS' defined
 ... done.
bb: parsing problem file
problem 'BLOCKS-16-1' defined
 ... done.


time:   0,    20 facts and       0 exclusive pairs
              23 ops   and      12 exclusive pairs
time:   1,    26 facts and      30 exclusive pairs
              41 ops   and     267 exclusive pairs
time:   2,    35 facts and     120 exclusive pairs
              62 ops   and     924 exclusive pairs
time:   3,    39 facts and     152 exclusive pairs
              85 ops   and    2018 exclusive pairs
time:   4,    55 facts and     496 exclusive pairs
             124 ops   and    4987 exclusive pairs
time:   5,    63 facts and     623 exclusive pairs
             151 ops   and    7357 exclusive pairs
time:   6,    75 facts and     884 exclusive pairs
             176 ops   and    9754 exclusive pairs
time:   7,    77 facts and     657 exclusive pairs
             193 ops   and   10986 exclusive pairs
time:   8,    91 facts and    1011 exclusive pairs
             222 ops   and   14718 exclusive pairs
time:   9,    93 facts and     834 exclusive pairs
             241 ops   and   16774 exclusive pairs
time:  10,   109 facts and    1304 exclusive pairs
             274 ops   and   22082 exclusive pairs
time:  11,   111 facts and    1135 exclusive pairs
             295 ops   and   25012 exclusive pairs
time:  12,   129 facts and    1727 exclusive pairs
             332 ops   and   32180 exclusive pairs
time:  13,   131 facts and    1500 exclusive pairs
             355 ops   and   35956 exclusive pairs
time:  14,   151 facts and    2228 exclusive pairs
             396 ops   and   45370 exclusive pairs
time:  15,   153 facts and    1935 exclusive pairs
             421 ops   and   50140 exclusive pairs
time:  16,   175 facts and    2813 exclusive pairs
             466 ops   and   62222 exclusive pairs
time:  17,   177 facts and    2446 exclusive pairs
             493 ops   and   68146 exclusive pairs
time:  18,   201 facts and    3488 exclusive pairs
             542 ops   and   83354 exclusive pairs
time:  19,   203 facts and    3039 exclusive pairs
             571 ops   and   90604 exclusive pairs
time:  20,   229 facts and    4259 exclusive pairs
             624 ops   and  109432 exclusive pairs
time:  21,   231 facts and    3720 exclusive pairs
             655 ops   and  118192 exclusive pairs
time:  22,   259 facts and    5132 exclusive pairs
             712 ops   and  141170 exclusive pairs
time:  23,   260 facts and    4449 exclusive pairs
             743 ops   and  150592 exclusive pairs
time:  24,   289 facts and    5994 exclusive pairs
             801 ops   and  176897 exclusive pairs
time:  25,   289 facts and    5210 exclusive pairs
             801 ops   and  169098 exclusive pairs
time:  26,   289 facts and    4608 exclusive pairs
graph has leveled off at time step 27


             801 ops   and  167712 exclusive pairs
time:  27,   289 facts and    4608 exclusive pairs
             801 ops   and  167712 exclusive pairs
time:  28,   289 facts and    4608 exclusive pairs
             801 ops   and  167712 exclusive pairs
time:  29,   289 facts and    4608 exclusive pairs
             801 ops   and  167712 exclusive pairs
time:  30,   289 facts and    4608 exclusive pairs
             801 ops   and  167712 exclusive pairs
time:  31,   289 facts and    4608 exclusive pairs
             801 ops   and  167712 exclusive pairs
time:  32,   289 facts and    4608 exclusive pairs
             801 ops   and  167712 exclusive pairs
time:  33,   289 facts and    4608 exclusive pairs
             801 ops   and  167712 exclusive pairs
time:  34,   289 facts and    4608 exclusive pairs
             801 ops   and  167712 exclusive pairs
time:  35,   289 facts and    4608 exclusive pairs
             801 ops   and  167712 exclusive pairs
time:  36,   289 facts and    4608 exclusive pairs
             801 ops   and  167712 exclusive pairs
time:  37,   289 facts and    4608 exclusive pairs
             801 ops   and  167712 exclusive pairs
time:  38,   289 facts and    4608 exclusive pairs
             801 ops   and  167712 exclusive pairs
time:  39,   289 facts and    4608 exclusive pairs
             801 ops   and  167712 exclusive pairs
time:  40,   289 facts and    4608 exclusive pairs
             801 ops   and  167712 exclusive pairs
time:  41,   289 facts and    4608 exclusive pairs
             801 ops   and  167712 exclusive pairs
time:  42,   289 facts and    4608 exclusive pairs
             801 ops   and  167712 exclusive pairs
time:  43,   289 facts and    4608 exclusive pairs
             801 ops   and  167712 exclusive pairs
time:  44,   289 facts and    4608 exclusive pairs

creating thin gp-based encoding...
plan graph layer 0...
plan graph layer 1...
plan graph layer 2...
plan graph layer 3...
plan graph layer 4...
plan graph layer 5...
plan graph layer 6...
plan graph layer 7...
plan graph layer 8...
plan graph layer 9...
plan graph layer 10...
plan graph layer 11...
plan graph layer 12...
plan graph layer 13...
plan graph layer 14...
plan graph layer 15...
plan graph layer 16...
plan graph layer 17...
plan graph layer 18...
plan graph layer 19...
plan graph layer 20...
plan graph layer 21...
plan graph layer 22...
plan graph layer 23...
plan graph layer 24...
plan graph layer 25...
plan graph layer 26...
plan graph layer 27...
plan graph layer 28...
plan graph layer 29...
plan graph layer 30...
plan graph layer 31...
plan graph layer 32...
plan graph layer 33...
plan graph layer 34...
plan graph layer 35...
plan graph layer 36...
plan graph layer 37...
plan graph layer 38...
plan graph layer 39...
plan graph layer 40...
plan graph layer 41...
plan graph layer 42...
plan graph layer 43...
plan graph layer 44...
goal constraints...
exclusion constraints layer 0...
exclusion constraints layer 1...
exclusion constraints layer 2...
exclusion constraints layer 3...
exclusion constraints layer 4...
exclusion constraints layer 5...
exclusion constraints layer 6...
exclusion constraints layer 7...
exclusion constraints layer 8...
exclusion constraints layer 9...
exclusion constraints layer 10...
exclusion constraints layer 11...
exclusion constraints layer 12...
exclusion constraints layer 13...
exclusion constraints layer 14...
exclusion constraints layer 15...
exclusion constraints layer 16...
exclusion constraints layer 17...
exclusion constraints layer 18...
exclusion constraints layer 19...
exclusion constraints layer 20...
exclusion constraints layer 21...
exclusion constraints layer 22...
exclusion constraints layer 23...
exclusion constraints layer 24...
exclusion constraints layer 25...
exclusion constraints layer 26...
exclusion constraints layer 27...
exclusion constraints layer 28...
exclusion constraints layer 29...
exclusion constraints layer 30...
exclusion constraints layer 31...
exclusion constraints layer 32...
exclusion constraints layer 33...
exclusion constraints layer 34...
exclusion constraints layer 35...
exclusion constraints layer 36...
exclusion constraints layer 37...
exclusion constraints layer 38...
exclusion constraints layer 39...
exclusion constraints layer 40...
exclusion constraints layer 41...
exclusion constraints layer 42...
exclusion constraints layer 43...
exclusion constraints layer 44...

DECISION LAYER 44, WRITING THIN GP-BASED ENCODING WITH 33379 VARS, 2975441 CLAUSES.

time spent:    0.00 seconds instantiating 544 action templates
               0.00 seconds reachability analysis, yielding 305 facts and 544 actions
               0.00 seconds collecting 305 relevant facts
               0.00 seconds building connectivity graph
               0.00 seconds building (std) graph
               0.67 seconds CNF output time
               0.67 seconds total planner time (solving not included)


***Solving***


[ filemap ]
[ extract ]

variables : 33379
pure lits : 294

1-clauses : 15
2-clauses : 2966709
3-clauses : 7586
n-clauses : 1131
discarded : 0

[ solve ]


unsatisfiable                             

[ stats ]

decisions : 23905
conflicts : 782
time : ~0.063

***UNSAT***


bb: parsing domain file
domain 'BLOCKS' defined
 ... done.
bb: parsing problem file
problem 'BLOCKS-16-1' defined
 ... done.


time:   0,    20 facts and       0 exclusive pairs
              23 ops   and      12 exclusive pairs
time:   1,    26 facts and      30 exclusive pairs
              41 ops   and     267 exclusive pairs
time:   2,    35 facts and     120 exclusive pairs
              62 ops   and     924 exclusive pairs
time:   3,    39 facts and     152 exclusive pairs
              85 ops   and    2018 exclusive pairs
time:   4,    55 facts and     496 exclusive pairs
             124 ops   and    4987 exclusive pairs
time:   5,    63 facts and     623 exclusive pairs
             151 ops   and    7357 exclusive pairs
time:   6,    75 facts and     884 exclusive pairs
             176 ops   and    9754 exclusive pairs
time:   7,    77 facts and     657 exclusive pairs
             193 ops   and   10986 exclusive pairs
time:   8,    91 facts and    1011 exclusive pairs
             222 ops   and   14718 exclusive pairs
time:   9,    93 facts and     834 exclusive pairs
             241 ops   and   16774 exclusive pairs
time:  10,   109 facts and    1304 exclusive pairs
             274 ops   and   22082 exclusive pairs
time:  11,   111 facts and    1135 exclusive pairs
             295 ops   and   25012 exclusive pairs
time:  12,   129 facts and    1727 exclusive pairs
             332 ops   and   32180 exclusive pairs
time:  13,   131 facts and    1500 exclusive pairs
             355 ops   and   35956 exclusive pairs
time:  14,   151 facts and    2228 exclusive pairs
             396 ops   and   45370 exclusive pairs
time:  15,   153 facts and    1935 exclusive pairs
             421 ops   and   50140 exclusive pairs
time:  16,   175 facts and    2813 exclusive pairs
             466 ops   and   62222 exclusive pairs
time:  17,   177 facts and    2446 exclusive pairs
             493 ops   and   68146 exclusive pairs
time:  18,   201 facts and    3488 exclusive pairs
             542 ops   and   83354 exclusive pairs
time:  19,   203 facts and    3039 exclusive pairs
             571 ops   and   90604 exclusive pairs
time:  20,   229 facts and    4259 exclusive pairs
             624 ops   and  109432 exclusive pairs
time:  21,   231 facts and    3720 exclusive pairs
             655 ops   and  118192 exclusive pairs
time:  22,   259 facts and    5132 exclusive pairs
             712 ops   and  141170 exclusive pairs
time:  23,   260 facts and    4449 exclusive pairs
             743 ops   and  150592 exclusive pairs
time:  24,   289 facts and    5994 exclusive pairs
             801 ops   and  176897 exclusive pairs
time:  25,   289 facts and    5210 exclusive pairs
             801 ops   and  169098 exclusive pairs
time:  26,   289 facts and    4608 exclusive pairs
graph has leveled off at time step 27


             801 ops   and  167712 exclusive pairs
time:  27,   289 facts and    4608 exclusive pairs
             801 ops   and  167712 exclusive pairs
time:  28,   289 facts and    4608 exclusive pairs
             801 ops   and  167712 exclusive pairs
time:  29,   289 facts and    4608 exclusive pairs
             801 ops   and  167712 exclusive pairs
time:  30,   289 facts and    4608 exclusive pairs
             801 ops   and  167712 exclusive pairs
time:  31,   289 facts and    4608 exclusive pairs
             801 ops   and  167712 exclusive pairs
time:  32,   289 facts and    4608 exclusive pairs
             801 ops   and  167712 exclusive pairs
time:  33,   289 facts and    4608 exclusive pairs
             801 ops   and  167712 exclusive pairs
time:  34,   289 facts and    4608 exclusive pairs
             801 ops   and  167712 exclusive pairs
time:  35,   289 facts and    4608 exclusive pairs
             801 ops   and  167712 exclusive pairs
time:  36,   289 facts and    4608 exclusive pairs
             801 ops   and  167712 exclusive pairs
time:  37,   289 facts and    4608 exclusive pairs
             801 ops   and  167712 exclusive pairs
time:  38,   289 facts and    4608 exclusive pairs
             801 ops   and  167712 exclusive pairs
time:  39,   289 facts and    4608 exclusive pairs
             801 ops   and  167712 exclusive pairs
time:  40,   289 facts and    4608 exclusive pairs
             801 ops   and  167712 exclusive pairs
time:  41,   289 facts and    4608 exclusive pairs
             801 ops   and  167712 exclusive pairs
time:  42,   289 facts and    4608 exclusive pairs
             801 ops   and  167712 exclusive pairs
time:  43,   289 facts and    4608 exclusive pairs
             801 ops   and  167712 exclusive pairs
time:  44,   289 facts and    4608 exclusive pairs
             801 ops   and  167712 exclusive pairs
time:  45,   289 facts and    4608 exclusive pairs

creating thin gp-based encoding...
plan graph layer 0...
plan graph layer 1...
plan graph layer 2...
plan graph layer 3...
plan graph layer 4...
plan graph layer 5...
plan graph layer 6...
plan graph layer 7...
plan graph layer 8...
plan graph layer 9...
plan graph layer 10...
plan graph layer 11...
plan graph layer 12...
plan graph layer 13...
plan graph layer 14...
plan graph layer 15...
plan graph layer 16...
plan graph layer 17...
plan graph layer 18...
plan graph layer 19...
plan graph layer 20...
plan graph layer 21...
plan graph layer 22...
plan graph layer 23...
plan graph layer 24...
plan graph layer 25...
plan graph layer 26...
plan graph layer 27...
plan graph layer 28...
plan graph layer 29...
plan graph layer 30...
plan graph layer 31...
plan graph layer 32...
plan graph layer 33...
plan graph layer 34...
plan graph layer 35...
plan graph layer 36...
plan graph layer 37...
plan graph layer 38...
plan graph layer 39...
plan graph layer 40...
plan graph layer 41...
plan graph layer 42...
plan graph layer 43...
plan graph layer 44...
plan graph layer 45...
goal constraints...
exclusion constraints layer 0...
exclusion constraints layer 1...
exclusion constraints layer 2...
exclusion constraints layer 3...
exclusion constraints layer 4...
exclusion constraints layer 5...
exclusion constraints layer 6...
exclusion constraints layer 7...
exclusion constraints layer 8...
exclusion constraints layer 9...
exclusion constraints layer 10...
exclusion constraints layer 11...
exclusion constraints layer 12...
exclusion constraints layer 13...
exclusion constraints layer 14...
exclusion constraints layer 15...
exclusion constraints layer 16...
exclusion constraints layer 17...
exclusion constraints layer 18...
exclusion constraints layer 19...
exclusion constraints layer 20...
exclusion constraints layer 21...
exclusion constraints layer 22...
exclusion constraints layer 23...
exclusion constraints layer 24...
exclusion constraints layer 25...
exclusion constraints layer 26...
exclusion constraints layer 27...
exclusion constraints layer 28...
exclusion constraints layer 29...
exclusion constraints layer 30...
exclusion constraints layer 31...
exclusion constraints layer 32...
exclusion constraints layer 33...
exclusion constraints layer 34...
exclusion constraints layer 35...
exclusion constraints layer 36...
exclusion constraints layer 37...
exclusion constraints layer 38...
exclusion constraints layer 39...
exclusion constraints layer 40...
exclusion constraints layer 41...
exclusion constraints layer 42...
exclusion constraints layer 43...
exclusion constraints layer 44...
exclusion constraints layer 45...

DECISION LAYER 45, WRITING THIN GP-BASED ENCODING WITH 34469 VARS, 3088651 CLAUSES.

time spent:    0.00 seconds instantiating 544 action templates
               0.00 seconds reachability analysis, yielding 305 facts and 544 actions
               0.00 seconds collecting 305 relevant facts
               0.00 seconds building connectivity graph
               0.00 seconds building (std) graph
               0.70 seconds CNF output time
               0.70 seconds total planner time (solving not included)


***Solving***


[ filemap ]
[ extract ]

variables : 34469
pure lits : 294

1-clauses : 15
2-clauses : 3079630
3-clauses : 7842
n-clauses : 1164
discarded : 0

[ solve ]


unsatisfiable                             

[ stats ]

decisions : 103151
conflicts : 4982
time : ~0.339

***UNSAT***


bb: parsing domain file
domain 'BLOCKS' defined
 ... done.
bb: parsing problem file
problem 'BLOCKS-16-1' defined
 ... done.


time:   0,    20 facts and       0 exclusive pairs
              23 ops   and      12 exclusive pairs
time:   1,    26 facts and      30 exclusive pairs
              41 ops   and     267 exclusive pairs
time:   2,    35 facts and     120 exclusive pairs
              62 ops   and     924 exclusive pairs
time:   3,    39 facts and     152 exclusive pairs
              85 ops   and    2018 exclusive pairs
time:   4,    55 facts and     496 exclusive pairs
             124 ops   and    4987 exclusive pairs
time:   5,    63 facts and     623 exclusive pairs
             151 ops   and    7357 exclusive pairs
time:   6,    75 facts and     884 exclusive pairs
             176 ops   and    9754 exclusive pairs
time:   7,    77 facts and     657 exclusive pairs
             193 ops   and   10986 exclusive pairs
time:   8,    91 facts and    1011 exclusive pairs
             222 ops   and   14718 exclusive pairs
time:   9,    93 facts and     834 exclusive pairs
             241 ops   and   16774 exclusive pairs
time:  10,   109 facts and    1304 exclusive pairs
             274 ops   and   22082 exclusive pairs
time:  11,   111 facts and    1135 exclusive pairs
             295 ops   and   25012 exclusive pairs
time:  12,   129 facts and    1727 exclusive pairs
             332 ops   and   32180 exclusive pairs
time:  13,   131 facts and    1500 exclusive pairs
             355 ops   and   35956 exclusive pairs
time:  14,   151 facts and    2228 exclusive pairs
             396 ops   and   45370 exclusive pairs
time:  15,   153 facts and    1935 exclusive pairs
             421 ops   and   50140 exclusive pairs
time:  16,   175 facts and    2813 exclusive pairs
             466 ops   and   62222 exclusive pairs
time:  17,   177 facts and    2446 exclusive pairs
             493 ops   and   68146 exclusive pairs
time:  18,   201 facts and    3488 exclusive pairs
             542 ops   and   83354 exclusive pairs
time:  19,   203 facts and    3039 exclusive pairs
             571 ops   and   90604 exclusive pairs
time:  20,   229 facts and    4259 exclusive pairs
             624 ops   and  109432 exclusive pairs
time:  21,   231 facts and    3720 exclusive pairs
             655 ops   and  118192 exclusive pairs
time:  22,   259 facts and    5132 exclusive pairs
             712 ops   and  141170 exclusive pairs
time:  23,   260 facts and    4449 exclusive pairs
             743 ops   and  150592 exclusive pairs
time:  24,   289 facts and    5994 exclusive pairs
             801 ops   and  176897 exclusive pairs
time:  25,   289 facts and    5210 exclusive pairs
             801 ops   and  169098 exclusive pairs
time:  26,   289 facts and    4608 exclusive pairs
graph has leveled off at time step 27


             801 ops   and  167712 exclusive pairs
time:  27,   289 facts and    4608 exclusive pairs
             801 ops   and  167712 exclusive pairs
time:  28,   289 facts and    4608 exclusive pairs
             801 ops   and  167712 exclusive pairs
time:  29,   289 facts and    4608 exclusive pairs
             801 ops   and  167712 exclusive pairs
time:  30,   289 facts and    4608 exclusive pairs
             801 ops   and  167712 exclusive pairs
time:  31,   289 facts and    4608 exclusive pairs
             801 ops   and  167712 exclusive pairs
time:  32,   289 facts and    4608 exclusive pairs
             801 ops   and  167712 exclusive pairs
time:  33,   289 facts and    4608 exclusive pairs
             801 ops   and  167712 exclusive pairs
time:  34,   289 facts and    4608 exclusive pairs
             801 ops   and  167712 exclusive pairs
time:  35,   289 facts and    4608 exclusive pairs
             801 ops   and  167712 exclusive pairs
time:  36,   289 facts and    4608 exclusive pairs
             801 ops   and  167712 exclusive pairs
time:  37,   289 facts and    4608 exclusive pairs
             801 ops   and  167712 exclusive pairs
time:  38,   289 facts and    4608 exclusive pairs
             801 ops   and  167712 exclusive pairs
time:  39,   289 facts and    4608 exclusive pairs
             801 ops   and  167712 exclusive pairs
time:  40,   289 facts and    4608 exclusive pairs
             801 ops   and  167712 exclusive pairs
time:  41,   289 facts and    4608 exclusive pairs
             801 ops   and  167712 exclusive pairs
time:  42,   289 facts and    4608 exclusive pairs
             801 ops   and  167712 exclusive pairs
time:  43,   289 facts and    4608 exclusive pairs
             801 ops   and  167712 exclusive pairs
time:  44,   289 facts and    4608 exclusive pairs
             801 ops   and  167712 exclusive pairs
time:  45,   289 facts and    4608 exclusive pairs
             801 ops   and  167712 exclusive pairs
time:  46,   289 facts and    4608 exclusive pairs

creating thin gp-based encoding...
plan graph layer 0...
plan graph layer 1...
plan graph layer 2...
plan graph layer 3...
plan graph layer 4...
plan graph layer 5...
plan graph layer 6...
plan graph layer 7...
plan graph layer 8...
plan graph layer 9...
plan graph layer 10...
plan graph layer 11...
plan graph layer 12...
plan graph layer 13...
plan graph layer 14...
plan graph layer 15...
plan graph layer 16...
plan graph layer 17...
plan graph layer 18...
plan graph layer 19...
plan graph layer 20...
plan graph layer 21...
plan graph layer 22...
plan graph layer 23...
plan graph layer 24...
plan graph layer 25...
plan graph layer 26...
plan graph layer 27...
plan graph layer 28...
plan graph layer 29...
plan graph layer 30...
plan graph layer 31...
plan graph layer 32...
plan graph layer 33...
plan graph layer 34...
plan graph layer 35...
plan graph layer 36...
plan graph layer 37...
plan graph layer 38...
plan graph layer 39...
plan graph layer 40...
plan graph layer 41...
plan graph layer 42...
plan graph layer 43...
plan graph layer 44...
plan graph layer 45...
plan graph layer 46...
goal constraints...
exclusion constraints layer 0...
exclusion constraints layer 1...
exclusion constraints layer 2...
exclusion constraints layer 3...
exclusion constraints layer 4...
exclusion constraints layer 5...
exclusion constraints layer 6...
exclusion constraints layer 7...
exclusion constraints layer 8...
exclusion constraints layer 9...
exclusion constraints layer 10...
exclusion constraints layer 11...
exclusion constraints layer 12...
exclusion constraints layer 13...
exclusion constraints layer 14...
exclusion constraints layer 15...
exclusion constraints layer 16...
exclusion constraints layer 17...
exclusion constraints layer 18...
exclusion constraints layer 19...
exclusion constraints layer 20...
exclusion constraints layer 21...
exclusion constraints layer 22...
exclusion constraints layer 23...
exclusion constraints layer 24...
exclusion constraints layer 25...
exclusion constraints layer 26...
exclusion constraints layer 27...
exclusion constraints layer 28...
exclusion constraints layer 29...
exclusion constraints layer 30...
exclusion constraints layer 31...
exclusion constraints layer 32...
exclusion constraints layer 33...
exclusion constraints layer 34...
exclusion constraints layer 35...
exclusion constraints layer 36...
exclusion constraints layer 37...
exclusion constraints layer 38...
exclusion constraints layer 39...
exclusion constraints layer 40...
exclusion constraints layer 41...
exclusion constraints layer 42...
exclusion constraints layer 43...
exclusion constraints layer 44...
exclusion constraints layer 45...
exclusion constraints layer 46...

DECISION LAYER 46, WRITING THIN GP-BASED ENCODING WITH 35559 VARS, 3201861 CLAUSES.

time spent:    0.00 seconds instantiating 544 action templates
               0.00 seconds reachability analysis, yielding 305 facts and 544 actions
               0.00 seconds collecting 305 relevant facts
               0.00 seconds building connectivity graph
               0.00 seconds building (std) graph
               0.72 seconds CNF output time
               0.72 seconds total planner time (solving not included)


***Solving***


[ filemap ]
[ extract ]

variables : 35559
pure lits : 294

1-clauses : 15
2-clauses : 3192551
3-clauses : 8098
n-clauses : 1197
discarded : 0

[ solve ]


unsatisfiable                             

[ stats ]

decisions : 22180
conflicts : 768
time : ~0.064

***UNSAT***


bb: parsing domain file
domain 'BLOCKS' defined
 ... done.
bb: parsing problem file
problem 'BLOCKS-16-1' defined
 ... done.


time:   0,    20 facts and       0 exclusive pairs
              23 ops   and      12 exclusive pairs
time:   1,    26 facts and      30 exclusive pairs
              41 ops   and     267 exclusive pairs
time:   2,    35 facts and     120 exclusive pairs
              62 ops   and     924 exclusive pairs
time:   3,    39 facts and     152 exclusive pairs
              85 ops   and    2018 exclusive pairs
time:   4,    55 facts and     496 exclusive pairs
             124 ops   and    4987 exclusive pairs
time:   5,    63 facts and     623 exclusive pairs
             151 ops   and    7357 exclusive pairs
time:   6,    75 facts and     884 exclusive pairs
             176 ops   and    9754 exclusive pairs
time:   7,    77 facts and     657 exclusive pairs
             193 ops   and   10986 exclusive pairs
time:   8,    91 facts and    1011 exclusive pairs
             222 ops   and   14718 exclusive pairs
time:   9,    93 facts and     834 exclusive pairs
             241 ops   and   16774 exclusive pairs
time:  10,   109 facts and    1304 exclusive pairs
             274 ops   and   22082 exclusive pairs
time:  11,   111 facts and    1135 exclusive pairs
             295 ops   and   25012 exclusive pairs
time:  12,   129 facts and    1727 exclusive pairs
             332 ops   and   32180 exclusive pairs
time:  13,   131 facts and    1500 exclusive pairs
             355 ops   and   35956 exclusive pairs
time:  14,   151 facts and    2228 exclusive pairs
             396 ops   and   45370 exclusive pairs
time:  15,   153 facts and    1935 exclusive pairs
             421 ops   and   50140 exclusive pairs
time:  16,   175 facts and    2813 exclusive pairs
             466 ops   and   62222 exclusive pairs
time:  17,   177 facts and    2446 exclusive pairs
             493 ops   and   68146 exclusive pairs
time:  18,   201 facts and    3488 exclusive pairs
             542 ops   and   83354 exclusive pairs
time:  19,   203 facts and    3039 exclusive pairs
             571 ops   and   90604 exclusive pairs
time:  20,   229 facts and    4259 exclusive pairs
             624 ops   and  109432 exclusive pairs
time:  21,   231 facts and    3720 exclusive pairs
             655 ops   and  118192 exclusive pairs
time:  22,   259 facts and    5132 exclusive pairs
             712 ops   and  141170 exclusive pairs
time:  23,   260 facts and    4449 exclusive pairs
             743 ops   and  150592 exclusive pairs
time:  24,   289 facts and    5994 exclusive pairs
             801 ops   and  176897 exclusive pairs
time:  25,   289 facts and    5210 exclusive pairs
             801 ops   and  169098 exclusive pairs
time:  26,   289 facts and    4608 exclusive pairs
graph has leveled off at time step 27


             801 ops   and  167712 exclusive pairs
time:  27,   289 facts and    4608 exclusive pairs
             801 ops   and  167712 exclusive pairs
time:  28,   289 facts and    4608 exclusive pairs
             801 ops   and  167712 exclusive pairs
time:  29,   289 facts and    4608 exclusive pairs
             801 ops   and  167712 exclusive pairs
time:  30,   289 facts and    4608 exclusive pairs
             801 ops   and  167712 exclusive pairs
time:  31,   289 facts and    4608 exclusive pairs
             801 ops   and  167712 exclusive pairs
time:  32,   289 facts and    4608 exclusive pairs
             801 ops   and  167712 exclusive pairs
time:  33,   289 facts and    4608 exclusive pairs
             801 ops   and  167712 exclusive pairs
time:  34,   289 facts and    4608 exclusive pairs
             801 ops   and  167712 exclusive pairs
time:  35,   289 facts and    4608 exclusive pairs
             801 ops   and  167712 exclusive pairs
time:  36,   289 facts and    4608 exclusive pairs
             801 ops   and  167712 exclusive pairs
time:  37,   289 facts and    4608 exclusive pairs
             801 ops   and  167712 exclusive pairs
time:  38,   289 facts and    4608 exclusive pairs
             801 ops   and  167712 exclusive pairs
time:  39,   289 facts and    4608 exclusive pairs
             801 ops   and  167712 exclusive pairs
time:  40,   289 facts and    4608 exclusive pairs
             801 ops   and  167712 exclusive pairs
time:  41,   289 facts and    4608 exclusive pairs
             801 ops   and  167712 exclusive pairs
time:  42,   289 facts and    4608 exclusive pairs
             801 ops   and  167712 exclusive pairs
time:  43,   289 facts and    4608 exclusive pairs
             801 ops   and  167712 exclusive pairs
time:  44,   289 facts and    4608 exclusive pairs
             801 ops   and  167712 exclusive pairs
time:  45,   289 facts and    4608 exclusive pairs
             801 ops   and  167712 exclusive pairs
time:  46,   289 facts and    4608 exclusive pairs
             801 ops   and  167712 exclusive pairs
time:  47,   289 facts and    4608 exclusive pairs

creating thin gp-based encoding...
plan graph layer 0...
plan graph layer 1...
plan graph layer 2...
plan graph layer 3...
plan graph layer 4...
plan graph layer 5...
plan graph layer 6...
plan graph layer 7...
plan graph layer 8...
plan graph layer 9...
plan graph layer 10...
plan graph layer 11...
plan graph layer 12...
plan graph layer 13...
plan graph layer 14...
plan graph layer 15...
plan graph layer 16...
plan graph layer 17...
plan graph layer 18...
plan graph layer 19...
plan graph layer 20...
plan graph layer 21...
plan graph layer 22...
plan graph layer 23...
plan graph layer 24...
plan graph layer 25...
plan graph layer 26...
plan graph layer 27...
plan graph layer 28...
plan graph layer 29...
plan graph layer 30...
plan graph layer 31...
plan graph layer 32...
plan graph layer 33...
plan graph layer 34...
plan graph layer 35...
plan graph layer 36...
plan graph layer 37...
plan graph layer 38...
plan graph layer 39...
plan graph layer 40...
plan graph layer 41...
plan graph layer 42...
plan graph layer 43...
plan graph layer 44...
plan graph layer 45...
plan graph layer 46...
plan graph layer 47...
goal constraints...
exclusion constraints layer 0...
exclusion constraints layer 1...
exclusion constraints layer 2...
exclusion constraints layer 3...
exclusion constraints layer 4...
exclusion constraints layer 5...
exclusion constraints layer 6...
exclusion constraints layer 7...
exclusion constraints layer 8...
exclusion constraints layer 9...
exclusion constraints layer 10...
exclusion constraints layer 11...
exclusion constraints layer 12...
exclusion constraints layer 13...
exclusion constraints layer 14...
exclusion constraints layer 15...
exclusion constraints layer 16...
exclusion constraints layer 17...
exclusion constraints layer 18...
exclusion constraints layer 19...
exclusion constraints layer 20...
exclusion constraints layer 21...
exclusion constraints layer 22...
exclusion constraints layer 23...
exclusion constraints layer 24...
exclusion constraints layer 25...
exclusion constraints layer 26...
exclusion constraints layer 27...
exclusion constraints layer 28...
exclusion constraints layer 29...
exclusion constraints layer 30...
exclusion constraints layer 31...
exclusion constraints layer 32...
exclusion constraints layer 33...
exclusion constraints layer 34...
exclusion constraints layer 35...
exclusion constraints layer 36...
exclusion constraints layer 37...
exclusion constraints layer 38...
exclusion constraints layer 39...
exclusion constraints layer 40...
exclusion constraints layer 41...
exclusion constraints layer 42...
exclusion constraints layer 43...
exclusion constraints layer 44...
exclusion constraints layer 45...
exclusion constraints layer 46...
exclusion constraints layer 47...

DECISION LAYER 47, WRITING THIN GP-BASED ENCODING WITH 36649 VARS, 3315071 CLAUSES.

time spent:    0.00 seconds instantiating 544 action templates
               0.00 seconds reachability analysis, yielding 305 facts and 544 actions
               0.00 seconds collecting 305 relevant facts
               0.00 seconds building connectivity graph
               0.00 seconds building (std) graph
               0.75 seconds CNF output time
               0.75 seconds total planner time (solving not included)


***Solving***


[ filemap ]
[ extract ]

variables : 36649
pure lits : 294

1-clauses : 15
2-clauses : 3305472
3-clauses : 8354
n-clauses : 1230
discarded : 0

[ solve ]


unsatisfiable                             

[ stats ]

decisions : 31263
conflicts : 593
time : ~0.042

***UNSAT***


bb: parsing domain file
domain 'BLOCKS' defined
 ... done.
bb: parsing problem file
problem 'BLOCKS-16-1' defined
 ... done.


time:   0,    20 facts and       0 exclusive pairs
              23 ops   and      12 exclusive pairs
time:   1,    26 facts and      30 exclusive pairs
              41 ops   and     267 exclusive pairs
time:   2,    35 facts and     120 exclusive pairs
              62 ops   and     924 exclusive pairs
time:   3,    39 facts and     152 exclusive pairs
              85 ops   and    2018 exclusive pairs
time:   4,    55 facts and     496 exclusive pairs
             124 ops   and    4987 exclusive pairs
time:   5,    63 facts and     623 exclusive pairs
             151 ops   and    7357 exclusive pairs
time:   6,    75 facts and     884 exclusive pairs
             176 ops   and    9754 exclusive pairs
time:   7,    77 facts and     657 exclusive pairs
             193 ops   and   10986 exclusive pairs
time:   8,    91 facts and    1011 exclusive pairs
             222 ops   and   14718 exclusive pairs
time:   9,    93 facts and     834 exclusive pairs
             241 ops   and   16774 exclusive pairs
time:  10,   109 facts and    1304 exclusive pairs
             274 ops   and   22082 exclusive pairs
time:  11,   111 facts and    1135 exclusive pairs
             295 ops   and   25012 exclusive pairs
time:  12,   129 facts and    1727 exclusive pairs
             332 ops   and   32180 exclusive pairs
time:  13,   131 facts and    1500 exclusive pairs
             355 ops   and   35956 exclusive pairs
time:  14,   151 facts and    2228 exclusive pairs
             396 ops   and   45370 exclusive pairs
time:  15,   153 facts and    1935 exclusive pairs
             421 ops   and   50140 exclusive pairs
time:  16,   175 facts and    2813 exclusive pairs
             466 ops   and   62222 exclusive pairs
time:  17,   177 facts and    2446 exclusive pairs
             493 ops   and   68146 exclusive pairs
time:  18,   201 facts and    3488 exclusive pairs
             542 ops   and   83354 exclusive pairs
time:  19,   203 facts and    3039 exclusive pairs
             571 ops   and   90604 exclusive pairs
time:  20,   229 facts and    4259 exclusive pairs
             624 ops   and  109432 exclusive pairs
time:  21,   231 facts and    3720 exclusive pairs
             655 ops   and  118192 exclusive pairs
time:  22,   259 facts and    5132 exclusive pairs
             712 ops   and  141170 exclusive pairs
time:  23,   260 facts and    4449 exclusive pairs
             743 ops   and  150592 exclusive pairs
time:  24,   289 facts and    5994 exclusive pairs
             801 ops   and  176897 exclusive pairs
time:  25,   289 facts and    5210 exclusive pairs
             801 ops   and  169098 exclusive pairs
time:  26,   289 facts and    4608 exclusive pairs
graph has leveled off at time step 27


             801 ops   and  167712 exclusive pairs
time:  27,   289 facts and    4608 exclusive pairs
             801 ops   and  167712 exclusive pairs
time:  28,   289 facts and    4608 exclusive pairs
             801 ops   and  167712 exclusive pairs
time:  29,   289 facts and    4608 exclusive pairs
             801 ops   and  167712 exclusive pairs
time:  30,   289 facts and    4608 exclusive pairs
             801 ops   and  167712 exclusive pairs
time:  31,   289 facts and    4608 exclusive pairs
             801 ops   and  167712 exclusive pairs
time:  32,   289 facts and    4608 exclusive pairs
             801 ops   and  167712 exclusive pairs
time:  33,   289 facts and    4608 exclusive pairs
             801 ops   and  167712 exclusive pairs
time:  34,   289 facts and    4608 exclusive pairs
             801 ops   and  167712 exclusive pairs
time:  35,   289 facts and    4608 exclusive pairs
             801 ops   and  167712 exclusive pairs
time:  36,   289 facts and    4608 exclusive pairs
             801 ops   and  167712 exclusive pairs
time:  37,   289 facts and    4608 exclusive pairs
             801 ops   and  167712 exclusive pairs
time:  38,   289 facts and    4608 exclusive pairs
             801 ops   and  167712 exclusive pairs
time:  39,   289 facts and    4608 exclusive pairs
             801 ops   and  167712 exclusive pairs
time:  40,   289 facts and    4608 exclusive pairs
             801 ops   and  167712 exclusive pairs
time:  41,   289 facts and    4608 exclusive pairs
             801 ops   and  167712 exclusive pairs
time:  42,   289 facts and    4608 exclusive pairs
             801 ops   and  167712 exclusive pairs
time:  43,   289 facts and    4608 exclusive pairs
             801 ops   and  167712 exclusive pairs
time:  44,   289 facts and    4608 exclusive pairs
             801 ops   and  167712 exclusive pairs
time:  45,   289 facts and    4608 exclusive pairs
             801 ops   and  167712 exclusive pairs
time:  46,   289 facts and    4608 exclusive pairs
             801 ops   and  167712 exclusive pairs
time:  47,   289 facts and    4608 exclusive pairs
             801 ops   and  167712 exclusive pairs
time:  48,   289 facts and    4608 exclusive pairs

creating thin gp-based encoding...
plan graph layer 0...
plan graph layer 1...
plan graph layer 2...
plan graph layer 3...
plan graph layer 4...
plan graph layer 5...
plan graph layer 6...
plan graph layer 7...
plan graph layer 8...
plan graph layer 9...
plan graph layer 10...
plan graph layer 11...
plan graph layer 12...
plan graph layer 13...
plan graph layer 14...
plan graph layer 15...
plan graph layer 16...
plan graph layer 17...
plan graph layer 18...
plan graph layer 19...
plan graph layer 20...
plan graph layer 21...
plan graph layer 22...
plan graph layer 23...
plan graph layer 24...
plan graph layer 25...
plan graph layer 26...
plan graph layer 27...
plan graph layer 28...
plan graph layer 29...
plan graph layer 30...
plan graph layer 31...
plan graph layer 32...
plan graph layer 33...
plan graph layer 34...
plan graph layer 35...
plan graph layer 36...
plan graph layer 37...
plan graph layer 38...
plan graph layer 39...
plan graph layer 40...
plan graph layer 41...
plan graph layer 42...
plan graph layer 43...
plan graph layer 44...
plan graph layer 45...
plan graph layer 46...
plan graph layer 47...
plan graph layer 48...
goal constraints...
exclusion constraints layer 0...
exclusion constraints layer 1...
exclusion constraints layer 2...
exclusion constraints layer 3...
exclusion constraints layer 4...
exclusion constraints layer 5...
exclusion constraints layer 6...
exclusion constraints layer 7...
exclusion constraints layer 8...
exclusion constraints layer 9...
exclusion constraints layer 10...
exclusion constraints layer 11...
exclusion constraints layer 12...
exclusion constraints layer 13...
exclusion constraints layer 14...
exclusion constraints layer 15...
exclusion constraints layer 16...
exclusion constraints layer 17...
exclusion constraints layer 18...
exclusion constraints layer 19...
exclusion constraints layer 20...
exclusion constraints layer 21...
exclusion constraints layer 22...
exclusion constraints layer 23...
exclusion constraints layer 24...
exclusion constraints layer 25...
exclusion constraints layer 26...
exclusion constraints layer 27...
exclusion constraints layer 28...
exclusion constraints layer 29...
exclusion constraints layer 30...
exclusion constraints layer 31...
exclusion constraints layer 32...
exclusion constraints layer 33...
exclusion constraints layer 34...
exclusion constraints layer 35...
exclusion constraints layer 36...
exclusion constraints layer 37...
exclusion constraints layer 38...
exclusion constraints layer 39...
exclusion constraints layer 40...
exclusion constraints layer 41...
exclusion constraints layer 42...
exclusion constraints layer 43...
exclusion constraints layer 44...
exclusion constraints layer 45...
exclusion constraints layer 46...
exclusion constraints layer 47...
exclusion constraints layer 48...

DECISION LAYER 48, WRITING THIN GP-BASED ENCODING WITH 37739 VARS, 3428281 CLAUSES.

time spent:    0.00 seconds instantiating 544 action templates
               0.00 seconds reachability analysis, yielding 305 facts and 544 actions
               0.00 seconds collecting 305 relevant facts
               0.00 seconds building connectivity graph
               0.00 seconds building (std) graph
               0.78 seconds CNF output time
               0.78 seconds total planner time (solving not included)


***Solving***


[ filemap ]
[ extract ]

variables : 37739
pure lits : 294

1-clauses : 15
2-clauses : 3418393
3-clauses : 8610
n-clauses : 1263
discarded : 0

[ solve ]


unsatisfiable                             

[ stats ]

decisions : 47815
conflicts : 1075
time : ~0.067

***UNSAT***


bb: parsing domain file
domain 'BLOCKS' defined
 ... done.
bb: parsing problem file
problem 'BLOCKS-16-1' defined
 ... done.


time:   0,    20 facts and       0 exclusive pairs
              23 ops   and      12 exclusive pairs
time:   1,    26 facts and      30 exclusive pairs
              41 ops   and     267 exclusive pairs
time:   2,    35 facts and     120 exclusive pairs
              62 ops   and     924 exclusive pairs
time:   3,    39 facts and     152 exclusive pairs
              85 ops   and    2018 exclusive pairs
time:   4,    55 facts and     496 exclusive pairs
             124 ops   and    4987 exclusive pairs
time:   5,    63 facts and     623 exclusive pairs
             151 ops   and    7357 exclusive pairs
time:   6,    75 facts and     884 exclusive pairs
             176 ops   and    9754 exclusive pairs
time:   7,    77 facts and     657 exclusive pairs
             193 ops   and   10986 exclusive pairs
time:   8,    91 facts and    1011 exclusive pairs
             222 ops   and   14718 exclusive pairs
time:   9,    93 facts and     834 exclusive pairs
             241 ops   and   16774 exclusive pairs
time:  10,   109 facts and    1304 exclusive pairs
             274 ops   and   22082 exclusive pairs
time:  11,   111 facts and    1135 exclusive pairs
             295 ops   and   25012 exclusive pairs
time:  12,   129 facts and    1727 exclusive pairs
             332 ops   and   32180 exclusive pairs
time:  13,   131 facts and    1500 exclusive pairs
             355 ops   and   35956 exclusive pairs
time:  14,   151 facts and    2228 exclusive pairs
             396 ops   and   45370 exclusive pairs
time:  15,   153 facts and    1935 exclusive pairs
             421 ops   and   50140 exclusive pairs
time:  16,   175 facts and    2813 exclusive pairs
             466 ops   and   62222 exclusive pairs
time:  17,   177 facts and    2446 exclusive pairs
             493 ops   and   68146 exclusive pairs
time:  18,   201 facts and    3488 exclusive pairs
             542 ops   and   83354 exclusive pairs
time:  19,   203 facts and    3039 exclusive pairs
             571 ops   and   90604 exclusive pairs
time:  20,   229 facts and    4259 exclusive pairs
             624 ops   and  109432 exclusive pairs
time:  21,   231 facts and    3720 exclusive pairs
             655 ops   and  118192 exclusive pairs
time:  22,   259 facts and    5132 exclusive pairs
             712 ops   and  141170 exclusive pairs
time:  23,   260 facts and    4449 exclusive pairs
             743 ops   and  150592 exclusive pairs
time:  24,   289 facts and    5994 exclusive pairs
             801 ops   and  176897 exclusive pairs
time:  25,   289 facts and    5210 exclusive pairs
             801 ops   and  169098 exclusive pairs
time:  26,   289 facts and    4608 exclusive pairs
graph has leveled off at time step 27


             801 ops   and  167712 exclusive pairs
time:  27,   289 facts and    4608 exclusive pairs
             801 ops   and  167712 exclusive pairs
time:  28,   289 facts and    4608 exclusive pairs
             801 ops   and  167712 exclusive pairs
time:  29,   289 facts and    4608 exclusive pairs
             801 ops   and  167712 exclusive pairs
time:  30,   289 facts and    4608 exclusive pairs
             801 ops   and  167712 exclusive pairs
time:  31,   289 facts and    4608 exclusive pairs
             801 ops   and  167712 exclusive pairs
time:  32,   289 facts and    4608 exclusive pairs
             801 ops   and  167712 exclusive pairs
time:  33,   289 facts and    4608 exclusive pairs
             801 ops   and  167712 exclusive pairs
time:  34,   289 facts and    4608 exclusive pairs
             801 ops   and  167712 exclusive pairs
time:  35,   289 facts and    4608 exclusive pairs
             801 ops   and  167712 exclusive pairs
time:  36,   289 facts and    4608 exclusive pairs
             801 ops   and  167712 exclusive pairs
time:  37,   289 facts and    4608 exclusive pairs
             801 ops   and  167712 exclusive pairs
time:  38,   289 facts and    4608 exclusive pairs
             801 ops   and  167712 exclusive pairs
time:  39,   289 facts and    4608 exclusive pairs
             801 ops   and  167712 exclusive pairs
time:  40,   289 facts and    4608 exclusive pairs
             801 ops   and  167712 exclusive pairs
time:  41,   289 facts and    4608 exclusive pairs
             801 ops   and  167712 exclusive pairs
time:  42,   289 facts and    4608 exclusive pairs
             801 ops   and  167712 exclusive pairs
time:  43,   289 facts and    4608 exclusive pairs
             801 ops   and  167712 exclusive pairs
time:  44,   289 facts and    4608 exclusive pairs
             801 ops   and  167712 exclusive pairs
time:  45,   289 facts and    4608 exclusive pairs
             801 ops   and  167712 exclusive pairs
time:  46,   289 facts and    4608 exclusive pairs
             801 ops   and  167712 exclusive pairs
time:  47,   289 facts and    4608 exclusive pairs
             801 ops   and  167712 exclusive pairs
time:  48,   289 facts and    4608 exclusive pairs
             801 ops   and  167712 exclusive pairs
time:  49,   289 facts and    4608 exclusive pairs

creating thin gp-based encoding...
plan graph layer 0...
plan graph layer 1...
plan graph layer 2...
plan graph layer 3...
plan graph layer 4...
plan graph layer 5...
plan graph layer 6...
plan graph layer 7...
plan graph layer 8...
plan graph layer 9...
plan graph layer 10...
plan graph layer 11...
plan graph layer 12...
plan graph layer 13...
plan graph layer 14...
plan graph layer 15...
plan graph layer 16...
plan graph layer 17...
plan graph layer 18...
plan graph layer 19...
plan graph layer 20...
plan graph layer 21...
plan graph layer 22...
plan graph layer 23...
plan graph layer 24...
plan graph layer 25...
plan graph layer 26...
plan graph layer 27...
plan graph layer 28...
plan graph layer 29...
plan graph layer 30...
plan graph layer 31...
plan graph layer 32...
plan graph layer 33...
plan graph layer 34...
plan graph layer 35...
plan graph layer 36...
plan graph layer 37...
plan graph layer 38...
plan graph layer 39...
plan graph layer 40...
plan graph layer 41...
plan graph layer 42...
plan graph layer 43...
plan graph layer 44...
plan graph layer 45...
plan graph layer 46...
plan graph layer 47...
plan graph layer 48...
plan graph layer 49...
goal constraints...
exclusion constraints layer 0...
exclusion constraints layer 1...
exclusion constraints layer 2...
exclusion constraints layer 3...
exclusion constraints layer 4...
exclusion constraints layer 5...
exclusion constraints layer 6...
exclusion constraints layer 7...
exclusion constraints layer 8...
exclusion constraints layer 9...
exclusion constraints layer 10...
exclusion constraints layer 11...
exclusion constraints layer 12...
exclusion constraints layer 13...
exclusion constraints layer 14...
exclusion constraints layer 15...
exclusion constraints layer 16...
exclusion constraints layer 17...
exclusion constraints layer 18...
exclusion constraints layer 19...
exclusion constraints layer 20...
exclusion constraints layer 21...
exclusion constraints layer 22...
exclusion constraints layer 23...
exclusion constraints layer 24...
exclusion constraints layer 25...
exclusion constraints layer 26...
exclusion constraints layer 27...
exclusion constraints layer 28...
exclusion constraints layer 29...
exclusion constraints layer 30...
exclusion constraints layer 31...
exclusion constraints layer 32...
exclusion constraints layer 33...
exclusion constraints layer 34...
exclusion constraints layer 35...
exclusion constraints layer 36...
exclusion constraints layer 37...
exclusion constraints layer 38...
exclusion constraints layer 39...
exclusion constraints layer 40...
exclusion constraints layer 41...
exclusion constraints layer 42...
exclusion constraints layer 43...
exclusion constraints layer 44...
exclusion constraints layer 45...
exclusion constraints layer 46...
exclusion constraints layer 47...
exclusion constraints layer 48...
exclusion constraints layer 49...

DECISION LAYER 49, WRITING THIN GP-BASED ENCODING WITH 38829 VARS, 3541491 CLAUSES.

time spent:    0.00 seconds instantiating 544 action templates
               0.00 seconds reachability analysis, yielding 305 facts and 544 actions
               0.00 seconds collecting 305 relevant facts
               0.00 seconds building connectivity graph
               0.00 seconds building (std) graph
               0.80 seconds CNF output time
               0.80 seconds total planner time (solving not included)


***Solving***


[ filemap ]
[ extract ]

variables : 38829
pure lits : 294

1-clauses : 15
2-clauses : 3531314
3-clauses : 8866
n-clauses : 1296
discarded : 0

[ solve ]


unsatisfiable                             

[ stats ]

decisions : 80207
conflicts : 2286
time : ~0.133

***UNSAT***


bb: parsing domain file
domain 'BLOCKS' defined
 ... done.
bb: parsing problem file
problem 'BLOCKS-16-1' defined
 ... done.


time:   0,    20 facts and       0 exclusive pairs
              23 ops   and      12 exclusive pairs
time:   1,    26 facts and      30 exclusive pairs
              41 ops   and     267 exclusive pairs
time:   2,    35 facts and     120 exclusive pairs
              62 ops   and     924 exclusive pairs
time:   3,    39 facts and     152 exclusive pairs
              85 ops   and    2018 exclusive pairs
time:   4,    55 facts and     496 exclusive pairs
             124 ops   and    4987 exclusive pairs
time:   5,    63 facts and     623 exclusive pairs
             151 ops   and    7357 exclusive pairs
time:   6,    75 facts and     884 exclusive pairs
             176 ops   and    9754 exclusive pairs
time:   7,    77 facts and     657 exclusive pairs
             193 ops   and   10986 exclusive pairs
time:   8,    91 facts and    1011 exclusive pairs
             222 ops   and   14718 exclusive pairs
time:   9,    93 facts and     834 exclusive pairs
             241 ops   and   16774 exclusive pairs
time:  10,   109 facts and    1304 exclusive pairs
             274 ops   and   22082 exclusive pairs
time:  11,   111 facts and    1135 exclusive pairs
             295 ops   and   25012 exclusive pairs
time:  12,   129 facts and    1727 exclusive pairs
             332 ops   and   32180 exclusive pairs
time:  13,   131 facts and    1500 exclusive pairs
             355 ops   and   35956 exclusive pairs
time:  14,   151 facts and    2228 exclusive pairs
             396 ops   and   45370 exclusive pairs
time:  15,   153 facts and    1935 exclusive pairs
             421 ops   and   50140 exclusive pairs
time:  16,   175 facts and    2813 exclusive pairs
             466 ops   and   62222 exclusive pairs
time:  17,   177 facts and    2446 exclusive pairs
             493 ops   and   68146 exclusive pairs
time:  18,   201 facts and    3488 exclusive pairs
             542 ops   and   83354 exclusive pairs
time:  19,   203 facts and    3039 exclusive pairs
             571 ops   and   90604 exclusive pairs
time:  20,   229 facts and    4259 exclusive pairs
             624 ops   and  109432 exclusive pairs
time:  21,   231 facts and    3720 exclusive pairs
             655 ops   and  118192 exclusive pairs
time:  22,   259 facts and    5132 exclusive pairs
             712 ops   and  141170 exclusive pairs
time:  23,   260 facts and    4449 exclusive pairs
             743 ops   and  150592 exclusive pairs
time:  24,   289 facts and    5994 exclusive pairs
             801 ops   and  176897 exclusive pairs
time:  25,   289 facts and    5210 exclusive pairs
             801 ops   and  169098 exclusive pairs
time:  26,   289 facts and    4608 exclusive pairs
graph has leveled off at time step 27


             801 ops   and  167712 exclusive pairs
time:  27,   289 facts and    4608 exclusive pairs
             801 ops   and  167712 exclusive pairs
time:  28,   289 facts and    4608 exclusive pairs
             801 ops   and  167712 exclusive pairs
time:  29,   289 facts and    4608 exclusive pairs
             801 ops   and  167712 exclusive pairs
time:  30,   289 facts and    4608 exclusive pairs
             801 ops   and  167712 exclusive pairs
time:  31,   289 facts and    4608 exclusive pairs
             801 ops   and  167712 exclusive pairs
time:  32,   289 facts and    4608 exclusive pairs
             801 ops   and  167712 exclusive pairs
time:  33,   289 facts and    4608 exclusive pairs
             801 ops   and  167712 exclusive pairs
time:  34,   289 facts and    4608 exclusive pairs
             801 ops   and  167712 exclusive pairs
time:  35,   289 facts and    4608 exclusive pairs
             801 ops   and  167712 exclusive pairs
time:  36,   289 facts and    4608 exclusive pairs
             801 ops   and  167712 exclusive pairs
time:  37,   289 facts and    4608 exclusive pairs
             801 ops   and  167712 exclusive pairs
time:  38,   289 facts and    4608 exclusive pairs
             801 ops   and  167712 exclusive pairs
time:  39,   289 facts and    4608 exclusive pairs
             801 ops   and  167712 exclusive pairs
time:  40,   289 facts and    4608 exclusive pairs
             801 ops   and  167712 exclusive pairs
time:  41,   289 facts and    4608 exclusive pairs
             801 ops   and  167712 exclusive pairs
time:  42,   289 facts and    4608 exclusive pairs
             801 ops   and  167712 exclusive pairs
time:  43,   289 facts and    4608 exclusive pairs
             801 ops   and  167712 exclusive pairs
time:  44,   289 facts and    4608 exclusive pairs
             801 ops   and  167712 exclusive pairs
time:  45,   289 facts and    4608 exclusive pairs
             801 ops   and  167712 exclusive pairs
time:  46,   289 facts and    4608 exclusive pairs
             801 ops   and  167712 exclusive pairs
time:  47,   289 facts and    4608 exclusive pairs
             801 ops   and  167712 exclusive pairs
time:  48,   289 facts and    4608 exclusive pairs
             801 ops   and  167712 exclusive pairs
time:  49,   289 facts and    4608 exclusive pairs
             801 ops   and  167712 exclusive pairs
time:  50,   289 facts and    4608 exclusive pairs

creating thin gp-based encoding...
plan graph layer 0...
plan graph layer 1...
plan graph layer 2...
plan graph layer 3...
plan graph layer 4...
plan graph layer 5...
plan graph layer 6...
plan graph layer 7...
plan graph layer 8...
plan graph layer 9...
plan graph layer 10...
plan graph layer 11...
plan graph layer 12...
plan graph layer 13...
plan graph layer 14...
plan graph layer 15...
plan graph layer 16...
plan graph layer 17...
plan graph layer 18...
plan graph layer 19...
plan graph layer 20...
plan graph layer 21...
plan graph layer 22...
plan graph layer 23...
plan graph layer 24...
plan graph layer 25...
plan graph layer 26...
plan graph layer 27...
plan graph layer 28...
plan graph layer 29...
plan graph layer 30...
plan graph layer 31...
plan graph layer 32...
plan graph layer 33...
plan graph layer 34...
plan graph layer 35...
plan graph layer 36...
plan graph layer 37...
plan graph layer 38...
plan graph layer 39...
plan graph layer 40...
plan graph layer 41...
plan graph layer 42...
plan graph layer 43...
plan graph layer 44...
plan graph layer 45...
plan graph layer 46...
plan graph layer 47...
plan graph layer 48...
plan graph layer 49...
plan graph layer 50...
goal constraints...
exclusion constraints layer 0...
exclusion constraints layer 1...
exclusion constraints layer 2...
exclusion constraints layer 3...
exclusion constraints layer 4...
exclusion constraints layer 5...
exclusion constraints layer 6...
exclusion constraints layer 7...
exclusion constraints layer 8...
exclusion constraints layer 9...
exclusion constraints layer 10...
exclusion constraints layer 11...
exclusion constraints layer 12...
exclusion constraints layer 13...
exclusion constraints layer 14...
exclusion constraints layer 15...
exclusion constraints layer 16...
exclusion constraints layer 17...
exclusion constraints layer 18...
exclusion constraints layer 19...
exclusion constraints layer 20...
exclusion constraints layer 21...
exclusion constraints layer 22...
exclusion constraints layer 23...
exclusion constraints layer 24...
exclusion constraints layer 25...
exclusion constraints layer 26...
exclusion constraints layer 27...
exclusion constraints layer 28...
exclusion constraints layer 29...
exclusion constraints layer 30...
exclusion constraints layer 31...
exclusion constraints layer 32...
exclusion constraints layer 33...
exclusion constraints layer 34...
exclusion constraints layer 35...
exclusion constraints layer 36...
exclusion constraints layer 37...
exclusion constraints layer 38...
exclusion constraints layer 39...
exclusion constraints layer 40...
exclusion constraints layer 41...
exclusion constraints layer 42...
exclusion constraints layer 43...
exclusion constraints layer 44...
exclusion constraints layer 45...
exclusion constraints layer 46...
exclusion constraints layer 47...
exclusion constraints layer 48...
exclusion constraints layer 49...
exclusion constraints layer 50...

DECISION LAYER 50, WRITING THIN GP-BASED ENCODING WITH 39919 VARS, 3654701 CLAUSES.

time spent:    0.00 seconds instantiating 544 action templates
               0.00 seconds reachability analysis, yielding 305 facts and 544 actions
               0.00 seconds collecting 305 relevant facts
               0.00 seconds building connectivity graph
               0.00 seconds building (std) graph
               0.83 seconds CNF output time
               0.83 seconds total planner time (solving not included)


***Solving***


[ filemap ]
[ extract ]

variables : 39919
pure lits : 294

1-clauses : 15
2-clauses : 3644235
3-clauses : 9122
n-clauses : 1329
discarded : 0

[ solve ]


unsatisfiable                             

[ stats ]

decisions : 41797
conflicts : 1481
time : ~0.104

***UNSAT***


bb: parsing domain file
domain 'BLOCKS' defined
 ... done.
bb: parsing problem file
problem 'BLOCKS-16-1' defined
 ... done.


time:   0,    20 facts and       0 exclusive pairs
              23 ops   and      12 exclusive pairs
time:   1,    26 facts and      30 exclusive pairs
              41 ops   and     267 exclusive pairs
time:   2,    35 facts and     120 exclusive pairs
              62 ops   and     924 exclusive pairs
time:   3,    39 facts and     152 exclusive pairs
              85 ops   and    2018 exclusive pairs
time:   4,    55 facts and     496 exclusive pairs
             124 ops   and    4987 exclusive pairs
time:   5,    63 facts and     623 exclusive pairs
             151 ops   and    7357 exclusive pairs
time:   6,    75 facts and     884 exclusive pairs
             176 ops   and    9754 exclusive pairs
time:   7,    77 facts and     657 exclusive pairs
             193 ops   and   10986 exclusive pairs
time:   8,    91 facts and    1011 exclusive pairs
             222 ops   and   14718 exclusive pairs
time:   9,    93 facts and     834 exclusive pairs
             241 ops   and   16774 exclusive pairs
time:  10,   109 facts and    1304 exclusive pairs
             274 ops   and   22082 exclusive pairs
time:  11,   111 facts and    1135 exclusive pairs
             295 ops   and   25012 exclusive pairs
time:  12,   129 facts and    1727 exclusive pairs
             332 ops   and   32180 exclusive pairs
time:  13,   131 facts and    1500 exclusive pairs
             355 ops   and   35956 exclusive pairs
time:  14,   151 facts and    2228 exclusive pairs
             396 ops   and   45370 exclusive pairs
time:  15,   153 facts and    1935 exclusive pairs
             421 ops   and   50140 exclusive pairs
time:  16,   175 facts and    2813 exclusive pairs
             466 ops   and   62222 exclusive pairs
time:  17,   177 facts and    2446 exclusive pairs
             493 ops   and   68146 exclusive pairs
time:  18,   201 facts and    3488 exclusive pairs
             542 ops   and   83354 exclusive pairs
time:  19,   203 facts and    3039 exclusive pairs
             571 ops   and   90604 exclusive pairs
time:  20,   229 facts and    4259 exclusive pairs
             624 ops   and  109432 exclusive pairs
time:  21,   231 facts and    3720 exclusive pairs
             655 ops   and  118192 exclusive pairs
time:  22,   259 facts and    5132 exclusive pairs
             712 ops   and  141170 exclusive pairs
time:  23,   260 facts and    4449 exclusive pairs
             743 ops   and  150592 exclusive pairs
time:  24,   289 facts and    5994 exclusive pairs
             801 ops   and  176897 exclusive pairs
time:  25,   289 facts and    5210 exclusive pairs
             801 ops   and  169098 exclusive pairs
time:  26,   289 facts and    4608 exclusive pairs
graph has leveled off at time step 27


             801 ops   and  167712 exclusive pairs
time:  27,   289 facts and    4608 exclusive pairs
             801 ops   and  167712 exclusive pairs
time:  28,   289 facts and    4608 exclusive pairs
             801 ops   and  167712 exclusive pairs
time:  29,   289 facts and    4608 exclusive pairs
             801 ops   and  167712 exclusive pairs
time:  30,   289 facts and    4608 exclusive pairs
             801 ops   and  167712 exclusive pairs
time:  31,   289 facts and    4608 exclusive pairs
             801 ops   and  167712 exclusive pairs
time:  32,   289 facts and    4608 exclusive pairs
             801 ops   and  167712 exclusive pairs
time:  33,   289 facts and    4608 exclusive pairs
             801 ops   and  167712 exclusive pairs
time:  34,   289 facts and    4608 exclusive pairs
             801 ops   and  167712 exclusive pairs
time:  35,   289 facts and    4608 exclusive pairs
             801 ops   and  167712 exclusive pairs
time:  36,   289 facts and    4608 exclusive pairs
             801 ops   and  167712 exclusive pairs
time:  37,   289 facts and    4608 exclusive pairs
             801 ops   and  167712 exclusive pairs
time:  38,   289 facts and    4608 exclusive pairs
             801 ops   and  167712 exclusive pairs
time:  39,   289 facts and    4608 exclusive pairs
             801 ops   and  167712 exclusive pairs
time:  40,   289 facts and    4608 exclusive pairs
             801 ops   and  167712 exclusive pairs
time:  41,   289 facts and    4608 exclusive pairs
             801 ops   and  167712 exclusive pairs
time:  42,   289 facts and    4608 exclusive pairs
             801 ops   and  167712 exclusive pairs
time:  43,   289 facts and    4608 exclusive pairs
             801 ops   and  167712 exclusive pairs
time:  44,   289 facts and    4608 exclusive pairs
             801 ops   and  167712 exclusive pairs
time:  45,   289 facts and    4608 exclusive pairs
             801 ops   and  167712 exclusive pairs
time:  46,   289 facts and    4608 exclusive pairs
             801 ops   and  167712 exclusive pairs
time:  47,   289 facts and    4608 exclusive pairs
             801 ops   and  167712 exclusive pairs
time:  48,   289 facts and    4608 exclusive pairs
             801 ops   and  167712 exclusive pairs
time:  49,   289 facts and    4608 exclusive pairs
             801 ops   and  167712 exclusive pairs
time:  50,   289 facts and    4608 exclusive pairs
             801 ops   and  167712 exclusive pairs
time:  51,   289 facts and    4608 exclusive pairs

creating thin gp-based encoding...
plan graph layer 0...
plan graph layer 1...
plan graph layer 2...
plan graph layer 3...
plan graph layer 4...
plan graph layer 5...
plan graph layer 6...
plan graph layer 7...
plan graph layer 8...
plan graph layer 9...
plan graph layer 10...
plan graph layer 11...
plan graph layer 12...
plan graph layer 13...
plan graph layer 14...
plan graph layer 15...
plan graph layer 16...
plan graph layer 17...
plan graph layer 18...
plan graph layer 19...
plan graph layer 20...
plan graph layer 21...
plan graph layer 22...
plan graph layer 23...
plan graph layer 24...
plan graph layer 25...
plan graph layer 26...
plan graph layer 27...
plan graph layer 28...
plan graph layer 29...
plan graph layer 30...
plan graph layer 31...
plan graph layer 32...
plan graph layer 33...
plan graph layer 34...
plan graph layer 35...
plan graph layer 36...
plan graph layer 37...
plan graph layer 38...
plan graph layer 39...
plan graph layer 40...
plan graph layer 41...
plan graph layer 42...
plan graph layer 43...
plan graph layer 44...
plan graph layer 45...
plan graph layer 46...
plan graph layer 47...
plan graph layer 48...
plan graph layer 49...
plan graph layer 50...
plan graph layer 51...
goal constraints...
exclusion constraints layer 0...
exclusion constraints layer 1...
exclusion constraints layer 2...
exclusion constraints layer 3...
exclusion constraints layer 4...
exclusion constraints layer 5...
exclusion constraints layer 6...
exclusion constraints layer 7...
exclusion constraints layer 8...
exclusion constraints layer 9...
exclusion constraints layer 10...
exclusion constraints layer 11...
exclusion constraints layer 12...
exclusion constraints layer 13...
exclusion constraints layer 14...
exclusion constraints layer 15...
exclusion constraints layer 16...
exclusion constraints layer 17...
exclusion constraints layer 18...
exclusion constraints layer 19...
exclusion constraints layer 20...
exclusion constraints layer 21...
exclusion constraints layer 22...
exclusion constraints layer 23...
exclusion constraints layer 24...
exclusion constraints layer 25...
exclusion constraints layer 26...
exclusion constraints layer 27...
exclusion constraints layer 28...
exclusion constraints layer 29...
exclusion constraints layer 30...
exclusion constraints layer 31...
exclusion constraints layer 32...
exclusion constraints layer 33...
exclusion constraints layer 34...
exclusion constraints layer 35...
exclusion constraints layer 36...
exclusion constraints layer 37...
exclusion constraints layer 38...
exclusion constraints layer 39...
exclusion constraints layer 40...
exclusion constraints layer 41...
exclusion constraints layer 42...
exclusion constraints layer 43...
exclusion constraints layer 44...
exclusion constraints layer 45...
exclusion constraints layer 46...
exclusion constraints layer 47...
exclusion constraints layer 48...
exclusion constraints layer 49...
exclusion constraints layer 50...
exclusion constraints layer 51...

DECISION LAYER 51, WRITING THIN GP-BASED ENCODING WITH 41009 VARS, 3767911 CLAUSES.

time spent:    0.00 seconds instantiating 544 action templates
               0.00 seconds reachability analysis, yielding 305 facts and 544 actions
               0.00 seconds collecting 305 relevant facts
               0.00 seconds building connectivity graph
               0.00 seconds building (std) graph
               0.85 seconds CNF output time
               0.85 seconds total planner time (solving not included)


***Solving***


[ filemap ]
[ extract ]

variables : 41009
pure lits : 294

1-clauses : 15
2-clauses : 3757156
3-clauses : 9378
n-clauses : 1362
discarded : 0

[ solve ]


unsatisfiable                             

[ stats ]

decisions : 78980
conflicts : 3361
time : ~0.264

***UNSAT***


bb: parsing domain file
domain 'BLOCKS' defined
 ... done.
bb: parsing problem file
problem 'BLOCKS-16-1' defined
 ... done.


time:   0,    20 facts and       0 exclusive pairs
              23 ops   and      12 exclusive pairs
time:   1,    26 facts and      30 exclusive pairs
              41 ops   and     267 exclusive pairs
time:   2,    35 facts and     120 exclusive pairs
              62 ops   and     924 exclusive pairs
time:   3,    39 facts and     152 exclusive pairs
              85 ops   and    2018 exclusive pairs
time:   4,    55 facts and     496 exclusive pairs
             124 ops   and    4987 exclusive pairs
time:   5,    63 facts and     623 exclusive pairs
             151 ops   and    7357 exclusive pairs
time:   6,    75 facts and     884 exclusive pairs
             176 ops   and    9754 exclusive pairs
time:   7,    77 facts and     657 exclusive pairs
             193 ops   and   10986 exclusive pairs
time:   8,    91 facts and    1011 exclusive pairs
             222 ops   and   14718 exclusive pairs
time:   9,    93 facts and     834 exclusive pairs
             241 ops   and   16774 exclusive pairs
time:  10,   109 facts and    1304 exclusive pairs
             274 ops   and   22082 exclusive pairs
time:  11,   111 facts and    1135 exclusive pairs
             295 ops   and   25012 exclusive pairs
time:  12,   129 facts and    1727 exclusive pairs
             332 ops   and   32180 exclusive pairs
time:  13,   131 facts and    1500 exclusive pairs
             355 ops   and   35956 exclusive pairs
time:  14,   151 facts and    2228 exclusive pairs
             396 ops   and   45370 exclusive pairs
time:  15,   153 facts and    1935 exclusive pairs
             421 ops   and   50140 exclusive pairs
time:  16,   175 facts and    2813 exclusive pairs
             466 ops   and   62222 exclusive pairs
time:  17,   177 facts and    2446 exclusive pairs
             493 ops   and   68146 exclusive pairs
time:  18,   201 facts and    3488 exclusive pairs
             542 ops   and   83354 exclusive pairs
time:  19,   203 facts and    3039 exclusive pairs
             571 ops   and   90604 exclusive pairs
time:  20,   229 facts and    4259 exclusive pairs
             624 ops   and  109432 exclusive pairs
time:  21,   231 facts and    3720 exclusive pairs
             655 ops   and  118192 exclusive pairs
time:  22,   259 facts and    5132 exclusive pairs
             712 ops   and  141170 exclusive pairs
time:  23,   260 facts and    4449 exclusive pairs
             743 ops   and  150592 exclusive pairs
time:  24,   289 facts and    5994 exclusive pairs
             801 ops   and  176897 exclusive pairs
time:  25,   289 facts and    5210 exclusive pairs
             801 ops   and  169098 exclusive pairs
time:  26,   289 facts and    4608 exclusive pairs
graph has leveled off at time step 27


             801 ops   and  167712 exclusive pairs
time:  27,   289 facts and    4608 exclusive pairs
             801 ops   and  167712 exclusive pairs
time:  28,   289 facts and    4608 exclusive pairs
             801 ops   and  167712 exclusive pairs
time:  29,   289 facts and    4608 exclusive pairs
             801 ops   and  167712 exclusive pairs
time:  30,   289 facts and    4608 exclusive pairs
             801 ops   and  167712 exclusive pairs
time:  31,   289 facts and    4608 exclusive pairs
             801 ops   and  167712 exclusive pairs
time:  32,   289 facts and    4608 exclusive pairs
             801 ops   and  167712 exclusive pairs
time:  33,   289 facts and    4608 exclusive pairs
             801 ops   and  167712 exclusive pairs
time:  34,   289 facts and    4608 exclusive pairs
             801 ops   and  167712 exclusive pairs
time:  35,   289 facts and    4608 exclusive pairs
             801 ops   and  167712 exclusive pairs
time:  36,   289 facts and    4608 exclusive pairs
             801 ops   and  167712 exclusive pairs
time:  37,   289 facts and    4608 exclusive pairs
             801 ops   and  167712 exclusive pairs
time:  38,   289 facts and    4608 exclusive pairs
             801 ops   and  167712 exclusive pairs
time:  39,   289 facts and    4608 exclusive pairs
             801 ops   and  167712 exclusive pairs
time:  40,   289 facts and    4608 exclusive pairs
             801 ops   and  167712 exclusive pairs
time:  41,   289 facts and    4608 exclusive pairs
             801 ops   and  167712 exclusive pairs
time:  42,   289 facts and    4608 exclusive pairs
             801 ops   and  167712 exclusive pairs
time:  43,   289 facts and    4608 exclusive pairs
             801 ops   and  167712 exclusive pairs
time:  44,   289 facts and    4608 exclusive pairs
             801 ops   and  167712 exclusive pairs
time:  45,   289 facts and    4608 exclusive pairs
             801 ops   and  167712 exclusive pairs
time:  46,   289 facts and    4608 exclusive pairs
             801 ops   and  167712 exclusive pairs
time:  47,   289 facts and    4608 exclusive pairs
             801 ops   and  167712 exclusive pairs
time:  48,   289 facts and    4608 exclusive pairs
             801 ops   and  167712 exclusive pairs
time:  49,   289 facts and    4608 exclusive pairs
             801 ops   and  167712 exclusive pairs
time:  50,   289 facts and    4608 exclusive pairs
             801 ops   and  167712 exclusive pairs
time:  51,   289 facts and    4608 exclusive pairs
             801 ops   and  167712 exclusive pairs
time:  52,   289 facts and    4608 exclusive pairs

creating thin gp-based encoding...
plan graph layer 0...
plan graph layer 1...
plan graph layer 2...
plan graph layer 3...
plan graph layer 4...
plan graph layer 5...
plan graph layer 6...
plan graph layer 7...
plan graph layer 8...
plan graph layer 9...
plan graph layer 10...
plan graph layer 11...
plan graph layer 12...
plan graph layer 13...
plan graph layer 14...
plan graph layer 15...
plan graph layer 16...
plan graph layer 17...
plan graph layer 18...
plan graph layer 19...
plan graph layer 20...
plan graph layer 21...
plan graph layer 22...
plan graph layer 23...
plan graph layer 24...
plan graph layer 25...
plan graph layer 26...
plan graph layer 27...
plan graph layer 28...
plan graph layer 29...
plan graph layer 30...
plan graph layer 31...
plan graph layer 32...
plan graph layer 33...
plan graph layer 34...
plan graph layer 35...
plan graph layer 36...
plan graph layer 37...
plan graph layer 38...
plan graph layer 39...
plan graph layer 40...
plan graph layer 41...
plan graph layer 42...
plan graph layer 43...
plan graph layer 44...
plan graph layer 45...
plan graph layer 46...
plan graph layer 47...
plan graph layer 48...
plan graph layer 49...
plan graph layer 50...
plan graph layer 51...
plan graph layer 52...
goal constraints...
exclusion constraints layer 0...
exclusion constraints layer 1...
exclusion constraints layer 2...
exclusion constraints layer 3...
exclusion constraints layer 4...
exclusion constraints layer 5...
exclusion constraints layer 6...
exclusion constraints layer 7...
exclusion constraints layer 8...
exclusion constraints layer 9...
exclusion constraints layer 10...
exclusion constraints layer 11...
exclusion constraints layer 12...
exclusion constraints layer 13...
exclusion constraints layer 14...
exclusion constraints layer 15...
exclusion constraints layer 16...
exclusion constraints layer 17...
exclusion constraints layer 18...
exclusion constraints layer 19...
exclusion constraints layer 20...
exclusion constraints layer 21...
exclusion constraints layer 22...
exclusion constraints layer 23...
exclusion constraints layer 24...
exclusion constraints layer 25...
exclusion constraints layer 26...
exclusion constraints layer 27...
exclusion constraints layer 28...
exclusion constraints layer 29...
exclusion constraints layer 30...
exclusion constraints layer 31...
exclusion constraints layer 32...
exclusion constraints layer 33...
exclusion constraints layer 34...
exclusion constraints layer 35...
exclusion constraints layer 36...
exclusion constraints layer 37...
exclusion constraints layer 38...
exclusion constraints layer 39...
exclusion constraints layer 40...
exclusion constraints layer 41...
exclusion constraints layer 42...
exclusion constraints layer 43...
exclusion constraints layer 44...
exclusion constraints layer 45...
exclusion constraints layer 46...
exclusion constraints layer 47...
exclusion constraints layer 48...
exclusion constraints layer 49...
exclusion constraints layer 50...
exclusion constraints layer 51...
exclusion constraints layer 52...

DECISION LAYER 52, WRITING THIN GP-BASED ENCODING WITH 42099 VARS, 3881121 CLAUSES.

time spent:    0.00 seconds instantiating 544 action templates
               0.00 seconds reachability analysis, yielding 305 facts and 544 actions
               0.00 seconds collecting 305 relevant facts
               0.00 seconds building connectivity graph
               0.00 seconds building (std) graph
               0.87 seconds CNF output time
               0.87 seconds total planner time (solving not included)


***Solving***


[ filemap ]
[ extract ]

variables : 42099
pure lits : 294

1-clauses : 15
2-clauses : 3870077
3-clauses : 9634
n-clauses : 1395
discarded : 0

[ solve ]


unsatisfiable                             

[ stats ]

decisions : 147274
conflicts : 9342
time : ~0.986

***UNSAT***


bb: parsing domain file
domain 'BLOCKS' defined
 ... done.
bb: parsing problem file
problem 'BLOCKS-16-1' defined
 ... done.


time:   0,    20 facts and       0 exclusive pairs
              23 ops   and      12 exclusive pairs
time:   1,    26 facts and      30 exclusive pairs
              41 ops   and     267 exclusive pairs
time:   2,    35 facts and     120 exclusive pairs
              62 ops   and     924 exclusive pairs
time:   3,    39 facts and     152 exclusive pairs
              85 ops   and    2018 exclusive pairs
time:   4,    55 facts and     496 exclusive pairs
             124 ops   and    4987 exclusive pairs
time:   5,    63 facts and     623 exclusive pairs
             151 ops   and    7357 exclusive pairs
time:   6,    75 facts and     884 exclusive pairs
             176 ops   and    9754 exclusive pairs
time:   7,    77 facts and     657 exclusive pairs
             193 ops   and   10986 exclusive pairs
time:   8,    91 facts and    1011 exclusive pairs
             222 ops   and   14718 exclusive pairs
time:   9,    93 facts and     834 exclusive pairs
             241 ops   and   16774 exclusive pairs
time:  10,   109 facts and    1304 exclusive pairs
             274 ops   and   22082 exclusive pairs
time:  11,   111 facts and    1135 exclusive pairs
             295 ops   and   25012 exclusive pairs
time:  12,   129 facts and    1727 exclusive pairs
             332 ops   and   32180 exclusive pairs
time:  13,   131 facts and    1500 exclusive pairs
             355 ops   and   35956 exclusive pairs
time:  14,   151 facts and    2228 exclusive pairs
             396 ops   and   45370 exclusive pairs
time:  15,   153 facts and    1935 exclusive pairs
             421 ops   and   50140 exclusive pairs
time:  16,   175 facts and    2813 exclusive pairs
             466 ops   and   62222 exclusive pairs
time:  17,   177 facts and    2446 exclusive pairs
             493 ops   and   68146 exclusive pairs
time:  18,   201 facts and    3488 exclusive pairs
             542 ops   and   83354 exclusive pairs
time:  19,   203 facts and    3039 exclusive pairs
             571 ops   and   90604 exclusive pairs
time:  20,   229 facts and    4259 exclusive pairs
             624 ops   and  109432 exclusive pairs
time:  21,   231 facts and    3720 exclusive pairs
             655 ops   and  118192 exclusive pairs
time:  22,   259 facts and    5132 exclusive pairs
             712 ops   and  141170 exclusive pairs
time:  23,   260 facts and    4449 exclusive pairs
             743 ops   and  150592 exclusive pairs
time:  24,   289 facts and    5994 exclusive pairs
             801 ops   and  176897 exclusive pairs
time:  25,   289 facts and    5210 exclusive pairs
             801 ops   and  169098 exclusive pairs
time:  26,   289 facts and    4608 exclusive pairs
graph has leveled off at time step 27


             801 ops   and  167712 exclusive pairs
time:  27,   289 facts and    4608 exclusive pairs
             801 ops   and  167712 exclusive pairs
time:  28,   289 facts and    4608 exclusive pairs
             801 ops   and  167712 exclusive pairs
time:  29,   289 facts and    4608 exclusive pairs
             801 ops   and  167712 exclusive pairs
time:  30,   289 facts and    4608 exclusive pairs
             801 ops   and  167712 exclusive pairs
time:  31,   289 facts and    4608 exclusive pairs
             801 ops   and  167712 exclusive pairs
time:  32,   289 facts and    4608 exclusive pairs
             801 ops   and  167712 exclusive pairs
time:  33,   289 facts and    4608 exclusive pairs
             801 ops   and  167712 exclusive pairs
time:  34,   289 facts and    4608 exclusive pairs
             801 ops   and  167712 exclusive pairs
time:  35,   289 facts and    4608 exclusive pairs
             801 ops   and  167712 exclusive pairs
time:  36,   289 facts and    4608 exclusive pairs
             801 ops   and  167712 exclusive pairs
time:  37,   289 facts and    4608 exclusive pairs
             801 ops   and  167712 exclusive pairs
time:  38,   289 facts and    4608 exclusive pairs
             801 ops   and  167712 exclusive pairs
time:  39,   289 facts and    4608 exclusive pairs
             801 ops   and  167712 exclusive pairs
time:  40,   289 facts and    4608 exclusive pairs
             801 ops   and  167712 exclusive pairs
time:  41,   289 facts and    4608 exclusive pairs
             801 ops   and  167712 exclusive pairs
time:  42,   289 facts and    4608 exclusive pairs
             801 ops   and  167712 exclusive pairs
time:  43,   289 facts and    4608 exclusive pairs
             801 ops   and  167712 exclusive pairs
time:  44,   289 facts and    4608 exclusive pairs
             801 ops   and  167712 exclusive pairs
time:  45,   289 facts and    4608 exclusive pairs
             801 ops   and  167712 exclusive pairs
time:  46,   289 facts and    4608 exclusive pairs
             801 ops   and  167712 exclusive pairs
time:  47,   289 facts and    4608 exclusive pairs
             801 ops   and  167712 exclusive pairs
time:  48,   289 facts and    4608 exclusive pairs
             801 ops   and  167712 exclusive pairs
time:  49,   289 facts and    4608 exclusive pairs
             801 ops   and  167712 exclusive pairs
time:  50,   289 facts and    4608 exclusive pairs
             801 ops   and  167712 exclusive pairs
time:  51,   289 facts and    4608 exclusive pairs
             801 ops   and  167712 exclusive pairs
time:  52,   289 facts and    4608 exclusive pairs
             801 ops   and  167712 exclusive pairs
time:  53,   289 facts and    4608 exclusive pairs

creating thin gp-based encoding...
plan graph layer 0...
plan graph layer 1...
plan graph layer 2...
plan graph layer 3...
plan graph layer 4...
plan graph layer 5...
plan graph layer 6...
plan graph layer 7...
plan graph layer 8...
plan graph layer 9...
plan graph layer 10...
plan graph layer 11...
plan graph layer 12...
plan graph layer 13...
plan graph layer 14...
plan graph layer 15...
plan graph layer 16...
plan graph layer 17...
plan graph layer 18...
plan graph layer 19...
plan graph layer 20...
plan graph layer 21...
plan graph layer 22...
plan graph layer 23...
plan graph layer 24...
plan graph layer 25...
plan graph layer 26...
plan graph layer 27...
plan graph layer 28...
plan graph layer 29...
plan graph layer 30...
plan graph layer 31...
plan graph layer 32...
plan graph layer 33...
plan graph layer 34...
plan graph layer 35...
plan graph layer 36...
plan graph layer 37...
plan graph layer 38...
plan graph layer 39...
plan graph layer 40...
plan graph layer 41...
plan graph layer 42...
plan graph layer 43...
plan graph layer 44...
plan graph layer 45...
plan graph layer 46...
plan graph layer 47...
plan graph layer 48...
plan graph layer 49...
plan graph layer 50...
plan graph layer 51...
plan graph layer 52...
plan graph layer 53...
goal constraints...
exclusion constraints layer 0...
exclusion constraints layer 1...
exclusion constraints layer 2...
exclusion constraints layer 3...
exclusion constraints layer 4...
exclusion constraints layer 5...
exclusion constraints layer 6...
exclusion constraints layer 7...
exclusion constraints layer 8...
exclusion constraints layer 9...
exclusion constraints layer 10...
exclusion constraints layer 11...
exclusion constraints layer 12...
exclusion constraints layer 13...
exclusion constraints layer 14...
exclusion constraints layer 15...
exclusion constraints layer 16...
exclusion constraints layer 17...
exclusion constraints layer 18...
exclusion constraints layer 19...
exclusion constraints layer 20...
exclusion constraints layer 21...
exclusion constraints layer 22...
exclusion constraints layer 23...
exclusion constraints layer 24...
exclusion constraints layer 25...
exclusion constraints layer 26...
exclusion constraints layer 27...
exclusion constraints layer 28...
exclusion constraints layer 29...
exclusion constraints layer 30...
exclusion constraints layer 31...
exclusion constraints layer 32...
exclusion constraints layer 33...
exclusion constraints layer 34...
exclusion constraints layer 35...
exclusion constraints layer 36...
exclusion constraints layer 37...
exclusion constraints layer 38...
exclusion constraints layer 39...
exclusion constraints layer 40...
exclusion constraints layer 41...
exclusion constraints layer 42...
exclusion constraints layer 43...
exclusion constraints layer 44...
exclusion constraints layer 45...
exclusion constraints layer 46...
exclusion constraints layer 47...
exclusion constraints layer 48...
exclusion constraints layer 49...
exclusion constraints layer 50...
exclusion constraints layer 51...
exclusion constraints layer 52...
exclusion constraints layer 53...

DECISION LAYER 53, WRITING THIN GP-BASED ENCODING WITH 43189 VARS, 3994331 CLAUSES.

time spent:    0.00 seconds instantiating 544 action templates
               0.00 seconds reachability analysis, yielding 305 facts and 544 actions
               0.00 seconds collecting 305 relevant facts
               0.00 seconds building connectivity graph
               0.00 seconds building (std) graph
               0.90 seconds CNF output time
               0.90 seconds total planner time (solving not included)


***Solving***


[ filemap ]
[ extract ]

variables : 43189
pure lits : 294

1-clauses : 15
2-clauses : 3982998
3-clauses : 9890
n-clauses : 1428
discarded : 0

[ solve ]


unsatisfiable                             

[ stats ]

decisions : 182221
conflicts : 28248
time : ~3.569

***UNSAT***


bb: parsing domain file
domain 'BLOCKS' defined
 ... done.
bb: parsing problem file
problem 'BLOCKS-16-1' defined
 ... done.


time:   0,    20 facts and       0 exclusive pairs
              23 ops   and      12 exclusive pairs
time:   1,    26 facts and      30 exclusive pairs
              41 ops   and     267 exclusive pairs
time:   2,    35 facts and     120 exclusive pairs
              62 ops   and     924 exclusive pairs
time:   3,    39 facts and     152 exclusive pairs
              85 ops   and    2018 exclusive pairs
time:   4,    55 facts and     496 exclusive pairs
             124 ops   and    4987 exclusive pairs
time:   5,    63 facts and     623 exclusive pairs
             151 ops   and    7357 exclusive pairs
time:   6,    75 facts and     884 exclusive pairs
             176 ops   and    9754 exclusive pairs
time:   7,    77 facts and     657 exclusive pairs
             193 ops   and   10986 exclusive pairs
time:   8,    91 facts and    1011 exclusive pairs
             222 ops   and   14718 exclusive pairs
time:   9,    93 facts and     834 exclusive pairs
             241 ops   and   16774 exclusive pairs
time:  10,   109 facts and    1304 exclusive pairs
             274 ops   and   22082 exclusive pairs
time:  11,   111 facts and    1135 exclusive pairs
             295 ops   and   25012 exclusive pairs
time:  12,   129 facts and    1727 exclusive pairs
             332 ops   and   32180 exclusive pairs
time:  13,   131 facts and    1500 exclusive pairs
             355 ops   and   35956 exclusive pairs
time:  14,   151 facts and    2228 exclusive pairs
             396 ops   and   45370 exclusive pairs
time:  15,   153 facts and    1935 exclusive pairs
             421 ops   and   50140 exclusive pairs
time:  16,   175 facts and    2813 exclusive pairs
             466 ops   and   62222 exclusive pairs
time:  17,   177 facts and    2446 exclusive pairs
             493 ops   and   68146 exclusive pairs
time:  18,   201 facts and    3488 exclusive pairs
             542 ops   and   83354 exclusive pairs
time:  19,   203 facts and    3039 exclusive pairs
             571 ops   and   90604 exclusive pairs
time:  20,   229 facts and    4259 exclusive pairs
             624 ops   and  109432 exclusive pairs
time:  21,   231 facts and    3720 exclusive pairs
             655 ops   and  118192 exclusive pairs
time:  22,   259 facts and    5132 exclusive pairs
             712 ops   and  141170 exclusive pairs
time:  23,   260 facts and    4449 exclusive pairs
             743 ops   and  150592 exclusive pairs
time:  24,   289 facts and    5994 exclusive pairs
             801 ops   and  176897 exclusive pairs
time:  25,   289 facts and    5210 exclusive pairs
             801 ops   and  169098 exclusive pairs
time:  26,   289 facts and    4608 exclusive pairs
graph has leveled off at time step 27


             801 ops   and  167712 exclusive pairs
time:  27,   289 facts and    4608 exclusive pairs
             801 ops   and  167712 exclusive pairs
time:  28,   289 facts and    4608 exclusive pairs
             801 ops   and  167712 exclusive pairs
time:  29,   289 facts and    4608 exclusive pairs
             801 ops   and  167712 exclusive pairs
time:  30,   289 facts and    4608 exclusive pairs
             801 ops   and  167712 exclusive pairs
time:  31,   289 facts and    4608 exclusive pairs
             801 ops   and  167712 exclusive pairs
time:  32,   289 facts and    4608 exclusive pairs
             801 ops   and  167712 exclusive pairs
time:  33,   289 facts and    4608 exclusive pairs
             801 ops   and  167712 exclusive pairs
time:  34,   289 facts and    4608 exclusive pairs
             801 ops   and  167712 exclusive pairs
time:  35,   289 facts and    4608 exclusive pairs
             801 ops   and  167712 exclusive pairs
time:  36,   289 facts and    4608 exclusive pairs
             801 ops   and  167712 exclusive pairs
time:  37,   289 facts and    4608 exclusive pairs
             801 ops   and  167712 exclusive pairs
time:  38,   289 facts and    4608 exclusive pairs
             801 ops   and  167712 exclusive pairs
time:  39,   289 facts and    4608 exclusive pairs
             801 ops   and  167712 exclusive pairs
time:  40,   289 facts and    4608 exclusive pairs
             801 ops   and  167712 exclusive pairs
time:  41,   289 facts and    4608 exclusive pairs
             801 ops   and  167712 exclusive pairs
time:  42,   289 facts and    4608 exclusive pairs
             801 ops   and  167712 exclusive pairs
time:  43,   289 facts and    4608 exclusive pairs
             801 ops   and  167712 exclusive pairs
time:  44,   289 facts and    4608 exclusive pairs
             801 ops   and  167712 exclusive pairs
time:  45,   289 facts and    4608 exclusive pairs
             801 ops   and  167712 exclusive pairs
time:  46,   289 facts and    4608 exclusive pairs
             801 ops   and  167712 exclusive pairs
time:  47,   289 facts and    4608 exclusive pairs
             801 ops   and  167712 exclusive pairs
time:  48,   289 facts and    4608 exclusive pairs
             801 ops   and  167712 exclusive pairs
time:  49,   289 facts and    4608 exclusive pairs
             801 ops   and  167712 exclusive pairs
time:  50,   289 facts and    4608 exclusive pairs
             801 ops   and  167712 exclusive pairs
time:  51,   289 facts and    4608 exclusive pairs
             801 ops   and  167712 exclusive pairs
time:  52,   289 facts and    4608 exclusive pairs
             801 ops   and  167712 exclusive pairs
time:  53,   289 facts and    4608 exclusive pairs
             801 ops   and  167712 exclusive pairs
time:  54,   289 facts and    4608 exclusive pairs

creating thin gp-based encoding...
plan graph layer 0...
plan graph layer 1...
plan graph layer 2...
plan graph layer 3...
plan graph layer 4...
plan graph layer 5...
plan graph layer 6...
plan graph layer 7...
plan graph layer 8...
plan graph layer 9...
plan graph layer 10...
plan graph layer 11...
plan graph layer 12...
plan graph layer 13...
plan graph layer 14...
plan graph layer 15...
plan graph layer 16...
plan graph layer 17...
plan graph layer 18...
plan graph layer 19...
plan graph layer 20...
plan graph layer 21...
plan graph layer 22...
plan graph layer 23...
plan graph layer 24...
plan graph layer 25...
plan graph layer 26...
plan graph layer 27...
plan graph layer 28...
plan graph layer 29...
plan graph layer 30...
plan graph layer 31...
plan graph layer 32...
plan graph layer 33...
plan graph layer 34...
plan graph layer 35...
plan graph layer 36...
plan graph layer 37...
plan graph layer 38...
plan graph layer 39...
plan graph layer 40...
plan graph layer 41...
plan graph layer 42...
plan graph layer 43...
plan graph layer 44...
plan graph layer 45...
plan graph layer 46...
plan graph layer 47...
plan graph layer 48...
plan graph layer 49...
plan graph layer 50...
plan graph layer 51...
plan graph layer 52...
plan graph layer 53...
plan graph layer 54...
goal constraints...
exclusion constraints layer 0...
exclusion constraints layer 1...
exclusion constraints layer 2...
exclusion constraints layer 3...
exclusion constraints layer 4...
exclusion constraints layer 5...
exclusion constraints layer 6...
exclusion constraints layer 7...
exclusion constraints layer 8...
exclusion constraints layer 9...
exclusion constraints layer 10...
exclusion constraints layer 11...
exclusion constraints layer 12...
exclusion constraints layer 13...
exclusion constraints layer 14...
exclusion constraints layer 15...
exclusion constraints layer 16...
exclusion constraints layer 17...
exclusion constraints layer 18...
exclusion constraints layer 19...
exclusion constraints layer 20...
exclusion constraints layer 21...
exclusion constraints layer 22...
exclusion constraints layer 23...
exclusion constraints layer 24...
exclusion constraints layer 25...
exclusion constraints layer 26...
exclusion constraints layer 27...
exclusion constraints layer 28...
exclusion constraints layer 29...
exclusion constraints layer 30...
exclusion constraints layer 31...
exclusion constraints layer 32...
exclusion constraints layer 33...
exclusion constraints layer 34...
exclusion constraints layer 35...
exclusion constraints layer 36...
exclusion constraints layer 37...
exclusion constraints layer 38...
exclusion constraints layer 39...
exclusion constraints layer 40...
exclusion constraints layer 41...
exclusion constraints layer 42...
exclusion constraints layer 43...
exclusion constraints layer 44...
exclusion constraints layer 45...
exclusion constraints layer 46...
exclusion constraints layer 47...
exclusion constraints layer 48...
exclusion constraints layer 49...
exclusion constraints layer 50...
exclusion constraints layer 51...
exclusion constraints layer 52...
exclusion constraints layer 53...
exclusion constraints layer 54...

DECISION LAYER 54, WRITING THIN GP-BASED ENCODING WITH 44279 VARS, 4107541 CLAUSES.

time spent:    0.00 seconds instantiating 544 action templates
               0.00 seconds reachability analysis, yielding 305 facts and 544 actions
               0.00 seconds collecting 305 relevant facts
               0.00 seconds building connectivity graph
               0.00 seconds building (std) graph
               0.92 seconds CNF output time
               0.92 seconds total planner time (solving not included)


***Solving***


[ filemap ]
[ extract ]

variables : 44279
pure lits : 294

1-clauses : 15
2-clauses : 4095919
3-clauses : 10146
n-clauses : 1461
discarded : 0

[ solve ]


satisfiable                             

[ stats ]

decisions : 218007
conflicts : 16310
time : ~1.603


bb: parsing domain file
domain 'BLOCKS' defined
 ... done.
bb: parsing problem file
problem 'BLOCKS-16-1' defined
 ... done.


time:   0,    20 facts and       0 exclusive pairs
              23 ops   and      12 exclusive pairs
time:   1,    26 facts and      30 exclusive pairs
              41 ops   and     267 exclusive pairs
time:   2,    35 facts and     120 exclusive pairs
              62 ops   and     924 exclusive pairs
time:   3,    39 facts and     152 exclusive pairs
              85 ops   and    2018 exclusive pairs
time:   4,    55 facts and     496 exclusive pairs
             124 ops   and    4987 exclusive pairs
time:   5,    63 facts and     623 exclusive pairs
             151 ops   and    7357 exclusive pairs
time:   6,    75 facts and     884 exclusive pairs
             176 ops   and    9754 exclusive pairs
time:   7,    77 facts and     657 exclusive pairs
             193 ops   and   10986 exclusive pairs
time:   8,    91 facts and    1011 exclusive pairs
             222 ops   and   14718 exclusive pairs
time:   9,    93 facts and     834 exclusive pairs
             241 ops   and   16774 exclusive pairs
time:  10,   109 facts and    1304 exclusive pairs
             274 ops   and   22082 exclusive pairs
time:  11,   111 facts and    1135 exclusive pairs
             295 ops   and   25012 exclusive pairs
time:  12,   129 facts and    1727 exclusive pairs
             332 ops   and   32180 exclusive pairs
time:  13,   131 facts and    1500 exclusive pairs
             355 ops   and   35956 exclusive pairs
time:  14,   151 facts and    2228 exclusive pairs
             396 ops   and   45370 exclusive pairs
time:  15,   153 facts and    1935 exclusive pairs
             421 ops   and   50140 exclusive pairs
time:  16,   175 facts and    2813 exclusive pairs
             466 ops   and   62222 exclusive pairs
time:  17,   177 facts and    2446 exclusive pairs
             493 ops   and   68146 exclusive pairs
time:  18,   201 facts and    3488 exclusive pairs
             542 ops   and   83354 exclusive pairs
time:  19,   203 facts and    3039 exclusive pairs
             571 ops   and   90604 exclusive pairs
time:  20,   229 facts and    4259 exclusive pairs
             624 ops   and  109432 exclusive pairs
time:  21,   231 facts and    3720 exclusive pairs
             655 ops   and  118192 exclusive pairs
time:  22,   259 facts and    5132 exclusive pairs
             712 ops   and  141170 exclusive pairs
time:  23,   260 facts and    4449 exclusive pairs
             743 ops   and  150592 exclusive pairs
time:  24,   289 facts and    5994 exclusive pairs
             801 ops   and  176897 exclusive pairs
time:  25,   289 facts and    5210 exclusive pairs
             801 ops   and  169098 exclusive pairs
time:  26,   289 facts and    4608 exclusive pairs
graph has leveled off at time step 27


             801 ops   and  167712 exclusive pairs
time:  27,   289 facts and    4608 exclusive pairs
             801 ops   and  167712 exclusive pairs
time:  28,   289 facts and    4608 exclusive pairs
             801 ops   and  167712 exclusive pairs
time:  29,   289 facts and    4608 exclusive pairs
             801 ops   and  167712 exclusive pairs
time:  30,   289 facts and    4608 exclusive pairs
             801 ops   and  167712 exclusive pairs
time:  31,   289 facts and    4608 exclusive pairs
             801 ops   and  167712 exclusive pairs
time:  32,   289 facts and    4608 exclusive pairs
             801 ops   and  167712 exclusive pairs
time:  33,   289 facts and    4608 exclusive pairs
             801 ops   and  167712 exclusive pairs
time:  34,   289 facts and    4608 exclusive pairs
             801 ops   and  167712 exclusive pairs
time:  35,   289 facts and    4608 exclusive pairs
             801 ops   and  167712 exclusive pairs
time:  36,   289 facts and    4608 exclusive pairs
             801 ops   and  167712 exclusive pairs
time:  37,   289 facts and    4608 exclusive pairs
             801 ops   and  167712 exclusive pairs
time:  38,   289 facts and    4608 exclusive pairs
             801 ops   and  167712 exclusive pairs
time:  39,   289 facts and    4608 exclusive pairs
             801 ops   and  167712 exclusive pairs
time:  40,   289 facts and    4608 exclusive pairs
             801 ops   and  167712 exclusive pairs
time:  41,   289 facts and    4608 exclusive pairs
             801 ops   and  167712 exclusive pairs
time:  42,   289 facts and    4608 exclusive pairs
             801 ops   and  167712 exclusive pairs
time:  43,   289 facts and    4608 exclusive pairs
             801 ops   and  167712 exclusive pairs
time:  44,   289 facts and    4608 exclusive pairs
             801 ops   and  167712 exclusive pairs
time:  45,   289 facts and    4608 exclusive pairs
             801 ops   and  167712 exclusive pairs
time:  46,   289 facts and    4608 exclusive pairs
             801 ops   and  167712 exclusive pairs
time:  47,   289 facts and    4608 exclusive pairs
             801 ops   and  167712 exclusive pairs
time:  48,   289 facts and    4608 exclusive pairs
             801 ops   and  167712 exclusive pairs
time:  49,   289 facts and    4608 exclusive pairs
             801 ops   and  167712 exclusive pairs
time:  50,   289 facts and    4608 exclusive pairs
             801 ops   and  167712 exclusive pairs
time:  51,   289 facts and    4608 exclusive pairs
             801 ops   and  167712 exclusive pairs
time:  52,   289 facts and    4608 exclusive pairs
             801 ops   and  167712 exclusive pairs
time:  53,   289 facts and    4608 exclusive pairs
             801 ops   and  167712 exclusive pairs
time:  54,   289 facts and    4608 exclusive pairs

creating thin gp-based encoding...
plan graph layer 0...
plan graph layer 1...
plan graph layer 2...
plan graph layer 3...
plan graph layer 4...
plan graph layer 5...
plan graph layer 6...
plan graph layer 7...
plan graph layer 8...
plan graph layer 9...
plan graph layer 10...
plan graph layer 11...
plan graph layer 12...
plan graph layer 13...
plan graph layer 14...
plan graph layer 15...
plan graph layer 16...
plan graph layer 17...
plan graph layer 18...
plan graph layer 19...
plan graph layer 20...
plan graph layer 21...
plan graph layer 22...
plan graph layer 23...
plan graph layer 24...
plan graph layer 25...
plan graph layer 26...
plan graph layer 27...
plan graph layer 28...
plan graph layer 29...
plan graph layer 30...
plan graph layer 31...
plan graph layer 32...
plan graph layer 33...
plan graph layer 34...
plan graph layer 35...
plan graph layer 36...
plan graph layer 37...
plan graph layer 38...
plan graph layer 39...
plan graph layer 40...
plan graph layer 41...
plan graph layer 42...
plan graph layer 43...
plan graph layer 44...
plan graph layer 45...
plan graph layer 46...
plan graph layer 47...
plan graph layer 48...
plan graph layer 49...
plan graph layer 50...
plan graph layer 51...
plan graph layer 52...
plan graph layer 53...
plan graph layer 54...
goal constraints...
exclusion constraints layer 0...
exclusion constraints layer 1...
exclusion constraints layer 2...
exclusion constraints layer 3...
exclusion constraints layer 4...
exclusion constraints layer 5...
exclusion constraints layer 6...
exclusion constraints layer 7...
exclusion constraints layer 8...
exclusion constraints layer 9...
exclusion constraints layer 10...
exclusion constraints layer 11...
exclusion constraints layer 12...
exclusion constraints layer 13...
exclusion constraints layer 14...
exclusion constraints layer 15...
exclusion constraints layer 16...
exclusion constraints layer 17...
exclusion constraints layer 18...
exclusion constraints layer 19...
exclusion constraints layer 20...
exclusion constraints layer 21...
exclusion constraints layer 22...
exclusion constraints layer 23...
exclusion constraints layer 24...
exclusion constraints layer 25...
exclusion constraints layer 26...
exclusion constraints layer 27...
exclusion constraints layer 28...
exclusion constraints layer 29...
exclusion constraints layer 30...
exclusion constraints layer 31...
exclusion constraints layer 32...
exclusion constraints layer 33...
exclusion constraints layer 34...
exclusion constraints layer 35...
exclusion constraints layer 36...
exclusion constraints layer 37...
exclusion constraints layer 38...
exclusion constraints layer 39...
exclusion constraints layer 40...
exclusion constraints layer 41...
exclusion constraints layer 42...
exclusion constraints layer 43...
exclusion constraints layer 44...
exclusion constraints layer 45...
exclusion constraints layer 46...
exclusion constraints layer 47...
exclusion constraints layer 48...
exclusion constraints layer 49...
exclusion constraints layer 50...
exclusion constraints layer 51...
exclusion constraints layer 52...
exclusion constraints layer 53...
exclusion constraints layer 54...

DECISION LAYER 54, WRITING THIN GP-BASED ENCODING WITH 44279 VARS, 4107541 CLAUSES.

time spent:    0.00 seconds instantiating 544 action templates
               0.00 seconds reachability analysis, yielding 305 facts and 544 actions
               0.00 seconds collecting 305 relevant facts
               0.00 seconds building connectivity graph
               0.00 seconds building (std) graph
               0.39 seconds CNF output time
               0.39 seconds total planner time (solving not included)

Pruned:  0: (PICK-UP K) [1]
Pruned:  0: (PICK-UP K) [1]
Pruned:  0: (PICK-UP K) [1]
Pruned:  0: (PICK-UP K) [1]
Pruned:  0: (PICK-UP K) [1]
Pruned:  0: (PICK-UP K) [1]
Pruned:  0: (PICK-UP K) [1]
Pruned:  0: (PICK-UP K) [1]
Pruned:  0: (PICK-UP K) [1]
Pruned:  0: (PICK-UP K) [1]
Pruned:  0: (PICK-UP K) [1]
Pruned:  0: (PICK-UP K) [1]
Pruned:  0: (PICK-UP K) [1]
Pruned:  0: (PICK-UP K) [1]
Pruned:  0: (PICK-UP K) [1]
Pruned:  0: (PICK-UP K) [1]
Pruned:  0: (PICK-UP K) [1]
Pruned:  0: (PICK-UP K) [1]
Pruned:  0: (PICK-UP K) [1]
Pruned:  0: (PICK-UP K) [1]
Pruned:  0: (PICK-UP K) [1]
Pruned:  0: (PICK-UP K) [1]
Pruned:  0: (PICK-UP K) [1]
Pruned:  0: (PICK-UP K) [1]
Pruned:  0: (PICK-UP K) [1]
Pruned:  0: (PICK-UP K) [1]
Pruned:  0: (PICK-UP K) [1]
Pruned:  0: (PICK-UP K) [1]
Pruned:  0: (PICK-UP K) [1]
Pruned:  0: (PICK-UP K) [1]
Pruned:  0: (PICK-UP K) [1]
Pruned:  0: (PICK-UP K) [1]
Pruned:  0: (PICK-UP K) [1]
Pruned:  0: (PICK-UP K) [1]
Pruned:  0: (PICK-UP K) [1]
Pruned:  0: (PICK-UP K) [1]
Pruned:  0: (PICK-UP K) [1]
Pruned:  0: (PICK-UP K) [1]
Pruned:  0: (PICK-UP K) [1]
Pruned:  0: (PICK-UP K) [1]
Pruned:  0: (PICK-UP K) [1]
Pruned:  0: (PICK-UP K) [1]
Pruned:  0: (PICK-UP K) [1]
Pruned:  0: (PICK-UP K) [1]
Pruned:  0: (PICK-UP K) [1]
Pruned:  0: (PICK-UP K) [1]
Pruned:  0: (PICK-UP K) [1]
Pruned:  0: (PICK-UP K) [1]
Pruned:  0: (PICK-UP K) [1]
Pruned:  0: (PICK-UP K) [1]
Pruned:  0: (PICK-UP K) [1]
Pruned:  0: (PICK-UP K) [1]
Pruned:  0: (PICK-UP K) [1]
Pruned:  0: (PICK-UP K) [1]
Pruned:  0: (PICK-UP K) [1]
Pruned:  0: (PICK-UP K) [1]
Pruned:  0: (PICK-UP K) [1]
Pruned:  0: (PICK-UP K) [1]
Pruned:  0: (PICK-UP K) [1]
Pruned:  0: (PICK-UP K) [1]
Pruned:  0: (PICK-UP K) [1]
Pruned:  0: (PICK-UP K) [1]
Pruned:  0: (PICK-UP K) [1]
Pruned:  0: (PICK-UP K) [1]
Pruned:  0: (PICK-UP K) [1]
Pruned:  0: (PICK-UP K) [1]
Pruned:  0: (PICK-UP K) [1]
Pruned:  0: (PICK-UP K) [1]
Pruned:  0: (PICK-UP K) [1]
Pruned:  0: (PICK-UP K) [1]
Pruned:  0: (PICK-UP K) [1]
Pruned:  0: (PICK-UP K) [1]
Pruned:  0: (PICK-UP K) [1]
Pruned:  0: (PICK-UP K) [1]
Pruned:  0: (PICK-UP K) [1]
Pruned:  0: (PICK-UP K) [1]
Pruned:  0: (PICK-UP K) [1]
Pruned:  0: (PICK-UP K) [1]
Pruned:  0: (PICK-UP K) [1]
Pruned:  0: (PICK-UP K) [1]
Pruned:  0: (PICK-UP K) [1]
Pruned:  0: (PICK-UP K) [1]
Pruned:  0: (PICK-UP K) [1]
Pruned:  0: (PICK-UP K) [1]
Pruned:  0: (PICK-UP K) [1]
Pruned:  0: (PICK-UP K) [1]
Pruned:  0: (PICK-UP K) [1]
Pruned:  0: (PICK-UP K) [1]
Pruned:  0: (PICK-UP K) [1]
Pruned:  0: (PICK-UP K) [1]
Pruned:  0: (PICK-UP K) [1]
Pruned:  0: (PICK-UP K) [1]
Pruned:  0: (PICK-UP K) [1]
Pruned:  0: (PICK-UP K) [1]
Pruned:  0: (PICK-UP K) [1]
Pruned:  0: (PICK-UP K) [1]
Pruned:  0: (PICK-UP K) [1]
Pruned:  0: (PICK-UP K) [1]
Pruned:  0: (PICK-UP K) [1]
Pruned:  0: (PICK-UP K) [1]
Pruned:  0: (PICK-UP K) [1]
Pruned:  0: (PICK-UP K) [1]
Pruned:  0: (PICK-UP K) [1]
Pruned:  0: (PICK-UP K) [1]
Pruned:  0: (PICK-UP K) [1]
Pruned:  0: (PICK-UP K) [1]
Pruned:  0: (PICK-UP K) [1]
Pruned:  0: (PICK-UP K) [1]
Pruned:  0: (PICK-UP K) [1]
Pruned:  0: (PICK-UP K) [1]
Pruned:  0: (PICK-UP K) [1]
Pruned:  0: (PICK-UP K) [1]
Pruned:  0: (PICK-UP K) [1]
Pruned:  0: (PICK-UP K) [1]
Pruned:  0: (PICK-UP K) [1]
Pruned:  0: (PICK-UP K) [1]
Pruned:  0: (PICK-UP K) [1]
Pruned:  0: (PICK-UP K) [1]
Pruned:  0: (PICK-UP K) [1]
Pruned:  0: (PICK-UP K) [1]
Pruned:  0: (PICK-UP K) [1]
Pruned:  0: (PICK-UP K) [1]
Pruned:  0: (PICK-UP K) [1]
Pruned:  0: (PICK-UP K) [1]
Pruned:  0: (PICK-UP K) [1]
Pruned:  0: (PICK-UP K) [1]
Pruned:  0: (PICK-UP K) [1]
Pruned:  0: (PICK-UP K) [1]
Pruned:  0: (PICK-UP K) [1]
Pruned:  0: (PICK-UP K) [1]
Pruned:  0: (PICK-UP K) [1]
Pruned:  0: (PICK-UP K) [1]
Pruned:  0: (PICK-UP K) [1]
Pruned:  0: (PICK-UP K) [1]
Pruned:  0: (PICK-UP K) [1]
Pruned:  0: (PICK-UP K) [1]
Pruned:  0: (PICK-UP K) [1]
Pruned:  0: (PICK-UP K) [1]
Pruned:  0: (PICK-UP K) [1]
Pruned:  0: (PICK-UP K) [1]
Pruned:  0: (PICK-UP K) [1]
Pruned:  0: (PICK-UP K) [1]
Pruned:  0: (PICK-UP K) [1]
Pruned:  0: (PICK-UP K) [1]
Pruned:  0: (PICK-UP K) [1]
Pruned:  0: (PICK-UP K) [1]
Pruned:  0: (PICK-UP K) [1]
Pruned:  0: (PICK-UP K) [1]
Pruned:  0: (PICK-UP K) [1]
Pruned:  0: (PICK-UP K) [1]
Pruned:  0: (PICK-UP K) [1]
Pruned:  0: (PICK-UP K) [1]
Pruned:  0: (PICK-UP K) [1]
Pruned:  0: (PICK-UP K) [1]
Pruned:  0: (PICK-UP K) [1]
Pruned:  0: (PICK-UP K) [1]
Pruned:  0: (PICK-UP K) [1]
Pruned:  0: (PICK-UP K) [1]
Pruned:  0: (PICK-UP K) [1]
Pruned:  0: (PICK-UP K) [1]
Pruned:  0: (PICK-UP K) [1]
Pruned:  0: (PICK-UP K) [1]
Pruned:  0: (PICK-UP K) [1]
Pruned:  0: (PICK-UP K) [1]
Pruned:  0: (PICK-UP K) [1]
Pruned:  0: (PICK-UP K) [1]
Pruned:  0: (PICK-UP K) [1]
Pruned:  0: (PICK-UP K) [1]
Pruned:  0: (PICK-UP K) [1]
Pruned:  0: (PICK-UP K) [1]
Pruned:  0: (PICK-UP K) [1]
Pruned:  0: (PICK-UP K) [1]
Pruned:  0: (PICK-UP K) [1]
Pruned:  0: (PICK-UP K) [1]
Pruned:  0: (PICK-UP K) [1]
Pruned:  0: (PICK-UP K) [1]
Pruned:  0: (PICK-UP K) [1]
Pruned:  0: (PICK-UP K) [1]
Pruned:  0: (PICK-UP K) [1]
Pruned:  0: (PICK-UP K) [1]
Pruned:  0: (PICK-UP K) [1]
Pruned:  0: (PICK-UP K) [1]
Pruned:  0: (PICK-UP K) [1]
Pruned:  0: (PICK-UP K) [1]
Pruned:  0: (PICK-UP K) [1]
Pruned:  0: (PICK-UP K) [1]
Pruned:  0: (PICK-UP K) [1]
Pruned:  0: (PICK-UP K) [1]
Pruned:  0: (PICK-UP K) [1]
Pruned:  0: (PICK-UP K) [1]
Pruned:  0: (PICK-UP K) [1]
Pruned:  0: (PICK-UP K) [1]
Pruned:  0: (PICK-UP K) [1]
Pruned:  0: (PICK-UP K) [1]
Pruned:  0: (PICK-UP K) [1]
Pruned:  0: (PICK-UP K) [1]
Pruned:  0: (PICK-UP K) [1]
Pruned:  0: (PICK-UP K) [1]
Pruned:  0: (PICK-UP K) [1]
Pruned:  0: (PICK-UP K) [1]
Pruned:  0: (PICK-UP K) [1]
Pruned:  0: (PICK-UP K) [1]
Pruned:  0: (PICK-UP K) [1]
Pruned:  0: (PICK-UP K) [1]
Pruned:  0: (PICK-UP K) [1]
Pruned:  0: (PICK-UP K) [1]
Pruned:  0: (PICK-UP K) [1]
Pruned:  0: (PICK-UP K) [1]
Pruned:  0: (PICK-UP K) [1]
Pruned:  0: (PICK-UP K) [1]
Pruned:  0: (PICK-UP K) [1]
Pruned:  0: (PICK-UP K) [1]
Pruned:  0: (PICK-UP K) [1]
Pruned:  0: (PICK-UP K) [1]
Pruned:  0: (PICK-UP K) [1]
Pruned:  0: (PICK-UP K) [1]
Pruned:  0: (PICK-UP K) [1]
Pruned:  0: (PICK-UP K) [1]
Pruned:  0: (PICK-UP K) [1]
Pruned:  0: (PICK-UP K) [1]
Pruned:  0: (PICK-UP K) [1]
Pruned:  0: (PICK-UP K) [1]
Pruned:  0: (PICK-UP K) [1]
Pruned:  0: (PICK-UP K) [1]
Pruned:  0: (PICK-UP K) [1]
Pruned:  0: (PICK-UP K) [1]
Pruned:  0: (PICK-UP K) [1]
Pruned:  0: (PICK-UP K) [1]
Pruned:  0: (PICK-UP K) [1]
Pruned:  0: (PICK-UP K) [1]
Pruned:  0: (PICK-UP K) [1]
Pruned:  0: (PICK-UP K) [1]
Pruned:  0: (PICK-UP K) [1]
Pruned:  0: (PICK-UP K) [1]
Pruned:  0: (PICK-UP K) [1]
Pruned:  0: (PICK-UP K) [1]
Pruned:  0: (PICK-UP K) [1]
Pruned:  0: (PICK-UP K) [1]
Pruned:  0: (PICK-UP K) [1]
Pruned:  0: (PICK-UP K) [1]
Pruned:  0: (PICK-UP K) [1]
Pruned:  0: (PICK-UP K) [1]
Pruned:  0: (PICK-UP K) [1]
Pruned:  0: (PICK-UP K) [1]
Pruned:  0: (PICK-UP K) [1]
Pruned:  0: (PICK-UP K) [1]
Pruned:  0: (PICK-UP K) [1]
Pruned:  0: (PICK-UP K) [1]
Pruned:  0: (PICK-UP K) [1]
Pruned:  0: (PICK-UP K) [1]
Pruned:  0: (PICK-UP K) [1]
Pruned:  0: (PICK-UP K) [1]
Pruned:  0: (PICK-UP K) [1]
Pruned:  0: (PICK-UP K) [1]
Pruned:  0: (PICK-UP K) [1]
Pruned:  0: (PICK-UP K) [1]
Pruned:  0: (PICK-UP K) [1]
Pruned:  0: (PICK-UP K) [1]
Pruned:  0: (PICK-UP K) [1]
Pruned:  0: (PICK-UP K) [1]
Pruned:  0: (PICK-UP K) [1]
Pruned:  0: (PICK-UP K) [1]
Pruned:  0: (PICK-UP K) [1]
Pruned:  0: (PICK-UP K) [1]
Pruned:  0: (PICK-UP K) [1]
Pruned:  0: (PICK-UP K) [1]
Pruned:  0: (PICK-UP K) [1]
Pruned:  0: (PICK-UP K) [1]
Pruned:  0: (PICK-UP K) [1]
Pruned:  0: (PICK-UP K) [1]
Pruned:  0: (PICK-UP K) [1]
Pruned:  0: (PICK-UP K) [1]
Pruned:  0: (PICK-UP K) [1]
Pruned:  0: (PICK-UP K) [1]
Pruned:  0: (PICK-UP K) [1]
Pruned:  0: (PICK-UP K) [1]
Pruned:  0: (PICK-UP K) [1]
Pruned:  0: (PICK-UP K) [1]
Pruned:  0: (PICK-UP K) [1]
Pruned:  0: (PICK-UP K) [1]
Pruned:  0: (PICK-UP K) [1]
Pruned:  0: (PICK-UP K) [1]
Pruned:  0: (PICK-UP K) [1]
Pruned:  0: (PICK-UP K) [1]
Pruned:  0: (PICK-UP K) [1]
Pruned:  0: (PICK-UP K) [1]
Pruned:  0: (PICK-UP K) [1]
Pruned:  0: (PICK-UP K) [1]
Pruned:  0: (PICK-UP K) [1]
Pruned:  0: (PICK-UP K) [1]
Pruned:  0: (PICK-UP K) [1]
Pruned:  0: (PICK-UP K) [1]
Pruned:  0: (PICK-UP K) [1]
Pruned:  0: (PICK-UP K) [1]
Pruned:  0: (PICK-UP K) [1]
Pruned:  0: (PICK-UP K) [1]
Pruned:  0: (PICK-UP K) [1]
Pruned:  0: (PICK-UP K) [1]
Pruned:  0: (PICK-UP K) [1]
Pruned:  0: (PICK-UP K) [1]
Pruned:  0: (PICK-UP K) [1]
Pruned:  0: (PICK-UP K) [1]
Pruned:  0: (PICK-UP K) [1]
Pruned:  0: (PICK-UP K) [1]
Pruned:  0: (PICK-UP K) [1]
Pruned:  0: (PICK-UP K) [1]
Pruned:  0: (PICK-UP K) [1]
Pruned:  0: (PICK-UP K) [1]
Pruned:  0: (PICK-UP K) [1]
Pruned:  0: (PICK-UP K) [1]
Pruned:  0: (PICK-UP K) [1]
Pruned:  0: (PICK-UP K) [1]
Pruned:  0: (PICK-UP K) [1]
Pruned:  0: (PICK-UP K) [1]
Pruned:  0: (PICK-UP K) [1]
Pruned:  0: (PICK-UP K) [1]
Pruned:  0: (PICK-UP K) [1]
Pruned:  0: (PICK-UP K) [1]
Pruned:  0: (PICK-UP K) [1]
Pruned:  0: (PICK-UP K) [1]
Pruned:  0: (PICK-UP K) [1]
Pruned:  0: (PICK-UP K) [1]
Pruned:  0: (PICK-UP K) [1]
Pruned:  0: (PICK-UP K) [1]
Pruned:  0: (PICK-UP K) [1]
Pruned:  0: (PICK-UP K) [1]
Pruned:  0: (PICK-UP K) [1]
Pruned:  0: (PICK-UP K) [1]
Pruned:  0: (PICK-UP K) [1]
Pruned:  0: (PICK-UP K) [1]
Pruned:  0: (PICK-UP K) [1]
Pruned:  0: (PICK-UP K) [1]
Pruned:  0: (PICK-UP K) [1]
Pruned:  0: (PICK-UP K) [1]
Pruned:  0: (PICK-UP K) [1]
Pruned:  0: (PICK-UP K) [1]
Pruned:  0: (PICK-UP K) [1]
Pruned:  0: (PICK-UP K) [1]
Pruned:  0: (PICK-UP K) [1]
Pruned:  0: (PICK-UP K) [1]
Pruned:  0: (PICK-UP K) [1]
Pruned:  0: (PICK-UP K) [1]
Pruned:  0: (PICK-UP K) [1]
Pruned:  0: (PICK-UP K) [1]
Pruned:  0: (PICK-UP K) [1]
Pruned:  0: (PICK-UP K) [1]
Pruned:  0: (PICK-UP K) [1]
Pruned:  0: (PICK-UP K) [1]
Pruned:  0: (PICK-UP K) [1]
Pruned:  0: (PICK-UP K) [1]
Pruned:  0: (PICK-UP K) [1]
Pruned:  0: (PICK-UP K) [1]
Pruned:  0: (PICK-UP K) [1]
Pruned:  0: (PICK-UP K) [1]
Pruned:  0: (PICK-UP K) [1]
Pruned:  0: (PICK-UP K) [1]
Pruned:  0: (PICK-UP K) [1]
Pruned:  0: (PICK-UP K) [1]
Pruned:  0: (PICK-UP K) [1]
Pruned:  0: (PICK-UP K) [1]
Pruned:  0: (PICK-UP K) [1]
Pruned:  0: (PICK-UP K) [1]
Pruned:  0: (PICK-UP K) [1]
Pruned:  0: (PICK-UP K) [1]
Pruned:  0: (PICK-UP K) [1]
Pruned:  0: (PICK-UP K) [1]
Pruned:  0: (PICK-UP K) [1]
Pruned:  0: (PICK-UP K) [1]
Pruned:  0: (PICK-UP K) [1]
Pruned:  0: (PICK-UP K) [1]
Pruned:  0: (PICK-UP K) [1]
Pruned:  0: (PICK-UP K) [1]
Pruned:  0: (PICK-UP K) [1]
Pruned:  0: (PICK-UP K) [1]
Pruned:  0: (PICK-UP K) [1]
Pruned:  0: (PICK-UP K) [1]
Pruned:  0: (PICK-UP K) [1]
Pruned:  0: (PICK-UP K) [1]
Pruned:  0: (PICK-UP K) [1]
Pruned:  0: (PICK-UP K) [1]
Pruned:  0: (PICK-UP K) [1]
Pruned:  0: (PICK-UP K) [1]
Pruned:  0: (PICK-UP K) [1]
Pruned:  0: (PICK-UP K) [1]
Pruned:  0: (PICK-UP K) [1]
Pruned:  0: (PICK-UP K) [1]
Pruned:  0: (PICK-UP K) [1]
Pruned:  0: (PICK-UP K) [1]
Pruned:  0: (PICK-UP K) [1]
Pruned:  0: (PICK-UP K) [1]
Pruned:  0: (PICK-UP K) [1]
Pruned:  0: (PICK-UP K) [1]
Pruned:  0: (PICK-UP K) [1]
Pruned:  0: (PICK-UP K) [1]
Pruned:  0: (PICK-UP K) [1]
Pruned:  0: (PICK-UP K) [1]
Pruned:  0: (PICK-UP K) [1]
Pruned:  0: (PICK-UP K) [1]
Pruned:  0: (PICK-UP K) [1]
Pruned:  0: (PICK-UP K) [1]
Pruned:  0: (PICK-UP K) [1]
Pruned:  0: (PICK-UP K) [1]
Pruned:  0: (PICK-UP K) [1]
Pruned:  0: (PICK-UP K) [1]
Pruned:  0: (PICK-UP K) [1]
Pruned:  0: (PICK-UP K) [1]
Pruned:  0: (PICK-UP K) [1]
Pruned:  0: (PICK-UP K) [1]
Pruned:  0: (PICK-UP K) [1]
Pruned:  0: (PICK-UP K) [1]
Pruned:  0: (PICK-UP K) [1]
Pruned:  0: (PICK-UP K) [1]
Pruned:  0: (PICK-UP K) [1]
Pruned:  0: (PICK-UP K) [1]
Pruned:  0: (PICK-UP K) [1]
Pruned:  0: (PICK-UP K) [1]
Pruned:  0: (PICK-UP K) [1]
Pruned:  0: (PICK-UP K) [1]
Pruned:  0: (PICK-UP K) [1]
Pruned:  0: (PICK-UP K) [1]
Pruned:  0: (PICK-UP K) [1]
Pruned:  0: (PICK-UP K) [1]
Pruned:  0: (PICK-UP K) [1]
Pruned:  0: (PICK-UP K) [1]
Pruned:  0: (PICK-UP K) [1]
Pruned:  0: (PICK-UP K) [1]
Pruned:  0: (PICK-UP K) [1]
Pruned:  0: (PICK-UP K) [1]
Pruned:  0: (PICK-UP K) [1]
Pruned:  0: (PICK-UP K) [1]
Pruned:  0: (PICK-UP K) [1]
Pruned:  0: (PICK-UP K) [1]
Pruned:  0: (PICK-UP K) [1]
Pruned:  0: (PICK-UP K) [1]
Pruned:  0: (PICK-UP K) [1]
Pruned:  0: (PICK-UP K) [1]
Pruned:  0: (PICK-UP K) [1]
Pruned:  0: (PICK-UP K) [1]
Pruned:  0: (PICK-UP K) [1]
Pruned:  0: (PICK-UP K) [1]
Pruned:  0: (PICK-UP K) [1]
Pruned:  0: (PICK-UP K) [1]
Pruned:  0: (PICK-UP K) [1]
Pruned:  0: (PICK-UP K) [1]
Pruned:  0: (PICK-UP K) [1]
Pruned:  0: (PICK-UP K) [1]
Pruned:  0: (PICK-UP K) [1]
Pruned:  0: (PICK-UP K) [1]
Pruned:  0: (PICK-UP K) [1]
Pruned:  0: (PICK-UP K) [1]
Pruned:  0: (PICK-UP K) [1]
Pruned:  0: (PICK-UP K) [1]
Pruned:  0: (PICK-UP K) [1]
Pruned:  0: (PICK-UP K) [1]
Pruned:  0: (PICK-UP K) [1]
Pruned:  0: (PICK-UP K) [1]
Pruned:  0: (PICK-UP K) [1]
Pruned:  0: (PICK-UP K) [1]
Pruned:  0: (PICK-UP K) [1]
Pruned:  0: (PICK-UP K) [1]
Pruned:  0: (PICK-UP K) [1]
Pruned:  0: (PICK-UP K) [1]
Pruned:  0: (PICK-UP K) [1]
Pruned:  0: (PICK-UP K) [1]
Pruned:  0: (PICK-UP K) [1]
Pruned:  0: (PICK-UP K) [1]
Pruned:  0: (PICK-UP K) [1]
Pruned:  0: (PICK-UP K) [1]
Pruned:  0: (PICK-UP K) [1]
Pruned:  0: (PICK-UP K) [1]
Pruned:  0: (PICK-UP K) [1]
Pruned:  0: (PICK-UP K) [1]
Pruned:  0: (PICK-UP K) [1]
Pruned:  0: (PICK-UP K) [1]
Pruned:  0: (PICK-UP K) [1]
Pruned:  0: (PICK-UP K) [1]
Pruned:  0: (PICK-UP K) [1]
Pruned:  0: (PICK-UP K) [1]
Pruned:  0: (PICK-UP K) [1]
Pruned:  0: (PICK-UP K) [1]
Pruned:  0: (PICK-UP K) [1]
Pruned:  0: (PICK-UP K) [1]
Pruned:  0: (PICK-UP K) [1]
Pruned:  0: (PICK-UP K) [1]
Pruned:  0: (PICK-UP K) [1]
Pruned:  0: (PICK-UP K) [1]
Pruned:  0: (PICK-UP K) [1]
Pruned:  0: (PICK-UP K) [1]
Pruned:  0: (PICK-UP K) [1]
Pruned:  0: (PICK-UP K) [1]
Pruned:  0: (PICK-UP K) [1]
Pruned:  0: (PICK-UP K) [1]
Pruned:  0: (PICK-UP K) [1]
Pruned:  0: (PICK-UP K) [1]
Pruned:  0: (PICK-UP K) [1]
Pruned:  0: (PICK-UP K) [1]
Pruned:  0: (PICK-UP K) [1]
Pruned:  0: (PICK-UP K) [1]
Pruned:  0: (PICK-UP K) [1]
Pruned:  0: (PICK-UP K) [1]
Pruned:  0: (PICK-UP K) [1]
Pruned:  0: (PICK-UP K) [1]
Pruned:  0: (PICK-UP K) [1]
Pruned:  0: (PICK-UP K) [1]
Pruned:  0: (PICK-UP K) [1]
Pruned:  0: (PICK-UP K) [1]
Pruned:  0: (PICK-UP K) [1]
Pruned:  0: (PICK-UP K) [1]
Pruned:  0: (PICK-UP K) [1]
Pruned:  0: (PICK-UP K) [1]
Pruned:  0: (PICK-UP K) [1]
Pruned:  0: (PICK-UP K) [1]
Pruned:  0: (PICK-UP K) [1]
Pruned:  0: (PICK-UP K) [1]
Pruned:  0: (PICK-UP K) [1]
Pruned:  0: (PICK-UP K) [1]
Pruned:  0: (PICK-UP K) [1]
Pruned:  0: (PICK-UP K) [1]
Pruned:  0: (PICK-UP K) [1]
Pruned:  0: (PICK-UP K) [1]
Pruned:  0: (PICK-UP K) [1]
Pruned:  0: (PICK-UP K) [1]
Pruned:  0: (PICK-UP K) [1]
Pruned:  0: (PICK-UP K) [1]
Pruned:  0: (PICK-UP K) [1]
Pruned:  0: (PICK-UP K) [1]
Pruned:  0: (PICK-UP K) [1]
Pruned:  0: (PICK-UP K) [1]
Pruned:  0: (PICK-UP K) [1]
Pruned:  0: (PICK-UP K) [1]
Pruned:  0: (PICK-UP K) [1]
Pruned:  0: (PICK-UP K) [1]
Pruned:  0: (PICK-UP K) [1]
Pruned:  0: (PICK-UP K) [1]
Pruned:  0: (PICK-UP K) [1]
Pruned:  0: (PICK-UP K) [1]
Pruned:  0: (PICK-UP K) [1]
Pruned:  0: (PICK-UP K) [1]
Pruned:  0: (PICK-UP K) [1]
Pruned:  0: (PICK-UP K) [1]
Pruned:  0: (PICK-UP K) [1]
Pruned:  0: (PICK-UP K) [1]
Pruned:  0: (PICK-UP K) [1]
Pruned:  0: (PICK-UP K) [1]
Pruned:  0: (PICK-UP K) [1]
Pruned:  0: (PICK-UP K) [1]
Pruned:  0: (PICK-UP K) [1]
Pruned:  0: (PICK-UP K) [1]
Pruned:  0: (PICK-UP K) [1]
Pruned:  0: (PICK-UP K) [1]
Pruned:  0: (PICK-UP K) [1]
Pruned:  0: (PICK-UP K) [1]
Pruned:  0: (PICK-UP K) [1]
Pruned:  0: (PICK-UP K) [1]
Pruned:  0: (PICK-UP K) [1]
Pruned:  0: (PICK-UP K) [1]
Pruned:  0: (PICK-UP K) [1]
Pruned:  0: (PICK-UP K) [1]
Pruned:  0: (PICK-UP K) [1]
Pruned:  0: (PICK-UP K) [1]
Pruned:  0: (PICK-UP K) [1]
Pruned:  0: (PICK-UP K) [1]
Pruned:  0: (PICK-UP K) [1]
Pruned:  0: (PICK-UP K) [1]
Pruned:  0: (PICK-UP K) [1]
Pruned:  0: (PICK-UP K) [1]
Pruned:  0: (PICK-UP K) [1]
Pruned:  0: (PICK-UP K) [1]
Pruned:  0: (PICK-UP K) [1]
Pruned:  0: (PICK-UP K) [1]
Pruned:  0: (PICK-UP K) [1]
Pruned:  0: (PICK-UP K) [1]
Pruned:  0: (PICK-UP K) [1]
Pruned:  0: (PICK-UP K) [1]
Pruned:  0: (PICK-UP K) [1]
Pruned:  0: (PICK-UP K) [1]
Pruned:  0: (PICK-UP K) [1]
Pruned:  0: (PICK-UP K) [1]
Pruned:  0: (PICK-UP K) [1]
Pruned:  0: (PICK-UP K) [1]
Pruned:  0: (PICK-UP K) [1]
Pruned:  0: (PICK-UP K) [1]
Pruned:  0: (PICK-UP K) [1]
Pruned:  0: (PICK-UP K) [1]
Pruned:  0: (PICK-UP K) [1]
Pruned:  0: (PICK-UP K) [1]
Pruned:  0: (PICK-UP K) [1]
Pruned:  0: (PICK-UP K) [1]
Pruned:  0: (PICK-UP K) [1]
Pruned:  0: (PICK-UP K) [1]
Pruned:  0: (PICK-UP K) [1]
Pruned:  0: (PICK-UP K) [1]
Pruned:  0: (PICK-UP K) [1]
Pruned:  0: (PICK-UP K) [1]
Pruned:  0: (PICK-UP K) [1]
Pruned:  0: (PICK-UP K) [1]
Pruned:  0: (PICK-UP K) [1]
Pruned:  0: (PICK-UP K) [1]
Pruned:  0: (PICK-UP K) [1]
Pruned:  0: (PICK-UP K) [1]
Pruned:  0: (PICK-UP K) [1]
Pruned:  0: (PICK-UP K) [1]
Pruned:  0: (PICK-UP K) [1]
Pruned:  0: (PICK-UP K) [1]
Pruned:  0: (PICK-UP K) [1]
Pruned:  0: (PICK-UP K) [1]
Pruned:  0: (PICK-UP K) [1]
Pruned:  0: (PICK-UP K) [1]
Pruned:  0: (PICK-UP K) [1]
Pruned:  0: (PICK-UP K) [1]
Pruned:  0: (PICK-UP K) [1]
Pruned:  0: (PICK-UP K) [1]
Pruned:  0: (PICK-UP K) [1]
Pruned:  0: (PICK-UP K) [1]
Pruned:  0: (PICK-UP K) [1]
Pruned:  0: (PICK-UP K) [1]
Pruned:  0: (PICK-UP K) [1]
Pruned:  0: (PICK-UP K) [1]
Pruned:  0: (PICK-UP K) [1]
Pruned:  0: (PICK-UP K) [1]
Pruned:  0: (PICK-UP K) [1]
Pruned:  0: (PICK-UP K) [1]
Pruned:  0: (PICK-UP K) [1]
Pruned:  0: (PICK-UP K) [1]
Pruned:  0: (PICK-UP K) [1]
Pruned:  0: (PICK-UP K) [1]
Pruned:  0: (PICK-UP K) [1]
Pruned:  0: (PICK-UP K) [1]
Pruned:  0: (PICK-UP K) [1]
Pruned:  0: (PICK-UP K) [1]
Pruned:  0: (PICK-UP K) [1]
Pruned:  0: (PICK-UP K) [1]
Pruned:  0: (PICK-UP K) [1]
Pruned:  0: (PICK-UP K) [1]
Pruned:  0: (PICK-UP K) [1]
Pruned:  0: (PICK-UP K) [1]
Pruned:  0: (PICK-UP K) [1]
Pruned:  0: (PICK-UP K) [1]
Pruned:  0: (PICK-UP K) [1]
Pruned:  0: (PICK-UP K) [1]
Pruned:  0: (PICK-UP K) [1]
Pruned:  0: (PICK-UP K) [1]
Pruned:  0: (PICK-UP K) [1]
Pruned:  0: (PICK-UP K) [1]
Pruned:  0: (PICK-UP K) [1]
Pruned:  0: (PICK-UP K) [1]
Pruned:  0: (PICK-UP K) [1]
Pruned:  0: (PICK-UP K) [1]
Pruned:  0: (PICK-UP K) [1]
Pruned:  0: (PICK-UP K) [1]
Pruned:  0: (PICK-UP K) [1]
Pruned:  0: (PICK-UP K) [1]
Pruned:  0: (PICK-UP K) [1]
Pruned:  0: (PICK-UP K) [1]
Pruned:  0: (PICK-UP K) [1]
Pruned:  0: (PICK-UP K) [1]
Pruned:  0: (PICK-UP K) [1]
Pruned:  0: (PICK-UP K) [1]
Pruned:  0: (PICK-UP K) [1]
Pruned:  0: (PICK-UP K) [1]
Pruned:  0: (PICK-UP K) [1]
Pruned:  0: (PICK-UP K) [1]
Pruned:  0: (PICK-UP K) [1]
Pruned:  0: (PICK-UP K) [1]
Pruned:  0: (PICK-UP K) [1]
Pruned:  0: (PICK-UP K) [1]
Pruned:  0: (PICK-UP K) [1]
Pruned:  0: (PICK-UP K) [1]
Pruned:  0: (PICK-UP K) [1]
Pruned:  0: (PICK-UP K) [1]
Pruned:  0: (PICK-UP K) [1]
Pruned:  0: (PICK-UP K) [1]
Pruned:  0: (PICK-UP K) [1]
Pruned:  0: (PICK-UP K) [1]
Pruned:  0: (PICK-UP K) [1]
Pruned:  0: (PICK-UP K) [1]
Pruned:  0: (PICK-UP K) [1]
Pruned:  0: (PICK-UP K) [1]
Pruned:  0: (PICK-UP K) [1]
Pruned:  0: (PICK-UP K) [1]
Pruned:  0: (PICK-UP K) [1]
Pruned:  0: (PICK-UP K) [1]
Pruned:  0: (PICK-UP K) [1]
Pruned:  0: (PICK-UP K) [1]
Pruned:  0: (PICK-UP K) [1]
Pruned:  0: (PICK-UP K) [1]
Pruned:  0: (PICK-UP K) [1]
Pruned:  0: (PICK-UP K) [1]
Pruned:  0: (PICK-UP K) [1]
Pruned:  0: (PICK-UP K) [1]
Pruned:  0: (PICK-UP K) [1]
Pruned:  0: (PICK-UP K) [1]
Pruned:  0: (PICK-UP K) [1]
Pruned:  0: (PICK-UP K) [1]
Pruned:  0: (PICK-UP K) [1]
Pruned:  0: (PICK-UP K) [1]
Pruned:  0: (PICK-UP K) [1]
Pruned:  0: (PICK-UP K) [1]
Pruned:  0: (PICK-UP K) [1]
Pruned:  0: (PICK-UP K) [1]
Pruned:  0: (PICK-UP K) [1]
Pruned:  0: (PICK-UP K) [1]
Pruned:  0: (PICK-UP K) [1]
Pruned:  0: (PICK-UP K) [1]
Pruned:  0: (PICK-UP K) [1]
Pruned:  0: (PICK-UP K) [1]
Pruned:  0: (PICK-UP K) [1]
Pruned:  0: (PICK-UP K) [1]
Pruned:  0: (PICK-UP K) [1]
Pruned:  0: (PICK-UP K) [1]
Pruned:  0: (PICK-UP K) [1]
Pruned:  0: (PICK-UP K) [1]
Pruned:  0: (PICK-UP K) [1]
Pruned:  0: (PICK-UP K) [1]
Pruned:  0: (PICK-UP K) [1]
Pruned:  0: (PICK-UP K) [1]
Pruned:  0: (PICK-UP K) [1]
Pruned:  0: (PICK-UP K) [1]
Pruned:  0: (PICK-UP K) [1]
Pruned:  0: (PICK-UP K) [1]
Pruned:  0: (PICK-UP K) [1]
Pruned:  0: (PICK-UP K) [1]
Pruned:  0: (PICK-UP K) [1]
Pruned:  0: (PICK-UP K) [1]
Pruned:  0: (PICK-UP K) [1]
Pruned:  0: (PICK-UP K) [1]
Pruned:  0: (PICK-UP K) [1]
Pruned:  0: (PICK-UP K) [1]
Pruned:  0: (PICK-UP K) [1]
Pruned:  0: (PICK-UP K) [1]
Pruned:  0: (PICK-UP K) [1]
Pruned:  0: (PICK-UP K) [1]
Pruned:  0: (PICK-UP K) [1]
Pruned:  0: (PICK-UP K) [1]
Pruned:  0: (PICK-UP K) [1]
Pruned:  0: (PICK-UP K) [1]
Pruned:  0: (PICK-UP K) [1]
Pruned:  0: (PICK-UP K) [1]
Pruned:  0: (PICK-UP K) [1]
Pruned:  0: (PICK-UP K) [1]
Pruned:  0: (PICK-UP K) [1]
Pruned:  0: (PICK-UP K) [1]
Pruned:  0: (PICK-UP K) [1]
Pruned:  0: (PICK-UP K) [1]
Pruned:  0: (PICK-UP K) [1]
Pruned:  0: (PICK-UP K) [1]
Pruned:  0: (PICK-UP K) [1]
Pruned:  0: (PICK-UP K) [1]
Pruned:  0: (PICK-UP K) [1]
Pruned:  0: (PICK-UP K) [1]
Pruned:  0: (PICK-UP K) [1]
Pruned:  0: (PICK-UP K) [1]
Pruned:  0: (PICK-UP K) [1]
Pruned:  0: (PICK-UP K) [1]
Pruned:  0: (PICK-UP K) [1]
Pruned:  0: (PICK-UP K) [1]
Pruned:  0: (PICK-UP K) [1]
Pruned:  0: (PICK-UP K) [1]
Pruned:  0: (PICK-UP K) [1]
Pruned:  0: (PICK-UP K) [1]
Pruned:  0: (PICK-UP K) [1]
Pruned:  0: (PICK-UP K) [1]
Pruned:  0: (PICK-UP K) [1]
Pruned:  0: (PICK-UP K) [1]
Pruned:  0: (PICK-UP K) [1]
Pruned:  0: (PICK-UP K) [1]
Pruned:  0: (PICK-UP K) [1]
Pruned:  0: (PICK-UP K) [1]
Pruned:  0: (PICK-UP K) [1]
Pruned:  0: (PICK-UP K) [1]
Pruned:  0: (PICK-UP K) [1]
Pruned:  0: (PICK-UP K) [1]
Pruned:  0: (PICK-UP K) [1]
Pruned:  0: (PICK-UP K) [1]
Pruned:  0: (PICK-UP K) [1]
Pruned:  0: (PICK-UP K) [1]
Pruned:  0: (PICK-UP K) [1]
Pruned:  0: (PICK-UP K) [1]
Pruned:  0: (PICK-UP K) [1]
Pruned:  0: (PICK-UP K) [1]
Pruned:  0: (PICK-UP K) [1]
Pruned:  0: (PICK-UP K) [1]
Pruned:  0: (PICK-UP K) [1]
Pruned:  0: (PICK-UP K) [1]
Pruned:  0: (PICK-UP K) [1]
Pruned:  0: (PICK-UP K) [1]
Pruned:  0: (PICK-UP K) [1]
Pruned:  0: (PICK-UP K) [1]
Pruned:  0: (PICK-UP K) [1]
Pruned:  0: (PICK-UP K) [1]
Pruned:  0: (PICK-UP K) [1]
Pruned:  0: (PICK-UP K) [1]
Pruned:  0: (PICK-UP K) [1]
Pruned:  0: (PICK-UP K) [1]
Pruned:  0: (PICK-UP K) [1]
Pruned:  0: (PICK-UP K) [1]
Pruned:  0: (PICK-UP K) [1]
Pruned:  0: (PICK-UP K) [1]
Pruned:  0: (PICK-UP K) [1]
Pruned:  0: (PICK-UP K) [1]
Pruned:  0: (PICK-UP K) [1]
Pruned:  0: (PICK-UP K) [1]
Pruned:  0: (PICK-UP K) [1]
Pruned:  0: (PICK-UP K) [1]
Pruned:  0: (PICK-UP K) [1]
Pruned:  0: (PICK-UP K) [1]
Pruned:  0: (PICK-UP K) [1]
Pruned:  0: (PICK-UP K) [1]
Pruned:  0: (PICK-UP K) [1]
Pruned:  0: (PICK-UP K) [1]
Pruned:  0: (PICK-UP K) [1]
Pruned:  0: (PICK-UP K) [1]
Pruned:  0: (PICK-UP K) [1]
Pruned:  0: (PICK-UP K) [1]
Pruned:  0: (PICK-UP K) [1]
Pruned:  0: (PICK-UP K) [1]
Pruned:  0: (PICK-UP K) [1]
Pruned:  0: (PICK-UP K) [1]
Pruned:  0: (PICK-UP K) [1]
Pruned:  0: (PICK-UP K) [1]
Pruned:  0: (PICK-UP K) [1]
Pruned:  0: (PICK-UP K) [1]
Pruned:  0: (PICK-UP K) [1]
Pruned:  0: (PICK-UP K) [1]
Pruned:  0: (PICK-UP K) [1]
Pruned:  0: (PICK-UP K) [1]
Pruned:  0: (PICK-UP K) [1]
Pruned:  0: (PICK-UP K) [1]
Pruned:  0: (PICK-UP K) [1]
Pruned:  0: (PICK-UP K) [1]
Pruned:  0: (PICK-UP K) [1]
Pruned:  0: (PICK-UP K) [1]
Pruned:  0: (PICK-UP K) [1]
Pruned:  0: (PICK-UP K) [1]
Pruned:  0: (PICK-UP K) [1]
Pruned:  0: (PICK-UP K) [1]
Pruned:  0: (PICK-UP K) [1]
Pruned:  0: (PICK-UP K) [1]
Pruned:  0: (PICK-UP K) [1]
Pruned:  0: (PICK-UP K) [1]
Pruned:  0: (PICK-UP K) [1]
Pruned:  0: (PICK-UP K) [1]
Pruned:  0: (PICK-UP K) [1]
Pruned:  0: (PICK-UP K) [1]
Pruned:  0: (PICK-UP K) [1]
Pruned:  0: (PICK-UP K) [1]
Pruned:  0: (PICK-UP K) [1]
Pruned:  0: (PICK-UP K) [1]
Pruned:  0: (PICK-UP K) [1]
Pruned:  0: (PICK-UP K) [1]
Pruned:  0: (PICK-UP K) [1]
Pruned:  0: (PICK-UP K) [1]
Pruned:  0: (PICK-UP K) [1]
Pruned:  0: (PICK-UP K) [1]
Pruned:  0: (PICK-UP K) [1]
Pruned:  0: (PICK-UP K) [1]
Pruned:  0: (PICK-UP K) [1]
Pruned:  0: (PICK-UP K) [1]
Pruned:  0: (PICK-UP K) [1]
Pruned:  0: (PICK-UP K) [1]
Pruned:  0: (PICK-UP K) [1]
Pruned:  0: (PICK-UP K) [1]
Pruned:  0: (PICK-UP K) [1]
Pruned:  0: (PICK-UP K) [1]
Pruned:  0: (PICK-UP K) [1]
Pruned:  0: (PICK-UP K) [1]
Pruned:  0: (PICK-UP K) [1]
Pruned:  0: (PICK-UP K) [1]
Pruned:  0: (PICK-UP K) [1]
Pruned:  0: (PICK-UP K) [1]
Pruned:  0: (PICK-UP K) [1]
Pruned:  0: (PICK-UP K) [1]
Pruned:  0: (PICK-UP K) [1]
Pruned:  0: (PICK-UP K) [1]
Pruned:  0: (PICK-UP K) [1]
Pruned:  0: (PICK-UP K) [1]
Pruned:  0: (PICK-UP K) [1]
Pruned:  0: (PICK-UP K) [1]
Pruned:  0: (PICK-UP K) [1]
Pruned:  0: (PICK-UP K) [1]
Pruned:  0: (PICK-UP K) [1]
Pruned:  0: (PICK-UP K) [1]
Pruned:  0: (PICK-UP K) [1]
Pruned:  0: (PICK-UP K) [1]
Pruned:  0: (PICK-UP K) [1]
Pruned:  0: (PICK-UP K) [1]
Pruned:  0: (PICK-UP K) [1]
Pruned:  0: (PICK-UP K) [1]
Pruned:  0: (PICK-UP K) [1]
Pruned:  0: (PICK-UP K) [1]
Pruned:  0: (PICK-UP K) [1]
Pruned:  0: (PICK-UP K) [1]
Pruned:  0: (PICK-UP K) [1]
Pruned:  0: (PICK-UP K) [1]
Pruned:  0: (PICK-UP K) [1]
Pruned:  0: (PICK-UP K) [1]
Pruned:  0: (PICK-UP K) [1]
Pruned:  0: (PICK-UP K) [1]
Pruned:  0: (PICK-UP K) [1]
Pruned:  0: (PICK-UP K) [1]
Pruned:  0: (PICK-UP K) [1]
Pruned:  0: (PICK-UP K) [1]
Pruned:  0: (PICK-UP K) [1]
Pruned:  0: (PICK-UP K) [1]
Pruned:  0: (PICK-UP K) [1]
Pruned:  0: (PICK-UP K) [1]
Pruned:  0: (PICK-UP K) [1]
Pruned:  0: (PICK-UP K) [1]
Pruned:  0: (PICK-UP K) [1]
Pruned:  0: (PICK-UP K) [1]
Pruned:  0: (PICK-UP K) [1]
Pruned:  0: (PICK-UP K) [1]
Pruned:  0: (PICK-UP K) [1]
Pruned:  0: (PICK-UP K) [1]
Pruned:  0: (PICK-UP K) [1]
Pruned:  0: (PICK-UP K) [1]
Pruned:  0: (PICK-UP K) [1]
Pruned:  0: (PICK-UP K) [1]
Pruned:  0: (PICK-UP K) [1]
Pruned:  0: (PICK-UP K) [1]
Pruned:  0: (PICK-UP K) [1]
Pruned:  0: (PICK-UP K) [1]
Pruned:  0: (PICK-UP K) [1]
Pruned:  0: (PICK-UP K) [1]
Pruned:  0: (PICK-UP K) [1]
Pruned:  0: (PICK-UP K) [1]
Pruned:  0: (PICK-UP K) [1]
Pruned:  0: (PICK-UP K) [1]
Pruned:  0: (PICK-UP K) [1]
Pruned:  0: (PICK-UP K) [1]
Pruned:  0: (PICK-UP K) [1]
Pruned:  0: (PICK-UP K) [1]
Pruned:  0: (PICK-UP K) [1]
Pruned:  0: (PICK-UP K) [1]
Pruned:  0: (PICK-UP K) [1]
Pruned:  0: (PICK-UP K) [1]
Pruned:  0: (PICK-UP K) [1]
Pruned:  0: (PICK-UP K) [1]
Pruned:  0: (PICK-UP K) [1]
Pruned:  0: (PICK-UP K) [1]
Pruned:  0: (PICK-UP K) [1]
Pruned:  0: (PICK-UP K) [1]
Pruned:  0: (PICK-UP K) [1]
Pruned:  0: (PICK-UP K) [1]
Pruned:  0: (PICK-UP K) [1]
Pruned:  0: (PICK-UP K) [1]
Pruned:  0: (PICK-UP K) [1]
Pruned:  0: (PICK-UP K) [1]
Pruned:  0: (PICK-UP K) [1]
Pruned:  0: (PICK-UP K) [1]
Pruned:  0: (PICK-UP K) [1]
Pruned:  0: (PICK-UP K) [1]
Pruned:  0: (PICK-UP K) [1]
Pruned:  0: (PICK-UP K) [1]
Pruned:  0: (PICK-UP K) [1]
Pruned:  0: (PICK-UP K) [1]
Pruned:  0: (PICK-UP K) [1]
Pruned:  0: (PICK-UP K) [1]
Pruned:  0: (PICK-UP K) [1]
Pruned:  0: (PICK-UP K) [1]
Pruned:  0: (PICK-UP K) [1]
Pruned:  0: (PICK-UP K) [1]
Pruned:  0: (PICK-UP K) [1]
Pruned:  0: (PICK-UP K) [1]
Pruned:  0: (PICK-UP K) [1]
Pruned:  0: (PICK-UP K) [1]
Pruned:  0: (PICK-UP K) [1]
Pruned:  0: (PICK-UP K) [1]
Pruned:  0: (PICK-UP K) [1]
Pruned:  0: (PICK-UP K) [1]
Pruned:  0: (PICK-UP K) [1]
Pruned:  0: (PICK-UP K) [1]
Pruned:  0: (PICK-UP K) [1]
Pruned:  0: (PICK-UP K) [1]
Pruned:  0: (PICK-UP K) [1]
Pruned:  0: (PICK-UP K) [1]
Pruned:  0: (PICK-UP K) [1]
Pruned:  0: (PICK-UP K) [1]
Pruned:  0: (PICK-UP K) [1]
Pruned:  0: (PICK-UP K) [1]
Pruned:  0: (PICK-UP K) [1]
Pruned:  0: (PICK-UP K) [1]
Pruned:  0: (PICK-UP K) [1]
Pruned:  0: (PICK-UP K) [1]
Pruned:  0: (PICK-UP K) [1]
Pruned:  0: (PICK-UP K) [1]
Pruned:  0: (PICK-UP K) [1]
Pruned:  0: (PICK-UP K) [1]
Pruned:  0: (PICK-UP K) [1]
Pruned:  0: (PICK-UP K) [1]
Pruned:  0: (PICK-UP K) [1]
Pruned:  0: (PICK-UP K) [1]
Pruned:  0: (PICK-UP K) [1]
Pruned:  0: (PICK-UP K) [1]
Pruned:  0: (PICK-UP K) [1]
Pruned:  0: (PICK-UP K) [1]
Pruned:  0: (PICK-UP K) [1]
Pruned:  0: (PICK-UP K) [1]
Pruned:  0: (PICK-UP K) [1]
Pruned:  0: (PICK-UP K) [1]
Pruned:  0: (PICK-UP K) [1]
Pruned:  0: (PICK-UP K) [1]
Pruned:  0: (PICK-UP K) [1]
Pruned:  0: (PICK-UP K) [1]
Pruned:  0: (PICK-UP K) [1]
Pruned:  0: (PICK-UP K) [1]
Pruned:  0: (PICK-UP K) [1]
Pruned:  0: (PICK-UP K) [1]
Pruned:  0: (PICK-UP K) [1]
Pruned:  0: (PICK-UP K) [1]
Pruned:  0: (PICK-UP K) [1]
Pruned:  0: (PICK-UP K) [1]
Pruned:  0: (PICK-UP K) [1]
Pruned:  0: (PICK-UP K) [1]
Pruned:  0: (PICK-UP K) [1]
Pruned:  0: (PICK-UP K) [1]
Pruned:  0: (PICK-UP K) [1]
Pruned:  0: (PICK-UP K) [1]
Pruned:  0: (PICK-UP K) [1]
Pruned:  0: (PICK-UP K) [1]
Pruned:  0: (PICK-UP K) [1]
Pruned:  0: (PICK-UP K) [1]
Pruned:  0: (PICK-UP K) [1]
Pruned:  0: (PICK-UP K) [1]
Pruned:  0: (PICK-UP K) [1]
Pruned:  0: (PICK-UP K) [1]
Pruned:  0: (PICK-UP K) [1]
Pruned:  0: (PICK-UP K) [1]
Pruned:  0: (PICK-UP K) [1]
Pruned:  0: (PICK-UP K) [1]
Pruned:  0: (PICK-UP K) [1]
Pruned:  0: (PICK-UP K) [1]
Pruned:  0: (PICK-UP K) [1]
Pruned:  0: (PICK-UP K) [1]
Pruned:  0: (PICK-UP K) [1]
Pruned:  0: (PICK-UP K) [1]
Pruned:  0: (PICK-UP K) [1]
Pruned:  0: (PICK-UP K) [1]
Pruned:  0: (PICK-UP K) [1]
Pruned:  0: (PICK-UP K) [1]
Pruned:  0: (PICK-UP K) [1]
Pruned:  0: (PICK-UP K) [1]
Pruned:  0: (PICK-UP K) [1]
Pruned:  0: (PICK-UP K) [1]
Pruned:  0: (PICK-UP K) [1]
Pruned:  0: (PICK-UP K) [1]
Pruned:  0: (PICK-UP K) [1]
Pruned:  0: (PICK-UP K) [1]
Pruned:  0: (PICK-UP K) [1]
Pruned:  0: (PICK-UP K) [1]
Pruned:  0: (PICK-UP K) [1]
Pruned:  0: (PICK-UP K) [1]
Pruned:  0: (PICK-UP K) [1]
Pruned:  0: (PICK-UP K) [1]
Pruned:  0: (PICK-UP K) [1]
Pruned:  0: (PICK-UP K) [1]
Pruned:  0: (PICK-UP K) [1]
Pruned:  0: (PICK-UP K) [1]
Pruned:  0: (PICK-UP K) [1]
Pruned:  0: (PICK-UP K) [1]
Pruned:  0: (PICK-UP K) [1]
Pruned:  0: (PICK-UP K) [1]
Pruned:  0: (PICK-UP K) [1]
Pruned:  0: (PICK-UP K) [1]
Pruned:  0: (PICK-UP K) [1]
Pruned:  0: (PICK-UP K) [1]
Pruned:  0: (PICK-UP K) [1]
Pruned:  0: (PICK-UP K) [1]
Pruned:  0: (PICK-UP K) [1]
Pruned:  0: (PICK-UP K) [1]
Pruned:  0: (PICK-UP K) [1]
Pruned:  0: (PICK-UP K) [1]
Pruned:  0: (PICK-UP K) [1]
Pruned:  0: (PICK-UP K) [1]
Pruned:  0: (PICK-UP K) [1]
Pruned:  0: (PICK-UP K) [1]
Pruned:  0: (PICK-UP K) [1]
Pruned:  0: (PICK-UP K) [1]
Pruned:  0: (PICK-UP K) [1]
Pruned:  0: (PICK-UP K) [1]
Pruned:  0: (PICK-UP K) [1]
Pruned:  0: (PICK-UP K) [1]
Pruned:  0: (PICK-UP K) [1]
Pruned:  0: (PICK-UP K) [1]
Pruned:  0: (PICK-UP K) [1]
Pruned:  0: (PICK-UP K) [1]
Pruned:  0: (PICK-UP K) [1]
Pruned:  0: (PICK-UP K) [1]
Pruned:  0: (PICK-UP K) [1]
Pruned:  0: (PICK-UP K) [1]
Pruned:  0: (PICK-UP K) [1]
Pruned:  0: (PICK-UP K) [1]
Pruned:  0: (PICK-UP K) [1]
Pruned:  0: (PICK-UP K) [1]
Pruned:  0: (PICK-UP K) [1]
Pruned:  0: (PICK-UP K) [1]
Pruned:  0: (PICK-UP K) [1]
Pruned:  0: (PICK-UP K) [1]
Pruned:  0: (PICK-UP K) [1]
Pruned:  0: (PICK-UP K) [1]
Pruned:  0: (PICK-UP K) [1]
Pruned:  0: (PICK-UP K) [1]
Pruned:  0: (PICK-UP K) [1]
Pruned:  0: (PICK-UP K) [1]
Pruned:  0: (PICK-UP K) [1]
Pruned:  0: (PICK-UP K) [1]
Pruned:  0: (PICK-UP K) [1]
Pruned:  0: (PICK-UP K) [1]
Pruned:  0: (PICK-UP K) [1]
Pruned:  0: (PICK-UP K) [1]
Pruned:  0: (PICK-UP K) [1]
Pruned:  0: (PICK-UP K) [1]
Pruned:  0: (PICK-UP K) [1]
Pruned:  0: (PICK-UP K) [1]
Pruned:  0: (PICK-UP K) [1]
Pruned:  0: (PICK-UP K) [1]
Pruned:  0: (PICK-UP K) [1]
Pruned:  0: (PICK-UP K) [1]
Pruned:  0: (PICK-UP K) [1]
Pruned:  0: (PICK-UP K) [1]
Pruned:  0: (PICK-UP K) [1]
Pruned:  0: (PICK-UP K) [1]
Pruned:  0: (PICK-UP K) [1]
Pruned:  0: (PICK-UP K) [1]
Pruned:  0: (PICK-UP K) [1]
Pruned:  0: (PICK-UP K) [1]
Pruned:  0: (PICK-UP K) [1]
Pruned:  0: (PICK-UP K) [1]
Pruned:  0: (PICK-UP K) [1]
Pruned:  0: (PICK-UP K) [1]
Pruned:  0: (PICK-UP K) [1]
Pruned:  0: (PICK-UP K) [1]
Pruned:  0: (PICK-UP K) [1]
Pruned:  0: (PICK-UP K) [1]
Pruned:  0: (PICK-UP K) [1]
Pruned:  0: (PICK-UP K) [1]
Pruned:  0: (PICK-UP K) [1]
Pruned:  0: (PICK-UP K) [1]
Pruned:  0: (PICK-UP K) [1]
Pruned:  0: (PICK-UP K) [1]
Pruned:  0: (PICK-UP K) [1]
Pruned:  0: (PICK-UP K) [1]
Pruned:  0: (PICK-UP K) [1]
Pruned:  0: (PICK-UP K) [1]
Pruned:  0: (PICK-UP K) [1]
Pruned:  0: (PICK-UP K) [1]
Pruned:  0: (PICK-UP K) [1]
Pruned:  0: (PICK-UP K) [1]
Pruned:  0: (PICK-UP K) [1]
Pruned:  0: (PICK-UP K) [1]
Pruned:  0: (PICK-UP K) [1]
Pruned:  0: (PICK-UP K) [1]
Pruned:  0: (PICK-UP K) [1]
Pruned:  0: (PICK-UP K) [1]
Pruned:  0: (PICK-UP K) [1]
Pruned:  0: (PICK-UP K) [1]
Pruned:  0: (PICK-UP K) [1]
Pruned:  0: (PICK-UP K) [1]
Pruned:  0: (PICK-UP K) [1]
Pruned:  0: (PICK-UP K) [1]
Pruned:  0: (PICK-UP K) [1]
Pruned:  0: (PICK-UP K) [1]
Pruned:  0: (PICK-UP K) [1]
Pruned:  0: (PICK-UP K) [1]
Pruned:  0: (PICK-UP K) [1]
Pruned:  0: (PICK-UP K) [1]
Pruned:  0: (PICK-UP K) [1]
Pruned:  0: (PICK-UP K) [1]
Pruned:  0: (PICK-UP K) [1]
Pruned:  0: (PICK-UP K) [1]
Pruned:  0: (PICK-UP K) [1]
Pruned:  0: (PICK-UP K) [1]
Pruned:  0: (PICK-UP K) [1]
Pruned:  0: (PICK-UP K) [1]
Pruned:  0: (PICK-UP K) [1]
Pruned:  0: (PICK-UP K) [1]
Pruned:  0: (PICK-UP K) [1]
Pruned:  0: (PICK-UP K) [1]
Pruned:  0: (PICK-UP K) [1]
Pruned:  0: (PICK-UP K) [1]
Pruned:  0: (PICK-UP K) [1]
Pruned:  0: (PICK-UP K) [1]
Pruned:  0: (PICK-UP K) [1]
Pruned:  0: (PICK-UP K) [1]
Pruned:  0: (PICK-UP K) [1]
Pruned:  0: (PICK-UP K) [1]
---SatPlan Version: 1.1
***SAT!***

Solved in 54 layers

Real Time: = 32.77
User Time: = 26.2
Syst Time: = 4.38

__MEMKB 126976
