---SatPlan Version: 1.1

bb: parsing domain file
domain 'BLOCKS' defined
 ... done.
bb: parsing problem file
problem 'BLOCKS-11-1' defined
 ... done.


time:   0,    16 facts and       0 exclusive pairs
              20 ops   and      18 exclusive pairs
time:   1,    24 facts and      48 exclusive pairs

creating thin gp-based encoding...
plan graph layer 0...
plan graph layer 1...
goal constraints...

goal fact not coded - level too low??


bb: parsing domain file
domain 'BLOCKS' defined
 ... done.
bb: parsing problem file
problem 'BLOCKS-11-1' defined
 ... done.


time:   0,    16 facts and       0 exclusive pairs
              20 ops   and      18 exclusive pairs
time:   1,    24 facts and      48 exclusive pairs
              48 ops   and     584 exclusive pairs
time:   2,    40 facts and     300 exclusive pairs

creating thin gp-based encoding...
plan graph layer 0...
plan graph layer 1...
plan graph layer 2...
goal constraints...

goal fact not coded - level too low??


bb: parsing domain file
domain 'BLOCKS' defined
 ... done.
bb: parsing problem file
problem 'BLOCKS-11-1' defined
 ... done.


time:   0,    16 facts and       0 exclusive pairs
              20 ops   and      18 exclusive pairs
time:   1,    24 facts and      48 exclusive pairs
              48 ops   and     584 exclusive pairs
time:   2,    40 facts and     300 exclusive pairs
              84 ops   and    2362 exclusive pairs
time:   3,    47 facts and     389 exclusive pairs

creating thin gp-based encoding...
plan graph layer 0...
plan graph layer 1...
plan graph layer 2...
plan graph layer 3...
goal constraints...

goal fact not coded - level too low??


bb: parsing domain file
domain 'BLOCKS' defined
 ... done.
bb: parsing problem file
problem 'BLOCKS-11-1' defined
 ... done.


time:   0,    16 facts and       0 exclusive pairs
              20 ops   and      18 exclusive pairs
time:   1,    24 facts and      48 exclusive pairs
              48 ops   and     584 exclusive pairs
time:   2,    40 facts and     300 exclusive pairs
              84 ops   and    2362 exclusive pairs
time:   3,    47 facts and     389 exclusive pairs
             126 ops   and    5597 exclusive pairs
time:   4,    78 facts and    1495 exclusive pairs

creating thin gp-based encoding...
plan graph layer 0...
plan graph layer 1...
plan graph layer 2...
plan graph layer 3...
plan graph layer 4...
goal constraints...

goal fact not coded - level too low??


bb: parsing domain file
domain 'BLOCKS' defined
 ... done.
bb: parsing problem file
problem 'BLOCKS-11-1' defined
 ... done.


time:   0,    16 facts and       0 exclusive pairs
              20 ops   and      18 exclusive pairs
time:   1,    24 facts and      48 exclusive pairs
              48 ops   and     584 exclusive pairs
time:   2,    40 facts and     300 exclusive pairs
              84 ops   and    2362 exclusive pairs
time:   3,    47 facts and     389 exclusive pairs
             126 ops   and    5597 exclusive pairs
time:   4,    78 facts and    1495 exclusive pairs
             203 ops   and   15686 exclusive pairs
time:   5,    93 facts and    1879 exclusive pairs

creating thin gp-based encoding...
plan graph layer 0...
plan graph layer 1...
plan graph layer 2...
plan graph layer 3...
plan graph layer 4...
plan graph layer 5...
goal constraints...

goal fact not coded - level too low??


bb: parsing domain file
domain 'BLOCKS' defined
 ... done.
bb: parsing problem file
problem 'BLOCKS-11-1' defined
 ... done.


time:   0,    16 facts and       0 exclusive pairs
              20 ops   and      18 exclusive pairs
time:   1,    24 facts and      48 exclusive pairs
              48 ops   and     584 exclusive pairs
time:   2,    40 facts and     300 exclusive pairs
              84 ops   and    2362 exclusive pairs
time:   3,    47 facts and     389 exclusive pairs
             126 ops   and    5597 exclusive pairs
time:   4,    78 facts and    1495 exclusive pairs
             203 ops   and   15686 exclusive pairs
time:   5,    93 facts and    1879 exclusive pairs
             278 ops   and   28889 exclusive pairs
time:   6,   138 facts and    4711 exclusive pairs

creating thin gp-based encoding...
plan graph layer 0...
plan graph layer 1...
plan graph layer 2...
plan graph layer 3...
plan graph layer 4...
plan graph layer 5...
plan graph layer 6...
goal constraints...

goal fact not coded - level too low??


bb: parsing domain file
domain 'BLOCKS' defined
 ... done.
bb: parsing problem file
problem 'BLOCKS-11-1' defined
 ... done.


time:   0,    16 facts and       0 exclusive pairs
              20 ops   and      18 exclusive pairs
time:   1,    24 facts and      48 exclusive pairs
              48 ops   and     584 exclusive pairs
time:   2,    40 facts and     300 exclusive pairs
              84 ops   and    2362 exclusive pairs
time:   3,    47 facts and     389 exclusive pairs
             126 ops   and    5597 exclusive pairs
time:   4,    78 facts and    1495 exclusive pairs
             203 ops   and   15686 exclusive pairs
time:   5,    93 facts and    1879 exclusive pairs
             278 ops   and   28889 exclusive pairs
time:   6,   138 facts and    4711 exclusive pairs
             374 ops   and   52079 exclusive pairs
time:   7,   144 facts and    3559 exclusive pairs

creating thin gp-based encoding...
plan graph layer 0...
plan graph layer 1...
plan graph layer 2...
plan graph layer 3...
plan graph layer 4...
plan graph layer 5...
plan graph layer 6...
plan graph layer 7...
goal constraints...
exclusion constraints layer 0...
exclusion constraints layer 1...
exclusion constraints layer 2...
exclusion constraints layer 3...
exclusion constraints layer 4...
exclusion constraints layer 5...
exclusion constraints layer 6...
exclusion constraints layer 7...

DECISION LAYER 7, WRITING THIN GP-BASED ENCODING WITH 1713 VARS, 61532 CLAUSES.

time spent:    0.00 seconds instantiating 264 action templates
               0.00 seconds reachability analysis, yielding 155 facts and 264 actions
               0.00 seconds collecting 155 relevant facts
               0.00 seconds building connectivity graph
               0.00 seconds building (std) graph
               0.01 seconds CNF output time
               0.01 seconds total planner time (solving not included)


***Solving***


[ filemap ]
[ extract ]

variables : 1713
pure lits : 150

1-clauses : 10
2-clauses : 61122
3-clauses : 313
n-clauses : 87
discarded : 0

[ solve ]


unsatisfiable                             

[ stats ]

decisions : 0
conflicts : 1
time : ~0.01

***UNSAT***


bb: parsing domain file
domain 'BLOCKS' defined
 ... done.
bb: parsing problem file
problem 'BLOCKS-11-1' defined
 ... done.


time:   0,    16 facts and       0 exclusive pairs
              20 ops   and      18 exclusive pairs
time:   1,    24 facts and      48 exclusive pairs
              48 ops   and     584 exclusive pairs
time:   2,    40 facts and     300 exclusive pairs
              84 ops   and    2362 exclusive pairs
time:   3,    47 facts and     389 exclusive pairs
             126 ops   and    5597 exclusive pairs
time:   4,    78 facts and    1495 exclusive pairs
             203 ops   and   15686 exclusive pairs
time:   5,    93 facts and    1879 exclusive pairs
             278 ops   and   28889 exclusive pairs
time:   6,   138 facts and    4711 exclusive pairs
             374 ops   and   52079 exclusive pairs
time:   7,   144 facts and    3559 exclusive pairs
             386 ops   and   47468 exclusive pairs
time:   8,   144 facts and    1909 exclusive pairs

creating thin gp-based encoding...
plan graph layer 0...
plan graph layer 1...
plan graph layer 2...
plan graph layer 3...
plan graph layer 4...
plan graph layer 5...
plan graph layer 6...
plan graph layer 7...
plan graph layer 8...
goal constraints...
exclusion constraints layer 0...
exclusion constraints layer 1...
exclusion constraints layer 2...
exclusion constraints layer 3...
exclusion constraints layer 4...
exclusion constraints layer 5...
exclusion constraints layer 6...
exclusion constraints layer 7...
exclusion constraints layer 8...

DECISION LAYER 8, WRITING THIN GP-BASED ENCODING WITH 2243 VARS, 89073 CLAUSES.

time spent:    0.00 seconds instantiating 264 action templates
               0.00 seconds reachability analysis, yielding 155 facts and 264 actions
               0.00 seconds collecting 155 relevant facts
               0.00 seconds building connectivity graph
               0.00 seconds building (std) graph
               0.01 seconds CNF output time
               0.01 seconds total planner time (solving not included)


***Solving***


[ filemap ]
[ extract ]

variables : 2243
pure lits : 150

1-clauses : 10
2-clauses : 88519
3-clauses : 434
n-clauses : 110
discarded : 0

[ solve ]


unsatisfiable                             

[ stats ]

decisions : 0
conflicts : 1
time : ~0.01

***UNSAT***


bb: parsing domain file
domain 'BLOCKS' defined
 ... done.
bb: parsing problem file
problem 'BLOCKS-11-1' defined
 ... done.


time:   0,    16 facts and       0 exclusive pairs
              20 ops   and      18 exclusive pairs
time:   1,    24 facts and      48 exclusive pairs
              48 ops   and     584 exclusive pairs
time:   2,    40 facts and     300 exclusive pairs
              84 ops   and    2362 exclusive pairs
time:   3,    47 facts and     389 exclusive pairs
             126 ops   and    5597 exclusive pairs
time:   4,    78 facts and    1495 exclusive pairs
             203 ops   and   15686 exclusive pairs
time:   5,    93 facts and    1879 exclusive pairs
             278 ops   and   28889 exclusive pairs
time:   6,   138 facts and    4711 exclusive pairs
             374 ops   and   52079 exclusive pairs
time:   7,   144 facts and    3559 exclusive pairs
             386 ops   and   47468 exclusive pairs
time:   8,   144 facts and    1909 exclusive pairs
             386 ops   and   42107 exclusive pairs
time:   9,   144 facts and    1579 exclusive pairs

creating thin gp-based encoding...
plan graph layer 0...
plan graph layer 1...
plan graph layer 2...
plan graph layer 3...
plan graph layer 4...
plan graph layer 5...
plan graph layer 6...
plan graph layer 7...
plan graph layer 8...
plan graph layer 9...
goal constraints...
exclusion constraints layer 0...
exclusion constraints layer 1...
exclusion constraints layer 2...
exclusion constraints layer 3...
exclusion constraints layer 4...
exclusion constraints layer 5...
exclusion constraints layer 6...
exclusion constraints layer 7...
exclusion constraints layer 8...
exclusion constraints layer 9...

DECISION LAYER 9, WRITING THIN GP-BASED ENCODING WITH 2773 VARS, 116284 CLAUSES.

time spent:    0.00 seconds instantiating 264 action templates
               0.00 seconds reachability analysis, yielding 155 facts and 264 actions
               0.00 seconds collecting 155 relevant facts
               0.00 seconds building connectivity graph
               0.00 seconds building (std) graph
               0.02 seconds CNF output time
               0.02 seconds total planner time (solving not included)


***Solving***


[ filemap ]
[ extract ]

variables : 2773
pure lits : 150

1-clauses : 10
2-clauses : 115586
3-clauses : 555
n-clauses : 133
discarded : 0

[ solve ]


unsatisfiable                             

[ stats ]

decisions : 166
conflicts : 2
time : ~0.01

***UNSAT***


bb: parsing domain file
domain 'BLOCKS' defined
 ... done.
bb: parsing problem file
problem 'BLOCKS-11-1' defined
 ... done.


time:   0,    16 facts and       0 exclusive pairs
              20 ops   and      18 exclusive pairs
time:   1,    24 facts and      48 exclusive pairs
              48 ops   and     584 exclusive pairs
time:   2,    40 facts and     300 exclusive pairs
              84 ops   and    2362 exclusive pairs
time:   3,    47 facts and     389 exclusive pairs
             126 ops   and    5597 exclusive pairs
time:   4,    78 facts and    1495 exclusive pairs
             203 ops   and   15686 exclusive pairs
time:   5,    93 facts and    1879 exclusive pairs
             278 ops   and   28889 exclusive pairs
time:   6,   138 facts and    4711 exclusive pairs
             374 ops   and   52079 exclusive pairs
time:   7,   144 facts and    3559 exclusive pairs
             386 ops   and   47468 exclusive pairs
time:   8,   144 facts and    1909 exclusive pairs
             386 ops   and   42107 exclusive pairs
time:   9,   144 facts and    1579 exclusive pairs
             386 ops   and   41174 exclusive pairs
time:  10,   144 facts and    1573 exclusive pairs

creating thin gp-based encoding...
plan graph layer 0...
plan graph layer 1...
plan graph layer 2...
plan graph layer 3...
plan graph layer 4...
plan graph layer 5...
plan graph layer 6...
plan graph layer 7...
plan graph layer 8...
plan graph layer 9...
plan graph layer 10...
goal constraints...
exclusion constraints layer 0...
exclusion constraints layer 1...
exclusion constraints layer 2...
exclusion constraints layer 3...
exclusion constraints layer 4...
exclusion constraints layer 5...
exclusion constraints layer 6...
exclusion constraints layer 7...
exclusion constraints layer 8...
exclusion constraints layer 9...
exclusion constraints layer 10...

DECISION LAYER 10, WRITING THIN GP-BASED ENCODING WITH 3303 VARS, 143489 CLAUSES.

time spent:    0.00 seconds instantiating 264 action templates
               0.00 seconds reachability analysis, yielding 155 facts and 264 actions
               0.00 seconds collecting 155 relevant facts
               0.00 seconds building connectivity graph
               0.00 seconds building (std) graph
               0.02 seconds CNF output time
               0.02 seconds total planner time (solving not included)


***Solving***


[ filemap ]
[ extract ]

variables : 3303
pure lits : 150

1-clauses : 10
2-clauses : 142647
3-clauses : 676
n-clauses : 156
discarded : 0

[ solve ]


unsatisfiable                             

[ stats ]

decisions : 179
conflicts : 17
time : ~0.01

***UNSAT***


bb: parsing domain file
domain 'BLOCKS' defined
 ... done.
bb: parsing problem file
problem 'BLOCKS-11-1' defined
 ... done.


time:   0,    16 facts and       0 exclusive pairs
              20 ops   and      18 exclusive pairs
time:   1,    24 facts and      48 exclusive pairs
              48 ops   and     584 exclusive pairs
time:   2,    40 facts and     300 exclusive pairs
              84 ops   and    2362 exclusive pairs
time:   3,    47 facts and     389 exclusive pairs
             126 ops   and    5597 exclusive pairs
time:   4,    78 facts and    1495 exclusive pairs
             203 ops   and   15686 exclusive pairs
time:   5,    93 facts and    1879 exclusive pairs
             278 ops   and   28889 exclusive pairs
time:   6,   138 facts and    4711 exclusive pairs
             374 ops   and   52079 exclusive pairs
time:   7,   144 facts and    3559 exclusive pairs
             386 ops   and   47468 exclusive pairs
time:   8,   144 facts and    1909 exclusive pairs
             386 ops   and   42107 exclusive pairs
time:   9,   144 facts and    1579 exclusive pairs
             386 ops   and   41174 exclusive pairs
time:  10,   144 facts and    1573 exclusive pairs
graph has leveled off at time step 11


             386 ops   and   41162 exclusive pairs
time:  11,   144 facts and    1573 exclusive pairs

creating thin gp-based encoding...
plan graph layer 0...
plan graph layer 1...
plan graph layer 2...
plan graph layer 3...
plan graph layer 4...
plan graph layer 5...
plan graph layer 6...
plan graph layer 7...
plan graph layer 8...
plan graph layer 9...
plan graph layer 10...
plan graph layer 11...
goal constraints...
exclusion constraints layer 0...
exclusion constraints layer 1...
exclusion constraints layer 2...
exclusion constraints layer 3...
exclusion constraints layer 4...
exclusion constraints layer 5...
exclusion constraints layer 6...
exclusion constraints layer 7...
exclusion constraints layer 8...
exclusion constraints layer 9...
exclusion constraints layer 10...
exclusion constraints layer 11...

DECISION LAYER 11, WRITING THIN GP-BASED ENCODING WITH 3833 VARS, 170694 CLAUSES.

time spent:    0.00 seconds instantiating 264 action templates
               0.00 seconds reachability analysis, yielding 155 facts and 264 actions
               0.00 seconds collecting 155 relevant facts
               0.00 seconds building connectivity graph
               0.00 seconds building (std) graph
               0.03 seconds CNF output time
               0.03 seconds total planner time (solving not included)


***Solving***


[ filemap ]
[ extract ]

variables : 3833
pure lits : 150

1-clauses : 10
2-clauses : 169708
3-clauses : 797
n-clauses : 179
discarded : 0

[ solve ]


unsatisfiable                             

[ stats ]

decisions : 702
conflicts : 16
time : ~0.01

***UNSAT***


bb: parsing domain file
domain 'BLOCKS' defined
 ... done.
bb: parsing problem file
problem 'BLOCKS-11-1' defined
 ... done.


time:   0,    16 facts and       0 exclusive pairs
              20 ops   and      18 exclusive pairs
time:   1,    24 facts and      48 exclusive pairs
              48 ops   and     584 exclusive pairs
time:   2,    40 facts and     300 exclusive pairs
              84 ops   and    2362 exclusive pairs
time:   3,    47 facts and     389 exclusive pairs
             126 ops   and    5597 exclusive pairs
time:   4,    78 facts and    1495 exclusive pairs
             203 ops   and   15686 exclusive pairs
time:   5,    93 facts and    1879 exclusive pairs
             278 ops   and   28889 exclusive pairs
time:   6,   138 facts and    4711 exclusive pairs
             374 ops   and   52079 exclusive pairs
time:   7,   144 facts and    3559 exclusive pairs
             386 ops   and   47468 exclusive pairs
time:   8,   144 facts and    1909 exclusive pairs
             386 ops   and   42107 exclusive pairs
time:   9,   144 facts and    1579 exclusive pairs
             386 ops   and   41174 exclusive pairs
time:  10,   144 facts and    1573 exclusive pairs
graph has leveled off at time step 11


             386 ops   and   41162 exclusive pairs
time:  11,   144 facts and    1573 exclusive pairs
             386 ops   and   41162 exclusive pairs
time:  12,   144 facts and    1573 exclusive pairs

creating thin gp-based encoding...
plan graph layer 0...
plan graph layer 1...
plan graph layer 2...
plan graph layer 3...
plan graph layer 4...
plan graph layer 5...
plan graph layer 6...
plan graph layer 7...
plan graph layer 8...
plan graph layer 9...
plan graph layer 10...
plan graph layer 11...
plan graph layer 12...
goal constraints...
exclusion constraints layer 0...
exclusion constraints layer 1...
exclusion constraints layer 2...
exclusion constraints layer 3...
exclusion constraints layer 4...
exclusion constraints layer 5...
exclusion constraints layer 6...
exclusion constraints layer 7...
exclusion constraints layer 8...
exclusion constraints layer 9...
exclusion constraints layer 10...
exclusion constraints layer 11...
exclusion constraints layer 12...

DECISION LAYER 12, WRITING THIN GP-BASED ENCODING WITH 4363 VARS, 197899 CLAUSES.

time spent:    0.00 seconds instantiating 264 action templates
               0.00 seconds reachability analysis, yielding 155 facts and 264 actions
               0.00 seconds collecting 155 relevant facts
               0.00 seconds building connectivity graph
               0.00 seconds building (std) graph
               0.04 seconds CNF output time
               0.04 seconds total planner time (solving not included)


***Solving***


[ filemap ]
[ extract ]

variables : 4363
pure lits : 150

1-clauses : 10
2-clauses : 196769
3-clauses : 918
n-clauses : 202
discarded : 0

[ solve ]


unsatisfiable                             

[ stats ]

decisions : 354
conflicts : 34
time : ~0.01

***UNSAT***


bb: parsing domain file
domain 'BLOCKS' defined
 ... done.
bb: parsing problem file
problem 'BLOCKS-11-1' defined
 ... done.


time:   0,    16 facts and       0 exclusive pairs
              20 ops   and      18 exclusive pairs
time:   1,    24 facts and      48 exclusive pairs
              48 ops   and     584 exclusive pairs
time:   2,    40 facts and     300 exclusive pairs
              84 ops   and    2362 exclusive pairs
time:   3,    47 facts and     389 exclusive pairs
             126 ops   and    5597 exclusive pairs
time:   4,    78 facts and    1495 exclusive pairs
             203 ops   and   15686 exclusive pairs
time:   5,    93 facts and    1879 exclusive pairs
             278 ops   and   28889 exclusive pairs
time:   6,   138 facts and    4711 exclusive pairs
             374 ops   and   52079 exclusive pairs
time:   7,   144 facts and    3559 exclusive pairs
             386 ops   and   47468 exclusive pairs
time:   8,   144 facts and    1909 exclusive pairs
             386 ops   and   42107 exclusive pairs
time:   9,   144 facts and    1579 exclusive pairs
             386 ops   and   41174 exclusive pairs
time:  10,   144 facts and    1573 exclusive pairs
graph has leveled off at time step 11


             386 ops   and   41162 exclusive pairs
time:  11,   144 facts and    1573 exclusive pairs
             386 ops   and   41162 exclusive pairs
time:  12,   144 facts and    1573 exclusive pairs
             386 ops   and   41162 exclusive pairs
time:  13,   144 facts and    1573 exclusive pairs

creating thin gp-based encoding...
plan graph layer 0...
plan graph layer 1...
plan graph layer 2...
plan graph layer 3...
plan graph layer 4...
plan graph layer 5...
plan graph layer 6...
plan graph layer 7...
plan graph layer 8...
plan graph layer 9...
plan graph layer 10...
plan graph layer 11...
plan graph layer 12...
plan graph layer 13...
goal constraints...
exclusion constraints layer 0...
exclusion constraints layer 1...
exclusion constraints layer 2...
exclusion constraints layer 3...
exclusion constraints layer 4...
exclusion constraints layer 5...
exclusion constraints layer 6...
exclusion constraints layer 7...
exclusion constraints layer 8...
exclusion constraints layer 9...
exclusion constraints layer 10...
exclusion constraints layer 11...
exclusion constraints layer 12...
exclusion constraints layer 13...

DECISION LAYER 13, WRITING THIN GP-BASED ENCODING WITH 4893 VARS, 225104 CLAUSES.

time spent:    0.00 seconds instantiating 264 action templates
               0.00 seconds reachability analysis, yielding 155 facts and 264 actions
               0.00 seconds collecting 155 relevant facts
               0.00 seconds building connectivity graph
               0.00 seconds building (std) graph
               0.04 seconds CNF output time
               0.04 seconds total planner time (solving not included)


***Solving***


[ filemap ]
[ extract ]

variables : 4893
pure lits : 150

1-clauses : 10
2-clauses : 223830
3-clauses : 1039
n-clauses : 225
discarded : 0

[ solve ]


unsatisfiable                             

[ stats ]

decisions : 610
conflicts : 57
time : ~0.01

***UNSAT***


bb: parsing domain file
domain 'BLOCKS' defined
 ... done.
bb: parsing problem file
problem 'BLOCKS-11-1' defined
 ... done.


time:   0,    16 facts and       0 exclusive pairs
              20 ops   and      18 exclusive pairs
time:   1,    24 facts and      48 exclusive pairs
              48 ops   and     584 exclusive pairs
time:   2,    40 facts and     300 exclusive pairs
              84 ops   and    2362 exclusive pairs
time:   3,    47 facts and     389 exclusive pairs
             126 ops   and    5597 exclusive pairs
time:   4,    78 facts and    1495 exclusive pairs
             203 ops   and   15686 exclusive pairs
time:   5,    93 facts and    1879 exclusive pairs
             278 ops   and   28889 exclusive pairs
time:   6,   138 facts and    4711 exclusive pairs
             374 ops   and   52079 exclusive pairs
time:   7,   144 facts and    3559 exclusive pairs
             386 ops   and   47468 exclusive pairs
time:   8,   144 facts and    1909 exclusive pairs
             386 ops   and   42107 exclusive pairs
time:   9,   144 facts and    1579 exclusive pairs
             386 ops   and   41174 exclusive pairs
time:  10,   144 facts and    1573 exclusive pairs
graph has leveled off at time step 11


             386 ops   and   41162 exclusive pairs
time:  11,   144 facts and    1573 exclusive pairs
             386 ops   and   41162 exclusive pairs
time:  12,   144 facts and    1573 exclusive pairs
             386 ops   and   41162 exclusive pairs
time:  13,   144 facts and    1573 exclusive pairs
             386 ops   and   41162 exclusive pairs
time:  14,   144 facts and    1573 exclusive pairs

creating thin gp-based encoding...
plan graph layer 0...
plan graph layer 1...
plan graph layer 2...
plan graph layer 3...
plan graph layer 4...
plan graph layer 5...
plan graph layer 6...
plan graph layer 7...
plan graph layer 8...
plan graph layer 9...
plan graph layer 10...
plan graph layer 11...
plan graph layer 12...
plan graph layer 13...
plan graph layer 14...
goal constraints...
exclusion constraints layer 0...
exclusion constraints layer 1...
exclusion constraints layer 2...
exclusion constraints layer 3...
exclusion constraints layer 4...
exclusion constraints layer 5...
exclusion constraints layer 6...
exclusion constraints layer 7...
exclusion constraints layer 8...
exclusion constraints layer 9...
exclusion constraints layer 10...
exclusion constraints layer 11...
exclusion constraints layer 12...
exclusion constraints layer 13...
exclusion constraints layer 14...

DECISION LAYER 14, WRITING THIN GP-BASED ENCODING WITH 5423 VARS, 252309 CLAUSES.

time spent:    0.00 seconds instantiating 264 action templates
               0.00 seconds reachability analysis, yielding 155 facts and 264 actions
               0.00 seconds collecting 155 relevant facts
               0.00 seconds building connectivity graph
               0.00 seconds building (std) graph
               0.04 seconds CNF output time
               0.04 seconds total planner time (solving not included)


***Solving***


[ filemap ]
[ extract ]

variables : 5423
pure lits : 150

1-clauses : 10
2-clauses : 250891
3-clauses : 1160
n-clauses : 248
discarded : 0

[ solve ]


unsatisfiable                             

[ stats ]

decisions : 912
conflicts : 49
time : ~0.01

***UNSAT***


bb: parsing domain file
domain 'BLOCKS' defined
 ... done.
bb: parsing problem file
problem 'BLOCKS-11-1' defined
 ... done.


time:   0,    16 facts and       0 exclusive pairs
              20 ops   and      18 exclusive pairs
time:   1,    24 facts and      48 exclusive pairs
              48 ops   and     584 exclusive pairs
time:   2,    40 facts and     300 exclusive pairs
              84 ops   and    2362 exclusive pairs
time:   3,    47 facts and     389 exclusive pairs
             126 ops   and    5597 exclusive pairs
time:   4,    78 facts and    1495 exclusive pairs
             203 ops   and   15686 exclusive pairs
time:   5,    93 facts and    1879 exclusive pairs
             278 ops   and   28889 exclusive pairs
time:   6,   138 facts and    4711 exclusive pairs
             374 ops   and   52079 exclusive pairs
time:   7,   144 facts and    3559 exclusive pairs
             386 ops   and   47468 exclusive pairs
time:   8,   144 facts and    1909 exclusive pairs
             386 ops   and   42107 exclusive pairs
time:   9,   144 facts and    1579 exclusive pairs
             386 ops   and   41174 exclusive pairs
time:  10,   144 facts and    1573 exclusive pairs
graph has leveled off at time step 11


             386 ops   and   41162 exclusive pairs
time:  11,   144 facts and    1573 exclusive pairs
             386 ops   and   41162 exclusive pairs
time:  12,   144 facts and    1573 exclusive pairs
             386 ops   and   41162 exclusive pairs
time:  13,   144 facts and    1573 exclusive pairs
             386 ops   and   41162 exclusive pairs
time:  14,   144 facts and    1573 exclusive pairs
             386 ops   and   41162 exclusive pairs
time:  15,   144 facts and    1573 exclusive pairs

creating thin gp-based encoding...
plan graph layer 0...
plan graph layer 1...
plan graph layer 2...
plan graph layer 3...
plan graph layer 4...
plan graph layer 5...
plan graph layer 6...
plan graph layer 7...
plan graph layer 8...
plan graph layer 9...
plan graph layer 10...
plan graph layer 11...
plan graph layer 12...
plan graph layer 13...
plan graph layer 14...
plan graph layer 15...
goal constraints...
exclusion constraints layer 0...
exclusion constraints layer 1...
exclusion constraints layer 2...
exclusion constraints layer 3...
exclusion constraints layer 4...
exclusion constraints layer 5...
exclusion constraints layer 6...
exclusion constraints layer 7...
exclusion constraints layer 8...
exclusion constraints layer 9...
exclusion constraints layer 10...
exclusion constraints layer 11...
exclusion constraints layer 12...
exclusion constraints layer 13...
exclusion constraints layer 14...
exclusion constraints layer 15...

DECISION LAYER 15, WRITING THIN GP-BASED ENCODING WITH 5953 VARS, 279514 CLAUSES.

time spent:    0.00 seconds instantiating 264 action templates
               0.00 seconds reachability analysis, yielding 155 facts and 264 actions
               0.00 seconds collecting 155 relevant facts
               0.00 seconds building connectivity graph
               0.00 seconds building (std) graph
               0.05 seconds CNF output time
               0.05 seconds total planner time (solving not included)


***Solving***


[ filemap ]
[ extract ]

variables : 5953
pure lits : 150

1-clauses : 10
2-clauses : 277952
3-clauses : 1281
n-clauses : 271
discarded : 0

[ solve ]


unsatisfiable                             

[ stats ]

decisions : 3134
conflicts : 120
time : ~0.01

***UNSAT***


bb: parsing domain file
domain 'BLOCKS' defined
 ... done.
bb: parsing problem file
problem 'BLOCKS-11-1' defined
 ... done.


time:   0,    16 facts and       0 exclusive pairs
              20 ops   and      18 exclusive pairs
time:   1,    24 facts and      48 exclusive pairs
              48 ops   and     584 exclusive pairs
time:   2,    40 facts and     300 exclusive pairs
              84 ops   and    2362 exclusive pairs
time:   3,    47 facts and     389 exclusive pairs
             126 ops   and    5597 exclusive pairs
time:   4,    78 facts and    1495 exclusive pairs
             203 ops   and   15686 exclusive pairs
time:   5,    93 facts and    1879 exclusive pairs
             278 ops   and   28889 exclusive pairs
time:   6,   138 facts and    4711 exclusive pairs
             374 ops   and   52079 exclusive pairs
time:   7,   144 facts and    3559 exclusive pairs
             386 ops   and   47468 exclusive pairs
time:   8,   144 facts and    1909 exclusive pairs
             386 ops   and   42107 exclusive pairs
time:   9,   144 facts and    1579 exclusive pairs
             386 ops   and   41174 exclusive pairs
time:  10,   144 facts and    1573 exclusive pairs
graph has leveled off at time step 11


             386 ops   and   41162 exclusive pairs
time:  11,   144 facts and    1573 exclusive pairs
             386 ops   and   41162 exclusive pairs
time:  12,   144 facts and    1573 exclusive pairs
             386 ops   and   41162 exclusive pairs
time:  13,   144 facts and    1573 exclusive pairs
             386 ops   and   41162 exclusive pairs
time:  14,   144 facts and    1573 exclusive pairs
             386 ops   and   41162 exclusive pairs
time:  15,   144 facts and    1573 exclusive pairs
             386 ops   and   41162 exclusive pairs
time:  16,   144 facts and    1573 exclusive pairs

creating thin gp-based encoding...
plan graph layer 0...
plan graph layer 1...
plan graph layer 2...
plan graph layer 3...
plan graph layer 4...
plan graph layer 5...
plan graph layer 6...
plan graph layer 7...
plan graph layer 8...
plan graph layer 9...
plan graph layer 10...
plan graph layer 11...
plan graph layer 12...
plan graph layer 13...
plan graph layer 14...
plan graph layer 15...
plan graph layer 16...
goal constraints...
exclusion constraints layer 0...
exclusion constraints layer 1...
exclusion constraints layer 2...
exclusion constraints layer 3...
exclusion constraints layer 4...
exclusion constraints layer 5...
exclusion constraints layer 6...
exclusion constraints layer 7...
exclusion constraints layer 8...
exclusion constraints layer 9...
exclusion constraints layer 10...
exclusion constraints layer 11...
exclusion constraints layer 12...
exclusion constraints layer 13...
exclusion constraints layer 14...
exclusion constraints layer 15...
exclusion constraints layer 16...

DECISION LAYER 16, WRITING THIN GP-BASED ENCODING WITH 6483 VARS, 306719 CLAUSES.

time spent:    0.00 seconds instantiating 264 action templates
               0.00 seconds reachability analysis, yielding 155 facts and 264 actions
               0.00 seconds collecting 155 relevant facts
               0.00 seconds building connectivity graph
               0.00 seconds building (std) graph
               0.06 seconds CNF output time
               0.06 seconds total planner time (solving not included)


***Solving***


[ filemap ]
[ extract ]

variables : 6483
pure lits : 150

1-clauses : 10
2-clauses : 305013
3-clauses : 1402
n-clauses : 294
discarded : 0

[ solve ]


unsatisfiable                             

[ stats ]

decisions : 5579
conflicts : 182
time : ~0.01

***UNSAT***


bb: parsing domain file
domain 'BLOCKS' defined
 ... done.
bb: parsing problem file
problem 'BLOCKS-11-1' defined
 ... done.


time:   0,    16 facts and       0 exclusive pairs
              20 ops   and      18 exclusive pairs
time:   1,    24 facts and      48 exclusive pairs
              48 ops   and     584 exclusive pairs
time:   2,    40 facts and     300 exclusive pairs
              84 ops   and    2362 exclusive pairs
time:   3,    47 facts and     389 exclusive pairs
             126 ops   and    5597 exclusive pairs
time:   4,    78 facts and    1495 exclusive pairs
             203 ops   and   15686 exclusive pairs
time:   5,    93 facts and    1879 exclusive pairs
             278 ops   and   28889 exclusive pairs
time:   6,   138 facts and    4711 exclusive pairs
             374 ops   and   52079 exclusive pairs
time:   7,   144 facts and    3559 exclusive pairs
             386 ops   and   47468 exclusive pairs
time:   8,   144 facts and    1909 exclusive pairs
             386 ops   and   42107 exclusive pairs
time:   9,   144 facts and    1579 exclusive pairs
             386 ops   and   41174 exclusive pairs
time:  10,   144 facts and    1573 exclusive pairs
graph has leveled off at time step 11


             386 ops   and   41162 exclusive pairs
time:  11,   144 facts and    1573 exclusive pairs
             386 ops   and   41162 exclusive pairs
time:  12,   144 facts and    1573 exclusive pairs
             386 ops   and   41162 exclusive pairs
time:  13,   144 facts and    1573 exclusive pairs
             386 ops   and   41162 exclusive pairs
time:  14,   144 facts and    1573 exclusive pairs
             386 ops   and   41162 exclusive pairs
time:  15,   144 facts and    1573 exclusive pairs
             386 ops   and   41162 exclusive pairs
time:  16,   144 facts and    1573 exclusive pairs
             386 ops   and   41162 exclusive pairs
time:  17,   144 facts and    1573 exclusive pairs

creating thin gp-based encoding...
plan graph layer 0...
plan graph layer 1...
plan graph layer 2...
plan graph layer 3...
plan graph layer 4...
plan graph layer 5...
plan graph layer 6...
plan graph layer 7...
plan graph layer 8...
plan graph layer 9...
plan graph layer 10...
plan graph layer 11...
plan graph layer 12...
plan graph layer 13...
plan graph layer 14...
plan graph layer 15...
plan graph layer 16...
plan graph layer 17...
goal constraints...
exclusion constraints layer 0...
exclusion constraints layer 1...
exclusion constraints layer 2...
exclusion constraints layer 3...
exclusion constraints layer 4...
exclusion constraints layer 5...
exclusion constraints layer 6...
exclusion constraints layer 7...
exclusion constraints layer 8...
exclusion constraints layer 9...
exclusion constraints layer 10...
exclusion constraints layer 11...
exclusion constraints layer 12...
exclusion constraints layer 13...
exclusion constraints layer 14...
exclusion constraints layer 15...
exclusion constraints layer 16...
exclusion constraints layer 17...

DECISION LAYER 17, WRITING THIN GP-BASED ENCODING WITH 7013 VARS, 333924 CLAUSES.

time spent:    0.00 seconds instantiating 264 action templates
               0.00 seconds reachability analysis, yielding 155 facts and 264 actions
               0.00 seconds collecting 155 relevant facts
               0.00 seconds building connectivity graph
               0.00 seconds building (std) graph
               0.06 seconds CNF output time
               0.06 seconds total planner time (solving not included)


***Solving***


[ filemap ]
[ extract ]

variables : 7013
pure lits : 150

1-clauses : 10
2-clauses : 332074
3-clauses : 1523
n-clauses : 317
discarded : 0

[ solve ]


unsatisfiable                             

[ stats ]

decisions : 4683
conflicts : 172
time : ~0.01

***UNSAT***


bb: parsing domain file
domain 'BLOCKS' defined
 ... done.
bb: parsing problem file
problem 'BLOCKS-11-1' defined
 ... done.


time:   0,    16 facts and       0 exclusive pairs
              20 ops   and      18 exclusive pairs
time:   1,    24 facts and      48 exclusive pairs
              48 ops   and     584 exclusive pairs
time:   2,    40 facts and     300 exclusive pairs
              84 ops   and    2362 exclusive pairs
time:   3,    47 facts and     389 exclusive pairs
             126 ops   and    5597 exclusive pairs
time:   4,    78 facts and    1495 exclusive pairs
             203 ops   and   15686 exclusive pairs
time:   5,    93 facts and    1879 exclusive pairs
             278 ops   and   28889 exclusive pairs
time:   6,   138 facts and    4711 exclusive pairs
             374 ops   and   52079 exclusive pairs
time:   7,   144 facts and    3559 exclusive pairs
             386 ops   and   47468 exclusive pairs
time:   8,   144 facts and    1909 exclusive pairs
             386 ops   and   42107 exclusive pairs
time:   9,   144 facts and    1579 exclusive pairs
             386 ops   and   41174 exclusive pairs
time:  10,   144 facts and    1573 exclusive pairs
graph has leveled off at time step 11


             386 ops   and   41162 exclusive pairs
time:  11,   144 facts and    1573 exclusive pairs
             386 ops   and   41162 exclusive pairs
time:  12,   144 facts and    1573 exclusive pairs
             386 ops   and   41162 exclusive pairs
time:  13,   144 facts and    1573 exclusive pairs
             386 ops   and   41162 exclusive pairs
time:  14,   144 facts and    1573 exclusive pairs
             386 ops   and   41162 exclusive pairs
time:  15,   144 facts and    1573 exclusive pairs
             386 ops   and   41162 exclusive pairs
time:  16,   144 facts and    1573 exclusive pairs
             386 ops   and   41162 exclusive pairs
time:  17,   144 facts and    1573 exclusive pairs
             386 ops   and   41162 exclusive pairs
time:  18,   144 facts and    1573 exclusive pairs

creating thin gp-based encoding...
plan graph layer 0...
plan graph layer 1...
plan graph layer 2...
plan graph layer 3...
plan graph layer 4...
plan graph layer 5...
plan graph layer 6...
plan graph layer 7...
plan graph layer 8...
plan graph layer 9...
plan graph layer 10...
plan graph layer 11...
plan graph layer 12...
plan graph layer 13...
plan graph layer 14...
plan graph layer 15...
plan graph layer 16...
plan graph layer 17...
plan graph layer 18...
goal constraints...
exclusion constraints layer 0...
exclusion constraints layer 1...
exclusion constraints layer 2...
exclusion constraints layer 3...
exclusion constraints layer 4...
exclusion constraints layer 5...
exclusion constraints layer 6...
exclusion constraints layer 7...
exclusion constraints layer 8...
exclusion constraints layer 9...
exclusion constraints layer 10...
exclusion constraints layer 11...
exclusion constraints layer 12...
exclusion constraints layer 13...
exclusion constraints layer 14...
exclusion constraints layer 15...
exclusion constraints layer 16...
exclusion constraints layer 17...
exclusion constraints layer 18...

DECISION LAYER 18, WRITING THIN GP-BASED ENCODING WITH 7543 VARS, 361129 CLAUSES.

time spent:    0.00 seconds instantiating 264 action templates
               0.00 seconds reachability analysis, yielding 155 facts and 264 actions
               0.00 seconds collecting 155 relevant facts
               0.00 seconds building connectivity graph
               0.00 seconds building (std) graph
               0.06 seconds CNF output time
               0.06 seconds total planner time (solving not included)


***Solving***


[ filemap ]
[ extract ]

variables : 7543
pure lits : 150

1-clauses : 10
2-clauses : 359135
3-clauses : 1644
n-clauses : 340
discarded : 0

[ solve ]


unsatisfiable                             

[ stats ]

decisions : 3588
conflicts : 155
time : ~0.01

***UNSAT***


bb: parsing domain file
domain 'BLOCKS' defined
 ... done.
bb: parsing problem file
problem 'BLOCKS-11-1' defined
 ... done.


time:   0,    16 facts and       0 exclusive pairs
              20 ops   and      18 exclusive pairs
time:   1,    24 facts and      48 exclusive pairs
              48 ops   and     584 exclusive pairs
time:   2,    40 facts and     300 exclusive pairs
              84 ops   and    2362 exclusive pairs
time:   3,    47 facts and     389 exclusive pairs
             126 ops   and    5597 exclusive pairs
time:   4,    78 facts and    1495 exclusive pairs
             203 ops   and   15686 exclusive pairs
time:   5,    93 facts and    1879 exclusive pairs
             278 ops   and   28889 exclusive pairs
time:   6,   138 facts and    4711 exclusive pairs
             374 ops   and   52079 exclusive pairs
time:   7,   144 facts and    3559 exclusive pairs
             386 ops   and   47468 exclusive pairs
time:   8,   144 facts and    1909 exclusive pairs
             386 ops   and   42107 exclusive pairs
time:   9,   144 facts and    1579 exclusive pairs
             386 ops   and   41174 exclusive pairs
time:  10,   144 facts and    1573 exclusive pairs
graph has leveled off at time step 11


             386 ops   and   41162 exclusive pairs
time:  11,   144 facts and    1573 exclusive pairs
             386 ops   and   41162 exclusive pairs
time:  12,   144 facts and    1573 exclusive pairs
             386 ops   and   41162 exclusive pairs
time:  13,   144 facts and    1573 exclusive pairs
             386 ops   and   41162 exclusive pairs
time:  14,   144 facts and    1573 exclusive pairs
             386 ops   and   41162 exclusive pairs
time:  15,   144 facts and    1573 exclusive pairs
             386 ops   and   41162 exclusive pairs
time:  16,   144 facts and    1573 exclusive pairs
             386 ops   and   41162 exclusive pairs
time:  17,   144 facts and    1573 exclusive pairs
             386 ops   and   41162 exclusive pairs
time:  18,   144 facts and    1573 exclusive pairs
             386 ops   and   41162 exclusive pairs
time:  19,   144 facts and    1573 exclusive pairs

creating thin gp-based encoding...
plan graph layer 0...
plan graph layer 1...
plan graph layer 2...
plan graph layer 3...
plan graph layer 4...
plan graph layer 5...
plan graph layer 6...
plan graph layer 7...
plan graph layer 8...
plan graph layer 9...
plan graph layer 10...
plan graph layer 11...
plan graph layer 12...
plan graph layer 13...
plan graph layer 14...
plan graph layer 15...
plan graph layer 16...
plan graph layer 17...
plan graph layer 18...
plan graph layer 19...
goal constraints...
exclusion constraints layer 0...
exclusion constraints layer 1...
exclusion constraints layer 2...
exclusion constraints layer 3...
exclusion constraints layer 4...
exclusion constraints layer 5...
exclusion constraints layer 6...
exclusion constraints layer 7...
exclusion constraints layer 8...
exclusion constraints layer 9...
exclusion constraints layer 10...
exclusion constraints layer 11...
exclusion constraints layer 12...
exclusion constraints layer 13...
exclusion constraints layer 14...
exclusion constraints layer 15...
exclusion constraints layer 16...
exclusion constraints layer 17...
exclusion constraints layer 18...
exclusion constraints layer 19...

DECISION LAYER 19, WRITING THIN GP-BASED ENCODING WITH 8073 VARS, 388334 CLAUSES.

time spent:    0.00 seconds instantiating 264 action templates
               0.00 seconds reachability analysis, yielding 155 facts and 264 actions
               0.00 seconds collecting 155 relevant facts
               0.00 seconds building connectivity graph
               0.00 seconds building (std) graph
               0.07 seconds CNF output time
               0.07 seconds total planner time (solving not included)


***Solving***


[ filemap ]
[ extract ]

variables : 8073
pure lits : 150

1-clauses : 10
2-clauses : 386196
3-clauses : 1765
n-clauses : 363
discarded : 0

[ solve ]


unsatisfiable                             

[ stats ]

decisions : 10235
conflicts : 322
time : ~0.01

***UNSAT***


bb: parsing domain file
domain 'BLOCKS' defined
 ... done.
bb: parsing problem file
problem 'BLOCKS-11-1' defined
 ... done.


time:   0,    16 facts and       0 exclusive pairs
              20 ops   and      18 exclusive pairs
time:   1,    24 facts and      48 exclusive pairs
              48 ops   and     584 exclusive pairs
time:   2,    40 facts and     300 exclusive pairs
              84 ops   and    2362 exclusive pairs
time:   3,    47 facts and     389 exclusive pairs
             126 ops   and    5597 exclusive pairs
time:   4,    78 facts and    1495 exclusive pairs
             203 ops   and   15686 exclusive pairs
time:   5,    93 facts and    1879 exclusive pairs
             278 ops   and   28889 exclusive pairs
time:   6,   138 facts and    4711 exclusive pairs
             374 ops   and   52079 exclusive pairs
time:   7,   144 facts and    3559 exclusive pairs
             386 ops   and   47468 exclusive pairs
time:   8,   144 facts and    1909 exclusive pairs
             386 ops   and   42107 exclusive pairs
time:   9,   144 facts and    1579 exclusive pairs
             386 ops   and   41174 exclusive pairs
time:  10,   144 facts and    1573 exclusive pairs
graph has leveled off at time step 11


             386 ops   and   41162 exclusive pairs
time:  11,   144 facts and    1573 exclusive pairs
             386 ops   and   41162 exclusive pairs
time:  12,   144 facts and    1573 exclusive pairs
             386 ops   and   41162 exclusive pairs
time:  13,   144 facts and    1573 exclusive pairs
             386 ops   and   41162 exclusive pairs
time:  14,   144 facts and    1573 exclusive pairs
             386 ops   and   41162 exclusive pairs
time:  15,   144 facts and    1573 exclusive pairs
             386 ops   and   41162 exclusive pairs
time:  16,   144 facts and    1573 exclusive pairs
             386 ops   and   41162 exclusive pairs
time:  17,   144 facts and    1573 exclusive pairs
             386 ops   and   41162 exclusive pairs
time:  18,   144 facts and    1573 exclusive pairs
             386 ops   and   41162 exclusive pairs
time:  19,   144 facts and    1573 exclusive pairs
             386 ops   and   41162 exclusive pairs
time:  20,   144 facts and    1573 exclusive pairs

creating thin gp-based encoding...
plan graph layer 0...
plan graph layer 1...
plan graph layer 2...
plan graph layer 3...
plan graph layer 4...
plan graph layer 5...
plan graph layer 6...
plan graph layer 7...
plan graph layer 8...
plan graph layer 9...
plan graph layer 10...
plan graph layer 11...
plan graph layer 12...
plan graph layer 13...
plan graph layer 14...
plan graph layer 15...
plan graph layer 16...
plan graph layer 17...
plan graph layer 18...
plan graph layer 19...
plan graph layer 20...
goal constraints...
exclusion constraints layer 0...
exclusion constraints layer 1...
exclusion constraints layer 2...
exclusion constraints layer 3...
exclusion constraints layer 4...
exclusion constraints layer 5...
exclusion constraints layer 6...
exclusion constraints layer 7...
exclusion constraints layer 8...
exclusion constraints layer 9...
exclusion constraints layer 10...
exclusion constraints layer 11...
exclusion constraints layer 12...
exclusion constraints layer 13...
exclusion constraints layer 14...
exclusion constraints layer 15...
exclusion constraints layer 16...
exclusion constraints layer 17...
exclusion constraints layer 18...
exclusion constraints layer 19...
exclusion constraints layer 20...

DECISION LAYER 20, WRITING THIN GP-BASED ENCODING WITH 8603 VARS, 415539 CLAUSES.

time spent:    0.00 seconds instantiating 264 action templates
               0.00 seconds reachability analysis, yielding 155 facts and 264 actions
               0.00 seconds collecting 155 relevant facts
               0.00 seconds building connectivity graph
               0.00 seconds building (std) graph
               0.08 seconds CNF output time
               0.08 seconds total planner time (solving not included)


***Solving***


[ filemap ]
[ extract ]

variables : 8603
pure lits : 150

1-clauses : 10
2-clauses : 413257
3-clauses : 1886
n-clauses : 386
discarded : 0

[ solve ]


unsatisfiable                             

[ stats ]

decisions : 6750
conflicts : 397
time : ~0.01

***UNSAT***


bb: parsing domain file
domain 'BLOCKS' defined
 ... done.
bb: parsing problem file
problem 'BLOCKS-11-1' defined
 ... done.


time:   0,    16 facts and       0 exclusive pairs
              20 ops   and      18 exclusive pairs
time:   1,    24 facts and      48 exclusive pairs
              48 ops   and     584 exclusive pairs
time:   2,    40 facts and     300 exclusive pairs
              84 ops   and    2362 exclusive pairs
time:   3,    47 facts and     389 exclusive pairs
             126 ops   and    5597 exclusive pairs
time:   4,    78 facts and    1495 exclusive pairs
             203 ops   and   15686 exclusive pairs
time:   5,    93 facts and    1879 exclusive pairs
             278 ops   and   28889 exclusive pairs
time:   6,   138 facts and    4711 exclusive pairs
             374 ops   and   52079 exclusive pairs
time:   7,   144 facts and    3559 exclusive pairs
             386 ops   and   47468 exclusive pairs
time:   8,   144 facts and    1909 exclusive pairs
             386 ops   and   42107 exclusive pairs
time:   9,   144 facts and    1579 exclusive pairs
             386 ops   and   41174 exclusive pairs
time:  10,   144 facts and    1573 exclusive pairs
graph has leveled off at time step 11


             386 ops   and   41162 exclusive pairs
time:  11,   144 facts and    1573 exclusive pairs
             386 ops   and   41162 exclusive pairs
time:  12,   144 facts and    1573 exclusive pairs
             386 ops   and   41162 exclusive pairs
time:  13,   144 facts and    1573 exclusive pairs
             386 ops   and   41162 exclusive pairs
time:  14,   144 facts and    1573 exclusive pairs
             386 ops   and   41162 exclusive pairs
time:  15,   144 facts and    1573 exclusive pairs
             386 ops   and   41162 exclusive pairs
time:  16,   144 facts and    1573 exclusive pairs
             386 ops   and   41162 exclusive pairs
time:  17,   144 facts and    1573 exclusive pairs
             386 ops   and   41162 exclusive pairs
time:  18,   144 facts and    1573 exclusive pairs
             386 ops   and   41162 exclusive pairs
time:  19,   144 facts and    1573 exclusive pairs
             386 ops   and   41162 exclusive pairs
time:  20,   144 facts and    1573 exclusive pairs
             386 ops   and   41162 exclusive pairs
time:  21,   144 facts and    1573 exclusive pairs

creating thin gp-based encoding...
plan graph layer 0...
plan graph layer 1...
plan graph layer 2...
plan graph layer 3...
plan graph layer 4...
plan graph layer 5...
plan graph layer 6...
plan graph layer 7...
plan graph layer 8...
plan graph layer 9...
plan graph layer 10...
plan graph layer 11...
plan graph layer 12...
plan graph layer 13...
plan graph layer 14...
plan graph layer 15...
plan graph layer 16...
plan graph layer 17...
plan graph layer 18...
plan graph layer 19...
plan graph layer 20...
plan graph layer 21...
goal constraints...
exclusion constraints layer 0...
exclusion constraints layer 1...
exclusion constraints layer 2...
exclusion constraints layer 3...
exclusion constraints layer 4...
exclusion constraints layer 5...
exclusion constraints layer 6...
exclusion constraints layer 7...
exclusion constraints layer 8...
exclusion constraints layer 9...
exclusion constraints layer 10...
exclusion constraints layer 11...
exclusion constraints layer 12...
exclusion constraints layer 13...
exclusion constraints layer 14...
exclusion constraints layer 15...
exclusion constraints layer 16...
exclusion constraints layer 17...
exclusion constraints layer 18...
exclusion constraints layer 19...
exclusion constraints layer 20...
exclusion constraints layer 21...

DECISION LAYER 21, WRITING THIN GP-BASED ENCODING WITH 9133 VARS, 442744 CLAUSES.

time spent:    0.00 seconds instantiating 264 action templates
               0.00 seconds reachability analysis, yielding 155 facts and 264 actions
               0.00 seconds collecting 155 relevant facts
               0.00 seconds building connectivity graph
               0.00 seconds building (std) graph
               0.08 seconds CNF output time
               0.08 seconds total planner time (solving not included)


***Solving***


[ filemap ]
[ extract ]

variables : 9133
pure lits : 150

1-clauses : 10
2-clauses : 440318
3-clauses : 2007
n-clauses : 409
discarded : 0

[ solve ]


unsatisfiable                             

[ stats ]

decisions : 9954
conflicts : 312
time : ~0.01

***UNSAT***


bb: parsing domain file
domain 'BLOCKS' defined
 ... done.
bb: parsing problem file
problem 'BLOCKS-11-1' defined
 ... done.


time:   0,    16 facts and       0 exclusive pairs
              20 ops   and      18 exclusive pairs
time:   1,    24 facts and      48 exclusive pairs
              48 ops   and     584 exclusive pairs
time:   2,    40 facts and     300 exclusive pairs
              84 ops   and    2362 exclusive pairs
time:   3,    47 facts and     389 exclusive pairs
             126 ops   and    5597 exclusive pairs
time:   4,    78 facts and    1495 exclusive pairs
             203 ops   and   15686 exclusive pairs
time:   5,    93 facts and    1879 exclusive pairs
             278 ops   and   28889 exclusive pairs
time:   6,   138 facts and    4711 exclusive pairs
             374 ops   and   52079 exclusive pairs
time:   7,   144 facts and    3559 exclusive pairs
             386 ops   and   47468 exclusive pairs
time:   8,   144 facts and    1909 exclusive pairs
             386 ops   and   42107 exclusive pairs
time:   9,   144 facts and    1579 exclusive pairs
             386 ops   and   41174 exclusive pairs
time:  10,   144 facts and    1573 exclusive pairs
graph has leveled off at time step 11


             386 ops   and   41162 exclusive pairs
time:  11,   144 facts and    1573 exclusive pairs
             386 ops   and   41162 exclusive pairs
time:  12,   144 facts and    1573 exclusive pairs
             386 ops   and   41162 exclusive pairs
time:  13,   144 facts and    1573 exclusive pairs
             386 ops   and   41162 exclusive pairs
time:  14,   144 facts and    1573 exclusive pairs
             386 ops   and   41162 exclusive pairs
time:  15,   144 facts and    1573 exclusive pairs
             386 ops   and   41162 exclusive pairs
time:  16,   144 facts and    1573 exclusive pairs
             386 ops   and   41162 exclusive pairs
time:  17,   144 facts and    1573 exclusive pairs
             386 ops   and   41162 exclusive pairs
time:  18,   144 facts and    1573 exclusive pairs
             386 ops   and   41162 exclusive pairs
time:  19,   144 facts and    1573 exclusive pairs
             386 ops   and   41162 exclusive pairs
time:  20,   144 facts and    1573 exclusive pairs
             386 ops   and   41162 exclusive pairs
time:  21,   144 facts and    1573 exclusive pairs
             386 ops   and   41162 exclusive pairs
time:  22,   144 facts and    1573 exclusive pairs

creating thin gp-based encoding...
plan graph layer 0...
plan graph layer 1...
plan graph layer 2...
plan graph layer 3...
plan graph layer 4...
plan graph layer 5...
plan graph layer 6...
plan graph layer 7...
plan graph layer 8...
plan graph layer 9...
plan graph layer 10...
plan graph layer 11...
plan graph layer 12...
plan graph layer 13...
plan graph layer 14...
plan graph layer 15...
plan graph layer 16...
plan graph layer 17...
plan graph layer 18...
plan graph layer 19...
plan graph layer 20...
plan graph layer 21...
plan graph layer 22...
goal constraints...
exclusion constraints layer 0...
exclusion constraints layer 1...
exclusion constraints layer 2...
exclusion constraints layer 3...
exclusion constraints layer 4...
exclusion constraints layer 5...
exclusion constraints layer 6...
exclusion constraints layer 7...
exclusion constraints layer 8...
exclusion constraints layer 9...
exclusion constraints layer 10...
exclusion constraints layer 11...
exclusion constraints layer 12...
exclusion constraints layer 13...
exclusion constraints layer 14...
exclusion constraints layer 15...
exclusion constraints layer 16...
exclusion constraints layer 17...
exclusion constraints layer 18...
exclusion constraints layer 19...
exclusion constraints layer 20...
exclusion constraints layer 21...
exclusion constraints layer 22...

DECISION LAYER 22, WRITING THIN GP-BASED ENCODING WITH 9663 VARS, 469949 CLAUSES.

time spent:    0.00 seconds instantiating 264 action templates
               0.00 seconds reachability analysis, yielding 155 facts and 264 actions
               0.00 seconds collecting 155 relevant facts
               0.00 seconds building connectivity graph
               0.00 seconds building (std) graph
               0.08 seconds CNF output time
               0.08 seconds total planner time (solving not included)


***Solving***


[ filemap ]
[ extract ]

variables : 9663
pure lits : 150

1-clauses : 10
2-clauses : 467379
3-clauses : 2128
n-clauses : 432
discarded : 0

[ solve ]


unsatisfiable                             

[ stats ]

decisions : 7570
conflicts : 284
time : ~0.01

***UNSAT***


bb: parsing domain file
domain 'BLOCKS' defined
 ... done.
bb: parsing problem file
problem 'BLOCKS-11-1' defined
 ... done.


time:   0,    16 facts and       0 exclusive pairs
              20 ops   and      18 exclusive pairs
time:   1,    24 facts and      48 exclusive pairs
              48 ops   and     584 exclusive pairs
time:   2,    40 facts and     300 exclusive pairs
              84 ops   and    2362 exclusive pairs
time:   3,    47 facts and     389 exclusive pairs
             126 ops   and    5597 exclusive pairs
time:   4,    78 facts and    1495 exclusive pairs
             203 ops   and   15686 exclusive pairs
time:   5,    93 facts and    1879 exclusive pairs
             278 ops   and   28889 exclusive pairs
time:   6,   138 facts and    4711 exclusive pairs
             374 ops   and   52079 exclusive pairs
time:   7,   144 facts and    3559 exclusive pairs
             386 ops   and   47468 exclusive pairs
time:   8,   144 facts and    1909 exclusive pairs
             386 ops   and   42107 exclusive pairs
time:   9,   144 facts and    1579 exclusive pairs
             386 ops   and   41174 exclusive pairs
time:  10,   144 facts and    1573 exclusive pairs
graph has leveled off at time step 11


             386 ops   and   41162 exclusive pairs
time:  11,   144 facts and    1573 exclusive pairs
             386 ops   and   41162 exclusive pairs
time:  12,   144 facts and    1573 exclusive pairs
             386 ops   and   41162 exclusive pairs
time:  13,   144 facts and    1573 exclusive pairs
             386 ops   and   41162 exclusive pairs
time:  14,   144 facts and    1573 exclusive pairs
             386 ops   and   41162 exclusive pairs
time:  15,   144 facts and    1573 exclusive pairs
             386 ops   and   41162 exclusive pairs
time:  16,   144 facts and    1573 exclusive pairs
             386 ops   and   41162 exclusive pairs
time:  17,   144 facts and    1573 exclusive pairs
             386 ops   and   41162 exclusive pairs
time:  18,   144 facts and    1573 exclusive pairs
             386 ops   and   41162 exclusive pairs
time:  19,   144 facts and    1573 exclusive pairs
             386 ops   and   41162 exclusive pairs
time:  20,   144 facts and    1573 exclusive pairs
             386 ops   and   41162 exclusive pairs
time:  21,   144 facts and    1573 exclusive pairs
             386 ops   and   41162 exclusive pairs
time:  22,   144 facts and    1573 exclusive pairs
             386 ops   and   41162 exclusive pairs
time:  23,   144 facts and    1573 exclusive pairs

creating thin gp-based encoding...
plan graph layer 0...
plan graph layer 1...
plan graph layer 2...
plan graph layer 3...
plan graph layer 4...
plan graph layer 5...
plan graph layer 6...
plan graph layer 7...
plan graph layer 8...
plan graph layer 9...
plan graph layer 10...
plan graph layer 11...
plan graph layer 12...
plan graph layer 13...
plan graph layer 14...
plan graph layer 15...
plan graph layer 16...
plan graph layer 17...
plan graph layer 18...
plan graph layer 19...
plan graph layer 20...
plan graph layer 21...
plan graph layer 22...
plan graph layer 23...
goal constraints...
exclusion constraints layer 0...
exclusion constraints layer 1...
exclusion constraints layer 2...
exclusion constraints layer 3...
exclusion constraints layer 4...
exclusion constraints layer 5...
exclusion constraints layer 6...
exclusion constraints layer 7...
exclusion constraints layer 8...
exclusion constraints layer 9...
exclusion constraints layer 10...
exclusion constraints layer 11...
exclusion constraints layer 12...
exclusion constraints layer 13...
exclusion constraints layer 14...
exclusion constraints layer 15...
exclusion constraints layer 16...
exclusion constraints layer 17...
exclusion constraints layer 18...
exclusion constraints layer 19...
exclusion constraints layer 20...
exclusion constraints layer 21...
exclusion constraints layer 22...
exclusion constraints layer 23...

DECISION LAYER 23, WRITING THIN GP-BASED ENCODING WITH 10193 VARS, 497154 CLAUSES.

time spent:    0.00 seconds instantiating 264 action templates
               0.00 seconds reachability analysis, yielding 155 facts and 264 actions
               0.00 seconds collecting 155 relevant facts
               0.00 seconds building connectivity graph
               0.00 seconds building (std) graph
               0.09 seconds CNF output time
               0.09 seconds total planner time (solving not included)


***Solving***


[ filemap ]
[ extract ]

variables : 10193
pure lits : 150

1-clauses : 10
2-clauses : 494440
3-clauses : 2249
n-clauses : 455
discarded : 0

[ solve ]


unsatisfiable                             

[ stats ]

decisions : 14694
conflicts : 668
time : ~0.019

***UNSAT***


bb: parsing domain file
domain 'BLOCKS' defined
 ... done.
bb: parsing problem file
problem 'BLOCKS-11-1' defined
 ... done.


time:   0,    16 facts and       0 exclusive pairs
              20 ops   and      18 exclusive pairs
time:   1,    24 facts and      48 exclusive pairs
              48 ops   and     584 exclusive pairs
time:   2,    40 facts and     300 exclusive pairs
              84 ops   and    2362 exclusive pairs
time:   3,    47 facts and     389 exclusive pairs
             126 ops   and    5597 exclusive pairs
time:   4,    78 facts and    1495 exclusive pairs
             203 ops   and   15686 exclusive pairs
time:   5,    93 facts and    1879 exclusive pairs
             278 ops   and   28889 exclusive pairs
time:   6,   138 facts and    4711 exclusive pairs
             374 ops   and   52079 exclusive pairs
time:   7,   144 facts and    3559 exclusive pairs
             386 ops   and   47468 exclusive pairs
time:   8,   144 facts and    1909 exclusive pairs
             386 ops   and   42107 exclusive pairs
time:   9,   144 facts and    1579 exclusive pairs
             386 ops   and   41174 exclusive pairs
time:  10,   144 facts and    1573 exclusive pairs
graph has leveled off at time step 11


             386 ops   and   41162 exclusive pairs
time:  11,   144 facts and    1573 exclusive pairs
             386 ops   and   41162 exclusive pairs
time:  12,   144 facts and    1573 exclusive pairs
             386 ops   and   41162 exclusive pairs
time:  13,   144 facts and    1573 exclusive pairs
             386 ops   and   41162 exclusive pairs
time:  14,   144 facts and    1573 exclusive pairs
             386 ops   and   41162 exclusive pairs
time:  15,   144 facts and    1573 exclusive pairs
             386 ops   and   41162 exclusive pairs
time:  16,   144 facts and    1573 exclusive pairs
             386 ops   and   41162 exclusive pairs
time:  17,   144 facts and    1573 exclusive pairs
             386 ops   and   41162 exclusive pairs
time:  18,   144 facts and    1573 exclusive pairs
             386 ops   and   41162 exclusive pairs
time:  19,   144 facts and    1573 exclusive pairs
             386 ops   and   41162 exclusive pairs
time:  20,   144 facts and    1573 exclusive pairs
             386 ops   and   41162 exclusive pairs
time:  21,   144 facts and    1573 exclusive pairs
             386 ops   and   41162 exclusive pairs
time:  22,   144 facts and    1573 exclusive pairs
             386 ops   and   41162 exclusive pairs
time:  23,   144 facts and    1573 exclusive pairs
             386 ops   and   41162 exclusive pairs
time:  24,   144 facts and    1573 exclusive pairs

creating thin gp-based encoding...
plan graph layer 0...
plan graph layer 1...
plan graph layer 2...
plan graph layer 3...
plan graph layer 4...
plan graph layer 5...
plan graph layer 6...
plan graph layer 7...
plan graph layer 8...
plan graph layer 9...
plan graph layer 10...
plan graph layer 11...
plan graph layer 12...
plan graph layer 13...
plan graph layer 14...
plan graph layer 15...
plan graph layer 16...
plan graph layer 17...
plan graph layer 18...
plan graph layer 19...
plan graph layer 20...
plan graph layer 21...
plan graph layer 22...
plan graph layer 23...
plan graph layer 24...
goal constraints...
exclusion constraints layer 0...
exclusion constraints layer 1...
exclusion constraints layer 2...
exclusion constraints layer 3...
exclusion constraints layer 4...
exclusion constraints layer 5...
exclusion constraints layer 6...
exclusion constraints layer 7...
exclusion constraints layer 8...
exclusion constraints layer 9...
exclusion constraints layer 10...
exclusion constraints layer 11...
exclusion constraints layer 12...
exclusion constraints layer 13...
exclusion constraints layer 14...
exclusion constraints layer 15...
exclusion constraints layer 16...
exclusion constraints layer 17...
exclusion constraints layer 18...
exclusion constraints layer 19...
exclusion constraints layer 20...
exclusion constraints layer 21...
exclusion constraints layer 22...
exclusion constraints layer 23...
exclusion constraints layer 24...

DECISION LAYER 24, WRITING THIN GP-BASED ENCODING WITH 10723 VARS, 524359 CLAUSES.

time spent:    0.00 seconds instantiating 264 action templates
               0.00 seconds reachability analysis, yielding 155 facts and 264 actions
               0.00 seconds collecting 155 relevant facts
               0.00 seconds building connectivity graph
               0.00 seconds building (std) graph
               0.10 seconds CNF output time
               0.10 seconds total planner time (solving not included)


***Solving***


[ filemap ]
[ extract ]

variables : 10723
pure lits : 150

1-clauses : 10
2-clauses : 521501
3-clauses : 2370
n-clauses : 478
discarded : 0

[ solve ]


unsatisfiable                             

[ stats ]

decisions : 6516
conflicts : 308
time : ~0.01

***UNSAT***


bb: parsing domain file
domain 'BLOCKS' defined
 ... done.
bb: parsing problem file
problem 'BLOCKS-11-1' defined
 ... done.


time:   0,    16 facts and       0 exclusive pairs
              20 ops   and      18 exclusive pairs
time:   1,    24 facts and      48 exclusive pairs
              48 ops   and     584 exclusive pairs
time:   2,    40 facts and     300 exclusive pairs
              84 ops   and    2362 exclusive pairs
time:   3,    47 facts and     389 exclusive pairs
             126 ops   and    5597 exclusive pairs
time:   4,    78 facts and    1495 exclusive pairs
             203 ops   and   15686 exclusive pairs
time:   5,    93 facts and    1879 exclusive pairs
             278 ops   and   28889 exclusive pairs
time:   6,   138 facts and    4711 exclusive pairs
             374 ops   and   52079 exclusive pairs
time:   7,   144 facts and    3559 exclusive pairs
             386 ops   and   47468 exclusive pairs
time:   8,   144 facts and    1909 exclusive pairs
             386 ops   and   42107 exclusive pairs
time:   9,   144 facts and    1579 exclusive pairs
             386 ops   and   41174 exclusive pairs
time:  10,   144 facts and    1573 exclusive pairs
graph has leveled off at time step 11


             386 ops   and   41162 exclusive pairs
time:  11,   144 facts and    1573 exclusive pairs
             386 ops   and   41162 exclusive pairs
time:  12,   144 facts and    1573 exclusive pairs
             386 ops   and   41162 exclusive pairs
time:  13,   144 facts and    1573 exclusive pairs
             386 ops   and   41162 exclusive pairs
time:  14,   144 facts and    1573 exclusive pairs
             386 ops   and   41162 exclusive pairs
time:  15,   144 facts and    1573 exclusive pairs
             386 ops   and   41162 exclusive pairs
time:  16,   144 facts and    1573 exclusive pairs
             386 ops   and   41162 exclusive pairs
time:  17,   144 facts and    1573 exclusive pairs
             386 ops   and   41162 exclusive pairs
time:  18,   144 facts and    1573 exclusive pairs
             386 ops   and   41162 exclusive pairs
time:  19,   144 facts and    1573 exclusive pairs
             386 ops   and   41162 exclusive pairs
time:  20,   144 facts and    1573 exclusive pairs
             386 ops   and   41162 exclusive pairs
time:  21,   144 facts and    1573 exclusive pairs
             386 ops   and   41162 exclusive pairs
time:  22,   144 facts and    1573 exclusive pairs
             386 ops   and   41162 exclusive pairs
time:  23,   144 facts and    1573 exclusive pairs
             386 ops   and   41162 exclusive pairs
time:  24,   144 facts and    1573 exclusive pairs
             386 ops   and   41162 exclusive pairs
time:  25,   144 facts and    1573 exclusive pairs

creating thin gp-based encoding...
plan graph layer 0...
plan graph layer 1...
plan graph layer 2...
plan graph layer 3...
plan graph layer 4...
plan graph layer 5...
plan graph layer 6...
plan graph layer 7...
plan graph layer 8...
plan graph layer 9...
plan graph layer 10...
plan graph layer 11...
plan graph layer 12...
plan graph layer 13...
plan graph layer 14...
plan graph layer 15...
plan graph layer 16...
plan graph layer 17...
plan graph layer 18...
plan graph layer 19...
plan graph layer 20...
plan graph layer 21...
plan graph layer 22...
plan graph layer 23...
plan graph layer 24...
plan graph layer 25...
goal constraints...
exclusion constraints layer 0...
exclusion constraints layer 1...
exclusion constraints layer 2...
exclusion constraints layer 3...
exclusion constraints layer 4...
exclusion constraints layer 5...
exclusion constraints layer 6...
exclusion constraints layer 7...
exclusion constraints layer 8...
exclusion constraints layer 9...
exclusion constraints layer 10...
exclusion constraints layer 11...
exclusion constraints layer 12...
exclusion constraints layer 13...
exclusion constraints layer 14...
exclusion constraints layer 15...
exclusion constraints layer 16...
exclusion constraints layer 17...
exclusion constraints layer 18...
exclusion constraints layer 19...
exclusion constraints layer 20...
exclusion constraints layer 21...
exclusion constraints layer 22...
exclusion constraints layer 23...
exclusion constraints layer 24...
exclusion constraints layer 25...

DECISION LAYER 25, WRITING THIN GP-BASED ENCODING WITH 11253 VARS, 551564 CLAUSES.

time spent:    0.00 seconds instantiating 264 action templates
               0.00 seconds reachability analysis, yielding 155 facts and 264 actions
               0.00 seconds collecting 155 relevant facts
               0.00 seconds building connectivity graph
               0.00 seconds building (std) graph
               0.10 seconds CNF output time
               0.10 seconds total planner time (solving not included)


***Solving***


[ filemap ]
[ extract ]

variables : 11253
pure lits : 150

1-clauses : 10
2-clauses : 548562
3-clauses : 2491
n-clauses : 501
discarded : 0

[ solve ]


unsatisfiable                             

[ stats ]

decisions : 9254
conflicts : 673
time : ~0.022

***UNSAT***


bb: parsing domain file
domain 'BLOCKS' defined
 ... done.
bb: parsing problem file
problem 'BLOCKS-11-1' defined
 ... done.


time:   0,    16 facts and       0 exclusive pairs
              20 ops   and      18 exclusive pairs
time:   1,    24 facts and      48 exclusive pairs
              48 ops   and     584 exclusive pairs
time:   2,    40 facts and     300 exclusive pairs
              84 ops   and    2362 exclusive pairs
time:   3,    47 facts and     389 exclusive pairs
             126 ops   and    5597 exclusive pairs
time:   4,    78 facts and    1495 exclusive pairs
             203 ops   and   15686 exclusive pairs
time:   5,    93 facts and    1879 exclusive pairs
             278 ops   and   28889 exclusive pairs
time:   6,   138 facts and    4711 exclusive pairs
             374 ops   and   52079 exclusive pairs
time:   7,   144 facts and    3559 exclusive pairs
             386 ops   and   47468 exclusive pairs
time:   8,   144 facts and    1909 exclusive pairs
             386 ops   and   42107 exclusive pairs
time:   9,   144 facts and    1579 exclusive pairs
             386 ops   and   41174 exclusive pairs
time:  10,   144 facts and    1573 exclusive pairs
graph has leveled off at time step 11


             386 ops   and   41162 exclusive pairs
time:  11,   144 facts and    1573 exclusive pairs
             386 ops   and   41162 exclusive pairs
time:  12,   144 facts and    1573 exclusive pairs
             386 ops   and   41162 exclusive pairs
time:  13,   144 facts and    1573 exclusive pairs
             386 ops   and   41162 exclusive pairs
time:  14,   144 facts and    1573 exclusive pairs
             386 ops   and   41162 exclusive pairs
time:  15,   144 facts and    1573 exclusive pairs
             386 ops   and   41162 exclusive pairs
time:  16,   144 facts and    1573 exclusive pairs
             386 ops   and   41162 exclusive pairs
time:  17,   144 facts and    1573 exclusive pairs
             386 ops   and   41162 exclusive pairs
time:  18,   144 facts and    1573 exclusive pairs
             386 ops   and   41162 exclusive pairs
time:  19,   144 facts and    1573 exclusive pairs
             386 ops   and   41162 exclusive pairs
time:  20,   144 facts and    1573 exclusive pairs
             386 ops   and   41162 exclusive pairs
time:  21,   144 facts and    1573 exclusive pairs
             386 ops   and   41162 exclusive pairs
time:  22,   144 facts and    1573 exclusive pairs
             386 ops   and   41162 exclusive pairs
time:  23,   144 facts and    1573 exclusive pairs
             386 ops   and   41162 exclusive pairs
time:  24,   144 facts and    1573 exclusive pairs
             386 ops   and   41162 exclusive pairs
time:  25,   144 facts and    1573 exclusive pairs
             386 ops   and   41162 exclusive pairs
time:  26,   144 facts and    1573 exclusive pairs

creating thin gp-based encoding...
plan graph layer 0...
plan graph layer 1...
plan graph layer 2...
plan graph layer 3...
plan graph layer 4...
plan graph layer 5...
plan graph layer 6...
plan graph layer 7...
plan graph layer 8...
plan graph layer 9...
plan graph layer 10...
plan graph layer 11...
plan graph layer 12...
plan graph layer 13...
plan graph layer 14...
plan graph layer 15...
plan graph layer 16...
plan graph layer 17...
plan graph layer 18...
plan graph layer 19...
plan graph layer 20...
plan graph layer 21...
plan graph layer 22...
plan graph layer 23...
plan graph layer 24...
plan graph layer 25...
plan graph layer 26...
goal constraints...
exclusion constraints layer 0...
exclusion constraints layer 1...
exclusion constraints layer 2...
exclusion constraints layer 3...
exclusion constraints layer 4...
exclusion constraints layer 5...
exclusion constraints layer 6...
exclusion constraints layer 7...
exclusion constraints layer 8...
exclusion constraints layer 9...
exclusion constraints layer 10...
exclusion constraints layer 11...
exclusion constraints layer 12...
exclusion constraints layer 13...
exclusion constraints layer 14...
exclusion constraints layer 15...
exclusion constraints layer 16...
exclusion constraints layer 17...
exclusion constraints layer 18...
exclusion constraints layer 19...
exclusion constraints layer 20...
exclusion constraints layer 21...
exclusion constraints layer 22...
exclusion constraints layer 23...
exclusion constraints layer 24...
exclusion constraints layer 25...
exclusion constraints layer 26...

DECISION LAYER 26, WRITING THIN GP-BASED ENCODING WITH 11783 VARS, 578769 CLAUSES.

time spent:    0.00 seconds instantiating 264 action templates
               0.00 seconds reachability analysis, yielding 155 facts and 264 actions
               0.00 seconds collecting 155 relevant facts
               0.00 seconds building connectivity graph
               0.00 seconds building (std) graph
               0.11 seconds CNF output time
               0.11 seconds total planner time (solving not included)


***Solving***


[ filemap ]
[ extract ]

variables : 11783
pure lits : 150

1-clauses : 10
2-clauses : 575623
3-clauses : 2612
n-clauses : 524
discarded : 0

[ solve ]


unsatisfiable                             

[ stats ]

decisions : 22163
conflicts : 789
time : ~0.025

***UNSAT***


bb: parsing domain file
domain 'BLOCKS' defined
 ... done.
bb: parsing problem file
problem 'BLOCKS-11-1' defined
 ... done.


time:   0,    16 facts and       0 exclusive pairs
              20 ops   and      18 exclusive pairs
time:   1,    24 facts and      48 exclusive pairs
              48 ops   and     584 exclusive pairs
time:   2,    40 facts and     300 exclusive pairs
              84 ops   and    2362 exclusive pairs
time:   3,    47 facts and     389 exclusive pairs
             126 ops   and    5597 exclusive pairs
time:   4,    78 facts and    1495 exclusive pairs
             203 ops   and   15686 exclusive pairs
time:   5,    93 facts and    1879 exclusive pairs
             278 ops   and   28889 exclusive pairs
time:   6,   138 facts and    4711 exclusive pairs
             374 ops   and   52079 exclusive pairs
time:   7,   144 facts and    3559 exclusive pairs
             386 ops   and   47468 exclusive pairs
time:   8,   144 facts and    1909 exclusive pairs
             386 ops   and   42107 exclusive pairs
time:   9,   144 facts and    1579 exclusive pairs
             386 ops   and   41174 exclusive pairs
time:  10,   144 facts and    1573 exclusive pairs
graph has leveled off at time step 11


             386 ops   and   41162 exclusive pairs
time:  11,   144 facts and    1573 exclusive pairs
             386 ops   and   41162 exclusive pairs
time:  12,   144 facts and    1573 exclusive pairs
             386 ops   and   41162 exclusive pairs
time:  13,   144 facts and    1573 exclusive pairs
             386 ops   and   41162 exclusive pairs
time:  14,   144 facts and    1573 exclusive pairs
             386 ops   and   41162 exclusive pairs
time:  15,   144 facts and    1573 exclusive pairs
             386 ops   and   41162 exclusive pairs
time:  16,   144 facts and    1573 exclusive pairs
             386 ops   and   41162 exclusive pairs
time:  17,   144 facts and    1573 exclusive pairs
             386 ops   and   41162 exclusive pairs
time:  18,   144 facts and    1573 exclusive pairs
             386 ops   and   41162 exclusive pairs
time:  19,   144 facts and    1573 exclusive pairs
             386 ops   and   41162 exclusive pairs
time:  20,   144 facts and    1573 exclusive pairs
             386 ops   and   41162 exclusive pairs
time:  21,   144 facts and    1573 exclusive pairs
             386 ops   and   41162 exclusive pairs
time:  22,   144 facts and    1573 exclusive pairs
             386 ops   and   41162 exclusive pairs
time:  23,   144 facts and    1573 exclusive pairs
             386 ops   and   41162 exclusive pairs
time:  24,   144 facts and    1573 exclusive pairs
             386 ops   and   41162 exclusive pairs
time:  25,   144 facts and    1573 exclusive pairs
             386 ops   and   41162 exclusive pairs
time:  26,   144 facts and    1573 exclusive pairs
             386 ops   and   41162 exclusive pairs
time:  27,   144 facts and    1573 exclusive pairs

creating thin gp-based encoding...
plan graph layer 0...
plan graph layer 1...
plan graph layer 2...
plan graph layer 3...
plan graph layer 4...
plan graph layer 5...
plan graph layer 6...
plan graph layer 7...
plan graph layer 8...
plan graph layer 9...
plan graph layer 10...
plan graph layer 11...
plan graph layer 12...
plan graph layer 13...
plan graph layer 14...
plan graph layer 15...
plan graph layer 16...
plan graph layer 17...
plan graph layer 18...
plan graph layer 19...
plan graph layer 20...
plan graph layer 21...
plan graph layer 22...
plan graph layer 23...
plan graph layer 24...
plan graph layer 25...
plan graph layer 26...
plan graph layer 27...
goal constraints...
exclusion constraints layer 0...
exclusion constraints layer 1...
exclusion constraints layer 2...
exclusion constraints layer 3...
exclusion constraints layer 4...
exclusion constraints layer 5...
exclusion constraints layer 6...
exclusion constraints layer 7...
exclusion constraints layer 8...
exclusion constraints layer 9...
exclusion constraints layer 10...
exclusion constraints layer 11...
exclusion constraints layer 12...
exclusion constraints layer 13...
exclusion constraints layer 14...
exclusion constraints layer 15...
exclusion constraints layer 16...
exclusion constraints layer 17...
exclusion constraints layer 18...
exclusion constraints layer 19...
exclusion constraints layer 20...
exclusion constraints layer 21...
exclusion constraints layer 22...
exclusion constraints layer 23...
exclusion constraints layer 24...
exclusion constraints layer 25...
exclusion constraints layer 26...
exclusion constraints layer 27...

DECISION LAYER 27, WRITING THIN GP-BASED ENCODING WITH 12313 VARS, 605974 CLAUSES.

time spent:    0.00 seconds instantiating 264 action templates
               0.00 seconds reachability analysis, yielding 155 facts and 264 actions
               0.00 seconds collecting 155 relevant facts
               0.00 seconds building connectivity graph
               0.00 seconds building (std) graph
               0.11 seconds CNF output time
               0.11 seconds total planner time (solving not included)


***Solving***


[ filemap ]
[ extract ]

variables : 12313
pure lits : 150

1-clauses : 10
2-clauses : 602684
3-clauses : 2733
n-clauses : 547
discarded : 0

[ solve ]


unsatisfiable                             

[ stats ]

decisions : 18493
conflicts : 1211
time : ~0.039

***UNSAT***


bb: parsing domain file
domain 'BLOCKS' defined
 ... done.
bb: parsing problem file
problem 'BLOCKS-11-1' defined
 ... done.


time:   0,    16 facts and       0 exclusive pairs
              20 ops   and      18 exclusive pairs
time:   1,    24 facts and      48 exclusive pairs
              48 ops   and     584 exclusive pairs
time:   2,    40 facts and     300 exclusive pairs
              84 ops   and    2362 exclusive pairs
time:   3,    47 facts and     389 exclusive pairs
             126 ops   and    5597 exclusive pairs
time:   4,    78 facts and    1495 exclusive pairs
             203 ops   and   15686 exclusive pairs
time:   5,    93 facts and    1879 exclusive pairs
             278 ops   and   28889 exclusive pairs
time:   6,   138 facts and    4711 exclusive pairs
             374 ops   and   52079 exclusive pairs
time:   7,   144 facts and    3559 exclusive pairs
             386 ops   and   47468 exclusive pairs
time:   8,   144 facts and    1909 exclusive pairs
             386 ops   and   42107 exclusive pairs
time:   9,   144 facts and    1579 exclusive pairs
             386 ops   and   41174 exclusive pairs
time:  10,   144 facts and    1573 exclusive pairs
graph has leveled off at time step 11


             386 ops   and   41162 exclusive pairs
time:  11,   144 facts and    1573 exclusive pairs
             386 ops   and   41162 exclusive pairs
time:  12,   144 facts and    1573 exclusive pairs
             386 ops   and   41162 exclusive pairs
time:  13,   144 facts and    1573 exclusive pairs
             386 ops   and   41162 exclusive pairs
time:  14,   144 facts and    1573 exclusive pairs
             386 ops   and   41162 exclusive pairs
time:  15,   144 facts and    1573 exclusive pairs
             386 ops   and   41162 exclusive pairs
time:  16,   144 facts and    1573 exclusive pairs
             386 ops   and   41162 exclusive pairs
time:  17,   144 facts and    1573 exclusive pairs
             386 ops   and   41162 exclusive pairs
time:  18,   144 facts and    1573 exclusive pairs
             386 ops   and   41162 exclusive pairs
time:  19,   144 facts and    1573 exclusive pairs
             386 ops   and   41162 exclusive pairs
time:  20,   144 facts and    1573 exclusive pairs
             386 ops   and   41162 exclusive pairs
time:  21,   144 facts and    1573 exclusive pairs
             386 ops   and   41162 exclusive pairs
time:  22,   144 facts and    1573 exclusive pairs
             386 ops   and   41162 exclusive pairs
time:  23,   144 facts and    1573 exclusive pairs
             386 ops   and   41162 exclusive pairs
time:  24,   144 facts and    1573 exclusive pairs
             386 ops   and   41162 exclusive pairs
time:  25,   144 facts and    1573 exclusive pairs
             386 ops   and   41162 exclusive pairs
time:  26,   144 facts and    1573 exclusive pairs
             386 ops   and   41162 exclusive pairs
time:  27,   144 facts and    1573 exclusive pairs
             386 ops   and   41162 exclusive pairs
time:  28,   144 facts and    1573 exclusive pairs

creating thin gp-based encoding...
plan graph layer 0...
plan graph layer 1...
plan graph layer 2...
plan graph layer 3...
plan graph layer 4...
plan graph layer 5...
plan graph layer 6...
plan graph layer 7...
plan graph layer 8...
plan graph layer 9...
plan graph layer 10...
plan graph layer 11...
plan graph layer 12...
plan graph layer 13...
plan graph layer 14...
plan graph layer 15...
plan graph layer 16...
plan graph layer 17...
plan graph layer 18...
plan graph layer 19...
plan graph layer 20...
plan graph layer 21...
plan graph layer 22...
plan graph layer 23...
plan graph layer 24...
plan graph layer 25...
plan graph layer 26...
plan graph layer 27...
plan graph layer 28...
goal constraints...
exclusion constraints layer 0...
exclusion constraints layer 1...
exclusion constraints layer 2...
exclusion constraints layer 3...
exclusion constraints layer 4...
exclusion constraints layer 5...
exclusion constraints layer 6...
exclusion constraints layer 7...
exclusion constraints layer 8...
exclusion constraints layer 9...
exclusion constraints layer 10...
exclusion constraints layer 11...
exclusion constraints layer 12...
exclusion constraints layer 13...
exclusion constraints layer 14...
exclusion constraints layer 15...
exclusion constraints layer 16...
exclusion constraints layer 17...
exclusion constraints layer 18...
exclusion constraints layer 19...
exclusion constraints layer 20...
exclusion constraints layer 21...
exclusion constraints layer 22...
exclusion constraints layer 23...
exclusion constraints layer 24...
exclusion constraints layer 25...
exclusion constraints layer 26...
exclusion constraints layer 27...
exclusion constraints layer 28...

DECISION LAYER 28, WRITING THIN GP-BASED ENCODING WITH 12843 VARS, 633179 CLAUSES.

time spent:    0.00 seconds instantiating 264 action templates
               0.00 seconds reachability analysis, yielding 155 facts and 264 actions
               0.00 seconds collecting 155 relevant facts
               0.00 seconds building connectivity graph
               0.00 seconds building (std) graph
               0.12 seconds CNF output time
               0.12 seconds total planner time (solving not included)


***Solving***


[ filemap ]
[ extract ]

variables : 12843
pure lits : 150

1-clauses : 10
2-clauses : 629745
3-clauses : 2854
n-clauses : 570
discarded : 0

[ solve ]


unsatisfiable                             

[ stats ]

decisions : 46144
conflicts : 2743
time : ~0.11

***UNSAT***


bb: parsing domain file
domain 'BLOCKS' defined
 ... done.
bb: parsing problem file
problem 'BLOCKS-11-1' defined
 ... done.


time:   0,    16 facts and       0 exclusive pairs
              20 ops   and      18 exclusive pairs
time:   1,    24 facts and      48 exclusive pairs
              48 ops   and     584 exclusive pairs
time:   2,    40 facts and     300 exclusive pairs
              84 ops   and    2362 exclusive pairs
time:   3,    47 facts and     389 exclusive pairs
             126 ops   and    5597 exclusive pairs
time:   4,    78 facts and    1495 exclusive pairs
             203 ops   and   15686 exclusive pairs
time:   5,    93 facts and    1879 exclusive pairs
             278 ops   and   28889 exclusive pairs
time:   6,   138 facts and    4711 exclusive pairs
             374 ops   and   52079 exclusive pairs
time:   7,   144 facts and    3559 exclusive pairs
             386 ops   and   47468 exclusive pairs
time:   8,   144 facts and    1909 exclusive pairs
             386 ops   and   42107 exclusive pairs
time:   9,   144 facts and    1579 exclusive pairs
             386 ops   and   41174 exclusive pairs
time:  10,   144 facts and    1573 exclusive pairs
graph has leveled off at time step 11


             386 ops   and   41162 exclusive pairs
time:  11,   144 facts and    1573 exclusive pairs
             386 ops   and   41162 exclusive pairs
time:  12,   144 facts and    1573 exclusive pairs
             386 ops   and   41162 exclusive pairs
time:  13,   144 facts and    1573 exclusive pairs
             386 ops   and   41162 exclusive pairs
time:  14,   144 facts and    1573 exclusive pairs
             386 ops   and   41162 exclusive pairs
time:  15,   144 facts and    1573 exclusive pairs
             386 ops   and   41162 exclusive pairs
time:  16,   144 facts and    1573 exclusive pairs
             386 ops   and   41162 exclusive pairs
time:  17,   144 facts and    1573 exclusive pairs
             386 ops   and   41162 exclusive pairs
time:  18,   144 facts and    1573 exclusive pairs
             386 ops   and   41162 exclusive pairs
time:  19,   144 facts and    1573 exclusive pairs
             386 ops   and   41162 exclusive pairs
time:  20,   144 facts and    1573 exclusive pairs
             386 ops   and   41162 exclusive pairs
time:  21,   144 facts and    1573 exclusive pairs
             386 ops   and   41162 exclusive pairs
time:  22,   144 facts and    1573 exclusive pairs
             386 ops   and   41162 exclusive pairs
time:  23,   144 facts and    1573 exclusive pairs
             386 ops   and   41162 exclusive pairs
time:  24,   144 facts and    1573 exclusive pairs
             386 ops   and   41162 exclusive pairs
time:  25,   144 facts and    1573 exclusive pairs
             386 ops   and   41162 exclusive pairs
time:  26,   144 facts and    1573 exclusive pairs
             386 ops   and   41162 exclusive pairs
time:  27,   144 facts and    1573 exclusive pairs
             386 ops   and   41162 exclusive pairs
time:  28,   144 facts and    1573 exclusive pairs
             386 ops   and   41162 exclusive pairs
time:  29,   144 facts and    1573 exclusive pairs

creating thin gp-based encoding...
plan graph layer 0...
plan graph layer 1...
plan graph layer 2...
plan graph layer 3...
plan graph layer 4...
plan graph layer 5...
plan graph layer 6...
plan graph layer 7...
plan graph layer 8...
plan graph layer 9...
plan graph layer 10...
plan graph layer 11...
plan graph layer 12...
plan graph layer 13...
plan graph layer 14...
plan graph layer 15...
plan graph layer 16...
plan graph layer 17...
plan graph layer 18...
plan graph layer 19...
plan graph layer 20...
plan graph layer 21...
plan graph layer 22...
plan graph layer 23...
plan graph layer 24...
plan graph layer 25...
plan graph layer 26...
plan graph layer 27...
plan graph layer 28...
plan graph layer 29...
goal constraints...
exclusion constraints layer 0...
exclusion constraints layer 1...
exclusion constraints layer 2...
exclusion constraints layer 3...
exclusion constraints layer 4...
exclusion constraints layer 5...
exclusion constraints layer 6...
exclusion constraints layer 7...
exclusion constraints layer 8...
exclusion constraints layer 9...
exclusion constraints layer 10...
exclusion constraints layer 11...
exclusion constraints layer 12...
exclusion constraints layer 13...
exclusion constraints layer 14...
exclusion constraints layer 15...
exclusion constraints layer 16...
exclusion constraints layer 17...
exclusion constraints layer 18...
exclusion constraints layer 19...
exclusion constraints layer 20...
exclusion constraints layer 21...
exclusion constraints layer 22...
exclusion constraints layer 23...
exclusion constraints layer 24...
exclusion constraints layer 25...
exclusion constraints layer 26...
exclusion constraints layer 27...
exclusion constraints layer 28...
exclusion constraints layer 29...

DECISION LAYER 29, WRITING THIN GP-BASED ENCODING WITH 13373 VARS, 660384 CLAUSES.

time spent:    0.00 seconds instantiating 264 action templates
               0.00 seconds reachability analysis, yielding 155 facts and 264 actions
               0.00 seconds collecting 155 relevant facts
               0.00 seconds building connectivity graph
               0.00 seconds building (std) graph
               0.13 seconds CNF output time
               0.13 seconds total planner time (solving not included)


***Solving***


[ filemap ]
[ extract ]

variables : 13373
pure lits : 150

1-clauses : 10
2-clauses : 656806
3-clauses : 2975
n-clauses : 593
discarded : 0

[ solve ]


unsatisfiable                             

[ stats ]

decisions : 54013
conflicts : 8444
time : ~0.478

***UNSAT***


bb: parsing domain file
domain 'BLOCKS' defined
 ... done.
bb: parsing problem file
problem 'BLOCKS-11-1' defined
 ... done.


time:   0,    16 facts and       0 exclusive pairs
              20 ops   and      18 exclusive pairs
time:   1,    24 facts and      48 exclusive pairs
              48 ops   and     584 exclusive pairs
time:   2,    40 facts and     300 exclusive pairs
              84 ops   and    2362 exclusive pairs
time:   3,    47 facts and     389 exclusive pairs
             126 ops   and    5597 exclusive pairs
time:   4,    78 facts and    1495 exclusive pairs
             203 ops   and   15686 exclusive pairs
time:   5,    93 facts and    1879 exclusive pairs
             278 ops   and   28889 exclusive pairs
time:   6,   138 facts and    4711 exclusive pairs
             374 ops   and   52079 exclusive pairs
time:   7,   144 facts and    3559 exclusive pairs
             386 ops   and   47468 exclusive pairs
time:   8,   144 facts and    1909 exclusive pairs
             386 ops   and   42107 exclusive pairs
time:   9,   144 facts and    1579 exclusive pairs
             386 ops   and   41174 exclusive pairs
time:  10,   144 facts and    1573 exclusive pairs
graph has leveled off at time step 11


             386 ops   and   41162 exclusive pairs
time:  11,   144 facts and    1573 exclusive pairs
             386 ops   and   41162 exclusive pairs
time:  12,   144 facts and    1573 exclusive pairs
             386 ops   and   41162 exclusive pairs
time:  13,   144 facts and    1573 exclusive pairs
             386 ops   and   41162 exclusive pairs
time:  14,   144 facts and    1573 exclusive pairs
             386 ops   and   41162 exclusive pairs
time:  15,   144 facts and    1573 exclusive pairs
             386 ops   and   41162 exclusive pairs
time:  16,   144 facts and    1573 exclusive pairs
             386 ops   and   41162 exclusive pairs
time:  17,   144 facts and    1573 exclusive pairs
             386 ops   and   41162 exclusive pairs
time:  18,   144 facts and    1573 exclusive pairs
             386 ops   and   41162 exclusive pairs
time:  19,   144 facts and    1573 exclusive pairs
             386 ops   and   41162 exclusive pairs
time:  20,   144 facts and    1573 exclusive pairs
             386 ops   and   41162 exclusive pairs
time:  21,   144 facts and    1573 exclusive pairs
             386 ops   and   41162 exclusive pairs
time:  22,   144 facts and    1573 exclusive pairs
             386 ops   and   41162 exclusive pairs
time:  23,   144 facts and    1573 exclusive pairs
             386 ops   and   41162 exclusive pairs
time:  24,   144 facts and    1573 exclusive pairs
             386 ops   and   41162 exclusive pairs
time:  25,   144 facts and    1573 exclusive pairs
             386 ops   and   41162 exclusive pairs
time:  26,   144 facts and    1573 exclusive pairs
             386 ops   and   41162 exclusive pairs
time:  27,   144 facts and    1573 exclusive pairs
             386 ops   and   41162 exclusive pairs
time:  28,   144 facts and    1573 exclusive pairs
             386 ops   and   41162 exclusive pairs
time:  29,   144 facts and    1573 exclusive pairs
             386 ops   and   41162 exclusive pairs
time:  30,   144 facts and    1573 exclusive pairs

creating thin gp-based encoding...
plan graph layer 0...
plan graph layer 1...
plan graph layer 2...
plan graph layer 3...
plan graph layer 4...
plan graph layer 5...
plan graph layer 6...
plan graph layer 7...
plan graph layer 8...
plan graph layer 9...
plan graph layer 10...
plan graph layer 11...
plan graph layer 12...
plan graph layer 13...
plan graph layer 14...
plan graph layer 15...
plan graph layer 16...
plan graph layer 17...
plan graph layer 18...
plan graph layer 19...
plan graph layer 20...
plan graph layer 21...
plan graph layer 22...
plan graph layer 23...
plan graph layer 24...
plan graph layer 25...
plan graph layer 26...
plan graph layer 27...
plan graph layer 28...
plan graph layer 29...
plan graph layer 30...
goal constraints...
exclusion constraints layer 0...
exclusion constraints layer 1...
exclusion constraints layer 2...
exclusion constraints layer 3...
exclusion constraints layer 4...
exclusion constraints layer 5...
exclusion constraints layer 6...
exclusion constraints layer 7...
exclusion constraints layer 8...
exclusion constraints layer 9...
exclusion constraints layer 10...
exclusion constraints layer 11...
exclusion constraints layer 12...
exclusion constraints layer 13...
exclusion constraints layer 14...
exclusion constraints layer 15...
exclusion constraints layer 16...
exclusion constraints layer 17...
exclusion constraints layer 18...
exclusion constraints layer 19...
exclusion constraints layer 20...
exclusion constraints layer 21...
exclusion constraints layer 22...
exclusion constraints layer 23...
exclusion constraints layer 24...
exclusion constraints layer 25...
exclusion constraints layer 26...
exclusion constraints layer 27...
exclusion constraints layer 28...
exclusion constraints layer 29...
exclusion constraints layer 30...

DECISION LAYER 30, WRITING THIN GP-BASED ENCODING WITH 13903 VARS, 687589 CLAUSES.

time spent:    0.00 seconds instantiating 264 action templates
               0.00 seconds reachability analysis, yielding 155 facts and 264 actions
               0.00 seconds collecting 155 relevant facts
               0.00 seconds building connectivity graph
               0.00 seconds building (std) graph
               0.13 seconds CNF output time
               0.13 seconds total planner time (solving not included)


***Solving***


[ filemap ]
[ extract ]

variables : 13903
pure lits : 150

1-clauses : 10
2-clauses : 683867
3-clauses : 3096
n-clauses : 616
discarded : 0

[ solve ]


satisfiable                             

[ stats ]

decisions : 72948
conflicts : 14873
time : ~1.043


bb: parsing domain file
domain 'BLOCKS' defined
 ... done.
bb: parsing problem file
problem 'BLOCKS-11-1' defined
 ... done.


time:   0,    16 facts and       0 exclusive pairs
              20 ops   and      18 exclusive pairs
time:   1,    24 facts and      48 exclusive pairs
              48 ops   and     584 exclusive pairs
time:   2,    40 facts and     300 exclusive pairs
              84 ops   and    2362 exclusive pairs
time:   3,    47 facts and     389 exclusive pairs
             126 ops   and    5597 exclusive pairs
time:   4,    78 facts and    1495 exclusive pairs
             203 ops   and   15686 exclusive pairs
time:   5,    93 facts and    1879 exclusive pairs
             278 ops   and   28889 exclusive pairs
time:   6,   138 facts and    4711 exclusive pairs
             374 ops   and   52079 exclusive pairs
time:   7,   144 facts and    3559 exclusive pairs
             386 ops   and   47468 exclusive pairs
time:   8,   144 facts and    1909 exclusive pairs
             386 ops   and   42107 exclusive pairs
time:   9,   144 facts and    1579 exclusive pairs
             386 ops   and   41174 exclusive pairs
time:  10,   144 facts and    1573 exclusive pairs
graph has leveled off at time step 11


             386 ops   and   41162 exclusive pairs
time:  11,   144 facts and    1573 exclusive pairs
             386 ops   and   41162 exclusive pairs
time:  12,   144 facts and    1573 exclusive pairs
             386 ops   and   41162 exclusive pairs
time:  13,   144 facts and    1573 exclusive pairs
             386 ops   and   41162 exclusive pairs
time:  14,   144 facts and    1573 exclusive pairs
             386 ops   and   41162 exclusive pairs
time:  15,   144 facts and    1573 exclusive pairs
             386 ops   and   41162 exclusive pairs
time:  16,   144 facts and    1573 exclusive pairs
             386 ops   and   41162 exclusive pairs
time:  17,   144 facts and    1573 exclusive pairs
             386 ops   and   41162 exclusive pairs
time:  18,   144 facts and    1573 exclusive pairs
             386 ops   and   41162 exclusive pairs
time:  19,   144 facts and    1573 exclusive pairs
             386 ops   and   41162 exclusive pairs
time:  20,   144 facts and    1573 exclusive pairs
             386 ops   and   41162 exclusive pairs
time:  21,   144 facts and    1573 exclusive pairs
             386 ops   and   41162 exclusive pairs
time:  22,   144 facts and    1573 exclusive pairs
             386 ops   and   41162 exclusive pairs
time:  23,   144 facts and    1573 exclusive pairs
             386 ops   and   41162 exclusive pairs
time:  24,   144 facts and    1573 exclusive pairs
             386 ops   and   41162 exclusive pairs
time:  25,   144 facts and    1573 exclusive pairs
             386 ops   and   41162 exclusive pairs
time:  26,   144 facts and    1573 exclusive pairs
             386 ops   and   41162 exclusive pairs
time:  27,   144 facts and    1573 exclusive pairs
             386 ops   and   41162 exclusive pairs
time:  28,   144 facts and    1573 exclusive pairs
             386 ops   and   41162 exclusive pairs
time:  29,   144 facts and    1573 exclusive pairs
             386 ops   and   41162 exclusive pairs
time:  30,   144 facts and    1573 exclusive pairs

creating thin gp-based encoding...
plan graph layer 0...
plan graph layer 1...
plan graph layer 2...
plan graph layer 3...
plan graph layer 4...
plan graph layer 5...
plan graph layer 6...
plan graph layer 7...
plan graph layer 8...
plan graph layer 9...
plan graph layer 10...
plan graph layer 11...
plan graph layer 12...
plan graph layer 13...
plan graph layer 14...
plan graph layer 15...
plan graph layer 16...
plan graph layer 17...
plan graph layer 18...
plan graph layer 19...
plan graph layer 20...
plan graph layer 21...
plan graph layer 22...
plan graph layer 23...
plan graph layer 24...
plan graph layer 25...
plan graph layer 26...
plan graph layer 27...
plan graph layer 28...
plan graph layer 29...
plan graph layer 30...
goal constraints...
exclusion constraints layer 0...
exclusion constraints layer 1...
exclusion constraints layer 2...
exclusion constraints layer 3...
exclusion constraints layer 4...
exclusion constraints layer 5...
exclusion constraints layer 6...
exclusion constraints layer 7...
exclusion constraints layer 8...
exclusion constraints layer 9...
exclusion constraints layer 10...
exclusion constraints layer 11...
exclusion constraints layer 12...
exclusion constraints layer 13...
exclusion constraints layer 14...
exclusion constraints layer 15...
exclusion constraints layer 16...
exclusion constraints layer 17...
exclusion constraints layer 18...
exclusion constraints layer 19...
exclusion constraints layer 20...
exclusion constraints layer 21...
exclusion constraints layer 22...
exclusion constraints layer 23...
exclusion constraints layer 24...
exclusion constraints layer 25...
exclusion constraints layer 26...
exclusion constraints layer 27...
exclusion constraints layer 28...
exclusion constraints layer 29...
exclusion constraints layer 30...

DECISION LAYER 30, WRITING THIN GP-BASED ENCODING WITH 13903 VARS, 687589 CLAUSES.

time spent:    0.00 seconds instantiating 264 action templates
               0.00 seconds reachability analysis, yielding 155 facts and 264 actions
               0.00 seconds collecting 155 relevant facts
               0.00 seconds building connectivity graph
               0.00 seconds building (std) graph
               0.04 seconds CNF output time
               0.04 seconds total planner time (solving not included)

Pruned:  0: (PICK-UP B) [1]
Pruned:  0: (PICK-UP B) [1]
Pruned:  0: (PICK-UP B) [1]
Pruned:  0: (PICK-UP B) [1]
Pruned:  0: (PICK-UP B) [1]
Pruned:  0: (PICK-UP B) [1]
Pruned:  0: (PICK-UP B) [1]
Pruned:  0: (PICK-UP B) [1]
Pruned:  0: (PICK-UP B) [1]
Pruned:  0: (PICK-UP B) [1]
Pruned:  0: (PICK-UP B) [1]
Pruned:  0: (PICK-UP B) [1]
Pruned:  0: (PICK-UP B) [1]
Pruned:  0: (PICK-UP B) [1]
Pruned:  0: (PICK-UP B) [1]
Pruned:  0: (PICK-UP B) [1]
Pruned:  0: (PICK-UP B) [1]
Pruned:  0: (PICK-UP B) [1]
Pruned:  0: (PICK-UP B) [1]
Pruned:  0: (PICK-UP B) [1]
Pruned:  0: (PICK-UP B) [1]
Pruned:  0: (PICK-UP B) [1]
Pruned:  0: (PICK-UP B) [1]
Pruned:  0: (PICK-UP B) [1]
Pruned:  0: (PICK-UP B) [1]
Pruned:  0: (PICK-UP B) [1]
Pruned:  0: (PICK-UP B) [1]
Pruned:  0: (PICK-UP B) [1]
Pruned:  0: (PICK-UP B) [1]
Pruned:  0: (PICK-UP B) [1]
Pruned:  0: (PICK-UP B) [1]
Pruned:  0: (PICK-UP B) [1]
Pruned:  0: (PICK-UP B) [1]
Pruned:  0: (PICK-UP B) [1]
Pruned:  0: (PICK-UP B) [1]
Pruned:  0: (PICK-UP B) [1]
Pruned:  0: (PICK-UP B) [1]
Pruned:  0: (PICK-UP B) [1]
Pruned:  0: (PICK-UP B) [1]
Pruned:  0: (PICK-UP B) [1]
Pruned:  0: (PICK-UP B) [1]
Pruned:  0: (PICK-UP B) [1]
Pruned:  0: (PICK-UP B) [1]
Pruned:  0: (PICK-UP B) [1]
Pruned:  0: (PICK-UP B) [1]
Pruned:  0: (PICK-UP B) [1]
Pruned:  0: (PICK-UP B) [1]
Pruned:  0: (PICK-UP B) [1]
Pruned:  0: (PICK-UP B) [1]
Pruned:  0: (PICK-UP B) [1]
Pruned:  0: (PICK-UP B) [1]
Pruned:  0: (PICK-UP B) [1]
Pruned:  0: (PICK-UP B) [1]
Pruned:  0: (PICK-UP B) [1]
Pruned:  0: (PICK-UP B) [1]
Pruned:  0: (PICK-UP B) [1]
Pruned:  0: (PICK-UP B) [1]
Pruned:  0: (PICK-UP B) [1]
Pruned:  0: (PICK-UP B) [1]
Pruned:  0: (PICK-UP B) [1]
Pruned:  0: (PICK-UP B) [1]
Pruned:  0: (PICK-UP B) [1]
Pruned:  0: (PICK-UP B) [1]
Pruned:  0: (PICK-UP B) [1]
Pruned:  0: (PICK-UP B) [1]
Pruned:  0: (PICK-UP B) [1]
Pruned:  0: (PICK-UP B) [1]
Pruned:  0: (PICK-UP B) [1]
Pruned:  0: (PICK-UP B) [1]
Pruned:  0: (PICK-UP B) [1]
Pruned:  0: (PICK-UP B) [1]
Pruned:  0: (PICK-UP B) [1]
Pruned:  0: (PICK-UP B) [1]
Pruned:  0: (PICK-UP B) [1]
Pruned:  0: (PICK-UP B) [1]
Pruned:  0: (PICK-UP B) [1]
Pruned:  0: (PICK-UP B) [1]
Pruned:  0: (PICK-UP B) [1]
Pruned:  0: (PICK-UP B) [1]
Pruned:  0: (PICK-UP B) [1]
Pruned:  0: (PICK-UP B) [1]
Pruned:  0: (PICK-UP B) [1]
Pruned:  0: (PICK-UP B) [1]
Pruned:  0: (PICK-UP B) [1]
Pruned:  0: (PICK-UP B) [1]
Pruned:  0: (PICK-UP B) [1]
Pruned:  0: (PICK-UP B) [1]
Pruned:  0: (PICK-UP B) [1]
Pruned:  0: (PICK-UP B) [1]
Pruned:  0: (PICK-UP B) [1]
Pruned:  0: (PICK-UP B) [1]
Pruned:  0: (PICK-UP B) [1]
Pruned:  0: (PICK-UP B) [1]
Pruned:  0: (PICK-UP B) [1]
Pruned:  0: (PICK-UP B) [1]
Pruned:  0: (PICK-UP B) [1]
Pruned:  0: (PICK-UP B) [1]
Pruned:  0: (PICK-UP B) [1]
Pruned:  0: (PICK-UP B) [1]
Pruned:  0: (PICK-UP B) [1]
Pruned:  0: (PICK-UP B) [1]
Pruned:  0: (PICK-UP B) [1]
Pruned:  0: (PICK-UP B) [1]
Pruned:  0: (PICK-UP B) [1]
Pruned:  0: (PICK-UP B) [1]
Pruned:  0: (PICK-UP B) [1]
Pruned:  0: (PICK-UP B) [1]
Pruned:  0: (PICK-UP B) [1]
Pruned:  0: (PICK-UP B) [1]
Pruned:  0: (PICK-UP B) [1]
Pruned:  0: (PICK-UP B) [1]
Pruned:  0: (PICK-UP B) [1]
Pruned:  0: (PICK-UP B) [1]
Pruned:  0: (PICK-UP B) [1]
Pruned:  0: (PICK-UP B) [1]
Pruned:  0: (PICK-UP B) [1]
Pruned:  0: (PICK-UP B) [1]
Pruned:  0: (PICK-UP B) [1]
Pruned:  0: (PICK-UP B) [1]
Pruned:  0: (PICK-UP B) [1]
Pruned:  0: (PICK-UP B) [1]
Pruned:  0: (PICK-UP B) [1]
Pruned:  0: (PICK-UP B) [1]
Pruned:  0: (PICK-UP B) [1]
Pruned:  0: (PICK-UP B) [1]
Pruned:  0: (PICK-UP B) [1]
Pruned:  0: (PICK-UP B) [1]
Pruned:  0: (PICK-UP B) [1]
Pruned:  0: (PICK-UP B) [1]
Pruned:  0: (PICK-UP B) [1]
Pruned:  0: (PICK-UP B) [1]
Pruned:  0: (PICK-UP B) [1]
Pruned:  0: (PICK-UP B) [1]
Pruned:  0: (PICK-UP B) [1]
Pruned:  0: (PICK-UP B) [1]
Pruned:  0: (PICK-UP B) [1]
Pruned:  0: (PICK-UP B) [1]
Pruned:  0: (PICK-UP B) [1]
Pruned:  0: (PICK-UP B) [1]
Pruned:  0: (PICK-UP B) [1]
Pruned:  0: (PICK-UP B) [1]
Pruned:  0: (PICK-UP B) [1]
Pruned:  0: (PICK-UP B) [1]
Pruned:  0: (PICK-UP B) [1]
Pruned:  0: (PICK-UP B) [1]
Pruned:  0: (PICK-UP B) [1]
Pruned:  0: (PICK-UP B) [1]
Pruned:  0: (PICK-UP B) [1]
Pruned:  0: (PICK-UP B) [1]
Pruned:  0: (PICK-UP B) [1]
Pruned:  0: (PICK-UP B) [1]
Pruned:  0: (PICK-UP B) [1]
Pruned:  0: (PICK-UP B) [1]
Pruned:  0: (PICK-UP B) [1]
Pruned:  0: (PICK-UP B) [1]
Pruned:  0: (PICK-UP B) [1]
Pruned:  0: (PICK-UP B) [1]
Pruned:  0: (PICK-UP B) [1]
Pruned:  0: (PICK-UP B) [1]
Pruned:  0: (PICK-UP B) [1]
Pruned:  0: (PICK-UP B) [1]
Pruned:  0: (PICK-UP B) [1]
Pruned:  0: (PICK-UP B) [1]
Pruned:  0: (PICK-UP B) [1]
Pruned:  0: (PICK-UP B) [1]
Pruned:  0: (PICK-UP B) [1]
Pruned:  0: (PICK-UP B) [1]
Pruned:  0: (PICK-UP B) [1]
Pruned:  0: (PICK-UP B) [1]
Pruned:  0: (PICK-UP B) [1]
Pruned:  0: (PICK-UP B) [1]
Pruned:  0: (PICK-UP B) [1]
Pruned:  0: (PICK-UP B) [1]
Pruned:  0: (PICK-UP B) [1]
Pruned:  0: (PICK-UP B) [1]
Pruned:  0: (PICK-UP B) [1]
Pruned:  0: (PICK-UP B) [1]
Pruned:  0: (PICK-UP B) [1]
Pruned:  0: (PICK-UP B) [1]
Pruned:  0: (PICK-UP B) [1]
Pruned:  0: (PICK-UP B) [1]
Pruned:  0: (PICK-UP B) [1]
Pruned:  0: (PICK-UP B) [1]
Pruned:  0: (PICK-UP B) [1]
Pruned:  0: (PICK-UP B) [1]
Pruned:  0: (PICK-UP B) [1]
Pruned:  0: (PICK-UP B) [1]
Pruned:  0: (PICK-UP B) [1]
Pruned:  0: (PICK-UP B) [1]
Pruned:  0: (PICK-UP B) [1]
Pruned:  0: (PICK-UP B) [1]
Pruned:  0: (PICK-UP B) [1]
Pruned:  0: (PICK-UP B) [1]
Pruned:  0: (PICK-UP B) [1]
Pruned:  0: (PICK-UP B) [1]
Pruned:  0: (PICK-UP B) [1]
Pruned:  0: (PICK-UP B) [1]
Pruned:  0: (PICK-UP B) [1]
Pruned:  0: (PICK-UP B) [1]
Pruned:  0: (PICK-UP B) [1]
Pruned:  0: (PICK-UP B) [1]
Pruned:  0: (PICK-UP B) [1]
Pruned:  0: (PICK-UP B) [1]
Pruned:  0: (PICK-UP B) [1]
Pruned:  0: (PICK-UP B) [1]
Pruned:  0: (PICK-UP B) [1]
Pruned:  0: (PICK-UP B) [1]
Pruned:  0: (PICK-UP B) [1]
Pruned:  0: (PICK-UP B) [1]
Pruned:  0: (PICK-UP B) [1]
Pruned:  0: (PICK-UP B) [1]
Pruned:  0: (PICK-UP B) [1]
Pruned:  0: (PICK-UP B) [1]
Pruned:  0: (PICK-UP B) [1]
Pruned:  0: (PICK-UP B) [1]
Pruned:  0: (PICK-UP B) [1]
Pruned:  0: (PICK-UP B) [1]
Pruned:  0: (PICK-UP B) [1]
Pruned:  0: (PICK-UP B) [1]
Pruned:  0: (PICK-UP B) [1]
Pruned:  0: (PICK-UP B) [1]
Pruned:  0: (PICK-UP B) [1]
Pruned:  0: (PICK-UP B) [1]
Pruned:  0: (PICK-UP B) [1]
Pruned:  0: (PICK-UP B) [1]
Pruned:  0: (PICK-UP B) [1]
Pruned:  0: (PICK-UP B) [1]
Pruned:  0: (PICK-UP B) [1]
Pruned:  0: (PICK-UP B) [1]
Pruned:  0: (PICK-UP B) [1]
Pruned:  0: (PICK-UP B) [1]
Pruned:  0: (PICK-UP B) [1]
Pruned:  0: (PICK-UP B) [1]
Pruned:  0: (PICK-UP B) [1]
Pruned:  0: (PICK-UP B) [1]
Pruned:  0: (PICK-UP B) [1]
Pruned:  0: (PICK-UP B) [1]
Pruned:  0: (PICK-UP B) [1]
Pruned:  0: (PICK-UP B) [1]
Pruned:  0: (PICK-UP B) [1]
Pruned:  0: (PICK-UP B) [1]
Pruned:  0: (PICK-UP B) [1]
Pruned:  0: (PICK-UP B) [1]
Pruned:  0: (PICK-UP B) [1]
Pruned:  0: (PICK-UP B) [1]
Pruned:  0: (PICK-UP B) [1]
Pruned:  0: (PICK-UP B) [1]
Pruned:  0: (PICK-UP B) [1]
Pruned:  0: (PICK-UP B) [1]
Pruned:  0: (PICK-UP B) [1]
Pruned:  0: (PICK-UP B) [1]
Pruned:  0: (PICK-UP B) [1]
Pruned:  0: (PICK-UP B) [1]
Pruned:  0: (PICK-UP B) [1]
Pruned:  0: (PICK-UP B) [1]
Pruned:  0: (PICK-UP B) [1]
Pruned:  0: (PICK-UP B) [1]
Pruned:  0: (PICK-UP B) [1]
Pruned:  0: (PICK-UP B) [1]
Pruned:  0: (PICK-UP B) [1]
Pruned:  0: (PICK-UP B) [1]
Pruned:  0: (PICK-UP B) [1]
Pruned:  0: (PICK-UP B) [1]
Pruned:  0: (PICK-UP B) [1]
Pruned:  0: (PICK-UP B) [1]
Pruned:  0: (PICK-UP B) [1]
Pruned:  0: (PICK-UP B) [1]
Pruned:  0: (PICK-UP B) [1]
Pruned:  0: (PICK-UP B) [1]
Pruned:  0: (PICK-UP B) [1]
Pruned:  0: (PICK-UP B) [1]
Pruned:  0: (PICK-UP B) [1]
Pruned:  0: (PICK-UP B) [1]
Pruned:  0: (PICK-UP B) [1]
Pruned:  0: (PICK-UP B) [1]
Pruned:  0: (PICK-UP B) [1]
Pruned:  0: (PICK-UP B) [1]
Pruned:  0: (PICK-UP B) [1]
Pruned:  0: (PICK-UP B) [1]
Pruned:  0: (PICK-UP B) [1]
Pruned:  0: (PICK-UP B) [1]
Pruned:  0: (PICK-UP B) [1]
Pruned:  0: (PICK-UP B) [1]
Pruned:  0: (PICK-UP B) [1]
Pruned:  0: (PICK-UP B) [1]
Pruned:  0: (PICK-UP B) [1]
Pruned:  0: (PICK-UP B) [1]
Pruned:  0: (PICK-UP B) [1]
Pruned:  0: (PICK-UP B) [1]
Pruned:  0: (PICK-UP B) [1]
Pruned:  0: (PICK-UP B) [1]
Pruned:  0: (PICK-UP B) [1]
Pruned:  0: (PICK-UP B) [1]
Pruned:  0: (PICK-UP B) [1]
Pruned:  0: (PICK-UP B) [1]
Pruned:  0: (PICK-UP B) [1]
Pruned:  0: (PICK-UP B) [1]
Pruned:  0: (PICK-UP B) [1]
Pruned:  0: (PICK-UP B) [1]
Pruned:  0: (PICK-UP B) [1]
Pruned:  0: (PICK-UP B) [1]
Pruned:  0: (PICK-UP B) [1]
Pruned:  0: (PICK-UP B) [1]
Pruned:  0: (PICK-UP B) [1]
Pruned:  0: (PICK-UP B) [1]
Pruned:  0: (PICK-UP B) [1]
Pruned:  0: (PICK-UP B) [1]
Pruned:  0: (PICK-UP B) [1]
Pruned:  0: (PICK-UP B) [1]
Pruned:  0: (PICK-UP B) [1]
Pruned:  0: (PICK-UP B) [1]
Pruned:  0: (PICK-UP B) [1]
Pruned:  0: (PICK-UP B) [1]
Pruned:  0: (PICK-UP B) [1]
Pruned:  0: (PICK-UP B) [1]
Pruned:  0: (PICK-UP B) [1]
Pruned:  0: (PICK-UP B) [1]
Pruned:  0: (PICK-UP B) [1]
Pruned:  0: (PICK-UP B) [1]
Pruned:  0: (PICK-UP B) [1]
Pruned:  0: (PICK-UP B) [1]
Pruned:  0: (PICK-UP B) [1]
Pruned:  0: (PICK-UP B) [1]
Pruned:  0: (PICK-UP B) [1]
Pruned:  0: (PICK-UP B) [1]
Pruned:  0: (PICK-UP B) [1]
Pruned:  0: (PICK-UP B) [1]
Pruned:  0: (PICK-UP B) [1]
Pruned:  0: (PICK-UP B) [1]
Pruned:  0: (PICK-UP B) [1]
Pruned:  0: (PICK-UP B) [1]
Pruned:  0: (PICK-UP B) [1]
Pruned:  0: (PICK-UP B) [1]
Pruned:  0: (PICK-UP B) [1]
Pruned:  0: (PICK-UP B) [1]
Pruned:  0: (PICK-UP B) [1]
Pruned:  0: (PICK-UP B) [1]
Pruned:  0: (PICK-UP B) [1]
Pruned:  0: (PICK-UP B) [1]
Pruned:  0: (PICK-UP B) [1]
Pruned:  0: (PICK-UP B) [1]
Pruned:  0: (PICK-UP B) [1]
Pruned:  0: (PICK-UP B) [1]
Pruned:  0: (PICK-UP B) [1]
Pruned:  0: (PICK-UP B) [1]
Pruned:  0: (PICK-UP B) [1]
Pruned:  0: (PICK-UP B) [1]
Pruned:  0: (PICK-UP B) [1]
Pruned:  0: (PICK-UP B) [1]
Pruned:  0: (PICK-UP B) [1]
Pruned:  0: (PICK-UP B) [1]
Pruned:  0: (PICK-UP B) [1]
Pruned:  0: (PICK-UP B) [1]
Pruned:  0: (PICK-UP B) [1]
Pruned:  0: (PICK-UP B) [1]
Pruned:  0: (PICK-UP B) [1]
Pruned:  0: (PICK-UP B) [1]
Pruned:  0: (PICK-UP B) [1]
Pruned:  0: (PICK-UP B) [1]
Pruned:  0: (PICK-UP B) [1]
Pruned:  0: (PICK-UP B) [1]
Pruned:  0: (PICK-UP B) [1]
Pruned:  0: (PICK-UP B) [1]
Pruned:  0: (PICK-UP B) [1]
Pruned:  0: (PICK-UP B) [1]
Pruned:  0: (PICK-UP B) [1]
Pruned:  0: (PICK-UP B) [1]
Pruned:  0: (PICK-UP B) [1]
Pruned:  0: (PICK-UP B) [1]
Pruned:  0: (PICK-UP B) [1]
Pruned:  0: (PICK-UP B) [1]
Pruned:  0: (PICK-UP B) [1]
Pruned:  0: (PICK-UP B) [1]
Pruned:  0: (PICK-UP B) [1]
Pruned:  0: (PICK-UP B) [1]
Pruned:  0: (PICK-UP B) [1]
Pruned:  0: (PICK-UP B) [1]
Pruned:  0: (PICK-UP B) [1]
Pruned:  0: (PICK-UP B) [1]
Pruned:  0: (PICK-UP B) [1]
Pruned:  0: (PICK-UP B) [1]
Pruned:  0: (PICK-UP B) [1]
Pruned:  0: (PICK-UP B) [1]
Pruned:  0: (PICK-UP B) [1]
Pruned:  0: (PICK-UP B) [1]
Pruned:  0: (PICK-UP B) [1]
Pruned:  0: (PICK-UP B) [1]
Pruned:  0: (PICK-UP B) [1]
Pruned:  0: (PICK-UP B) [1]
Pruned:  0: (PICK-UP B) [1]
Pruned:  0: (PICK-UP B) [1]
Pruned:  0: (PICK-UP B) [1]
Pruned:  0: (PICK-UP B) [1]
Pruned:  0: (PICK-UP B) [1]
Pruned:  0: (PICK-UP B) [1]
Pruned:  0: (PICK-UP B) [1]
Pruned:  0: (PICK-UP B) [1]
Pruned:  0: (PICK-UP B) [1]
Pruned:  0: (PICK-UP B) [1]
Pruned:  0: (PICK-UP B) [1]
Pruned:  0: (PICK-UP B) [1]
Pruned:  0: (PICK-UP B) [1]
Pruned:  0: (PICK-UP B) [1]
Pruned:  0: (PICK-UP B) [1]
Pruned:  0: (PICK-UP B) [1]
Pruned:  0: (PICK-UP B) [1]
Pruned:  0: (PICK-UP B) [1]
Pruned:  0: (PICK-UP B) [1]
Pruned:  0: (PICK-UP B) [1]
Pruned:  0: (PICK-UP B) [1]
Pruned:  0: (PICK-UP B) [1]
Pruned:  0: (PICK-UP B) [1]
Pruned:  0: (PICK-UP B) [1]
Pruned:  0: (PICK-UP B) [1]
Pruned:  0: (PICK-UP B) [1]
Pruned:  0: (PICK-UP B) [1]
Pruned:  0: (PICK-UP B) [1]
Pruned:  0: (PICK-UP B) [1]
Pruned:  0: (PICK-UP B) [1]
Pruned:  0: (PICK-UP B) [1]
Pruned:  0: (PICK-UP B) [1]
Pruned:  0: (PICK-UP B) [1]
Pruned:  0: (PICK-UP B) [1]
Pruned:  0: (PICK-UP B) [1]
Pruned:  0: (PICK-UP B) [1]
Pruned:  0: (PICK-UP B) [1]
Pruned:  0: (PICK-UP B) [1]
Pruned:  0: (PICK-UP B) [1]
Pruned:  0: (PICK-UP B) [1]
Pruned:  0: (PICK-UP B) [1]
Pruned:  0: (PICK-UP B) [1]
Pruned:  0: (PICK-UP B) [1]
Pruned:  0: (PICK-UP B) [1]
Pruned:  0: (PICK-UP B) [1]
Pruned:  0: (PICK-UP B) [1]
Pruned:  0: (PICK-UP B) [1]
Pruned:  0: (PICK-UP B) [1]
Pruned:  0: (PICK-UP B) [1]
Pruned:  0: (PICK-UP B) [1]
Pruned:  0: (PICK-UP B) [1]
Pruned:  0: (PICK-UP B) [1]
Pruned:  0: (PICK-UP B) [1]
Pruned:  0: (PICK-UP B) [1]
Pruned:  0: (PICK-UP B) [1]
Pruned:  0: (PICK-UP B) [1]
Pruned:  0: (PICK-UP B) [1]
Pruned:  0: (PICK-UP B) [1]
Pruned:  0: (PICK-UP B) [1]
Pruned:  0: (PICK-UP B) [1]
Pruned:  0: (PICK-UP B) [1]
Pruned:  0: (PICK-UP B) [1]
Pruned:  0: (PICK-UP B) [1]
Pruned:  0: (PICK-UP B) [1]
Pruned:  0: (PICK-UP B) [1]
Pruned:  0: (PICK-UP B) [1]
Pruned:  0: (PICK-UP B) [1]
Pruned:  0: (PICK-UP B) [1]
Pruned:  0: (PICK-UP B) [1]
Pruned:  0: (PICK-UP B) [1]
Pruned:  0: (PICK-UP B) [1]
Pruned:  0: (PICK-UP B) [1]
Pruned:  0: (PICK-UP B) [1]
Pruned:  0: (PICK-UP B) [1]
Pruned:  0: (PICK-UP B) [1]
Pruned:  0: (PICK-UP B) [1]
Pruned:  0: (PICK-UP B) [1]
Pruned:  0: (PICK-UP B) [1]
Pruned:  0: (PICK-UP B) [1]
Pruned:  0: (PICK-UP B) [1]
Pruned:  0: (PICK-UP B) [1]
Pruned:  0: (PICK-UP B) [1]
Pruned:  0: (PICK-UP B) [1]
Pruned:  0: (PICK-UP B) [1]
Pruned:  0: (PICK-UP B) [1]
Pruned:  0: (PICK-UP B) [1]
Pruned:  0: (PICK-UP B) [1]
Pruned:  0: (PICK-UP B) [1]
Pruned:  0: (PICK-UP B) [1]
Pruned:  0: (PICK-UP B) [1]
Pruned:  0: (PICK-UP B) [1]
Pruned:  0: (PICK-UP B) [1]
Pruned:  0: (PICK-UP B) [1]
Pruned:  0: (PICK-UP B) [1]
Pruned:  0: (PICK-UP B) [1]
Pruned:  0: (PICK-UP B) [1]
Pruned:  0: (PICK-UP B) [1]
Pruned:  0: (PICK-UP B) [1]
Pruned:  0: (PICK-UP B) [1]
Pruned:  0: (PICK-UP B) [1]
Pruned:  0: (PICK-UP B) [1]
Pruned:  0: (PICK-UP B) [1]
Pruned:  0: (PICK-UP B) [1]
Pruned:  0: (PICK-UP B) [1]
---SatPlan Version: 1.1
***SAT!***

Solved in 30 layers

Real Time: = 4.57
User Time: = 3.9
Syst Time: = 0.61

__MEMKB 23296
