---SatPlan Version: 1.1

bb: parsing domain file
domain 'BLOCKS' defined
 ... done.
bb: parsing problem file
problem 'BLOCKS-9-0' defined
 ... done.


time:   0,    12 facts and       0 exclusive pairs
              14 ops   and       7 exclusive pairs
time:   1,    15 facts and      11 exclusive pairs

creating thin gp-based encoding...
plan graph layer 0...
plan graph layer 1...
goal constraints...

goal fact not coded - level too low??


bb: parsing domain file
domain 'BLOCKS' defined
 ... done.
bb: parsing problem file
problem 'BLOCKS-9-0' defined
 ... done.


time:   0,    12 facts and       0 exclusive pairs
              14 ops   and       7 exclusive pairs
time:   1,    15 facts and      11 exclusive pairs
              22 ops   and      74 exclusive pairs
time:   2,    18 facts and      24 exclusive pairs

creating thin gp-based encoding...
plan graph layer 0...
plan graph layer 1...
plan graph layer 2...
goal constraints...

goal fact not coded - level too low??


bb: parsing domain file
domain 'BLOCKS' defined
 ... done.
bb: parsing problem file
problem 'BLOCKS-9-0' defined
 ... done.


time:   0,    12 facts and       0 exclusive pairs
              14 ops   and       7 exclusive pairs
time:   1,    15 facts and      11 exclusive pairs
              22 ops   and      74 exclusive pairs
time:   2,    18 facts and      24 exclusive pairs
              29 ops   and     174 exclusive pairs
time:   3,    20 facts and      36 exclusive pairs

creating thin gp-based encoding...
plan graph layer 0...
plan graph layer 1...
plan graph layer 2...
plan graph layer 3...
goal constraints...

goal fact not coded - level too low??


bb: parsing domain file
domain 'BLOCKS' defined
 ... done.
bb: parsing problem file
problem 'BLOCKS-9-0' defined
 ... done.


time:   0,    12 facts and       0 exclusive pairs
              14 ops   and       7 exclusive pairs
time:   1,    15 facts and      11 exclusive pairs
              22 ops   and      74 exclusive pairs
time:   2,    18 facts and      24 exclusive pairs
              29 ops   and     174 exclusive pairs
time:   3,    20 facts and      36 exclusive pairs
              36 ops   and     316 exclusive pairs
time:   4,    24 facts and      68 exclusive pairs

creating thin gp-based encoding...
plan graph layer 0...
plan graph layer 1...
plan graph layer 2...
plan graph layer 3...
plan graph layer 4...
goal constraints...

goal fact not coded - level too low??


bb: parsing domain file
domain 'BLOCKS' defined
 ... done.
bb: parsing problem file
problem 'BLOCKS-9-0' defined
 ... done.


time:   0,    12 facts and       0 exclusive pairs
              14 ops   and       7 exclusive pairs
time:   1,    15 facts and      11 exclusive pairs
              22 ops   and      74 exclusive pairs
time:   2,    18 facts and      24 exclusive pairs
              29 ops   and     174 exclusive pairs
time:   3,    20 facts and      36 exclusive pairs
              36 ops   and     316 exclusive pairs
time:   4,    24 facts and      68 exclusive pairs
              45 ops   and     554 exclusive pairs
time:   5,    26 facts and      79 exclusive pairs

creating thin gp-based encoding...
plan graph layer 0...
plan graph layer 1...
plan graph layer 2...
plan graph layer 3...
plan graph layer 4...
plan graph layer 5...
goal constraints...

goal fact not coded - level too low??


bb: parsing domain file
domain 'BLOCKS' defined
 ... done.
bb: parsing problem file
problem 'BLOCKS-9-0' defined
 ... done.


time:   0,    12 facts and       0 exclusive pairs
              14 ops   and       7 exclusive pairs
time:   1,    15 facts and      11 exclusive pairs
              22 ops   and      74 exclusive pairs
time:   2,    18 facts and      24 exclusive pairs
              29 ops   and     174 exclusive pairs
time:   3,    20 facts and      36 exclusive pairs
              36 ops   and     316 exclusive pairs
time:   4,    24 facts and      68 exclusive pairs
              45 ops   and     554 exclusive pairs
time:   5,    26 facts and      79 exclusive pairs
              54 ops   and     844 exclusive pairs
time:   6,    32 facts and     149 exclusive pairs

creating thin gp-based encoding...
plan graph layer 0...
plan graph layer 1...
plan graph layer 2...
plan graph layer 3...
plan graph layer 4...
plan graph layer 5...
plan graph layer 6...
goal constraints...

goal fact not coded - level too low??


bb: parsing domain file
domain 'BLOCKS' defined
 ... done.
bb: parsing problem file
problem 'BLOCKS-9-0' defined
 ... done.


time:   0,    12 facts and       0 exclusive pairs
              14 ops   and       7 exclusive pairs
time:   1,    15 facts and      11 exclusive pairs
              22 ops   and      74 exclusive pairs
time:   2,    18 facts and      24 exclusive pairs
              29 ops   and     174 exclusive pairs
time:   3,    20 facts and      36 exclusive pairs
              36 ops   and     316 exclusive pairs
time:   4,    24 facts and      68 exclusive pairs
              45 ops   and     554 exclusive pairs
time:   5,    26 facts and      79 exclusive pairs
              54 ops   and     844 exclusive pairs
time:   6,    32 facts and     149 exclusive pairs
              67 ops   and    1382 exclusive pairs
time:   7,    34 facts and     150 exclusive pairs

creating thin gp-based encoding...
plan graph layer 0...
plan graph layer 1...
plan graph layer 2...
plan graph layer 3...
plan graph layer 4...
plan graph layer 5...
plan graph layer 6...
plan graph layer 7...
goal constraints...

goal fact not coded - level too low??


bb: parsing domain file
domain 'BLOCKS' defined
 ... done.
bb: parsing problem file
problem 'BLOCKS-9-0' defined
 ... done.


time:   0,    12 facts and       0 exclusive pairs
              14 ops   and       7 exclusive pairs
time:   1,    15 facts and      11 exclusive pairs
              22 ops   and      74 exclusive pairs
time:   2,    18 facts and      24 exclusive pairs
              29 ops   and     174 exclusive pairs
time:   3,    20 facts and      36 exclusive pairs
              36 ops   and     316 exclusive pairs
time:   4,    24 facts and      68 exclusive pairs
              45 ops   and     554 exclusive pairs
time:   5,    26 facts and      79 exclusive pairs
              54 ops   and     844 exclusive pairs
time:   6,    32 facts and     149 exclusive pairs
              67 ops   and    1382 exclusive pairs
time:   7,    34 facts and     150 exclusive pairs
              78 ops   and    1882 exclusive pairs
time:   8,    42 facts and     272 exclusive pairs

creating thin gp-based encoding...
plan graph layer 0...
plan graph layer 1...
plan graph layer 2...
plan graph layer 3...
plan graph layer 4...
plan graph layer 5...
plan graph layer 6...
plan graph layer 7...
plan graph layer 8...
goal constraints...

goal fact not coded - level too low??


bb: parsing domain file
domain 'BLOCKS' defined
 ... done.
bb: parsing problem file
problem 'BLOCKS-9-0' defined
 ... done.


time:   0,    12 facts and       0 exclusive pairs
              14 ops   and       7 exclusive pairs
time:   1,    15 facts and      11 exclusive pairs
              22 ops   and      74 exclusive pairs
time:   2,    18 facts and      24 exclusive pairs
              29 ops   and     174 exclusive pairs
time:   3,    20 facts and      36 exclusive pairs
              36 ops   and     316 exclusive pairs
time:   4,    24 facts and      68 exclusive pairs
              45 ops   and     554 exclusive pairs
time:   5,    26 facts and      79 exclusive pairs
              54 ops   and     844 exclusive pairs
time:   6,    32 facts and     149 exclusive pairs
              67 ops   and    1382 exclusive pairs
time:   7,    34 facts and     150 exclusive pairs
              78 ops   and    1882 exclusive pairs
time:   8,    42 facts and     272 exclusive pairs
              95 ops   and    2890 exclusive pairs
time:   9,    44 facts and     255 exclusive pairs

creating thin gp-based encoding...
plan graph layer 0...
plan graph layer 1...
plan graph layer 2...
plan graph layer 3...
plan graph layer 4...
plan graph layer 5...
plan graph layer 6...
plan graph layer 7...
plan graph layer 8...
plan graph layer 9...
goal constraints...

goal fact not coded - level too low??


bb: parsing domain file
domain 'BLOCKS' defined
 ... done.
bb: parsing problem file
problem 'BLOCKS-9-0' defined
 ... done.


time:   0,    12 facts and       0 exclusive pairs
              14 ops   and       7 exclusive pairs
time:   1,    15 facts and      11 exclusive pairs
              22 ops   and      74 exclusive pairs
time:   2,    18 facts and      24 exclusive pairs
              29 ops   and     174 exclusive pairs
time:   3,    20 facts and      36 exclusive pairs
              36 ops   and     316 exclusive pairs
time:   4,    24 facts and      68 exclusive pairs
              45 ops   and     554 exclusive pairs
time:   5,    26 facts and      79 exclusive pairs
              54 ops   and     844 exclusive pairs
time:   6,    32 facts and     149 exclusive pairs
              67 ops   and    1382 exclusive pairs
time:   7,    34 facts and     150 exclusive pairs
              78 ops   and    1882 exclusive pairs
time:   8,    42 facts and     272 exclusive pairs
              95 ops   and    2890 exclusive pairs
time:   9,    44 facts and     255 exclusive pairs
             108 ops   and    3676 exclusive pairs
time:  10,    54 facts and     443 exclusive pairs

creating thin gp-based encoding...
plan graph layer 0...
plan graph layer 1...
plan graph layer 2...
plan graph layer 3...
plan graph layer 4...
plan graph layer 5...
plan graph layer 6...
plan graph layer 7...
plan graph layer 8...
plan graph layer 9...
plan graph layer 10...
goal constraints...

goal fact not coded - level too low??


bb: parsing domain file
domain 'BLOCKS' defined
 ... done.
bb: parsing problem file
problem 'BLOCKS-9-0' defined
 ... done.


time:   0,    12 facts and       0 exclusive pairs
              14 ops   and       7 exclusive pairs
time:   1,    15 facts and      11 exclusive pairs
              22 ops   and      74 exclusive pairs
time:   2,    18 facts and      24 exclusive pairs
              29 ops   and     174 exclusive pairs
time:   3,    20 facts and      36 exclusive pairs
              36 ops   and     316 exclusive pairs
time:   4,    24 facts and      68 exclusive pairs
              45 ops   and     554 exclusive pairs
time:   5,    26 facts and      79 exclusive pairs
              54 ops   and     844 exclusive pairs
time:   6,    32 facts and     149 exclusive pairs
              67 ops   and    1382 exclusive pairs
time:   7,    34 facts and     150 exclusive pairs
              78 ops   and    1882 exclusive pairs
time:   8,    42 facts and     272 exclusive pairs
              95 ops   and    2890 exclusive pairs
time:   9,    44 facts and     255 exclusive pairs
             108 ops   and    3676 exclusive pairs
time:  10,    54 facts and     443 exclusive pairs
             129 ops   and    5360 exclusive pairs
time:  11,    56 facts and     400 exclusive pairs

creating thin gp-based encoding...
plan graph layer 0...
plan graph layer 1...
plan graph layer 2...
plan graph layer 3...
plan graph layer 4...
plan graph layer 5...
plan graph layer 6...
plan graph layer 7...
plan graph layer 8...
plan graph layer 9...
plan graph layer 10...
plan graph layer 11...
goal constraints...

goal fact not coded - level too low??


bb: parsing domain file
domain 'BLOCKS' defined
 ... done.
bb: parsing problem file
problem 'BLOCKS-9-0' defined
 ... done.


time:   0,    12 facts and       0 exclusive pairs
              14 ops   and       7 exclusive pairs
time:   1,    15 facts and      11 exclusive pairs
              22 ops   and      74 exclusive pairs
time:   2,    18 facts and      24 exclusive pairs
              29 ops   and     174 exclusive pairs
time:   3,    20 facts and      36 exclusive pairs
              36 ops   and     316 exclusive pairs
time:   4,    24 facts and      68 exclusive pairs
              45 ops   and     554 exclusive pairs
time:   5,    26 facts and      79 exclusive pairs
              54 ops   and     844 exclusive pairs
time:   6,    32 facts and     149 exclusive pairs
              67 ops   and    1382 exclusive pairs
time:   7,    34 facts and     150 exclusive pairs
              78 ops   and    1882 exclusive pairs
time:   8,    42 facts and     272 exclusive pairs
              95 ops   and    2890 exclusive pairs
time:   9,    44 facts and     255 exclusive pairs
             108 ops   and    3676 exclusive pairs
time:  10,    54 facts and     443 exclusive pairs
             129 ops   and    5360 exclusive pairs
time:  11,    56 facts and     400 exclusive pairs
             144 ops   and    6520 exclusive pairs
time:  12,    68 facts and     668 exclusive pairs

creating thin gp-based encoding...
plan graph layer 0...
plan graph layer 1...
plan graph layer 2...
plan graph layer 3...
plan graph layer 4...
plan graph layer 5...
plan graph layer 6...
plan graph layer 7...
plan graph layer 8...
plan graph layer 9...
plan graph layer 10...
plan graph layer 11...
plan graph layer 12...
goal constraints...

goal fact not coded - level too low??


bb: parsing domain file
domain 'BLOCKS' defined
 ... done.
bb: parsing problem file
problem 'BLOCKS-9-0' defined
 ... done.


time:   0,    12 facts and       0 exclusive pairs
              14 ops   and       7 exclusive pairs
time:   1,    15 facts and      11 exclusive pairs
              22 ops   and      74 exclusive pairs
time:   2,    18 facts and      24 exclusive pairs
              29 ops   and     174 exclusive pairs
time:   3,    20 facts and      36 exclusive pairs
              36 ops   and     316 exclusive pairs
time:   4,    24 facts and      68 exclusive pairs
              45 ops   and     554 exclusive pairs
time:   5,    26 facts and      79 exclusive pairs
              54 ops   and     844 exclusive pairs
time:   6,    32 facts and     149 exclusive pairs
              67 ops   and    1382 exclusive pairs
time:   7,    34 facts and     150 exclusive pairs
              78 ops   and    1882 exclusive pairs
time:   8,    42 facts and     272 exclusive pairs
              95 ops   and    2890 exclusive pairs
time:   9,    44 facts and     255 exclusive pairs
             108 ops   and    3676 exclusive pairs
time:  10,    54 facts and     443 exclusive pairs
             129 ops   and    5360 exclusive pairs
time:  11,    56 facts and     400 exclusive pairs
             144 ops   and    6520 exclusive pairs
time:  12,    68 facts and     668 exclusive pairs
             169 ops   and    9122 exclusive pairs
time:  13,    70 facts and     591 exclusive pairs

creating thin gp-based encoding...
plan graph layer 0...
plan graph layer 1...
plan graph layer 2...
plan graph layer 3...
plan graph layer 4...
plan graph layer 5...
plan graph layer 6...
plan graph layer 7...
plan graph layer 8...
plan graph layer 9...
plan graph layer 10...
plan graph layer 11...
plan graph layer 12...
plan graph layer 13...
goal constraints...

goal fact not coded - level too low??


bb: parsing domain file
domain 'BLOCKS' defined
 ... done.
bb: parsing problem file
problem 'BLOCKS-9-0' defined
 ... done.


time:   0,    12 facts and       0 exclusive pairs
              14 ops   and       7 exclusive pairs
time:   1,    15 facts and      11 exclusive pairs
              22 ops   and      74 exclusive pairs
time:   2,    18 facts and      24 exclusive pairs
              29 ops   and     174 exclusive pairs
time:   3,    20 facts and      36 exclusive pairs
              36 ops   and     316 exclusive pairs
time:   4,    24 facts and      68 exclusive pairs
              45 ops   and     554 exclusive pairs
time:   5,    26 facts and      79 exclusive pairs
              54 ops   and     844 exclusive pairs
time:   6,    32 facts and     149 exclusive pairs
              67 ops   and    1382 exclusive pairs
time:   7,    34 facts and     150 exclusive pairs
              78 ops   and    1882 exclusive pairs
time:   8,    42 facts and     272 exclusive pairs
              95 ops   and    2890 exclusive pairs
time:   9,    44 facts and     255 exclusive pairs
             108 ops   and    3676 exclusive pairs
time:  10,    54 facts and     443 exclusive pairs
             129 ops   and    5360 exclusive pairs
time:  11,    56 facts and     400 exclusive pairs
             144 ops   and    6520 exclusive pairs
time:  12,    68 facts and     668 exclusive pairs
             169 ops   and    9122 exclusive pairs
time:  13,    70 facts and     591 exclusive pairs
             186 ops   and   10756 exclusive pairs
time:  14,    84 facts and     953 exclusive pairs

creating thin gp-based encoding...
plan graph layer 0...
plan graph layer 1...
plan graph layer 2...
plan graph layer 3...
plan graph layer 4...
plan graph layer 5...
plan graph layer 6...
plan graph layer 7...
plan graph layer 8...
plan graph layer 9...
plan graph layer 10...
plan graph layer 11...
plan graph layer 12...
plan graph layer 13...
plan graph layer 14...
goal constraints...

goal fact not coded - level too low??


bb: parsing domain file
domain 'BLOCKS' defined
 ... done.
bb: parsing problem file
problem 'BLOCKS-9-0' defined
 ... done.


time:   0,    12 facts and       0 exclusive pairs
              14 ops   and       7 exclusive pairs
time:   1,    15 facts and      11 exclusive pairs
              22 ops   and      74 exclusive pairs
time:   2,    18 facts and      24 exclusive pairs
              29 ops   and     174 exclusive pairs
time:   3,    20 facts and      36 exclusive pairs
              36 ops   and     316 exclusive pairs
time:   4,    24 facts and      68 exclusive pairs
              45 ops   and     554 exclusive pairs
time:   5,    26 facts and      79 exclusive pairs
              54 ops   and     844 exclusive pairs
time:   6,    32 facts and     149 exclusive pairs
              67 ops   and    1382 exclusive pairs
time:   7,    34 facts and     150 exclusive pairs
              78 ops   and    1882 exclusive pairs
time:   8,    42 facts and     272 exclusive pairs
              95 ops   and    2890 exclusive pairs
time:   9,    44 facts and     255 exclusive pairs
             108 ops   and    3676 exclusive pairs
time:  10,    54 facts and     443 exclusive pairs
             129 ops   and    5360 exclusive pairs
time:  11,    56 facts and     400 exclusive pairs
             144 ops   and    6520 exclusive pairs
time:  12,    68 facts and     668 exclusive pairs
             169 ops   and    9122 exclusive pairs
time:  13,    70 facts and     591 exclusive pairs
             186 ops   and   10756 exclusive pairs
time:  14,    84 facts and     953 exclusive pairs
             215 ops   and   14554 exclusive pairs
time:  15,    85 facts and     809 exclusive pairs

creating thin gp-based encoding...
plan graph layer 0...
plan graph layer 1...
plan graph layer 2...
plan graph layer 3...
plan graph layer 4...
plan graph layer 5...
plan graph layer 6...
plan graph layer 7...
plan graph layer 8...
plan graph layer 9...
plan graph layer 10...
plan graph layer 11...
plan graph layer 12...
plan graph layer 13...
plan graph layer 14...
plan graph layer 15...
goal constraints...

goal fact not coded - level too low??


bb: parsing domain file
domain 'BLOCKS' defined
 ... done.
bb: parsing problem file
problem 'BLOCKS-9-0' defined
 ... done.


time:   0,    12 facts and       0 exclusive pairs
              14 ops   and       7 exclusive pairs
time:   1,    15 facts and      11 exclusive pairs
              22 ops   and      74 exclusive pairs
time:   2,    18 facts and      24 exclusive pairs
              29 ops   and     174 exclusive pairs
time:   3,    20 facts and      36 exclusive pairs
              36 ops   and     316 exclusive pairs
time:   4,    24 facts and      68 exclusive pairs
              45 ops   and     554 exclusive pairs
time:   5,    26 facts and      79 exclusive pairs
              54 ops   and     844 exclusive pairs
time:   6,    32 facts and     149 exclusive pairs
              67 ops   and    1382 exclusive pairs
time:   7,    34 facts and     150 exclusive pairs
              78 ops   and    1882 exclusive pairs
time:   8,    42 facts and     272 exclusive pairs
              95 ops   and    2890 exclusive pairs
time:   9,    44 facts and     255 exclusive pairs
             108 ops   and    3676 exclusive pairs
time:  10,    54 facts and     443 exclusive pairs
             129 ops   and    5360 exclusive pairs
time:  11,    56 facts and     400 exclusive pairs
             144 ops   and    6520 exclusive pairs
time:  12,    68 facts and     668 exclusive pairs
             169 ops   and    9122 exclusive pairs
time:  13,    70 facts and     591 exclusive pairs
             186 ops   and   10756 exclusive pairs
time:  14,    84 facts and     953 exclusive pairs
             215 ops   and   14554 exclusive pairs
time:  15,    85 facts and     809 exclusive pairs
             232 ops   and   16437 exclusive pairs
time:  16,   100 facts and    1241 exclusive pairs

creating thin gp-based encoding...
plan graph layer 0...
plan graph layer 1...
plan graph layer 2...
plan graph layer 3...
plan graph layer 4...
plan graph layer 5...
plan graph layer 6...
plan graph layer 7...
plan graph layer 8...
plan graph layer 9...
plan graph layer 10...
plan graph layer 11...
plan graph layer 12...
plan graph layer 13...
plan graph layer 14...
plan graph layer 15...
plan graph layer 16...
goal constraints...
exclusion constraints layer 0...
exclusion constraints layer 1...
exclusion constraints layer 2...
exclusion constraints layer 3...
exclusion constraints layer 4...
exclusion constraints layer 5...
exclusion constraints layer 6...
exclusion constraints layer 7...
exclusion constraints layer 8...
exclusion constraints layer 9...
exclusion constraints layer 10...
exclusion constraints layer 11...
exclusion constraints layer 12...
exclusion constraints layer 13...
exclusion constraints layer 14...
exclusion constraints layer 15...
exclusion constraints layer 16...

DECISION LAYER 16, WRITING THIN GP-BASED ENCODING WITH 2407 VARS, 48340 CLAUSES.

time spent:    0.00 seconds instantiating 180 action templates
               0.00 seconds reachability analysis, yielding 109 facts and 180 actions
               0.00 seconds collecting 109 relevant facts
               0.00 seconds building connectivity graph
               0.00 seconds building (std) graph
               0.00 seconds CNF output time
               0.00 seconds total planner time (solving not included)


***Solving***


[ filemap ]
[ extract ]

variables : 2407
pure lits : 104

1-clauses : 8
2-clauses : 47716
3-clauses : 452
n-clauses : 164
discarded : 0

[ solve ]


unsatisfiable                             

[ stats ]

decisions : 0
conflicts : 1
time : ~0.01

***UNSAT***


bb: parsing domain file
domain 'BLOCKS' defined
 ... done.
bb: parsing problem file
problem 'BLOCKS-9-0' defined
 ... done.


time:   0,    12 facts and       0 exclusive pairs
              14 ops   and       7 exclusive pairs
time:   1,    15 facts and      11 exclusive pairs
              22 ops   and      74 exclusive pairs
time:   2,    18 facts and      24 exclusive pairs
              29 ops   and     174 exclusive pairs
time:   3,    20 facts and      36 exclusive pairs
              36 ops   and     316 exclusive pairs
time:   4,    24 facts and      68 exclusive pairs
              45 ops   and     554 exclusive pairs
time:   5,    26 facts and      79 exclusive pairs
              54 ops   and     844 exclusive pairs
time:   6,    32 facts and     149 exclusive pairs
              67 ops   and    1382 exclusive pairs
time:   7,    34 facts and     150 exclusive pairs
              78 ops   and    1882 exclusive pairs
time:   8,    42 facts and     272 exclusive pairs
              95 ops   and    2890 exclusive pairs
time:   9,    44 facts and     255 exclusive pairs
             108 ops   and    3676 exclusive pairs
time:  10,    54 facts and     443 exclusive pairs
             129 ops   and    5360 exclusive pairs
time:  11,    56 facts and     400 exclusive pairs
             144 ops   and    6520 exclusive pairs
time:  12,    68 facts and     668 exclusive pairs
             169 ops   and    9122 exclusive pairs
time:  13,    70 facts and     591 exclusive pairs
             186 ops   and   10756 exclusive pairs
time:  14,    84 facts and     953 exclusive pairs
             215 ops   and   14554 exclusive pairs
time:  15,    85 facts and     809 exclusive pairs
             232 ops   and   16437 exclusive pairs
time:  16,   100 facts and    1241 exclusive pairs
             262 ops   and   21224 exclusive pairs
time:  17,   100 facts and    1045 exclusive pairs

creating thin gp-based encoding...
plan graph layer 0...
plan graph layer 1...
plan graph layer 2...
plan graph layer 3...
plan graph layer 4...
plan graph layer 5...
plan graph layer 6...
plan graph layer 7...
plan graph layer 8...
plan graph layer 9...
plan graph layer 10...
plan graph layer 11...
plan graph layer 12...
plan graph layer 13...
plan graph layer 14...
plan graph layer 15...
plan graph layer 16...
plan graph layer 17...
goal constraints...
exclusion constraints layer 0...
exclusion constraints layer 1...
exclusion constraints layer 2...
exclusion constraints layer 3...
exclusion constraints layer 4...
exclusion constraints layer 5...
exclusion constraints layer 6...
exclusion constraints layer 7...
exclusion constraints layer 8...
exclusion constraints layer 9...
exclusion constraints layer 10...
exclusion constraints layer 11...
exclusion constraints layer 12...
exclusion constraints layer 13...
exclusion constraints layer 14...
exclusion constraints layer 15...
exclusion constraints layer 16...
exclusion constraints layer 17...

DECISION LAYER 17, WRITING THIN GP-BASED ENCODING WITH 2769 VARS, 61366 CLAUSES.

time spent:    0.00 seconds instantiating 180 action templates
               0.00 seconds reachability analysis, yielding 109 facts and 180 actions
               0.00 seconds collecting 109 relevant facts
               0.00 seconds building connectivity graph
               0.00 seconds building (std) graph
               0.01 seconds CNF output time
               0.01 seconds total planner time (solving not included)


***Solving***


[ filemap ]
[ extract ]

variables : 2769
pure lits : 104

1-clauses : 8
2-clauses : 60642
3-clauses : 533
n-clauses : 183
discarded : 0

[ solve ]


unsatisfiable                             

[ stats ]

decisions : 0
conflicts : 1
time : ~0.01

***UNSAT***


bb: parsing domain file
domain 'BLOCKS' defined
 ... done.
bb: parsing problem file
problem 'BLOCKS-9-0' defined
 ... done.


time:   0,    12 facts and       0 exclusive pairs
              14 ops   and       7 exclusive pairs
time:   1,    15 facts and      11 exclusive pairs
              22 ops   and      74 exclusive pairs
time:   2,    18 facts and      24 exclusive pairs
              29 ops   and     174 exclusive pairs
time:   3,    20 facts and      36 exclusive pairs
              36 ops   and     316 exclusive pairs
time:   4,    24 facts and      68 exclusive pairs
              45 ops   and     554 exclusive pairs
time:   5,    26 facts and      79 exclusive pairs
              54 ops   and     844 exclusive pairs
time:   6,    32 facts and     149 exclusive pairs
              67 ops   and    1382 exclusive pairs
time:   7,    34 facts and     150 exclusive pairs
              78 ops   and    1882 exclusive pairs
time:   8,    42 facts and     272 exclusive pairs
              95 ops   and    2890 exclusive pairs
time:   9,    44 facts and     255 exclusive pairs
             108 ops   and    3676 exclusive pairs
time:  10,    54 facts and     443 exclusive pairs
             129 ops   and    5360 exclusive pairs
time:  11,    56 facts and     400 exclusive pairs
             144 ops   and    6520 exclusive pairs
time:  12,    68 facts and     668 exclusive pairs
             169 ops   and    9122 exclusive pairs
time:  13,    70 facts and     591 exclusive pairs
             186 ops   and   10756 exclusive pairs
time:  14,    84 facts and     953 exclusive pairs
             215 ops   and   14554 exclusive pairs
time:  15,    85 facts and     809 exclusive pairs
             232 ops   and   16437 exclusive pairs
time:  16,   100 facts and    1241 exclusive pairs
             262 ops   and   21224 exclusive pairs
time:  17,   100 facts and    1045 exclusive pairs
             262 ops   and   19970 exclusive pairs
time:  18,   100 facts and     891 exclusive pairs

creating thin gp-based encoding...
plan graph layer 0...
plan graph layer 1...
plan graph layer 2...
plan graph layer 3...
plan graph layer 4...
plan graph layer 5...
plan graph layer 6...
plan graph layer 7...
plan graph layer 8...
plan graph layer 9...
plan graph layer 10...
plan graph layer 11...
plan graph layer 12...
plan graph layer 13...
plan graph layer 14...
plan graph layer 15...
plan graph layer 16...
plan graph layer 17...
plan graph layer 18...
goal constraints...
exclusion constraints layer 0...
exclusion constraints layer 1...
exclusion constraints layer 2...
exclusion constraints layer 3...
exclusion constraints layer 4...
exclusion constraints layer 5...
exclusion constraints layer 6...
exclusion constraints layer 7...
exclusion constraints layer 8...
exclusion constraints layer 9...
exclusion constraints layer 10...
exclusion constraints layer 11...
exclusion constraints layer 12...
exclusion constraints layer 13...
exclusion constraints layer 14...
exclusion constraints layer 15...
exclusion constraints layer 16...
exclusion constraints layer 17...
exclusion constraints layer 18...

DECISION LAYER 18, WRITING THIN GP-BASED ENCODING WITH 3131 VARS, 74238 CLAUSES.

time spent:    0.00 seconds instantiating 180 action templates
               0.00 seconds reachability analysis, yielding 109 facts and 180 actions
               0.00 seconds collecting 109 relevant facts
               0.00 seconds building connectivity graph
               0.00 seconds building (std) graph
               0.01 seconds CNF output time
               0.01 seconds total planner time (solving not included)


***Solving***


[ filemap ]
[ extract ]

variables : 3131
pure lits : 104

1-clauses : 8
2-clauses : 73414
3-clauses : 614
n-clauses : 202
discarded : 0

[ solve ]


unsatisfiable                             

[ stats ]

decisions : 209
conflicts : 29
time : ~0.01

***UNSAT***


bb: parsing domain file
domain 'BLOCKS' defined
 ... done.
bb: parsing problem file
problem 'BLOCKS-9-0' defined
 ... done.


time:   0,    12 facts and       0 exclusive pairs
              14 ops   and       7 exclusive pairs
time:   1,    15 facts and      11 exclusive pairs
              22 ops   and      74 exclusive pairs
time:   2,    18 facts and      24 exclusive pairs
              29 ops   and     174 exclusive pairs
time:   3,    20 facts and      36 exclusive pairs
              36 ops   and     316 exclusive pairs
time:   4,    24 facts and      68 exclusive pairs
              45 ops   and     554 exclusive pairs
time:   5,    26 facts and      79 exclusive pairs
              54 ops   and     844 exclusive pairs
time:   6,    32 facts and     149 exclusive pairs
              67 ops   and    1382 exclusive pairs
time:   7,    34 facts and     150 exclusive pairs
              78 ops   and    1882 exclusive pairs
time:   8,    42 facts and     272 exclusive pairs
              95 ops   and    2890 exclusive pairs
time:   9,    44 facts and     255 exclusive pairs
             108 ops   and    3676 exclusive pairs
time:  10,    54 facts and     443 exclusive pairs
             129 ops   and    5360 exclusive pairs
time:  11,    56 facts and     400 exclusive pairs
             144 ops   and    6520 exclusive pairs
time:  12,    68 facts and     668 exclusive pairs
             169 ops   and    9122 exclusive pairs
time:  13,    70 facts and     591 exclusive pairs
             186 ops   and   10756 exclusive pairs
time:  14,    84 facts and     953 exclusive pairs
             215 ops   and   14554 exclusive pairs
time:  15,    85 facts and     809 exclusive pairs
             232 ops   and   16437 exclusive pairs
time:  16,   100 facts and    1241 exclusive pairs
             262 ops   and   21224 exclusive pairs
time:  17,   100 facts and    1045 exclusive pairs
             262 ops   and   19970 exclusive pairs
time:  18,   100 facts and     891 exclusive pairs
graph has leveled off at time step 19


             262 ops   and   19620 exclusive pairs
time:  19,   100 facts and     891 exclusive pairs

creating thin gp-based encoding...
plan graph layer 0...
plan graph layer 1...
plan graph layer 2...
plan graph layer 3...
plan graph layer 4...
plan graph layer 5...
plan graph layer 6...
plan graph layer 7...
plan graph layer 8...
plan graph layer 9...
plan graph layer 10...
plan graph layer 11...
plan graph layer 12...
plan graph layer 13...
plan graph layer 14...
plan graph layer 15...
plan graph layer 16...
plan graph layer 17...
plan graph layer 18...
plan graph layer 19...
goal constraints...
exclusion constraints layer 0...
exclusion constraints layer 1...
exclusion constraints layer 2...
exclusion constraints layer 3...
exclusion constraints layer 4...
exclusion constraints layer 5...
exclusion constraints layer 6...
exclusion constraints layer 7...
exclusion constraints layer 8...
exclusion constraints layer 9...
exclusion constraints layer 10...
exclusion constraints layer 11...
exclusion constraints layer 12...
exclusion constraints layer 13...
exclusion constraints layer 14...
exclusion constraints layer 15...
exclusion constraints layer 16...
exclusion constraints layer 17...
exclusion constraints layer 18...
exclusion constraints layer 19...

DECISION LAYER 19, WRITING THIN GP-BASED ENCODING WITH 3493 VARS, 87110 CLAUSES.

time spent:    0.00 seconds instantiating 180 action templates
               0.00 seconds reachability analysis, yielding 109 facts and 180 actions
               0.00 seconds collecting 109 relevant facts
               0.00 seconds building connectivity graph
               0.00 seconds building (std) graph
               0.01 seconds CNF output time
               0.01 seconds total planner time (solving not included)


***Solving***


[ filemap ]
[ extract ]

variables : 3493
pure lits : 104

1-clauses : 8
2-clauses : 86186
3-clauses : 695
n-clauses : 221
discarded : 0

[ solve ]


unsatisfiable                             

[ stats ]

decisions : 264
conflicts : 42
time : ~0.01

***UNSAT***


bb: parsing domain file
domain 'BLOCKS' defined
 ... done.
bb: parsing problem file
problem 'BLOCKS-9-0' defined
 ... done.


time:   0,    12 facts and       0 exclusive pairs
              14 ops   and       7 exclusive pairs
time:   1,    15 facts and      11 exclusive pairs
              22 ops   and      74 exclusive pairs
time:   2,    18 facts and      24 exclusive pairs
              29 ops   and     174 exclusive pairs
time:   3,    20 facts and      36 exclusive pairs
              36 ops   and     316 exclusive pairs
time:   4,    24 facts and      68 exclusive pairs
              45 ops   and     554 exclusive pairs
time:   5,    26 facts and      79 exclusive pairs
              54 ops   and     844 exclusive pairs
time:   6,    32 facts and     149 exclusive pairs
              67 ops   and    1382 exclusive pairs
time:   7,    34 facts and     150 exclusive pairs
              78 ops   and    1882 exclusive pairs
time:   8,    42 facts and     272 exclusive pairs
              95 ops   and    2890 exclusive pairs
time:   9,    44 facts and     255 exclusive pairs
             108 ops   and    3676 exclusive pairs
time:  10,    54 facts and     443 exclusive pairs
             129 ops   and    5360 exclusive pairs
time:  11,    56 facts and     400 exclusive pairs
             144 ops   and    6520 exclusive pairs
time:  12,    68 facts and     668 exclusive pairs
             169 ops   and    9122 exclusive pairs
time:  13,    70 facts and     591 exclusive pairs
             186 ops   and   10756 exclusive pairs
time:  14,    84 facts and     953 exclusive pairs
             215 ops   and   14554 exclusive pairs
time:  15,    85 facts and     809 exclusive pairs
             232 ops   and   16437 exclusive pairs
time:  16,   100 facts and    1241 exclusive pairs
             262 ops   and   21224 exclusive pairs
time:  17,   100 facts and    1045 exclusive pairs
             262 ops   and   19970 exclusive pairs
time:  18,   100 facts and     891 exclusive pairs
graph has leveled off at time step 19


             262 ops   and   19620 exclusive pairs
time:  19,   100 facts and     891 exclusive pairs
             262 ops   and   19620 exclusive pairs
time:  20,   100 facts and     891 exclusive pairs

creating thin gp-based encoding...
plan graph layer 0...
plan graph layer 1...
plan graph layer 2...
plan graph layer 3...
plan graph layer 4...
plan graph layer 5...
plan graph layer 6...
plan graph layer 7...
plan graph layer 8...
plan graph layer 9...
plan graph layer 10...
plan graph layer 11...
plan graph layer 12...
plan graph layer 13...
plan graph layer 14...
plan graph layer 15...
plan graph layer 16...
plan graph layer 17...
plan graph layer 18...
plan graph layer 19...
plan graph layer 20...
goal constraints...
exclusion constraints layer 0...
exclusion constraints layer 1...
exclusion constraints layer 2...
exclusion constraints layer 3...
exclusion constraints layer 4...
exclusion constraints layer 5...
exclusion constraints layer 6...
exclusion constraints layer 7...
exclusion constraints layer 8...
exclusion constraints layer 9...
exclusion constraints layer 10...
exclusion constraints layer 11...
exclusion constraints layer 12...
exclusion constraints layer 13...
exclusion constraints layer 14...
exclusion constraints layer 15...
exclusion constraints layer 16...
exclusion constraints layer 17...
exclusion constraints layer 18...
exclusion constraints layer 19...
exclusion constraints layer 20...

DECISION LAYER 20, WRITING THIN GP-BASED ENCODING WITH 3855 VARS, 99982 CLAUSES.

time spent:    0.00 seconds instantiating 180 action templates
               0.00 seconds reachability analysis, yielding 109 facts and 180 actions
               0.00 seconds collecting 109 relevant facts
               0.00 seconds building connectivity graph
               0.00 seconds building (std) graph
               0.01 seconds CNF output time
               0.01 seconds total planner time (solving not included)


***Solving***


[ filemap ]
[ extract ]

variables : 3855
pure lits : 104

1-clauses : 8
2-clauses : 98958
3-clauses : 776
n-clauses : 240
discarded : 0

[ solve ]


unsatisfiable                             

[ stats ]

decisions : 718
conflicts : 25
time : ~0.01

***UNSAT***


bb: parsing domain file
domain 'BLOCKS' defined
 ... done.
bb: parsing problem file
problem 'BLOCKS-9-0' defined
 ... done.


time:   0,    12 facts and       0 exclusive pairs
              14 ops   and       7 exclusive pairs
time:   1,    15 facts and      11 exclusive pairs
              22 ops   and      74 exclusive pairs
time:   2,    18 facts and      24 exclusive pairs
              29 ops   and     174 exclusive pairs
time:   3,    20 facts and      36 exclusive pairs
              36 ops   and     316 exclusive pairs
time:   4,    24 facts and      68 exclusive pairs
              45 ops   and     554 exclusive pairs
time:   5,    26 facts and      79 exclusive pairs
              54 ops   and     844 exclusive pairs
time:   6,    32 facts and     149 exclusive pairs
              67 ops   and    1382 exclusive pairs
time:   7,    34 facts and     150 exclusive pairs
              78 ops   and    1882 exclusive pairs
time:   8,    42 facts and     272 exclusive pairs
              95 ops   and    2890 exclusive pairs
time:   9,    44 facts and     255 exclusive pairs
             108 ops   and    3676 exclusive pairs
time:  10,    54 facts and     443 exclusive pairs
             129 ops   and    5360 exclusive pairs
time:  11,    56 facts and     400 exclusive pairs
             144 ops   and    6520 exclusive pairs
time:  12,    68 facts and     668 exclusive pairs
             169 ops   and    9122 exclusive pairs
time:  13,    70 facts and     591 exclusive pairs
             186 ops   and   10756 exclusive pairs
time:  14,    84 facts and     953 exclusive pairs
             215 ops   and   14554 exclusive pairs
time:  15,    85 facts and     809 exclusive pairs
             232 ops   and   16437 exclusive pairs
time:  16,   100 facts and    1241 exclusive pairs
             262 ops   and   21224 exclusive pairs
time:  17,   100 facts and    1045 exclusive pairs
             262 ops   and   19970 exclusive pairs
time:  18,   100 facts and     891 exclusive pairs
graph has leveled off at time step 19


             262 ops   and   19620 exclusive pairs
time:  19,   100 facts and     891 exclusive pairs
             262 ops   and   19620 exclusive pairs
time:  20,   100 facts and     891 exclusive pairs
             262 ops   and   19620 exclusive pairs
time:  21,   100 facts and     891 exclusive pairs

creating thin gp-based encoding...
plan graph layer 0...
plan graph layer 1...
plan graph layer 2...
plan graph layer 3...
plan graph layer 4...
plan graph layer 5...
plan graph layer 6...
plan graph layer 7...
plan graph layer 8...
plan graph layer 9...
plan graph layer 10...
plan graph layer 11...
plan graph layer 12...
plan graph layer 13...
plan graph layer 14...
plan graph layer 15...
plan graph layer 16...
plan graph layer 17...
plan graph layer 18...
plan graph layer 19...
plan graph layer 20...
plan graph layer 21...
goal constraints...
exclusion constraints layer 0...
exclusion constraints layer 1...
exclusion constraints layer 2...
exclusion constraints layer 3...
exclusion constraints layer 4...
exclusion constraints layer 5...
exclusion constraints layer 6...
exclusion constraints layer 7...
exclusion constraints layer 8...
exclusion constraints layer 9...
exclusion constraints layer 10...
exclusion constraints layer 11...
exclusion constraints layer 12...
exclusion constraints layer 13...
exclusion constraints layer 14...
exclusion constraints layer 15...
exclusion constraints layer 16...
exclusion constraints layer 17...
exclusion constraints layer 18...
exclusion constraints layer 19...
exclusion constraints layer 20...
exclusion constraints layer 21...

DECISION LAYER 21, WRITING THIN GP-BASED ENCODING WITH 4217 VARS, 112854 CLAUSES.

time spent:    0.00 seconds instantiating 180 action templates
               0.00 seconds reachability analysis, yielding 109 facts and 180 actions
               0.00 seconds collecting 109 relevant facts
               0.00 seconds building connectivity graph
               0.00 seconds building (std) graph
               0.02 seconds CNF output time
               0.02 seconds total planner time (solving not included)


***Solving***


[ filemap ]
[ extract ]

variables : 4217
pure lits : 104

1-clauses : 8
2-clauses : 111730
3-clauses : 857
n-clauses : 259
discarded : 0

[ solve ]


unsatisfiable                             

[ stats ]

decisions : 1448
conflicts : 85
time : ~0.01

***UNSAT***


bb: parsing domain file
domain 'BLOCKS' defined
 ... done.
bb: parsing problem file
problem 'BLOCKS-9-0' defined
 ... done.


time:   0,    12 facts and       0 exclusive pairs
              14 ops   and       7 exclusive pairs
time:   1,    15 facts and      11 exclusive pairs
              22 ops   and      74 exclusive pairs
time:   2,    18 facts and      24 exclusive pairs
              29 ops   and     174 exclusive pairs
time:   3,    20 facts and      36 exclusive pairs
              36 ops   and     316 exclusive pairs
time:   4,    24 facts and      68 exclusive pairs
              45 ops   and     554 exclusive pairs
time:   5,    26 facts and      79 exclusive pairs
              54 ops   and     844 exclusive pairs
time:   6,    32 facts and     149 exclusive pairs
              67 ops   and    1382 exclusive pairs
time:   7,    34 facts and     150 exclusive pairs
              78 ops   and    1882 exclusive pairs
time:   8,    42 facts and     272 exclusive pairs
              95 ops   and    2890 exclusive pairs
time:   9,    44 facts and     255 exclusive pairs
             108 ops   and    3676 exclusive pairs
time:  10,    54 facts and     443 exclusive pairs
             129 ops   and    5360 exclusive pairs
time:  11,    56 facts and     400 exclusive pairs
             144 ops   and    6520 exclusive pairs
time:  12,    68 facts and     668 exclusive pairs
             169 ops   and    9122 exclusive pairs
time:  13,    70 facts and     591 exclusive pairs
             186 ops   and   10756 exclusive pairs
time:  14,    84 facts and     953 exclusive pairs
             215 ops   and   14554 exclusive pairs
time:  15,    85 facts and     809 exclusive pairs
             232 ops   and   16437 exclusive pairs
time:  16,   100 facts and    1241 exclusive pairs
             262 ops   and   21224 exclusive pairs
time:  17,   100 facts and    1045 exclusive pairs
             262 ops   and   19970 exclusive pairs
time:  18,   100 facts and     891 exclusive pairs
graph has leveled off at time step 19


             262 ops   and   19620 exclusive pairs
time:  19,   100 facts and     891 exclusive pairs
             262 ops   and   19620 exclusive pairs
time:  20,   100 facts and     891 exclusive pairs
             262 ops   and   19620 exclusive pairs
time:  21,   100 facts and     891 exclusive pairs
             262 ops   and   19620 exclusive pairs
time:  22,   100 facts and     891 exclusive pairs

creating thin gp-based encoding...
plan graph layer 0...
plan graph layer 1...
plan graph layer 2...
plan graph layer 3...
plan graph layer 4...
plan graph layer 5...
plan graph layer 6...
plan graph layer 7...
plan graph layer 8...
plan graph layer 9...
plan graph layer 10...
plan graph layer 11...
plan graph layer 12...
plan graph layer 13...
plan graph layer 14...
plan graph layer 15...
plan graph layer 16...
plan graph layer 17...
plan graph layer 18...
plan graph layer 19...
plan graph layer 20...
plan graph layer 21...
plan graph layer 22...
goal constraints...
exclusion constraints layer 0...
exclusion constraints layer 1...
exclusion constraints layer 2...
exclusion constraints layer 3...
exclusion constraints layer 4...
exclusion constraints layer 5...
exclusion constraints layer 6...
exclusion constraints layer 7...
exclusion constraints layer 8...
exclusion constraints layer 9...
exclusion constraints layer 10...
exclusion constraints layer 11...
exclusion constraints layer 12...
exclusion constraints layer 13...
exclusion constraints layer 14...
exclusion constraints layer 15...
exclusion constraints layer 16...
exclusion constraints layer 17...
exclusion constraints layer 18...
exclusion constraints layer 19...
exclusion constraints layer 20...
exclusion constraints layer 21...
exclusion constraints layer 22...

DECISION LAYER 22, WRITING THIN GP-BASED ENCODING WITH 4579 VARS, 125726 CLAUSES.

time spent:    0.00 seconds instantiating 180 action templates
               0.00 seconds reachability analysis, yielding 109 facts and 180 actions
               0.00 seconds collecting 109 relevant facts
               0.00 seconds building connectivity graph
               0.00 seconds building (std) graph
               0.02 seconds CNF output time
               0.02 seconds total planner time (solving not included)


***Solving***


[ filemap ]
[ extract ]

variables : 4579
pure lits : 104

1-clauses : 8
2-clauses : 124502
3-clauses : 938
n-clauses : 278
discarded : 0

[ solve ]


unsatisfiable                             

[ stats ]

decisions : 2027
conflicts : 59
time : ~0.01

***UNSAT***


bb: parsing domain file
domain 'BLOCKS' defined
 ... done.
bb: parsing problem file
problem 'BLOCKS-9-0' defined
 ... done.


time:   0,    12 facts and       0 exclusive pairs
              14 ops   and       7 exclusive pairs
time:   1,    15 facts and      11 exclusive pairs
              22 ops   and      74 exclusive pairs
time:   2,    18 facts and      24 exclusive pairs
              29 ops   and     174 exclusive pairs
time:   3,    20 facts and      36 exclusive pairs
              36 ops   and     316 exclusive pairs
time:   4,    24 facts and      68 exclusive pairs
              45 ops   and     554 exclusive pairs
time:   5,    26 facts and      79 exclusive pairs
              54 ops   and     844 exclusive pairs
time:   6,    32 facts and     149 exclusive pairs
              67 ops   and    1382 exclusive pairs
time:   7,    34 facts and     150 exclusive pairs
              78 ops   and    1882 exclusive pairs
time:   8,    42 facts and     272 exclusive pairs
              95 ops   and    2890 exclusive pairs
time:   9,    44 facts and     255 exclusive pairs
             108 ops   and    3676 exclusive pairs
time:  10,    54 facts and     443 exclusive pairs
             129 ops   and    5360 exclusive pairs
time:  11,    56 facts and     400 exclusive pairs
             144 ops   and    6520 exclusive pairs
time:  12,    68 facts and     668 exclusive pairs
             169 ops   and    9122 exclusive pairs
time:  13,    70 facts and     591 exclusive pairs
             186 ops   and   10756 exclusive pairs
time:  14,    84 facts and     953 exclusive pairs
             215 ops   and   14554 exclusive pairs
time:  15,    85 facts and     809 exclusive pairs
             232 ops   and   16437 exclusive pairs
time:  16,   100 facts and    1241 exclusive pairs
             262 ops   and   21224 exclusive pairs
time:  17,   100 facts and    1045 exclusive pairs
             262 ops   and   19970 exclusive pairs
time:  18,   100 facts and     891 exclusive pairs
graph has leveled off at time step 19


             262 ops   and   19620 exclusive pairs
time:  19,   100 facts and     891 exclusive pairs
             262 ops   and   19620 exclusive pairs
time:  20,   100 facts and     891 exclusive pairs
             262 ops   and   19620 exclusive pairs
time:  21,   100 facts and     891 exclusive pairs
             262 ops   and   19620 exclusive pairs
time:  22,   100 facts and     891 exclusive pairs
             262 ops   and   19620 exclusive pairs
time:  23,   100 facts and     891 exclusive pairs

creating thin gp-based encoding...
plan graph layer 0...
plan graph layer 1...
plan graph layer 2...
plan graph layer 3...
plan graph layer 4...
plan graph layer 5...
plan graph layer 6...
plan graph layer 7...
plan graph layer 8...
plan graph layer 9...
plan graph layer 10...
plan graph layer 11...
plan graph layer 12...
plan graph layer 13...
plan graph layer 14...
plan graph layer 15...
plan graph layer 16...
plan graph layer 17...
plan graph layer 18...
plan graph layer 19...
plan graph layer 20...
plan graph layer 21...
plan graph layer 22...
plan graph layer 23...
goal constraints...
exclusion constraints layer 0...
exclusion constraints layer 1...
exclusion constraints layer 2...
exclusion constraints layer 3...
exclusion constraints layer 4...
exclusion constraints layer 5...
exclusion constraints layer 6...
exclusion constraints layer 7...
exclusion constraints layer 8...
exclusion constraints layer 9...
exclusion constraints layer 10...
exclusion constraints layer 11...
exclusion constraints layer 12...
exclusion constraints layer 13...
exclusion constraints layer 14...
exclusion constraints layer 15...
exclusion constraints layer 16...
exclusion constraints layer 17...
exclusion constraints layer 18...
exclusion constraints layer 19...
exclusion constraints layer 20...
exclusion constraints layer 21...
exclusion constraints layer 22...
exclusion constraints layer 23...

DECISION LAYER 23, WRITING THIN GP-BASED ENCODING WITH 4941 VARS, 138598 CLAUSES.

time spent:    0.00 seconds instantiating 180 action templates
               0.00 seconds reachability analysis, yielding 109 facts and 180 actions
               0.00 seconds collecting 109 relevant facts
               0.00 seconds building connectivity graph
               0.00 seconds building (std) graph
               0.02 seconds CNF output time
               0.02 seconds total planner time (solving not included)


***Solving***


[ filemap ]
[ extract ]

variables : 4941
pure lits : 104

1-clauses : 8
2-clauses : 137274
3-clauses : 1019
n-clauses : 297
discarded : 0

[ solve ]


unsatisfiable                             

[ stats ]

decisions : 3864
conflicts : 147
time : ~0.01

***UNSAT***


bb: parsing domain file
domain 'BLOCKS' defined
 ... done.
bb: parsing problem file
problem 'BLOCKS-9-0' defined
 ... done.


time:   0,    12 facts and       0 exclusive pairs
              14 ops   and       7 exclusive pairs
time:   1,    15 facts and      11 exclusive pairs
              22 ops   and      74 exclusive pairs
time:   2,    18 facts and      24 exclusive pairs
              29 ops   and     174 exclusive pairs
time:   3,    20 facts and      36 exclusive pairs
              36 ops   and     316 exclusive pairs
time:   4,    24 facts and      68 exclusive pairs
              45 ops   and     554 exclusive pairs
time:   5,    26 facts and      79 exclusive pairs
              54 ops   and     844 exclusive pairs
time:   6,    32 facts and     149 exclusive pairs
              67 ops   and    1382 exclusive pairs
time:   7,    34 facts and     150 exclusive pairs
              78 ops   and    1882 exclusive pairs
time:   8,    42 facts and     272 exclusive pairs
              95 ops   and    2890 exclusive pairs
time:   9,    44 facts and     255 exclusive pairs
             108 ops   and    3676 exclusive pairs
time:  10,    54 facts and     443 exclusive pairs
             129 ops   and    5360 exclusive pairs
time:  11,    56 facts and     400 exclusive pairs
             144 ops   and    6520 exclusive pairs
time:  12,    68 facts and     668 exclusive pairs
             169 ops   and    9122 exclusive pairs
time:  13,    70 facts and     591 exclusive pairs
             186 ops   and   10756 exclusive pairs
time:  14,    84 facts and     953 exclusive pairs
             215 ops   and   14554 exclusive pairs
time:  15,    85 facts and     809 exclusive pairs
             232 ops   and   16437 exclusive pairs
time:  16,   100 facts and    1241 exclusive pairs
             262 ops   and   21224 exclusive pairs
time:  17,   100 facts and    1045 exclusive pairs
             262 ops   and   19970 exclusive pairs
time:  18,   100 facts and     891 exclusive pairs
graph has leveled off at time step 19


             262 ops   and   19620 exclusive pairs
time:  19,   100 facts and     891 exclusive pairs
             262 ops   and   19620 exclusive pairs
time:  20,   100 facts and     891 exclusive pairs
             262 ops   and   19620 exclusive pairs
time:  21,   100 facts and     891 exclusive pairs
             262 ops   and   19620 exclusive pairs
time:  22,   100 facts and     891 exclusive pairs
             262 ops   and   19620 exclusive pairs
time:  23,   100 facts and     891 exclusive pairs
             262 ops   and   19620 exclusive pairs
time:  24,   100 facts and     891 exclusive pairs

creating thin gp-based encoding...
plan graph layer 0...
plan graph layer 1...
plan graph layer 2...
plan graph layer 3...
plan graph layer 4...
plan graph layer 5...
plan graph layer 6...
plan graph layer 7...
plan graph layer 8...
plan graph layer 9...
plan graph layer 10...
plan graph layer 11...
plan graph layer 12...
plan graph layer 13...
plan graph layer 14...
plan graph layer 15...
plan graph layer 16...
plan graph layer 17...
plan graph layer 18...
plan graph layer 19...
plan graph layer 20...
plan graph layer 21...
plan graph layer 22...
plan graph layer 23...
plan graph layer 24...
goal constraints...
exclusion constraints layer 0...
exclusion constraints layer 1...
exclusion constraints layer 2...
exclusion constraints layer 3...
exclusion constraints layer 4...
exclusion constraints layer 5...
exclusion constraints layer 6...
exclusion constraints layer 7...
exclusion constraints layer 8...
exclusion constraints layer 9...
exclusion constraints layer 10...
exclusion constraints layer 11...
exclusion constraints layer 12...
exclusion constraints layer 13...
exclusion constraints layer 14...
exclusion constraints layer 15...
exclusion constraints layer 16...
exclusion constraints layer 17...
exclusion constraints layer 18...
exclusion constraints layer 19...
exclusion constraints layer 20...
exclusion constraints layer 21...
exclusion constraints layer 22...
exclusion constraints layer 23...
exclusion constraints layer 24...

DECISION LAYER 24, WRITING THIN GP-BASED ENCODING WITH 5303 VARS, 151470 CLAUSES.

time spent:    0.00 seconds instantiating 180 action templates
               0.00 seconds reachability analysis, yielding 109 facts and 180 actions
               0.00 seconds collecting 109 relevant facts
               0.00 seconds building connectivity graph
               0.00 seconds building (std) graph
               0.02 seconds CNF output time
               0.02 seconds total planner time (solving not included)


***Solving***


[ filemap ]
[ extract ]

variables : 5303
pure lits : 104

1-clauses : 8
2-clauses : 150046
3-clauses : 1100
n-clauses : 316
discarded : 0

[ solve ]


unsatisfiable                             

[ stats ]

decisions : 4423
conflicts : 184
time : ~0.01

***UNSAT***


bb: parsing domain file
domain 'BLOCKS' defined
 ... done.
bb: parsing problem file
problem 'BLOCKS-9-0' defined
 ... done.


time:   0,    12 facts and       0 exclusive pairs
              14 ops   and       7 exclusive pairs
time:   1,    15 facts and      11 exclusive pairs
              22 ops   and      74 exclusive pairs
time:   2,    18 facts and      24 exclusive pairs
              29 ops   and     174 exclusive pairs
time:   3,    20 facts and      36 exclusive pairs
              36 ops   and     316 exclusive pairs
time:   4,    24 facts and      68 exclusive pairs
              45 ops   and     554 exclusive pairs
time:   5,    26 facts and      79 exclusive pairs
              54 ops   and     844 exclusive pairs
time:   6,    32 facts and     149 exclusive pairs
              67 ops   and    1382 exclusive pairs
time:   7,    34 facts and     150 exclusive pairs
              78 ops   and    1882 exclusive pairs
time:   8,    42 facts and     272 exclusive pairs
              95 ops   and    2890 exclusive pairs
time:   9,    44 facts and     255 exclusive pairs
             108 ops   and    3676 exclusive pairs
time:  10,    54 facts and     443 exclusive pairs
             129 ops   and    5360 exclusive pairs
time:  11,    56 facts and     400 exclusive pairs
             144 ops   and    6520 exclusive pairs
time:  12,    68 facts and     668 exclusive pairs
             169 ops   and    9122 exclusive pairs
time:  13,    70 facts and     591 exclusive pairs
             186 ops   and   10756 exclusive pairs
time:  14,    84 facts and     953 exclusive pairs
             215 ops   and   14554 exclusive pairs
time:  15,    85 facts and     809 exclusive pairs
             232 ops   and   16437 exclusive pairs
time:  16,   100 facts and    1241 exclusive pairs
             262 ops   and   21224 exclusive pairs
time:  17,   100 facts and    1045 exclusive pairs
             262 ops   and   19970 exclusive pairs
time:  18,   100 facts and     891 exclusive pairs
graph has leveled off at time step 19


             262 ops   and   19620 exclusive pairs
time:  19,   100 facts and     891 exclusive pairs
             262 ops   and   19620 exclusive pairs
time:  20,   100 facts and     891 exclusive pairs
             262 ops   and   19620 exclusive pairs
time:  21,   100 facts and     891 exclusive pairs
             262 ops   and   19620 exclusive pairs
time:  22,   100 facts and     891 exclusive pairs
             262 ops   and   19620 exclusive pairs
time:  23,   100 facts and     891 exclusive pairs
             262 ops   and   19620 exclusive pairs
time:  24,   100 facts and     891 exclusive pairs
             262 ops   and   19620 exclusive pairs
time:  25,   100 facts and     891 exclusive pairs

creating thin gp-based encoding...
plan graph layer 0...
plan graph layer 1...
plan graph layer 2...
plan graph layer 3...
plan graph layer 4...
plan graph layer 5...
plan graph layer 6...
plan graph layer 7...
plan graph layer 8...
plan graph layer 9...
plan graph layer 10...
plan graph layer 11...
plan graph layer 12...
plan graph layer 13...
plan graph layer 14...
plan graph layer 15...
plan graph layer 16...
plan graph layer 17...
plan graph layer 18...
plan graph layer 19...
plan graph layer 20...
plan graph layer 21...
plan graph layer 22...
plan graph layer 23...
plan graph layer 24...
plan graph layer 25...
goal constraints...
exclusion constraints layer 0...
exclusion constraints layer 1...
exclusion constraints layer 2...
exclusion constraints layer 3...
exclusion constraints layer 4...
exclusion constraints layer 5...
exclusion constraints layer 6...
exclusion constraints layer 7...
exclusion constraints layer 8...
exclusion constraints layer 9...
exclusion constraints layer 10...
exclusion constraints layer 11...
exclusion constraints layer 12...
exclusion constraints layer 13...
exclusion constraints layer 14...
exclusion constraints layer 15...
exclusion constraints layer 16...
exclusion constraints layer 17...
exclusion constraints layer 18...
exclusion constraints layer 19...
exclusion constraints layer 20...
exclusion constraints layer 21...
exclusion constraints layer 22...
exclusion constraints layer 23...
exclusion constraints layer 24...
exclusion constraints layer 25...

DECISION LAYER 25, WRITING THIN GP-BASED ENCODING WITH 5665 VARS, 164342 CLAUSES.

time spent:    0.00 seconds instantiating 180 action templates
               0.00 seconds reachability analysis, yielding 109 facts and 180 actions
               0.00 seconds collecting 109 relevant facts
               0.00 seconds building connectivity graph
               0.00 seconds building (std) graph
               0.02 seconds CNF output time
               0.02 seconds total planner time (solving not included)


***Solving***


[ filemap ]
[ extract ]

variables : 5665
pure lits : 104

1-clauses : 8
2-clauses : 162818
3-clauses : 1181
n-clauses : 335
discarded : 0

[ solve ]


unsatisfiable                             

[ stats ]

decisions : 1308
conflicts : 100
time : ~0.01

***UNSAT***


bb: parsing domain file
domain 'BLOCKS' defined
 ... done.
bb: parsing problem file
problem 'BLOCKS-9-0' defined
 ... done.


time:   0,    12 facts and       0 exclusive pairs
              14 ops   and       7 exclusive pairs
time:   1,    15 facts and      11 exclusive pairs
              22 ops   and      74 exclusive pairs
time:   2,    18 facts and      24 exclusive pairs
              29 ops   and     174 exclusive pairs
time:   3,    20 facts and      36 exclusive pairs
              36 ops   and     316 exclusive pairs
time:   4,    24 facts and      68 exclusive pairs
              45 ops   and     554 exclusive pairs
time:   5,    26 facts and      79 exclusive pairs
              54 ops   and     844 exclusive pairs
time:   6,    32 facts and     149 exclusive pairs
              67 ops   and    1382 exclusive pairs
time:   7,    34 facts and     150 exclusive pairs
              78 ops   and    1882 exclusive pairs
time:   8,    42 facts and     272 exclusive pairs
              95 ops   and    2890 exclusive pairs
time:   9,    44 facts and     255 exclusive pairs
             108 ops   and    3676 exclusive pairs
time:  10,    54 facts and     443 exclusive pairs
             129 ops   and    5360 exclusive pairs
time:  11,    56 facts and     400 exclusive pairs
             144 ops   and    6520 exclusive pairs
time:  12,    68 facts and     668 exclusive pairs
             169 ops   and    9122 exclusive pairs
time:  13,    70 facts and     591 exclusive pairs
             186 ops   and   10756 exclusive pairs
time:  14,    84 facts and     953 exclusive pairs
             215 ops   and   14554 exclusive pairs
time:  15,    85 facts and     809 exclusive pairs
             232 ops   and   16437 exclusive pairs
time:  16,   100 facts and    1241 exclusive pairs
             262 ops   and   21224 exclusive pairs
time:  17,   100 facts and    1045 exclusive pairs
             262 ops   and   19970 exclusive pairs
time:  18,   100 facts and     891 exclusive pairs
graph has leveled off at time step 19


             262 ops   and   19620 exclusive pairs
time:  19,   100 facts and     891 exclusive pairs
             262 ops   and   19620 exclusive pairs
time:  20,   100 facts and     891 exclusive pairs
             262 ops   and   19620 exclusive pairs
time:  21,   100 facts and     891 exclusive pairs
             262 ops   and   19620 exclusive pairs
time:  22,   100 facts and     891 exclusive pairs
             262 ops   and   19620 exclusive pairs
time:  23,   100 facts and     891 exclusive pairs
             262 ops   and   19620 exclusive pairs
time:  24,   100 facts and     891 exclusive pairs
             262 ops   and   19620 exclusive pairs
time:  25,   100 facts and     891 exclusive pairs
             262 ops   and   19620 exclusive pairs
time:  26,   100 facts and     891 exclusive pairs

creating thin gp-based encoding...
plan graph layer 0...
plan graph layer 1...
plan graph layer 2...
plan graph layer 3...
plan graph layer 4...
plan graph layer 5...
plan graph layer 6...
plan graph layer 7...
plan graph layer 8...
plan graph layer 9...
plan graph layer 10...
plan graph layer 11...
plan graph layer 12...
plan graph layer 13...
plan graph layer 14...
plan graph layer 15...
plan graph layer 16...
plan graph layer 17...
plan graph layer 18...
plan graph layer 19...
plan graph layer 20...
plan graph layer 21...
plan graph layer 22...
plan graph layer 23...
plan graph layer 24...
plan graph layer 25...
plan graph layer 26...
goal constraints...
exclusion constraints layer 0...
exclusion constraints layer 1...
exclusion constraints layer 2...
exclusion constraints layer 3...
exclusion constraints layer 4...
exclusion constraints layer 5...
exclusion constraints layer 6...
exclusion constraints layer 7...
exclusion constraints layer 8...
exclusion constraints layer 9...
exclusion constraints layer 10...
exclusion constraints layer 11...
exclusion constraints layer 12...
exclusion constraints layer 13...
exclusion constraints layer 14...
exclusion constraints layer 15...
exclusion constraints layer 16...
exclusion constraints layer 17...
exclusion constraints layer 18...
exclusion constraints layer 19...
exclusion constraints layer 20...
exclusion constraints layer 21...
exclusion constraints layer 22...
exclusion constraints layer 23...
exclusion constraints layer 24...
exclusion constraints layer 25...
exclusion constraints layer 26...

DECISION LAYER 26, WRITING THIN GP-BASED ENCODING WITH 6027 VARS, 177214 CLAUSES.

time spent:    0.00 seconds instantiating 180 action templates
               0.00 seconds reachability analysis, yielding 109 facts and 180 actions
               0.00 seconds collecting 109 relevant facts
               0.00 seconds building connectivity graph
               0.00 seconds building (std) graph
               0.03 seconds CNF output time
               0.03 seconds total planner time (solving not included)


***Solving***


[ filemap ]
[ extract ]

variables : 6027
pure lits : 104

1-clauses : 8
2-clauses : 175590
3-clauses : 1262
n-clauses : 354
discarded : 0

[ solve ]


unsatisfiable                             

[ stats ]

decisions : 3101
conflicts : 205
time : ~0.01

***UNSAT***


bb: parsing domain file
domain 'BLOCKS' defined
 ... done.
bb: parsing problem file
problem 'BLOCKS-9-0' defined
 ... done.


time:   0,    12 facts and       0 exclusive pairs
              14 ops   and       7 exclusive pairs
time:   1,    15 facts and      11 exclusive pairs
              22 ops   and      74 exclusive pairs
time:   2,    18 facts and      24 exclusive pairs
              29 ops   and     174 exclusive pairs
time:   3,    20 facts and      36 exclusive pairs
              36 ops   and     316 exclusive pairs
time:   4,    24 facts and      68 exclusive pairs
              45 ops   and     554 exclusive pairs
time:   5,    26 facts and      79 exclusive pairs
              54 ops   and     844 exclusive pairs
time:   6,    32 facts and     149 exclusive pairs
              67 ops   and    1382 exclusive pairs
time:   7,    34 facts and     150 exclusive pairs
              78 ops   and    1882 exclusive pairs
time:   8,    42 facts and     272 exclusive pairs
              95 ops   and    2890 exclusive pairs
time:   9,    44 facts and     255 exclusive pairs
             108 ops   and    3676 exclusive pairs
time:  10,    54 facts and     443 exclusive pairs
             129 ops   and    5360 exclusive pairs
time:  11,    56 facts and     400 exclusive pairs
             144 ops   and    6520 exclusive pairs
time:  12,    68 facts and     668 exclusive pairs
             169 ops   and    9122 exclusive pairs
time:  13,    70 facts and     591 exclusive pairs
             186 ops   and   10756 exclusive pairs
time:  14,    84 facts and     953 exclusive pairs
             215 ops   and   14554 exclusive pairs
time:  15,    85 facts and     809 exclusive pairs
             232 ops   and   16437 exclusive pairs
time:  16,   100 facts and    1241 exclusive pairs
             262 ops   and   21224 exclusive pairs
time:  17,   100 facts and    1045 exclusive pairs
             262 ops   and   19970 exclusive pairs
time:  18,   100 facts and     891 exclusive pairs
graph has leveled off at time step 19


             262 ops   and   19620 exclusive pairs
time:  19,   100 facts and     891 exclusive pairs
             262 ops   and   19620 exclusive pairs
time:  20,   100 facts and     891 exclusive pairs
             262 ops   and   19620 exclusive pairs
time:  21,   100 facts and     891 exclusive pairs
             262 ops   and   19620 exclusive pairs
time:  22,   100 facts and     891 exclusive pairs
             262 ops   and   19620 exclusive pairs
time:  23,   100 facts and     891 exclusive pairs
             262 ops   and   19620 exclusive pairs
time:  24,   100 facts and     891 exclusive pairs
             262 ops   and   19620 exclusive pairs
time:  25,   100 facts and     891 exclusive pairs
             262 ops   and   19620 exclusive pairs
time:  26,   100 facts and     891 exclusive pairs
             262 ops   and   19620 exclusive pairs
time:  27,   100 facts and     891 exclusive pairs

creating thin gp-based encoding...
plan graph layer 0...
plan graph layer 1...
plan graph layer 2...
plan graph layer 3...
plan graph layer 4...
plan graph layer 5...
plan graph layer 6...
plan graph layer 7...
plan graph layer 8...
plan graph layer 9...
plan graph layer 10...
plan graph layer 11...
plan graph layer 12...
plan graph layer 13...
plan graph layer 14...
plan graph layer 15...
plan graph layer 16...
plan graph layer 17...
plan graph layer 18...
plan graph layer 19...
plan graph layer 20...
plan graph layer 21...
plan graph layer 22...
plan graph layer 23...
plan graph layer 24...
plan graph layer 25...
plan graph layer 26...
plan graph layer 27...
goal constraints...
exclusion constraints layer 0...
exclusion constraints layer 1...
exclusion constraints layer 2...
exclusion constraints layer 3...
exclusion constraints layer 4...
exclusion constraints layer 5...
exclusion constraints layer 6...
exclusion constraints layer 7...
exclusion constraints layer 8...
exclusion constraints layer 9...
exclusion constraints layer 10...
exclusion constraints layer 11...
exclusion constraints layer 12...
exclusion constraints layer 13...
exclusion constraints layer 14...
exclusion constraints layer 15...
exclusion constraints layer 16...
exclusion constraints layer 17...
exclusion constraints layer 18...
exclusion constraints layer 19...
exclusion constraints layer 20...
exclusion constraints layer 21...
exclusion constraints layer 22...
exclusion constraints layer 23...
exclusion constraints layer 24...
exclusion constraints layer 25...
exclusion constraints layer 26...
exclusion constraints layer 27...

DECISION LAYER 27, WRITING THIN GP-BASED ENCODING WITH 6389 VARS, 190086 CLAUSES.

time spent:    0.00 seconds instantiating 180 action templates
               0.00 seconds reachability analysis, yielding 109 facts and 180 actions
               0.00 seconds collecting 109 relevant facts
               0.00 seconds building connectivity graph
               0.00 seconds building (std) graph
               0.03 seconds CNF output time
               0.03 seconds total planner time (solving not included)


***Solving***


[ filemap ]
[ extract ]

variables : 6389
pure lits : 104

1-clauses : 8
2-clauses : 188362
3-clauses : 1343
n-clauses : 373
discarded : 0

[ solve ]


unsatisfiable                             

[ stats ]

decisions : 2767
conflicts : 118
time : ~0.01

***UNSAT***


bb: parsing domain file
domain 'BLOCKS' defined
 ... done.
bb: parsing problem file
problem 'BLOCKS-9-0' defined
 ... done.


time:   0,    12 facts and       0 exclusive pairs
              14 ops   and       7 exclusive pairs
time:   1,    15 facts and      11 exclusive pairs
              22 ops   and      74 exclusive pairs
time:   2,    18 facts and      24 exclusive pairs
              29 ops   and     174 exclusive pairs
time:   3,    20 facts and      36 exclusive pairs
              36 ops   and     316 exclusive pairs
time:   4,    24 facts and      68 exclusive pairs
              45 ops   and     554 exclusive pairs
time:   5,    26 facts and      79 exclusive pairs
              54 ops   and     844 exclusive pairs
time:   6,    32 facts and     149 exclusive pairs
              67 ops   and    1382 exclusive pairs
time:   7,    34 facts and     150 exclusive pairs
              78 ops   and    1882 exclusive pairs
time:   8,    42 facts and     272 exclusive pairs
              95 ops   and    2890 exclusive pairs
time:   9,    44 facts and     255 exclusive pairs
             108 ops   and    3676 exclusive pairs
time:  10,    54 facts and     443 exclusive pairs
             129 ops   and    5360 exclusive pairs
time:  11,    56 facts and     400 exclusive pairs
             144 ops   and    6520 exclusive pairs
time:  12,    68 facts and     668 exclusive pairs
             169 ops   and    9122 exclusive pairs
time:  13,    70 facts and     591 exclusive pairs
             186 ops   and   10756 exclusive pairs
time:  14,    84 facts and     953 exclusive pairs
             215 ops   and   14554 exclusive pairs
time:  15,    85 facts and     809 exclusive pairs
             232 ops   and   16437 exclusive pairs
time:  16,   100 facts and    1241 exclusive pairs
             262 ops   and   21224 exclusive pairs
time:  17,   100 facts and    1045 exclusive pairs
             262 ops   and   19970 exclusive pairs
time:  18,   100 facts and     891 exclusive pairs
graph has leveled off at time step 19


             262 ops   and   19620 exclusive pairs
time:  19,   100 facts and     891 exclusive pairs
             262 ops   and   19620 exclusive pairs
time:  20,   100 facts and     891 exclusive pairs
             262 ops   and   19620 exclusive pairs
time:  21,   100 facts and     891 exclusive pairs
             262 ops   and   19620 exclusive pairs
time:  22,   100 facts and     891 exclusive pairs
             262 ops   and   19620 exclusive pairs
time:  23,   100 facts and     891 exclusive pairs
             262 ops   and   19620 exclusive pairs
time:  24,   100 facts and     891 exclusive pairs
             262 ops   and   19620 exclusive pairs
time:  25,   100 facts and     891 exclusive pairs
             262 ops   and   19620 exclusive pairs
time:  26,   100 facts and     891 exclusive pairs
             262 ops   and   19620 exclusive pairs
time:  27,   100 facts and     891 exclusive pairs
             262 ops   and   19620 exclusive pairs
time:  28,   100 facts and     891 exclusive pairs

creating thin gp-based encoding...
plan graph layer 0...
plan graph layer 1...
plan graph layer 2...
plan graph layer 3...
plan graph layer 4...
plan graph layer 5...
plan graph layer 6...
plan graph layer 7...
plan graph layer 8...
plan graph layer 9...
plan graph layer 10...
plan graph layer 11...
plan graph layer 12...
plan graph layer 13...
plan graph layer 14...
plan graph layer 15...
plan graph layer 16...
plan graph layer 17...
plan graph layer 18...
plan graph layer 19...
plan graph layer 20...
plan graph layer 21...
plan graph layer 22...
plan graph layer 23...
plan graph layer 24...
plan graph layer 25...
plan graph layer 26...
plan graph layer 27...
plan graph layer 28...
goal constraints...
exclusion constraints layer 0...
exclusion constraints layer 1...
exclusion constraints layer 2...
exclusion constraints layer 3...
exclusion constraints layer 4...
exclusion constraints layer 5...
exclusion constraints layer 6...
exclusion constraints layer 7...
exclusion constraints layer 8...
exclusion constraints layer 9...
exclusion constraints layer 10...
exclusion constraints layer 11...
exclusion constraints layer 12...
exclusion constraints layer 13...
exclusion constraints layer 14...
exclusion constraints layer 15...
exclusion constraints layer 16...
exclusion constraints layer 17...
exclusion constraints layer 18...
exclusion constraints layer 19...
exclusion constraints layer 20...
exclusion constraints layer 21...
exclusion constraints layer 22...
exclusion constraints layer 23...
exclusion constraints layer 24...
exclusion constraints layer 25...
exclusion constraints layer 26...
exclusion constraints layer 27...
exclusion constraints layer 28...

DECISION LAYER 28, WRITING THIN GP-BASED ENCODING WITH 6751 VARS, 202958 CLAUSES.

time spent:    0.00 seconds instantiating 180 action templates
               0.00 seconds reachability analysis, yielding 109 facts and 180 actions
               0.00 seconds collecting 109 relevant facts
               0.00 seconds building connectivity graph
               0.00 seconds building (std) graph
               0.03 seconds CNF output time
               0.03 seconds total planner time (solving not included)


***Solving***


[ filemap ]
[ extract ]

variables : 6751
pure lits : 104

1-clauses : 8
2-clauses : 201134
3-clauses : 1424
n-clauses : 392
discarded : 0

[ solve ]


unsatisfiable                             

[ stats ]

decisions : 2761
conflicts : 301
time : ~0.01

***UNSAT***


bb: parsing domain file
domain 'BLOCKS' defined
 ... done.
bb: parsing problem file
problem 'BLOCKS-9-0' defined
 ... done.


time:   0,    12 facts and       0 exclusive pairs
              14 ops   and       7 exclusive pairs
time:   1,    15 facts and      11 exclusive pairs
              22 ops   and      74 exclusive pairs
time:   2,    18 facts and      24 exclusive pairs
              29 ops   and     174 exclusive pairs
time:   3,    20 facts and      36 exclusive pairs
              36 ops   and     316 exclusive pairs
time:   4,    24 facts and      68 exclusive pairs
              45 ops   and     554 exclusive pairs
time:   5,    26 facts and      79 exclusive pairs
              54 ops   and     844 exclusive pairs
time:   6,    32 facts and     149 exclusive pairs
              67 ops   and    1382 exclusive pairs
time:   7,    34 facts and     150 exclusive pairs
              78 ops   and    1882 exclusive pairs
time:   8,    42 facts and     272 exclusive pairs
              95 ops   and    2890 exclusive pairs
time:   9,    44 facts and     255 exclusive pairs
             108 ops   and    3676 exclusive pairs
time:  10,    54 facts and     443 exclusive pairs
             129 ops   and    5360 exclusive pairs
time:  11,    56 facts and     400 exclusive pairs
             144 ops   and    6520 exclusive pairs
time:  12,    68 facts and     668 exclusive pairs
             169 ops   and    9122 exclusive pairs
time:  13,    70 facts and     591 exclusive pairs
             186 ops   and   10756 exclusive pairs
time:  14,    84 facts and     953 exclusive pairs
             215 ops   and   14554 exclusive pairs
time:  15,    85 facts and     809 exclusive pairs
             232 ops   and   16437 exclusive pairs
time:  16,   100 facts and    1241 exclusive pairs
             262 ops   and   21224 exclusive pairs
time:  17,   100 facts and    1045 exclusive pairs
             262 ops   and   19970 exclusive pairs
time:  18,   100 facts and     891 exclusive pairs
graph has leveled off at time step 19


             262 ops   and   19620 exclusive pairs
time:  19,   100 facts and     891 exclusive pairs
             262 ops   and   19620 exclusive pairs
time:  20,   100 facts and     891 exclusive pairs
             262 ops   and   19620 exclusive pairs
time:  21,   100 facts and     891 exclusive pairs
             262 ops   and   19620 exclusive pairs
time:  22,   100 facts and     891 exclusive pairs
             262 ops   and   19620 exclusive pairs
time:  23,   100 facts and     891 exclusive pairs
             262 ops   and   19620 exclusive pairs
time:  24,   100 facts and     891 exclusive pairs
             262 ops   and   19620 exclusive pairs
time:  25,   100 facts and     891 exclusive pairs
             262 ops   and   19620 exclusive pairs
time:  26,   100 facts and     891 exclusive pairs
             262 ops   and   19620 exclusive pairs
time:  27,   100 facts and     891 exclusive pairs
             262 ops   and   19620 exclusive pairs
time:  28,   100 facts and     891 exclusive pairs
             262 ops   and   19620 exclusive pairs
time:  29,   100 facts and     891 exclusive pairs

creating thin gp-based encoding...
plan graph layer 0...
plan graph layer 1...
plan graph layer 2...
plan graph layer 3...
plan graph layer 4...
plan graph layer 5...
plan graph layer 6...
plan graph layer 7...
plan graph layer 8...
plan graph layer 9...
plan graph layer 10...
plan graph layer 11...
plan graph layer 12...
plan graph layer 13...
plan graph layer 14...
plan graph layer 15...
plan graph layer 16...
plan graph layer 17...
plan graph layer 18...
plan graph layer 19...
plan graph layer 20...
plan graph layer 21...
plan graph layer 22...
plan graph layer 23...
plan graph layer 24...
plan graph layer 25...
plan graph layer 26...
plan graph layer 27...
plan graph layer 28...
plan graph layer 29...
goal constraints...
exclusion constraints layer 0...
exclusion constraints layer 1...
exclusion constraints layer 2...
exclusion constraints layer 3...
exclusion constraints layer 4...
exclusion constraints layer 5...
exclusion constraints layer 6...
exclusion constraints layer 7...
exclusion constraints layer 8...
exclusion constraints layer 9...
exclusion constraints layer 10...
exclusion constraints layer 11...
exclusion constraints layer 12...
exclusion constraints layer 13...
exclusion constraints layer 14...
exclusion constraints layer 15...
exclusion constraints layer 16...
exclusion constraints layer 17...
exclusion constraints layer 18...
exclusion constraints layer 19...
exclusion constraints layer 20...
exclusion constraints layer 21...
exclusion constraints layer 22...
exclusion constraints layer 23...
exclusion constraints layer 24...
exclusion constraints layer 25...
exclusion constraints layer 26...
exclusion constraints layer 27...
exclusion constraints layer 28...
exclusion constraints layer 29...

DECISION LAYER 29, WRITING THIN GP-BASED ENCODING WITH 7113 VARS, 215830 CLAUSES.

time spent:    0.00 seconds instantiating 180 action templates
               0.00 seconds reachability analysis, yielding 109 facts and 180 actions
               0.00 seconds collecting 109 relevant facts
               0.00 seconds building connectivity graph
               0.00 seconds building (std) graph
               0.03 seconds CNF output time
               0.03 seconds total planner time (solving not included)


***Solving***


[ filemap ]
[ extract ]

variables : 7113
pure lits : 104

1-clauses : 8
2-clauses : 213906
3-clauses : 1505
n-clauses : 411
discarded : 0

[ solve ]


unsatisfiable                             

[ stats ]

decisions : 9457
conflicts : 271
time : ~0.01

***UNSAT***


bb: parsing domain file
domain 'BLOCKS' defined
 ... done.
bb: parsing problem file
problem 'BLOCKS-9-0' defined
 ... done.


time:   0,    12 facts and       0 exclusive pairs
              14 ops   and       7 exclusive pairs
time:   1,    15 facts and      11 exclusive pairs
              22 ops   and      74 exclusive pairs
time:   2,    18 facts and      24 exclusive pairs
              29 ops   and     174 exclusive pairs
time:   3,    20 facts and      36 exclusive pairs
              36 ops   and     316 exclusive pairs
time:   4,    24 facts and      68 exclusive pairs
              45 ops   and     554 exclusive pairs
time:   5,    26 facts and      79 exclusive pairs
              54 ops   and     844 exclusive pairs
time:   6,    32 facts and     149 exclusive pairs
              67 ops   and    1382 exclusive pairs
time:   7,    34 facts and     150 exclusive pairs
              78 ops   and    1882 exclusive pairs
time:   8,    42 facts and     272 exclusive pairs
              95 ops   and    2890 exclusive pairs
time:   9,    44 facts and     255 exclusive pairs
             108 ops   and    3676 exclusive pairs
time:  10,    54 facts and     443 exclusive pairs
             129 ops   and    5360 exclusive pairs
time:  11,    56 facts and     400 exclusive pairs
             144 ops   and    6520 exclusive pairs
time:  12,    68 facts and     668 exclusive pairs
             169 ops   and    9122 exclusive pairs
time:  13,    70 facts and     591 exclusive pairs
             186 ops   and   10756 exclusive pairs
time:  14,    84 facts and     953 exclusive pairs
             215 ops   and   14554 exclusive pairs
time:  15,    85 facts and     809 exclusive pairs
             232 ops   and   16437 exclusive pairs
time:  16,   100 facts and    1241 exclusive pairs
             262 ops   and   21224 exclusive pairs
time:  17,   100 facts and    1045 exclusive pairs
             262 ops   and   19970 exclusive pairs
time:  18,   100 facts and     891 exclusive pairs
graph has leveled off at time step 19


             262 ops   and   19620 exclusive pairs
time:  19,   100 facts and     891 exclusive pairs
             262 ops   and   19620 exclusive pairs
time:  20,   100 facts and     891 exclusive pairs
             262 ops   and   19620 exclusive pairs
time:  21,   100 facts and     891 exclusive pairs
             262 ops   and   19620 exclusive pairs
time:  22,   100 facts and     891 exclusive pairs
             262 ops   and   19620 exclusive pairs
time:  23,   100 facts and     891 exclusive pairs
             262 ops   and   19620 exclusive pairs
time:  24,   100 facts and     891 exclusive pairs
             262 ops   and   19620 exclusive pairs
time:  25,   100 facts and     891 exclusive pairs
             262 ops   and   19620 exclusive pairs
time:  26,   100 facts and     891 exclusive pairs
             262 ops   and   19620 exclusive pairs
time:  27,   100 facts and     891 exclusive pairs
             262 ops   and   19620 exclusive pairs
time:  28,   100 facts and     891 exclusive pairs
             262 ops   and   19620 exclusive pairs
time:  29,   100 facts and     891 exclusive pairs
             262 ops   and   19620 exclusive pairs
time:  30,   100 facts and     891 exclusive pairs

creating thin gp-based encoding...
plan graph layer 0...
plan graph layer 1...
plan graph layer 2...
plan graph layer 3...
plan graph layer 4...
plan graph layer 5...
plan graph layer 6...
plan graph layer 7...
plan graph layer 8...
plan graph layer 9...
plan graph layer 10...
plan graph layer 11...
plan graph layer 12...
plan graph layer 13...
plan graph layer 14...
plan graph layer 15...
plan graph layer 16...
plan graph layer 17...
plan graph layer 18...
plan graph layer 19...
plan graph layer 20...
plan graph layer 21...
plan graph layer 22...
plan graph layer 23...
plan graph layer 24...
plan graph layer 25...
plan graph layer 26...
plan graph layer 27...
plan graph layer 28...
plan graph layer 29...
plan graph layer 30...
goal constraints...
exclusion constraints layer 0...
exclusion constraints layer 1...
exclusion constraints layer 2...
exclusion constraints layer 3...
exclusion constraints layer 4...
exclusion constraints layer 5...
exclusion constraints layer 6...
exclusion constraints layer 7...
exclusion constraints layer 8...
exclusion constraints layer 9...
exclusion constraints layer 10...
exclusion constraints layer 11...
exclusion constraints layer 12...
exclusion constraints layer 13...
exclusion constraints layer 14...
exclusion constraints layer 15...
exclusion constraints layer 16...
exclusion constraints layer 17...
exclusion constraints layer 18...
exclusion constraints layer 19...
exclusion constraints layer 20...
exclusion constraints layer 21...
exclusion constraints layer 22...
exclusion constraints layer 23...
exclusion constraints layer 24...
exclusion constraints layer 25...
exclusion constraints layer 26...
exclusion constraints layer 27...
exclusion constraints layer 28...
exclusion constraints layer 29...
exclusion constraints layer 30...

DECISION LAYER 30, WRITING THIN GP-BASED ENCODING WITH 7475 VARS, 228702 CLAUSES.

time spent:    0.00 seconds instantiating 180 action templates
               0.00 seconds reachability analysis, yielding 109 facts and 180 actions
               0.00 seconds collecting 109 relevant facts
               0.00 seconds building connectivity graph
               0.00 seconds building (std) graph
               0.03 seconds CNF output time
               0.03 seconds total planner time (solving not included)


***Solving***


[ filemap ]
[ extract ]

variables : 7475
pure lits : 104

1-clauses : 8
2-clauses : 226678
3-clauses : 1586
n-clauses : 430
discarded : 0

[ solve ]


satisfiable                             

[ stats ]

decisions : 8008
conflicts : 258
time : ~0.01


bb: parsing domain file
domain 'BLOCKS' defined
 ... done.
bb: parsing problem file
problem 'BLOCKS-9-0' defined
 ... done.


time:   0,    12 facts and       0 exclusive pairs
              14 ops   and       7 exclusive pairs
time:   1,    15 facts and      11 exclusive pairs
              22 ops   and      74 exclusive pairs
time:   2,    18 facts and      24 exclusive pairs
              29 ops   and     174 exclusive pairs
time:   3,    20 facts and      36 exclusive pairs
              36 ops   and     316 exclusive pairs
time:   4,    24 facts and      68 exclusive pairs
              45 ops   and     554 exclusive pairs
time:   5,    26 facts and      79 exclusive pairs
              54 ops   and     844 exclusive pairs
time:   6,    32 facts and     149 exclusive pairs
              67 ops   and    1382 exclusive pairs
time:   7,    34 facts and     150 exclusive pairs
              78 ops   and    1882 exclusive pairs
time:   8,    42 facts and     272 exclusive pairs
              95 ops   and    2890 exclusive pairs
time:   9,    44 facts and     255 exclusive pairs
             108 ops   and    3676 exclusive pairs
time:  10,    54 facts and     443 exclusive pairs
             129 ops   and    5360 exclusive pairs
time:  11,    56 facts and     400 exclusive pairs
             144 ops   and    6520 exclusive pairs
time:  12,    68 facts and     668 exclusive pairs
             169 ops   and    9122 exclusive pairs
time:  13,    70 facts and     591 exclusive pairs
             186 ops   and   10756 exclusive pairs
time:  14,    84 facts and     953 exclusive pairs
             215 ops   and   14554 exclusive pairs
time:  15,    85 facts and     809 exclusive pairs
             232 ops   and   16437 exclusive pairs
time:  16,   100 facts and    1241 exclusive pairs
             262 ops   and   21224 exclusive pairs
time:  17,   100 facts and    1045 exclusive pairs
             262 ops   and   19970 exclusive pairs
time:  18,   100 facts and     891 exclusive pairs
graph has leveled off at time step 19


             262 ops   and   19620 exclusive pairs
time:  19,   100 facts and     891 exclusive pairs
             262 ops   and   19620 exclusive pairs
time:  20,   100 facts and     891 exclusive pairs
             262 ops   and   19620 exclusive pairs
time:  21,   100 facts and     891 exclusive pairs
             262 ops   and   19620 exclusive pairs
time:  22,   100 facts and     891 exclusive pairs
             262 ops   and   19620 exclusive pairs
time:  23,   100 facts and     891 exclusive pairs
             262 ops   and   19620 exclusive pairs
time:  24,   100 facts and     891 exclusive pairs
             262 ops   and   19620 exclusive pairs
time:  25,   100 facts and     891 exclusive pairs
             262 ops   and   19620 exclusive pairs
time:  26,   100 facts and     891 exclusive pairs
             262 ops   and   19620 exclusive pairs
time:  27,   100 facts and     891 exclusive pairs
             262 ops   and   19620 exclusive pairs
time:  28,   100 facts and     891 exclusive pairs
             262 ops   and   19620 exclusive pairs
time:  29,   100 facts and     891 exclusive pairs
             262 ops   and   19620 exclusive pairs
time:  30,   100 facts and     891 exclusive pairs

creating thin gp-based encoding...
plan graph layer 0...
plan graph layer 1...
plan graph layer 2...
plan graph layer 3...
plan graph layer 4...
plan graph layer 5...
plan graph layer 6...
plan graph layer 7...
plan graph layer 8...
plan graph layer 9...
plan graph layer 10...
plan graph layer 11...
plan graph layer 12...
plan graph layer 13...
plan graph layer 14...
plan graph layer 15...
plan graph layer 16...
plan graph layer 17...
plan graph layer 18...
plan graph layer 19...
plan graph layer 20...
plan graph layer 21...
plan graph layer 22...
plan graph layer 23...
plan graph layer 24...
plan graph layer 25...
plan graph layer 26...
plan graph layer 27...
plan graph layer 28...
plan graph layer 29...
plan graph layer 30...
goal constraints...
exclusion constraints layer 0...
exclusion constraints layer 1...
exclusion constraints layer 2...
exclusion constraints layer 3...
exclusion constraints layer 4...
exclusion constraints layer 5...
exclusion constraints layer 6...
exclusion constraints layer 7...
exclusion constraints layer 8...
exclusion constraints layer 9...
exclusion constraints layer 10...
exclusion constraints layer 11...
exclusion constraints layer 12...
exclusion constraints layer 13...
exclusion constraints layer 14...
exclusion constraints layer 15...
exclusion constraints layer 16...
exclusion constraints layer 17...
exclusion constraints layer 18...
exclusion constraints layer 19...
exclusion constraints layer 20...
exclusion constraints layer 21...
exclusion constraints layer 22...
exclusion constraints layer 23...
exclusion constraints layer 24...
exclusion constraints layer 25...
exclusion constraints layer 26...
exclusion constraints layer 27...
exclusion constraints layer 28...
exclusion constraints layer 29...
exclusion constraints layer 30...

DECISION LAYER 30, WRITING THIN GP-BASED ENCODING WITH 7475 VARS, 228702 CLAUSES.

time spent:    0.00 seconds instantiating 180 action templates
               0.00 seconds reachability analysis, yielding 109 facts and 180 actions
               0.00 seconds collecting 109 relevant facts
               0.00 seconds building connectivity graph
               0.00 seconds building (std) graph
               0.01 seconds CNF output time
               0.01 seconds total planner time (solving not included)

Pruned:  0: (PICK-UP H) [1]
Pruned:  0: (PICK-UP H) [1]
Pruned:  0: (PICK-UP H) [1]
Pruned:  0: (PICK-UP H) [1]
Pruned:  0: (PICK-UP H) [1]
Pruned:  0: (PICK-UP H) [1]
Pruned:  0: (PICK-UP H) [1]
Pruned:  0: (PICK-UP H) [1]
Pruned:  0: (PICK-UP H) [1]
Pruned:  0: (PICK-UP H) [1]
Pruned:  0: (PICK-UP H) [1]
Pruned:  0: (PICK-UP H) [1]
Pruned:  0: (PICK-UP H) [1]
Pruned:  0: (PICK-UP H) [1]
Pruned:  0: (PICK-UP H) [1]
Pruned:  0: (PICK-UP H) [1]
Pruned:  0: (PICK-UP H) [1]
Pruned:  0: (PICK-UP H) [1]
Pruned:  0: (PICK-UP H) [1]
Pruned:  0: (PICK-UP H) [1]
Pruned:  0: (PICK-UP H) [1]
Pruned:  0: (PICK-UP H) [1]
Pruned:  0: (PICK-UP H) [1]
Pruned:  0: (PICK-UP H) [1]
Pruned:  0: (PICK-UP H) [1]
Pruned:  0: (PICK-UP H) [1]
Pruned:  0: (PICK-UP H) [1]
Pruned:  0: (PICK-UP H) [1]
Pruned:  0: (PICK-UP H) [1]
Pruned:  0: (PICK-UP H) [1]
Pruned:  0: (PICK-UP H) [1]
Pruned:  0: (PICK-UP H) [1]
Pruned:  0: (PICK-UP H) [1]
Pruned:  0: (PICK-UP H) [1]
Pruned:  0: (PICK-UP H) [1]
Pruned:  0: (PICK-UP H) [1]
Pruned:  0: (PICK-UP H) [1]
Pruned:  0: (PICK-UP H) [1]
Pruned:  0: (PICK-UP H) [1]
Pruned:  0: (PICK-UP H) [1]
Pruned:  0: (PICK-UP H) [1]
Pruned:  0: (PICK-UP H) [1]
Pruned:  0: (PICK-UP H) [1]
Pruned:  0: (PICK-UP H) [1]
Pruned:  0: (PICK-UP H) [1]
Pruned:  0: (PICK-UP H) [1]
Pruned:  0: (PICK-UP H) [1]
Pruned:  0: (PICK-UP H) [1]
Pruned:  0: (PICK-UP H) [1]
Pruned:  0: (PICK-UP H) [1]
Pruned:  0: (PICK-UP H) [1]
Pruned:  0: (PICK-UP H) [1]
Pruned:  0: (PICK-UP H) [1]
Pruned:  0: (PICK-UP H) [1]
Pruned:  0: (PICK-UP H) [1]
Pruned:  0: (PICK-UP H) [1]
Pruned:  0: (PICK-UP H) [1]
Pruned:  0: (PICK-UP H) [1]
Pruned:  0: (PICK-UP H) [1]
Pruned:  0: (PICK-UP H) [1]
Pruned:  0: (PICK-UP H) [1]
Pruned:  0: (PICK-UP H) [1]
Pruned:  0: (PICK-UP H) [1]
Pruned:  0: (PICK-UP H) [1]
Pruned:  0: (PICK-UP H) [1]
Pruned:  0: (PICK-UP H) [1]
Pruned:  0: (PICK-UP H) [1]
Pruned:  0: (PICK-UP H) [1]
Pruned:  0: (PICK-UP H) [1]
Pruned:  0: (PICK-UP H) [1]
Pruned:  0: (PICK-UP H) [1]
Pruned:  0: (PICK-UP H) [1]
Pruned:  0: (PICK-UP H) [1]
Pruned:  0: (PICK-UP H) [1]
Pruned:  0: (PICK-UP H) [1]
Pruned:  0: (PICK-UP H) [1]
Pruned:  0: (PICK-UP H) [1]
Pruned:  0: (PICK-UP H) [1]
Pruned:  0: (PICK-UP H) [1]
Pruned:  0: (PICK-UP H) [1]
Pruned:  0: (PICK-UP H) [1]
Pruned:  0: (PICK-UP H) [1]
Pruned:  0: (PICK-UP H) [1]
Pruned:  0: (PICK-UP H) [1]
Pruned:  0: (PICK-UP H) [1]
Pruned:  0: (PICK-UP H) [1]
Pruned:  0: (PICK-UP H) [1]
Pruned:  0: (PICK-UP H) [1]
Pruned:  0: (PICK-UP H) [1]
Pruned:  0: (PICK-UP H) [1]
Pruned:  0: (PICK-UP H) [1]
Pruned:  0: (PICK-UP H) [1]
Pruned:  0: (PICK-UP H) [1]
Pruned:  0: (PICK-UP H) [1]
Pruned:  0: (PICK-UP H) [1]
Pruned:  0: (PICK-UP H) [1]
Pruned:  0: (PICK-UP H) [1]
Pruned:  0: (PICK-UP H) [1]
Pruned:  0: (PICK-UP H) [1]
Pruned:  0: (PICK-UP H) [1]
Pruned:  0: (PICK-UP H) [1]
Pruned:  0: (PICK-UP H) [1]
Pruned:  0: (PICK-UP H) [1]
Pruned:  0: (PICK-UP H) [1]
Pruned:  0: (PICK-UP H) [1]
Pruned:  0: (PICK-UP H) [1]
Pruned:  0: (PICK-UP H) [1]
Pruned:  0: (PICK-UP H) [1]
Pruned:  0: (PICK-UP H) [1]
Pruned:  0: (PICK-UP H) [1]
Pruned:  0: (PICK-UP H) [1]
Pruned:  0: (PICK-UP H) [1]
Pruned:  0: (PICK-UP H) [1]
Pruned:  0: (PICK-UP H) [1]
Pruned:  0: (PICK-UP H) [1]
Pruned:  0: (PICK-UP H) [1]
Pruned:  0: (PICK-UP H) [1]
Pruned:  0: (PICK-UP H) [1]
Pruned:  0: (PICK-UP H) [1]
Pruned:  0: (PICK-UP H) [1]
Pruned:  0: (PICK-UP H) [1]
Pruned:  0: (PICK-UP H) [1]
Pruned:  0: (PICK-UP H) [1]
Pruned:  0: (PICK-UP H) [1]
Pruned:  0: (PICK-UP H) [1]
Pruned:  0: (PICK-UP H) [1]
Pruned:  0: (PICK-UP H) [1]
Pruned:  0: (PICK-UP H) [1]
Pruned:  0: (PICK-UP H) [1]
Pruned:  0: (PICK-UP H) [1]
Pruned:  0: (PICK-UP H) [1]
Pruned:  0: (PICK-UP H) [1]
Pruned:  0: (PICK-UP H) [1]
Pruned:  0: (PICK-UP H) [1]
Pruned:  0: (PICK-UP H) [1]
Pruned:  0: (PICK-UP H) [1]
Pruned:  0: (PICK-UP H) [1]
Pruned:  0: (PICK-UP H) [1]
Pruned:  0: (PICK-UP H) [1]
Pruned:  0: (PICK-UP H) [1]
Pruned:  0: (PICK-UP H) [1]
Pruned:  0: (PICK-UP H) [1]
Pruned:  0: (PICK-UP H) [1]
Pruned:  0: (PICK-UP H) [1]
Pruned:  0: (PICK-UP H) [1]
Pruned:  0: (PICK-UP H) [1]
Pruned:  0: (PICK-UP H) [1]
Pruned:  0: (PICK-UP H) [1]
Pruned:  0: (PICK-UP H) [1]
Pruned:  0: (PICK-UP H) [1]
Pruned:  0: (PICK-UP H) [1]
Pruned:  0: (PICK-UP H) [1]
Pruned:  0: (PICK-UP H) [1]
Pruned:  0: (PICK-UP H) [1]
Pruned:  0: (PICK-UP H) [1]
Pruned:  0: (PICK-UP H) [1]
Pruned:  0: (PICK-UP H) [1]
Pruned:  0: (PICK-UP H) [1]
Pruned:  0: (PICK-UP H) [1]
Pruned:  0: (PICK-UP H) [1]
Pruned:  0: (PICK-UP H) [1]
Pruned:  0: (PICK-UP H) [1]
Pruned:  0: (PICK-UP H) [1]
Pruned:  0: (PICK-UP H) [1]
Pruned:  0: (PICK-UP H) [1]
Pruned:  0: (PICK-UP H) [1]
Pruned:  0: (PICK-UP H) [1]
Pruned:  0: (PICK-UP H) [1]
Pruned:  0: (PICK-UP H) [1]
Pruned:  0: (PICK-UP H) [1]
Pruned:  0: (PICK-UP H) [1]
Pruned:  0: (PICK-UP H) [1]
Pruned:  0: (PICK-UP H) [1]
Pruned:  0: (PICK-UP H) [1]
Pruned:  0: (PICK-UP H) [1]
Pruned:  0: (PICK-UP H) [1]
Pruned:  0: (PICK-UP H) [1]
Pruned:  0: (PICK-UP H) [1]
Pruned:  0: (PICK-UP H) [1]
Pruned:  0: (PICK-UP H) [1]
Pruned:  0: (PICK-UP H) [1]
Pruned:  0: (PICK-UP H) [1]
Pruned:  0: (PICK-UP H) [1]
Pruned:  0: (PICK-UP H) [1]
Pruned:  0: (PICK-UP H) [1]
Pruned:  0: (PICK-UP H) [1]
Pruned:  0: (PICK-UP H) [1]
Pruned:  0: (PICK-UP H) [1]
Pruned:  0: (PICK-UP H) [1]
Pruned:  0: (PICK-UP H) [1]
Pruned:  0: (PICK-UP H) [1]
Pruned:  0: (PICK-UP H) [1]
Pruned:  0: (PICK-UP H) [1]
Pruned:  0: (PICK-UP H) [1]
Pruned:  0: (PICK-UP H) [1]
Pruned:  0: (PICK-UP H) [1]
Pruned:  0: (PICK-UP H) [1]
Pruned:  0: (PICK-UP H) [1]
Pruned:  0: (PICK-UP H) [1]
Pruned:  0: (PICK-UP H) [1]
Pruned:  0: (PICK-UP H) [1]
Pruned:  0: (PICK-UP H) [1]
Pruned:  0: (PICK-UP H) [1]
Pruned:  0: (PICK-UP H) [1]
Pruned:  0: (PICK-UP H) [1]
Pruned:  0: (PICK-UP H) [1]
Pruned:  0: (PICK-UP H) [1]
Pruned:  0: (PICK-UP H) [1]
Pruned:  0: (PICK-UP H) [1]
Pruned:  0: (PICK-UP H) [1]
Pruned:  0: (PICK-UP H) [1]
Pruned:  0: (PICK-UP H) [1]
Pruned:  0: (PICK-UP H) [1]
Pruned:  0: (PICK-UP H) [1]
Pruned:  0: (PICK-UP H) [1]
Pruned:  0: (PICK-UP H) [1]
Pruned:  0: (PICK-UP H) [1]
Pruned:  0: (PICK-UP H) [1]
Pruned:  0: (PICK-UP H) [1]
Pruned:  0: (PICK-UP H) [1]
Pruned:  0: (PICK-UP H) [1]
Pruned:  0: (PICK-UP H) [1]
Pruned:  0: (PICK-UP H) [1]
Pruned:  0: (PICK-UP H) [1]
Pruned:  0: (PICK-UP H) [1]
Pruned:  0: (PICK-UP H) [1]
Pruned:  0: (PICK-UP H) [1]
Pruned:  0: (PICK-UP H) [1]
Pruned:  0: (PICK-UP H) [1]
Pruned:  0: (PICK-UP H) [1]
Pruned:  0: (PICK-UP H) [1]
Pruned:  0: (PICK-UP H) [1]
Pruned:  0: (PICK-UP H) [1]
Pruned:  0: (PICK-UP H) [1]
Pruned:  0: (PICK-UP H) [1]
Pruned:  0: (PICK-UP H) [1]
Pruned:  0: (PICK-UP H) [1]
Pruned:  0: (PICK-UP H) [1]
Pruned:  0: (PICK-UP H) [1]
Pruned:  0: (PICK-UP H) [1]
Pruned:  0: (PICK-UP H) [1]
Pruned:  0: (PICK-UP H) [1]
Pruned:  0: (PICK-UP H) [1]
Pruned:  0: (PICK-UP H) [1]
Pruned:  0: (PICK-UP H) [1]
Pruned:  0: (PICK-UP H) [1]
Pruned:  0: (PICK-UP H) [1]
Pruned:  0: (PICK-UP H) [1]
Pruned:  0: (PICK-UP H) [1]
Pruned:  0: (PICK-UP H) [1]
Pruned:  0: (PICK-UP H) [1]
Pruned:  0: (PICK-UP H) [1]
Pruned:  0: (PICK-UP H) [1]
Pruned:  0: (PICK-UP H) [1]
Pruned:  0: (PICK-UP H) [1]
Pruned:  0: (PICK-UP H) [1]
Pruned:  0: (PICK-UP H) [1]
Pruned:  0: (PICK-UP H) [1]
Pruned:  0: (PICK-UP H) [1]
Pruned:  0: (PICK-UP H) [1]
Pruned:  0: (PICK-UP H) [1]
Pruned:  0: (PICK-UP H) [1]
Pruned:  0: (PICK-UP H) [1]
Pruned:  0: (PICK-UP H) [1]
Pruned:  0: (PICK-UP H) [1]
Pruned:  0: (PICK-UP H) [1]
Pruned:  0: (PICK-UP H) [1]
Pruned:  0: (PICK-UP H) [1]
Pruned:  0: (PICK-UP H) [1]
Pruned:  0: (PICK-UP H) [1]
Pruned:  0: (PICK-UP H) [1]
Pruned:  0: (PICK-UP H) [1]
Pruned:  0: (PICK-UP H) [1]
Pruned:  0: (PICK-UP H) [1]
Pruned:  0: (PICK-UP H) [1]
Pruned:  0: (PICK-UP H) [1]
Pruned:  0: (PICK-UP H) [1]
Pruned:  0: (PICK-UP H) [1]
Pruned:  0: (PICK-UP H) [1]
Pruned:  0: (PICK-UP H) [1]
Pruned:  0: (PICK-UP H) [1]
Pruned:  0: (PICK-UP H) [1]
Pruned:  0: (PICK-UP H) [1]
Pruned:  0: (PICK-UP H) [1]
Pruned:  0: (PICK-UP H) [1]
Pruned:  0: (PICK-UP H) [1]
Pruned:  0: (PICK-UP H) [1]
Pruned:  0: (PICK-UP H) [1]
Pruned:  0: (PICK-UP H) [1]
Pruned:  0: (PICK-UP H) [1]
Pruned:  0: (PICK-UP H) [1]
Pruned:  0: (PICK-UP H) [1]
Pruned:  0: (PICK-UP H) [1]
Pruned:  0: (PICK-UP H) [1]
Pruned:  0: (PICK-UP H) [1]
Pruned:  0: (PICK-UP H) [1]
Pruned:  0: (PICK-UP H) [1]
Pruned:  0: (PICK-UP H) [1]
Pruned:  0: (PICK-UP H) [1]
Pruned:  0: (PICK-UP H) [1]
Pruned:  0: (PICK-UP H) [1]
Pruned:  0: (PICK-UP H) [1]
Pruned:  0: (PICK-UP H) [1]
Pruned:  0: (PICK-UP H) [1]
Pruned:  0: (PICK-UP H) [1]
Pruned:  0: (PICK-UP H) [1]
Pruned:  0: (PICK-UP H) [1]
Pruned:  0: (PICK-UP H) [1]
Pruned:  0: (PICK-UP H) [1]
Pruned:  0: (PICK-UP H) [1]
Pruned:  0: (PICK-UP H) [1]
Pruned:  0: (PICK-UP H) [1]
Pruned:  0: (PICK-UP H) [1]
Pruned:  0: (PICK-UP H) [1]
Pruned:  0: (PICK-UP H) [1]
Pruned:  0: (PICK-UP H) [1]
Pruned:  0: (PICK-UP H) [1]
Pruned:  0: (PICK-UP H) [1]
Pruned:  0: (PICK-UP H) [1]
Pruned:  0: (PICK-UP H) [1]
Pruned:  0: (PICK-UP H) [1]
Pruned:  0: (PICK-UP H) [1]
Pruned:  0: (PICK-UP H) [1]
Pruned:  0: (PICK-UP H) [1]
Pruned:  0: (PICK-UP H) [1]
Pruned:  0: (PICK-UP H) [1]
Pruned:  0: (PICK-UP H) [1]
Pruned:  0: (PICK-UP H) [1]
Pruned:  0: (PICK-UP H) [1]
Pruned:  0: (PICK-UP H) [1]
Pruned:  0: (PICK-UP H) [1]
Pruned:  0: (PICK-UP H) [1]
Pruned:  0: (PICK-UP H) [1]
Pruned:  0: (PICK-UP H) [1]
Pruned:  0: (PICK-UP H) [1]
Pruned:  0: (PICK-UP H) [1]
Pruned:  0: (PICK-UP H) [1]
Pruned:  0: (PICK-UP H) [1]
Pruned:  0: (PICK-UP H) [1]
Pruned:  0: (PICK-UP H) [1]
Pruned:  0: (PICK-UP H) [1]
Pruned:  0: (PICK-UP H) [1]
Pruned:  0: (PICK-UP H) [1]
Pruned:  0: (PICK-UP H) [1]
Pruned:  0: (PICK-UP H) [1]
Pruned:  0: (PICK-UP H) [1]
Pruned:  0: (PICK-UP H) [1]
Pruned:  0: (PICK-UP H) [1]
Pruned:  0: (PICK-UP H) [1]
Pruned:  0: (PICK-UP H) [1]
Pruned:  0: (PICK-UP H) [1]
Pruned:  0: (PICK-UP H) [1]
Pruned:  0: (PICK-UP H) [1]
Pruned:  0: (PICK-UP H) [1]
Pruned:  0: (PICK-UP H) [1]
Pruned:  0: (PICK-UP H) [1]
Pruned:  0: (PICK-UP H) [1]
Pruned:  0: (PICK-UP H) [1]
Pruned:  0: (PICK-UP H) [1]
Pruned:  0: (PICK-UP H) [1]
Pruned:  0: (PICK-UP H) [1]
Pruned:  0: (PICK-UP H) [1]
Pruned:  0: (PICK-UP H) [1]
Pruned:  0: (PICK-UP H) [1]
Pruned:  0: (PICK-UP H) [1]
Pruned:  0: (PICK-UP H) [1]
Pruned:  0: (PICK-UP H) [1]
Pruned:  0: (PICK-UP H) [1]
Pruned:  0: (PICK-UP H) [1]
Pruned:  0: (PICK-UP H) [1]
Pruned:  0: (PICK-UP H) [1]
Pruned:  0: (PICK-UP H) [1]
Pruned:  0: (PICK-UP H) [1]
Pruned:  0: (PICK-UP H) [1]
Pruned:  0: (PICK-UP H) [1]
Pruned:  0: (PICK-UP H) [1]
Pruned:  0: (PICK-UP H) [1]
Pruned:  0: (PICK-UP H) [1]
Pruned:  0: (PICK-UP H) [1]
Pruned:  0: (PICK-UP H) [1]
Pruned:  0: (PICK-UP H) [1]
Pruned:  0: (PICK-UP H) [1]
Pruned:  0: (PICK-UP H) [1]
Pruned:  0: (PICK-UP H) [1]
Pruned:  0: (PICK-UP H) [1]
Pruned:  0: (PICK-UP H) [1]
Pruned:  0: (PICK-UP H) [1]
Pruned:  0: (PICK-UP H) [1]
Pruned:  0: (PICK-UP H) [1]
Pruned:  0: (PICK-UP H) [1]
Pruned:  0: (PICK-UP H) [1]
Pruned:  0: (PICK-UP H) [1]
Pruned:  0: (PICK-UP H) [1]
Pruned:  0: (PICK-UP H) [1]
---SatPlan Version: 1.1
***SAT!***

Solved in 30 layers

Real Time: = 0.8
User Time: = 0.57
Syst Time: = 0.2

__MEMKB 9088
