---SatPlan Version: 1.1

bb: parsing domain file
domain 'BLOCKS' defined
 ... done.
bb: parsing problem file
problem 'BLOCKS-16-2' defined
 ... done.


time:   0,    19 facts and       0 exclusive pairs
              21 ops   and       7 exclusive pairs
time:   1,    23 facts and      16 exclusive pairs

creating thin gp-based encoding...
plan graph layer 0...
plan graph layer 1...
goal constraints...

goal fact not coded - level too low??


bb: parsing domain file
domain 'BLOCKS' defined
 ... done.
bb: parsing problem file
problem 'BLOCKS-16-2' defined
 ... done.


time:   0,    19 facts and       0 exclusive pairs
              21 ops   and       7 exclusive pairs
time:   1,    23 facts and      16 exclusive pairs
              31 ops   and      98 exclusive pairs
time:   2,    27 facts and      36 exclusive pairs

creating thin gp-based encoding...
plan graph layer 0...
plan graph layer 1...
plan graph layer 2...
goal constraints...

goal fact not coded - level too low??


bb: parsing domain file
domain 'BLOCKS' defined
 ... done.
bb: parsing problem file
problem 'BLOCKS-16-2' defined
 ... done.


time:   0,    19 facts and       0 exclusive pairs
              21 ops   and       7 exclusive pairs
time:   1,    23 facts and      16 exclusive pairs
              31 ops   and      98 exclusive pairs
time:   2,    27 facts and      36 exclusive pairs
              41 ops   and     269 exclusive pairs
time:   3,    30 facts and      58 exclusive pairs

creating thin gp-based encoding...
plan graph layer 0...
plan graph layer 1...
plan graph layer 2...
plan graph layer 3...
goal constraints...

goal fact not coded - level too low??


bb: parsing domain file
domain 'BLOCKS' defined
 ... done.
bb: parsing problem file
problem 'BLOCKS-16-2' defined
 ... done.


time:   0,    19 facts and       0 exclusive pairs
              21 ops   and       7 exclusive pairs
time:   1,    23 facts and      16 exclusive pairs
              31 ops   and      98 exclusive pairs
time:   2,    27 facts and      36 exclusive pairs
              41 ops   and     269 exclusive pairs
time:   3,    30 facts and      58 exclusive pairs
              53 ops   and     590 exclusive pairs
time:   4,    37 facts and     141 exclusive pairs

creating thin gp-based encoding...
plan graph layer 0...
plan graph layer 1...
plan graph layer 2...
plan graph layer 3...
plan graph layer 4...
goal constraints...

goal fact not coded - level too low??


bb: parsing domain file
domain 'BLOCKS' defined
 ... done.
bb: parsing problem file
problem 'BLOCKS-16-2' defined
 ... done.


time:   0,    19 facts and       0 exclusive pairs
              21 ops   and       7 exclusive pairs
time:   1,    23 facts and      16 exclusive pairs
              31 ops   and      98 exclusive pairs
time:   2,    27 facts and      36 exclusive pairs
              41 ops   and     269 exclusive pairs
time:   3,    30 facts and      58 exclusive pairs
              53 ops   and     590 exclusive pairs
time:   4,    37 facts and     141 exclusive pairs
              70 ops   and    1260 exclusive pairs
time:   5,    41 facts and     180 exclusive pairs

creating thin gp-based encoding...
plan graph layer 0...
plan graph layer 1...
plan graph layer 2...
plan graph layer 3...
plan graph layer 4...
plan graph layer 5...
goal constraints...

goal fact not coded - level too low??


bb: parsing domain file
domain 'BLOCKS' defined
 ... done.
bb: parsing problem file
problem 'BLOCKS-16-2' defined
 ... done.


time:   0,    19 facts and       0 exclusive pairs
              21 ops   and       7 exclusive pairs
time:   1,    23 facts and      16 exclusive pairs
              31 ops   and      98 exclusive pairs
time:   2,    27 facts and      36 exclusive pairs
              41 ops   and     269 exclusive pairs
time:   3,    30 facts and      58 exclusive pairs
              53 ops   and     590 exclusive pairs
time:   4,    37 facts and     141 exclusive pairs
              70 ops   and    1260 exclusive pairs
time:   5,    41 facts and     180 exclusive pairs
              85 ops   and    1988 exclusive pairs
time:   6,    49 facts and     308 exclusive pairs

creating thin gp-based encoding...
plan graph layer 0...
plan graph layer 1...
plan graph layer 2...
plan graph layer 3...
plan graph layer 4...
plan graph layer 5...
plan graph layer 6...
goal constraints...

goal fact not coded - level too low??


bb: parsing domain file
domain 'BLOCKS' defined
 ... done.
bb: parsing problem file
problem 'BLOCKS-16-2' defined
 ... done.


time:   0,    19 facts and       0 exclusive pairs
              21 ops   and       7 exclusive pairs
time:   1,    23 facts and      16 exclusive pairs
              31 ops   and      98 exclusive pairs
time:   2,    27 facts and      36 exclusive pairs
              41 ops   and     269 exclusive pairs
time:   3,    30 facts and      58 exclusive pairs
              53 ops   and     590 exclusive pairs
time:   4,    37 facts and     141 exclusive pairs
              70 ops   and    1260 exclusive pairs
time:   5,    41 facts and     180 exclusive pairs
              85 ops   and    1988 exclusive pairs
time:   6,    49 facts and     308 exclusive pairs
             102 ops   and    2992 exclusive pairs
time:   7,    51 facts and     268 exclusive pairs

creating thin gp-based encoding...
plan graph layer 0...
plan graph layer 1...
plan graph layer 2...
plan graph layer 3...
plan graph layer 4...
plan graph layer 5...
plan graph layer 6...
plan graph layer 7...
goal constraints...

goal fact not coded - level too low??


bb: parsing domain file
domain 'BLOCKS' defined
 ... done.
bb: parsing problem file
problem 'BLOCKS-16-2' defined
 ... done.


time:   0,    19 facts and       0 exclusive pairs
              21 ops   and       7 exclusive pairs
time:   1,    23 facts and      16 exclusive pairs
              31 ops   and      98 exclusive pairs
time:   2,    27 facts and      36 exclusive pairs
              41 ops   and     269 exclusive pairs
time:   3,    30 facts and      58 exclusive pairs
              53 ops   and     590 exclusive pairs
time:   4,    37 facts and     141 exclusive pairs
              70 ops   and    1260 exclusive pairs
time:   5,    41 facts and     180 exclusive pairs
              85 ops   and    1988 exclusive pairs
time:   6,    49 facts and     308 exclusive pairs
             102 ops   and    2992 exclusive pairs
time:   7,    51 facts and     268 exclusive pairs
             115 ops   and    3719 exclusive pairs
time:   8,    61 facts and     454 exclusive pairs

creating thin gp-based encoding...
plan graph layer 0...
plan graph layer 1...
plan graph layer 2...
plan graph layer 3...
plan graph layer 4...
plan graph layer 5...
plan graph layer 6...
plan graph layer 7...
plan graph layer 8...
goal constraints...

goal fact not coded - level too low??


bb: parsing domain file
domain 'BLOCKS' defined
 ... done.
bb: parsing problem file
problem 'BLOCKS-16-2' defined
 ... done.


time:   0,    19 facts and       0 exclusive pairs
              21 ops   and       7 exclusive pairs
time:   1,    23 facts and      16 exclusive pairs
              31 ops   and      98 exclusive pairs
time:   2,    27 facts and      36 exclusive pairs
              41 ops   and     269 exclusive pairs
time:   3,    30 facts and      58 exclusive pairs
              53 ops   and     590 exclusive pairs
time:   4,    37 facts and     141 exclusive pairs
              70 ops   and    1260 exclusive pairs
time:   5,    41 facts and     180 exclusive pairs
              85 ops   and    1988 exclusive pairs
time:   6,    49 facts and     308 exclusive pairs
             102 ops   and    2992 exclusive pairs
time:   7,    51 facts and     268 exclusive pairs
             115 ops   and    3719 exclusive pairs
time:   8,    61 facts and     454 exclusive pairs
             136 ops   and    5390 exclusive pairs
time:   9,    63 facts and     400 exclusive pairs

creating thin gp-based encoding...
plan graph layer 0...
plan graph layer 1...
plan graph layer 2...
plan graph layer 3...
plan graph layer 4...
plan graph layer 5...
plan graph layer 6...
plan graph layer 7...
plan graph layer 8...
plan graph layer 9...
goal constraints...

goal fact not coded - level too low??


bb: parsing domain file
domain 'BLOCKS' defined
 ... done.
bb: parsing problem file
problem 'BLOCKS-16-2' defined
 ... done.


time:   0,    19 facts and       0 exclusive pairs
              21 ops   and       7 exclusive pairs
time:   1,    23 facts and      16 exclusive pairs
              31 ops   and      98 exclusive pairs
time:   2,    27 facts and      36 exclusive pairs
              41 ops   and     269 exclusive pairs
time:   3,    30 facts and      58 exclusive pairs
              53 ops   and     590 exclusive pairs
time:   4,    37 facts and     141 exclusive pairs
              70 ops   and    1260 exclusive pairs
time:   5,    41 facts and     180 exclusive pairs
              85 ops   and    1988 exclusive pairs
time:   6,    49 facts and     308 exclusive pairs
             102 ops   and    2992 exclusive pairs
time:   7,    51 facts and     268 exclusive pairs
             115 ops   and    3719 exclusive pairs
time:   8,    61 facts and     454 exclusive pairs
             136 ops   and    5390 exclusive pairs
time:   9,    63 facts and     400 exclusive pairs
             151 ops   and    6520 exclusive pairs
time:  10,    75 facts and     668 exclusive pairs

creating thin gp-based encoding...
plan graph layer 0...
plan graph layer 1...
plan graph layer 2...
plan graph layer 3...
plan graph layer 4...
plan graph layer 5...
plan graph layer 6...
plan graph layer 7...
plan graph layer 8...
plan graph layer 9...
plan graph layer 10...
goal constraints...

goal fact not coded - level too low??


bb: parsing domain file
domain 'BLOCKS' defined
 ... done.
bb: parsing problem file
problem 'BLOCKS-16-2' defined
 ... done.


time:   0,    19 facts and       0 exclusive pairs
              21 ops   and       7 exclusive pairs
time:   1,    23 facts and      16 exclusive pairs
              31 ops   and      98 exclusive pairs
time:   2,    27 facts and      36 exclusive pairs
              41 ops   and     269 exclusive pairs
time:   3,    30 facts and      58 exclusive pairs
              53 ops   and     590 exclusive pairs
time:   4,    37 facts and     141 exclusive pairs
              70 ops   and    1260 exclusive pairs
time:   5,    41 facts and     180 exclusive pairs
              85 ops   and    1988 exclusive pairs
time:   6,    49 facts and     308 exclusive pairs
             102 ops   and    2992 exclusive pairs
time:   7,    51 facts and     268 exclusive pairs
             115 ops   and    3719 exclusive pairs
time:   8,    61 facts and     454 exclusive pairs
             136 ops   and    5390 exclusive pairs
time:   9,    63 facts and     400 exclusive pairs
             151 ops   and    6520 exclusive pairs
time:  10,    75 facts and     668 exclusive pairs
             176 ops   and    9122 exclusive pairs
time:  11,    77 facts and     591 exclusive pairs

creating thin gp-based encoding...
plan graph layer 0...
plan graph layer 1...
plan graph layer 2...
plan graph layer 3...
plan graph layer 4...
plan graph layer 5...
plan graph layer 6...
plan graph layer 7...
plan graph layer 8...
plan graph layer 9...
plan graph layer 10...
plan graph layer 11...
goal constraints...

goal fact not coded - level too low??


bb: parsing domain file
domain 'BLOCKS' defined
 ... done.
bb: parsing problem file
problem 'BLOCKS-16-2' defined
 ... done.


time:   0,    19 facts and       0 exclusive pairs
              21 ops   and       7 exclusive pairs
time:   1,    23 facts and      16 exclusive pairs
              31 ops   and      98 exclusive pairs
time:   2,    27 facts and      36 exclusive pairs
              41 ops   and     269 exclusive pairs
time:   3,    30 facts and      58 exclusive pairs
              53 ops   and     590 exclusive pairs
time:   4,    37 facts and     141 exclusive pairs
              70 ops   and    1260 exclusive pairs
time:   5,    41 facts and     180 exclusive pairs
              85 ops   and    1988 exclusive pairs
time:   6,    49 facts and     308 exclusive pairs
             102 ops   and    2992 exclusive pairs
time:   7,    51 facts and     268 exclusive pairs
             115 ops   and    3719 exclusive pairs
time:   8,    61 facts and     454 exclusive pairs
             136 ops   and    5390 exclusive pairs
time:   9,    63 facts and     400 exclusive pairs
             151 ops   and    6520 exclusive pairs
time:  10,    75 facts and     668 exclusive pairs
             176 ops   and    9122 exclusive pairs
time:  11,    77 facts and     591 exclusive pairs
             193 ops   and   10756 exclusive pairs
time:  12,    91 facts and     953 exclusive pairs

creating thin gp-based encoding...
plan graph layer 0...
plan graph layer 1...
plan graph layer 2...
plan graph layer 3...
plan graph layer 4...
plan graph layer 5...
plan graph layer 6...
plan graph layer 7...
plan graph layer 8...
plan graph layer 9...
plan graph layer 10...
plan graph layer 11...
plan graph layer 12...
goal constraints...

goal fact not coded - level too low??


bb: parsing domain file
domain 'BLOCKS' defined
 ... done.
bb: parsing problem file
problem 'BLOCKS-16-2' defined
 ... done.


time:   0,    19 facts and       0 exclusive pairs
              21 ops   and       7 exclusive pairs
time:   1,    23 facts and      16 exclusive pairs
              31 ops   and      98 exclusive pairs
time:   2,    27 facts and      36 exclusive pairs
              41 ops   and     269 exclusive pairs
time:   3,    30 facts and      58 exclusive pairs
              53 ops   and     590 exclusive pairs
time:   4,    37 facts and     141 exclusive pairs
              70 ops   and    1260 exclusive pairs
time:   5,    41 facts and     180 exclusive pairs
              85 ops   and    1988 exclusive pairs
time:   6,    49 facts and     308 exclusive pairs
             102 ops   and    2992 exclusive pairs
time:   7,    51 facts and     268 exclusive pairs
             115 ops   and    3719 exclusive pairs
time:   8,    61 facts and     454 exclusive pairs
             136 ops   and    5390 exclusive pairs
time:   9,    63 facts and     400 exclusive pairs
             151 ops   and    6520 exclusive pairs
time:  10,    75 facts and     668 exclusive pairs
             176 ops   and    9122 exclusive pairs
time:  11,    77 facts and     591 exclusive pairs
             193 ops   and   10756 exclusive pairs
time:  12,    91 facts and     953 exclusive pairs
             222 ops   and   14554 exclusive pairs
time:  13,    93 facts and     834 exclusive pairs

creating thin gp-based encoding...
plan graph layer 0...
plan graph layer 1...
plan graph layer 2...
plan graph layer 3...
plan graph layer 4...
plan graph layer 5...
plan graph layer 6...
plan graph layer 7...
plan graph layer 8...
plan graph layer 9...
plan graph layer 10...
plan graph layer 11...
plan graph layer 12...
plan graph layer 13...
goal constraints...

goal fact not coded - level too low??


bb: parsing domain file
domain 'BLOCKS' defined
 ... done.
bb: parsing problem file
problem 'BLOCKS-16-2' defined
 ... done.


time:   0,    19 facts and       0 exclusive pairs
              21 ops   and       7 exclusive pairs
time:   1,    23 facts and      16 exclusive pairs
              31 ops   and      98 exclusive pairs
time:   2,    27 facts and      36 exclusive pairs
              41 ops   and     269 exclusive pairs
time:   3,    30 facts and      58 exclusive pairs
              53 ops   and     590 exclusive pairs
time:   4,    37 facts and     141 exclusive pairs
              70 ops   and    1260 exclusive pairs
time:   5,    41 facts and     180 exclusive pairs
              85 ops   and    1988 exclusive pairs
time:   6,    49 facts and     308 exclusive pairs
             102 ops   and    2992 exclusive pairs
time:   7,    51 facts and     268 exclusive pairs
             115 ops   and    3719 exclusive pairs
time:   8,    61 facts and     454 exclusive pairs
             136 ops   and    5390 exclusive pairs
time:   9,    63 facts and     400 exclusive pairs
             151 ops   and    6520 exclusive pairs
time:  10,    75 facts and     668 exclusive pairs
             176 ops   and    9122 exclusive pairs
time:  11,    77 facts and     591 exclusive pairs
             193 ops   and   10756 exclusive pairs
time:  12,    91 facts and     953 exclusive pairs
             222 ops   and   14554 exclusive pairs
time:  13,    93 facts and     834 exclusive pairs
             241 ops   and   16774 exclusive pairs
time:  14,   109 facts and    1304 exclusive pairs

creating thin gp-based encoding...
plan graph layer 0...
plan graph layer 1...
plan graph layer 2...
plan graph layer 3...
plan graph layer 4...
plan graph layer 5...
plan graph layer 6...
plan graph layer 7...
plan graph layer 8...
plan graph layer 9...
plan graph layer 10...
plan graph layer 11...
plan graph layer 12...
plan graph layer 13...
plan graph layer 14...
goal constraints...

goal fact not coded - level too low??


bb: parsing domain file
domain 'BLOCKS' defined
 ... done.
bb: parsing problem file
problem 'BLOCKS-16-2' defined
 ... done.


time:   0,    19 facts and       0 exclusive pairs
              21 ops   and       7 exclusive pairs
time:   1,    23 facts and      16 exclusive pairs
              31 ops   and      98 exclusive pairs
time:   2,    27 facts and      36 exclusive pairs
              41 ops   and     269 exclusive pairs
time:   3,    30 facts and      58 exclusive pairs
              53 ops   and     590 exclusive pairs
time:   4,    37 facts and     141 exclusive pairs
              70 ops   and    1260 exclusive pairs
time:   5,    41 facts and     180 exclusive pairs
              85 ops   and    1988 exclusive pairs
time:   6,    49 facts and     308 exclusive pairs
             102 ops   and    2992 exclusive pairs
time:   7,    51 facts and     268 exclusive pairs
             115 ops   and    3719 exclusive pairs
time:   8,    61 facts and     454 exclusive pairs
             136 ops   and    5390 exclusive pairs
time:   9,    63 facts and     400 exclusive pairs
             151 ops   and    6520 exclusive pairs
time:  10,    75 facts and     668 exclusive pairs
             176 ops   and    9122 exclusive pairs
time:  11,    77 facts and     591 exclusive pairs
             193 ops   and   10756 exclusive pairs
time:  12,    91 facts and     953 exclusive pairs
             222 ops   and   14554 exclusive pairs
time:  13,    93 facts and     834 exclusive pairs
             241 ops   and   16774 exclusive pairs
time:  14,   109 facts and    1304 exclusive pairs
             274 ops   and   22082 exclusive pairs
time:  15,   111 facts and    1135 exclusive pairs

creating thin gp-based encoding...
plan graph layer 0...
plan graph layer 1...
plan graph layer 2...
plan graph layer 3...
plan graph layer 4...
plan graph layer 5...
plan graph layer 6...
plan graph layer 7...
plan graph layer 8...
plan graph layer 9...
plan graph layer 10...
plan graph layer 11...
plan graph layer 12...
plan graph layer 13...
plan graph layer 14...
plan graph layer 15...
goal constraints...

goal fact not coded - level too low??


bb: parsing domain file
domain 'BLOCKS' defined
 ... done.
bb: parsing problem file
problem 'BLOCKS-16-2' defined
 ... done.


time:   0,    19 facts and       0 exclusive pairs
              21 ops   and       7 exclusive pairs
time:   1,    23 facts and      16 exclusive pairs
              31 ops   and      98 exclusive pairs
time:   2,    27 facts and      36 exclusive pairs
              41 ops   and     269 exclusive pairs
time:   3,    30 facts and      58 exclusive pairs
              53 ops   and     590 exclusive pairs
time:   4,    37 facts and     141 exclusive pairs
              70 ops   and    1260 exclusive pairs
time:   5,    41 facts and     180 exclusive pairs
              85 ops   and    1988 exclusive pairs
time:   6,    49 facts and     308 exclusive pairs
             102 ops   and    2992 exclusive pairs
time:   7,    51 facts and     268 exclusive pairs
             115 ops   and    3719 exclusive pairs
time:   8,    61 facts and     454 exclusive pairs
             136 ops   and    5390 exclusive pairs
time:   9,    63 facts and     400 exclusive pairs
             151 ops   and    6520 exclusive pairs
time:  10,    75 facts and     668 exclusive pairs
             176 ops   and    9122 exclusive pairs
time:  11,    77 facts and     591 exclusive pairs
             193 ops   and   10756 exclusive pairs
time:  12,    91 facts and     953 exclusive pairs
             222 ops   and   14554 exclusive pairs
time:  13,    93 facts and     834 exclusive pairs
             241 ops   and   16774 exclusive pairs
time:  14,   109 facts and    1304 exclusive pairs
             274 ops   and   22082 exclusive pairs
time:  15,   111 facts and    1135 exclusive pairs
             295 ops   and   25012 exclusive pairs
time:  16,   129 facts and    1727 exclusive pairs

creating thin gp-based encoding...
plan graph layer 0...
plan graph layer 1...
plan graph layer 2...
plan graph layer 3...
plan graph layer 4...
plan graph layer 5...
plan graph layer 6...
plan graph layer 7...
plan graph layer 8...
plan graph layer 9...
plan graph layer 10...
plan graph layer 11...
plan graph layer 12...
plan graph layer 13...
plan graph layer 14...
plan graph layer 15...
plan graph layer 16...
goal constraints...

goal fact not coded - level too low??


bb: parsing domain file
domain 'BLOCKS' defined
 ... done.
bb: parsing problem file
problem 'BLOCKS-16-2' defined
 ... done.


time:   0,    19 facts and       0 exclusive pairs
              21 ops   and       7 exclusive pairs
time:   1,    23 facts and      16 exclusive pairs
              31 ops   and      98 exclusive pairs
time:   2,    27 facts and      36 exclusive pairs
              41 ops   and     269 exclusive pairs
time:   3,    30 facts and      58 exclusive pairs
              53 ops   and     590 exclusive pairs
time:   4,    37 facts and     141 exclusive pairs
              70 ops   and    1260 exclusive pairs
time:   5,    41 facts and     180 exclusive pairs
              85 ops   and    1988 exclusive pairs
time:   6,    49 facts and     308 exclusive pairs
             102 ops   and    2992 exclusive pairs
time:   7,    51 facts and     268 exclusive pairs
             115 ops   and    3719 exclusive pairs
time:   8,    61 facts and     454 exclusive pairs
             136 ops   and    5390 exclusive pairs
time:   9,    63 facts and     400 exclusive pairs
             151 ops   and    6520 exclusive pairs
time:  10,    75 facts and     668 exclusive pairs
             176 ops   and    9122 exclusive pairs
time:  11,    77 facts and     591 exclusive pairs
             193 ops   and   10756 exclusive pairs
time:  12,    91 facts and     953 exclusive pairs
             222 ops   and   14554 exclusive pairs
time:  13,    93 facts and     834 exclusive pairs
             241 ops   and   16774 exclusive pairs
time:  14,   109 facts and    1304 exclusive pairs
             274 ops   and   22082 exclusive pairs
time:  15,   111 facts and    1135 exclusive pairs
             295 ops   and   25012 exclusive pairs
time:  16,   129 facts and    1727 exclusive pairs
             332 ops   and   32180 exclusive pairs
time:  17,   131 facts and    1500 exclusive pairs

creating thin gp-based encoding...
plan graph layer 0...
plan graph layer 1...
plan graph layer 2...
plan graph layer 3...
plan graph layer 4...
plan graph layer 5...
plan graph layer 6...
plan graph layer 7...
plan graph layer 8...
plan graph layer 9...
plan graph layer 10...
plan graph layer 11...
plan graph layer 12...
plan graph layer 13...
plan graph layer 14...
plan graph layer 15...
plan graph layer 16...
plan graph layer 17...
goal constraints...

goal fact not coded - level too low??


bb: parsing domain file
domain 'BLOCKS' defined
 ... done.
bb: parsing problem file
problem 'BLOCKS-16-2' defined
 ... done.


time:   0,    19 facts and       0 exclusive pairs
              21 ops   and       7 exclusive pairs
time:   1,    23 facts and      16 exclusive pairs
              31 ops   and      98 exclusive pairs
time:   2,    27 facts and      36 exclusive pairs
              41 ops   and     269 exclusive pairs
time:   3,    30 facts and      58 exclusive pairs
              53 ops   and     590 exclusive pairs
time:   4,    37 facts and     141 exclusive pairs
              70 ops   and    1260 exclusive pairs
time:   5,    41 facts and     180 exclusive pairs
              85 ops   and    1988 exclusive pairs
time:   6,    49 facts and     308 exclusive pairs
             102 ops   and    2992 exclusive pairs
time:   7,    51 facts and     268 exclusive pairs
             115 ops   and    3719 exclusive pairs
time:   8,    61 facts and     454 exclusive pairs
             136 ops   and    5390 exclusive pairs
time:   9,    63 facts and     400 exclusive pairs
             151 ops   and    6520 exclusive pairs
time:  10,    75 facts and     668 exclusive pairs
             176 ops   and    9122 exclusive pairs
time:  11,    77 facts and     591 exclusive pairs
             193 ops   and   10756 exclusive pairs
time:  12,    91 facts and     953 exclusive pairs
             222 ops   and   14554 exclusive pairs
time:  13,    93 facts and     834 exclusive pairs
             241 ops   and   16774 exclusive pairs
time:  14,   109 facts and    1304 exclusive pairs
             274 ops   and   22082 exclusive pairs
time:  15,   111 facts and    1135 exclusive pairs
             295 ops   and   25012 exclusive pairs
time:  16,   129 facts and    1727 exclusive pairs
             332 ops   and   32180 exclusive pairs
time:  17,   131 facts and    1500 exclusive pairs
             355 ops   and   35956 exclusive pairs
time:  18,   151 facts and    2228 exclusive pairs

creating thin gp-based encoding...
plan graph layer 0...
plan graph layer 1...
plan graph layer 2...
plan graph layer 3...
plan graph layer 4...
plan graph layer 5...
plan graph layer 6...
plan graph layer 7...
plan graph layer 8...
plan graph layer 9...
plan graph layer 10...
plan graph layer 11...
plan graph layer 12...
plan graph layer 13...
plan graph layer 14...
plan graph layer 15...
plan graph layer 16...
plan graph layer 17...
plan graph layer 18...
goal constraints...

goal fact not coded - level too low??


bb: parsing domain file
domain 'BLOCKS' defined
 ... done.
bb: parsing problem file
problem 'BLOCKS-16-2' defined
 ... done.


time:   0,    19 facts and       0 exclusive pairs
              21 ops   and       7 exclusive pairs
time:   1,    23 facts and      16 exclusive pairs
              31 ops   and      98 exclusive pairs
time:   2,    27 facts and      36 exclusive pairs
              41 ops   and     269 exclusive pairs
time:   3,    30 facts and      58 exclusive pairs
              53 ops   and     590 exclusive pairs
time:   4,    37 facts and     141 exclusive pairs
              70 ops   and    1260 exclusive pairs
time:   5,    41 facts and     180 exclusive pairs
              85 ops   and    1988 exclusive pairs
time:   6,    49 facts and     308 exclusive pairs
             102 ops   and    2992 exclusive pairs
time:   7,    51 facts and     268 exclusive pairs
             115 ops   and    3719 exclusive pairs
time:   8,    61 facts and     454 exclusive pairs
             136 ops   and    5390 exclusive pairs
time:   9,    63 facts and     400 exclusive pairs
             151 ops   and    6520 exclusive pairs
time:  10,    75 facts and     668 exclusive pairs
             176 ops   and    9122 exclusive pairs
time:  11,    77 facts and     591 exclusive pairs
             193 ops   and   10756 exclusive pairs
time:  12,    91 facts and     953 exclusive pairs
             222 ops   and   14554 exclusive pairs
time:  13,    93 facts and     834 exclusive pairs
             241 ops   and   16774 exclusive pairs
time:  14,   109 facts and    1304 exclusive pairs
             274 ops   and   22082 exclusive pairs
time:  15,   111 facts and    1135 exclusive pairs
             295 ops   and   25012 exclusive pairs
time:  16,   129 facts and    1727 exclusive pairs
             332 ops   and   32180 exclusive pairs
time:  17,   131 facts and    1500 exclusive pairs
             355 ops   and   35956 exclusive pairs
time:  18,   151 facts and    2228 exclusive pairs
             396 ops   and   45370 exclusive pairs
time:  19,   153 facts and    1935 exclusive pairs

creating thin gp-based encoding...
plan graph layer 0...
plan graph layer 1...
plan graph layer 2...
plan graph layer 3...
plan graph layer 4...
plan graph layer 5...
plan graph layer 6...
plan graph layer 7...
plan graph layer 8...
plan graph layer 9...
plan graph layer 10...
plan graph layer 11...
plan graph layer 12...
plan graph layer 13...
plan graph layer 14...
plan graph layer 15...
plan graph layer 16...
plan graph layer 17...
plan graph layer 18...
plan graph layer 19...
goal constraints...

goal fact not coded - level too low??


bb: parsing domain file
domain 'BLOCKS' defined
 ... done.
bb: parsing problem file
problem 'BLOCKS-16-2' defined
 ... done.


time:   0,    19 facts and       0 exclusive pairs
              21 ops   and       7 exclusive pairs
time:   1,    23 facts and      16 exclusive pairs
              31 ops   and      98 exclusive pairs
time:   2,    27 facts and      36 exclusive pairs
              41 ops   and     269 exclusive pairs
time:   3,    30 facts and      58 exclusive pairs
              53 ops   and     590 exclusive pairs
time:   4,    37 facts and     141 exclusive pairs
              70 ops   and    1260 exclusive pairs
time:   5,    41 facts and     180 exclusive pairs
              85 ops   and    1988 exclusive pairs
time:   6,    49 facts and     308 exclusive pairs
             102 ops   and    2992 exclusive pairs
time:   7,    51 facts and     268 exclusive pairs
             115 ops   and    3719 exclusive pairs
time:   8,    61 facts and     454 exclusive pairs
             136 ops   and    5390 exclusive pairs
time:   9,    63 facts and     400 exclusive pairs
             151 ops   and    6520 exclusive pairs
time:  10,    75 facts and     668 exclusive pairs
             176 ops   and    9122 exclusive pairs
time:  11,    77 facts and     591 exclusive pairs
             193 ops   and   10756 exclusive pairs
time:  12,    91 facts and     953 exclusive pairs
             222 ops   and   14554 exclusive pairs
time:  13,    93 facts and     834 exclusive pairs
             241 ops   and   16774 exclusive pairs
time:  14,   109 facts and    1304 exclusive pairs
             274 ops   and   22082 exclusive pairs
time:  15,   111 facts and    1135 exclusive pairs
             295 ops   and   25012 exclusive pairs
time:  16,   129 facts and    1727 exclusive pairs
             332 ops   and   32180 exclusive pairs
time:  17,   131 facts and    1500 exclusive pairs
             355 ops   and   35956 exclusive pairs
time:  18,   151 facts and    2228 exclusive pairs
             396 ops   and   45370 exclusive pairs
time:  19,   153 facts and    1935 exclusive pairs
             421 ops   and   50140 exclusive pairs
time:  20,   175 facts and    2813 exclusive pairs

creating thin gp-based encoding...
plan graph layer 0...
plan graph layer 1...
plan graph layer 2...
plan graph layer 3...
plan graph layer 4...
plan graph layer 5...
plan graph layer 6...
plan graph layer 7...
plan graph layer 8...
plan graph layer 9...
plan graph layer 10...
plan graph layer 11...
plan graph layer 12...
plan graph layer 13...
plan graph layer 14...
plan graph layer 15...
plan graph layer 16...
plan graph layer 17...
plan graph layer 18...
plan graph layer 19...
plan graph layer 20...
goal constraints...

goal fact not coded - level too low??


bb: parsing domain file
domain 'BLOCKS' defined
 ... done.
bb: parsing problem file
problem 'BLOCKS-16-2' defined
 ... done.


time:   0,    19 facts and       0 exclusive pairs
              21 ops   and       7 exclusive pairs
time:   1,    23 facts and      16 exclusive pairs
              31 ops   and      98 exclusive pairs
time:   2,    27 facts and      36 exclusive pairs
              41 ops   and     269 exclusive pairs
time:   3,    30 facts and      58 exclusive pairs
              53 ops   and     590 exclusive pairs
time:   4,    37 facts and     141 exclusive pairs
              70 ops   and    1260 exclusive pairs
time:   5,    41 facts and     180 exclusive pairs
              85 ops   and    1988 exclusive pairs
time:   6,    49 facts and     308 exclusive pairs
             102 ops   and    2992 exclusive pairs
time:   7,    51 facts and     268 exclusive pairs
             115 ops   and    3719 exclusive pairs
time:   8,    61 facts and     454 exclusive pairs
             136 ops   and    5390 exclusive pairs
time:   9,    63 facts and     400 exclusive pairs
             151 ops   and    6520 exclusive pairs
time:  10,    75 facts and     668 exclusive pairs
             176 ops   and    9122 exclusive pairs
time:  11,    77 facts and     591 exclusive pairs
             193 ops   and   10756 exclusive pairs
time:  12,    91 facts and     953 exclusive pairs
             222 ops   and   14554 exclusive pairs
time:  13,    93 facts and     834 exclusive pairs
             241 ops   and   16774 exclusive pairs
time:  14,   109 facts and    1304 exclusive pairs
             274 ops   and   22082 exclusive pairs
time:  15,   111 facts and    1135 exclusive pairs
             295 ops   and   25012 exclusive pairs
time:  16,   129 facts and    1727 exclusive pairs
             332 ops   and   32180 exclusive pairs
time:  17,   131 facts and    1500 exclusive pairs
             355 ops   and   35956 exclusive pairs
time:  18,   151 facts and    2228 exclusive pairs
             396 ops   and   45370 exclusive pairs
time:  19,   153 facts and    1935 exclusive pairs
             421 ops   and   50140 exclusive pairs
time:  20,   175 facts and    2813 exclusive pairs
             466 ops   and   62222 exclusive pairs
time:  21,   177 facts and    2446 exclusive pairs

creating thin gp-based encoding...
plan graph layer 0...
plan graph layer 1...
plan graph layer 2...
plan graph layer 3...
plan graph layer 4...
plan graph layer 5...
plan graph layer 6...
plan graph layer 7...
plan graph layer 8...
plan graph layer 9...
plan graph layer 10...
plan graph layer 11...
plan graph layer 12...
plan graph layer 13...
plan graph layer 14...
plan graph layer 15...
plan graph layer 16...
plan graph layer 17...
plan graph layer 18...
plan graph layer 19...
plan graph layer 20...
plan graph layer 21...
goal constraints...

goal fact not coded - level too low??


bb: parsing domain file
domain 'BLOCKS' defined
 ... done.
bb: parsing problem file
problem 'BLOCKS-16-2' defined
 ... done.


time:   0,    19 facts and       0 exclusive pairs
              21 ops   and       7 exclusive pairs
time:   1,    23 facts and      16 exclusive pairs
              31 ops   and      98 exclusive pairs
time:   2,    27 facts and      36 exclusive pairs
              41 ops   and     269 exclusive pairs
time:   3,    30 facts and      58 exclusive pairs
              53 ops   and     590 exclusive pairs
time:   4,    37 facts and     141 exclusive pairs
              70 ops   and    1260 exclusive pairs
time:   5,    41 facts and     180 exclusive pairs
              85 ops   and    1988 exclusive pairs
time:   6,    49 facts and     308 exclusive pairs
             102 ops   and    2992 exclusive pairs
time:   7,    51 facts and     268 exclusive pairs
             115 ops   and    3719 exclusive pairs
time:   8,    61 facts and     454 exclusive pairs
             136 ops   and    5390 exclusive pairs
time:   9,    63 facts and     400 exclusive pairs
             151 ops   and    6520 exclusive pairs
time:  10,    75 facts and     668 exclusive pairs
             176 ops   and    9122 exclusive pairs
time:  11,    77 facts and     591 exclusive pairs
             193 ops   and   10756 exclusive pairs
time:  12,    91 facts and     953 exclusive pairs
             222 ops   and   14554 exclusive pairs
time:  13,    93 facts and     834 exclusive pairs
             241 ops   and   16774 exclusive pairs
time:  14,   109 facts and    1304 exclusive pairs
             274 ops   and   22082 exclusive pairs
time:  15,   111 facts and    1135 exclusive pairs
             295 ops   and   25012 exclusive pairs
time:  16,   129 facts and    1727 exclusive pairs
             332 ops   and   32180 exclusive pairs
time:  17,   131 facts and    1500 exclusive pairs
             355 ops   and   35956 exclusive pairs
time:  18,   151 facts and    2228 exclusive pairs
             396 ops   and   45370 exclusive pairs
time:  19,   153 facts and    1935 exclusive pairs
             421 ops   and   50140 exclusive pairs
time:  20,   175 facts and    2813 exclusive pairs
             466 ops   and   62222 exclusive pairs
time:  21,   177 facts and    2446 exclusive pairs
             493 ops   and   68146 exclusive pairs
time:  22,   201 facts and    3488 exclusive pairs

creating thin gp-based encoding...
plan graph layer 0...
plan graph layer 1...
plan graph layer 2...
plan graph layer 3...
plan graph layer 4...
plan graph layer 5...
plan graph layer 6...
plan graph layer 7...
plan graph layer 8...
plan graph layer 9...
plan graph layer 10...
plan graph layer 11...
plan graph layer 12...
plan graph layer 13...
plan graph layer 14...
plan graph layer 15...
plan graph layer 16...
plan graph layer 17...
plan graph layer 18...
plan graph layer 19...
plan graph layer 20...
plan graph layer 21...
plan graph layer 22...
goal constraints...

goal fact not coded - level too low??


bb: parsing domain file
domain 'BLOCKS' defined
 ... done.
bb: parsing problem file
problem 'BLOCKS-16-2' defined
 ... done.


time:   0,    19 facts and       0 exclusive pairs
              21 ops   and       7 exclusive pairs
time:   1,    23 facts and      16 exclusive pairs
              31 ops   and      98 exclusive pairs
time:   2,    27 facts and      36 exclusive pairs
              41 ops   and     269 exclusive pairs
time:   3,    30 facts and      58 exclusive pairs
              53 ops   and     590 exclusive pairs
time:   4,    37 facts and     141 exclusive pairs
              70 ops   and    1260 exclusive pairs
time:   5,    41 facts and     180 exclusive pairs
              85 ops   and    1988 exclusive pairs
time:   6,    49 facts and     308 exclusive pairs
             102 ops   and    2992 exclusive pairs
time:   7,    51 facts and     268 exclusive pairs
             115 ops   and    3719 exclusive pairs
time:   8,    61 facts and     454 exclusive pairs
             136 ops   and    5390 exclusive pairs
time:   9,    63 facts and     400 exclusive pairs
             151 ops   and    6520 exclusive pairs
time:  10,    75 facts and     668 exclusive pairs
             176 ops   and    9122 exclusive pairs
time:  11,    77 facts and     591 exclusive pairs
             193 ops   and   10756 exclusive pairs
time:  12,    91 facts and     953 exclusive pairs
             222 ops   and   14554 exclusive pairs
time:  13,    93 facts and     834 exclusive pairs
             241 ops   and   16774 exclusive pairs
time:  14,   109 facts and    1304 exclusive pairs
             274 ops   and   22082 exclusive pairs
time:  15,   111 facts and    1135 exclusive pairs
             295 ops   and   25012 exclusive pairs
time:  16,   129 facts and    1727 exclusive pairs
             332 ops   and   32180 exclusive pairs
time:  17,   131 facts and    1500 exclusive pairs
             355 ops   and   35956 exclusive pairs
time:  18,   151 facts and    2228 exclusive pairs
             396 ops   and   45370 exclusive pairs
time:  19,   153 facts and    1935 exclusive pairs
             421 ops   and   50140 exclusive pairs
time:  20,   175 facts and    2813 exclusive pairs
             466 ops   and   62222 exclusive pairs
time:  21,   177 facts and    2446 exclusive pairs
             493 ops   and   68146 exclusive pairs
time:  22,   201 facts and    3488 exclusive pairs
             542 ops   and   83354 exclusive pairs
time:  23,   203 facts and    3039 exclusive pairs

creating thin gp-based encoding...
plan graph layer 0...
plan graph layer 1...
plan graph layer 2...
plan graph layer 3...
plan graph layer 4...
plan graph layer 5...
plan graph layer 6...
plan graph layer 7...
plan graph layer 8...
plan graph layer 9...
plan graph layer 10...
plan graph layer 11...
plan graph layer 12...
plan graph layer 13...
plan graph layer 14...
plan graph layer 15...
plan graph layer 16...
plan graph layer 17...
plan graph layer 18...
plan graph layer 19...
plan graph layer 20...
plan graph layer 21...
plan graph layer 22...
plan graph layer 23...
goal constraints...

goal fact not coded - level too low??


bb: parsing domain file
domain 'BLOCKS' defined
 ... done.
bb: parsing problem file
problem 'BLOCKS-16-2' defined
 ... done.


time:   0,    19 facts and       0 exclusive pairs
              21 ops   and       7 exclusive pairs
time:   1,    23 facts and      16 exclusive pairs
              31 ops   and      98 exclusive pairs
time:   2,    27 facts and      36 exclusive pairs
              41 ops   and     269 exclusive pairs
time:   3,    30 facts and      58 exclusive pairs
              53 ops   and     590 exclusive pairs
time:   4,    37 facts and     141 exclusive pairs
              70 ops   and    1260 exclusive pairs
time:   5,    41 facts and     180 exclusive pairs
              85 ops   and    1988 exclusive pairs
time:   6,    49 facts and     308 exclusive pairs
             102 ops   and    2992 exclusive pairs
time:   7,    51 facts and     268 exclusive pairs
             115 ops   and    3719 exclusive pairs
time:   8,    61 facts and     454 exclusive pairs
             136 ops   and    5390 exclusive pairs
time:   9,    63 facts and     400 exclusive pairs
             151 ops   and    6520 exclusive pairs
time:  10,    75 facts and     668 exclusive pairs
             176 ops   and    9122 exclusive pairs
time:  11,    77 facts and     591 exclusive pairs
             193 ops   and   10756 exclusive pairs
time:  12,    91 facts and     953 exclusive pairs
             222 ops   and   14554 exclusive pairs
time:  13,    93 facts and     834 exclusive pairs
             241 ops   and   16774 exclusive pairs
time:  14,   109 facts and    1304 exclusive pairs
             274 ops   and   22082 exclusive pairs
time:  15,   111 facts and    1135 exclusive pairs
             295 ops   and   25012 exclusive pairs
time:  16,   129 facts and    1727 exclusive pairs
             332 ops   and   32180 exclusive pairs
time:  17,   131 facts and    1500 exclusive pairs
             355 ops   and   35956 exclusive pairs
time:  18,   151 facts and    2228 exclusive pairs
             396 ops   and   45370 exclusive pairs
time:  19,   153 facts and    1935 exclusive pairs
             421 ops   and   50140 exclusive pairs
time:  20,   175 facts and    2813 exclusive pairs
             466 ops   and   62222 exclusive pairs
time:  21,   177 facts and    2446 exclusive pairs
             493 ops   and   68146 exclusive pairs
time:  22,   201 facts and    3488 exclusive pairs
             542 ops   and   83354 exclusive pairs
time:  23,   203 facts and    3039 exclusive pairs
             571 ops   and   90604 exclusive pairs
time:  24,   229 facts and    4259 exclusive pairs

creating thin gp-based encoding...
plan graph layer 0...
plan graph layer 1...
plan graph layer 2...
plan graph layer 3...
plan graph layer 4...
plan graph layer 5...
plan graph layer 6...
plan graph layer 7...
plan graph layer 8...
plan graph layer 9...
plan graph layer 10...
plan graph layer 11...
plan graph layer 12...
plan graph layer 13...
plan graph layer 14...
plan graph layer 15...
plan graph layer 16...
plan graph layer 17...
plan graph layer 18...
plan graph layer 19...
plan graph layer 20...
plan graph layer 21...
plan graph layer 22...
plan graph layer 23...
plan graph layer 24...
goal constraints...

goal fact not coded - level too low??


bb: parsing domain file
domain 'BLOCKS' defined
 ... done.
bb: parsing problem file
problem 'BLOCKS-16-2' defined
 ... done.


time:   0,    19 facts and       0 exclusive pairs
              21 ops   and       7 exclusive pairs
time:   1,    23 facts and      16 exclusive pairs
              31 ops   and      98 exclusive pairs
time:   2,    27 facts and      36 exclusive pairs
              41 ops   and     269 exclusive pairs
time:   3,    30 facts and      58 exclusive pairs
              53 ops   and     590 exclusive pairs
time:   4,    37 facts and     141 exclusive pairs
              70 ops   and    1260 exclusive pairs
time:   5,    41 facts and     180 exclusive pairs
              85 ops   and    1988 exclusive pairs
time:   6,    49 facts and     308 exclusive pairs
             102 ops   and    2992 exclusive pairs
time:   7,    51 facts and     268 exclusive pairs
             115 ops   and    3719 exclusive pairs
time:   8,    61 facts and     454 exclusive pairs
             136 ops   and    5390 exclusive pairs
time:   9,    63 facts and     400 exclusive pairs
             151 ops   and    6520 exclusive pairs
time:  10,    75 facts and     668 exclusive pairs
             176 ops   and    9122 exclusive pairs
time:  11,    77 facts and     591 exclusive pairs
             193 ops   and   10756 exclusive pairs
time:  12,    91 facts and     953 exclusive pairs
             222 ops   and   14554 exclusive pairs
time:  13,    93 facts and     834 exclusive pairs
             241 ops   and   16774 exclusive pairs
time:  14,   109 facts and    1304 exclusive pairs
             274 ops   and   22082 exclusive pairs
time:  15,   111 facts and    1135 exclusive pairs
             295 ops   and   25012 exclusive pairs
time:  16,   129 facts and    1727 exclusive pairs
             332 ops   and   32180 exclusive pairs
time:  17,   131 facts and    1500 exclusive pairs
             355 ops   and   35956 exclusive pairs
time:  18,   151 facts and    2228 exclusive pairs
             396 ops   and   45370 exclusive pairs
time:  19,   153 facts and    1935 exclusive pairs
             421 ops   and   50140 exclusive pairs
time:  20,   175 facts and    2813 exclusive pairs
             466 ops   and   62222 exclusive pairs
time:  21,   177 facts and    2446 exclusive pairs
             493 ops   and   68146 exclusive pairs
time:  22,   201 facts and    3488 exclusive pairs
             542 ops   and   83354 exclusive pairs
time:  23,   203 facts and    3039 exclusive pairs
             571 ops   and   90604 exclusive pairs
time:  24,   229 facts and    4259 exclusive pairs
             624 ops   and  109432 exclusive pairs
time:  25,   231 facts and    3720 exclusive pairs

creating thin gp-based encoding...
plan graph layer 0...
plan graph layer 1...
plan graph layer 2...
plan graph layer 3...
plan graph layer 4...
plan graph layer 5...
plan graph layer 6...
plan graph layer 7...
plan graph layer 8...
plan graph layer 9...
plan graph layer 10...
plan graph layer 11...
plan graph layer 12...
plan graph layer 13...
plan graph layer 14...
plan graph layer 15...
plan graph layer 16...
plan graph layer 17...
plan graph layer 18...
plan graph layer 19...
plan graph layer 20...
plan graph layer 21...
plan graph layer 22...
plan graph layer 23...
plan graph layer 24...
plan graph layer 25...
goal constraints...

goal fact not coded - level too low??


bb: parsing domain file
domain 'BLOCKS' defined
 ... done.
bb: parsing problem file
problem 'BLOCKS-16-2' defined
 ... done.


time:   0,    19 facts and       0 exclusive pairs
              21 ops   and       7 exclusive pairs
time:   1,    23 facts and      16 exclusive pairs
              31 ops   and      98 exclusive pairs
time:   2,    27 facts and      36 exclusive pairs
              41 ops   and     269 exclusive pairs
time:   3,    30 facts and      58 exclusive pairs
              53 ops   and     590 exclusive pairs
time:   4,    37 facts and     141 exclusive pairs
              70 ops   and    1260 exclusive pairs
time:   5,    41 facts and     180 exclusive pairs
              85 ops   and    1988 exclusive pairs
time:   6,    49 facts and     308 exclusive pairs
             102 ops   and    2992 exclusive pairs
time:   7,    51 facts and     268 exclusive pairs
             115 ops   and    3719 exclusive pairs
time:   8,    61 facts and     454 exclusive pairs
             136 ops   and    5390 exclusive pairs
time:   9,    63 facts and     400 exclusive pairs
             151 ops   and    6520 exclusive pairs
time:  10,    75 facts and     668 exclusive pairs
             176 ops   and    9122 exclusive pairs
time:  11,    77 facts and     591 exclusive pairs
             193 ops   and   10756 exclusive pairs
time:  12,    91 facts and     953 exclusive pairs
             222 ops   and   14554 exclusive pairs
time:  13,    93 facts and     834 exclusive pairs
             241 ops   and   16774 exclusive pairs
time:  14,   109 facts and    1304 exclusive pairs
             274 ops   and   22082 exclusive pairs
time:  15,   111 facts and    1135 exclusive pairs
             295 ops   and   25012 exclusive pairs
time:  16,   129 facts and    1727 exclusive pairs
             332 ops   and   32180 exclusive pairs
time:  17,   131 facts and    1500 exclusive pairs
             355 ops   and   35956 exclusive pairs
time:  18,   151 facts and    2228 exclusive pairs
             396 ops   and   45370 exclusive pairs
time:  19,   153 facts and    1935 exclusive pairs
             421 ops   and   50140 exclusive pairs
time:  20,   175 facts and    2813 exclusive pairs
             466 ops   and   62222 exclusive pairs
time:  21,   177 facts and    2446 exclusive pairs
             493 ops   and   68146 exclusive pairs
time:  22,   201 facts and    3488 exclusive pairs
             542 ops   and   83354 exclusive pairs
time:  23,   203 facts and    3039 exclusive pairs
             571 ops   and   90604 exclusive pairs
time:  24,   229 facts and    4259 exclusive pairs
             624 ops   and  109432 exclusive pairs
time:  25,   231 facts and    3720 exclusive pairs
             655 ops   and  118192 exclusive pairs
time:  26,   259 facts and    5132 exclusive pairs

creating thin gp-based encoding...
plan graph layer 0...
plan graph layer 1...
plan graph layer 2...
plan graph layer 3...
plan graph layer 4...
plan graph layer 5...
plan graph layer 6...
plan graph layer 7...
plan graph layer 8...
plan graph layer 9...
plan graph layer 10...
plan graph layer 11...
plan graph layer 12...
plan graph layer 13...
plan graph layer 14...
plan graph layer 15...
plan graph layer 16...
plan graph layer 17...
plan graph layer 18...
plan graph layer 19...
plan graph layer 20...
plan graph layer 21...
plan graph layer 22...
plan graph layer 23...
plan graph layer 24...
plan graph layer 25...
plan graph layer 26...
goal constraints...

goal fact not coded - level too low??


bb: parsing domain file
domain 'BLOCKS' defined
 ... done.
bb: parsing problem file
problem 'BLOCKS-16-2' defined
 ... done.


time:   0,    19 facts and       0 exclusive pairs
              21 ops   and       7 exclusive pairs
time:   1,    23 facts and      16 exclusive pairs
              31 ops   and      98 exclusive pairs
time:   2,    27 facts and      36 exclusive pairs
              41 ops   and     269 exclusive pairs
time:   3,    30 facts and      58 exclusive pairs
              53 ops   and     590 exclusive pairs
time:   4,    37 facts and     141 exclusive pairs
              70 ops   and    1260 exclusive pairs
time:   5,    41 facts and     180 exclusive pairs
              85 ops   and    1988 exclusive pairs
time:   6,    49 facts and     308 exclusive pairs
             102 ops   and    2992 exclusive pairs
time:   7,    51 facts and     268 exclusive pairs
             115 ops   and    3719 exclusive pairs
time:   8,    61 facts and     454 exclusive pairs
             136 ops   and    5390 exclusive pairs
time:   9,    63 facts and     400 exclusive pairs
             151 ops   and    6520 exclusive pairs
time:  10,    75 facts and     668 exclusive pairs
             176 ops   and    9122 exclusive pairs
time:  11,    77 facts and     591 exclusive pairs
             193 ops   and   10756 exclusive pairs
time:  12,    91 facts and     953 exclusive pairs
             222 ops   and   14554 exclusive pairs
time:  13,    93 facts and     834 exclusive pairs
             241 ops   and   16774 exclusive pairs
time:  14,   109 facts and    1304 exclusive pairs
             274 ops   and   22082 exclusive pairs
time:  15,   111 facts and    1135 exclusive pairs
             295 ops   and   25012 exclusive pairs
time:  16,   129 facts and    1727 exclusive pairs
             332 ops   and   32180 exclusive pairs
time:  17,   131 facts and    1500 exclusive pairs
             355 ops   and   35956 exclusive pairs
time:  18,   151 facts and    2228 exclusive pairs
             396 ops   and   45370 exclusive pairs
time:  19,   153 facts and    1935 exclusive pairs
             421 ops   and   50140 exclusive pairs
time:  20,   175 facts and    2813 exclusive pairs
             466 ops   and   62222 exclusive pairs
time:  21,   177 facts and    2446 exclusive pairs
             493 ops   and   68146 exclusive pairs
time:  22,   201 facts and    3488 exclusive pairs
             542 ops   and   83354 exclusive pairs
time:  23,   203 facts and    3039 exclusive pairs
             571 ops   and   90604 exclusive pairs
time:  24,   229 facts and    4259 exclusive pairs
             624 ops   and  109432 exclusive pairs
time:  25,   231 facts and    3720 exclusive pairs
             655 ops   and  118192 exclusive pairs
time:  26,   259 facts and    5132 exclusive pairs
             712 ops   and  141170 exclusive pairs
time:  27,   260 facts and    4449 exclusive pairs

creating thin gp-based encoding...
plan graph layer 0...
plan graph layer 1...
plan graph layer 2...
plan graph layer 3...
plan graph layer 4...
plan graph layer 5...
plan graph layer 6...
plan graph layer 7...
plan graph layer 8...
plan graph layer 9...
plan graph layer 10...
plan graph layer 11...
plan graph layer 12...
plan graph layer 13...
plan graph layer 14...
plan graph layer 15...
plan graph layer 16...
plan graph layer 17...
plan graph layer 18...
plan graph layer 19...
plan graph layer 20...
plan graph layer 21...
plan graph layer 22...
plan graph layer 23...
plan graph layer 24...
plan graph layer 25...
plan graph layer 26...
plan graph layer 27...
goal constraints...

goal fact not coded - level too low??


bb: parsing domain file
domain 'BLOCKS' defined
 ... done.
bb: parsing problem file
problem 'BLOCKS-16-2' defined
 ... done.


time:   0,    19 facts and       0 exclusive pairs
              21 ops   and       7 exclusive pairs
time:   1,    23 facts and      16 exclusive pairs
              31 ops   and      98 exclusive pairs
time:   2,    27 facts and      36 exclusive pairs
              41 ops   and     269 exclusive pairs
time:   3,    30 facts and      58 exclusive pairs
              53 ops   and     590 exclusive pairs
time:   4,    37 facts and     141 exclusive pairs
              70 ops   and    1260 exclusive pairs
time:   5,    41 facts and     180 exclusive pairs
              85 ops   and    1988 exclusive pairs
time:   6,    49 facts and     308 exclusive pairs
             102 ops   and    2992 exclusive pairs
time:   7,    51 facts and     268 exclusive pairs
             115 ops   and    3719 exclusive pairs
time:   8,    61 facts and     454 exclusive pairs
             136 ops   and    5390 exclusive pairs
time:   9,    63 facts and     400 exclusive pairs
             151 ops   and    6520 exclusive pairs
time:  10,    75 facts and     668 exclusive pairs
             176 ops   and    9122 exclusive pairs
time:  11,    77 facts and     591 exclusive pairs
             193 ops   and   10756 exclusive pairs
time:  12,    91 facts and     953 exclusive pairs
             222 ops   and   14554 exclusive pairs
time:  13,    93 facts and     834 exclusive pairs
             241 ops   and   16774 exclusive pairs
time:  14,   109 facts and    1304 exclusive pairs
             274 ops   and   22082 exclusive pairs
time:  15,   111 facts and    1135 exclusive pairs
             295 ops   and   25012 exclusive pairs
time:  16,   129 facts and    1727 exclusive pairs
             332 ops   and   32180 exclusive pairs
time:  17,   131 facts and    1500 exclusive pairs
             355 ops   and   35956 exclusive pairs
time:  18,   151 facts and    2228 exclusive pairs
             396 ops   and   45370 exclusive pairs
time:  19,   153 facts and    1935 exclusive pairs
             421 ops   and   50140 exclusive pairs
time:  20,   175 facts and    2813 exclusive pairs
             466 ops   and   62222 exclusive pairs
time:  21,   177 facts and    2446 exclusive pairs
             493 ops   and   68146 exclusive pairs
time:  22,   201 facts and    3488 exclusive pairs
             542 ops   and   83354 exclusive pairs
time:  23,   203 facts and    3039 exclusive pairs
             571 ops   and   90604 exclusive pairs
time:  24,   229 facts and    4259 exclusive pairs
             624 ops   and  109432 exclusive pairs
time:  25,   231 facts and    3720 exclusive pairs
             655 ops   and  118192 exclusive pairs
time:  26,   259 facts and    5132 exclusive pairs
             712 ops   and  141170 exclusive pairs
time:  27,   260 facts and    4449 exclusive pairs
             743 ops   and  150592 exclusive pairs
time:  28,   289 facts and    5994 exclusive pairs

creating thin gp-based encoding...
plan graph layer 0...
plan graph layer 1...
plan graph layer 2...
plan graph layer 3...
plan graph layer 4...
plan graph layer 5...
plan graph layer 6...
plan graph layer 7...
plan graph layer 8...
plan graph layer 9...
plan graph layer 10...
plan graph layer 11...
plan graph layer 12...
plan graph layer 13...
plan graph layer 14...
plan graph layer 15...
plan graph layer 16...
plan graph layer 17...
plan graph layer 18...
plan graph layer 19...
plan graph layer 20...
plan graph layer 21...
plan graph layer 22...
plan graph layer 23...
plan graph layer 24...
plan graph layer 25...
plan graph layer 26...
plan graph layer 27...
plan graph layer 28...
goal constraints...
exclusion constraints layer 0...
exclusion constraints layer 1...
exclusion constraints layer 2...
exclusion constraints layer 3...
exclusion constraints layer 4...
exclusion constraints layer 5...
exclusion constraints layer 6...
exclusion constraints layer 7...
exclusion constraints layer 8...
exclusion constraints layer 9...
exclusion constraints layer 10...
exclusion constraints layer 11...
exclusion constraints layer 12...
exclusion constraints layer 13...
exclusion constraints layer 14...
exclusion constraints layer 15...
exclusion constraints layer 16...
exclusion constraints layer 17...
exclusion constraints layer 18...
exclusion constraints layer 19...
exclusion constraints layer 20...
exclusion constraints layer 21...
exclusion constraints layer 22...
exclusion constraints layer 23...
exclusion constraints layer 24...
exclusion constraints layer 25...
exclusion constraints layer 26...
exclusion constraints layer 27...
exclusion constraints layer 28...

DECISION LAYER 28, WRITING THIN GP-BASED ENCODING WITH 12061 VARS, 715546 CLAUSES.

time spent:    0.00 seconds instantiating 544 action templates
               0.00 seconds reachability analysis, yielding 305 facts and 544 actions
               0.00 seconds collecting 305 relevant facts
               0.00 seconds building connectivity graph
               0.00 seconds building (std) graph
               0.16 seconds CNF output time
               0.16 seconds total planner time (solving not included)


***Solving***


[ filemap ]
[ extract ]

variables : 12061
pure lits : 293

1-clauses : 15
2-clauses : 712478
3-clauses : 2546
n-clauses : 507
discarded : 0

[ solve ]


unsatisfiable                             

[ stats ]

decisions : 0
conflicts : 1
time : ~0.01

***UNSAT***


bb: parsing domain file
domain 'BLOCKS' defined
 ... done.
bb: parsing problem file
problem 'BLOCKS-16-2' defined
 ... done.


time:   0,    19 facts and       0 exclusive pairs
              21 ops   and       7 exclusive pairs
time:   1,    23 facts and      16 exclusive pairs
              31 ops   and      98 exclusive pairs
time:   2,    27 facts and      36 exclusive pairs
              41 ops   and     269 exclusive pairs
time:   3,    30 facts and      58 exclusive pairs
              53 ops   and     590 exclusive pairs
time:   4,    37 facts and     141 exclusive pairs
              70 ops   and    1260 exclusive pairs
time:   5,    41 facts and     180 exclusive pairs
              85 ops   and    1988 exclusive pairs
time:   6,    49 facts and     308 exclusive pairs
             102 ops   and    2992 exclusive pairs
time:   7,    51 facts and     268 exclusive pairs
             115 ops   and    3719 exclusive pairs
time:   8,    61 facts and     454 exclusive pairs
             136 ops   and    5390 exclusive pairs
time:   9,    63 facts and     400 exclusive pairs
             151 ops   and    6520 exclusive pairs
time:  10,    75 facts and     668 exclusive pairs
             176 ops   and    9122 exclusive pairs
time:  11,    77 facts and     591 exclusive pairs
             193 ops   and   10756 exclusive pairs
time:  12,    91 facts and     953 exclusive pairs
             222 ops   and   14554 exclusive pairs
time:  13,    93 facts and     834 exclusive pairs
             241 ops   and   16774 exclusive pairs
time:  14,   109 facts and    1304 exclusive pairs
             274 ops   and   22082 exclusive pairs
time:  15,   111 facts and    1135 exclusive pairs
             295 ops   and   25012 exclusive pairs
time:  16,   129 facts and    1727 exclusive pairs
             332 ops   and   32180 exclusive pairs
time:  17,   131 facts and    1500 exclusive pairs
             355 ops   and   35956 exclusive pairs
time:  18,   151 facts and    2228 exclusive pairs
             396 ops   and   45370 exclusive pairs
time:  19,   153 facts and    1935 exclusive pairs
             421 ops   and   50140 exclusive pairs
time:  20,   175 facts and    2813 exclusive pairs
             466 ops   and   62222 exclusive pairs
time:  21,   177 facts and    2446 exclusive pairs
             493 ops   and   68146 exclusive pairs
time:  22,   201 facts and    3488 exclusive pairs
             542 ops   and   83354 exclusive pairs
time:  23,   203 facts and    3039 exclusive pairs
             571 ops   and   90604 exclusive pairs
time:  24,   229 facts and    4259 exclusive pairs
             624 ops   and  109432 exclusive pairs
time:  25,   231 facts and    3720 exclusive pairs
             655 ops   and  118192 exclusive pairs
time:  26,   259 facts and    5132 exclusive pairs
             712 ops   and  141170 exclusive pairs
time:  27,   260 facts and    4449 exclusive pairs
             743 ops   and  150592 exclusive pairs
time:  28,   289 facts and    5994 exclusive pairs
             801 ops   and  176897 exclusive pairs
time:  29,   289 facts and    5210 exclusive pairs

creating thin gp-based encoding...
plan graph layer 0...
plan graph layer 1...
plan graph layer 2...
plan graph layer 3...
plan graph layer 4...
plan graph layer 5...
plan graph layer 6...
plan graph layer 7...
plan graph layer 8...
plan graph layer 9...
plan graph layer 10...
plan graph layer 11...
plan graph layer 12...
plan graph layer 13...
plan graph layer 14...
plan graph layer 15...
plan graph layer 16...
plan graph layer 17...
plan graph layer 18...
plan graph layer 19...
plan graph layer 20...
plan graph layer 21...
plan graph layer 22...
plan graph layer 23...
plan graph layer 24...
plan graph layer 25...
plan graph layer 26...
plan graph layer 27...
plan graph layer 28...
plan graph layer 29...
goal constraints...
exclusion constraints layer 0...
exclusion constraints layer 1...
exclusion constraints layer 2...
exclusion constraints layer 3...
exclusion constraints layer 4...
exclusion constraints layer 5...
exclusion constraints layer 6...
exclusion constraints layer 7...
exclusion constraints layer 8...
exclusion constraints layer 9...
exclusion constraints layer 10...
exclusion constraints layer 11...
exclusion constraints layer 12...
exclusion constraints layer 13...
exclusion constraints layer 14...
exclusion constraints layer 15...
exclusion constraints layer 16...
exclusion constraints layer 17...
exclusion constraints layer 18...
exclusion constraints layer 19...
exclusion constraints layer 20...
exclusion constraints layer 21...
exclusion constraints layer 22...
exclusion constraints layer 23...
exclusion constraints layer 24...
exclusion constraints layer 25...
exclusion constraints layer 26...
exclusion constraints layer 27...
exclusion constraints layer 28...
exclusion constraints layer 29...

DECISION LAYER 29, WRITING THIN GP-BASED ENCODING WITH 13151 VARS, 829358 CLAUSES.

time spent:    0.00 seconds instantiating 544 action templates
               0.00 seconds reachability analysis, yielding 305 facts and 544 actions
               0.00 seconds collecting 305 relevant facts
               0.00 seconds building connectivity graph
               0.00 seconds building (std) graph
               0.19 seconds CNF output time
               0.19 seconds total planner time (solving not included)


***Solving***


[ filemap ]
[ extract ]

variables : 13151
pure lits : 293

1-clauses : 15
2-clauses : 826001
3-clauses : 2802
n-clauses : 540
discarded : 0

[ solve ]


unsatisfiable                             

[ stats ]

decisions : 0
conflicts : 1
time : ~0.01

***UNSAT***


bb: parsing domain file
domain 'BLOCKS' defined
 ... done.
bb: parsing problem file
problem 'BLOCKS-16-2' defined
 ... done.


time:   0,    19 facts and       0 exclusive pairs
              21 ops   and       7 exclusive pairs
time:   1,    23 facts and      16 exclusive pairs
              31 ops   and      98 exclusive pairs
time:   2,    27 facts and      36 exclusive pairs
              41 ops   and     269 exclusive pairs
time:   3,    30 facts and      58 exclusive pairs
              53 ops   and     590 exclusive pairs
time:   4,    37 facts and     141 exclusive pairs
              70 ops   and    1260 exclusive pairs
time:   5,    41 facts and     180 exclusive pairs
              85 ops   and    1988 exclusive pairs
time:   6,    49 facts and     308 exclusive pairs
             102 ops   and    2992 exclusive pairs
time:   7,    51 facts and     268 exclusive pairs
             115 ops   and    3719 exclusive pairs
time:   8,    61 facts and     454 exclusive pairs
             136 ops   and    5390 exclusive pairs
time:   9,    63 facts and     400 exclusive pairs
             151 ops   and    6520 exclusive pairs
time:  10,    75 facts and     668 exclusive pairs
             176 ops   and    9122 exclusive pairs
time:  11,    77 facts and     591 exclusive pairs
             193 ops   and   10756 exclusive pairs
time:  12,    91 facts and     953 exclusive pairs
             222 ops   and   14554 exclusive pairs
time:  13,    93 facts and     834 exclusive pairs
             241 ops   and   16774 exclusive pairs
time:  14,   109 facts and    1304 exclusive pairs
             274 ops   and   22082 exclusive pairs
time:  15,   111 facts and    1135 exclusive pairs
             295 ops   and   25012 exclusive pairs
time:  16,   129 facts and    1727 exclusive pairs
             332 ops   and   32180 exclusive pairs
time:  17,   131 facts and    1500 exclusive pairs
             355 ops   and   35956 exclusive pairs
time:  18,   151 facts and    2228 exclusive pairs
             396 ops   and   45370 exclusive pairs
time:  19,   153 facts and    1935 exclusive pairs
             421 ops   and   50140 exclusive pairs
time:  20,   175 facts and    2813 exclusive pairs
             466 ops   and   62222 exclusive pairs
time:  21,   177 facts and    2446 exclusive pairs
             493 ops   and   68146 exclusive pairs
time:  22,   201 facts and    3488 exclusive pairs
             542 ops   and   83354 exclusive pairs
time:  23,   203 facts and    3039 exclusive pairs
             571 ops   and   90604 exclusive pairs
time:  24,   229 facts and    4259 exclusive pairs
             624 ops   and  109432 exclusive pairs
time:  25,   231 facts and    3720 exclusive pairs
             655 ops   and  118192 exclusive pairs
time:  26,   259 facts and    5132 exclusive pairs
             712 ops   and  141170 exclusive pairs
time:  27,   260 facts and    4449 exclusive pairs
             743 ops   and  150592 exclusive pairs
time:  28,   289 facts and    5994 exclusive pairs
             801 ops   and  176897 exclusive pairs
time:  29,   289 facts and    5210 exclusive pairs
             801 ops   and  169098 exclusive pairs
time:  30,   289 facts and    4608 exclusive pairs

creating thin gp-based encoding...
plan graph layer 0...
plan graph layer 1...
plan graph layer 2...
plan graph layer 3...
plan graph layer 4...
plan graph layer 5...
plan graph layer 6...
plan graph layer 7...
plan graph layer 8...
plan graph layer 9...
plan graph layer 10...
plan graph layer 11...
plan graph layer 12...
plan graph layer 13...
plan graph layer 14...
plan graph layer 15...
plan graph layer 16...
plan graph layer 17...
plan graph layer 18...
plan graph layer 19...
plan graph layer 20...
plan graph layer 21...
plan graph layer 22...
plan graph layer 23...
plan graph layer 24...
plan graph layer 25...
plan graph layer 26...
plan graph layer 27...
plan graph layer 28...
plan graph layer 29...
plan graph layer 30...
goal constraints...
exclusion constraints layer 0...
exclusion constraints layer 1...
exclusion constraints layer 2...
exclusion constraints layer 3...
exclusion constraints layer 4...
exclusion constraints layer 5...
exclusion constraints layer 6...
exclusion constraints layer 7...
exclusion constraints layer 8...
exclusion constraints layer 9...
exclusion constraints layer 10...
exclusion constraints layer 11...
exclusion constraints layer 12...
exclusion constraints layer 13...
exclusion constraints layer 14...
exclusion constraints layer 15...
exclusion constraints layer 16...
exclusion constraints layer 17...
exclusion constraints layer 18...
exclusion constraints layer 19...
exclusion constraints layer 20...
exclusion constraints layer 21...
exclusion constraints layer 22...
exclusion constraints layer 23...
exclusion constraints layer 24...
exclusion constraints layer 25...
exclusion constraints layer 26...
exclusion constraints layer 27...
exclusion constraints layer 28...
exclusion constraints layer 29...
exclusion constraints layer 30...

DECISION LAYER 30, WRITING THIN GP-BASED ENCODING WITH 14241 VARS, 942568 CLAUSES.

time spent:    0.00 seconds instantiating 544 action templates
               0.00 seconds reachability analysis, yielding 305 facts and 544 actions
               0.00 seconds collecting 305 relevant facts
               0.00 seconds building connectivity graph
               0.00 seconds building (std) graph
               0.21 seconds CNF output time
               0.21 seconds total planner time (solving not included)


***Solving***


[ filemap ]
[ extract ]

variables : 14241
pure lits : 293

1-clauses : 15
2-clauses : 938922
3-clauses : 3058
n-clauses : 573
discarded : 0

[ solve ]


unsatisfiable                             

[ stats ]

decisions : 1167
conflicts : 27
time : ~0.01

***UNSAT***


bb: parsing domain file
domain 'BLOCKS' defined
 ... done.
bb: parsing problem file
problem 'BLOCKS-16-2' defined
 ... done.


time:   0,    19 facts and       0 exclusive pairs
              21 ops   and       7 exclusive pairs
time:   1,    23 facts and      16 exclusive pairs
              31 ops   and      98 exclusive pairs
time:   2,    27 facts and      36 exclusive pairs
              41 ops   and     269 exclusive pairs
time:   3,    30 facts and      58 exclusive pairs
              53 ops   and     590 exclusive pairs
time:   4,    37 facts and     141 exclusive pairs
              70 ops   and    1260 exclusive pairs
time:   5,    41 facts and     180 exclusive pairs
              85 ops   and    1988 exclusive pairs
time:   6,    49 facts and     308 exclusive pairs
             102 ops   and    2992 exclusive pairs
time:   7,    51 facts and     268 exclusive pairs
             115 ops   and    3719 exclusive pairs
time:   8,    61 facts and     454 exclusive pairs
             136 ops   and    5390 exclusive pairs
time:   9,    63 facts and     400 exclusive pairs
             151 ops   and    6520 exclusive pairs
time:  10,    75 facts and     668 exclusive pairs
             176 ops   and    9122 exclusive pairs
time:  11,    77 facts and     591 exclusive pairs
             193 ops   and   10756 exclusive pairs
time:  12,    91 facts and     953 exclusive pairs
             222 ops   and   14554 exclusive pairs
time:  13,    93 facts and     834 exclusive pairs
             241 ops   and   16774 exclusive pairs
time:  14,   109 facts and    1304 exclusive pairs
             274 ops   and   22082 exclusive pairs
time:  15,   111 facts and    1135 exclusive pairs
             295 ops   and   25012 exclusive pairs
time:  16,   129 facts and    1727 exclusive pairs
             332 ops   and   32180 exclusive pairs
time:  17,   131 facts and    1500 exclusive pairs
             355 ops   and   35956 exclusive pairs
time:  18,   151 facts and    2228 exclusive pairs
             396 ops   and   45370 exclusive pairs
time:  19,   153 facts and    1935 exclusive pairs
             421 ops   and   50140 exclusive pairs
time:  20,   175 facts and    2813 exclusive pairs
             466 ops   and   62222 exclusive pairs
time:  21,   177 facts and    2446 exclusive pairs
             493 ops   and   68146 exclusive pairs
time:  22,   201 facts and    3488 exclusive pairs
             542 ops   and   83354 exclusive pairs
time:  23,   203 facts and    3039 exclusive pairs
             571 ops   and   90604 exclusive pairs
time:  24,   229 facts and    4259 exclusive pairs
             624 ops   and  109432 exclusive pairs
time:  25,   231 facts and    3720 exclusive pairs
             655 ops   and  118192 exclusive pairs
time:  26,   259 facts and    5132 exclusive pairs
             712 ops   and  141170 exclusive pairs
time:  27,   260 facts and    4449 exclusive pairs
             743 ops   and  150592 exclusive pairs
time:  28,   289 facts and    5994 exclusive pairs
             801 ops   and  176897 exclusive pairs
time:  29,   289 facts and    5210 exclusive pairs
             801 ops   and  169098 exclusive pairs
time:  30,   289 facts and    4608 exclusive pairs
graph has leveled off at time step 31


             801 ops   and  167712 exclusive pairs
time:  31,   289 facts and    4608 exclusive pairs

creating thin gp-based encoding...
plan graph layer 0...
plan graph layer 1...
plan graph layer 2...
plan graph layer 3...
plan graph layer 4...
plan graph layer 5...
plan graph layer 6...
plan graph layer 7...
plan graph layer 8...
plan graph layer 9...
plan graph layer 10...
plan graph layer 11...
plan graph layer 12...
plan graph layer 13...
plan graph layer 14...
plan graph layer 15...
plan graph layer 16...
plan graph layer 17...
plan graph layer 18...
plan graph layer 19...
plan graph layer 20...
plan graph layer 21...
plan graph layer 22...
plan graph layer 23...
plan graph layer 24...
plan graph layer 25...
plan graph layer 26...
plan graph layer 27...
plan graph layer 28...
plan graph layer 29...
plan graph layer 30...
plan graph layer 31...
goal constraints...
exclusion constraints layer 0...
exclusion constraints layer 1...
exclusion constraints layer 2...
exclusion constraints layer 3...
exclusion constraints layer 4...
exclusion constraints layer 5...
exclusion constraints layer 6...
exclusion constraints layer 7...
exclusion constraints layer 8...
exclusion constraints layer 9...
exclusion constraints layer 10...
exclusion constraints layer 11...
exclusion constraints layer 12...
exclusion constraints layer 13...
exclusion constraints layer 14...
exclusion constraints layer 15...
exclusion constraints layer 16...
exclusion constraints layer 17...
exclusion constraints layer 18...
exclusion constraints layer 19...
exclusion constraints layer 20...
exclusion constraints layer 21...
exclusion constraints layer 22...
exclusion constraints layer 23...
exclusion constraints layer 24...
exclusion constraints layer 25...
exclusion constraints layer 26...
exclusion constraints layer 27...
exclusion constraints layer 28...
exclusion constraints layer 29...
exclusion constraints layer 30...
exclusion constraints layer 31...

DECISION LAYER 31, WRITING THIN GP-BASED ENCODING WITH 15331 VARS, 1055778 CLAUSES.

time spent:    0.00 seconds instantiating 544 action templates
               0.00 seconds reachability analysis, yielding 305 facts and 544 actions
               0.00 seconds collecting 305 relevant facts
               0.00 seconds building connectivity graph
               0.00 seconds building (std) graph
               0.24 seconds CNF output time
               0.24 seconds total planner time (solving not included)


***Solving***


[ filemap ]
[ extract ]

variables : 15331
pure lits : 293

1-clauses : 15
2-clauses : 1051843
3-clauses : 3314
n-clauses : 606
discarded : 0

[ solve ]


unsatisfiable                             

[ stats ]

decisions : 611
conflicts : 17
time : ~0.01

***UNSAT***


bb: parsing domain file
domain 'BLOCKS' defined
 ... done.
bb: parsing problem file
problem 'BLOCKS-16-2' defined
 ... done.


time:   0,    19 facts and       0 exclusive pairs
              21 ops   and       7 exclusive pairs
time:   1,    23 facts and      16 exclusive pairs
              31 ops   and      98 exclusive pairs
time:   2,    27 facts and      36 exclusive pairs
              41 ops   and     269 exclusive pairs
time:   3,    30 facts and      58 exclusive pairs
              53 ops   and     590 exclusive pairs
time:   4,    37 facts and     141 exclusive pairs
              70 ops   and    1260 exclusive pairs
time:   5,    41 facts and     180 exclusive pairs
              85 ops   and    1988 exclusive pairs
time:   6,    49 facts and     308 exclusive pairs
             102 ops   and    2992 exclusive pairs
time:   7,    51 facts and     268 exclusive pairs
             115 ops   and    3719 exclusive pairs
time:   8,    61 facts and     454 exclusive pairs
             136 ops   and    5390 exclusive pairs
time:   9,    63 facts and     400 exclusive pairs
             151 ops   and    6520 exclusive pairs
time:  10,    75 facts and     668 exclusive pairs
             176 ops   and    9122 exclusive pairs
time:  11,    77 facts and     591 exclusive pairs
             193 ops   and   10756 exclusive pairs
time:  12,    91 facts and     953 exclusive pairs
             222 ops   and   14554 exclusive pairs
time:  13,    93 facts and     834 exclusive pairs
             241 ops   and   16774 exclusive pairs
time:  14,   109 facts and    1304 exclusive pairs
             274 ops   and   22082 exclusive pairs
time:  15,   111 facts and    1135 exclusive pairs
             295 ops   and   25012 exclusive pairs
time:  16,   129 facts and    1727 exclusive pairs
             332 ops   and   32180 exclusive pairs
time:  17,   131 facts and    1500 exclusive pairs
             355 ops   and   35956 exclusive pairs
time:  18,   151 facts and    2228 exclusive pairs
             396 ops   and   45370 exclusive pairs
time:  19,   153 facts and    1935 exclusive pairs
             421 ops   and   50140 exclusive pairs
time:  20,   175 facts and    2813 exclusive pairs
             466 ops   and   62222 exclusive pairs
time:  21,   177 facts and    2446 exclusive pairs
             493 ops   and   68146 exclusive pairs
time:  22,   201 facts and    3488 exclusive pairs
             542 ops   and   83354 exclusive pairs
time:  23,   203 facts and    3039 exclusive pairs
             571 ops   and   90604 exclusive pairs
time:  24,   229 facts and    4259 exclusive pairs
             624 ops   and  109432 exclusive pairs
time:  25,   231 facts and    3720 exclusive pairs
             655 ops   and  118192 exclusive pairs
time:  26,   259 facts and    5132 exclusive pairs
             712 ops   and  141170 exclusive pairs
time:  27,   260 facts and    4449 exclusive pairs
             743 ops   and  150592 exclusive pairs
time:  28,   289 facts and    5994 exclusive pairs
             801 ops   and  176897 exclusive pairs
time:  29,   289 facts and    5210 exclusive pairs
             801 ops   and  169098 exclusive pairs
time:  30,   289 facts and    4608 exclusive pairs
graph has leveled off at time step 31


             801 ops   and  167712 exclusive pairs
time:  31,   289 facts and    4608 exclusive pairs
             801 ops   and  167712 exclusive pairs
time:  32,   289 facts and    4608 exclusive pairs

creating thin gp-based encoding...
plan graph layer 0...
plan graph layer 1...
plan graph layer 2...
plan graph layer 3...
plan graph layer 4...
plan graph layer 5...
plan graph layer 6...
plan graph layer 7...
plan graph layer 8...
plan graph layer 9...
plan graph layer 10...
plan graph layer 11...
plan graph layer 12...
plan graph layer 13...
plan graph layer 14...
plan graph layer 15...
plan graph layer 16...
plan graph layer 17...
plan graph layer 18...
plan graph layer 19...
plan graph layer 20...
plan graph layer 21...
plan graph layer 22...
plan graph layer 23...
plan graph layer 24...
plan graph layer 25...
plan graph layer 26...
plan graph layer 27...
plan graph layer 28...
plan graph layer 29...
plan graph layer 30...
plan graph layer 31...
plan graph layer 32...
goal constraints...
exclusion constraints layer 0...
exclusion constraints layer 1...
exclusion constraints layer 2...
exclusion constraints layer 3...
exclusion constraints layer 4...
exclusion constraints layer 5...
exclusion constraints layer 6...
exclusion constraints layer 7...
exclusion constraints layer 8...
exclusion constraints layer 9...
exclusion constraints layer 10...
exclusion constraints layer 11...
exclusion constraints layer 12...
exclusion constraints layer 13...
exclusion constraints layer 14...
exclusion constraints layer 15...
exclusion constraints layer 16...
exclusion constraints layer 17...
exclusion constraints layer 18...
exclusion constraints layer 19...
exclusion constraints layer 20...
exclusion constraints layer 21...
exclusion constraints layer 22...
exclusion constraints layer 23...
exclusion constraints layer 24...
exclusion constraints layer 25...
exclusion constraints layer 26...
exclusion constraints layer 27...
exclusion constraints layer 28...
exclusion constraints layer 29...
exclusion constraints layer 30...
exclusion constraints layer 31...
exclusion constraints layer 32...

DECISION LAYER 32, WRITING THIN GP-BASED ENCODING WITH 16421 VARS, 1168988 CLAUSES.

time spent:    0.00 seconds instantiating 544 action templates
               0.00 seconds reachability analysis, yielding 305 facts and 544 actions
               0.00 seconds collecting 305 relevant facts
               0.00 seconds building connectivity graph
               0.00 seconds building (std) graph
               0.27 seconds CNF output time
               0.27 seconds total planner time (solving not included)


***Solving***


[ filemap ]
[ extract ]

variables : 16421
pure lits : 293

1-clauses : 15
2-clauses : 1164764
3-clauses : 3570
n-clauses : 639
discarded : 0

[ solve ]


unsatisfiable                             

[ stats ]

decisions : 1746
conflicts : 51
time : ~0.01

***UNSAT***


bb: parsing domain file
domain 'BLOCKS' defined
 ... done.
bb: parsing problem file
problem 'BLOCKS-16-2' defined
 ... done.


time:   0,    19 facts and       0 exclusive pairs
              21 ops   and       7 exclusive pairs
time:   1,    23 facts and      16 exclusive pairs
              31 ops   and      98 exclusive pairs
time:   2,    27 facts and      36 exclusive pairs
              41 ops   and     269 exclusive pairs
time:   3,    30 facts and      58 exclusive pairs
              53 ops   and     590 exclusive pairs
time:   4,    37 facts and     141 exclusive pairs
              70 ops   and    1260 exclusive pairs
time:   5,    41 facts and     180 exclusive pairs
              85 ops   and    1988 exclusive pairs
time:   6,    49 facts and     308 exclusive pairs
             102 ops   and    2992 exclusive pairs
time:   7,    51 facts and     268 exclusive pairs
             115 ops   and    3719 exclusive pairs
time:   8,    61 facts and     454 exclusive pairs
             136 ops   and    5390 exclusive pairs
time:   9,    63 facts and     400 exclusive pairs
             151 ops   and    6520 exclusive pairs
time:  10,    75 facts and     668 exclusive pairs
             176 ops   and    9122 exclusive pairs
time:  11,    77 facts and     591 exclusive pairs
             193 ops   and   10756 exclusive pairs
time:  12,    91 facts and     953 exclusive pairs
             222 ops   and   14554 exclusive pairs
time:  13,    93 facts and     834 exclusive pairs
             241 ops   and   16774 exclusive pairs
time:  14,   109 facts and    1304 exclusive pairs
             274 ops   and   22082 exclusive pairs
time:  15,   111 facts and    1135 exclusive pairs
             295 ops   and   25012 exclusive pairs
time:  16,   129 facts and    1727 exclusive pairs
             332 ops   and   32180 exclusive pairs
time:  17,   131 facts and    1500 exclusive pairs
             355 ops   and   35956 exclusive pairs
time:  18,   151 facts and    2228 exclusive pairs
             396 ops   and   45370 exclusive pairs
time:  19,   153 facts and    1935 exclusive pairs
             421 ops   and   50140 exclusive pairs
time:  20,   175 facts and    2813 exclusive pairs
             466 ops   and   62222 exclusive pairs
time:  21,   177 facts and    2446 exclusive pairs
             493 ops   and   68146 exclusive pairs
time:  22,   201 facts and    3488 exclusive pairs
             542 ops   and   83354 exclusive pairs
time:  23,   203 facts and    3039 exclusive pairs
             571 ops   and   90604 exclusive pairs
time:  24,   229 facts and    4259 exclusive pairs
             624 ops   and  109432 exclusive pairs
time:  25,   231 facts and    3720 exclusive pairs
             655 ops   and  118192 exclusive pairs
time:  26,   259 facts and    5132 exclusive pairs
             712 ops   and  141170 exclusive pairs
time:  27,   260 facts and    4449 exclusive pairs
             743 ops   and  150592 exclusive pairs
time:  28,   289 facts and    5994 exclusive pairs
             801 ops   and  176897 exclusive pairs
time:  29,   289 facts and    5210 exclusive pairs
             801 ops   and  169098 exclusive pairs
time:  30,   289 facts and    4608 exclusive pairs
graph has leveled off at time step 31


             801 ops   and  167712 exclusive pairs
time:  31,   289 facts and    4608 exclusive pairs
             801 ops   and  167712 exclusive pairs
time:  32,   289 facts and    4608 exclusive pairs
             801 ops   and  167712 exclusive pairs
time:  33,   289 facts and    4608 exclusive pairs

creating thin gp-based encoding...
plan graph layer 0...
plan graph layer 1...
plan graph layer 2...
plan graph layer 3...
plan graph layer 4...
plan graph layer 5...
plan graph layer 6...
plan graph layer 7...
plan graph layer 8...
plan graph layer 9...
plan graph layer 10...
plan graph layer 11...
plan graph layer 12...
plan graph layer 13...
plan graph layer 14...
plan graph layer 15...
plan graph layer 16...
plan graph layer 17...
plan graph layer 18...
plan graph layer 19...
plan graph layer 20...
plan graph layer 21...
plan graph layer 22...
plan graph layer 23...
plan graph layer 24...
plan graph layer 25...
plan graph layer 26...
plan graph layer 27...
plan graph layer 28...
plan graph layer 29...
plan graph layer 30...
plan graph layer 31...
plan graph layer 32...
plan graph layer 33...
goal constraints...
exclusion constraints layer 0...
exclusion constraints layer 1...
exclusion constraints layer 2...
exclusion constraints layer 3...
exclusion constraints layer 4...
exclusion constraints layer 5...
exclusion constraints layer 6...
exclusion constraints layer 7...
exclusion constraints layer 8...
exclusion constraints layer 9...
exclusion constraints layer 10...
exclusion constraints layer 11...
exclusion constraints layer 12...
exclusion constraints layer 13...
exclusion constraints layer 14...
exclusion constraints layer 15...
exclusion constraints layer 16...
exclusion constraints layer 17...
exclusion constraints layer 18...
exclusion constraints layer 19...
exclusion constraints layer 20...
exclusion constraints layer 21...
exclusion constraints layer 22...
exclusion constraints layer 23...
exclusion constraints layer 24...
exclusion constraints layer 25...
exclusion constraints layer 26...
exclusion constraints layer 27...
exclusion constraints layer 28...
exclusion constraints layer 29...
exclusion constraints layer 30...
exclusion constraints layer 31...
exclusion constraints layer 32...
exclusion constraints layer 33...

DECISION LAYER 33, WRITING THIN GP-BASED ENCODING WITH 17511 VARS, 1282198 CLAUSES.

time spent:    0.00 seconds instantiating 544 action templates
               0.00 seconds reachability analysis, yielding 305 facts and 544 actions
               0.00 seconds collecting 305 relevant facts
               0.00 seconds building connectivity graph
               0.00 seconds building (std) graph
               0.29 seconds CNF output time
               0.29 seconds total planner time (solving not included)


***Solving***


[ filemap ]
[ extract ]

variables : 17511
pure lits : 293

1-clauses : 15
2-clauses : 1277685
3-clauses : 3826
n-clauses : 672
discarded : 0

[ solve ]


unsatisfiable                             

[ stats ]

decisions : 6090
conflicts : 234
time : ~0.01

***UNSAT***


bb: parsing domain file
domain 'BLOCKS' defined
 ... done.
bb: parsing problem file
problem 'BLOCKS-16-2' defined
 ... done.


time:   0,    19 facts and       0 exclusive pairs
              21 ops   and       7 exclusive pairs
time:   1,    23 facts and      16 exclusive pairs
              31 ops   and      98 exclusive pairs
time:   2,    27 facts and      36 exclusive pairs
              41 ops   and     269 exclusive pairs
time:   3,    30 facts and      58 exclusive pairs
              53 ops   and     590 exclusive pairs
time:   4,    37 facts and     141 exclusive pairs
              70 ops   and    1260 exclusive pairs
time:   5,    41 facts and     180 exclusive pairs
              85 ops   and    1988 exclusive pairs
time:   6,    49 facts and     308 exclusive pairs
             102 ops   and    2992 exclusive pairs
time:   7,    51 facts and     268 exclusive pairs
             115 ops   and    3719 exclusive pairs
time:   8,    61 facts and     454 exclusive pairs
             136 ops   and    5390 exclusive pairs
time:   9,    63 facts and     400 exclusive pairs
             151 ops   and    6520 exclusive pairs
time:  10,    75 facts and     668 exclusive pairs
             176 ops   and    9122 exclusive pairs
time:  11,    77 facts and     591 exclusive pairs
             193 ops   and   10756 exclusive pairs
time:  12,    91 facts and     953 exclusive pairs
             222 ops   and   14554 exclusive pairs
time:  13,    93 facts and     834 exclusive pairs
             241 ops   and   16774 exclusive pairs
time:  14,   109 facts and    1304 exclusive pairs
             274 ops   and   22082 exclusive pairs
time:  15,   111 facts and    1135 exclusive pairs
             295 ops   and   25012 exclusive pairs
time:  16,   129 facts and    1727 exclusive pairs
             332 ops   and   32180 exclusive pairs
time:  17,   131 facts and    1500 exclusive pairs
             355 ops   and   35956 exclusive pairs
time:  18,   151 facts and    2228 exclusive pairs
             396 ops   and   45370 exclusive pairs
time:  19,   153 facts and    1935 exclusive pairs
             421 ops   and   50140 exclusive pairs
time:  20,   175 facts and    2813 exclusive pairs
             466 ops   and   62222 exclusive pairs
time:  21,   177 facts and    2446 exclusive pairs
             493 ops   and   68146 exclusive pairs
time:  22,   201 facts and    3488 exclusive pairs
             542 ops   and   83354 exclusive pairs
time:  23,   203 facts and    3039 exclusive pairs
             571 ops   and   90604 exclusive pairs
time:  24,   229 facts and    4259 exclusive pairs
             624 ops   and  109432 exclusive pairs
time:  25,   231 facts and    3720 exclusive pairs
             655 ops   and  118192 exclusive pairs
time:  26,   259 facts and    5132 exclusive pairs
             712 ops   and  141170 exclusive pairs
time:  27,   260 facts and    4449 exclusive pairs
             743 ops   and  150592 exclusive pairs
time:  28,   289 facts and    5994 exclusive pairs
             801 ops   and  176897 exclusive pairs
time:  29,   289 facts and    5210 exclusive pairs
             801 ops   and  169098 exclusive pairs
time:  30,   289 facts and    4608 exclusive pairs
graph has leveled off at time step 31


             801 ops   and  167712 exclusive pairs
time:  31,   289 facts and    4608 exclusive pairs
             801 ops   and  167712 exclusive pairs
time:  32,   289 facts and    4608 exclusive pairs
             801 ops   and  167712 exclusive pairs
time:  33,   289 facts and    4608 exclusive pairs
             801 ops   and  167712 exclusive pairs
time:  34,   289 facts and    4608 exclusive pairs

creating thin gp-based encoding...
plan graph layer 0...
plan graph layer 1...
plan graph layer 2...
plan graph layer 3...
plan graph layer 4...
plan graph layer 5...
plan graph layer 6...
plan graph layer 7...
plan graph layer 8...
plan graph layer 9...
plan graph layer 10...
plan graph layer 11...
plan graph layer 12...
plan graph layer 13...
plan graph layer 14...
plan graph layer 15...
plan graph layer 16...
plan graph layer 17...
plan graph layer 18...
plan graph layer 19...
plan graph layer 20...
plan graph layer 21...
plan graph layer 22...
plan graph layer 23...
plan graph layer 24...
plan graph layer 25...
plan graph layer 26...
plan graph layer 27...
plan graph layer 28...
plan graph layer 29...
plan graph layer 30...
plan graph layer 31...
plan graph layer 32...
plan graph layer 33...
plan graph layer 34...
goal constraints...
exclusion constraints layer 0...
exclusion constraints layer 1...
exclusion constraints layer 2...
exclusion constraints layer 3...
exclusion constraints layer 4...
exclusion constraints layer 5...
exclusion constraints layer 6...
exclusion constraints layer 7...
exclusion constraints layer 8...
exclusion constraints layer 9...
exclusion constraints layer 10...
exclusion constraints layer 11...
exclusion constraints layer 12...
exclusion constraints layer 13...
exclusion constraints layer 14...
exclusion constraints layer 15...
exclusion constraints layer 16...
exclusion constraints layer 17...
exclusion constraints layer 18...
exclusion constraints layer 19...
exclusion constraints layer 20...
exclusion constraints layer 21...
exclusion constraints layer 22...
exclusion constraints layer 23...
exclusion constraints layer 24...
exclusion constraints layer 25...
exclusion constraints layer 26...
exclusion constraints layer 27...
exclusion constraints layer 28...
exclusion constraints layer 29...
exclusion constraints layer 30...
exclusion constraints layer 31...
exclusion constraints layer 32...
exclusion constraints layer 33...
exclusion constraints layer 34...

DECISION LAYER 34, WRITING THIN GP-BASED ENCODING WITH 18601 VARS, 1395408 CLAUSES.

time spent:    0.00 seconds instantiating 544 action templates
               0.00 seconds reachability analysis, yielding 305 facts and 544 actions
               0.00 seconds collecting 305 relevant facts
               0.00 seconds building connectivity graph
               0.00 seconds building (std) graph
               0.31 seconds CNF output time
               0.31 seconds total planner time (solving not included)


***Solving***


[ filemap ]
[ extract ]

variables : 18601
pure lits : 293

1-clauses : 15
2-clauses : 1390606
3-clauses : 4082
n-clauses : 705
discarded : 0

[ solve ]


unsatisfiable                             

[ stats ]

decisions : 6218
conflicts : 101
time : ~0.01

***UNSAT***


bb: parsing domain file
domain 'BLOCKS' defined
 ... done.
bb: parsing problem file
problem 'BLOCKS-16-2' defined
 ... done.


time:   0,    19 facts and       0 exclusive pairs
              21 ops   and       7 exclusive pairs
time:   1,    23 facts and      16 exclusive pairs
              31 ops   and      98 exclusive pairs
time:   2,    27 facts and      36 exclusive pairs
              41 ops   and     269 exclusive pairs
time:   3,    30 facts and      58 exclusive pairs
              53 ops   and     590 exclusive pairs
time:   4,    37 facts and     141 exclusive pairs
              70 ops   and    1260 exclusive pairs
time:   5,    41 facts and     180 exclusive pairs
              85 ops   and    1988 exclusive pairs
time:   6,    49 facts and     308 exclusive pairs
             102 ops   and    2992 exclusive pairs
time:   7,    51 facts and     268 exclusive pairs
             115 ops   and    3719 exclusive pairs
time:   8,    61 facts and     454 exclusive pairs
             136 ops   and    5390 exclusive pairs
time:   9,    63 facts and     400 exclusive pairs
             151 ops   and    6520 exclusive pairs
time:  10,    75 facts and     668 exclusive pairs
             176 ops   and    9122 exclusive pairs
time:  11,    77 facts and     591 exclusive pairs
             193 ops   and   10756 exclusive pairs
time:  12,    91 facts and     953 exclusive pairs
             222 ops   and   14554 exclusive pairs
time:  13,    93 facts and     834 exclusive pairs
             241 ops   and   16774 exclusive pairs
time:  14,   109 facts and    1304 exclusive pairs
             274 ops   and   22082 exclusive pairs
time:  15,   111 facts and    1135 exclusive pairs
             295 ops   and   25012 exclusive pairs
time:  16,   129 facts and    1727 exclusive pairs
             332 ops   and   32180 exclusive pairs
time:  17,   131 facts and    1500 exclusive pairs
             355 ops   and   35956 exclusive pairs
time:  18,   151 facts and    2228 exclusive pairs
             396 ops   and   45370 exclusive pairs
time:  19,   153 facts and    1935 exclusive pairs
             421 ops   and   50140 exclusive pairs
time:  20,   175 facts and    2813 exclusive pairs
             466 ops   and   62222 exclusive pairs
time:  21,   177 facts and    2446 exclusive pairs
             493 ops   and   68146 exclusive pairs
time:  22,   201 facts and    3488 exclusive pairs
             542 ops   and   83354 exclusive pairs
time:  23,   203 facts and    3039 exclusive pairs
             571 ops   and   90604 exclusive pairs
time:  24,   229 facts and    4259 exclusive pairs
             624 ops   and  109432 exclusive pairs
time:  25,   231 facts and    3720 exclusive pairs
             655 ops   and  118192 exclusive pairs
time:  26,   259 facts and    5132 exclusive pairs
             712 ops   and  141170 exclusive pairs
time:  27,   260 facts and    4449 exclusive pairs
             743 ops   and  150592 exclusive pairs
time:  28,   289 facts and    5994 exclusive pairs
             801 ops   and  176897 exclusive pairs
time:  29,   289 facts and    5210 exclusive pairs
             801 ops   and  169098 exclusive pairs
time:  30,   289 facts and    4608 exclusive pairs
graph has leveled off at time step 31


             801 ops   and  167712 exclusive pairs
time:  31,   289 facts and    4608 exclusive pairs
             801 ops   and  167712 exclusive pairs
time:  32,   289 facts and    4608 exclusive pairs
             801 ops   and  167712 exclusive pairs
time:  33,   289 facts and    4608 exclusive pairs
             801 ops   and  167712 exclusive pairs
time:  34,   289 facts and    4608 exclusive pairs
             801 ops   and  167712 exclusive pairs
time:  35,   289 facts and    4608 exclusive pairs

creating thin gp-based encoding...
plan graph layer 0...
plan graph layer 1...
plan graph layer 2...
plan graph layer 3...
plan graph layer 4...
plan graph layer 5...
plan graph layer 6...
plan graph layer 7...
plan graph layer 8...
plan graph layer 9...
plan graph layer 10...
plan graph layer 11...
plan graph layer 12...
plan graph layer 13...
plan graph layer 14...
plan graph layer 15...
plan graph layer 16...
plan graph layer 17...
plan graph layer 18...
plan graph layer 19...
plan graph layer 20...
plan graph layer 21...
plan graph layer 22...
plan graph layer 23...
plan graph layer 24...
plan graph layer 25...
plan graph layer 26...
plan graph layer 27...
plan graph layer 28...
plan graph layer 29...
plan graph layer 30...
plan graph layer 31...
plan graph layer 32...
plan graph layer 33...
plan graph layer 34...
plan graph layer 35...
goal constraints...
exclusion constraints layer 0...
exclusion constraints layer 1...
exclusion constraints layer 2...
exclusion constraints layer 3...
exclusion constraints layer 4...
exclusion constraints layer 5...
exclusion constraints layer 6...
exclusion constraints layer 7...
exclusion constraints layer 8...
exclusion constraints layer 9...
exclusion constraints layer 10...
exclusion constraints layer 11...
exclusion constraints layer 12...
exclusion constraints layer 13...
exclusion constraints layer 14...
exclusion constraints layer 15...
exclusion constraints layer 16...
exclusion constraints layer 17...
exclusion constraints layer 18...
exclusion constraints layer 19...
exclusion constraints layer 20...
exclusion constraints layer 21...
exclusion constraints layer 22...
exclusion constraints layer 23...
exclusion constraints layer 24...
exclusion constraints layer 25...
exclusion constraints layer 26...
exclusion constraints layer 27...
exclusion constraints layer 28...
exclusion constraints layer 29...
exclusion constraints layer 30...
exclusion constraints layer 31...
exclusion constraints layer 32...
exclusion constraints layer 33...
exclusion constraints layer 34...
exclusion constraints layer 35...

DECISION LAYER 35, WRITING THIN GP-BASED ENCODING WITH 19691 VARS, 1508618 CLAUSES.

time spent:    0.00 seconds instantiating 544 action templates
               0.00 seconds reachability analysis, yielding 305 facts and 544 actions
               0.00 seconds collecting 305 relevant facts
               0.00 seconds building connectivity graph
               0.00 seconds building (std) graph
               0.34 seconds CNF output time
               0.34 seconds total planner time (solving not included)


***Solving***


[ filemap ]
[ extract ]

variables : 19691
pure lits : 293

1-clauses : 15
2-clauses : 1503527
3-clauses : 4338
n-clauses : 738
discarded : 0

[ solve ]


unsatisfiable                             

[ stats ]

decisions : 7942
conflicts : 878
time : ~0.037

***UNSAT***


bb: parsing domain file
domain 'BLOCKS' defined
 ... done.
bb: parsing problem file
problem 'BLOCKS-16-2' defined
 ... done.


time:   0,    19 facts and       0 exclusive pairs
              21 ops   and       7 exclusive pairs
time:   1,    23 facts and      16 exclusive pairs
              31 ops   and      98 exclusive pairs
time:   2,    27 facts and      36 exclusive pairs
              41 ops   and     269 exclusive pairs
time:   3,    30 facts and      58 exclusive pairs
              53 ops   and     590 exclusive pairs
time:   4,    37 facts and     141 exclusive pairs
              70 ops   and    1260 exclusive pairs
time:   5,    41 facts and     180 exclusive pairs
              85 ops   and    1988 exclusive pairs
time:   6,    49 facts and     308 exclusive pairs
             102 ops   and    2992 exclusive pairs
time:   7,    51 facts and     268 exclusive pairs
             115 ops   and    3719 exclusive pairs
time:   8,    61 facts and     454 exclusive pairs
             136 ops   and    5390 exclusive pairs
time:   9,    63 facts and     400 exclusive pairs
             151 ops   and    6520 exclusive pairs
time:  10,    75 facts and     668 exclusive pairs
             176 ops   and    9122 exclusive pairs
time:  11,    77 facts and     591 exclusive pairs
             193 ops   and   10756 exclusive pairs
time:  12,    91 facts and     953 exclusive pairs
             222 ops   and   14554 exclusive pairs
time:  13,    93 facts and     834 exclusive pairs
             241 ops   and   16774 exclusive pairs
time:  14,   109 facts and    1304 exclusive pairs
             274 ops   and   22082 exclusive pairs
time:  15,   111 facts and    1135 exclusive pairs
             295 ops   and   25012 exclusive pairs
time:  16,   129 facts and    1727 exclusive pairs
             332 ops   and   32180 exclusive pairs
time:  17,   131 facts and    1500 exclusive pairs
             355 ops   and   35956 exclusive pairs
time:  18,   151 facts and    2228 exclusive pairs
             396 ops   and   45370 exclusive pairs
time:  19,   153 facts and    1935 exclusive pairs
             421 ops   and   50140 exclusive pairs
time:  20,   175 facts and    2813 exclusive pairs
             466 ops   and   62222 exclusive pairs
time:  21,   177 facts and    2446 exclusive pairs
             493 ops   and   68146 exclusive pairs
time:  22,   201 facts and    3488 exclusive pairs
             542 ops   and   83354 exclusive pairs
time:  23,   203 facts and    3039 exclusive pairs
             571 ops   and   90604 exclusive pairs
time:  24,   229 facts and    4259 exclusive pairs
             624 ops   and  109432 exclusive pairs
time:  25,   231 facts and    3720 exclusive pairs
             655 ops   and  118192 exclusive pairs
time:  26,   259 facts and    5132 exclusive pairs
             712 ops   and  141170 exclusive pairs
time:  27,   260 facts and    4449 exclusive pairs
             743 ops   and  150592 exclusive pairs
time:  28,   289 facts and    5994 exclusive pairs
             801 ops   and  176897 exclusive pairs
time:  29,   289 facts and    5210 exclusive pairs
             801 ops   and  169098 exclusive pairs
time:  30,   289 facts and    4608 exclusive pairs
graph has leveled off at time step 31


             801 ops   and  167712 exclusive pairs
time:  31,   289 facts and    4608 exclusive pairs
             801 ops   and  167712 exclusive pairs
time:  32,   289 facts and    4608 exclusive pairs
             801 ops   and  167712 exclusive pairs
time:  33,   289 facts and    4608 exclusive pairs
             801 ops   and  167712 exclusive pairs
time:  34,   289 facts and    4608 exclusive pairs
             801 ops   and  167712 exclusive pairs
time:  35,   289 facts and    4608 exclusive pairs
             801 ops   and  167712 exclusive pairs
time:  36,   289 facts and    4608 exclusive pairs

creating thin gp-based encoding...
plan graph layer 0...
plan graph layer 1...
plan graph layer 2...
plan graph layer 3...
plan graph layer 4...
plan graph layer 5...
plan graph layer 6...
plan graph layer 7...
plan graph layer 8...
plan graph layer 9...
plan graph layer 10...
plan graph layer 11...
plan graph layer 12...
plan graph layer 13...
plan graph layer 14...
plan graph layer 15...
plan graph layer 16...
plan graph layer 17...
plan graph layer 18...
plan graph layer 19...
plan graph layer 20...
plan graph layer 21...
plan graph layer 22...
plan graph layer 23...
plan graph layer 24...
plan graph layer 25...
plan graph layer 26...
plan graph layer 27...
plan graph layer 28...
plan graph layer 29...
plan graph layer 30...
plan graph layer 31...
plan graph layer 32...
plan graph layer 33...
plan graph layer 34...
plan graph layer 35...
plan graph layer 36...
goal constraints...
exclusion constraints layer 0...
exclusion constraints layer 1...
exclusion constraints layer 2...
exclusion constraints layer 3...
exclusion constraints layer 4...
exclusion constraints layer 5...
exclusion constraints layer 6...
exclusion constraints layer 7...
exclusion constraints layer 8...
exclusion constraints layer 9...
exclusion constraints layer 10...
exclusion constraints layer 11...
exclusion constraints layer 12...
exclusion constraints layer 13...
exclusion constraints layer 14...
exclusion constraints layer 15...
exclusion constraints layer 16...
exclusion constraints layer 17...
exclusion constraints layer 18...
exclusion constraints layer 19...
exclusion constraints layer 20...
exclusion constraints layer 21...
exclusion constraints layer 22...
exclusion constraints layer 23...
exclusion constraints layer 24...
exclusion constraints layer 25...
exclusion constraints layer 26...
exclusion constraints layer 27...
exclusion constraints layer 28...
exclusion constraints layer 29...
exclusion constraints layer 30...
exclusion constraints layer 31...
exclusion constraints layer 32...
exclusion constraints layer 33...
exclusion constraints layer 34...
exclusion constraints layer 35...
exclusion constraints layer 36...

DECISION LAYER 36, WRITING THIN GP-BASED ENCODING WITH 20781 VARS, 1621828 CLAUSES.

time spent:    0.00 seconds instantiating 544 action templates
               0.00 seconds reachability analysis, yielding 305 facts and 544 actions
               0.00 seconds collecting 305 relevant facts
               0.00 seconds building connectivity graph
               0.00 seconds building (std) graph
               0.37 seconds CNF output time
               0.37 seconds total planner time (solving not included)


***Solving***


[ filemap ]
[ extract ]

variables : 20781
pure lits : 293

1-clauses : 15
2-clauses : 1616448
3-clauses : 4594
n-clauses : 771
discarded : 0

[ solve ]


unsatisfiable                             

[ stats ]

decisions : 5540
conflicts : 156
time : ~0.01

***UNSAT***


bb: parsing domain file
domain 'BLOCKS' defined
 ... done.
bb: parsing problem file
problem 'BLOCKS-16-2' defined
 ... done.


time:   0,    19 facts and       0 exclusive pairs
              21 ops   and       7 exclusive pairs
time:   1,    23 facts and      16 exclusive pairs
              31 ops   and      98 exclusive pairs
time:   2,    27 facts and      36 exclusive pairs
              41 ops   and     269 exclusive pairs
time:   3,    30 facts and      58 exclusive pairs
              53 ops   and     590 exclusive pairs
time:   4,    37 facts and     141 exclusive pairs
              70 ops   and    1260 exclusive pairs
time:   5,    41 facts and     180 exclusive pairs
              85 ops   and    1988 exclusive pairs
time:   6,    49 facts and     308 exclusive pairs
             102 ops   and    2992 exclusive pairs
time:   7,    51 facts and     268 exclusive pairs
             115 ops   and    3719 exclusive pairs
time:   8,    61 facts and     454 exclusive pairs
             136 ops   and    5390 exclusive pairs
time:   9,    63 facts and     400 exclusive pairs
             151 ops   and    6520 exclusive pairs
time:  10,    75 facts and     668 exclusive pairs
             176 ops   and    9122 exclusive pairs
time:  11,    77 facts and     591 exclusive pairs
             193 ops   and   10756 exclusive pairs
time:  12,    91 facts and     953 exclusive pairs
             222 ops   and   14554 exclusive pairs
time:  13,    93 facts and     834 exclusive pairs
             241 ops   and   16774 exclusive pairs
time:  14,   109 facts and    1304 exclusive pairs
             274 ops   and   22082 exclusive pairs
time:  15,   111 facts and    1135 exclusive pairs
             295 ops   and   25012 exclusive pairs
time:  16,   129 facts and    1727 exclusive pairs
             332 ops   and   32180 exclusive pairs
time:  17,   131 facts and    1500 exclusive pairs
             355 ops   and   35956 exclusive pairs
time:  18,   151 facts and    2228 exclusive pairs
             396 ops   and   45370 exclusive pairs
time:  19,   153 facts and    1935 exclusive pairs
             421 ops   and   50140 exclusive pairs
time:  20,   175 facts and    2813 exclusive pairs
             466 ops   and   62222 exclusive pairs
time:  21,   177 facts and    2446 exclusive pairs
             493 ops   and   68146 exclusive pairs
time:  22,   201 facts and    3488 exclusive pairs
             542 ops   and   83354 exclusive pairs
time:  23,   203 facts and    3039 exclusive pairs
             571 ops   and   90604 exclusive pairs
time:  24,   229 facts and    4259 exclusive pairs
             624 ops   and  109432 exclusive pairs
time:  25,   231 facts and    3720 exclusive pairs
             655 ops   and  118192 exclusive pairs
time:  26,   259 facts and    5132 exclusive pairs
             712 ops   and  141170 exclusive pairs
time:  27,   260 facts and    4449 exclusive pairs
             743 ops   and  150592 exclusive pairs
time:  28,   289 facts and    5994 exclusive pairs
             801 ops   and  176897 exclusive pairs
time:  29,   289 facts and    5210 exclusive pairs
             801 ops   and  169098 exclusive pairs
time:  30,   289 facts and    4608 exclusive pairs
graph has leveled off at time step 31


             801 ops   and  167712 exclusive pairs
time:  31,   289 facts and    4608 exclusive pairs
             801 ops   and  167712 exclusive pairs
time:  32,   289 facts and    4608 exclusive pairs
             801 ops   and  167712 exclusive pairs
time:  33,   289 facts and    4608 exclusive pairs
             801 ops   and  167712 exclusive pairs
time:  34,   289 facts and    4608 exclusive pairs
             801 ops   and  167712 exclusive pairs
time:  35,   289 facts and    4608 exclusive pairs
             801 ops   and  167712 exclusive pairs
time:  36,   289 facts and    4608 exclusive pairs
             801 ops   and  167712 exclusive pairs
time:  37,   289 facts and    4608 exclusive pairs

creating thin gp-based encoding...
plan graph layer 0...
plan graph layer 1...
plan graph layer 2...
plan graph layer 3...
plan graph layer 4...
plan graph layer 5...
plan graph layer 6...
plan graph layer 7...
plan graph layer 8...
plan graph layer 9...
plan graph layer 10...
plan graph layer 11...
plan graph layer 12...
plan graph layer 13...
plan graph layer 14...
plan graph layer 15...
plan graph layer 16...
plan graph layer 17...
plan graph layer 18...
plan graph layer 19...
plan graph layer 20...
plan graph layer 21...
plan graph layer 22...
plan graph layer 23...
plan graph layer 24...
plan graph layer 25...
plan graph layer 26...
plan graph layer 27...
plan graph layer 28...
plan graph layer 29...
plan graph layer 30...
plan graph layer 31...
plan graph layer 32...
plan graph layer 33...
plan graph layer 34...
plan graph layer 35...
plan graph layer 36...
plan graph layer 37...
goal constraints...
exclusion constraints layer 0...
exclusion constraints layer 1...
exclusion constraints layer 2...
exclusion constraints layer 3...
exclusion constraints layer 4...
exclusion constraints layer 5...
exclusion constraints layer 6...
exclusion constraints layer 7...
exclusion constraints layer 8...
exclusion constraints layer 9...
exclusion constraints layer 10...
exclusion constraints layer 11...
exclusion constraints layer 12...
exclusion constraints layer 13...
exclusion constraints layer 14...
exclusion constraints layer 15...
exclusion constraints layer 16...
exclusion constraints layer 17...
exclusion constraints layer 18...
exclusion constraints layer 19...
exclusion constraints layer 20...
exclusion constraints layer 21...
exclusion constraints layer 22...
exclusion constraints layer 23...
exclusion constraints layer 24...
exclusion constraints layer 25...
exclusion constraints layer 26...
exclusion constraints layer 27...
exclusion constraints layer 28...
exclusion constraints layer 29...
exclusion constraints layer 30...
exclusion constraints layer 31...
exclusion constraints layer 32...
exclusion constraints layer 33...
exclusion constraints layer 34...
exclusion constraints layer 35...
exclusion constraints layer 36...
exclusion constraints layer 37...

DECISION LAYER 37, WRITING THIN GP-BASED ENCODING WITH 21871 VARS, 1735038 CLAUSES.

time spent:    0.00 seconds instantiating 544 action templates
               0.00 seconds reachability analysis, yielding 305 facts and 544 actions
               0.00 seconds collecting 305 relevant facts
               0.00 seconds building connectivity graph
               0.00 seconds building (std) graph
               0.39 seconds CNF output time
               0.39 seconds total planner time (solving not included)


***Solving***


[ filemap ]
[ extract ]

variables : 21871
pure lits : 293

1-clauses : 15
2-clauses : 1729369
3-clauses : 4850
n-clauses : 804
discarded : 0

[ solve ]


unsatisfiable                             

[ stats ]

decisions : 18493
conflicts : 932
time : ~0.049

***UNSAT***


bb: parsing domain file
domain 'BLOCKS' defined
 ... done.
bb: parsing problem file
problem 'BLOCKS-16-2' defined
 ... done.


time:   0,    19 facts and       0 exclusive pairs
              21 ops   and       7 exclusive pairs
time:   1,    23 facts and      16 exclusive pairs
              31 ops   and      98 exclusive pairs
time:   2,    27 facts and      36 exclusive pairs
              41 ops   and     269 exclusive pairs
time:   3,    30 facts and      58 exclusive pairs
              53 ops   and     590 exclusive pairs
time:   4,    37 facts and     141 exclusive pairs
              70 ops   and    1260 exclusive pairs
time:   5,    41 facts and     180 exclusive pairs
              85 ops   and    1988 exclusive pairs
time:   6,    49 facts and     308 exclusive pairs
             102 ops   and    2992 exclusive pairs
time:   7,    51 facts and     268 exclusive pairs
             115 ops   and    3719 exclusive pairs
time:   8,    61 facts and     454 exclusive pairs
             136 ops   and    5390 exclusive pairs
time:   9,    63 facts and     400 exclusive pairs
             151 ops   and    6520 exclusive pairs
time:  10,    75 facts and     668 exclusive pairs
             176 ops   and    9122 exclusive pairs
time:  11,    77 facts and     591 exclusive pairs
             193 ops   and   10756 exclusive pairs
time:  12,    91 facts and     953 exclusive pairs
             222 ops   and   14554 exclusive pairs
time:  13,    93 facts and     834 exclusive pairs
             241 ops   and   16774 exclusive pairs
time:  14,   109 facts and    1304 exclusive pairs
             274 ops   and   22082 exclusive pairs
time:  15,   111 facts and    1135 exclusive pairs
             295 ops   and   25012 exclusive pairs
time:  16,   129 facts and    1727 exclusive pairs
             332 ops   and   32180 exclusive pairs
time:  17,   131 facts and    1500 exclusive pairs
             355 ops   and   35956 exclusive pairs
time:  18,   151 facts and    2228 exclusive pairs
             396 ops   and   45370 exclusive pairs
time:  19,   153 facts and    1935 exclusive pairs
             421 ops   and   50140 exclusive pairs
time:  20,   175 facts and    2813 exclusive pairs
             466 ops   and   62222 exclusive pairs
time:  21,   177 facts and    2446 exclusive pairs
             493 ops   and   68146 exclusive pairs
time:  22,   201 facts and    3488 exclusive pairs
             542 ops   and   83354 exclusive pairs
time:  23,   203 facts and    3039 exclusive pairs
             571 ops   and   90604 exclusive pairs
time:  24,   229 facts and    4259 exclusive pairs
             624 ops   and  109432 exclusive pairs
time:  25,   231 facts and    3720 exclusive pairs
             655 ops   and  118192 exclusive pairs
time:  26,   259 facts and    5132 exclusive pairs
             712 ops   and  141170 exclusive pairs
time:  27,   260 facts and    4449 exclusive pairs
             743 ops   and  150592 exclusive pairs
time:  28,   289 facts and    5994 exclusive pairs
             801 ops   and  176897 exclusive pairs
time:  29,   289 facts and    5210 exclusive pairs
             801 ops   and  169098 exclusive pairs
time:  30,   289 facts and    4608 exclusive pairs
graph has leveled off at time step 31


             801 ops   and  167712 exclusive pairs
time:  31,   289 facts and    4608 exclusive pairs
             801 ops   and  167712 exclusive pairs
time:  32,   289 facts and    4608 exclusive pairs
             801 ops   and  167712 exclusive pairs
time:  33,   289 facts and    4608 exclusive pairs
             801 ops   and  167712 exclusive pairs
time:  34,   289 facts and    4608 exclusive pairs
             801 ops   and  167712 exclusive pairs
time:  35,   289 facts and    4608 exclusive pairs
             801 ops   and  167712 exclusive pairs
time:  36,   289 facts and    4608 exclusive pairs
             801 ops   and  167712 exclusive pairs
time:  37,   289 facts and    4608 exclusive pairs
             801 ops   and  167712 exclusive pairs
time:  38,   289 facts and    4608 exclusive pairs

creating thin gp-based encoding...
plan graph layer 0...
plan graph layer 1...
plan graph layer 2...
plan graph layer 3...
plan graph layer 4...
plan graph layer 5...
plan graph layer 6...
plan graph layer 7...
plan graph layer 8...
plan graph layer 9...
plan graph layer 10...
plan graph layer 11...
plan graph layer 12...
plan graph layer 13...
plan graph layer 14...
plan graph layer 15...
plan graph layer 16...
plan graph layer 17...
plan graph layer 18...
plan graph layer 19...
plan graph layer 20...
plan graph layer 21...
plan graph layer 22...
plan graph layer 23...
plan graph layer 24...
plan graph layer 25...
plan graph layer 26...
plan graph layer 27...
plan graph layer 28...
plan graph layer 29...
plan graph layer 30...
plan graph layer 31...
plan graph layer 32...
plan graph layer 33...
plan graph layer 34...
plan graph layer 35...
plan graph layer 36...
plan graph layer 37...
plan graph layer 38...
goal constraints...
exclusion constraints layer 0...
exclusion constraints layer 1...
exclusion constraints layer 2...
exclusion constraints layer 3...
exclusion constraints layer 4...
exclusion constraints layer 5...
exclusion constraints layer 6...
exclusion constraints layer 7...
exclusion constraints layer 8...
exclusion constraints layer 9...
exclusion constraints layer 10...
exclusion constraints layer 11...
exclusion constraints layer 12...
exclusion constraints layer 13...
exclusion constraints layer 14...
exclusion constraints layer 15...
exclusion constraints layer 16...
exclusion constraints layer 17...
exclusion constraints layer 18...
exclusion constraints layer 19...
exclusion constraints layer 20...
exclusion constraints layer 21...
exclusion constraints layer 22...
exclusion constraints layer 23...
exclusion constraints layer 24...
exclusion constraints layer 25...
exclusion constraints layer 26...
exclusion constraints layer 27...
exclusion constraints layer 28...
exclusion constraints layer 29...
exclusion constraints layer 30...
exclusion constraints layer 31...
exclusion constraints layer 32...
exclusion constraints layer 33...
exclusion constraints layer 34...
exclusion constraints layer 35...
exclusion constraints layer 36...
exclusion constraints layer 37...
exclusion constraints layer 38...

DECISION LAYER 38, WRITING THIN GP-BASED ENCODING WITH 22961 VARS, 1848248 CLAUSES.

time spent:    0.00 seconds instantiating 544 action templates
               0.00 seconds reachability analysis, yielding 305 facts and 544 actions
               0.00 seconds collecting 305 relevant facts
               0.00 seconds building connectivity graph
               0.00 seconds building (std) graph
               0.42 seconds CNF output time
               0.42 seconds total planner time (solving not included)


***Solving***


[ filemap ]
[ extract ]

variables : 22961
pure lits : 293

1-clauses : 15
2-clauses : 1842290
3-clauses : 5106
n-clauses : 837
discarded : 0

[ solve ]


unsatisfiable                             

[ stats ]

decisions : 24292
conflicts : 479
time : ~0.031

***UNSAT***


bb: parsing domain file
domain 'BLOCKS' defined
 ... done.
bb: parsing problem file
problem 'BLOCKS-16-2' defined
 ... done.


time:   0,    19 facts and       0 exclusive pairs
              21 ops   and       7 exclusive pairs
time:   1,    23 facts and      16 exclusive pairs
              31 ops   and      98 exclusive pairs
time:   2,    27 facts and      36 exclusive pairs
              41 ops   and     269 exclusive pairs
time:   3,    30 facts and      58 exclusive pairs
              53 ops   and     590 exclusive pairs
time:   4,    37 facts and     141 exclusive pairs
              70 ops   and    1260 exclusive pairs
time:   5,    41 facts and     180 exclusive pairs
              85 ops   and    1988 exclusive pairs
time:   6,    49 facts and     308 exclusive pairs
             102 ops   and    2992 exclusive pairs
time:   7,    51 facts and     268 exclusive pairs
             115 ops   and    3719 exclusive pairs
time:   8,    61 facts and     454 exclusive pairs
             136 ops   and    5390 exclusive pairs
time:   9,    63 facts and     400 exclusive pairs
             151 ops   and    6520 exclusive pairs
time:  10,    75 facts and     668 exclusive pairs
             176 ops   and    9122 exclusive pairs
time:  11,    77 facts and     591 exclusive pairs
             193 ops   and   10756 exclusive pairs
time:  12,    91 facts and     953 exclusive pairs
             222 ops   and   14554 exclusive pairs
time:  13,    93 facts and     834 exclusive pairs
             241 ops   and   16774 exclusive pairs
time:  14,   109 facts and    1304 exclusive pairs
             274 ops   and   22082 exclusive pairs
time:  15,   111 facts and    1135 exclusive pairs
             295 ops   and   25012 exclusive pairs
time:  16,   129 facts and    1727 exclusive pairs
             332 ops   and   32180 exclusive pairs
time:  17,   131 facts and    1500 exclusive pairs
             355 ops   and   35956 exclusive pairs
time:  18,   151 facts and    2228 exclusive pairs
             396 ops   and   45370 exclusive pairs
time:  19,   153 facts and    1935 exclusive pairs
             421 ops   and   50140 exclusive pairs
time:  20,   175 facts and    2813 exclusive pairs
             466 ops   and   62222 exclusive pairs
time:  21,   177 facts and    2446 exclusive pairs
             493 ops   and   68146 exclusive pairs
time:  22,   201 facts and    3488 exclusive pairs
             542 ops   and   83354 exclusive pairs
time:  23,   203 facts and    3039 exclusive pairs
             571 ops   and   90604 exclusive pairs
time:  24,   229 facts and    4259 exclusive pairs
             624 ops   and  109432 exclusive pairs
time:  25,   231 facts and    3720 exclusive pairs
             655 ops   and  118192 exclusive pairs
time:  26,   259 facts and    5132 exclusive pairs
             712 ops   and  141170 exclusive pairs
time:  27,   260 facts and    4449 exclusive pairs
             743 ops   and  150592 exclusive pairs
time:  28,   289 facts and    5994 exclusive pairs
             801 ops   and  176897 exclusive pairs
time:  29,   289 facts and    5210 exclusive pairs
             801 ops   and  169098 exclusive pairs
time:  30,   289 facts and    4608 exclusive pairs
graph has leveled off at time step 31


             801 ops   and  167712 exclusive pairs
time:  31,   289 facts and    4608 exclusive pairs
             801 ops   and  167712 exclusive pairs
time:  32,   289 facts and    4608 exclusive pairs
             801 ops   and  167712 exclusive pairs
time:  33,   289 facts and    4608 exclusive pairs
             801 ops   and  167712 exclusive pairs
time:  34,   289 facts and    4608 exclusive pairs
             801 ops   and  167712 exclusive pairs
time:  35,   289 facts and    4608 exclusive pairs
             801 ops   and  167712 exclusive pairs
time:  36,   289 facts and    4608 exclusive pairs
             801 ops   and  167712 exclusive pairs
time:  37,   289 facts and    4608 exclusive pairs
             801 ops   and  167712 exclusive pairs
time:  38,   289 facts and    4608 exclusive pairs
             801 ops   and  167712 exclusive pairs
time:  39,   289 facts and    4608 exclusive pairs

creating thin gp-based encoding...
plan graph layer 0...
plan graph layer 1...
plan graph layer 2...
plan graph layer 3...
plan graph layer 4...
plan graph layer 5...
plan graph layer 6...
plan graph layer 7...
plan graph layer 8...
plan graph layer 9...
plan graph layer 10...
plan graph layer 11...
plan graph layer 12...
plan graph layer 13...
plan graph layer 14...
plan graph layer 15...
plan graph layer 16...
plan graph layer 17...
plan graph layer 18...
plan graph layer 19...
plan graph layer 20...
plan graph layer 21...
plan graph layer 22...
plan graph layer 23...
plan graph layer 24...
plan graph layer 25...
plan graph layer 26...
plan graph layer 27...
plan graph layer 28...
plan graph layer 29...
plan graph layer 30...
plan graph layer 31...
plan graph layer 32...
plan graph layer 33...
plan graph layer 34...
plan graph layer 35...
plan graph layer 36...
plan graph layer 37...
plan graph layer 38...
plan graph layer 39...
goal constraints...
exclusion constraints layer 0...
exclusion constraints layer 1...
exclusion constraints layer 2...
exclusion constraints layer 3...
exclusion constraints layer 4...
exclusion constraints layer 5...
exclusion constraints layer 6...
exclusion constraints layer 7...
exclusion constraints layer 8...
exclusion constraints layer 9...
exclusion constraints layer 10...
exclusion constraints layer 11...
exclusion constraints layer 12...
exclusion constraints layer 13...
exclusion constraints layer 14...
exclusion constraints layer 15...
exclusion constraints layer 16...
exclusion constraints layer 17...
exclusion constraints layer 18...
exclusion constraints layer 19...
exclusion constraints layer 20...
exclusion constraints layer 21...
exclusion constraints layer 22...
exclusion constraints layer 23...
exclusion constraints layer 24...
exclusion constraints layer 25...
exclusion constraints layer 26...
exclusion constraints layer 27...
exclusion constraints layer 28...
exclusion constraints layer 29...
exclusion constraints layer 30...
exclusion constraints layer 31...
exclusion constraints layer 32...
exclusion constraints layer 33...
exclusion constraints layer 34...
exclusion constraints layer 35...
exclusion constraints layer 36...
exclusion constraints layer 37...
exclusion constraints layer 38...
exclusion constraints layer 39...

DECISION LAYER 39, WRITING THIN GP-BASED ENCODING WITH 24051 VARS, 1961458 CLAUSES.

time spent:    0.00 seconds instantiating 544 action templates
               0.00 seconds reachability analysis, yielding 305 facts and 544 actions
               0.00 seconds collecting 305 relevant facts
               0.00 seconds building connectivity graph
               0.00 seconds building (std) graph
               0.44 seconds CNF output time
               0.44 seconds total planner time (solving not included)


***Solving***


[ filemap ]
[ extract ]

variables : 24051
pure lits : 293

1-clauses : 15
2-clauses : 1955211
3-clauses : 5362
n-clauses : 870
discarded : 0

[ solve ]


unsatisfiable                             

[ stats ]

decisions : 9977
conflicts : 343
time : ~0.022

***UNSAT***


bb: parsing domain file
domain 'BLOCKS' defined
 ... done.
bb: parsing problem file
problem 'BLOCKS-16-2' defined
 ... done.


time:   0,    19 facts and       0 exclusive pairs
              21 ops   and       7 exclusive pairs
time:   1,    23 facts and      16 exclusive pairs
              31 ops   and      98 exclusive pairs
time:   2,    27 facts and      36 exclusive pairs
              41 ops   and     269 exclusive pairs
time:   3,    30 facts and      58 exclusive pairs
              53 ops   and     590 exclusive pairs
time:   4,    37 facts and     141 exclusive pairs
              70 ops   and    1260 exclusive pairs
time:   5,    41 facts and     180 exclusive pairs
              85 ops   and    1988 exclusive pairs
time:   6,    49 facts and     308 exclusive pairs
             102 ops   and    2992 exclusive pairs
time:   7,    51 facts and     268 exclusive pairs
             115 ops   and    3719 exclusive pairs
time:   8,    61 facts and     454 exclusive pairs
             136 ops   and    5390 exclusive pairs
time:   9,    63 facts and     400 exclusive pairs
             151 ops   and    6520 exclusive pairs
time:  10,    75 facts and     668 exclusive pairs
             176 ops   and    9122 exclusive pairs
time:  11,    77 facts and     591 exclusive pairs
             193 ops   and   10756 exclusive pairs
time:  12,    91 facts and     953 exclusive pairs
             222 ops   and   14554 exclusive pairs
time:  13,    93 facts and     834 exclusive pairs
             241 ops   and   16774 exclusive pairs
time:  14,   109 facts and    1304 exclusive pairs
             274 ops   and   22082 exclusive pairs
time:  15,   111 facts and    1135 exclusive pairs
             295 ops   and   25012 exclusive pairs
time:  16,   129 facts and    1727 exclusive pairs
             332 ops   and   32180 exclusive pairs
time:  17,   131 facts and    1500 exclusive pairs
             355 ops   and   35956 exclusive pairs
time:  18,   151 facts and    2228 exclusive pairs
             396 ops   and   45370 exclusive pairs
time:  19,   153 facts and    1935 exclusive pairs
             421 ops   and   50140 exclusive pairs
time:  20,   175 facts and    2813 exclusive pairs
             466 ops   and   62222 exclusive pairs
time:  21,   177 facts and    2446 exclusive pairs
             493 ops   and   68146 exclusive pairs
time:  22,   201 facts and    3488 exclusive pairs
             542 ops   and   83354 exclusive pairs
time:  23,   203 facts and    3039 exclusive pairs
             571 ops   and   90604 exclusive pairs
time:  24,   229 facts and    4259 exclusive pairs
             624 ops   and  109432 exclusive pairs
time:  25,   231 facts and    3720 exclusive pairs
             655 ops   and  118192 exclusive pairs
time:  26,   259 facts and    5132 exclusive pairs
             712 ops   and  141170 exclusive pairs
time:  27,   260 facts and    4449 exclusive pairs
             743 ops   and  150592 exclusive pairs
time:  28,   289 facts and    5994 exclusive pairs
             801 ops   and  176897 exclusive pairs
time:  29,   289 facts and    5210 exclusive pairs
             801 ops   and  169098 exclusive pairs
time:  30,   289 facts and    4608 exclusive pairs
graph has leveled off at time step 31


             801 ops   and  167712 exclusive pairs
time:  31,   289 facts and    4608 exclusive pairs
             801 ops   and  167712 exclusive pairs
time:  32,   289 facts and    4608 exclusive pairs
             801 ops   and  167712 exclusive pairs
time:  33,   289 facts and    4608 exclusive pairs
             801 ops   and  167712 exclusive pairs
time:  34,   289 facts and    4608 exclusive pairs
             801 ops   and  167712 exclusive pairs
time:  35,   289 facts and    4608 exclusive pairs
             801 ops   and  167712 exclusive pairs
time:  36,   289 facts and    4608 exclusive pairs
             801 ops   and  167712 exclusive pairs
time:  37,   289 facts and    4608 exclusive pairs
             801 ops   and  167712 exclusive pairs
time:  38,   289 facts and    4608 exclusive pairs
             801 ops   and  167712 exclusive pairs
time:  39,   289 facts and    4608 exclusive pairs
             801 ops   and  167712 exclusive pairs
time:  40,   289 facts and    4608 exclusive pairs

creating thin gp-based encoding...
plan graph layer 0...
plan graph layer 1...
plan graph layer 2...
plan graph layer 3...
plan graph layer 4...
plan graph layer 5...
plan graph layer 6...
plan graph layer 7...
plan graph layer 8...
plan graph layer 9...
plan graph layer 10...
plan graph layer 11...
plan graph layer 12...
plan graph layer 13...
plan graph layer 14...
plan graph layer 15...
plan graph layer 16...
plan graph layer 17...
plan graph layer 18...
plan graph layer 19...
plan graph layer 20...
plan graph layer 21...
plan graph layer 22...
plan graph layer 23...
plan graph layer 24...
plan graph layer 25...
plan graph layer 26...
plan graph layer 27...
plan graph layer 28...
plan graph layer 29...
plan graph layer 30...
plan graph layer 31...
plan graph layer 32...
plan graph layer 33...
plan graph layer 34...
plan graph layer 35...
plan graph layer 36...
plan graph layer 37...
plan graph layer 38...
plan graph layer 39...
plan graph layer 40...
goal constraints...
exclusion constraints layer 0...
exclusion constraints layer 1...
exclusion constraints layer 2...
exclusion constraints layer 3...
exclusion constraints layer 4...
exclusion constraints layer 5...
exclusion constraints layer 6...
exclusion constraints layer 7...
exclusion constraints layer 8...
exclusion constraints layer 9...
exclusion constraints layer 10...
exclusion constraints layer 11...
exclusion constraints layer 12...
exclusion constraints layer 13...
exclusion constraints layer 14...
exclusion constraints layer 15...
exclusion constraints layer 16...
exclusion constraints layer 17...
exclusion constraints layer 18...
exclusion constraints layer 19...
exclusion constraints layer 20...
exclusion constraints layer 21...
exclusion constraints layer 22...
exclusion constraints layer 23...
exclusion constraints layer 24...
exclusion constraints layer 25...
exclusion constraints layer 26...
exclusion constraints layer 27...
exclusion constraints layer 28...
exclusion constraints layer 29...
exclusion constraints layer 30...
exclusion constraints layer 31...
exclusion constraints layer 32...
exclusion constraints layer 33...
exclusion constraints layer 34...
exclusion constraints layer 35...
exclusion constraints layer 36...
exclusion constraints layer 37...
exclusion constraints layer 38...
exclusion constraints layer 39...
exclusion constraints layer 40...

DECISION LAYER 40, WRITING THIN GP-BASED ENCODING WITH 25141 VARS, 2074668 CLAUSES.

time spent:    0.00 seconds instantiating 544 action templates
               0.00 seconds reachability analysis, yielding 305 facts and 544 actions
               0.00 seconds collecting 305 relevant facts
               0.00 seconds building connectivity graph
               0.00 seconds building (std) graph
               0.46 seconds CNF output time
               0.46 seconds total planner time (solving not included)


***Solving***


[ filemap ]
[ extract ]

variables : 25141
pure lits : 293

1-clauses : 15
2-clauses : 2068132
3-clauses : 5618
n-clauses : 903
discarded : 0

[ solve ]


unsatisfiable                             

[ stats ]

decisions : 32591
conflicts : 2330
time : ~0.142

***UNSAT***


bb: parsing domain file
domain 'BLOCKS' defined
 ... done.
bb: parsing problem file
problem 'BLOCKS-16-2' defined
 ... done.


time:   0,    19 facts and       0 exclusive pairs
              21 ops   and       7 exclusive pairs
time:   1,    23 facts and      16 exclusive pairs
              31 ops   and      98 exclusive pairs
time:   2,    27 facts and      36 exclusive pairs
              41 ops   and     269 exclusive pairs
time:   3,    30 facts and      58 exclusive pairs
              53 ops   and     590 exclusive pairs
time:   4,    37 facts and     141 exclusive pairs
              70 ops   and    1260 exclusive pairs
time:   5,    41 facts and     180 exclusive pairs
              85 ops   and    1988 exclusive pairs
time:   6,    49 facts and     308 exclusive pairs
             102 ops   and    2992 exclusive pairs
time:   7,    51 facts and     268 exclusive pairs
             115 ops   and    3719 exclusive pairs
time:   8,    61 facts and     454 exclusive pairs
             136 ops   and    5390 exclusive pairs
time:   9,    63 facts and     400 exclusive pairs
             151 ops   and    6520 exclusive pairs
time:  10,    75 facts and     668 exclusive pairs
             176 ops   and    9122 exclusive pairs
time:  11,    77 facts and     591 exclusive pairs
             193 ops   and   10756 exclusive pairs
time:  12,    91 facts and     953 exclusive pairs
             222 ops   and   14554 exclusive pairs
time:  13,    93 facts and     834 exclusive pairs
             241 ops   and   16774 exclusive pairs
time:  14,   109 facts and    1304 exclusive pairs
             274 ops   and   22082 exclusive pairs
time:  15,   111 facts and    1135 exclusive pairs
             295 ops   and   25012 exclusive pairs
time:  16,   129 facts and    1727 exclusive pairs
             332 ops   and   32180 exclusive pairs
time:  17,   131 facts and    1500 exclusive pairs
             355 ops   and   35956 exclusive pairs
time:  18,   151 facts and    2228 exclusive pairs
             396 ops   and   45370 exclusive pairs
time:  19,   153 facts and    1935 exclusive pairs
             421 ops   and   50140 exclusive pairs
time:  20,   175 facts and    2813 exclusive pairs
             466 ops   and   62222 exclusive pairs
time:  21,   177 facts and    2446 exclusive pairs
             493 ops   and   68146 exclusive pairs
time:  22,   201 facts and    3488 exclusive pairs
             542 ops   and   83354 exclusive pairs
time:  23,   203 facts and    3039 exclusive pairs
             571 ops   and   90604 exclusive pairs
time:  24,   229 facts and    4259 exclusive pairs
             624 ops   and  109432 exclusive pairs
time:  25,   231 facts and    3720 exclusive pairs
             655 ops   and  118192 exclusive pairs
time:  26,   259 facts and    5132 exclusive pairs
             712 ops   and  141170 exclusive pairs
time:  27,   260 facts and    4449 exclusive pairs
             743 ops   and  150592 exclusive pairs
time:  28,   289 facts and    5994 exclusive pairs
             801 ops   and  176897 exclusive pairs
time:  29,   289 facts and    5210 exclusive pairs
             801 ops   and  169098 exclusive pairs
time:  30,   289 facts and    4608 exclusive pairs
graph has leveled off at time step 31


             801 ops   and  167712 exclusive pairs
time:  31,   289 facts and    4608 exclusive pairs
             801 ops   and  167712 exclusive pairs
time:  32,   289 facts and    4608 exclusive pairs
             801 ops   and  167712 exclusive pairs
time:  33,   289 facts and    4608 exclusive pairs
             801 ops   and  167712 exclusive pairs
time:  34,   289 facts and    4608 exclusive pairs
             801 ops   and  167712 exclusive pairs
time:  35,   289 facts and    4608 exclusive pairs
             801 ops   and  167712 exclusive pairs
time:  36,   289 facts and    4608 exclusive pairs
             801 ops   and  167712 exclusive pairs
time:  37,   289 facts and    4608 exclusive pairs
             801 ops   and  167712 exclusive pairs
time:  38,   289 facts and    4608 exclusive pairs
             801 ops   and  167712 exclusive pairs
time:  39,   289 facts and    4608 exclusive pairs
             801 ops   and  167712 exclusive pairs
time:  40,   289 facts and    4608 exclusive pairs
             801 ops   and  167712 exclusive pairs
time:  41,   289 facts and    4608 exclusive pairs

creating thin gp-based encoding...
plan graph layer 0...
plan graph layer 1...
plan graph layer 2...
plan graph layer 3...
plan graph layer 4...
plan graph layer 5...
plan graph layer 6...
plan graph layer 7...
plan graph layer 8...
plan graph layer 9...
plan graph layer 10...
plan graph layer 11...
plan graph layer 12...
plan graph layer 13...
plan graph layer 14...
plan graph layer 15...
plan graph layer 16...
plan graph layer 17...
plan graph layer 18...
plan graph layer 19...
plan graph layer 20...
plan graph layer 21...
plan graph layer 22...
plan graph layer 23...
plan graph layer 24...
plan graph layer 25...
plan graph layer 26...
plan graph layer 27...
plan graph layer 28...
plan graph layer 29...
plan graph layer 30...
plan graph layer 31...
plan graph layer 32...
plan graph layer 33...
plan graph layer 34...
plan graph layer 35...
plan graph layer 36...
plan graph layer 37...
plan graph layer 38...
plan graph layer 39...
plan graph layer 40...
plan graph layer 41...
goal constraints...
exclusion constraints layer 0...
exclusion constraints layer 1...
exclusion constraints layer 2...
exclusion constraints layer 3...
exclusion constraints layer 4...
exclusion constraints layer 5...
exclusion constraints layer 6...
exclusion constraints layer 7...
exclusion constraints layer 8...
exclusion constraints layer 9...
exclusion constraints layer 10...
exclusion constraints layer 11...
exclusion constraints layer 12...
exclusion constraints layer 13...
exclusion constraints layer 14...
exclusion constraints layer 15...
exclusion constraints layer 16...
exclusion constraints layer 17...
exclusion constraints layer 18...
exclusion constraints layer 19...
exclusion constraints layer 20...
exclusion constraints layer 21...
exclusion constraints layer 22...
exclusion constraints layer 23...
exclusion constraints layer 24...
exclusion constraints layer 25...
exclusion constraints layer 26...
exclusion constraints layer 27...
exclusion constraints layer 28...
exclusion constraints layer 29...
exclusion constraints layer 30...
exclusion constraints layer 31...
exclusion constraints layer 32...
exclusion constraints layer 33...
exclusion constraints layer 34...
exclusion constraints layer 35...
exclusion constraints layer 36...
exclusion constraints layer 37...
exclusion constraints layer 38...
exclusion constraints layer 39...
exclusion constraints layer 40...
exclusion constraints layer 41...

DECISION LAYER 41, WRITING THIN GP-BASED ENCODING WITH 26231 VARS, 2187878 CLAUSES.

time spent:    0.00 seconds instantiating 544 action templates
               0.00 seconds reachability analysis, yielding 305 facts and 544 actions
               0.00 seconds collecting 305 relevant facts
               0.00 seconds building connectivity graph
               0.00 seconds building (std) graph
               0.49 seconds CNF output time
               0.49 seconds total planner time (solving not included)


***Solving***


[ filemap ]
[ extract ]

variables : 26231
pure lits : 293

1-clauses : 15
2-clauses : 2181053
3-clauses : 5874
n-clauses : 936
discarded : 0

[ solve ]


unsatisfiable                             

[ stats ]

decisions : 10189
conflicts : 429
time : ~0.021

***UNSAT***


bb: parsing domain file
domain 'BLOCKS' defined
 ... done.
bb: parsing problem file
problem 'BLOCKS-16-2' defined
 ... done.


time:   0,    19 facts and       0 exclusive pairs
              21 ops   and       7 exclusive pairs
time:   1,    23 facts and      16 exclusive pairs
              31 ops   and      98 exclusive pairs
time:   2,    27 facts and      36 exclusive pairs
              41 ops   and     269 exclusive pairs
time:   3,    30 facts and      58 exclusive pairs
              53 ops   and     590 exclusive pairs
time:   4,    37 facts and     141 exclusive pairs
              70 ops   and    1260 exclusive pairs
time:   5,    41 facts and     180 exclusive pairs
              85 ops   and    1988 exclusive pairs
time:   6,    49 facts and     308 exclusive pairs
             102 ops   and    2992 exclusive pairs
time:   7,    51 facts and     268 exclusive pairs
             115 ops   and    3719 exclusive pairs
time:   8,    61 facts and     454 exclusive pairs
             136 ops   and    5390 exclusive pairs
time:   9,    63 facts and     400 exclusive pairs
             151 ops   and    6520 exclusive pairs
time:  10,    75 facts and     668 exclusive pairs
             176 ops   and    9122 exclusive pairs
time:  11,    77 facts and     591 exclusive pairs
             193 ops   and   10756 exclusive pairs
time:  12,    91 facts and     953 exclusive pairs
             222 ops   and   14554 exclusive pairs
time:  13,    93 facts and     834 exclusive pairs
             241 ops   and   16774 exclusive pairs
time:  14,   109 facts and    1304 exclusive pairs
             274 ops   and   22082 exclusive pairs
time:  15,   111 facts and    1135 exclusive pairs
             295 ops   and   25012 exclusive pairs
time:  16,   129 facts and    1727 exclusive pairs
             332 ops   and   32180 exclusive pairs
time:  17,   131 facts and    1500 exclusive pairs
             355 ops   and   35956 exclusive pairs
time:  18,   151 facts and    2228 exclusive pairs
             396 ops   and   45370 exclusive pairs
time:  19,   153 facts and    1935 exclusive pairs
             421 ops   and   50140 exclusive pairs
time:  20,   175 facts and    2813 exclusive pairs
             466 ops   and   62222 exclusive pairs
time:  21,   177 facts and    2446 exclusive pairs
             493 ops   and   68146 exclusive pairs
time:  22,   201 facts and    3488 exclusive pairs
             542 ops   and   83354 exclusive pairs
time:  23,   203 facts and    3039 exclusive pairs
             571 ops   and   90604 exclusive pairs
time:  24,   229 facts and    4259 exclusive pairs
             624 ops   and  109432 exclusive pairs
time:  25,   231 facts and    3720 exclusive pairs
             655 ops   and  118192 exclusive pairs
time:  26,   259 facts and    5132 exclusive pairs
             712 ops   and  141170 exclusive pairs
time:  27,   260 facts and    4449 exclusive pairs
             743 ops   and  150592 exclusive pairs
time:  28,   289 facts and    5994 exclusive pairs
             801 ops   and  176897 exclusive pairs
time:  29,   289 facts and    5210 exclusive pairs
             801 ops   and  169098 exclusive pairs
time:  30,   289 facts and    4608 exclusive pairs
graph has leveled off at time step 31


             801 ops   and  167712 exclusive pairs
time:  31,   289 facts and    4608 exclusive pairs
             801 ops   and  167712 exclusive pairs
time:  32,   289 facts and    4608 exclusive pairs
             801 ops   and  167712 exclusive pairs
time:  33,   289 facts and    4608 exclusive pairs
             801 ops   and  167712 exclusive pairs
time:  34,   289 facts and    4608 exclusive pairs
             801 ops   and  167712 exclusive pairs
time:  35,   289 facts and    4608 exclusive pairs
             801 ops   and  167712 exclusive pairs
time:  36,   289 facts and    4608 exclusive pairs
             801 ops   and  167712 exclusive pairs
time:  37,   289 facts and    4608 exclusive pairs
             801 ops   and  167712 exclusive pairs
time:  38,   289 facts and    4608 exclusive pairs
             801 ops   and  167712 exclusive pairs
time:  39,   289 facts and    4608 exclusive pairs
             801 ops   and  167712 exclusive pairs
time:  40,   289 facts and    4608 exclusive pairs
             801 ops   and  167712 exclusive pairs
time:  41,   289 facts and    4608 exclusive pairs
             801 ops   and  167712 exclusive pairs
time:  42,   289 facts and    4608 exclusive pairs

creating thin gp-based encoding...
plan graph layer 0...
plan graph layer 1...
plan graph layer 2...
plan graph layer 3...
plan graph layer 4...
plan graph layer 5...
plan graph layer 6...
plan graph layer 7...
plan graph layer 8...
plan graph layer 9...
plan graph layer 10...
plan graph layer 11...
plan graph layer 12...
plan graph layer 13...
plan graph layer 14...
plan graph layer 15...
plan graph layer 16...
plan graph layer 17...
plan graph layer 18...
plan graph layer 19...
plan graph layer 20...
plan graph layer 21...
plan graph layer 22...
plan graph layer 23...
plan graph layer 24...
plan graph layer 25...
plan graph layer 26...
plan graph layer 27...
plan graph layer 28...
plan graph layer 29...
plan graph layer 30...
plan graph layer 31...
plan graph layer 32...
plan graph layer 33...
plan graph layer 34...
plan graph layer 35...
plan graph layer 36...
plan graph layer 37...
plan graph layer 38...
plan graph layer 39...
plan graph layer 40...
plan graph layer 41...
plan graph layer 42...
goal constraints...
exclusion constraints layer 0...
exclusion constraints layer 1...
exclusion constraints layer 2...
exclusion constraints layer 3...
exclusion constraints layer 4...
exclusion constraints layer 5...
exclusion constraints layer 6...
exclusion constraints layer 7...
exclusion constraints layer 8...
exclusion constraints layer 9...
exclusion constraints layer 10...
exclusion constraints layer 11...
exclusion constraints layer 12...
exclusion constraints layer 13...
exclusion constraints layer 14...
exclusion constraints layer 15...
exclusion constraints layer 16...
exclusion constraints layer 17...
exclusion constraints layer 18...
exclusion constraints layer 19...
exclusion constraints layer 20...
exclusion constraints layer 21...
exclusion constraints layer 22...
exclusion constraints layer 23...
exclusion constraints layer 24...
exclusion constraints layer 25...
exclusion constraints layer 26...
exclusion constraints layer 27...
exclusion constraints layer 28...
exclusion constraints layer 29...
exclusion constraints layer 30...
exclusion constraints layer 31...
exclusion constraints layer 32...
exclusion constraints layer 33...
exclusion constraints layer 34...
exclusion constraints layer 35...
exclusion constraints layer 36...
exclusion constraints layer 37...
exclusion constraints layer 38...
exclusion constraints layer 39...
exclusion constraints layer 40...
exclusion constraints layer 41...
exclusion constraints layer 42...

DECISION LAYER 42, WRITING THIN GP-BASED ENCODING WITH 27321 VARS, 2301088 CLAUSES.

time spent:    0.00 seconds instantiating 544 action templates
               0.00 seconds reachability analysis, yielding 305 facts and 544 actions
               0.00 seconds collecting 305 relevant facts
               0.00 seconds building connectivity graph
               0.00 seconds building (std) graph
               0.52 seconds CNF output time
               0.52 seconds total planner time (solving not included)


***Solving***


[ filemap ]
[ extract ]

variables : 27321
pure lits : 293

1-clauses : 15
2-clauses : 2293974
3-clauses : 6130
n-clauses : 969
discarded : 0

[ solve ]


unsatisfiable                             

[ stats ]

decisions : 38182
conflicts : 1674
time : ~0.088

***UNSAT***


bb: parsing domain file
domain 'BLOCKS' defined
 ... done.
bb: parsing problem file
problem 'BLOCKS-16-2' defined
 ... done.


time:   0,    19 facts and       0 exclusive pairs
              21 ops   and       7 exclusive pairs
time:   1,    23 facts and      16 exclusive pairs
              31 ops   and      98 exclusive pairs
time:   2,    27 facts and      36 exclusive pairs
              41 ops   and     269 exclusive pairs
time:   3,    30 facts and      58 exclusive pairs
              53 ops   and     590 exclusive pairs
time:   4,    37 facts and     141 exclusive pairs
              70 ops   and    1260 exclusive pairs
time:   5,    41 facts and     180 exclusive pairs
              85 ops   and    1988 exclusive pairs
time:   6,    49 facts and     308 exclusive pairs
             102 ops   and    2992 exclusive pairs
time:   7,    51 facts and     268 exclusive pairs
             115 ops   and    3719 exclusive pairs
time:   8,    61 facts and     454 exclusive pairs
             136 ops   and    5390 exclusive pairs
time:   9,    63 facts and     400 exclusive pairs
             151 ops   and    6520 exclusive pairs
time:  10,    75 facts and     668 exclusive pairs
             176 ops   and    9122 exclusive pairs
time:  11,    77 facts and     591 exclusive pairs
             193 ops   and   10756 exclusive pairs
time:  12,    91 facts and     953 exclusive pairs
             222 ops   and   14554 exclusive pairs
time:  13,    93 facts and     834 exclusive pairs
             241 ops   and   16774 exclusive pairs
time:  14,   109 facts and    1304 exclusive pairs
             274 ops   and   22082 exclusive pairs
time:  15,   111 facts and    1135 exclusive pairs
             295 ops   and   25012 exclusive pairs
time:  16,   129 facts and    1727 exclusive pairs
             332 ops   and   32180 exclusive pairs
time:  17,   131 facts and    1500 exclusive pairs
             355 ops   and   35956 exclusive pairs
time:  18,   151 facts and    2228 exclusive pairs
             396 ops   and   45370 exclusive pairs
time:  19,   153 facts and    1935 exclusive pairs
             421 ops   and   50140 exclusive pairs
time:  20,   175 facts and    2813 exclusive pairs
             466 ops   and   62222 exclusive pairs
time:  21,   177 facts and    2446 exclusive pairs
             493 ops   and   68146 exclusive pairs
time:  22,   201 facts and    3488 exclusive pairs
             542 ops   and   83354 exclusive pairs
time:  23,   203 facts and    3039 exclusive pairs
             571 ops   and   90604 exclusive pairs
time:  24,   229 facts and    4259 exclusive pairs
             624 ops   and  109432 exclusive pairs
time:  25,   231 facts and    3720 exclusive pairs
             655 ops   and  118192 exclusive pairs
time:  26,   259 facts and    5132 exclusive pairs
             712 ops   and  141170 exclusive pairs
time:  27,   260 facts and    4449 exclusive pairs
             743 ops   and  150592 exclusive pairs
time:  28,   289 facts and    5994 exclusive pairs
             801 ops   and  176897 exclusive pairs
time:  29,   289 facts and    5210 exclusive pairs
             801 ops   and  169098 exclusive pairs
time:  30,   289 facts and    4608 exclusive pairs
graph has leveled off at time step 31


             801 ops   and  167712 exclusive pairs
time:  31,   289 facts and    4608 exclusive pairs
             801 ops   and  167712 exclusive pairs
time:  32,   289 facts and    4608 exclusive pairs
             801 ops   and  167712 exclusive pairs
time:  33,   289 facts and    4608 exclusive pairs
             801 ops   and  167712 exclusive pairs
time:  34,   289 facts and    4608 exclusive pairs
             801 ops   and  167712 exclusive pairs
time:  35,   289 facts and    4608 exclusive pairs
             801 ops   and  167712 exclusive pairs
time:  36,   289 facts and    4608 exclusive pairs
             801 ops   and  167712 exclusive pairs
time:  37,   289 facts and    4608 exclusive pairs
             801 ops   and  167712 exclusive pairs
time:  38,   289 facts and    4608 exclusive pairs
             801 ops   and  167712 exclusive pairs
time:  39,   289 facts and    4608 exclusive pairs
             801 ops   and  167712 exclusive pairs
time:  40,   289 facts and    4608 exclusive pairs
             801 ops   and  167712 exclusive pairs
time:  41,   289 facts and    4608 exclusive pairs
             801 ops   and  167712 exclusive pairs
time:  42,   289 facts and    4608 exclusive pairs
             801 ops   and  167712 exclusive pairs
time:  43,   289 facts and    4608 exclusive pairs

creating thin gp-based encoding...
plan graph layer 0...
plan graph layer 1...
plan graph layer 2...
plan graph layer 3...
plan graph layer 4...
plan graph layer 5...
plan graph layer 6...
plan graph layer 7...
plan graph layer 8...
plan graph layer 9...
plan graph layer 10...
plan graph layer 11...
plan graph layer 12...
plan graph layer 13...
plan graph layer 14...
plan graph layer 15...
plan graph layer 16...
plan graph layer 17...
plan graph layer 18...
plan graph layer 19...
plan graph layer 20...
plan graph layer 21...
plan graph layer 22...
plan graph layer 23...
plan graph layer 24...
plan graph layer 25...
plan graph layer 26...
plan graph layer 27...
plan graph layer 28...
plan graph layer 29...
plan graph layer 30...
plan graph layer 31...
plan graph layer 32...
plan graph layer 33...
plan graph layer 34...
plan graph layer 35...
plan graph layer 36...
plan graph layer 37...
plan graph layer 38...
plan graph layer 39...
plan graph layer 40...
plan graph layer 41...
plan graph layer 42...
plan graph layer 43...
goal constraints...
exclusion constraints layer 0...
exclusion constraints layer 1...
exclusion constraints layer 2...
exclusion constraints layer 3...
exclusion constraints layer 4...
exclusion constraints layer 5...
exclusion constraints layer 6...
exclusion constraints layer 7...
exclusion constraints layer 8...
exclusion constraints layer 9...
exclusion constraints layer 10...
exclusion constraints layer 11...
exclusion constraints layer 12...
exclusion constraints layer 13...
exclusion constraints layer 14...
exclusion constraints layer 15...
exclusion constraints layer 16...
exclusion constraints layer 17...
exclusion constraints layer 18...
exclusion constraints layer 19...
exclusion constraints layer 20...
exclusion constraints layer 21...
exclusion constraints layer 22...
exclusion constraints layer 23...
exclusion constraints layer 24...
exclusion constraints layer 25...
exclusion constraints layer 26...
exclusion constraints layer 27...
exclusion constraints layer 28...
exclusion constraints layer 29...
exclusion constraints layer 30...
exclusion constraints layer 31...
exclusion constraints layer 32...
exclusion constraints layer 33...
exclusion constraints layer 34...
exclusion constraints layer 35...
exclusion constraints layer 36...
exclusion constraints layer 37...
exclusion constraints layer 38...
exclusion constraints layer 39...
exclusion constraints layer 40...
exclusion constraints layer 41...
exclusion constraints layer 42...
exclusion constraints layer 43...

DECISION LAYER 43, WRITING THIN GP-BASED ENCODING WITH 28411 VARS, 2414298 CLAUSES.

time spent:    0.00 seconds instantiating 544 action templates
               0.00 seconds reachability analysis, yielding 305 facts and 544 actions
               0.00 seconds collecting 305 relevant facts
               0.00 seconds building connectivity graph
               0.00 seconds building (std) graph
               0.55 seconds CNF output time
               0.55 seconds total planner time (solving not included)


***Solving***


[ filemap ]
[ extract ]

variables : 28411
pure lits : 293

1-clauses : 15
2-clauses : 2406895
3-clauses : 6386
n-clauses : 1002
discarded : 0

[ solve ]


unsatisfiable                             

[ stats ]

decisions : 13504
conflicts : 454
time : ~0.024

***UNSAT***


bb: parsing domain file
domain 'BLOCKS' defined
 ... done.
bb: parsing problem file
problem 'BLOCKS-16-2' defined
 ... done.


time:   0,    19 facts and       0 exclusive pairs
              21 ops   and       7 exclusive pairs
time:   1,    23 facts and      16 exclusive pairs
              31 ops   and      98 exclusive pairs
time:   2,    27 facts and      36 exclusive pairs
              41 ops   and     269 exclusive pairs
time:   3,    30 facts and      58 exclusive pairs
              53 ops   and     590 exclusive pairs
time:   4,    37 facts and     141 exclusive pairs
              70 ops   and    1260 exclusive pairs
time:   5,    41 facts and     180 exclusive pairs
              85 ops   and    1988 exclusive pairs
time:   6,    49 facts and     308 exclusive pairs
             102 ops   and    2992 exclusive pairs
time:   7,    51 facts and     268 exclusive pairs
             115 ops   and    3719 exclusive pairs
time:   8,    61 facts and     454 exclusive pairs
             136 ops   and    5390 exclusive pairs
time:   9,    63 facts and     400 exclusive pairs
             151 ops   and    6520 exclusive pairs
time:  10,    75 facts and     668 exclusive pairs
             176 ops   and    9122 exclusive pairs
time:  11,    77 facts and     591 exclusive pairs
             193 ops   and   10756 exclusive pairs
time:  12,    91 facts and     953 exclusive pairs
             222 ops   and   14554 exclusive pairs
time:  13,    93 facts and     834 exclusive pairs
             241 ops   and   16774 exclusive pairs
time:  14,   109 facts and    1304 exclusive pairs
             274 ops   and   22082 exclusive pairs
time:  15,   111 facts and    1135 exclusive pairs
             295 ops   and   25012 exclusive pairs
time:  16,   129 facts and    1727 exclusive pairs
             332 ops   and   32180 exclusive pairs
time:  17,   131 facts and    1500 exclusive pairs
             355 ops   and   35956 exclusive pairs
time:  18,   151 facts and    2228 exclusive pairs
             396 ops   and   45370 exclusive pairs
time:  19,   153 facts and    1935 exclusive pairs
             421 ops   and   50140 exclusive pairs
time:  20,   175 facts and    2813 exclusive pairs
             466 ops   and   62222 exclusive pairs
time:  21,   177 facts and    2446 exclusive pairs
             493 ops   and   68146 exclusive pairs
time:  22,   201 facts and    3488 exclusive pairs
             542 ops   and   83354 exclusive pairs
time:  23,   203 facts and    3039 exclusive pairs
             571 ops   and   90604 exclusive pairs
time:  24,   229 facts and    4259 exclusive pairs
             624 ops   and  109432 exclusive pairs
time:  25,   231 facts and    3720 exclusive pairs
             655 ops   and  118192 exclusive pairs
time:  26,   259 facts and    5132 exclusive pairs
             712 ops   and  141170 exclusive pairs
time:  27,   260 facts and    4449 exclusive pairs
             743 ops   and  150592 exclusive pairs
time:  28,   289 facts and    5994 exclusive pairs
             801 ops   and  176897 exclusive pairs
time:  29,   289 facts and    5210 exclusive pairs
             801 ops   and  169098 exclusive pairs
time:  30,   289 facts and    4608 exclusive pairs
graph has leveled off at time step 31


             801 ops   and  167712 exclusive pairs
time:  31,   289 facts and    4608 exclusive pairs
             801 ops   and  167712 exclusive pairs
time:  32,   289 facts and    4608 exclusive pairs
             801 ops   and  167712 exclusive pairs
time:  33,   289 facts and    4608 exclusive pairs
             801 ops   and  167712 exclusive pairs
time:  34,   289 facts and    4608 exclusive pairs
             801 ops   and  167712 exclusive pairs
time:  35,   289 facts and    4608 exclusive pairs
             801 ops   and  167712 exclusive pairs
time:  36,   289 facts and    4608 exclusive pairs
             801 ops   and  167712 exclusive pairs
time:  37,   289 facts and    4608 exclusive pairs
             801 ops   and  167712 exclusive pairs
time:  38,   289 facts and    4608 exclusive pairs
             801 ops   and  167712 exclusive pairs
time:  39,   289 facts and    4608 exclusive pairs
             801 ops   and  167712 exclusive pairs
time:  40,   289 facts and    4608 exclusive pairs
             801 ops   and  167712 exclusive pairs
time:  41,   289 facts and    4608 exclusive pairs
             801 ops   and  167712 exclusive pairs
time:  42,   289 facts and    4608 exclusive pairs
             801 ops   and  167712 exclusive pairs
time:  43,   289 facts and    4608 exclusive pairs
             801 ops   and  167712 exclusive pairs
time:  44,   289 facts and    4608 exclusive pairs

creating thin gp-based encoding...
plan graph layer 0...
plan graph layer 1...
plan graph layer 2...
plan graph layer 3...
plan graph layer 4...
plan graph layer 5...
plan graph layer 6...
plan graph layer 7...
plan graph layer 8...
plan graph layer 9...
plan graph layer 10...
plan graph layer 11...
plan graph layer 12...
plan graph layer 13...
plan graph layer 14...
plan graph layer 15...
plan graph layer 16...
plan graph layer 17...
plan graph layer 18...
plan graph layer 19...
plan graph layer 20...
plan graph layer 21...
plan graph layer 22...
plan graph layer 23...
plan graph layer 24...
plan graph layer 25...
plan graph layer 26...
plan graph layer 27...
plan graph layer 28...
plan graph layer 29...
plan graph layer 30...
plan graph layer 31...
plan graph layer 32...
plan graph layer 33...
plan graph layer 34...
plan graph layer 35...
plan graph layer 36...
plan graph layer 37...
plan graph layer 38...
plan graph layer 39...
plan graph layer 40...
plan graph layer 41...
plan graph layer 42...
plan graph layer 43...
plan graph layer 44...
goal constraints...
exclusion constraints layer 0...
exclusion constraints layer 1...
exclusion constraints layer 2...
exclusion constraints layer 3...
exclusion constraints layer 4...
exclusion constraints layer 5...
exclusion constraints layer 6...
exclusion constraints layer 7...
exclusion constraints layer 8...
exclusion constraints layer 9...
exclusion constraints layer 10...
exclusion constraints layer 11...
exclusion constraints layer 12...
exclusion constraints layer 13...
exclusion constraints layer 14...
exclusion constraints layer 15...
exclusion constraints layer 16...
exclusion constraints layer 17...
exclusion constraints layer 18...
exclusion constraints layer 19...
exclusion constraints layer 20...
exclusion constraints layer 21...
exclusion constraints layer 22...
exclusion constraints layer 23...
exclusion constraints layer 24...
exclusion constraints layer 25...
exclusion constraints layer 26...
exclusion constraints layer 27...
exclusion constraints layer 28...
exclusion constraints layer 29...
exclusion constraints layer 30...
exclusion constraints layer 31...
exclusion constraints layer 32...
exclusion constraints layer 33...
exclusion constraints layer 34...
exclusion constraints layer 35...
exclusion constraints layer 36...
exclusion constraints layer 37...
exclusion constraints layer 38...
exclusion constraints layer 39...
exclusion constraints layer 40...
exclusion constraints layer 41...
exclusion constraints layer 42...
exclusion constraints layer 43...
exclusion constraints layer 44...

DECISION LAYER 44, WRITING THIN GP-BASED ENCODING WITH 29501 VARS, 2527508 CLAUSES.

time spent:    0.00 seconds instantiating 544 action templates
               0.00 seconds reachability analysis, yielding 305 facts and 544 actions
               0.00 seconds collecting 305 relevant facts
               0.00 seconds building connectivity graph
               0.00 seconds building (std) graph
               0.57 seconds CNF output time
               0.57 seconds total planner time (solving not included)


***Solving***


[ filemap ]
[ extract ]

variables : 29501
pure lits : 293

1-clauses : 15
2-clauses : 2519816
3-clauses : 6642
n-clauses : 1035
discarded : 0

[ solve ]


unsatisfiable                             

[ stats ]

decisions : 17488
conflicts : 1926
time : ~0.106

***UNSAT***


bb: parsing domain file
domain 'BLOCKS' defined
 ... done.
bb: parsing problem file
problem 'BLOCKS-16-2' defined
 ... done.


time:   0,    19 facts and       0 exclusive pairs
              21 ops   and       7 exclusive pairs
time:   1,    23 facts and      16 exclusive pairs
              31 ops   and      98 exclusive pairs
time:   2,    27 facts and      36 exclusive pairs
              41 ops   and     269 exclusive pairs
time:   3,    30 facts and      58 exclusive pairs
              53 ops   and     590 exclusive pairs
time:   4,    37 facts and     141 exclusive pairs
              70 ops   and    1260 exclusive pairs
time:   5,    41 facts and     180 exclusive pairs
              85 ops   and    1988 exclusive pairs
time:   6,    49 facts and     308 exclusive pairs
             102 ops   and    2992 exclusive pairs
time:   7,    51 facts and     268 exclusive pairs
             115 ops   and    3719 exclusive pairs
time:   8,    61 facts and     454 exclusive pairs
             136 ops   and    5390 exclusive pairs
time:   9,    63 facts and     400 exclusive pairs
             151 ops   and    6520 exclusive pairs
time:  10,    75 facts and     668 exclusive pairs
             176 ops   and    9122 exclusive pairs
time:  11,    77 facts and     591 exclusive pairs
             193 ops   and   10756 exclusive pairs
time:  12,    91 facts and     953 exclusive pairs
             222 ops   and   14554 exclusive pairs
time:  13,    93 facts and     834 exclusive pairs
             241 ops   and   16774 exclusive pairs
time:  14,   109 facts and    1304 exclusive pairs
             274 ops   and   22082 exclusive pairs
time:  15,   111 facts and    1135 exclusive pairs
             295 ops   and   25012 exclusive pairs
time:  16,   129 facts and    1727 exclusive pairs
             332 ops   and   32180 exclusive pairs
time:  17,   131 facts and    1500 exclusive pairs
             355 ops   and   35956 exclusive pairs
time:  18,   151 facts and    2228 exclusive pairs
             396 ops   and   45370 exclusive pairs
time:  19,   153 facts and    1935 exclusive pairs
             421 ops   and   50140 exclusive pairs
time:  20,   175 facts and    2813 exclusive pairs
             466 ops   and   62222 exclusive pairs
time:  21,   177 facts and    2446 exclusive pairs
             493 ops   and   68146 exclusive pairs
time:  22,   201 facts and    3488 exclusive pairs
             542 ops   and   83354 exclusive pairs
time:  23,   203 facts and    3039 exclusive pairs
             571 ops   and   90604 exclusive pairs
time:  24,   229 facts and    4259 exclusive pairs
             624 ops   and  109432 exclusive pairs
time:  25,   231 facts and    3720 exclusive pairs
             655 ops   and  118192 exclusive pairs
time:  26,   259 facts and    5132 exclusive pairs
             712 ops   and  141170 exclusive pairs
time:  27,   260 facts and    4449 exclusive pairs
             743 ops   and  150592 exclusive pairs
time:  28,   289 facts and    5994 exclusive pairs
             801 ops   and  176897 exclusive pairs
time:  29,   289 facts and    5210 exclusive pairs
             801 ops   and  169098 exclusive pairs
time:  30,   289 facts and    4608 exclusive pairs
graph has leveled off at time step 31


             801 ops   and  167712 exclusive pairs
time:  31,   289 facts and    4608 exclusive pairs
             801 ops   and  167712 exclusive pairs
time:  32,   289 facts and    4608 exclusive pairs
             801 ops   and  167712 exclusive pairs
time:  33,   289 facts and    4608 exclusive pairs
             801 ops   and  167712 exclusive pairs
time:  34,   289 facts and    4608 exclusive pairs
             801 ops   and  167712 exclusive pairs
time:  35,   289 facts and    4608 exclusive pairs
             801 ops   and  167712 exclusive pairs
time:  36,   289 facts and    4608 exclusive pairs
             801 ops   and  167712 exclusive pairs
time:  37,   289 facts and    4608 exclusive pairs
             801 ops   and  167712 exclusive pairs
time:  38,   289 facts and    4608 exclusive pairs
             801 ops   and  167712 exclusive pairs
time:  39,   289 facts and    4608 exclusive pairs
             801 ops   and  167712 exclusive pairs
time:  40,   289 facts and    4608 exclusive pairs
             801 ops   and  167712 exclusive pairs
time:  41,   289 facts and    4608 exclusive pairs
             801 ops   and  167712 exclusive pairs
time:  42,   289 facts and    4608 exclusive pairs
             801 ops   and  167712 exclusive pairs
time:  43,   289 facts and    4608 exclusive pairs
             801 ops   and  167712 exclusive pairs
time:  44,   289 facts and    4608 exclusive pairs
             801 ops   and  167712 exclusive pairs
time:  45,   289 facts and    4608 exclusive pairs

creating thin gp-based encoding...
plan graph layer 0...
plan graph layer 1...
plan graph layer 2...
plan graph layer 3...
plan graph layer 4...
plan graph layer 5...
plan graph layer 6...
plan graph layer 7...
plan graph layer 8...
plan graph layer 9...
plan graph layer 10...
plan graph layer 11...
plan graph layer 12...
plan graph layer 13...
plan graph layer 14...
plan graph layer 15...
plan graph layer 16...
plan graph layer 17...
plan graph layer 18...
plan graph layer 19...
plan graph layer 20...
plan graph layer 21...
plan graph layer 22...
plan graph layer 23...
plan graph layer 24...
plan graph layer 25...
plan graph layer 26...
plan graph layer 27...
plan graph layer 28...
plan graph layer 29...
plan graph layer 30...
plan graph layer 31...
plan graph layer 32...
plan graph layer 33...
plan graph layer 34...
plan graph layer 35...
plan graph layer 36...
plan graph layer 37...
plan graph layer 38...
plan graph layer 39...
plan graph layer 40...
plan graph layer 41...
plan graph layer 42...
plan graph layer 43...
plan graph layer 44...
plan graph layer 45...
goal constraints...
exclusion constraints layer 0...
exclusion constraints layer 1...
exclusion constraints layer 2...
exclusion constraints layer 3...
exclusion constraints layer 4...
exclusion constraints layer 5...
exclusion constraints layer 6...
exclusion constraints layer 7...
exclusion constraints layer 8...
exclusion constraints layer 9...
exclusion constraints layer 10...
exclusion constraints layer 11...
exclusion constraints layer 12...
exclusion constraints layer 13...
exclusion constraints layer 14...
exclusion constraints layer 15...
exclusion constraints layer 16...
exclusion constraints layer 17...
exclusion constraints layer 18...
exclusion constraints layer 19...
exclusion constraints layer 20...
exclusion constraints layer 21...
exclusion constraints layer 22...
exclusion constraints layer 23...
exclusion constraints layer 24...
exclusion constraints layer 25...
exclusion constraints layer 26...
exclusion constraints layer 27...
exclusion constraints layer 28...
exclusion constraints layer 29...
exclusion constraints layer 30...
exclusion constraints layer 31...
exclusion constraints layer 32...
exclusion constraints layer 33...
exclusion constraints layer 34...
exclusion constraints layer 35...
exclusion constraints layer 36...
exclusion constraints layer 37...
exclusion constraints layer 38...
exclusion constraints layer 39...
exclusion constraints layer 40...
exclusion constraints layer 41...
exclusion constraints layer 42...
exclusion constraints layer 43...
exclusion constraints layer 44...
exclusion constraints layer 45...

DECISION LAYER 45, WRITING THIN GP-BASED ENCODING WITH 30591 VARS, 2640718 CLAUSES.

time spent:    0.00 seconds instantiating 544 action templates
               0.00 seconds reachability analysis, yielding 305 facts and 544 actions
               0.00 seconds collecting 305 relevant facts
               0.00 seconds building connectivity graph
               0.00 seconds building (std) graph
               0.60 seconds CNF output time
               0.60 seconds total planner time (solving not included)


***Solving***


[ filemap ]
[ extract ]

variables : 30591
pure lits : 293

1-clauses : 15
2-clauses : 2632737
3-clauses : 6898
n-clauses : 1068
discarded : 0

[ solve ]


unsatisfiable                             

[ stats ]

decisions : 22991
conflicts : 880
time : ~0.046

***UNSAT***


bb: parsing domain file
domain 'BLOCKS' defined
 ... done.
bb: parsing problem file
problem 'BLOCKS-16-2' defined
 ... done.


time:   0,    19 facts and       0 exclusive pairs
              21 ops   and       7 exclusive pairs
time:   1,    23 facts and      16 exclusive pairs
              31 ops   and      98 exclusive pairs
time:   2,    27 facts and      36 exclusive pairs
              41 ops   and     269 exclusive pairs
time:   3,    30 facts and      58 exclusive pairs
              53 ops   and     590 exclusive pairs
time:   4,    37 facts and     141 exclusive pairs
              70 ops   and    1260 exclusive pairs
time:   5,    41 facts and     180 exclusive pairs
              85 ops   and    1988 exclusive pairs
time:   6,    49 facts and     308 exclusive pairs
             102 ops   and    2992 exclusive pairs
time:   7,    51 facts and     268 exclusive pairs
             115 ops   and    3719 exclusive pairs
time:   8,    61 facts and     454 exclusive pairs
             136 ops   and    5390 exclusive pairs
time:   9,    63 facts and     400 exclusive pairs
             151 ops   and    6520 exclusive pairs
time:  10,    75 facts and     668 exclusive pairs
             176 ops   and    9122 exclusive pairs
time:  11,    77 facts and     591 exclusive pairs
             193 ops   and   10756 exclusive pairs
time:  12,    91 facts and     953 exclusive pairs
             222 ops   and   14554 exclusive pairs
time:  13,    93 facts and     834 exclusive pairs
             241 ops   and   16774 exclusive pairs
time:  14,   109 facts and    1304 exclusive pairs
             274 ops   and   22082 exclusive pairs
time:  15,   111 facts and    1135 exclusive pairs
             295 ops   and   25012 exclusive pairs
time:  16,   129 facts and    1727 exclusive pairs
             332 ops   and   32180 exclusive pairs
time:  17,   131 facts and    1500 exclusive pairs
             355 ops   and   35956 exclusive pairs
time:  18,   151 facts and    2228 exclusive pairs
             396 ops   and   45370 exclusive pairs
time:  19,   153 facts and    1935 exclusive pairs
             421 ops   and   50140 exclusive pairs
time:  20,   175 facts and    2813 exclusive pairs
             466 ops   and   62222 exclusive pairs
time:  21,   177 facts and    2446 exclusive pairs
             493 ops   and   68146 exclusive pairs
time:  22,   201 facts and    3488 exclusive pairs
             542 ops   and   83354 exclusive pairs
time:  23,   203 facts and    3039 exclusive pairs
             571 ops   and   90604 exclusive pairs
time:  24,   229 facts and    4259 exclusive pairs
             624 ops   and  109432 exclusive pairs
time:  25,   231 facts and    3720 exclusive pairs
             655 ops   and  118192 exclusive pairs
time:  26,   259 facts and    5132 exclusive pairs
             712 ops   and  141170 exclusive pairs
time:  27,   260 facts and    4449 exclusive pairs
             743 ops   and  150592 exclusive pairs
time:  28,   289 facts and    5994 exclusive pairs
             801 ops   and  176897 exclusive pairs
time:  29,   289 facts and    5210 exclusive pairs
             801 ops   and  169098 exclusive pairs
time:  30,   289 facts and    4608 exclusive pairs
graph has leveled off at time step 31


             801 ops   and  167712 exclusive pairs
time:  31,   289 facts and    4608 exclusive pairs
             801 ops   and  167712 exclusive pairs
time:  32,   289 facts and    4608 exclusive pairs
             801 ops   and  167712 exclusive pairs
time:  33,   289 facts and    4608 exclusive pairs
             801 ops   and  167712 exclusive pairs
time:  34,   289 facts and    4608 exclusive pairs
             801 ops   and  167712 exclusive pairs
time:  35,   289 facts and    4608 exclusive pairs
             801 ops   and  167712 exclusive pairs
time:  36,   289 facts and    4608 exclusive pairs
             801 ops   and  167712 exclusive pairs
time:  37,   289 facts and    4608 exclusive pairs
             801 ops   and  167712 exclusive pairs
time:  38,   289 facts and    4608 exclusive pairs
             801 ops   and  167712 exclusive pairs
time:  39,   289 facts and    4608 exclusive pairs
             801 ops   and  167712 exclusive pairs
time:  40,   289 facts and    4608 exclusive pairs
             801 ops   and  167712 exclusive pairs
time:  41,   289 facts and    4608 exclusive pairs
             801 ops   and  167712 exclusive pairs
time:  42,   289 facts and    4608 exclusive pairs
             801 ops   and  167712 exclusive pairs
time:  43,   289 facts and    4608 exclusive pairs
             801 ops   and  167712 exclusive pairs
time:  44,   289 facts and    4608 exclusive pairs
             801 ops   and  167712 exclusive pairs
time:  45,   289 facts and    4608 exclusive pairs
             801 ops   and  167712 exclusive pairs
time:  46,   289 facts and    4608 exclusive pairs

creating thin gp-based encoding...
plan graph layer 0...
plan graph layer 1...
plan graph layer 2...
plan graph layer 3...
plan graph layer 4...
plan graph layer 5...
plan graph layer 6...
plan graph layer 7...
plan graph layer 8...
plan graph layer 9...
plan graph layer 10...
plan graph layer 11...
plan graph layer 12...
plan graph layer 13...
plan graph layer 14...
plan graph layer 15...
plan graph layer 16...
plan graph layer 17...
plan graph layer 18...
plan graph layer 19...
plan graph layer 20...
plan graph layer 21...
plan graph layer 22...
plan graph layer 23...
plan graph layer 24...
plan graph layer 25...
plan graph layer 26...
plan graph layer 27...
plan graph layer 28...
plan graph layer 29...
plan graph layer 30...
plan graph layer 31...
plan graph layer 32...
plan graph layer 33...
plan graph layer 34...
plan graph layer 35...
plan graph layer 36...
plan graph layer 37...
plan graph layer 38...
plan graph layer 39...
plan graph layer 40...
plan graph layer 41...
plan graph layer 42...
plan graph layer 43...
plan graph layer 44...
plan graph layer 45...
plan graph layer 46...
goal constraints...
exclusion constraints layer 0...
exclusion constraints layer 1...
exclusion constraints layer 2...
exclusion constraints layer 3...
exclusion constraints layer 4...
exclusion constraints layer 5...
exclusion constraints layer 6...
exclusion constraints layer 7...
exclusion constraints layer 8...
exclusion constraints layer 9...
exclusion constraints layer 10...
exclusion constraints layer 11...
exclusion constraints layer 12...
exclusion constraints layer 13...
exclusion constraints layer 14...
exclusion constraints layer 15...
exclusion constraints layer 16...
exclusion constraints layer 17...
exclusion constraints layer 18...
exclusion constraints layer 19...
exclusion constraints layer 20...
exclusion constraints layer 21...
exclusion constraints layer 22...
exclusion constraints layer 23...
exclusion constraints layer 24...
exclusion constraints layer 25...
exclusion constraints layer 26...
exclusion constraints layer 27...
exclusion constraints layer 28...
exclusion constraints layer 29...
exclusion constraints layer 30...
exclusion constraints layer 31...
exclusion constraints layer 32...
exclusion constraints layer 33...
exclusion constraints layer 34...
exclusion constraints layer 35...
exclusion constraints layer 36...
exclusion constraints layer 37...
exclusion constraints layer 38...
exclusion constraints layer 39...
exclusion constraints layer 40...
exclusion constraints layer 41...
exclusion constraints layer 42...
exclusion constraints layer 43...
exclusion constraints layer 44...
exclusion constraints layer 45...
exclusion constraints layer 46...

DECISION LAYER 46, WRITING THIN GP-BASED ENCODING WITH 31681 VARS, 2753928 CLAUSES.

time spent:    0.00 seconds instantiating 544 action templates
               0.00 seconds reachability analysis, yielding 305 facts and 544 actions
               0.00 seconds collecting 305 relevant facts
               0.00 seconds building connectivity graph
               0.00 seconds building (std) graph
               0.62 seconds CNF output time
               0.62 seconds total planner time (solving not included)


***Solving***


[ filemap ]
[ extract ]

variables : 31681
pure lits : 293

1-clauses : 15
2-clauses : 2745658
3-clauses : 7154
n-clauses : 1101
discarded : 0

[ solve ]


unsatisfiable                             

[ stats ]

decisions : 23325
conflicts : 545
time : ~0.035

***UNSAT***


bb: parsing domain file
domain 'BLOCKS' defined
 ... done.
bb: parsing problem file
problem 'BLOCKS-16-2' defined
 ... done.


time:   0,    19 facts and       0 exclusive pairs
              21 ops   and       7 exclusive pairs
time:   1,    23 facts and      16 exclusive pairs
              31 ops   and      98 exclusive pairs
time:   2,    27 facts and      36 exclusive pairs
              41 ops   and     269 exclusive pairs
time:   3,    30 facts and      58 exclusive pairs
              53 ops   and     590 exclusive pairs
time:   4,    37 facts and     141 exclusive pairs
              70 ops   and    1260 exclusive pairs
time:   5,    41 facts and     180 exclusive pairs
              85 ops   and    1988 exclusive pairs
time:   6,    49 facts and     308 exclusive pairs
             102 ops   and    2992 exclusive pairs
time:   7,    51 facts and     268 exclusive pairs
             115 ops   and    3719 exclusive pairs
time:   8,    61 facts and     454 exclusive pairs
             136 ops   and    5390 exclusive pairs
time:   9,    63 facts and     400 exclusive pairs
             151 ops   and    6520 exclusive pairs
time:  10,    75 facts and     668 exclusive pairs
             176 ops   and    9122 exclusive pairs
time:  11,    77 facts and     591 exclusive pairs
             193 ops   and   10756 exclusive pairs
time:  12,    91 facts and     953 exclusive pairs
             222 ops   and   14554 exclusive pairs
time:  13,    93 facts and     834 exclusive pairs
             241 ops   and   16774 exclusive pairs
time:  14,   109 facts and    1304 exclusive pairs
             274 ops   and   22082 exclusive pairs
time:  15,   111 facts and    1135 exclusive pairs
             295 ops   and   25012 exclusive pairs
time:  16,   129 facts and    1727 exclusive pairs
             332 ops   and   32180 exclusive pairs
time:  17,   131 facts and    1500 exclusive pairs
             355 ops   and   35956 exclusive pairs
time:  18,   151 facts and    2228 exclusive pairs
             396 ops   and   45370 exclusive pairs
time:  19,   153 facts and    1935 exclusive pairs
             421 ops   and   50140 exclusive pairs
time:  20,   175 facts and    2813 exclusive pairs
             466 ops   and   62222 exclusive pairs
time:  21,   177 facts and    2446 exclusive pairs
             493 ops   and   68146 exclusive pairs
time:  22,   201 facts and    3488 exclusive pairs
             542 ops   and   83354 exclusive pairs
time:  23,   203 facts and    3039 exclusive pairs
             571 ops   and   90604 exclusive pairs
time:  24,   229 facts and    4259 exclusive pairs
             624 ops   and  109432 exclusive pairs
time:  25,   231 facts and    3720 exclusive pairs
             655 ops   and  118192 exclusive pairs
time:  26,   259 facts and    5132 exclusive pairs
             712 ops   and  141170 exclusive pairs
time:  27,   260 facts and    4449 exclusive pairs
             743 ops   and  150592 exclusive pairs
time:  28,   289 facts and    5994 exclusive pairs
             801 ops   and  176897 exclusive pairs
time:  29,   289 facts and    5210 exclusive pairs
             801 ops   and  169098 exclusive pairs
time:  30,   289 facts and    4608 exclusive pairs
graph has leveled off at time step 31


             801 ops   and  167712 exclusive pairs
time:  31,   289 facts and    4608 exclusive pairs
             801 ops   and  167712 exclusive pairs
time:  32,   289 facts and    4608 exclusive pairs
             801 ops   and  167712 exclusive pairs
time:  33,   289 facts and    4608 exclusive pairs
             801 ops   and  167712 exclusive pairs
time:  34,   289 facts and    4608 exclusive pairs
             801 ops   and  167712 exclusive pairs
time:  35,   289 facts and    4608 exclusive pairs
             801 ops   and  167712 exclusive pairs
time:  36,   289 facts and    4608 exclusive pairs
             801 ops   and  167712 exclusive pairs
time:  37,   289 facts and    4608 exclusive pairs
             801 ops   and  167712 exclusive pairs
time:  38,   289 facts and    4608 exclusive pairs
             801 ops   and  167712 exclusive pairs
time:  39,   289 facts and    4608 exclusive pairs
             801 ops   and  167712 exclusive pairs
time:  40,   289 facts and    4608 exclusive pairs
             801 ops   and  167712 exclusive pairs
time:  41,   289 facts and    4608 exclusive pairs
             801 ops   and  167712 exclusive pairs
time:  42,   289 facts and    4608 exclusive pairs
             801 ops   and  167712 exclusive pairs
time:  43,   289 facts and    4608 exclusive pairs
             801 ops   and  167712 exclusive pairs
time:  44,   289 facts and    4608 exclusive pairs
             801 ops   and  167712 exclusive pairs
time:  45,   289 facts and    4608 exclusive pairs
             801 ops   and  167712 exclusive pairs
time:  46,   289 facts and    4608 exclusive pairs
             801 ops   and  167712 exclusive pairs
time:  47,   289 facts and    4608 exclusive pairs

creating thin gp-based encoding...
plan graph layer 0...
plan graph layer 1...
plan graph layer 2...
plan graph layer 3...
plan graph layer 4...
plan graph layer 5...
plan graph layer 6...
plan graph layer 7...
plan graph layer 8...
plan graph layer 9...
plan graph layer 10...
plan graph layer 11...
plan graph layer 12...
plan graph layer 13...
plan graph layer 14...
plan graph layer 15...
plan graph layer 16...
plan graph layer 17...
plan graph layer 18...
plan graph layer 19...
plan graph layer 20...
plan graph layer 21...
plan graph layer 22...
plan graph layer 23...
plan graph layer 24...
plan graph layer 25...
plan graph layer 26...
plan graph layer 27...
plan graph layer 28...
plan graph layer 29...
plan graph layer 30...
plan graph layer 31...
plan graph layer 32...
plan graph layer 33...
plan graph layer 34...
plan graph layer 35...
plan graph layer 36...
plan graph layer 37...
plan graph layer 38...
plan graph layer 39...
plan graph layer 40...
plan graph layer 41...
plan graph layer 42...
plan graph layer 43...
plan graph layer 44...
plan graph layer 45...
plan graph layer 46...
plan graph layer 47...
goal constraints...
exclusion constraints layer 0...
exclusion constraints layer 1...
exclusion constraints layer 2...
exclusion constraints layer 3...
exclusion constraints layer 4...
exclusion constraints layer 5...
exclusion constraints layer 6...
exclusion constraints layer 7...
exclusion constraints layer 8...
exclusion constraints layer 9...
exclusion constraints layer 10...
exclusion constraints layer 11...
exclusion constraints layer 12...
exclusion constraints layer 13...
exclusion constraints layer 14...
exclusion constraints layer 15...
exclusion constraints layer 16...
exclusion constraints layer 17...
exclusion constraints layer 18...
exclusion constraints layer 19...
exclusion constraints layer 20...
exclusion constraints layer 21...
exclusion constraints layer 22...
exclusion constraints layer 23...
exclusion constraints layer 24...
exclusion constraints layer 25...
exclusion constraints layer 26...
exclusion constraints layer 27...
exclusion constraints layer 28...
exclusion constraints layer 29...
exclusion constraints layer 30...
exclusion constraints layer 31...
exclusion constraints layer 32...
exclusion constraints layer 33...
exclusion constraints layer 34...
exclusion constraints layer 35...
exclusion constraints layer 36...
exclusion constraints layer 37...
exclusion constraints layer 38...
exclusion constraints layer 39...
exclusion constraints layer 40...
exclusion constraints layer 41...
exclusion constraints layer 42...
exclusion constraints layer 43...
exclusion constraints layer 44...
exclusion constraints layer 45...
exclusion constraints layer 46...
exclusion constraints layer 47...

DECISION LAYER 47, WRITING THIN GP-BASED ENCODING WITH 32771 VARS, 2867138 CLAUSES.

time spent:    0.00 seconds instantiating 544 action templates
               0.00 seconds reachability analysis, yielding 305 facts and 544 actions
               0.00 seconds collecting 305 relevant facts
               0.00 seconds building connectivity graph
               0.00 seconds building (std) graph
               0.64 seconds CNF output time
               0.64 seconds total planner time (solving not included)


***Solving***


[ filemap ]
[ extract ]

variables : 32771
pure lits : 293

1-clauses : 15
2-clauses : 2858579
3-clauses : 7410
n-clauses : 1134
discarded : 0

[ solve ]


unsatisfiable                             

[ stats ]

decisions : 25373
conflicts : 1259
time : ~0.079

***UNSAT***


bb: parsing domain file
domain 'BLOCKS' defined
 ... done.
bb: parsing problem file
problem 'BLOCKS-16-2' defined
 ... done.


time:   0,    19 facts and       0 exclusive pairs
              21 ops   and       7 exclusive pairs
time:   1,    23 facts and      16 exclusive pairs
              31 ops   and      98 exclusive pairs
time:   2,    27 facts and      36 exclusive pairs
              41 ops   and     269 exclusive pairs
time:   3,    30 facts and      58 exclusive pairs
              53 ops   and     590 exclusive pairs
time:   4,    37 facts and     141 exclusive pairs
              70 ops   and    1260 exclusive pairs
time:   5,    41 facts and     180 exclusive pairs
              85 ops   and    1988 exclusive pairs
time:   6,    49 facts and     308 exclusive pairs
             102 ops   and    2992 exclusive pairs
time:   7,    51 facts and     268 exclusive pairs
             115 ops   and    3719 exclusive pairs
time:   8,    61 facts and     454 exclusive pairs
             136 ops   and    5390 exclusive pairs
time:   9,    63 facts and     400 exclusive pairs
             151 ops   and    6520 exclusive pairs
time:  10,    75 facts and     668 exclusive pairs
             176 ops   and    9122 exclusive pairs
time:  11,    77 facts and     591 exclusive pairs
             193 ops   and   10756 exclusive pairs
time:  12,    91 facts and     953 exclusive pairs
             222 ops   and   14554 exclusive pairs
time:  13,    93 facts and     834 exclusive pairs
             241 ops   and   16774 exclusive pairs
time:  14,   109 facts and    1304 exclusive pairs
             274 ops   and   22082 exclusive pairs
time:  15,   111 facts and    1135 exclusive pairs
             295 ops   and   25012 exclusive pairs
time:  16,   129 facts and    1727 exclusive pairs
             332 ops   and   32180 exclusive pairs
time:  17,   131 facts and    1500 exclusive pairs
             355 ops   and   35956 exclusive pairs
time:  18,   151 facts and    2228 exclusive pairs
             396 ops   and   45370 exclusive pairs
time:  19,   153 facts and    1935 exclusive pairs
             421 ops   and   50140 exclusive pairs
time:  20,   175 facts and    2813 exclusive pairs
             466 ops   and   62222 exclusive pairs
time:  21,   177 facts and    2446 exclusive pairs
             493 ops   and   68146 exclusive pairs
time:  22,   201 facts and    3488 exclusive pairs
             542 ops   and   83354 exclusive pairs
time:  23,   203 facts and    3039 exclusive pairs
             571 ops   and   90604 exclusive pairs
time:  24,   229 facts and    4259 exclusive pairs
             624 ops   and  109432 exclusive pairs
time:  25,   231 facts and    3720 exclusive pairs
             655 ops   and  118192 exclusive pairs
time:  26,   259 facts and    5132 exclusive pairs
             712 ops   and  141170 exclusive pairs
time:  27,   260 facts and    4449 exclusive pairs
             743 ops   and  150592 exclusive pairs
time:  28,   289 facts and    5994 exclusive pairs
             801 ops   and  176897 exclusive pairs
time:  29,   289 facts and    5210 exclusive pairs
             801 ops   and  169098 exclusive pairs
time:  30,   289 facts and    4608 exclusive pairs
graph has leveled off at time step 31


             801 ops   and  167712 exclusive pairs
time:  31,   289 facts and    4608 exclusive pairs
             801 ops   and  167712 exclusive pairs
time:  32,   289 facts and    4608 exclusive pairs
             801 ops   and  167712 exclusive pairs
time:  33,   289 facts and    4608 exclusive pairs
             801 ops   and  167712 exclusive pairs
time:  34,   289 facts and    4608 exclusive pairs
             801 ops   and  167712 exclusive pairs
time:  35,   289 facts and    4608 exclusive pairs
             801 ops   and  167712 exclusive pairs
time:  36,   289 facts and    4608 exclusive pairs
             801 ops   and  167712 exclusive pairs
time:  37,   289 facts and    4608 exclusive pairs
             801 ops   and  167712 exclusive pairs
time:  38,   289 facts and    4608 exclusive pairs
             801 ops   and  167712 exclusive pairs
time:  39,   289 facts and    4608 exclusive pairs
             801 ops   and  167712 exclusive pairs
time:  40,   289 facts and    4608 exclusive pairs
             801 ops   and  167712 exclusive pairs
time:  41,   289 facts and    4608 exclusive pairs
             801 ops   and  167712 exclusive pairs
time:  42,   289 facts and    4608 exclusive pairs
             801 ops   and  167712 exclusive pairs
time:  43,   289 facts and    4608 exclusive pairs
             801 ops   and  167712 exclusive pairs
time:  44,   289 facts and    4608 exclusive pairs
             801 ops   and  167712 exclusive pairs
time:  45,   289 facts and    4608 exclusive pairs
             801 ops   and  167712 exclusive pairs
time:  46,   289 facts and    4608 exclusive pairs
             801 ops   and  167712 exclusive pairs
time:  47,   289 facts and    4608 exclusive pairs
             801 ops   and  167712 exclusive pairs
time:  48,   289 facts and    4608 exclusive pairs

creating thin gp-based encoding...
plan graph layer 0...
plan graph layer 1...
plan graph layer 2...
plan graph layer 3...
plan graph layer 4...
plan graph layer 5...
plan graph layer 6...
plan graph layer 7...
plan graph layer 8...
plan graph layer 9...
plan graph layer 10...
plan graph layer 11...
plan graph layer 12...
plan graph layer 13...
plan graph layer 14...
plan graph layer 15...
plan graph layer 16...
plan graph layer 17...
plan graph layer 18...
plan graph layer 19...
plan graph layer 20...
plan graph layer 21...
plan graph layer 22...
plan graph layer 23...
plan graph layer 24...
plan graph layer 25...
plan graph layer 26...
plan graph layer 27...
plan graph layer 28...
plan graph layer 29...
plan graph layer 30...
plan graph layer 31...
plan graph layer 32...
plan graph layer 33...
plan graph layer 34...
plan graph layer 35...
plan graph layer 36...
plan graph layer 37...
plan graph layer 38...
plan graph layer 39...
plan graph layer 40...
plan graph layer 41...
plan graph layer 42...
plan graph layer 43...
plan graph layer 44...
plan graph layer 45...
plan graph layer 46...
plan graph layer 47...
plan graph layer 48...
goal constraints...
exclusion constraints layer 0...
exclusion constraints layer 1...
exclusion constraints layer 2...
exclusion constraints layer 3...
exclusion constraints layer 4...
exclusion constraints layer 5...
exclusion constraints layer 6...
exclusion constraints layer 7...
exclusion constraints layer 8...
exclusion constraints layer 9...
exclusion constraints layer 10...
exclusion constraints layer 11...
exclusion constraints layer 12...
exclusion constraints layer 13...
exclusion constraints layer 14...
exclusion constraints layer 15...
exclusion constraints layer 16...
exclusion constraints layer 17...
exclusion constraints layer 18...
exclusion constraints layer 19...
exclusion constraints layer 20...
exclusion constraints layer 21...
exclusion constraints layer 22...
exclusion constraints layer 23...
exclusion constraints layer 24...
exclusion constraints layer 25...
exclusion constraints layer 26...
exclusion constraints layer 27...
exclusion constraints layer 28...
exclusion constraints layer 29...
exclusion constraints layer 30...
exclusion constraints layer 31...
exclusion constraints layer 32...
exclusion constraints layer 33...
exclusion constraints layer 34...
exclusion constraints layer 35...
exclusion constraints layer 36...
exclusion constraints layer 37...
exclusion constraints layer 38...
exclusion constraints layer 39...
exclusion constraints layer 40...
exclusion constraints layer 41...
exclusion constraints layer 42...
exclusion constraints layer 43...
exclusion constraints layer 44...
exclusion constraints layer 45...
exclusion constraints layer 46...
exclusion constraints layer 47...
exclusion constraints layer 48...

DECISION LAYER 48, WRITING THIN GP-BASED ENCODING WITH 33861 VARS, 2980348 CLAUSES.

time spent:    0.00 seconds instantiating 544 action templates
               0.00 seconds reachability analysis, yielding 305 facts and 544 actions
               0.00 seconds collecting 305 relevant facts
               0.00 seconds building connectivity graph
               0.00 seconds building (std) graph
               0.66 seconds CNF output time
               0.66 seconds total planner time (solving not included)


***Solving***


[ filemap ]
[ extract ]

variables : 33861
pure lits : 293

1-clauses : 15
2-clauses : 2971500
3-clauses : 7666
n-clauses : 1167
discarded : 0

[ solve ]


unsatisfiable                             

[ stats ]

decisions : 88074
conflicts : 1957
time : ~0.108

***UNSAT***


bb: parsing domain file
domain 'BLOCKS' defined
 ... done.
bb: parsing problem file
problem 'BLOCKS-16-2' defined
 ... done.


time:   0,    19 facts and       0 exclusive pairs
              21 ops   and       7 exclusive pairs
time:   1,    23 facts and      16 exclusive pairs
              31 ops   and      98 exclusive pairs
time:   2,    27 facts and      36 exclusive pairs
              41 ops   and     269 exclusive pairs
time:   3,    30 facts and      58 exclusive pairs
              53 ops   and     590 exclusive pairs
time:   4,    37 facts and     141 exclusive pairs
              70 ops   and    1260 exclusive pairs
time:   5,    41 facts and     180 exclusive pairs
              85 ops   and    1988 exclusive pairs
time:   6,    49 facts and     308 exclusive pairs
             102 ops   and    2992 exclusive pairs
time:   7,    51 facts and     268 exclusive pairs
             115 ops   and    3719 exclusive pairs
time:   8,    61 facts and     454 exclusive pairs
             136 ops   and    5390 exclusive pairs
time:   9,    63 facts and     400 exclusive pairs
             151 ops   and    6520 exclusive pairs
time:  10,    75 facts and     668 exclusive pairs
             176 ops   and    9122 exclusive pairs
time:  11,    77 facts and     591 exclusive pairs
             193 ops   and   10756 exclusive pairs
time:  12,    91 facts and     953 exclusive pairs
             222 ops   and   14554 exclusive pairs
time:  13,    93 facts and     834 exclusive pairs
             241 ops   and   16774 exclusive pairs
time:  14,   109 facts and    1304 exclusive pairs
             274 ops   and   22082 exclusive pairs
time:  15,   111 facts and    1135 exclusive pairs
             295 ops   and   25012 exclusive pairs
time:  16,   129 facts and    1727 exclusive pairs
             332 ops   and   32180 exclusive pairs
time:  17,   131 facts and    1500 exclusive pairs
             355 ops   and   35956 exclusive pairs
time:  18,   151 facts and    2228 exclusive pairs
             396 ops   and   45370 exclusive pairs
time:  19,   153 facts and    1935 exclusive pairs
             421 ops   and   50140 exclusive pairs
time:  20,   175 facts and    2813 exclusive pairs
             466 ops   and   62222 exclusive pairs
time:  21,   177 facts and    2446 exclusive pairs
             493 ops   and   68146 exclusive pairs
time:  22,   201 facts and    3488 exclusive pairs
             542 ops   and   83354 exclusive pairs
time:  23,   203 facts and    3039 exclusive pairs
             571 ops   and   90604 exclusive pairs
time:  24,   229 facts and    4259 exclusive pairs
             624 ops   and  109432 exclusive pairs
time:  25,   231 facts and    3720 exclusive pairs
             655 ops   and  118192 exclusive pairs
time:  26,   259 facts and    5132 exclusive pairs
             712 ops   and  141170 exclusive pairs
time:  27,   260 facts and    4449 exclusive pairs
             743 ops   and  150592 exclusive pairs
time:  28,   289 facts and    5994 exclusive pairs
             801 ops   and  176897 exclusive pairs
time:  29,   289 facts and    5210 exclusive pairs
             801 ops   and  169098 exclusive pairs
time:  30,   289 facts and    4608 exclusive pairs
graph has leveled off at time step 31


             801 ops   and  167712 exclusive pairs
time:  31,   289 facts and    4608 exclusive pairs
             801 ops   and  167712 exclusive pairs
time:  32,   289 facts and    4608 exclusive pairs
             801 ops   and  167712 exclusive pairs
time:  33,   289 facts and    4608 exclusive pairs
             801 ops   and  167712 exclusive pairs
time:  34,   289 facts and    4608 exclusive pairs
             801 ops   and  167712 exclusive pairs
time:  35,   289 facts and    4608 exclusive pairs
             801 ops   and  167712 exclusive pairs
time:  36,   289 facts and    4608 exclusive pairs
             801 ops   and  167712 exclusive pairs
time:  37,   289 facts and    4608 exclusive pairs
             801 ops   and  167712 exclusive pairs
time:  38,   289 facts and    4608 exclusive pairs
             801 ops   and  167712 exclusive pairs
time:  39,   289 facts and    4608 exclusive pairs
             801 ops   and  167712 exclusive pairs
time:  40,   289 facts and    4608 exclusive pairs
             801 ops   and  167712 exclusive pairs
time:  41,   289 facts and    4608 exclusive pairs
             801 ops   and  167712 exclusive pairs
time:  42,   289 facts and    4608 exclusive pairs
             801 ops   and  167712 exclusive pairs
time:  43,   289 facts and    4608 exclusive pairs
             801 ops   and  167712 exclusive pairs
time:  44,   289 facts and    4608 exclusive pairs
             801 ops   and  167712 exclusive pairs
time:  45,   289 facts and    4608 exclusive pairs
             801 ops   and  167712 exclusive pairs
time:  46,   289 facts and    4608 exclusive pairs
             801 ops   and  167712 exclusive pairs
time:  47,   289 facts and    4608 exclusive pairs
             801 ops   and  167712 exclusive pairs
time:  48,   289 facts and    4608 exclusive pairs
             801 ops   and  167712 exclusive pairs
time:  49,   289 facts and    4608 exclusive pairs

creating thin gp-based encoding...
plan graph layer 0...
plan graph layer 1...
plan graph layer 2...
plan graph layer 3...
plan graph layer 4...
plan graph layer 5...
plan graph layer 6...
plan graph layer 7...
plan graph layer 8...
plan graph layer 9...
plan graph layer 10...
plan graph layer 11...
plan graph layer 12...
plan graph layer 13...
plan graph layer 14...
plan graph layer 15...
plan graph layer 16...
plan graph layer 17...
plan graph layer 18...
plan graph layer 19...
plan graph layer 20...
plan graph layer 21...
plan graph layer 22...
plan graph layer 23...
plan graph layer 24...
plan graph layer 25...
plan graph layer 26...
plan graph layer 27...
plan graph layer 28...
plan graph layer 29...
plan graph layer 30...
plan graph layer 31...
plan graph layer 32...
plan graph layer 33...
plan graph layer 34...
plan graph layer 35...
plan graph layer 36...
plan graph layer 37...
plan graph layer 38...
plan graph layer 39...
plan graph layer 40...
plan graph layer 41...
plan graph layer 42...
plan graph layer 43...
plan graph layer 44...
plan graph layer 45...
plan graph layer 46...
plan graph layer 47...
plan graph layer 48...
plan graph layer 49...
goal constraints...
exclusion constraints layer 0...
exclusion constraints layer 1...
exclusion constraints layer 2...
exclusion constraints layer 3...
exclusion constraints layer 4...
exclusion constraints layer 5...
exclusion constraints layer 6...
exclusion constraints layer 7...
exclusion constraints layer 8...
exclusion constraints layer 9...
exclusion constraints layer 10...
exclusion constraints layer 11...
exclusion constraints layer 12...
exclusion constraints layer 13...
exclusion constraints layer 14...
exclusion constraints layer 15...
exclusion constraints layer 16...
exclusion constraints layer 17...
exclusion constraints layer 18...
exclusion constraints layer 19...
exclusion constraints layer 20...
exclusion constraints layer 21...
exclusion constraints layer 22...
exclusion constraints layer 23...
exclusion constraints layer 24...
exclusion constraints layer 25...
exclusion constraints layer 26...
exclusion constraints layer 27...
exclusion constraints layer 28...
exclusion constraints layer 29...
exclusion constraints layer 30...
exclusion constraints layer 31...
exclusion constraints layer 32...
exclusion constraints layer 33...
exclusion constraints layer 34...
exclusion constraints layer 35...
exclusion constraints layer 36...
exclusion constraints layer 37...
exclusion constraints layer 38...
exclusion constraints layer 39...
exclusion constraints layer 40...
exclusion constraints layer 41...
exclusion constraints layer 42...
exclusion constraints layer 43...
exclusion constraints layer 44...
exclusion constraints layer 45...
exclusion constraints layer 46...
exclusion constraints layer 47...
exclusion constraints layer 48...
exclusion constraints layer 49...

DECISION LAYER 49, WRITING THIN GP-BASED ENCODING WITH 34951 VARS, 3093558 CLAUSES.

time spent:    0.00 seconds instantiating 544 action templates
               0.00 seconds reachability analysis, yielding 305 facts and 544 actions
               0.00 seconds collecting 305 relevant facts
               0.00 seconds building connectivity graph
               0.00 seconds building (std) graph
               0.69 seconds CNF output time
               0.69 seconds total planner time (solving not included)


***Solving***


[ filemap ]
[ extract ]

variables : 34951
pure lits : 293

1-clauses : 15
2-clauses : 3084421
3-clauses : 7922
n-clauses : 1200
discarded : 0

[ solve ]


unsatisfiable                             

[ stats ]

decisions : 47555
conflicts : 2459
time : ~0.126

***UNSAT***


bb: parsing domain file
domain 'BLOCKS' defined
 ... done.
bb: parsing problem file
problem 'BLOCKS-16-2' defined
 ... done.


time:   0,    19 facts and       0 exclusive pairs
              21 ops   and       7 exclusive pairs
time:   1,    23 facts and      16 exclusive pairs
              31 ops   and      98 exclusive pairs
time:   2,    27 facts and      36 exclusive pairs
              41 ops   and     269 exclusive pairs
time:   3,    30 facts and      58 exclusive pairs
              53 ops   and     590 exclusive pairs
time:   4,    37 facts and     141 exclusive pairs
              70 ops   and    1260 exclusive pairs
time:   5,    41 facts and     180 exclusive pairs
              85 ops   and    1988 exclusive pairs
time:   6,    49 facts and     308 exclusive pairs
             102 ops   and    2992 exclusive pairs
time:   7,    51 facts and     268 exclusive pairs
             115 ops   and    3719 exclusive pairs
time:   8,    61 facts and     454 exclusive pairs
             136 ops   and    5390 exclusive pairs
time:   9,    63 facts and     400 exclusive pairs
             151 ops   and    6520 exclusive pairs
time:  10,    75 facts and     668 exclusive pairs
             176 ops   and    9122 exclusive pairs
time:  11,    77 facts and     591 exclusive pairs
             193 ops   and   10756 exclusive pairs
time:  12,    91 facts and     953 exclusive pairs
             222 ops   and   14554 exclusive pairs
time:  13,    93 facts and     834 exclusive pairs
             241 ops   and   16774 exclusive pairs
time:  14,   109 facts and    1304 exclusive pairs
             274 ops   and   22082 exclusive pairs
time:  15,   111 facts and    1135 exclusive pairs
             295 ops   and   25012 exclusive pairs
time:  16,   129 facts and    1727 exclusive pairs
             332 ops   and   32180 exclusive pairs
time:  17,   131 facts and    1500 exclusive pairs
             355 ops   and   35956 exclusive pairs
time:  18,   151 facts and    2228 exclusive pairs
             396 ops   and   45370 exclusive pairs
time:  19,   153 facts and    1935 exclusive pairs
             421 ops   and   50140 exclusive pairs
time:  20,   175 facts and    2813 exclusive pairs
             466 ops   and   62222 exclusive pairs
time:  21,   177 facts and    2446 exclusive pairs
             493 ops   and   68146 exclusive pairs
time:  22,   201 facts and    3488 exclusive pairs
             542 ops   and   83354 exclusive pairs
time:  23,   203 facts and    3039 exclusive pairs
             571 ops   and   90604 exclusive pairs
time:  24,   229 facts and    4259 exclusive pairs
             624 ops   and  109432 exclusive pairs
time:  25,   231 facts and    3720 exclusive pairs
             655 ops   and  118192 exclusive pairs
time:  26,   259 facts and    5132 exclusive pairs
             712 ops   and  141170 exclusive pairs
time:  27,   260 facts and    4449 exclusive pairs
             743 ops   and  150592 exclusive pairs
time:  28,   289 facts and    5994 exclusive pairs
             801 ops   and  176897 exclusive pairs
time:  29,   289 facts and    5210 exclusive pairs
             801 ops   and  169098 exclusive pairs
time:  30,   289 facts and    4608 exclusive pairs
graph has leveled off at time step 31


             801 ops   and  167712 exclusive pairs
time:  31,   289 facts and    4608 exclusive pairs
             801 ops   and  167712 exclusive pairs
time:  32,   289 facts and    4608 exclusive pairs
             801 ops   and  167712 exclusive pairs
time:  33,   289 facts and    4608 exclusive pairs
             801 ops   and  167712 exclusive pairs
time:  34,   289 facts and    4608 exclusive pairs
             801 ops   and  167712 exclusive pairs
time:  35,   289 facts and    4608 exclusive pairs
             801 ops   and  167712 exclusive pairs
time:  36,   289 facts and    4608 exclusive pairs
             801 ops   and  167712 exclusive pairs
time:  37,   289 facts and    4608 exclusive pairs
             801 ops   and  167712 exclusive pairs
time:  38,   289 facts and    4608 exclusive pairs
             801 ops   and  167712 exclusive pairs
time:  39,   289 facts and    4608 exclusive pairs
             801 ops   and  167712 exclusive pairs
time:  40,   289 facts and    4608 exclusive pairs
             801 ops   and  167712 exclusive pairs
time:  41,   289 facts and    4608 exclusive pairs
             801 ops   and  167712 exclusive pairs
time:  42,   289 facts and    4608 exclusive pairs
             801 ops   and  167712 exclusive pairs
time:  43,   289 facts and    4608 exclusive pairs
             801 ops   and  167712 exclusive pairs
time:  44,   289 facts and    4608 exclusive pairs
             801 ops   and  167712 exclusive pairs
time:  45,   289 facts and    4608 exclusive pairs
             801 ops   and  167712 exclusive pairs
time:  46,   289 facts and    4608 exclusive pairs
             801 ops   and  167712 exclusive pairs
time:  47,   289 facts and    4608 exclusive pairs
             801 ops   and  167712 exclusive pairs
time:  48,   289 facts and    4608 exclusive pairs
             801 ops   and  167712 exclusive pairs
time:  49,   289 facts and    4608 exclusive pairs
             801 ops   and  167712 exclusive pairs
time:  50,   289 facts and    4608 exclusive pairs

creating thin gp-based encoding...
plan graph layer 0...
plan graph layer 1...
plan graph layer 2...
plan graph layer 3...
plan graph layer 4...
plan graph layer 5...
plan graph layer 6...
plan graph layer 7...
plan graph layer 8...
plan graph layer 9...
plan graph layer 10...
plan graph layer 11...
plan graph layer 12...
plan graph layer 13...
plan graph layer 14...
plan graph layer 15...
plan graph layer 16...
plan graph layer 17...
plan graph layer 18...
plan graph layer 19...
plan graph layer 20...
plan graph layer 21...
plan graph layer 22...
plan graph layer 23...
plan graph layer 24...
plan graph layer 25...
plan graph layer 26...
plan graph layer 27...
plan graph layer 28...
plan graph layer 29...
plan graph layer 30...
plan graph layer 31...
plan graph layer 32...
plan graph layer 33...
plan graph layer 34...
plan graph layer 35...
plan graph layer 36...
plan graph layer 37...
plan graph layer 38...
plan graph layer 39...
plan graph layer 40...
plan graph layer 41...
plan graph layer 42...
plan graph layer 43...
plan graph layer 44...
plan graph layer 45...
plan graph layer 46...
plan graph layer 47...
plan graph layer 48...
plan graph layer 49...
plan graph layer 50...
goal constraints...
exclusion constraints layer 0...
exclusion constraints layer 1...
exclusion constraints layer 2...
exclusion constraints layer 3...
exclusion constraints layer 4...
exclusion constraints layer 5...
exclusion constraints layer 6...
exclusion constraints layer 7...
exclusion constraints layer 8...
exclusion constraints layer 9...
exclusion constraints layer 10...
exclusion constraints layer 11...
exclusion constraints layer 12...
exclusion constraints layer 13...
exclusion constraints layer 14...
exclusion constraints layer 15...
exclusion constraints layer 16...
exclusion constraints layer 17...
exclusion constraints layer 18...
exclusion constraints layer 19...
exclusion constraints layer 20...
exclusion constraints layer 21...
exclusion constraints layer 22...
exclusion constraints layer 23...
exclusion constraints layer 24...
exclusion constraints layer 25...
exclusion constraints layer 26...
exclusion constraints layer 27...
exclusion constraints layer 28...
exclusion constraints layer 29...
exclusion constraints layer 30...
exclusion constraints layer 31...
exclusion constraints layer 32...
exclusion constraints layer 33...
exclusion constraints layer 34...
exclusion constraints layer 35...
exclusion constraints layer 36...
exclusion constraints layer 37...
exclusion constraints layer 38...
exclusion constraints layer 39...
exclusion constraints layer 40...
exclusion constraints layer 41...
exclusion constraints layer 42...
exclusion constraints layer 43...
exclusion constraints layer 44...
exclusion constraints layer 45...
exclusion constraints layer 46...
exclusion constraints layer 47...
exclusion constraints layer 48...
exclusion constraints layer 49...
exclusion constraints layer 50...

DECISION LAYER 50, WRITING THIN GP-BASED ENCODING WITH 36041 VARS, 3206768 CLAUSES.

time spent:    0.00 seconds instantiating 544 action templates
               0.00 seconds reachability analysis, yielding 305 facts and 544 actions
               0.00 seconds collecting 305 relevant facts
               0.00 seconds building connectivity graph
               0.00 seconds building (std) graph
               0.72 seconds CNF output time
               0.72 seconds total planner time (solving not included)


***Solving***


[ filemap ]
[ extract ]

variables : 36041
pure lits : 293

1-clauses : 15
2-clauses : 3197342
3-clauses : 8178
n-clauses : 1233
discarded : 0

[ solve ]


unsatisfiable                             

[ stats ]

decisions : 46032
conflicts : 2663
time : ~0.16

***UNSAT***


bb: parsing domain file
domain 'BLOCKS' defined
 ... done.
bb: parsing problem file
problem 'BLOCKS-16-2' defined
 ... done.


time:   0,    19 facts and       0 exclusive pairs
              21 ops   and       7 exclusive pairs
time:   1,    23 facts and      16 exclusive pairs
              31 ops   and      98 exclusive pairs
time:   2,    27 facts and      36 exclusive pairs
              41 ops   and     269 exclusive pairs
time:   3,    30 facts and      58 exclusive pairs
              53 ops   and     590 exclusive pairs
time:   4,    37 facts and     141 exclusive pairs
              70 ops   and    1260 exclusive pairs
time:   5,    41 facts and     180 exclusive pairs
              85 ops   and    1988 exclusive pairs
time:   6,    49 facts and     308 exclusive pairs
             102 ops   and    2992 exclusive pairs
time:   7,    51 facts and     268 exclusive pairs
             115 ops   and    3719 exclusive pairs
time:   8,    61 facts and     454 exclusive pairs
             136 ops   and    5390 exclusive pairs
time:   9,    63 facts and     400 exclusive pairs
             151 ops   and    6520 exclusive pairs
time:  10,    75 facts and     668 exclusive pairs
             176 ops   and    9122 exclusive pairs
time:  11,    77 facts and     591 exclusive pairs
             193 ops   and   10756 exclusive pairs
time:  12,    91 facts and     953 exclusive pairs
             222 ops   and   14554 exclusive pairs
time:  13,    93 facts and     834 exclusive pairs
             241 ops   and   16774 exclusive pairs
time:  14,   109 facts and    1304 exclusive pairs
             274 ops   and   22082 exclusive pairs
time:  15,   111 facts and    1135 exclusive pairs
             295 ops   and   25012 exclusive pairs
time:  16,   129 facts and    1727 exclusive pairs
             332 ops   and   32180 exclusive pairs
time:  17,   131 facts and    1500 exclusive pairs
             355 ops   and   35956 exclusive pairs
time:  18,   151 facts and    2228 exclusive pairs
             396 ops   and   45370 exclusive pairs
time:  19,   153 facts and    1935 exclusive pairs
             421 ops   and   50140 exclusive pairs
time:  20,   175 facts and    2813 exclusive pairs
             466 ops   and   62222 exclusive pairs
time:  21,   177 facts and    2446 exclusive pairs
             493 ops   and   68146 exclusive pairs
time:  22,   201 facts and    3488 exclusive pairs
             542 ops   and   83354 exclusive pairs
time:  23,   203 facts and    3039 exclusive pairs
             571 ops   and   90604 exclusive pairs
time:  24,   229 facts and    4259 exclusive pairs
             624 ops   and  109432 exclusive pairs
time:  25,   231 facts and    3720 exclusive pairs
             655 ops   and  118192 exclusive pairs
time:  26,   259 facts and    5132 exclusive pairs
             712 ops   and  141170 exclusive pairs
time:  27,   260 facts and    4449 exclusive pairs
             743 ops   and  150592 exclusive pairs
time:  28,   289 facts and    5994 exclusive pairs
             801 ops   and  176897 exclusive pairs
time:  29,   289 facts and    5210 exclusive pairs
             801 ops   and  169098 exclusive pairs
time:  30,   289 facts and    4608 exclusive pairs
graph has leveled off at time step 31


             801 ops   and  167712 exclusive pairs
time:  31,   289 facts and    4608 exclusive pairs
             801 ops   and  167712 exclusive pairs
time:  32,   289 facts and    4608 exclusive pairs
             801 ops   and  167712 exclusive pairs
time:  33,   289 facts and    4608 exclusive pairs
             801 ops   and  167712 exclusive pairs
time:  34,   289 facts and    4608 exclusive pairs
             801 ops   and  167712 exclusive pairs
time:  35,   289 facts and    4608 exclusive pairs
             801 ops   and  167712 exclusive pairs
time:  36,   289 facts and    4608 exclusive pairs
             801 ops   and  167712 exclusive pairs
time:  37,   289 facts and    4608 exclusive pairs
             801 ops   and  167712 exclusive pairs
time:  38,   289 facts and    4608 exclusive pairs
             801 ops   and  167712 exclusive pairs
time:  39,   289 facts and    4608 exclusive pairs
             801 ops   and  167712 exclusive pairs
time:  40,   289 facts and    4608 exclusive pairs
             801 ops   and  167712 exclusive pairs
time:  41,   289 facts and    4608 exclusive pairs
             801 ops   and  167712 exclusive pairs
time:  42,   289 facts and    4608 exclusive pairs
             801 ops   and  167712 exclusive pairs
time:  43,   289 facts and    4608 exclusive pairs
             801 ops   and  167712 exclusive pairs
time:  44,   289 facts and    4608 exclusive pairs
             801 ops   and  167712 exclusive pairs
time:  45,   289 facts and    4608 exclusive pairs
             801 ops   and  167712 exclusive pairs
time:  46,   289 facts and    4608 exclusive pairs
             801 ops   and  167712 exclusive pairs
time:  47,   289 facts and    4608 exclusive pairs
             801 ops   and  167712 exclusive pairs
time:  48,   289 facts and    4608 exclusive pairs
             801 ops   and  167712 exclusive pairs
time:  49,   289 facts and    4608 exclusive pairs
             801 ops   and  167712 exclusive pairs
time:  50,   289 facts and    4608 exclusive pairs
             801 ops   and  167712 exclusive pairs
time:  51,   289 facts and    4608 exclusive pairs

creating thin gp-based encoding...
plan graph layer 0...
plan graph layer 1...
plan graph layer 2...
plan graph layer 3...
plan graph layer 4...
plan graph layer 5...
plan graph layer 6...
plan graph layer 7...
plan graph layer 8...
plan graph layer 9...
plan graph layer 10...
plan graph layer 11...
plan graph layer 12...
plan graph layer 13...
plan graph layer 14...
plan graph layer 15...
plan graph layer 16...
plan graph layer 17...
plan graph layer 18...
plan graph layer 19...
plan graph layer 20...
plan graph layer 21...
plan graph layer 22...
plan graph layer 23...
plan graph layer 24...
plan graph layer 25...
plan graph layer 26...
plan graph layer 27...
plan graph layer 28...
plan graph layer 29...
plan graph layer 30...
plan graph layer 31...
plan graph layer 32...
plan graph layer 33...
plan graph layer 34...
plan graph layer 35...
plan graph layer 36...
plan graph layer 37...
plan graph layer 38...
plan graph layer 39...
plan graph layer 40...
plan graph layer 41...
plan graph layer 42...
plan graph layer 43...
plan graph layer 44...
plan graph layer 45...
plan graph layer 46...
plan graph layer 47...
plan graph layer 48...
plan graph layer 49...
plan graph layer 50...
plan graph layer 51...
goal constraints...
exclusion constraints layer 0...
exclusion constraints layer 1...
exclusion constraints layer 2...
exclusion constraints layer 3...
exclusion constraints layer 4...
exclusion constraints layer 5...
exclusion constraints layer 6...
exclusion constraints layer 7...
exclusion constraints layer 8...
exclusion constraints layer 9...
exclusion constraints layer 10...
exclusion constraints layer 11...
exclusion constraints layer 12...
exclusion constraints layer 13...
exclusion constraints layer 14...
exclusion constraints layer 15...
exclusion constraints layer 16...
exclusion constraints layer 17...
exclusion constraints layer 18...
exclusion constraints layer 19...
exclusion constraints layer 20...
exclusion constraints layer 21...
exclusion constraints layer 22...
exclusion constraints layer 23...
exclusion constraints layer 24...
exclusion constraints layer 25...
exclusion constraints layer 26...
exclusion constraints layer 27...
exclusion constraints layer 28...
exclusion constraints layer 29...
exclusion constraints layer 30...
exclusion constraints layer 31...
exclusion constraints layer 32...
exclusion constraints layer 33...
exclusion constraints layer 34...
exclusion constraints layer 35...
exclusion constraints layer 36...
exclusion constraints layer 37...
exclusion constraints layer 38...
exclusion constraints layer 39...
exclusion constraints layer 40...
exclusion constraints layer 41...
exclusion constraints layer 42...
exclusion constraints layer 43...
exclusion constraints layer 44...
exclusion constraints layer 45...
exclusion constraints layer 46...
exclusion constraints layer 47...
exclusion constraints layer 48...
exclusion constraints layer 49...
exclusion constraints layer 50...
exclusion constraints layer 51...

DECISION LAYER 51, WRITING THIN GP-BASED ENCODING WITH 37131 VARS, 3319978 CLAUSES.

time spent:    0.00 seconds instantiating 544 action templates
               0.00 seconds reachability analysis, yielding 305 facts and 544 actions
               0.00 seconds collecting 305 relevant facts
               0.00 seconds building connectivity graph
               0.00 seconds building (std) graph
               0.75 seconds CNF output time
               0.75 seconds total planner time (solving not included)


***Solving***


[ filemap ]
[ extract ]

variables : 37131
pure lits : 293

1-clauses : 15
2-clauses : 3310263
3-clauses : 8434
n-clauses : 1266
discarded : 0

[ solve ]


unsatisfiable                             

[ stats ]

decisions : 59764
conflicts : 3616
time : ~0.261

***UNSAT***


bb: parsing domain file
domain 'BLOCKS' defined
 ... done.
bb: parsing problem file
problem 'BLOCKS-16-2' defined
 ... done.


time:   0,    19 facts and       0 exclusive pairs
              21 ops   and       7 exclusive pairs
time:   1,    23 facts and      16 exclusive pairs
              31 ops   and      98 exclusive pairs
time:   2,    27 facts and      36 exclusive pairs
              41 ops   and     269 exclusive pairs
time:   3,    30 facts and      58 exclusive pairs
              53 ops   and     590 exclusive pairs
time:   4,    37 facts and     141 exclusive pairs
              70 ops   and    1260 exclusive pairs
time:   5,    41 facts and     180 exclusive pairs
              85 ops   and    1988 exclusive pairs
time:   6,    49 facts and     308 exclusive pairs
             102 ops   and    2992 exclusive pairs
time:   7,    51 facts and     268 exclusive pairs
             115 ops   and    3719 exclusive pairs
time:   8,    61 facts and     454 exclusive pairs
             136 ops   and    5390 exclusive pairs
time:   9,    63 facts and     400 exclusive pairs
             151 ops   and    6520 exclusive pairs
time:  10,    75 facts and     668 exclusive pairs
             176 ops   and    9122 exclusive pairs
time:  11,    77 facts and     591 exclusive pairs
             193 ops   and   10756 exclusive pairs
time:  12,    91 facts and     953 exclusive pairs
             222 ops   and   14554 exclusive pairs
time:  13,    93 facts and     834 exclusive pairs
             241 ops   and   16774 exclusive pairs
time:  14,   109 facts and    1304 exclusive pairs
             274 ops   and   22082 exclusive pairs
time:  15,   111 facts and    1135 exclusive pairs
             295 ops   and   25012 exclusive pairs
time:  16,   129 facts and    1727 exclusive pairs
             332 ops   and   32180 exclusive pairs
time:  17,   131 facts and    1500 exclusive pairs
             355 ops   and   35956 exclusive pairs
time:  18,   151 facts and    2228 exclusive pairs
             396 ops   and   45370 exclusive pairs
time:  19,   153 facts and    1935 exclusive pairs
             421 ops   and   50140 exclusive pairs
time:  20,   175 facts and    2813 exclusive pairs
             466 ops   and   62222 exclusive pairs
time:  21,   177 facts and    2446 exclusive pairs
             493 ops   and   68146 exclusive pairs
time:  22,   201 facts and    3488 exclusive pairs
             542 ops   and   83354 exclusive pairs
time:  23,   203 facts and    3039 exclusive pairs
             571 ops   and   90604 exclusive pairs
time:  24,   229 facts and    4259 exclusive pairs
             624 ops   and  109432 exclusive pairs
time:  25,   231 facts and    3720 exclusive pairs
             655 ops   and  118192 exclusive pairs
time:  26,   259 facts and    5132 exclusive pairs
             712 ops   and  141170 exclusive pairs
time:  27,   260 facts and    4449 exclusive pairs
             743 ops   and  150592 exclusive pairs
time:  28,   289 facts and    5994 exclusive pairs
             801 ops   and  176897 exclusive pairs
time:  29,   289 facts and    5210 exclusive pairs
             801 ops   and  169098 exclusive pairs
time:  30,   289 facts and    4608 exclusive pairs
graph has leveled off at time step 31


             801 ops   and  167712 exclusive pairs
time:  31,   289 facts and    4608 exclusive pairs
             801 ops   and  167712 exclusive pairs
time:  32,   289 facts and    4608 exclusive pairs
             801 ops   and  167712 exclusive pairs
time:  33,   289 facts and    4608 exclusive pairs
             801 ops   and  167712 exclusive pairs
time:  34,   289 facts and    4608 exclusive pairs
             801 ops   and  167712 exclusive pairs
time:  35,   289 facts and    4608 exclusive pairs
             801 ops   and  167712 exclusive pairs
time:  36,   289 facts and    4608 exclusive pairs
             801 ops   and  167712 exclusive pairs
time:  37,   289 facts and    4608 exclusive pairs
             801 ops   and  167712 exclusive pairs
time:  38,   289 facts and    4608 exclusive pairs
             801 ops   and  167712 exclusive pairs
time:  39,   289 facts and    4608 exclusive pairs
             801 ops   and  167712 exclusive pairs
time:  40,   289 facts and    4608 exclusive pairs
             801 ops   and  167712 exclusive pairs
time:  41,   289 facts and    4608 exclusive pairs
             801 ops   and  167712 exclusive pairs
time:  42,   289 facts and    4608 exclusive pairs
             801 ops   and  167712 exclusive pairs
time:  43,   289 facts and    4608 exclusive pairs
             801 ops   and  167712 exclusive pairs
time:  44,   289 facts and    4608 exclusive pairs
             801 ops   and  167712 exclusive pairs
time:  45,   289 facts and    4608 exclusive pairs
             801 ops   and  167712 exclusive pairs
time:  46,   289 facts and    4608 exclusive pairs
             801 ops   and  167712 exclusive pairs
time:  47,   289 facts and    4608 exclusive pairs
             801 ops   and  167712 exclusive pairs
time:  48,   289 facts and    4608 exclusive pairs
             801 ops   and  167712 exclusive pairs
time:  49,   289 facts and    4608 exclusive pairs
             801 ops   and  167712 exclusive pairs
time:  50,   289 facts and    4608 exclusive pairs
             801 ops   and  167712 exclusive pairs
time:  51,   289 facts and    4608 exclusive pairs
             801 ops   and  167712 exclusive pairs
time:  52,   289 facts and    4608 exclusive pairs

creating thin gp-based encoding...
plan graph layer 0...
plan graph layer 1...
plan graph layer 2...
plan graph layer 3...
plan graph layer 4...
plan graph layer 5...
plan graph layer 6...
plan graph layer 7...
plan graph layer 8...
plan graph layer 9...
plan graph layer 10...
plan graph layer 11...
plan graph layer 12...
plan graph layer 13...
plan graph layer 14...
plan graph layer 15...
plan graph layer 16...
plan graph layer 17...
plan graph layer 18...
plan graph layer 19...
plan graph layer 20...
plan graph layer 21...
plan graph layer 22...
plan graph layer 23...
plan graph layer 24...
plan graph layer 25...
plan graph layer 26...
plan graph layer 27...
plan graph layer 28...
plan graph layer 29...
plan graph layer 30...
plan graph layer 31...
plan graph layer 32...
plan graph layer 33...
plan graph layer 34...
plan graph layer 35...
plan graph layer 36...
plan graph layer 37...
plan graph layer 38...
plan graph layer 39...
plan graph layer 40...
plan graph layer 41...
plan graph layer 42...
plan graph layer 43...
plan graph layer 44...
plan graph layer 45...
plan graph layer 46...
plan graph layer 47...
plan graph layer 48...
plan graph layer 49...
plan graph layer 50...
plan graph layer 51...
plan graph layer 52...
goal constraints...
exclusion constraints layer 0...
exclusion constraints layer 1...
exclusion constraints layer 2...
exclusion constraints layer 3...
exclusion constraints layer 4...
exclusion constraints layer 5...
exclusion constraints layer 6...
exclusion constraints layer 7...
exclusion constraints layer 8...
exclusion constraints layer 9...
exclusion constraints layer 10...
exclusion constraints layer 11...
exclusion constraints layer 12...
exclusion constraints layer 13...
exclusion constraints layer 14...
exclusion constraints layer 15...
exclusion constraints layer 16...
exclusion constraints layer 17...
exclusion constraints layer 18...
exclusion constraints layer 19...
exclusion constraints layer 20...
exclusion constraints layer 21...
exclusion constraints layer 22...
exclusion constraints layer 23...
exclusion constraints layer 24...
exclusion constraints layer 25...
exclusion constraints layer 26...
exclusion constraints layer 27...
exclusion constraints layer 28...
exclusion constraints layer 29...
exclusion constraints layer 30...
exclusion constraints layer 31...
exclusion constraints layer 32...
exclusion constraints layer 33...
exclusion constraints layer 34...
exclusion constraints layer 35...
exclusion constraints layer 36...
exclusion constraints layer 37...
exclusion constraints layer 38...
exclusion constraints layer 39...
exclusion constraints layer 40...
exclusion constraints layer 41...
exclusion constraints layer 42...
exclusion constraints layer 43...
exclusion constraints layer 44...
exclusion constraints layer 45...
exclusion constraints layer 46...
exclusion constraints layer 47...
exclusion constraints layer 48...
exclusion constraints layer 49...
exclusion constraints layer 50...
exclusion constraints layer 51...
exclusion constraints layer 52...

DECISION LAYER 52, WRITING THIN GP-BASED ENCODING WITH 38221 VARS, 3433188 CLAUSES.

time spent:    0.00 seconds instantiating 544 action templates
               0.00 seconds reachability analysis, yielding 305 facts and 544 actions
               0.00 seconds collecting 305 relevant facts
               0.00 seconds building connectivity graph
               0.00 seconds building (std) graph
               0.77 seconds CNF output time
               0.77 seconds total planner time (solving not included)


***Solving***


[ filemap ]
[ extract ]

variables : 38221
pure lits : 293

1-clauses : 15
2-clauses : 3423184
3-clauses : 8690
n-clauses : 1299
discarded : 0

[ solve ]


satisfiable                             

[ stats ]

decisions : 98194
conflicts : 6755
time : ~0.522


bb: parsing domain file
domain 'BLOCKS' defined
 ... done.
bb: parsing problem file
problem 'BLOCKS-16-2' defined
 ... done.


time:   0,    19 facts and       0 exclusive pairs
              21 ops   and       7 exclusive pairs
time:   1,    23 facts and      16 exclusive pairs
              31 ops   and      98 exclusive pairs
time:   2,    27 facts and      36 exclusive pairs
              41 ops   and     269 exclusive pairs
time:   3,    30 facts and      58 exclusive pairs
              53 ops   and     590 exclusive pairs
time:   4,    37 facts and     141 exclusive pairs
              70 ops   and    1260 exclusive pairs
time:   5,    41 facts and     180 exclusive pairs
              85 ops   and    1988 exclusive pairs
time:   6,    49 facts and     308 exclusive pairs
             102 ops   and    2992 exclusive pairs
time:   7,    51 facts and     268 exclusive pairs
             115 ops   and    3719 exclusive pairs
time:   8,    61 facts and     454 exclusive pairs
             136 ops   and    5390 exclusive pairs
time:   9,    63 facts and     400 exclusive pairs
             151 ops   and    6520 exclusive pairs
time:  10,    75 facts and     668 exclusive pairs
             176 ops   and    9122 exclusive pairs
time:  11,    77 facts and     591 exclusive pairs
             193 ops   and   10756 exclusive pairs
time:  12,    91 facts and     953 exclusive pairs
             222 ops   and   14554 exclusive pairs
time:  13,    93 facts and     834 exclusive pairs
             241 ops   and   16774 exclusive pairs
time:  14,   109 facts and    1304 exclusive pairs
             274 ops   and   22082 exclusive pairs
time:  15,   111 facts and    1135 exclusive pairs
             295 ops   and   25012 exclusive pairs
time:  16,   129 facts and    1727 exclusive pairs
             332 ops   and   32180 exclusive pairs
time:  17,   131 facts and    1500 exclusive pairs
             355 ops   and   35956 exclusive pairs
time:  18,   151 facts and    2228 exclusive pairs
             396 ops   and   45370 exclusive pairs
time:  19,   153 facts and    1935 exclusive pairs
             421 ops   and   50140 exclusive pairs
time:  20,   175 facts and    2813 exclusive pairs
             466 ops   and   62222 exclusive pairs
time:  21,   177 facts and    2446 exclusive pairs
             493 ops   and   68146 exclusive pairs
time:  22,   201 facts and    3488 exclusive pairs
             542 ops   and   83354 exclusive pairs
time:  23,   203 facts and    3039 exclusive pairs
             571 ops   and   90604 exclusive pairs
time:  24,   229 facts and    4259 exclusive pairs
             624 ops   and  109432 exclusive pairs
time:  25,   231 facts and    3720 exclusive pairs
             655 ops   and  118192 exclusive pairs
time:  26,   259 facts and    5132 exclusive pairs
             712 ops   and  141170 exclusive pairs
time:  27,   260 facts and    4449 exclusive pairs
             743 ops   and  150592 exclusive pairs
time:  28,   289 facts and    5994 exclusive pairs
             801 ops   and  176897 exclusive pairs
time:  29,   289 facts and    5210 exclusive pairs
             801 ops   and  169098 exclusive pairs
time:  30,   289 facts and    4608 exclusive pairs
graph has leveled off at time step 31


             801 ops   and  167712 exclusive pairs
time:  31,   289 facts and    4608 exclusive pairs
             801 ops   and  167712 exclusive pairs
time:  32,   289 facts and    4608 exclusive pairs
             801 ops   and  167712 exclusive pairs
time:  33,   289 facts and    4608 exclusive pairs
             801 ops   and  167712 exclusive pairs
time:  34,   289 facts and    4608 exclusive pairs
             801 ops   and  167712 exclusive pairs
time:  35,   289 facts and    4608 exclusive pairs
             801 ops   and  167712 exclusive pairs
time:  36,   289 facts and    4608 exclusive pairs
             801 ops   and  167712 exclusive pairs
time:  37,   289 facts and    4608 exclusive pairs
             801 ops   and  167712 exclusive pairs
time:  38,   289 facts and    4608 exclusive pairs
             801 ops   and  167712 exclusive pairs
time:  39,   289 facts and    4608 exclusive pairs
             801 ops   and  167712 exclusive pairs
time:  40,   289 facts and    4608 exclusive pairs
             801 ops   and  167712 exclusive pairs
time:  41,   289 facts and    4608 exclusive pairs
             801 ops   and  167712 exclusive pairs
time:  42,   289 facts and    4608 exclusive pairs
             801 ops   and  167712 exclusive pairs
time:  43,   289 facts and    4608 exclusive pairs
             801 ops   and  167712 exclusive pairs
time:  44,   289 facts and    4608 exclusive pairs
             801 ops   and  167712 exclusive pairs
time:  45,   289 facts and    4608 exclusive pairs
             801 ops   and  167712 exclusive pairs
time:  46,   289 facts and    4608 exclusive pairs
             801 ops   and  167712 exclusive pairs
time:  47,   289 facts and    4608 exclusive pairs
             801 ops   and  167712 exclusive pairs
time:  48,   289 facts and    4608 exclusive pairs
             801 ops   and  167712 exclusive pairs
time:  49,   289 facts and    4608 exclusive pairs
             801 ops   and  167712 exclusive pairs
time:  50,   289 facts and    4608 exclusive pairs
             801 ops   and  167712 exclusive pairs
time:  51,   289 facts and    4608 exclusive pairs
             801 ops   and  167712 exclusive pairs
time:  52,   289 facts and    4608 exclusive pairs

creating thin gp-based encoding...
plan graph layer 0...
plan graph layer 1...
plan graph layer 2...
plan graph layer 3...
plan graph layer 4...
plan graph layer 5...
plan graph layer 6...
plan graph layer 7...
plan graph layer 8...
plan graph layer 9...
plan graph layer 10...
plan graph layer 11...
plan graph layer 12...
plan graph layer 13...
plan graph layer 14...
plan graph layer 15...
plan graph layer 16...
plan graph layer 17...
plan graph layer 18...
plan graph layer 19...
plan graph layer 20...
plan graph layer 21...
plan graph layer 22...
plan graph layer 23...
plan graph layer 24...
plan graph layer 25...
plan graph layer 26...
plan graph layer 27...
plan graph layer 28...
plan graph layer 29...
plan graph layer 30...
plan graph layer 31...
plan graph layer 32...
plan graph layer 33...
plan graph layer 34...
plan graph layer 35...
plan graph layer 36...
plan graph layer 37...
plan graph layer 38...
plan graph layer 39...
plan graph layer 40...
plan graph layer 41...
plan graph layer 42...
plan graph layer 43...
plan graph layer 44...
plan graph layer 45...
plan graph layer 46...
plan graph layer 47...
plan graph layer 48...
plan graph layer 49...
plan graph layer 50...
plan graph layer 51...
plan graph layer 52...
goal constraints...
exclusion constraints layer 0...
exclusion constraints layer 1...
exclusion constraints layer 2...
exclusion constraints layer 3...
exclusion constraints layer 4...
exclusion constraints layer 5...
exclusion constraints layer 6...
exclusion constraints layer 7...
exclusion constraints layer 8...
exclusion constraints layer 9...
exclusion constraints layer 10...
exclusion constraints layer 11...
exclusion constraints layer 12...
exclusion constraints layer 13...
exclusion constraints layer 14...
exclusion constraints layer 15...
exclusion constraints layer 16...
exclusion constraints layer 17...
exclusion constraints layer 18...
exclusion constraints layer 19...
exclusion constraints layer 20...
exclusion constraints layer 21...
exclusion constraints layer 22...
exclusion constraints layer 23...
exclusion constraints layer 24...
exclusion constraints layer 25...
exclusion constraints layer 26...
exclusion constraints layer 27...
exclusion constraints layer 28...
exclusion constraints layer 29...
exclusion constraints layer 30...
exclusion constraints layer 31...
exclusion constraints layer 32...
exclusion constraints layer 33...
exclusion constraints layer 34...
exclusion constraints layer 35...
exclusion constraints layer 36...
exclusion constraints layer 37...
exclusion constraints layer 38...
exclusion constraints layer 39...
exclusion constraints layer 40...
exclusion constraints layer 41...
exclusion constraints layer 42...
exclusion constraints layer 43...
exclusion constraints layer 44...
exclusion constraints layer 45...
exclusion constraints layer 46...
exclusion constraints layer 47...
exclusion constraints layer 48...
exclusion constraints layer 49...
exclusion constraints layer 50...
exclusion constraints layer 51...
exclusion constraints layer 52...

DECISION LAYER 52, WRITING THIN GP-BASED ENCODING WITH 38221 VARS, 3433188 CLAUSES.

time spent:    0.00 seconds instantiating 544 action templates
               0.00 seconds reachability analysis, yielding 305 facts and 544 actions
               0.00 seconds collecting 305 relevant facts
               0.00 seconds building connectivity graph
               0.00 seconds building (std) graph
               0.34 seconds CNF output time
               0.34 seconds total planner time (solving not included)

Pruned:  0: (PICK-UP K) [1]
Pruned:  0: (PICK-UP K) [1]
Pruned:  0: (PICK-UP K) [1]
Pruned:  0: (PICK-UP K) [1]
Pruned:  0: (PICK-UP K) [1]
Pruned:  0: (PICK-UP K) [1]
Pruned:  0: (PICK-UP K) [1]
Pruned:  0: (PICK-UP K) [1]
Pruned:  0: (PICK-UP K) [1]
Pruned:  0: (PICK-UP K) [1]
Pruned:  0: (PICK-UP K) [1]
Pruned:  0: (PICK-UP K) [1]
Pruned:  0: (PICK-UP K) [1]
Pruned:  0: (PICK-UP K) [1]
Pruned:  0: (PICK-UP K) [1]
Pruned:  0: (PICK-UP K) [1]
Pruned:  0: (PICK-UP K) [1]
Pruned:  0: (PICK-UP K) [1]
Pruned:  0: (PICK-UP K) [1]
Pruned:  0: (PICK-UP K) [1]
Pruned:  0: (PICK-UP K) [1]
Pruned:  0: (PICK-UP K) [1]
Pruned:  0: (PICK-UP K) [1]
Pruned:  0: (PICK-UP K) [1]
Pruned:  0: (PICK-UP K) [1]
Pruned:  0: (PICK-UP K) [1]
Pruned:  0: (PICK-UP K) [1]
Pruned:  0: (PICK-UP K) [1]
Pruned:  0: (PICK-UP K) [1]
Pruned:  0: (PICK-UP K) [1]
Pruned:  0: (PICK-UP K) [1]
Pruned:  0: (PICK-UP K) [1]
Pruned:  0: (PICK-UP K) [1]
Pruned:  0: (PICK-UP K) [1]
Pruned:  0: (PICK-UP K) [1]
Pruned:  0: (PICK-UP K) [1]
Pruned:  0: (PICK-UP K) [1]
Pruned:  0: (PICK-UP K) [1]
Pruned:  0: (PICK-UP K) [1]
Pruned:  0: (PICK-UP K) [1]
Pruned:  0: (PICK-UP K) [1]
Pruned:  0: (PICK-UP K) [1]
Pruned:  0: (PICK-UP K) [1]
Pruned:  0: (PICK-UP K) [1]
Pruned:  0: (PICK-UP K) [1]
Pruned:  0: (PICK-UP K) [1]
Pruned:  0: (PICK-UP K) [1]
Pruned:  0: (PICK-UP K) [1]
Pruned:  0: (PICK-UP K) [1]
Pruned:  0: (PICK-UP K) [1]
Pruned:  0: (PICK-UP K) [1]
Pruned:  0: (PICK-UP K) [1]
Pruned:  0: (PICK-UP K) [1]
Pruned:  0: (PICK-UP K) [1]
Pruned:  0: (PICK-UP K) [1]
Pruned:  0: (PICK-UP K) [1]
Pruned:  0: (PICK-UP K) [1]
Pruned:  0: (PICK-UP K) [1]
Pruned:  0: (PICK-UP K) [1]
Pruned:  0: (PICK-UP K) [1]
Pruned:  0: (PICK-UP K) [1]
Pruned:  0: (PICK-UP K) [1]
Pruned:  0: (PICK-UP K) [1]
Pruned:  0: (PICK-UP K) [1]
Pruned:  0: (PICK-UP K) [1]
Pruned:  0: (PICK-UP K) [1]
Pruned:  0: (PICK-UP K) [1]
Pruned:  0: (PICK-UP K) [1]
Pruned:  0: (PICK-UP K) [1]
Pruned:  0: (PICK-UP K) [1]
Pruned:  0: (PICK-UP K) [1]
Pruned:  0: (PICK-UP K) [1]
Pruned:  0: (PICK-UP K) [1]
Pruned:  0: (PICK-UP K) [1]
Pruned:  0: (PICK-UP K) [1]
Pruned:  0: (PICK-UP K) [1]
Pruned:  0: (PICK-UP K) [1]
Pruned:  0: (PICK-UP K) [1]
Pruned:  0: (PICK-UP K) [1]
Pruned:  0: (PICK-UP K) [1]
Pruned:  0: (PICK-UP K) [1]
Pruned:  0: (PICK-UP K) [1]
Pruned:  0: (PICK-UP K) [1]
Pruned:  0: (PICK-UP K) [1]
Pruned:  0: (PICK-UP K) [1]
Pruned:  0: (PICK-UP K) [1]
Pruned:  0: (PICK-UP K) [1]
Pruned:  0: (PICK-UP K) [1]
Pruned:  0: (PICK-UP K) [1]
Pruned:  0: (PICK-UP K) [1]
Pruned:  0: (PICK-UP K) [1]
Pruned:  0: (PICK-UP K) [1]
Pruned:  0: (PICK-UP K) [1]
Pruned:  0: (PICK-UP K) [1]
Pruned:  0: (PICK-UP K) [1]
Pruned:  0: (PICK-UP K) [1]
Pruned:  0: (PICK-UP K) [1]
Pruned:  0: (PICK-UP K) [1]
Pruned:  0: (PICK-UP K) [1]
Pruned:  0: (PICK-UP K) [1]
Pruned:  0: (PICK-UP K) [1]
Pruned:  0: (PICK-UP K) [1]
Pruned:  0: (PICK-UP K) [1]
Pruned:  0: (PICK-UP K) [1]
Pruned:  0: (PICK-UP K) [1]
Pruned:  0: (PICK-UP K) [1]
Pruned:  0: (PICK-UP K) [1]
Pruned:  0: (PICK-UP K) [1]
Pruned:  0: (PICK-UP K) [1]
Pruned:  0: (PICK-UP K) [1]
Pruned:  0: (PICK-UP K) [1]
Pruned:  0: (PICK-UP K) [1]
Pruned:  0: (PICK-UP K) [1]
Pruned:  0: (PICK-UP K) [1]
Pruned:  0: (PICK-UP K) [1]
Pruned:  0: (PICK-UP K) [1]
Pruned:  0: (PICK-UP K) [1]
Pruned:  0: (PICK-UP K) [1]
Pruned:  0: (PICK-UP K) [1]
Pruned:  0: (PICK-UP K) [1]
Pruned:  0: (PICK-UP K) [1]
Pruned:  0: (PICK-UP K) [1]
Pruned:  0: (PICK-UP K) [1]
Pruned:  0: (PICK-UP K) [1]
Pruned:  0: (PICK-UP K) [1]
Pruned:  0: (PICK-UP K) [1]
Pruned:  0: (PICK-UP K) [1]
Pruned:  0: (PICK-UP K) [1]
Pruned:  0: (PICK-UP K) [1]
Pruned:  0: (PICK-UP K) [1]
Pruned:  0: (PICK-UP K) [1]
Pruned:  0: (PICK-UP K) [1]
Pruned:  0: (PICK-UP K) [1]
Pruned:  0: (PICK-UP K) [1]
Pruned:  0: (PICK-UP K) [1]
Pruned:  0: (PICK-UP K) [1]
Pruned:  0: (PICK-UP K) [1]
Pruned:  0: (PICK-UP K) [1]
Pruned:  0: (PICK-UP K) [1]
Pruned:  0: (PICK-UP K) [1]
Pruned:  0: (PICK-UP K) [1]
Pruned:  0: (PICK-UP K) [1]
Pruned:  0: (PICK-UP K) [1]
Pruned:  0: (PICK-UP K) [1]
Pruned:  0: (PICK-UP K) [1]
Pruned:  0: (PICK-UP K) [1]
Pruned:  0: (PICK-UP K) [1]
Pruned:  0: (PICK-UP K) [1]
Pruned:  0: (PICK-UP K) [1]
Pruned:  0: (PICK-UP K) [1]
Pruned:  0: (PICK-UP K) [1]
Pruned:  0: (PICK-UP K) [1]
Pruned:  0: (PICK-UP K) [1]
Pruned:  0: (PICK-UP K) [1]
Pruned:  0: (PICK-UP K) [1]
Pruned:  0: (PICK-UP K) [1]
Pruned:  0: (PICK-UP K) [1]
Pruned:  0: (PICK-UP K) [1]
Pruned:  0: (PICK-UP K) [1]
Pruned:  0: (PICK-UP K) [1]
Pruned:  0: (PICK-UP K) [1]
Pruned:  0: (PICK-UP K) [1]
Pruned:  0: (PICK-UP K) [1]
Pruned:  0: (PICK-UP K) [1]
Pruned:  0: (PICK-UP K) [1]
Pruned:  0: (PICK-UP K) [1]
Pruned:  0: (PICK-UP K) [1]
Pruned:  0: (PICK-UP K) [1]
Pruned:  0: (PICK-UP K) [1]
Pruned:  0: (PICK-UP K) [1]
Pruned:  0: (PICK-UP K) [1]
Pruned:  0: (PICK-UP K) [1]
Pruned:  0: (PICK-UP K) [1]
Pruned:  0: (PICK-UP K) [1]
Pruned:  0: (PICK-UP K) [1]
Pruned:  0: (PICK-UP K) [1]
Pruned:  0: (PICK-UP K) [1]
Pruned:  0: (PICK-UP K) [1]
Pruned:  0: (PICK-UP K) [1]
Pruned:  0: (PICK-UP K) [1]
Pruned:  0: (PICK-UP K) [1]
Pruned:  0: (PICK-UP K) [1]
Pruned:  0: (PICK-UP K) [1]
Pruned:  0: (PICK-UP K) [1]
Pruned:  0: (PICK-UP K) [1]
Pruned:  0: (PICK-UP K) [1]
Pruned:  0: (PICK-UP K) [1]
Pruned:  0: (PICK-UP K) [1]
Pruned:  0: (PICK-UP K) [1]
Pruned:  0: (PICK-UP K) [1]
Pruned:  0: (PICK-UP K) [1]
Pruned:  0: (PICK-UP K) [1]
Pruned:  0: (PICK-UP K) [1]
Pruned:  0: (PICK-UP K) [1]
Pruned:  0: (PICK-UP K) [1]
Pruned:  0: (PICK-UP K) [1]
Pruned:  0: (PICK-UP K) [1]
Pruned:  0: (PICK-UP K) [1]
Pruned:  0: (PICK-UP K) [1]
Pruned:  0: (PICK-UP K) [1]
Pruned:  0: (PICK-UP K) [1]
Pruned:  0: (PICK-UP K) [1]
Pruned:  0: (PICK-UP K) [1]
Pruned:  0: (PICK-UP K) [1]
Pruned:  0: (PICK-UP K) [1]
Pruned:  0: (PICK-UP K) [1]
Pruned:  0: (PICK-UP K) [1]
Pruned:  0: (PICK-UP K) [1]
Pruned:  0: (PICK-UP K) [1]
Pruned:  0: (PICK-UP K) [1]
Pruned:  0: (PICK-UP K) [1]
Pruned:  0: (PICK-UP K) [1]
Pruned:  0: (PICK-UP K) [1]
Pruned:  0: (PICK-UP K) [1]
Pruned:  0: (PICK-UP K) [1]
Pruned:  0: (PICK-UP K) [1]
Pruned:  0: (PICK-UP K) [1]
Pruned:  0: (PICK-UP K) [1]
Pruned:  0: (PICK-UP K) [1]
Pruned:  0: (PICK-UP K) [1]
Pruned:  0: (PICK-UP K) [1]
Pruned:  0: (PICK-UP K) [1]
Pruned:  0: (PICK-UP K) [1]
Pruned:  0: (PICK-UP K) [1]
Pruned:  0: (PICK-UP K) [1]
Pruned:  0: (PICK-UP K) [1]
Pruned:  0: (PICK-UP K) [1]
Pruned:  0: (PICK-UP K) [1]
Pruned:  0: (PICK-UP K) [1]
Pruned:  0: (PICK-UP K) [1]
Pruned:  0: (PICK-UP K) [1]
Pruned:  0: (PICK-UP K) [1]
Pruned:  0: (PICK-UP K) [1]
Pruned:  0: (PICK-UP K) [1]
Pruned:  0: (PICK-UP K) [1]
Pruned:  0: (PICK-UP K) [1]
Pruned:  0: (PICK-UP K) [1]
Pruned:  0: (PICK-UP K) [1]
Pruned:  0: (PICK-UP K) [1]
Pruned:  0: (PICK-UP K) [1]
Pruned:  0: (PICK-UP K) [1]
Pruned:  0: (PICK-UP K) [1]
Pruned:  0: (PICK-UP K) [1]
Pruned:  0: (PICK-UP K) [1]
Pruned:  0: (PICK-UP K) [1]
Pruned:  0: (PICK-UP K) [1]
Pruned:  0: (PICK-UP K) [1]
Pruned:  0: (PICK-UP K) [1]
Pruned:  0: (PICK-UP K) [1]
Pruned:  0: (PICK-UP K) [1]
Pruned:  0: (PICK-UP K) [1]
Pruned:  0: (PICK-UP K) [1]
Pruned:  0: (PICK-UP K) [1]
Pruned:  0: (PICK-UP K) [1]
Pruned:  0: (PICK-UP K) [1]
Pruned:  0: (PICK-UP K) [1]
Pruned:  0: (PICK-UP K) [1]
Pruned:  0: (PICK-UP K) [1]
Pruned:  0: (PICK-UP K) [1]
Pruned:  0: (PICK-UP K) [1]
Pruned:  0: (PICK-UP K) [1]
Pruned:  0: (PICK-UP K) [1]
Pruned:  0: (PICK-UP K) [1]
Pruned:  0: (PICK-UP K) [1]
Pruned:  0: (PICK-UP K) [1]
Pruned:  0: (PICK-UP K) [1]
Pruned:  0: (PICK-UP K) [1]
Pruned:  0: (PICK-UP K) [1]
Pruned:  0: (PICK-UP K) [1]
Pruned:  0: (PICK-UP K) [1]
Pruned:  0: (PICK-UP K) [1]
Pruned:  0: (PICK-UP K) [1]
Pruned:  0: (PICK-UP K) [1]
Pruned:  0: (PICK-UP K) [1]
Pruned:  0: (PICK-UP K) [1]
Pruned:  0: (PICK-UP K) [1]
Pruned:  0: (PICK-UP K) [1]
Pruned:  0: (PICK-UP K) [1]
Pruned:  0: (PICK-UP K) [1]
Pruned:  0: (PICK-UP K) [1]
Pruned:  0: (PICK-UP K) [1]
Pruned:  0: (PICK-UP K) [1]
Pruned:  0: (PICK-UP K) [1]
Pruned:  0: (PICK-UP K) [1]
Pruned:  0: (PICK-UP K) [1]
Pruned:  0: (PICK-UP K) [1]
Pruned:  0: (PICK-UP K) [1]
Pruned:  0: (PICK-UP K) [1]
Pruned:  0: (PICK-UP K) [1]
Pruned:  0: (PICK-UP K) [1]
Pruned:  0: (PICK-UP K) [1]
Pruned:  0: (PICK-UP K) [1]
Pruned:  0: (PICK-UP K) [1]
Pruned:  0: (PICK-UP K) [1]
Pruned:  0: (PICK-UP K) [1]
Pruned:  0: (PICK-UP K) [1]
Pruned:  0: (PICK-UP K) [1]
Pruned:  0: (PICK-UP K) [1]
Pruned:  0: (PICK-UP K) [1]
Pruned:  0: (PICK-UP K) [1]
Pruned:  0: (PICK-UP K) [1]
Pruned:  0: (PICK-UP K) [1]
Pruned:  0: (PICK-UP K) [1]
Pruned:  0: (PICK-UP K) [1]
Pruned:  0: (PICK-UP K) [1]
Pruned:  0: (PICK-UP K) [1]
Pruned:  0: (PICK-UP K) [1]
Pruned:  0: (PICK-UP K) [1]
Pruned:  0: (PICK-UP K) [1]
Pruned:  0: (PICK-UP K) [1]
Pruned:  0: (PICK-UP K) [1]
Pruned:  0: (PICK-UP K) [1]
Pruned:  0: (PICK-UP K) [1]
Pruned:  0: (PICK-UP K) [1]
Pruned:  0: (PICK-UP K) [1]
Pruned:  0: (PICK-UP K) [1]
Pruned:  0: (PICK-UP K) [1]
Pruned:  0: (PICK-UP K) [1]
Pruned:  0: (PICK-UP K) [1]
Pruned:  0: (PICK-UP K) [1]
Pruned:  0: (PICK-UP K) [1]
Pruned:  0: (PICK-UP K) [1]
Pruned:  0: (PICK-UP K) [1]
Pruned:  0: (PICK-UP K) [1]
Pruned:  0: (PICK-UP K) [1]
Pruned:  0: (PICK-UP K) [1]
Pruned:  0: (PICK-UP K) [1]
Pruned:  0: (PICK-UP K) [1]
Pruned:  0: (PICK-UP K) [1]
Pruned:  0: (PICK-UP K) [1]
Pruned:  0: (PICK-UP K) [1]
Pruned:  0: (PICK-UP K) [1]
Pruned:  0: (PICK-UP K) [1]
Pruned:  0: (PICK-UP K) [1]
Pruned:  0: (PICK-UP K) [1]
Pruned:  0: (PICK-UP K) [1]
Pruned:  0: (PICK-UP K) [1]
Pruned:  0: (PICK-UP K) [1]
Pruned:  0: (PICK-UP K) [1]
Pruned:  0: (PICK-UP K) [1]
Pruned:  0: (PICK-UP K) [1]
Pruned:  0: (PICK-UP K) [1]
Pruned:  0: (PICK-UP K) [1]
Pruned:  0: (PICK-UP K) [1]
Pruned:  0: (PICK-UP K) [1]
Pruned:  0: (PICK-UP K) [1]
Pruned:  0: (PICK-UP K) [1]
Pruned:  0: (PICK-UP K) [1]
Pruned:  0: (PICK-UP K) [1]
Pruned:  0: (PICK-UP K) [1]
Pruned:  0: (PICK-UP K) [1]
Pruned:  0: (PICK-UP K) [1]
Pruned:  0: (PICK-UP K) [1]
Pruned:  0: (PICK-UP K) [1]
Pruned:  0: (PICK-UP K) [1]
Pruned:  0: (PICK-UP K) [1]
Pruned:  0: (PICK-UP K) [1]
Pruned:  0: (PICK-UP K) [1]
Pruned:  0: (PICK-UP K) [1]
Pruned:  0: (PICK-UP K) [1]
Pruned:  0: (PICK-UP K) [1]
Pruned:  0: (PICK-UP K) [1]
Pruned:  0: (PICK-UP K) [1]
Pruned:  0: (PICK-UP K) [1]
Pruned:  0: (PICK-UP K) [1]
Pruned:  0: (PICK-UP K) [1]
Pruned:  0: (PICK-UP K) [1]
Pruned:  0: (PICK-UP K) [1]
Pruned:  0: (PICK-UP K) [1]
Pruned:  0: (PICK-UP K) [1]
Pruned:  0: (PICK-UP K) [1]
Pruned:  0: (PICK-UP K) [1]
Pruned:  0: (PICK-UP K) [1]
Pruned:  0: (PICK-UP K) [1]
Pruned:  0: (PICK-UP K) [1]
Pruned:  0: (PICK-UP K) [1]
Pruned:  0: (PICK-UP K) [1]
Pruned:  0: (PICK-UP K) [1]
Pruned:  0: (PICK-UP K) [1]
Pruned:  0: (PICK-UP K) [1]
Pruned:  0: (PICK-UP K) [1]
Pruned:  0: (PICK-UP K) [1]
Pruned:  0: (PICK-UP K) [1]
Pruned:  0: (PICK-UP K) [1]
Pruned:  0: (PICK-UP K) [1]
Pruned:  0: (PICK-UP K) [1]
Pruned:  0: (PICK-UP K) [1]
Pruned:  0: (PICK-UP K) [1]
Pruned:  0: (PICK-UP K) [1]
Pruned:  0: (PICK-UP K) [1]
Pruned:  0: (PICK-UP K) [1]
Pruned:  0: (PICK-UP K) [1]
Pruned:  0: (PICK-UP K) [1]
Pruned:  0: (PICK-UP K) [1]
Pruned:  0: (PICK-UP K) [1]
Pruned:  0: (PICK-UP K) [1]
Pruned:  0: (PICK-UP K) [1]
Pruned:  0: (PICK-UP K) [1]
Pruned:  0: (PICK-UP K) [1]
Pruned:  0: (PICK-UP K) [1]
Pruned:  0: (PICK-UP K) [1]
Pruned:  0: (PICK-UP K) [1]
Pruned:  0: (PICK-UP K) [1]
Pruned:  0: (PICK-UP K) [1]
Pruned:  0: (PICK-UP K) [1]
Pruned:  0: (PICK-UP K) [1]
Pruned:  0: (PICK-UP K) [1]
Pruned:  0: (PICK-UP K) [1]
Pruned:  0: (PICK-UP K) [1]
Pruned:  0: (PICK-UP K) [1]
Pruned:  0: (PICK-UP K) [1]
Pruned:  0: (PICK-UP K) [1]
Pruned:  0: (PICK-UP K) [1]
Pruned:  0: (PICK-UP K) [1]
Pruned:  0: (PICK-UP K) [1]
Pruned:  0: (PICK-UP K) [1]
Pruned:  0: (PICK-UP K) [1]
Pruned:  0: (PICK-UP K) [1]
Pruned:  0: (PICK-UP K) [1]
Pruned:  0: (PICK-UP K) [1]
Pruned:  0: (PICK-UP K) [1]
Pruned:  0: (PICK-UP K) [1]
Pruned:  0: (PICK-UP K) [1]
Pruned:  0: (PICK-UP K) [1]
Pruned:  0: (PICK-UP K) [1]
Pruned:  0: (PICK-UP K) [1]
Pruned:  0: (PICK-UP K) [1]
Pruned:  0: (PICK-UP K) [1]
Pruned:  0: (PICK-UP K) [1]
Pruned:  0: (PICK-UP K) [1]
Pruned:  0: (PICK-UP K) [1]
Pruned:  0: (PICK-UP K) [1]
Pruned:  0: (PICK-UP K) [1]
Pruned:  0: (PICK-UP K) [1]
Pruned:  0: (PICK-UP K) [1]
Pruned:  0: (PICK-UP K) [1]
Pruned:  0: (PICK-UP K) [1]
Pruned:  0: (PICK-UP K) [1]
Pruned:  0: (PICK-UP K) [1]
Pruned:  0: (PICK-UP K) [1]
Pruned:  0: (PICK-UP K) [1]
Pruned:  0: (PICK-UP K) [1]
Pruned:  0: (PICK-UP K) [1]
Pruned:  0: (PICK-UP K) [1]
Pruned:  0: (PICK-UP K) [1]
Pruned:  0: (PICK-UP K) [1]
Pruned:  0: (PICK-UP K) [1]
Pruned:  0: (PICK-UP K) [1]
Pruned:  0: (PICK-UP K) [1]
Pruned:  0: (PICK-UP K) [1]
Pruned:  0: (PICK-UP K) [1]
Pruned:  0: (PICK-UP K) [1]
Pruned:  0: (PICK-UP K) [1]
Pruned:  0: (PICK-UP K) [1]
Pruned:  0: (PICK-UP K) [1]
Pruned:  0: (PICK-UP K) [1]
Pruned:  0: (PICK-UP K) [1]
Pruned:  0: (PICK-UP K) [1]
Pruned:  0: (PICK-UP K) [1]
Pruned:  0: (PICK-UP K) [1]
Pruned:  0: (PICK-UP K) [1]
Pruned:  0: (PICK-UP K) [1]
Pruned:  0: (PICK-UP K) [1]
Pruned:  0: (PICK-UP K) [1]
Pruned:  0: (PICK-UP K) [1]
Pruned:  0: (PICK-UP K) [1]
Pruned:  0: (PICK-UP K) [1]
Pruned:  0: (PICK-UP K) [1]
Pruned:  0: (PICK-UP K) [1]
Pruned:  0: (PICK-UP K) [1]
Pruned:  0: (PICK-UP K) [1]
Pruned:  0: (PICK-UP K) [1]
Pruned:  0: (PICK-UP K) [1]
Pruned:  0: (PICK-UP K) [1]
Pruned:  0: (PICK-UP K) [1]
Pruned:  0: (PICK-UP K) [1]
Pruned:  0: (PICK-UP K) [1]
Pruned:  0: (PICK-UP K) [1]
Pruned:  0: (PICK-UP K) [1]
Pruned:  0: (PICK-UP K) [1]
Pruned:  0: (PICK-UP K) [1]
Pruned:  0: (PICK-UP K) [1]
Pruned:  0: (PICK-UP K) [1]
Pruned:  0: (PICK-UP K) [1]
Pruned:  0: (PICK-UP K) [1]
Pruned:  0: (PICK-UP K) [1]
Pruned:  0: (PICK-UP K) [1]
Pruned:  0: (PICK-UP K) [1]
Pruned:  0: (PICK-UP K) [1]
Pruned:  0: (PICK-UP K) [1]
Pruned:  0: (PICK-UP K) [1]
Pruned:  0: (PICK-UP K) [1]
Pruned:  0: (PICK-UP K) [1]
Pruned:  0: (PICK-UP K) [1]
Pruned:  0: (PICK-UP K) [1]
Pruned:  0: (PICK-UP K) [1]
Pruned:  0: (PICK-UP K) [1]
Pruned:  0: (PICK-UP K) [1]
Pruned:  0: (PICK-UP K) [1]
Pruned:  0: (PICK-UP K) [1]
Pruned:  0: (PICK-UP K) [1]
Pruned:  0: (PICK-UP K) [1]
Pruned:  0: (PICK-UP K) [1]
Pruned:  0: (PICK-UP K) [1]
Pruned:  0: (PICK-UP K) [1]
Pruned:  0: (PICK-UP K) [1]
Pruned:  0: (PICK-UP K) [1]
Pruned:  0: (PICK-UP K) [1]
Pruned:  0: (PICK-UP K) [1]
Pruned:  0: (PICK-UP K) [1]
Pruned:  0: (PICK-UP K) [1]
Pruned:  0: (PICK-UP K) [1]
Pruned:  0: (PICK-UP K) [1]
Pruned:  0: (PICK-UP K) [1]
Pruned:  0: (PICK-UP K) [1]
Pruned:  0: (PICK-UP K) [1]
Pruned:  0: (PICK-UP K) [1]
Pruned:  0: (PICK-UP K) [1]
Pruned:  0: (PICK-UP K) [1]
Pruned:  0: (PICK-UP K) [1]
Pruned:  0: (PICK-UP K) [1]
Pruned:  0: (PICK-UP K) [1]
Pruned:  0: (PICK-UP K) [1]
Pruned:  0: (PICK-UP K) [1]
Pruned:  0: (PICK-UP K) [1]
Pruned:  0: (PICK-UP K) [1]
Pruned:  0: (PICK-UP K) [1]
Pruned:  0: (PICK-UP K) [1]
Pruned:  0: (PICK-UP K) [1]
Pruned:  0: (PICK-UP K) [1]
Pruned:  0: (PICK-UP K) [1]
Pruned:  0: (PICK-UP K) [1]
Pruned:  0: (PICK-UP K) [1]
Pruned:  0: (PICK-UP K) [1]
Pruned:  0: (PICK-UP K) [1]
Pruned:  0: (PICK-UP K) [1]
Pruned:  0: (PICK-UP K) [1]
Pruned:  0: (PICK-UP K) [1]
Pruned:  0: (PICK-UP K) [1]
Pruned:  0: (PICK-UP K) [1]
Pruned:  0: (PICK-UP K) [1]
Pruned:  0: (PICK-UP K) [1]
Pruned:  0: (PICK-UP K) [1]
Pruned:  0: (PICK-UP K) [1]
Pruned:  0: (PICK-UP K) [1]
Pruned:  0: (PICK-UP K) [1]
Pruned:  0: (PICK-UP K) [1]
Pruned:  0: (PICK-UP K) [1]
Pruned:  0: (PICK-UP K) [1]
Pruned:  0: (PICK-UP K) [1]
Pruned:  0: (PICK-UP K) [1]
Pruned:  0: (PICK-UP K) [1]
Pruned:  0: (PICK-UP K) [1]
Pruned:  0: (PICK-UP K) [1]
Pruned:  0: (PICK-UP K) [1]
Pruned:  0: (PICK-UP K) [1]
Pruned:  0: (PICK-UP K) [1]
Pruned:  0: (PICK-UP K) [1]
Pruned:  0: (PICK-UP K) [1]
Pruned:  0: (PICK-UP K) [1]
Pruned:  0: (PICK-UP K) [1]
Pruned:  0: (PICK-UP K) [1]
Pruned:  0: (PICK-UP K) [1]
Pruned:  0: (PICK-UP K) [1]
Pruned:  0: (PICK-UP K) [1]
Pruned:  0: (PICK-UP K) [1]
Pruned:  0: (PICK-UP K) [1]
Pruned:  0: (PICK-UP K) [1]
Pruned:  0: (PICK-UP K) [1]
Pruned:  0: (PICK-UP K) [1]
Pruned:  0: (PICK-UP K) [1]
Pruned:  0: (PICK-UP K) [1]
Pruned:  0: (PICK-UP K) [1]
Pruned:  0: (PICK-UP K) [1]
Pruned:  0: (PICK-UP K) [1]
Pruned:  0: (PICK-UP K) [1]
Pruned:  0: (PICK-UP K) [1]
Pruned:  0: (PICK-UP K) [1]
Pruned:  0: (PICK-UP K) [1]
Pruned:  0: (PICK-UP K) [1]
Pruned:  0: (PICK-UP K) [1]
Pruned:  0: (PICK-UP K) [1]
Pruned:  0: (PICK-UP K) [1]
Pruned:  0: (PICK-UP K) [1]
Pruned:  0: (PICK-UP K) [1]
Pruned:  0: (PICK-UP K) [1]
Pruned:  0: (PICK-UP K) [1]
Pruned:  0: (PICK-UP K) [1]
Pruned:  0: (PICK-UP K) [1]
Pruned:  0: (PICK-UP K) [1]
Pruned:  0: (PICK-UP K) [1]
Pruned:  0: (PICK-UP K) [1]
Pruned:  0: (PICK-UP K) [1]
Pruned:  0: (PICK-UP K) [1]
Pruned:  0: (PICK-UP K) [1]
Pruned:  0: (PICK-UP K) [1]
Pruned:  0: (PICK-UP K) [1]
Pruned:  0: (PICK-UP K) [1]
Pruned:  0: (PICK-UP K) [1]
Pruned:  0: (PICK-UP K) [1]
Pruned:  0: (PICK-UP K) [1]
Pruned:  0: (PICK-UP K) [1]
Pruned:  0: (PICK-UP K) [1]
Pruned:  0: (PICK-UP K) [1]
Pruned:  0: (PICK-UP K) [1]
Pruned:  0: (PICK-UP K) [1]
Pruned:  0: (PICK-UP K) [1]
Pruned:  0: (PICK-UP K) [1]
Pruned:  0: (PICK-UP K) [1]
Pruned:  0: (PICK-UP K) [1]
Pruned:  0: (PICK-UP K) [1]
Pruned:  0: (PICK-UP K) [1]
Pruned:  0: (PICK-UP K) [1]
Pruned:  0: (PICK-UP K) [1]
Pruned:  0: (PICK-UP K) [1]
Pruned:  0: (PICK-UP K) [1]
Pruned:  0: (PICK-UP K) [1]
Pruned:  0: (PICK-UP K) [1]
Pruned:  0: (PICK-UP K) [1]
Pruned:  0: (PICK-UP K) [1]
Pruned:  0: (PICK-UP K) [1]
Pruned:  0: (PICK-UP K) [1]
Pruned:  0: (PICK-UP K) [1]
Pruned:  0: (PICK-UP K) [1]
Pruned:  0: (PICK-UP K) [1]
Pruned:  0: (PICK-UP K) [1]
Pruned:  0: (PICK-UP K) [1]
Pruned:  0: (PICK-UP K) [1]
Pruned:  0: (PICK-UP K) [1]
Pruned:  0: (PICK-UP K) [1]
Pruned:  0: (PICK-UP K) [1]
Pruned:  0: (PICK-UP K) [1]
Pruned:  0: (PICK-UP K) [1]
Pruned:  0: (PICK-UP K) [1]
Pruned:  0: (PICK-UP K) [1]
Pruned:  0: (PICK-UP K) [1]
Pruned:  0: (PICK-UP K) [1]
Pruned:  0: (PICK-UP K) [1]
Pruned:  0: (PICK-UP K) [1]
Pruned:  0: (PICK-UP K) [1]
Pruned:  0: (PICK-UP K) [1]
Pruned:  0: (PICK-UP K) [1]
Pruned:  0: (PICK-UP K) [1]
Pruned:  0: (PICK-UP K) [1]
Pruned:  0: (PICK-UP K) [1]
Pruned:  0: (PICK-UP K) [1]
Pruned:  0: (PICK-UP K) [1]
Pruned:  0: (PICK-UP K) [1]
Pruned:  0: (PICK-UP K) [1]
Pruned:  0: (PICK-UP K) [1]
Pruned:  0: (PICK-UP K) [1]
Pruned:  0: (PICK-UP K) [1]
Pruned:  0: (PICK-UP K) [1]
Pruned:  0: (PICK-UP K) [1]
Pruned:  0: (PICK-UP K) [1]
Pruned:  0: (PICK-UP K) [1]
Pruned:  0: (PICK-UP K) [1]
Pruned:  0: (PICK-UP K) [1]
Pruned:  0: (PICK-UP K) [1]
Pruned:  0: (PICK-UP K) [1]
Pruned:  0: (PICK-UP K) [1]
Pruned:  0: (PICK-UP K) [1]
Pruned:  0: (PICK-UP K) [1]
Pruned:  0: (PICK-UP K) [1]
Pruned:  0: (PICK-UP K) [1]
Pruned:  0: (PICK-UP K) [1]
Pruned:  0: (PICK-UP K) [1]
Pruned:  0: (PICK-UP K) [1]
Pruned:  0: (PICK-UP K) [1]
Pruned:  0: (PICK-UP K) [1]
Pruned:  0: (PICK-UP K) [1]
Pruned:  0: (PICK-UP K) [1]
Pruned:  0: (PICK-UP K) [1]
Pruned:  0: (PICK-UP K) [1]
Pruned:  0: (PICK-UP K) [1]
Pruned:  0: (PICK-UP K) [1]
Pruned:  0: (PICK-UP K) [1]
Pruned:  0: (PICK-UP K) [1]
Pruned:  0: (PICK-UP K) [1]
Pruned:  0: (PICK-UP K) [1]
Pruned:  0: (PICK-UP K) [1]
Pruned:  0: (PICK-UP K) [1]
Pruned:  0: (PICK-UP K) [1]
Pruned:  0: (PICK-UP K) [1]
Pruned:  0: (PICK-UP K) [1]
Pruned:  0: (PICK-UP K) [1]
Pruned:  0: (PICK-UP K) [1]
Pruned:  0: (PICK-UP K) [1]
Pruned:  0: (PICK-UP K) [1]
Pruned:  0: (PICK-UP K) [1]
Pruned:  0: (PICK-UP K) [1]
Pruned:  0: (PICK-UP K) [1]
Pruned:  0: (PICK-UP K) [1]
Pruned:  0: (PICK-UP K) [1]
Pruned:  0: (PICK-UP K) [1]
Pruned:  0: (PICK-UP K) [1]
Pruned:  0: (PICK-UP K) [1]
Pruned:  0: (PICK-UP K) [1]
Pruned:  0: (PICK-UP K) [1]
Pruned:  0: (PICK-UP K) [1]
Pruned:  0: (PICK-UP K) [1]
Pruned:  0: (PICK-UP K) [1]
Pruned:  0: (PICK-UP K) [1]
Pruned:  0: (PICK-UP K) [1]
Pruned:  0: (PICK-UP K) [1]
Pruned:  0: (PICK-UP K) [1]
Pruned:  0: (PICK-UP K) [1]
Pruned:  0: (PICK-UP K) [1]
Pruned:  0: (PICK-UP K) [1]
Pruned:  0: (PICK-UP K) [1]
Pruned:  0: (PICK-UP K) [1]
Pruned:  0: (PICK-UP K) [1]
Pruned:  0: (PICK-UP K) [1]
Pruned:  0: (PICK-UP K) [1]
Pruned:  0: (PICK-UP K) [1]
Pruned:  0: (PICK-UP K) [1]
Pruned:  0: (PICK-UP K) [1]
Pruned:  0: (PICK-UP K) [1]
Pruned:  0: (PICK-UP K) [1]
Pruned:  0: (PICK-UP K) [1]
Pruned:  0: (PICK-UP K) [1]
Pruned:  0: (PICK-UP K) [1]
Pruned:  0: (PICK-UP K) [1]
Pruned:  0: (PICK-UP K) [1]
Pruned:  0: (PICK-UP K) [1]
Pruned:  0: (PICK-UP K) [1]
Pruned:  0: (PICK-UP K) [1]
Pruned:  0: (PICK-UP K) [1]
Pruned:  0: (PICK-UP K) [1]
Pruned:  0: (PICK-UP K) [1]
Pruned:  0: (PICK-UP K) [1]
Pruned:  0: (PICK-UP K) [1]
Pruned:  0: (PICK-UP K) [1]
Pruned:  0: (PICK-UP K) [1]
Pruned:  0: (PICK-UP K) [1]
Pruned:  0: (PICK-UP K) [1]
Pruned:  0: (PICK-UP K) [1]
Pruned:  0: (PICK-UP K) [1]
Pruned:  0: (PICK-UP K) [1]
Pruned:  0: (PICK-UP K) [1]
Pruned:  0: (PICK-UP K) [1]
Pruned:  0: (PICK-UP K) [1]
Pruned:  0: (PICK-UP K) [1]
Pruned:  0: (PICK-UP K) [1]
Pruned:  0: (PICK-UP K) [1]
Pruned:  0: (PICK-UP K) [1]
Pruned:  0: (PICK-UP K) [1]
Pruned:  0: (PICK-UP K) [1]
Pruned:  0: (PICK-UP K) [1]
Pruned:  0: (PICK-UP K) [1]
Pruned:  0: (PICK-UP K) [1]
Pruned:  0: (PICK-UP K) [1]
Pruned:  0: (PICK-UP K) [1]
Pruned:  0: (PICK-UP K) [1]
Pruned:  0: (PICK-UP K) [1]
Pruned:  0: (PICK-UP K) [1]
Pruned:  0: (PICK-UP K) [1]
Pruned:  0: (PICK-UP K) [1]
Pruned:  0: (PICK-UP K) [1]
Pruned:  0: (PICK-UP K) [1]
Pruned:  0: (PICK-UP K) [1]
Pruned:  0: (PICK-UP K) [1]
Pruned:  0: (PICK-UP K) [1]
Pruned:  0: (PICK-UP K) [1]
Pruned:  0: (PICK-UP K) [1]
Pruned:  0: (PICK-UP K) [1]
Pruned:  0: (PICK-UP K) [1]
Pruned:  0: (PICK-UP K) [1]
Pruned:  0: (PICK-UP K) [1]
Pruned:  0: (PICK-UP K) [1]
Pruned:  0: (PICK-UP K) [1]
Pruned:  0: (PICK-UP K) [1]
Pruned:  0: (PICK-UP K) [1]
Pruned:  0: (PICK-UP K) [1]
Pruned:  0: (PICK-UP K) [1]
Pruned:  0: (PICK-UP K) [1]
Pruned:  0: (PICK-UP K) [1]
Pruned:  0: (PICK-UP K) [1]
Pruned:  0: (PICK-UP K) [1]
Pruned:  0: (PICK-UP K) [1]
Pruned:  0: (PICK-UP K) [1]
Pruned:  0: (PICK-UP K) [1]
Pruned:  0: (PICK-UP K) [1]
Pruned:  0: (PICK-UP K) [1]
Pruned:  0: (PICK-UP K) [1]
Pruned:  0: (PICK-UP K) [1]
Pruned:  0: (PICK-UP K) [1]
Pruned:  0: (PICK-UP K) [1]
Pruned:  0: (PICK-UP K) [1]
Pruned:  0: (PICK-UP K) [1]
Pruned:  0: (PICK-UP K) [1]
Pruned:  0: (PICK-UP K) [1]
Pruned:  0: (PICK-UP K) [1]
Pruned:  0: (PICK-UP K) [1]
Pruned:  0: (PICK-UP K) [1]
Pruned:  0: (PICK-UP K) [1]
Pruned:  0: (PICK-UP K) [1]
Pruned:  0: (PICK-UP K) [1]
Pruned:  0: (PICK-UP K) [1]
Pruned:  0: (PICK-UP K) [1]
Pruned:  0: (PICK-UP K) [1]
Pruned:  0: (PICK-UP K) [1]
Pruned:  0: (PICK-UP K) [1]
Pruned:  0: (PICK-UP K) [1]
Pruned:  0: (PICK-UP K) [1]
Pruned:  0: (PICK-UP K) [1]
Pruned:  0: (PICK-UP K) [1]
Pruned:  0: (PICK-UP K) [1]
Pruned:  0: (PICK-UP K) [1]
Pruned:  0: (PICK-UP K) [1]
Pruned:  0: (PICK-UP K) [1]
Pruned:  0: (PICK-UP K) [1]
Pruned:  0: (PICK-UP K) [1]
Pruned:  0: (PICK-UP K) [1]
Pruned:  0: (PICK-UP K) [1]
Pruned:  0: (PICK-UP K) [1]
Pruned:  0: (PICK-UP K) [1]
Pruned:  0: (PICK-UP K) [1]
Pruned:  0: (PICK-UP K) [1]
Pruned:  0: (PICK-UP K) [1]
Pruned:  0: (PICK-UP K) [1]
Pruned:  0: (PICK-UP K) [1]
Pruned:  0: (PICK-UP K) [1]
Pruned:  0: (PICK-UP K) [1]
Pruned:  0: (PICK-UP K) [1]
Pruned:  0: (PICK-UP K) [1]
Pruned:  0: (PICK-UP K) [1]
Pruned:  0: (PICK-UP K) [1]
Pruned:  0: (PICK-UP K) [1]
Pruned:  0: (PICK-UP K) [1]
Pruned:  0: (PICK-UP K) [1]
Pruned:  0: (PICK-UP K) [1]
Pruned:  0: (PICK-UP K) [1]
Pruned:  0: (PICK-UP K) [1]
Pruned:  0: (PICK-UP K) [1]
Pruned:  0: (PICK-UP K) [1]
Pruned:  0: (PICK-UP K) [1]
Pruned:  0: (PICK-UP K) [1]
Pruned:  0: (PICK-UP K) [1]
Pruned:  0: (PICK-UP K) [1]
Pruned:  0: (PICK-UP K) [1]
Pruned:  0: (PICK-UP K) [1]
Pruned:  0: (PICK-UP K) [1]
Pruned:  0: (PICK-UP K) [1]
Pruned:  0: (PICK-UP K) [1]
Pruned:  0: (PICK-UP K) [1]
Pruned:  0: (PICK-UP K) [1]
Pruned:  0: (PICK-UP K) [1]
Pruned:  0: (PICK-UP K) [1]
Pruned:  0: (PICK-UP K) [1]
Pruned:  0: (PICK-UP K) [1]
Pruned:  0: (PICK-UP K) [1]
Pruned:  0: (PICK-UP K) [1]
Pruned:  0: (PICK-UP K) [1]
Pruned:  0: (PICK-UP K) [1]
Pruned:  0: (PICK-UP K) [1]
Pruned:  0: (PICK-UP K) [1]
Pruned:  0: (PICK-UP K) [1]
Pruned:  0: (PICK-UP K) [1]
Pruned:  0: (PICK-UP K) [1]
Pruned:  0: (PICK-UP K) [1]
Pruned:  0: (PICK-UP K) [1]
Pruned:  0: (PICK-UP K) [1]
Pruned:  0: (PICK-UP K) [1]
Pruned:  0: (PICK-UP K) [1]
Pruned:  0: (PICK-UP K) [1]
Pruned:  0: (PICK-UP K) [1]
Pruned:  0: (PICK-UP K) [1]
Pruned:  0: (PICK-UP K) [1]
Pruned:  0: (PICK-UP K) [1]
Pruned:  0: (PICK-UP K) [1]
Pruned:  0: (PICK-UP K) [1]
Pruned:  0: (PICK-UP K) [1]
Pruned:  0: (PICK-UP K) [1]
Pruned:  0: (PICK-UP K) [1]
Pruned:  0: (PICK-UP K) [1]
Pruned:  0: (PICK-UP K) [1]
Pruned:  0: (PICK-UP K) [1]
Pruned:  0: (PICK-UP K) [1]
Pruned:  0: (PICK-UP K) [1]
Pruned:  0: (PICK-UP K) [1]
Pruned:  0: (PICK-UP K) [1]
Pruned:  0: (PICK-UP K) [1]
Pruned:  0: (PICK-UP K) [1]
Pruned:  0: (PICK-UP K) [1]
Pruned:  0: (PICK-UP K) [1]
Pruned:  0: (PICK-UP K) [1]
Pruned:  0: (PICK-UP K) [1]
Pruned:  0: (PICK-UP K) [1]
Pruned:  0: (PICK-UP K) [1]
Pruned:  0: (PICK-UP K) [1]
Pruned:  0: (PICK-UP K) [1]
Pruned:  0: (PICK-UP K) [1]
Pruned:  0: (PICK-UP K) [1]
Pruned:  0: (PICK-UP K) [1]
Pruned:  0: (PICK-UP K) [1]
Pruned:  0: (PICK-UP K) [1]
Pruned:  0: (PICK-UP K) [1]
Pruned:  0: (PICK-UP K) [1]
Pruned:  0: (PICK-UP K) [1]
Pruned:  0: (PICK-UP K) [1]
Pruned:  0: (PICK-UP K) [1]
Pruned:  0: (PICK-UP K) [1]
Pruned:  0: (PICK-UP K) [1]
Pruned:  0: (PICK-UP K) [1]
Pruned:  0: (PICK-UP K) [1]
Pruned:  0: (PICK-UP K) [1]
Pruned:  0: (PICK-UP K) [1]
Pruned:  0: (PICK-UP K) [1]
Pruned:  0: (PICK-UP K) [1]
Pruned:  0: (PICK-UP K) [1]
Pruned:  0: (PICK-UP K) [1]
Pruned:  0: (PICK-UP K) [1]
Pruned:  0: (PICK-UP K) [1]
Pruned:  0: (PICK-UP K) [1]
Pruned:  0: (PICK-UP K) [1]
Pruned:  0: (PICK-UP K) [1]
Pruned:  0: (PICK-UP K) [1]
Pruned:  0: (PICK-UP K) [1]
Pruned:  0: (PICK-UP K) [1]
Pruned:  0: (PICK-UP K) [1]
Pruned:  0: (PICK-UP K) [1]
Pruned:  0: (PICK-UP K) [1]
Pruned:  0: (PICK-UP K) [1]
Pruned:  0: (PICK-UP K) [1]
Pruned:  0: (PICK-UP K) [1]
Pruned:  0: (PICK-UP K) [1]
Pruned:  0: (PICK-UP K) [1]
Pruned:  0: (PICK-UP K) [1]
Pruned:  0: (PICK-UP K) [1]
Pruned:  0: (PICK-UP K) [1]
Pruned:  0: (PICK-UP K) [1]
Pruned:  0: (PICK-UP K) [1]
Pruned:  0: (PICK-UP K) [1]
Pruned:  0: (PICK-UP K) [1]
Pruned:  0: (PICK-UP K) [1]
Pruned:  0: (PICK-UP K) [1]
Pruned:  0: (PICK-UP K) [1]
Pruned:  0: (PICK-UP K) [1]
Pruned:  0: (PICK-UP K) [1]
Pruned:  0: (PICK-UP K) [1]
Pruned:  0: (PICK-UP K) [1]
Pruned:  0: (PICK-UP K) [1]
Pruned:  0: (PICK-UP K) [1]
Pruned:  0: (PICK-UP K) [1]
Pruned:  0: (PICK-UP K) [1]
Pruned:  0: (PICK-UP K) [1]
Pruned:  0: (PICK-UP K) [1]
Pruned:  0: (PICK-UP K) [1]
Pruned:  0: (PICK-UP K) [1]
Pruned:  0: (PICK-UP K) [1]
Pruned:  0: (PICK-UP K) [1]
Pruned:  0: (PICK-UP K) [1]
Pruned:  0: (PICK-UP K) [1]
Pruned:  0: (PICK-UP K) [1]
Pruned:  0: (PICK-UP K) [1]
Pruned:  0: (PICK-UP K) [1]
Pruned:  0: (PICK-UP K) [1]
Pruned:  0: (PICK-UP K) [1]
Pruned:  0: (PICK-UP K) [1]
Pruned:  0: (PICK-UP K) [1]
Pruned:  0: (PICK-UP K) [1]
Pruned:  0: (PICK-UP K) [1]
Pruned:  0: (PICK-UP K) [1]
Pruned:  0: (PICK-UP K) [1]
Pruned:  0: (PICK-UP K) [1]
Pruned:  0: (PICK-UP K) [1]
Pruned:  0: (PICK-UP K) [1]
Pruned:  0: (PICK-UP K) [1]
Pruned:  0: (PICK-UP K) [1]
Pruned:  0: (PICK-UP K) [1]
Pruned:  0: (PICK-UP K) [1]
Pruned:  0: (PICK-UP K) [1]
Pruned:  0: (PICK-UP K) [1]
Pruned:  0: (PICK-UP K) [1]
Pruned:  0: (PICK-UP K) [1]
Pruned:  0: (PICK-UP K) [1]
Pruned:  0: (PICK-UP K) [1]
Pruned:  0: (PICK-UP K) [1]
Pruned:  0: (PICK-UP K) [1]
Pruned:  0: (PICK-UP K) [1]
Pruned:  0: (PICK-UP K) [1]
Pruned:  0: (PICK-UP K) [1]
Pruned:  0: (PICK-UP K) [1]
Pruned:  0: (PICK-UP K) [1]
Pruned:  0: (PICK-UP K) [1]
Pruned:  0: (PICK-UP K) [1]
Pruned:  0: (PICK-UP K) [1]
Pruned:  0: (PICK-UP K) [1]
Pruned:  0: (PICK-UP K) [1]
Pruned:  0: (PICK-UP K) [1]
Pruned:  0: (PICK-UP K) [1]
Pruned:  0: (PICK-UP K) [1]
Pruned:  0: (PICK-UP K) [1]
Pruned:  0: (PICK-UP K) [1]
Pruned:  0: (PICK-UP K) [1]
Pruned:  0: (PICK-UP K) [1]
Pruned:  0: (PICK-UP K) [1]
Pruned:  0: (PICK-UP K) [1]
Pruned:  0: (PICK-UP K) [1]
Pruned:  0: (PICK-UP K) [1]
Pruned:  0: (PICK-UP K) [1]
Pruned:  0: (PICK-UP K) [1]
Pruned:  0: (PICK-UP K) [1]
Pruned:  0: (PICK-UP K) [1]
Pruned:  0: (PICK-UP K) [1]
Pruned:  0: (PICK-UP K) [1]
Pruned:  0: (PICK-UP K) [1]
Pruned:  0: (PICK-UP K) [1]
Pruned:  0: (PICK-UP K) [1]
Pruned:  0: (PICK-UP K) [1]
Pruned:  0: (PICK-UP K) [1]
Pruned:  0: (PICK-UP K) [1]
Pruned:  0: (PICK-UP K) [1]
Pruned:  0: (PICK-UP K) [1]
Pruned:  0: (PICK-UP K) [1]
Pruned:  0: (PICK-UP K) [1]
Pruned:  0: (PICK-UP K) [1]
Pruned:  0: (PICK-UP K) [1]
Pruned:  0: (PICK-UP K) [1]
Pruned:  0: (PICK-UP K) [1]
Pruned:  0: (PICK-UP K) [1]
Pruned:  0: (PICK-UP K) [1]
Pruned:  0: (PICK-UP K) [1]
Pruned:  0: (PICK-UP K) [1]
Pruned:  0: (PICK-UP K) [1]
Pruned:  0: (PICK-UP K) [1]
Pruned:  0: (PICK-UP K) [1]
Pruned:  0: (PICK-UP K) [1]
Pruned:  0: (PICK-UP K) [1]
Pruned:  0: (PICK-UP K) [1]
Pruned:  0: (PICK-UP K) [1]
Pruned:  0: (PICK-UP K) [1]
Pruned:  0: (PICK-UP K) [1]
Pruned:  0: (PICK-UP K) [1]
Pruned:  0: (PICK-UP K) [1]
Pruned:  0: (PICK-UP K) [1]
Pruned:  0: (PICK-UP K) [1]
Pruned:  0: (PICK-UP K) [1]
Pruned:  0: (PICK-UP K) [1]
Pruned:  0: (PICK-UP K) [1]
Pruned:  0: (PICK-UP K) [1]
Pruned:  0: (PICK-UP K) [1]
Pruned:  0: (PICK-UP K) [1]
Pruned:  0: (PICK-UP K) [1]
Pruned:  0: (PICK-UP K) [1]
Pruned:  0: (PICK-UP K) [1]
Pruned:  0: (PICK-UP K) [1]
Pruned:  0: (PICK-UP K) [1]
Pruned:  0: (PICK-UP K) [1]
Pruned:  0: (PICK-UP K) [1]
Pruned:  0: (PICK-UP K) [1]
Pruned:  0: (PICK-UP K) [1]
Pruned:  0: (PICK-UP K) [1]
Pruned:  0: (PICK-UP K) [1]
Pruned:  0: (PICK-UP K) [1]
Pruned:  0: (PICK-UP K) [1]
Pruned:  0: (PICK-UP K) [1]
Pruned:  0: (PICK-UP K) [1]
Pruned:  0: (PICK-UP K) [1]
Pruned:  0: (PICK-UP K) [1]
Pruned:  0: (PICK-UP K) [1]
Pruned:  0: (PICK-UP K) [1]
Pruned:  0: (PICK-UP K) [1]
Pruned:  0: (PICK-UP K) [1]
Pruned:  0: (PICK-UP K) [1]
Pruned:  0: (PICK-UP K) [1]
Pruned:  0: (PICK-UP K) [1]
Pruned:  0: (PICK-UP K) [1]
Pruned:  0: (PICK-UP K) [1]
Pruned:  0: (PICK-UP K) [1]
Pruned:  0: (PICK-UP K) [1]
Pruned:  0: (PICK-UP K) [1]
Pruned:  0: (PICK-UP K) [1]
Pruned:  0: (PICK-UP K) [1]
Pruned:  0: (PICK-UP K) [1]
Pruned:  0: (PICK-UP K) [1]
Pruned:  0: (PICK-UP K) [1]
Pruned:  0: (PICK-UP K) [1]
Pruned:  0: (PICK-UP K) [1]
Pruned:  0: (PICK-UP K) [1]
Pruned:  0: (PICK-UP K) [1]
Pruned:  0: (PICK-UP K) [1]
Pruned:  0: (PICK-UP K) [1]
Pruned:  0: (PICK-UP K) [1]
Pruned:  0: (PICK-UP K) [1]
Pruned:  0: (PICK-UP K) [1]
Pruned:  0: (PICK-UP K) [1]
Pruned:  0: (PICK-UP K) [1]
Pruned:  0: (PICK-UP K) [1]
Pruned:  0: (PICK-UP K) [1]
Pruned:  0: (PICK-UP K) [1]
Pruned:  0: (PICK-UP K) [1]
Pruned:  0: (PICK-UP K) [1]
Pruned:  0: (PICK-UP K) [1]
Pruned:  0: (PICK-UP K) [1]
Pruned:  0: (PICK-UP K) [1]
Pruned:  0: (PICK-UP K) [1]
Pruned:  0: (PICK-UP K) [1]
Pruned:  0: (PICK-UP K) [1]
Pruned:  0: (PICK-UP K) [1]
Pruned:  0: (PICK-UP K) [1]
Pruned:  0: (PICK-UP K) [1]
Pruned:  0: (PICK-UP K) [1]
Pruned:  0: (PICK-UP K) [1]
Pruned:  0: (PICK-UP K) [1]
Pruned:  0: (PICK-UP K) [1]
---SatPlan Version: 1.1
***SAT!***

Solved in 52 layers

Real Time: = 19.17
User Time: = 14.84
Syst Time: = 3.21

__MEMKB 106624
