---SatPlan Version: 1.1

bb: parsing domain file
domain 'BLOCKS' defined
 ... done.
bb: parsing problem file
problem 'BLOCKS-12-1' defined
 ... done.


time:   0,    15 facts and       0 exclusive pairs
              17 ops   and       7 exclusive pairs
time:   1,    19 facts and      16 exclusive pairs

creating thin gp-based encoding...
plan graph layer 0...
plan graph layer 1...
goal constraints...

goal fact not coded - level too low??


bb: parsing domain file
domain 'BLOCKS' defined
 ... done.
bb: parsing problem file
problem 'BLOCKS-12-1' defined
 ... done.


time:   0,    15 facts and       0 exclusive pairs
              17 ops   and       7 exclusive pairs
time:   1,    19 facts and      16 exclusive pairs
              27 ops   and      98 exclusive pairs
time:   2,    23 facts and      36 exclusive pairs

creating thin gp-based encoding...
plan graph layer 0...
plan graph layer 1...
plan graph layer 2...
goal constraints...

goal fact not coded - level too low??


bb: parsing domain file
domain 'BLOCKS' defined
 ... done.
bb: parsing problem file
problem 'BLOCKS-12-1' defined
 ... done.


time:   0,    15 facts and       0 exclusive pairs
              17 ops   and       7 exclusive pairs
time:   1,    19 facts and      16 exclusive pairs
              27 ops   and      98 exclusive pairs
time:   2,    23 facts and      36 exclusive pairs
              37 ops   and     269 exclusive pairs
time:   3,    26 facts and      58 exclusive pairs

creating thin gp-based encoding...
plan graph layer 0...
plan graph layer 1...
plan graph layer 2...
plan graph layer 3...
goal constraints...

goal fact not coded - level too low??


bb: parsing domain file
domain 'BLOCKS' defined
 ... done.
bb: parsing problem file
problem 'BLOCKS-12-1' defined
 ... done.


time:   0,    15 facts and       0 exclusive pairs
              17 ops   and       7 exclusive pairs
time:   1,    19 facts and      16 exclusive pairs
              27 ops   and      98 exclusive pairs
time:   2,    23 facts and      36 exclusive pairs
              37 ops   and     269 exclusive pairs
time:   3,    26 facts and      58 exclusive pairs
              49 ops   and     590 exclusive pairs
time:   4,    33 facts and     141 exclusive pairs

creating thin gp-based encoding...
plan graph layer 0...
plan graph layer 1...
plan graph layer 2...
plan graph layer 3...
plan graph layer 4...
goal constraints...

goal fact not coded - level too low??


bb: parsing domain file
domain 'BLOCKS' defined
 ... done.
bb: parsing problem file
problem 'BLOCKS-12-1' defined
 ... done.


time:   0,    15 facts and       0 exclusive pairs
              17 ops   and       7 exclusive pairs
time:   1,    19 facts and      16 exclusive pairs
              27 ops   and      98 exclusive pairs
time:   2,    23 facts and      36 exclusive pairs
              37 ops   and     269 exclusive pairs
time:   3,    26 facts and      58 exclusive pairs
              49 ops   and     590 exclusive pairs
time:   4,    33 facts and     141 exclusive pairs
              66 ops   and    1260 exclusive pairs
time:   5,    37 facts and     180 exclusive pairs

creating thin gp-based encoding...
plan graph layer 0...
plan graph layer 1...
plan graph layer 2...
plan graph layer 3...
plan graph layer 4...
plan graph layer 5...
goal constraints...

goal fact not coded - level too low??


bb: parsing domain file
domain 'BLOCKS' defined
 ... done.
bb: parsing problem file
problem 'BLOCKS-12-1' defined
 ... done.


time:   0,    15 facts and       0 exclusive pairs
              17 ops   and       7 exclusive pairs
time:   1,    19 facts and      16 exclusive pairs
              27 ops   and      98 exclusive pairs
time:   2,    23 facts and      36 exclusive pairs
              37 ops   and     269 exclusive pairs
time:   3,    26 facts and      58 exclusive pairs
              49 ops   and     590 exclusive pairs
time:   4,    33 facts and     141 exclusive pairs
              66 ops   and    1260 exclusive pairs
time:   5,    37 facts and     180 exclusive pairs
              81 ops   and    1988 exclusive pairs
time:   6,    45 facts and     308 exclusive pairs

creating thin gp-based encoding...
plan graph layer 0...
plan graph layer 1...
plan graph layer 2...
plan graph layer 3...
plan graph layer 4...
plan graph layer 5...
plan graph layer 6...
goal constraints...

goal fact not coded - level too low??


bb: parsing domain file
domain 'BLOCKS' defined
 ... done.
bb: parsing problem file
problem 'BLOCKS-12-1' defined
 ... done.


time:   0,    15 facts and       0 exclusive pairs
              17 ops   and       7 exclusive pairs
time:   1,    19 facts and      16 exclusive pairs
              27 ops   and      98 exclusive pairs
time:   2,    23 facts and      36 exclusive pairs
              37 ops   and     269 exclusive pairs
time:   3,    26 facts and      58 exclusive pairs
              49 ops   and     590 exclusive pairs
time:   4,    33 facts and     141 exclusive pairs
              66 ops   and    1260 exclusive pairs
time:   5,    37 facts and     180 exclusive pairs
              81 ops   and    1988 exclusive pairs
time:   6,    45 facts and     308 exclusive pairs
              98 ops   and    2992 exclusive pairs
time:   7,    47 facts and     268 exclusive pairs

creating thin gp-based encoding...
plan graph layer 0...
plan graph layer 1...
plan graph layer 2...
plan graph layer 3...
plan graph layer 4...
plan graph layer 5...
plan graph layer 6...
plan graph layer 7...
goal constraints...

goal fact not coded - level too low??


bb: parsing domain file
domain 'BLOCKS' defined
 ... done.
bb: parsing problem file
problem 'BLOCKS-12-1' defined
 ... done.


time:   0,    15 facts and       0 exclusive pairs
              17 ops   and       7 exclusive pairs
time:   1,    19 facts and      16 exclusive pairs
              27 ops   and      98 exclusive pairs
time:   2,    23 facts and      36 exclusive pairs
              37 ops   and     269 exclusive pairs
time:   3,    26 facts and      58 exclusive pairs
              49 ops   and     590 exclusive pairs
time:   4,    33 facts and     141 exclusive pairs
              66 ops   and    1260 exclusive pairs
time:   5,    37 facts and     180 exclusive pairs
              81 ops   and    1988 exclusive pairs
time:   6,    45 facts and     308 exclusive pairs
              98 ops   and    2992 exclusive pairs
time:   7,    47 facts and     268 exclusive pairs
             111 ops   and    3719 exclusive pairs
time:   8,    57 facts and     454 exclusive pairs

creating thin gp-based encoding...
plan graph layer 0...
plan graph layer 1...
plan graph layer 2...
plan graph layer 3...
plan graph layer 4...
plan graph layer 5...
plan graph layer 6...
plan graph layer 7...
plan graph layer 8...
goal constraints...

goal fact not coded - level too low??


bb: parsing domain file
domain 'BLOCKS' defined
 ... done.
bb: parsing problem file
problem 'BLOCKS-12-1' defined
 ... done.


time:   0,    15 facts and       0 exclusive pairs
              17 ops   and       7 exclusive pairs
time:   1,    19 facts and      16 exclusive pairs
              27 ops   and      98 exclusive pairs
time:   2,    23 facts and      36 exclusive pairs
              37 ops   and     269 exclusive pairs
time:   3,    26 facts and      58 exclusive pairs
              49 ops   and     590 exclusive pairs
time:   4,    33 facts and     141 exclusive pairs
              66 ops   and    1260 exclusive pairs
time:   5,    37 facts and     180 exclusive pairs
              81 ops   and    1988 exclusive pairs
time:   6,    45 facts and     308 exclusive pairs
              98 ops   and    2992 exclusive pairs
time:   7,    47 facts and     268 exclusive pairs
             111 ops   and    3719 exclusive pairs
time:   8,    57 facts and     454 exclusive pairs
             132 ops   and    5390 exclusive pairs
time:   9,    59 facts and     400 exclusive pairs

creating thin gp-based encoding...
plan graph layer 0...
plan graph layer 1...
plan graph layer 2...
plan graph layer 3...
plan graph layer 4...
plan graph layer 5...
plan graph layer 6...
plan graph layer 7...
plan graph layer 8...
plan graph layer 9...
goal constraints...

goal fact not coded - level too low??


bb: parsing domain file
domain 'BLOCKS' defined
 ... done.
bb: parsing problem file
problem 'BLOCKS-12-1' defined
 ... done.


time:   0,    15 facts and       0 exclusive pairs
              17 ops   and       7 exclusive pairs
time:   1,    19 facts and      16 exclusive pairs
              27 ops   and      98 exclusive pairs
time:   2,    23 facts and      36 exclusive pairs
              37 ops   and     269 exclusive pairs
time:   3,    26 facts and      58 exclusive pairs
              49 ops   and     590 exclusive pairs
time:   4,    33 facts and     141 exclusive pairs
              66 ops   and    1260 exclusive pairs
time:   5,    37 facts and     180 exclusive pairs
              81 ops   and    1988 exclusive pairs
time:   6,    45 facts and     308 exclusive pairs
              98 ops   and    2992 exclusive pairs
time:   7,    47 facts and     268 exclusive pairs
             111 ops   and    3719 exclusive pairs
time:   8,    57 facts and     454 exclusive pairs
             132 ops   and    5390 exclusive pairs
time:   9,    59 facts and     400 exclusive pairs
             147 ops   and    6520 exclusive pairs
time:  10,    71 facts and     668 exclusive pairs

creating thin gp-based encoding...
plan graph layer 0...
plan graph layer 1...
plan graph layer 2...
plan graph layer 3...
plan graph layer 4...
plan graph layer 5...
plan graph layer 6...
plan graph layer 7...
plan graph layer 8...
plan graph layer 9...
plan graph layer 10...
goal constraints...

goal fact not coded - level too low??


bb: parsing domain file
domain 'BLOCKS' defined
 ... done.
bb: parsing problem file
problem 'BLOCKS-12-1' defined
 ... done.


time:   0,    15 facts and       0 exclusive pairs
              17 ops   and       7 exclusive pairs
time:   1,    19 facts and      16 exclusive pairs
              27 ops   and      98 exclusive pairs
time:   2,    23 facts and      36 exclusive pairs
              37 ops   and     269 exclusive pairs
time:   3,    26 facts and      58 exclusive pairs
              49 ops   and     590 exclusive pairs
time:   4,    33 facts and     141 exclusive pairs
              66 ops   and    1260 exclusive pairs
time:   5,    37 facts and     180 exclusive pairs
              81 ops   and    1988 exclusive pairs
time:   6,    45 facts and     308 exclusive pairs
              98 ops   and    2992 exclusive pairs
time:   7,    47 facts and     268 exclusive pairs
             111 ops   and    3719 exclusive pairs
time:   8,    57 facts and     454 exclusive pairs
             132 ops   and    5390 exclusive pairs
time:   9,    59 facts and     400 exclusive pairs
             147 ops   and    6520 exclusive pairs
time:  10,    71 facts and     668 exclusive pairs
             172 ops   and    9122 exclusive pairs
time:  11,    73 facts and     591 exclusive pairs

creating thin gp-based encoding...
plan graph layer 0...
plan graph layer 1...
plan graph layer 2...
plan graph layer 3...
plan graph layer 4...
plan graph layer 5...
plan graph layer 6...
plan graph layer 7...
plan graph layer 8...
plan graph layer 9...
plan graph layer 10...
plan graph layer 11...
goal constraints...

goal fact not coded - level too low??


bb: parsing domain file
domain 'BLOCKS' defined
 ... done.
bb: parsing problem file
problem 'BLOCKS-12-1' defined
 ... done.


time:   0,    15 facts and       0 exclusive pairs
              17 ops   and       7 exclusive pairs
time:   1,    19 facts and      16 exclusive pairs
              27 ops   and      98 exclusive pairs
time:   2,    23 facts and      36 exclusive pairs
              37 ops   and     269 exclusive pairs
time:   3,    26 facts and      58 exclusive pairs
              49 ops   and     590 exclusive pairs
time:   4,    33 facts and     141 exclusive pairs
              66 ops   and    1260 exclusive pairs
time:   5,    37 facts and     180 exclusive pairs
              81 ops   and    1988 exclusive pairs
time:   6,    45 facts and     308 exclusive pairs
              98 ops   and    2992 exclusive pairs
time:   7,    47 facts and     268 exclusive pairs
             111 ops   and    3719 exclusive pairs
time:   8,    57 facts and     454 exclusive pairs
             132 ops   and    5390 exclusive pairs
time:   9,    59 facts and     400 exclusive pairs
             147 ops   and    6520 exclusive pairs
time:  10,    71 facts and     668 exclusive pairs
             172 ops   and    9122 exclusive pairs
time:  11,    73 facts and     591 exclusive pairs
             189 ops   and   10756 exclusive pairs
time:  12,    87 facts and     953 exclusive pairs

creating thin gp-based encoding...
plan graph layer 0...
plan graph layer 1...
plan graph layer 2...
plan graph layer 3...
plan graph layer 4...
plan graph layer 5...
plan graph layer 6...
plan graph layer 7...
plan graph layer 8...
plan graph layer 9...
plan graph layer 10...
plan graph layer 11...
plan graph layer 12...
goal constraints...

goal fact not coded - level too low??


bb: parsing domain file
domain 'BLOCKS' defined
 ... done.
bb: parsing problem file
problem 'BLOCKS-12-1' defined
 ... done.


time:   0,    15 facts and       0 exclusive pairs
              17 ops   and       7 exclusive pairs
time:   1,    19 facts and      16 exclusive pairs
              27 ops   and      98 exclusive pairs
time:   2,    23 facts and      36 exclusive pairs
              37 ops   and     269 exclusive pairs
time:   3,    26 facts and      58 exclusive pairs
              49 ops   and     590 exclusive pairs
time:   4,    33 facts and     141 exclusive pairs
              66 ops   and    1260 exclusive pairs
time:   5,    37 facts and     180 exclusive pairs
              81 ops   and    1988 exclusive pairs
time:   6,    45 facts and     308 exclusive pairs
              98 ops   and    2992 exclusive pairs
time:   7,    47 facts and     268 exclusive pairs
             111 ops   and    3719 exclusive pairs
time:   8,    57 facts and     454 exclusive pairs
             132 ops   and    5390 exclusive pairs
time:   9,    59 facts and     400 exclusive pairs
             147 ops   and    6520 exclusive pairs
time:  10,    71 facts and     668 exclusive pairs
             172 ops   and    9122 exclusive pairs
time:  11,    73 facts and     591 exclusive pairs
             189 ops   and   10756 exclusive pairs
time:  12,    87 facts and     953 exclusive pairs
             218 ops   and   14554 exclusive pairs
time:  13,    89 facts and     834 exclusive pairs

creating thin gp-based encoding...
plan graph layer 0...
plan graph layer 1...
plan graph layer 2...
plan graph layer 3...
plan graph layer 4...
plan graph layer 5...
plan graph layer 6...
plan graph layer 7...
plan graph layer 8...
plan graph layer 9...
plan graph layer 10...
plan graph layer 11...
plan graph layer 12...
plan graph layer 13...
goal constraints...

goal fact not coded - level too low??


bb: parsing domain file
domain 'BLOCKS' defined
 ... done.
bb: parsing problem file
problem 'BLOCKS-12-1' defined
 ... done.


time:   0,    15 facts and       0 exclusive pairs
              17 ops   and       7 exclusive pairs
time:   1,    19 facts and      16 exclusive pairs
              27 ops   and      98 exclusive pairs
time:   2,    23 facts and      36 exclusive pairs
              37 ops   and     269 exclusive pairs
time:   3,    26 facts and      58 exclusive pairs
              49 ops   and     590 exclusive pairs
time:   4,    33 facts and     141 exclusive pairs
              66 ops   and    1260 exclusive pairs
time:   5,    37 facts and     180 exclusive pairs
              81 ops   and    1988 exclusive pairs
time:   6,    45 facts and     308 exclusive pairs
              98 ops   and    2992 exclusive pairs
time:   7,    47 facts and     268 exclusive pairs
             111 ops   and    3719 exclusive pairs
time:   8,    57 facts and     454 exclusive pairs
             132 ops   and    5390 exclusive pairs
time:   9,    59 facts and     400 exclusive pairs
             147 ops   and    6520 exclusive pairs
time:  10,    71 facts and     668 exclusive pairs
             172 ops   and    9122 exclusive pairs
time:  11,    73 facts and     591 exclusive pairs
             189 ops   and   10756 exclusive pairs
time:  12,    87 facts and     953 exclusive pairs
             218 ops   and   14554 exclusive pairs
time:  13,    89 facts and     834 exclusive pairs
             237 ops   and   16774 exclusive pairs
time:  14,   105 facts and    1304 exclusive pairs

creating thin gp-based encoding...
plan graph layer 0...
plan graph layer 1...
plan graph layer 2...
plan graph layer 3...
plan graph layer 4...
plan graph layer 5...
plan graph layer 6...
plan graph layer 7...
plan graph layer 8...
plan graph layer 9...
plan graph layer 10...
plan graph layer 11...
plan graph layer 12...
plan graph layer 13...
plan graph layer 14...
goal constraints...

goal fact not coded - level too low??


bb: parsing domain file
domain 'BLOCKS' defined
 ... done.
bb: parsing problem file
problem 'BLOCKS-12-1' defined
 ... done.


time:   0,    15 facts and       0 exclusive pairs
              17 ops   and       7 exclusive pairs
time:   1,    19 facts and      16 exclusive pairs
              27 ops   and      98 exclusive pairs
time:   2,    23 facts and      36 exclusive pairs
              37 ops   and     269 exclusive pairs
time:   3,    26 facts and      58 exclusive pairs
              49 ops   and     590 exclusive pairs
time:   4,    33 facts and     141 exclusive pairs
              66 ops   and    1260 exclusive pairs
time:   5,    37 facts and     180 exclusive pairs
              81 ops   and    1988 exclusive pairs
time:   6,    45 facts and     308 exclusive pairs
              98 ops   and    2992 exclusive pairs
time:   7,    47 facts and     268 exclusive pairs
             111 ops   and    3719 exclusive pairs
time:   8,    57 facts and     454 exclusive pairs
             132 ops   and    5390 exclusive pairs
time:   9,    59 facts and     400 exclusive pairs
             147 ops   and    6520 exclusive pairs
time:  10,    71 facts and     668 exclusive pairs
             172 ops   and    9122 exclusive pairs
time:  11,    73 facts and     591 exclusive pairs
             189 ops   and   10756 exclusive pairs
time:  12,    87 facts and     953 exclusive pairs
             218 ops   and   14554 exclusive pairs
time:  13,    89 facts and     834 exclusive pairs
             237 ops   and   16774 exclusive pairs
time:  14,   105 facts and    1304 exclusive pairs
             270 ops   and   22082 exclusive pairs
time:  15,   107 facts and    1135 exclusive pairs

creating thin gp-based encoding...
plan graph layer 0...
plan graph layer 1...
plan graph layer 2...
plan graph layer 3...
plan graph layer 4...
plan graph layer 5...
plan graph layer 6...
plan graph layer 7...
plan graph layer 8...
plan graph layer 9...
plan graph layer 10...
plan graph layer 11...
plan graph layer 12...
plan graph layer 13...
plan graph layer 14...
plan graph layer 15...
goal constraints...

goal fact not coded - level too low??


bb: parsing domain file
domain 'BLOCKS' defined
 ... done.
bb: parsing problem file
problem 'BLOCKS-12-1' defined
 ... done.


time:   0,    15 facts and       0 exclusive pairs
              17 ops   and       7 exclusive pairs
time:   1,    19 facts and      16 exclusive pairs
              27 ops   and      98 exclusive pairs
time:   2,    23 facts and      36 exclusive pairs
              37 ops   and     269 exclusive pairs
time:   3,    26 facts and      58 exclusive pairs
              49 ops   and     590 exclusive pairs
time:   4,    33 facts and     141 exclusive pairs
              66 ops   and    1260 exclusive pairs
time:   5,    37 facts and     180 exclusive pairs
              81 ops   and    1988 exclusive pairs
time:   6,    45 facts and     308 exclusive pairs
              98 ops   and    2992 exclusive pairs
time:   7,    47 facts and     268 exclusive pairs
             111 ops   and    3719 exclusive pairs
time:   8,    57 facts and     454 exclusive pairs
             132 ops   and    5390 exclusive pairs
time:   9,    59 facts and     400 exclusive pairs
             147 ops   and    6520 exclusive pairs
time:  10,    71 facts and     668 exclusive pairs
             172 ops   and    9122 exclusive pairs
time:  11,    73 facts and     591 exclusive pairs
             189 ops   and   10756 exclusive pairs
time:  12,    87 facts and     953 exclusive pairs
             218 ops   and   14554 exclusive pairs
time:  13,    89 facts and     834 exclusive pairs
             237 ops   and   16774 exclusive pairs
time:  14,   105 facts and    1304 exclusive pairs
             270 ops   and   22082 exclusive pairs
time:  15,   107 facts and    1135 exclusive pairs
             291 ops   and   25012 exclusive pairs
time:  16,   125 facts and    1727 exclusive pairs

creating thin gp-based encoding...
plan graph layer 0...
plan graph layer 1...
plan graph layer 2...
plan graph layer 3...
plan graph layer 4...
plan graph layer 5...
plan graph layer 6...
plan graph layer 7...
plan graph layer 8...
plan graph layer 9...
plan graph layer 10...
plan graph layer 11...
plan graph layer 12...
plan graph layer 13...
plan graph layer 14...
plan graph layer 15...
plan graph layer 16...
goal constraints...

goal fact not coded - level too low??


bb: parsing domain file
domain 'BLOCKS' defined
 ... done.
bb: parsing problem file
problem 'BLOCKS-12-1' defined
 ... done.


time:   0,    15 facts and       0 exclusive pairs
              17 ops   and       7 exclusive pairs
time:   1,    19 facts and      16 exclusive pairs
              27 ops   and      98 exclusive pairs
time:   2,    23 facts and      36 exclusive pairs
              37 ops   and     269 exclusive pairs
time:   3,    26 facts and      58 exclusive pairs
              49 ops   and     590 exclusive pairs
time:   4,    33 facts and     141 exclusive pairs
              66 ops   and    1260 exclusive pairs
time:   5,    37 facts and     180 exclusive pairs
              81 ops   and    1988 exclusive pairs
time:   6,    45 facts and     308 exclusive pairs
              98 ops   and    2992 exclusive pairs
time:   7,    47 facts and     268 exclusive pairs
             111 ops   and    3719 exclusive pairs
time:   8,    57 facts and     454 exclusive pairs
             132 ops   and    5390 exclusive pairs
time:   9,    59 facts and     400 exclusive pairs
             147 ops   and    6520 exclusive pairs
time:  10,    71 facts and     668 exclusive pairs
             172 ops   and    9122 exclusive pairs
time:  11,    73 facts and     591 exclusive pairs
             189 ops   and   10756 exclusive pairs
time:  12,    87 facts and     953 exclusive pairs
             218 ops   and   14554 exclusive pairs
time:  13,    89 facts and     834 exclusive pairs
             237 ops   and   16774 exclusive pairs
time:  14,   105 facts and    1304 exclusive pairs
             270 ops   and   22082 exclusive pairs
time:  15,   107 facts and    1135 exclusive pairs
             291 ops   and   25012 exclusive pairs
time:  16,   125 facts and    1727 exclusive pairs
             328 ops   and   32180 exclusive pairs
time:  17,   127 facts and    1500 exclusive pairs

creating thin gp-based encoding...
plan graph layer 0...
plan graph layer 1...
plan graph layer 2...
plan graph layer 3...
plan graph layer 4...
plan graph layer 5...
plan graph layer 6...
plan graph layer 7...
plan graph layer 8...
plan graph layer 9...
plan graph layer 10...
plan graph layer 11...
plan graph layer 12...
plan graph layer 13...
plan graph layer 14...
plan graph layer 15...
plan graph layer 16...
plan graph layer 17...
goal constraints...

goal fact not coded - level too low??


bb: parsing domain file
domain 'BLOCKS' defined
 ... done.
bb: parsing problem file
problem 'BLOCKS-12-1' defined
 ... done.


time:   0,    15 facts and       0 exclusive pairs
              17 ops   and       7 exclusive pairs
time:   1,    19 facts and      16 exclusive pairs
              27 ops   and      98 exclusive pairs
time:   2,    23 facts and      36 exclusive pairs
              37 ops   and     269 exclusive pairs
time:   3,    26 facts and      58 exclusive pairs
              49 ops   and     590 exclusive pairs
time:   4,    33 facts and     141 exclusive pairs
              66 ops   and    1260 exclusive pairs
time:   5,    37 facts and     180 exclusive pairs
              81 ops   and    1988 exclusive pairs
time:   6,    45 facts and     308 exclusive pairs
              98 ops   and    2992 exclusive pairs
time:   7,    47 facts and     268 exclusive pairs
             111 ops   and    3719 exclusive pairs
time:   8,    57 facts and     454 exclusive pairs
             132 ops   and    5390 exclusive pairs
time:   9,    59 facts and     400 exclusive pairs
             147 ops   and    6520 exclusive pairs
time:  10,    71 facts and     668 exclusive pairs
             172 ops   and    9122 exclusive pairs
time:  11,    73 facts and     591 exclusive pairs
             189 ops   and   10756 exclusive pairs
time:  12,    87 facts and     953 exclusive pairs
             218 ops   and   14554 exclusive pairs
time:  13,    89 facts and     834 exclusive pairs
             237 ops   and   16774 exclusive pairs
time:  14,   105 facts and    1304 exclusive pairs
             270 ops   and   22082 exclusive pairs
time:  15,   107 facts and    1135 exclusive pairs
             291 ops   and   25012 exclusive pairs
time:  16,   125 facts and    1727 exclusive pairs
             328 ops   and   32180 exclusive pairs
time:  17,   127 facts and    1500 exclusive pairs
             351 ops   and   35956 exclusive pairs
time:  18,   147 facts and    2228 exclusive pairs

creating thin gp-based encoding...
plan graph layer 0...
plan graph layer 1...
plan graph layer 2...
plan graph layer 3...
plan graph layer 4...
plan graph layer 5...
plan graph layer 6...
plan graph layer 7...
plan graph layer 8...
plan graph layer 9...
plan graph layer 10...
plan graph layer 11...
plan graph layer 12...
plan graph layer 13...
plan graph layer 14...
plan graph layer 15...
plan graph layer 16...
plan graph layer 17...
plan graph layer 18...
goal constraints...

goal fact not coded - level too low??


bb: parsing domain file
domain 'BLOCKS' defined
 ... done.
bb: parsing problem file
problem 'BLOCKS-12-1' defined
 ... done.


time:   0,    15 facts and       0 exclusive pairs
              17 ops   and       7 exclusive pairs
time:   1,    19 facts and      16 exclusive pairs
              27 ops   and      98 exclusive pairs
time:   2,    23 facts and      36 exclusive pairs
              37 ops   and     269 exclusive pairs
time:   3,    26 facts and      58 exclusive pairs
              49 ops   and     590 exclusive pairs
time:   4,    33 facts and     141 exclusive pairs
              66 ops   and    1260 exclusive pairs
time:   5,    37 facts and     180 exclusive pairs
              81 ops   and    1988 exclusive pairs
time:   6,    45 facts and     308 exclusive pairs
              98 ops   and    2992 exclusive pairs
time:   7,    47 facts and     268 exclusive pairs
             111 ops   and    3719 exclusive pairs
time:   8,    57 facts and     454 exclusive pairs
             132 ops   and    5390 exclusive pairs
time:   9,    59 facts and     400 exclusive pairs
             147 ops   and    6520 exclusive pairs
time:  10,    71 facts and     668 exclusive pairs
             172 ops   and    9122 exclusive pairs
time:  11,    73 facts and     591 exclusive pairs
             189 ops   and   10756 exclusive pairs
time:  12,    87 facts and     953 exclusive pairs
             218 ops   and   14554 exclusive pairs
time:  13,    89 facts and     834 exclusive pairs
             237 ops   and   16774 exclusive pairs
time:  14,   105 facts and    1304 exclusive pairs
             270 ops   and   22082 exclusive pairs
time:  15,   107 facts and    1135 exclusive pairs
             291 ops   and   25012 exclusive pairs
time:  16,   125 facts and    1727 exclusive pairs
             328 ops   and   32180 exclusive pairs
time:  17,   127 facts and    1500 exclusive pairs
             351 ops   and   35956 exclusive pairs
time:  18,   147 facts and    2228 exclusive pairs
             392 ops   and   45370 exclusive pairs
time:  19,   148 facts and    1901 exclusive pairs

creating thin gp-based encoding...
plan graph layer 0...
plan graph layer 1...
plan graph layer 2...
plan graph layer 3...
plan graph layer 4...
plan graph layer 5...
plan graph layer 6...
plan graph layer 7...
plan graph layer 8...
plan graph layer 9...
plan graph layer 10...
plan graph layer 11...
plan graph layer 12...
plan graph layer 13...
plan graph layer 14...
plan graph layer 15...
plan graph layer 16...
plan graph layer 17...
plan graph layer 18...
plan graph layer 19...
goal constraints...

goal fact not coded - level too low??


bb: parsing domain file
domain 'BLOCKS' defined
 ... done.
bb: parsing problem file
problem 'BLOCKS-12-1' defined
 ... done.


time:   0,    15 facts and       0 exclusive pairs
              17 ops   and       7 exclusive pairs
time:   1,    19 facts and      16 exclusive pairs
              27 ops   and      98 exclusive pairs
time:   2,    23 facts and      36 exclusive pairs
              37 ops   and     269 exclusive pairs
time:   3,    26 facts and      58 exclusive pairs
              49 ops   and     590 exclusive pairs
time:   4,    33 facts and     141 exclusive pairs
              66 ops   and    1260 exclusive pairs
time:   5,    37 facts and     180 exclusive pairs
              81 ops   and    1988 exclusive pairs
time:   6,    45 facts and     308 exclusive pairs
              98 ops   and    2992 exclusive pairs
time:   7,    47 facts and     268 exclusive pairs
             111 ops   and    3719 exclusive pairs
time:   8,    57 facts and     454 exclusive pairs
             132 ops   and    5390 exclusive pairs
time:   9,    59 facts and     400 exclusive pairs
             147 ops   and    6520 exclusive pairs
time:  10,    71 facts and     668 exclusive pairs
             172 ops   and    9122 exclusive pairs
time:  11,    73 facts and     591 exclusive pairs
             189 ops   and   10756 exclusive pairs
time:  12,    87 facts and     953 exclusive pairs
             218 ops   and   14554 exclusive pairs
time:  13,    89 facts and     834 exclusive pairs
             237 ops   and   16774 exclusive pairs
time:  14,   105 facts and    1304 exclusive pairs
             270 ops   and   22082 exclusive pairs
time:  15,   107 facts and    1135 exclusive pairs
             291 ops   and   25012 exclusive pairs
time:  16,   125 facts and    1727 exclusive pairs
             328 ops   and   32180 exclusive pairs
time:  17,   127 facts and    1500 exclusive pairs
             351 ops   and   35956 exclusive pairs
time:  18,   147 facts and    2228 exclusive pairs
             392 ops   and   45370 exclusive pairs
time:  19,   148 facts and    1901 exclusive pairs
             415 ops   and   49548 exclusive pairs
time:  20,   169 facts and    2726 exclusive pairs

creating thin gp-based encoding...
plan graph layer 0...
plan graph layer 1...
plan graph layer 2...
plan graph layer 3...
plan graph layer 4...
plan graph layer 5...
plan graph layer 6...
plan graph layer 7...
plan graph layer 8...
plan graph layer 9...
plan graph layer 10...
plan graph layer 11...
plan graph layer 12...
plan graph layer 13...
plan graph layer 14...
plan graph layer 15...
plan graph layer 16...
plan graph layer 17...
plan graph layer 18...
plan graph layer 19...
plan graph layer 20...
goal constraints...
exclusion constraints layer 0...
exclusion constraints layer 1...
exclusion constraints layer 2...
exclusion constraints layer 3...
exclusion constraints layer 4...
exclusion constraints layer 5...
exclusion constraints layer 6...
exclusion constraints layer 7...
exclusion constraints layer 8...
exclusion constraints layer 9...
exclusion constraints layer 10...
exclusion constraints layer 11...
exclusion constraints layer 12...
exclusion constraints layer 13...
exclusion constraints layer 14...
exclusion constraints layer 15...
exclusion constraints layer 16...
exclusion constraints layer 17...
exclusion constraints layer 18...
exclusion constraints layer 19...
exclusion constraints layer 20...

DECISION LAYER 20, WRITING THIN GP-BASED ENCODING WITH 5237 VARS, 181770 CLAUSES.

time spent:    0.00 seconds instantiating 312 action templates
               0.00 seconds reachability analysis, yielding 181 facts and 312 actions
               0.00 seconds collecting 181 relevant facts
               0.00 seconds building connectivity graph
               0.00 seconds building (std) graph
               0.03 seconds CNF output time
               0.03 seconds total planner time (solving not included)


***Solving***


[ filemap ]
[ extract ]

variables : 5237
pure lits : 173

1-clauses : 11
2-clauses : 180426
3-clauses : 1054
n-clauses : 279
discarded : 0

[ solve ]


unsatisfiable                             

[ stats ]

decisions : 0
conflicts : 1
time : ~0.01

***UNSAT***


bb: parsing domain file
domain 'BLOCKS' defined
 ... done.
bb: parsing problem file
problem 'BLOCKS-12-1' defined
 ... done.


time:   0,    15 facts and       0 exclusive pairs
              17 ops   and       7 exclusive pairs
time:   1,    19 facts and      16 exclusive pairs
              27 ops   and      98 exclusive pairs
time:   2,    23 facts and      36 exclusive pairs
              37 ops   and     269 exclusive pairs
time:   3,    26 facts and      58 exclusive pairs
              49 ops   and     590 exclusive pairs
time:   4,    33 facts and     141 exclusive pairs
              66 ops   and    1260 exclusive pairs
time:   5,    37 facts and     180 exclusive pairs
              81 ops   and    1988 exclusive pairs
time:   6,    45 facts and     308 exclusive pairs
              98 ops   and    2992 exclusive pairs
time:   7,    47 facts and     268 exclusive pairs
             111 ops   and    3719 exclusive pairs
time:   8,    57 facts and     454 exclusive pairs
             132 ops   and    5390 exclusive pairs
time:   9,    59 facts and     400 exclusive pairs
             147 ops   and    6520 exclusive pairs
time:  10,    71 facts and     668 exclusive pairs
             172 ops   and    9122 exclusive pairs
time:  11,    73 facts and     591 exclusive pairs
             189 ops   and   10756 exclusive pairs
time:  12,    87 facts and     953 exclusive pairs
             218 ops   and   14554 exclusive pairs
time:  13,    89 facts and     834 exclusive pairs
             237 ops   and   16774 exclusive pairs
time:  14,   105 facts and    1304 exclusive pairs
             270 ops   and   22082 exclusive pairs
time:  15,   107 facts and    1135 exclusive pairs
             291 ops   and   25012 exclusive pairs
time:  16,   125 facts and    1727 exclusive pairs
             328 ops   and   32180 exclusive pairs
time:  17,   127 facts and    1500 exclusive pairs
             351 ops   and   35956 exclusive pairs
time:  18,   147 facts and    2228 exclusive pairs
             392 ops   and   45370 exclusive pairs
time:  19,   148 facts and    1901 exclusive pairs
             415 ops   and   49548 exclusive pairs
time:  20,   169 facts and    2726 exclusive pairs
             457 ops   and   60785 exclusive pairs
time:  21,   169 facts and    2326 exclusive pairs

creating thin gp-based encoding...
plan graph layer 0...
plan graph layer 1...
plan graph layer 2...
plan graph layer 3...
plan graph layer 4...
plan graph layer 5...
plan graph layer 6...
plan graph layer 7...
plan graph layer 8...
plan graph layer 9...
plan graph layer 10...
plan graph layer 11...
plan graph layer 12...
plan graph layer 13...
plan graph layer 14...
plan graph layer 15...
plan graph layer 16...
plan graph layer 17...
plan graph layer 18...
plan graph layer 19...
plan graph layer 20...
plan graph layer 21...
goal constraints...
exclusion constraints layer 0...
exclusion constraints layer 1...
exclusion constraints layer 2...
exclusion constraints layer 3...
exclusion constraints layer 4...
exclusion constraints layer 5...
exclusion constraints layer 6...
exclusion constraints layer 7...
exclusion constraints layer 8...
exclusion constraints layer 9...
exclusion constraints layer 10...
exclusion constraints layer 11...
exclusion constraints layer 12...
exclusion constraints layer 13...
exclusion constraints layer 14...
exclusion constraints layer 15...
exclusion constraints layer 16...
exclusion constraints layer 17...
exclusion constraints layer 18...
exclusion constraints layer 19...
exclusion constraints layer 20...
exclusion constraints layer 21...

DECISION LAYER 21, WRITING THIN GP-BASED ENCODING WITH 5863 VARS, 219852 CLAUSES.

time spent:    0.00 seconds instantiating 312 action templates
               0.00 seconds reachability analysis, yielding 181 facts and 312 actions
               0.00 seconds collecting 181 relevant facts
               0.00 seconds building connectivity graph
               0.00 seconds building (std) graph
               0.04 seconds CNF output time
               0.04 seconds total planner time (solving not included)


***Solving***


[ filemap ]
[ extract ]

variables : 5863
pure lits : 173

1-clauses : 11
2-clauses : 218339
3-clauses : 1198
n-clauses : 304
discarded : 0

[ solve ]


unsatisfiable                             

[ stats ]

decisions : 0
conflicts : 1
time : ~0.01

***UNSAT***


bb: parsing domain file
domain 'BLOCKS' defined
 ... done.
bb: parsing problem file
problem 'BLOCKS-12-1' defined
 ... done.


time:   0,    15 facts and       0 exclusive pairs
              17 ops   and       7 exclusive pairs
time:   1,    19 facts and      16 exclusive pairs
              27 ops   and      98 exclusive pairs
time:   2,    23 facts and      36 exclusive pairs
              37 ops   and     269 exclusive pairs
time:   3,    26 facts and      58 exclusive pairs
              49 ops   and     590 exclusive pairs
time:   4,    33 facts and     141 exclusive pairs
              66 ops   and    1260 exclusive pairs
time:   5,    37 facts and     180 exclusive pairs
              81 ops   and    1988 exclusive pairs
time:   6,    45 facts and     308 exclusive pairs
              98 ops   and    2992 exclusive pairs
time:   7,    47 facts and     268 exclusive pairs
             111 ops   and    3719 exclusive pairs
time:   8,    57 facts and     454 exclusive pairs
             132 ops   and    5390 exclusive pairs
time:   9,    59 facts and     400 exclusive pairs
             147 ops   and    6520 exclusive pairs
time:  10,    71 facts and     668 exclusive pairs
             172 ops   and    9122 exclusive pairs
time:  11,    73 facts and     591 exclusive pairs
             189 ops   and   10756 exclusive pairs
time:  12,    87 facts and     953 exclusive pairs
             218 ops   and   14554 exclusive pairs
time:  13,    89 facts and     834 exclusive pairs
             237 ops   and   16774 exclusive pairs
time:  14,   105 facts and    1304 exclusive pairs
             270 ops   and   22082 exclusive pairs
time:  15,   107 facts and    1135 exclusive pairs
             291 ops   and   25012 exclusive pairs
time:  16,   125 facts and    1727 exclusive pairs
             328 ops   and   32180 exclusive pairs
time:  17,   127 facts and    1500 exclusive pairs
             351 ops   and   35956 exclusive pairs
time:  18,   147 facts and    2228 exclusive pairs
             392 ops   and   45370 exclusive pairs
time:  19,   148 facts and    1901 exclusive pairs
             415 ops   and   49548 exclusive pairs
time:  20,   169 facts and    2726 exclusive pairs
             457 ops   and   60785 exclusive pairs
time:  21,   169 facts and    2326 exclusive pairs
             457 ops   and   57614 exclusive pairs
time:  22,   169 facts and    2016 exclusive pairs

creating thin gp-based encoding...
plan graph layer 0...
plan graph layer 1...
plan graph layer 2...
plan graph layer 3...
plan graph layer 4...
plan graph layer 5...
plan graph layer 6...
plan graph layer 7...
plan graph layer 8...
plan graph layer 9...
plan graph layer 10...
plan graph layer 11...
plan graph layer 12...
plan graph layer 13...
plan graph layer 14...
plan graph layer 15...
plan graph layer 16...
plan graph layer 17...
plan graph layer 18...
plan graph layer 19...
plan graph layer 20...
plan graph layer 21...
plan graph layer 22...
goal constraints...
exclusion constraints layer 0...
exclusion constraints layer 1...
exclusion constraints layer 2...
exclusion constraints layer 3...
exclusion constraints layer 4...
exclusion constraints layer 5...
exclusion constraints layer 6...
exclusion constraints layer 7...
exclusion constraints layer 8...
exclusion constraints layer 9...
exclusion constraints layer 10...
exclusion constraints layer 11...
exclusion constraints layer 12...
exclusion constraints layer 13...
exclusion constraints layer 14...
exclusion constraints layer 15...
exclusion constraints layer 16...
exclusion constraints layer 17...
exclusion constraints layer 18...
exclusion constraints layer 19...
exclusion constraints layer 20...
exclusion constraints layer 21...
exclusion constraints layer 22...

DECISION LAYER 22, WRITING THIN GP-BASED ENCODING WITH 6489 VARS, 257624 CLAUSES.

time spent:    0.00 seconds instantiating 312 action templates
               0.00 seconds reachability analysis, yielding 181 facts and 312 actions
               0.00 seconds collecting 181 relevant facts
               0.00 seconds building connectivity graph
               0.00 seconds building (std) graph
               0.05 seconds CNF output time
               0.05 seconds total planner time (solving not included)


***Solving***


[ filemap ]
[ extract ]

variables : 6489
pure lits : 173

1-clauses : 11
2-clauses : 255942
3-clauses : 1342
n-clauses : 329
discarded : 0

[ solve ]


unsatisfiable                             

[ stats ]

decisions : 1179
conflicts : 62
time : ~0.01

***UNSAT***


bb: parsing domain file
domain 'BLOCKS' defined
 ... done.
bb: parsing problem file
problem 'BLOCKS-12-1' defined
 ... done.


time:   0,    15 facts and       0 exclusive pairs
              17 ops   and       7 exclusive pairs
time:   1,    19 facts and      16 exclusive pairs
              27 ops   and      98 exclusive pairs
time:   2,    23 facts and      36 exclusive pairs
              37 ops   and     269 exclusive pairs
time:   3,    26 facts and      58 exclusive pairs
              49 ops   and     590 exclusive pairs
time:   4,    33 facts and     141 exclusive pairs
              66 ops   and    1260 exclusive pairs
time:   5,    37 facts and     180 exclusive pairs
              81 ops   and    1988 exclusive pairs
time:   6,    45 facts and     308 exclusive pairs
              98 ops   and    2992 exclusive pairs
time:   7,    47 facts and     268 exclusive pairs
             111 ops   and    3719 exclusive pairs
time:   8,    57 facts and     454 exclusive pairs
             132 ops   and    5390 exclusive pairs
time:   9,    59 facts and     400 exclusive pairs
             147 ops   and    6520 exclusive pairs
time:  10,    71 facts and     668 exclusive pairs
             172 ops   and    9122 exclusive pairs
time:  11,    73 facts and     591 exclusive pairs
             189 ops   and   10756 exclusive pairs
time:  12,    87 facts and     953 exclusive pairs
             218 ops   and   14554 exclusive pairs
time:  13,    89 facts and     834 exclusive pairs
             237 ops   and   16774 exclusive pairs
time:  14,   105 facts and    1304 exclusive pairs
             270 ops   and   22082 exclusive pairs
time:  15,   107 facts and    1135 exclusive pairs
             291 ops   and   25012 exclusive pairs
time:  16,   125 facts and    1727 exclusive pairs
             328 ops   and   32180 exclusive pairs
time:  17,   127 facts and    1500 exclusive pairs
             351 ops   and   35956 exclusive pairs
time:  18,   147 facts and    2228 exclusive pairs
             392 ops   and   45370 exclusive pairs
time:  19,   148 facts and    1901 exclusive pairs
             415 ops   and   49548 exclusive pairs
time:  20,   169 facts and    2726 exclusive pairs
             457 ops   and   60785 exclusive pairs
time:  21,   169 facts and    2326 exclusive pairs
             457 ops   and   57614 exclusive pairs
time:  22,   169 facts and    2016 exclusive pairs
graph has leveled off at time step 23


             457 ops   and   56904 exclusive pairs
time:  23,   169 facts and    2016 exclusive pairs

creating thin gp-based encoding...
plan graph layer 0...
plan graph layer 1...
plan graph layer 2...
plan graph layer 3...
plan graph layer 4...
plan graph layer 5...
plan graph layer 6...
plan graph layer 7...
plan graph layer 8...
plan graph layer 9...
plan graph layer 10...
plan graph layer 11...
plan graph layer 12...
plan graph layer 13...
plan graph layer 14...
plan graph layer 15...
plan graph layer 16...
plan graph layer 17...
plan graph layer 18...
plan graph layer 19...
plan graph layer 20...
plan graph layer 21...
plan graph layer 22...
plan graph layer 23...
goal constraints...
exclusion constraints layer 0...
exclusion constraints layer 1...
exclusion constraints layer 2...
exclusion constraints layer 3...
exclusion constraints layer 4...
exclusion constraints layer 5...
exclusion constraints layer 6...
exclusion constraints layer 7...
exclusion constraints layer 8...
exclusion constraints layer 9...
exclusion constraints layer 10...
exclusion constraints layer 11...
exclusion constraints layer 12...
exclusion constraints layer 13...
exclusion constraints layer 14...
exclusion constraints layer 15...
exclusion constraints layer 16...
exclusion constraints layer 17...
exclusion constraints layer 18...
exclusion constraints layer 19...
exclusion constraints layer 20...
exclusion constraints layer 21...
exclusion constraints layer 22...
exclusion constraints layer 23...

DECISION LAYER 23, WRITING THIN GP-BASED ENCODING WITH 7115 VARS, 295396 CLAUSES.

time spent:    0.00 seconds instantiating 312 action templates
               0.00 seconds reachability analysis, yielding 181 facts and 312 actions
               0.00 seconds collecting 181 relevant facts
               0.00 seconds building connectivity graph
               0.00 seconds building (std) graph
               0.05 seconds CNF output time
               0.05 seconds total planner time (solving not included)


***Solving***


[ filemap ]
[ extract ]

variables : 7115
pure lits : 173

1-clauses : 11
2-clauses : 293545
3-clauses : 1486
n-clauses : 354
discarded : 0

[ solve ]


unsatisfiable                             

[ stats ]

decisions : 2616
conflicts : 95
time : ~0.01

***UNSAT***


bb: parsing domain file
domain 'BLOCKS' defined
 ... done.
bb: parsing problem file
problem 'BLOCKS-12-1' defined
 ... done.


time:   0,    15 facts and       0 exclusive pairs
              17 ops   and       7 exclusive pairs
time:   1,    19 facts and      16 exclusive pairs
              27 ops   and      98 exclusive pairs
time:   2,    23 facts and      36 exclusive pairs
              37 ops   and     269 exclusive pairs
time:   3,    26 facts and      58 exclusive pairs
              49 ops   and     590 exclusive pairs
time:   4,    33 facts and     141 exclusive pairs
              66 ops   and    1260 exclusive pairs
time:   5,    37 facts and     180 exclusive pairs
              81 ops   and    1988 exclusive pairs
time:   6,    45 facts and     308 exclusive pairs
              98 ops   and    2992 exclusive pairs
time:   7,    47 facts and     268 exclusive pairs
             111 ops   and    3719 exclusive pairs
time:   8,    57 facts and     454 exclusive pairs
             132 ops   and    5390 exclusive pairs
time:   9,    59 facts and     400 exclusive pairs
             147 ops   and    6520 exclusive pairs
time:  10,    71 facts and     668 exclusive pairs
             172 ops   and    9122 exclusive pairs
time:  11,    73 facts and     591 exclusive pairs
             189 ops   and   10756 exclusive pairs
time:  12,    87 facts and     953 exclusive pairs
             218 ops   and   14554 exclusive pairs
time:  13,    89 facts and     834 exclusive pairs
             237 ops   and   16774 exclusive pairs
time:  14,   105 facts and    1304 exclusive pairs
             270 ops   and   22082 exclusive pairs
time:  15,   107 facts and    1135 exclusive pairs
             291 ops   and   25012 exclusive pairs
time:  16,   125 facts and    1727 exclusive pairs
             328 ops   and   32180 exclusive pairs
time:  17,   127 facts and    1500 exclusive pairs
             351 ops   and   35956 exclusive pairs
time:  18,   147 facts and    2228 exclusive pairs
             392 ops   and   45370 exclusive pairs
time:  19,   148 facts and    1901 exclusive pairs
             415 ops   and   49548 exclusive pairs
time:  20,   169 facts and    2726 exclusive pairs
             457 ops   and   60785 exclusive pairs
time:  21,   169 facts and    2326 exclusive pairs
             457 ops   and   57614 exclusive pairs
time:  22,   169 facts and    2016 exclusive pairs
graph has leveled off at time step 23


             457 ops   and   56904 exclusive pairs
time:  23,   169 facts and    2016 exclusive pairs
             457 ops   and   56904 exclusive pairs
time:  24,   169 facts and    2016 exclusive pairs

creating thin gp-based encoding...
plan graph layer 0...
plan graph layer 1...
plan graph layer 2...
plan graph layer 3...
plan graph layer 4...
plan graph layer 5...
plan graph layer 6...
plan graph layer 7...
plan graph layer 8...
plan graph layer 9...
plan graph layer 10...
plan graph layer 11...
plan graph layer 12...
plan graph layer 13...
plan graph layer 14...
plan graph layer 15...
plan graph layer 16...
plan graph layer 17...
plan graph layer 18...
plan graph layer 19...
plan graph layer 20...
plan graph layer 21...
plan graph layer 22...
plan graph layer 23...
plan graph layer 24...
goal constraints...
exclusion constraints layer 0...
exclusion constraints layer 1...
exclusion constraints layer 2...
exclusion constraints layer 3...
exclusion constraints layer 4...
exclusion constraints layer 5...
exclusion constraints layer 6...
exclusion constraints layer 7...
exclusion constraints layer 8...
exclusion constraints layer 9...
exclusion constraints layer 10...
exclusion constraints layer 11...
exclusion constraints layer 12...
exclusion constraints layer 13...
exclusion constraints layer 14...
exclusion constraints layer 15...
exclusion constraints layer 16...
exclusion constraints layer 17...
exclusion constraints layer 18...
exclusion constraints layer 19...
exclusion constraints layer 20...
exclusion constraints layer 21...
exclusion constraints layer 22...
exclusion constraints layer 23...
exclusion constraints layer 24...

DECISION LAYER 24, WRITING THIN GP-BASED ENCODING WITH 7741 VARS, 333168 CLAUSES.

time spent:    0.00 seconds instantiating 312 action templates
               0.00 seconds reachability analysis, yielding 181 facts and 312 actions
               0.00 seconds collecting 181 relevant facts
               0.00 seconds building connectivity graph
               0.00 seconds building (std) graph
               0.07 seconds CNF output time
               0.07 seconds total planner time (solving not included)


***Solving***


[ filemap ]
[ extract ]

variables : 7741
pure lits : 173

1-clauses : 11
2-clauses : 331148
3-clauses : 1630
n-clauses : 379
discarded : 0

[ solve ]


unsatisfiable                             

[ stats ]

decisions : 3278
conflicts : 100
time : ~0.01

***UNSAT***


bb: parsing domain file
domain 'BLOCKS' defined
 ... done.
bb: parsing problem file
problem 'BLOCKS-12-1' defined
 ... done.


time:   0,    15 facts and       0 exclusive pairs
              17 ops   and       7 exclusive pairs
time:   1,    19 facts and      16 exclusive pairs
              27 ops   and      98 exclusive pairs
time:   2,    23 facts and      36 exclusive pairs
              37 ops   and     269 exclusive pairs
time:   3,    26 facts and      58 exclusive pairs
              49 ops   and     590 exclusive pairs
time:   4,    33 facts and     141 exclusive pairs
              66 ops   and    1260 exclusive pairs
time:   5,    37 facts and     180 exclusive pairs
              81 ops   and    1988 exclusive pairs
time:   6,    45 facts and     308 exclusive pairs
              98 ops   and    2992 exclusive pairs
time:   7,    47 facts and     268 exclusive pairs
             111 ops   and    3719 exclusive pairs
time:   8,    57 facts and     454 exclusive pairs
             132 ops   and    5390 exclusive pairs
time:   9,    59 facts and     400 exclusive pairs
             147 ops   and    6520 exclusive pairs
time:  10,    71 facts and     668 exclusive pairs
             172 ops   and    9122 exclusive pairs
time:  11,    73 facts and     591 exclusive pairs
             189 ops   and   10756 exclusive pairs
time:  12,    87 facts and     953 exclusive pairs
             218 ops   and   14554 exclusive pairs
time:  13,    89 facts and     834 exclusive pairs
             237 ops   and   16774 exclusive pairs
time:  14,   105 facts and    1304 exclusive pairs
             270 ops   and   22082 exclusive pairs
time:  15,   107 facts and    1135 exclusive pairs
             291 ops   and   25012 exclusive pairs
time:  16,   125 facts and    1727 exclusive pairs
             328 ops   and   32180 exclusive pairs
time:  17,   127 facts and    1500 exclusive pairs
             351 ops   and   35956 exclusive pairs
time:  18,   147 facts and    2228 exclusive pairs
             392 ops   and   45370 exclusive pairs
time:  19,   148 facts and    1901 exclusive pairs
             415 ops   and   49548 exclusive pairs
time:  20,   169 facts and    2726 exclusive pairs
             457 ops   and   60785 exclusive pairs
time:  21,   169 facts and    2326 exclusive pairs
             457 ops   and   57614 exclusive pairs
time:  22,   169 facts and    2016 exclusive pairs
graph has leveled off at time step 23


             457 ops   and   56904 exclusive pairs
time:  23,   169 facts and    2016 exclusive pairs
             457 ops   and   56904 exclusive pairs
time:  24,   169 facts and    2016 exclusive pairs
             457 ops   and   56904 exclusive pairs
time:  25,   169 facts and    2016 exclusive pairs

creating thin gp-based encoding...
plan graph layer 0...
plan graph layer 1...
plan graph layer 2...
plan graph layer 3...
plan graph layer 4...
plan graph layer 5...
plan graph layer 6...
plan graph layer 7...
plan graph layer 8...
plan graph layer 9...
plan graph layer 10...
plan graph layer 11...
plan graph layer 12...
plan graph layer 13...
plan graph layer 14...
plan graph layer 15...
plan graph layer 16...
plan graph layer 17...
plan graph layer 18...
plan graph layer 19...
plan graph layer 20...
plan graph layer 21...
plan graph layer 22...
plan graph layer 23...
plan graph layer 24...
plan graph layer 25...
goal constraints...
exclusion constraints layer 0...
exclusion constraints layer 1...
exclusion constraints layer 2...
exclusion constraints layer 3...
exclusion constraints layer 4...
exclusion constraints layer 5...
exclusion constraints layer 6...
exclusion constraints layer 7...
exclusion constraints layer 8...
exclusion constraints layer 9...
exclusion constraints layer 10...
exclusion constraints layer 11...
exclusion constraints layer 12...
exclusion constraints layer 13...
exclusion constraints layer 14...
exclusion constraints layer 15...
exclusion constraints layer 16...
exclusion constraints layer 17...
exclusion constraints layer 18...
exclusion constraints layer 19...
exclusion constraints layer 20...
exclusion constraints layer 21...
exclusion constraints layer 22...
exclusion constraints layer 23...
exclusion constraints layer 24...
exclusion constraints layer 25...

DECISION LAYER 25, WRITING THIN GP-BASED ENCODING WITH 8367 VARS, 370940 CLAUSES.

time spent:    0.00 seconds instantiating 312 action templates
               0.00 seconds reachability analysis, yielding 181 facts and 312 actions
               0.00 seconds collecting 181 relevant facts
               0.00 seconds building connectivity graph
               0.00 seconds building (std) graph
               0.07 seconds CNF output time
               0.07 seconds total planner time (solving not included)


***Solving***


[ filemap ]
[ extract ]

variables : 8367
pure lits : 173

1-clauses : 11
2-clauses : 368751
3-clauses : 1774
n-clauses : 404
discarded : 0

[ solve ]


unsatisfiable                             

[ stats ]

decisions : 3973
conflicts : 164
time : ~0.01

***UNSAT***


bb: parsing domain file
domain 'BLOCKS' defined
 ... done.
bb: parsing problem file
problem 'BLOCKS-12-1' defined
 ... done.


time:   0,    15 facts and       0 exclusive pairs
              17 ops   and       7 exclusive pairs
time:   1,    19 facts and      16 exclusive pairs
              27 ops   and      98 exclusive pairs
time:   2,    23 facts and      36 exclusive pairs
              37 ops   and     269 exclusive pairs
time:   3,    26 facts and      58 exclusive pairs
              49 ops   and     590 exclusive pairs
time:   4,    33 facts and     141 exclusive pairs
              66 ops   and    1260 exclusive pairs
time:   5,    37 facts and     180 exclusive pairs
              81 ops   and    1988 exclusive pairs
time:   6,    45 facts and     308 exclusive pairs
              98 ops   and    2992 exclusive pairs
time:   7,    47 facts and     268 exclusive pairs
             111 ops   and    3719 exclusive pairs
time:   8,    57 facts and     454 exclusive pairs
             132 ops   and    5390 exclusive pairs
time:   9,    59 facts and     400 exclusive pairs
             147 ops   and    6520 exclusive pairs
time:  10,    71 facts and     668 exclusive pairs
             172 ops   and    9122 exclusive pairs
time:  11,    73 facts and     591 exclusive pairs
             189 ops   and   10756 exclusive pairs
time:  12,    87 facts and     953 exclusive pairs
             218 ops   and   14554 exclusive pairs
time:  13,    89 facts and     834 exclusive pairs
             237 ops   and   16774 exclusive pairs
time:  14,   105 facts and    1304 exclusive pairs
             270 ops   and   22082 exclusive pairs
time:  15,   107 facts and    1135 exclusive pairs
             291 ops   and   25012 exclusive pairs
time:  16,   125 facts and    1727 exclusive pairs
             328 ops   and   32180 exclusive pairs
time:  17,   127 facts and    1500 exclusive pairs
             351 ops   and   35956 exclusive pairs
time:  18,   147 facts and    2228 exclusive pairs
             392 ops   and   45370 exclusive pairs
time:  19,   148 facts and    1901 exclusive pairs
             415 ops   and   49548 exclusive pairs
time:  20,   169 facts and    2726 exclusive pairs
             457 ops   and   60785 exclusive pairs
time:  21,   169 facts and    2326 exclusive pairs
             457 ops   and   57614 exclusive pairs
time:  22,   169 facts and    2016 exclusive pairs
graph has leveled off at time step 23


             457 ops   and   56904 exclusive pairs
time:  23,   169 facts and    2016 exclusive pairs
             457 ops   and   56904 exclusive pairs
time:  24,   169 facts and    2016 exclusive pairs
             457 ops   and   56904 exclusive pairs
time:  25,   169 facts and    2016 exclusive pairs
             457 ops   and   56904 exclusive pairs
time:  26,   169 facts and    2016 exclusive pairs

creating thin gp-based encoding...
plan graph layer 0...
plan graph layer 1...
plan graph layer 2...
plan graph layer 3...
plan graph layer 4...
plan graph layer 5...
plan graph layer 6...
plan graph layer 7...
plan graph layer 8...
plan graph layer 9...
plan graph layer 10...
plan graph layer 11...
plan graph layer 12...
plan graph layer 13...
plan graph layer 14...
plan graph layer 15...
plan graph layer 16...
plan graph layer 17...
plan graph layer 18...
plan graph layer 19...
plan graph layer 20...
plan graph layer 21...
plan graph layer 22...
plan graph layer 23...
plan graph layer 24...
plan graph layer 25...
plan graph layer 26...
goal constraints...
exclusion constraints layer 0...
exclusion constraints layer 1...
exclusion constraints layer 2...
exclusion constraints layer 3...
exclusion constraints layer 4...
exclusion constraints layer 5...
exclusion constraints layer 6...
exclusion constraints layer 7...
exclusion constraints layer 8...
exclusion constraints layer 9...
exclusion constraints layer 10...
exclusion constraints layer 11...
exclusion constraints layer 12...
exclusion constraints layer 13...
exclusion constraints layer 14...
exclusion constraints layer 15...
exclusion constraints layer 16...
exclusion constraints layer 17...
exclusion constraints layer 18...
exclusion constraints layer 19...
exclusion constraints layer 20...
exclusion constraints layer 21...
exclusion constraints layer 22...
exclusion constraints layer 23...
exclusion constraints layer 24...
exclusion constraints layer 25...
exclusion constraints layer 26...

DECISION LAYER 26, WRITING THIN GP-BASED ENCODING WITH 8993 VARS, 408712 CLAUSES.

time spent:    0.00 seconds instantiating 312 action templates
               0.00 seconds reachability analysis, yielding 181 facts and 312 actions
               0.00 seconds collecting 181 relevant facts
               0.00 seconds building connectivity graph
               0.00 seconds building (std) graph
               0.07 seconds CNF output time
               0.07 seconds total planner time (solving not included)


***Solving***


[ filemap ]
[ extract ]

variables : 8993
pure lits : 173

1-clauses : 11
2-clauses : 406354
3-clauses : 1918
n-clauses : 429
discarded : 0

[ solve ]


unsatisfiable                             

[ stats ]

decisions : 2789
conflicts : 145
time : ~0.01

***UNSAT***


bb: parsing domain file
domain 'BLOCKS' defined
 ... done.
bb: parsing problem file
problem 'BLOCKS-12-1' defined
 ... done.


time:   0,    15 facts and       0 exclusive pairs
              17 ops   and       7 exclusive pairs
time:   1,    19 facts and      16 exclusive pairs
              27 ops   and      98 exclusive pairs
time:   2,    23 facts and      36 exclusive pairs
              37 ops   and     269 exclusive pairs
time:   3,    26 facts and      58 exclusive pairs
              49 ops   and     590 exclusive pairs
time:   4,    33 facts and     141 exclusive pairs
              66 ops   and    1260 exclusive pairs
time:   5,    37 facts and     180 exclusive pairs
              81 ops   and    1988 exclusive pairs
time:   6,    45 facts and     308 exclusive pairs
              98 ops   and    2992 exclusive pairs
time:   7,    47 facts and     268 exclusive pairs
             111 ops   and    3719 exclusive pairs
time:   8,    57 facts and     454 exclusive pairs
             132 ops   and    5390 exclusive pairs
time:   9,    59 facts and     400 exclusive pairs
             147 ops   and    6520 exclusive pairs
time:  10,    71 facts and     668 exclusive pairs
             172 ops   and    9122 exclusive pairs
time:  11,    73 facts and     591 exclusive pairs
             189 ops   and   10756 exclusive pairs
time:  12,    87 facts and     953 exclusive pairs
             218 ops   and   14554 exclusive pairs
time:  13,    89 facts and     834 exclusive pairs
             237 ops   and   16774 exclusive pairs
time:  14,   105 facts and    1304 exclusive pairs
             270 ops   and   22082 exclusive pairs
time:  15,   107 facts and    1135 exclusive pairs
             291 ops   and   25012 exclusive pairs
time:  16,   125 facts and    1727 exclusive pairs
             328 ops   and   32180 exclusive pairs
time:  17,   127 facts and    1500 exclusive pairs
             351 ops   and   35956 exclusive pairs
time:  18,   147 facts and    2228 exclusive pairs
             392 ops   and   45370 exclusive pairs
time:  19,   148 facts and    1901 exclusive pairs
             415 ops   and   49548 exclusive pairs
time:  20,   169 facts and    2726 exclusive pairs
             457 ops   and   60785 exclusive pairs
time:  21,   169 facts and    2326 exclusive pairs
             457 ops   and   57614 exclusive pairs
time:  22,   169 facts and    2016 exclusive pairs
graph has leveled off at time step 23


             457 ops   and   56904 exclusive pairs
time:  23,   169 facts and    2016 exclusive pairs
             457 ops   and   56904 exclusive pairs
time:  24,   169 facts and    2016 exclusive pairs
             457 ops   and   56904 exclusive pairs
time:  25,   169 facts and    2016 exclusive pairs
             457 ops   and   56904 exclusive pairs
time:  26,   169 facts and    2016 exclusive pairs
             457 ops   and   56904 exclusive pairs
time:  27,   169 facts and    2016 exclusive pairs

creating thin gp-based encoding...
plan graph layer 0...
plan graph layer 1...
plan graph layer 2...
plan graph layer 3...
plan graph layer 4...
plan graph layer 5...
plan graph layer 6...
plan graph layer 7...
plan graph layer 8...
plan graph layer 9...
plan graph layer 10...
plan graph layer 11...
plan graph layer 12...
plan graph layer 13...
plan graph layer 14...
plan graph layer 15...
plan graph layer 16...
plan graph layer 17...
plan graph layer 18...
plan graph layer 19...
plan graph layer 20...
plan graph layer 21...
plan graph layer 22...
plan graph layer 23...
plan graph layer 24...
plan graph layer 25...
plan graph layer 26...
plan graph layer 27...
goal constraints...
exclusion constraints layer 0...
exclusion constraints layer 1...
exclusion constraints layer 2...
exclusion constraints layer 3...
exclusion constraints layer 4...
exclusion constraints layer 5...
exclusion constraints layer 6...
exclusion constraints layer 7...
exclusion constraints layer 8...
exclusion constraints layer 9...
exclusion constraints layer 10...
exclusion constraints layer 11...
exclusion constraints layer 12...
exclusion constraints layer 13...
exclusion constraints layer 14...
exclusion constraints layer 15...
exclusion constraints layer 16...
exclusion constraints layer 17...
exclusion constraints layer 18...
exclusion constraints layer 19...
exclusion constraints layer 20...
exclusion constraints layer 21...
exclusion constraints layer 22...
exclusion constraints layer 23...
exclusion constraints layer 24...
exclusion constraints layer 25...
exclusion constraints layer 26...
exclusion constraints layer 27...

DECISION LAYER 27, WRITING THIN GP-BASED ENCODING WITH 9619 VARS, 446484 CLAUSES.

time spent:    0.00 seconds instantiating 312 action templates
               0.00 seconds reachability analysis, yielding 181 facts and 312 actions
               0.00 seconds collecting 181 relevant facts
               0.00 seconds building connectivity graph
               0.00 seconds building (std) graph
               0.09 seconds CNF output time
               0.09 seconds total planner time (solving not included)


***Solving***


[ filemap ]
[ extract ]

variables : 9619
pure lits : 173

1-clauses : 11
2-clauses : 443957
3-clauses : 2062
n-clauses : 454
discarded : 0

[ solve ]


unsatisfiable                             

[ stats ]

decisions : 5973
conflicts : 171
time : ~0.01

***UNSAT***


bb: parsing domain file
domain 'BLOCKS' defined
 ... done.
bb: parsing problem file
problem 'BLOCKS-12-1' defined
 ... done.


time:   0,    15 facts and       0 exclusive pairs
              17 ops   and       7 exclusive pairs
time:   1,    19 facts and      16 exclusive pairs
              27 ops   and      98 exclusive pairs
time:   2,    23 facts and      36 exclusive pairs
              37 ops   and     269 exclusive pairs
time:   3,    26 facts and      58 exclusive pairs
              49 ops   and     590 exclusive pairs
time:   4,    33 facts and     141 exclusive pairs
              66 ops   and    1260 exclusive pairs
time:   5,    37 facts and     180 exclusive pairs
              81 ops   and    1988 exclusive pairs
time:   6,    45 facts and     308 exclusive pairs
              98 ops   and    2992 exclusive pairs
time:   7,    47 facts and     268 exclusive pairs
             111 ops   and    3719 exclusive pairs
time:   8,    57 facts and     454 exclusive pairs
             132 ops   and    5390 exclusive pairs
time:   9,    59 facts and     400 exclusive pairs
             147 ops   and    6520 exclusive pairs
time:  10,    71 facts and     668 exclusive pairs
             172 ops   and    9122 exclusive pairs
time:  11,    73 facts and     591 exclusive pairs
             189 ops   and   10756 exclusive pairs
time:  12,    87 facts and     953 exclusive pairs
             218 ops   and   14554 exclusive pairs
time:  13,    89 facts and     834 exclusive pairs
             237 ops   and   16774 exclusive pairs
time:  14,   105 facts and    1304 exclusive pairs
             270 ops   and   22082 exclusive pairs
time:  15,   107 facts and    1135 exclusive pairs
             291 ops   and   25012 exclusive pairs
time:  16,   125 facts and    1727 exclusive pairs
             328 ops   and   32180 exclusive pairs
time:  17,   127 facts and    1500 exclusive pairs
             351 ops   and   35956 exclusive pairs
time:  18,   147 facts and    2228 exclusive pairs
             392 ops   and   45370 exclusive pairs
time:  19,   148 facts and    1901 exclusive pairs
             415 ops   and   49548 exclusive pairs
time:  20,   169 facts and    2726 exclusive pairs
             457 ops   and   60785 exclusive pairs
time:  21,   169 facts and    2326 exclusive pairs
             457 ops   and   57614 exclusive pairs
time:  22,   169 facts and    2016 exclusive pairs
graph has leveled off at time step 23


             457 ops   and   56904 exclusive pairs
time:  23,   169 facts and    2016 exclusive pairs
             457 ops   and   56904 exclusive pairs
time:  24,   169 facts and    2016 exclusive pairs
             457 ops   and   56904 exclusive pairs
time:  25,   169 facts and    2016 exclusive pairs
             457 ops   and   56904 exclusive pairs
time:  26,   169 facts and    2016 exclusive pairs
             457 ops   and   56904 exclusive pairs
time:  27,   169 facts and    2016 exclusive pairs
             457 ops   and   56904 exclusive pairs
time:  28,   169 facts and    2016 exclusive pairs

creating thin gp-based encoding...
plan graph layer 0...
plan graph layer 1...
plan graph layer 2...
plan graph layer 3...
plan graph layer 4...
plan graph layer 5...
plan graph layer 6...
plan graph layer 7...
plan graph layer 8...
plan graph layer 9...
plan graph layer 10...
plan graph layer 11...
plan graph layer 12...
plan graph layer 13...
plan graph layer 14...
plan graph layer 15...
plan graph layer 16...
plan graph layer 17...
plan graph layer 18...
plan graph layer 19...
plan graph layer 20...
plan graph layer 21...
plan graph layer 22...
plan graph layer 23...
plan graph layer 24...
plan graph layer 25...
plan graph layer 26...
plan graph layer 27...
plan graph layer 28...
goal constraints...
exclusion constraints layer 0...
exclusion constraints layer 1...
exclusion constraints layer 2...
exclusion constraints layer 3...
exclusion constraints layer 4...
exclusion constraints layer 5...
exclusion constraints layer 6...
exclusion constraints layer 7...
exclusion constraints layer 8...
exclusion constraints layer 9...
exclusion constraints layer 10...
exclusion constraints layer 11...
exclusion constraints layer 12...
exclusion constraints layer 13...
exclusion constraints layer 14...
exclusion constraints layer 15...
exclusion constraints layer 16...
exclusion constraints layer 17...
exclusion constraints layer 18...
exclusion constraints layer 19...
exclusion constraints layer 20...
exclusion constraints layer 21...
exclusion constraints layer 22...
exclusion constraints layer 23...
exclusion constraints layer 24...
exclusion constraints layer 25...
exclusion constraints layer 26...
exclusion constraints layer 27...
exclusion constraints layer 28...

DECISION LAYER 28, WRITING THIN GP-BASED ENCODING WITH 10245 VARS, 484256 CLAUSES.

time spent:    0.00 seconds instantiating 312 action templates
               0.00 seconds reachability analysis, yielding 181 facts and 312 actions
               0.00 seconds collecting 181 relevant facts
               0.00 seconds building connectivity graph
               0.00 seconds building (std) graph
               0.10 seconds CNF output time
               0.10 seconds total planner time (solving not included)


***Solving***


[ filemap ]
[ extract ]

variables : 10245
pure lits : 173

1-clauses : 11
2-clauses : 481560
3-clauses : 2206
n-clauses : 479
discarded : 0

[ solve ]


unsatisfiable                             

[ stats ]

decisions : 6306
conflicts : 190
time : ~0.01

***UNSAT***


bb: parsing domain file
domain 'BLOCKS' defined
 ... done.
bb: parsing problem file
problem 'BLOCKS-12-1' defined
 ... done.


time:   0,    15 facts and       0 exclusive pairs
              17 ops   and       7 exclusive pairs
time:   1,    19 facts and      16 exclusive pairs
              27 ops   and      98 exclusive pairs
time:   2,    23 facts and      36 exclusive pairs
              37 ops   and     269 exclusive pairs
time:   3,    26 facts and      58 exclusive pairs
              49 ops   and     590 exclusive pairs
time:   4,    33 facts and     141 exclusive pairs
              66 ops   and    1260 exclusive pairs
time:   5,    37 facts and     180 exclusive pairs
              81 ops   and    1988 exclusive pairs
time:   6,    45 facts and     308 exclusive pairs
              98 ops   and    2992 exclusive pairs
time:   7,    47 facts and     268 exclusive pairs
             111 ops   and    3719 exclusive pairs
time:   8,    57 facts and     454 exclusive pairs
             132 ops   and    5390 exclusive pairs
time:   9,    59 facts and     400 exclusive pairs
             147 ops   and    6520 exclusive pairs
time:  10,    71 facts and     668 exclusive pairs
             172 ops   and    9122 exclusive pairs
time:  11,    73 facts and     591 exclusive pairs
             189 ops   and   10756 exclusive pairs
time:  12,    87 facts and     953 exclusive pairs
             218 ops   and   14554 exclusive pairs
time:  13,    89 facts and     834 exclusive pairs
             237 ops   and   16774 exclusive pairs
time:  14,   105 facts and    1304 exclusive pairs
             270 ops   and   22082 exclusive pairs
time:  15,   107 facts and    1135 exclusive pairs
             291 ops   and   25012 exclusive pairs
time:  16,   125 facts and    1727 exclusive pairs
             328 ops   and   32180 exclusive pairs
time:  17,   127 facts and    1500 exclusive pairs
             351 ops   and   35956 exclusive pairs
time:  18,   147 facts and    2228 exclusive pairs
             392 ops   and   45370 exclusive pairs
time:  19,   148 facts and    1901 exclusive pairs
             415 ops   and   49548 exclusive pairs
time:  20,   169 facts and    2726 exclusive pairs
             457 ops   and   60785 exclusive pairs
time:  21,   169 facts and    2326 exclusive pairs
             457 ops   and   57614 exclusive pairs
time:  22,   169 facts and    2016 exclusive pairs
graph has leveled off at time step 23


             457 ops   and   56904 exclusive pairs
time:  23,   169 facts and    2016 exclusive pairs
             457 ops   and   56904 exclusive pairs
time:  24,   169 facts and    2016 exclusive pairs
             457 ops   and   56904 exclusive pairs
time:  25,   169 facts and    2016 exclusive pairs
             457 ops   and   56904 exclusive pairs
time:  26,   169 facts and    2016 exclusive pairs
             457 ops   and   56904 exclusive pairs
time:  27,   169 facts and    2016 exclusive pairs
             457 ops   and   56904 exclusive pairs
time:  28,   169 facts and    2016 exclusive pairs
             457 ops   and   56904 exclusive pairs
time:  29,   169 facts and    2016 exclusive pairs

creating thin gp-based encoding...
plan graph layer 0...
plan graph layer 1...
plan graph layer 2...
plan graph layer 3...
plan graph layer 4...
plan graph layer 5...
plan graph layer 6...
plan graph layer 7...
plan graph layer 8...
plan graph layer 9...
plan graph layer 10...
plan graph layer 11...
plan graph layer 12...
plan graph layer 13...
plan graph layer 14...
plan graph layer 15...
plan graph layer 16...
plan graph layer 17...
plan graph layer 18...
plan graph layer 19...
plan graph layer 20...
plan graph layer 21...
plan graph layer 22...
plan graph layer 23...
plan graph layer 24...
plan graph layer 25...
plan graph layer 26...
plan graph layer 27...
plan graph layer 28...
plan graph layer 29...
goal constraints...
exclusion constraints layer 0...
exclusion constraints layer 1...
exclusion constraints layer 2...
exclusion constraints layer 3...
exclusion constraints layer 4...
exclusion constraints layer 5...
exclusion constraints layer 6...
exclusion constraints layer 7...
exclusion constraints layer 8...
exclusion constraints layer 9...
exclusion constraints layer 10...
exclusion constraints layer 11...
exclusion constraints layer 12...
exclusion constraints layer 13...
exclusion constraints layer 14...
exclusion constraints layer 15...
exclusion constraints layer 16...
exclusion constraints layer 17...
exclusion constraints layer 18...
exclusion constraints layer 19...
exclusion constraints layer 20...
exclusion constraints layer 21...
exclusion constraints layer 22...
exclusion constraints layer 23...
exclusion constraints layer 24...
exclusion constraints layer 25...
exclusion constraints layer 26...
exclusion constraints layer 27...
exclusion constraints layer 28...
exclusion constraints layer 29...

DECISION LAYER 29, WRITING THIN GP-BASED ENCODING WITH 10871 VARS, 522028 CLAUSES.

time spent:    0.00 seconds instantiating 312 action templates
               0.00 seconds reachability analysis, yielding 181 facts and 312 actions
               0.00 seconds collecting 181 relevant facts
               0.00 seconds building connectivity graph
               0.00 seconds building (std) graph
               0.10 seconds CNF output time
               0.10 seconds total planner time (solving not included)


***Solving***


[ filemap ]
[ extract ]

variables : 10871
pure lits : 173

1-clauses : 11
2-clauses : 519163
3-clauses : 2350
n-clauses : 504
discarded : 0

[ solve ]


unsatisfiable                             

[ stats ]

decisions : 11738
conflicts : 653
time : ~0.02

***UNSAT***


bb: parsing domain file
domain 'BLOCKS' defined
 ... done.
bb: parsing problem file
problem 'BLOCKS-12-1' defined
 ... done.


time:   0,    15 facts and       0 exclusive pairs
              17 ops   and       7 exclusive pairs
time:   1,    19 facts and      16 exclusive pairs
              27 ops   and      98 exclusive pairs
time:   2,    23 facts and      36 exclusive pairs
              37 ops   and     269 exclusive pairs
time:   3,    26 facts and      58 exclusive pairs
              49 ops   and     590 exclusive pairs
time:   4,    33 facts and     141 exclusive pairs
              66 ops   and    1260 exclusive pairs
time:   5,    37 facts and     180 exclusive pairs
              81 ops   and    1988 exclusive pairs
time:   6,    45 facts and     308 exclusive pairs
              98 ops   and    2992 exclusive pairs
time:   7,    47 facts and     268 exclusive pairs
             111 ops   and    3719 exclusive pairs
time:   8,    57 facts and     454 exclusive pairs
             132 ops   and    5390 exclusive pairs
time:   9,    59 facts and     400 exclusive pairs
             147 ops   and    6520 exclusive pairs
time:  10,    71 facts and     668 exclusive pairs
             172 ops   and    9122 exclusive pairs
time:  11,    73 facts and     591 exclusive pairs
             189 ops   and   10756 exclusive pairs
time:  12,    87 facts and     953 exclusive pairs
             218 ops   and   14554 exclusive pairs
time:  13,    89 facts and     834 exclusive pairs
             237 ops   and   16774 exclusive pairs
time:  14,   105 facts and    1304 exclusive pairs
             270 ops   and   22082 exclusive pairs
time:  15,   107 facts and    1135 exclusive pairs
             291 ops   and   25012 exclusive pairs
time:  16,   125 facts and    1727 exclusive pairs
             328 ops   and   32180 exclusive pairs
time:  17,   127 facts and    1500 exclusive pairs
             351 ops   and   35956 exclusive pairs
time:  18,   147 facts and    2228 exclusive pairs
             392 ops   and   45370 exclusive pairs
time:  19,   148 facts and    1901 exclusive pairs
             415 ops   and   49548 exclusive pairs
time:  20,   169 facts and    2726 exclusive pairs
             457 ops   and   60785 exclusive pairs
time:  21,   169 facts and    2326 exclusive pairs
             457 ops   and   57614 exclusive pairs
time:  22,   169 facts and    2016 exclusive pairs
graph has leveled off at time step 23


             457 ops   and   56904 exclusive pairs
time:  23,   169 facts and    2016 exclusive pairs
             457 ops   and   56904 exclusive pairs
time:  24,   169 facts and    2016 exclusive pairs
             457 ops   and   56904 exclusive pairs
time:  25,   169 facts and    2016 exclusive pairs
             457 ops   and   56904 exclusive pairs
time:  26,   169 facts and    2016 exclusive pairs
             457 ops   and   56904 exclusive pairs
time:  27,   169 facts and    2016 exclusive pairs
             457 ops   and   56904 exclusive pairs
time:  28,   169 facts and    2016 exclusive pairs
             457 ops   and   56904 exclusive pairs
time:  29,   169 facts and    2016 exclusive pairs
             457 ops   and   56904 exclusive pairs
time:  30,   169 facts and    2016 exclusive pairs

creating thin gp-based encoding...
plan graph layer 0...
plan graph layer 1...
plan graph layer 2...
plan graph layer 3...
plan graph layer 4...
plan graph layer 5...
plan graph layer 6...
plan graph layer 7...
plan graph layer 8...
plan graph layer 9...
plan graph layer 10...
plan graph layer 11...
plan graph layer 12...
plan graph layer 13...
plan graph layer 14...
plan graph layer 15...
plan graph layer 16...
plan graph layer 17...
plan graph layer 18...
plan graph layer 19...
plan graph layer 20...
plan graph layer 21...
plan graph layer 22...
plan graph layer 23...
plan graph layer 24...
plan graph layer 25...
plan graph layer 26...
plan graph layer 27...
plan graph layer 28...
plan graph layer 29...
plan graph layer 30...
goal constraints...
exclusion constraints layer 0...
exclusion constraints layer 1...
exclusion constraints layer 2...
exclusion constraints layer 3...
exclusion constraints layer 4...
exclusion constraints layer 5...
exclusion constraints layer 6...
exclusion constraints layer 7...
exclusion constraints layer 8...
exclusion constraints layer 9...
exclusion constraints layer 10...
exclusion constraints layer 11...
exclusion constraints layer 12...
exclusion constraints layer 13...
exclusion constraints layer 14...
exclusion constraints layer 15...
exclusion constraints layer 16...
exclusion constraints layer 17...
exclusion constraints layer 18...
exclusion constraints layer 19...
exclusion constraints layer 20...
exclusion constraints layer 21...
exclusion constraints layer 22...
exclusion constraints layer 23...
exclusion constraints layer 24...
exclusion constraints layer 25...
exclusion constraints layer 26...
exclusion constraints layer 27...
exclusion constraints layer 28...
exclusion constraints layer 29...
exclusion constraints layer 30...

DECISION LAYER 30, WRITING THIN GP-BASED ENCODING WITH 11497 VARS, 559800 CLAUSES.

time spent:    0.00 seconds instantiating 312 action templates
               0.00 seconds reachability analysis, yielding 181 facts and 312 actions
               0.00 seconds collecting 181 relevant facts
               0.00 seconds building connectivity graph
               0.00 seconds building (std) graph
               0.11 seconds CNF output time
               0.11 seconds total planner time (solving not included)


***Solving***


[ filemap ]
[ extract ]

variables : 11497
pure lits : 173

1-clauses : 11
2-clauses : 556766
3-clauses : 2494
n-clauses : 529
discarded : 0

[ solve ]


unsatisfiable                             

[ stats ]

decisions : 5936
conflicts : 288
time : ~0.01

***UNSAT***


bb: parsing domain file
domain 'BLOCKS' defined
 ... done.
bb: parsing problem file
problem 'BLOCKS-12-1' defined
 ... done.


time:   0,    15 facts and       0 exclusive pairs
              17 ops   and       7 exclusive pairs
time:   1,    19 facts and      16 exclusive pairs
              27 ops   and      98 exclusive pairs
time:   2,    23 facts and      36 exclusive pairs
              37 ops   and     269 exclusive pairs
time:   3,    26 facts and      58 exclusive pairs
              49 ops   and     590 exclusive pairs
time:   4,    33 facts and     141 exclusive pairs
              66 ops   and    1260 exclusive pairs
time:   5,    37 facts and     180 exclusive pairs
              81 ops   and    1988 exclusive pairs
time:   6,    45 facts and     308 exclusive pairs
              98 ops   and    2992 exclusive pairs
time:   7,    47 facts and     268 exclusive pairs
             111 ops   and    3719 exclusive pairs
time:   8,    57 facts and     454 exclusive pairs
             132 ops   and    5390 exclusive pairs
time:   9,    59 facts and     400 exclusive pairs
             147 ops   and    6520 exclusive pairs
time:  10,    71 facts and     668 exclusive pairs
             172 ops   and    9122 exclusive pairs
time:  11,    73 facts and     591 exclusive pairs
             189 ops   and   10756 exclusive pairs
time:  12,    87 facts and     953 exclusive pairs
             218 ops   and   14554 exclusive pairs
time:  13,    89 facts and     834 exclusive pairs
             237 ops   and   16774 exclusive pairs
time:  14,   105 facts and    1304 exclusive pairs
             270 ops   and   22082 exclusive pairs
time:  15,   107 facts and    1135 exclusive pairs
             291 ops   and   25012 exclusive pairs
time:  16,   125 facts and    1727 exclusive pairs
             328 ops   and   32180 exclusive pairs
time:  17,   127 facts and    1500 exclusive pairs
             351 ops   and   35956 exclusive pairs
time:  18,   147 facts and    2228 exclusive pairs
             392 ops   and   45370 exclusive pairs
time:  19,   148 facts and    1901 exclusive pairs
             415 ops   and   49548 exclusive pairs
time:  20,   169 facts and    2726 exclusive pairs
             457 ops   and   60785 exclusive pairs
time:  21,   169 facts and    2326 exclusive pairs
             457 ops   and   57614 exclusive pairs
time:  22,   169 facts and    2016 exclusive pairs
graph has leveled off at time step 23


             457 ops   and   56904 exclusive pairs
time:  23,   169 facts and    2016 exclusive pairs
             457 ops   and   56904 exclusive pairs
time:  24,   169 facts and    2016 exclusive pairs
             457 ops   and   56904 exclusive pairs
time:  25,   169 facts and    2016 exclusive pairs
             457 ops   and   56904 exclusive pairs
time:  26,   169 facts and    2016 exclusive pairs
             457 ops   and   56904 exclusive pairs
time:  27,   169 facts and    2016 exclusive pairs
             457 ops   and   56904 exclusive pairs
time:  28,   169 facts and    2016 exclusive pairs
             457 ops   and   56904 exclusive pairs
time:  29,   169 facts and    2016 exclusive pairs
             457 ops   and   56904 exclusive pairs
time:  30,   169 facts and    2016 exclusive pairs
             457 ops   and   56904 exclusive pairs
time:  31,   169 facts and    2016 exclusive pairs

creating thin gp-based encoding...
plan graph layer 0...
plan graph layer 1...
plan graph layer 2...
plan graph layer 3...
plan graph layer 4...
plan graph layer 5...
plan graph layer 6...
plan graph layer 7...
plan graph layer 8...
plan graph layer 9...
plan graph layer 10...
plan graph layer 11...
plan graph layer 12...
plan graph layer 13...
plan graph layer 14...
plan graph layer 15...
plan graph layer 16...
plan graph layer 17...
plan graph layer 18...
plan graph layer 19...
plan graph layer 20...
plan graph layer 21...
plan graph layer 22...
plan graph layer 23...
plan graph layer 24...
plan graph layer 25...
plan graph layer 26...
plan graph layer 27...
plan graph layer 28...
plan graph layer 29...
plan graph layer 30...
plan graph layer 31...
goal constraints...
exclusion constraints layer 0...
exclusion constraints layer 1...
exclusion constraints layer 2...
exclusion constraints layer 3...
exclusion constraints layer 4...
exclusion constraints layer 5...
exclusion constraints layer 6...
exclusion constraints layer 7...
exclusion constraints layer 8...
exclusion constraints layer 9...
exclusion constraints layer 10...
exclusion constraints layer 11...
exclusion constraints layer 12...
exclusion constraints layer 13...
exclusion constraints layer 14...
exclusion constraints layer 15...
exclusion constraints layer 16...
exclusion constraints layer 17...
exclusion constraints layer 18...
exclusion constraints layer 19...
exclusion constraints layer 20...
exclusion constraints layer 21...
exclusion constraints layer 22...
exclusion constraints layer 23...
exclusion constraints layer 24...
exclusion constraints layer 25...
exclusion constraints layer 26...
exclusion constraints layer 27...
exclusion constraints layer 28...
exclusion constraints layer 29...
exclusion constraints layer 30...
exclusion constraints layer 31...

DECISION LAYER 31, WRITING THIN GP-BASED ENCODING WITH 12123 VARS, 597572 CLAUSES.

time spent:    0.00 seconds instantiating 312 action templates
               0.00 seconds reachability analysis, yielding 181 facts and 312 actions
               0.00 seconds collecting 181 relevant facts
               0.00 seconds building connectivity graph
               0.00 seconds building (std) graph
               0.12 seconds CNF output time
               0.12 seconds total planner time (solving not included)


***Solving***


[ filemap ]
[ extract ]

variables : 12123
pure lits : 173

1-clauses : 11
2-clauses : 594369
3-clauses : 2638
n-clauses : 554
discarded : 0

[ solve ]


unsatisfiable                             

[ stats ]

decisions : 7971
conflicts : 732
time : ~0.024

***UNSAT***


bb: parsing domain file
domain 'BLOCKS' defined
 ... done.
bb: parsing problem file
problem 'BLOCKS-12-1' defined
 ... done.


time:   0,    15 facts and       0 exclusive pairs
              17 ops   and       7 exclusive pairs
time:   1,    19 facts and      16 exclusive pairs
              27 ops   and      98 exclusive pairs
time:   2,    23 facts and      36 exclusive pairs
              37 ops   and     269 exclusive pairs
time:   3,    26 facts and      58 exclusive pairs
              49 ops   and     590 exclusive pairs
time:   4,    33 facts and     141 exclusive pairs
              66 ops   and    1260 exclusive pairs
time:   5,    37 facts and     180 exclusive pairs
              81 ops   and    1988 exclusive pairs
time:   6,    45 facts and     308 exclusive pairs
              98 ops   and    2992 exclusive pairs
time:   7,    47 facts and     268 exclusive pairs
             111 ops   and    3719 exclusive pairs
time:   8,    57 facts and     454 exclusive pairs
             132 ops   and    5390 exclusive pairs
time:   9,    59 facts and     400 exclusive pairs
             147 ops   and    6520 exclusive pairs
time:  10,    71 facts and     668 exclusive pairs
             172 ops   and    9122 exclusive pairs
time:  11,    73 facts and     591 exclusive pairs
             189 ops   and   10756 exclusive pairs
time:  12,    87 facts and     953 exclusive pairs
             218 ops   and   14554 exclusive pairs
time:  13,    89 facts and     834 exclusive pairs
             237 ops   and   16774 exclusive pairs
time:  14,   105 facts and    1304 exclusive pairs
             270 ops   and   22082 exclusive pairs
time:  15,   107 facts and    1135 exclusive pairs
             291 ops   and   25012 exclusive pairs
time:  16,   125 facts and    1727 exclusive pairs
             328 ops   and   32180 exclusive pairs
time:  17,   127 facts and    1500 exclusive pairs
             351 ops   and   35956 exclusive pairs
time:  18,   147 facts and    2228 exclusive pairs
             392 ops   and   45370 exclusive pairs
time:  19,   148 facts and    1901 exclusive pairs
             415 ops   and   49548 exclusive pairs
time:  20,   169 facts and    2726 exclusive pairs
             457 ops   and   60785 exclusive pairs
time:  21,   169 facts and    2326 exclusive pairs
             457 ops   and   57614 exclusive pairs
time:  22,   169 facts and    2016 exclusive pairs
graph has leveled off at time step 23


             457 ops   and   56904 exclusive pairs
time:  23,   169 facts and    2016 exclusive pairs
             457 ops   and   56904 exclusive pairs
time:  24,   169 facts and    2016 exclusive pairs
             457 ops   and   56904 exclusive pairs
time:  25,   169 facts and    2016 exclusive pairs
             457 ops   and   56904 exclusive pairs
time:  26,   169 facts and    2016 exclusive pairs
             457 ops   and   56904 exclusive pairs
time:  27,   169 facts and    2016 exclusive pairs
             457 ops   and   56904 exclusive pairs
time:  28,   169 facts and    2016 exclusive pairs
             457 ops   and   56904 exclusive pairs
time:  29,   169 facts and    2016 exclusive pairs
             457 ops   and   56904 exclusive pairs
time:  30,   169 facts and    2016 exclusive pairs
             457 ops   and   56904 exclusive pairs
time:  31,   169 facts and    2016 exclusive pairs
             457 ops   and   56904 exclusive pairs
time:  32,   169 facts and    2016 exclusive pairs

creating thin gp-based encoding...
plan graph layer 0...
plan graph layer 1...
plan graph layer 2...
plan graph layer 3...
plan graph layer 4...
plan graph layer 5...
plan graph layer 6...
plan graph layer 7...
plan graph layer 8...
plan graph layer 9...
plan graph layer 10...
plan graph layer 11...
plan graph layer 12...
plan graph layer 13...
plan graph layer 14...
plan graph layer 15...
plan graph layer 16...
plan graph layer 17...
plan graph layer 18...
plan graph layer 19...
plan graph layer 20...
plan graph layer 21...
plan graph layer 22...
plan graph layer 23...
plan graph layer 24...
plan graph layer 25...
plan graph layer 26...
plan graph layer 27...
plan graph layer 28...
plan graph layer 29...
plan graph layer 30...
plan graph layer 31...
plan graph layer 32...
goal constraints...
exclusion constraints layer 0...
exclusion constraints layer 1...
exclusion constraints layer 2...
exclusion constraints layer 3...
exclusion constraints layer 4...
exclusion constraints layer 5...
exclusion constraints layer 6...
exclusion constraints layer 7...
exclusion constraints layer 8...
exclusion constraints layer 9...
exclusion constraints layer 10...
exclusion constraints layer 11...
exclusion constraints layer 12...
exclusion constraints layer 13...
exclusion constraints layer 14...
exclusion constraints layer 15...
exclusion constraints layer 16...
exclusion constraints layer 17...
exclusion constraints layer 18...
exclusion constraints layer 19...
exclusion constraints layer 20...
exclusion constraints layer 21...
exclusion constraints layer 22...
exclusion constraints layer 23...
exclusion constraints layer 24...
exclusion constraints layer 25...
exclusion constraints layer 26...
exclusion constraints layer 27...
exclusion constraints layer 28...
exclusion constraints layer 29...
exclusion constraints layer 30...
exclusion constraints layer 31...
exclusion constraints layer 32...

DECISION LAYER 32, WRITING THIN GP-BASED ENCODING WITH 12749 VARS, 635344 CLAUSES.

time spent:    0.00 seconds instantiating 312 action templates
               0.00 seconds reachability analysis, yielding 181 facts and 312 actions
               0.00 seconds collecting 181 relevant facts
               0.00 seconds building connectivity graph
               0.00 seconds building (std) graph
               0.12 seconds CNF output time
               0.12 seconds total planner time (solving not included)


***Solving***


[ filemap ]
[ extract ]

variables : 12749
pure lits : 173

1-clauses : 11
2-clauses : 631972
3-clauses : 2782
n-clauses : 579
discarded : 0

[ solve ]


unsatisfiable                             

[ stats ]

decisions : 11881
conflicts : 420
time : ~0.017

***UNSAT***


bb: parsing domain file
domain 'BLOCKS' defined
 ... done.
bb: parsing problem file
problem 'BLOCKS-12-1' defined
 ... done.


time:   0,    15 facts and       0 exclusive pairs
              17 ops   and       7 exclusive pairs
time:   1,    19 facts and      16 exclusive pairs
              27 ops   and      98 exclusive pairs
time:   2,    23 facts and      36 exclusive pairs
              37 ops   and     269 exclusive pairs
time:   3,    26 facts and      58 exclusive pairs
              49 ops   and     590 exclusive pairs
time:   4,    33 facts and     141 exclusive pairs
              66 ops   and    1260 exclusive pairs
time:   5,    37 facts and     180 exclusive pairs
              81 ops   and    1988 exclusive pairs
time:   6,    45 facts and     308 exclusive pairs
              98 ops   and    2992 exclusive pairs
time:   7,    47 facts and     268 exclusive pairs
             111 ops   and    3719 exclusive pairs
time:   8,    57 facts and     454 exclusive pairs
             132 ops   and    5390 exclusive pairs
time:   9,    59 facts and     400 exclusive pairs
             147 ops   and    6520 exclusive pairs
time:  10,    71 facts and     668 exclusive pairs
             172 ops   and    9122 exclusive pairs
time:  11,    73 facts and     591 exclusive pairs
             189 ops   and   10756 exclusive pairs
time:  12,    87 facts and     953 exclusive pairs
             218 ops   and   14554 exclusive pairs
time:  13,    89 facts and     834 exclusive pairs
             237 ops   and   16774 exclusive pairs
time:  14,   105 facts and    1304 exclusive pairs
             270 ops   and   22082 exclusive pairs
time:  15,   107 facts and    1135 exclusive pairs
             291 ops   and   25012 exclusive pairs
time:  16,   125 facts and    1727 exclusive pairs
             328 ops   and   32180 exclusive pairs
time:  17,   127 facts and    1500 exclusive pairs
             351 ops   and   35956 exclusive pairs
time:  18,   147 facts and    2228 exclusive pairs
             392 ops   and   45370 exclusive pairs
time:  19,   148 facts and    1901 exclusive pairs
             415 ops   and   49548 exclusive pairs
time:  20,   169 facts and    2726 exclusive pairs
             457 ops   and   60785 exclusive pairs
time:  21,   169 facts and    2326 exclusive pairs
             457 ops   and   57614 exclusive pairs
time:  22,   169 facts and    2016 exclusive pairs
graph has leveled off at time step 23


             457 ops   and   56904 exclusive pairs
time:  23,   169 facts and    2016 exclusive pairs
             457 ops   and   56904 exclusive pairs
time:  24,   169 facts and    2016 exclusive pairs
             457 ops   and   56904 exclusive pairs
time:  25,   169 facts and    2016 exclusive pairs
             457 ops   and   56904 exclusive pairs
time:  26,   169 facts and    2016 exclusive pairs
             457 ops   and   56904 exclusive pairs
time:  27,   169 facts and    2016 exclusive pairs
             457 ops   and   56904 exclusive pairs
time:  28,   169 facts and    2016 exclusive pairs
             457 ops   and   56904 exclusive pairs
time:  29,   169 facts and    2016 exclusive pairs
             457 ops   and   56904 exclusive pairs
time:  30,   169 facts and    2016 exclusive pairs
             457 ops   and   56904 exclusive pairs
time:  31,   169 facts and    2016 exclusive pairs
             457 ops   and   56904 exclusive pairs
time:  32,   169 facts and    2016 exclusive pairs
             457 ops   and   56904 exclusive pairs
time:  33,   169 facts and    2016 exclusive pairs

creating thin gp-based encoding...
plan graph layer 0...
plan graph layer 1...
plan graph layer 2...
plan graph layer 3...
plan graph layer 4...
plan graph layer 5...
plan graph layer 6...
plan graph layer 7...
plan graph layer 8...
plan graph layer 9...
plan graph layer 10...
plan graph layer 11...
plan graph layer 12...
plan graph layer 13...
plan graph layer 14...
plan graph layer 15...
plan graph layer 16...
plan graph layer 17...
plan graph layer 18...
plan graph layer 19...
plan graph layer 20...
plan graph layer 21...
plan graph layer 22...
plan graph layer 23...
plan graph layer 24...
plan graph layer 25...
plan graph layer 26...
plan graph layer 27...
plan graph layer 28...
plan graph layer 29...
plan graph layer 30...
plan graph layer 31...
plan graph layer 32...
plan graph layer 33...
goal constraints...
exclusion constraints layer 0...
exclusion constraints layer 1...
exclusion constraints layer 2...
exclusion constraints layer 3...
exclusion constraints layer 4...
exclusion constraints layer 5...
exclusion constraints layer 6...
exclusion constraints layer 7...
exclusion constraints layer 8...
exclusion constraints layer 9...
exclusion constraints layer 10...
exclusion constraints layer 11...
exclusion constraints layer 12...
exclusion constraints layer 13...
exclusion constraints layer 14...
exclusion constraints layer 15...
exclusion constraints layer 16...
exclusion constraints layer 17...
exclusion constraints layer 18...
exclusion constraints layer 19...
exclusion constraints layer 20...
exclusion constraints layer 21...
exclusion constraints layer 22...
exclusion constraints layer 23...
exclusion constraints layer 24...
exclusion constraints layer 25...
exclusion constraints layer 26...
exclusion constraints layer 27...
exclusion constraints layer 28...
exclusion constraints layer 29...
exclusion constraints layer 30...
exclusion constraints layer 31...
exclusion constraints layer 32...
exclusion constraints layer 33...

DECISION LAYER 33, WRITING THIN GP-BASED ENCODING WITH 13375 VARS, 673116 CLAUSES.

time spent:    0.00 seconds instantiating 312 action templates
               0.00 seconds reachability analysis, yielding 181 facts and 312 actions
               0.00 seconds collecting 181 relevant facts
               0.00 seconds building connectivity graph
               0.00 seconds building (std) graph
               0.13 seconds CNF output time
               0.13 seconds total planner time (solving not included)


***Solving***


[ filemap ]
[ extract ]

variables : 13375
pure lits : 173

1-clauses : 11
2-clauses : 669575
3-clauses : 2926
n-clauses : 604
discarded : 0

[ solve ]


unsatisfiable                             

[ stats ]

decisions : 10926
conflicts : 871
time : ~0.028

***UNSAT***


bb: parsing domain file
domain 'BLOCKS' defined
 ... done.
bb: parsing problem file
problem 'BLOCKS-12-1' defined
 ... done.


time:   0,    15 facts and       0 exclusive pairs
              17 ops   and       7 exclusive pairs
time:   1,    19 facts and      16 exclusive pairs
              27 ops   and      98 exclusive pairs
time:   2,    23 facts and      36 exclusive pairs
              37 ops   and     269 exclusive pairs
time:   3,    26 facts and      58 exclusive pairs
              49 ops   and     590 exclusive pairs
time:   4,    33 facts and     141 exclusive pairs
              66 ops   and    1260 exclusive pairs
time:   5,    37 facts and     180 exclusive pairs
              81 ops   and    1988 exclusive pairs
time:   6,    45 facts and     308 exclusive pairs
              98 ops   and    2992 exclusive pairs
time:   7,    47 facts and     268 exclusive pairs
             111 ops   and    3719 exclusive pairs
time:   8,    57 facts and     454 exclusive pairs
             132 ops   and    5390 exclusive pairs
time:   9,    59 facts and     400 exclusive pairs
             147 ops   and    6520 exclusive pairs
time:  10,    71 facts and     668 exclusive pairs
             172 ops   and    9122 exclusive pairs
time:  11,    73 facts and     591 exclusive pairs
             189 ops   and   10756 exclusive pairs
time:  12,    87 facts and     953 exclusive pairs
             218 ops   and   14554 exclusive pairs
time:  13,    89 facts and     834 exclusive pairs
             237 ops   and   16774 exclusive pairs
time:  14,   105 facts and    1304 exclusive pairs
             270 ops   and   22082 exclusive pairs
time:  15,   107 facts and    1135 exclusive pairs
             291 ops   and   25012 exclusive pairs
time:  16,   125 facts and    1727 exclusive pairs
             328 ops   and   32180 exclusive pairs
time:  17,   127 facts and    1500 exclusive pairs
             351 ops   and   35956 exclusive pairs
time:  18,   147 facts and    2228 exclusive pairs
             392 ops   and   45370 exclusive pairs
time:  19,   148 facts and    1901 exclusive pairs
             415 ops   and   49548 exclusive pairs
time:  20,   169 facts and    2726 exclusive pairs
             457 ops   and   60785 exclusive pairs
time:  21,   169 facts and    2326 exclusive pairs
             457 ops   and   57614 exclusive pairs
time:  22,   169 facts and    2016 exclusive pairs
graph has leveled off at time step 23


             457 ops   and   56904 exclusive pairs
time:  23,   169 facts and    2016 exclusive pairs
             457 ops   and   56904 exclusive pairs
time:  24,   169 facts and    2016 exclusive pairs
             457 ops   and   56904 exclusive pairs
time:  25,   169 facts and    2016 exclusive pairs
             457 ops   and   56904 exclusive pairs
time:  26,   169 facts and    2016 exclusive pairs
             457 ops   and   56904 exclusive pairs
time:  27,   169 facts and    2016 exclusive pairs
             457 ops   and   56904 exclusive pairs
time:  28,   169 facts and    2016 exclusive pairs
             457 ops   and   56904 exclusive pairs
time:  29,   169 facts and    2016 exclusive pairs
             457 ops   and   56904 exclusive pairs
time:  30,   169 facts and    2016 exclusive pairs
             457 ops   and   56904 exclusive pairs
time:  31,   169 facts and    2016 exclusive pairs
             457 ops   and   56904 exclusive pairs
time:  32,   169 facts and    2016 exclusive pairs
             457 ops   and   56904 exclusive pairs
time:  33,   169 facts and    2016 exclusive pairs
             457 ops   and   56904 exclusive pairs
time:  34,   169 facts and    2016 exclusive pairs

creating thin gp-based encoding...
plan graph layer 0...
plan graph layer 1...
plan graph layer 2...
plan graph layer 3...
plan graph layer 4...
plan graph layer 5...
plan graph layer 6...
plan graph layer 7...
plan graph layer 8...
plan graph layer 9...
plan graph layer 10...
plan graph layer 11...
plan graph layer 12...
plan graph layer 13...
plan graph layer 14...
plan graph layer 15...
plan graph layer 16...
plan graph layer 17...
plan graph layer 18...
plan graph layer 19...
plan graph layer 20...
plan graph layer 21...
plan graph layer 22...
plan graph layer 23...
plan graph layer 24...
plan graph layer 25...
plan graph layer 26...
plan graph layer 27...
plan graph layer 28...
plan graph layer 29...
plan graph layer 30...
plan graph layer 31...
plan graph layer 32...
plan graph layer 33...
plan graph layer 34...
goal constraints...
exclusion constraints layer 0...
exclusion constraints layer 1...
exclusion constraints layer 2...
exclusion constraints layer 3...
exclusion constraints layer 4...
exclusion constraints layer 5...
exclusion constraints layer 6...
exclusion constraints layer 7...
exclusion constraints layer 8...
exclusion constraints layer 9...
exclusion constraints layer 10...
exclusion constraints layer 11...
exclusion constraints layer 12...
exclusion constraints layer 13...
exclusion constraints layer 14...
exclusion constraints layer 15...
exclusion constraints layer 16...
exclusion constraints layer 17...
exclusion constraints layer 18...
exclusion constraints layer 19...
exclusion constraints layer 20...
exclusion constraints layer 21...
exclusion constraints layer 22...
exclusion constraints layer 23...
exclusion constraints layer 24...
exclusion constraints layer 25...
exclusion constraints layer 26...
exclusion constraints layer 27...
exclusion constraints layer 28...
exclusion constraints layer 29...
exclusion constraints layer 30...
exclusion constraints layer 31...
exclusion constraints layer 32...
exclusion constraints layer 33...
exclusion constraints layer 34...

DECISION LAYER 34, WRITING THIN GP-BASED ENCODING WITH 14001 VARS, 710888 CLAUSES.

time spent:    0.00 seconds instantiating 312 action templates
               0.00 seconds reachability analysis, yielding 181 facts and 312 actions
               0.00 seconds collecting 181 relevant facts
               0.00 seconds building connectivity graph
               0.00 seconds building (std) graph
               0.14 seconds CNF output time
               0.14 seconds total planner time (solving not included)


***Solving***


[ filemap ]
[ extract ]

variables : 14001
pure lits : 173

1-clauses : 11
2-clauses : 707178
3-clauses : 3070
n-clauses : 629
discarded : 0

[ solve ]


satisfiable                             

[ stats ]

decisions : 16318
conflicts : 725
time : ~0.022


bb: parsing domain file
domain 'BLOCKS' defined
 ... done.
bb: parsing problem file
problem 'BLOCKS-12-1' defined
 ... done.


time:   0,    15 facts and       0 exclusive pairs
              17 ops   and       7 exclusive pairs
time:   1,    19 facts and      16 exclusive pairs
              27 ops   and      98 exclusive pairs
time:   2,    23 facts and      36 exclusive pairs
              37 ops   and     269 exclusive pairs
time:   3,    26 facts and      58 exclusive pairs
              49 ops   and     590 exclusive pairs
time:   4,    33 facts and     141 exclusive pairs
              66 ops   and    1260 exclusive pairs
time:   5,    37 facts and     180 exclusive pairs
              81 ops   and    1988 exclusive pairs
time:   6,    45 facts and     308 exclusive pairs
              98 ops   and    2992 exclusive pairs
time:   7,    47 facts and     268 exclusive pairs
             111 ops   and    3719 exclusive pairs
time:   8,    57 facts and     454 exclusive pairs
             132 ops   and    5390 exclusive pairs
time:   9,    59 facts and     400 exclusive pairs
             147 ops   and    6520 exclusive pairs
time:  10,    71 facts and     668 exclusive pairs
             172 ops   and    9122 exclusive pairs
time:  11,    73 facts and     591 exclusive pairs
             189 ops   and   10756 exclusive pairs
time:  12,    87 facts and     953 exclusive pairs
             218 ops   and   14554 exclusive pairs
time:  13,    89 facts and     834 exclusive pairs
             237 ops   and   16774 exclusive pairs
time:  14,   105 facts and    1304 exclusive pairs
             270 ops   and   22082 exclusive pairs
time:  15,   107 facts and    1135 exclusive pairs
             291 ops   and   25012 exclusive pairs
time:  16,   125 facts and    1727 exclusive pairs
             328 ops   and   32180 exclusive pairs
time:  17,   127 facts and    1500 exclusive pairs
             351 ops   and   35956 exclusive pairs
time:  18,   147 facts and    2228 exclusive pairs
             392 ops   and   45370 exclusive pairs
time:  19,   148 facts and    1901 exclusive pairs
             415 ops   and   49548 exclusive pairs
time:  20,   169 facts and    2726 exclusive pairs
             457 ops   and   60785 exclusive pairs
time:  21,   169 facts and    2326 exclusive pairs
             457 ops   and   57614 exclusive pairs
time:  22,   169 facts and    2016 exclusive pairs
graph has leveled off at time step 23


             457 ops   and   56904 exclusive pairs
time:  23,   169 facts and    2016 exclusive pairs
             457 ops   and   56904 exclusive pairs
time:  24,   169 facts and    2016 exclusive pairs
             457 ops   and   56904 exclusive pairs
time:  25,   169 facts and    2016 exclusive pairs
             457 ops   and   56904 exclusive pairs
time:  26,   169 facts and    2016 exclusive pairs
             457 ops   and   56904 exclusive pairs
time:  27,   169 facts and    2016 exclusive pairs
             457 ops   and   56904 exclusive pairs
time:  28,   169 facts and    2016 exclusive pairs
             457 ops   and   56904 exclusive pairs
time:  29,   169 facts and    2016 exclusive pairs
             457 ops   and   56904 exclusive pairs
time:  30,   169 facts and    2016 exclusive pairs
             457 ops   and   56904 exclusive pairs
time:  31,   169 facts and    2016 exclusive pairs
             457 ops   and   56904 exclusive pairs
time:  32,   169 facts and    2016 exclusive pairs
             457 ops   and   56904 exclusive pairs
time:  33,   169 facts and    2016 exclusive pairs
             457 ops   and   56904 exclusive pairs
time:  34,   169 facts and    2016 exclusive pairs

creating thin gp-based encoding...
plan graph layer 0...
plan graph layer 1...
plan graph layer 2...
plan graph layer 3...
plan graph layer 4...
plan graph layer 5...
plan graph layer 6...
plan graph layer 7...
plan graph layer 8...
plan graph layer 9...
plan graph layer 10...
plan graph layer 11...
plan graph layer 12...
plan graph layer 13...
plan graph layer 14...
plan graph layer 15...
plan graph layer 16...
plan graph layer 17...
plan graph layer 18...
plan graph layer 19...
plan graph layer 20...
plan graph layer 21...
plan graph layer 22...
plan graph layer 23...
plan graph layer 24...
plan graph layer 25...
plan graph layer 26...
plan graph layer 27...
plan graph layer 28...
plan graph layer 29...
plan graph layer 30...
plan graph layer 31...
plan graph layer 32...
plan graph layer 33...
plan graph layer 34...
goal constraints...
exclusion constraints layer 0...
exclusion constraints layer 1...
exclusion constraints layer 2...
exclusion constraints layer 3...
exclusion constraints layer 4...
exclusion constraints layer 5...
exclusion constraints layer 6...
exclusion constraints layer 7...
exclusion constraints layer 8...
exclusion constraints layer 9...
exclusion constraints layer 10...
exclusion constraints layer 11...
exclusion constraints layer 12...
exclusion constraints layer 13...
exclusion constraints layer 14...
exclusion constraints layer 15...
exclusion constraints layer 16...
exclusion constraints layer 17...
exclusion constraints layer 18...
exclusion constraints layer 19...
exclusion constraints layer 20...
exclusion constraints layer 21...
exclusion constraints layer 22...
exclusion constraints layer 23...
exclusion constraints layer 24...
exclusion constraints layer 25...
exclusion constraints layer 26...
exclusion constraints layer 27...
exclusion constraints layer 28...
exclusion constraints layer 29...
exclusion constraints layer 30...
exclusion constraints layer 31...
exclusion constraints layer 32...
exclusion constraints layer 33...
exclusion constraints layer 34...

DECISION LAYER 34, WRITING THIN GP-BASED ENCODING WITH 14001 VARS, 710888 CLAUSES.

time spent:    0.00 seconds instantiating 312 action templates
               0.00 seconds reachability analysis, yielding 181 facts and 312 actions
               0.00 seconds collecting 181 relevant facts
               0.00 seconds building connectivity graph
               0.00 seconds building (std) graph
               0.05 seconds CNF output time
               0.05 seconds total planner time (solving not included)

Pruned:  0: (PICK-UP E) [1]
Pruned:  0: (PICK-UP E) [1]
Pruned:  0: (PICK-UP E) [1]
Pruned:  0: (PICK-UP E) [1]
Pruned:  0: (PICK-UP E) [1]
Pruned:  0: (PICK-UP E) [1]
Pruned:  0: (PICK-UP E) [1]
Pruned:  0: (PICK-UP E) [1]
Pruned:  0: (PICK-UP E) [1]
Pruned:  0: (PICK-UP E) [1]
Pruned:  0: (PICK-UP E) [1]
Pruned:  0: (PICK-UP E) [1]
Pruned:  0: (PICK-UP E) [1]
Pruned:  0: (PICK-UP E) [1]
Pruned:  0: (PICK-UP E) [1]
Pruned:  0: (PICK-UP E) [1]
Pruned:  0: (PICK-UP E) [1]
Pruned:  0: (PICK-UP E) [1]
Pruned:  0: (PICK-UP E) [1]
Pruned:  0: (PICK-UP E) [1]
Pruned:  0: (PICK-UP E) [1]
Pruned:  0: (PICK-UP E) [1]
Pruned:  0: (PICK-UP E) [1]
Pruned:  0: (PICK-UP E) [1]
Pruned:  0: (PICK-UP E) [1]
Pruned:  0: (PICK-UP E) [1]
Pruned:  0: (PICK-UP E) [1]
Pruned:  0: (PICK-UP E) [1]
Pruned:  0: (PICK-UP E) [1]
Pruned:  0: (PICK-UP E) [1]
Pruned:  0: (PICK-UP E) [1]
Pruned:  0: (PICK-UP E) [1]
Pruned:  0: (PICK-UP E) [1]
Pruned:  0: (PICK-UP E) [1]
Pruned:  0: (PICK-UP E) [1]
Pruned:  0: (PICK-UP E) [1]
Pruned:  0: (PICK-UP E) [1]
Pruned:  0: (PICK-UP E) [1]
Pruned:  0: (PICK-UP E) [1]
Pruned:  0: (PICK-UP E) [1]
Pruned:  0: (PICK-UP E) [1]
Pruned:  0: (PICK-UP E) [1]
Pruned:  0: (PICK-UP E) [1]
Pruned:  0: (PICK-UP E) [1]
Pruned:  0: (PICK-UP E) [1]
Pruned:  0: (PICK-UP E) [1]
Pruned:  0: (PICK-UP E) [1]
Pruned:  0: (PICK-UP E) [1]
Pruned:  0: (PICK-UP E) [1]
Pruned:  0: (PICK-UP E) [1]
Pruned:  0: (PICK-UP E) [1]
Pruned:  0: (PICK-UP E) [1]
Pruned:  0: (PICK-UP E) [1]
Pruned:  0: (PICK-UP E) [1]
Pruned:  0: (PICK-UP E) [1]
Pruned:  0: (PICK-UP E) [1]
Pruned:  0: (PICK-UP E) [1]
Pruned:  0: (PICK-UP E) [1]
Pruned:  0: (PICK-UP E) [1]
Pruned:  0: (PICK-UP E) [1]
Pruned:  0: (PICK-UP E) [1]
Pruned:  0: (PICK-UP E) [1]
Pruned:  0: (PICK-UP E) [1]
Pruned:  0: (PICK-UP E) [1]
Pruned:  0: (PICK-UP E) [1]
Pruned:  0: (PICK-UP E) [1]
Pruned:  0: (PICK-UP E) [1]
Pruned:  0: (PICK-UP E) [1]
Pruned:  0: (PICK-UP E) [1]
Pruned:  0: (PICK-UP E) [1]
Pruned:  0: (PICK-UP E) [1]
Pruned:  0: (PICK-UP E) [1]
Pruned:  0: (PICK-UP E) [1]
Pruned:  0: (PICK-UP E) [1]
Pruned:  0: (PICK-UP E) [1]
Pruned:  0: (PICK-UP E) [1]
Pruned:  0: (PICK-UP E) [1]
Pruned:  0: (PICK-UP E) [1]
Pruned:  0: (PICK-UP E) [1]
Pruned:  0: (PICK-UP E) [1]
Pruned:  0: (PICK-UP E) [1]
Pruned:  0: (PICK-UP E) [1]
Pruned:  0: (PICK-UP E) [1]
Pruned:  0: (PICK-UP E) [1]
Pruned:  0: (PICK-UP E) [1]
Pruned:  0: (PICK-UP E) [1]
Pruned:  0: (PICK-UP E) [1]
Pruned:  0: (PICK-UP E) [1]
Pruned:  0: (PICK-UP E) [1]
Pruned:  0: (PICK-UP E) [1]
Pruned:  0: (PICK-UP E) [1]
Pruned:  0: (PICK-UP E) [1]
Pruned:  0: (PICK-UP E) [1]
Pruned:  0: (PICK-UP E) [1]
Pruned:  0: (PICK-UP E) [1]
Pruned:  0: (PICK-UP E) [1]
Pruned:  0: (PICK-UP E) [1]
Pruned:  0: (PICK-UP E) [1]
Pruned:  0: (PICK-UP E) [1]
Pruned:  0: (PICK-UP E) [1]
Pruned:  0: (PICK-UP E) [1]
Pruned:  0: (PICK-UP E) [1]
Pruned:  0: (PICK-UP E) [1]
Pruned:  0: (PICK-UP E) [1]
Pruned:  0: (PICK-UP E) [1]
Pruned:  0: (PICK-UP E) [1]
Pruned:  0: (PICK-UP E) [1]
Pruned:  0: (PICK-UP E) [1]
Pruned:  0: (PICK-UP E) [1]
Pruned:  0: (PICK-UP E) [1]
Pruned:  0: (PICK-UP E) [1]
Pruned:  0: (PICK-UP E) [1]
Pruned:  0: (PICK-UP E) [1]
Pruned:  0: (PICK-UP E) [1]
Pruned:  0: (PICK-UP E) [1]
Pruned:  0: (PICK-UP E) [1]
Pruned:  0: (PICK-UP E) [1]
Pruned:  0: (PICK-UP E) [1]
Pruned:  0: (PICK-UP E) [1]
Pruned:  0: (PICK-UP E) [1]
Pruned:  0: (PICK-UP E) [1]
Pruned:  0: (PICK-UP E) [1]
Pruned:  0: (PICK-UP E) [1]
Pruned:  0: (PICK-UP E) [1]
Pruned:  0: (PICK-UP E) [1]
Pruned:  0: (PICK-UP E) [1]
Pruned:  0: (PICK-UP E) [1]
Pruned:  0: (PICK-UP E) [1]
Pruned:  0: (PICK-UP E) [1]
Pruned:  0: (PICK-UP E) [1]
Pruned:  0: (PICK-UP E) [1]
Pruned:  0: (PICK-UP E) [1]
Pruned:  0: (PICK-UP E) [1]
Pruned:  0: (PICK-UP E) [1]
Pruned:  0: (PICK-UP E) [1]
Pruned:  0: (PICK-UP E) [1]
Pruned:  0: (PICK-UP E) [1]
Pruned:  0: (PICK-UP E) [1]
Pruned:  0: (PICK-UP E) [1]
Pruned:  0: (PICK-UP E) [1]
Pruned:  0: (PICK-UP E) [1]
Pruned:  0: (PICK-UP E) [1]
Pruned:  0: (PICK-UP E) [1]
Pruned:  0: (PICK-UP E) [1]
Pruned:  0: (PICK-UP E) [1]
Pruned:  0: (PICK-UP E) [1]
Pruned:  0: (PICK-UP E) [1]
Pruned:  0: (PICK-UP E) [1]
Pruned:  0: (PICK-UP E) [1]
Pruned:  0: (PICK-UP E) [1]
Pruned:  0: (PICK-UP E) [1]
Pruned:  0: (PICK-UP E) [1]
Pruned:  0: (PICK-UP E) [1]
Pruned:  0: (PICK-UP E) [1]
Pruned:  0: (PICK-UP E) [1]
Pruned:  0: (PICK-UP E) [1]
Pruned:  0: (PICK-UP E) [1]
Pruned:  0: (PICK-UP E) [1]
Pruned:  0: (PICK-UP E) [1]
Pruned:  0: (PICK-UP E) [1]
Pruned:  0: (PICK-UP E) [1]
Pruned:  0: (PICK-UP E) [1]
Pruned:  0: (PICK-UP E) [1]
Pruned:  0: (PICK-UP E) [1]
Pruned:  0: (PICK-UP E) [1]
Pruned:  0: (PICK-UP E) [1]
Pruned:  0: (PICK-UP E) [1]
Pruned:  0: (PICK-UP E) [1]
Pruned:  0: (PICK-UP E) [1]
Pruned:  0: (PICK-UP E) [1]
Pruned:  0: (PICK-UP E) [1]
Pruned:  0: (PICK-UP E) [1]
Pruned:  0: (PICK-UP E) [1]
Pruned:  0: (PICK-UP E) [1]
Pruned:  0: (PICK-UP E) [1]
Pruned:  0: (PICK-UP E) [1]
Pruned:  0: (PICK-UP E) [1]
Pruned:  0: (PICK-UP E) [1]
Pruned:  0: (PICK-UP E) [1]
Pruned:  0: (PICK-UP E) [1]
Pruned:  0: (PICK-UP E) [1]
Pruned:  0: (PICK-UP E) [1]
Pruned:  0: (PICK-UP E) [1]
Pruned:  0: (PICK-UP E) [1]
Pruned:  0: (PICK-UP E) [1]
Pruned:  0: (PICK-UP E) [1]
Pruned:  0: (PICK-UP E) [1]
Pruned:  0: (PICK-UP E) [1]
Pruned:  0: (PICK-UP E) [1]
Pruned:  0: (PICK-UP E) [1]
Pruned:  0: (PICK-UP E) [1]
Pruned:  0: (PICK-UP E) [1]
Pruned:  0: (PICK-UP E) [1]
Pruned:  0: (PICK-UP E) [1]
Pruned:  0: (PICK-UP E) [1]
Pruned:  0: (PICK-UP E) [1]
Pruned:  0: (PICK-UP E) [1]
Pruned:  0: (PICK-UP E) [1]
Pruned:  0: (PICK-UP E) [1]
Pruned:  0: (PICK-UP E) [1]
Pruned:  0: (PICK-UP E) [1]
Pruned:  0: (PICK-UP E) [1]
Pruned:  0: (PICK-UP E) [1]
Pruned:  0: (PICK-UP E) [1]
Pruned:  0: (PICK-UP E) [1]
Pruned:  0: (PICK-UP E) [1]
Pruned:  0: (PICK-UP E) [1]
Pruned:  0: (PICK-UP E) [1]
Pruned:  0: (PICK-UP E) [1]
Pruned:  0: (PICK-UP E) [1]
Pruned:  0: (PICK-UP E) [1]
Pruned:  0: (PICK-UP E) [1]
Pruned:  0: (PICK-UP E) [1]
Pruned:  0: (PICK-UP E) [1]
Pruned:  0: (PICK-UP E) [1]
Pruned:  0: (PICK-UP E) [1]
Pruned:  0: (PICK-UP E) [1]
Pruned:  0: (PICK-UP E) [1]
Pruned:  0: (PICK-UP E) [1]
Pruned:  0: (PICK-UP E) [1]
Pruned:  0: (PICK-UP E) [1]
Pruned:  0: (PICK-UP E) [1]
Pruned:  0: (PICK-UP E) [1]
Pruned:  0: (PICK-UP E) [1]
Pruned:  0: (PICK-UP E) [1]
Pruned:  0: (PICK-UP E) [1]
Pruned:  0: (PICK-UP E) [1]
Pruned:  0: (PICK-UP E) [1]
Pruned:  0: (PICK-UP E) [1]
Pruned:  0: (PICK-UP E) [1]
Pruned:  0: (PICK-UP E) [1]
Pruned:  0: (PICK-UP E) [1]
Pruned:  0: (PICK-UP E) [1]
Pruned:  0: (PICK-UP E) [1]
Pruned:  0: (PICK-UP E) [1]
Pruned:  0: (PICK-UP E) [1]
Pruned:  0: (PICK-UP E) [1]
Pruned:  0: (PICK-UP E) [1]
Pruned:  0: (PICK-UP E) [1]
Pruned:  0: (PICK-UP E) [1]
Pruned:  0: (PICK-UP E) [1]
Pruned:  0: (PICK-UP E) [1]
Pruned:  0: (PICK-UP E) [1]
Pruned:  0: (PICK-UP E) [1]
Pruned:  0: (PICK-UP E) [1]
Pruned:  0: (PICK-UP E) [1]
Pruned:  0: (PICK-UP E) [1]
Pruned:  0: (PICK-UP E) [1]
Pruned:  0: (PICK-UP E) [1]
Pruned:  0: (PICK-UP E) [1]
Pruned:  0: (PICK-UP E) [1]
Pruned:  0: (PICK-UP E) [1]
Pruned:  0: (PICK-UP E) [1]
Pruned:  0: (PICK-UP E) [1]
Pruned:  0: (PICK-UP E) [1]
Pruned:  0: (PICK-UP E) [1]
Pruned:  0: (PICK-UP E) [1]
Pruned:  0: (PICK-UP E) [1]
Pruned:  0: (PICK-UP E) [1]
Pruned:  0: (PICK-UP E) [1]
Pruned:  0: (PICK-UP E) [1]
Pruned:  0: (PICK-UP E) [1]
Pruned:  0: (PICK-UP E) [1]
Pruned:  0: (PICK-UP E) [1]
Pruned:  0: (PICK-UP E) [1]
Pruned:  0: (PICK-UP E) [1]
Pruned:  0: (PICK-UP E) [1]
Pruned:  0: (PICK-UP E) [1]
Pruned:  0: (PICK-UP E) [1]
Pruned:  0: (PICK-UP E) [1]
Pruned:  0: (PICK-UP E) [1]
Pruned:  0: (PICK-UP E) [1]
Pruned:  0: (PICK-UP E) [1]
Pruned:  0: (PICK-UP E) [1]
Pruned:  0: (PICK-UP E) [1]
Pruned:  0: (PICK-UP E) [1]
Pruned:  0: (PICK-UP E) [1]
Pruned:  0: (PICK-UP E) [1]
Pruned:  0: (PICK-UP E) [1]
Pruned:  0: (PICK-UP E) [1]
Pruned:  0: (PICK-UP E) [1]
Pruned:  0: (PICK-UP E) [1]
Pruned:  0: (PICK-UP E) [1]
Pruned:  0: (PICK-UP E) [1]
Pruned:  0: (PICK-UP E) [1]
Pruned:  0: (PICK-UP E) [1]
Pruned:  0: (PICK-UP E) [1]
Pruned:  0: (PICK-UP E) [1]
Pruned:  0: (PICK-UP E) [1]
Pruned:  0: (PICK-UP E) [1]
Pruned:  0: (PICK-UP E) [1]
Pruned:  0: (PICK-UP E) [1]
Pruned:  0: (PICK-UP E) [1]
Pruned:  0: (PICK-UP E) [1]
Pruned:  0: (PICK-UP E) [1]
Pruned:  0: (PICK-UP E) [1]
Pruned:  0: (PICK-UP E) [1]
Pruned:  0: (PICK-UP E) [1]
Pruned:  0: (PICK-UP E) [1]
Pruned:  0: (PICK-UP E) [1]
Pruned:  0: (PICK-UP E) [1]
Pruned:  0: (PICK-UP E) [1]
Pruned:  0: (PICK-UP E) [1]
Pruned:  0: (PICK-UP E) [1]
Pruned:  0: (PICK-UP E) [1]
Pruned:  0: (PICK-UP E) [1]
Pruned:  0: (PICK-UP E) [1]
Pruned:  0: (PICK-UP E) [1]
Pruned:  0: (PICK-UP E) [1]
Pruned:  0: (PICK-UP E) [1]
Pruned:  0: (PICK-UP E) [1]
Pruned:  0: (PICK-UP E) [1]
Pruned:  0: (PICK-UP E) [1]
Pruned:  0: (PICK-UP E) [1]
Pruned:  0: (PICK-UP E) [1]
Pruned:  0: (PICK-UP E) [1]
Pruned:  0: (PICK-UP E) [1]
Pruned:  0: (PICK-UP E) [1]
Pruned:  0: (PICK-UP E) [1]
Pruned:  0: (PICK-UP E) [1]
Pruned:  0: (PICK-UP E) [1]
Pruned:  0: (PICK-UP E) [1]
Pruned:  0: (PICK-UP E) [1]
Pruned:  0: (PICK-UP E) [1]
Pruned:  0: (PICK-UP E) [1]
Pruned:  0: (PICK-UP E) [1]
Pruned:  0: (PICK-UP E) [1]
Pruned:  0: (PICK-UP E) [1]
Pruned:  0: (PICK-UP E) [1]
Pruned:  0: (PICK-UP E) [1]
Pruned:  0: (PICK-UP E) [1]
Pruned:  0: (PICK-UP E) [1]
Pruned:  0: (PICK-UP E) [1]
Pruned:  0: (PICK-UP E) [1]
Pruned:  0: (PICK-UP E) [1]
Pruned:  0: (PICK-UP E) [1]
Pruned:  0: (PICK-UP E) [1]
Pruned:  0: (PICK-UP E) [1]
Pruned:  0: (PICK-UP E) [1]
Pruned:  0: (PICK-UP E) [1]
Pruned:  0: (PICK-UP E) [1]
Pruned:  0: (PICK-UP E) [1]
Pruned:  0: (PICK-UP E) [1]
Pruned:  0: (PICK-UP E) [1]
Pruned:  0: (PICK-UP E) [1]
Pruned:  0: (PICK-UP E) [1]
Pruned:  0: (PICK-UP E) [1]
Pruned:  0: (PICK-UP E) [1]
Pruned:  0: (PICK-UP E) [1]
Pruned:  0: (PICK-UP E) [1]
Pruned:  0: (PICK-UP E) [1]
Pruned:  0: (PICK-UP E) [1]
Pruned:  0: (PICK-UP E) [1]
Pruned:  0: (PICK-UP E) [1]
Pruned:  0: (PICK-UP E) [1]
Pruned:  0: (PICK-UP E) [1]
Pruned:  0: (PICK-UP E) [1]
Pruned:  0: (PICK-UP E) [1]
Pruned:  0: (PICK-UP E) [1]
Pruned:  0: (PICK-UP E) [1]
Pruned:  0: (PICK-UP E) [1]
Pruned:  0: (PICK-UP E) [1]
Pruned:  0: (PICK-UP E) [1]
Pruned:  0: (PICK-UP E) [1]
Pruned:  0: (PICK-UP E) [1]
Pruned:  0: (PICK-UP E) [1]
Pruned:  0: (PICK-UP E) [1]
Pruned:  0: (PICK-UP E) [1]
Pruned:  0: (PICK-UP E) [1]
Pruned:  0: (PICK-UP E) [1]
Pruned:  0: (PICK-UP E) [1]
Pruned:  0: (PICK-UP E) [1]
Pruned:  0: (PICK-UP E) [1]
Pruned:  0: (PICK-UP E) [1]
Pruned:  0: (PICK-UP E) [1]
Pruned:  0: (PICK-UP E) [1]
Pruned:  0: (PICK-UP E) [1]
Pruned:  0: (PICK-UP E) [1]
Pruned:  0: (PICK-UP E) [1]
Pruned:  0: (PICK-UP E) [1]
Pruned:  0: (PICK-UP E) [1]
Pruned:  0: (PICK-UP E) [1]
Pruned:  0: (PICK-UP E) [1]
Pruned:  0: (PICK-UP E) [1]
Pruned:  0: (PICK-UP E) [1]
Pruned:  0: (PICK-UP E) [1]
Pruned:  0: (PICK-UP E) [1]
Pruned:  0: (PICK-UP E) [1]
Pruned:  0: (PICK-UP E) [1]
Pruned:  0: (PICK-UP E) [1]
Pruned:  0: (PICK-UP E) [1]
Pruned:  0: (PICK-UP E) [1]
Pruned:  0: (PICK-UP E) [1]
Pruned:  0: (PICK-UP E) [1]
Pruned:  0: (PICK-UP E) [1]
Pruned:  0: (PICK-UP E) [1]
Pruned:  0: (PICK-UP E) [1]
Pruned:  0: (PICK-UP E) [1]
Pruned:  0: (PICK-UP E) [1]
Pruned:  0: (PICK-UP E) [1]
Pruned:  0: (PICK-UP E) [1]
Pruned:  0: (PICK-UP E) [1]
Pruned:  0: (PICK-UP E) [1]
Pruned:  0: (PICK-UP E) [1]
Pruned:  0: (PICK-UP E) [1]
Pruned:  0: (PICK-UP E) [1]
Pruned:  0: (PICK-UP E) [1]
Pruned:  0: (PICK-UP E) [1]
Pruned:  0: (PICK-UP E) [1]
Pruned:  0: (PICK-UP E) [1]
Pruned:  0: (PICK-UP E) [1]
Pruned:  0: (PICK-UP E) [1]
Pruned:  0: (PICK-UP E) [1]
Pruned:  0: (PICK-UP E) [1]
Pruned:  0: (PICK-UP E) [1]
Pruned:  0: (PICK-UP E) [1]
Pruned:  0: (PICK-UP E) [1]
Pruned:  0: (PICK-UP E) [1]
Pruned:  0: (PICK-UP E) [1]
Pruned:  0: (PICK-UP E) [1]
Pruned:  0: (PICK-UP E) [1]
Pruned:  0: (PICK-UP E) [1]
Pruned:  0: (PICK-UP E) [1]
Pruned:  0: (PICK-UP E) [1]
Pruned:  0: (PICK-UP E) [1]
Pruned:  0: (PICK-UP E) [1]
Pruned:  0: (PICK-UP E) [1]
Pruned:  0: (PICK-UP E) [1]
Pruned:  0: (PICK-UP E) [1]
Pruned:  0: (PICK-UP E) [1]
Pruned:  0: (PICK-UP E) [1]
Pruned:  0: (PICK-UP E) [1]
Pruned:  0: (PICK-UP E) [1]
Pruned:  0: (PICK-UP E) [1]
Pruned:  0: (PICK-UP E) [1]
Pruned:  0: (PICK-UP E) [1]
Pruned:  0: (PICK-UP E) [1]
Pruned:  0: (PICK-UP E) [1]
Pruned:  0: (PICK-UP E) [1]
Pruned:  0: (PICK-UP E) [1]
Pruned:  0: (PICK-UP E) [1]
Pruned:  0: (PICK-UP E) [1]
Pruned:  0: (PICK-UP E) [1]
Pruned:  0: (PICK-UP E) [1]
Pruned:  0: (PICK-UP E) [1]
Pruned:  0: (PICK-UP E) [1]
Pruned:  0: (PICK-UP E) [1]
Pruned:  0: (PICK-UP E) [1]
Pruned:  0: (PICK-UP E) [1]
Pruned:  0: (PICK-UP E) [1]
Pruned:  0: (PICK-UP E) [1]
Pruned:  0: (PICK-UP E) [1]
Pruned:  0: (PICK-UP E) [1]
Pruned:  0: (PICK-UP E) [1]
Pruned:  0: (PICK-UP E) [1]
Pruned:  0: (PICK-UP E) [1]
Pruned:  0: (PICK-UP E) [1]
Pruned:  0: (PICK-UP E) [1]
Pruned:  0: (PICK-UP E) [1]
Pruned:  0: (PICK-UP E) [1]
Pruned:  0: (PICK-UP E) [1]
Pruned:  0: (PICK-UP E) [1]
Pruned:  0: (PICK-UP E) [1]
Pruned:  0: (PICK-UP E) [1]
Pruned:  0: (PICK-UP E) [1]
Pruned:  0: (PICK-UP E) [1]
Pruned:  0: (PICK-UP E) [1]
Pruned:  0: (PICK-UP E) [1]
Pruned:  0: (PICK-UP E) [1]
Pruned:  0: (PICK-UP E) [1]
Pruned:  0: (PICK-UP E) [1]
Pruned:  0: (PICK-UP E) [1]
Pruned:  0: (PICK-UP E) [1]
Pruned:  0: (PICK-UP E) [1]
Pruned:  0: (PICK-UP E) [1]
Pruned:  0: (PICK-UP E) [1]
Pruned:  0: (PICK-UP E) [1]
Pruned:  0: (PICK-UP E) [1]
Pruned:  0: (PICK-UP E) [1]
Pruned:  0: (PICK-UP E) [1]
Pruned:  0: (PICK-UP E) [1]
Pruned:  0: (PICK-UP E) [1]
Pruned:  0: (PICK-UP E) [1]
Pruned:  0: (PICK-UP E) [1]
Pruned:  0: (PICK-UP E) [1]
Pruned:  0: (PICK-UP E) [1]
Pruned:  0: (PICK-UP E) [1]
Pruned:  0: (PICK-UP E) [1]
Pruned:  0: (PICK-UP E) [1]
Pruned:  0: (PICK-UP E) [1]
Pruned:  0: (PICK-UP E) [1]
Pruned:  0: (PICK-UP E) [1]
Pruned:  0: (PICK-UP E) [1]
Pruned:  0: (PICK-UP E) [1]
Pruned:  0: (PICK-UP E) [1]
Pruned:  0: (PICK-UP E) [1]
Pruned:  0: (PICK-UP E) [1]
Pruned:  0: (PICK-UP E) [1]
Pruned:  0: (PICK-UP E) [1]
Pruned:  0: (PICK-UP E) [1]
Pruned:  0: (PICK-UP E) [1]
Pruned:  0: (PICK-UP E) [1]
Pruned:  0: (PICK-UP E) [1]
Pruned:  0: (PICK-UP E) [1]
Pruned:  0: (PICK-UP E) [1]
Pruned:  0: (PICK-UP E) [1]
Pruned:  0: (PICK-UP E) [1]
Pruned:  0: (PICK-UP E) [1]
Pruned:  0: (PICK-UP E) [1]
Pruned:  0: (PICK-UP E) [1]
Pruned:  0: (PICK-UP E) [1]
Pruned:  0: (PICK-UP E) [1]
Pruned:  0: (PICK-UP E) [1]
Pruned:  0: (PICK-UP E) [1]
Pruned:  0: (PICK-UP E) [1]
Pruned:  0: (PICK-UP E) [1]
Pruned:  0: (PICK-UP E) [1]
Pruned:  0: (PICK-UP E) [1]
Pruned:  0: (PICK-UP E) [1]
Pruned:  0: (PICK-UP E) [1]
Pruned:  0: (PICK-UP E) [1]
Pruned:  0: (PICK-UP E) [1]
Pruned:  0: (PICK-UP E) [1]
Pruned:  0: (PICK-UP E) [1]
Pruned:  0: (PICK-UP E) [1]
Pruned:  0: (PICK-UP E) [1]
Pruned:  0: (PICK-UP E) [1]
Pruned:  0: (PICK-UP E) [1]
Pruned:  0: (PICK-UP E) [1]
Pruned:  0: (PICK-UP E) [1]
Pruned:  0: (PICK-UP E) [1]
Pruned:  0: (PICK-UP E) [1]
Pruned:  0: (PICK-UP E) [1]
Pruned:  0: (PICK-UP E) [1]
Pruned:  0: (PICK-UP E) [1]
Pruned:  0: (PICK-UP E) [1]
Pruned:  0: (PICK-UP E) [1]
Pruned:  0: (PICK-UP E) [1]
Pruned:  0: (PICK-UP E) [1]
Pruned:  0: (PICK-UP E) [1]
Pruned:  0: (PICK-UP E) [1]
Pruned:  0: (PICK-UP E) [1]
Pruned:  0: (PICK-UP E) [1]
Pruned:  0: (PICK-UP E) [1]
Pruned:  0: (PICK-UP E) [1]
Pruned:  0: (PICK-UP E) [1]
Pruned:  0: (PICK-UP E) [1]
Pruned:  0: (PICK-UP E) [1]
Pruned:  0: (PICK-UP E) [1]
Pruned:  0: (PICK-UP E) [1]
Pruned:  0: (PICK-UP E) [1]
Pruned:  0: (PICK-UP E) [1]
Pruned:  0: (PICK-UP E) [1]
Pruned:  0: (PICK-UP E) [1]
Pruned:  0: (PICK-UP E) [1]
Pruned:  0: (PICK-UP E) [1]
Pruned:  0: (PICK-UP E) [1]
Pruned:  0: (PICK-UP E) [1]
Pruned:  0: (PICK-UP E) [1]
---SatPlan Version: 1.1
***SAT!***

Solved in 34 layers

Real Time: = 2.35
User Time: = 1.84
Syst Time: = 0.47

__MEMKB 22912
