
Parsing domain file:  domain 'STORAGE-PROPOSITIONAL' defined ... done.
Parsing problem file:  problem 'STORAGE-1' defined ... done.



Modality: Fast Planner

Number of actions             :       8
Number of conditional actions :       0
Number of facts               :      11


Analyzing Planning Problem:
	Temporal Planning Problem: NO
	Numeric Planning Problem: NO
	Problem with Timed Initial Litearals: NO
	Problem with Derived Predicates: NO

Evaluation function weights:
     Action duration 0.00; Action cost 1.00


Computing mutex... done

Preprocessing total time: 0.01 seconds

Searching ('.' = every 50 search steps):
 solution found: 

Plan computed:
   Time: (ACTION) [action Duration; action Cost]
 0.0000: (GO-OUT HOIST0 DEPOT0-1-1 LOADAREA) [D:1.0000; C:1.0000]
 1.0000: (LIFT HOIST0 CRATE0 CONTAINER-0-0 LOADAREA CONTAINER0) [D:1.0000; C:1.0000]
 2.0000: (DROP HOIST0 CRATE0 DEPOT0-1-1 LOADAREA DEPOT0) [D:1.0000; C:1.0000]


Solution found:
Total time:      0.01
Search time:     0.00
Actions:         3
Execution cost:  3.00
Duration:        3.000
Plan quality:    3.000


Parsing domain file:  domain 'STORAGE-PROPOSITIONAL' defined ... done.
Parsing problem file:  problem 'STORAGE-2' defined ... done.



Modality: Fast Planner

Number of actions             :      28
Number of conditional actions :       0
Number of facts               :      20


Analyzing Planning Problem:
	Temporal Planning Problem: NO
	Numeric Planning Problem: NO
	Problem with Timed Initial Litearals: NO
	Problem with Derived Predicates: NO

Evaluation function weights:
     Action duration 0.00; Action cost 1.00


Computing mutex... done

Preprocessing total time: 0.00 seconds

Searching ('.' = every 50 search steps):
 solution found: 

Plan computed:
   Time: (ACTION) [action Duration; action Cost]
 0.0000: (GO-OUT HOIST0 DEPOT0-1-1 LOADAREA) [D:1.0000; C:1.0000]
 1.0000: (LIFT HOIST0 CRATE0 CONTAINER-0-0 LOADAREA CONTAINER0) [D:1.0000; C:1.0000]
 2.0000: (DROP HOIST0 CRATE0 DEPOT0-1-1 LOADAREA DEPOT0) [D:1.0000; C:1.0000]


Solution found:
Total time:      0.01
Search time:     0.01
Actions:         3
Execution cost:  3.00
Duration:        3.000
Plan quality:    3.000


Parsing domain file:  domain 'STORAGE-PROPOSITIONAL' defined ... done.
Parsing problem file:  problem 'STORAGE-3' defined ... done.



Modality: Fast Planner

Number of actions             :      60
Number of conditional actions :       0
Number of facts               :      31


Analyzing Planning Problem:
	Temporal Planning Problem: NO
	Numeric Planning Problem: NO
	Problem with Timed Initial Litearals: NO
	Problem with Derived Predicates: NO

Evaluation function weights:
     Action duration 0.00; Action cost 1.00


Computing mutex... done

Preprocessing total time: 0.00 seconds

Searching ('.' = every 50 search steps):
 solution found: 

Plan computed:
   Time: (ACTION) [action Duration; action Cost]
 0.0000: (GO-OUT HOIST0 DEPOT0-1-2 LOADAREA) [D:1.0000; C:1.0000]
 1.0000: (LIFT HOIST0 CRATE0 CONTAINER-0-0 LOADAREA CONTAINER0) [D:1.0000; C:1.0000]
 2.0000: (DROP HOIST0 CRATE0 DEPOT0-1-2 LOADAREA DEPOT0) [D:1.0000; C:1.0000]


Solution found:
Total time:      0.00
Search time:     0.00
Actions:         3
Execution cost:  3.00
Duration:        3.000
Plan quality:    3.000


Parsing domain file:  domain 'STORAGE-PROPOSITIONAL' defined ... done.
Parsing problem file:  problem 'STORAGE-4' defined ... done.



Modality: Fast Planner

Number of actions             :      58
Number of conditional actions :       0
Number of facts               :      32


Analyzing Planning Problem:
	Temporal Planning Problem: NO
	Numeric Planning Problem: NO
	Problem with Timed Initial Litearals: NO
	Problem with Derived Predicates: NO

Evaluation function weights:
     Action duration 0.00; Action cost 1.00


Computing mutex... done

Preprocessing total time: 0.00 seconds

Searching ('.' = every 50 search steps):
...... solution found: 

Plan computed:
   Time: (ACTION) [action Duration; action Cost]
 0.0000: (MOVE HOIST0 DEPOT0-1-1 DEPOT0-2-1) [D:1.0000; C:1.0000]
 1.0000: (GO-OUT HOIST0 DEPOT0-2-1 LOADAREA) [D:1.0000; C:1.0000]
 2.0000: (LIFT HOIST0 CRATE0 CONTAINER-0-0 LOADAREA CONTAINER0) [D:1.0000; C:1.0000]
 3.0000: (DROP HOIST0 CRATE0 DEPOT0-2-1 LOADAREA DEPOT0) [D:1.0000; C:1.0000]
 4.0000: (LIFT HOIST0 CRATE0 DEPOT0-2-1 LOADAREA DEPOT0) [D:1.0000; C:1.0000]
 5.0000: (DROP HOIST0 CRATE0 CONTAINER-0-0 LOADAREA CONTAINER0) [D:1.0000; C:1.0000]
 6.0000: (LIFT HOIST0 CRATE1 CONTAINER-0-1 LOADAREA CONTAINER0) [D:1.0000; C:1.0000]
 7.0000: (DROP HOIST0 CRATE1 DEPOT0-2-1 LOADAREA DEPOT0) [D:1.0000; C:1.0000]
 8.0000: (LIFT HOIST0 CRATE1 DEPOT0-2-1 LOADAREA DEPOT0) [D:1.0000; C:1.0000]
 9.0000: (DROP HOIST0 CRATE1 CONTAINER-0-1 LOADAREA CONTAINER0) [D:1.0000; C:1.0000]
 10.0000: (LIFT HOIST0 CRATE0 CONTAINER-0-0 LOADAREA CONTAINER0) [D:1.0000; C:1.0000]
 11.0000: (DROP HOIST0 CRATE0 DEPOT0-2-1 LOADAREA DEPOT0) [D:1.0000; C:1.0000]
 12.0000: (LIFT HOIST0 CRATE0 DEPOT0-2-1 LOADAREA DEPOT0) [D:1.0000; C:1.0000]
 13.0000: (DROP HOIST0 CRATE0 CONTAINER-0-0 LOADAREA CONTAINER0) [D:1.0000; C:1.0000]
 14.0000: (LIFT HOIST0 CRATE1 CONTAINER-0-1 LOADAREA CONTAINER0) [D:1.0000; C:1.0000]
 15.0000: (DROP HOIST0 CRATE1 DEPOT0-2-1 LOADAREA DEPOT0) [D:1.0000; C:1.0000]
 16.0000: (LIFT HOIST0 CRATE1 DEPOT0-2-1 LOADAREA DEPOT0) [D:1.0000; C:1.0000]
 17.0000: (DROP HOIST0 CRATE1 DEPOT0-2-1 LOADAREA DEPOT0) [D:1.0000; C:1.0000]
 18.0000: (LIFT HOIST0 CRATE1 DEPOT0-2-1 LOADAREA DEPOT0) [D:1.0000; C:1.0000]
 19.0000: (DROP HOIST0 CRATE1 CONTAINER-0-1 LOADAREA CONTAINER0) [D:1.0000; C:1.0000]
 20.0000: (LIFT HOIST0 CRATE0 CONTAINER-0-0 LOADAREA CONTAINER0) [D:1.0000; C:1.0000]
 21.0000: (DROP HOIST0 CRATE0 DEPOT0-2-1 LOADAREA DEPOT0) [D:1.0000; C:1.0000]
 22.0000: (LIFT HOIST0 CRATE0 DEPOT0-2-1 LOADAREA DEPOT0) [D:1.0000; C:1.0000]
 23.0000: (DROP HOIST0 CRATE0 CONTAINER-0-0 LOADAREA CONTAINER0) [D:1.0000; C:1.0000]
 24.0000: (LIFT HOIST0 CRATE1 CONTAINER-0-1 LOADAREA CONTAINER0) [D:1.0000; C:1.0000]
 25.0000: (DROP HOIST0 CRATE1 DEPOT0-2-1 LOADAREA DEPOT0) [D:1.0000; C:1.0000]
 26.0000: (LIFT HOIST0 CRATE1 DEPOT0-2-1 LOADAREA DEPOT0) [D:1.0000; C:1.0000]
 27.0000: (DROP HOIST0 CRATE1 CONTAINER-0-1 LOADAREA CONTAINER0) [D:1.0000; C:1.0000]
 28.0000: (LIFT HOIST0 CRATE0 CONTAINER-0-0 LOADAREA CONTAINER0) [D:1.0000; C:1.0000]
 29.0000: (DROP HOIST0 CRATE0 DEPOT0-2-1 LOADAREA DEPOT0) [D:1.0000; C:1.0000]
 30.0000: (LIFT HOIST0 CRATE0 DEPOT0-2-1 LOADAREA DEPOT0) [D:1.0000; C:1.0000]
 31.0000: (DROP HOIST0 CRATE0 CONTAINER-0-0 LOADAREA CONTAINER0) [D:1.0000; C:1.0000]
 32.0000: (LIFT HOIST0 CRATE1 CONTAINER-0-1 LOADAREA CONTAINER0) [D:1.0000; C:1.0000]
 33.0000: (DROP HOIST0 CRATE1 DEPOT0-2-1 LOADAREA DEPOT0) [D:1.0000; C:1.0000]
 34.0000: (LIFT HOIST0 CRATE1 DEPOT0-2-1 LOADAREA DEPOT0) [D:1.0000; C:1.0000]
 35.0000: (DROP HOIST0 CRATE1 CONTAINER-0-1 LOADAREA CONTAINER0) [D:1.0000; C:1.0000]
 36.0000: (LIFT HOIST0 CRATE0 CONTAINER-0-0 LOADAREA CONTAINER0) [D:1.0000; C:1.0000]
 37.0000: (DROP HOIST0 CRATE0 DEPOT0-2-1 LOADAREA DEPOT0) [D:1.0000; C:1.0000]
 38.0000: (LIFT HOIST0 CRATE0 DEPOT0-2-1 LOADAREA DEPOT0) [D:1.0000; C:1.0000]
 39.0000: (DROP HOIST0 CRATE0 CONTAINER-0-0 LOADAREA CONTAINER0) [D:1.0000; C:1.0000]
 40.0000: (LIFT HOIST0 CRATE1 CONTAINER-0-1 LOADAREA CONTAINER0) [D:1.0000; C:1.0000]
 41.0000: (DROP HOIST0 CRATE1 DEPOT0-2-1 LOADAREA DEPOT0) [D:1.0000; C:1.0000]
 42.0000: (LIFT HOIST0 CRATE1 DEPOT0-2-1 LOADAREA DEPOT0) [D:1.0000; C:1.0000]
 43.0000: (DROP HOIST0 CRATE1 CONTAINER-0-1 LOADAREA CONTAINER0) [D:1.0000; C:1.0000]
 44.0000: (LIFT HOIST0 CRATE0 CONTAINER-0-0 LOADAREA CONTAINER0) [D:1.0000; C:1.0000]
 45.0000: (DROP HOIST0 CRATE0 DEPOT0-2-1 LOADAREA DEPOT0) [D:1.0000; C:1.0000]
 46.0000: (LIFT HOIST0 CRATE0 DEPOT0-2-1 LOADAREA DEPOT0) [D:1.0000; C:1.0000]
 47.0000: (DROP HOIST0 CRATE0 CONTAINER-0-0 LOADAREA CONTAINER0) [D:1.0000; C:1.0000]
 48.0000: (LIFT HOIST0 CRATE1 CONTAINER-0-1 LOADAREA CONTAINER0) [D:1.0000; C:1.0000]
 49.0000: (DROP HOIST0 CRATE1 DEPOT0-2-1 LOADAREA DEPOT0) [D:1.0000; C:1.0000]
 50.0000: (LIFT HOIST0 CRATE1 DEPOT0-2-1 LOADAREA DEPOT0) [D:1.0000; C:1.0000]
 51.0000: (DROP HOIST0 CRATE1 CONTAINER-0-1 LOADAREA CONTAINER0) [D:1.0000; C:1.0000]
 52.0000: (LIFT HOIST0 CRATE0 CONTAINER-0-0 LOADAREA CONTAINER0) [D:1.0000; C:1.0000]
 53.0000: (DROP HOIST0 CRATE0 DEPOT0-2-1 LOADAREA DEPOT0) [D:1.0000; C:1.0000]
 54.0000: (LIFT HOIST0 CRATE0 DEPOT0-2-1 LOADAREA DEPOT0) [D:1.0000; C:1.0000]
 55.0000: (DROP HOIST0 CRATE0 CONTAINER-0-0 LOADAREA CONTAINER0) [D:1.0000; C:1.0000]
 56.0000: (LIFT HOIST0 CRATE1 CONTAINER-0-1 LOADAREA CONTAINER0) [D:1.0000; C:1.0000]
 57.0000: (DROP HOIST0 CRATE1 DEPOT0-2-1 LOADAREA DEPOT0) [D:1.0000; C:1.0000]
 58.0000: (LIFT HOIST0 CRATE1 DEPOT0-2-1 LOADAREA DEPOT0) [D:1.0000; C:1.0000]
 59.0000: (DROP HOIST0 CRATE1 CONTAINER-0-1 LOADAREA CONTAINER0) [D:1.0000; C:1.0000]
 60.0000: (LIFT HOIST0 CRATE0 CONTAINER-0-0 LOADAREA CONTAINER0) [D:1.0000; C:1.0000]
 61.0000: (DROP HOIST0 CRATE0 DEPOT0-2-1 LOADAREA DEPOT0) [D:1.0000; C:1.0000]
 62.0000: (LIFT HOIST0 CRATE0 DEPOT0-2-1 LOADAREA DEPOT0) [D:1.0000; C:1.0000]
 63.0000: (DROP HOIST0 CRATE0 CONTAINER-0-0 LOADAREA CONTAINER0) [D:1.0000; C:1.0000]
 64.0000: (LIFT HOIST0 CRATE1 CONTAINER-0-1 LOADAREA CONTAINER0) [D:1.0000; C:1.0000]
 65.0000: (DROP HOIST0 CRATE1 DEPOT0-2-1 LOADAREA DEPOT0) [D:1.0000; C:1.0000]
 66.0000: (LIFT HOIST0 CRATE1 DEPOT0-2-1 LOADAREA DEPOT0) [D:1.0000; C:1.0000]
 67.0000: (DROP HOIST0 CRATE1 CONTAINER-0-1 LOADAREA CONTAINER0) [D:1.0000; C:1.0000]
 68.0000: (LIFT HOIST0 CRATE0 CONTAINER-0-0 LOADAREA CONTAINER0) [D:1.0000; C:1.0000]
 69.0000: (DROP HOIST0 CRATE0 DEPOT0-2-1 LOADAREA DEPOT0) [D:1.0000; C:1.0000]
 70.0000: (LIFT HOIST0 CRATE0 DEPOT0-2-1 LOADAREA DEPOT0) [D:1.0000; C:1.0000]
 71.0000: (DROP HOIST0 CRATE0 CONTAINER-0-0 LOADAREA CONTAINER0) [D:1.0000; C:1.0000]
 72.0000: (LIFT HOIST0 CRATE1 CONTAINER-0-1 LOADAREA CONTAINER0) [D:1.0000; C:1.0000]
 73.0000: (DROP HOIST0 CRATE1 DEPOT0-2-1 LOADAREA DEPOT0) [D:1.0000; C:1.0000]
 74.0000: (LIFT HOIST0 CRATE1 DEPOT0-2-1 LOADAREA DEPOT0) [D:1.0000; C:1.0000]
 75.0000: (DROP HOIST0 CRATE1 CONTAINER-0-1 LOADAREA CONTAINER0) [D:1.0000; C:1.0000]
 76.0000: (LIFT HOIST0 CRATE0 CONTAINER-0-0 LOADAREA CONTAINER0) [D:1.0000; C:1.0000]
 77.0000: (DROP HOIST0 CRATE0 DEPOT0-2-1 LOADAREA DEPOT0) [D:1.0000; C:1.0000]
 78.0000: (LIFT HOIST0 CRATE0 DEPOT0-2-1 LOADAREA DEPOT0) [D:1.0000; C:1.0000]
 79.0000: (DROP HOIST0 CRATE0 CONTAINER-0-0 LOADAREA CONTAINER0) [D:1.0000; C:1.0000]
 80.0000: (LIFT HOIST0 CRATE1 CONTAINER-0-1 LOADAREA CONTAINER0) [D:1.0000; C:1.0000]
 81.0000: (DROP HOIST0 CRATE1 DEPOT0-2-1 LOADAREA DEPOT0) [D:1.0000; C:1.0000]
 82.0000: (LIFT HOIST0 CRATE1 DEPOT0-2-1 LOADAREA DEPOT0) [D:1.0000; C:1.0000]
 83.0000: (DROP HOIST0 CRATE1 CONTAINER-0-1 LOADAREA CONTAINER0) [D:1.0000; C:1.0000]
 84.0000: (LIFT HOIST0 CRATE0 CONTAINER-0-0 LOADAREA CONTAINER0) [D:1.0000; C:1.0000]
 85.0000: (DROP HOIST0 CRATE0 DEPOT0-2-1 LOADAREA DEPOT0) [D:1.0000; C:1.0000]
 86.0000: (LIFT HOIST0 CRATE0 DEPOT0-2-1 LOADAREA DEPOT0) [D:1.0000; C:1.0000]
 87.0000: (DROP HOIST0 CRATE0 CONTAINER-0-0 LOADAREA CONTAINER0) [D:1.0000; C:1.0000]
 88.0000: (LIFT HOIST0 CRATE1 CONTAINER-0-1 LOADAREA CONTAINER0) [D:1.0000; C:1.0000]
 89.0000: (DROP HOIST0 CRATE1 DEPOT0-2-1 LOADAREA DEPOT0) [D:1.0000; C:1.0000]
 90.0000: (LIFT HOIST0 CRATE1 DEPOT0-2-1 LOADAREA DEPOT0) [D:1.0000; C:1.0000]
 91.0000: (DROP HOIST0 CRATE1 CONTAINER-0-1 LOADAREA CONTAINER0) [D:1.0000; C:1.0000]
 92.0000: (LIFT HOIST0 CRATE0 CONTAINER-0-0 LOADAREA CONTAINER0) [D:1.0000; C:1.0000]
 93.0000: (DROP HOIST0 CRATE0 DEPOT0-2-1 LOADAREA DEPOT0) [D:1.0000; C:1.0000]
 94.0000: (LIFT HOIST0 CRATE0 DEPOT0-2-1 LOADAREA DEPOT0) [D:1.0000; C:1.0000]
 95.0000: (DROP HOIST0 CRATE0 CONTAINER-0-0 LOADAREA CONTAINER0) [D:1.0000; C:1.0000]
 96.0000: (LIFT HOIST0 CRATE1 CONTAINER-0-1 LOADAREA CONTAINER0) [D:1.0000; C:1.0000]
 97.0000: (DROP HOIST0 CRATE1 DEPOT0-2-1 LOADAREA DEPOT0) [D:1.0000; C:1.0000]
 98.0000: (LIFT HOIST0 CRATE1 DEPOT0-2-1 LOADAREA DEPOT0) [D:1.0000; C:1.0000]
 99.0000: (DROP HOIST0 CRATE1 CONTAINER-0-1 LOADAREA CONTAINER0) [D:1.0000; C:1.0000]
 100.0000: (LIFT HOIST0 CRATE0 CONTAINER-0-0 LOADAREA CONTAINER0) [D:1.0000; C:1.0000]
 101.0000: (DROP HOIST0 CRATE0 DEPOT0-2-1 LOADAREA DEPOT0) [D:1.0000; C:1.0000]
 102.0000: (LIFT HOIST0 CRATE0 DEPOT0-2-1 LOADAREA DEPOT0) [D:1.0000; C:1.0000]
 103.0000: (DROP HOIST0 CRATE0 CONTAINER-0-0 LOADAREA CONTAINER0) [D:1.0000; C:1.0000]
 104.0000: (LIFT HOIST0 CRATE1 CONTAINER-0-1 LOADAREA CONTAINER0) [D:1.0000; C:1.0000]
 105.0000: (DROP HOIST0 CRATE1 DEPOT0-2-1 LOADAREA DEPOT0) [D:1.0000; C:1.0000]
 106.0000: (LIFT HOIST0 CRATE1 DEPOT0-2-1 LOADAREA DEPOT0) [D:1.0000; C:1.0000]
 107.0000: (DROP HOIST0 CRATE1 CONTAINER-0-1 LOADAREA CONTAINER0) [D:1.0000; C:1.0000]
 108.0000: (LIFT HOIST0 CRATE0 CONTAINER-0-0 LOADAREA CONTAINER0) [D:1.0000; C:1.0000]
 109.0000: (DROP HOIST0 CRATE0 DEPOT0-2-1 LOADAREA DEPOT0) [D:1.0000; C:1.0000]
 110.0000: (LIFT HOIST0 CRATE0 DEPOT0-2-1 LOADAREA DEPOT0) [D:1.0000; C:1.0000]
 111.0000: (DROP HOIST0 CRATE0 CONTAINER-0-0 LOADAREA CONTAINER0) [D:1.0000; C:1.0000]
 112.0000: (LIFT HOIST0 CRATE1 CONTAINER-0-1 LOADAREA CONTAINER0) [D:1.0000; C:1.0000]
 113.0000: (DROP HOIST0 CRATE1 DEPOT0-2-1 LOADAREA DEPOT0) [D:1.0000; C:1.0000]
 114.0000: (LIFT HOIST0 CRATE1 DEPOT0-2-1 LOADAREA DEPOT0) [D:1.0000; C:1.0000]
 115.0000: (DROP HOIST0 CRATE1 CONTAINER-0-1 LOADAREA CONTAINER0) [D:1.0000; C:1.0000]
 116.0000: (LIFT HOIST0 CRATE0 CONTAINER-0-0 LOADAREA CONTAINER0) [D:1.0000; C:1.0000]
 117.0000: (DROP HOIST0 CRATE0 DEPOT0-2-1 LOADAREA DEPOT0) [D:1.0000; C:1.0000]
 118.0000: (LIFT HOIST0 CRATE0 DEPOT0-2-1 LOADAREA DEPOT0) [D:1.0000; C:1.0000]
 119.0000: (DROP HOIST0 CRATE0 CONTAINER-0-0 LOADAREA CONTAINER0) [D:1.0000; C:1.0000]
 120.0000: (LIFT HOIST0 CRATE1 CONTAINER-0-1 LOADAREA CONTAINER0) [D:1.0000; C:1.0000]
 121.0000: (DROP HOIST0 CRATE1 DEPOT0-2-1 LOADAREA DEPOT0) [D:1.0000; C:1.0000]
 122.0000: (LIFT HOIST0 CRATE1 DEPOT0-2-1 LOADAREA DEPOT0) [D:1.0000; C:1.0000]
 123.0000: (DROP HOIST0 CRATE1 CONTAINER-0-1 LOADAREA CONTAINER0) [D:1.0000; C:1.0000]
 124.0000: (LIFT HOIST0 CRATE0 CONTAINER-0-0 LOADAREA CONTAINER0) [D:1.0000; C:1.0000]
 125.0000: (DROP HOIST0 CRATE0 DEPOT0-2-1 LOADAREA DEPOT0) [D:1.0000; C:1.0000]
 126.0000: (LIFT HOIST0 CRATE0 DEPOT0-2-1 LOADAREA DEPOT0) [D:1.0000; C:1.0000]
 127.0000: (DROP HOIST0 CRATE0 CONTAINER-0-0 LOADAREA CONTAINER0) [D:1.0000; C:1.0000]
 128.0000: (LIFT HOIST0 CRATE1 CONTAINER-0-1 LOADAREA CONTAINER0) [D:1.0000; C:1.0000]
 129.0000: (DROP HOIST0 CRATE1 DEPOT0-2-1 LOADAREA DEPOT0) [D:1.0000; C:1.0000]
 130.0000: (LIFT HOIST0 CRATE1 DEPOT0-2-1 LOADAREA DEPOT0) [D:1.0000; C:1.0000]
 131.0000: (DROP HOIST0 CRATE1 CONTAINER-0-1 LOADAREA CONTAINER0) [D:1.0000; C:1.0000]
 132.0000: (LIFT HOIST0 CRATE0 CONTAINER-0-0 LOADAREA CONTAINER0) [D:1.0000; C:1.0000]
 133.0000: (DROP HOIST0 CRATE0 DEPOT0-2-1 LOADAREA DEPOT0) [D:1.0000; C:1.0000]
 134.0000: (LIFT HOIST0 CRATE0 DEPOT0-2-1 LOADAREA DEPOT0) [D:1.0000; C:1.0000]
 135.0000: (DROP HOIST0 CRATE0 CONTAINER-0-0 LOADAREA CONTAINER0) [D:1.0000; C:1.0000]
 136.0000: (LIFT HOIST0 CRATE1 CONTAINER-0-1 LOADAREA CONTAINER0) [D:1.0000; C:1.0000]
 137.0000: (DROP HOIST0 CRATE1 DEPOT0-2-1 LOADAREA DEPOT0) [D:1.0000; C:1.0000]
 138.0000: (LIFT HOIST0 CRATE1 DEPOT0-2-1 LOADAREA DEPOT0) [D:1.0000; C:1.0000]
 139.0000: (DROP HOIST0 CRATE1 CONTAINER-0-1 LOADAREA CONTAINER0) [D:1.0000; C:1.0000]
 140.0000: (LIFT HOIST0 CRATE0 CONTAINER-0-0 LOADAREA CONTAINER0) [D:1.0000; C:1.0000]
 141.0000: (DROP HOIST0 CRATE0 DEPOT0-2-1 LOADAREA DEPOT0) [D:1.0000; C:1.0000]
 142.0000: (LIFT HOIST0 CRATE0 DEPOT0-2-1 LOADAREA DEPOT0) [D:1.0000; C:1.0000]
 143.0000: (DROP HOIST0 CRATE0 CONTAINER-0-0 LOADAREA CONTAINER0) [D:1.0000; C:1.0000]
 144.0000: (LIFT HOIST0 CRATE1 CONTAINER-0-1 LOADAREA CONTAINER0) [D:1.0000; C:1.0000]
 145.0000: (DROP HOIST0 CRATE1 DEPOT0-2-1 LOADAREA DEPOT0) [D:1.0000; C:1.0000]
 146.0000: (LIFT HOIST0 CRATE1 DEPOT0-2-1 LOADAREA DEPOT0) [D:1.0000; C:1.0000]
 147.0000: (DROP HOIST0 CRATE1 CONTAINER-0-1 LOADAREA CONTAINER0) [D:1.0000; C:1.0000]
 148.0000: (LIFT HOIST0 CRATE0 CONTAINER-0-0 LOADAREA CONTAINER0) [D:1.0000; C:1.0000]
 149.0000: (DROP HOIST0 CRATE0 DEPOT0-2-1 LOADAREA DEPOT0) [D:1.0000; C:1.0000]
 150.0000: (LIFT HOIST0 CRATE0 DEPOT0-2-1 LOADAREA DEPOT0) [D:1.0000; C:1.0000]
 151.0000: (DROP HOIST0 CRATE0 CONTAINER-0-0 LOADAREA CONTAINER0) [D:1.0000; C:1.0000]
 152.0000: (LIFT HOIST0 CRATE1 CONTAINER-0-1 LOADAREA CONTAINER0) [D:1.0000; C:1.0000]
 153.0000: (DROP HOIST0 CRATE1 DEPOT0-2-1 LOADAREA DEPOT0) [D:1.0000; C:1.0000]
 154.0000: (LIFT HOIST0 CRATE1 DEPOT0-2-1 LOADAREA DEPOT0) [D:1.0000; C:1.0000]
 155.0000: (DROP HOIST0 CRATE1 CONTAINER-0-1 LOADAREA CONTAINER0) [D:1.0000; C:1.0000]
 156.0000: (LIFT HOIST0 CRATE0 CONTAINER-0-0 LOADAREA CONTAINER0) [D:1.0000; C:1.0000]
 157.0000: (DROP HOIST0 CRATE0 DEPOT0-2-1 LOADAREA DEPOT0) [D:1.0000; C:1.0000]
 158.0000: (LIFT HOIST0 CRATE0 DEPOT0-2-1 LOADAREA DEPOT0) [D:1.0000; C:1.0000]
 159.0000: (DROP HOIST0 CRATE0 CONTAINER-0-0 LOADAREA CONTAINER0) [D:1.0000; C:1.0000]
 160.0000: (LIFT HOIST0 CRATE1 CONTAINER-0-1 LOADAREA CONTAINER0) [D:1.0000; C:1.0000]
 161.0000: (DROP HOIST0 CRATE1 DEPOT0-2-1 LOADAREA DEPOT0) [D:1.0000; C:1.0000]
 162.0000: (LIFT HOIST0 CRATE1 DEPOT0-2-1 LOADAREA DEPOT0) [D:1.0000; C:1.0000]
 163.0000: (DROP HOIST0 CRATE1 CONTAINER-0-1 LOADAREA CONTAINER0) [D:1.0000; C:1.0000]
 164.0000: (LIFT HOIST0 CRATE0 CONTAINER-0-0 LOADAREA CONTAINER0) [D:1.0000; C:1.0000]
 165.0000: (DROP HOIST0 CRATE0 DEPOT0-2-1 LOADAREA DEPOT0) [D:1.0000; C:1.0000]
 166.0000: (LIFT HOIST0 CRATE0 DEPOT0-2-1 LOADAREA DEPOT0) [D:1.0000; C:1.0000]
 167.0000: (DROP HOIST0 CRATE0 CONTAINER-0-0 LOADAREA CONTAINER0) [D:1.0000; C:1.0000]
 168.0000: (LIFT HOIST0 CRATE1 CONTAINER-0-1 LOADAREA CONTAINER0) [D:1.0000; C:1.0000]
 169.0000: (DROP HOIST0 CRATE1 DEPOT0-2-1 LOADAREA DEPOT0) [D:1.0000; C:1.0000]
 170.0000: (LIFT HOIST0 CRATE1 DEPOT0-2-1 LOADAREA DEPOT0) [D:1.0000; C:1.0000]
 171.0000: (DROP HOIST0 CRATE1 CONTAINER-0-1 LOADAREA CONTAINER0) [D:1.0000; C:1.0000]
 172.0000: (LIFT HOIST0 CRATE0 CONTAINER-0-0 LOADAREA CONTAINER0) [D:1.0000; C:1.0000]
 173.0000: (DROP HOIST0 CRATE0 DEPOT0-2-1 LOADAREA DEPOT0) [D:1.0000; C:1.0000]
 174.0000: (LIFT HOIST0 CRATE0 DEPOT0-2-1 LOADAREA DEPOT0) [D:1.0000; C:1.0000]
 175.0000: (DROP HOIST0 CRATE0 CONTAINER-0-0 LOADAREA CONTAINER0) [D:1.0000; C:1.0000]
 176.0000: (LIFT HOIST0 CRATE1 CONTAINER-0-1 LOADAREA CONTAINER0) [D:1.0000; C:1.0000]
 177.0000: (DROP HOIST0 CRATE1 DEPOT0-2-1 LOADAREA DEPOT0) [D:1.0000; C:1.0000]
 178.0000: (LIFT HOIST0 CRATE1 DEPOT0-2-1 LOADAREA DEPOT0) [D:1.0000; C:1.0000]
 179.0000: (DROP HOIST0 CRATE1 CONTAINER-0-1 LOADAREA CONTAINER0) [D:1.0000; C:1.0000]
 180.0000: (LIFT HOIST0 CRATE0 CONTAINER-0-0 LOADAREA CONTAINER0) [D:1.0000; C:1.0000]
 181.0000: (DROP HOIST0 CRATE0 DEPOT0-2-1 LOADAREA DEPOT0) [D:1.0000; C:1.0000]
 182.0000: (LIFT HOIST0 CRATE0 DEPOT0-2-1 LOADAREA DEPOT0) [D:1.0000; C:1.0000]
 183.0000: (DROP HOIST0 CRATE0 CONTAINER-0-0 LOADAREA CONTAINER0) [D:1.0000; C:1.0000]
 184.0000: (LIFT HOIST0 CRATE1 CONTAINER-0-1 LOADAREA CONTAINER0) [D:1.0000; C:1.0000]
 185.0000: (DROP HOIST0 CRATE1 DEPOT0-2-1 LOADAREA DEPOT0) [D:1.0000; C:1.0000]
 186.0000: (LIFT HOIST0 CRATE1 DEPOT0-2-1 LOADAREA DEPOT0) [D:1.0000; C:1.0000]
 187.0000: (DROP HOIST0 CRATE1 CONTAINER-0-1 LOADAREA CONTAINER0) [D:1.0000; C:1.0000]
 188.0000: (LIFT HOIST0 CRATE0 CONTAINER-0-0 LOADAREA CONTAINER0) [D:1.0000; C:1.0000]
 189.0000: (DROP HOIST0 CRATE0 DEPOT0-2-1 LOADAREA DEPOT0) [D:1.0000; C:1.0000]
 190.0000: (LIFT HOIST0 CRATE0 DEPOT0-2-1 LOADAREA DEPOT0) [D:1.0000; C:1.0000]
 191.0000: (DROP HOIST0 CRATE0 CONTAINER-0-0 LOADAREA CONTAINER0) [D:1.0000; C:1.0000]
 192.0000: (LIFT HOIST0 CRATE1 CONTAINER-0-1 LOADAREA CONTAINER0) [D:1.0000; C:1.0000]
 193.0000: (DROP HOIST0 CRATE1 DEPOT0-2-1 LOADAREA DEPOT0) [D:1.0000; C:1.0000]
 194.0000: (LIFT HOIST0 CRATE1 DEPOT0-2-1 LOADAREA DEPOT0) [D:1.0000; C:1.0000]
 195.0000: (DROP HOIST0 CRATE1 CONTAINER-0-1 LOADAREA CONTAINER0) [D:1.0000; C:1.0000]
 196.0000: (LIFT HOIST0 CRATE0 CONTAINER-0-0 LOADAREA CONTAINER0) [D:1.0000; C:1.0000]
 197.0000: (DROP HOIST0 CRATE0 DEPOT0-2-1 LOADAREA DEPOT0) [D:1.0000; C:1.0000]
 198.0000: (LIFT HOIST0 CRATE0 DEPOT0-2-1 LOADAREA DEPOT0) [D:1.0000; C:1.0000]
 199.0000: (DROP HOIST0 CRATE0 CONTAINER-0-0 LOADAREA CONTAINER0) [D:1.0000; C:1.0000]
 200.0000: (LIFT HOIST0 CRATE1 CONTAINER-0-1 LOADAREA CONTAINER0) [D:1.0000; C:1.0000]
 201.0000: (DROP HOIST0 CRATE1 DEPOT0-2-1 LOADAREA DEPOT0) [D:1.0000; C:1.0000]
 202.0000: (LIFT HOIST0 CRATE1 DEPOT0-2-1 LOADAREA DEPOT0) [D:1.0000; C:1.0000]
 203.0000: (DROP HOIST0 CRATE1 CONTAINER-0-1 LOADAREA CONTAINER0) [D:1.0000; C:1.0000]
 204.0000: (LIFT HOIST0 CRATE0 CONTAINER-0-0 LOADAREA CONTAINER0) [D:1.0000; C:1.0000]
 205.0000: (DROP HOIST0 CRATE0 DEPOT0-2-1 LOADAREA DEPOT0) [D:1.0000; C:1.0000]
 206.0000: (LIFT HOIST0 CRATE0 DEPOT0-2-1 LOADAREA DEPOT0) [D:1.0000; C:1.0000]
 207.0000: (DROP HOIST0 CRATE0 CONTAINER-0-0 LOADAREA CONTAINER0) [D:1.0000; C:1.0000]
 208.0000: (LIFT HOIST0 CRATE1 CONTAINER-0-1 LOADAREA CONTAINER0) [D:1.0000; C:1.0000]
 209.0000: (DROP HOIST0 CRATE1 DEPOT0-2-1 LOADAREA DEPOT0) [D:1.0000; C:1.0000]
 210.0000: (LIFT HOIST0 CRATE1 DEPOT0-2-1 LOADAREA DEPOT0) [D:1.0000; C:1.0000]
 211.0000: (DROP HOIST0 CRATE1 CONTAINER-0-1 LOADAREA CONTAINER0) [D:1.0000; C:1.0000]
 212.0000: (LIFT HOIST0 CRATE0 CONTAINER-0-0 LOADAREA CONTAINER0) [D:1.0000; C:1.0000]
 213.0000: (DROP HOIST0 CRATE0 DEPOT0-2-1 LOADAREA DEPOT0) [D:1.0000; C:1.0000]
 214.0000: (LIFT HOIST0 CRATE0 DEPOT0-2-1 LOADAREA DEPOT0) [D:1.0000; C:1.0000]
 215.0000: (DROP HOIST0 CRATE0 DEPOT0-2-1 LOADAREA DEPOT0) [D:1.0000; C:1.0000]
 216.0000: (LIFT HOIST0 CRATE0 DEPOT0-2-1 LOADAREA DEPOT0) [D:1.0000; C:1.0000]
 217.0000: (GO-IN HOIST0 LOADAREA DEPOT0-2-1) [D:1.0000; C:1.0000]
 218.0000: (MOVE HOIST0 DEPOT0-2-1 DEPOT0-2-2) [D:1.0000; C:1.0000]
 219.0000: (DROP HOIST0 CRATE0 DEPOT0-1-2 DEPOT0-2-2 DEPOT0) [D:1.0000; C:1.0000]
 220.0000: (MOVE HOIST0 DEPOT0-2-2 DEPOT0-2-1) [D:1.0000; C:1.0000]
 221.0000: (GO-OUT HOIST0 DEPOT0-2-1 LOADAREA) [D:1.0000; C:1.0000]
 222.0000: (LIFT HOIST0 CRATE1 CONTAINER-0-1 LOADAREA CONTAINER0) [D:1.0000; C:1.0000]
 223.0000: (DROP HOIST0 CRATE1 DEPOT0-2-1 LOADAREA DEPOT0) [D:1.0000; C:1.0000]


Solution found:
Total time:      0.07
Search time:     0.07
Actions:         224
Execution cost:  224.00
Duration:        224.000
Plan quality:    224.000


Parsing domain file:  domain 'STORAGE-PROPOSITIONAL' defined ... done.
Parsing problem file:  problem 'STORAGE-5' defined ... done.



Modality: Fast Planner

Number of actions             :     116
Number of conditional actions :       0
Number of facts               :      42


Analyzing Planning Problem:
	Temporal Planning Problem: NO
	Numeric Planning Problem: NO
	Problem with Timed Initial Litearals: NO
	Problem with Derived Predicates: NO

Evaluation function weights:
     Action duration 0.00; Action cost 1.00


Computing mutex... done

Preprocessing total time: 0.00 seconds

Searching ('.' = every 50 search steps):
 solution found: 

Plan computed:
   Time: (ACTION) [action Duration; action Cost]
 0.0000: (MOVE HOIST0 DEPOT0-1-1 DEPOT0-2-1) [D:1.0000; C:1.0000]
 1.0000: (GO-OUT HOIST0 DEPOT0-2-1 LOADAREA) [D:1.0000; C:1.0000]
 2.0000: (LIFT HOIST0 CRATE0 CONTAINER-0-0 LOADAREA CONTAINER0) [D:1.0000; C:1.0000]
 3.0000: (GO-IN HOIST0 LOADAREA DEPOT0-2-1) [D:1.0000; C:1.0000]
 4.0000: (DROP HOIST0 CRATE0 DEPOT0-2-2 DEPOT0-2-1 DEPOT0) [D:1.0000; C:1.0000]
 5.0000: (GO-OUT HOIST0 DEPOT0-2-1 LOADAREA) [D:1.0000; C:1.0000]
 6.0000: (LIFT HOIST0 CRATE1 CONTAINER-0-1 LOADAREA CONTAINER0) [D:1.0000; C:1.0000]
 7.0000: (GO-IN HOIST0 LOADAREA DEPOT0-2-1) [D:1.0000; C:1.0000]
 8.0000: (DROP HOIST0 CRATE1 DEPOT0-1-1 DEPOT0-2-1 DEPOT0) [D:1.0000; C:1.0000]


Solution found:
Total time:      0.00
Search time:     0.00
Actions:         9
Execution cost:  9.00
Duration:        9.000
Plan quality:    9.000


Parsing domain file:  domain 'STORAGE-PROPOSITIONAL' defined ... done.
Parsing problem file:  problem 'STORAGE-6' defined ... done.



Modality: Fast Planner

Number of actions             :     174
Number of conditional actions :       0
Number of facts               :      52


Analyzing Planning Problem:
	Temporal Planning Problem: NO
	Numeric Planning Problem: NO
	Problem with Timed Initial Litearals: NO
	Problem with Derived Predicates: NO

Evaluation function weights:
     Action duration 0.00; Action cost 1.00


Computing mutex... done

Preprocessing total time: 0.00 seconds

Searching ('.' = every 50 search steps):
 solution found: 

Plan computed:
   Time: (ACTION) [action Duration; action Cost]
 0.0000: (MOVE HOIST0 DEPOT0-1-1 DEPOT0-2-1) [D:1.0000; C:1.0000]
 1.0000: (GO-OUT HOIST0 DEPOT0-2-1 LOADAREA) [D:1.0000; C:1.0000]
 1.0000: (MOVE HOIST1 DEPOT0-1-2 DEPOT0-1-1) [D:1.0000; C:1.0000]
 2.0000: (LIFT HOIST0 CRATE0 CONTAINER-0-0 LOADAREA CONTAINER0) [D:1.0000; C:1.0000]
 3.0000: (DROP HOIST0 CRATE0 DEPOT0-2-1 LOADAREA DEPOT0) [D:1.0000; C:1.0000]
 4.0000: (LIFT HOIST0 CRATE1 CONTAINER-0-1 LOADAREA CONTAINER0) [D:1.0000; C:1.0000]
 4.0000: (LIFT HOIST2 CRATE0 DEPOT0-2-1 DEPOT0-2-2 DEPOT0) [D:1.0000; C:1.0000]
 5.0000: (DROP HOIST0 CRATE1 DEPOT0-2-1 LOADAREA DEPOT0) [D:1.0000; C:1.0000]
 5.0000: (DROP HOIST2 CRATE0 DEPOT0-1-2 DEPOT0-2-2 DEPOT0) [D:1.0000; C:1.0000]


Solution found:
Total time:      0.01
Search time:     0.01
Actions:         9
Execution cost:  9.00
Duration:        6.000
Plan quality:    9.000


Parsing domain file:  domain 'STORAGE-PROPOSITIONAL' defined ... done.
Parsing problem file:  problem 'STORAGE-7' defined ... done.



Modality: Fast Planner

Number of actions             :     130
Number of conditional actions :       0
Number of facts               :      56


Analyzing Planning Problem:
	Temporal Planning Problem: NO
	Numeric Planning Problem: NO
	Problem with Timed Initial Litearals: NO
	Problem with Derived Predicates: NO

Evaluation function weights:
     Action duration 0.00; Action cost 1.00


Computing mutex... done

Preprocessing total time: 0.00 seconds

Searching ('.' = every 50 search steps):
. solution found: 

Plan computed:
   Time: (ACTION) [action Duration; action Cost]
 0.0000: (MOVE HOIST0 DEPOT0-1-3 DEPOT0-2-3) [D:1.0000; C:1.0000]
 1.0000: (MOVE HOIST0 DEPOT0-2-3 DEPOT0-2-2) [D:1.0000; C:1.0000]
 2.0000: (MOVE HOIST0 DEPOT0-2-2 DEPOT0-2-1) [D:1.0000; C:1.0000]
 3.0000: (GO-OUT HOIST0 DEPOT0-2-1 LOADAREA) [D:1.0000; C:1.0000]
 4.0000: (LIFT HOIST0 CRATE0 CONTAINER-0-0 LOADAREA CONTAINER0) [D:1.0000; C:1.0000]
 5.0000: (DROP HOIST0 CRATE0 DEPOT0-2-1 LOADAREA DEPOT0) [D:1.0000; C:1.0000]
 6.0000: (LIFT HOIST0 CRATE0 DEPOT0-2-1 LOADAREA DEPOT0) [D:1.0000; C:1.0000]
 7.0000: (DROP HOIST0 CRATE0 DEPOT0-2-1 LOADAREA DEPOT0) [D:1.0000; C:1.0000]
 8.0000: (LIFT HOIST0 CRATE0 DEPOT0-2-1 LOADAREA DEPOT0) [D:1.0000; C:1.0000]
 9.0000: (DROP HOIST0 CRATE0 DEPOT0-2-1 LOADAREA DEPOT0) [D:1.0000; C:1.0000]
 10.0000: (LIFT HOIST0 CRATE0 DEPOT0-2-1 LOADAREA DEPOT0) [D:1.0000; C:1.0000]
 11.0000: (DROP HOIST0 CRATE0 DEPOT0-2-1 LOADAREA DEPOT0) [D:1.0000; C:1.0000]
 12.0000: (LIFT HOIST0 CRATE0 DEPOT0-2-1 LOADAREA DEPOT0) [D:1.0000; C:1.0000]
 13.0000: (DROP HOIST0 CRATE0 DEPOT0-2-1 LOADAREA DEPOT0) [D:1.0000; C:1.0000]
 14.0000: (LIFT HOIST0 CRATE0 DEPOT0-2-1 LOADAREA DEPOT0) [D:1.0000; C:1.0000]
 15.0000: (GO-IN HOIST0 LOADAREA DEPOT0-2-1) [D:1.0000; C:1.0000]
 16.0000: (MOVE HOIST0 DEPOT0-2-1 DEPOT0-2-2) [D:1.0000; C:1.0000]
 17.0000: (MOVE HOIST0 DEPOT0-2-2 DEPOT0-2-3) [D:1.0000; C:1.0000]
 18.0000: (MOVE HOIST0 DEPOT0-2-3 DEPOT0-1-3) [D:1.0000; C:1.0000]
 19.0000: (DROP HOIST0 CRATE0 DEPOT0-1-2 DEPOT0-1-3 DEPOT0) [D:1.0000; C:1.0000]
 20.0000: (MOVE HOIST0 DEPOT0-1-3 DEPOT0-2-3) [D:1.0000; C:1.0000]
 21.0000: (MOVE HOIST0 DEPOT0-2-3 DEPOT0-2-2) [D:1.0000; C:1.0000]
 22.0000: (MOVE HOIST0 DEPOT0-2-2 DEPOT0-2-1) [D:1.0000; C:1.0000]
 23.0000: (GO-OUT HOIST0 DEPOT0-2-1 LOADAREA) [D:1.0000; C:1.0000]
 24.0000: (LIFT HOIST0 CRATE1 CONTAINER-0-1 LOADAREA CONTAINER0) [D:1.0000; C:1.0000]
 25.0000: (GO-IN HOIST0 LOADAREA DEPOT0-2-1) [D:1.0000; C:1.0000]
 26.0000: (DROP HOIST0 CRATE1 DEPOT0-1-1 DEPOT0-2-1 DEPOT0) [D:1.0000; C:1.0000]
 27.0000: (GO-OUT HOIST0 DEPOT0-2-1 LOADAREA) [D:1.0000; C:1.0000]
 28.0000: (LIFT HOIST0 CRATE2 CONTAINER-0-2 LOADAREA CONTAINER0) [D:1.0000; C:1.0000]
 29.0000: (GO-IN HOIST0 LOADAREA DEPOT0-2-1) [D:1.0000; C:1.0000]
 30.0000: (MOVE HOIST0 DEPOT0-2-1 DEPOT0-2-2) [D:1.0000; C:1.0000]
 31.0000: (DROP HOIST0 CRATE2 DEPOT0-2-1 DEPOT0-2-2 DEPOT0) [D:1.0000; C:1.0000]


Solution found:
Total time:      0.03
Search time:     0.03
Actions:         32
Execution cost:  32.00
Duration:        32.000
Plan quality:    32.000


Parsing domain file:  domain 'STORAGE-PROPOSITIONAL' defined ... done.
Parsing problem file:  problem 'STORAGE-8' defined ... done.



Modality: Fast Planner

Number of actions             :     260
Number of conditional actions :       0
Number of facts               :      70


Analyzing Planning Problem:
	Temporal Planning Problem: NO
	Numeric Planning Problem: NO
	Problem with Timed Initial Litearals: NO
	Problem with Derived Predicates: NO

Evaluation function weights:
     Action duration 0.00; Action cost 1.00


Computing mutex... done

Preprocessing total time: 0.01 seconds

Searching ('.' = every 50 search steps):
 solution found: 

Plan computed:
   Time: (ACTION) [action Duration; action Cost]
 0.0000: (MOVE HOIST1 DEPOT0-1-3 DEPOT0-2-3) [D:1.0000; C:1.0000]
 1.0000: (GO-OUT HOIST1 DEPOT0-2-3 LOADAREA) [D:1.0000; C:1.0000]
 2.0000: (LIFT HOIST1 CRATE0 CONTAINER-0-0 LOADAREA CONTAINER0) [D:1.0000; C:1.0000]
 3.0000: (GO-IN HOIST1 LOADAREA DEPOT0-2-3) [D:1.0000; C:1.0000]
 4.0000: (DROP HOIST1 CRATE0 DEPOT0-1-3 DEPOT0-2-3 DEPOT0) [D:1.0000; C:1.0000]
 5.0000: (GO-OUT HOIST1 DEPOT0-2-3 LOADAREA) [D:1.0000; C:1.0000]
 6.0000: (LIFT HOIST1 CRATE2 CONTAINER-0-2 LOADAREA CONTAINER0) [D:1.0000; C:1.0000]
 7.0000: (DROP HOIST1 CRATE2 DEPOT0-2-3 LOADAREA DEPOT0) [D:1.0000; C:1.0000]
 8.0000: (LIFT HOIST0 CRATE2 DEPOT0-2-3 DEPOT0-2-2 DEPOT0) [D:1.0000; C:1.0000]
 8.0000: (LIFT HOIST1 CRATE1 CONTAINER-0-1 LOADAREA CONTAINER0) [D:1.0000; C:1.0000]
 9.0000: (DROP HOIST0 CRATE2 DEPOT0-1-2 DEPOT0-2-2 DEPOT0) [D:1.0000; C:1.0000]
 9.0000: (DROP HOIST1 CRATE1 DEPOT0-2-3 LOADAREA DEPOT0) [D:1.0000; C:1.0000]


Solution found:
Total time:      0.02
Search time:     0.01
Actions:         12
Execution cost:  12.00
Duration:        10.000
Plan quality:    12.000


Parsing domain file:  domain 'STORAGE-PROPOSITIONAL' defined ... done.
Parsing problem file:  problem 'STORAGE-9' defined ... done.



Modality: Fast Planner

Number of actions             :     390
Number of conditional actions :       0
Number of facts               :      84


Analyzing Planning Problem:
	Temporal Planning Problem: NO
	Numeric Planning Problem: NO
	Problem with Timed Initial Litearals: NO
	Problem with Derived Predicates: NO

Evaluation function weights:
     Action duration 0.00; Action cost 1.00


Computing mutex... done

Preprocessing total time: 0.01 seconds

Searching ('.' = every 50 search steps):
 solution found: 

Plan computed:
   Time: (ACTION) [action Duration; action Cost]
 0.0000: (GO-OUT HOIST0 DEPOT0-2-2 LOADAREA) [D:1.0000; C:1.0000]
 1.0000: (LIFT HOIST0 CRATE0 CONTAINER-0-0 LOADAREA CONTAINER0) [D:1.0000; C:1.0000]
 2.0000: (GO-IN HOIST0 LOADAREA DEPOT0-2-2) [D:1.0000; C:1.0000]
 3.0000: (DROP HOIST0 CRATE0 DEPOT0-2-1 DEPOT0-2-2 DEPOT0) [D:1.0000; C:1.0000]
 4.0000: (GO-OUT HOIST0 DEPOT0-2-2 LOADAREA) [D:1.0000; C:1.0000]
 5.0000: (LIFT HOIST0 CRATE2 CONTAINER-0-2 LOADAREA CONTAINER0) [D:1.0000; C:1.0000]
 6.0000: (DROP HOIST0 CRATE2 DEPOT0-2-2 LOADAREA DEPOT0) [D:1.0000; C:1.0000]
 7.0000: (LIFT HOIST2 CRATE2 DEPOT0-2-2 DEPOT0-2-3 DEPOT0) [D:1.0000; C:1.0000]
 7.0000: (LIFT HOIST0 CRATE1 CONTAINER-0-1 LOADAREA CONTAINER0) [D:1.0000; C:1.0000]
 8.0000: (DROP HOIST2 CRATE2 DEPOT0-1-3 DEPOT0-2-3 DEPOT0) [D:1.0000; C:1.0000]
 8.0000: (DROP HOIST0 CRATE1 DEPOT0-2-2 LOADAREA DEPOT0) [D:1.0000; C:1.0000]


Solution found:
Total time:      0.02
Search time:     0.01
Actions:         11
Execution cost:  11.00
Duration:        9.000
Plan quality:    11.000


Parsing domain file:  domain 'STORAGE-PROPOSITIONAL' defined ... done.
Parsing problem file:  problem 'STORAGE-10' defined ... done.



Modality: Fast Planner

Number of actions             :     230
Number of conditional actions :       0
Number of facts               :      86


Analyzing Planning Problem:
	Temporal Planning Problem: NO
	Numeric Planning Problem: NO
	Problem with Timed Initial Litearals: NO
	Problem with Derived Predicates: NO

Evaluation function weights:
     Action duration 0.00; Action cost 1.00


Computing mutex... done

Preprocessing total time: 0.00 seconds

Searching ('.' = every 50 search steps):
 solution found: 

Plan computed:
   Time: (ACTION) [action Duration; action Cost]
 0.0000: (MOVE HOIST0 DEPOT0-1-1 DEPOT0-1-2) [D:1.0000; C:1.0000]
 1.0000: (MOVE HOIST0 DEPOT0-1-2 DEPOT0-1-3) [D:1.0000; C:1.0000]
 2.0000: (MOVE HOIST0 DEPOT0-1-3 DEPOT0-2-3) [D:1.0000; C:1.0000]
 3.0000: (GO-OUT HOIST0 DEPOT0-2-3 LOADAREA) [D:1.0000; C:1.0000]
 4.0000: (LIFT HOIST0 CRATE0 CONTAINER-0-0 LOADAREA CONTAINER0) [D:1.0000; C:1.0000]
 5.0000: (GO-IN HOIST0 LOADAREA DEPOT0-2-3) [D:1.0000; C:1.0000]
 6.0000: (MOVE HOIST0 DEPOT0-2-3 DEPOT0-1-3) [D:1.0000; C:1.0000]
 7.0000: (MOVE HOIST0 DEPOT0-1-3 DEPOT0-1-2) [D:1.0000; C:1.0000]
 8.0000: (DROP HOIST0 CRATE0 DEPOT0-2-2 DEPOT0-1-2 DEPOT0) [D:1.0000; C:1.0000]
 9.0000: (MOVE HOIST0 DEPOT0-1-2 DEPOT0-1-3) [D:1.0000; C:1.0000]
 10.0000: (MOVE HOIST0 DEPOT0-1-3 DEPOT0-2-3) [D:1.0000; C:1.0000]
 11.0000: (GO-OUT HOIST0 DEPOT0-2-3 LOADAREA) [D:1.0000; C:1.0000]
 12.0000: (LIFT HOIST0 CRATE1 CONTAINER-0-1 LOADAREA CONTAINER0) [D:1.0000; C:1.0000]
 13.0000: (GO-IN HOIST0 LOADAREA DEPOT0-2-3) [D:1.0000; C:1.0000]
 14.0000: (MOVE HOIST0 DEPOT0-2-3 DEPOT0-1-3) [D:1.0000; C:1.0000]
 15.0000: (DROP HOIST0 CRATE1 DEPOT0-1-4 DEPOT0-1-3 DEPOT0) [D:1.0000; C:1.0000]
 16.0000: (MOVE HOIST0 DEPOT0-1-3 DEPOT0-2-3) [D:1.0000; C:1.0000]
 17.0000: (GO-OUT HOIST0 DEPOT0-2-3 LOADAREA) [D:1.0000; C:1.0000]
 18.0000: (LIFT HOIST0 CRATE2 CONTAINER-0-2 LOADAREA CONTAINER0) [D:1.0000; C:1.0000]
 19.0000: (GO-IN HOIST0 LOADAREA DEPOT0-2-3) [D:1.0000; C:1.0000]
 20.0000: (MOVE HOIST0 DEPOT0-2-3 DEPOT0-1-3) [D:1.0000; C:1.0000]
 21.0000: (DROP HOIST0 CRATE2 DEPOT0-1-2 DEPOT0-1-3 DEPOT0) [D:1.0000; C:1.0000]
 22.0000: (MOVE HOIST0 DEPOT0-1-3 DEPOT0-2-3) [D:1.0000; C:1.0000]
 23.0000: (GO-OUT HOIST0 DEPOT0-2-3 LOADAREA) [D:1.0000; C:1.0000]
 24.0000: (LIFT HOIST0 CRATE3 CONTAINER-0-3 LOADAREA CONTAINER0) [D:1.0000; C:1.0000]
 25.0000: (GO-IN HOIST0 LOADAREA DEPOT0-2-3) [D:1.0000; C:1.0000]
 26.0000: (MOVE HOIST0 DEPOT0-2-3 DEPOT0-1-3) [D:1.0000; C:1.0000]
 27.0000: (DROP HOIST0 CRATE3 DEPOT0-2-3 DEPOT0-1-3 DEPOT0) [D:1.0000; C:1.0000]


Solution found:
Total time:      0.01
Search time:     0.01
Actions:         28
Execution cost:  28.00
Duration:        28.000
Plan quality:    28.000


Parsing domain file:  domain 'STORAGE-PROPOSITIONAL' defined ... done.
Parsing problem file:  problem 'STORAGE-11' defined ... done.



Modality: Fast Planner

Number of actions             :     460
Number of conditional actions :       0
Number of facts               :     104


Analyzing Planning Problem:
	Temporal Planning Problem: NO
	Numeric Planning Problem: NO
	Problem with Timed Initial Litearals: NO
	Problem with Derived Predicates: NO

Evaluation function weights:
     Action duration 0.00; Action cost 1.00


Computing mutex... done

Preprocessing total time: 0.00 seconds

Searching ('.' = every 50 search steps):
 solution found: 

Plan computed:
   Time: (ACTION) [action Duration; action Cost]
 0.0000: (GO-OUT HOIST0 DEPOT0-2-1 LOADAREA) [D:1.0000; C:1.0000]
 0.0000: (MOVE HOIST1 DEPOT0-1-4 DEPOT0-1-3) [D:1.0000; C:1.0000]
 1.0000: (LIFT HOIST0 CRATE0 CONTAINER-0-0 LOADAREA CONTAINER0) [D:1.0000; C:1.0000]
 1.0000: (MOVE HOIST1 DEPOT0-1-3 DEPOT0-1-2) [D:1.0000; C:1.0000]
 2.0000: (GO-IN HOIST0 LOADAREA DEPOT0-2-1) [D:1.0000; C:1.0000]
 2.0000: (MOVE HOIST1 DEPOT0-1-2 DEPOT0-2-2) [D:1.0000; C:1.0000]
 3.0000: (DROP HOIST0 CRATE0 DEPOT0-1-1 DEPOT0-2-1 DEPOT0) [D:1.0000; C:1.0000]
 4.0000: (GO-OUT HOIST0 DEPOT0-2-1 LOADAREA) [D:1.0000; C:1.0000]
 5.0000: (LIFT HOIST0 CRATE1 CONTAINER-0-1 LOADAREA CONTAINER0) [D:1.0000; C:1.0000]
 6.0000: (DROP HOIST0 CRATE1 DEPOT0-2-1 LOADAREA DEPOT0) [D:1.0000; C:1.0000]
 7.0000: (LIFT HOIST0 CRATE2 CONTAINER-0-2 LOADAREA CONTAINER0) [D:1.0000; C:1.0000]
 7.0000: (LIFT HOIST1 CRATE1 DEPOT0-2-1 DEPOT0-2-2 DEPOT0) [D:1.0000; C:1.0000]
 8.0000: (DROP HOIST0 CRATE2 DEPOT0-2-1 LOADAREA DEPOT0) [D:1.0000; C:1.0000]
 8.0000: (DROP HOIST1 CRATE1 DEPOT0-2-3 DEPOT0-2-2 DEPOT0) [D:1.0000; C:1.0000]
 9.0000: (LIFT HOIST0 CRATE3 CONTAINER-0-3 LOADAREA CONTAINER0) [D:1.0000; C:1.0000]
 9.0000: (LIFT HOIST1 CRATE2 DEPOT0-2-1 DEPOT0-2-2 DEPOT0) [D:1.0000; C:1.0000]
 10.0000: (DROP HOIST0 CRATE3 DEPOT0-2-1 LOADAREA DEPOT0) [D:1.0000; C:1.0000]
 10.0000: (DROP HOIST1 CRATE2 DEPOT0-1-2 DEPOT0-2-2 DEPOT0) [D:1.0000; C:1.0000]


Solution found:
Total time:      0.02
Search time:     0.02
Actions:         18
Execution cost:  18.00
Duration:        11.000
Plan quality:    18.000


Parsing domain file:  domain 'STORAGE-PROPOSITIONAL' defined ... done.
Parsing problem file:  problem 'STORAGE-12' defined ... done.



Modality: Fast Planner

Number of actions             :     690
Number of conditional actions :       0
Number of facts               :     122


Analyzing Planning Problem:
	Temporal Planning Problem: NO
	Numeric Planning Problem: NO
	Problem with Timed Initial Litearals: NO
	Problem with Derived Predicates: NO

Evaluation function weights:
     Action duration 0.00; Action cost 1.00


Computing mutex... done

Preprocessing total time: 0.02 seconds

Searching ('.' = every 50 search steps):
... solution found: 

Plan computed:
   Time: (ACTION) [action Duration; action Cost]
 0.0000: (GO-OUT HOIST0 DEPOT0-2-1 LOADAREA) [D:1.0000; C:1.0000]
 1.0000: (LIFT HOIST0 CRATE0 CONTAINER-0-0 LOADAREA CONTAINER0) [D:1.0000; C:1.0000]
 2.0000: (GO-IN HOIST0 LOADAREA DEPOT0-2-1) [D:1.0000; C:1.0000]
 3.0000: (DROP HOIST0 CRATE0 DEPOT0-1-1 DEPOT0-2-1 DEPOT0) [D:1.0000; C:1.0000]
 4.0000: (GO-OUT HOIST0 DEPOT0-2-1 LOADAREA) [D:1.0000; C:1.0000]
 5.0000: (LIFT HOIST0 CRATE2 CONTAINER-0-2 LOADAREA CONTAINER0) [D:1.0000; C:1.0000]
 6.0000: (DROP HOIST0 CRATE2 DEPOT0-2-1 LOADAREA DEPOT0) [D:1.0000; C:1.0000]
 7.0000: (LIFT HOIST0 CRATE2 DEPOT0-2-1 LOADAREA DEPOT0) [D:1.0000; C:1.0000]
 8.0000: (DROP HOIST0 CRATE2 CONTAINER-0-0 LOADAREA CONTAINER0) [D:1.0000; C:1.0000]
 9.0000: (GO-IN HOIST0 LOADAREA DEPOT0-2-1) [D:1.0000; C:1.0000]
 10.0000: (MOVE HOIST0 DEPOT0-2-1 DEPOT0-2-2) [D:1.0000; C:1.0000]
 11.0000: (MOVE HOIST0 DEPOT0-2-2 DEPOT0-2-1) [D:1.0000; C:1.0000]
 12.0000: (GO-OUT HOIST0 DEPOT0-2-1 LOADAREA) [D:1.0000; C:1.0000]
 12.0000: (MOVE HOIST1 DEPOT0-1-2 DEPOT0-2-2) [D:1.0000; C:1.0000]
 13.0000: (LIFT HOIST0 CRATE1 CONTAINER-0-1 LOADAREA CONTAINER0) [D:1.0000; C:1.0000]
 13.0000: (MOVE HOIST2 DEPOT0-1-3 DEPOT0-1-2) [D:1.0000; C:1.0000]
 13.0000: (MOVE HOIST1 DEPOT0-2-2 DEPOT0-2-3) [D:1.0000; C:1.0000]
 14.0000: (DROP HOIST0 CRATE1 DEPOT0-2-1 LOADAREA DEPOT0) [D:1.0000; C:1.0000]
 15.0000: (LIFT HOIST0 CRATE1 DEPOT0-2-1 LOADAREA DEPOT0) [D:1.0000; C:1.0000]
 16.0000: (DROP HOIST0 CRATE1 CONTAINER-0-2 LOADAREA CONTAINER0) [D:1.0000; C:1.0000]
 17.0000: (LIFT HOIST0 CRATE2 CONTAINER-0-0 LOADAREA CONTAINER0) [D:1.0000; C:1.0000]
 18.0000: (GO-IN HOIST0 LOADAREA DEPOT0-2-1) [D:1.0000; C:1.0000]
 19.0000: (DROP HOIST0 CRATE2 DEPOT0-2-2 DEPOT0-2-1 DEPOT0) [D:1.0000; C:1.0000]
 20.0000: (LIFT HOIST2 CRATE2 DEPOT0-2-2 DEPOT0-1-2 DEPOT0) [D:1.0000; C:1.0000]
 21.0000: (MOVE HOIST0 DEPOT0-2-1 DEPOT0-2-2) [D:1.0000; C:1.0000]
 21.0000: (MOVE HOIST2 DEPOT0-1-2 DEPOT0-1-3) [D:1.0000; C:1.0000]
 22.0000: (DROP HOIST2 CRATE2 DEPOT0-1-4 DEPOT0-1-3 DEPOT0) [D:1.0000; C:1.0000]
 22.0000: (MOVE HOIST0 DEPOT0-2-2 DEPOT0-2-1) [D:1.0000; C:1.0000]
 23.0000: (GO-OUT HOIST0 DEPOT0-2-1 LOADAREA) [D:1.0000; C:1.0000]
 23.0000: (MOVE HOIST1 DEPOT0-2-3 DEPOT0-2-2) [D:1.0000; C:1.0000]
 24.0000: (LIFT HOIST0 CRATE3 CONTAINER-0-3 LOADAREA CONTAINER0) [D:1.0000; C:1.0000]
 24.0000: (MOVE HOIST2 DEPOT0-1-3 DEPOT0-2-3) [D:1.0000; C:1.0000]
 25.0000: (DROP HOIST0 CRATE3 DEPOT0-2-1 LOADAREA DEPOT0) [D:1.0000; C:1.0000]
 25.0000: (MOVE HOIST2 DEPOT0-2-3 DEPOT0-1-3) [D:1.0000; C:1.0000]
 26.0000: (LIFT HOIST0 CRATE3 DEPOT0-2-1 LOADAREA DEPOT0) [D:1.0000; C:1.0000]
 26.0000: (MOVE HOIST2 DEPOT0-1-3 DEPOT0-2-3) [D:1.0000; C:1.0000]
 27.0000: (DROP HOIST0 CRATE3 DEPOT0-2-1 LOADAREA DEPOT0) [D:1.0000; C:1.0000]
 27.0000: (MOVE HOIST2 DEPOT0-2-3 DEPOT0-2-4) [D:1.0000; C:1.0000]
 28.0000: (LIFT HOIST0 CRATE3 DEPOT0-2-1 LOADAREA DEPOT0) [D:1.0000; C:1.0000]
 29.0000: (DROP HOIST0 CRATE3 DEPOT0-2-1 LOADAREA DEPOT0) [D:1.0000; C:1.0000]
 30.0000: (LIFT HOIST0 CRATE3 DEPOT0-2-1 LOADAREA DEPOT0) [D:1.0000; C:1.0000]
 31.0000: (DROP HOIST0 CRATE3 DEPOT0-2-1 LOADAREA DEPOT0) [D:1.0000; C:1.0000]
 32.0000: (LIFT HOIST0 CRATE3 DEPOT0-2-1 LOADAREA DEPOT0) [D:1.0000; C:1.0000]
 33.0000: (DROP HOIST0 CRATE3 CONTAINER-0-1 LOADAREA CONTAINER0) [D:1.0000; C:1.0000]
 33.0000: (MOVE HOIST1 DEPOT0-2-2 DEPOT0-2-1) [D:1.0000; C:1.0000]
 34.0000: (LIFT HOIST0 CRATE1 CONTAINER-0-2 LOADAREA CONTAINER0) [D:1.0000; C:1.0000]
 34.0000: (GO-OUT HOIST1 DEPOT0-2-1 LOADAREA) [D:1.0000; C:1.0000]
 35.0000: (LIFT HOIST1 CRATE3 CONTAINER-0-1 LOADAREA CONTAINER0) [D:1.0000; C:1.0000]
 36.0000: (GO-IN HOIST1 LOADAREA DEPOT0-2-1) [D:1.0000; C:1.0000]
 37.0000: (MOVE HOIST1 DEPOT0-2-1 DEPOT0-2-2) [D:1.0000; C:1.0000]
 38.0000: (MOVE HOIST1 DEPOT0-2-2 DEPOT0-2-3) [D:1.0000; C:1.0000]
 39.0000: (MOVE HOIST1 DEPOT0-2-3 DEPOT0-1-3) [D:1.0000; C:1.0000]
 40.0000: (MOVE HOIST2 DEPOT0-2-4 DEPOT0-2-3) [D:1.0000; C:1.0000]
 41.0000: (MOVE HOIST2 DEPOT0-2-3 DEPOT0-2-4) [D:1.0000; C:1.0000]
 42.0000: (MOVE HOIST2 DEPOT0-2-4 DEPOT0-2-3) [D:1.0000; C:1.0000]
 43.0000: (MOVE HOIST2 DEPOT0-2-3 DEPOT0-2-4) [D:1.0000; C:1.0000]
 44.0000: (MOVE HOIST2 DEPOT0-2-4 DEPOT0-2-3) [D:1.0000; C:1.0000]
 45.0000: (MOVE HOIST2 DEPOT0-2-3 DEPOT0-2-4) [D:1.0000; C:1.0000]
 46.0000: (MOVE HOIST2 DEPOT0-2-4 DEPOT0-2-3) [D:1.0000; C:1.0000]
 47.0000: (MOVE HOIST2 DEPOT0-2-3 DEPOT0-2-4) [D:1.0000; C:1.0000]
 48.0000: (MOVE HOIST2 DEPOT0-2-4 DEPOT0-2-3) [D:1.0000; C:1.0000]
 49.0000: (MOVE HOIST2 DEPOT0-2-3 DEPOT0-2-4) [D:1.0000; C:1.0000]
 50.0000: (MOVE HOIST2 DEPOT0-2-4 DEPOT0-2-3) [D:1.0000; C:1.0000]
 51.0000: (MOVE HOIST2 DEPOT0-2-3 DEPOT0-2-4) [D:1.0000; C:1.0000]
 52.0000: (MOVE HOIST2 DEPOT0-2-4 DEPOT0-2-3) [D:1.0000; C:1.0000]
 53.0000: (MOVE HOIST2 DEPOT0-2-3 DEPOT0-2-4) [D:1.0000; C:1.0000]
 54.0000: (MOVE HOIST2 DEPOT0-2-4 DEPOT0-2-3) [D:1.0000; C:1.0000]
 55.0000: (MOVE HOIST2 DEPOT0-2-3 DEPOT0-2-4) [D:1.0000; C:1.0000]
 56.0000: (MOVE HOIST2 DEPOT0-2-4 DEPOT0-2-3) [D:1.0000; C:1.0000]
 57.0000: (MOVE HOIST2 DEPOT0-2-3 DEPOT0-2-4) [D:1.0000; C:1.0000]
 58.0000: (MOVE HOIST2 DEPOT0-2-4 DEPOT0-2-3) [D:1.0000; C:1.0000]
 59.0000: (MOVE HOIST2 DEPOT0-2-3 DEPOT0-2-4) [D:1.0000; C:1.0000]
 60.0000: (MOVE HOIST2 DEPOT0-2-4 DEPOT0-2-3) [D:1.0000; C:1.0000]
 61.0000: (MOVE HOIST2 DEPOT0-2-3 DEPOT0-2-4) [D:1.0000; C:1.0000]
 62.0000: (LIFT HOIST2 CRATE2 DEPOT0-1-4 DEPOT0-2-4 DEPOT0) [D:1.0000; C:1.0000]
 63.0000: (MOVE HOIST2 DEPOT0-2-4 DEPOT0-2-3) [D:1.0000; C:1.0000]
 64.0000: (MOVE HOIST2 DEPOT0-2-3 DEPOT0-2-2) [D:1.0000; C:1.0000]
 65.0000: (MOVE HOIST1 DEPOT0-1-3 DEPOT0-2-3) [D:1.0000; C:1.0000]
 65.0000: (DROP HOIST2 CRATE2 DEPOT0-1-2 DEPOT0-2-2 DEPOT0) [D:1.0000; C:1.0000]
 66.0000: (MOVE HOIST1 DEPOT0-2-3 DEPOT0-2-4) [D:1.0000; C:1.0000]
 66.0000: (MOVE HOIST2 DEPOT0-2-2 DEPOT0-2-1) [D:1.0000; C:1.0000]
 67.0000: (GO-OUT HOIST2 DEPOT0-2-1 LOADAREA) [D:1.0000; C:1.0000]
 67.0000: (DROP HOIST1 CRATE3 DEPOT0-1-4 DEPOT0-2-4 DEPOT0) [D:1.0000; C:1.0000]
 68.0000: (GO-IN HOIST0 LOADAREA DEPOT0-2-1) [D:1.0000; C:1.0000]
 69.0000: (MOVE HOIST0 DEPOT0-2-1 DEPOT0-2-2) [D:1.0000; C:1.0000]
 70.0000: (MOVE HOIST0 DEPOT0-2-2 DEPOT0-2-3) [D:1.0000; C:1.0000]
 71.0000: (DROP HOIST0 CRATE1 DEPOT0-2-2 DEPOT0-2-3 DEPOT0) [D:1.0000; C:1.0000]


Solution found:
Total time:      0.13
Search time:     0.11
Actions:         87
Execution cost:  87.00
Duration:        72.000
Plan quality:    87.000


Parsing domain file:  domain 'STORAGE-PROPOSITIONAL' defined ... done.
Parsing problem file:  problem 'STORAGE-13' defined ... done.



Modality: Fast Planner

Number of actions             :     282
Number of conditional actions :       0
Number of facts               :     132


Analyzing Planning Problem:
	Temporal Planning Problem: NO
	Numeric Planning Problem: NO
	Problem with Timed Initial Litearals: NO
	Problem with Derived Predicates: NO

Evaluation function weights:
     Action duration 0.00; Action cost 1.00


Computing mutex... done

Preprocessing total time: 0.01 seconds

Searching ('.' = every 50 search steps):
 solution found: 

Plan computed:
   Time: (ACTION) [action Duration; action Cost]
 0.0000: (MOVE HOIST0 DEPOT0-1-3 DEPOT0-2-3) [D:1.0000; C:1.0000]
 1.0000: (GO-OUT HOIST0 DEPOT0-2-3 LOADAREA) [D:1.0000; C:1.0000]
 2.0000: (LIFT HOIST0 CRATE0 CONTAINER-0-0 LOADAREA CONTAINER0) [D:1.0000; C:1.0000]
 3.0000: (GO-IN HOIST0 LOADAREA DEPOT0-2-3) [D:1.0000; C:1.0000]
 4.0000: (MOVE HOIST0 DEPOT0-2-3 DEPOT0-1-3) [D:1.0000; C:1.0000]
 5.0000: (DROP HOIST0 CRATE0 DEPOT0-1-2 DEPOT0-1-3 DEPOT0) [D:1.0000; C:1.0000]
 6.0000: (MOVE HOIST0 DEPOT0-1-3 DEPOT0-2-3) [D:1.0000; C:1.0000]
 7.0000: (GO-OUT HOIST0 DEPOT0-2-3 LOADAREA) [D:1.0000; C:1.0000]
 8.0000: (LIFT HOIST0 CRATE1 CONTAINER-0-1 LOADAREA CONTAINER0) [D:1.0000; C:1.0000]
 9.0000: (GO-IN HOIST0 LOADAREA DEPOT0-2-3) [D:1.0000; C:1.0000]
 10.0000: (DROP HOIST0 CRATE1 DEPOT0-1-3 DEPOT0-2-3 DEPOT0) [D:1.0000; C:1.0000]
 11.0000: (GO-OUT HOIST0 DEPOT0-2-3 LOADAREA) [D:1.0000; C:1.0000]
 12.0000: (LIFT HOIST0 CRATE2 CONTAINER-0-2 LOADAREA CONTAINER0) [D:1.0000; C:1.0000]
 13.0000: (GO-IN HOIST0 LOADAREA DEPOT1-2-2) [D:1.0000; C:1.0000]
 14.0000: (DROP HOIST0 CRATE2 DEPOT1-1-2 DEPOT1-2-2 DEPOT1) [D:1.0000; C:1.0000]
 15.0000: (GO-OUT HOIST0 DEPOT1-2-2 LOADAREA) [D:1.0000; C:1.0000]
 16.0000: (LIFT HOIST0 CRATE3 CONTAINER-0-3 LOADAREA CONTAINER0) [D:1.0000; C:1.0000]
 17.0000: (GO-IN HOIST0 LOADAREA DEPOT1-2-2) [D:1.0000; C:1.0000]
 18.0000: (DROP HOIST0 CRATE3 DEPOT1-2-1 DEPOT1-2-2 DEPOT1) [D:1.0000; C:1.0000]
 19.0000: (GO-OUT HOIST0 DEPOT1-2-2 LOADAREA) [D:1.0000; C:1.0000]
 20.0000: (LIFT HOIST0 CRATE4 CONTAINER-1-0 LOADAREA CONTAINER1) [D:1.0000; C:1.0000]
 21.0000: (DROP HOIST0 CRATE4 DEPOT1-2-2 LOADAREA DEPOT1) [D:1.0000; C:1.0000]


Solution found:
Total time:      0.03
Search time:     0.02
Actions:         22
Execution cost:  22.00
Duration:        22.000
Plan quality:    22.000


Parsing domain file:  domain 'STORAGE-PROPOSITIONAL' defined ... done.
Parsing problem file:  problem 'STORAGE-14' defined ... done.



Modality: Fast Planner

Number of actions             :     564
Number of conditional actions :       0
Number of facts               :     154


Analyzing Planning Problem:
	Temporal Planning Problem: NO
	Numeric Planning Problem: NO
	Problem with Timed Initial Litearals: NO
	Problem with Derived Predicates: NO

Evaluation function weights:
     Action duration 0.00; Action cost 1.00


Computing mutex... done

Preprocessing total time: 0.02 seconds

Searching ('.' = every 50 search steps):
........... search limit exceeded. Restart.
........... solution found: 

Plan computed:
   Time: (ACTION) [action Duration; action Cost]
 0.0000: (MOVE HOIST0 DEPOT0-1-1 DEPOT0-1-2) [D:1.0000; C:1.0000]
 1.0000: (MOVE HOIST0 DEPOT0-1-2 DEPOT0-2-2) [D:1.0000; C:1.0000]
 2.0000: (GO-OUT HOIST0 DEPOT0-2-2 LOADAREA) [D:1.0000; C:1.0000]
 3.0000: (LIFT HOIST0 CRATE3 CONTAINER-0-3 LOADAREA CONTAINER0) [D:1.0000; C:1.0000]
 4.0000: (GO-IN HOIST0 LOADAREA DEPOT1-2-3) [D:1.0000; C:1.0000]
 5.0000: (DROP HOIST0 CRATE3 DEPOT1-1-3 DEPOT1-2-3 DEPOT1) [D:1.0000; C:1.0000]
 6.0000: (LIFT HOIST1 CRATE3 DEPOT1-1-3 DEPOT1-1-2 DEPOT1) [D:1.0000; C:1.0000]
 6.0000: (GO-OUT HOIST0 DEPOT1-2-3 LOADAREA) [D:1.0000; C:1.0000]
 7.0000: (DROP HOIST1 CRATE3 DEPOT1-1-3 DEPOT1-1-2 DEPOT1) [D:1.0000; C:1.0000]
 7.0000: (LIFT HOIST0 CRATE4 CONTAINER-1-0 LOADAREA CONTAINER1) [D:1.0000; C:1.0000]
 8.0000: (DROP HOIST0 CRATE4 DEPOT1-2-3 LOADAREA DEPOT1) [D:1.0000; C:1.0000]
 9.0000: (LIFT HOIST0 CRATE2 CONTAINER-0-2 LOADAREA CONTAINER0) [D:1.0000; C:1.0000]
 10.0000: (DROP HOIST0 CRATE2 DEPOT0-2-2 LOADAREA DEPOT0) [D:1.0000; C:1.0000]
 11.0000: (LIFT HOIST0 CRATE1 CONTAINER-0-1 LOADAREA CONTAINER0) [D:1.0000; C:1.0000]
 12.0000: (DROP HOIST0 CRATE1 CONTAINER-1-0 LOADAREA CONTAINER1) [D:1.0000; C:1.0000]
 13.0000: (LIFT HOIST0 CRATE2 DEPOT0-2-2 LOADAREA DEPOT0) [D:1.0000; C:1.0000]
 14.0000: (DROP HOIST0 CRATE2 CONTAINER-0-1 LOADAREA CONTAINER0) [D:1.0000; C:1.0000]
 15.0000: (LIFT HOIST0 CRATE0 CONTAINER-0-0 LOADAREA CONTAINER0) [D:1.0000; C:1.0000]
 16.0000: (DROP HOIST0 CRATE0 DEPOT0-2-2 LOADAREA DEPOT0) [D:1.0000; C:1.0000]
 17.0000: (LIFT HOIST0 CRATE0 DEPOT0-2-2 LOADAREA DEPOT0) [D:1.0000; C:1.0000]
 18.0000: (DROP HOIST0 CRATE0 CONTAINER-0-3 LOADAREA CONTAINER0) [D:1.0000; C:1.0000]
 19.0000: (LIFT HOIST0 CRATE2 CONTAINER-0-1 LOADAREA CONTAINER0) [D:1.0000; C:1.0000]
 20.0000: (DROP HOIST0 CRATE2 DEPOT0-2-2 LOADAREA DEPOT0) [D:1.0000; C:1.0000]
 21.0000: (LIFT HOIST0 CRATE2 DEPOT0-2-2 LOADAREA DEPOT0) [D:1.0000; C:1.0000]
 22.0000: (DROP HOIST0 CRATE2 CONTAINER-0-0 LOADAREA CONTAINER0) [D:1.0000; C:1.0000]
 23.0000: (LIFT HOIST0 CRATE0 CONTAINER-0-3 LOADAREA CONTAINER0) [D:1.0000; C:1.0000]
 24.0000: (DROP HOIST0 CRATE0 DEPOT0-2-2 LOADAREA DEPOT0) [D:1.0000; C:1.0000]
 25.0000: (LIFT HOIST0 CRATE0 DEPOT0-2-2 LOADAREA DEPOT0) [D:1.0000; C:1.0000]
 26.0000: (DROP HOIST0 CRATE0 CONTAINER-0-2 LOADAREA CONTAINER0) [D:1.0000; C:1.0000]
 27.0000: (LIFT HOIST0 CRATE1 CONTAINER-1-0 LOADAREA CONTAINER1) [D:1.0000; C:1.0000]
 28.0000: (DROP HOIST0 CRATE1 CONTAINER-0-1 LOADAREA CONTAINER0) [D:1.0000; C:1.0000]
 29.0000: (LIFT HOIST0 CRATE2 CONTAINER-0-0 LOADAREA CONTAINER0) [D:1.0000; C:1.0000]
 30.0000: (DROP HOIST0 CRATE2 DEPOT0-2-2 LOADAREA DEPOT0) [D:1.0000; C:1.0000]
 31.0000: (LIFT HOIST0 CRATE2 DEPOT0-2-2 LOADAREA DEPOT0) [D:1.0000; C:1.0000]
 32.0000: (DROP HOIST0 CRATE2 CONTAINER-0-0 LOADAREA CONTAINER0) [D:1.0000; C:1.0000]
 33.0000: (LIFT HOIST0 CRATE0 CONTAINER-0-2 LOADAREA CONTAINER0) [D:1.0000; C:1.0000]
 34.0000: (DROP HOIST0 CRATE0 DEPOT0-2-2 LOADAREA DEPOT0) [D:1.0000; C:1.0000]
 35.0000: (LIFT HOIST0 CRATE0 DEPOT0-2-2 LOADAREA DEPOT0) [D:1.0000; C:1.0000]
 36.0000: (DROP HOIST0 CRATE0 CONTAINER-1-0 LOADAREA CONTAINER1) [D:1.0000; C:1.0000]
 37.0000: (LIFT HOIST0 CRATE2 CONTAINER-0-0 LOADAREA CONTAINER0) [D:1.0000; C:1.0000]
 38.0000: (DROP HOIST0 CRATE2 DEPOT0-2-2 LOADAREA DEPOT0) [D:1.0000; C:1.0000]
 39.0000: (LIFT HOIST0 CRATE2 DEPOT0-2-2 LOADAREA DEPOT0) [D:1.0000; C:1.0000]
 40.0000: (DROP HOIST0 CRATE2 CONTAINER-0-0 LOADAREA CONTAINER0) [D:1.0000; C:1.0000]
 41.0000: (LIFT HOIST0 CRATE0 CONTAINER-1-0 LOADAREA CONTAINER1) [D:1.0000; C:1.0000]
 42.0000: (DROP HOIST0 CRATE0 DEPOT0-2-2 LOADAREA DEPOT0) [D:1.0000; C:1.0000]
 43.0000: (LIFT HOIST0 CRATE0 DEPOT0-2-2 LOADAREA DEPOT0) [D:1.0000; C:1.0000]
 44.0000: (DROP HOIST0 CRATE0 CONTAINER-0-3 LOADAREA CONTAINER0) [D:1.0000; C:1.0000]
 45.0000: (LIFT HOIST0 CRATE2 CONTAINER-0-0 LOADAREA CONTAINER0) [D:1.0000; C:1.0000]
 46.0000: (DROP HOIST0 CRATE2 DEPOT0-2-2 LOADAREA DEPOT0) [D:1.0000; C:1.0000]
 47.0000: (LIFT HOIST0 CRATE2 DEPOT0-2-2 LOADAREA DEPOT0) [D:1.0000; C:1.0000]
 48.0000: (DROP HOIST0 CRATE2 CONTAINER-1-0 LOADAREA CONTAINER1) [D:1.0000; C:1.0000]
 49.0000: (LIFT HOIST0 CRATE0 CONTAINER-0-3 LOADAREA CONTAINER0) [D:1.0000; C:1.0000]
 50.0000: (DROP HOIST0 CRATE0 DEPOT0-2-2 LOADAREA DEPOT0) [D:1.0000; C:1.0000]
 51.0000: (LIFT HOIST0 CRATE0 DEPOT0-2-2 LOADAREA DEPOT0) [D:1.0000; C:1.0000]
 52.0000: (DROP HOIST0 CRATE0 CONTAINER-0-2 LOADAREA CONTAINER0) [D:1.0000; C:1.0000]
 53.0000: (LIFT HOIST0 CRATE2 CONTAINER-1-0 LOADAREA CONTAINER1) [D:1.0000; C:1.0000]
 54.0000: (DROP HOIST0 CRATE2 DEPOT0-2-2 LOADAREA DEPOT0) [D:1.0000; C:1.0000]
 55.0000: (LIFT HOIST0 CRATE2 DEPOT0-2-2 LOADAREA DEPOT0) [D:1.0000; C:1.0000]
 56.0000: (DROP HOIST0 CRATE2 CONTAINER-1-0 LOADAREA CONTAINER1) [D:1.0000; C:1.0000]
 57.0000: (LIFT HOIST0 CRATE0 CONTAINER-0-2 LOADAREA CONTAINER0) [D:1.0000; C:1.0000]
 58.0000: (DROP HOIST0 CRATE0 DEPOT0-2-2 LOADAREA DEPOT0) [D:1.0000; C:1.0000]
 59.0000: (LIFT HOIST0 CRATE0 DEPOT0-2-2 LOADAREA DEPOT0) [D:1.0000; C:1.0000]
 60.0000: (DROP HOIST0 CRATE0 CONTAINER-0-0 LOADAREA CONTAINER0) [D:1.0000; C:1.0000]
 61.0000: (LIFT HOIST0 CRATE2 CONTAINER-1-0 LOADAREA CONTAINER1) [D:1.0000; C:1.0000]
 62.0000: (DROP HOIST0 CRATE2 DEPOT0-2-2 LOADAREA DEPOT0) [D:1.0000; C:1.0000]
 63.0000: (LIFT HOIST0 CRATE2 DEPOT0-2-2 LOADAREA DEPOT0) [D:1.0000; C:1.0000]
 64.0000: (DROP HOIST0 CRATE2 CONTAINER-1-0 LOADAREA CONTAINER1) [D:1.0000; C:1.0000]
 65.0000: (LIFT HOIST0 CRATE0 CONTAINER-0-0 LOADAREA CONTAINER0) [D:1.0000; C:1.0000]
 66.0000: (DROP HOIST0 CRATE0 DEPOT0-2-2 LOADAREA DEPOT0) [D:1.0000; C:1.0000]
 67.0000: (LIFT HOIST0 CRATE0 DEPOT0-2-2 LOADAREA DEPOT0) [D:1.0000; C:1.0000]
 68.0000: (DROP HOIST0 CRATE0 CONTAINER-0-2 LOADAREA CONTAINER0) [D:1.0000; C:1.0000]
 69.0000: (LIFT HOIST0 CRATE2 CONTAINER-1-0 LOADAREA CONTAINER1) [D:1.0000; C:1.0000]
 70.0000: (DROP HOIST0 CRATE2 DEPOT0-2-2 LOADAREA DEPOT0) [D:1.0000; C:1.0000]
 71.0000: (LIFT HOIST0 CRATE2 DEPOT0-2-2 LOADAREA DEPOT0) [D:1.0000; C:1.0000]
 72.0000: (DROP HOIST0 CRATE2 CONTAINER-0-3 LOADAREA CONTAINER0) [D:1.0000; C:1.0000]
 73.0000: (LIFT HOIST0 CRATE0 CONTAINER-0-2 LOADAREA CONTAINER0) [D:1.0000; C:1.0000]
 74.0000: (DROP HOIST0 CRATE0 DEPOT0-2-2 LOADAREA DEPOT0) [D:1.0000; C:1.0000]
 75.0000: (LIFT HOIST0 CRATE0 DEPOT0-2-2 LOADAREA DEPOT0) [D:1.0000; C:1.0000]
 76.0000: (DROP HOIST0 CRATE0 CONTAINER-0-0 LOADAREA CONTAINER0) [D:1.0000; C:1.0000]
 77.0000: (LIFT HOIST0 CRATE2 CONTAINER-0-3 LOADAREA CONTAINER0) [D:1.0000; C:1.0000]
 78.0000: (DROP HOIST0 CRATE2 DEPOT0-2-2 LOADAREA DEPOT0) [D:1.0000; C:1.0000]
 79.0000: (LIFT HOIST0 CRATE2 DEPOT0-2-2 LOADAREA DEPOT0) [D:1.0000; C:1.0000]
 80.0000: (DROP HOIST0 CRATE2 CONTAINER-0-2 LOADAREA CONTAINER0) [D:1.0000; C:1.0000]
 81.0000: (LIFT HOIST0 CRATE0 CONTAINER-0-0 LOADAREA CONTAINER0) [D:1.0000; C:1.0000]
 82.0000: (DROP HOIST0 CRATE0 DEPOT0-2-2 LOADAREA DEPOT0) [D:1.0000; C:1.0000]
 83.0000: (LIFT HOIST0 CRATE0 DEPOT0-2-2 LOADAREA DEPOT0) [D:1.0000; C:1.0000]
 84.0000: (DROP HOIST0 CRATE0 CONTAINER-0-0 LOADAREA CONTAINER0) [D:1.0000; C:1.0000]
 85.0000: (LIFT HOIST0 CRATE2 CONTAINER-0-2 LOADAREA CONTAINER0) [D:1.0000; C:1.0000]
 86.0000: (DROP HOIST0 CRATE2 DEPOT0-2-2 LOADAREA DEPOT0) [D:1.0000; C:1.0000]
 87.0000: (LIFT HOIST0 CRATE2 DEPOT0-2-2 LOADAREA DEPOT0) [D:1.0000; C:1.0000]
 88.0000: (DROP HOIST0 CRATE2 CONTAINER-1-0 LOADAREA CONTAINER1) [D:1.0000; C:1.0000]
 89.0000: (LIFT HOIST0 CRATE0 CONTAINER-0-0 LOADAREA CONTAINER0) [D:1.0000; C:1.0000]
 90.0000: (DROP HOIST0 CRATE0 DEPOT0-2-2 LOADAREA DEPOT0) [D:1.0000; C:1.0000]
 91.0000: (LIFT HOIST0 CRATE0 DEPOT0-2-2 LOADAREA DEPOT0) [D:1.0000; C:1.0000]
 92.0000: (DROP HOIST0 CRATE0 CONTAINER-0-2 LOADAREA CONTAINER0) [D:1.0000; C:1.0000]
 93.0000: (LIFT HOIST0 CRATE2 CONTAINER-1-0 LOADAREA CONTAINER1) [D:1.0000; C:1.0000]
 94.0000: (DROP HOIST0 CRATE2 DEPOT0-2-2 LOADAREA DEPOT0) [D:1.0000; C:1.0000]
 95.0000: (LIFT HOIST0 CRATE2 DEPOT0-2-2 LOADAREA DEPOT0) [D:1.0000; C:1.0000]
 96.0000: (DROP HOIST0 CRATE2 CONTAINER-0-0 LOADAREA CONTAINER0) [D:1.0000; C:1.0000]
 97.0000: (LIFT HOIST0 CRATE0 CONTAINER-0-2 LOADAREA CONTAINER0) [D:1.0000; C:1.0000]
 98.0000: (DROP HOIST0 CRATE0 DEPOT0-2-2 LOADAREA DEPOT0) [D:1.0000; C:1.0000]
 99.0000: (LIFT HOIST0 CRATE0 DEPOT0-2-2 LOADAREA DEPOT0) [D:1.0000; C:1.0000]
 100.0000: (DROP HOIST0 CRATE0 CONTAINER-1-0 LOADAREA CONTAINER1) [D:1.0000; C:1.0000]
 101.0000: (LIFT HOIST0 CRATE2 CONTAINER-0-0 LOADAREA CONTAINER0) [D:1.0000; C:1.0000]
 102.0000: (DROP HOIST0 CRATE2 DEPOT0-2-2 LOADAREA DEPOT0) [D:1.0000; C:1.0000]
 103.0000: (LIFT HOIST0 CRATE2 DEPOT0-2-2 LOADAREA DEPOT0) [D:1.0000; C:1.0000]
 104.0000: (DROP HOIST0 CRATE2 CONTAINER-0-2 LOADAREA CONTAINER0) [D:1.0000; C:1.0000]
 105.0000: (LIFT HOIST0 CRATE0 CONTAINER-1-0 LOADAREA CONTAINER1) [D:1.0000; C:1.0000]
 106.0000: (DROP HOIST0 CRATE0 DEPOT0-2-2 LOADAREA DEPOT0) [D:1.0000; C:1.0000]
 107.0000: (LIFT HOIST0 CRATE0 DEPOT0-2-2 LOADAREA DEPOT0) [D:1.0000; C:1.0000]
 108.0000: (DROP HOIST0 CRATE0 CONTAINER-0-3 LOADAREA CONTAINER0) [D:1.0000; C:1.0000]
 109.0000: (LIFT HOIST0 CRATE2 CONTAINER-0-2 LOADAREA CONTAINER0) [D:1.0000; C:1.0000]
 110.0000: (DROP HOIST0 CRATE2 DEPOT0-2-2 LOADAREA DEPOT0) [D:1.0000; C:1.0000]
 111.0000: (LIFT HOIST0 CRATE2 DEPOT0-2-2 LOADAREA DEPOT0) [D:1.0000; C:1.0000]
 112.0000: (DROP HOIST0 CRATE2 CONTAINER-0-0 LOADAREA CONTAINER0) [D:1.0000; C:1.0000]
 113.0000: (LIFT HOIST0 CRATE0 CONTAINER-0-3 LOADAREA CONTAINER0) [D:1.0000; C:1.0000]
 114.0000: (DROP HOIST0 CRATE0 DEPOT0-2-2 LOADAREA DEPOT0) [D:1.0000; C:1.0000]
 115.0000: (LIFT HOIST0 CRATE0 DEPOT0-2-2 LOADAREA DEPOT0) [D:1.0000; C:1.0000]
 116.0000: (DROP HOIST0 CRATE0 CONTAINER-0-2 LOADAREA CONTAINER0) [D:1.0000; C:1.0000]
 117.0000: (LIFT HOIST0 CRATE2 CONTAINER-0-0 LOADAREA CONTAINER0) [D:1.0000; C:1.0000]
 118.0000: (DROP HOIST0 CRATE2 DEPOT0-2-2 LOADAREA DEPOT0) [D:1.0000; C:1.0000]
 119.0000: (LIFT HOIST0 CRATE2 DEPOT0-2-2 LOADAREA DEPOT0) [D:1.0000; C:1.0000]
 120.0000: (DROP HOIST0 CRATE2 CONTAINER-1-0 LOADAREA CONTAINER1) [D:1.0000; C:1.0000]
 121.0000: (LIFT HOIST0 CRATE0 CONTAINER-0-2 LOADAREA CONTAINER0) [D:1.0000; C:1.0000]
 122.0000: (DROP HOIST0 CRATE0 DEPOT0-2-2 LOADAREA DEPOT0) [D:1.0000; C:1.0000]
 123.0000: (LIFT HOIST0 CRATE0 DEPOT0-2-2 LOADAREA DEPOT0) [D:1.0000; C:1.0000]
 124.0000: (DROP HOIST0 CRATE0 CONTAINER-0-0 LOADAREA CONTAINER0) [D:1.0000; C:1.0000]
 125.0000: (LIFT HOIST0 CRATE2 CONTAINER-1-0 LOADAREA CONTAINER1) [D:1.0000; C:1.0000]
 126.0000: (DROP HOIST0 CRATE2 DEPOT0-2-2 LOADAREA DEPOT0) [D:1.0000; C:1.0000]
 127.0000: (LIFT HOIST0 CRATE2 DEPOT0-2-2 LOADAREA DEPOT0) [D:1.0000; C:1.0000]
 128.0000: (DROP HOIST0 CRATE2 CONTAINER-1-0 LOADAREA CONTAINER1) [D:1.0000; C:1.0000]
 129.0000: (LIFT HOIST0 CRATE0 CONTAINER-0-0 LOADAREA CONTAINER0) [D:1.0000; C:1.0000]
 130.0000: (DROP HOIST0 CRATE0 DEPOT0-2-2 LOADAREA DEPOT0) [D:1.0000; C:1.0000]
 131.0000: (LIFT HOIST0 CRATE0 DEPOT0-2-2 LOADAREA DEPOT0) [D:1.0000; C:1.0000]
 132.0000: (DROP HOIST0 CRATE0 CONTAINER-0-2 LOADAREA CONTAINER0) [D:1.0000; C:1.0000]
 133.0000: (LIFT HOIST0 CRATE2 CONTAINER-1-0 LOADAREA CONTAINER1) [D:1.0000; C:1.0000]
 134.0000: (DROP HOIST0 CRATE2 DEPOT0-2-2 LOADAREA DEPOT0) [D:1.0000; C:1.0000]
 135.0000: (LIFT HOIST0 CRATE2 DEPOT0-2-2 LOADAREA DEPOT0) [D:1.0000; C:1.0000]
 136.0000: (DROP HOIST0 CRATE2 CONTAINER-0-0 LOADAREA CONTAINER0) [D:1.0000; C:1.0000]
 137.0000: (LIFT HOIST0 CRATE0 CONTAINER-0-2 LOADAREA CONTAINER0) [D:1.0000; C:1.0000]
 138.0000: (DROP HOIST0 CRATE0 DEPOT0-2-2 LOADAREA DEPOT0) [D:1.0000; C:1.0000]
 139.0000: (LIFT HOIST0 CRATE0 DEPOT0-2-2 LOADAREA DEPOT0) [D:1.0000; C:1.0000]
 140.0000: (GO-IN HOIST0 LOADAREA DEPOT0-2-2) [D:1.0000; C:1.0000]
 141.0000: (GO-OUT HOIST0 DEPOT0-2-2 LOADAREA) [D:1.0000; C:1.0000]
 142.0000: (DROP HOIST0 CRATE0 CONTAINER-0-3 LOADAREA CONTAINER0) [D:1.0000; C:1.0000]
 143.0000: (LIFT HOIST0 CRATE0 CONTAINER-0-3 LOADAREA CONTAINER0) [D:1.0000; C:1.0000]
 144.0000: (DROP HOIST0 CRATE0 DEPOT0-2-2 LOADAREA DEPOT0) [D:1.0000; C:1.0000]
 145.0000: (LIFT HOIST0 CRATE0 DEPOT0-2-2 LOADAREA DEPOT0) [D:1.0000; C:1.0000]
 146.0000: (DROP HOIST0 CRATE0 CONTAINER-0-2 LOADAREA CONTAINER0) [D:1.0000; C:1.0000]
 147.0000: (LIFT HOIST0 CRATE2 CONTAINER-0-0 LOADAREA CONTAINER0) [D:1.0000; C:1.0000]
 148.0000: (DROP HOIST0 CRATE2 DEPOT0-2-2 LOADAREA DEPOT0) [D:1.0000; C:1.0000]
 149.0000: (LIFT HOIST0 CRATE2 DEPOT0-2-2 LOADAREA DEPOT0) [D:1.0000; C:1.0000]
 150.0000: (DROP HOIST0 CRATE2 CONTAINER-0-3 LOADAREA CONTAINER0) [D:1.0000; C:1.0000]
 151.0000: (LIFT HOIST0 CRATE0 CONTAINER-0-2 LOADAREA CONTAINER0) [D:1.0000; C:1.0000]
 152.0000: (DROP HOIST0 CRATE0 DEPOT0-2-2 LOADAREA DEPOT0) [D:1.0000; C:1.0000]
 153.0000: (LIFT HOIST0 CRATE0 DEPOT0-2-2 LOADAREA DEPOT0) [D:1.0000; C:1.0000]
 154.0000: (DROP HOIST0 CRATE0 CONTAINER-1-0 LOADAREA CONTAINER1) [D:1.0000; C:1.0000]
 155.0000: (LIFT HOIST0 CRATE2 CONTAINER-0-3 LOADAREA CONTAINER0) [D:1.0000; C:1.0000]
 156.0000: (DROP HOIST0 CRATE2 DEPOT0-2-2 LOADAREA DEPOT0) [D:1.0000; C:1.0000]
 157.0000: (LIFT HOIST0 CRATE2 DEPOT0-2-2 LOADAREA DEPOT0) [D:1.0000; C:1.0000]
 158.0000: (DROP HOIST0 CRATE2 CONTAINER-0-0 LOADAREA CONTAINER0) [D:1.0000; C:1.0000]
 159.0000: (LIFT HOIST0 CRATE0 CONTAINER-1-0 LOADAREA CONTAINER1) [D:1.0000; C:1.0000]
 160.0000: (DROP HOIST0 CRATE0 DEPOT0-2-2 LOADAREA DEPOT0) [D:1.0000; C:1.0000]
 161.0000: (LIFT HOIST0 CRATE0 DEPOT0-2-2 LOADAREA DEPOT0) [D:1.0000; C:1.0000]
 162.0000: (DROP HOIST0 CRATE0 CONTAINER-1-0 LOADAREA CONTAINER1) [D:1.0000; C:1.0000]
 163.0000: (LIFT HOIST0 CRATE2 CONTAINER-0-0 LOADAREA CONTAINER0) [D:1.0000; C:1.0000]
 164.0000: (DROP HOIST0 CRATE2 DEPOT0-2-2 LOADAREA DEPOT0) [D:1.0000; C:1.0000]
 165.0000: (LIFT HOIST0 CRATE2 DEPOT0-2-2 LOADAREA DEPOT0) [D:1.0000; C:1.0000]
 166.0000: (DROP HOIST0 CRATE2 CONTAINER-0-3 LOADAREA CONTAINER0) [D:1.0000; C:1.0000]
 167.0000: (LIFT HOIST0 CRATE0 CONTAINER-1-0 LOADAREA CONTAINER1) [D:1.0000; C:1.0000]
 168.0000: (DROP HOIST0 CRATE0 DEPOT0-2-2 LOADAREA DEPOT0) [D:1.0000; C:1.0000]
 169.0000: (LIFT HOIST0 CRATE0 DEPOT0-2-2 LOADAREA DEPOT0) [D:1.0000; C:1.0000]
 170.0000: (DROP HOIST0 CRATE0 CONTAINER-0-2 LOADAREA CONTAINER0) [D:1.0000; C:1.0000]
 171.0000: (LIFT HOIST0 CRATE2 CONTAINER-0-3 LOADAREA CONTAINER0) [D:1.0000; C:1.0000]
 172.0000: (DROP HOIST0 CRATE2 DEPOT0-2-2 LOADAREA DEPOT0) [D:1.0000; C:1.0000]
 173.0000: (LIFT HOIST0 CRATE2 DEPOT0-2-2 LOADAREA DEPOT0) [D:1.0000; C:1.0000]
 174.0000: (DROP HOIST0 CRATE2 CONTAINER-0-0 LOADAREA CONTAINER0) [D:1.0000; C:1.0000]
 175.0000: (LIFT HOIST0 CRATE0 CONTAINER-0-2 LOADAREA CONTAINER0) [D:1.0000; C:1.0000]
 176.0000: (DROP HOIST0 CRATE0 DEPOT0-2-2 LOADAREA DEPOT0) [D:1.0000; C:1.0000]
 177.0000: (LIFT HOIST0 CRATE0 DEPOT0-2-2 LOADAREA DEPOT0) [D:1.0000; C:1.0000]
 178.0000: (DROP HOIST0 CRATE0 CONTAINER-0-3 LOADAREA CONTAINER0) [D:1.0000; C:1.0000]
 179.0000: (LIFT HOIST0 CRATE2 CONTAINER-0-0 LOADAREA CONTAINER0) [D:1.0000; C:1.0000]
 180.0000: (DROP HOIST0 CRATE2 DEPOT0-2-2 LOADAREA DEPOT0) [D:1.0000; C:1.0000]
 181.0000: (LIFT HOIST0 CRATE2 DEPOT0-2-2 LOADAREA DEPOT0) [D:1.0000; C:1.0000]
 182.0000: (DROP HOIST0 CRATE2 CONTAINER-1-0 LOADAREA CONTAINER1) [D:1.0000; C:1.0000]
 183.0000: (LIFT HOIST0 CRATE0 CONTAINER-0-3 LOADAREA CONTAINER0) [D:1.0000; C:1.0000]
 184.0000: (DROP HOIST0 CRATE0 DEPOT0-2-2 LOADAREA DEPOT0) [D:1.0000; C:1.0000]
 185.0000: (LIFT HOIST0 CRATE0 DEPOT0-2-2 LOADAREA DEPOT0) [D:1.0000; C:1.0000]
 186.0000: (DROP HOIST0 CRATE0 CONTAINER-0-2 LOADAREA CONTAINER0) [D:1.0000; C:1.0000]
 187.0000: (LIFT HOIST0 CRATE2 CONTAINER-1-0 LOADAREA CONTAINER1) [D:1.0000; C:1.0000]
 188.0000: (DROP HOIST0 CRATE2 DEPOT0-2-2 LOADAREA DEPOT0) [D:1.0000; C:1.0000]
 189.0000: (LIFT HOIST0 CRATE2 DEPOT0-2-2 LOADAREA DEPOT0) [D:1.0000; C:1.0000]
 190.0000: (DROP HOIST0 CRATE2 CONTAINER-0-0 LOADAREA CONTAINER0) [D:1.0000; C:1.0000]
 191.0000: (LIFT HOIST0 CRATE0 CONTAINER-0-2 LOADAREA CONTAINER0) [D:1.0000; C:1.0000]
 192.0000: (DROP HOIST0 CRATE0 DEPOT0-2-2 LOADAREA DEPOT0) [D:1.0000; C:1.0000]
 193.0000: (LIFT HOIST0 CRATE0 DEPOT0-2-2 LOADAREA DEPOT0) [D:1.0000; C:1.0000]
 194.0000: (DROP HOIST0 CRATE0 CONTAINER-1-0 LOADAREA CONTAINER1) [D:1.0000; C:1.0000]
 195.0000: (LIFT HOIST0 CRATE2 CONTAINER-0-0 LOADAREA CONTAINER0) [D:1.0000; C:1.0000]
 196.0000: (DROP HOIST0 CRATE2 DEPOT0-2-2 LOADAREA DEPOT0) [D:1.0000; C:1.0000]
 197.0000: (LIFT HOIST0 CRATE2 DEPOT0-2-2 LOADAREA DEPOT0) [D:1.0000; C:1.0000]
 198.0000: (DROP HOIST0 CRATE2 CONTAINER-0-2 LOADAREA CONTAINER0) [D:1.0000; C:1.0000]
 199.0000: (LIFT HOIST0 CRATE0 CONTAINER-1-0 LOADAREA CONTAINER1) [D:1.0000; C:1.0000]
 200.0000: (DROP HOIST0 CRATE0 DEPOT0-2-2 LOADAREA DEPOT0) [D:1.0000; C:1.0000]
 201.0000: (LIFT HOIST0 CRATE0 DEPOT0-2-2 LOADAREA DEPOT0) [D:1.0000; C:1.0000]
 202.0000: (DROP HOIST0 CRATE0 CONTAINER-1-0 LOADAREA CONTAINER1) [D:1.0000; C:1.0000]
 203.0000: (LIFT HOIST0 CRATE2 CONTAINER-0-2 LOADAREA CONTAINER0) [D:1.0000; C:1.0000]
 204.0000: (DROP HOIST0 CRATE2 DEPOT0-2-2 LOADAREA DEPOT0) [D:1.0000; C:1.0000]
 205.0000: (LIFT HOIST0 CRATE2 DEPOT0-2-2 LOADAREA DEPOT0) [D:1.0000; C:1.0000]
 206.0000: (DROP HOIST0 CRATE2 CONTAINER-0-0 LOADAREA CONTAINER0) [D:1.0000; C:1.0000]
 207.0000: (LIFT HOIST0 CRATE0 CONTAINER-1-0 LOADAREA CONTAINER1) [D:1.0000; C:1.0000]
 208.0000: (DROP HOIST0 CRATE0 DEPOT0-2-2 LOADAREA DEPOT0) [D:1.0000; C:1.0000]
 209.0000: (LIFT HOIST0 CRATE0 DEPOT0-2-2 LOADAREA DEPOT0) [D:1.0000; C:1.0000]
 210.0000: (DROP HOIST0 CRATE0 CONTAINER-0-3 LOADAREA CONTAINER0) [D:1.0000; C:1.0000]
 211.0000: (LIFT HOIST0 CRATE2 CONTAINER-0-0 LOADAREA CONTAINER0) [D:1.0000; C:1.0000]
 212.0000: (DROP HOIST0 CRATE2 DEPOT0-2-2 LOADAREA DEPOT0) [D:1.0000; C:1.0000]
 213.0000: (LIFT HOIST0 CRATE2 DEPOT0-2-2 LOADAREA DEPOT0) [D:1.0000; C:1.0000]
 214.0000: (DROP HOIST0 CRATE2 CONTAINER-0-0 LOADAREA CONTAINER0) [D:1.0000; C:1.0000]
 215.0000: (LIFT HOIST0 CRATE0 CONTAINER-0-3 LOADAREA CONTAINER0) [D:1.0000; C:1.0000]
 216.0000: (DROP HOIST0 CRATE0 DEPOT0-2-2 LOADAREA DEPOT0) [D:1.0000; C:1.0000]
 217.0000: (LIFT HOIST0 CRATE0 DEPOT0-2-2 LOADAREA DEPOT0) [D:1.0000; C:1.0000]
 218.0000: (DROP HOIST0 CRATE0 CONTAINER-1-0 LOADAREA CONTAINER1) [D:1.0000; C:1.0000]
 219.0000: (LIFT HOIST0 CRATE2 CONTAINER-0-0 LOADAREA CONTAINER0) [D:1.0000; C:1.0000]
 220.0000: (DROP HOIST0 CRATE2 DEPOT0-2-2 LOADAREA DEPOT0) [D:1.0000; C:1.0000]
 221.0000: (LIFT HOIST0 CRATE2 DEPOT0-2-2 LOADAREA DEPOT0) [D:1.0000; C:1.0000]
 222.0000: (DROP HOIST0 CRATE2 CONTAINER-0-0 LOADAREA CONTAINER0) [D:1.0000; C:1.0000]
 223.0000: (LIFT HOIST0 CRATE0 CONTAINER-1-0 LOADAREA CONTAINER1) [D:1.0000; C:1.0000]
 224.0000: (DROP HOIST0 CRATE0 DEPOT0-2-2 LOADAREA DEPOT0) [D:1.0000; C:1.0000]
 225.0000: (LIFT HOIST0 CRATE0 DEPOT0-2-2 LOADAREA DEPOT0) [D:1.0000; C:1.0000]
 226.0000: (DROP HOIST0 CRATE0 CONTAINER-1-0 LOADAREA CONTAINER1) [D:1.0000; C:1.0000]
 227.0000: (LIFT HOIST0 CRATE2 CONTAINER-0-0 LOADAREA CONTAINER0) [D:1.0000; C:1.0000]
 228.0000: (DROP HOIST0 CRATE2 DEPOT0-2-2 LOADAREA DEPOT0) [D:1.0000; C:1.0000]
 229.0000: (LIFT HOIST0 CRATE2 DEPOT0-2-2 LOADAREA DEPOT0) [D:1.0000; C:1.0000]
 230.0000: (DROP HOIST0 CRATE2 CONTAINER-0-2 LOADAREA CONTAINER0) [D:1.0000; C:1.0000]
 231.0000: (LIFT HOIST0 CRATE0 CONTAINER-1-0 LOADAREA CONTAINER1) [D:1.0000; C:1.0000]
 232.0000: (DROP HOIST0 CRATE0 DEPOT0-2-2 LOADAREA DEPOT0) [D:1.0000; C:1.0000]
 233.0000: (LIFT HOIST0 CRATE0 DEPOT0-2-2 LOADAREA DEPOT0) [D:1.0000; C:1.0000]
 234.0000: (DROP HOIST0 CRATE0 CONTAINER-0-3 LOADAREA CONTAINER0) [D:1.0000; C:1.0000]
 235.0000: (LIFT HOIST0 CRATE2 CONTAINER-0-2 LOADAREA CONTAINER0) [D:1.0000; C:1.0000]
 236.0000: (DROP HOIST0 CRATE2 DEPOT0-2-2 LOADAREA DEPOT0) [D:1.0000; C:1.0000]
 237.0000: (LIFT HOIST0 CRATE2 DEPOT0-2-2 LOADAREA DEPOT0) [D:1.0000; C:1.0000]
 238.0000: (DROP HOIST0 CRATE2 CONTAINER-1-0 LOADAREA CONTAINER1) [D:1.0000; C:1.0000]
 239.0000: (LIFT HOIST0 CRATE0 CONTAINER-0-3 LOADAREA CONTAINER0) [D:1.0000; C:1.0000]
 240.0000: (DROP HOIST0 CRATE0 DEPOT0-2-2 LOADAREA DEPOT0) [D:1.0000; C:1.0000]
 241.0000: (LIFT HOIST0 CRATE0 DEPOT0-2-2 LOADAREA DEPOT0) [D:1.0000; C:1.0000]
 242.0000: (DROP HOIST0 CRATE0 CONTAINER-0-0 LOADAREA CONTAINER0) [D:1.0000; C:1.0000]
 243.0000: (LIFT HOIST0 CRATE2 CONTAINER-1-0 LOADAREA CONTAINER1) [D:1.0000; C:1.0000]
 244.0000: (DROP HOIST0 CRATE2 DEPOT0-2-2 LOADAREA DEPOT0) [D:1.0000; C:1.0000]
 245.0000: (LIFT HOIST0 CRATE2 DEPOT0-2-2 LOADAREA DEPOT0) [D:1.0000; C:1.0000]
 246.0000: (DROP HOIST0 CRATE2 CONTAINER-1-0 LOADAREA CONTAINER1) [D:1.0000; C:1.0000]
 247.0000: (LIFT HOIST0 CRATE0 CONTAINER-0-0 LOADAREA CONTAINER0) [D:1.0000; C:1.0000]
 248.0000: (DROP HOIST0 CRATE0 DEPOT0-2-2 LOADAREA DEPOT0) [D:1.0000; C:1.0000]
 249.0000: (LIFT HOIST0 CRATE0 DEPOT0-2-2 LOADAREA DEPOT0) [D:1.0000; C:1.0000]
 250.0000: (DROP HOIST0 CRATE0 DEPOT0-2-2 LOADAREA DEPOT0) [D:1.0000; C:1.0000]
 251.0000: (LIFT HOIST0 CRATE0 DEPOT0-2-2 LOADAREA DEPOT0) [D:1.0000; C:1.0000]
 252.0000: (DROP HOIST0 CRATE0 DEPOT0-2-2 LOADAREA DEPOT0) [D:1.0000; C:1.0000]
 253.0000: (LIFT HOIST0 CRATE0 DEPOT0-2-2 LOADAREA DEPOT0) [D:1.0000; C:1.0000]
 254.0000: (DROP HOIST0 CRATE0 DEPOT0-2-2 LOADAREA DEPOT0) [D:1.0000; C:1.0000]
 255.0000: (LIFT HOIST0 CRATE0 DEPOT0-2-2 LOADAREA DEPOT0) [D:1.0000; C:1.0000]
 256.0000: (DROP HOIST0 CRATE0 DEPOT0-2-2 LOADAREA DEPOT0) [D:1.0000; C:1.0000]
 257.0000: (LIFT HOIST0 CRATE0 DEPOT0-2-2 LOADAREA DEPOT0) [D:1.0000; C:1.0000]
 258.0000: (DROP HOIST0 CRATE0 DEPOT0-2-2 LOADAREA DEPOT0) [D:1.0000; C:1.0000]
 259.0000: (LIFT HOIST0 CRATE0 DEPOT0-2-2 LOADAREA DEPOT0) [D:1.0000; C:1.0000]
 260.0000: (DROP HOIST0 CRATE0 DEPOT0-2-2 LOADAREA DEPOT0) [D:1.0000; C:1.0000]
 261.0000: (LIFT HOIST0 CRATE0 DEPOT0-2-2 LOADAREA DEPOT0) [D:1.0000; C:1.0000]
 262.0000: (DROP HOIST0 CRATE0 DEPOT0-2-2 LOADAREA DEPOT0) [D:1.0000; C:1.0000]
 263.0000: (LIFT HOIST0 CRATE0 DEPOT0-2-2 LOADAREA DEPOT0) [D:1.0000; C:1.0000]
 264.0000: (DROP HOIST0 CRATE0 DEPOT0-2-2 LOADAREA DEPOT0) [D:1.0000; C:1.0000]
 265.0000: (LIFT HOIST0 CRATE0 DEPOT0-2-2 LOADAREA DEPOT0) [D:1.0000; C:1.0000]
 266.0000: (DROP HOIST0 CRATE0 DEPOT0-2-2 LOADAREA DEPOT0) [D:1.0000; C:1.0000]
 267.0000: (LIFT HOIST0 CRATE0 DEPOT0-2-2 LOADAREA DEPOT0) [D:1.0000; C:1.0000]
 268.0000: (DROP HOIST0 CRATE0 DEPOT0-2-2 LOADAREA DEPOT0) [D:1.0000; C:1.0000]
 269.0000: (LIFT HOIST0 CRATE0 DEPOT0-2-2 LOADAREA DEPOT0) [D:1.0000; C:1.0000]
 270.0000: (DROP HOIST0 CRATE0 DEPOT0-2-2 LOADAREA DEPOT0) [D:1.0000; C:1.0000]
 271.0000: (LIFT HOIST0 CRATE0 DEPOT0-2-2 LOADAREA DEPOT0) [D:1.0000; C:1.0000]
 272.0000: (DROP HOIST0 CRATE0 DEPOT0-2-2 LOADAREA DEPOT0) [D:1.0000; C:1.0000]
 273.0000: (LIFT HOIST0 CRATE0 DEPOT0-2-2 LOADAREA DEPOT0) [D:1.0000; C:1.0000]
 274.0000: (DROP HOIST0 CRATE0 DEPOT0-2-2 LOADAREA DEPOT0) [D:1.0000; C:1.0000]
 275.0000: (LIFT HOIST0 CRATE0 DEPOT0-2-2 LOADAREA DEPOT0) [D:1.0000; C:1.0000]
 276.0000: (DROP HOIST0 CRATE0 DEPOT0-2-2 LOADAREA DEPOT0) [D:1.0000; C:1.0000]
 277.0000: (LIFT HOIST0 CRATE0 DEPOT0-2-2 LOADAREA DEPOT0) [D:1.0000; C:1.0000]
 278.0000: (DROP HOIST0 CRATE0 DEPOT0-2-2 LOADAREA DEPOT0) [D:1.0000; C:1.0000]
 279.0000: (LIFT HOIST0 CRATE0 DEPOT0-2-2 LOADAREA DEPOT0) [D:1.0000; C:1.0000]
 280.0000: (GO-IN HOIST0 LOADAREA DEPOT0-2-2) [D:1.0000; C:1.0000]
 281.0000: (MOVE HOIST0 DEPOT0-2-2 DEPOT0-1-2) [D:1.0000; C:1.0000]
 282.0000: (DROP HOIST0 CRATE0 DEPOT0-1-1 DEPOT0-1-2 DEPOT0) [D:1.0000; C:1.0000]
 283.0000: (MOVE HOIST0 DEPOT0-1-2 DEPOT0-2-2) [D:1.0000; C:1.0000]
 284.0000: (GO-OUT HOIST0 DEPOT0-2-2 LOADAREA) [D:1.0000; C:1.0000]
 285.0000: (LIFT HOIST0 CRATE2 CONTAINER-1-0 LOADAREA CONTAINER1) [D:1.0000; C:1.0000]
 286.0000: (GO-IN HOIST0 LOADAREA DEPOT0-2-2) [D:1.0000; C:1.0000]
 287.0000: (MOVE HOIST0 DEPOT0-2-2 DEPOT0-2-1) [D:1.0000; C:1.0000]
 288.0000: (DROP HOIST0 CRATE2 DEPOT0-2-2 DEPOT0-2-1 DEPOT0) [D:1.0000; C:1.0000]
 289.0000: (LIFT HOIST0 CRATE2 DEPOT0-2-2 DEPOT0-2-1 DEPOT0) [D:1.0000; C:1.0000]
 290.0000: (MOVE HOIST0 DEPOT0-2-1 DEPOT0-2-2) [D:1.0000; C:1.0000]
 291.0000: (DROP HOIST0 CRATE2 DEPOT0-1-2 DEPOT0-2-2 DEPOT0) [D:1.0000; C:1.0000]
 292.0000: (GO-OUT HOIST0 DEPOT0-2-2 LOADAREA) [D:1.0000; C:1.0000]
 293.0000: (LIFT HOIST0 CRATE1 CONTAINER-0-1 LOADAREA CONTAINER0) [D:1.0000; C:1.0000]
 294.0000: (GO-IN HOIST0 LOADAREA DEPOT0-2-2) [D:1.0000; C:1.0000]
 295.0000: (DROP HOIST0 CRATE1 DEPOT0-2-1 DEPOT0-2-2 DEPOT0) [D:1.0000; C:1.0000]


Solution found:
Total time:      0.78
Search time:     0.76
Actions:         298
Execution cost:  298.00
Duration:        296.000
Plan quality:    298.000


Parsing domain file:  domain 'STORAGE-PROPOSITIONAL' defined ... done.
Parsing problem file:  problem 'STORAGE-15' defined ... done.



Modality: Fast Planner

Number of actions             :     846
Number of conditional actions :       0
Number of facts               :     176


Analyzing Planning Problem:
	Temporal Planning Problem: NO
	Numeric Planning Problem: NO
	Problem with Timed Initial Litearals: NO
	Problem with Derived Predicates: NO

Evaluation function weights:
     Action duration 0.00; Action cost 1.00


Computing mutex... done

Preprocessing total time: 0.02 seconds

Searching ('.' = every 50 search steps):
..... solution found: 

Plan computed:
   Time: (ACTION) [action Duration; action Cost]
 0.0000: (GO-OUT HOIST2 DEPOT1-2-3 LOADAREA) [D:1.0000; C:1.0000]
 0.0000: (MOVE HOIST0 DEPOT0-1-1 DEPOT0-1-2) [D:1.0000; C:1.0000]
 1.0000: (LIFT HOIST2 CRATE3 CONTAINER-0-3 LOADAREA CONTAINER0) [D:1.0000; C:1.0000]
 2.0000: (DROP HOIST2 CRATE3 DEPOT1-2-3 LOADAREA DEPOT1) [D:1.0000; C:1.0000]
 3.0000: (LIFT HOIST1 CRATE3 DEPOT1-2-3 DEPOT1-1-3 DEPOT1) [D:1.0000; C:1.0000]
 3.0000: (LIFT HOIST2 CRATE2 CONTAINER-0-2 LOADAREA CONTAINER0) [D:1.0000; C:1.0000]
 4.0000: (DROP HOIST1 CRATE3 DEPOT1-1-2 DEPOT1-1-3 DEPOT1) [D:1.0000; C:1.0000]
 4.0000: (DROP HOIST2 CRATE2 DEPOT1-2-3 LOADAREA DEPOT1) [D:1.0000; C:1.0000]
 5.0000: (LIFT HOIST2 CRATE4 CONTAINER-1-0 LOADAREA CONTAINER1) [D:1.0000; C:1.0000]
 5.0000: (LIFT HOIST1 CRATE2 DEPOT1-2-3 DEPOT1-1-3 DEPOT1) [D:1.0000; C:1.0000]
 6.0000: (DROP HOIST1 CRATE2 DEPOT1-2-3 DEPOT1-1-3 DEPOT1) [D:1.0000; C:1.0000]
 7.0000: (LIFT HOIST1 CRATE2 DEPOT1-2-3 DEPOT1-1-3 DEPOT1) [D:1.0000; C:1.0000]
 8.0000: (DROP HOIST1 CRATE2 DEPOT1-2-3 DEPOT1-1-3 DEPOT1) [D:1.0000; C:1.0000]
 9.0000: (LIFT HOIST1 CRATE2 DEPOT1-2-3 DEPOT1-1-3 DEPOT1) [D:1.0000; C:1.0000]
 10.0000: (DROP HOIST1 CRATE2 DEPOT1-2-3 DEPOT1-1-3 DEPOT1) [D:1.0000; C:1.0000]
 11.0000: (LIFT HOIST1 CRATE2 DEPOT1-2-3 DEPOT1-1-3 DEPOT1) [D:1.0000; C:1.0000]
 12.0000: (DROP HOIST1 CRATE2 DEPOT1-2-3 DEPOT1-1-3 DEPOT1) [D:1.0000; C:1.0000]
 13.0000: (LIFT HOIST1 CRATE2 DEPOT1-2-3 DEPOT1-1-3 DEPOT1) [D:1.0000; C:1.0000]
 14.0000: (DROP HOIST1 CRATE2 DEPOT1-2-3 DEPOT1-1-3 DEPOT1) [D:1.0000; C:1.0000]
 15.0000: (LIFT HOIST1 CRATE2 DEPOT1-2-3 DEPOT1-1-3 DEPOT1) [D:1.0000; C:1.0000]
 16.0000: (DROP HOIST1 CRATE2 DEPOT1-2-3 DEPOT1-1-3 DEPOT1) [D:1.0000; C:1.0000]
 17.0000: (LIFT HOIST1 CRATE2 DEPOT1-2-3 DEPOT1-1-3 DEPOT1) [D:1.0000; C:1.0000]
 18.0000: (DROP HOIST1 CRATE2 DEPOT1-2-3 DEPOT1-1-3 DEPOT1) [D:1.0000; C:1.0000]
 19.0000: (LIFT HOIST1 CRATE2 DEPOT1-2-3 DEPOT1-1-3 DEPOT1) [D:1.0000; C:1.0000]
 20.0000: (DROP HOIST1 CRATE2 DEPOT1-2-3 DEPOT1-1-3 DEPOT1) [D:1.0000; C:1.0000]
 21.0000: (LIFT HOIST1 CRATE2 DEPOT1-2-3 DEPOT1-1-3 DEPOT1) [D:1.0000; C:1.0000]
 22.0000: (DROP HOIST1 CRATE2 DEPOT1-2-3 DEPOT1-1-3 DEPOT1) [D:1.0000; C:1.0000]
 23.0000: (LIFT HOIST1 CRATE2 DEPOT1-2-3 DEPOT1-1-3 DEPOT1) [D:1.0000; C:1.0000]
 24.0000: (DROP HOIST1 CRATE2 DEPOT1-2-3 DEPOT1-1-3 DEPOT1) [D:1.0000; C:1.0000]
 25.0000: (LIFT HOIST1 CRATE2 DEPOT1-2-3 DEPOT1-1-3 DEPOT1) [D:1.0000; C:1.0000]
 26.0000: (DROP HOIST1 CRATE2 DEPOT1-2-3 DEPOT1-1-3 DEPOT1) [D:1.0000; C:1.0000]
 27.0000: (LIFT HOIST1 CRATE2 DEPOT1-2-3 DEPOT1-1-3 DEPOT1) [D:1.0000; C:1.0000]
 28.0000: (DROP HOIST1 CRATE2 DEPOT1-2-3 DEPOT1-1-3 DEPOT1) [D:1.0000; C:1.0000]
 29.0000: (LIFT HOIST1 CRATE2 DEPOT1-2-3 DEPOT1-1-3 DEPOT1) [D:1.0000; C:1.0000]
 30.0000: (DROP HOIST1 CRATE2 DEPOT1-2-3 DEPOT1-1-3 DEPOT1) [D:1.0000; C:1.0000]
 31.0000: (LIFT HOIST1 CRATE2 DEPOT1-2-3 DEPOT1-1-3 DEPOT1) [D:1.0000; C:1.0000]
 32.0000: (DROP HOIST1 CRATE2 DEPOT1-2-3 DEPOT1-1-3 DEPOT1) [D:1.0000; C:1.0000]
 33.0000: (LIFT HOIST1 CRATE2 DEPOT1-2-3 DEPOT1-1-3 DEPOT1) [D:1.0000; C:1.0000]
 34.0000: (DROP HOIST1 CRATE2 DEPOT1-2-3 DEPOT1-1-3 DEPOT1) [D:1.0000; C:1.0000]
 35.0000: (LIFT HOIST1 CRATE2 DEPOT1-2-3 DEPOT1-1-3 DEPOT1) [D:1.0000; C:1.0000]
 36.0000: (DROP HOIST1 CRATE2 DEPOT1-2-3 DEPOT1-1-3 DEPOT1) [D:1.0000; C:1.0000]
 37.0000: (LIFT HOIST1 CRATE2 DEPOT1-2-3 DEPOT1-1-3 DEPOT1) [D:1.0000; C:1.0000]
 38.0000: (DROP HOIST1 CRATE2 DEPOT1-2-3 DEPOT1-1-3 DEPOT1) [D:1.0000; C:1.0000]
 39.0000: (LIFT HOIST1 CRATE2 DEPOT1-2-3 DEPOT1-1-3 DEPOT1) [D:1.0000; C:1.0000]
 40.0000: (DROP HOIST1 CRATE2 DEPOT1-2-3 DEPOT1-1-3 DEPOT1) [D:1.0000; C:1.0000]
 41.0000: (LIFT HOIST1 CRATE2 DEPOT1-2-3 DEPOT1-1-3 DEPOT1) [D:1.0000; C:1.0000]
 42.0000: (DROP HOIST1 CRATE2 DEPOT1-2-3 DEPOT1-1-3 DEPOT1) [D:1.0000; C:1.0000]
 43.0000: (LIFT HOIST1 CRATE2 DEPOT1-2-3 DEPOT1-1-3 DEPOT1) [D:1.0000; C:1.0000]
 44.0000: (DROP HOIST1 CRATE2 DEPOT1-2-3 DEPOT1-1-3 DEPOT1) [D:1.0000; C:1.0000]
 45.0000: (LIFT HOIST1 CRATE2 DEPOT1-2-3 DEPOT1-1-3 DEPOT1) [D:1.0000; C:1.0000]
 46.0000: (DROP HOIST1 CRATE2 DEPOT1-2-3 DEPOT1-1-3 DEPOT1) [D:1.0000; C:1.0000]
 47.0000: (LIFT HOIST1 CRATE2 DEPOT1-2-3 DEPOT1-1-3 DEPOT1) [D:1.0000; C:1.0000]
 48.0000: (DROP HOIST1 CRATE2 DEPOT1-2-3 DEPOT1-1-3 DEPOT1) [D:1.0000; C:1.0000]
 49.0000: (LIFT HOIST1 CRATE2 DEPOT1-2-3 DEPOT1-1-3 DEPOT1) [D:1.0000; C:1.0000]
 50.0000: (DROP HOIST1 CRATE2 DEPOT1-2-3 DEPOT1-1-3 DEPOT1) [D:1.0000; C:1.0000]
 51.0000: (LIFT HOIST1 CRATE2 DEPOT1-2-3 DEPOT1-1-3 DEPOT1) [D:1.0000; C:1.0000]
 52.0000: (DROP HOIST1 CRATE2 DEPOT1-2-3 DEPOT1-1-3 DEPOT1) [D:1.0000; C:1.0000]
 53.0000: (LIFT HOIST1 CRATE2 DEPOT1-2-3 DEPOT1-1-3 DEPOT1) [D:1.0000; C:1.0000]
 54.0000: (DROP HOIST1 CRATE2 DEPOT1-2-3 DEPOT1-1-3 DEPOT1) [D:1.0000; C:1.0000]
 55.0000: (LIFT HOIST1 CRATE2 DEPOT1-2-3 DEPOT1-1-3 DEPOT1) [D:1.0000; C:1.0000]
 56.0000: (DROP HOIST1 CRATE2 DEPOT1-2-3 DEPOT1-1-3 DEPOT1) [D:1.0000; C:1.0000]
 57.0000: (LIFT HOIST1 CRATE2 DEPOT1-2-3 DEPOT1-1-3 DEPOT1) [D:1.0000; C:1.0000]
 58.0000: (DROP HOIST1 CRATE2 DEPOT1-2-3 DEPOT1-1-3 DEPOT1) [D:1.0000; C:1.0000]
 59.0000: (LIFT HOIST1 CRATE2 DEPOT1-2-3 DEPOT1-1-3 DEPOT1) [D:1.0000; C:1.0000]
 60.0000: (DROP HOIST1 CRATE2 DEPOT1-2-3 DEPOT1-1-3 DEPOT1) [D:1.0000; C:1.0000]
 61.0000: (LIFT HOIST1 CRATE2 DEPOT1-2-3 DEPOT1-1-3 DEPOT1) [D:1.0000; C:1.0000]
 62.0000: (DROP HOIST1 CRATE2 DEPOT1-2-3 DEPOT1-1-3 DEPOT1) [D:1.0000; C:1.0000]
 63.0000: (LIFT HOIST1 CRATE2 DEPOT1-2-3 DEPOT1-1-3 DEPOT1) [D:1.0000; C:1.0000]
 64.0000: (DROP HOIST1 CRATE2 DEPOT1-2-3 DEPOT1-1-3 DEPOT1) [D:1.0000; C:1.0000]
 65.0000: (LIFT HOIST1 CRATE2 DEPOT1-2-3 DEPOT1-1-3 DEPOT1) [D:1.0000; C:1.0000]
 66.0000: (DROP HOIST1 CRATE2 DEPOT1-2-3 DEPOT1-1-3 DEPOT1) [D:1.0000; C:1.0000]
 67.0000: (LIFT HOIST1 CRATE2 DEPOT1-2-3 DEPOT1-1-3 DEPOT1) [D:1.0000; C:1.0000]
 68.0000: (DROP HOIST1 CRATE2 DEPOT1-2-3 DEPOT1-1-3 DEPOT1) [D:1.0000; C:1.0000]
 69.0000: (LIFT HOIST1 CRATE2 DEPOT1-2-3 DEPOT1-1-3 DEPOT1) [D:1.0000; C:1.0000]
 70.0000: (DROP HOIST1 CRATE2 DEPOT1-2-3 DEPOT1-1-3 DEPOT1) [D:1.0000; C:1.0000]
 71.0000: (LIFT HOIST1 CRATE2 DEPOT1-2-3 DEPOT1-1-3 DEPOT1) [D:1.0000; C:1.0000]
 72.0000: (DROP HOIST1 CRATE2 DEPOT1-2-3 DEPOT1-1-3 DEPOT1) [D:1.0000; C:1.0000]
 73.0000: (LIFT HOIST1 CRATE2 DEPOT1-2-3 DEPOT1-1-3 DEPOT1) [D:1.0000; C:1.0000]
 74.0000: (DROP HOIST1 CRATE2 DEPOT1-2-3 DEPOT1-1-3 DEPOT1) [D:1.0000; C:1.0000]
 75.0000: (LIFT HOIST1 CRATE2 DEPOT1-2-3 DEPOT1-1-3 DEPOT1) [D:1.0000; C:1.0000]
 76.0000: (DROP HOIST1 CRATE2 DEPOT1-2-3 DEPOT1-1-3 DEPOT1) [D:1.0000; C:1.0000]
 77.0000: (LIFT HOIST1 CRATE2 DEPOT1-2-3 DEPOT1-1-3 DEPOT1) [D:1.0000; C:1.0000]
 78.0000: (DROP HOIST1 CRATE2 DEPOT1-2-3 DEPOT1-1-3 DEPOT1) [D:1.0000; C:1.0000]
 79.0000: (LIFT HOIST1 CRATE2 DEPOT1-2-3 DEPOT1-1-3 DEPOT1) [D:1.0000; C:1.0000]
 80.0000: (DROP HOIST1 CRATE2 DEPOT1-2-3 DEPOT1-1-3 DEPOT1) [D:1.0000; C:1.0000]
 81.0000: (LIFT HOIST1 CRATE2 DEPOT1-2-3 DEPOT1-1-3 DEPOT1) [D:1.0000; C:1.0000]
 82.0000: (DROP HOIST1 CRATE2 DEPOT1-2-3 DEPOT1-1-3 DEPOT1) [D:1.0000; C:1.0000]
 83.0000: (LIFT HOIST1 CRATE2 DEPOT1-2-3 DEPOT1-1-3 DEPOT1) [D:1.0000; C:1.0000]
 84.0000: (DROP HOIST1 CRATE2 DEPOT1-2-3 DEPOT1-1-3 DEPOT1) [D:1.0000; C:1.0000]
 85.0000: (LIFT HOIST1 CRATE2 DEPOT1-2-3 DEPOT1-1-3 DEPOT1) [D:1.0000; C:1.0000]
 86.0000: (DROP HOIST1 CRATE2 DEPOT1-2-3 DEPOT1-1-3 DEPOT1) [D:1.0000; C:1.0000]
 87.0000: (LIFT HOIST1 CRATE2 DEPOT1-2-3 DEPOT1-1-3 DEPOT1) [D:1.0000; C:1.0000]
 88.0000: (DROP HOIST1 CRATE2 DEPOT1-2-3 DEPOT1-1-3 DEPOT1) [D:1.0000; C:1.0000]
 89.0000: (LIFT HOIST1 CRATE2 DEPOT1-2-3 DEPOT1-1-3 DEPOT1) [D:1.0000; C:1.0000]
 90.0000: (DROP HOIST1 CRATE2 DEPOT1-2-3 DEPOT1-1-3 DEPOT1) [D:1.0000; C:1.0000]
 91.0000: (LIFT HOIST1 CRATE2 DEPOT1-2-3 DEPOT1-1-3 DEPOT1) [D:1.0000; C:1.0000]
 92.0000: (DROP HOIST1 CRATE2 DEPOT1-2-3 DEPOT1-1-3 DEPOT1) [D:1.0000; C:1.0000]
 93.0000: (LIFT HOIST1 CRATE2 DEPOT1-2-3 DEPOT1-1-3 DEPOT1) [D:1.0000; C:1.0000]
 94.0000: (DROP HOIST1 CRATE2 DEPOT1-2-3 DEPOT1-1-3 DEPOT1) [D:1.0000; C:1.0000]
 95.0000: (LIFT HOIST1 CRATE2 DEPOT1-2-3 DEPOT1-1-3 DEPOT1) [D:1.0000; C:1.0000]
 96.0000: (DROP HOIST1 CRATE2 DEPOT1-2-3 DEPOT1-1-3 DEPOT1) [D:1.0000; C:1.0000]
 97.0000: (LIFT HOIST1 CRATE2 DEPOT1-2-3 DEPOT1-1-3 DEPOT1) [D:1.0000; C:1.0000]
 98.0000: (DROP HOIST1 CRATE2 DEPOT1-2-3 DEPOT1-1-3 DEPOT1) [D:1.0000; C:1.0000]
 99.0000: (LIFT HOIST1 CRATE2 DEPOT1-2-3 DEPOT1-1-3 DEPOT1) [D:1.0000; C:1.0000]
 100.0000: (DROP HOIST1 CRATE2 DEPOT1-2-3 DEPOT1-1-3 DEPOT1) [D:1.0000; C:1.0000]
 101.0000: (LIFT HOIST1 CRATE2 DEPOT1-2-3 DEPOT1-1-3 DEPOT1) [D:1.0000; C:1.0000]
 102.0000: (DROP HOIST1 CRATE2 DEPOT1-2-3 DEPOT1-1-3 DEPOT1) [D:1.0000; C:1.0000]
 103.0000: (LIFT HOIST1 CRATE2 DEPOT1-2-3 DEPOT1-1-3 DEPOT1) [D:1.0000; C:1.0000]
 104.0000: (DROP HOIST1 CRATE2 DEPOT1-2-3 DEPOT1-1-3 DEPOT1) [D:1.0000; C:1.0000]
 105.0000: (LIFT HOIST1 CRATE2 DEPOT1-2-3 DEPOT1-1-3 DEPOT1) [D:1.0000; C:1.0000]
 106.0000: (DROP HOIST1 CRATE2 DEPOT1-2-3 DEPOT1-1-3 DEPOT1) [D:1.0000; C:1.0000]
 107.0000: (LIFT HOIST1 CRATE2 DEPOT1-2-3 DEPOT1-1-3 DEPOT1) [D:1.0000; C:1.0000]
 108.0000: (DROP HOIST1 CRATE2 DEPOT1-2-3 DEPOT1-1-3 DEPOT1) [D:1.0000; C:1.0000]
 109.0000: (LIFT HOIST1 CRATE2 DEPOT1-2-3 DEPOT1-1-3 DEPOT1) [D:1.0000; C:1.0000]
 110.0000: (DROP HOIST1 CRATE2 DEPOT1-2-3 DEPOT1-1-3 DEPOT1) [D:1.0000; C:1.0000]
 111.0000: (LIFT HOIST1 CRATE2 DEPOT1-2-3 DEPOT1-1-3 DEPOT1) [D:1.0000; C:1.0000]
 112.0000: (DROP HOIST1 CRATE2 DEPOT1-2-3 DEPOT1-1-3 DEPOT1) [D:1.0000; C:1.0000]
 113.0000: (LIFT HOIST1 CRATE2 DEPOT1-2-3 DEPOT1-1-3 DEPOT1) [D:1.0000; C:1.0000]
 114.0000: (DROP HOIST1 CRATE2 DEPOT1-2-3 DEPOT1-1-3 DEPOT1) [D:1.0000; C:1.0000]
 115.0000: (LIFT HOIST1 CRATE2 DEPOT1-2-3 DEPOT1-1-3 DEPOT1) [D:1.0000; C:1.0000]
 116.0000: (MOVE HOIST1 DEPOT1-1-3 DEPOT1-2-3) [D:1.0000; C:1.0000]
 117.0000: (DROP HOIST1 CRATE2 DEPOT1-1-3 DEPOT1-2-3 DEPOT1) [D:1.0000; C:1.0000]
 118.0000: (GO-OUT HOIST1 DEPOT1-2-3 LOADAREA) [D:1.0000; C:1.0000]
 119.0000: (LIFT HOIST1 CRATE1 CONTAINER-0-1 LOADAREA CONTAINER0) [D:1.0000; C:1.0000]
 119.0000: (DROP HOIST2 CRATE4 DEPOT1-2-3 LOADAREA DEPOT1) [D:1.0000; C:1.0000]
 120.0000: (DROP HOIST1 CRATE1 DEPOT0-2-2 LOADAREA DEPOT0) [D:1.0000; C:1.0000]
 121.0000: (LIFT HOIST1 CRATE0 CONTAINER-0-0 LOADAREA CONTAINER0) [D:1.0000; C:1.0000]
 121.0000: (LIFT HOIST0 CRATE1 DEPOT0-2-2 DEPOT0-1-2 DEPOT0) [D:1.0000; C:1.0000]
 122.0000: (DROP HOIST1 CRATE0 DEPOT0-2-2 LOADAREA DEPOT0) [D:1.0000; C:1.0000]
 122.0000: (DROP HOIST0 CRATE1 DEPOT0-1-1 DEPOT0-1-2 DEPOT0) [D:1.0000; C:1.0000]


Solution found:
Total time:      0.19
Search time:     0.17
Actions:         130
Execution cost:  130.00
Duration:        123.000
Plan quality:    130.000


Parsing domain file:  domain 'STORAGE-PROPOSITIONAL' defined ... done.
Parsing problem file:  problem 'STORAGE-16' defined ... done.



Modality: Fast Planner

Number of actions             :    1428
Number of conditional actions :       0
Number of facts               :     228


Analyzing Planning Problem:
	Temporal Planning Problem: NO
	Numeric Planning Problem: NO
	Problem with Timed Initial Litearals: NO
	Problem with Derived Predicates: NO

Evaluation function weights:
     Action duration 0.00; Action cost 1.00


Computing mutex... done

Preprocessing total time: 0.05 seconds

Searching ('.' = every 50 search steps):
. solution found: 

Plan computed:
   Time: (ACTION) [action Duration; action Cost]
 0.0000: (GO-OUT HOIST1 DEPOT1-2-3 LOADAREA) [D:1.0000; C:1.0000]
 0.0000: (MOVE HOIST0 DEPOT0-1-3 DEPOT0-1-2) [D:1.0000; C:1.0000]
 1.0000: (LIFT HOIST1 CRATE0 CONTAINER-0-0 LOADAREA CONTAINER0) [D:1.0000; C:1.0000]
 1.0000: (MOVE HOIST2 DEPOT1-2-2 DEPOT1-2-3) [D:1.0000; C:1.0000]
 2.0000: (DROP HOIST1 CRATE0 DEPOT0-2-2 LOADAREA DEPOT0) [D:1.0000; C:1.0000]
 2.0000: (GO-OUT HOIST2 DEPOT1-2-3 LOADAREA) [D:1.0000; C:1.0000]
 3.0000: (LIFT HOIST1 CRATE1 CONTAINER-0-1 LOADAREA CONTAINER0) [D:1.0000; C:1.0000]
 3.0000: (LIFT HOIST0 CRATE0 DEPOT0-2-2 DEPOT0-1-2 DEPOT0) [D:1.0000; C:1.0000]
 4.0000: (DROP HOIST1 CRATE1 DEPOT0-2-2 LOADAREA DEPOT0) [D:1.0000; C:1.0000]
 4.0000: (DROP HOIST0 CRATE0 DEPOT0-1-1 DEPOT0-1-2 DEPOT0) [D:1.0000; C:1.0000]
 4.0000: (GO-IN HOIST2 LOADAREA CONTAINER-0-1) [D:1.0000; C:1.0000]
 5.0000: (LIFT HOIST1 CRATE2 CONTAINER-0-2 LOADAREA CONTAINER0) [D:1.0000; C:1.0000]
 5.0000: (LIFT HOIST0 CRATE1 DEPOT0-2-2 DEPOT0-1-2 DEPOT0) [D:1.0000; C:1.0000]
 5.0000: (GO-OUT HOIST2 CONTAINER-0-1 LOADAREA) [D:1.0000; C:1.0000]
 6.0000: (DROP HOIST1 CRATE2 DEPOT0-2-2 LOADAREA DEPOT0) [D:1.0000; C:1.0000]
 6.0000: (DROP HOIST0 CRATE1 DEPOT0-1-3 DEPOT0-1-2 DEPOT0) [D:1.0000; C:1.0000]
 6.0000: (GO-IN HOIST2 LOADAREA DEPOT1-2-3) [D:1.0000; C:1.0000]
 7.0000: (MOVE HOIST2 DEPOT1-2-3 DEPOT1-1-3) [D:1.0000; C:1.0000]
 7.0000: (LIFT HOIST1 CRATE3 CONTAINER-0-3 LOADAREA CONTAINER0) [D:1.0000; C:1.0000]
 8.0000: (MOVE HOIST2 DEPOT1-1-3 DEPOT1-2-3) [D:1.0000; C:1.0000]
 9.0000: (GO-OUT HOIST2 DEPOT1-2-3 LOADAREA) [D:1.0000; C:1.0000]
 10.0000: (LIFT HOIST2 CRATE4 CONTAINER-1-0 LOADAREA CONTAINER1) [D:1.0000; C:1.0000]
 11.0000: (DROP HOIST2 CRATE4 DEPOT1-2-3 LOADAREA DEPOT1) [D:1.0000; C:1.0000]
 12.0000: (LIFT HOIST2 CRATE4 DEPOT1-2-3 LOADAREA DEPOT1) [D:1.0000; C:1.0000]
 13.0000: (DROP HOIST2 CRATE4 DEPOT1-2-3 LOADAREA DEPOT1) [D:1.0000; C:1.0000]
 14.0000: (LIFT HOIST2 CRATE4 DEPOT1-2-3 LOADAREA DEPOT1) [D:1.0000; C:1.0000]
 15.0000: (DROP HOIST2 CRATE4 DEPOT1-2-3 LOADAREA DEPOT1) [D:1.0000; C:1.0000]
 16.0000: (LIFT HOIST2 CRATE4 DEPOT1-2-3 LOADAREA DEPOT1) [D:1.0000; C:1.0000]
 17.0000: (GO-IN HOIST2 LOADAREA DEPOT1-2-3) [D:1.0000; C:1.0000]
 18.0000: (MOVE HOIST2 DEPOT1-2-3 DEPOT1-2-2) [D:1.0000; C:1.0000]
 19.0000: (DROP HOIST1 CRATE3 DEPOT1-2-3 LOADAREA DEPOT1) [D:1.0000; C:1.0000]
 19.0000: (MOVE HOIST2 DEPOT1-2-2 DEPOT1-1-2) [D:1.0000; C:1.0000]
 20.0000: (MOVE HOIST2 DEPOT1-1-2 DEPOT1-1-1) [D:1.0000; C:1.0000]
 20.0000: (LIFT HOIST1 CRATE3 DEPOT1-2-3 LOADAREA DEPOT1) [D:1.0000; C:1.0000]
 21.0000: (MOVE HOIST2 DEPOT1-1-1 DEPOT1-2-1) [D:1.0000; C:1.0000]
 21.0000: (DROP HOIST1 CRATE3 CONTAINER-0-0 LOADAREA CONTAINER0) [D:1.0000; C:1.0000]
 22.0000: (LIFT HOIST1 CRATE5 CONTAINER-1-1 LOADAREA CONTAINER1) [D:1.0000; C:1.0000]
 23.0000: (GO-IN HOIST1 LOADAREA DEPOT1-2-3) [D:1.0000; C:1.0000]
 24.0000: (MOVE HOIST1 DEPOT1-2-3 DEPOT1-2-2) [D:1.0000; C:1.0000]
 25.0000: (MOVE HOIST1 DEPOT1-2-2 DEPOT1-1-2) [D:1.0000; C:1.0000]
 26.0000: (MOVE HOIST2 DEPOT1-2-1 DEPOT1-2-2) [D:1.0000; C:1.0000]
 26.0000: (DROP HOIST1 CRATE5 DEPOT1-1-3 DEPOT1-1-2 DEPOT1) [D:1.0000; C:1.0000]
 27.0000: (MOVE HOIST2 DEPOT1-2-2 DEPOT1-2-3) [D:1.0000; C:1.0000]
 28.0000: (GO-OUT HOIST2 DEPOT1-2-3 LOADAREA) [D:1.0000; C:1.0000]
 29.0000: (DROP HOIST2 CRATE4 CONTAINER-0-2 LOADAREA CONTAINER0) [D:1.0000; C:1.0000]
 30.0000: (LIFT HOIST2 CRATE3 CONTAINER-0-0 LOADAREA CONTAINER0) [D:1.0000; C:1.0000]
 31.0000: (GO-IN HOIST2 LOADAREA DEPOT1-2-3) [D:1.0000; C:1.0000]
 32.0000: (MOVE HOIST2 DEPOT1-2-3 DEPOT1-2-2) [D:1.0000; C:1.0000]
 33.0000: (DROP HOIST2 CRATE3 DEPOT1-2-3 DEPOT1-2-2 DEPOT1) [D:1.0000; C:1.0000]
 34.0000: (LIFT HOIST2 CRATE3 DEPOT1-2-3 DEPOT1-2-2 DEPOT1) [D:1.0000; C:1.0000]
 35.0000: (MOVE HOIST2 DEPOT1-2-2 DEPOT1-2-1) [D:1.0000; C:1.0000]
 36.0000: (MOVE HOIST1 DEPOT1-1-2 DEPOT1-2-2) [D:1.0000; C:1.0000]
 37.0000: (MOVE HOIST1 DEPOT1-2-2 DEPOT1-2-3) [D:1.0000; C:1.0000]
 38.0000: (GO-OUT HOIST1 DEPOT1-2-3 LOADAREA) [D:1.0000; C:1.0000]
 39.0000: (LIFT HOIST1 CRATE4 CONTAINER-0-2 LOADAREA CONTAINER0) [D:1.0000; C:1.0000]
 40.0000: (GO-IN HOIST1 LOADAREA DEPOT1-2-3) [D:1.0000; C:1.0000]
 41.0000: (MOVE HOIST1 DEPOT1-2-3 DEPOT1-2-2) [D:1.0000; C:1.0000]
 42.0000: (MOVE HOIST1 DEPOT1-2-2 DEPOT1-1-2) [D:1.0000; C:1.0000]
 43.0000: (DROP HOIST1 CRATE4 DEPOT1-1-1 DEPOT1-1-2 DEPOT1) [D:1.0000; C:1.0000]
 43.0000: (DROP HOIST2 CRATE3 DEPOT1-2-2 DEPOT1-2-1 DEPOT1) [D:1.0000; C:1.0000]


Solution found:
Total time:      0.20
Search time:     0.15
Actions:         60
Execution cost:  60.00
Duration:        44.000
Plan quality:    60.000


Parsing domain file:  domain 'STORAGE-PROPOSITIONAL' defined ... done.
Parsing problem file:  problem 'STORAGE-17' defined ... done.



Modality: Fast Planner

Number of actions             :    1872
Number of conditional actions :       0
Number of facts               :     286


Analyzing Planning Problem:
	Temporal Planning Problem: NO
	Numeric Planning Problem: NO
	Problem with Timed Initial Litearals: NO
	Problem with Derived Predicates: NO

Evaluation function weights:
     Action duration 0.00; Action cost 1.00


Computing mutex... done

Preprocessing total time: 0.09 seconds

Searching ('.' = every 50 search steps):
..... solution found: 

Plan computed:
   Time: (ACTION) [action Duration; action Cost]
 0.0000: (GO-OUT HOIST2 DEPOT1-2-3 LOADAREA) [D:1.0000; C:1.0000]
 0.0000: (MOVE HOIST0 DEPOT0-1-1 DEPOT0-2-1) [D:1.0000; C:1.0000]
 1.0000: (LIFT HOIST2 CRATE0 CONTAINER-0-0 LOADAREA CONTAINER0) [D:1.0000; C:1.0000]
 1.0000: (MOVE HOIST0 DEPOT0-2-1 DEPOT0-2-2) [D:1.0000; C:1.0000]
 2.0000: (GO-OUT HOIST0 DEPOT0-2-2 LOADAREA) [D:1.0000; C:1.0000]
 3.0000: (LIFT HOIST0 CRATE1 CONTAINER-0-1 LOADAREA CONTAINER0) [D:1.0000; C:1.0000]
 4.0000: (DROP HOIST0 CRATE1 DEPOT0-2-2 LOADAREA DEPOT0) [D:1.0000; C:1.0000]
 5.0000: (LIFT HOIST0 CRATE1 DEPOT0-2-2 LOADAREA DEPOT0) [D:1.0000; C:1.0000]
 6.0000: (DROP HOIST0 CRATE1 DEPOT0-2-2 LOADAREA DEPOT0) [D:1.0000; C:1.0000]
 7.0000: (LIFT HOIST0 CRATE1 DEPOT0-2-2 LOADAREA DEPOT0) [D:1.0000; C:1.0000]
 8.0000: (GO-IN HOIST0 LOADAREA DEPOT0-2-2) [D:1.0000; C:1.0000]
 9.0000: (MOVE HOIST0 DEPOT0-2-2 DEPOT0-1-2) [D:1.0000; C:1.0000]
 10.0000: (DROP HOIST2 CRATE0 DEPOT0-2-2 LOADAREA DEPOT0) [D:1.0000; C:1.0000]
 10.0000: (MOVE HOIST0 DEPOT0-1-2 DEPOT0-1-1) [D:1.0000; C:1.0000]
 11.0000: (LIFT HOIST2 CRATE0 DEPOT0-2-2 LOADAREA DEPOT0) [D:1.0000; C:1.0000]
 11.0000: (DROP HOIST0 CRATE1 DEPOT0-1-2 DEPOT0-1-1 DEPOT0) [D:1.0000; C:1.0000]
 12.0000: (DROP HOIST2 CRATE0 CONTAINER-0-0 LOADAREA CONTAINER0) [D:1.0000; C:1.0000]
 12.0000: (MOVE HOIST0 DEPOT0-1-1 DEPOT0-2-1) [D:1.0000; C:1.0000]
 13.0000: (LIFT HOIST2 CRATE2 CONTAINER-0-2 LOADAREA CONTAINER0) [D:1.0000; C:1.0000]
 14.0000: (GO-IN HOIST2 LOADAREA DEPOT0-2-2) [D:1.0000; C:1.0000]
 15.0000: (MOVE HOIST2 DEPOT0-2-2 DEPOT0-2-3) [D:1.0000; C:1.0000]
 16.0000: (DROP HOIST2 CRATE2 DEPOT0-1-3 DEPOT0-2-3 DEPOT0) [D:1.0000; C:1.0000]
 17.0000: (MOVE HOIST2 DEPOT0-2-3 DEPOT0-2-2) [D:1.0000; C:1.0000]
 18.0000: (GO-OUT HOIST2 DEPOT0-2-2 LOADAREA) [D:1.0000; C:1.0000]
 19.0000: (LIFT HOIST2 CRATE0 CONTAINER-0-0 LOADAREA CONTAINER0) [D:1.0000; C:1.0000]
 20.0000: (GO-IN HOIST2 LOADAREA DEPOT0-2-2) [D:1.0000; C:1.0000]
 21.0000: (DROP HOIST2 CRATE0 DEPOT0-2-3 DEPOT0-2-2 DEPOT0) [D:1.0000; C:1.0000]
 22.0000: (GO-OUT HOIST2 DEPOT0-2-2 LOADAREA) [D:1.0000; C:1.0000]
 23.0000: (LIFT HOIST2 CRATE3 CONTAINER-0-3 LOADAREA CONTAINER0) [D:1.0000; C:1.0000]
 23.0000: (MOVE HOIST0 DEPOT0-2-1 DEPOT0-2-2) [D:1.0000; C:1.0000]
 24.0000: (GO-IN HOIST2 LOADAREA DEPOT1-2-3) [D:1.0000; C:1.0000]
 24.0000: (GO-OUT HOIST0 DEPOT0-2-2 LOADAREA) [D:1.0000; C:1.0000]
 25.0000: (DROP HOIST2 CRATE3 DEPOT1-2-2 DEPOT1-2-3 DEPOT1) [D:1.0000; C:1.0000]
 26.0000: (GO-OUT HOIST2 DEPOT1-2-3 LOADAREA) [D:1.0000; C:1.0000]
 27.0000: (LIFT HOIST2 CRATE4 CONTAINER-1-0 LOADAREA CONTAINER1) [D:1.0000; C:1.0000]
 27.0000: (GO-IN HOIST0 LOADAREA DEPOT1-2-3) [D:1.0000; C:1.0000]
 28.0000: (GO-OUT HOIST0 DEPOT1-2-3 LOADAREA) [D:1.0000; C:1.0000]
 29.0000: (DROP HOIST2 CRATE4 DEPOT1-2-3 LOADAREA DEPOT1) [D:1.0000; C:1.0000]
 29.0000: (LIFT HOIST0 CRATE5 CONTAINER-1-1 LOADAREA CONTAINER1) [D:1.0000; C:1.0000]
 30.0000: (DROP HOIST0 CRATE5 CONTAINER-0-2 LOADAREA CONTAINER0) [D:1.0000; C:1.0000]
 31.0000: (LIFT HOIST2 CRATE5 CONTAINER-0-2 LOADAREA CONTAINER0) [D:1.0000; C:1.0000]
 31.0000: (LIFT HOIST0 CRATE4 DEPOT1-2-3 LOADAREA DEPOT1) [D:1.0000; C:1.0000]
 32.0000: (DROP HOIST0 CRATE4 DEPOT1-2-3 LOADAREA DEPOT1) [D:1.0000; C:1.0000]
 33.0000: (LIFT HOIST0 CRATE4 DEPOT1-2-3 LOADAREA DEPOT1) [D:1.0000; C:1.0000]
 34.0000: (DROP HOIST0 CRATE4 DEPOT1-2-3 LOADAREA DEPOT1) [D:1.0000; C:1.0000]
 35.0000: (LIFT HOIST0 CRATE4 DEPOT1-2-3 LOADAREA DEPOT1) [D:1.0000; C:1.0000]
 36.0000: (DROP HOIST0 CRATE4 DEPOT1-2-3 LOADAREA DEPOT1) [D:1.0000; C:1.0000]
 37.0000: (LIFT HOIST0 CRATE4 DEPOT1-2-3 LOADAREA DEPOT1) [D:1.0000; C:1.0000]
 38.0000: (DROP HOIST0 CRATE4 DEPOT1-2-3 LOADAREA DEPOT1) [D:1.0000; C:1.0000]
 39.0000: (LIFT HOIST0 CRATE4 DEPOT1-2-3 LOADAREA DEPOT1) [D:1.0000; C:1.0000]
 40.0000: (DROP HOIST0 CRATE4 DEPOT1-2-3 LOADAREA DEPOT1) [D:1.0000; C:1.0000]
 41.0000: (LIFT HOIST0 CRATE4 DEPOT1-2-3 LOADAREA DEPOT1) [D:1.0000; C:1.0000]
 42.0000: (DROP HOIST0 CRATE4 DEPOT1-2-3 LOADAREA DEPOT1) [D:1.0000; C:1.0000]
 43.0000: (LIFT HOIST0 CRATE4 DEPOT1-2-3 LOADAREA DEPOT1) [D:1.0000; C:1.0000]
 44.0000: (DROP HOIST0 CRATE4 DEPOT1-2-3 LOADAREA DEPOT1) [D:1.0000; C:1.0000]
 45.0000: (LIFT HOIST0 CRATE4 DEPOT1-2-3 LOADAREA DEPOT1) [D:1.0000; C:1.0000]
 46.0000: (DROP HOIST0 CRATE4 DEPOT1-2-3 LOADAREA DEPOT1) [D:1.0000; C:1.0000]
 47.0000: (LIFT HOIST0 CRATE4 DEPOT1-2-3 LOADAREA DEPOT1) [D:1.0000; C:1.0000]
 48.0000: (DROP HOIST0 CRATE4 DEPOT1-2-3 LOADAREA DEPOT1) [D:1.0000; C:1.0000]
 49.0000: (LIFT HOIST0 CRATE4 DEPOT1-2-3 LOADAREA DEPOT1) [D:1.0000; C:1.0000]
 50.0000: (DROP HOIST0 CRATE4 DEPOT1-2-3 LOADAREA DEPOT1) [D:1.0000; C:1.0000]
 51.0000: (LIFT HOIST0 CRATE4 DEPOT1-2-3 LOADAREA DEPOT1) [D:1.0000; C:1.0000]
 52.0000: (DROP HOIST0 CRATE4 DEPOT1-2-3 LOADAREA DEPOT1) [D:1.0000; C:1.0000]
 53.0000: (LIFT HOIST0 CRATE4 DEPOT1-2-3 LOADAREA DEPOT1) [D:1.0000; C:1.0000]
 54.0000: (DROP HOIST0 CRATE4 DEPOT1-2-3 LOADAREA DEPOT1) [D:1.0000; C:1.0000]
 55.0000: (LIFT HOIST0 CRATE4 DEPOT1-2-3 LOADAREA DEPOT1) [D:1.0000; C:1.0000]
 56.0000: (DROP HOIST0 CRATE4 DEPOT1-2-3 LOADAREA DEPOT1) [D:1.0000; C:1.0000]
 57.0000: (LIFT HOIST0 CRATE4 DEPOT1-2-3 LOADAREA DEPOT1) [D:1.0000; C:1.0000]
 58.0000: (DROP HOIST0 CRATE4 DEPOT1-2-3 LOADAREA DEPOT1) [D:1.0000; C:1.0000]
 59.0000: (LIFT HOIST0 CRATE4 DEPOT1-2-3 LOADAREA DEPOT1) [D:1.0000; C:1.0000]
 60.0000: (DROP HOIST0 CRATE4 DEPOT1-2-3 LOADAREA DEPOT1) [D:1.0000; C:1.0000]
 61.0000: (LIFT HOIST0 CRATE4 DEPOT1-2-3 LOADAREA DEPOT1) [D:1.0000; C:1.0000]
 62.0000: (DROP HOIST0 CRATE4 DEPOT1-2-3 LOADAREA DEPOT1) [D:1.0000; C:1.0000]
 63.0000: (LIFT HOIST0 CRATE4 DEPOT1-2-3 LOADAREA DEPOT1) [D:1.0000; C:1.0000]
 64.0000: (DROP HOIST0 CRATE4 DEPOT1-2-3 LOADAREA DEPOT1) [D:1.0000; C:1.0000]
 65.0000: (LIFT HOIST0 CRATE4 DEPOT1-2-3 LOADAREA DEPOT1) [D:1.0000; C:1.0000]
 66.0000: (DROP HOIST0 CRATE4 DEPOT1-2-3 LOADAREA DEPOT1) [D:1.0000; C:1.0000]
 67.0000: (LIFT HOIST0 CRATE4 DEPOT1-2-3 LOADAREA DEPOT1) [D:1.0000; C:1.0000]
 68.0000: (DROP HOIST0 CRATE4 DEPOT1-2-3 LOADAREA DEPOT1) [D:1.0000; C:1.0000]
 69.0000: (LIFT HOIST0 CRATE4 DEPOT1-2-3 LOADAREA DEPOT1) [D:1.0000; C:1.0000]
 70.0000: (DROP HOIST0 CRATE4 DEPOT1-2-3 LOADAREA DEPOT1) [D:1.0000; C:1.0000]
 71.0000: (LIFT HOIST0 CRATE4 DEPOT1-2-3 LOADAREA DEPOT1) [D:1.0000; C:1.0000]
 72.0000: (DROP HOIST0 CRATE4 DEPOT1-2-3 LOADAREA DEPOT1) [D:1.0000; C:1.0000]
 73.0000: (LIFT HOIST0 CRATE4 DEPOT1-2-3 LOADAREA DEPOT1) [D:1.0000; C:1.0000]
 74.0000: (DROP HOIST0 CRATE4 DEPOT1-2-3 LOADAREA DEPOT1) [D:1.0000; C:1.0000]
 75.0000: (LIFT HOIST0 CRATE4 DEPOT1-2-3 LOADAREA DEPOT1) [D:1.0000; C:1.0000]
 76.0000: (DROP HOIST0 CRATE4 DEPOT1-2-3 LOADAREA DEPOT1) [D:1.0000; C:1.0000]
 77.0000: (LIFT HOIST0 CRATE4 DEPOT1-2-3 LOADAREA DEPOT1) [D:1.0000; C:1.0000]
 78.0000: (DROP HOIST0 CRATE4 DEPOT1-2-3 LOADAREA DEPOT1) [D:1.0000; C:1.0000]
 79.0000: (LIFT HOIST0 CRATE4 DEPOT1-2-3 LOADAREA DEPOT1) [D:1.0000; C:1.0000]
 80.0000: (DROP HOIST0 CRATE4 DEPOT1-2-3 LOADAREA DEPOT1) [D:1.0000; C:1.0000]
 81.0000: (LIFT HOIST0 CRATE4 DEPOT1-2-3 LOADAREA DEPOT1) [D:1.0000; C:1.0000]
 82.0000: (DROP HOIST0 CRATE4 DEPOT1-2-3 LOADAREA DEPOT1) [D:1.0000; C:1.0000]
 83.0000: (LIFT HOIST0 CRATE4 DEPOT1-2-3 LOADAREA DEPOT1) [D:1.0000; C:1.0000]
 84.0000: (DROP HOIST0 CRATE4 DEPOT1-2-3 LOADAREA DEPOT1) [D:1.0000; C:1.0000]
 85.0000: (LIFT HOIST0 CRATE4 DEPOT1-2-3 LOADAREA DEPOT1) [D:1.0000; C:1.0000]
 86.0000: (DROP HOIST0 CRATE4 DEPOT1-2-3 LOADAREA DEPOT1) [D:1.0000; C:1.0000]
 87.0000: (LIFT HOIST0 CRATE4 DEPOT1-2-3 LOADAREA DEPOT1) [D:1.0000; C:1.0000]
 88.0000: (DROP HOIST0 CRATE4 DEPOT1-2-3 LOADAREA DEPOT1) [D:1.0000; C:1.0000]
 89.0000: (LIFT HOIST0 CRATE4 DEPOT1-2-3 LOADAREA DEPOT1) [D:1.0000; C:1.0000]
 90.0000: (DROP HOIST0 CRATE4 DEPOT1-2-3 LOADAREA DEPOT1) [D:1.0000; C:1.0000]
 91.0000: (LIFT HOIST0 CRATE4 DEPOT1-2-3 LOADAREA DEPOT1) [D:1.0000; C:1.0000]
 92.0000: (DROP HOIST0 CRATE4 DEPOT1-2-3 LOADAREA DEPOT1) [D:1.0000; C:1.0000]
 93.0000: (LIFT HOIST0 CRATE4 DEPOT1-2-3 LOADAREA DEPOT1) [D:1.0000; C:1.0000]
 94.0000: (DROP HOIST0 CRATE4 DEPOT1-2-3 LOADAREA DEPOT1) [D:1.0000; C:1.0000]
 95.0000: (LIFT HOIST0 CRATE4 DEPOT1-2-3 LOADAREA DEPOT1) [D:1.0000; C:1.0000]
 96.0000: (DROP HOIST0 CRATE4 DEPOT1-2-3 LOADAREA DEPOT1) [D:1.0000; C:1.0000]
 97.0000: (LIFT HOIST0 CRATE4 DEPOT1-2-3 LOADAREA DEPOT1) [D:1.0000; C:1.0000]
 98.0000: (DROP HOIST0 CRATE4 DEPOT1-2-3 LOADAREA DEPOT1) [D:1.0000; C:1.0000]
 99.0000: (LIFT HOIST0 CRATE4 DEPOT1-2-3 LOADAREA DEPOT1) [D:1.0000; C:1.0000]
 100.0000: (DROP HOIST0 CRATE4 DEPOT1-2-3 LOADAREA DEPOT1) [D:1.0000; C:1.0000]
 101.0000: (LIFT HOIST0 CRATE4 DEPOT1-2-3 LOADAREA DEPOT1) [D:1.0000; C:1.0000]
 102.0000: (DROP HOIST0 CRATE4 DEPOT1-2-3 LOADAREA DEPOT1) [D:1.0000; C:1.0000]
 103.0000: (LIFT HOIST0 CRATE4 DEPOT1-2-3 LOADAREA DEPOT1) [D:1.0000; C:1.0000]
 104.0000: (DROP HOIST0 CRATE4 DEPOT1-2-3 LOADAREA DEPOT1) [D:1.0000; C:1.0000]
 105.0000: (LIFT HOIST0 CRATE4 DEPOT1-2-3 LOADAREA DEPOT1) [D:1.0000; C:1.0000]
 106.0000: (DROP HOIST0 CRATE4 DEPOT1-2-3 LOADAREA DEPOT1) [D:1.0000; C:1.0000]
 107.0000: (LIFT HOIST0 CRATE4 DEPOT1-2-3 LOADAREA DEPOT1) [D:1.0000; C:1.0000]
 108.0000: (DROP HOIST0 CRATE4 DEPOT1-2-3 LOADAREA DEPOT1) [D:1.0000; C:1.0000]
 109.0000: (LIFT HOIST0 CRATE4 DEPOT1-2-3 LOADAREA DEPOT1) [D:1.0000; C:1.0000]
 110.0000: (DROP HOIST0 CRATE4 DEPOT1-2-3 LOADAREA DEPOT1) [D:1.0000; C:1.0000]
 111.0000: (LIFT HOIST0 CRATE4 DEPOT1-2-3 LOADAREA DEPOT1) [D:1.0000; C:1.0000]
 112.0000: (DROP HOIST0 CRATE4 DEPOT1-2-3 LOADAREA DEPOT1) [D:1.0000; C:1.0000]
 113.0000: (LIFT HOIST0 CRATE4 DEPOT1-2-3 LOADAREA DEPOT1) [D:1.0000; C:1.0000]
 114.0000: (DROP HOIST0 CRATE4 DEPOT1-2-3 LOADAREA DEPOT1) [D:1.0000; C:1.0000]
 115.0000: (LIFT HOIST0 CRATE4 DEPOT1-2-3 LOADAREA DEPOT1) [D:1.0000; C:1.0000]
 116.0000: (DROP HOIST0 CRATE4 DEPOT1-2-3 LOADAREA DEPOT1) [D:1.0000; C:1.0000]
 117.0000: (LIFT HOIST0 CRATE4 DEPOT1-2-3 LOADAREA DEPOT1) [D:1.0000; C:1.0000]
 118.0000: (DROP HOIST0 CRATE4 DEPOT1-2-3 LOADAREA DEPOT1) [D:1.0000; C:1.0000]
 119.0000: (LIFT HOIST0 CRATE4 DEPOT1-2-3 LOADAREA DEPOT1) [D:1.0000; C:1.0000]
 120.0000: (DROP HOIST0 CRATE4 DEPOT1-2-3 LOADAREA DEPOT1) [D:1.0000; C:1.0000]
 121.0000: (LIFT HOIST0 CRATE4 DEPOT1-2-3 LOADAREA DEPOT1) [D:1.0000; C:1.0000]
 122.0000: (DROP HOIST0 CRATE4 DEPOT1-2-3 LOADAREA DEPOT1) [D:1.0000; C:1.0000]
 123.0000: (LIFT HOIST0 CRATE4 DEPOT1-2-3 LOADAREA DEPOT1) [D:1.0000; C:1.0000]
 124.0000: (DROP HOIST0 CRATE4 DEPOT1-2-3 LOADAREA DEPOT1) [D:1.0000; C:1.0000]
 125.0000: (LIFT HOIST0 CRATE4 DEPOT1-2-3 LOADAREA DEPOT1) [D:1.0000; C:1.0000]
 126.0000: (DROP HOIST0 CRATE4 DEPOT1-2-3 LOADAREA DEPOT1) [D:1.0000; C:1.0000]
 127.0000: (LIFT HOIST0 CRATE4 DEPOT1-2-3 LOADAREA DEPOT1) [D:1.0000; C:1.0000]
 128.0000: (DROP HOIST0 CRATE4 DEPOT1-2-3 LOADAREA DEPOT1) [D:1.0000; C:1.0000]
 129.0000: (LIFT HOIST0 CRATE4 DEPOT1-2-3 LOADAREA DEPOT1) [D:1.0000; C:1.0000]
 130.0000: (GO-IN HOIST0 LOADAREA DEPOT1-2-3) [D:1.0000; C:1.0000]
 131.0000: (MOVE HOIST0 DEPOT1-2-3 DEPOT1-1-3) [D:1.0000; C:1.0000]
 132.0000: (MOVE HOIST0 DEPOT1-1-3 DEPOT1-1-2) [D:1.0000; C:1.0000]
 132.0000: (DROP HOIST2 CRATE5 DEPOT1-2-3 LOADAREA DEPOT1) [D:1.0000; C:1.0000]
 133.0000: (DROP HOIST0 CRATE4 DEPOT1-1-1 DEPOT1-1-2 DEPOT1) [D:1.0000; C:1.0000]
 133.0000: (LIFT HOIST2 CRATE6 CONTAINER-1-2 LOADAREA CONTAINER1) [D:1.0000; C:1.0000]
 134.0000: (MOVE HOIST0 DEPOT1-1-2 DEPOT1-1-3) [D:1.0000; C:1.0000]
 135.0000: (LIFT HOIST0 CRATE5 DEPOT1-2-3 DEPOT1-1-3 DEPOT1) [D:1.0000; C:1.0000]
 136.0000: (DROP HOIST2 CRATE6 DEPOT1-2-3 LOADAREA DEPOT1) [D:1.0000; C:1.0000]
 136.0000: (DROP HOIST0 CRATE5 DEPOT1-1-4 DEPOT1-1-3 DEPOT1) [D:1.0000; C:1.0000]


Solution found:
Total time:      0.51
Search time:     0.42
Actions:         150
Execution cost:  150.00
Duration:        137.000
Plan quality:    150.000


Parsing domain file:  domain 'STORAGE-PROPOSITIONAL' defined ... done.
Parsing problem file:  problem 'STORAGE-18' defined ... done.



Modality: Fast Planner

Number of actions             :    2580
Number of conditional actions :       0
Number of facts               :     350


Analyzing Planning Problem:
	Temporal Planning Problem: NO
	Numeric Planning Problem: NO
	Problem with Timed Initial Litearals: NO
	Problem with Derived Predicates: NO

Evaluation function weights:
     Action duration 0.00; Action cost 1.00


Computing mutex... done

Preprocessing total time: 0.12 seconds

Searching ('.' = every 50 search steps):
........... solution found: 

Plan computed:
   Time: (ACTION) [action Duration; action Cost]
 0.0000: (MOVE HOIST1 DEPOT1-2-2 DEPOT1-2-3) [D:1.0000; C:1.0000]
 0.0000: (MOVE HOIST0 DEPOT0-1-1 DEPOT0-1-2) [D:1.0000; C:1.0000]
 1.0000: (GO-OUT HOIST1 DEPOT1-2-3 LOADAREA) [D:1.0000; C:1.0000]
 2.0000: (LIFT HOIST1 CRATE0 CONTAINER-0-0 LOADAREA CONTAINER0) [D:1.0000; C:1.0000]
 3.0000: (DROP HOIST1 CRATE0 DEPOT0-2-2 LOADAREA DEPOT0) [D:1.0000; C:1.0000]
 4.0000: (LIFT HOIST1 CRATE1 CONTAINER-0-1 LOADAREA CONTAINER0) [D:1.0000; C:1.0000]
 4.0000: (LIFT HOIST0 CRATE0 DEPOT0-2-2 DEPOT0-1-2 DEPOT0) [D:1.0000; C:1.0000]
 5.0000: (DROP HOIST1 CRATE1 DEPOT0-2-2 LOADAREA DEPOT0) [D:1.0000; C:1.0000]
 5.0000: (DROP HOIST0 CRATE0 DEPOT0-1-3 DEPOT0-1-2 DEPOT0) [D:1.0000; C:1.0000]
 6.0000: (LIFT HOIST1 CRATE2 CONTAINER-0-2 LOADAREA CONTAINER0) [D:1.0000; C:1.0000]
 6.0000: (LIFT HOIST0 CRATE1 DEPOT0-2-2 DEPOT0-1-2 DEPOT0) [D:1.0000; C:1.0000]
 7.0000: (DROP HOIST1 CRATE2 DEPOT0-2-2 LOADAREA DEPOT0) [D:1.0000; C:1.0000]
 7.0000: (DROP HOIST0 CRATE1 DEPOT0-1-1 DEPOT0-1-2 DEPOT0) [D:1.0000; C:1.0000]
 8.0000: (LIFT HOIST0 CRATE2 DEPOT0-2-2 DEPOT0-1-2 DEPOT0) [D:1.0000; C:1.0000]
 8.0000: (LIFT HOIST1 CRATE3 CONTAINER-0-3 LOADAREA CONTAINER0) [D:1.0000; C:1.0000]
 9.0000: (DROP HOIST0 CRATE2 DEPOT0-2-2 DEPOT0-1-2 DEPOT0) [D:1.0000; C:1.0000]
 10.0000: (LIFT HOIST0 CRATE2 DEPOT0-2-2 DEPOT0-1-2 DEPOT0) [D:1.0000; C:1.0000]
 11.0000: (DROP HOIST0 CRATE2 DEPOT0-2-2 DEPOT0-1-2 DEPOT0) [D:1.0000; C:1.0000]
 12.0000: (LIFT HOIST0 CRATE2 DEPOT0-2-2 DEPOT0-1-2 DEPOT0) [D:1.0000; C:1.0000]
 13.0000: (DROP HOIST0 CRATE2 DEPOT0-2-2 DEPOT0-1-2 DEPOT0) [D:1.0000; C:1.0000]
 14.0000: (LIFT HOIST0 CRATE2 DEPOT0-2-2 DEPOT0-1-2 DEPOT0) [D:1.0000; C:1.0000]
 15.0000: (DROP HOIST0 CRATE2 DEPOT0-2-2 DEPOT0-1-2 DEPOT0) [D:1.0000; C:1.0000]
 16.0000: (LIFT HOIST0 CRATE2 DEPOT0-2-2 DEPOT0-1-2 DEPOT0) [D:1.0000; C:1.0000]
 17.0000: (DROP HOIST0 CRATE2 DEPOT0-2-2 DEPOT0-1-2 DEPOT0) [D:1.0000; C:1.0000]
 18.0000: (LIFT HOIST0 CRATE2 DEPOT0-2-2 DEPOT0-1-2 DEPOT0) [D:1.0000; C:1.0000]
 19.0000: (DROP HOIST0 CRATE2 DEPOT0-2-2 DEPOT0-1-2 DEPOT0) [D:1.0000; C:1.0000]
 20.0000: (LIFT HOIST0 CRATE2 DEPOT0-2-2 DEPOT0-1-2 DEPOT0) [D:1.0000; C:1.0000]
 21.0000: (DROP HOIST0 CRATE2 DEPOT0-2-2 DEPOT0-1-2 DEPOT0) [D:1.0000; C:1.0000]
 22.0000: (LIFT HOIST0 CRATE2 DEPOT0-2-2 DEPOT0-1-2 DEPOT0) [D:1.0000; C:1.0000]
 23.0000: (DROP HOIST0 CRATE2 DEPOT0-2-2 DEPOT0-1-2 DEPOT0) [D:1.0000; C:1.0000]
 24.0000: (LIFT HOIST0 CRATE2 DEPOT0-2-2 DEPOT0-1-2 DEPOT0) [D:1.0000; C:1.0000]
 25.0000: (DROP HOIST0 CRATE2 DEPOT0-2-2 DEPOT0-1-2 DEPOT0) [D:1.0000; C:1.0000]
 26.0000: (LIFT HOIST0 CRATE2 DEPOT0-2-2 DEPOT0-1-2 DEPOT0) [D:1.0000; C:1.0000]
 27.0000: (DROP HOIST0 CRATE2 DEPOT0-2-2 DEPOT0-1-2 DEPOT0) [D:1.0000; C:1.0000]
 28.0000: (LIFT HOIST0 CRATE2 DEPOT0-2-2 DEPOT0-1-2 DEPOT0) [D:1.0000; C:1.0000]
 29.0000: (DROP HOIST0 CRATE2 DEPOT0-2-2 DEPOT0-1-2 DEPOT0) [D:1.0000; C:1.0000]
 30.0000: (LIFT HOIST0 CRATE2 DEPOT0-2-2 DEPOT0-1-2 DEPOT0) [D:1.0000; C:1.0000]
 31.0000: (DROP HOIST0 CRATE2 DEPOT0-2-2 DEPOT0-1-2 DEPOT0) [D:1.0000; C:1.0000]
 32.0000: (LIFT HOIST0 CRATE2 DEPOT0-2-2 DEPOT0-1-2 DEPOT0) [D:1.0000; C:1.0000]
 33.0000: (DROP HOIST0 CRATE2 DEPOT0-2-2 DEPOT0-1-2 DEPOT0) [D:1.0000; C:1.0000]
 34.0000: (LIFT HOIST0 CRATE2 DEPOT0-2-2 DEPOT0-1-2 DEPOT0) [D:1.0000; C:1.0000]
 35.0000: (DROP HOIST0 CRATE2 DEPOT0-2-2 DEPOT0-1-2 DEPOT0) [D:1.0000; C:1.0000]
 36.0000: (LIFT HOIST0 CRATE2 DEPOT0-2-2 DEPOT0-1-2 DEPOT0) [D:1.0000; C:1.0000]
 37.0000: (DROP HOIST0 CRATE2 DEPOT0-2-2 DEPOT0-1-2 DEPOT0) [D:1.0000; C:1.0000]
 38.0000: (LIFT HOIST0 CRATE2 DEPOT0-2-2 DEPOT0-1-2 DEPOT0) [D:1.0000; C:1.0000]
 39.0000: (DROP HOIST0 CRATE2 DEPOT0-2-2 DEPOT0-1-2 DEPOT0) [D:1.0000; C:1.0000]
 40.0000: (LIFT HOIST0 CRATE2 DEPOT0-2-2 DEPOT0-1-2 DEPOT0) [D:1.0000; C:1.0000]
 41.0000: (DROP HOIST0 CRATE2 DEPOT0-2-2 DEPOT0-1-2 DEPOT0) [D:1.0000; C:1.0000]
 42.0000: (LIFT HOIST0 CRATE2 DEPOT0-2-2 DEPOT0-1-2 DEPOT0) [D:1.0000; C:1.0000]
 43.0000: (DROP HOIST0 CRATE2 DEPOT0-2-2 DEPOT0-1-2 DEPOT0) [D:1.0000; C:1.0000]
 44.0000: (LIFT HOIST0 CRATE2 DEPOT0-2-2 DEPOT0-1-2 DEPOT0) [D:1.0000; C:1.0000]
 45.0000: (DROP HOIST0 CRATE2 DEPOT0-2-2 DEPOT0-1-2 DEPOT0) [D:1.0000; C:1.0000]
 46.0000: (LIFT HOIST0 CRATE2 DEPOT0-2-2 DEPOT0-1-2 DEPOT0) [D:1.0000; C:1.0000]
 47.0000: (DROP HOIST0 CRATE2 DEPOT0-2-2 DEPOT0-1-2 DEPOT0) [D:1.0000; C:1.0000]
 48.0000: (LIFT HOIST0 CRATE2 DEPOT0-2-2 DEPOT0-1-2 DEPOT0) [D:1.0000; C:1.0000]
 49.0000: (DROP HOIST0 CRATE2 DEPOT0-2-2 DEPOT0-1-2 DEPOT0) [D:1.0000; C:1.0000]
 50.0000: (LIFT HOIST0 CRATE2 DEPOT0-2-2 DEPOT0-1-2 DEPOT0) [D:1.0000; C:1.0000]
 51.0000: (DROP HOIST0 CRATE2 DEPOT0-2-2 DEPOT0-1-2 DEPOT0) [D:1.0000; C:1.0000]
 52.0000: (LIFT HOIST0 CRATE2 DEPOT0-2-2 DEPOT0-1-2 DEPOT0) [D:1.0000; C:1.0000]
 53.0000: (DROP HOIST0 CRATE2 DEPOT0-2-2 DEPOT0-1-2 DEPOT0) [D:1.0000; C:1.0000]
 54.0000: (LIFT HOIST0 CRATE2 DEPOT0-2-2 DEPOT0-1-2 DEPOT0) [D:1.0000; C:1.0000]
 55.0000: (DROP HOIST0 CRATE2 DEPOT0-2-2 DEPOT0-1-2 DEPOT0) [D:1.0000; C:1.0000]
 56.0000: (LIFT HOIST0 CRATE2 DEPOT0-2-2 DEPOT0-1-2 DEPOT0) [D:1.0000; C:1.0000]
 57.0000: (DROP HOIST0 CRATE2 DEPOT0-2-2 DEPOT0-1-2 DEPOT0) [D:1.0000; C:1.0000]
 58.0000: (LIFT HOIST0 CRATE2 DEPOT0-2-2 DEPOT0-1-2 DEPOT0) [D:1.0000; C:1.0000]
 59.0000: (DROP HOIST0 CRATE2 DEPOT0-2-2 DEPOT0-1-2 DEPOT0) [D:1.0000; C:1.0000]
 60.0000: (LIFT HOIST0 CRATE2 DEPOT0-2-2 DEPOT0-1-2 DEPOT0) [D:1.0000; C:1.0000]
 61.0000: (DROP HOIST0 CRATE2 DEPOT0-2-2 DEPOT0-1-2 DEPOT0) [D:1.0000; C:1.0000]
 62.0000: (LIFT HOIST0 CRATE2 DEPOT0-2-2 DEPOT0-1-2 DEPOT0) [D:1.0000; C:1.0000]
 63.0000: (DROP HOIST0 CRATE2 DEPOT0-2-2 DEPOT0-1-2 DEPOT0) [D:1.0000; C:1.0000]
 64.0000: (LIFT HOIST0 CRATE2 DEPOT0-2-2 DEPOT0-1-2 DEPOT0) [D:1.0000; C:1.0000]
 65.0000: (DROP HOIST0 CRATE2 DEPOT0-2-2 DEPOT0-1-2 DEPOT0) [D:1.0000; C:1.0000]
 66.0000: (LIFT HOIST0 CRATE2 DEPOT0-2-2 DEPOT0-1-2 DEPOT0) [D:1.0000; C:1.0000]
 67.0000: (DROP HOIST0 CRATE2 DEPOT0-2-2 DEPOT0-1-2 DEPOT0) [D:1.0000; C:1.0000]
 68.0000: (LIFT HOIST0 CRATE2 DEPOT0-2-2 DEPOT0-1-2 DEPOT0) [D:1.0000; C:1.0000]
 69.0000: (DROP HOIST0 CRATE2 DEPOT0-2-2 DEPOT0-1-2 DEPOT0) [D:1.0000; C:1.0000]
 70.0000: (LIFT HOIST0 CRATE2 DEPOT0-2-2 DEPOT0-1-2 DEPOT0) [D:1.0000; C:1.0000]
 71.0000: (DROP HOIST0 CRATE2 DEPOT0-2-2 DEPOT0-1-2 DEPOT0) [D:1.0000; C:1.0000]
 72.0000: (LIFT HOIST0 CRATE2 DEPOT0-2-2 DEPOT0-1-2 DEPOT0) [D:1.0000; C:1.0000]
 73.0000: (DROP HOIST0 CRATE2 DEPOT0-2-2 DEPOT0-1-2 DEPOT0) [D:1.0000; C:1.0000]
 74.0000: (LIFT HOIST0 CRATE2 DEPOT0-2-2 DEPOT0-1-2 DEPOT0) [D:1.0000; C:1.0000]
 75.0000: (DROP HOIST0 CRATE2 DEPOT0-2-2 DEPOT0-1-2 DEPOT0) [D:1.0000; C:1.0000]
 76.0000: (LIFT HOIST0 CRATE2 DEPOT0-2-2 DEPOT0-1-2 DEPOT0) [D:1.0000; C:1.0000]
 77.0000: (DROP HOIST0 CRATE2 DEPOT0-2-2 DEPOT0-1-2 DEPOT0) [D:1.0000; C:1.0000]
 78.0000: (LIFT HOIST0 CRATE2 DEPOT0-2-2 DEPOT0-1-2 DEPOT0) [D:1.0000; C:1.0000]
 79.0000: (DROP HOIST0 CRATE2 DEPOT0-2-2 DEPOT0-1-2 DEPOT0) [D:1.0000; C:1.0000]
 80.0000: (LIFT HOIST0 CRATE2 DEPOT0-2-2 DEPOT0-1-2 DEPOT0) [D:1.0000; C:1.0000]
 81.0000: (DROP HOIST0 CRATE2 DEPOT0-2-2 DEPOT0-1-2 DEPOT0) [D:1.0000; C:1.0000]
 82.0000: (LIFT HOIST0 CRATE2 DEPOT0-2-2 DEPOT0-1-2 DEPOT0) [D:1.0000; C:1.0000]
 83.0000: (DROP HOIST0 CRATE2 DEPOT0-2-2 DEPOT0-1-2 DEPOT0) [D:1.0000; C:1.0000]
 84.0000: (LIFT HOIST0 CRATE2 DEPOT0-2-2 DEPOT0-1-2 DEPOT0) [D:1.0000; C:1.0000]
 85.0000: (DROP HOIST0 CRATE2 DEPOT0-2-2 DEPOT0-1-2 DEPOT0) [D:1.0000; C:1.0000]
 86.0000: (LIFT HOIST0 CRATE2 DEPOT0-2-2 DEPOT0-1-2 DEPOT0) [D:1.0000; C:1.0000]
 87.0000: (DROP HOIST0 CRATE2 DEPOT0-2-2 DEPOT0-1-2 DEPOT0) [D:1.0000; C:1.0000]
 88.0000: (LIFT HOIST0 CRATE2 DEPOT0-2-2 DEPOT0-1-2 DEPOT0) [D:1.0000; C:1.0000]
 89.0000: (DROP HOIST0 CRATE2 DEPOT0-2-2 DEPOT0-1-2 DEPOT0) [D:1.0000; C:1.0000]
 90.0000: (LIFT HOIST0 CRATE2 DEPOT0-2-2 DEPOT0-1-2 DEPOT0) [D:1.0000; C:1.0000]
 91.0000: (DROP HOIST0 CRATE2 DEPOT0-2-2 DEPOT0-1-2 DEPOT0) [D:1.0000; C:1.0000]
 92.0000: (LIFT HOIST0 CRATE2 DEPOT0-2-2 DEPOT0-1-2 DEPOT0) [D:1.0000; C:1.0000]
 93.0000: (DROP HOIST0 CRATE2 DEPOT0-2-2 DEPOT0-1-2 DEPOT0) [D:1.0000; C:1.0000]
 94.0000: (LIFT HOIST0 CRATE2 DEPOT0-2-2 DEPOT0-1-2 DEPOT0) [D:1.0000; C:1.0000]
 95.0000: (DROP HOIST0 CRATE2 DEPOT0-2-2 DEPOT0-1-2 DEPOT0) [D:1.0000; C:1.0000]
 96.0000: (LIFT HOIST0 CRATE2 DEPOT0-2-2 DEPOT0-1-2 DEPOT0) [D:1.0000; C:1.0000]
 97.0000: (DROP HOIST0 CRATE2 DEPOT0-2-2 DEPOT0-1-2 DEPOT0) [D:1.0000; C:1.0000]
 98.0000: (LIFT HOIST0 CRATE2 DEPOT0-2-2 DEPOT0-1-2 DEPOT0) [D:1.0000; C:1.0000]
 99.0000: (DROP HOIST0 CRATE2 DEPOT0-2-2 DEPOT0-1-2 DEPOT0) [D:1.0000; C:1.0000]
 100.0000: (LIFT HOIST0 CRATE2 DEPOT0-2-2 DEPOT0-1-2 DEPOT0) [D:1.0000; C:1.0000]
 101.0000: (DROP HOIST0 CRATE2 DEPOT0-2-2 DEPOT0-1-2 DEPOT0) [D:1.0000; C:1.0000]
 102.0000: (LIFT HOIST0 CRATE2 DEPOT0-2-2 DEPOT0-1-2 DEPOT0) [D:1.0000; C:1.0000]
 103.0000: (DROP HOIST0 CRATE2 DEPOT0-2-2 DEPOT0-1-2 DEPOT0) [D:1.0000; C:1.0000]
 104.0000: (LIFT HOIST0 CRATE2 DEPOT0-2-2 DEPOT0-1-2 DEPOT0) [D:1.0000; C:1.0000]
 105.0000: (DROP HOIST0 CRATE2 DEPOT0-2-2 DEPOT0-1-2 DEPOT0) [D:1.0000; C:1.0000]
 106.0000: (LIFT HOIST0 CRATE2 DEPOT0-2-2 DEPOT0-1-2 DEPOT0) [D:1.0000; C:1.0000]
 107.0000: (DROP HOIST0 CRATE2 DEPOT0-2-2 DEPOT0-1-2 DEPOT0) [D:1.0000; C:1.0000]
 108.0000: (LIFT HOIST0 CRATE2 DEPOT0-2-2 DEPOT0-1-2 DEPOT0) [D:1.0000; C:1.0000]
 109.0000: (DROP HOIST0 CRATE2 DEPOT0-2-2 DEPOT0-1-2 DEPOT0) [D:1.0000; C:1.0000]
 110.0000: (LIFT HOIST0 CRATE2 DEPOT0-2-2 DEPOT0-1-2 DEPOT0) [D:1.0000; C:1.0000]
 111.0000: (DROP HOIST0 CRATE2 DEPOT0-2-2 DEPOT0-1-2 DEPOT0) [D:1.0000; C:1.0000]
 112.0000: (LIFT HOIST0 CRATE2 DEPOT0-2-2 DEPOT0-1-2 DEPOT0) [D:1.0000; C:1.0000]
 113.0000: (DROP HOIST0 CRATE2 DEPOT0-2-2 DEPOT0-1-2 DEPOT0) [D:1.0000; C:1.0000]
 114.0000: (LIFT HOIST0 CRATE2 DEPOT0-2-2 DEPOT0-1-2 DEPOT0) [D:1.0000; C:1.0000]
 115.0000: (MOVE HOIST0 DEPOT0-1-2 DEPOT0-2-2) [D:1.0000; C:1.0000]
 116.0000: (GO-OUT HOIST0 DEPOT0-2-2 LOADAREA) [D:1.0000; C:1.0000]
 117.0000: (DROP HOIST0 CRATE2 DEPOT0-2-2 LOADAREA DEPOT0) [D:1.0000; C:1.0000]
 118.0000: (LIFT HOIST0 CRATE2 DEPOT0-2-2 LOADAREA DEPOT0) [D:1.0000; C:1.0000]
 119.0000: (DROP HOIST0 CRATE2 DEPOT0-2-2 LOADAREA DEPOT0) [D:1.0000; C:1.0000]
 120.0000: (LIFT HOIST0 CRATE2 DEPOT0-2-2 LOADAREA DEPOT0) [D:1.0000; C:1.0000]
 121.0000: (DROP HOIST0 CRATE2 DEPOT0-2-2 LOADAREA DEPOT0) [D:1.0000; C:1.0000]
 122.0000: (LIFT HOIST0 CRATE2 DEPOT0-2-2 LOADAREA DEPOT0) [D:1.0000; C:1.0000]
 123.0000: (DROP HOIST0 CRATE2 DEPOT0-2-2 LOADAREA DEPOT0) [D:1.0000; C:1.0000]
 124.0000: (LIFT HOIST0 CRATE2 DEPOT0-2-2 LOADAREA DEPOT0) [D:1.0000; C:1.0000]
 125.0000: (DROP HOIST0 CRATE2 DEPOT0-2-2 LOADAREA DEPOT0) [D:1.0000; C:1.0000]
 126.0000: (LIFT HOIST0 CRATE2 DEPOT0-2-2 LOADAREA DEPOT0) [D:1.0000; C:1.0000]
 127.0000: (DROP HOIST0 CRATE2 DEPOT0-2-2 LOADAREA DEPOT0) [D:1.0000; C:1.0000]
 128.0000: (LIFT HOIST0 CRATE2 DEPOT0-2-2 LOADAREA DEPOT0) [D:1.0000; C:1.0000]
 129.0000: (DROP HOIST0 CRATE2 DEPOT0-2-2 LOADAREA DEPOT0) [D:1.0000; C:1.0000]
 130.0000: (LIFT HOIST0 CRATE2 DEPOT0-2-2 LOADAREA DEPOT0) [D:1.0000; C:1.0000]
 131.0000: (DROP HOIST0 CRATE2 DEPOT0-2-2 LOADAREA DEPOT0) [D:1.0000; C:1.0000]
 132.0000: (LIFT HOIST0 CRATE2 DEPOT0-2-2 LOADAREA DEPOT0) [D:1.0000; C:1.0000]
 133.0000: (DROP HOIST0 CRATE2 DEPOT0-2-2 LOADAREA DEPOT0) [D:1.0000; C:1.0000]
 134.0000: (LIFT HOIST0 CRATE2 DEPOT0-2-2 LOADAREA DEPOT0) [D:1.0000; C:1.0000]
 135.0000: (DROP HOIST0 CRATE2 DEPOT0-2-2 LOADAREA DEPOT0) [D:1.0000; C:1.0000]
 136.0000: (LIFT HOIST0 CRATE2 DEPOT0-2-2 LOADAREA DEPOT0) [D:1.0000; C:1.0000]
 137.0000: (DROP HOIST0 CRATE2 DEPOT0-2-2 LOADAREA DEPOT0) [D:1.0000; C:1.0000]
 138.0000: (LIFT HOIST0 CRATE2 DEPOT0-2-2 LOADAREA DEPOT0) [D:1.0000; C:1.0000]
 139.0000: (DROP HOIST0 CRATE2 DEPOT0-2-2 LOADAREA DEPOT0) [D:1.0000; C:1.0000]
 140.0000: (LIFT HOIST0 CRATE2 DEPOT0-2-2 LOADAREA DEPOT0) [D:1.0000; C:1.0000]
 141.0000: (DROP HOIST0 CRATE2 DEPOT0-2-2 LOADAREA DEPOT0) [D:1.0000; C:1.0000]
 142.0000: (LIFT HOIST0 CRATE2 DEPOT0-2-2 LOADAREA DEPOT0) [D:1.0000; C:1.0000]
 143.0000: (DROP HOIST0 CRATE2 DEPOT0-2-2 LOADAREA DEPOT0) [D:1.0000; C:1.0000]
 144.0000: (LIFT HOIST0 CRATE2 DEPOT0-2-2 LOADAREA DEPOT0) [D:1.0000; C:1.0000]
 145.0000: (DROP HOIST0 CRATE2 DEPOT0-2-2 LOADAREA DEPOT0) [D:1.0000; C:1.0000]
 146.0000: (LIFT HOIST0 CRATE2 DEPOT0-2-2 LOADAREA DEPOT0) [D:1.0000; C:1.0000]
 147.0000: (DROP HOIST0 CRATE2 DEPOT0-2-2 LOADAREA DEPOT0) [D:1.0000; C:1.0000]
 148.0000: (LIFT HOIST0 CRATE2 DEPOT0-2-2 LOADAREA DEPOT0) [D:1.0000; C:1.0000]
 149.0000: (DROP HOIST0 CRATE2 DEPOT0-2-2 LOADAREA DEPOT0) [D:1.0000; C:1.0000]
 150.0000: (LIFT HOIST0 CRATE2 DEPOT0-2-2 LOADAREA DEPOT0) [D:1.0000; C:1.0000]
 151.0000: (DROP HOIST0 CRATE2 DEPOT0-2-2 LOADAREA DEPOT0) [D:1.0000; C:1.0000]
 152.0000: (LIFT HOIST0 CRATE2 DEPOT0-2-2 LOADAREA DEPOT0) [D:1.0000; C:1.0000]
 153.0000: (DROP HOIST0 CRATE2 DEPOT0-2-2 LOADAREA DEPOT0) [D:1.0000; C:1.0000]
 154.0000: (LIFT HOIST0 CRATE2 DEPOT0-2-2 LOADAREA DEPOT0) [D:1.0000; C:1.0000]
 155.0000: (DROP HOIST0 CRATE2 DEPOT0-2-2 LOADAREA DEPOT0) [D:1.0000; C:1.0000]
 156.0000: (LIFT HOIST0 CRATE2 DEPOT0-2-2 LOADAREA DEPOT0) [D:1.0000; C:1.0000]
 157.0000: (DROP HOIST0 CRATE2 DEPOT0-2-2 LOADAREA DEPOT0) [D:1.0000; C:1.0000]
 158.0000: (LIFT HOIST0 CRATE2 DEPOT0-2-2 LOADAREA DEPOT0) [D:1.0000; C:1.0000]
 159.0000: (DROP HOIST0 CRATE2 DEPOT0-2-2 LOADAREA DEPOT0) [D:1.0000; C:1.0000]
 160.0000: (LIFT HOIST0 CRATE2 DEPOT0-2-2 LOADAREA DEPOT0) [D:1.0000; C:1.0000]
 161.0000: (DROP HOIST0 CRATE2 DEPOT0-2-2 LOADAREA DEPOT0) [D:1.0000; C:1.0000]
 162.0000: (LIFT HOIST0 CRATE2 DEPOT0-2-2 LOADAREA DEPOT0) [D:1.0000; C:1.0000]
 163.0000: (DROP HOIST0 CRATE2 DEPOT0-2-2 LOADAREA DEPOT0) [D:1.0000; C:1.0000]
 164.0000: (LIFT HOIST0 CRATE2 DEPOT0-2-2 LOADAREA DEPOT0) [D:1.0000; C:1.0000]
 165.0000: (DROP HOIST0 CRATE2 DEPOT0-2-2 LOADAREA DEPOT0) [D:1.0000; C:1.0000]
 166.0000: (LIFT HOIST0 CRATE2 DEPOT0-2-2 LOADAREA DEPOT0) [D:1.0000; C:1.0000]
 167.0000: (DROP HOIST0 CRATE2 DEPOT0-2-2 LOADAREA DEPOT0) [D:1.0000; C:1.0000]
 168.0000: (LIFT HOIST0 CRATE2 DEPOT0-2-2 LOADAREA DEPOT0) [D:1.0000; C:1.0000]
 169.0000: (DROP HOIST0 CRATE2 DEPOT0-2-2 LOADAREA DEPOT0) [D:1.0000; C:1.0000]
 170.0000: (LIFT HOIST0 CRATE2 DEPOT0-2-2 LOADAREA DEPOT0) [D:1.0000; C:1.0000]
 171.0000: (DROP HOIST0 CRATE2 DEPOT0-2-2 LOADAREA DEPOT0) [D:1.0000; C:1.0000]
 172.0000: (LIFT HOIST0 CRATE2 DEPOT0-2-2 LOADAREA DEPOT0) [D:1.0000; C:1.0000]
 173.0000: (DROP HOIST0 CRATE2 DEPOT0-2-2 LOADAREA DEPOT0) [D:1.0000; C:1.0000]
 174.0000: (LIFT HOIST0 CRATE2 DEPOT0-2-2 LOADAREA DEPOT0) [D:1.0000; C:1.0000]
 175.0000: (DROP HOIST0 CRATE2 DEPOT0-2-2 LOADAREA DEPOT0) [D:1.0000; C:1.0000]
 176.0000: (LIFT HOIST0 CRATE2 DEPOT0-2-2 LOADAREA DEPOT0) [D:1.0000; C:1.0000]
 177.0000: (DROP HOIST0 CRATE2 DEPOT0-2-2 LOADAREA DEPOT0) [D:1.0000; C:1.0000]
 178.0000: (LIFT HOIST0 CRATE2 DEPOT0-2-2 LOADAREA DEPOT0) [D:1.0000; C:1.0000]
 179.0000: (DROP HOIST0 CRATE2 DEPOT0-2-2 LOADAREA DEPOT0) [D:1.0000; C:1.0000]
 180.0000: (LIFT HOIST0 CRATE2 DEPOT0-2-2 LOADAREA DEPOT0) [D:1.0000; C:1.0000]
 181.0000: (DROP HOIST0 CRATE2 DEPOT0-2-2 LOADAREA DEPOT0) [D:1.0000; C:1.0000]
 182.0000: (LIFT HOIST0 CRATE2 DEPOT0-2-2 LOADAREA DEPOT0) [D:1.0000; C:1.0000]
 183.0000: (DROP HOIST0 CRATE2 DEPOT0-2-2 LOADAREA DEPOT0) [D:1.0000; C:1.0000]
 184.0000: (LIFT HOIST0 CRATE2 DEPOT0-2-2 LOADAREA DEPOT0) [D:1.0000; C:1.0000]
 185.0000: (DROP HOIST0 CRATE2 DEPOT0-2-2 LOADAREA DEPOT0) [D:1.0000; C:1.0000]
 186.0000: (LIFT HOIST0 CRATE2 DEPOT0-2-2 LOADAREA DEPOT0) [D:1.0000; C:1.0000]
 187.0000: (DROP HOIST0 CRATE2 DEPOT0-2-2 LOADAREA DEPOT0) [D:1.0000; C:1.0000]
 188.0000: (LIFT HOIST0 CRATE2 DEPOT0-2-2 LOADAREA DEPOT0) [D:1.0000; C:1.0000]
 189.0000: (DROP HOIST0 CRATE2 DEPOT0-2-2 LOADAREA DEPOT0) [D:1.0000; C:1.0000]
 190.0000: (LIFT HOIST0 CRATE2 DEPOT0-2-2 LOADAREA DEPOT0) [D:1.0000; C:1.0000]
 191.0000: (DROP HOIST0 CRATE2 DEPOT0-2-2 LOADAREA DEPOT0) [D:1.0000; C:1.0000]
 192.0000: (LIFT HOIST0 CRATE2 DEPOT0-2-2 LOADAREA DEPOT0) [D:1.0000; C:1.0000]
 193.0000: (DROP HOIST0 CRATE2 DEPOT0-2-2 LOADAREA DEPOT0) [D:1.0000; C:1.0000]
 194.0000: (LIFT HOIST0 CRATE2 DEPOT0-2-2 LOADAREA DEPOT0) [D:1.0000; C:1.0000]
 195.0000: (DROP HOIST0 CRATE2 DEPOT0-2-2 LOADAREA DEPOT0) [D:1.0000; C:1.0000]
 196.0000: (LIFT HOIST0 CRATE2 DEPOT0-2-2 LOADAREA DEPOT0) [D:1.0000; C:1.0000]
 197.0000: (DROP HOIST0 CRATE2 DEPOT0-2-2 LOADAREA DEPOT0) [D:1.0000; C:1.0000]
 198.0000: (LIFT HOIST0 CRATE2 DEPOT0-2-2 LOADAREA DEPOT0) [D:1.0000; C:1.0000]
 199.0000: (DROP HOIST0 CRATE2 DEPOT0-2-2 LOADAREA DEPOT0) [D:1.0000; C:1.0000]
 200.0000: (LIFT HOIST0 CRATE2 DEPOT0-2-2 LOADAREA DEPOT0) [D:1.0000; C:1.0000]
 201.0000: (DROP HOIST0 CRATE2 DEPOT0-2-2 LOADAREA DEPOT0) [D:1.0000; C:1.0000]
 202.0000: (LIFT HOIST0 CRATE2 DEPOT0-2-2 LOADAREA DEPOT0) [D:1.0000; C:1.0000]
 203.0000: (DROP HOIST0 CRATE2 DEPOT0-2-2 LOADAREA DEPOT0) [D:1.0000; C:1.0000]
 204.0000: (LIFT HOIST0 CRATE2 DEPOT0-2-2 LOADAREA DEPOT0) [D:1.0000; C:1.0000]
 205.0000: (DROP HOIST0 CRATE2 DEPOT0-2-2 LOADAREA DEPOT0) [D:1.0000; C:1.0000]
 206.0000: (LIFT HOIST0 CRATE2 DEPOT0-2-2 LOADAREA DEPOT0) [D:1.0000; C:1.0000]
 207.0000: (DROP HOIST0 CRATE2 DEPOT0-2-2 LOADAREA DEPOT0) [D:1.0000; C:1.0000]
 208.0000: (LIFT HOIST0 CRATE2 DEPOT0-2-2 LOADAREA DEPOT0) [D:1.0000; C:1.0000]
 209.0000: (DROP HOIST0 CRATE2 DEPOT0-2-2 LOADAREA DEPOT0) [D:1.0000; C:1.0000]
 210.0000: (LIFT HOIST0 CRATE2 DEPOT0-2-2 LOADAREA DEPOT0) [D:1.0000; C:1.0000]
 211.0000: (DROP HOIST0 CRATE2 DEPOT0-2-2 LOADAREA DEPOT0) [D:1.0000; C:1.0000]
 212.0000: (LIFT HOIST0 CRATE2 DEPOT0-2-2 LOADAREA DEPOT0) [D:1.0000; C:1.0000]
 213.0000: (DROP HOIST0 CRATE2 DEPOT0-2-2 LOADAREA DEPOT0) [D:1.0000; C:1.0000]
 214.0000: (LIFT HOIST0 CRATE2 DEPOT0-2-2 LOADAREA DEPOT0) [D:1.0000; C:1.0000]
 215.0000: (DROP HOIST0 CRATE2 DEPOT0-2-2 LOADAREA DEPOT0) [D:1.0000; C:1.0000]
 216.0000: (LIFT HOIST0 CRATE2 DEPOT0-2-2 LOADAREA DEPOT0) [D:1.0000; C:1.0000]
 217.0000: (DROP HOIST0 CRATE2 DEPOT0-2-2 LOADAREA DEPOT0) [D:1.0000; C:1.0000]
 218.0000: (LIFT HOIST0 CRATE2 DEPOT0-2-2 LOADAREA DEPOT0) [D:1.0000; C:1.0000]
 219.0000: (DROP HOIST0 CRATE2 DEPOT0-2-2 LOADAREA DEPOT0) [D:1.0000; C:1.0000]
 220.0000: (LIFT HOIST0 CRATE2 DEPOT0-2-2 LOADAREA DEPOT0) [D:1.0000; C:1.0000]
 221.0000: (DROP HOIST0 CRATE2 DEPOT0-2-2 LOADAREA DEPOT0) [D:1.0000; C:1.0000]
 222.0000: (LIFT HOIST0 CRATE2 DEPOT0-2-2 LOADAREA DEPOT0) [D:1.0000; C:1.0000]
 223.0000: (DROP HOIST0 CRATE2 DEPOT0-2-2 LOADAREA DEPOT0) [D:1.0000; C:1.0000]
 224.0000: (LIFT HOIST0 CRATE2 DEPOT0-2-2 LOADAREA DEPOT0) [D:1.0000; C:1.0000]
 225.0000: (DROP HOIST0 CRATE2 DEPOT0-2-2 LOADAREA DEPOT0) [D:1.0000; C:1.0000]
 226.0000: (LIFT HOIST0 CRATE2 DEPOT0-2-2 LOADAREA DEPOT0) [D:1.0000; C:1.0000]
 227.0000: (DROP HOIST0 CRATE2 DEPOT0-2-2 LOADAREA DEPOT0) [D:1.0000; C:1.0000]
 228.0000: (LIFT HOIST0 CRATE2 DEPOT0-2-2 LOADAREA DEPOT0) [D:1.0000; C:1.0000]
 229.0000: (DROP HOIST0 CRATE2 DEPOT0-2-2 LOADAREA DEPOT0) [D:1.0000; C:1.0000]
 230.0000: (LIFT HOIST0 CRATE2 DEPOT0-2-2 LOADAREA DEPOT0) [D:1.0000; C:1.0000]
 231.0000: (DROP HOIST0 CRATE2 DEPOT0-2-2 LOADAREA DEPOT0) [D:1.0000; C:1.0000]
 232.0000: (LIFT HOIST0 CRATE2 DEPOT0-2-2 LOADAREA DEPOT0) [D:1.0000; C:1.0000]
 233.0000: (DROP HOIST0 CRATE2 DEPOT0-2-2 LOADAREA DEPOT0) [D:1.0000; C:1.0000]
 234.0000: (LIFT HOIST0 CRATE2 DEPOT0-2-2 LOADAREA DEPOT0) [D:1.0000; C:1.0000]
 235.0000: (DROP HOIST0 CRATE2 CONTAINER-0-0 LOADAREA CONTAINER0) [D:1.0000; C:1.0000]
 236.0000: (LIFT HOIST0 CRATE5 CONTAINER-1-1 LOADAREA CONTAINER1) [D:1.0000; C:1.0000]
 237.0000: (GO-IN HOIST0 LOADAREA DEPOT1-2-3) [D:1.0000; C:1.0000]
 238.0000: (MOVE HOIST0 DEPOT1-2-3 DEPOT1-2-2) [D:1.0000; C:1.0000]
 239.0000: (DROP HOIST0 CRATE5 DEPOT1-2-3 DEPOT1-2-2 DEPOT1) [D:1.0000; C:1.0000]
 240.0000: (LIFT HOIST0 CRATE5 DEPOT1-2-3 DEPOT1-2-2 DEPOT1) [D:1.0000; C:1.0000]
 241.0000: (MOVE HOIST0 DEPOT1-2-2 DEPOT1-1-2) [D:1.0000; C:1.0000]
 242.0000: (MOVE HOIST0 DEPOT1-1-2 DEPOT1-1-3) [D:1.0000; C:1.0000]
 243.0000: (MOVE HOIST0 DEPOT1-1-3 DEPOT1-2-3) [D:1.0000; C:1.0000]
 243.0000: (MOVE HOIST2 DEPOT1-1-1 DEPOT1-1-2) [D:1.0000; C:1.0000]
 244.0000: (DROP HOIST0 CRATE5 DEPOT1-2-2 DEPOT1-2-3 DEPOT1) [D:1.0000; C:1.0000]
 244.0000: (MOVE HOIST2 DEPOT1-1-2 DEPOT1-1-3) [D:1.0000; C:1.0000]
 245.0000: (GO-OUT HOIST0 DEPOT1-2-3 LOADAREA) [D:1.0000; C:1.0000]
 246.0000: (LIFT HOIST0 CRATE2 CONTAINER-0-0 LOADAREA CONTAINER0) [D:1.0000; C:1.0000]
 247.0000: (GO-IN HOIST0 LOADAREA DEPOT0-2-2) [D:1.0000; C:1.0000]
 248.0000: (DROP HOIST0 CRATE2 DEPOT0-1-2 DEPOT0-2-2 DEPOT0) [D:1.0000; C:1.0000]
 249.0000: (MOVE HOIST0 DEPOT0-2-2 DEPOT0-2-1) [D:1.0000; C:1.0000]
 250.0000: (DROP HOIST1 CRATE3 DEPOT0-2-2 LOADAREA DEPOT0) [D:1.0000; C:1.0000]
 251.0000: (LIFT HOIST1 CRATE4 CONTAINER-1-0 LOADAREA CONTAINER1) [D:1.0000; C:1.0000]
 252.0000: (DROP HOIST1 CRATE4 DEPOT1-2-3 LOADAREA DEPOT1) [D:1.0000; C:1.0000]
 253.0000: (LIFT HOIST1 CRATE6 CONTAINER-1-2 LOADAREA CONTAINER1) [D:1.0000; C:1.0000]
 253.0000: (LIFT HOIST2 CRATE4 DEPOT1-2-3 DEPOT1-1-3 DEPOT1) [D:1.0000; C:1.0000]
 254.0000: (DROP HOIST1 CRATE6 DEPOT1-2-3 LOADAREA DEPOT1) [D:1.0000; C:1.0000]
 254.0000: (DROP HOIST2 CRATE4 DEPOT1-1-4 DEPOT1-1-3 DEPOT1) [D:1.0000; C:1.0000]
 255.0000: (LIFT HOIST1 CRATE7 CONTAINER-1-3 LOADAREA CONTAINER1) [D:1.0000; C:1.0000]
 255.0000: (LIFT HOIST2 CRATE6 DEPOT1-2-3 DEPOT1-1-3 DEPOT1) [D:1.0000; C:1.0000]
 256.0000: (DROP HOIST1 CRATE7 DEPOT1-2-3 LOADAREA DEPOT1) [D:1.0000; C:1.0000]
 256.0000: (DROP HOIST2 CRATE6 DEPOT1-1-2 DEPOT1-1-3 DEPOT1) [D:1.0000; C:1.0000]


Solution found:
Total time:      1.34
Search time:     1.22
Actions:         269
Execution cost:  269.00
Duration:        257.000
Plan quality:    269.000


Parsing domain file:  domain 'STORAGE-PROPOSITIONAL' defined ... done.
Parsing problem file:  problem 'STORAGE-19' defined ... done.



Modality: Fast Planner

Number of actions             :    3114
Number of conditional actions :       0
Number of facts               :     438


Analyzing Planning Problem:
	Temporal Planning Problem: NO
	Numeric Planning Problem: NO
	Problem with Timed Initial Litearals: NO
	Problem with Derived Predicates: NO

Evaluation function weights:
     Action duration 0.00; Action cost 1.00


Computing mutex... done

Preprocessing total time: 0.17 seconds

Searching ('.' = every 50 search steps):
.... solution found: 

Plan computed:
   Time: (ACTION) [action Duration; action Cost]
 0.0000: (GO-OUT HOIST2 DEPOT0-2-2 LOADAREA) [D:1.0000; C:1.0000]
 0.0000: (MOVE HOIST0 DEPOT0-1-3 DEPOT0-2-3) [D:1.0000; C:1.0000]
 1.0000: (LIFT HOIST2 CRATE0 CONTAINER-0-0 LOADAREA CONTAINER0) [D:1.0000; C:1.0000]
 2.0000: (GO-IN HOIST2 LOADAREA DEPOT0-2-2) [D:1.0000; C:1.0000]
 3.0000: (DROP HOIST2 CRATE0 DEPOT0-2-1 DEPOT0-2-2 DEPOT0) [D:1.0000; C:1.0000]
 4.0000: (GO-OUT HOIST2 DEPOT0-2-2 LOADAREA) [D:1.0000; C:1.0000]
 5.0000: (LIFT HOIST2 CRATE2 CONTAINER-0-2 LOADAREA CONTAINER0) [D:1.0000; C:1.0000]
 6.0000: (DROP HOIST2 CRATE2 DEPOT0-2-2 LOADAREA DEPOT0) [D:1.0000; C:1.0000]
 7.0000: (LIFT HOIST1 CRATE2 DEPOT0-2-2 DEPOT0-1-2 DEPOT0) [D:1.0000; C:1.0000]
 7.0000: (LIFT HOIST2 CRATE1 CONTAINER-0-1 LOADAREA CONTAINER0) [D:1.0000; C:1.0000]
 8.0000: (DROP HOIST1 CRATE2 DEPOT0-1-1 DEPOT0-1-2 DEPOT0) [D:1.0000; C:1.0000]
 9.0000: (MOVE HOIST1 DEPOT0-1-2 DEPOT0-2-2) [D:1.0000; C:1.0000]
 10.0000: (GO-OUT HOIST1 DEPOT0-2-2 LOADAREA) [D:1.0000; C:1.0000]
 11.0000: (GO-IN HOIST1 LOADAREA DEPOT1-2-2) [D:1.0000; C:1.0000]
 11.0000: (MOVE HOIST0 DEPOT0-2-3 DEPOT0-2-2) [D:1.0000; C:1.0000]
 12.0000: (GO-OUT HOIST1 DEPOT1-2-2 LOADAREA) [D:1.0000; C:1.0000]
 12.0000: (GO-OUT HOIST0 DEPOT0-2-2 LOADAREA) [D:1.0000; C:1.0000]
 13.0000: (GO-IN HOIST0 LOADAREA DEPOT2-2-1) [D:1.0000; C:1.0000]
 13.0000: (DROP HOIST2 CRATE1 DEPOT0-2-2 LOADAREA DEPOT0) [D:1.0000; C:1.0000]
 14.0000: (MOVE HOIST0 DEPOT2-2-1 DEPOT2-2-2) [D:1.0000; C:1.0000]
 14.0000: (LIFT HOIST2 CRATE3 CONTAINER-0-3 LOADAREA CONTAINER0) [D:1.0000; C:1.0000]
 15.0000: (DROP HOIST2 CRATE3 DEPOT1-2-2 LOADAREA DEPOT1) [D:1.0000; C:1.0000]
 16.0000: (LIFT HOIST2 CRATE3 DEPOT1-2-2 LOADAREA DEPOT1) [D:1.0000; C:1.0000]
 17.0000: (DROP HOIST2 CRATE3 CONTAINER-0-1 LOADAREA CONTAINER0) [D:1.0000; C:1.0000]
 18.0000: (LIFT HOIST2 CRATE4 CONTAINER-1-0 LOADAREA CONTAINER1) [D:1.0000; C:1.0000]
 19.0000: (DROP HOIST2 CRATE4 DEPOT1-2-2 LOADAREA DEPOT1) [D:1.0000; C:1.0000]
 20.0000: (LIFT HOIST2 CRATE4 DEPOT1-2-2 LOADAREA DEPOT1) [D:1.0000; C:1.0000]
 21.0000: (DROP HOIST2 CRATE4 CONTAINER-0-2 LOADAREA CONTAINER0) [D:1.0000; C:1.0000]
 22.0000: (LIFT HOIST2 CRATE3 CONTAINER-0-1 LOADAREA CONTAINER0) [D:1.0000; C:1.0000]
 23.0000: (DROP HOIST2 CRATE3 DEPOT1-2-2 LOADAREA DEPOT1) [D:1.0000; C:1.0000]
 24.0000: (LIFT HOIST2 CRATE3 DEPOT1-2-2 LOADAREA DEPOT1) [D:1.0000; C:1.0000]
 25.0000: (DROP HOIST2 CRATE3 CONTAINER-0-3 LOADAREA CONTAINER0) [D:1.0000; C:1.0000]
 26.0000: (LIFT HOIST2 CRATE4 CONTAINER-0-2 LOADAREA CONTAINER0) [D:1.0000; C:1.0000]
 27.0000: (DROP HOIST2 CRATE4 DEPOT1-2-2 LOADAREA DEPOT1) [D:1.0000; C:1.0000]
 28.0000: (LIFT HOIST2 CRATE3 CONTAINER-0-3 LOADAREA CONTAINER0) [D:1.0000; C:1.0000]
 28.0000: (LIFT HOIST1 CRATE4 DEPOT1-2-2 LOADAREA DEPOT1) [D:1.0000; C:1.0000]
 29.0000: (DROP HOIST2 CRATE3 CONTAINER-0-0 LOADAREA CONTAINER0) [D:1.0000; C:1.0000]
 29.0000: (DROP HOIST1 CRATE4 DEPOT1-2-2 LOADAREA DEPOT1) [D:1.0000; C:1.0000]
 30.0000: (LIFT HOIST2 CRATE3 CONTAINER-0-0 LOADAREA CONTAINER0) [D:1.0000; C:1.0000]
 30.0000: (LIFT HOIST1 CRATE4 DEPOT1-2-2 LOADAREA DEPOT1) [D:1.0000; C:1.0000]
 31.0000: (DROP HOIST1 CRATE4 DEPOT1-2-2 LOADAREA DEPOT1) [D:1.0000; C:1.0000]
 32.0000: (LIFT HOIST1 CRATE4 DEPOT1-2-2 LOADAREA DEPOT1) [D:1.0000; C:1.0000]
 33.0000: (DROP HOIST1 CRATE4 DEPOT1-2-2 LOADAREA DEPOT1) [D:1.0000; C:1.0000]
 34.0000: (LIFT HOIST1 CRATE4 DEPOT1-2-2 LOADAREA DEPOT1) [D:1.0000; C:1.0000]
 35.0000: (DROP HOIST1 CRATE4 DEPOT1-2-2 LOADAREA DEPOT1) [D:1.0000; C:1.0000]
 36.0000: (LIFT HOIST1 CRATE4 DEPOT1-2-2 LOADAREA DEPOT1) [D:1.0000; C:1.0000]
 37.0000: (DROP HOIST1 CRATE4 DEPOT1-2-2 LOADAREA DEPOT1) [D:1.0000; C:1.0000]
 38.0000: (LIFT HOIST1 CRATE4 DEPOT1-2-2 LOADAREA DEPOT1) [D:1.0000; C:1.0000]
 39.0000: (DROP HOIST1 CRATE4 DEPOT1-2-2 LOADAREA DEPOT1) [D:1.0000; C:1.0000]
 40.0000: (LIFT HOIST1 CRATE4 DEPOT1-2-2 LOADAREA DEPOT1) [D:1.0000; C:1.0000]
 41.0000: (DROP HOIST1 CRATE4 DEPOT1-2-2 LOADAREA DEPOT1) [D:1.0000; C:1.0000]
 42.0000: (LIFT HOIST1 CRATE4 DEPOT1-2-2 LOADAREA DEPOT1) [D:1.0000; C:1.0000]
 43.0000: (DROP HOIST1 CRATE4 DEPOT1-2-2 LOADAREA DEPOT1) [D:1.0000; C:1.0000]
 44.0000: (LIFT HOIST1 CRATE4 DEPOT1-2-2 LOADAREA DEPOT1) [D:1.0000; C:1.0000]
 45.0000: (DROP HOIST1 CRATE4 DEPOT1-2-2 LOADAREA DEPOT1) [D:1.0000; C:1.0000]
 46.0000: (LIFT HOIST1 CRATE4 DEPOT1-2-2 LOADAREA DEPOT1) [D:1.0000; C:1.0000]
 47.0000: (DROP HOIST1 CRATE4 DEPOT1-2-2 LOADAREA DEPOT1) [D:1.0000; C:1.0000]
 48.0000: (LIFT HOIST1 CRATE4 DEPOT1-2-2 LOADAREA DEPOT1) [D:1.0000; C:1.0000]
 49.0000: (DROP HOIST1 CRATE4 DEPOT1-2-2 LOADAREA DEPOT1) [D:1.0000; C:1.0000]
 50.0000: (LIFT HOIST1 CRATE4 DEPOT1-2-2 LOADAREA DEPOT1) [D:1.0000; C:1.0000]
 51.0000: (DROP HOIST1 CRATE4 DEPOT1-2-2 LOADAREA DEPOT1) [D:1.0000; C:1.0000]
 52.0000: (LIFT HOIST1 CRATE4 DEPOT1-2-2 LOADAREA DEPOT1) [D:1.0000; C:1.0000]
 53.0000: (DROP HOIST1 CRATE4 DEPOT1-2-2 LOADAREA DEPOT1) [D:1.0000; C:1.0000]
 54.0000: (LIFT HOIST1 CRATE4 DEPOT1-2-2 LOADAREA DEPOT1) [D:1.0000; C:1.0000]
 55.0000: (DROP HOIST1 CRATE4 DEPOT1-2-2 LOADAREA DEPOT1) [D:1.0000; C:1.0000]
 56.0000: (LIFT HOIST1 CRATE4 DEPOT1-2-2 LOADAREA DEPOT1) [D:1.0000; C:1.0000]
 57.0000: (GO-IN HOIST1 LOADAREA DEPOT1-2-2) [D:1.0000; C:1.0000]
 58.0000: (MOVE HOIST1 DEPOT1-2-2 DEPOT1-1-2) [D:1.0000; C:1.0000]
 59.0000: (DROP HOIST1 CRATE4 DEPOT1-1-1 DEPOT1-1-2 DEPOT1) [D:1.0000; C:1.0000]
 59.0000: (DROP HOIST2 CRATE3 DEPOT1-2-2 LOADAREA DEPOT1) [D:1.0000; C:1.0000]
 60.0000: (LIFT HOIST2 CRATE5 CONTAINER-1-1 LOADAREA CONTAINER1) [D:1.0000; C:1.0000]
 60.0000: (LIFT HOIST1 CRATE3 DEPOT1-2-2 DEPOT1-1-2 DEPOT1) [D:1.0000; C:1.0000]
 61.0000: (DROP HOIST2 CRATE5 DEPOT1-2-2 LOADAREA DEPOT1) [D:1.0000; C:1.0000]
 61.0000: (DROP HOIST1 CRATE3 DEPOT1-1-3 DEPOT1-1-2 DEPOT1) [D:1.0000; C:1.0000]
 62.0000: (LIFT HOIST2 CRATE6 CONTAINER-1-2 LOADAREA CONTAINER1) [D:1.0000; C:1.0000]
 63.0000: (DROP HOIST2 CRATE6 DEPOT2-2-1 LOADAREA DEPOT2) [D:1.0000; C:1.0000]
 64.0000: (LIFT HOIST2 CRATE6 DEPOT2-2-1 LOADAREA DEPOT2) [D:1.0000; C:1.0000]
 65.0000: (DROP HOIST2 CRATE6 CONTAINER-0-1 LOADAREA CONTAINER0) [D:1.0000; C:1.0000]
 66.0000: (LIFT HOIST2 CRATE7 CONTAINER-1-3 LOADAREA CONTAINER1) [D:1.0000; C:1.0000]
 67.0000: (DROP HOIST2 CRATE7 DEPOT2-2-1 LOADAREA DEPOT2) [D:1.0000; C:1.0000]
 68.0000: (LIFT HOIST2 CRATE7 DEPOT2-2-1 LOADAREA DEPOT2) [D:1.0000; C:1.0000]
 69.0000: (DROP HOIST2 CRATE7 CONTAINER-1-2 LOADAREA CONTAINER1) [D:1.0000; C:1.0000]
 70.0000: (LIFT HOIST2 CRATE6 CONTAINER-0-1 LOADAREA CONTAINER0) [D:1.0000; C:1.0000]
 71.0000: (DROP HOIST2 CRATE6 DEPOT2-2-1 LOADAREA DEPOT2) [D:1.0000; C:1.0000]
 72.0000: (LIFT HOIST2 CRATE6 DEPOT2-2-1 LOADAREA DEPOT2) [D:1.0000; C:1.0000]
 73.0000: (DROP HOIST2 CRATE6 CONTAINER-0-3 LOADAREA CONTAINER0) [D:1.0000; C:1.0000]
 74.0000: (LIFT HOIST2 CRATE7 CONTAINER-1-2 LOADAREA CONTAINER1) [D:1.0000; C:1.0000]
 75.0000: (DROP HOIST2 CRATE7 DEPOT2-2-1 LOADAREA DEPOT2) [D:1.0000; C:1.0000]
 76.0000: (LIFT HOIST2 CRATE7 DEPOT2-2-1 LOADAREA DEPOT2) [D:1.0000; C:1.0000]
 77.0000: (DROP HOIST2 CRATE7 CONTAINER-0-2 LOADAREA CONTAINER0) [D:1.0000; C:1.0000]
 78.0000: (LIFT HOIST2 CRATE6 CONTAINER-0-3 LOADAREA CONTAINER0) [D:1.0000; C:1.0000]
 79.0000: (DROP HOIST2 CRATE6 DEPOT2-2-1 LOADAREA DEPOT2) [D:1.0000; C:1.0000]
 80.0000: (LIFT HOIST2 CRATE6 DEPOT2-2-1 LOADAREA DEPOT2) [D:1.0000; C:1.0000]
 81.0000: (DROP HOIST2 CRATE6 CONTAINER-0-3 LOADAREA CONTAINER0) [D:1.0000; C:1.0000]
 82.0000: (LIFT HOIST2 CRATE7 CONTAINER-0-2 LOADAREA CONTAINER0) [D:1.0000; C:1.0000]
 83.0000: (DROP HOIST2 CRATE7 DEPOT2-2-1 LOADAREA DEPOT2) [D:1.0000; C:1.0000]
 84.0000: (LIFT HOIST2 CRATE7 DEPOT2-2-1 LOADAREA DEPOT2) [D:1.0000; C:1.0000]
 85.0000: (DROP HOIST2 CRATE7 CONTAINER-1-3 LOADAREA CONTAINER1) [D:1.0000; C:1.0000]
 86.0000: (LIFT HOIST2 CRATE6 CONTAINER-0-3 LOADAREA CONTAINER0) [D:1.0000; C:1.0000]
 87.0000: (DROP HOIST2 CRATE6 DEPOT2-2-1 LOADAREA DEPOT2) [D:1.0000; C:1.0000]
 88.0000: (LIFT HOIST2 CRATE6 DEPOT2-2-1 LOADAREA DEPOT2) [D:1.0000; C:1.0000]
 89.0000: (DROP HOIST2 CRATE6 CONTAINER-0-0 LOADAREA CONTAINER0) [D:1.0000; C:1.0000]
 90.0000: (LIFT HOIST2 CRATE7 CONTAINER-1-3 LOADAREA CONTAINER1) [D:1.0000; C:1.0000]
 91.0000: (DROP HOIST2 CRATE7 DEPOT2-2-1 LOADAREA DEPOT2) [D:1.0000; C:1.0000]
 92.0000: (LIFT HOIST2 CRATE7 DEPOT2-2-1 LOADAREA DEPOT2) [D:1.0000; C:1.0000]
 93.0000: (DROP HOIST2 CRATE7 CONTAINER-0-1 LOADAREA CONTAINER0) [D:1.0000; C:1.0000]
 94.0000: (LIFT HOIST2 CRATE6 CONTAINER-0-0 LOADAREA CONTAINER0) [D:1.0000; C:1.0000]
 95.0000: (DROP HOIST2 CRATE6 DEPOT2-2-1 LOADAREA DEPOT2) [D:1.0000; C:1.0000]
 96.0000: (LIFT HOIST2 CRATE6 DEPOT2-2-1 LOADAREA DEPOT2) [D:1.0000; C:1.0000]
 97.0000: (DROP HOIST2 CRATE6 CONTAINER-1-3 LOADAREA CONTAINER1) [D:1.0000; C:1.0000]
 98.0000: (LIFT HOIST2 CRATE7 CONTAINER-0-1 LOADAREA CONTAINER0) [D:1.0000; C:1.0000]
 99.0000: (DROP HOIST2 CRATE7 DEPOT2-2-1 LOADAREA DEPOT2) [D:1.0000; C:1.0000]
 100.0000: (LIFT HOIST2 CRATE7 DEPOT2-2-1 LOADAREA DEPOT2) [D:1.0000; C:1.0000]
 101.0000: (DROP HOIST2 CRATE7 CONTAINER-0-3 LOADAREA CONTAINER0) [D:1.0000; C:1.0000]
 102.0000: (LIFT HOIST2 CRATE6 CONTAINER-1-3 LOADAREA CONTAINER1) [D:1.0000; C:1.0000]
 103.0000: (DROP HOIST2 CRATE6 DEPOT2-2-1 LOADAREA DEPOT2) [D:1.0000; C:1.0000]
 104.0000: (LIFT HOIST2 CRATE6 DEPOT2-2-1 LOADAREA DEPOT2) [D:1.0000; C:1.0000]
 105.0000: (DROP HOIST2 CRATE6 CONTAINER-0-2 LOADAREA CONTAINER0) [D:1.0000; C:1.0000]
 106.0000: (LIFT HOIST2 CRATE7 CONTAINER-0-3 LOADAREA CONTAINER0) [D:1.0000; C:1.0000]
 107.0000: (DROP HOIST2 CRATE7 DEPOT2-2-1 LOADAREA DEPOT2) [D:1.0000; C:1.0000]
 108.0000: (LIFT HOIST2 CRATE7 DEPOT2-2-1 LOADAREA DEPOT2) [D:1.0000; C:1.0000]
 109.0000: (DROP HOIST2 CRATE7 CONTAINER-1-2 LOADAREA CONTAINER1) [D:1.0000; C:1.0000]
 110.0000: (LIFT HOIST2 CRATE6 CONTAINER-0-2 LOADAREA CONTAINER0) [D:1.0000; C:1.0000]
 111.0000: (DROP HOIST2 CRATE6 DEPOT2-2-1 LOADAREA DEPOT2) [D:1.0000; C:1.0000]
 112.0000: (LIFT HOIST2 CRATE6 DEPOT2-2-1 LOADAREA DEPOT2) [D:1.0000; C:1.0000]
 113.0000: (DROP HOIST2 CRATE6 CONTAINER-0-2 LOADAREA CONTAINER0) [D:1.0000; C:1.0000]
 114.0000: (LIFT HOIST2 CRATE7 CONTAINER-1-2 LOADAREA CONTAINER1) [D:1.0000; C:1.0000]
 115.0000: (DROP HOIST2 CRATE7 DEPOT2-2-1 LOADAREA DEPOT2) [D:1.0000; C:1.0000]
 116.0000: (LIFT HOIST2 CRATE6 CONTAINER-0-2 LOADAREA CONTAINER0) [D:1.0000; C:1.0000]
 116.0000: (LIFT HOIST0 CRATE7 DEPOT2-2-1 DEPOT2-2-2 DEPOT2) [D:1.0000; C:1.0000]
 117.0000: (DROP HOIST2 CRATE6 DEPOT2-2-1 LOADAREA DEPOT2) [D:1.0000; C:1.0000]
 117.0000: (DROP HOIST0 CRATE7 DEPOT2-2-3 DEPOT2-2-2 DEPOT2) [D:1.0000; C:1.0000]
 118.0000: (LIFT HOIST2 CRATE8 CONTAINER-2-0 LOADAREA CONTAINER2) [D:1.0000; C:1.0000]
 118.0000: (LIFT HOIST0 CRATE6 DEPOT2-2-1 DEPOT2-2-2 DEPOT2) [D:1.0000; C:1.0000]
 119.0000: (DROP HOIST2 CRATE8 DEPOT2-2-1 LOADAREA DEPOT2) [D:1.0000; C:1.0000]
 119.0000: (DROP HOIST0 CRATE6 DEPOT2-1-2 DEPOT2-2-2 DEPOT2) [D:1.0000; C:1.0000]


Solution found:
Total time:      0.83
Search time:     0.66
Actions:         136
Execution cost:  136.00
Duration:        120.000
Plan quality:    136.000


Parsing domain file:  domain 'STORAGE-PROPOSITIONAL' defined ... done.
Parsing problem file:  problem 'STORAGE-20' defined ... done.



Modality: Fast Planner

Number of actions             :    3882
Number of conditional actions :       0
Number of facts               :     516


Analyzing Planning Problem:
	Temporal Planning Problem: NO
	Numeric Planning Problem: NO
	Problem with Timed Initial Litearals: NO
	Problem with Derived Predicates: NO

Evaluation function weights:
     Action duration 0.00; Action cost 1.00


Computing mutex... done

Preprocessing total time: 0.25 seconds

Searching ('.' = every 50 search steps):
.......... solution found: 

Plan computed:
   Time: (ACTION) [action Duration; action Cost]
 0.0000: (GO-OUT HOIST0 DEPOT0-2-3 LOADAREA) [D:1.0000; C:1.0000]
 0.0000: (GO-OUT HOIST2 DEPOT1-2-1 LOADAREA) [D:1.0000; C:1.0000]
 1.0000: (LIFT HOIST0 CRATE0 CONTAINER-0-0 LOADAREA CONTAINER0) [D:1.0000; C:1.0000]
 1.0000: (LIFT HOIST2 CRATE3 CONTAINER-0-3 LOADAREA CONTAINER0) [D:1.0000; C:1.0000]
 2.0000: (GO-IN HOIST0 LOADAREA DEPOT0-2-3) [D:1.0000; C:1.0000]
 2.0000: (GO-IN HOIST2 LOADAREA DEPOT1-2-1) [D:1.0000; C:1.0000]
 3.0000: (DROP HOIST0 CRATE0 DEPOT0-1-3 DEPOT0-2-3 DEPOT0) [D:1.0000; C:1.0000]
 3.0000: (DROP HOIST2 CRATE3 DEPOT1-2-2 DEPOT1-2-1 DEPOT1) [D:1.0000; C:1.0000]
 4.0000: (GO-OUT HOIST0 DEPOT0-2-3 LOADAREA) [D:1.0000; C:1.0000]
 4.0000: (GO-OUT HOIST2 DEPOT1-2-1 LOADAREA) [D:1.0000; C:1.0000]
 5.0000: (LIFT HOIST0 CRATE1 CONTAINER-0-1 LOADAREA CONTAINER0) [D:1.0000; C:1.0000]
 5.0000: (LIFT HOIST2 CRATE4 CONTAINER-1-0 LOADAREA CONTAINER1) [D:1.0000; C:1.0000]
 6.0000: (DROP HOIST0 CRATE1 DEPOT0-2-3 LOADAREA DEPOT0) [D:1.0000; C:1.0000]
 6.0000: (GO-IN HOIST2 LOADAREA DEPOT1-2-1) [D:1.0000; C:1.0000]
 7.0000: (LIFT HOIST0 CRATE2 CONTAINER-0-2 LOADAREA CONTAINER0) [D:1.0000; C:1.0000]
 7.0000: (LIFT HOIST1 CRATE1 DEPOT0-2-3 DEPOT0-2-2 DEPOT0) [D:1.0000; C:1.0000]
 7.0000: (DROP HOIST2 CRATE4 DEPOT1-1-1 DEPOT1-2-1 DEPOT1) [D:1.0000; C:1.0000]
 8.0000: (DROP HOIST0 CRATE2 DEPOT0-2-3 LOADAREA DEPOT0) [D:1.0000; C:1.0000]
 8.0000: (DROP HOIST1 CRATE1 DEPOT0-2-1 DEPOT0-2-2 DEPOT0) [D:1.0000; C:1.0000]
 8.0000: (GO-OUT HOIST2 DEPOT1-2-1 LOADAREA) [D:1.0000; C:1.0000]
 9.0000: (LIFT HOIST2 CRATE5 CONTAINER-1-1 LOADAREA CONTAINER1) [D:1.0000; C:1.0000]
 10.0000: (DROP HOIST2 CRATE5 DEPOT1-2-1 LOADAREA DEPOT1) [D:1.0000; C:1.0000]
 11.0000: (LIFT HOIST2 CRATE6 CONTAINER-1-2 LOADAREA CONTAINER1) [D:1.0000; C:1.0000]
 12.0000: (DROP HOIST2 CRATE6 CONTAINER-0-3 LOADAREA CONTAINER0) [D:1.0000; C:1.0000]
 13.0000: (LIFT HOIST0 CRATE6 CONTAINER-0-3 LOADAREA CONTAINER0) [D:1.0000; C:1.0000]
 13.0000: (LIFT HOIST2 CRATE7 CONTAINER-1-3 LOADAREA CONTAINER1) [D:1.0000; C:1.0000]
 14.0000: (GO-IN HOIST2 LOADAREA DEPOT2-2-4) [D:1.0000; C:1.0000]
 15.0000: (MOVE HOIST2 DEPOT2-2-4 DEPOT2-1-4) [D:1.0000; C:1.0000]
 16.0000: (DROP HOIST2 CRATE7 DEPOT2-1-3 DEPOT2-1-4 DEPOT2) [D:1.0000; C:1.0000]
 16.0000: (DROP HOIST0 CRATE6 DEPOT2-2-4 LOADAREA DEPOT2) [D:1.0000; C:1.0000]
 17.0000: (LIFT HOIST2 CRATE6 DEPOT2-2-4 DEPOT2-1-4 DEPOT2) [D:1.0000; C:1.0000]
 17.0000: (LIFT HOIST0 CRATE8 CONTAINER-2-0 LOADAREA CONTAINER2) [D:1.0000; C:1.0000]
 18.0000: (DROP HOIST2 CRATE6 DEPOT2-2-4 DEPOT2-1-4 DEPOT2) [D:1.0000; C:1.0000]
 19.0000: (LIFT HOIST2 CRATE6 DEPOT2-2-4 DEPOT2-1-4 DEPOT2) [D:1.0000; C:1.0000]
 20.0000: (DROP HOIST2 CRATE6 DEPOT2-2-4 DEPOT2-1-4 DEPOT2) [D:1.0000; C:1.0000]
 21.0000: (LIFT HOIST2 CRATE6 DEPOT2-2-4 DEPOT2-1-4 DEPOT2) [D:1.0000; C:1.0000]
 22.0000: (DROP HOIST2 CRATE6 DEPOT2-2-4 DEPOT2-1-4 DEPOT2) [D:1.0000; C:1.0000]
 23.0000: (LIFT HOIST2 CRATE6 DEPOT2-2-4 DEPOT2-1-4 DEPOT2) [D:1.0000; C:1.0000]
 24.0000: (DROP HOIST2 CRATE6 DEPOT2-2-4 DEPOT2-1-4 DEPOT2) [D:1.0000; C:1.0000]
 25.0000: (LIFT HOIST2 CRATE6 DEPOT2-2-4 DEPOT2-1-4 DEPOT2) [D:1.0000; C:1.0000]
 26.0000: (DROP HOIST2 CRATE6 DEPOT2-2-4 DEPOT2-1-4 DEPOT2) [D:1.0000; C:1.0000]
 27.0000: (LIFT HOIST2 CRATE6 DEPOT2-2-4 DEPOT2-1-4 DEPOT2) [D:1.0000; C:1.0000]
 28.0000: (DROP HOIST2 CRATE6 DEPOT2-2-4 DEPOT2-1-4 DEPOT2) [D:1.0000; C:1.0000]
 29.0000: (LIFT HOIST2 CRATE6 DEPOT2-2-4 DEPOT2-1-4 DEPOT2) [D:1.0000; C:1.0000]
 30.0000: (DROP HOIST2 CRATE6 DEPOT2-2-4 DEPOT2-1-4 DEPOT2) [D:1.0000; C:1.0000]
 31.0000: (LIFT HOIST2 CRATE6 DEPOT2-2-4 DEPOT2-1-4 DEPOT2) [D:1.0000; C:1.0000]
 32.0000: (DROP HOIST2 CRATE6 DEPOT2-2-4 DEPOT2-1-4 DEPOT2) [D:1.0000; C:1.0000]
 33.0000: (LIFT HOIST2 CRATE6 DEPOT2-2-4 DEPOT2-1-4 DEPOT2) [D:1.0000; C:1.0000]
 34.0000: (DROP HOIST2 CRATE6 DEPOT2-2-4 DEPOT2-1-4 DEPOT2) [D:1.0000; C:1.0000]
 35.0000: (LIFT HOIST2 CRATE6 DEPOT2-2-4 DEPOT2-1-4 DEPOT2) [D:1.0000; C:1.0000]
 36.0000: (DROP HOIST2 CRATE6 DEPOT2-2-4 DEPOT2-1-4 DEPOT2) [D:1.0000; C:1.0000]
 37.0000: (LIFT HOIST2 CRATE6 DEPOT2-2-4 DEPOT2-1-4 DEPOT2) [D:1.0000; C:1.0000]
 38.0000: (DROP HOIST2 CRATE6 DEPOT2-2-4 DEPOT2-1-4 DEPOT2) [D:1.0000; C:1.0000]
 39.0000: (LIFT HOIST2 CRATE6 DEPOT2-2-4 DEPOT2-1-4 DEPOT2) [D:1.0000; C:1.0000]
 40.0000: (DROP HOIST2 CRATE6 DEPOT2-2-4 DEPOT2-1-4 DEPOT2) [D:1.0000; C:1.0000]
 41.0000: (LIFT HOIST2 CRATE6 DEPOT2-2-4 DEPOT2-1-4 DEPOT2) [D:1.0000; C:1.0000]
 42.0000: (DROP HOIST2 CRATE6 DEPOT2-2-4 DEPOT2-1-4 DEPOT2) [D:1.0000; C:1.0000]
 43.0000: (LIFT HOIST2 CRATE6 DEPOT2-2-4 DEPOT2-1-4 DEPOT2) [D:1.0000; C:1.0000]
 44.0000: (DROP HOIST2 CRATE6 DEPOT2-2-4 DEPOT2-1-4 DEPOT2) [D:1.0000; C:1.0000]
 45.0000: (LIFT HOIST2 CRATE6 DEPOT2-2-4 DEPOT2-1-4 DEPOT2) [D:1.0000; C:1.0000]
 46.0000: (DROP HOIST2 CRATE6 DEPOT2-2-4 DEPOT2-1-4 DEPOT2) [D:1.0000; C:1.0000]
 47.0000: (LIFT HOIST2 CRATE6 DEPOT2-2-4 DEPOT2-1-4 DEPOT2) [D:1.0000; C:1.0000]
 48.0000: (MOVE HOIST2 DEPOT2-1-4 DEPOT2-2-4) [D:1.0000; C:1.0000]
 49.0000: (MOVE HOIST2 DEPOT2-2-4 DEPOT2-2-3) [D:1.0000; C:1.0000]
 50.0000: (DROP HOIST2 CRATE6 DEPOT2-2-4 DEPOT2-2-3 DEPOT2) [D:1.0000; C:1.0000]
 51.0000: (LIFT HOIST2 CRATE6 DEPOT2-2-4 DEPOT2-2-3 DEPOT2) [D:1.0000; C:1.0000]
 52.0000: (MOVE HOIST2 DEPOT2-2-3 DEPOT2-2-4) [D:1.0000; C:1.0000]
 53.0000: (DROP HOIST2 CRATE6 DEPOT2-2-3 DEPOT2-2-4 DEPOT2) [D:1.0000; C:1.0000]
 54.0000: (GO-OUT HOIST2 DEPOT2-2-4 LOADAREA) [D:1.0000; C:1.0000]
 55.0000: (LIFT HOIST2 CRATE9 CONTAINER-2-1 LOADAREA CONTAINER2) [D:1.0000; C:1.0000]
 56.0000: (DROP HOIST2 CRATE9 DEPOT2-2-4 LOADAREA DEPOT2) [D:1.0000; C:1.0000]
 57.0000: (LIFT HOIST2 CRATE9 DEPOT2-2-4 LOADAREA DEPOT2) [D:1.0000; C:1.0000]
 58.0000: (DROP HOIST2 CRATE9 DEPOT2-2-4 LOADAREA DEPOT2) [D:1.0000; C:1.0000]
 59.0000: (LIFT HOIST2 CRATE9 DEPOT2-2-4 LOADAREA DEPOT2) [D:1.0000; C:1.0000]
 60.0000: (DROP HOIST2 CRATE9 DEPOT2-2-4 LOADAREA DEPOT2) [D:1.0000; C:1.0000]
 61.0000: (LIFT HOIST2 CRATE9 DEPOT2-2-4 LOADAREA DEPOT2) [D:1.0000; C:1.0000]
 62.0000: (DROP HOIST2 CRATE9 DEPOT2-2-4 LOADAREA DEPOT2) [D:1.0000; C:1.0000]
 63.0000: (LIFT HOIST2 CRATE9 DEPOT2-2-4 LOADAREA DEPOT2) [D:1.0000; C:1.0000]
 64.0000: (DROP HOIST2 CRATE9 DEPOT2-2-4 LOADAREA DEPOT2) [D:1.0000; C:1.0000]
 65.0000: (LIFT HOIST2 CRATE9 DEPOT2-2-4 LOADAREA DEPOT2) [D:1.0000; C:1.0000]
 66.0000: (DROP HOIST2 CRATE9 DEPOT2-2-4 LOADAREA DEPOT2) [D:1.0000; C:1.0000]
 67.0000: (LIFT HOIST2 CRATE9 DEPOT2-2-4 LOADAREA DEPOT2) [D:1.0000; C:1.0000]
 68.0000: (DROP HOIST2 CRATE9 DEPOT2-2-4 LOADAREA DEPOT2) [D:1.0000; C:1.0000]
 69.0000: (LIFT HOIST2 CRATE9 DEPOT2-2-4 LOADAREA DEPOT2) [D:1.0000; C:1.0000]
 70.0000: (DROP HOIST2 CRATE9 DEPOT2-2-4 LOADAREA DEPOT2) [D:1.0000; C:1.0000]
 71.0000: (LIFT HOIST2 CRATE9 DEPOT2-2-4 LOADAREA DEPOT2) [D:1.0000; C:1.0000]
 72.0000: (DROP HOIST2 CRATE9 DEPOT2-2-4 LOADAREA DEPOT2) [D:1.0000; C:1.0000]
 73.0000: (LIFT HOIST2 CRATE9 DEPOT2-2-4 LOADAREA DEPOT2) [D:1.0000; C:1.0000]
 74.0000: (DROP HOIST2 CRATE9 DEPOT2-2-4 LOADAREA DEPOT2) [D:1.0000; C:1.0000]
 75.0000: (LIFT HOIST2 CRATE9 DEPOT2-2-4 LOADAREA DEPOT2) [D:1.0000; C:1.0000]
 76.0000: (DROP HOIST2 CRATE9 DEPOT2-2-4 LOADAREA DEPOT2) [D:1.0000; C:1.0000]
 77.0000: (LIFT HOIST2 CRATE9 DEPOT2-2-4 LOADAREA DEPOT2) [D:1.0000; C:1.0000]
 78.0000: (DROP HOIST2 CRATE9 DEPOT2-2-4 LOADAREA DEPOT2) [D:1.0000; C:1.0000]
 79.0000: (LIFT HOIST2 CRATE9 DEPOT2-2-4 LOADAREA DEPOT2) [D:1.0000; C:1.0000]
 80.0000: (DROP HOIST2 CRATE9 DEPOT2-2-4 LOADAREA DEPOT2) [D:1.0000; C:1.0000]
 81.0000: (LIFT HOIST2 CRATE9 DEPOT2-2-4 LOADAREA DEPOT2) [D:1.0000; C:1.0000]
 82.0000: (DROP HOIST2 CRATE9 DEPOT2-2-4 LOADAREA DEPOT2) [D:1.0000; C:1.0000]
 83.0000: (LIFT HOIST2 CRATE9 DEPOT2-2-4 LOADAREA DEPOT2) [D:1.0000; C:1.0000]
 84.0000: (DROP HOIST2 CRATE9 DEPOT2-2-4 LOADAREA DEPOT2) [D:1.0000; C:1.0000]
 85.0000: (LIFT HOIST2 CRATE9 DEPOT2-2-4 LOADAREA DEPOT2) [D:1.0000; C:1.0000]
 86.0000: (DROP HOIST2 CRATE9 DEPOT2-2-4 LOADAREA DEPOT2) [D:1.0000; C:1.0000]
 87.0000: (LIFT HOIST2 CRATE9 DEPOT2-2-4 LOADAREA DEPOT2) [D:1.0000; C:1.0000]
 88.0000: (DROP HOIST2 CRATE9 DEPOT2-2-4 LOADAREA DEPOT2) [D:1.0000; C:1.0000]
 89.0000: (LIFT HOIST2 CRATE9 DEPOT2-2-4 LOADAREA DEPOT2) [D:1.0000; C:1.0000]
 90.0000: (DROP HOIST2 CRATE9 DEPOT2-2-4 LOADAREA DEPOT2) [D:1.0000; C:1.0000]
 91.0000: (LIFT HOIST2 CRATE9 DEPOT2-2-4 LOADAREA DEPOT2) [D:1.0000; C:1.0000]
 92.0000: (DROP HOIST2 CRATE9 DEPOT2-2-4 LOADAREA DEPOT2) [D:1.0000; C:1.0000]
 93.0000: (LIFT HOIST2 CRATE9 DEPOT2-2-4 LOADAREA DEPOT2) [D:1.0000; C:1.0000]
 94.0000: (DROP HOIST2 CRATE9 DEPOT2-2-4 LOADAREA DEPOT2) [D:1.0000; C:1.0000]
 95.0000: (LIFT HOIST2 CRATE9 DEPOT2-2-4 LOADAREA DEPOT2) [D:1.0000; C:1.0000]
 96.0000: (DROP HOIST2 CRATE9 DEPOT2-2-4 LOADAREA DEPOT2) [D:1.0000; C:1.0000]
 97.0000: (LIFT HOIST2 CRATE9 DEPOT2-2-4 LOADAREA DEPOT2) [D:1.0000; C:1.0000]
 98.0000: (DROP HOIST2 CRATE9 DEPOT2-2-4 LOADAREA DEPOT2) [D:1.0000; C:1.0000]
 99.0000: (LIFT HOIST2 CRATE9 DEPOT2-2-4 LOADAREA DEPOT2) [D:1.0000; C:1.0000]
 100.0000: (DROP HOIST2 CRATE9 DEPOT2-2-4 LOADAREA DEPOT2) [D:1.0000; C:1.0000]
 101.0000: (LIFT HOIST2 CRATE9 DEPOT2-2-4 LOADAREA DEPOT2) [D:1.0000; C:1.0000]
 102.0000: (DROP HOIST2 CRATE9 DEPOT2-2-4 LOADAREA DEPOT2) [D:1.0000; C:1.0000]
 103.0000: (LIFT HOIST2 CRATE9 DEPOT2-2-4 LOADAREA DEPOT2) [D:1.0000; C:1.0000]
 104.0000: (DROP HOIST2 CRATE9 DEPOT2-2-4 LOADAREA DEPOT2) [D:1.0000; C:1.0000]
 105.0000: (LIFT HOIST2 CRATE9 DEPOT2-2-4 LOADAREA DEPOT2) [D:1.0000; C:1.0000]
 106.0000: (DROP HOIST2 CRATE9 DEPOT2-2-4 LOADAREA DEPOT2) [D:1.0000; C:1.0000]
 107.0000: (LIFT HOIST2 CRATE9 DEPOT2-2-4 LOADAREA DEPOT2) [D:1.0000; C:1.0000]
 108.0000: (DROP HOIST2 CRATE9 DEPOT2-2-4 LOADAREA DEPOT2) [D:1.0000; C:1.0000]
 109.0000: (LIFT HOIST2 CRATE9 DEPOT2-2-4 LOADAREA DEPOT2) [D:1.0000; C:1.0000]
 110.0000: (DROP HOIST2 CRATE9 DEPOT2-2-4 LOADAREA DEPOT2) [D:1.0000; C:1.0000]
 111.0000: (LIFT HOIST2 CRATE9 DEPOT2-2-4 LOADAREA DEPOT2) [D:1.0000; C:1.0000]
 112.0000: (DROP HOIST2 CRATE9 DEPOT2-2-4 LOADAREA DEPOT2) [D:1.0000; C:1.0000]
 113.0000: (LIFT HOIST2 CRATE9 DEPOT2-2-4 LOADAREA DEPOT2) [D:1.0000; C:1.0000]
 114.0000: (DROP HOIST2 CRATE9 DEPOT2-2-4 LOADAREA DEPOT2) [D:1.0000; C:1.0000]
 115.0000: (LIFT HOIST2 CRATE9 DEPOT2-2-4 LOADAREA DEPOT2) [D:1.0000; C:1.0000]
 116.0000: (DROP HOIST2 CRATE9 DEPOT2-2-4 LOADAREA DEPOT2) [D:1.0000; C:1.0000]
 117.0000: (LIFT HOIST2 CRATE9 DEPOT2-2-4 LOADAREA DEPOT2) [D:1.0000; C:1.0000]
 118.0000: (DROP HOIST2 CRATE9 DEPOT2-2-4 LOADAREA DEPOT2) [D:1.0000; C:1.0000]
 119.0000: (LIFT HOIST2 CRATE9 DEPOT2-2-4 LOADAREA DEPOT2) [D:1.0000; C:1.0000]
 120.0000: (DROP HOIST2 CRATE9 DEPOT2-2-4 LOADAREA DEPOT2) [D:1.0000; C:1.0000]
 121.0000: (LIFT HOIST2 CRATE9 DEPOT2-2-4 LOADAREA DEPOT2) [D:1.0000; C:1.0000]
 122.0000: (DROP HOIST2 CRATE9 DEPOT2-2-4 LOADAREA DEPOT2) [D:1.0000; C:1.0000]
 123.0000: (LIFT HOIST2 CRATE9 DEPOT2-2-4 LOADAREA DEPOT2) [D:1.0000; C:1.0000]
 124.0000: (DROP HOIST2 CRATE9 DEPOT2-2-4 LOADAREA DEPOT2) [D:1.0000; C:1.0000]
 125.0000: (LIFT HOIST2 CRATE9 DEPOT2-2-4 LOADAREA DEPOT2) [D:1.0000; C:1.0000]
 126.0000: (DROP HOIST2 CRATE9 DEPOT2-2-4 LOADAREA DEPOT2) [D:1.0000; C:1.0000]
 127.0000: (LIFT HOIST2 CRATE9 DEPOT2-2-4 LOADAREA DEPOT2) [D:1.0000; C:1.0000]
 128.0000: (DROP HOIST2 CRATE9 DEPOT2-2-4 LOADAREA DEPOT2) [D:1.0000; C:1.0000]
 129.0000: (LIFT HOIST2 CRATE9 DEPOT2-2-4 LOADAREA DEPOT2) [D:1.0000; C:1.0000]
 130.0000: (DROP HOIST2 CRATE9 DEPOT2-2-4 LOADAREA DEPOT2) [D:1.0000; C:1.0000]
 131.0000: (LIFT HOIST2 CRATE9 DEPOT2-2-4 LOADAREA DEPOT2) [D:1.0000; C:1.0000]
 132.0000: (DROP HOIST2 CRATE9 DEPOT2-2-4 LOADAREA DEPOT2) [D:1.0000; C:1.0000]
 133.0000: (LIFT HOIST2 CRATE9 DEPOT2-2-4 LOADAREA DEPOT2) [D:1.0000; C:1.0000]
 134.0000: (DROP HOIST2 CRATE9 DEPOT2-2-4 LOADAREA DEPOT2) [D:1.0000; C:1.0000]
 135.0000: (LIFT HOIST2 CRATE9 DEPOT2-2-4 LOADAREA DEPOT2) [D:1.0000; C:1.0000]
 136.0000: (DROP HOIST2 CRATE9 DEPOT2-2-4 LOADAREA DEPOT2) [D:1.0000; C:1.0000]
 137.0000: (LIFT HOIST2 CRATE9 DEPOT2-2-4 LOADAREA DEPOT2) [D:1.0000; C:1.0000]
 138.0000: (DROP HOIST2 CRATE9 DEPOT2-2-4 LOADAREA DEPOT2) [D:1.0000; C:1.0000]
 139.0000: (LIFT HOIST2 CRATE9 DEPOT2-2-4 LOADAREA DEPOT2) [D:1.0000; C:1.0000]
 140.0000: (DROP HOIST2 CRATE9 DEPOT2-2-4 LOADAREA DEPOT2) [D:1.0000; C:1.0000]
 141.0000: (LIFT HOIST2 CRATE9 DEPOT2-2-4 LOADAREA DEPOT2) [D:1.0000; C:1.0000]
 142.0000: (DROP HOIST2 CRATE9 DEPOT2-2-4 LOADAREA DEPOT2) [D:1.0000; C:1.0000]
 143.0000: (LIFT HOIST2 CRATE9 DEPOT2-2-4 LOADAREA DEPOT2) [D:1.0000; C:1.0000]
 144.0000: (DROP HOIST2 CRATE9 DEPOT2-2-4 LOADAREA DEPOT2) [D:1.0000; C:1.0000]
 145.0000: (LIFT HOIST2 CRATE9 DEPOT2-2-4 LOADAREA DEPOT2) [D:1.0000; C:1.0000]
 146.0000: (DROP HOIST2 CRATE9 DEPOT2-2-4 LOADAREA DEPOT2) [D:1.0000; C:1.0000]
 147.0000: (LIFT HOIST2 CRATE9 DEPOT2-2-4 LOADAREA DEPOT2) [D:1.0000; C:1.0000]
 148.0000: (DROP HOIST2 CRATE9 DEPOT2-2-4 LOADAREA DEPOT2) [D:1.0000; C:1.0000]
 149.0000: (LIFT HOIST2 CRATE9 DEPOT2-2-4 LOADAREA DEPOT2) [D:1.0000; C:1.0000]
 150.0000: (DROP HOIST2 CRATE9 DEPOT2-2-4 LOADAREA DEPOT2) [D:1.0000; C:1.0000]
 151.0000: (LIFT HOIST2 CRATE9 DEPOT2-2-4 LOADAREA DEPOT2) [D:1.0000; C:1.0000]
 152.0000: (DROP HOIST2 CRATE9 DEPOT2-2-4 LOADAREA DEPOT2) [D:1.0000; C:1.0000]
 153.0000: (LIFT HOIST2 CRATE9 DEPOT2-2-4 LOADAREA DEPOT2) [D:1.0000; C:1.0000]
 154.0000: (DROP HOIST2 CRATE9 DEPOT2-2-4 LOADAREA DEPOT2) [D:1.0000; C:1.0000]
 155.0000: (LIFT HOIST2 CRATE9 DEPOT2-2-4 LOADAREA DEPOT2) [D:1.0000; C:1.0000]
 156.0000: (DROP HOIST2 CRATE9 DEPOT2-2-4 LOADAREA DEPOT2) [D:1.0000; C:1.0000]
 157.0000: (LIFT HOIST2 CRATE9 DEPOT2-2-4 LOADAREA DEPOT2) [D:1.0000; C:1.0000]
 158.0000: (DROP HOIST2 CRATE9 DEPOT2-2-4 LOADAREA DEPOT2) [D:1.0000; C:1.0000]
 159.0000: (LIFT HOIST2 CRATE9 DEPOT2-2-4 LOADAREA DEPOT2) [D:1.0000; C:1.0000]
 160.0000: (DROP HOIST2 CRATE9 DEPOT2-2-4 LOADAREA DEPOT2) [D:1.0000; C:1.0000]
 161.0000: (LIFT HOIST2 CRATE9 DEPOT2-2-4 LOADAREA DEPOT2) [D:1.0000; C:1.0000]
 162.0000: (DROP HOIST2 CRATE9 DEPOT2-2-4 LOADAREA DEPOT2) [D:1.0000; C:1.0000]
 163.0000: (LIFT HOIST2 CRATE9 DEPOT2-2-4 LOADAREA DEPOT2) [D:1.0000; C:1.0000]
 164.0000: (DROP HOIST2 CRATE9 DEPOT2-2-4 LOADAREA DEPOT2) [D:1.0000; C:1.0000]
 165.0000: (LIFT HOIST2 CRATE9 DEPOT2-2-4 LOADAREA DEPOT2) [D:1.0000; C:1.0000]
 166.0000: (DROP HOIST2 CRATE9 DEPOT2-2-4 LOADAREA DEPOT2) [D:1.0000; C:1.0000]
 167.0000: (LIFT HOIST2 CRATE9 DEPOT2-2-4 LOADAREA DEPOT2) [D:1.0000; C:1.0000]
 168.0000: (DROP HOIST2 CRATE9 DEPOT2-2-4 LOADAREA DEPOT2) [D:1.0000; C:1.0000]
 169.0000: (LIFT HOIST2 CRATE9 DEPOT2-2-4 LOADAREA DEPOT2) [D:1.0000; C:1.0000]
 170.0000: (DROP HOIST2 CRATE9 DEPOT2-2-4 LOADAREA DEPOT2) [D:1.0000; C:1.0000]
 171.0000: (LIFT HOIST2 CRATE9 DEPOT2-2-4 LOADAREA DEPOT2) [D:1.0000; C:1.0000]
 172.0000: (DROP HOIST2 CRATE9 DEPOT2-2-4 LOADAREA DEPOT2) [D:1.0000; C:1.0000]
 173.0000: (LIFT HOIST2 CRATE9 DEPOT2-2-4 LOADAREA DEPOT2) [D:1.0000; C:1.0000]
 174.0000: (DROP HOIST2 CRATE9 DEPOT2-2-4 LOADAREA DEPOT2) [D:1.0000; C:1.0000]
 175.0000: (LIFT HOIST2 CRATE9 DEPOT2-2-4 LOADAREA DEPOT2) [D:1.0000; C:1.0000]
 176.0000: (DROP HOIST2 CRATE9 DEPOT2-2-4 LOADAREA DEPOT2) [D:1.0000; C:1.0000]
 177.0000: (LIFT HOIST2 CRATE9 DEPOT2-2-4 LOADAREA DEPOT2) [D:1.0000; C:1.0000]
 178.0000: (DROP HOIST2 CRATE9 DEPOT2-2-4 LOADAREA DEPOT2) [D:1.0000; C:1.0000]
 179.0000: (LIFT HOIST2 CRATE9 DEPOT2-2-4 LOADAREA DEPOT2) [D:1.0000; C:1.0000]
 180.0000: (DROP HOIST2 CRATE9 DEPOT2-2-4 LOADAREA DEPOT2) [D:1.0000; C:1.0000]
 181.0000: (LIFT HOIST2 CRATE9 DEPOT2-2-4 LOADAREA DEPOT2) [D:1.0000; C:1.0000]
 182.0000: (DROP HOIST2 CRATE9 DEPOT2-2-4 LOADAREA DEPOT2) [D:1.0000; C:1.0000]
 183.0000: (LIFT HOIST2 CRATE9 DEPOT2-2-4 LOADAREA DEPOT2) [D:1.0000; C:1.0000]
 184.0000: (DROP HOIST2 CRATE9 DEPOT2-2-4 LOADAREA DEPOT2) [D:1.0000; C:1.0000]
 185.0000: (LIFT HOIST2 CRATE9 DEPOT2-2-4 LOADAREA DEPOT2) [D:1.0000; C:1.0000]
 186.0000: (DROP HOIST2 CRATE9 DEPOT2-2-4 LOADAREA DEPOT2) [D:1.0000; C:1.0000]
 187.0000: (LIFT HOIST2 CRATE9 DEPOT2-2-4 LOADAREA DEPOT2) [D:1.0000; C:1.0000]
 188.0000: (DROP HOIST2 CRATE9 DEPOT2-2-4 LOADAREA DEPOT2) [D:1.0000; C:1.0000]
 189.0000: (LIFT HOIST2 CRATE9 DEPOT2-2-4 LOADAREA DEPOT2) [D:1.0000; C:1.0000]
 190.0000: (DROP HOIST2 CRATE9 DEPOT2-2-4 LOADAREA DEPOT2) [D:1.0000; C:1.0000]
 191.0000: (LIFT HOIST2 CRATE9 DEPOT2-2-4 LOADAREA DEPOT2) [D:1.0000; C:1.0000]
 192.0000: (DROP HOIST2 CRATE9 DEPOT2-2-4 LOADAREA DEPOT2) [D:1.0000; C:1.0000]
 193.0000: (LIFT HOIST2 CRATE9 DEPOT2-2-4 LOADAREA DEPOT2) [D:1.0000; C:1.0000]
 194.0000: (DROP HOIST2 CRATE9 DEPOT2-2-4 LOADAREA DEPOT2) [D:1.0000; C:1.0000]
 195.0000: (LIFT HOIST2 CRATE9 DEPOT2-2-4 LOADAREA DEPOT2) [D:1.0000; C:1.0000]
 196.0000: (DROP HOIST2 CRATE9 DEPOT2-2-4 LOADAREA DEPOT2) [D:1.0000; C:1.0000]
 197.0000: (LIFT HOIST2 CRATE9 DEPOT2-2-4 LOADAREA DEPOT2) [D:1.0000; C:1.0000]
 198.0000: (DROP HOIST2 CRATE9 DEPOT2-2-4 LOADAREA DEPOT2) [D:1.0000; C:1.0000]
 199.0000: (LIFT HOIST2 CRATE9 DEPOT2-2-4 LOADAREA DEPOT2) [D:1.0000; C:1.0000]
 200.0000: (DROP HOIST2 CRATE9 DEPOT2-2-4 LOADAREA DEPOT2) [D:1.0000; C:1.0000]
 201.0000: (LIFT HOIST2 CRATE9 DEPOT2-2-4 LOADAREA DEPOT2) [D:1.0000; C:1.0000]
 202.0000: (DROP HOIST2 CRATE9 DEPOT2-2-4 LOADAREA DEPOT2) [D:1.0000; C:1.0000]
 203.0000: (LIFT HOIST2 CRATE9 DEPOT2-2-4 LOADAREA DEPOT2) [D:1.0000; C:1.0000]
 204.0000: (DROP HOIST2 CRATE9 DEPOT2-2-4 LOADAREA DEPOT2) [D:1.0000; C:1.0000]
 205.0000: (LIFT HOIST2 CRATE9 DEPOT2-2-4 LOADAREA DEPOT2) [D:1.0000; C:1.0000]
 206.0000: (DROP HOIST2 CRATE9 DEPOT2-2-4 LOADAREA DEPOT2) [D:1.0000; C:1.0000]
 207.0000: (LIFT HOIST2 CRATE9 DEPOT2-2-4 LOADAREA DEPOT2) [D:1.0000; C:1.0000]
 208.0000: (DROP HOIST2 CRATE9 DEPOT2-2-4 LOADAREA DEPOT2) [D:1.0000; C:1.0000]
 209.0000: (LIFT HOIST2 CRATE9 DEPOT2-2-4 LOADAREA DEPOT2) [D:1.0000; C:1.0000]
 210.0000: (DROP HOIST2 CRATE9 DEPOT2-2-4 LOADAREA DEPOT2) [D:1.0000; C:1.0000]
 211.0000: (LIFT HOIST2 CRATE9 DEPOT2-2-4 LOADAREA DEPOT2) [D:1.0000; C:1.0000]
 212.0000: (DROP HOIST2 CRATE9 DEPOT2-2-4 LOADAREA DEPOT2) [D:1.0000; C:1.0000]
 213.0000: (LIFT HOIST2 CRATE9 DEPOT2-2-4 LOADAREA DEPOT2) [D:1.0000; C:1.0000]
 214.0000: (DROP HOIST2 CRATE9 DEPOT2-2-4 LOADAREA DEPOT2) [D:1.0000; C:1.0000]
 215.0000: (LIFT HOIST2 CRATE9 DEPOT2-2-4 LOADAREA DEPOT2) [D:1.0000; C:1.0000]
 216.0000: (DROP HOIST2 CRATE9 DEPOT2-2-4 LOADAREA DEPOT2) [D:1.0000; C:1.0000]
 217.0000: (LIFT HOIST2 CRATE9 DEPOT2-2-4 LOADAREA DEPOT2) [D:1.0000; C:1.0000]
 218.0000: (DROP HOIST2 CRATE9 DEPOT2-2-4 LOADAREA DEPOT2) [D:1.0000; C:1.0000]
 219.0000: (LIFT HOIST2 CRATE9 DEPOT2-2-4 LOADAREA DEPOT2) [D:1.0000; C:1.0000]
 220.0000: (DROP HOIST2 CRATE9 DEPOT2-2-4 LOADAREA DEPOT2) [D:1.0000; C:1.0000]
 221.0000: (LIFT HOIST2 CRATE9 DEPOT2-2-4 LOADAREA DEPOT2) [D:1.0000; C:1.0000]
 222.0000: (DROP HOIST2 CRATE9 DEPOT2-2-4 LOADAREA DEPOT2) [D:1.0000; C:1.0000]
 223.0000: (LIFT HOIST2 CRATE9 DEPOT2-2-4 LOADAREA DEPOT2) [D:1.0000; C:1.0000]
 224.0000: (DROP HOIST2 CRATE9 DEPOT2-2-4 LOADAREA DEPOT2) [D:1.0000; C:1.0000]
 225.0000: (LIFT HOIST2 CRATE9 DEPOT2-2-4 LOADAREA DEPOT2) [D:1.0000; C:1.0000]
 226.0000: (DROP HOIST2 CRATE9 DEPOT2-2-4 LOADAREA DEPOT2) [D:1.0000; C:1.0000]
 227.0000: (LIFT HOIST2 CRATE9 DEPOT2-2-4 LOADAREA DEPOT2) [D:1.0000; C:1.0000]
 228.0000: (DROP HOIST2 CRATE9 DEPOT2-2-4 LOADAREA DEPOT2) [D:1.0000; C:1.0000]
 229.0000: (LIFT HOIST2 CRATE9 DEPOT2-2-4 LOADAREA DEPOT2) [D:1.0000; C:1.0000]
 230.0000: (DROP HOIST2 CRATE9 DEPOT2-2-4 LOADAREA DEPOT2) [D:1.0000; C:1.0000]
 231.0000: (LIFT HOIST2 CRATE9 DEPOT2-2-4 LOADAREA DEPOT2) [D:1.0000; C:1.0000]
 232.0000: (GO-IN HOIST2 LOADAREA DEPOT2-2-4) [D:1.0000; C:1.0000]
 233.0000: (DROP HOIST2 CRATE9 DEPOT2-1-4 DEPOT2-2-4 DEPOT2) [D:1.0000; C:1.0000]
 234.0000: (GO-OUT HOIST2 DEPOT2-2-4 LOADAREA) [D:1.0000; C:1.0000]
 235.0000: (DROP HOIST0 CRATE8 DEPOT2-2-4 LOADAREA DEPOT2) [D:1.0000; C:1.0000]


Solution found:
Total time:      1.97
Search time:     1.72
Actions:         250
Execution cost:  250.00
Duration:        236.000
Plan quality:    250.000


Parsing domain file:  domain 'STORAGE-PROPOSITIONAL' defined ... done.
Parsing problem file:  problem 'STORAGE-21' defined ... done.



Modality: Fast Planner

Number of actions             :    5944
Number of conditional actions :       0
Number of facts               :     646


Analyzing Planning Problem:
	Temporal Planning Problem: NO
	Numeric Planning Problem: NO
	Problem with Timed Initial Litearals: NO
	Problem with Derived Predicates: NO

Evaluation function weights:
     Action duration 0.00; Action cost 1.00


Computing mutex... done

Preprocessing total time: 0.49 seconds

Searching ('.' = every 50 search steps):
........... search limit exceeded. Restart.
............. search limit exceeded. Restart.
............... search limit exceeded. Restart.
.................. search limit exceeded. Restart.
..................... search limit exceeded. Restart.
........................ search limit exceeded. Restart.
............................ search limit exceeded. Restart.
................................. search limit exceeded. Restart.
...................................... search limit exceeded.

Searching ('.' = every 50 search steps):
........... search limit exceeded. Restart.
............. search limit exceeded. Restart.
............... search limit exceeded. Restart.
.................. search limit exceeded. Restart.
..................... search limit exceeded. Restart.
........................ search limit exceeded. Restart.
............................ search limit exceeded. Restart.
................................. search limit exceeded. Restart.
...................................... search limit exceeded.

Searching ('.' = every 50 search steps):
........... search limit exceeded. Restart.
............. search limit exceeded. Restart.
............... search limit exceeded. Restart.
.................. search limit exceeded. Restart.
..................... search limit exceeded. Restart.
........................ search limit exceeded. Restart.
............................ search limit exceeded. Restart.
................................. search limit exceeded. Restart.
...................................... search limit exceeded.

Searching ('.' = every 50 search steps):
........... search limit exceeded. Restart.
............. search limit exceeded. Restart.
............... search limit exceeded. Restart.
.................. search limit exceeded. Restart.
..................... search limit exceeded. Restart.
........................ search limit exceeded. Restart.
............................ search limit exceeded. Restart.
......................... solution found: 

Plan computed:
   Time: (ACTION) [action Duration; action Cost]
 0.0000: (MOVE HOIST1 DEPOT0-2-3 DEPOT0-2-2) [D:1.0000; C:1.0000]
 0.0000: (MOVE HOIST3 DEPOT2-2-4 DEPOT2-2-3) [D:1.0000; C:1.0000]
 0.0000: (MOVE HOIST0 DEPOT0-1-1 DEPOT0-1-2) [D:1.0000; C:1.0000]
 0.0000: (MOVE HOIST2 DEPOT1-1-1 DEPOT1-1-2) [D:1.0000; C:1.0000]
 1.0000: (GO-OUT HOIST1 DEPOT0-2-2 LOADAREA) [D:1.0000; C:1.0000]
 1.0000: (MOVE HOIST2 DEPOT1-1-2 DEPOT1-1-3) [D:1.0000; C:1.0000]
 2.0000: (LIFT HOIST1 CRATE7 CONTAINER-1-3 LOADAREA CONTAINER1) [D:1.0000; C:1.0000]
 2.0000: (MOVE HOIST2 DEPOT1-1-3 DEPOT1-1-4) [D:1.0000; C:1.0000]
 3.0000: (DROP HOIST1 CRATE7 DEPOT1-2-4 LOADAREA DEPOT1) [D:1.0000; C:1.0000]
 4.0000: (LIFT HOIST1 CRATE10 CONTAINER-2-2 LOADAREA CONTAINER2) [D:1.0000; C:1.0000]
 5.0000: (DROP HOIST1 CRATE10 DEPOT2-2-2 LOADAREA DEPOT2) [D:1.0000; C:1.0000]
 6.0000: (LIFT HOIST1 CRATE1 CONTAINER-0-1 LOADAREA CONTAINER0) [D:1.0000; C:1.0000]
 7.0000: (DROP HOIST1 CRATE1 DEPOT0-2-2 LOADAREA DEPOT0) [D:1.0000; C:1.0000]
 8.0000: (LIFT HOIST1 CRATE1 DEPOT0-2-2 LOADAREA DEPOT0) [D:1.0000; C:1.0000]
 9.0000: (DROP HOIST1 CRATE1 CONTAINER-1-3 LOADAREA CONTAINER1) [D:1.0000; C:1.0000]
 10.0000: (LIFT HOIST1 CRATE2 CONTAINER-0-2 LOADAREA CONTAINER0) [D:1.0000; C:1.0000]
 11.0000: (DROP HOIST1 CRATE2 DEPOT0-2-2 LOADAREA DEPOT0) [D:1.0000; C:1.0000]
 12.0000: (LIFT HOIST1 CRATE10 DEPOT2-2-2 LOADAREA DEPOT2) [D:1.0000; C:1.0000]
 13.0000: (DROP HOIST1 CRATE10 CONTAINER-0-2 LOADAREA CONTAINER0) [D:1.0000; C:1.0000]
 13.0000: (MOVE HOIST3 DEPOT2-2-3 DEPOT2-2-2) [D:1.0000; C:1.0000]
 14.0000: (LIFT HOIST1 CRATE9 CONTAINER-2-1 LOADAREA CONTAINER2) [D:1.0000; C:1.0000]
 14.0000: (GO-OUT HOIST3 DEPOT2-2-2 LOADAREA) [D:1.0000; C:1.0000]
 15.0000: (LIFT HOIST3 CRATE2 DEPOT0-2-2 LOADAREA DEPOT0) [D:1.0000; C:1.0000]
 15.0000: (DROP HOIST1 CRATE9 DEPOT2-2-2 LOADAREA DEPOT2) [D:1.0000; C:1.0000]
 16.0000: (LIFT HOIST1 CRATE3 CONTAINER-0-3 LOADAREA CONTAINER0) [D:1.0000; C:1.0000]
 16.0000: (DROP HOIST3 CRATE2 DEPOT0-2-2 LOADAREA DEPOT0) [D:1.0000; C:1.0000]
 17.0000: (LIFT HOIST3 CRATE2 DEPOT0-2-2 LOADAREA DEPOT0) [D:1.0000; C:1.0000]
 18.0000: (DROP HOIST3 CRATE2 DEPOT0-2-2 LOADAREA DEPOT0) [D:1.0000; C:1.0000]
 19.0000: (LIFT HOIST3 CRATE2 DEPOT0-2-2 LOADAREA DEPOT0) [D:1.0000; C:1.0000]
 20.0000: (DROP HOIST3 CRATE2 DEPOT0-2-2 LOADAREA DEPOT0) [D:1.0000; C:1.0000]
 21.0000: (LIFT HOIST3 CRATE2 DEPOT0-2-2 LOADAREA DEPOT0) [D:1.0000; C:1.0000]
 22.0000: (DROP HOIST1 CRATE3 DEPOT0-2-2 LOADAREA DEPOT0) [D:1.0000; C:1.0000]
 22.0000: (DROP HOIST3 CRATE2 CONTAINER-2-2 LOADAREA CONTAINER2) [D:1.0000; C:1.0000]
 23.0000: (LIFT HOIST1 CRATE9 DEPOT2-2-2 LOADAREA DEPOT2) [D:1.0000; C:1.0000]
 24.0000: (DROP HOIST1 CRATE9 CONTAINER-0-3 LOADAREA CONTAINER0) [D:1.0000; C:1.0000]
 25.0000: (LIFT HOIST1 CRATE10 CONTAINER-0-2 LOADAREA CONTAINER0) [D:1.0000; C:1.0000]
 26.0000: (DROP HOIST1 CRATE10 DEPOT2-2-2 LOADAREA DEPOT2) [D:1.0000; C:1.0000]
 27.0000: (LIFT HOIST1 CRATE7 DEPOT1-2-4 LOADAREA DEPOT1) [D:1.0000; C:1.0000]
 28.0000: (DROP HOIST1 CRATE7 CONTAINER-2-1 LOADAREA CONTAINER2) [D:1.0000; C:1.0000]
 29.0000: (LIFT HOIST1 CRATE4 CONTAINER-1-0 LOADAREA CONTAINER1) [D:1.0000; C:1.0000]
 29.0000: (LIFT HOIST3 CRATE7 CONTAINER-2-1 LOADAREA CONTAINER2) [D:1.0000; C:1.0000]
 30.0000: (DROP HOIST3 CRATE7 DEPOT1-2-4 LOADAREA DEPOT1) [D:1.0000; C:1.0000]
 31.0000: (LIFT HOIST3 CRATE7 DEPOT1-2-4 LOADAREA DEPOT1) [D:1.0000; C:1.0000]
 32.0000: (DROP HOIST3 CRATE7 DEPOT1-2-4 LOADAREA DEPOT1) [D:1.0000; C:1.0000]
 33.0000: (LIFT HOIST3 CRATE7 DEPOT1-2-4 LOADAREA DEPOT1) [D:1.0000; C:1.0000]
 34.0000: (DROP HOIST1 CRATE4 DEPOT1-2-4 LOADAREA DEPOT1) [D:1.0000; C:1.0000]
 35.0000: (LIFT HOIST1 CRATE3 DEPOT0-2-2 LOADAREA DEPOT0) [D:1.0000; C:1.0000]
 36.0000: (GO-IN HOIST3 LOADAREA DEPOT0-2-2) [D:1.0000; C:1.0000]
 37.0000: (DROP HOIST3 CRATE7 DEPOT0-2-1 DEPOT0-2-2 DEPOT0) [D:1.0000; C:1.0000]
 38.0000: (MOVE HOIST3 DEPOT0-2-2 DEPOT0-2-3) [D:1.0000; C:1.0000]
 39.0000: (MOVE HOIST3 DEPOT0-2-3 DEPOT0-1-3) [D:1.0000; C:1.0000]
 39.0000: (GO-IN HOIST1 LOADAREA DEPOT0-2-2) [D:1.0000; C:1.0000]
 40.0000: (DROP HOIST1 CRATE3 DEPOT0-2-3 DEPOT0-2-2 DEPOT0) [D:1.0000; C:1.0000]
 41.0000: (LIFT HOIST3 CRATE3 DEPOT0-2-3 DEPOT0-1-3 DEPOT0) [D:1.0000; C:1.0000]
 41.0000: (GO-OUT HOIST1 DEPOT0-2-2 LOADAREA) [D:1.0000; C:1.0000]
 42.0000: (MOVE HOIST3 DEPOT0-1-3 DEPOT0-2-3) [D:1.0000; C:1.0000]
 43.0000: (MOVE HOIST3 DEPOT0-2-3 DEPOT0-2-2) [D:1.0000; C:1.0000]
 44.0000: (GO-OUT HOIST3 DEPOT0-2-2 LOADAREA) [D:1.0000; C:1.0000]
 45.0000: (GO-IN HOIST3 LOADAREA CONTAINER-1-0) [D:1.0000; C:1.0000]
 45.0000: (GO-IN HOIST1 LOADAREA DEPOT0-2-2) [D:1.0000; C:1.0000]
 46.0000: (GO-OUT HOIST3 CONTAINER-1-0 LOADAREA) [D:1.0000; C:1.0000]
 46.0000: (GO-OUT HOIST1 DEPOT0-2-2 LOADAREA) [D:1.0000; C:1.0000]
 47.0000: (GO-IN HOIST3 LOADAREA CONTAINER-0-1) [D:1.0000; C:1.0000]
 47.0000: (LIFT HOIST1 CRATE2 CONTAINER-2-2 LOADAREA CONTAINER2) [D:1.0000; C:1.0000]
 48.0000: (GO-OUT HOIST3 CONTAINER-0-1 LOADAREA) [D:1.0000; C:1.0000]
 48.0000: (DROP HOIST1 CRATE2 DEPOT0-2-2 LOADAREA DEPOT0) [D:1.0000; C:1.0000]
 49.0000: (GO-IN HOIST3 LOADAREA CONTAINER-0-1) [D:1.0000; C:1.0000]
 49.0000: (LIFT HOIST1 CRATE4 DEPOT1-2-4 LOADAREA DEPOT1) [D:1.0000; C:1.0000]
 49.0000: (LIFT HOIST0 CRATE2 DEPOT0-2-2 DEPOT0-1-2 DEPOT0) [D:1.0000; C:1.0000]
 50.0000: (GO-OUT HOIST3 CONTAINER-0-1 LOADAREA) [D:1.0000; C:1.0000]
 50.0000: (DROP HOIST0 CRATE2 DEPOT0-1-3 DEPOT0-1-2 DEPOT0) [D:1.0000; C:1.0000]
 51.0000: (GO-IN HOIST3 LOADAREA CONTAINER-1-0) [D:1.0000; C:1.0000]
 52.0000: (GO-OUT HOIST3 CONTAINER-1-0 LOADAREA) [D:1.0000; C:1.0000]
 53.0000: (GO-IN HOIST3 LOADAREA CONTAINER-1-0) [D:1.0000; C:1.0000]
 54.0000: (GO-OUT HOIST3 CONTAINER-1-0 LOADAREA) [D:1.0000; C:1.0000]
 55.0000: (DROP HOIST1 CRATE4 CONTAINER-1-0 LOADAREA CONTAINER1) [D:1.0000; C:1.0000]
 55.0000: (GO-IN HOIST3 LOADAREA CONTAINER-2-1) [D:1.0000; C:1.0000]
 56.0000: (LIFT HOIST1 CRATE1 CONTAINER-1-3 LOADAREA CONTAINER1) [D:1.0000; C:1.0000]
 56.0000: (GO-OUT HOIST3 CONTAINER-2-1 LOADAREA) [D:1.0000; C:1.0000]
 57.0000: (GO-IN HOIST3 LOADAREA CONTAINER-0-2) [D:1.0000; C:1.0000]
 58.0000: (GO-OUT HOIST3 CONTAINER-0-2 LOADAREA) [D:1.0000; C:1.0000]
 59.0000: (GO-IN HOIST3 LOADAREA CONTAINER-0-2) [D:1.0000; C:1.0000]
 60.0000: (GO-OUT HOIST3 CONTAINER-0-2 LOADAREA) [D:1.0000; C:1.0000]
 61.0000: (GO-IN HOIST3 LOADAREA CONTAINER-2-1) [D:1.0000; C:1.0000]
 62.0000: (GO-OUT HOIST3 CONTAINER-2-1 LOADAREA) [D:1.0000; C:1.0000]
 63.0000: (GO-IN HOIST3 LOADAREA CONTAINER-2-1) [D:1.0000; C:1.0000]
 64.0000: (GO-OUT HOIST3 CONTAINER-2-1 LOADAREA) [D:1.0000; C:1.0000]
 65.0000: (GO-IN HOIST3 LOADAREA CONTAINER-2-1) [D:1.0000; C:1.0000]
 66.0000: (GO-OUT HOIST3 CONTAINER-2-1 LOADAREA) [D:1.0000; C:1.0000]
 67.0000: (GO-IN HOIST3 LOADAREA CONTAINER-0-1) [D:1.0000; C:1.0000]
 68.0000: (GO-OUT HOIST3 CONTAINER-0-1 LOADAREA) [D:1.0000; C:1.0000]
 69.0000: (DROP HOIST3 CRATE3 DEPOT0-2-2 LOADAREA DEPOT0) [D:1.0000; C:1.0000]
 70.0000: (LIFT HOIST3 CRATE3 DEPOT0-2-2 LOADAREA DEPOT0) [D:1.0000; C:1.0000]
 71.0000: (DROP HOIST3 CRATE3 DEPOT0-2-2 LOADAREA DEPOT0) [D:1.0000; C:1.0000]
 72.0000: (LIFT HOIST0 CRATE3 DEPOT0-2-2 DEPOT0-1-2 DEPOT0) [D:1.0000; C:1.0000]
 73.0000: (GO-IN HOIST3 LOADAREA DEPOT0-2-2) [D:1.0000; C:1.0000]
 74.0000: (GO-OUT HOIST3 DEPOT0-2-2 LOADAREA) [D:1.0000; C:1.0000]
 75.0000: (MOVE HOIST0 DEPOT0-1-2 DEPOT0-2-2) [D:1.0000; C:1.0000]
 76.0000: (GO-OUT HOIST0 DEPOT0-2-2 LOADAREA) [D:1.0000; C:1.0000]
 77.0000: (DROP HOIST0 CRATE3 DEPOT1-2-4 LOADAREA DEPOT1) [D:1.0000; C:1.0000]
 78.0000: (GO-IN HOIST0 LOADAREA DEPOT0-2-2) [D:1.0000; C:1.0000]
 79.0000: (MOVE HOIST0 DEPOT0-2-2 DEPOT0-1-2) [D:1.0000; C:1.0000]
 80.0000: (DROP HOIST1 CRATE1 DEPOT0-2-2 LOADAREA DEPOT0) [D:1.0000; C:1.0000]
 81.0000: (LIFT HOIST1 CRATE10 DEPOT2-2-2 LOADAREA DEPOT2) [D:1.0000; C:1.0000]
 81.0000: (LIFT HOIST0 CRATE1 DEPOT0-2-2 DEPOT0-1-2 DEPOT0) [D:1.0000; C:1.0000]
 82.0000: (DROP HOIST1 CRATE10 CONTAINER-2-2 LOADAREA CONTAINER2) [D:1.0000; C:1.0000]
 83.0000: (LIFT HOIST1 CRATE3 DEPOT1-2-4 LOADAREA DEPOT1) [D:1.0000; C:1.0000]
 84.0000: (GO-IN HOIST3 LOADAREA DEPOT1-2-4) [D:1.0000; C:1.0000]
 84.0000: (DROP HOIST1 CRATE3 CONTAINER-0-1 LOADAREA CONTAINER0) [D:1.0000; C:1.0000]
 85.0000: (GO-OUT HOIST3 DEPOT1-2-4 LOADAREA) [D:1.0000; C:1.0000]
 85.0000: (LIFT HOIST1 CRATE4 CONTAINER-1-0 LOADAREA CONTAINER1) [D:1.0000; C:1.0000]
 86.0000: (LIFT HOIST3 CRATE5 CONTAINER-1-1 LOADAREA CONTAINER1) [D:1.0000; C:1.0000]
 86.0000: (DROP HOIST1 CRATE4 CONTAINER-1-0 LOADAREA CONTAINER1) [D:1.0000; C:1.0000]
 87.0000: (DROP HOIST3 CRATE5 DEPOT1-2-4 LOADAREA DEPOT1) [D:1.0000; C:1.0000]
 88.0000: (LIFT HOIST3 CRATE9 CONTAINER-0-3 LOADAREA CONTAINER0) [D:1.0000; C:1.0000]
 89.0000: (DROP HOIST3 CRATE9 DEPOT2-2-2 LOADAREA DEPOT2) [D:1.0000; C:1.0000]
 90.0000: (LIFT HOIST3 CRATE6 CONTAINER-1-2 LOADAREA CONTAINER1) [D:1.0000; C:1.0000]
 90.0000: (LIFT HOIST1 CRATE9 DEPOT2-2-2 LOADAREA DEPOT2) [D:1.0000; C:1.0000]
 91.0000: (DROP HOIST1 CRATE9 CONTAINER-1-3 LOADAREA CONTAINER1) [D:1.0000; C:1.0000]
 92.0000: (LIFT HOIST1 CRATE5 DEPOT1-2-4 LOADAREA DEPOT1) [D:1.0000; C:1.0000]
 93.0000: (DROP HOIST1 CRATE5 CONTAINER-1-2 LOADAREA CONTAINER1) [D:1.0000; C:1.0000]
 93.0000: (DROP HOIST3 CRATE6 DEPOT1-2-4 LOADAREA DEPOT1) [D:1.0000; C:1.0000]
 94.0000: (LIFT HOIST1 CRATE8 CONTAINER-2-0 LOADAREA CONTAINER2) [D:1.0000; C:1.0000]
 94.0000: (LIFT HOIST3 CRATE6 DEPOT1-2-4 LOADAREA DEPOT1) [D:1.0000; C:1.0000]
 95.0000: (DROP HOIST1 CRATE8 DEPOT0-2-2 LOADAREA DEPOT0) [D:1.0000; C:1.0000]
 95.0000: (DROP HOIST3 CRATE6 CONTAINER-1-1 LOADAREA CONTAINER1) [D:1.0000; C:1.0000]
 96.0000: (LIFT HOIST1 CRATE8 DEPOT0-2-2 LOADAREA DEPOT0) [D:1.0000; C:1.0000]
 96.0000: (LIFT HOIST3 CRATE5 CONTAINER-1-2 LOADAREA CONTAINER1) [D:1.0000; C:1.0000]
 97.0000: (DROP HOIST3 CRATE5 DEPOT1-2-4 LOADAREA DEPOT1) [D:1.0000; C:1.0000]
 97.0000: (GO-IN HOIST1 LOADAREA DEPOT2-2-2) [D:1.0000; C:1.0000]
 97.0000: (DROP HOIST0 CRATE1 DEPOT0-2-2 DEPOT0-1-2 DEPOT0) [D:1.0000; C:1.0000]
 98.0000: (LIFT HOIST3 CRATE9 CONTAINER-1-3 LOADAREA CONTAINER1) [D:1.0000; C:1.0000]
 98.0000: (MOVE HOIST1 DEPOT2-2-2 DEPOT2-1-2) [D:1.0000; C:1.0000]
 99.0000: (MOVE HOIST1 DEPOT2-1-2 DEPOT2-1-3) [D:1.0000; C:1.0000]
 99.0000: (DROP HOIST3 CRATE9 DEPOT2-2-2 LOADAREA DEPOT2) [D:1.0000; C:1.0000]
 100.0000: (DROP HOIST1 CRATE8 DEPOT2-1-2 DEPOT2-1-3 DEPOT2) [D:1.0000; C:1.0000]
 100.0000: (LIFT HOIST3 CRATE9 DEPOT2-2-2 LOADAREA DEPOT2) [D:1.0000; C:1.0000]
 101.0000: (DROP HOIST3 CRATE9 CONTAINER-0-3 LOADAREA CONTAINER0) [D:1.0000; C:1.0000]
 101.0000: (MOVE HOIST1 DEPOT2-1-3 DEPOT2-2-3) [D:1.0000; C:1.0000]
 102.0000: (LIFT HOIST3 CRATE10 CONTAINER-2-2 LOADAREA CONTAINER2) [D:1.0000; C:1.0000]
 103.0000: (DROP HOIST3 CRATE10 DEPOT2-2-2 LOADAREA DEPOT2) [D:1.0000; C:1.0000]
 104.0000: (LIFT HOIST3 CRATE9 CONTAINER-0-3 LOADAREA CONTAINER0) [D:1.0000; C:1.0000]
 104.0000: (LIFT HOIST1 CRATE10 DEPOT2-2-2 DEPOT2-2-3 DEPOT2) [D:1.0000; C:1.0000]
 105.0000: (DROP HOIST3 CRATE9 CONTAINER-1-2 LOADAREA CONTAINER1) [D:1.0000; C:1.0000]
 105.0000: (MOVE HOIST1 DEPOT2-2-3 DEPOT2-2-2) [D:1.0000; C:1.0000]
 106.0000: (LIFT HOIST3 CRATE5 DEPOT1-2-4 LOADAREA DEPOT1) [D:1.0000; C:1.0000]
 106.0000: (DROP HOIST1 CRATE10 DEPOT2-2-1 DEPOT2-2-2 DEPOT2) [D:1.0000; C:1.0000]
 107.0000: (DROP HOIST3 CRATE5 CONTAINER-1-3 LOADAREA CONTAINER1) [D:1.0000; C:1.0000]
 107.0000: (GO-OUT HOIST1 DEPOT2-2-2 LOADAREA) [D:1.0000; C:1.0000]
 108.0000: (LIFT HOIST3 CRATE6 CONTAINER-1-1 LOADAREA CONTAINER1) [D:1.0000; C:1.0000]
 108.0000: (LIFT HOIST1 CRATE3 CONTAINER-0-1 LOADAREA CONTAINER0) [D:1.0000; C:1.0000]
 109.0000: (DROP HOIST3 CRATE6 DEPOT1-2-4 LOADAREA DEPOT1) [D:1.0000; C:1.0000]
 110.0000: (LIFT HOIST3 CRATE1 DEPOT0-2-2 LOADAREA DEPOT0) [D:1.0000; C:1.0000]
 111.0000: (DROP HOIST3 CRATE1 CONTAINER-2-1 LOADAREA CONTAINER2) [D:1.0000; C:1.0000]
 112.0000: (LIFT HOIST3 CRATE0 CONTAINER-0-0 LOADAREA CONTAINER0) [D:1.0000; C:1.0000]
 113.0000: (DROP HOIST3 CRATE0 DEPOT0-2-2 LOADAREA DEPOT0) [D:1.0000; C:1.0000]
 114.0000: (LIFT HOIST3 CRATE6 DEPOT1-2-4 LOADAREA DEPOT1) [D:1.0000; C:1.0000]
 114.0000: (LIFT HOIST0 CRATE0 DEPOT0-2-2 DEPOT0-1-2 DEPOT0) [D:1.0000; C:1.0000]
 115.0000: (DROP HOIST3 CRATE6 CONTAINER-1-1 LOADAREA CONTAINER1) [D:1.0000; C:1.0000]
 115.0000: (DROP HOIST0 CRATE0 DEPOT0-2-2 DEPOT0-1-2 DEPOT0) [D:1.0000; C:1.0000]
 116.0000: (LIFT HOIST3 CRATE4 CONTAINER-1-0 LOADAREA CONTAINER1) [D:1.0000; C:1.0000]
 116.0000: (LIFT HOIST0 CRATE0 DEPOT0-2-2 DEPOT0-1-2 DEPOT0) [D:1.0000; C:1.0000]
 117.0000: (DROP HOIST3 CRATE4 DEPOT1-2-4 LOADAREA DEPOT1) [D:1.0000; C:1.0000]
 117.0000: (DROP HOIST0 CRATE0 DEPOT0-2-2 DEPOT0-1-2 DEPOT0) [D:1.0000; C:1.0000]
 118.0000: (LIFT HOIST3 CRATE1 CONTAINER-2-1 LOADAREA CONTAINER2) [D:1.0000; C:1.0000]
 118.0000: (LIFT HOIST0 CRATE0 DEPOT0-2-2 DEPOT0-1-2 DEPOT0) [D:1.0000; C:1.0000]
 118.0000: (LIFT HOIST2 CRATE4 DEPOT1-2-4 DEPOT1-1-4 DEPOT1) [D:1.0000; C:1.0000]
 119.0000: (DROP HOIST0 CRATE0 DEPOT0-2-2 DEPOT0-1-2 DEPOT0) [D:1.0000; C:1.0000]
 119.0000: (MOVE HOIST2 DEPOT1-1-4 DEPOT1-1-3) [D:1.0000; C:1.0000]
 120.0000: (LIFT HOIST0 CRATE0 DEPOT0-2-2 DEPOT0-1-2 DEPOT0) [D:1.0000; C:1.0000]
 120.0000: (MOVE HOIST2 DEPOT1-1-3 DEPOT1-1-2) [D:1.0000; C:1.0000]
 121.0000: (DROP HOIST0 CRATE0 DEPOT0-2-2 DEPOT0-1-2 DEPOT0) [D:1.0000; C:1.0000]
 121.0000: (DROP HOIST2 CRATE4 DEPOT1-1-1 DEPOT1-1-2 DEPOT1) [D:1.0000; C:1.0000]
 122.0000: (LIFT HOIST0 CRATE0 DEPOT0-2-2 DEPOT0-1-2 DEPOT0) [D:1.0000; C:1.0000]
 123.0000: (DROP HOIST0 CRATE0 DEPOT0-2-2 DEPOT0-1-2 DEPOT0) [D:1.0000; C:1.0000]
 124.0000: (LIFT HOIST0 CRATE0 DEPOT0-2-2 DEPOT0-1-2 DEPOT0) [D:1.0000; C:1.0000]
 125.0000: (DROP HOIST0 CRATE0 DEPOT0-2-2 DEPOT0-1-2 DEPOT0) [D:1.0000; C:1.0000]
 126.0000: (LIFT HOIST0 CRATE0 DEPOT0-2-2 DEPOT0-1-2 DEPOT0) [D:1.0000; C:1.0000]
 127.0000: (DROP HOIST0 CRATE0 DEPOT0-2-2 DEPOT0-1-2 DEPOT0) [D:1.0000; C:1.0000]
 128.0000: (LIFT HOIST0 CRATE0 DEPOT0-2-2 DEPOT0-1-2 DEPOT0) [D:1.0000; C:1.0000]
 129.0000: (DROP HOIST0 CRATE0 DEPOT0-2-2 DEPOT0-1-2 DEPOT0) [D:1.0000; C:1.0000]
 130.0000: (LIFT HOIST0 CRATE0 DEPOT0-2-2 DEPOT0-1-2 DEPOT0) [D:1.0000; C:1.0000]
 131.0000: (DROP HOIST3 CRATE1 DEPOT0-2-2 LOADAREA DEPOT0) [D:1.0000; C:1.0000]
 132.0000: (LIFT HOIST3 CRATE6 CONTAINER-1-1 LOADAREA CONTAINER1) [D:1.0000; C:1.0000]
 133.0000: (DROP HOIST3 CRATE6 DEPOT1-2-4 LOADAREA DEPOT1) [D:1.0000; C:1.0000]
 134.0000: (LIFT HOIST3 CRATE6 DEPOT1-2-4 LOADAREA DEPOT1) [D:1.0000; C:1.0000]
 135.0000: (GO-IN HOIST1 LOADAREA DEPOT1-2-4) [D:1.0000; C:1.0000]
 136.0000: (MOVE HOIST1 DEPOT1-2-4 DEPOT1-1-4) [D:1.0000; C:1.0000]
 137.0000: (DROP HOIST1 CRATE3 DEPOT1-1-3 DEPOT1-1-4 DEPOT1) [D:1.0000; C:1.0000]
 138.0000: (LIFT HOIST1 CRATE3 DEPOT1-1-3 DEPOT1-1-4 DEPOT1) [D:1.0000; C:1.0000]
 139.0000: (MOVE HOIST1 DEPOT1-1-4 DEPOT1-2-4) [D:1.0000; C:1.0000]
 139.0000: (MOVE HOIST2 DEPOT1-1-2 DEPOT1-1-3) [D:1.0000; C:1.0000]
 140.0000: (MOVE HOIST2 DEPOT1-1-3 DEPOT1-1-4) [D:1.0000; C:1.0000]
 140.0000: (GO-OUT HOIST1 DEPOT1-2-4 LOADAREA) [D:1.0000; C:1.0000]
 141.0000: (DROP HOIST3 CRATE6 DEPOT1-2-4 LOADAREA DEPOT1) [D:1.0000; C:1.0000]
 141.0000: (DROP HOIST1 CRATE3 CONTAINER-0-1 LOADAREA CONTAINER0) [D:1.0000; C:1.0000]
 142.0000: (LIFT HOIST2 CRATE6 DEPOT1-2-4 DEPOT1-1-4 DEPOT1) [D:1.0000; C:1.0000]
 142.0000: (GO-IN HOIST1 LOADAREA DEPOT2-2-2) [D:1.0000; C:1.0000]
 143.0000: (DROP HOIST2 CRATE6 DEPOT1-2-4 DEPOT1-1-4 DEPOT1) [D:1.0000; C:1.0000]
 143.0000: (MOVE HOIST1 DEPOT2-2-2 DEPOT2-2-3) [D:1.0000; C:1.0000]
 144.0000: (LIFT HOIST3 CRATE6 DEPOT1-2-4 LOADAREA DEPOT1) [D:1.0000; C:1.0000]
 144.0000: (MOVE HOIST1 DEPOT2-2-3 DEPOT2-1-3) [D:1.0000; C:1.0000]
 145.0000: (DROP HOIST3 CRATE6 DEPOT1-2-4 LOADAREA DEPOT1) [D:1.0000; C:1.0000]
 145.0000: (MOVE HOIST1 DEPOT2-1-3 DEPOT2-1-4) [D:1.0000; C:1.0000]
 146.0000: (LIFT HOIST3 CRATE1 DEPOT0-2-2 LOADAREA DEPOT0) [D:1.0000; C:1.0000]
 146.0000: (LIFT HOIST2 CRATE6 DEPOT1-2-4 DEPOT1-1-4 DEPOT1) [D:1.0000; C:1.0000]
 146.0000: (MOVE HOIST1 DEPOT2-1-4 DEPOT2-1-3) [D:1.0000; C:1.0000]
 147.0000: (MOVE HOIST2 DEPOT1-1-4 DEPOT1-2-4) [D:1.0000; C:1.0000]
 147.0000: (DROP HOIST3 CRATE1 CONTAINER-1-1 LOADAREA CONTAINER1) [D:1.0000; C:1.0000]
 147.0000: (MOVE HOIST1 DEPOT2-1-3 DEPOT2-1-4) [D:1.0000; C:1.0000]
 148.0000: (GO-OUT HOIST2 DEPOT1-2-4 LOADAREA) [D:1.0000; C:1.0000]
 148.0000: (MOVE HOIST1 DEPOT2-1-4 DEPOT2-2-4) [D:1.0000; C:1.0000]
 149.0000: (DROP HOIST2 CRATE6 DEPOT1-2-4 LOADAREA DEPOT1) [D:1.0000; C:1.0000]
 149.0000: (MOVE HOIST1 DEPOT2-2-4 DEPOT2-1-4) [D:1.0000; C:1.0000]
 150.0000: (LIFT HOIST2 CRATE6 DEPOT1-2-4 LOADAREA DEPOT1) [D:1.0000; C:1.0000]
 150.0000: (MOVE HOIST1 DEPOT2-1-4 DEPOT2-2-4) [D:1.0000; C:1.0000]
 151.0000: (DROP HOIST2 CRATE6 DEPOT1-2-4 LOADAREA DEPOT1) [D:1.0000; C:1.0000]
 151.0000: (MOVE HOIST1 DEPOT2-2-4 DEPOT2-1-4) [D:1.0000; C:1.0000]
 152.0000: (LIFT HOIST2 CRATE6 DEPOT1-2-4 LOADAREA DEPOT1) [D:1.0000; C:1.0000]
 152.0000: (MOVE HOIST1 DEPOT2-1-4 DEPOT2-2-4) [D:1.0000; C:1.0000]
 153.0000: (DROP HOIST2 CRATE6 CONTAINER-0-0 LOADAREA CONTAINER0) [D:1.0000; C:1.0000]
 153.0000: (MOVE HOIST1 DEPOT2-2-4 DEPOT2-1-4) [D:1.0000; C:1.0000]
 154.0000: (GO-IN HOIST2 LOADAREA DEPOT0-2-2) [D:1.0000; C:1.0000]
 154.0000: (MOVE HOIST1 DEPOT2-1-4 DEPOT2-2-4) [D:1.0000; C:1.0000]
 155.0000: (LIFT HOIST2 CRATE7 DEPOT0-2-1 DEPOT0-2-2 DEPOT0) [D:1.0000; C:1.0000]
 155.0000: (MOVE HOIST1 DEPOT2-2-4 DEPOT2-1-4) [D:1.0000; C:1.0000]
 156.0000: (GO-OUT HOIST2 DEPOT0-2-2 LOADAREA) [D:1.0000; C:1.0000]
 156.0000: (MOVE HOIST1 DEPOT2-1-4 DEPOT2-1-3) [D:1.0000; C:1.0000]
 157.0000: (DROP HOIST2 CRATE7 DEPOT1-2-4 LOADAREA DEPOT1) [D:1.0000; C:1.0000]
 157.0000: (DROP HOIST0 CRATE0 DEPOT0-2-2 DEPOT0-1-2 DEPOT0) [D:1.0000; C:1.0000]
 157.0000: (MOVE HOIST1 DEPOT2-1-3 DEPOT2-2-3) [D:1.0000; C:1.0000]
 158.0000: (LIFT HOIST3 CRATE7 DEPOT1-2-4 LOADAREA DEPOT1) [D:1.0000; C:1.0000]
 158.0000: (LIFT HOIST0 CRATE0 DEPOT0-2-2 DEPOT0-1-2 DEPOT0) [D:1.0000; C:1.0000]
 158.0000: (MOVE HOIST1 DEPOT2-2-3 DEPOT2-2-2) [D:1.0000; C:1.0000]
 159.0000: (DROP HOIST3 CRATE7 CONTAINER-2-2 LOADAREA CONTAINER2) [D:1.0000; C:1.0000]
 159.0000: (DROP HOIST0 CRATE0 DEPOT0-2-2 DEPOT0-1-2 DEPOT0) [D:1.0000; C:1.0000]
 159.0000: (GO-OUT HOIST1 DEPOT2-2-2 LOADAREA) [D:1.0000; C:1.0000]
 160.0000: (LIFT HOIST3 CRATE5 CONTAINER-1-3 LOADAREA CONTAINER1) [D:1.0000; C:1.0000]
 160.0000: (LIFT HOIST0 CRATE0 DEPOT0-2-2 DEPOT0-1-2 DEPOT0) [D:1.0000; C:1.0000]
 161.0000: (DROP HOIST3 CRATE5 DEPOT1-2-4 LOADAREA DEPOT1) [D:1.0000; C:1.0000]
 161.0000: (DROP HOIST0 CRATE0 DEPOT0-2-2 DEPOT0-1-2 DEPOT0) [D:1.0000; C:1.0000]
 162.0000: (LIFT HOIST3 CRATE5 DEPOT1-2-4 LOADAREA DEPOT1) [D:1.0000; C:1.0000]
 162.0000: (LIFT HOIST0 CRATE0 DEPOT0-2-2 DEPOT0-1-2 DEPOT0) [D:1.0000; C:1.0000]
 163.0000: (DROP HOIST3 CRATE5 DEPOT1-2-4 LOADAREA DEPOT1) [D:1.0000; C:1.0000]
 163.0000: (DROP HOIST0 CRATE0 DEPOT0-2-2 DEPOT0-1-2 DEPOT0) [D:1.0000; C:1.0000]
 164.0000: (LIFT HOIST3 CRATE1 CONTAINER-1-1 LOADAREA CONTAINER1) [D:1.0000; C:1.0000]
 164.0000: (LIFT HOIST0 CRATE0 DEPOT0-2-2 DEPOT0-1-2 DEPOT0) [D:1.0000; C:1.0000]
 164.0000: (LIFT HOIST2 CRATE5 DEPOT1-2-4 LOADAREA DEPOT1) [D:1.0000; C:1.0000]
 165.0000: (DROP HOIST0 CRATE0 DEPOT0-2-2 DEPOT0-1-2 DEPOT0) [D:1.0000; C:1.0000]
 165.0000: (DROP HOIST2 CRATE5 CONTAINER-2-0 LOADAREA CONTAINER2) [D:1.0000; C:1.0000]
 166.0000: (LIFT HOIST0 CRATE0 DEPOT0-2-2 DEPOT0-1-2 DEPOT0) [D:1.0000; C:1.0000]
 167.0000: (DROP HOIST0 CRATE0 DEPOT0-2-2 DEPOT0-1-2 DEPOT0) [D:1.0000; C:1.0000]
 168.0000: (LIFT HOIST0 CRATE0 DEPOT0-2-2 DEPOT0-1-2 DEPOT0) [D:1.0000; C:1.0000]
 169.0000: (MOVE HOIST0 DEPOT0-1-2 DEPOT0-1-1) [D:1.0000; C:1.0000]
 169.0000: (DROP HOIST3 CRATE1 DEPOT0-2-2 LOADAREA DEPOT0) [D:1.0000; C:1.0000]
 170.0000: (DROP HOIST0 CRATE0 DEPOT0-2-1 DEPOT0-1-1 DEPOT0) [D:1.0000; C:1.0000]
 170.0000: (LIFT HOIST3 CRATE7 CONTAINER-2-2 LOADAREA CONTAINER2) [D:1.0000; C:1.0000]
 171.0000: (DROP HOIST3 CRATE7 DEPOT1-2-4 LOADAREA DEPOT1) [D:1.0000; C:1.0000]
 172.0000: (LIFT HOIST3 CRATE7 DEPOT1-2-4 LOADAREA DEPOT1) [D:1.0000; C:1.0000]
 173.0000: (DROP HOIST3 CRATE7 CONTAINER-2-1 LOADAREA CONTAINER2) [D:1.0000; C:1.0000]
 174.0000: (LIFT HOIST3 CRATE6 CONTAINER-0-0 LOADAREA CONTAINER0) [D:1.0000; C:1.0000]
 174.0000: (LIFT HOIST2 CRATE7 CONTAINER-2-1 LOADAREA CONTAINER2) [D:1.0000; C:1.0000]
 175.0000: (DROP HOIST2 CRATE7 DEPOT1-2-4 LOADAREA DEPOT1) [D:1.0000; C:1.0000]
 176.0000: (LIFT HOIST2 CRATE7 DEPOT1-2-4 LOADAREA DEPOT1) [D:1.0000; C:1.0000]
 177.0000: (DROP HOIST2 CRATE7 DEPOT1-2-4 LOADAREA DEPOT1) [D:1.0000; C:1.0000]
 178.0000: (LIFT HOIST2 CRATE7 DEPOT1-2-4 LOADAREA DEPOT1) [D:1.0000; C:1.0000]
 179.0000: (DROP HOIST3 CRATE6 DEPOT1-2-4 LOADAREA DEPOT1) [D:1.0000; C:1.0000]
 179.0000: (DROP HOIST2 CRATE7 CONTAINER-0-3 LOADAREA CONTAINER0) [D:1.0000; C:1.0000]
 180.0000: (LIFT HOIST3 CRATE5 CONTAINER-2-0 LOADAREA CONTAINER2) [D:1.0000; C:1.0000]
 180.0000: (LIFT HOIST2 CRATE6 DEPOT1-2-4 LOADAREA DEPOT1) [D:1.0000; C:1.0000]
 181.0000: (DROP HOIST2 CRATE6 DEPOT1-2-4 LOADAREA DEPOT1) [D:1.0000; C:1.0000]
 182.0000: (LIFT HOIST2 CRATE6 DEPOT1-2-4 LOADAREA DEPOT1) [D:1.0000; C:1.0000]
 183.0000: (DROP HOIST2 CRATE6 DEPOT1-2-4 LOADAREA DEPOT1) [D:1.0000; C:1.0000]
 184.0000: (LIFT HOIST2 CRATE6 DEPOT1-2-4 LOADAREA DEPOT1) [D:1.0000; C:1.0000]
 185.0000: (DROP HOIST3 CRATE5 DEPOT1-2-4 LOADAREA DEPOT1) [D:1.0000; C:1.0000]
 185.0000: (DROP HOIST2 CRATE6 CONTAINER-1-0 LOADAREA CONTAINER1) [D:1.0000; C:1.0000]
 186.0000: (LIFT HOIST3 CRATE7 CONTAINER-0-3 LOADAREA CONTAINER0) [D:1.0000; C:1.0000]
 186.0000: (LIFT HOIST2 CRATE5 DEPOT1-2-4 LOADAREA DEPOT1) [D:1.0000; C:1.0000]
 187.0000: (DROP HOIST3 CRATE7 DEPOT1-2-4 LOADAREA DEPOT1) [D:1.0000; C:1.0000]
 187.0000: (DROP HOIST2 CRATE5 CONTAINER-0-2 LOADAREA CONTAINER0) [D:1.0000; C:1.0000]
 187.0000: (GO-IN HOIST1 LOADAREA CONTAINER-0-3) [D:1.0000; C:1.0000]
 188.0000: (LIFT HOIST3 CRATE6 CONTAINER-1-0 LOADAREA CONTAINER1) [D:1.0000; C:1.0000]
 188.0000: (LIFT HOIST2 CRATE7 DEPOT1-2-4 LOADAREA DEPOT1) [D:1.0000; C:1.0000]
 188.0000: (GO-OUT HOIST1 CONTAINER-0-3 LOADAREA) [D:1.0000; C:1.0000]
 189.0000: (DROP HOIST3 CRATE6 DEPOT1-2-4 LOADAREA DEPOT1) [D:1.0000; C:1.0000]
 189.0000: (DROP HOIST2 CRATE7 CONTAINER-1-3 LOADAREA CONTAINER1) [D:1.0000; C:1.0000]
 189.0000: (LIFT HOIST1 CRATE9 CONTAINER-1-2 LOADAREA CONTAINER1) [D:1.0000; C:1.0000]
 190.0000: (LIFT HOIST3 CRATE6 DEPOT1-2-4 LOADAREA DEPOT1) [D:1.0000; C:1.0000]
 191.0000: (DROP HOIST3 CRATE6 CONTAINER-1-1 LOADAREA CONTAINER1) [D:1.0000; C:1.0000]
 192.0000: (LIFT HOIST3 CRATE5 CONTAINER-0-2 LOADAREA CONTAINER0) [D:1.0000; C:1.0000]
 192.0000: (LIFT HOIST2 CRATE6 CONTAINER-1-1 LOADAREA CONTAINER1) [D:1.0000; C:1.0000]
 193.0000: (DROP HOIST2 CRATE6 DEPOT1-2-4 LOADAREA DEPOT1) [D:1.0000; C:1.0000]
 194.0000: (LIFT HOIST2 CRATE6 DEPOT1-2-4 LOADAREA DEPOT1) [D:1.0000; C:1.0000]
 195.0000: (DROP HOIST2 CRATE6 DEPOT1-2-4 LOADAREA DEPOT1) [D:1.0000; C:1.0000]
 196.0000: (LIFT HOIST2 CRATE6 DEPOT1-2-4 LOADAREA DEPOT1) [D:1.0000; C:1.0000]
 197.0000: (DROP HOIST3 CRATE5 DEPOT1-2-4 LOADAREA DEPOT1) [D:1.0000; C:1.0000]
 197.0000: (DROP HOIST2 CRATE6 CONTAINER-2-0 LOADAREA CONTAINER2) [D:1.0000; C:1.0000]
 198.0000: (LIFT HOIST3 CRATE7 CONTAINER-1-3 LOADAREA CONTAINER1) [D:1.0000; C:1.0000]
 198.0000: (LIFT HOIST2 CRATE5 DEPOT1-2-4 LOADAREA DEPOT1) [D:1.0000; C:1.0000]
 199.0000: (DROP HOIST3 CRATE7 DEPOT1-2-4 LOADAREA DEPOT1) [D:1.0000; C:1.0000]
 200.0000: (LIFT HOIST3 CRATE7 DEPOT1-2-4 LOADAREA DEPOT1) [D:1.0000; C:1.0000]
 201.0000: (DROP HOIST3 CRATE7 CONTAINER-1-1 LOADAREA CONTAINER1) [D:1.0000; C:1.0000]
 201.0000: (DROP HOIST2 CRATE5 DEPOT1-2-4 LOADAREA DEPOT1) [D:1.0000; C:1.0000]
 202.0000: (LIFT HOIST3 CRATE6 CONTAINER-2-0 LOADAREA CONTAINER2) [D:1.0000; C:1.0000]
 202.0000: (LIFT HOIST2 CRATE5 DEPOT1-2-4 LOADAREA DEPOT1) [D:1.0000; C:1.0000]
 203.0000: (DROP HOIST2 CRATE5 DEPOT1-2-4 LOADAREA DEPOT1) [D:1.0000; C:1.0000]
 204.0000: (LIFT HOIST2 CRATE5 DEPOT1-2-4 LOADAREA DEPOT1) [D:1.0000; C:1.0000]
 205.0000: (DROP HOIST3 CRATE6 DEPOT1-2-4 LOADAREA DEPOT1) [D:1.0000; C:1.0000]
 205.0000: (DROP HOIST2 CRATE5 CONTAINER-0-2 LOADAREA CONTAINER0) [D:1.0000; C:1.0000]
 206.0000: (LIFT HOIST3 CRATE1 DEPOT0-2-2 LOADAREA DEPOT0) [D:1.0000; C:1.0000]
 206.0000: (LIFT HOIST2 CRATE6 DEPOT1-2-4 LOADAREA DEPOT1) [D:1.0000; C:1.0000]
 207.0000: (DROP HOIST3 CRATE1 CONTAINER-1-0 LOADAREA CONTAINER1) [D:1.0000; C:1.0000]
 207.0000: (DROP HOIST2 CRATE6 CONTAINER-0-0 LOADAREA CONTAINER0) [D:1.0000; C:1.0000]
 208.0000: (LIFT HOIST3 CRATE3 CONTAINER-0-1 LOADAREA CONTAINER0) [D:1.0000; C:1.0000]
 208.0000: (LIFT HOIST2 CRATE7 CONTAINER-1-1 LOADAREA CONTAINER1) [D:1.0000; C:1.0000]
 209.0000: (GO-IN HOIST3 LOADAREA DEPOT0-2-2) [D:1.0000; C:1.0000]
 209.0000: (DROP HOIST2 CRATE7 DEPOT1-2-4 LOADAREA DEPOT1) [D:1.0000; C:1.0000]
 210.0000: (DROP HOIST3 CRATE3 DEPOT0-1-2 DEPOT0-2-2 DEPOT0) [D:1.0000; C:1.0000]
 210.0000: (LIFT HOIST2 CRATE6 CONTAINER-0-0 LOADAREA CONTAINER0) [D:1.0000; C:1.0000]
 211.0000: (GO-OUT HOIST3 DEPOT0-2-2 LOADAREA) [D:1.0000; C:1.0000]
 212.0000: (LIFT HOIST3 CRATE1 CONTAINER-1-0 LOADAREA CONTAINER1) [D:1.0000; C:1.0000]
 213.0000: (DROP HOIST3 CRATE1 DEPOT0-2-2 LOADAREA DEPOT0) [D:1.0000; C:1.0000]
 214.0000: (LIFT HOIST3 CRATE7 DEPOT1-2-4 LOADAREA DEPOT1) [D:1.0000; C:1.0000]
 215.0000: (DROP HOIST2 CRATE6 DEPOT1-2-4 LOADAREA DEPOT1) [D:1.0000; C:1.0000]
 216.0000: (LIFT HOIST2 CRATE6 DEPOT1-2-4 LOADAREA DEPOT1) [D:1.0000; C:1.0000]
 217.0000: (DROP HOIST2 CRATE6 CONTAINER-2-2 LOADAREA CONTAINER2) [D:1.0000; C:1.0000]
 217.0000: (DROP HOIST3 CRATE7 DEPOT1-2-4 LOADAREA DEPOT1) [D:1.0000; C:1.0000]
 218.0000: (LIFT HOIST2 CRATE5 CONTAINER-0-2 LOADAREA CONTAINER0) [D:1.0000; C:1.0000]
 218.0000: (LIFT HOIST3 CRATE7 DEPOT1-2-4 LOADAREA DEPOT1) [D:1.0000; C:1.0000]
 219.0000: (DROP HOIST2 CRATE5 DEPOT1-2-4 LOADAREA DEPOT1) [D:1.0000; C:1.0000]
 220.0000: (LIFT HOIST2 CRATE6 CONTAINER-2-2 LOADAREA CONTAINER2) [D:1.0000; C:1.0000]
 221.0000: (DROP HOIST2 CRATE6 CONTAINER-0-0 LOADAREA CONTAINER0) [D:1.0000; C:1.0000]
 222.0000: (LIFT HOIST2 CRATE5 DEPOT1-2-4 LOADAREA DEPOT1) [D:1.0000; C:1.0000]
 223.0000: (DROP HOIST2 CRATE5 CONTAINER-2-0 LOADAREA CONTAINER2) [D:1.0000; C:1.0000]
 223.0000: (DROP HOIST3 CRATE7 DEPOT1-2-4 LOADAREA DEPOT1) [D:1.0000; C:1.0000]
 224.0000: (LIFT HOIST2 CRATE6 CONTAINER-0-0 LOADAREA CONTAINER0) [D:1.0000; C:1.0000]
 224.0000: (LIFT HOIST3 CRATE7 DEPOT1-2-4 LOADAREA DEPOT1) [D:1.0000; C:1.0000]
 225.0000: (DROP HOIST1 CRATE9 DEPOT1-2-4 LOADAREA DEPOT1) [D:1.0000; C:1.0000]
 226.0000: (LIFT HOIST1 CRATE9 DEPOT1-2-4 LOADAREA DEPOT1) [D:1.0000; C:1.0000]
 227.0000: (DROP HOIST3 CRATE7 DEPOT1-2-4 LOADAREA DEPOT1) [D:1.0000; C:1.0000]
 227.0000: (DROP HOIST1 CRATE9 DEPOT2-2-2 LOADAREA DEPOT2) [D:1.0000; C:1.0000]
 228.0000: (LIFT HOIST3 CRATE7 DEPOT1-2-4 LOADAREA DEPOT1) [D:1.0000; C:1.0000]
 229.0000: (DROP HOIST2 CRATE6 DEPOT1-2-4 LOADAREA DEPOT1) [D:1.0000; C:1.0000]
 230.0000: (LIFT HOIST1 CRATE6 DEPOT1-2-4 LOADAREA DEPOT1) [D:1.0000; C:1.0000]
 231.0000: (DROP HOIST1 CRATE6 CONTAINER-2-1 LOADAREA CONTAINER2) [D:1.0000; C:1.0000]
 232.0000: (LIFT HOIST1 CRATE5 CONTAINER-2-0 LOADAREA CONTAINER2) [D:1.0000; C:1.0000]
 233.0000: (DROP HOIST1 CRATE5 DEPOT1-2-4 LOADAREA DEPOT1) [D:1.0000; C:1.0000]
 234.0000: (LIFT HOIST1 CRATE5 DEPOT1-2-4 LOADAREA DEPOT1) [D:1.0000; C:1.0000]
 235.0000: (GO-IN HOIST2 LOADAREA DEPOT1-2-4) [D:1.0000; C:1.0000]
 236.0000: (GO-OUT HOIST2 DEPOT1-2-4 LOADAREA) [D:1.0000; C:1.0000]
 237.0000: (LIFT HOIST2 CRATE6 CONTAINER-2-1 LOADAREA CONTAINER2) [D:1.0000; C:1.0000]
 238.0000: (DROP HOIST2 CRATE6 DEPOT1-2-4 LOADAREA DEPOT1) [D:1.0000; C:1.0000]
 239.0000: (LIFT HOIST2 CRATE6 DEPOT1-2-4 LOADAREA DEPOT1) [D:1.0000; C:1.0000]
 240.0000: (DROP HOIST3 CRATE7 DEPOT1-2-4 LOADAREA DEPOT1) [D:1.0000; C:1.0000]
 241.0000: (LIFT HOIST3 CRATE7 DEPOT1-2-4 LOADAREA DEPOT1) [D:1.0000; C:1.0000]
 242.0000: (DROP HOIST1 CRATE5 DEPOT1-2-4 LOADAREA DEPOT1) [D:1.0000; C:1.0000]
 243.0000: (LIFT HOIST1 CRATE5 DEPOT1-2-4 LOADAREA DEPOT1) [D:1.0000; C:1.0000]
 244.0000: (DROP HOIST3 CRATE7 DEPOT1-2-4 LOADAREA DEPOT1) [D:1.0000; C:1.0000]
 244.0000: (DROP HOIST1 CRATE5 CONTAINER-1-3 LOADAREA CONTAINER1) [D:1.0000; C:1.0000]
 245.0000: (LIFT HOIST3 CRATE7 DEPOT1-2-4 LOADAREA DEPOT1) [D:1.0000; C:1.0000]
 246.0000: (DROP HOIST3 CRATE7 DEPOT1-2-4 LOADAREA DEPOT1) [D:1.0000; C:1.0000]
 247.0000: (LIFT HOIST3 CRATE7 DEPOT1-2-4 LOADAREA DEPOT1) [D:1.0000; C:1.0000]
 248.0000: (DROP HOIST2 CRATE6 DEPOT1-2-4 LOADAREA DEPOT1) [D:1.0000; C:1.0000]
 248.0000: (DROP HOIST3 CRATE7 CONTAINER-0-2 LOADAREA CONTAINER0) [D:1.0000; C:1.0000]
 249.0000: (LIFT HOIST2 CRATE6 DEPOT1-2-4 LOADAREA DEPOT1) [D:1.0000; C:1.0000]
 250.0000: (DROP HOIST2 CRATE6 DEPOT1-2-4 LOADAREA DEPOT1) [D:1.0000; C:1.0000]
 251.0000: (LIFT HOIST2 CRATE6 DEPOT1-2-4 LOADAREA DEPOT1) [D:1.0000; C:1.0000]
 252.0000: (GO-IN HOIST1 LOADAREA DEPOT1-2-4) [D:1.0000; C:1.0000]
 253.0000: (GO-OUT HOIST1 DEPOT1-2-4 LOADAREA) [D:1.0000; C:1.0000]
 254.0000: (DROP HOIST2 CRATE6 DEPOT1-2-4 LOADAREA DEPOT1) [D:1.0000; C:1.0000]
 254.0000: (LIFT HOIST1 CRATE5 CONTAINER-1-3 LOADAREA CONTAINER1) [D:1.0000; C:1.0000]
 255.0000: (LIFT HOIST2 CRATE6 DEPOT1-2-4 LOADAREA DEPOT1) [D:1.0000; C:1.0000]
 256.0000: (DROP HOIST2 CRATE6 DEPOT1-2-4 LOADAREA DEPOT1) [D:1.0000; C:1.0000]
 257.0000: (LIFT HOIST2 CRATE6 DEPOT1-2-4 LOADAREA DEPOT1) [D:1.0000; C:1.0000]
 258.0000: (DROP HOIST2 CRATE6 DEPOT1-2-4 LOADAREA DEPOT1) [D:1.0000; C:1.0000]
 259.0000: (LIFT HOIST3 CRATE6 DEPOT1-2-4 LOADAREA DEPOT1) [D:1.0000; C:1.0000]
 260.0000: (DROP HOIST3 CRATE6 DEPOT1-2-4 LOADAREA DEPOT1) [D:1.0000; C:1.0000]
 261.0000: (LIFT HOIST2 CRATE6 DEPOT1-2-4 LOADAREA DEPOT1) [D:1.0000; C:1.0000]
 262.0000: (DROP HOIST2 CRATE6 DEPOT1-2-4 LOADAREA DEPOT1) [D:1.0000; C:1.0000]
 263.0000: (LIFT HOIST2 CRATE6 DEPOT1-2-4 LOADAREA DEPOT1) [D:1.0000; C:1.0000]
 264.0000: (DROP HOIST2 CRATE6 DEPOT1-2-4 LOADAREA DEPOT1) [D:1.0000; C:1.0000]
 265.0000: (LIFT HOIST3 CRATE6 DEPOT1-2-4 LOADAREA DEPOT1) [D:1.0000; C:1.0000]
 266.0000: (DROP HOIST3 CRATE6 DEPOT1-2-4 LOADAREA DEPOT1) [D:1.0000; C:1.0000]
 267.0000: (LIFT HOIST3 CRATE6 DEPOT1-2-4 LOADAREA DEPOT1) [D:1.0000; C:1.0000]
 268.0000: (DROP HOIST3 CRATE6 DEPOT1-2-4 LOADAREA DEPOT1) [D:1.0000; C:1.0000]
 269.0000: (LIFT HOIST2 CRATE6 DEPOT1-2-4 LOADAREA DEPOT1) [D:1.0000; C:1.0000]
 270.0000: (DROP HOIST2 CRATE6 DEPOT1-2-4 LOADAREA DEPOT1) [D:1.0000; C:1.0000]
 271.0000: (LIFT HOIST3 CRATE6 DEPOT1-2-4 LOADAREA DEPOT1) [D:1.0000; C:1.0000]
 272.0000: (DROP HOIST3 CRATE6 DEPOT1-2-4 LOADAREA DEPOT1) [D:1.0000; C:1.0000]
 273.0000: (LIFT HOIST3 CRATE6 DEPOT1-2-4 LOADAREA DEPOT1) [D:1.0000; C:1.0000]
 274.0000: (DROP HOIST3 CRATE6 DEPOT1-2-4 LOADAREA DEPOT1) [D:1.0000; C:1.0000]
 275.0000: (LIFT HOIST3 CRATE6 DEPOT1-2-4 LOADAREA DEPOT1) [D:1.0000; C:1.0000]
 276.0000: (DROP HOIST3 CRATE6 DEPOT1-2-4 LOADAREA DEPOT1) [D:1.0000; C:1.0000]
 277.0000: (LIFT HOIST3 CRATE6 DEPOT1-2-4 LOADAREA DEPOT1) [D:1.0000; C:1.0000]
 278.0000: (DROP HOIST1 CRATE5 DEPOT1-2-4 LOADAREA DEPOT1) [D:1.0000; C:1.0000]
 278.0000: (DROP HOIST3 CRATE6 CONTAINER-0-3 LOADAREA CONTAINER0) [D:1.0000; C:1.0000]
 279.0000: (LIFT HOIST2 CRATE6 CONTAINER-0-3 LOADAREA CONTAINER0) [D:1.0000; C:1.0000]
 279.0000: (LIFT HOIST3 CRATE5 DEPOT1-2-4 LOADAREA DEPOT1) [D:1.0000; C:1.0000]
 280.0000: (DROP HOIST3 CRATE5 DEPOT1-2-4 LOADAREA DEPOT1) [D:1.0000; C:1.0000]
 281.0000: (LIFT HOIST3 CRATE5 DEPOT1-2-4 LOADAREA DEPOT1) [D:1.0000; C:1.0000]
 282.0000: (DROP HOIST3 CRATE5 DEPOT1-2-4 LOADAREA DEPOT1) [D:1.0000; C:1.0000]
 283.0000: (LIFT HOIST1 CRATE5 DEPOT1-2-4 LOADAREA DEPOT1) [D:1.0000; C:1.0000]
 284.0000: (DROP HOIST1 CRATE5 DEPOT1-2-4 LOADAREA DEPOT1) [D:1.0000; C:1.0000]
 285.0000: (LIFT HOIST1 CRATE5 DEPOT1-2-4 LOADAREA DEPOT1) [D:1.0000; C:1.0000]
 286.0000: (DROP HOIST1 CRATE5 DEPOT1-2-4 LOADAREA DEPOT1) [D:1.0000; C:1.0000]
 287.0000: (LIFT HOIST3 CRATE5 DEPOT1-2-4 LOADAREA DEPOT1) [D:1.0000; C:1.0000]
 288.0000: (DROP HOIST3 CRATE5 DEPOT1-2-4 LOADAREA DEPOT1) [D:1.0000; C:1.0000]
 289.0000: (LIFT HOIST1 CRATE5 DEPOT1-2-4 LOADAREA DEPOT1) [D:1.0000; C:1.0000]
 290.0000: (DROP HOIST2 CRATE6 DEPOT1-2-4 LOADAREA DEPOT1) [D:1.0000; C:1.0000]
 290.0000: (DROP HOIST1 CRATE5 CONTAINER-1-2 LOADAREA CONTAINER1) [D:1.0000; C:1.0000]
 291.0000: (LIFT HOIST2 CRATE6 DEPOT1-2-4 LOADAREA DEPOT1) [D:1.0000; C:1.0000]
 292.0000: (DROP HOIST2 CRATE6 DEPOT1-2-4 LOADAREA DEPOT1) [D:1.0000; C:1.0000]
 293.0000: (LIFT HOIST1 CRATE6 DEPOT1-2-4 LOADAREA DEPOT1) [D:1.0000; C:1.0000]
 294.0000: (DROP HOIST1 CRATE6 DEPOT1-2-4 LOADAREA DEPOT1) [D:1.0000; C:1.0000]
 295.0000: (LIFT HOIST1 CRATE6 DEPOT1-2-4 LOADAREA DEPOT1) [D:1.0000; C:1.0000]
 296.0000: (DROP HOIST1 CRATE6 DEPOT1-2-4 LOADAREA DEPOT1) [D:1.0000; C:1.0000]
 297.0000: (LIFT HOIST2 CRATE6 DEPOT1-2-4 LOADAREA DEPOT1) [D:1.0000; C:1.0000]
 298.0000: (DROP HOIST2 CRATE6 DEPOT1-2-4 LOADAREA DEPOT1) [D:1.0000; C:1.0000]
 299.0000: (LIFT HOIST1 CRATE6 DEPOT1-2-4 LOADAREA DEPOT1) [D:1.0000; C:1.0000]
 300.0000: (DROP HOIST1 CRATE6 DEPOT1-2-4 LOADAREA DEPOT1) [D:1.0000; C:1.0000]
 301.0000: (LIFT HOIST1 CRATE6 DEPOT1-2-4 LOADAREA DEPOT1) [D:1.0000; C:1.0000]
 302.0000: (DROP HOIST1 CRATE6 DEPOT1-2-4 LOADAREA DEPOT1) [D:1.0000; C:1.0000]
 303.0000: (LIFT HOIST2 CRATE6 DEPOT1-2-4 LOADAREA DEPOT1) [D:1.0000; C:1.0000]
 304.0000: (DROP HOIST2 CRATE6 DEPOT1-2-4 LOADAREA DEPOT1) [D:1.0000; C:1.0000]
 305.0000: (LIFT HOIST1 CRATE6 DEPOT1-2-4 LOADAREA DEPOT1) [D:1.0000; C:1.0000]
 306.0000: (DROP HOIST1 CRATE6 DEPOT1-2-4 LOADAREA DEPOT1) [D:1.0000; C:1.0000]
 307.0000: (LIFT HOIST1 CRATE6 DEPOT1-2-4 LOADAREA DEPOT1) [D:1.0000; C:1.0000]
 308.0000: (DROP HOIST1 CRATE6 DEPOT1-2-4 LOADAREA DEPOT1) [D:1.0000; C:1.0000]
 309.0000: (LIFT HOIST1 CRATE6 DEPOT1-2-4 LOADAREA DEPOT1) [D:1.0000; C:1.0000]
 310.0000: (DROP HOIST1 CRATE6 DEPOT1-2-4 LOADAREA DEPOT1) [D:1.0000; C:1.0000]
 311.0000: (LIFT HOIST2 CRATE6 DEPOT1-2-4 LOADAREA DEPOT1) [D:1.0000; C:1.0000]
 312.0000: (DROP HOIST2 CRATE6 DEPOT1-2-4 LOADAREA DEPOT1) [D:1.0000; C:1.0000]
 313.0000: (LIFT HOIST3 CRATE6 DEPOT1-2-4 LOADAREA DEPOT1) [D:1.0000; C:1.0000]
 314.0000: (DROP HOIST3 CRATE6 DEPOT1-2-4 LOADAREA DEPOT1) [D:1.0000; C:1.0000]
 315.0000: (LIFT HOIST3 CRATE6 DEPOT1-2-4 LOADAREA DEPOT1) [D:1.0000; C:1.0000]
 316.0000: (DROP HOIST3 CRATE6 DEPOT1-2-4 LOADAREA DEPOT1) [D:1.0000; C:1.0000]
 317.0000: (LIFT HOIST2 CRATE6 DEPOT1-2-4 LOADAREA DEPOT1) [D:1.0000; C:1.0000]
 318.0000: (DROP HOIST2 CRATE6 DEPOT1-2-4 LOADAREA DEPOT1) [D:1.0000; C:1.0000]
 319.0000: (LIFT HOIST2 CRATE6 DEPOT1-2-4 LOADAREA DEPOT1) [D:1.0000; C:1.0000]
 320.0000: (DROP HOIST2 CRATE6 DEPOT1-2-4 LOADAREA DEPOT1) [D:1.0000; C:1.0000]
 321.0000: (LIFT HOIST2 CRATE6 DEPOT1-2-4 LOADAREA DEPOT1) [D:1.0000; C:1.0000]
 322.0000: (DROP HOIST2 CRATE6 DEPOT1-2-4 LOADAREA DEPOT1) [D:1.0000; C:1.0000]
 323.0000: (LIFT HOIST2 CRATE6 DEPOT1-2-4 LOADAREA DEPOT1) [D:1.0000; C:1.0000]
 324.0000: (DROP HOIST2 CRATE6 DEPOT1-2-4 LOADAREA DEPOT1) [D:1.0000; C:1.0000]
 325.0000: (LIFT HOIST3 CRATE6 DEPOT1-2-4 LOADAREA DEPOT1) [D:1.0000; C:1.0000]
 326.0000: (DROP HOIST3 CRATE6 DEPOT1-2-4 LOADAREA DEPOT1) [D:1.0000; C:1.0000]
 327.0000: (LIFT HOIST3 CRATE6 DEPOT1-2-4 LOADAREA DEPOT1) [D:1.0000; C:1.0000]
 328.0000: (DROP HOIST3 CRATE6 DEPOT1-2-4 LOADAREA DEPOT1) [D:1.0000; C:1.0000]
 329.0000: (LIFT HOIST2 CRATE6 DEPOT1-2-4 LOADAREA DEPOT1) [D:1.0000; C:1.0000]
 330.0000: (DROP HOIST2 CRATE6 DEPOT1-2-4 LOADAREA DEPOT1) [D:1.0000; C:1.0000]
 331.0000: (LIFT HOIST3 CRATE6 DEPOT1-2-4 LOADAREA DEPOT1) [D:1.0000; C:1.0000]
 332.0000: (DROP HOIST3 CRATE6 DEPOT1-2-4 LOADAREA DEPOT1) [D:1.0000; C:1.0000]
 333.0000: (LIFT HOIST3 CRATE6 DEPOT1-2-4 LOADAREA DEPOT1) [D:1.0000; C:1.0000]
 334.0000: (DROP HOIST3 CRATE6 DEPOT1-2-4 LOADAREA DEPOT1) [D:1.0000; C:1.0000]
 335.0000: (LIFT HOIST2 CRATE6 DEPOT1-2-4 LOADAREA DEPOT1) [D:1.0000; C:1.0000]
 336.0000: (DROP HOIST2 CRATE6 DEPOT1-2-4 LOADAREA DEPOT1) [D:1.0000; C:1.0000]
 337.0000: (LIFT HOIST3 CRATE6 DEPOT1-2-4 LOADAREA DEPOT1) [D:1.0000; C:1.0000]
 338.0000: (DROP HOIST3 CRATE6 DEPOT1-2-4 LOADAREA DEPOT1) [D:1.0000; C:1.0000]
 339.0000: (LIFT HOIST2 CRATE6 DEPOT1-2-4 LOADAREA DEPOT1) [D:1.0000; C:1.0000]
 340.0000: (DROP HOIST2 CRATE6 DEPOT1-2-4 LOADAREA DEPOT1) [D:1.0000; C:1.0000]
 341.0000: (LIFT HOIST2 CRATE6 DEPOT1-2-4 LOADAREA DEPOT1) [D:1.0000; C:1.0000]
 342.0000: (DROP HOIST2 CRATE6 DEPOT1-2-4 LOADAREA DEPOT1) [D:1.0000; C:1.0000]
 343.0000: (LIFT HOIST3 CRATE6 DEPOT1-2-4 LOADAREA DEPOT1) [D:1.0000; C:1.0000]
 344.0000: (DROP HOIST3 CRATE6 DEPOT1-2-4 LOADAREA DEPOT1) [D:1.0000; C:1.0000]
 345.0000: (LIFT HOIST3 CRATE6 DEPOT1-2-4 LOADAREA DEPOT1) [D:1.0000; C:1.0000]
 346.0000: (DROP HOIST3 CRATE6 DEPOT1-2-4 LOADAREA DEPOT1) [D:1.0000; C:1.0000]
 347.0000: (LIFT HOIST2 CRATE6 DEPOT1-2-4 LOADAREA DEPOT1) [D:1.0000; C:1.0000]
 348.0000: (DROP HOIST2 CRATE6 DEPOT1-2-4 LOADAREA DEPOT1) [D:1.0000; C:1.0000]
 349.0000: (LIFT HOIST2 CRATE6 DEPOT1-2-4 LOADAREA DEPOT1) [D:1.0000; C:1.0000]
 350.0000: (DROP HOIST2 CRATE6 DEPOT1-2-4 LOADAREA DEPOT1) [D:1.0000; C:1.0000]
 351.0000: (LIFT HOIST3 CRATE6 DEPOT1-2-4 LOADAREA DEPOT1) [D:1.0000; C:1.0000]
 352.0000: (DROP HOIST3 CRATE6 DEPOT1-2-4 LOADAREA DEPOT1) [D:1.0000; C:1.0000]
 353.0000: (LIFT HOIST2 CRATE6 DEPOT1-2-4 LOADAREA DEPOT1) [D:1.0000; C:1.0000]
 354.0000: (DROP HOIST2 CRATE6 DEPOT1-2-4 LOADAREA DEPOT1) [D:1.0000; C:1.0000]
 355.0000: (LIFT HOIST2 CRATE6 DEPOT1-2-4 LOADAREA DEPOT1) [D:1.0000; C:1.0000]
 356.0000: (DROP HOIST2 CRATE6 DEPOT1-2-4 LOADAREA DEPOT1) [D:1.0000; C:1.0000]
 357.0000: (LIFT HOIST1 CRATE6 DEPOT1-2-4 LOADAREA DEPOT1) [D:1.0000; C:1.0000]
 358.0000: (DROP HOIST1 CRATE6 CONTAINER-1-0 LOADAREA CONTAINER1) [D:1.0000; C:1.0000]
 359.0000: (LIFT HOIST1 CRATE5 CONTAINER-1-2 LOADAREA CONTAINER1) [D:1.0000; C:1.0000]
 359.0000: (LIFT HOIST3 CRATE6 CONTAINER-1-0 LOADAREA CONTAINER1) [D:1.0000; C:1.0000]
 360.0000: (DROP HOIST1 CRATE5 DEPOT1-2-4 LOADAREA DEPOT1) [D:1.0000; C:1.0000]
 361.0000: (LIFT HOIST1 CRATE5 DEPOT1-2-4 LOADAREA DEPOT1) [D:1.0000; C:1.0000]
 362.0000: (DROP HOIST3 CRATE6 DEPOT1-2-4 LOADAREA DEPOT1) [D:1.0000; C:1.0000]
 363.0000: (LIFT HOIST2 CRATE6 DEPOT1-2-4 LOADAREA DEPOT1) [D:1.0000; C:1.0000]
 364.0000: (DROP HOIST2 CRATE6 DEPOT1-2-4 LOADAREA DEPOT1) [D:1.0000; C:1.0000]
 365.0000: (LIFT HOIST3 CRATE6 DEPOT1-2-4 LOADAREA DEPOT1) [D:1.0000; C:1.0000]
 366.0000: (DROP HOIST3 CRATE6 DEPOT1-2-4 LOADAREA DEPOT1) [D:1.0000; C:1.0000]
 367.0000: (LIFT HOIST2 CRATE6 DEPOT1-2-4 LOADAREA DEPOT1) [D:1.0000; C:1.0000]
 368.0000: (DROP HOIST2 CRATE6 DEPOT1-2-4 LOADAREA DEPOT1) [D:1.0000; C:1.0000]
 369.0000: (LIFT HOIST2 CRATE6 DEPOT1-2-4 LOADAREA DEPOT1) [D:1.0000; C:1.0000]
 370.0000: (DROP HOIST2 CRATE6 DEPOT1-2-4 LOADAREA DEPOT1) [D:1.0000; C:1.0000]
 371.0000: (LIFT HOIST3 CRATE6 DEPOT1-2-4 LOADAREA DEPOT1) [D:1.0000; C:1.0000]
 372.0000: (DROP HOIST3 CRATE6 DEPOT1-2-4 LOADAREA DEPOT1) [D:1.0000; C:1.0000]
 373.0000: (LIFT HOIST2 CRATE6 DEPOT1-2-4 LOADAREA DEPOT1) [D:1.0000; C:1.0000]
 374.0000: (DROP HOIST2 CRATE6 DEPOT1-2-4 LOADAREA DEPOT1) [D:1.0000; C:1.0000]
 375.0000: (LIFT HOIST2 CRATE6 DEPOT1-2-4 LOADAREA DEPOT1) [D:1.0000; C:1.0000]
 376.0000: (DROP HOIST2 CRATE6 DEPOT1-2-4 LOADAREA DEPOT1) [D:1.0000; C:1.0000]
 377.0000: (LIFT HOIST2 CRATE6 DEPOT1-2-4 LOADAREA DEPOT1) [D:1.0000; C:1.0000]
 378.0000: (DROP HOIST2 CRATE6 DEPOT1-2-4 LOADAREA DEPOT1) [D:1.0000; C:1.0000]
 379.0000: (LIFT HOIST2 CRATE6 DEPOT1-2-4 LOADAREA DEPOT1) [D:1.0000; C:1.0000]
 380.0000: (DROP HOIST2 CRATE6 DEPOT1-2-4 LOADAREA DEPOT1) [D:1.0000; C:1.0000]
 381.0000: (LIFT HOIST2 CRATE6 DEPOT1-2-4 LOADAREA DEPOT1) [D:1.0000; C:1.0000]
 382.0000: (DROP HOIST1 CRATE5 DEPOT1-2-4 LOADAREA DEPOT1) [D:1.0000; C:1.0000]
 383.0000: (LIFT HOIST3 CRATE5 DEPOT1-2-4 LOADAREA DEPOT1) [D:1.0000; C:1.0000]
 384.0000: (DROP HOIST3 CRATE5 DEPOT1-2-4 LOADAREA DEPOT1) [D:1.0000; C:1.0000]
 385.0000: (LIFT HOIST3 CRATE5 DEPOT1-2-4 LOADAREA DEPOT1) [D:1.0000; C:1.0000]
 386.0000: (DROP HOIST3 CRATE5 DEPOT1-2-4 LOADAREA DEPOT1) [D:1.0000; C:1.0000]
 387.0000: (LIFT HOIST3 CRATE5 DEPOT1-2-4 LOADAREA DEPOT1) [D:1.0000; C:1.0000]
 388.0000: (DROP HOIST3 CRATE5 DEPOT1-2-4 LOADAREA DEPOT1) [D:1.0000; C:1.0000]
 389.0000: (LIFT HOIST3 CRATE5 DEPOT1-2-4 LOADAREA DEPOT1) [D:1.0000; C:1.0000]
 390.0000: (DROP HOIST3 CRATE5 DEPOT1-2-4 LOADAREA DEPOT1) [D:1.0000; C:1.0000]
 391.0000: (LIFT HOIST1 CRATE5 DEPOT1-2-4 LOADAREA DEPOT1) [D:1.0000; C:1.0000]
 392.0000: (DROP HOIST1 CRATE5 DEPOT1-2-4 LOADAREA DEPOT1) [D:1.0000; C:1.0000]
 393.0000: (LIFT HOIST3 CRATE5 DEPOT1-2-4 LOADAREA DEPOT1) [D:1.0000; C:1.0000]
 394.0000: (DROP HOIST3 CRATE5 DEPOT1-2-4 LOADAREA DEPOT1) [D:1.0000; C:1.0000]
 395.0000: (LIFT HOIST1 CRATE5 DEPOT1-2-4 LOADAREA DEPOT1) [D:1.0000; C:1.0000]
 396.0000: (DROP HOIST1 CRATE5 DEPOT1-2-4 LOADAREA DEPOT1) [D:1.0000; C:1.0000]
 397.0000: (LIFT HOIST3 CRATE5 DEPOT1-2-4 LOADAREA DEPOT1) [D:1.0000; C:1.0000]
 398.0000: (DROP HOIST3 CRATE5 DEPOT1-2-4 LOADAREA DEPOT1) [D:1.0000; C:1.0000]
 399.0000: (LIFT HOIST3 CRATE5 DEPOT1-2-4 LOADAREA DEPOT1) [D:1.0000; C:1.0000]
 400.0000: (DROP HOIST3 CRATE5 DEPOT1-2-4 LOADAREA DEPOT1) [D:1.0000; C:1.0000]
 401.0000: (LIFT HOIST3 CRATE5 DEPOT1-2-4 LOADAREA DEPOT1) [D:1.0000; C:1.0000]
 402.0000: (DROP HOIST3 CRATE5 DEPOT1-2-4 LOADAREA DEPOT1) [D:1.0000; C:1.0000]
 403.0000: (LIFT HOIST3 CRATE5 DEPOT1-2-4 LOADAREA DEPOT1) [D:1.0000; C:1.0000]
 404.0000: (DROP HOIST3 CRATE5 DEPOT1-2-4 LOADAREA DEPOT1) [D:1.0000; C:1.0000]
 405.0000: (LIFT HOIST1 CRATE5 DEPOT1-2-4 LOADAREA DEPOT1) [D:1.0000; C:1.0000]
 406.0000: (DROP HOIST1 CRATE5 DEPOT1-2-4 LOADAREA DEPOT1) [D:1.0000; C:1.0000]
 407.0000: (LIFT HOIST1 CRATE5 DEPOT1-2-4 LOADAREA DEPOT1) [D:1.0000; C:1.0000]
 408.0000: (DROP HOIST1 CRATE5 DEPOT1-2-4 LOADAREA DEPOT1) [D:1.0000; C:1.0000]
 409.0000: (LIFT HOIST3 CRATE5 DEPOT1-2-4 LOADAREA DEPOT1) [D:1.0000; C:1.0000]
 410.0000: (DROP HOIST2 CRATE6 DEPOT1-2-4 LOADAREA DEPOT1) [D:1.0000; C:1.0000]
 411.0000: (LIFT HOIST2 CRATE6 DEPOT1-2-4 LOADAREA DEPOT1) [D:1.0000; C:1.0000]
 412.0000: (DROP HOIST2 CRATE6 CONTAINER-0-1 LOADAREA CONTAINER0) [D:1.0000; C:1.0000]
 413.0000: (GO-IN HOIST2 LOADAREA DEPOT1-2-4) [D:1.0000; C:1.0000]
 414.0000: (MOVE HOIST2 DEPOT1-2-4 DEPOT1-1-4) [D:1.0000; C:1.0000]
 415.0000: (DROP HOIST3 CRATE5 DEPOT1-2-4 LOADAREA DEPOT1) [D:1.0000; C:1.0000]
 416.0000: (LIFT HOIST2 CRATE5 DEPOT1-2-4 DEPOT1-1-4 DEPOT1) [D:1.0000; C:1.0000]
 416.0000: (LIFT HOIST3 CRATE6 CONTAINER-0-1 LOADAREA CONTAINER0) [D:1.0000; C:1.0000]
 417.0000: (DROP HOIST3 CRATE6 DEPOT1-2-4 LOADAREA DEPOT1) [D:1.0000; C:1.0000]
 418.0000: (LIFT HOIST1 CRATE6 DEPOT1-2-4 LOADAREA DEPOT1) [D:1.0000; C:1.0000]
 418.0000: (LIFT HOIST3 CRATE7 CONTAINER-0-2 LOADAREA CONTAINER0) [D:1.0000; C:1.0000]
 419.0000: (DROP HOIST1 CRATE6 DEPOT1-2-4 LOADAREA DEPOT1) [D:1.0000; C:1.0000]
 420.0000: (LIFT HOIST1 CRATE6 DEPOT1-2-4 LOADAREA DEPOT1) [D:1.0000; C:1.0000]
 421.0000: (DROP HOIST1 CRATE6 DEPOT1-2-4 LOADAREA DEPOT1) [D:1.0000; C:1.0000]
 422.0000: (LIFT HOIST1 CRATE6 DEPOT1-2-4 LOADAREA DEPOT1) [D:1.0000; C:1.0000]
 423.0000: (DROP HOIST2 CRATE5 DEPOT1-2-4 DEPOT1-1-4 DEPOT1) [D:1.0000; C:1.0000]
 424.0000: (LIFT HOIST2 CRATE5 DEPOT1-2-4 DEPOT1-1-4 DEPOT1) [D:1.0000; C:1.0000]
 425.0000: (DROP HOIST2 CRATE5 DEPOT1-2-4 DEPOT1-1-4 DEPOT1) [D:1.0000; C:1.0000]
 426.0000: (LIFT HOIST2 CRATE5 DEPOT1-2-4 DEPOT1-1-4 DEPOT1) [D:1.0000; C:1.0000]
 427.0000: (DROP HOIST2 CRATE5 DEPOT1-2-4 DEPOT1-1-4 DEPOT1) [D:1.0000; C:1.0000]
 428.0000: (LIFT HOIST2 CRATE5 DEPOT1-2-4 DEPOT1-1-4 DEPOT1) [D:1.0000; C:1.0000]
 429.0000: (DROP HOIST2 CRATE5 DEPOT1-2-4 DEPOT1-1-4 DEPOT1) [D:1.0000; C:1.0000]
 430.0000: (LIFT HOIST2 CRATE5 DEPOT1-2-4 DEPOT1-1-4 DEPOT1) [D:1.0000; C:1.0000]
 431.0000: (DROP HOIST2 CRATE5 DEPOT1-2-4 DEPOT1-1-4 DEPOT1) [D:1.0000; C:1.0000]
 432.0000: (LIFT HOIST2 CRATE5 DEPOT1-2-4 DEPOT1-1-4 DEPOT1) [D:1.0000; C:1.0000]
 433.0000: (DROP HOIST1 CRATE6 DEPOT1-2-4 LOADAREA DEPOT1) [D:1.0000; C:1.0000]
 433.0000: (MOVE HOIST2 DEPOT1-1-4 DEPOT1-1-3) [D:1.0000; C:1.0000]
 434.0000: (LIFT HOIST1 CRATE6 DEPOT1-2-4 LOADAREA DEPOT1) [D:1.0000; C:1.0000]
 434.0000: (MOVE HOIST2 DEPOT1-1-3 DEPOT1-1-2) [D:1.0000; C:1.0000]
 435.0000: (DROP HOIST2 CRATE5 DEPOT1-2-2 DEPOT1-1-2 DEPOT1) [D:1.0000; C:1.0000]
 435.0000: (DROP HOIST1 CRATE6 DEPOT1-2-4 LOADAREA DEPOT1) [D:1.0000; C:1.0000]
 436.0000: (LIFT HOIST1 CRATE6 DEPOT1-2-4 LOADAREA DEPOT1) [D:1.0000; C:1.0000]
 436.0000: (MOVE HOIST2 DEPOT1-1-2 DEPOT1-1-3) [D:1.0000; C:1.0000]
 437.0000: (DROP HOIST1 CRATE6 DEPOT1-2-4 LOADAREA DEPOT1) [D:1.0000; C:1.0000]
 437.0000: (MOVE HOIST2 DEPOT1-1-3 DEPOT1-1-4) [D:1.0000; C:1.0000]
 438.0000: (LIFT HOIST1 CRATE6 DEPOT1-2-4 LOADAREA DEPOT1) [D:1.0000; C:1.0000]
 439.0000: (DROP HOIST1 CRATE6 DEPOT1-2-4 LOADAREA DEPOT1) [D:1.0000; C:1.0000]
 440.0000: (LIFT HOIST1 CRATE6 DEPOT1-2-4 LOADAREA DEPOT1) [D:1.0000; C:1.0000]
 441.0000: (DROP HOIST1 CRATE6 DEPOT1-2-4 LOADAREA DEPOT1) [D:1.0000; C:1.0000]
 442.0000: (LIFT HOIST1 CRATE6 DEPOT1-2-4 LOADAREA DEPOT1) [D:1.0000; C:1.0000]
 443.0000: (DROP HOIST1 CRATE6 DEPOT1-2-4 LOADAREA DEPOT1) [D:1.0000; C:1.0000]
 444.0000: (LIFT HOIST1 CRATE6 DEPOT1-2-4 LOADAREA DEPOT1) [D:1.0000; C:1.0000]
 445.0000: (DROP HOIST1 CRATE6 DEPOT1-2-4 LOADAREA DEPOT1) [D:1.0000; C:1.0000]
 446.0000: (LIFT HOIST1 CRATE6 DEPOT1-2-4 LOADAREA DEPOT1) [D:1.0000; C:1.0000]
 447.0000: (DROP HOIST1 CRATE6 DEPOT1-2-4 LOADAREA DEPOT1) [D:1.0000; C:1.0000]
 448.0000: (LIFT HOIST1 CRATE6 DEPOT1-2-4 LOADAREA DEPOT1) [D:1.0000; C:1.0000]
 449.0000: (DROP HOIST1 CRATE6 DEPOT1-2-4 LOADAREA DEPOT1) [D:1.0000; C:1.0000]
 450.0000: (LIFT HOIST2 CRATE6 DEPOT1-2-4 DEPOT1-1-4 DEPOT1) [D:1.0000; C:1.0000]
 451.0000: (DROP HOIST2 CRATE6 DEPOT1-1-3 DEPOT1-1-4 DEPOT1) [D:1.0000; C:1.0000]
 452.0000: (MOVE HOIST2 DEPOT1-1-4 DEPOT1-2-4) [D:1.0000; C:1.0000]
 453.0000: (GO-OUT HOIST2 DEPOT1-2-4 LOADAREA) [D:1.0000; C:1.0000]
 454.0000: (DROP HOIST3 CRATE7 DEPOT1-2-4 LOADAREA DEPOT1) [D:1.0000; C:1.0000]


Solution found:
Total time:      261.04
Search time:     260.55
Actions:         582
Execution cost:  582.00
Duration:        455.000
Plan quality:    582.000


Parsing domain file:  domain 'STORAGE-PROPOSITIONAL' defined ... done.
Parsing problem file:  problem 'STORAGE-22' defined ... done.



Modality: Fast Planner

Number of actions             :    7560
Number of conditional actions :       0
Number of facts               :     740


Analyzing Planning Problem:
	Temporal Planning Problem: NO
	Numeric Planning Problem: NO
	Problem with Timed Initial Litearals: NO
	Problem with Derived Predicates: NO

Evaluation function weights:
     Action duration 0.00; Action cost 1.00


Computing mutex... done

Preprocessing total time: 0.73 seconds

Searching ('.' = every 50 search steps):
........... search limit exceeded. Restart.
............. search limit exceeded. Restart.
........ solution found: 

Plan computed:
   Time: (ACTION) [action Duration; action Cost]
 0.0000: (GO-OUT HOIST1 DEPOT0-2-1 LOADAREA) [D:1.0000; C:1.0000]
 0.0000: (MOVE HOIST2 DEPOT0-2-3 DEPOT0-2-2) [D:1.0000; C:1.0000]
 0.0000: (MOVE HOIST0 DEPOT0-1-3 DEPOT0-1-2) [D:1.0000; C:1.0000]
 0.0000: (MOVE HOIST3 DEPOT1-2-4 DEPOT1-2-3) [D:1.0000; C:1.0000]
 1.0000: (LIFT HOIST1 CRATE0 CONTAINER-0-0 LOADAREA CONTAINER0) [D:1.0000; C:1.0000]
 1.0000: (MOVE HOIST2 DEPOT0-2-2 DEPOT0-2-1) [D:1.0000; C:1.0000]
 1.0000: (MOVE HOIST0 DEPOT0-1-2 DEPOT0-1-1) [D:1.0000; C:1.0000]
 1.0000: (GO-OUT HOIST3 DEPOT1-2-3 LOADAREA) [D:1.0000; C:1.0000]
 2.0000: (GO-OUT HOIST2 DEPOT0-2-1 LOADAREA) [D:1.0000; C:1.0000]
 3.0000: (GO-IN HOIST1 LOADAREA DEPOT0-2-1) [D:1.0000; C:1.0000]
 4.0000: (DROP HOIST1 CRATE0 DEPOT0-2-2 DEPOT0-2-1 DEPOT0) [D:1.0000; C:1.0000]
 5.0000: (GO-OUT HOIST1 DEPOT0-2-1 LOADAREA) [D:1.0000; C:1.0000]
 6.0000: (LIFT HOIST1 CRATE1 CONTAINER-0-1 LOADAREA CONTAINER0) [D:1.0000; C:1.0000]
 7.0000: (DROP HOIST1 CRATE1 DEPOT0-2-1 LOADAREA DEPOT0) [D:1.0000; C:1.0000]
 8.0000: (LIFT HOIST0 CRATE1 DEPOT0-2-1 DEPOT0-1-1 DEPOT0) [D:1.0000; C:1.0000]
 8.0000: (LIFT HOIST1 CRATE3 CONTAINER-0-3 LOADAREA CONTAINER0) [D:1.0000; C:1.0000]
 9.0000: (DROP HOIST0 CRATE1 DEPOT0-1-2 DEPOT0-1-1 DEPOT0) [D:1.0000; C:1.0000]
 9.0000: (DROP HOIST1 CRATE3 DEPOT0-2-1 LOADAREA DEPOT0) [D:1.0000; C:1.0000]
 10.0000: (LIFT HOIST1 CRATE2 CONTAINER-0-2 LOADAREA CONTAINER0) [D:1.0000; C:1.0000]
 10.0000: (LIFT HOIST3 CRATE3 DEPOT0-2-1 LOADAREA DEPOT0) [D:1.0000; C:1.0000]
 11.0000: (DROP HOIST1 CRATE2 DEPOT0-2-1 LOADAREA DEPOT0) [D:1.0000; C:1.0000]
 12.0000: (LIFT HOIST0 CRATE2 DEPOT0-2-1 DEPOT0-1-1 DEPOT0) [D:1.0000; C:1.0000]
 13.0000: (DROP HOIST0 CRATE2 DEPOT0-2-1 DEPOT0-1-1 DEPOT0) [D:1.0000; C:1.0000]
 14.0000: (LIFT HOIST0 CRATE2 DEPOT0-2-1 DEPOT0-1-1 DEPOT0) [D:1.0000; C:1.0000]
 15.0000: (DROP HOIST0 CRATE2 DEPOT0-2-1 DEPOT0-1-1 DEPOT0) [D:1.0000; C:1.0000]
 16.0000: (LIFT HOIST0 CRATE2 DEPOT0-2-1 DEPOT0-1-1 DEPOT0) [D:1.0000; C:1.0000]
 17.0000: (DROP HOIST0 CRATE2 DEPOT0-2-1 DEPOT0-1-1 DEPOT0) [D:1.0000; C:1.0000]
 18.0000: (LIFT HOIST0 CRATE2 DEPOT0-2-1 DEPOT0-1-1 DEPOT0) [D:1.0000; C:1.0000]
 19.0000: (DROP HOIST0 CRATE2 DEPOT0-2-1 DEPOT0-1-1 DEPOT0) [D:1.0000; C:1.0000]
 20.0000: (LIFT HOIST0 CRATE2 DEPOT0-2-1 DEPOT0-1-1 DEPOT0) [D:1.0000; C:1.0000]
 21.0000: (DROP HOIST0 CRATE2 DEPOT0-2-1 DEPOT0-1-1 DEPOT0) [D:1.0000; C:1.0000]
 22.0000: (LIFT HOIST0 CRATE2 DEPOT0-2-1 DEPOT0-1-1 DEPOT0) [D:1.0000; C:1.0000]
 23.0000: (DROP HOIST0 CRATE2 DEPOT0-2-1 DEPOT0-1-1 DEPOT0) [D:1.0000; C:1.0000]
 24.0000: (LIFT HOIST0 CRATE2 DEPOT0-2-1 DEPOT0-1-1 DEPOT0) [D:1.0000; C:1.0000]
 25.0000: (DROP HOIST0 CRATE2 DEPOT0-2-1 DEPOT0-1-1 DEPOT0) [D:1.0000; C:1.0000]
 26.0000: (LIFT HOIST0 CRATE2 DEPOT0-2-1 DEPOT0-1-1 DEPOT0) [D:1.0000; C:1.0000]
 27.0000: (DROP HOIST0 CRATE2 DEPOT0-2-1 DEPOT0-1-1 DEPOT0) [D:1.0000; C:1.0000]
 28.0000: (LIFT HOIST0 CRATE2 DEPOT0-2-1 DEPOT0-1-1 DEPOT0) [D:1.0000; C:1.0000]
 29.0000: (DROP HOIST0 CRATE2 DEPOT0-2-1 DEPOT0-1-1 DEPOT0) [D:1.0000; C:1.0000]
 30.0000: (LIFT HOIST0 CRATE2 DEPOT0-2-1 DEPOT0-1-1 DEPOT0) [D:1.0000; C:1.0000]
 31.0000: (DROP HOIST3 CRATE3 DEPOT0-2-1 LOADAREA DEPOT0) [D:1.0000; C:1.0000]
 32.0000: (LIFT HOIST1 CRATE3 DEPOT0-2-1 LOADAREA DEPOT0) [D:1.0000; C:1.0000]
 33.0000: (DROP HOIST1 CRATE3 DEPOT0-2-1 LOADAREA DEPOT0) [D:1.0000; C:1.0000]
 34.0000: (LIFT HOIST1 CRATE3 DEPOT0-2-1 LOADAREA DEPOT0) [D:1.0000; C:1.0000]
 35.0000: (DROP HOIST0 CRATE2 DEPOT0-2-1 DEPOT0-1-1 DEPOT0) [D:1.0000; C:1.0000]
 35.0000: (DROP HOIST1 CRATE3 DEPOT2-2-4 LOADAREA DEPOT2) [D:1.0000; C:1.0000]
 36.0000: (LIFT HOIST2 CRATE2 DEPOT0-2-1 LOADAREA DEPOT0) [D:1.0000; C:1.0000]
 36.0000: (LIFT HOIST1 CRATE4 CONTAINER-1-0 LOADAREA CONTAINER1) [D:1.0000; C:1.0000]
 37.0000: (DROP HOIST2 CRATE2 DEPOT1-2-3 LOADAREA DEPOT1) [D:1.0000; C:1.0000]
 37.0000: (MOVE HOIST0 DEPOT0-1-1 DEPOT0-2-1) [D:1.0000; C:1.0000]
 38.0000: (LIFT HOIST2 CRATE3 DEPOT2-2-4 LOADAREA DEPOT2) [D:1.0000; C:1.0000]
 38.0000: (LIFT HOIST0 CRATE0 DEPOT0-2-2 DEPOT0-2-1 DEPOT0) [D:1.0000; C:1.0000]
 39.0000: (MOVE HOIST0 DEPOT0-2-1 DEPOT0-2-2) [D:1.0000; C:1.0000]
 40.0000: (GO-IN HOIST2 LOADAREA DEPOT0-2-1) [D:1.0000; C:1.0000]
 40.0000: (DROP HOIST0 CRATE0 DEPOT0-2-3 DEPOT0-2-2 DEPOT0) [D:1.0000; C:1.0000]
 41.0000: (DROP HOIST2 CRATE3 DEPOT0-1-1 DEPOT0-2-1 DEPOT0) [D:1.0000; C:1.0000]
 42.0000: (GO-OUT HOIST2 DEPOT0-2-1 LOADAREA) [D:1.0000; C:1.0000]
 43.0000: (LIFT HOIST2 CRATE2 DEPOT1-2-3 LOADAREA DEPOT1) [D:1.0000; C:1.0000]
 44.0000: (DROP HOIST2 CRATE2 DEPOT0-2-1 LOADAREA DEPOT0) [D:1.0000; C:1.0000]
 44.0000: (DROP HOIST1 CRATE4 DEPOT1-2-3 LOADAREA DEPOT1) [D:1.0000; C:1.0000]
 45.0000: (LIFT HOIST3 CRATE4 DEPOT1-2-3 LOADAREA DEPOT1) [D:1.0000; C:1.0000]
 45.0000: (LIFT HOIST1 CRATE5 CONTAINER-1-1 LOADAREA CONTAINER1) [D:1.0000; C:1.0000]
 46.0000: (DROP HOIST3 CRATE4 DEPOT1-2-3 LOADAREA DEPOT1) [D:1.0000; C:1.0000]
 47.0000: (LIFT HOIST2 CRATE4 DEPOT1-2-3 LOADAREA DEPOT1) [D:1.0000; C:1.0000]
 48.0000: (DROP HOIST2 CRATE4 DEPOT1-2-3 LOADAREA DEPOT1) [D:1.0000; C:1.0000]
 49.0000: (LIFT HOIST3 CRATE4 DEPOT1-2-3 LOADAREA DEPOT1) [D:1.0000; C:1.0000]
 50.0000: (DROP HOIST3 CRATE4 DEPOT1-2-3 LOADAREA DEPOT1) [D:1.0000; C:1.0000]
 51.0000: (LIFT HOIST3 CRATE4 DEPOT1-2-3 LOADAREA DEPOT1) [D:1.0000; C:1.0000]
 52.0000: (DROP HOIST3 CRATE4 DEPOT1-2-3 LOADAREA DEPOT1) [D:1.0000; C:1.0000]
 53.0000: (LIFT HOIST3 CRATE4 DEPOT1-2-3 LOADAREA DEPOT1) [D:1.0000; C:1.0000]
 54.0000: (DROP HOIST3 CRATE4 DEPOT1-2-3 LOADAREA DEPOT1) [D:1.0000; C:1.0000]
 55.0000: (LIFT HOIST2 CRATE4 DEPOT1-2-3 LOADAREA DEPOT1) [D:1.0000; C:1.0000]
 56.0000: (DROP HOIST2 CRATE4 DEPOT1-2-3 LOADAREA DEPOT1) [D:1.0000; C:1.0000]
 57.0000: (LIFT HOIST3 CRATE4 DEPOT1-2-3 LOADAREA DEPOT1) [D:1.0000; C:1.0000]
 58.0000: (DROP HOIST3 CRATE4 DEPOT1-2-3 LOADAREA DEPOT1) [D:1.0000; C:1.0000]
 59.0000: (LIFT HOIST2 CRATE4 DEPOT1-2-3 LOADAREA DEPOT1) [D:1.0000; C:1.0000]
 60.0000: (DROP HOIST2 CRATE4 DEPOT1-2-3 LOADAREA DEPOT1) [D:1.0000; C:1.0000]
 61.0000: (LIFT HOIST2 CRATE4 DEPOT1-2-3 LOADAREA DEPOT1) [D:1.0000; C:1.0000]
 62.0000: (DROP HOIST2 CRATE4 DEPOT1-2-3 LOADAREA DEPOT1) [D:1.0000; C:1.0000]
 63.0000: (LIFT HOIST2 CRATE4 DEPOT1-2-3 LOADAREA DEPOT1) [D:1.0000; C:1.0000]
 64.0000: (DROP HOIST2 CRATE4 DEPOT1-2-3 LOADAREA DEPOT1) [D:1.0000; C:1.0000]
 65.0000: (LIFT HOIST3 CRATE4 DEPOT1-2-3 LOADAREA DEPOT1) [D:1.0000; C:1.0000]
 66.0000: (DROP HOIST3 CRATE4 DEPOT1-2-3 LOADAREA DEPOT1) [D:1.0000; C:1.0000]
 67.0000: (LIFT HOIST3 CRATE4 DEPOT1-2-3 LOADAREA DEPOT1) [D:1.0000; C:1.0000]
 68.0000: (DROP HOIST3 CRATE4 DEPOT1-2-3 LOADAREA DEPOT1) [D:1.0000; C:1.0000]
 69.0000: (LIFT HOIST3 CRATE4 DEPOT1-2-3 LOADAREA DEPOT1) [D:1.0000; C:1.0000]
 70.0000: (DROP HOIST3 CRATE4 DEPOT1-2-3 LOADAREA DEPOT1) [D:1.0000; C:1.0000]
 71.0000: (LIFT HOIST2 CRATE4 DEPOT1-2-3 LOADAREA DEPOT1) [D:1.0000; C:1.0000]
 72.0000: (DROP HOIST2 CRATE4 DEPOT1-2-3 LOADAREA DEPOT1) [D:1.0000; C:1.0000]
 73.0000: (LIFT HOIST2 CRATE4 DEPOT1-2-3 LOADAREA DEPOT1) [D:1.0000; C:1.0000]
 74.0000: (DROP HOIST2 CRATE4 DEPOT1-2-3 LOADAREA DEPOT1) [D:1.0000; C:1.0000]
 75.0000: (LIFT HOIST3 CRATE4 DEPOT1-2-3 LOADAREA DEPOT1) [D:1.0000; C:1.0000]
 76.0000: (DROP HOIST3 CRATE4 DEPOT1-2-3 LOADAREA DEPOT1) [D:1.0000; C:1.0000]
 77.0000: (LIFT HOIST2 CRATE4 DEPOT1-2-3 LOADAREA DEPOT1) [D:1.0000; C:1.0000]
 78.0000: (DROP HOIST2 CRATE4 DEPOT1-2-3 LOADAREA DEPOT1) [D:1.0000; C:1.0000]
 79.0000: (LIFT HOIST2 CRATE4 DEPOT1-2-3 LOADAREA DEPOT1) [D:1.0000; C:1.0000]
 80.0000: (DROP HOIST2 CRATE4 DEPOT1-2-3 LOADAREA DEPOT1) [D:1.0000; C:1.0000]
 81.0000: (LIFT HOIST3 CRATE4 DEPOT1-2-3 LOADAREA DEPOT1) [D:1.0000; C:1.0000]
 82.0000: (DROP HOIST3 CRATE4 DEPOT1-2-3 LOADAREA DEPOT1) [D:1.0000; C:1.0000]
 83.0000: (LIFT HOIST2 CRATE4 DEPOT1-2-3 LOADAREA DEPOT1) [D:1.0000; C:1.0000]
 84.0000: (DROP HOIST2 CRATE4 DEPOT1-2-3 LOADAREA DEPOT1) [D:1.0000; C:1.0000]
 85.0000: (LIFT HOIST2 CRATE4 DEPOT1-2-3 LOADAREA DEPOT1) [D:1.0000; C:1.0000]
 86.0000: (DROP HOIST2 CRATE4 DEPOT1-2-3 LOADAREA DEPOT1) [D:1.0000; C:1.0000]
 87.0000: (LIFT HOIST2 CRATE4 DEPOT1-2-3 LOADAREA DEPOT1) [D:1.0000; C:1.0000]
 88.0000: (DROP HOIST2 CRATE4 DEPOT1-2-3 LOADAREA DEPOT1) [D:1.0000; C:1.0000]
 89.0000: (LIFT HOIST3 CRATE4 DEPOT1-2-3 LOADAREA DEPOT1) [D:1.0000; C:1.0000]
 90.0000: (DROP HOIST3 CRATE4 DEPOT1-2-3 LOADAREA DEPOT1) [D:1.0000; C:1.0000]
 91.0000: (LIFT HOIST2 CRATE4 DEPOT1-2-3 LOADAREA DEPOT1) [D:1.0000; C:1.0000]
 92.0000: (DROP HOIST2 CRATE4 DEPOT1-2-3 LOADAREA DEPOT1) [D:1.0000; C:1.0000]
 93.0000: (LIFT HOIST2 CRATE4 DEPOT1-2-3 LOADAREA DEPOT1) [D:1.0000; C:1.0000]
 94.0000: (DROP HOIST2 CRATE4 DEPOT1-2-3 LOADAREA DEPOT1) [D:1.0000; C:1.0000]
 95.0000: (LIFT HOIST2 CRATE4 DEPOT1-2-3 LOADAREA DEPOT1) [D:1.0000; C:1.0000]
 96.0000: (DROP HOIST2 CRATE4 DEPOT1-2-3 LOADAREA DEPOT1) [D:1.0000; C:1.0000]
 97.0000: (LIFT HOIST3 CRATE4 DEPOT1-2-3 LOADAREA DEPOT1) [D:1.0000; C:1.0000]
 98.0000: (DROP HOIST3 CRATE4 DEPOT1-2-3 LOADAREA DEPOT1) [D:1.0000; C:1.0000]
 99.0000: (LIFT HOIST2 CRATE4 DEPOT1-2-3 LOADAREA DEPOT1) [D:1.0000; C:1.0000]
 100.0000: (DROP HOIST1 CRATE5 DEPOT1-2-3 LOADAREA DEPOT1) [D:1.0000; C:1.0000]
 100.0000: (DROP HOIST2 CRATE4 CONTAINER-1-0 LOADAREA CONTAINER1) [D:1.0000; C:1.0000]
 101.0000: (LIFT HOIST2 CRATE5 DEPOT1-2-3 LOADAREA DEPOT1) [D:1.0000; C:1.0000]
 101.0000: (LIFT HOIST1 CRATE4 CONTAINER-1-0 LOADAREA CONTAINER1) [D:1.0000; C:1.0000]
 102.0000: (DROP HOIST2 CRATE5 DEPOT1-2-3 LOADAREA DEPOT1) [D:1.0000; C:1.0000]
 103.0000: (LIFT HOIST2 CRATE5 DEPOT1-2-3 LOADAREA DEPOT1) [D:1.0000; C:1.0000]
 104.0000: (DROP HOIST2 CRATE5 DEPOT1-2-3 LOADAREA DEPOT1) [D:1.0000; C:1.0000]
 105.0000: (LIFT HOIST2 CRATE5 DEPOT1-2-3 LOADAREA DEPOT1) [D:1.0000; C:1.0000]
 106.0000: (DROP HOIST2 CRATE5 DEPOT1-2-3 LOADAREA DEPOT1) [D:1.0000; C:1.0000]
 107.0000: (LIFT HOIST2 CRATE5 DEPOT1-2-3 LOADAREA DEPOT1) [D:1.0000; C:1.0000]
 108.0000: (DROP HOIST2 CRATE5 DEPOT1-2-3 LOADAREA DEPOT1) [D:1.0000; C:1.0000]
 109.0000: (LIFT HOIST2 CRATE5 DEPOT1-2-3 LOADAREA DEPOT1) [D:1.0000; C:1.0000]
 110.0000: (DROP HOIST2 CRATE5 DEPOT1-2-3 LOADAREA DEPOT1) [D:1.0000; C:1.0000]
 111.0000: (LIFT HOIST2 CRATE5 DEPOT1-2-3 LOADAREA DEPOT1) [D:1.0000; C:1.0000]
 112.0000: (DROP HOIST2 CRATE5 DEPOT1-2-3 LOADAREA DEPOT1) [D:1.0000; C:1.0000]
 113.0000: (LIFT HOIST3 CRATE5 DEPOT1-2-3 LOADAREA DEPOT1) [D:1.0000; C:1.0000]
 114.0000: (DROP HOIST3 CRATE5 DEPOT1-2-3 LOADAREA DEPOT1) [D:1.0000; C:1.0000]
 115.0000: (LIFT HOIST3 CRATE5 DEPOT1-2-3 LOADAREA DEPOT1) [D:1.0000; C:1.0000]
 116.0000: (GO-IN HOIST2 LOADAREA DEPOT1-2-3) [D:1.0000; C:1.0000]
 117.0000: (MOVE HOIST2 DEPOT1-2-3 DEPOT1-2-2) [D:1.0000; C:1.0000]
 118.0000: (DROP HOIST3 CRATE5 DEPOT1-2-3 LOADAREA DEPOT1) [D:1.0000; C:1.0000]
 119.0000: (LIFT HOIST3 CRATE5 DEPOT1-2-3 LOADAREA DEPOT1) [D:1.0000; C:1.0000]
 120.0000: (DROP HOIST3 CRATE5 DEPOT1-2-3 LOADAREA DEPOT1) [D:1.0000; C:1.0000]
 121.0000: (LIFT HOIST2 CRATE5 DEPOT1-2-3 DEPOT1-2-2 DEPOT1) [D:1.0000; C:1.0000]
 121.0000: (LIFT HOIST3 CRATE6 CONTAINER-1-2 LOADAREA CONTAINER1) [D:1.0000; C:1.0000]
 122.0000: (DROP HOIST1 CRATE4 DEPOT1-2-3 LOADAREA DEPOT1) [D:1.0000; C:1.0000]
 122.0000: (DROP HOIST2 CRATE5 DEPOT1-2-1 DEPOT1-2-2 DEPOT1) [D:1.0000; C:1.0000]
 123.0000: (LIFT HOIST2 CRATE4 DEPOT1-2-3 DEPOT1-2-2 DEPOT1) [D:1.0000; C:1.0000]
 123.0000: (LIFT HOIST1 CRATE7 CONTAINER-1-3 LOADAREA CONTAINER1) [D:1.0000; C:1.0000]
 124.0000: (GO-IN HOIST1 LOADAREA DEPOT1-2-3) [D:1.0000; C:1.0000]
 124.0000: (DROP HOIST2 CRATE4 DEPOT1-1-2 DEPOT1-2-2 DEPOT1) [D:1.0000; C:1.0000]
 125.0000: (DROP HOIST1 CRATE7 DEPOT1-1-3 DEPOT1-2-3 DEPOT1) [D:1.0000; C:1.0000]
 126.0000: (GO-OUT HOIST1 DEPOT1-2-3 LOADAREA) [D:1.0000; C:1.0000]
 127.0000: (DROP HOIST3 CRATE6 DEPOT1-2-3 LOADAREA DEPOT1) [D:1.0000; C:1.0000]
 128.0000: (LIFT HOIST3 CRATE8 CONTAINER-2-0 LOADAREA CONTAINER2) [D:1.0000; C:1.0000]
 129.0000: (DROP HOIST3 CRATE8 DEPOT2-2-4 LOADAREA DEPOT2) [D:1.0000; C:1.0000]
 130.0000: (LIFT HOIST3 CRATE8 DEPOT2-2-4 LOADAREA DEPOT2) [D:1.0000; C:1.0000]
 131.0000: (DROP HOIST3 CRATE8 CONTAINER-0-0 LOADAREA CONTAINER0) [D:1.0000; C:1.0000]
 132.0000: (LIFT HOIST3 CRATE9 CONTAINER-2-1 LOADAREA CONTAINER2) [D:1.0000; C:1.0000]
 133.0000: (DROP HOIST3 CRATE9 DEPOT2-2-4 LOADAREA DEPOT2) [D:1.0000; C:1.0000]
 134.0000: (LIFT HOIST3 CRATE9 DEPOT2-2-4 LOADAREA DEPOT2) [D:1.0000; C:1.0000]
 135.0000: (DROP HOIST3 CRATE9 CONTAINER-2-1 LOADAREA CONTAINER2) [D:1.0000; C:1.0000]
 136.0000: (LIFT HOIST3 CRATE8 CONTAINER-0-0 LOADAREA CONTAINER0) [D:1.0000; C:1.0000]
 137.0000: (DROP HOIST3 CRATE8 DEPOT2-2-4 LOADAREA DEPOT2) [D:1.0000; C:1.0000]
 138.0000: (LIFT HOIST3 CRATE8 DEPOT2-2-4 LOADAREA DEPOT2) [D:1.0000; C:1.0000]
 139.0000: (DROP HOIST3 CRATE8 CONTAINER-2-0 LOADAREA CONTAINER2) [D:1.0000; C:1.0000]
 140.0000: (LIFT HOIST3 CRATE9 CONTAINER-2-1 LOADAREA CONTAINER2) [D:1.0000; C:1.0000]
 141.0000: (DROP HOIST3 CRATE9 DEPOT2-2-4 LOADAREA DEPOT2) [D:1.0000; C:1.0000]
 142.0000: (LIFT HOIST3 CRATE9 DEPOT2-2-4 LOADAREA DEPOT2) [D:1.0000; C:1.0000]
 143.0000: (DROP HOIST3 CRATE9 CONTAINER-0-1 LOADAREA CONTAINER0) [D:1.0000; C:1.0000]
 144.0000: (LIFT HOIST3 CRATE8 CONTAINER-2-0 LOADAREA CONTAINER2) [D:1.0000; C:1.0000]
 145.0000: (DROP HOIST3 CRATE8 DEPOT2-2-4 LOADAREA DEPOT2) [D:1.0000; C:1.0000]
 146.0000: (LIFT HOIST3 CRATE8 DEPOT2-2-4 LOADAREA DEPOT2) [D:1.0000; C:1.0000]
 147.0000: (DROP HOIST3 CRATE8 CONTAINER-0-0 LOADAREA CONTAINER0) [D:1.0000; C:1.0000]
 148.0000: (LIFT HOIST3 CRATE11 CONTAINER-2-3 LOADAREA CONTAINER2) [D:1.0000; C:1.0000]
 149.0000: (DROP HOIST3 CRATE11 CONTAINER-2-1 LOADAREA CONTAINER2) [D:1.0000; C:1.0000]
 150.0000: (LIFT HOIST3 CRATE9 CONTAINER-0-1 LOADAREA CONTAINER0) [D:1.0000; C:1.0000]
 151.0000: (DROP HOIST3 CRATE9 DEPOT2-2-4 LOADAREA DEPOT2) [D:1.0000; C:1.0000]
 152.0000: (LIFT HOIST3 CRATE9 DEPOT2-2-4 LOADAREA DEPOT2) [D:1.0000; C:1.0000]
 153.0000: (DROP HOIST3 CRATE9 CONTAINER-1-0 LOADAREA CONTAINER1) [D:1.0000; C:1.0000]
 154.0000: (LIFT HOIST3 CRATE8 CONTAINER-0-0 LOADAREA CONTAINER0) [D:1.0000; C:1.0000]
 155.0000: (DROP HOIST3 CRATE8 DEPOT2-2-4 LOADAREA DEPOT2) [D:1.0000; C:1.0000]
 156.0000: (LIFT HOIST3 CRATE8 DEPOT2-2-4 LOADAREA DEPOT2) [D:1.0000; C:1.0000]
 157.0000: (DROP HOIST3 CRATE8 CONTAINER-0-0 LOADAREA CONTAINER0) [D:1.0000; C:1.0000]
 158.0000: (LIFT HOIST3 CRATE9 CONTAINER-1-0 LOADAREA CONTAINER1) [D:1.0000; C:1.0000]
 159.0000: (DROP HOIST3 CRATE9 DEPOT2-2-4 LOADAREA DEPOT2) [D:1.0000; C:1.0000]
 160.0000: (LIFT HOIST3 CRATE9 DEPOT2-2-4 LOADAREA DEPOT2) [D:1.0000; C:1.0000]
 161.0000: (DROP HOIST3 CRATE9 CONTAINER-1-3 LOADAREA CONTAINER1) [D:1.0000; C:1.0000]
 162.0000: (LIFT HOIST3 CRATE8 CONTAINER-0-0 LOADAREA CONTAINER0) [D:1.0000; C:1.0000]
 163.0000: (DROP HOIST3 CRATE8 DEPOT2-2-4 LOADAREA DEPOT2) [D:1.0000; C:1.0000]
 164.0000: (LIFT HOIST3 CRATE8 DEPOT2-2-4 LOADAREA DEPOT2) [D:1.0000; C:1.0000]
 165.0000: (DROP HOIST3 CRATE8 CONTAINER-0-0 LOADAREA CONTAINER0) [D:1.0000; C:1.0000]
 166.0000: (LIFT HOIST3 CRATE9 CONTAINER-1-3 LOADAREA CONTAINER1) [D:1.0000; C:1.0000]
 167.0000: (DROP HOIST3 CRATE9 DEPOT2-2-4 LOADAREA DEPOT2) [D:1.0000; C:1.0000]
 168.0000: (LIFT HOIST3 CRATE9 DEPOT2-2-4 LOADAREA DEPOT2) [D:1.0000; C:1.0000]
 169.0000: (DROP HOIST3 CRATE9 CONTAINER-2-0 LOADAREA CONTAINER2) [D:1.0000; C:1.0000]
 170.0000: (LIFT HOIST3 CRATE8 CONTAINER-0-0 LOADAREA CONTAINER0) [D:1.0000; C:1.0000]
 171.0000: (DROP HOIST3 CRATE8 DEPOT2-2-4 LOADAREA DEPOT2) [D:1.0000; C:1.0000]
 172.0000: (LIFT HOIST3 CRATE8 DEPOT2-2-4 LOADAREA DEPOT2) [D:1.0000; C:1.0000]
 173.0000: (DROP HOIST3 CRATE8 CONTAINER-0-3 LOADAREA CONTAINER0) [D:1.0000; C:1.0000]
 174.0000: (LIFT HOIST3 CRATE9 CONTAINER-2-0 LOADAREA CONTAINER2) [D:1.0000; C:1.0000]
 175.0000: (DROP HOIST3 CRATE9 DEPOT2-2-4 LOADAREA DEPOT2) [D:1.0000; C:1.0000]
 176.0000: (LIFT HOIST3 CRATE9 DEPOT2-2-4 LOADAREA DEPOT2) [D:1.0000; C:1.0000]
 177.0000: (DROP HOIST3 CRATE9 CONTAINER-0-2 LOADAREA CONTAINER0) [D:1.0000; C:1.0000]
 178.0000: (LIFT HOIST3 CRATE8 CONTAINER-0-3 LOADAREA CONTAINER0) [D:1.0000; C:1.0000]
 179.0000: (DROP HOIST3 CRATE8 DEPOT2-2-4 LOADAREA DEPOT2) [D:1.0000; C:1.0000]
 180.0000: (LIFT HOIST3 CRATE8 DEPOT2-2-4 LOADAREA DEPOT2) [D:1.0000; C:1.0000]
 181.0000: (DROP HOIST3 CRATE8 CONTAINER-0-0 LOADAREA CONTAINER0) [D:1.0000; C:1.0000]
 182.0000: (LIFT HOIST3 CRATE9 CONTAINER-0-2 LOADAREA CONTAINER0) [D:1.0000; C:1.0000]
 182.0000: (LIFT HOIST1 CRATE8 CONTAINER-0-0 LOADAREA CONTAINER0) [D:1.0000; C:1.0000]
 183.0000: (DROP HOIST3 CRATE9 DEPOT2-2-4 LOADAREA DEPOT2) [D:1.0000; C:1.0000]
 184.0000: (LIFT HOIST3 CRATE9 DEPOT2-2-4 LOADAREA DEPOT2) [D:1.0000; C:1.0000]
 185.0000: (GO-IN HOIST3 LOADAREA DEPOT2-2-4) [D:1.0000; C:1.0000]
 186.0000: (MOVE HOIST3 DEPOT2-2-4 DEPOT2-1-4) [D:1.0000; C:1.0000]
 187.0000: (MOVE HOIST3 DEPOT2-1-4 DEPOT2-1-3) [D:1.0000; C:1.0000]
 187.0000: (DROP HOIST1 CRATE8 DEPOT2-2-4 LOADAREA DEPOT2) [D:1.0000; C:1.0000]
 188.0000: (DROP HOIST3 CRATE9 DEPOT2-1-4 DEPOT2-1-3 DEPOT2) [D:1.0000; C:1.0000]
 188.0000: (LIFT HOIST1 CRATE10 CONTAINER-2-2 LOADAREA CONTAINER2) [D:1.0000; C:1.0000]
 189.0000: (MOVE HOIST3 DEPOT2-1-3 DEPOT2-2-3) [D:1.0000; C:1.0000]
 190.0000: (LIFT HOIST3 CRATE8 DEPOT2-2-4 DEPOT2-2-3 DEPOT2) [D:1.0000; C:1.0000]
 191.0000: (DROP HOIST1 CRATE10 DEPOT2-2-4 LOADAREA DEPOT2) [D:1.0000; C:1.0000]
 191.0000: (MOVE HOIST3 DEPOT2-2-3 DEPOT2-2-2) [D:1.0000; C:1.0000]
 192.0000: (DROP HOIST3 CRATE8 DEPOT2-2-1 DEPOT2-2-2 DEPOT2) [D:1.0000; C:1.0000]
 192.0000: (LIFT HOIST1 CRATE11 CONTAINER-2-1 LOADAREA CONTAINER2) [D:1.0000; C:1.0000]
 193.0000: (MOVE HOIST3 DEPOT2-2-2 DEPOT2-2-3) [D:1.0000; C:1.0000]
 194.0000: (LIFT HOIST3 CRATE10 DEPOT2-2-4 DEPOT2-2-3 DEPOT2) [D:1.0000; C:1.0000]
 195.0000: (DROP HOIST1 CRATE11 DEPOT2-2-4 LOADAREA DEPOT2) [D:1.0000; C:1.0000]
 195.0000: (DROP HOIST3 CRATE10 DEPOT2-1-3 DEPOT2-2-3 DEPOT2) [D:1.0000; C:1.0000]


Solution found:
Total time:      15.47
Search time:     14.74
Actions:         224
Execution cost:  224.00
Duration:        196.000
Plan quality:    224.000


Parsing domain file:  domain 'STORAGE-PROPOSITIONAL' defined ... done.
Parsing problem file:  problem 'STORAGE-23' defined ... done.



Modality: Fast Planner

Number of actions             :    8384
Number of conditional actions :       0
Number of facts               :     866


Analyzing Planning Problem:
	Temporal Planning Problem: NO
	Numeric Planning Problem: NO
	Problem with Timed Initial Litearals: NO
	Problem with Derived Predicates: NO

Evaluation function weights:
     Action duration 0.00; Action cost 1.00


Computing mutex... done

Preprocessing total time: 0.85 seconds

Searching ('.' = every 50 search steps):
........ solution found: 

Plan computed:
   Time: (ACTION) [action Duration; action Cost]
 0.0000: (MOVE HOIST2 DEPOT2-2-2 DEPOT2-2-3) [D:1.0000; C:1.0000]
 0.0000: (MOVE HOIST0 DEPOT0-2-3 DEPOT0-2-2) [D:1.0000; C:1.0000]
 0.0000: (MOVE HOIST1 DEPOT1-2-3 DEPOT1-2-2) [D:1.0000; C:1.0000]
 0.0000: (MOVE HOIST3 DEPOT3-2-1 DEPOT3-2-2) [D:1.0000; C:1.0000]
 1.0000: (GO-OUT HOIST2 DEPOT2-2-3 LOADAREA) [D:1.0000; C:1.0000]
 1.0000: (MOVE HOIST3 DEPOT3-2-2 DEPOT3-2-3) [D:1.0000; C:1.0000]
 2.0000: (LIFT HOIST2 CRATE0 CONTAINER-0-0 LOADAREA CONTAINER0) [D:1.0000; C:1.0000]
 2.0000: (GO-OUT HOIST3 DEPOT3-2-3 LOADAREA) [D:1.0000; C:1.0000]
 3.0000: (DROP HOIST2 CRATE0 DEPOT0-2-1 LOADAREA DEPOT0) [D:1.0000; C:1.0000]
 4.0000: (LIFT HOIST2 CRATE1 CONTAINER-0-1 LOADAREA CONTAINER0) [D:1.0000; C:1.0000]
 4.0000: (LIFT HOIST0 CRATE0 DEPOT0-2-1 DEPOT0-2-2 DEPOT0) [D:1.0000; C:1.0000]
 5.0000: (DROP HOIST2 CRATE1 DEPOT0-2-1 LOADAREA DEPOT0) [D:1.0000; C:1.0000]
 5.0000: (DROP HOIST0 CRATE0 DEPOT0-2-3 DEPOT0-2-2 DEPOT0) [D:1.0000; C:1.0000]
 6.0000: (LIFT HOIST2 CRATE2 CONTAINER-0-2 LOADAREA CONTAINER0) [D:1.0000; C:1.0000]
 6.0000: (LIFT HOIST0 CRATE1 DEPOT0-2-1 DEPOT0-2-2 DEPOT0) [D:1.0000; C:1.0000]
 7.0000: (DROP HOIST2 CRATE2 DEPOT0-2-1 LOADAREA DEPOT0) [D:1.0000; C:1.0000]
 7.0000: (DROP HOIST0 CRATE1 DEPOT0-1-2 DEPOT0-2-2 DEPOT0) [D:1.0000; C:1.0000]
 8.0000: (LIFT HOIST2 CRATE3 CONTAINER-0-3 LOADAREA CONTAINER0) [D:1.0000; C:1.0000]
 9.0000: (DROP HOIST2 CRATE3 DEPOT1-2-1 LOADAREA DEPOT1) [D:1.0000; C:1.0000]
 10.0000: (LIFT HOIST2 CRATE4 CONTAINER-1-0 LOADAREA CONTAINER1) [D:1.0000; C:1.0000]
 10.0000: (LIFT HOIST1 CRATE3 DEPOT1-2-1 DEPOT1-2-2 DEPOT1) [D:1.0000; C:1.0000]
 11.0000: (DROP HOIST2 CRATE4 DEPOT1-2-1 LOADAREA DEPOT1) [D:1.0000; C:1.0000]
 11.0000: (DROP HOIST1 CRATE3 DEPOT1-1-2 DEPOT1-2-2 DEPOT1) [D:1.0000; C:1.0000]
 12.0000: (LIFT HOIST2 CRATE5 CONTAINER-1-1 LOADAREA CONTAINER1) [D:1.0000; C:1.0000]
 12.0000: (LIFT HOIST1 CRATE4 DEPOT1-2-1 DEPOT1-2-2 DEPOT1) [D:1.0000; C:1.0000]
 13.0000: (DROP HOIST2 CRATE5 DEPOT1-2-1 LOADAREA DEPOT1) [D:1.0000; C:1.0000]
 13.0000: (MOVE HOIST1 DEPOT1-2-2 DEPOT1-2-3) [D:1.0000; C:1.0000]
 14.0000: (MOVE HOIST1 DEPOT1-2-3 DEPOT1-1-3) [D:1.0000; C:1.0000]
 14.0000: (LIFT HOIST2 CRATE6 CONTAINER-1-2 LOADAREA CONTAINER1) [D:1.0000; C:1.0000]
 15.0000: (DROP HOIST1 CRATE4 DEPOT1-2-3 DEPOT1-1-3 DEPOT1) [D:1.0000; C:1.0000]
 15.0000: (DROP HOIST2 CRATE6 DEPOT2-2-3 LOADAREA DEPOT2) [D:1.0000; C:1.0000]
 16.0000: (LIFT HOIST3 CRATE6 DEPOT2-2-3 LOADAREA DEPOT2) [D:1.0000; C:1.0000]
 17.0000: (DROP HOIST3 CRATE6 DEPOT2-2-3 LOADAREA DEPOT2) [D:1.0000; C:1.0000]
 18.0000: (LIFT HOIST3 CRATE6 DEPOT2-2-3 LOADAREA DEPOT2) [D:1.0000; C:1.0000]
 19.0000: (DROP HOIST3 CRATE6 DEPOT2-2-3 LOADAREA DEPOT2) [D:1.0000; C:1.0000]
 20.0000: (LIFT HOIST3 CRATE6 DEPOT2-2-3 LOADAREA DEPOT2) [D:1.0000; C:1.0000]
 21.0000: (DROP HOIST3 CRATE6 DEPOT2-2-3 LOADAREA DEPOT2) [D:1.0000; C:1.0000]
 22.0000: (LIFT HOIST2 CRATE6 DEPOT2-2-3 LOADAREA DEPOT2) [D:1.0000; C:1.0000]
 23.0000: (DROP HOIST2 CRATE6 CONTAINER-1-1 LOADAREA CONTAINER1) [D:1.0000; C:1.0000]
 24.0000: (LIFT HOIST3 CRATE6 CONTAINER-1-1 LOADAREA CONTAINER1) [D:1.0000; C:1.0000]
 24.0000: (LIFT HOIST2 CRATE7 CONTAINER-1-3 LOADAREA CONTAINER1) [D:1.0000; C:1.0000]
 25.0000: (DROP HOIST3 CRATE6 DEPOT2-2-3 LOADAREA DEPOT2) [D:1.0000; C:1.0000]
 26.0000: (LIFT HOIST3 CRATE6 DEPOT2-2-3 LOADAREA DEPOT2) [D:1.0000; C:1.0000]
 27.0000: (DROP HOIST3 CRATE6 DEPOT2-2-3 LOADAREA DEPOT2) [D:1.0000; C:1.0000]
 28.0000: (LIFT HOIST3 CRATE6 DEPOT2-2-3 LOADAREA DEPOT2) [D:1.0000; C:1.0000]
 29.0000: (DROP HOIST3 CRATE6 DEPOT2-2-3 LOADAREA DEPOT2) [D:1.0000; C:1.0000]
 30.0000: (LIFT HOIST3 CRATE6 DEPOT2-2-3 LOADAREA DEPOT2) [D:1.0000; C:1.0000]
 31.0000: (DROP HOIST3 CRATE6 DEPOT2-2-3 LOADAREA DEPOT2) [D:1.0000; C:1.0000]
 32.0000: (LIFT HOIST3 CRATE6 DEPOT2-2-3 LOADAREA DEPOT2) [D:1.0000; C:1.0000]
 33.0000: (DROP HOIST3 CRATE6 DEPOT2-2-3 LOADAREA DEPOT2) [D:1.0000; C:1.0000]
 34.0000: (LIFT HOIST3 CRATE6 DEPOT2-2-3 LOADAREA DEPOT2) [D:1.0000; C:1.0000]
 35.0000: (DROP HOIST3 CRATE6 DEPOT2-2-3 LOADAREA DEPOT2) [D:1.0000; C:1.0000]
 36.0000: (LIFT HOIST3 CRATE6 DEPOT2-2-3 LOADAREA DEPOT2) [D:1.0000; C:1.0000]
 37.0000: (DROP HOIST3 CRATE6 DEPOT2-2-3 LOADAREA DEPOT2) [D:1.0000; C:1.0000]
 38.0000: (LIFT HOIST3 CRATE6 DEPOT2-2-3 LOADAREA DEPOT2) [D:1.0000; C:1.0000]
 39.0000: (DROP HOIST3 CRATE6 DEPOT2-2-3 LOADAREA DEPOT2) [D:1.0000; C:1.0000]
 40.0000: (LIFT HOIST3 CRATE6 DEPOT2-2-3 LOADAREA DEPOT2) [D:1.0000; C:1.0000]
 41.0000: (DROP HOIST3 CRATE6 DEPOT2-2-3 LOADAREA DEPOT2) [D:1.0000; C:1.0000]
 42.0000: (LIFT HOIST3 CRATE6 DEPOT2-2-3 LOADAREA DEPOT2) [D:1.0000; C:1.0000]
 43.0000: (DROP HOIST3 CRATE6 DEPOT2-2-3 LOADAREA DEPOT2) [D:1.0000; C:1.0000]
 44.0000: (LIFT HOIST3 CRATE6 DEPOT2-2-3 LOADAREA DEPOT2) [D:1.0000; C:1.0000]
 45.0000: (DROP HOIST3 CRATE6 DEPOT2-2-3 LOADAREA DEPOT2) [D:1.0000; C:1.0000]
 46.0000: (LIFT HOIST3 CRATE6 DEPOT2-2-3 LOADAREA DEPOT2) [D:1.0000; C:1.0000]
 47.0000: (DROP HOIST3 CRATE6 DEPOT2-2-3 LOADAREA DEPOT2) [D:1.0000; C:1.0000]
 48.0000: (LIFT HOIST3 CRATE6 DEPOT2-2-3 LOADAREA DEPOT2) [D:1.0000; C:1.0000]
 49.0000: (DROP HOIST3 CRATE6 DEPOT2-2-3 LOADAREA DEPOT2) [D:1.0000; C:1.0000]
 50.0000: (LIFT HOIST3 CRATE6 DEPOT2-2-3 LOADAREA DEPOT2) [D:1.0000; C:1.0000]
 51.0000: (DROP HOIST3 CRATE6 DEPOT2-2-3 LOADAREA DEPOT2) [D:1.0000; C:1.0000]
 52.0000: (LIFT HOIST3 CRATE6 DEPOT2-2-3 LOADAREA DEPOT2) [D:1.0000; C:1.0000]
 53.0000: (DROP HOIST3 CRATE6 DEPOT2-2-3 LOADAREA DEPOT2) [D:1.0000; C:1.0000]
 54.0000: (LIFT HOIST3 CRATE6 DEPOT2-2-3 LOADAREA DEPOT2) [D:1.0000; C:1.0000]
 55.0000: (DROP HOIST3 CRATE6 DEPOT2-2-3 LOADAREA DEPOT2) [D:1.0000; C:1.0000]
 56.0000: (LIFT HOIST3 CRATE6 DEPOT2-2-3 LOADAREA DEPOT2) [D:1.0000; C:1.0000]
 57.0000: (DROP HOIST3 CRATE6 DEPOT2-2-3 LOADAREA DEPOT2) [D:1.0000; C:1.0000]
 58.0000: (LIFT HOIST3 CRATE6 DEPOT2-2-3 LOADAREA DEPOT2) [D:1.0000; C:1.0000]
 59.0000: (DROP HOIST3 CRATE6 DEPOT2-2-3 LOADAREA DEPOT2) [D:1.0000; C:1.0000]
 60.0000: (LIFT HOIST3 CRATE6 DEPOT2-2-3 LOADAREA DEPOT2) [D:1.0000; C:1.0000]
 61.0000: (DROP HOIST3 CRATE6 DEPOT2-2-3 LOADAREA DEPOT2) [D:1.0000; C:1.0000]
 62.0000: (LIFT HOIST3 CRATE6 DEPOT2-2-3 LOADAREA DEPOT2) [D:1.0000; C:1.0000]
 63.0000: (DROP HOIST3 CRATE6 DEPOT2-2-3 LOADAREA DEPOT2) [D:1.0000; C:1.0000]
 64.0000: (LIFT HOIST3 CRATE6 DEPOT2-2-3 LOADAREA DEPOT2) [D:1.0000; C:1.0000]
 65.0000: (DROP HOIST3 CRATE6 DEPOT2-2-3 LOADAREA DEPOT2) [D:1.0000; C:1.0000]
 66.0000: (LIFT HOIST3 CRATE6 DEPOT2-2-3 LOADAREA DEPOT2) [D:1.0000; C:1.0000]
 67.0000: (GO-IN HOIST3 LOADAREA DEPOT2-2-3) [D:1.0000; C:1.0000]
 68.0000: (MOVE HOIST3 DEPOT2-2-3 DEPOT2-2-2) [D:1.0000; C:1.0000]
 69.0000: (MOVE HOIST3 DEPOT2-2-2 DEPOT2-1-2) [D:1.0000; C:1.0000]
 69.0000: (DROP HOIST2 CRATE7 DEPOT2-2-3 LOADAREA DEPOT2) [D:1.0000; C:1.0000]
 70.0000: (MOVE HOIST3 DEPOT2-1-2 DEPOT2-1-3) [D:1.0000; C:1.0000]
 70.0000: (LIFT HOIST2 CRATE8 CONTAINER-2-0 LOADAREA CONTAINER2) [D:1.0000; C:1.0000]
 71.0000: (DROP HOIST3 CRATE6 DEPOT2-1-4 DEPOT2-1-3 DEPOT2) [D:1.0000; C:1.0000]
 72.0000: (LIFT HOIST3 CRATE7 DEPOT2-2-3 DEPOT2-1-3 DEPOT2) [D:1.0000; C:1.0000]
 73.0000: (DROP HOIST2 CRATE8 DEPOT2-2-3 LOADAREA DEPOT2) [D:1.0000; C:1.0000]
 73.0000: (DROP HOIST3 CRATE7 DEPOT2-1-2 DEPOT2-1-3 DEPOT2) [D:1.0000; C:1.0000]
 74.0000: (LIFT HOIST3 CRATE8 DEPOT2-2-3 DEPOT2-1-3 DEPOT2) [D:1.0000; C:1.0000]
 74.0000: (LIFT HOIST2 CRATE9 CONTAINER-2-1 LOADAREA CONTAINER2) [D:1.0000; C:1.0000]
 75.0000: (DROP HOIST3 CRATE8 DEPOT2-2-3 DEPOT2-1-3 DEPOT2) [D:1.0000; C:1.0000]
 76.0000: (LIFT HOIST3 CRATE8 DEPOT2-2-3 DEPOT2-1-3 DEPOT2) [D:1.0000; C:1.0000]
 77.0000: (DROP HOIST3 CRATE8 DEPOT2-2-3 DEPOT2-1-3 DEPOT2) [D:1.0000; C:1.0000]
 78.0000: (LIFT HOIST3 CRATE8 DEPOT2-2-3 DEPOT2-1-3 DEPOT2) [D:1.0000; C:1.0000]
 79.0000: (DROP HOIST3 CRATE8 DEPOT2-2-3 DEPOT2-1-3 DEPOT2) [D:1.0000; C:1.0000]
 80.0000: (LIFT HOIST3 CRATE8 DEPOT2-2-3 DEPOT2-1-3 DEPOT2) [D:1.0000; C:1.0000]
 81.0000: (DROP HOIST3 CRATE8 DEPOT2-2-3 DEPOT2-1-3 DEPOT2) [D:1.0000; C:1.0000]
 82.0000: (LIFT HOIST3 CRATE8 DEPOT2-2-3 DEPOT2-1-3 DEPOT2) [D:1.0000; C:1.0000]
 83.0000: (DROP HOIST3 CRATE8 DEPOT2-2-3 DEPOT2-1-3 DEPOT2) [D:1.0000; C:1.0000]
 84.0000: (LIFT HOIST3 CRATE8 DEPOT2-2-3 DEPOT2-1-3 DEPOT2) [D:1.0000; C:1.0000]
 85.0000: (DROP HOIST3 CRATE8 DEPOT2-2-3 DEPOT2-1-3 DEPOT2) [D:1.0000; C:1.0000]
 86.0000: (LIFT HOIST3 CRATE8 DEPOT2-2-3 DEPOT2-1-3 DEPOT2) [D:1.0000; C:1.0000]
 87.0000: (DROP HOIST3 CRATE8 DEPOT2-2-3 DEPOT2-1-3 DEPOT2) [D:1.0000; C:1.0000]
 88.0000: (LIFT HOIST3 CRATE8 DEPOT2-2-3 DEPOT2-1-3 DEPOT2) [D:1.0000; C:1.0000]
 89.0000: (DROP HOIST3 CRATE8 DEPOT2-2-3 DEPOT2-1-3 DEPOT2) [D:1.0000; C:1.0000]
 90.0000: (LIFT HOIST3 CRATE8 DEPOT2-2-3 DEPOT2-1-3 DEPOT2) [D:1.0000; C:1.0000]
 91.0000: (DROP HOIST3 CRATE8 DEPOT2-2-3 DEPOT2-1-3 DEPOT2) [D:1.0000; C:1.0000]
 92.0000: (LIFT HOIST3 CRATE8 DEPOT2-2-3 DEPOT2-1-3 DEPOT2) [D:1.0000; C:1.0000]
 93.0000: (DROP HOIST3 CRATE8 DEPOT2-2-3 DEPOT2-1-3 DEPOT2) [D:1.0000; C:1.0000]
 94.0000: (LIFT HOIST3 CRATE8 DEPOT2-2-3 DEPOT2-1-3 DEPOT2) [D:1.0000; C:1.0000]
 95.0000: (DROP HOIST3 CRATE8 DEPOT2-2-3 DEPOT2-1-3 DEPOT2) [D:1.0000; C:1.0000]
 96.0000: (LIFT HOIST3 CRATE8 DEPOT2-2-3 DEPOT2-1-3 DEPOT2) [D:1.0000; C:1.0000]
 97.0000: (DROP HOIST3 CRATE8 DEPOT2-2-3 DEPOT2-1-3 DEPOT2) [D:1.0000; C:1.0000]
 98.0000: (LIFT HOIST3 CRATE8 DEPOT2-2-3 DEPOT2-1-3 DEPOT2) [D:1.0000; C:1.0000]
 99.0000: (DROP HOIST3 CRATE8 DEPOT2-2-3 DEPOT2-1-3 DEPOT2) [D:1.0000; C:1.0000]
 100.0000: (LIFT HOIST3 CRATE8 DEPOT2-2-3 DEPOT2-1-3 DEPOT2) [D:1.0000; C:1.0000]
 101.0000: (DROP HOIST3 CRATE8 DEPOT2-2-3 DEPOT2-1-3 DEPOT2) [D:1.0000; C:1.0000]
 102.0000: (LIFT HOIST3 CRATE8 DEPOT2-2-3 DEPOT2-1-3 DEPOT2) [D:1.0000; C:1.0000]
 103.0000: (DROP HOIST3 CRATE8 DEPOT2-2-3 DEPOT2-1-3 DEPOT2) [D:1.0000; C:1.0000]
 104.0000: (LIFT HOIST3 CRATE8 DEPOT2-2-3 DEPOT2-1-3 DEPOT2) [D:1.0000; C:1.0000]
 105.0000: (DROP HOIST3 CRATE8 DEPOT2-2-3 DEPOT2-1-3 DEPOT2) [D:1.0000; C:1.0000]
 106.0000: (LIFT HOIST3 CRATE8 DEPOT2-2-3 DEPOT2-1-3 DEPOT2) [D:1.0000; C:1.0000]
 107.0000: (DROP HOIST3 CRATE8 DEPOT2-2-3 DEPOT2-1-3 DEPOT2) [D:1.0000; C:1.0000]
 108.0000: (LIFT HOIST3 CRATE8 DEPOT2-2-3 DEPOT2-1-3 DEPOT2) [D:1.0000; C:1.0000]
 109.0000: (DROP HOIST3 CRATE8 DEPOT2-2-3 DEPOT2-1-3 DEPOT2) [D:1.0000; C:1.0000]
 110.0000: (LIFT HOIST3 CRATE8 DEPOT2-2-3 DEPOT2-1-3 DEPOT2) [D:1.0000; C:1.0000]
 111.0000: (DROP HOIST3 CRATE8 DEPOT2-2-3 DEPOT2-1-3 DEPOT2) [D:1.0000; C:1.0000]
 112.0000: (LIFT HOIST3 CRATE8 DEPOT2-2-3 DEPOT2-1-3 DEPOT2) [D:1.0000; C:1.0000]
 113.0000: (DROP HOIST3 CRATE8 DEPOT2-2-3 DEPOT2-1-3 DEPOT2) [D:1.0000; C:1.0000]
 114.0000: (LIFT HOIST3 CRATE8 DEPOT2-2-3 DEPOT2-1-3 DEPOT2) [D:1.0000; C:1.0000]
 115.0000: (DROP HOIST3 CRATE8 DEPOT2-2-3 DEPOT2-1-3 DEPOT2) [D:1.0000; C:1.0000]
 116.0000: (LIFT HOIST3 CRATE8 DEPOT2-2-3 DEPOT2-1-3 DEPOT2) [D:1.0000; C:1.0000]
 117.0000: (DROP HOIST3 CRATE8 DEPOT2-2-3 DEPOT2-1-3 DEPOT2) [D:1.0000; C:1.0000]
 118.0000: (LIFT HOIST3 CRATE8 DEPOT2-2-3 DEPOT2-1-3 DEPOT2) [D:1.0000; C:1.0000]
 119.0000: (DROP HOIST3 CRATE8 DEPOT2-2-3 DEPOT2-1-3 DEPOT2) [D:1.0000; C:1.0000]
 120.0000: (LIFT HOIST3 CRATE8 DEPOT2-2-3 DEPOT2-1-3 DEPOT2) [D:1.0000; C:1.0000]
 121.0000: (DROP HOIST3 CRATE8 DEPOT2-2-3 DEPOT2-1-3 DEPOT2) [D:1.0000; C:1.0000]
 122.0000: (LIFT HOIST3 CRATE8 DEPOT2-2-3 DEPOT2-1-3 DEPOT2) [D:1.0000; C:1.0000]
 123.0000: (DROP HOIST3 CRATE8 DEPOT2-2-3 DEPOT2-1-3 DEPOT2) [D:1.0000; C:1.0000]
 124.0000: (LIFT HOIST3 CRATE8 DEPOT2-2-3 DEPOT2-1-3 DEPOT2) [D:1.0000; C:1.0000]
 125.0000: (DROP HOIST3 CRATE8 DEPOT2-2-3 DEPOT2-1-3 DEPOT2) [D:1.0000; C:1.0000]
 126.0000: (LIFT HOIST3 CRATE8 DEPOT2-2-3 DEPOT2-1-3 DEPOT2) [D:1.0000; C:1.0000]
 127.0000: (DROP HOIST3 CRATE8 DEPOT2-2-3 DEPOT2-1-3 DEPOT2) [D:1.0000; C:1.0000]
 128.0000: (LIFT HOIST3 CRATE8 DEPOT2-2-3 DEPOT2-1-3 DEPOT2) [D:1.0000; C:1.0000]
 129.0000: (DROP HOIST3 CRATE8 DEPOT2-2-3 DEPOT2-1-3 DEPOT2) [D:1.0000; C:1.0000]
 130.0000: (LIFT HOIST3 CRATE8 DEPOT2-2-3 DEPOT2-1-3 DEPOT2) [D:1.0000; C:1.0000]
 131.0000: (DROP HOIST3 CRATE8 DEPOT2-2-3 DEPOT2-1-3 DEPOT2) [D:1.0000; C:1.0000]
 132.0000: (LIFT HOIST3 CRATE8 DEPOT2-2-3 DEPOT2-1-3 DEPOT2) [D:1.0000; C:1.0000]
 133.0000: (DROP HOIST3 CRATE8 DEPOT2-2-3 DEPOT2-1-3 DEPOT2) [D:1.0000; C:1.0000]
 134.0000: (LIFT HOIST3 CRATE8 DEPOT2-2-3 DEPOT2-1-3 DEPOT2) [D:1.0000; C:1.0000]
 135.0000: (DROP HOIST3 CRATE8 DEPOT2-2-3 DEPOT2-1-3 DEPOT2) [D:1.0000; C:1.0000]
 136.0000: (LIFT HOIST3 CRATE8 DEPOT2-2-3 DEPOT2-1-3 DEPOT2) [D:1.0000; C:1.0000]
 137.0000: (DROP HOIST3 CRATE8 DEPOT2-2-3 DEPOT2-1-3 DEPOT2) [D:1.0000; C:1.0000]
 138.0000: (LIFT HOIST3 CRATE8 DEPOT2-2-3 DEPOT2-1-3 DEPOT2) [D:1.0000; C:1.0000]
 139.0000: (DROP HOIST3 CRATE8 DEPOT2-2-3 DEPOT2-1-3 DEPOT2) [D:1.0000; C:1.0000]
 140.0000: (LIFT HOIST3 CRATE8 DEPOT2-2-3 DEPOT2-1-3 DEPOT2) [D:1.0000; C:1.0000]
 141.0000: (DROP HOIST3 CRATE8 DEPOT2-2-3 DEPOT2-1-3 DEPOT2) [D:1.0000; C:1.0000]
 142.0000: (LIFT HOIST3 CRATE8 DEPOT2-2-3 DEPOT2-1-3 DEPOT2) [D:1.0000; C:1.0000]
 143.0000: (DROP HOIST3 CRATE8 DEPOT2-2-3 DEPOT2-1-3 DEPOT2) [D:1.0000; C:1.0000]
 144.0000: (LIFT HOIST3 CRATE8 DEPOT2-2-3 DEPOT2-1-3 DEPOT2) [D:1.0000; C:1.0000]
 145.0000: (DROP HOIST3 CRATE8 DEPOT2-2-3 DEPOT2-1-3 DEPOT2) [D:1.0000; C:1.0000]
 146.0000: (LIFT HOIST3 CRATE8 DEPOT2-2-3 DEPOT2-1-3 DEPOT2) [D:1.0000; C:1.0000]
 147.0000: (DROP HOIST3 CRATE8 DEPOT2-2-3 DEPOT2-1-3 DEPOT2) [D:1.0000; C:1.0000]
 148.0000: (LIFT HOIST3 CRATE8 DEPOT2-2-3 DEPOT2-1-3 DEPOT2) [D:1.0000; C:1.0000]
 149.0000: (DROP HOIST3 CRATE8 DEPOT2-2-3 DEPOT2-1-3 DEPOT2) [D:1.0000; C:1.0000]
 150.0000: (LIFT HOIST3 CRATE8 DEPOT2-2-3 DEPOT2-1-3 DEPOT2) [D:1.0000; C:1.0000]
 151.0000: (DROP HOIST3 CRATE8 DEPOT2-2-3 DEPOT2-1-3 DEPOT2) [D:1.0000; C:1.0000]
 152.0000: (LIFT HOIST3 CRATE8 DEPOT2-2-3 DEPOT2-1-3 DEPOT2) [D:1.0000; C:1.0000]
 153.0000: (DROP HOIST3 CRATE8 DEPOT2-2-3 DEPOT2-1-3 DEPOT2) [D:1.0000; C:1.0000]
 154.0000: (LIFT HOIST3 CRATE8 DEPOT2-2-3 DEPOT2-1-3 DEPOT2) [D:1.0000; C:1.0000]
 155.0000: (DROP HOIST3 CRATE8 DEPOT2-2-3 DEPOT2-1-3 DEPOT2) [D:1.0000; C:1.0000]
 156.0000: (LIFT HOIST3 CRATE8 DEPOT2-2-3 DEPOT2-1-3 DEPOT2) [D:1.0000; C:1.0000]
 157.0000: (DROP HOIST3 CRATE8 DEPOT2-2-3 DEPOT2-1-3 DEPOT2) [D:1.0000; C:1.0000]
 158.0000: (LIFT HOIST3 CRATE8 DEPOT2-2-3 DEPOT2-1-3 DEPOT2) [D:1.0000; C:1.0000]
 159.0000: (MOVE HOIST3 DEPOT2-1-3 DEPOT2-2-3) [D:1.0000; C:1.0000]
 160.0000: (DROP HOIST3 CRATE8 DEPOT2-1-3 DEPOT2-2-3 DEPOT2) [D:1.0000; C:1.0000]
 161.0000: (GO-OUT HOIST3 DEPOT2-2-3 LOADAREA) [D:1.0000; C:1.0000]
 162.0000: (LIFT HOIST3 CRATE10 CONTAINER-2-2 LOADAREA CONTAINER2) [D:1.0000; C:1.0000]
 162.0000: (DROP HOIST2 CRATE9 DEPOT2-2-3 LOADAREA DEPOT2) [D:1.0000; C:1.0000]
 163.0000: (DROP HOIST3 CRATE10 DEPOT3-2-3 LOADAREA DEPOT3) [D:1.0000; C:1.0000]
 163.0000: (LIFT HOIST2 CRATE11 CONTAINER-2-3 LOADAREA CONTAINER2) [D:1.0000; C:1.0000]
 164.0000: (LIFT HOIST3 CRATE10 DEPOT3-2-3 LOADAREA DEPOT3) [D:1.0000; C:1.0000]
 165.0000: (DROP HOIST3 CRATE10 DEPOT3-2-3 LOADAREA DEPOT3) [D:1.0000; C:1.0000]
 166.0000: (LIFT HOIST3 CRATE10 DEPOT3-2-3 LOADAREA DEPOT3) [D:1.0000; C:1.0000]
 167.0000: (DROP HOIST3 CRATE10 DEPOT3-2-3 LOADAREA DEPOT3) [D:1.0000; C:1.0000]
 168.0000: (LIFT HOIST3 CRATE10 DEPOT3-2-3 LOADAREA DEPOT3) [D:1.0000; C:1.0000]
 169.0000: (DROP HOIST3 CRATE10 DEPOT3-2-3 LOADAREA DEPOT3) [D:1.0000; C:1.0000]
 170.0000: (LIFT HOIST3 CRATE10 DEPOT3-2-3 LOADAREA DEPOT3) [D:1.0000; C:1.0000]
 171.0000: (DROP HOIST3 CRATE10 DEPOT3-2-3 LOADAREA DEPOT3) [D:1.0000; C:1.0000]
 172.0000: (LIFT HOIST3 CRATE10 DEPOT3-2-3 LOADAREA DEPOT3) [D:1.0000; C:1.0000]
 173.0000: (DROP HOIST3 CRATE10 DEPOT3-2-3 LOADAREA DEPOT3) [D:1.0000; C:1.0000]
 174.0000: (LIFT HOIST3 CRATE10 DEPOT3-2-3 LOADAREA DEPOT3) [D:1.0000; C:1.0000]
 175.0000: (DROP HOIST3 CRATE10 DEPOT3-2-3 LOADAREA DEPOT3) [D:1.0000; C:1.0000]
 176.0000: (LIFT HOIST3 CRATE10 DEPOT3-2-3 LOADAREA DEPOT3) [D:1.0000; C:1.0000]
 177.0000: (DROP HOIST3 CRATE10 DEPOT3-2-3 LOADAREA DEPOT3) [D:1.0000; C:1.0000]
 178.0000: (LIFT HOIST3 CRATE10 DEPOT3-2-3 LOADAREA DEPOT3) [D:1.0000; C:1.0000]
 179.0000: (DROP HOIST3 CRATE10 DEPOT3-2-3 LOADAREA DEPOT3) [D:1.0000; C:1.0000]
 180.0000: (LIFT HOIST3 CRATE10 DEPOT3-2-3 LOADAREA DEPOT3) [D:1.0000; C:1.0000]
 181.0000: (GO-IN HOIST3 LOADAREA DEPOT3-2-3) [D:1.0000; C:1.0000]
 182.0000: (DROP HOIST3 CRATE10 DEPOT3-1-3 DEPOT3-2-3 DEPOT3) [D:1.0000; C:1.0000]
 183.0000: (MOVE HOIST3 DEPOT3-2-3 DEPOT3-2-2) [D:1.0000; C:1.0000]
 184.0000: (DROP HOIST2 CRATE11 DEPOT3-2-3 LOADAREA DEPOT3) [D:1.0000; C:1.0000]
 185.0000: (LIFT HOIST2 CRATE12 CONTAINER-3-0 LOADAREA CONTAINER3) [D:1.0000; C:1.0000]
 185.0000: (LIFT HOIST3 CRATE11 DEPOT3-2-3 DEPOT3-2-2 DEPOT3) [D:1.0000; C:1.0000]
 186.0000: (DROP HOIST2 CRATE12 DEPOT3-2-3 LOADAREA DEPOT3) [D:1.0000; C:1.0000]
 186.0000: (DROP HOIST3 CRATE11 DEPOT3-1-2 DEPOT3-2-2 DEPOT3) [D:1.0000; C:1.0000]


Solution found:
Total time:      3.93
Search time:     3.08
Actions:         211
Execution cost:  211.00
Duration:        187.000
Plan quality:    211.000


Parsing domain file:  domain 'STORAGE-PROPOSITIONAL' defined ... done.
Parsing problem file:  problem 'STORAGE-24' defined ... done.



Modality: Fast Planner

Number of actions             :    9120
Number of conditional actions :       0
Number of facts               :     974


Analyzing Planning Problem:
	Temporal Planning Problem: NO
	Numeric Planning Problem: NO
	Problem with Timed Initial Litearals: NO
	Problem with Derived Predicates: NO

Evaluation function weights:
     Action duration 0.00; Action cost 1.00


Computing mutex... done

Preprocessing total time: 1.02 seconds

Searching ('.' = every 50 search steps):
........... search limit exceeded. Restart.
............. search limit exceeded. Restart.
............... search limit exceeded. Restart.
.................. search limit exceeded. Restart.
..................... search limit exceeded. Restart.
........................ search limit exceeded. Restart.
............................ search limit exceeded. Restart.
............................ solution found: 

Plan computed:
   Time: (ACTION) [action Duration; action Cost]
 0.0000: (GO-OUT HOIST1 DEPOT0-2-3 LOADAREA) [D:1.0000; C:1.0000]
 0.0000: (MOVE HOIST3 DEPOT2-1-4 DEPOT2-2-4) [D:1.0000; C:1.0000]
 0.0000: (MOVE HOIST0 DEPOT0-2-1 DEPOT0-2-2) [D:1.0000; C:1.0000]
 0.0000: (MOVE HOIST2 DEPOT2-1-1 DEPOT2-1-2) [D:1.0000; C:1.0000]
 1.0000: (LIFT HOIST1 CRATE13 CONTAINER-3-1 LOADAREA CONTAINER3) [D:1.0000; C:1.0000]
 1.0000: (GO-OUT HOIST3 DEPOT2-2-4 LOADAREA) [D:1.0000; C:1.0000]
 1.0000: (MOVE HOIST2 DEPOT2-1-2 DEPOT2-1-3) [D:1.0000; C:1.0000]
 2.0000: (DROP HOIST1 CRATE13 DEPOT3-2-4 LOADAREA DEPOT3) [D:1.0000; C:1.0000]
 2.0000: (MOVE HOIST2 DEPOT2-1-3 DEPOT2-1-4) [D:1.0000; C:1.0000]
 3.0000: (LIFT HOIST1 CRATE0 CONTAINER-0-0 LOADAREA CONTAINER0) [D:1.0000; C:1.0000]
 4.0000: (DROP HOIST1 CRATE0 DEPOT0-2-3 LOADAREA DEPOT0) [D:1.0000; C:1.0000]
 5.0000: (LIFT HOIST1 CRATE9 CONTAINER-2-1 LOADAREA CONTAINER2) [D:1.0000; C:1.0000]
 5.0000: (LIFT HOIST0 CRATE0 DEPOT0-2-3 DEPOT0-2-2 DEPOT0) [D:1.0000; C:1.0000]
 6.0000: (DROP HOIST1 CRATE9 DEPOT2-2-4 LOADAREA DEPOT2) [D:1.0000; C:1.0000]
 6.0000: (MOVE HOIST0 DEPOT0-2-2 DEPOT0-1-2) [D:1.0000; C:1.0000]
 7.0000: (LIFT HOIST1 CRATE13 DEPOT3-2-4 LOADAREA DEPOT3) [D:1.0000; C:1.0000]
 8.0000: (DROP HOIST1 CRATE13 CONTAINER-2-1 LOADAREA CONTAINER2) [D:1.0000; C:1.0000]
 9.0000: (LIFT HOIST1 CRATE11 CONTAINER-2-3 LOADAREA CONTAINER2) [D:1.0000; C:1.0000]
 10.0000: (DROP HOIST1 CRATE11 DEPOT3-2-4 LOADAREA DEPOT3) [D:1.0000; C:1.0000]
 11.0000: (LIFT HOIST1 CRATE1 CONTAINER-0-1 LOADAREA CONTAINER0) [D:1.0000; C:1.0000]
 12.0000: (DROP HOIST1 CRATE1 DEPOT0-2-3 LOADAREA DEPOT0) [D:1.0000; C:1.0000]
 13.0000: (LIFT HOIST1 CRATE11 DEPOT3-2-4 LOADAREA DEPOT3) [D:1.0000; C:1.0000]
 14.0000: (DROP HOIST1 CRATE11 CONTAINER-3-1 LOADAREA CONTAINER3) [D:1.0000; C:1.0000]
 15.0000: (LIFT HOIST1 CRATE12 CONTAINER-3-0 LOADAREA CONTAINER3) [D:1.0000; C:1.0000]
 16.0000: (DROP HOIST1 CRATE12 DEPOT3-2-4 LOADAREA DEPOT3) [D:1.0000; C:1.0000]
 17.0000: (LIFT HOIST1 CRATE12 DEPOT3-2-4 LOADAREA DEPOT3) [D:1.0000; C:1.0000]
 18.0000: (DROP HOIST1 CRATE12 CONTAINER-3-0 LOADAREA CONTAINER3) [D:1.0000; C:1.0000]
 19.0000: (LIFT HOIST1 CRATE11 CONTAINER-3-1 LOADAREA CONTAINER3) [D:1.0000; C:1.0000]
 20.0000: (DROP HOIST1 CRATE11 DEPOT3-2-4 LOADAREA DEPOT3) [D:1.0000; C:1.0000]
 21.0000: (LIFT HOIST1 CRATE11 DEPOT3-2-4 LOADAREA DEPOT3) [D:1.0000; C:1.0000]
 22.0000: (DROP HOIST1 CRATE11 DEPOT1-2-3 LOADAREA DEPOT1) [D:1.0000; C:1.0000]
 23.0000: (LIFT HOIST1 CRATE13 CONTAINER-2-1 LOADAREA CONTAINER2) [D:1.0000; C:1.0000]
 24.0000: (DROP HOIST1 CRATE13 DEPOT3-2-4 LOADAREA DEPOT3) [D:1.0000; C:1.0000]
 25.0000: (LIFT HOIST1 CRATE1 DEPOT0-2-3 LOADAREA DEPOT0) [D:1.0000; C:1.0000]
 25.0000: (LIFT HOIST3 CRATE13 DEPOT3-2-4 LOADAREA DEPOT3) [D:1.0000; C:1.0000]
 26.0000: (DROP HOIST1 CRATE1 CONTAINER-3-1 LOADAREA CONTAINER3) [D:1.0000; C:1.0000]
 26.0000: (DROP HOIST3 CRATE13 CONTAINER-0-1 LOADAREA CONTAINER0) [D:1.0000; C:1.0000]
 27.0000: (LIFT HOIST1 CRATE10 CONTAINER-2-2 LOADAREA CONTAINER2) [D:1.0000; C:1.0000]
 27.0000: (LIFT HOIST3 CRATE12 CONTAINER-3-0 LOADAREA CONTAINER3) [D:1.0000; C:1.0000]
 28.0000: (DROP HOIST1 CRATE10 CONTAINER-2-3 LOADAREA CONTAINER2) [D:1.0000; C:1.0000]
 28.0000: (DROP HOIST3 CRATE12 DEPOT3-2-4 LOADAREA DEPOT3) [D:1.0000; C:1.0000]
 29.0000: (LIFT HOIST1 CRATE3 CONTAINER-0-3 LOADAREA CONTAINER0) [D:1.0000; C:1.0000]
 29.0000: (LIFT HOIST3 CRATE1 CONTAINER-3-1 LOADAREA CONTAINER3) [D:1.0000; C:1.0000]
 30.0000: (GO-IN HOIST1 LOADAREA DEPOT0-2-3) [D:1.0000; C:1.0000]
 31.0000: (MOVE HOIST1 DEPOT0-2-3 DEPOT0-2-2) [D:1.0000; C:1.0000]
 32.0000: (MOVE HOIST1 DEPOT0-2-2 DEPOT0-2-1) [D:1.0000; C:1.0000]
 32.0000: (DROP HOIST3 CRATE1 DEPOT0-2-3 LOADAREA DEPOT0) [D:1.0000; C:1.0000]
 33.0000: (MOVE HOIST1 DEPOT0-2-1 DEPOT0-1-1) [D:1.0000; C:1.0000]
 33.0000: (DROP HOIST0 CRATE0 DEPOT0-2-2 DEPOT0-1-2 DEPOT0) [D:1.0000; C:1.0000]
 33.0000: (LIFT HOIST3 CRATE12 DEPOT3-2-4 LOADAREA DEPOT3) [D:1.0000; C:1.0000]
 34.0000: (DROP HOIST1 CRATE3 DEPOT0-2-1 DEPOT0-1-1 DEPOT0) [D:1.0000; C:1.0000]
 34.0000: (DROP HOIST3 CRATE12 CONTAINER-0-0 LOADAREA CONTAINER0) [D:1.0000; C:1.0000]
 34.0000: (MOVE HOIST0 DEPOT0-1-2 DEPOT0-1-3) [D:1.0000; C:1.0000]
 35.0000: (LIFT HOIST3 CRATE13 CONTAINER-0-1 LOADAREA CONTAINER0) [D:1.0000; C:1.0000]
 35.0000: (LIFT HOIST0 CRATE1 DEPOT0-2-3 DEPOT0-1-3 DEPOT0) [D:1.0000; C:1.0000]
 36.0000: (DROP HOIST3 CRATE13 DEPOT3-2-4 LOADAREA DEPOT3) [D:1.0000; C:1.0000]
 36.0000: (DROP HOIST0 CRATE1 DEPOT0-1-4 DEPOT0-1-3 DEPOT0) [D:1.0000; C:1.0000]
 37.0000: (LIFT HOIST3 CRATE11 DEPOT1-2-3 LOADAREA DEPOT1) [D:1.0000; C:1.0000]
 38.0000: (DROP HOIST3 CRATE11 CONTAINER-0-1 LOADAREA CONTAINER0) [D:1.0000; C:1.0000]
 39.0000: (LIFT HOIST3 CRATE4 CONTAINER-1-0 LOADAREA CONTAINER1) [D:1.0000; C:1.0000]
 40.0000: (DROP HOIST3 CRATE4 DEPOT1-2-3 LOADAREA DEPOT1) [D:1.0000; C:1.0000]
 41.0000: (LIFT HOIST3 CRATE13 DEPOT3-2-4 LOADAREA DEPOT3) [D:1.0000; C:1.0000]
 42.0000: (DROP HOIST3 CRATE13 CONTAINER-1-0 LOADAREA CONTAINER1) [D:1.0000; C:1.0000]
 43.0000: (LIFT HOIST3 CRATE11 CONTAINER-0-1 LOADAREA CONTAINER0) [D:1.0000; C:1.0000]
 44.0000: (DROP HOIST3 CRATE11 DEPOT3-2-4 LOADAREA DEPOT3) [D:1.0000; C:1.0000]
 45.0000: (LIFT HOIST3 CRATE4 DEPOT1-2-3 LOADAREA DEPOT1) [D:1.0000; C:1.0000]
 46.0000: (DROP HOIST3 CRATE4 CONTAINER-2-1 LOADAREA CONTAINER2) [D:1.0000; C:1.0000]
 47.0000: (LIFT HOIST3 CRATE5 CONTAINER-1-1 LOADAREA CONTAINER1) [D:1.0000; C:1.0000]
 48.0000: (DROP HOIST3 CRATE5 DEPOT1-2-3 LOADAREA DEPOT1) [D:1.0000; C:1.0000]
 49.0000: (LIFT HOIST3 CRATE5 DEPOT1-2-3 LOADAREA DEPOT1) [D:1.0000; C:1.0000]
 50.0000: (DROP HOIST3 CRATE5 CONTAINER-3-1 LOADAREA CONTAINER3) [D:1.0000; C:1.0000]
 51.0000: (LIFT HOIST3 CRATE4 CONTAINER-2-1 LOADAREA CONTAINER2) [D:1.0000; C:1.0000]
 52.0000: (DROP HOIST3 CRATE4 DEPOT1-2-3 LOADAREA DEPOT1) [D:1.0000; C:1.0000]
 53.0000: (LIFT HOIST3 CRATE9 DEPOT2-2-4 LOADAREA DEPOT2) [D:1.0000; C:1.0000]
 54.0000: (DROP HOIST3 CRATE9 CONTAINER-1-1 LOADAREA CONTAINER1) [D:1.0000; C:1.0000]
 55.0000: (LIFT HOIST3 CRATE11 DEPOT3-2-4 LOADAREA DEPOT3) [D:1.0000; C:1.0000]
 56.0000: (DROP HOIST3 CRATE11 CONTAINER-0-3 LOADAREA CONTAINER0) [D:1.0000; C:1.0000]
 57.0000: (LIFT HOIST3 CRATE13 CONTAINER-1-0 LOADAREA CONTAINER1) [D:1.0000; C:1.0000]
 58.0000: (DROP HOIST3 CRATE13 DEPOT3-2-4 LOADAREA DEPOT3) [D:1.0000; C:1.0000]
 59.0000: (LIFT HOIST3 CRATE13 DEPOT3-2-4 LOADAREA DEPOT3) [D:1.0000; C:1.0000]
 60.0000: (DROP HOIST3 CRATE13 CONTAINER-0-1 LOADAREA CONTAINER0) [D:1.0000; C:1.0000]
 61.0000: (LIFT HOIST3 CRATE12 CONTAINER-0-0 LOADAREA CONTAINER0) [D:1.0000; C:1.0000]
 62.0000: (DROP HOIST3 CRATE12 DEPOT3-2-4 LOADAREA DEPOT3) [D:1.0000; C:1.0000]
 63.0000: (LIFT HOIST3 CRATE12 DEPOT3-2-4 LOADAREA DEPOT3) [D:1.0000; C:1.0000]
 64.0000: (DROP HOIST3 CRATE12 CONTAINER-1-0 LOADAREA CONTAINER1) [D:1.0000; C:1.0000]
 65.0000: (LIFT HOIST3 CRATE11 CONTAINER-0-3 LOADAREA CONTAINER0) [D:1.0000; C:1.0000]
 66.0000: (DROP HOIST3 CRATE11 DEPOT3-2-4 LOADAREA DEPOT3) [D:1.0000; C:1.0000]
 67.0000: (LIFT HOIST3 CRATE9 CONTAINER-1-1 LOADAREA CONTAINER1) [D:1.0000; C:1.0000]
 68.0000: (DROP HOIST3 CRATE9 DEPOT2-2-4 LOADAREA DEPOT2) [D:1.0000; C:1.0000]
 69.0000: (LIFT HOIST3 CRATE11 DEPOT3-2-4 LOADAREA DEPOT3) [D:1.0000; C:1.0000]
 69.0000: (LIFT HOIST2 CRATE9 DEPOT2-2-4 DEPOT2-1-4 DEPOT2) [D:1.0000; C:1.0000]
 70.0000: (DROP HOIST3 CRATE11 CONTAINER-0-3 LOADAREA CONTAINER0) [D:1.0000; C:1.0000]
 71.0000: (LIFT HOIST3 CRATE12 CONTAINER-1-0 LOADAREA CONTAINER1) [D:1.0000; C:1.0000]
 72.0000: (DROP HOIST3 CRATE12 DEPOT3-2-4 LOADAREA DEPOT3) [D:1.0000; C:1.0000]
 73.0000: (LIFT HOIST3 CRATE6 CONTAINER-1-2 LOADAREA CONTAINER1) [D:1.0000; C:1.0000]
 74.0000: (DROP HOIST3 CRATE6 CONTAINER-0-0 LOADAREA CONTAINER0) [D:1.0000; C:1.0000]
 75.0000: (LIFT HOIST3 CRATE4 DEPOT1-2-3 LOADAREA DEPOT1) [D:1.0000; C:1.0000]
 76.0000: (DROP HOIST3 CRATE4 CONTAINER-2-1 LOADAREA CONTAINER2) [D:1.0000; C:1.0000]
 77.0000: (LIFT HOIST3 CRATE6 CONTAINER-0-0 LOADAREA CONTAINER0) [D:1.0000; C:1.0000]
 78.0000: (DROP HOIST3 CRATE6 DEPOT1-2-3 LOADAREA DEPOT1) [D:1.0000; C:1.0000]
 79.0000: (LIFT HOIST3 CRATE12 DEPOT3-2-4 LOADAREA DEPOT3) [D:1.0000; C:1.0000]
 80.0000: (DROP HOIST3 CRATE12 CONTAINER-1-1 LOADAREA CONTAINER1) [D:1.0000; C:1.0000]
 81.0000: (LIFT HOIST3 CRATE13 CONTAINER-0-1 LOADAREA CONTAINER0) [D:1.0000; C:1.0000]
 82.0000: (DROP HOIST3 CRATE13 DEPOT3-2-4 LOADAREA DEPOT3) [D:1.0000; C:1.0000]
 83.0000: (LIFT HOIST3 CRATE13 DEPOT3-2-4 LOADAREA DEPOT3) [D:1.0000; C:1.0000]
 84.0000: (DROP HOIST3 CRATE13 CONTAINER-2-2 LOADAREA CONTAINER2) [D:1.0000; C:1.0000]
 85.0000: (LIFT HOIST3 CRATE12 CONTAINER-1-1 LOADAREA CONTAINER1) [D:1.0000; C:1.0000]
 86.0000: (DROP HOIST3 CRATE12 DEPOT3-2-4 LOADAREA DEPOT3) [D:1.0000; C:1.0000]
 87.0000: (LIFT HOIST3 CRATE6 DEPOT1-2-3 LOADAREA DEPOT1) [D:1.0000; C:1.0000]
 88.0000: (DROP HOIST3 CRATE6 CONTAINER-1-1 LOADAREA CONTAINER1) [D:1.0000; C:1.0000]
 89.0000: (LIFT HOIST3 CRATE4 CONTAINER-2-1 LOADAREA CONTAINER2) [D:1.0000; C:1.0000]
 90.0000: (DROP HOIST3 CRATE4 DEPOT1-2-3 LOADAREA DEPOT1) [D:1.0000; C:1.0000]
 91.0000: (LIFT HOIST3 CRATE13 CONTAINER-2-2 LOADAREA CONTAINER2) [D:1.0000; C:1.0000]
 92.0000: (DROP HOIST3 CRATE13 CONTAINER-3-0 LOADAREA CONTAINER3) [D:1.0000; C:1.0000]
 93.0000: (LIFT HOIST3 CRATE4 DEPOT1-2-3 LOADAREA DEPOT1) [D:1.0000; C:1.0000]
 94.0000: (DROP HOIST3 CRATE4 CONTAINER-1-0 LOADAREA CONTAINER1) [D:1.0000; C:1.0000]
 95.0000: (LIFT HOIST3 CRATE7 CONTAINER-1-3 LOADAREA CONTAINER1) [D:1.0000; C:1.0000]
 96.0000: (DROP HOIST3 CRATE7 DEPOT1-2-3 LOADAREA DEPOT1) [D:1.0000; C:1.0000]
 97.0000: (LIFT HOIST3 CRATE12 DEPOT3-2-4 LOADAREA DEPOT3) [D:1.0000; C:1.0000]
 98.0000: (DROP HOIST3 CRATE12 CONTAINER-1-2 LOADAREA CONTAINER1) [D:1.0000; C:1.0000]
 99.0000: (LIFT HOIST3 CRATE11 CONTAINER-0-3 LOADAREA CONTAINER0) [D:1.0000; C:1.0000]
 100.0000: (DROP HOIST3 CRATE11 DEPOT3-2-4 LOADAREA DEPOT3) [D:1.0000; C:1.0000]
 101.0000: (LIFT HOIST3 CRATE11 DEPOT3-2-4 LOADAREA DEPOT3) [D:1.0000; C:1.0000]
 102.0000: (DROP HOIST3 CRATE11 CONTAINER-0-1 LOADAREA CONTAINER0) [D:1.0000; C:1.0000]
 103.0000: (LIFT HOIST3 CRATE13 CONTAINER-3-0 LOADAREA CONTAINER3) [D:1.0000; C:1.0000]
 104.0000: (DROP HOIST3 CRATE13 DEPOT3-2-4 LOADAREA DEPOT3) [D:1.0000; C:1.0000]
 105.0000: (LIFT HOIST3 CRATE7 DEPOT1-2-3 LOADAREA DEPOT1) [D:1.0000; C:1.0000]
 106.0000: (DROP HOIST3 CRATE7 CONTAINER-2-1 LOADAREA CONTAINER2) [D:1.0000; C:1.0000]
 107.0000: (LIFT HOIST3 CRATE8 CONTAINER-2-0 LOADAREA CONTAINER2) [D:1.0000; C:1.0000]
 108.0000: (DROP HOIST3 CRATE8 CONTAINER-1-3 LOADAREA CONTAINER1) [D:1.0000; C:1.0000]
 109.0000: (LIFT HOIST3 CRATE4 CONTAINER-1-0 LOADAREA CONTAINER1) [D:1.0000; C:1.0000]
 110.0000: (DROP HOIST3 CRATE4 CONTAINER-0-0 LOADAREA CONTAINER0) [D:1.0000; C:1.0000]
 111.0000: (LIFT HOIST3 CRATE4 CONTAINER-0-0 LOADAREA CONTAINER0) [D:1.0000; C:1.0000]
 112.0000: (DROP HOIST3 CRATE4 DEPOT1-2-3 LOADAREA DEPOT1) [D:1.0000; C:1.0000]
 113.0000: (LIFT HOIST3 CRATE13 DEPOT3-2-4 LOADAREA DEPOT3) [D:1.0000; C:1.0000]
 114.0000: (DROP HOIST3 CRATE13 CONTAINER-2-0 LOADAREA CONTAINER2) [D:1.0000; C:1.0000]
 115.0000: (LIFT HOIST3 CRATE11 CONTAINER-0-1 LOADAREA CONTAINER0) [D:1.0000; C:1.0000]
 116.0000: (DROP HOIST3 CRATE11 DEPOT3-2-4 LOADAREA DEPOT3) [D:1.0000; C:1.0000]
 117.0000: (LIFT HOIST3 CRATE4 DEPOT1-2-3 LOADAREA DEPOT1) [D:1.0000; C:1.0000]
 118.0000: (DROP HOIST3 CRATE4 CONTAINER-3-0 LOADAREA CONTAINER3) [D:1.0000; C:1.0000]
 119.0000: (LIFT HOIST3 CRATE13 CONTAINER-2-0 LOADAREA CONTAINER2) [D:1.0000; C:1.0000]
 120.0000: (DROP HOIST3 CRATE13 CONTAINER-0-3 LOADAREA CONTAINER0) [D:1.0000; C:1.0000]
 121.0000: (LIFT HOIST3 CRATE5 CONTAINER-3-1 LOADAREA CONTAINER3) [D:1.0000; C:1.0000]
 122.0000: (DROP HOIST3 CRATE5 DEPOT1-2-3 LOADAREA DEPOT1) [D:1.0000; C:1.0000]
 123.0000: (LIFT HOIST3 CRATE5 DEPOT1-2-3 LOADAREA DEPOT1) [D:1.0000; C:1.0000]
 124.0000: (DROP HOIST3 CRATE5 CONTAINER-3-1 LOADAREA CONTAINER3) [D:1.0000; C:1.0000]
 125.0000: (LIFT HOIST3 CRATE7 CONTAINER-2-1 LOADAREA CONTAINER2) [D:1.0000; C:1.0000]
 126.0000: (DROP HOIST3 CRATE7 DEPOT1-2-3 LOADAREA DEPOT1) [D:1.0000; C:1.0000]
 127.0000: (LIFT HOIST3 CRATE2 CONTAINER-0-2 LOADAREA CONTAINER0) [D:1.0000; C:1.0000]
 128.0000: (DROP HOIST3 CRATE2 DEPOT0-2-3 LOADAREA DEPOT0) [D:1.0000; C:1.0000]
 129.0000: (LIFT HOIST3 CRATE11 DEPOT3-2-4 LOADAREA DEPOT3) [D:1.0000; C:1.0000]
 130.0000: (DROP HOIST3 CRATE11 CONTAINER-0-2 LOADAREA CONTAINER0) [D:1.0000; C:1.0000]
 131.0000: (LIFT HOIST3 CRATE12 CONTAINER-1-2 LOADAREA CONTAINER1) [D:1.0000; C:1.0000]
 132.0000: (DROP HOIST3 CRATE12 DEPOT3-2-4 LOADAREA DEPOT3) [D:1.0000; C:1.0000]
 133.0000: (LIFT HOIST3 CRATE12 DEPOT3-2-4 LOADAREA DEPOT3) [D:1.0000; C:1.0000]
 134.0000: (DROP HOIST3 CRATE12 CONTAINER-0-1 LOADAREA CONTAINER0) [D:1.0000; C:1.0000]
 135.0000: (LIFT HOIST3 CRATE11 CONTAINER-0-2 LOADAREA CONTAINER0) [D:1.0000; C:1.0000]
 136.0000: (DROP HOIST3 CRATE11 DEPOT3-2-4 LOADAREA DEPOT3) [D:1.0000; C:1.0000]
 137.0000: (LIFT HOIST3 CRATE11 DEPOT3-2-4 LOADAREA DEPOT3) [D:1.0000; C:1.0000]
 138.0000: (DROP HOIST3 CRATE11 CONTAINER-0-2 LOADAREA CONTAINER0) [D:1.0000; C:1.0000]
 139.0000: (LIFT HOIST3 CRATE12 CONTAINER-0-1 LOADAREA CONTAINER0) [D:1.0000; C:1.0000]
 140.0000: (DROP HOIST3 CRATE12 DEPOT3-2-4 LOADAREA DEPOT3) [D:1.0000; C:1.0000]
 141.0000: (LIFT HOIST3 CRATE7 DEPOT1-2-3 LOADAREA DEPOT1) [D:1.0000; C:1.0000]
 142.0000: (DROP HOIST3 CRATE7 CONTAINER-2-0 LOADAREA CONTAINER2) [D:1.0000; C:1.0000]
 143.0000: (LIFT HOIST3 CRATE6 CONTAINER-1-1 LOADAREA CONTAINER1) [D:1.0000; C:1.0000]
 144.0000: (DROP HOIST3 CRATE6 DEPOT1-2-3 LOADAREA DEPOT1) [D:1.0000; C:1.0000]
 145.0000: (LIFT HOIST3 CRATE12 DEPOT3-2-4 LOADAREA DEPOT3) [D:1.0000; C:1.0000]
 146.0000: (DROP HOIST3 CRATE12 CONTAINER-1-2 LOADAREA CONTAINER1) [D:1.0000; C:1.0000]
 147.0000: (LIFT HOIST3 CRATE11 CONTAINER-0-2 LOADAREA CONTAINER0) [D:1.0000; C:1.0000]
 148.0000: (DROP HOIST3 CRATE11 DEPOT3-2-4 LOADAREA DEPOT3) [D:1.0000; C:1.0000]
 149.0000: (LIFT HOIST3 CRATE11 DEPOT3-2-4 LOADAREA DEPOT3) [D:1.0000; C:1.0000]
 150.0000: (DROP HOIST3 CRATE11 CONTAINER-2-1 LOADAREA CONTAINER2) [D:1.0000; C:1.0000]
 151.0000: (LIFT HOIST3 CRATE13 CONTAINER-0-3 LOADAREA CONTAINER0) [D:1.0000; C:1.0000]
 152.0000: (DROP HOIST3 CRATE13 DEPOT3-2-4 LOADAREA DEPOT3) [D:1.0000; C:1.0000]
 153.0000: (LIFT HOIST3 CRATE6 DEPOT1-2-3 LOADAREA DEPOT1) [D:1.0000; C:1.0000]
 154.0000: (DROP HOIST3 CRATE6 CONTAINER-0-0 LOADAREA CONTAINER0) [D:1.0000; C:1.0000]
 155.0000: (LIFT HOIST3 CRATE4 CONTAINER-3-0 LOADAREA CONTAINER3) [D:1.0000; C:1.0000]
 156.0000: (DROP HOIST3 CRATE4 CONTAINER-1-1 LOADAREA CONTAINER1) [D:1.0000; C:1.0000]
 157.0000: (LIFT HOIST3 CRATE5 CONTAINER-3-1 LOADAREA CONTAINER3) [D:1.0000; C:1.0000]
 158.0000: (DROP HOIST3 CRATE5 DEPOT1-2-3 LOADAREA DEPOT1) [D:1.0000; C:1.0000]
 159.0000: (LIFT HOIST3 CRATE5 DEPOT1-2-3 LOADAREA DEPOT1) [D:1.0000; C:1.0000]
 160.0000: (DROP HOIST3 CRATE5 CONTAINER-1-0 LOADAREA CONTAINER1) [D:1.0000; C:1.0000]
 161.0000: (LIFT HOIST3 CRATE8 CONTAINER-1-3 LOADAREA CONTAINER1) [D:1.0000; C:1.0000]
 162.0000: (DROP HOIST3 CRATE8 DEPOT2-2-4 LOADAREA DEPOT2) [D:1.0000; C:1.0000]
 163.0000: (LIFT HOIST3 CRATE6 CONTAINER-0-0 LOADAREA CONTAINER0) [D:1.0000; C:1.0000]
 164.0000: (DROP HOIST3 CRATE6 DEPOT1-2-3 LOADAREA DEPOT1) [D:1.0000; C:1.0000]
 165.0000: (LIFT HOIST3 CRATE6 DEPOT1-2-3 LOADAREA DEPOT1) [D:1.0000; C:1.0000]
 166.0000: (DROP HOIST3 CRATE6 DEPOT1-2-3 LOADAREA DEPOT1) [D:1.0000; C:1.0000]
 167.0000: (LIFT HOIST3 CRATE6 DEPOT1-2-3 LOADAREA DEPOT1) [D:1.0000; C:1.0000]
 168.0000: (DROP HOIST3 CRATE6 CONTAINER-0-2 LOADAREA CONTAINER0) [D:1.0000; C:1.0000]
 169.0000: (LIFT HOIST3 CRATE2 DEPOT0-2-3 LOADAREA DEPOT0) [D:1.0000; C:1.0000]
 170.0000: (MOVE HOIST0 DEPOT0-1-3 DEPOT0-2-3) [D:1.0000; C:1.0000]
 170.0000: (DROP HOIST3 CRATE2 CONTAINER-0-0 LOADAREA CONTAINER0) [D:1.0000; C:1.0000]
 171.0000: (GO-OUT HOIST0 DEPOT0-2-3 LOADAREA) [D:1.0000; C:1.0000]
 171.0000: (LIFT HOIST3 CRATE7 CONTAINER-2-0 LOADAREA CONTAINER2) [D:1.0000; C:1.0000]
 172.0000: (GO-IN HOIST3 LOADAREA DEPOT1-2-3) [D:1.0000; C:1.0000]
 172.0000: (LIFT HOIST0 CRATE8 DEPOT2-2-4 LOADAREA DEPOT2) [D:1.0000; C:1.0000]
 173.0000: (MOVE HOIST3 DEPOT1-2-3 DEPOT1-2-2) [D:1.0000; C:1.0000]
 173.0000: (MOVE HOIST2 DEPOT2-1-4 DEPOT2-2-4) [D:1.0000; C:1.0000]
 173.0000: (DROP HOIST0 CRATE8 CONTAINER-3-1 LOADAREA CONTAINER3) [D:1.0000; C:1.0000]
 174.0000: (DROP HOIST3 CRATE7 DEPOT1-2-3 DEPOT1-2-2 DEPOT1) [D:1.0000; C:1.0000]
 174.0000: (GO-OUT HOIST2 DEPOT2-2-4 LOADAREA) [D:1.0000; C:1.0000]
 175.0000: (DROP HOIST2 CRATE9 CONTAINER-0-3 LOADAREA CONTAINER0) [D:1.0000; C:1.0000]
 175.0000: (LIFT HOIST3 CRATE7 DEPOT1-2-3 DEPOT1-2-2 DEPOT1) [D:1.0000; C:1.0000]
 176.0000: (LIFT HOIST2 CRATE10 CONTAINER-2-3 LOADAREA CONTAINER2) [D:1.0000; C:1.0000]
 176.0000: (DROP HOIST3 CRATE7 DEPOT1-2-1 DEPOT1-2-2 DEPOT1) [D:1.0000; C:1.0000]
 177.0000: (DROP HOIST2 CRATE10 DEPOT2-2-4 LOADAREA DEPOT2) [D:1.0000; C:1.0000]
 178.0000: (LIFT HOIST2 CRATE13 DEPOT3-2-4 LOADAREA DEPOT3) [D:1.0000; C:1.0000]
 179.0000: (DROP HOIST2 CRATE13 CONTAINER-2-3 LOADAREA CONTAINER2) [D:1.0000; C:1.0000]
 180.0000: (LIFT HOIST2 CRATE12 CONTAINER-1-2 LOADAREA CONTAINER1) [D:1.0000; C:1.0000]
 181.0000: (DROP HOIST2 CRATE12 DEPOT3-2-4 LOADAREA DEPOT3) [D:1.0000; C:1.0000]
 182.0000: (LIFT HOIST2 CRATE2 CONTAINER-0-0 LOADAREA CONTAINER0) [D:1.0000; C:1.0000]
 182.0000: (LIFT HOIST0 CRATE12 DEPOT3-2-4 LOADAREA DEPOT3) [D:1.0000; C:1.0000]
 183.0000: (DROP HOIST2 CRATE2 DEPOT0-2-3 LOADAREA DEPOT0) [D:1.0000; C:1.0000]
 183.0000: (DROP HOIST0 CRATE12 CONTAINER-0-0 LOADAREA CONTAINER0) [D:1.0000; C:1.0000]
 184.0000: (LIFT HOIST2 CRATE6 CONTAINER-0-2 LOADAREA CONTAINER0) [D:1.0000; C:1.0000]
 185.0000: (DROP HOIST2 CRATE6 DEPOT1-2-3 LOADAREA DEPOT1) [D:1.0000; C:1.0000]
 186.0000: (LIFT HOIST2 CRATE5 CONTAINER-1-0 LOADAREA CONTAINER1) [D:1.0000; C:1.0000]
 186.0000: (LIFT HOIST3 CRATE6 DEPOT1-2-3 DEPOT1-2-2 DEPOT1) [D:1.0000; C:1.0000]
 187.0000: (DROP HOIST2 CRATE5 DEPOT1-2-3 LOADAREA DEPOT1) [D:1.0000; C:1.0000]
 187.0000: (DROP HOIST3 CRATE6 DEPOT1-1-2 DEPOT1-2-2 DEPOT1) [D:1.0000; C:1.0000]
 188.0000: (LIFT HOIST2 CRATE11 CONTAINER-2-1 LOADAREA CONTAINER2) [D:1.0000; C:1.0000]
 189.0000: (DROP HOIST2 CRATE11 DEPOT3-2-4 LOADAREA DEPOT3) [D:1.0000; C:1.0000]
 190.0000: (LIFT HOIST2 CRATE10 DEPOT2-2-4 LOADAREA DEPOT2) [D:1.0000; C:1.0000]
 191.0000: (DROP HOIST2 CRATE10 CONTAINER-1-3 LOADAREA CONTAINER1) [D:1.0000; C:1.0000]
 192.0000: (LIFT HOIST2 CRATE13 CONTAINER-2-3 LOADAREA CONTAINER2) [D:1.0000; C:1.0000]
 193.0000: (DROP HOIST2 CRATE13 CONTAINER-1-0 LOADAREA CONTAINER1) [D:1.0000; C:1.0000]
 194.0000: (LIFT HOIST2 CRATE8 CONTAINER-3-1 LOADAREA CONTAINER3) [D:1.0000; C:1.0000]
 195.0000: (DROP HOIST2 CRATE8 DEPOT2-2-4 LOADAREA DEPOT2) [D:1.0000; C:1.0000]
 196.0000: (LIFT HOIST2 CRATE5 DEPOT1-2-3 LOADAREA DEPOT1) [D:1.0000; C:1.0000]
 196.0000: (LIFT HOIST0 CRATE8 DEPOT2-2-4 LOADAREA DEPOT2) [D:1.0000; C:1.0000]
 197.0000: (DROP HOIST0 CRATE8 CONTAINER-2-1 LOADAREA CONTAINER2) [D:1.0000; C:1.0000]
 197.0000: (DROP HOIST2 CRATE5 CONTAINER-3-0 LOADAREA CONTAINER3) [D:1.0000; C:1.0000]
 198.0000: (LIFT HOIST0 CRATE10 CONTAINER-1-3 LOADAREA CONTAINER1) [D:1.0000; C:1.0000]
 199.0000: (DROP HOIST0 CRATE10 DEPOT2-2-4 LOADAREA DEPOT2) [D:1.0000; C:1.0000]
 200.0000: (LIFT HOIST0 CRATE4 CONTAINER-1-1 LOADAREA CONTAINER1) [D:1.0000; C:1.0000]
 201.0000: (DROP HOIST0 CRATE4 CONTAINER-3-1 LOADAREA CONTAINER3) [D:1.0000; C:1.0000]
 202.0000: (LIFT HOIST2 CRATE4 CONTAINER-3-1 LOADAREA CONTAINER3) [D:1.0000; C:1.0000]
 202.0000: (LIFT HOIST0 CRATE11 DEPOT3-2-4 LOADAREA DEPOT3) [D:1.0000; C:1.0000]
 203.0000: (DROP HOIST2 CRATE4 DEPOT1-2-3 LOADAREA DEPOT1) [D:1.0000; C:1.0000]
 203.0000: (DROP HOIST0 CRATE11 CONTAINER-2-0 LOADAREA CONTAINER2) [D:1.0000; C:1.0000]
 204.0000: (LIFT HOIST0 CRATE13 CONTAINER-1-0 LOADAREA CONTAINER1) [D:1.0000; C:1.0000]
 205.0000: (DROP HOIST0 CRATE13 DEPOT3-2-4 LOADAREA DEPOT3) [D:1.0000; C:1.0000]
 206.0000: (LIFT HOIST2 CRATE13 DEPOT3-2-4 LOADAREA DEPOT3) [D:1.0000; C:1.0000]
 206.0000: (LIFT HOIST0 CRATE4 DEPOT1-2-3 LOADAREA DEPOT1) [D:1.0000; C:1.0000]
 207.0000: (DROP HOIST2 CRATE13 DEPOT3-2-4 LOADAREA DEPOT3) [D:1.0000; C:1.0000]
 207.0000: (DROP HOIST0 CRATE4 DEPOT1-2-3 LOADAREA DEPOT1) [D:1.0000; C:1.0000]
 208.0000: (LIFT HOIST2 CRATE5 CONTAINER-3-0 LOADAREA CONTAINER3) [D:1.0000; C:1.0000]
 208.0000: (LIFT HOIST0 CRATE4 DEPOT1-2-3 LOADAREA DEPOT1) [D:1.0000; C:1.0000]
 209.0000: (DROP HOIST2 CRATE5 DEPOT1-2-3 LOADAREA DEPOT1) [D:1.0000; C:1.0000]
 209.0000: (DROP HOIST0 CRATE4 CONTAINER-3-1 LOADAREA CONTAINER3) [D:1.0000; C:1.0000]
 210.0000: (LIFT HOIST2 CRATE13 DEPOT3-2-4 LOADAREA DEPOT3) [D:1.0000; C:1.0000]
 210.0000: (LIFT HOIST3 CRATE5 DEPOT1-2-3 DEPOT1-2-2 DEPOT1) [D:1.0000; C:1.0000]
 211.0000: (DROP HOIST2 CRATE13 CONTAINER-0-1 LOADAREA CONTAINER0) [D:1.0000; C:1.0000]
 211.0000: (DROP HOIST3 CRATE5 DEPOT1-2-3 DEPOT1-2-2 DEPOT1) [D:1.0000; C:1.0000]
 212.0000: (LIFT HOIST2 CRATE11 CONTAINER-2-0 LOADAREA CONTAINER2) [D:1.0000; C:1.0000]
 212.0000: (LIFT HOIST3 CRATE5 DEPOT1-2-3 DEPOT1-2-2 DEPOT1) [D:1.0000; C:1.0000]
 213.0000: (DROP HOIST2 CRATE11 CONTAINER-3-0 LOADAREA CONTAINER3) [D:1.0000; C:1.0000]
 213.0000: (DROP HOIST3 CRATE5 DEPOT1-2-3 DEPOT1-2-2 DEPOT1) [D:1.0000; C:1.0000]
 214.0000: (LIFT HOIST2 CRATE12 CONTAINER-0-0 LOADAREA CONTAINER0) [D:1.0000; C:1.0000]
 214.0000: (LIFT HOIST0 CRATE11 CONTAINER-3-0 LOADAREA CONTAINER3) [D:1.0000; C:1.0000]
 214.0000: (LIFT HOIST3 CRATE5 DEPOT1-2-3 DEPOT1-2-2 DEPOT1) [D:1.0000; C:1.0000]
 215.0000: (DROP HOIST0 CRATE11 DEPOT3-2-4 LOADAREA DEPOT3) [D:1.0000; C:1.0000]
 215.0000: (DROP HOIST3 CRATE5 DEPOT1-2-3 DEPOT1-2-2 DEPOT1) [D:1.0000; C:1.0000]
 216.0000: (LIFT HOIST0 CRATE11 DEPOT3-2-4 LOADAREA DEPOT3) [D:1.0000; C:1.0000]
 216.0000: (LIFT HOIST3 CRATE5 DEPOT1-2-3 DEPOT1-2-2 DEPOT1) [D:1.0000; C:1.0000]
 217.0000: (DROP HOIST2 CRATE12 DEPOT3-2-4 LOADAREA DEPOT3) [D:1.0000; C:1.0000]
 217.0000: (DROP HOIST0 CRATE11 CONTAINER-0-0 LOADAREA CONTAINER0) [D:1.0000; C:1.0000]
 217.0000: (DROP HOIST3 CRATE5 DEPOT1-2-3 DEPOT1-2-2 DEPOT1) [D:1.0000; C:1.0000]
 218.0000: (LIFT HOIST2 CRATE13 CONTAINER-0-1 LOADAREA CONTAINER0) [D:1.0000; C:1.0000]
 218.0000: (LIFT HOIST0 CRATE12 DEPOT3-2-4 LOADAREA DEPOT3) [D:1.0000; C:1.0000]
 218.0000: (LIFT HOIST3 CRATE5 DEPOT1-2-3 DEPOT1-2-2 DEPOT1) [D:1.0000; C:1.0000]
 219.0000: (DROP HOIST2 CRATE13 DEPOT3-2-4 LOADAREA DEPOT3) [D:1.0000; C:1.0000]
 219.0000: (DROP HOIST3 CRATE5 DEPOT1-2-3 DEPOT1-2-2 DEPOT1) [D:1.0000; C:1.0000]
 220.0000: (LIFT HOIST2 CRATE13 DEPOT3-2-4 LOADAREA DEPOT3) [D:1.0000; C:1.0000]
 220.0000: (LIFT HOIST3 CRATE5 DEPOT1-2-3 DEPOT1-2-2 DEPOT1) [D:1.0000; C:1.0000]
 221.0000: (DROP HOIST2 CRATE13 CONTAINER-1-1 LOADAREA CONTAINER1) [D:1.0000; C:1.0000]
 221.0000: (DROP HOIST0 CRATE12 DEPOT3-2-4 LOADAREA DEPOT3) [D:1.0000; C:1.0000]
 221.0000: (DROP HOIST3 CRATE5 DEPOT1-2-3 DEPOT1-2-2 DEPOT1) [D:1.0000; C:1.0000]
 222.0000: (LIFT HOIST2 CRATE11 CONTAINER-0-0 LOADAREA CONTAINER0) [D:1.0000; C:1.0000]
 222.0000: (LIFT HOIST0 CRATE12 DEPOT3-2-4 LOADAREA DEPOT3) [D:1.0000; C:1.0000]
 222.0000: (LIFT HOIST3 CRATE5 DEPOT1-2-3 DEPOT1-2-2 DEPOT1) [D:1.0000; C:1.0000]
 223.0000: (DROP HOIST0 CRATE12 CONTAINER-3-0 LOADAREA CONTAINER3) [D:1.0000; C:1.0000]
 223.0000: (DROP HOIST3 CRATE5 DEPOT1-2-3 DEPOT1-2-2 DEPOT1) [D:1.0000; C:1.0000]
 224.0000: (LIFT HOIST0 CRATE13 CONTAINER-1-1 LOADAREA CONTAINER1) [D:1.0000; C:1.0000]
 224.0000: (LIFT HOIST3 CRATE5 DEPOT1-2-3 DEPOT1-2-2 DEPOT1) [D:1.0000; C:1.0000]
 225.0000: (GO-IN HOIST0 LOADAREA DEPOT3-2-4) [D:1.0000; C:1.0000]
 225.0000: (DROP HOIST3 CRATE5 DEPOT1-2-3 DEPOT1-2-2 DEPOT1) [D:1.0000; C:1.0000]
 226.0000: (MOVE HOIST0 DEPOT3-2-4 DEPOT3-1-4) [D:1.0000; C:1.0000]
 226.0000: (LIFT HOIST3 CRATE5 DEPOT1-2-3 DEPOT1-2-2 DEPOT1) [D:1.0000; C:1.0000]
 227.0000: (DROP HOIST0 CRATE13 DEPOT3-2-4 DEPOT3-1-4 DEPOT3) [D:1.0000; C:1.0000]
 227.0000: (DROP HOIST3 CRATE5 DEPOT1-2-3 DEPOT1-2-2 DEPOT1) [D:1.0000; C:1.0000]
 228.0000: (LIFT HOIST0 CRATE13 DEPOT3-2-4 DEPOT3-1-4 DEPOT3) [D:1.0000; C:1.0000]
 228.0000: (LIFT HOIST3 CRATE5 DEPOT1-2-3 DEPOT1-2-2 DEPOT1) [D:1.0000; C:1.0000]
 229.0000: (DROP HOIST2 CRATE11 DEPOT3-2-4 LOADAREA DEPOT3) [D:1.0000; C:1.0000]
 229.0000: (DROP HOIST3 CRATE5 DEPOT1-2-3 DEPOT1-2-2 DEPOT1) [D:1.0000; C:1.0000]
 229.0000: (DROP HOIST0 CRATE13 DEPOT3-1-3 DEPOT3-1-4 DEPOT3) [D:1.0000; C:1.0000]
 230.0000: (LIFT HOIST2 CRATE4 CONTAINER-3-1 LOADAREA CONTAINER3) [D:1.0000; C:1.0000]
 230.0000: (LIFT HOIST3 CRATE5 DEPOT1-2-3 DEPOT1-2-2 DEPOT1) [D:1.0000; C:1.0000]
 230.0000: (LIFT HOIST0 CRATE13 DEPOT3-1-3 DEPOT3-1-4 DEPOT3) [D:1.0000; C:1.0000]
 231.0000: (DROP HOIST3 CRATE5 DEPOT1-2-3 DEPOT1-2-2 DEPOT1) [D:1.0000; C:1.0000]
 231.0000: (DROP HOIST0 CRATE13 DEPOT3-1-3 DEPOT3-1-4 DEPOT3) [D:1.0000; C:1.0000]
 232.0000: (LIFT HOIST3 CRATE5 DEPOT1-2-3 DEPOT1-2-2 DEPOT1) [D:1.0000; C:1.0000]
 232.0000: (LIFT HOIST0 CRATE13 DEPOT3-1-3 DEPOT3-1-4 DEPOT3) [D:1.0000; C:1.0000]
 233.0000: (DROP HOIST3 CRATE5 DEPOT1-2-3 DEPOT1-2-2 DEPOT1) [D:1.0000; C:1.0000]
 233.0000: (DROP HOIST0 CRATE13 DEPOT3-1-3 DEPOT3-1-4 DEPOT3) [D:1.0000; C:1.0000]
 234.0000: (LIFT HOIST3 CRATE5 DEPOT1-2-3 DEPOT1-2-2 DEPOT1) [D:1.0000; C:1.0000]
 234.0000: (LIFT HOIST0 CRATE13 DEPOT3-1-3 DEPOT3-1-4 DEPOT3) [D:1.0000; C:1.0000]
 235.0000: (DROP HOIST3 CRATE5 DEPOT1-2-3 DEPOT1-2-2 DEPOT1) [D:1.0000; C:1.0000]
 235.0000: (DROP HOIST0 CRATE13 DEPOT3-1-3 DEPOT3-1-4 DEPOT3) [D:1.0000; C:1.0000]
 236.0000: (LIFT HOIST3 CRATE5 DEPOT1-2-3 DEPOT1-2-2 DEPOT1) [D:1.0000; C:1.0000]
 236.0000: (LIFT HOIST0 CRATE13 DEPOT3-1-3 DEPOT3-1-4 DEPOT3) [D:1.0000; C:1.0000]
 237.0000: (DROP HOIST3 CRATE5 DEPOT1-2-3 DEPOT1-2-2 DEPOT1) [D:1.0000; C:1.0000]
 237.0000: (DROP HOIST0 CRATE13 DEPOT3-1-3 DEPOT3-1-4 DEPOT3) [D:1.0000; C:1.0000]
 238.0000: (LIFT HOIST3 CRATE5 DEPOT1-2-3 DEPOT1-2-2 DEPOT1) [D:1.0000; C:1.0000]
 238.0000: (LIFT HOIST0 CRATE13 DEPOT3-1-3 DEPOT3-1-4 DEPOT3) [D:1.0000; C:1.0000]
 239.0000: (DROP HOIST3 CRATE5 DEPOT1-2-3 DEPOT1-2-2 DEPOT1) [D:1.0000; C:1.0000]
 239.0000: (DROP HOIST0 CRATE13 DEPOT3-1-3 DEPOT3-1-4 DEPOT3) [D:1.0000; C:1.0000]
 240.0000: (LIFT HOIST3 CRATE5 DEPOT1-2-3 DEPOT1-2-2 DEPOT1) [D:1.0000; C:1.0000]
 240.0000: (LIFT HOIST0 CRATE13 DEPOT3-1-3 DEPOT3-1-4 DEPOT3) [D:1.0000; C:1.0000]
 241.0000: (DROP HOIST3 CRATE5 DEPOT1-2-3 DEPOT1-2-2 DEPOT1) [D:1.0000; C:1.0000]
 241.0000: (DROP HOIST0 CRATE13 DEPOT3-1-3 DEPOT3-1-4 DEPOT3) [D:1.0000; C:1.0000]
 242.0000: (LIFT HOIST3 CRATE5 DEPOT1-2-3 DEPOT1-2-2 DEPOT1) [D:1.0000; C:1.0000]
 242.0000: (LIFT HOIST0 CRATE13 DEPOT3-1-3 DEPOT3-1-4 DEPOT3) [D:1.0000; C:1.0000]
 243.0000: (DROP HOIST3 CRATE5 DEPOT1-2-3 DEPOT1-2-2 DEPOT1) [D:1.0000; C:1.0000]
 243.0000: (DROP HOIST0 CRATE13 DEPOT3-1-3 DEPOT3-1-4 DEPOT3) [D:1.0000; C:1.0000]
 244.0000: (LIFT HOIST3 CRATE5 DEPOT1-2-3 DEPOT1-2-2 DEPOT1) [D:1.0000; C:1.0000]
 244.0000: (LIFT HOIST0 CRATE13 DEPOT3-1-3 DEPOT3-1-4 DEPOT3) [D:1.0000; C:1.0000]
 245.0000: (DROP HOIST3 CRATE5 DEPOT1-2-3 DEPOT1-2-2 DEPOT1) [D:1.0000; C:1.0000]
 245.0000: (DROP HOIST0 CRATE13 DEPOT3-1-3 DEPOT3-1-4 DEPOT3) [D:1.0000; C:1.0000]
 246.0000: (LIFT HOIST3 CRATE5 DEPOT1-2-3 DEPOT1-2-2 DEPOT1) [D:1.0000; C:1.0000]
 246.0000: (LIFT HOIST0 CRATE13 DEPOT3-1-3 DEPOT3-1-4 DEPOT3) [D:1.0000; C:1.0000]
 247.0000: (DROP HOIST3 CRATE5 DEPOT1-2-3 DEPOT1-2-2 DEPOT1) [D:1.0000; C:1.0000]
 247.0000: (DROP HOIST0 CRATE13 DEPOT3-1-3 DEPOT3-1-4 DEPOT3) [D:1.0000; C:1.0000]
 248.0000: (LIFT HOIST3 CRATE5 DEPOT1-2-3 DEPOT1-2-2 DEPOT1) [D:1.0000; C:1.0000]
 248.0000: (LIFT HOIST0 CRATE13 DEPOT3-1-3 DEPOT3-1-4 DEPOT3) [D:1.0000; C:1.0000]
 249.0000: (DROP HOIST3 CRATE5 DEPOT1-2-3 DEPOT1-2-2 DEPOT1) [D:1.0000; C:1.0000]
 249.0000: (DROP HOIST0 CRATE13 DEPOT3-1-3 DEPOT3-1-4 DEPOT3) [D:1.0000; C:1.0000]
 250.0000: (LIFT HOIST3 CRATE5 DEPOT1-2-3 DEPOT1-2-2 DEPOT1) [D:1.0000; C:1.0000]
 250.0000: (LIFT HOIST0 CRATE13 DEPOT3-1-3 DEPOT3-1-4 DEPOT3) [D:1.0000; C:1.0000]
 251.0000: (DROP HOIST2 CRATE4 DEPOT1-2-3 LOADAREA DEPOT1) [D:1.0000; C:1.0000]
 251.0000: (DROP HOIST0 CRATE13 DEPOT3-1-3 DEPOT3-1-4 DEPOT3) [D:1.0000; C:1.0000]
 252.0000: (LIFT HOIST2 CRATE10 DEPOT2-2-4 LOADAREA DEPOT2) [D:1.0000; C:1.0000]
 252.0000: (LIFT HOIST0 CRATE13 DEPOT3-1-3 DEPOT3-1-4 DEPOT3) [D:1.0000; C:1.0000]
 253.0000: (DROP HOIST2 CRATE10 CONTAINER-2-2 LOADAREA CONTAINER2) [D:1.0000; C:1.0000]
 253.0000: (DROP HOIST0 CRATE13 DEPOT3-1-3 DEPOT3-1-4 DEPOT3) [D:1.0000; C:1.0000]
 254.0000: (LIFT HOIST2 CRATE8 CONTAINER-2-1 LOADAREA CONTAINER2) [D:1.0000; C:1.0000]
 254.0000: (LIFT HOIST0 CRATE13 DEPOT3-1-3 DEPOT3-1-4 DEPOT3) [D:1.0000; C:1.0000]
 255.0000: (DROP HOIST2 CRATE8 DEPOT2-2-4 LOADAREA DEPOT2) [D:1.0000; C:1.0000]
 255.0000: (DROP HOIST0 CRATE13 DEPOT3-1-3 DEPOT3-1-4 DEPOT3) [D:1.0000; C:1.0000]
 256.0000: (LIFT HOIST0 CRATE13 DEPOT3-1-3 DEPOT3-1-4 DEPOT3) [D:1.0000; C:1.0000]
 256.0000: (LIFT HOIST2 CRATE8 DEPOT2-2-4 LOADAREA DEPOT2) [D:1.0000; C:1.0000]
 257.0000: (DROP HOIST0 CRATE13 DEPOT3-1-3 DEPOT3-1-4 DEPOT3) [D:1.0000; C:1.0000]
 257.0000: (DROP HOIST2 CRATE8 CONTAINER-1-0 LOADAREA CONTAINER1) [D:1.0000; C:1.0000]
 258.0000: (LIFT HOIST0 CRATE13 DEPOT3-1-3 DEPOT3-1-4 DEPOT3) [D:1.0000; C:1.0000]
 258.0000: (LIFT HOIST2 CRATE12 CONTAINER-3-0 LOADAREA CONTAINER3) [D:1.0000; C:1.0000]
 259.0000: (DROP HOIST0 CRATE13 DEPOT3-1-3 DEPOT3-1-4 DEPOT3) [D:1.0000; C:1.0000]
 260.0000: (LIFT HOIST0 CRATE13 DEPOT3-1-3 DEPOT3-1-4 DEPOT3) [D:1.0000; C:1.0000]
 261.0000: (DROP HOIST0 CRATE13 DEPOT3-1-3 DEPOT3-1-4 DEPOT3) [D:1.0000; C:1.0000]
 262.0000: (LIFT HOIST0 CRATE13 DEPOT3-1-3 DEPOT3-1-4 DEPOT3) [D:1.0000; C:1.0000]
 263.0000: (MOVE HOIST0 DEPOT3-1-4 DEPOT3-1-3) [D:1.0000; C:1.0000]
 264.0000: (MOVE HOIST0 DEPOT3-1-3 DEPOT3-1-2) [D:1.0000; C:1.0000]
 265.0000: (DROP HOIST0 CRATE13 DEPOT3-2-2 DEPOT3-1-2 DEPOT3) [D:1.0000; C:1.0000]
 266.0000: (MOVE HOIST0 DEPOT3-1-2 DEPOT3-1-3) [D:1.0000; C:1.0000]
 267.0000: (MOVE HOIST0 DEPOT3-1-3 DEPOT3-1-4) [D:1.0000; C:1.0000]
 268.0000: (LIFT HOIST0 CRATE11 DEPOT3-2-4 DEPOT3-1-4 DEPOT3) [D:1.0000; C:1.0000]
 269.0000: (MOVE HOIST0 DEPOT3-1-4 DEPOT3-2-4) [D:1.0000; C:1.0000]
 270.0000: (GO-OUT HOIST0 DEPOT3-2-4 LOADAREA) [D:1.0000; C:1.0000]
 271.0000: (GO-IN HOIST2 LOADAREA DEPOT3-2-4) [D:1.0000; C:1.0000]
 272.0000: (MOVE HOIST2 DEPOT3-2-4 DEPOT3-1-4) [D:1.0000; C:1.0000]
 273.0000: (MOVE HOIST2 DEPOT3-1-4 DEPOT3-1-3) [D:1.0000; C:1.0000]
 274.0000: (DROP HOIST2 CRATE12 DEPOT3-1-2 DEPOT3-1-3 DEPOT3) [D:1.0000; C:1.0000]
 275.0000: (MOVE HOIST2 DEPOT3-1-3 DEPOT3-1-4) [D:1.0000; C:1.0000]
 276.0000: (MOVE HOIST2 DEPOT3-1-4 DEPOT3-2-4) [D:1.0000; C:1.0000]
 277.0000: (GO-OUT HOIST2 DEPOT3-2-4 LOADAREA) [D:1.0000; C:1.0000]
 278.0000: (DROP HOIST0 CRATE11 DEPOT3-2-4 LOADAREA DEPOT3) [D:1.0000; C:1.0000]
 279.0000: (LIFT HOIST0 CRATE10 CONTAINER-2-2 LOADAREA CONTAINER2) [D:1.0000; C:1.0000]
 280.0000: (DROP HOIST0 CRATE10 DEPOT2-2-4 LOADAREA DEPOT2) [D:1.0000; C:1.0000]
 281.0000: (LIFT HOIST0 CRATE10 DEPOT2-2-4 LOADAREA DEPOT2) [D:1.0000; C:1.0000]
 282.0000: (DROP HOIST0 CRATE10 CONTAINER-1-1 LOADAREA CONTAINER1) [D:1.0000; C:1.0000]
 283.0000: (LIFT HOIST0 CRATE8 CONTAINER-1-0 LOADAREA CONTAINER1) [D:1.0000; C:1.0000]
 284.0000: (DROP HOIST0 CRATE8 DEPOT2-2-4 LOADAREA DEPOT2) [D:1.0000; C:1.0000]
 285.0000: (LIFT HOIST0 CRATE8 DEPOT2-2-4 LOADAREA DEPOT2) [D:1.0000; C:1.0000]
 286.0000: (DROP HOIST0 CRATE8 CONTAINER-0-0 LOADAREA CONTAINER0) [D:1.0000; C:1.0000]
 287.0000: (LIFT HOIST0 CRATE10 CONTAINER-1-1 LOADAREA CONTAINER1) [D:1.0000; C:1.0000]
 288.0000: (DROP HOIST0 CRATE10 DEPOT2-2-4 LOADAREA DEPOT2) [D:1.0000; C:1.0000]
 289.0000: (LIFT HOIST0 CRATE10 DEPOT2-2-4 LOADAREA DEPOT2) [D:1.0000; C:1.0000]
 290.0000: (DROP HOIST0 CRATE10 CONTAINER-1-1 LOADAREA CONTAINER1) [D:1.0000; C:1.0000]
 291.0000: (LIFT HOIST0 CRATE8 CONTAINER-0-0 LOADAREA CONTAINER0) [D:1.0000; C:1.0000]
 292.0000: (DROP HOIST0 CRATE8 DEPOT2-2-4 LOADAREA DEPOT2) [D:1.0000; C:1.0000]
 293.0000: (LIFT HOIST0 CRATE8 DEPOT2-2-4 LOADAREA DEPOT2) [D:1.0000; C:1.0000]
 294.0000: (DROP HOIST0 CRATE8 CONTAINER-3-1 LOADAREA CONTAINER3) [D:1.0000; C:1.0000]
 295.0000: (LIFT HOIST0 CRATE10 CONTAINER-1-1 LOADAREA CONTAINER1) [D:1.0000; C:1.0000]
 296.0000: (DROP HOIST0 CRATE10 DEPOT2-2-4 LOADAREA DEPOT2) [D:1.0000; C:1.0000]
 297.0000: (LIFT HOIST0 CRATE10 DEPOT2-2-4 LOADAREA DEPOT2) [D:1.0000; C:1.0000]
 298.0000: (DROP HOIST0 CRATE10 CONTAINER-0-1 LOADAREA CONTAINER0) [D:1.0000; C:1.0000]
 299.0000: (LIFT HOIST0 CRATE8 CONTAINER-3-1 LOADAREA CONTAINER3) [D:1.0000; C:1.0000]
 300.0000: (DROP HOIST0 CRATE8 DEPOT2-2-4 LOADAREA DEPOT2) [D:1.0000; C:1.0000]
 301.0000: (LIFT HOIST0 CRATE8 DEPOT2-2-4 LOADAREA DEPOT2) [D:1.0000; C:1.0000]
 302.0000: (DROP HOIST0 CRATE8 CONTAINER-2-0 LOADAREA CONTAINER2) [D:1.0000; C:1.0000]
 303.0000: (LIFT HOIST0 CRATE10 CONTAINER-0-1 LOADAREA CONTAINER0) [D:1.0000; C:1.0000]
 304.0000: (DROP HOIST0 CRATE10 DEPOT2-2-4 LOADAREA DEPOT2) [D:1.0000; C:1.0000]
 305.0000: (LIFT HOIST0 CRATE10 DEPOT2-2-4 LOADAREA DEPOT2) [D:1.0000; C:1.0000]
 306.0000: (DROP HOIST0 CRATE10 CONTAINER-3-0 LOADAREA CONTAINER3) [D:1.0000; C:1.0000]
 307.0000: (LIFT HOIST0 CRATE8 CONTAINER-2-0 LOADAREA CONTAINER2) [D:1.0000; C:1.0000]
 308.0000: (DROP HOIST0 CRATE8 DEPOT2-2-4 LOADAREA DEPOT2) [D:1.0000; C:1.0000]
 309.0000: (LIFT HOIST2 CRATE8 DEPOT2-2-4 LOADAREA DEPOT2) [D:1.0000; C:1.0000]
 310.0000: (DROP HOIST2 CRATE8 DEPOT2-2-4 LOADAREA DEPOT2) [D:1.0000; C:1.0000]
 311.0000: (LIFT HOIST2 CRATE8 DEPOT2-2-4 LOADAREA DEPOT2) [D:1.0000; C:1.0000]
 312.0000: (DROP HOIST2 CRATE8 DEPOT2-2-4 LOADAREA DEPOT2) [D:1.0000; C:1.0000]
 313.0000: (LIFT HOIST2 CRATE8 DEPOT2-2-4 LOADAREA DEPOT2) [D:1.0000; C:1.0000]
 314.0000: (DROP HOIST2 CRATE8 DEPOT2-2-4 LOADAREA DEPOT2) [D:1.0000; C:1.0000]
 315.0000: (LIFT HOIST2 CRATE8 DEPOT2-2-4 LOADAREA DEPOT2) [D:1.0000; C:1.0000]
 316.0000: (DROP HOIST2 CRATE8 DEPOT2-2-4 LOADAREA DEPOT2) [D:1.0000; C:1.0000]
 317.0000: (LIFT HOIST2 CRATE8 DEPOT2-2-4 LOADAREA DEPOT2) [D:1.0000; C:1.0000]
 318.0000: (DROP HOIST2 CRATE8 DEPOT2-2-4 LOADAREA DEPOT2) [D:1.0000; C:1.0000]
 319.0000: (LIFT HOIST2 CRATE8 DEPOT2-2-4 LOADAREA DEPOT2) [D:1.0000; C:1.0000]
 320.0000: (DROP HOIST2 CRATE8 DEPOT2-2-4 LOADAREA DEPOT2) [D:1.0000; C:1.0000]
 321.0000: (LIFT HOIST2 CRATE8 DEPOT2-2-4 LOADAREA DEPOT2) [D:1.0000; C:1.0000]
 322.0000: (DROP HOIST2 CRATE8 DEPOT2-2-4 LOADAREA DEPOT2) [D:1.0000; C:1.0000]
 323.0000: (LIFT HOIST2 CRATE8 DEPOT2-2-4 LOADAREA DEPOT2) [D:1.0000; C:1.0000]
 324.0000: (DROP HOIST2 CRATE8 DEPOT2-2-4 LOADAREA DEPOT2) [D:1.0000; C:1.0000]
 325.0000: (LIFT HOIST2 CRATE8 DEPOT2-2-4 LOADAREA DEPOT2) [D:1.0000; C:1.0000]
 326.0000: (DROP HOIST2 CRATE8 DEPOT2-2-4 LOADAREA DEPOT2) [D:1.0000; C:1.0000]
 327.0000: (LIFT HOIST2 CRATE8 DEPOT2-2-4 LOADAREA DEPOT2) [D:1.0000; C:1.0000]
 328.0000: (DROP HOIST2 CRATE8 DEPOT2-2-4 LOADAREA DEPOT2) [D:1.0000; C:1.0000]
 329.0000: (LIFT HOIST2 CRATE8 DEPOT2-2-4 LOADAREA DEPOT2) [D:1.0000; C:1.0000]
 330.0000: (DROP HOIST2 CRATE8 DEPOT2-2-4 LOADAREA DEPOT2) [D:1.0000; C:1.0000]
 331.0000: (LIFT HOIST2 CRATE8 DEPOT2-2-4 LOADAREA DEPOT2) [D:1.0000; C:1.0000]
 332.0000: (DROP HOIST2 CRATE8 DEPOT2-2-4 LOADAREA DEPOT2) [D:1.0000; C:1.0000]
 333.0000: (LIFT HOIST2 CRATE4 DEPOT1-2-3 LOADAREA DEPOT1) [D:1.0000; C:1.0000]
 334.0000: (DROP HOIST3 CRATE5 DEPOT1-2-3 DEPOT1-2-2 DEPOT1) [D:1.0000; C:1.0000]
 334.0000: (DROP HOIST2 CRATE4 CONTAINER-2-2 LOADAREA CONTAINER2) [D:1.0000; C:1.0000]
 335.0000: (LIFT HOIST0 CRATE5 DEPOT1-2-3 LOADAREA DEPOT1) [D:1.0000; C:1.0000]
 336.0000: (MOVE HOIST3 DEPOT1-2-2 DEPOT1-2-3) [D:1.0000; C:1.0000]
 337.0000: (GO-OUT HOIST3 DEPOT1-2-3 LOADAREA) [D:1.0000; C:1.0000]
 338.0000: (LIFT HOIST3 CRATE8 DEPOT2-2-4 LOADAREA DEPOT2) [D:1.0000; C:1.0000]
 339.0000: (DROP HOIST0 CRATE5 DEPOT2-2-4 LOADAREA DEPOT2) [D:1.0000; C:1.0000]
 340.0000: (LIFT HOIST2 CRATE5 DEPOT2-2-4 LOADAREA DEPOT2) [D:1.0000; C:1.0000]
 340.0000: (LIFT HOIST0 CRATE10 CONTAINER-3-0 LOADAREA CONTAINER3) [D:1.0000; C:1.0000]
 341.0000: (DROP HOIST3 CRATE8 DEPOT2-2-4 LOADAREA DEPOT2) [D:1.0000; C:1.0000]
 341.0000: (DROP HOIST2 CRATE5 DEPOT1-2-3 LOADAREA DEPOT1) [D:1.0000; C:1.0000]
 342.0000: (LIFT HOIST3 CRATE8 DEPOT2-2-4 LOADAREA DEPOT2) [D:1.0000; C:1.0000]
 342.0000: (LIFT HOIST2 CRATE5 DEPOT1-2-3 LOADAREA DEPOT1) [D:1.0000; C:1.0000]
 343.0000: (DROP HOIST3 CRATE8 DEPOT2-2-4 LOADAREA DEPOT2) [D:1.0000; C:1.0000]
 343.0000: (DROP HOIST2 CRATE5 CONTAINER-0-1 LOADAREA CONTAINER0) [D:1.0000; C:1.0000]
 344.0000: (LIFT HOIST3 CRATE8 DEPOT2-2-4 LOADAREA DEPOT2) [D:1.0000; C:1.0000]
 345.0000: (DROP HOIST3 CRATE8 DEPOT2-2-4 LOADAREA DEPOT2) [D:1.0000; C:1.0000]
 346.0000: (LIFT HOIST3 CRATE8 DEPOT2-2-4 LOADAREA DEPOT2) [D:1.0000; C:1.0000]
 347.0000: (DROP HOIST3 CRATE8 DEPOT2-2-4 LOADAREA DEPOT2) [D:1.0000; C:1.0000]
 348.0000: (LIFT HOIST3 CRATE8 DEPOT2-2-4 LOADAREA DEPOT2) [D:1.0000; C:1.0000]
 349.0000: (DROP HOIST3 CRATE8 DEPOT2-2-4 LOADAREA DEPOT2) [D:1.0000; C:1.0000]
 350.0000: (LIFT HOIST3 CRATE8 DEPOT2-2-4 LOADAREA DEPOT2) [D:1.0000; C:1.0000]
 351.0000: (DROP HOIST3 CRATE8 DEPOT2-2-4 LOADAREA DEPOT2) [D:1.0000; C:1.0000]
 352.0000: (LIFT HOIST3 CRATE8 DEPOT2-2-4 LOADAREA DEPOT2) [D:1.0000; C:1.0000]
 353.0000: (DROP HOIST3 CRATE8 DEPOT2-2-4 LOADAREA DEPOT2) [D:1.0000; C:1.0000]
 354.0000: (LIFT HOIST3 CRATE8 DEPOT2-2-4 LOADAREA DEPOT2) [D:1.0000; C:1.0000]
 355.0000: (DROP HOIST3 CRATE8 DEPOT2-2-4 LOADAREA DEPOT2) [D:1.0000; C:1.0000]
 356.0000: (LIFT HOIST3 CRATE8 DEPOT2-2-4 LOADAREA DEPOT2) [D:1.0000; C:1.0000]
 357.0000: (DROP HOIST3 CRATE8 DEPOT2-2-4 LOADAREA DEPOT2) [D:1.0000; C:1.0000]
 358.0000: (LIFT HOIST3 CRATE8 DEPOT2-2-4 LOADAREA DEPOT2) [D:1.0000; C:1.0000]
 359.0000: (DROP HOIST3 CRATE8 DEPOT2-2-4 LOADAREA DEPOT2) [D:1.0000; C:1.0000]
 360.0000: (LIFT HOIST3 CRATE8 DEPOT2-2-4 LOADAREA DEPOT2) [D:1.0000; C:1.0000]
 361.0000: (DROP HOIST3 CRATE8 DEPOT2-2-4 LOADAREA DEPOT2) [D:1.0000; C:1.0000]
 362.0000: (LIFT HOIST3 CRATE8 DEPOT2-2-4 LOADAREA DEPOT2) [D:1.0000; C:1.0000]
 363.0000: (DROP HOIST3 CRATE8 DEPOT2-2-4 LOADAREA DEPOT2) [D:1.0000; C:1.0000]
 364.0000: (LIFT HOIST3 CRATE8 DEPOT2-2-4 LOADAREA DEPOT2) [D:1.0000; C:1.0000]
 365.0000: (DROP HOIST3 CRATE8 DEPOT2-2-4 LOADAREA DEPOT2) [D:1.0000; C:1.0000]
 366.0000: (LIFT HOIST3 CRATE8 DEPOT2-2-4 LOADAREA DEPOT2) [D:1.0000; C:1.0000]
 367.0000: (DROP HOIST3 CRATE8 DEPOT2-2-4 LOADAREA DEPOT2) [D:1.0000; C:1.0000]
 368.0000: (LIFT HOIST3 CRATE8 DEPOT2-2-4 LOADAREA DEPOT2) [D:1.0000; C:1.0000]
 369.0000: (DROP HOIST3 CRATE8 DEPOT2-2-4 LOADAREA DEPOT2) [D:1.0000; C:1.0000]
 370.0000: (LIFT HOIST3 CRATE8 DEPOT2-2-4 LOADAREA DEPOT2) [D:1.0000; C:1.0000]
 371.0000: (DROP HOIST3 CRATE8 DEPOT2-2-4 LOADAREA DEPOT2) [D:1.0000; C:1.0000]
 372.0000: (LIFT HOIST3 CRATE8 DEPOT2-2-4 LOADAREA DEPOT2) [D:1.0000; C:1.0000]
 373.0000: (DROP HOIST3 CRATE8 DEPOT2-2-4 LOADAREA DEPOT2) [D:1.0000; C:1.0000]
 374.0000: (LIFT HOIST3 CRATE8 DEPOT2-2-4 LOADAREA DEPOT2) [D:1.0000; C:1.0000]
 375.0000: (DROP HOIST3 CRATE8 DEPOT2-2-4 LOADAREA DEPOT2) [D:1.0000; C:1.0000]
 376.0000: (LIFT HOIST3 CRATE8 DEPOT2-2-4 LOADAREA DEPOT2) [D:1.0000; C:1.0000]
 377.0000: (DROP HOIST3 CRATE8 DEPOT2-2-4 LOADAREA DEPOT2) [D:1.0000; C:1.0000]
 378.0000: (LIFT HOIST3 CRATE8 DEPOT2-2-4 LOADAREA DEPOT2) [D:1.0000; C:1.0000]
 379.0000: (DROP HOIST3 CRATE8 DEPOT2-2-4 LOADAREA DEPOT2) [D:1.0000; C:1.0000]
 380.0000: (LIFT HOIST3 CRATE8 DEPOT2-2-4 LOADAREA DEPOT2) [D:1.0000; C:1.0000]
 381.0000: (DROP HOIST0 CRATE10 DEPOT2-2-4 LOADAREA DEPOT2) [D:1.0000; C:1.0000]
 381.0000: (DROP HOIST3 CRATE8 CONTAINER-2-3 LOADAREA CONTAINER2) [D:1.0000; C:1.0000]
 382.0000: (LIFT HOIST3 CRATE10 DEPOT2-2-4 LOADAREA DEPOT2) [D:1.0000; C:1.0000]
 383.0000: (DROP HOIST3 CRATE10 DEPOT2-2-4 LOADAREA DEPOT2) [D:1.0000; C:1.0000]
 384.0000: (LIFT HOIST3 CRATE10 DEPOT2-2-4 LOADAREA DEPOT2) [D:1.0000; C:1.0000]
 385.0000: (DROP HOIST3 CRATE10 DEPOT2-2-4 LOADAREA DEPOT2) [D:1.0000; C:1.0000]
 386.0000: (LIFT HOIST3 CRATE10 DEPOT2-2-4 LOADAREA DEPOT2) [D:1.0000; C:1.0000]
 387.0000: (DROP HOIST3 CRATE10 DEPOT2-2-4 LOADAREA DEPOT2) [D:1.0000; C:1.0000]
 388.0000: (LIFT HOIST3 CRATE10 DEPOT2-2-4 LOADAREA DEPOT2) [D:1.0000; C:1.0000]
 389.0000: (DROP HOIST3 CRATE10 DEPOT2-2-4 LOADAREA DEPOT2) [D:1.0000; C:1.0000]
 390.0000: (LIFT HOIST3 CRATE10 DEPOT2-2-4 LOADAREA DEPOT2) [D:1.0000; C:1.0000]
 391.0000: (DROP HOIST3 CRATE10 DEPOT2-2-4 LOADAREA DEPOT2) [D:1.0000; C:1.0000]
 392.0000: (LIFT HOIST3 CRATE10 DEPOT2-2-4 LOADAREA DEPOT2) [D:1.0000; C:1.0000]
 393.0000: (DROP HOIST3 CRATE10 DEPOT2-2-4 LOADAREA DEPOT2) [D:1.0000; C:1.0000]
 394.0000: (LIFT HOIST3 CRATE10 DEPOT2-2-4 LOADAREA DEPOT2) [D:1.0000; C:1.0000]
 395.0000: (DROP HOIST3 CRATE10 CONTAINER-1-2 LOADAREA CONTAINER1) [D:1.0000; C:1.0000]
 396.0000: (LIFT HOIST3 CRATE8 CONTAINER-2-3 LOADAREA CONTAINER2) [D:1.0000; C:1.0000]
 396.0000: (LIFT HOIST0 CRATE10 CONTAINER-1-2 LOADAREA CONTAINER1) [D:1.0000; C:1.0000]
 397.0000: (DROP HOIST3 CRATE8 DEPOT2-2-4 LOADAREA DEPOT2) [D:1.0000; C:1.0000]
 398.0000: (LIFT HOIST3 CRATE8 DEPOT2-2-4 LOADAREA DEPOT2) [D:1.0000; C:1.0000]
 399.0000: (DROP HOIST3 CRATE8 DEPOT2-2-4 LOADAREA DEPOT2) [D:1.0000; C:1.0000]
 400.0000: (LIFT HOIST3 CRATE8 DEPOT2-2-4 LOADAREA DEPOT2) [D:1.0000; C:1.0000]
 401.0000: (DROP HOIST3 CRATE8 DEPOT2-2-4 LOADAREA DEPOT2) [D:1.0000; C:1.0000]
 402.0000: (LIFT HOIST3 CRATE8 DEPOT2-2-4 LOADAREA DEPOT2) [D:1.0000; C:1.0000]
 403.0000: (DROP HOIST3 CRATE8 DEPOT2-2-4 LOADAREA DEPOT2) [D:1.0000; C:1.0000]
 404.0000: (LIFT HOIST3 CRATE8 DEPOT2-2-4 LOADAREA DEPOT2) [D:1.0000; C:1.0000]
 405.0000: (DROP HOIST3 CRATE8 DEPOT2-2-4 LOADAREA DEPOT2) [D:1.0000; C:1.0000]
 406.0000: (LIFT HOIST3 CRATE8 DEPOT2-2-4 LOADAREA DEPOT2) [D:1.0000; C:1.0000]
 407.0000: (DROP HOIST3 CRATE8 DEPOT2-2-4 LOADAREA DEPOT2) [D:1.0000; C:1.0000]
 408.0000: (LIFT HOIST3 CRATE8 DEPOT2-2-4 LOADAREA DEPOT2) [D:1.0000; C:1.0000]
 409.0000: (DROP HOIST3 CRATE8 DEPOT2-2-4 LOADAREA DEPOT2) [D:1.0000; C:1.0000]
 410.0000: (LIFT HOIST3 CRATE8 DEPOT2-2-4 LOADAREA DEPOT2) [D:1.0000; C:1.0000]
 411.0000: (DROP HOIST3 CRATE8 DEPOT2-2-4 LOADAREA DEPOT2) [D:1.0000; C:1.0000]
 412.0000: (LIFT HOIST3 CRATE8 DEPOT2-2-4 LOADAREA DEPOT2) [D:1.0000; C:1.0000]
 413.0000: (DROP HOIST3 CRATE8 DEPOT2-2-4 LOADAREA DEPOT2) [D:1.0000; C:1.0000]
 414.0000: (LIFT HOIST3 CRATE8 DEPOT2-2-4 LOADAREA DEPOT2) [D:1.0000; C:1.0000]
 415.0000: (DROP HOIST3 CRATE8 DEPOT2-2-4 LOADAREA DEPOT2) [D:1.0000; C:1.0000]
 416.0000: (LIFT HOIST3 CRATE8 DEPOT2-2-4 LOADAREA DEPOT2) [D:1.0000; C:1.0000]
 417.0000: (DROP HOIST3 CRATE8 DEPOT2-2-4 LOADAREA DEPOT2) [D:1.0000; C:1.0000]
 418.0000: (LIFT HOIST3 CRATE8 DEPOT2-2-4 LOADAREA DEPOT2) [D:1.0000; C:1.0000]
 419.0000: (DROP HOIST3 CRATE8 DEPOT2-2-4 LOADAREA DEPOT2) [D:1.0000; C:1.0000]
 420.0000: (LIFT HOIST3 CRATE8 DEPOT2-2-4 LOADAREA DEPOT2) [D:1.0000; C:1.0000]
 421.0000: (DROP HOIST3 CRATE8 DEPOT2-2-4 LOADAREA DEPOT2) [D:1.0000; C:1.0000]
 422.0000: (LIFT HOIST3 CRATE8 DEPOT2-2-4 LOADAREA DEPOT2) [D:1.0000; C:1.0000]
 423.0000: (DROP HOIST3 CRATE8 DEPOT2-2-4 LOADAREA DEPOT2) [D:1.0000; C:1.0000]
 424.0000: (LIFT HOIST3 CRATE8 DEPOT2-2-4 LOADAREA DEPOT2) [D:1.0000; C:1.0000]
 425.0000: (DROP HOIST3 CRATE8 DEPOT2-2-4 LOADAREA DEPOT2) [D:1.0000; C:1.0000]
 426.0000: (LIFT HOIST3 CRATE8 DEPOT2-2-4 LOADAREA DEPOT2) [D:1.0000; C:1.0000]
 427.0000: (DROP HOIST3 CRATE8 DEPOT2-2-4 LOADAREA DEPOT2) [D:1.0000; C:1.0000]
 428.0000: (LIFT HOIST3 CRATE8 DEPOT2-2-4 LOADAREA DEPOT2) [D:1.0000; C:1.0000]
 429.0000: (DROP HOIST3 CRATE8 DEPOT2-2-4 LOADAREA DEPOT2) [D:1.0000; C:1.0000]
 430.0000: (LIFT HOIST3 CRATE8 DEPOT2-2-4 LOADAREA DEPOT2) [D:1.0000; C:1.0000]
 431.0000: (DROP HOIST0 CRATE10 DEPOT2-2-4 LOADAREA DEPOT2) [D:1.0000; C:1.0000]
 432.0000: (LIFT HOIST2 CRATE10 DEPOT2-2-4 LOADAREA DEPOT2) [D:1.0000; C:1.0000]
 433.0000: (DROP HOIST3 CRATE8 DEPOT2-2-4 LOADAREA DEPOT2) [D:1.0000; C:1.0000]
 433.0000: (DROP HOIST2 CRATE10 CONTAINER-1-2 LOADAREA CONTAINER1) [D:1.0000; C:1.0000]
 434.0000: (LIFT HOIST3 CRATE8 DEPOT2-2-4 LOADAREA DEPOT2) [D:1.0000; C:1.0000]
 434.0000: (LIFT HOIST2 CRATE5 CONTAINER-0-1 LOADAREA CONTAINER0) [D:1.0000; C:1.0000]
 435.0000: (DROP HOIST3 CRATE8 DEPOT2-2-4 LOADAREA DEPOT2) [D:1.0000; C:1.0000]
 436.0000: (LIFT HOIST3 CRATE4 CONTAINER-2-2 LOADAREA CONTAINER2) [D:1.0000; C:1.0000]
 436.0000: (LIFT HOIST0 CRATE8 DEPOT2-2-4 LOADAREA DEPOT2) [D:1.0000; C:1.0000]
 437.0000: (DROP HOIST3 CRATE4 DEPOT2-2-4 LOADAREA DEPOT2) [D:1.0000; C:1.0000]
 437.0000: (DROP HOIST0 CRATE8 CONTAINER-1-0 LOADAREA CONTAINER1) [D:1.0000; C:1.0000]
 438.0000: (GO-IN HOIST3 LOADAREA DEPOT1-2-3) [D:1.0000; C:1.0000]
 438.0000: (LIFT HOIST0 CRATE4 DEPOT2-2-4 LOADAREA DEPOT2) [D:1.0000; C:1.0000]
 439.0000: (MOVE HOIST3 DEPOT1-2-3 DEPOT1-2-2) [D:1.0000; C:1.0000]
 440.0000: (DROP HOIST2 CRATE5 DEPOT1-2-3 LOADAREA DEPOT1) [D:1.0000; C:1.0000]
 441.0000: (LIFT HOIST2 CRATE5 DEPOT1-2-3 LOADAREA DEPOT1) [D:1.0000; C:1.0000]
 442.0000: (DROP HOIST2 CRATE5 DEPOT1-2-3 LOADAREA DEPOT1) [D:1.0000; C:1.0000]
 443.0000: (LIFT HOIST2 CRATE5 DEPOT1-2-3 LOADAREA DEPOT1) [D:1.0000; C:1.0000]
 444.0000: (DROP HOIST2 CRATE5 DEPOT1-2-3 LOADAREA DEPOT1) [D:1.0000; C:1.0000]
 445.0000: (LIFT HOIST2 CRATE5 DEPOT1-2-3 LOADAREA DEPOT1) [D:1.0000; C:1.0000]
 446.0000: (DROP HOIST2 CRATE5 DEPOT1-2-3 LOADAREA DEPOT1) [D:1.0000; C:1.0000]
 447.0000: (LIFT HOIST2 CRATE5 DEPOT1-2-3 LOADAREA DEPOT1) [D:1.0000; C:1.0000]
 448.0000: (DROP HOIST2 CRATE5 DEPOT1-2-3 LOADAREA DEPOT1) [D:1.0000; C:1.0000]
 449.0000: (LIFT HOIST2 CRATE5 DEPOT1-2-3 LOADAREA DEPOT1) [D:1.0000; C:1.0000]
 450.0000: (DROP HOIST2 CRATE5 DEPOT1-2-3 LOADAREA DEPOT1) [D:1.0000; C:1.0000]
 451.0000: (LIFT HOIST2 CRATE5 DEPOT1-2-3 LOADAREA DEPOT1) [D:1.0000; C:1.0000]
 452.0000: (DROP HOIST2 CRATE5 DEPOT1-2-3 LOADAREA DEPOT1) [D:1.0000; C:1.0000]
 453.0000: (LIFT HOIST2 CRATE5 DEPOT1-2-3 LOADAREA DEPOT1) [D:1.0000; C:1.0000]
 454.0000: (DROP HOIST2 CRATE5 DEPOT1-2-3 LOADAREA DEPOT1) [D:1.0000; C:1.0000]
 455.0000: (LIFT HOIST2 CRATE5 DEPOT1-2-3 LOADAREA DEPOT1) [D:1.0000; C:1.0000]
 456.0000: (DROP HOIST2 CRATE5 DEPOT1-2-3 LOADAREA DEPOT1) [D:1.0000; C:1.0000]
 457.0000: (LIFT HOIST2 CRATE5 DEPOT1-2-3 LOADAREA DEPOT1) [D:1.0000; C:1.0000]
 458.0000: (DROP HOIST2 CRATE5 DEPOT1-2-3 LOADAREA DEPOT1) [D:1.0000; C:1.0000]
 459.0000: (LIFT HOIST2 CRATE5 DEPOT1-2-3 LOADAREA DEPOT1) [D:1.0000; C:1.0000]
 460.0000: (DROP HOIST2 CRATE5 DEPOT1-2-3 LOADAREA DEPOT1) [D:1.0000; C:1.0000]
 461.0000: (LIFT HOIST2 CRATE5 DEPOT1-2-3 LOADAREA DEPOT1) [D:1.0000; C:1.0000]
 462.0000: (DROP HOIST2 CRATE5 DEPOT1-2-3 LOADAREA DEPOT1) [D:1.0000; C:1.0000]
 463.0000: (LIFT HOIST2 CRATE5 DEPOT1-2-3 LOADAREA DEPOT1) [D:1.0000; C:1.0000]
 464.0000: (DROP HOIST2 CRATE5 DEPOT1-2-3 LOADAREA DEPOT1) [D:1.0000; C:1.0000]
 465.0000: (LIFT HOIST2 CRATE5 DEPOT1-2-3 LOADAREA DEPOT1) [D:1.0000; C:1.0000]
 466.0000: (DROP HOIST2 CRATE5 DEPOT1-2-3 LOADAREA DEPOT1) [D:1.0000; C:1.0000]
 467.0000: (LIFT HOIST2 CRATE5 DEPOT1-2-3 LOADAREA DEPOT1) [D:1.0000; C:1.0000]
 468.0000: (DROP HOIST2 CRATE5 DEPOT1-2-3 LOADAREA DEPOT1) [D:1.0000; C:1.0000]
 469.0000: (LIFT HOIST2 CRATE5 DEPOT1-2-3 LOADAREA DEPOT1) [D:1.0000; C:1.0000]
 470.0000: (DROP HOIST2 CRATE5 DEPOT1-2-3 LOADAREA DEPOT1) [D:1.0000; C:1.0000]
 471.0000: (LIFT HOIST2 CRATE5 DEPOT1-2-3 LOADAREA DEPOT1) [D:1.0000; C:1.0000]
 472.0000: (DROP HOIST2 CRATE5 DEPOT1-2-3 LOADAREA DEPOT1) [D:1.0000; C:1.0000]
 473.0000: (LIFT HOIST2 CRATE5 DEPOT1-2-3 LOADAREA DEPOT1) [D:1.0000; C:1.0000]
 474.0000: (DROP HOIST2 CRATE5 DEPOT1-2-3 LOADAREA DEPOT1) [D:1.0000; C:1.0000]
 475.0000: (LIFT HOIST2 CRATE5 DEPOT1-2-3 LOADAREA DEPOT1) [D:1.0000; C:1.0000]
 476.0000: (DROP HOIST2 CRATE5 DEPOT1-2-3 LOADAREA DEPOT1) [D:1.0000; C:1.0000]
 477.0000: (LIFT HOIST2 CRATE5 DEPOT1-2-3 LOADAREA DEPOT1) [D:1.0000; C:1.0000]
 478.0000: (DROP HOIST2 CRATE5 DEPOT1-2-3 LOADAREA DEPOT1) [D:1.0000; C:1.0000]
 479.0000: (LIFT HOIST2 CRATE5 DEPOT1-2-3 LOADAREA DEPOT1) [D:1.0000; C:1.0000]
 480.0000: (DROP HOIST2 CRATE5 DEPOT1-2-3 LOADAREA DEPOT1) [D:1.0000; C:1.0000]
 481.0000: (LIFT HOIST2 CRATE5 DEPOT1-2-3 LOADAREA DEPOT1) [D:1.0000; C:1.0000]
 482.0000: (DROP HOIST2 CRATE5 DEPOT1-2-3 LOADAREA DEPOT1) [D:1.0000; C:1.0000]
 483.0000: (LIFT HOIST2 CRATE5 DEPOT1-2-3 LOADAREA DEPOT1) [D:1.0000; C:1.0000]
 484.0000: (MOVE HOIST3 DEPOT1-2-2 DEPOT1-2-3) [D:1.0000; C:1.0000]
 484.0000: (DROP HOIST2 CRATE5 CONTAINER-3-0 LOADAREA CONTAINER3) [D:1.0000; C:1.0000]
 485.0000: (GO-OUT HOIST3 DEPOT1-2-3 LOADAREA) [D:1.0000; C:1.0000]
 486.0000: (DROP HOIST0 CRATE4 DEPOT1-2-3 LOADAREA DEPOT1) [D:1.0000; C:1.0000]
 486.0000: (LIFT HOIST3 CRATE8 CONTAINER-1-0 LOADAREA CONTAINER1) [D:1.0000; C:1.0000]
 487.0000: (GO-IN HOIST3 LOADAREA DEPOT2-2-4) [D:1.0000; C:1.0000]
 487.0000: (LIFT HOIST0 CRATE5 CONTAINER-3-0 LOADAREA CONTAINER3) [D:1.0000; C:1.0000]
 487.0000: (LIFT HOIST2 CRATE4 DEPOT1-2-3 LOADAREA DEPOT1) [D:1.0000; C:1.0000]
 488.0000: (MOVE HOIST3 DEPOT2-2-4 DEPOT2-1-4) [D:1.0000; C:1.0000]
 488.0000: (DROP HOIST2 CRATE4 DEPOT1-2-3 LOADAREA DEPOT1) [D:1.0000; C:1.0000]
 489.0000: (DROP HOIST3 CRATE8 DEPOT2-2-4 DEPOT2-1-4 DEPOT2) [D:1.0000; C:1.0000]
 489.0000: (LIFT HOIST2 CRATE4 DEPOT1-2-3 LOADAREA DEPOT1) [D:1.0000; C:1.0000]
 490.0000: (DROP HOIST2 CRATE4 DEPOT1-2-3 LOADAREA DEPOT1) [D:1.0000; C:1.0000]
 490.0000: (LIFT HOIST3 CRATE8 DEPOT2-2-4 DEPOT2-1-4 DEPOT2) [D:1.0000; C:1.0000]
 491.0000: (LIFT HOIST2 CRATE4 DEPOT1-2-3 LOADAREA DEPOT1) [D:1.0000; C:1.0000]
 491.0000: (MOVE HOIST3 DEPOT2-1-4 DEPOT2-2-4) [D:1.0000; C:1.0000]
 492.0000: (DROP HOIST2 CRATE4 DEPOT1-2-3 LOADAREA DEPOT1) [D:1.0000; C:1.0000]
 492.0000: (DROP HOIST3 CRATE8 DEPOT2-1-4 DEPOT2-2-4 DEPOT2) [D:1.0000; C:1.0000]
 493.0000: (LIFT HOIST2 CRATE4 DEPOT1-2-3 LOADAREA DEPOT1) [D:1.0000; C:1.0000]
 493.0000: (LIFT HOIST3 CRATE8 DEPOT2-1-4 DEPOT2-2-4 DEPOT2) [D:1.0000; C:1.0000]
 494.0000: (DROP HOIST2 CRATE4 DEPOT1-2-3 LOADAREA DEPOT1) [D:1.0000; C:1.0000]
 494.0000: (DROP HOIST3 CRATE8 DEPOT2-1-4 DEPOT2-2-4 DEPOT2) [D:1.0000; C:1.0000]
 495.0000: (LIFT HOIST2 CRATE4 DEPOT1-2-3 LOADAREA DEPOT1) [D:1.0000; C:1.0000]
 495.0000: (LIFT HOIST3 CRATE8 DEPOT2-1-4 DEPOT2-2-4 DEPOT2) [D:1.0000; C:1.0000]
 496.0000: (DROP HOIST2 CRATE4 DEPOT1-2-3 LOADAREA DEPOT1) [D:1.0000; C:1.0000]
 496.0000: (DROP HOIST3 CRATE8 DEPOT2-1-4 DEPOT2-2-4 DEPOT2) [D:1.0000; C:1.0000]
 497.0000: (LIFT HOIST2 CRATE4 DEPOT1-2-3 LOADAREA DEPOT1) [D:1.0000; C:1.0000]
 497.0000: (LIFT HOIST3 CRATE8 DEPOT2-1-4 DEPOT2-2-4 DEPOT2) [D:1.0000; C:1.0000]
 498.0000: (GO-IN HOIST0 LOADAREA DEPOT1-2-3) [D:1.0000; C:1.0000]
 498.0000: (DROP HOIST2 CRATE4 CONTAINER-2-3 LOADAREA CONTAINER2) [D:1.0000; C:1.0000]
 498.0000: (MOVE HOIST3 DEPOT2-2-4 DEPOT2-1-4) [D:1.0000; C:1.0000]
 499.0000: (DROP HOIST0 CRATE5 DEPOT1-1-3 DEPOT1-2-3 DEPOT1) [D:1.0000; C:1.0000]
 499.0000: (DROP HOIST3 CRATE8 DEPOT2-2-4 DEPOT2-1-4 DEPOT2) [D:1.0000; C:1.0000]
 500.0000: (GO-OUT HOIST0 DEPOT1-2-3 LOADAREA) [D:1.0000; C:1.0000]
 500.0000: (LIFT HOIST2 CRATE8 DEPOT2-2-4 LOADAREA DEPOT2) [D:1.0000; C:1.0000]
 501.0000: (LIFT HOIST0 CRATE4 CONTAINER-2-3 LOADAREA CONTAINER2) [D:1.0000; C:1.0000]
 501.0000: (MOVE HOIST3 DEPOT2-1-4 DEPOT2-2-4) [D:1.0000; C:1.0000]
 502.0000: (DROP HOIST0 CRATE4 DEPOT1-2-3 LOADAREA DEPOT1) [D:1.0000; C:1.0000]
 502.0000: (GO-OUT HOIST3 DEPOT2-2-4 LOADAREA) [D:1.0000; C:1.0000]
 503.0000: (LIFT HOIST0 CRATE10 CONTAINER-1-2 LOADAREA CONTAINER1) [D:1.0000; C:1.0000]
 503.0000: (GO-IN HOIST3 LOADAREA DEPOT2-2-4) [D:1.0000; C:1.0000]
 504.0000: (MOVE HOIST3 DEPOT2-2-4 DEPOT2-1-4) [D:1.0000; C:1.0000]
 505.0000: (DROP HOIST2 CRATE8 DEPOT2-2-4 LOADAREA DEPOT2) [D:1.0000; C:1.0000]
 506.0000: (LIFT HOIST3 CRATE8 DEPOT2-2-4 DEPOT2-1-4 DEPOT2) [D:1.0000; C:1.0000]
 507.0000: (MOVE HOIST3 DEPOT2-1-4 DEPOT2-2-4) [D:1.0000; C:1.0000]
 508.0000: (GO-OUT HOIST3 DEPOT2-2-4 LOADAREA) [D:1.0000; C:1.0000]
 509.0000: (DROP HOIST3 CRATE8 DEPOT2-2-4 LOADAREA DEPOT2) [D:1.0000; C:1.0000]
 510.0000: (LIFT HOIST2 CRATE8 DEPOT2-2-4 LOADAREA DEPOT2) [D:1.0000; C:1.0000]
 511.0000: (DROP HOIST2 CRATE8 DEPOT2-2-4 LOADAREA DEPOT2) [D:1.0000; C:1.0000]
 512.0000: (LIFT HOIST2 CRATE8 DEPOT2-2-4 LOADAREA DEPOT2) [D:1.0000; C:1.0000]
 513.0000: (DROP HOIST2 CRATE8 DEPOT2-2-4 LOADAREA DEPOT2) [D:1.0000; C:1.0000]
 514.0000: (LIFT HOIST3 CRATE8 DEPOT2-2-4 LOADAREA DEPOT2) [D:1.0000; C:1.0000]
 515.0000: (DROP HOIST3 CRATE8 DEPOT2-2-4 LOADAREA DEPOT2) [D:1.0000; C:1.0000]
 516.0000: (LIFT HOIST3 CRATE8 DEPOT2-2-4 LOADAREA DEPOT2) [D:1.0000; C:1.0000]
 517.0000: (GO-IN HOIST3 LOADAREA DEPOT2-2-4) [D:1.0000; C:1.0000]
 518.0000: (MOVE HOIST3 DEPOT2-2-4 DEPOT2-1-4) [D:1.0000; C:1.0000]
 519.0000: (DROP HOIST0 CRATE10 DEPOT2-2-4 LOADAREA DEPOT2) [D:1.0000; C:1.0000]
 519.0000: (MOVE HOIST3 DEPOT2-1-4 DEPOT2-1-3) [D:1.0000; C:1.0000]
 520.0000: (MOVE HOIST3 DEPOT2-1-3 DEPOT2-1-2) [D:1.0000; C:1.0000]
 520.0000: (LIFT HOIST0 CRATE10 DEPOT2-2-4 LOADAREA DEPOT2) [D:1.0000; C:1.0000]
 521.0000: (MOVE HOIST3 DEPOT2-1-2 DEPOT2-2-2) [D:1.0000; C:1.0000]
 521.0000: (DROP HOIST0 CRATE10 CONTAINER-2-2 LOADAREA CONTAINER2) [D:1.0000; C:1.0000]
 522.0000: (MOVE HOIST3 DEPOT2-2-2 DEPOT2-1-2) [D:1.0000; C:1.0000]
 522.0000: (LIFT HOIST0 CRATE9 CONTAINER-0-3 LOADAREA CONTAINER0) [D:1.0000; C:1.0000]
 522.0000: (LIFT HOIST2 CRATE10 CONTAINER-2-2 LOADAREA CONTAINER2) [D:1.0000; C:1.0000]
 523.0000: (DROP HOIST3 CRATE8 DEPOT2-1-1 DEPOT2-1-2 DEPOT2) [D:1.0000; C:1.0000]
 523.0000: (GO-IN HOIST0 LOADAREA DEPOT2-2-4) [D:1.0000; C:1.0000]
 524.0000: (MOVE HOIST0 DEPOT2-2-4 DEPOT2-1-4) [D:1.0000; C:1.0000]
 525.0000: (MOVE HOIST0 DEPOT2-1-4 DEPOT2-1-3) [D:1.0000; C:1.0000]
 525.0000: (DROP HOIST2 CRATE10 DEPOT2-2-4 LOADAREA DEPOT2) [D:1.0000; C:1.0000]
 526.0000: (DROP HOIST0 CRATE9 DEPOT2-1-4 DEPOT2-1-3 DEPOT2) [D:1.0000; C:1.0000]


Solution found:
Total time:      104.59
Search time:     103.57
Actions:         664
Execution cost:  664.00
Duration:        527.000
Plan quality:    664.000


Parsing domain file:  domain 'STORAGE-PROPOSITIONAL' defined ... done.
Parsing problem file:  problem 'STORAGE-25' defined ... done.



Modality: Fast Planner

Number of actions             :   11112
Number of conditional actions :       0
Number of facts               :    1088


Analyzing Planning Problem:
	Temporal Planning Problem: NO
	Numeric Planning Problem: NO
	Problem with Timed Initial Litearals: NO
	Problem with Derived Predicates: NO

Evaluation function weights:
     Action duration 0.00; Action cost 1.00


Computing mutex... done

Preprocessing total time: 1.37 seconds

Searching ('.' = every 50 search steps):
........... search limit exceeded. Restart.
............. search limit exceeded. Restart.
............... search limit exceeded. Restart.
.................. search limit exceeded. Restart.
..................... search limit exceeded. Restart.
........................ search limit exceeded. Restart.
............................ search limit exceeded. Restart.
................................. search limit exceeded. Restart.
...................................... search limit exceeded.

Searching ('.' = every 50 search steps):
........... search limit exceeded. Restart.
............. search limit exceeded. Restart.
............... search limit exceeded. Restart.
.................. search limit exceeded. Restart.
..................... search limit exceeded. Restart.
........................ search limit exceeded. Restart.
............................ search limit exceeded. Restart.
................................. search limit exceeded. Restart.
...................................... search limit exceeded.

Searching ('.' = every 50 search steps):
........... search limit exceeded. Restart.
............. search limit exceeded. Restart.
............... search limit exceeded. Restart.
.................. search limit exceeded. Restart.
..................... search limit exceeded. Restart.
........................ search limit exceeded. Restart.
............................ search limit exceeded. Restart.
................................. search limit exceeded. Restart.
................................ solution found: 

Plan computed:
   Time: (ACTION) [action Duration; action Cost]
 0.0000: (MOVE HOIST3 DEPOT3-1-1 DEPOT3-2-1) [D:1.0000; C:1.0000]
 0.0000: (MOVE HOIST0 DEPOT0-1-1 DEPOT0-1-2) [D:1.0000; C:1.0000]
 0.0000: (MOVE HOIST1 DEPOT1-1-1 DEPOT1-2-1) [D:1.0000; C:1.0000]
 0.0000: (MOVE HOIST2 DEPOT2-1-1 DEPOT2-1-2) [D:1.0000; C:1.0000]
 1.0000: (MOVE HOIST3 DEPOT3-2-1 DEPOT3-2-2) [D:1.0000; C:1.0000]
 1.0000: (MOVE HOIST0 DEPOT0-1-2 DEPOT0-1-3) [D:1.0000; C:1.0000]
 2.0000: (MOVE HOIST3 DEPOT3-2-2 DEPOT3-2-3) [D:1.0000; C:1.0000]
 2.0000: (MOVE HOIST0 DEPOT0-1-3 DEPOT0-1-4) [D:1.0000; C:1.0000]
 3.0000: (GO-OUT HOIST3 DEPOT3-2-3 LOADAREA) [D:1.0000; C:1.0000]
 3.0000: (MOVE HOIST0 DEPOT0-1-4 DEPOT0-2-4) [D:1.0000; C:1.0000]
 4.0000: (LIFT HOIST3 CRATE6 CONTAINER-1-2 LOADAREA CONTAINER1) [D:1.0000; C:1.0000]
 4.0000: (GO-OUT HOIST0 DEPOT0-2-4 LOADAREA) [D:1.0000; C:1.0000]
 5.0000: (DROP HOIST3 CRATE6 DEPOT1-2-2 LOADAREA DEPOT1) [D:1.0000; C:1.0000]
 5.0000: (LIFT HOIST0 CRATE14 CONTAINER-3-2 LOADAREA CONTAINER3) [D:1.0000; C:1.0000]
 6.0000: (LIFT HOIST3 CRATE6 DEPOT1-2-2 LOADAREA DEPOT1) [D:1.0000; C:1.0000]
 7.0000: (DROP HOIST3 CRATE6 DEPOT1-2-2 LOADAREA DEPOT1) [D:1.0000; C:1.0000]
 8.0000: (LIFT HOIST3 CRATE6 DEPOT1-2-2 LOADAREA DEPOT1) [D:1.0000; C:1.0000]
 9.0000: (DROP HOIST3 CRATE6 CONTAINER-1-2 LOADAREA CONTAINER1) [D:1.0000; C:1.0000]
 10.0000: (LIFT HOIST3 CRATE5 CONTAINER-1-1 LOADAREA CONTAINER1) [D:1.0000; C:1.0000]
 11.0000: (DROP HOIST3 CRATE5 DEPOT1-2-2 LOADAREA DEPOT1) [D:1.0000; C:1.0000]
 12.0000: (LIFT HOIST3 CRATE5 DEPOT1-2-2 LOADAREA DEPOT1) [D:1.0000; C:1.0000]
 13.0000: (DROP HOIST3 CRATE5 DEPOT1-2-2 LOADAREA DEPOT1) [D:1.0000; C:1.0000]
 14.0000: (LIFT HOIST3 CRATE5 DEPOT1-2-2 LOADAREA DEPOT1) [D:1.0000; C:1.0000]
 15.0000: (DROP HOIST3 CRATE5 DEPOT1-2-2 LOADAREA DEPOT1) [D:1.0000; C:1.0000]
 16.0000: (LIFT HOIST3 CRATE13 CONTAINER-3-1 LOADAREA CONTAINER3) [D:1.0000; C:1.0000]
 17.0000: (GO-IN HOIST3 LOADAREA DEPOT3-2-3) [D:1.0000; C:1.0000]
 18.0000: (MOVE HOIST3 DEPOT3-2-3 DEPOT3-1-3) [D:1.0000; C:1.0000]
 19.0000: (MOVE HOIST3 DEPOT3-1-3 DEPOT3-1-2) [D:1.0000; C:1.0000]
 19.0000: (GO-IN HOIST0 LOADAREA DEPOT3-2-3) [D:1.0000; C:1.0000]
 20.0000: (MOVE HOIST3 DEPOT3-1-2 DEPOT3-1-1) [D:1.0000; C:1.0000]
 20.0000: (MOVE HOIST0 DEPOT3-2-3 DEPOT3-1-3) [D:1.0000; C:1.0000]
 21.0000: (MOVE HOIST3 DEPOT3-1-1 DEPOT3-2-1) [D:1.0000; C:1.0000]
 21.0000: (DROP HOIST0 CRATE14 DEPOT3-1-4 DEPOT3-1-3 DEPOT3) [D:1.0000; C:1.0000]
 22.0000: (MOVE HOIST3 DEPOT3-2-1 DEPOT3-1-1) [D:1.0000; C:1.0000]
 22.0000: (MOVE HOIST0 DEPOT3-1-3 DEPOT3-1-2) [D:1.0000; C:1.0000]
 23.0000: (DROP HOIST3 CRATE13 DEPOT3-2-1 DEPOT3-1-1 DEPOT3) [D:1.0000; C:1.0000]
 23.0000: (MOVE HOIST0 DEPOT3-1-2 DEPOT3-2-2) [D:1.0000; C:1.0000]
 24.0000: (MOVE HOIST0 DEPOT3-2-2 DEPOT3-2-3) [D:1.0000; C:1.0000]
 24.0000: (MOVE HOIST3 DEPOT3-1-1 DEPOT3-1-2) [D:1.0000; C:1.0000]
 25.0000: (MOVE HOIST3 DEPOT3-1-2 DEPOT3-2-2) [D:1.0000; C:1.0000]
 25.0000: (GO-OUT HOIST0 DEPOT3-2-3 LOADAREA) [D:1.0000; C:1.0000]
 26.0000: (MOVE HOIST3 DEPOT3-2-2 DEPOT3-2-3) [D:1.0000; C:1.0000]
 26.0000: (LIFT HOIST0 CRATE2 CONTAINER-0-2 LOADAREA CONTAINER0) [D:1.0000; C:1.0000]
 27.0000: (GO-OUT HOIST3 DEPOT3-2-3 LOADAREA) [D:1.0000; C:1.0000]
 27.0000: (GO-IN HOIST0 LOADAREA DEPOT0-2-4) [D:1.0000; C:1.0000]
 28.0000: (MOVE HOIST0 DEPOT0-2-4 DEPOT0-1-4) [D:1.0000; C:1.0000]
 28.0000: (GO-IN HOIST3 LOADAREA CONTAINER-0-2) [D:1.0000; C:1.0000]
 29.0000: (DROP HOIST0 CRATE2 DEPOT0-2-4 DEPOT0-1-4 DEPOT0) [D:1.0000; C:1.0000]
 29.0000: (GO-OUT HOIST3 CONTAINER-0-2 LOADAREA) [D:1.0000; C:1.0000]
 30.0000: (MOVE HOIST0 DEPOT0-1-4 DEPOT0-1-3) [D:1.0000; C:1.0000]
 30.0000: (GO-IN HOIST3 LOADAREA CONTAINER-0-2) [D:1.0000; C:1.0000]
 31.0000: (MOVE HOIST0 DEPOT0-1-3 DEPOT0-1-2) [D:1.0000; C:1.0000]
 31.0000: (GO-OUT HOIST3 CONTAINER-0-2 LOADAREA) [D:1.0000; C:1.0000]
 32.0000: (GO-IN HOIST3 LOADAREA DEPOT2-2-3) [D:1.0000; C:1.0000]
 32.0000: (MOVE HOIST0 DEPOT0-1-2 DEPOT0-1-3) [D:1.0000; C:1.0000]
 33.0000: (MOVE HOIST3 DEPOT2-2-3 DEPOT2-2-4) [D:1.0000; C:1.0000]
 33.0000: (MOVE HOIST0 DEPOT0-1-3 DEPOT0-1-2) [D:1.0000; C:1.0000]
 34.0000: (MOVE HOIST3 DEPOT2-2-4 DEPOT2-2-3) [D:1.0000; C:1.0000]
 34.0000: (MOVE HOIST0 DEPOT0-1-2 DEPOT0-1-1) [D:1.0000; C:1.0000]
 35.0000: (MOVE HOIST3 DEPOT2-2-3 DEPOT2-2-2) [D:1.0000; C:1.0000]
 35.0000: (MOVE HOIST0 DEPOT0-1-1 DEPOT0-2-1) [D:1.0000; C:1.0000]
 36.0000: (MOVE HOIST3 DEPOT2-2-2 DEPOT2-2-3) [D:1.0000; C:1.0000]
 36.0000: (MOVE HOIST0 DEPOT0-2-1 DEPOT0-1-1) [D:1.0000; C:1.0000]
 37.0000: (MOVE HOIST3 DEPOT2-2-3 DEPOT2-1-3) [D:1.0000; C:1.0000]
 38.0000: (MOVE HOIST3 DEPOT2-1-3 DEPOT2-2-3) [D:1.0000; C:1.0000]
 39.0000: (MOVE HOIST3 DEPOT2-2-3 DEPOT2-1-3) [D:1.0000; C:1.0000]
 40.0000: (MOVE HOIST3 DEPOT2-1-3 DEPOT2-2-3) [D:1.0000; C:1.0000]
 41.0000: (GO-OUT HOIST3 DEPOT2-2-3 LOADAREA) [D:1.0000; C:1.0000]
 41.0000: (MOVE HOIST2 DEPOT2-1-2 DEPOT2-1-3) [D:1.0000; C:1.0000]
 42.0000: (GO-IN HOIST3 LOADAREA CONTAINER-3-1) [D:1.0000; C:1.0000]
 43.0000: (GO-OUT HOIST3 CONTAINER-3-1 LOADAREA) [D:1.0000; C:1.0000]
 44.0000: (LIFT HOIST3 CRATE5 DEPOT1-2-2 LOADAREA DEPOT1) [D:1.0000; C:1.0000]
 45.0000: (DROP HOIST3 CRATE5 DEPOT1-2-2 LOADAREA DEPOT1) [D:1.0000; C:1.0000]
 46.0000: (GO-IN HOIST3 LOADAREA DEPOT3-2-3) [D:1.0000; C:1.0000]
 46.0000: (LIFT HOIST1 CRATE5 DEPOT1-2-2 DEPOT1-2-1 DEPOT1) [D:1.0000; C:1.0000]
 47.0000: (GO-OUT HOIST3 DEPOT3-2-3 LOADAREA) [D:1.0000; C:1.0000]
 47.0000: (MOVE HOIST1 DEPOT1-2-1 DEPOT1-2-2) [D:1.0000; C:1.0000]
 48.0000: (LIFT HOIST3 CRATE2 DEPOT0-2-4 LOADAREA DEPOT0) [D:1.0000; C:1.0000]
 48.0000: (DROP HOIST1 CRATE5 DEPOT1-2-1 DEPOT1-2-2 DEPOT1) [D:1.0000; C:1.0000]
 49.0000: (DROP HOIST3 CRATE2 CONTAINER-0-2 LOADAREA CONTAINER0) [D:1.0000; C:1.0000]
 49.0000: (GO-OUT HOIST1 DEPOT1-2-2 LOADAREA) [D:1.0000; C:1.0000]
 50.0000: (LIFT HOIST3 CRATE2 CONTAINER-0-2 LOADAREA CONTAINER0) [D:1.0000; C:1.0000]
 50.0000: (GO-IN HOIST1 LOADAREA DEPOT2-2-3) [D:1.0000; C:1.0000]
 51.0000: (GO-IN HOIST3 LOADAREA DEPOT0-2-4) [D:1.0000; C:1.0000]
 51.0000: (GO-OUT HOIST1 DEPOT2-2-3 LOADAREA) [D:1.0000; C:1.0000]
 52.0000: (MOVE HOIST3 DEPOT0-2-4 DEPOT0-1-4) [D:1.0000; C:1.0000]
 52.0000: (GO-IN HOIST1 LOADAREA CONTAINER-3-1) [D:1.0000; C:1.0000]
 53.0000: (MOVE HOIST3 DEPOT0-1-4 DEPOT0-1-3) [D:1.0000; C:1.0000]
 53.0000: (GO-OUT HOIST1 CONTAINER-3-1 LOADAREA) [D:1.0000; C:1.0000]
 54.0000: (MOVE HOIST3 DEPOT0-1-3 DEPOT0-1-2) [D:1.0000; C:1.0000]
 54.0000: (GO-IN HOIST1 LOADAREA DEPOT1-2-2) [D:1.0000; C:1.0000]
 55.0000: (MOVE HOIST3 DEPOT0-1-2 DEPOT0-2-2) [D:1.0000; C:1.0000]
 55.0000: (GO-OUT HOIST1 DEPOT1-2-2 LOADAREA) [D:1.0000; C:1.0000]
 56.0000: (MOVE HOIST3 DEPOT0-2-2 DEPOT0-2-1) [D:1.0000; C:1.0000]
 56.0000: (MOVE HOIST0 DEPOT0-1-1 DEPOT0-1-2) [D:1.0000; C:1.0000]
 56.0000: (GO-IN HOIST1 LOADAREA DEPOT1-2-2) [D:1.0000; C:1.0000]
 57.0000: (DROP HOIST3 CRATE2 DEPOT0-1-1 DEPOT0-2-1 DEPOT0) [D:1.0000; C:1.0000]
 57.0000: (MOVE HOIST1 DEPOT1-2-2 DEPOT1-1-2) [D:1.0000; C:1.0000]
 57.0000: (MOVE HOIST0 DEPOT0-1-2 DEPOT0-1-3) [D:1.0000; C:1.0000]
 58.0000: (MOVE HOIST1 DEPOT1-1-2 DEPOT1-2-2) [D:1.0000; C:1.0000]
 58.0000: (MOVE HOIST0 DEPOT0-1-3 DEPOT0-1-4) [D:1.0000; C:1.0000]
 59.0000: (MOVE HOIST1 DEPOT1-2-2 DEPOT1-1-2) [D:1.0000; C:1.0000]
 60.0000: (MOVE HOIST1 DEPOT1-1-2 DEPOT1-2-2) [D:1.0000; C:1.0000]
 61.0000: (GO-OUT HOIST1 DEPOT1-2-2 LOADAREA) [D:1.0000; C:1.0000]
 62.0000: (GO-IN HOIST1 LOADAREA DEPOT3-2-3) [D:1.0000; C:1.0000]
 63.0000: (GO-OUT HOIST1 DEPOT3-2-3 LOADAREA) [D:1.0000; C:1.0000]
 64.0000: (LIFT HOIST1 CRATE0 CONTAINER-0-0 LOADAREA CONTAINER0) [D:1.0000; C:1.0000]
 65.0000: (DROP HOIST1 CRATE0 CONTAINER-1-1 LOADAREA CONTAINER1) [D:1.0000; C:1.0000]
 66.0000: (LIFT HOIST1 CRATE9 CONTAINER-2-1 LOADAREA CONTAINER2) [D:1.0000; C:1.0000]
 67.0000: (DROP HOIST1 CRATE9 CONTAINER-2-1 LOADAREA CONTAINER2) [D:1.0000; C:1.0000]
 68.0000: (LIFT HOIST1 CRATE9 CONTAINER-2-1 LOADAREA CONTAINER2) [D:1.0000; C:1.0000]
 69.0000: (DROP HOIST1 CRATE9 DEPOT2-2-3 LOADAREA DEPOT2) [D:1.0000; C:1.0000]
 70.0000: (LIFT HOIST1 CRATE12 CONTAINER-3-0 LOADAREA CONTAINER3) [D:1.0000; C:1.0000]
 70.0000: (LIFT HOIST2 CRATE9 DEPOT2-2-3 DEPOT2-1-3 DEPOT2) [D:1.0000; C:1.0000]
 71.0000: (DROP HOIST1 CRATE12 DEPOT3-2-3 LOADAREA DEPOT3) [D:1.0000; C:1.0000]
 71.0000: (DROP HOIST2 CRATE9 DEPOT2-1-4 DEPOT2-1-3 DEPOT2) [D:1.0000; C:1.0000]
 72.0000: (LIFT HOIST1 CRATE0 CONTAINER-1-1 LOADAREA CONTAINER1) [D:1.0000; C:1.0000]
 73.0000: (DROP HOIST1 CRATE0 DEPOT0-2-4 LOADAREA DEPOT0) [D:1.0000; C:1.0000]
 74.0000: (LIFT HOIST1 CRATE10 CONTAINER-2-2 LOADAREA CONTAINER2) [D:1.0000; C:1.0000]
 75.0000: (GO-IN HOIST1 LOADAREA DEPOT1-2-2) [D:1.0000; C:1.0000]
 76.0000: (MOVE HOIST1 DEPOT1-2-2 DEPOT1-2-3) [D:1.0000; C:1.0000]
 77.0000: (MOVE HOIST1 DEPOT1-2-3 DEPOT1-2-2) [D:1.0000; C:1.0000]
 78.0000: (DROP HOIST1 CRATE10 DEPOT1-2-3 DEPOT1-2-2 DEPOT1) [D:1.0000; C:1.0000]
 79.0000: (MOVE HOIST1 DEPOT1-2-2 DEPOT1-1-2) [D:1.0000; C:1.0000]
 80.0000: (MOVE HOIST1 DEPOT1-1-2 DEPOT1-1-3) [D:1.0000; C:1.0000]
 81.0000: (LIFT HOIST1 CRATE10 DEPOT1-2-3 DEPOT1-1-3 DEPOT1) [D:1.0000; C:1.0000]
 82.0000: (MOVE HOIST1 DEPOT1-1-3 DEPOT1-1-2) [D:1.0000; C:1.0000]
 83.0000: (MOVE HOIST1 DEPOT1-1-2 DEPOT1-2-2) [D:1.0000; C:1.0000]
 84.0000: (GO-OUT HOIST1 DEPOT1-2-2 LOADAREA) [D:1.0000; C:1.0000]
 85.0000: (DROP HOIST1 CRATE10 DEPOT2-2-3 LOADAREA DEPOT2) [D:1.0000; C:1.0000]
 86.0000: (LIFT HOIST1 CRATE0 DEPOT0-2-4 LOADAREA DEPOT0) [D:1.0000; C:1.0000]
 87.0000: (DROP HOIST1 CRATE0 DEPOT0-2-4 LOADAREA DEPOT0) [D:1.0000; C:1.0000]
 88.0000: (LIFT HOIST1 CRATE0 DEPOT0-2-4 LOADAREA DEPOT0) [D:1.0000; C:1.0000]
 89.0000: (DROP HOIST1 CRATE0 DEPOT0-2-4 LOADAREA DEPOT0) [D:1.0000; C:1.0000]
 90.0000: (LIFT HOIST1 CRATE0 DEPOT0-2-4 LOADAREA DEPOT0) [D:1.0000; C:1.0000]
 91.0000: (DROP HOIST1 CRATE0 DEPOT0-2-4 LOADAREA DEPOT0) [D:1.0000; C:1.0000]
 92.0000: (LIFT HOIST1 CRATE3 CONTAINER-0-3 LOADAREA CONTAINER0) [D:1.0000; C:1.0000]
 93.0000: (DROP HOIST1 CRATE3 CONTAINER-2-1 LOADAREA CONTAINER2) [D:1.0000; C:1.0000]
 94.0000: (LIFT HOIST1 CRATE0 DEPOT0-2-4 LOADAREA DEPOT0) [D:1.0000; C:1.0000]
 95.0000: (DROP HOIST1 CRATE0 CONTAINER-2-2 LOADAREA CONTAINER2) [D:1.0000; C:1.0000]
 96.0000: (LIFT HOIST1 CRATE1 CONTAINER-0-1 LOADAREA CONTAINER0) [D:1.0000; C:1.0000]
 97.0000: (DROP HOIST1 CRATE1 DEPOT0-2-4 LOADAREA DEPOT0) [D:1.0000; C:1.0000]
 98.0000: (LIFT HOIST0 CRATE1 DEPOT0-2-4 DEPOT0-1-4 DEPOT0) [D:1.0000; C:1.0000]
 98.0000: (LIFT HOIST1 CRATE4 CONTAINER-1-0 LOADAREA CONTAINER1) [D:1.0000; C:1.0000]
 99.0000: (DROP HOIST0 CRATE1 DEPOT0-1-3 DEPOT0-1-4 DEPOT0) [D:1.0000; C:1.0000]
 99.0000: (DROP HOIST1 CRATE4 CONTAINER-3-1 LOADAREA CONTAINER3) [D:1.0000; C:1.0000]
 100.0000: (LIFT HOIST1 CRATE4 CONTAINER-3-1 LOADAREA CONTAINER3) [D:1.0000; C:1.0000]
 101.0000: (DROP HOIST1 CRATE4 DEPOT0-2-4 LOADAREA DEPOT0) [D:1.0000; C:1.0000]
 102.0000: (LIFT HOIST0 CRATE4 DEPOT0-2-4 DEPOT0-1-4 DEPOT0) [D:1.0000; C:1.0000]
 103.0000: (MOVE HOIST0 DEPOT0-1-4 DEPOT0-2-4) [D:1.0000; C:1.0000]
 104.0000: (GO-OUT HOIST0 DEPOT0-2-4 LOADAREA) [D:1.0000; C:1.0000]
 105.0000: (DROP HOIST0 CRATE4 CONTAINER-0-0 LOADAREA CONTAINER0) [D:1.0000; C:1.0000]
 106.0000: (LIFT HOIST0 CRATE4 CONTAINER-0-0 LOADAREA CONTAINER0) [D:1.0000; C:1.0000]
 107.0000: (DROP HOIST0 CRATE4 DEPOT1-2-2 LOADAREA DEPOT1) [D:1.0000; C:1.0000]
 108.0000: (LIFT HOIST1 CRATE4 DEPOT1-2-2 LOADAREA DEPOT1) [D:1.0000; C:1.0000]
 109.0000: (DROP HOIST1 CRATE4 DEPOT1-2-2 LOADAREA DEPOT1) [D:1.0000; C:1.0000]
 110.0000: (LIFT HOIST1 CRATE7 CONTAINER-1-3 LOADAREA CONTAINER1) [D:1.0000; C:1.0000]
 110.0000: (LIFT HOIST0 CRATE4 DEPOT1-2-2 LOADAREA DEPOT1) [D:1.0000; C:1.0000]
 111.0000: (DROP HOIST0 CRATE4 DEPOT1-2-2 LOADAREA DEPOT1) [D:1.0000; C:1.0000]
 112.0000: (LIFT HOIST0 CRATE4 DEPOT1-2-2 LOADAREA DEPOT1) [D:1.0000; C:1.0000]
 113.0000: (DROP HOIST1 CRATE7 DEPOT1-2-2 LOADAREA DEPOT1) [D:1.0000; C:1.0000]
 113.0000: (DROP HOIST0 CRATE4 CONTAINER-3-1 LOADAREA CONTAINER3) [D:1.0000; C:1.0000]
 114.0000: (LIFT HOIST1 CRATE10 DEPOT2-2-3 LOADAREA DEPOT2) [D:1.0000; C:1.0000]
 114.0000: (LIFT HOIST0 CRATE7 DEPOT1-2-2 LOADAREA DEPOT1) [D:1.0000; C:1.0000]
 115.0000: (DROP HOIST0 CRATE7 CONTAINER-3-2 LOADAREA CONTAINER3) [D:1.0000; C:1.0000]
 115.0000: (DROP HOIST1 CRATE10 CONTAINER-1-3 LOADAREA CONTAINER1) [D:1.0000; C:1.0000]
 116.0000: (LIFT HOIST0 CRATE12 DEPOT3-2-3 LOADAREA DEPOT3) [D:1.0000; C:1.0000]
 116.0000: (LIFT HOIST1 CRATE7 CONTAINER-3-2 LOADAREA CONTAINER3) [D:1.0000; C:1.0000]
 117.0000: (DROP HOIST1 CRATE7 DEPOT1-2-2 LOADAREA DEPOT1) [D:1.0000; C:1.0000]
 117.0000: (DROP HOIST0 CRATE12 CONTAINER-0-2 LOADAREA CONTAINER0) [D:1.0000; C:1.0000]
 118.0000: (LIFT HOIST1 CRATE7 DEPOT1-2-2 LOADAREA DEPOT1) [D:1.0000; C:1.0000]
 119.0000: (DROP HOIST1 CRATE7 DEPOT1-2-2 LOADAREA DEPOT1) [D:1.0000; C:1.0000]
 120.0000: (LIFT HOIST1 CRATE11 CONTAINER-2-3 LOADAREA CONTAINER2) [D:1.0000; C:1.0000]
 120.0000: (LIFT HOIST0 CRATE7 DEPOT1-2-2 LOADAREA DEPOT1) [D:1.0000; C:1.0000]
 121.0000: (GO-IN HOIST1 LOADAREA DEPOT3-2-3) [D:1.0000; C:1.0000]
 121.0000: (DROP HOIST0 CRATE7 DEPOT1-2-2 LOADAREA DEPOT1) [D:1.0000; C:1.0000]
 122.0000: (MOVE HOIST1 DEPOT3-2-3 DEPOT3-1-3) [D:1.0000; C:1.0000]
 122.0000: (LIFT HOIST0 CRATE7 DEPOT1-2-2 LOADAREA DEPOT1) [D:1.0000; C:1.0000]
 123.0000: (DROP HOIST0 CRATE7 DEPOT1-2-2 LOADAREA DEPOT1) [D:1.0000; C:1.0000]
 123.0000: (MOVE HOIST1 DEPOT3-1-3 DEPOT3-1-2) [D:1.0000; C:1.0000]
 124.0000: (LIFT HOIST0 CRATE7 DEPOT1-2-2 LOADAREA DEPOT1) [D:1.0000; C:1.0000]
 124.0000: (DROP HOIST1 CRATE11 DEPOT3-2-2 DEPOT3-1-2 DEPOT3) [D:1.0000; C:1.0000]
 125.0000: (DROP HOIST0 CRATE7 DEPOT1-2-2 LOADAREA DEPOT1) [D:1.0000; C:1.0000]
 125.0000: (MOVE HOIST1 DEPOT3-1-2 DEPOT3-1-3) [D:1.0000; C:1.0000]
 126.0000: (LIFT HOIST0 CRATE7 DEPOT1-2-2 LOADAREA DEPOT1) [D:1.0000; C:1.0000]
 127.0000: (DROP HOIST0 CRATE7 DEPOT1-2-2 LOADAREA DEPOT1) [D:1.0000; C:1.0000]
 128.0000: (GO-IN HOIST0 LOADAREA DEPOT2-2-3) [D:1.0000; C:1.0000]
 129.0000: (GO-OUT HOIST0 DEPOT2-2-3 LOADAREA) [D:1.0000; C:1.0000]
 130.0000: (LIFT HOIST0 CRATE7 DEPOT1-2-2 LOADAREA DEPOT1) [D:1.0000; C:1.0000]
 130.0000: (MOVE HOIST2 DEPOT2-1-3 DEPOT2-2-3) [D:1.0000; C:1.0000]
 131.0000: (DROP HOIST0 CRATE7 DEPOT1-2-2 LOADAREA DEPOT1) [D:1.0000; C:1.0000]
 131.0000: (GO-OUT HOIST2 DEPOT2-2-3 LOADAREA) [D:1.0000; C:1.0000]
 132.0000: (LIFT HOIST0 CRATE7 DEPOT1-2-2 LOADAREA DEPOT1) [D:1.0000; C:1.0000]
 132.0000: (LIFT HOIST2 CRATE8 CONTAINER-2-0 LOADAREA CONTAINER2) [D:1.0000; C:1.0000]
 133.0000: (DROP HOIST0 CRATE7 DEPOT1-2-2 LOADAREA DEPOT1) [D:1.0000; C:1.0000]
 133.0000: (GO-IN HOIST2 LOADAREA DEPOT2-2-3) [D:1.0000; C:1.0000]
 134.0000: (LIFT HOIST0 CRATE7 DEPOT1-2-2 LOADAREA DEPOT1) [D:1.0000; C:1.0000]
 134.0000: (MOVE HOIST2 DEPOT2-2-3 DEPOT2-1-3) [D:1.0000; C:1.0000]
 135.0000: (DROP HOIST0 CRATE7 DEPOT3-2-3 LOADAREA DEPOT3) [D:1.0000; C:1.0000]
 135.0000: (DROP HOIST2 CRATE8 DEPOT2-1-2 DEPOT2-1-3 DEPOT2) [D:1.0000; C:1.0000]
 136.0000: (LIFT HOIST0 CRATE6 CONTAINER-1-2 LOADAREA CONTAINER1) [D:1.0000; C:1.0000]
 136.0000: (LIFT HOIST1 CRATE7 DEPOT3-2-3 DEPOT3-1-3 DEPOT3) [D:1.0000; C:1.0000]
 137.0000: (GO-IN HOIST0 LOADAREA CONTAINER-1-2) [D:1.0000; C:1.0000]
 137.0000: (MOVE HOIST1 DEPOT3-1-3 DEPOT3-2-3) [D:1.0000; C:1.0000]
 138.0000: (GO-OUT HOIST0 CONTAINER-1-2 LOADAREA) [D:1.0000; C:1.0000]
 138.0000: (GO-OUT HOIST1 DEPOT3-2-3 LOADAREA) [D:1.0000; C:1.0000]
 139.0000: (DROP HOIST0 CRATE6 DEPOT1-2-2 LOADAREA DEPOT1) [D:1.0000; C:1.0000]
 140.0000: (GO-IN HOIST0 LOADAREA CONTAINER-1-2) [D:1.0000; C:1.0000]
 141.0000: (GO-OUT HOIST0 CONTAINER-1-2 LOADAREA) [D:1.0000; C:1.0000]
 142.0000: (LIFT HOIST0 CRATE10 CONTAINER-1-3 LOADAREA CONTAINER1) [D:1.0000; C:1.0000]
 143.0000: (GO-IN HOIST0 LOADAREA DEPOT2-2-3) [D:1.0000; C:1.0000]
 144.0000: (GO-OUT HOIST0 DEPOT2-2-3 LOADAREA) [D:1.0000; C:1.0000]
 145.0000: (MOVE HOIST2 DEPOT2-1-3 DEPOT2-2-3) [D:1.0000; C:1.0000]
 145.0000: (DROP HOIST0 CRATE10 CONTAINER-2-3 LOADAREA CONTAINER2) [D:1.0000; C:1.0000]
 146.0000: (GO-OUT HOIST2 DEPOT2-2-3 LOADAREA) [D:1.0000; C:1.0000]
 146.0000: (LIFT HOIST0 CRATE6 DEPOT1-2-2 LOADAREA DEPOT1) [D:1.0000; C:1.0000]
 147.0000: (LIFT HOIST2 CRATE3 CONTAINER-2-1 LOADAREA CONTAINER2) [D:1.0000; C:1.0000]
 147.0000: (DROP HOIST0 CRATE6 DEPOT1-2-2 LOADAREA DEPOT1) [D:1.0000; C:1.0000]
 148.0000: (DROP HOIST2 CRATE3 DEPOT0-2-4 LOADAREA DEPOT0) [D:1.0000; C:1.0000]
 148.0000: (LIFT HOIST0 CRATE6 DEPOT1-2-2 LOADAREA DEPOT1) [D:1.0000; C:1.0000]
 149.0000: (LIFT HOIST2 CRATE12 CONTAINER-0-2 LOADAREA CONTAINER0) [D:1.0000; C:1.0000]
 149.0000: (DROP HOIST0 CRATE6 DEPOT1-2-2 LOADAREA DEPOT1) [D:1.0000; C:1.0000]
 150.0000: (DROP HOIST2 CRATE12 CONTAINER-0-3 LOADAREA CONTAINER0) [D:1.0000; C:1.0000]
 150.0000: (LIFT HOIST0 CRATE6 DEPOT1-2-2 LOADAREA DEPOT1) [D:1.0000; C:1.0000]
 151.0000: (LIFT HOIST2 CRATE4 CONTAINER-3-1 LOADAREA CONTAINER3) [D:1.0000; C:1.0000]
 151.0000: (DROP HOIST0 CRATE6 DEPOT1-2-2 LOADAREA DEPOT1) [D:1.0000; C:1.0000]
 152.0000: (LIFT HOIST0 CRATE6 DEPOT1-2-2 LOADAREA DEPOT1) [D:1.0000; C:1.0000]
 153.0000: (DROP HOIST2 CRATE4 DEPOT1-2-2 LOADAREA DEPOT1) [D:1.0000; C:1.0000]
 153.0000: (DROP HOIST0 CRATE6 CONTAINER-3-2 LOADAREA CONTAINER3) [D:1.0000; C:1.0000]
 154.0000: (LIFT HOIST2 CRATE3 DEPOT0-2-4 LOADAREA DEPOT0) [D:1.0000; C:1.0000]
 154.0000: (LIFT HOIST0 CRATE4 DEPOT1-2-2 LOADAREA DEPOT1) [D:1.0000; C:1.0000]
 155.0000: (DROP HOIST2 CRATE3 CONTAINER-2-0 LOADAREA CONTAINER2) [D:1.0000; C:1.0000]
 155.0000: (DROP HOIST0 CRATE4 DEPOT1-2-2 LOADAREA DEPOT1) [D:1.0000; C:1.0000]
 156.0000: (LIFT HOIST2 CRATE0 CONTAINER-2-2 LOADAREA CONTAINER2) [D:1.0000; C:1.0000]
 156.0000: (LIFT HOIST0 CRATE4 DEPOT1-2-2 LOADAREA DEPOT1) [D:1.0000; C:1.0000]
 157.0000: (DROP HOIST2 CRATE0 DEPOT0-2-4 LOADAREA DEPOT0) [D:1.0000; C:1.0000]
 157.0000: (DROP HOIST0 CRATE4 DEPOT1-2-2 LOADAREA DEPOT1) [D:1.0000; C:1.0000]
 158.0000: (LIFT HOIST2 CRATE0 DEPOT0-2-4 LOADAREA DEPOT0) [D:1.0000; C:1.0000]
 158.0000: (LIFT HOIST0 CRATE4 DEPOT1-2-2 LOADAREA DEPOT1) [D:1.0000; C:1.0000]
 159.0000: (DROP HOIST2 CRATE0 DEPOT0-2-4 LOADAREA DEPOT0) [D:1.0000; C:1.0000]
 159.0000: (DROP HOIST0 CRATE4 CONTAINER-3-0 LOADAREA CONTAINER3) [D:1.0000; C:1.0000]
 160.0000: (LIFT HOIST2 CRATE0 DEPOT0-2-4 LOADAREA DEPOT0) [D:1.0000; C:1.0000]
 161.0000: (DROP HOIST2 CRATE0 CONTAINER-3-1 LOADAREA CONTAINER3) [D:1.0000; C:1.0000]
 162.0000: (LIFT HOIST2 CRATE6 CONTAINER-3-2 LOADAREA CONTAINER3) [D:1.0000; C:1.0000]
 163.0000: (DROP HOIST2 CRATE6 DEPOT1-2-2 LOADAREA DEPOT1) [D:1.0000; C:1.0000]
 164.0000: (GO-IN HOIST2 LOADAREA CONTAINER-3-2) [D:1.0000; C:1.0000]
 165.0000: (GO-OUT HOIST2 CONTAINER-3-2 LOADAREA) [D:1.0000; C:1.0000]
 166.0000: (LIFT HOIST2 CRATE0 CONTAINER-3-1 LOADAREA CONTAINER3) [D:1.0000; C:1.0000]
 167.0000: (DROP HOIST2 CRATE0 DEPOT0-2-4 LOADAREA DEPOT0) [D:1.0000; C:1.0000]
 168.0000: (LIFT HOIST0 CRATE0 DEPOT0-2-4 LOADAREA DEPOT0) [D:1.0000; C:1.0000]
 169.0000: (DROP HOIST0 CRATE0 DEPOT0-2-4 LOADAREA DEPOT0) [D:1.0000; C:1.0000]
 170.0000: (LIFT HOIST0 CRATE0 DEPOT0-2-4 LOADAREA DEPOT0) [D:1.0000; C:1.0000]
 171.0000: (DROP HOIST0 CRATE0 DEPOT0-2-4 LOADAREA DEPOT0) [D:1.0000; C:1.0000]
 172.0000: (LIFT HOIST0 CRATE0 DEPOT0-2-4 LOADAREA DEPOT0) [D:1.0000; C:1.0000]
 173.0000: (DROP HOIST0 CRATE0 DEPOT0-2-4 LOADAREA DEPOT0) [D:1.0000; C:1.0000]
 174.0000: (LIFT HOIST0 CRATE0 DEPOT0-2-4 LOADAREA DEPOT0) [D:1.0000; C:1.0000]
 175.0000: (DROP HOIST0 CRATE0 DEPOT0-2-4 LOADAREA DEPOT0) [D:1.0000; C:1.0000]
 176.0000: (LIFT HOIST0 CRATE0 DEPOT0-2-4 LOADAREA DEPOT0) [D:1.0000; C:1.0000]
 177.0000: (DROP HOIST0 CRATE0 DEPOT0-2-4 LOADAREA DEPOT0) [D:1.0000; C:1.0000]
 178.0000: (LIFT HOIST2 CRATE0 DEPOT0-2-4 LOADAREA DEPOT0) [D:1.0000; C:1.0000]
 178.0000: (LIFT HOIST0 CRATE3 CONTAINER-2-0 LOADAREA CONTAINER2) [D:1.0000; C:1.0000]
 179.0000: (DROP HOIST0 CRATE3 CONTAINER-1-3 LOADAREA CONTAINER1) [D:1.0000; C:1.0000]
 179.0000: (DROP HOIST2 CRATE0 DEPOT0-2-4 LOADAREA DEPOT0) [D:1.0000; C:1.0000]
 180.0000: (LIFT HOIST0 CRATE0 DEPOT0-2-4 LOADAREA DEPOT0) [D:1.0000; C:1.0000]
 181.0000: (DROP HOIST0 CRATE0 DEPOT0-2-4 LOADAREA DEPOT0) [D:1.0000; C:1.0000]
 182.0000: (LIFT HOIST0 CRATE0 DEPOT0-2-4 LOADAREA DEPOT0) [D:1.0000; C:1.0000]
 183.0000: (DROP HOIST0 CRATE0 DEPOT0-2-4 LOADAREA DEPOT0) [D:1.0000; C:1.0000]
 184.0000: (LIFT HOIST2 CRATE0 DEPOT0-2-4 LOADAREA DEPOT0) [D:1.0000; C:1.0000]
 184.0000: (LIFT HOIST0 CRATE6 DEPOT1-2-2 LOADAREA DEPOT1) [D:1.0000; C:1.0000]
 185.0000: (GO-IN HOIST0 LOADAREA DEPOT0-2-4) [D:1.0000; C:1.0000]
 185.0000: (DROP HOIST2 CRATE0 CONTAINER-1-1 LOADAREA CONTAINER1) [D:1.0000; C:1.0000]
 186.0000: (LIFT HOIST2 CRATE4 CONTAINER-3-0 LOADAREA CONTAINER3) [D:1.0000; C:1.0000]
 186.0000: (GO-OUT HOIST0 DEPOT0-2-4 LOADAREA) [D:1.0000; C:1.0000]
 187.0000: (DROP HOIST2 CRATE4 DEPOT1-2-2 LOADAREA DEPOT1) [D:1.0000; C:1.0000]
 187.0000: (GO-IN HOIST0 LOADAREA CONTAINER-0-2) [D:1.0000; C:1.0000]
 188.0000: (LIFT HOIST2 CRATE3 CONTAINER-1-3 LOADAREA CONTAINER1) [D:1.0000; C:1.0000]
 188.0000: (GO-OUT HOIST0 CONTAINER-0-2 LOADAREA) [D:1.0000; C:1.0000]
 189.0000: (DROP HOIST2 CRATE3 DEPOT0-2-4 LOADAREA DEPOT0) [D:1.0000; C:1.0000]
 189.0000: (GO-IN HOIST0 LOADAREA CONTAINER-3-0) [D:1.0000; C:1.0000]
 190.0000: (GO-OUT HOIST0 CONTAINER-3-0 LOADAREA) [D:1.0000; C:1.0000]
 190.0000: (LIFT HOIST2 CRATE4 DEPOT1-2-2 LOADAREA DEPOT1) [D:1.0000; C:1.0000]
 191.0000: (DROP HOIST0 CRATE6 DEPOT1-2-2 LOADAREA DEPOT1) [D:1.0000; C:1.0000]
 191.0000: (DROP HOIST2 CRATE4 CONTAINER-0-1 LOADAREA CONTAINER0) [D:1.0000; C:1.0000]
 192.0000: (LIFT HOIST2 CRATE6 DEPOT1-2-2 LOADAREA DEPOT1) [D:1.0000; C:1.0000]
 192.0000: (LIFT HOIST0 CRATE3 DEPOT0-2-4 LOADAREA DEPOT0) [D:1.0000; C:1.0000]
 193.0000: (GO-IN HOIST2 LOADAREA DEPOT1-2-2) [D:1.0000; C:1.0000]
 193.0000: (DROP HOIST0 CRATE3 CONTAINER-3-1 LOADAREA CONTAINER3) [D:1.0000; C:1.0000]
 194.0000: (MOVE HOIST2 DEPOT1-2-2 DEPOT1-2-3) [D:1.0000; C:1.0000]
 194.0000: (LIFT HOIST0 CRATE0 CONTAINER-1-1 LOADAREA CONTAINER1) [D:1.0000; C:1.0000]
 195.0000: (DROP HOIST1 CRATE7 DEPOT1-2-2 LOADAREA DEPOT1) [D:1.0000; C:1.0000]
 195.0000: (DROP HOIST2 CRATE6 DEPOT1-1-3 DEPOT1-2-3 DEPOT1) [D:1.0000; C:1.0000]
 195.0000: (DROP HOIST0 CRATE0 DEPOT0-2-4 LOADAREA DEPOT0) [D:1.0000; C:1.0000]
 196.0000: (LIFT HOIST0 CRATE0 DEPOT0-2-4 LOADAREA DEPOT0) [D:1.0000; C:1.0000]
 196.0000: (LIFT HOIST2 CRATE7 DEPOT1-2-2 DEPOT1-2-3 DEPOT1) [D:1.0000; C:1.0000]
 197.0000: (DROP HOIST0 CRATE0 CONTAINER-1-3 LOADAREA CONTAINER1) [D:1.0000; C:1.0000]
 197.0000: (DROP HOIST2 CRATE7 DEPOT1-2-2 DEPOT1-2-3 DEPOT1) [D:1.0000; C:1.0000]
 198.0000: (LIFT HOIST0 CRATE3 CONTAINER-3-1 LOADAREA CONTAINER3) [D:1.0000; C:1.0000]
 198.0000: (LIFT HOIST2 CRATE7 DEPOT1-2-2 DEPOT1-2-3 DEPOT1) [D:1.0000; C:1.0000]
 199.0000: (DROP HOIST0 CRATE3 DEPOT0-2-4 LOADAREA DEPOT0) [D:1.0000; C:1.0000]
 199.0000: (DROP HOIST2 CRATE7 DEPOT1-2-2 DEPOT1-2-3 DEPOT1) [D:1.0000; C:1.0000]
 200.0000: (LIFT HOIST2 CRATE7 DEPOT1-2-2 DEPOT1-2-3 DEPOT1) [D:1.0000; C:1.0000]
 200.0000: (LIFT HOIST1 CRATE3 DEPOT0-2-4 LOADAREA DEPOT0) [D:1.0000; C:1.0000]
 200.0000: (LIFT HOIST0 CRATE0 CONTAINER-1-3 LOADAREA CONTAINER1) [D:1.0000; C:1.0000]
 201.0000: (DROP HOIST2 CRATE7 DEPOT1-2-2 DEPOT1-2-3 DEPOT1) [D:1.0000; C:1.0000]
 201.0000: (DROP HOIST1 CRATE3 DEPOT0-2-4 LOADAREA DEPOT0) [D:1.0000; C:1.0000]
 202.0000: (LIFT HOIST2 CRATE7 DEPOT1-2-2 DEPOT1-2-3 DEPOT1) [D:1.0000; C:1.0000]
 202.0000: (LIFT HOIST1 CRATE3 DEPOT0-2-4 LOADAREA DEPOT0) [D:1.0000; C:1.0000]
 203.0000: (DROP HOIST1 CRATE3 DEPOT0-2-4 LOADAREA DEPOT0) [D:1.0000; C:1.0000]
 203.0000: (DROP HOIST2 CRATE7 DEPOT1-2-2 DEPOT1-2-3 DEPOT1) [D:1.0000; C:1.0000]
 204.0000: (LIFT HOIST1 CRATE3 DEPOT0-2-4 LOADAREA DEPOT0) [D:1.0000; C:1.0000]
 205.0000: (DROP HOIST1 CRATE3 DEPOT0-2-4 LOADAREA DEPOT0) [D:1.0000; C:1.0000]
 206.0000: (LIFT HOIST1 CRATE3 DEPOT0-2-4 LOADAREA DEPOT0) [D:1.0000; C:1.0000]
 207.0000: (DROP HOIST1 CRATE3 DEPOT0-2-4 LOADAREA DEPOT0) [D:1.0000; C:1.0000]
 208.0000: (LIFT HOIST1 CRATE3 DEPOT0-2-4 LOADAREA DEPOT0) [D:1.0000; C:1.0000]
 209.0000: (DROP HOIST1 CRATE3 DEPOT0-2-4 LOADAREA DEPOT0) [D:1.0000; C:1.0000]
 210.0000: (LIFT HOIST1 CRATE3 DEPOT0-2-4 LOADAREA DEPOT0) [D:1.0000; C:1.0000]
 211.0000: (DROP HOIST1 CRATE3 DEPOT0-2-4 LOADAREA DEPOT0) [D:1.0000; C:1.0000]
 212.0000: (LIFT HOIST1 CRATE3 DEPOT0-2-4 LOADAREA DEPOT0) [D:1.0000; C:1.0000]
 213.0000: (DROP HOIST1 CRATE3 DEPOT0-2-4 LOADAREA DEPOT0) [D:1.0000; C:1.0000]
 214.0000: (LIFT HOIST1 CRATE3 DEPOT0-2-4 LOADAREA DEPOT0) [D:1.0000; C:1.0000]
 215.0000: (DROP HOIST1 CRATE3 DEPOT0-2-4 LOADAREA DEPOT0) [D:1.0000; C:1.0000]
 216.0000: (LIFT HOIST1 CRATE3 DEPOT0-2-4 LOADAREA DEPOT0) [D:1.0000; C:1.0000]
 217.0000: (DROP HOIST1 CRATE3 DEPOT0-2-4 LOADAREA DEPOT0) [D:1.0000; C:1.0000]
 218.0000: (LIFT HOIST1 CRATE3 DEPOT0-2-4 LOADAREA DEPOT0) [D:1.0000; C:1.0000]
 219.0000: (DROP HOIST0 CRATE0 DEPOT0-2-4 LOADAREA DEPOT0) [D:1.0000; C:1.0000]
 219.0000: (DROP HOIST1 CRATE3 CONTAINER-1-1 LOADAREA CONTAINER1) [D:1.0000; C:1.0000]
 220.0000: (LIFT HOIST1 CRATE7 DEPOT1-2-2 LOADAREA DEPOT1) [D:1.0000; C:1.0000]
 221.0000: (DROP HOIST1 CRATE7 DEPOT1-2-2 LOADAREA DEPOT1) [D:1.0000; C:1.0000]
 222.0000: (LIFT HOIST2 CRATE7 DEPOT1-2-2 DEPOT1-2-3 DEPOT1) [D:1.0000; C:1.0000]
 223.0000: (DROP HOIST2 CRATE7 DEPOT1-2-2 DEPOT1-2-3 DEPOT1) [D:1.0000; C:1.0000]
 224.0000: (LIFT HOIST1 CRATE7 DEPOT1-2-2 LOADAREA DEPOT1) [D:1.0000; C:1.0000]
 225.0000: (DROP HOIST1 CRATE7 DEPOT1-2-2 LOADAREA DEPOT1) [D:1.0000; C:1.0000]
 226.0000: (LIFT HOIST1 CRATE0 DEPOT0-2-4 LOADAREA DEPOT0) [D:1.0000; C:1.0000]
 227.0000: (DROP HOIST1 CRATE0 CONTAINER-3-0 LOADAREA CONTAINER3) [D:1.0000; C:1.0000]
 228.0000: (LIFT HOIST1 CRATE3 CONTAINER-1-1 LOADAREA CONTAINER1) [D:1.0000; C:1.0000]
 229.0000: (DROP HOIST1 CRATE3 DEPOT0-2-4 LOADAREA DEPOT0) [D:1.0000; C:1.0000]
 230.0000: (LIFT HOIST1 CRATE7 DEPOT1-2-2 LOADAREA DEPOT1) [D:1.0000; C:1.0000]
 230.0000: (LIFT HOIST0 CRATE3 DEPOT0-2-4 LOADAREA DEPOT0) [D:1.0000; C:1.0000]
 231.0000: (DROP HOIST1 CRATE7 DEPOT1-2-2 LOADAREA DEPOT1) [D:1.0000; C:1.0000]
 231.0000: (DROP HOIST0 CRATE3 DEPOT0-2-4 LOADAREA DEPOT0) [D:1.0000; C:1.0000]
 232.0000: (LIFT HOIST1 CRATE7 DEPOT1-2-2 LOADAREA DEPOT1) [D:1.0000; C:1.0000]
 232.0000: (LIFT HOIST0 CRATE3 DEPOT0-2-4 LOADAREA DEPOT0) [D:1.0000; C:1.0000]
 233.0000: (DROP HOIST1 CRATE7 DEPOT1-2-2 LOADAREA DEPOT1) [D:1.0000; C:1.0000]
 233.0000: (DROP HOIST0 CRATE3 DEPOT0-2-4 LOADAREA DEPOT0) [D:1.0000; C:1.0000]
 234.0000: (LIFT HOIST2 CRATE7 DEPOT1-2-2 DEPOT1-2-3 DEPOT1) [D:1.0000; C:1.0000]
 234.0000: (LIFT HOIST0 CRATE0 CONTAINER-3-0 LOADAREA CONTAINER3) [D:1.0000; C:1.0000]
 234.0000: (LIFT HOIST1 CRATE3 DEPOT0-2-4 LOADAREA DEPOT0) [D:1.0000; C:1.0000]
 235.0000: (DROP HOIST2 CRATE7 DEPOT1-2-2 DEPOT1-2-3 DEPOT1) [D:1.0000; C:1.0000]
 235.0000: (DROP HOIST1 CRATE3 DEPOT0-2-4 LOADAREA DEPOT0) [D:1.0000; C:1.0000]
 236.0000: (LIFT HOIST2 CRATE7 DEPOT1-2-2 DEPOT1-2-3 DEPOT1) [D:1.0000; C:1.0000]
 236.0000: (LIFT HOIST1 CRATE3 DEPOT0-2-4 LOADAREA DEPOT0) [D:1.0000; C:1.0000]
 237.0000: (DROP HOIST2 CRATE7 DEPOT1-2-2 DEPOT1-2-3 DEPOT1) [D:1.0000; C:1.0000]
 237.0000: (DROP HOIST1 CRATE3 DEPOT0-2-4 LOADAREA DEPOT0) [D:1.0000; C:1.0000]
 238.0000: (LIFT HOIST2 CRATE7 DEPOT1-2-2 DEPOT1-2-3 DEPOT1) [D:1.0000; C:1.0000]
 238.0000: (LIFT HOIST1 CRATE3 DEPOT0-2-4 LOADAREA DEPOT0) [D:1.0000; C:1.0000]
 239.0000: (DROP HOIST2 CRATE7 DEPOT1-2-2 DEPOT1-2-3 DEPOT1) [D:1.0000; C:1.0000]
 239.0000: (DROP HOIST1 CRATE3 DEPOT0-2-4 LOADAREA DEPOT0) [D:1.0000; C:1.0000]
 240.0000: (LIFT HOIST2 CRATE7 DEPOT1-2-2 DEPOT1-2-3 DEPOT1) [D:1.0000; C:1.0000]
 240.0000: (LIFT HOIST1 CRATE3 DEPOT0-2-4 LOADAREA DEPOT0) [D:1.0000; C:1.0000]
 241.0000: (DROP HOIST2 CRATE7 DEPOT1-2-2 DEPOT1-2-3 DEPOT1) [D:1.0000; C:1.0000]
 241.0000: (DROP HOIST1 CRATE3 DEPOT0-2-4 LOADAREA DEPOT0) [D:1.0000; C:1.0000]
 242.0000: (LIFT HOIST2 CRATE7 DEPOT1-2-2 DEPOT1-2-3 DEPOT1) [D:1.0000; C:1.0000]
 242.0000: (LIFT HOIST1 CRATE3 DEPOT0-2-4 LOADAREA DEPOT0) [D:1.0000; C:1.0000]
 243.0000: (DROP HOIST2 CRATE7 DEPOT1-2-2 DEPOT1-2-3 DEPOT1) [D:1.0000; C:1.0000]
 243.0000: (DROP HOIST1 CRATE3 DEPOT0-2-4 LOADAREA DEPOT0) [D:1.0000; C:1.0000]
 244.0000: (LIFT HOIST2 CRATE7 DEPOT1-2-2 DEPOT1-2-3 DEPOT1) [D:1.0000; C:1.0000]
 244.0000: (LIFT HOIST1 CRATE3 DEPOT0-2-4 LOADAREA DEPOT0) [D:1.0000; C:1.0000]
 245.0000: (DROP HOIST2 CRATE7 DEPOT1-2-2 DEPOT1-2-3 DEPOT1) [D:1.0000; C:1.0000]
 245.0000: (DROP HOIST1 CRATE3 DEPOT0-2-4 LOADAREA DEPOT0) [D:1.0000; C:1.0000]
 246.0000: (LIFT HOIST2 CRATE7 DEPOT1-2-2 DEPOT1-2-3 DEPOT1) [D:1.0000; C:1.0000]
 246.0000: (LIFT HOIST1 CRATE3 DEPOT0-2-4 LOADAREA DEPOT0) [D:1.0000; C:1.0000]
 247.0000: (DROP HOIST2 CRATE7 DEPOT1-2-2 DEPOT1-2-3 DEPOT1) [D:1.0000; C:1.0000]
 247.0000: (DROP HOIST1 CRATE3 DEPOT0-2-4 LOADAREA DEPOT0) [D:1.0000; C:1.0000]
 248.0000: (LIFT HOIST2 CRATE7 DEPOT1-2-2 DEPOT1-2-3 DEPOT1) [D:1.0000; C:1.0000]
 248.0000: (LIFT HOIST1 CRATE3 DEPOT0-2-4 LOADAREA DEPOT0) [D:1.0000; C:1.0000]
 249.0000: (DROP HOIST2 CRATE7 DEPOT1-2-2 DEPOT1-2-3 DEPOT1) [D:1.0000; C:1.0000]
 249.0000: (DROP HOIST1 CRATE3 DEPOT0-2-4 LOADAREA DEPOT0) [D:1.0000; C:1.0000]
 250.0000: (LIFT HOIST2 CRATE7 DEPOT1-2-2 DEPOT1-2-3 DEPOT1) [D:1.0000; C:1.0000]
 250.0000: (LIFT HOIST1 CRATE3 DEPOT0-2-4 LOADAREA DEPOT0) [D:1.0000; C:1.0000]
 251.0000: (DROP HOIST2 CRATE7 DEPOT1-2-2 DEPOT1-2-3 DEPOT1) [D:1.0000; C:1.0000]
 251.0000: (DROP HOIST1 CRATE3 DEPOT0-2-4 LOADAREA DEPOT0) [D:1.0000; C:1.0000]
 252.0000: (LIFT HOIST2 CRATE7 DEPOT1-2-2 DEPOT1-2-3 DEPOT1) [D:1.0000; C:1.0000]
 252.0000: (LIFT HOIST1 CRATE3 DEPOT0-2-4 LOADAREA DEPOT0) [D:1.0000; C:1.0000]
 253.0000: (DROP HOIST2 CRATE7 DEPOT1-2-2 DEPOT1-2-3 DEPOT1) [D:1.0000; C:1.0000]
 253.0000: (DROP HOIST1 CRATE3 DEPOT0-2-4 LOADAREA DEPOT0) [D:1.0000; C:1.0000]
 254.0000: (LIFT HOIST1 CRATE3 DEPOT0-2-4 LOADAREA DEPOT0) [D:1.0000; C:1.0000]
 255.0000: (DROP HOIST1 CRATE3 DEPOT0-2-4 LOADAREA DEPOT0) [D:1.0000; C:1.0000]
 256.0000: (LIFT HOIST1 CRATE3 DEPOT0-2-4 LOADAREA DEPOT0) [D:1.0000; C:1.0000]
 257.0000: (DROP HOIST1 CRATE3 DEPOT0-2-4 LOADAREA DEPOT0) [D:1.0000; C:1.0000]
 258.0000: (LIFT HOIST1 CRATE3 DEPOT0-2-4 LOADAREA DEPOT0) [D:1.0000; C:1.0000]
 259.0000: (DROP HOIST0 CRATE0 DEPOT0-2-4 LOADAREA DEPOT0) [D:1.0000; C:1.0000]
 259.0000: (DROP HOIST1 CRATE3 CONTAINER-1-0 LOADAREA CONTAINER1) [D:1.0000; C:1.0000]
 260.0000: (LIFT HOIST0 CRATE7 DEPOT1-2-2 LOADAREA DEPOT1) [D:1.0000; C:1.0000]
 261.0000: (DROP HOIST0 CRATE7 DEPOT1-2-2 LOADAREA DEPOT1) [D:1.0000; C:1.0000]
 262.0000: (LIFT HOIST0 CRATE4 CONTAINER-0-1 LOADAREA CONTAINER0) [D:1.0000; C:1.0000]
 262.0000: (LIFT HOIST2 CRATE7 DEPOT1-2-2 DEPOT1-2-3 DEPOT1) [D:1.0000; C:1.0000]
 263.0000: (DROP HOIST2 CRATE7 DEPOT1-2-2 DEPOT1-2-3 DEPOT1) [D:1.0000; C:1.0000]
 264.0000: (LIFT HOIST1 CRATE7 DEPOT1-2-2 LOADAREA DEPOT1) [D:1.0000; C:1.0000]
 265.0000: (DROP HOIST1 CRATE7 DEPOT1-2-2 LOADAREA DEPOT1) [D:1.0000; C:1.0000]
 266.0000: (LIFT HOIST1 CRATE7 DEPOT1-2-2 LOADAREA DEPOT1) [D:1.0000; C:1.0000]
 267.0000: (DROP HOIST1 CRATE7 DEPOT1-2-2 LOADAREA DEPOT1) [D:1.0000; C:1.0000]
 268.0000: (LIFT HOIST1 CRATE7 DEPOT1-2-2 LOADAREA DEPOT1) [D:1.0000; C:1.0000]
 269.0000: (DROP HOIST1 CRATE7 DEPOT1-2-2 LOADAREA DEPOT1) [D:1.0000; C:1.0000]
 270.0000: (LIFT HOIST2 CRATE7 DEPOT1-2-2 DEPOT1-2-3 DEPOT1) [D:1.0000; C:1.0000]
 270.0000: (LIFT HOIST1 CRATE3 CONTAINER-1-0 LOADAREA CONTAINER1) [D:1.0000; C:1.0000]
 271.0000: (DROP HOIST2 CRATE7 DEPOT1-2-2 DEPOT1-2-3 DEPOT1) [D:1.0000; C:1.0000]
 272.0000: (LIFT HOIST2 CRATE7 DEPOT1-2-2 DEPOT1-2-3 DEPOT1) [D:1.0000; C:1.0000]
 273.0000: (DROP HOIST2 CRATE7 DEPOT1-2-2 DEPOT1-2-3 DEPOT1) [D:1.0000; C:1.0000]
 274.0000: (LIFT HOIST2 CRATE7 DEPOT1-2-2 DEPOT1-2-3 DEPOT1) [D:1.0000; C:1.0000]
 275.0000: (DROP HOIST2 CRATE7 DEPOT1-2-2 DEPOT1-2-3 DEPOT1) [D:1.0000; C:1.0000]
 276.0000: (LIFT HOIST2 CRATE7 DEPOT1-2-2 DEPOT1-2-3 DEPOT1) [D:1.0000; C:1.0000]
 277.0000: (DROP HOIST2 CRATE7 DEPOT1-2-2 DEPOT1-2-3 DEPOT1) [D:1.0000; C:1.0000]
 278.0000: (LIFT HOIST2 CRATE7 DEPOT1-2-2 DEPOT1-2-3 DEPOT1) [D:1.0000; C:1.0000]
 279.0000: (DROP HOIST2 CRATE7 DEPOT1-2-2 DEPOT1-2-3 DEPOT1) [D:1.0000; C:1.0000]
 280.0000: (LIFT HOIST2 CRATE7 DEPOT1-2-2 DEPOT1-2-3 DEPOT1) [D:1.0000; C:1.0000]
 281.0000: (DROP HOIST2 CRATE7 DEPOT1-2-2 DEPOT1-2-3 DEPOT1) [D:1.0000; C:1.0000]
 282.0000: (LIFT HOIST2 CRATE7 DEPOT1-2-2 DEPOT1-2-3 DEPOT1) [D:1.0000; C:1.0000]
 283.0000: (DROP HOIST2 CRATE7 DEPOT1-2-2 DEPOT1-2-3 DEPOT1) [D:1.0000; C:1.0000]
 284.0000: (LIFT HOIST2 CRATE7 DEPOT1-2-2 DEPOT1-2-3 DEPOT1) [D:1.0000; C:1.0000]
 285.0000: (DROP HOIST2 CRATE7 DEPOT1-2-2 DEPOT1-2-3 DEPOT1) [D:1.0000; C:1.0000]
 286.0000: (LIFT HOIST2 CRATE7 DEPOT1-2-2 DEPOT1-2-3 DEPOT1) [D:1.0000; C:1.0000]
 287.0000: (DROP HOIST2 CRATE7 DEPOT1-2-2 DEPOT1-2-3 DEPOT1) [D:1.0000; C:1.0000]
 288.0000: (LIFT HOIST2 CRATE7 DEPOT1-2-2 DEPOT1-2-3 DEPOT1) [D:1.0000; C:1.0000]
 289.0000: (DROP HOIST2 CRATE7 DEPOT1-2-2 DEPOT1-2-3 DEPOT1) [D:1.0000; C:1.0000]
 290.0000: (LIFT HOIST2 CRATE7 DEPOT1-2-2 DEPOT1-2-3 DEPOT1) [D:1.0000; C:1.0000]
 291.0000: (MOVE HOIST2 DEPOT1-2-3 DEPOT1-2-2) [D:1.0000; C:1.0000]
 292.0000: (GO-OUT HOIST2 DEPOT1-2-2 LOADAREA) [D:1.0000; C:1.0000]
 293.0000: (DROP HOIST0 CRATE4 DEPOT1-2-2 LOADAREA DEPOT1) [D:1.0000; C:1.0000]
 293.0000: (DROP HOIST2 CRATE7 CONTAINER-2-2 LOADAREA CONTAINER2) [D:1.0000; C:1.0000]
 294.0000: (LIFT HOIST0 CRATE0 DEPOT0-2-4 LOADAREA DEPOT0) [D:1.0000; C:1.0000]
 295.0000: (DROP HOIST0 CRATE0 DEPOT0-2-4 LOADAREA DEPOT0) [D:1.0000; C:1.0000]
 296.0000: (LIFT HOIST0 CRATE0 DEPOT0-2-4 LOADAREA DEPOT0) [D:1.0000; C:1.0000]
 297.0000: (DROP HOIST0 CRATE0 DEPOT0-2-4 LOADAREA DEPOT0) [D:1.0000; C:1.0000]
 298.0000: (LIFT HOIST0 CRATE0 DEPOT0-2-4 LOADAREA DEPOT0) [D:1.0000; C:1.0000]
 299.0000: (DROP HOIST0 CRATE0 DEPOT0-2-4 LOADAREA DEPOT0) [D:1.0000; C:1.0000]
 300.0000: (LIFT HOIST0 CRATE0 DEPOT0-2-4 LOADAREA DEPOT0) [D:1.0000; C:1.0000]
 301.0000: (DROP HOIST0 CRATE0 DEPOT0-2-4 LOADAREA DEPOT0) [D:1.0000; C:1.0000]
 302.0000: (LIFT HOIST0 CRATE0 DEPOT0-2-4 LOADAREA DEPOT0) [D:1.0000; C:1.0000]
 303.0000: (DROP HOIST0 CRATE0 DEPOT0-2-4 LOADAREA DEPOT0) [D:1.0000; C:1.0000]
 304.0000: (LIFT HOIST0 CRATE0 DEPOT0-2-4 LOADAREA DEPOT0) [D:1.0000; C:1.0000]
 305.0000: (DROP HOIST0 CRATE0 DEPOT0-2-4 LOADAREA DEPOT0) [D:1.0000; C:1.0000]
 306.0000: (LIFT HOIST0 CRATE0 DEPOT0-2-4 LOADAREA DEPOT0) [D:1.0000; C:1.0000]
 307.0000: (DROP HOIST0 CRATE0 DEPOT0-2-4 LOADAREA DEPOT0) [D:1.0000; C:1.0000]
 308.0000: (LIFT HOIST0 CRATE10 CONTAINER-2-3 LOADAREA CONTAINER2) [D:1.0000; C:1.0000]
 309.0000: (DROP HOIST0 CRATE10 CONTAINER-0-2 LOADAREA CONTAINER0) [D:1.0000; C:1.0000]
 310.0000: (LIFT HOIST0 CRATE0 DEPOT0-2-4 LOADAREA DEPOT0) [D:1.0000; C:1.0000]
 311.0000: (DROP HOIST1 CRATE3 DEPOT0-2-4 LOADAREA DEPOT0) [D:1.0000; C:1.0000]
 312.0000: (LIFT HOIST2 CRATE3 DEPOT0-2-4 LOADAREA DEPOT0) [D:1.0000; C:1.0000]
 312.0000: (LIFT HOIST1 CRATE4 DEPOT1-2-2 LOADAREA DEPOT1) [D:1.0000; C:1.0000]
 313.0000: (DROP HOIST2 CRATE3 DEPOT0-2-4 LOADAREA DEPOT0) [D:1.0000; C:1.0000]
 313.0000: (DROP HOIST1 CRATE4 DEPOT1-2-2 LOADAREA DEPOT1) [D:1.0000; C:1.0000]
 314.0000: (LIFT HOIST1 CRATE7 CONTAINER-2-2 LOADAREA CONTAINER2) [D:1.0000; C:1.0000]
 314.0000: (LIFT HOIST2 CRATE4 DEPOT1-2-2 LOADAREA DEPOT1) [D:1.0000; C:1.0000]
 315.0000: (DROP HOIST2 CRATE4 DEPOT1-2-2 LOADAREA DEPOT1) [D:1.0000; C:1.0000]
 316.0000: (LIFT HOIST2 CRATE4 DEPOT1-2-2 LOADAREA DEPOT1) [D:1.0000; C:1.0000]
 317.0000: (DROP HOIST2 CRATE4 DEPOT1-2-2 LOADAREA DEPOT1) [D:1.0000; C:1.0000]
 318.0000: (LIFT HOIST2 CRATE4 DEPOT1-2-2 LOADAREA DEPOT1) [D:1.0000; C:1.0000]
 319.0000: (DROP HOIST2 CRATE4 DEPOT1-2-2 LOADAREA DEPOT1) [D:1.0000; C:1.0000]
 320.0000: (LIFT HOIST2 CRATE4 DEPOT1-2-2 LOADAREA DEPOT1) [D:1.0000; C:1.0000]
 321.0000: (DROP HOIST1 CRATE7 DEPOT1-2-2 LOADAREA DEPOT1) [D:1.0000; C:1.0000]
 321.0000: (DROP HOIST2 CRATE4 CONTAINER-3-0 LOADAREA CONTAINER3) [D:1.0000; C:1.0000]
 322.0000: (LIFT HOIST2 CRATE3 DEPOT0-2-4 LOADAREA DEPOT0) [D:1.0000; C:1.0000]
 323.0000: (DROP HOIST2 CRATE3 DEPOT0-2-4 LOADAREA DEPOT0) [D:1.0000; C:1.0000]
 324.0000: (LIFT HOIST1 CRATE3 DEPOT0-2-4 LOADAREA DEPOT0) [D:1.0000; C:1.0000]
 325.0000: (DROP HOIST1 CRATE3 DEPOT0-2-4 LOADAREA DEPOT0) [D:1.0000; C:1.0000]
 326.0000: (LIFT HOIST2 CRATE3 DEPOT0-2-4 LOADAREA DEPOT0) [D:1.0000; C:1.0000]
 326.0000: (LIFT HOIST1 CRATE4 CONTAINER-3-0 LOADAREA CONTAINER3) [D:1.0000; C:1.0000]
 327.0000: (DROP HOIST2 CRATE3 DEPOT0-2-4 LOADAREA DEPOT0) [D:1.0000; C:1.0000]
 328.0000: (LIFT HOIST2 CRATE3 DEPOT0-2-4 LOADAREA DEPOT0) [D:1.0000; C:1.0000]
 329.0000: (DROP HOIST2 CRATE3 DEPOT0-2-4 LOADAREA DEPOT0) [D:1.0000; C:1.0000]
 330.0000: (LIFT HOIST2 CRATE7 DEPOT1-2-2 LOADAREA DEPOT1) [D:1.0000; C:1.0000]
 331.0000: (DROP HOIST2 CRATE7 CONTAINER-3-1 LOADAREA CONTAINER3) [D:1.0000; C:1.0000]
 331.0000: (DROP HOIST1 CRATE4 DEPOT1-2-2 LOADAREA DEPOT1) [D:1.0000; C:1.0000]
 332.0000: (LIFT HOIST2 CRATE4 DEPOT1-2-2 LOADAREA DEPOT1) [D:1.0000; C:1.0000]
 332.0000: (LIFT HOIST1 CRATE3 DEPOT0-2-4 LOADAREA DEPOT0) [D:1.0000; C:1.0000]
 333.0000: (DROP HOIST2 CRATE4 DEPOT1-2-2 LOADAREA DEPOT1) [D:1.0000; C:1.0000]
 333.0000: (DROP HOIST1 CRATE3 DEPOT0-2-4 LOADAREA DEPOT0) [D:1.0000; C:1.0000]
 334.0000: (LIFT HOIST1 CRATE3 DEPOT0-2-4 LOADAREA DEPOT0) [D:1.0000; C:1.0000]
 335.0000: (DROP HOIST1 CRATE3 DEPOT0-2-4 LOADAREA DEPOT0) [D:1.0000; C:1.0000]
 336.0000: (LIFT HOIST2 CRATE3 DEPOT0-2-4 LOADAREA DEPOT0) [D:1.0000; C:1.0000]
 337.0000: (DROP HOIST2 CRATE3 DEPOT0-2-4 LOADAREA DEPOT0) [D:1.0000; C:1.0000]
 338.0000: (LIFT HOIST1 CRATE3 DEPOT0-2-4 LOADAREA DEPOT0) [D:1.0000; C:1.0000]
 338.0000: (GO-IN HOIST2 LOADAREA CONTAINER-3-0) [D:1.0000; C:1.0000]
 339.0000: (DROP HOIST1 CRATE3 DEPOT0-2-4 LOADAREA DEPOT0) [D:1.0000; C:1.0000]
 339.0000: (GO-OUT HOIST2 CONTAINER-3-0 LOADAREA) [D:1.0000; C:1.0000]
 340.0000: (LIFT HOIST2 CRATE3 DEPOT0-2-4 LOADAREA DEPOT0) [D:1.0000; C:1.0000]
 340.0000: (LIFT HOIST1 CRATE7 CONTAINER-3-1 LOADAREA CONTAINER3) [D:1.0000; C:1.0000]
 341.0000: (DROP HOIST2 CRATE3 DEPOT0-2-4 LOADAREA DEPOT0) [D:1.0000; C:1.0000]
 341.0000: (DROP HOIST1 CRATE7 CONTAINER-0-0 LOADAREA CONTAINER0) [D:1.0000; C:1.0000]
 342.0000: (LIFT HOIST2 CRATE4 DEPOT1-2-2 LOADAREA DEPOT1) [D:1.0000; C:1.0000]
 342.0000: (LIFT HOIST1 CRATE3 DEPOT0-2-4 LOADAREA DEPOT0) [D:1.0000; C:1.0000]
 343.0000: (DROP HOIST2 CRATE4 CONTAINER-1-1 LOADAREA CONTAINER1) [D:1.0000; C:1.0000]
 343.0000: (DROP HOIST1 CRATE3 DEPOT0-2-4 LOADAREA DEPOT0) [D:1.0000; C:1.0000]
 344.0000: (LIFT HOIST2 CRATE7 CONTAINER-0-0 LOADAREA CONTAINER0) [D:1.0000; C:1.0000]
 345.0000: (DROP HOIST2 CRATE7 DEPOT1-2-2 LOADAREA DEPOT1) [D:1.0000; C:1.0000]
 346.0000: (LIFT HOIST2 CRATE3 DEPOT0-2-4 LOADAREA DEPOT0) [D:1.0000; C:1.0000]
 347.0000: (DROP HOIST2 CRATE3 DEPOT0-2-4 LOADAREA DEPOT0) [D:1.0000; C:1.0000]
 348.0000: (LIFT HOIST2 CRATE3 DEPOT0-2-4 LOADAREA DEPOT0) [D:1.0000; C:1.0000]
 349.0000: (DROP HOIST2 CRATE3 DEPOT0-2-4 LOADAREA DEPOT0) [D:1.0000; C:1.0000]
 350.0000: (LIFT HOIST2 CRATE3 DEPOT0-2-4 LOADAREA DEPOT0) [D:1.0000; C:1.0000]
 351.0000: (DROP HOIST2 CRATE3 DEPOT0-2-4 LOADAREA DEPOT0) [D:1.0000; C:1.0000]
 352.0000: (LIFT HOIST1 CRATE3 DEPOT0-2-4 LOADAREA DEPOT0) [D:1.0000; C:1.0000]
 353.0000: (DROP HOIST1 CRATE3 DEPOT0-2-4 LOADAREA DEPOT0) [D:1.0000; C:1.0000]
 354.0000: (LIFT HOIST1 CRATE3 DEPOT0-2-4 LOADAREA DEPOT0) [D:1.0000; C:1.0000]
 355.0000: (DROP HOIST1 CRATE3 DEPOT0-2-4 LOADAREA DEPOT0) [D:1.0000; C:1.0000]
 356.0000: (LIFT HOIST2 CRATE3 DEPOT0-2-4 LOADAREA DEPOT0) [D:1.0000; C:1.0000]
 357.0000: (DROP HOIST2 CRATE3 DEPOT0-2-4 LOADAREA DEPOT0) [D:1.0000; C:1.0000]
 358.0000: (LIFT HOIST1 CRATE3 DEPOT0-2-4 LOADAREA DEPOT0) [D:1.0000; C:1.0000]
 358.0000: (LIFT HOIST2 CRATE7 DEPOT1-2-2 LOADAREA DEPOT1) [D:1.0000; C:1.0000]
 359.0000: (GO-IN HOIST0 LOADAREA DEPOT0-2-4) [D:1.0000; C:1.0000]
 359.0000: (DROP HOIST2 CRATE7 DEPOT1-2-2 LOADAREA DEPOT1) [D:1.0000; C:1.0000]
 360.0000: (DROP HOIST0 CRATE0 DEPOT0-1-4 DEPOT0-2-4 DEPOT0) [D:1.0000; C:1.0000]
 360.0000: (LIFT HOIST2 CRATE7 DEPOT1-2-2 LOADAREA DEPOT1) [D:1.0000; C:1.0000]
 361.0000: (DROP HOIST2 CRATE7 DEPOT1-2-2 LOADAREA DEPOT1) [D:1.0000; C:1.0000]
 361.0000: (GO-OUT HOIST0 DEPOT0-2-4 LOADAREA) [D:1.0000; C:1.0000]
 362.0000: (LIFT HOIST2 CRATE7 DEPOT1-2-2 LOADAREA DEPOT1) [D:1.0000; C:1.0000]
 363.0000: (DROP HOIST2 CRATE7 DEPOT1-2-2 LOADAREA DEPOT1) [D:1.0000; C:1.0000]
 364.0000: (LIFT HOIST2 CRATE7 DEPOT1-2-2 LOADAREA DEPOT1) [D:1.0000; C:1.0000]
 365.0000: (DROP HOIST2 CRATE7 DEPOT1-2-2 LOADAREA DEPOT1) [D:1.0000; C:1.0000]
 366.0000: (LIFT HOIST2 CRATE7 DEPOT1-2-2 LOADAREA DEPOT1) [D:1.0000; C:1.0000]
 367.0000: (DROP HOIST2 CRATE7 DEPOT1-2-2 LOADAREA DEPOT1) [D:1.0000; C:1.0000]
 368.0000: (LIFT HOIST2 CRATE4 CONTAINER-1-1 LOADAREA CONTAINER1) [D:1.0000; C:1.0000]
 369.0000: (DROP HOIST1 CRATE3 CONTAINER-1-1 LOADAREA CONTAINER1) [D:1.0000; C:1.0000]
 369.0000: (DROP HOIST2 CRATE4 CONTAINER-2-2 LOADAREA CONTAINER2) [D:1.0000; C:1.0000]
 370.0000: (LIFT HOIST2 CRATE7 DEPOT1-2-2 LOADAREA DEPOT1) [D:1.0000; C:1.0000]
 370.0000: (LIFT HOIST0 CRATE3 CONTAINER-1-1 LOADAREA CONTAINER1) [D:1.0000; C:1.0000]
 371.0000: (DROP HOIST2 CRATE7 DEPOT1-2-2 LOADAREA DEPOT1) [D:1.0000; C:1.0000]
 371.0000: (DROP HOIST0 CRATE3 DEPOT0-2-4 LOADAREA DEPOT0) [D:1.0000; C:1.0000]
 372.0000: (LIFT HOIST2 CRATE7 DEPOT1-2-2 LOADAREA DEPOT1) [D:1.0000; C:1.0000]
 372.0000: (LIFT HOIST0 CRATE12 CONTAINER-0-3 LOADAREA CONTAINER0) [D:1.0000; C:1.0000]
 373.0000: (DROP HOIST2 CRATE7 DEPOT1-2-2 LOADAREA DEPOT1) [D:1.0000; C:1.0000]
 374.0000: (LIFT HOIST2 CRATE7 DEPOT1-2-2 LOADAREA DEPOT1) [D:1.0000; C:1.0000]
 375.0000: (DROP HOIST2 CRATE7 DEPOT1-2-2 LOADAREA DEPOT1) [D:1.0000; C:1.0000]
 376.0000: (LIFT HOIST2 CRATE7 DEPOT1-2-2 LOADAREA DEPOT1) [D:1.0000; C:1.0000]
 377.0000: (DROP HOIST2 CRATE7 DEPOT1-2-2 LOADAREA DEPOT1) [D:1.0000; C:1.0000]
 378.0000: (LIFT HOIST2 CRATE7 DEPOT1-2-2 LOADAREA DEPOT1) [D:1.0000; C:1.0000]
 379.0000: (DROP HOIST2 CRATE7 DEPOT1-2-2 LOADAREA DEPOT1) [D:1.0000; C:1.0000]
 380.0000: (LIFT HOIST1 CRATE7 DEPOT1-2-2 LOADAREA DEPOT1) [D:1.0000; C:1.0000]
 381.0000: (DROP HOIST1 CRATE7 DEPOT1-2-2 LOADAREA DEPOT1) [D:1.0000; C:1.0000]
 382.0000: (LIFT HOIST1 CRATE7 DEPOT1-2-2 LOADAREA DEPOT1) [D:1.0000; C:1.0000]
 383.0000: (GO-IN HOIST1 LOADAREA DEPOT1-2-2) [D:1.0000; C:1.0000]
 384.0000: (DROP HOIST1 CRATE7 DEPOT1-1-2 DEPOT1-2-2 DEPOT1) [D:1.0000; C:1.0000]
 385.0000: (LIFT HOIST1 CRATE5 DEPOT1-2-1 DEPOT1-2-2 DEPOT1) [D:1.0000; C:1.0000]
 386.0000: (DROP HOIST1 CRATE5 DEPOT1-2-3 DEPOT1-2-2 DEPOT1) [D:1.0000; C:1.0000]
 387.0000: (LIFT HOIST1 CRATE5 DEPOT1-2-3 DEPOT1-2-2 DEPOT1) [D:1.0000; C:1.0000]
 388.0000: (MOVE HOIST1 DEPOT1-2-2 DEPOT1-2-3) [D:1.0000; C:1.0000]
 389.0000: (DROP HOIST1 CRATE5 DEPOT1-2-2 DEPOT1-2-3 DEPOT1) [D:1.0000; C:1.0000]
 390.0000: (LIFT HOIST2 CRATE5 DEPOT1-2-2 LOADAREA DEPOT1) [D:1.0000; C:1.0000]
 391.0000: (MOVE HOIST1 DEPOT1-2-3 DEPOT1-2-2) [D:1.0000; C:1.0000]
 392.0000: (GO-OUT HOIST1 DEPOT1-2-2 LOADAREA) [D:1.0000; C:1.0000]
 393.0000: (DROP HOIST2 CRATE5 DEPOT1-2-2 LOADAREA DEPOT1) [D:1.0000; C:1.0000]
 393.0000: (GO-IN HOIST1 LOADAREA CONTAINER-2-0) [D:1.0000; C:1.0000]
 394.0000: (LIFT HOIST2 CRATE5 DEPOT1-2-2 LOADAREA DEPOT1) [D:1.0000; C:1.0000]
 394.0000: (GO-OUT HOIST1 CONTAINER-2-0 LOADAREA) [D:1.0000; C:1.0000]
 395.0000: (GO-IN HOIST1 LOADAREA CONTAINER-2-3) [D:1.0000; C:1.0000]
 396.0000: (GO-OUT HOIST1 CONTAINER-2-3 LOADAREA) [D:1.0000; C:1.0000]
 397.0000: (GO-IN HOIST1 LOADAREA DEPOT2-2-3) [D:1.0000; C:1.0000]
 398.0000: (MOVE HOIST1 DEPOT2-2-3 DEPOT2-1-3) [D:1.0000; C:1.0000]
 399.0000: (MOVE HOIST1 DEPOT2-1-3 DEPOT2-2-3) [D:1.0000; C:1.0000]
 400.0000: (MOVE HOIST1 DEPOT2-2-3 DEPOT2-2-2) [D:1.0000; C:1.0000]
 401.0000: (MOVE HOIST1 DEPOT2-2-2 DEPOT2-2-3) [D:1.0000; C:1.0000]
 402.0000: (MOVE HOIST1 DEPOT2-2-3 DEPOT2-2-2) [D:1.0000; C:1.0000]
 403.0000: (MOVE HOIST1 DEPOT2-2-2 DEPOT2-2-3) [D:1.0000; C:1.0000]
 404.0000: (GO-OUT HOIST1 DEPOT2-2-3 LOADAREA) [D:1.0000; C:1.0000]
 405.0000: (GO-IN HOIST1 LOADAREA DEPOT3-2-3) [D:1.0000; C:1.0000]
 406.0000: (MOVE HOIST1 DEPOT3-2-3 DEPOT3-2-4) [D:1.0000; C:1.0000]
 407.0000: (MOVE HOIST1 DEPOT3-2-4 DEPOT3-2-3) [D:1.0000; C:1.0000]
 408.0000: (LIFT HOIST1 CRATE11 DEPOT3-2-2 DEPOT3-2-3 DEPOT3) [D:1.0000; C:1.0000]
 409.0000: (DROP HOIST1 CRATE11 DEPOT3-2-4 DEPOT3-2-3 DEPOT3) [D:1.0000; C:1.0000]
 410.0000: (GO-OUT HOIST1 DEPOT3-2-3 LOADAREA) [D:1.0000; C:1.0000]
 411.0000: (GO-IN HOIST2 LOADAREA DEPOT3-2-3) [D:1.0000; C:1.0000]
 411.0000: (GO-IN HOIST1 LOADAREA CONTAINER-3-2) [D:1.0000; C:1.0000]
 412.0000: (GO-OUT HOIST2 DEPOT3-2-3 LOADAREA) [D:1.0000; C:1.0000]
 412.0000: (GO-OUT HOIST1 CONTAINER-3-2 LOADAREA) [D:1.0000; C:1.0000]
 413.0000: (DROP HOIST2 CRATE5 DEPOT1-2-2 LOADAREA DEPOT1) [D:1.0000; C:1.0000]
 413.0000: (DROP HOIST0 CRATE12 DEPOT3-2-3 LOADAREA DEPOT3) [D:1.0000; C:1.0000]
 414.0000: (LIFT HOIST2 CRATE5 DEPOT1-2-2 LOADAREA DEPOT1) [D:1.0000; C:1.0000]
 415.0000: (DROP HOIST2 CRATE5 DEPOT1-2-2 LOADAREA DEPOT1) [D:1.0000; C:1.0000]
 416.0000: (LIFT HOIST2 CRATE5 DEPOT1-2-2 LOADAREA DEPOT1) [D:1.0000; C:1.0000]
 417.0000: (DROP HOIST2 CRATE5 DEPOT1-2-2 LOADAREA DEPOT1) [D:1.0000; C:1.0000]
 418.0000: (LIFT HOIST2 CRATE5 DEPOT1-2-2 LOADAREA DEPOT1) [D:1.0000; C:1.0000]
 419.0000: (DROP HOIST2 CRATE5 DEPOT1-2-2 LOADAREA DEPOT1) [D:1.0000; C:1.0000]
 420.0000: (LIFT HOIST2 CRATE5 DEPOT1-2-2 LOADAREA DEPOT1) [D:1.0000; C:1.0000]
 421.0000: (DROP HOIST2 CRATE5 DEPOT1-2-2 LOADAREA DEPOT1) [D:1.0000; C:1.0000]
 422.0000: (LIFT HOIST2 CRATE5 DEPOT1-2-2 LOADAREA DEPOT1) [D:1.0000; C:1.0000]
 423.0000: (DROP HOIST2 CRATE5 DEPOT1-2-2 LOADAREA DEPOT1) [D:1.0000; C:1.0000]
 424.0000: (GO-IN HOIST2 LOADAREA DEPOT2-2-3) [D:1.0000; C:1.0000]
 425.0000: (GO-OUT HOIST2 DEPOT2-2-3 LOADAREA) [D:1.0000; C:1.0000]
 426.0000: (LIFT HOIST2 CRATE10 CONTAINER-0-2 LOADAREA CONTAINER0) [D:1.0000; C:1.0000]
 427.0000: (DROP HOIST2 CRATE10 CONTAINER-0-1 LOADAREA CONTAINER0) [D:1.0000; C:1.0000]
 428.0000: (LIFT HOIST1 CRATE10 CONTAINER-0-1 LOADAREA CONTAINER0) [D:1.0000; C:1.0000]
 428.0000: (LIFT HOIST2 CRATE5 DEPOT1-2-2 LOADAREA DEPOT1) [D:1.0000; C:1.0000]
 429.0000: (DROP HOIST2 CRATE5 DEPOT1-2-2 LOADAREA DEPOT1) [D:1.0000; C:1.0000]
 430.0000: (GO-IN HOIST2 LOADAREA CONTAINER-2-3) [D:1.0000; C:1.0000]
 431.0000: (GO-OUT HOIST2 CONTAINER-2-3 LOADAREA) [D:1.0000; C:1.0000]
 432.0000: (LIFT HOIST2 CRATE5 DEPOT1-2-2 LOADAREA DEPOT1) [D:1.0000; C:1.0000]
 433.0000: (DROP HOIST1 CRATE10 DEPOT1-2-2 LOADAREA DEPOT1) [D:1.0000; C:1.0000]
 434.0000: (LIFT HOIST1 CRATE10 DEPOT1-2-2 LOADAREA DEPOT1) [D:1.0000; C:1.0000]
 435.0000: (DROP HOIST1 CRATE10 CONTAINER-0-0 LOADAREA CONTAINER0) [D:1.0000; C:1.0000]
 436.0000: (LIFT HOIST1 CRATE4 CONTAINER-2-2 LOADAREA CONTAINER2) [D:1.0000; C:1.0000]
 436.0000: (LIFT HOIST0 CRATE10 CONTAINER-0-0 LOADAREA CONTAINER0) [D:1.0000; C:1.0000]
 437.0000: (GO-IN HOIST1 LOADAREA DEPOT1-2-2) [D:1.0000; C:1.0000]
 437.0000: (GO-IN HOIST0 LOADAREA DEPOT2-2-3) [D:1.0000; C:1.0000]
 438.0000: (DROP HOIST1 CRATE4 DEPOT1-2-1 DEPOT1-2-2 DEPOT1) [D:1.0000; C:1.0000]
 438.0000: (MOVE HOIST0 DEPOT2-2-3 DEPOT2-2-2) [D:1.0000; C:1.0000]
 439.0000: (GO-OUT HOIST1 DEPOT1-2-2 LOADAREA) [D:1.0000; C:1.0000]
 439.0000: (MOVE HOIST0 DEPOT2-2-2 DEPOT2-2-1) [D:1.0000; C:1.0000]
 440.0000: (DROP HOIST2 CRATE5 DEPOT1-2-2 LOADAREA DEPOT1) [D:1.0000; C:1.0000]
 440.0000: (DROP HOIST0 CRATE10 DEPOT2-1-1 DEPOT2-2-1 DEPOT2) [D:1.0000; C:1.0000]


Solution found:
Total time:      417.02
Search time:     415.65
Actions:         609
Execution cost:  609.00
Duration:        441.000
Plan quality:    609.000


Parsing domain file:  domain 'STORAGE-PROPOSITIONAL' defined ... done.
Parsing problem file:  problem 'STORAGE-26' defined ... done.



Modality: Fast Planner

Number of actions             :   16600
Number of conditional actions :       0
Number of facts               :    1274


Analyzing Planning Problem:
	Temporal Planning Problem: NO
	Numeric Planning Problem: NO
	Problem with Timed Initial Litearals: NO
	Problem with Derived Predicates: NO

Evaluation function weights:
     Action duration 0.00; Action cost 1.00


Computing mutex... done

Preprocessing total time: 2.57 seconds

Searching ('.' = every 50 search steps):
........... search limit exceeded. Restart.
............. search limit exceeded. Restart.
............... search limit exceeded. Restart.
.................. search limit exceeded. Restart.
..................... search limit exceeded. Restart.
............... solution found: 

Plan computed:
   Time: (ACTION) [action Duration; action Cost]
 0.0000: (GO-OUT HOIST1 DEPOT0-2-2 LOADAREA) [D:1.0000; C:1.0000]
 0.0000: (GO-OUT HOIST4 DEPOT2-2-2 LOADAREA) [D:1.0000; C:1.0000]
 0.0000: (MOVE HOIST2 DEPOT1-1-4 DEPOT1-1-3) [D:1.0000; C:1.0000]
 0.0000: (MOVE HOIST3 DEPOT2-2-4 DEPOT2-2-3) [D:1.0000; C:1.0000]
 1.0000: (LIFT HOIST1 CRATE0 CONTAINER-0-0 LOADAREA CONTAINER0) [D:1.0000; C:1.0000]
 1.0000: (LIFT HOIST4 CRATE2 CONTAINER-0-2 LOADAREA CONTAINER0) [D:1.0000; C:1.0000]
 1.0000: (MOVE HOIST2 DEPOT1-1-3 DEPOT1-1-2) [D:1.0000; C:1.0000]
 2.0000: (GO-IN HOIST1 LOADAREA DEPOT0-2-2) [D:1.0000; C:1.0000]
 3.0000: (DROP HOIST1 CRATE0 DEPOT0-2-1 DEPOT0-2-2 DEPOT0) [D:1.0000; C:1.0000]
 4.0000: (GO-OUT HOIST1 DEPOT0-2-2 LOADAREA) [D:1.0000; C:1.0000]
 5.0000: (DROP HOIST4 CRATE2 DEPOT0-2-2 LOADAREA DEPOT0) [D:1.0000; C:1.0000]
 5.0000: (LIFT HOIST1 CRATE1 CONTAINER-0-1 LOADAREA CONTAINER0) [D:1.0000; C:1.0000]
 6.0000: (LIFT HOIST0 CRATE2 DEPOT0-2-2 DEPOT0-2-3 DEPOT0) [D:1.0000; C:1.0000]
 6.0000: (LIFT HOIST4 CRATE5 CONTAINER-1-1 LOADAREA CONTAINER1) [D:1.0000; C:1.0000]
 7.0000: (DROP HOIST0 CRATE2 DEPOT0-2-4 DEPOT0-2-3 DEPOT0) [D:1.0000; C:1.0000]
 7.0000: (DROP HOIST1 CRATE1 DEPOT0-2-2 LOADAREA DEPOT0) [D:1.0000; C:1.0000]
 8.0000: (LIFT HOIST1 CRATE3 CONTAINER-0-3 LOADAREA CONTAINER0) [D:1.0000; C:1.0000]
 8.0000: (LIFT HOIST0 CRATE1 DEPOT0-2-2 DEPOT0-2-3 DEPOT0) [D:1.0000; C:1.0000]
 9.0000: (DROP HOIST1 CRATE3 DEPOT0-2-2 LOADAREA DEPOT0) [D:1.0000; C:1.0000]
 9.0000: (DROP HOIST0 CRATE1 DEPOT0-1-3 DEPOT0-2-3 DEPOT0) [D:1.0000; C:1.0000]
 10.0000: (LIFT HOIST1 CRATE11 CONTAINER-2-3 LOADAREA CONTAINER2) [D:1.0000; C:1.0000]
 10.0000: (LIFT HOIST0 CRATE3 DEPOT0-2-2 DEPOT0-2-3 DEPOT0) [D:1.0000; C:1.0000]
 11.0000: (DROP HOIST1 CRATE11 CONTAINER-0-2 LOADAREA CONTAINER0) [D:1.0000; C:1.0000]
 11.0000: (MOVE HOIST0 DEPOT0-2-3 DEPOT0-2-2) [D:1.0000; C:1.0000]
 12.0000: (LIFT HOIST1 CRATE4 CONTAINER-1-0 LOADAREA CONTAINER1) [D:1.0000; C:1.0000]
 12.0000: (GO-OUT HOIST0 DEPOT0-2-2 LOADAREA) [D:1.0000; C:1.0000]
 13.0000: (GO-IN HOIST1 LOADAREA DEPOT1-2-4) [D:1.0000; C:1.0000]
 13.0000: (DROP HOIST0 CRATE3 CONTAINER-2-3 LOADAREA CONTAINER2) [D:1.0000; C:1.0000]
 14.0000: (MOVE HOIST1 DEPOT1-2-4 DEPOT1-1-4) [D:1.0000; C:1.0000]
 14.0000: (LIFT HOIST0 CRATE12 CONTAINER-3-0 LOADAREA CONTAINER3) [D:1.0000; C:1.0000]
 15.0000: (GO-IN HOIST4 LOADAREA DEPOT1-2-4) [D:1.0000; C:1.0000]
 15.0000: (DROP HOIST0 CRATE12 CONTAINER-1-0 LOADAREA CONTAINER1) [D:1.0000; C:1.0000]
 16.0000: (DROP HOIST4 CRATE5 DEPOT1-2-3 DEPOT1-2-4 DEPOT1) [D:1.0000; C:1.0000]
 16.0000: (LIFT HOIST0 CRATE8 CONTAINER-2-0 LOADAREA CONTAINER2) [D:1.0000; C:1.0000]
 17.0000: (GO-OUT HOIST4 DEPOT1-2-4 LOADAREA) [D:1.0000; C:1.0000]
 18.0000: (DROP HOIST1 CRATE4 DEPOT1-2-4 DEPOT1-1-4 DEPOT1) [D:1.0000; C:1.0000]
 18.0000: (LIFT HOIST4 CRATE6 CONTAINER-1-2 LOADAREA CONTAINER1) [D:1.0000; C:1.0000]
 19.0000: (LIFT HOIST1 CRATE4 DEPOT1-2-4 DEPOT1-1-4 DEPOT1) [D:1.0000; C:1.0000]
 20.0000: (DROP HOIST4 CRATE6 DEPOT1-2-4 LOADAREA DEPOT1) [D:1.0000; C:1.0000]
 20.0000: (DROP HOIST1 CRATE4 DEPOT1-1-3 DEPOT1-1-4 DEPOT1) [D:1.0000; C:1.0000]
 21.0000: (LIFT HOIST1 CRATE6 DEPOT1-2-4 DEPOT1-1-4 DEPOT1) [D:1.0000; C:1.0000]
 21.0000: (LIFT HOIST2 CRATE4 DEPOT1-1-3 DEPOT1-1-2 DEPOT1) [D:1.0000; C:1.0000]
 22.0000: (DROP HOIST1 CRATE6 DEPOT1-2-4 DEPOT1-1-4 DEPOT1) [D:1.0000; C:1.0000]
 22.0000: (DROP HOIST2 CRATE4 DEPOT1-2-2 DEPOT1-1-2 DEPOT1) [D:1.0000; C:1.0000]
 23.0000: (LIFT HOIST1 CRATE6 DEPOT1-2-4 DEPOT1-1-4 DEPOT1) [D:1.0000; C:1.0000]
 24.0000: (DROP HOIST1 CRATE6 DEPOT1-2-4 DEPOT1-1-4 DEPOT1) [D:1.0000; C:1.0000]
 25.0000: (LIFT HOIST1 CRATE6 DEPOT1-2-4 DEPOT1-1-4 DEPOT1) [D:1.0000; C:1.0000]
 26.0000: (DROP HOIST1 CRATE6 DEPOT1-2-4 DEPOT1-1-4 DEPOT1) [D:1.0000; C:1.0000]
 27.0000: (LIFT HOIST1 CRATE6 DEPOT1-2-4 DEPOT1-1-4 DEPOT1) [D:1.0000; C:1.0000]
 28.0000: (DROP HOIST1 CRATE6 DEPOT1-2-4 DEPOT1-1-4 DEPOT1) [D:1.0000; C:1.0000]
 29.0000: (LIFT HOIST1 CRATE6 DEPOT1-2-4 DEPOT1-1-4 DEPOT1) [D:1.0000; C:1.0000]
 30.0000: (DROP HOIST1 CRATE6 DEPOT1-2-4 DEPOT1-1-4 DEPOT1) [D:1.0000; C:1.0000]
 31.0000: (LIFT HOIST1 CRATE6 DEPOT1-2-4 DEPOT1-1-4 DEPOT1) [D:1.0000; C:1.0000]
 32.0000: (DROP HOIST1 CRATE6 DEPOT1-2-4 DEPOT1-1-4 DEPOT1) [D:1.0000; C:1.0000]
 33.0000: (LIFT HOIST1 CRATE6 DEPOT1-2-4 DEPOT1-1-4 DEPOT1) [D:1.0000; C:1.0000]
 34.0000: (DROP HOIST1 CRATE6 DEPOT1-2-4 DEPOT1-1-4 DEPOT1) [D:1.0000; C:1.0000]
 35.0000: (LIFT HOIST1 CRATE6 DEPOT1-2-4 DEPOT1-1-4 DEPOT1) [D:1.0000; C:1.0000]
 36.0000: (DROP HOIST1 CRATE6 DEPOT1-2-4 DEPOT1-1-4 DEPOT1) [D:1.0000; C:1.0000]
 37.0000: (LIFT HOIST1 CRATE6 DEPOT1-2-4 DEPOT1-1-4 DEPOT1) [D:1.0000; C:1.0000]
 38.0000: (DROP HOIST1 CRATE6 DEPOT1-2-4 DEPOT1-1-4 DEPOT1) [D:1.0000; C:1.0000]
 39.0000: (LIFT HOIST1 CRATE6 DEPOT1-2-4 DEPOT1-1-4 DEPOT1) [D:1.0000; C:1.0000]
 40.0000: (DROP HOIST1 CRATE6 DEPOT1-2-4 DEPOT1-1-4 DEPOT1) [D:1.0000; C:1.0000]
 41.0000: (LIFT HOIST1 CRATE6 DEPOT1-2-4 DEPOT1-1-4 DEPOT1) [D:1.0000; C:1.0000]
 42.0000: (DROP HOIST1 CRATE6 DEPOT1-2-4 DEPOT1-1-4 DEPOT1) [D:1.0000; C:1.0000]
 43.0000: (LIFT HOIST1 CRATE6 DEPOT1-2-4 DEPOT1-1-4 DEPOT1) [D:1.0000; C:1.0000]
 44.0000: (DROP HOIST1 CRATE6 DEPOT1-2-4 DEPOT1-1-4 DEPOT1) [D:1.0000; C:1.0000]
 45.0000: (LIFT HOIST1 CRATE6 DEPOT1-2-4 DEPOT1-1-4 DEPOT1) [D:1.0000; C:1.0000]
 46.0000: (DROP HOIST1 CRATE6 DEPOT1-2-4 DEPOT1-1-4 DEPOT1) [D:1.0000; C:1.0000]
 47.0000: (LIFT HOIST1 CRATE6 DEPOT1-2-4 DEPOT1-1-4 DEPOT1) [D:1.0000; C:1.0000]
 48.0000: (DROP HOIST1 CRATE6 DEPOT1-2-4 DEPOT1-1-4 DEPOT1) [D:1.0000; C:1.0000]
 49.0000: (LIFT HOIST1 CRATE6 DEPOT1-2-4 DEPOT1-1-4 DEPOT1) [D:1.0000; C:1.0000]
 50.0000: (DROP HOIST1 CRATE6 DEPOT1-2-4 DEPOT1-1-4 DEPOT1) [D:1.0000; C:1.0000]
 51.0000: (LIFT HOIST1 CRATE6 DEPOT1-2-4 DEPOT1-1-4 DEPOT1) [D:1.0000; C:1.0000]
 52.0000: (DROP HOIST1 CRATE6 DEPOT1-2-4 DEPOT1-1-4 DEPOT1) [D:1.0000; C:1.0000]
 53.0000: (LIFT HOIST1 CRATE6 DEPOT1-2-4 DEPOT1-1-4 DEPOT1) [D:1.0000; C:1.0000]
 54.0000: (DROP HOIST1 CRATE6 DEPOT1-2-4 DEPOT1-1-4 DEPOT1) [D:1.0000; C:1.0000]
 55.0000: (LIFT HOIST1 CRATE6 DEPOT1-2-4 DEPOT1-1-4 DEPOT1) [D:1.0000; C:1.0000]
 56.0000: (DROP HOIST1 CRATE6 DEPOT1-2-4 DEPOT1-1-4 DEPOT1) [D:1.0000; C:1.0000]
 57.0000: (LIFT HOIST1 CRATE6 DEPOT1-2-4 DEPOT1-1-4 DEPOT1) [D:1.0000; C:1.0000]
 58.0000: (DROP HOIST1 CRATE6 DEPOT1-2-4 DEPOT1-1-4 DEPOT1) [D:1.0000; C:1.0000]
 59.0000: (LIFT HOIST1 CRATE6 DEPOT1-2-4 DEPOT1-1-4 DEPOT1) [D:1.0000; C:1.0000]
 60.0000: (DROP HOIST1 CRATE6 DEPOT1-2-4 DEPOT1-1-4 DEPOT1) [D:1.0000; C:1.0000]
 61.0000: (LIFT HOIST1 CRATE6 DEPOT1-2-4 DEPOT1-1-4 DEPOT1) [D:1.0000; C:1.0000]
 62.0000: (DROP HOIST1 CRATE6 DEPOT1-2-4 DEPOT1-1-4 DEPOT1) [D:1.0000; C:1.0000]
 63.0000: (LIFT HOIST1 CRATE6 DEPOT1-2-4 DEPOT1-1-4 DEPOT1) [D:1.0000; C:1.0000]
 64.0000: (DROP HOIST1 CRATE6 DEPOT1-2-4 DEPOT1-1-4 DEPOT1) [D:1.0000; C:1.0000]
 65.0000: (LIFT HOIST1 CRATE6 DEPOT1-2-4 DEPOT1-1-4 DEPOT1) [D:1.0000; C:1.0000]
 66.0000: (DROP HOIST1 CRATE6 DEPOT1-2-4 DEPOT1-1-4 DEPOT1) [D:1.0000; C:1.0000]
 67.0000: (LIFT HOIST1 CRATE6 DEPOT1-2-4 DEPOT1-1-4 DEPOT1) [D:1.0000; C:1.0000]
 68.0000: (DROP HOIST1 CRATE6 DEPOT1-2-4 DEPOT1-1-4 DEPOT1) [D:1.0000; C:1.0000]
 69.0000: (LIFT HOIST1 CRATE6 DEPOT1-2-4 DEPOT1-1-4 DEPOT1) [D:1.0000; C:1.0000]
 70.0000: (DROP HOIST1 CRATE6 DEPOT1-2-4 DEPOT1-1-4 DEPOT1) [D:1.0000; C:1.0000]
 71.0000: (LIFT HOIST1 CRATE6 DEPOT1-2-4 DEPOT1-1-4 DEPOT1) [D:1.0000; C:1.0000]
 72.0000: (DROP HOIST1 CRATE6 DEPOT1-2-4 DEPOT1-1-4 DEPOT1) [D:1.0000; C:1.0000]
 73.0000: (LIFT HOIST1 CRATE6 DEPOT1-2-4 DEPOT1-1-4 DEPOT1) [D:1.0000; C:1.0000]
 74.0000: (DROP HOIST1 CRATE6 DEPOT1-2-4 DEPOT1-1-4 DEPOT1) [D:1.0000; C:1.0000]
 75.0000: (LIFT HOIST1 CRATE6 DEPOT1-2-4 DEPOT1-1-4 DEPOT1) [D:1.0000; C:1.0000]
 76.0000: (DROP HOIST1 CRATE6 DEPOT1-2-4 DEPOT1-1-4 DEPOT1) [D:1.0000; C:1.0000]
 77.0000: (LIFT HOIST1 CRATE6 DEPOT1-2-4 DEPOT1-1-4 DEPOT1) [D:1.0000; C:1.0000]
 78.0000: (DROP HOIST1 CRATE6 DEPOT1-2-4 DEPOT1-1-4 DEPOT1) [D:1.0000; C:1.0000]
 79.0000: (LIFT HOIST1 CRATE6 DEPOT1-2-4 DEPOT1-1-4 DEPOT1) [D:1.0000; C:1.0000]
 80.0000: (DROP HOIST1 CRATE6 DEPOT1-2-4 DEPOT1-1-4 DEPOT1) [D:1.0000; C:1.0000]
 81.0000: (LIFT HOIST1 CRATE6 DEPOT1-2-4 DEPOT1-1-4 DEPOT1) [D:1.0000; C:1.0000]
 82.0000: (DROP HOIST1 CRATE6 DEPOT1-2-4 DEPOT1-1-4 DEPOT1) [D:1.0000; C:1.0000]
 83.0000: (LIFT HOIST1 CRATE6 DEPOT1-2-4 DEPOT1-1-4 DEPOT1) [D:1.0000; C:1.0000]
 84.0000: (DROP HOIST1 CRATE6 DEPOT1-2-4 DEPOT1-1-4 DEPOT1) [D:1.0000; C:1.0000]
 85.0000: (LIFT HOIST1 CRATE6 DEPOT1-2-4 DEPOT1-1-4 DEPOT1) [D:1.0000; C:1.0000]
 86.0000: (DROP HOIST1 CRATE6 DEPOT1-2-4 DEPOT1-1-4 DEPOT1) [D:1.0000; C:1.0000]
 87.0000: (LIFT HOIST1 CRATE6 DEPOT1-2-4 DEPOT1-1-4 DEPOT1) [D:1.0000; C:1.0000]
 88.0000: (DROP HOIST1 CRATE6 DEPOT1-2-4 DEPOT1-1-4 DEPOT1) [D:1.0000; C:1.0000]
 89.0000: (LIFT HOIST1 CRATE6 DEPOT1-2-4 DEPOT1-1-4 DEPOT1) [D:1.0000; C:1.0000]
 90.0000: (DROP HOIST1 CRATE6 DEPOT1-2-4 DEPOT1-1-4 DEPOT1) [D:1.0000; C:1.0000]
 91.0000: (LIFT HOIST1 CRATE6 DEPOT1-2-4 DEPOT1-1-4 DEPOT1) [D:1.0000; C:1.0000]
 92.0000: (DROP HOIST1 CRATE6 DEPOT1-2-4 DEPOT1-1-4 DEPOT1) [D:1.0000; C:1.0000]
 93.0000: (LIFT HOIST1 CRATE6 DEPOT1-2-4 DEPOT1-1-4 DEPOT1) [D:1.0000; C:1.0000]
 94.0000: (DROP HOIST1 CRATE6 DEPOT1-2-4 DEPOT1-1-4 DEPOT1) [D:1.0000; C:1.0000]
 95.0000: (LIFT HOIST1 CRATE6 DEPOT1-2-4 DEPOT1-1-4 DEPOT1) [D:1.0000; C:1.0000]
 96.0000: (DROP HOIST1 CRATE6 DEPOT1-2-4 DEPOT1-1-4 DEPOT1) [D:1.0000; C:1.0000]
 97.0000: (LIFT HOIST1 CRATE6 DEPOT1-2-4 DEPOT1-1-4 DEPOT1) [D:1.0000; C:1.0000]
 98.0000: (DROP HOIST1 CRATE6 DEPOT1-2-4 DEPOT1-1-4 DEPOT1) [D:1.0000; C:1.0000]
 99.0000: (LIFT HOIST1 CRATE6 DEPOT1-2-4 DEPOT1-1-4 DEPOT1) [D:1.0000; C:1.0000]
 100.0000: (DROP HOIST1 CRATE6 DEPOT1-2-4 DEPOT1-1-4 DEPOT1) [D:1.0000; C:1.0000]
 101.0000: (LIFT HOIST1 CRATE6 DEPOT1-2-4 DEPOT1-1-4 DEPOT1) [D:1.0000; C:1.0000]
 102.0000: (DROP HOIST1 CRATE6 DEPOT1-2-4 DEPOT1-1-4 DEPOT1) [D:1.0000; C:1.0000]
 103.0000: (LIFT HOIST4 CRATE6 DEPOT1-2-4 LOADAREA DEPOT1) [D:1.0000; C:1.0000]
 104.0000: (DROP HOIST4 CRATE6 DEPOT1-2-4 LOADAREA DEPOT1) [D:1.0000; C:1.0000]
 105.0000: (LIFT HOIST4 CRATE7 CONTAINER-1-3 LOADAREA CONTAINER1) [D:1.0000; C:1.0000]
 105.0000: (LIFT HOIST1 CRATE6 DEPOT1-2-4 DEPOT1-1-4 DEPOT1) [D:1.0000; C:1.0000]
 106.0000: (DROP HOIST1 CRATE6 DEPOT1-2-4 DEPOT1-1-4 DEPOT1) [D:1.0000; C:1.0000]
 107.0000: (LIFT HOIST1 CRATE6 DEPOT1-2-4 DEPOT1-1-4 DEPOT1) [D:1.0000; C:1.0000]
 108.0000: (DROP HOIST1 CRATE6 DEPOT1-2-4 DEPOT1-1-4 DEPOT1) [D:1.0000; C:1.0000]
 109.0000: (LIFT HOIST1 CRATE6 DEPOT1-2-4 DEPOT1-1-4 DEPOT1) [D:1.0000; C:1.0000]
 110.0000: (DROP HOIST1 CRATE6 DEPOT1-2-4 DEPOT1-1-4 DEPOT1) [D:1.0000; C:1.0000]
 111.0000: (LIFT HOIST1 CRATE6 DEPOT1-2-4 DEPOT1-1-4 DEPOT1) [D:1.0000; C:1.0000]
 112.0000: (DROP HOIST1 CRATE6 DEPOT1-2-4 DEPOT1-1-4 DEPOT1) [D:1.0000; C:1.0000]
 113.0000: (LIFT HOIST1 CRATE6 DEPOT1-2-4 DEPOT1-1-4 DEPOT1) [D:1.0000; C:1.0000]
 114.0000: (DROP HOIST1 CRATE6 DEPOT1-2-4 DEPOT1-1-4 DEPOT1) [D:1.0000; C:1.0000]
 115.0000: (LIFT HOIST1 CRATE6 DEPOT1-2-4 DEPOT1-1-4 DEPOT1) [D:1.0000; C:1.0000]
 116.0000: (DROP HOIST1 CRATE6 DEPOT1-2-4 DEPOT1-1-4 DEPOT1) [D:1.0000; C:1.0000]
 117.0000: (LIFT HOIST1 CRATE6 DEPOT1-2-4 DEPOT1-1-4 DEPOT1) [D:1.0000; C:1.0000]
 118.0000: (DROP HOIST1 CRATE6 DEPOT1-2-4 DEPOT1-1-4 DEPOT1) [D:1.0000; C:1.0000]
 119.0000: (LIFT HOIST1 CRATE6 DEPOT1-2-4 DEPOT1-1-4 DEPOT1) [D:1.0000; C:1.0000]
 120.0000: (MOVE HOIST1 DEPOT1-1-4 DEPOT1-1-3) [D:1.0000; C:1.0000]
 120.0000: (DROP HOIST4 CRATE7 DEPOT1-2-4 LOADAREA DEPOT1) [D:1.0000; C:1.0000]
 121.0000: (DROP HOIST1 CRATE6 DEPOT1-1-4 DEPOT1-1-3 DEPOT1) [D:1.0000; C:1.0000]
 121.0000: (LIFT HOIST4 CRATE11 CONTAINER-0-2 LOADAREA CONTAINER0) [D:1.0000; C:1.0000]
 122.0000: (GO-IN HOIST4 LOADAREA DEPOT2-2-2) [D:1.0000; C:1.0000]
 123.0000: (MOVE HOIST4 DEPOT2-2-2 DEPOT2-2-1) [D:1.0000; C:1.0000]
 124.0000: (DROP HOIST4 CRATE11 DEPOT2-1-1 DEPOT2-2-1 DEPOT2) [D:1.0000; C:1.0000]
 124.0000: (DROP HOIST0 CRATE8 DEPOT2-2-2 LOADAREA DEPOT2) [D:1.0000; C:1.0000]
 125.0000: (LIFT HOIST0 CRATE8 DEPOT2-2-2 LOADAREA DEPOT2) [D:1.0000; C:1.0000]
 126.0000: (DROP HOIST0 CRATE8 CONTAINER-0-2 LOADAREA CONTAINER0) [D:1.0000; C:1.0000]
 126.0000: (MOVE HOIST3 DEPOT2-2-3 DEPOT2-2-2) [D:1.0000; C:1.0000]
 127.0000: (LIFT HOIST0 CRATE3 CONTAINER-2-3 LOADAREA CONTAINER2) [D:1.0000; C:1.0000]
 127.0000: (GO-OUT HOIST3 DEPOT2-2-2 LOADAREA) [D:1.0000; C:1.0000]
 128.0000: (GO-IN HOIST3 LOADAREA DEPOT2-2-2) [D:1.0000; C:1.0000]
 128.0000: (DROP HOIST0 CRATE3 DEPOT0-2-2 LOADAREA DEPOT0) [D:1.0000; C:1.0000]
 129.0000: (MOVE HOIST3 DEPOT2-2-2 DEPOT2-2-3) [D:1.0000; C:1.0000]
 129.0000: (LIFT HOIST0 CRATE8 CONTAINER-0-2 LOADAREA CONTAINER0) [D:1.0000; C:1.0000]
 130.0000: (MOVE HOIST3 DEPOT2-2-3 DEPOT2-2-2) [D:1.0000; C:1.0000]
 131.0000: (GO-OUT HOIST3 DEPOT2-2-2 LOADAREA) [D:1.0000; C:1.0000]
 132.0000: (LIFT HOIST3 CRATE10 CONTAINER-2-2 LOADAREA CONTAINER2) [D:1.0000; C:1.0000]
 133.0000: (GO-IN HOIST3 LOADAREA DEPOT2-2-2) [D:1.0000; C:1.0000]
 134.0000: (MOVE HOIST3 DEPOT2-2-2 DEPOT2-1-2) [D:1.0000; C:1.0000]
 135.0000: (MOVE HOIST3 DEPOT2-1-2 DEPOT2-1-3) [D:1.0000; C:1.0000]
 136.0000: (MOVE HOIST3 DEPOT2-1-3 DEPOT2-2-3) [D:1.0000; C:1.0000]
 137.0000: (MOVE HOIST3 DEPOT2-2-3 DEPOT2-2-2) [D:1.0000; C:1.0000]
 138.0000: (DROP HOIST3 CRATE10 DEPOT2-1-2 DEPOT2-2-2 DEPOT2) [D:1.0000; C:1.0000]
 139.0000: (GO-OUT HOIST3 DEPOT2-2-2 LOADAREA) [D:1.0000; C:1.0000]
 140.0000: (LIFT HOIST3 CRATE9 CONTAINER-2-1 LOADAREA CONTAINER2) [D:1.0000; C:1.0000]
 140.0000: (MOVE HOIST4 DEPOT2-2-1 DEPOT2-2-2) [D:1.0000; C:1.0000]
 141.0000: (GO-OUT HOIST4 DEPOT2-2-2 LOADAREA) [D:1.0000; C:1.0000]
 142.0000: (GO-IN HOIST4 LOADAREA DEPOT3-2-1) [D:1.0000; C:1.0000]
 142.0000: (DROP HOIST3 CRATE9 DEPOT2-2-2 LOADAREA DEPOT2) [D:1.0000; C:1.0000]
 143.0000: (MOVE HOIST4 DEPOT3-2-1 DEPOT3-2-2) [D:1.0000; C:1.0000]
 143.0000: (LIFT HOIST3 CRATE9 DEPOT2-2-2 LOADAREA DEPOT2) [D:1.0000; C:1.0000]
 144.0000: (GO-IN HOIST3 LOADAREA DEPOT2-2-2) [D:1.0000; C:1.0000]
 145.0000: (MOVE HOIST3 DEPOT2-2-2 DEPOT2-2-3) [D:1.0000; C:1.0000]
 146.0000: (DROP HOIST0 CRATE8 DEPOT2-2-2 LOADAREA DEPOT2) [D:1.0000; C:1.0000]
 146.0000: (MOVE HOIST3 DEPOT2-2-3 DEPOT2-2-4) [D:1.0000; C:1.0000]
 147.0000: (LIFT HOIST0 CRATE12 CONTAINER-1-0 LOADAREA CONTAINER1) [D:1.0000; C:1.0000]
 147.0000: (MOVE HOIST3 DEPOT2-2-4 DEPOT2-2-3) [D:1.0000; C:1.0000]
 148.0000: (DROP HOIST0 CRATE12 DEPOT3-2-1 LOADAREA DEPOT3) [D:1.0000; C:1.0000]
 148.0000: (MOVE HOIST3 DEPOT2-2-3 DEPOT2-2-4) [D:1.0000; C:1.0000]
 149.0000: (LIFT HOIST0 CRATE12 DEPOT3-2-1 LOADAREA DEPOT3) [D:1.0000; C:1.0000]
 149.0000: (MOVE HOIST3 DEPOT2-2-4 DEPOT2-2-3) [D:1.0000; C:1.0000]
 150.0000: (DROP HOIST0 CRATE12 CONTAINER-0-1 LOADAREA CONTAINER0) [D:1.0000; C:1.0000]
 150.0000: (MOVE HOIST3 DEPOT2-2-3 DEPOT2-2-4) [D:1.0000; C:1.0000]
 151.0000: (LIFT HOIST0 CRATE13 CONTAINER-3-1 LOADAREA CONTAINER3) [D:1.0000; C:1.0000]
 151.0000: (MOVE HOIST3 DEPOT2-2-4 DEPOT2-1-4) [D:1.0000; C:1.0000]
 152.0000: (DROP HOIST0 CRATE13 DEPOT3-2-1 LOADAREA DEPOT3) [D:1.0000; C:1.0000]
 152.0000: (MOVE HOIST3 DEPOT2-1-4 DEPOT2-2-4) [D:1.0000; C:1.0000]
 153.0000: (LIFT HOIST0 CRATE13 DEPOT3-2-1 LOADAREA DEPOT3) [D:1.0000; C:1.0000]
 153.0000: (MOVE HOIST3 DEPOT2-2-4 DEPOT2-1-4) [D:1.0000; C:1.0000]
 154.0000: (DROP HOIST0 CRATE13 CONTAINER-1-0 LOADAREA CONTAINER1) [D:1.0000; C:1.0000]
 154.0000: (MOVE HOIST3 DEPOT2-1-4 DEPOT2-2-4) [D:1.0000; C:1.0000]
 155.0000: (LIFT HOIST0 CRATE12 CONTAINER-0-1 LOADAREA CONTAINER0) [D:1.0000; C:1.0000]
 155.0000: (MOVE HOIST3 DEPOT2-2-4 DEPOT2-2-3) [D:1.0000; C:1.0000]
 156.0000: (DROP HOIST0 CRATE12 DEPOT3-2-1 LOADAREA DEPOT3) [D:1.0000; C:1.0000]
 156.0000: (MOVE HOIST3 DEPOT2-2-3 DEPOT2-2-4) [D:1.0000; C:1.0000]
 157.0000: (LIFT HOIST0 CRATE12 DEPOT3-2-1 LOADAREA DEPOT3) [D:1.0000; C:1.0000]
 157.0000: (MOVE HOIST3 DEPOT2-2-4 DEPOT2-2-3) [D:1.0000; C:1.0000]
 158.0000: (DROP HOIST0 CRATE12 CONTAINER-1-3 LOADAREA CONTAINER1) [D:1.0000; C:1.0000]
 158.0000: (MOVE HOIST3 DEPOT2-2-3 DEPOT2-2-4) [D:1.0000; C:1.0000]
 159.0000: (LIFT HOIST0 CRATE13 CONTAINER-1-0 LOADAREA CONTAINER1) [D:1.0000; C:1.0000]
 159.0000: (MOVE HOIST3 DEPOT2-2-4 DEPOT2-2-3) [D:1.0000; C:1.0000]
 160.0000: (DROP HOIST0 CRATE13 DEPOT3-2-1 LOADAREA DEPOT3) [D:1.0000; C:1.0000]
 160.0000: (MOVE HOIST3 DEPOT2-2-3 DEPOT2-2-4) [D:1.0000; C:1.0000]
 161.0000: (LIFT HOIST0 CRATE13 DEPOT3-2-1 LOADAREA DEPOT3) [D:1.0000; C:1.0000]
 161.0000: (MOVE HOIST3 DEPOT2-2-4 DEPOT2-1-4) [D:1.0000; C:1.0000]
 162.0000: (DROP HOIST0 CRATE13 CONTAINER-2-2 LOADAREA CONTAINER2) [D:1.0000; C:1.0000]
 162.0000: (MOVE HOIST3 DEPOT2-1-4 DEPOT2-2-4) [D:1.0000; C:1.0000]
 163.0000: (LIFT HOIST0 CRATE12 CONTAINER-1-3 LOADAREA CONTAINER1) [D:1.0000; C:1.0000]
 163.0000: (MOVE HOIST3 DEPOT2-2-4 DEPOT2-1-4) [D:1.0000; C:1.0000]
 164.0000: (DROP HOIST0 CRATE12 DEPOT3-2-1 LOADAREA DEPOT3) [D:1.0000; C:1.0000]
 164.0000: (MOVE HOIST3 DEPOT2-1-4 DEPOT2-2-4) [D:1.0000; C:1.0000]
 165.0000: (LIFT HOIST0 CRATE12 DEPOT3-2-1 LOADAREA DEPOT3) [D:1.0000; C:1.0000]
 165.0000: (MOVE HOIST3 DEPOT2-2-4 DEPOT2-2-3) [D:1.0000; C:1.0000]
 166.0000: (DROP HOIST0 CRATE12 CONTAINER-1-2 LOADAREA CONTAINER1) [D:1.0000; C:1.0000]
 166.0000: (MOVE HOIST3 DEPOT2-2-3 DEPOT2-2-4) [D:1.0000; C:1.0000]
 167.0000: (LIFT HOIST0 CRATE13 CONTAINER-2-2 LOADAREA CONTAINER2) [D:1.0000; C:1.0000]
 167.0000: (MOVE HOIST3 DEPOT2-2-4 DEPOT2-2-3) [D:1.0000; C:1.0000]
 168.0000: (DROP HOIST0 CRATE13 DEPOT3-2-1 LOADAREA DEPOT3) [D:1.0000; C:1.0000]
 168.0000: (MOVE HOIST3 DEPOT2-2-3 DEPOT2-2-4) [D:1.0000; C:1.0000]
 169.0000: (LIFT HOIST0 CRATE13 DEPOT3-2-1 LOADAREA DEPOT3) [D:1.0000; C:1.0000]
 169.0000: (MOVE HOIST3 DEPOT2-2-4 DEPOT2-2-3) [D:1.0000; C:1.0000]
 170.0000: (DROP HOIST0 CRATE13 CONTAINER-0-0 LOADAREA CONTAINER0) [D:1.0000; C:1.0000]
 170.0000: (MOVE HOIST3 DEPOT2-2-3 DEPOT2-2-4) [D:1.0000; C:1.0000]
 171.0000: (LIFT HOIST0 CRATE12 CONTAINER-1-2 LOADAREA CONTAINER1) [D:1.0000; C:1.0000]
 171.0000: (MOVE HOIST3 DEPOT2-2-4 DEPOT2-1-4) [D:1.0000; C:1.0000]
 172.0000: (DROP HOIST0 CRATE12 DEPOT3-2-1 LOADAREA DEPOT3) [D:1.0000; C:1.0000]
 172.0000: (MOVE HOIST3 DEPOT2-1-4 DEPOT2-2-4) [D:1.0000; C:1.0000]
 173.0000: (LIFT HOIST0 CRATE12 DEPOT3-2-1 LOADAREA DEPOT3) [D:1.0000; C:1.0000]
 173.0000: (MOVE HOIST3 DEPOT2-2-4 DEPOT2-2-3) [D:1.0000; C:1.0000]
 174.0000: (DROP HOIST0 CRATE12 CONTAINER-2-0 LOADAREA CONTAINER2) [D:1.0000; C:1.0000]
 174.0000: (MOVE HOIST3 DEPOT2-2-3 DEPOT2-2-4) [D:1.0000; C:1.0000]
 175.0000: (LIFT HOIST0 CRATE13 CONTAINER-0-0 LOADAREA CONTAINER0) [D:1.0000; C:1.0000]
 175.0000: (MOVE HOIST3 DEPOT2-2-4 DEPOT2-1-4) [D:1.0000; C:1.0000]
 176.0000: (DROP HOIST0 CRATE13 DEPOT3-2-1 LOADAREA DEPOT3) [D:1.0000; C:1.0000]
 176.0000: (MOVE HOIST3 DEPOT2-1-4 DEPOT2-2-4) [D:1.0000; C:1.0000]
 177.0000: (LIFT HOIST0 CRATE13 DEPOT3-2-1 LOADAREA DEPOT3) [D:1.0000; C:1.0000]
 177.0000: (MOVE HOIST3 DEPOT2-2-4 DEPOT2-2-3) [D:1.0000; C:1.0000]
 178.0000: (DROP HOIST0 CRATE13 CONTAINER-1-3 LOADAREA CONTAINER1) [D:1.0000; C:1.0000]
 178.0000: (MOVE HOIST3 DEPOT2-2-3 DEPOT2-1-3) [D:1.0000; C:1.0000]
 179.0000: (LIFT HOIST0 CRATE12 CONTAINER-2-0 LOADAREA CONTAINER2) [D:1.0000; C:1.0000]
 179.0000: (MOVE HOIST3 DEPOT2-1-3 DEPOT2-2-3) [D:1.0000; C:1.0000]
 180.0000: (DROP HOIST0 CRATE12 DEPOT3-2-1 LOADAREA DEPOT3) [D:1.0000; C:1.0000]
 180.0000: (MOVE HOIST3 DEPOT2-2-3 DEPOT2-1-3) [D:1.0000; C:1.0000]
 181.0000: (LIFT HOIST0 CRATE12 DEPOT3-2-1 LOADAREA DEPOT3) [D:1.0000; C:1.0000]
 181.0000: (DROP HOIST3 CRATE9 DEPOT2-1-4 DEPOT2-1-3 DEPOT2) [D:1.0000; C:1.0000]
 182.0000: (DROP HOIST0 CRATE12 CONTAINER-2-3 LOADAREA CONTAINER2) [D:1.0000; C:1.0000]
 183.0000: (LIFT HOIST0 CRATE13 CONTAINER-1-3 LOADAREA CONTAINER1) [D:1.0000; C:1.0000]
 184.0000: (DROP HOIST0 CRATE13 DEPOT3-2-1 LOADAREA DEPOT3) [D:1.0000; C:1.0000]
 185.0000: (LIFT HOIST0 CRATE13 DEPOT3-2-1 LOADAREA DEPOT3) [D:1.0000; C:1.0000]
 186.0000: (DROP HOIST0 CRATE13 CONTAINER-2-1 LOADAREA CONTAINER2) [D:1.0000; C:1.0000]
 187.0000: (LIFT HOIST0 CRATE12 CONTAINER-2-3 LOADAREA CONTAINER2) [D:1.0000; C:1.0000]
 188.0000: (DROP HOIST0 CRATE12 DEPOT3-2-1 LOADAREA DEPOT3) [D:1.0000; C:1.0000]
 189.0000: (LIFT HOIST0 CRATE12 DEPOT3-2-1 LOADAREA DEPOT3) [D:1.0000; C:1.0000]
 190.0000: (DROP HOIST0 CRATE12 CONTAINER-3-0 LOADAREA CONTAINER3) [D:1.0000; C:1.0000]
 191.0000: (LIFT HOIST0 CRATE13 CONTAINER-2-1 LOADAREA CONTAINER2) [D:1.0000; C:1.0000]
 192.0000: (DROP HOIST0 CRATE13 DEPOT3-2-1 LOADAREA DEPOT3) [D:1.0000; C:1.0000]
 193.0000: (LIFT HOIST0 CRATE13 DEPOT3-2-1 LOADAREA DEPOT3) [D:1.0000; C:1.0000]
 194.0000: (DROP HOIST0 CRATE13 CONTAINER-0-0 LOADAREA CONTAINER0) [D:1.0000; C:1.0000]
 195.0000: (LIFT HOIST0 CRATE15 CONTAINER-3-3 LOADAREA CONTAINER3) [D:1.0000; C:1.0000]
 196.0000: (DROP HOIST0 CRATE15 CONTAINER-1-0 LOADAREA CONTAINER1) [D:1.0000; C:1.0000]
 197.0000: (LIFT HOIST0 CRATE12 CONTAINER-3-0 LOADAREA CONTAINER3) [D:1.0000; C:1.0000]
 198.0000: (DROP HOIST0 CRATE12 DEPOT3-2-1 LOADAREA DEPOT3) [D:1.0000; C:1.0000]
 199.0000: (LIFT HOIST0 CRATE12 DEPOT3-2-1 LOADAREA DEPOT3) [D:1.0000; C:1.0000]
 200.0000: (DROP HOIST0 CRATE12 CONTAINER-3-3 LOADAREA CONTAINER3) [D:1.0000; C:1.0000]
 201.0000: (LIFT HOIST0 CRATE13 CONTAINER-0-0 LOADAREA CONTAINER0) [D:1.0000; C:1.0000]
 202.0000: (DROP HOIST0 CRATE13 DEPOT3-2-1 LOADAREA DEPOT3) [D:1.0000; C:1.0000]
 203.0000: (LIFT HOIST0 CRATE13 DEPOT3-2-1 LOADAREA DEPOT3) [D:1.0000; C:1.0000]
 204.0000: (DROP HOIST0 CRATE13 CONTAINER-0-2 LOADAREA CONTAINER0) [D:1.0000; C:1.0000]
 205.0000: (LIFT HOIST0 CRATE12 CONTAINER-3-3 LOADAREA CONTAINER3) [D:1.0000; C:1.0000]
 206.0000: (DROP HOIST0 CRATE12 DEPOT3-2-1 LOADAREA DEPOT3) [D:1.0000; C:1.0000]
 207.0000: (LIFT HOIST0 CRATE12 DEPOT3-2-1 LOADAREA DEPOT3) [D:1.0000; C:1.0000]
 208.0000: (DROP HOIST0 CRATE12 CONTAINER-1-3 LOADAREA CONTAINER1) [D:1.0000; C:1.0000]
 209.0000: (LIFT HOIST0 CRATE13 CONTAINER-0-2 LOADAREA CONTAINER0) [D:1.0000; C:1.0000]
 210.0000: (DROP HOIST0 CRATE13 DEPOT3-2-1 LOADAREA DEPOT3) [D:1.0000; C:1.0000]
 211.0000: (LIFT HOIST0 CRATE13 DEPOT3-2-1 LOADAREA DEPOT3) [D:1.0000; C:1.0000]
 212.0000: (DROP HOIST0 CRATE13 CONTAINER-3-3 LOADAREA CONTAINER3) [D:1.0000; C:1.0000]
 213.0000: (LIFT HOIST0 CRATE12 CONTAINER-1-3 LOADAREA CONTAINER1) [D:1.0000; C:1.0000]
 214.0000: (DROP HOIST0 CRATE12 DEPOT3-2-1 LOADAREA DEPOT3) [D:1.0000; C:1.0000]
 215.0000: (LIFT HOIST0 CRATE12 DEPOT3-2-1 LOADAREA DEPOT3) [D:1.0000; C:1.0000]
 216.0000: (DROP HOIST0 CRATE12 CONTAINER-0-2 LOADAREA CONTAINER0) [D:1.0000; C:1.0000]
 217.0000: (LIFT HOIST0 CRATE13 CONTAINER-3-3 LOADAREA CONTAINER3) [D:1.0000; C:1.0000]
 218.0000: (DROP HOIST0 CRATE13 DEPOT3-2-1 LOADAREA DEPOT3) [D:1.0000; C:1.0000]
 219.0000: (LIFT HOIST0 CRATE13 DEPOT3-2-1 LOADAREA DEPOT3) [D:1.0000; C:1.0000]
 220.0000: (DROP HOIST0 CRATE13 CONTAINER-2-2 LOADAREA CONTAINER2) [D:1.0000; C:1.0000]
 221.0000: (LIFT HOIST0 CRATE14 CONTAINER-3-2 LOADAREA CONTAINER3) [D:1.0000; C:1.0000]
 222.0000: (DROP HOIST0 CRATE14 CONTAINER-3-3 LOADAREA CONTAINER3) [D:1.0000; C:1.0000]
 223.0000: (LIFT HOIST0 CRATE12 CONTAINER-0-2 LOADAREA CONTAINER0) [D:1.0000; C:1.0000]
 224.0000: (DROP HOIST0 CRATE12 DEPOT3-2-1 LOADAREA DEPOT3) [D:1.0000; C:1.0000]
 225.0000: (LIFT HOIST0 CRATE12 DEPOT3-2-1 LOADAREA DEPOT3) [D:1.0000; C:1.0000]
 226.0000: (DROP HOIST0 CRATE12 CONTAINER-0-2 LOADAREA CONTAINER0) [D:1.0000; C:1.0000]
 227.0000: (LIFT HOIST0 CRATE13 CONTAINER-2-2 LOADAREA CONTAINER2) [D:1.0000; C:1.0000]
 228.0000: (DROP HOIST0 CRATE13 DEPOT3-2-1 LOADAREA DEPOT3) [D:1.0000; C:1.0000]
 229.0000: (LIFT HOIST0 CRATE13 DEPOT3-2-1 LOADAREA DEPOT3) [D:1.0000; C:1.0000]
 230.0000: (DROP HOIST0 CRATE13 CONTAINER-1-3 LOADAREA CONTAINER1) [D:1.0000; C:1.0000]
 231.0000: (LIFT HOIST0 CRATE12 CONTAINER-0-2 LOADAREA CONTAINER0) [D:1.0000; C:1.0000]
 232.0000: (DROP HOIST0 CRATE12 DEPOT3-2-1 LOADAREA DEPOT3) [D:1.0000; C:1.0000]
 233.0000: (LIFT HOIST0 CRATE12 DEPOT3-2-1 LOADAREA DEPOT3) [D:1.0000; C:1.0000]
 234.0000: (DROP HOIST0 CRATE12 CONTAINER-0-0 LOADAREA CONTAINER0) [D:1.0000; C:1.0000]
 235.0000: (LIFT HOIST0 CRATE13 CONTAINER-1-3 LOADAREA CONTAINER1) [D:1.0000; C:1.0000]
 236.0000: (DROP HOIST0 CRATE13 DEPOT3-2-1 LOADAREA DEPOT3) [D:1.0000; C:1.0000]
 237.0000: (LIFT HOIST0 CRATE13 DEPOT3-2-1 LOADAREA DEPOT3) [D:1.0000; C:1.0000]
 238.0000: (DROP HOIST0 CRATE13 CONTAINER-1-3 LOADAREA CONTAINER1) [D:1.0000; C:1.0000]
 239.0000: (LIFT HOIST0 CRATE12 CONTAINER-0-0 LOADAREA CONTAINER0) [D:1.0000; C:1.0000]
 240.0000: (DROP HOIST0 CRATE12 DEPOT3-2-1 LOADAREA DEPOT3) [D:1.0000; C:1.0000]
 241.0000: (LIFT HOIST0 CRATE12 DEPOT3-2-1 LOADAREA DEPOT3) [D:1.0000; C:1.0000]
 242.0000: (DROP HOIST0 CRATE12 CONTAINER-0-0 LOADAREA CONTAINER0) [D:1.0000; C:1.0000]
 243.0000: (LIFT HOIST0 CRATE13 CONTAINER-1-3 LOADAREA CONTAINER1) [D:1.0000; C:1.0000]
 244.0000: (DROP HOIST0 CRATE13 DEPOT3-2-1 LOADAREA DEPOT3) [D:1.0000; C:1.0000]
 245.0000: (LIFT HOIST0 CRATE13 DEPOT3-2-1 LOADAREA DEPOT3) [D:1.0000; C:1.0000]
 246.0000: (DROP HOIST0 CRATE13 CONTAINER-3-1 LOADAREA CONTAINER3) [D:1.0000; C:1.0000]
 247.0000: (LIFT HOIST0 CRATE12 CONTAINER-0-0 LOADAREA CONTAINER0) [D:1.0000; C:1.0000]
 248.0000: (DROP HOIST0 CRATE12 DEPOT3-2-1 LOADAREA DEPOT3) [D:1.0000; C:1.0000]
 249.0000: (LIFT HOIST0 CRATE12 DEPOT3-2-1 LOADAREA DEPOT3) [D:1.0000; C:1.0000]
 250.0000: (DROP HOIST0 CRATE12 CONTAINER-1-3 LOADAREA CONTAINER1) [D:1.0000; C:1.0000]
 251.0000: (LIFT HOIST0 CRATE13 CONTAINER-3-1 LOADAREA CONTAINER3) [D:1.0000; C:1.0000]
 252.0000: (DROP HOIST0 CRATE13 DEPOT3-2-1 LOADAREA DEPOT3) [D:1.0000; C:1.0000]
 253.0000: (LIFT HOIST0 CRATE13 DEPOT3-2-1 LOADAREA DEPOT3) [D:1.0000; C:1.0000]
 254.0000: (DROP HOIST0 CRATE13 CONTAINER-3-0 LOADAREA CONTAINER3) [D:1.0000; C:1.0000]
 255.0000: (LIFT HOIST0 CRATE12 CONTAINER-1-3 LOADAREA CONTAINER1) [D:1.0000; C:1.0000]
 256.0000: (DROP HOIST0 CRATE12 DEPOT3-2-1 LOADAREA DEPOT3) [D:1.0000; C:1.0000]
 257.0000: (LIFT HOIST0 CRATE12 DEPOT3-2-1 LOADAREA DEPOT3) [D:1.0000; C:1.0000]
 258.0000: (DROP HOIST0 CRATE12 CONTAINER-1-1 LOADAREA CONTAINER1) [D:1.0000; C:1.0000]
 259.0000: (LIFT HOIST0 CRATE13 CONTAINER-3-0 LOADAREA CONTAINER3) [D:1.0000; C:1.0000]
 260.0000: (DROP HOIST0 CRATE13 DEPOT3-2-1 LOADAREA DEPOT3) [D:1.0000; C:1.0000]
 261.0000: (LIFT HOIST0 CRATE13 DEPOT3-2-1 LOADAREA DEPOT3) [D:1.0000; C:1.0000]
 262.0000: (DROP HOIST0 CRATE13 CONTAINER-2-1 LOADAREA CONTAINER2) [D:1.0000; C:1.0000]
 263.0000: (LIFT HOIST0 CRATE12 CONTAINER-1-1 LOADAREA CONTAINER1) [D:1.0000; C:1.0000]
 264.0000: (DROP HOIST0 CRATE12 DEPOT3-2-1 LOADAREA DEPOT3) [D:1.0000; C:1.0000]
 265.0000: (LIFT HOIST0 CRATE12 DEPOT3-2-1 LOADAREA DEPOT3) [D:1.0000; C:1.0000]
 266.0000: (DROP HOIST0 CRATE12 CONTAINER-0-0 LOADAREA CONTAINER0) [D:1.0000; C:1.0000]
 267.0000: (LIFT HOIST0 CRATE13 CONTAINER-2-1 LOADAREA CONTAINER2) [D:1.0000; C:1.0000]
 268.0000: (DROP HOIST0 CRATE13 DEPOT3-2-1 LOADAREA DEPOT3) [D:1.0000; C:1.0000]
 269.0000: (LIFT HOIST0 CRATE13 DEPOT3-2-1 LOADAREA DEPOT3) [D:1.0000; C:1.0000]
 270.0000: (DROP HOIST0 CRATE13 CONTAINER-3-0 LOADAREA CONTAINER3) [D:1.0000; C:1.0000]
 271.0000: (LIFT HOIST0 CRATE12 CONTAINER-0-0 LOADAREA CONTAINER0) [D:1.0000; C:1.0000]
 272.0000: (DROP HOIST0 CRATE12 DEPOT3-2-1 LOADAREA DEPOT3) [D:1.0000; C:1.0000]
 273.0000: (LIFT HOIST0 CRATE12 DEPOT3-2-1 LOADAREA DEPOT3) [D:1.0000; C:1.0000]
 274.0000: (DROP HOIST0 CRATE12 CONTAINER-1-3 LOADAREA CONTAINER1) [D:1.0000; C:1.0000]
 275.0000: (LIFT HOIST0 CRATE13 CONTAINER-3-0 LOADAREA CONTAINER3) [D:1.0000; C:1.0000]
 276.0000: (DROP HOIST0 CRATE13 DEPOT3-2-1 LOADAREA DEPOT3) [D:1.0000; C:1.0000]
 277.0000: (LIFT HOIST0 CRATE13 DEPOT3-2-1 LOADAREA DEPOT3) [D:1.0000; C:1.0000]
 278.0000: (DROP HOIST0 CRATE13 CONTAINER-0-0 LOADAREA CONTAINER0) [D:1.0000; C:1.0000]
 279.0000: (LIFT HOIST0 CRATE12 CONTAINER-1-3 LOADAREA CONTAINER1) [D:1.0000; C:1.0000]
 280.0000: (DROP HOIST0 CRATE12 DEPOT3-2-1 LOADAREA DEPOT3) [D:1.0000; C:1.0000]
 281.0000: (LIFT HOIST0 CRATE12 DEPOT3-2-1 LOADAREA DEPOT3) [D:1.0000; C:1.0000]
 282.0000: (DROP HOIST0 CRATE12 CONTAINER-1-1 LOADAREA CONTAINER1) [D:1.0000; C:1.0000]
 283.0000: (LIFT HOIST0 CRATE13 CONTAINER-0-0 LOADAREA CONTAINER0) [D:1.0000; C:1.0000]
 284.0000: (DROP HOIST0 CRATE13 DEPOT3-2-1 LOADAREA DEPOT3) [D:1.0000; C:1.0000]
 285.0000: (LIFT HOIST0 CRATE13 DEPOT3-2-1 LOADAREA DEPOT3) [D:1.0000; C:1.0000]
 286.0000: (DROP HOIST0 CRATE13 CONTAINER-0-3 LOADAREA CONTAINER0) [D:1.0000; C:1.0000]
 287.0000: (LIFT HOIST0 CRATE12 CONTAINER-1-1 LOADAREA CONTAINER1) [D:1.0000; C:1.0000]
 288.0000: (DROP HOIST0 CRATE12 DEPOT3-2-1 LOADAREA DEPOT3) [D:1.0000; C:1.0000]
 289.0000: (LIFT HOIST0 CRATE13 CONTAINER-0-3 LOADAREA CONTAINER0) [D:1.0000; C:1.0000]
 289.0000: (LIFT HOIST4 CRATE12 DEPOT3-2-1 DEPOT3-2-2 DEPOT3) [D:1.0000; C:1.0000]
 290.0000: (DROP HOIST0 CRATE13 DEPOT3-2-1 LOADAREA DEPOT3) [D:1.0000; C:1.0000]
 290.0000: (DROP HOIST4 CRATE12 DEPOT3-1-2 DEPOT3-2-2 DEPOT3) [D:1.0000; C:1.0000]
 291.0000: (LIFT HOIST0 CRATE14 CONTAINER-3-3 LOADAREA CONTAINER3) [D:1.0000; C:1.0000]
 291.0000: (LIFT HOIST4 CRATE13 DEPOT3-2-1 DEPOT3-2-2 DEPOT3) [D:1.0000; C:1.0000]
 292.0000: (DROP HOIST0 CRATE14 DEPOT3-2-1 LOADAREA DEPOT3) [D:1.0000; C:1.0000]
 292.0000: (DROP HOIST4 CRATE13 DEPOT3-2-3 DEPOT3-2-2 DEPOT3) [D:1.0000; C:1.0000]
 293.0000: (LIFT HOIST0 CRATE15 CONTAINER-1-0 LOADAREA CONTAINER1) [D:1.0000; C:1.0000]
 293.0000: (LIFT HOIST4 CRATE14 DEPOT3-2-1 DEPOT3-2-2 DEPOT3) [D:1.0000; C:1.0000]
 294.0000: (DROP HOIST4 CRATE14 DEPOT3-2-1 DEPOT3-2-2 DEPOT3) [D:1.0000; C:1.0000]
 295.0000: (LIFT HOIST4 CRATE14 DEPOT3-2-1 DEPOT3-2-2 DEPOT3) [D:1.0000; C:1.0000]
 296.0000: (DROP HOIST4 CRATE14 DEPOT3-2-1 DEPOT3-2-2 DEPOT3) [D:1.0000; C:1.0000]
 297.0000: (LIFT HOIST4 CRATE14 DEPOT3-2-1 DEPOT3-2-2 DEPOT3) [D:1.0000; C:1.0000]
 298.0000: (DROP HOIST4 CRATE14 DEPOT3-2-1 DEPOT3-2-2 DEPOT3) [D:1.0000; C:1.0000]
 299.0000: (LIFT HOIST4 CRATE14 DEPOT3-2-1 DEPOT3-2-2 DEPOT3) [D:1.0000; C:1.0000]
 300.0000: (DROP HOIST4 CRATE14 DEPOT3-2-1 DEPOT3-2-2 DEPOT3) [D:1.0000; C:1.0000]
 301.0000: (LIFT HOIST4 CRATE14 DEPOT3-2-1 DEPOT3-2-2 DEPOT3) [D:1.0000; C:1.0000]
 302.0000: (DROP HOIST4 CRATE14 DEPOT3-2-1 DEPOT3-2-2 DEPOT3) [D:1.0000; C:1.0000]
 303.0000: (LIFT HOIST4 CRATE14 DEPOT3-2-1 DEPOT3-2-2 DEPOT3) [D:1.0000; C:1.0000]
 304.0000: (DROP HOIST4 CRATE14 DEPOT3-2-1 DEPOT3-2-2 DEPOT3) [D:1.0000; C:1.0000]
 305.0000: (LIFT HOIST4 CRATE14 DEPOT3-2-1 DEPOT3-2-2 DEPOT3) [D:1.0000; C:1.0000]
 306.0000: (DROP HOIST4 CRATE14 DEPOT3-2-1 DEPOT3-2-2 DEPOT3) [D:1.0000; C:1.0000]
 307.0000: (LIFT HOIST4 CRATE14 DEPOT3-2-1 DEPOT3-2-2 DEPOT3) [D:1.0000; C:1.0000]
 308.0000: (DROP HOIST4 CRATE14 DEPOT3-2-1 DEPOT3-2-2 DEPOT3) [D:1.0000; C:1.0000]
 309.0000: (LIFT HOIST4 CRATE14 DEPOT3-2-1 DEPOT3-2-2 DEPOT3) [D:1.0000; C:1.0000]
 310.0000: (DROP HOIST4 CRATE14 DEPOT3-2-1 DEPOT3-2-2 DEPOT3) [D:1.0000; C:1.0000]
 311.0000: (LIFT HOIST4 CRATE14 DEPOT3-2-1 DEPOT3-2-2 DEPOT3) [D:1.0000; C:1.0000]
 312.0000: (MOVE HOIST4 DEPOT3-2-2 DEPOT3-2-1) [D:1.0000; C:1.0000]
 313.0000: (DROP HOIST4 CRATE14 DEPOT3-2-2 DEPOT3-2-1 DEPOT3) [D:1.0000; C:1.0000]
 314.0000: (GO-OUT HOIST4 DEPOT3-2-1 LOADAREA) [D:1.0000; C:1.0000]
 315.0000: (DROP HOIST0 CRATE15 DEPOT3-2-1 LOADAREA DEPOT3) [D:1.0000; C:1.0000]


Solution found:
Total time:      115.64
Search time:     113.07
Actions:         389
Execution cost:  389.00
Duration:        316.000
Plan quality:    389.000


Parsing domain file:  domain 'STORAGE-PROPOSITIONAL' defined ... done.
Parsing problem file:  problem 'STORAGE-27' defined ... done.



Modality: Fast Planner

Number of actions             :   18310
Number of conditional actions :       0
Number of facts               :    1438


Analyzing Planning Problem:
	Temporal Planning Problem: NO
	Numeric Planning Problem: NO
	Problem with Timed Initial Litearals: NO
	Problem with Derived Predicates: NO

Evaluation function weights:
     Action duration 0.00; Action cost 1.00


Computing mutex... done

Preprocessing total time: 3.41 seconds

Searching ('.' = every 50 search steps):
........... search limit exceeded. Restart.
............. search limit exceeded. Restart.
............... search limit exceeded. Restart.
............... solution found: 

Plan computed:
   Time: (ACTION) [action Duration; action Cost]
 0.0000: (MOVE HOIST2 DEPOT3-1-1 DEPOT3-2-1) [D:1.0000; C:1.0000]
 0.0000: (MOVE HOIST0 DEPOT0-1-3 DEPOT0-1-2) [D:1.0000; C:1.0000]
 0.0000: (MOVE HOIST1 DEPOT3-2-3 DEPOT3-2-2) [D:1.0000; C:1.0000]
 0.0000: (MOVE HOIST4 DEPOT4-1-3 DEPOT4-2-3) [D:1.0000; C:1.0000]
 0.0000: (MOVE HOIST3 DEPOT4-1-1 DEPOT4-2-1) [D:1.0000; C:1.0000]
 1.0000: (GO-OUT HOIST2 DEPOT3-2-1 LOADAREA) [D:1.0000; C:1.0000]
 1.0000: (MOVE HOIST1 DEPOT3-2-2 DEPOT3-1-2) [D:1.0000; C:1.0000]
 1.0000: (MOVE HOIST4 DEPOT4-2-3 DEPOT4-3-3) [D:1.0000; C:1.0000]
 1.0000: (MOVE HOIST3 DEPOT4-2-1 DEPOT4-3-1) [D:1.0000; C:1.0000]
 2.0000: (LIFT HOIST2 CRATE0 CONTAINER-0-0 LOADAREA CONTAINER0) [D:1.0000; C:1.0000]
 2.0000: (MOVE HOIST1 DEPOT3-1-2 DEPOT3-1-1) [D:1.0000; C:1.0000]
 2.0000: (MOVE HOIST4 DEPOT4-3-3 DEPOT4-3-2) [D:1.0000; C:1.0000]
 3.0000: (DROP HOIST2 CRATE0 DEPOT0-2-2 LOADAREA DEPOT0) [D:1.0000; C:1.0000]
 3.0000: (MOVE HOIST1 DEPOT3-1-1 DEPOT3-2-1) [D:1.0000; C:1.0000]
 3.0000: (GO-OUT HOIST4 DEPOT4-3-2 LOADAREA) [D:1.0000; C:1.0000]
 4.0000: (LIFT HOIST2 CRATE1 CONTAINER-0-1 LOADAREA CONTAINER0) [D:1.0000; C:1.0000]
 4.0000: (LIFT HOIST0 CRATE0 DEPOT0-2-2 DEPOT0-1-2 DEPOT0) [D:1.0000; C:1.0000]
 4.0000: (GO-OUT HOIST1 DEPOT3-2-1 LOADAREA) [D:1.0000; C:1.0000]
 4.0000: (MOVE HOIST3 DEPOT4-3-1 DEPOT4-3-2) [D:1.0000; C:1.0000]
 5.0000: (DROP HOIST2 CRATE1 DEPOT0-2-2 LOADAREA DEPOT0) [D:1.0000; C:1.0000]
 5.0000: (DROP HOIST0 CRATE0 DEPOT0-1-3 DEPOT0-1-2 DEPOT0) [D:1.0000; C:1.0000]
 5.0000: (GO-OUT HOIST3 DEPOT4-3-2 LOADAREA) [D:1.0000; C:1.0000]
 6.0000: (LIFT HOIST2 CRATE2 CONTAINER-0-2 LOADAREA CONTAINER0) [D:1.0000; C:1.0000]
 6.0000: (LIFT HOIST0 CRATE1 DEPOT0-2-2 DEPOT0-1-2 DEPOT0) [D:1.0000; C:1.0000]
 7.0000: (DROP HOIST2 CRATE2 DEPOT0-2-2 LOADAREA DEPOT0) [D:1.0000; C:1.0000]
 7.0000: (DROP HOIST0 CRATE1 DEPOT0-1-1 DEPOT0-1-2 DEPOT0) [D:1.0000; C:1.0000]
 8.0000: (LIFT HOIST2 CRATE7 CONTAINER-1-3 LOADAREA CONTAINER1) [D:1.0000; C:1.0000]
 9.0000: (DROP HOIST2 CRATE7 DEPOT2-2-3 LOADAREA DEPOT2) [D:1.0000; C:1.0000]
 10.0000: (LIFT HOIST1 CRATE7 DEPOT2-2-3 LOADAREA DEPOT2) [D:1.0000; C:1.0000]
 10.0000: (LIFT HOIST2 CRATE8 CONTAINER-2-0 LOADAREA CONTAINER2) [D:1.0000; C:1.0000]
 11.0000: (DROP HOIST1 CRATE7 DEPOT2-2-3 LOADAREA DEPOT2) [D:1.0000; C:1.0000]
 12.0000: (LIFT HOIST1 CRATE7 DEPOT2-2-3 LOADAREA DEPOT2) [D:1.0000; C:1.0000]
 13.0000: (DROP HOIST1 CRATE7 DEPOT2-2-3 LOADAREA DEPOT2) [D:1.0000; C:1.0000]
 14.0000: (LIFT HOIST1 CRATE7 DEPOT2-2-3 LOADAREA DEPOT2) [D:1.0000; C:1.0000]
 15.0000: (DROP HOIST1 CRATE7 DEPOT2-2-3 LOADAREA DEPOT2) [D:1.0000; C:1.0000]
 16.0000: (LIFT HOIST1 CRATE7 DEPOT2-2-3 LOADAREA DEPOT2) [D:1.0000; C:1.0000]
 17.0000: (DROP HOIST1 CRATE7 DEPOT2-2-3 LOADAREA DEPOT2) [D:1.0000; C:1.0000]
 18.0000: (LIFT HOIST1 CRATE7 DEPOT2-2-3 LOADAREA DEPOT2) [D:1.0000; C:1.0000]
 19.0000: (DROP HOIST1 CRATE7 DEPOT2-2-3 LOADAREA DEPOT2) [D:1.0000; C:1.0000]
 20.0000: (LIFT HOIST1 CRATE7 DEPOT2-2-3 LOADAREA DEPOT2) [D:1.0000; C:1.0000]
 21.0000: (DROP HOIST1 CRATE7 DEPOT2-2-3 LOADAREA DEPOT2) [D:1.0000; C:1.0000]
 22.0000: (LIFT HOIST1 CRATE7 DEPOT2-2-3 LOADAREA DEPOT2) [D:1.0000; C:1.0000]
 23.0000: (DROP HOIST1 CRATE7 DEPOT2-2-3 LOADAREA DEPOT2) [D:1.0000; C:1.0000]
 24.0000: (LIFT HOIST1 CRATE7 DEPOT2-2-3 LOADAREA DEPOT2) [D:1.0000; C:1.0000]
 25.0000: (DROP HOIST1 CRATE7 DEPOT2-2-3 LOADAREA DEPOT2) [D:1.0000; C:1.0000]
 26.0000: (LIFT HOIST1 CRATE7 DEPOT2-2-3 LOADAREA DEPOT2) [D:1.0000; C:1.0000]
 27.0000: (DROP HOIST1 CRATE7 DEPOT2-2-3 LOADAREA DEPOT2) [D:1.0000; C:1.0000]
 28.0000: (LIFT HOIST1 CRATE7 DEPOT2-2-3 LOADAREA DEPOT2) [D:1.0000; C:1.0000]
 29.0000: (DROP HOIST1 CRATE7 DEPOT2-2-3 LOADAREA DEPOT2) [D:1.0000; C:1.0000]
 30.0000: (LIFT HOIST1 CRATE7 DEPOT2-2-3 LOADAREA DEPOT2) [D:1.0000; C:1.0000]
 31.0000: (DROP HOIST1 CRATE7 DEPOT2-2-3 LOADAREA DEPOT2) [D:1.0000; C:1.0000]
 32.0000: (LIFT HOIST1 CRATE7 DEPOT2-2-3 LOADAREA DEPOT2) [D:1.0000; C:1.0000]
 33.0000: (DROP HOIST1 CRATE7 DEPOT2-2-3 LOADAREA DEPOT2) [D:1.0000; C:1.0000]
 34.0000: (LIFT HOIST1 CRATE7 DEPOT2-2-3 LOADAREA DEPOT2) [D:1.0000; C:1.0000]
 35.0000: (DROP HOIST1 CRATE7 DEPOT2-2-3 LOADAREA DEPOT2) [D:1.0000; C:1.0000]
 36.0000: (LIFT HOIST1 CRATE7 DEPOT2-2-3 LOADAREA DEPOT2) [D:1.0000; C:1.0000]
 37.0000: (DROP HOIST1 CRATE7 DEPOT2-2-3 LOADAREA DEPOT2) [D:1.0000; C:1.0000]
 38.0000: (LIFT HOIST1 CRATE7 DEPOT2-2-3 LOADAREA DEPOT2) [D:1.0000; C:1.0000]
 39.0000: (DROP HOIST1 CRATE7 DEPOT2-2-3 LOADAREA DEPOT2) [D:1.0000; C:1.0000]
 40.0000: (LIFT HOIST1 CRATE7 DEPOT2-2-3 LOADAREA DEPOT2) [D:1.0000; C:1.0000]
 41.0000: (DROP HOIST1 CRATE7 DEPOT2-2-3 LOADAREA DEPOT2) [D:1.0000; C:1.0000]
 42.0000: (LIFT HOIST1 CRATE7 DEPOT2-2-3 LOADAREA DEPOT2) [D:1.0000; C:1.0000]
 43.0000: (DROP HOIST1 CRATE7 DEPOT2-2-3 LOADAREA DEPOT2) [D:1.0000; C:1.0000]
 44.0000: (LIFT HOIST1 CRATE7 DEPOT2-2-3 LOADAREA DEPOT2) [D:1.0000; C:1.0000]
 45.0000: (DROP HOIST1 CRATE7 DEPOT2-2-3 LOADAREA DEPOT2) [D:1.0000; C:1.0000]
 46.0000: (LIFT HOIST1 CRATE7 DEPOT2-2-3 LOADAREA DEPOT2) [D:1.0000; C:1.0000]
 47.0000: (DROP HOIST1 CRATE7 DEPOT2-2-3 LOADAREA DEPOT2) [D:1.0000; C:1.0000]
 48.0000: (LIFT HOIST1 CRATE7 DEPOT2-2-3 LOADAREA DEPOT2) [D:1.0000; C:1.0000]
 49.0000: (DROP HOIST1 CRATE7 DEPOT2-2-3 LOADAREA DEPOT2) [D:1.0000; C:1.0000]
 50.0000: (LIFT HOIST1 CRATE7 DEPOT2-2-3 LOADAREA DEPOT2) [D:1.0000; C:1.0000]
 51.0000: (DROP HOIST1 CRATE7 DEPOT2-2-3 LOADAREA DEPOT2) [D:1.0000; C:1.0000]
 52.0000: (LIFT HOIST1 CRATE7 DEPOT2-2-3 LOADAREA DEPOT2) [D:1.0000; C:1.0000]
 53.0000: (DROP HOIST1 CRATE7 DEPOT2-2-3 LOADAREA DEPOT2) [D:1.0000; C:1.0000]
 54.0000: (LIFT HOIST1 CRATE7 DEPOT2-2-3 LOADAREA DEPOT2) [D:1.0000; C:1.0000]
 55.0000: (DROP HOIST1 CRATE7 DEPOT2-2-3 LOADAREA DEPOT2) [D:1.0000; C:1.0000]
 56.0000: (LIFT HOIST1 CRATE7 DEPOT2-2-3 LOADAREA DEPOT2) [D:1.0000; C:1.0000]
 57.0000: (DROP HOIST1 CRATE7 DEPOT2-2-3 LOADAREA DEPOT2) [D:1.0000; C:1.0000]
 58.0000: (LIFT HOIST1 CRATE7 DEPOT2-2-3 LOADAREA DEPOT2) [D:1.0000; C:1.0000]
 59.0000: (DROP HOIST1 CRATE7 DEPOT2-2-3 LOADAREA DEPOT2) [D:1.0000; C:1.0000]
 60.0000: (LIFT HOIST1 CRATE7 DEPOT2-2-3 LOADAREA DEPOT2) [D:1.0000; C:1.0000]
 61.0000: (DROP HOIST1 CRATE7 DEPOT2-2-3 LOADAREA DEPOT2) [D:1.0000; C:1.0000]
 62.0000: (LIFT HOIST1 CRATE7 DEPOT2-2-3 LOADAREA DEPOT2) [D:1.0000; C:1.0000]
 63.0000: (DROP HOIST1 CRATE7 DEPOT2-2-3 LOADAREA DEPOT2) [D:1.0000; C:1.0000]
 64.0000: (LIFT HOIST1 CRATE7 DEPOT2-2-3 LOADAREA DEPOT2) [D:1.0000; C:1.0000]
 65.0000: (GO-IN HOIST1 LOADAREA DEPOT2-2-3) [D:1.0000; C:1.0000]
 66.0000: (DROP HOIST1 CRATE7 DEPOT2-1-3 DEPOT2-2-3 DEPOT2) [D:1.0000; C:1.0000]
 67.0000: (MOVE HOIST1 DEPOT2-2-3 DEPOT2-2-2) [D:1.0000; C:1.0000]
 68.0000: (DROP HOIST2 CRATE8 DEPOT2-2-3 LOADAREA DEPOT2) [D:1.0000; C:1.0000]
 69.0000: (LIFT HOIST2 CRATE9 CONTAINER-2-1 LOADAREA CONTAINER2) [D:1.0000; C:1.0000]
 69.0000: (LIFT HOIST1 CRATE8 DEPOT2-2-3 DEPOT2-2-2 DEPOT2) [D:1.0000; C:1.0000]
 70.0000: (DROP HOIST2 CRATE9 DEPOT2-2-3 LOADAREA DEPOT2) [D:1.0000; C:1.0000]
 70.0000: (DROP HOIST1 CRATE8 DEPOT2-1-2 DEPOT2-2-2 DEPOT2) [D:1.0000; C:1.0000]
 71.0000: (LIFT HOIST2 CRATE10 CONTAINER-2-2 LOADAREA CONTAINER2) [D:1.0000; C:1.0000]
 71.0000: (LIFT HOIST1 CRATE9 DEPOT2-2-3 DEPOT2-2-2 DEPOT2) [D:1.0000; C:1.0000]
 72.0000: (DROP HOIST2 CRATE10 DEPOT3-2-1 LOADAREA DEPOT3) [D:1.0000; C:1.0000]
 72.0000: (DROP HOIST1 CRATE9 DEPOT2-2-1 DEPOT2-2-2 DEPOT2) [D:1.0000; C:1.0000]
 73.0000: (LIFT HOIST4 CRATE10 DEPOT3-2-1 LOADAREA DEPOT3) [D:1.0000; C:1.0000]
 73.0000: (MOVE HOIST1 DEPOT2-2-2 DEPOT2-2-3) [D:1.0000; C:1.0000]
 74.0000: (DROP HOIST4 CRATE10 DEPOT3-2-1 LOADAREA DEPOT3) [D:1.0000; C:1.0000]
 74.0000: (GO-OUT HOIST1 DEPOT2-2-3 LOADAREA) [D:1.0000; C:1.0000]
 75.0000: (LIFT HOIST4 CRATE10 DEPOT3-2-1 LOADAREA DEPOT3) [D:1.0000; C:1.0000]
 76.0000: (DROP HOIST4 CRATE10 DEPOT3-2-1 LOADAREA DEPOT3) [D:1.0000; C:1.0000]
 77.0000: (LIFT HOIST4 CRATE10 DEPOT3-2-1 LOADAREA DEPOT3) [D:1.0000; C:1.0000]
 78.0000: (DROP HOIST4 CRATE10 DEPOT3-2-1 LOADAREA DEPOT3) [D:1.0000; C:1.0000]
 79.0000: (LIFT HOIST4 CRATE10 DEPOT3-2-1 LOADAREA DEPOT3) [D:1.0000; C:1.0000]
 80.0000: (DROP HOIST4 CRATE10 DEPOT3-2-1 LOADAREA DEPOT3) [D:1.0000; C:1.0000]
 81.0000: (LIFT HOIST4 CRATE10 DEPOT3-2-1 LOADAREA DEPOT3) [D:1.0000; C:1.0000]
 82.0000: (DROP HOIST4 CRATE10 DEPOT3-2-1 LOADAREA DEPOT3) [D:1.0000; C:1.0000]
 83.0000: (LIFT HOIST4 CRATE10 DEPOT3-2-1 LOADAREA DEPOT3) [D:1.0000; C:1.0000]
 84.0000: (DROP HOIST4 CRATE10 DEPOT3-2-1 LOADAREA DEPOT3) [D:1.0000; C:1.0000]
 85.0000: (LIFT HOIST4 CRATE10 DEPOT3-2-1 LOADAREA DEPOT3) [D:1.0000; C:1.0000]
 86.0000: (DROP HOIST4 CRATE10 DEPOT3-2-1 LOADAREA DEPOT3) [D:1.0000; C:1.0000]
 87.0000: (LIFT HOIST4 CRATE10 DEPOT3-2-1 LOADAREA DEPOT3) [D:1.0000; C:1.0000]
 88.0000: (DROP HOIST4 CRATE10 DEPOT3-2-1 LOADAREA DEPOT3) [D:1.0000; C:1.0000]
 89.0000: (LIFT HOIST4 CRATE10 DEPOT3-2-1 LOADAREA DEPOT3) [D:1.0000; C:1.0000]
 90.0000: (DROP HOIST4 CRATE10 DEPOT3-2-1 LOADAREA DEPOT3) [D:1.0000; C:1.0000]
 91.0000: (LIFT HOIST4 CRATE10 DEPOT3-2-1 LOADAREA DEPOT3) [D:1.0000; C:1.0000]
 92.0000: (DROP HOIST4 CRATE10 DEPOT3-2-1 LOADAREA DEPOT3) [D:1.0000; C:1.0000]
 93.0000: (LIFT HOIST4 CRATE10 DEPOT3-2-1 LOADAREA DEPOT3) [D:1.0000; C:1.0000]
 94.0000: (DROP HOIST4 CRATE10 DEPOT3-2-1 LOADAREA DEPOT3) [D:1.0000; C:1.0000]
 95.0000: (LIFT HOIST4 CRATE10 DEPOT3-2-1 LOADAREA DEPOT3) [D:1.0000; C:1.0000]
 96.0000: (DROP HOIST4 CRATE10 DEPOT3-2-1 LOADAREA DEPOT3) [D:1.0000; C:1.0000]
 97.0000: (LIFT HOIST4 CRATE10 DEPOT3-2-1 LOADAREA DEPOT3) [D:1.0000; C:1.0000]
 98.0000: (DROP HOIST4 CRATE10 DEPOT3-2-1 LOADAREA DEPOT3) [D:1.0000; C:1.0000]
 99.0000: (LIFT HOIST4 CRATE10 DEPOT3-2-1 LOADAREA DEPOT3) [D:1.0000; C:1.0000]
 100.0000: (DROP HOIST4 CRATE10 DEPOT3-2-1 LOADAREA DEPOT3) [D:1.0000; C:1.0000]
 101.0000: (LIFT HOIST4 CRATE10 DEPOT3-2-1 LOADAREA DEPOT3) [D:1.0000; C:1.0000]
 102.0000: (DROP HOIST4 CRATE10 DEPOT3-2-1 LOADAREA DEPOT3) [D:1.0000; C:1.0000]
 103.0000: (LIFT HOIST4 CRATE10 DEPOT3-2-1 LOADAREA DEPOT3) [D:1.0000; C:1.0000]
 104.0000: (DROP HOIST4 CRATE10 DEPOT3-2-1 LOADAREA DEPOT3) [D:1.0000; C:1.0000]
 105.0000: (LIFT HOIST4 CRATE10 DEPOT3-2-1 LOADAREA DEPOT3) [D:1.0000; C:1.0000]
 106.0000: (DROP HOIST4 CRATE10 DEPOT3-2-1 LOADAREA DEPOT3) [D:1.0000; C:1.0000]
 107.0000: (LIFT HOIST4 CRATE10 DEPOT3-2-1 LOADAREA DEPOT3) [D:1.0000; C:1.0000]
 108.0000: (DROP HOIST4 CRATE10 DEPOT3-2-1 LOADAREA DEPOT3) [D:1.0000; C:1.0000]
 109.0000: (LIFT HOIST4 CRATE10 DEPOT3-2-1 LOADAREA DEPOT3) [D:1.0000; C:1.0000]
 110.0000: (DROP HOIST4 CRATE10 DEPOT3-2-1 LOADAREA DEPOT3) [D:1.0000; C:1.0000]
 111.0000: (LIFT HOIST4 CRATE10 DEPOT3-2-1 LOADAREA DEPOT3) [D:1.0000; C:1.0000]
 112.0000: (DROP HOIST4 CRATE10 DEPOT3-2-1 LOADAREA DEPOT3) [D:1.0000; C:1.0000]
 113.0000: (LIFT HOIST4 CRATE10 DEPOT3-2-1 LOADAREA DEPOT3) [D:1.0000; C:1.0000]
 114.0000: (DROP HOIST4 CRATE10 DEPOT3-2-1 LOADAREA DEPOT3) [D:1.0000; C:1.0000]
 115.0000: (LIFT HOIST4 CRATE10 DEPOT3-2-1 LOADAREA DEPOT3) [D:1.0000; C:1.0000]
 116.0000: (DROP HOIST4 CRATE10 DEPOT3-2-1 LOADAREA DEPOT3) [D:1.0000; C:1.0000]
 117.0000: (LIFT HOIST2 CRATE10 DEPOT3-2-1 LOADAREA DEPOT3) [D:1.0000; C:1.0000]
 118.0000: (DROP HOIST2 CRATE10 CONTAINER-2-1 LOADAREA CONTAINER2) [D:1.0000; C:1.0000]
 119.0000: (LIFT HOIST4 CRATE10 CONTAINER-2-1 LOADAREA CONTAINER2) [D:1.0000; C:1.0000]
 119.0000: (LIFT HOIST2 CRATE11 CONTAINER-2-3 LOADAREA CONTAINER2) [D:1.0000; C:1.0000]
 120.0000: (DROP HOIST4 CRATE10 DEPOT3-2-1 LOADAREA DEPOT3) [D:1.0000; C:1.0000]
 120.0000: (GO-IN HOIST3 LOADAREA CONTAINER-2-1) [D:1.0000; C:1.0000]
 121.0000: (LIFT HOIST4 CRATE10 DEPOT3-2-1 LOADAREA DEPOT3) [D:1.0000; C:1.0000]
 121.0000: (GO-OUT HOIST3 CONTAINER-2-1 LOADAREA) [D:1.0000; C:1.0000]
 122.0000: (DROP HOIST4 CRATE10 DEPOT3-2-1 LOADAREA DEPOT3) [D:1.0000; C:1.0000]
 123.0000: (LIFT HOIST4 CRATE10 DEPOT3-2-1 LOADAREA DEPOT3) [D:1.0000; C:1.0000]
 124.0000: (DROP HOIST4 CRATE10 DEPOT3-2-1 LOADAREA DEPOT3) [D:1.0000; C:1.0000]
 125.0000: (LIFT HOIST4 CRATE10 DEPOT3-2-1 LOADAREA DEPOT3) [D:1.0000; C:1.0000]
 126.0000: (GO-IN HOIST1 LOADAREA DEPOT3-2-1) [D:1.0000; C:1.0000]
 127.0000: (MOVE HOIST1 DEPOT3-2-1 DEPOT3-2-2) [D:1.0000; C:1.0000]
 128.0000: (DROP HOIST4 CRATE10 DEPOT3-2-1 LOADAREA DEPOT3) [D:1.0000; C:1.0000]
 129.0000: (LIFT HOIST4 CRATE10 DEPOT3-2-1 LOADAREA DEPOT3) [D:1.0000; C:1.0000]
 130.0000: (DROP HOIST4 CRATE10 DEPOT3-2-1 LOADAREA DEPOT3) [D:1.0000; C:1.0000]
 131.0000: (LIFT HOIST4 CRATE10 DEPOT3-2-1 LOADAREA DEPOT3) [D:1.0000; C:1.0000]
 132.0000: (DROP HOIST4 CRATE10 DEPOT3-2-1 LOADAREA DEPOT3) [D:1.0000; C:1.0000]
 133.0000: (LIFT HOIST4 CRATE10 DEPOT3-2-1 LOADAREA DEPOT3) [D:1.0000; C:1.0000]
 134.0000: (DROP HOIST4 CRATE10 DEPOT3-2-1 LOADAREA DEPOT3) [D:1.0000; C:1.0000]
 135.0000: (LIFT HOIST4 CRATE10 DEPOT3-2-1 LOADAREA DEPOT3) [D:1.0000; C:1.0000]
 136.0000: (DROP HOIST4 CRATE10 DEPOT3-2-1 LOADAREA DEPOT3) [D:1.0000; C:1.0000]
 137.0000: (LIFT HOIST4 CRATE10 DEPOT3-2-1 LOADAREA DEPOT3) [D:1.0000; C:1.0000]
 138.0000: (DROP HOIST4 CRATE10 DEPOT3-2-1 LOADAREA DEPOT3) [D:1.0000; C:1.0000]
 139.0000: (LIFT HOIST4 CRATE10 DEPOT3-2-1 LOADAREA DEPOT3) [D:1.0000; C:1.0000]
 140.0000: (DROP HOIST4 CRATE10 DEPOT3-2-1 LOADAREA DEPOT3) [D:1.0000; C:1.0000]
 141.0000: (LIFT HOIST4 CRATE10 DEPOT3-2-1 LOADAREA DEPOT3) [D:1.0000; C:1.0000]
 142.0000: (DROP HOIST4 CRATE10 DEPOT3-2-1 LOADAREA DEPOT3) [D:1.0000; C:1.0000]
 143.0000: (LIFT HOIST4 CRATE10 DEPOT3-2-1 LOADAREA DEPOT3) [D:1.0000; C:1.0000]
 144.0000: (DROP HOIST4 CRATE10 DEPOT3-2-1 LOADAREA DEPOT3) [D:1.0000; C:1.0000]
 145.0000: (LIFT HOIST4 CRATE10 DEPOT3-2-1 LOADAREA DEPOT3) [D:1.0000; C:1.0000]
 146.0000: (DROP HOIST4 CRATE10 DEPOT3-2-1 LOADAREA DEPOT3) [D:1.0000; C:1.0000]
 147.0000: (LIFT HOIST4 CRATE10 DEPOT3-2-1 LOADAREA DEPOT3) [D:1.0000; C:1.0000]
 148.0000: (DROP HOIST4 CRATE10 DEPOT3-2-1 LOADAREA DEPOT3) [D:1.0000; C:1.0000]
 149.0000: (LIFT HOIST4 CRATE10 DEPOT3-2-1 LOADAREA DEPOT3) [D:1.0000; C:1.0000]
 150.0000: (DROP HOIST4 CRATE10 DEPOT3-2-1 LOADAREA DEPOT3) [D:1.0000; C:1.0000]
 151.0000: (LIFT HOIST4 CRATE10 DEPOT3-2-1 LOADAREA DEPOT3) [D:1.0000; C:1.0000]
 152.0000: (DROP HOIST4 CRATE10 DEPOT3-2-1 LOADAREA DEPOT3) [D:1.0000; C:1.0000]
 153.0000: (LIFT HOIST4 CRATE10 DEPOT3-2-1 LOADAREA DEPOT3) [D:1.0000; C:1.0000]
 154.0000: (DROP HOIST4 CRATE10 DEPOT3-2-1 LOADAREA DEPOT3) [D:1.0000; C:1.0000]
 155.0000: (LIFT HOIST4 CRATE10 DEPOT3-2-1 LOADAREA DEPOT3) [D:1.0000; C:1.0000]
 156.0000: (DROP HOIST4 CRATE10 DEPOT3-2-1 LOADAREA DEPOT3) [D:1.0000; C:1.0000]
 157.0000: (LIFT HOIST4 CRATE10 DEPOT3-2-1 LOADAREA DEPOT3) [D:1.0000; C:1.0000]
 158.0000: (DROP HOIST4 CRATE10 DEPOT3-2-1 LOADAREA DEPOT3) [D:1.0000; C:1.0000]
 159.0000: (LIFT HOIST4 CRATE10 DEPOT3-2-1 LOADAREA DEPOT3) [D:1.0000; C:1.0000]
 160.0000: (DROP HOIST4 CRATE10 DEPOT3-2-1 LOADAREA DEPOT3) [D:1.0000; C:1.0000]
 161.0000: (LIFT HOIST4 CRATE10 DEPOT3-2-1 LOADAREA DEPOT3) [D:1.0000; C:1.0000]
 162.0000: (DROP HOIST4 CRATE10 DEPOT3-2-1 LOADAREA DEPOT3) [D:1.0000; C:1.0000]
 163.0000: (LIFT HOIST4 CRATE10 DEPOT3-2-1 LOADAREA DEPOT3) [D:1.0000; C:1.0000]
 164.0000: (DROP HOIST4 CRATE10 DEPOT3-2-1 LOADAREA DEPOT3) [D:1.0000; C:1.0000]
 165.0000: (LIFT HOIST4 CRATE10 DEPOT3-2-1 LOADAREA DEPOT3) [D:1.0000; C:1.0000]
 166.0000: (DROP HOIST4 CRATE10 DEPOT3-2-1 LOADAREA DEPOT3) [D:1.0000; C:1.0000]
 167.0000: (LIFT HOIST4 CRATE10 DEPOT3-2-1 LOADAREA DEPOT3) [D:1.0000; C:1.0000]
 168.0000: (DROP HOIST4 CRATE10 DEPOT3-2-1 LOADAREA DEPOT3) [D:1.0000; C:1.0000]
 169.0000: (LIFT HOIST4 CRATE10 DEPOT3-2-1 LOADAREA DEPOT3) [D:1.0000; C:1.0000]
 170.0000: (DROP HOIST4 CRATE10 DEPOT3-2-1 LOADAREA DEPOT3) [D:1.0000; C:1.0000]
 171.0000: (LIFT HOIST4 CRATE10 DEPOT3-2-1 LOADAREA DEPOT3) [D:1.0000; C:1.0000]
 172.0000: (DROP HOIST4 CRATE10 DEPOT3-2-1 LOADAREA DEPOT3) [D:1.0000; C:1.0000]
 173.0000: (LIFT HOIST4 CRATE10 DEPOT3-2-1 LOADAREA DEPOT3) [D:1.0000; C:1.0000]
 174.0000: (DROP HOIST4 CRATE10 DEPOT3-2-1 LOADAREA DEPOT3) [D:1.0000; C:1.0000]
 175.0000: (LIFT HOIST4 CRATE10 DEPOT3-2-1 LOADAREA DEPOT3) [D:1.0000; C:1.0000]
 176.0000: (DROP HOIST4 CRATE10 DEPOT3-2-1 LOADAREA DEPOT3) [D:1.0000; C:1.0000]
 177.0000: (LIFT HOIST4 CRATE10 DEPOT3-2-1 LOADAREA DEPOT3) [D:1.0000; C:1.0000]
 178.0000: (DROP HOIST4 CRATE10 DEPOT3-2-1 LOADAREA DEPOT3) [D:1.0000; C:1.0000]
 179.0000: (LIFT HOIST4 CRATE10 DEPOT3-2-1 LOADAREA DEPOT3) [D:1.0000; C:1.0000]
 180.0000: (DROP HOIST4 CRATE10 DEPOT3-2-1 LOADAREA DEPOT3) [D:1.0000; C:1.0000]
 181.0000: (LIFT HOIST4 CRATE10 DEPOT3-2-1 LOADAREA DEPOT3) [D:1.0000; C:1.0000]
 182.0000: (DROP HOIST4 CRATE10 DEPOT3-2-1 LOADAREA DEPOT3) [D:1.0000; C:1.0000]
 183.0000: (LIFT HOIST4 CRATE10 DEPOT3-2-1 LOADAREA DEPOT3) [D:1.0000; C:1.0000]
 184.0000: (DROP HOIST4 CRATE10 DEPOT3-2-1 LOADAREA DEPOT3) [D:1.0000; C:1.0000]
 185.0000: (LIFT HOIST4 CRATE10 DEPOT3-2-1 LOADAREA DEPOT3) [D:1.0000; C:1.0000]
 186.0000: (DROP HOIST4 CRATE10 DEPOT3-2-1 LOADAREA DEPOT3) [D:1.0000; C:1.0000]
 187.0000: (LIFT HOIST4 CRATE10 DEPOT3-2-1 LOADAREA DEPOT3) [D:1.0000; C:1.0000]
 188.0000: (DROP HOIST4 CRATE10 DEPOT3-2-1 LOADAREA DEPOT3) [D:1.0000; C:1.0000]
 189.0000: (LIFT HOIST4 CRATE10 DEPOT3-2-1 LOADAREA DEPOT3) [D:1.0000; C:1.0000]
 190.0000: (DROP HOIST4 CRATE10 DEPOT3-2-1 LOADAREA DEPOT3) [D:1.0000; C:1.0000]
 191.0000: (LIFT HOIST4 CRATE10 DEPOT3-2-1 LOADAREA DEPOT3) [D:1.0000; C:1.0000]
 192.0000: (DROP HOIST4 CRATE10 DEPOT3-2-1 LOADAREA DEPOT3) [D:1.0000; C:1.0000]
 193.0000: (LIFT HOIST4 CRATE10 DEPOT3-2-1 LOADAREA DEPOT3) [D:1.0000; C:1.0000]
 194.0000: (DROP HOIST4 CRATE10 DEPOT3-2-1 LOADAREA DEPOT3) [D:1.0000; C:1.0000]
 195.0000: (LIFT HOIST4 CRATE10 DEPOT3-2-1 LOADAREA DEPOT3) [D:1.0000; C:1.0000]
 196.0000: (DROP HOIST4 CRATE10 DEPOT3-2-1 LOADAREA DEPOT3) [D:1.0000; C:1.0000]
 197.0000: (LIFT HOIST4 CRATE10 DEPOT3-2-1 LOADAREA DEPOT3) [D:1.0000; C:1.0000]
 198.0000: (DROP HOIST4 CRATE10 DEPOT3-2-1 LOADAREA DEPOT3) [D:1.0000; C:1.0000]
 199.0000: (LIFT HOIST4 CRATE10 DEPOT3-2-1 LOADAREA DEPOT3) [D:1.0000; C:1.0000]
 200.0000: (DROP HOIST4 CRATE10 DEPOT3-2-1 LOADAREA DEPOT3) [D:1.0000; C:1.0000]
 201.0000: (LIFT HOIST4 CRATE10 DEPOT3-2-1 LOADAREA DEPOT3) [D:1.0000; C:1.0000]
 202.0000: (DROP HOIST4 CRATE10 DEPOT3-2-1 LOADAREA DEPOT3) [D:1.0000; C:1.0000]
 203.0000: (LIFT HOIST4 CRATE10 DEPOT3-2-1 LOADAREA DEPOT3) [D:1.0000; C:1.0000]
 204.0000: (DROP HOIST4 CRATE10 DEPOT3-2-1 LOADAREA DEPOT3) [D:1.0000; C:1.0000]
 205.0000: (LIFT HOIST4 CRATE10 DEPOT3-2-1 LOADAREA DEPOT3) [D:1.0000; C:1.0000]
 206.0000: (DROP HOIST4 CRATE10 DEPOT3-2-1 LOADAREA DEPOT3) [D:1.0000; C:1.0000]
 207.0000: (LIFT HOIST4 CRATE10 DEPOT3-2-1 LOADAREA DEPOT3) [D:1.0000; C:1.0000]
 208.0000: (DROP HOIST4 CRATE10 DEPOT3-2-1 LOADAREA DEPOT3) [D:1.0000; C:1.0000]
 209.0000: (LIFT HOIST4 CRATE10 DEPOT3-2-1 LOADAREA DEPOT3) [D:1.0000; C:1.0000]
 210.0000: (DROP HOIST4 CRATE10 DEPOT3-2-1 LOADAREA DEPOT3) [D:1.0000; C:1.0000]
 211.0000: (LIFT HOIST4 CRATE10 DEPOT3-2-1 LOADAREA DEPOT3) [D:1.0000; C:1.0000]
 212.0000: (DROP HOIST4 CRATE10 DEPOT3-2-1 LOADAREA DEPOT3) [D:1.0000; C:1.0000]
 213.0000: (LIFT HOIST4 CRATE10 DEPOT3-2-1 LOADAREA DEPOT3) [D:1.0000; C:1.0000]
 214.0000: (DROP HOIST2 CRATE11 DEPOT3-2-1 LOADAREA DEPOT3) [D:1.0000; C:1.0000]
 214.0000: (DROP HOIST4 CRATE10 CONTAINER-0-0 LOADAREA CONTAINER0) [D:1.0000; C:1.0000]
 215.0000: (LIFT HOIST3 CRATE10 CONTAINER-0-0 LOADAREA CONTAINER0) [D:1.0000; C:1.0000]
 215.0000: (LIFT HOIST2 CRATE11 DEPOT3-2-1 LOADAREA DEPOT3) [D:1.0000; C:1.0000]
 216.0000: (DROP HOIST2 CRATE11 DEPOT3-2-1 LOADAREA DEPOT3) [D:1.0000; C:1.0000]
 217.0000: (LIFT HOIST4 CRATE11 DEPOT3-2-1 LOADAREA DEPOT3) [D:1.0000; C:1.0000]
 218.0000: (DROP HOIST4 CRATE11 DEPOT3-2-1 LOADAREA DEPOT3) [D:1.0000; C:1.0000]
 219.0000: (LIFT HOIST4 CRATE11 DEPOT3-2-1 LOADAREA DEPOT3) [D:1.0000; C:1.0000]
 220.0000: (DROP HOIST4 CRATE11 DEPOT3-2-1 LOADAREA DEPOT3) [D:1.0000; C:1.0000]
 221.0000: (LIFT HOIST2 CRATE11 DEPOT3-2-1 LOADAREA DEPOT3) [D:1.0000; C:1.0000]
 222.0000: (DROP HOIST2 CRATE11 DEPOT3-2-1 LOADAREA DEPOT3) [D:1.0000; C:1.0000]
 223.0000: (LIFT HOIST4 CRATE11 DEPOT3-2-1 LOADAREA DEPOT3) [D:1.0000; C:1.0000]
 224.0000: (DROP HOIST4 CRATE11 DEPOT3-2-1 LOADAREA DEPOT3) [D:1.0000; C:1.0000]
 225.0000: (LIFT HOIST2 CRATE11 DEPOT3-2-1 LOADAREA DEPOT3) [D:1.0000; C:1.0000]
 226.0000: (DROP HOIST2 CRATE11 DEPOT3-2-1 LOADAREA DEPOT3) [D:1.0000; C:1.0000]
 227.0000: (LIFT HOIST4 CRATE11 DEPOT3-2-1 LOADAREA DEPOT3) [D:1.0000; C:1.0000]
 228.0000: (DROP HOIST4 CRATE11 DEPOT3-2-1 LOADAREA DEPOT3) [D:1.0000; C:1.0000]
 229.0000: (LIFT HOIST4 CRATE11 DEPOT3-2-1 LOADAREA DEPOT3) [D:1.0000; C:1.0000]
 230.0000: (DROP HOIST4 CRATE11 DEPOT3-2-1 LOADAREA DEPOT3) [D:1.0000; C:1.0000]
 231.0000: (LIFT HOIST2 CRATE11 DEPOT3-2-1 LOADAREA DEPOT3) [D:1.0000; C:1.0000]
 232.0000: (DROP HOIST2 CRATE11 DEPOT3-2-1 LOADAREA DEPOT3) [D:1.0000; C:1.0000]
 233.0000: (LIFT HOIST2 CRATE11 DEPOT3-2-1 LOADAREA DEPOT3) [D:1.0000; C:1.0000]
 234.0000: (DROP HOIST2 CRATE11 DEPOT3-2-1 LOADAREA DEPOT3) [D:1.0000; C:1.0000]
 235.0000: (LIFT HOIST2 CRATE11 DEPOT3-2-1 LOADAREA DEPOT3) [D:1.0000; C:1.0000]
 236.0000: (DROP HOIST2 CRATE11 DEPOT3-2-1 LOADAREA DEPOT3) [D:1.0000; C:1.0000]
 237.0000: (LIFT HOIST2 CRATE11 DEPOT3-2-1 LOADAREA DEPOT3) [D:1.0000; C:1.0000]
 238.0000: (DROP HOIST2 CRATE11 DEPOT3-2-1 LOADAREA DEPOT3) [D:1.0000; C:1.0000]
 239.0000: (LIFT HOIST2 CRATE11 DEPOT3-2-1 LOADAREA DEPOT3) [D:1.0000; C:1.0000]
 240.0000: (DROP HOIST2 CRATE11 DEPOT3-2-1 LOADAREA DEPOT3) [D:1.0000; C:1.0000]
 241.0000: (LIFT HOIST4 CRATE11 DEPOT3-2-1 LOADAREA DEPOT3) [D:1.0000; C:1.0000]
 242.0000: (DROP HOIST4 CRATE11 DEPOT3-2-1 LOADAREA DEPOT3) [D:1.0000; C:1.0000]
 243.0000: (LIFT HOIST4 CRATE11 DEPOT3-2-1 LOADAREA DEPOT3) [D:1.0000; C:1.0000]
 244.0000: (DROP HOIST4 CRATE11 DEPOT3-2-1 LOADAREA DEPOT3) [D:1.0000; C:1.0000]
 245.0000: (LIFT HOIST4 CRATE11 DEPOT3-2-1 LOADAREA DEPOT3) [D:1.0000; C:1.0000]
 246.0000: (DROP HOIST4 CRATE11 DEPOT3-2-1 LOADAREA DEPOT3) [D:1.0000; C:1.0000]
 247.0000: (LIFT HOIST2 CRATE11 DEPOT3-2-1 LOADAREA DEPOT3) [D:1.0000; C:1.0000]
 248.0000: (DROP HOIST2 CRATE11 DEPOT3-2-1 LOADAREA DEPOT3) [D:1.0000; C:1.0000]
 249.0000: (LIFT HOIST2 CRATE11 DEPOT3-2-1 LOADAREA DEPOT3) [D:1.0000; C:1.0000]
 250.0000: (DROP HOIST2 CRATE11 DEPOT3-2-1 LOADAREA DEPOT3) [D:1.0000; C:1.0000]
 251.0000: (LIFT HOIST2 CRATE11 DEPOT3-2-1 LOADAREA DEPOT3) [D:1.0000; C:1.0000]
 252.0000: (DROP HOIST2 CRATE11 DEPOT3-2-1 LOADAREA DEPOT3) [D:1.0000; C:1.0000]
 253.0000: (LIFT HOIST4 CRATE11 DEPOT3-2-1 LOADAREA DEPOT3) [D:1.0000; C:1.0000]
 254.0000: (DROP HOIST4 CRATE11 DEPOT3-2-1 LOADAREA DEPOT3) [D:1.0000; C:1.0000]
 255.0000: (LIFT HOIST4 CRATE11 DEPOT3-2-1 LOADAREA DEPOT3) [D:1.0000; C:1.0000]
 256.0000: (DROP HOIST4 CRATE11 DEPOT3-2-1 LOADAREA DEPOT3) [D:1.0000; C:1.0000]
 257.0000: (LIFT HOIST2 CRATE11 DEPOT3-2-1 LOADAREA DEPOT3) [D:1.0000; C:1.0000]
 258.0000: (DROP HOIST2 CRATE11 DEPOT3-2-1 LOADAREA DEPOT3) [D:1.0000; C:1.0000]
 259.0000: (LIFT HOIST2 CRATE11 DEPOT3-2-1 LOADAREA DEPOT3) [D:1.0000; C:1.0000]
 260.0000: (DROP HOIST2 CRATE11 DEPOT3-2-1 LOADAREA DEPOT3) [D:1.0000; C:1.0000]
 261.0000: (LIFT HOIST4 CRATE11 DEPOT3-2-1 LOADAREA DEPOT3) [D:1.0000; C:1.0000]
 262.0000: (DROP HOIST4 CRATE11 DEPOT3-2-1 LOADAREA DEPOT3) [D:1.0000; C:1.0000]
 263.0000: (LIFT HOIST4 CRATE11 DEPOT3-2-1 LOADAREA DEPOT3) [D:1.0000; C:1.0000]
 264.0000: (DROP HOIST4 CRATE11 DEPOT3-2-1 LOADAREA DEPOT3) [D:1.0000; C:1.0000]
 265.0000: (LIFT HOIST2 CRATE11 DEPOT3-2-1 LOADAREA DEPOT3) [D:1.0000; C:1.0000]
 266.0000: (MOVE HOIST1 DEPOT3-2-2 DEPOT3-2-1) [D:1.0000; C:1.0000]
 266.0000: (DROP HOIST2 CRATE11 CONTAINER-0-2 LOADAREA CONTAINER0) [D:1.0000; C:1.0000]
 267.0000: (GO-OUT HOIST1 DEPOT3-2-1 LOADAREA) [D:1.0000; C:1.0000]
 267.0000: (LIFT HOIST4 CRATE11 CONTAINER-0-2 LOADAREA CONTAINER0) [D:1.0000; C:1.0000]
 267.0000: (LIFT HOIST2 CRATE4 CONTAINER-1-0 LOADAREA CONTAINER1) [D:1.0000; C:1.0000]
 268.0000: (GO-IN HOIST4 LOADAREA DEPOT3-2-1) [D:1.0000; C:1.0000]
 268.0000: (LIFT HOIST1 CRATE5 CONTAINER-1-1 LOADAREA CONTAINER1) [D:1.0000; C:1.0000]
 269.0000: (MOVE HOIST4 DEPOT3-2-1 DEPOT3-2-2) [D:1.0000; C:1.0000]
 269.0000: (GO-IN HOIST1 LOADAREA DEPOT1-2-1) [D:1.0000; C:1.0000]
 270.0000: (MOVE HOIST4 DEPOT3-2-2 DEPOT3-2-3) [D:1.0000; C:1.0000]
 270.0000: (DROP HOIST1 CRATE5 DEPOT1-1-1 DEPOT1-2-1 DEPOT1) [D:1.0000; C:1.0000]
 270.0000: (DROP HOIST3 CRATE10 DEPOT3-2-1 LOADAREA DEPOT3) [D:1.0000; C:1.0000]
 271.0000: (MOVE HOIST4 DEPOT3-2-3 DEPOT3-2-2) [D:1.0000; C:1.0000]
 271.0000: (MOVE HOIST1 DEPOT1-2-1 DEPOT1-2-2) [D:1.0000; C:1.0000]
 272.0000: (DROP HOIST4 CRATE11 DEPOT3-1-2 DEPOT3-2-2 DEPOT3) [D:1.0000; C:1.0000]
 272.0000: (DROP HOIST2 CRATE4 DEPOT1-2-1 LOADAREA DEPOT1) [D:1.0000; C:1.0000]
 273.0000: (LIFT HOIST2 CRATE6 CONTAINER-1-2 LOADAREA CONTAINER1) [D:1.0000; C:1.0000]
 273.0000: (LIFT HOIST1 CRATE4 DEPOT1-2-1 DEPOT1-2-2 DEPOT1) [D:1.0000; C:1.0000]
 274.0000: (DROP HOIST2 CRATE6 DEPOT1-2-1 LOADAREA DEPOT1) [D:1.0000; C:1.0000]
 274.0000: (DROP HOIST1 CRATE4 DEPOT1-2-3 DEPOT1-2-2 DEPOT1) [D:1.0000; C:1.0000]
 275.0000: (LIFT HOIST2 CRATE3 CONTAINER-0-3 LOADAREA CONTAINER0) [D:1.0000; C:1.0000]
 275.0000: (LIFT HOIST3 CRATE6 DEPOT1-2-1 LOADAREA DEPOT1) [D:1.0000; C:1.0000]
 276.0000: (DROP HOIST3 CRATE6 DEPOT1-2-1 LOADAREA DEPOT1) [D:1.0000; C:1.0000]
 277.0000: (LIFT HOIST1 CRATE6 DEPOT1-2-1 DEPOT1-2-2 DEPOT1) [D:1.0000; C:1.0000]
 277.0000: (LIFT HOIST3 CRATE13 CONTAINER-3-1 LOADAREA CONTAINER3) [D:1.0000; C:1.0000]
 278.0000: (DROP HOIST2 CRATE3 DEPOT1-2-1 LOADAREA DEPOT1) [D:1.0000; C:1.0000]
 278.0000: (DROP HOIST1 CRATE6 DEPOT1-1-2 DEPOT1-2-2 DEPOT1) [D:1.0000; C:1.0000]
 278.0000: (GO-IN HOIST3 LOADAREA DEPOT4-3-2) [D:1.0000; C:1.0000]
 279.0000: (LIFT HOIST2 CRATE12 CONTAINER-3-0 LOADAREA CONTAINER3) [D:1.0000; C:1.0000]
 279.0000: (DROP HOIST3 CRATE13 DEPOT4-3-1 DEPOT4-3-2 DEPOT4) [D:1.0000; C:1.0000]
 280.0000: (MOVE HOIST3 DEPOT4-3-2 DEPOT4-3-3) [D:1.0000; C:1.0000]
 281.0000: (DROP HOIST2 CRATE12 DEPOT4-3-2 LOADAREA DEPOT4) [D:1.0000; C:1.0000]
 282.0000: (LIFT HOIST2 CRATE14 CONTAINER-3-2 LOADAREA CONTAINER3) [D:1.0000; C:1.0000]
 282.0000: (LIFT HOIST3 CRATE12 DEPOT4-3-2 DEPOT4-3-3 DEPOT4) [D:1.0000; C:1.0000]
 283.0000: (DROP HOIST2 CRATE14 DEPOT4-3-2 LOADAREA DEPOT4) [D:1.0000; C:1.0000]
 283.0000: (DROP HOIST3 CRATE12 DEPOT4-2-3 DEPOT4-3-3 DEPOT4) [D:1.0000; C:1.0000]
 284.0000: (LIFT HOIST2 CRATE15 CONTAINER-3-3 LOADAREA CONTAINER3) [D:1.0000; C:1.0000]
 284.0000: (LIFT HOIST3 CRATE14 DEPOT4-3-2 DEPOT4-3-3 DEPOT4) [D:1.0000; C:1.0000]
 285.0000: (DROP HOIST3 CRATE14 DEPOT4-3-2 DEPOT4-3-3 DEPOT4) [D:1.0000; C:1.0000]
 286.0000: (LIFT HOIST3 CRATE14 DEPOT4-3-2 DEPOT4-3-3 DEPOT4) [D:1.0000; C:1.0000]
 287.0000: (DROP HOIST3 CRATE14 DEPOT4-3-2 DEPOT4-3-3 DEPOT4) [D:1.0000; C:1.0000]
 288.0000: (LIFT HOIST3 CRATE14 DEPOT4-3-2 DEPOT4-3-3 DEPOT4) [D:1.0000; C:1.0000]
 289.0000: (DROP HOIST3 CRATE14 DEPOT4-3-2 DEPOT4-3-3 DEPOT4) [D:1.0000; C:1.0000]
 290.0000: (LIFT HOIST3 CRATE14 DEPOT4-3-2 DEPOT4-3-3 DEPOT4) [D:1.0000; C:1.0000]
 291.0000: (DROP HOIST3 CRATE14 DEPOT4-3-2 DEPOT4-3-3 DEPOT4) [D:1.0000; C:1.0000]
 292.0000: (LIFT HOIST3 CRATE14 DEPOT4-3-2 DEPOT4-3-3 DEPOT4) [D:1.0000; C:1.0000]
 293.0000: (DROP HOIST3 CRATE14 DEPOT4-3-2 DEPOT4-3-3 DEPOT4) [D:1.0000; C:1.0000]
 294.0000: (LIFT HOIST3 CRATE14 DEPOT4-3-2 DEPOT4-3-3 DEPOT4) [D:1.0000; C:1.0000]
 295.0000: (DROP HOIST3 CRATE14 DEPOT4-3-2 DEPOT4-3-3 DEPOT4) [D:1.0000; C:1.0000]
 296.0000: (LIFT HOIST3 CRATE14 DEPOT4-3-2 DEPOT4-3-3 DEPOT4) [D:1.0000; C:1.0000]
 297.0000: (DROP HOIST3 CRATE14 DEPOT4-3-2 DEPOT4-3-3 DEPOT4) [D:1.0000; C:1.0000]
 298.0000: (LIFT HOIST3 CRATE14 DEPOT4-3-2 DEPOT4-3-3 DEPOT4) [D:1.0000; C:1.0000]
 299.0000: (DROP HOIST3 CRATE14 DEPOT4-3-2 DEPOT4-3-3 DEPOT4) [D:1.0000; C:1.0000]
 300.0000: (LIFT HOIST3 CRATE14 DEPOT4-3-2 DEPOT4-3-3 DEPOT4) [D:1.0000; C:1.0000]
 301.0000: (DROP HOIST3 CRATE14 DEPOT4-3-2 DEPOT4-3-3 DEPOT4) [D:1.0000; C:1.0000]
 302.0000: (LIFT HOIST3 CRATE14 DEPOT4-3-2 DEPOT4-3-3 DEPOT4) [D:1.0000; C:1.0000]
 303.0000: (DROP HOIST3 CRATE14 DEPOT4-3-2 DEPOT4-3-3 DEPOT4) [D:1.0000; C:1.0000]
 304.0000: (LIFT HOIST3 CRATE14 DEPOT4-3-2 DEPOT4-3-3 DEPOT4) [D:1.0000; C:1.0000]
 305.0000: (DROP HOIST3 CRATE14 DEPOT4-3-2 DEPOT4-3-3 DEPOT4) [D:1.0000; C:1.0000]
 306.0000: (LIFT HOIST3 CRATE14 DEPOT4-3-2 DEPOT4-3-3 DEPOT4) [D:1.0000; C:1.0000]
 307.0000: (DROP HOIST3 CRATE14 DEPOT4-3-2 DEPOT4-3-3 DEPOT4) [D:1.0000; C:1.0000]
 308.0000: (LIFT HOIST3 CRATE14 DEPOT4-3-2 DEPOT4-3-3 DEPOT4) [D:1.0000; C:1.0000]
 309.0000: (DROP HOIST3 CRATE14 DEPOT4-3-2 DEPOT4-3-3 DEPOT4) [D:1.0000; C:1.0000]
 310.0000: (LIFT HOIST3 CRATE14 DEPOT4-3-2 DEPOT4-3-3 DEPOT4) [D:1.0000; C:1.0000]
 311.0000: (DROP HOIST3 CRATE14 DEPOT4-3-2 DEPOT4-3-3 DEPOT4) [D:1.0000; C:1.0000]
 312.0000: (LIFT HOIST3 CRATE14 DEPOT4-3-2 DEPOT4-3-3 DEPOT4) [D:1.0000; C:1.0000]
 313.0000: (DROP HOIST3 CRATE14 DEPOT4-3-2 DEPOT4-3-3 DEPOT4) [D:1.0000; C:1.0000]
 314.0000: (LIFT HOIST3 CRATE14 DEPOT4-3-2 DEPOT4-3-3 DEPOT4) [D:1.0000; C:1.0000]
 315.0000: (MOVE HOIST3 DEPOT4-3-3 DEPOT4-3-2) [D:1.0000; C:1.0000]
 316.0000: (MOVE HOIST3 DEPOT4-3-2 DEPOT4-2-2) [D:1.0000; C:1.0000]
 317.0000: (DROP HOIST3 CRATE14 DEPOT4-3-2 DEPOT4-2-2 DEPOT4) [D:1.0000; C:1.0000]
 318.0000: (LIFT HOIST3 CRATE14 DEPOT4-3-2 DEPOT4-2-2 DEPOT4) [D:1.0000; C:1.0000]
 319.0000: (DROP HOIST2 CRATE15 DEPOT4-3-2 LOADAREA DEPOT4) [D:1.0000; C:1.0000]
 319.0000: (DROP HOIST3 CRATE14 DEPOT4-1-2 DEPOT4-2-2 DEPOT4) [D:1.0000; C:1.0000]
 320.0000: (LIFT HOIST2 CRATE16 CONTAINER-4-0 LOADAREA CONTAINER4) [D:1.0000; C:1.0000]
 320.0000: (LIFT HOIST3 CRATE15 DEPOT4-3-2 DEPOT4-2-2 DEPOT4) [D:1.0000; C:1.0000]
 321.0000: (DROP HOIST2 CRATE16 DEPOT4-3-2 LOADAREA DEPOT4) [D:1.0000; C:1.0000]
 321.0000: (DROP HOIST3 CRATE15 DEPOT4-2-1 DEPOT4-2-2 DEPOT4) [D:1.0000; C:1.0000]


Solution found:
Total time:      67.66
Search time:     64.25
Actions:         374
Execution cost:  374.00
Duration:        322.000
Plan quality:    374.000


Parsing domain file:  domain 'STORAGE-PROPOSITIONAL' defined ... done.
Parsing problem file:  problem 'STORAGE-28' defined ... done.



Modality: Fast Planner

Number of actions             :   19540
Number of conditional actions :       0
Number of facts               :    1576


Analyzing Planning Problem:
	Temporal Planning Problem: NO
	Numeric Planning Problem: NO
	Problem with Timed Initial Litearals: NO
	Problem with Derived Predicates: NO

Evaluation function weights:
     Action duration 0.00; Action cost 1.00


Computing mutex... done

Preprocessing total time: 3.28 seconds

Searching ('.' = every 50 search steps):
........... search limit exceeded. Restart.
............. search limit exceeded. Restart.
............... search limit exceeded. Restart.
.................. search limit exceeded. Restart.
..................... search limit exceeded. Restart.
........................ search limit exceeded. Restart.
............................ search limit exceeded. Restart.
................................. search limit exceeded. Restart.
...................................... search limit exceeded.

Searching ('.' = every 50 search steps):
........... search limit exceeded. Restart.
............. search limit exceeded. Restart.
............... search limit exceeded. Restart.
.................. search limit exceeded. Restart.
..................... search limit exceeded. Restart.
........................ search limit exceeded. Restart.
............................ search limit exceeded. Restart.
................................. search limit exceeded. Restart.
...................................... search limit exceeded.

Searching ('.' = every 50 search steps):
........... search limit exceeded. Restart.
............. search limit exceeded. Restart.
............... search limit exceeded. Restart.
.................. search limit exceeded. Restart.
..................... search limit exceeded. Restart.

Parsing domain file:  domain 'STORAGE-PROPOSITIONAL' defined ... done.
Parsing problem file:  problem 'STORAGE-29' defined ... done.



Modality: Fast Planner

Number of actions             :   22740
Number of conditional actions :       0
Number of facts               :    1720


Analyzing Planning Problem:
	Temporal Planning Problem: NO
	Numeric Planning Problem: NO
	Problem with Timed Initial Litearals: NO
	Problem with Derived Predicates: NO

Evaluation function weights:
     Action duration 0.00; Action cost 1.00


Computing mutex... done

Preprocessing total time: 5.13 seconds

Searching ('.' = every 50 search steps):
........... search limit exceeded. Restart.
............. search limit exceeded. Restart.
............... search limit exceeded. Restart.
.................. search limit exceeded. Restart.
..................... search limit exceeded. Restart.
........................ search limit exceeded. Restart.
............................ search limit exceeded. Restart.
................................. search limit exceeded. Restart.
....................... solution found: 

Plan computed:
   Time: (ACTION) [action Duration; action Cost]
 0.0000: (MOVE HOIST0 DEPOT0-1-1 DEPOT0-2-1) [D:1.0000; C:1.0000]
 0.0000: (MOVE HOIST2 DEPOT3-2-3 DEPOT3-2-2) [D:1.0000; C:1.0000]
 0.0000: (MOVE HOIST4 DEPOT4-1-3 DEPOT4-2-3) [D:1.0000; C:1.0000]
 1.0000: (GO-OUT HOIST0 DEPOT0-2-1 LOADAREA) [D:1.0000; C:1.0000]
 1.0000: (MOVE HOIST1 DEPOT3-1-3 DEPOT3-2-3) [D:1.0000; C:1.0000]
 1.0000: (MOVE HOIST4 DEPOT4-2-3 DEPOT4-3-3) [D:1.0000; C:1.0000]
 2.0000: (LIFT HOIST0 CRATE14 CONTAINER-3-2 LOADAREA CONTAINER3) [D:1.0000; C:1.0000]
 2.0000: (MOVE HOIST1 DEPOT3-2-3 DEPOT3-1-3) [D:1.0000; C:1.0000]
 3.0000: (DROP HOIST0 CRATE14 DEPOT1-2-1 LOADAREA DEPOT1) [D:1.0000; C:1.0000]
 3.0000: (MOVE HOIST1 DEPOT3-1-3 DEPOT3-1-2) [D:1.0000; C:1.0000]
 4.0000: (LIFT HOIST0 CRATE18 CONTAINER-4-2 LOADAREA CONTAINER4) [D:1.0000; C:1.0000]
 5.0000: (DROP HOIST0 CRATE18 DEPOT0-2-1 LOADAREA DEPOT0) [D:1.0000; C:1.0000]
 6.0000: (LIFT HOIST0 CRATE0 CONTAINER-0-0 LOADAREA CONTAINER0) [D:1.0000; C:1.0000]
 7.0000: (DROP HOIST0 CRATE0 CONTAINER-4-2 LOADAREA CONTAINER4) [D:1.0000; C:1.0000]
 8.0000: (LIFT HOIST0 CRATE10 CONTAINER-2-2 LOADAREA CONTAINER2) [D:1.0000; C:1.0000]
 9.0000: (DROP HOIST0 CRATE10 CONTAINER-0-0 LOADAREA CONTAINER0) [D:1.0000; C:1.0000]
 10.0000: (LIFT HOIST0 CRATE13 CONTAINER-3-1 LOADAREA CONTAINER3) [D:1.0000; C:1.0000]
 11.0000: (GO-IN HOIST0 LOADAREA CONTAINER-3-2) [D:1.0000; C:1.0000]
 12.0000: (GO-OUT HOIST0 CONTAINER-3-2 LOADAREA) [D:1.0000; C:1.0000]
 13.0000: (DROP HOIST0 CRATE13 DEPOT3-2-1 LOADAREA DEPOT3) [D:1.0000; C:1.0000]
 14.0000: (LIFT HOIST2 CRATE13 DEPOT3-2-1 DEPOT3-2-2 DEPOT3) [D:1.0000; C:1.0000]
 14.0000: (LIFT HOIST0 CRATE18 DEPOT0-2-1 LOADAREA DEPOT0) [D:1.0000; C:1.0000]
 15.0000: (DROP HOIST0 CRATE18 CONTAINER-2-2 LOADAREA CONTAINER2) [D:1.0000; C:1.0000]
 15.0000: (MOVE HOIST2 DEPOT3-2-2 DEPOT3-2-1) [D:1.0000; C:1.0000]
 16.0000: (LIFT HOIST0 CRATE17 CONTAINER-4-1 LOADAREA CONTAINER4) [D:1.0000; C:1.0000]
 16.0000: (DROP HOIST2 CRATE13 DEPOT3-1-1 DEPOT3-2-1 DEPOT3) [D:1.0000; C:1.0000]
 17.0000: (GO-OUT HOIST2 DEPOT3-2-1 LOADAREA) [D:1.0000; C:1.0000]
 18.0000: (LIFT HOIST2 CRATE14 DEPOT1-2-1 LOADAREA DEPOT1) [D:1.0000; C:1.0000]
 19.0000: (GO-IN HOIST2 LOADAREA DEPOT3-2-1) [D:1.0000; C:1.0000]
 20.0000: (MOVE HOIST2 DEPOT3-2-1 DEPOT3-2-2) [D:1.0000; C:1.0000]
 21.0000: (DROP HOIST2 CRATE14 DEPOT3-2-3 DEPOT3-2-2 DEPOT3) [D:1.0000; C:1.0000]
 22.0000: (MOVE HOIST2 DEPOT3-2-2 DEPOT3-2-1) [D:1.0000; C:1.0000]
 23.0000: (GO-OUT HOIST2 DEPOT3-2-1 LOADAREA) [D:1.0000; C:1.0000]
 24.0000: (GO-IN HOIST2 LOADAREA CONTAINER-3-1) [D:1.0000; C:1.0000]
 25.0000: (GO-OUT HOIST2 CONTAINER-3-1 LOADAREA) [D:1.0000; C:1.0000]
 26.0000: (LIFT HOIST2 CRATE8 CONTAINER-2-0 LOADAREA CONTAINER2) [D:1.0000; C:1.0000]
 27.0000: (DROP HOIST2 CRATE8 CONTAINER-4-1 LOADAREA CONTAINER4) [D:1.0000; C:1.0000]
 27.0000: (GO-IN HOIST0 LOADAREA CONTAINER-2-0) [D:1.0000; C:1.0000]
 28.0000: (LIFT HOIST2 CRATE16 CONTAINER-4-0 LOADAREA CONTAINER4) [D:1.0000; C:1.0000]
 28.0000: (GO-OUT HOIST0 CONTAINER-2-0 LOADAREA) [D:1.0000; C:1.0000]
 29.0000: (GO-IN HOIST2 LOADAREA DEPOT4-3-2) [D:1.0000; C:1.0000]
 30.0000: (DROP HOIST2 CRATE16 DEPOT4-3-1 DEPOT4-3-2 DEPOT4) [D:1.0000; C:1.0000]
 31.0000: (GO-OUT HOIST2 DEPOT4-3-2 LOADAREA) [D:1.0000; C:1.0000]
 32.0000: (LIFT HOIST2 CRATE18 CONTAINER-2-2 LOADAREA CONTAINER2) [D:1.0000; C:1.0000]
 33.0000: (GO-IN HOIST2 LOADAREA DEPOT4-3-2) [D:1.0000; C:1.0000]
 34.0000: (DROP HOIST2 CRATE18 DEPOT4-2-2 DEPOT4-3-2 DEPOT4) [D:1.0000; C:1.0000]
 35.0000: (GO-OUT HOIST2 DEPOT4-3-2 LOADAREA) [D:1.0000; C:1.0000]
 36.0000: (LIFT HOIST2 CRATE8 CONTAINER-4-1 LOADAREA CONTAINER4) [D:1.0000; C:1.0000]
 37.0000: (DROP HOIST2 CRATE8 DEPOT4-3-2 LOADAREA DEPOT4) [D:1.0000; C:1.0000]
 38.0000: (LIFT HOIST4 CRATE8 DEPOT4-3-2 DEPOT4-3-3 DEPOT4) [D:1.0000; C:1.0000]
 39.0000: (MOVE HOIST4 DEPOT4-3-3 DEPOT4-3-2) [D:1.0000; C:1.0000]
 40.0000: (GO-OUT HOIST4 DEPOT4-3-2 LOADAREA) [D:1.0000; C:1.0000]
 41.0000: (DROP HOIST4 CRATE8 DEPOT2-2-3 LOADAREA DEPOT2) [D:1.0000; C:1.0000]
 42.0000: (LIFT HOIST4 CRATE8 DEPOT2-2-3 LOADAREA DEPOT2) [D:1.0000; C:1.0000]
 43.0000: (DROP HOIST4 CRATE8 DEPOT2-2-3 LOADAREA DEPOT2) [D:1.0000; C:1.0000]
 44.0000: (LIFT HOIST4 CRATE8 DEPOT2-2-3 LOADAREA DEPOT2) [D:1.0000; C:1.0000]
 45.0000: (DROP HOIST4 CRATE8 DEPOT2-2-3 LOADAREA DEPOT2) [D:1.0000; C:1.0000]
 46.0000: (LIFT HOIST4 CRATE8 DEPOT2-2-3 LOADAREA DEPOT2) [D:1.0000; C:1.0000]
 47.0000: (DROP HOIST4 CRATE8 CONTAINER-3-1 LOADAREA CONTAINER3) [D:1.0000; C:1.0000]
 48.0000: (LIFT HOIST4 CRATE9 CONTAINER-2-1 LOADAREA CONTAINER2) [D:1.0000; C:1.0000]
 49.0000: (GO-IN HOIST4 LOADAREA DEPOT2-2-3) [D:1.0000; C:1.0000]
 50.0000: (MOVE HOIST4 DEPOT2-2-3 DEPOT2-2-2) [D:1.0000; C:1.0000]
 51.0000: (GO-IN HOIST2 LOADAREA DEPOT2-2-3) [D:1.0000; C:1.0000]
 51.0000: (MOVE HOIST4 DEPOT2-2-2 DEPOT2-2-1) [D:1.0000; C:1.0000]
 52.0000: (GO-OUT HOIST2 DEPOT2-2-3 LOADAREA) [D:1.0000; C:1.0000]
 52.0000: (DROP HOIST4 CRATE9 DEPOT2-1-1 DEPOT2-2-1 DEPOT2) [D:1.0000; C:1.0000]
 53.0000: (DROP HOIST0 CRATE17 DEPOT2-2-3 LOADAREA DEPOT2) [D:1.0000; C:1.0000]
 53.0000: (MOVE HOIST4 DEPOT2-2-1 DEPOT2-2-2) [D:1.0000; C:1.0000]
 54.0000: (LIFT HOIST2 CRATE17 DEPOT2-2-3 LOADAREA DEPOT2) [D:1.0000; C:1.0000]
 55.0000: (DROP HOIST2 CRATE17 CONTAINER-2-1 LOADAREA CONTAINER2) [D:1.0000; C:1.0000]
 55.0000: (GO-IN HOIST0 LOADAREA DEPOT2-2-3) [D:1.0000; C:1.0000]
 56.0000: (GO-OUT HOIST0 DEPOT2-2-3 LOADAREA) [D:1.0000; C:1.0000]
 57.0000: (LIFT HOIST0 CRATE17 CONTAINER-2-1 LOADAREA CONTAINER2) [D:1.0000; C:1.0000]
 57.0000: (MOVE HOIST4 DEPOT2-2-2 DEPOT2-2-3) [D:1.0000; C:1.0000]
 58.0000: (DROP HOIST0 CRATE17 DEPOT4-3-2 LOADAREA DEPOT4) [D:1.0000; C:1.0000]
 58.0000: (GO-OUT HOIST4 DEPOT2-2-3 LOADAREA) [D:1.0000; C:1.0000]
 59.0000: (LIFT HOIST0 CRATE7 CONTAINER-1-3 LOADAREA CONTAINER1) [D:1.0000; C:1.0000]
 60.0000: (DROP HOIST0 CRATE7 DEPOT1-2-1 LOADAREA DEPOT1) [D:1.0000; C:1.0000]
 61.0000: (LIFT HOIST0 CRATE15 CONTAINER-3-3 LOADAREA CONTAINER3) [D:1.0000; C:1.0000]
 61.0000: (LIFT HOIST2 CRATE7 DEPOT1-2-1 LOADAREA DEPOT1) [D:1.0000; C:1.0000]
 62.0000: (GO-IN HOIST0 LOADAREA CONTAINER-2-1) [D:1.0000; C:1.0000]
 62.0000: (DROP HOIST2 CRATE7 DEPOT1-2-1 LOADAREA DEPOT1) [D:1.0000; C:1.0000]
 63.0000: (GO-OUT HOIST0 CONTAINER-2-1 LOADAREA) [D:1.0000; C:1.0000]
 64.0000: (DROP HOIST0 CRATE15 DEPOT3-2-1 LOADAREA DEPOT3) [D:1.0000; C:1.0000]
 65.0000: (LIFT HOIST0 CRATE8 CONTAINER-3-1 LOADAREA CONTAINER3) [D:1.0000; C:1.0000]
 66.0000: (DROP HOIST0 CRATE8 CONTAINER-4-0 LOADAREA CONTAINER4) [D:1.0000; C:1.0000]
 67.0000: (LIFT HOIST0 CRATE1 CONTAINER-0-1 LOADAREA CONTAINER0) [D:1.0000; C:1.0000]
 67.0000: (LIFT HOIST4 CRATE8 CONTAINER-4-0 LOADAREA CONTAINER4) [D:1.0000; C:1.0000]
 68.0000: (GO-IN HOIST0 LOADAREA DEPOT0-2-1) [D:1.0000; C:1.0000]
 68.0000: (GO-IN HOIST4 LOADAREA DEPOT2-2-3) [D:1.0000; C:1.0000]
 69.0000: (MOVE HOIST0 DEPOT0-2-1 DEPOT0-2-2) [D:1.0000; C:1.0000]
 69.0000: (MOVE HOIST4 DEPOT2-2-3 DEPOT2-1-3) [D:1.0000; C:1.0000]
 70.0000: (MOVE HOIST0 DEPOT0-2-2 DEPOT0-2-3) [D:1.0000; C:1.0000]
 70.0000: (MOVE HOIST4 DEPOT2-1-3 DEPOT2-1-2) [D:1.0000; C:1.0000]
 71.0000: (MOVE HOIST0 DEPOT0-2-3 DEPOT0-1-3) [D:1.0000; C:1.0000]
 71.0000: (MOVE HOIST4 DEPOT2-1-2 DEPOT2-2-2) [D:1.0000; C:1.0000]
 72.0000: (MOVE HOIST0 DEPOT0-1-3 DEPOT0-1-2) [D:1.0000; C:1.0000]
 72.0000: (DROP HOIST4 CRATE8 DEPOT2-1-2 DEPOT2-2-2 DEPOT2) [D:1.0000; C:1.0000]
 73.0000: (DROP HOIST0 CRATE1 DEPOT0-1-3 DEPOT0-1-2 DEPOT0) [D:1.0000; C:1.0000]
 73.0000: (MOVE HOIST4 DEPOT2-2-2 DEPOT2-2-3) [D:1.0000; C:1.0000]
 74.0000: (MOVE HOIST0 DEPOT0-1-2 DEPOT0-2-2) [D:1.0000; C:1.0000]
 74.0000: (GO-OUT HOIST4 DEPOT2-2-3 LOADAREA) [D:1.0000; C:1.0000]
 75.0000: (MOVE HOIST0 DEPOT0-2-2 DEPOT0-2-1) [D:1.0000; C:1.0000]
 76.0000: (GO-OUT HOIST0 DEPOT0-2-1 LOADAREA) [D:1.0000; C:1.0000]
 77.0000: (GO-IN HOIST0 LOADAREA CONTAINER-3-2) [D:1.0000; C:1.0000]
 78.0000: (GO-OUT HOIST0 CONTAINER-3-2 LOADAREA) [D:1.0000; C:1.0000]
 79.0000: (LIFT HOIST0 CRATE5 CONTAINER-1-1 LOADAREA CONTAINER1) [D:1.0000; C:1.0000]
 80.0000: (DROP HOIST0 CRATE5 CONTAINER-3-2 LOADAREA CONTAINER3) [D:1.0000; C:1.0000]
 81.0000: (LIFT HOIST0 CRATE11 CONTAINER-2-3 LOADAREA CONTAINER2) [D:1.0000; C:1.0000]
 81.0000: (LIFT HOIST2 CRATE5 CONTAINER-3-2 LOADAREA CONTAINER3) [D:1.0000; C:1.0000]
 82.0000: (DROP HOIST0 CRATE11 DEPOT2-2-3 LOADAREA DEPOT2) [D:1.0000; C:1.0000]
 82.0000: (DROP HOIST2 CRATE5 CONTAINER-1-1 LOADAREA CONTAINER1) [D:1.0000; C:1.0000]
 83.0000: (LIFT HOIST0 CRATE7 DEPOT1-2-1 LOADAREA DEPOT1) [D:1.0000; C:1.0000]
 84.0000: (DROP HOIST0 CRATE7 DEPOT1-2-1 LOADAREA DEPOT1) [D:1.0000; C:1.0000]
 85.0000: (LIFT HOIST0 CRATE5 CONTAINER-1-1 LOADAREA CONTAINER1) [D:1.0000; C:1.0000]
 85.0000: (LIFT HOIST2 CRATE7 DEPOT1-2-1 LOADAREA DEPOT1) [D:1.0000; C:1.0000]
 86.0000: (DROP HOIST0 CRATE5 DEPOT1-2-1 LOADAREA DEPOT1) [D:1.0000; C:1.0000]
 87.0000: (LIFT HOIST0 CRATE5 DEPOT1-2-1 LOADAREA DEPOT1) [D:1.0000; C:1.0000]
 88.0000: (DROP HOIST2 CRATE7 DEPOT1-2-1 LOADAREA DEPOT1) [D:1.0000; C:1.0000]
 89.0000: (LIFT HOIST4 CRATE7 DEPOT1-2-1 LOADAREA DEPOT1) [D:1.0000; C:1.0000]
 89.0000: (LIFT HOIST2 CRATE2 CONTAINER-0-2 LOADAREA CONTAINER0) [D:1.0000; C:1.0000]
 90.0000: (DROP HOIST0 CRATE5 DEPOT1-2-1 LOADAREA DEPOT1) [D:1.0000; C:1.0000]
 90.0000: (DROP HOIST2 CRATE2 CONTAINER-2-0 LOADAREA CONTAINER2) [D:1.0000; C:1.0000]
 91.0000: (LIFT HOIST0 CRATE2 CONTAINER-2-0 LOADAREA CONTAINER2) [D:1.0000; C:1.0000]
 91.0000: (LIFT HOIST2 CRATE5 DEPOT1-2-1 LOADAREA DEPOT1) [D:1.0000; C:1.0000]
 92.0000: (DROP HOIST0 CRATE2 DEPOT0-2-1 LOADAREA DEPOT0) [D:1.0000; C:1.0000]
 92.0000: (DROP HOIST4 CRATE7 DEPOT1-2-1 LOADAREA DEPOT1) [D:1.0000; C:1.0000]
 93.0000: (LIFT HOIST0 CRATE4 CONTAINER-1-0 LOADAREA CONTAINER1) [D:1.0000; C:1.0000]
 93.0000: (LIFT HOIST4 CRATE7 DEPOT1-2-1 LOADAREA DEPOT1) [D:1.0000; C:1.0000]
 94.0000: (DROP HOIST0 CRATE4 DEPOT1-2-1 LOADAREA DEPOT1) [D:1.0000; C:1.0000]
 95.0000: (LIFT HOIST0 CRATE10 CONTAINER-0-0 LOADAREA CONTAINER0) [D:1.0000; C:1.0000]
 96.0000: (DROP HOIST4 CRATE7 CONTAINER-0-0 LOADAREA CONTAINER0) [D:1.0000; C:1.0000]
 96.0000: (DROP HOIST0 CRATE10 CONTAINER-1-3 LOADAREA CONTAINER1) [D:1.0000; C:1.0000]
 97.0000: (LIFT HOIST4 CRATE4 DEPOT1-2-1 LOADAREA DEPOT1) [D:1.0000; C:1.0000]
 98.0000: (DROP HOIST4 CRATE4 DEPOT1-2-1 LOADAREA DEPOT1) [D:1.0000; C:1.0000]
 99.0000: (GO-IN HOIST4 LOADAREA CONTAINER-4-0) [D:1.0000; C:1.0000]
 100.0000: (GO-OUT HOIST4 CONTAINER-4-0 LOADAREA) [D:1.0000; C:1.0000]
 101.0000: (LIFT HOIST4 CRATE6 CONTAINER-1-2 LOADAREA CONTAINER1) [D:1.0000; C:1.0000]
 102.0000: (DROP HOIST4 CRATE6 CONTAINER-1-2 LOADAREA CONTAINER1) [D:1.0000; C:1.0000]
 103.0000: (LIFT HOIST4 CRATE4 DEPOT1-2-1 LOADAREA DEPOT1) [D:1.0000; C:1.0000]
 104.0000: (DROP HOIST4 CRATE4 DEPOT1-2-1 LOADAREA DEPOT1) [D:1.0000; C:1.0000]
 105.0000: (LIFT HOIST4 CRATE4 DEPOT1-2-1 LOADAREA DEPOT1) [D:1.0000; C:1.0000]
 106.0000: (DROP HOIST2 CRATE5 DEPOT1-2-1 LOADAREA DEPOT1) [D:1.0000; C:1.0000]
 107.0000: (LIFT HOIST2 CRATE5 DEPOT1-2-1 LOADAREA DEPOT1) [D:1.0000; C:1.0000]
 108.0000: (DROP HOIST2 CRATE5 DEPOT1-2-1 LOADAREA DEPOT1) [D:1.0000; C:1.0000]
 109.0000: (LIFT HOIST0 CRATE5 DEPOT1-2-1 LOADAREA DEPOT1) [D:1.0000; C:1.0000]
 109.0000: (LIFT HOIST2 CRATE0 CONTAINER-4-2 LOADAREA CONTAINER4) [D:1.0000; C:1.0000]
 110.0000: (DROP HOIST4 CRATE4 DEPOT1-2-1 LOADAREA DEPOT1) [D:1.0000; C:1.0000]
 110.0000: (DROP HOIST2 CRATE0 CONTAINER-4-0 LOADAREA CONTAINER4) [D:1.0000; C:1.0000]
 111.0000: (LIFT HOIST4 CRATE4 DEPOT1-2-1 LOADAREA DEPOT1) [D:1.0000; C:1.0000]
 112.0000: (DROP HOIST0 CRATE5 DEPOT1-2-1 LOADAREA DEPOT1) [D:1.0000; C:1.0000]
 113.0000: (LIFT HOIST2 CRATE5 DEPOT1-2-1 LOADAREA DEPOT1) [D:1.0000; C:1.0000]
 114.0000: (DROP HOIST2 CRATE5 DEPOT1-2-1 LOADAREA DEPOT1) [D:1.0000; C:1.0000]
 115.0000: (LIFT HOIST2 CRATE5 DEPOT1-2-1 LOADAREA DEPOT1) [D:1.0000; C:1.0000]
 116.0000: (DROP HOIST2 CRATE5 CONTAINER-1-0 LOADAREA CONTAINER1) [D:1.0000; C:1.0000]
 116.0000: (DROP HOIST4 CRATE4 DEPOT1-2-1 LOADAREA DEPOT1) [D:1.0000; C:1.0000]
 117.0000: (LIFT HOIST0 CRATE4 DEPOT1-2-1 LOADAREA DEPOT1) [D:1.0000; C:1.0000]
 117.0000: (LIFT HOIST2 CRATE0 CONTAINER-4-0 LOADAREA CONTAINER4) [D:1.0000; C:1.0000]
 118.0000: (DROP HOIST0 CRATE4 DEPOT1-2-1 LOADAREA DEPOT1) [D:1.0000; C:1.0000]
 119.0000: (LIFT HOIST0 CRATE4 DEPOT1-2-1 LOADAREA DEPOT1) [D:1.0000; C:1.0000]
 120.0000: (DROP HOIST0 CRATE4 CONTAINER-0-2 LOADAREA CONTAINER0) [D:1.0000; C:1.0000]
 121.0000: (LIFT HOIST0 CRATE6 CONTAINER-1-2 LOADAREA CONTAINER1) [D:1.0000; C:1.0000]
 122.0000: (DROP HOIST0 CRATE6 DEPOT1-2-1 LOADAREA DEPOT1) [D:1.0000; C:1.0000]
 123.0000: (LIFT HOIST0 CRATE2 DEPOT0-2-1 LOADAREA DEPOT0) [D:1.0000; C:1.0000]
 124.0000: (GO-IN HOIST0 LOADAREA DEPOT0-2-1) [D:1.0000; C:1.0000]
 125.0000: (MOVE HOIST0 DEPOT0-2-1 DEPOT0-2-2) [D:1.0000; C:1.0000]
 126.0000: (DROP HOIST0 CRATE2 DEPOT0-2-3 DEPOT0-2-2 DEPOT0) [D:1.0000; C:1.0000]
 127.0000: (MOVE HOIST0 DEPOT0-2-2 DEPOT0-1-2) [D:1.0000; C:1.0000]
 128.0000: (MOVE HOIST0 DEPOT0-1-2 DEPOT0-1-1) [D:1.0000; C:1.0000]
 129.0000: (MOVE HOIST0 DEPOT0-1-1 DEPOT0-2-1) [D:1.0000; C:1.0000]
 130.0000: (GO-OUT HOIST0 DEPOT0-2-1 LOADAREA) [D:1.0000; C:1.0000]
 131.0000: (LIFT HOIST0 CRATE15 DEPOT3-2-1 LOADAREA DEPOT3) [D:1.0000; C:1.0000]
 132.0000: (DROP HOIST0 CRATE15 CONTAINER-3-2 LOADAREA CONTAINER3) [D:1.0000; C:1.0000]
 133.0000: (LIFT HOIST0 CRATE4 CONTAINER-0-2 LOADAREA CONTAINER0) [D:1.0000; C:1.0000]
 134.0000: (GO-IN HOIST2 LOADAREA CONTAINER-0-2) [D:1.0000; C:1.0000]
 135.0000: (GO-OUT HOIST2 CONTAINER-0-2 LOADAREA) [D:1.0000; C:1.0000]
 136.0000: (DROP HOIST2 CRATE0 DEPOT0-2-1 LOADAREA DEPOT0) [D:1.0000; C:1.0000]
 137.0000: (LIFT HOIST2 CRATE0 DEPOT0-2-1 LOADAREA DEPOT0) [D:1.0000; C:1.0000]
 138.0000: (DROP HOIST2 CRATE0 DEPOT0-2-1 LOADAREA DEPOT0) [D:1.0000; C:1.0000]
 139.0000: (LIFT HOIST4 CRATE0 DEPOT0-2-1 LOADAREA DEPOT0) [D:1.0000; C:1.0000]
 139.0000: (LIFT HOIST2 CRATE6 DEPOT1-2-1 LOADAREA DEPOT1) [D:1.0000; C:1.0000]
 140.0000: (GO-IN HOIST0 LOADAREA DEPOT0-2-1) [D:1.0000; C:1.0000]
 140.0000: (DROP HOIST2 CRATE6 DEPOT1-2-1 LOADAREA DEPOT1) [D:1.0000; C:1.0000]
 140.0000: (DROP HOIST4 CRATE0 CONTAINER-0-1 LOADAREA CONTAINER0) [D:1.0000; C:1.0000]
 141.0000: (GO-IN HOIST2 LOADAREA CONTAINER-2-1) [D:1.0000; C:1.0000]
 141.0000: (LIFT HOIST4 CRATE12 CONTAINER-3-0 LOADAREA CONTAINER3) [D:1.0000; C:1.0000]
 141.0000: (GO-OUT HOIST0 DEPOT0-2-1 LOADAREA) [D:1.0000; C:1.0000]
 142.0000: (GO-OUT HOIST2 CONTAINER-2-1 LOADAREA) [D:1.0000; C:1.0000]
 142.0000: (DROP HOIST4 CRATE12 DEPOT3-2-1 LOADAREA DEPOT3) [D:1.0000; C:1.0000]
 142.0000: (DROP HOIST0 CRATE4 CONTAINER-4-2 LOADAREA CONTAINER4) [D:1.0000; C:1.0000]
 143.0000: (LIFT HOIST2 CRATE6 DEPOT1-2-1 LOADAREA DEPOT1) [D:1.0000; C:1.0000]
 143.0000: (LIFT HOIST0 CRATE3 CONTAINER-0-3 LOADAREA CONTAINER0) [D:1.0000; C:1.0000]
 143.0000: (LIFT HOIST4 CRATE11 DEPOT2-2-3 LOADAREA DEPOT2) [D:1.0000; C:1.0000]
 144.0000: (DROP HOIST2 CRATE6 CONTAINER-1-2 LOADAREA CONTAINER1) [D:1.0000; C:1.0000]
 144.0000: (DROP HOIST4 CRATE11 DEPOT2-2-3 LOADAREA DEPOT2) [D:1.0000; C:1.0000]
 144.0000: (GO-IN HOIST0 LOADAREA DEPOT0-2-1) [D:1.0000; C:1.0000]
 145.0000: (LIFT HOIST2 CRATE7 CONTAINER-0-0 LOADAREA CONTAINER0) [D:1.0000; C:1.0000]
 145.0000: (MOVE HOIST0 DEPOT0-2-1 DEPOT0-1-1) [D:1.0000; C:1.0000]
 146.0000: (DROP HOIST2 CRATE7 DEPOT1-2-1 LOADAREA DEPOT1) [D:1.0000; C:1.0000]
 147.0000: (LIFT HOIST2 CRATE10 CONTAINER-1-3 LOADAREA CONTAINER1) [D:1.0000; C:1.0000]
 148.0000: (DROP HOIST2 CRATE10 CONTAINER-0-2 LOADAREA CONTAINER0) [D:1.0000; C:1.0000]
 149.0000: (LIFT HOIST2 CRATE15 CONTAINER-3-2 LOADAREA CONTAINER3) [D:1.0000; C:1.0000]
 150.0000: (GO-IN HOIST2 LOADAREA CONTAINER-3-2) [D:1.0000; C:1.0000]
 151.0000: (GO-OUT HOIST2 CONTAINER-3-2 LOADAREA) [D:1.0000; C:1.0000]
 152.0000: (DROP HOIST2 CRATE15 CONTAINER-1-3 LOADAREA CONTAINER1) [D:1.0000; C:1.0000]
 153.0000: (LIFT HOIST2 CRATE10 CONTAINER-0-2 LOADAREA CONTAINER0) [D:1.0000; C:1.0000]
 154.0000: (DROP HOIST2 CRATE10 CONTAINER-3-2 LOADAREA CONTAINER3) [D:1.0000; C:1.0000]
 155.0000: (LIFT HOIST2 CRATE10 CONTAINER-3-2 LOADAREA CONTAINER3) [D:1.0000; C:1.0000]
 156.0000: (DROP HOIST2 CRATE10 CONTAINER-3-2 LOADAREA CONTAINER3) [D:1.0000; C:1.0000]
 157.0000: (LIFT HOIST2 CRATE15 CONTAINER-1-3 LOADAREA CONTAINER1) [D:1.0000; C:1.0000]
 158.0000: (DROP HOIST2 CRATE15 CONTAINER-0-3 LOADAREA CONTAINER0) [D:1.0000; C:1.0000]
 159.0000: (LIFT HOIST2 CRATE11 DEPOT2-2-3 LOADAREA DEPOT2) [D:1.0000; C:1.0000]
 160.0000: (DROP HOIST2 CRATE11 DEPOT2-2-3 LOADAREA DEPOT2) [D:1.0000; C:1.0000]
 161.0000: (LIFT HOIST2 CRATE11 DEPOT2-2-3 LOADAREA DEPOT2) [D:1.0000; C:1.0000]
 162.0000: (DROP HOIST2 CRATE11 DEPOT2-2-3 LOADAREA DEPOT2) [D:1.0000; C:1.0000]
 163.0000: (LIFT HOIST2 CRATE10 CONTAINER-3-2 LOADAREA CONTAINER3) [D:1.0000; C:1.0000]
 164.0000: (DROP HOIST2 CRATE10 CONTAINER-1-3 LOADAREA CONTAINER1) [D:1.0000; C:1.0000]
 165.0000: (LIFT HOIST2 CRATE11 DEPOT2-2-3 LOADAREA DEPOT2) [D:1.0000; C:1.0000]
 165.0000: (LIFT HOIST4 CRATE10 CONTAINER-1-3 LOADAREA CONTAINER1) [D:1.0000; C:1.0000]
 166.0000: (GO-IN HOIST4 LOADAREA CONTAINER-1-1) [D:1.0000; C:1.0000]
 166.0000: (DROP HOIST2 CRATE11 CONTAINER-3-3 LOADAREA CONTAINER3) [D:1.0000; C:1.0000]
 167.0000: (GO-OUT HOIST4 CONTAINER-1-1 LOADAREA) [D:1.0000; C:1.0000]
 167.0000: (LIFT HOIST2 CRATE0 CONTAINER-0-1 LOADAREA CONTAINER0) [D:1.0000; C:1.0000]
 168.0000: (DROP HOIST4 CRATE10 DEPOT2-2-3 LOADAREA DEPOT2) [D:1.0000; C:1.0000]
 168.0000: (DROP HOIST2 CRATE0 DEPOT0-2-1 LOADAREA DEPOT0) [D:1.0000; C:1.0000]
 169.0000: (LIFT HOIST4 CRATE0 DEPOT0-2-1 LOADAREA DEPOT0) [D:1.0000; C:1.0000]
 170.0000: (MOVE HOIST0 DEPOT0-1-1 DEPOT0-2-1) [D:1.0000; C:1.0000]
 171.0000: (MOVE HOIST0 DEPOT0-2-1 DEPOT0-1-1) [D:1.0000; C:1.0000]
 172.0000: (DROP HOIST4 CRATE0 DEPOT0-2-1 LOADAREA DEPOT0) [D:1.0000; C:1.0000]
 173.0000: (LIFT HOIST4 CRATE0 DEPOT0-2-1 LOADAREA DEPOT0) [D:1.0000; C:1.0000]
 174.0000: (DROP HOIST4 CRATE0 CONTAINER-3-0 LOADAREA CONTAINER3) [D:1.0000; C:1.0000]
 175.0000: (LIFT HOIST4 CRATE7 DEPOT1-2-1 LOADAREA DEPOT1) [D:1.0000; C:1.0000]
 176.0000: (DROP HOIST4 CRATE7 DEPOT1-2-1 LOADAREA DEPOT1) [D:1.0000; C:1.0000]
 177.0000: (LIFT HOIST4 CRATE12 DEPOT3-2-1 LOADAREA DEPOT3) [D:1.0000; C:1.0000]
 178.0000: (DROP HOIST4 CRATE12 CONTAINER-4-1 LOADAREA CONTAINER4) [D:1.0000; C:1.0000]
 179.0000: (LIFT HOIST4 CRATE10 DEPOT2-2-3 LOADAREA DEPOT2) [D:1.0000; C:1.0000]
 180.0000: (DROP HOIST4 CRATE10 CONTAINER-4-0 LOADAREA CONTAINER4) [D:1.0000; C:1.0000]
 181.0000: (LIFT HOIST4 CRATE11 CONTAINER-3-3 LOADAREA CONTAINER3) [D:1.0000; C:1.0000]
 182.0000: (GO-IN HOIST4 LOADAREA CONTAINER-2-1) [D:1.0000; C:1.0000]
 183.0000: (GO-OUT HOIST4 CONTAINER-2-1 LOADAREA) [D:1.0000; C:1.0000]
 184.0000: (DROP HOIST4 CRATE11 DEPOT2-2-3 LOADAREA DEPOT2) [D:1.0000; C:1.0000]
 185.0000: (LIFT HOIST4 CRATE0 CONTAINER-3-0 LOADAREA CONTAINER3) [D:1.0000; C:1.0000]
 186.0000: (GO-IN HOIST4 LOADAREA CONTAINER-0-0) [D:1.0000; C:1.0000]
 187.0000: (GO-OUT HOIST4 CONTAINER-0-0 LOADAREA) [D:1.0000; C:1.0000]
 188.0000: (DROP HOIST4 CRATE0 DEPOT0-2-1 LOADAREA DEPOT0) [D:1.0000; C:1.0000]
 189.0000: (LIFT HOIST4 CRATE0 DEPOT0-2-1 LOADAREA DEPOT0) [D:1.0000; C:1.0000]
 190.0000: (DROP HOIST4 CRATE0 DEPOT0-2-1 LOADAREA DEPOT0) [D:1.0000; C:1.0000]
 191.0000: (LIFT HOIST4 CRATE7 DEPOT1-2-1 LOADAREA DEPOT1) [D:1.0000; C:1.0000]
 191.0000: (LIFT HOIST2 CRATE0 DEPOT0-2-1 LOADAREA DEPOT0) [D:1.0000; C:1.0000]
 192.0000: (DROP HOIST4 CRATE7 CONTAINER-3-0 LOADAREA CONTAINER3) [D:1.0000; C:1.0000]
 192.0000: (DROP HOIST2 CRATE0 DEPOT0-2-1 LOADAREA DEPOT0) [D:1.0000; C:1.0000]
 193.0000: (LIFT HOIST4 CRATE5 CONTAINER-1-0 LOADAREA CONTAINER1) [D:1.0000; C:1.0000]
 193.0000: (LIFT HOIST2 CRATE0 DEPOT0-2-1 LOADAREA DEPOT0) [D:1.0000; C:1.0000]
 194.0000: (DROP HOIST4 CRATE5 DEPOT1-2-1 LOADAREA DEPOT1) [D:1.0000; C:1.0000]
 194.0000: (GO-IN HOIST2 LOADAREA DEPOT3-2-1) [D:1.0000; C:1.0000]
 194.0000: (DROP HOIST0 CRATE3 DEPOT0-2-1 DEPOT0-1-1 DEPOT0) [D:1.0000; C:1.0000]
 195.0000: (LIFT HOIST4 CRATE11 DEPOT2-2-3 LOADAREA DEPOT2) [D:1.0000; C:1.0000]
 195.0000: (MOVE HOIST2 DEPOT3-2-1 DEPOT3-2-2) [D:1.0000; C:1.0000]
 196.0000: (DROP HOIST4 CRATE11 CONTAINER-2-0 LOADAREA CONTAINER2) [D:1.0000; C:1.0000]
 196.0000: (MOVE HOIST2 DEPOT3-2-2 DEPOT3-2-1) [D:1.0000; C:1.0000]
 197.0000: (LIFT HOIST4 CRATE10 CONTAINER-4-0 LOADAREA CONTAINER4) [D:1.0000; C:1.0000]
 197.0000: (GO-OUT HOIST2 DEPOT3-2-1 LOADAREA) [D:1.0000; C:1.0000]
 197.0000: (MOVE HOIST1 DEPOT3-1-2 DEPOT3-2-2) [D:1.0000; C:1.0000]
 198.0000: (DROP HOIST4 CRATE10 DEPOT2-2-3 LOADAREA DEPOT2) [D:1.0000; C:1.0000]
 198.0000: (DROP HOIST2 CRATE0 CONTAINER-4-0 LOADAREA CONTAINER4) [D:1.0000; C:1.0000]
 199.0000: (LIFT HOIST4 CRATE15 CONTAINER-0-3 LOADAREA CONTAINER0) [D:1.0000; C:1.0000]
 199.0000: (LIFT HOIST2 CRATE10 DEPOT2-2-3 LOADAREA DEPOT2) [D:1.0000; C:1.0000]
 200.0000: (DROP HOIST4 CRATE15 CONTAINER-2-1 LOADAREA CONTAINER2) [D:1.0000; C:1.0000]
 200.0000: (DROP HOIST2 CRATE10 DEPOT2-2-3 LOADAREA DEPOT2) [D:1.0000; C:1.0000]
 201.0000: (LIFT HOIST4 CRATE12 CONTAINER-4-1 LOADAREA CONTAINER4) [D:1.0000; C:1.0000]
 201.0000: (LIFT HOIST2 CRATE15 CONTAINER-2-1 LOADAREA CONTAINER2) [D:1.0000; C:1.0000]
 202.0000: (DROP HOIST4 CRATE12 DEPOT3-2-1 LOADAREA DEPOT3) [D:1.0000; C:1.0000]
 202.0000: (DROP HOIST2 CRATE15 CONTAINER-3-3 LOADAREA CONTAINER3) [D:1.0000; C:1.0000]
 203.0000: (GO-IN HOIST4 LOADAREA CONTAINER-0-3) [D:1.0000; C:1.0000]
 203.0000: (LIFT HOIST2 CRATE4 CONTAINER-4-2 LOADAREA CONTAINER4) [D:1.0000; C:1.0000]
 204.0000: (GO-OUT HOIST4 CONTAINER-0-3 LOADAREA) [D:1.0000; C:1.0000]
 205.0000: (LIFT HOIST4 CRATE5 DEPOT1-2-1 LOADAREA DEPOT1) [D:1.0000; C:1.0000]
 206.0000: (GO-IN HOIST4 LOADAREA DEPOT1-2-1) [D:1.0000; C:1.0000]
 207.0000: (GO-OUT HOIST4 DEPOT1-2-1 LOADAREA) [D:1.0000; C:1.0000]
 208.0000: (DROP HOIST4 CRATE5 CONTAINER-1-3 LOADAREA CONTAINER1) [D:1.0000; C:1.0000]
 209.0000: (LIFT HOIST4 CRATE10 DEPOT2-2-3 LOADAREA DEPOT2) [D:1.0000; C:1.0000]
 210.0000: (DROP HOIST4 CRATE10 CONTAINER-2-3 LOADAREA CONTAINER2) [D:1.0000; C:1.0000]
 211.0000: (LIFT HOIST4 CRATE11 CONTAINER-2-0 LOADAREA CONTAINER2) [D:1.0000; C:1.0000]
 212.0000: (DROP HOIST4 CRATE11 DEPOT2-2-3 LOADAREA DEPOT2) [D:1.0000; C:1.0000]
 213.0000: (GO-IN HOIST4 LOADAREA DEPOT1-2-1) [D:1.0000; C:1.0000]
 214.0000: (MOVE HOIST4 DEPOT1-2-1 DEPOT1-2-2) [D:1.0000; C:1.0000]
 215.0000: (MOVE HOIST4 DEPOT1-2-2 DEPOT1-2-1) [D:1.0000; C:1.0000]
 216.0000: (GO-OUT HOIST4 DEPOT1-2-1 LOADAREA) [D:1.0000; C:1.0000]
 217.0000: (LIFT HOIST4 CRATE6 CONTAINER-1-2 LOADAREA CONTAINER1) [D:1.0000; C:1.0000]
 218.0000: (GO-IN HOIST4 LOADAREA DEPOT1-2-1) [D:1.0000; C:1.0000]
 219.0000: (GO-OUT HOIST4 DEPOT1-2-1 LOADAREA) [D:1.0000; C:1.0000]
 220.0000: (DROP HOIST4 CRATE6 CONTAINER-0-1 LOADAREA CONTAINER0) [D:1.0000; C:1.0000]
 220.0000: (GO-IN HOIST2 LOADAREA DEPOT1-2-1) [D:1.0000; C:1.0000]
 221.0000: (DROP HOIST2 CRATE4 DEPOT1-2-2 DEPOT1-2-1 DEPOT1) [D:1.0000; C:1.0000]
 222.0000: (GO-OUT HOIST2 DEPOT1-2-1 LOADAREA) [D:1.0000; C:1.0000]
 223.0000: (GO-IN HOIST4 LOADAREA DEPOT1-2-1) [D:1.0000; C:1.0000]
 224.0000: (LIFT HOIST4 CRATE4 DEPOT1-2-2 DEPOT1-2-1 DEPOT1) [D:1.0000; C:1.0000]
 225.0000: (GO-OUT HOIST4 DEPOT1-2-1 LOADAREA) [D:1.0000; C:1.0000]
 226.0000: (GO-IN HOIST2 LOADAREA DEPOT1-2-1) [D:1.0000; C:1.0000]
 227.0000: (GO-OUT HOIST2 DEPOT1-2-1 LOADAREA) [D:1.0000; C:1.0000]
 228.0000: (DROP HOIST4 CRATE4 DEPOT1-2-1 LOADAREA DEPOT1) [D:1.0000; C:1.0000]
 229.0000: (LIFT HOIST4 CRATE7 CONTAINER-3-0 LOADAREA CONTAINER3) [D:1.0000; C:1.0000]
 229.0000: (LIFT HOIST2 CRATE4 DEPOT1-2-1 LOADAREA DEPOT1) [D:1.0000; C:1.0000]
 230.0000: (GO-IN HOIST4 LOADAREA DEPOT1-2-1) [D:1.0000; C:1.0000]
 231.0000: (MOVE HOIST4 DEPOT1-2-1 DEPOT1-2-2) [D:1.0000; C:1.0000]
 232.0000: (MOVE HOIST4 DEPOT1-2-2 DEPOT1-1-2) [D:1.0000; C:1.0000]
 232.0000: (DROP HOIST2 CRATE4 DEPOT1-2-1 LOADAREA DEPOT1) [D:1.0000; C:1.0000]
 233.0000: (DROP HOIST4 CRATE7 DEPOT1-1-3 DEPOT1-1-2 DEPOT1) [D:1.0000; C:1.0000]
 233.0000: (LIFT HOIST2 CRATE6 CONTAINER-0-1 LOADAREA CONTAINER0) [D:1.0000; C:1.0000]
 234.0000: (MOVE HOIST4 DEPOT1-1-2 DEPOT1-2-2) [D:1.0000; C:1.0000]
 234.0000: (DROP HOIST2 CRATE6 CONTAINER-2-0 LOADAREA CONTAINER2) [D:1.0000; C:1.0000]
 235.0000: (LIFT HOIST2 CRATE4 DEPOT1-2-1 LOADAREA DEPOT1) [D:1.0000; C:1.0000]
 236.0000: (MOVE HOIST4 DEPOT1-2-2 DEPOT1-2-1) [D:1.0000; C:1.0000]
 237.0000: (GO-OUT HOIST4 DEPOT1-2-1 LOADAREA) [D:1.0000; C:1.0000]
 238.0000: (GO-IN HOIST4 LOADAREA CONTAINER-1-2) [D:1.0000; C:1.0000]
 239.0000: (GO-OUT HOIST4 CONTAINER-1-2 LOADAREA) [D:1.0000; C:1.0000]
 240.0000: (LIFT HOIST4 CRATE6 CONTAINER-2-0 LOADAREA CONTAINER2) [D:1.0000; C:1.0000]
 241.0000: (GO-IN HOIST4 LOADAREA DEPOT1-2-1) [D:1.0000; C:1.0000]
 242.0000: (MOVE HOIST4 DEPOT1-2-1 DEPOT1-2-2) [D:1.0000; C:1.0000]
 243.0000: (MOVE HOIST4 DEPOT1-2-2 DEPOT1-1-2) [D:1.0000; C:1.0000]
 244.0000: (MOVE HOIST4 DEPOT1-1-2 DEPOT1-2-2) [D:1.0000; C:1.0000]
 245.0000: (MOVE HOIST4 DEPOT1-2-2 DEPOT1-2-1) [D:1.0000; C:1.0000]
 246.0000: (GO-OUT HOIST4 DEPOT1-2-1 LOADAREA) [D:1.0000; C:1.0000]
 247.0000: (DROP HOIST4 CRATE6 CONTAINER-1-1 LOADAREA CONTAINER1) [D:1.0000; C:1.0000]
 248.0000: (LIFT HOIST4 CRATE12 DEPOT3-2-1 LOADAREA DEPOT3) [D:1.0000; C:1.0000]
 249.0000: (DROP HOIST4 CRATE12 DEPOT3-2-1 LOADAREA DEPOT3) [D:1.0000; C:1.0000]
 250.0000: (LIFT HOIST4 CRATE12 DEPOT3-2-1 LOADAREA DEPOT3) [D:1.0000; C:1.0000]
 251.0000: (DROP HOIST4 CRATE12 CONTAINER-0-3 LOADAREA CONTAINER0) [D:1.0000; C:1.0000]
 251.0000: (MOVE HOIST1 DEPOT3-2-2 DEPOT3-2-1) [D:1.0000; C:1.0000]
 252.0000: (LIFT HOIST4 CRATE5 CONTAINER-1-3 LOADAREA CONTAINER1) [D:1.0000; C:1.0000]
 252.0000: (GO-OUT HOIST1 DEPOT3-2-1 LOADAREA) [D:1.0000; C:1.0000]
 253.0000: (GO-IN HOIST4 LOADAREA DEPOT1-2-1) [D:1.0000; C:1.0000]
 253.0000: (GO-IN HOIST1 LOADAREA CONTAINER-1-0) [D:1.0000; C:1.0000]
 254.0000: (MOVE HOIST4 DEPOT1-2-1 DEPOT1-1-1) [D:1.0000; C:1.0000]
 254.0000: (GO-OUT HOIST1 CONTAINER-1-0 LOADAREA) [D:1.0000; C:1.0000]
 255.0000: (MOVE HOIST4 DEPOT1-1-1 DEPOT1-1-2) [D:1.0000; C:1.0000]
 255.0000: (DROP HOIST2 CRATE4 DEPOT1-2-1 LOADAREA DEPOT1) [D:1.0000; C:1.0000]
 255.0000: (GO-IN HOIST1 LOADAREA CONTAINER-2-0) [D:1.0000; C:1.0000]
 256.0000: (MOVE HOIST4 DEPOT1-1-2 DEPOT1-2-2) [D:1.0000; C:1.0000]
 256.0000: (GO-OUT HOIST1 CONTAINER-2-0 LOADAREA) [D:1.0000; C:1.0000]
 256.0000: (LIFT HOIST2 CRATE6 CONTAINER-1-1 LOADAREA CONTAINER1) [D:1.0000; C:1.0000]
 257.0000: (DROP HOIST4 CRATE5 DEPOT1-1-2 DEPOT1-2-2 DEPOT1) [D:1.0000; C:1.0000]
 257.0000: (GO-IN HOIST1 LOADAREA CONTAINER-3-0) [D:1.0000; C:1.0000]
 258.0000: (GO-OUT HOIST1 CONTAINER-3-0 LOADAREA) [D:1.0000; C:1.0000]
 259.0000: (GO-IN HOIST1 LOADAREA CONTAINER-3-1) [D:1.0000; C:1.0000]
 260.0000: (GO-OUT HOIST1 CONTAINER-3-1 LOADAREA) [D:1.0000; C:1.0000]
 261.0000: (LIFT HOIST1 CRATE4 DEPOT1-2-1 LOADAREA DEPOT1) [D:1.0000; C:1.0000]
 262.0000: (DROP HOIST2 CRATE6 DEPOT1-2-1 LOADAREA DEPOT1) [D:1.0000; C:1.0000]
 263.0000: (LIFT HOIST2 CRATE11 DEPOT2-2-3 LOADAREA DEPOT2) [D:1.0000; C:1.0000]
 263.0000: (LIFT HOIST4 CRATE6 DEPOT1-2-1 DEPOT1-2-2 DEPOT1) [D:1.0000; C:1.0000]
 264.0000: (DROP HOIST2 CRATE11 DEPOT2-2-3 LOADAREA DEPOT2) [D:1.0000; C:1.0000]
 264.0000: (DROP HOIST1 CRATE4 DEPOT1-2-1 LOADAREA DEPOT1) [D:1.0000; C:1.0000]
 264.0000: (DROP HOIST4 CRATE6 DEPOT1-2-3 DEPOT1-2-2 DEPOT1) [D:1.0000; C:1.0000]
 265.0000: (LIFT HOIST2 CRATE11 DEPOT2-2-3 LOADAREA DEPOT2) [D:1.0000; C:1.0000]
 265.0000: (LIFT HOIST1 CRATE4 DEPOT1-2-1 LOADAREA DEPOT1) [D:1.0000; C:1.0000]
 266.0000: (DROP HOIST2 CRATE11 DEPOT2-2-3 LOADAREA DEPOT2) [D:1.0000; C:1.0000]
 266.0000: (DROP HOIST1 CRATE4 DEPOT1-2-1 LOADAREA DEPOT1) [D:1.0000; C:1.0000]
 267.0000: (LIFT HOIST2 CRATE11 DEPOT2-2-3 LOADAREA DEPOT2) [D:1.0000; C:1.0000]
 267.0000: (LIFT HOIST1 CRATE15 CONTAINER-3-3 LOADAREA CONTAINER3) [D:1.0000; C:1.0000]
 268.0000: (DROP HOIST2 CRATE11 DEPOT2-2-3 LOADAREA DEPOT2) [D:1.0000; C:1.0000]
 269.0000: (LIFT HOIST2 CRATE11 DEPOT2-2-3 LOADAREA DEPOT2) [D:1.0000; C:1.0000]
 270.0000: (DROP HOIST2 CRATE11 DEPOT2-2-3 LOADAREA DEPOT2) [D:1.0000; C:1.0000]
 271.0000: (LIFT HOIST2 CRATE11 DEPOT2-2-3 LOADAREA DEPOT2) [D:1.0000; C:1.0000]
 272.0000: (DROP HOIST2 CRATE11 CONTAINER-2-2 LOADAREA CONTAINER2) [D:1.0000; C:1.0000]
 273.0000: (LIFT HOIST2 CRATE10 CONTAINER-2-3 LOADAREA CONTAINER2) [D:1.0000; C:1.0000]
 274.0000: (DROP HOIST2 CRATE10 DEPOT2-2-3 LOADAREA DEPOT2) [D:1.0000; C:1.0000]
 275.0000: (LIFT HOIST2 CRATE10 DEPOT2-2-3 LOADAREA DEPOT2) [D:1.0000; C:1.0000]
 276.0000: (DROP HOIST2 CRATE10 DEPOT2-2-3 LOADAREA DEPOT2) [D:1.0000; C:1.0000]
 277.0000: (LIFT HOIST2 CRATE10 DEPOT2-2-3 LOADAREA DEPOT2) [D:1.0000; C:1.0000]
 278.0000: (DROP HOIST2 CRATE10 DEPOT2-2-3 LOADAREA DEPOT2) [D:1.0000; C:1.0000]
 279.0000: (LIFT HOIST2 CRATE10 DEPOT2-2-3 LOADAREA DEPOT2) [D:1.0000; C:1.0000]
 280.0000: (DROP HOIST2 CRATE10 DEPOT2-2-3 LOADAREA DEPOT2) [D:1.0000; C:1.0000]
 281.0000: (LIFT HOIST2 CRATE10 DEPOT2-2-3 LOADAREA DEPOT2) [D:1.0000; C:1.0000]
 282.0000: (GO-IN HOIST2 LOADAREA DEPOT2-2-3) [D:1.0000; C:1.0000]
 283.0000: (MOVE HOIST2 DEPOT2-2-3 DEPOT2-2-2) [D:1.0000; C:1.0000]
 284.0000: (DROP HOIST2 CRATE10 DEPOT2-2-1 DEPOT2-2-2 DEPOT2) [D:1.0000; C:1.0000]
 285.0000: (MOVE HOIST2 DEPOT2-2-2 DEPOT2-2-3) [D:1.0000; C:1.0000]
 286.0000: (GO-OUT HOIST2 DEPOT2-2-3 LOADAREA) [D:1.0000; C:1.0000]
 287.0000: (LIFT HOIST2 CRATE11 CONTAINER-2-2 LOADAREA CONTAINER2) [D:1.0000; C:1.0000]
 288.0000: (DROP HOIST2 CRATE11 DEPOT2-2-3 LOADAREA DEPOT2) [D:1.0000; C:1.0000]
 289.0000: (GO-IN HOIST2 LOADAREA DEPOT3-2-1) [D:1.0000; C:1.0000]
 290.0000: (GO-OUT HOIST2 DEPOT3-2-1 LOADAREA) [D:1.0000; C:1.0000]
 291.0000: (LIFT HOIST2 CRATE3 DEPOT0-2-1 LOADAREA DEPOT0) [D:1.0000; C:1.0000]
 291.0000: (DROP HOIST1 CRATE15 DEPOT3-2-1 LOADAREA DEPOT3) [D:1.0000; C:1.0000]
 292.0000: (DROP HOIST2 CRATE3 DEPOT0-2-1 LOADAREA DEPOT0) [D:1.0000; C:1.0000]
 293.0000: (LIFT HOIST0 CRATE3 DEPOT0-2-1 DEPOT0-1-1 DEPOT0) [D:1.0000; C:1.0000]
 293.0000: (LIFT HOIST2 CRATE0 CONTAINER-4-0 LOADAREA CONTAINER4) [D:1.0000; C:1.0000]
 294.0000: (DROP HOIST0 CRATE3 DEPOT0-2-1 DEPOT0-1-1 DEPOT0) [D:1.0000; C:1.0000]
 295.0000: (LIFT HOIST0 CRATE3 DEPOT0-2-1 DEPOT0-1-1 DEPOT0) [D:1.0000; C:1.0000]
 296.0000: (DROP HOIST0 CRATE3 DEPOT0-2-1 DEPOT0-1-1 DEPOT0) [D:1.0000; C:1.0000]
 297.0000: (LIFT HOIST1 CRATE3 DEPOT0-2-1 LOADAREA DEPOT0) [D:1.0000; C:1.0000]
 298.0000: (DROP HOIST1 CRATE3 CONTAINER-2-3 LOADAREA CONTAINER2) [D:1.0000; C:1.0000]
 299.0000: (LIFT HOIST1 CRATE17 DEPOT4-3-2 LOADAREA DEPOT4) [D:1.0000; C:1.0000]
 300.0000: (DROP HOIST1 CRATE17 DEPOT0-2-1 LOADAREA DEPOT0) [D:1.0000; C:1.0000]
 301.0000: (LIFT HOIST0 CRATE17 DEPOT0-2-1 DEPOT0-1-1 DEPOT0) [D:1.0000; C:1.0000]
 302.0000: (DROP HOIST2 CRATE0 DEPOT0-2-1 LOADAREA DEPOT0) [D:1.0000; C:1.0000]
 303.0000: (LIFT HOIST1 CRATE0 DEPOT0-2-1 LOADAREA DEPOT0) [D:1.0000; C:1.0000]
 304.0000: (DROP HOIST0 CRATE17 DEPOT0-2-1 DEPOT0-1-1 DEPOT0) [D:1.0000; C:1.0000]
 305.0000: (LIFT HOIST2 CRATE17 DEPOT0-2-1 LOADAREA DEPOT0) [D:1.0000; C:1.0000]
 306.0000: (DROP HOIST2 CRATE17 DEPOT4-3-2 LOADAREA DEPOT4) [D:1.0000; C:1.0000]
 306.0000: (DROP HOIST1 CRATE0 DEPOT0-2-1 LOADAREA DEPOT0) [D:1.0000; C:1.0000]
 307.0000: (LIFT HOIST0 CRATE0 DEPOT0-2-1 DEPOT0-1-1 DEPOT0) [D:1.0000; C:1.0000]
 307.0000: (LIFT HOIST1 CRATE12 CONTAINER-0-3 LOADAREA CONTAINER0) [D:1.0000; C:1.0000]
 307.0000: (LIFT HOIST2 CRATE15 DEPOT3-2-1 LOADAREA DEPOT3) [D:1.0000; C:1.0000]
 308.0000: (GO-IN HOIST1 LOADAREA DEPOT3-2-1) [D:1.0000; C:1.0000]
 308.0000: (DROP HOIST0 CRATE0 DEPOT0-2-1 DEPOT0-1-1 DEPOT0) [D:1.0000; C:1.0000]
 309.0000: (MOVE HOIST1 DEPOT3-2-1 DEPOT3-2-2) [D:1.0000; C:1.0000]
 309.0000: (LIFT HOIST0 CRATE0 DEPOT0-2-1 DEPOT0-1-1 DEPOT0) [D:1.0000; C:1.0000]
 310.0000: (MOVE HOIST1 DEPOT3-2-2 DEPOT3-1-2) [D:1.0000; C:1.0000]
 310.0000: (DROP HOIST0 CRATE0 DEPOT0-2-1 DEPOT0-1-1 DEPOT0) [D:1.0000; C:1.0000]
 310.0000: (DROP HOIST2 CRATE15 DEPOT3-2-1 LOADAREA DEPOT3) [D:1.0000; C:1.0000]
 311.0000: (MOVE HOIST1 DEPOT3-1-2 DEPOT3-1-3) [D:1.0000; C:1.0000]
 311.0000: (LIFT HOIST0 CRATE0 DEPOT0-2-1 DEPOT0-1-1 DEPOT0) [D:1.0000; C:1.0000]
 311.0000: (LIFT HOIST2 CRATE3 CONTAINER-2-3 LOADAREA CONTAINER2) [D:1.0000; C:1.0000]
 312.0000: (DROP HOIST1 CRATE12 DEPOT3-1-2 DEPOT3-1-3 DEPOT3) [D:1.0000; C:1.0000]
 312.0000: (DROP HOIST0 CRATE0 DEPOT0-2-1 DEPOT0-1-1 DEPOT0) [D:1.0000; C:1.0000]
 313.0000: (LIFT HOIST0 CRATE0 DEPOT0-2-1 DEPOT0-1-1 DEPOT0) [D:1.0000; C:1.0000]
 314.0000: (DROP HOIST0 CRATE0 DEPOT0-2-1 DEPOT0-1-1 DEPOT0) [D:1.0000; C:1.0000]
 315.0000: (LIFT HOIST0 CRATE0 DEPOT0-2-1 DEPOT0-1-1 DEPOT0) [D:1.0000; C:1.0000]
 316.0000: (DROP HOIST0 CRATE0 DEPOT0-2-1 DEPOT0-1-1 DEPOT0) [D:1.0000; C:1.0000]
 317.0000: (LIFT HOIST0 CRATE0 DEPOT0-2-1 DEPOT0-1-1 DEPOT0) [D:1.0000; C:1.0000]
 318.0000: (DROP HOIST0 CRATE0 DEPOT0-2-1 DEPOT0-1-1 DEPOT0) [D:1.0000; C:1.0000]
 319.0000: (LIFT HOIST0 CRATE0 DEPOT0-2-1 DEPOT0-1-1 DEPOT0) [D:1.0000; C:1.0000]
 320.0000: (DROP HOIST0 CRATE0 DEPOT0-2-1 DEPOT0-1-1 DEPOT0) [D:1.0000; C:1.0000]
 321.0000: (LIFT HOIST0 CRATE0 DEPOT0-2-1 DEPOT0-1-1 DEPOT0) [D:1.0000; C:1.0000]
 322.0000: (DROP HOIST0 CRATE0 DEPOT0-2-1 DEPOT0-1-1 DEPOT0) [D:1.0000; C:1.0000]
 323.0000: (LIFT HOIST0 CRATE0 DEPOT0-2-1 DEPOT0-1-1 DEPOT0) [D:1.0000; C:1.0000]
 324.0000: (DROP HOIST0 CRATE0 DEPOT0-2-1 DEPOT0-1-1 DEPOT0) [D:1.0000; C:1.0000]
 325.0000: (LIFT HOIST0 CRATE0 DEPOT0-2-1 DEPOT0-1-1 DEPOT0) [D:1.0000; C:1.0000]
 326.0000: (DROP HOIST0 CRATE0 DEPOT0-2-1 DEPOT0-1-1 DEPOT0) [D:1.0000; C:1.0000]
 327.0000: (LIFT HOIST0 CRATE0 DEPOT0-2-1 DEPOT0-1-1 DEPOT0) [D:1.0000; C:1.0000]
 328.0000: (DROP HOIST0 CRATE0 DEPOT0-2-1 DEPOT0-1-1 DEPOT0) [D:1.0000; C:1.0000]
 329.0000: (LIFT HOIST0 CRATE0 DEPOT0-2-1 DEPOT0-1-1 DEPOT0) [D:1.0000; C:1.0000]
 330.0000: (DROP HOIST0 CRATE0 DEPOT0-2-1 DEPOT0-1-1 DEPOT0) [D:1.0000; C:1.0000]
 331.0000: (LIFT HOIST0 CRATE0 DEPOT0-2-1 DEPOT0-1-1 DEPOT0) [D:1.0000; C:1.0000]
 332.0000: (DROP HOIST0 CRATE0 DEPOT0-2-1 DEPOT0-1-1 DEPOT0) [D:1.0000; C:1.0000]
 333.0000: (LIFT HOIST0 CRATE0 DEPOT0-2-1 DEPOT0-1-1 DEPOT0) [D:1.0000; C:1.0000]
 334.0000: (DROP HOIST0 CRATE0 DEPOT0-2-1 DEPOT0-1-1 DEPOT0) [D:1.0000; C:1.0000]
 335.0000: (LIFT HOIST0 CRATE0 DEPOT0-2-1 DEPOT0-1-1 DEPOT0) [D:1.0000; C:1.0000]
 336.0000: (DROP HOIST0 CRATE0 DEPOT0-2-1 DEPOT0-1-1 DEPOT0) [D:1.0000; C:1.0000]
 337.0000: (LIFT HOIST0 CRATE0 DEPOT0-2-1 DEPOT0-1-1 DEPOT0) [D:1.0000; C:1.0000]
 338.0000: (DROP HOIST0 CRATE0 DEPOT0-2-1 DEPOT0-1-1 DEPOT0) [D:1.0000; C:1.0000]
 339.0000: (LIFT HOIST0 CRATE0 DEPOT0-2-1 DEPOT0-1-1 DEPOT0) [D:1.0000; C:1.0000]
 340.0000: (DROP HOIST0 CRATE0 DEPOT0-2-1 DEPOT0-1-1 DEPOT0) [D:1.0000; C:1.0000]
 341.0000: (LIFT HOIST0 CRATE0 DEPOT0-2-1 DEPOT0-1-1 DEPOT0) [D:1.0000; C:1.0000]
 342.0000: (DROP HOIST0 CRATE0 DEPOT0-2-1 DEPOT0-1-1 DEPOT0) [D:1.0000; C:1.0000]
 343.0000: (LIFT HOIST0 CRATE0 DEPOT0-2-1 DEPOT0-1-1 DEPOT0) [D:1.0000; C:1.0000]
 344.0000: (MOVE HOIST0 DEPOT0-1-1 DEPOT0-2-1) [D:1.0000; C:1.0000]
 345.0000: (MOVE HOIST0 DEPOT0-2-1 DEPOT0-2-2) [D:1.0000; C:1.0000]
 346.0000: (MOVE HOIST0 DEPOT0-2-2 DEPOT0-1-2) [D:1.0000; C:1.0000]
 346.0000: (DROP HOIST2 CRATE3 DEPOT0-2-1 LOADAREA DEPOT0) [D:1.0000; C:1.0000]
 347.0000: (DROP HOIST0 CRATE0 DEPOT0-1-1 DEPOT0-1-2 DEPOT0) [D:1.0000; C:1.0000]


Solution found:
Total time:      309.05
Search time:     303.92
Actions:         452
Execution cost:  452.00
Duration:        348.000
Plan quality:    452.000


Parsing domain file:  domain 'STORAGE-PROPOSITIONAL' defined ... done.
Parsing problem file:  problem 'STORAGE-30' defined ... done.



Modality: Fast Planner

Number of actions             :   25750
Number of conditional actions :       0
Number of facts               :    1870


Analyzing Planning Problem:
	Temporal Planning Problem: NO
	Numeric Planning Problem: NO
	Problem with Timed Initial Litearals: NO
	Problem with Derived Predicates: NO

Evaluation function weights:
     Action duration 0.00; Action cost 1.00


Computing mutex... done

Preprocessing total time: 6.15 seconds

Searching ('.' = every 50 search steps):
........... search limit exceeded. Restart.
............. search limit exceeded. Restart.
............... search limit exceeded. Restart.
.................. search limit exceeded. Restart.
..................... search limit exceeded. Restart.
........................ search limit exceeded. Restart.
............................ search limit exceeded. Restart.
........................... solution found: 

Plan computed:
   Time: (ACTION) [action Duration; action Cost]
 0.0000: (GO-OUT HOIST2 DEPOT2-2-2 LOADAREA) [D:1.0000; C:1.0000]
 0.0000: (MOVE HOIST4 DEPOT4-1-3 DEPOT4-1-4) [D:1.0000; C:1.0000]
 0.0000: (MOVE HOIST3 DEPOT4-1-1 DEPOT4-1-2) [D:1.0000; C:1.0000]
 0.0000: (MOVE HOIST1 DEPOT2-2-4 DEPOT2-1-4) [D:1.0000; C:1.0000]
 1.0000: (LIFT HOIST2 CRATE6 CONTAINER-1-2 LOADAREA CONTAINER1) [D:1.0000; C:1.0000]
 1.0000: (MOVE HOIST3 DEPOT4-1-2 DEPOT4-1-3) [D:1.0000; C:1.0000]
 1.0000: (MOVE HOIST1 DEPOT2-1-4 DEPOT2-1-3) [D:1.0000; C:1.0000]
 2.0000: (DROP HOIST2 CRATE6 DEPOT1-2-4 LOADAREA DEPOT1) [D:1.0000; C:1.0000]
 2.0000: (MOVE HOIST1 DEPOT2-1-3 DEPOT2-2-3) [D:1.0000; C:1.0000]
 3.0000: (LIFT HOIST0 CRATE6 DEPOT1-2-4 DEPOT1-1-4 DEPOT1) [D:1.0000; C:1.0000]
 3.0000: (LIFT HOIST2 CRATE19 CONTAINER-4-3 LOADAREA CONTAINER4) [D:1.0000; C:1.0000]
 3.0000: (MOVE HOIST1 DEPOT2-2-3 DEPOT2-2-2) [D:1.0000; C:1.0000]
 4.0000: (MOVE HOIST0 DEPOT1-1-4 DEPOT1-2-4) [D:1.0000; C:1.0000]
 4.0000: (GO-OUT HOIST1 DEPOT2-2-2 LOADAREA) [D:1.0000; C:1.0000]
 5.0000: (DROP HOIST0 CRATE6 DEPOT1-1-4 DEPOT1-2-4 DEPOT1) [D:1.0000; C:1.0000]
 6.0000: (GO-OUT HOIST0 DEPOT1-2-4 LOADAREA) [D:1.0000; C:1.0000]
 7.0000: (LIFT HOIST0 CRATE18 CONTAINER-4-2 LOADAREA CONTAINER4) [D:1.0000; C:1.0000]
 8.0000: (DROP HOIST0 CRATE18 DEPOT4-2-3 LOADAREA DEPOT4) [D:1.0000; C:1.0000]
 9.0000: (LIFT HOIST3 CRATE18 DEPOT4-2-3 DEPOT4-1-3 DEPOT4) [D:1.0000; C:1.0000]
 9.0000: (LIFT HOIST0 CRATE1 CONTAINER-0-1 LOADAREA CONTAINER0) [D:1.0000; C:1.0000]
 10.0000: (DROP HOIST3 CRATE18 DEPOT4-2-3 DEPOT4-1-3 DEPOT4) [D:1.0000; C:1.0000]
 11.0000: (MOVE HOIST3 DEPOT4-1-3 DEPOT4-1-2) [D:1.0000; C:1.0000]
 12.0000: (MOVE HOIST4 DEPOT4-1-4 DEPOT4-1-3) [D:1.0000; C:1.0000]
 12.0000: (MOVE HOIST3 DEPOT4-1-2 DEPOT4-2-2) [D:1.0000; C:1.0000]
 13.0000: (LIFT HOIST4 CRATE18 DEPOT4-2-3 DEPOT4-1-3 DEPOT4) [D:1.0000; C:1.0000]
 14.0000: (DROP HOIST4 CRATE18 DEPOT4-1-2 DEPOT4-1-3 DEPOT4) [D:1.0000; C:1.0000]
 14.0000: (DROP HOIST2 CRATE19 DEPOT4-2-3 LOADAREA DEPOT4) [D:1.0000; C:1.0000]
 15.0000: (LIFT HOIST2 CRATE0 CONTAINER-0-0 LOADAREA CONTAINER0) [D:1.0000; C:1.0000]
 15.0000: (LIFT HOIST3 CRATE19 DEPOT4-2-3 DEPOT4-2-2 DEPOT4) [D:1.0000; C:1.0000]
 16.0000: (GO-IN HOIST1 LOADAREA CONTAINER-0-0) [D:1.0000; C:1.0000]
 16.0000: (DROP HOIST2 CRATE0 CONTAINER-0-1 LOADAREA CONTAINER0) [D:1.0000; C:1.0000]
 16.0000: (DROP HOIST3 CRATE19 DEPOT4-2-1 DEPOT4-2-2 DEPOT4) [D:1.0000; C:1.0000]
 17.0000: (GO-OUT HOIST1 CONTAINER-0-0 LOADAREA) [D:1.0000; C:1.0000]
 18.0000: (LIFT HOIST1 CRATE17 CONTAINER-4-1 LOADAREA CONTAINER4) [D:1.0000; C:1.0000]
 19.0000: (DROP HOIST1 CRATE17 DEPOT4-2-3 LOADAREA DEPOT4) [D:1.0000; C:1.0000]
 20.0000: (LIFT HOIST1 CRATE2 CONTAINER-0-2 LOADAREA CONTAINER0) [D:1.0000; C:1.0000]
 20.0000: (LIFT HOIST4 CRATE17 DEPOT4-2-3 DEPOT4-1-3 DEPOT4) [D:1.0000; C:1.0000]
 21.0000: (DROP HOIST1 CRATE2 DEPOT0-2-3 LOADAREA DEPOT0) [D:1.0000; C:1.0000]
 21.0000: (MOVE HOIST3 DEPOT4-2-2 DEPOT4-2-3) [D:1.0000; C:1.0000]
 21.0000: (DROP HOIST4 CRATE17 DEPOT4-1-4 DEPOT4-1-3 DEPOT4) [D:1.0000; C:1.0000]
 22.0000: (LIFT HOIST1 CRATE2 DEPOT0-2-3 LOADAREA DEPOT0) [D:1.0000; C:1.0000]
 22.0000: (GO-OUT HOIST3 DEPOT4-2-3 LOADAREA) [D:1.0000; C:1.0000]
 23.0000: (GO-IN HOIST1 LOADAREA DEPOT0-2-3) [D:1.0000; C:1.0000]
 24.0000: (MOVE HOIST1 DEPOT0-2-3 DEPOT0-2-2) [D:1.0000; C:1.0000]
 25.0000: (MOVE HOIST1 DEPOT0-2-2 DEPOT0-1-2) [D:1.0000; C:1.0000]
 26.0000: (MOVE HOIST1 DEPOT0-1-2 DEPOT0-1-1) [D:1.0000; C:1.0000]
 27.0000: (MOVE HOIST1 DEPOT0-1-1 DEPOT0-2-1) [D:1.0000; C:1.0000]
 28.0000: (MOVE HOIST1 DEPOT0-2-1 DEPOT0-2-2) [D:1.0000; C:1.0000]
 29.0000: (DROP HOIST1 CRATE2 DEPOT0-2-3 DEPOT0-2-2 DEPOT0) [D:1.0000; C:1.0000]
 30.0000: (MOVE HOIST1 DEPOT0-2-2 DEPOT0-1-2) [D:1.0000; C:1.0000]
 30.0000: (LIFT HOIST2 CRATE2 DEPOT0-2-3 LOADAREA DEPOT0) [D:1.0000; C:1.0000]
 31.0000: (MOVE HOIST1 DEPOT0-1-2 DEPOT0-1-3) [D:1.0000; C:1.0000]
 31.0000: (DROP HOIST2 CRATE2 CONTAINER-0-2 LOADAREA CONTAINER0) [D:1.0000; C:1.0000]
 32.0000: (MOVE HOIST1 DEPOT0-1-3 DEPOT0-1-4) [D:1.0000; C:1.0000]
 32.0000: (LIFT HOIST2 CRATE5 CONTAINER-1-1 LOADAREA CONTAINER1) [D:1.0000; C:1.0000]
 33.0000: (MOVE HOIST1 DEPOT0-1-4 DEPOT0-1-3) [D:1.0000; C:1.0000]
 34.0000: (MOVE HOIST1 DEPOT0-1-3 DEPOT0-2-3) [D:1.0000; C:1.0000]
 35.0000: (GO-OUT HOIST1 DEPOT0-2-3 LOADAREA) [D:1.0000; C:1.0000]
 36.0000: (DROP HOIST2 CRATE5 DEPOT0-2-3 LOADAREA DEPOT0) [D:1.0000; C:1.0000]
 36.0000: (GO-IN HOIST1 LOADAREA DEPOT3-2-1) [D:1.0000; C:1.0000]
 37.0000: (GO-OUT HOIST1 DEPOT3-2-1 LOADAREA) [D:1.0000; C:1.0000]
 37.0000: (LIFT HOIST2 CRATE0 CONTAINER-0-1 LOADAREA CONTAINER0) [D:1.0000; C:1.0000]
 38.0000: (LIFT HOIST1 CRATE5 DEPOT0-2-3 LOADAREA DEPOT0) [D:1.0000; C:1.0000]
 39.0000: (DROP HOIST1 CRATE5 CONTAINER-4-1 LOADAREA CONTAINER4) [D:1.0000; C:1.0000]
 40.0000: (LIFT HOIST1 CRATE2 CONTAINER-0-2 LOADAREA CONTAINER0) [D:1.0000; C:1.0000]
 41.0000: (DROP HOIST1 CRATE2 CONTAINER-1-1 LOADAREA CONTAINER1) [D:1.0000; C:1.0000]
 42.0000: (GO-IN HOIST1 LOADAREA DEPOT0-2-3) [D:1.0000; C:1.0000]
 43.0000: (MOVE HOIST1 DEPOT0-2-3 DEPOT0-1-3) [D:1.0000; C:1.0000]
 44.0000: (DROP HOIST0 CRATE1 DEPOT0-2-3 LOADAREA DEPOT0) [D:1.0000; C:1.0000]
 45.0000: (LIFT HOIST0 CRATE1 DEPOT0-2-3 LOADAREA DEPOT0) [D:1.0000; C:1.0000]
 46.0000: (DROP HOIST0 CRATE1 DEPOT0-2-3 LOADAREA DEPOT0) [D:1.0000; C:1.0000]
 47.0000: (LIFT HOIST0 CRATE1 DEPOT0-2-3 LOADAREA DEPOT0) [D:1.0000; C:1.0000]
 48.0000: (DROP HOIST2 CRATE0 DEPOT0-2-3 LOADAREA DEPOT0) [D:1.0000; C:1.0000]
 49.0000: (LIFT HOIST2 CRATE0 DEPOT0-2-3 LOADAREA DEPOT0) [D:1.0000; C:1.0000]
 50.0000: (DROP HOIST2 CRATE0 DEPOT2-2-2 LOADAREA DEPOT2) [D:1.0000; C:1.0000]
 50.0000: (DROP HOIST0 CRATE1 DEPOT0-2-3 LOADAREA DEPOT0) [D:1.0000; C:1.0000]
 51.0000: (LIFT HOIST2 CRATE3 CONTAINER-0-3 LOADAREA CONTAINER0) [D:1.0000; C:1.0000]
 51.0000: (LIFT HOIST0 CRATE1 DEPOT0-2-3 LOADAREA DEPOT0) [D:1.0000; C:1.0000]
 52.0000: (DROP HOIST2 CRATE3 DEPOT0-2-3 LOADAREA DEPOT0) [D:1.0000; C:1.0000]
 53.0000: (LIFT HOIST2 CRATE3 DEPOT0-2-3 LOADAREA DEPOT0) [D:1.0000; C:1.0000]
 54.0000: (DROP HOIST2 CRATE3 CONTAINER-4-2 LOADAREA CONTAINER4) [D:1.0000; C:1.0000]
 54.0000: (DROP HOIST0 CRATE1 DEPOT0-2-3 LOADAREA DEPOT0) [D:1.0000; C:1.0000]
 55.0000: (LIFT HOIST2 CRATE2 CONTAINER-1-1 LOADAREA CONTAINER1) [D:1.0000; C:1.0000]
 55.0000: (LIFT HOIST0 CRATE1 DEPOT0-2-3 LOADAREA DEPOT0) [D:1.0000; C:1.0000]
 56.0000: (DROP HOIST2 CRATE2 CONTAINER-1-1 LOADAREA CONTAINER1) [D:1.0000; C:1.0000]
 57.0000: (LIFT HOIST2 CRATE2 CONTAINER-1-1 LOADAREA CONTAINER1) [D:1.0000; C:1.0000]
 58.0000: (DROP HOIST2 CRATE2 CONTAINER-0-2 LOADAREA CONTAINER0) [D:1.0000; C:1.0000]
 58.0000: (DROP HOIST0 CRATE1 CONTAINER-1-1 LOADAREA CONTAINER1) [D:1.0000; C:1.0000]
 59.0000: (LIFT HOIST2 CRATE0 DEPOT2-2-2 LOADAREA DEPOT2) [D:1.0000; C:1.0000]
 59.0000: (LIFT HOIST0 CRATE3 CONTAINER-4-2 LOADAREA CONTAINER4) [D:1.0000; C:1.0000]
 60.0000: (GO-IN HOIST0 LOADAREA DEPOT0-2-3) [D:1.0000; C:1.0000]
 61.0000: (MOVE HOIST0 DEPOT0-2-3 DEPOT0-2-4) [D:1.0000; C:1.0000]
 62.0000: (DROP HOIST0 CRATE3 DEPOT0-2-3 DEPOT0-2-4 DEPOT0) [D:1.0000; C:1.0000]
 63.0000: (LIFT HOIST0 CRATE3 DEPOT0-2-3 DEPOT0-2-4 DEPOT0) [D:1.0000; C:1.0000]
 64.0000: (DROP HOIST0 CRATE3 DEPOT0-2-3 DEPOT0-2-4 DEPOT0) [D:1.0000; C:1.0000]
 65.0000: (LIFT HOIST0 CRATE3 DEPOT0-2-3 DEPOT0-2-4 DEPOT0) [D:1.0000; C:1.0000]
 66.0000: (MOVE HOIST1 DEPOT0-1-3 DEPOT0-2-3) [D:1.0000; C:1.0000]
 67.0000: (GO-OUT HOIST1 DEPOT0-2-3 LOADAREA) [D:1.0000; C:1.0000]
 68.0000: (LIFT HOIST1 CRATE1 CONTAINER-1-1 LOADAREA CONTAINER1) [D:1.0000; C:1.0000]
 69.0000: (DROP HOIST1 CRATE1 DEPOT0-2-3 LOADAREA DEPOT0) [D:1.0000; C:1.0000]
 70.0000: (LIFT HOIST1 CRATE1 DEPOT0-2-3 LOADAREA DEPOT0) [D:1.0000; C:1.0000]
 71.0000: (DROP HOIST1 CRATE1 DEPOT0-2-3 LOADAREA DEPOT0) [D:1.0000; C:1.0000]
 72.0000: (LIFT HOIST1 CRATE1 DEPOT0-2-3 LOADAREA DEPOT0) [D:1.0000; C:1.0000]
 73.0000: (DROP HOIST1 CRATE1 CONTAINER-0-0 LOADAREA CONTAINER0) [D:1.0000; C:1.0000]
 74.0000: (LIFT HOIST1 CRATE2 CONTAINER-0-2 LOADAREA CONTAINER0) [D:1.0000; C:1.0000]
 75.0000: (GO-IN HOIST1 LOADAREA DEPOT0-2-3) [D:1.0000; C:1.0000]
 76.0000: (MOVE HOIST1 DEPOT0-2-3 DEPOT0-1-3) [D:1.0000; C:1.0000]
 77.0000: (DROP HOIST0 CRATE3 DEPOT0-2-3 DEPOT0-2-4 DEPOT0) [D:1.0000; C:1.0000]
 77.0000: (DROP HOIST1 CRATE2 DEPOT0-1-4 DEPOT0-1-3 DEPOT0) [D:1.0000; C:1.0000]
 78.0000: (LIFT HOIST0 CRATE3 DEPOT0-2-3 DEPOT0-2-4 DEPOT0) [D:1.0000; C:1.0000]
 79.0000: (DROP HOIST0 CRATE3 DEPOT0-2-3 DEPOT0-2-4 DEPOT0) [D:1.0000; C:1.0000]
 80.0000: (LIFT HOIST1 CRATE3 DEPOT0-2-3 DEPOT0-1-3 DEPOT0) [D:1.0000; C:1.0000]
 81.0000: (DROP HOIST1 CRATE3 DEPOT0-2-3 DEPOT0-1-3 DEPOT0) [D:1.0000; C:1.0000]
 82.0000: (LIFT HOIST1 CRATE3 DEPOT0-2-3 DEPOT0-1-3 DEPOT0) [D:1.0000; C:1.0000]
 83.0000: (DROP HOIST1 CRATE3 DEPOT0-2-3 DEPOT0-1-3 DEPOT0) [D:1.0000; C:1.0000]
 84.0000: (LIFT HOIST0 CRATE3 DEPOT0-2-3 DEPOT0-2-4 DEPOT0) [D:1.0000; C:1.0000]
 85.0000: (DROP HOIST0 CRATE3 DEPOT0-2-3 DEPOT0-2-4 DEPOT0) [D:1.0000; C:1.0000]
 86.0000: (LIFT HOIST0 CRATE3 DEPOT0-2-3 DEPOT0-2-4 DEPOT0) [D:1.0000; C:1.0000]
 87.0000: (DROP HOIST0 CRATE3 DEPOT0-2-3 DEPOT0-2-4 DEPOT0) [D:1.0000; C:1.0000]
 88.0000: (LIFT HOIST1 CRATE3 DEPOT0-2-3 DEPOT0-1-3 DEPOT0) [D:1.0000; C:1.0000]
 89.0000: (DROP HOIST1 CRATE3 DEPOT0-2-3 DEPOT0-1-3 DEPOT0) [D:1.0000; C:1.0000]
 90.0000: (LIFT HOIST1 CRATE3 DEPOT0-2-3 DEPOT0-1-3 DEPOT0) [D:1.0000; C:1.0000]
 91.0000: (DROP HOIST1 CRATE3 DEPOT0-2-3 DEPOT0-1-3 DEPOT0) [D:1.0000; C:1.0000]
 92.0000: (LIFT HOIST1 CRATE3 DEPOT0-2-3 DEPOT0-1-3 DEPOT0) [D:1.0000; C:1.0000]
 93.0000: (DROP HOIST1 CRATE3 DEPOT0-2-3 DEPOT0-1-3 DEPOT0) [D:1.0000; C:1.0000]
 94.0000: (LIFT HOIST0 CRATE3 DEPOT0-2-3 DEPOT0-2-4 DEPOT0) [D:1.0000; C:1.0000]
 95.0000: (DROP HOIST0 CRATE3 DEPOT0-2-3 DEPOT0-2-4 DEPOT0) [D:1.0000; C:1.0000]
 96.0000: (LIFT HOIST0 CRATE3 DEPOT0-2-3 DEPOT0-2-4 DEPOT0) [D:1.0000; C:1.0000]
 97.0000: (DROP HOIST0 CRATE3 DEPOT0-2-3 DEPOT0-2-4 DEPOT0) [D:1.0000; C:1.0000]
 98.0000: (LIFT HOIST0 CRATE3 DEPOT0-2-3 DEPOT0-2-4 DEPOT0) [D:1.0000; C:1.0000]
 99.0000: (DROP HOIST2 CRATE0 DEPOT0-2-3 LOADAREA DEPOT0) [D:1.0000; C:1.0000]
 100.0000: (LIFT HOIST1 CRATE0 DEPOT0-2-3 DEPOT0-1-3 DEPOT0) [D:1.0000; C:1.0000]
 100.0000: (LIFT HOIST2 CRATE4 CONTAINER-1-0 LOADAREA CONTAINER1) [D:1.0000; C:1.0000]
 101.0000: (MOVE HOIST0 DEPOT0-2-4 DEPOT0-2-3) [D:1.0000; C:1.0000]
 101.0000: (DROP HOIST2 CRATE4 DEPOT1-2-4 LOADAREA DEPOT1) [D:1.0000; C:1.0000]
 102.0000: (GO-OUT HOIST0 DEPOT0-2-3 LOADAREA) [D:1.0000; C:1.0000]
 102.0000: (LIFT HOIST2 CRATE15 CONTAINER-3-3 LOADAREA CONTAINER3) [D:1.0000; C:1.0000]
 102.0000: (LIFT HOIST3 CRATE4 DEPOT1-2-4 LOADAREA DEPOT1) [D:1.0000; C:1.0000]
 103.0000: (DROP HOIST1 CRATE0 DEPOT0-2-3 DEPOT0-1-3 DEPOT0) [D:1.0000; C:1.0000]
 103.0000: (DROP HOIST2 CRATE15 DEPOT3-2-1 LOADAREA DEPOT3) [D:1.0000; C:1.0000]
 103.0000: (DROP HOIST3 CRATE4 DEPOT1-2-4 LOADAREA DEPOT1) [D:1.0000; C:1.0000]
 104.0000: (LIFT HOIST1 CRATE0 DEPOT0-2-3 DEPOT0-1-3 DEPOT0) [D:1.0000; C:1.0000]
 104.0000: (LIFT HOIST2 CRATE16 CONTAINER-4-0 LOADAREA CONTAINER4) [D:1.0000; C:1.0000]
 104.0000: (LIFT HOIST3 CRATE4 DEPOT1-2-4 LOADAREA DEPOT1) [D:1.0000; C:1.0000]
 105.0000: (DROP HOIST1 CRATE0 DEPOT0-2-3 DEPOT0-1-3 DEPOT0) [D:1.0000; C:1.0000]
 105.0000: (DROP HOIST2 CRATE16 DEPOT4-2-3 LOADAREA DEPOT4) [D:1.0000; C:1.0000]
 106.0000: (LIFT HOIST1 CRATE0 DEPOT0-2-3 DEPOT0-1-3 DEPOT0) [D:1.0000; C:1.0000]
 106.0000: (LIFT HOIST2 CRATE7 CONTAINER-1-3 LOADAREA CONTAINER1) [D:1.0000; C:1.0000]
 106.0000: (LIFT HOIST4 CRATE16 DEPOT4-2-3 DEPOT4-1-3 DEPOT4) [D:1.0000; C:1.0000]
 107.0000: (DROP HOIST1 CRATE0 DEPOT0-2-3 DEPOT0-1-3 DEPOT0) [D:1.0000; C:1.0000]
 107.0000: (DROP HOIST2 CRATE7 DEPOT1-2-4 LOADAREA DEPOT1) [D:1.0000; C:1.0000]
 107.0000: (MOVE HOIST4 DEPOT4-1-3 DEPOT4-2-3) [D:1.0000; C:1.0000]
 108.0000: (LIFT HOIST1 CRATE0 DEPOT0-2-3 DEPOT0-1-3 DEPOT0) [D:1.0000; C:1.0000]
 108.0000: (LIFT HOIST2 CRATE7 DEPOT1-2-4 LOADAREA DEPOT1) [D:1.0000; C:1.0000]
 108.0000: (DROP HOIST4 CRATE16 DEPOT4-1-3 DEPOT4-2-3 DEPOT4) [D:1.0000; C:1.0000]
 109.0000: (DROP HOIST1 CRATE0 DEPOT0-2-3 DEPOT0-1-3 DEPOT0) [D:1.0000; C:1.0000]
 109.0000: (DROP HOIST2 CRATE7 CONTAINER-1-0 LOADAREA CONTAINER1) [D:1.0000; C:1.0000]
 109.0000: (DROP HOIST3 CRATE4 DEPOT1-2-4 LOADAREA DEPOT1) [D:1.0000; C:1.0000]
 109.0000: (GO-OUT HOIST4 DEPOT4-2-3 LOADAREA) [D:1.0000; C:1.0000]
 110.0000: (LIFT HOIST1 CRATE0 DEPOT0-2-3 DEPOT0-1-3 DEPOT0) [D:1.0000; C:1.0000]
 110.0000: (LIFT HOIST2 CRATE5 CONTAINER-4-1 LOADAREA CONTAINER4) [D:1.0000; C:1.0000]
 110.0000: (LIFT HOIST3 CRATE4 DEPOT1-2-4 LOADAREA DEPOT1) [D:1.0000; C:1.0000]
 111.0000: (DROP HOIST1 CRATE0 DEPOT0-2-3 DEPOT0-1-3 DEPOT0) [D:1.0000; C:1.0000]
 111.0000: (DROP HOIST3 CRATE4 DEPOT1-2-4 LOADAREA DEPOT1) [D:1.0000; C:1.0000]
 112.0000: (LIFT HOIST1 CRATE0 DEPOT0-2-3 DEPOT0-1-3 DEPOT0) [D:1.0000; C:1.0000]
 112.0000: (LIFT HOIST3 CRATE4 DEPOT1-2-4 LOADAREA DEPOT1) [D:1.0000; C:1.0000]
 113.0000: (DROP HOIST1 CRATE0 DEPOT0-2-3 DEPOT0-1-3 DEPOT0) [D:1.0000; C:1.0000]
 113.0000: (DROP HOIST3 CRATE4 DEPOT1-2-4 LOADAREA DEPOT1) [D:1.0000; C:1.0000]
 114.0000: (LIFT HOIST1 CRATE0 DEPOT0-2-3 DEPOT0-1-3 DEPOT0) [D:1.0000; C:1.0000]
 114.0000: (LIFT HOIST3 CRATE4 DEPOT1-2-4 LOADAREA DEPOT1) [D:1.0000; C:1.0000]
 115.0000: (DROP HOIST1 CRATE0 DEPOT0-2-3 DEPOT0-1-3 DEPOT0) [D:1.0000; C:1.0000]
 115.0000: (DROP HOIST2 CRATE5 DEPOT1-2-4 LOADAREA DEPOT1) [D:1.0000; C:1.0000]
 115.0000: (DROP HOIST3 CRATE4 CONTAINER-0-1 LOADAREA CONTAINER0) [D:1.0000; C:1.0000]
 116.0000: (LIFT HOIST1 CRATE0 DEPOT0-2-3 DEPOT0-1-3 DEPOT0) [D:1.0000; C:1.0000]
 116.0000: (LIFT HOIST2 CRATE9 CONTAINER-2-1 LOADAREA CONTAINER2) [D:1.0000; C:1.0000]
 116.0000: (LIFT HOIST3 CRATE5 DEPOT1-2-4 LOADAREA DEPOT1) [D:1.0000; C:1.0000]
 117.0000: (DROP HOIST1 CRATE0 DEPOT0-2-3 DEPOT0-1-3 DEPOT0) [D:1.0000; C:1.0000]
 117.0000: (DROP HOIST2 CRATE9 DEPOT2-2-2 LOADAREA DEPOT2) [D:1.0000; C:1.0000]
 117.0000: (DROP HOIST3 CRATE5 DEPOT1-2-4 LOADAREA DEPOT1) [D:1.0000; C:1.0000]
 118.0000: (LIFT HOIST1 CRATE0 DEPOT0-2-3 DEPOT0-1-3 DEPOT0) [D:1.0000; C:1.0000]
 118.0000: (LIFT HOIST3 CRATE5 DEPOT1-2-4 LOADAREA DEPOT1) [D:1.0000; C:1.0000]
 118.0000: (LIFT HOIST2 CRATE9 DEPOT2-2-2 LOADAREA DEPOT2) [D:1.0000; C:1.0000]
 119.0000: (DROP HOIST1 CRATE0 DEPOT0-2-3 DEPOT0-1-3 DEPOT0) [D:1.0000; C:1.0000]
 119.0000: (DROP HOIST3 CRATE5 CONTAINER-4-3 LOADAREA CONTAINER4) [D:1.0000; C:1.0000]
 119.0000: (DROP HOIST2 CRATE9 CONTAINER-3-3 LOADAREA CONTAINER3) [D:1.0000; C:1.0000]
 120.0000: (LIFT HOIST1 CRATE0 DEPOT0-2-3 DEPOT0-1-3 DEPOT0) [D:1.0000; C:1.0000]
 120.0000: (LIFT HOIST3 CRATE4 CONTAINER-0-1 LOADAREA CONTAINER0) [D:1.0000; C:1.0000]
 120.0000: (LIFT HOIST2 CRATE10 CONTAINER-2-2 LOADAREA CONTAINER2) [D:1.0000; C:1.0000]
 121.0000: (DROP HOIST1 CRATE0 DEPOT0-2-3 DEPOT0-1-3 DEPOT0) [D:1.0000; C:1.0000]
 121.0000: (DROP HOIST3 CRATE4 DEPOT1-2-4 LOADAREA DEPOT1) [D:1.0000; C:1.0000]
 122.0000: (LIFT HOIST1 CRATE0 DEPOT0-2-3 DEPOT0-1-3 DEPOT0) [D:1.0000; C:1.0000]
 122.0000: (LIFT HOIST3 CRATE4 DEPOT1-2-4 LOADAREA DEPOT1) [D:1.0000; C:1.0000]
 123.0000: (DROP HOIST1 CRATE0 DEPOT0-2-3 DEPOT0-1-3 DEPOT0) [D:1.0000; C:1.0000]
 123.0000: (DROP HOIST3 CRATE4 CONTAINER-4-0 LOADAREA CONTAINER4) [D:1.0000; C:1.0000]
 124.0000: (LIFT HOIST1 CRATE0 DEPOT0-2-3 DEPOT0-1-3 DEPOT0) [D:1.0000; C:1.0000]
 124.0000: (LIFT HOIST3 CRATE7 CONTAINER-1-0 LOADAREA CONTAINER1) [D:1.0000; C:1.0000]
 125.0000: (DROP HOIST1 CRATE0 DEPOT0-2-3 DEPOT0-1-3 DEPOT0) [D:1.0000; C:1.0000]
 126.0000: (LIFT HOIST1 CRATE0 DEPOT0-2-3 DEPOT0-1-3 DEPOT0) [D:1.0000; C:1.0000]
 127.0000: (DROP HOIST1 CRATE0 DEPOT0-2-3 DEPOT0-1-3 DEPOT0) [D:1.0000; C:1.0000]
 128.0000: (LIFT HOIST1 CRATE0 DEPOT0-2-3 DEPOT0-1-3 DEPOT0) [D:1.0000; C:1.0000]
 129.0000: (DROP HOIST1 CRATE0 DEPOT0-2-3 DEPOT0-1-3 DEPOT0) [D:1.0000; C:1.0000]
 130.0000: (LIFT HOIST1 CRATE0 DEPOT0-2-3 DEPOT0-1-3 DEPOT0) [D:1.0000; C:1.0000]
 131.0000: (DROP HOIST1 CRATE0 DEPOT0-2-3 DEPOT0-1-3 DEPOT0) [D:1.0000; C:1.0000]
 132.0000: (LIFT HOIST1 CRATE0 DEPOT0-2-3 DEPOT0-1-3 DEPOT0) [D:1.0000; C:1.0000]
 133.0000: (DROP HOIST1 CRATE0 DEPOT0-2-3 DEPOT0-1-3 DEPOT0) [D:1.0000; C:1.0000]
 134.0000: (LIFT HOIST1 CRATE0 DEPOT0-2-3 DEPOT0-1-3 DEPOT0) [D:1.0000; C:1.0000]
 135.0000: (DROP HOIST1 CRATE0 DEPOT0-2-3 DEPOT0-1-3 DEPOT0) [D:1.0000; C:1.0000]
 136.0000: (LIFT HOIST1 CRATE0 DEPOT0-2-3 DEPOT0-1-3 DEPOT0) [D:1.0000; C:1.0000]
 137.0000: (DROP HOIST1 CRATE0 DEPOT0-2-3 DEPOT0-1-3 DEPOT0) [D:1.0000; C:1.0000]
 138.0000: (LIFT HOIST1 CRATE0 DEPOT0-2-3 DEPOT0-1-3 DEPOT0) [D:1.0000; C:1.0000]
 139.0000: (DROP HOIST1 CRATE0 DEPOT0-2-3 DEPOT0-1-3 DEPOT0) [D:1.0000; C:1.0000]
 140.0000: (LIFT HOIST1 CRATE0 DEPOT0-2-3 DEPOT0-1-3 DEPOT0) [D:1.0000; C:1.0000]
 141.0000: (MOVE HOIST1 DEPOT0-1-3 DEPOT0-1-2) [D:1.0000; C:1.0000]
 141.0000: (DROP HOIST0 CRATE3 DEPOT0-2-3 LOADAREA DEPOT0) [D:1.0000; C:1.0000]
 142.0000: (MOVE HOIST1 DEPOT0-1-2 DEPOT0-2-2) [D:1.0000; C:1.0000]
 142.0000: (LIFT HOIST0 CRATE4 CONTAINER-4-0 LOADAREA CONTAINER4) [D:1.0000; C:1.0000]
 143.0000: (MOVE HOIST1 DEPOT0-2-2 DEPOT0-1-2) [D:1.0000; C:1.0000]
 143.0000: (GO-IN HOIST0 LOADAREA DEPOT1-2-4) [D:1.0000; C:1.0000]
 144.0000: (MOVE HOIST0 DEPOT1-2-4 DEPOT1-2-3) [D:1.0000; C:1.0000]
 144.0000: (DROP HOIST1 CRATE0 DEPOT0-2-2 DEPOT0-1-2 DEPOT0) [D:1.0000; C:1.0000]
 145.0000: (DROP HOIST0 CRATE4 DEPOT1-1-3 DEPOT1-2-3 DEPOT1) [D:1.0000; C:1.0000]
 145.0000: (DROP HOIST3 CRATE7 DEPOT1-2-4 LOADAREA DEPOT1) [D:1.0000; C:1.0000]
 145.0000: (MOVE HOIST1 DEPOT0-1-2 DEPOT0-1-3) [D:1.0000; C:1.0000]
 146.0000: (LIFT HOIST3 CRATE9 CONTAINER-3-3 LOADAREA CONTAINER3) [D:1.0000; C:1.0000]
 147.0000: (GO-IN HOIST3 LOADAREA DEPOT2-2-2) [D:1.0000; C:1.0000]
 148.0000: (MOVE HOIST3 DEPOT2-2-2 DEPOT2-2-3) [D:1.0000; C:1.0000]
 149.0000: (DROP HOIST2 CRATE10 DEPOT2-2-2 LOADAREA DEPOT2) [D:1.0000; C:1.0000]
 149.0000: (DROP HOIST3 CRATE9 DEPOT2-2-4 DEPOT2-2-3 DEPOT2) [D:1.0000; C:1.0000]
 150.0000: (LIFT HOIST2 CRATE7 DEPOT1-2-4 LOADAREA DEPOT1) [D:1.0000; C:1.0000]
 150.0000: (LIFT HOIST3 CRATE10 DEPOT2-2-2 DEPOT2-2-3 DEPOT2) [D:1.0000; C:1.0000]
 151.0000: (DROP HOIST2 CRATE7 CONTAINER-4-2 LOADAREA CONTAINER4) [D:1.0000; C:1.0000]
 151.0000: (DROP HOIST3 CRATE10 DEPOT2-1-3 DEPOT2-2-3 DEPOT2) [D:1.0000; C:1.0000]
 152.0000: (LIFT HOIST2 CRATE5 CONTAINER-4-3 LOADAREA CONTAINER4) [D:1.0000; C:1.0000]
 153.0000: (DROP HOIST2 CRATE5 DEPOT1-2-4 LOADAREA DEPOT1) [D:1.0000; C:1.0000]
 154.0000: (LIFT HOIST2 CRATE11 CONTAINER-2-3 LOADAREA CONTAINER2) [D:1.0000; C:1.0000]
 154.0000: (LIFT HOIST0 CRATE5 DEPOT1-2-4 DEPOT1-2-3 DEPOT1) [D:1.0000; C:1.0000]
 155.0000: (DROP HOIST2 CRATE11 DEPOT2-2-2 LOADAREA DEPOT2) [D:1.0000; C:1.0000]
 155.0000: (DROP HOIST0 CRATE5 DEPOT1-2-2 DEPOT1-2-3 DEPOT1) [D:1.0000; C:1.0000]
 156.0000: (LIFT HOIST2 CRATE7 CONTAINER-4-2 LOADAREA CONTAINER4) [D:1.0000; C:1.0000]
 156.0000: (LIFT HOIST3 CRATE11 DEPOT2-2-2 DEPOT2-2-3 DEPOT2) [D:1.0000; C:1.0000]
 157.0000: (DROP HOIST2 CRATE7 DEPOT1-2-4 LOADAREA DEPOT1) [D:1.0000; C:1.0000]
 157.0000: (DROP HOIST3 CRATE11 DEPOT2-2-2 DEPOT2-2-3 DEPOT2) [D:1.0000; C:1.0000]
 158.0000: (LIFT HOIST2 CRATE15 DEPOT3-2-1 LOADAREA DEPOT3) [D:1.0000; C:1.0000]
 158.0000: (LIFT HOIST3 CRATE11 DEPOT2-2-2 DEPOT2-2-3 DEPOT2) [D:1.0000; C:1.0000]
 159.0000: (DROP HOIST2 CRATE15 CONTAINER-4-3 LOADAREA CONTAINER4) [D:1.0000; C:1.0000]
 159.0000: (DROP HOIST3 CRATE11 DEPOT2-2-2 DEPOT2-2-3 DEPOT2) [D:1.0000; C:1.0000]
 160.0000: (LIFT HOIST2 CRATE14 CONTAINER-3-2 LOADAREA CONTAINER3) [D:1.0000; C:1.0000]
 160.0000: (LIFT HOIST3 CRATE11 DEPOT2-2-2 DEPOT2-2-3 DEPOT2) [D:1.0000; C:1.0000]
 161.0000: (DROP HOIST2 CRATE14 DEPOT3-2-1 LOADAREA DEPOT3) [D:1.0000; C:1.0000]
 161.0000: (DROP HOIST3 CRATE11 DEPOT2-2-2 DEPOT2-2-3 DEPOT2) [D:1.0000; C:1.0000]
 162.0000: (LIFT HOIST2 CRATE14 DEPOT3-2-1 LOADAREA DEPOT3) [D:1.0000; C:1.0000]
 162.0000: (LIFT HOIST3 CRATE11 DEPOT2-2-2 DEPOT2-2-3 DEPOT2) [D:1.0000; C:1.0000]
 163.0000: (DROP HOIST2 CRATE14 CONTAINER-4-1 LOADAREA CONTAINER4) [D:1.0000; C:1.0000]
 163.0000: (DROP HOIST3 CRATE11 DEPOT2-2-2 DEPOT2-2-3 DEPOT2) [D:1.0000; C:1.0000]
 164.0000: (LIFT HOIST2 CRATE15 CONTAINER-4-3 LOADAREA CONTAINER4) [D:1.0000; C:1.0000]
 164.0000: (LIFT HOIST3 CRATE11 DEPOT2-2-2 DEPOT2-2-3 DEPOT2) [D:1.0000; C:1.0000]
 165.0000: (DROP HOIST2 CRATE15 DEPOT3-2-1 LOADAREA DEPOT3) [D:1.0000; C:1.0000]
 165.0000: (DROP HOIST3 CRATE11 DEPOT2-2-2 DEPOT2-2-3 DEPOT2) [D:1.0000; C:1.0000]
 166.0000: (LIFT HOIST2 CRATE15 DEPOT3-2-1 LOADAREA DEPOT3) [D:1.0000; C:1.0000]
 166.0000: (LIFT HOIST3 CRATE11 DEPOT2-2-2 DEPOT2-2-3 DEPOT2) [D:1.0000; C:1.0000]
 167.0000: (DROP HOIST2 CRATE15 CONTAINER-2-1 LOADAREA CONTAINER2) [D:1.0000; C:1.0000]
 167.0000: (DROP HOIST3 CRATE11 DEPOT2-2-2 DEPOT2-2-3 DEPOT2) [D:1.0000; C:1.0000]
 168.0000: (LIFT HOIST2 CRATE13 CONTAINER-3-1 LOADAREA CONTAINER3) [D:1.0000; C:1.0000]
 168.0000: (LIFT HOIST3 CRATE11 DEPOT2-2-2 DEPOT2-2-3 DEPOT2) [D:1.0000; C:1.0000]
 169.0000: (DROP HOIST2 CRATE13 CONTAINER-1-2 LOADAREA CONTAINER1) [D:1.0000; C:1.0000]
 169.0000: (DROP HOIST3 CRATE11 DEPOT2-2-2 DEPOT2-2-3 DEPOT2) [D:1.0000; C:1.0000]
 170.0000: (LIFT HOIST2 CRATE12 CONTAINER-3-0 LOADAREA CONTAINER3) [D:1.0000; C:1.0000]
 170.0000: (LIFT HOIST3 CRATE11 DEPOT2-2-2 DEPOT2-2-3 DEPOT2) [D:1.0000; C:1.0000]
 171.0000: (DROP HOIST2 CRATE12 DEPOT3-2-1 LOADAREA DEPOT3) [D:1.0000; C:1.0000]
 171.0000: (DROP HOIST3 CRATE11 DEPOT2-2-2 DEPOT2-2-3 DEPOT2) [D:1.0000; C:1.0000]
 172.0000: (LIFT HOIST2 CRATE8 CONTAINER-2-0 LOADAREA CONTAINER2) [D:1.0000; C:1.0000]
 172.0000: (LIFT HOIST3 CRATE11 DEPOT2-2-2 DEPOT2-2-3 DEPOT2) [D:1.0000; C:1.0000]
 173.0000: (DROP HOIST3 CRATE11 DEPOT2-2-2 DEPOT2-2-3 DEPOT2) [D:1.0000; C:1.0000]
 174.0000: (LIFT HOIST3 CRATE11 DEPOT2-2-2 DEPOT2-2-3 DEPOT2) [D:1.0000; C:1.0000]
 175.0000: (DROP HOIST3 CRATE11 DEPOT2-2-2 DEPOT2-2-3 DEPOT2) [D:1.0000; C:1.0000]
 176.0000: (LIFT HOIST3 CRATE11 DEPOT2-2-2 DEPOT2-2-3 DEPOT2) [D:1.0000; C:1.0000]
 177.0000: (DROP HOIST2 CRATE8 DEPOT2-2-2 LOADAREA DEPOT2) [D:1.0000; C:1.0000]
 178.0000: (LIFT HOIST2 CRATE8 DEPOT2-2-2 LOADAREA DEPOT2) [D:1.0000; C:1.0000]
 179.0000: (DROP HOIST3 CRATE11 DEPOT2-2-2 DEPOT2-2-3 DEPOT2) [D:1.0000; C:1.0000]
 180.0000: (LIFT HOIST3 CRATE11 DEPOT2-2-2 DEPOT2-2-3 DEPOT2) [D:1.0000; C:1.0000]
 181.0000: (DROP HOIST2 CRATE8 DEPOT2-2-2 LOADAREA DEPOT2) [D:1.0000; C:1.0000]
 182.0000: (LIFT HOIST2 CRATE8 DEPOT2-2-2 LOADAREA DEPOT2) [D:1.0000; C:1.0000]
 183.0000: (DROP HOIST3 CRATE11 DEPOT2-2-2 DEPOT2-2-3 DEPOT2) [D:1.0000; C:1.0000]
 184.0000: (LIFT HOIST3 CRATE11 DEPOT2-2-2 DEPOT2-2-3 DEPOT2) [D:1.0000; C:1.0000]
 185.0000: (DROP HOIST3 CRATE11 DEPOT2-2-2 DEPOT2-2-3 DEPOT2) [D:1.0000; C:1.0000]
 186.0000: (LIFT HOIST3 CRATE11 DEPOT2-2-2 DEPOT2-2-3 DEPOT2) [D:1.0000; C:1.0000]
 187.0000: (DROP HOIST3 CRATE11 DEPOT2-2-2 DEPOT2-2-3 DEPOT2) [D:1.0000; C:1.0000]
 188.0000: (LIFT HOIST3 CRATE11 DEPOT2-2-2 DEPOT2-2-3 DEPOT2) [D:1.0000; C:1.0000]
 189.0000: (DROP HOIST3 CRATE11 DEPOT2-2-2 DEPOT2-2-3 DEPOT2) [D:1.0000; C:1.0000]
 190.0000: (LIFT HOIST3 CRATE11 DEPOT2-2-2 DEPOT2-2-3 DEPOT2) [D:1.0000; C:1.0000]
 191.0000: (DROP HOIST3 CRATE11 DEPOT2-2-2 DEPOT2-2-3 DEPOT2) [D:1.0000; C:1.0000]
 192.0000: (LIFT HOIST3 CRATE11 DEPOT2-2-2 DEPOT2-2-3 DEPOT2) [D:1.0000; C:1.0000]
 193.0000: (DROP HOIST3 CRATE11 DEPOT2-2-2 DEPOT2-2-3 DEPOT2) [D:1.0000; C:1.0000]
 194.0000: (LIFT HOIST3 CRATE11 DEPOT2-2-2 DEPOT2-2-3 DEPOT2) [D:1.0000; C:1.0000]
 195.0000: (DROP HOIST3 CRATE11 DEPOT2-2-2 DEPOT2-2-3 DEPOT2) [D:1.0000; C:1.0000]
 196.0000: (LIFT HOIST3 CRATE11 DEPOT2-2-2 DEPOT2-2-3 DEPOT2) [D:1.0000; C:1.0000]
 197.0000: (DROP HOIST3 CRATE11 DEPOT2-2-2 DEPOT2-2-3 DEPOT2) [D:1.0000; C:1.0000]
 198.0000: (LIFT HOIST3 CRATE11 DEPOT2-2-2 DEPOT2-2-3 DEPOT2) [D:1.0000; C:1.0000]
 199.0000: (DROP HOIST3 CRATE11 DEPOT2-2-2 DEPOT2-2-3 DEPOT2) [D:1.0000; C:1.0000]
 200.0000: (LIFT HOIST4 CRATE11 DEPOT2-2-2 LOADAREA DEPOT2) [D:1.0000; C:1.0000]
 201.0000: (GO-IN HOIST2 LOADAREA DEPOT2-2-2) [D:1.0000; C:1.0000]
 202.0000: (GO-OUT HOIST2 DEPOT2-2-2 LOADAREA) [D:1.0000; C:1.0000]
 203.0000: (DROP HOIST4 CRATE11 DEPOT2-2-2 LOADAREA DEPOT2) [D:1.0000; C:1.0000]
 204.0000: (LIFT HOIST4 CRATE11 DEPOT2-2-2 LOADAREA DEPOT2) [D:1.0000; C:1.0000]
 205.0000: (GO-IN HOIST2 LOADAREA DEPOT2-2-2) [D:1.0000; C:1.0000]
 206.0000: (MOVE HOIST2 DEPOT2-2-2 DEPOT2-1-2) [D:1.0000; C:1.0000]
 207.0000: (DROP HOIST4 CRATE11 DEPOT2-2-2 LOADAREA DEPOT2) [D:1.0000; C:1.0000]
 208.0000: (LIFT HOIST4 CRATE11 DEPOT2-2-2 LOADAREA DEPOT2) [D:1.0000; C:1.0000]
 209.0000: (MOVE HOIST2 DEPOT2-1-2 DEPOT2-2-2) [D:1.0000; C:1.0000]
 209.0000: (DROP HOIST4 CRATE11 CONTAINER-4-3 LOADAREA CONTAINER4) [D:1.0000; C:1.0000]
 210.0000: (GO-OUT HOIST2 DEPOT2-2-2 LOADAREA) [D:1.0000; C:1.0000]
 210.0000: (GO-IN HOIST4 LOADAREA DEPOT4-2-3) [D:1.0000; C:1.0000]
 211.0000: (LIFT HOIST4 CRATE16 DEPOT4-1-3 DEPOT4-2-3 DEPOT4) [D:1.0000; C:1.0000]
 211.0000: (DROP HOIST2 CRATE8 DEPOT2-2-2 LOADAREA DEPOT2) [D:1.0000; C:1.0000]
 212.0000: (LIFT HOIST2 CRATE12 DEPOT3-2-1 LOADAREA DEPOT3) [D:1.0000; C:1.0000]
 212.0000: (GO-OUT HOIST4 DEPOT4-2-3 LOADAREA) [D:1.0000; C:1.0000]
 213.0000: (DROP HOIST2 CRATE12 CONTAINER-1-1 LOADAREA CONTAINER1) [D:1.0000; C:1.0000]
 213.0000: (DROP HOIST4 CRATE16 CONTAINER-3-2 LOADAREA CONTAINER3) [D:1.0000; C:1.0000]
 214.0000: (LIFT HOIST2 CRATE13 CONTAINER-1-2 LOADAREA CONTAINER1) [D:1.0000; C:1.0000]
 215.0000: (DROP HOIST2 CRATE13 CONTAINER-2-0 LOADAREA CONTAINER2) [D:1.0000; C:1.0000]
 216.0000: (LIFT HOIST2 CRATE15 CONTAINER-2-1 LOADAREA CONTAINER2) [D:1.0000; C:1.0000]
 217.0000: (DROP HOIST2 CRATE15 DEPOT3-2-1 LOADAREA DEPOT3) [D:1.0000; C:1.0000]
 218.0000: (LIFT HOIST2 CRATE15 DEPOT3-2-1 LOADAREA DEPOT3) [D:1.0000; C:1.0000]
 219.0000: (DROP HOIST2 CRATE15 CONTAINER-4-2 LOADAREA CONTAINER4) [D:1.0000; C:1.0000]
 220.0000: (LIFT HOIST2 CRATE14 CONTAINER-4-1 LOADAREA CONTAINER4) [D:1.0000; C:1.0000]
 221.0000: (DROP HOIST2 CRATE14 DEPOT3-2-1 LOADAREA DEPOT3) [D:1.0000; C:1.0000]
 222.0000: (LIFT HOIST2 CRATE14 DEPOT3-2-1 LOADAREA DEPOT3) [D:1.0000; C:1.0000]
 223.0000: (DROP HOIST2 CRATE14 CONTAINER-0-2 LOADAREA CONTAINER0) [D:1.0000; C:1.0000]
 224.0000: (LIFT HOIST2 CRATE13 CONTAINER-2-0 LOADAREA CONTAINER2) [D:1.0000; C:1.0000]
 225.0000: (DROP HOIST2 CRATE13 DEPOT3-2-1 LOADAREA DEPOT3) [D:1.0000; C:1.0000]
 226.0000: (LIFT HOIST2 CRATE13 DEPOT3-2-1 LOADAREA DEPOT3) [D:1.0000; C:1.0000]
 227.0000: (DROP HOIST2 CRATE13 CONTAINER-3-0 LOADAREA CONTAINER3) [D:1.0000; C:1.0000]
 228.0000: (LIFT HOIST2 CRATE15 CONTAINER-4-2 LOADAREA CONTAINER4) [D:1.0000; C:1.0000]
 229.0000: (DROP HOIST2 CRATE15 DEPOT3-2-1 LOADAREA DEPOT3) [D:1.0000; C:1.0000]
 230.0000: (LIFT HOIST2 CRATE15 DEPOT3-2-1 LOADAREA DEPOT3) [D:1.0000; C:1.0000]
 231.0000: (DROP HOIST2 CRATE15 CONTAINER-2-1 LOADAREA CONTAINER2) [D:1.0000; C:1.0000]
 232.0000: (LIFT HOIST2 CRATE12 CONTAINER-1-1 LOADAREA CONTAINER1) [D:1.0000; C:1.0000]
 233.0000: (DROP HOIST2 CRATE12 DEPOT3-2-1 LOADAREA DEPOT3) [D:1.0000; C:1.0000]
 234.0000: (LIFT HOIST2 CRATE12 DEPOT3-2-1 LOADAREA DEPOT3) [D:1.0000; C:1.0000]
 235.0000: (DROP HOIST2 CRATE12 CONTAINER-1-0 LOADAREA CONTAINER1) [D:1.0000; C:1.0000]
 236.0000: (LIFT HOIST2 CRATE13 CONTAINER-3-0 LOADAREA CONTAINER3) [D:1.0000; C:1.0000]
 237.0000: (DROP HOIST2 CRATE13 DEPOT3-2-1 LOADAREA DEPOT3) [D:1.0000; C:1.0000]
 238.0000: (LIFT HOIST2 CRATE13 DEPOT3-2-1 LOADAREA DEPOT3) [D:1.0000; C:1.0000]
 239.0000: (DROP HOIST2 CRATE13 CONTAINER-4-1 LOADAREA CONTAINER4) [D:1.0000; C:1.0000]
 240.0000: (LIFT HOIST2 CRATE15 CONTAINER-2-1 LOADAREA CONTAINER2) [D:1.0000; C:1.0000]
 241.0000: (DROP HOIST2 CRATE15 DEPOT3-2-1 LOADAREA DEPOT3) [D:1.0000; C:1.0000]
 242.0000: (LIFT HOIST2 CRATE15 DEPOT3-2-1 LOADAREA DEPOT3) [D:1.0000; C:1.0000]
 243.0000: (DROP HOIST2 CRATE15 CONTAINER-1-3 LOADAREA CONTAINER1) [D:1.0000; C:1.0000]
 244.0000: (LIFT HOIST2 CRATE14 CONTAINER-0-2 LOADAREA CONTAINER0) [D:1.0000; C:1.0000]
 245.0000: (DROP HOIST2 CRATE14 DEPOT3-2-1 LOADAREA DEPOT3) [D:1.0000; C:1.0000]
 246.0000: (LIFT HOIST2 CRATE14 DEPOT3-2-1 LOADAREA DEPOT3) [D:1.0000; C:1.0000]
 247.0000: (DROP HOIST2 CRATE14 CONTAINER-4-0 LOADAREA CONTAINER4) [D:1.0000; C:1.0000]
 248.0000: (LIFT HOIST2 CRATE12 CONTAINER-1-0 LOADAREA CONTAINER1) [D:1.0000; C:1.0000]
 249.0000: (DROP HOIST2 CRATE12 CONTAINER-3-3 LOADAREA CONTAINER3) [D:1.0000; C:1.0000]
 250.0000: (LIFT HOIST2 CRATE13 CONTAINER-4-1 LOADAREA CONTAINER4) [D:1.0000; C:1.0000]
 251.0000: (DROP HOIST2 CRATE13 DEPOT3-2-1 LOADAREA DEPOT3) [D:1.0000; C:1.0000]
 252.0000: (LIFT HOIST2 CRATE13 DEPOT3-2-1 LOADAREA DEPOT3) [D:1.0000; C:1.0000]
 253.0000: (DROP HOIST2 CRATE13 CONTAINER-2-1 LOADAREA CONTAINER2) [D:1.0000; C:1.0000]
 254.0000: (LIFT HOIST2 CRATE12 CONTAINER-3-3 LOADAREA CONTAINER3) [D:1.0000; C:1.0000]
 255.0000: (DROP HOIST2 CRATE12 DEPOT3-2-1 LOADAREA DEPOT3) [D:1.0000; C:1.0000]
 256.0000: (LIFT HOIST2 CRATE12 DEPOT3-2-1 LOADAREA DEPOT3) [D:1.0000; C:1.0000]
 257.0000: (DROP HOIST2 CRATE12 CONTAINER-2-2 LOADAREA CONTAINER2) [D:1.0000; C:1.0000]
 258.0000: (LIFT HOIST2 CRATE14 CONTAINER-4-0 LOADAREA CONTAINER4) [D:1.0000; C:1.0000]
 259.0000: (DROP HOIST2 CRATE14 DEPOT3-2-1 LOADAREA DEPOT3) [D:1.0000; C:1.0000]
 260.0000: (LIFT HOIST2 CRATE14 DEPOT3-2-1 LOADAREA DEPOT3) [D:1.0000; C:1.0000]
 261.0000: (DROP HOIST2 CRATE14 CONTAINER-0-3 LOADAREA CONTAINER0) [D:1.0000; C:1.0000]
 262.0000: (LIFT HOIST2 CRATE13 CONTAINER-2-1 LOADAREA CONTAINER2) [D:1.0000; C:1.0000]
 263.0000: (DROP HOIST2 CRATE13 DEPOT3-2-1 LOADAREA DEPOT3) [D:1.0000; C:1.0000]
 264.0000: (LIFT HOIST2 CRATE13 DEPOT3-2-1 LOADAREA DEPOT3) [D:1.0000; C:1.0000]
 265.0000: (DROP HOIST2 CRATE13 CONTAINER-2-3 LOADAREA CONTAINER2) [D:1.0000; C:1.0000]
 266.0000: (LIFT HOIST2 CRATE12 CONTAINER-2-2 LOADAREA CONTAINER2) [D:1.0000; C:1.0000]
 267.0000: (DROP HOIST2 CRATE12 DEPOT3-2-1 LOADAREA DEPOT3) [D:1.0000; C:1.0000]
 268.0000: (LIFT HOIST2 CRATE12 DEPOT3-2-1 LOADAREA DEPOT3) [D:1.0000; C:1.0000]
 269.0000: (DROP HOIST2 CRATE12 CONTAINER-1-0 LOADAREA CONTAINER1) [D:1.0000; C:1.0000]
 270.0000: (LIFT HOIST2 CRATE13 CONTAINER-2-3 LOADAREA CONTAINER2) [D:1.0000; C:1.0000]
 271.0000: (DROP HOIST2 CRATE13 DEPOT3-2-1 LOADAREA DEPOT3) [D:1.0000; C:1.0000]
 272.0000: (LIFT HOIST2 CRATE13 DEPOT3-2-1 LOADAREA DEPOT3) [D:1.0000; C:1.0000]
 273.0000: (DROP HOIST2 CRATE13 CONTAINER-3-3 LOADAREA CONTAINER3) [D:1.0000; C:1.0000]
 274.0000: (LIFT HOIST2 CRATE14 CONTAINER-0-3 LOADAREA CONTAINER0) [D:1.0000; C:1.0000]
 275.0000: (DROP HOIST2 CRATE14 DEPOT3-2-1 LOADAREA DEPOT3) [D:1.0000; C:1.0000]
 276.0000: (LIFT HOIST2 CRATE14 DEPOT3-2-1 LOADAREA DEPOT3) [D:1.0000; C:1.0000]
 277.0000: (DROP HOIST2 CRATE14 CONTAINER-0-1 LOADAREA CONTAINER0) [D:1.0000; C:1.0000]
 278.0000: (LIFT HOIST2 CRATE13 CONTAINER-3-3 LOADAREA CONTAINER3) [D:1.0000; C:1.0000]
 279.0000: (DROP HOIST2 CRATE13 DEPOT3-2-1 LOADAREA DEPOT3) [D:1.0000; C:1.0000]
 280.0000: (LIFT HOIST2 CRATE13 DEPOT3-2-1 LOADAREA DEPOT3) [D:1.0000; C:1.0000]
 281.0000: (DROP HOIST2 CRATE13 CONTAINER-0-3 LOADAREA CONTAINER0) [D:1.0000; C:1.0000]
 282.0000: (LIFT HOIST2 CRATE12 CONTAINER-1-0 LOADAREA CONTAINER1) [D:1.0000; C:1.0000]
 283.0000: (DROP HOIST2 CRATE12 DEPOT3-2-1 LOADAREA DEPOT3) [D:1.0000; C:1.0000]
 284.0000: (LIFT HOIST2 CRATE12 DEPOT3-2-1 LOADAREA DEPOT3) [D:1.0000; C:1.0000]
 285.0000: (DROP HOIST2 CRATE12 CONTAINER-4-2 LOADAREA CONTAINER4) [D:1.0000; C:1.0000]
 286.0000: (LIFT HOIST2 CRATE14 CONTAINER-0-1 LOADAREA CONTAINER0) [D:1.0000; C:1.0000]
 287.0000: (DROP HOIST2 CRATE14 DEPOT3-2-1 LOADAREA DEPOT3) [D:1.0000; C:1.0000]
 288.0000: (LIFT HOIST2 CRATE14 DEPOT3-2-1 LOADAREA DEPOT3) [D:1.0000; C:1.0000]
 289.0000: (DROP HOIST2 CRATE14 CONTAINER-1-1 LOADAREA CONTAINER1) [D:1.0000; C:1.0000]
 290.0000: (LIFT HOIST2 CRATE13 CONTAINER-0-3 LOADAREA CONTAINER0) [D:1.0000; C:1.0000]
 291.0000: (DROP HOIST2 CRATE13 DEPOT3-2-1 LOADAREA DEPOT3) [D:1.0000; C:1.0000]
 292.0000: (LIFT HOIST2 CRATE12 CONTAINER-4-2 LOADAREA CONTAINER4) [D:1.0000; C:1.0000]
 293.0000: (DROP HOIST2 CRATE12 CONTAINER-2-0 LOADAREA CONTAINER2) [D:1.0000; C:1.0000]
 294.0000: (LIFT HOIST2 CRATE13 DEPOT3-2-1 LOADAREA DEPOT3) [D:1.0000; C:1.0000]
 295.0000: (DROP HOIST2 CRATE13 CONTAINER-4-2 LOADAREA CONTAINER4) [D:1.0000; C:1.0000]
 296.0000: (LIFT HOIST2 CRATE14 CONTAINER-1-1 LOADAREA CONTAINER1) [D:1.0000; C:1.0000]
 297.0000: (DROP HOIST2 CRATE14 DEPOT3-2-1 LOADAREA DEPOT3) [D:1.0000; C:1.0000]
 298.0000: (LIFT HOIST2 CRATE14 DEPOT3-2-1 LOADAREA DEPOT3) [D:1.0000; C:1.0000]
 299.0000: (DROP HOIST2 CRATE14 CONTAINER-0-2 LOADAREA CONTAINER0) [D:1.0000; C:1.0000]
 299.0000: (GO-IN HOIST4 LOADAREA DEPOT3-2-1) [D:1.0000; C:1.0000]
 300.0000: (LIFT HOIST2 CRATE13 CONTAINER-4-2 LOADAREA CONTAINER4) [D:1.0000; C:1.0000]
 300.0000: (GO-OUT HOIST4 DEPOT3-2-1 LOADAREA) [D:1.0000; C:1.0000]
 301.0000: (LIFT HOIST4 CRATE14 CONTAINER-0-2 LOADAREA CONTAINER0) [D:1.0000; C:1.0000]
 302.0000: (GO-IN HOIST4 LOADAREA DEPOT3-2-1) [D:1.0000; C:1.0000]
 303.0000: (MOVE HOIST4 DEPOT3-2-1 DEPOT3-1-1) [D:1.0000; C:1.0000]
 304.0000: (DROP HOIST2 CRATE13 DEPOT3-2-1 LOADAREA DEPOT3) [D:1.0000; C:1.0000]
 304.0000: (DROP HOIST4 CRATE14 DEPOT3-1-2 DEPOT3-1-1 DEPOT3) [D:1.0000; C:1.0000]
 305.0000: (LIFT HOIST2 CRATE16 CONTAINER-3-2 LOADAREA CONTAINER3) [D:1.0000; C:1.0000]
 306.0000: (DROP HOIST2 CRATE16 DEPOT4-2-3 LOADAREA DEPOT4) [D:1.0000; C:1.0000]
 307.0000: (LIFT HOIST2 CRATE13 DEPOT3-2-1 LOADAREA DEPOT3) [D:1.0000; C:1.0000]
 308.0000: (DROP HOIST2 CRATE13 CONTAINER-3-2 LOADAREA CONTAINER3) [D:1.0000; C:1.0000]
 309.0000: (LIFT HOIST2 CRATE12 CONTAINER-2-0 LOADAREA CONTAINER2) [D:1.0000; C:1.0000]
 310.0000: (DROP HOIST2 CRATE12 DEPOT3-2-1 LOADAREA DEPOT3) [D:1.0000; C:1.0000]
 311.0000: (LIFT HOIST2 CRATE8 DEPOT2-2-2 LOADAREA DEPOT2) [D:1.0000; C:1.0000]
 311.0000: (LIFT HOIST4 CRATE12 DEPOT3-2-1 DEPOT3-1-1 DEPOT3) [D:1.0000; C:1.0000]
 312.0000: (DROP HOIST2 CRATE8 CONTAINER-2-2 LOADAREA CONTAINER2) [D:1.0000; C:1.0000]
 312.0000: (DROP HOIST4 CRATE12 DEPOT3-2-1 DEPOT3-1-1 DEPOT3) [D:1.0000; C:1.0000]
 313.0000: (LIFT HOIST2 CRATE13 CONTAINER-3-2 LOADAREA CONTAINER3) [D:1.0000; C:1.0000]
 313.0000: (LIFT HOIST4 CRATE12 DEPOT3-2-1 DEPOT3-1-1 DEPOT3) [D:1.0000; C:1.0000]
 314.0000: (DROP HOIST2 CRATE13 CONTAINER-0-3 LOADAREA CONTAINER0) [D:1.0000; C:1.0000]
 314.0000: (DROP HOIST4 CRATE12 DEPOT3-2-1 DEPOT3-1-1 DEPOT3) [D:1.0000; C:1.0000]
 315.0000: (LIFT HOIST2 CRATE11 CONTAINER-4-3 LOADAREA CONTAINER4) [D:1.0000; C:1.0000]
 315.0000: (LIFT HOIST4 CRATE12 DEPOT3-2-1 DEPOT3-1-1 DEPOT3) [D:1.0000; C:1.0000]
 316.0000: (DROP HOIST2 CRATE11 DEPOT2-2-2 LOADAREA DEPOT2) [D:1.0000; C:1.0000]
 316.0000: (DROP HOIST4 CRATE12 DEPOT3-2-1 DEPOT3-1-1 DEPOT3) [D:1.0000; C:1.0000]
 317.0000: (LIFT HOIST2 CRATE13 CONTAINER-0-3 LOADAREA CONTAINER0) [D:1.0000; C:1.0000]
 317.0000: (LIFT HOIST4 CRATE12 DEPOT3-2-1 DEPOT3-1-1 DEPOT3) [D:1.0000; C:1.0000]
 317.0000: (LIFT HOIST3 CRATE11 DEPOT2-2-2 DEPOT2-2-3 DEPOT2) [D:1.0000; C:1.0000]
 318.0000: (DROP HOIST4 CRATE12 DEPOT3-2-1 DEPOT3-1-1 DEPOT3) [D:1.0000; C:1.0000]
 318.0000: (DROP HOIST3 CRATE11 DEPOT2-2-2 DEPOT2-2-3 DEPOT2) [D:1.0000; C:1.0000]
 319.0000: (LIFT HOIST4 CRATE12 DEPOT3-2-1 DEPOT3-1-1 DEPOT3) [D:1.0000; C:1.0000]
 319.0000: (LIFT HOIST3 CRATE11 DEPOT2-2-2 DEPOT2-2-3 DEPOT2) [D:1.0000; C:1.0000]
 320.0000: (DROP HOIST4 CRATE12 DEPOT3-2-1 DEPOT3-1-1 DEPOT3) [D:1.0000; C:1.0000]
 320.0000: (DROP HOIST3 CRATE11 DEPOT2-2-2 DEPOT2-2-3 DEPOT2) [D:1.0000; C:1.0000]
 321.0000: (LIFT HOIST4 CRATE12 DEPOT3-2-1 DEPOT3-1-1 DEPOT3) [D:1.0000; C:1.0000]
 321.0000: (LIFT HOIST3 CRATE11 DEPOT2-2-2 DEPOT2-2-3 DEPOT2) [D:1.0000; C:1.0000]
 322.0000: (DROP HOIST4 CRATE12 DEPOT3-2-1 DEPOT3-1-1 DEPOT3) [D:1.0000; C:1.0000]
 322.0000: (DROP HOIST3 CRATE11 DEPOT2-2-2 DEPOT2-2-3 DEPOT2) [D:1.0000; C:1.0000]
 323.0000: (LIFT HOIST4 CRATE12 DEPOT3-2-1 DEPOT3-1-1 DEPOT3) [D:1.0000; C:1.0000]
 323.0000: (LIFT HOIST3 CRATE11 DEPOT2-2-2 DEPOT2-2-3 DEPOT2) [D:1.0000; C:1.0000]
 324.0000: (DROP HOIST4 CRATE12 DEPOT3-2-1 DEPOT3-1-1 DEPOT3) [D:1.0000; C:1.0000]
 324.0000: (DROP HOIST3 CRATE11 DEPOT2-2-2 DEPOT2-2-3 DEPOT2) [D:1.0000; C:1.0000]
 325.0000: (LIFT HOIST4 CRATE12 DEPOT3-2-1 DEPOT3-1-1 DEPOT3) [D:1.0000; C:1.0000]
 325.0000: (LIFT HOIST3 CRATE11 DEPOT2-2-2 DEPOT2-2-3 DEPOT2) [D:1.0000; C:1.0000]
 326.0000: (DROP HOIST4 CRATE12 DEPOT3-2-1 DEPOT3-1-1 DEPOT3) [D:1.0000; C:1.0000]
 326.0000: (DROP HOIST3 CRATE11 DEPOT2-2-2 DEPOT2-2-3 DEPOT2) [D:1.0000; C:1.0000]
 327.0000: (LIFT HOIST4 CRATE12 DEPOT3-2-1 DEPOT3-1-1 DEPOT3) [D:1.0000; C:1.0000]
 327.0000: (LIFT HOIST3 CRATE11 DEPOT2-2-2 DEPOT2-2-3 DEPOT2) [D:1.0000; C:1.0000]
 328.0000: (DROP HOIST4 CRATE12 DEPOT3-2-1 DEPOT3-1-1 DEPOT3) [D:1.0000; C:1.0000]
 328.0000: (DROP HOIST3 CRATE11 DEPOT2-2-2 DEPOT2-2-3 DEPOT2) [D:1.0000; C:1.0000]
 329.0000: (LIFT HOIST4 CRATE12 DEPOT3-2-1 DEPOT3-1-1 DEPOT3) [D:1.0000; C:1.0000]
 329.0000: (LIFT HOIST3 CRATE11 DEPOT2-2-2 DEPOT2-2-3 DEPOT2) [D:1.0000; C:1.0000]
 330.0000: (DROP HOIST4 CRATE12 DEPOT3-2-1 DEPOT3-1-1 DEPOT3) [D:1.0000; C:1.0000]
 330.0000: (DROP HOIST3 CRATE11 DEPOT2-2-2 DEPOT2-2-3 DEPOT2) [D:1.0000; C:1.0000]
 331.0000: (LIFT HOIST4 CRATE12 DEPOT3-2-1 DEPOT3-1-1 DEPOT3) [D:1.0000; C:1.0000]
 331.0000: (LIFT HOIST3 CRATE11 DEPOT2-2-2 DEPOT2-2-3 DEPOT2) [D:1.0000; C:1.0000]
 332.0000: (DROP HOIST4 CRATE12 DEPOT3-2-1 DEPOT3-1-1 DEPOT3) [D:1.0000; C:1.0000]
 332.0000: (DROP HOIST3 CRATE11 DEPOT2-2-2 DEPOT2-2-3 DEPOT2) [D:1.0000; C:1.0000]
 333.0000: (LIFT HOIST4 CRATE12 DEPOT3-2-1 DEPOT3-1-1 DEPOT3) [D:1.0000; C:1.0000]
 333.0000: (LIFT HOIST3 CRATE11 DEPOT2-2-2 DEPOT2-2-3 DEPOT2) [D:1.0000; C:1.0000]
 334.0000: (DROP HOIST4 CRATE12 DEPOT3-2-1 DEPOT3-1-1 DEPOT3) [D:1.0000; C:1.0000]
 334.0000: (DROP HOIST3 CRATE11 DEPOT2-2-2 DEPOT2-2-3 DEPOT2) [D:1.0000; C:1.0000]
 335.0000: (LIFT HOIST4 CRATE12 DEPOT3-2-1 DEPOT3-1-1 DEPOT3) [D:1.0000; C:1.0000]
 335.0000: (LIFT HOIST3 CRATE11 DEPOT2-2-2 DEPOT2-2-3 DEPOT2) [D:1.0000; C:1.0000]
 336.0000: (DROP HOIST4 CRATE12 DEPOT3-2-1 DEPOT3-1-1 DEPOT3) [D:1.0000; C:1.0000]
 336.0000: (DROP HOIST3 CRATE11 DEPOT2-2-2 DEPOT2-2-3 DEPOT2) [D:1.0000; C:1.0000]
 337.0000: (LIFT HOIST4 CRATE12 DEPOT3-2-1 DEPOT3-1-1 DEPOT3) [D:1.0000; C:1.0000]
 337.0000: (LIFT HOIST3 CRATE11 DEPOT2-2-2 DEPOT2-2-3 DEPOT2) [D:1.0000; C:1.0000]
 338.0000: (DROP HOIST4 CRATE12 DEPOT3-2-1 DEPOT3-1-1 DEPOT3) [D:1.0000; C:1.0000]
 338.0000: (DROP HOIST3 CRATE11 DEPOT2-2-2 DEPOT2-2-3 DEPOT2) [D:1.0000; C:1.0000]
 339.0000: (LIFT HOIST4 CRATE12 DEPOT3-2-1 DEPOT3-1-1 DEPOT3) [D:1.0000; C:1.0000]
 339.0000: (LIFT HOIST3 CRATE11 DEPOT2-2-2 DEPOT2-2-3 DEPOT2) [D:1.0000; C:1.0000]
 340.0000: (DROP HOIST4 CRATE12 DEPOT3-2-1 DEPOT3-1-1 DEPOT3) [D:1.0000; C:1.0000]
 340.0000: (MOVE HOIST3 DEPOT2-2-3 DEPOT2-2-2) [D:1.0000; C:1.0000]
 341.0000: (LIFT HOIST4 CRATE12 DEPOT3-2-1 DEPOT3-1-1 DEPOT3) [D:1.0000; C:1.0000]
 341.0000: (DROP HOIST3 CRATE11 DEPOT2-2-1 DEPOT2-2-2 DEPOT2) [D:1.0000; C:1.0000]
 342.0000: (DROP HOIST4 CRATE12 DEPOT3-2-1 DEPOT3-1-1 DEPOT3) [D:1.0000; C:1.0000]
 342.0000: (MOVE HOIST3 DEPOT2-2-2 DEPOT2-2-3) [D:1.0000; C:1.0000]
 343.0000: (LIFT HOIST4 CRATE12 DEPOT3-2-1 DEPOT3-1-1 DEPOT3) [D:1.0000; C:1.0000]
 344.0000: (DROP HOIST4 CRATE12 DEPOT3-2-1 DEPOT3-1-1 DEPOT3) [D:1.0000; C:1.0000]
 345.0000: (LIFT HOIST4 CRATE12 DEPOT3-2-1 DEPOT3-1-1 DEPOT3) [D:1.0000; C:1.0000]
 346.0000: (DROP HOIST4 CRATE12 DEPOT3-2-1 DEPOT3-1-1 DEPOT3) [D:1.0000; C:1.0000]
 347.0000: (LIFT HOIST4 CRATE12 DEPOT3-2-1 DEPOT3-1-1 DEPOT3) [D:1.0000; C:1.0000]
 348.0000: (DROP HOIST4 CRATE12 DEPOT3-2-1 DEPOT3-1-1 DEPOT3) [D:1.0000; C:1.0000]
 349.0000: (LIFT HOIST4 CRATE12 DEPOT3-2-1 DEPOT3-1-1 DEPOT3) [D:1.0000; C:1.0000]
 350.0000: (DROP HOIST4 CRATE12 DEPOT3-2-1 DEPOT3-1-1 DEPOT3) [D:1.0000; C:1.0000]
 351.0000: (LIFT HOIST4 CRATE12 DEPOT3-2-1 DEPOT3-1-1 DEPOT3) [D:1.0000; C:1.0000]
 352.0000: (DROP HOIST4 CRATE12 DEPOT3-2-1 DEPOT3-1-1 DEPOT3) [D:1.0000; C:1.0000]
 353.0000: (LIFT HOIST4 CRATE12 DEPOT3-2-1 DEPOT3-1-1 DEPOT3) [D:1.0000; C:1.0000]
 354.0000: (DROP HOIST4 CRATE12 DEPOT3-2-1 DEPOT3-1-1 DEPOT3) [D:1.0000; C:1.0000]
 355.0000: (LIFT HOIST4 CRATE12 DEPOT3-2-1 DEPOT3-1-1 DEPOT3) [D:1.0000; C:1.0000]
 356.0000: (DROP HOIST4 CRATE12 DEPOT3-2-1 DEPOT3-1-1 DEPOT3) [D:1.0000; C:1.0000]
 357.0000: (LIFT HOIST4 CRATE12 DEPOT3-2-1 DEPOT3-1-1 DEPOT3) [D:1.0000; C:1.0000]
 358.0000: (DROP HOIST4 CRATE12 DEPOT3-2-1 DEPOT3-1-1 DEPOT3) [D:1.0000; C:1.0000]
 359.0000: (LIFT HOIST4 CRATE12 DEPOT3-2-1 DEPOT3-1-1 DEPOT3) [D:1.0000; C:1.0000]
 360.0000: (DROP HOIST4 CRATE12 DEPOT3-2-1 DEPOT3-1-1 DEPOT3) [D:1.0000; C:1.0000]
 361.0000: (LIFT HOIST4 CRATE12 DEPOT3-2-1 DEPOT3-1-1 DEPOT3) [D:1.0000; C:1.0000]
 362.0000: (DROP HOIST4 CRATE12 DEPOT3-2-1 DEPOT3-1-1 DEPOT3) [D:1.0000; C:1.0000]
 363.0000: (LIFT HOIST4 CRATE12 DEPOT3-2-1 DEPOT3-1-1 DEPOT3) [D:1.0000; C:1.0000]
 364.0000: (DROP HOIST4 CRATE12 DEPOT3-2-1 DEPOT3-1-1 DEPOT3) [D:1.0000; C:1.0000]
 365.0000: (LIFT HOIST4 CRATE12 DEPOT3-2-1 DEPOT3-1-1 DEPOT3) [D:1.0000; C:1.0000]
 366.0000: (DROP HOIST4 CRATE12 DEPOT3-2-1 DEPOT3-1-1 DEPOT3) [D:1.0000; C:1.0000]
 367.0000: (LIFT HOIST4 CRATE12 DEPOT3-2-1 DEPOT3-1-1 DEPOT3) [D:1.0000; C:1.0000]
 368.0000: (DROP HOIST4 CRATE12 DEPOT3-2-1 DEPOT3-1-1 DEPOT3) [D:1.0000; C:1.0000]
 369.0000: (LIFT HOIST4 CRATE12 DEPOT3-2-1 DEPOT3-1-1 DEPOT3) [D:1.0000; C:1.0000]
 370.0000: (DROP HOIST4 CRATE12 DEPOT3-2-1 DEPOT3-1-1 DEPOT3) [D:1.0000; C:1.0000]
 371.0000: (LIFT HOIST4 CRATE12 DEPOT3-2-1 DEPOT3-1-1 DEPOT3) [D:1.0000; C:1.0000]
 372.0000: (DROP HOIST4 CRATE12 DEPOT3-2-1 DEPOT3-1-1 DEPOT3) [D:1.0000; C:1.0000]
 373.0000: (LIFT HOIST4 CRATE12 DEPOT3-2-1 DEPOT3-1-1 DEPOT3) [D:1.0000; C:1.0000]
 374.0000: (DROP HOIST4 CRATE12 DEPOT3-2-1 DEPOT3-1-1 DEPOT3) [D:1.0000; C:1.0000]
 375.0000: (LIFT HOIST4 CRATE12 DEPOT3-2-1 DEPOT3-1-1 DEPOT3) [D:1.0000; C:1.0000]
 376.0000: (DROP HOIST4 CRATE12 DEPOT3-2-1 DEPOT3-1-1 DEPOT3) [D:1.0000; C:1.0000]
 377.0000: (LIFT HOIST4 CRATE12 DEPOT3-2-1 DEPOT3-1-1 DEPOT3) [D:1.0000; C:1.0000]
 378.0000: (DROP HOIST4 CRATE12 DEPOT3-2-1 DEPOT3-1-1 DEPOT3) [D:1.0000; C:1.0000]
 379.0000: (LIFT HOIST4 CRATE12 DEPOT3-2-1 DEPOT3-1-1 DEPOT3) [D:1.0000; C:1.0000]
 380.0000: (DROP HOIST4 CRATE12 DEPOT3-2-1 DEPOT3-1-1 DEPOT3) [D:1.0000; C:1.0000]
 381.0000: (LIFT HOIST4 CRATE12 DEPOT3-2-1 DEPOT3-1-1 DEPOT3) [D:1.0000; C:1.0000]
 382.0000: (DROP HOIST4 CRATE12 DEPOT3-2-1 DEPOT3-1-1 DEPOT3) [D:1.0000; C:1.0000]
 383.0000: (LIFT HOIST4 CRATE12 DEPOT3-2-1 DEPOT3-1-1 DEPOT3) [D:1.0000; C:1.0000]
 384.0000: (DROP HOIST4 CRATE12 DEPOT3-2-1 DEPOT3-1-1 DEPOT3) [D:1.0000; C:1.0000]
 385.0000: (LIFT HOIST4 CRATE12 DEPOT3-2-1 DEPOT3-1-1 DEPOT3) [D:1.0000; C:1.0000]
 386.0000: (DROP HOIST4 CRATE12 DEPOT3-2-1 DEPOT3-1-1 DEPOT3) [D:1.0000; C:1.0000]
 387.0000: (LIFT HOIST4 CRATE12 DEPOT3-2-1 DEPOT3-1-1 DEPOT3) [D:1.0000; C:1.0000]
 388.0000: (DROP HOIST4 CRATE12 DEPOT3-2-1 DEPOT3-1-1 DEPOT3) [D:1.0000; C:1.0000]
 389.0000: (LIFT HOIST4 CRATE12 DEPOT3-2-1 DEPOT3-1-1 DEPOT3) [D:1.0000; C:1.0000]
 390.0000: (DROP HOIST4 CRATE12 DEPOT3-2-1 DEPOT3-1-1 DEPOT3) [D:1.0000; C:1.0000]
 391.0000: (LIFT HOIST4 CRATE12 DEPOT3-2-1 DEPOT3-1-1 DEPOT3) [D:1.0000; C:1.0000]
 392.0000: (DROP HOIST4 CRATE12 DEPOT3-2-1 DEPOT3-1-1 DEPOT3) [D:1.0000; C:1.0000]
 393.0000: (LIFT HOIST4 CRATE12 DEPOT3-2-1 DEPOT3-1-1 DEPOT3) [D:1.0000; C:1.0000]
 394.0000: (DROP HOIST4 CRATE12 DEPOT3-2-1 DEPOT3-1-1 DEPOT3) [D:1.0000; C:1.0000]
 395.0000: (LIFT HOIST4 CRATE12 DEPOT3-2-1 DEPOT3-1-1 DEPOT3) [D:1.0000; C:1.0000]
 396.0000: (DROP HOIST4 CRATE12 DEPOT3-2-1 DEPOT3-1-1 DEPOT3) [D:1.0000; C:1.0000]
 397.0000: (LIFT HOIST4 CRATE12 DEPOT3-2-1 DEPOT3-1-1 DEPOT3) [D:1.0000; C:1.0000]
 398.0000: (DROP HOIST4 CRATE12 DEPOT3-2-1 DEPOT3-1-1 DEPOT3) [D:1.0000; C:1.0000]
 399.0000: (LIFT HOIST4 CRATE12 DEPOT3-2-1 DEPOT3-1-1 DEPOT3) [D:1.0000; C:1.0000]
 400.0000: (DROP HOIST4 CRATE12 DEPOT3-2-1 DEPOT3-1-1 DEPOT3) [D:1.0000; C:1.0000]
 401.0000: (LIFT HOIST4 CRATE12 DEPOT3-2-1 DEPOT3-1-1 DEPOT3) [D:1.0000; C:1.0000]
 402.0000: (DROP HOIST4 CRATE12 DEPOT3-2-1 DEPOT3-1-1 DEPOT3) [D:1.0000; C:1.0000]
 403.0000: (LIFT HOIST4 CRATE12 DEPOT3-2-1 DEPOT3-1-1 DEPOT3) [D:1.0000; C:1.0000]
 404.0000: (DROP HOIST4 CRATE12 DEPOT3-2-1 DEPOT3-1-1 DEPOT3) [D:1.0000; C:1.0000]
 405.0000: (LIFT HOIST4 CRATE12 DEPOT3-2-1 DEPOT3-1-1 DEPOT3) [D:1.0000; C:1.0000]
 406.0000: (DROP HOIST4 CRATE12 DEPOT3-2-1 DEPOT3-1-1 DEPOT3) [D:1.0000; C:1.0000]
 407.0000: (LIFT HOIST4 CRATE12 DEPOT3-2-1 DEPOT3-1-1 DEPOT3) [D:1.0000; C:1.0000]
 408.0000: (DROP HOIST4 CRATE12 DEPOT3-2-1 DEPOT3-1-1 DEPOT3) [D:1.0000; C:1.0000]
 409.0000: (LIFT HOIST4 CRATE12 DEPOT3-2-1 DEPOT3-1-1 DEPOT3) [D:1.0000; C:1.0000]
 410.0000: (DROP HOIST4 CRATE12 DEPOT3-2-1 DEPOT3-1-1 DEPOT3) [D:1.0000; C:1.0000]
 411.0000: (LIFT HOIST4 CRATE12 DEPOT3-2-1 DEPOT3-1-1 DEPOT3) [D:1.0000; C:1.0000]
 412.0000: (DROP HOIST4 CRATE12 DEPOT3-2-1 DEPOT3-1-1 DEPOT3) [D:1.0000; C:1.0000]
 413.0000: (LIFT HOIST4 CRATE12 DEPOT3-2-1 DEPOT3-1-1 DEPOT3) [D:1.0000; C:1.0000]
 414.0000: (DROP HOIST4 CRATE12 DEPOT3-2-1 DEPOT3-1-1 DEPOT3) [D:1.0000; C:1.0000]
 415.0000: (LIFT HOIST4 CRATE12 DEPOT3-2-1 DEPOT3-1-1 DEPOT3) [D:1.0000; C:1.0000]
 416.0000: (DROP HOIST4 CRATE12 DEPOT3-2-1 DEPOT3-1-1 DEPOT3) [D:1.0000; C:1.0000]
 417.0000: (LIFT HOIST4 CRATE12 DEPOT3-2-1 DEPOT3-1-1 DEPOT3) [D:1.0000; C:1.0000]
 418.0000: (DROP HOIST4 CRATE12 DEPOT3-2-1 DEPOT3-1-1 DEPOT3) [D:1.0000; C:1.0000]
 419.0000: (LIFT HOIST4 CRATE12 DEPOT3-2-1 DEPOT3-1-1 DEPOT3) [D:1.0000; C:1.0000]
 420.0000: (DROP HOIST4 CRATE12 DEPOT3-2-1 DEPOT3-1-1 DEPOT3) [D:1.0000; C:1.0000]
 421.0000: (LIFT HOIST4 CRATE12 DEPOT3-2-1 DEPOT3-1-1 DEPOT3) [D:1.0000; C:1.0000]
 422.0000: (DROP HOIST4 CRATE12 DEPOT3-2-1 DEPOT3-1-1 DEPOT3) [D:1.0000; C:1.0000]
 423.0000: (LIFT HOIST4 CRATE12 DEPOT3-2-1 DEPOT3-1-1 DEPOT3) [D:1.0000; C:1.0000]
 424.0000: (DROP HOIST4 CRATE12 DEPOT3-2-1 DEPOT3-1-1 DEPOT3) [D:1.0000; C:1.0000]
 425.0000: (LIFT HOIST4 CRATE12 DEPOT3-2-1 DEPOT3-1-1 DEPOT3) [D:1.0000; C:1.0000]
 426.0000: (DROP HOIST4 CRATE12 DEPOT3-2-1 DEPOT3-1-1 DEPOT3) [D:1.0000; C:1.0000]
 427.0000: (LIFT HOIST4 CRATE12 DEPOT3-2-1 DEPOT3-1-1 DEPOT3) [D:1.0000; C:1.0000]
 428.0000: (DROP HOIST4 CRATE12 DEPOT3-2-1 DEPOT3-1-1 DEPOT3) [D:1.0000; C:1.0000]
 429.0000: (LIFT HOIST4 CRATE12 DEPOT3-2-1 DEPOT3-1-1 DEPOT3) [D:1.0000; C:1.0000]
 430.0000: (DROP HOIST4 CRATE12 DEPOT3-2-1 DEPOT3-1-1 DEPOT3) [D:1.0000; C:1.0000]
 431.0000: (LIFT HOIST4 CRATE12 DEPOT3-2-1 DEPOT3-1-1 DEPOT3) [D:1.0000; C:1.0000]
 432.0000: (DROP HOIST4 CRATE12 DEPOT3-2-1 DEPOT3-1-1 DEPOT3) [D:1.0000; C:1.0000]
 433.0000: (LIFT HOIST4 CRATE12 DEPOT3-2-1 DEPOT3-1-1 DEPOT3) [D:1.0000; C:1.0000]
 434.0000: (DROP HOIST4 CRATE12 DEPOT3-2-1 DEPOT3-1-1 DEPOT3) [D:1.0000; C:1.0000]
 435.0000: (LIFT HOIST4 CRATE12 DEPOT3-2-1 DEPOT3-1-1 DEPOT3) [D:1.0000; C:1.0000]
 436.0000: (DROP HOIST4 CRATE12 DEPOT3-2-1 DEPOT3-1-1 DEPOT3) [D:1.0000; C:1.0000]
 437.0000: (LIFT HOIST4 CRATE12 DEPOT3-2-1 DEPOT3-1-1 DEPOT3) [D:1.0000; C:1.0000]
 438.0000: (DROP HOIST4 CRATE12 DEPOT3-2-1 DEPOT3-1-1 DEPOT3) [D:1.0000; C:1.0000]
 439.0000: (LIFT HOIST4 CRATE12 DEPOT3-2-1 DEPOT3-1-1 DEPOT3) [D:1.0000; C:1.0000]
 440.0000: (DROP HOIST4 CRATE12 DEPOT3-2-1 DEPOT3-1-1 DEPOT3) [D:1.0000; C:1.0000]
 441.0000: (LIFT HOIST4 CRATE12 DEPOT3-2-1 DEPOT3-1-1 DEPOT3) [D:1.0000; C:1.0000]
 442.0000: (DROP HOIST4 CRATE12 DEPOT3-2-1 DEPOT3-1-1 DEPOT3) [D:1.0000; C:1.0000]
 443.0000: (LIFT HOIST4 CRATE12 DEPOT3-2-1 DEPOT3-1-1 DEPOT3) [D:1.0000; C:1.0000]
 444.0000: (DROP HOIST4 CRATE12 DEPOT3-2-1 DEPOT3-1-1 DEPOT3) [D:1.0000; C:1.0000]
 445.0000: (LIFT HOIST4 CRATE12 DEPOT3-2-1 DEPOT3-1-1 DEPOT3) [D:1.0000; C:1.0000]
 446.0000: (DROP HOIST4 CRATE12 DEPOT3-2-1 DEPOT3-1-1 DEPOT3) [D:1.0000; C:1.0000]
 447.0000: (LIFT HOIST4 CRATE12 DEPOT3-2-1 DEPOT3-1-1 DEPOT3) [D:1.0000; C:1.0000]
 448.0000: (DROP HOIST4 CRATE12 DEPOT3-2-1 DEPOT3-1-1 DEPOT3) [D:1.0000; C:1.0000]
 449.0000: (LIFT HOIST4 CRATE12 DEPOT3-2-1 DEPOT3-1-1 DEPOT3) [D:1.0000; C:1.0000]
 450.0000: (DROP HOIST4 CRATE12 DEPOT3-2-1 DEPOT3-1-1 DEPOT3) [D:1.0000; C:1.0000]
 451.0000: (LIFT HOIST4 CRATE12 DEPOT3-2-1 DEPOT3-1-1 DEPOT3) [D:1.0000; C:1.0000]
 452.0000: (DROP HOIST4 CRATE12 DEPOT3-2-1 DEPOT3-1-1 DEPOT3) [D:1.0000; C:1.0000]
 453.0000: (LIFT HOIST4 CRATE12 DEPOT3-2-1 DEPOT3-1-1 DEPOT3) [D:1.0000; C:1.0000]
 454.0000: (DROP HOIST4 CRATE12 DEPOT3-2-1 DEPOT3-1-1 DEPOT3) [D:1.0000; C:1.0000]
 455.0000: (LIFT HOIST4 CRATE12 DEPOT3-2-1 DEPOT3-1-1 DEPOT3) [D:1.0000; C:1.0000]
 456.0000: (DROP HOIST4 CRATE12 DEPOT3-2-1 DEPOT3-1-1 DEPOT3) [D:1.0000; C:1.0000]
 457.0000: (LIFT HOIST4 CRATE12 DEPOT3-2-1 DEPOT3-1-1 DEPOT3) [D:1.0000; C:1.0000]
 458.0000: (DROP HOIST4 CRATE12 DEPOT3-2-1 DEPOT3-1-1 DEPOT3) [D:1.0000; C:1.0000]
 459.0000: (LIFT HOIST4 CRATE12 DEPOT3-2-1 DEPOT3-1-1 DEPOT3) [D:1.0000; C:1.0000]
 460.0000: (DROP HOIST4 CRATE12 DEPOT3-2-1 DEPOT3-1-1 DEPOT3) [D:1.0000; C:1.0000]
 461.0000: (LIFT HOIST4 CRATE12 DEPOT3-2-1 DEPOT3-1-1 DEPOT3) [D:1.0000; C:1.0000]
 462.0000: (DROP HOIST4 CRATE12 DEPOT3-2-1 DEPOT3-1-1 DEPOT3) [D:1.0000; C:1.0000]
 463.0000: (LIFT HOIST4 CRATE12 DEPOT3-2-1 DEPOT3-1-1 DEPOT3) [D:1.0000; C:1.0000]
 464.0000: (DROP HOIST4 CRATE12 DEPOT3-2-1 DEPOT3-1-1 DEPOT3) [D:1.0000; C:1.0000]
 465.0000: (LIFT HOIST4 CRATE12 DEPOT3-2-1 DEPOT3-1-1 DEPOT3) [D:1.0000; C:1.0000]
 466.0000: (DROP HOIST4 CRATE12 DEPOT3-2-1 DEPOT3-1-1 DEPOT3) [D:1.0000; C:1.0000]
 467.0000: (LIFT HOIST4 CRATE12 DEPOT3-2-1 DEPOT3-1-1 DEPOT3) [D:1.0000; C:1.0000]
 468.0000: (DROP HOIST4 CRATE12 DEPOT3-2-1 DEPOT3-1-1 DEPOT3) [D:1.0000; C:1.0000]
 469.0000: (LIFT HOIST4 CRATE12 DEPOT3-2-1 DEPOT3-1-1 DEPOT3) [D:1.0000; C:1.0000]
 470.0000: (DROP HOIST2 CRATE13 DEPOT3-2-1 LOADAREA DEPOT3) [D:1.0000; C:1.0000]
 471.0000: (LIFT HOIST2 CRATE8 CONTAINER-2-2 LOADAREA CONTAINER2) [D:1.0000; C:1.0000]
 472.0000: (DROP HOIST2 CRATE8 DEPOT2-2-2 LOADAREA DEPOT2) [D:1.0000; C:1.0000]
 473.0000: (LIFT HOIST2 CRATE3 DEPOT0-2-3 LOADAREA DEPOT0) [D:1.0000; C:1.0000]
 474.0000: (DROP HOIST2 CRATE3 DEPOT0-2-3 LOADAREA DEPOT0) [D:1.0000; C:1.0000]
 475.0000: (LIFT HOIST2 CRATE3 DEPOT0-2-3 LOADAREA DEPOT0) [D:1.0000; C:1.0000]
 476.0000: (DROP HOIST2 CRATE3 DEPOT0-2-3 LOADAREA DEPOT0) [D:1.0000; C:1.0000]
 477.0000: (LIFT HOIST2 CRATE13 DEPOT3-2-1 LOADAREA DEPOT3) [D:1.0000; C:1.0000]
 477.0000: (LIFT HOIST1 CRATE3 DEPOT0-2-3 DEPOT0-1-3 DEPOT0) [D:1.0000; C:1.0000]
 478.0000: (MOVE HOIST4 DEPOT3-1-1 DEPOT3-2-1) [D:1.0000; C:1.0000]
 478.0000: (DROP HOIST2 CRATE13 CONTAINER-1-2 LOADAREA CONTAINER1) [D:1.0000; C:1.0000]
 478.0000: (MOVE HOIST1 DEPOT0-1-3 DEPOT0-1-2) [D:1.0000; C:1.0000]
 479.0000: (DROP HOIST4 CRATE12 DEPOT3-2-2 DEPOT3-2-1 DEPOT3) [D:1.0000; C:1.0000]
 479.0000: (LIFT HOIST2 CRATE16 DEPOT4-2-3 LOADAREA DEPOT4) [D:1.0000; C:1.0000]
 479.0000: (DROP HOIST1 CRATE3 DEPOT0-1-1 DEPOT0-1-2 DEPOT0) [D:1.0000; C:1.0000]
 480.0000: (GO-OUT HOIST4 DEPOT3-2-1 LOADAREA) [D:1.0000; C:1.0000]
 480.0000: (DROP HOIST2 CRATE16 CONTAINER-2-0 LOADAREA CONTAINER2) [D:1.0000; C:1.0000]
 481.0000: (LIFT HOIST4 CRATE15 CONTAINER-1-3 LOADAREA CONTAINER1) [D:1.0000; C:1.0000]
 481.0000: (LIFT HOIST2 CRATE1 CONTAINER-0-0 LOADAREA CONTAINER0) [D:1.0000; C:1.0000]
 482.0000: (GO-IN HOIST4 LOADAREA DEPOT3-2-1) [D:1.0000; C:1.0000]
 482.0000: (GO-IN HOIST2 LOADAREA DEPOT0-2-3) [D:1.0000; C:1.0000]
 483.0000: (DROP HOIST4 CRATE15 DEPOT3-1-1 DEPOT3-2-1 DEPOT3) [D:1.0000; C:1.0000]
 483.0000: (MOVE HOIST2 DEPOT0-2-3 DEPOT0-1-3) [D:1.0000; C:1.0000]
 484.0000: (GO-OUT HOIST4 DEPOT3-2-1 LOADAREA) [D:1.0000; C:1.0000]
 484.0000: (DROP HOIST2 CRATE1 DEPOT0-2-3 DEPOT0-1-3 DEPOT0) [D:1.0000; C:1.0000]
 485.0000: (LIFT HOIST4 CRATE16 CONTAINER-2-0 LOADAREA CONTAINER2) [D:1.0000; C:1.0000]
 486.0000: (DROP HOIST4 CRATE16 DEPOT4-2-3 LOADAREA DEPOT4) [D:1.0000; C:1.0000]
 487.0000: (LIFT HOIST4 CRATE13 CONTAINER-1-2 LOADAREA CONTAINER1) [D:1.0000; C:1.0000]
 488.0000: (DROP HOIST4 CRATE13 DEPOT3-2-1 LOADAREA DEPOT3) [D:1.0000; C:1.0000]


Solution found:
Total time:      373.47
Search time:     367.32
Actions:         639
Execution cost:  639.00
Duration:        489.000
Plan quality:    639.000

