---SatPlan Version: 1.1

bb: parsing domain file
domain 'MYSTERY-STRIPS' defined
 ... done.
bb: parsing problem file
problem 'STRIPS-MYSTY-X-22' defined
 ... done.


time:   0,    66 facts and       0 exclusive pairs
             125 ops   and     214 exclusive pairs
time:   1,   152 facts and     327 exclusive pairs

creating thin gp-based encoding...
plan graph layer 0...
plan graph layer 1...
goal constraints...

goal fact not coded - level too low??


bb: parsing domain file
domain 'MYSTERY-STRIPS' defined
 ... done.
bb: parsing problem file
problem 'STRIPS-MYSTY-X-22' defined
 ... done.


time:   0,    66 facts and       0 exclusive pairs
             125 ops   and     214 exclusive pairs
time:   1,   152 facts and     327 exclusive pairs
             495 ops   and   14166 exclusive pairs
time:   2,   268 facts and    1600 exclusive pairs

creating thin gp-based encoding...
plan graph layer 0...
plan graph layer 1...
plan graph layer 2...
goal constraints...

goal fact not coded - level too low??


bb: parsing domain file
domain 'MYSTERY-STRIPS' defined
 ... done.
bb: parsing problem file
problem 'STRIPS-MYSTY-X-22' defined
 ... done.


time:   0,    66 facts and       0 exclusive pairs
             125 ops   and     214 exclusive pairs
time:   1,   152 facts and     327 exclusive pairs
             495 ops   and   14166 exclusive pairs
time:   2,   268 facts and    1600 exclusive pairs
            1273 ops   and  124481 exclusive pairs
time:   3,   400 facts and    4392 exclusive pairs

creating thin gp-based encoding...
plan graph layer 0...
plan graph layer 1...
plan graph layer 2...
plan graph layer 3...
goal constraints...

goal fact not coded - level too low??


bb: parsing domain file
domain 'MYSTERY-STRIPS' defined
 ... done.
bb: parsing problem file
problem 'STRIPS-MYSTY-X-22' defined
 ... done.


time:   0,    66 facts and       0 exclusive pairs
             125 ops   and     214 exclusive pairs
time:   1,   152 facts and     327 exclusive pairs
             495 ops   and   14166 exclusive pairs
time:   2,   268 facts and    1600 exclusive pairs
            1273 ops   and  124481 exclusive pairs
time:   3,   400 facts and    4392 exclusive pairs
            2433 ops   and  451951 exclusive pairs
time:   4,   515 facts and    7415 exclusive pairs

creating thin gp-based encoding...
plan graph layer 0...
plan graph layer 1...
plan graph layer 2...
plan graph layer 3...
plan graph layer 4...
goal constraints...

goal fact not coded - level too low??


bb: parsing domain file
domain 'MYSTERY-STRIPS' defined
 ... done.
bb: parsing problem file
problem 'STRIPS-MYSTY-X-22' defined
 ... done.


time:   0,    66 facts and       0 exclusive pairs
             125 ops   and     214 exclusive pairs
time:   1,   152 facts and     327 exclusive pairs
             495 ops   and   14166 exclusive pairs
time:   2,   268 facts and    1600 exclusive pairs
            1273 ops   and  124481 exclusive pairs
time:   3,   400 facts and    4392 exclusive pairs
            2433 ops   and  451951 exclusive pairs
time:   4,   515 facts and    7415 exclusive pairs
            4180 ops   and 1298989 exclusive pairs
time:   5,   587 facts and    9312 exclusive pairs

creating thin gp-based encoding...
plan graph layer 0...
plan graph layer 1...
plan graph layer 2...
plan graph layer 3...
plan graph layer 4...
plan graph layer 5...
goal constraints...

goal fact not coded - level too low??


bb: parsing domain file
domain 'MYSTERY-STRIPS' defined
 ... done.
bb: parsing problem file
problem 'STRIPS-MYSTY-X-22' defined
 ... done.


time:   0,    66 facts and       0 exclusive pairs
             125 ops   and     214 exclusive pairs
time:   1,   152 facts and     327 exclusive pairs
             495 ops   and   14166 exclusive pairs
time:   2,   268 facts and    1600 exclusive pairs
            1273 ops   and  124481 exclusive pairs
time:   3,   400 facts and    4392 exclusive pairs
            2433 ops   and  451951 exclusive pairs
time:   4,   515 facts and    7415 exclusive pairs
            4180 ops   and 1298989 exclusive pairs
time:   5,   587 facts and    9312 exclusive pairs
            5997 ops   and 2697365 exclusive pairs
time:   6,   643 facts and   12324 exclusive pairs

creating thin gp-based encoding...
plan graph layer 0...
plan graph layer 1...
plan graph layer 2...
plan graph layer 3...
plan graph layer 4...
plan graph layer 5...
plan graph layer 6...
goal constraints...

goal fact not coded - level too low??


bb: parsing domain file
domain 'MYSTERY-STRIPS' defined
 ... done.
bb: parsing problem file
problem 'STRIPS-MYSTY-X-22' defined
 ... done.


time:   0,    66 facts and       0 exclusive pairs
             125 ops   and     214 exclusive pairs
time:   1,   152 facts and     327 exclusive pairs
             495 ops   and   14166 exclusive pairs
time:   2,   268 facts and    1600 exclusive pairs
            1273 ops   and  124481 exclusive pairs
time:   3,   400 facts and    4392 exclusive pairs
            2433 ops   and  451951 exclusive pairs
time:   4,   515 facts and    7415 exclusive pairs
            4180 ops   and 1298989 exclusive pairs
time:   5,   587 facts and    9312 exclusive pairs
            5997 ops   and 2697365 exclusive pairs
time:   6,   643 facts and   12324 exclusive pairs
            6733 ops   and 3359443 exclusive pairs
time:   7,   657 facts and   12578 exclusive pairs

creating thin gp-based encoding...
plan graph layer 0...
plan graph layer 1...
plan graph layer 2...
plan graph layer 3...
plan graph layer 4...
plan graph layer 5...
plan graph layer 6...
plan graph layer 7...
goal constraints...

goal fact not coded - level too low??


bb: parsing domain file
domain 'MYSTERY-STRIPS' defined
 ... done.
bb: parsing problem file
problem 'STRIPS-MYSTY-X-22' defined
 ... done.


time:   0,    66 facts and       0 exclusive pairs
             125 ops   and     214 exclusive pairs
time:   1,   152 facts and     327 exclusive pairs
             495 ops   and   14166 exclusive pairs
time:   2,   268 facts and    1600 exclusive pairs
            1273 ops   and  124481 exclusive pairs
time:   3,   400 facts and    4392 exclusive pairs
            2433 ops   and  451951 exclusive pairs
time:   4,   515 facts and    7415 exclusive pairs
            4180 ops   and 1298989 exclusive pairs
time:   5,   587 facts and    9312 exclusive pairs
            5997 ops   and 2697365 exclusive pairs
time:   6,   643 facts and   12324 exclusive pairs
            6733 ops   and 3359443 exclusive pairs
time:   7,   657 facts and   12578 exclusive pairs
            7006 ops   and 3656592 exclusive pairs
time:   8,   689 facts and   13662 exclusive pairs

creating thin gp-based encoding...
plan graph layer 0...
plan graph layer 1...
plan graph layer 2...
plan graph layer 3...
plan graph layer 4...
plan graph layer 5...
plan graph layer 6...
plan graph layer 7...
plan graph layer 8...
goal constraints...

goal fact not coded - level too low??


bb: parsing domain file
domain 'MYSTERY-STRIPS' defined
 ... done.
bb: parsing problem file
problem 'STRIPS-MYSTY-X-22' defined
 ... done.


time:   0,    66 facts and       0 exclusive pairs
             125 ops   and     214 exclusive pairs
time:   1,   152 facts and     327 exclusive pairs
             495 ops   and   14166 exclusive pairs
time:   2,   268 facts and    1600 exclusive pairs
            1273 ops   and  124481 exclusive pairs
time:   3,   400 facts and    4392 exclusive pairs
            2433 ops   and  451951 exclusive pairs
time:   4,   515 facts and    7415 exclusive pairs
            4180 ops   and 1298989 exclusive pairs
time:   5,   587 facts and    9312 exclusive pairs
            5997 ops   and 2697365 exclusive pairs
time:   6,   643 facts and   12324 exclusive pairs
            6733 ops   and 3359443 exclusive pairs
time:   7,   657 facts and   12578 exclusive pairs
            7006 ops   and 3656592 exclusive pairs
time:   8,   689 facts and   13662 exclusive pairs
            7241 ops   and 3947088 exclusive pairs
time:   9,   699 facts and   13799 exclusive pairs

creating thin gp-based encoding...
plan graph layer 0...
plan graph layer 1...
plan graph layer 2...
plan graph layer 3...
plan graph layer 4...
plan graph layer 5...
plan graph layer 6...
plan graph layer 7...
plan graph layer 8...
plan graph layer 9...
goal constraints...

goal fact not coded - level too low??


bb: parsing domain file
domain 'MYSTERY-STRIPS' defined
 ... done.
bb: parsing problem file
problem 'STRIPS-MYSTY-X-22' defined
 ... done.


time:   0,    66 facts and       0 exclusive pairs
             125 ops   and     214 exclusive pairs
time:   1,   152 facts and     327 exclusive pairs
             495 ops   and   14166 exclusive pairs
time:   2,   268 facts and    1600 exclusive pairs
            1273 ops   and  124481 exclusive pairs
time:   3,   400 facts and    4392 exclusive pairs
            2433 ops   and  451951 exclusive pairs
time:   4,   515 facts and    7415 exclusive pairs
            4180 ops   and 1298989 exclusive pairs
time:   5,   587 facts and    9312 exclusive pairs
            5997 ops   and 2697365 exclusive pairs
time:   6,   643 facts and   12324 exclusive pairs
            6733 ops   and 3359443 exclusive pairs
time:   7,   657 facts and   12578 exclusive pairs
            7006 ops   and 3656592 exclusive pairs
time:   8,   689 facts and   13662 exclusive pairs
            7241 ops   and 3947088 exclusive pairs
time:   9,   699 facts and   13799 exclusive pairs
            7326 ops   and 3996242 exclusive pairs
time:  10,   699 facts and   11560 exclusive pairs

creating thin gp-based encoding...
plan graph layer 0...
plan graph layer 1...
plan graph layer 2...
plan graph layer 3...
plan graph layer 4...
plan graph layer 5...
plan graph layer 6...
plan graph layer 7...
plan graph layer 8...
plan graph layer 9...
plan graph layer 10...
goal constraints...

goal fact not coded - level too low??


bb: parsing domain file
domain 'MYSTERY-STRIPS' defined
 ... done.
bb: parsing problem file
problem 'STRIPS-MYSTY-X-22' defined
 ... done.


time:   0,    66 facts and       0 exclusive pairs
             125 ops   and     214 exclusive pairs
time:   1,   152 facts and     327 exclusive pairs
             495 ops   and   14166 exclusive pairs
time:   2,   268 facts and    1600 exclusive pairs
            1273 ops   and  124481 exclusive pairs
time:   3,   400 facts and    4392 exclusive pairs
            2433 ops   and  451951 exclusive pairs
time:   4,   515 facts and    7415 exclusive pairs
            4180 ops   and 1298989 exclusive pairs
time:   5,   587 facts and    9312 exclusive pairs
            5997 ops   and 2697365 exclusive pairs
time:   6,   643 facts and   12324 exclusive pairs
            6733 ops   and 3359443 exclusive pairs
time:   7,   657 facts and   12578 exclusive pairs
            7006 ops   and 3656592 exclusive pairs
time:   8,   689 facts and   13662 exclusive pairs
            7241 ops   and 3947088 exclusive pairs
time:   9,   699 facts and   13799 exclusive pairs
            7326 ops   and 3996242 exclusive pairs
time:  10,   699 facts and   11560 exclusive pairs
            7333 ops   and 3878183 exclusive pairs
time:  11,   699 facts and   10964 exclusive pairs

creating thin gp-based encoding...
plan graph layer 0...
plan graph layer 1...
plan graph layer 2...
plan graph layer 3...
plan graph layer 4...
plan graph layer 5...
plan graph layer 6...
plan graph layer 7...
plan graph layer 8...
plan graph layer 9...
plan graph layer 10...
plan graph layer 11...
goal constraints...

goal fact not coded - level too low??


bb: parsing domain file
domain 'MYSTERY-STRIPS' defined
 ... done.
bb: parsing problem file
problem 'STRIPS-MYSTY-X-22' defined
 ... done.


time:   0,    66 facts and       0 exclusive pairs
             125 ops   and     214 exclusive pairs
time:   1,   152 facts and     327 exclusive pairs
             495 ops   and   14166 exclusive pairs
time:   2,   268 facts and    1600 exclusive pairs
            1273 ops   and  124481 exclusive pairs
time:   3,   400 facts and    4392 exclusive pairs
            2433 ops   and  451951 exclusive pairs
time:   4,   515 facts and    7415 exclusive pairs
            4180 ops   and 1298989 exclusive pairs
time:   5,   587 facts and    9312 exclusive pairs
            5997 ops   and 2697365 exclusive pairs
time:   6,   643 facts and   12324 exclusive pairs
            6733 ops   and 3359443 exclusive pairs
time:   7,   657 facts and   12578 exclusive pairs
            7006 ops   and 3656592 exclusive pairs
time:   8,   689 facts and   13662 exclusive pairs
            7241 ops   and 3947088 exclusive pairs
time:   9,   699 facts and   13799 exclusive pairs
            7326 ops   and 3996242 exclusive pairs
time:  10,   699 facts and   11560 exclusive pairs
            7333 ops   and 3878183 exclusive pairs
time:  11,   699 facts and   10964 exclusive pairs
            7333 ops   and 3838121 exclusive pairs
time:  12,   699 facts and   10871 exclusive pairs

creating thin gp-based encoding...
plan graph layer 0...
plan graph layer 1...
plan graph layer 2...
plan graph layer 3...
plan graph layer 4...
plan graph layer 5...
plan graph layer 6...
plan graph layer 7...
plan graph layer 8...
plan graph layer 9...
plan graph layer 10...
plan graph layer 11...
plan graph layer 12...
goal constraints...

goal fact not coded - level too low??


bb: parsing domain file
domain 'MYSTERY-STRIPS' defined
 ... done.
bb: parsing problem file
problem 'STRIPS-MYSTY-X-22' defined
 ... done.


time:   0,    66 facts and       0 exclusive pairs
             125 ops   and     214 exclusive pairs
time:   1,   152 facts and     327 exclusive pairs
             495 ops   and   14166 exclusive pairs
time:   2,   268 facts and    1600 exclusive pairs
            1273 ops   and  124481 exclusive pairs
time:   3,   400 facts and    4392 exclusive pairs
            2433 ops   and  451951 exclusive pairs
time:   4,   515 facts and    7415 exclusive pairs
            4180 ops   and 1298989 exclusive pairs
time:   5,   587 facts and    9312 exclusive pairs
            5997 ops   and 2697365 exclusive pairs
time:   6,   643 facts and   12324 exclusive pairs
            6733 ops   and 3359443 exclusive pairs
time:   7,   657 facts and   12578 exclusive pairs
            7006 ops   and 3656592 exclusive pairs
time:   8,   689 facts and   13662 exclusive pairs
            7241 ops   and 3947088 exclusive pairs
time:   9,   699 facts and   13799 exclusive pairs
            7326 ops   and 3996242 exclusive pairs
time:  10,   699 facts and   11560 exclusive pairs
            7333 ops   and 3878183 exclusive pairs
time:  11,   699 facts and   10964 exclusive pairs
            7333 ops   and 3838121 exclusive pairs
time:  12,   699 facts and   10871 exclusive pairs
            7333 ops   and 3822489 exclusive pairs
time:  13,   699 facts and   10851 exclusive pairs

creating thin gp-based encoding...
plan graph layer 0...
plan graph layer 1...
plan graph layer 2...
plan graph layer 3...
plan graph layer 4...
plan graph layer 5...
plan graph layer 6...
plan graph layer 7...
plan graph layer 8...
plan graph layer 9...
plan graph layer 10...
plan graph layer 11...
plan graph layer 12...
plan graph layer 13...
goal constraints...

goal fact not coded - level too low??


bb: parsing domain file
domain 'MYSTERY-STRIPS' defined
 ... done.
bb: parsing problem file
problem 'STRIPS-MYSTY-X-22' defined
 ... done.


time:   0,    66 facts and       0 exclusive pairs
             125 ops   and     214 exclusive pairs
time:   1,   152 facts and     327 exclusive pairs
             495 ops   and   14166 exclusive pairs
time:   2,   268 facts and    1600 exclusive pairs
            1273 ops   and  124481 exclusive pairs
time:   3,   400 facts and    4392 exclusive pairs
            2433 ops   and  451951 exclusive pairs
time:   4,   515 facts and    7415 exclusive pairs
            4180 ops   and 1298989 exclusive pairs
time:   5,   587 facts and    9312 exclusive pairs
            5997 ops   and 2697365 exclusive pairs
time:   6,   643 facts and   12324 exclusive pairs
            6733 ops   and 3359443 exclusive pairs
time:   7,   657 facts and   12578 exclusive pairs
            7006 ops   and 3656592 exclusive pairs
time:   8,   689 facts and   13662 exclusive pairs
            7241 ops   and 3947088 exclusive pairs
time:   9,   699 facts and   13799 exclusive pairs
            7326 ops   and 3996242 exclusive pairs
time:  10,   699 facts and   11560 exclusive pairs
            7333 ops   and 3878183 exclusive pairs
time:  11,   699 facts and   10964 exclusive pairs
            7333 ops   and 3838121 exclusive pairs
time:  12,   699 facts and   10871 exclusive pairs
            7333 ops   and 3822489 exclusive pairs
time:  13,   699 facts and   10851 exclusive pairs
graph has leveled off at time step 14


            7333 ops   and 3818661 exclusive pairs
time:  14,   699 facts and   10851 exclusive pairs

creating thin gp-based encoding...
plan graph layer 0...
plan graph layer 1...
plan graph layer 2...
plan graph layer 3...
plan graph layer 4...
plan graph layer 5...
plan graph layer 6...
plan graph layer 7...
plan graph layer 8...
plan graph layer 9...
plan graph layer 10...
plan graph layer 11...
plan graph layer 12...
plan graph layer 13...
plan graph layer 14...
goal constraints...

goal fact not coded - level too low??


bb: parsing domain file
domain 'MYSTERY-STRIPS' defined
 ... done.
bb: parsing problem file
problem 'STRIPS-MYSTY-X-22' defined
 ... done.


time:   0,    66 facts and       0 exclusive pairs
             125 ops   and     214 exclusive pairs
time:   1,   152 facts and     327 exclusive pairs
             495 ops   and   14166 exclusive pairs
time:   2,   268 facts and    1600 exclusive pairs
            1273 ops   and  124481 exclusive pairs
time:   3,   400 facts and    4392 exclusive pairs
            2433 ops   and  451951 exclusive pairs
time:   4,   515 facts and    7415 exclusive pairs
            4180 ops   and 1298989 exclusive pairs
time:   5,   587 facts and    9312 exclusive pairs
            5997 ops   and 2697365 exclusive pairs
time:   6,   643 facts and   12324 exclusive pairs
            6733 ops   and 3359443 exclusive pairs
time:   7,   657 facts and   12578 exclusive pairs
            7006 ops   and 3656592 exclusive pairs
time:   8,   689 facts and   13662 exclusive pairs
            7241 ops   and 3947088 exclusive pairs
time:   9,   699 facts and   13799 exclusive pairs
            7326 ops   and 3996242 exclusive pairs
time:  10,   699 facts and   11560 exclusive pairs
            7333 ops   and 3878183 exclusive pairs
time:  11,   699 facts and   10964 exclusive pairs
            7333 ops   and 3838121 exclusive pairs
time:  12,   699 facts and   10871 exclusive pairs
            7333 ops   and 3822489 exclusive pairs
time:  13,   699 facts and   10851 exclusive pairs
graph has leveled off at time step 14


            7333 ops   and 3818661 exclusive pairs
time:  14,   699 facts and   10851 exclusive pairs
            7333 ops   and 3818661 exclusive pairs
time:  15,   699 facts and   10851 exclusive pairs

creating thin gp-based encoding...
plan graph layer 0...
plan graph layer 1...
plan graph layer 2...
plan graph layer 3...
plan graph layer 4...
plan graph layer 5...
plan graph layer 6...
plan graph layer 7...
plan graph layer 8...
plan graph layer 9...
plan graph layer 10...
plan graph layer 11...
plan graph layer 12...
plan graph layer 13...
plan graph layer 14...
plan graph layer 15...
goal constraints...

goal fact not coded - level too low??


bb: parsing domain file
domain 'MYSTERY-STRIPS' defined
 ... done.
bb: parsing problem file
problem 'STRIPS-MYSTY-X-22' defined
 ... done.


time:   0,    66 facts and       0 exclusive pairs
             125 ops   and     214 exclusive pairs
time:   1,   152 facts and     327 exclusive pairs
             495 ops   and   14166 exclusive pairs
time:   2,   268 facts and    1600 exclusive pairs
            1273 ops   and  124481 exclusive pairs
time:   3,   400 facts and    4392 exclusive pairs
            2433 ops   and  451951 exclusive pairs
time:   4,   515 facts and    7415 exclusive pairs
            4180 ops   and 1298989 exclusive pairs
time:   5,   587 facts and    9312 exclusive pairs
            5997 ops   and 2697365 exclusive pairs
time:   6,   643 facts and   12324 exclusive pairs
            6733 ops   and 3359443 exclusive pairs
time:   7,   657 facts and   12578 exclusive pairs
            7006 ops   and 3656592 exclusive pairs
time:   8,   689 facts and   13662 exclusive pairs
            7241 ops   and 3947088 exclusive pairs
time:   9,   699 facts and   13799 exclusive pairs
            7326 ops   and 3996242 exclusive pairs
time:  10,   699 facts and   11560 exclusive pairs
            7333 ops   and 3878183 exclusive pairs
time:  11,   699 facts and   10964 exclusive pairs
            7333 ops   and 3838121 exclusive pairs
time:  12,   699 facts and   10871 exclusive pairs
            7333 ops   and 3822489 exclusive pairs
time:  13,   699 facts and   10851 exclusive pairs
graph has leveled off at time step 14


            7333 ops   and 3818661 exclusive pairs
time:  14,   699 facts and   10851 exclusive pairs
            7333 ops   and 3818661 exclusive pairs
time:  15,   699 facts and   10851 exclusive pairs
            7333 ops   and 3818661 exclusive pairs
time:  16,   699 facts and   10851 exclusive pairs

creating thin gp-based encoding...
plan graph layer 0...
plan graph layer 1...
plan graph layer 2...
plan graph layer 3...
plan graph layer 4...
plan graph layer 5...
plan graph layer 6...
plan graph layer 7...
plan graph layer 8...
plan graph layer 9...
plan graph layer 10...
plan graph layer 11...
plan graph layer 12...
plan graph layer 13...
plan graph layer 14...
plan graph layer 15...
plan graph layer 16...
goal constraints...

goal fact not coded - level too low??


bb: parsing domain file
domain 'MYSTERY-STRIPS' defined
 ... done.
bb: parsing problem file
problem 'STRIPS-MYSTY-X-22' defined
 ... done.


time:   0,    66 facts and       0 exclusive pairs
             125 ops   and     214 exclusive pairs
time:   1,   152 facts and     327 exclusive pairs
             495 ops   and   14166 exclusive pairs
time:   2,   268 facts and    1600 exclusive pairs
            1273 ops   and  124481 exclusive pairs
time:   3,   400 facts and    4392 exclusive pairs
            2433 ops   and  451951 exclusive pairs
time:   4,   515 facts and    7415 exclusive pairs
            4180 ops   and 1298989 exclusive pairs
time:   5,   587 facts and    9312 exclusive pairs
            5997 ops   and 2697365 exclusive pairs
time:   6,   643 facts and   12324 exclusive pairs
            6733 ops   and 3359443 exclusive pairs
time:   7,   657 facts and   12578 exclusive pairs
            7006 ops   and 3656592 exclusive pairs
time:   8,   689 facts and   13662 exclusive pairs
            7241 ops   and 3947088 exclusive pairs
time:   9,   699 facts and   13799 exclusive pairs
            7326 ops   and 3996242 exclusive pairs
time:  10,   699 facts and   11560 exclusive pairs
            7333 ops   and 3878183 exclusive pairs
time:  11,   699 facts and   10964 exclusive pairs
            7333 ops   and 3838121 exclusive pairs
time:  12,   699 facts and   10871 exclusive pairs
            7333 ops   and 3822489 exclusive pairs
time:  13,   699 facts and   10851 exclusive pairs
graph has leveled off at time step 14


            7333 ops   and 3818661 exclusive pairs
time:  14,   699 facts and   10851 exclusive pairs
            7333 ops   and 3818661 exclusive pairs
time:  15,   699 facts and   10851 exclusive pairs
            7333 ops   and 3818661 exclusive pairs
time:  16,   699 facts and   10851 exclusive pairs
            7333 ops   and 3818661 exclusive pairs
time:  17,   699 facts and   10851 exclusive pairs

creating thin gp-based encoding...
plan graph layer 0...
plan graph layer 1...
plan graph layer 2...
plan graph layer 3...
plan graph layer 4...
plan graph layer 5...
plan graph layer 6...
plan graph layer 7...
plan graph layer 8...
plan graph layer 9...
plan graph layer 10...
plan graph layer 11...
plan graph layer 12...
plan graph layer 13...
plan graph layer 14...
plan graph layer 15...
plan graph layer 16...
plan graph layer 17...
goal constraints...

goal fact not coded - level too low??


bb: parsing domain file
domain 'MYSTERY-STRIPS' defined
 ... done.
bb: parsing problem file
problem 'STRIPS-MYSTY-X-22' defined
 ... done.


time:   0,    66 facts and       0 exclusive pairs
             125 ops   and     214 exclusive pairs
time:   1,   152 facts and     327 exclusive pairs
             495 ops   and   14166 exclusive pairs
time:   2,   268 facts and    1600 exclusive pairs
            1273 ops   and  124481 exclusive pairs
time:   3,   400 facts and    4392 exclusive pairs
            2433 ops   and  451951 exclusive pairs
time:   4,   515 facts and    7415 exclusive pairs
            4180 ops   and 1298989 exclusive pairs
time:   5,   587 facts and    9312 exclusive pairs
            5997 ops   and 2697365 exclusive pairs
time:   6,   643 facts and   12324 exclusive pairs
            6733 ops   and 3359443 exclusive pairs
time:   7,   657 facts and   12578 exclusive pairs
            7006 ops   and 3656592 exclusive pairs
time:   8,   689 facts and   13662 exclusive pairs
            7241 ops   and 3947088 exclusive pairs
time:   9,   699 facts and   13799 exclusive pairs
            7326 ops   and 3996242 exclusive pairs
time:  10,   699 facts and   11560 exclusive pairs
            7333 ops   and 3878183 exclusive pairs
time:  11,   699 facts and   10964 exclusive pairs
            7333 ops   and 3838121 exclusive pairs
time:  12,   699 facts and   10871 exclusive pairs
            7333 ops   and 3822489 exclusive pairs
time:  13,   699 facts and   10851 exclusive pairs
graph has leveled off at time step 14


            7333 ops   and 3818661 exclusive pairs
time:  14,   699 facts and   10851 exclusive pairs
            7333 ops   and 3818661 exclusive pairs
time:  15,   699 facts and   10851 exclusive pairs
            7333 ops   and 3818661 exclusive pairs
time:  16,   699 facts and   10851 exclusive pairs
            7333 ops   and 3818661 exclusive pairs
time:  17,   699 facts and   10851 exclusive pairs
            7333 ops   and 3818661 exclusive pairs
time:  18,   699 facts and   10851 exclusive pairs

creating thin gp-based encoding...
plan graph layer 0...
plan graph layer 1...
plan graph layer 2...
plan graph layer 3...
plan graph layer 4...
plan graph layer 5...
plan graph layer 6...
plan graph layer 7...
plan graph layer 8...
plan graph layer 9...
plan graph layer 10...
plan graph layer 11...
plan graph layer 12...
plan graph layer 13...
plan graph layer 14...
plan graph layer 15...
plan graph layer 16...
plan graph layer 17...
plan graph layer 18...
goal constraints...

goal fact not coded - level too low??


bb: parsing domain file
domain 'MYSTERY-STRIPS' defined
 ... done.
bb: parsing problem file
problem 'STRIPS-MYSTY-X-22' defined
 ... done.


time:   0,    66 facts and       0 exclusive pairs
             125 ops   and     214 exclusive pairs
time:   1,   152 facts and     327 exclusive pairs
             495 ops   and   14166 exclusive pairs
time:   2,   268 facts and    1600 exclusive pairs
            1273 ops   and  124481 exclusive pairs
time:   3,   400 facts and    4392 exclusive pairs
            2433 ops   and  451951 exclusive pairs
time:   4,   515 facts and    7415 exclusive pairs
            4180 ops   and 1298989 exclusive pairs
time:   5,   587 facts and    9312 exclusive pairs
            5997 ops   and 2697365 exclusive pairs
time:   6,   643 facts and   12324 exclusive pairs
            6733 ops   and 3359443 exclusive pairs
time:   7,   657 facts and   12578 exclusive pairs
            7006 ops   and 3656592 exclusive pairs
time:   8,   689 facts and   13662 exclusive pairs
            7241 ops   and 3947088 exclusive pairs
time:   9,   699 facts and   13799 exclusive pairs
            7326 ops   and 3996242 exclusive pairs
time:  10,   699 facts and   11560 exclusive pairs
            7333 ops   and 3878183 exclusive pairs
time:  11,   699 facts and   10964 exclusive pairs
            7333 ops   and 3838121 exclusive pairs
time:  12,   699 facts and   10871 exclusive pairs
            7333 ops   and 3822489 exclusive pairs
time:  13,   699 facts and   10851 exclusive pairs
graph has leveled off at time step 14


            7333 ops   and 3818661 exclusive pairs
time:  14,   699 facts and   10851 exclusive pairs
            7333 ops   and 3818661 exclusive pairs
time:  15,   699 facts and   10851 exclusive pairs
            7333 ops   and 3818661 exclusive pairs
time:  16,   699 facts and   10851 exclusive pairs
            7333 ops   and 3818661 exclusive pairs
time:  17,   699 facts and   10851 exclusive pairs
            7333 ops   and 3818661 exclusive pairs
time:  18,   699 facts and   10851 exclusive pairs
            7333 ops   and 3818661 exclusive pairs
time:  19,   699 facts and   10851 exclusive pairs

creating thin gp-based encoding...
plan graph layer 0...
plan graph layer 1...
plan graph layer 2...
plan graph layer 3...
plan graph layer 4...
plan graph layer 5...
plan graph layer 6...
plan graph layer 7...
plan graph layer 8...
plan graph layer 9...
plan graph layer 10...
plan graph layer 11...
plan graph layer 12...
plan graph layer 13...
plan graph layer 14...
plan graph layer 15...
plan graph layer 16...
plan graph layer 17...
plan graph layer 18...
plan graph layer 19...
goal constraints...

goal fact not coded - level too low??


bb: parsing domain file
domain 'MYSTERY-STRIPS' defined
 ... done.
bb: parsing problem file
problem 'STRIPS-MYSTY-X-22' defined
 ... done.


time:   0,    66 facts and       0 exclusive pairs
             125 ops   and     214 exclusive pairs
time:   1,   152 facts and     327 exclusive pairs
             495 ops   and   14166 exclusive pairs
time:   2,   268 facts and    1600 exclusive pairs
            1273 ops   and  124481 exclusive pairs
time:   3,   400 facts and    4392 exclusive pairs
            2433 ops   and  451951 exclusive pairs
time:   4,   515 facts and    7415 exclusive pairs
            4180 ops   and 1298989 exclusive pairs
time:   5,   587 facts and    9312 exclusive pairs
            5997 ops   and 2697365 exclusive pairs
time:   6,   643 facts and   12324 exclusive pairs
            6733 ops   and 3359443 exclusive pairs
time:   7,   657 facts and   12578 exclusive pairs
            7006 ops   and 3656592 exclusive pairs
time:   8,   689 facts and   13662 exclusive pairs
            7241 ops   and 3947088 exclusive pairs
time:   9,   699 facts and   13799 exclusive pairs
            7326 ops   and 3996242 exclusive pairs
time:  10,   699 facts and   11560 exclusive pairs
            7333 ops   and 3878183 exclusive pairs
time:  11,   699 facts and   10964 exclusive pairs
            7333 ops   and 3838121 exclusive pairs
time:  12,   699 facts and   10871 exclusive pairs
            7333 ops   and 3822489 exclusive pairs
time:  13,   699 facts and   10851 exclusive pairs
graph has leveled off at time step 14


            7333 ops   and 3818661 exclusive pairs
time:  14,   699 facts and   10851 exclusive pairs
            7333 ops   and 3818661 exclusive pairs
time:  15,   699 facts and   10851 exclusive pairs
            7333 ops   and 3818661 exclusive pairs
time:  16,   699 facts and   10851 exclusive pairs
            7333 ops   and 3818661 exclusive pairs
time:  17,   699 facts and   10851 exclusive pairs
            7333 ops   and 3818661 exclusive pairs
time:  18,   699 facts and   10851 exclusive pairs
            7333 ops   and 3818661 exclusive pairs
time:  19,   699 facts and   10851 exclusive pairs
            7333 ops   and 3818661 exclusive pairs
time:  20,   699 facts and   10851 exclusive pairs

creating thin gp-based encoding...
plan graph layer 0...
plan graph layer 1...
plan graph layer 2...
plan graph layer 3...
plan graph layer 4...
plan graph layer 5...
plan graph layer 6...
plan graph layer 7...
plan graph layer 8...
plan graph layer 9...
plan graph layer 10...
plan graph layer 11...
plan graph layer 12...
plan graph layer 13...
plan graph layer 14...
plan graph layer 15...
plan graph layer 16...
plan graph layer 17...
plan graph layer 18...
plan graph layer 19...
plan graph layer 20...
goal constraints...

goal fact not coded - level too low??


bb: parsing domain file
domain 'MYSTERY-STRIPS' defined
 ... done.
bb: parsing problem file
problem 'STRIPS-MYSTY-X-22' defined
 ... done.


time:   0,    66 facts and       0 exclusive pairs
             125 ops   and     214 exclusive pairs
time:   1,   152 facts and     327 exclusive pairs
             495 ops   and   14166 exclusive pairs
time:   2,   268 facts and    1600 exclusive pairs
            1273 ops   and  124481 exclusive pairs
time:   3,   400 facts and    4392 exclusive pairs
            2433 ops   and  451951 exclusive pairs
time:   4,   515 facts and    7415 exclusive pairs
            4180 ops   and 1298989 exclusive pairs
time:   5,   587 facts and    9312 exclusive pairs
            5997 ops   and 2697365 exclusive pairs
time:   6,   643 facts and   12324 exclusive pairs
            6733 ops   and 3359443 exclusive pairs
time:   7,   657 facts and   12578 exclusive pairs
            7006 ops   and 3656592 exclusive pairs
time:   8,   689 facts and   13662 exclusive pairs
            7241 ops   and 3947088 exclusive pairs
time:   9,   699 facts and   13799 exclusive pairs
            7326 ops   and 3996242 exclusive pairs
time:  10,   699 facts and   11560 exclusive pairs
            7333 ops   and 3878183 exclusive pairs
time:  11,   699 facts and   10964 exclusive pairs
            7333 ops   and 3838121 exclusive pairs
time:  12,   699 facts and   10871 exclusive pairs
            7333 ops   and 3822489 exclusive pairs
time:  13,   699 facts and   10851 exclusive pairs
graph has leveled off at time step 14


            7333 ops   and 3818661 exclusive pairs
time:  14,   699 facts and   10851 exclusive pairs
            7333 ops   and 3818661 exclusive pairs
time:  15,   699 facts and   10851 exclusive pairs
            7333 ops   and 3818661 exclusive pairs
time:  16,   699 facts and   10851 exclusive pairs
            7333 ops   and 3818661 exclusive pairs
time:  17,   699 facts and   10851 exclusive pairs
            7333 ops   and 3818661 exclusive pairs
time:  18,   699 facts and   10851 exclusive pairs
            7333 ops   and 3818661 exclusive pairs
time:  19,   699 facts and   10851 exclusive pairs
            7333 ops   and 3818661 exclusive pairs
time:  20,   699 facts and   10851 exclusive pairs
            7333 ops   and 3818661 exclusive pairs
time:  21,   699 facts and   10851 exclusive pairs

creating thin gp-based encoding...
plan graph layer 0...
plan graph layer 1...
plan graph layer 2...
plan graph layer 3...
plan graph layer 4...
plan graph layer 5...
plan graph layer 6...
plan graph layer 7...
plan graph layer 8...
plan graph layer 9...
plan graph layer 10...
plan graph layer 11...
plan graph layer 12...
plan graph layer 13...
plan graph layer 14...
plan graph layer 15...
plan graph layer 16...
plan graph layer 17...
plan graph layer 18...
plan graph layer 19...
plan graph layer 20...
plan graph layer 21...
goal constraints...

goal fact not coded - level too low??


bb: parsing domain file
domain 'MYSTERY-STRIPS' defined
 ... done.
bb: parsing problem file
problem 'STRIPS-MYSTY-X-22' defined
 ... done.


time:   0,    66 facts and       0 exclusive pairs
             125 ops   and     214 exclusive pairs
time:   1,   152 facts and     327 exclusive pairs
             495 ops   and   14166 exclusive pairs
time:   2,   268 facts and    1600 exclusive pairs
            1273 ops   and  124481 exclusive pairs
time:   3,   400 facts and    4392 exclusive pairs
            2433 ops   and  451951 exclusive pairs
time:   4,   515 facts and    7415 exclusive pairs
            4180 ops   and 1298989 exclusive pairs
time:   5,   587 facts and    9312 exclusive pairs
            5997 ops   and 2697365 exclusive pairs
time:   6,   643 facts and   12324 exclusive pairs
            6733 ops   and 3359443 exclusive pairs
time:   7,   657 facts and   12578 exclusive pairs
            7006 ops   and 3656592 exclusive pairs
time:   8,   689 facts and   13662 exclusive pairs
            7241 ops   and 3947088 exclusive pairs
time:   9,   699 facts and   13799 exclusive pairs
            7326 ops   and 3996242 exclusive pairs
time:  10,   699 facts and   11560 exclusive pairs
            7333 ops   and 3878183 exclusive pairs
time:  11,   699 facts and   10964 exclusive pairs
            7333 ops   and 3838121 exclusive pairs
time:  12,   699 facts and   10871 exclusive pairs
            7333 ops   and 3822489 exclusive pairs
time:  13,   699 facts and   10851 exclusive pairs
graph has leveled off at time step 14


            7333 ops   and 3818661 exclusive pairs
time:  14,   699 facts and   10851 exclusive pairs
            7333 ops   and 3818661 exclusive pairs
time:  15,   699 facts and   10851 exclusive pairs
            7333 ops   and 3818661 exclusive pairs
time:  16,   699 facts and   10851 exclusive pairs
            7333 ops   and 3818661 exclusive pairs
time:  17,   699 facts and   10851 exclusive pairs
            7333 ops   and 3818661 exclusive pairs
time:  18,   699 facts and   10851 exclusive pairs
            7333 ops   and 3818661 exclusive pairs
time:  19,   699 facts and   10851 exclusive pairs
            7333 ops   and 3818661 exclusive pairs
time:  20,   699 facts and   10851 exclusive pairs
            7333 ops   and 3818661 exclusive pairs
time:  21,   699 facts and   10851 exclusive pairs
            7333 ops   and 3818661 exclusive pairs
time:  22,   699 facts and   10851 exclusive pairs

creating thin gp-based encoding...
plan graph layer 0...
plan graph layer 1...
plan graph layer 2...
plan graph layer 3...
plan graph layer 4...
plan graph layer 5...
plan graph layer 6...
plan graph layer 7...
plan graph layer 8...
plan graph layer 9...
plan graph layer 10...
plan graph layer 11...
plan graph layer 12...
plan graph layer 13...
plan graph layer 14...
plan graph layer 15...
plan graph layer 16...
plan graph layer 17...
plan graph layer 18...
plan graph layer 19...
plan graph layer 20...
plan graph layer 21...
plan graph layer 22...
goal constraints...

goal fact not coded - level too low??


bb: parsing domain file
domain 'MYSTERY-STRIPS' defined
 ... done.
bb: parsing problem file
problem 'STRIPS-MYSTY-X-22' defined
 ... done.


time:   0,    66 facts and       0 exclusive pairs
             125 ops   and     214 exclusive pairs
time:   1,   152 facts and     327 exclusive pairs
             495 ops   and   14166 exclusive pairs
time:   2,   268 facts and    1600 exclusive pairs
            1273 ops   and  124481 exclusive pairs
time:   3,   400 facts and    4392 exclusive pairs
            2433 ops   and  451951 exclusive pairs
time:   4,   515 facts and    7415 exclusive pairs
            4180 ops   and 1298989 exclusive pairs
time:   5,   587 facts and    9312 exclusive pairs
            5997 ops   and 2697365 exclusive pairs
time:   6,   643 facts and   12324 exclusive pairs
            6733 ops   and 3359443 exclusive pairs
time:   7,   657 facts and   12578 exclusive pairs
            7006 ops   and 3656592 exclusive pairs
time:   8,   689 facts and   13662 exclusive pairs
            7241 ops   and 3947088 exclusive pairs
time:   9,   699 facts and   13799 exclusive pairs
            7326 ops   and 3996242 exclusive pairs
time:  10,   699 facts and   11560 exclusive pairs
            7333 ops   and 3878183 exclusive pairs
time:  11,   699 facts and   10964 exclusive pairs
            7333 ops   and 3838121 exclusive pairs
time:  12,   699 facts and   10871 exclusive pairs
            7333 ops   and 3822489 exclusive pairs
time:  13,   699 facts and   10851 exclusive pairs
graph has leveled off at time step 14


            7333 ops   and 3818661 exclusive pairs
time:  14,   699 facts and   10851 exclusive pairs
            7333 ops   and 3818661 exclusive pairs
time:  15,   699 facts and   10851 exclusive pairs
            7333 ops   and 3818661 exclusive pairs
time:  16,   699 facts and   10851 exclusive pairs
            7333 ops   and 3818661 exclusive pairs
time:  17,   699 facts and   10851 exclusive pairs
            7333 ops   and 3818661 exclusive pairs
time:  18,   699 facts and   10851 exclusive pairs
            7333 ops   and 3818661 exclusive pairs
time:  19,   699 facts and   10851 exclusive pairs
            7333 ops   and 3818661 exclusive pairs
time:  20,   699 facts and   10851 exclusive pairs
            7333 ops   and 3818661 exclusive pairs
time:  21,   699 facts and   10851 exclusive pairs
            7333 ops   and 3818661 exclusive pairs
time:  22,   699 facts and   10851 exclusive pairs
            7333 ops   and 3818661 exclusive pairs
time:  23,   699 facts and   10851 exclusive pairs

creating thin gp-based encoding...
plan graph layer 0...
plan graph layer 1...
plan graph layer 2...
plan graph layer 3...
plan graph layer 4...
plan graph layer 5...
plan graph layer 6...
plan graph layer 7...
plan graph layer 8...
plan graph layer 9...
plan graph layer 10...
plan graph layer 11...
plan graph layer 12...
plan graph layer 13...
plan graph layer 14...
plan graph layer 15...
plan graph layer 16...
plan graph layer 17...
plan graph layer 18...
plan graph layer 19...
plan graph layer 20...
plan graph layer 21...
plan graph layer 22...
plan graph layer 23...
goal constraints...

goal fact not coded - level too low??


bb: parsing domain file
domain 'MYSTERY-STRIPS' defined
 ... done.
bb: parsing problem file
problem 'STRIPS-MYSTY-X-22' defined
 ... done.


time:   0,    66 facts and       0 exclusive pairs
             125 ops   and     214 exclusive pairs
time:   1,   152 facts and     327 exclusive pairs
             495 ops   and   14166 exclusive pairs
time:   2,   268 facts and    1600 exclusive pairs
            1273 ops   and  124481 exclusive pairs
time:   3,   400 facts and    4392 exclusive pairs
            2433 ops   and  451951 exclusive pairs
time:   4,   515 facts and    7415 exclusive pairs
            4180 ops   and 1298989 exclusive pairs
time:   5,   587 facts and    9312 exclusive pairs
            5997 ops   and 2697365 exclusive pairs
time:   6,   643 facts and   12324 exclusive pairs
            6733 ops   and 3359443 exclusive pairs
time:   7,   657 facts and   12578 exclusive pairs
            7006 ops   and 3656592 exclusive pairs
time:   8,   689 facts and   13662 exclusive pairs
            7241 ops   and 3947088 exclusive pairs
time:   9,   699 facts and   13799 exclusive pairs
            7326 ops   and 3996242 exclusive pairs
time:  10,   699 facts and   11560 exclusive pairs
            7333 ops   and 3878183 exclusive pairs
time:  11,   699 facts and   10964 exclusive pairs
            7333 ops   and 3838121 exclusive pairs
time:  12,   699 facts and   10871 exclusive pairs
            7333 ops   and 3822489 exclusive pairs
time:  13,   699 facts and   10851 exclusive pairs
graph has leveled off at time step 14


            7333 ops   and 3818661 exclusive pairs
time:  14,   699 facts and   10851 exclusive pairs
            7333 ops   and 3818661 exclusive pairs
time:  15,   699 facts and   10851 exclusive pairs
            7333 ops   and 3818661 exclusive pairs
time:  16,   699 facts and   10851 exclusive pairs
            7333 ops   and 3818661 exclusive pairs
time:  17,   699 facts and   10851 exclusive pairs
            7333 ops   and 3818661 exclusive pairs
time:  18,   699 facts and   10851 exclusive pairs
            7333 ops   and 3818661 exclusive pairs
time:  19,   699 facts and   10851 exclusive pairs
            7333 ops   and 3818661 exclusive pairs
time:  20,   699 facts and   10851 exclusive pairs
            7333 ops   and 3818661 exclusive pairs
time:  21,   699 facts and   10851 exclusive pairs
            7333 ops   and 3818661 exclusive pairs
time:  22,   699 facts and   10851 exclusive pairs
            7333 ops   and 3818661 exclusive pairs
time:  23,   699 facts and   10851 exclusive pairs
            7333 ops   and 3818661 exclusive pairs
time:  24,   699 facts and   10851 exclusive pairs

creating thin gp-based encoding...
plan graph layer 0...
plan graph layer 1...
plan graph layer 2...
plan graph layer 3...
plan graph layer 4...
plan graph layer 5...
plan graph layer 6...
plan graph layer 7...
plan graph layer 8...
plan graph layer 9...
plan graph layer 10...
plan graph layer 11...
plan graph layer 12...
plan graph layer 13...
plan graph layer 14...
plan graph layer 15...
plan graph layer 16...
plan graph layer 17...
plan graph layer 18...
plan graph layer 19...
plan graph layer 20...
plan graph layer 21...
plan graph layer 22...
plan graph layer 23...
plan graph layer 24...
goal constraints...

goal fact not coded - level too low??


bb: parsing domain file
domain 'MYSTERY-STRIPS' defined
 ... done.
bb: parsing problem file
problem 'STRIPS-MYSTY-X-22' defined
 ... done.


time:   0,    66 facts and       0 exclusive pairs
             125 ops   and     214 exclusive pairs
time:   1,   152 facts and     327 exclusive pairs
             495 ops   and   14166 exclusive pairs
time:   2,   268 facts and    1600 exclusive pairs
            1273 ops   and  124481 exclusive pairs
time:   3,   400 facts and    4392 exclusive pairs
            2433 ops   and  451951 exclusive pairs
time:   4,   515 facts and    7415 exclusive pairs
            4180 ops   and 1298989 exclusive pairs
time:   5,   587 facts and    9312 exclusive pairs
            5997 ops   and 2697365 exclusive pairs
time:   6,   643 facts and   12324 exclusive pairs
            6733 ops   and 3359443 exclusive pairs
time:   7,   657 facts and   12578 exclusive pairs
            7006 ops   and 3656592 exclusive pairs
time:   8,   689 facts and   13662 exclusive pairs
            7241 ops   and 3947088 exclusive pairs
time:   9,   699 facts and   13799 exclusive pairs
            7326 ops   and 3996242 exclusive pairs
time:  10,   699 facts and   11560 exclusive pairs
            7333 ops   and 3878183 exclusive pairs
time:  11,   699 facts and   10964 exclusive pairs
            7333 ops   and 3838121 exclusive pairs
time:  12,   699 facts and   10871 exclusive pairs
            7333 ops   and 3822489 exclusive pairs
time:  13,   699 facts and   10851 exclusive pairs
graph has leveled off at time step 14


            7333 ops   and 3818661 exclusive pairs
time:  14,   699 facts and   10851 exclusive pairs
            7333 ops   and 3818661 exclusive pairs
time:  15,   699 facts and   10851 exclusive pairs
            7333 ops   and 3818661 exclusive pairs
time:  16,   699 facts and   10851 exclusive pairs
            7333 ops   and 3818661 exclusive pairs
time:  17,   699 facts and   10851 exclusive pairs
            7333 ops   and 3818661 exclusive pairs
time:  18,   699 facts and   10851 exclusive pairs
            7333 ops   and 3818661 exclusive pairs
time:  19,   699 facts and   10851 exclusive pairs
            7333 ops   and 3818661 exclusive pairs
time:  20,   699 facts and   10851 exclusive pairs
            7333 ops   and 3818661 exclusive pairs
time:  21,   699 facts and   10851 exclusive pairs
            7333 ops   and 3818661 exclusive pairs
time:  22,   699 facts and   10851 exclusive pairs
            7333 ops   and 3818661 exclusive pairs
time:  23,   699 facts and   10851 exclusive pairs
            7333 ops   and 3818661 exclusive pairs
time:  24,   699 facts and   10851 exclusive pairs
            7333 ops   and 3818661 exclusive pairs
time:  25,   699 facts and   10851 exclusive pairs

creating thin gp-based encoding...
plan graph layer 0...
plan graph layer 1...
plan graph layer 2...
plan graph layer 3...
plan graph layer 4...
plan graph layer 5...
plan graph layer 6...
plan graph layer 7...
plan graph layer 8...
plan graph layer 9...
plan graph layer 10...
plan graph layer 11...
plan graph layer 12...
plan graph layer 13...
plan graph layer 14...
plan graph layer 15...
plan graph layer 16...
plan graph layer 17...
plan graph layer 18...
plan graph layer 19...
plan graph layer 20...
plan graph layer 21...
plan graph layer 22...
plan graph layer 23...
plan graph layer 24...
plan graph layer 25...
goal constraints...

goal fact not coded - level too low??


bb: parsing domain file
domain 'MYSTERY-STRIPS' defined
 ... done.
bb: parsing problem file
problem 'STRIPS-MYSTY-X-22' defined
 ... done.


time:   0,    66 facts and       0 exclusive pairs
             125 ops   and     214 exclusive pairs
time:   1,   152 facts and     327 exclusive pairs
             495 ops   and   14166 exclusive pairs
time:   2,   268 facts and    1600 exclusive pairs
            1273 ops   and  124481 exclusive pairs
time:   3,   400 facts and    4392 exclusive pairs
            2433 ops   and  451951 exclusive pairs
time:   4,   515 facts and    7415 exclusive pairs
            4180 ops   and 1298989 exclusive pairs
time:   5,   587 facts and    9312 exclusive pairs
            5997 ops   and 2697365 exclusive pairs
time:   6,   643 facts and   12324 exclusive pairs
            6733 ops   and 3359443 exclusive pairs
time:   7,   657 facts and   12578 exclusive pairs
            7006 ops   and 3656592 exclusive pairs
time:   8,   689 facts and   13662 exclusive pairs
            7241 ops   and 3947088 exclusive pairs
time:   9,   699 facts and   13799 exclusive pairs
            7326 ops   and 3996242 exclusive pairs
time:  10,   699 facts and   11560 exclusive pairs
            7333 ops   and 3878183 exclusive pairs
time:  11,   699 facts and   10964 exclusive pairs
            7333 ops   and 3838121 exclusive pairs
time:  12,   699 facts and   10871 exclusive pairs
            7333 ops   and 3822489 exclusive pairs
time:  13,   699 facts and   10851 exclusive pairs
graph has leveled off at time step 14


            7333 ops   and 3818661 exclusive pairs
time:  14,   699 facts and   10851 exclusive pairs
            7333 ops   and 3818661 exclusive pairs
time:  15,   699 facts and   10851 exclusive pairs
            7333 ops   and 3818661 exclusive pairs
time:  16,   699 facts and   10851 exclusive pairs
            7333 ops   and 3818661 exclusive pairs
time:  17,   699 facts and   10851 exclusive pairs
            7333 ops   and 3818661 exclusive pairs
time:  18,   699 facts and   10851 exclusive pairs
            7333 ops   and 3818661 exclusive pairs
time:  19,   699 facts and   10851 exclusive pairs
            7333 ops   and 3818661 exclusive pairs
time:  20,   699 facts and   10851 exclusive pairs
            7333 ops   and 3818661 exclusive pairs
time:  21,   699 facts and   10851 exclusive pairs
            7333 ops   and 3818661 exclusive pairs
time:  22,   699 facts and   10851 exclusive pairs
            7333 ops   and 3818661 exclusive pairs
time:  23,   699 facts and   10851 exclusive pairs
            7333 ops   and 3818661 exclusive pairs
time:  24,   699 facts and   10851 exclusive pairs
            7333 ops   and 3818661 exclusive pairs
time:  25,   699 facts and   10851 exclusive pairs
            7333 ops   and 3818661 exclusive pairs
time:  26,   699 facts and   10851 exclusive pairs

creating thin gp-based encoding...
plan graph layer 0...
plan graph layer 1...
plan graph layer 2...
plan graph layer 3...
plan graph layer 4...
plan graph layer 5...
plan graph layer 6...
plan graph layer 7...
plan graph layer 8...
plan graph layer 9...
plan graph layer 10...
plan graph layer 11...
plan graph layer 12...
plan graph layer 13...
plan graph layer 14...
plan graph layer 15...
plan graph layer 16...
plan graph layer 17...
plan graph layer 18...
plan graph layer 19...
plan graph layer 20...
plan graph layer 21...
plan graph layer 22...
plan graph layer 23...
plan graph layer 24...
plan graph layer 25...
plan graph layer 26...
goal constraints...

goal fact not coded - level too low??


bb: parsing domain file
domain 'MYSTERY-STRIPS' defined
 ... done.
bb: parsing problem file
problem 'STRIPS-MYSTY-X-22' defined
 ... done.


time:   0,    66 facts and       0 exclusive pairs
             125 ops   and     214 exclusive pairs
time:   1,   152 facts and     327 exclusive pairs
             495 ops   and   14166 exclusive pairs
time:   2,   268 facts and    1600 exclusive pairs
            1273 ops   and  124481 exclusive pairs
time:   3,   400 facts and    4392 exclusive pairs
            2433 ops   and  451951 exclusive pairs
time:   4,   515 facts and    7415 exclusive pairs
            4180 ops   and 1298989 exclusive pairs
time:   5,   587 facts and    9312 exclusive pairs
            5997 ops   and 2697365 exclusive pairs
time:   6,   643 facts and   12324 exclusive pairs
            6733 ops   and 3359443 exclusive pairs
time:   7,   657 facts and   12578 exclusive pairs
            7006 ops   and 3656592 exclusive pairs
time:   8,   689 facts and   13662 exclusive pairs
            7241 ops   and 3947088 exclusive pairs
time:   9,   699 facts and   13799 exclusive pairs
            7326 ops   and 3996242 exclusive pairs
time:  10,   699 facts and   11560 exclusive pairs
            7333 ops   and 3878183 exclusive pairs
time:  11,   699 facts and   10964 exclusive pairs
            7333 ops   and 3838121 exclusive pairs
time:  12,   699 facts and   10871 exclusive pairs
            7333 ops   and 3822489 exclusive pairs
time:  13,   699 facts and   10851 exclusive pairs
graph has leveled off at time step 14


            7333 ops   and 3818661 exclusive pairs
time:  14,   699 facts and   10851 exclusive pairs
            7333 ops   and 3818661 exclusive pairs
time:  15,   699 facts and   10851 exclusive pairs
            7333 ops   and 3818661 exclusive pairs
time:  16,   699 facts and   10851 exclusive pairs
            7333 ops   and 3818661 exclusive pairs
time:  17,   699 facts and   10851 exclusive pairs
            7333 ops   and 3818661 exclusive pairs
time:  18,   699 facts and   10851 exclusive pairs
            7333 ops   and 3818661 exclusive pairs
time:  19,   699 facts and   10851 exclusive pairs
            7333 ops   and 3818661 exclusive pairs
time:  20,   699 facts and   10851 exclusive pairs
            7333 ops   and 3818661 exclusive pairs
time:  21,   699 facts and   10851 exclusive pairs
            7333 ops   and 3818661 exclusive pairs
time:  22,   699 facts and   10851 exclusive pairs
            7333 ops   and 3818661 exclusive pairs
time:  23,   699 facts and   10851 exclusive pairs
            7333 ops   and 3818661 exclusive pairs
time:  24,   699 facts and   10851 exclusive pairs
            7333 ops   and 3818661 exclusive pairs
time:  25,   699 facts and   10851 exclusive pairs
            7333 ops   and 3818661 exclusive pairs
time:  26,   699 facts and   10851 exclusive pairs
            7333 ops   and 3818661 exclusive pairs
time:  27,   699 facts and   10851 exclusive pairs

creating thin gp-based encoding...
plan graph layer 0...
plan graph layer 1...
plan graph layer 2...
plan graph layer 3...
plan graph layer 4...
plan graph layer 5...
plan graph layer 6...
plan graph layer 7...
plan graph layer 8...
plan graph layer 9...
plan graph layer 10...
plan graph layer 11...
plan graph layer 12...
plan graph layer 13...
plan graph layer 14...
plan graph layer 15...
plan graph layer 16...
plan graph layer 17...
plan graph layer 18...
plan graph layer 19...
plan graph layer 20...
plan graph layer 21...
plan graph layer 22...
plan graph layer 23...
plan graph layer 24...
plan graph layer 25...
plan graph layer 26...
plan graph layer 27...
goal constraints...

goal fact not coded - level too low??


bb: parsing domain file
domain 'MYSTERY-STRIPS' defined
 ... done.
bb: parsing problem file
problem 'STRIPS-MYSTY-X-22' defined
 ... done.


time:   0,    66 facts and       0 exclusive pairs
             125 ops   and     214 exclusive pairs
time:   1,   152 facts and     327 exclusive pairs
             495 ops   and   14166 exclusive pairs
time:   2,   268 facts and    1600 exclusive pairs
            1273 ops   and  124481 exclusive pairs
time:   3,   400 facts and    4392 exclusive pairs
            2433 ops   and  451951 exclusive pairs
time:   4,   515 facts and    7415 exclusive pairs
            4180 ops   and 1298989 exclusive pairs
time:   5,   587 facts and    9312 exclusive pairs
            5997 ops   and 2697365 exclusive pairs
time:   6,   643 facts and   12324 exclusive pairs
            6733 ops   and 3359443 exclusive pairs
time:   7,   657 facts and   12578 exclusive pairs
            7006 ops   and 3656592 exclusive pairs
time:   8,   689 facts and   13662 exclusive pairs
            7241 ops   and 3947088 exclusive pairs
time:   9,   699 facts and   13799 exclusive pairs
            7326 ops   and 3996242 exclusive pairs
time:  10,   699 facts and   11560 exclusive pairs
            7333 ops   and 3878183 exclusive pairs
time:  11,   699 facts and   10964 exclusive pairs
            7333 ops   and 3838121 exclusive pairs
time:  12,   699 facts and   10871 exclusive pairs
            7333 ops   and 3822489 exclusive pairs
time:  13,   699 facts and   10851 exclusive pairs
graph has leveled off at time step 14


            7333 ops   and 3818661 exclusive pairs
time:  14,   699 facts and   10851 exclusive pairs
            7333 ops   and 3818661 exclusive pairs
time:  15,   699 facts and   10851 exclusive pairs
            7333 ops   and 3818661 exclusive pairs
time:  16,   699 facts and   10851 exclusive pairs
            7333 ops   and 3818661 exclusive pairs
time:  17,   699 facts and   10851 exclusive pairs
            7333 ops   and 3818661 exclusive pairs
time:  18,   699 facts and   10851 exclusive pairs
            7333 ops   and 3818661 exclusive pairs
time:  19,   699 facts and   10851 exclusive pairs
            7333 ops   and 3818661 exclusive pairs
time:  20,   699 facts and   10851 exclusive pairs
            7333 ops   and 3818661 exclusive pairs
time:  21,   699 facts and   10851 exclusive pairs
            7333 ops   and 3818661 exclusive pairs
time:  22,   699 facts and   10851 exclusive pairs
            7333 ops   and 3818661 exclusive pairs
time:  23,   699 facts and   10851 exclusive pairs
            7333 ops   and 3818661 exclusive pairs
time:  24,   699 facts and   10851 exclusive pairs
            7333 ops   and 3818661 exclusive pairs
time:  25,   699 facts and   10851 exclusive pairs
            7333 ops   and 3818661 exclusive pairs
time:  26,   699 facts and   10851 exclusive pairs
            7333 ops   and 3818661 exclusive pairs
time:  27,   699 facts and   10851 exclusive pairs
            7333 ops   and 3818661 exclusive pairs
time:  28,   699 facts and   10851 exclusive pairs

creating thin gp-based encoding...
plan graph layer 0...
plan graph layer 1...
plan graph layer 2...
plan graph layer 3...
plan graph layer 4...
plan graph layer 5...
plan graph layer 6...
plan graph layer 7...
plan graph layer 8...
plan graph layer 9...
plan graph layer 10...
plan graph layer 11...
plan graph layer 12...
plan graph layer 13...
plan graph layer 14...
plan graph layer 15...
plan graph layer 16...
plan graph layer 17...
plan graph layer 18...
plan graph layer 19...
plan graph layer 20...
plan graph layer 21...
plan graph layer 22...
plan graph layer 23...
plan graph layer 24...
plan graph layer 25...
plan graph layer 26...
plan graph layer 27...
plan graph layer 28...
goal constraints...

goal fact not coded - level too low??


bb: parsing domain file
domain 'MYSTERY-STRIPS' defined
 ... done.
bb: parsing problem file
problem 'STRIPS-MYSTY-X-22' defined
 ... done.


time:   0,    66 facts and       0 exclusive pairs
             125 ops   and     214 exclusive pairs
time:   1,   152 facts and     327 exclusive pairs
             495 ops   and   14166 exclusive pairs
time:   2,   268 facts and    1600 exclusive pairs
            1273 ops   and  124481 exclusive pairs
time:   3,   400 facts and    4392 exclusive pairs
            2433 ops   and  451951 exclusive pairs
time:   4,   515 facts and    7415 exclusive pairs
            4180 ops   and 1298989 exclusive pairs
time:   5,   587 facts and    9312 exclusive pairs
            5997 ops   and 2697365 exclusive pairs
time:   6,   643 facts and   12324 exclusive pairs
            6733 ops   and 3359443 exclusive pairs
time:   7,   657 facts and   12578 exclusive pairs
            7006 ops   and 3656592 exclusive pairs
time:   8,   689 facts and   13662 exclusive pairs
            7241 ops   and 3947088 exclusive pairs
time:   9,   699 facts and   13799 exclusive pairs
            7326 ops   and 3996242 exclusive pairs
time:  10,   699 facts and   11560 exclusive pairs
            7333 ops   and 3878183 exclusive pairs
time:  11,   699 facts and   10964 exclusive pairs
            7333 ops   and 3838121 exclusive pairs
time:  12,   699 facts and   10871 exclusive pairs
            7333 ops   and 3822489 exclusive pairs
time:  13,   699 facts and   10851 exclusive pairs
graph has leveled off at time step 14


            7333 ops   and 3818661 exclusive pairs
time:  14,   699 facts and   10851 exclusive pairs
            7333 ops   and 3818661 exclusive pairs
time:  15,   699 facts and   10851 exclusive pairs
            7333 ops   and 3818661 exclusive pairs
time:  16,   699 facts and   10851 exclusive pairs
            7333 ops   and 3818661 exclusive pairs
time:  17,   699 facts and   10851 exclusive pairs
            7333 ops   and 3818661 exclusive pairs
time:  18,   699 facts and   10851 exclusive pairs
            7333 ops   and 3818661 exclusive pairs
time:  19,   699 facts and   10851 exclusive pairs
            7333 ops   and 3818661 exclusive pairs
time:  20,   699 facts and   10851 exclusive pairs
            7333 ops   and 3818661 exclusive pairs
time:  21,   699 facts and   10851 exclusive pairs
            7333 ops   and 3818661 exclusive pairs
time:  22,   699 facts and   10851 exclusive pairs
            7333 ops   and 3818661 exclusive pairs
time:  23,   699 facts and   10851 exclusive pairs
            7333 ops   and 3818661 exclusive pairs
time:  24,   699 facts and   10851 exclusive pairs
            7333 ops   and 3818661 exclusive pairs
time:  25,   699 facts and   10851 exclusive pairs
            7333 ops   and 3818661 exclusive pairs
time:  26,   699 facts and   10851 exclusive pairs
            7333 ops   and 3818661 exclusive pairs
time:  27,   699 facts and   10851 exclusive pairs
            7333 ops   and 3818661 exclusive pairs
time:  28,   699 facts and   10851 exclusive pairs
            7333 ops   and 3818661 exclusive pairs
time:  29,   699 facts and   10851 exclusive pairs

creating thin gp-based encoding...
plan graph layer 0...
plan graph layer 1...
plan graph layer 2...
plan graph layer 3...
plan graph layer 4...
plan graph layer 5...
plan graph layer 6...
plan graph layer 7...
plan graph layer 8...
plan graph layer 9...
plan graph layer 10...
plan graph layer 11...
plan graph layer 12...
plan graph layer 13...
plan graph layer 14...
plan graph layer 15...
plan graph layer 16...
plan graph layer 17...
plan graph layer 18...
plan graph layer 19...
plan graph layer 20...
plan graph layer 21...
plan graph layer 22...
plan graph layer 23...
plan graph layer 24...
plan graph layer 25...
plan graph layer 26...
plan graph layer 27...
plan graph layer 28...
plan graph layer 29...
goal constraints...

goal fact not coded - level too low??


bb: parsing domain file
domain 'MYSTERY-STRIPS' defined
 ... done.
bb: parsing problem file
problem 'STRIPS-MYSTY-X-22' defined
 ... done.


time:   0,    66 facts and       0 exclusive pairs
             125 ops   and     214 exclusive pairs
time:   1,   152 facts and     327 exclusive pairs
             495 ops   and   14166 exclusive pairs
time:   2,   268 facts and    1600 exclusive pairs
            1273 ops   and  124481 exclusive pairs
time:   3,   400 facts and    4392 exclusive pairs
            2433 ops   and  451951 exclusive pairs
time:   4,   515 facts and    7415 exclusive pairs
            4180 ops   and 1298989 exclusive pairs
time:   5,   587 facts and    9312 exclusive pairs
            5997 ops   and 2697365 exclusive pairs
time:   6,   643 facts and   12324 exclusive pairs
            6733 ops   and 3359443 exclusive pairs
time:   7,   657 facts and   12578 exclusive pairs
            7006 ops   and 3656592 exclusive pairs
time:   8,   689 facts and   13662 exclusive pairs
            7241 ops   and 3947088 exclusive pairs
time:   9,   699 facts and   13799 exclusive pairs
            7326 ops   and 3996242 exclusive pairs
time:  10,   699 facts and   11560 exclusive pairs
            7333 ops   and 3878183 exclusive pairs
time:  11,   699 facts and   10964 exclusive pairs
            7333 ops   and 3838121 exclusive pairs
time:  12,   699 facts and   10871 exclusive pairs
            7333 ops   and 3822489 exclusive pairs
time:  13,   699 facts and   10851 exclusive pairs
graph has leveled off at time step 14


            7333 ops   and 3818661 exclusive pairs
time:  14,   699 facts and   10851 exclusive pairs
            7333 ops   and 3818661 exclusive pairs
time:  15,   699 facts and   10851 exclusive pairs
            7333 ops   and 3818661 exclusive pairs
time:  16,   699 facts and   10851 exclusive pairs
            7333 ops   and 3818661 exclusive pairs
time:  17,   699 facts and   10851 exclusive pairs
            7333 ops   and 3818661 exclusive pairs
time:  18,   699 facts and   10851 exclusive pairs
            7333 ops   and 3818661 exclusive pairs
time:  19,   699 facts and   10851 exclusive pairs
            7333 ops   and 3818661 exclusive pairs
time:  20,   699 facts and   10851 exclusive pairs
            7333 ops   and 3818661 exclusive pairs
time:  21,   699 facts and   10851 exclusive pairs
            7333 ops   and 3818661 exclusive pairs
time:  22,   699 facts and   10851 exclusive pairs
            7333 ops   and 3818661 exclusive pairs
time:  23,   699 facts and   10851 exclusive pairs
            7333 ops   and 3818661 exclusive pairs
time:  24,   699 facts and   10851 exclusive pairs
            7333 ops   and 3818661 exclusive pairs
time:  25,   699 facts and   10851 exclusive pairs
            7333 ops   and 3818661 exclusive pairs
time:  26,   699 facts and   10851 exclusive pairs
            7333 ops   and 3818661 exclusive pairs
time:  27,   699 facts and   10851 exclusive pairs
            7333 ops   and 3818661 exclusive pairs
time:  28,   699 facts and   10851 exclusive pairs
            7333 ops   and 3818661 exclusive pairs
time:  29,   699 facts and   10851 exclusive pairs
            7333 ops   and 3818661 exclusive pairs
time:  30,   699 facts and   10851 exclusive pairs

creating thin gp-based encoding...
plan graph layer 0...
plan graph layer 1...
plan graph layer 2...
plan graph layer 3...
plan graph layer 4...
plan graph layer 5...
plan graph layer 6...
plan graph layer 7...
plan graph layer 8...
plan graph layer 9...
plan graph layer 10...
plan graph layer 11...
plan graph layer 12...
plan graph layer 13...
plan graph layer 14...
plan graph layer 15...
plan graph layer 16...
plan graph layer 17...
plan graph layer 18...
plan graph layer 19...
plan graph layer 20...
plan graph layer 21...
plan graph layer 22...
plan graph layer 23...
plan graph layer 24...
plan graph layer 25...
plan graph layer 26...
plan graph layer 27...
plan graph layer 28...
plan graph layer 29...
plan graph layer 30...
goal constraints...

goal fact not coded - level too low??


bb: parsing domain file
domain 'MYSTERY-STRIPS' defined
 ... done.
bb: parsing problem file
problem 'STRIPS-MYSTY-X-22' defined
 ... done.


time:   0,    66 facts and       0 exclusive pairs
             125 ops   and     214 exclusive pairs
time:   1,   152 facts and     327 exclusive pairs
             495 ops   and   14166 exclusive pairs
time:   2,   268 facts and    1600 exclusive pairs
            1273 ops   and  124481 exclusive pairs
time:   3,   400 facts and    4392 exclusive pairs
            2433 ops   and  451951 exclusive pairs
time:   4,   515 facts and    7415 exclusive pairs
            4180 ops   and 1298989 exclusive pairs
time:   5,   587 facts and    9312 exclusive pairs
            5997 ops   and 2697365 exclusive pairs
time:   6,   643 facts and   12324 exclusive pairs
            6733 ops   and 3359443 exclusive pairs
time:   7,   657 facts and   12578 exclusive pairs
            7006 ops   and 3656592 exclusive pairs
time:   8,   689 facts and   13662 exclusive pairs
            7241 ops   and 3947088 exclusive pairs
time:   9,   699 facts and   13799 exclusive pairs
            7326 ops   and 3996242 exclusive pairs
time:  10,   699 facts and   11560 exclusive pairs
            7333 ops   and 3878183 exclusive pairs
time:  11,   699 facts and   10964 exclusive pairs
            7333 ops   and 3838121 exclusive pairs
time:  12,   699 facts and   10871 exclusive pairs
            7333 ops   and 3822489 exclusive pairs
time:  13,   699 facts and   10851 exclusive pairs
graph has leveled off at time step 14


            7333 ops   and 3818661 exclusive pairs
time:  14,   699 facts and   10851 exclusive pairs
            7333 ops   and 3818661 exclusive pairs
time:  15,   699 facts and   10851 exclusive pairs
            7333 ops   and 3818661 exclusive pairs
time:  16,   699 facts and   10851 exclusive pairs
            7333 ops   and 3818661 exclusive pairs
time:  17,   699 facts and   10851 exclusive pairs
            7333 ops   and 3818661 exclusive pairs
time:  18,   699 facts and   10851 exclusive pairs
            7333 ops   and 3818661 exclusive pairs
time:  19,   699 facts and   10851 exclusive pairs
            7333 ops   and 3818661 exclusive pairs
time:  20,   699 facts and   10851 exclusive pairs
            7333 ops   and 3818661 exclusive pairs
time:  21,   699 facts and   10851 exclusive pairs
            7333 ops   and 3818661 exclusive pairs
time:  22,   699 facts and   10851 exclusive pairs
            7333 ops   and 3818661 exclusive pairs
time:  23,   699 facts and   10851 exclusive pairs
            7333 ops   and 3818661 exclusive pairs
time:  24,   699 facts and   10851 exclusive pairs
            7333 ops   and 3818661 exclusive pairs
time:  25,   699 facts and   10851 exclusive pairs
            7333 ops   and 3818661 exclusive pairs
time:  26,   699 facts and   10851 exclusive pairs
            7333 ops   and 3818661 exclusive pairs
time:  27,   699 facts and   10851 exclusive pairs
            7333 ops   and 3818661 exclusive pairs
time:  28,   699 facts and   10851 exclusive pairs
            7333 ops   and 3818661 exclusive pairs
time:  29,   699 facts and   10851 exclusive pairs
            7333 ops   and 3818661 exclusive pairs
time:  30,   699 facts and   10851 exclusive pairs
            7333 ops   and 3818661 exclusive pairs
time:  31,   699 facts and   10851 exclusive pairs

creating thin gp-based encoding...
plan graph layer 0...
plan graph layer 1...
plan graph layer 2...
plan graph layer 3...
plan graph layer 4...
plan graph layer 5...
plan graph layer 6...
plan graph layer 7...
plan graph layer 8...
plan graph layer 9...
plan graph layer 10...
plan graph layer 11...
plan graph layer 12...
plan graph layer 13...
plan graph layer 14...
plan graph layer 15...
plan graph layer 16...
plan graph layer 17...
plan graph layer 18...
plan graph layer 19...
plan graph layer 20...
plan graph layer 21...
plan graph layer 22...
plan graph layer 23...
plan graph layer 24...
plan graph layer 25...
plan graph layer 26...
plan graph layer 27...
plan graph layer 28...
plan graph layer 29...
plan graph layer 30...
plan graph layer 31...
goal constraints...

goal fact not coded - level too low??


bb: parsing domain file
domain 'MYSTERY-STRIPS' defined
 ... done.
bb: parsing problem file
problem 'STRIPS-MYSTY-X-22' defined
 ... done.


time:   0,    66 facts and       0 exclusive pairs
             125 ops   and     214 exclusive pairs
time:   1,   152 facts and     327 exclusive pairs
             495 ops   and   14166 exclusive pairs
time:   2,   268 facts and    1600 exclusive pairs
            1273 ops   and  124481 exclusive pairs
time:   3,   400 facts and    4392 exclusive pairs
            2433 ops   and  451951 exclusive pairs
time:   4,   515 facts and    7415 exclusive pairs
            4180 ops   and 1298989 exclusive pairs
time:   5,   587 facts and    9312 exclusive pairs
            5997 ops   and 2697365 exclusive pairs
time:   6,   643 facts and   12324 exclusive pairs
            6733 ops   and 3359443 exclusive pairs
time:   7,   657 facts and   12578 exclusive pairs
            7006 ops   and 3656592 exclusive pairs
time:   8,   689 facts and   13662 exclusive pairs
            7241 ops   and 3947088 exclusive pairs
time:   9,   699 facts and   13799 exclusive pairs
            7326 ops   and 3996242 exclusive pairs
time:  10,   699 facts and   11560 exclusive pairs
            7333 ops   and 3878183 exclusive pairs
time:  11,   699 facts and   10964 exclusive pairs
            7333 ops   and 3838121 exclusive pairs
time:  12,   699 facts and   10871 exclusive pairs
            7333 ops   and 3822489 exclusive pairs
time:  13,   699 facts and   10851 exclusive pairs
graph has leveled off at time step 14


            7333 ops   and 3818661 exclusive pairs
time:  14,   699 facts and   10851 exclusive pairs
            7333 ops   and 3818661 exclusive pairs
time:  15,   699 facts and   10851 exclusive pairs
            7333 ops   and 3818661 exclusive pairs
time:  16,   699 facts and   10851 exclusive pairs
            7333 ops   and 3818661 exclusive pairs
time:  17,   699 facts and   10851 exclusive pairs
            7333 ops   and 3818661 exclusive pairs
time:  18,   699 facts and   10851 exclusive pairs
            7333 ops   and 3818661 exclusive pairs
time:  19,   699 facts and   10851 exclusive pairs
            7333 ops   and 3818661 exclusive pairs
time:  20,   699 facts and   10851 exclusive pairs
            7333 ops   and 3818661 exclusive pairs
time:  21,   699 facts and   10851 exclusive pairs
            7333 ops   and 3818661 exclusive pairs
time:  22,   699 facts and   10851 exclusive pairs
            7333 ops   and 3818661 exclusive pairs
time:  23,   699 facts and   10851 exclusive pairs
            7333 ops   and 3818661 exclusive pairs
time:  24,   699 facts and   10851 exclusive pairs
            7333 ops   and 3818661 exclusive pairs
time:  25,   699 facts and   10851 exclusive pairs
            7333 ops   and 3818661 exclusive pairs
time:  26,   699 facts and   10851 exclusive pairs
            7333 ops   and 3818661 exclusive pairs
time:  27,   699 facts and   10851 exclusive pairs
            7333 ops   and 3818661 exclusive pairs
time:  28,   699 facts and   10851 exclusive pairs
            7333 ops   and 3818661 exclusive pairs
time:  29,   699 facts and   10851 exclusive pairs
            7333 ops   and 3818661 exclusive pairs
time:  30,   699 facts and   10851 exclusive pairs
            7333 ops   and 3818661 exclusive pairs
time:  31,   699 facts and   10851 exclusive pairs
            7333 ops   and 3818661 exclusive pairs
time:  32,   699 facts and   10851 exclusive pairs

creating thin gp-based encoding...
plan graph layer 0...
plan graph layer 1...
plan graph layer 2...
plan graph layer 3...
plan graph layer 4...
plan graph layer 5...
plan graph layer 6...
plan graph layer 7...
plan graph layer 8...
plan graph layer 9...
plan graph layer 10...
plan graph layer 11...
plan graph layer 12...
plan graph layer 13...
plan graph layer 14...
plan graph layer 15...
plan graph layer 16...
plan graph layer 17...
plan graph layer 18...
plan graph layer 19...
plan graph layer 20...
plan graph layer 21...
plan graph layer 22...
plan graph layer 23...
plan graph layer 24...
plan graph layer 25...
plan graph layer 26...
plan graph layer 27...
plan graph layer 28...
plan graph layer 29...
plan graph layer 30...
plan graph layer 31...
plan graph layer 32...
goal constraints...

goal fact not coded - level too low??


bb: parsing domain file
domain 'MYSTERY-STRIPS' defined
 ... done.
bb: parsing problem file
problem 'STRIPS-MYSTY-X-22' defined
 ... done.


time:   0,    66 facts and       0 exclusive pairs
             125 ops   and     214 exclusive pairs
time:   1,   152 facts and     327 exclusive pairs
             495 ops   and   14166 exclusive pairs
time:   2,   268 facts and    1600 exclusive pairs
            1273 ops   and  124481 exclusive pairs
time:   3,   400 facts and    4392 exclusive pairs
            2433 ops   and  451951 exclusive pairs
time:   4,   515 facts and    7415 exclusive pairs
            4180 ops   and 1298989 exclusive pairs
time:   5,   587 facts and    9312 exclusive pairs
            5997 ops   and 2697365 exclusive pairs
time:   6,   643 facts and   12324 exclusive pairs
            6733 ops   and 3359443 exclusive pairs
time:   7,   657 facts and   12578 exclusive pairs
            7006 ops   and 3656592 exclusive pairs
time:   8,   689 facts and   13662 exclusive pairs
            7241 ops   and 3947088 exclusive pairs
time:   9,   699 facts and   13799 exclusive pairs
            7326 ops   and 3996242 exclusive pairs
time:  10,   699 facts and   11560 exclusive pairs
            7333 ops   and 3878183 exclusive pairs
time:  11,   699 facts and   10964 exclusive pairs
            7333 ops   and 3838121 exclusive pairs
time:  12,   699 facts and   10871 exclusive pairs
            7333 ops   and 3822489 exclusive pairs
time:  13,   699 facts and   10851 exclusive pairs
graph has leveled off at time step 14


            7333 ops   and 3818661 exclusive pairs
time:  14,   699 facts and   10851 exclusive pairs
            7333 ops   and 3818661 exclusive pairs
time:  15,   699 facts and   10851 exclusive pairs
            7333 ops   and 3818661 exclusive pairs
time:  16,   699 facts and   10851 exclusive pairs
            7333 ops   and 3818661 exclusive pairs
time:  17,   699 facts and   10851 exclusive pairs
            7333 ops   and 3818661 exclusive pairs
time:  18,   699 facts and   10851 exclusive pairs
            7333 ops   and 3818661 exclusive pairs
time:  19,   699 facts and   10851 exclusive pairs
            7333 ops   and 3818661 exclusive pairs
time:  20,   699 facts and   10851 exclusive pairs
            7333 ops   and 3818661 exclusive pairs
time:  21,   699 facts and   10851 exclusive pairs
            7333 ops   and 3818661 exclusive pairs
time:  22,   699 facts and   10851 exclusive pairs
            7333 ops   and 3818661 exclusive pairs
time:  23,   699 facts and   10851 exclusive pairs
            7333 ops   and 3818661 exclusive pairs
time:  24,   699 facts and   10851 exclusive pairs
            7333 ops   and 3818661 exclusive pairs
time:  25,   699 facts and   10851 exclusive pairs
            7333 ops   and 3818661 exclusive pairs
time:  26,   699 facts and   10851 exclusive pairs
            7333 ops   and 3818661 exclusive pairs
time:  27,   699 facts and   10851 exclusive pairs
            7333 ops   and 3818661 exclusive pairs
time:  28,   699 facts and   10851 exclusive pairs
            7333 ops   and 3818661 exclusive pairs
time:  29,   699 facts and   10851 exclusive pairs
            7333 ops   and 3818661 exclusive pairs
time:  30,   699 facts and   10851 exclusive pairs
            7333 ops   and 3818661 exclusive pairs
time:  31,   699 facts and   10851 exclusive pairs
            7333 ops   and 3818661 exclusive pairs
time:  32,   699 facts and   10851 exclusive pairs
            7333 ops   and 3818661 exclusive pairs
time:  33,   699 facts and   10851 exclusive pairs

creating thin gp-based encoding...
plan graph layer 0...
plan graph layer 1...
plan graph layer 2...
plan graph layer 3...
plan graph layer 4...
plan graph layer 5...
plan graph layer 6...
plan graph layer 7...
plan graph layer 8...
plan graph layer 9...
plan graph layer 10...
plan graph layer 11...
plan graph layer 12...
plan graph layer 13...
plan graph layer 14...
plan graph layer 15...
plan graph layer 16...
plan graph layer 17...
plan graph layer 18...
plan graph layer 19...
plan graph layer 20...
plan graph layer 21...
plan graph layer 22...
plan graph layer 23...
plan graph layer 24...
plan graph layer 25...
plan graph layer 26...
plan graph layer 27...
plan graph layer 28...
plan graph layer 29...
plan graph layer 30...
plan graph layer 31...
plan graph layer 32...
plan graph layer 33...
goal constraints...

goal fact not coded - level too low??


bb: parsing domain file
domain 'MYSTERY-STRIPS' defined
 ... done.
bb: parsing problem file
problem 'STRIPS-MYSTY-X-22' defined
 ... done.


time:   0,    66 facts and       0 exclusive pairs
             125 ops   and     214 exclusive pairs
time:   1,   152 facts and     327 exclusive pairs
             495 ops   and   14166 exclusive pairs
time:   2,   268 facts and    1600 exclusive pairs
            1273 ops   and  124481 exclusive pairs
time:   3,   400 facts and    4392 exclusive pairs
            2433 ops   and  451951 exclusive pairs
time:   4,   515 facts and    7415 exclusive pairs
            4180 ops   and 1298989 exclusive pairs
time:   5,   587 facts and    9312 exclusive pairs
            5997 ops   and 2697365 exclusive pairs
time:   6,   643 facts and   12324 exclusive pairs
            6733 ops   and 3359443 exclusive pairs
time:   7,   657 facts and   12578 exclusive pairs
            7006 ops   and 3656592 exclusive pairs
time:   8,   689 facts and   13662 exclusive pairs
            7241 ops   and 3947088 exclusive pairs
time:   9,   699 facts and   13799 exclusive pairs
            7326 ops   and 3996242 exclusive pairs
time:  10,   699 facts and   11560 exclusive pairs
            7333 ops   and 3878183 exclusive pairs
time:  11,   699 facts and   10964 exclusive pairs
            7333 ops   and 3838121 exclusive pairs
time:  12,   699 facts and   10871 exclusive pairs
            7333 ops   and 3822489 exclusive pairs
time:  13,   699 facts and   10851 exclusive pairs
graph has leveled off at time step 14


            7333 ops   and 3818661 exclusive pairs
time:  14,   699 facts and   10851 exclusive pairs
            7333 ops   and 3818661 exclusive pairs
time:  15,   699 facts and   10851 exclusive pairs
            7333 ops   and 3818661 exclusive pairs
time:  16,   699 facts and   10851 exclusive pairs
            7333 ops   and 3818661 exclusive pairs
time:  17,   699 facts and   10851 exclusive pairs
            7333 ops   and 3818661 exclusive pairs
time:  18,   699 facts and   10851 exclusive pairs
            7333 ops   and 3818661 exclusive pairs
time:  19,   699 facts and   10851 exclusive pairs
            7333 ops   and 3818661 exclusive pairs
time:  20,   699 facts and   10851 exclusive pairs
            7333 ops   and 3818661 exclusive pairs
time:  21,   699 facts and   10851 exclusive pairs
            7333 ops   and 3818661 exclusive pairs
time:  22,   699 facts and   10851 exclusive pairs
            7333 ops   and 3818661 exclusive pairs
time:  23,   699 facts and   10851 exclusive pairs
            7333 ops   and 3818661 exclusive pairs
time:  24,   699 facts and   10851 exclusive pairs
            7333 ops   and 3818661 exclusive pairs
time:  25,   699 facts and   10851 exclusive pairs
            7333 ops   and 3818661 exclusive pairs
time:  26,   699 facts and   10851 exclusive pairs
            7333 ops   and 3818661 exclusive pairs
time:  27,   699 facts and   10851 exclusive pairs
            7333 ops   and 3818661 exclusive pairs
time:  28,   699 facts and   10851 exclusive pairs
            7333 ops   and 3818661 exclusive pairs
time:  29,   699 facts and   10851 exclusive pairs
            7333 ops   and 3818661 exclusive pairs
time:  30,   699 facts and   10851 exclusive pairs
            7333 ops   and 3818661 exclusive pairs
time:  31,   699 facts and   10851 exclusive pairs
            7333 ops   and 3818661 exclusive pairs
time:  32,   699 facts and   10851 exclusive pairs
            7333 ops   and 3818661 exclusive pairs
time:  33,   699 facts and   10851 exclusive pairs
            7333 ops   and 3818661 exclusive pairs
time:  34,   699 facts and   10851 exclusive pairs

creating thin gp-based encoding...
plan graph layer 0...
plan graph layer 1...
plan graph layer 2...
plan graph layer 3...
plan graph layer 4...
plan graph layer 5...
plan graph layer 6...
plan graph layer 7...
plan graph layer 8...
plan graph layer 9...
plan graph layer 10...
plan graph layer 11...
plan graph layer 12...
plan graph layer 13...
plan graph layer 14...
plan graph layer 15...
plan graph layer 16...
plan graph layer 17...
plan graph layer 18...
plan graph layer 19...
plan graph layer 20...
plan graph layer 21...
plan graph layer 22...
plan graph layer 23...
plan graph layer 24...
plan graph layer 25...
plan graph layer 26...
plan graph layer 27...
plan graph layer 28...
plan graph layer 29...
plan graph layer 30...
plan graph layer 31...
plan graph layer 32...
plan graph layer 33...
plan graph layer 34...
goal constraints...

goal fact not coded - level too low??


bb: parsing domain file
domain 'MYSTERY-STRIPS' defined
 ... done.
bb: parsing problem file
problem 'STRIPS-MYSTY-X-22' defined
 ... done.


time:   0,    66 facts and       0 exclusive pairs
             125 ops   and     214 exclusive pairs
time:   1,   152 facts and     327 exclusive pairs
             495 ops   and   14166 exclusive pairs
time:   2,   268 facts and    1600 exclusive pairs
            1273 ops   and  124481 exclusive pairs
time:   3,   400 facts and    4392 exclusive pairs
            2433 ops   and  451951 exclusive pairs
time:   4,   515 facts and    7415 exclusive pairs
            4180 ops   and 1298989 exclusive pairs
time:   5,   587 facts and    9312 exclusive pairs
            5997 ops   and 2697365 exclusive pairs
time:   6,   643 facts and   12324 exclusive pairs
            6733 ops   and 3359443 exclusive pairs
time:   7,   657 facts and   12578 exclusive pairs
            7006 ops   and 3656592 exclusive pairs
time:   8,   689 facts and   13662 exclusive pairs
            7241 ops   and 3947088 exclusive pairs
time:   9,   699 facts and   13799 exclusive pairs
            7326 ops   and 3996242 exclusive pairs
time:  10,   699 facts and   11560 exclusive pairs
            7333 ops   and 3878183 exclusive pairs
time:  11,   699 facts and   10964 exclusive pairs
            7333 ops   and 3838121 exclusive pairs
time:  12,   699 facts and   10871 exclusive pairs
            7333 ops   and 3822489 exclusive pairs
time:  13,   699 facts and   10851 exclusive pairs
graph has leveled off at time step 14


            7333 ops   and 3818661 exclusive pairs
time:  14,   699 facts and   10851 exclusive pairs
            7333 ops   and 3818661 exclusive pairs
time:  15,   699 facts and   10851 exclusive pairs
            7333 ops   and 3818661 exclusive pairs
time:  16,   699 facts and   10851 exclusive pairs
            7333 ops   and 3818661 exclusive pairs
time:  17,   699 facts and   10851 exclusive pairs
            7333 ops   and 3818661 exclusive pairs
time:  18,   699 facts and   10851 exclusive pairs
            7333 ops   and 3818661 exclusive pairs
time:  19,   699 facts and   10851 exclusive pairs
            7333 ops   and 3818661 exclusive pairs
time:  20,   699 facts and   10851 exclusive pairs
            7333 ops   and 3818661 exclusive pairs
time:  21,   699 facts and   10851 exclusive pairs
            7333 ops   and 3818661 exclusive pairs
time:  22,   699 facts and   10851 exclusive pairs
            7333 ops   and 3818661 exclusive pairs
time:  23,   699 facts and   10851 exclusive pairs
            7333 ops   and 3818661 exclusive pairs
time:  24,   699 facts and   10851 exclusive pairs
            7333 ops   and 3818661 exclusive pairs
time:  25,   699 facts and   10851 exclusive pairs
            7333 ops   and 3818661 exclusive pairs
time:  26,   699 facts and   10851 exclusive pairs
            7333 ops   and 3818661 exclusive pairs
time:  27,   699 facts and   10851 exclusive pairs
            7333 ops   and 3818661 exclusive pairs
time:  28,   699 facts and   10851 exclusive pairs
            7333 ops   and 3818661 exclusive pairs
time:  29,   699 facts and   10851 exclusive pairs
            7333 ops   and 3818661 exclusive pairs
time:  30,   699 facts and   10851 exclusive pairs
            7333 ops   and 3818661 exclusive pairs
time:  31,   699 facts and   10851 exclusive pairs
            7333 ops   and 3818661 exclusive pairs
time:  32,   699 facts and   10851 exclusive pairs
            7333 ops   and 3818661 exclusive pairs
time:  33,   699 facts and   10851 exclusive pairs
            7333 ops   and 3818661 exclusive pairs
time:  34,   699 facts and   10851 exclusive pairs
            7333 ops   and 3818661 exclusive pairs
time:  35,   699 facts and   10851 exclusive pairs

creating thin gp-based encoding...
plan graph layer 0...
plan graph layer 1...
plan graph layer 2...
plan graph layer 3...
plan graph layer 4...
plan graph layer 5...
plan graph layer 6...
plan graph layer 7...
plan graph layer 8...
plan graph layer 9...
plan graph layer 10...
plan graph layer 11...
plan graph layer 12...
plan graph layer 13...
plan graph layer 14...
plan graph layer 15...
plan graph layer 16...
plan graph layer 17...
plan graph layer 18...
plan graph layer 19...
plan graph layer 20...
plan graph layer 21...
plan graph layer 22...
plan graph layer 23...
plan graph layer 24...
plan graph layer 25...
plan graph layer 26...
plan graph layer 27...
plan graph layer 28...
plan graph layer 29...
plan graph layer 30...
plan graph layer 31...
plan graph layer 32...
plan graph layer 33...
plan graph layer 34...
plan graph layer 35...
goal constraints...

goal fact not coded - level too low??


bb: parsing domain file
domain 'MYSTERY-STRIPS' defined
 ... done.
bb: parsing problem file
problem 'STRIPS-MYSTY-X-22' defined
 ... done.


time:   0,    66 facts and       0 exclusive pairs
             125 ops   and     214 exclusive pairs
time:   1,   152 facts and     327 exclusive pairs
             495 ops   and   14166 exclusive pairs
time:   2,   268 facts and    1600 exclusive pairs
            1273 ops   and  124481 exclusive pairs
time:   3,   400 facts and    4392 exclusive pairs
            2433 ops   and  451951 exclusive pairs
time:   4,   515 facts and    7415 exclusive pairs
            4180 ops   and 1298989 exclusive pairs
time:   5,   587 facts and    9312 exclusive pairs
            5997 ops   and 2697365 exclusive pairs
time:   6,   643 facts and   12324 exclusive pairs
            6733 ops   and 3359443 exclusive pairs
time:   7,   657 facts and   12578 exclusive pairs
            7006 ops   and 3656592 exclusive pairs
time:   8,   689 facts and   13662 exclusive pairs
            7241 ops   and 3947088 exclusive pairs
time:   9,   699 facts and   13799 exclusive pairs
            7326 ops   and 3996242 exclusive pairs
time:  10,   699 facts and   11560 exclusive pairs
            7333 ops   and 3878183 exclusive pairs
time:  11,   699 facts and   10964 exclusive pairs
            7333 ops   and 3838121 exclusive pairs
time:  12,   699 facts and   10871 exclusive pairs
            7333 ops   and 3822489 exclusive pairs
time:  13,   699 facts and   10851 exclusive pairs
graph has leveled off at time step 14


            7333 ops   and 3818661 exclusive pairs
time:  14,   699 facts and   10851 exclusive pairs
            7333 ops   and 3818661 exclusive pairs
time:  15,   699 facts and   10851 exclusive pairs
            7333 ops   and 3818661 exclusive pairs
time:  16,   699 facts and   10851 exclusive pairs
            7333 ops   and 3818661 exclusive pairs
time:  17,   699 facts and   10851 exclusive pairs
            7333 ops   and 3818661 exclusive pairs
time:  18,   699 facts and   10851 exclusive pairs
            7333 ops   and 3818661 exclusive pairs
time:  19,   699 facts and   10851 exclusive pairs
            7333 ops   and 3818661 exclusive pairs
time:  20,   699 facts and   10851 exclusive pairs
            7333 ops   and 3818661 exclusive pairs
time:  21,   699 facts and   10851 exclusive pairs
            7333 ops   and 3818661 exclusive pairs
time:  22,   699 facts and   10851 exclusive pairs
            7333 ops   and 3818661 exclusive pairs
time:  23,   699 facts and   10851 exclusive pairs
            7333 ops   and 3818661 exclusive pairs
time:  24,   699 facts and   10851 exclusive pairs
            7333 ops   and 3818661 exclusive pairs
time:  25,   699 facts and   10851 exclusive pairs
            7333 ops   and 3818661 exclusive pairs
time:  26,   699 facts and   10851 exclusive pairs
            7333 ops   and 3818661 exclusive pairs
time:  27,   699 facts and   10851 exclusive pairs
            7333 ops   and 3818661 exclusive pairs
time:  28,   699 facts and   10851 exclusive pairs
            7333 ops   and 3818661 exclusive pairs
time:  29,   699 facts and   10851 exclusive pairs
            7333 ops   and 3818661 exclusive pairs
time:  30,   699 facts and   10851 exclusive pairs
            7333 ops   and 3818661 exclusive pairs
time:  31,   699 facts and   10851 exclusive pairs
            7333 ops   and 3818661 exclusive pairs
time:  32,   699 facts and   10851 exclusive pairs
            7333 ops   and 3818661 exclusive pairs
time:  33,   699 facts and   10851 exclusive pairs
            7333 ops   and 3818661 exclusive pairs
time:  34,   699 facts and   10851 exclusive pairs
            7333 ops   and 3818661 exclusive pairs
time:  35,   699 facts and   10851 exclusive pairs
            7333 ops   and 3818661 exclusive pairs
time:  36,   699 facts and   10851 exclusive pairs

creating thin gp-based encoding...
plan graph layer 0...
plan graph layer 1...
plan graph layer 2...
plan graph layer 3...
plan graph layer 4...
plan graph layer 5...
plan graph layer 6...
plan graph layer 7...
plan graph layer 8...
plan graph layer 9...
plan graph layer 10...
plan graph layer 11...
plan graph layer 12...
plan graph layer 13...
plan graph layer 14...
plan graph layer 15...
plan graph layer 16...
plan graph layer 17...
plan graph layer 18...
plan graph layer 19...
plan graph layer 20...
plan graph layer 21...
plan graph layer 22...
plan graph layer 23...
plan graph layer 24...
plan graph layer 25...
plan graph layer 26...
plan graph layer 27...
plan graph layer 28...
plan graph layer 29...
plan graph layer 30...
plan graph layer 31...
plan graph layer 32...
plan graph layer 33...
plan graph layer 34...
plan graph layer 35...
plan graph layer 36...
goal constraints...

goal fact not coded - level too low??


bb: parsing domain file
domain 'MYSTERY-STRIPS' defined
 ... done.
bb: parsing problem file
problem 'STRIPS-MYSTY-X-22' defined
 ... done.


time:   0,    66 facts and       0 exclusive pairs
             125 ops   and     214 exclusive pairs
time:   1,   152 facts and     327 exclusive pairs
             495 ops   and   14166 exclusive pairs
time:   2,   268 facts and    1600 exclusive pairs
            1273 ops   and  124481 exclusive pairs
time:   3,   400 facts and    4392 exclusive pairs
            2433 ops   and  451951 exclusive pairs
time:   4,   515 facts and    7415 exclusive pairs
            4180 ops   and 1298989 exclusive pairs
time:   5,   587 facts and    9312 exclusive pairs
            5997 ops   and 2697365 exclusive pairs
time:   6,   643 facts and   12324 exclusive pairs
            6733 ops   and 3359443 exclusive pairs
time:   7,   657 facts and   12578 exclusive pairs
            7006 ops   and 3656592 exclusive pairs
time:   8,   689 facts and   13662 exclusive pairs
            7241 ops   and 3947088 exclusive pairs
time:   9,   699 facts and   13799 exclusive pairs
            7326 ops   and 3996242 exclusive pairs
time:  10,   699 facts and   11560 exclusive pairs
            7333 ops   and 3878183 exclusive pairs
time:  11,   699 facts and   10964 exclusive pairs
            7333 ops   and 3838121 exclusive pairs
time:  12,   699 facts and   10871 exclusive pairs
            7333 ops   and 3822489 exclusive pairs
time:  13,   699 facts and   10851 exclusive pairs
graph has leveled off at time step 14


            7333 ops   and 3818661 exclusive pairs
time:  14,   699 facts and   10851 exclusive pairs
            7333 ops   and 3818661 exclusive pairs
time:  15,   699 facts and   10851 exclusive pairs
            7333 ops   and 3818661 exclusive pairs
time:  16,   699 facts and   10851 exclusive pairs
            7333 ops   and 3818661 exclusive pairs
time:  17,   699 facts and   10851 exclusive pairs
            7333 ops   and 3818661 exclusive pairs
time:  18,   699 facts and   10851 exclusive pairs
            7333 ops   and 3818661 exclusive pairs
time:  19,   699 facts and   10851 exclusive pairs
            7333 ops   and 3818661 exclusive pairs
time:  20,   699 facts and   10851 exclusive pairs
            7333 ops   and 3818661 exclusive pairs
time:  21,   699 facts and   10851 exclusive pairs
            7333 ops   and 3818661 exclusive pairs
time:  22,   699 facts and   10851 exclusive pairs
            7333 ops   and 3818661 exclusive pairs
time:  23,   699 facts and   10851 exclusive pairs
            7333 ops   and 3818661 exclusive pairs
time:  24,   699 facts and   10851 exclusive pairs
            7333 ops   and 3818661 exclusive pairs
time:  25,   699 facts and   10851 exclusive pairs
            7333 ops   and 3818661 exclusive pairs
time:  26,   699 facts and   10851 exclusive pairs
            7333 ops   and 3818661 exclusive pairs
time:  27,   699 facts and   10851 exclusive pairs
            7333 ops   and 3818661 exclusive pairs
time:  28,   699 facts and   10851 exclusive pairs
            7333 ops   and 3818661 exclusive pairs
time:  29,   699 facts and   10851 exclusive pairs
            7333 ops   and 3818661 exclusive pairs
time:  30,   699 facts and   10851 exclusive pairs
            7333 ops   and 3818661 exclusive pairs
time:  31,   699 facts and   10851 exclusive pairs
            7333 ops   and 3818661 exclusive pairs
time:  32,   699 facts and   10851 exclusive pairs
            7333 ops   and 3818661 exclusive pairs
time:  33,   699 facts and   10851 exclusive pairs
            7333 ops   and 3818661 exclusive pairs
time:  34,   699 facts and   10851 exclusive pairs
            7333 ops   and 3818661 exclusive pairs
time:  35,   699 facts and   10851 exclusive pairs
            7333 ops   and 3818661 exclusive pairs
time:  36,   699 facts and   10851 exclusive pairs
            7333 ops   and 3818661 exclusive pairs
time:  37,   699 facts and   10851 exclusive pairs

creating thin gp-based encoding...
plan graph layer 0...
plan graph layer 1...
plan graph layer 2...
plan graph layer 3...
plan graph layer 4...
plan graph layer 5...
plan graph layer 6...
plan graph layer 7...
plan graph layer 8...
plan graph layer 9...
plan graph layer 10...
plan graph layer 11...
plan graph layer 12...
plan graph layer 13...
plan graph layer 14...
plan graph layer 15...
plan graph layer 16...
plan graph layer 17...
plan graph layer 18...
plan graph layer 19...
plan graph layer 20...
plan graph layer 21...
plan graph layer 22...
plan graph layer 23...
plan graph layer 24...
plan graph layer 25...
plan graph layer 26...
plan graph layer 27...
plan graph layer 28...
plan graph layer 29...
plan graph layer 30...
plan graph layer 31...
plan graph layer 32...
plan graph layer 33...
plan graph layer 34...
plan graph layer 35...
plan graph layer 36...
plan graph layer 37...
goal constraints...

goal fact not coded - level too low??


bb: parsing domain file
domain 'MYSTERY-STRIPS' defined
 ... done.
bb: parsing problem file
problem 'STRIPS-MYSTY-X-22' defined
 ... done.


time:   0,    66 facts and       0 exclusive pairs
             125 ops   and     214 exclusive pairs
time:   1,   152 facts and     327 exclusive pairs
             495 ops   and   14166 exclusive pairs
time:   2,   268 facts and    1600 exclusive pairs
            1273 ops   and  124481 exclusive pairs
time:   3,   400 facts and    4392 exclusive pairs
            2433 ops   and  451951 exclusive pairs
time:   4,   515 facts and    7415 exclusive pairs
            4180 ops   and 1298989 exclusive pairs
time:   5,   587 facts and    9312 exclusive pairs
            5997 ops   and 2697365 exclusive pairs
time:   6,   643 facts and   12324 exclusive pairs
            6733 ops   and 3359443 exclusive pairs
time:   7,   657 facts and   12578 exclusive pairs
            7006 ops   and 3656592 exclusive pairs
time:   8,   689 facts and   13662 exclusive pairs
            7241 ops   and 3947088 exclusive pairs
time:   9,   699 facts and   13799 exclusive pairs
            7326 ops   and 3996242 exclusive pairs
time:  10,   699 facts and   11560 exclusive pairs
            7333 ops   and 3878183 exclusive pairs
time:  11,   699 facts and   10964 exclusive pairs
            7333 ops   and 3838121 exclusive pairs
time:  12,   699 facts and   10871 exclusive pairs
            7333 ops   and 3822489 exclusive pairs
time:  13,   699 facts and   10851 exclusive pairs
graph has leveled off at time step 14


            7333 ops   and 3818661 exclusive pairs
time:  14,   699 facts and   10851 exclusive pairs
            7333 ops   and 3818661 exclusive pairs
time:  15,   699 facts and   10851 exclusive pairs
            7333 ops   and 3818661 exclusive pairs
time:  16,   699 facts and   10851 exclusive pairs
            7333 ops   and 3818661 exclusive pairs
time:  17,   699 facts and   10851 exclusive pairs
            7333 ops   and 3818661 exclusive pairs
time:  18,   699 facts and   10851 exclusive pairs
            7333 ops   and 3818661 exclusive pairs
time:  19,   699 facts and   10851 exclusive pairs
            7333 ops   and 3818661 exclusive pairs
time:  20,   699 facts and   10851 exclusive pairs
            7333 ops   and 3818661 exclusive pairs
time:  21,   699 facts and   10851 exclusive pairs
            7333 ops   and 3818661 exclusive pairs
time:  22,   699 facts and   10851 exclusive pairs
            7333 ops   and 3818661 exclusive pairs
time:  23,   699 facts and   10851 exclusive pairs
            7333 ops   and 3818661 exclusive pairs
time:  24,   699 facts and   10851 exclusive pairs
            7333 ops   and 3818661 exclusive pairs
time:  25,   699 facts and   10851 exclusive pairs
            7333 ops   and 3818661 exclusive pairs
time:  26,   699 facts and   10851 exclusive pairs
            7333 ops   and 3818661 exclusive pairs
time:  27,   699 facts and   10851 exclusive pairs
            7333 ops   and 3818661 exclusive pairs
time:  28,   699 facts and   10851 exclusive pairs
            7333 ops   and 3818661 exclusive pairs
time:  29,   699 facts and   10851 exclusive pairs
            7333 ops   and 3818661 exclusive pairs
time:  30,   699 facts and   10851 exclusive pairs
            7333 ops   and 3818661 exclusive pairs
time:  31,   699 facts and   10851 exclusive pairs
            7333 ops   and 3818661 exclusive pairs
time:  32,   699 facts and   10851 exclusive pairs
            7333 ops   and 3818661 exclusive pairs
time:  33,   699 facts and   10851 exclusive pairs
            7333 ops   and 3818661 exclusive pairs
time:  34,   699 facts and   10851 exclusive pairs
            7333 ops   and 3818661 exclusive pairs
time:  35,   699 facts and   10851 exclusive pairs
            7333 ops   and 3818661 exclusive pairs
time:  36,   699 facts and   10851 exclusive pairs
            7333 ops   and 3818661 exclusive pairs
time:  37,   699 facts and   10851 exclusive pairs
            7333 ops   and 3818661 exclusive pairs
time:  38,   699 facts and   10851 exclusive pairs

creating thin gp-based encoding...
plan graph layer 0...
plan graph layer 1...
plan graph layer 2...
plan graph layer 3...
plan graph layer 4...
plan graph layer 5...
plan graph layer 6...
plan graph layer 7...
plan graph layer 8...
plan graph layer 9...
plan graph layer 10...
plan graph layer 11...
plan graph layer 12...
plan graph layer 13...
plan graph layer 14...
plan graph layer 15...
plan graph layer 16...
plan graph layer 17...
plan graph layer 18...
plan graph layer 19...
plan graph layer 20...
plan graph layer 21...
plan graph layer 22...
plan graph layer 23...
plan graph layer 24...
plan graph layer 25...
plan graph layer 26...
plan graph layer 27...
plan graph layer 28...
plan graph layer 29...
plan graph layer 30...
plan graph layer 31...
plan graph layer 32...
plan graph layer 33...
plan graph layer 34...
plan graph layer 35...
plan graph layer 36...
plan graph layer 37...
plan graph layer 38...
goal constraints...

goal fact not coded - level too low??


bb: parsing domain file
domain 'MYSTERY-STRIPS' defined
 ... done.
bb: parsing problem file
problem 'STRIPS-MYSTY-X-22' defined
 ... done.


time:   0,    66 facts and       0 exclusive pairs
             125 ops   and     214 exclusive pairs
time:   1,   152 facts and     327 exclusive pairs
             495 ops   and   14166 exclusive pairs
time:   2,   268 facts and    1600 exclusive pairs
            1273 ops   and  124481 exclusive pairs
time:   3,   400 facts and    4392 exclusive pairs
            2433 ops   and  451951 exclusive pairs
time:   4,   515 facts and    7415 exclusive pairs
            4180 ops   and 1298989 exclusive pairs
time:   5,   587 facts and    9312 exclusive pairs
            5997 ops   and 2697365 exclusive pairs
time:   6,   643 facts and   12324 exclusive pairs
            6733 ops   and 3359443 exclusive pairs
time:   7,   657 facts and   12578 exclusive pairs
            7006 ops   and 3656592 exclusive pairs
time:   8,   689 facts and   13662 exclusive pairs
            7241 ops   and 3947088 exclusive pairs
time:   9,   699 facts and   13799 exclusive pairs
            7326 ops   and 3996242 exclusive pairs
time:  10,   699 facts and   11560 exclusive pairs
            7333 ops   and 3878183 exclusive pairs
time:  11,   699 facts and   10964 exclusive pairs
            7333 ops   and 3838121 exclusive pairs
time:  12,   699 facts and   10871 exclusive pairs
            7333 ops   and 3822489 exclusive pairs
time:  13,   699 facts and   10851 exclusive pairs
graph has leveled off at time step 14


            7333 ops   and 3818661 exclusive pairs
time:  14,   699 facts and   10851 exclusive pairs
            7333 ops   and 3818661 exclusive pairs
time:  15,   699 facts and   10851 exclusive pairs
            7333 ops   and 3818661 exclusive pairs
time:  16,   699 facts and   10851 exclusive pairs
            7333 ops   and 3818661 exclusive pairs
time:  17,   699 facts and   10851 exclusive pairs
            7333 ops   and 3818661 exclusive pairs
time:  18,   699 facts and   10851 exclusive pairs
            7333 ops   and 3818661 exclusive pairs
time:  19,   699 facts and   10851 exclusive pairs
            7333 ops   and 3818661 exclusive pairs
time:  20,   699 facts and   10851 exclusive pairs
            7333 ops   and 3818661 exclusive pairs
time:  21,   699 facts and   10851 exclusive pairs
            7333 ops   and 3818661 exclusive pairs
time:  22,   699 facts and   10851 exclusive pairs
            7333 ops   and 3818661 exclusive pairs
time:  23,   699 facts and   10851 exclusive pairs
            7333 ops   and 3818661 exclusive pairs
time:  24,   699 facts and   10851 exclusive pairs
            7333 ops   and 3818661 exclusive pairs
time:  25,   699 facts and   10851 exclusive pairs
            7333 ops   and 3818661 exclusive pairs
time:  26,   699 facts and   10851 exclusive pairs
            7333 ops   and 3818661 exclusive pairs
time:  27,   699 facts and   10851 exclusive pairs
            7333 ops   and 3818661 exclusive pairs
time:  28,   699 facts and   10851 exclusive pairs
            7333 ops   and 3818661 exclusive pairs
time:  29,   699 facts and   10851 exclusive pairs
            7333 ops   and 3818661 exclusive pairs
time:  30,   699 facts and   10851 exclusive pairs
            7333 ops   and 3818661 exclusive pairs
time:  31,   699 facts and   10851 exclusive pairs
            7333 ops   and 3818661 exclusive pairs
time:  32,   699 facts and   10851 exclusive pairs
            7333 ops   and 3818661 exclusive pairs
time:  33,   699 facts and   10851 exclusive pairs
            7333 ops   and 3818661 exclusive pairs
time:  34,   699 facts and   10851 exclusive pairs
            7333 ops   and 3818661 exclusive pairs
time:  35,   699 facts and   10851 exclusive pairs
            7333 ops   and 3818661 exclusive pairs
time:  36,   699 facts and   10851 exclusive pairs
            7333 ops   and 3818661 exclusive pairs
time:  37,   699 facts and   10851 exclusive pairs
            7333 ops   and 3818661 exclusive pairs
time:  38,   699 facts and   10851 exclusive pairs
            7333 ops   and 3818661 exclusive pairs
time:  39,   699 facts and   10851 exclusive pairs

creating thin gp-based encoding...
plan graph layer 0...
plan graph layer 1...
plan graph layer 2...
plan graph layer 3...
plan graph layer 4...
plan graph layer 5...
plan graph layer 6...
plan graph layer 7...
plan graph layer 8...
plan graph layer 9...
plan graph layer 10...
plan graph layer 11...
plan graph layer 12...
plan graph layer 13...
plan graph layer 14...
plan graph layer 15...
plan graph layer 16...
plan graph layer 17...
plan graph layer 18...
plan graph layer 19...
plan graph layer 20...
plan graph layer 21...
plan graph layer 22...
plan graph layer 23...
plan graph layer 24...
plan graph layer 25...
plan graph layer 26...
plan graph layer 27...
plan graph layer 28...
plan graph layer 29...
plan graph layer 30...
plan graph layer 31...
plan graph layer 32...
plan graph layer 33...
plan graph layer 34...
plan graph layer 35...
plan graph layer 36...
plan graph layer 37...
plan graph layer 38...
plan graph layer 39...
goal constraints...

goal fact not coded - level too low??


bb: parsing domain file
domain 'MYSTERY-STRIPS' defined
 ... done.
bb: parsing problem file
problem 'STRIPS-MYSTY-X-22' defined
 ... done.


time:   0,    66 facts and       0 exclusive pairs
             125 ops   and     214 exclusive pairs
time:   1,   152 facts and     327 exclusive pairs
             495 ops   and   14166 exclusive pairs
time:   2,   268 facts and    1600 exclusive pairs
            1273 ops   and  124481 exclusive pairs
time:   3,   400 facts and    4392 exclusive pairs
            2433 ops   and  451951 exclusive pairs
time:   4,   515 facts and    7415 exclusive pairs
            4180 ops   and 1298989 exclusive pairs
time:   5,   587 facts and    9312 exclusive pairs
            5997 ops   and 2697365 exclusive pairs
time:   6,   643 facts and   12324 exclusive pairs
            6733 ops   and 3359443 exclusive pairs
time:   7,   657 facts and   12578 exclusive pairs
            7006 ops   and 3656592 exclusive pairs
time:   8,   689 facts and   13662 exclusive pairs
            7241 ops   and 3947088 exclusive pairs
time:   9,   699 facts and   13799 exclusive pairs
            7326 ops   and 3996242 exclusive pairs
time:  10,   699 facts and   11560 exclusive pairs
            7333 ops   and 3878183 exclusive pairs
time:  11,   699 facts and   10964 exclusive pairs
            7333 ops   and 3838121 exclusive pairs
time:  12,   699 facts and   10871 exclusive pairs
            7333 ops   and 3822489 exclusive pairs
time:  13,   699 facts and   10851 exclusive pairs
graph has leveled off at time step 14


            7333 ops   and 3818661 exclusive pairs
time:  14,   699 facts and   10851 exclusive pairs
            7333 ops   and 3818661 exclusive pairs
time:  15,   699 facts and   10851 exclusive pairs
            7333 ops   and 3818661 exclusive pairs
time:  16,   699 facts and   10851 exclusive pairs
            7333 ops   and 3818661 exclusive pairs
time:  17,   699 facts and   10851 exclusive pairs
            7333 ops   and 3818661 exclusive pairs
time:  18,   699 facts and   10851 exclusive pairs
            7333 ops   and 3818661 exclusive pairs
time:  19,   699 facts and   10851 exclusive pairs
            7333 ops   and 3818661 exclusive pairs
time:  20,   699 facts and   10851 exclusive pairs
            7333 ops   and 3818661 exclusive pairs
time:  21,   699 facts and   10851 exclusive pairs
            7333 ops   and 3818661 exclusive pairs
time:  22,   699 facts and   10851 exclusive pairs
            7333 ops   and 3818661 exclusive pairs
time:  23,   699 facts and   10851 exclusive pairs
            7333 ops   and 3818661 exclusive pairs
time:  24,   699 facts and   10851 exclusive pairs
            7333 ops   and 3818661 exclusive pairs
time:  25,   699 facts and   10851 exclusive pairs
            7333 ops   and 3818661 exclusive pairs
time:  26,   699 facts and   10851 exclusive pairs
            7333 ops   and 3818661 exclusive pairs
time:  27,   699 facts and   10851 exclusive pairs
            7333 ops   and 3818661 exclusive pairs
time:  28,   699 facts and   10851 exclusive pairs
            7333 ops   and 3818661 exclusive pairs
time:  29,   699 facts and   10851 exclusive pairs
            7333 ops   and 3818661 exclusive pairs
time:  30,   699 facts and   10851 exclusive pairs
            7333 ops   and 3818661 exclusive pairs
time:  31,   699 facts and   10851 exclusive pairs
            7333 ops   and 3818661 exclusive pairs
time:  32,   699 facts and   10851 exclusive pairs
            7333 ops   and 3818661 exclusive pairs
time:  33,   699 facts and   10851 exclusive pairs
            7333 ops   and 3818661 exclusive pairs
time:  34,   699 facts and   10851 exclusive pairs
            7333 ops   and 3818661 exclusive pairs
time:  35,   699 facts and   10851 exclusive pairs
            7333 ops   and 3818661 exclusive pairs
time:  36,   699 facts and   10851 exclusive pairs
            7333 ops   and 3818661 exclusive pairs
time:  37,   699 facts and   10851 exclusive pairs
            7333 ops   and 3818661 exclusive pairs
time:  38,   699 facts and   10851 exclusive pairs
            7333 ops   and 3818661 exclusive pairs
time:  39,   699 facts and   10851 exclusive pairs
            7333 ops   and 3818661 exclusive pairs
time:  40,   699 facts and   10851 exclusive pairs

creating thin gp-based encoding...
plan graph layer 0...
plan graph layer 1...
plan graph layer 2...
plan graph layer 3...
plan graph layer 4...
plan graph layer 5...
plan graph layer 6...
plan graph layer 7...
plan graph layer 8...
plan graph layer 9...
plan graph layer 10...
plan graph layer 11...
plan graph layer 12...
plan graph layer 13...
plan graph layer 14...
plan graph layer 15...
plan graph layer 16...
plan graph layer 17...
plan graph layer 18...
plan graph layer 19...
plan graph layer 20...
plan graph layer 21...
plan graph layer 22...
plan graph layer 23...
plan graph layer 24...
plan graph layer 25...
plan graph layer 26...
plan graph layer 27...
plan graph layer 28...
plan graph layer 29...
plan graph layer 30...
plan graph layer 31...
plan graph layer 32...
plan graph layer 33...
plan graph layer 34...
plan graph layer 35...
plan graph layer 36...
plan graph layer 37...
plan graph layer 38...
plan graph layer 39...
plan graph layer 40...
goal constraints...

goal fact not coded - level too low??


bb: parsing domain file
domain 'MYSTERY-STRIPS' defined
 ... done.
bb: parsing problem file
problem 'STRIPS-MYSTY-X-22' defined
 ... done.


time:   0,    66 facts and       0 exclusive pairs
             125 ops   and     214 exclusive pairs
time:   1,   152 facts and     327 exclusive pairs
             495 ops   and   14166 exclusive pairs
time:   2,   268 facts and    1600 exclusive pairs
            1273 ops   and  124481 exclusive pairs
time:   3,   400 facts and    4392 exclusive pairs
            2433 ops   and  451951 exclusive pairs
time:   4,   515 facts and    7415 exclusive pairs
            4180 ops   and 1298989 exclusive pairs
time:   5,   587 facts and    9312 exclusive pairs
            5997 ops   and 2697365 exclusive pairs
time:   6,   643 facts and   12324 exclusive pairs
            6733 ops   and 3359443 exclusive pairs
time:   7,   657 facts and   12578 exclusive pairs
            7006 ops   and 3656592 exclusive pairs
time:   8,   689 facts and   13662 exclusive pairs
            7241 ops   and 3947088 exclusive pairs
time:   9,   699 facts and   13799 exclusive pairs
            7326 ops   and 3996242 exclusive pairs
time:  10,   699 facts and   11560 exclusive pairs
            7333 ops   and 3878183 exclusive pairs
time:  11,   699 facts and   10964 exclusive pairs
            7333 ops   and 3838121 exclusive pairs
time:  12,   699 facts and   10871 exclusive pairs
            7333 ops   and 3822489 exclusive pairs
time:  13,   699 facts and   10851 exclusive pairs
graph has leveled off at time step 14


            7333 ops   and 3818661 exclusive pairs
time:  14,   699 facts and   10851 exclusive pairs
            7333 ops   and 3818661 exclusive pairs
time:  15,   699 facts and   10851 exclusive pairs
            7333 ops   and 3818661 exclusive pairs
time:  16,   699 facts and   10851 exclusive pairs
            7333 ops   and 3818661 exclusive pairs
time:  17,   699 facts and   10851 exclusive pairs
            7333 ops   and 3818661 exclusive pairs
time:  18,   699 facts and   10851 exclusive pairs
            7333 ops   and 3818661 exclusive pairs
time:  19,   699 facts and   10851 exclusive pairs
            7333 ops   and 3818661 exclusive pairs
time:  20,   699 facts and   10851 exclusive pairs
            7333 ops   and 3818661 exclusive pairs
time:  21,   699 facts and   10851 exclusive pairs
            7333 ops   and 3818661 exclusive pairs
time:  22,   699 facts and   10851 exclusive pairs
            7333 ops   and 3818661 exclusive pairs
time:  23,   699 facts and   10851 exclusive pairs
            7333 ops   and 3818661 exclusive pairs
time:  24,   699 facts and   10851 exclusive pairs
            7333 ops   and 3818661 exclusive pairs
time:  25,   699 facts and   10851 exclusive pairs
            7333 ops   and 3818661 exclusive pairs
time:  26,   699 facts and   10851 exclusive pairs
            7333 ops   and 3818661 exclusive pairs
time:  27,   699 facts and   10851 exclusive pairs
            7333 ops   and 3818661 exclusive pairs
time:  28,   699 facts and   10851 exclusive pairs
            7333 ops   and 3818661 exclusive pairs
time:  29,   699 facts and   10851 exclusive pairs
            7333 ops   and 3818661 exclusive pairs
time:  30,   699 facts and   10851 exclusive pairs
            7333 ops   and 3818661 exclusive pairs
time:  31,   699 facts and   10851 exclusive pairs
            7333 ops   and 3818661 exclusive pairs
time:  32,   699 facts and   10851 exclusive pairs
            7333 ops   and 3818661 exclusive pairs
time:  33,   699 facts and   10851 exclusive pairs
            7333 ops   and 3818661 exclusive pairs
time:  34,   699 facts and   10851 exclusive pairs
            7333 ops   and 3818661 exclusive pairs
time:  35,   699 facts and   10851 exclusive pairs
            7333 ops   and 3818661 exclusive pairs
time:  36,   699 facts and   10851 exclusive pairs
            7333 ops   and 3818661 exclusive pairs
time:  37,   699 facts and   10851 exclusive pairs
            7333 ops   and 3818661 exclusive pairs
time:  38,   699 facts and   10851 exclusive pairs
            7333 ops   and 3818661 exclusive pairs
time:  39,   699 facts and   10851 exclusive pairs
            7333 ops   and 3818661 exclusive pairs
time:  40,   699 facts and   10851 exclusive pairs
            7333 ops   and 3818661 exclusive pairs
time:  41,   699 facts and   10851 exclusive pairs

creating thin gp-based encoding...
plan graph layer 0...
plan graph layer 1...
plan graph layer 2...
plan graph layer 3...
plan graph layer 4...
plan graph layer 5...
plan graph layer 6...
plan graph layer 7...
plan graph layer 8...
plan graph layer 9...
plan graph layer 10...
plan graph layer 11...
plan graph layer 12...
plan graph layer 13...
plan graph layer 14...
plan graph layer 15...
plan graph layer 16...
plan graph layer 17...
plan graph layer 18...
plan graph layer 19...
plan graph layer 20...
plan graph layer 21...
plan graph layer 22...
plan graph layer 23...
plan graph layer 24...
plan graph layer 25...
plan graph layer 26...
plan graph layer 27...
plan graph layer 28...
plan graph layer 29...
plan graph layer 30...
plan graph layer 31...
plan graph layer 32...
plan graph layer 33...
plan graph layer 34...
plan graph layer 35...
plan graph layer 36...
plan graph layer 37...
plan graph layer 38...
plan graph layer 39...
plan graph layer 40...
plan graph layer 41...
goal constraints...

goal fact not coded - level too low??


bb: parsing domain file
domain 'MYSTERY-STRIPS' defined
 ... done.
bb: parsing problem file
problem 'STRIPS-MYSTY-X-22' defined
 ... done.


time:   0,    66 facts and       0 exclusive pairs
             125 ops   and     214 exclusive pairs
time:   1,   152 facts and     327 exclusive pairs
             495 ops   and   14166 exclusive pairs
time:   2,   268 facts and    1600 exclusive pairs
            1273 ops   and  124481 exclusive pairs
time:   3,   400 facts and    4392 exclusive pairs
            2433 ops   and  451951 exclusive pairs
time:   4,   515 facts and    7415 exclusive pairs
            4180 ops   and 1298989 exclusive pairs
time:   5,   587 facts and    9312 exclusive pairs
            5997 ops   and 2697365 exclusive pairs
time:   6,   643 facts and   12324 exclusive pairs
            6733 ops   and 3359443 exclusive pairs
time:   7,   657 facts and   12578 exclusive pairs
            7006 ops   and 3656592 exclusive pairs
time:   8,   689 facts and   13662 exclusive pairs
            7241 ops   and 3947088 exclusive pairs
time:   9,   699 facts and   13799 exclusive pairs
            7326 ops   and 3996242 exclusive pairs
time:  10,   699 facts and   11560 exclusive pairs
            7333 ops   and 3878183 exclusive pairs
time:  11,   699 facts and   10964 exclusive pairs
            7333 ops   and 3838121 exclusive pairs
time:  12,   699 facts and   10871 exclusive pairs
            7333 ops   and 3822489 exclusive pairs
time:  13,   699 facts and   10851 exclusive pairs
graph has leveled off at time step 14


            7333 ops   and 3818661 exclusive pairs
time:  14,   699 facts and   10851 exclusive pairs
            7333 ops   and 3818661 exclusive pairs
time:  15,   699 facts and   10851 exclusive pairs
            7333 ops   and 3818661 exclusive pairs
time:  16,   699 facts and   10851 exclusive pairs
            7333 ops   and 3818661 exclusive pairs
time:  17,   699 facts and   10851 exclusive pairs
            7333 ops   and 3818661 exclusive pairs
time:  18,   699 facts and   10851 exclusive pairs
            7333 ops   and 3818661 exclusive pairs
time:  19,   699 facts and   10851 exclusive pairs
            7333 ops   and 3818661 exclusive pairs
time:  20,   699 facts and   10851 exclusive pairs
            7333 ops   and 3818661 exclusive pairs
time:  21,   699 facts and   10851 exclusive pairs
            7333 ops   and 3818661 exclusive pairs
time:  22,   699 facts and   10851 exclusive pairs
            7333 ops   and 3818661 exclusive pairs
time:  23,   699 facts and   10851 exclusive pairs
            7333 ops   and 3818661 exclusive pairs
time:  24,   699 facts and   10851 exclusive pairs
            7333 ops   and 3818661 exclusive pairs
time:  25,   699 facts and   10851 exclusive pairs
            7333 ops   and 3818661 exclusive pairs
time:  26,   699 facts and   10851 exclusive pairs
            7333 ops   and 3818661 exclusive pairs
time:  27,   699 facts and   10851 exclusive pairs
            7333 ops   and 3818661 exclusive pairs
time:  28,   699 facts and   10851 exclusive pairs
            7333 ops   and 3818661 exclusive pairs
time:  29,   699 facts and   10851 exclusive pairs
            7333 ops   and 3818661 exclusive pairs
time:  30,   699 facts and   10851 exclusive pairs
            7333 ops   and 3818661 exclusive pairs
time:  31,   699 facts and   10851 exclusive pairs
            7333 ops   and 3818661 exclusive pairs
time:  32,   699 facts and   10851 exclusive pairs
            7333 ops   and 3818661 exclusive pairs
time:  33,   699 facts and   10851 exclusive pairs
            7333 ops   and 3818661 exclusive pairs
time:  34,   699 facts and   10851 exclusive pairs
            7333 ops   and 3818661 exclusive pairs
time:  35,   699 facts and   10851 exclusive pairs
            7333 ops   and 3818661 exclusive pairs
time:  36,   699 facts and   10851 exclusive pairs
            7333 ops   and 3818661 exclusive pairs
time:  37,   699 facts and   10851 exclusive pairs
            7333 ops   and 3818661 exclusive pairs
time:  38,   699 facts and   10851 exclusive pairs
            7333 ops   and 3818661 exclusive pairs
time:  39,   699 facts and   10851 exclusive pairs
            7333 ops   and 3818661 exclusive pairs
time:  40,   699 facts and   10851 exclusive pairs
            7333 ops   and 3818661 exclusive pairs
time:  41,   699 facts and   10851 exclusive pairs
            7333 ops   and 3818661 exclusive pairs
time:  42,   699 facts and   10851 exclusive pairs

creating thin gp-based encoding...
plan graph layer 0...
plan graph layer 1...
plan graph layer 2...
plan graph layer 3...
plan graph layer 4...
plan graph layer 5...
plan graph layer 6...
plan graph layer 7...
plan graph layer 8...
plan graph layer 9...
plan graph layer 10...
plan graph layer 11...
plan graph layer 12...
plan graph layer 13...
plan graph layer 14...
plan graph layer 15...
plan graph layer 16...
plan graph layer 17...
plan graph layer 18...
plan graph layer 19...
plan graph layer 20...
plan graph layer 21...
plan graph layer 22...
plan graph layer 23...
plan graph layer 24...
plan graph layer 25...
plan graph layer 26...
plan graph layer 27...
plan graph layer 28...
plan graph layer 29...
plan graph layer 30...
plan graph layer 31...
plan graph layer 32...
plan graph layer 33...
plan graph layer 34...
plan graph layer 35...
plan graph layer 36...
plan graph layer 37...
plan graph layer 38...
plan graph layer 39...
plan graph layer 40...
plan graph layer 41...
plan graph layer 42...
goal constraints...

goal fact not coded - level too low??


bb: parsing domain file
domain 'MYSTERY-STRIPS' defined
 ... done.
bb: parsing problem file
problem 'STRIPS-MYSTY-X-22' defined
 ... done.


time:   0,    66 facts and       0 exclusive pairs
             125 ops   and     214 exclusive pairs
time:   1,   152 facts and     327 exclusive pairs
             495 ops   and   14166 exclusive pairs
time:   2,   268 facts and    1600 exclusive pairs
            1273 ops   and  124481 exclusive pairs
time:   3,   400 facts and    4392 exclusive pairs
            2433 ops   and  451951 exclusive pairs
time:   4,   515 facts and    7415 exclusive pairs
            4180 ops   and 1298989 exclusive pairs
time:   5,   587 facts and    9312 exclusive pairs
            5997 ops   and 2697365 exclusive pairs
time:   6,   643 facts and   12324 exclusive pairs
            6733 ops   and 3359443 exclusive pairs
time:   7,   657 facts and   12578 exclusive pairs
            7006 ops   and 3656592 exclusive pairs
time:   8,   689 facts and   13662 exclusive pairs
            7241 ops   and 3947088 exclusive pairs
time:   9,   699 facts and   13799 exclusive pairs
            7326 ops   and 3996242 exclusive pairs
time:  10,   699 facts and   11560 exclusive pairs
            7333 ops   and 3878183 exclusive pairs
time:  11,   699 facts and   10964 exclusive pairs
            7333 ops   and 3838121 exclusive pairs
time:  12,   699 facts and   10871 exclusive pairs
            7333 ops   and 3822489 exclusive pairs
time:  13,   699 facts and   10851 exclusive pairs
graph has leveled off at time step 14


            7333 ops   and 3818661 exclusive pairs
time:  14,   699 facts and   10851 exclusive pairs
            7333 ops   and 3818661 exclusive pairs
time:  15,   699 facts and   10851 exclusive pairs
            7333 ops   and 3818661 exclusive pairs
time:  16,   699 facts and   10851 exclusive pairs
            7333 ops   and 3818661 exclusive pairs
time:  17,   699 facts and   10851 exclusive pairs
            7333 ops   and 3818661 exclusive pairs
time:  18,   699 facts and   10851 exclusive pairs
            7333 ops   and 3818661 exclusive pairs
time:  19,   699 facts and   10851 exclusive pairs
            7333 ops   and 3818661 exclusive pairs
time:  20,   699 facts and   10851 exclusive pairs
            7333 ops   and 3818661 exclusive pairs
time:  21,   699 facts and   10851 exclusive pairs
            7333 ops   and 3818661 exclusive pairs
time:  22,   699 facts and   10851 exclusive pairs
            7333 ops   and 3818661 exclusive pairs
time:  23,   699 facts and   10851 exclusive pairs
            7333 ops   and 3818661 exclusive pairs
time:  24,   699 facts and   10851 exclusive pairs
            7333 ops   and 3818661 exclusive pairs
time:  25,   699 facts and   10851 exclusive pairs
            7333 ops   and 3818661 exclusive pairs
time:  26,   699 facts and   10851 exclusive pairs
            7333 ops   and 3818661 exclusive pairs
time:  27,   699 facts and   10851 exclusive pairs
            7333 ops   and 3818661 exclusive pairs
time:  28,   699 facts and   10851 exclusive pairs
            7333 ops   and 3818661 exclusive pairs
time:  29,   699 facts and   10851 exclusive pairs
            7333 ops   and 3818661 exclusive pairs
time:  30,   699 facts and   10851 exclusive pairs
            7333 ops   and 3818661 exclusive pairs
time:  31,   699 facts and   10851 exclusive pairs
            7333 ops   and 3818661 exclusive pairs
time:  32,   699 facts and   10851 exclusive pairs
            7333 ops   and 3818661 exclusive pairs
time:  33,   699 facts and   10851 exclusive pairs
            7333 ops   and 3818661 exclusive pairs
time:  34,   699 facts and   10851 exclusive pairs
            7333 ops   and 3818661 exclusive pairs
time:  35,   699 facts and   10851 exclusive pairs
            7333 ops   and 3818661 exclusive pairs
time:  36,   699 facts and   10851 exclusive pairs
            7333 ops   and 3818661 exclusive pairs
time:  37,   699 facts and   10851 exclusive pairs
            7333 ops   and 3818661 exclusive pairs
time:  38,   699 facts and   10851 exclusive pairs
            7333 ops   and 3818661 exclusive pairs
time:  39,   699 facts and   10851 exclusive pairs
            7333 ops   and 3818661 exclusive pairs
time:  40,   699 facts and   10851 exclusive pairs
            7333 ops   and 3818661 exclusive pairs
time:  41,   699 facts and   10851 exclusive pairs
            7333 ops   and 3818661 exclusive pairs
time:  42,   699 facts and   10851 exclusive pairs
            7333 ops   and 3818661 exclusive pairs
time:  43,   699 facts and   10851 exclusive pairs

creating thin gp-based encoding...
plan graph layer 0...
plan graph layer 1...
plan graph layer 2...
plan graph layer 3...
plan graph layer 4...
plan graph layer 5...
plan graph layer 6...
plan graph layer 7...
plan graph layer 8...
plan graph layer 9...
plan graph layer 10...
plan graph layer 11...
plan graph layer 12...
plan graph layer 13...
plan graph layer 14...
plan graph layer 15...
plan graph layer 16...
plan graph layer 17...
plan graph layer 18...
plan graph layer 19...
plan graph layer 20...
plan graph layer 21...
plan graph layer 22...
plan graph layer 23...
plan graph layer 24...
plan graph layer 25...
plan graph layer 26...
plan graph layer 27...
plan graph layer 28...
plan graph layer 29...
plan graph layer 30...
plan graph layer 31...
plan graph layer 32...
plan graph layer 33...
plan graph layer 34...
plan graph layer 35...
plan graph layer 36...
plan graph layer 37...
plan graph layer 38...
plan graph layer 39...
plan graph layer 40...
plan graph layer 41...
plan graph layer 42...
plan graph layer 43...
goal constraints...

goal fact not coded - level too low??


bb: parsing domain file
domain 'MYSTERY-STRIPS' defined
 ... done.
bb: parsing problem file
problem 'STRIPS-MYSTY-X-22' defined
 ... done.


time:   0,    66 facts and       0 exclusive pairs
             125 ops   and     214 exclusive pairs
time:   1,   152 facts and     327 exclusive pairs
             495 ops   and   14166 exclusive pairs
time:   2,   268 facts and    1600 exclusive pairs
            1273 ops   and  124481 exclusive pairs
time:   3,   400 facts and    4392 exclusive pairs
            2433 ops   and  451951 exclusive pairs
time:   4,   515 facts and    7415 exclusive pairs
            4180 ops   and 1298989 exclusive pairs
time:   5,   587 facts and    9312 exclusive pairs
            5997 ops   and 2697365 exclusive pairs
time:   6,   643 facts and   12324 exclusive pairs
            6733 ops   and 3359443 exclusive pairs
time:   7,   657 facts and   12578 exclusive pairs
            7006 ops   and 3656592 exclusive pairs
time:   8,   689 facts and   13662 exclusive pairs
            7241 ops   and 3947088 exclusive pairs
time:   9,   699 facts and   13799 exclusive pairs
            7326 ops   and 3996242 exclusive pairs
time:  10,   699 facts and   11560 exclusive pairs
            7333 ops   and 3878183 exclusive pairs
time:  11,   699 facts and   10964 exclusive pairs
            7333 ops   and 3838121 exclusive pairs
time:  12,   699 facts and   10871 exclusive pairs
            7333 ops   and 3822489 exclusive pairs
time:  13,   699 facts and   10851 exclusive pairs
graph has leveled off at time step 14


            7333 ops   and 3818661 exclusive pairs
time:  14,   699 facts and   10851 exclusive pairs
            7333 ops   and 3818661 exclusive pairs
time:  15,   699 facts and   10851 exclusive pairs
            7333 ops   and 3818661 exclusive pairs
time:  16,   699 facts and   10851 exclusive pairs
            7333 ops   and 3818661 exclusive pairs
time:  17,   699 facts and   10851 exclusive pairs
            7333 ops   and 3818661 exclusive pairs
time:  18,   699 facts and   10851 exclusive pairs
            7333 ops   and 3818661 exclusive pairs
time:  19,   699 facts and   10851 exclusive pairs
            7333 ops   and 3818661 exclusive pairs
time:  20,   699 facts and   10851 exclusive pairs
            7333 ops   and 3818661 exclusive pairs
time:  21,   699 facts and   10851 exclusive pairs
            7333 ops   and 3818661 exclusive pairs
time:  22,   699 facts and   10851 exclusive pairs
            7333 ops   and 3818661 exclusive pairs
time:  23,   699 facts and   10851 exclusive pairs
            7333 ops   and 3818661 exclusive pairs
time:  24,   699 facts and   10851 exclusive pairs
            7333 ops   and 3818661 exclusive pairs
time:  25,   699 facts and   10851 exclusive pairs
            7333 ops   and 3818661 exclusive pairs
time:  26,   699 facts and   10851 exclusive pairs
            7333 ops   and 3818661 exclusive pairs
time:  27,   699 facts and   10851 exclusive pairs
            7333 ops   and 3818661 exclusive pairs
time:  28,   699 facts and   10851 exclusive pairs
            7333 ops   and 3818661 exclusive pairs
time:  29,   699 facts and   10851 exclusive pairs
            7333 ops   and 3818661 exclusive pairs
time:  30,   699 facts and   10851 exclusive pairs
            7333 ops   and 3818661 exclusive pairs
time:  31,   699 facts and   10851 exclusive pairs
            7333 ops   and 3818661 exclusive pairs
time:  32,   699 facts and   10851 exclusive pairs
            7333 ops   and 3818661 exclusive pairs
time:  33,   699 facts and   10851 exclusive pairs
            7333 ops   and 3818661 exclusive pairs
time:  34,   699 facts and   10851 exclusive pairs
            7333 ops   and 3818661 exclusive pairs
time:  35,   699 facts and   10851 exclusive pairs
            7333 ops   and 3818661 exclusive pairs
time:  36,   699 facts and   10851 exclusive pairs
            7333 ops   and 3818661 exclusive pairs
time:  37,   699 facts and   10851 exclusive pairs
            7333 ops   and 3818661 exclusive pairs
time:  38,   699 facts and   10851 exclusive pairs
            7333 ops   and 3818661 exclusive pairs
time:  39,   699 facts and   10851 exclusive pairs
            7333 ops   and 3818661 exclusive pairs
time:  40,   699 facts and   10851 exclusive pairs
            7333 ops   and 3818661 exclusive pairs
time:  41,   699 facts and   10851 exclusive pairs
            7333 ops   and 3818661 exclusive pairs
time:  42,   699 facts and   10851 exclusive pairs
            7333 ops   and 3818661 exclusive pairs
time:  43,   699 facts and   10851 exclusive pairs
            7333 ops   and 3818661 exclusive pairs
time:  44,   699 facts and   10851 exclusive pairs

creating thin gp-based encoding...
plan graph layer 0...
plan graph layer 1...
plan graph layer 2...
plan graph layer 3...
plan graph layer 4...
plan graph layer 5...
plan graph layer 6...
plan graph layer 7...
plan graph layer 8...
plan graph layer 9...
plan graph layer 10...
plan graph layer 11...
plan graph layer 12...
plan graph layer 13...
plan graph layer 14...
plan graph layer 15...
plan graph layer 16...
plan graph layer 17...
plan graph layer 18...
plan graph layer 19...
plan graph layer 20...
plan graph layer 21...
plan graph layer 22...
plan graph layer 23...
plan graph layer 24...
plan graph layer 25...
plan graph layer 26...
plan graph layer 27...
plan graph layer 28...
plan graph layer 29...
plan graph layer 30...
plan graph layer 31...
plan graph layer 32...
plan graph layer 33...
plan graph layer 34...
plan graph layer 35...
plan graph layer 36...
plan graph layer 37...
plan graph layer 38...
plan graph layer 39...
plan graph layer 40...
plan graph layer 41...
plan graph layer 42...
plan graph layer 43...
plan graph layer 44...
goal constraints...

goal fact not coded - level too low??


bb: parsing domain file
domain 'MYSTERY-STRIPS' defined
 ... done.
bb: parsing problem file
problem 'STRIPS-MYSTY-X-22' defined
 ... done.


time:   0,    66 facts and       0 exclusive pairs
             125 ops   and     214 exclusive pairs
time:   1,   152 facts and     327 exclusive pairs
             495 ops   and   14166 exclusive pairs
time:   2,   268 facts and    1600 exclusive pairs
            1273 ops   and  124481 exclusive pairs
time:   3,   400 facts and    4392 exclusive pairs
            2433 ops   and  451951 exclusive pairs
time:   4,   515 facts and    7415 exclusive pairs
            4180 ops   and 1298989 exclusive pairs
time:   5,   587 facts and    9312 exclusive pairs
            5997 ops   and 2697365 exclusive pairs
time:   6,   643 facts and   12324 exclusive pairs
            6733 ops   and 3359443 exclusive pairs
time:   7,   657 facts and   12578 exclusive pairs
            7006 ops   and 3656592 exclusive pairs
time:   8,   689 facts and   13662 exclusive pairs
            7241 ops   and 3947088 exclusive pairs
time:   9,   699 facts and   13799 exclusive pairs
            7326 ops   and 3996242 exclusive pairs
time:  10,   699 facts and   11560 exclusive pairs
            7333 ops   and 3878183 exclusive pairs
time:  11,   699 facts and   10964 exclusive pairs
            7333 ops   and 3838121 exclusive pairs
time:  12,   699 facts and   10871 exclusive pairs
            7333 ops   and 3822489 exclusive pairs
time:  13,   699 facts and   10851 exclusive pairs
graph has leveled off at time step 14


            7333 ops   and 3818661 exclusive pairs
time:  14,   699 facts and   10851 exclusive pairs
            7333 ops   and 3818661 exclusive pairs
time:  15,   699 facts and   10851 exclusive pairs
            7333 ops   and 3818661 exclusive pairs
time:  16,   699 facts and   10851 exclusive pairs
            7333 ops   and 3818661 exclusive pairs
time:  17,   699 facts and   10851 exclusive pairs
            7333 ops   and 3818661 exclusive pairs
time:  18,   699 facts and   10851 exclusive pairs
            7333 ops   and 3818661 exclusive pairs
time:  19,   699 facts and   10851 exclusive pairs
            7333 ops   and 3818661 exclusive pairs
time:  20,   699 facts and   10851 exclusive pairs
            7333 ops   and 3818661 exclusive pairs
time:  21,   699 facts and   10851 exclusive pairs
            7333 ops   and 3818661 exclusive pairs
time:  22,   699 facts and   10851 exclusive pairs
            7333 ops   and 3818661 exclusive pairs
time:  23,   699 facts and   10851 exclusive pairs
            7333 ops   and 3818661 exclusive pairs
time:  24,   699 facts and   10851 exclusive pairs
            7333 ops   and 3818661 exclusive pairs
time:  25,   699 facts and   10851 exclusive pairs
            7333 ops   and 3818661 exclusive pairs
time:  26,   699 facts and   10851 exclusive pairs
            7333 ops   and 3818661 exclusive pairs
time:  27,   699 facts and   10851 exclusive pairs
            7333 ops   and 3818661 exclusive pairs
time:  28,   699 facts and   10851 exclusive pairs
            7333 ops   and 3818661 exclusive pairs
time:  29,   699 facts and   10851 exclusive pairs
            7333 ops   and 3818661 exclusive pairs
time:  30,   699 facts and   10851 exclusive pairs
            7333 ops   and 3818661 exclusive pairs
time:  31,   699 facts and   10851 exclusive pairs
            7333 ops   and 3818661 exclusive pairs
time:  32,   699 facts and   10851 exclusive pairs
            7333 ops   and 3818661 exclusive pairs
time:  33,   699 facts and   10851 exclusive pairs
            7333 ops   and 3818661 exclusive pairs
time:  34,   699 facts and   10851 exclusive pairs
            7333 ops   and 3818661 exclusive pairs
time:  35,   699 facts and   10851 exclusive pairs
            7333 ops   and 3818661 exclusive pairs
time:  36,   699 facts and   10851 exclusive pairs
            7333 ops   and 3818661 exclusive pairs
time:  37,   699 facts and   10851 exclusive pairs
            7333 ops   and 3818661 exclusive pairs
time:  38,   699 facts and   10851 exclusive pairs
            7333 ops   and 3818661 exclusive pairs
time:  39,   699 facts and   10851 exclusive pairs
            7333 ops   and 3818661 exclusive pairs
time:  40,   699 facts and   10851 exclusive pairs
            7333 ops   and 3818661 exclusive pairs
time:  41,   699 facts and   10851 exclusive pairs
            7333 ops   and 3818661 exclusive pairs
time:  42,   699 facts and   10851 exclusive pairs
            7333 ops   and 3818661 exclusive pairs
time:  43,   699 facts and   10851 exclusive pairs
            7333 ops   and 3818661 exclusive pairs
time:  44,   699 facts and   10851 exclusive pairs
            7333 ops   and 3818661 exclusive pairs
time:  45,   699 facts and   10851 exclusive pairsSegmentation fault (core dumped)

Memory limit exceeded: bb system call, OR Time limit exceeded: bb system call, OR bb internal error
Command exited with non-zero status 2
__MEMKB 531712
