
ipp: parsing domain file
domain 'GROUNDED-PATHWAYS-PROPOSITIONAL' defined
 ... done.
ipp: parsing problem file
problem 'GROUNDED-PATHWAYS-01' defined
 ... done.


AND has only one son (anymore)
AND has only one son (anymore)
AND has only one son (anymore)
AND has only one son (anymore)
AND has only one son (anymore)
AND has only one son (anymore)
AND has only one son (anymore)
AND has only one son (anymore)
AND has only one son (anymore)
AND has only one son (anymore)
AND has only one son (anymore)
AND has only one son (anymore)
AND has only one son (anymore)
AND has only one son (anymore)
AND has only one son (anymore)
AND has only one son (anymore)
AND has only one son (anymore)
AND has only one son (anymore)
AND has only one son (anymore)
instantiated 78 actions


time:   0,    63 facts and       0 exclusive pairs (   17,       0 positives)
              79 ops   and     184 exclusive pairs
time:   1,    97 facts and     578 exclusive pairs (   34,     153 positives)
             145 ops   and    2796 exclusive pairs
time:   2,   114 facts and     235 exclusive pairs (   51,     187 positives)
             178 ops   and    2982 exclusive pairs
time:   3,   115 facts and     118 exclusive pairs (   52,      70 positives)
             190 ops   and    3261 exclusive pairs
time:   4,   124 facts and     177 exclusive pairs (   61,     112 positives)
             201 ops   and    3587 exclusive pairs
time:   5,   126 facts and     176 exclusive pairs (   63,     106 positives)

goals first reachable in 5 time steps


found plan as follows:

time step    0: CHOOSE_P300_L1_L0
time step    1: CHOOSE_PCAF_L2_L1
                INITIALIZE_P300
time step    2: INITIALIZE_PCAF
time step    3: ASSOCIATE_PCAF_P300_PCAF-P300
time step    4: DUMMY-ACTION-1-2



number of actions tried:          6
number of noops tried  :          2

had       0 simple memoizing hits
had       0 partial memoizing hits
had       0 subset memoizing hits

time spent:    0.00 seconds instantiating 78 operators
               0.01 seconds building graph
               0.00 seconds calculating exclusions
               0.00 seconds searching graph
               0.01 seconds total time

Memory used:   0.08 MBytes for domain representation
               1.32 MBytes for graph
               0.04 MBytes for exclusions
               0.00 MBytes for memoization
               0.00 MBytes for wave front




ipp: parsing domain file
domain 'GROUNDED-PATHWAYS-PROPOSITIONAL' defined
 ... done.
ipp: parsing problem file
problem 'GROUNDED-PATHWAYS-02' defined
 ... done.


AND has only one son (anymore)
AND has only one son (anymore)
AND has only one son (anymore)
AND has only one son (anymore)
AND has only one son (anymore)
AND has only one son (anymore)
AND has only one son (anymore)
AND has only one son (anymore)
AND has only one son (anymore)
AND has only one son (anymore)
AND has only one son (anymore)
AND has only one son (anymore)
AND has only one son (anymore)
AND has only one son (anymore)
AND has only one son (anymore)
AND has only one son (anymore)
AND has only one son (anymore)
AND has only one son (anymore)
AND has only one son (anymore)
AND has only one son (anymore)
AND has only one son (anymore)
AND has only one son (anymore)
AND has only one son (anymore)
AND has only one son (anymore)
AND has only one son (anymore)
AND has only one son (anymore)
AND has only one son (anymore)
AND has only one son (anymore)
AND has only one son (anymore)
AND has only one son (anymore)
instantiated 80 actions


time:   0,    70 facts and       0 exclusive pairs (   13,       0 positives)
              82 ops   and     114 exclusive pairs
time:   1,    96 facts and     338 exclusive pairs (   26,      91 positives)
             132 ops   and    1642 exclusive pairs
time:   2,   109 facts and     153 exclusive pairs (   39,     117 positives)
             161 ops   and    1926 exclusive pairs
time:   3,   114 facts and     106 exclusive pairs (   44,      62 positives)
             176 ops   and    2228 exclusive pairs
time:   4,   124 facts and     190 exclusive pairs (   54,     124 positives)
             197 ops   and    2932 exclusive pairs
time:   5,   135 facts and     305 exclusive pairs (   65,     206 positives)
             211 ops   and    3247 exclusive pairs
time:   6,   138 facts and     251 exclusive pairs (   68,     140 positives)
             217 ops   and    3275 exclusive pairs
time:   7,   140 facts and     266 exclusive pairs (   70,     147 positives)

goals first reachable in 7 time steps


found plan as follows:

time step    0: CHOOSE_GE2_L1_L0
time step    1: CHOOSE_E2F13P1-DP12_L2_L1
                INITIALIZE_GE2
time step    2: CHOOSE_E2F4-DP12P1_L3_L2
                INITIALIZE_E2F13P1-DP12
time step    3: ASSOCIATE_E2F13P1-DP12_GE2_E2F13P1-DP12-GE2
                INITIALIZE_E2F4-DP12P1
time step    4: SYNTHESIZE_E2F13P1-DP12-GE2_P107
                SYNTHESIZE_E2F13P1-DP12-GE2_CYCDP1
time step    5: DUMMY-ACTION-2-2
                ASSOCIATE_P107_E2F4-DP12P1_P107-E2F4-DP12P1
time step    6: DUMMY-ACTION-1-1



number of actions tried:         25
number of noops tried  :         14

had       3 simple memoizing hits
had       0 partial memoizing hits
had       0 subset memoizing hits

time spent:    0.00 seconds instantiating 80 operators
               0.00 seconds building graph
               0.01 seconds calculating exclusions
               0.00 seconds searching graph
               0.01 seconds total time

Memory used:   0.08 MBytes for domain representation
               1.64 MBytes for graph
               0.05 MBytes for exclusions
               0.00 MBytes for memoization
               0.00 MBytes for wave front




ipp: parsing domain file
domain 'GROUNDED-PATHWAYS-PROPOSITIONAL' defined
 ... done.
ipp: parsing problem file
problem 'GROUNDED-PATHWAYS-03' defined
 ... done.


AND has only one son (anymore)
AND has only one son (anymore)
AND has only one son (anymore)
AND has only one son (anymore)
AND has only one son (anymore)
AND has only one son (anymore)
AND has only one son (anymore)
AND has only one son (anymore)
AND has only one son (anymore)
AND has only one son (anymore)
AND has only one son (anymore)
AND has only one son (anymore)
AND has only one son (anymore)
AND has only one son (anymore)
AND has only one son (anymore)
AND has only one son (anymore)
AND has only one son (anymore)
AND has only one son (anymore)
AND has only one son (anymore)
AND has only one son (anymore)
AND has only one son (anymore)
AND has only one son (anymore)
AND has only one son (anymore)
AND has only one son (anymore)
AND has only one son (anymore)
AND has only one son (anymore)
AND has only one son (anymore)
AND has only one son (anymore)
AND has only one son (anymore)
AND has only one son (anymore)
AND has only one son (anymore)
AND has only one son (anymore)
AND has only one son (anymore)
AND has only one son (anymore)
AND has only one son (anymore)
instantiated 118 actions


time:   0,    99 facts and       0 exclusive pairs (   20,       0 positives)
             118 ops   and     247 exclusive pairs
time:   1,   139 facts and     800 exclusive pairs (   40,     210 positives)
             196 ops   and    3861 exclusive pairs
time:   2,   159 facts and     307 exclusive pairs (   60,     250 positives)
             235 ops   and    4053 exclusive pairs
time:   3,   160 facts and     139 exclusive pairs (   61,      82 positives)
             248 ops   and    4360 exclusive pairs
time:   4,   171 facts and     219 exclusive pairs (   72,     138 positives)
             273 ops   and    5241 exclusive pairs
time:   5,   185 facts and     312 exclusive pairs (   86,     186 positives)
             296 ops   and    6018 exclusive pairs
time:   6,   194 facts and     385 exclusive pairs (   95,     224 positives)
             309 ops   and    6499 exclusive pairs
time:   7,   198 facts and     402 exclusive pairs (   99,     226 positives)

goals first reachable in 7 time steps

             316 ops   and    6720 exclusive pairs
time:   8,   198 facts and     375 exclusive pairs (   99,     206 positives)

found plan as follows:

time step    0: CHOOSE_GP_L1_L0
time step    1: CHOOSE_SP1_L2_L1
                INITIALIZE_GP
time step    2: INITIALIZE_SP1
                CHOOSE_CDK46P1_L3_L2
time step    3: INITIALIZE_CDK46P1
                ASSOCIATE_SP1_GP_SP1-GP
time step    4: SYNTHESIZE_SP1-GP_CYCD
                SYNTHESIZE_SP1-GP_CYCA
                SYNTHESIZE_SP1-GP_P107
                INITIALIZE_SP1
                INITIALIZE_GP
time step    5: ASSOCIATE_SP1_P107_SP1-P107
                DUMMY-ACTION-2-2
                ASSOCIATE_CDK46P1_CYCD_CDK46P1-CYCD
time step    6: DUMMY-ACTION-3-2
                ASSOCIATE_SP1-P107_GP_SP1-P107-GP
time step    7: DUMMY-ACTION-1-1



number of actions tried:      10680
number of noops tried  :      12800

had    3379 simple memoizing hits
had     364 partial memoizing hits
had    3352 subset memoizing hits

time spent:    0.00 seconds instantiating 118 operators
               0.00 seconds building graph
               0.01 seconds calculating exclusions
               0.02 seconds searching graph
               0.03 seconds total time

Memory used:   0.11 MBytes for domain representation
               2.51 MBytes for graph
               0.11 MBytes for exclusions
               0.05 MBytes for memoization
               0.00 MBytes for wave front




ipp: parsing domain file
domain 'GROUNDED-PATHWAYS-PROPOSITIONAL' defined
 ... done.
ipp: parsing problem file
problem 'GROUNDED-PATHWAYS-04' defined
 ... done.


AND has only one son (anymore)
AND has only one son (anymore)
AND has only one son (anymore)
AND has only one son (anymore)
AND has only one son (anymore)
AND has only one son (anymore)
AND has only one son (anymore)
AND has only one son (anymore)
AND has only one son (anymore)
AND has only one son (anymore)
AND has only one son (anymore)
AND has only one son (anymore)
AND has only one son (anymore)
AND has only one son (anymore)
AND has only one son (anymore)
AND has only one son (anymore)
AND has only one son (anymore)
AND has only one son (anymore)
AND has only one son (anymore)
AND has only one son (anymore)
AND has only one son (anymore)
AND has only one son (anymore)
AND has only one son (anymore)
AND has only one son (anymore)
AND has only one son (anymore)
AND has only one son (anymore)
AND has only one son (anymore)
AND has only one son (anymore)
AND has only one son (anymore)
AND has only one son (anymore)
AND has only one son (anymore)
AND has only one son (anymore)
AND has only one son (anymore)
AND has only one son (anymore)
AND has only one son (anymore)
AND has only one son (anymore)
AND has only one son (anymore)
AND has only one son (anymore)
AND has only one son (anymore)
AND has only one son (anymore)
AND has only one son (anymore)
AND has only one son (anymore)
AND has only one son (anymore)
AND has only one son (anymore)
AND has only one son (anymore)
AND has only one son (anymore)
AND has only one son (anymore)
AND has only one son (anymore)
AND has only one son (anymore)
AND has only one son (anymore)
AND has only one son (anymore)
AND has only one son (anymore)
instantiated 153 actions


time:   0,   119 facts and       0 exclusive pairs (   23,       0 positives)
             141 ops   and     319 exclusive pairs
time:   1,   165 facts and    1058 exclusive pairs (   46,     276 positives)
             231 ops   and    5097 exclusive pairs
time:   2,   188 facts and     388 exclusive pairs (   69,     322 positives)
             276 ops   and    5286 exclusive pairs
time:   3,   189 facts and     160 exclusive pairs (   70,      94 positives)
             288 ops   and    5552 exclusive pairs
time:   4,   200 facts and     248 exclusive pairs (   81,     159 positives)
             313 ops   and    6585 exclusive pairs
time:   5,   214 facts and     381 exclusive pairs (   95,     249 positives)
             355 ops   and    8865 exclusive pairs
time:   6,   231 facts and     520 exclusive pairs (  112,     333 positives)
             381 ops   and    9722 exclusive pairs
time:   7,   237 facts and     501 exclusive pairs (  118,     309 positives)
             390 ops   and    9542 exclusive pairs
time:   8,   238 facts and     455 exclusive pairs (  119,     267 positives)

goals first reachable in 8 time steps


found plan as follows:

time step    0: CHOOSE_GP_L1_L0
time step    1: CHOOSE_SP1_L2_L1
                INITIALIZE_GP
time step    2: INITIALIZE_SP1
time step    3: ASSOCIATE_SP1_GP_SP1-GP
time step    4: SYNTHESIZE_SP1-GP_CYCEP1
                SYNTHESIZE_SP1-GP_P107P1
                INITIALIZE_SP1
                INITIALIZE_GP
                SYNTHESIZE_SP1-GP_P107
                SYNTHESIZE_SP1-GP_POL
time step    5: DUMMY-ACTION-1-2
                DUMMY-ACTION-2-2
                ASSOCIATE_SP1_P107P1_SP1-P107P1
                DUMMY-ACTION-4-2
time step    6: ASSOCIATE_SP1-P107P1_GP_SP1-P107P1-GP
time step    7: DUMMY-ACTION-3-2



number of actions tried:         17
number of noops tried  :         14

had       0 simple memoizing hits
had       0 partial memoizing hits
had       0 subset memoizing hits

time spent:    0.00 seconds instantiating 153 operators
               0.00 seconds building graph
               0.01 seconds calculating exclusions
               0.00 seconds searching graph
               0.01 seconds total time

Memory used:   0.15 MBytes for domain representation
               3.02 MBytes for graph
               0.15 MBytes for exclusions
               0.01 MBytes for memoization
               0.00 MBytes for wave front




ipp: parsing domain file
domain 'GROUNDED-PATHWAYS-PROPOSITIONAL' defined
 ... done.
ipp: parsing problem file
problem 'GROUNDED-PATHWAYS-05' defined
 ... done.


AND has only one son (anymore)
AND has only one son (anymore)
AND has only one son (anymore)
AND has only one son (anymore)
AND has only one son (anymore)
AND has only one son (anymore)
AND has only one son (anymore)
AND has only one son (anymore)
AND has only one son (anymore)
AND has only one son (anymore)
AND has only one son (anymore)
AND has only one son (anymore)
AND has only one son (anymore)
AND has only one son (anymore)
AND has only one son (anymore)
AND has only one son (anymore)
AND has only one son (anymore)
AND has only one son (anymore)
AND has only one son (anymore)
AND has only one son (anymore)
AND has only one son (anymore)
AND has only one son (anymore)
AND has only one son (anymore)
AND has only one son (anymore)
AND has only one son (anymore)
AND has only one son (anymore)
AND has only one son (anymore)
AND has only one son (anymore)
AND has only one son (anymore)
AND has only one son (anymore)
AND has only one son (anymore)
AND has only one son (anymore)
AND has only one son (anymore)
AND has only one son (anymore)
AND has only one son (anymore)
AND has only one son (anymore)
AND has only one son (anymore)
AND has only one son (anymore)
AND has only one son (anymore)
AND has only one son (anymore)
AND has only one son (anymore)
AND has only one son (anymore)
AND has only one son (anymore)
AND has only one son (anymore)
AND has only one son (anymore)
AND has only one son (anymore)
AND has only one son (anymore)
AND has only one son (anymore)
AND has only one son (anymore)
AND has only one son (anymore)
AND has only one son (anymore)
AND has only one son (anymore)
AND has only one son (anymore)
AND has only one son (anymore)
AND has only one son (anymore)
AND has only one son (anymore)
AND has only one son (anymore)
AND has only one son (anymore)
AND has only one son (anymore)
instantiated 266 actions


time:   0,   148 facts and       0 exclusive pairs (   23,       0 positives)
             170 ops   and     319 exclusive pairs
time:   1,   194 facts and    1058 exclusive pairs (   46,     276 positives)
             260 ops   and    5097 exclusive pairs
time:   2,   217 facts and     388 exclusive pairs (   69,     322 positives)
             309 ops   and    5486 exclusive pairs
time:   3,   222 facts and     176 exclusive pairs (   74,     102 positives)
             355 ops   and    8104 exclusive pairs
time:   4,   242 facts and     329 exclusive pairs (   94,     222 positives)
             414 ops   and   12343 exclusive pairs
time:   5,   260 facts and     493 exclusive pairs (  112,     335 positives)
             482 ops   and   18288 exclusive pairs
time:   6,   277 facts and     526 exclusive pairs (  129,     330 positives)
             539 ops   and   23400 exclusive pairs
time:   7,   296 facts and     819 exclusive pairs (  148,     552 positives)
             562 ops   and   24871 exclusive pairs
time:   8,   296 facts and     657 exclusive pairs (  148,     432 positives)

goals first reachable in 8 time steps

             562 ops   and   24200 exclusive pairs
time:   9,   296 facts and     573 exclusive pairs (  148,     348 positives)

found plan as follows:

time step    0: CHOOSE_GE2_L1_L0
time step    1: CHOOSE_E2F13-DP12_L2_L1
                INITIALIZE_GE2
time step    2: INITIALIZE_E2F13-DP12
                CHOOSE_P53_L3_L2
time step    3: INITIALIZE_P53
                CHOOSE_SP1_L4_L3
                ASSOCIATE_E2F13-DP12_GE2_E2F13-DP12-GE2
time step    4: SYNTHESIZE_E2F13-DP12-GE2_CYCE
                SYNTHESIZE_E2F13-DP12-GE2_P107
                INITIALIZE_SP1
                CHOOSE_CDK1P1P2_L5_L4
                SYNTHESIZE_P53_GADD45
                SYNTHESIZE_P53_P21
                SYNTHESIZE_E2F13-DP12-GE2_P107P1
                SYNTHESIZE_E2F13-DP12-GE2_C-MYC
time step    5: DUMMY-ACTION-6-2
                CHOOSE_PCNA_L6_L5
                INITIALIZE_CDK1P1P2
                ASSOCIATE_SP1_P107_SP1-P107
                DUMMY-ACTION-1-2
time step    6: DUMMY-ACTION-2-2
                ASSOCIATE_CDK1P1P2_GADD45_CDK1P1P2-GADD45
                INITIALIZE_PCNA
                INITIALIZE_SP1
time step    7: ASSOCIATE_SP1_P107P1_SP1-P107P1
                ASSOCIATE_PCNA_P21_PCNA-P21
                DUMMY-ACTION-3-2
time step    8: DUMMY-ACTION-4-1
                DUMMY-ACTION-5-2



number of actions tried:   14493996
number of noops tried  :   12722792

had  998338 simple memoizing hits
had  227246 partial memoizing hits
had 6856616 subset memoizing hits

time spent:    0.00 seconds instantiating 266 operators
               0.00 seconds building graph
               0.03 seconds calculating exclusions
              30.46 seconds searching graph
              30.49 seconds total time

Memory used:   0.26 MBytes for domain representation
               4.16 MBytes for graph
               0.34 MBytes for exclusions
               3.51 MBytes for memoization
               0.00 MBytes for wave front




ipp: parsing domain file
domain 'GROUNDED-PATHWAYS-PROPOSITIONAL' defined
 ... done.
ipp: parsing problem file
problem 'GROUNDED-PATHWAYS-07' defined
 ... done.


AND has only one son (anymore)
AND has only one son (anymore)
AND has only one son (anymore)
AND has only one son (anymore)
AND has only one son (anymore)
AND has only one son (anymore)
AND has only one son (anymore)
AND has only one son (anymore)
AND has only one son (anymore)
AND has only one son (anymore)
AND has only one son (anymore)
AND has only one son (anymore)
AND has only one son (anymore)
AND has only one son (anymore)
AND has only one son (anymore)
AND has only one son (anymore)
AND has only one son (anymore)
AND has only one son (anymore)
AND has only one son (anymore)
AND has only one son (anymore)
AND has only one son (anymore)
AND has only one son (anymore)
AND has only one son (anymore)
AND has only one son (anymore)
AND has only one son (anymore)
AND has only one son (anymore)
AND has only one son (anymore)
AND has only one son (anymore)
AND has only one son (anymore)
AND has only one son (anymore)
AND has only one son (anymore)
AND has only one son (anymore)
AND has only one son (anymore)
AND has only one son (anymore)
AND has only one son (anymore)
AND has only one son (anymore)
AND has only one son (anymore)
AND has only one son (anymore)
AND has only one son (anymore)
AND has only one son (anymore)
AND has only one son (anymore)
AND has only one son (anymore)
AND has only one son (anymore)
AND has only one son (anymore)
AND has only one son (anymore)
AND has only one son (anymore)
AND has only one son (anymore)
AND has only one son (anymore)
AND has only one son (anymore)
AND has only one son (anymore)
AND has only one son (anymore)
AND has only one son (anymore)
AND has only one son (anymore)
AND has only one son (anymore)
AND has only one son (anymore)
AND has only one son (anymore)
AND has only one son (anymore)
AND has only one son (anymore)
AND has only one son (anymore)
AND has only one son (anymore)
AND has only one son (anymore)
AND has only one son (anymore)
AND has only one son (anymore)
AND has only one son (anymore)
AND has only one son (anymore)
AND has only one son (anymore)
AND has only one son (anymore)
AND has only one son (anymore)
AND has only one son (anymore)
AND has only one son (anymore)
AND has only one son (anymore)
AND has only one son (anymore)
AND has only one son (anymore)
AND has only one son (anymore)
AND has only one son (anymore)
AND has only one son (anymore)
AND has only one son (anymore)
AND has only one son (anymore)
AND has only one son (anymore)
AND has only one son (anymore)
AND has only one son (anymore)
AND has only one son (anymore)
AND has only one son (anymore)
AND has only one son (anymore)
AND has only one son (anymore)
AND has only one son (anymore)
AND has only one son (anymore)
AND has only one son (anymore)
AND has only one son (anymore)
AND has only one son (anymore)
AND has only one son (anymore)
instantiated 597 actions


time:   0,   262 facts and       0 exclusive pairs (   41,       0 positives)
             302 ops   and     940 exclusive pairs
time:   1,   344 facts and    3362 exclusive pairs (   82,     861 positives)
             464 ops   and   16104 exclusive pairs
time:   2,   385 facts and    1063 exclusive pairs (  123,     943 positives)
             553 ops   and   16790 exclusive pairs
time:   3,   390 facts and     290 exclusive pairs (  128,     170 positives)
             633 ops   and   24118 exclusive pairs
time:   4,   426 facts and     593 exclusive pairs (  164,     409 positives)
             736 ops   and   36373 exclusive pairs
time:   5,   454 facts and    1020 exclusive pairs (  192,     753 positives)
             834 ops   and   50919 exclusive pairs
time:   6,   473 facts and     949 exclusive pairs (  211,     631 positives)
             933 ops   and   66166 exclusive pairs
time:   7,   514 facts and    1689 exclusive pairs (  252,    1205 positives)
            1030 ops   and   84784 exclusive pairs
time:   8,   522 facts and    1477 exclusive pairs (
ipp: parsing domain file
domain 'GROUNDED-PATHWAYS-PROPOSITIONAL' defined
 ... done.
ipp: parsing problem file
problem 'GROUNDED-PATHWAYS-08' defined
 ... done.


AND has only one son (anymore)
AND has only one son (anymore)
AND has only one son (anymore)
AND has only one son (anymore)
AND has only one son (anymore)
AND has only one son (anymore)
AND has only one son (anymore)
AND has only one son (anymore)
AND has only one son (anymore)
AND has only one son (anymore)
AND has only one son (anymore)
AND has only one son (anymore)
AND has only one son (anymore)
AND has only one son (anymore)
AND has only one son (anymore)
AND has only one son (anymore)
AND has only one son (anymore)
AND has only one son (anymore)
AND has only one son (anymore)
AND has only one son (anymore)
AND has only one son (anymore)
AND has only one son (anymore)
AND has only one son (anymore)
AND has only one son (anymore)
AND has only one son (anymore)
AND has only one son (anymore)
AND has only one son (anymore)
AND has only one son (anymore)
AND has only one son (anymore)
AND has only one son (anymore)
AND has only one son (anymore)
AND has only one son (anymore)
AND has only one son (anymore)
AND has only one son (anymore)
AND has only one son (anymore)
AND has only one son (anymore)
AND has only one son (anymore)
AND has only one son (anymore)
AND has only one son (anymore)
AND has only one son (anymore)
AND has only one son (anymore)
AND has only one son (anymore)
AND has only one son (anymore)
AND has only one son (anymore)
AND has only one son (anymore)
AND has only one son (anymore)
AND has only one son (anymore)
AND has only one son (anymore)
AND has only one son (anymore)
AND has only one son (anymore)
AND has only one son (anymore)
AND has only one son (anymore)
AND has only one son (anymore)
AND has only one son (anymore)
AND has only one son (anymore)
AND has only one son (anymore)
AND has only one son (anymore)
AND has only one son (anymore)
AND has only one son (anymore)
AND has only one son (anymore)
AND has only one son (anymore)
AND has only one son (anymore)
AND has only one son (anymore)
AND has only one son (anymore)
AND has only one son (anymore)
AND has only one son (anymore)
AND has only one son (anymore)
AND has only one son (anymore)
AND has only one son (anymore)
AND has only one son (anymore)
AND has only one son (anymore)
AND has only one son (anymore)
AND has only one son (anymore)
AND has only one son (anymore)
AND has only one son (anymore)
AND has only one son (anymore)
AND has only one son (anymore)
AND has only one son (anymore)
AND has only one son (anymore)
AND has only one son (anymore)
AND has only one son (anymore)
AND has only one son (anymore)
AND has only one son (anymore)
AND has only one son (anymore)
AND has only one son (anymore)
AND has only one son (anymore)
AND has only one son (anymore)
AND has only one son (anymore)
AND has only one son (anymore)
AND has only one son (anymore)
AND has only one son (anymore)
AND has only one son (anymore)
AND has only one son (anymore)
AND has only one son (anymore)
instantiated 956 actions


time:   0,   311 facts and       0 exclusive pairs (   42,       0 positives)
             352 ops   and     984 exclusive pairs
time:   1,   395 facts and    3528 exclusive pairs (   84,     903 positives)
             518 ops   and   16896 exclusive pairs
time:   2,   437 facts and    1110 exclusive pairs (  126,     987 positives)
             609 ops   and   17577 exclusive pairs
time:   3,   442 facts and     297 exclusive pairs (  131,     174 positives)
             694 ops   and   25445 exclusive pairs
time:   4,   480 facts and     618 exclusive pairs (  169,     430 positives)
             809 ops   and   38877 exclusive pairs
time:   5,   517 facts and    1121 exclusive pairs (  206,     835 positives)
             929 ops   and   55305 exclusive pairs
time:   6,   557 facts and    1482 exclusive pairs (  246,    1042 positives)
            1067 ops   and   76323 exclusive pairs
time:   7,   595 facts and    2155 exclusive pairs (  284,    1518 positives)
          
ipp: parsing domain file
domain 'GROUNDED-PATHWAYS-PROPOSITIONAL' defined
 ... done.
ipp: parsing problem file
problem 'GROUNDED-PATHWAYS-09' defined
 ... done.


AND has only one son (anymore)
AND has only one son (anymore)
AND has only one son (anymore)
AND has only one son (anymore)
AND has only one son (anymore)
AND has only one son (anymore)
AND has only one son (anymore)
AND has only one son (anymore)
AND has only one son (anymore)
AND has only one son (anymore)
AND has only one son (anymore)
AND has only one son (anymore)
AND has only one son (anymore)
AND has only one son (anymore)
AND has only one son (anymore)
AND has only one son (anymore)
AND has only one son (anymore)
AND has only one son (anymore)
AND has only one son (anymore)
AND has only one son (anymore)
AND has only one son (anymore)
AND has only one son (anymore)
AND has only one son (anymore)
AND has only one son (anymore)
AND has only one son (anymore)
AND has only one son (anymore)
AND has only one son (anymore)
AND has only one son (anymore)
AND has only one son (anymore)
AND has only one son (anymore)
AND has only one son (anymore)
AND has only one son (anymore)
AND has only one son (anymore)
AND has only one son (anymore)
AND has only one son (anymore)
AND has only one son (anymore)
AND has only one son (anymore)
AND has only one son (anymore)
AND has only one son (anymore)
AND has only one son (anymore)
AND has only one son (anymore)
AND has only one son (anymore)
AND has only one son (anymore)
AND has only one son (anymore)
AND has only one son (anymore)
AND has only one son (anymore)
AND has only one son (anymore)
AND has only one son (anymore)
AND has only one son (anymore)
AND has only one son (anymore)
AND has only one son (anymore)
AND has only one son (anymore)
AND has only one son (anymore)
AND has only one son (anymore)
AND has only one son (anymore)
AND has only one son (anymore)
AND has only one son (anymore)
AND has only one son (anymore)
AND has only one son (anymore)
AND has only one son (anymore)
AND has only one son (anymore)
AND has only one son (anymore)
AND has only one son (anymore)
AND has only one son (anymore)
AND has only one son (anymore)
AND has only one son (anymore)
AND has only one son (anymore)
AND has only one son (anymore)
AND has only one son (anymore)
AND has only one son (anymore)
AND has only one son (anymore)
AND has only one son (anymore)
AND has only one son (anymore)
AND has only one son (anymore)
AND has only one son (anymore)
AND has only one son (anymore)
AND has only one son (anymore)
AND has only one son (anymore)
AND has only one son (anymore)
AND has only one son (anymore)
AND has only one son (anymore)
AND has only one son (anymore)
AND has only one son (anymore)
AND has only one son (anymore)
instantiated 823 actions


time:   0,   307 facts and       0 exclusive pairs (   49,       0 positives)
             355 ops   and    1320 exclusive pairs
time:   1,   405 facts and    4802 exclusive pairs (   98,    1225 positives)
             549 ops   and   22972 exclusive pairs
time:   2,   454 facts and    1467 exclusive pairs (  147,    1323 positives)
             650 ops   and   23166 exclusive pairs
time:   3,   459 facts and     358 exclusive pairs (  152,     206 positives)
             753 ops   and   34277 exclusive pairs
time:   4,   508 facts and     809 exclusive pairs (  201,     563 positives)
             892 ops   and   53035 exclusive pairs
time:   5,   549 facts and    1643 exclusive pairs (  242,    1281 positives)
            1021 ops   and   74860 exclusive pairs
time:   6,   581 facts and    1920 exclusive pairs (  274,    1440 positives)
            1134 ops   and   96972 exclusive pairs
time:   7,   599 facts and    1678 exclusive pairs (  292,    1113 positives)
            1219 ops   and  119022 exclusive pairs
time:   8,   606 facts and    1549 exclusive pairs (  299,     956 positives)
            1283 ops   and  141383 exclusive pairs
time:   9,   611 facts and    1496 exclusive pairs (  304,     873 positives)
            1338 ops   and  165578 exclusive pairs
time:  10, 
ipp: parsing domain file
domain 'GROUNDED-PATHWAYS-PROPOSITIONAL' defined
 ... done.
ipp: parsing problem file
problem 'GROUNDED-PATHWAYS-10' defined
 ... done.


AND has only one son (anymore)
AND has only one son (anymore)
AND has only one son (anymore)
AND has only one son (anymore)
AND has only one son (anymore)
AND has only one son (anymore)
AND has only one son (anymore)
AND has only one son (anymore)
AND has only one son (anymore)
AND has only one son (anymore)
AND has only one son (anymore)
AND has only one son (anymore)
AND has only one son (anymore)
AND has only one son (anymore)
AND has only one son (anymore)
AND has only one son (anymore)
AND has only one son (anymore)
AND has only one son (anymore)
AND has only one son (anymore)
AND has only one son (anymore)
AND has only one son (anymore)
AND has only one son (anymore)
AND has only one son (anymore)
AND has only one son (anymore)
AND has only one son (anymore)
AND has only one son (anymore)
AND has only one son (anymore)
AND has only one son (anymore)
AND has only one son (anymore)
AND has only one son (anymore)
AND has only one son (anymore)
AND has only one son (anymore)
AND has only one son (anymore)
AND has only one son (anymore)
AND has only one son (anymore)
AND has only one son (anymore)
AND has only one son (anymore)
AND has only one son (anymore)
AND has only one son (anymore)
AND has only one son (anymore)
AND has only one son (anymore)
AND has only one son (anymore)
AND has only one son (anymore)
AND has only one son (anymore)
AND has only one son (anymore)
AND has only one son (anymore)
AND has only one son (anymore)
AND has only one son (anymore)
AND has only one son (anymore)
AND has only one son (anymore)
AND has only one son (anymore)
AND has only one son (anymore)
AND has only one son (anymore)
AND has only one son (anymore)
AND has only one son (anymore)
AND has only one son (anymore)
AND has only one son (anymore)
AND has only one son (anymore)
AND has only one son (anymore)
AND has only one son (anymore)
AND has only one son (anymore)
AND has only one son (anymore)
AND has only one son (anymore)
AND has only one son (anymore)
AND has only one son (anymore)
AND has only one son (anymore)
AND has only one son (anymore)
AND has only one son (anymore)
AND has only one son (anymore)
AND has only one son (anymore)
AND has only one son (anymore)
AND has only one son (anymore)
AND has only one son (anymore)
AND has only one son (anymore)
AND has only one son (anymore)
AND has only one son (anymore)
AND has only one son (anymore)
AND has only one son (anymore)
AND has only one son (anymore)
AND has only one son (anymore)
AND has only one son (anymore)
AND has only one son (anymore)
AND has only one son (anymore)
AND has only one son (anymore)
AND has only one son (anymore)
AND has only one son (anymore)
AND has only one son (anymore)
AND has only one son (anymore)
AND has only one son (anymore)
AND has only one son (anymore)
AND has only one son (anymore)
AND has only one son (anymore)
AND has only one son (anymore)
AND has only one son (anymore)
AND has only one son (anymore)
AND has only one son (anymore)
AND has only one son (anymore)
AND has only one son (anymore)
AND has only one son (anymore)
AND has only one son (anymore)
AND has only one son (anymore)
AND has only one son (anymore)
AND has only one son (anymore)
AND has only one son (anymore)
AND has only one son (anymore)
AND has only one son (anymore)
AND has only one son (anymore)
AND has only one son (anymore)
AND has only one son (anymore)
AND has only one son (anymore)
AND has only one son (anymore)
AND has only one son (anymore)
AND has only one son (anymore)
AND has only one son (anymore)
AND has only one son (anymore)
AND has only one son (anymore)
AND has only one son (anymore)
AND has only one son (anymore)
AND has only one son (anymore)
AND has only one son (anymore)
AND has only one son (anymore)
AND has only one son (anymore)
AND has only one son (anymore)
AND has only one son (anymore)
AND has only one son (anymore)
AND has only one son (anymore)
AND has only one son (anym
ipp: parsing domain file
domain 'GROUNDED-PATHWAYS-PROPOSITIONAL' defined
 ... done.
ipp: parsing problem file
problem 'GROUNDED-PATHWAYS-11' defined
 ... done.


AND has only one son (anymore)
AND has only one son (anymore)
AND has only one son (anymore)
AND has only one son (anymore)
AND has only one son (anymore)
AND has only one son (anymore)
AND has only one son (anymore)
AND has only one son (anymore)
AND has only one son (anymore)
AND has only one son (anymore)
AND has only one son (anymore)
AND has only one son (anymore)
AND has only one son (anymore)
AND has only one son (anymore)
AND has only one son (anymore)
AND has only one son (anymore)
AND has only one son (anymore)
AND has only one son (anymore)
AND has only one son (anymore)
AND has only one son (anymore)
AND has only one son (anymore)
AND has only one son (anymore)
AND has only one son (anymore)
AND has only one son (anymore)
AND has only one son (anymore)
AND has only one son (anymore)
AND has only one son (anymore)
AND has only one son (anymore)
AND has only one son (anymore)
AND has only one son (anymore)
AND has only one son (anymore)
AND has only one son (anymore)
AND has only one son (anymore)
AND has only one son (anymore)
AND has only one son (anymore)
AND has only one son (anymore)
AND has only one son (anymore)
AND has only one son (anymore)
AND has only one son (anymore)
AND has only one son (anymore)
AND has only one son (anymore)
AND has only one son (anymore)
AND has only one son (anymore)
AND has only one son (anymore)
AND has only one son (anymore)
AND has only one son (anymore)
AND has only one son (anymore)
AND has only one son (anymore)
AND has only one son (anymore)
AND has only one son (anymore)
AND has only one son (anymore)
AND has only one son (anymore)
AND has only one son (anymore)
AND has only one son (anymore)
AND has only one son (anymore)
AND has only one son (anymore)
AND has only one son (anymore)
AND has only one son (anymore)
AND has only one son (anymore)
AND has only one son (anymore)
AND has only one son (anymore)
AND has only one son (anymore)
AND has only one son (anymore)
AND has only one son (anymore)
AND has only one son (anymore)
AND has only one son (anymore)
AND has only one son (anymore)
AND has only one son (anymore)
AND has only one son (anymore)
AND has only one son (anymore)
AND has only one son (anymore)
AND has only one son (anymore)
AND has only one son (anymore)
AND has only one son (anymore)
AND has only one son (anymore)
AND has only one son (anymore)
AND has only one son (anymore)
AND has only one son (anymore)
AND has only one son (anymore)
AND has only one son (anymore)
AND has only one son (anymore)
AND has only one son (anymore)
AND has only one son (anymore)
AND has only one son (anymore)
AND has only one son (anymore)
AND has only one son (anymore)
AND has only one son (anymore)
AND has only one son (anymore)
AND has only one son (anymore)
AND has only one son (anymore)
AND has only one son (anymore)
AND has only one son (anymore)
AND has only one son (anymore)
AND has only one son (anymore)
AND has only one son (anymore)
AND has only one son (anymore)
AND has only one son (anymore)
AND has only one son (anymore)
AND has only one son (anymore)
AND has only one son (anymore)
AND has only one son (anymore)
AND has only one son (anymore)
AND has only one son (anymore)
AND has only one son (anymore)
AND has only one son (anymore)
AND has only one son (anymore)
AND has only one son (anymore)
AND has only one son (anymore)
AND has only one son (anymore)
AND has only one son (anymore)
AND has only one son (anymore)
AND has only one son (anymore)
AND has only one son (anymore)
AND has only one son (anymore)
AND has only one son (anymore)
AND has only one son (anymore)
AND has only one son (anymore)
AND has only one son (anymore)
AND has only one son (anymore)
AND has only one son (anymore)
AND has only one son (anymore)
AND has only one son (anymore)
AND has only one son (anymore)
AND has only one son (anymore)
AND has only one son (anymore)
AND has only one son (anymore)
AND has only one son (anym
ipp: parsing domain file
domain 'GROUNDED-PATHWAYS-PROPOSITIONAL' defined
 ... done.
ipp: parsing problem file
problem 'GROUNDED-PATHWAYS-12' defined
 ... done.


AND has only one son (anymore)
AND has only one son (anymore)
AND has only one son (anymore)
AND has only one son (anymore)
AND has only one son (anymore)
AND has only one son (anymore)
AND has only one son (anymore)
AND has only one son (anymore)
AND has only one son (anymore)
AND has only one son (anymore)
AND has only one son (anymore)
AND has only one son (anymore)
AND has only one son (anymore)
AND has only one son (anymore)
AND has only one son (anymore)
AND has only one son (anymore)
AND has only one son (anymore)
AND has only one son (anymore)
AND has only one son (anymore)
AND has only one son (anymore)
AND has only one son (anymore)
AND has only one son (anymore)
AND has only one son (anymore)
AND has only one son (anymore)
AND has only one son (anymore)
AND has only one son (anymore)
AND has only one son (anymore)
AND has only one son (anymore)
AND has only one son (anymore)
AND has only one son (anymore)
AND has only one son (anymore)
AND has only one son (anymore)
AND has only one son (anymore)
AND has only one son (anymore)
AND has only one son (anymore)
AND has only one son (anymore)
AND has only one son (anymore)
AND has only one son (anymore)
AND has only one son (anymore)
AND has only one son (anymore)
AND has only one son (anymore)
AND has only one son (anymore)
AND has only one son (anymore)
AND has only one son (anymore)
AND has only one son (anymore)
AND has only one son (anymore)
AND has only one son (anymore)
AND has only one son (anymore)
AND has only one son (anymore)
AND has only one son (anymore)
AND has only one son (anymore)
AND has only one son (anymore)
AND has only one son (anymore)
AND has only one son (anymore)
AND has only one son (anymore)
AND has only one son (anymore)
AND has only one son (anymore)
AND has only one son (anymore)
AND has only one son (anymore)
AND has only one son (anymore)
AND has only one son (anymore)
AND has only one son (anymore)
AND has only one son (anymore)
AND has only one son (anymore)
AND has only one son (anymore)
AND has only one son (anymore)
AND has only one son (anymore)
AND has only one son (anymore)
AND has only one son (anymore)
AND has only one son (anymore)
AND has only one son (anymore)
AND has only one son (anymore)
AND has only one son (anymore)
AND has only one son (anymore)
AND has only one son (anymore)
AND has only one son (anymore)
AND has only one son (anymore)
AND has only one son (anymore)
AND has only one son (anymore)
AND has only one son (anymore)
AND has only one son (anymore)
AND has only one son (anymore)
AND has only one son (anymore)
AND has only one son (anymore)
AND has only one son (anymore)
AND has only one son (anymore)
AND has only one son (anymore)
AND has only one son (anymore)
AND has only one son (anymore)
AND has only one son (anymore)
AND has only one son (anymore)
AND has only one son (anymore)
AND has only one son (anymore)
AND has only one son (anymore)
AND has only one son (anymore)
AND has only one son (anymore)
AND has only one son (anymore)
AND has only one son (anymore)
instantiated 972 actions


time:   0,   333 facts and       0 exclusive pairs (   39,       0 positives)
             371 ops   and     855 exclusive pairs
time:   1,   411 facts and    3042 exclusive pairs (   78,     780 positives)
             525 ops   and   14577 exclusive pairs
time:   2,   450 facts and     972 exclusive pairs (  117,     858 positives)
             610 ops   and   15270 exclusive pairs
time:   3,   455 facts and     276 exclusive pairs (  122,     162 positives)
             682 ops   and   21680 exclusive pairs
time:   4,   485 facts and     525 exclusive pairs (  152,     354 positives)
             781 ops   and   32806 exclusive pairs
time:   5,   515 facts and     902 exclusive pairs (  182,     629 positives)
             898 ops   and   47814 exclusive pairs
time:   6,   555 facts and    1370 exclusive pairs (  222,     925 positives)
            105
ipp: parsing domain file
domain 'GROUNDED-PATHWAYS-PROPOSITIONAL' defined
 ... done.
ipp: parsing problem file
problem 'GROUNDED-PATHWAYS-13' defined
 ... done.


AND has only one son (anymore)
AND has only one son (anymore)
AND has only one son (anymore)
AND has only one son (anymore)
AND has only one son (anymore)
AND has only one son (anymore)
AND has only one son (anymore)
AND has only one son (anymore)
AND has only one son (anymore)
AND has only one son (anymore)
AND has only one son (anymore)
AND has only one son (anymore)
AND has only one son (anymore)
AND has only one son (anymore)
AND has only one son (anymore)
AND has only one son (anymore)
AND has only one son (anymore)
AND has only one son (anymore)
AND has only one son (anymore)
AND has only one son (anymore)
AND has only one son (anymore)
AND has only one son (anymore)
AND has only one son (anymore)
AND has only one son (anymore)
AND has only one son (anymore)
AND has only one son (anymore)
AND has only one son (anymore)
AND has only one son (anymore)
AND has only one son (anymore)
AND has only one son (anymore)
AND has only one son (anymore)
AND has only one son (anymore)
AND has only one son (anymore)
AND has only one son (anymore)
AND has only one son (anymore)
AND has only one son (anymore)
AND has only one son (anymore)
AND has only one son (anymore)
AND has only one son (anymore)
AND has only one son (anymore)
AND has only one son (anymore)
AND has only one son (anymore)
AND has only one son (anymore)
AND has only one son (anymore)
AND has only one son (anymore)
AND has only one son (anymore)
AND has only one son (anymore)
AND has only one son (anymore)
AND has only one son (anymore)
AND has only one son (anymore)
AND has only one son (anymore)
AND has only one son (anymore)
AND has only one son (anymore)
AND has only one son (anymore)
AND has only one son (anymore)
AND has only one son (anymore)
AND has only one son (anymore)
AND has only one son (anymore)
AND has only one son (anymore)
AND has only one son (anymore)
AND has only one son (anymore)
AND has only one son (anymore)
AND has only one son (anymore)
AND has only one son (anymore)
AND has only one son (anymore)
AND has only one son (anymore)
AND has only one son (anymore)
AND has only one son (anymore)
AND has only one son (anymore)
AND has only one son (anymore)
AND has only one son (anymore)
AND has only one son (anymore)
AND has only one son (anymore)
AND has only one son (anymore)
AND has only one son (anymore)
AND has only one son (anymore)
AND has only one son (anymore)
AND has only one son (anymore)
AND has only one son (anymore)
AND has only one son (anymore)
AND has only one son (anymore)
AND has only one son (anymore)
AND has only one son (anymore)
AND has only one son (anymore)
AND has only one son (anymore)
AND has only one son (anymore)
AND has only one son (anymore)
AND has only one son (anymore)
AND has only one son (anymore)
AND has only one son (anymore)
AND has only one son (anymore)
AND has only one son (anymore)
AND has only one son (anymore)
AND has only one son (anymore)
AND has only one son (anymore)
AND has only one son (anymore)
AND has only one son (anymore)
AND has only one son (anymore)
AND has only one son (anymore)
AND has only one son (anymore)
AND has only one son (anymore)
AND has only one son (anymore)
AND has only one son (anymore)
AND has only one son (anymore)
AND has only one son (anymore)
AND has only one son (anymore)
AND has only one son (anymore)
AND has only one son (anymore)
AND has only one son (anymore)
AND has only one son (anymore)
AND has only one son (anymore)
AND has only one son (anymore)
AND has only one son (anymore)
AND has only one son (anymore)
AND has only one son (anymore)
AND has only one son (anymore)
AND has only one son (anymore)
AND has only one son (anymore)
AND has only one son (anymore)
AND has only one son (anymore)
AND has only one son (anymore)
AND has only one son (anymore)
AND has only one son (anymore)
AND has only one son (anymore)
AND has only one son (anymore)
AND has only one son (anymore)
AND has only one son (anym
ipp: parsing domain file
domain 'GROUNDED-PATHWAYS-PROPOSITIONAL' defined
 ... done.
ipp: parsing problem file
problem 'GROUNDED-PATHWAYS-14' defined
 ... done.


AND has only one son (anymore)
AND has only one son (anymore)
AND has only one son (anymore)
AND has only one son (anymore)
AND has only one son (anymore)
AND has only one son (anymore)
AND has only one son (anymore)
AND has only one son (anymore)
AND has only one son (anymore)
AND has only one son (anymore)
AND has only one son (anymore)
AND has only one son (anymore)
AND has only one son (anymore)
AND has only one son (anymore)
AND has only one son (anymore)
AND has only one son (anymore)
AND has only one son (anymore)
AND has only one son (anymore)
AND has only one son (anymore)
AND has only one son (anymore)
AND has only one son (anymore)
AND has only one son (anymore)
AND has only one son (anymore)
AND has only one son (anymore)
AND has only one son (anymore)
AND has only one son (anymore)
AND has only one son (anymore)
AND has only one son (anymore)
AND has only one son (anymore)
AND has only one son (anymore)
AND has only one son (anymore)
AND has only one son (anymore)
AND has only one son (anymore)
AND has only one son (anymore)
AND has only one son (anymore)
AND has only one son (anymore)
AND has only one son (anymore)
AND has only one son (anymore)
AND has only one son (anymore)
AND has only one son (anymore)
AND has only one son (anymore)
AND has only one son (anymore)
AND has only one son (anymore)
AND has only one son (anymore)
AND has only one son (anymore)
AND has only one son (anymore)
AND has only one son (anymore)
AND has only one son (anymore)
AND has only one son (anymore)
AND has only one son (anymore)
AND has only one son (anymore)
AND has only one son (anymore)
AND has only one son (anymore)
AND has only one son (anymore)
AND has only one son (anymore)
AND has only one son (anymore)
AND has only one son (anymore)
AND has only one son (anymore)
AND has only one son (anymore)
AND has only one son (anymore)
AND has only one son (anymore)
AND has only one son (anymore)
AND has only one son (anymore)
AND has only one son (anymore)
AND has only one son (anymore)
AND has only one son (anymore)
AND has only one son (anymore)
AND has only one son (anymore)
AND has only one son (anymore)
AND has only one son (anymore)
AND has only one son (anymore)
AND has only one son (anymore)
AND has only one son (anymore)
AND has only one son (anymore)
AND has only one son (anymore)
AND has only one son (anymore)
AND has only one son (anymore)
AND has only one son (anymore)
AND has only one son (anymore)
AND has only one son (anymore)
AND has only one son (anymore)
AND has only one son (anymore)
AND has only one son (anymore)
AND has only one son (anymore)
AND has only one son (anymore)
AND has only one son (anymore)
AND has only one son (anymore)
AND has only one son (anymore)
AND has only one son (anymore)
AND has only one son (anymore)
AND has only one son (anymore)
AND has only one son (anymore)
AND has only one son (anymore)
AND has only one son (anymore)
AND has only one son (anymore)
AND has only one son (anymore)
AND has only one son (anymore)
AND has only one son (anymore)
AND has only one son (anymore)
AND has only one son (anymore)
AND has only one son (anymore)
AND has only one son (anymore)
AND has only one son (anymore)
AND has only one son (anymore)
AND has only one son (anymore)
AND has only one son (anymore)
AND has only one son (anymore)
AND has only one son (anymore)
AND has only one son (anymore)
AND has only one son (anymore)
AND has only one son (anymore)
AND has only one son (anymore)
AND has only one son (anymore)
AND has only one son (anymore)
AND has only one son (anymore)
instantiated 1073 actions


time:   0,   321 facts and       0 exclusive pairs (   44,       0 positives)
             364 ops   and    1075 exclusive pairs
time:   1,   409 facts and    3872 exclusive pairs (   88,     990 positives)
             538 ops   and   18537 exclusive pairs
time:   2,   453 facts and    1207 exclusive pairs (  132,    1078 positives)
   
ipp: parsing domain file
domain 'GROUNDED-PATHWAYS-PROPOSITIONAL' defined
 ... done.
ipp: parsing problem file
problem 'GROUNDED-PATHWAYS-15' defined
 ... done.


AND has only one son (anymore)
AND has only one son (anymore)
AND has only one son (anymore)
AND has only one son (anymore)
AND has only one son (anymore)
AND has only one son (anymore)
AND has only one son (anymore)
AND has only one son (anymore)
AND has only one son (anymore)
AND has only one son (anymore)
AND has only one son (anymore)
AND has only one son (anymore)
AND has only one son (anymore)
AND has only one son (anymore)
AND has only one son (anymore)
AND has only one son (anymore)
AND has only one son (anymore)
AND has only one son (anymore)
AND has only one son (anymore)
AND has only one son (anymore)
AND has only one son (anymore)
AND has only one son (anymore)
AND has only one son (anymore)
AND has only one son (anymore)
AND has only one son (anymore)
AND has only one son (anymore)
AND has only one son (anymore)
AND has only one son (anymore)
AND has only one son (anymore)
AND has only one son (anymore)
AND has only one son (anymore)
AND has only one son (anymore)
AND has only one son (anymore)
AND has only one son (anymore)
AND has only one son (anymore)
AND has only one son (anymore)
AND has only one son (anymore)
AND has only one son (anymore)
AND has only one son (anymore)
AND has only one son (anymore)
AND has only one son (anymore)
AND has only one son (anymore)
AND has only one son (anymore)
AND has only one son (anymore)
AND has only one son (anymore)
AND has only one son (anymore)
AND has only one son (anymore)
AND has only one son (anymore)
AND has only one son (anymore)
AND has only one son (anymore)
AND has only one son (anymore)
AND has only one son (anymore)
AND has only one son (anymore)
AND has only one son (anymore)
AND has only one son (anymore)
AND has only one son (anymore)
AND has only one son (anymore)
AND has only one son (anymore)
AND has only one son (anymore)
AND has only one son (anymore)
AND has only one son (anymore)
AND has only one son (anymore)
AND has only one son (anymore)
AND has only one son (anymore)
AND has only one son (anymore)
AND has only one son (anymore)
AND has only one son (anymore)
AND has only one son (anymore)
AND has only one son (anymore)
AND has only one son (anymore)
AND has only one son (anymore)
AND has only one son (anymore)
AND has only one son (anymore)
AND has only one son (anymore)
AND has only one son (anymore)
AND has only one son (anymore)
AND has only one son (anymore)
AND has only one son (anymore)
AND has only one son (anymore)
AND has only one son (anymore)
AND has only one son (anymore)
AND has only one son (anymore)
AND has only one son (anymore)
AND has only one son (anymore)
AND has only one son (anymore)
AND has only one son (anymore)
AND has only one son (anymore)
AND has only one son (anymore)
AND has only one son (anymore)
AND has only one son (anymore)
AND has only one son (anymore)
AND has only one son (anymore)
AND has only one son (anymore)
AND has only one son (anymore)
AND has only one son (anymore)
AND has only one son (anymore)
AND has only one son (anymore)
AND has only one son (anymore)
AND has only one son (anymore)
AND has only one son (anymore)
AND has only one son (anymore)
AND has only one son (anymore)
AND has only one son (anymore)
AND has only one son (anymore)
AND has only one son (anymore)
AND has only one son (anymore)
AND has only one son (anymore)
AND has only one son (anymore)
AND has only one son (anymore)
AND has only one son (anymore)
AND has only one son (anymore)
AND has only one son (anymore)
AND has only one son (anymore)
AND has only one son (anymore)
AND has only one son (anymore)
AND has only one son (anymore)
AND has only one son (anymore)
AND has only one son (anymore)
AND has only one son (anymore)
AND has only one son (anymore)
AND has only one son (anymore)
AND has only one son (anymore)
AND has only one son (anymore)
AND has only one son (anymore)
AND has only one son (anymore)
AND has only one son (anymore)
AND has only one son (anymore)
AND has only one son (anymore)
AND has only one son (anymore)
AND has only one son (anymore)
AND has only one son (anymore)
AND has only one son (anymore)
AND has only one son (anymore)
AND has only one son (anymore)
AND has only one son (anymore)
AND has only one son (anymore)
AND has only one son (anymore)
AND has only one son (anymore)
AND has only one son (anymore)
AND has only one son (anymore)
AND has only one son (anymore)
AND has only one son (anymore)
AND has only one son (anymore)
AND has only one son (anymore)
AND has only one son (anymore)
AND has only one son (anymore)
AND has only one son (anymore)
AND has only one son (anymore)
AND has only one son (anymore)
AND has only one son (anymore)
AND has only one son (anymore)
AND has only one son (anymore)
AND has only one son (anymore)
AND has only one son (anymore)
AND has only one son (anymore)
AND has only one son (anymore)
AND has only one son (anymore)
AND has only one son (anymore)
AND has only one son (anymore)
AND has only one son (anymore)
AND has only one son (anymore)
AND has only one son (anymore)
AND has only one son (anymore)
AND has only one son (anymore)
AND has only one son (anymore)
AND has only one son (anymore)
AND has only one son (anymore)
AND has only one son (anymore)
AND has only one son (anymore)
AND has only one son (anymore)
AND has only one son (anymore)
AND has only one son (anymore)
AND has only one son (anymore)
AND has only one son (anymore)
AND has only one son (anymore)
AND has only one son (anymore)
AND has only one son (anymore)
AND has only one son (anymore)
AND has only one son (anymore)
AND has only one son (anymore)
AND has only one son (anymore)
AND has only one son (anymore)
AND has only one son (anymore)
AND has only one son (anymore)
AND has only one son (anymore)
AND has only one son (anymore)
AND has only one son (anymore)
AND has only one son (anymore)
AND has only one son (anymore)
AND has only one son (anymore)
AND has only one son (anymore)
AND has only one son (anymore)
AND has only one son (anymore)
AND has only one son (anymore)
AND has only one son (anymore)
AND has only one son (anymore)
AND has only one son (anymore)
AND has only one son (anymore)
AND has only one son (anymore)
AND has only one son (anymore)
AND has only one son (anymore)
AND has only one son (anymore)
AND has only one son (anymore)
AND has only one son (anymore)
AND has only one son (anymore)
AND has only one son (anymore)
AND has only one son (anymore)
AND has only one son (anymore)
AND has only one son (anymore)
AND has only one son (anymore)
AND has only one son (anymore)
AND has only one son (anymore)
AND has only one son (anymore)
AND has only one son (anymore)
AND has only one son (anymore)
AND has only one son (anymore)
AND has only one son (anymore)
AND has only one son (anymore)
AND has only one son (anymore)
AND has only one son (anymore)
AND has only one son (anymore)
AND has only one son (anymore)
AND has only one son (anymore)
AND has only one son (anymore)
AND has only one son (anymore)
AND has only one son (anymore)
AND has only one son (anymore)
AND has only one son (anymore)
AND has only one son (anymore)
AND has only one son (anymore)
AND has only one son (anymore)
AND has only one son (anymore)
instantiated 1174 actions


time:   0,   317 facts and       0 exclusive pairs (   46,       0 positives)
             362 ops   and    1170 exclusive pairs
time:   1,   409 facts and    4232 exclusive pairs (   92,    1081 positives)
             544 ops   and   20254 exclusive pairs
time:   2,   455 facts and    1308 exclusive pairs (  138,    1173 positives)
             643 ops   and   20905 exclusive pairs
time:   3,   460 facts and     325 exclusive pairs (  143,     190 positives)
             732 ops   and   29977 exclusive pairs
time:   4,   499 facts and     640 exclusive pairs (  182,     434 positives)
             848 ops   and   45336 exclusive pairs
time:   5,   532 facts and    1291 exclusive pairs (  215,     984 positives)
            1008 ops   and   72569 exclusive pairs
time:   6,   564 facts and    1665
ipp: parsing domain file
domain 'GROUNDED-PATHWAYS-PROPOSITIONAL' defined
 ... done.
ipp: parsing problem file
problem 'GROUNDED-PATHWAYS-16' defined
 ... done.


AND has only one son (anymore)
AND has only one son (anymore)
AND has only one son (anymore)
AND has only one son (anymore)
AND has only one son (anymore)
AND has only one son (anymore)
AND has only one son (anymore)
AND has only one son (anymore)
AND has only one son (anymore)
AND has only one son (anymore)
AND has only one son (anymore)
AND has only one son (anymore)
AND has only one son (anymore)
AND has only one son (anymore)
AND has only one son (anymore)
AND has only one son (anymore)
AND has only one son (anymore)
AND has only one son (anymore)
AND has only one son (anymore)
AND has only one son (anymore)
AND has only one son (anymore)
AND has only one son (anymore)
AND has only one son (anymore)
AND has only one son (anymore)
AND has only one son (anymore)
AND has only one son (anymore)
AND has only one son (anymore)
AND has only one son (anymore)
AND has only one son (anymore)
AND has only one son (anymore)
AND has only one son (anymore)
AND has only one son (anymore)
AND has only one son (anymore)
AND has only one son (anymore)
AND has only one son (anymore)
AND has only one son (anymore)
AND has only one son (anymore)
AND has only one son (anymore)
AND has only one son (anymore)
AND has only one son (anymore)
AND has only one son (anymore)
AND has only one son (anymore)
AND has only one son (anymore)
AND has only one son (anymore)
AND has only one son (anymore)
AND has only one son (anymore)
AND has only one son (anymore)
AND has only one son (anymore)
AND has only one son (anymore)
AND has only one son (anymore)
AND has only one son (anymore)
AND has only one son (anymore)
AND has only one son (anymore)
AND has only one son (anymore)
AND has only one son (anymore)
AND has only one son (anymore)
AND has only one son (anymore)
AND has only one son (anymore)
AND has only one son (anymore)
AND has only one son (anymore)
AND has only one son (anymore)
AND has only one son (anymore)
AND has only one son (anymore)
AND has only one son (anymore)
AND has only one son (anymore)
AND has only one son (anymore)
AND has only one son (anymore)
AND has only one son (anymore)
AND has only one son (anymore)
AND has only one son (anymore)
AND has only one son (anymore)
AND has only one son (anymore)
AND has only one son (anymore)
AND has only one son (anymore)
AND has only one son (anymore)
AND has only one son (anymore)
AND has only one son (anymore)
AND has only one son (anymore)
AND has only one son (anymore)
AND has only one son (anymore)
AND has only one son (anymore)
AND has only one son (anymore)
AND has only one son (anymore)
AND has only one son (anymore)
AND has only one son (anymore)
AND has only one son (anymore)
AND has only one son (anymore)
AND has only one son (anymore)
AND has only one son (anymore)
AND has only one son (anymore)
AND has only one son (anymore)
AND has only one son (anymore)
AND has only one son (anymore)
AND has only one son (anymore)
AND has only one son (anymore)
AND has only one son (anymore)
AND has only one son (anymore)
AND has only one son (anymore)
AND has only one son (anymore)
AND has only one son (anymore)
AND has only one son (anymore)
AND has only one son (anymore)
AND has only one son (anymore)
AND has only one son (anymore)
AND has only one son (anymore)
AND has only one son (anymore)
AND has only one son (anymore)
AND has only one son (anymore)
AND has only one son (anymore)
AND has only one son (anymore)
AND has only one son (anymore)
AND has only one son (anymore)
AND has only one son (anymore)
AND has only one son (anymore)
AND has only one son (anymore)
AND has only one son (anymore)
AND has only one son (anymore)
AND has only one son (anymore)
AND has only one son (anymore)
AND has only one son (anymore)
AND has only one son (anymore)
AND has only one son (anymore)
AND has only one son (anymore)
AND has only one son (anymore)
AND has only one son (anymore)
AND has only one son (anymore)
AND has only one son (anymore)
AND has only one son (anymore)
AND has only one son (anymore)
AND has only one son (anymore)
AND has only one son (anymore)
AND has only one son (anymore)
AND has only one son (anymore)
AND has only one son (anymore)
AND has only one son (anymore)
AND has only one son (anymore)
AND has only one son (anymore)
AND has only one son (anymore)
AND has only one son (anymore)
AND has only one son (anymore)
AND has only one son (anymore)
AND has only one son (anymore)
AND has only one son (anymore)
AND has only one son (anymore)
AND has only one son (anymore)
AND has only one son (anymore)
AND has only one son (anymore)
AND has only one son (anymore)
AND has only one son (anymore)
AND has only one son (anymore)
AND has only one son (anymore)
AND has only one son (anymore)
AND has only one son (anymore)
AND has only one son (anymore)
AND has only one son (anymore)
AND has only one son (anymore)
AND has only one son (anymore)
AND has only one son (anymore)
AND has only one son (anymore)
AND has only one son (anymore)
AND has only one son (anymore)
AND has only one son (anymore)
AND has only one son (anymore)
AND has only one son (anymore)
AND has only one son (anymore)
AND has only one son (anymore)
AND has only one son (anymore)
AND has only one son (anymore)
AND has only one son (anymore)
AND has only one son (anymore)
AND has only one son (anymore)
AND has only one son (anymore)
AND has only one son (anymore)
AND has only one son (anymore)
AND has only one son (anymore)
AND has only one son (anymore)
AND has only one son (anymore)
AND has only one son (anymore)
AND has only one son (anymore)
AND has only one son (anymore)
AND has only one son (anymore)
AND has only one son (anymore)
AND has only one son (anymore)
AND has only one son (anymore)
AND has only one son (anymore)
AND has only one son (anymore)
AND has only one son (anymore)
AND has only one son (anymore)
AND has only one son (anymore)
AND has only one son (anymore)
AND has only one son (anymore)
AND has only one son (anymore)
AND has only one son (anymore)
AND has only one son (anymore)
AND has only one son (anymore)
AND has only one son (anymore)
AND has only one son (anymore)
AND has only one son (anymore)
AND has only one son (anymore)
AND has only one son (anymore)
AND has only one son (anymore)
AND has only one son (anymore)
AND has only one son (anymore)
AND has only one son (anymore)
AND has only one son (anymore)
AND has only one son (anymore)
AND has only one son (anymore)
AND has only one son (anymore)
AND has only one son (anymore)
AND has only one son (anymore)
AND has only one son (anymore)
AND has only one son (anymore)
AND has only one son (anymore)
AND has only one son (anymore)
AND has only one son (anymore)
AND has only one son (anymore)
AND has only one son (anymore)
AND has only one son (anymore)
AND has only one son (anymore)
AND has only one son (anymore)
AND has only one son (anymore)
AND has only one son (anymore)
AND has only one son (anymore)
AND has only one son (anymore)
AND has only one son (anymore)
AND has only one son (anymore)
AND has only one son (anymore)
AND has only one son (anymore)
AND has only one son (anymore)
AND has only one son (anymore)
AND has only one son (anymore)
AND has only one son (anymore)
AND has only one son (anymore)
AND has only one son (anymore)
AND has only one son (anymore)
AND has only one son (anymore)
AND has only one son (anymore)
AND has only one son (anymore)
AND has only one son (anymore)
AND has only one son (anymore)
instantiated 1745 actions


time:   0,   496 facts and       0 exclusive pairs (   56,       0 positives)
             551 ops   and    1705 exclusive pairs
time:   1,   608 facts and    6272 exclusive pairs (  112,    1596 positives)
             773 ops   and   29979 exclusive pairs
time:   2,   664 facts and    1873 exclusive pairs (  168,    1708 positives)
             892 ops   and   30485 exclusive pairs
time:   3,   669 facts and     395 exclusive pairs (  173,     230 positives)
            1008 ops   and   44395 exclusive pairs
time:   4,   723 facts and     893 exclusive
ipp: parsing domain file
domain 'GROUNDED-PATHWAYS-PROPOSITIONAL' defined
 ... done.
ipp: parsing problem file
problem 'GROUNDED-PATHWAYS-17' defined
 ... done.


AND has only one son (anymore)
AND has only one son (anymore)
AND has only one son (anymore)
AND has only one son (anymore)
AND has only one son (anymore)
AND has only one son (anymore)
AND has only one son (anymore)
AND has only one son (anymore)
AND has only one son (anymore)
AND has only one son (anymore)
AND has only one son (anymore)
AND has only one son (anymore)
AND has only one son (anymore)
AND has only one son (anymore)
AND has only one son (anymore)
AND has only one son (anymore)
AND has only one son (anymore)
AND has only one son (anymore)
AND has only one son (anymore)
AND has only one son (anymore)
AND has only one son (anymore)
AND has only one son (anymore)
AND has only one son (anymore)
AND has only one son (anymore)
AND has only one son (anymore)
AND has only one son (anymore)
AND has only one son (anymore)
AND has only one son (anymore)
AND has only one son (anymore)
AND has only one son (anymore)
AND has only one son (anymore)
AND has only one son (anymore)
AND has only one son (anymore)
AND has only one son (anymore)
AND has only one son (anymore)
AND has only one son (anymore)
AND has only one son (anymore)
AND has only one son (anymore)
AND has only one son (anymore)
AND has only one son (anymore)
AND has only one son (anymore)
AND has only one son (anymore)
AND has only one son (anymore)
AND has only one son (anymore)
AND has only one son (anymore)
AND has only one son (anymore)
AND has only one son (anymore)
AND has only one son (anymore)
AND has only one son (anymore)
AND has only one son (anymore)
AND has only one son (anymore)
AND has only one son (anymore)
AND has only one son (anymore)
AND has only one son (anymore)
AND has only one son (anymore)
AND has only one son (anymore)
AND has only one son (anymore)
AND has only one son (anymore)
AND has only one son (anymore)
AND has only one son (anymore)
AND has only one son (anymore)
AND has only one son (anymore)
AND has only one son (anymore)
AND has only one son (anymore)
AND has only one son (anymore)
AND has only one son (anymore)
AND has only one son (anymore)
AND has only one son (anymore)
AND has only one son (anymore)
AND has only one son (anymore)
AND has only one son (anymore)
AND has only one son (anymore)
AND has only one son (anymore)
AND has only one son (anymore)
AND has only one son (anymore)
AND has only one son (anymore)
AND has only one son (anymore)
AND has only one son (anymore)
AND has only one son (anymore)
AND has only one son (anymore)
AND has only one son (anymore)
AND has only one son (anymore)
AND has only one son (anymore)
AND has only one son (anymore)
AND has only one son (anymore)
AND has only one son (anymore)
AND has only one son (anymore)
AND has only one son (anymore)
AND has only one son (anymore)
AND has only one son (anymore)
AND has only one son (anymore)
AND has only one son (anymore)
AND has only one son (anymore)
AND has only one son (anymore)
AND has only one son (anymore)
AND has only one son (anymore)
AND has only one son (anymore)
AND has only one son (anymore)
AND has only one son (anymore)
AND has only one son (anymore)
AND has only one son (anymore)
AND has only one son (anymore)
AND has only one son (anymore)
AND has only one son (anymore)
AND has only one son (anymore)
AND has only one son (anymore)
AND has only one son (anymore)
AND has only one son (anymore)
AND has only one son (anymore)
AND has only one son (anymore)
AND has only one son (anymore)
AND has only one son (anymore)
AND has only one son (anymore)
AND has only one son (anymore)
AND has only one son (anymore)
AND has only one son (anymore)
AND has only one son (anymore)
AND has only one son (anymore)
AND has only one son (anymore)
AND has only one son (anymore)
AND has only one son (anymore)
AND has only one son (anymore)
AND has only one son (anymore)
AND has only one son (anymore)
AND has only one son (anymore)
AND has only one son (anymore)
AND has only one son (anymore)
AND has only one son (anymore)
AND has only one son (anymore)
AND has only one son (anymore)
AND has only one son (anymore)
AND has only one son (anymore)
AND has only one son (anymore)
AND has only one son (anymore)
AND has only one son (anymore)
AND has only one son (anymore)
AND has only one son (anymore)
AND has only one son (anymore)
AND has only one son (anymore)
AND has only one son (anymore)
AND has only one son (anymore)
AND has only one son (anymore)
AND has only one son (anymore)
AND has only one son (anymore)
AND has only one son (anymore)
AND has only one son (anymore)
AND has only one son (anymore)
AND has only one son (anymore)
AND has only one son (anymore)
AND has only one son (anymore)
AND has only one son (anymore)
AND has only one son (anymore)
AND has only one son (anymore)
AND has only one son (anymore)
AND has only one son (anymore)
AND has only one son (anymore)
AND has only one son (anymore)
AND has only one son (anymore)
AND has only one son (anymore)
AND has only one son (anymore)
AND has only one son (anymore)
AND has only one son (anymore)
AND has only one son (anymore)
AND has only one son (anymore)
AND has only one son (anymore)
AND has only one son (anymore)
AND has only one son (anymore)
AND has only one son (anymore)
AND has only one son (anymore)
AND has only one son (anymore)
AND has only one son (anymore)
AND has only one son (anymore)
AND has only one son (anymore)
AND has only one son (anymore)
AND has only one son (anymore)
AND has only one son (anymore)
AND has only one son (anymore)
AND has only one son (anymore)
AND has only one son (anymore)
AND has only one son (anymore)
AND has only one son (anymore)
AND has only one son (anymore)
AND has only one son (anymore)
AND has only one son (anymore)
AND has only one son (anymore)
AND has only one son (anymore)
AND has only one son (anymore)
AND has only one son (anymore)
AND has only one son (anymore)
AND has only one son (anymore)
AND has only one son (anymore)
AND has only one son (anymore)
AND has only one son (anymore)
AND has only one son (anymore)
AND has only one son (anymore)
AND has only one son (anymore)
AND has only one son (anymore)
AND has only one son (anymore)
AND has only one son (anymore)
AND has only one son (anymore)
AND has only one son (anymore)
AND has only one son (anymore)
AND has only one son (anymore)
AND has only one son (anymore)
AND has only one son (anymore)
AND has only one son (anymore)
AND has only one son (anymore)
AND has only one son (anymore)
AND has only one son (anymore)
AND has only one son (anymore)
AND has only one son (anymore)
AND has only one son (anymore)
AND has only one son (anymore)
AND has only one son (anymore)
AND has only one son (anymore)
AND has only one son (anymore)
AND has only one son (anymore)
AND has only one son (anymore)
AND has only one son (anymore)
AND has only one son (anymore)
AND has only one son (anymore)
AND has only one son (anymore)
AND has only one son (anymore)
AND has only one son (anymore)
AND has only one son (anymore)
AND has only one son (anymore)
AND has only one son (anymore)
AND has only one son (anymore)
AND has only one son (anymore)
AND has only one son (anymore)
AND has only one son (anymore)
AND has only one son (anymore)
AND has only one son (anymore)
AND has only one son (anymore)
AND has only one son (anymore)
AND has only one son (anymore)
AND has only one son (anymore)
AND has only one son (anymore)
AND has only one son (anymore)
AND has only one son (anymore)
AND has only one son (anymore)
AND has only one son (anymore)
AND has only one son (anymore)
AND has only one son (anymore)
AND has only one son (anymore)
AND has only one son (anymore)
AND has only one son (anymore)
AND has only one son (anymore)
AND has only one son (anymore)
AND has only one son (anymore)
AND has only one son (anymore)
AND has only one son (anymore)
instantiated 1792 actions


time:   0,   522 facts and       0 exclusive pairs (   61,       0 positives)
             582 ops   and    2010 exclusive pairs
time:   1,   644 facts and    7442 exclusive pairs (  122, 
ipp: parsing domain file
domain 'GROUNDED-PATHWAYS-PROPOSITIONAL' defined
 ... done.
ipp: parsing problem file
problem 'GROUNDED-PATHWAYS-18' defined
 ... done.


AND has only one son (anymore)
AND has only one son (anymore)
AND has only one son (anymore)
AND has only one son (anymore)
AND has only one son (anymore)
AND has only one son (anymore)
AND has only one son (anymore)
AND has only one son (anymore)
AND has only one son (anymore)
AND has only one son (anymore)
AND has only one son (anymore)
AND has only one son (anymore)
AND has only one son (anymore)
AND has only one son (anymore)
AND has only one son (anymore)
AND has only one son (anymore)
AND has only one son (anymore)
AND has only one son (anymore)
AND has only one son (anymore)
AND has only one son (anymore)
AND has only one son (anymore)
AND has only one son (anymore)
AND has only one son (anymore)
AND has only one son (anymore)
AND has only one son (anymore)
AND has only one son (anymore)
AND has only one son (anymore)
AND has only one son (anymore)
AND has only one son (anymore)
AND has only one son (anymore)
AND has only one son (anymore)
AND has only one son (anymore)
AND has only one son (anymore)
AND has only one son (anymore)
AND has only one son (anymore)
AND has only one son (anymore)
AND has only one son (anymore)
AND has only one son (anymore)
AND has only one son (anymore)
AND has only one son (anymore)
AND has only one son (anymore)
AND has only one son (anymore)
AND has only one son (anymore)
AND has only one son (anymore)
AND has only one son (anymore)
AND has only one son (anymore)
AND has only one son (anymore)
AND has only one son (anymore)
AND has only one son (anymore)
AND has only one son (anymore)
AND has only one son (anymore)
AND has only one son (anymore)
AND has only one son (anymore)
AND has only one son (anymore)
AND has only one son (anymore)
AND has only one son (anymore)
AND has only one son (anymore)
AND has only one son (anymore)
AND has only one son (anymore)
AND has only one son (anymore)
AND has only one son (anymore)
AND has only one son (anymore)
AND has only one son (anymore)
AND has only one son (anymore)
AND has only one son (anymore)
AND has only one son (anymore)
AND has only one son (anymore)
AND has only one son (anymore)
AND has only one son (anymore)
AND has only one son (anymore)
AND has only one son (anymore)
AND has only one son (anymore)
AND has only one son (anymore)
AND has only one son (anymore)
AND has only one son (anymore)
AND has only one son (anymore)
AND has only one son (anymore)
AND has only one son (anymore)
AND has only one son (anymore)
AND has only one son (anymore)
AND has only one son (anymore)
AND has only one son (anymore)
AND has only one son (anymore)
AND has only one son (anymore)
AND has only one son (anymore)
AND has only one son (anymore)
AND has only one son (anymore)
AND has only one son (anymore)
AND has only one son (anymore)
AND has only one son (anymore)
AND has only one son (anymore)
AND has only one son (anymore)
AND has only one son (anymore)
AND has only one son (anymore)
AND has only one son (anymore)
AND has only one son (anymore)
AND has only one son (anymore)
AND has only one son (anymore)
AND has only one son (anymore)
AND has only one son (anymore)
AND has only one son (anymore)
AND has only one son (anymore)
AND has only one son (anymore)
AND has only one son (anymore)
AND has only one son (anymore)
AND has only one son (anymore)
AND has only one son (anymore)
AND has only one son (anymore)
AND has only one son (anymore)
AND has only one son (anymore)
AND has only one son (anymore)
AND has only one son (anymore)
AND has only one son (anymore)
AND has only one son (anymore)
AND has only one son (anymore)
AND has only one son (anymore)
AND has only one son (anymore)
AND has only one son (anymore)
AND has only one son (anymore)
AND has only one son (anymore)
AND has only one son (anymore)
AND has only one son (anymore)
AND has only one son (anymore)
AND has only one son (anymore)
AND has only one son (anymore)
AND has only one son (anymore)
AND has only one son (anym
ipp: parsing domain file
domain 'GROUNDED-PATHWAYS-PROPOSITIONAL' defined
 ... done.
ipp: parsing problem file
problem 'GROUNDED-PATHWAYS-19' defined
 ... done.


AND has only one son (anymore)
AND has only one son (anymore)
AND has only one son (anymore)
AND has only one son (anymore)
AND has only one son (anymore)
AND has only one son (anymore)
AND has only one son (anymore)
AND has only one son (anymore)
AND has only one son (anymore)
AND has only one son (anymore)
AND has only one son (anymore)
AND has only one son (anymore)
AND has only one son (anymore)
AND has only one son (anymore)
AND has only one son (anymore)
AND has only one son (anymore)
AND has only one son (anymore)
AND has only one son (anymore)
AND has only one son (anymore)
AND has only one son (anymore)
AND has only one son (anymore)
AND has only one son (anymore)
AND has only one son (anymore)
AND has only one son (anymore)
AND has only one son (anymore)
AND has only one son (anymore)
AND has only one son (anymore)
AND has only one son (anymore)
AND has only one son (anymore)
AND has only one son (anymore)
AND has only one son (anymore)
AND has only one son (anymore)
AND has only one son (anymore)
AND has only one son (anymore)
AND has only one son (anymore)
AND has only one son (anymore)
AND has only one son (anymore)
AND has only one son (anymore)
AND has only one son (anymore)
AND has only one son (anymore)
AND has only one son (anymore)
AND has only one son (anymore)
AND has only one son (anymore)
AND has only one son (anymore)
AND has only one son (anymore)
AND has only one son (anymore)
AND has only one son (anymore)
AND has only one son (anymore)
AND has only one son (anymore)
AND has only one son (anymore)
AND has only one son (anymore)
AND has only one son (anymore)
AND has only one son (anymore)
AND has only one son (anymore)
AND has only one son (anymore)
AND has only one son (anymore)
AND has only one son (anymore)
AND has only one son (anymore)
AND has only one son (anymore)
AND has only one son (anymore)
AND has only one son (anymore)
AND has only one son (anymore)
AND has only one son (anymore)
AND has only one son (anymore)
AND has only one son (anymore)
AND has only one son (anymore)
AND has only one son (anymore)
AND has only one son (anymore)
AND has only one son (anymore)
AND has only one son (anymore)
AND has only one son (anymore)
AND has only one son (anymore)
AND has only one son (anymore)
AND has only one son (anymore)
AND has only one son (anymore)
AND has only one son (anymore)
AND has only one son (anymore)
AND has only one son (anymore)
AND has only one son (anymore)
AND has only one son (anymore)
AND has only one son (anymore)
AND has only one son (anymore)
AND has only one son (anymore)
AND has only one son (anymore)
AND has only one son (anymore)
AND has only one son (anymore)
AND has only one son (anymore)
AND has only one son (anymore)
AND has only one son (anymore)
AND has only one son (anymore)
AND has only one son (anymore)
AND has only one son (anymore)
AND has only one son (anymore)
AND has only one son (anymore)
AND has only one son (anymore)
AND has only one son (anymore)
AND has only one son (anymore)
AND has only one son (anymore)
AND has only one son (anymore)
AND has only one son (anymore)
AND has only one son (anymore)
AND has only one son (anymore)
AND has only one son (anymore)
AND has only one son (anymore)
AND has only one son (anymore)
AND has only one son (anymore)
AND has only one son (anymore)
AND has only one son (anymore)
AND has only one son (anymore)
AND has only one son (anymore)
AND has only one son (anymore)
AND has only one son (anymore)
AND has only one son (anymore)
AND has only one son (anymore)
AND has only one son (anymore)
AND has only one son (anymore)
AND has only one son (anymore)
AND has only one son (anymore)
AND has only one son (anymore)
AND has only one son (anymore)
AND has only one son (anymore)
AND has only one son (anymore)
AND has only one son (anymore)
AND has only one son (anymore)
AND has only one son (anymore)
AND has only one son (anymore)
AND has only one son (anymore)
AND has only one son (anymore)
AND has only one son (anymore)
AND has only one son (anymore)
AND has only one son (anymore)
AND has only one son (anymore)
AND has only one son (anymore)
AND has only one son (anymore)
AND has only one son (anymore)
AND has only one son (anymore)
AND has only one son (anymore)
AND has only one son (anymore)
AND has only one son (anymore)
AND has only one son (anymore)
AND has only one son (anymore)
AND has only one son (anymore)
AND has only one son (anymore)
AND has only one son (anymore)
AND has only one son (anymore)
AND has only one son (anymore)
AND has only one son (anymore)
AND has only one son (anymore)
AND has only one son (anymore)
AND has only one son (anymore)
AND has only one son (anymore)
AND has only one son (anymore)
AND has only one son (anymore)
AND has only one son (anymore)
AND has only one son (anymore)
AND has only one son (anymore)
AND has only one son (anymore)
AND has only one son (anymore)
AND has only one son (anymore)
AND has only one son (anymore)
AND has only one son (anymore)
AND has only one son (anymore)
AND has only one son (anymore)
AND has only one son (anymore)
AND has only one son (anymore)
AND has only one son (anymore)
AND has only one son (anymore)
AND has only one son (anymore)
AND has only one son (anymore)
AND has only one son (anymore)
AND has only one son (anymore)
AND has only one son (anymore)
AND has only one son (anymore)
AND has only one son (anymore)
AND has only one son (anymore)
AND has only one son (anymore)
AND has only one son (anymore)
AND has only one son (anymore)
AND has only one son (anymore)
AND has only one son (anymore)
AND has only one son (anymore)
AND has only one son (anymore)
AND has only one son (anymore)
AND has only one son (anymore)
AND has only one son (anymore)
AND has only one son (anymore)
AND has only one son (anymore)
AND has only one son (anymore)
AND has only one son (anymore)
AND has only one son (anymore)
AND has only one son (anymore)
AND has only one son (anymore)
AND has only one son (anymore)
AND has only one son (anymore)
AND has only one son (anymore)
AND has only one son (anymore)
AND has only one son (anymore)
AND has only one son (anymore)
AND has only one son (anymore)
AND has only one son (anymore)
AND has only one son (anymore)
AND has only one son (anymore)
AND has only one son (anymore)
AND has only one son (anymore)
AND has only one son (anymore)
AND has only one son (anymore)
AND has only one son (anymore)
AND has only one son (anymore)
AND has only one son (anymore)
AND has only one son (anymore)
AND has only one son (anymore)
AND has only one son (anymore)
AND has only one son (anymore)
AND has only one son (anymore)
AND has only one son (anymore)
AND has only one son (anymore)
AND has only one son (anymore)
AND has only one son (anymore)
AND has only one son (anymore)
AND has only one son (anymore)
AND has only one son (anymore)
AND has only one son (anymore)
AND has only one son (anymore)
AND has only one son (anymore)
AND has only one son (anymore)
AND has only one son (anymore)
AND has only one son (anymore)
AND has only one son (anymore)
AND has only one son (anymore)
AND has only one son (anymore)
AND has only one son (anymore)
AND has only one son (anymore)
AND has only one son (anymore)
AND has only one son (anymore)
AND has only one son (anymore)
AND has only one son (anymore)
AND has only one son (anymore)
AND has only one son (anymore)
AND has only one son (anymore)
AND has only one son (anymore)
AND has only one son (anymore)
AND has only one son (anymore)
AND has only one son (anymore)
AND has only one son (anymore)
AND has only one son (anymore)
AND has only one son (anymore)
AND has only one son (anymore)
AND has only one son (anymore)
AND has only one son (anymore)
AND has only one son (anymore)
AND has only one son (anymore)
AND has only one son (anymore)
AND has only one son (anymore)
AND has only one son (anymore)
AND has only one son (anymore)
AND has only one son (anymore)
AND has only one son (anymore)
AND has only one son (anymore)
AND has only one son (anymore)
ipp: parsing domain file
domain 'GROUNDED-PATHWAYS-PROPOSITIONAL' defined
 ... done.
ipp: parsing problem file
problem 'GROUNDED-PATHWAYS-20' defined
 ... done.


AND has only one son (anymore)
AND has only one son (anymore)
AND has only one son (anymore)
AND has only one son (anymore)
AND has only one son (anymore)
AND has only one son (anymore)
AND has only one son (anymore)
AND has only one son (anymore)
AND has only one son (anymore)
AND has only one son (anymore)
AND has only one son (anymore)
AND has only one son (anymore)
AND has only one son (anymore)
AND has only one son (anymore)
AND has only one son (anymore)
AND has only one son (anymore)
AND has only one son (anymore)
AND has only one son (anymore)
AND has only one son (anymore)
AND has only one son (anymore)
AND has only one son (anymore)
AND has only one son (anymore)
AND has only one son (anymore)
AND has only one son (anymore)
AND has only one son (anymore)
AND has only one son (anymore)
AND has only one son (anymore)
AND has only one son (anymore)
AND has only one son (anymore)
AND has only one son (anymore)
AND has only one son (anymore)
AND has only one son (anymore)
AND has only one son (anymore)
AND has only one son (anymore)
AND has only one son (anymore)
AND has only one son (anymore)
AND has only one son (anymore)
AND has only one son (anymore)
AND has only one son (anymore)
AND has only one son (anymore)
AND has only one son (anymore)
AND has only one son (anymore)
AND has only one son (anymore)
AND has only one son (anymore)
AND has only one son (anymore)
AND has only one son (anymore)
AND has only one son (anymore)
AND has only one son (anymore)
AND has only one son (anymore)
AND has only one son (anymore)
AND has only one son (anymore)
AND has only one son (anymore)
AND has only one son (anymore)
AND has only one son (anymore)
AND has only one son (anymore)
AND has only one son (anymore)
AND has only one son (anymore)
AND has only one son (anymore)
AND has only one son (anymore)
AND has only one son (anymore)
AND has only one son (anymore)
AND has only one son (anymore)
AND has only one son (anymore)
AND has only one son (anymore)
AND has only one son (anymore)
AND has only one son (anymore)
AND has only one son (anymore)
AND has only one son (anymore)
AND has only one son (anymore)
AND has only one son (anymore)
AND has only one son (anymore)
AND has only one son (anymore)
AND has only one son (anymore)
AND has only one son (anymore)
AND has only one son (anymore)
AND has only one son (anymore)
AND has only one son (anymore)
AND has only one son (anymore)
AND has only one son (anymore)
AND has only one son (anymore)
AND has only one son (anymore)
AND has only one son (anymore)
AND has only one son (anymore)
AND has only one son (anymore)
AND has only one son (anymore)
AND has only one son (anymore)
AND has only one son (anymore)
AND has only one son (anymore)
AND has only one son (anymore)
AND has only one son (anymore)
AND has only one son (anymore)
AND has only one son (anymore)
AND has only one son (anymore)
AND has only one son (anymore)
AND has only one son (anymore)
AND has only one son (anymore)
AND has only one son (anymore)
AND has only one son (anymore)
AND has only one son (anymore)
AND has only one son (anymore)
AND has only one son (anymore)
AND has only one son (anymore)
AND has only one son (anymore)
AND has only one son (anymore)
AND has only one son (anymore)
AND has only one son (anymore)
AND has only one son (anymore)
AND has only one son (anymore)
AND has only one son (anymore)
AND has only one son (anymore)
AND has only one son (anymore)
AND has only one son (anymore)
AND has only one son (anymore)
AND has only one son (anymore)
AND has only one son (anymore)
AND has only one son (anymore)
AND has only one son (anymore)
AND has only one son (anymore)
AND has only one son (anymore)
AND has only one son (anymore)
AND has only one son (anymore)
AND has only one son (anymore)
AND has only one son (anymore)
AND has only one son (anymore)
AND has only one son (anymore)
AND has only one son (anymore)
AND has only one son (anym
ipp: parsing domain file
domain 'GROUNDED-PATHWAYS-PROPOSITIONAL' defined
 ... done.
ipp: parsing problem file
problem 'GROUNDED-PATHWAYS-21' defined
 ... done.


AND has only one son (anymore)
AND has only one son (anymore)
AND has only one son (anymore)
AND has only one son (anymore)
AND has only one son (anymore)
AND has only one son (anymore)
AND has only one son (anymore)
AND has only one son (anymore)
AND has only one son (anymore)
AND has only one son (anymore)
AND has only one son (anymore)
AND has only one son (anymore)
AND has only one son (anymore)
AND has only one son (anymore)
AND has only one son (anymore)
AND has only one son (anymore)
AND has only one son (anymore)
AND has only one son (anymore)
AND has only one son (anymore)
AND has only one son (anymore)
AND has only one son (anymore)
AND has only one son (anymore)
AND has only one son (anymore)
AND has only one son (anymore)
AND has only one son (anymore)
AND has only one son (anymore)
AND has only one son (anymore)
AND has only one son (anymore)
AND has only one son (anymore)
AND has only one son (anymore)
AND has only one son (anymore)
AND has only one son (anymore)
AND has only one son (anymore)
AND has only one son (anymore)
AND has only one son (anymore)
AND has only one son (anymore)
AND has only one son (anymore)
AND has only one son (anymore)
AND has only one son (anymore)
AND has only one son (anymore)
AND has only one son (anymore)
AND has only one son (anymore)
AND has only one son (anymore)
AND has only one son (anymore)
AND has only one son (anymore)
AND has only one son (anymore)
AND has only one son (anymore)
AND has only one son (anymore)
AND has only one son (anymore)
AND has only one son (anymore)
AND has only one son (anymore)
AND has only one son (anymore)
AND has only one son (anymore)
AND has only one son (anymore)
AND has only one son (anymore)
AND has only one son (anymore)
AND has only one son (anymore)
AND has only one son (anymore)
AND has only one son (anymore)
AND has only one son (anymore)
AND has only one son (anymore)
AND has only one son (anymore)
AND has only one son (anymore)
AND has only one son (anymore)
AND has only one son (anymore)
AND has only one son (anymore)
AND has only one son (anymore)
AND has only one son (anymore)
AND has only one son (anymore)
AND has only one son (anymore)
AND has only one son (anymore)
AND has only one son (anymore)
AND has only one son (anymore)
AND has only one son (anymore)
AND has only one son (anymore)
AND has only one son (anymore)
AND has only one son (anymore)
AND has only one son (anymore)
AND has only one son (anymore)
AND has only one son (anymore)
AND has only one son (anymore)
AND has only one son (anymore)
AND has only one son (anymore)
AND has only one son (anymore)
AND has only one son (anymore)
AND has only one son (anymore)
AND has only one son (anymore)
AND has only one son (anymore)
AND has only one son (anymore)
AND has only one son (anymore)
AND has only one son (anymore)
AND has only one son (anymore)
AND has only one son (anymore)
AND has only one son (anymore)
AND has only one son (anymore)
AND has only one son (anymore)
AND has only one son (anymore)
AND has only one son (anymore)
AND has only one son (anymore)
AND has only one son (anymore)
AND has only one son (anymore)
AND has only one son (anymore)
AND has only one son (anymore)
AND has only one son (anymore)
AND has only one son (anymore)
AND has only one son (anymore)
AND has only one son (anymore)
AND has only one son (anymore)
AND has only one son (anymore)
AND has only one son (anymore)
AND has only one son (anymore)
AND has only one son (anymore)
AND has only one son (anymore)
AND has only one son (anymore)
AND has only one son (anymore)
AND has only one son (anymore)
AND has only one son (anymore)
AND has only one son (anymore)
AND has only one son (anymore)
AND has only one son (anymore)
AND has only one son (anymore)
AND has only one son (anymore)
AND has only one son (anymore)
AND has only one son (anymore)
AND has only one son (anymore)
AND has only one son (anymore)
AND has only one son (anymore)
AND has only one son (anymore)
AND has only one son (anymore)
AND has only one son (anymore)
AND has only one son (anymore)
AND has only one son (anymore)
AND has only one son (anymore)
AND has only one son (anymore)
AND has only one son (anymore)
AND has only one son (anymore)
AND has only one son (anymore)
AND has only one son (anymore)
AND has only one son (anymore)
AND has only one son (anymore)
AND has only one son (anymore)
AND has only one son (anymore)
AND has only one son (anymore)
AND has only one son (anymore)
AND has only one son (anymore)
AND has only one son (anymore)
AND has only one son (anymore)
AND has only one son (anymore)
AND has only one son (anymore)
AND has only one son (anymore)
AND has only one son (anymore)
AND has only one son (anymore)
AND has only one son (anymore)
AND has only one son (anymore)
AND has only one son (anymore)
AND has only one son (anymore)
AND has only one son (anymore)
AND has only one son (anymore)
AND has only one son (anymore)
AND has only one son (anymore)
AND has only one son (anymore)
AND has only one son (anymore)
AND has only one son (anymore)
AND has only one son (anymore)
AND has only one son (anymore)
AND has only one son (anymore)
AND has only one son (anymore)
AND has only one son (anymore)
AND has only one son (anymore)
AND has only one son (anymore)
AND has only one son (anymore)
AND has only one son (anymore)
AND has only one son (anymore)
AND has only one son (anymore)
AND has only one son (anymore)
AND has only one son (anymore)
AND has only one son (anymore)
AND has only one son (anymore)
AND has only one son (anymore)
AND has only one son (anymore)
AND has only one son (anymore)
AND has only one son (anymore)
AND has only one son (anymore)
AND has only one son (anymore)
AND has only one son (anymore)
AND has only one son (anymore)
AND has only one son (anymore)
AND has only one son (anymore)
AND has only one son (anymore)
AND has only one son (anymore)
AND has only one son (anymore)
AND has only one son (anymore)
AND has only one son (anymore)
AND has only one son (anymore)
AND has only one son (anymore)
AND has only one son (anymore)
AND has only one son (anymore)
AND has only one son (anymore)
AND has only one son (anymore)
AND has only one son (anymore)
AND has only one son (anymore)
AND has only one son (anymore)
AND has only one son (anymore)
AND has only one son (anymore)
AND has only one son (anymore)
AND has only one son (anymore)
AND has only one son (anymore)
AND has only one son (anymore)
AND has only one son (anymore)
AND has only one son (anymore)
AND has only one son (anymore)
AND has only one son (anymore)
AND has only one son (anymore)
AND has only one son (anymore)
AND has only one son (anymore)
AND has only one son (anymore)
AND has only one son (anymore)
AND has only one son (anymore)
AND has only one son (anymore)
AND has only one son (anymore)
AND has only one son (anymore)
AND has only one son (anymore)
AND has only one son (anymore)
AND has only one son (anymore)
AND has only one son (anymore)
AND has only one son (anymore)
AND has only one son (anymore)
AND has only one son (anymore)
AND has only one son (anymore)
AND has only one son (anymore)
AND has only one son (anymore)
AND has only one son (anymore)
AND has only one son (anymore)
AND has only one son (anymore)
AND has only one son (anymore)
AND has only one son (anymore)
AND has only one son (anymore)
AND has only one son (anymore)
AND has only one son (anymore)
AND has only one son (anymore)
AND has only one son (anymore)
AND has only one son (anymore)
AND has only one son (anymore)
AND has only one son (anymore)
AND has only one son (anymore)
AND has only one son (anymore)
AND has only one son (anymore)
AND has only one son (anymore)
AND has only one son (anymore)
AND has only one son (anymore)
AND has only one son (anymore)
AND has only one son (anymore)
AND has only one son (anymore)
AND has only one son (anymore)
AND has only one son (anymore)
AND has only one son (anymore)
AND has only one son (anymore)
AND has only one son (anymore)
AND has only one son (anymore)
ipp: parsing domain file
domain 'GROUNDED-PATHWAYS-PROPOSITIONAL' defined
 ... done.
ipp: parsing problem file
problem 'GROUNDED-PATHWAYS-22' defined
 ... done.


AND has only one son (anymore)
AND has only one son (anymore)
AND has only one son (anymore)
AND has only one son (anymore)
AND has only one son (anymore)
AND has only one son (anymore)
AND has only one son (anymore)
AND has only one son (anymore)
AND has only one son (anymore)
AND has only one son (anymore)
AND has only one son (anymore)
AND has only one son (anymore)
AND has only one son (anymore)
AND has only one son (anymore)
AND has only one son (anymore)
AND has only one son (anymore)
AND has only one son (anymore)
AND has only one son (anymore)
AND has only one son (anymore)
AND has only one son (anymore)
AND has only one son (anymore)
AND has only one son (anymore)
AND has only one son (anymore)
AND has only one son (anymore)
AND has only one son (anymore)
AND has only one son (anymore)
AND has only one son (anymore)
AND has only one son (anymore)
AND has only one son (anymore)
AND has only one son (anymore)
AND has only one son (anymore)
AND has only one son (anymore)
AND has only one son (anymore)
AND has only one son (anymore)
AND has only one son (anymore)
AND has only one son (anymore)
AND has only one son (anymore)
AND has only one son (anymore)
AND has only one son (anymore)
AND has only one son (anymore)
AND has only one son (anymore)
AND has only one son (anymore)
AND has only one son (anymore)
AND has only one son (anymore)
AND has only one son (anymore)
AND has only one son (anymore)
AND has only one son (anymore)
AND has only one son (anymore)
AND has only one son (anymore)
AND has only one son (anymore)
AND has only one son (anymore)
AND has only one son (anymore)
AND has only one son (anymore)
AND has only one son (anymore)
AND has only one son (anymore)
AND has only one son (anymore)
AND has only one son (anymore)
AND has only one son (anymore)
AND has only one son (anymore)
AND has only one son (anymore)
AND has only one son (anymore)
AND has only one son (anymore)
AND has only one son (anymore)
AND has only one son (anymore)
AND has only one son (anymore)
AND has only one son (anymore)
AND has only one son (anymore)
AND has only one son (anymore)
AND has only one son (anymore)
AND has only one son (anymore)
AND has only one son (anymore)
AND has only one son (anymore)
AND has only one son (anymore)
AND has only one son (anymore)
AND has only one son (anymore)
AND has only one son (anymore)
AND has only one son (anymore)
AND has only one son (anymore)
AND has only one son (anymore)
AND has only one son (anymore)
AND has only one son (anymore)
AND has only one son (anymore)
AND has only one son (anymore)
AND has only one son (anymore)
AND has only one son (anymore)
AND has only one son (anymore)
AND has only one son (anymore)
AND has only one son (anymore)
AND has only one son (anymore)
AND has only one son (anymore)
AND has only one son (anymore)
AND has only one son (anymore)
AND has only one son (anymore)
AND has only one son (anymore)
AND has only one son (anymore)
AND has only one son (anymore)
AND has only one son (anymore)
AND has only one son (anymore)
AND has only one son (anymore)
AND has only one son (anymore)
AND has only one son (anymore)
AND has only one son (anymore)
AND has only one son (anymore)
AND has only one son (anymore)
AND has only one son (anymore)
AND has only one son (anymore)
AND has only one son (anymore)
AND has only one son (anymore)
AND has only one son (anymore)
AND has only one son (anymore)
AND has only one son (anymore)
AND has only one son (anymore)
AND has only one son (anymore)
AND has only one son (anymore)
AND has only one son (anymore)
AND has only one son (anymore)
AND has only one son (anymore)
AND has only one son (anymore)
AND has only one son (anymore)
AND has only one son (anymore)
AND has only one son (anymore)
AND has only one son (anymore)
AND has only one son (anymore)
AND has only one son (anymore)
AND has only one son (anymore)
AND has only one son (anymore)
AND has only one son (anymore)
AND has only one son (anymore)
AND has only one son (anymore)
AND has only one son (anymore)
AND has only one son (anymore)
AND has only one son (anymore)
AND has only one son (anymore)
AND has only one son (anymore)
AND has only one son (anymore)
AND has only one son (anymore)
AND has only one son (anymore)
AND has only one son (anymore)
AND has only one son (anymore)
AND has only one son (anymore)
AND has only one son (anymore)
AND has only one son (anymore)
AND has only one son (anymore)
AND has only one son (anymore)
AND has only one son (anymore)
AND has only one son (anymore)
AND has only one son (anymore)
AND has only one son (anymore)
AND has only one son (anymore)
AND has only one son (anymore)
AND has only one son (anymore)
AND has only one son (anymore)
AND has only one son (anymore)
AND has only one son (anymore)
AND has only one son (anymore)
AND has only one son (anymore)
AND has only one son (anymore)
AND has only one son (anymore)
AND has only one son (anymore)
AND has only one son (anymore)
AND has only one son (anymore)
AND has only one son (anymore)
AND has only one son (anymore)
AND has only one son (anymore)
AND has only one son (anymore)
AND has only one son (anymore)
AND has only one son (anymore)
AND has only one son (anymore)
AND has only one son (anymore)
AND has only one son (anymore)
AND has only one son (anymore)
AND has only one son (anymore)
AND has only one son (anymore)
AND has only one son (anymore)
AND has only one son (anymore)
AND has only one son (anymore)
AND has only one son (anymore)
AND has only one son (anymore)
AND has only one son (anymore)
AND has only one son (anymore)
AND has only one son (anymore)
AND has only one son (anymore)
AND has only one son (anymore)
AND has only one son (anymore)
AND has only one son (anymore)
AND has only one son (anymore)
AND has only one son (anymore)
AND has only one son (anymore)
AND has only one son (anymore)
AND has only one son (anymore)
AND has only one son (anymore)
AND has only one son (anymore)
AND has only one son (anymore)
AND has only one son (anymore)
AND has only one son (anymore)
AND has only one son (anymore)
AND has only one son (anymore)
AND has only one son (anymore)
AND has only one son (anymore)
AND has only one son (anymore)
AND has only one son (anymore)
AND has only one son (anymore)
AND has only one son (anymore)
AND has only one son (anymore)
AND has only one son (anymore)
AND has only one son (anymore)
AND has only one son (anymore)
AND has only one son (anymore)
AND has only one son (anymore)
AND has only one son (anymore)
AND has only one son (anymore)
AND has only one son (anymore)
AND has only one son (anymore)
AND has only one son (anymore)
AND has only one son (anymore)
AND has only one son (anymore)
AND has only one son (anymore)
AND has only one son (anymore)
AND has only one son (anymore)
AND has only one son (anymore)
AND has only one son (anymore)
AND has only one son (anymore)
AND has only one son (anymore)
AND has only one son (anymore)
AND has only one son (anymore)
AND has only one son (anymore)
AND has only one son (anymore)
AND has only one son (anymore)
AND has only one son (anymore)
AND has only one son (anymore)
AND has only one son (anymore)
AND has only one son (anymore)
AND has only one son (anymore)
AND has only one son (anymore)
AND has only one son (anymore)
AND has only one son (anymore)
AND has only one son (anymore)
AND has only one son (anymore)
AND has only one son (anymore)
AND has only one son (anymore)
AND has only one son (anymore)
AND has only one son (anymore)
AND has only one son (anymore)
AND has only one son (anymore)
AND has only one son (anymore)
AND has only one son (anymore)
AND has only one son (anymore)
AND has only one son (anymore)
AND has only one son (anymore)
AND has only one son (anymore)
AND has only one son (anymore)
AND has only one son (anymore)
AND has only one son (anymore)
AND has only one son (anymore)
AND has only one son (anymore)
AND has only one son (anymore)
AND has only one son (anymore)
AND has only one son (anymore)
AND has only one son (anymore)
ipp: parsing domain file
domain 'GROUNDED-PATHWAYS-PROPOSITIONAL' defined
 ... done.
ipp: parsing problem file
problem 'GROUNDED-PATHWAYS-23' defined
 ... done.


AND has only one son (anymore)
AND has only one son (anymore)
AND has only one son (anymore)
AND has only one son (anymore)
AND has only one son (anymore)
AND has only one son (anymore)
AND has only one son (anymore)
AND has only one son (anymore)
AND has only one son (anymore)
AND has only one son (anymore)
AND has only one son (anymore)
AND has only one son (anymore)
AND has only one son (anymore)
AND has only one son (anymore)
AND has only one son (anymore)
AND has only one son (anymore)
AND has only one son (anymore)
AND has only one son (anymore)
AND has only one son (anymore)
AND has only one son (anymore)
AND has only one son (anymore)
AND has only one son (anymore)
AND has only one son (anymore)
AND has only one son (anymore)
AND has only one son (anymore)
AND has only one son (anymore)
AND has only one son (anymore)
AND has only one son (anymore)
AND has only one son (anymore)
AND has only one son (anymore)
AND has only one son (anymore)
AND has only one son (anymore)
AND has only one son (anymore)
AND has only one son (anymore)
AND has only one son (anymore)
AND has only one son (anymore)
AND has only one son (anymore)
AND has only one son (anymore)
AND has only one son (anymore)
AND has only one son (anymore)
AND has only one son (anymore)
AND has only one son (anymore)
AND has only one son (anymore)
AND has only one son (anymore)
AND has only one son (anymore)
AND has only one son (anymore)
AND has only one son (anymore)
AND has only one son (anymore)
AND has only one son (anymore)
AND has only one son (anymore)
AND has only one son (anymore)
AND has only one son (anymore)
AND has only one son (anymore)
AND has only one son (anymore)
AND has only one son (anymore)
AND has only one son (anymore)
AND has only one son (anymore)
AND has only one son (anymore)
AND has only one son (anymore)
AND has only one son (anymore)
AND has only one son (anymore)
AND has only one son (anymore)
AND has only one son (anymore)
AND has only one son (anymore)
AND has only one son (anymore)
AND has only one son (anymore)
AND has only one son (anymore)
AND has only one son (anymore)
AND has only one son (anymore)
AND has only one son (anymore)
AND has only one son (anymore)
AND has only one son (anymore)
AND has only one son (anymore)
AND has only one son (anymore)
AND has only one son (anymore)
AND has only one son (anymore)
AND has only one son (anymore)
AND has only one son (anymore)
AND has only one son (anymore)
AND has only one son (anymore)
AND has only one son (anymore)
AND has only one son (anymore)
AND has only one son (anymore)
AND has only one son (anymore)
AND has only one son (anymore)
AND has only one son (anymore)
AND has only one son (anymore)
AND has only one son (anymore)
AND has only one son (anymore)
AND has only one son (anymore)
AND has only one son (anymore)
AND has only one son (anymore)
AND has only one son (anymore)
AND has only one son (anymore)
AND has only one son (anymore)
AND has only one son (anymore)
AND has only one son (anymore)
AND has only one son (anymore)
AND has only one son (anymore)
AND has only one son (anymore)
AND has only one son (anymore)
AND has only one son (anymore)
AND has only one son (anymore)
AND has only one son (anymore)
AND has only one son (anymore)
AND has only one son (anymore)
AND has only one son (anymore)
AND has only one son (anymore)
AND has only one son (anymore)
AND has only one son (anymore)
AND has only one son (anymore)
AND has only one son (anymore)
AND has only one son (anymore)
AND has only one son (anymore)
AND has only one son (anymore)
AND has only one son (anymore)
AND has only one son (anymore)
AND has only one son (anymore)
AND has only one son (anymore)
AND has only one son (anymore)
AND has only one son (anymore)
AND has only one son (anymore)
AND has only one son (anymore)
AND has only one son (anymore)
AND has only one son (anymore)
AND has only one son (anymore)
AND has only one son (anymore)
AND has only one son (anymore)
AND has only one son (anymore)
AND has only one son (anymore)
AND has only one son (anymore)
AND has only one son (anymore)
AND has only one son (anymore)
AND has only one son (anymore)
AND has only one son (anymore)
AND has only one son (anymore)
AND has only one son (anymore)
AND has only one son (anymore)
AND has only one son (anymore)
AND has only one son (anymore)
AND has only one son (anymore)
AND has only one son (anymore)
AND has only one son (anymore)
AND has only one son (anymore)
AND has only one son (anymore)
AND has only one son (anymore)
AND has only one son (anymore)
AND has only one son (anymore)
AND has only one son (anymore)
AND has only one son (anymore)
AND has only one son (anymore)
AND has only one son (anymore)
AND has only one son (anymore)
AND has only one son (anymore)
AND has only one son (anymore)
AND has only one son (anymore)
AND has only one son (anymore)
AND has only one son (anymore)
AND has only one son (anymore)
AND has only one son (anymore)
AND has only one son (anymore)
AND has only one son (anymore)
AND has only one son (anymore)
AND has only one son (anymore)
AND has only one son (anymore)
AND has only one son (anymore)
AND has only one son (anymore)
AND has only one son (anymore)
AND has only one son (anymore)
AND has only one son (anymore)
AND has only one son (anymore)
AND has only one son (anymore)
AND has only one son (anymore)
AND has only one son (anymore)
AND has only one son (anymore)
AND has only one son (anymore)
AND has only one son (anymore)
AND has only one son (anymore)
AND has only one son (anymore)
AND has only one son (anymore)
AND has only one son (anymore)
AND has only one son (anymore)
AND has only one son (anymore)
AND has only one son (anymore)
AND has only one son (anymore)
AND has only one son (anymore)
AND has only one son (anymore)
AND has only one son (anymore)
AND has only one son (anymore)
AND has only one son (anymore)
AND has only one son (anymore)
AND has only one son (anymore)
AND has only one son (anymore)
AND has only one son (anymore)
AND has only one son (anymore)
AND has only one son (anymore)
AND has only one son (anymore)
AND has only one son (anymore)
AND has only one son (anymore)
AND has only one son (anymore)
AND has only one son (anymore)
AND has only one son (anymore)
AND has only one son (anymore)
AND has only one son (anymore)
AND has only one son (anymore)
AND has only one son (anymore)
AND has only one son (anymore)
AND has only one son (anymore)
AND has only one son (anymore)
AND has only one son (anymore)
AND has only one son (anymore)
AND has only one son (anymore)
AND has only one son (anymore)
AND has only one son (anymore)
AND has only one son (anymore)
AND has only one son (anymore)
AND has only one son (anymore)
AND has only one son (anymore)
AND has only one son (anymore)
AND has only one son (anymore)
AND has only one son (anymore)
AND has only one son (anymore)
AND has only one son (anymore)
AND has only one son (anymore)
AND has only one son (anymore)
AND has only one son (anymore)
AND has only one son (anymore)
AND has only one son (anymore)
AND has only one son (anymore)
AND has only one son (anymore)
AND has only one son (anymore)
AND has only one son (anymore)
AND has only one son (anymore)
AND has only one son (anymore)
AND has only one son (anymore)
AND has only one son (anymore)
AND has only one son (anymore)
AND has only one son (anymore)
AND has only one son (anymore)
AND has only one son (anymore)
AND has only one son (anymore)
AND has only one son (anymore)
AND has only one son (anymore)
AND has only one son (anymore)
AND has only one son (anymore)
AND has only one son (anymore)
AND has only one son (anymore)
AND has only one son (anymore)
AND has only one son (anymore)
AND has only one son (anymore)
AND has only one son (anymore)
AND has only one son (anymore)
AND has only one son (anymore)
AND has only one son (anymore)
AND has only one son (anymore)
AND has only one son (anymore)
AND has only one son (anymore)
AND has only one son (anymore)
AND has only one son (anymore)
ipp: parsing domain file
domain 'GROUNDED-PATHWAYS-PROPOSITIONAL' defined
 ... done.
ipp: parsing problem file
problem 'GROUNDED-PATHWAYS-24' defined
 ... done.


AND has only one son (anymore)
AND has only one son (anymore)
AND has only one son (anymore)
AND has only one son (anymore)
AND has only one son (anymore)
AND has only one son (anymore)
AND has only one son (anymore)
AND has only one son (anymore)
AND has only one son (anymore)
AND has only one son (anymore)
AND has only one son (anymore)
AND has only one son (anymore)
AND has only one son (anymore)
AND has only one son (anymore)
AND has only one son (anymore)
AND has only one son (anymore)
AND has only one son (anymore)
AND has only one son (anymore)
AND has only one son (anymore)
AND has only one son (anymore)
AND has only one son (anymore)
AND has only one son (anymore)
AND has only one son (anymore)
AND has only one son (anymore)
AND has only one son (anymore)
AND has only one son (anymore)
AND has only one son (anymore)
AND has only one son (anymore)
AND has only one son (anymore)
AND has only one son (anymore)
AND has only one son (anymore)
AND has only one son (anymore)
AND has only one son (anymore)
AND has only one son (anymore)
AND has only one son (anymore)
AND has only one son (anymore)
AND has only one son (anymore)
AND has only one son (anymore)
AND has only one son (anymore)
AND has only one son (anymore)
AND has only one son (anymore)
AND has only one son (anymore)
AND has only one son (anymore)
AND has only one son (anymore)
AND has only one son (anymore)
AND has only one son (anymore)
AND has only one son (anymore)
AND has only one son (anymore)
AND has only one son (anymore)
AND has only one son (anymore)
AND has only one son (anymore)
AND has only one son (anymore)
AND has only one son (anymore)
AND has only one son (anymore)
AND has only one son (anymore)
AND has only one son (anymore)
AND has only one son (anymore)
AND has only one son (anymore)
AND has only one son (anymore)
AND has only one son (anymore)
AND has only one son (anymore)
AND has only one son (anymore)
AND has only one son (anymore)
AND has only one son (anymore)
AND has only one son (anymore)
AND has only one son (anymore)
AND has only one son (anymore)
AND has only one son (anymore)
AND has only one son (anymore)
AND has only one son (anymore)
AND has only one son (anymore)
AND has only one son (anymore)
AND has only one son (anymore)
AND has only one son (anymore)
AND has only one son (anymore)
AND has only one son (anymore)
AND has only one son (anymore)
AND has only one son (anymore)
AND has only one son (anymore)
AND has only one son (anymore)
AND has only one son (anymore)
AND has only one son (anymore)
AND has only one son (anymore)
AND has only one son (anymore)
AND has only one son (anymore)
AND has only one son (anymore)
AND has only one son (anymore)
AND has only one son (anymore)
AND has only one son (anymore)
AND has only one son (anymore)
AND has only one son (anymore)
AND has only one son (anymore)
AND has only one son (anymore)
AND has only one son (anymore)
AND has only one son (anymore)
AND has only one son (anymore)
AND has only one son (anymore)
AND has only one son (anymore)
AND has only one son (anymore)
AND has only one son (anymore)
AND has only one son (anymore)
AND has only one son (anymore)
AND has only one son (anymore)
AND has only one son (anymore)
AND has only one son (anymore)
AND has only one son (anymore)
AND has only one son (anymore)
AND has only one son (anymore)
AND has only one son (anymore)
AND has only one son (anymore)
AND has only one son (anymore)
AND has only one son (anymore)
AND has only one son (anymore)
AND has only one son (anymore)
AND has only one son (anymore)
AND has only one son (anymore)
AND has only one son (anymore)
AND has only one son (anymore)
AND has only one son (anymore)
AND has only one son (anymore)
AND has only one son (anymore)
AND has only one son (anymore)
AND has only one son (anymore)
AND has only one son (anymore)
AND has only one son (anymore)
AND has only one son (anymore)
AND has only one son (anym
ipp: parsing domain file
domain 'GROUNDED-PATHWAYS-PROPOSITIONAL' defined
 ... done.
ipp: parsing problem file
problem 'GROUNDED-PATHWAYS-25' defined
 ... done.


AND has only one son (anymore)
AND has only one son (anymore)
AND has only one son (anymore)
AND has only one son (anymore)
AND has only one son (anymore)
AND has only one son (anymore)
AND has only one son (anymore)
AND has only one son (anymore)
AND has only one son (anymore)
AND has only one son (anymore)
AND has only one son (anymore)
AND has only one son (anymore)
AND has only one son (anymore)
AND has only one son (anymore)
AND has only one son (anymore)
AND has only one son (anymore)
AND has only one son (anymore)
AND has only one son (anymore)
AND has only one son (anymore)
AND has only one son (anymore)
AND has only one son (anymore)
AND has only one son (anymore)
AND has only one son (anymore)
AND has only one son (anymore)
AND has only one son (anymore)
AND has only one son (anymore)
AND has only one son (anymore)
AND has only one son (anymore)
AND has only one son (anymore)
AND has only one son (anymore)
AND has only one son (anymore)
AND has only one son (anymore)
AND has only one son (anymore)
AND has only one son (anymore)
AND has only one son (anymore)
AND has only one son (anymore)
AND has only one son (anymore)
AND has only one son (anymore)
AND has only one son (anymore)
AND has only one son (anymore)
AND has only one son (anymore)
AND has only one son (anymore)
AND has only one son (anymore)
AND has only one son (anymore)
AND has only one son (anymore)
AND has only one son (anymore)
AND has only one son (anymore)
AND has only one son (anymore)
AND has only one son (anymore)
AND has only one son (anymore)
AND has only one son (anymore)
AND has only one son (anymore)
AND has only one son (anymore)
AND has only one son (anymore)
AND has only one son (anymore)
AND has only one son (anymore)
AND has only one son (anymore)
AND has only one son (anymore)
AND has only one son (anymore)
AND has only one son (anymore)
AND has only one son (anymore)
AND has only one son (anymore)
AND has only one son (anymore)
AND has only one son (anymore)
AND has only one son (anymore)
AND has only one son (anymore)
AND has only one son (anymore)
AND has only one son (anymore)
AND has only one son (anymore)
AND has only one son (anymore)
AND has only one son (anymore)
AND has only one son (anymore)
AND has only one son (anymore)
AND has only one son (anymore)
AND has only one son (anymore)
AND has only one son (anymore)
AND has only one son (anymore)
AND has only one son (anymore)
AND has only one son (anymore)
AND has only one son (anymore)
AND has only one son (anymore)
AND has only one son (anymore)
AND has only one son (anymore)
AND has only one son (anymore)
AND has only one son (anymore)
AND has only one son (anymore)
AND has only one son (anymore)
AND has only one son (anymore)
AND has only one son (anymore)
AND has only one son (anymore)
AND has only one son (anymore)
AND has only one son (anymore)
AND has only one son (anymore)
AND has only one son (anymore)
AND has only one son (anymore)
AND has only one son (anymore)
AND has only one son (anymore)
AND has only one son (anymore)
AND has only one son (anymore)
AND has only one son (anymore)
AND has only one son (anymore)
AND has only one son (anymore)
AND has only one son (anymore)
AND has only one son (anymore)
AND has only one son (anymore)
AND has only one son (anymore)
AND has only one son (anymore)
AND has only one son (anymore)
AND has only one son (anymore)
AND has only one son (anymore)
AND has only one son (anymore)
AND has only one son (anymore)
AND has only one son (anymore)
AND has only one son (anymore)
AND has only one son (anymore)
AND has only one son (anymore)
AND has only one son (anymore)
AND has only one son (anymore)
AND has only one son (anymore)
AND has only one son (anymore)
AND has only one son (anymore)
AND has only one son (anymore)
AND has only one son (anymore)
AND has only one son (anymore)
AND has only one son (anymore)
AND has only one son (anymore)
AND has only one son (anymore)
AND has only one son (anymore)
AND has only one son (anymore)
AND has only one son (anymore)
AND has only one son (anymore)
AND has only one son (anymore)
AND has only one son (anymore)
AND has only one son (anymore)
AND has only one son (anymore)
AND has only one son (anymore)
AND has only one son (anymore)
AND has only one son (anymore)
AND has only one son (anymore)
AND has only one son (anymore)
AND has only one son (anymore)
AND has only one son (anymore)
AND has only one son (anymore)
AND has only one son (anymore)
AND has only one son (anymore)
AND has only one son (anymore)
AND has only one son (anymore)
AND has only one son (anymore)
AND has only one son (anymore)
AND has only one son (anymore)
AND has only one son (anymore)
AND has only one son (anymore)
AND has only one son (anymore)
AND has only one son (anymore)
AND has only one son (anymore)
AND has only one son (anymore)
AND has only one son (anymore)
AND has only one son (anymore)
AND has only one son (anymore)
AND has only one son (anymore)
AND has only one son (anymore)
AND has only one son (anymore)
AND has only one son (anymore)
AND has only one son (anymore)
AND has only one son (anymore)
AND has only one son (anymore)
AND has only one son (anymore)
AND has only one son (anymore)
AND has only one son (anymore)
AND has only one son (anymore)
AND has only one son (anymore)
AND has only one son (anymore)
AND has only one son (anymore)
AND has only one son (anymore)
AND has only one son (anymore)
AND has only one son (anymore)
AND has only one son (anymore)
AND has only one son (anymore)
AND has only one son (anymore)
AND has only one son (anymore)
AND has only one son (anymore)
AND has only one son (anymore)
AND has only one son (anymore)
AND has only one son (anymore)
AND has only one son (anymore)
AND has only one son (anymore)
AND has only one son (anymore)
AND has only one son (anymore)
AND has only one son (anymore)
AND has only one son (anymore)
AND has only one son (anymore)
AND has only one son (anymore)
AND has only one son (anymore)
AND has only one son (anymore)
AND has only one son (anymore)
AND has only one son (anymore)
AND has only one son (anymore)
AND has only one son (anymore)
AND has only one son (anymore)
AND has only one son (anymore)
AND has only one son (anymore)
AND has only one son (anymore)
AND has only one son (anymore)
AND has only one son (anymore)
AND has only one son (anymore)
AND has only one son (anymore)
AND has only one son (anymore)
AND has only one son (anymore)
AND has only one son (anymore)
AND has only one son (anymore)
AND has only one son (anymore)
AND has only one son (anymore)
AND has only one son (anymore)
AND has only one son (anymore)
AND has only one son (anymore)
AND has only one son (anymore)
AND has only one son (anymore)
AND has only one son (anymore)
AND has only one son (anymore)
AND has only one son (anymore)
AND has only one son (anymore)
AND has only one son (anymore)
AND has only one son (anymore)
AND has only one son (anymore)
AND has only one son (anymore)
AND has only one son (anymore)
AND has only one son (anymore)
AND has only one son (anymore)
AND has only one son (anymore)
AND has only one son (anymore)
AND has only one son (anymore)
AND has only one son (anymore)
AND has only one son (anymore)
AND has only one son (anymore)
AND has only one son (anymore)
AND has only one son (anymore)
AND has only one son (anymore)
AND has only one son (anymore)
AND has only one son (anymore)
AND has only one son (anymore)
AND has only one son (anymore)
AND has only one son (anymore)
AND has only one son (anymore)
AND has only one son (anymore)
AND has only one son (anymore)
AND has only one son (anymore)
AND has only one son (anymore)
AND has only one son (anymore)
AND has only one son (anymore)
AND has only one son (anymore)
AND has only one son (anymore)
AND has only one son (anymore)
AND has only one son (anymore)
AND has only one son (anymore)
AND has only one son (anymore)
AND has only one son (anymore)
AND has only one son (anymore)
AND has only one son (anymore)
AND has only one son (anymore)
ipp: parsing domain file
domain 'GROUNDED-PATHWAYS-PROPOSITIONAL' defined
 ... done.
ipp: parsing problem file
problem 'GROUNDED-PATHWAYS-26' defined
 ... done.


AND has only one son (anymore)
AND has only one son (anymore)
AND has only one son (anymore)
AND has only one son (anymore)
AND has only one son (anymore)
AND has only one son (anymore)
AND has only one son (anymore)
AND has only one son (anymore)
AND has only one son (anymore)
AND has only one son (anymore)
AND has only one son (anymore)
AND has only one son (anymore)
AND has only one son (anymore)
AND has only one son (anymore)
AND has only one son (anymore)
AND has only one son (anymore)
AND has only one son (anymore)
AND has only one son (anymore)
AND has only one son (anymore)
AND has only one son (anymore)
AND has only one son (anymore)
AND has only one son (anymore)
AND has only one son (anymore)
AND has only one son (anymore)
AND has only one son (anymore)
AND has only one son (anymore)
AND has only one son (anymore)
AND has only one son (anymore)
AND has only one son (anymore)
AND has only one son (anymore)
AND has only one son (anymore)
AND has only one son (anymore)
AND has only one son (anymore)
AND has only one son (anymore)
AND has only one son (anymore)
AND has only one son (anymore)
AND has only one son (anymore)
AND has only one son (anymore)
AND has only one son (anymore)
AND has only one son (anymore)
AND has only one son (anymore)
AND has only one son (anymore)
AND has only one son (anymore)
AND has only one son (anymore)
AND has only one son (anymore)
AND has only one son (anymore)
AND has only one son (anymore)
AND has only one son (anymore)
AND has only one son (anymore)
AND has only one son (anymore)
AND has only one son (anymore)
AND has only one son (anymore)
AND has only one son (anymore)
AND has only one son (anymore)
AND has only one son (anymore)
AND has only one son (anymore)
AND has only one son (anymore)
AND has only one son (anymore)
AND has only one son (anymore)
AND has only one son (anymore)
AND has only one son (anymore)
AND has only one son (anymore)
AND has only one son (anymore)
AND has only one son (anymore)
AND has only one son (anymore)
AND has only one son (anymore)
AND has only one son (anymore)
AND has only one son (anymore)
AND has only one son (anymore)
AND has only one son (anymore)
AND has only one son (anymore)
AND has only one son (anymore)
AND has only one son (anymore)
AND has only one son (anymore)
AND has only one son (anymore)
AND has only one son (anymore)
AND has only one son (anymore)
AND has only one son (anymore)
AND has only one son (anymore)
AND has only one son (anymore)
AND has only one son (anymore)
AND has only one son (anymore)
AND has only one son (anymore)
AND has only one son (anymore)
AND has only one son (anymore)
AND has only one son (anymore)
AND has only one son (anymore)
AND has only one son (anymore)
AND has only one son (anymore)
AND has only one son (anymore)
AND has only one son (anymore)
AND has only one son (anymore)
AND has only one son (anymore)
AND has only one son (anymore)
AND has only one son (anymore)
AND has only one son (anymore)
AND has only one son (anymore)
AND has only one son (anymore)
AND has only one son (anymore)
AND has only one son (anymore)
AND has only one son (anymore)
AND has only one son (anymore)
AND has only one son (anymore)
AND has only one son (anymore)
AND has only one son (anymore)
AND has only one son (anymore)
AND has only one son (anymore)
AND has only one son (anymore)
AND has only one son (anymore)
AND has only one son (anymore)
AND has only one son (anymore)
AND has only one son (anymore)
AND has only one son (anymore)
AND has only one son (anymore)
AND has only one son (anymore)
AND has only one son (anymore)
AND has only one son (anymore)
AND has only one son (anymore)
AND has only one son (anymore)
AND has only one son (anymore)
AND has only one son (anymore)
AND has only one son (anymore)
AND has only one son (anymore)
AND has only one son (anymore)
AND has only one son (anymore)
AND has only one son (anymore)
AND has only one son (anymore)
AND has only one son (anymore)
AND has only one son (anymore)
AND has only one son (anymore)
AND has only one son (anymore)
AND has only one son (anymore)
AND has only one son (anymore)
AND has only one son (anymore)
AND has only one son (anymore)
AND has only one son (anymore)
AND has only one son (anymore)
AND has only one son (anymore)
AND has only one son (anymore)
AND has only one son (anymore)
AND has only one son (anymore)
AND has only one son (anymore)
AND has only one son (anymore)
AND has only one son (anymore)
AND has only one son (anymore)
AND has only one son (anymore)
AND has only one son (anymore)
AND has only one son (anymore)
AND has only one son (anymore)
AND has only one son (anymore)
AND has only one son (anymore)
AND has only one son (anymore)
AND has only one son (anymore)
AND has only one son (anymore)
AND has only one son (anymore)
AND has only one son (anymore)
AND has only one son (anymore)
AND has only one son (anymore)
AND has only one son (anymore)
AND has only one son (anymore)
AND has only one son (anymore)
AND has only one son (anymore)
AND has only one son (anymore)
AND has only one son (anymore)
AND has only one son (anymore)
AND has only one son (anymore)
AND has only one son (anymore)
AND has only one son (anymore)
AND has only one son (anymore)
AND has only one son (anymore)
AND has only one son (anymore)
AND has only one son (anymore)
AND has only one son (anymore)
AND has only one son (anymore)
AND has only one son (anymore)
AND has only one son (anymore)
AND has only one son (anymore)
AND has only one son (anymore)
AND has only one son (anymore)
AND has only one son (anymore)
AND has only one son (anymore)
AND has only one son (anymore)
AND has only one son (anymore)
AND has only one son (anymore)
AND has only one son (anymore)
AND has only one son (anymore)
AND has only one son (anymore)
AND has only one son (anymore)
AND has only one son (anymore)
AND has only one son (anymore)
AND has only one son (anymore)
AND has only one son (anymore)
AND has only one son (anymore)
AND has only one son (anymore)
AND has only one son (anymore)
AND has only one son (anymore)
AND has only one son (anymore)
AND has only one son (anymore)
AND has only one son (anymore)
AND has only one son (anymore)
AND has only one son (anymore)
AND has only one son (anymore)
AND has only one son (anymore)
AND has only one son (anymore)
AND has only one son (anymore)
AND has only one son (anymore)
AND has only one son (anymore)
AND has only one son (anymore)
AND has only one son (anymore)
AND has only one son (anymore)
AND has only one son (anymore)
AND has only one son (anymore)
AND has only one son (anymore)
AND has only one son (anymore)
AND has only one son (anymore)
AND has only one son (anymore)
AND has only one son (anymore)
AND has only one son (anymore)
AND has only one son (anymore)
AND has only one son (anymore)
AND has only one son (anymore)
AND has only one son (anymore)
AND has only one son (anymore)
AND has only one son (anymore)
AND has only one son (anymore)
AND has only one son (anymore)
AND has only one son (anymore)
AND has only one son (anymore)
AND has only one son (anymore)
AND has only one son (anymore)
AND has only one son (anymore)
AND has only one son (anymore)
AND has only one son (anymore)
AND has only one son (anymore)
AND has only one son (anymore)
AND has only one son (anymore)
AND has only one son (anymore)
AND has only one son (anymore)
AND has only one son (anymore)
AND has only one son (anymore)
AND has only one son (anymore)
AND has only one son (anymore)
AND has only one son (anymore)
AND has only one son (anymore)
AND has only one son (anymore)
AND has only one son (anymore)
AND has only one son (anymore)
AND has only one son (anymore)
AND has only one son (anymore)
AND has only one son (anymore)
AND has only one son (anymore)
AND has only one son (anymore)
AND has only one son (anymore)
AND has only one son (anymore)
AND has only one son (anymore)
AND has only one son (anymore)
AND has only one son (anymore)
AND has only one son (anymore)
AND has only one son (anymore)
ipp: parsing domain file
domain 'GROUNDED-PATHWAYS-PROPOSITIONAL' defined
 ... done.
ipp: parsing problem file
problem 'GROUNDED-PATHWAYS-27' defined
 ... done.


AND has only one son (anymore)
AND has only one son (anymore)
AND has only one son (anymore)
AND has only one son (anymore)
AND has only one son (anymore)
AND has only one son (anymore)
AND has only one son (anymore)
AND has only one son (anymore)
AND has only one son (anymore)
AND has only one son (anymore)
AND has only one son (anymore)
AND has only one son (anymore)
AND has only one son (anymore)
AND has only one son (anymore)
AND has only one son (anymore)
AND has only one son (anymore)
AND has only one son (anymore)
AND has only one son (anymore)
AND has only one son (anymore)
AND has only one son (anymore)
AND has only one son (anymore)
AND has only one son (anymore)
AND has only one son (anymore)
AND has only one son (anymore)
AND has only one son (anymore)
AND has only one son (anymore)
AND has only one son (anymore)
AND has only one son (anymore)
AND has only one son (anymore)
AND has only one son (anymore)
AND has only one son (anymore)
AND has only one son (anymore)
AND has only one son (anymore)
AND has only one son (anymore)
AND has only one son (anymore)
AND has only one son (anymore)
AND has only one son (anymore)
AND has only one son (anymore)
AND has only one son (anymore)
AND has only one son (anymore)
AND has only one son (anymore)
AND has only one son (anymore)
AND has only one son (anymore)
AND has only one son (anymore)
AND has only one son (anymore)
AND has only one son (anymore)
AND has only one son (anymore)
AND has only one son (anymore)
AND has only one son (anymore)
AND has only one son (anymore)
AND has only one son (anymore)
AND has only one son (anymore)
AND has only one son (anymore)
AND has only one son (anymore)
AND has only one son (anymore)
AND has only one son (anymore)
AND has only one son (anymore)
AND has only one son (anymore)
AND has only one son (anymore)
AND has only one son (anymore)
AND has only one son (anymore)
AND has only one son (anymore)
AND has only one son (anymore)
AND has only one son (anymore)
AND has only one son (anymore)
AND has only one son (anymore)
AND has only one son (anymore)
AND has only one son (anymore)
AND has only one son (anymore)
AND has only one son (anymore)
AND has only one son (anymore)
AND has only one son (anymore)
AND has only one son (anymore)
AND has only one son (anymore)
AND has only one son (anymore)
AND has only one son (anymore)
AND has only one son (anymore)
AND has only one son (anymore)
AND has only one son (anymore)
AND has only one son (anymore)
AND has only one son (anymore)
AND has only one son (anymore)
AND has only one son (anymore)
AND has only one son (anymore)
AND has only one son (anymore)
AND has only one son (anymore)
AND has only one son (anymore)
AND has only one son (anymore)
AND has only one son (anymore)
AND has only one son (anymore)
AND has only one son (anymore)
AND has only one son (anymore)
AND has only one son (anymore)
AND has only one son (anymore)
AND has only one son (anymore)
AND has only one son (anymore)
AND has only one son (anymore)
AND has only one son (anymore)
AND has only one son (anymore)
AND has only one son (anymore)
AND has only one son (anymore)
AND has only one son (anymore)
AND has only one son (anymore)
AND has only one son (anymore)
AND has only one son (anymore)
AND has only one son (anymore)
AND has only one son (anymore)
AND has only one son (anymore)
AND has only one son (anymore)
AND has only one son (anymore)
AND has only one son (anymore)
AND has only one son (anymore)
AND has only one son (anymore)
AND has only one son (anymore)
AND has only one son (anymore)
AND has only one son (anymore)
AND has only one son (anymore)
AND has only one son (anymore)
AND has only one son (anymore)
AND has only one son (anymore)
AND has only one son (anymore)
AND has only one son (anymore)
AND has only one son (anymore)
AND has only one son (anymore)
AND has only one son (anymore)
AND has only one son (anymore)
AND has only one son (anymore)
AND has only one son (anymore)
AND has only one son (anymore)
AND has only one son (anymore)
AND has only one son (anymore)
AND has only one son (anymore)
AND has only one son (anymore)
AND has only one son (anymore)
AND has only one son (anymore)
AND has only one son (anymore)
AND has only one son (anymore)
AND has only one son (anymore)
AND has only one son (anymore)
AND has only one son (anymore)
AND has only one son (anymore)
AND has only one son (anymore)
AND has only one son (anymore)
AND has only one son (anymore)
AND has only one son (anymore)
AND has only one son (anymore)
AND has only one son (anymore)
AND has only one son (anymore)
AND has only one son (anymore)
AND has only one son (anymore)
AND has only one son (anymore)
AND has only one son (anymore)
AND has only one son (anymore)
AND has only one son (anymore)
AND has only one son (anymore)
AND has only one son (anymore)
AND has only one son (anymore)
AND has only one son (anymore)
AND has only one son (anymore)
AND has only one son (anymore)
AND has only one son (anymore)
AND has only one son (anymore)
AND has only one son (anymore)
AND has only one son (anymore)
AND has only one son (anymore)
AND has only one son (anymore)
AND has only one son (anymore)
AND has only one son (anymore)
AND has only one son (anymore)
AND has only one son (anymore)
AND has only one son (anymore)
AND has only one son (anymore)
AND has only one son (anymore)
AND has only one son (anymore)
AND has only one son (anymore)
AND has only one son (anymore)
AND has only one son (anymore)
AND has only one son (anymore)
AND has only one son (anymore)
AND has only one son (anymore)
AND has only one son (anymore)
AND has only one son (anymore)
AND has only one son (anymore)
AND has only one son (anymore)
AND has only one son (anymore)
AND has only one son (anymore)
AND has only one son (anymore)
AND has only one son (anymore)
AND has only one son (anymore)
AND has only one son (anymore)
AND has only one son (anymore)
AND has only one son (anymore)
AND has only one son (anymore)
AND has only one son (anymore)
AND has only one son (anymore)
AND has only one son (anymore)
AND has only one son (anymore)
AND has only one son (anymore)
AND has only one son (anymore)
AND has only one son (anymore)
AND has only one son (anymore)
AND has only one son (anymore)
AND has only one son (anymore)
AND has only one son (anymore)
AND has only one son (anymore)
AND has only one son (anymore)
AND has only one son (anymore)
AND has only one son (anymore)
AND has only one son (anymore)
AND has only one son (anymore)
AND has only one son (anymore)
AND has only one son (anymore)
AND has only one son (anymore)
AND has only one son (anymore)
AND has only one son (anymore)
AND has only one son (anymore)
AND has only one son (anymore)
AND has only one son (anymore)
AND has only one son (anymore)
AND has only one son (anymore)
AND has only one son (anymore)
AND has only one son (anymore)
AND has only one son (anymore)
AND has only one son (anymore)
AND has only one son (anymore)
AND has only one son (anymore)
AND has only one son (anymore)
AND has only one son (anymore)
AND has only one son (anymore)
AND has only one son (anymore)
AND has only one son (anymore)
AND has only one son (anymore)
AND has only one son (anymore)
AND has only one son (anymore)
AND has only one son (anymore)
AND has only one son (anymore)
AND has only one son (anymore)
AND has only one son (anymore)
AND has only one son (anymore)
AND has only one son (anymore)
AND has only one son (anymore)
AND has only one son (anymore)
AND has only one son (anymore)
AND has only one son (anymore)
AND has only one son (anymore)
AND has only one son (anymore)
AND has only one son (anymore)
AND has only one son (anymore)
AND has only one son (anymore)
AND has only one son (anymore)
AND has only one son (anymore)
AND has only one son (anymore)
AND has only one son (anymore)
AND has only one son (anymore)
AND has only one son (anymore)
AND has only one son (anymore)
AND has only one son (anymore)
AND has only one son (anymore)
AND has only one son (anymore)
AND has only one son (anymore)
AND has only one son (anymore)
AND has only one son (anymore)
AND has only one son (anymore)
AND has only one son (anymore)
AND has only one son (anymore)
AND has only one son (anymore)
AND has only one son (anymore)
AND has only one son (anymore)
AND has only one son (anymore)
AND has only one son (anymore)
AND has only one son (anymore)
AND has only one son (anymore)
AND has only one son (anymore)
AND has only one son (anymore)
AND has only one son (anymore)
AND has only one son (anymore)
AND has only one son (anymore)
AND has only one son (anymore)
AND has only one son (anymore)
AND has only one son (anymore)
AND has only one son (anymore)
AND has only one son (anymore)
AND has only one son (anymore)
AND has only one son (anymore)
AND has only one son (anymore)
AND has only one son (anymore)
AND has only one son (anymore)
AND has only one son (anymore)
AND has only one son (anymore)
AND has only one son (anymore)
AND has only one son (anymore)
AND has only one son (anymore)
AND has only one son (anymore)
AND has only one son (anymore)
AND has only one son (anymore)
AND has only one son (anymore)
AND has only one son (anymore)
AND has only one son (anymore)
AND has only one son (anymore)
AND has only one son (anymore)
AND has only one son (anymore)
AND has only one son (anymore)
AND has only one son (anymore)
AND has only one son (anymore)
AND has only one son (anymore)
AND has only one son (anymore)
AND has only one son (anymore)
AND has only one son (anymore)
AND has only one son (anymore)
AND has only one son (anymore)
AND has only one son (anymore)
AND has only one son (anymore)
AND has only one son (anymore)
AND has only one son (anymore)
AND has only one son (anymore)
AND has only one son (anymore)
AND has only one son (anymore)
AND has only one son (anymore)
AND has only one son (anymore)
AND has only one son (anymore)
AND has only one son (anymore)
AND has only one son (anymore)
AND has only one son (anymore)
AND has only one son (anymore)
AND has only one son (anymore)
AND has only one son (anymore)
AND has only one son (anymore)
AND has only one son (anymore)
AND has only one son (anymore)
AND has only one son (anymore)
AND has only one son (anymore)
AND has only one son (anymore)
AND has only one son (anymore)
AND has only one son (anymore)
AND has only one son (anymore)
AND has only one son (anymore)
AND has only one son (anymore)
AND has only one son (anymore)
AND has only one son (anymore)
AND has only one son (anymore)
AND has only one son (anymore)
AND has only one son (anymore)
AND has only one son (anymore)
AND has only one son (anymore)
AND has only one son (anymore)
AND has only one son (anymore)
AND has only one son (anymore)
AND has only one son (anymore)
AND has only one son (anymore)
AND has only one son (anymore)
AND has only one son (anymore)
AND has only one son (anymore)
AND has only one son (anymore)
AND has only one son (anymore)
AND has only one son (anymore)
AND has only one son (anymore)
AND has only one son (anymore)
AND has only one son (anymore)
AND has only one son (anymore)
AND has only one son (anymore)
AND has only one son (anymore)
AND has only one son (anymore)
AND has only one son (anymore)
AND has only one son (anymore)
AND has only one son (anymore)
AND has only one son (anymore)
AND has only one son (anymore)
AND has only one son (anymore)
AND has only one son (anymore)
AND has only one son (anymore)
AND has only one son (anymore)
AND has only one son (anymore)
AND has only one son (anymore)
AND has only one son (anymore)
AND has only one son (anymore)
AND has only one son (anymore)
AND has only one son (anymore)
instantiated 2896 actions


time:   0,   654 facts and       0 exclusive pairs (   72,       0 positives)
             725 ops   and    2769 exclusive pairs
time:   1,   798 facts and   10368 exclusive pairs (  144,    2628 positives)
            1011 ops   and   49491 exclusive pairs
time:   2,   870 facts and    2985 exclusive pairs (  216,    2772 positives)
            1162 ops   and   49557 exclusive pairs
time:   3,   875 facts
ipp: parsing domain file
domain 'GROUNDED-PATHWAYS-PROPOSITIONAL' defined
 ... done.
ipp: parsing problem file
problem 'GROUNDED-PATHWAYS-28' defined
 ... done.


AND has only one son (anymore)
AND has only one son (anymore)
AND has only one son (anymore)
AND has only one son (anymore)
AND has only one son (anymore)
AND has only one son (anymore)
AND has only one son (anymore)
AND has only one son (anymore)
AND has only one son (anymore)
AND has only one son (anymore)
AND has only one son (anymore)
AND has only one son (anymore)
AND has only one son (anymore)
AND has only one son (anymore)
AND has only one son (anymore)
AND has only one son (anymore)
AND has only one son (anymore)
AND has only one son (anymore)
AND has only one son (anymore)
AND has only one son (anymore)
AND has only one son (anymore)
AND has only one son (anymore)
AND has only one son (anymore)
AND has only one son (anymore)
AND has only one son (anymore)
AND has only one son (anymore)
AND has only one son (anymore)
AND has only one son (anymore)
AND has only one son (anymore)
AND has only one son (anymore)
AND has only one son (anymore)
AND has only one son (anymore)
AND has only one son (anymore)
AND has only one son (anymore)
AND has only one son (anymore)
AND has only one son (anymore)
AND has only one son (anymore)
AND has only one son (anymore)
AND has only one son (anymore)
AND has only one son (anymore)
AND has only one son (anymore)
AND has only one son (anymore)
AND has only one son (anymore)
AND has only one son (anymore)
AND has only one son (anymore)
AND has only one son (anymore)
AND has only one son (anymore)
AND has only one son (anymore)
AND has only one son (anymore)
AND has only one son (anymore)
AND has only one son (anymore)
AND has only one son (anymore)
AND has only one son (anymore)
AND has only one son (anymore)
AND has only one son (anymore)
AND has only one son (anymore)
AND has only one son (anymore)
AND has only one son (anymore)
AND has only one son (anymore)
AND has only one son (anymore)
AND has only one son (anymore)
AND has only one son (anymore)
AND has only one son (anymore)
AND has only one son (anymore)
AND has only one son (anymore)
AND has only one son (anymore)
AND has only one son (anymore)
AND has only one son (anymore)
AND has only one son (anymore)
AND has only one son (anymore)
AND has only one son (anymore)
AND has only one son (anymore)
AND has only one son (anymore)
AND has only one son (anymore)
AND has only one son (anymore)
AND has only one son (anymore)
AND has only one son (anymore)
AND has only one son (anymore)
AND has only one son (anymore)
AND has only one son (anymore)
AND has only one son (anymore)
AND has only one son (anymore)
AND has only one son (anymore)
AND has only one son (anymore)
AND has only one son (anymore)
AND has only one son (anymore)
AND has only one son (anymore)
AND has only one son (anymore)
AND has only one son (anymore)
AND has only one son (anymore)
AND has only one son (anymore)
AND has only one son (anymore)
AND has only one son (anymore)
AND has only one son (anymore)
AND has only one son (anymore)
AND has only one son (anymore)
AND has only one son (anymore)
AND has only one son (anymore)
AND has only one son (anymore)
AND has only one son (anymore)
AND has only one son (anymore)
AND has only one son (anymore)
AND has only one son (anymore)
AND has only one son (anymore)
AND has only one son (anymore)
AND has only one son (anymore)
AND has only one son (anymore)
AND has only one son (anymore)
AND has only one son (anymore)
AND has only one son (anymore)
AND has only one son (anymore)
AND has only one son (anymore)
AND has only one son (anymore)
AND has only one son (anymore)
AND has only one son (anymore)
AND has only one son (anymore)
AND has only one son (anymore)
AND has only one son (anymore)
AND has only one son (anymore)
AND has only one son (anymore)
AND has only one son (anymore)
AND has only one son (anymore)
AND has only one son (anymore)
AND has only one son (anymore)
AND has only one son (anymore)
AND has only one son (anymore)
AND has only one son (anymore)
AND has only one son (anymore)
AND has only one son (anymore)
AND has only one son (anymore)
AND has only one son (anymore)
AND has only one son (anymore)
AND has only one son (anymore)
AND has only one son (anymore)
AND has only one son (anymore)
AND has only one son (anymore)
AND has only one son (anymore)
AND has only one son (anymore)
AND has only one son (anymore)
AND has only one son (anymore)
AND has only one son (anymore)
AND has only one son (anymore)
AND has only one son (anymore)
AND has only one son (anymore)
AND has only one son (anymore)
AND has only one son (anymore)
AND has only one son (anymore)
AND has only one son (anymore)
AND has only one son (anymore)
AND has only one son (anymore)
AND has only one son (anymore)
AND has only one son (anymore)
AND has only one son (anymore)
AND has only one son (anymore)
AND has only one son (anymore)
AND has only one son (anymore)
AND has only one son (anymore)
AND has only one son (anymore)
AND has only one son (anymore)
AND has only one son (anymore)
AND has only one son (anymore)
AND has only one son (anymore)
AND has only one son (anymore)
AND has only one son (anymore)
AND has only one son (anymore)
AND has only one son (anymore)
AND has only one son (anymore)
AND has only one son (anymore)
AND has only one son (anymore)
AND has only one son (anymore)
AND has only one son (anymore)
AND has only one son (anymore)
AND has only one son (anymore)
AND has only one son (anymore)
AND has only one son (anymore)
AND has only one son (anymore)
AND has only one son (anymore)
AND has only one son (anymore)
AND has only one son (anymore)
AND has only one son (anymore)
AND has only one son (anymore)
AND has only one son (anymore)
AND has only one son (anymore)
AND has only one son (anymore)
AND has only one son (anymore)
AND has only one son (anymore)
AND has only one son (anymore)
AND has only one son (anymore)
AND has only one son (anymore)
AND has only one son (anymore)
AND has only one son (anymore)
AND has only one son (anymore)
AND has only one son (anymore)
AND has only one son (anymore)
AND has only one son (anymore)
AND has only one son (anymore)
AND has only one son (anymore)
AND has only one son (anymore)
AND has only one son (anymore)
AND has only one son (anymore)
AND has only one son (anymore)
AND has only one son (anymore)
AND has only one son (anymore)
AND has only one son (anymore)
AND has only one son (anymore)
AND has only one son (anymore)
AND has only one son (anymore)
AND has only one son (anymore)
AND has only one son (anymore)
AND has only one son (anymore)
AND has only one son (anymore)
AND has only one son (anymore)
AND has only one son (anymore)
AND has only one son (anymore)
AND has only one son (anymore)
AND has only one son (anymore)
AND has only one son (anymore)
AND has only one son (anymore)
AND has only one son (anymore)
AND has only one son (anymore)
AND has only one son (anymore)
AND has only one son (anymore)
AND has only one son (anymore)
AND has only one son (anymore)
AND has only one son (anymore)
AND has only one son (anymore)
AND has only one son (anymore)
AND has only one son (anymore)
AND has only one son (anymore)
AND has only one son (anymore)
AND has only one son (anymore)
AND has only one son (anymore)
AND has only one son (anymore)
AND has only one son (anymore)
AND has only one son (anymore)
AND has only one son (anymore)
AND has only one son (anymore)
AND has only one son (anymore)
AND has only one son (anymore)
AND has only one son (anymore)
AND has only one son (anymore)
AND has only one son (anymore)
AND has only one son (anymore)
AND has only one son (anymore)
AND has only one son (anymore)
AND has only one son (anymore)
AND has only one son (anymore)
AND has only one son (anymore)
AND has only one son (anymore)
AND has only one son (anymore)
AND has only one son (anymore)
AND has only one son (anymore)
AND has only one son (anymore)
AND has only one son (anymore)
AND has only one son (anymore)
AND has only one son (anymore)
AND has only one son (anymore)
AND has only one son (anymore)
AND has only one son (anymore)
AND has only one son (anymore)
AND has only one son (anymore)
AND has only one son (anymore)
AND has only one son (anymore)
AND has only one son (anymore)
AND has only one son (anymore)
AND has only one son (anymore)
AND has only one son (anymore)
AND has only one son (anymore)
AND has only one son (anymore)
AND has only one son (anymore)
AND has only one son (anymore)
AND has only one son (anymore)
AND has only one son (anymore)
AND has only one son (anymore)
AND has only one son (anymore)
AND has only one son (anymore)
AND has only one son (anymore)
AND has only one son (anymore)
AND has only one son (anymore)
AND has only one son (anymore)
AND has only one son (anymore)
AND has only one son (anymore)
AND has only one son (anymore)
AND has only one son (anymore)
AND has only one son (anymore)
AND has only one son (anymore)
AND has only one son (anymore)
AND has only one son (anymore)
AND has only one son (anymore)
AND has only one son (anymore)
AND has only one son (anymore)
AND has only one son (anymore)
AND has only one son (anymore)
AND has only one son (anymore)
AND has only one son (anymore)
AND has only one son (anymore)
AND has only one son (anymore)
AND has only one son (anymore)
AND has only one son (anymore)
AND has only one son (anymore)
AND has only one son (anymore)
AND has only one son (anymore)
AND has only one son (anymore)
AND has only one son (anymore)
AND has only one son (anymore)
AND has only one son (anymore)
AND has only one son (anymore)
AND has only one son (anymore)
AND has only one son (anymore)
AND has only one son (anymore)
AND has only one son (anymore)
AND has only one son (anymore)
AND has only one son (anymore)
AND has only one son (anymore)
AND has only one son (anymore)
AND has only one son (anymore)
AND has only one son (anymore)
AND has only one son (anymore)
AND has only one son (anymore)
AND has only one son (anymore)
AND has only one son (anymore)
AND has only one son (anymore)
AND has only one son (anymore)
AND has only one son (anymore)
AND has only one son (anymore)
AND has only one son (anymore)
AND has only one son (anymore)
AND has only one son (anymore)
AND has only one son (anymore)
AND has only one son (anymore)
AND has only one son (anymore)
AND has only one son (anymore)
AND has only one son (anymore)
AND has only one son (anymore)
AND has only one son (anymore)
AND has only one son (anymore)
AND has only one son (anymore)
AND has only one son (anymore)
AND has only one son (anymore)
AND has only one son (anymore)
AND has only one son (anymore)
AND has only one son (anymore)
AND has only one son (anymore)
AND has only one son (anymore)
AND has only one son (anymore)
AND has only one son (anymore)
AND has only one son (anymore)
AND has only one son (anymore)
AND has only one son (anymore)
AND has only one son (anymore)
AND has only one son (anymore)
AND has only one son (anymore)
AND has only one son (anymore)
instantiated 3015 actions


time:   0,   579 facts and       0 exclusive pairs (   68,       0 positives)
             646 ops   and    2479 exclusive pairs
time:   1,   715 facts and    9248 exclusive pairs (  136,    2346 positives)
             916 ops   and   44157 exclusive pairs
time:   2,   783 facts and    2683 exclusive pairs (  204,    2482 positives)
            1055 ops   and   43781 exclusive pairs
time:   3,   788 facts and     491 exclusive pairs (  209,     282 positives)
            1196 ops   and   64359 exclusive pairs
time:   4,   854 facts and    1119 exclusive pairs (  275,     785 positives)
            1418 ops   and  102354 exclusive pairs
time:   5,   921 facts and    2492 exclusive pairs (  342,    2005 positives)
            1682 ops   and  155510 exclusive pairs
time:   6,   987 facts and    3204 exclusive pairs (  408,    2553 positives)
            1961 ops   and  214335 exclusive pairs
time:   7,  1072 facts and    4586 exclusive pairs (  493,    3668 positives)
            2193 ops   and  269692 exclusive pairs
time:   8,  1086 facts and    3305 exclusive pairs (  507,    2399 positives)
            2284 ops   and  300827 exclusiv
ipp: parsing domain file
domain 'GROUNDED-PATHWAYS-PROPOSITIONAL' defined
 ... done.
ipp: parsing problem file
problem 'GROUNDED-PATHWAYS-29' defined
 ... done.


AND has only one son (anymore)
AND has only one son (anymore)
AND has only one son (anymore)
AND has only one son (anymore)
AND has only one son (anymore)
AND has only one son (anymore)
AND has only one son (anymore)
AND has only one son (anymore)
AND has only one son (anymore)
AND has only one son (anymore)
AND has only one son (anymore)
AND has only one son (anymore)
AND has only one son (anymore)
AND has only one son (anymore)
AND has only one son (anymore)
AND has only one son (anymore)
AND has only one son (anymore)
AND has only one son (anymore)
AND has only one son (anymore)
AND has only one son (anymore)
AND has only one son (anymore)
AND has only one son (anymore)
AND has only one son (anymore)
AND has only one son (anymore)
AND has only one son (anymore)
AND has only one son (anymore)
AND has only one son (anymore)
AND has only one son (anymore)
AND has only one son (anymore)
AND has only one son (anymore)
AND has only one son (anymore)
AND has only one son (anymore)
AND has only one son (anymore)
AND has only one son (anymore)
AND has only one son (anymore)
AND has only one son (anymore)
AND has only one son (anymore)
AND has only one son (anymore)
AND has only one son (anymore)
AND has only one son (anymore)
AND has only one son (anymore)
AND has only one son (anymore)
AND has only one son (anymore)
AND has only one son (anymore)
AND has only one son (anymore)
AND has only one son (anymore)
AND has only one son (anymore)
AND has only one son (anymore)
AND has only one son (anymore)
AND has only one son (anymore)
AND has only one son (anymore)
AND has only one son (anymore)
AND has only one son (anymore)
AND has only one son (anymore)
AND has only one son (anymore)
AND has only one son (anymore)
AND has only one son (anymore)
AND has only one son (anymore)
AND has only one son (anymore)
AND has only one son (anymore)
AND has only one son (anymore)
AND has only one son (anymore)
AND has only one son (anymore)
AND has only one son (anymore)
AND has only one son (anymore)
AND has only one son (anymore)
AND has only one son (anymore)
AND has only one son (anymore)
AND has only one son (anymore)
AND has only one son (anymore)
AND has only one son (anymore)
AND has only one son (anymore)
AND has only one son (anymore)
AND has only one son (anymore)
AND has only one son (anymore)
AND has only one son (anymore)
AND has only one son (anymore)
AND has only one son (anymore)
AND has only one son (anymore)
AND has only one son (anymore)
AND has only one son (anymore)
AND has only one son (anymore)
AND has only one son (anymore)
AND has only one son (anymore)
AND has only one son (anymore)
AND has only one son (anymore)
AND has only one son (anymore)
AND has only one son (anymore)
AND has only one son (anymore)
AND has only one son (anymore)
AND has only one son (anymore)
AND has only one son (anymore)
AND has only one son (anymore)
AND has only one son (anymore)
AND has only one son (anymore)
AND has only one son (anymore)
AND has only one son (anymore)
AND has only one son (anymore)
AND has only one son (anymore)
AND has only one son (anymore)
AND has only one son (anymore)
AND has only one son (anymore)
AND has only one son (anymore)
AND has only one son (anymore)
AND has only one son (anymore)
AND has only one son (anymore)
AND has only one son (anymore)
AND has only one son (anymore)
AND has only one son (anymore)
AND has only one son (anymore)
AND has only one son (anymore)
AND has only one son (anymore)
AND has only one son (anymore)
AND has only one son (anymore)
AND has only one son (anymore)
AND has only one son (anymore)
AND has only one son (anymore)
AND has only one son (anymore)
AND has only one son (anymore)
AND has only one son (anymore)
AND has only one son (anymore)
AND has only one son (anymore)
AND has only one son (anymore)
AND has only one son (anymore)
AND has only one son (anymore)
AND has only one son (anymore)
AND has only one son (anymore)
AND has only one son (anymore)
AND has only one son (anymore)
AND has only one son (anymore)
AND has only one son (anymore)
AND has only one son (anymore)
AND has only one son (anymore)
AND has only one son (anymore)
AND has only one son (anymore)
AND has only one son (anymore)
AND has only one son (anymore)
AND has only one son (anymore)
AND has only one son (anymore)
AND has only one son (anymore)
AND has only one son (anymore)
AND has only one son (anymore)
AND has only one son (anymore)
AND has only one son (anymore)
AND has only one son (anymore)
AND has only one son (anymore)
AND has only one son (anymore)
AND has only one son (anymore)
AND has only one son (anymore)
AND has only one son (anymore)
AND has only one son (anymore)
AND has only one son (anymore)
AND has only one son (anymore)
AND has only one son (anymore)
AND has only one son (anymore)
AND has only one son (anymore)
AND has only one son (anymore)
AND has only one son (anymore)
AND has only one son (anymore)
AND has only one son (anymore)
AND has only one son (anymore)
AND has only one son (anymore)
AND has only one son (anymore)
AND has only one son (anymore)
AND has only one son (anymore)
AND has only one son (anymore)
AND has only one son (anymore)
AND has only one son (anymore)
AND has only one son (anymore)
AND has only one son (anymore)
AND has only one son (anymore)
AND has only one son (anymore)
AND has only one son (anymore)
AND has only one son (anymore)
AND has only one son (anymore)
AND has only one son (anymore)
AND has only one son (anymore)
AND has only one son (anymore)
AND has only one son (anymore)
AND has only one son (anymore)
AND has only one son (anymore)
AND has only one son (anymore)
AND has only one son (anymore)
AND has only one son (anymore)
AND has only one son (anymore)
AND has only one son (anymore)
AND has only one son (anymore)
AND has only one son (anymore)
AND has only one son (anymore)
AND has only one son (anymore)
AND has only one son (anymore)
AND has only one son (anymore)
AND has only one son (anymore)
AND has only one son (anymore)
AND has only one son (anymore)
AND has only one son (anymore)
AND has only one son (anymore)
AND has only one son (anymore)
AND has only one son (anymore)
AND has only one son (anymore)
AND has only one son (anymore)
AND has only one son (anymore)
AND has only one son (anymore)
AND has only one son (anymore)
AND has only one son (anymore)
AND has only one son (anymore)
AND has only one son (anymore)
AND has only one son (anymore)
AND has only one son (anymore)
AND has only one son (anymore)
AND has only one son (anymore)
AND has only one son (anymore)
AND has only one son (anymore)
AND has only one son (anymore)
AND has only one son (anymore)
AND has only one son (anymore)
AND has only one son (anymore)
AND has only one son (anymore)
AND has only one son (anymore)
AND has only one son (anymore)
AND has only one son (anymore)
AND has only one son (anymore)
AND has only one son (anymore)
AND has only one son (anymore)
AND has only one son (anymore)
AND has only one son (anymore)
AND has only one son (anymore)
AND has only one son (anymore)
AND has only one son (anymore)
AND has only one son (anymore)
AND has only one son (anymore)
AND has only one son (anymore)
AND has only one son (anymore)
AND has only one son (anymore)
AND has only one son (anymore)
AND has only one son (anymore)
AND has only one son (anymore)
AND has only one son (anymore)
AND has only one son (anymore)
AND has only one son (anymore)
AND has only one son (anymore)
AND has only one son (anymore)
AND has only one son (anymore)
AND has only one son (anymore)
AND has only one son (anymore)
AND has only one son (anymore)
AND has only one son (anymore)
AND has only one son (anymore)
AND has only one son (anymore)
AND has only one son (anymore)
AND has only one son (anymore)
AND has only one son (anymore)
AND has only one son (anymore)
AND has only one son (anymore)
AND has only one son (anymore)
AND has only one son (anymore)
AND has only one son (anymore)
AND has only one son (anymore)
AND has only one son (anymore)
ipp: parsing domain file
domain 'GROUNDED-PATHWAYS-PROPOSITIONAL' defined
 ... done.
ipp: parsing problem file
problem 'GROUNDED-PATHWAYS-30' defined
 ... done.


AND has only one son (anymore)
AND has only one son (anymore)
AND has only one son (anymore)
AND has only one son (anymore)
AND has only one son (anymore)
AND has only one son (anymore)
AND has only one son (anymore)
AND has only one son (anymore)
AND has only one son (anymore)
AND has only one son (anymore)
AND has only one son (anymore)
AND has only one son (anymore)
AND has only one son (anymore)
AND has only one son (anymore)
AND has only one son (anymore)
AND has only one son (anymore)
AND has only one son (anymore)
AND has only one son (anymore)
AND has only one son (anymore)
AND has only one son (anymore)
AND has only one son (anymore)
AND has only one son (anymore)
AND has only one son (anymore)
AND has only one son (anymore)
AND has only one son (anymore)
AND has only one son (anymore)
AND has only one son (anymore)
AND has only one son (anymore)
AND has only one son (anymore)
AND has only one son (anymore)
AND has only one son (anymore)
AND has only one son (anymore)
AND has only one son (anymore)
AND has only one son (anymore)
AND has only one son (anymore)
AND has only one son (anymore)
AND has only one son (anymore)
AND has only one son (anymore)
AND has only one son (anymore)
AND has only one son (anymore)
AND has only one son (anymore)
AND has only one son (anymore)
AND has only one son (anymore)
AND has only one son (anymore)
AND has only one son (anymore)
AND has only one son (anymore)
AND has only one son (anymore)
AND has only one son (anymore)
AND has only one son (anymore)
AND has only one son (anymore)
AND has only one son (anymore)
AND has only one son (anymore)
AND has only one son (anymore)
AND has only one son (anymore)
AND has only one son (anymore)
AND has only one son (anymore)
AND has only one son (anymore)
AND has only one son (anymore)
AND has only one son (anymore)
AND has only one son (anymore)
AND has only one son (anymore)
AND has only one son (anymore)
AND has only one son (anymore)
AND has only one son (anymore)
AND has only one son (anymore)
AND has only one son (anymore)
AND has only one son (anymore)
AND has only one son (anymore)
AND has only one son (anymore)
AND has only one son (anymore)
AND has only one son (anymore)
AND has only one son (anymore)
AND has only one son (anymore)
AND has only one son (anymore)
AND has only one son (anymore)
AND has only one son (anymore)
AND has only one son (anymore)
AND has only one son (anymore)
AND has only one son (anymore)
AND has only one son (anymore)
AND has only one son (anymore)
AND has only one son (anymore)
AND has only one son (anymore)
AND has only one son (anymore)
AND has only one son (anymore)
AND has only one son (anymore)
AND has only one son (anymore)
AND has only one son (anymore)
AND has only one son (anymore)
AND has only one son (anymore)
AND has only one son (anymore)
AND has only one son (anymore)
AND has only one son (anymore)
AND has only one son (anymore)
AND has only one son (anymore)
AND has only one son (anymore)
AND has only one son (anymore)
AND has only one son (anymore)
AND has only one son (anymore)
AND has only one son (anymore)
AND has only one son (anymore)
AND has only one son (anymore)
AND has only one son (anymore)
AND has only one son (anymore)
AND has only one son (anymore)
AND has only one son (anymore)
AND has only one son (anymore)
AND has only one son (anymore)
AND has only one son (anymore)
AND has only one son (anymore)
AND has only one son (anymore)
AND has only one son (anymore)
AND has only one son (anymore)
AND has only one son (anymore)
AND has only one son (anymore)
AND has only one son (anymore)
AND has only one son (anymore)
AND has only one son (anymore)
AND has only one son (anymore)
AND has only one son (anymore)
AND has only one son (anymore)
AND has only one son (anymore)
AND has only one son (anymore)
AND has only one son (anymore)
AND has only one son (anymore)
AND has only one son (anymore)
AND has only one son (anymore)
AND has only one son (anymore)
AND has only one son (anymore)
AND has only one son (anymore)
AND has only one son (anymore)
AND has only one son (anymore)
AND has only one son (anymore)
AND has only one son (anymore)
AND has only one son (anymore)
AND has only one son (anymore)
AND has only one son (anymore)
AND has only one son (anymore)
AND has only one son (anymore)
AND has only one son (anymore)
AND has only one son (anymore)
AND has only one son (anymore)
AND has only one son (anymore)
AND has only one son (anymore)
AND has only one son (anymore)
AND has only one son (anymore)
AND has only one son (anymore)
AND has only one son (anymore)
AND has only one son (anymore)
AND has only one son (anymore)
AND has only one son (anymore)
AND has only one son (anymore)
AND has only one son (anymore)
AND has only one son (anymore)
AND has only one son (anymore)
AND has only one son (anymore)
AND has only one son (anymore)
AND has only one son (anymore)
AND has only one son (anymore)
AND has only one son (anymore)
AND has only one son (anymore)
AND has only one son (anymore)
AND has only one son (anymore)
AND has only one son (anymore)
AND has only one son (anymore)
AND has only one son (anymore)
AND has only one son (anymore)
AND has only one son (anymore)
AND has only one son (anymore)
AND has only one son (anymore)
AND has only one son (anymore)
AND has only one son (anymore)
AND has only one son (anymore)
AND has only one son (anymore)
AND has only one son (anymore)
AND has only one son (anymore)
AND has only one son (anymore)
AND has only one son (anymore)
AND has only one son (anymore)
AND has only one son (anymore)
AND has only one son (anymore)
AND has only one son (anymore)
AND has only one son (anymore)
AND has only one son (anymore)
AND has only one son (anymore)
AND has only one son (anymore)
AND has only one son (anymore)
AND has only one son (anymore)
AND has only one son (anymore)
AND has only one son (anymore)
AND has only one son (anymore)
AND has only one son (anymore)
AND has only one son (anymore)
AND has only one son (anymore)
AND has only one son (anymore)
AND has only one son (anymore)
AND has only one son (anymore)
AND has only one son (anymore)
AND has only one son (anymore)
AND has only one son (anymore)
AND has only one son (anymore)
AND has only one son (anymore)
AND has only one son (anymore)
AND has only one son (anymore)
AND has only one son (anymore)
AND has only one son (anymore)
AND has only one son (anymore)
AND has only one son (anymore)
AND has only one son (anymore)
AND has only one son (anymore)
AND has only one son (anymore)
AND has only one son (anymore)
AND has only one son (anymore)
AND has only one son (anymore)
AND has only one son (anymore)
AND has only one son (anymore)
AND has only one son (anymore)
AND has only one son (anymore)
AND has only one son (anymore)
AND has only one son (anymore)
AND has only one son (anymore)
AND has only one son (anymore)
AND has only one son (anymore)
AND has only one son (anymore)
AND has only one son (anymore)
AND has only one son (anymore)
AND has only one son (anymore)
AND has only one son (anymore)
AND has only one son (anymore)
AND has only one son (anymore)
AND has only one son (anymore)
AND has only one son (anymore)
AND has only one son (anymore)
AND has only one son (anymore)
AND has only one son (anymore)
AND has only one son (anymore)
AND has only one son (anymore)
AND has only one son (anymore)
AND has only one son (anymore)
AND has only one son (anymore)
AND has only one son (anymore)
AND has only one son (anymore)
AND has only one son (anymore)
AND has only one son (anymore)
AND has only one son (anymore)
AND has only one son (anymore)
AND has only one son (anymore)
AND has only one son (anymore)
AND has only one son (anymore)
AND has only one son (anymore)
AND has only one son (anymore)
AND has only one son (anymore)
AND has only one son (anymore)
AND has only one son (anymore)
AND has only one son (anymore)
AND has only one son (anymore)
AND has only one son (anymore)
AND has only one son (anymore)
AND has only one son (anymore)
AND has only one son (anymore)
AND has only one son (anymore)
AND has only one son (anymore)
AND has only one son (anymore)
AND has only one son (anymore)
AND has only one son (anymore)
AND has only one son (anymore)
AND has only one son (anymore)
AND has only one son (anymore)
AND has only one son (anymore)
AND has only one son (anymore)
AND has only one son (anymore)
AND has only one son (anymore)
AND has only one son (anymore)
AND has only one son (anymore)
AND has only one son (anymore)
AND has only one son (anymore)
AND has only one son (anymore)
AND has only one son (anymore)
AND has only one son (anymore)
AND has only one son (anymore)
AND has only one son (anymore)
AND has only one son (anymore)
AND has only one son (anymore)
AND has only one son (anymore)
AND has only one son (anymore)
AND has only one son (anymore)
AND has only one son (anymore)
AND has only one son (anymore)
AND has only one son (anymore)
AND has only one son (anymore)
AND has only one son (anymore)
AND has only one son (anymore)
AND has only one son (anymore)
AND has only one son (anymore)
AND has only one son (anymore)
AND has only one son (anymore)
AND has only one son (anymore)
AND has only one son (anymore)
AND has only one son (anymore)
AND has only one son (anymore)
AND has only one son (anymore)
AND has only one son (anymore)
AND has only one son (anymore)
AND has only one son (anymore)
AND has only one son (anymore)
AND has only one son (anymore)
AND has only one son (anymore)
AND has only one son (anymore)
AND has only one son (anymore)
AND has only one son (anymore)
AND has only one son (anymore)
AND has only one son (anymore)
AND has only one son (anymore)
AND has only one son (anymore)
AND has only one son (anymore)
AND has only one son (anymore)
AND has only one son (anymore)
AND has only one son (anymore)
AND has only one son (anymore)
AND has only one son (anymore)
AND has only one son (anymore)
AND has only one son (anymore)
AND has only one son (anymore)
AND has only one son (anymore)
AND has only one son (anymore)
AND has only one son (anymore)
AND has only one son (anymore)
AND has only one son (anymore)
AND has only one son (anymore)
AND has only one son (anymore)
AND has only one son (anymore)
AND has only one son (anymore)
AND has only one son (anymore)
AND has only one son (anymore)
AND has only one son (anymore)
AND has only one son (anymore)
AND has only one son (anymore)
AND has only one son (anymore)
AND has only one son (anymore)
AND has only one son (anymore)
AND has only one son (anymore)
AND has only one son (anymore)
AND has only one son (anymore)
AND has only one son (anymore)
AND has only one son (anymore)
AND has only one son (anymore)
AND has only one son (anymore)
AND has only one son (anymore)
AND has only one son (anymore)
AND has only one son (anymore)
AND has only one son (anymore)
AND has only one son (anymore)
AND has only one son (anymore)
AND has only one son (anymore)
AND has only one son (anymore)
AND has only one son (anymore)
AND has only one son (anymore)
AND has only one son (anymore)
AND has only one son (anymore)
AND has only one son (anymore)
AND has only one son (anymore)
AND has only one son (anymore)
AND has only one son (anymore)
AND has only one son (anymore)
AND has only one son (anymore)
AND has only one son (anymore)
AND has only one son (anymore)
AND has only one son (anymore)
AND has only one son (anymore)
AND has only one son (anymore)
AND has only one son (anymore)
AND has only one son (anymore)
AND has only one son (anymore)
AND has only one son (anymore)
AND has only one son (anymore)
AND has only one son (anymore)
AND has only one son (anymore)
AND has only one son (anymore)
AND has only one son (anymore)
instantiated 2284 actions


time:   0,   579 facts and       0 exclusive pairs (   59,       0 positives)
             637 ops   and    1885 exclusive pairs
time:   1,   697 facts and    6962 exclusive pairs (  118,    1770 positives)
             871 ops   and   33267 exclusive pairs
time:   2,   756 facts and    2062 exclusive pairs (  177,    1888 positives)
           