
Parsing domain file:  domain 'LOGISTICS' defined ... done.
Parsing problem file:  problem 'LOGISTICS-4-0' defined ... done.



Modality: Fast Planner

Number of actions             :     140
Number of conditional actions :       0
Number of facts               :      52


Analyzing Planning Problem:
	Temporal Planning Problem: NO
	Numeric Planning Problem: NO
	Problem with Timed Initial Litearals: NO
	Problem with Derived Predicates: NO

Evaluation function weights:
     Action duration 0.00; Action cost 1.00


Computing mutex... done

Preprocessing total time: 0.00 seconds

Searching ('.' = every 50 search steps):
 solution found: 

Plan computed:
   Time: (ACTION) [action Duration; action Cost]
 0.0000: (LOAD-TRUCK OBJ11 TRU1 POS1) [D:1.0000; C:1.0000]
 0.0000: (LOAD-TRUCK OBJ23 TRU2 POS2) [D:1.0000; C:1.0000]
 0.0000: (LOAD-TRUCK OBJ21 TRU2 POS2) [D:1.0000; C:1.0000]
 1.0000: (DRIVE-TRUCK TRU1 POS1 APT1 CIT1) [D:1.0000; C:1.0000]
 1.0000: (DRIVE-TRUCK TRU2 POS2 APT2 CIT2) [D:1.0000; C:1.0000]
 2.0000: (UNLOAD-TRUCK OBJ11 TRU1 APT1) [D:1.0000; C:1.0000]
 2.0000: (UNLOAD-TRUCK OBJ21 TRU2 APT2) [D:1.0000; C:1.0000]
 3.0000: (DRIVE-TRUCK TRU1 APT1 POS1 CIT1) [D:1.0000; C:1.0000]
 3.0000: (DRIVE-TRUCK TRU2 APT2 POS2 CIT2) [D:1.0000; C:1.0000]
 3.0000: (LOAD-AIRPLANE OBJ21 APN1 APT2) [D:1.0000; C:1.0000]
 4.0000: (DRIVE-TRUCK TRU1 POS1 APT1 CIT1) [D:1.0000; C:1.0000]
 4.0000: (DRIVE-TRUCK TRU2 POS2 APT2 CIT2) [D:1.0000; C:1.0000]
 5.0000: (UNLOAD-TRUCK OBJ23 TRU2 APT2) [D:1.0000; C:1.0000]
 6.0000: (LOAD-AIRPLANE OBJ23 APN1 APT2) [D:1.0000; C:1.0000]
 7.0000: (FLY-AIRPLANE APN1 APT2 APT1) [D:1.0000; C:1.0000]
 8.0000: (UNLOAD-AIRPLANE OBJ23 APN1 APT1) [D:1.0000; C:1.0000]
 8.0000: (UNLOAD-AIRPLANE OBJ21 APN1 APT1) [D:1.0000; C:1.0000]
 9.0000: (LOAD-TRUCK OBJ23 TRU1 APT1) [D:1.0000; C:1.0000]
 9.0000: (LOAD-TRUCK OBJ21 TRU1 APT1) [D:1.0000; C:1.0000]
 10.0000: (DRIVE-TRUCK TRU1 APT1 POS1 CIT1) [D:1.0000; C:1.0000]
 11.0000: (UNLOAD-TRUCK OBJ23 TRU1 POS1) [D:1.0000; C:1.0000]
 11.0000: (UNLOAD-TRUCK OBJ21 TRU1 POS1) [D:1.0000; C:1.0000]
 11.0000: (LOAD-TRUCK OBJ13 TRU1 POS1) [D:1.0000; C:1.0000]
 12.0000: (DRIVE-TRUCK TRU1 POS1 APT1 CIT1) [D:1.0000; C:1.0000]
 13.0000: (UNLOAD-TRUCK OBJ13 TRU1 APT1) [D:1.0000; C:1.0000]


Solution found:
Total time:      0.01
Search time:     0.01
Actions:         25
Execution cost:  25.00
Duration:        14.000
Plan quality:    25.000


Parsing domain file:  domain 'LOGISTICS' defined ... done.
Parsing problem file:  problem 'LOGISTICS-4-1' defined ... done.



Modality: Fast Planner

Number of actions             :     140
Number of conditional actions :       0
Number of facts               :      52


Analyzing Planning Problem:
	Temporal Planning Problem: NO
	Numeric Planning Problem: NO
	Problem with Timed Initial Litearals: NO
	Problem with Derived Predicates: NO

Evaluation function weights:
     Action duration 0.00; Action cost 1.00


Computing mutex... done

Preprocessing total time: 0.00 seconds

Searching ('.' = every 50 search steps):
 solution found: 

Plan computed:
   Time: (ACTION) [action Duration; action Cost]
 0.0000: (DRIVE-TRUCK TRU2 POS2 APT2 CIT2) [D:1.0000; C:1.0000]
 0.0000: (FLY-AIRPLANE APN1 APT2 APT1) [D:1.0000; C:1.0000]
 0.0000: (LOAD-TRUCK OBJ11 TRU1 POS1) [D:1.0000; C:1.0000]
 0.0000: (LOAD-TRUCK OBJ13 TRU1 POS1) [D:1.0000; C:1.0000]
 0.0000: (LOAD-TRUCK OBJ12 TRU1 POS1) [D:1.0000; C:1.0000]
 1.0000: (DRIVE-TRUCK TRU1 POS1 APT1 CIT1) [D:1.0000; C:1.0000]
 2.0000: (UNLOAD-TRUCK OBJ12 TRU1 APT1) [D:1.0000; C:1.0000]
 3.0000: (DRIVE-TRUCK TRU1 APT1 POS1 CIT1) [D:1.0000; C:1.0000]
 3.0000: (LOAD-AIRPLANE OBJ12 APN1 APT1) [D:1.0000; C:1.0000]
 4.0000: (DRIVE-TRUCK TRU1 POS1 APT1 CIT1) [D:1.0000; C:1.0000]
 5.0000: (UNLOAD-TRUCK OBJ13 TRU1 APT1) [D:1.0000; C:1.0000]
 6.0000: (DRIVE-TRUCK TRU1 APT1 POS1 CIT1) [D:1.0000; C:1.0000]
 7.0000: (DRIVE-TRUCK TRU1 POS1 APT1 CIT1) [D:1.0000; C:1.0000]
 8.0000: (UNLOAD-TRUCK OBJ11 TRU1 APT1) [D:1.0000; C:1.0000]
 9.0000: (LOAD-AIRPLANE OBJ11 APN1 APT1) [D:1.0000; C:1.0000]
 10.0000: (FLY-AIRPLANE APN1 APT1 APT2) [D:1.0000; C:1.0000]
 11.0000: (UNLOAD-AIRPLANE OBJ11 APN1 APT2) [D:1.0000; C:1.0000]
 11.0000: (UNLOAD-AIRPLANE OBJ12 APN1 APT2) [D:1.0000; C:1.0000]
 12.0000: (LOAD-TRUCK OBJ11 TRU2 APT2) [D:1.0000; C:1.0000]
 13.0000: (DRIVE-TRUCK TRU2 APT2 POS2 CIT2) [D:1.0000; C:1.0000]
 14.0000: (UNLOAD-TRUCK OBJ11 TRU2 POS2) [D:1.0000; C:1.0000]
 14.0000: (LOAD-TRUCK OBJ21 TRU2 POS2) [D:1.0000; C:1.0000]
 15.0000: (DRIVE-TRUCK TRU2 POS2 APT2 CIT2) [D:1.0000; C:1.0000]
 16.0000: (UNLOAD-TRUCK OBJ21 TRU2 APT2) [D:1.0000; C:1.0000]
 17.0000: (LOAD-AIRPLANE OBJ21 APN1 APT2) [D:1.0000; C:1.0000]
 18.0000: (UNLOAD-AIRPLANE OBJ21 APN1 APT2) [D:1.0000; C:1.0000]


Solution found:
Total time:      0.01
Search time:     0.01
Actions:         26
Execution cost:  26.00
Duration:        19.000
Plan quality:    26.000


Parsing domain file:  domain 'LOGISTICS' defined ... done.
Parsing problem file:  problem 'LOGISTICS-4-2' defined ... done.



Modality: Fast Planner

Number of actions             :     140
Number of conditional actions :       0
Number of facts               :      52


Analyzing Planning Problem:
	Temporal Planning Problem: NO
	Numeric Planning Problem: NO
	Problem with Timed Initial Litearals: NO
	Problem with Derived Predicates: NO

Evaluation function weights:
     Action duration 0.00; Action cost 1.00


Computing mutex... done

Preprocessing total time: 0.00 seconds

Searching ('.' = every 50 search steps):
 solution found: 

Plan computed:
   Time: (ACTION) [action Duration; action Cost]
 0.0000: (DRIVE-TRUCK TRU2 POS2 APT2 CIT2) [D:1.0000; C:1.0000]
 0.0000: (LOAD-TRUCK OBJ11 TRU1 POS1) [D:1.0000; C:1.0000]
 1.0000: (DRIVE-TRUCK TRU1 POS1 APT1 CIT1) [D:1.0000; C:1.0000]
 2.0000: (UNLOAD-TRUCK OBJ11 TRU1 APT1) [D:1.0000; C:1.0000]
 3.0000: (LOAD-AIRPLANE OBJ11 APN1 APT1) [D:1.0000; C:1.0000]
 4.0000: (FLY-AIRPLANE APN1 APT1 APT2) [D:1.0000; C:1.0000]
 5.0000: (UNLOAD-AIRPLANE OBJ11 APN1 APT2) [D:1.0000; C:1.0000]
 6.0000: (LOAD-TRUCK OBJ11 TRU2 APT2) [D:1.0000; C:1.0000]
 7.0000: (DRIVE-TRUCK TRU2 APT2 POS2 CIT2) [D:1.0000; C:1.0000]
 8.0000: (UNLOAD-TRUCK OBJ11 TRU2 POS2) [D:1.0000; C:1.0000]
 8.0000: (LOAD-TRUCK OBJ21 TRU2 POS2) [D:1.0000; C:1.0000]
 9.0000: (DRIVE-TRUCK TRU2 POS2 APT2 CIT2) [D:1.0000; C:1.0000]
 10.0000: (UNLOAD-TRUCK OBJ21 TRU2 APT2) [D:1.0000; C:1.0000]
 11.0000: (LOAD-AIRPLANE OBJ21 APN1 APT2) [D:1.0000; C:1.0000]
 12.0000: (FLY-AIRPLANE APN1 APT2 APT1) [D:1.0000; C:1.0000]
 13.0000: (UNLOAD-AIRPLANE OBJ21 APN1 APT1) [D:1.0000; C:1.0000]


Solution found:
Total time:      0.00
Search time:     0.00
Actions:         16
Execution cost:  16.00
Duration:        14.000
Plan quality:    16.000


Parsing domain file:  domain 'LOGISTICS' defined ... done.
Parsing problem file:  problem 'LOGISTICS-5-0' defined ... done.



Modality: Fast Planner

Number of actions             :     140
Number of conditional actions :       0
Number of facts               :      52


Analyzing Planning Problem:
	Temporal Planning Problem: NO
	Numeric Planning Problem: NO
	Problem with Timed Initial Litearals: NO
	Problem with Derived Predicates: NO

Evaluation function weights:
     Action duration 0.00; Action cost 1.00


Computing mutex... done

Preprocessing total time: 0.00 seconds

Searching ('.' = every 50 search steps):
 solution found: 

Plan computed:
   Time: (ACTION) [action Duration; action Cost]
 0.0000: (LOAD-TRUCK OBJ22 TRU2 POS2) [D:1.0000; C:1.0000]
 0.0000: (LOAD-TRUCK OBJ12 TRU1 POS1) [D:1.0000; C:1.0000]
 0.0000: (LOAD-TRUCK OBJ11 TRU1 POS1) [D:1.0000; C:1.0000]
 0.0000: (LOAD-TRUCK OBJ13 TRU1 POS1) [D:1.0000; C:1.0000]
 1.0000: (DRIVE-TRUCK TRU2 POS2 APT2 CIT2) [D:1.0000; C:1.0000]
 1.0000: (DRIVE-TRUCK TRU1 POS1 APT1 CIT1) [D:1.0000; C:1.0000]
 2.0000: (UNLOAD-TRUCK OBJ22 TRU2 APT2) [D:1.0000; C:1.0000]
 2.0000: (UNLOAD-TRUCK OBJ13 TRU1 APT1) [D:1.0000; C:1.0000]
 3.0000: (DRIVE-TRUCK TRU2 APT2 POS2 CIT2) [D:1.0000; C:1.0000]
 3.0000: (DRIVE-TRUCK TRU1 APT1 POS1 CIT1) [D:1.0000; C:1.0000]
 3.0000: (LOAD-AIRPLANE OBJ13 APN1 APT1) [D:1.0000; C:1.0000]
 4.0000: (DRIVE-TRUCK TRU2 POS2 APT2 CIT2) [D:1.0000; C:1.0000]
 4.0000: (DRIVE-TRUCK TRU1 POS1 APT1 CIT1) [D:1.0000; C:1.0000]
 5.0000: (UNLOAD-TRUCK OBJ11 TRU1 APT1) [D:1.0000; C:1.0000]
 6.0000: (DRIVE-TRUCK TRU1 APT1 POS1 CIT1) [D:1.0000; C:1.0000]
 6.0000: (LOAD-AIRPLANE OBJ11 APN1 APT1) [D:1.0000; C:1.0000]
 7.0000: (DRIVE-TRUCK TRU1 POS1 APT1 CIT1) [D:1.0000; C:1.0000]
 8.0000: (UNLOAD-TRUCK OBJ12 TRU1 APT1) [D:1.0000; C:1.0000]
 9.0000: (LOAD-AIRPLANE OBJ12 APN1 APT1) [D:1.0000; C:1.0000]
 10.0000: (FLY-AIRPLANE APN1 APT1 APT2) [D:1.0000; C:1.0000]
 11.0000: (UNLOAD-AIRPLANE OBJ12 APN1 APT2) [D:1.0000; C:1.0000]
 11.0000: (UNLOAD-AIRPLANE OBJ11 APN1 APT2) [D:1.0000; C:1.0000]
 11.0000: (UNLOAD-AIRPLANE OBJ13 APN1 APT2) [D:1.0000; C:1.0000]
 11.0000: (LOAD-AIRPLANE OBJ22 APN1 APT2) [D:1.0000; C:1.0000]
 12.0000: (LOAD-TRUCK OBJ12 TRU2 APT2) [D:1.0000; C:1.0000]
 12.0000: (LOAD-TRUCK OBJ11 TRU2 APT2) [D:1.0000; C:1.0000]
 12.0000: (FLY-AIRPLANE APN1 APT2 APT1) [D:1.0000; C:1.0000]
 13.0000: (DRIVE-TRUCK TRU2 APT2 POS2 CIT2) [D:1.0000; C:1.0000]
 13.0000: (UNLOAD-AIRPLANE OBJ22 APN1 APT1) [D:1.0000; C:1.0000]
 14.0000: (UNLOAD-TRUCK OBJ12 TRU2 POS2) [D:1.0000; C:1.0000]
 14.0000: (UNLOAD-TRUCK OBJ11 TRU2 POS2) [D:1.0000; C:1.0000]
 14.0000: (LOAD-TRUCK OBJ23 TRU2 POS2) [D:1.0000; C:1.0000]
 15.0000: (DRIVE-TRUCK TRU2 POS2 APT2 CIT2) [D:1.0000; C:1.0000]
 16.0000: (UNLOAD-TRUCK OBJ23 TRU2 APT2) [D:1.0000; C:1.0000]


Solution found:
Total time:      0.00
Search time:     0.00
Actions:         34
Execution cost:  34.00
Duration:        17.000
Plan quality:    34.000


Parsing domain file:  domain 'LOGISTICS' defined ... done.
Parsing problem file:  problem 'LOGISTICS-5-1' defined ... done.



Modality: Fast Planner

Number of actions             :     140
Number of conditional actions :       0
Number of facts               :      52


Analyzing Planning Problem:
	Temporal Planning Problem: NO
	Numeric Planning Problem: NO
	Problem with Timed Initial Litearals: NO
	Problem with Derived Predicates: NO

Evaluation function weights:
     Action duration 0.00; Action cost 1.00


Computing mutex... done

Preprocessing total time: 0.01 seconds

Searching ('.' = every 50 search steps):
 solution found: 

Plan computed:
   Time: (ACTION) [action Duration; action Cost]
 0.0000: (DRIVE-TRUCK TRU1 POS1 APT1 CIT1) [D:1.0000; C:1.0000]
 0.0000: (FLY-AIRPLANE APN1 APT1 APT2) [D:1.0000; C:1.0000]
 0.0000: (LOAD-TRUCK OBJ23 TRU2 POS2) [D:1.0000; C:1.0000]
 0.0000: (LOAD-TRUCK OBJ22 TRU2 POS2) [D:1.0000; C:1.0000]
 0.0000: (LOAD-TRUCK OBJ21 TRU2 POS2) [D:1.0000; C:1.0000]
 1.0000: (DRIVE-TRUCK TRU2 POS2 APT2 CIT2) [D:1.0000; C:1.0000]
 2.0000: (UNLOAD-TRUCK OBJ21 TRU2 APT2) [D:1.0000; C:1.0000]
 3.0000: (DRIVE-TRUCK TRU2 APT2 POS2 CIT2) [D:1.0000; C:1.0000]
 4.0000: (DRIVE-TRUCK TRU2 POS2 APT2 CIT2) [D:1.0000; C:1.0000]
 5.0000: (UNLOAD-TRUCK OBJ22 TRU2 APT2) [D:1.0000; C:1.0000]
 6.0000: (DRIVE-TRUCK TRU2 APT2 POS2 CIT2) [D:1.0000; C:1.0000]
 7.0000: (DRIVE-TRUCK TRU2 POS2 APT2 CIT2) [D:1.0000; C:1.0000]
 8.0000: (UNLOAD-TRUCK OBJ23 TRU2 APT2) [D:1.0000; C:1.0000]
 9.0000: (LOAD-AIRPLANE OBJ23 APN1 APT2) [D:1.0000; C:1.0000]
 10.0000: (FLY-AIRPLANE APN1 APT2 APT1) [D:1.0000; C:1.0000]
 11.0000: (UNLOAD-AIRPLANE OBJ23 APN1 APT1) [D:1.0000; C:1.0000]
 12.0000: (LOAD-TRUCK OBJ23 TRU1 APT1) [D:1.0000; C:1.0000]
 13.0000: (DRIVE-TRUCK TRU1 APT1 POS1 CIT1) [D:1.0000; C:1.0000]
 14.0000: (UNLOAD-TRUCK OBJ23 TRU1 POS1) [D:1.0000; C:1.0000]
 14.0000: (LOAD-TRUCK OBJ12 TRU1 POS1) [D:1.0000; C:1.0000]
 15.0000: (DRIVE-TRUCK TRU1 POS1 APT1 CIT1) [D:1.0000; C:1.0000]
 16.0000: (UNLOAD-TRUCK OBJ12 TRU1 APT1) [D:1.0000; C:1.0000]


Solution found:
Total time:      0.01
Search time:     0.00
Actions:         22
Execution cost:  22.00
Duration:        17.000
Plan quality:    22.000


Parsing domain file:  domain 'LOGISTICS' defined ... done.
Parsing problem file:  problem 'LOGISTICS-5-2' defined ... done.



Modality: Fast Planner

Number of actions             :     140
Number of conditional actions :       0
Number of facts               :      52


Analyzing Planning Problem:
	Temporal Planning Problem: NO
	Numeric Planning Problem: NO
	Problem with Timed Initial Litearals: NO
	Problem with Derived Predicates: NO

Evaluation function weights:
     Action duration 0.00; Action cost 1.00


Computing mutex... done

Preprocessing total time: 0.00 seconds

Searching ('.' = every 50 search steps):
 solution found: 

Plan computed:
   Time: (ACTION) [action Duration; action Cost]
 0.0000: (LOAD-TRUCK OBJ12 TRU1 POS1) [D:1.0000; C:1.0000]
 0.0000: (LOAD-TRUCK OBJ21 TRU2 POS2) [D:1.0000; C:1.0000]
 0.0000: (LOAD-TRUCK OBJ23 TRU2 POS2) [D:1.0000; C:1.0000]
 1.0000: (DRIVE-TRUCK TRU1 POS1 APT1 CIT1) [D:1.0000; C:1.0000]
 1.0000: (DRIVE-TRUCK TRU2 POS2 APT2 CIT2) [D:1.0000; C:1.0000]
 2.0000: (UNLOAD-TRUCK OBJ12 TRU1 APT1) [D:1.0000; C:1.0000]
 2.0000: (UNLOAD-TRUCK OBJ23 TRU2 APT2) [D:1.0000; C:1.0000]
 3.0000: (DRIVE-TRUCK TRU2 APT2 POS2 CIT2) [D:1.0000; C:1.0000]
 4.0000: (DRIVE-TRUCK TRU2 POS2 APT2 CIT2) [D:1.0000; C:1.0000]
 5.0000: (UNLOAD-TRUCK OBJ21 TRU2 APT2) [D:1.0000; C:1.0000]


Solution found:
Total time:      0.00
Search time:     0.00
Actions:         10
Execution cost:  10.00
Duration:        6.000
Plan quality:    10.000


Parsing domain file:  domain 'LOGISTICS' defined ... done.
Parsing problem file:  problem 'LOGISTICS-6-0' defined ... done.



Modality: Fast Planner

Number of actions             :     140
Number of conditional actions :       0
Number of facts               :      52


Analyzing Planning Problem:
	Temporal Planning Problem: NO
	Numeric Planning Problem: NO
	Problem with Timed Initial Litearals: NO
	Problem with Derived Predicates: NO

Evaluation function weights:
     Action duration 0.00; Action cost 1.00


Computing mutex... done

Preprocessing total time: 0.01 seconds

Searching ('.' = every 50 search steps):
 solution found: 

Plan computed:
   Time: (ACTION) [action Duration; action Cost]
 0.0000: (LOAD-TRUCK OBJ23 TRU2 POS2) [D:1.0000; C:1.0000]
 0.0000: (LOAD-TRUCK OBJ13 TRU1 POS1) [D:1.0000; C:1.0000]
 0.0000: (LOAD-TRUCK OBJ12 TRU1 POS1) [D:1.0000; C:1.0000]
 0.0000: (LOAD-TRUCK OBJ11 TRU1 POS1) [D:1.0000; C:1.0000]
 1.0000: (DRIVE-TRUCK TRU2 POS2 APT2 CIT2) [D:1.0000; C:1.0000]
 1.0000: (DRIVE-TRUCK TRU1 POS1 APT1 CIT1) [D:1.0000; C:1.0000]
 2.0000: (UNLOAD-TRUCK OBJ23 TRU2 APT2) [D:1.0000; C:1.0000]
 2.0000: (UNLOAD-TRUCK OBJ11 TRU1 APT1) [D:1.0000; C:1.0000]
 3.0000: (DRIVE-TRUCK TRU2 APT2 POS2 CIT2) [D:1.0000; C:1.0000]
 3.0000: (DRIVE-TRUCK TRU1 APT1 POS1 CIT1) [D:1.0000; C:1.0000]
 4.0000: (DRIVE-TRUCK TRU2 POS2 APT2 CIT2) [D:1.0000; C:1.0000]
 4.0000: (DRIVE-TRUCK TRU1 POS1 APT1 CIT1) [D:1.0000; C:1.0000]
 5.0000: (UNLOAD-TRUCK OBJ12 TRU1 APT1) [D:1.0000; C:1.0000]
 6.0000: (DRIVE-TRUCK TRU1 APT1 POS1 CIT1) [D:1.0000; C:1.0000]
 6.0000: (LOAD-AIRPLANE OBJ12 APN1 APT1) [D:1.0000; C:1.0000]
 7.0000: (DRIVE-TRUCK TRU1 POS1 APT1 CIT1) [D:1.0000; C:1.0000]
 8.0000: (UNLOAD-TRUCK OBJ13 TRU1 APT1) [D:1.0000; C:1.0000]
 9.0000: (LOAD-AIRPLANE OBJ13 APN1 APT1) [D:1.0000; C:1.0000]
 10.0000: (FLY-AIRPLANE APN1 APT1 APT2) [D:1.0000; C:1.0000]
 11.0000: (UNLOAD-AIRPLANE OBJ13 APN1 APT2) [D:1.0000; C:1.0000]
 11.0000: (UNLOAD-AIRPLANE OBJ12 APN1 APT2) [D:1.0000; C:1.0000]
 11.0000: (LOAD-AIRPLANE OBJ23 APN1 APT2) [D:1.0000; C:1.0000]
 12.0000: (LOAD-TRUCK OBJ13 TRU2 APT2) [D:1.0000; C:1.0000]
 12.0000: (FLY-AIRPLANE APN1 APT2 APT1) [D:1.0000; C:1.0000]
 13.0000: (DRIVE-TRUCK TRU2 APT2 POS2 CIT2) [D:1.0000; C:1.0000]
 13.0000: (UNLOAD-AIRPLANE OBJ23 APN1 APT1) [D:1.0000; C:1.0000]
 13.0000: (LOAD-AIRPLANE OBJ11 APN1 APT1) [D:1.0000; C:1.0000]
 14.0000: (UNLOAD-TRUCK OBJ13 TRU2 POS2) [D:1.0000; C:1.0000]
 14.0000: (LOAD-TRUCK OBJ21 TRU2 POS2) [D:1.0000; C:1.0000]
 14.0000: (FLY-AIRPLANE APN1 APT1 APT2) [D:1.0000; C:1.0000]
 15.0000: (DRIVE-TRUCK TRU2 POS2 APT2 CIT2) [D:1.0000; C:1.0000]
 15.0000: (UNLOAD-AIRPLANE OBJ11 APN1 APT2) [D:1.0000; C:1.0000]
 16.0000: (UNLOAD-TRUCK OBJ21 TRU2 APT2) [D:1.0000; C:1.0000]


Solution found:
Total time:      0.01
Search time:     0.00
Actions:         33
Execution cost:  33.00
Duration:        17.000
Plan quality:    33.000


Parsing domain file:  domain 'LOGISTICS' defined ... done.
Parsing problem file:  problem 'LOGISTICS-6-1' defined ... done.



Modality: Fast Planner

Number of actions             :     140
Number of conditional actions :       0
Number of facts               :      52


Analyzing Planning Problem:
	Temporal Planning Problem: NO
	Numeric Planning Problem: NO
	Problem with Timed Initial Litearals: NO
	Problem with Derived Predicates: NO

Evaluation function weights:
     Action duration 0.00; Action cost 1.00


Computing mutex... done

Preprocessing total time: 0.01 seconds

Searching ('.' = every 50 search steps):
 solution found: 

Plan computed:
   Time: (ACTION) [action Duration; action Cost]
 0.0000: (DRIVE-TRUCK TRU2 POS2 APT2 CIT2) [D:1.0000; C:1.0000]
 0.0000: (LOAD-TRUCK OBJ13 TRU1 POS1) [D:1.0000; C:1.0000]
 0.0000: (LOAD-TRUCK OBJ12 TRU1 POS1) [D:1.0000; C:1.0000]
 1.0000: (DRIVE-TRUCK TRU1 POS1 APT1 CIT1) [D:1.0000; C:1.0000]
 2.0000: (UNLOAD-TRUCK OBJ12 TRU1 APT1) [D:1.0000; C:1.0000]
 3.0000: (DRIVE-TRUCK TRU1 APT1 POS1 CIT1) [D:1.0000; C:1.0000]
 4.0000: (DRIVE-TRUCK TRU1 POS1 APT1 CIT1) [D:1.0000; C:1.0000]
 5.0000: (UNLOAD-TRUCK OBJ13 TRU1 APT1) [D:1.0000; C:1.0000]
 6.0000: (LOAD-AIRPLANE OBJ13 APN1 APT1) [D:1.0000; C:1.0000]
 7.0000: (FLY-AIRPLANE APN1 APT1 APT2) [D:1.0000; C:1.0000]
 8.0000: (UNLOAD-AIRPLANE OBJ13 APN1 APT2) [D:1.0000; C:1.0000]
 9.0000: (LOAD-TRUCK OBJ13 TRU2 APT2) [D:1.0000; C:1.0000]
 10.0000: (DRIVE-TRUCK TRU2 APT2 POS2 CIT2) [D:1.0000; C:1.0000]
 11.0000: (UNLOAD-TRUCK OBJ13 TRU2 POS2) [D:1.0000; C:1.0000]
 11.0000: (LOAD-TRUCK OBJ22 TRU2 POS2) [D:1.0000; C:1.0000]
 12.0000: (DRIVE-TRUCK TRU2 POS2 APT2 CIT2) [D:1.0000; C:1.0000]
 13.0000: (UNLOAD-TRUCK OBJ22 TRU2 APT2) [D:1.0000; C:1.0000]


Solution found:
Total time:      0.01
Search time:     0.00
Actions:         17
Execution cost:  17.00
Duration:        14.000
Plan quality:    17.000


Parsing domain file:  domain 'LOGISTICS' defined ... done.
Parsing problem file:  problem 'LOGISTICS-6-2' defined ... done.



Modality: Fast Planner

Number of actions             :     140
Number of conditional actions :       0
Number of facts               :      52


Analyzing Planning Problem:
	Temporal Planning Problem: NO
	Numeric Planning Problem: NO
	Problem with Timed Initial Litearals: NO
	Problem with Derived Predicates: NO

Evaluation function weights:
     Action duration 0.00; Action cost 1.00


Computing mutex... done

Preprocessing total time: 0.00 seconds

Searching ('.' = every 50 search steps):
 solution found: 

Plan computed:
   Time: (ACTION) [action Duration; action Cost]
 0.0000: (LOAD-TRUCK OBJ23 TRU2 POS2) [D:1.0000; C:1.0000]
 0.0000: (FLY-AIRPLANE APN1 APT2 APT1) [D:1.0000; C:1.0000]
 0.0000: (LOAD-TRUCK OBJ11 TRU1 POS1) [D:1.0000; C:1.0000]
 0.0000: (LOAD-TRUCK OBJ12 TRU1 POS1) [D:1.0000; C:1.0000]
 0.0000: (LOAD-TRUCK OBJ13 TRU1 POS1) [D:1.0000; C:1.0000]
 1.0000: (DRIVE-TRUCK TRU2 POS2 APT2 CIT2) [D:1.0000; C:1.0000]
 1.0000: (DRIVE-TRUCK TRU1 POS1 APT1 CIT1) [D:1.0000; C:1.0000]
 2.0000: (UNLOAD-TRUCK OBJ23 TRU2 APT2) [D:1.0000; C:1.0000]
 2.0000: (UNLOAD-TRUCK OBJ13 TRU1 APT1) [D:1.0000; C:1.0000]
 2.0000: (UNLOAD-TRUCK OBJ12 TRU1 APT1) [D:1.0000; C:1.0000]
 3.0000: (DRIVE-TRUCK TRU1 APT1 POS1 CIT1) [D:1.0000; C:1.0000]
 3.0000: (LOAD-AIRPLANE OBJ12 APN1 APT1) [D:1.0000; C:1.0000]
 4.0000: (DRIVE-TRUCK TRU1 POS1 APT1 CIT1) [D:1.0000; C:1.0000]
 5.0000: (UNLOAD-TRUCK OBJ11 TRU1 APT1) [D:1.0000; C:1.0000]
 6.0000: (LOAD-AIRPLANE OBJ11 APN1 APT1) [D:1.0000; C:1.0000]
 7.0000: (FLY-AIRPLANE APN1 APT1 APT2) [D:1.0000; C:1.0000]
 8.0000: (UNLOAD-AIRPLANE OBJ11 APN1 APT2) [D:1.0000; C:1.0000]
 8.0000: (UNLOAD-AIRPLANE OBJ12 APN1 APT2) [D:1.0000; C:1.0000]
 8.0000: (LOAD-AIRPLANE OBJ23 APN1 APT2) [D:1.0000; C:1.0000]
 9.0000: (LOAD-TRUCK OBJ11 TRU2 APT2) [D:1.0000; C:1.0000]
 10.0000: (DRIVE-TRUCK TRU2 APT2 POS2 CIT2) [D:1.0000; C:1.0000]
 11.0000: (UNLOAD-TRUCK OBJ11 TRU2 POS2) [D:1.0000; C:1.0000]
 11.0000: (LOAD-TRUCK OBJ22 TRU2 POS2) [D:1.0000; C:1.0000]
 12.0000: (DRIVE-TRUCK TRU2 POS2 APT2 CIT2) [D:1.0000; C:1.0000]
 13.0000: (UNLOAD-TRUCK OBJ22 TRU2 APT2) [D:1.0000; C:1.0000]
 14.0000: (LOAD-AIRPLANE OBJ22 APN1 APT2) [D:1.0000; C:1.0000]
 15.0000: (FLY-AIRPLANE APN1 APT2 APT1) [D:1.0000; C:1.0000]
 16.0000: (UNLOAD-AIRPLANE OBJ22 APN1 APT1) [D:1.0000; C:1.0000]
 16.0000: (UNLOAD-AIRPLANE OBJ23 APN1 APT1) [D:1.0000; C:1.0000]


Solution found:
Total time:      0.00
Search time:     0.00
Actions:         29
Execution cost:  29.00
Duration:        17.000
Plan quality:    29.000


Parsing domain file:  domain 'LOGISTICS' defined ... done.
Parsing problem file:  problem 'LOGISTICS-6-3' defined ... done.



Modality: Fast Planner

Number of actions             :     140
Number of conditional actions :       0
Number of facts               :      52


Analyzing Planning Problem:
	Temporal Planning Problem: NO
	Numeric Planning Problem: NO
	Problem with Timed Initial Litearals: NO
	Problem with Derived Predicates: NO

Evaluation function weights:
     Action duration 0.00; Action cost 1.00


Computing mutex... done

Preprocessing total time: 0.01 seconds

Searching ('.' = every 50 search steps):
 solution found: 

Plan computed:
   Time: (ACTION) [action Duration; action Cost]
 0.0000: (LOAD-TRUCK OBJ22 TRU2 POS2) [D:1.0000; C:1.0000]
 0.0000: (FLY-AIRPLANE APN1 APT2 APT1) [D:1.0000; C:1.0000]
 0.0000: (LOAD-TRUCK OBJ13 TRU1 POS1) [D:1.0000; C:1.0000]
 1.0000: (DRIVE-TRUCK TRU2 POS2 APT2 CIT2) [D:1.0000; C:1.0000]
 1.0000: (DRIVE-TRUCK TRU1 POS1 APT1 CIT1) [D:1.0000; C:1.0000]
 2.0000: (UNLOAD-TRUCK OBJ22 TRU2 APT2) [D:1.0000; C:1.0000]
 2.0000: (UNLOAD-TRUCK OBJ13 TRU1 APT1) [D:1.0000; C:1.0000]
 3.0000: (DRIVE-TRUCK TRU2 APT2 POS2 CIT2) [D:1.0000; C:1.0000]
 3.0000: (LOAD-AIRPLANE OBJ13 APN1 APT1) [D:1.0000; C:1.0000]
 4.0000: (DRIVE-TRUCK TRU2 POS2 APT2 CIT2) [D:1.0000; C:1.0000]
 4.0000: (FLY-AIRPLANE APN1 APT1 APT2) [D:1.0000; C:1.0000]
 5.0000: (UNLOAD-AIRPLANE OBJ13 APN1 APT2) [D:1.0000; C:1.0000]
 5.0000: (LOAD-AIRPLANE OBJ22 APN1 APT2) [D:1.0000; C:1.0000]
 6.0000: (LOAD-TRUCK OBJ13 TRU2 APT2) [D:1.0000; C:1.0000]
 7.0000: (DRIVE-TRUCK TRU2 APT2 POS2 CIT2) [D:1.0000; C:1.0000]
 8.0000: (UNLOAD-TRUCK OBJ13 TRU2 POS2) [D:1.0000; C:1.0000]
 8.0000: (LOAD-TRUCK OBJ23 TRU2 POS2) [D:1.0000; C:1.0000]
 9.0000: (DRIVE-TRUCK TRU2 POS2 APT2 CIT2) [D:1.0000; C:1.0000]
 10.0000: (UNLOAD-TRUCK OBJ23 TRU2 APT2) [D:1.0000; C:1.0000]
 11.0000: (LOAD-AIRPLANE OBJ23 APN1 APT2) [D:1.0000; C:1.0000]
 12.0000: (FLY-AIRPLANE APN1 APT2 APT1) [D:1.0000; C:1.0000]
 13.0000: (UNLOAD-AIRPLANE OBJ23 APN1 APT1) [D:1.0000; C:1.0000]
 13.0000: (UNLOAD-AIRPLANE OBJ22 APN1 APT1) [D:1.0000; C:1.0000]
 14.0000: (LOAD-TRUCK OBJ23 TRU1 APT1) [D:1.0000; C:1.0000]
 15.0000: (DRIVE-TRUCK TRU1 APT1 POS1 CIT1) [D:1.0000; C:1.0000]
 16.0000: (UNLOAD-TRUCK OBJ23 TRU1 POS1) [D:1.0000; C:1.0000]
 16.0000: (LOAD-TRUCK OBJ11 TRU1 POS1) [D:1.0000; C:1.0000]
 17.0000: (DRIVE-TRUCK TRU1 POS1 APT1 CIT1) [D:1.0000; C:1.0000]
 18.0000: (UNLOAD-TRUCK OBJ11 TRU1 APT1) [D:1.0000; C:1.0000]


Solution found:
Total time:      0.01
Search time:     0.00
Actions:         29
Execution cost:  29.00
Duration:        19.000
Plan quality:    29.000


Parsing domain file:  domain 'LOGISTICS' defined ... done.
Parsing problem file:  problem 'LOGISTICS-7-0' defined ... done.



Modality: Fast Planner

Number of actions             :     423
Number of conditional actions :       0
Number of facts               :     111


Analyzing Planning Problem:
	Temporal Planning Problem: NO
	Numeric Planning Problem: NO
	Problem with Timed Initial Litearals: NO
	Problem with Derived Predicates: NO

Evaluation function weights:
     Action duration 0.00; Action cost 1.00


Computing mutex... done

Preprocessing total time: 0.00 seconds

Searching ('.' = every 50 search steps):
. solution found: 

Plan computed:
   Time: (ACTION) [action Duration; action Cost]
 0.0000: (DRIVE-TRUCK TRU2 POS2 APT2 CIT2) [D:1.0000; C:1.0000]
 0.0000: (LOAD-TRUCK OBJ12 TRU1 POS1) [D:1.0000; C:1.0000]
 0.0000: (LOAD-TRUCK OBJ32 TRU3 POS3) [D:1.0000; C:1.0000]
 0.0000: (LOAD-TRUCK OBJ31 TRU3 POS3) [D:1.0000; C:1.0000]
 0.0000: (LOAD-TRUCK OBJ33 TRU3 POS3) [D:1.0000; C:1.0000]
 1.0000: (DRIVE-TRUCK TRU1 POS1 APT1 CIT1) [D:1.0000; C:1.0000]
 1.0000: (DRIVE-TRUCK TRU3 POS3 APT3 CIT3) [D:1.0000; C:1.0000]
 2.0000: (UNLOAD-TRUCK OBJ12 TRU1 APT1) [D:1.0000; C:1.0000]
 2.0000: (UNLOAD-TRUCK OBJ33 TRU3 APT3) [D:1.0000; C:1.0000]
 3.0000: (LOAD-AIRPLANE OBJ12 APN1 APT1) [D:1.0000; C:1.0000]
 3.0000: (DRIVE-TRUCK TRU3 APT3 POS3 CIT3) [D:1.0000; C:1.0000]
 4.0000: (FLY-AIRPLANE APN1 APT1 APT2) [D:1.0000; C:1.0000]
 4.0000: (DRIVE-TRUCK TRU3 POS3 APT3 CIT3) [D:1.0000; C:1.0000]
 5.0000: (UNLOAD-AIRPLANE OBJ12 APN1 APT2) [D:1.0000; C:1.0000]
 5.0000: (UNLOAD-TRUCK OBJ31 TRU3 APT3) [D:1.0000; C:1.0000]
 6.0000: (LOAD-TRUCK OBJ12 TRU2 APT2) [D:1.0000; C:1.0000]
 6.0000: (FLY-AIRPLANE APN1 APT2 APT3) [D:1.0000; C:1.0000]
 6.0000: (DRIVE-TRUCK TRU3 APT3 POS3 CIT3) [D:1.0000; C:1.0000]
 7.0000: (DRIVE-TRUCK TRU2 APT2 POS2 CIT2) [D:1.0000; C:1.0000]
 7.0000: (DRIVE-TRUCK TRU3 POS3 APT3 CIT3) [D:1.0000; C:1.0000]
 8.0000: (UNLOAD-TRUCK OBJ12 TRU2 POS2) [D:1.0000; C:1.0000]
 8.0000: (UNLOAD-TRUCK OBJ32 TRU3 APT3) [D:1.0000; C:1.0000]
 8.0000: (LOAD-TRUCK OBJ23 TRU2 POS2) [D:1.0000; C:1.0000]
 9.0000: (LOAD-AIRPLANE OBJ32 APN1 APT3) [D:1.0000; C:1.0000]
 9.0000: (DRIVE-TRUCK TRU2 POS2 APT2 CIT2) [D:1.0000; C:1.0000]
 10.0000: (FLY-AIRPLANE APN1 APT3 APT1) [D:1.0000; C:1.0000]
 10.0000: (UNLOAD-TRUCK OBJ23 TRU2 APT2) [D:1.0000; C:1.0000]
 11.0000: (UNLOAD-AIRPLANE OBJ32 APN1 APT1) [D:1.0000; C:1.0000]
 12.0000: (LOAD-TRUCK OBJ32 TRU1 APT1) [D:1.0000; C:1.0000]
 13.0000: (DRIVE-TRUCK TRU1 APT1 POS1 CIT1) [D:1.0000; C:1.0000]
 14.0000: (UNLOAD-TRUCK OBJ32 TRU1 POS1) [D:1.0000; C:1.0000]
 14.0000: (LOAD-TRUCK OBJ13 TRU1 POS1) [D:1.0000; C:1.0000]
 15.0000: (DRIVE-TRUCK TRU1 POS1 APT1 CIT1) [D:1.0000; C:1.0000]
 16.0000: (UNLOAD-TRUCK OBJ13 TRU1 APT1) [D:1.0000; C:1.0000]
 17.0000: (LOAD-AIRPLANE OBJ13 APN1 APT1) [D:1.0000; C:1.0000]
 18.0000: (FLY-AIRPLANE APN1 APT1 APT3) [D:1.0000; C:1.0000]
 19.0000: (UNLOAD-AIRPLANE OBJ13 APN1 APT3) [D:1.0000; C:1.0000]
 19.0000: (LOAD-AIRPLANE OBJ31 APN1 APT3) [D:1.0000; C:1.0000]
 19.0000: (LOAD-AIRPLANE OBJ33 APN1 APT3) [D:1.0000; C:1.0000]
 20.0000: (FLY-AIRPLANE APN1 APT3 APT2) [D:1.0000; C:1.0000]
 21.0000: (UNLOAD-AIRPLANE OBJ31 APN1 APT2) [D:1.0000; C:1.0000]
 21.0000: (LOAD-AIRPLANE OBJ23 APN1 APT2) [D:1.0000; C:1.0000]
 22.0000: (FLY-AIRPLANE APN1 APT2 APT1) [D:1.0000; C:1.0000]
 23.0000: (UNLOAD-AIRPLANE OBJ23 APN1 APT1) [D:1.0000; C:1.0000]
 23.0000: (UNLOAD-AIRPLANE OBJ33 APN1 APT1) [D:1.0000; C:1.0000]


Solution found:
Total time:      0.02
Search time:     0.02
Actions:         45
Execution cost:  45.00
Duration:        24.000
Plan quality:    45.000


Parsing domain file:  domain 'LOGISTICS' defined ... done.
Parsing problem file:  problem 'LOGISTICS-7-1' defined ... done.



Modality: Fast Planner

Number of actions             :     423
Number of conditional actions :       0
Number of facts               :     111


Analyzing Planning Problem:
	Temporal Planning Problem: NO
	Numeric Planning Problem: NO
	Problem with Timed Initial Litearals: NO
	Problem with Derived Predicates: NO

Evaluation function weights:
     Action duration 0.00; Action cost 1.00


Computing mutex... done

Preprocessing total time: 0.01 seconds

Searching ('.' = every 50 search steps):
. solution found: 

Plan computed:
   Time: (ACTION) [action Duration; action Cost]
 0.0000: (LOAD-TRUCK OBJ33 TRU3 POS3) [D:1.0000; C:1.0000]
 0.0000: (FLY-AIRPLANE APN1 APT3 APT1) [D:1.0000; C:1.0000]
 0.0000: (LOAD-TRUCK OBJ11 TRU1 POS1) [D:1.0000; C:1.0000]
 0.0000: (LOAD-TRUCK OBJ12 TRU1 POS1) [D:1.0000; C:1.0000]
 0.0000: (LOAD-TRUCK OBJ21 TRU2 POS2) [D:1.0000; C:1.0000]
 1.0000: (DRIVE-TRUCK TRU3 POS3 APT3 CIT3) [D:1.0000; C:1.0000]
 1.0000: (DRIVE-TRUCK TRU1 POS1 APT1 CIT1) [D:1.0000; C:1.0000]
 1.0000: (DRIVE-TRUCK TRU2 POS2 APT2 CIT2) [D:1.0000; C:1.0000]
 2.0000: (UNLOAD-TRUCK OBJ33 TRU3 APT3) [D:1.0000; C:1.0000]
 2.0000: (UNLOAD-TRUCK OBJ12 TRU1 APT1) [D:1.0000; C:1.0000]
 2.0000: (UNLOAD-TRUCK OBJ21 TRU2 APT2) [D:1.0000; C:1.0000]
 3.0000: (DRIVE-TRUCK TRU3 APT3 POS3 CIT3) [D:1.0000; C:1.0000]
 3.0000: (DRIVE-TRUCK TRU1 APT1 POS1 CIT1) [D:1.0000; C:1.0000]
 3.0000: (DRIVE-TRUCK TRU2 APT2 POS2 CIT2) [D:1.0000; C:1.0000]
 4.0000: (DRIVE-TRUCK TRU3 POS3 APT3 CIT3) [D:1.0000; C:1.0000]
 4.0000: (DRIVE-TRUCK TRU1 POS1 APT1 CIT1) [D:1.0000; C:1.0000]
 4.0000: (DRIVE-TRUCK TRU2 POS2 APT2 CIT2) [D:1.0000; C:1.0000]
 5.0000: (UNLOAD-TRUCK OBJ11 TRU1 APT1) [D:1.0000; C:1.0000]
 6.0000: (LOAD-AIRPLANE OBJ11 APN1 APT1) [D:1.0000; C:1.0000]
 7.0000: (FLY-AIRPLANE APN1 APT1 APT3) [D:1.0000; C:1.0000]
 8.0000: (UNLOAD-AIRPLANE OBJ11 APN1 APT3) [D:1.0000; C:1.0000]
 8.0000: (LOAD-AIRPLANE OBJ33 APN1 APT3) [D:1.0000; C:1.0000]
 9.0000: (LOAD-TRUCK OBJ11 TRU3 APT3) [D:1.0000; C:1.0000]
 10.0000: (DRIVE-TRUCK TRU3 APT3 POS3 CIT3) [D:1.0000; C:1.0000]
 11.0000: (UNLOAD-TRUCK OBJ11 TRU3 POS3) [D:1.0000; C:1.0000]
 11.0000: (LOAD-TRUCK OBJ32 TRU3 POS3) [D:1.0000; C:1.0000]
 12.0000: (DRIVE-TRUCK TRU3 POS3 APT3 CIT3) [D:1.0000; C:1.0000]
 13.0000: (UNLOAD-TRUCK OBJ32 TRU3 APT3) [D:1.0000; C:1.0000]
 14.0000: (LOAD-AIRPLANE OBJ32 APN1 APT3) [D:1.0000; C:1.0000]
 15.0000: (FLY-AIRPLANE APN1 APT3 APT1) [D:1.0000; C:1.0000]
 16.0000: (UNLOAD-AIRPLANE OBJ32 APN1 APT1) [D:1.0000; C:1.0000]
 17.0000: (LOAD-TRUCK OBJ32 TRU1 APT1) [D:1.0000; C:1.0000]
 18.0000: (DRIVE-TRUCK TRU1 APT1 POS1 CIT1) [D:1.0000; C:1.0000]
 19.0000: (UNLOAD-TRUCK OBJ32 TRU1 POS1) [D:1.0000; C:1.0000]
 19.0000: (LOAD-TRUCK OBJ13 TRU1 POS1) [D:1.0000; C:1.0000]
 20.0000: (DRIVE-TRUCK TRU1 POS1 APT1 CIT1) [D:1.0000; C:1.0000]
 21.0000: (UNLOAD-TRUCK OBJ13 TRU1 APT1) [D:1.0000; C:1.0000]
 22.0000: (LOAD-AIRPLANE OBJ13 APN1 APT1) [D:1.0000; C:1.0000]
 23.0000: (FLY-AIRPLANE APN1 APT1 APT2) [D:1.0000; C:1.0000]
 24.0000: (UNLOAD-AIRPLANE OBJ13 APN1 APT2) [D:1.0000; C:1.0000]
 24.0000: (LOAD-AIRPLANE OBJ21 APN1 APT2) [D:1.0000; C:1.0000]
 25.0000: (LOAD-TRUCK OBJ13 TRU2 APT2) [D:1.0000; C:1.0000]
 26.0000: (DRIVE-TRUCK TRU2 APT2 POS2 CIT2) [D:1.0000; C:1.0000]
 27.0000: (UNLOAD-TRUCK OBJ13 TRU2 POS2) [D:1.0000; C:1.0000]
 27.0000: (LOAD-TRUCK OBJ23 TRU2 POS2) [D:1.0000; C:1.0000]
 28.0000: (DRIVE-TRUCK TRU2 POS2 APT2 CIT2) [D:1.0000; C:1.0000]
 29.0000: (UNLOAD-TRUCK OBJ23 TRU2 APT2) [D:1.0000; C:1.0000]
 30.0000: (LOAD-AIRPLANE OBJ23 APN1 APT2) [D:1.0000; C:1.0000]
 31.0000: (FLY-AIRPLANE APN1 APT2 APT1) [D:1.0000; C:1.0000]
 32.0000: (UNLOAD-AIRPLANE OBJ23 APN1 APT1) [D:1.0000; C:1.0000]
 32.0000: (UNLOAD-AIRPLANE OBJ33 APN1 APT1) [D:1.0000; C:1.0000]
 32.0000: (LOAD-AIRPLANE OBJ12 APN1 APT1) [D:1.0000; C:1.0000]
 33.0000: (FLY-AIRPLANE APN1 APT1 APT3) [D:1.0000; C:1.0000]
 34.0000: (UNLOAD-AIRPLANE OBJ21 APN1 APT3) [D:1.0000; C:1.0000]
 34.0000: (UNLOAD-AIRPLANE OBJ12 APN1 APT3) [D:1.0000; C:1.0000]


Solution found:
Total time:      0.01
Search time:     0.00
Actions:         55
Execution cost:  55.00
Duration:        35.000
Plan quality:    55.000


Parsing domain file:  domain 'LOGISTICS' defined ... done.
Parsing problem file:  problem 'LOGISTICS-8-0' defined ... done.



Modality: Fast Planner

Number of actions             :     423
Number of conditional actions :       0
Number of facts               :     111


Analyzing Planning Problem:
	Temporal Planning Problem: NO
	Numeric Planning Problem: NO
	Problem with Timed Initial Litearals: NO
	Problem with Derived Predicates: NO

Evaluation function weights:
     Action duration 0.00; Action cost 1.00


Computing mutex... done

Preprocessing total time: 0.01 seconds

Searching ('.' = every 50 search steps):
 solution found: 

Plan computed:
   Time: (ACTION) [action Duration; action Cost]
 0.0000: (LOAD-TRUCK OBJ32 TRU3 POS3) [D:1.0000; C:1.0000]
 0.0000: (LOAD-TRUCK OBJ11 TRU1 POS1) [D:1.0000; C:1.0000]
 0.0000: (LOAD-TRUCK OBJ13 TRU1 POS1) [D:1.0000; C:1.0000]
 0.0000: (LOAD-TRUCK OBJ22 TRU2 POS2) [D:1.0000; C:1.0000]
 0.0000: (LOAD-TRUCK OBJ23 TRU2 POS2) [D:1.0000; C:1.0000]
 1.0000: (DRIVE-TRUCK TRU3 POS3 APT3 CIT3) [D:1.0000; C:1.0000]
 1.0000: (DRIVE-TRUCK TRU1 POS1 APT1 CIT1) [D:1.0000; C:1.0000]
 1.0000: (DRIVE-TRUCK TRU2 POS2 APT2 CIT2) [D:1.0000; C:1.0000]
 2.0000: (UNLOAD-TRUCK OBJ32 TRU3 APT3) [D:1.0000; C:1.0000]
 2.0000: (UNLOAD-TRUCK OBJ13 TRU1 APT1) [D:1.0000; C:1.0000]
 2.0000: (UNLOAD-TRUCK OBJ23 TRU2 APT2) [D:1.0000; C:1.0000]
 3.0000: (DRIVE-TRUCK TRU3 APT3 POS3 CIT3) [D:1.0000; C:1.0000]
 3.0000: (DRIVE-TRUCK TRU1 APT1 POS1 CIT1) [D:1.0000; C:1.0000]
 3.0000: (LOAD-AIRPLANE OBJ13 APN1 APT1) [D:1.0000; C:1.0000]
 3.0000: (DRIVE-TRUCK TRU2 APT2 POS2 CIT2) [D:1.0000; C:1.0000]
 4.0000: (DRIVE-TRUCK TRU3 POS3 APT3 CIT3) [D:1.0000; C:1.0000]
 4.0000: (DRIVE-TRUCK TRU1 POS1 APT1 CIT1) [D:1.0000; C:1.0000]
 4.0000: (DRIVE-TRUCK TRU2 POS2 APT2 CIT2) [D:1.0000; C:1.0000]
 5.0000: (UNLOAD-TRUCK OBJ11 TRU1 APT1) [D:1.0000; C:1.0000]
 5.0000: (UNLOAD-TRUCK OBJ22 TRU2 APT2) [D:1.0000; C:1.0000]
 6.0000: (LOAD-AIRPLANE OBJ11 APN1 APT1) [D:1.0000; C:1.0000]
 7.0000: (FLY-AIRPLANE APN1 APT1 APT2) [D:1.0000; C:1.0000]
 8.0000: (LOAD-AIRPLANE OBJ22 APN1 APT2) [D:1.0000; C:1.0000]
 9.0000: (FLY-AIRPLANE APN1 APT2 APT3) [D:1.0000; C:1.0000]
 10.0000: (UNLOAD-AIRPLANE OBJ22 APN1 APT3) [D:1.0000; C:1.0000]
 10.0000: (UNLOAD-AIRPLANE OBJ11 APN1 APT3) [D:1.0000; C:1.0000]
 11.0000: (LOAD-TRUCK OBJ22 TRU3 APT3) [D:1.0000; C:1.0000]
 11.0000: (LOAD-TRUCK OBJ11 TRU3 APT3) [D:1.0000; C:1.0000]
 11.0000: (FLY-AIRPLANE APN1 APT3 APT2) [D:1.0000; C:1.0000]
 12.0000: (DRIVE-TRUCK TRU3 APT3 POS3 CIT3) [D:1.0000; C:1.0000]
 12.0000: (UNLOAD-AIRPLANE OBJ13 APN1 APT2) [D:1.0000; C:1.0000]
 13.0000: (UNLOAD-TRUCK OBJ22 TRU3 POS3) [D:1.0000; C:1.0000]
 13.0000: (UNLOAD-TRUCK OBJ11 TRU3 POS3) [D:1.0000; C:1.0000]
 13.0000: (LOAD-TRUCK OBJ31 TRU3 POS3) [D:1.0000; C:1.0000]
 13.0000: (FLY-AIRPLANE APN1 APT2 APT3) [D:1.0000; C:1.0000]
 14.0000: (DRIVE-TRUCK TRU3 POS3 APT3 CIT3) [D:1.0000; C:1.0000]
 14.0000: (LOAD-AIRPLANE OBJ32 APN1 APT3) [D:1.0000; C:1.0000]
 15.0000: (UNLOAD-TRUCK OBJ31 TRU3 APT3) [D:1.0000; C:1.0000]
 15.0000: (FLY-AIRPLANE APN1 APT3 APT1) [D:1.0000; C:1.0000]
 16.0000: (UNLOAD-AIRPLANE OBJ32 APN1 APT1) [D:1.0000; C:1.0000]


Solution found:
Total time:      0.02
Search time:     0.01
Actions:         40
Execution cost:  40.00
Duration:        17.000
Plan quality:    40.000


Parsing domain file:  domain 'LOGISTICS' defined ... done.
Parsing problem file:  problem 'LOGISTICS-8-1' defined ... done.



Modality: Fast Planner

Number of actions             :     423
Number of conditional actions :       0
Number of facts               :     111


Analyzing Planning Problem:
	Temporal Planning Problem: NO
	Numeric Planning Problem: NO
	Problem with Timed Initial Litearals: NO
	Problem with Derived Predicates: NO

Evaluation function weights:
     Action duration 0.00; Action cost 1.00


Computing mutex... done

Preprocessing total time: 0.00 seconds

Searching ('.' = every 50 search steps):
. solution found: 

Plan computed:
   Time: (ACTION) [action Duration; action Cost]
 0.0000: (LOAD-TRUCK OBJ31 TRU3 POS3) [D:1.0000; C:1.0000]
 0.0000: (LOAD-TRUCK OBJ33 TRU3 POS3) [D:1.0000; C:1.0000]
 0.0000: (FLY-AIRPLANE APN1 APT3 APT2) [D:1.0000; C:1.0000]
 0.0000: (LOAD-TRUCK OBJ22 TRU2 POS2) [D:1.0000; C:1.0000]
 0.0000: (LOAD-TRUCK OBJ21 TRU2 POS2) [D:1.0000; C:1.0000]
 0.0000: (LOAD-TRUCK OBJ12 TRU1 POS1) [D:1.0000; C:1.0000]
 1.0000: (DRIVE-TRUCK TRU3 POS3 APT3 CIT3) [D:1.0000; C:1.0000]
 1.0000: (DRIVE-TRUCK TRU2 POS2 APT2 CIT2) [D:1.0000; C:1.0000]
 1.0000: (DRIVE-TRUCK TRU1 POS1 APT1 CIT1) [D:1.0000; C:1.0000]
 2.0000: (UNLOAD-TRUCK OBJ33 TRU3 APT3) [D:1.0000; C:1.0000]
 2.0000: (UNLOAD-TRUCK OBJ21 TRU2 APT2) [D:1.0000; C:1.0000]
 2.0000: (UNLOAD-TRUCK OBJ12 TRU1 APT1) [D:1.0000; C:1.0000]
 3.0000: (DRIVE-TRUCK TRU3 APT3 POS3 CIT3) [D:1.0000; C:1.0000]
 3.0000: (DRIVE-TRUCK TRU2 APT2 POS2 CIT2) [D:1.0000; C:1.0000]
 3.0000: (LOAD-AIRPLANE OBJ21 APN1 APT2) [D:1.0000; C:1.0000]
 3.0000: (DRIVE-TRUCK TRU1 APT1 POS1 CIT1) [D:1.0000; C:1.0000]
 4.0000: (DRIVE-TRUCK TRU3 POS3 APT3 CIT3) [D:1.0000; C:1.0000]
 4.0000: (DRIVE-TRUCK TRU2 POS2 APT2 CIT2) [D:1.0000; C:1.0000]
 4.0000: (LOAD-TRUCK OBJ13 TRU1 POS1) [D:1.0000; C:1.0000]
 5.0000: (UNLOAD-TRUCK OBJ31 TRU3 APT3) [D:1.0000; C:1.0000]
 5.0000: (UNLOAD-TRUCK OBJ22 TRU2 APT2) [D:1.0000; C:1.0000]
 5.0000: (DRIVE-TRUCK TRU1 POS1 APT1 CIT1) [D:1.0000; C:1.0000]
 6.0000: (DRIVE-TRUCK TRU3 APT3 POS3 CIT3) [D:1.0000; C:1.0000]
 6.0000: (LOAD-AIRPLANE OBJ22 APN1 APT2) [D:1.0000; C:1.0000]
 6.0000: (UNLOAD-TRUCK OBJ13 TRU1 APT1) [D:1.0000; C:1.0000]
 7.0000: (DRIVE-TRUCK TRU3 POS3 APT3 CIT3) [D:1.0000; C:1.0000]
 7.0000: (FLY-AIRPLANE APN1 APT2 APT3) [D:1.0000; C:1.0000]
 8.0000: (UNLOAD-AIRPLANE OBJ22 APN1 APT3) [D:1.0000; C:1.0000]
 8.0000: (UNLOAD-AIRPLANE OBJ21 APN1 APT3) [D:1.0000; C:1.0000]
 9.0000: (LOAD-TRUCK OBJ22 TRU3 APT3) [D:1.0000; C:1.0000]
 9.0000: (LOAD-TRUCK OBJ21 TRU3 APT3) [D:1.0000; C:1.0000]
 9.0000: (FLY-AIRPLANE APN1 APT3 APT1) [D:1.0000; C:1.0000]
 10.0000: (LOAD-AIRPLANE OBJ12 APN1 APT1) [D:1.0000; C:1.0000]
 11.0000: (FLY-AIRPLANE APN1 APT1 APT3) [D:1.0000; C:1.0000]
 12.0000: (UNLOAD-AIRPLANE OBJ12 APN1 APT3) [D:1.0000; C:1.0000]
 12.0000: (LOAD-AIRPLANE OBJ31 APN1 APT3) [D:1.0000; C:1.0000]
 13.0000: (LOAD-TRUCK OBJ12 TRU3 APT3) [D:1.0000; C:1.0000]
 13.0000: (FLY-AIRPLANE APN1 APT3 APT1) [D:1.0000; C:1.0000]
 14.0000: (DRIVE-TRUCK TRU3 APT3 POS3 CIT3) [D:1.0000; C:1.0000]
 14.0000: (LOAD-AIRPLANE OBJ13 APN1 APT1) [D:1.0000; C:1.0000]
 15.0000: (UNLOAD-TRUCK OBJ22 TRU3 POS3) [D:1.0000; C:1.0000]
 15.0000: (FLY-AIRPLANE APN1 APT1 APT2) [D:1.0000; C:1.0000]
 15.0000: (UNLOAD-TRUCK OBJ21 TRU3 POS3) [D:1.0000; C:1.0000]
 15.0000: (UNLOAD-TRUCK OBJ12 TRU3 POS3) [D:1.0000; C:1.0000]
 15.0000: (LOAD-TRUCK OBJ32 TRU3 POS3) [D:1.0000; C:1.0000]
 16.0000: (UNLOAD-AIRPLANE OBJ13 APN1 APT2) [D:1.0000; C:1.0000]
 16.0000: (DRIVE-TRUCK TRU3 POS3 APT3 CIT3) [D:1.0000; C:1.0000]
 17.0000: (LOAD-TRUCK OBJ13 TRU2 APT2) [D:1.0000; C:1.0000]
 17.0000: (FLY-AIRPLANE APN1 APT2 APT1) [D:1.0000; C:1.0000]
 17.0000: (UNLOAD-TRUCK OBJ32 TRU3 APT3) [D:1.0000; C:1.0000]
 18.0000: (DRIVE-TRUCK TRU2 APT2 POS2 CIT2) [D:1.0000; C:1.0000]
 18.0000: (UNLOAD-AIRPLANE OBJ31 APN1 APT1) [D:1.0000; C:1.0000]
 19.0000: (UNLOAD-TRUCK OBJ13 TRU2 POS2) [D:1.0000; C:1.0000]
 19.0000: (LOAD-TRUCK OBJ23 TRU2 POS2) [D:1.0000; C:1.0000]
 19.0000: (FLY-AIRPLANE APN1 APT1 APT3) [D:1.0000; C:1.0000]
 20.0000: (DRIVE-TRUCK TRU2 POS2 APT2 CIT2) [D:1.0000; C:1.0000]
 20.0000: (LOAD-AIRPLANE OBJ32 APN1 APT3) [D:1.0000; C:1.0000]
 21.0000: (UNLOAD-TRUCK OBJ23 TRU2 APT2) [D:1.0000; C:1.0000]
 21.0000: (FLY-AIRPLANE APN1 APT3 APT2) [D:1.0000; C:1.0000]
 22.0000: (UNLOAD-AIRPLANE OBJ32 APN1 APT2) [D:1.0000; C:1.0000]


Solution found:
Total time:      0.02
Search time:     0.02
Actions:         60
Execution cost:  60.00
Duration:        23.000
Plan quality:    60.000


Parsing domain file:  domain 'LOGISTICS' defined ... done.
Parsing problem file:  problem 'LOGISTICS-9-0' defined ... done.



Modality: Fast Planner

Number of actions             :     423
Number of conditional actions :       0
Number of facts               :     111


Analyzing Planning Problem:
	Temporal Planning Problem: NO
	Numeric Planning Problem: NO
	Problem with Timed Initial Litearals: NO
	Problem with Derived Predicates: NO

Evaluation function weights:
     Action duration 0.00; Action cost 1.00


Computing mutex... done

Preprocessing total time: 0.01 seconds

Searching ('.' = every 50 search steps):
. solution found: 

Plan computed:
   Time: (ACTION) [action Duration; action Cost]
 0.0000: (LOAD-TRUCK OBJ13 TRU1 POS1) [D:1.0000; C:1.0000]
 0.0000: (LOAD-TRUCK OBJ22 TRU2 POS2) [D:1.0000; C:1.0000]
 0.0000: (LOAD-TRUCK OBJ23 TRU2 POS2) [D:1.0000; C:1.0000]
 0.0000: (LOAD-TRUCK OBJ21 TRU2 POS2) [D:1.0000; C:1.0000]
 0.0000: (LOAD-TRUCK OBJ32 TRU3 POS3) [D:1.0000; C:1.0000]
 1.0000: (DRIVE-TRUCK TRU1 POS1 APT1 CIT1) [D:1.0000; C:1.0000]
 1.0000: (DRIVE-TRUCK TRU2 POS2 APT2 CIT2) [D:1.0000; C:1.0000]
 1.0000: (DRIVE-TRUCK TRU3 POS3 APT3 CIT3) [D:1.0000; C:1.0000]
 2.0000: (UNLOAD-TRUCK OBJ13 TRU1 APT1) [D:1.0000; C:1.0000]
 2.0000: (UNLOAD-TRUCK OBJ21 TRU2 APT2) [D:1.0000; C:1.0000]
 2.0000: (UNLOAD-TRUCK OBJ32 TRU3 APT3) [D:1.0000; C:1.0000]
 3.0000: (DRIVE-TRUCK TRU1 APT1 POS1 CIT1) [D:1.0000; C:1.0000]
 3.0000: (DRIVE-TRUCK TRU2 APT2 POS2 CIT2) [D:1.0000; C:1.0000]
 3.0000: (LOAD-AIRPLANE OBJ21 APN1 APT2) [D:1.0000; C:1.0000]
 3.0000: (DRIVE-TRUCK TRU3 APT3 POS3 CIT3) [D:1.0000; C:1.0000]
 4.0000: (DRIVE-TRUCK TRU1 POS1 APT1 CIT1) [D:1.0000; C:1.0000]
 4.0000: (DRIVE-TRUCK TRU2 POS2 APT2 CIT2) [D:1.0000; C:1.0000]
 4.0000: (DRIVE-TRUCK TRU3 POS3 APT3 CIT3) [D:1.0000; C:1.0000]
 5.0000: (UNLOAD-TRUCK OBJ23 TRU2 APT2) [D:1.0000; C:1.0000]
 6.0000: (DRIVE-TRUCK TRU2 APT2 POS2 CIT2) [D:1.0000; C:1.0000]
 6.0000: (LOAD-AIRPLANE OBJ23 APN1 APT2) [D:1.0000; C:1.0000]
 7.0000: (DRIVE-TRUCK TRU2 POS2 APT2 CIT2) [D:1.0000; C:1.0000]
 8.0000: (UNLOAD-TRUCK OBJ22 TRU2 APT2) [D:1.0000; C:1.0000]
 9.0000: (LOAD-AIRPLANE OBJ22 APN1 APT2) [D:1.0000; C:1.0000]
 10.0000: (FLY-AIRPLANE APN1 APT2 APT1) [D:1.0000; C:1.0000]
 11.0000: (UNLOAD-AIRPLANE OBJ22 APN1 APT1) [D:1.0000; C:1.0000]
 12.0000: (LOAD-TRUCK OBJ22 TRU1 APT1) [D:1.0000; C:1.0000]
 12.0000: (FLY-AIRPLANE APN1 APT1 APT3) [D:1.0000; C:1.0000]
 13.0000: (LOAD-AIRPLANE OBJ32 APN1 APT3) [D:1.0000; C:1.0000]
 14.0000: (FLY-AIRPLANE APN1 APT3 APT1) [D:1.0000; C:1.0000]
 15.0000: (UNLOAD-AIRPLANE OBJ32 APN1 APT1) [D:1.0000; C:1.0000]
 15.0000: (LOAD-AIRPLANE OBJ13 APN1 APT1) [D:1.0000; C:1.0000]
 16.0000: (LOAD-TRUCK OBJ32 TRU1 APT1) [D:1.0000; C:1.0000]
 16.0000: (FLY-AIRPLANE APN1 APT1 APT3) [D:1.0000; C:1.0000]
 17.0000: (DRIVE-TRUCK TRU1 APT1 POS1 CIT1) [D:1.0000; C:1.0000]
 17.0000: (UNLOAD-AIRPLANE OBJ23 APN1 APT3) [D:1.0000; C:1.0000]
 17.0000: (UNLOAD-AIRPLANE OBJ13 APN1 APT3) [D:1.0000; C:1.0000]
 18.0000: (UNLOAD-TRUCK OBJ22 TRU1 POS1) [D:1.0000; C:1.0000]
 18.0000: (LOAD-TRUCK OBJ23 TRU3 APT3) [D:1.0000; C:1.0000]
 18.0000: (UNLOAD-TRUCK OBJ32 TRU1 POS1) [D:1.0000; C:1.0000]
 18.0000: (FLY-AIRPLANE APN1 APT3 APT1) [D:1.0000; C:1.0000]
 19.0000: (DRIVE-TRUCK TRU3 APT3 POS3 CIT3) [D:1.0000; C:1.0000]
 19.0000: (UNLOAD-AIRPLANE OBJ21 APN1 APT1) [D:1.0000; C:1.0000]
 20.0000: (UNLOAD-TRUCK OBJ23 TRU3 POS3) [D:1.0000; C:1.0000]
 20.0000: (LOAD-TRUCK OBJ31 TRU3 POS3) [D:1.0000; C:1.0000]
 21.0000: (DRIVE-TRUCK TRU3 POS3 APT3 CIT3) [D:1.0000; C:1.0000]
 22.0000: (UNLOAD-TRUCK OBJ31 TRU3 APT3) [D:1.0000; C:1.0000]


Solution found:
Total time:      0.02
Search time:     0.01
Actions:         47
Execution cost:  47.00
Duration:        23.000
Plan quality:    47.000


Parsing domain file:  domain 'LOGISTICS' defined ... done.
Parsing problem file:  problem 'LOGISTICS-9-1' defined ... done.



Modality: Fast Planner

Number of actions             :     423
Number of conditional actions :       0
Number of facts               :     111


Analyzing Planning Problem:
	Temporal Planning Problem: NO
	Numeric Planning Problem: NO
	Problem with Timed Initial Litearals: NO
	Problem with Derived Predicates: NO

Evaluation function weights:
     Action duration 0.00; Action cost 1.00


Computing mutex... done

Preprocessing total time: 0.01 seconds

Searching ('.' = every 50 search steps):
 solution found: 

Plan computed:
   Time: (ACTION) [action Duration; action Cost]
 0.0000: (LOAD-TRUCK OBJ33 TRU3 POS3) [D:1.0000; C:1.0000]
 0.0000: (LOAD-TRUCK OBJ13 TRU1 POS1) [D:1.0000; C:1.0000]
 0.0000: (LOAD-TRUCK OBJ12 TRU1 POS1) [D:1.0000; C:1.0000]
 0.0000: (LOAD-TRUCK OBJ11 TRU1 POS1) [D:1.0000; C:1.0000]
 0.0000: (LOAD-TRUCK OBJ23 TRU2 POS2) [D:1.0000; C:1.0000]
 1.0000: (DRIVE-TRUCK TRU3 POS3 APT3 CIT3) [D:1.0000; C:1.0000]
 1.0000: (DRIVE-TRUCK TRU1 POS1 APT1 CIT1) [D:1.0000; C:1.0000]
 1.0000: (DRIVE-TRUCK TRU2 POS2 APT2 CIT2) [D:1.0000; C:1.0000]
 2.0000: (UNLOAD-TRUCK OBJ33 TRU3 APT3) [D:1.0000; C:1.0000]
 2.0000: (UNLOAD-TRUCK OBJ11 TRU1 APT1) [D:1.0000; C:1.0000]
 2.0000: (UNLOAD-TRUCK OBJ23 TRU2 APT2) [D:1.0000; C:1.0000]
 3.0000: (DRIVE-TRUCK TRU3 APT3 POS3 CIT3) [D:1.0000; C:1.0000]
 3.0000: (DRIVE-TRUCK TRU1 APT1 POS1 CIT1) [D:1.0000; C:1.0000]
 3.0000: (LOAD-AIRPLANE OBJ11 APN1 APT1) [D:1.0000; C:1.0000]
 4.0000: (DRIVE-TRUCK TRU3 POS3 APT3 CIT3) [D:1.0000; C:1.0000]
 4.0000: (DRIVE-TRUCK TRU1 POS1 APT1 CIT1) [D:1.0000; C:1.0000]
 5.0000: (UNLOAD-TRUCK OBJ12 TRU1 APT1) [D:1.0000; C:1.0000]
 6.0000: (DRIVE-TRUCK TRU1 APT1 POS1 CIT1) [D:1.0000; C:1.0000]
 6.0000: (LOAD-AIRPLANE OBJ12 APN1 APT1) [D:1.0000; C:1.0000]
 7.0000: (DRIVE-TRUCK TRU1 POS1 APT1 CIT1) [D:1.0000; C:1.0000]
 8.0000: (UNLOAD-TRUCK OBJ13 TRU1 APT1) [D:1.0000; C:1.0000]
 9.0000: (LOAD-AIRPLANE OBJ13 APN1 APT1) [D:1.0000; C:1.0000]
 10.0000: (UNLOAD-AIRPLANE OBJ13 APN1 APT1) [D:1.0000; C:1.0000]
 11.0000: (LOAD-AIRPLANE OBJ13 APN1 APT1) [D:1.0000; C:1.0000]
 12.0000: (FLY-AIRPLANE APN1 APT1 APT3) [D:1.0000; C:1.0000]
 13.0000: (UNLOAD-AIRPLANE OBJ13 APN1 APT3) [D:1.0000; C:1.0000]
 13.0000: (UNLOAD-AIRPLANE OBJ12 APN1 APT3) [D:1.0000; C:1.0000]
 14.0000: (LOAD-TRUCK OBJ13 TRU3 APT3) [D:1.0000; C:1.0000]
 14.0000: (LOAD-TRUCK OBJ12 TRU3 APT3) [D:1.0000; C:1.0000]
 14.0000: (FLY-AIRPLANE APN1 APT3 APT2) [D:1.0000; C:1.0000]
 15.0000: (DRIVE-TRUCK TRU3 APT3 POS3 CIT3) [D:1.0000; C:1.0000]
 15.0000: (UNLOAD-AIRPLANE OBJ11 APN1 APT2) [D:1.0000; C:1.0000]
 15.0000: (LOAD-AIRPLANE OBJ23 APN1 APT2) [D:1.0000; C:1.0000]
 16.0000: (UNLOAD-TRUCK OBJ13 TRU3 POS3) [D:1.0000; C:1.0000]
 16.0000: (UNLOAD-TRUCK OBJ12 TRU3 POS3) [D:1.0000; C:1.0000]
 16.0000: (LOAD-TRUCK OBJ32 TRU3 POS3) [D:1.0000; C:1.0000]
 16.0000: (FLY-AIRPLANE APN1 APT2 APT3) [D:1.0000; C:1.0000]
 17.0000: (DRIVE-TRUCK TRU3 POS3 APT3 CIT3) [D:1.0000; C:1.0000]
 17.0000: (UNLOAD-AIRPLANE OBJ23 APN1 APT3) [D:1.0000; C:1.0000]
 18.0000: (UNLOAD-TRUCK OBJ32 TRU3 APT3) [D:1.0000; C:1.0000]


Solution found:
Total time:      0.01
Search time:     0.00
Actions:         40
Execution cost:  40.00
Duration:        19.000
Plan quality:    40.000


Parsing domain file:  domain 'LOGISTICS' defined ... done.
Parsing problem file:  problem 'LOGISTICS-10-0' defined ... done.



Modality: Fast Planner

Number of actions             :     944
Number of conditional actions :       0
Number of facts               :     192


Analyzing Planning Problem:
	Temporal Planning Problem: NO
	Numeric Planning Problem: NO
	Problem with Timed Initial Litearals: NO
	Problem with Derived Predicates: NO

Evaluation function weights:
     Action duration 0.00; Action cost 1.00


Computing mutex... done

Preprocessing total time: 0.01 seconds

Searching ('.' = every 50 search steps):
. solution found: 

Plan computed:
   Time: (ACTION) [action Duration; action Cost]
 0.0000: (LOAD-TRUCK OBJ41 TRU4 POS4) [D:1.0000; C:1.0000]
 0.0000: (LOAD-TRUCK OBJ11 TRU1 POS1) [D:1.0000; C:1.0000]
 0.0000: (LOAD-TRUCK OBJ23 TRU2 POS2) [D:1.0000; C:1.0000]
 0.0000: (LOAD-TRUCK OBJ21 TRU2 POS2) [D:1.0000; C:1.0000]
 0.0000: (LOAD-TRUCK OBJ22 TRU2 POS2) [D:1.0000; C:1.0000]
 0.0000: (LOAD-TRUCK OBJ33 TRU3 POS3) [D:1.0000; C:1.0000]
 1.0000: (DRIVE-TRUCK TRU4 POS4 APT4 CIT4) [D:1.0000; C:1.0000]
 1.0000: (DRIVE-TRUCK TRU1 POS1 APT1 CIT1) [D:1.0000; C:1.0000]
 1.0000: (DRIVE-TRUCK TRU2 POS2 APT2 CIT2) [D:1.0000; C:1.0000]
 1.0000: (DRIVE-TRUCK TRU3 POS3 APT3 CIT3) [D:1.0000; C:1.0000]
 2.0000: (UNLOAD-TRUCK OBJ41 TRU4 APT4) [D:1.0000; C:1.0000]
 2.0000: (UNLOAD-TRUCK OBJ11 TRU1 APT1) [D:1.0000; C:1.0000]
 2.0000: (UNLOAD-TRUCK OBJ22 TRU2 APT2) [D:1.0000; C:1.0000]
 2.0000: (UNLOAD-TRUCK OBJ33 TRU3 APT3) [D:1.0000; C:1.0000]
 3.0000: (DRIVE-TRUCK TRU4 APT4 POS4 CIT4) [D:1.0000; C:1.0000]
 3.0000: (LOAD-AIRPLANE OBJ11 APN1 APT1) [D:1.0000; C:1.0000]
 3.0000: (DRIVE-TRUCK TRU2 APT2 POS2 CIT2) [D:1.0000; C:1.0000]
 3.0000: (DRIVE-TRUCK TRU3 APT3 POS3 CIT3) [D:1.0000; C:1.0000]
 4.0000: (DRIVE-TRUCK TRU4 POS4 APT4 CIT4) [D:1.0000; C:1.0000]
 4.0000: (FLY-AIRPLANE APN1 APT1 APT2) [D:1.0000; C:1.0000]
 4.0000: (DRIVE-TRUCK TRU2 POS2 APT2 CIT2) [D:1.0000; C:1.0000]
 4.0000: (DRIVE-TRUCK TRU3 POS3 APT3 CIT3) [D:1.0000; C:1.0000]
 5.0000: (UNLOAD-TRUCK OBJ21 TRU2 APT2) [D:1.0000; C:1.0000]
 6.0000: (DRIVE-TRUCK TRU2 APT2 POS2 CIT2) [D:1.0000; C:1.0000]
 6.0000: (LOAD-AIRPLANE OBJ21 APN1 APT2) [D:1.0000; C:1.0000]
 7.0000: (DRIVE-TRUCK TRU2 POS2 APT2 CIT2) [D:1.0000; C:1.0000]
 8.0000: (UNLOAD-TRUCK OBJ23 TRU2 APT2) [D:1.0000; C:1.0000]
 9.0000: (LOAD-AIRPLANE OBJ23 APN1 APT2) [D:1.0000; C:1.0000]
 10.0000: (FLY-AIRPLANE APN1 APT2 APT4) [D:1.0000; C:1.0000]
 11.0000: (UNLOAD-AIRPLANE OBJ23 APN1 APT4) [D:1.0000; C:1.0000]
 11.0000: (UNLOAD-AIRPLANE OBJ21 APN1 APT4) [D:1.0000; C:1.0000]
 11.0000: (LOAD-AIRPLANE OBJ41 APN1 APT4) [D:1.0000; C:1.0000]
 12.0000: (LOAD-TRUCK OBJ23 TRU4 APT4) [D:1.0000; C:1.0000]
 12.0000: (LOAD-TRUCK OBJ21 TRU4 APT4) [D:1.0000; C:1.0000]
 12.0000: (FLY-AIRPLANE APN1 APT4 APT3) [D:1.0000; C:1.0000]
 13.0000: (DRIVE-TRUCK TRU4 APT4 POS4 CIT4) [D:1.0000; C:1.0000]
 13.0000: (UNLOAD-AIRPLANE OBJ11 APN1 APT3) [D:1.0000; C:1.0000]
 14.0000: (UNLOAD-TRUCK OBJ23 TRU4 POS4) [D:1.0000; C:1.0000]
 14.0000: (LOAD-TRUCK OBJ11 TRU3 APT3) [D:1.0000; C:1.0000]
 14.0000: (UNLOAD-TRUCK OBJ21 TRU4 POS4) [D:1.0000; C:1.0000]
 15.0000: (DRIVE-TRUCK TRU3 APT3 POS3 CIT3) [D:1.0000; C:1.0000]
 16.0000: (UNLOAD-TRUCK OBJ11 TRU3 POS3) [D:1.0000; C:1.0000]
 16.0000: (LOAD-TRUCK OBJ32 TRU3 POS3) [D:1.0000; C:1.0000]
 17.0000: (DRIVE-TRUCK TRU3 POS3 APT3 CIT3) [D:1.0000; C:1.0000]
 18.0000: (UNLOAD-TRUCK OBJ32 TRU3 APT3) [D:1.0000; C:1.0000]
 19.0000: (LOAD-AIRPLANE OBJ32 APN1 APT3) [D:1.0000; C:1.0000]
 20.0000: (FLY-AIRPLANE APN1 APT3 APT1) [D:1.0000; C:1.0000]
 21.0000: (UNLOAD-AIRPLANE OBJ32 APN1 APT1) [D:1.0000; C:1.0000]
 22.0000: (LOAD-TRUCK OBJ32 TRU1 APT1) [D:1.0000; C:1.0000]
 22.0000: (FLY-AIRPLANE APN1 APT1 APT3) [D:1.0000; C:1.0000]
 23.0000: (DRIVE-TRUCK TRU1 APT1 POS1 CIT1) [D:1.0000; C:1.0000]
 23.0000: (UNLOAD-AIRPLANE OBJ41 APN1 APT3) [D:1.0000; C:1.0000]
 24.0000: (UNLOAD-TRUCK OBJ32 TRU1 POS1) [D:1.0000; C:1.0000]
 24.0000: (LOAD-TRUCK OBJ12 TRU1 POS1) [D:1.0000; C:1.0000]
 25.0000: (DRIVE-TRUCK TRU1 POS1 APT1 CIT1) [D:1.0000; C:1.0000]
 26.0000: (UNLOAD-TRUCK OBJ12 TRU1 APT1) [D:1.0000; C:1.0000]


Solution found:
Total time:      0.03
Search time:     0.02
Actions:         56
Execution cost:  56.00
Duration:        27.000
Plan quality:    56.000


Parsing domain file:  domain 'LOGISTICS' defined ... done.
Parsing problem file:  problem 'LOGISTICS-10-1' defined ... done.



Modality: Fast Planner

Number of actions             :     944
Number of conditional actions :       0
Number of facts               :     192


Analyzing Planning Problem:
	Temporal Planning Problem: NO
	Numeric Planning Problem: NO
	Problem with Timed Initial Litearals: NO
	Problem with Derived Predicates: NO

Evaluation function weights:
     Action duration 0.00; Action cost 1.00


Computing mutex... done

Preprocessing total time: 0.01 seconds

Searching ('.' = every 50 search steps):
. solution found: 

Plan computed:
   Time: (ACTION) [action Duration; action Cost]
 0.0000: (LOAD-TRUCK OBJ33 TRU3 POS3) [D:1.0000; C:1.0000]
 0.0000: (LOAD-TRUCK OBJ23 TRU2 POS2) [D:1.0000; C:1.0000]
 0.0000: (LOAD-TRUCK OBJ22 TRU2 POS2) [D:1.0000; C:1.0000]
 0.0000: (LOAD-TRUCK OBJ42 TRU4 POS4) [D:1.0000; C:1.0000]
 0.0000: (LOAD-TRUCK OBJ43 TRU4 POS4) [D:1.0000; C:1.0000]
 0.0000: (LOAD-TRUCK OBJ13 TRU1 POS1) [D:1.0000; C:1.0000]
 1.0000: (DRIVE-TRUCK TRU3 POS3 APT3 CIT3) [D:1.0000; C:1.0000]
 1.0000: (DRIVE-TRUCK TRU2 POS2 APT2 CIT2) [D:1.0000; C:1.0000]
 1.0000: (DRIVE-TRUCK TRU4 POS4 APT4 CIT4) [D:1.0000; C:1.0000]
 1.0000: (DRIVE-TRUCK TRU1 POS1 APT1 CIT1) [D:1.0000; C:1.0000]
 2.0000: (UNLOAD-TRUCK OBJ33 TRU3 APT3) [D:1.0000; C:1.0000]
 2.0000: (UNLOAD-TRUCK OBJ22 TRU2 APT2) [D:1.0000; C:1.0000]
 2.0000: (UNLOAD-TRUCK OBJ43 TRU4 APT4) [D:1.0000; C:1.0000]
 2.0000: (UNLOAD-TRUCK OBJ13 TRU1 APT1) [D:1.0000; C:1.0000]
 3.0000: (DRIVE-TRUCK TRU3 APT3 POS3 CIT3) [D:1.0000; C:1.0000]
 3.0000: (DRIVE-TRUCK TRU2 APT2 POS2 CIT2) [D:1.0000; C:1.0000]
 3.0000: (DRIVE-TRUCK TRU4 APT4 POS4 CIT4) [D:1.0000; C:1.0000]
 4.0000: (DRIVE-TRUCK TRU3 POS3 APT3 CIT3) [D:1.0000; C:1.0000]
 4.0000: (DRIVE-TRUCK TRU2 POS2 APT2 CIT2) [D:1.0000; C:1.0000]
 4.0000: (DRIVE-TRUCK TRU4 POS4 APT4 CIT4) [D:1.0000; C:1.0000]
 5.0000: (UNLOAD-TRUCK OBJ23 TRU2 APT2) [D:1.0000; C:1.0000]
 5.0000: (UNLOAD-TRUCK OBJ42 TRU4 APT4) [D:1.0000; C:1.0000]
 6.0000: (LOAD-AIRPLANE OBJ23 APN1 APT2) [D:1.0000; C:1.0000]
 6.0000: (DRIVE-TRUCK TRU4 APT4 POS4 CIT4) [D:1.0000; C:1.0000]
 7.0000: (FLY-AIRPLANE APN1 APT2 APT3) [D:1.0000; C:1.0000]
 7.0000: (DRIVE-TRUCK TRU4 POS4 APT4 CIT4) [D:1.0000; C:1.0000]
 8.0000: (UNLOAD-AIRPLANE OBJ23 APN1 APT3) [D:1.0000; C:1.0000]
 9.0000: (LOAD-TRUCK OBJ23 TRU3 APT3) [D:1.0000; C:1.0000]
 9.0000: (FLY-AIRPLANE APN1 APT3 APT2) [D:1.0000; C:1.0000]
 10.0000: (DRIVE-TRUCK TRU3 APT3 POS3 CIT3) [D:1.0000; C:1.0000]
 10.0000: (LOAD-AIRPLANE OBJ22 APN1 APT2) [D:1.0000; C:1.0000]
 11.0000: (UNLOAD-TRUCK OBJ23 TRU3 POS3) [D:1.0000; C:1.0000]
 11.0000: (FLY-AIRPLANE APN1 APT2 APT4) [D:1.0000; C:1.0000]
 11.0000: (LOAD-TRUCK OBJ31 TRU3 POS3) [D:1.0000; C:1.0000]
 12.0000: (UNLOAD-AIRPLANE OBJ22 APN1 APT4) [D:1.0000; C:1.0000]
 12.0000: (LOAD-AIRPLANE OBJ42 APN1 APT4) [D:1.0000; C:1.0000]
 12.0000: (DRIVE-TRUCK TRU3 POS3 APT3 CIT3) [D:1.0000; C:1.0000]
 13.0000: (LOAD-TRUCK OBJ22 TRU4 APT4) [D:1.0000; C:1.0000]
 13.0000: (UNLOAD-TRUCK OBJ31 TRU3 APT3) [D:1.0000; C:1.0000]
 14.0000: (DRIVE-TRUCK TRU4 APT4 POS4 CIT4) [D:1.0000; C:1.0000]
 15.0000: (UNLOAD-TRUCK OBJ22 TRU4 POS4) [D:1.0000; C:1.0000]
 15.0000: (LOAD-TRUCK OBJ41 TRU4 POS4) [D:1.0000; C:1.0000]
 16.0000: (DRIVE-TRUCK TRU4 POS4 APT4 CIT4) [D:1.0000; C:1.0000]
 17.0000: (UNLOAD-TRUCK OBJ41 TRU4 APT4) [D:1.0000; C:1.0000]
 18.0000: (LOAD-AIRPLANE OBJ41 APN1 APT4) [D:1.0000; C:1.0000]
 19.0000: (FLY-AIRPLANE APN1 APT4 APT3) [D:1.0000; C:1.0000]
 20.0000: (UNLOAD-AIRPLANE OBJ41 APN1 APT3) [D:1.0000; C:1.0000]
 20.0000: (UNLOAD-AIRPLANE OBJ42 APN1 APT3) [D:1.0000; C:1.0000]
 20.0000: (LOAD-AIRPLANE OBJ33 APN1 APT3) [D:1.0000; C:1.0000]
 21.0000: (FLY-AIRPLANE APN1 APT3 APT1) [D:1.0000; C:1.0000]
 22.0000: (LOAD-AIRPLANE OBJ13 APN1 APT1) [D:1.0000; C:1.0000]
 23.0000: (FLY-AIRPLANE APN1 APT1 APT4) [D:1.0000; C:1.0000]
 24.0000: (UNLOAD-AIRPLANE OBJ13 APN1 APT4) [D:1.0000; C:1.0000]
 25.0000: (LOAD-TRUCK OBJ13 TRU4 APT4) [D:1.0000; C:1.0000]
 25.0000: (FLY-AIRPLANE APN1 APT4 APT1) [D:1.0000; C:1.0000]
 26.0000: (UNLOAD-TRUCK OBJ13 TRU4 APT4) [D:1.0000; C:1.0000]
 26.0000: (UNLOAD-AIRPLANE OBJ33 APN1 APT1) [D:1.0000; C:1.0000]


Solution found:
Total time:      0.03
Search time:     0.02
Actions:         57
Execution cost:  57.00
Duration:        27.000
Plan quality:    57.000


Parsing domain file:  domain 'LOGISTICS' defined ... done.
Parsing problem file:  problem 'LOGISTICS-11-0' defined ... done.



Modality: Fast Planner

Number of actions             :     944
Number of conditional actions :       0
Number of facts               :     192


Analyzing Planning Problem:
	Temporal Planning Problem: NO
	Numeric Planning Problem: NO
	Problem with Timed Initial Litearals: NO
	Problem with Derived Predicates: NO

Evaluation function weights:
     Action duration 0.00; Action cost 1.00


Computing mutex... 
The problem is unsolvable since at the fixpoint level the goals are mutex or not reachable


Parsing domain file:  domain 'LOGISTICS' defined ... done.
Parsing problem file:  problem 'LOGISTICS-11-1' defined ... done.



Modality: Fast Planner

Number of actions             :     944
Number of conditional actions :       0
Number of facts               :     192


Analyzing Planning Problem:
	Temporal Planning Problem: NO
	Numeric Planning Problem: NO
	Problem with Timed Initial Litearals: NO
	Problem with Derived Predicates: NO

Evaluation function weights:
     Action duration 0.00; Action cost 1.00


Computing mutex... done

Preprocessing total time: 0.01 seconds

Searching ('.' = every 50 search steps):
. solution found: 

Plan computed:
   Time: (ACTION) [action Duration; action Cost]
 0.0000: (LOAD-TRUCK OBJ21 TRU2 POS2) [D:1.0000; C:1.0000]
 0.0000: (LOAD-TRUCK OBJ33 TRU3 POS3) [D:1.0000; C:1.0000]
 0.0000: (LOAD-TRUCK OBJ32 TRU3 POS3) [D:1.0000; C:1.0000]
 0.0000: (LOAD-TRUCK OBJ13 TRU1 POS1) [D:1.0000; C:1.0000]
 0.0000: (LOAD-TRUCK OBJ11 TRU1 POS1) [D:1.0000; C:1.0000]
 0.0000: (LOAD-TRUCK OBJ41 TRU4 POS4) [D:1.0000; C:1.0000]
 1.0000: (DRIVE-TRUCK TRU2 POS2 APT2 CIT2) [D:1.0000; C:1.0000]
 1.0000: (DRIVE-TRUCK TRU3 POS3 APT3 CIT3) [D:1.0000; C:1.0000]
 1.0000: (DRIVE-TRUCK TRU1 POS1 APT1 CIT1) [D:1.0000; C:1.0000]
 1.0000: (DRIVE-TRUCK TRU4 POS4 APT4 CIT4) [D:1.0000; C:1.0000]
 2.0000: (UNLOAD-TRUCK OBJ21 TRU2 APT2) [D:1.0000; C:1.0000]
 2.0000: (UNLOAD-TRUCK OBJ32 TRU3 APT3) [D:1.0000; C:1.0000]
 2.0000: (UNLOAD-TRUCK OBJ11 TRU1 APT1) [D:1.0000; C:1.0000]
 2.0000: (UNLOAD-TRUCK OBJ41 TRU4 APT4) [D:1.0000; C:1.0000]
 3.0000: (DRIVE-TRUCK TRU2 APT2 POS2 CIT2) [D:1.0000; C:1.0000]
 3.0000: (DRIVE-TRUCK TRU3 APT3 POS3 CIT3) [D:1.0000; C:1.0000]
 3.0000: (DRIVE-TRUCK TRU1 APT1 POS1 CIT1) [D:1.0000; C:1.0000]
 4.0000: (DRIVE-TRUCK TRU2 POS2 APT2 CIT2) [D:1.0000; C:1.0000]
 4.0000: (DRIVE-TRUCK TRU3 POS3 APT3 CIT3) [D:1.0000; C:1.0000]
 4.0000: (DRIVE-TRUCK TRU1 POS1 APT1 CIT1) [D:1.0000; C:1.0000]
 5.0000: (UNLOAD-TRUCK OBJ33 TRU3 APT3) [D:1.0000; C:1.0000]
 5.0000: (UNLOAD-TRUCK OBJ13 TRU1 APT1) [D:1.0000; C:1.0000]
 6.0000: (LOAD-AIRPLANE OBJ33 APN1 APT3) [D:1.0000; C:1.0000]
 7.0000: (FLY-AIRPLANE APN1 APT3 APT1) [D:1.0000; C:1.0000]
 8.0000: (LOAD-AIRPLANE OBJ13 APN1 APT1) [D:1.0000; C:1.0000]
 9.0000: (FLY-AIRPLANE APN1 APT1 APT2) [D:1.0000; C:1.0000]
 10.0000: (UNLOAD-AIRPLANE OBJ13 APN1 APT2) [D:1.0000; C:1.0000]
 11.0000: (LOAD-TRUCK OBJ13 TRU2 APT2) [D:1.0000; C:1.0000]
 11.0000: (FLY-AIRPLANE APN1 APT2 APT4) [D:1.0000; C:1.0000]
 12.0000: (LOAD-AIRPLANE OBJ41 APN1 APT4) [D:1.0000; C:1.0000]
 13.0000: (FLY-AIRPLANE APN1 APT4 APT2) [D:1.0000; C:1.0000]
 14.0000: (UNLOAD-AIRPLANE OBJ41 APN1 APT2) [D:1.0000; C:1.0000]
 15.0000: (LOAD-TRUCK OBJ41 TRU2 APT2) [D:1.0000; C:1.0000]
 16.0000: (DRIVE-TRUCK TRU2 APT2 POS2 CIT2) [D:1.0000; C:1.0000]
 17.0000: (UNLOAD-TRUCK OBJ13 TRU2 POS2) [D:1.0000; C:1.0000]
 17.0000: (UNLOAD-TRUCK OBJ41 TRU2 POS2) [D:1.0000; C:1.0000]
 17.0000: (LOAD-TRUCK OBJ22 TRU2 POS2) [D:1.0000; C:1.0000]
 18.0000: (DRIVE-TRUCK TRU2 POS2 APT2 CIT2) [D:1.0000; C:1.0000]
 19.0000: (UNLOAD-TRUCK OBJ22 TRU2 APT2) [D:1.0000; C:1.0000]
 20.0000: (LOAD-AIRPLANE OBJ22 APN1 APT2) [D:1.0000; C:1.0000]
 21.0000: (FLY-AIRPLANE APN1 APT2 APT4) [D:1.0000; C:1.0000]
 22.0000: (UNLOAD-AIRPLANE OBJ22 APN1 APT4) [D:1.0000; C:1.0000]
 23.0000: (LOAD-TRUCK OBJ22 TRU4 APT4) [D:1.0000; C:1.0000]
 24.0000: (DRIVE-TRUCK TRU4 APT4 POS4 CIT4) [D:1.0000; C:1.0000]
 25.0000: (UNLOAD-TRUCK OBJ22 TRU4 POS4) [D:1.0000; C:1.0000]
 25.0000: (LOAD-TRUCK OBJ43 TRU4 POS4) [D:1.0000; C:1.0000]
 26.0000: (DRIVE-TRUCK TRU4 POS4 APT4 CIT4) [D:1.0000; C:1.0000]
 27.0000: (UNLOAD-TRUCK OBJ43 TRU4 APT4) [D:1.0000; C:1.0000]
 28.0000: (LOAD-AIRPLANE OBJ43 APN1 APT4) [D:1.0000; C:1.0000]
 29.0000: (FLY-AIRPLANE APN1 APT4 APT2) [D:1.0000; C:1.0000]
 30.0000: (UNLOAD-AIRPLANE OBJ33 APN1 APT2) [D:1.0000; C:1.0000]
 31.0000: (LOAD-TRUCK OBJ33 TRU2 APT2) [D:1.0000; C:1.0000]
 32.0000: (DRIVE-TRUCK TRU2 APT2 POS2 CIT2) [D:1.0000; C:1.0000]
 33.0000: (UNLOAD-TRUCK OBJ33 TRU2 POS2) [D:1.0000; C:1.0000]
 33.0000: (LOAD-TRUCK OBJ23 TRU2 POS2) [D:1.0000; C:1.0000]
 34.0000: (DRIVE-TRUCK TRU2 POS2 APT2 CIT2) [D:1.0000; C:1.0000]
 35.0000: (UNLOAD-TRUCK OBJ23 TRU2 APT2) [D:1.0000; C:1.0000]
 36.0000: (LOAD-AIRPLANE OBJ23 APN1 APT2) [D:1.0000; C:1.0000]
 37.0000: (FLY-AIRPLANE APN1 APT2 APT1) [D:1.0000; C:1.0000]
 38.0000: (UNLOAD-AIRPLANE OBJ43 APN1 APT1) [D:1.0000; C:1.0000]
 39.0000: (LOAD-TRUCK OBJ43 TRU1 APT1) [D:1.0000; C:1.0000]
 39.0000: (FLY-AIRPLANE APN1 APT1 APT4) [D:1.0000; C:1.0000]
 40.0000: (DRIVE-TRUCK TRU1 APT1 POS1 CIT1) [D:1.0000; C:1.0000]
 40.0000: (UNLOAD-AIRPLANE OBJ23 APN1 APT4) [D:1.0000; C:1.0000]
 41.0000: (UNLOAD-TRUCK OBJ43 TRU1 POS1) [D:1.0000; C:1.0000]
 41.0000: (FLY-AIRPLANE APN1 APT4 APT1) [D:1.0000; C:1.0000]
 41.0000: (LOAD-TRUCK OBJ12 TRU1 POS1) [D:1.0000; C:1.0000]
 42.0000: (DRIVE-TRUCK TRU1 POS1 APT1 CIT1) [D:1.0000; C:1.0000]
 43.0000: (UNLOAD-TRUCK OBJ12 TRU1 APT1) [D:1.0000; C:1.0000]
 44.0000: (LOAD-AIRPLANE OBJ12 APN1 APT1) [D:1.0000; C:1.0000]
 45.0000: (FLY-AIRPLANE APN1 APT1 APT3) [D:1.0000; C:1.0000]
 46.0000: (UNLOAD-AIRPLANE OBJ12 APN1 APT3) [D:1.0000; C:1.0000]
 47.0000: (FLY-AIRPLANE APN1 APT3 APT1) [D:1.0000; C:1.0000]
 48.0000: (LOAD-AIRPLANE OBJ11 APN1 APT1) [D:1.0000; C:1.0000]
 49.0000: (FLY-AIRPLANE APN1 APT1 APT2) [D:1.0000; C:1.0000]
 50.0000: (UNLOAD-AIRPLANE OBJ11 APN1 APT2) [D:1.0000; C:1.0000]
 50.0000: (LOAD-AIRPLANE OBJ21 APN1 APT2) [D:1.0000; C:1.0000]
 51.0000: (FLY-AIRPLANE APN1 APT2 APT3) [D:1.0000; C:1.0000]
 52.0000: (UNLOAD-AIRPLANE OBJ21 APN1 APT3) [D:1.0000; C:1.0000]


Solution found:
Total time:      0.02
Search time:     0.01
Actions:         79
Execution cost:  79.00
Duration:        53.000
Plan quality:    79.000


Parsing domain file:  domain 'LOGISTICS' defined ... done.
Parsing problem file:  problem 'LOGISTICS-12-0' defined ... done.



Modality: Fast Planner

Number of actions             :     944
Number of conditional actions :       0
Number of facts               :     192


Analyzing Planning Problem:
	Temporal Planning Problem: NO
	Numeric Planning Problem: NO
	Problem with Timed Initial Litearals: NO
	Problem with Derived Predicates: NO

Evaluation function weights:
     Action duration 0.00; Action cost 1.00


Computing mutex... done

Preprocessing total time: 0.02 seconds

Searching ('.' = every 50 search steps):
. solution found: 

Plan computed:
   Time: (ACTION) [action Duration; action Cost]
 0.0000: (LOAD-TRUCK OBJ21 TRU2 POS2) [D:1.0000; C:1.0000]
 0.0000: (LOAD-TRUCK OBJ11 TRU1 POS1) [D:1.0000; C:1.0000]
 0.0000: (LOAD-TRUCK OBJ13 TRU1 POS1) [D:1.0000; C:1.0000]
 0.0000: (LOAD-TRUCK OBJ12 TRU1 POS1) [D:1.0000; C:1.0000]
 0.0000: (LOAD-TRUCK OBJ33 TRU3 POS3) [D:1.0000; C:1.0000]
 0.0000: (LOAD-TRUCK OBJ32 TRU3 POS3) [D:1.0000; C:1.0000]
 0.0000: (DRIVE-TRUCK TRU4 POS4 APT4 CIT4) [D:1.0000; C:1.0000]
 1.0000: (DRIVE-TRUCK TRU2 POS2 APT2 CIT2) [D:1.0000; C:1.0000]
 1.0000: (DRIVE-TRUCK TRU1 POS1 APT1 CIT1) [D:1.0000; C:1.0000]
 1.0000: (DRIVE-TRUCK TRU3 POS3 APT3 CIT3) [D:1.0000; C:1.0000]
 2.0000: (UNLOAD-TRUCK OBJ21 TRU2 APT2) [D:1.0000; C:1.0000]
 2.0000: (UNLOAD-TRUCK OBJ13 TRU1 APT1) [D:1.0000; C:1.0000]
 2.0000: (UNLOAD-TRUCK OBJ12 TRU1 APT1) [D:1.0000; C:1.0000]
 2.0000: (UNLOAD-TRUCK OBJ32 TRU3 APT3) [D:1.0000; C:1.0000]
 3.0000: (DRIVE-TRUCK TRU2 APT2 POS2 CIT2) [D:1.0000; C:1.0000]
 3.0000: (DRIVE-TRUCK TRU1 APT1 POS1 CIT1) [D:1.0000; C:1.0000]
 3.0000: (DRIVE-TRUCK TRU3 APT3 POS3 CIT3) [D:1.0000; C:1.0000]
 4.0000: (DRIVE-TRUCK TRU2 POS2 APT2 CIT2) [D:1.0000; C:1.0000]
 4.0000: (DRIVE-TRUCK TRU1 POS1 APT1 CIT1) [D:1.0000; C:1.0000]
 4.0000: (DRIVE-TRUCK TRU3 POS3 APT3 CIT3) [D:1.0000; C:1.0000]
 5.0000: (UNLOAD-TRUCK OBJ11 TRU1 APT1) [D:1.0000; C:1.0000]
 5.0000: (UNLOAD-TRUCK OBJ33 TRU3 APT3) [D:1.0000; C:1.0000]
 6.0000: (LOAD-AIRPLANE OBJ11 APN1 APT1) [D:1.0000; C:1.0000]
 7.0000: (FLY-AIRPLANE APN1 APT1 APT3) [D:1.0000; C:1.0000]
 8.0000: (LOAD-AIRPLANE OBJ33 APN1 APT3) [D:1.0000; C:1.0000]
 8.0000: (LOAD-AIRPLANE OBJ32 APN1 APT3) [D:1.0000; C:1.0000]
 9.0000: (FLY-AIRPLANE APN1 APT3 APT2) [D:1.0000; C:1.0000]
 10.0000: (UNLOAD-AIRPLANE OBJ33 APN1 APT2) [D:1.0000; C:1.0000]
 11.0000: (LOAD-TRUCK OBJ33 TRU2 APT2) [D:1.0000; C:1.0000]
 12.0000: (DRIVE-TRUCK TRU2 APT2 POS2 CIT2) [D:1.0000; C:1.0000]
 13.0000: (UNLOAD-TRUCK OBJ33 TRU2 POS2) [D:1.0000; C:1.0000]
 13.0000: (LOAD-TRUCK OBJ23 TRU2 POS2) [D:1.0000; C:1.0000]
 14.0000: (DRIVE-TRUCK TRU2 POS2 APT2 CIT2) [D:1.0000; C:1.0000]
 15.0000: (UNLOAD-TRUCK OBJ23 TRU2 APT2) [D:1.0000; C:1.0000]
 16.0000: (LOAD-AIRPLANE OBJ23 APN1 APT2) [D:1.0000; C:1.0000]
 17.0000: (FLY-AIRPLANE APN1 APT2 APT4) [D:1.0000; C:1.0000]
 18.0000: (UNLOAD-AIRPLANE OBJ23 APN1 APT4) [D:1.0000; C:1.0000]
 18.0000: (UNLOAD-AIRPLANE OBJ11 APN1 APT4) [D:1.0000; C:1.0000]
 19.0000: (LOAD-TRUCK OBJ23 TRU4 APT4) [D:1.0000; C:1.0000]
 20.0000: (DRIVE-TRUCK TRU4 APT4 POS4 CIT4) [D:1.0000; C:1.0000]
 21.0000: (UNLOAD-TRUCK OBJ23 TRU4 POS4) [D:1.0000; C:1.0000]
 21.0000: (LOAD-TRUCK OBJ41 TRU4 POS4) [D:1.0000; C:1.0000]
 22.0000: (DRIVE-TRUCK TRU4 POS4 APT4 CIT4) [D:1.0000; C:1.0000]
 23.0000: (UNLOAD-TRUCK OBJ41 TRU4 APT4) [D:1.0000; C:1.0000]
 24.0000: (LOAD-AIRPLANE OBJ41 APN1 APT4) [D:1.0000; C:1.0000]
 25.0000: (FLY-AIRPLANE APN1 APT4 APT1) [D:1.0000; C:1.0000]
 26.0000: (UNLOAD-AIRPLANE OBJ41 APN1 APT1) [D:1.0000; C:1.0000]
 26.0000: (LOAD-AIRPLANE OBJ12 APN1 APT1) [D:1.0000; C:1.0000]
 27.0000: (FLY-AIRPLANE APN1 APT1 APT4) [D:1.0000; C:1.0000]
 28.0000: (UNLOAD-AIRPLANE OBJ12 APN1 APT4) [D:1.0000; C:1.0000]
 28.0000: (UNLOAD-AIRPLANE OBJ32 APN1 APT4) [D:1.0000; C:1.0000]


Solution found:
Total time:      0.03
Search time:     0.01
Actions:         51
Execution cost:  51.00
Duration:        29.000
Plan quality:    51.000


Parsing domain file:  domain 'LOGISTICS' defined ... done.
Parsing problem file:  problem 'LOGISTICS-12-1' defined ... done.



Modality: Fast Planner

Number of actions             :     944
Number of conditional actions :       0
Number of facts               :     192


Analyzing Planning Problem:
	Temporal Planning Problem: NO
	Numeric Planning Problem: NO
	Problem with Timed Initial Litearals: NO
	Problem with Derived Predicates: NO

Evaluation function weights:
     Action duration 0.00; Action cost 1.00


Computing mutex... done

Preprocessing total time: 0.02 seconds

Searching ('.' = every 50 search steps):
.. solution found: 

Plan computed:
   Time: (ACTION) [action Duration; action Cost]
 0.0000: (LOAD-TRUCK OBJ13 TRU1 POS1) [D:1.0000; C:1.0000]
 0.0000: (FLY-AIRPLANE APN1 APT1 APT3) [D:1.0000; C:1.0000]
 0.0000: (LOAD-TRUCK OBJ31 TRU3 POS3) [D:1.0000; C:1.0000]
 0.0000: (LOAD-TRUCK OBJ33 TRU3 POS3) [D:1.0000; C:1.0000]
 0.0000: (LOAD-TRUCK OBJ42 TRU4 POS4) [D:1.0000; C:1.0000]
 0.0000: (LOAD-TRUCK OBJ43 TRU4 POS4) [D:1.0000; C:1.0000]
 0.0000: (LOAD-TRUCK OBJ23 TRU2 POS2) [D:1.0000; C:1.0000]
 0.0000: (LOAD-TRUCK OBJ21 TRU2 POS2) [D:1.0000; C:1.0000]
 0.0000: (LOAD-TRUCK OBJ22 TRU2 POS2) [D:1.0000; C:1.0000]
 1.0000: (DRIVE-TRUCK TRU1 POS1 APT1 CIT1) [D:1.0000; C:1.0000]
 1.0000: (DRIVE-TRUCK TRU3 POS3 APT3 CIT3) [D:1.0000; C:1.0000]
 1.0000: (DRIVE-TRUCK TRU4 POS4 APT4 CIT4) [D:1.0000; C:1.0000]
 1.0000: (DRIVE-TRUCK TRU2 POS2 APT2 CIT2) [D:1.0000; C:1.0000]
 2.0000: (UNLOAD-TRUCK OBJ13 TRU1 APT1) [D:1.0000; C:1.0000]
 2.0000: (UNLOAD-TRUCK OBJ33 TRU3 APT3) [D:1.0000; C:1.0000]
 2.0000: (UNLOAD-TRUCK OBJ43 TRU4 APT4) [D:1.0000; C:1.0000]
 2.0000: (UNLOAD-TRUCK OBJ22 TRU2 APT2) [D:1.0000; C:1.0000]
 3.0000: (DRIVE-TRUCK TRU1 APT1 POS1 CIT1) [D:1.0000; C:1.0000]
 3.0000: (DRIVE-TRUCK TRU3 APT3 POS3 CIT3) [D:1.0000; C:1.0000]
 3.0000: (LOAD-AIRPLANE OBJ33 APN1 APT3) [D:1.0000; C:1.0000]
 3.0000: (DRIVE-TRUCK TRU4 APT4 POS4 CIT4) [D:1.0000; C:1.0000]
 3.0000: (DRIVE-TRUCK TRU2 APT2 POS2 CIT2) [D:1.0000; C:1.0000]
 4.0000: (DRIVE-TRUCK TRU1 POS1 APT1 CIT1) [D:1.0000; C:1.0000]
 4.0000: (DRIVE-TRUCK TRU3 POS3 APT3 CIT3) [D:1.0000; C:1.0000]
 4.0000: (DRIVE-TRUCK TRU4 POS4 APT4 CIT4) [D:1.0000; C:1.0000]
 4.0000: (DRIVE-TRUCK TRU2 POS2 APT2 CIT2) [D:1.0000; C:1.0000]
 5.0000: (UNLOAD-TRUCK OBJ31 TRU3 APT3) [D:1.0000; C:1.0000]
 5.0000: (UNLOAD-TRUCK OBJ42 TRU4 APT4) [D:1.0000; C:1.0000]
 5.0000: (UNLOAD-TRUCK OBJ21 TRU2 APT2) [D:1.0000; C:1.0000]
 6.0000: (LOAD-AIRPLANE OBJ31 APN1 APT3) [D:1.0000; C:1.0000]
 6.0000: (DRIVE-TRUCK TRU4 APT4 POS4 CIT4) [D:1.0000; C:1.0000]
 6.0000: (DRIVE-TRUCK TRU2 APT2 POS2 CIT2) [D:1.0000; C:1.0000]
 7.0000: (FLY-AIRPLANE APN1 APT3 APT1) [D:1.0000; C:1.0000]
 7.0000: (DRIVE-TRUCK TRU4 POS4 APT4 CIT4) [D:1.0000; C:1.0000]
 7.0000: (DRIVE-TRUCK TRU2 POS2 APT2 CIT2) [D:1.0000; C:1.0000]
 8.0000: (UNLOAD-AIRPLANE OBJ31 APN1 APT1) [D:1.0000; C:1.0000]
 8.0000: (UNLOAD-TRUCK OBJ23 TRU2 APT2) [D:1.0000; C:1.0000]
 9.0000: (LOAD-TRUCK OBJ31 TRU1 APT1) [D:1.0000; C:1.0000]
 9.0000: (FLY-AIRPLANE APN1 APT1 APT2) [D:1.0000; C:1.0000]
 10.0000: (DRIVE-TRUCK TRU1 APT1 POS1 CIT1) [D:1.0000; C:1.0000]
 10.0000: (LOAD-AIRPLANE OBJ23 APN1 APT2) [D:1.0000; C:1.0000]
 11.0000: (UNLOAD-TRUCK OBJ31 TRU1 POS1) [D:1.0000; C:1.0000]
 11.0000: (FLY-AIRPLANE APN1 APT2 APT1) [D:1.0000; C:1.0000]
 11.0000: (LOAD-TRUCK OBJ12 TRU1 POS1) [D:1.0000; C:1.0000]
 12.0000: (DRIVE-TRUCK TRU1 POS1 APT1 CIT1) [D:1.0000; C:1.0000]
 13.0000: (UNLOAD-TRUCK OBJ12 TRU1 APT1) [D:1.0000; C:1.0000]
 14.0000: (LOAD-AIRPLANE OBJ12 APN1 APT1) [D:1.0000; C:1.0000]
 15.0000: (FLY-AIRPLANE APN1 APT1 APT4) [D:1.0000; C:1.0000]
 16.0000: (UNLOAD-AIRPLANE OBJ23 APN1 APT4) [D:1.0000; C:1.0000]
 16.0000: (UNLOAD-AIRPLANE OBJ12 APN1 APT4) [D:1.0000; C:1.0000]
 17.0000: (LOAD-TRUCK OBJ23 TRU4 APT4) [D:1.0000; C:1.0000]
 17.0000: (LOAD-TRUCK OBJ12 TRU4 APT4) [D:1.0000; C:1.0000]
 18.0000: (DRIVE-TRUCK TRU4 APT4 POS4 CIT4) [D:1.0000; C:1.0000]
 19.0000: (UNLOAD-TRUCK OBJ23 TRU4 POS4) [D:1.0000; C:1.0000]
 19.0000: (UNLOAD-TRUCK OBJ12 TRU4 POS4) [D:1.0000; C:1.0000]
 19.0000: (LOAD-TRUCK OBJ41 TRU4 POS4) [D:1.0000; C:1.0000]
 20.0000: (DRIVE-TRUCK TRU4 POS4 APT4 CIT4) [D:1.0000; C:1.0000]
 21.0000: (UNLOAD-TRUCK OBJ41 TRU4 APT4) [D:1.0000; C:1.0000]
 22.0000: (LOAD-AIRPLANE OBJ41 APN1 APT4) [D:1.0000; C:1.0000]
 23.0000: (FLY-AIRPLANE APN1 APT4 APT1) [D:1.0000; C:1.0000]
 24.0000: (FLY-AIRPLANE APN1 APT1 APT2) [D:1.0000; C:1.0000]
 25.0000: (LOAD-AIRPLANE OBJ21 APN1 APT2) [D:1.0000; C:1.0000]
 25.0000: (LOAD-AIRPLANE OBJ22 APN1 APT2) [D:1.0000; C:1.0000]
 26.0000: (FLY-AIRPLANE APN1 APT2 APT1) [D:1.0000; C:1.0000]
 27.0000: (UNLOAD-AIRPLANE OBJ21 APN1 APT1) [D:1.0000; C:1.0000]
 27.0000: (UNLOAD-AIRPLANE OBJ41 APN1 APT1) [D:1.0000; C:1.0000]
 27.0000: (UNLOAD-AIRPLANE OBJ33 APN1 APT1) [D:1.0000; C:1.0000]
 27.0000: (LOAD-AIRPLANE OBJ13 APN1 APT1) [D:1.0000; C:1.0000]
 28.0000: (LOAD-TRUCK OBJ21 TRU1 APT1) [D:1.0000; C:1.0000]
 28.0000: (LOAD-TRUCK OBJ41 TRU1 APT1) [D:1.0000; C:1.0000]
 28.0000: (LOAD-TRUCK OBJ33 TRU1 APT1) [D:1.0000; C:1.0000]
 28.0000: (FLY-AIRPLANE APN1 APT1 APT3) [D:1.0000; C:1.0000]
 29.0000: (DRIVE-TRUCK TRU1 APT1 POS1 CIT1) [D:1.0000; C:1.0000]
 29.0000: (UNLOAD-AIRPLANE OBJ22 APN1 APT3) [D:1.0000; C:1.0000]
 30.0000: (UNLOAD-TRUCK OBJ21 TRU1 POS1) [D:1.0000; C:1.0000]
 30.0000: (UNLOAD-TRUCK OBJ41 TRU1 POS1) [D:1.0000; C:1.0000]
 30.0000: (UNLOAD-TRUCK OBJ33 TRU1 POS1) [D:1.0000; C:1.0000]
 30.0000: (LOAD-TRUCK OBJ22 TRU3 APT3) [D:1.0000; C:1.0000]
 30.0000: (LOAD-TRUCK OBJ11 TRU1 POS1) [D:1.0000; C:1.0000]
 30.0000: (FLY-AIRPLANE APN1 APT3 APT4) [D:1.0000; C:1.0000]
 31.0000: (DRIVE-TRUCK TRU3 APT3 POS3 CIT3) [D:1.0000; C:1.0000]
 31.0000: (DRIVE-TRUCK TRU1 POS1 APT1 CIT1) [D:1.0000; C:1.0000]
 31.0000: (LOAD-AIRPLANE OBJ42 APN1 APT4) [D:1.0000; C:1.0000]
 32.0000: (UNLOAD-TRUCK OBJ22 TRU3 POS3) [D:1.0000; C:1.0000]
 32.0000: (UNLOAD-TRUCK OBJ11 TRU1 APT1) [D:1.0000; C:1.0000]
 32.0000: (LOAD-TRUCK OBJ32 TRU3 POS3) [D:1.0000; C:1.0000]
 32.0000: (FLY-AIRPLANE APN1 APT4 APT2) [D:1.0000; C:1.0000]
 33.0000: (DRIVE-TRUCK TRU3 POS3 APT3 CIT3) [D:1.0000; C:1.0000]
 33.0000: (UNLOAD-AIRPLANE OBJ42 APN1 APT2) [D:1.0000; C:1.0000]
 33.0000: (UNLOAD-AIRPLANE OBJ13 APN1 APT2) [D:1.0000; C:1.0000]
 34.0000: (UNLOAD-TRUCK OBJ32 TRU3 APT3) [D:1.0000; C:1.0000]


Solution found:
Total time:      0.04
Search time:     0.02
Actions:         91
Execution cost:  91.00
Duration:        35.000
Plan quality:    91.000


Parsing domain file:  domain 'LOGISTICS' defined ... done.
Parsing problem file:  problem 'LOGISTICS-13-0' defined ... done.



Modality: Fast Planner

Number of actions             :    1950
Number of conditional actions :       0
Number of facts               :     315


Analyzing Planning Problem:
	Temporal Planning Problem: NO
	Numeric Planning Problem: NO
	Problem with Timed Initial Litearals: NO
	Problem with Derived Predicates: NO

Evaluation function weights:
     Action duration 0.00; Action cost 1.00


Computing mutex... done

Preprocessing total time: 0.03 seconds

Searching ('.' = every 50 search steps):
.. solution found: 

Plan computed:
   Time: (ACTION) [action Duration; action Cost]
 0.0000: (LOAD-TRUCK OBJ32 TRU3 POS3) [D:1.0000; C:1.0000]
 0.0000: (LOAD-TRUCK OBJ31 TRU3 POS3) [D:1.0000; C:1.0000]
 0.0000: (LOAD-TRUCK OBJ12 TRU1 POS1) [D:1.0000; C:1.0000]
 0.0000: (LOAD-TRUCK OBJ11 TRU1 POS1) [D:1.0000; C:1.0000]
 0.0000: (LOAD-TRUCK OBJ13 TRU1 POS1) [D:1.0000; C:1.0000]
 0.0000: (LOAD-TRUCK OBJ52 TRU5 POS5) [D:1.0000; C:1.0000]
 0.0000: (LOAD-TRUCK OBJ51 TRU5 POS5) [D:1.0000; C:1.0000]
 0.0000: (LOAD-TRUCK OBJ23 TRU2 POS2) [D:1.0000; C:1.0000]
 0.0000: (LOAD-TRUCK OBJ41 TRU4 POS4) [D:1.0000; C:1.0000]
 1.0000: (DRIVE-TRUCK TRU3 POS3 APT3 CIT3) [D:1.0000; C:1.0000]
 1.0000: (DRIVE-TRUCK TRU1 POS1 APT1 CIT1) [D:1.0000; C:1.0000]
 1.0000: (DRIVE-TRUCK TRU5 POS5 APT5 CIT5) [D:1.0000; C:1.0000]
 1.0000: (DRIVE-TRUCK TRU2 POS2 APT2 CIT2) [D:1.0000; C:1.0000]
 1.0000: (DRIVE-TRUCK TRU4 POS4 APT4 CIT4) [D:1.0000; C:1.0000]
 2.0000: (UNLOAD-TRUCK OBJ31 TRU3 APT3) [D:1.0000; C:1.0000]
 2.0000: (UNLOAD-TRUCK OBJ13 TRU1 APT1) [D:1.0000; C:1.0000]
 2.0000: (UNLOAD-TRUCK OBJ51 TRU5 APT5) [D:1.0000; C:1.0000]
 2.0000: (UNLOAD-TRUCK OBJ23 TRU2 APT2) [D:1.0000; C:1.0000]
 2.0000: (UNLOAD-TRUCK OBJ41 TRU4 APT4) [D:1.0000; C:1.0000]
 3.0000: (DRIVE-TRUCK TRU3 APT3 POS3 CIT3) [D:1.0000; C:1.0000]
 3.0000: (DRIVE-TRUCK TRU1 APT1 POS1 CIT1) [D:1.0000; C:1.0000]
 3.0000: (DRIVE-TRUCK TRU5 APT5 POS5 CIT5) [D:1.0000; C:1.0000]
 3.0000: (DRIVE-TRUCK TRU4 APT4 POS4 CIT4) [D:1.0000; C:1.0000]
 4.0000: (DRIVE-TRUCK TRU3 POS3 APT3 CIT3) [D:1.0000; C:1.0000]
 4.0000: (DRIVE-TRUCK TRU1 POS1 APT1 CIT1) [D:1.0000; C:1.0000]
 4.0000: (DRIVE-TRUCK TRU5 POS5 APT5 CIT5) [D:1.0000; C:1.0000]
 4.0000: (DRIVE-TRUCK TRU4 POS4 APT4 CIT4) [D:1.0000; C:1.0000]
 5.0000: (UNLOAD-TRUCK OBJ32 TRU3 APT3) [D:1.0000; C:1.0000]
 5.0000: (UNLOAD-TRUCK OBJ11 TRU1 APT1) [D:1.0000; C:1.0000]
 5.0000: (UNLOAD-TRUCK OBJ52 TRU5 APT5) [D:1.0000; C:1.0000]
 6.0000: (DRIVE-TRUCK TRU3 APT3 POS3 CIT3) [D:1.0000; C:1.0000]
 6.0000: (DRIVE-TRUCK TRU1 APT1 POS1 CIT1) [D:1.0000; C:1.0000]
 6.0000: (DRIVE-TRUCK TRU5 APT5 POS5 CIT5) [D:1.0000; C:1.0000]
 7.0000: (DRIVE-TRUCK TRU3 POS3 APT3 CIT3) [D:1.0000; C:1.0000]
 7.0000: (DRIVE-TRUCK TRU1 POS1 APT1 CIT1) [D:1.0000; C:1.0000]
 7.0000: (DRIVE-TRUCK TRU5 POS5 APT5 CIT5) [D:1.0000; C:1.0000]
 8.0000: (UNLOAD-TRUCK OBJ12 TRU1 APT1) [D:1.0000; C:1.0000]
 9.0000: (LOAD-AIRPLANE OBJ12 APN2 APT1) [D:1.0000; C:1.0000]
 10.0000: (FLY-AIRPLANE APN2 APT1 APT2) [D:1.0000; C:1.0000]
 11.0000: (UNLOAD-AIRPLANE OBJ12 APN2 APT2) [D:1.0000; C:1.0000]
 11.0000: (LOAD-AIRPLANE OBJ23 APN2 APT2) [D:1.0000; C:1.0000]
 12.0000: (LOAD-AIRPLANE OBJ12 APN1 APT2) [D:1.0000; C:1.0000]
 12.0000: (FLY-AIRPLANE APN2 APT2 APT1) [D:1.0000; C:1.0000]
 13.0000: (FLY-AIRPLANE APN1 APT2 APT3) [D:1.0000; C:1.0000]
 13.0000: (LOAD-AIRPLANE OBJ11 APN2 APT1) [D:1.0000; C:1.0000]
 13.0000: (LOAD-AIRPLANE OBJ13 APN2 APT1) [D:1.0000; C:1.0000]
 14.0000: (UNLOAD-AIRPLANE OBJ12 APN1 APT3) [D:1.0000; C:1.0000]
 14.0000: (FLY-AIRPLANE APN2 APT1 APT5) [D:1.0000; C:1.0000]
 14.0000: (LOAD-AIRPLANE OBJ32 APN1 APT3) [D:1.0000; C:1.0000]
 15.0000: (LOAD-TRUCK OBJ12 TRU3 APT3) [D:1.0000; C:1.0000]
 15.0000: (UNLOAD-AIRPLANE OBJ23 APN2 APT5) [D:1.0000; C:1.0000]
 15.0000: (UNLOAD-AIRPLANE OBJ11 APN2 APT5) [D:1.0000; C:1.0000]
 16.0000: (DRIVE-TRUCK TRU3 APT3 POS3 CIT3) [D:1.0000; C:1.0000]
 16.0000: (LOAD-TRUCK OBJ23 TRU5 APT5) [D:1.0000; C:1.0000]
 16.0000: (LOAD-TRUCK OBJ11 TRU5 APT5) [D:1.0000; C:1.0000]
 17.0000: (UNLOAD-TRUCK OBJ12 TRU3 POS3) [D:1.0000; C:1.0000]
 17.0000: (DRIVE-TRUCK TRU5 APT5 POS5 CIT5) [D:1.0000; C:1.0000]
 17.0000: (LOAD-TRUCK OBJ33 TRU3 POS3) [D:1.0000; C:1.0000]
 18.0000: (UNLOAD-TRUCK OBJ23 TRU5 POS5) [D:1.0000; C:1.0000]
 18.0000: (UNLOAD-TRUCK OBJ11 TRU5 POS5) [D:1.0000; C:1.0000]
 18.0000: (LOAD-TRUCK OBJ53 TRU5 POS5) [D:1.0000; C:1.0000]
 18.0000: (DRIVE-TRUCK TRU3 POS3 APT3 CIT3) [D:1.0000; C:1.0000]
 19.0000: (DRIVE-TRUCK TRU5 POS5 APT5 CIT5) [D:1.0000; C:1.0000]
 19.0000: (UNLOAD-TRUCK OBJ33 TRU3 APT3) [D:1.0000; C:1.0000]
 20.0000: (UNLOAD-TRUCK OBJ53 TRU5 APT5) [D:1.0000; C:1.0000]
 20.0000: (LOAD-AIRPLANE OBJ33 APN1 APT3) [D:1.0000; C:1.0000]
 21.0000: (LOAD-AIRPLANE OBJ53 APN2 APT5) [D:1.0000; C:1.0000]
 21.0000: (FLY-AIRPLANE APN1 APT3 APT4) [D:1.0000; C:1.0000]
 22.0000: (FLY-AIRPLANE APN2 APT5 APT4) [D:1.0000; C:1.0000]
 22.0000: (UNLOAD-AIRPLANE OBJ33 APN1 APT4) [D:1.0000; C:1.0000]
 22.0000: (UNLOAD-AIRPLANE OBJ32 APN1 APT4) [D:1.0000; C:1.0000]
 22.0000: (LOAD-AIRPLANE OBJ41 APN1 APT4) [D:1.0000; C:1.0000]
 23.0000: (UNLOAD-AIRPLANE OBJ13 APN2 APT4) [D:1.0000; C:1.0000]
 23.0000: (LOAD-AIRPLANE OBJ33 APN2 APT4) [D:1.0000; C:1.0000]
 24.0000: (LOAD-TRUCK OBJ13 TRU4 APT4) [D:1.0000; C:1.0000]
 24.0000: (FLY-AIRPLANE APN2 APT4 APT1) [D:1.0000; C:1.0000]
 25.0000: (DRIVE-TRUCK TRU4 APT4 POS4 CIT4) [D:1.0000; C:1.0000]
 25.0000: (UNLOAD-AIRPLANE OBJ53 APN2 APT1) [D:1.0000; C:1.0000]
 25.0000: (UNLOAD-AIRPLANE OBJ33 APN2 APT1) [D:1.0000; C:1.0000]
 26.0000: (UNLOAD-TRUCK OBJ13 TRU4 POS4) [D:1.0000; C:1.0000]
 26.0000: (LOAD-TRUCK OBJ53 TRU1 APT1) [D:1.0000; C:1.0000]
 26.0000: (LOAD-TRUCK OBJ33 TRU1 APT1) [D:1.0000; C:1.0000]
 26.0000: (FLY-AIRPLANE APN2 APT1 APT5) [D:1.0000; C:1.0000]
 26.0000: (LOAD-TRUCK OBJ43 TRU4 POS4) [D:1.0000; C:1.0000]
 27.0000: (DRIVE-TRUCK TRU1 APT1 POS1 CIT1) [D:1.0000; C:1.0000]
 27.0000: (LOAD-AIRPLANE OBJ52 APN2 APT5) [D:1.0000; C:1.0000]
 27.0000: (DRIVE-TRUCK TRU4 POS4 APT4 CIT4) [D:1.0000; C:1.0000]
 28.0000: (UNLOAD-TRUCK OBJ53 TRU1 POS1) [D:1.0000; C:1.0000]
 28.0000: (UNLOAD-TRUCK OBJ33 TRU1 POS1) [D:1.0000; C:1.0000]
 28.0000: (FLY-AIRPLANE APN2 APT5 APT4) [D:1.0000; C:1.0000]
 28.0000: (UNLOAD-TRUCK OBJ43 TRU4 APT4) [D:1.0000; C:1.0000]
 29.0000: (UNLOAD-AIRPLANE OBJ52 APN2 APT4) [D:1.0000; C:1.0000]
 29.0000: (LOAD-AIRPLANE OBJ43 APN2 APT4) [D:1.0000; C:1.0000]
 29.0000: (LOAD-AIRPLANE OBJ32 APN2 APT4) [D:1.0000; C:1.0000]
 30.0000: (LOAD-AIRPLANE OBJ52 APN1 APT4) [D:1.0000; C:1.0000]
 30.0000: (FLY-AIRPLANE APN2 APT4 APT2) [D:1.0000; C:1.0000]
 31.0000: (UNLOAD-AIRPLANE OBJ52 APN1 APT4) [D:1.0000; C:1.0000]
 31.0000: (UNLOAD-AIRPLANE OBJ43 APN2 APT2) [D:1.0000; C:1.0000]
 31.0000: (UNLOAD-AIRPLANE OBJ32 APN2 APT2) [D:1.0000; C:1.0000]
 32.0000: (FLY-AIRPLANE APN1 APT4 APT5) [D:1.0000; C:1.0000]
 33.0000: (FLY-AIRPLANE APN1 APT5 APT1) [D:1.0000; C:1.0000]
 34.0000: (FLY-AIRPLANE APN1 APT1 APT3) [D:1.0000; C:1.0000]
 35.0000: (UNLOAD-AIRPLANE OBJ41 APN1 APT3) [D:1.0000; C:1.0000]
 35.0000: (LOAD-AIRPLANE OBJ31 APN1 APT3) [D:1.0000; C:1.0000]
 36.0000: (FLY-AIRPLANE APN1 APT3 APT4) [D:1.0000; C:1.0000]
 37.0000: (FLY-AIRPLANE APN1 APT4 APT1) [D:1.0000; C:1.0000]
 38.0000: (UNLOAD-AIRPLANE OBJ31 APN1 APT1) [D:1.0000; C:1.0000]


Solution found:
Total time:      0.06
Search time:     0.03
Actions:         107
Execution cost:  107.00
Duration:        39.000
Plan quality:    107.000


Parsing domain file:  domain 'LOGISTICS' defined ... done.
Parsing problem file:  problem 'LOGISTICS-13-1' defined ... done.



Modality: Fast Planner

Number of actions             :    1950
Number of conditional actions :       0
Number of facts               :     315


Analyzing Planning Problem:
	Temporal Planning Problem: NO
	Numeric Planning Problem: NO
	Problem with Timed Initial Litearals: NO
	Problem with Derived Predicates: NO

Evaluation function weights:
     Action duration 0.00; Action cost 1.00


Computing mutex... done

Preprocessing total time: 0.02 seconds

Searching ('.' = every 50 search steps):
.. solution found: 

Plan computed:
   Time: (ACTION) [action Duration; action Cost]
 0.0000: (DRIVE-TRUCK TRU4 POS4 APT4 CIT4) [D:1.0000; C:1.0000]
 0.0000: (FLY-AIRPLANE APN1 APT4 APT5) [D:1.0000; C:1.0000]
 0.0000: (LOAD-TRUCK OBJ51 TRU5 POS5) [D:1.0000; C:1.0000]
 0.0000: (LOAD-TRUCK OBJ53 TRU5 POS5) [D:1.0000; C:1.0000]
 0.0000: (LOAD-TRUCK OBJ13 TRU1 POS1) [D:1.0000; C:1.0000]
 0.0000: (LOAD-TRUCK OBJ12 TRU1 POS1) [D:1.0000; C:1.0000]
 0.0000: (LOAD-TRUCK OBJ22 TRU2 POS2) [D:1.0000; C:1.0000]
 0.0000: (LOAD-TRUCK OBJ23 TRU2 POS2) [D:1.0000; C:1.0000]
 0.0000: (DRIVE-TRUCK TRU3 POS3 APT3 CIT3) [D:1.0000; C:1.0000]
 1.0000: (DRIVE-TRUCK TRU5 POS5 APT5 CIT5) [D:1.0000; C:1.0000]
 1.0000: (DRIVE-TRUCK TRU1 POS1 APT1 CIT1) [D:1.0000; C:1.0000]
 1.0000: (DRIVE-TRUCK TRU2 POS2 APT2 CIT2) [D:1.0000; C:1.0000]
 2.0000: (UNLOAD-TRUCK OBJ53 TRU5 APT5) [D:1.0000; C:1.0000]
 2.0000: (UNLOAD-TRUCK OBJ12 TRU1 APT1) [D:1.0000; C:1.0000]
 2.0000: (UNLOAD-TRUCK OBJ13 TRU1 APT1) [D:1.0000; C:1.0000]
 2.0000: (UNLOAD-TRUCK OBJ23 TRU2 APT2) [D:1.0000; C:1.0000]
 3.0000: (DRIVE-TRUCK TRU5 APT5 POS5 CIT5) [D:1.0000; C:1.0000]
 3.0000: (DRIVE-TRUCK TRU2 APT2 POS2 CIT2) [D:1.0000; C:1.0000]
 4.0000: (DRIVE-TRUCK TRU5 POS5 APT5 CIT5) [D:1.0000; C:1.0000]
 4.0000: (DRIVE-TRUCK TRU2 POS2 APT2 CIT2) [D:1.0000; C:1.0000]
 5.0000: (UNLOAD-TRUCK OBJ51 TRU5 APT5) [D:1.0000; C:1.0000]
 5.0000: (UNLOAD-TRUCK OBJ22 TRU2 APT2) [D:1.0000; C:1.0000]
 6.0000: (LOAD-AIRPLANE OBJ51 APN1 APT5) [D:1.0000; C:1.0000]
 6.0000: (LOAD-AIRPLANE OBJ22 APN2 APT2) [D:1.0000; C:1.0000]
 7.0000: (FLY-AIRPLANE APN1 APT5 APT4) [D:1.0000; C:1.0000]
 8.0000: (UNLOAD-AIRPLANE OBJ51 APN1 APT4) [D:1.0000; C:1.0000]
 9.0000: (LOAD-TRUCK OBJ51 TRU4 APT4) [D:1.0000; C:1.0000]
 9.0000: (FLY-AIRPLANE APN1 APT4 APT1) [D:1.0000; C:1.0000]
 10.0000: (DRIVE-TRUCK TRU4 APT4 POS4 CIT4) [D:1.0000; C:1.0000]
 10.0000: (LOAD-AIRPLANE OBJ13 APN1 APT1) [D:1.0000; C:1.0000]
 10.0000: (LOAD-AIRPLANE OBJ12 APN1 APT1) [D:1.0000; C:1.0000]
 11.0000: (UNLOAD-TRUCK OBJ51 TRU4 POS4) [D:1.0000; C:1.0000]
 11.0000: (FLY-AIRPLANE APN1 APT1 APT2) [D:1.0000; C:1.0000]
 11.0000: (LOAD-TRUCK OBJ42 TRU4 POS4) [D:1.0000; C:1.0000]
 12.0000: (UNLOAD-AIRPLANE OBJ13 APN1 APT2) [D:1.0000; C:1.0000]
 12.0000: (DRIVE-TRUCK TRU4 POS4 APT4 CIT4) [D:1.0000; C:1.0000]
 12.0000: (UNLOAD-AIRPLANE OBJ12 APN1 APT2) [D:1.0000; C:1.0000]
 12.0000: (LOAD-AIRPLANE OBJ23 APN1 APT2) [D:1.0000; C:1.0000]
 13.0000: (LOAD-AIRPLANE OBJ13 APN2 APT2) [D:1.0000; C:1.0000]
 13.0000: (UNLOAD-TRUCK OBJ42 TRU4 APT4) [D:1.0000; C:1.0000]
 13.0000: (LOAD-TRUCK OBJ12 TRU2 APT2) [D:1.0000; C:1.0000]
 13.0000: (FLY-AIRPLANE APN1 APT2 APT1) [D:1.0000; C:1.0000]
 14.0000: (FLY-AIRPLANE APN2 APT2 APT5) [D:1.0000; C:1.0000]
 14.0000: (DRIVE-TRUCK TRU2 APT2 POS2 CIT2) [D:1.0000; C:1.0000]
 14.0000: (UNLOAD-AIRPLANE OBJ23 APN1 APT1) [D:1.0000; C:1.0000]
 15.0000: (UNLOAD-AIRPLANE OBJ13 APN2 APT5) [D:1.0000; C:1.0000]
 15.0000: (LOAD-AIRPLANE OBJ53 APN2 APT5) [D:1.0000; C:1.0000]
 15.0000: (UNLOAD-TRUCK OBJ12 TRU2 POS2) [D:1.0000; C:1.0000]
 15.0000: (LOAD-TRUCK OBJ21 TRU2 POS2) [D:1.0000; C:1.0000]
 16.0000: (LOAD-TRUCK OBJ13 TRU5 APT5) [D:1.0000; C:1.0000]
 16.0000: (DRIVE-TRUCK TRU2 POS2 APT2 CIT2) [D:1.0000; C:1.0000]
 17.0000: (DRIVE-TRUCK TRU5 APT5 POS5 CIT5) [D:1.0000; C:1.0000]
 17.0000: (UNLOAD-TRUCK OBJ21 TRU2 APT2) [D:1.0000; C:1.0000]
 18.0000: (UNLOAD-TRUCK OBJ13 TRU5 POS5) [D:1.0000; C:1.0000]
 18.0000: (LOAD-TRUCK OBJ52 TRU5 POS5) [D:1.0000; C:1.0000]
 19.0000: (DRIVE-TRUCK TRU5 POS5 APT5 CIT5) [D:1.0000; C:1.0000]
 20.0000: (UNLOAD-TRUCK OBJ52 TRU5 APT5) [D:1.0000; C:1.0000]
 21.0000: (LOAD-AIRPLANE OBJ52 APN2 APT5) [D:1.0000; C:1.0000]
 22.0000: (FLY-AIRPLANE APN2 APT5 APT4) [D:1.0000; C:1.0000]
 23.0000: (LOAD-AIRPLANE OBJ42 APN2 APT4) [D:1.0000; C:1.0000]
 24.0000: (FLY-AIRPLANE APN2 APT4 APT3) [D:1.0000; C:1.0000]
 25.0000: (UNLOAD-AIRPLANE OBJ42 APN2 APT3) [D:1.0000; C:1.0000]
 26.0000: (LOAD-TRUCK OBJ42 TRU3 APT3) [D:1.0000; C:1.0000]
 27.0000: (DRIVE-TRUCK TRU3 APT3 POS3 CIT3) [D:1.0000; C:1.0000]
 28.0000: (UNLOAD-TRUCK OBJ42 TRU3 POS3) [D:1.0000; C:1.0000]
 28.0000: (LOAD-TRUCK OBJ33 TRU3 POS3) [D:1.0000; C:1.0000]
 29.0000: (DRIVE-TRUCK TRU3 POS3 APT3 CIT3) [D:1.0000; C:1.0000]
 30.0000: (UNLOAD-TRUCK OBJ33 TRU3 APT3) [D:1.0000; C:1.0000]
 31.0000: (LOAD-AIRPLANE OBJ33 APN2 APT3) [D:1.0000; C:1.0000]
 32.0000: (FLY-AIRPLANE APN2 APT3 APT1) [D:1.0000; C:1.0000]
 33.0000: (UNLOAD-AIRPLANE OBJ22 APN2 APT1) [D:1.0000; C:1.0000]
 34.0000: (LOAD-TRUCK OBJ22 TRU1 APT1) [D:1.0000; C:1.0000]
 34.0000: (FLY-AIRPLANE APN2 APT1 APT4) [D:1.0000; C:1.0000]
 35.0000: (DRIVE-TRUCK TRU1 APT1 POS1 CIT1) [D:1.0000; C:1.0000]
 35.0000: (UNLOAD-AIRPLANE OBJ52 APN2 APT4) [D:1.0000; C:1.0000]
 35.0000: (UNLOAD-AIRPLANE OBJ33 APN2 APT4) [D:1.0000; C:1.0000]
 36.0000: (UNLOAD-TRUCK OBJ22 TRU1 POS1) [D:1.0000; C:1.0000]
 36.0000: (FLY-AIRPLANE APN2 APT4 APT1) [D:1.0000; C:1.0000]
 37.0000: (UNLOAD-AIRPLANE OBJ53 APN2 APT1) [D:1.0000; C:1.0000]
 38.0000: (LOAD-AIRPLANE OBJ53 APN1 APT1) [D:1.0000; C:1.0000]
 39.0000: (FLY-AIRPLANE APN1 APT1 APT2) [D:1.0000; C:1.0000]
 40.0000: (UNLOAD-AIRPLANE OBJ53 APN1 APT2) [D:1.0000; C:1.0000]


Solution found:
Total time:      0.04
Search time:     0.02
Actions:         82
Execution cost:  82.00
Duration:        41.000
Plan quality:    82.000


Parsing domain file:  domain 'LOGISTICS' defined ... done.
Parsing problem file:  problem 'LOGISTICS-14-0' defined ... done.



Modality: Fast Planner

Number of actions             :    1950
Number of conditional actions :       0
Number of facts               :     315


Analyzing Planning Problem:
	Temporal Planning Problem: NO
	Numeric Planning Problem: NO
	Problem with Timed Initial Litearals: NO
	Problem with Derived Predicates: NO

Evaluation function weights:
     Action duration 0.00; Action cost 1.00


Computing mutex... done

Preprocessing total time: 0.02 seconds

Searching ('.' = every 50 search steps):
.. solution found: 

Plan computed:
   Time: (ACTION) [action Duration; action Cost]
 0.0000: (LOAD-TRUCK OBJ53 TRU5 POS5) [D:1.0000; C:1.0000]
 0.0000: (FLY-AIRPLANE APN1 APT2 APT3) [D:1.0000; C:1.0000]
 0.0000: (LOAD-TRUCK OBJ31 TRU3 POS3) [D:1.0000; C:1.0000]
 0.0000: (LOAD-TRUCK OBJ32 TRU3 POS3) [D:1.0000; C:1.0000]
 0.0000: (LOAD-TRUCK OBJ22 TRU2 POS2) [D:1.0000; C:1.0000]
 0.0000: (LOAD-TRUCK OBJ21 TRU2 POS2) [D:1.0000; C:1.0000]
 0.0000: (LOAD-TRUCK OBJ43 TRU4 POS4) [D:1.0000; C:1.0000]
 0.0000: (LOAD-TRUCK OBJ11 TRU1 POS1) [D:1.0000; C:1.0000]
 0.0000: (LOAD-TRUCK OBJ12 TRU1 POS1) [D:1.0000; C:1.0000]
 0.0000: (LOAD-TRUCK OBJ13 TRU1 POS1) [D:1.0000; C:1.0000]
 1.0000: (DRIVE-TRUCK TRU5 POS5 APT5 CIT5) [D:1.0000; C:1.0000]
 1.0000: (DRIVE-TRUCK TRU3 POS3 APT3 CIT3) [D:1.0000; C:1.0000]
 1.0000: (DRIVE-TRUCK TRU2 POS2 APT2 CIT2) [D:1.0000; C:1.0000]
 1.0000: (DRIVE-TRUCK TRU4 POS4 APT4 CIT4) [D:1.0000; C:1.0000]
 1.0000: (DRIVE-TRUCK TRU1 POS1 APT1 CIT1) [D:1.0000; C:1.0000]
 2.0000: (UNLOAD-TRUCK OBJ53 TRU5 APT5) [D:1.0000; C:1.0000]
 2.0000: (UNLOAD-TRUCK OBJ32 TRU3 APT3) [D:1.0000; C:1.0000]
 2.0000: (UNLOAD-TRUCK OBJ21 TRU2 APT2) [D:1.0000; C:1.0000]
 2.0000: (UNLOAD-TRUCK OBJ43 TRU4 APT4) [D:1.0000; C:1.0000]
 2.0000: (UNLOAD-TRUCK OBJ13 TRU1 APT1) [D:1.0000; C:1.0000]
 3.0000: (DRIVE-TRUCK TRU5 APT5 POS5 CIT5) [D:1.0000; C:1.0000]
 3.0000: (DRIVE-TRUCK TRU3 APT3 POS3 CIT3) [D:1.0000; C:1.0000]
 3.0000: (LOAD-AIRPLANE OBJ32 APN1 APT3) [D:1.0000; C:1.0000]
 3.0000: (DRIVE-TRUCK TRU2 APT2 POS2 CIT2) [D:1.0000; C:1.0000]
 3.0000: (DRIVE-TRUCK TRU4 APT4 POS4 CIT4) [D:1.0000; C:1.0000]
 3.0000: (DRIVE-TRUCK TRU1 APT1 POS1 CIT1) [D:1.0000; C:1.0000]
 4.0000: (DRIVE-TRUCK TRU5 POS5 APT5 CIT5) [D:1.0000; C:1.0000]
 4.0000: (DRIVE-TRUCK TRU3 POS3 APT3 CIT3) [D:1.0000; C:1.0000]
 4.0000: (DRIVE-TRUCK TRU2 POS2 APT2 CIT2) [D:1.0000; C:1.0000]
 4.0000: (DRIVE-TRUCK TRU4 POS4 APT4 CIT4) [D:1.0000; C:1.0000]
 4.0000: (DRIVE-TRUCK TRU1 POS1 APT1 CIT1) [D:1.0000; C:1.0000]
 5.0000: (UNLOAD-TRUCK OBJ31 TRU3 APT3) [D:1.0000; C:1.0000]
 5.0000: (UNLOAD-TRUCK OBJ22 TRU2 APT2) [D:1.0000; C:1.0000]
 5.0000: (UNLOAD-TRUCK OBJ12 TRU1 APT1) [D:1.0000; C:1.0000]
 6.0000: (LOAD-AIRPLANE OBJ31 APN1 APT3) [D:1.0000; C:1.0000]
 6.0000: (LOAD-AIRPLANE OBJ22 APN2 APT2) [D:1.0000; C:1.0000]
 6.0000: (DRIVE-TRUCK TRU1 APT1 POS1 CIT1) [D:1.0000; C:1.0000]
 7.0000: (FLY-AIRPLANE APN1 APT3 APT2) [D:1.0000; C:1.0000]
 7.0000: (DRIVE-TRUCK TRU1 POS1 APT1 CIT1) [D:1.0000; C:1.0000]
 8.0000: (UNLOAD-AIRPLANE OBJ31 APN1 APT2) [D:1.0000; C:1.0000]
 8.0000: (UNLOAD-AIRPLANE OBJ32 APN1 APT2) [D:1.0000; C:1.0000]
 8.0000: (LOAD-AIRPLANE OBJ21 APN1 APT2) [D:1.0000; C:1.0000]
 8.0000: (UNLOAD-TRUCK OBJ11 TRU1 APT1) [D:1.0000; C:1.0000]
 9.0000: (LOAD-AIRPLANE OBJ31 APN2 APT2) [D:1.0000; C:1.0000]
 9.0000: (LOAD-AIRPLANE OBJ32 APN2 APT2) [D:1.0000; C:1.0000]
 9.0000: (FLY-AIRPLANE APN1 APT2 APT5) [D:1.0000; C:1.0000]
 10.0000: (FLY-AIRPLANE APN2 APT2 APT5) [D:1.0000; C:1.0000]
 10.0000: (UNLOAD-AIRPLANE OBJ21 APN1 APT5) [D:1.0000; C:1.0000]
 11.0000: (UNLOAD-AIRPLANE OBJ31 APN2 APT5) [D:1.0000; C:1.0000]
 11.0000: (LOAD-TRUCK OBJ21 TRU5 APT5) [D:1.0000; C:1.0000]
 11.0000: (FLY-AIRPLANE APN1 APT5 APT1) [D:1.0000; C:1.0000]
 12.0000: (LOAD-TRUCK OBJ31 TRU5 APT5) [D:1.0000; C:1.0000]
 12.0000: (FLY-AIRPLANE APN2 APT5 APT4) [D:1.0000; C:1.0000]
 12.0000: (LOAD-AIRPLANE OBJ12 APN1 APT1) [D:1.0000; C:1.0000]
 13.0000: (DRIVE-TRUCK TRU5 APT5 POS5 CIT5) [D:1.0000; C:1.0000]
 13.0000: (UNLOAD-AIRPLANE OBJ32 APN2 APT4) [D:1.0000; C:1.0000]
 13.0000: (UNLOAD-AIRPLANE OBJ22 APN2 APT4) [D:1.0000; C:1.0000]
 13.0000: (FLY-AIRPLANE APN1 APT1 APT3) [D:1.0000; C:1.0000]
 14.0000: (UNLOAD-TRUCK OBJ31 TRU5 POS5) [D:1.0000; C:1.0000]
 14.0000: (LOAD-TRUCK OBJ32 TRU4 APT4) [D:1.0000; C:1.0000]
 14.0000: (LOAD-TRUCK OBJ22 TRU4 APT4) [D:1.0000; C:1.0000]
 14.0000: (UNLOAD-TRUCK OBJ21 TRU5 POS5) [D:1.0000; C:1.0000]
 14.0000: (LOAD-TRUCK OBJ51 TRU5 POS5) [D:1.0000; C:1.0000]
 14.0000: (UNLOAD-AIRPLANE OBJ12 APN1 APT3) [D:1.0000; C:1.0000]
 15.0000: (DRIVE-TRUCK TRU4 APT4 POS4 CIT4) [D:1.0000; C:1.0000]
 15.0000: (DRIVE-TRUCK TRU5 POS5 APT5 CIT5) [D:1.0000; C:1.0000]
 15.0000: (FLY-AIRPLANE APN1 APT3 APT4) [D:1.0000; C:1.0000]
 16.0000: (UNLOAD-TRUCK OBJ32 TRU4 POS4) [D:1.0000; C:1.0000]
 16.0000: (UNLOAD-TRUCK OBJ22 TRU4 POS4) [D:1.0000; C:1.0000]
 16.0000: (UNLOAD-TRUCK OBJ51 TRU5 APT5) [D:1.0000; C:1.0000]
 16.0000: (LOAD-TRUCK OBJ41 TRU4 POS4) [D:1.0000; C:1.0000]
 16.0000: (LOAD-AIRPLANE OBJ43 APN1 APT4) [D:1.0000; C:1.0000]
 17.0000: (DRIVE-TRUCK TRU4 POS4 APT4 CIT4) [D:1.0000; C:1.0000]
 17.0000: (UNLOAD-AIRPLANE OBJ43 APN1 APT4) [D:1.0000; C:1.0000]
 18.0000: (UNLOAD-TRUCK OBJ41 TRU4 APT4) [D:1.0000; C:1.0000]
 18.0000: (LOAD-AIRPLANE OBJ43 APN1 APT4) [D:1.0000; C:1.0000]
 19.0000: (LOAD-AIRPLANE OBJ41 APN2 APT4) [D:1.0000; C:1.0000]
 19.0000: (FLY-AIRPLANE APN1 APT4 APT5) [D:1.0000; C:1.0000]
 20.0000: (FLY-AIRPLANE APN2 APT4 APT3) [D:1.0000; C:1.0000]
 20.0000: (UNLOAD-AIRPLANE OBJ43 APN1 APT5) [D:1.0000; C:1.0000]
 21.0000: (UNLOAD-AIRPLANE OBJ41 APN2 APT3) [D:1.0000; C:1.0000]
 22.0000: (LOAD-TRUCK OBJ41 TRU3 APT3) [D:1.0000; C:1.0000]
 22.0000: (FLY-AIRPLANE APN2 APT3 APT1) [D:1.0000; C:1.0000]
 23.0000: (UNLOAD-TRUCK OBJ41 TRU3 APT3) [D:1.0000; C:1.0000]
 23.0000: (LOAD-AIRPLANE OBJ11 APN2 APT1) [D:1.0000; C:1.0000]
 24.0000: (FLY-AIRPLANE APN2 APT1 APT4) [D:1.0000; C:1.0000]
 25.0000: (UNLOAD-AIRPLANE OBJ11 APN2 APT4) [D:1.0000; C:1.0000]
 26.0000: (FLY-AIRPLANE APN2 APT4 APT1) [D:1.0000; C:1.0000]
 27.0000: (FLY-AIRPLANE APN2 APT1 APT3) [D:1.0000; C:1.0000]
 28.0000: (LOAD-AIRPLANE OBJ12 APN2 APT3) [D:1.0000; C:1.0000]
 29.0000: (UNLOAD-AIRPLANE OBJ12 APN2 APT3) [D:1.0000; C:1.0000]


Solution found:
Total time:      0.03
Search time:     0.01
Actions:         91
Execution cost:  91.00
Duration:        30.000
Plan quality:    91.000


Parsing domain file:  domain 'LOGISTICS' defined ... done.
Parsing problem file:  problem 'LOGISTICS-14-1' defined ... done.



Modality: Fast Planner

Number of actions             :    1950
Number of conditional actions :       0
Number of facts               :     315


Analyzing Planning Problem:
	Temporal Planning Problem: NO
	Numeric Planning Problem: NO
	Problem with Timed Initial Litearals: NO
	Problem with Derived Predicates: NO

Evaluation function weights:
     Action duration 0.00; Action cost 1.00


Computing mutex... done

Preprocessing total time: 0.02 seconds

Searching ('.' = every 50 search steps):
.. solution found: 

Plan computed:
   Time: (ACTION) [action Duration; action Cost]
 0.0000: (LOAD-TRUCK OBJ43 TRU4 POS4) [D:1.0000; C:1.0000]
 0.0000: (LOAD-TRUCK OBJ51 TRU5 POS5) [D:1.0000; C:1.0000]
 0.0000: (LOAD-TRUCK OBJ52 TRU5 POS5) [D:1.0000; C:1.0000]
 0.0000: (LOAD-TRUCK OBJ53 TRU5 POS5) [D:1.0000; C:1.0000]
 0.0000: (LOAD-TRUCK OBJ11 TRU1 POS1) [D:1.0000; C:1.0000]
 0.0000: (LOAD-TRUCK OBJ12 TRU1 POS1) [D:1.0000; C:1.0000]
 0.0000: (DRIVE-TRUCK TRU3 POS3 APT3 CIT3) [D:1.0000; C:1.0000]
 0.0000: (LOAD-TRUCK OBJ22 TRU2 POS2) [D:1.0000; C:1.0000]
 0.0000: (LOAD-TRUCK OBJ21 TRU2 POS2) [D:1.0000; C:1.0000]
 1.0000: (DRIVE-TRUCK TRU4 POS4 APT4 CIT4) [D:1.0000; C:1.0000]
 1.0000: (DRIVE-TRUCK TRU5 POS5 APT5 CIT5) [D:1.0000; C:1.0000]
 1.0000: (DRIVE-TRUCK TRU1 POS1 APT1 CIT1) [D:1.0000; C:1.0000]
 1.0000: (DRIVE-TRUCK TRU2 POS2 APT2 CIT2) [D:1.0000; C:1.0000]
 2.0000: (UNLOAD-TRUCK OBJ43 TRU4 APT4) [D:1.0000; C:1.0000]
 2.0000: (UNLOAD-TRUCK OBJ53 TRU5 APT5) [D:1.0000; C:1.0000]
 2.0000: (UNLOAD-TRUCK OBJ12 TRU1 APT1) [D:1.0000; C:1.0000]
 2.0000: (UNLOAD-TRUCK OBJ21 TRU2 APT2) [D:1.0000; C:1.0000]
 3.0000: (DRIVE-TRUCK TRU4 APT4 POS4 CIT4) [D:1.0000; C:1.0000]
 3.0000: (DRIVE-TRUCK TRU5 APT5 POS5 CIT5) [D:1.0000; C:1.0000]
 3.0000: (DRIVE-TRUCK TRU1 APT1 POS1 CIT1) [D:1.0000; C:1.0000]
 3.0000: (DRIVE-TRUCK TRU2 APT2 POS2 CIT2) [D:1.0000; C:1.0000]
 4.0000: (DRIVE-TRUCK TRU4 POS4 APT4 CIT4) [D:1.0000; C:1.0000]
 4.0000: (DRIVE-TRUCK TRU5 POS5 APT5 CIT5) [D:1.0000; C:1.0000]
 4.0000: (DRIVE-TRUCK TRU1 POS1 APT1 CIT1) [D:1.0000; C:1.0000]
 4.0000: (DRIVE-TRUCK TRU2 POS2 APT2 CIT2) [D:1.0000; C:1.0000]
 5.0000: (UNLOAD-TRUCK OBJ52 TRU5 APT5) [D:1.0000; C:1.0000]
 5.0000: (UNLOAD-TRUCK OBJ11 TRU1 APT1) [D:1.0000; C:1.0000]
 5.0000: (UNLOAD-TRUCK OBJ22 TRU2 APT2) [D:1.0000; C:1.0000]
 6.0000: (DRIVE-TRUCK TRU5 APT5 POS5 CIT5) [D:1.0000; C:1.0000]
 6.0000: (LOAD-AIRPLANE OBJ11 APN1 APT1) [D:1.0000; C:1.0000]
 7.0000: (DRIVE-TRUCK TRU5 POS5 APT5 CIT5) [D:1.0000; C:1.0000]
 7.0000: (FLY-AIRPLANE APN1 APT1 APT4) [D:1.0000; C:1.0000]
 8.0000: (UNLOAD-TRUCK OBJ51 TRU5 APT5) [D:1.0000; C:1.0000]
 8.0000: (UNLOAD-AIRPLANE OBJ11 APN1 APT4) [D:1.0000; C:1.0000]
 9.0000: (LOAD-AIRPLANE OBJ51 APN2 APT5) [D:1.0000; C:1.0000]
 9.0000: (FLY-AIRPLANE APN1 APT4 APT2) [D:1.0000; C:1.0000]
 10.0000: (FLY-AIRPLANE APN2 APT5 APT4) [D:1.0000; C:1.0000]
 10.0000: (LOAD-AIRPLANE OBJ22 APN1 APT2) [D:1.0000; C:1.0000]
 10.0000: (LOAD-AIRPLANE OBJ21 APN1 APT2) [D:1.0000; C:1.0000]
 11.0000: (UNLOAD-AIRPLANE OBJ51 APN2 APT4) [D:1.0000; C:1.0000]
 11.0000: (LOAD-AIRPLANE OBJ11 APN2 APT4) [D:1.0000; C:1.0000]
 11.0000: (FLY-AIRPLANE APN1 APT2 APT4) [D:1.0000; C:1.0000]
 12.0000: (LOAD-TRUCK OBJ51 TRU4 APT4) [D:1.0000; C:1.0000]
 12.0000: (UNLOAD-AIRPLANE OBJ11 APN2 APT4) [D:1.0000; C:1.0000]
 12.0000: (UNLOAD-AIRPLANE OBJ22 APN1 APT4) [D:1.0000; C:1.0000]
 13.0000: (LOAD-TRUCK OBJ11 TRU4 APT4) [D:1.0000; C:1.0000]
 13.0000: (LOAD-AIRPLANE OBJ22 APN2 APT4) [D:1.0000; C:1.0000]
 14.0000: (DRIVE-TRUCK TRU4 APT4 POS4 CIT4) [D:1.0000; C:1.0000]
 14.0000: (FLY-AIRPLANE APN2 APT4 APT5) [D:1.0000; C:1.0000]
 15.0000: (UNLOAD-TRUCK OBJ51 TRU4 POS4) [D:1.0000; C:1.0000]
 15.0000: (UNLOAD-TRUCK OBJ11 TRU4 POS4) [D:1.0000; C:1.0000]
 15.0000: (FLY-AIRPLANE APN2 APT5 APT3) [D:1.0000; C:1.0000]
 15.0000: (LOAD-TRUCK OBJ42 TRU4 POS4) [D:1.0000; C:1.0000]
 16.0000: (UNLOAD-AIRPLANE OBJ22 APN2 APT3) [D:1.0000; C:1.0000]
 16.0000: (DRIVE-TRUCK TRU4 POS4 APT4 CIT4) [D:1.0000; C:1.0000]
 17.0000: (LOAD-TRUCK OBJ22 TRU3 APT3) [D:1.0000; C:1.0000]
 17.0000: (UNLOAD-TRUCK OBJ42 TRU4 APT4) [D:1.0000; C:1.0000]
 17.0000: (FLY-AIRPLANE APN2 APT3 APT1) [D:1.0000; C:1.0000]
 18.0000: (DRIVE-TRUCK TRU3 APT3 POS3 CIT3) [D:1.0000; C:1.0000]
 18.0000: (LOAD-AIRPLANE OBJ42 APN1 APT4) [D:1.0000; C:1.0000]
 18.0000: (LOAD-AIRPLANE OBJ12 APN2 APT1) [D:1.0000; C:1.0000]
 19.0000: (UNLOAD-TRUCK OBJ22 TRU3 POS3) [D:1.0000; C:1.0000]
 19.0000: (FLY-AIRPLANE APN1 APT4 APT1) [D:1.0000; C:1.0000]
 19.0000: (FLY-AIRPLANE APN2 APT1 APT3) [D:1.0000; C:1.0000]
 19.0000: (LOAD-TRUCK OBJ32 TRU3 POS3) [D:1.0000; C:1.0000]
 20.0000: (UNLOAD-AIRPLANE OBJ42 APN1 APT1) [D:1.0000; C:1.0000]
 20.0000: (UNLOAD-AIRPLANE OBJ12 APN2 APT3) [D:1.0000; C:1.0000]
 20.0000: (DRIVE-TRUCK TRU3 POS3 APT3 CIT3) [D:1.0000; C:1.0000]
 21.0000: (LOAD-TRUCK OBJ42 TRU1 APT1) [D:1.0000; C:1.0000]
 21.0000: (FLY-AIRPLANE APN1 APT1 APT5) [D:1.0000; C:1.0000]
 21.0000: (UNLOAD-TRUCK OBJ32 TRU3 APT3) [D:1.0000; C:1.0000]
 22.0000: (LOAD-AIRPLANE OBJ52 APN1 APT5) [D:1.0000; C:1.0000]
 22.0000: (LOAD-AIRPLANE OBJ32 APN2 APT3) [D:1.0000; C:1.0000]
 23.0000: (FLY-AIRPLANE APN1 APT5 APT1) [D:1.0000; C:1.0000]
 23.0000: (FLY-AIRPLANE APN2 APT3 APT4) [D:1.0000; C:1.0000]
 24.0000: (UNLOAD-AIRPLANE OBJ52 APN1 APT1) [D:1.0000; C:1.0000]
 24.0000: (UNLOAD-AIRPLANE OBJ32 APN2 APT4) [D:1.0000; C:1.0000]
 24.0000: (LOAD-AIRPLANE OBJ43 APN2 APT4) [D:1.0000; C:1.0000]
 25.0000: (LOAD-TRUCK OBJ52 TRU1 APT1) [D:1.0000; C:1.0000]
 25.0000: (FLY-AIRPLANE APN1 APT1 APT4) [D:1.0000; C:1.0000]
 25.0000: (FLY-AIRPLANE APN2 APT4 APT1) [D:1.0000; C:1.0000]
 26.0000: (DRIVE-TRUCK TRU1 APT1 POS1 CIT1) [D:1.0000; C:1.0000]
 26.0000: (UNLOAD-AIRPLANE OBJ21 APN1 APT4) [D:1.0000; C:1.0000]
 26.0000: (UNLOAD-AIRPLANE OBJ43 APN2 APT1) [D:1.0000; C:1.0000]
 27.0000: (UNLOAD-TRUCK OBJ42 TRU1 POS1) [D:1.0000; C:1.0000]
 27.0000: (UNLOAD-TRUCK OBJ52 TRU1 POS1) [D:1.0000; C:1.0000]
 27.0000: (LOAD-TRUCK OBJ21 TRU4 APT4) [D:1.0000; C:1.0000]
 27.0000: (LOAD-TRUCK OBJ13 TRU1 POS1) [D:1.0000; C:1.0000]
 28.0000: (DRIVE-TRUCK TRU4 APT4 POS4 CIT4) [D:1.0000; C:1.0000]
 28.0000: (DRIVE-TRUCK TRU1 POS1 APT1 CIT1) [D:1.0000; C:1.0000]
 29.0000: (UNLOAD-TRUCK OBJ21 TRU4 POS4) [D:1.0000; C:1.0000]
 29.0000: (LOAD-TRUCK OBJ41 TRU4 POS4) [D:1.0000; C:1.0000]
 29.0000: (UNLOAD-TRUCK OBJ13 TRU1 APT1) [D:1.0000; C:1.0000]
 30.0000: (DRIVE-TRUCK TRU4 POS4 APT4 CIT4) [D:1.0000; C:1.0000]
 31.0000: (UNLOAD-TRUCK OBJ41 TRU4 APT4) [D:1.0000; C:1.0000]
 32.0000: (LOAD-AIRPLANE OBJ41 APN1 APT4) [D:1.0000; C:1.0000]
 33.0000: (FLY-AIRPLANE APN1 APT4 APT1) [D:1.0000; C:1.0000]
 34.0000: (UNLOAD-AIRPLANE OBJ41 APN1 APT1) [D:1.0000; C:1.0000]
 34.0000: (LOAD-AIRPLANE OBJ13 APN1 APT1) [D:1.0000; C:1.0000]
 35.0000: (FLY-AIRPLANE APN1 APT1 APT2) [D:1.0000; C:1.0000]
 36.0000: (UNLOAD-AIRPLANE OBJ13 APN1 APT2) [D:1.0000; C:1.0000]


Solution found:
Total time:      0.05
Search time:     0.03
Actions:         101
Execution cost:  101.00
Duration:        37.000
Plan quality:    101.000


Parsing domain file:  domain 'LOGISTICS' defined ... done.
Parsing problem file:  problem 'LOGISTICS-15-0' defined ... done.



Modality: Fast Planner

Number of actions             :    1950
Number of conditional actions :       0
Number of facts               :     315


Analyzing Planning Problem:
	Temporal Planning Problem: NO
	Numeric Planning Problem: NO
	Problem with Timed Initial Litearals: NO
	Problem with Derived Predicates: NO

Evaluation function weights:
     Action duration 0.00; Action cost 1.00


Computing mutex... done

Preprocessing total time: 0.02 seconds

Searching ('.' = every 50 search steps):
.. solution found: 

Plan computed:
   Time: (ACTION) [action Duration; action Cost]
 0.0000: (LOAD-TRUCK OBJ52 TRU5 POS5) [D:1.0000; C:1.0000]
 0.0000: (LOAD-TRUCK OBJ53 TRU5 POS5) [D:1.0000; C:1.0000]
 0.0000: (FLY-AIRPLANE APN1 APT5 APT4) [D:1.0000; C:1.0000]
 0.0000: (LOAD-TRUCK OBJ43 TRU4 POS4) [D:1.0000; C:1.0000]
 0.0000: (LOAD-TRUCK OBJ41 TRU4 POS4) [D:1.0000; C:1.0000]
 0.0000: (LOAD-TRUCK OBJ23 TRU2 POS2) [D:1.0000; C:1.0000]
 0.0000: (LOAD-TRUCK OBJ22 TRU2 POS2) [D:1.0000; C:1.0000]
 0.0000: (LOAD-TRUCK OBJ12 TRU1 POS1) [D:1.0000; C:1.0000]
 0.0000: (LOAD-TRUCK OBJ11 TRU1 POS1) [D:1.0000; C:1.0000]
 0.0000: (LOAD-TRUCK OBJ13 TRU1 POS1) [D:1.0000; C:1.0000]
 0.0000: (LOAD-TRUCK OBJ33 TRU3 POS3) [D:1.0000; C:1.0000]
 1.0000: (DRIVE-TRUCK TRU5 POS5 APT5 CIT5) [D:1.0000; C:1.0000]
 1.0000: (DRIVE-TRUCK TRU4 POS4 APT4 CIT4) [D:1.0000; C:1.0000]
 1.0000: (DRIVE-TRUCK TRU2 POS2 APT2 CIT2) [D:1.0000; C:1.0000]
 1.0000: (DRIVE-TRUCK TRU1 POS1 APT1 CIT1) [D:1.0000; C:1.0000]
 1.0000: (DRIVE-TRUCK TRU3 POS3 APT3 CIT3) [D:1.0000; C:1.0000]
 2.0000: (UNLOAD-TRUCK OBJ53 TRU5 APT5) [D:1.0000; C:1.0000]
 2.0000: (UNLOAD-TRUCK OBJ41 TRU4 APT4) [D:1.0000; C:1.0000]
 2.0000: (UNLOAD-TRUCK OBJ22 TRU2 APT2) [D:1.0000; C:1.0000]
 2.0000: (UNLOAD-TRUCK OBJ13 TRU1 APT1) [D:1.0000; C:1.0000]
 2.0000: (UNLOAD-TRUCK OBJ33 TRU3 APT3) [D:1.0000; C:1.0000]
 3.0000: (DRIVE-TRUCK TRU5 APT5 POS5 CIT5) [D:1.0000; C:1.0000]
 3.0000: (DRIVE-TRUCK TRU4 APT4 POS4 CIT4) [D:1.0000; C:1.0000]
 3.0000: (DRIVE-TRUCK TRU2 APT2 POS2 CIT2) [D:1.0000; C:1.0000]
 3.0000: (DRIVE-TRUCK TRU1 APT1 POS1 CIT1) [D:1.0000; C:1.0000]
 3.0000: (DRIVE-TRUCK TRU3 APT3 POS3 CIT3) [D:1.0000; C:1.0000]
 4.0000: (DRIVE-TRUCK TRU5 POS5 APT5 CIT5) [D:1.0000; C:1.0000]
 4.0000: (DRIVE-TRUCK TRU4 POS4 APT4 CIT4) [D:1.0000; C:1.0000]
 4.0000: (DRIVE-TRUCK TRU2 POS2 APT2 CIT2) [D:1.0000; C:1.0000]
 4.0000: (DRIVE-TRUCK TRU1 POS1 APT1 CIT1) [D:1.0000; C:1.0000]
 4.0000: (DRIVE-TRUCK TRU3 POS3 APT3 CIT3) [D:1.0000; C:1.0000]
 5.0000: (UNLOAD-TRUCK OBJ52 TRU5 APT5) [D:1.0000; C:1.0000]
 5.0000: (UNLOAD-TRUCK OBJ43 TRU4 APT4) [D:1.0000; C:1.0000]
 5.0000: (UNLOAD-TRUCK OBJ23 TRU2 APT2) [D:1.0000; C:1.0000]
 5.0000: (UNLOAD-TRUCK OBJ11 TRU1 APT1) [D:1.0000; C:1.0000]
 6.0000: (DRIVE-TRUCK TRU5 APT5 POS5 CIT5) [D:1.0000; C:1.0000]
 6.0000: (LOAD-AIRPLANE OBJ43 APN1 APT4) [D:1.0000; C:1.0000]
 6.0000: (LOAD-AIRPLANE OBJ23 APN2 APT2) [D:1.0000; C:1.0000]
 6.0000: (DRIVE-TRUCK TRU1 APT1 POS1 CIT1) [D:1.0000; C:1.0000]
 7.0000: (DRIVE-TRUCK TRU5 POS5 APT5 CIT5) [D:1.0000; C:1.0000]
 7.0000: (FLY-AIRPLANE APN1 APT4 APT5) [D:1.0000; C:1.0000]
 7.0000: (FLY-AIRPLANE APN2 APT2 APT4) [D:1.0000; C:1.0000]
 7.0000: (DRIVE-TRUCK TRU1 POS1 APT1 CIT1) [D:1.0000; C:1.0000]
 8.0000: (UNLOAD-AIRPLANE OBJ43 APN1 APT5) [D:1.0000; C:1.0000]
 8.0000: (UNLOAD-AIRPLANE OBJ23 APN2 APT4) [D:1.0000; C:1.0000]
 8.0000: (UNLOAD-TRUCK OBJ12 TRU1 APT1) [D:1.0000; C:1.0000]
 9.0000: (LOAD-TRUCK OBJ43 TRU5 APT5) [D:1.0000; C:1.0000]
 9.0000: (LOAD-TRUCK OBJ23 TRU4 APT4) [D:1.0000; C:1.0000]
 9.0000: (FLY-AIRPLANE APN1 APT5 APT1) [D:1.0000; C:1.0000]
 10.0000: (DRIVE-TRUCK TRU5 APT5 POS5 CIT5) [D:1.0000; C:1.0000]
 10.0000: (DRIVE-TRUCK TRU4 APT4 POS4 CIT4) [D:1.0000; C:1.0000]
 10.0000: (LOAD-AIRPLANE OBJ12 APN1 APT1) [D:1.0000; C:1.0000]
 10.0000: (LOAD-AIRPLANE OBJ11 APN1 APT1) [D:1.0000; C:1.0000]
 11.0000: (UNLOAD-TRUCK OBJ43 TRU5 POS5) [D:1.0000; C:1.0000]
 11.0000: (UNLOAD-TRUCK OBJ23 TRU4 POS4) [D:1.0000; C:1.0000]
 11.0000: (LOAD-TRUCK OBJ42 TRU4 POS4) [D:1.0000; C:1.0000]
 11.0000: (LOAD-TRUCK OBJ51 TRU5 POS5) [D:1.0000; C:1.0000]
 12.0000: (DRIVE-TRUCK TRU4 POS4 APT4 CIT4) [D:1.0000; C:1.0000]
 12.0000: (DRIVE-TRUCK TRU5 POS5 APT5 CIT5) [D:1.0000; C:1.0000]
 13.0000: (UNLOAD-TRUCK OBJ42 TRU4 APT4) [D:1.0000; C:1.0000]
 13.0000: (UNLOAD-TRUCK OBJ51 TRU5 APT5) [D:1.0000; C:1.0000]
 14.0000: (LOAD-AIRPLANE OBJ42 APN2 APT4) [D:1.0000; C:1.0000]
 15.0000: (FLY-AIRPLANE APN2 APT4 APT1) [D:1.0000; C:1.0000]
 16.0000: (UNLOAD-AIRPLANE OBJ42 APN2 APT1) [D:1.0000; C:1.0000]
 17.0000: (LOAD-AIRPLANE OBJ42 APN1 APT1) [D:1.0000; C:1.0000]
 17.0000: (FLY-AIRPLANE APN2 APT1 APT4) [D:1.0000; C:1.0000]
 18.0000: (FLY-AIRPLANE APN1 APT1 APT4) [D:1.0000; C:1.0000]
 18.0000: (LOAD-AIRPLANE OBJ41 APN2 APT4) [D:1.0000; C:1.0000]
 19.0000: (UNLOAD-AIRPLANE OBJ12 APN1 APT4) [D:1.0000; C:1.0000]
 20.0000: (LOAD-AIRPLANE OBJ12 APN2 APT4) [D:1.0000; C:1.0000]
 20.0000: (FLY-AIRPLANE APN1 APT4 APT5) [D:1.0000; C:1.0000]
 21.0000: (FLY-AIRPLANE APN2 APT4 APT2) [D:1.0000; C:1.0000]
 21.0000: (LOAD-AIRPLANE OBJ51 APN1 APT5) [D:1.0000; C:1.0000]
 22.0000: (UNLOAD-AIRPLANE OBJ12 APN2 APT2) [D:1.0000; C:1.0000]
 22.0000: (LOAD-AIRPLANE OBJ22 APN2 APT2) [D:1.0000; C:1.0000]
 23.0000: (LOAD-TRUCK OBJ12 TRU2 APT2) [D:1.0000; C:1.0000]
 24.0000: (DRIVE-TRUCK TRU2 APT2 POS2 CIT2) [D:1.0000; C:1.0000]
 25.0000: (UNLOAD-TRUCK OBJ12 TRU2 POS2) [D:1.0000; C:1.0000]
 25.0000: (LOAD-TRUCK OBJ21 TRU2 POS2) [D:1.0000; C:1.0000]
 26.0000: (DRIVE-TRUCK TRU2 POS2 APT2 CIT2) [D:1.0000; C:1.0000]
 27.0000: (UNLOAD-TRUCK OBJ21 TRU2 APT2) [D:1.0000; C:1.0000]
 28.0000: (LOAD-AIRPLANE OBJ21 APN2 APT2) [D:1.0000; C:1.0000]
 29.0000: (FLY-AIRPLANE APN2 APT2 APT5) [D:1.0000; C:1.0000]
 30.0000: (UNLOAD-AIRPLANE OBJ21 APN2 APT5) [D:1.0000; C:1.0000]
 30.0000: (UNLOAD-AIRPLANE OBJ22 APN2 APT5) [D:1.0000; C:1.0000]
 31.0000: (LOAD-AIRPLANE OBJ21 APN1 APT5) [D:1.0000; C:1.0000]
 31.0000: (LOAD-AIRPLANE OBJ22 APN1 APT5) [D:1.0000; C:1.0000]
 32.0000: (FLY-AIRPLANE APN1 APT5 APT3) [D:1.0000; C:1.0000]
 33.0000: (UNLOAD-AIRPLANE OBJ51 APN1 APT3) [D:1.0000; C:1.0000]
 33.0000: (UNLOAD-AIRPLANE OBJ21 APN1 APT3) [D:1.0000; C:1.0000]
 34.0000: (LOAD-TRUCK OBJ51 TRU3 APT3) [D:1.0000; C:1.0000]
 34.0000: (LOAD-TRUCK OBJ21 TRU3 APT3) [D:1.0000; C:1.0000]
 35.0000: (DRIVE-TRUCK TRU3 APT3 POS3 CIT3) [D:1.0000; C:1.0000]
 36.0000: (UNLOAD-TRUCK OBJ51 TRU3 POS3) [D:1.0000; C:1.0000]
 36.0000: (UNLOAD-TRUCK OBJ21 TRU3 POS3) [D:1.0000; C:1.0000]
 36.0000: (LOAD-TRUCK OBJ31 TRU3 POS3) [D:1.0000; C:1.0000]
 37.0000: (DRIVE-TRUCK TRU3 POS3 APT3 CIT3) [D:1.0000; C:1.0000]
 38.0000: (UNLOAD-TRUCK OBJ31 TRU3 APT3) [D:1.0000; C:1.0000]
 39.0000: (LOAD-AIRPLANE OBJ31 APN1 APT3) [D:1.0000; C:1.0000]
 40.0000: (FLY-AIRPLANE APN1 APT3 APT4) [D:1.0000; C:1.0000]
 41.0000: (UNLOAD-AIRPLANE OBJ31 APN1 APT4) [D:1.0000; C:1.0000]
 41.0000: (UNLOAD-AIRPLANE OBJ22 APN1 APT4) [D:1.0000; C:1.0000]
 42.0000: (FLY-AIRPLANE APN1 APT4 APT3) [D:1.0000; C:1.0000]
 43.0000: (FLY-AIRPLANE APN1 APT3 APT5) [D:1.0000; C:1.0000]
 44.0000: (UNLOAD-AIRPLANE OBJ11 APN1 APT5) [D:1.0000; C:1.0000]
 45.0000: (LOAD-AIRPLANE OBJ11 APN2 APT5) [D:1.0000; C:1.0000]
 45.0000: (FLY-AIRPLANE APN1 APT5 APT2) [D:1.0000; C:1.0000]
 46.0000: (FLY-AIRPLANE APN2 APT5 APT3) [D:1.0000; C:1.0000]
 46.0000: (UNLOAD-AIRPLANE OBJ42 APN1 APT2) [D:1.0000; C:1.0000]
 47.0000: (UNLOAD-AIRPLANE OBJ11 APN2 APT3) [D:1.0000; C:1.0000]
 47.0000: (FLY-AIRPLANE APN1 APT2 APT5) [D:1.0000; C:1.0000]
 48.0000: (LOAD-AIRPLANE OBJ52 APN1 APT5) [D:1.0000; C:1.0000]
 48.0000: (FLY-AIRPLANE APN2 APT3 APT2) [D:1.0000; C:1.0000]
 49.0000: (FLY-AIRPLANE APN1 APT5 APT4) [D:1.0000; C:1.0000]
 49.0000: (FLY-AIRPLANE APN2 APT2 APT1) [D:1.0000; C:1.0000]
 50.0000: (UNLOAD-AIRPLANE OBJ52 APN1 APT4) [D:1.0000; C:1.0000]
 50.0000: (UNLOAD-AIRPLANE OBJ41 APN2 APT1) [D:1.0000; C:1.0000]
 51.0000: (FLY-AIRPLANE APN1 APT4 APT5) [D:1.0000; C:1.0000]
 52.0000: (LOAD-AIRPLANE OBJ53 APN1 APT5) [D:1.0000; C:1.0000]
 53.0000: (FLY-AIRPLANE APN1 APT5 APT2) [D:1.0000; C:1.0000]
 54.0000: (UNLOAD-AIRPLANE OBJ53 APN1 APT2) [D:1.0000; C:1.0000]


Solution found:
Total time:      0.06
Search time:     0.04
Actions:         121
Execution cost:  121.00
Duration:        55.000
Plan quality:    121.000


Parsing domain file:  domain 'LOGISTICS' defined ... done.
Parsing problem file:  problem 'LOGISTICS-15-1' defined ... done.



Modality: Fast Planner

Number of actions             :    1950
Number of conditional actions :       0
Number of facts               :     315


Analyzing Planning Problem:
	Temporal Planning Problem: NO
	Numeric Planning Problem: NO
	Problem with Timed Initial Litearals: NO
	Problem with Derived Predicates: NO

Evaluation function weights:
     Action duration 0.00; Action cost 1.00


Computing mutex... done

Preprocessing total time: 0.03 seconds

Searching ('.' = every 50 search steps):
.. solution found: 

Plan computed:
   Time: (ACTION) [action Duration; action Cost]
 0.0000: (LOAD-TRUCK OBJ31 TRU3 POS3) [D:1.0000; C:1.0000]
 0.0000: (LOAD-TRUCK OBJ11 TRU1 POS1) [D:1.0000; C:1.0000]
 0.0000: (LOAD-TRUCK OBJ43 TRU4 POS4) [D:1.0000; C:1.0000]
 0.0000: (LOAD-TRUCK OBJ42 TRU4 POS4) [D:1.0000; C:1.0000]
 0.0000: (LOAD-TRUCK OBJ23 TRU2 POS2) [D:1.0000; C:1.0000]
 0.0000: (LOAD-TRUCK OBJ21 TRU2 POS2) [D:1.0000; C:1.0000]
 0.0000: (LOAD-TRUCK OBJ22 TRU2 POS2) [D:1.0000; C:1.0000]
 0.0000: (LOAD-TRUCK OBJ52 TRU5 POS5) [D:1.0000; C:1.0000]
 0.0000: (LOAD-TRUCK OBJ51 TRU5 POS5) [D:1.0000; C:1.0000]
 0.0000: (LOAD-TRUCK OBJ53 TRU5 POS5) [D:1.0000; C:1.0000]
 1.0000: (DRIVE-TRUCK TRU3 POS3 APT3 CIT3) [D:1.0000; C:1.0000]
 1.0000: (DRIVE-TRUCK TRU1 POS1 APT1 CIT1) [D:1.0000; C:1.0000]
 1.0000: (DRIVE-TRUCK TRU4 POS4 APT4 CIT4) [D:1.0000; C:1.0000]
 1.0000: (DRIVE-TRUCK TRU2 POS2 APT2 CIT2) [D:1.0000; C:1.0000]
 1.0000: (DRIVE-TRUCK TRU5 POS5 APT5 CIT5) [D:1.0000; C:1.0000]
 2.0000: (UNLOAD-TRUCK OBJ31 TRU3 APT3) [D:1.0000; C:1.0000]
 2.0000: (UNLOAD-TRUCK OBJ11 TRU1 APT1) [D:1.0000; C:1.0000]
 2.0000: (UNLOAD-TRUCK OBJ42 TRU4 APT4) [D:1.0000; C:1.0000]
 2.0000: (UNLOAD-TRUCK OBJ22 TRU2 APT2) [D:1.0000; C:1.0000]
 2.0000: (UNLOAD-TRUCK OBJ53 TRU5 APT5) [D:1.0000; C:1.0000]
 3.0000: (DRIVE-TRUCK TRU3 APT3 POS3 CIT3) [D:1.0000; C:1.0000]
 3.0000: (LOAD-AIRPLANE OBJ11 APN2 APT1) [D:1.0000; C:1.0000]
 3.0000: (DRIVE-TRUCK TRU4 APT4 POS4 CIT4) [D:1.0000; C:1.0000]
 3.0000: (DRIVE-TRUCK TRU2 APT2 POS2 CIT2) [D:1.0000; C:1.0000]
 3.0000: (DRIVE-TRUCK TRU5 APT5 POS5 CIT5) [D:1.0000; C:1.0000]
 4.0000: (DRIVE-TRUCK TRU3 POS3 APT3 CIT3) [D:1.0000; C:1.0000]
 4.0000: (FLY-AIRPLANE APN2 APT1 APT3) [D:1.0000; C:1.0000]
 4.0000: (DRIVE-TRUCK TRU4 POS4 APT4 CIT4) [D:1.0000; C:1.0000]
 4.0000: (DRIVE-TRUCK TRU2 POS2 APT2 CIT2) [D:1.0000; C:1.0000]
 4.0000: (DRIVE-TRUCK TRU5 POS5 APT5 CIT5) [D:1.0000; C:1.0000]
 5.0000: (UNLOAD-AIRPLANE OBJ11 APN2 APT3) [D:1.0000; C:1.0000]
 5.0000: (UNLOAD-TRUCK OBJ43 TRU4 APT4) [D:1.0000; C:1.0000]
 5.0000: (UNLOAD-TRUCK OBJ21 TRU2 APT2) [D:1.0000; C:1.0000]
 5.0000: (UNLOAD-TRUCK OBJ51 TRU5 APT5) [D:1.0000; C:1.0000]
 6.0000: (LOAD-TRUCK OBJ11 TRU3 APT3) [D:1.0000; C:1.0000]
 6.0000: (DRIVE-TRUCK TRU4 APT4 POS4 CIT4) [D:1.0000; C:1.0000]
 6.0000: (DRIVE-TRUCK TRU2 APT2 POS2 CIT2) [D:1.0000; C:1.0000]
 6.0000: (DRIVE-TRUCK TRU5 APT5 POS5 CIT5) [D:1.0000; C:1.0000]
 7.0000: (DRIVE-TRUCK TRU3 APT3 POS3 CIT3) [D:1.0000; C:1.0000]
 7.0000: (DRIVE-TRUCK TRU4 POS4 APT4 CIT4) [D:1.0000; C:1.0000]
 7.0000: (DRIVE-TRUCK TRU2 POS2 APT2 CIT2) [D:1.0000; C:1.0000]
 7.0000: (DRIVE-TRUCK TRU5 POS5 APT5 CIT5) [D:1.0000; C:1.0000]
 8.0000: (UNLOAD-TRUCK OBJ11 TRU3 POS3) [D:1.0000; C:1.0000]
 8.0000: (UNLOAD-TRUCK OBJ23 TRU2 APT2) [D:1.0000; C:1.0000]
 8.0000: (LOAD-TRUCK OBJ32 TRU3 POS3) [D:1.0000; C:1.0000]
 8.0000: (UNLOAD-TRUCK OBJ52 TRU5 APT5) [D:1.0000; C:1.0000]
 9.0000: (LOAD-AIRPLANE OBJ23 APN1 APT2) [D:1.0000; C:1.0000]
 9.0000: (DRIVE-TRUCK TRU3 POS3 APT3 CIT3) [D:1.0000; C:1.0000]
 10.0000: (FLY-AIRPLANE APN1 APT2 APT4) [D:1.0000; C:1.0000]
 10.0000: (UNLOAD-TRUCK OBJ32 TRU3 APT3) [D:1.0000; C:1.0000]
 11.0000: (UNLOAD-AIRPLANE OBJ23 APN1 APT4) [D:1.0000; C:1.0000]
 11.0000: (LOAD-AIRPLANE OBJ32 APN2 APT3) [D:1.0000; C:1.0000]
 12.0000: (LOAD-TRUCK OBJ23 TRU4 APT4) [D:1.0000; C:1.0000]
 12.0000: (FLY-AIRPLANE APN2 APT3 APT1) [D:1.0000; C:1.0000]
 13.0000: (DRIVE-TRUCK TRU4 APT4 POS4 CIT4) [D:1.0000; C:1.0000]
 13.0000: (UNLOAD-AIRPLANE OBJ32 APN2 APT1) [D:1.0000; C:1.0000]
 14.0000: (UNLOAD-TRUCK OBJ23 TRU4 POS4) [D:1.0000; C:1.0000]
 14.0000: (LOAD-TRUCK OBJ41 TRU4 POS4) [D:1.0000; C:1.0000]
 15.0000: (DRIVE-TRUCK TRU4 POS4 APT4 CIT4) [D:1.0000; C:1.0000]
 16.0000: (UNLOAD-TRUCK OBJ41 TRU4 APT4) [D:1.0000; C:1.0000]
 17.0000: (LOAD-AIRPLANE OBJ41 APN1 APT4) [D:1.0000; C:1.0000]
 18.0000: (FLY-AIRPLANE APN1 APT4 APT1) [D:1.0000; C:1.0000]
 19.0000: (UNLOAD-AIRPLANE OBJ41 APN1 APT1) [D:1.0000; C:1.0000]
 20.0000: (LOAD-TRUCK OBJ41 TRU1 APT1) [D:1.0000; C:1.0000]
 20.0000: (FLY-AIRPLANE APN1 APT1 APT4) [D:1.0000; C:1.0000]
 21.0000: (DRIVE-TRUCK TRU1 APT1 POS1 CIT1) [D:1.0000; C:1.0000]
 21.0000: (LOAD-AIRPLANE OBJ43 APN1 APT4) [D:1.0000; C:1.0000]
 22.0000: (UNLOAD-TRUCK OBJ41 TRU1 POS1) [D:1.0000; C:1.0000]
 22.0000: (FLY-AIRPLANE APN1 APT4 APT3) [D:1.0000; C:1.0000]
 22.0000: (LOAD-TRUCK OBJ13 TRU1 POS1) [D:1.0000; C:1.0000]
 23.0000: (UNLOAD-AIRPLANE OBJ43 APN1 APT3) [D:1.0000; C:1.0000]
 23.0000: (DRIVE-TRUCK TRU1 POS1 APT1 CIT1) [D:1.0000; C:1.0000]
 24.0000: (FLY-AIRPLANE APN1 APT3 APT5) [D:1.0000; C:1.0000]
 24.0000: (UNLOAD-TRUCK OBJ13 TRU1 APT1) [D:1.0000; C:1.0000]
 25.0000: (LOAD-AIRPLANE OBJ52 APN1 APT5) [D:1.0000; C:1.0000]
 26.0000: (FLY-AIRPLANE APN1 APT5 APT1) [D:1.0000; C:1.0000]
 27.0000: (UNLOAD-AIRPLANE OBJ52 APN1 APT1) [D:1.0000; C:1.0000]
 27.0000: (LOAD-AIRPLANE OBJ13 APN1 APT1) [D:1.0000; C:1.0000]
 28.0000: (LOAD-AIRPLANE OBJ52 APN2 APT1) [D:1.0000; C:1.0000]
 28.0000: (FLY-AIRPLANE APN1 APT1 APT3) [D:1.0000; C:1.0000]
 29.0000: (UNLOAD-AIRPLANE OBJ52 APN2 APT1) [D:1.0000; C:1.0000]
 29.0000: (UNLOAD-AIRPLANE OBJ13 APN1 APT3) [D:1.0000; C:1.0000]
 30.0000: (FLY-AIRPLANE APN2 APT1 APT5) [D:1.0000; C:1.0000]
 31.0000: (LOAD-AIRPLANE OBJ51 APN2 APT5) [D:1.0000; C:1.0000]
 32.0000: (FLY-AIRPLANE APN2 APT5 APT3) [D:1.0000; C:1.0000]
 33.0000: (UNLOAD-AIRPLANE OBJ51 APN2 APT3) [D:1.0000; C:1.0000]
 34.0000: (FLY-AIRPLANE APN2 APT3 APT2) [D:1.0000; C:1.0000]
 35.0000: (LOAD-AIRPLANE OBJ21 APN2 APT2) [D:1.0000; C:1.0000]
 36.0000: (FLY-AIRPLANE APN2 APT2 APT4) [D:1.0000; C:1.0000]
 37.0000: (UNLOAD-AIRPLANE OBJ21 APN2 APT4) [D:1.0000; C:1.0000]
 38.0000: (FLY-AIRPLANE APN2 APT4 APT5) [D:1.0000; C:1.0000]
 39.0000: (LOAD-AIRPLANE OBJ53 APN2 APT5) [D:1.0000; C:1.0000]
 40.0000: (FLY-AIRPLANE APN2 APT5 APT3) [D:1.0000; C:1.0000]
 41.0000: (UNLOAD-AIRPLANE OBJ53 APN2 APT3) [D:1.0000; C:1.0000]
 41.0000: (LOAD-AIRPLANE OBJ31 APN2 APT3) [D:1.0000; C:1.0000]
 42.0000: (FLY-AIRPLANE APN2 APT3 APT4) [D:1.0000; C:1.0000]
 43.0000: (UNLOAD-AIRPLANE OBJ31 APN2 APT4) [D:1.0000; C:1.0000]


Solution found:
Total time:      0.05
Search time:     0.02
Actions:         97
Execution cost:  97.00
Duration:        44.000
Plan quality:    97.000

