
Parsing domain file:  domain 'GRIPPER-STRIPS' defined ... done.
Parsing problem file:  problem 'GRIPPER-2' defined ... done.



Modality: Fast Planner

Number of actions             :      20
Number of conditional actions :       0
Number of facts               :      12


Analyzing Planning Problem:
	Temporal Planning Problem: NO
	Numeric Planning Problem: NO
	Problem with Timed Initial Litearals: NO
	Problem with Derived Predicates: NO

Evaluation function weights:
     Action duration 0.00; Action cost 1.00


Computing mutex... done

Preprocessing total time: 0.01 seconds

Searching ('.' = every 50 search steps):
 solution found: 

Plan computed:
   Time: (ACTION) [action Duration; action Cost]
 0.0000: (PICK BALL1 ROOMA LEFT) [D:1.0000; C:1.0000]
 1.0000: (MOVE ROOMA ROOMB) [D:1.0000; C:1.0000]
 2.0000: (DROP BALL1 ROOMB LEFT) [D:1.0000; C:1.0000]
 3.0000: (MOVE ROOMB ROOMA) [D:1.0000; C:1.0000]
 4.0000: (PICK BALL2 ROOMA LEFT) [D:1.0000; C:1.0000]
 5.0000: (MOVE ROOMA ROOMB) [D:1.0000; C:1.0000]
 6.0000: (DROP BALL2 ROOMB LEFT) [D:1.0000; C:1.0000]


Solution found:
Total time:      0.01
Search time:     0.00
Actions:         7
Execution cost:  7.00
Duration:        7.000
Plan quality:    7.000


Parsing domain file:  domain 'GRIPPER-STRIPS' defined ... done.
Parsing problem file:  problem 'GRIPPER-4' defined ... done.



Modality: Fast Planner

Number of actions             :      36
Number of conditional actions :       0
Number of facts               :      20


Analyzing Planning Problem:
	Temporal Planning Problem: NO
	Numeric Planning Problem: NO
	Problem with Timed Initial Litearals: NO
	Problem with Derived Predicates: NO

Evaluation function weights:
     Action duration 0.00; Action cost 1.00


Computing mutex... done

Preprocessing total time: 0.00 seconds

Searching ('.' = every 50 search steps):
 solution found: 

Plan computed:
   Time: (ACTION) [action Duration; action Cost]
 0.0000: (PICK BALL1 ROOMA LEFT) [D:1.0000; C:1.0000]
 0.0000: (PICK BALL3 ROOMA RIGHT) [D:1.0000; C:1.0000]
 1.0000: (MOVE ROOMA ROOMB) [D:1.0000; C:1.0000]
 2.0000: (DROP BALL3 ROOMB RIGHT) [D:1.0000; C:1.0000]
 3.0000: (MOVE ROOMB ROOMA) [D:1.0000; C:1.0000]
 4.0000: (MOVE ROOMA ROOMB) [D:1.0000; C:1.0000]
 5.0000: (DROP BALL1 ROOMB LEFT) [D:1.0000; C:1.0000]
 6.0000: (MOVE ROOMB ROOMA) [D:1.0000; C:1.0000]
 7.0000: (PICK BALL2 ROOMA LEFT) [D:1.0000; C:1.0000]
 7.0000: (PICK BALL4 ROOMA RIGHT) [D:1.0000; C:1.0000]
 8.0000: (MOVE ROOMA ROOMB) [D:1.0000; C:1.0000]
 9.0000: (DROP BALL4 ROOMB RIGHT) [D:1.0000; C:1.0000]
 10.0000: (MOVE ROOMB ROOMA) [D:1.0000; C:1.0000]
 11.0000: (MOVE ROOMA ROOMB) [D:1.0000; C:1.0000]
 12.0000: (DROP BALL2 ROOMB LEFT) [D:1.0000; C:1.0000]


Solution found:
Total time:      0.00
Search time:     0.00
Actions:         15
Execution cost:  15.00
Duration:        13.000
Plan quality:    15.000


Parsing domain file:  domain 'GRIPPER-STRIPS' defined ... done.
Parsing problem file:  problem 'GRIPPER-6' defined ... done.



Modality: Fast Planner

Number of actions             :      52
Number of conditional actions :       0
Number of facts               :      28


Analyzing Planning Problem:
	Temporal Planning Problem: NO
	Numeric Planning Problem: NO
	Problem with Timed Initial Litearals: NO
	Problem with Derived Predicates: NO

Evaluation function weights:
     Action duration 0.00; Action cost 1.00


Computing mutex... done

Preprocessing total time: 0.01 seconds

Searching ('.' = every 50 search steps):
 solution found: 

Plan computed:
   Time: (ACTION) [action Duration; action Cost]
 0.0000: (PICK BALL1 ROOMA RIGHT) [D:1.0000; C:1.0000]
 0.0000: (PICK BALL4 ROOMA LEFT) [D:1.0000; C:1.0000]
 1.0000: (MOVE ROOMA ROOMB) [D:1.0000; C:1.0000]
 2.0000: (DROP BALL4 ROOMB LEFT) [D:1.0000; C:1.0000]
 3.0000: (MOVE ROOMB ROOMA) [D:1.0000; C:1.0000]
 4.0000: (MOVE ROOMA ROOMB) [D:1.0000; C:1.0000]
 5.0000: (DROP BALL1 ROOMB RIGHT) [D:1.0000; C:1.0000]
 6.0000: (MOVE ROOMB ROOMA) [D:1.0000; C:1.0000]
 7.0000: (PICK BALL6 ROOMA RIGHT) [D:1.0000; C:1.0000]
 8.0000: (MOVE ROOMA ROOMB) [D:1.0000; C:1.0000]
 9.0000: (DROP BALL6 ROOMB RIGHT) [D:1.0000; C:1.0000]
 10.0000: (MOVE ROOMB ROOMA) [D:1.0000; C:1.0000]
 11.0000: (PICK BALL3 ROOMA RIGHT) [D:1.0000; C:1.0000]
 12.0000: (MOVE ROOMA ROOMB) [D:1.0000; C:1.0000]
 13.0000: (DROP BALL3 ROOMB RIGHT) [D:1.0000; C:1.0000]
 14.0000: (MOVE ROOMB ROOMA) [D:1.0000; C:1.0000]
 15.0000: (PICK BALL2 ROOMA RIGHT) [D:1.0000; C:1.0000]
 15.0000: (PICK BALL5 ROOMA LEFT) [D:1.0000; C:1.0000]
 16.0000: (MOVE ROOMA ROOMB) [D:1.0000; C:1.0000]
 17.0000: (DROP BALL5 ROOMB LEFT) [D:1.0000; C:1.0000]
 18.0000: (MOVE ROOMB ROOMA) [D:1.0000; C:1.0000]
 19.0000: (MOVE ROOMA ROOMB) [D:1.0000; C:1.0000]
 20.0000: (DROP BALL2 ROOMB RIGHT) [D:1.0000; C:1.0000]


Solution found:
Total time:      0.02
Search time:     0.01
Actions:         23
Execution cost:  23.00
Duration:        21.000
Plan quality:    23.000


Parsing domain file:  domain 'GRIPPER-STRIPS' defined ... done.
Parsing problem file:  problem 'GRIPPER-8' defined ... done.



Modality: Fast Planner

Number of actions             :      68
Number of conditional actions :       0
Number of facts               :      36


Analyzing Planning Problem:
	Temporal Planning Problem: NO
	Numeric Planning Problem: NO
	Problem with Timed Initial Litearals: NO
	Problem with Derived Predicates: NO

Evaluation function weights:
     Action duration 0.00; Action cost 1.00


Computing mutex... done

Preprocessing total time: 0.01 seconds

Searching ('.' = every 50 search steps):
 solution found: 

Plan computed:
   Time: (ACTION) [action Duration; action Cost]
 0.0000: (PICK BALL1 ROOMA LEFT) [D:1.0000; C:1.0000]
 0.0000: (PICK BALL3 ROOMA RIGHT) [D:1.0000; C:1.0000]
 1.0000: (MOVE ROOMA ROOMB) [D:1.0000; C:1.0000]
 2.0000: (DROP BALL3 ROOMB RIGHT) [D:1.0000; C:1.0000]
 3.0000: (MOVE ROOMB ROOMA) [D:1.0000; C:1.0000]
 4.0000: (MOVE ROOMA ROOMB) [D:1.0000; C:1.0000]
 5.0000: (DROP BALL1 ROOMB LEFT) [D:1.0000; C:1.0000]
 6.0000: (MOVE ROOMB ROOMA) [D:1.0000; C:1.0000]
 7.0000: (PICK BALL2 ROOMA LEFT) [D:1.0000; C:1.0000]
 7.0000: (PICK BALL4 ROOMA RIGHT) [D:1.0000; C:1.0000]
 8.0000: (MOVE ROOMA ROOMB) [D:1.0000; C:1.0000]
 9.0000: (DROP BALL4 ROOMB RIGHT) [D:1.0000; C:1.0000]
 10.0000: (MOVE ROOMB ROOMA) [D:1.0000; C:1.0000]
 11.0000: (PICK BALL5 ROOMA RIGHT) [D:1.0000; C:1.0000]
 12.0000: (MOVE ROOMA ROOMB) [D:1.0000; C:1.0000]
 13.0000: (DROP BALL5 ROOMB RIGHT) [D:1.0000; C:1.0000]
 14.0000: (MOVE ROOMB ROOMA) [D:1.0000; C:1.0000]
 15.0000: (PICK BALL6 ROOMA RIGHT) [D:1.0000; C:1.0000]
 16.0000: (MOVE ROOMA ROOMB) [D:1.0000; C:1.0000]
 17.0000: (DROP BALL6 ROOMB RIGHT) [D:1.0000; C:1.0000]
 18.0000: (MOVE ROOMB ROOMA) [D:1.0000; C:1.0000]
 19.0000: (PICK BALL7 ROOMA RIGHT) [D:1.0000; C:1.0000]
 20.0000: (MOVE ROOMA ROOMB) [D:1.0000; C:1.0000]
 21.0000: (DROP BALL7 ROOMB RIGHT) [D:1.0000; C:1.0000]
 22.0000: (MOVE ROOMB ROOMA) [D:1.0000; C:1.0000]
 23.0000: (PICK BALL8 ROOMA RIGHT) [D:1.0000; C:1.0000]
 24.0000: (MOVE ROOMA ROOMB) [D:1.0000; C:1.0000]
 25.0000: (DROP BALL8 ROOMB RIGHT) [D:1.0000; C:1.0000]
 26.0000: (MOVE ROOMB ROOMA) [D:1.0000; C:1.0000]
 27.0000: (MOVE ROOMA ROOMB) [D:1.0000; C:1.0000]
 28.0000: (DROP BALL2 ROOMB LEFT) [D:1.0000; C:1.0000]


Solution found:
Total time:      0.02
Search time:     0.01
Actions:         31
Execution cost:  31.00
Duration:        29.000
Plan quality:    31.000


Parsing domain file:  domain 'GRIPPER-STRIPS' defined ... done.
Parsing problem file:  problem 'GRIPPER-10' defined ... done.



Modality: Fast Planner

Number of actions             :      84
Number of conditional actions :       0
Number of facts               :      44


Analyzing Planning Problem:
	Temporal Planning Problem: NO
	Numeric Planning Problem: NO
	Problem with Timed Initial Litearals: NO
	Problem with Derived Predicates: NO

Evaluation function weights:
     Action duration 0.00; Action cost 1.00


Computing mutex... done

Preprocessing total time: 0.01 seconds

Searching ('.' = every 50 search steps):
. solution found: 

Plan computed:
   Time: (ACTION) [action Duration; action Cost]
 0.0000: (PICK BALL1 ROOMA RIGHT) [D:1.0000; C:1.0000]
 0.0000: (PICK BALL3 ROOMA LEFT) [D:1.0000; C:1.0000]
 1.0000: (MOVE ROOMA ROOMB) [D:1.0000; C:1.0000]
 2.0000: (DROP BALL3 ROOMB LEFT) [D:1.0000; C:1.0000]
 3.0000: (MOVE ROOMB ROOMA) [D:1.0000; C:1.0000]
 4.0000: (MOVE ROOMA ROOMB) [D:1.0000; C:1.0000]
 5.0000: (DROP BALL1 ROOMB RIGHT) [D:1.0000; C:1.0000]
 6.0000: (MOVE ROOMB ROOMA) [D:1.0000; C:1.0000]
 7.0000: (PICK BALL2 ROOMA RIGHT) [D:1.0000; C:1.0000]
 7.0000: (PICK BALL4 ROOMA LEFT) [D:1.0000; C:1.0000]
 8.0000: (MOVE ROOMA ROOMB) [D:1.0000; C:1.0000]
 9.0000: (DROP BALL4 ROOMB LEFT) [D:1.0000; C:1.0000]
 10.0000: (MOVE ROOMB ROOMA) [D:1.0000; C:1.0000]
 11.0000: (PICK BALL5 ROOMA LEFT) [D:1.0000; C:1.0000]
 12.0000: (MOVE ROOMA ROOMB) [D:1.0000; C:1.0000]
 13.0000: (DROP BALL5 ROOMB LEFT) [D:1.0000; C:1.0000]
 14.0000: (MOVE ROOMB ROOMA) [D:1.0000; C:1.0000]
 15.0000: (PICK BALL6 ROOMA LEFT) [D:1.0000; C:1.0000]
 16.0000: (MOVE ROOMA ROOMB) [D:1.0000; C:1.0000]
 17.0000: (DROP BALL6 ROOMB LEFT) [D:1.0000; C:1.0000]
 18.0000: (MOVE ROOMB ROOMA) [D:1.0000; C:1.0000]
 19.0000: (PICK BALL7 ROOMA LEFT) [D:1.0000; C:1.0000]
 20.0000: (MOVE ROOMA ROOMB) [D:1.0000; C:1.0000]
 21.0000: (DROP BALL7 ROOMB LEFT) [D:1.0000; C:1.0000]
 22.0000: (MOVE ROOMB ROOMA) [D:1.0000; C:1.0000]
 23.0000: (PICK BALL8 ROOMA LEFT) [D:1.0000; C:1.0000]
 24.0000: (MOVE ROOMA ROOMB) [D:1.0000; C:1.0000]
 25.0000: (DROP BALL8 ROOMB LEFT) [D:1.0000; C:1.0000]
 26.0000: (MOVE ROOMB ROOMA) [D:1.0000; C:1.0000]
 27.0000: (PICK BALL9 ROOMA LEFT) [D:1.0000; C:1.0000]
 28.0000: (MOVE ROOMA ROOMB) [D:1.0000; C:1.0000]
 29.0000: (DROP BALL9 ROOMB LEFT) [D:1.0000; C:1.0000]
 30.0000: (MOVE ROOMB ROOMA) [D:1.0000; C:1.0000]
 31.0000: (PICK BALL10 ROOMA LEFT) [D:1.0000; C:1.0000]
 32.0000: (MOVE ROOMA ROOMB) [D:1.0000; C:1.0000]
 33.0000: (DROP BALL10 ROOMB LEFT) [D:1.0000; C:1.0000]
 34.0000: (MOVE ROOMB ROOMA) [D:1.0000; C:1.0000]
 35.0000: (MOVE ROOMA ROOMB) [D:1.0000; C:1.0000]
 36.0000: (DROP BALL2 ROOMB RIGHT) [D:1.0000; C:1.0000]


Solution found:
Total time:      0.02
Search time:     0.01
Actions:         39
Execution cost:  39.00
Duration:        37.000
Plan quality:    39.000


Parsing domain file:  domain 'GRIPPER-STRIPS' defined ... done.
Parsing problem file:  problem 'GRIPPER-12' defined ... done.



Modality: Fast Planner

Number of actions             :     100
Number of conditional actions :       0
Number of facts               :      52


Analyzing Planning Problem:
	Temporal Planning Problem: NO
	Numeric Planning Problem: NO
	Problem with Timed Initial Litearals: NO
	Problem with Derived Predicates: NO

Evaluation function weights:
     Action duration 0.00; Action cost 1.00


Computing mutex... done

Preprocessing total time: 0.01 seconds

Searching ('.' = every 50 search steps):
. solution found: 

Plan computed:
   Time: (ACTION) [action Duration; action Cost]
 0.0000: (PICK BALL1 ROOMA LEFT) [D:1.0000; C:1.0000]
 0.0000: (PICK BALL4 ROOMA RIGHT) [D:1.0000; C:1.0000]
 1.0000: (MOVE ROOMA ROOMB) [D:1.0000; C:1.0000]
 2.0000: (DROP BALL4 ROOMB RIGHT) [D:1.0000; C:1.0000]
 3.0000: (MOVE ROOMB ROOMA) [D:1.0000; C:1.0000]
 4.0000: (MOVE ROOMA ROOMB) [D:1.0000; C:1.0000]
 5.0000: (DROP BALL1 ROOMB LEFT) [D:1.0000; C:1.0000]
 6.0000: (MOVE ROOMB ROOMA) [D:1.0000; C:1.0000]
 7.0000: (PICK BALL3 ROOMA LEFT) [D:1.0000; C:1.0000]
 8.0000: (MOVE ROOMA ROOMB) [D:1.0000; C:1.0000]
 9.0000: (DROP BALL3 ROOMB LEFT) [D:1.0000; C:1.0000]
 10.0000: (MOVE ROOMB ROOMA) [D:1.0000; C:1.0000]
 11.0000: (PICK BALL2 ROOMA LEFT) [D:1.0000; C:1.0000]
 11.0000: (PICK BALL5 ROOMA RIGHT) [D:1.0000; C:1.0000]
 12.0000: (MOVE ROOMA ROOMB) [D:1.0000; C:1.0000]
 13.0000: (DROP BALL5 ROOMB RIGHT) [D:1.0000; C:1.0000]
 13.0000: (DROP BALL2 ROOMB LEFT) [D:1.0000; C:1.0000]
 14.0000: (MOVE ROOMB ROOMA) [D:1.0000; C:1.0000]
 15.0000: (PICK BALL6 ROOMA RIGHT) [D:1.0000; C:1.0000]
 15.0000: (PICK BALL7 ROOMA LEFT) [D:1.0000; C:1.0000]
 16.0000: (MOVE ROOMA ROOMB) [D:1.0000; C:1.0000]
 17.0000: (DROP BALL7 ROOMB LEFT) [D:1.0000; C:1.0000]
 18.0000: (MOVE ROOMB ROOMA) [D:1.0000; C:1.0000]
 19.0000: (PICK BALL8 ROOMA LEFT) [D:1.0000; C:1.0000]
 20.0000: (MOVE ROOMA ROOMB) [D:1.0000; C:1.0000]
 21.0000: (DROP BALL8 ROOMB LEFT) [D:1.0000; C:1.0000]
 22.0000: (MOVE ROOMB ROOMA) [D:1.0000; C:1.0000]
 23.0000: (PICK BALL9 ROOMA LEFT) [D:1.0000; C:1.0000]
 24.0000: (MOVE ROOMA ROOMB) [D:1.0000; C:1.0000]
 25.0000: (DROP BALL9 ROOMB LEFT) [D:1.0000; C:1.0000]
 26.0000: (MOVE ROOMB ROOMA) [D:1.0000; C:1.0000]
 27.0000: (PICK BALL10 ROOMA LEFT) [D:1.0000; C:1.0000]
 28.0000: (MOVE ROOMA ROOMB) [D:1.0000; C:1.0000]
 29.0000: (DROP BALL10 ROOMB LEFT) [D:1.0000; C:1.0000]
 30.0000: (MOVE ROOMB ROOMA) [D:1.0000; C:1.0000]
 31.0000: (PICK BALL11 ROOMA LEFT) [D:1.0000; C:1.0000]
 32.0000: (MOVE ROOMA ROOMB) [D:1.0000; C:1.0000]
 33.0000: (DROP BALL11 ROOMB LEFT) [D:1.0000; C:1.0000]
 34.0000: (MOVE ROOMB ROOMA) [D:1.0000; C:1.0000]
 35.0000: (PICK BALL12 ROOMA LEFT) [D:1.0000; C:1.0000]
 36.0000: (MOVE ROOMA ROOMB) [D:1.0000; C:1.0000]
 37.0000: (DROP BALL12 ROOMB LEFT) [D:1.0000; C:1.0000]
 38.0000: (MOVE ROOMB ROOMA) [D:1.0000; C:1.0000]
 39.0000: (MOVE ROOMA ROOMB) [D:1.0000; C:1.0000]
 40.0000: (DROP BALL6 ROOMB RIGHT) [D:1.0000; C:1.0000]


Solution found:
Total time:      0.01
Search time:     0.00
Actions:         45
Execution cost:  45.00
Duration:        41.000
Plan quality:    45.000


Parsing domain file:  domain 'GRIPPER-STRIPS' defined ... done.
Parsing problem file:  problem 'GRIPPER-14' defined ... done.



Modality: Fast Planner

Number of actions             :     116
Number of conditional actions :       0
Number of facts               :      60


Analyzing Planning Problem:
	Temporal Planning Problem: NO
	Numeric Planning Problem: NO
	Problem with Timed Initial Litearals: NO
	Problem with Derived Predicates: NO

Evaluation function weights:
     Action duration 0.00; Action cost 1.00


Computing mutex... done

Preprocessing total time: 0.00 seconds

Searching ('.' = every 50 search steps):
. solution found: 

Plan computed:
   Time: (ACTION) [action Duration; action Cost]
 0.0000: (PICK BALL1 ROOMA LEFT) [D:1.0000; C:1.0000]
 0.0000: (PICK BALL3 ROOMA RIGHT) [D:1.0000; C:1.0000]
 1.0000: (MOVE ROOMA ROOMB) [D:1.0000; C:1.0000]
 2.0000: (DROP BALL3 ROOMB RIGHT) [D:1.0000; C:1.0000]
 3.0000: (MOVE ROOMB ROOMA) [D:1.0000; C:1.0000]
 4.0000: (MOVE ROOMA ROOMB) [D:1.0000; C:1.0000]
 5.0000: (DROP BALL1 ROOMB LEFT) [D:1.0000; C:1.0000]
 6.0000: (MOVE ROOMB ROOMA) [D:1.0000; C:1.0000]
 7.0000: (PICK BALL6 ROOMA LEFT) [D:1.0000; C:1.0000]
 8.0000: (MOVE ROOMA ROOMB) [D:1.0000; C:1.0000]
 9.0000: (DROP BALL6 ROOMB LEFT) [D:1.0000; C:1.0000]
 10.0000: (MOVE ROOMB ROOMA) [D:1.0000; C:1.0000]
 11.0000: (PICK BALL2 ROOMA LEFT) [D:1.0000; C:1.0000]
 11.0000: (PICK BALL4 ROOMA RIGHT) [D:1.0000; C:1.0000]
 12.0000: (MOVE ROOMA ROOMB) [D:1.0000; C:1.0000]
 13.0000: (DROP BALL4 ROOMB RIGHT) [D:1.0000; C:1.0000]
 14.0000: (MOVE ROOMB ROOMA) [D:1.0000; C:1.0000]
 15.0000: (PICK BALL5 ROOMA RIGHT) [D:1.0000; C:1.0000]
 16.0000: (MOVE ROOMA ROOMB) [D:1.0000; C:1.0000]
 17.0000: (DROP BALL5 ROOMB RIGHT) [D:1.0000; C:1.0000]
 18.0000: (MOVE ROOMB ROOMA) [D:1.0000; C:1.0000]
 19.0000: (PICK BALL7 ROOMA RIGHT) [D:1.0000; C:1.0000]
 20.0000: (MOVE ROOMA ROOMB) [D:1.0000; C:1.0000]
 21.0000: (DROP BALL7 ROOMB RIGHT) [D:1.0000; C:1.0000]
 22.0000: (MOVE ROOMB ROOMA) [D:1.0000; C:1.0000]
 23.0000: (PICK BALL8 ROOMA RIGHT) [D:1.0000; C:1.0000]
 24.0000: (MOVE ROOMA ROOMB) [D:1.0000; C:1.0000]
 25.0000: (DROP BALL8 ROOMB RIGHT) [D:1.0000; C:1.0000]
 26.0000: (MOVE ROOMB ROOMA) [D:1.0000; C:1.0000]
 27.0000: (PICK BALL9 ROOMA RIGHT) [D:1.0000; C:1.0000]
 28.0000: (MOVE ROOMA ROOMB) [D:1.0000; C:1.0000]
 29.0000: (DROP BALL9 ROOMB RIGHT) [D:1.0000; C:1.0000]
 30.0000: (MOVE ROOMB ROOMA) [D:1.0000; C:1.0000]
 31.0000: (PICK BALL10 ROOMA RIGHT) [D:1.0000; C:1.0000]
 32.0000: (MOVE ROOMA ROOMB) [D:1.0000; C:1.0000]
 33.0000: (DROP BALL10 ROOMB RIGHT) [D:1.0000; C:1.0000]
 34.0000: (MOVE ROOMB ROOMA) [D:1.0000; C:1.0000]
 35.0000: (PICK BALL11 ROOMA RIGHT) [D:1.0000; C:1.0000]
 36.0000: (MOVE ROOMA ROOMB) [D:1.0000; C:1.0000]
 37.0000: (DROP BALL11 ROOMB RIGHT) [D:1.0000; C:1.0000]
 38.0000: (MOVE ROOMB ROOMA) [D:1.0000; C:1.0000]
 39.0000: (PICK BALL12 ROOMA RIGHT) [D:1.0000; C:1.0000]
 40.0000: (MOVE ROOMA ROOMB) [D:1.0000; C:1.0000]
 41.0000: (DROP BALL12 ROOMB RIGHT) [D:1.0000; C:1.0000]
 42.0000: (MOVE ROOMB ROOMA) [D:1.0000; C:1.0000]
 43.0000: (PICK BALL13 ROOMA RIGHT) [D:1.0000; C:1.0000]
 44.0000: (MOVE ROOMA ROOMB) [D:1.0000; C:1.0000]
 45.0000: (DROP BALL13 ROOMB RIGHT) [D:1.0000; C:1.0000]
 46.0000: (MOVE ROOMB ROOMA) [D:1.0000; C:1.0000]
 47.0000: (PICK BALL14 ROOMA RIGHT) [D:1.0000; C:1.0000]
 48.0000: (MOVE ROOMA ROOMB) [D:1.0000; C:1.0000]
 49.0000: (DROP BALL14 ROOMB RIGHT) [D:1.0000; C:1.0000]
 50.0000: (MOVE ROOMB ROOMA) [D:1.0000; C:1.0000]
 51.0000: (MOVE ROOMA ROOMB) [D:1.0000; C:1.0000]
 52.0000: (DROP BALL2 ROOMB LEFT) [D:1.0000; C:1.0000]


Solution found:
Total time:      0.01
Search time:     0.01
Actions:         55
Execution cost:  55.00
Duration:        53.000
Plan quality:    55.000


Parsing domain file:  domain 'GRIPPER-STRIPS' defined ... done.
Parsing problem file:  problem 'GRIPPER-16' defined ... done.



Modality: Fast Planner

Number of actions             :     132
Number of conditional actions :       0
Number of facts               :      68


Analyzing Planning Problem:
	Temporal Planning Problem: NO
	Numeric Planning Problem: NO
	Problem with Timed Initial Litearals: NO
	Problem with Derived Predicates: NO

Evaluation function weights:
     Action duration 0.00; Action cost 1.00


Computing mutex... done

Preprocessing total time: 0.00 seconds

Searching ('.' = every 50 search steps):
.. solution found: 

Plan computed:
   Time: (ACTION) [action Duration; action Cost]
 0.0000: (PICK BALL1 ROOMA RIGHT) [D:1.0000; C:1.0000]
 0.0000: (PICK BALL3 ROOMA LEFT) [D:1.0000; C:1.0000]
 1.0000: (MOVE ROOMA ROOMB) [D:1.0000; C:1.0000]
 2.0000: (DROP BALL3 ROOMB LEFT) [D:1.0000; C:1.0000]
 3.0000: (MOVE ROOMB ROOMA) [D:1.0000; C:1.0000]
 4.0000: (MOVE ROOMA ROOMB) [D:1.0000; C:1.0000]
 5.0000: (DROP BALL1 ROOMB RIGHT) [D:1.0000; C:1.0000]
 6.0000: (MOVE ROOMB ROOMA) [D:1.0000; C:1.0000]
 7.0000: (PICK BALL2 ROOMA RIGHT) [D:1.0000; C:1.0000]
 7.0000: (PICK BALL4 ROOMA LEFT) [D:1.0000; C:1.0000]
 8.0000: (MOVE ROOMA ROOMB) [D:1.0000; C:1.0000]
 9.0000: (DROP BALL4 ROOMB LEFT) [D:1.0000; C:1.0000]
 10.0000: (MOVE ROOMB ROOMA) [D:1.0000; C:1.0000]
 11.0000: (PICK BALL5 ROOMA LEFT) [D:1.0000; C:1.0000]
 12.0000: (MOVE ROOMA ROOMB) [D:1.0000; C:1.0000]
 13.0000: (DROP BALL5 ROOMB LEFT) [D:1.0000; C:1.0000]
 14.0000: (MOVE ROOMB ROOMA) [D:1.0000; C:1.0000]
 15.0000: (PICK BALL6 ROOMA LEFT) [D:1.0000; C:1.0000]
 16.0000: (MOVE ROOMA ROOMB) [D:1.0000; C:1.0000]
 17.0000: (DROP BALL6 ROOMB LEFT) [D:1.0000; C:1.0000]
 18.0000: (MOVE ROOMB ROOMA) [D:1.0000; C:1.0000]
 19.0000: (PICK BALL7 ROOMA LEFT) [D:1.0000; C:1.0000]
 20.0000: (MOVE ROOMA ROOMB) [D:1.0000; C:1.0000]
 21.0000: (DROP BALL7 ROOMB LEFT) [D:1.0000; C:1.0000]
 22.0000: (MOVE ROOMB ROOMA) [D:1.0000; C:1.0000]
 23.0000: (PICK BALL8 ROOMA LEFT) [D:1.0000; C:1.0000]
 24.0000: (MOVE ROOMA ROOMB) [D:1.0000; C:1.0000]
 25.0000: (DROP BALL8 ROOMB LEFT) [D:1.0000; C:1.0000]
 26.0000: (MOVE ROOMB ROOMA) [D:1.0000; C:1.0000]
 27.0000: (PICK BALL9 ROOMA LEFT) [D:1.0000; C:1.0000]
 28.0000: (MOVE ROOMA ROOMB) [D:1.0000; C:1.0000]
 29.0000: (DROP BALL9 ROOMB LEFT) [D:1.0000; C:1.0000]
 30.0000: (MOVE ROOMB ROOMA) [D:1.0000; C:1.0000]
 31.0000: (PICK BALL10 ROOMA LEFT) [D:1.0000; C:1.0000]
 32.0000: (MOVE ROOMA ROOMB) [D:1.0000; C:1.0000]
 33.0000: (DROP BALL10 ROOMB LEFT) [D:1.0000; C:1.0000]
 34.0000: (MOVE ROOMB ROOMA) [D:1.0000; C:1.0000]
 35.0000: (PICK BALL11 ROOMA LEFT) [D:1.0000; C:1.0000]
 36.0000: (MOVE ROOMA ROOMB) [D:1.0000; C:1.0000]
 37.0000: (DROP BALL11 ROOMB LEFT) [D:1.0000; C:1.0000]
 38.0000: (MOVE ROOMB ROOMA) [D:1.0000; C:1.0000]
 39.0000: (PICK BALL12 ROOMA LEFT) [D:1.0000; C:1.0000]
 40.0000: (MOVE ROOMA ROOMB) [D:1.0000; C:1.0000]
 41.0000: (DROP BALL12 ROOMB LEFT) [D:1.0000; C:1.0000]
 42.0000: (MOVE ROOMB ROOMA) [D:1.0000; C:1.0000]
 43.0000: (PICK BALL13 ROOMA LEFT) [D:1.0000; C:1.0000]
 44.0000: (MOVE ROOMA ROOMB) [D:1.0000; C:1.0000]
 45.0000: (DROP BALL13 ROOMB LEFT) [D:1.0000; C:1.0000]
 46.0000: (MOVE ROOMB ROOMA) [D:1.0000; C:1.0000]
 47.0000: (PICK BALL14 ROOMA LEFT) [D:1.0000; C:1.0000]
 48.0000: (MOVE ROOMA ROOMB) [D:1.0000; C:1.0000]
 49.0000: (DROP BALL14 ROOMB LEFT) [D:1.0000; C:1.0000]
 50.0000: (MOVE ROOMB ROOMA) [D:1.0000; C:1.0000]
 51.0000: (PICK BALL15 ROOMA LEFT) [D:1.0000; C:1.0000]
 52.0000: (MOVE ROOMA ROOMB) [D:1.0000; C:1.0000]
 53.0000: (DROP BALL15 ROOMB LEFT) [D:1.0000; C:1.0000]
 54.0000: (MOVE ROOMB ROOMA) [D:1.0000; C:1.0000]
 55.0000: (PICK BALL16 ROOMA LEFT) [D:1.0000; C:1.0000]
 56.0000: (MOVE ROOMA ROOMB) [D:1.0000; C:1.0000]
 57.0000: (DROP BALL16 ROOMB LEFT) [D:1.0000; C:1.0000]
 58.0000: (MOVE ROOMB ROOMA) [D:1.0000; C:1.0000]
 59.0000: (MOVE ROOMA ROOMB) [D:1.0000; C:1.0000]
 60.0000: (DROP BALL2 ROOMB RIGHT) [D:1.0000; C:1.0000]


Solution found:
Total time:      0.01
Search time:     0.01
Actions:         63
Execution cost:  63.00
Duration:        61.000
Plan quality:    63.000


Parsing domain file:  domain 'GRIPPER-STRIPS' defined ... done.
Parsing problem file:  problem 'GRIPPER-18' defined ... done.



Modality: Fast Planner

Number of actions             :     148
Number of conditional actions :       0
Number of facts               :      76


Analyzing Planning Problem:
	Temporal Planning Problem: NO
	Numeric Planning Problem: NO
	Problem with Timed Initial Litearals: NO
	Problem with Derived Predicates: NO

Evaluation function weights:
     Action duration 0.00; Action cost 1.00


Computing mutex... done

Preprocessing total time: 0.01 seconds

Searching ('.' = every 50 search steps):
.. solution found: 

Plan computed:
   Time: (ACTION) [action Duration; action Cost]
 0.0000: (PICK BALL1 ROOMA RIGHT) [D:1.0000; C:1.0000]
 0.0000: (PICK BALL3 ROOMA LEFT) [D:1.0000; C:1.0000]
 1.0000: (MOVE ROOMA ROOMB) [D:1.0000; C:1.0000]
 2.0000: (DROP BALL3 ROOMB LEFT) [D:1.0000; C:1.0000]
 3.0000: (MOVE ROOMB ROOMA) [D:1.0000; C:1.0000]
 4.0000: (PICK BALL4 ROOMA LEFT) [D:1.0000; C:1.0000]
 5.0000: (MOVE ROOMA ROOMB) [D:1.0000; C:1.0000]
 6.0000: (DROP BALL4 ROOMB LEFT) [D:1.0000; C:1.0000]
 7.0000: (MOVE ROOMB ROOMA) [D:1.0000; C:1.0000]
 8.0000: (PICK BALL5 ROOMA LEFT) [D:1.0000; C:1.0000]
 9.0000: (MOVE ROOMA ROOMB) [D:1.0000; C:1.0000]
 10.0000: (DROP BALL5 ROOMB LEFT) [D:1.0000; C:1.0000]
 11.0000: (MOVE ROOMB ROOMA) [D:1.0000; C:1.0000]
 12.0000: (PICK BALL6 ROOMA LEFT) [D:1.0000; C:1.0000]
 13.0000: (MOVE ROOMA ROOMB) [D:1.0000; C:1.0000]
 14.0000: (DROP BALL6 ROOMB LEFT) [D:1.0000; C:1.0000]
 15.0000: (MOVE ROOMB ROOMA) [D:1.0000; C:1.0000]
 16.0000: (PICK BALL7 ROOMA LEFT) [D:1.0000; C:1.0000]
 17.0000: (MOVE ROOMA ROOMB) [D:1.0000; C:1.0000]
 18.0000: (DROP BALL7 ROOMB LEFT) [D:1.0000; C:1.0000]
 19.0000: (MOVE ROOMB ROOMA) [D:1.0000; C:1.0000]
 20.0000: (PICK BALL8 ROOMA LEFT) [D:1.0000; C:1.0000]
 21.0000: (MOVE ROOMA ROOMB) [D:1.0000; C:1.0000]
 22.0000: (DROP BALL8 ROOMB LEFT) [D:1.0000; C:1.0000]
 23.0000: (MOVE ROOMB ROOMA) [D:1.0000; C:1.0000]
 24.0000: (PICK BALL9 ROOMA LEFT) [D:1.0000; C:1.0000]
 25.0000: (MOVE ROOMA ROOMB) [D:1.0000; C:1.0000]
 26.0000: (DROP BALL9 ROOMB LEFT) [D:1.0000; C:1.0000]
 27.0000: (MOVE ROOMB ROOMA) [D:1.0000; C:1.0000]
 28.0000: (PICK BALL10 ROOMA LEFT) [D:1.0000; C:1.0000]
 29.0000: (MOVE ROOMA ROOMB) [D:1.0000; C:1.0000]
 30.0000: (DROP BALL10 ROOMB LEFT) [D:1.0000; C:1.0000]
 31.0000: (MOVE ROOMB ROOMA) [D:1.0000; C:1.0000]
 32.0000: (PICK BALL11 ROOMA LEFT) [D:1.0000; C:1.0000]
 33.0000: (MOVE ROOMA ROOMB) [D:1.0000; C:1.0000]
 34.0000: (DROP BALL11 ROOMB LEFT) [D:1.0000; C:1.0000]
 35.0000: (MOVE ROOMB ROOMA) [D:1.0000; C:1.0000]
 36.0000: (PICK BALL12 ROOMA LEFT) [D:1.0000; C:1.0000]
 37.0000: (MOVE ROOMA ROOMB) [D:1.0000; C:1.0000]
 38.0000: (DROP BALL12 ROOMB LEFT) [D:1.0000; C:1.0000]
 39.0000: (MOVE ROOMB ROOMA) [D:1.0000; C:1.0000]
 40.0000: (PICK BALL13 ROOMA LEFT) [D:1.0000; C:1.0000]
 41.0000: (MOVE ROOMA ROOMB) [D:1.0000; C:1.0000]
 42.0000: (DROP BALL13 ROOMB LEFT) [D:1.0000; C:1.0000]
 43.0000: (MOVE ROOMB ROOMA) [D:1.0000; C:1.0000]
 44.0000: (PICK BALL14 ROOMA LEFT) [D:1.0000; C:1.0000]
 45.0000: (MOVE ROOMA ROOMB) [D:1.0000; C:1.0000]
 46.0000: (DROP BALL14 ROOMB LEFT) [D:1.0000; C:1.0000]
 47.0000: (MOVE ROOMB ROOMA) [D:1.0000; C:1.0000]
 48.0000: (PICK BALL15 ROOMA LEFT) [D:1.0000; C:1.0000]
 49.0000: (MOVE ROOMA ROOMB) [D:1.0000; C:1.0000]
 50.0000: (DROP BALL15 ROOMB LEFT) [D:1.0000; C:1.0000]
 51.0000: (MOVE ROOMB ROOMA) [D:1.0000; C:1.0000]
 52.0000: (PICK BALL16 ROOMA LEFT) [D:1.0000; C:1.0000]
 53.0000: (MOVE ROOMA ROOMB) [D:1.0000; C:1.0000]
 54.0000: (DROP BALL16 ROOMB LEFT) [D:1.0000; C:1.0000]
 55.0000: (MOVE ROOMB ROOMA) [D:1.0000; C:1.0000]
 56.0000: (PICK BALL17 ROOMA LEFT) [D:1.0000; C:1.0000]
 57.0000: (MOVE ROOMA ROOMB) [D:1.0000; C:1.0000]
 58.0000: (DROP BALL17 ROOMB LEFT) [D:1.0000; C:1.0000]
 58.0000: (DROP BALL1 ROOMB RIGHT) [D:1.0000; C:1.0000]
 59.0000: (MOVE ROOMB ROOMA) [D:1.0000; C:1.0000]
 60.0000: (PICK BALL2 ROOMA RIGHT) [D:1.0000; C:1.0000]
 60.0000: (PICK BALL18 ROOMA LEFT) [D:1.0000; C:1.0000]
 61.0000: (MOVE ROOMA ROOMB) [D:1.0000; C:1.0000]
 62.0000: (DROP BALL18 ROOMB LEFT) [D:1.0000; C:1.0000]
 63.0000: (MOVE ROOMB ROOMA) [D:1.0000; C:1.0000]
 64.0000: (MOVE ROOMA ROOMB) [D:1.0000; C:1.0000]
 65.0000: (DROP BALL2 ROOMB RIGHT) [D:1.0000; C:1.0000]


Solution found:
Total time:      0.03
Search time:     0.02
Actions:         69
Execution cost:  69.00
Duration:        66.000
Plan quality:    69.000


Parsing domain file:  domain 'GRIPPER-STRIPS' defined ... done.
Parsing problem file:  problem 'GRIPPER-20' defined ... done.



Modality: Fast Planner

Number of actions             :     164
Number of conditional actions :       0
Number of facts               :      84


Analyzing Planning Problem:
	Temporal Planning Problem: NO
	Numeric Planning Problem: NO
	Problem with Timed Initial Litearals: NO
	Problem with Derived Predicates: NO

Evaluation function weights:
     Action duration 0.00; Action cost 1.00


Computing mutex... done

Preprocessing total time: 0.00 seconds

Searching ('.' = every 50 search steps):
.. solution found: 

Plan computed:
   Time: (ACTION) [action Duration; action Cost]
 0.0000: (PICK BALL1 ROOMA RIGHT) [D:1.0000; C:1.0000]
 0.0000: (PICK BALL2 ROOMA LEFT) [D:1.0000; C:1.0000]
 1.0000: (MOVE ROOMA ROOMB) [D:1.0000; C:1.0000]
 2.0000: (DROP BALL2 ROOMB LEFT) [D:1.0000; C:1.0000]
 3.0000: (MOVE ROOMB ROOMA) [D:1.0000; C:1.0000]
 4.0000: (MOVE ROOMA ROOMB) [D:1.0000; C:1.0000]
 5.0000: (DROP BALL1 ROOMB RIGHT) [D:1.0000; C:1.0000]
 6.0000: (PICK BALL2 ROOMB RIGHT) [D:1.0000; C:1.0000]
 7.0000: (DROP BALL2 ROOMB RIGHT) [D:1.0000; C:1.0000]
 8.0000: (MOVE ROOMB ROOMA) [D:1.0000; C:1.0000]
 9.0000: (PICK BALL11 ROOMA RIGHT) [D:1.0000; C:1.0000]
 10.0000: (MOVE ROOMA ROOMB) [D:1.0000; C:1.0000]
 11.0000: (DROP BALL11 ROOMB RIGHT) [D:1.0000; C:1.0000]
 12.0000: (MOVE ROOMB ROOMA) [D:1.0000; C:1.0000]
 13.0000: (PICK BALL3 ROOMA RIGHT) [D:1.0000; C:1.0000]
 13.0000: (PICK BALL4 ROOMA LEFT) [D:1.0000; C:1.0000]
 14.0000: (MOVE ROOMA ROOMB) [D:1.0000; C:1.0000]
 15.0000: (DROP BALL4 ROOMB LEFT) [D:1.0000; C:1.0000]
 16.0000: (MOVE ROOMB ROOMA) [D:1.0000; C:1.0000]
 17.0000: (PICK BALL5 ROOMA LEFT) [D:1.0000; C:1.0000]
 18.0000: (MOVE ROOMA ROOMB) [D:1.0000; C:1.0000]
 19.0000: (DROP BALL5 ROOMB LEFT) [D:1.0000; C:1.0000]
 20.0000: (MOVE ROOMB ROOMA) [D:1.0000; C:1.0000]
 21.0000: (PICK BALL6 ROOMA LEFT) [D:1.0000; C:1.0000]
 22.0000: (MOVE ROOMA ROOMB) [D:1.0000; C:1.0000]
 23.0000: (DROP BALL6 ROOMB LEFT) [D:1.0000; C:1.0000]
 24.0000: (MOVE ROOMB ROOMA) [D:1.0000; C:1.0000]
 25.0000: (PICK BALL7 ROOMA LEFT) [D:1.0000; C:1.0000]
 26.0000: (MOVE ROOMA ROOMB) [D:1.0000; C:1.0000]
 27.0000: (DROP BALL7 ROOMB LEFT) [D:1.0000; C:1.0000]
 28.0000: (MOVE ROOMB ROOMA) [D:1.0000; C:1.0000]
 29.0000: (PICK BALL8 ROOMA LEFT) [D:1.0000; C:1.0000]
 30.0000: (MOVE ROOMA ROOMB) [D:1.0000; C:1.0000]
 31.0000: (DROP BALL8 ROOMB LEFT) [D:1.0000; C:1.0000]
 32.0000: (MOVE ROOMB ROOMA) [D:1.0000; C:1.0000]
 33.0000: (PICK BALL9 ROOMA LEFT) [D:1.0000; C:1.0000]
 34.0000: (MOVE ROOMA ROOMB) [D:1.0000; C:1.0000]
 35.0000: (DROP BALL9 ROOMB LEFT) [D:1.0000; C:1.0000]
 36.0000: (MOVE ROOMB ROOMA) [D:1.0000; C:1.0000]
 37.0000: (PICK BALL10 ROOMA LEFT) [D:1.0000; C:1.0000]
 38.0000: (MOVE ROOMA ROOMB) [D:1.0000; C:1.0000]
 39.0000: (DROP BALL10 ROOMB LEFT) [D:1.0000; C:1.0000]
 40.0000: (MOVE ROOMB ROOMA) [D:1.0000; C:1.0000]
 41.0000: (PICK BALL12 ROOMA LEFT) [D:1.0000; C:1.0000]
 42.0000: (MOVE ROOMA ROOMB) [D:1.0000; C:1.0000]
 43.0000: (DROP BALL12 ROOMB LEFT) [D:1.0000; C:1.0000]
 44.0000: (MOVE ROOMB ROOMA) [D:1.0000; C:1.0000]
 45.0000: (PICK BALL13 ROOMA LEFT) [D:1.0000; C:1.0000]
 46.0000: (MOVE ROOMA ROOMB) [D:1.0000; C:1.0000]
 47.0000: (DROP BALL13 ROOMB LEFT) [D:1.0000; C:1.0000]
 48.0000: (MOVE ROOMB ROOMA) [D:1.0000; C:1.0000]
 49.0000: (PICK BALL14 ROOMA LEFT) [D:1.0000; C:1.0000]
 50.0000: (MOVE ROOMA ROOMB) [D:1.0000; C:1.0000]
 51.0000: (DROP BALL14 ROOMB LEFT) [D:1.0000; C:1.0000]
 52.0000: (MOVE ROOMB ROOMA) [D:1.0000; C:1.0000]
 53.0000: (PICK BALL15 ROOMA LEFT) [D:1.0000; C:1.0000]
 54.0000: (MOVE ROOMA ROOMB) [D:1.0000; C:1.0000]
 55.0000: (DROP BALL15 ROOMB LEFT) [D:1.0000; C:1.0000]
 56.0000: (MOVE ROOMB ROOMA) [D:1.0000; C:1.0000]
 57.0000: (PICK BALL16 ROOMA LEFT) [D:1.0000; C:1.0000]
 58.0000: (MOVE ROOMA ROOMB) [D:1.0000; C:1.0000]
 59.0000: (DROP BALL16 ROOMB LEFT) [D:1.0000; C:1.0000]
 60.0000: (MOVE ROOMB ROOMA) [D:1.0000; C:1.0000]
 61.0000: (PICK BALL17 ROOMA LEFT) [D:1.0000; C:1.0000]
 62.0000: (MOVE ROOMA ROOMB) [D:1.0000; C:1.0000]
 63.0000: (DROP BALL17 ROOMB LEFT) [D:1.0000; C:1.0000]
 64.0000: (MOVE ROOMB ROOMA) [D:1.0000; C:1.0000]
 65.0000: (PICK BALL18 ROOMA LEFT) [D:1.0000; C:1.0000]
 66.0000: (MOVE ROOMA ROOMB) [D:1.0000; C:1.0000]
 67.0000: (DROP BALL18 ROOMB LEFT) [D:1.0000; C:1.0000]
 68.0000: (MOVE ROOMB ROOMA) [D:1.0000; C:1.0000]
 69.0000: (PICK BALL19 ROOMA LEFT) [D:1.0000; C:1.0000]
 70.0000: (MOVE ROOMA ROOMB) [D:1.0000; C:1.0000]
 71.0000: (DROP BALL19 ROOMB LEFT) [D:1.0000; C:1.0000]
 72.0000: (MOVE ROOMB ROOMA) [D:1.0000; C:1.0000]
 73.0000: (PICK BALL20 ROOMA LEFT) [D:1.0000; C:1.0000]
 74.0000: (MOVE ROOMA ROOMB) [D:1.0000; C:1.0000]
 75.0000: (DROP BALL20 ROOMB LEFT) [D:1.0000; C:1.0000]
 76.0000: (MOVE ROOMB ROOMA) [D:1.0000; C:1.0000]
 77.0000: (MOVE ROOMA ROOMB) [D:1.0000; C:1.0000]
 78.0000: (DROP BALL3 ROOMB RIGHT) [D:1.0000; C:1.0000]


Solution found:
Total time:      0.01
Search time:     0.01
Actions:         81
Execution cost:  81.00
Duration:        79.000
Plan quality:    81.000


Parsing domain file:  domain 'GRIPPER-STRIPS' defined ... done.
Parsing problem file:  problem 'GRIPPER-22' defined ... done.



Modality: Fast Planner

Number of actions             :     180
Number of conditional actions :       0
Number of facts               :      92


Analyzing Planning Problem:
	Temporal Planning Problem: NO
	Numeric Planning Problem: NO
	Problem with Timed Initial Litearals: NO
	Problem with Derived Predicates: NO

Evaluation function weights:
     Action duration 0.00; Action cost 1.00


Computing mutex... done

Preprocessing total time: 0.00 seconds

Searching ('.' = every 50 search steps):
... solution found: 

Plan computed:
   Time: (ACTION) [action Duration; action Cost]
 0.0000: (PICK BALL1 ROOMA RIGHT) [D:1.0000; C:1.0000]
 0.0000: (PICK BALL3 ROOMA LEFT) [D:1.0000; C:1.0000]
 1.0000: (MOVE ROOMA ROOMB) [D:1.0000; C:1.0000]
 2.0000: (DROP BALL3 ROOMB LEFT) [D:1.0000; C:1.0000]
 3.0000: (MOVE ROOMB ROOMA) [D:1.0000; C:1.0000]
 4.0000: (MOVE ROOMA ROOMB) [D:1.0000; C:1.0000]
 5.0000: (DROP BALL1 ROOMB RIGHT) [D:1.0000; C:1.0000]
 6.0000: (MOVE ROOMB ROOMA) [D:1.0000; C:1.0000]
 7.0000: (PICK BALL12 ROOMA RIGHT) [D:1.0000; C:1.0000]
 8.0000: (MOVE ROOMA ROOMB) [D:1.0000; C:1.0000]
 9.0000: (DROP BALL12 ROOMB RIGHT) [D:1.0000; C:1.0000]
 10.0000: (MOVE ROOMB ROOMA) [D:1.0000; C:1.0000]
 11.0000: (PICK BALL2 ROOMA RIGHT) [D:1.0000; C:1.0000]
 11.0000: (PICK BALL4 ROOMA LEFT) [D:1.0000; C:1.0000]
 12.0000: (MOVE ROOMA ROOMB) [D:1.0000; C:1.0000]
 13.0000: (DROP BALL4 ROOMB LEFT) [D:1.0000; C:1.0000]
 14.0000: (MOVE ROOMB ROOMA) [D:1.0000; C:1.0000]
 15.0000: (PICK BALL5 ROOMA LEFT) [D:1.0000; C:1.0000]
 16.0000: (MOVE ROOMA ROOMB) [D:1.0000; C:1.0000]
 17.0000: (DROP BALL5 ROOMB LEFT) [D:1.0000; C:1.0000]
 18.0000: (MOVE ROOMB ROOMA) [D:1.0000; C:1.0000]
 19.0000: (PICK BALL6 ROOMA LEFT) [D:1.0000; C:1.0000]
 20.0000: (MOVE ROOMA ROOMB) [D:1.0000; C:1.0000]
 21.0000: (DROP BALL6 ROOMB LEFT) [D:1.0000; C:1.0000]
 22.0000: (MOVE ROOMB ROOMA) [D:1.0000; C:1.0000]
 23.0000: (PICK BALL7 ROOMA LEFT) [D:1.0000; C:1.0000]
 24.0000: (MOVE ROOMA ROOMB) [D:1.0000; C:1.0000]
 25.0000: (DROP BALL7 ROOMB LEFT) [D:1.0000; C:1.0000]
 26.0000: (MOVE ROOMB ROOMA) [D:1.0000; C:1.0000]
 27.0000: (PICK BALL8 ROOMA LEFT) [D:1.0000; C:1.0000]
 28.0000: (MOVE ROOMA ROOMB) [D:1.0000; C:1.0000]
 29.0000: (DROP BALL8 ROOMB LEFT) [D:1.0000; C:1.0000]
 30.0000: (MOVE ROOMB ROOMA) [D:1.0000; C:1.0000]
 31.0000: (PICK BALL9 ROOMA LEFT) [D:1.0000; C:1.0000]
 32.0000: (MOVE ROOMA ROOMB) [D:1.0000; C:1.0000]
 33.0000: (DROP BALL9 ROOMB LEFT) [D:1.0000; C:1.0000]
 34.0000: (MOVE ROOMB ROOMA) [D:1.0000; C:1.0000]
 35.0000: (PICK BALL10 ROOMA LEFT) [D:1.0000; C:1.0000]
 36.0000: (MOVE ROOMA ROOMB) [D:1.0000; C:1.0000]
 37.0000: (DROP BALL10 ROOMB LEFT) [D:1.0000; C:1.0000]
 38.0000: (MOVE ROOMB ROOMA) [D:1.0000; C:1.0000]
 39.0000: (PICK BALL11 ROOMA LEFT) [D:1.0000; C:1.0000]
 40.0000: (MOVE ROOMA ROOMB) [D:1.0000; C:1.0000]
 41.0000: (DROP BALL11 ROOMB LEFT) [D:1.0000; C:1.0000]
 42.0000: (MOVE ROOMB ROOMA) [D:1.0000; C:1.0000]
 43.0000: (PICK BALL13 ROOMA LEFT) [D:1.0000; C:1.0000]
 44.0000: (MOVE ROOMA ROOMB) [D:1.0000; C:1.0000]
 45.0000: (DROP BALL13 ROOMB LEFT) [D:1.0000; C:1.0000]
 46.0000: (MOVE ROOMB ROOMA) [D:1.0000; C:1.0000]
 47.0000: (PICK BALL14 ROOMA LEFT) [D:1.0000; C:1.0000]
 48.0000: (MOVE ROOMA ROOMB) [D:1.0000; C:1.0000]
 49.0000: (DROP BALL14 ROOMB LEFT) [D:1.0000; C:1.0000]
 50.0000: (MOVE ROOMB ROOMA) [D:1.0000; C:1.0000]
 51.0000: (PICK BALL15 ROOMA LEFT) [D:1.0000; C:1.0000]
 52.0000: (MOVE ROOMA ROOMB) [D:1.0000; C:1.0000]
 53.0000: (DROP BALL15 ROOMB LEFT) [D:1.0000; C:1.0000]
 54.0000: (MOVE ROOMB ROOMA) [D:1.0000; C:1.0000]
 55.0000: (PICK BALL16 ROOMA LEFT) [D:1.0000; C:1.0000]
 56.0000: (MOVE ROOMA ROOMB) [D:1.0000; C:1.0000]
 57.0000: (DROP BALL16 ROOMB LEFT) [D:1.0000; C:1.0000]
 58.0000: (MOVE ROOMB ROOMA) [D:1.0000; C:1.0000]
 59.0000: (PICK BALL17 ROOMA LEFT) [D:1.0000; C:1.0000]
 60.0000: (MOVE ROOMA ROOMB) [D:1.0000; C:1.0000]
 61.0000: (DROP BALL17 ROOMB LEFT) [D:1.0000; C:1.0000]
 62.0000: (MOVE ROOMB ROOMA) [D:1.0000; C:1.0000]
 63.0000: (PICK BALL18 ROOMA LEFT) [D:1.0000; C:1.0000]
 64.0000: (MOVE ROOMA ROOMB) [D:1.0000; C:1.0000]
 65.0000: (DROP BALL18 ROOMB LEFT) [D:1.0000; C:1.0000]
 66.0000: (MOVE ROOMB ROOMA) [D:1.0000; C:1.0000]
 67.0000: (PICK BALL19 ROOMA LEFT) [D:1.0000; C:1.0000]
 68.0000: (MOVE ROOMA ROOMB) [D:1.0000; C:1.0000]
 69.0000: (DROP BALL19 ROOMB LEFT) [D:1.0000; C:1.0000]
 70.0000: (MOVE ROOMB ROOMA) [D:1.0000; C:1.0000]
 71.0000: (PICK BALL20 ROOMA LEFT) [D:1.0000; C:1.0000]
 72.0000: (MOVE ROOMA ROOMB) [D:1.0000; C:1.0000]
 73.0000: (DROP BALL20 ROOMB LEFT) [D:1.0000; C:1.0000]
 74.0000: (MOVE ROOMB ROOMA) [D:1.0000; C:1.0000]
 75.0000: (PICK BALL21 ROOMA LEFT) [D:1.0000; C:1.0000]
 76.0000: (MOVE ROOMA ROOMB) [D:1.0000; C:1.0000]
 77.0000: (DROP BALL21 ROOMB LEFT) [D:1.0000; C:1.0000]
 78.0000: (MOVE ROOMB ROOMA) [D:1.0000; C:1.0000]
 79.0000: (PICK BALL22 ROOMA LEFT) [D:1.0000; C:1.0000]
 80.0000: (MOVE ROOMA ROOMB) [D:1.0000; C:1.0000]
 81.0000: (DROP BALL22 ROOMB LEFT) [D:1.0000; C:1.0000]
 82.0000: (MOVE ROOMB ROOMA) [D:1.0000; C:1.0000]
 83.0000: (MOVE ROOMA ROOMB) [D:1.0000; C:1.0000]
 84.0000: (DROP BALL2 ROOMB RIGHT) [D:1.0000; C:1.0000]


Solution found:
Total time:      0.03
Search time:     0.03
Actions:         87
Execution cost:  87.00
Duration:        85.000
Plan quality:    87.000


Parsing domain file:  domain 'GRIPPER-STRIPS' defined ... done.
Parsing problem file:  problem 'GRIPPER-24' defined ... done.



Modality: Fast Planner

Number of actions             :     196
Number of conditional actions :       0
Number of facts               :     100


Analyzing Planning Problem:
	Temporal Planning Problem: NO
	Numeric Planning Problem: NO
	Problem with Timed Initial Litearals: NO
	Problem with Derived Predicates: NO

Evaluation function weights:
     Action duration 0.00; Action cost 1.00


Computing mutex... done

Preprocessing total time: 0.00 seconds

Searching ('.' = every 50 search steps):
... solution found: 

Plan computed:
   Time: (ACTION) [action Duration; action Cost]
 0.0000: (PICK BALL1 ROOMA RIGHT) [D:1.0000; C:1.0000]
 0.0000: (PICK BALL23 ROOMA LEFT) [D:1.0000; C:1.0000]
 1.0000: (MOVE ROOMA ROOMB) [D:1.0000; C:1.0000]
 2.0000: (DROP BALL23 ROOMB LEFT) [D:1.0000; C:1.0000]
 3.0000: (MOVE ROOMB ROOMA) [D:1.0000; C:1.0000]
 4.0000: (PICK BALL22 ROOMA LEFT) [D:1.0000; C:1.0000]
 5.0000: (MOVE ROOMA ROOMB) [D:1.0000; C:1.0000]
 6.0000: (DROP BALL22 ROOMB LEFT) [D:1.0000; C:1.0000]
 7.0000: (MOVE ROOMB ROOMA) [D:1.0000; C:1.0000]
 8.0000: (PICK BALL21 ROOMA LEFT) [D:1.0000; C:1.0000]
 9.0000: (MOVE ROOMA ROOMB) [D:1.0000; C:1.0000]
 10.0000: (DROP BALL21 ROOMB LEFT) [D:1.0000; C:1.0000]
 11.0000: (MOVE ROOMB ROOMA) [D:1.0000; C:1.0000]
 12.0000: (PICK BALL19 ROOMA LEFT) [D:1.0000; C:1.0000]
 13.0000: (MOVE ROOMA ROOMB) [D:1.0000; C:1.0000]
 14.0000: (DROP BALL19 ROOMB LEFT) [D:1.0000; C:1.0000]
 15.0000: (MOVE ROOMB ROOMA) [D:1.0000; C:1.0000]
 16.0000: (PICK BALL16 ROOMA LEFT) [D:1.0000; C:1.0000]
 17.0000: (MOVE ROOMA ROOMB) [D:1.0000; C:1.0000]
 18.0000: (DROP BALL16 ROOMB LEFT) [D:1.0000; C:1.0000]
 19.0000: (MOVE ROOMB ROOMA) [D:1.0000; C:1.0000]
 20.0000: (PICK BALL15 ROOMA LEFT) [D:1.0000; C:1.0000]
 21.0000: (MOVE ROOMA ROOMB) [D:1.0000; C:1.0000]
 22.0000: (DROP BALL15 ROOMB LEFT) [D:1.0000; C:1.0000]
 23.0000: (MOVE ROOMB ROOMA) [D:1.0000; C:1.0000]
 24.0000: (PICK BALL2 ROOMA LEFT) [D:1.0000; C:1.0000]
 25.0000: (MOVE ROOMA ROOMB) [D:1.0000; C:1.0000]
 26.0000: (DROP BALL2 ROOMB LEFT) [D:1.0000; C:1.0000]
 27.0000: (MOVE ROOMB ROOMA) [D:1.0000; C:1.0000]
 28.0000: (PICK BALL3 ROOMA LEFT) [D:1.0000; C:1.0000]
 29.0000: (MOVE ROOMA ROOMB) [D:1.0000; C:1.0000]
 30.0000: (DROP BALL3 ROOMB LEFT) [D:1.0000; C:1.0000]
 30.0000: (DROP BALL1 ROOMB RIGHT) [D:1.0000; C:1.0000]
 31.0000: (PICK BALL2 ROOMB RIGHT) [D:1.0000; C:1.0000]
 32.0000: (DROP BALL2 ROOMB RIGHT) [D:1.0000; C:1.0000]
 33.0000: (PICK BALL3 ROOMB RIGHT) [D:1.0000; C:1.0000]
 34.0000: (DROP BALL3 ROOMB RIGHT) [D:1.0000; C:1.0000]
 35.0000: (MOVE ROOMB ROOMA) [D:1.0000; C:1.0000]
 36.0000: (PICK BALL11 ROOMA RIGHT) [D:1.0000; C:1.0000]
 37.0000: (MOVE ROOMA ROOMB) [D:1.0000; C:1.0000]
 38.0000: (DROP BALL11 ROOMB RIGHT) [D:1.0000; C:1.0000]
 39.0000: (MOVE ROOMB ROOMA) [D:1.0000; C:1.0000]
 40.0000: (PICK BALL13 ROOMA RIGHT) [D:1.0000; C:1.0000]
 41.0000: (MOVE ROOMA ROOMB) [D:1.0000; C:1.0000]
 42.0000: (DROP BALL13 ROOMB RIGHT) [D:1.0000; C:1.0000]
 43.0000: (MOVE ROOMB ROOMA) [D:1.0000; C:1.0000]
 44.0000: (PICK BALL14 ROOMA RIGHT) [D:1.0000; C:1.0000]
 45.0000: (MOVE ROOMA ROOMB) [D:1.0000; C:1.0000]
 46.0000: (DROP BALL14 ROOMB RIGHT) [D:1.0000; C:1.0000]
 47.0000: (MOVE ROOMB ROOMA) [D:1.0000; C:1.0000]
 48.0000: (PICK BALL17 ROOMA RIGHT) [D:1.0000; C:1.0000]
 49.0000: (MOVE ROOMA ROOMB) [D:1.0000; C:1.0000]
 50.0000: (DROP BALL17 ROOMB RIGHT) [D:1.0000; C:1.0000]
 51.0000: (MOVE ROOMB ROOMA) [D:1.0000; C:1.0000]
 52.0000: (PICK BALL18 ROOMA RIGHT) [D:1.0000; C:1.0000]
 53.0000: (MOVE ROOMA ROOMB) [D:1.0000; C:1.0000]
 54.0000: (DROP BALL18 ROOMB RIGHT) [D:1.0000; C:1.0000]
 55.0000: (MOVE ROOMB ROOMA) [D:1.0000; C:1.0000]
 56.0000: (PICK BALL20 ROOMA RIGHT) [D:1.0000; C:1.0000]
 57.0000: (MOVE ROOMA ROOMB) [D:1.0000; C:1.0000]
 58.0000: (DROP BALL20 ROOMB RIGHT) [D:1.0000; C:1.0000]
 59.0000: (MOVE ROOMB ROOMA) [D:1.0000; C:1.0000]
 60.0000: (PICK BALL24 ROOMA RIGHT) [D:1.0000; C:1.0000]
 61.0000: (MOVE ROOMA ROOMB) [D:1.0000; C:1.0000]
 62.0000: (DROP BALL24 ROOMB RIGHT) [D:1.0000; C:1.0000]
 63.0000: (MOVE ROOMB ROOMA) [D:1.0000; C:1.0000]
 64.0000: (PICK BALL4 ROOMA RIGHT) [D:1.0000; C:1.0000]
 64.0000: (PICK BALL5 ROOMA LEFT) [D:1.0000; C:1.0000]
 65.0000: (MOVE ROOMA ROOMB) [D:1.0000; C:1.0000]
 66.0000: (DROP BALL5 ROOMB LEFT) [D:1.0000; C:1.0000]
 67.0000: (MOVE ROOMB ROOMA) [D:1.0000; C:1.0000]
 68.0000: (PICK BALL6 ROOMA LEFT) [D:1.0000; C:1.0000]
 69.0000: (MOVE ROOMA ROOMB) [D:1.0000; C:1.0000]
 70.0000: (DROP BALL6 ROOMB LEFT) [D:1.0000; C:1.0000]
 71.0000: (MOVE ROOMB ROOMA) [D:1.0000; C:1.0000]
 72.0000: (PICK BALL7 ROOMA LEFT) [D:1.0000; C:1.0000]
 73.0000: (MOVE ROOMA ROOMB) [D:1.0000; C:1.0000]
 74.0000: (DROP BALL7 ROOMB LEFT) [D:1.0000; C:1.0000]
 75.0000: (MOVE ROOMB ROOMA) [D:1.0000; C:1.0000]
 76.0000: (PICK BALL8 ROOMA LEFT) [D:1.0000; C:1.0000]
 77.0000: (MOVE ROOMA ROOMB) [D:1.0000; C:1.0000]
 78.0000: (DROP BALL8 ROOMB LEFT) [D:1.0000; C:1.0000]
 79.0000: (MOVE ROOMB ROOMA) [D:1.0000; C:1.0000]
 80.0000: (PICK BALL9 ROOMA LEFT) [D:1.0000; C:1.0000]
 81.0000: (MOVE ROOMA ROOMB) [D:1.0000; C:1.0000]
 82.0000: (DROP BALL9 ROOMB LEFT) [D:1.0000; C:1.0000]
 83.0000: (MOVE ROOMB ROOMA) [D:1.0000; C:1.0000]
 84.0000: (PICK BALL10 ROOMA LEFT) [D:1.0000; C:1.0000]
 85.0000: (MOVE ROOMA ROOMB) [D:1.0000; C:1.0000]
 86.0000: (DROP BALL10 ROOMB LEFT) [D:1.0000; C:1.0000]
 87.0000: (MOVE ROOMB ROOMA) [D:1.0000; C:1.0000]
 88.0000: (PICK BALL12 ROOMA LEFT) [D:1.0000; C:1.0000]
 89.0000: (MOVE ROOMA ROOMB) [D:1.0000; C:1.0000]
 90.0000: (DROP BALL12 ROOMB LEFT) [D:1.0000; C:1.0000]
 90.0000: (DROP BALL4 ROOMB RIGHT) [D:1.0000; C:1.0000]


Solution found:
Total time:      0.02
Search time:     0.02
Actions:         95
Execution cost:  95.00
Duration:        91.000
Plan quality:    95.000


Parsing domain file:  domain 'GRIPPER-STRIPS' defined ... done.
Parsing problem file:  problem 'GRIPPER-26' defined ... done.



Modality: Fast Planner

Number of actions             :     212
Number of conditional actions :       0
Number of facts               :     108


Analyzing Planning Problem:
	Temporal Planning Problem: NO
	Numeric Planning Problem: NO
	Problem with Timed Initial Litearals: NO
	Problem with Derived Predicates: NO

Evaluation function weights:
     Action duration 0.00; Action cost 1.00


Computing mutex... done

Preprocessing total time: 0.00 seconds

Searching ('.' = every 50 search steps):
... solution found: 

Plan computed:
   Time: (ACTION) [action Duration; action Cost]
 0.0000: (PICK BALL1 ROOMA LEFT) [D:1.0000; C:1.0000]
 0.0000: (PICK BALL25 ROOMA RIGHT) [D:1.0000; C:1.0000]
 1.0000: (MOVE ROOMA ROOMB) [D:1.0000; C:1.0000]
 2.0000: (DROP BALL25 ROOMB RIGHT) [D:1.0000; C:1.0000]
 3.0000: (MOVE ROOMB ROOMA) [D:1.0000; C:1.0000]
 4.0000: (PICK BALL22 ROOMA RIGHT) [D:1.0000; C:1.0000]
 5.0000: (MOVE ROOMA ROOMB) [D:1.0000; C:1.0000]
 6.0000: (DROP BALL22 ROOMB RIGHT) [D:1.0000; C:1.0000]
 7.0000: (MOVE ROOMB ROOMA) [D:1.0000; C:1.0000]
 8.0000: (PICK BALL15 ROOMA RIGHT) [D:1.0000; C:1.0000]
 9.0000: (MOVE ROOMA ROOMB) [D:1.0000; C:1.0000]
 10.0000: (DROP BALL15 ROOMB RIGHT) [D:1.0000; C:1.0000]
 11.0000: (MOVE ROOMB ROOMA) [D:1.0000; C:1.0000]
 12.0000: (PICK BALL14 ROOMA RIGHT) [D:1.0000; C:1.0000]
 13.0000: (MOVE ROOMA ROOMB) [D:1.0000; C:1.0000]
 14.0000: (DROP BALL14 ROOMB RIGHT) [D:1.0000; C:1.0000]
 15.0000: (MOVE ROOMB ROOMA) [D:1.0000; C:1.0000]
 16.0000: (PICK BALL12 ROOMA RIGHT) [D:1.0000; C:1.0000]
 17.0000: (MOVE ROOMA ROOMB) [D:1.0000; C:1.0000]
 18.0000: (DROP BALL12 ROOMB RIGHT) [D:1.0000; C:1.0000]
 19.0000: (MOVE ROOMB ROOMA) [D:1.0000; C:1.0000]
 20.0000: (PICK BALL11 ROOMA RIGHT) [D:1.0000; C:1.0000]
 21.0000: (MOVE ROOMA ROOMB) [D:1.0000; C:1.0000]
 22.0000: (DROP BALL11 ROOMB RIGHT) [D:1.0000; C:1.0000]
 23.0000: (MOVE ROOMB ROOMA) [D:1.0000; C:1.0000]
 24.0000: (PICK BALL10 ROOMA RIGHT) [D:1.0000; C:1.0000]
 25.0000: (MOVE ROOMA ROOMB) [D:1.0000; C:1.0000]
 26.0000: (DROP BALL10 ROOMB RIGHT) [D:1.0000; C:1.0000]
 27.0000: (MOVE ROOMB ROOMA) [D:1.0000; C:1.0000]
 28.0000: (PICK BALL9 ROOMA RIGHT) [D:1.0000; C:1.0000]
 29.0000: (MOVE ROOMA ROOMB) [D:1.0000; C:1.0000]
 30.0000: (DROP BALL9 ROOMB RIGHT) [D:1.0000; C:1.0000]
 31.0000: (MOVE ROOMB ROOMA) [D:1.0000; C:1.0000]
 32.0000: (PICK BALL7 ROOMA RIGHT) [D:1.0000; C:1.0000]
 33.0000: (MOVE ROOMA ROOMB) [D:1.0000; C:1.0000]
 34.0000: (DROP BALL7 ROOMB RIGHT) [D:1.0000; C:1.0000]
 35.0000: (MOVE ROOMB ROOMA) [D:1.0000; C:1.0000]
 36.0000: (PICK BALL3 ROOMA RIGHT) [D:1.0000; C:1.0000]
 37.0000: (MOVE ROOMA ROOMB) [D:1.0000; C:1.0000]
 38.0000: (DROP BALL3 ROOMB RIGHT) [D:1.0000; C:1.0000]
 39.0000: (MOVE ROOMB ROOMA) [D:1.0000; C:1.0000]
 40.0000: (MOVE ROOMA ROOMB) [D:1.0000; C:1.0000]
 41.0000: (DROP BALL1 ROOMB LEFT) [D:1.0000; C:1.0000]
 42.0000: (MOVE ROOMB ROOMA) [D:1.0000; C:1.0000]
 43.0000: (PICK BALL26 ROOMA LEFT) [D:1.0000; C:1.0000]
 44.0000: (MOVE ROOMA ROOMB) [D:1.0000; C:1.0000]
 45.0000: (DROP BALL26 ROOMB LEFT) [D:1.0000; C:1.0000]
 46.0000: (MOVE ROOMB ROOMA) [D:1.0000; C:1.0000]
 47.0000: (PICK BALL24 ROOMA LEFT) [D:1.0000; C:1.0000]
 48.0000: (MOVE ROOMA ROOMB) [D:1.0000; C:1.0000]
 49.0000: (DROP BALL24 ROOMB LEFT) [D:1.0000; C:1.0000]
 50.0000: (MOVE ROOMB ROOMA) [D:1.0000; C:1.0000]
 51.0000: (PICK BALL23 ROOMA LEFT) [D:1.0000; C:1.0000]
 52.0000: (MOVE ROOMA ROOMB) [D:1.0000; C:1.0000]
 53.0000: (DROP BALL23 ROOMB LEFT) [D:1.0000; C:1.0000]
 54.0000: (MOVE ROOMB ROOMA) [D:1.0000; C:1.0000]
 55.0000: (PICK BALL19 ROOMA LEFT) [D:1.0000; C:1.0000]
 56.0000: (MOVE ROOMA ROOMB) [D:1.0000; C:1.0000]
 57.0000: (DROP BALL19 ROOMB LEFT) [D:1.0000; C:1.0000]
 58.0000: (MOVE ROOMB ROOMA) [D:1.0000; C:1.0000]
 59.0000: (PICK BALL18 ROOMA LEFT) [D:1.0000; C:1.0000]
 60.0000: (MOVE ROOMA ROOMB) [D:1.0000; C:1.0000]
 61.0000: (DROP BALL18 ROOMB LEFT) [D:1.0000; C:1.0000]
 62.0000: (MOVE ROOMB ROOMA) [D:1.0000; C:1.0000]
 63.0000: (PICK BALL17 ROOMA LEFT) [D:1.0000; C:1.0000]
 64.0000: (MOVE ROOMA ROOMB) [D:1.0000; C:1.0000]
 65.0000: (DROP BALL17 ROOMB LEFT) [D:1.0000; C:1.0000]
 66.0000: (MOVE ROOMB ROOMA) [D:1.0000; C:1.0000]
 67.0000: (PICK BALL16 ROOMA LEFT) [D:1.0000; C:1.0000]
 68.0000: (MOVE ROOMA ROOMB) [D:1.0000; C:1.0000]
 69.0000: (DROP BALL16 ROOMB LEFT) [D:1.0000; C:1.0000]
 70.0000: (MOVE ROOMB ROOMA) [D:1.0000; C:1.0000]
 71.0000: (PICK BALL13 ROOMA LEFT) [D:1.0000; C:1.0000]
 72.0000: (MOVE ROOMA ROOMB) [D:1.0000; C:1.0000]
 73.0000: (DROP BALL13 ROOMB LEFT) [D:1.0000; C:1.0000]
 74.0000: (MOVE ROOMB ROOMA) [D:1.0000; C:1.0000]
 75.0000: (PICK BALL8 ROOMA LEFT) [D:1.0000; C:1.0000]
 76.0000: (MOVE ROOMA ROOMB) [D:1.0000; C:1.0000]
 77.0000: (DROP BALL8 ROOMB LEFT) [D:1.0000; C:1.0000]
 78.0000: (MOVE ROOMB ROOMA) [D:1.0000; C:1.0000]
 79.0000: (PICK BALL20 ROOMA LEFT) [D:1.0000; C:1.0000]
 80.0000: (MOVE ROOMA ROOMB) [D:1.0000; C:1.0000]
 81.0000: (DROP BALL20 ROOMB LEFT) [D:1.0000; C:1.0000]
 82.0000: (MOVE ROOMB ROOMA) [D:1.0000; C:1.0000]
 83.0000: (PICK BALL21 ROOMA LEFT) [D:1.0000; C:1.0000]
 84.0000: (MOVE ROOMA ROOMB) [D:1.0000; C:1.0000]
 85.0000: (DROP BALL21 ROOMB LEFT) [D:1.0000; C:1.0000]
 86.0000: (MOVE ROOMB ROOMA) [D:1.0000; C:1.0000]
 87.0000: (PICK BALL2 ROOMA LEFT) [D:1.0000; C:1.0000]
 87.0000: (PICK BALL4 ROOMA RIGHT) [D:1.0000; C:1.0000]
 88.0000: (MOVE ROOMA ROOMB) [D:1.0000; C:1.0000]
 89.0000: (DROP BALL4 ROOMB RIGHT) [D:1.0000; C:1.0000]
 90.0000: (MOVE ROOMB ROOMA) [D:1.0000; C:1.0000]
 91.0000: (PICK BALL5 ROOMA RIGHT) [D:1.0000; C:1.0000]
 92.0000: (MOVE ROOMA ROOMB) [D:1.0000; C:1.0000]
 93.0000: (DROP BALL5 ROOMB RIGHT) [D:1.0000; C:1.0000]
 94.0000: (MOVE ROOMB ROOMA) [D:1.0000; C:1.0000]
 95.0000: (PICK BALL6 ROOMA RIGHT) [D:1.0000; C:1.0000]
 96.0000: (MOVE ROOMA ROOMB) [D:1.0000; C:1.0000]
 97.0000: (DROP BALL6 ROOMB RIGHT) [D:1.0000; C:1.0000]
 97.0000: (DROP BALL2 ROOMB LEFT) [D:1.0000; C:1.0000]


Solution found:
Total time:      0.02
Search time:     0.02
Actions:         101
Execution cost:  101.00
Duration:        98.000
Plan quality:    101.000


Parsing domain file:  domain 'GRIPPER-STRIPS' defined ... done.
Parsing problem file:  problem 'GRIPPER-28' defined ... done.



Modality: Fast Planner

Number of actions             :     228
Number of conditional actions :       0
Number of facts               :     116


Analyzing Planning Problem:
	Temporal Planning Problem: NO
	Numeric Planning Problem: NO
	Problem with Timed Initial Litearals: NO
	Problem with Derived Predicates: NO

Evaluation function weights:
     Action duration 0.00; Action cost 1.00


Computing mutex... done

Preprocessing total time: 0.00 seconds

Searching ('.' = every 50 search steps):
... solution found: 

Plan computed:
   Time: (ACTION) [action Duration; action Cost]
 0.0000: (PICK BALL1 ROOMA LEFT) [D:1.0000; C:1.0000]
 0.0000: (PICK BALL27 ROOMA RIGHT) [D:1.0000; C:1.0000]
 1.0000: (MOVE ROOMA ROOMB) [D:1.0000; C:1.0000]
 2.0000: (DROP BALL27 ROOMB RIGHT) [D:1.0000; C:1.0000]
 3.0000: (MOVE ROOMB ROOMA) [D:1.0000; C:1.0000]
 4.0000: (PICK BALL22 ROOMA RIGHT) [D:1.0000; C:1.0000]
 5.0000: (MOVE ROOMA ROOMB) [D:1.0000; C:1.0000]
 6.0000: (DROP BALL22 ROOMB RIGHT) [D:1.0000; C:1.0000]
 7.0000: (MOVE ROOMB ROOMA) [D:1.0000; C:1.0000]
 8.0000: (PICK BALL21 ROOMA RIGHT) [D:1.0000; C:1.0000]
 9.0000: (MOVE ROOMA ROOMB) [D:1.0000; C:1.0000]
 10.0000: (DROP BALL21 ROOMB RIGHT) [D:1.0000; C:1.0000]
 11.0000: (MOVE ROOMB ROOMA) [D:1.0000; C:1.0000]
 12.0000: (PICK BALL19 ROOMA RIGHT) [D:1.0000; C:1.0000]
 13.0000: (MOVE ROOMA ROOMB) [D:1.0000; C:1.0000]
 14.0000: (DROP BALL19 ROOMB RIGHT) [D:1.0000; C:1.0000]
 15.0000: (MOVE ROOMB ROOMA) [D:1.0000; C:1.0000]
 16.0000: (PICK BALL18 ROOMA RIGHT) [D:1.0000; C:1.0000]
 17.0000: (MOVE ROOMA ROOMB) [D:1.0000; C:1.0000]
 18.0000: (DROP BALL18 ROOMB RIGHT) [D:1.0000; C:1.0000]
 19.0000: (MOVE ROOMB ROOMA) [D:1.0000; C:1.0000]
 20.0000: (PICK BALL17 ROOMA RIGHT) [D:1.0000; C:1.0000]
 21.0000: (MOVE ROOMA ROOMB) [D:1.0000; C:1.0000]
 22.0000: (DROP BALL17 ROOMB RIGHT) [D:1.0000; C:1.0000]
 23.0000: (MOVE ROOMB ROOMA) [D:1.0000; C:1.0000]
 24.0000: (PICK BALL15 ROOMA RIGHT) [D:1.0000; C:1.0000]
 25.0000: (MOVE ROOMA ROOMB) [D:1.0000; C:1.0000]
 26.0000: (DROP BALL15 ROOMB RIGHT) [D:1.0000; C:1.0000]
 27.0000: (MOVE ROOMB ROOMA) [D:1.0000; C:1.0000]
 28.0000: (PICK BALL14 ROOMA RIGHT) [D:1.0000; C:1.0000]
 29.0000: (MOVE ROOMA ROOMB) [D:1.0000; C:1.0000]
 30.0000: (DROP BALL14 ROOMB RIGHT) [D:1.0000; C:1.0000]
 31.0000: (MOVE ROOMB ROOMA) [D:1.0000; C:1.0000]
 32.0000: (PICK BALL9 ROOMA RIGHT) [D:1.0000; C:1.0000]
 33.0000: (MOVE ROOMA ROOMB) [D:1.0000; C:1.0000]
 34.0000: (DROP BALL9 ROOMB RIGHT) [D:1.0000; C:1.0000]
 35.0000: (MOVE ROOMB ROOMA) [D:1.0000; C:1.0000]
 36.0000: (PICK BALL8 ROOMA RIGHT) [D:1.0000; C:1.0000]
 37.0000: (MOVE ROOMA ROOMB) [D:1.0000; C:1.0000]
 38.0000: (DROP BALL8 ROOMB RIGHT) [D:1.0000; C:1.0000]
 39.0000: (MOVE ROOMB ROOMA) [D:1.0000; C:1.0000]
 40.0000: (PICK BALL7 ROOMA RIGHT) [D:1.0000; C:1.0000]
 41.0000: (MOVE ROOMA ROOMB) [D:1.0000; C:1.0000]
 42.0000: (DROP BALL7 ROOMB RIGHT) [D:1.0000; C:1.0000]
 43.0000: (MOVE ROOMB ROOMA) [D:1.0000; C:1.0000]
 44.0000: (PICK BALL3 ROOMA RIGHT) [D:1.0000; C:1.0000]
 45.0000: (MOVE ROOMA ROOMB) [D:1.0000; C:1.0000]
 46.0000: (DROP BALL3 ROOMB RIGHT) [D:1.0000; C:1.0000]
 47.0000: (MOVE ROOMB ROOMA) [D:1.0000; C:1.0000]
 48.0000: (MOVE ROOMA ROOMB) [D:1.0000; C:1.0000]
 49.0000: (DROP BALL1 ROOMB LEFT) [D:1.0000; C:1.0000]
 50.0000: (MOVE ROOMB ROOMA) [D:1.0000; C:1.0000]
 51.0000: (PICK BALL28 ROOMA LEFT) [D:1.0000; C:1.0000]
 52.0000: (MOVE ROOMA ROOMB) [D:1.0000; C:1.0000]
 53.0000: (DROP BALL28 ROOMB LEFT) [D:1.0000; C:1.0000]
 54.0000: (MOVE ROOMB ROOMA) [D:1.0000; C:1.0000]
 55.0000: (PICK BALL26 ROOMA LEFT) [D:1.0000; C:1.0000]
 56.0000: (MOVE ROOMA ROOMB) [D:1.0000; C:1.0000]
 57.0000: (DROP BALL26 ROOMB LEFT) [D:1.0000; C:1.0000]
 58.0000: (MOVE ROOMB ROOMA) [D:1.0000; C:1.0000]
 59.0000: (PICK BALL25 ROOMA LEFT) [D:1.0000; C:1.0000]
 60.0000: (MOVE ROOMA ROOMB) [D:1.0000; C:1.0000]
 61.0000: (DROP BALL25 ROOMB LEFT) [D:1.0000; C:1.0000]
 62.0000: (MOVE ROOMB ROOMA) [D:1.0000; C:1.0000]
 63.0000: (PICK BALL24 ROOMA LEFT) [D:1.0000; C:1.0000]
 64.0000: (MOVE ROOMA ROOMB) [D:1.0000; C:1.0000]
 65.0000: (DROP BALL24 ROOMB LEFT) [D:1.0000; C:1.0000]
 66.0000: (MOVE ROOMB ROOMA) [D:1.0000; C:1.0000]
 67.0000: (PICK BALL23 ROOMA LEFT) [D:1.0000; C:1.0000]
 68.0000: (MOVE ROOMA ROOMB) [D:1.0000; C:1.0000]
 69.0000: (DROP BALL23 ROOMB LEFT) [D:1.0000; C:1.0000]
 70.0000: (MOVE ROOMB ROOMA) [D:1.0000; C:1.0000]
 71.0000: (PICK BALL20 ROOMA LEFT) [D:1.0000; C:1.0000]
 72.0000: (MOVE ROOMA ROOMB) [D:1.0000; C:1.0000]
 73.0000: (DROP BALL20 ROOMB LEFT) [D:1.0000; C:1.0000]
 74.0000: (MOVE ROOMB ROOMA) [D:1.0000; C:1.0000]
 75.0000: (PICK BALL16 ROOMA LEFT) [D:1.0000; C:1.0000]
 76.0000: (MOVE ROOMA ROOMB) [D:1.0000; C:1.0000]
 77.0000: (DROP BALL16 ROOMB LEFT) [D:1.0000; C:1.0000]
 78.0000: (MOVE ROOMB ROOMA) [D:1.0000; C:1.0000]
 79.0000: (PICK BALL13 ROOMA LEFT) [D:1.0000; C:1.0000]
 80.0000: (MOVE ROOMA ROOMB) [D:1.0000; C:1.0000]
 81.0000: (DROP BALL13 ROOMB LEFT) [D:1.0000; C:1.0000]
 82.0000: (MOVE ROOMB ROOMA) [D:1.0000; C:1.0000]
 83.0000: (PICK BALL12 ROOMA LEFT) [D:1.0000; C:1.0000]
 84.0000: (MOVE ROOMA ROOMB) [D:1.0000; C:1.0000]
 85.0000: (DROP BALL12 ROOMB LEFT) [D:1.0000; C:1.0000]
 86.0000: (MOVE ROOMB ROOMA) [D:1.0000; C:1.0000]
 87.0000: (PICK BALL11 ROOMA LEFT) [D:1.0000; C:1.0000]
 88.0000: (MOVE ROOMA ROOMB) [D:1.0000; C:1.0000]
 89.0000: (DROP BALL11 ROOMB LEFT) [D:1.0000; C:1.0000]
 90.0000: (MOVE ROOMB ROOMA) [D:1.0000; C:1.0000]
 91.0000: (PICK BALL10 ROOMA LEFT) [D:1.0000; C:1.0000]
 92.0000: (MOVE ROOMA ROOMB) [D:1.0000; C:1.0000]
 93.0000: (DROP BALL10 ROOMB LEFT) [D:1.0000; C:1.0000]
 94.0000: (MOVE ROOMB ROOMA) [D:1.0000; C:1.0000]
 95.0000: (PICK BALL4 ROOMA LEFT) [D:1.0000; C:1.0000]
 96.0000: (MOVE ROOMA ROOMB) [D:1.0000; C:1.0000]
 97.0000: (DROP BALL4 ROOMB LEFT) [D:1.0000; C:1.0000]
 98.0000: (MOVE ROOMB ROOMA) [D:1.0000; C:1.0000]
 99.0000: (PICK BALL2 ROOMA LEFT) [D:1.0000; C:1.0000]
 99.0000: (PICK BALL5 ROOMA RIGHT) [D:1.0000; C:1.0000]
 100.0000: (MOVE ROOMA ROOMB) [D:1.0000; C:1.0000]
 101.0000: (DROP BALL5 ROOMB RIGHT) [D:1.0000; C:1.0000]
 102.0000: (MOVE ROOMB ROOMA) [D:1.0000; C:1.0000]
 103.0000: (PICK BALL6 ROOMA RIGHT) [D:1.0000; C:1.0000]
 104.0000: (MOVE ROOMA ROOMB) [D:1.0000; C:1.0000]
 105.0000: (DROP BALL6 ROOMB RIGHT) [D:1.0000; C:1.0000]
 105.0000: (DROP BALL2 ROOMB LEFT) [D:1.0000; C:1.0000]


Solution found:
Total time:      0.02
Search time:     0.02
Actions:         109
Execution cost:  109.00
Duration:        106.000
Plan quality:    109.000


Parsing domain file:  domain 'GRIPPER-STRIPS' defined ... done.
Parsing problem file:  problem 'GRIPPER-30' defined ... done.



Modality: Fast Planner

Number of actions             :     244
Number of conditional actions :       0
Number of facts               :     124


Analyzing Planning Problem:
	Temporal Planning Problem: NO
	Numeric Planning Problem: NO
	Problem with Timed Initial Litearals: NO
	Problem with Derived Predicates: NO

Evaluation function weights:
     Action duration 0.00; Action cost 1.00


Computing mutex... done

Preprocessing total time: 0.01 seconds

Searching ('.' = every 50 search steps):
.... solution found: 

Plan computed:
   Time: (ACTION) [action Duration; action Cost]
 0.0000: (PICK BALL14 ROOMA LEFT) [D:1.0000; C:1.0000]
 0.0000: (PICK BALL30 ROOMA RIGHT) [D:1.0000; C:1.0000]
 1.0000: (MOVE ROOMA ROOMB) [D:1.0000; C:1.0000]
 2.0000: (DROP BALL30 ROOMB RIGHT) [D:1.0000; C:1.0000]
 3.0000: (MOVE ROOMB ROOMA) [D:1.0000; C:1.0000]
 4.0000: (PICK BALL28 ROOMA RIGHT) [D:1.0000; C:1.0000]
 5.0000: (MOVE ROOMA ROOMB) [D:1.0000; C:1.0000]
 6.0000: (DROP BALL28 ROOMB RIGHT) [D:1.0000; C:1.0000]
 7.0000: (MOVE ROOMB ROOMA) [D:1.0000; C:1.0000]
 8.0000: (PICK BALL27 ROOMA RIGHT) [D:1.0000; C:1.0000]
 9.0000: (MOVE ROOMA ROOMB) [D:1.0000; C:1.0000]
 10.0000: (DROP BALL27 ROOMB RIGHT) [D:1.0000; C:1.0000]
 11.0000: (MOVE ROOMB ROOMA) [D:1.0000; C:1.0000]
 12.0000: (PICK BALL24 ROOMA RIGHT) [D:1.0000; C:1.0000]
 13.0000: (MOVE ROOMA ROOMB) [D:1.0000; C:1.0000]
 14.0000: (DROP BALL24 ROOMB RIGHT) [D:1.0000; C:1.0000]
 15.0000: (MOVE ROOMB ROOMA) [D:1.0000; C:1.0000]
 16.0000: (PICK BALL23 ROOMA RIGHT) [D:1.0000; C:1.0000]
 17.0000: (MOVE ROOMA ROOMB) [D:1.0000; C:1.0000]
 18.0000: (DROP BALL23 ROOMB RIGHT) [D:1.0000; C:1.0000]
 19.0000: (MOVE ROOMB ROOMA) [D:1.0000; C:1.0000]
 20.0000: (PICK BALL20 ROOMA RIGHT) [D:1.0000; C:1.0000]
 21.0000: (MOVE ROOMA ROOMB) [D:1.0000; C:1.0000]
 22.0000: (DROP BALL20 ROOMB RIGHT) [D:1.0000; C:1.0000]
 23.0000: (MOVE ROOMB ROOMA) [D:1.0000; C:1.0000]
 24.0000: (PICK BALL19 ROOMA RIGHT) [D:1.0000; C:1.0000]
 25.0000: (MOVE ROOMA ROOMB) [D:1.0000; C:1.0000]
 26.0000: (DROP BALL19 ROOMB RIGHT) [D:1.0000; C:1.0000]
 27.0000: (MOVE ROOMB ROOMA) [D:1.0000; C:1.0000]
 28.0000: (PICK BALL18 ROOMA RIGHT) [D:1.0000; C:1.0000]
 29.0000: (MOVE ROOMA ROOMB) [D:1.0000; C:1.0000]
 30.0000: (DROP BALL18 ROOMB RIGHT) [D:1.0000; C:1.0000]
 31.0000: (MOVE ROOMB ROOMA) [D:1.0000; C:1.0000]
 32.0000: (MOVE ROOMA ROOMB) [D:1.0000; C:1.0000]
 33.0000: (DROP BALL14 ROOMB LEFT) [D:1.0000; C:1.0000]
 34.0000: (MOVE ROOMB ROOMA) [D:1.0000; C:1.0000]
 35.0000: (PICK BALL29 ROOMA LEFT) [D:1.0000; C:1.0000]
 36.0000: (MOVE ROOMA ROOMB) [D:1.0000; C:1.0000]
 37.0000: (DROP BALL29 ROOMB LEFT) [D:1.0000; C:1.0000]
 38.0000: (MOVE ROOMB ROOMA) [D:1.0000; C:1.0000]
 39.0000: (PICK BALL26 ROOMA LEFT) [D:1.0000; C:1.0000]
 40.0000: (MOVE ROOMA ROOMB) [D:1.0000; C:1.0000]
 41.0000: (DROP BALL26 ROOMB LEFT) [D:1.0000; C:1.0000]
 42.0000: (MOVE ROOMB ROOMA) [D:1.0000; C:1.0000]
 43.0000: (PICK BALL25 ROOMA LEFT) [D:1.0000; C:1.0000]
 44.0000: (MOVE ROOMA ROOMB) [D:1.0000; C:1.0000]
 45.0000: (DROP BALL25 ROOMB LEFT) [D:1.0000; C:1.0000]
 46.0000: (MOVE ROOMB ROOMA) [D:1.0000; C:1.0000]
 47.0000: (PICK BALL22 ROOMA LEFT) [D:1.0000; C:1.0000]
 48.0000: (MOVE ROOMA ROOMB) [D:1.0000; C:1.0000]
 49.0000: (DROP BALL22 ROOMB LEFT) [D:1.0000; C:1.0000]
 50.0000: (MOVE ROOMB ROOMA) [D:1.0000; C:1.0000]
 51.0000: (PICK BALL21 ROOMA LEFT) [D:1.0000; C:1.0000]
 52.0000: (MOVE ROOMA ROOMB) [D:1.0000; C:1.0000]
 53.0000: (DROP BALL21 ROOMB LEFT) [D:1.0000; C:1.0000]
 54.0000: (MOVE ROOMB ROOMA) [D:1.0000; C:1.0000]
 55.0000: (PICK BALL17 ROOMA LEFT) [D:1.0000; C:1.0000]
 56.0000: (MOVE ROOMA ROOMB) [D:1.0000; C:1.0000]
 57.0000: (DROP BALL17 ROOMB LEFT) [D:1.0000; C:1.0000]
 58.0000: (MOVE ROOMB ROOMA) [D:1.0000; C:1.0000]
 59.0000: (PICK BALL16 ROOMA LEFT) [D:1.0000; C:1.0000]
 60.0000: (MOVE ROOMA ROOMB) [D:1.0000; C:1.0000]
 61.0000: (DROP BALL16 ROOMB LEFT) [D:1.0000; C:1.0000]
 62.0000: (MOVE ROOMB ROOMA) [D:1.0000; C:1.0000]
 63.0000: (PICK BALL15 ROOMA LEFT) [D:1.0000; C:1.0000]
 64.0000: (MOVE ROOMA ROOMB) [D:1.0000; C:1.0000]
 65.0000: (DROP BALL15 ROOMB LEFT) [D:1.0000; C:1.0000]
 66.0000: (MOVE ROOMB ROOMA) [D:1.0000; C:1.0000]
 67.0000: (PICK BALL1 ROOMA LEFT) [D:1.0000; C:1.0000]
 67.0000: (PICK BALL3 ROOMA RIGHT) [D:1.0000; C:1.0000]
 68.0000: (MOVE ROOMA ROOMB) [D:1.0000; C:1.0000]
 69.0000: (DROP BALL3 ROOMB RIGHT) [D:1.0000; C:1.0000]
 70.0000: (MOVE ROOMB ROOMA) [D:1.0000; C:1.0000]
 71.0000: (PICK BALL4 ROOMA RIGHT) [D:1.0000; C:1.0000]
 72.0000: (MOVE ROOMA ROOMB) [D:1.0000; C:1.0000]
 73.0000: (DROP BALL4 ROOMB RIGHT) [D:1.0000; C:1.0000]
 74.0000: (MOVE ROOMB ROOMA) [D:1.0000; C:1.0000]
 75.0000: (PICK BALL5 ROOMA RIGHT) [D:1.0000; C:1.0000]
 76.0000: (MOVE ROOMA ROOMB) [D:1.0000; C:1.0000]
 77.0000: (DROP BALL5 ROOMB RIGHT) [D:1.0000; C:1.0000]
 78.0000: (MOVE ROOMB ROOMA) [D:1.0000; C:1.0000]
 79.0000: (PICK BALL6 ROOMA RIGHT) [D:1.0000; C:1.0000]
 80.0000: (MOVE ROOMA ROOMB) [D:1.0000; C:1.0000]
 81.0000: (DROP BALL6 ROOMB RIGHT) [D:1.0000; C:1.0000]
 82.0000: (MOVE ROOMB ROOMA) [D:1.0000; C:1.0000]
 83.0000: (PICK BALL7 ROOMA RIGHT) [D:1.0000; C:1.0000]
 84.0000: (MOVE ROOMA ROOMB) [D:1.0000; C:1.0000]
 85.0000: (DROP BALL7 ROOMB RIGHT) [D:1.0000; C:1.0000]
 86.0000: (MOVE ROOMB ROOMA) [D:1.0000; C:1.0000]
 87.0000: (PICK BALL8 ROOMA RIGHT) [D:1.0000; C:1.0000]
 88.0000: (MOVE ROOMA ROOMB) [D:1.0000; C:1.0000]
 89.0000: (DROP BALL8 ROOMB RIGHT) [D:1.0000; C:1.0000]
 90.0000: (MOVE ROOMB ROOMA) [D:1.0000; C:1.0000]
 91.0000: (PICK BALL9 ROOMA RIGHT) [D:1.0000; C:1.0000]
 92.0000: (MOVE ROOMA ROOMB) [D:1.0000; C:1.0000]
 93.0000: (DROP BALL9 ROOMB RIGHT) [D:1.0000; C:1.0000]
 94.0000: (MOVE ROOMB ROOMA) [D:1.0000; C:1.0000]
 95.0000: (PICK BALL10 ROOMA RIGHT) [D:1.0000; C:1.0000]
 96.0000: (MOVE ROOMA ROOMB) [D:1.0000; C:1.0000]
 97.0000: (DROP BALL10 ROOMB RIGHT) [D:1.0000; C:1.0000]
 98.0000: (MOVE ROOMB ROOMA) [D:1.0000; C:1.0000]
 99.0000: (MOVE ROOMA ROOMB) [D:1.0000; C:1.0000]
 100.0000: (DROP BALL1 ROOMB LEFT) [D:1.0000; C:1.0000]
 101.0000: (MOVE ROOMB ROOMA) [D:1.0000; C:1.0000]
 102.0000: (PICK BALL2 ROOMA LEFT) [D:1.0000; C:1.0000]
 102.0000: (PICK BALL11 ROOMA RIGHT) [D:1.0000; C:1.0000]
 103.0000: (MOVE ROOMA ROOMB) [D:1.0000; C:1.0000]
 104.0000: (DROP BALL11 ROOMB RIGHT) [D:1.0000; C:1.0000]
 105.0000: (MOVE ROOMB ROOMA) [D:1.0000; C:1.0000]
 106.0000: (PICK BALL12 ROOMA RIGHT) [D:1.0000; C:1.0000]
 107.0000: (MOVE ROOMA ROOMB) [D:1.0000; C:1.0000]
 108.0000: (DROP BALL12 ROOMB RIGHT) [D:1.0000; C:1.0000]
 109.0000: (MOVE ROOMB ROOMA) [D:1.0000; C:1.0000]
 110.0000: (PICK BALL13 ROOMA RIGHT) [D:1.0000; C:1.0000]
 111.0000: (MOVE ROOMA ROOMB) [D:1.0000; C:1.0000]
 112.0000: (DROP BALL13 ROOMB RIGHT) [D:1.0000; C:1.0000]
 112.0000: (DROP BALL2 ROOMB LEFT) [D:1.0000; C:1.0000]


Solution found:
Total time:      0.04
Search time:     0.03
Actions:         117
Execution cost:  117.00
Duration:        113.000
Plan quality:    117.000


Parsing domain file:  domain 'GRIPPER-STRIPS' defined ... done.
Parsing problem file:  problem 'GRIPPER-32' defined ... done.



Modality: Fast Planner

Number of actions             :     260
Number of conditional actions :       0
Number of facts               :     132


Analyzing Planning Problem:
	Temporal Planning Problem: NO
	Numeric Planning Problem: NO
	Problem with Timed Initial Litearals: NO
	Problem with Derived Predicates: NO

Evaluation function weights:
     Action duration 0.00; Action cost 1.00


Computing mutex... done

Preprocessing total time: 0.00 seconds

Searching ('.' = every 50 search steps):
.... solution found: 

Plan computed:
   Time: (ACTION) [action Duration; action Cost]
 0.0000: (PICK BALL1 ROOMA RIGHT) [D:1.0000; C:1.0000]
 0.0000: (PICK BALL31 ROOMA LEFT) [D:1.0000; C:1.0000]
 1.0000: (MOVE ROOMA ROOMB) [D:1.0000; C:1.0000]
 2.0000: (DROP BALL31 ROOMB LEFT) [D:1.0000; C:1.0000]
 3.0000: (MOVE ROOMB ROOMA) [D:1.0000; C:1.0000]
 4.0000: (PICK BALL27 ROOMA LEFT) [D:1.0000; C:1.0000]
 5.0000: (MOVE ROOMA ROOMB) [D:1.0000; C:1.0000]
 6.0000: (DROP BALL27 ROOMB LEFT) [D:1.0000; C:1.0000]
 7.0000: (MOVE ROOMB ROOMA) [D:1.0000; C:1.0000]
 8.0000: (PICK BALL25 ROOMA LEFT) [D:1.0000; C:1.0000]
 9.0000: (MOVE ROOMA ROOMB) [D:1.0000; C:1.0000]
 10.0000: (DROP BALL25 ROOMB LEFT) [D:1.0000; C:1.0000]
 11.0000: (MOVE ROOMB ROOMA) [D:1.0000; C:1.0000]
 12.0000: (PICK BALL24 ROOMA LEFT) [D:1.0000; C:1.0000]
 13.0000: (MOVE ROOMA ROOMB) [D:1.0000; C:1.0000]
 14.0000: (DROP BALL24 ROOMB LEFT) [D:1.0000; C:1.0000]
 15.0000: (MOVE ROOMB ROOMA) [D:1.0000; C:1.0000]
 16.0000: (PICK BALL23 ROOMA LEFT) [D:1.0000; C:1.0000]
 17.0000: (MOVE ROOMA ROOMB) [D:1.0000; C:1.0000]
 18.0000: (DROP BALL23 ROOMB LEFT) [D:1.0000; C:1.0000]
 19.0000: (MOVE ROOMB ROOMA) [D:1.0000; C:1.0000]
 20.0000: (PICK BALL20 ROOMA LEFT) [D:1.0000; C:1.0000]
 21.0000: (MOVE ROOMA ROOMB) [D:1.0000; C:1.0000]
 22.0000: (DROP BALL20 ROOMB LEFT) [D:1.0000; C:1.0000]
 23.0000: (MOVE ROOMB ROOMA) [D:1.0000; C:1.0000]
 24.0000: (PICK BALL18 ROOMA LEFT) [D:1.0000; C:1.0000]
 25.0000: (MOVE ROOMA ROOMB) [D:1.0000; C:1.0000]
 26.0000: (DROP BALL18 ROOMB LEFT) [D:1.0000; C:1.0000]
 27.0000: (MOVE ROOMB ROOMA) [D:1.0000; C:1.0000]
 28.0000: (PICK BALL15 ROOMA LEFT) [D:1.0000; C:1.0000]
 29.0000: (MOVE ROOMA ROOMB) [D:1.0000; C:1.0000]
 30.0000: (DROP BALL15 ROOMB LEFT) [D:1.0000; C:1.0000]
 31.0000: (MOVE ROOMB ROOMA) [D:1.0000; C:1.0000]
 32.0000: (PICK BALL12 ROOMA LEFT) [D:1.0000; C:1.0000]
 33.0000: (MOVE ROOMA ROOMB) [D:1.0000; C:1.0000]
 34.0000: (DROP BALL12 ROOMB LEFT) [D:1.0000; C:1.0000]
 35.0000: (MOVE ROOMB ROOMA) [D:1.0000; C:1.0000]
 36.0000: (PICK BALL11 ROOMA LEFT) [D:1.0000; C:1.0000]
 37.0000: (MOVE ROOMA ROOMB) [D:1.0000; C:1.0000]
 38.0000: (DROP BALL11 ROOMB LEFT) [D:1.0000; C:1.0000]
 39.0000: (MOVE ROOMB ROOMA) [D:1.0000; C:1.0000]
 40.0000: (PICK BALL10 ROOMA LEFT) [D:1.0000; C:1.0000]
 41.0000: (MOVE ROOMA ROOMB) [D:1.0000; C:1.0000]
 42.0000: (DROP BALL10 ROOMB LEFT) [D:1.0000; C:1.0000]
 43.0000: (MOVE ROOMB ROOMA) [D:1.0000; C:1.0000]
 44.0000: (MOVE ROOMA ROOMB) [D:1.0000; C:1.0000]
 45.0000: (DROP BALL1 ROOMB RIGHT) [D:1.0000; C:1.0000]
 46.0000: (MOVE ROOMB ROOMA) [D:1.0000; C:1.0000]
 47.0000: (PICK BALL32 ROOMA RIGHT) [D:1.0000; C:1.0000]
 48.0000: (MOVE ROOMA ROOMB) [D:1.0000; C:1.0000]
 49.0000: (DROP BALL32 ROOMB RIGHT) [D:1.0000; C:1.0000]
 50.0000: (MOVE ROOMB ROOMA) [D:1.0000; C:1.0000]
 51.0000: (PICK BALL30 ROOMA RIGHT) [D:1.0000; C:1.0000]
 52.0000: (MOVE ROOMA ROOMB) [D:1.0000; C:1.0000]
 53.0000: (DROP BALL30 ROOMB RIGHT) [D:1.0000; C:1.0000]
 54.0000: (MOVE ROOMB ROOMA) [D:1.0000; C:1.0000]
 55.0000: (PICK BALL29 ROOMA RIGHT) [D:1.0000; C:1.0000]
 56.0000: (MOVE ROOMA ROOMB) [D:1.0000; C:1.0000]
 57.0000: (DROP BALL29 ROOMB RIGHT) [D:1.0000; C:1.0000]
 58.0000: (MOVE ROOMB ROOMA) [D:1.0000; C:1.0000]
 59.0000: (PICK BALL28 ROOMA RIGHT) [D:1.0000; C:1.0000]
 60.0000: (MOVE ROOMA ROOMB) [D:1.0000; C:1.0000]
 61.0000: (DROP BALL28 ROOMB RIGHT) [D:1.0000; C:1.0000]
 62.0000: (MOVE ROOMB ROOMA) [D:1.0000; C:1.0000]
 63.0000: (PICK BALL26 ROOMA RIGHT) [D:1.0000; C:1.0000]
 64.0000: (MOVE ROOMA ROOMB) [D:1.0000; C:1.0000]
 65.0000: (DROP BALL26 ROOMB RIGHT) [D:1.0000; C:1.0000]
 66.0000: (MOVE ROOMB ROOMA) [D:1.0000; C:1.0000]
 67.0000: (PICK BALL22 ROOMA RIGHT) [D:1.0000; C:1.0000]
 68.0000: (MOVE ROOMA ROOMB) [D:1.0000; C:1.0000]
 69.0000: (DROP BALL22 ROOMB RIGHT) [D:1.0000; C:1.0000]
 70.0000: (MOVE ROOMB ROOMA) [D:1.0000; C:1.0000]
 71.0000: (PICK BALL21 ROOMA RIGHT) [D:1.0000; C:1.0000]
 72.0000: (MOVE ROOMA ROOMB) [D:1.0000; C:1.0000]
 73.0000: (DROP BALL21 ROOMB RIGHT) [D:1.0000; C:1.0000]
 74.0000: (MOVE ROOMB ROOMA) [D:1.0000; C:1.0000]
 75.0000: (PICK BALL19 ROOMA RIGHT) [D:1.0000; C:1.0000]
 76.0000: (MOVE ROOMA ROOMB) [D:1.0000; C:1.0000]
 77.0000: (DROP BALL19 ROOMB RIGHT) [D:1.0000; C:1.0000]
 78.0000: (MOVE ROOMB ROOMA) [D:1.0000; C:1.0000]
 79.0000: (PICK BALL16 ROOMA RIGHT) [D:1.0000; C:1.0000]
 80.0000: (MOVE ROOMA ROOMB) [D:1.0000; C:1.0000]
 81.0000: (DROP BALL16 ROOMB RIGHT) [D:1.0000; C:1.0000]
 82.0000: (MOVE ROOMB ROOMA) [D:1.0000; C:1.0000]
 83.0000: (PICK BALL14 ROOMA RIGHT) [D:1.0000; C:1.0000]
 84.0000: (MOVE ROOMA ROOMB) [D:1.0000; C:1.0000]
 85.0000: (DROP BALL14 ROOMB RIGHT) [D:1.0000; C:1.0000]
 86.0000: (MOVE ROOMB ROOMA) [D:1.0000; C:1.0000]
 87.0000: (PICK BALL13 ROOMA RIGHT) [D:1.0000; C:1.0000]
 88.0000: (MOVE ROOMA ROOMB) [D:1.0000; C:1.0000]
 89.0000: (DROP BALL13 ROOMB RIGHT) [D:1.0000; C:1.0000]
 90.0000: (MOVE ROOMB ROOMA) [D:1.0000; C:1.0000]
 91.0000: (PICK BALL2 ROOMA RIGHT) [D:1.0000; C:1.0000]
 91.0000: (PICK BALL3 ROOMA LEFT) [D:1.0000; C:1.0000]
 92.0000: (MOVE ROOMA ROOMB) [D:1.0000; C:1.0000]
 93.0000: (DROP BALL3 ROOMB LEFT) [D:1.0000; C:1.0000]
 94.0000: (MOVE ROOMB ROOMA) [D:1.0000; C:1.0000]
 95.0000: (PICK BALL4 ROOMA LEFT) [D:1.0000; C:1.0000]
 96.0000: (MOVE ROOMA ROOMB) [D:1.0000; C:1.0000]
 97.0000: (DROP BALL4 ROOMB LEFT) [D:1.0000; C:1.0000]
 98.0000: (MOVE ROOMB ROOMA) [D:1.0000; C:1.0000]
 99.0000: (PICK BALL5 ROOMA LEFT) [D:1.0000; C:1.0000]
 100.0000: (MOVE ROOMA ROOMB) [D:1.0000; C:1.0000]
 101.0000: (DROP BALL5 ROOMB LEFT) [D:1.0000; C:1.0000]
 102.0000: (MOVE ROOMB ROOMA) [D:1.0000; C:1.0000]
 103.0000: (PICK BALL6 ROOMA LEFT) [D:1.0000; C:1.0000]
 104.0000: (MOVE ROOMA ROOMB) [D:1.0000; C:1.0000]
 105.0000: (DROP BALL6 ROOMB LEFT) [D:1.0000; C:1.0000]
 106.0000: (MOVE ROOMB ROOMA) [D:1.0000; C:1.0000]
 107.0000: (PICK BALL7 ROOMA LEFT) [D:1.0000; C:1.0000]
 108.0000: (MOVE ROOMA ROOMB) [D:1.0000; C:1.0000]
 109.0000: (DROP BALL7 ROOMB LEFT) [D:1.0000; C:1.0000]
 110.0000: (MOVE ROOMB ROOMA) [D:1.0000; C:1.0000]
 111.0000: (PICK BALL8 ROOMA LEFT) [D:1.0000; C:1.0000]
 112.0000: (MOVE ROOMA ROOMB) [D:1.0000; C:1.0000]
 113.0000: (DROP BALL8 ROOMB LEFT) [D:1.0000; C:1.0000]
 114.0000: (MOVE ROOMB ROOMA) [D:1.0000; C:1.0000]
 115.0000: (PICK BALL17 ROOMA LEFT) [D:1.0000; C:1.0000]
 116.0000: (MOVE ROOMA ROOMB) [D:1.0000; C:1.0000]
 117.0000: (DROP BALL17 ROOMB LEFT) [D:1.0000; C:1.0000]
 118.0000: (MOVE ROOMB ROOMA) [D:1.0000; C:1.0000]
 119.0000: (PICK BALL9 ROOMA LEFT) [D:1.0000; C:1.0000]
 120.0000: (MOVE ROOMA ROOMB) [D:1.0000; C:1.0000]
 121.0000: (DROP BALL9 ROOMB LEFT) [D:1.0000; C:1.0000]
 121.0000: (DROP BALL2 ROOMB RIGHT) [D:1.0000; C:1.0000]


Solution found:
Total time:      0.05
Search time:     0.05
Actions:         125
Execution cost:  125.00
Duration:        122.000
Plan quality:    125.000


Parsing domain file:  domain 'GRIPPER-STRIPS' defined ... done.
Parsing problem file:  problem 'GRIPPER-34' defined ... done.



Modality: Fast Planner

Number of actions             :     276
Number of conditional actions :       0
Number of facts               :     140


Analyzing Planning Problem:
	Temporal Planning Problem: NO
	Numeric Planning Problem: NO
	Problem with Timed Initial Litearals: NO
	Problem with Derived Predicates: NO

Evaluation function weights:
     Action duration 0.00; Action cost 1.00


Computing mutex... done

Preprocessing total time: 0.01 seconds

Searching ('.' = every 50 search steps):
.... solution found: 

Plan computed:
   Time: (ACTION) [action Duration; action Cost]
 0.0000: (PICK BALL1 ROOMA RIGHT) [D:1.0000; C:1.0000]
 0.0000: (PICK BALL33 ROOMA LEFT) [D:1.0000; C:1.0000]
 1.0000: (MOVE ROOMA ROOMB) [D:1.0000; C:1.0000]
 2.0000: (DROP BALL33 ROOMB LEFT) [D:1.0000; C:1.0000]
 3.0000: (MOVE ROOMB ROOMA) [D:1.0000; C:1.0000]
 4.0000: (PICK BALL32 ROOMA LEFT) [D:1.0000; C:1.0000]
 5.0000: (MOVE ROOMA ROOMB) [D:1.0000; C:1.0000]
 6.0000: (DROP BALL32 ROOMB LEFT) [D:1.0000; C:1.0000]
 7.0000: (MOVE ROOMB ROOMA) [D:1.0000; C:1.0000]
 8.0000: (PICK BALL31 ROOMA LEFT) [D:1.0000; C:1.0000]
 9.0000: (MOVE ROOMA ROOMB) [D:1.0000; C:1.0000]
 10.0000: (DROP BALL31 ROOMB LEFT) [D:1.0000; C:1.0000]
 11.0000: (MOVE ROOMB ROOMA) [D:1.0000; C:1.0000]
 12.0000: (PICK BALL26 ROOMA LEFT) [D:1.0000; C:1.0000]
 13.0000: (MOVE ROOMA ROOMB) [D:1.0000; C:1.0000]
 14.0000: (DROP BALL26 ROOMB LEFT) [D:1.0000; C:1.0000]
 15.0000: (MOVE ROOMB ROOMA) [D:1.0000; C:1.0000]
 16.0000: (PICK BALL24 ROOMA LEFT) [D:1.0000; C:1.0000]
 17.0000: (MOVE ROOMA ROOMB) [D:1.0000; C:1.0000]
 18.0000: (DROP BALL24 ROOMB LEFT) [D:1.0000; C:1.0000]
 19.0000: (MOVE ROOMB ROOMA) [D:1.0000; C:1.0000]
 20.0000: (PICK BALL3 ROOMA LEFT) [D:1.0000; C:1.0000]
 21.0000: (MOVE ROOMA ROOMB) [D:1.0000; C:1.0000]
 22.0000: (DROP BALL3 ROOMB LEFT) [D:1.0000; C:1.0000]
 23.0000: (MOVE ROOMB ROOMA) [D:1.0000; C:1.0000]
 24.0000: (MOVE ROOMA ROOMB) [D:1.0000; C:1.0000]
 25.0000: (DROP BALL1 ROOMB RIGHT) [D:1.0000; C:1.0000]
 26.0000: (MOVE ROOMB ROOMA) [D:1.0000; C:1.0000]
 27.0000: (PICK BALL34 ROOMA RIGHT) [D:1.0000; C:1.0000]
 28.0000: (MOVE ROOMA ROOMB) [D:1.0000; C:1.0000]
 29.0000: (DROP BALL34 ROOMB RIGHT) [D:1.0000; C:1.0000]
 30.0000: (MOVE ROOMB ROOMA) [D:1.0000; C:1.0000]
 31.0000: (PICK BALL30 ROOMA RIGHT) [D:1.0000; C:1.0000]
 32.0000: (MOVE ROOMA ROOMB) [D:1.0000; C:1.0000]
 33.0000: (DROP BALL30 ROOMB RIGHT) [D:1.0000; C:1.0000]
 34.0000: (MOVE ROOMB ROOMA) [D:1.0000; C:1.0000]
 35.0000: (PICK BALL29 ROOMA RIGHT) [D:1.0000; C:1.0000]
 36.0000: (MOVE ROOMA ROOMB) [D:1.0000; C:1.0000]
 37.0000: (DROP BALL29 ROOMB RIGHT) [D:1.0000; C:1.0000]
 38.0000: (MOVE ROOMB ROOMA) [D:1.0000; C:1.0000]
 39.0000: (PICK BALL28 ROOMA RIGHT) [D:1.0000; C:1.0000]
 40.0000: (MOVE ROOMA ROOMB) [D:1.0000; C:1.0000]
 41.0000: (DROP BALL28 ROOMB RIGHT) [D:1.0000; C:1.0000]
 42.0000: (MOVE ROOMB ROOMA) [D:1.0000; C:1.0000]
 43.0000: (PICK BALL27 ROOMA RIGHT) [D:1.0000; C:1.0000]
 44.0000: (MOVE ROOMA ROOMB) [D:1.0000; C:1.0000]
 45.0000: (DROP BALL27 ROOMB RIGHT) [D:1.0000; C:1.0000]
 46.0000: (MOVE ROOMB ROOMA) [D:1.0000; C:1.0000]
 47.0000: (PICK BALL25 ROOMA RIGHT) [D:1.0000; C:1.0000]
 48.0000: (MOVE ROOMA ROOMB) [D:1.0000; C:1.0000]
 49.0000: (DROP BALL25 ROOMB RIGHT) [D:1.0000; C:1.0000]
 50.0000: (MOVE ROOMB ROOMA) [D:1.0000; C:1.0000]
 51.0000: (PICK BALL23 ROOMA RIGHT) [D:1.0000; C:1.0000]
 52.0000: (MOVE ROOMA ROOMB) [D:1.0000; C:1.0000]
 53.0000: (DROP BALL23 ROOMB RIGHT) [D:1.0000; C:1.0000]
 54.0000: (MOVE ROOMB ROOMA) [D:1.0000; C:1.0000]
 55.0000: (PICK BALL22 ROOMA RIGHT) [D:1.0000; C:1.0000]
 56.0000: (MOVE ROOMA ROOMB) [D:1.0000; C:1.0000]
 57.0000: (DROP BALL22 ROOMB RIGHT) [D:1.0000; C:1.0000]
 58.0000: (MOVE ROOMB ROOMA) [D:1.0000; C:1.0000]
 59.0000: (PICK BALL7 ROOMA RIGHT) [D:1.0000; C:1.0000]
 60.0000: (MOVE ROOMA ROOMB) [D:1.0000; C:1.0000]
 61.0000: (DROP BALL7 ROOMB RIGHT) [D:1.0000; C:1.0000]
 62.0000: (MOVE ROOMB ROOMA) [D:1.0000; C:1.0000]
 63.0000: (PICK BALL2 ROOMA RIGHT) [D:1.0000; C:1.0000]
 63.0000: (PICK BALL4 ROOMA LEFT) [D:1.0000; C:1.0000]
 64.0000: (MOVE ROOMA ROOMB) [D:1.0000; C:1.0000]
 65.0000: (DROP BALL4 ROOMB LEFT) [D:1.0000; C:1.0000]
 66.0000: (MOVE ROOMB ROOMA) [D:1.0000; C:1.0000]
 67.0000: (PICK BALL5 ROOMA LEFT) [D:1.0000; C:1.0000]
 68.0000: (MOVE ROOMA ROOMB) [D:1.0000; C:1.0000]
 69.0000: (DROP BALL5 ROOMB LEFT) [D:1.0000; C:1.0000]
 70.0000: (MOVE ROOMB ROOMA) [D:1.0000; C:1.0000]
 71.0000: (PICK BALL6 ROOMA LEFT) [D:1.0000; C:1.0000]
 72.0000: (MOVE ROOMA ROOMB) [D:1.0000; C:1.0000]
 73.0000: (DROP BALL6 ROOMB LEFT) [D:1.0000; C:1.0000]
 74.0000: (MOVE ROOMB ROOMA) [D:1.0000; C:1.0000]
 75.0000: (PICK BALL8 ROOMA LEFT) [D:1.0000; C:1.0000]
 76.0000: (MOVE ROOMA ROOMB) [D:1.0000; C:1.0000]
 77.0000: (DROP BALL8 ROOMB LEFT) [D:1.0000; C:1.0000]
 78.0000: (MOVE ROOMB ROOMA) [D:1.0000; C:1.0000]
 79.0000: (PICK BALL9 ROOMA LEFT) [D:1.0000; C:1.0000]
 80.0000: (MOVE ROOMA ROOMB) [D:1.0000; C:1.0000]
 81.0000: (DROP BALL9 ROOMB LEFT) [D:1.0000; C:1.0000]
 82.0000: (MOVE ROOMB ROOMA) [D:1.0000; C:1.0000]
 83.0000: (PICK BALL10 ROOMA LEFT) [D:1.0000; C:1.0000]
 84.0000: (MOVE ROOMA ROOMB) [D:1.0000; C:1.0000]
 85.0000: (DROP BALL10 ROOMB LEFT) [D:1.0000; C:1.0000]
 86.0000: (MOVE ROOMB ROOMA) [D:1.0000; C:1.0000]
 87.0000: (PICK BALL11 ROOMA LEFT) [D:1.0000; C:1.0000]
 88.0000: (MOVE ROOMA ROOMB) [D:1.0000; C:1.0000]
 89.0000: (DROP BALL11 ROOMB LEFT) [D:1.0000; C:1.0000]
 90.0000: (MOVE ROOMB ROOMA) [D:1.0000; C:1.0000]
 91.0000: (PICK BALL12 ROOMA LEFT) [D:1.0000; C:1.0000]
 92.0000: (MOVE ROOMA ROOMB) [D:1.0000; C:1.0000]
 93.0000: (DROP BALL12 ROOMB LEFT) [D:1.0000; C:1.0000]
 94.0000: (MOVE ROOMB ROOMA) [D:1.0000; C:1.0000]
 95.0000: (PICK BALL13 ROOMA LEFT) [D:1.0000; C:1.0000]
 96.0000: (MOVE ROOMA ROOMB) [D:1.0000; C:1.0000]
 97.0000: (DROP BALL13 ROOMB LEFT) [D:1.0000; C:1.0000]
 98.0000: (MOVE ROOMB ROOMA) [D:1.0000; C:1.0000]
 99.0000: (PICK BALL14 ROOMA LEFT) [D:1.0000; C:1.0000]
 100.0000: (MOVE ROOMA ROOMB) [D:1.0000; C:1.0000]
 101.0000: (DROP BALL14 ROOMB LEFT) [D:1.0000; C:1.0000]
 102.0000: (MOVE ROOMB ROOMA) [D:1.0000; C:1.0000]
 103.0000: (PICK BALL15 ROOMA LEFT) [D:1.0000; C:1.0000]
 104.0000: (MOVE ROOMA ROOMB) [D:1.0000; C:1.0000]
 105.0000: (DROP BALL15 ROOMB LEFT) [D:1.0000; C:1.0000]
 106.0000: (MOVE ROOMB ROOMA) [D:1.0000; C:1.0000]
 107.0000: (PICK BALL16 ROOMA LEFT) [D:1.0000; C:1.0000]
 108.0000: (MOVE ROOMA ROOMB) [D:1.0000; C:1.0000]
 109.0000: (DROP BALL16 ROOMB LEFT) [D:1.0000; C:1.0000]
 110.0000: (MOVE ROOMB ROOMA) [D:1.0000; C:1.0000]
 111.0000: (PICK BALL17 ROOMA LEFT) [D:1.0000; C:1.0000]
 112.0000: (MOVE ROOMA ROOMB) [D:1.0000; C:1.0000]
 113.0000: (DROP BALL17 ROOMB LEFT) [D:1.0000; C:1.0000]
 114.0000: (MOVE ROOMB ROOMA) [D:1.0000; C:1.0000]
 115.0000: (PICK BALL18 ROOMA LEFT) [D:1.0000; C:1.0000]
 116.0000: (MOVE ROOMA ROOMB) [D:1.0000; C:1.0000]
 117.0000: (DROP BALL18 ROOMB LEFT) [D:1.0000; C:1.0000]
 118.0000: (MOVE ROOMB ROOMA) [D:1.0000; C:1.0000]
 119.0000: (PICK BALL19 ROOMA LEFT) [D:1.0000; C:1.0000]
 120.0000: (MOVE ROOMA ROOMB) [D:1.0000; C:1.0000]
 121.0000: (DROP BALL19 ROOMB LEFT) [D:1.0000; C:1.0000]
 122.0000: (MOVE ROOMB ROOMA) [D:1.0000; C:1.0000]
 123.0000: (PICK BALL20 ROOMA LEFT) [D:1.0000; C:1.0000]
 124.0000: (MOVE ROOMA ROOMB) [D:1.0000; C:1.0000]
 125.0000: (DROP BALL20 ROOMB LEFT) [D:1.0000; C:1.0000]
 126.0000: (MOVE ROOMB ROOMA) [D:1.0000; C:1.0000]
 127.0000: (PICK BALL21 ROOMA LEFT) [D:1.0000; C:1.0000]
 128.0000: (MOVE ROOMA ROOMB) [D:1.0000; C:1.0000]
 129.0000: (DROP BALL21 ROOMB LEFT) [D:1.0000; C:1.0000]
 129.0000: (DROP BALL2 ROOMB RIGHT) [D:1.0000; C:1.0000]


Solution found:
Total time:      0.05
Search time:     0.04
Actions:         133
Execution cost:  133.00
Duration:        130.000
Plan quality:    133.000


Parsing domain file:  domain 'GRIPPER-STRIPS' defined ... done.
Parsing problem file:  problem 'GRIPPER-36' defined ... done.



Modality: Fast Planner

Number of actions             :     292
Number of conditional actions :       0
Number of facts               :     148


Analyzing Planning Problem:
	Temporal Planning Problem: NO
	Numeric Planning Problem: NO
	Problem with Timed Initial Litearals: NO
	Problem with Derived Predicates: NO

Evaluation function weights:
     Action duration 0.00; Action cost 1.00


Computing mutex... done

Preprocessing total time: 0.00 seconds

Searching ('.' = every 50 search steps):
.... solution found: 

Plan computed:
   Time: (ACTION) [action Duration; action Cost]
 0.0000: (PICK BALL1 ROOMA LEFT) [D:1.0000; C:1.0000]
 0.0000: (PICK BALL35 ROOMA RIGHT) [D:1.0000; C:1.0000]
 1.0000: (MOVE ROOMA ROOMB) [D:1.0000; C:1.0000]
 2.0000: (DROP BALL35 ROOMB RIGHT) [D:1.0000; C:1.0000]
 3.0000: (MOVE ROOMB ROOMA) [D:1.0000; C:1.0000]
 4.0000: (PICK BALL34 ROOMA RIGHT) [D:1.0000; C:1.0000]
 5.0000: (MOVE ROOMA ROOMB) [D:1.0000; C:1.0000]
 6.0000: (DROP BALL34 ROOMB RIGHT) [D:1.0000; C:1.0000]
 7.0000: (MOVE ROOMB ROOMA) [D:1.0000; C:1.0000]
 8.0000: (PICK BALL31 ROOMA RIGHT) [D:1.0000; C:1.0000]
 9.0000: (MOVE ROOMA ROOMB) [D:1.0000; C:1.0000]
 10.0000: (DROP BALL31 ROOMB RIGHT) [D:1.0000; C:1.0000]
 11.0000: (MOVE ROOMB ROOMA) [D:1.0000; C:1.0000]
 12.0000: (PICK BALL30 ROOMA RIGHT) [D:1.0000; C:1.0000]
 13.0000: (MOVE ROOMA ROOMB) [D:1.0000; C:1.0000]
 14.0000: (DROP BALL30 ROOMB RIGHT) [D:1.0000; C:1.0000]
 15.0000: (MOVE ROOMB ROOMA) [D:1.0000; C:1.0000]
 16.0000: (PICK BALL27 ROOMA RIGHT) [D:1.0000; C:1.0000]
 17.0000: (MOVE ROOMA ROOMB) [D:1.0000; C:1.0000]
 18.0000: (DROP BALL27 ROOMB RIGHT) [D:1.0000; C:1.0000]
 19.0000: (MOVE ROOMB ROOMA) [D:1.0000; C:1.0000]
 20.0000: (PICK BALL25 ROOMA RIGHT) [D:1.0000; C:1.0000]
 21.0000: (MOVE ROOMA ROOMB) [D:1.0000; C:1.0000]
 22.0000: (DROP BALL25 ROOMB RIGHT) [D:1.0000; C:1.0000]
 23.0000: (MOVE ROOMB ROOMA) [D:1.0000; C:1.0000]
 24.0000: (PICK BALL24 ROOMA RIGHT) [D:1.0000; C:1.0000]
 25.0000: (MOVE ROOMA ROOMB) [D:1.0000; C:1.0000]
 26.0000: (DROP BALL24 ROOMB RIGHT) [D:1.0000; C:1.0000]
 27.0000: (MOVE ROOMB ROOMA) [D:1.0000; C:1.0000]
 28.0000: (PICK BALL3 ROOMA RIGHT) [D:1.0000; C:1.0000]
 29.0000: (MOVE ROOMA ROOMB) [D:1.0000; C:1.0000]
 30.0000: (DROP BALL3 ROOMB RIGHT) [D:1.0000; C:1.0000]
 31.0000: (MOVE ROOMB ROOMA) [D:1.0000; C:1.0000]
 32.0000: (MOVE ROOMA ROOMB) [D:1.0000; C:1.0000]
 33.0000: (DROP BALL1 ROOMB LEFT) [D:1.0000; C:1.0000]
 34.0000: (MOVE ROOMB ROOMA) [D:1.0000; C:1.0000]
 35.0000: (PICK BALL36 ROOMA LEFT) [D:1.0000; C:1.0000]
 36.0000: (MOVE ROOMA ROOMB) [D:1.0000; C:1.0000]
 37.0000: (DROP BALL36 ROOMB LEFT) [D:1.0000; C:1.0000]
 38.0000: (MOVE ROOMB ROOMA) [D:1.0000; C:1.0000]
 39.0000: (PICK BALL33 ROOMA LEFT) [D:1.0000; C:1.0000]
 40.0000: (MOVE ROOMA ROOMB) [D:1.0000; C:1.0000]
 41.0000: (DROP BALL33 ROOMB LEFT) [D:1.0000; C:1.0000]
 42.0000: (MOVE ROOMB ROOMA) [D:1.0000; C:1.0000]
 43.0000: (PICK BALL32 ROOMA LEFT) [D:1.0000; C:1.0000]
 44.0000: (MOVE ROOMA ROOMB) [D:1.0000; C:1.0000]
 45.0000: (DROP BALL32 ROOMB LEFT) [D:1.0000; C:1.0000]
 46.0000: (MOVE ROOMB ROOMA) [D:1.0000; C:1.0000]
 47.0000: (PICK BALL29 ROOMA LEFT) [D:1.0000; C:1.0000]
 48.0000: (MOVE ROOMA ROOMB) [D:1.0000; C:1.0000]
 49.0000: (DROP BALL29 ROOMB LEFT) [D:1.0000; C:1.0000]
 50.0000: (MOVE ROOMB ROOMA) [D:1.0000; C:1.0000]
 51.0000: (PICK BALL28 ROOMA LEFT) [D:1.0000; C:1.0000]
 52.0000: (MOVE ROOMA ROOMB) [D:1.0000; C:1.0000]
 53.0000: (DROP BALL28 ROOMB LEFT) [D:1.0000; C:1.0000]
 54.0000: (MOVE ROOMB ROOMA) [D:1.0000; C:1.0000]
 55.0000: (PICK BALL26 ROOMA LEFT) [D:1.0000; C:1.0000]
 56.0000: (MOVE ROOMA ROOMB) [D:1.0000; C:1.0000]
 57.0000: (DROP BALL26 ROOMB LEFT) [D:1.0000; C:1.0000]
 58.0000: (MOVE ROOMB ROOMA) [D:1.0000; C:1.0000]
 59.0000: (PICK BALL23 ROOMA LEFT) [D:1.0000; C:1.0000]
 60.0000: (MOVE ROOMA ROOMB) [D:1.0000; C:1.0000]
 61.0000: (DROP BALL23 ROOMB LEFT) [D:1.0000; C:1.0000]
 62.0000: (MOVE ROOMB ROOMA) [D:1.0000; C:1.0000]
 63.0000: (PICK BALL22 ROOMA LEFT) [D:1.0000; C:1.0000]
 64.0000: (MOVE ROOMA ROOMB) [D:1.0000; C:1.0000]
 65.0000: (DROP BALL22 ROOMB LEFT) [D:1.0000; C:1.0000]
 66.0000: (MOVE ROOMB ROOMA) [D:1.0000; C:1.0000]
 67.0000: (PICK BALL21 ROOMA LEFT) [D:1.0000; C:1.0000]
 68.0000: (MOVE ROOMA ROOMB) [D:1.0000; C:1.0000]
 69.0000: (DROP BALL21 ROOMB LEFT) [D:1.0000; C:1.0000]
 70.0000: (MOVE ROOMB ROOMA) [D:1.0000; C:1.0000]
 71.0000: (PICK BALL20 ROOMA LEFT) [D:1.0000; C:1.0000]
 72.0000: (MOVE ROOMA ROOMB) [D:1.0000; C:1.0000]
 73.0000: (DROP BALL20 ROOMB LEFT) [D:1.0000; C:1.0000]
 74.0000: (MOVE ROOMB ROOMA) [D:1.0000; C:1.0000]
 75.0000: (PICK BALL19 ROOMA LEFT) [D:1.0000; C:1.0000]
 76.0000: (MOVE ROOMA ROOMB) [D:1.0000; C:1.0000]
 77.0000: (DROP BALL19 ROOMB LEFT) [D:1.0000; C:1.0000]
 78.0000: (MOVE ROOMB ROOMA) [D:1.0000; C:1.0000]
 79.0000: (PICK BALL2 ROOMA LEFT) [D:1.0000; C:1.0000]
 79.0000: (PICK BALL4 ROOMA RIGHT) [D:1.0000; C:1.0000]
 80.0000: (MOVE ROOMA ROOMB) [D:1.0000; C:1.0000]
 81.0000: (DROP BALL4 ROOMB RIGHT) [D:1.0000; C:1.0000]
 82.0000: (MOVE ROOMB ROOMA) [D:1.0000; C:1.0000]
 83.0000: (PICK BALL5 ROOMA RIGHT) [D:1.0000; C:1.0000]
 84.0000: (MOVE ROOMA ROOMB) [D:1.0000; C:1.0000]
 85.0000: (DROP BALL5 ROOMB RIGHT) [D:1.0000; C:1.0000]
 86.0000: (MOVE ROOMB ROOMA) [D:1.0000; C:1.0000]
 87.0000: (PICK BALL6 ROOMA RIGHT) [D:1.0000; C:1.0000]
 88.0000: (MOVE ROOMA ROOMB) [D:1.0000; C:1.0000]
 89.0000: (DROP BALL6 ROOMB RIGHT) [D:1.0000; C:1.0000]
 90.0000: (MOVE ROOMB ROOMA) [D:1.0000; C:1.0000]
 91.0000: (PICK BALL7 ROOMA RIGHT) [D:1.0000; C:1.0000]
 92.0000: (MOVE ROOMA ROOMB) [D:1.0000; C:1.0000]
 93.0000: (DROP BALL7 ROOMB RIGHT) [D:1.0000; C:1.0000]
 94.0000: (MOVE ROOMB ROOMA) [D:1.0000; C:1.0000]
 95.0000: (PICK BALL8 ROOMA RIGHT) [D:1.0000; C:1.0000]
 96.0000: (MOVE ROOMA ROOMB) [D:1.0000; C:1.0000]
 97.0000: (DROP BALL8 ROOMB RIGHT) [D:1.0000; C:1.0000]
 98.0000: (MOVE ROOMB ROOMA) [D:1.0000; C:1.0000]
 99.0000: (PICK BALL9 ROOMA RIGHT) [D:1.0000; C:1.0000]
 100.0000: (MOVE ROOMA ROOMB) [D:1.0000; C:1.0000]
 101.0000: (DROP BALL9 ROOMB RIGHT) [D:1.0000; C:1.0000]
 102.0000: (MOVE ROOMB ROOMA) [D:1.0000; C:1.0000]
 103.0000: (PICK BALL10 ROOMA RIGHT) [D:1.0000; C:1.0000]
 104.0000: (MOVE ROOMA ROOMB) [D:1.0000; C:1.0000]
 105.0000: (DROP BALL10 ROOMB RIGHT) [D:1.0000; C:1.0000]
 106.0000: (MOVE ROOMB ROOMA) [D:1.0000; C:1.0000]
 107.0000: (PICK BALL11 ROOMA RIGHT) [D:1.0000; C:1.0000]
 108.0000: (MOVE ROOMA ROOMB) [D:1.0000; C:1.0000]
 109.0000: (DROP BALL11 ROOMB RIGHT) [D:1.0000; C:1.0000]
 110.0000: (MOVE ROOMB ROOMA) [D:1.0000; C:1.0000]
 111.0000: (PICK BALL12 ROOMA RIGHT) [D:1.0000; C:1.0000]
 112.0000: (MOVE ROOMA ROOMB) [D:1.0000; C:1.0000]
 113.0000: (DROP BALL12 ROOMB RIGHT) [D:1.0000; C:1.0000]
 114.0000: (MOVE ROOMB ROOMA) [D:1.0000; C:1.0000]
 115.0000: (PICK BALL13 ROOMA RIGHT) [D:1.0000; C:1.0000]
 116.0000: (MOVE ROOMA ROOMB) [D:1.0000; C:1.0000]
 117.0000: (DROP BALL13 ROOMB RIGHT) [D:1.0000; C:1.0000]
 118.0000: (MOVE ROOMB ROOMA) [D:1.0000; C:1.0000]
 119.0000: (PICK BALL14 ROOMA RIGHT) [D:1.0000; C:1.0000]
 120.0000: (MOVE ROOMA ROOMB) [D:1.0000; C:1.0000]
 121.0000: (DROP BALL14 ROOMB RIGHT) [D:1.0000; C:1.0000]
 122.0000: (MOVE ROOMB ROOMA) [D:1.0000; C:1.0000]
 123.0000: (PICK BALL15 ROOMA RIGHT) [D:1.0000; C:1.0000]
 124.0000: (MOVE ROOMA ROOMB) [D:1.0000; C:1.0000]
 125.0000: (DROP BALL15 ROOMB RIGHT) [D:1.0000; C:1.0000]
 126.0000: (MOVE ROOMB ROOMA) [D:1.0000; C:1.0000]
 127.0000: (PICK BALL16 ROOMA RIGHT) [D:1.0000; C:1.0000]
 128.0000: (MOVE ROOMA ROOMB) [D:1.0000; C:1.0000]
 129.0000: (DROP BALL16 ROOMB RIGHT) [D:1.0000; C:1.0000]
 130.0000: (MOVE ROOMB ROOMA) [D:1.0000; C:1.0000]
 131.0000: (PICK BALL17 ROOMA RIGHT) [D:1.0000; C:1.0000]
 132.0000: (MOVE ROOMA ROOMB) [D:1.0000; C:1.0000]
 133.0000: (DROP BALL17 ROOMB RIGHT) [D:1.0000; C:1.0000]
 134.0000: (MOVE ROOMB ROOMA) [D:1.0000; C:1.0000]
 135.0000: (PICK BALL18 ROOMA RIGHT) [D:1.0000; C:1.0000]
 136.0000: (MOVE ROOMA ROOMB) [D:1.0000; C:1.0000]
 137.0000: (DROP BALL18 ROOMB RIGHT) [D:1.0000; C:1.0000]
 137.0000: (DROP BALL2 ROOMB LEFT) [D:1.0000; C:1.0000]


Solution found:
Total time:      0.05
Search time:     0.05
Actions:         141
Execution cost:  141.00
Duration:        138.000
Plan quality:    141.000


Parsing domain file:  domain 'GRIPPER-STRIPS' defined ... done.
Parsing problem file:  problem 'GRIPPER-38' defined ... done.



Modality: Fast Planner

Number of actions             :     308
Number of conditional actions :       0
Number of facts               :     156


Analyzing Planning Problem:
	Temporal Planning Problem: NO
	Numeric Planning Problem: NO
	Problem with Timed Initial Litearals: NO
	Problem with Derived Predicates: NO

Evaluation function weights:
     Action duration 0.00; Action cost 1.00


Computing mutex... done

Preprocessing total time: 0.01 seconds

Searching ('.' = every 50 search steps):
..... solution found: 

Plan computed:
   Time: (ACTION) [action Duration; action Cost]
 0.0000: (PICK BALL1 ROOMA LEFT) [D:1.0000; C:1.0000]
 0.0000: (PICK BALL38 ROOMA RIGHT) [D:1.0000; C:1.0000]
 1.0000: (MOVE ROOMA ROOMB) [D:1.0000; C:1.0000]
 2.0000: (DROP BALL38 ROOMB RIGHT) [D:1.0000; C:1.0000]
 3.0000: (MOVE ROOMB ROOMA) [D:1.0000; C:1.0000]
 4.0000: (PICK BALL34 ROOMA RIGHT) [D:1.0000; C:1.0000]
 5.0000: (MOVE ROOMA ROOMB) [D:1.0000; C:1.0000]
 6.0000: (DROP BALL34 ROOMB RIGHT) [D:1.0000; C:1.0000]
 7.0000: (MOVE ROOMB ROOMA) [D:1.0000; C:1.0000]
 8.0000: (PICK BALL3 ROOMA RIGHT) [D:1.0000; C:1.0000]
 9.0000: (MOVE ROOMA ROOMB) [D:1.0000; C:1.0000]
 10.0000: (DROP BALL3 ROOMB RIGHT) [D:1.0000; C:1.0000]
 10.0000: (DROP BALL1 ROOMB LEFT) [D:1.0000; C:1.0000]
 11.0000: (MOVE ROOMB ROOMA) [D:1.0000; C:1.0000]
 12.0000: (PICK BALL11 ROOMA LEFT) [D:1.0000; C:1.0000]
 13.0000: (MOVE ROOMA ROOMB) [D:1.0000; C:1.0000]
 14.0000: (DROP BALL11 ROOMB LEFT) [D:1.0000; C:1.0000]
 15.0000: (MOVE ROOMB ROOMA) [D:1.0000; C:1.0000]
 16.0000: (PICK BALL14 ROOMA LEFT) [D:1.0000; C:1.0000]
 17.0000: (MOVE ROOMA ROOMB) [D:1.0000; C:1.0000]
 18.0000: (DROP BALL14 ROOMB LEFT) [D:1.0000; C:1.0000]
 19.0000: (MOVE ROOMB ROOMA) [D:1.0000; C:1.0000]
 20.0000: (PICK BALL4 ROOMA RIGHT) [D:1.0000; C:1.0000]
 20.0000: (PICK BALL37 ROOMA LEFT) [D:1.0000; C:1.0000]
 21.0000: (MOVE ROOMA ROOMB) [D:1.0000; C:1.0000]
 22.0000: (DROP BALL37 ROOMB LEFT) [D:1.0000; C:1.0000]
 23.0000: (MOVE ROOMB ROOMA) [D:1.0000; C:1.0000]
 24.0000: (PICK BALL35 ROOMA LEFT) [D:1.0000; C:1.0000]
 25.0000: (MOVE ROOMA ROOMB) [D:1.0000; C:1.0000]
 26.0000: (DROP BALL35 ROOMB LEFT) [D:1.0000; C:1.0000]
 27.0000: (MOVE ROOMB ROOMA) [D:1.0000; C:1.0000]
 28.0000: (PICK BALL33 ROOMA LEFT) [D:1.0000; C:1.0000]
 29.0000: (MOVE ROOMA ROOMB) [D:1.0000; C:1.0000]
 30.0000: (DROP BALL33 ROOMB LEFT) [D:1.0000; C:1.0000]
 31.0000: (MOVE ROOMB ROOMA) [D:1.0000; C:1.0000]
 32.0000: (PICK BALL32 ROOMA LEFT) [D:1.0000; C:1.0000]
 33.0000: (MOVE ROOMA ROOMB) [D:1.0000; C:1.0000]
 34.0000: (DROP BALL32 ROOMB LEFT) [D:1.0000; C:1.0000]
 35.0000: (MOVE ROOMB ROOMA) [D:1.0000; C:1.0000]
 36.0000: (PICK BALL31 ROOMA LEFT) [D:1.0000; C:1.0000]
 37.0000: (MOVE ROOMA ROOMB) [D:1.0000; C:1.0000]
 38.0000: (DROP BALL31 ROOMB LEFT) [D:1.0000; C:1.0000]
 39.0000: (MOVE ROOMB ROOMA) [D:1.0000; C:1.0000]
 40.0000: (PICK BALL29 ROOMA LEFT) [D:1.0000; C:1.0000]
 41.0000: (MOVE ROOMA ROOMB) [D:1.0000; C:1.0000]
 42.0000: (DROP BALL29 ROOMB LEFT) [D:1.0000; C:1.0000]
 43.0000: (MOVE ROOMB ROOMA) [D:1.0000; C:1.0000]
 44.0000: (PICK BALL36 ROOMA LEFT) [D:1.0000; C:1.0000]
 45.0000: (MOVE ROOMA ROOMB) [D:1.0000; C:1.0000]
 46.0000: (DROP BALL36 ROOMB LEFT) [D:1.0000; C:1.0000]
 47.0000: (MOVE ROOMB ROOMA) [D:1.0000; C:1.0000]
 48.0000: (MOVE ROOMA ROOMB) [D:1.0000; C:1.0000]
 49.0000: (DROP BALL4 ROOMB RIGHT) [D:1.0000; C:1.0000]
 50.0000: (MOVE ROOMB ROOMA) [D:1.0000; C:1.0000]
 51.0000: (PICK BALL5 ROOMA RIGHT) [D:1.0000; C:1.0000]
 52.0000: (MOVE ROOMA ROOMB) [D:1.0000; C:1.0000]
 53.0000: (DROP BALL5 ROOMB RIGHT) [D:1.0000; C:1.0000]
 54.0000: (MOVE ROOMB ROOMA) [D:1.0000; C:1.0000]
 55.0000: (PICK BALL6 ROOMA RIGHT) [D:1.0000; C:1.0000]
 56.0000: (MOVE ROOMA ROOMB) [D:1.0000; C:1.0000]
 57.0000: (DROP BALL6 ROOMB RIGHT) [D:1.0000; C:1.0000]
 58.0000: (MOVE ROOMB ROOMA) [D:1.0000; C:1.0000]
 59.0000: (PICK BALL7 ROOMA RIGHT) [D:1.0000; C:1.0000]
 60.0000: (MOVE ROOMA ROOMB) [D:1.0000; C:1.0000]
 61.0000: (DROP BALL7 ROOMB RIGHT) [D:1.0000; C:1.0000]
 62.0000: (MOVE ROOMB ROOMA) [D:1.0000; C:1.0000]
 63.0000: (PICK BALL8 ROOMA RIGHT) [D:1.0000; C:1.0000]
 64.0000: (MOVE ROOMA ROOMB) [D:1.0000; C:1.0000]
 65.0000: (DROP BALL8 ROOMB RIGHT) [D:1.0000; C:1.0000]
 66.0000: (MOVE ROOMB ROOMA) [D:1.0000; C:1.0000]
 67.0000: (PICK BALL9 ROOMA RIGHT) [D:1.0000; C:1.0000]
 68.0000: (MOVE ROOMA ROOMB) [D:1.0000; C:1.0000]
 69.0000: (DROP BALL9 ROOMB RIGHT) [D:1.0000; C:1.0000]
 70.0000: (MOVE ROOMB ROOMA) [D:1.0000; C:1.0000]
 71.0000: (PICK BALL10 ROOMA RIGHT) [D:1.0000; C:1.0000]
 72.0000: (MOVE ROOMA ROOMB) [D:1.0000; C:1.0000]
 73.0000: (DROP BALL10 ROOMB RIGHT) [D:1.0000; C:1.0000]
 74.0000: (MOVE ROOMB ROOMA) [D:1.0000; C:1.0000]
 75.0000: (PICK BALL12 ROOMA RIGHT) [D:1.0000; C:1.0000]
 76.0000: (MOVE ROOMA ROOMB) [D:1.0000; C:1.0000]
 77.0000: (DROP BALL12 ROOMB RIGHT) [D:1.0000; C:1.0000]
 78.0000: (MOVE ROOMB ROOMA) [D:1.0000; C:1.0000]
 79.0000: (PICK BALL13 ROOMA RIGHT) [D:1.0000; C:1.0000]
 80.0000: (MOVE ROOMA ROOMB) [D:1.0000; C:1.0000]
 81.0000: (DROP BALL13 ROOMB RIGHT) [D:1.0000; C:1.0000]
 82.0000: (MOVE ROOMB ROOMA) [D:1.0000; C:1.0000]
 83.0000: (PICK BALL2 ROOMA LEFT) [D:1.0000; C:1.0000]
 83.0000: (PICK BALL15 ROOMA RIGHT) [D:1.0000; C:1.0000]
 84.0000: (MOVE ROOMA ROOMB) [D:1.0000; C:1.0000]
 85.0000: (DROP BALL15 ROOMB RIGHT) [D:1.0000; C:1.0000]
 86.0000: (MOVE ROOMB ROOMA) [D:1.0000; C:1.0000]
 87.0000: (PICK BALL16 ROOMA RIGHT) [D:1.0000; C:1.0000]
 88.0000: (MOVE ROOMA ROOMB) [D:1.0000; C:1.0000]
 89.0000: (DROP BALL16 ROOMB RIGHT) [D:1.0000; C:1.0000]
 90.0000: (MOVE ROOMB ROOMA) [D:1.0000; C:1.0000]
 91.0000: (PICK BALL17 ROOMA RIGHT) [D:1.0000; C:1.0000]
 92.0000: (MOVE ROOMA ROOMB) [D:1.0000; C:1.0000]
 93.0000: (DROP BALL17 ROOMB RIGHT) [D:1.0000; C:1.0000]
 94.0000: (MOVE ROOMB ROOMA) [D:1.0000; C:1.0000]
 95.0000: (PICK BALL18 ROOMA RIGHT) [D:1.0000; C:1.0000]
 96.0000: (MOVE ROOMA ROOMB) [D:1.0000; C:1.0000]
 97.0000: (DROP BALL18 ROOMB RIGHT) [D:1.0000; C:1.0000]
 98.0000: (MOVE ROOMB ROOMA) [D:1.0000; C:1.0000]
 99.0000: (PICK BALL19 ROOMA RIGHT) [D:1.0000; C:1.0000]
 100.0000: (MOVE ROOMA ROOMB) [D:1.0000; C:1.0000]
 101.0000: (DROP BALL19 ROOMB RIGHT) [D:1.0000; C:1.0000]
 102.0000: (MOVE ROOMB ROOMA) [D:1.0000; C:1.0000]
 103.0000: (PICK BALL20 ROOMA RIGHT) [D:1.0000; C:1.0000]
 104.0000: (MOVE ROOMA ROOMB) [D:1.0000; C:1.0000]
 105.0000: (DROP BALL20 ROOMB RIGHT) [D:1.0000; C:1.0000]
 106.0000: (MOVE ROOMB ROOMA) [D:1.0000; C:1.0000]
 107.0000: (PICK BALL21 ROOMA RIGHT) [D:1.0000; C:1.0000]
 108.0000: (MOVE ROOMA ROOMB) [D:1.0000; C:1.0000]
 109.0000: (DROP BALL21 ROOMB RIGHT) [D:1.0000; C:1.0000]
 110.0000: (MOVE ROOMB ROOMA) [D:1.0000; C:1.0000]
 111.0000: (PICK BALL22 ROOMA RIGHT) [D:1.0000; C:1.0000]
 112.0000: (MOVE ROOMA ROOMB) [D:1.0000; C:1.0000]
 113.0000: (DROP BALL22 ROOMB RIGHT) [D:1.0000; C:1.0000]
 114.0000: (MOVE ROOMB ROOMA) [D:1.0000; C:1.0000]
 115.0000: (PICK BALL23 ROOMA RIGHT) [D:1.0000; C:1.0000]
 116.0000: (MOVE ROOMA ROOMB) [D:1.0000; C:1.0000]
 117.0000: (DROP BALL23 ROOMB RIGHT) [D:1.0000; C:1.0000]
 118.0000: (MOVE ROOMB ROOMA) [D:1.0000; C:1.0000]
 119.0000: (PICK BALL24 ROOMA RIGHT) [D:1.0000; C:1.0000]
 120.0000: (MOVE ROOMA ROOMB) [D:1.0000; C:1.0000]
 121.0000: (DROP BALL24 ROOMB RIGHT) [D:1.0000; C:1.0000]
 122.0000: (MOVE ROOMB ROOMA) [D:1.0000; C:1.0000]
 123.0000: (PICK BALL25 ROOMA RIGHT) [D:1.0000; C:1.0000]
 124.0000: (MOVE ROOMA ROOMB) [D:1.0000; C:1.0000]
 125.0000: (DROP BALL25 ROOMB RIGHT) [D:1.0000; C:1.0000]
 126.0000: (MOVE ROOMB ROOMA) [D:1.0000; C:1.0000]
 127.0000: (PICK BALL26 ROOMA RIGHT) [D:1.0000; C:1.0000]
 128.0000: (MOVE ROOMA ROOMB) [D:1.0000; C:1.0000]
 129.0000: (DROP BALL26 ROOMB RIGHT) [D:1.0000; C:1.0000]
 130.0000: (MOVE ROOMB ROOMA) [D:1.0000; C:1.0000]
 131.0000: (PICK BALL27 ROOMA RIGHT) [D:1.0000; C:1.0000]
 132.0000: (MOVE ROOMA ROOMB) [D:1.0000; C:1.0000]
 133.0000: (DROP BALL27 ROOMB RIGHT) [D:1.0000; C:1.0000]
 134.0000: (MOVE ROOMB ROOMA) [D:1.0000; C:1.0000]
 135.0000: (PICK BALL28 ROOMA RIGHT) [D:1.0000; C:1.0000]
 136.0000: (MOVE ROOMA ROOMB) [D:1.0000; C:1.0000]
 137.0000: (DROP BALL28 ROOMB RIGHT) [D:1.0000; C:1.0000]
 138.0000: (MOVE ROOMB ROOMA) [D:1.0000; C:1.0000]
 139.0000: (PICK BALL30 ROOMA RIGHT) [D:1.0000; C:1.0000]
 140.0000: (MOVE ROOMA ROOMB) [D:1.0000; C:1.0000]
 141.0000: (DROP BALL30 ROOMB RIGHT) [D:1.0000; C:1.0000]
 141.0000: (DROP BALL2 ROOMB LEFT) [D:1.0000; C:1.0000]


Solution found:
Total time:      0.07
Search time:     0.06
Actions:         147
Execution cost:  147.00
Duration:        142.000
Plan quality:    147.000


Parsing domain file:  domain 'GRIPPER-STRIPS' defined ... done.
Parsing problem file:  problem 'GRIPPER-40' defined ... done.



Modality: Fast Planner

Number of actions             :     324
Number of conditional actions :       0
Number of facts               :     164


Analyzing Planning Problem:
	Temporal Planning Problem: NO
	Numeric Planning Problem: NO
	Problem with Timed Initial Litearals: NO
	Problem with Derived Predicates: NO

Evaluation function weights:
     Action duration 0.00; Action cost 1.00


Computing mutex... done

Preprocessing total time: 0.01 seconds

Searching ('.' = every 50 search steps):
..... solution found: 

Plan computed:
   Time: (ACTION) [action Duration; action Cost]
 0.0000: (PICK BALL1 ROOMA RIGHT) [D:1.0000; C:1.0000]
 0.0000: (PICK BALL39 ROOMA LEFT) [D:1.0000; C:1.0000]
 1.0000: (MOVE ROOMA ROOMB) [D:1.0000; C:1.0000]
 2.0000: (DROP BALL39 ROOMB LEFT) [D:1.0000; C:1.0000]
 3.0000: (MOVE ROOMB ROOMA) [D:1.0000; C:1.0000]
 4.0000: (PICK BALL38 ROOMA LEFT) [D:1.0000; C:1.0000]
 5.0000: (MOVE ROOMA ROOMB) [D:1.0000; C:1.0000]
 6.0000: (DROP BALL38 ROOMB LEFT) [D:1.0000; C:1.0000]
 7.0000: (MOVE ROOMB ROOMA) [D:1.0000; C:1.0000]
 8.0000: (PICK BALL36 ROOMA LEFT) [D:1.0000; C:1.0000]
 9.0000: (MOVE ROOMA ROOMB) [D:1.0000; C:1.0000]
 10.0000: (DROP BALL36 ROOMB LEFT) [D:1.0000; C:1.0000]
 11.0000: (MOVE ROOMB ROOMA) [D:1.0000; C:1.0000]
 12.0000: (PICK BALL35 ROOMA LEFT) [D:1.0000; C:1.0000]
 13.0000: (MOVE ROOMA ROOMB) [D:1.0000; C:1.0000]
 14.0000: (DROP BALL35 ROOMB LEFT) [D:1.0000; C:1.0000]
 15.0000: (MOVE ROOMB ROOMA) [D:1.0000; C:1.0000]
 16.0000: (PICK BALL31 ROOMA LEFT) [D:1.0000; C:1.0000]
 17.0000: (MOVE ROOMA ROOMB) [D:1.0000; C:1.0000]
 18.0000: (DROP BALL31 ROOMB LEFT) [D:1.0000; C:1.0000]
 19.0000: (MOVE ROOMB ROOMA) [D:1.0000; C:1.0000]
 20.0000: (PICK BALL29 ROOMA LEFT) [D:1.0000; C:1.0000]
 21.0000: (MOVE ROOMA ROOMB) [D:1.0000; C:1.0000]
 22.0000: (DROP BALL29 ROOMB LEFT) [D:1.0000; C:1.0000]
 23.0000: (MOVE ROOMB ROOMA) [D:1.0000; C:1.0000]
 24.0000: (PICK BALL28 ROOMA LEFT) [D:1.0000; C:1.0000]
 25.0000: (MOVE ROOMA ROOMB) [D:1.0000; C:1.0000]
 26.0000: (DROP BALL28 ROOMB LEFT) [D:1.0000; C:1.0000]
 27.0000: (MOVE ROOMB ROOMA) [D:1.0000; C:1.0000]
 28.0000: (PICK BALL26 ROOMA LEFT) [D:1.0000; C:1.0000]
 29.0000: (MOVE ROOMA ROOMB) [D:1.0000; C:1.0000]
 30.0000: (DROP BALL26 ROOMB LEFT) [D:1.0000; C:1.0000]
 31.0000: (MOVE ROOMB ROOMA) [D:1.0000; C:1.0000]
 32.0000: (PICK BALL25 ROOMA LEFT) [D:1.0000; C:1.0000]
 33.0000: (MOVE ROOMA ROOMB) [D:1.0000; C:1.0000]
 34.0000: (DROP BALL25 ROOMB LEFT) [D:1.0000; C:1.0000]
 35.0000: (MOVE ROOMB ROOMA) [D:1.0000; C:1.0000]
 36.0000: (PICK BALL3 ROOMA LEFT) [D:1.0000; C:1.0000]
 37.0000: (MOVE ROOMA ROOMB) [D:1.0000; C:1.0000]
 38.0000: (DROP BALL3 ROOMB LEFT) [D:1.0000; C:1.0000]
 39.0000: (MOVE ROOMB ROOMA) [D:1.0000; C:1.0000]
 40.0000: (MOVE ROOMA ROOMB) [D:1.0000; C:1.0000]
 41.0000: (DROP BALL1 ROOMB RIGHT) [D:1.0000; C:1.0000]
 42.0000: (MOVE ROOMB ROOMA) [D:1.0000; C:1.0000]
 43.0000: (PICK BALL40 ROOMA RIGHT) [D:1.0000; C:1.0000]
 44.0000: (MOVE ROOMA ROOMB) [D:1.0000; C:1.0000]
 45.0000: (DROP BALL40 ROOMB RIGHT) [D:1.0000; C:1.0000]
 46.0000: (MOVE ROOMB ROOMA) [D:1.0000; C:1.0000]
 47.0000: (PICK BALL34 ROOMA RIGHT) [D:1.0000; C:1.0000]
 48.0000: (MOVE ROOMA ROOMB) [D:1.0000; C:1.0000]
 49.0000: (DROP BALL34 ROOMB RIGHT) [D:1.0000; C:1.0000]
 50.0000: (MOVE ROOMB ROOMA) [D:1.0000; C:1.0000]
 51.0000: (PICK BALL33 ROOMA RIGHT) [D:1.0000; C:1.0000]
 52.0000: (MOVE ROOMA ROOMB) [D:1.0000; C:1.0000]
 53.0000: (DROP BALL33 ROOMB RIGHT) [D:1.0000; C:1.0000]
 54.0000: (MOVE ROOMB ROOMA) [D:1.0000; C:1.0000]
 55.0000: (PICK BALL32 ROOMA RIGHT) [D:1.0000; C:1.0000]
 56.0000: (MOVE ROOMA ROOMB) [D:1.0000; C:1.0000]
 57.0000: (DROP BALL32 ROOMB RIGHT) [D:1.0000; C:1.0000]
 58.0000: (MOVE ROOMB ROOMA) [D:1.0000; C:1.0000]
 59.0000: (PICK BALL30 ROOMA RIGHT) [D:1.0000; C:1.0000]
 60.0000: (MOVE ROOMA ROOMB) [D:1.0000; C:1.0000]
 61.0000: (DROP BALL30 ROOMB RIGHT) [D:1.0000; C:1.0000]
 62.0000: (MOVE ROOMB ROOMA) [D:1.0000; C:1.0000]
 63.0000: (PICK BALL27 ROOMA RIGHT) [D:1.0000; C:1.0000]
 64.0000: (MOVE ROOMA ROOMB) [D:1.0000; C:1.0000]
 65.0000: (DROP BALL27 ROOMB RIGHT) [D:1.0000; C:1.0000]
 66.0000: (MOVE ROOMB ROOMA) [D:1.0000; C:1.0000]
 67.0000: (PICK BALL2 ROOMA RIGHT) [D:1.0000; C:1.0000]
 67.0000: (PICK BALL4 ROOMA LEFT) [D:1.0000; C:1.0000]
 68.0000: (MOVE ROOMA ROOMB) [D:1.0000; C:1.0000]
 69.0000: (DROP BALL4 ROOMB LEFT) [D:1.0000; C:1.0000]
 70.0000: (MOVE ROOMB ROOMA) [D:1.0000; C:1.0000]
 71.0000: (PICK BALL5 ROOMA LEFT) [D:1.0000; C:1.0000]
 72.0000: (MOVE ROOMA ROOMB) [D:1.0000; C:1.0000]
 73.0000: (DROP BALL5 ROOMB LEFT) [D:1.0000; C:1.0000]
 74.0000: (MOVE ROOMB ROOMA) [D:1.0000; C:1.0000]
 75.0000: (PICK BALL6 ROOMA LEFT) [D:1.0000; C:1.0000]
 76.0000: (MOVE ROOMA ROOMB) [D:1.0000; C:1.0000]
 77.0000: (DROP BALL6 ROOMB LEFT) [D:1.0000; C:1.0000]
 78.0000: (MOVE ROOMB ROOMA) [D:1.0000; C:1.0000]
 79.0000: (PICK BALL7 ROOMA LEFT) [D:1.0000; C:1.0000]
 80.0000: (MOVE ROOMA ROOMB) [D:1.0000; C:1.0000]
 81.0000: (DROP BALL7 ROOMB LEFT) [D:1.0000; C:1.0000]
 82.0000: (MOVE ROOMB ROOMA) [D:1.0000; C:1.0000]
 83.0000: (PICK BALL8 ROOMA LEFT) [D:1.0000; C:1.0000]
 84.0000: (MOVE ROOMA ROOMB) [D:1.0000; C:1.0000]
 85.0000: (DROP BALL8 ROOMB LEFT) [D:1.0000; C:1.0000]
 86.0000: (MOVE ROOMB ROOMA) [D:1.0000; C:1.0000]
 87.0000: (PICK BALL9 ROOMA LEFT) [D:1.0000; C:1.0000]
 88.0000: (MOVE ROOMA ROOMB) [D:1.0000; C:1.0000]
 89.0000: (DROP BALL9 ROOMB LEFT) [D:1.0000; C:1.0000]
 90.0000: (MOVE ROOMB ROOMA) [D:1.0000; C:1.0000]
 91.0000: (PICK BALL10 ROOMA LEFT) [D:1.0000; C:1.0000]
 92.0000: (MOVE ROOMA ROOMB) [D:1.0000; C:1.0000]
 93.0000: (DROP BALL10 ROOMB LEFT) [D:1.0000; C:1.0000]
 94.0000: (MOVE ROOMB ROOMA) [D:1.0000; C:1.0000]
 95.0000: (PICK BALL11 ROOMA LEFT) [D:1.0000; C:1.0000]
 96.0000: (MOVE ROOMA ROOMB) [D:1.0000; C:1.0000]
 97.0000: (DROP BALL11 ROOMB LEFT) [D:1.0000; C:1.0000]
 98.0000: (MOVE ROOMB ROOMA) [D:1.0000; C:1.0000]
 99.0000: (PICK BALL12 ROOMA LEFT) [D:1.0000; C:1.0000]
 100.0000: (MOVE ROOMA ROOMB) [D:1.0000; C:1.0000]
 101.0000: (DROP BALL12 ROOMB LEFT) [D:1.0000; C:1.0000]
 102.0000: (MOVE ROOMB ROOMA) [D:1.0000; C:1.0000]
 103.0000: (PICK BALL13 ROOMA LEFT) [D:1.0000; C:1.0000]
 104.0000: (MOVE ROOMA ROOMB) [D:1.0000; C:1.0000]
 105.0000: (DROP BALL13 ROOMB LEFT) [D:1.0000; C:1.0000]
 106.0000: (MOVE ROOMB ROOMA) [D:1.0000; C:1.0000]
 107.0000: (PICK BALL14 ROOMA LEFT) [D:1.0000; C:1.0000]
 108.0000: (MOVE ROOMA ROOMB) [D:1.0000; C:1.0000]
 109.0000: (DROP BALL14 ROOMB LEFT) [D:1.0000; C:1.0000]
 110.0000: (MOVE ROOMB ROOMA) [D:1.0000; C:1.0000]
 111.0000: (PICK BALL15 ROOMA LEFT) [D:1.0000; C:1.0000]
 112.0000: (MOVE ROOMA ROOMB) [D:1.0000; C:1.0000]
 113.0000: (DROP BALL15 ROOMB LEFT) [D:1.0000; C:1.0000]
 114.0000: (MOVE ROOMB ROOMA) [D:1.0000; C:1.0000]
 115.0000: (PICK BALL16 ROOMA LEFT) [D:1.0000; C:1.0000]
 116.0000: (MOVE ROOMA ROOMB) [D:1.0000; C:1.0000]
 117.0000: (DROP BALL16 ROOMB LEFT) [D:1.0000; C:1.0000]
 118.0000: (MOVE ROOMB ROOMA) [D:1.0000; C:1.0000]
 119.0000: (PICK BALL17 ROOMA LEFT) [D:1.0000; C:1.0000]
 120.0000: (MOVE ROOMA ROOMB) [D:1.0000; C:1.0000]
 121.0000: (DROP BALL17 ROOMB LEFT) [D:1.0000; C:1.0000]
 122.0000: (MOVE ROOMB ROOMA) [D:1.0000; C:1.0000]
 123.0000: (PICK BALL18 ROOMA LEFT) [D:1.0000; C:1.0000]
 124.0000: (MOVE ROOMA ROOMB) [D:1.0000; C:1.0000]
 125.0000: (DROP BALL18 ROOMB LEFT) [D:1.0000; C:1.0000]
 126.0000: (MOVE ROOMB ROOMA) [D:1.0000; C:1.0000]
 127.0000: (PICK BALL19 ROOMA LEFT) [D:1.0000; C:1.0000]
 128.0000: (MOVE ROOMA ROOMB) [D:1.0000; C:1.0000]
 129.0000: (DROP BALL19 ROOMB LEFT) [D:1.0000; C:1.0000]
 130.0000: (MOVE ROOMB ROOMA) [D:1.0000; C:1.0000]
 131.0000: (PICK BALL20 ROOMA LEFT) [D:1.0000; C:1.0000]
 132.0000: (MOVE ROOMA ROOMB) [D:1.0000; C:1.0000]
 133.0000: (DROP BALL20 ROOMB LEFT) [D:1.0000; C:1.0000]
 134.0000: (MOVE ROOMB ROOMA) [D:1.0000; C:1.0000]
 135.0000: (PICK BALL21 ROOMA LEFT) [D:1.0000; C:1.0000]
 136.0000: (MOVE ROOMA ROOMB) [D:1.0000; C:1.0000]
 137.0000: (DROP BALL21 ROOMB LEFT) [D:1.0000; C:1.0000]
 138.0000: (MOVE ROOMB ROOMA) [D:1.0000; C:1.0000]
 139.0000: (PICK BALL22 ROOMA LEFT) [D:1.0000; C:1.0000]
 140.0000: (MOVE ROOMA ROOMB) [D:1.0000; C:1.0000]
 141.0000: (DROP BALL22 ROOMB LEFT) [D:1.0000; C:1.0000]
 142.0000: (MOVE ROOMB ROOMA) [D:1.0000; C:1.0000]
 143.0000: (PICK BALL23 ROOMA LEFT) [D:1.0000; C:1.0000]
 144.0000: (MOVE ROOMA ROOMB) [D:1.0000; C:1.0000]
 145.0000: (DROP BALL23 ROOMB LEFT) [D:1.0000; C:1.0000]
 146.0000: (MOVE ROOMB ROOMA) [D:1.0000; C:1.0000]
 147.0000: (PICK BALL37 ROOMA LEFT) [D:1.0000; C:1.0000]
 148.0000: (MOVE ROOMA ROOMB) [D:1.0000; C:1.0000]
 149.0000: (DROP BALL37 ROOMB LEFT) [D:1.0000; C:1.0000]
 150.0000: (MOVE ROOMB ROOMA) [D:1.0000; C:1.0000]
 151.0000: (PICK BALL24 ROOMA LEFT) [D:1.0000; C:1.0000]
 152.0000: (MOVE ROOMA ROOMB) [D:1.0000; C:1.0000]
 153.0000: (DROP BALL24 ROOMB LEFT) [D:1.0000; C:1.0000]
 153.0000: (DROP BALL2 ROOMB RIGHT) [D:1.0000; C:1.0000]


Solution found:
Total time:      0.07
Search time:     0.06
Actions:         157
Execution cost:  157.00
Duration:        154.000
Plan quality:    157.000

