
Parsing domain file:  domain 'GROUNDED-PATHWAYS-PROPOSITIONAL' defined ... done.
Parsing problem file:  problem 'GROUNDED-PATHWAYS-01' defined ... done.



Modality: Fast Planner

Number of actions             :      78
Number of conditional actions :       0
Number of facts               :      63


Analyzing Planning Problem:
	Temporal Planning Problem: NO
	Numeric Planning Problem: NO
	Problem with Timed Initial Litearals: NO
	Problem with Derived Predicates: NO

Evaluation function weights:
     Action duration 0.00; Action cost 1.00


Computing mutex... done

Preprocessing total time: 0.00 seconds

Searching ('.' = every 50 search steps):
 solution found: 

Plan computed:
   Time: (ACTION) [action Duration; action Cost]
 0.0000: (CHOOSE_P300_L1_L0) [D:1.0000; C:1.0000]
 1.0000: (INITIALIZE_P300) [D:1.0000; C:1.0000]
 1.0000: (CHOOSE_PCAF_L2_L1) [D:1.0000; C:1.0000]
 2.0000: (INITIALIZE_PCAF) [D:1.0000; C:1.0000]
 3.0000: (ASSOCIATE_PCAF_P300_PCAF-P300) [D:1.0000; C:1.0000]
 4.0000: (DUMMY-ACTION-1-2) [D:1.0000; C:1.0000]


Solution found:
Total time:      0.01
Search time:     0.01
Actions:         6
Execution cost:  6.00
Duration:        5.000
Plan quality:    6.000


Parsing domain file:  domain 'GROUNDED-PATHWAYS-PROPOSITIONAL' defined ... done.
Parsing problem file:  problem 'GROUNDED-PATHWAYS-02' defined ... done.



Modality: Fast Planner

Number of actions             :      80
Number of conditional actions :       0
Number of facts               :      70


Analyzing Planning Problem:
	Temporal Planning Problem: NO
	Numeric Planning Problem: NO
	Problem with Timed Initial Litearals: NO
	Problem with Derived Predicates: NO

Evaluation function weights:
     Action duration 0.00; Action cost 1.00


Computing mutex... done

Preprocessing total time: 0.01 seconds

Searching ('.' = every 50 search steps):
 solution found: 

Plan computed:
   Time: (ACTION) [action Duration; action Cost]
 0.0000: (CHOOSE_GE2_L1_L0) [D:1.0000; C:1.0000]
 1.0000: (INITIALIZE_GE2) [D:1.0000; C:1.0000]
 1.0000: (CHOOSE_E2F13P1-DP12_L2_L1) [D:1.0000; C:1.0000]
 2.0000: (INITIALIZE_E2F13P1-DP12) [D:1.0000; C:1.0000]
 2.0000: (CHOOSE_E2F4-DP12P1_L3_L2) [D:1.0000; C:1.0000]
 3.0000: (ASSOCIATE_E2F13P1-DP12_GE2_E2F13P1-DP12-GE2) [D:1.0000; C:1.0000]
 3.0000: (INITIALIZE_E2F4-DP12P1) [D:1.0000; C:1.0000]
 4.0000: (SYNTHESIZE_E2F13P1-DP12-GE2_CYCDP1) [D:1.0000; C:1.0000]
 4.0000: (SYNTHESIZE_E2F13P1-DP12-GE2_P107) [D:1.0000; C:1.0000]
 5.0000: (DUMMY-ACTION-2-2) [D:1.0000; C:1.0000]
 5.0000: (ASSOCIATE_P107_E2F4-DP12P1_P107-E2F4-DP12P1) [D:1.0000; C:1.0000]
 6.0000: (DUMMY-ACTION-1-1) [D:1.0000; C:1.0000]


Solution found:
Total time:      0.02
Search time:     0.01
Actions:         12
Execution cost:  12.00
Duration:        7.000
Plan quality:    12.000


Parsing domain file:  domain 'GROUNDED-PATHWAYS-PROPOSITIONAL' defined ... done.
Parsing problem file:  problem 'GROUNDED-PATHWAYS-03' defined ... done.



Modality: Fast Planner

Number of actions             :     118
Number of conditional actions :       0
Number of facts               :      99


Analyzing Planning Problem:
	Temporal Planning Problem: NO
	Numeric Planning Problem: NO
	Problem with Timed Initial Litearals: NO
	Problem with Derived Predicates: NO

Evaluation function weights:
     Action duration 0.00; Action cost 1.00


Computing mutex... done

Preprocessing total time: 0.01 seconds

Searching ('.' = every 50 search steps):
 solution found: 

Plan computed:
   Time: (ACTION) [action Duration; action Cost]
 0.0000: (CHOOSE_GP_L1_L0) [D:1.0000; C:1.0000]
 1.0000: (INITIALIZE_GP) [D:1.0000; C:1.0000]
 1.0000: (CHOOSE_SP1_L2_L1) [D:1.0000; C:1.0000]
 2.0000: (INITIALIZE_SP1) [D:1.0000; C:1.0000]
 2.0000: (CHOOSE_CDK46P1_L3_L2) [D:1.0000; C:1.0000]
 3.0000: (ASSOCIATE_SP1_GP_SP1-GP) [D:1.0000; C:1.0000]
 3.0000: (INITIALIZE_CDK46P1) [D:1.0000; C:1.0000]
 4.0000: (SYNTHESIZE_SP1-GP_CYCD) [D:1.0000; C:1.0000]
 4.0000: (SYNTHESIZE_SP1-GP_CYCA) [D:1.0000; C:1.0000]
 4.0000: (INITIALIZE_GP) [D:1.0000; C:1.0000]
 4.0000: (SYNTHESIZE_SP1-GP_P107) [D:1.0000; C:1.0000]
 4.0000: (INITIALIZE_SP1) [D:1.0000; C:1.0000]
 5.0000: (ASSOCIATE_CDK46P1_CYCD_CDK46P1-CYCD) [D:1.0000; C:1.0000]
 5.0000: (DUMMY-ACTION-2-2) [D:1.0000; C:1.0000]
 5.0000: (ASSOCIATE_SP1_P107_SP1-P107) [D:1.0000; C:1.0000]
 6.0000: (DUMMY-ACTION-3-2) [D:1.0000; C:1.0000]
 6.0000: (ASSOCIATE_SP1-P107_GP_SP1-P107-GP) [D:1.0000; C:1.0000]
 7.0000: (DUMMY-ACTION-1-1) [D:1.0000; C:1.0000]


Solution found:
Total time:      0.02
Search time:     0.01
Actions:         18
Execution cost:  18.00
Duration:        8.000
Plan quality:    18.000


Parsing domain file:  domain 'GROUNDED-PATHWAYS-PROPOSITIONAL' defined ... done.
Parsing problem file:  problem 'GROUNDED-PATHWAYS-04' defined ... done.



Modality: Fast Planner

Number of actions             :     153
Number of conditional actions :       0
Number of facts               :     119


Analyzing Planning Problem:
	Temporal Planning Problem: NO
	Numeric Planning Problem: NO
	Problem with Timed Initial Litearals: NO
	Problem with Derived Predicates: NO

Evaluation function weights:
     Action duration 0.00; Action cost 1.00


Computing mutex... done

Preprocessing total time: 0.01 seconds

Searching ('.' = every 50 search steps):
 solution found: 

Plan computed:
   Time: (ACTION) [action Duration; action Cost]
 0.0000: (CHOOSE_GP_L1_L0) [D:1.0000; C:1.0000]
 1.0000: (INITIALIZE_GP) [D:1.0000; C:1.0000]
 1.0000: (CHOOSE_SP1_L2_L1) [D:1.0000; C:1.0000]
 2.0000: (INITIALIZE_SP1) [D:1.0000; C:1.0000]
 3.0000: (ASSOCIATE_SP1_GP_SP1-GP) [D:1.0000; C:1.0000]
 4.0000: (SYNTHESIZE_SP1-GP_CYCEP1) [D:1.0000; C:1.0000]
 4.0000: (INITIALIZE_GP) [D:1.0000; C:1.0000]
 4.0000: (INITIALIZE_SP1) [D:1.0000; C:1.0000]
 4.0000: (SYNTHESIZE_SP1-GP_P107P1) [D:1.0000; C:1.0000]
 4.0000: (SYNTHESIZE_SP1-GP_P107) [D:1.0000; C:1.0000]
 4.0000: (SYNTHESIZE_SP1-GP_POL) [D:1.0000; C:1.0000]
 5.0000: (DUMMY-ACTION-4-2) [D:1.0000; C:1.0000]
 5.0000: (ASSOCIATE_SP1_P107P1_SP1-P107P1) [D:1.0000; C:1.0000]
 5.0000: (DUMMY-ACTION-2-2) [D:1.0000; C:1.0000]
 5.0000: (DUMMY-ACTION-1-2) [D:1.0000; C:1.0000]
 6.0000: (ASSOCIATE_SP1-P107P1_GP_SP1-P107P1-GP) [D:1.0000; C:1.0000]
 7.0000: (DUMMY-ACTION-3-2) [D:1.0000; C:1.0000]


Solution found:
Total time:      0.02
Search time:     0.01
Actions:         17
Execution cost:  17.00
Duration:        8.000
Plan quality:    17.000


Parsing domain file:  domain 'GROUNDED-PATHWAYS-PROPOSITIONAL' defined ... done.
Parsing problem file:  problem 'GROUNDED-PATHWAYS-05' defined ... done.



Modality: Fast Planner

Number of actions             :     266
Number of conditional actions :       0
Number of facts               :     148


Analyzing Planning Problem:
	Temporal Planning Problem: NO
	Numeric Planning Problem: NO
	Problem with Timed Initial Litearals: NO
	Problem with Derived Predicates: NO

Evaluation function weights:
     Action duration 0.00; Action cost 1.00


Computing mutex... done

Preprocessing total time: 0.02 seconds

Searching ('.' = every 50 search steps):
 solution found: 

Plan computed:
   Time: (ACTION) [action Duration; action Cost]
 0.0000: (CHOOSE_GE2_L1_L0) [D:1.0000; C:1.0000]
 1.0000: (INITIALIZE_GE2) [D:1.0000; C:1.0000]
 1.0000: (CHOOSE_E2F13-DP12_L2_L1) [D:1.0000; C:1.0000]
 2.0000: (INITIALIZE_E2F13-DP12) [D:1.0000; C:1.0000]
 2.0000: (CHOOSE_SP1_L3_L2) [D:1.0000; C:1.0000]
 3.0000: (ASSOCIATE_E2F13-DP12_GE2_E2F13-DP12-GE2) [D:1.0000; C:1.0000]
 3.0000: (INITIALIZE_SP1) [D:1.0000; C:1.0000]
 3.0000: (CHOOSE_P53_L4_L3) [D:1.0000; C:1.0000]
 4.0000: (SYNTHESIZE_E2F13-DP12-GE2_C-MYC) [D:1.0000; C:1.0000]
 4.0000: (SYNTHESIZE_E2F13-DP12-GE2_P107P1) [D:1.0000; C:1.0000]
 4.0000: (INITIALIZE_P53) [D:1.0000; C:1.0000]
 4.0000: (CHOOSE_PCNA_L5_L4) [D:1.0000; C:1.0000]
 4.0000: (SYNTHESIZE_E2F13-DP12-GE2_P107) [D:1.0000; C:1.0000]
 4.0000: (SYNTHESIZE_E2F13-DP12-GE2_CYCE) [D:1.0000; C:1.0000]
 5.0000: (DUMMY-ACTION-6-2) [D:1.0000; C:1.0000]
 5.0000: (ASSOCIATE_SP1_P107P1_SP1-P107P1) [D:1.0000; C:1.0000]
 5.0000: (SYNTHESIZE_P53_P21) [D:1.0000; C:1.0000]
 5.0000: (INITIALIZE_PCNA) [D:1.0000; C:1.0000]
 5.0000: (SYNTHESIZE_P53_GADD45) [D:1.0000; C:1.0000]
 5.0000: (CHOOSE_CDK1P1P2_L6_L5) [D:1.0000; C:1.0000]
 5.0000: (DUMMY-ACTION-1-2) [D:1.0000; C:1.0000]
 6.0000: (DUMMY-ACTION-5-2) [D:1.0000; C:1.0000]
 6.0000: (ASSOCIATE_PCNA_P21_PCNA-P21) [D:1.0000; C:1.0000]
 6.0000: (INITIALIZE_CDK1P1P2) [D:1.0000; C:1.0000]
 6.0000: (INITIALIZE_SP1) [D:1.0000; C:1.0000]
 7.0000: (DUMMY-ACTION-4-1) [D:1.0000; C:1.0000]
 7.0000: (ASSOCIATE_CDK1P1P2_GADD45_CDK1P1P2-GADD45) [D:1.0000; C:1.0000]
 7.0000: (ASSOCIATE_SP1_P107_SP1-P107) [D:1.0000; C:1.0000]
 8.0000: (DUMMY-ACTION-3-2) [D:1.0000; C:1.0000]
 8.0000: (DUMMY-ACTION-2-2) [D:1.0000; C:1.0000]


Solution found:
Total time:      0.02
Search time:     0.00
Actions:         30
Execution cost:  30.00
Duration:        9.000
Plan quality:    30.000


Parsing domain file:  domain 'GROUNDED-PATHWAYS-PROPOSITIONAL' defined ... done.
Parsing problem file:  problem 'GROUNDED-PATHWAYS-06' defined ... done.



Modality: Fast Planner

Number of actions             :     497
Number of conditional actions :       0
Number of facts               :     214


Analyzing Planning Problem:
	Temporal Planning Problem: NO
	Numeric Planning Problem: NO
	Problem with Timed Initial Litearals: NO
	Problem with Derived Predicates: NO

Evaluation function weights:
     Action duration 0.00; Action cost 1.00


Computing mutex... done

Preprocessing total time: 0.04 seconds

Searching ('.' = every 50 search steps):
. solution found: 

Plan computed:
   Time: (ACTION) [action Duration; action Cost]
 0.0000: (CHOOSE_GP_L1_L0) [D:1.0000; C:1.0000]
 1.0000: (INITIALIZE_GP) [D:1.0000; C:1.0000]
 1.0000: (CHOOSE_SP1_L2_L1) [D:1.0000; C:1.0000]
 2.0000: (INITIALIZE_SP1) [D:1.0000; C:1.0000]
 2.0000: (CHOOSE_RPA_L3_L2) [D:1.0000; C:1.0000]
 3.0000: (ASSOCIATE_SP1_GP_SP1-GP) [D:1.0000; C:1.0000]
 3.0000: (INITIALIZE_RPA) [D:1.0000; C:1.0000]
 3.0000: (CHOOSE_CDK2P1_L4_L3) [D:1.0000; C:1.0000]
 4.0000: (SYNTHESIZE_SP1-GP_CYCA) [D:1.0000; C:1.0000]
 4.0000: (INITIALIZE_GP) [D:1.0000; C:1.0000]
 4.0000: (SYNTHESIZE_SP1-GP_P107P1) [D:1.0000; C:1.0000]
 4.0000: (INITIALIZE_SP1) [D:1.0000; C:1.0000]
 4.0000: (SYNTHESIZE_SP1-GP_CYCE) [D:1.0000; C:1.0000]
 4.0000: (INITIALIZE_CDK2P1) [D:1.0000; C:1.0000]
 4.0000: (SYNTHESIZE_SP1-GP_CYCD) [D:1.0000; C:1.0000]
 4.0000: (CHOOSE_CDK46P1_L5_L4) [D:1.0000; C:1.0000]
 4.0000: (SYNTHESIZE_SP1-GP_P107) [D:1.0000; C:1.0000]
 5.0000: (ASSOCIATE_RPA_CYCA_RPA-CYCA) [D:1.0000; C:1.0000]
 5.0000: (ASSOCIATE_SP1_P107P1_SP1-P107P1) [D:1.0000; C:1.0000]
 5.0000: (ASSOCIATE_CDK2P1_CYCE_CDK2P1-CYCE) [D:1.0000; C:1.0000]
 5.0000: (INITIALIZE_CDK46P1) [D:1.0000; C:1.0000]
 5.0000: (CHOOSE_P57_L6_L5) [D:1.0000; C:1.0000]
 6.0000: (DUMMY-ACTION-8-2) [D:1.0000; C:1.0000]
 6.0000: (ASSOCIATE_SP1-P107P1_GP_SP1-P107P1-GP) [D:1.0000; C:1.0000]
 6.0000: (DUMMY-ACTION-6-2) [D:1.0000; C:1.0000]
 6.0000: (ASSOCIATE_CDK46P1_CYCD_CDK46P1-CYCD) [D:1.0000; C:1.0000]
 6.0000: (INITIALIZE_P57) [D:1.0000; C:1.0000]
 6.0000: (CHOOSE_DP12_L7_L6) [D:1.0000; C:1.0000]
 6.0000: (SYNTHESIZE_SP1-GP_CYCA) [D:1.0000; C:1.0000]
 6.0000: (INITIALIZE_CDK2P1) [D:1.0000; C:1.0000]
 6.0000: (INITIALIZE_SP1) [D:1.0000; C:1.0000]
 7.0000: (DUMMY-ACTION-7-2) [D:1.0000; C:1.0000]
 7.0000: (ASSOCIATE_P57_CDK2P1-CYCE_P57-CDK2P1-CYCE) [D:1.0000; C:1.0000]
 7.0000: (INITIALIZE_DP12) [D:1.0000; C:1.0000]
 7.0000: (CHOOSE_E2F4_L8_L7) [D:1.0000; C:1.0000]
 7.0000: (ASSOCIATE_CDK2P1_CYCA_CDK2P1-CYCA) [D:1.0000; C:1.0000]
 7.0000: (INITIALIZE_GP) [D:1.0000; C:1.0000]
 8.0000: (INITIALIZE_P57) [D:1.0000; C:1.0000]
 8.0000: (INITIALIZE_E2F4) [D:1.0000; C:1.0000]
 8.0000: (CHOOSE_HDAC1_L9_L8) [D:1.0000; C:1.0000]
 8.0000: (DUMMY-ACTION-1-1) [D:1.0000; C:1.0000]
 9.0000: (ASSOCIATE_P57_CDK46P1-CYCD_P57-CDK46P1-CYCD) [D:1.0000; C:1.0000]
 9.0000: (ASSOCIATE_E2F4_DP12_E2F4-DP12) [D:1.0000; C:1.0000]
 9.0000: (INITIALIZE_HDAC1) [D:1.0000; C:1.0000]
 10.0000: (DUMMY-ACTION-5-2) [D:1.0000; C:1.0000]
 10.0000: (ASSOCIATE_P107_E2F4-DP12_P107-E2F4-DP12) [D:1.0000; C:1.0000]
 10.0000: (INITIALIZE_P57) [D:1.0000; C:1.0000]
 11.0000: (ASSOCIATE_HDAC1_P107-E2F4-DP12_HDAC1-P107-E2F4-DP12) [D:1.0000; C:1.0000]
 11.0000: (ASSOCIATE_P57_CDK2P1-CYCA_P57-CDK2P1-CYCA) [D:1.0000; C:1.0000]
 11.0000: (SYNTHESIZE_SP1-GP_P107) [D:1.0000; C:1.0000]
 12.0000: (DUMMY-ACTION-4-2) [D:1.0000; C:1.0000]
 12.0000: (DUMMY-ACTION-3-2) [D:1.0000; C:1.0000]
 12.0000: (ASSOCIATE_SP1_P107_SP1-P107) [D:1.0000; C:1.0000]
 13.0000: (ASSOCIATE_SP1-P107_GP_SP1-P107-GP) [D:1.0000; C:1.0000]
 14.0000: (DUMMY-ACTION-2-2) [D:1.0000; C:1.0000]


Solution found:
Total time:      0.05
Search time:     0.01
Actions:         55
Execution cost:  55.00
Duration:        15.000
Plan quality:    55.000


Parsing domain file:  domain 'GROUNDED-PATHWAYS-PROPOSITIONAL' defined ... done.
Parsing problem file:  problem 'GROUNDED-PATHWAYS-07' defined ... done.



Modality: Fast Planner

Number of actions             :     597
Number of conditional actions :       0
Number of facts               :     262


Analyzing Planning Problem:
	Temporal Planning Problem: NO
	Numeric Planning Problem: NO
	Problem with Timed Initial Litearals: NO
	Problem with Derived Predicates: NO

Evaluation function weights:
     Action duration 0.00; Action cost 1.00


Computing mutex... done

Preprocessing total time: 0.04 seconds

Searching ('.' = every 50 search steps):
. solution found: 

Plan computed:
   Time: (ACTION) [action Duration; action Cost]
 0.0000: (CHOOSE_CDK2_L1_L0) [D:1.0000; C:1.0000]
 1.0000: (INITIALIZE_CDK2) [D:1.0000; C:1.0000]
 1.0000: (CHOOSE_GE2_L2_L1) [D:1.0000; C:1.0000]
 2.0000: (INITIALIZE_GE2) [D:1.0000; C:1.0000]
 2.0000: (CHOOSE_E2F13-DP12_L3_L2) [D:1.0000; C:1.0000]
 3.0000: (INITIALIZE_E2F13-DP12) [D:1.0000; C:1.0000]
 3.0000: (CHOOSE_P53P1_L4_L3) [D:1.0000; C:1.0000]
 4.0000: (ASSOCIATE_E2F13-DP12_GE2_E2F13-DP12-GE2) [D:1.0000; C:1.0000]
 4.0000: (INITIALIZE_P53P1) [D:1.0000; C:1.0000]
 4.0000: (CHOOSE_CDK2P1_L5_L4) [D:1.0000; C:1.0000]
 5.0000: (SYNTHESIZE_E2F13-DP12-GE2_CYCE) [D:1.0000; C:1.0000]
 5.0000: (SYNTHESIZE_P53P1_P21) [D:1.0000; C:1.0000]
 5.0000: (INITIALIZE_E2F13-DP12) [D:1.0000; C:1.0000]
 5.0000: (SYNTHESIZE_P53P1_MDM2) [D:1.0000; C:1.0000]
 5.0000: (INITIALIZE_CDK2P1) [D:1.0000; C:1.0000]
 5.0000: (SYNTHESIZE_E2F13-DP12-GE2_CYCA) [D:1.0000; C:1.0000]
 5.0000: (SYNTHESIZE_E2F13-DP12-GE2_CYCEP1) [D:1.0000; C:1.0000]
 5.0000: (CHOOSE_P27_L6_L5) [D:1.0000; C:1.0000]
 5.0000: (SYNTHESIZE_E2F13-DP12-GE2_C-MYC) [D:1.0000; C:1.0000]
 6.0000: (ASSOCIATE_CDK2_CYCE_CDK2-CYCE) [D:1.0000; C:1.0000]
 6.0000: (ASSOCIATE_MDM2_E2F13-DP12_MDM2-E2F13-DP12) [D:1.0000; C:1.0000]
 6.0000: (ASSOCIATE_CDK2P1_CYCA_CDK2P1-CYCA) [D:1.0000; C:1.0000]
 6.0000: (INITIALIZE_P27) [D:1.0000; C:1.0000]
 6.0000: (CHOOSE_MAX_L7_L6) [D:1.0000; C:1.0000]
 7.0000: (DUMMY-ACTION-6-2) [D:1.0000; C:1.0000]
 7.0000: (DUMMY-ACTION-9-2) [D:1.0000; C:1.0000]
 7.0000: (INITIALIZE_CDK2P1) [D:1.0000; C:1.0000]
 7.0000: (INITIALIZE_MAX) [D:1.0000; C:1.0000]
 7.0000: (SYNTHESIZE_E2F13-DP12-GE2_CYCA) [D:1.0000; C:1.0000]
 7.0000: (SYNTHESIZE_E2F13-DP12-GE2_CYCE) [D:1.0000; C:1.0000]
 7.0000: (CHOOSE_P57_L8_L7) [D:1.0000; C:1.0000]
 8.0000: (ASSOCIATE_P21_CDK2-CYCE_P21-CDK2-CYCE) [D:1.0000; C:1.0000]
 8.0000: (ASSOCIATE_CDK2P1_CYCEP1_CDK2P1-CYCEP1) [D:1.0000; C:1.0000]
 8.0000: (ASSOCIATE_C-MYC_MAX_C-MYC-MAX) [D:1.0000; C:1.0000]
 8.0000: (INITIALIZE_P57) [D:1.0000; C:1.0000]
 8.0000: (CHOOSE_GCDC25A_L9_L8) [D:1.0000; C:1.0000]
 9.0000: (DUMMY-ACTION-11-1) [D:1.0000; C:1.0000]
 9.0000: (SYNTHESIZE_P53P1_P21) [D:1.0000; C:1.0000]
 9.0000: (ASSOCIATE_P27_CDK2P1-CYCEP1_P27-CDK2P1-CYCEP1) [D:1.0000; C:1.0000]
 9.0000: (DUMMY-ACTION-7-2) [D:1.0000; C:1.0000]
 9.0000: (INITIALIZE_CDK2P1) [D:1.0000; C:1.0000]
 9.0000: (INITIALIZE_GCDC25A) [D:1.0000; C:1.0000]
 10.0000: (ASSOCIATE_P21_CDK2P1-CYCA_P21-CDK2P1-CYCA) [D:1.0000; C:1.0000]
 10.0000: (DUMMY-ACTION-8-1) [D:1.0000; C:1.0000]
 10.0000: (INITIALIZE_P27) [D:1.0000; C:1.0000]
 10.0000: (ASSOCIATE_C-MYC-MAX_GCDC25A_C-MYC-MAX-GCDC25A) [D:1.0000; C:1.0000]
 11.0000: (DUMMY-ACTION-10-2) [D:1.0000; C:1.0000]
 11.0000: (ASSOCIATE_CDK2P1_CYCA_CDK2P1-CYCA) [D:1.0000; C:1.0000]
 11.0000: (SYNTHESIZE_C-MYC-MAX-GCDC25A_CDC25A) [D:1.0000; C:1.0000]
 12.0000: (ASSOCIATE_P27_CDK2P1-CYCA_P27-CDK2P1-CYCA) [D:1.0000; C:1.0000]
 12.0000: (INITIALIZE_CDK2P1) [D:1.0000; C:1.0000]
 12.0000: (SYNTHESIZE_E2F13-DP12-GE2_CYCA) [D:1.0000; C:1.0000]
 12.0000: (DUMMY-ACTION-2-2) [D:1.0000; C:1.0000]
 13.0000: (DUMMY-ACTION-5-2) [D:1.0000; C:1.0000]
 13.0000: (ASSOCIATE_CDK2P1_CYCE_CDK2P1-CYCE) [D:1.0000; C:1.0000]
 13.0000: (DUMMY-ACTION-1-2) [D:1.0000; C:1.0000]
 14.0000: (ASSOCIATE_P57_CDK2P1-CYCE_P57-CDK2P1-CYCE) [D:1.0000; C:1.0000]
 14.0000: (INITIALIZE_CDK2P1) [D:1.0000; C:1.0000]
 15.0000: (DUMMY-ACTION-4-1) [D:1.0000; C:1.0000]
 15.0000: (ASSOCIATE_CDK2P1_CYCA_CDK2P1-CYCA) [D:1.0000; C:1.0000]
 15.0000: (INITIALIZE_P57) [D:1.0000; C:1.0000]
 16.0000: (ASSOCIATE_P57_CDK2P1-CYCA_P57-CDK2P1-CYCA) [D:1.0000; C:1.0000]
 17.0000: (DUMMY-ACTION-3-2) [D:1.0000; C:1.0000]


Solution found:
Total time:      0.05
Search time:     0.01
Actions:         63
Execution cost:  63.00
Duration:        18.000
Plan quality:    63.000


Parsing domain file:  domain 'GROUNDED-PATHWAYS-PROPOSITIONAL' defined ... done.
Parsing problem file:  problem 'GROUNDED-PATHWAYS-08' defined ... done.



Modality: Fast Planner

Number of actions             :     956
Number of conditional actions :       0
Number of facts               :     311


Analyzing Planning Problem:
	Temporal Planning Problem: NO
	Numeric Planning Problem: NO
	Problem with Timed Initial Litearals: NO
	Problem with Derived Predicates: NO

Evaluation function weights:
     Action duration 0.00; Action cost 1.00


Computing mutex... done

Preprocessing total time: 0.07 seconds

Searching ('.' = every 50 search steps):
.. solution found: 

Plan computed:
   Time: (ACTION) [action Duration; action Cost]
 0.0000: (CHOOSE_GP_L1_L0) [D:1.0000; C:1.0000]
 1.0000: (INITIALIZE_GP) [D:1.0000; C:1.0000]
 1.0000: (CHOOSE_SP1_L2_L1) [D:1.0000; C:1.0000]
 2.0000: (INITIALIZE_SP1) [D:1.0000; C:1.0000]
 2.0000: (CHOOSE_GERCC1_L3_L2) [D:1.0000; C:1.0000]
 3.0000: (ASSOCIATE_SP1_GP_SP1-GP) [D:1.0000; C:1.0000]
 3.0000: (INITIALIZE_GERCC1) [D:1.0000; C:1.0000]
 3.0000: (CHOOSE_JUN_L4_L3) [D:1.0000; C:1.0000]
 4.0000: (INITIALIZE_GP) [D:1.0000; C:1.0000]
 4.0000: (SYNTHESIZE_SP1-GP_P107P1) [D:1.0000; C:1.0000]
 4.0000: (INITIALIZE_SP1) [D:1.0000; C:1.0000]
 4.0000: (INITIALIZE_JUN) [D:1.0000; C:1.0000]
 4.0000: (CHOOSE_P53_L5_L4) [D:1.0000; C:1.0000]
 4.0000: (SYNTHESIZE_SP1-GP_CYCA) [D:1.0000; C:1.0000]
 4.0000: (SYNTHESIZE_SP1-GP_CYCD) [D:1.0000; C:1.0000]
 4.0000: (SYNTHESIZE_SP1-GP_CYCE) [D:1.0000; C:1.0000]
 4.0000: (SYNTHESIZE_SP1-GP_CYCEP1) [D:1.0000; C:1.0000]
 5.0000: (ASSOCIATE_SP1_P107P1_SP1-P107P1) [D:1.0000; C:1.0000]
 5.0000: (INITIALIZE_P53) [D:1.0000; C:1.0000]
 5.0000: (CHOOSE_CYCH_L6_L5) [D:1.0000; C:1.0000]
 6.0000: (ASSOCIATE_SP1-P107P1_GP_SP1-P107P1-GP) [D:1.0000; C:1.0000]
 6.0000: (SYNTHESIZE_P53_C-FOS) [D:1.0000; C:1.0000]
 6.0000: (INITIALIZE_CYCH) [D:1.0000; C:1.0000]
 6.0000: (CHOOSE_CDK7_L7_L6) [D:1.0000; C:1.0000]
 6.0000: (SYNTHESIZE_P53_P21) [D:1.0000; C:1.0000]
 7.0000: (DUMMY-ACTION-12-2) [D:1.0000; C:1.0000]
 7.0000: (ASSOCIATE_JUN_C-FOS_JUN-C-FOS) [D:1.0000; C:1.0000]
 7.0000: (INITIALIZE_CDK7) [D:1.0000; C:1.0000]
 7.0000: (CHOOSE_CDK2P1_L8_L7) [D:1.0000; C:1.0000]
 8.0000: (ASSOCIATE_JUN-C-FOS_GERCC1_JUN-C-FOS-GERCC1) [D:1.0000; C:1.0000]
 8.0000: (ASSOCIATE_CDK7_CYCH_CDK7-CYCH) [D:1.0000; C:1.0000]
 8.0000: (INITIALIZE_CDK2P1) [D:1.0000; C:1.0000]
 8.0000: (CHOOSE_CDK46P1_L9_L8) [D:1.0000; C:1.0000]
 9.0000: (DUMMY-ACTION-11-2) [D:1.0000; C:1.0000]
 9.0000: (SYNTHESIZE_JUN-C-FOS-GERCC1_ERCC1) [D:1.0000; C:1.0000]
 9.0000: (ASSOCIATE-WITH-CATALYZE_CDK2P1_CDK7-CYCH_CDK2P1P2) [D:1.0000; C:1.0000]
 9.0000: (INITIALIZE_CDK46P1) [D:1.0000; C:1.0000]
 9.0000: (CHOOSE_DP12_L10_L9) [D:1.0000; C:1.0000]
 10.0000: (DUMMY-ACTION-10-1) [D:1.0000; C:1.0000]
 10.0000: (INITIALIZE_CDK2P1) [D:1.0000; C:1.0000]
 10.0000: (ASSOCIATE_CDK46P1_CYCD_CDK46P1-CYCD) [D:1.0000; C:1.0000]
 10.0000: (ASSOCIATE_CDK2P1P2_CYCE_CDK2P1P2-CYCE) [D:1.0000; C:1.0000]
 10.0000: (INITIALIZE_DP12) [D:1.0000; C:1.0000]
 10.0000: (CHOOSE_CDK2_L11_L10) [D:1.0000; C:1.0000]
 11.0000: (ASSOCIATE_CDK2P1_CYCA_CDK2P1-CYCA) [D:1.0000; C:1.0000]
 11.0000: (ASSOCIATE-WITH-CATALYZE_CDK46P1-CYCD_CDK7-CYCH_CDK46P1P2-CYCD) [D:1.0000; C:1.0000]
 11.0000: (DUMMY-ACTION-7-2) [D:1.0000; C:1.0000]
 11.0000: (SYNTHESIZE_SP1-GP_CYCE) [D:1.0000; C:1.0000]
 11.0000: (INITIALIZE_CDK2) [D:1.0000; C:1.0000]
 11.0000: (CHOOSE_P53P1_L12_L11) [D:1.0000; C:1.0000]
 12.0000: (ASSOCIATE-WITH-CATALYZE_CDK2P1-CYCA_CDK7-CYCH_CDK2P1P2-CYCA) [D:1.0000; C:1.0000]
 12.0000: (ASSOCIATE_P21_CDK46P1P2-CYCD_P21-CDK46P1P2-CYCD) [D:1.0000; C:1.0000]
 12.0000: (INITIALIZE_CDK2P1) [D:1.0000; C:1.0000]
 12.0000: (INITIALIZE_CDK2P1) [D:1.0000; C:1.0000]
 12.0000: (SYNTHESIZE_SP1-GP_CYCA) [D:1.0000; C:1.0000]
 12.0000: (ASSOCIATE-WITH-CATALYZE_CDK2_CDK7-CYCH_CDK2P2) [D:1.0000; C:1.0000]
 12.0000: (INITIALIZE_P53P1) [D:1.0000; C:1.0000]
 12.0000: (CHOOSE_SKP1_L13_L12) [D:1.0000; C:1.0000]
 13.0000: (DUMMY-ACTION-9-2) [D:1.0000; C:1.0000]
 13.0000: (DUMMY-ACTION-8-1) [D:1.0000; C:1.0000]
 13.0000: (ASSOCIATE_CDK2P1_CYCE_CDK2P1-CYCE) [D:1.0000; C:1.0000]
 13.0000: (SYNTHESIZE_P53_P21) [D:1.0000; C:1.0000]
 13.0000: (INITIALIZE_CDK2) [D:1.0000; C:1.0000]
 13.0000: (ASSOCIATE_CDK2P2_CYCA_CDK2P2-CYCA) [D:1.0000; C:1.0000]
 13.0000: (INITIALIZE_SKP1) [D:1.0000; C:1.0000]
 13.0000: (CHOOSE_SKP2_L14_L13) [D:1.0000; C:1.0000]
 14.0000: (ASSOCIATE_P21_CDK2P1-CYCE_P21-CDK2P1-CYCE) [D:1.0000; C:1.0000]
 14.0000: (INITIALIZE_CDK2P1) [D:1.0000; C:1.0000]
 14.0000: (ASSOCIATE-WITH-CATALYZE_DP12_CDK2P2-CYCA_DP12P1) [D:1.0000; C:1.0000]
 14.0000: (ASSOCIATE-WITH-CATALYZE_SKP1_CDK2P2-CYCA_SKP1P1) [D:1.0000; C:1.0000]
 14.0000: (INITIALIZE_SKP2) [D:1.0000; C:1.0000]
 14.0000: (SYNTHESIZE_SP1-GP_CYCA) [D:1.0000; C:1.0000]
 15.0000: (DUMMY-ACTION-6-1) [D:1.0000; C:1.0000]
 15.0000: (ASSOCIATE_CDK2P1_CYCEP1_CDK2P1-CYCEP1) [D:1.0000; C:1.0000]
 15.0000: (SYNTHESIZE_P53_P21) [D:1.0000; C:1.0000]
 15.0000: (ASSOCIATE_P53P1_DP12P1_P53P1-DP12P1) [D:1.0000; C:1.0000]
 15.0000: (ASSOCIATE_SKP2_SKP1P1_SKP2-SKP1P1) [D:1.0000; C:1.0000]
 15.0000: (ASSOCIATE_CDK2_CYCA_CDK2-CYCA) [D:1.0000; C:1.0000]
 15.0000: (INITIALIZE_SKP1) [D:1.0000; C:1.0000]
 16.0000: (ASSOCIATE-WITH-CATALYZE_CDK2P1-CYCEP1_CDK7-CYCH_CDK2P1P2-CYCEP1) [D:1.0000; C:1.0000]
 16.0000: (DUMMY-ACTION-4-1) [D:1.0000; C:1.0000]
 16.0000: (DUMMY-ACTION-3-2) [D:1.0000; C:1.0000]
 16.0000: (ASSOCIATE-WITH-CATALYZE_SKP1_CDK2P2-CYCA_SKP1P1) [D:1.0000; C:1.0000]
 16.0000: (INITIALIZE_SKP2) [D:1.0000; C:1.0000]
 17.0000: (ASSOCIATE_P21_CDK2P1P2-CYCEP1_P21-CDK2P1P2-CYCEP1) [D:1.0000; C:1.0000]
 17.0000: (ASSOCIATE_SKP2-SKP1P1_CDK2P1P2-CYCA_SKP2-SKP1P1-CDK2P1P2-CYCA) [D:1.0000; C:1.0000]
 18.0000: (DUMMY-ACTION-5-1) [D:1.0000; C:1.0000]
 18.0000: (ASSOCIATE_SKP2_SKP1P1_SKP2-SKP1P1) [D:1.0000; C:1.0000]
 18.0000: (DUMMY-ACTION-2-2) [D:1.0000; C:1.0000]
 19.0000: (ASSOCIATE_SKP2-SKP1P1_CDK2-CYCA_SKP2-SKP1P1-CDK2-CYCA) [D:1.0000; C:1.0000]
 20.0000: (DUMMY-ACTION-1-1) [D:1.0000; C:1.0000]


Solution found:
Total time:      0.10
Search time:     0.03
Actions:         91
Execution cost:  91.00
Duration:        21.000
Plan quality:    91.000


Parsing domain file:  domain 'GROUNDED-PATHWAYS-PROPOSITIONAL' defined ... done.
Parsing problem file:  problem 'GROUNDED-PATHWAYS-09' defined ... done.



Modality: Fast Planner

Number of actions             :     823
Number of conditional actions :       0
Number of facts               :     307


Analyzing Planning Problem:
	Temporal Planning Problem: NO
	Numeric Planning Problem: NO
	Problem with Timed Initial Litearals: NO
	Problem with Derived Predicates: NO

Evaluation function weights:
     Action duration 0.00; Action cost 1.00


Computing mutex... done

Preprocessing total time: 0.05 seconds

Searching ('.' = every 50 search steps):
........... search limit exceeded. Restart.
. solution found: 

Plan computed:
   Time: (ACTION) [action Duration; action Cost]
 0.0000: (CHOOSE_CEBP_L1_L0) [D:1.0000; C:1.0000]
 1.0000: (INITIALIZE_CEBP) [D:1.0000; C:1.0000]
 1.0000: (CHOOSE_CDK46P3-CYCD_L2_L1) [D:1.0000; C:1.0000]
 2.0000: (INITIALIZE_CDK46P3-CYCD) [D:1.0000; C:1.0000]
 2.0000: (CHOOSE_PCNA_L3_L2) [D:1.0000; C:1.0000]
 3.0000: (CHOOSE_PRB_L4_L3) [D:1.0000; C:1.0000]
 4.0000: (INITIALIZE_PRB) [D:1.0000; C:1.0000]
 4.0000: (CHOOSE_CKS1_L5_L4) [D:1.0000; C:1.0000]
 5.0000: (ASSOCIATE-WITH-CATALYZE_PRB_CDK46P3-CYCD_PRBP1) [D:1.0000; C:1.0000]
 5.0000: (INITIALIZE_CKS1) [D:1.0000; C:1.0000]
 5.0000: (CHOOSE_CDK1P1P2_L6_L5) [D:1.0000; C:1.0000]
 6.0000: (ASSOCIATE_CEBP_PRBP1_CEBP-PRBP1) [D:1.0000; C:1.0000]
 6.0000: (INITIALIZE_CDK1P1P2) [D:1.0000; C:1.0000]
 6.0000: (CHOOSE_PLK1_L7_L6) [D:1.0000; C:1.0000]
 7.0000: (DUMMY-ACTION-13-2) [D:1.0000; C:1.0000]
 7.0000: (INITIALIZE_PLK1) [D:1.0000; C:1.0000]
 7.0000: (CHOOSE_CDC25C_L8_L7) [D:1.0000; C:1.0000]
 8.0000: (INITIALIZE_CDC25C) [D:1.0000; C:1.0000]
 8.0000: (CHOOSE_P53_L9_L8) [D:1.0000; C:1.0000]
 9.0000: (ASSOCIATE-WITH-CATALYZE_CDC25C_PLK1_CDC25CP1) [D:1.0000; C:1.0000]
 9.0000: (INITIALIZE_P53) [D:1.0000; C:1.0000]
 9.0000: (CHOOSE_CYCH_L10_L9) [D:1.0000; C:1.0000]
 10.0000: (ASSOCIATE-WITH-CATALYZE_CDK1P1P2_CDC25CP1_CDK1P2) [D:1.0000; C:1.0000]
 10.0000: (SYNTHESIZE_P53_GADD45) [D:1.0000; C:1.0000]
 10.0000: (INITIALIZE_CYCH) [D:1.0000; C:1.0000]
 10.0000: (CHOOSE_CDK7_L11_L10) [D:1.0000; C:1.0000]
 11.0000: (INITIALIZE_CDK1P1P2) [D:1.0000; C:1.0000]
 11.0000: (ASSOCIATE_CDK1P2_CKS1_CDK1P2-CKS1) [D:1.0000; C:1.0000]
 11.0000: (INITIALIZE_CDK7) [D:1.0000; C:1.0000]
 11.0000: (CHOOSE_CYCB_L12_L11) [D:1.0000; C:1.0000]
 12.0000: (ASSOCIATE-WITH-CATALYZE_CDK1P1P2_CDC25CP1_CDK1P1) [D:1.0000; C:1.0000]
 12.0000: (DUMMY-ACTION-12-1) [D:1.0000; C:1.0000]
 12.0000: (INITIALIZE_CKS1) [D:1.0000; C:1.0000]
 12.0000: (ASSOCIATE_CDK7_CYCH_CDK7-CYCH) [D:1.0000; C:1.0000]
 12.0000: (INITIALIZE_CYCB) [D:1.0000; C:1.0000]
 13.0000: (ASSOCIATE-WITH-CATALYZE_CDK1P1_CDC25CP1_CDK1) [D:1.0000; C:1.0000]
 13.0000: (INITIALIZE_CDK1P1P2) [D:1.0000; C:1.0000]
 14.0000: (ASSOCIATE_CDK1_GADD45_CDK1-GADD45) [D:1.0000; C:1.0000]
 14.0000: (ASSOCIATE-WITH-CATALYZE_CDK1P1P2_CDK7-CYCH_CDK1P1P2P3) [D:1.0000; C:1.0000]
 15.0000: (DUMMY-ACTION-11-1) [D:1.0000; C:1.0000]
 15.0000: (INITIALIZE_CDK1P1P2) [D:1.0000; C:1.0000]
 15.0000: (ASSOCIATE-WITH-CATALYZE_CDK1P1P2P3_CDC25CP1_CDK1P2P3) [D:1.0000; C:1.0000]
 15.0000: (SYNTHESIZE_P53_GADD45) [D:1.0000; C:1.0000]
 16.0000: (ASSOCIATE-WITH-CATALYZE_CDK1P1P2_CDC25CP1_CDK1P2) [D:1.0000; C:1.0000]
 16.0000: (ASSOCIATE-WITH-CATALYZE_CDK1P2P3_CDC25CP1_CDK1P3) [D:1.0000; C:1.0000]
 17.0000: (INITIALIZE_CDK1P1P2) [D:1.0000; C:1.0000]
 17.0000: (ASSOCIATE-WITH-CATALYZE_CDK1P2_CDC25CP1_CDK1) [D:1.0000; C:1.0000]
 17.0000: (DUMMY-ACTION-8-2) [D:1.0000; C:1.0000]
 18.0000: (ASSOCIATE-WITH-CATALYZE_CDK1P1P2_CDC25CP1_CDK1P2) [D:1.0000; C:1.0000]
 19.0000: (ASSOCIATE-WITH-CATALYZE_CDK1P2_CDK7-CYCH_CDK1P2P3) [D:1.0000; C:1.0000]
 19.0000: (INITIALIZE_CDK1P1P2) [D:1.0000; C:1.0000]
 20.0000: (DUMMY-ACTION-7-1) [D:1.0000; C:1.0000]
 20.0000: (ASSOCIATE-WITH-CATALYZE_CDK1P1P2_CDK7-CYCH_CDK1P1P2P3) [D:1.0000; C:1.0000]
 21.0000: (ASSOCIATE_CDK1P2P3_CKS1_CDK1P2P3-CKS1) [D:1.0000; C:1.0000]
 21.0000: (ASSOCIATE_CDK1P1P2P3_GADD45_CDK1P1P2P3-GADD45) [D:1.0000; C:1.0000]
 21.0000: (INITIALIZE_CDK1P1P2) [D:1.0000; C:1.0000]
 22.0000: (DUMMY-ACTION-10-2) [D:1.0000; C:1.0000]
 22.0000: (DUMMY-ACTION-9-2) [D:1.0000; C:1.0000]
 22.0000: (ASSOCIATE-WITH-CATALYZE_CDK1P1P2_CDK7-CYCH_CDK1P1P2P3) [D:1.0000; C:1.0000]
 22.0000: (INITIALIZE_CKS1) [D:1.0000; C:1.0000]
 22.0000: (SYNTHESIZE_P53_GADD45) [D:1.0000; C:1.0000]
 23.0000: (ASSOCIATE-WITH-CATALYZE_CDK1P1P2P3_CDC25CP1_CDK1P1P3) [D:1.0000; C:1.0000]
 23.0000: (INITIALIZE_CDK1P1P2) [D:1.0000; C:1.0000]
 23.0000: (ASSOCIATE_CDK1P3_CKS1_CDK1P3-CKS1) [D:1.0000; C:1.0000]
 24.0000: (ASSOCIATE-WITH-CATALYZE_CDK1P1P2_CDK7-CYCH_CDK1P1P2P3) [D:1.0000; C:1.0000]
 24.0000: (INITIALIZE_CKS1) [D:1.0000; C:1.0000]
 24.0000: (DUMMY-ACTION-3-2) [D:1.0000; C:1.0000]
 24.0000: (ASSOCIATE-WITH-CATALYZE_CDK1_CDK7-CYCH_CDK1P3) [D:1.0000; C:1.0000]
 25.0000: (ASSOCIATE_CDK1P1P2P3_CYCB_CDK1P1P2P3-CYCB) [D:1.0000; C:1.0000]
 25.0000: (ASSOCIATE_CDK1P1P3_CKS1_CDK1P1P3-CKS1) [D:1.0000; C:1.0000]
 25.0000: (ASSOCIATE_CDK1P3_GADD45_CDK1P3-GADD45) [D:1.0000; C:1.0000]
 26.0000: (DUMMY-ACTION-6-2) [D:1.0000; C:1.0000]
 26.0000: (DUMMY-ACTION-4-1) [D:1.0000; C:1.0000]
 26.0000: (DUMMY-ACTION-2-1) [D:1.0000; C:1.0000]
 27.0000: (ASSOCIATE-WITH-CATALYZE_CDK1P1P2P3-CYCB_CDC25CP1_CDK1P1P3-CYCB) [D:1.0000; C:1.0000]
 28.0000: (DUMMY-ACTION-5-2) [D:1.0000; C:1.0000]
 29.0000: (ASSOCIATE-WITH-CATALYZE_CDK1P1P3-CYCB_CDC25CP1_CDK1P3-CYCB) [D:1.0000; C:1.0000]
 30.0000: (DUMMY-ACTION-1-2) [D:1.0000; C:1.0000]


Solution found:
Total time:      0.77
Search time:     0.72
Actions:         78
Execution cost:  78.00
Duration:        31.000
Plan quality:    78.000


Parsing domain file:  domain 'GROUNDED-PATHWAYS-PROPOSITIONAL' defined ... done.
Parsing problem file:  problem 'GROUNDED-PATHWAYS-10' defined ... done.



Modality: Fast Planner

Number of actions             :     823
Number of conditional actions :       0
Number of facts               :     264


Analyzing Planning Problem:
	Temporal Planning Problem: NO
	Numeric Planning Problem: NO
	Problem with Timed Initial Litearals: NO
	Problem with Derived Predicates: NO

Evaluation function weights:
     Action duration 0.00; Action cost 1.00


Computing mutex... done

Preprocessing total time: 0.06 seconds

Searching ('.' = every 50 search steps):
. solution found: 

Plan computed:
   Time: (ACTION) [action Duration; action Cost]
 0.0000: (CHOOSE_E2F13_L1_L0) [D:1.0000; C:1.0000]
 1.0000: (INITIALIZE_E2F13) [D:1.0000; C:1.0000]
 1.0000: (CHOOSE_CDK2P1_L2_L1) [D:1.0000; C:1.0000]
 2.0000: (INITIALIZE_CDK2P1) [D:1.0000; C:1.0000]
 2.0000: (CHOOSE_GE2_L3_L2) [D:1.0000; C:1.0000]
 3.0000: (INITIALIZE_GE2) [D:1.0000; C:1.0000]
 3.0000: (CHOOSE_E2F13P1-DP12_L4_L3) [D:1.0000; C:1.0000]
 4.0000: (INITIALIZE_E2F13P1-DP12) [D:1.0000; C:1.0000]
 4.0000: (CHOOSE_RAF1_L5_L4) [D:1.0000; C:1.0000]
 5.0000: (ASSOCIATE_E2F13P1-DP12_GE2_E2F13P1-DP12-GE2) [D:1.0000; C:1.0000]
 5.0000: (INITIALIZE_RAF1) [D:1.0000; C:1.0000]
 5.0000: (CHOOSE_GCDC25A_L6_L5) [D:1.0000; C:1.0000]
 6.0000: (SYNTHESIZE_E2F13P1-DP12-GE2_CYCA) [D:1.0000; C:1.0000]
 6.0000: (INITIALIZE_GCDC25A) [D:1.0000; C:1.0000]
 6.0000: (CHOOSE_MAX_L7_L6) [D:1.0000; C:1.0000]
 6.0000: (SYNTHESIZE_E2F13P1-DP12-GE2_C-MYC) [D:1.0000; C:1.0000]
 6.0000: (SYNTHESIZE_E2F13P1-DP12-GE2_POL) [D:1.0000; C:1.0000]
 6.0000: (SYNTHESIZE_E2F13P1-DP12-GE2_CYCD) [D:1.0000; C:1.0000]
 6.0000: (SYNTHESIZE_E2F13P1-DP12-GE2_CYCE) [D:1.0000; C:1.0000]
 7.0000: (ASSOCIATE_CDK2P1_CYCA_CDK2P1-CYCA) [D:1.0000; C:1.0000]
 7.0000: (INITIALIZE_MAX) [D:1.0000; C:1.0000]
 7.0000: (DUMMY-ACTION-4-2) [D:1.0000; C:1.0000]
 7.0000: (DUMMY-ACTION-11-2) [D:1.0000; C:1.0000]
 7.0000: (CHOOSE_CDK46P1_L8_L7) [D:1.0000; C:1.0000]
 8.0000: (ASSOCIATE_CDK2P1-CYCA_E2F13_CDK2P1-CYCA-E2F13) [D:1.0000; C:1.0000]
 8.0000: (ASSOCIATE_C-MYC_MAX_C-MYC-MAX) [D:1.0000; C:1.0000]
 8.0000: (INITIALIZE_CDK46P1) [D:1.0000; C:1.0000]
 8.0000: (INITIALIZE_CDK2P1) [D:1.0000; C:1.0000]
 8.0000: (SYNTHESIZE_E2F13P1-DP12-GE2_CYCA) [D:1.0000; C:1.0000]
 8.0000: (CHOOSE_P130-E2F4P1-DP12_L9_L8) [D:1.0000; C:1.0000]
 9.0000: (DUMMY-ACTION-14-2) [D:1.0000; C:1.0000]
 9.0000: (ASSOCIATE_C-MYC-MAX_GCDC25A_C-MYC-MAX-GCDC25A) [D:1.0000; C:1.0000]
 9.0000: (INITIALIZE_E2F13) [D:1.0000; C:1.0000]
 9.0000: (DUMMY-ACTION-2-2) [D:1.0000; C:1.0000]
 9.0000: (CHOOSE_P57_L10_L9) [D:1.0000; C:1.0000]
 10.0000: (SYNTHESIZE_C-MYC-MAX-GCDC25A_CDC25A) [D:1.0000; C:1.0000]
 10.0000: (ASSOCIATE_CDK2P1_CYCA_CDK2P1-CYCA) [D:1.0000; C:1.0000]
 10.0000: (CHOOSE_P27_L11_L10) [D:1.0000; C:1.0000]
 10.0000: (INITIALIZE_P57) [D:1.0000; C:1.0000]
 11.0000: (ASSOCIATE-WITH-CATALYZE_CDC25A_RAF1_CDC25AP1) [D:1.0000; C:1.0000]
 11.0000: (INITIALIZE_CDK2P1) [D:1.0000; C:1.0000]
 11.0000: (INITIALIZE_P27) [D:1.0000; C:1.0000]
 11.0000: (CHOOSE_P57P1_L12_L11) [D:1.0000; C:1.0000]
 12.0000: (DUMMY-ACTION-13-2) [D:1.0000; C:1.0000]
 12.0000: (SYNTHESIZE_C-MYC-MAX-GCDC25A_CDC25A) [D:1.0000; C:1.0000]
 12.0000: (SYNTHESIZE_C-MYC-MAX-GCDC25A_CDC25A) [D:1.0000; C:1.0000]
 12.0000: (ASSOCIATE_CDK2P1_CYCE_CDK2P1-CYCE) [D:1.0000; C:1.0000]
 12.0000: (INITIALIZE_P57P1) [D:1.0000; C:1.0000]
 13.0000: (ASSOCIATE_RAF1_CDC25AP1_RAF1-CDC25AP1) [D:1.0000; C:1.0000]
 13.0000: (INITIALIZE_CDK2P1) [D:1.0000; C:1.0000]
 13.0000: (SYNTHESIZE_E2F13P1-DP12-GE2_CYCE) [D:1.0000; C:1.0000]
 14.0000: (INITIALIZE_RAF1) [D:1.0000; C:1.0000]
 14.0000: (DUMMY-ACTION-10-1) [D:1.0000; C:1.0000]
 15.0000: (ASSOCIATE-WITH-CATALYZE_CDC25A_RAF1_CDC25AP1) [D:1.0000; C:1.0000]
 16.0000: (SYNTHESIZE_C-MYC-MAX-GCDC25A_CDC25A) [D:1.0000; C:1.0000]
 16.0000: (ASSOCIATE-WITH-CATALYZE_CDK46P1_CDC25AP1_CDK46) [D:1.0000; C:1.0000]
 16.0000: (ASSOCIATE-WITH-CATALYZE_CDK2P1-CYCA_CDC25AP1_CDK2-CYCA) [D:1.0000; C:1.0000]
 16.0000: (ASSOCIATE-WITH-CATALYZE_CDK2P1-CYCE_CDC25AP1_CDK2-CYCE) [D:1.0000; C:1.0000]
 17.0000: (ASSOCIATE_RAF1_CDC25A_RAF1-CDC25A) [D:1.0000; C:1.0000]
 17.0000: (DUMMY-ACTION-9-1) [D:1.0000; C:1.0000]
 17.0000: (ASSOCIATE_CDK2-CYCA_E2F13_CDK2-CYCA-E2F13) [D:1.0000; C:1.0000]
 17.0000: (ASSOCIATE_P27_CDK2-CYCE_P27-CDK2-CYCE) [D:1.0000; C:1.0000]
 17.0000: (ASSOCIATE_CDK2P1_CYCE_CDK2P1-CYCE) [D:1.0000; C:1.0000]
 17.0000: (INITIALIZE_CDK46P1) [D:1.0000; C:1.0000]
 18.0000: (DUMMY-ACTION-12-2) [D:1.0000; C:1.0000]
 18.0000: (ASSOCIATE_CDK46_CYCD_CDK46-CYCD) [D:1.0000; C:1.0000]
 18.0000: (DUMMY-ACTION-7-1) [D:1.0000; C:1.0000]
 18.0000: (DUMMY-ACTION-6-2) [D:1.0000; C:1.0000]
 18.0000: (ASSOCIATE-WITH-CATALYZE_CDK2P1-CYCE_CDC25AP1_CDK2-CYCE) [D:1.0000; C:1.0000]
 19.0000: (DUMMY-ACTION-8-1) [D:1.0000; C:1.0000]
 19.0000: (ASSOCIATE-WITH-CATALYZE_CDK46P1_CDC25AP1_CDK46) [D:1.0000; C:1.0000]
 19.0000: (SYNTHESIZE_E2F13P1-DP12-GE2_CYCD) [D:1.0000; C:1.0000]
 20.0000: (ASSOCIATE_P57_CDK46-CYCD_P57-CDK46-CYCD) [D:1.0000; C:1.0000]
 21.0000: (INITIALIZE_P57) [D:1.0000; C:1.0000]
 21.0000: (DUMMY-ACTION-3-2) [D:1.0000; C:1.0000]
 21.0000: (ASSOCIATE_CDK46_CYCD_CDK46-CYCD) [D:1.0000; C:1.0000]
 22.0000: (ASSOCIATE_P57_CDK2-CYCE_P57-CDK2-CYCE) [D:1.0000; C:1.0000]
 22.0000: (ASSOCIATE_P57P1_CDK46-CYCD_P57P1-CDK46-CYCD) [D:1.0000; C:1.0000]
 23.0000: (DUMMY-ACTION-5-2) [D:1.0000; C:1.0000]
 23.0000: (DUMMY-ACTION-1-2) [D:1.0000; C:1.0000]


Solution found:
Total time:      0.08
Search time:     0.02
Actions:         80
Execution cost:  80.00
Duration:        24.000
Plan quality:    80.000


Parsing domain file:  domain 'GROUNDED-PATHWAYS-PROPOSITIONAL' defined ... done.
Parsing problem file:  problem 'GROUNDED-PATHWAYS-11' defined ... done.



Modality: Fast Planner

Number of actions             :     727
Number of conditional actions :       0
Number of facts               :     266


Analyzing Planning Problem:
	Temporal Planning Problem: NO
	Numeric Planning Problem: NO
	Problem with Timed Initial Litearals: NO
	Problem with Derived Predicates: NO

Evaluation function weights:
     Action duration 0.00; Action cost 1.00


Computing mutex... done

Preprocessing total time: 0.05 seconds

Searching ('.' = every 50 search steps):
. solution found: 

Plan computed:
   Time: (ACTION) [action Duration; action Cost]
 0.0000: (CHOOSE_SP1_L1_L0) [D:1.0000; C:1.0000]
 1.0000: (INITIALIZE_SP1) [D:1.0000; C:1.0000]
 1.0000: (CHOOSE_GE2_L2_L1) [D:1.0000; C:1.0000]
 2.0000: (INITIALIZE_GE2) [D:1.0000; C:1.0000]
 2.0000: (CHOOSE_CDK2_L3_L2) [D:1.0000; C:1.0000]
 3.0000: (CHOOSE_E2F13-DP12_L4_L3) [D:1.0000; C:1.0000]
 3.0000: (INITIALIZE_CDK2) [D:1.0000; C:1.0000]
 4.0000: (INITIALIZE_E2F13-DP12) [D:1.0000; C:1.0000]
 4.0000: (CHOOSE_CDK46P1_L5_L4) [D:1.0000; C:1.0000]
 5.0000: (ASSOCIATE_E2F13-DP12_GE2_E2F13-DP12-GE2) [D:1.0000; C:1.0000]
 5.0000: (INITIALIZE_CDK46P1) [D:1.0000; C:1.0000]
 5.0000: (CHOOSE_P53_L6_L5) [D:1.0000; C:1.0000]
 6.0000: (SYNTHESIZE_E2F13-DP12-GE2_P107P1) [D:1.0000; C:1.0000]
 6.0000: (SYNTHESIZE_E2F13-DP12-GE2_CYCD) [D:1.0000; C:1.0000]
 6.0000: (INITIALIZE_P53) [D:1.0000; C:1.0000]
 6.0000: (SYNTHESIZE_E2F13-DP12-GE2_CYCEP1) [D:1.0000; C:1.0000]
 6.0000: (SYNTHESIZE_E2F13-DP12-GE2_CYCA) [D:1.0000; C:1.0000]
 6.0000: (SYNTHESIZE_E2F13-DP12-GE2_P19ARF) [D:1.0000; C:1.0000]
 6.0000: (SYNTHESIZE_E2F13-DP12-GE2_CYCDP1) [D:1.0000; C:1.0000]
 6.0000: (CHOOSE_P57_L7_L6) [D:1.0000; C:1.0000]
 6.0000: (SYNTHESIZE_E2F13-DP12-GE2_P107) [D:1.0000; C:1.0000]
 6.0000: (SYNTHESIZE_E2F13-DP12-GE2_CYCE) [D:1.0000; C:1.0000]
 7.0000: (DUMMY-ACTION-13-2) [D:1.0000; C:1.0000]
 7.0000: (ASSOCIATE_CDK46P1_CYCD_CDK46P1-CYCD) [D:1.0000; C:1.0000]
 7.0000: (SYNTHESIZE_P53_P21) [D:1.0000; C:1.0000]
 7.0000: (ASSOCIATE_CDK2_CYCEP1_CDK2-CYCEP1) [D:1.0000; C:1.0000]
 7.0000: (DUMMY-ACTION-10-2) [D:1.0000; C:1.0000]
 7.0000: (INITIALIZE_P57) [D:1.0000; C:1.0000]
 7.0000: (CHOOSE_PCNA_L8_L7) [D:1.0000; C:1.0000]
 8.0000: (ASSOCIATE_SP1_P107P1_SP1-P107P1) [D:1.0000; C:1.0000]
 8.0000: (ASSOCIATE_P21_CDK46P1-CYCD_P21-CDK46P1-CYCD) [D:1.0000; C:1.0000]
 8.0000: (INITIALIZE_CDK2) [D:1.0000; C:1.0000]
 8.0000: (INITIALIZE_CDK46P1) [D:1.0000; C:1.0000]
 8.0000: (SYNTHESIZE_E2F13-DP12-GE2_CYCD) [D:1.0000; C:1.0000]
 8.0000: (INITIALIZE_PCNA) [D:1.0000; C:1.0000]
 8.0000: (SYNTHESIZE_E2F13-DP12-GE2_CYCEP1) [D:1.0000; C:1.0000]
 9.0000: (DUMMY-ACTION-15-2) [D:1.0000; C:1.0000]
 9.0000: (DUMMY-ACTION-14-1) [D:1.0000; C:1.0000]
 9.0000: (SYNTHESIZE_P53_P21) [D:1.0000; C:1.0000]
 9.0000: (ASSOCIATE_CDK2_CYCA_CDK2-CYCA) [D:1.0000; C:1.0000]
 9.0000: (ASSOCIATE_CDK46P1_CYCDP1_CDK46P1-CYCDP1) [D:1.0000; C:1.0000]
 9.0000: (INITIALIZE_SP1) [D:1.0000; C:1.0000]
 10.0000: (ASSOCIATE_P21_CDK2-CYCEP1_P21-CDK2-CYCEP1) [D:1.0000; C:1.0000]
 10.0000: (DUMMY-ACTION-9-2) [D:1.0000; C:1.0000]
 10.0000: (INITIALIZE_CDK46P1) [D:1.0000; C:1.0000]
 10.0000: (ASSOCIATE_SP1_P107_SP1-P107) [D:1.0000; C:1.0000]
 10.0000: (SYNTHESIZE_E2F13-DP12-GE2_CYCDP1) [D:1.0000; C:1.0000]
 10.0000: (INITIALIZE_CDK2) [D:1.0000; C:1.0000]
 10.0000: (SYNTHESIZE_E2F13-DP12-GE2_CYCA) [D:1.0000; C:1.0000]
 11.0000: (DUMMY-ACTION-12-2) [D:1.0000; C:1.0000]
 11.0000: (SYNTHESIZE_P53_P21) [D:1.0000; C:1.0000]
 11.0000: (ASSOCIATE_CDK46P1_CYCD_CDK46P1-CYCD) [D:1.0000; C:1.0000]
 11.0000: (DUMMY-ACTION-7-1) [D:1.0000; C:1.0000]
 11.0000: (ASSOCIATE_PCNA_CYCDP1_PCNA-CYCDP1) [D:1.0000; C:1.0000]
 11.0000: (ASSOCIATE_CDK2_CYCEP1_CDK2-CYCEP1) [D:1.0000; C:1.0000]
 12.0000: (ASSOCIATE_P21_CDK2-CYCA_P21-CDK2-CYCA) [D:1.0000; C:1.0000]
 12.0000: (ASSOCIATE_P57_CDK46P1-CYCD_P57-CDK46P1-CYCD) [D:1.0000; C:1.0000]
 12.0000: (DUMMY-ACTION-6-1) [D:1.0000; C:1.0000]
 12.0000: (INITIALIZE_PCNA) [D:1.0000; C:1.0000]
 12.0000: (INITIALIZE_CDK2) [D:1.0000; C:1.0000]
 13.0000: (DUMMY-ACTION-11-1) [D:1.0000; C:1.0000]
 13.0000: (DUMMY-ACTION-8-1) [D:1.0000; C:1.0000]
 13.0000: (INITIALIZE_P57) [D:1.0000; C:1.0000]
 13.0000: (SYNTHESIZE_P53_P21) [D:1.0000; C:1.0000]
 13.0000: (ASSOCIATE_CDK2_CYCA_CDK2-CYCA) [D:1.0000; C:1.0000]
 14.0000: (ASSOCIATE_P57_CDK2-CYCEP1_P57-CDK2-CYCEP1) [D:1.0000; C:1.0000]
 14.0000: (ASSOCIATE_PCNA_P21_PCNA-P21) [D:1.0000; C:1.0000]
 14.0000: (INITIALIZE_CDK2) [D:1.0000; C:1.0000]
 15.0000: (DUMMY-ACTION-5-2) [D:1.0000; C:1.0000]
 15.0000: (ASSOCIATE_PCNA-P21_CDK46P1-CYCDP1_PCNA-P21-CDK46P1-CYCDP1) [D:1.0000; C:1.0000]
 15.0000: (INITIALIZE_P57) [D:1.0000; C:1.0000]
 15.0000: (ASSOCIATE_CDK2_CYCE_CDK2-CYCE) [D:1.0000; C:1.0000]
 15.0000: (SYNTHESIZE_P53_P21) [D:1.0000; C:1.0000]
 15.0000: (INITIALIZE_PCNA) [D:1.0000; C:1.0000]
 16.0000: (DUMMY-ACTION-4-1) [D:1.0000; C:1.0000]
 16.0000: (ASSOCIATE_P57_CDK2-CYCA_P57-CDK2-CYCA) [D:1.0000; C:1.0000]
 16.0000: (ASSOCIATE_PCNA_P21_PCNA-P21) [D:1.0000; C:1.0000]
 16.0000: (INITIALIZE_CDK2) [D:1.0000; C:1.0000]
 16.0000: (SYNTHESIZE_E2F13-DP12-GE2_CYCE) [D:1.0000; C:1.0000]
 17.0000: (DUMMY-ACTION-3-1) [D:1.0000; C:1.0000]
 17.0000: (ASSOCIATE_PCNA-P21_CDK2-CYCE_PCNA-P21-CDK2-CYCE) [D:1.0000; C:1.0000]
 17.0000: (INITIALIZE_P57) [D:1.0000; C:1.0000]
 18.0000: (DUMMY-ACTION-2-2) [D:1.0000; C:1.0000]
 18.0000: (ASSOCIATE_CDK2_CYCE_CDK2-CYCE) [D:1.0000; C:1.0000]
 19.0000: (ASSOCIATE_P57_CDK2-CYCE_P57-CDK2-CYCE) [D:1.0000; C:1.0000]
 20.0000: (DUMMY-ACTION-1-1) [D:1.0000; C:1.0000]


Solution found:
Total time:      0.07
Search time:     0.02
Actions:         86
Execution cost:  86.00
Duration:        21.000
Plan quality:    86.000


Parsing domain file:  domain 'GROUNDED-PATHWAYS-PROPOSITIONAL' defined ... done.
Parsing problem file:  problem 'GROUNDED-PATHWAYS-12' defined ... done.



Modality: Fast Planner

Number of actions             :     972
Number of conditional actions :       0
Number of facts               :     333


Analyzing Planning Problem:
	Temporal Planning Problem: NO
	Numeric Planning Problem: NO
	Problem with Timed Initial Litearals: NO
	Problem with Derived Predicates: NO

Evaluation function weights:
     Action duration 0.00; Action cost 1.00


Computing mutex... done

Preprocessing total time: 0.07 seconds

Searching ('.' = every 50 search steps):
........... search limit exceeded. Restart.
............. search limit exceeded. Restart.
............... search limit exceeded. Restart.
.................. search limit exceeded. Restart.
... solution found: 

Plan computed:
   Time: (ACTION) [action Duration; action Cost]
 0.0000: (CHOOSE_MAX_L1_L0) [D:1.0000; C:1.0000]
 1.0000: (INITIALIZE_MAX) [D:1.0000; C:1.0000]
 1.0000: (CHOOSE_GP_L2_L1) [D:1.0000; C:1.0000]
 2.0000: (INITIALIZE_GP) [D:1.0000; C:1.0000]
 2.0000: (CHOOSE_SP1_L3_L2) [D:1.0000; C:1.0000]
 3.0000: (INITIALIZE_SP1) [D:1.0000; C:1.0000]
 3.0000: (CHOOSE_CDK2_L4_L3) [D:1.0000; C:1.0000]
 4.0000: (ASSOCIATE_SP1_GP_SP1-GP) [D:1.0000; C:1.0000]
 4.0000: (INITIALIZE_CDK2) [D:1.0000; C:1.0000]
 4.0000: (CHOOSE_P53_L5_L4) [D:1.0000; C:1.0000]
 5.0000: (SYNTHESIZE_SP1-GP_C-MYC) [D:1.0000; C:1.0000]
 5.0000: (SYNTHESIZE_SP1-GP_CYCA) [D:1.0000; C:1.0000]
 5.0000: (INITIALIZE_P53) [D:1.0000; C:1.0000]
 5.0000: (SYNTHESIZE_SP1-GP_CYCDP1) [D:1.0000; C:1.0000]
 5.0000: (CHOOSE_CYCH_L6_L5) [D:1.0000; C:1.0000]
 5.0000: (SYNTHESIZE_SP1-GP_CYCE) [D:1.0000; C:1.0000]
 5.0000: (SYNTHESIZE_SP1-GP_CYCEP1) [D:1.0000; C:1.0000]
 6.0000: (ASSOCIATE_C-MYC_MAX_C-MYC-MAX) [D:1.0000; C:1.0000]
 6.0000: (ASSOCIATE_CDK2_CYCA_CDK2-CYCA) [D:1.0000; C:1.0000]
 6.0000: (SYNTHESIZE_P53_P21) [D:1.0000; C:1.0000]
 6.0000: (DUMMY-ACTION-14-2) [D:1.0000; C:1.0000]
 6.0000: (INITIALIZE_CYCH) [D:1.0000; C:1.0000]
 6.0000: (CHOOSE_CDK7_L7_L6) [D:1.0000; C:1.0000]
 7.0000: (DUMMY-ACTION-16-2) [D:1.0000; C:1.0000]
 7.0000: (ASSOCIATE_P21_CDK2-CYCA_P21-CDK2-CYCA) [D:1.0000; C:1.0000]
 7.0000: (INITIALIZE_CDK7) [D:1.0000; C:1.0000]
 7.0000: (INITIALIZE_CDK2) [D:1.0000; C:1.0000]
 7.0000: (CHOOSE_P27_L8_L7) [D:1.0000; C:1.0000]
 7.0000: (SYNTHESIZE_SP1-GP_CYCA) [D:1.0000; C:1.0000]
 8.0000: (DUMMY-ACTION-15-1) [D:1.0000; C:1.0000]
 8.0000: (ASSOCIATE_CDK7_CYCH_CDK7-CYCH) [D:1.0000; C:1.0000]
 8.0000: (INITIALIZE_P27) [D:1.0000; C:1.0000]
 8.0000: (CHOOSE_CDK2P1_L9_L8) [D:1.0000; C:1.0000]
 9.0000: (ASSOCIATE-WITH-CATALYZE_CDK2_CDK7-CYCH_CDK2P2) [D:1.0000; C:1.0000]
 9.0000: (INITIALIZE_CDK2P1) [D:1.0000; C:1.0000]
 9.0000: (CHOOSE_GCDC25A_L10_L9) [D:1.0000; C:1.0000]
 10.0000: (INITIALIZE_CDK2) [D:1.0000; C:1.0000]
 10.0000: (INITIALIZE_CDK2) [D:1.0000; C:1.0000]
 10.0000: (ASSOCIATE-WITH-CATALYZE_CDK2P1_CDK7-CYCH_CDK2P1P2) [D:1.0000; C:1.0000]
 10.0000: (INITIALIZE_GCDC25A) [D:1.0000; C:1.0000]
 10.0000: (CHOOSE_SKP1_L11_L10) [D:1.0000; C:1.0000]
 11.0000: (ASSOCIATE_CDK2_CYCE_CDK2-CYCE) [D:1.0000; C:1.0000]
 11.0000: (INITIALIZE_CDK2P1) [D:1.0000; C:1.0000]
 11.0000: (INITIALIZE_CDK2P1) [D:1.0000; C:1.0000]
 11.0000: (ASSOCIATE_C-MYC-MAX_GCDC25A_C-MYC-MAX-GCDC25A) [D:1.0000; C:1.0000]
 11.0000: (INITIALIZE_SKP1) [D:1.0000; C:1.0000]
 11.0000: (CHOOSE_SKP2_L12_L11) [D:1.0000; C:1.0000]
 12.0000: (ASSOCIATE-WITH-CATALYZE_CDK2-CYCE_CDK7-CYCH_CDK2P2-CYCE) [D:1.0000; C:1.0000]
 12.0000: (SYNTHESIZE_SP1-GP_CYCE) [D:1.0000; C:1.0000]
 12.0000: (INITIALIZE_CDK2) [D:1.0000; C:1.0000]
 12.0000: (SYNTHESIZE_C-MYC-MAX-GCDC25A_CDC25A) [D:1.0000; C:1.0000]
 12.0000: (INITIALIZE_SKP2) [D:1.0000; C:1.0000]
 12.0000: (CHOOSE_CYCB_L13_L12) [D:1.0000; C:1.0000]
 13.0000: (ASSOCIATE-WITH-CATALYZE_P27_CDK2P2-CYCE_P27P1) [D:1.0000; C:1.0000]
 13.0000: (DUMMY-ACTION-8-2) [D:1.0000; C:1.0000]
 13.0000: (INITIALIZE_CYCB) [D:1.0000; C:1.0000]
 13.0000: (CHOOSE_CDK1P1P2_L14_L13) [D:1.0000; C:1.0000]
 14.0000: (INITIALIZE_P27) [D:1.0000; C:1.0000]
 14.0000: (ASSOCIATE_P27P1_CDK2P2-CYCE_P27P1-CDK2P2-CYCE) [D:1.0000; C:1.0000]
 14.0000: (INITIALIZE_CDK1P1P2) [D:1.0000; C:1.0000]
 14.0000: (CHOOSE_PLK1_L15_L14) [D:1.0000; C:1.0000]
 15.0000: (DUMMY-ACTION-13-2) [D:1.0000; C:1.0000]
 15.0000: (ASSOCIATE_CDK2P2_CYCE_CDK2P2-CYCE) [D:1.0000; C:1.0000]
 15.0000: (ASSOCIATE-WITH-CATALYZE_CDK1P1P2_CDK7-CYCH_CDK1P1P2P3) [D:1.0000; C:1.0000]
 15.0000: (INITIALIZE_PLK1) [D:1.0000; C:1.0000]
 15.0000: (CHOOSE_CDC25C_L16_L15) [D:1.0000; C:1.0000]
 16.0000: (ASSOCIATE-WITH-CATALYZE_CDK2_CDK7-CYCH_CDK2P2) [D:1.0000; C:1.0000]
 16.0000: (ASSOCIATE-WITH-CATALYZE_P27_CDK2P2-CYCE_P27P1) [D:1.0000; C:1.0000]
 16.0000: (SYNTHESIZE_SP1-GP_CYCE) [D:1.0000; C:1.0000]
 16.0000: (INITIALIZE_CDC25C) [D:1.0000; C:1.0000]
 16.0000: (CHOOSE_SL1_L17_L16) [D:1.0000; C:1.0000]
 17.0000: (INITIALIZE_CDK2) [D:1.0000; C:1.0000]
 17.0000: (ASSOCIATE_CDK2P2_CYCA_CDK2P2-CYCA) [D:1.0000; C:1.0000]
 17.0000: (INITIALIZE_P27) [D:1.0000; C:1.0000]
 17.0000: (ASSOCIATE_CDK2P1P2_CYCE_CDK2P1P2-CYCE) [D:1.0000; C:1.0000]
 17.0000: (ASSOCIATE-WITH-CATALYZE_CDC25C_PLK1_CDC25CP1) [D:1.0000; C:1.0000]
 17.0000: (INITIALIZE_SL1) [D:1.0000; C:1.0000]
 18.0000: (ASSOCIATE-WITH-CATALYZE_CDK2_CDK7-CYCH_CDK2P2) [D:1.0000; C:1.0000]
 18.0000: (SYNTHESIZE_SP1-GP_CYCA) [D:1.0000; C:1.0000]
 18.0000: (ASSOCIATE-WITH-CATALYZE_SKP2_CDK2P2-CYCA_SKP2P1) [D:1.0000; C:1.0000]
 18.0000: (ASSOCIATE-WITH-CATALYZE_CDK1P1P2P3_CDC25CP1_CDK1P1P3) [D:1.0000; C:1.0000]
 18.0000: (SYNTHESIZE_SP1-GP_CYCE) [D:1.0000; C:1.0000]
 19.0000: (INITIALIZE_CDK2) [D:1.0000; C:1.0000]
 19.0000: (ASSOCIATE_CDK2P1_CYCA_CDK2P1-CYCA) [D:1.0000; C:1.0000]
 19.0000: (INITIALIZE_SKP2) [D:1.0000; C:1.0000]
 19.0000: (DUMMY-ACTION-2-2) [D:1.0000; C:1.0000]
 19.0000: (ASSOCIATE_CDK1P1P3_CYCB_CDK1P1P3-CYCB) [D:1.0000; C:1.0000]
 20.0000: (ASSOCIATE_CDK2_CYCEP1_CDK2-CYCEP1) [D:1.0000; C:1.0000]
 20.0000: (ASSOCIATE-WITH-CATALYZE_CDK2P1-CYCA_CDK7-CYCH_CDK2P1P2-CYCA) [D:1.0000; C:1.0000]
 20.0000: (SYNTHESIZE_SP1-GP_CYCA) [D:1.0000; C:1.0000]
 20.0000: (INITIALIZE_CDK2P1) [D:1.0000; C:1.0000]
 20.0000: (DUMMY-ACTION-6-2) [D:1.0000; C:1.0000]
 21.0000: (ASSOCIATE_P27P1_CDK2-CYCEP1_P27P1-CDK2-CYCEP1) [D:1.0000; C:1.0000]
 21.0000: (ASSOCIATE_CDK2P1_CYCA_CDK2P1-CYCA) [D:1.0000; C:1.0000]
 21.0000: (ASSOCIATE-WITH-CATALYZE_CDK1P1P3-CYCB_CDC25CP1_CDK1P3-CYCB) [D:1.0000; C:1.0000]
 22.0000: (ASSOCIATE-WITH-CATALYZE_P27_CDK2P2-CYCE_P27P1) [D:1.0000; C:1.0000]
 22.0000: (DUMMY-ACTION-12-1) [D:1.0000; C:1.0000]
 22.0000: (SYNTHESIZE_SP1-GP_CYCA) [D:1.0000; C:1.0000]
 22.0000: (INITIALIZE_CDK2P1) [D:1.0000; C:1.0000]
 22.0000: (SYNTHESIZE_SP1-GP_CYCA) [D:1.0000; C:1.0000]
 22.0000: (ASSOCIATE-WITH-CATALYZE_SL1_CDK1P3-CYCB_SL1P1) [D:1.0000; C:1.0000]
 23.0000: (ASSOCIATE_P27P1_CDK2P1-CYCA_P27P1-CDK2P1-CYCA) [D:1.0000; C:1.0000]
 23.0000: (INITIALIZE_P27) [D:1.0000; C:1.0000]
 23.0000: (ASSOCIATE_CDK2P2_CYCA_CDK2P2-CYCA) [D:1.0000; C:1.0000]
 23.0000: (ASSOCIATE_CDK2P1_CYCE_CDK2P1-CYCE) [D:1.0000; C:1.0000]
 23.0000: (DUMMY-ACTION-4-1) [D:1.0000; C:1.0000]
 24.0000: (DUMMY-ACTION-11-2) [D:1.0000; C:1.0000]
 24.0000: (ASSOCIATE-WITH-CATALYZE_P27_CDK2P2-CYCE_P27P1) [D:1.0000; C:1.0000]
 24.0000: (ASSOCIATE-WITH-CATALYZE_SKP1_CDK2P2-CYCA_SKP1P1) [D:1.0000; C:1.0000]
 24.0000: (DUMMY-ACTION-5-2) [D:1.0000; C:1.0000]
 24.0000: (SYNTHESIZE_SP1-GP_CYCA) [D:1.0000; C:1.0000]
 24.0000: (INITIALIZE_CDK2P1) [D:1.0000; C:1.0000]
 25.0000: (INITIALIZE_P27) [D:1.0000; C:1.0000]
 25.0000: (ASSOCIATE_P27P1_CDK2P1P2-CYCE_P27P1-CDK2P1P2-CYCE) [D:1.0000; C:1.0000]
 25.0000: (ASSOCIATE_SKP2_SKP1P1_SKP2-SKP1P1) [D:1.0000; C:1.0000]
 25.0000: (INITIALIZE_SKP1) [D:1.0000; C:1.0000]
 25.0000: (ASSOCIATE_CDK2P1_CYCA_CDK2P1-CYCA) [D:1.0000; C:1.0000]
 26.0000: (ASSOCIATE-WITH-CATALYZE_P27_CDK2P2-CYCE_P27P1) [D:1.0000; C:1.0000]
 26.0000: (DUMMY-ACTION-10-1) [D:1.0000; C:1.0000]
 26.0000: (ASSOCIATE-WITH-CATALYZE_SKP1_CDK2P2-CYCA_SKP1P1) [D:1.0000; C:1.0000]
 26.0000: (INITIALIZE_SKP2) [D:1.0000; C:1.0000]
 27.0000: (ASSOCIATE_P27P1_CDK2P1P2-CYCA_P27P1-CDK2P1P2-CYCA) [D:1.0000; C:1.0000]
 27.0000: (INITIALIZE_SKP1) [D:1.0000; C:1.0000]
 27.0000: (ASSOCIATE_SKP2-SKP1P1_CDK2P2-CYCA_SKP2-SKP1P1-CDK2P2-CYCA) [D:1.0000; C:1.0000]
 28.0000: (DUMMY-ACTION-9-2) [D:1.0000; C:1.0000]
 28.0000: (ASSOCIATE_SKP2P1_SKP1_SKP2P1-SKP1) [D:1.0000; C:1.0000]
 28.0000: (ASSOCIATE_SKP2_SKP1P1_SKP2-SKP1P1) [D:1.0000; C:1.0000]
 28.0000: (DUMMY-ACTION-3-1) [D:1.0000; C:1.0000]
 29.0000: (DUMMY-ACTION-7-2) [D:1.0000; C:1.0000]
 29.0000: (ASSOCIATE_SKP2-SKP1P1_CDK2P1-CYCA_SKP2-SKP1P1-CDK2P1-CYCA) [D:1.0000; C:1.0000]
 30.0000: (DUMMY-ACTION-1-2) [D:1.0000; C:1.0000]


Solution found:
Total time:      2.34
Search time:     2.27
Actions:         131
Execution cost:  131.00
Duration:        31.000
Plan quality:    131.000


Parsing domain file:  domain 'GROUNDED-PATHWAYS-PROPOSITIONAL' defined ... done.
Parsing problem file:  problem 'GROUNDED-PATHWAYS-13' defined ... done.



Modality: Fast Planner

Number of actions             :    1201
Number of conditional actions :       0
Number of facts               :     314


Analyzing Planning Problem:
	Temporal Planning Problem: NO
	Numeric Planning Problem: NO
	Problem with Timed Initial Litearals: NO
	Problem with Derived Predicates: NO

Evaluation function weights:
     Action duration 0.00; Action cost 1.00


Computing mutex... done

Preprocessing total time: 0.11 seconds

Searching ('.' = every 50 search steps):
... solution found: 

Plan computed:
   Time: (ACTION) [action Duration; action Cost]
 0.0000: (CHOOSE_PRBP2_L1_L0) [D:1.0000; C:1.0000]
 1.0000: (CHOOSE_CDK46P3-CYCDP1_L2_L1) [D:1.0000; C:1.0000]
 1.0000: (INITIALIZE_PRBP2) [D:1.0000; C:1.0000]
 2.0000: (INITIALIZE_CDK46P3-CYCDP1) [D:1.0000; C:1.0000]
 2.0000: (CHOOSE_DMP1_L3_L2) [D:1.0000; C:1.0000]
 3.0000: (CHOOSE_CDK46P1_L4_L3) [D:1.0000; C:1.0000]
 3.0000: (ASSOCIATE-WITH-CATALYZE_PRBP2_CDK46P3-CYCDP1_PRBP1P2) [D:1.0000; C:1.0000]
 3.0000: (INITIALIZE_DMP1) [D:1.0000; C:1.0000]
 4.0000: (INITIALIZE_CDK46P1) [D:1.0000; C:1.0000]
 4.0000: (CHOOSE_GE2_L5_L4) [D:1.0000; C:1.0000]
 4.0000: (ASSOCIATE-WITH-CATALYZE_DMP1_CDK46P3-CYCDP1_DMP1P1) [D:1.0000; C:1.0000]
 5.0000: (INITIALIZE_GE2) [D:1.0000; C:1.0000]
 5.0000: (CHOOSE_E2F13-DP12_L6_L5) [D:1.0000; C:1.0000]
 5.0000: (INITIALIZE_DMP1) [D:1.0000; C:1.0000]
 6.0000: (INITIALIZE_E2F13-DP12) [D:1.0000; C:1.0000]
 6.0000: (CHOOSE_JUN_L7_L6) [D:1.0000; C:1.0000]
 7.0000: (ASSOCIATE_E2F13-DP12_GE2_E2F13-DP12-GE2) [D:1.0000; C:1.0000]
 7.0000: (INITIALIZE_JUN) [D:1.0000; C:1.0000]
 7.0000: (CHOOSE_RAF1_L8_L7) [D:1.0000; C:1.0000]
 8.0000: (SYNTHESIZE_E2F13-DP12-GE2_CYCD) [D:1.0000; C:1.0000]
 8.0000: (ASSOCIATE_PRBP1P2_JUN_PRBP1P2-JUN) [D:1.0000; C:1.0000]
 8.0000: (CHOOSE_P53P1_L9_L8) [D:1.0000; C:1.0000]
 8.0000: (SYNTHESIZE_E2F13-DP12-GE2_C-MYC) [D:1.0000; C:1.0000]
 8.0000: (SYNTHESIZE_E2F13-DP12-GE2_CYCEP1) [D:1.0000; C:1.0000]
 8.0000: (SYNTHESIZE_E2F13-DP12-GE2_CYCDP1) [D:1.0000; C:1.0000]
 8.0000: (SYNTHESIZE_E2F13-DP12-GE2_CYCA) [D:1.0000; C:1.0000]
 8.0000: (SYNTHESIZE_E2F13-DP12-GE2_CYCE) [D:1.0000; C:1.0000]
 8.0000: (INITIALIZE_RAF1) [D:1.0000; C:1.0000]
 9.0000: (ASSOCIATE_CDK46P1_CYCD_CDK46P1-CYCD) [D:1.0000; C:1.0000]
 9.0000: (DUMMY-ACTION-15-2) [D:1.0000; C:1.0000]
 9.0000: (INITIALIZE_P53P1) [D:1.0000; C:1.0000]
 9.0000: (CHOOSE_PCNA_L10_L9) [D:1.0000; C:1.0000]
 10.0000: (SYNTHESIZE_E2F13-DP12-GE2_CYCD) [D:1.0000; C:1.0000]
 10.0000: (DUMMY-ACTION-16-2) [D:1.0000; C:1.0000]
 10.0000: (SYNTHESIZE_P53P1_GADD45) [D:1.0000; C:1.0000]
 10.0000: (INITIALIZE_PCNA) [D:1.0000; C:1.0000]
 10.0000: (CHOOSE_GCDC25A_L11_L10) [D:1.0000; C:1.0000]
 10.0000: (INITIALIZE_CDK46P1) [D:1.0000; C:1.0000]
 11.0000: (ASSOCIATE_PCNA_GADD45_PCNA-GADD45) [D:1.0000; C:1.0000]
 11.0000: (INITIALIZE_GCDC25A) [D:1.0000; C:1.0000]
 11.0000: (CHOOSE_MAX_L12_L11) [D:1.0000; C:1.0000]
 11.0000: (ASSOCIATE_CDK46P1_CYCDP1_CDK46P1-CYCDP1) [D:1.0000; C:1.0000]
 12.0000: (DUMMY-ACTION-14-2) [D:1.0000; C:1.0000]
 12.0000: (INITIALIZE_MAX) [D:1.0000; C:1.0000]
 12.0000: (CHOOSE_M1433_L13_L12) [D:1.0000; C:1.0000]
 12.0000: (DUMMY-ACTION-11-2) [D:1.0000; C:1.0000]
 12.0000: (INITIALIZE_CDK46P1) [D:1.0000; C:1.0000]
 12.0000: (SYNTHESIZE_E2F13-DP12-GE2_CYCDP1) [D:1.0000; C:1.0000]
 13.0000: (ASSOCIATE_C-MYC_MAX_C-MYC-MAX) [D:1.0000; C:1.0000]
 13.0000: (CHOOSE_GP19ARF_L14_L13) [D:1.0000; C:1.0000]
 14.0000: (ASSOCIATE_C-MYC-MAX_GCDC25A_C-MYC-MAX-GCDC25A) [D:1.0000; C:1.0000]
 14.0000: (CHOOSE_E2F13_L15_L14) [D:1.0000; C:1.0000]
 14.0000: (INITIALIZE_GP19ARF) [D:1.0000; C:1.0000]
 15.0000: (SYNTHESIZE_C-MYC-MAX-GCDC25A_CDC25A) [D:1.0000; C:1.0000]
 15.0000: (CHOOSE_HDAC1-PRBP1-E2F13P1-DP12_L16_L15) [D:1.0000; C:1.0000]
 15.0000: (ASSOCIATE_DMP1P1_GP19ARF_DMP1P1-GP19ARF) [D:1.0000; C:1.0000]
 15.0000: (INITIALIZE_E2F13) [D:1.0000; C:1.0000]
 16.0000: (DUMMY-ACTION-13-1) [D:1.0000; C:1.0000]
 16.0000: (CHOOSE_CDK2_L17_L16) [D:1.0000; C:1.0000]
 16.0000: (DUMMY-ACTION-17-2) [D:1.0000; C:1.0000]
 17.0000: (INITIALIZE_CDK2) [D:1.0000; C:1.0000]
 17.0000: (CHOOSE_P57_L18_L17) [D:1.0000; C:1.0000]
 17.0000: (ASSOCIATE-WITH-CATALYZE_CDC25A_RAF1_CDC25AP1) [D:1.0000; C:1.0000]
 18.0000: (ASSOCIATE_CDK2_CYCEP1_CDK2-CYCEP1) [D:1.0000; C:1.0000]
 18.0000: (INITIALIZE_P57) [D:1.0000; C:1.0000]
 18.0000: (CHOOSE_WEE1_L19_L18) [D:1.0000; C:1.0000]
 18.0000: (DUMMY-ACTION-6-2) [D:1.0000; C:1.0000]
 18.0000: (SYNTHESIZE_C-MYC-MAX-GCDC25A_CDC25A) [D:1.0000; C:1.0000]
 19.0000: (ASSOCIATE_P57_CDK2-CYCEP1_P57-CDK2-CYCEP1) [D:1.0000; C:1.0000]
 19.0000: (INITIALIZE_WEE1) [D:1.0000; C:1.0000]
 19.0000: (INITIALIZE_CDK2) [D:1.0000; C:1.0000]
 19.0000: (ASSOCIATE_RAF1_CDC25AP1_RAF1-CDC25AP1) [D:1.0000; C:1.0000]
 20.0000: (DUMMY-ACTION-12-1) [D:1.0000; C:1.0000]
 20.0000: (ASSOCIATE_CDK2_CYCA_CDK2-CYCA) [D:1.0000; C:1.0000]
 20.0000: (INITIALIZE_P57) [D:1.0000; C:1.0000]
 20.0000: (INITIALIZE_RAF1) [D:1.0000; C:1.0000]
 20.0000: (DUMMY-ACTION-7-2) [D:1.0000; C:1.0000]
 21.0000: (ASSOCIATE-WITH-CATALYZE_CDK2-CYCA_WEE1_CDK2P1-CYCA) [D:1.0000; C:1.0000]
 21.0000: (INITIALIZE_CDK2) [D:1.0000; C:1.0000]
 21.0000: (ASSOCIATE-WITH-CATALYZE_CDC25A_RAF1_CDC25AP1) [D:1.0000; C:1.0000]
 22.0000: (ASSOCIATE_CDK2P1-CYCA_E2F13_CDK2P1-CYCA-E2F13) [D:1.0000; C:1.0000]
 22.0000: (ASSOCIATE_CDK2_CYCE_CDK2-CYCE) [D:1.0000; C:1.0000]
 22.0000: (ASSOCIATE-WITH-CATALYZE_CDK46P1_CDC25AP1_CDK46) [D:1.0000; C:1.0000]
 22.0000: (SYNTHESIZE_C-MYC-MAX-GCDC25A_CDC25A) [D:1.0000; C:1.0000]
 23.0000: (DUMMY-ACTION-10-2) [D:1.0000; C:1.0000]
 23.0000: (ASSOCIATE_P57_CDK2-CYCE_P57-CDK2-CYCE) [D:1.0000; C:1.0000]
 23.0000: (ASSOCIATE_CDK46_CYCDP1_CDK46-CYCDP1) [D:1.0000; C:1.0000]
 23.0000: (ASSOCIATE_RAF1_CDC25A_RAF1-CDC25A) [D:1.0000; C:1.0000]
 23.0000: (INITIALIZE_CDK46P1) [D:1.0000; C:1.0000]
 24.0000: (DUMMY-ACTION-9-2) [D:1.0000; C:1.0000]
 24.0000: (INITIALIZE_P57) [D:1.0000; C:1.0000]
 24.0000: (DUMMY-ACTION-4-2) [D:1.0000; C:1.0000]
 24.0000: (DUMMY-ACTION-8-1) [D:1.0000; C:1.0000]
 24.0000: (ASSOCIATE-WITH-CATALYZE_CDK46P1_CDC25AP1_CDK46) [D:1.0000; C:1.0000]
 24.0000: (SYNTHESIZE_E2F13-DP12-GE2_CYCDP1) [D:1.0000; C:1.0000]
 25.0000: (ASSOCIATE_P57_CDK46-CYCDP1_P57-CDK46-CYCDP1) [D:1.0000; C:1.0000]
 25.0000: (DUMMY-ACTION-2-2) [D:1.0000; C:1.0000]
 25.0000: (ASSOCIATE_DMP1_CYCDP1_DMP1-CYCDP1) [D:1.0000; C:1.0000]
 26.0000: (DUMMY-ACTION-5-2) [D:1.0000; C:1.0000]
 26.0000: (ASSOCIATE_CDK46_CYCD_CDK46-CYCD) [D:1.0000; C:1.0000]
 26.0000: (DUMMY-ACTION-1-2) [D:1.0000; C:1.0000]
 27.0000: (DUMMY-ACTION-3-2) [D:1.0000; C:1.0000]


Solution found:
Total time:      0.19
Search time:     0.08
Actions:         102
Execution cost:  102.00
Duration:        28.000
Plan quality:    102.000


Parsing domain file:  domain 'GROUNDED-PATHWAYS-PROPOSITIONAL' defined ... done.
Parsing problem file:  problem 'GROUNDED-PATHWAYS-14' defined ... done.



Modality: Fast Planner

Number of actions             :    1073
Number of conditional actions :       0
Number of facts               :     321


Analyzing Planning Problem:
	Temporal Planning Problem: NO
	Numeric Planning Problem: NO
	Problem with Timed Initial Litearals: NO
	Problem with Derived Predicates: NO

Evaluation function weights:
     Action duration 0.00; Action cost 1.00


Computing mutex... done

Preprocessing total time: 0.09 seconds

Searching ('.' = every 50 search steps):
........... search limit exceeded. Restart.
...... solution found: 

Plan computed:
   Time: (ACTION) [action Duration; action Cost]
 0.0000: (CHOOSE_CDK1P1P2_L1_L0) [D:1.0000; C:1.0000]
 1.0000: (CHOOSE_GE2_L2_L1) [D:1.0000; C:1.0000]
 1.0000: (INITIALIZE_CDK1P1P2) [D:1.0000; C:1.0000]
 2.0000: (CHOOSE_CDC25C_L3_L2) [D:1.0000; C:1.0000]
 2.0000: (INITIALIZE_GE2) [D:1.0000; C:1.0000]
 3.0000: (CHOOSE_P27_L4_L3) [D:1.0000; C:1.0000]
 3.0000: (INITIALIZE_CDC25C) [D:1.0000; C:1.0000]
 4.0000: (CHOOSE_CDK7_L5_L4) [D:1.0000; C:1.0000]
 4.0000: (INITIALIZE_P27) [D:1.0000; C:1.0000]
 5.0000: (CHOOSE_HDAC1_L6_L5) [D:1.0000; C:1.0000]
 5.0000: (INITIALIZE_CDK7) [D:1.0000; C:1.0000]
 6.0000: (CHOOSE_M1433_L7_L6) [D:1.0000; C:1.0000]
 6.0000: (INITIALIZE_HDAC1) [D:1.0000; C:1.0000]
 7.0000: (CHOOSE_PRB_L8_L7) [D:1.0000; C:1.0000]
 8.0000: (CHOOSE_P53P1_L9_L8) [D:1.0000; C:1.0000]
 8.0000: (INITIALIZE_PRB) [D:1.0000; C:1.0000]
 9.0000: (INITIALIZE_P53P1) [D:1.0000; C:1.0000]
 9.0000: (CHOOSE_CYCB_L10_L9) [D:1.0000; C:1.0000]
 10.0000: (SYNTHESIZE_P53P1_P21) [D:1.0000; C:1.0000]
 10.0000: (CHOOSE_E2F13P1-DP12_L11_L10) [D:1.0000; C:1.0000]
 10.0000: (SYNTHESIZE_P53P1_GADD45) [D:1.0000; C:1.0000]
 10.0000: (INITIALIZE_CYCB) [D:1.0000; C:1.0000]
 11.0000: (INITIALIZE_E2F13P1-DP12) [D:1.0000; C:1.0000]
 11.0000: (CHOOSE_CKS1_L12_L11) [D:1.0000; C:1.0000]
 12.0000: (ASSOCIATE_PRB_E2F13P1-DP12_PRB-E2F13P1-DP12) [D:1.0000; C:1.0000]
 12.0000: (INITIALIZE_CKS1) [D:1.0000; C:1.0000]
 12.0000: (CHOOSE_P53_L13_L12) [D:1.0000; C:1.0000]
 13.0000: (INITIALIZE_E2F13P1-DP12) [D:1.0000; C:1.0000]
 13.0000: (ASSOCIATE_HDAC1_PRB-E2F13P1-DP12_HDAC1-PRB-E2F13P1-DP12) [D:1.0000; C:1.0000]
 13.0000: (CHOOSE_PLK1_L14_L13) [D:1.0000; C:1.0000]
 13.0000: (INITIALIZE_E2F13P1-DP12) [D:1.0000; C:1.0000]
 14.0000: (ASSOCIATE_HDAC1-PRB-E2F13P1-DP12_GE2_HDAC1-PRB-E2F13P1-DP12-GE2) [D:1.0000; C:1.0000]
 14.0000: (INITIALIZE_PLK1) [D:1.0000; C:1.0000]
 14.0000: (CHOOSE_HDAC1-PRBP1-E2F13-DP12_L15_L14) [D:1.0000; C:1.0000]
 15.0000: (DUMMY-ACTION-17-2) [D:1.0000; C:1.0000]
 15.0000: (ASSOCIATE-WITH-CATALYZE_CDC25C_PLK1_CDC25CP1) [D:1.0000; C:1.0000]
 15.0000: (CHOOSE_CDK2P1_L16_L15) [D:1.0000; C:1.0000]
 15.0000: (INITIALIZE_GE2) [D:1.0000; C:1.0000]
 16.0000: (ASSOCIATE-WITH-CATALYZE_CDK1P1P2_CDC25CP1_CDK1P2) [D:1.0000; C:1.0000]
 16.0000: (INITIALIZE_CDK2P1) [D:1.0000; C:1.0000]
 16.0000: (ASSOCIATE_E2F13P1-DP12_GE2_E2F13P1-DP12-GE2) [D:1.0000; C:1.0000]
 16.0000: (CHOOSE_CYCH_L17_L16) [D:1.0000; C:1.0000]
 17.0000: (INITIALIZE_CDK1P1P2) [D:1.0000; C:1.0000]
 17.0000: (SYNTHESIZE_E2F13P1-DP12-GE2_CYCE) [D:1.0000; C:1.0000]
 17.0000: (SYNTHESIZE_E2F13P1-DP12-GE2_CYCEP1) [D:1.0000; C:1.0000]
 17.0000: (SYNTHESIZE_E2F13P1-DP12-GE2_CYCA) [D:1.0000; C:1.0000]
 17.0000: (CHOOSE_SKP2_L18_L17) [D:1.0000; C:1.0000]
 17.0000: (INITIALIZE_CYCH) [D:1.0000; C:1.0000]
 18.0000: (ASSOCIATE-WITH-CATALYZE_CDK1P1P2_CDC25CP1_CDK1P1) [D:1.0000; C:1.0000]
 18.0000: (ASSOCIATE_CDK2P1_CYCE_CDK2P1-CYCE) [D:1.0000; C:1.0000]
 18.0000: (INITIALIZE_SKP2) [D:1.0000; C:1.0000]
 18.0000: (ASSOCIATE_CDK7_CYCH_CDK7-CYCH) [D:1.0000; C:1.0000]
 19.0000: (ASSOCIATE-WITH-CATALYZE_CDK1P1_CDC25CP1_CDK1) [D:1.0000; C:1.0000]
 19.0000: (INITIALIZE_CDK1P1P2) [D:1.0000; C:1.0000]
 19.0000: (ASSOCIATE_P27_CDK2P1-CYCE_P27-CDK2P1-CYCE) [D:1.0000; C:1.0000]
 19.0000: (INITIALIZE_CDK2P1) [D:1.0000; C:1.0000]
 19.0000: (SYNTHESIZE_E2F13P1-DP12-GE2_CYCE) [D:1.0000; C:1.0000]
 20.0000: (ASSOCIATE_CDK1_CKS1_CDK1-CKS1) [D:1.0000; C:1.0000]
 20.0000: (ASSOCIATE-WITH-CATALYZE_CDK1P1P2_CDC25CP1_CDK1P1) [D:1.0000; C:1.0000]
 20.0000: (INITIALIZE_P27) [D:1.0000; C:1.0000]
 20.0000: (ASSOCIATE_CDK2P1_CYCEP1_CDK2P1-CYCEP1) [D:1.0000; C:1.0000]
 20.0000: (INITIALIZE_P27) [D:1.0000; C:1.0000]
 20.0000: (DUMMY-ACTION-16-1) [D:1.0000; C:1.0000]
 21.0000: (INITIALIZE_CKS1) [D:1.0000; C:1.0000]
 21.0000: (ASSOCIATE_P27_CDK2P1-CYCEP1_P27-CDK2P1-CYCEP1) [D:1.0000; C:1.0000]
 21.0000: (INITIALIZE_CDK2P1) [D:1.0000; C:1.0000]
 21.0000: (INITIALIZE_CDK2P1) [D:1.0000; C:1.0000]
 21.0000: (INITIALIZE_CDK1P1P2) [D:1.0000; C:1.0000]
 21.0000: (DUMMY-ACTION-9-1) [D:1.0000; C:1.0000]
 22.0000: (ASSOCIATE_CDK1P2_CKS1_CDK1P2-CKS1) [D:1.0000; C:1.0000]
 22.0000: (DUMMY-ACTION-15-2) [D:1.0000; C:1.0000]
 22.0000: (ASSOCIATE_CDK2P1_CYCA_CDK2P1-CYCA) [D:1.0000; C:1.0000]
 22.0000: (INITIALIZE_P27) [D:1.0000; C:1.0000]
 23.0000: (INITIALIZE_CKS1) [D:1.0000; C:1.0000]
 23.0000: (DUMMY-ACTION-12-1) [D:1.0000; C:1.0000]
 23.0000: (INITIALIZE_CDK2P1) [D:1.0000; C:1.0000]
 23.0000: (ASSOCIATE-WITH-CATALYZE_CDK1P1P2_CDC25CP1_CDK1P2) [D:1.0000; C:1.0000]
 23.0000: (SYNTHESIZE_E2F13P1-DP12-GE2_CYCA) [D:1.0000; C:1.0000]
 23.0000: (DUMMY-ACTION-5-1) [D:1.0000; C:1.0000]
 24.0000: (ASSOCIATE_CDK1P1_CKS1_CDK1P1-CKS1) [D:1.0000; C:1.0000]
 24.0000: (ASSOCIATE_SKP2_CDK2P1-CYCA_SKP2-CDK2P1-CYCA) [D:1.0000; C:1.0000]
 24.0000: (ASSOCIATE_CDK2P1_CYCE_CDK2P1-CYCE) [D:1.0000; C:1.0000]
 24.0000: (ASSOCIATE-WITH-CATALYZE_CDK1P2_CDC25CP1_CDK1) [D:1.0000; C:1.0000]
 24.0000: (INITIALIZE_CDK1P1P2) [D:1.0000; C:1.0000]
 25.0000: (DUMMY-ACTION-18-1) [D:1.0000; C:1.0000]
 25.0000: (DUMMY-ACTION-14-1) [D:1.0000; C:1.0000]
 25.0000: (DUMMY-ACTION-7-2) [D:1.0000; C:1.0000]
 25.0000: (ASSOCIATE-WITH-CATALYZE_CDK1_CDK7-CYCH_CDK1P3) [D:1.0000; C:1.0000]
 25.0000: (INITIALIZE_CDK2P1) [D:1.0000; C:1.0000]
 25.0000: (SYNTHESIZE_E2F13P1-DP12-GE2_CYCE) [D:1.0000; C:1.0000]
 25.0000: (ASSOCIATE-WITH-CATALYZE_CDK1P1P2_CDK7-CYCH_CDK1P1P2P3) [D:1.0000; C:1.0000]
 25.0000: (INITIALIZE_CKS1) [D:1.0000; C:1.0000]
 26.0000: (ASSOCIATE_P21_CDK2P1-CYCE_P21-CDK2P1-CYCE) [D:1.0000; C:1.0000]
 26.0000: (DUMMY-ACTION-11-2) [D:1.0000; C:1.0000]
 26.0000: (ASSOCIATE-WITH-CATALYZE_CDK2P1_CDK7-CYCH_CDK2P1P2) [D:1.0000; C:1.0000]
 26.0000: (ASSOCIATE-WITH-CATALYZE_CDK1P1P2P3_CDC25CP1_CDK1P2P3) [D:1.0000; C:1.0000]
 26.0000: (INITIALIZE_CDK1P1P2) [D:1.0000; C:1.0000]
 27.0000: (DUMMY-ACTION-13-2) [D:1.0000; C:1.0000]
 27.0000: (ASSOCIATE_CDK2P1P2_CYCE_CDK2P1P2-CYCE) [D:1.0000; C:1.0000]
 27.0000: (SYNTHESIZE_P53P1_P21) [D:1.0000; C:1.0000]
 27.0000: (ASSOCIATE-WITH-CATALYZE_CDK1P1P2_CDK7-CYCH_CDK1P1P2P3) [D:1.0000; C:1.0000]
 27.0000: (ASSOCIATE_CDK1P3_GADD45_CDK1P3-GADD45) [D:1.0000; C:1.0000]
 27.0000: (INITIALIZE_CDK2P1) [D:1.0000; C:1.0000]
 27.0000: (ASSOCIATE_CDK1P2P3_CKS1_CDK1P2P3-CKS1) [D:1.0000; C:1.0000]
 28.0000: (ASSOCIATE_P21_CDK2P1P2-CYCE_P21-CDK2P1P2-CYCE) [D:1.0000; C:1.0000]
 28.0000: (SYNTHESIZE_P53P1_GADD45) [D:1.0000; C:1.0000]
 28.0000: (ASSOCIATE-WITH-CATALYZE_CDK1P1P2P3_CDC25CP1_CDK1P1P3) [D:1.0000; C:1.0000]
 28.0000: (INITIALIZE_CDK1P1P2) [D:1.0000; C:1.0000]
 28.0000: (ASSOCIATE_CDK2P1_CYCA_CDK2P1-CYCA) [D:1.0000; C:1.0000]
 28.0000: (DUMMY-ACTION-4-1) [D:1.0000; C:1.0000]
 28.0000: (INITIALIZE_CKS1) [D:1.0000; C:1.0000]
 28.0000: (DUMMY-ACTION-1-2) [D:1.0000; C:1.0000]
 29.0000: (DUMMY-ACTION-10-1) [D:1.0000; C:1.0000]
 29.0000: (ASSOCIATE-WITH-CATALYZE_CDK1P1P2_CDK7-CYCH_CDK1P1P2P3) [D:1.0000; C:1.0000]
 29.0000: (ASSOCIATE_P27_CDK2P1-CYCA_P27-CDK2P1-CYCA) [D:1.0000; C:1.0000]
 29.0000: (ASSOCIATE-WITH-CATALYZE_CDK1P1P3_CDC25CP1_CDK1P3) [D:1.0000; C:1.0000]
 30.0000: (ASSOCIATE_CDK1P1P2P3_GADD45_CDK1P1P2P3-GADD45) [D:1.0000; C:1.0000]
 30.0000: (DUMMY-ACTION-6-1) [D:1.0000; C:1.0000]
 30.0000: (ASSOCIATE_CDK1P3_CYCB_CDK1P3-CYCB) [D:1.0000; C:1.0000]
 30.0000: (INITIALIZE_CDK1P1P2) [D:1.0000; C:1.0000]
 31.0000: (DUMMY-ACTION-8-2) [D:1.0000; C:1.0000]
 31.0000: (DUMMY-ACTION-3-2) [D:1.0000; C:1.0000]
 31.0000: (ASSOCIATE-WITH-CATALYZE_CDK1P1P2_CDK7-CYCH_CDK1P1P2P3) [D:1.0000; C:1.0000]
 32.0000: (ASSOCIATE-WITH-CATALYZE_CDK1P1P2P3_CDC25CP1_CDK1P2P3) [D:1.0000; C:1.0000]
 33.0000: (ASSOCIATE-WITH-CATALYZE_CDK1P2P3_CDC25CP1_CDK1P3) [D:1.0000; C:1.0000]
 34.0000: (ASSOCIATE_CDK1P3_CKS1_CDK1P3-CKS1) [D:1.0000; C:1.0000]
 35.0000: (DUMMY-ACTION-2-1) [D:1.0000; C:1.0000]


Solution found:
Total time:      1.04
Search time:     0.95
Actions:         127
Execution cost:  127.00
Duration:        36.000
Plan quality:    127.000


Parsing domain file:  domain 'GROUNDED-PATHWAYS-PROPOSITIONAL' defined ... done.
Parsing problem file:  problem 'GROUNDED-PATHWAYS-15' defined ... done.



Modality: Fast Planner

Number of actions             :    1174
Number of conditional actions :       0
Number of facts               :     317


Analyzing Planning Problem:
	Temporal Planning Problem: NO
	Numeric Planning Problem: NO
	Problem with Timed Initial Litearals: NO
	Problem with Derived Predicates: NO

Evaluation function weights:
     Action duration 0.00; Action cost 1.00


Computing mutex... done

Preprocessing total time: 0.10 seconds

Searching ('.' = every 50 search steps):
.... solution found: 

Plan computed:
   Time: (ACTION) [action Duration; action Cost]
 0.0000: (CHOOSE_E2F4_L1_L0) [D:1.0000; C:1.0000]
 1.0000: (CHOOSE_SKP2_L2_L1) [D:1.0000; C:1.0000]
 2.0000: (CHOOSE_PCNA_L3_L2) [D:1.0000; C:1.0000]
 2.0000: (INITIALIZE_SKP2) [D:1.0000; C:1.0000]
 3.0000: (CHOOSE_C-ABL_L4_L3) [D:1.0000; C:1.0000]
 3.0000: (INITIALIZE_PCNA) [D:1.0000; C:1.0000]
 4.0000: (CHOOSE_WEE1_L5_L4) [D:1.0000; C:1.0000]
 5.0000: (INITIALIZE_WEE1) [D:1.0000; C:1.0000]
 5.0000: (CHOOSE_CDK2_L6_L5) [D:1.0000; C:1.0000]
 6.0000: (INITIALIZE_CDK2) [D:1.0000; C:1.0000]
 6.0000: (CHOOSE_GE2_L7_L6) [D:1.0000; C:1.0000]
 7.0000: (INITIALIZE_GE2) [D:1.0000; C:1.0000]
 7.0000: (CHOOSE_E2F13P1-DP12_L8_L7) [D:1.0000; C:1.0000]
 8.0000: (INITIALIZE_E2F13P1-DP12) [D:1.0000; C:1.0000]
 8.0000: (CHOOSE_CDK46P1_L9_L8) [D:1.0000; C:1.0000]
 9.0000: (ASSOCIATE_E2F13P1-DP12_GE2_E2F13P1-DP12-GE2) [D:1.0000; C:1.0000]
 9.0000: (INITIALIZE_CDK46P1) [D:1.0000; C:1.0000]
 9.0000: (CHOOSE_P53_L10_L9) [D:1.0000; C:1.0000]
 10.0000: (SYNTHESIZE_E2F13P1-DP12-GE2_CYCA) [D:1.0000; C:1.0000]
 10.0000: (SYNTHESIZE_E2F13P1-DP12-GE2_CYCD) [D:1.0000; C:1.0000]
 10.0000: (INITIALIZE_P53) [D:1.0000; C:1.0000]
 10.0000: (SYNTHESIZE_E2F13P1-DP12-GE2_CYCEP1) [D:1.0000; C:1.0000]
 10.0000: (CHOOSE_GCDC25A_L11_L10) [D:1.0000; C:1.0000]
 10.0000: (SYNTHESIZE_E2F13P1-DP12-GE2_C-MYC) [D:1.0000; C:1.0000]
 10.0000: (SYNTHESIZE_E2F13P1-DP12-GE2_CYCDP1) [D:1.0000; C:1.0000]
 10.0000: (INITIALIZE_GE2) [D:1.0000; C:1.0000]
 11.0000: (ASSOCIATE_CDK2_CYCA_CDK2-CYCA) [D:1.0000; C:1.0000]
 11.0000: (ASSOCIATE_CDK46P1_CYCD_CDK46P1-CYCD) [D:1.0000; C:1.0000]
 11.0000: (SYNTHESIZE_P53_P21) [D:1.0000; C:1.0000]
 11.0000: (DUMMY-ACTION-8-2) [D:1.0000; C:1.0000]
 11.0000: (INITIALIZE_GCDC25A) [D:1.0000; C:1.0000]
 11.0000: (CHOOSE_MAX_L12_L11) [D:1.0000; C:1.0000]
 12.0000: (ASSOCIATE-WITH-CATALYZE_CDK2-CYCA_WEE1_CDK2P1-CYCA) [D:1.0000; C:1.0000]
 12.0000: (INITIALIZE_CDK2) [D:1.0000; C:1.0000]
 12.0000: (SYNTHESIZE_E2F13P1-DP12-GE2_CYCA) [D:1.0000; C:1.0000]
 12.0000: (INITIALIZE_MAX) [D:1.0000; C:1.0000]
 12.0000: (CHOOSE_SKP1_L13_L12) [D:1.0000; C:1.0000]
 12.0000: (INITIALIZE_CDK46P1) [D:1.0000; C:1.0000]
 12.0000: (SYNTHESIZE_E2F13P1-DP12-GE2_CYCD) [D:1.0000; C:1.0000]
 13.0000: (DUMMY-ACTION-18-2) [D:1.0000; C:1.0000]
 13.0000: (ASSOCIATE_CDK2_CYCA_CDK2-CYCA) [D:1.0000; C:1.0000]
 13.0000: (ASSOCIATE_C-MYC_MAX_C-MYC-MAX) [D:1.0000; C:1.0000]
 13.0000: (INITIALIZE_SKP1) [D:1.0000; C:1.0000]
 13.0000: (CHOOSE_DMP1_L14_L13) [D:1.0000; C:1.0000]
 14.0000: (ASSOCIATE_P21_CDK2P1-CYCA_P21-CDK2P1-CYCA) [D:1.0000; C:1.0000]
 14.0000: (INITIALIZE_CDK2) [D:1.0000; C:1.0000]
 14.0000: (SYNTHESIZE_E2F13P1-DP12-GE2_CYCA) [D:1.0000; C:1.0000]
 14.0000: (ASSOCIATE_C-MYC-MAX_GCDC25A_C-MYC-MAX-GCDC25A) [D:1.0000; C:1.0000]
 14.0000: (ASSOCIATE_SKP2_SKP1_SKP2-SKP1) [D:1.0000; C:1.0000]
 14.0000: (INITIALIZE_DMP1) [D:1.0000; C:1.0000]
 14.0000: (CHOOSE_E2F5-DP12P1_L15_L14) [D:1.0000; C:1.0000]
 15.0000: (SYNTHESIZE_P53_P21) [D:1.0000; C:1.0000]
 15.0000: (ASSOCIATE-WITH-CATALYZE_CDK2-CYCA_WEE1_CDK2P1-CYCA) [D:1.0000; C:1.0000]
 15.0000: (DUMMY-ACTION-12-2) [D:1.0000; C:1.0000]
 15.0000: (DUMMY-ACTION-15-2) [D:1.0000; C:1.0000]
 15.0000: (INITIALIZE_SKP2) [D:1.0000; C:1.0000]
 15.0000: (ASSOCIATE_DMP1_CYCDP1_DMP1-CYCDP1) [D:1.0000; C:1.0000]
 15.0000: (INITIALIZE_E2F5-DP12P1) [D:1.0000; C:1.0000]
 15.0000: (CHOOSE_P130_L16_L15) [D:1.0000; C:1.0000]
 15.0000: (SYNTHESIZE_C-MYC-MAX-GCDC25A_CDC25A) [D:1.0000; C:1.0000]
 16.0000: (ASSOCIATE_PCNA_P21_PCNA-P21) [D:1.0000; C:1.0000]
 16.0000: (ASSOCIATE_CDK2_CYCA_CDK2-CYCA) [D:1.0000; C:1.0000]
 16.0000: (ASSOCIATE_SKP2_CDK2P1-CYCA_SKP2-CDK2P1-CYCA) [D:1.0000; C:1.0000]
 16.0000: (DUMMY-ACTION-13-2) [D:1.0000; C:1.0000]
 16.0000: (INITIALIZE_P130) [D:1.0000; C:1.0000]
 16.0000: (DUMMY-ACTION-9-2) [D:1.0000; C:1.0000]
 16.0000: (CHOOSE_E2F13_L17_L16) [D:1.0000; C:1.0000]
 16.0000: (SYNTHESIZE_E2F13P1-DP12-GE2_CYCDP1) [D:1.0000; C:1.0000]
 17.0000: (ASSOCIATE_PCNA-P21_CDK46P1-CYCD_PCNA-P21-CDK46P1-CYCD) [D:1.0000; C:1.0000]
 17.0000: (SYNTHESIZE_P53_P21) [D:1.0000; C:1.0000]
 17.0000: (INITIALIZE_CDK2) [D:1.0000; C:1.0000]
 17.0000: (SYNTHESIZE_E2F13P1-DP12-GE2_CYCA) [D:1.0000; C:1.0000]
 17.0000: (DUMMY-ACTION-11-1) [D:1.0000; C:1.0000]
 17.0000: (ASSOCIATE_P130_E2F5-DP12P1_P130-E2F5-DP12P1) [D:1.0000; C:1.0000]
 17.0000: (INITIALIZE_E2F13) [D:1.0000; C:1.0000]
 17.0000: (CHOOSE_RAF1_L18_L17) [D:1.0000; C:1.0000]
 18.0000: (DUMMY-ACTION-17-2) [D:1.0000; C:1.0000]
 18.0000: (ASSOCIATE_P21_CDK2-CYCA_P21-CDK2-CYCA) [D:1.0000; C:1.0000]
 18.0000: (ASSOCIATE_CDK2_CYCEP1_CDK2-CYCEP1) [D:1.0000; C:1.0000]
 18.0000: (ASSOCIATE_P130-E2F5-DP12P1_GE2_P130-E2F5-DP12P1-GE2) [D:1.0000; C:1.0000]
 18.0000: (INITIALIZE_RAF1) [D:1.0000; C:1.0000]
 19.0000: (DUMMY-ACTION-19-2) [D:1.0000; C:1.0000]
 19.0000: (SYNTHESIZE_P53_P21) [D:1.0000; C:1.0000]
 19.0000: (INITIALIZE_CDK2) [D:1.0000; C:1.0000]
 19.0000: (DUMMY-ACTION-10-2) [D:1.0000; C:1.0000]
 19.0000: (ASSOCIATE-WITH-CATALYZE_CDC25A_RAF1_CDC25AP1) [D:1.0000; C:1.0000]
 20.0000: (ASSOCIATE_P21_CDK2-CYCEP1_P21-CDK2-CYCEP1) [D:1.0000; C:1.0000]
 20.0000: (ASSOCIATE_CDK2_CYCA_CDK2-CYCA) [D:1.0000; C:1.0000]
 20.0000: (DUMMY-ACTION-6-2) [D:1.0000; C:1.0000]
 20.0000: (ASSOCIATE-WITH-CATALYZE_CDK46P1_CDC25AP1_CDK46) [D:1.0000; C:1.0000]
 21.0000: (DUMMY-ACTION-16-1) [D:1.0000; C:1.0000]
 21.0000: (ASSOCIATE-WITH-CATALYZE_CDK2-CYCA_WEE1_CDK2P1-CYCA) [D:1.0000; C:1.0000]
 21.0000: (INITIALIZE_CDK2) [D:1.0000; C:1.0000]
 21.0000: (SYNTHESIZE_E2F13P1-DP12-GE2_CYCA) [D:1.0000; C:1.0000]
 21.0000: (ASSOCIATE_CDK46_CYCDP1_CDK46-CYCDP1) [D:1.0000; C:1.0000]
 21.0000: (SYNTHESIZE_P53_P21) [D:1.0000; C:1.0000]
 21.0000: (INITIALIZE_CDK46P1) [D:1.0000; C:1.0000]
 22.0000: (ASSOCIATE_SKP2-SKP1_CDK2P1-CYCA_SKP2-SKP1-CDK2P1-CYCA) [D:1.0000; C:1.0000]
 22.0000: (ASSOCIATE_CDK2_CYCA_CDK2-CYCA) [D:1.0000; C:1.0000]
 22.0000: (DUMMY-ACTION-1-1) [D:1.0000; C:1.0000]
 22.0000: (ASSOCIATE-WITH-CATALYZE_CDK46P1_CDC25AP1_CDK46) [D:1.0000; C:1.0000]
 23.0000: (ASSOCIATE-WITH-CATALYZE_CDK2-CYCA_WEE1_CDK2P1-CYCA) [D:1.0000; C:1.0000]
 23.0000: (DUMMY-ACTION-14-1) [D:1.0000; C:1.0000]
 23.0000: (ASSOCIATE_P21_CDK46-CYCDP1_P21-CDK46-CYCDP1) [D:1.0000; C:1.0000]
 23.0000: (DUMMY-ACTION-3-2) [D:1.0000; C:1.0000]
 24.0000: (ASSOCIATE_CDK2P1-CYCA_E2F13_CDK2P1-CYCA-E2F13) [D:1.0000; C:1.0000]
 24.0000: (DUMMY-ACTION-5-1) [D:1.0000; C:1.0000]
 24.0000: (ASSOCIATE_CDK46_CYCD_CDK46-CYCD) [D:1.0000; C:1.0000]
 24.0000: (SYNTHESIZE_P53_P21) [D:1.0000; C:1.0000]
 25.0000: (DUMMY-ACTION-7-2) [D:1.0000; C:1.0000]
 25.0000: (DUMMY-ACTION-2-1) [D:1.0000; C:1.0000]
 26.0000: (ASSOCIATE_P21_CDK46-CYCD_P21-CDK46-CYCD) [D:1.0000; C:1.0000]
 27.0000: (DUMMY-ACTION-4-1) [D:1.0000; C:1.0000]


Solution found:
Total time:      0.21
Search time:     0.11
Actions:         113
Execution cost:  113.00
Duration:        28.000
Plan quality:    113.000


Parsing domain file:  domain 'GROUNDED-PATHWAYS-PROPOSITIONAL' defined ... done.
Parsing problem file:  problem 'GROUNDED-PATHWAYS-16' defined ... done.



Modality: Fast Planner

Number of actions             :    1745
Number of conditional actions :       0
Number of facts               :     496


Analyzing Planning Problem:
	Temporal Planning Problem: NO
	Numeric Planning Problem: NO
	Problem with Timed Initial Litearals: NO
	Problem with Derived Predicates: NO

Evaluation function weights:
     Action duration 0.00; Action cost 1.00


Computing mutex... done

Preprocessing total time: 0.20 seconds

Searching ('.' = every 50 search steps):
........... search limit exceeded. Restart.
.... solution found: 

Plan computed:
   Time: (ACTION) [action Duration; action Cost]
 0.0000: (CHOOSE_WEE1_L1_L0) [D:1.0000; C:1.0000]
 1.0000: (INITIALIZE_WEE1) [D:1.0000; C:1.0000]
 1.0000: (CHOOSE_CYCH_L2_L1) [D:1.0000; C:1.0000]
 2.0000: (INITIALIZE_CYCH) [D:1.0000; C:1.0000]
 2.0000: (CHOOSE_CDK7_L3_L2) [D:1.0000; C:1.0000]
 3.0000: (INITIALIZE_CDK7) [D:1.0000; C:1.0000]
 3.0000: (CHOOSE_CDK2_L4_L3) [D:1.0000; C:1.0000]
 4.0000: (ASSOCIATE_CDK7_CYCH_CDK7-CYCH) [D:1.0000; C:1.0000]
 4.0000: (INITIALIZE_CDK2) [D:1.0000; C:1.0000]
 4.0000: (CHOOSE_GE2_L5_L4) [D:1.0000; C:1.0000]
 5.0000: (ASSOCIATE-WITH-CATALYZE_CDK2_CDK7-CYCH_CDK2P2) [D:1.0000; C:1.0000]
 5.0000: (INITIALIZE_GE2) [D:1.0000; C:1.0000]
 5.0000: (CHOOSE_E2F13P1-DP12_L6_L5) [D:1.0000; C:1.0000]
 6.0000: (INITIALIZE_E2F13P1-DP12) [D:1.0000; C:1.0000]
 6.0000: (CHOOSE_P27_L7_L6) [D:1.0000; C:1.0000]
 6.0000: (INITIALIZE_CDK2) [D:1.0000; C:1.0000]
 7.0000: (ASSOCIATE_E2F13P1-DP12_GE2_E2F13P1-DP12-GE2) [D:1.0000; C:1.0000]
 7.0000: (INITIALIZE_P27) [D:1.0000; C:1.0000]
 7.0000: (CHOOSE_E2F13_L8_L7) [D:1.0000; C:1.0000]
 8.0000: (SYNTHESIZE_E2F13P1-DP12-GE2_CYCA) [D:1.0000; C:1.0000]
 8.0000: (SYNTHESIZE_E2F13P1-DP12-GE2_CYCE) [D:1.0000; C:1.0000]
 8.0000: (INITIALIZE_E2F13) [D:1.0000; C:1.0000]
 8.0000: (CHOOSE_RAF1_L9_L8) [D:1.0000; C:1.0000]
 8.0000: (SYNTHESIZE_E2F13P1-DP12-GE2_C-MYC) [D:1.0000; C:1.0000]
 8.0000: (SYNTHESIZE_E2F13P1-DP12-GE2_CYCDP1) [D:1.0000; C:1.0000]
 8.0000: (SYNTHESIZE_E2F13P1-DP12-GE2_CYCEP1) [D:1.0000; C:1.0000]
 8.0000: (SYNTHESIZE_E2F13P1-DP12-GE2_CYCD) [D:1.0000; C:1.0000]
 9.0000: (ASSOCIATE_CDK2P2_CYCA_CDK2P2-CYCA) [D:1.0000; C:1.0000]
 9.0000: (INITIALIZE_RAF1) [D:1.0000; C:1.0000]
 9.0000: (CHOOSE_GCDC25A_L10_L9) [D:1.0000; C:1.0000]
 10.0000: (ASSOCIATE-WITH-CATALYZE_CDK2P2-CYCA_WEE1_CDK2P1P2-CYCA) [D:1.0000; C:1.0000]
 10.0000: (ASSOCIATE-WITH-CATALYZE_CDK2_CDK7-CYCH_CDK2P2) [D:1.0000; C:1.0000]
 10.0000: (SYNTHESIZE_E2F13P1-DP12-GE2_CYCA) [D:1.0000; C:1.0000]
 10.0000: (INITIALIZE_GCDC25A) [D:1.0000; C:1.0000]
 10.0000: (CHOOSE_MAX_L11_L10) [D:1.0000; C:1.0000]
 11.0000: (ASSOCIATE_CDK2P2_CYCE_CDK2P2-CYCE) [D:1.0000; C:1.0000]
 11.0000: (INITIALIZE_CDK2) [D:1.0000; C:1.0000]
 11.0000: (INITIALIZE_MAX) [D:1.0000; C:1.0000]
 11.0000: (CHOOSE_CDK46P1_L12_L11) [D:1.0000; C:1.0000]
 12.0000: (ASSOCIATE-WITH-CATALYZE_P27_CDK2P2-CYCE_P27P1) [D:1.0000; C:1.0000]
 12.0000: (ASSOCIATE-WITH-CATALYZE_CDK2_CDK7-CYCH_CDK2P2) [D:1.0000; C:1.0000]
 12.0000: (ASSOCIATE_C-MYC_MAX_C-MYC-MAX) [D:1.0000; C:1.0000]
 12.0000: (INITIALIZE_CDK46P1) [D:1.0000; C:1.0000]
 12.0000: (CHOOSE_SKP1_L13_L12) [D:1.0000; C:1.0000]
 13.0000: (ASSOCIATE_P27P1_CDK2P1P2-CYCA_P27P1-CDK2P1P2-CYCA) [D:1.0000; C:1.0000]
 13.0000: (ASSOCIATE_CDK2P2_CYCA_CDK2P2-CYCA) [D:1.0000; C:1.0000]
 13.0000: (INITIALIZE_CDK2) [D:1.0000; C:1.0000]
 13.0000: (ASSOCIATE_C-MYC-MAX_GCDC25A_C-MYC-MAX-GCDC25A) [D:1.0000; C:1.0000]
 13.0000: (INITIALIZE_P27) [D:1.0000; C:1.0000]
 13.0000: (CHOOSE_SKP2_L14_L13) [D:1.0000; C:1.0000]
 13.0000: (INITIALIZE_SKP1) [D:1.0000; C:1.0000]
 14.0000: (DUMMY-ACTION-20-2) [D:1.0000; C:1.0000]
 14.0000: (ASSOCIATE-WITH-CATALYZE_E2F13_CDK2P2-CYCA_E2F13P1) [D:1.0000; C:1.0000]
 14.0000: (ASSOCIATE-WITH-CATALYZE_CDK2_CDK7-CYCH_CDK2P2) [D:1.0000; C:1.0000]
 14.0000: (SYNTHESIZE_E2F13P1-DP12-GE2_CYCA) [D:1.0000; C:1.0000]
 14.0000: (DUMMY-ACTION-18-2) [D:1.0000; C:1.0000]
 14.0000: (SYNTHESIZE_C-MYC-MAX-GCDC25A_CDC25A) [D:1.0000; C:1.0000]
 14.0000: (ASSOCIATE-WITH-CATALYZE_P27_CDK2P2-CYCE_P27P1) [D:1.0000; C:1.0000]
 14.0000: (INITIALIZE_SKP2) [D:1.0000; C:1.0000]
 14.0000: (INITIALIZE_SKP2) [D:1.0000; C:1.0000]
 14.0000: (INITIALIZE_SKP2) [D:1.0000; C:1.0000]
 14.0000: (ASSOCIATE-WITH-CATALYZE_SKP1_CDK2P2-CYCA_SKP1P1) [D:1.0000; C:1.0000]
 14.0000: (CHOOSE_P57P1_L15_L14) [D:1.0000; C:1.0000]
 15.0000: (INITIALIZE_CDK2) [D:1.0000; C:1.0000]
 15.0000: (ASSOCIATE-WITH-CATALYZE_CDC25A_RAF1_CDC25AP1) [D:1.0000; C:1.0000]
 15.0000: (INITIALIZE_P27) [D:1.0000; C:1.0000]
 15.0000: (ASSOCIATE_CDK2P2_CYCEP1_CDK2P2-CYCEP1) [D:1.0000; C:1.0000]
 15.0000: (INITIALIZE_P57P1) [D:1.0000; C:1.0000]
 15.0000: (CHOOSE_P16_L16_L15) [D:1.0000; C:1.0000]
 16.0000: (ASSOCIATE_CDK2_CYCA_CDK2-CYCA) [D:1.0000; C:1.0000]
 16.0000: (ASSOCIATE-WITH-CATALYZE_CDK46P1_CDC25AP1_CDK46) [D:1.0000; C:1.0000]
 16.0000: (SYNTHESIZE_C-MYC-MAX-GCDC25A_CDC25A) [D:1.0000; C:1.0000]
 16.0000: (DUMMY-ACTION-10-2) [D:1.0000; C:1.0000]
 16.0000: (INITIALIZE_P16) [D:1.0000; C:1.0000]
 16.0000: (CHOOSE_P53P1_L17_L16) [D:1.0000; C:1.0000]
 17.0000: (ASSOCIATE-WITH-CATALYZE_CDK2-CYCA_WEE1_CDK2P1-CYCA) [D:1.0000; C:1.0000]
 17.0000: (INITIALIZE_CDK2) [D:1.0000; C:1.0000]
 17.0000: (SYNTHESIZE_E2F13P1-DP12-GE2_CYCA) [D:1.0000; C:1.0000]
 17.0000: (INITIALIZE_CDK46P1) [D:1.0000; C:1.0000]
 17.0000: (ASSOCIATE-WITH-CATALYZE_CDK46_CDK7-CYCH_CDK46P2) [D:1.0000; C:1.0000]
 17.0000: (ASSOCIATE_RAF1_CDC25A_RAF1-CDC25A) [D:1.0000; C:1.0000]
 17.0000: (INITIALIZE_P53P1) [D:1.0000; C:1.0000]
 17.0000: (CHOOSE_P57_L18_L17) [D:1.0000; C:1.0000]
 18.0000: (ASSOCIATE_CDK2_CYCA_CDK2-CYCA) [D:1.0000; C:1.0000]
 18.0000: (ASSOCIATE-WITH-CATALYZE_CDK46P1_CDK7-CYCH_CDK46P1P2) [D:1.0000; C:1.0000]
 18.0000: (ASSOCIATE_CDK46P2_CYCDP1_CDK46P2-CYCDP1) [D:1.0000; C:1.0000]
 18.0000: (ASSOCIATE_SKP2_CDK2P1-CYCA_SKP2-CDK2P1-CYCA) [D:1.0000; C:1.0000]
 18.0000: (DUMMY-ACTION-13-1) [D:1.0000; C:1.0000]
 18.0000: (SYNTHESIZE_P53P1_P21) [D:1.0000; C:1.0000]
 18.0000: (INITIALIZE_P57) [D:1.0000; C:1.0000]
 19.0000: (ASSOCIATE_CDK2-CYCA_E2F13P1_CDK2-CYCA-E2F13P1) [D:1.0000; C:1.0000]
 19.0000: (INITIALIZE_CDK46P1) [D:1.0000; C:1.0000]
 19.0000: (SYNTHESIZE_E2F13P1-DP12-GE2_CYCDP1) [D:1.0000; C:1.0000]
 19.0000: (ASSOCIATE-WITH-CATALYZE_CDK46P1P2_CDC25AP1_CDK46P2) [D:1.0000; C:1.0000]
 19.0000: (ASSOCIATE_P27P1_CDK46P2-CYCDP1_P27P1-CDK46P2-CYCDP1) [D:1.0000; C:1.0000]
 19.0000: (DUMMY-ACTION-15-2) [D:1.0000; C:1.0000]
 19.0000: (INITIALIZE_SKP2) [D:1.0000; C:1.0000]
 20.0000: (DUMMY-ACTION-19-1) [D:1.0000; C:1.0000]
 20.0000: (ASSOCIATE-WITH-CATALYZE_CDK46P1_CDC25AP1_CDK46) [D:1.0000; C:1.0000]
 20.0000: (DUMMY-ACTION-11-1) [D:1.0000; C:1.0000]
 20.0000: (ASSOCIATE-WITH-CATALYZE_P27_CDK2P2-CYCE_P27P1) [D:1.0000; C:1.0000]
 20.0000: (DUMMY-ACTION-17-1) [D:1.0000; C:1.0000]
 20.0000: (ASSOCIATE_SKP2_SKP1P1_SKP2-SKP1P1) [D:1.0000; C:1.0000]
 21.0000: (ASSOCIATE_CDK46_CYCDP1_CDK46-CYCDP1) [D:1.0000; C:1.0000]
 21.0000: (INITIALIZE_CDK46P1) [D:1.0000; C:1.0000]
 21.0000: (INITIALIZE_P27) [D:1.0000; C:1.0000]
 21.0000: (ASSOCIATE_SKP2-SKP1P1_CDK2P2-CYCA_SKP2-SKP1P1-CDK2P2-CYCA) [D:1.0000; C:1.0000]
 22.0000: (ASSOCIATE-WITH-CATALYZE_CDK46P1_CDC25AP1_CDK46) [D:1.0000; C:1.0000]
 22.0000: (SYNTHESIZE_E2F13P1-DP12-GE2_CYCDP1) [D:1.0000; C:1.0000]
 22.0000: (ASSOCIATE-WITH-CATALYZE_P27_CDK2P2-CYCE_P27P1) [D:1.0000; C:1.0000]
 22.0000: (DUMMY-ACTION-8-1) [D:1.0000; C:1.0000]
 22.0000: (DUMMY-ACTION-12-1) [D:1.0000; C:1.0000]
 23.0000: (INITIALIZE_CDK46P1) [D:1.0000; C:1.0000]
 23.0000: (ASSOCIATE_CDK46P2_CYCDP1_CDK46P2-CYCDP1) [D:1.0000; C:1.0000]
 23.0000: (ASSOCIATE_P27P1_CDK2P2-CYCE_P27P1-CDK2P2-CYCE) [D:1.0000; C:1.0000]
 23.0000: (INITIALIZE_P27) [D:1.0000; C:1.0000]
 24.0000: (DUMMY-ACTION-9-1) [D:1.0000; C:1.0000]
 24.0000: (SYNTHESIZE_E2F13P1-DP12-GE2_CYCDP1) [D:1.0000; C:1.0000]
 24.0000: (ASSOCIATE-WITH-CATALYZE_P27_CDK2P2-CYCEP1_P27P1) [D:1.0000; C:1.0000]
 24.0000: (DUMMY-ACTION-14-2) [D:1.0000; C:1.0000]
 24.0000: (ASSOCIATE-WITH-CATALYZE_CDK46P1_CDK7-CYCH_CDK46P1P2) [D:1.0000; C:1.0000]
 25.0000: (ASSOCIATE_P27P1_CDK46-CYCDP1_P27P1-CDK46-CYCDP1) [D:1.0000; C:1.0000]
 25.0000: (INITIALIZE_CDK46P1) [D:1.0000; C:1.0000]
 25.0000: (ASSOCIATE_P21_CDK46P2-CYCDP1_P21-CDK46P2-CYCDP1) [D:1.0000; C:1.0000]
 26.0000: (DUMMY-ACTION-16-1) [D:1.0000; C:1.0000]
 26.0000: (ASSOCIATE-WITH-CATALYZE_CDK46P1_CDC25AP1_CDK46) [D:1.0000; C:1.0000]
 26.0000: (DUMMY-ACTION-4-1) [D:1.0000; C:1.0000]
 27.0000: (ASSOCIATE-WITH-CATALYZE_CDK46_CDK7-CYCH_CDK46P2) [D:1.0000; C:1.0000]
 27.0000: (INITIALIZE_CDK46P1) [D:1.0000; C:1.0000]
 28.0000: (ASSOCIATE-WITH-CATALYZE_CDK46P1_CDC25AP1_CDK46) [D:1.0000; C:1.0000]
 28.0000: (ASSOCIATE_P16_CDK46P2_P16-CDK46P2) [D:1.0000; C:1.0000]
 29.0000: (ASSOCIATE_CDK46_CYCD_CDK46-CYCD) [D:1.0000; C:1.0000]
 29.0000: (INITIALIZE_CDK46P1) [D:1.0000; C:1.0000]
 29.0000: (INITIALIZE_P16) [D:1.0000; C:1.0000]
 29.0000: (DUMMY-ACTION-2-1) [D:1.0000; C:1.0000]
 29.0000: (ASSOCIATE-WITH-CATALYZE_CDK46P1P2_CDC25AP1_CDK46P2) [D:1.0000; C:1.0000]
 30.0000: (DUMMY-ACTION-6-2) [D:1.0000; C:1.0000]
 30.0000: (ASSOCIATE-WITH-CATALYZE_CDK46P1_CDC25AP1_CDK46) [D:1.0000; C:1.0000]
 30.0000: (SYNTHESIZE_E2F13P1-DP12-GE2_CYCD) [D:1.0000; C:1.0000]
 31.0000: (ASSOCIATE_P57P1_CDK46-CYCD_P57P1-CDK46-CYCD) [D:1.0000; C:1.0000]
 31.0000: (ASSOCIATE_P16_CDK46_P16-CDK46) [D:1.0000; C:1.0000]
 31.0000: (INITIALIZE_CDK46P1) [D:1.0000; C:1.0000]
 31.0000: (ASSOCIATE_CDK46P2_CYCD_CDK46P2-CYCD) [D:1.0000; C:1.0000]
 32.0000: (DUMMY-ACTION-7-1) [D:1.0000; C:1.0000]
 32.0000: (DUMMY-ACTION-5-2) [D:1.0000; C:1.0000]
 32.0000: (ASSOCIATE-WITH-CATALYZE_CDK46P1_CDC25AP1_CDK46) [D:1.0000; C:1.0000]
 32.0000: (DUMMY-ACTION-1-1) [D:1.0000; C:1.0000]
 33.0000: (ASSOCIATE_CDK46_CYCDP1_CDK46-CYCDP1) [D:1.0000; C:1.0000]
 34.0000: (ASSOCIATE-WITH-CATALYZE_CDK46-CYCDP1_CDK7-CYCH_CDK46P2-CYCDP1) [D:1.0000; C:1.0000]
 35.0000: (ASSOCIATE_P57_CDK46P2-CYCDP1_P57-CDK46P2-CYCDP1) [D:1.0000; C:1.0000]
 36.0000: (DUMMY-ACTION-3-1) [D:1.0000; C:1.0000]


Solution found:
Total time:      1.10
Search time:     0.90
Actions:         151
Execution cost:  151.00
Duration:        37.000
Plan quality:    151.000


Parsing domain file:  domain 'GROUNDED-PATHWAYS-PROPOSITIONAL' defined ... done.
Parsing problem file:  problem 'GROUNDED-PATHWAYS-17' defined ... done.



Modality: Fast Planner

Number of actions             :    1792
Number of conditional actions :       0
Number of facts               :     522


Analyzing Planning Problem:
	Temporal Planning Problem: NO
	Numeric Planning Problem: NO
	Problem with Timed Initial Litearals: NO
	Problem with Derived Predicates: NO

Evaluation function weights:
     Action duration 0.00; Action cost 1.00


Computing mutex... done

Preprocessing total time: 0.18 seconds

Searching ('.' = every 50 search steps):
........... search limit exceeded. Restart.
............. search limit exceeded. Restart.
............... search limit exceeded. Restart.
.... solution found: 

Plan computed:
   Time: (ACTION) [action Duration; action Cost]
 0.0000: (CHOOSE_SKP2_L1_L0) [D:1.0000; C:1.0000]
 1.0000: (INITIALIZE_SKP2) [D:1.0000; C:1.0000]
 1.0000: (CHOOSE_SKP1_L2_L1) [D:1.0000; C:1.0000]
 2.0000: (CHOOSE_CYCH_L3_L2) [D:1.0000; C:1.0000]
 2.0000: (INITIALIZE_SKP1) [D:1.0000; C:1.0000]
 3.0000: (INITIALIZE_CYCH) [D:1.0000; C:1.0000]
 3.0000: (CHOOSE_CDK7_L4_L3) [D:1.0000; C:1.0000]
 4.0000: (INITIALIZE_CDK7) [D:1.0000; C:1.0000]
 4.0000: (CHOOSE_RAF1_L5_L4) [D:1.0000; C:1.0000]
 5.0000: (ASSOCIATE_CDK7_CYCH_CDK7-CYCH) [D:1.0000; C:1.0000]
 5.0000: (INITIALIZE_RAF1) [D:1.0000; C:1.0000]
 5.0000: (CHOOSE_GCDC25A_L6_L5) [D:1.0000; C:1.0000]
 6.0000: (INITIALIZE_GCDC25A) [D:1.0000; C:1.0000]
 6.0000: (CHOOSE_MAX_L7_L6) [D:1.0000; C:1.0000]
 7.0000: (INITIALIZE_MAX) [D:1.0000; C:1.0000]
 7.0000: (CHOOSE_GE2_L8_L7) [D:1.0000; C:1.0000]
 8.0000: (INITIALIZE_GE2) [D:1.0000; C:1.0000]
 8.0000: (CHOOSE_E2F13P1-DP12_L9_L8) [D:1.0000; C:1.0000]
 9.0000: (INITIALIZE_E2F13P1-DP12) [D:1.0000; C:1.0000]
 9.0000: (CHOOSE_CDK2P1_L10_L9) [D:1.0000; C:1.0000]
 10.0000: (ASSOCIATE_E2F13P1-DP12_GE2_E2F13P1-DP12-GE2) [D:1.0000; C:1.0000]
 10.0000: (INITIALIZE_CDK2P1) [D:1.0000; C:1.0000]
 10.0000: (CHOOSE_E2F13_L11_L10) [D:1.0000; C:1.0000]
 11.0000: (SYNTHESIZE_E2F13P1-DP12-GE2_C-MYC) [D:1.0000; C:1.0000]
 11.0000: (SYNTHESIZE_E2F13P1-DP12-GE2_CYCA) [D:1.0000; C:1.0000]
 11.0000: (INITIALIZE_E2F13) [D:1.0000; C:1.0000]
 11.0000: (SYNTHESIZE_E2F13P1-DP12-GE2_CYCEP1) [D:1.0000; C:1.0000]
 11.0000: (CHOOSE_P27_L12_L11) [D:1.0000; C:1.0000]
 11.0000: (INITIALIZE_E2F13P1-DP12) [D:1.0000; C:1.0000]
 11.0000: (SYNTHESIZE_E2F13P1-DP12-GE2_CYCD) [D:1.0000; C:1.0000]
 11.0000: (SYNTHESIZE_E2F13P1-DP12-GE2_CYCDP1) [D:1.0000; C:1.0000]
 11.0000: (SYNTHESIZE_E2F13P1-DP12-GE2_CYCE) [D:1.0000; C:1.0000]
 12.0000: (ASSOCIATE_C-MYC_MAX_C-MYC-MAX) [D:1.0000; C:1.0000]
 12.0000: (ASSOCIATE_CDK2P1_CYCA_CDK2P1-CYCA) [D:1.0000; C:1.0000]
 12.0000: (INITIALIZE_P27) [D:1.0000; C:1.0000]
 12.0000: (CHOOSE_PRB_L13_L12) [D:1.0000; C:1.0000]
 12.0000: (DUMMY-ACTION-5-2) [D:1.0000; C:1.0000]
 13.0000: (ASSOCIATE_C-MYC-MAX_GCDC25A_C-MYC-MAX-GCDC25A) [D:1.0000; C:1.0000]
 13.0000: (INITIALIZE_CDK2P1) [D:1.0000; C:1.0000]
 13.0000: (SYNTHESIZE_E2F13P1-DP12-GE2_CYCA) [D:1.0000; C:1.0000]
 13.0000: (INITIALIZE_PRB) [D:1.0000; C:1.0000]
 13.0000: (CHOOSE_CDK46P1_L14_L13) [D:1.0000; C:1.0000]
 14.0000: (SYNTHESIZE_C-MYC-MAX-GCDC25A_CDC25A) [D:1.0000; C:1.0000]
 14.0000: (ASSOCIATE_PRB_E2F13P1-DP12_PRB-E2F13P1-DP12) [D:1.0000; C:1.0000]
 14.0000: (INITIALIZE_CDK46P1) [D:1.0000; C:1.0000]
 14.0000: (CHOOSE_P53P1_L15_L14) [D:1.0000; C:1.0000]
 15.0000: (ASSOCIATE-WITH-CATALYZE_CDC25A_RAF1_CDC25AP1) [D:1.0000; C:1.0000]
 15.0000: (INITIALIZE_PRB) [D:1.0000; C:1.0000]
 15.0000: (ASSOCIATE-WITH-CATALYZE_CDK46P1_CDK7-CYCH_CDK46P1P2) [D:1.0000; C:1.0000]
 15.0000: (INITIALIZE_P53P1) [D:1.0000; C:1.0000]
 15.0000: (INITIALIZE_E2F13P1-DP12) [D:1.0000; C:1.0000]
 15.0000: (CHOOSE_CDK46P3-CYCD_L16_L15) [D:1.0000; C:1.0000]
 16.0000: (ASSOCIATE-WITH-CATALYZE_CDK2P1-CYCA_CDC25AP1_CDK2-CYCA) [D:1.0000; C:1.0000]
 16.0000: (ASSOCIATE_RAF1_PRB-E2F13P1-DP12_RAF1-PRB-E2F13P1-DP12) [D:1.0000; C:1.0000]
 16.0000: (INITIALIZE_CDK46P1) [D:1.0000; C:1.0000]
 16.0000: (SYNTHESIZE_P53P1_P21) [D:1.0000; C:1.0000]
 16.0000: (INITIALIZE_CDK46P3-CYCD) [D:1.0000; C:1.0000]
 16.0000: (DUMMY-ACTION-11-2) [D:1.0000; C:1.0000]
 17.0000: (ASSOCIATE-WITH-CATALYZE_CDK2-CYCA_CDK7-CYCH_CDK2P2-CYCA) [D:1.0000; C:1.0000]
 17.0000: (ASSOCIATE_CDK2P1_CYCA_CDK2P1-CYCA) [D:1.0000; C:1.0000]
 17.0000: (DUMMY-ACTION-17-2) [D:1.0000; C:1.0000]
 17.0000: (ASSOCIATE-WITH-CATALYZE_CDK46P1_CDC25AP1_CDK46) [D:1.0000; C:1.0000]
 17.0000: (ASSOCIATE-WITH-CATALYZE_PRB_CDK46P3-CYCD_PRBP1) [D:1.0000; C:1.0000]
 18.0000: (SYNTHESIZE_E2F13P1-DP12-GE2_CYCA) [D:1.0000; C:1.0000]
 18.0000: (ASSOCIATE-WITH-CATALYZE_CDK2P1-CYCA_CDC25AP1_CDK2-CYCA) [D:1.0000; C:1.0000]
 18.0000: (INITIALIZE_CDK2P1) [D:1.0000; C:1.0000]
 18.0000: (ASSOCIATE-WITH-CATALYZE_SKP2_CDK2P2-CYCA_SKP2P1) [D:1.0000; C:1.0000]
 18.0000: (ASSOCIATE-WITH-CATALYZE_E2F13_CDK2P2-CYCA_E2F13P1) [D:1.0000; C:1.0000]
 18.0000: (ASSOCIATE-WITH-CATALYZE_SKP1_CDK2P2-CYCA_SKP1P1) [D:1.0000; C:1.0000]
 18.0000: (ASSOCIATE_CDK46_CYCD_CDK46-CYCD) [D:1.0000; C:1.0000]
 18.0000: (ASSOCIATE_PRBP1_E2F13P1-DP12_PRBP1-E2F13P1-DP12) [D:1.0000; C:1.0000]
 18.0000: (INITIALIZE_CDK46P1) [D:1.0000; C:1.0000]
 19.0000: (ASSOCIATE_CDK2P1_CYCA_CDK2P1-CYCA) [D:1.0000; C:1.0000]
 19.0000: (DUMMY-ACTION-21-1) [D:1.0000; C:1.0000]
 19.0000: (INITIALIZE_E2F13) [D:1.0000; C:1.0000]
 19.0000: (INITIALIZE_SKP2) [D:1.0000; C:1.0000]
 19.0000: (INITIALIZE_SKP1) [D:1.0000; C:1.0000]
 19.0000: (ASSOCIATE_P21_CDK46-CYCD_P21-CDK46-CYCD) [D:1.0000; C:1.0000]
 19.0000: (DUMMY-ACTION-14-2) [D:1.0000; C:1.0000]
 19.0000: (ASSOCIATE-WITH-CATALYZE_CDK46P1_CDC25AP1_CDK46) [D:1.0000; C:1.0000]
 19.0000: (SYNTHESIZE_E2F13P1-DP12-GE2_CYCD) [D:1.0000; C:1.0000]
 20.0000: (ASSOCIATE_SKP2_SKP1P1_SKP2-SKP1P1) [D:1.0000; C:1.0000]
 20.0000: (INITIALIZE_CDK2P1) [D:1.0000; C:1.0000]
 20.0000: (SYNTHESIZE_E2F13P1-DP12-GE2_CYCA) [D:1.0000; C:1.0000]
 20.0000: (DUMMY-ACTION-16-2) [D:1.0000; C:1.0000]
 20.0000: (SYNTHESIZE_P53P1_P21) [D:1.0000; C:1.0000]
 20.0000: (ASSOCIATE_CDK46_CYCDP1_CDK46-CYCDP1) [D:1.0000; C:1.0000]
 20.0000: (INITIALIZE_CDK46P1) [D:1.0000; C:1.0000]
 21.0000: (ASSOCIATE-WITH-CATALYZE_SKP1_CDK2P2-CYCA_SKP1P1) [D:1.0000; C:1.0000]
 21.0000: (ASSOCIATE_CDK2P1_CYCEP1_CDK2P1-CYCEP1) [D:1.0000; C:1.0000]
 21.0000: (DUMMY-ACTION-13-2) [D:1.0000; C:1.0000]
 21.0000: (ASSOCIATE_CDK46P1_CYCD_CDK46P1-CYCD) [D:1.0000; C:1.0000]
 21.0000: (INITIALIZE_SKP2) [D:1.0000; C:1.0000]
 22.0000: (ASSOCIATE_CDK2P2-CYCA_E2F13P1_CDK2P2-CYCA-E2F13P1) [D:1.0000; C:1.0000]
 22.0000: (INITIALIZE_CDK2P1) [D:1.0000; C:1.0000]
 22.0000: (SYNTHESIZE_E2F13P1-DP12-GE2_CYCEP1) [D:1.0000; C:1.0000]
 22.0000: (ASSOCIATE-WITH-CATALYZE_CDK2P1-CYCEP1_CDC25AP1_CDK2-CYCEP1) [D:1.0000; C:1.0000]
 22.0000: (DUMMY-ACTION-15-2) [D:1.0000; C:1.0000]
 23.0000: (ASSOCIATE-WITH-CATALYZE_CDK2-CYCA_CDK7-CYCH_CDK2P2-CYCA) [D:1.0000; C:1.0000]
 23.0000: (ASSOCIATE_CDK2P1_CYCEP1_CDK2P1-CYCEP1) [D:1.0000; C:1.0000]
 23.0000: (DUMMY-ACTION-8-2) [D:1.0000; C:1.0000]
 24.0000: (ASSOCIATE_CDK2P2-CYCA_E2F13_CDK2P2-CYCA-E2F13) [D:1.0000; C:1.0000]
 24.0000: (ASSOCIATE-WITH-CATALYZE_CDK2P1-CYCEP1_CDK7-CYCH_CDK2P1P2-CYCEP1) [D:1.0000; C:1.0000]
 24.0000: (ASSOCIATE-WITH-CATALYZE_CDK2P1-CYCA_CDC25AP1_CDK2-CYCA) [D:1.0000; C:1.0000]
 24.0000: (INITIALIZE_CDK2P1) [D:1.0000; C:1.0000]
 24.0000: (SYNTHESIZE_E2F13P1-DP12-GE2_CYCEP1) [D:1.0000; C:1.0000]
 25.0000: (DUMMY-ACTION-20-2) [D:1.0000; C:1.0000]
 25.0000: (ASSOCIATE-WITH-CATALYZE_CDK2P1P2-CYCEP1_CDC25AP1_CDK2P2-CYCEP1) [D:1.0000; C:1.0000]
 25.0000: (ASSOCIATE_CDK2P1_CYCA_CDK2P1-CYCA) [D:1.0000; C:1.0000]
 25.0000: (ASSOCIATE-WITH-CATALYZE_CDK2-CYCA_CDK7-CYCH_CDK2P2-CYCA) [D:1.0000; C:1.0000]
 26.0000: (ASSOCIATE-WITH-CATALYZE_P27_CDK2P2-CYCEP1_P27P1) [D:1.0000; C:1.0000]
 26.0000: (INITIALIZE_CDK2P1) [D:1.0000; C:1.0000]
 26.0000: (SYNTHESIZE_E2F13P1-DP12-GE2_CYCA) [D:1.0000; C:1.0000]
 27.0000: (ASSOCIATE_P27P1_CDK2-CYCEP1_P27P1-CDK2-CYCEP1) [D:1.0000; C:1.0000]
 27.0000: (INITIALIZE_P27) [D:1.0000; C:1.0000]
 27.0000: (ASSOCIATE_CDK2P1_CYCEP1_CDK2P1-CYCEP1) [D:1.0000; C:1.0000]
 28.0000: (DUMMY-ACTION-19-1) [D:1.0000; C:1.0000]
 28.0000: (ASSOCIATE-WITH-CATALYZE_P27_CDK2P2-CYCEP1_P27P1) [D:1.0000; C:1.0000]
 28.0000: (ASSOCIATE-WITH-CATALYZE_CDK2P1-CYCEP1_CDK7-CYCH_CDK2P1P2-CYCEP1) [D:1.0000; C:1.0000]
 28.0000: (INITIALIZE_CDK2P1) [D:1.0000; C:1.0000]
 29.0000: (INITIALIZE_P27) [D:1.0000; C:1.0000]
 29.0000: (ASSOCIATE_P27P1_CDK2P2-CYCEP1_P27P1-CDK2P2-CYCEP1) [D:1.0000; C:1.0000]
 30.0000: (ASSOCIATE-WITH-CATALYZE_CDK2P1P2-CYCEP1_CDC25AP1_CDK2P2-CYCEP1) [D:1.0000; C:1.0000]
 30.0000: (DUMMY-ACTION-2-1) [D:1.0000; C:1.0000]
 31.0000: (ASSOCIATE-WITH-CATALYZE_P27_CDK2P2-CYCEP1_P27P1) [D:1.0000; C:1.0000]
 32.0000: (ASSOCIATE_P27P1_CDK2P1-CYCA_P27P1-CDK2P1-CYCA) [D:1.0000; C:1.0000]
 32.0000: (INITIALIZE_P27) [D:1.0000; C:1.0000]
 33.0000: (DUMMY-ACTION-18-1) [D:1.0000; C:1.0000]
 33.0000: (ASSOCIATE_CDK2P1_CYCA_CDK2P1-CYCA) [D:1.0000; C:1.0000]
 34.0000: (ASSOCIATE-WITH-CATALYZE_CDK2P1-CYCA_CDC25AP1_CDK2-CYCA) [D:1.0000; C:1.0000]
 34.0000: (INITIALIZE_CDK2P1) [D:1.0000; C:1.0000]
 34.0000: (SYNTHESIZE_E2F13P1-DP12-GE2_CYCA) [D:1.0000; C:1.0000]
 35.0000: (ASSOCIATE_P21_CDK2-CYCA_P21-CDK2-CYCA) [D:1.0000; C:1.0000]
 35.0000: (ASSOCIATE_CDK2P1_CYCE_CDK2P1-CYCE) [D:1.0000; C:1.0000]
 36.0000: (ASSOCIATE-WITH-CATALYZE_CDK2P1-CYCE_CDK7-CYCH_CDK2P1P2-CYCE) [D:1.0000; C:1.0000]
 36.0000: (INITIALIZE_CDK2P1) [D:1.0000; C:1.0000]
 36.0000: (SYNTHESIZE_E2F13P1-DP12-GE2_CYCE) [D:1.0000; C:1.0000]
 36.0000: (SYNTHESIZE_P53P1_P21) [D:1.0000; C:1.0000]
 36.0000: (DUMMY-ACTION-10-1) [D:1.0000; C:1.0000]
 37.0000: (ASSOCIATE_CDK2P1_CYCE_CDK2P1-CYCE) [D:1.0000; C:1.0000]
 37.0000: (ASSOCIATE-WITH-CATALYZE_CDK2P1P2-CYCE_CDC25AP1_CDK2P2-CYCE) [D:1.0000; C:1.0000]
 38.0000: (ASSOCIATE-WITH-CATALYZE_CDK2P1-CYCE_CDC25AP1_CDK2-CYCE) [D:1.0000; C:1.0000]
 38.0000: (INITIALIZE_CDK2P1) [D:1.0000; C:1.0000]
 38.0000: (SYNTHESIZE_E2F13P1-DP12-GE2_CYCE) [D:1.0000; C:1.0000]
 38.0000: (ASSOCIATE-WITH-CATALYZE_P27_CDK2P2-CYCE_P27P1) [D:1.0000; C:1.0000]
 38.0000: (DUMMY-ACTION-7-2) [D:1.0000; C:1.0000]
 39.0000: (ASSOCIATE_P21_CDK2-CYCE_P21-CDK2-CYCE) [D:1.0000; C:1.0000]
 39.0000: (ASSOCIATE_CDK2P1_CYCE_CDK2P1-CYCE) [D:1.0000; C:1.0000]
 39.0000: (INITIALIZE_P27) [D:1.0000; C:1.0000]
 40.0000: (DUMMY-ACTION-12-2) [D:1.0000; C:1.0000]
 40.0000: (ASSOCIATE-WITH-CATALYZE_CDK2P1-CYCE_CDK7-CYCH_CDK2P1P2-CYCE) [D:1.0000; C:1.0000]
 40.0000: (INITIALIZE_CDK2P1) [D:1.0000; C:1.0000]
 41.0000: (ASSOCIATE_P27P1_CDK2P1P2-CYCE_P27P1-CDK2P1P2-CYCE) [D:1.0000; C:1.0000]
 41.0000: (ASSOCIATE_CDK2P1_CYCA_CDK2P1-CYCA) [D:1.0000; C:1.0000]
 42.0000: (DUMMY-ACTION-9-1) [D:1.0000; C:1.0000]
 42.0000: (ASSOCIATE-WITH-CATALYZE_P27_CDK2P2-CYCE_P27P1) [D:1.0000; C:1.0000]
 42.0000: (ASSOCIATE_SKP2-SKP1P1_CDK2P1-CYCA_SKP2-SKP1P1-CDK2P1-CYCA) [D:1.0000; C:1.0000]
 42.0000: (INITIALIZE_CDK2P1) [D:1.0000; C:1.0000]
 42.0000: (SYNTHESIZE_E2F13P1-DP12-GE2_CYCA) [D:1.0000; C:1.0000]
 43.0000: (INITIALIZE_P27) [D:1.0000; C:1.0000]
 43.0000: (ASSOCIATE_P27P1_CDK46P1-CYCD_P27P1-CDK46P1-CYCD) [D:1.0000; C:1.0000]
 43.0000: (ASSOCIATE_SKP2_SKP1P1_SKP2-SKP1P1) [D:1.0000; C:1.0000]
 43.0000: (ASSOCIATE_CDK2P1_CYCA_CDK2P1-CYCA) [D:1.0000; C:1.0000]
 43.0000: (DUMMY-ACTION-3-2) [D:1.0000; C:1.0000]
 44.0000: (ASSOCIATE_P27_CDK2P2-CYCA_P27-CDK2P2-CYCA) [D:1.0000; C:1.0000]
 44.0000: (DUMMY-ACTION-4-1) [D:1.0000; C:1.0000]
 44.0000: (ASSOCIATE-WITH-CATALYZE_CDK2P1-CYCA_CDC25AP1_CDK2-CYCA) [D:1.0000; C:1.0000]
 45.0000: (DUMMY-ACTION-6-2) [D:1.0000; C:1.0000]
 45.0000: (ASSOCIATE_SKP2-SKP1P1_CDK2-CYCA_SKP2-SKP1P1-CDK2-CYCA) [D:1.0000; C:1.0000]
 46.0000: (DUMMY-ACTION-1-1) [D:1.0000; C:1.0000]


Solution found:
Total time:      4.53
Search time:     4.35
Actions:         170
Execution cost:  170.00
Duration:        47.000
Plan quality:    170.000


Parsing domain file:  domain 'GROUNDED-PATHWAYS-PROPOSITIONAL' defined ... done.
Parsing problem file:  problem 'GROUNDED-PATHWAYS-18' defined ... done.



Modality: Fast Planner

Number of actions             :    1303
Number of conditional actions :       0
Number of facts               :     417


Analyzing Planning Problem:
	Temporal Planning Problem: NO
	Numeric Planning Problem: NO
	Problem with Timed Initial Litearals: NO
	Problem with Derived Predicates: NO

Evaluation function weights:
     Action duration 0.00; Action cost 1.00


Computing mutex... done

Preprocessing total time: 0.12 seconds

Searching ('.' = every 50 search steps):
........... search limit exceeded. Restart.
............. search limit exceeded. Restart.
..... solution found: 

Plan computed:
   Time: (ACTION) [action Duration; action Cost]
 0.0000: (CHOOSE_E2F13-DP12_L1_L0) [D:1.0000; C:1.0000]
 1.0000: (CHOOSE_GE2_L2_L1) [D:1.0000; C:1.0000]
 1.0000: (INITIALIZE_E2F13-DP12) [D:1.0000; C:1.0000]
 2.0000: (CHOOSE_P27_L3_L2) [D:1.0000; C:1.0000]
 2.0000: (INITIALIZE_GE2) [D:1.0000; C:1.0000]
 3.0000: (CHOOSE_E2F13P1-DP12_L4_L3) [D:1.0000; C:1.0000]
 3.0000: (ASSOCIATE_E2F13-DP12_GE2_E2F13-DP12-GE2) [D:1.0000; C:1.0000]
 3.0000: (INITIALIZE_P27) [D:1.0000; C:1.0000]
 4.0000: (CHOOSE_CYCH_L5_L4) [D:1.0000; C:1.0000]
 4.0000: (INITIALIZE_GE2) [D:1.0000; C:1.0000]
 4.0000: (INITIALIZE_GE2) [D:1.0000; C:1.0000]
 4.0000: (SYNTHESIZE_E2F13-DP12-GE2_CYCEP1) [D:1.0000; C:1.0000]
 4.0000: (INITIALIZE_E2F13P1-DP12) [D:1.0000; C:1.0000]
 4.0000: (SYNTHESIZE_E2F13-DP12-GE2_CYCDP1) [D:1.0000; C:1.0000]
 5.0000: (CHOOSE_CDK2_L6_L5) [D:1.0000; C:1.0000]
 5.0000: (INITIALIZE_CYCH) [D:1.0000; C:1.0000]
 5.0000: (ASSOCIATE_E2F13P1-DP12_GE2_E2F13P1-DP12-GE2) [D:1.0000; C:1.0000]
 6.0000: (INITIALIZE_CDK2) [D:1.0000; C:1.0000]
 6.0000: (CHOOSE_CDK7_L7_L6) [D:1.0000; C:1.0000]
 6.0000: (SYNTHESIZE_E2F13P1-DP12-GE2_CYCA) [D:1.0000; C:1.0000]
 6.0000: (SYNTHESIZE_E2F13P1-DP12-GE2_CYCE) [D:1.0000; C:1.0000]
 6.0000: (SYNTHESIZE_E2F13P1-DP12-GE2_CYCD) [D:1.0000; C:1.0000]
 7.0000: (INITIALIZE_CDK7) [D:1.0000; C:1.0000]
 7.0000: (CHOOSE_CDK2P1_L8_L7) [D:1.0000; C:1.0000]
 8.0000: (ASSOCIATE_CDK7_CYCH_CDK7-CYCH) [D:1.0000; C:1.0000]
 8.0000: (INITIALIZE_CDK2P1) [D:1.0000; C:1.0000]
 8.0000: (CHOOSE_CYCB_L9_L8) [D:1.0000; C:1.0000]
 9.0000: (ASSOCIATE-WITH-CATALYZE_CDK2P1_CDK7-CYCH_CDK2P1P2) [D:1.0000; C:1.0000]
 9.0000: (ASSOCIATE-WITH-CATALYZE_CDK2_CDK7-CYCH_CDK2P2) [D:1.0000; C:1.0000]
 9.0000: (INITIALIZE_CYCB) [D:1.0000; C:1.0000]
 9.0000: (CHOOSE_CDK1P1P2_L10_L9) [D:1.0000; C:1.0000]
 10.0000: (ASSOCIATE_CDK2P2_CYCEP1_CDK2P2-CYCEP1) [D:1.0000; C:1.0000]
 10.0000: (ASSOCIATE_CDK2P1P2_CYCA_CDK2P1P2-CYCA) [D:1.0000; C:1.0000]
 10.0000: (INITIALIZE_CDK2) [D:1.0000; C:1.0000]
 10.0000: (INITIALIZE_CDK1P1P2) [D:1.0000; C:1.0000]
 10.0000: (CHOOSE_P68_L11_L10) [D:1.0000; C:1.0000]
 10.0000: (INITIALIZE_CDK2P1) [D:1.0000; C:1.0000]
 11.0000: (ASSOCIATE-WITH-CATALYZE_P27_CDK2P2-CYCEP1_P27P1) [D:1.0000; C:1.0000]
 11.0000: (ASSOCIATE-WITH-CATALYZE_CDK2_CDK7-CYCH_CDK2P2) [D:1.0000; C:1.0000]
 11.0000: (SYNTHESIZE_E2F13P1-DP12-GE2_CYCEP1) [D:1.0000; C:1.0000]
 11.0000: (ASSOCIATE-WITH-CATALYZE_CDK1P1P2_CDK7-CYCH_CDK1P1P2P3) [D:1.0000; C:1.0000]
 11.0000: (INITIALIZE_P68) [D:1.0000; C:1.0000]
 11.0000: (SYNTHESIZE_E2F13-DP12-GE2_CYCA) [D:1.0000; C:1.0000]
 11.0000: (CHOOSE_DP12_L12_L11) [D:1.0000; C:1.0000]
 11.0000: (ASSOCIATE-WITH-CATALYZE_CDK2P1_CDK7-CYCH_CDK2P1P2) [D:1.0000; C:1.0000]
 12.0000: (ASSOCIATE_P27P1_CDK2P1P2-CYCA_P27P1-CDK2P1P2-CYCA) [D:1.0000; C:1.0000]
 12.0000: (INITIALIZE_CDK2) [D:1.0000; C:1.0000]
 12.0000: (INITIALIZE_P27) [D:1.0000; C:1.0000]
 12.0000: (DUMMY-ACTION-17-2) [D:1.0000; C:1.0000]
 12.0000: (ASSOCIATE-WITH-CATALYZE_P68_CDK2P2-CYCEP1_P68P1) [D:1.0000; C:1.0000]
 12.0000: (INITIALIZE_DP12) [D:1.0000; C:1.0000]
 12.0000: (CHOOSE_P53P1_L13_L12) [D:1.0000; C:1.0000]
 12.0000: (INITIALIZE_CDK2P1) [D:1.0000; C:1.0000]
 13.0000: (DUMMY-ACTION-23-1) [D:1.0000; C:1.0000]
 13.0000: (ASSOCIATE_CDK2_CYCEP1_CDK2-CYCEP1) [D:1.0000; C:1.0000]
 13.0000: (ASSOCIATE_CDK1P1P2P3_CYCB_CDK1P1P2P3-CYCB) [D:1.0000; C:1.0000]
 13.0000: (DUMMY-ACTION-21-2) [D:1.0000; C:1.0000]
 13.0000: (INITIALIZE_P53P1) [D:1.0000; C:1.0000]
 13.0000: (CHOOSE_SKP1_L14_L13) [D:1.0000; C:1.0000]
 14.0000: (ASSOCIATE_P27_CDK2-CYCEP1_P27-CDK2-CYCEP1) [D:1.0000; C:1.0000]
 14.0000: (INITIALIZE_CDK2) [D:1.0000; C:1.0000]
 14.0000: (SYNTHESIZE_E2F13P1-DP12-GE2_CYCEP1) [D:1.0000; C:1.0000]
 14.0000: (DUMMY-ACTION-22-1) [D:1.0000; C:1.0000]
 14.0000: (SYNTHESIZE_P53P1_P21) [D:1.0000; C:1.0000]
 14.0000: (INITIALIZE_SKP1) [D:1.0000; C:1.0000]
 14.0000: (CHOOSE_P57_L15_L14) [D:1.0000; C:1.0000]
 15.0000: (INITIALIZE_P27) [D:1.0000; C:1.0000]
 15.0000: (ASSOCIATE_CDK2_CYCEP1_CDK2-CYCEP1) [D:1.0000; C:1.0000]
 15.0000: (INITIALIZE_P57) [D:1.0000; C:1.0000]
 15.0000: (CHOOSE_CKS1_L16_L15) [D:1.0000; C:1.0000]
 15.0000: (DUMMY-ACTION-12-2) [D:1.0000; C:1.0000]
 16.0000: (ASSOCIATE-WITH-CATALYZE_P27_CDK2P2-CYCEP1_P27P1) [D:1.0000; C:1.0000]
 16.0000: (INITIALIZE_CDK2) [D:1.0000; C:1.0000]
 16.0000: (INITIALIZE_CKS1) [D:1.0000; C:1.0000]
 16.0000: (CHOOSE_E2F13_L17_L16) [D:1.0000; C:1.0000]
 16.0000: (SYNTHESIZE_E2F13P1-DP12-GE2_CYCEP1) [D:1.0000; C:1.0000]
 17.0000: (ASSOCIATE_P27P1_CDK2-CYCEP1_P27P1-CDK2-CYCEP1) [D:1.0000; C:1.0000]
 17.0000: (ASSOCIATE_CDK2_CYCE_CDK2-CYCE) [D:1.0000; C:1.0000]
 17.0000: (INITIALIZE_P27) [D:1.0000; C:1.0000]
 17.0000: (INITIALIZE_E2F13) [D:1.0000; C:1.0000]
 17.0000: (CHOOSE_CDK46P1_L18_L17) [D:1.0000; C:1.0000]
 18.0000: (DUMMY-ACTION-24-1) [D:1.0000; C:1.0000]
 18.0000: (ASSOCIATE-WITH-CATALYZE_P27_CDK2P2-CYCEP1_P27P1) [D:1.0000; C:1.0000]
 18.0000: (INITIALIZE_CDK2) [D:1.0000; C:1.0000]
 18.0000: (SYNTHESIZE_E2F13-DP12-GE2_CYCE) [D:1.0000; C:1.0000]
 18.0000: (INITIALIZE_CDK46P1) [D:1.0000; C:1.0000]
 19.0000: (ASSOCIATE_P27P1_CDK2-CYCE_P27P1-CDK2-CYCE) [D:1.0000; C:1.0000]
 19.0000: (ASSOCIATE_CDK2_CYCA_CDK2-CYCA) [D:1.0000; C:1.0000]
 19.0000: (INITIALIZE_P27) [D:1.0000; C:1.0000]
 19.0000: (ASSOCIATE_CDK2P1P2_CYCE_CDK2P1P2-CYCE) [D:1.0000; C:1.0000]
 19.0000: (ASSOCIATE_CDK46P1_CYCDP1_CDK46P1-CYCDP1) [D:1.0000; C:1.0000]
 20.0000: (DUMMY-ACTION-20-1) [D:1.0000; C:1.0000]
 20.0000: (SYNTHESIZE_E2F13P1-DP12-GE2_CYCA) [D:1.0000; C:1.0000]
 20.0000: (ASSOCIATE-WITH-CATALYZE_P27_CDK2P2-CYCEP1_P27P1) [D:1.0000; C:1.0000]
 20.0000: (ASSOCIATE-WITH-CATALYZE_CDK2-CYCA_CDK7-CYCH_CDK2P2-CYCA) [D:1.0000; C:1.0000]
 20.0000: (INITIALIZE_CDK2) [D:1.0000; C:1.0000]
 20.0000: (ASSOCIATE_P57_CDK2P1P2-CYCE_P57-CDK2P1P2-CYCE) [D:1.0000; C:1.0000]
 20.0000: (ASSOCIATE-WITH-CATALYZE_CDK2P1_CDK7-CYCH_CDK2P1P2) [D:1.0000; C:1.0000]
 20.0000: (SYNTHESIZE_E2F13-DP12-GE2_CYCE) [D:1.0000; C:1.0000]
 20.0000: (INITIALIZE_CDK46P1) [D:1.0000; C:1.0000]
 21.0000: (ASSOCIATE_P27P1_CDK2P2-CYCA_P27P1-CDK2P2-CYCA) [D:1.0000; C:1.0000]
 21.0000: (ASSOCIATE-WITH-CATALYZE_CDK2_CDK7-CYCH_CDK2P2) [D:1.0000; C:1.0000]
 21.0000: (ASSOCIATE_P21_CDK2P2-CYCEP1_P21-CDK2P2-CYCEP1) [D:1.0000; C:1.0000]
 21.0000: (DUMMY-ACTION-14-1) [D:1.0000; C:1.0000]
 21.0000: (INITIALIZE_CDK2P1) [D:1.0000; C:1.0000]
 21.0000: (INITIALIZE_P27) [D:1.0000; C:1.0000]
 21.0000: (INITIALIZE_P57) [D:1.0000; C:1.0000]
 21.0000: (ASSOCIATE_CDK46P1_CYCD_CDK46P1-CYCD) [D:1.0000; C:1.0000]
 22.0000: (DUMMY-ACTION-19-2) [D:1.0000; C:1.0000]
 22.0000: (INITIALIZE_CDK2) [D:1.0000; C:1.0000]
 22.0000: (SYNTHESIZE_P53P1_P21) [D:1.0000; C:1.0000]
 22.0000: (DUMMY-ACTION-6-1) [D:1.0000; C:1.0000]
 22.0000: (ASSOCIATE_CDK2P2_CKS1_CDK2P2-CKS1) [D:1.0000; C:1.0000]
 23.0000: (ASSOCIATE_CDK2_CYCA_CDK2-CYCA) [D:1.0000; C:1.0000]
 23.0000: (DUMMY-ACTION-13-2) [D:1.0000; C:1.0000]
 23.0000: (ASSOCIATE_P21_CDK46P1-CYCDP1_P21-CDK46P1-CYCDP1) [D:1.0000; C:1.0000]
 24.0000: (INITIALIZE_CDK2) [D:1.0000; C:1.0000]
 24.0000: (SYNTHESIZE_E2F13P1-DP12-GE2_CYCA) [D:1.0000; C:1.0000]
 24.0000: (ASSOCIATE-WITH-CATALYZE_CDK2-CYCA_CDK7-CYCH_CDK2P2-CYCA) [D:1.0000; C:1.0000]
 24.0000: (SYNTHESIZE_E2F13P1-DP12-GE2_CYCA) [D:1.0000; C:1.0000]
 24.0000: (DUMMY-ACTION-9-2) [D:1.0000; C:1.0000]
 25.0000: (ASSOCIATE-WITH-CATALYZE_DP12_CDK2P2-CYCA_DP12P1) [D:1.0000; C:1.0000]
 25.0000: (ASSOCIATE-WITH-CATALYZE_SKP1_CDK2P2-CYCA_SKP1P1) [D:1.0000; C:1.0000]
 25.0000: (ASSOCIATE-WITH-CATALYZE_P68P1_CDK2P2-CYCA_P68P1P2) [D:1.0000; C:1.0000]
 25.0000: (ASSOCIATE-WITH-CATALYZE_E2F13_CDK2P2-CYCA_E2F13P1) [D:1.0000; C:1.0000]
 25.0000: (ASSOCIATE_CDK2P1P2_CYCA_CDK2P1P2-CYCA) [D:1.0000; C:1.0000]
 25.0000: (ASSOCIATE-WITH-CATALYZE_CDK2_CDK7-CYCH_CDK2P2) [D:1.0000; C:1.0000]
 26.0000: (ASSOCIATE_P53P1_DP12P1_P53P1-DP12P1) [D:1.0000; C:1.0000]
 26.0000: (DUMMY-ACTION-16-2) [D:1.0000; C:1.0000]
 26.0000: (DUMMY-ACTION-15-2) [D:1.0000; C:1.0000]
 26.0000: (INITIALIZE_E2F13) [D:1.0000; C:1.0000]
 26.0000: (ASSOCIATE_CDK2P2-CYCA_E2F13P1_CDK2P2-CYCA-E2F13P1) [D:1.0000; C:1.0000]
 26.0000: (INITIALIZE_CDK2) [D:1.0000; C:1.0000]
 26.0000: (SYNTHESIZE_E2F13-DP12-GE2_CYCA) [D:1.0000; C:1.0000]
 26.0000: (ASSOCIATE-WITH-CATALYZE_CDK2P1_CDK7-CYCH_CDK2P1P2) [D:1.0000; C:1.0000]
 26.0000: (INITIALIZE_CDK2) [D:1.0000; C:1.0000]
 27.0000: (DUMMY-ACTION-18-1) [D:1.0000; C:1.0000]
 27.0000: (ASSOCIATE_CDK2P2_CYCA_CDK2P2-CYCA) [D:1.0000; C:1.0000]
 27.0000: (INITIALIZE_CDK2P1) [D:1.0000; C:1.0000]
 27.0000: (ASSOCIATE_CDK2P1P2_CYCE_CDK2P1P2-CYCE) [D:1.0000; C:1.0000]
 27.0000: (DUMMY-ACTION-8-1) [D:1.0000; C:1.0000]
 28.0000: (SYNTHESIZE_E2F13-DP12-GE2_CYCA) [D:1.0000; C:1.0000]
 28.0000: (ASSOCIATE-WITH-CATALYZE_E2F13_CDK2P2-CYCA_E2F13P1) [D:1.0000; C:1.0000]
 28.0000: (ASSOCIATE_CDK2P1_CYCEP1_CDK2P1-CYCEP1) [D:1.0000; C:1.0000]
 28.0000: (ASSOCIATE_P27_CDK2P1P2-CYCE_P27-CDK2P1P2-CYCE) [D:1.0000; C:1.0000]
 28.0000: (ASSOCIATE-WITH-CATALYZE_CDK2_CDK7-CYCH_CDK2P2) [D:1.0000; C:1.0000]
 29.0000: (ASSOCIATE_CDK2P1P2-CYCA_E2F13P1_CDK2P1P2-CYCA-E2F13P1) [D:1.0000; C:1.0000]
 29.0000: (INITIALIZE_P27) [D:1.0000; C:1.0000]
 29.0000: (SYNTHESIZE_E2F13P1-DP12-GE2_CYCEP1) [D:1.0000; C:1.0000]
 29.0000: (INITIALIZE_CDK2) [D:1.0000; C:1.0000]
 29.0000: (DUMMY-ACTION-5-1) [D:1.0000; C:1.0000]
 29.0000: (INITIALIZE_CDK2P1) [D:1.0000; C:1.0000]
 30.0000: (DUMMY-ACTION-11-1) [D:1.0000; C:1.0000]
 30.0000: (ASSOCIATE_CDK2_CYCEP1_CDK2-CYCEP1) [D:1.0000; C:1.0000]
 30.0000: (ASSOCIATE_P27_CDK2P2-CYCA_P27-CDK2P2-CYCA) [D:1.0000; C:1.0000]
 30.0000: (ASSOCIATE-WITH-CATALYZE_CDK2P1_CDK7-CYCH_CDK2P1P2) [D:1.0000; C:1.0000]
 31.0000: (ASSOCIATE-WITH-CATALYZE_CDK2-CYCEP1_CDK7-CYCH_CDK2P2-CYCEP1) [D:1.0000; C:1.0000]
 31.0000: (INITIALIZE_P27) [D:1.0000; C:1.0000]
 31.0000: (DUMMY-ACTION-4-2) [D:1.0000; C:1.0000]
 31.0000: (ASSOCIATE_CDK2P1P2_CYCA_CDK2P1P2-CYCA) [D:1.0000; C:1.0000]
 31.0000: (SYNTHESIZE_E2F13-DP12-GE2_CYCEP1) [D:1.0000; C:1.0000]
 32.0000: (ASSOCIATE-WITH-CATALYZE_P27_CDK2P2-CYCEP1_P27P1) [D:1.0000; C:1.0000]
 32.0000: (ASSOCIATE_P57_CDK2P1P2-CYCA_P57-CDK2P1P2-CYCA) [D:1.0000; C:1.0000]
 33.0000: (DUMMY-ACTION-7-2) [D:1.0000; C:1.0000]
 33.0000: (DUMMY-ACTION-3-1) [D:1.0000; C:1.0000]
 33.0000: (INITIALIZE_P27) [D:1.0000; C:1.0000]
 34.0000: (ASSOCIATE_P27P1_CDK2P1-CYCEP1_P27P1-CDK2P1-CYCEP1) [D:1.0000; C:1.0000]
 35.0000: (DUMMY-ACTION-10-2) [D:1.0000; C:1.0000]
 35.0000: (ASSOCIATE-WITH-CATALYZE_P27_CDK2P2-CYCEP1_P27P1) [D:1.0000; C:1.0000]
 36.0000: (ASSOCIATE_P27P1_CDK2P2-CYCEP1_P27P1-CDK2P2-CYCEP1) [D:1.0000; C:1.0000]
 36.0000: (INITIALIZE_P27) [D:1.0000; C:1.0000]
 37.0000: (ASSOCIATE_CDK2P2_CYCEP1_CDK2P2-CYCEP1) [D:1.0000; C:1.0000]
 37.0000: (DUMMY-ACTION-1-1) [D:1.0000; C:1.0000]
 38.0000: (ASSOCIATE-WITH-CATALYZE_P27_CDK2P2-CYCEP1_P27P1) [D:1.0000; C:1.0000]
 39.0000: (ASSOCIATE_P27P1_CDK46P1-CYCD_P27P1-CDK46P1-CYCD) [D:1.0000; C:1.0000]
 40.0000: (DUMMY-ACTION-2-1) [D:1.0000; C:1.0000]


Solution found:
Total time:      1.35
Search time:     1.23
Actions:         176
Execution cost:  176.00
Duration:        41.000
Plan quality:    176.000


Parsing domain file:  domain 'GROUNDED-PATHWAYS-PROPOSITIONAL' defined ... done.
Parsing problem file:  problem 'GROUNDED-PATHWAYS-19' defined ... done.



Modality: Fast Planner

Number of actions             :    1962
Number of conditional actions :       0
Number of facts               :     545


Analyzing Planning Problem:
	Temporal Planning Problem: NO
	Numeric Planning Problem: NO
	Problem with Timed Initial Litearals: NO
	Problem with Derived Predicates: NO

Evaluation function weights:
     Action duration 0.00; Action cost 1.00


Computing mutex... done

Preprocessing total time: 0.21 seconds

Searching ('.' = every 50 search steps):
........... search limit exceeded. Restart.
............. search limit exceeded. Restart.
............... search limit exceeded. Restart.
.................. search limit exceeded. Restart.
..................... search limit exceeded. Restart.
........................ search limit exceeded. Restart.
............................ search limit exceeded. Restart.
................................. search limit exceeded. Restart.
...................................... search limit exceeded.

Searching ('.' = every 50 search steps):
........... search limit exceeded. Restart.
............. search limit exceeded. Restart.
............... search limit exceeded. Restart.
.................. search limit exceeded. Restart.
.............. solution found: 

Plan computed:
   Time: (ACTION) [action Duration; action Cost]
 0.0000: (CHOOSE_CEBP_L1_L0) [D:1.0000; C:1.0000]
 1.0000: (CHOOSE_P57P1_L2_L1) [D:1.0000; C:1.0000]
 1.0000: (INITIALIZE_CEBP) [D:1.0000; C:1.0000]
 2.0000: (CHOOSE_E2F13P1-DP12P1_L3_L2) [D:1.0000; C:1.0000]
 2.0000: (INITIALIZE_P57P1) [D:1.0000; C:1.0000]
 3.0000: (CHOOSE_HBP1_L4_L3) [D:1.0000; C:1.0000]
 3.0000: (INITIALIZE_E2F13P1-DP12P1) [D:1.0000; C:1.0000]
 4.0000: (CHOOSE_CDK46P1_L5_L4) [D:1.0000; C:1.0000]
 5.0000: (CHOOSE_GP_L6_L5) [D:1.0000; C:1.0000]
 5.0000: (INITIALIZE_CDK46P1) [D:1.0000; C:1.0000]
 6.0000: (CHOOSE_HDAC1-P107-E2F4P1-DP12_L7_L6) [D:1.0000; C:1.0000]
 6.0000: (INITIALIZE_GP) [D:1.0000; C:1.0000]
 7.0000: (CHOOSE_P130-E2F4P1-DP12_L8_L7) [D:1.0000; C:1.0000]
 8.0000: (CHOOSE_PRB_L9_L8) [D:1.0000; C:1.0000]
 9.0000: (CHOOSE_P57_L10_L9) [D:1.0000; C:1.0000]
 9.0000: (INITIALIZE_PRB) [D:1.0000; C:1.0000]
 10.0000: (INITIALIZE_P57) [D:1.0000; C:1.0000]
 10.0000: (CHOOSE_CYCH_L11_L10) [D:1.0000; C:1.0000]
 11.0000: (CHOOSE_PCNA_L12_L11) [D:1.0000; C:1.0000]
 11.0000: (INITIALIZE_CYCH) [D:1.0000; C:1.0000]
 12.0000: (CHOOSE_GE2_L13_L12) [D:1.0000; C:1.0000]
 12.0000: (INITIALIZE_PCNA) [D:1.0000; C:1.0000]
 13.0000: (CHOOSE_GCDC25A_L14_L13) [D:1.0000; C:1.0000]
 14.0000: (CHOOSE_CYCB_L15_L14) [D:1.0000; C:1.0000]
 14.0000: (INITIALIZE_GCDC25A) [D:1.0000; C:1.0000]
 15.0000: (CHOOSE_CDK46P3-CYCD_L16_L15) [D:1.0000; C:1.0000]
 16.0000: (CHOOSE_CDK7_L17_L16) [D:1.0000; C:1.0000]
 16.0000: (INITIALIZE_CDK46P3-CYCD) [D:1.0000; C:1.0000]
 17.0000: (INITIALIZE_CDK7) [D:1.0000; C:1.0000]
 17.0000: (CHOOSE_RAF1_L18_L17) [D:1.0000; C:1.0000]
 17.0000: (ASSOCIATE-WITH-CATALYZE_PRB_CDK46P3-CYCD_PRBP1) [D:1.0000; C:1.0000]
 18.0000: (ASSOCIATE_CDK7_CYCH_CDK7-CYCH) [D:1.0000; C:1.0000]
 18.0000: (INITIALIZE_RAF1) [D:1.0000; C:1.0000]
 18.0000: (CHOOSE_MAX_L19_L18) [D:1.0000; C:1.0000]
 18.0000: (INITIALIZE_PRB) [D:1.0000; C:1.0000]
 19.0000: (INITIALIZE_CDK7) [D:1.0000; C:1.0000]
 19.0000: (INITIALIZE_MAX) [D:1.0000; C:1.0000]
 19.0000: (CHOOSE_P27_L20_L19) [D:1.0000; C:1.0000]
 19.0000: (ASSOCIATE_PRB_E2F13P1-DP12P1_PRB-E2F13P1-DP12P1) [D:1.0000; C:1.0000]
 20.0000: (CHOOSE_SP1_L21_L20) [D:1.0000; C:1.0000]
 20.0000: (INITIALIZE_P27) [D:1.0000; C:1.0000]
 20.0000: (ASSOCIATE-WITH-CATALYZE_CDK7_CDK7-CYCH_CDK7P1) [D:1.0000; C:1.0000]
 21.0000: (INITIALIZE_SP1) [D:1.0000; C:1.0000]
 21.0000: (CHOOSE_CDK2P1_L22_L21) [D:1.0000; C:1.0000]
 22.0000: (ASSOCIATE_SP1_GP_SP1-GP) [D:1.0000; C:1.0000]
 22.0000: (INITIALIZE_CDK2P1) [D:1.0000; C:1.0000]
 22.0000: (CHOOSE_P53P1_L23_L22) [D:1.0000; C:1.0000]
 23.0000: (SYNTHESIZE_SP1-GP_C-MYC) [D:1.0000; C:1.0000]
 23.0000: (ASSOCIATE-WITH-CATALYZE_CDK2P1_CDK7-CYCH_CDK2P1P2) [D:1.0000; C:1.0000]
 23.0000: (SYNTHESIZE_SP1-GP_CYCEP1) [D:1.0000; C:1.0000]
 23.0000: (SYNTHESIZE_SP1-GP_CYCE) [D:1.0000; C:1.0000]
 23.0000: (SYNTHESIZE_SP1-GP_CYCDP1) [D:1.0000; C:1.0000]
 23.0000: (INITIALIZE_P53P1) [D:1.0000; C:1.0000]
 23.0000: (SYNTHESIZE_SP1-GP_CYCA) [D:1.0000; C:1.0000]
 23.0000: (SYNTHESIZE_SP1-GP_CYCD) [D:1.0000; C:1.0000]
 23.0000: (CHOOSE_P16_L24_L23) [D:1.0000; C:1.0000]
 23.0000: (INITIALIZE_GP) [D:1.0000; C:1.0000]
 24.0000: (ASSOCIATE_C-MYC_MAX_C-MYC-MAX) [D:1.0000; C:1.0000]
 24.0000: (INITIALIZE_CDK2P1) [D:1.0000; C:1.0000]
 24.0000: (SYNTHESIZE_P53P1_P21) [D:1.0000; C:1.0000]
 24.0000: (INITIALIZE_P16) [D:1.0000; C:1.0000]
 25.0000: (ASSOCIATE_C-MYC-MAX_GCDC25A_C-MYC-MAX-GCDC25A) [D:1.0000; C:1.0000]
 25.0000: (ASSOCIATE_CDK2P1_CYCEP1_CDK2P1-CYCEP1) [D:1.0000; C:1.0000]
 25.0000: (ASSOCIATE_PCNA_P21_PCNA-P21) [D:1.0000; C:1.0000]
 25.0000: (ASSOCIATE_P16_CDK7P1_P16-CDK7P1) [D:1.0000; C:1.0000]
 26.0000: (SYNTHESIZE_C-MYC-MAX-GCDC25A_CDC25A) [D:1.0000; C:1.0000]
 26.0000: (INITIALIZE_CDK2P1) [D:1.0000; C:1.0000]
 26.0000: (SYNTHESIZE_SP1-GP_CYCEP1) [D:1.0000; C:1.0000]
 26.0000: (INITIALIZE_PCNA) [D:1.0000; C:1.0000]
 26.0000: (SYNTHESIZE_P53P1_P21) [D:1.0000; C:1.0000]
 26.0000: (DUMMY-ACTION-16-2) [D:1.0000; C:1.0000]
 26.0000: (INITIALIZE_P16) [D:1.0000; C:1.0000]
 27.0000: (DUMMY-ACTION-17-2) [D:1.0000; C:1.0000]
 27.0000: (ASSOCIATE_CDK2P1_CYCE_CDK2P1-CYCE) [D:1.0000; C:1.0000]
 28.0000: (ASSOCIATE-WITH-CATALYZE_CDC25A_RAF1_CDC25AP1) [D:1.0000; C:1.0000]
 28.0000: (INITIALIZE_CDK2P1) [D:1.0000; C:1.0000]
 28.0000: (SYNTHESIZE_SP1-GP_CYCE) [D:1.0000; C:1.0000]
 29.0000: (ASSOCIATE-WITH-CATALYZE_CDK2P1-CYCE_CDC25AP1_CDK2-CYCE) [D:1.0000; C:1.0000]
 29.0000: (ASSOCIATE-WITH-CATALYZE_CDK46P1_CDC25AP1_CDK46) [D:1.0000; C:1.0000]
 29.0000: (DUMMY-ACTION-15-1) [D:1.0000; C:1.0000]
 29.0000: (ASSOCIATE_RAF1_PRB-E2F13P1-DP12P1_RAF1-PRB-E2F13P1-DP12P1) [D:1.0000; C:1.0000]
 29.0000: (SYNTHESIZE_C-MYC-MAX-GCDC25A_CDC25A) [D:1.0000; C:1.0000]
 30.0000: (DUMMY-ACTION-25-2) [D:1.0000; C:1.0000]
 30.0000: (ASSOCIATE-WITH-CATALYZE_CDK46_CDK7-CYCH_CDK46P2) [D:1.0000; C:1.0000]
 30.0000: (INITIALIZE_CDK46P1) [D:1.0000; C:1.0000]
 30.0000: (DUMMY-ACTION-5-2) [D:1.0000; C:1.0000]
 30.0000: (INITIALIZE_RAF1) [D:1.0000; C:1.0000]
 31.0000: (ASSOCIATE-WITH-CATALYZE_CDK2-CYCE_CDK7-CYCH_CDK2P2-CYCE) [D:1.0000; C:1.0000]
 31.0000: (ASSOCIATE_CDK46P2_CYCDP1_CDK46P2-CYCDP1) [D:1.0000; C:1.0000]
 31.0000: (ASSOCIATE-WITH-CATALYZE_CDK46P1_CDC25AP1_CDK46) [D:1.0000; C:1.0000]
 31.0000: (ASSOCIATE_RAF1_CDC25A_RAF1-CDC25A) [D:1.0000; C:1.0000]
 32.0000: (ASSOCIATE_P57_CDK2P2-CYCE_P57-CDK2P2-CYCE) [D:1.0000; C:1.0000]
 32.0000: (ASSOCIATE_P27_CDK46P2-CYCDP1_P27-CDK46P2-CYCDP1) [D:1.0000; C:1.0000]
 32.0000: (INITIALIZE_CDK46P1) [D:1.0000; C:1.0000]
 32.0000: (ASSOCIATE_CDK46_CYCD_CDK46-CYCD) [D:1.0000; C:1.0000]
 32.0000: (DUMMY-ACTION-1-2) [D:1.0000; C:1.0000]
 33.0000: (DUMMY-ACTION-24-2) [D:1.0000; C:1.0000]
 33.0000: (DUMMY-ACTION-23-1) [D:1.0000; C:1.0000]
 33.0000: (INITIALIZE_P27) [D:1.0000; C:1.0000]
 33.0000: (ASSOCIATE-WITH-CATALYZE_CDK46P1_CDC25AP1_CDK46) [D:1.0000; C:1.0000]
 33.0000: (SYNTHESIZE_SP1-GP_CYCD) [D:1.0000; C:1.0000]
 33.0000: (DUMMY-ACTION-26-2) [D:1.0000; C:1.0000]
 33.0000: (SYNTHESIZE_SP1-GP_CYCD) [D:1.0000; C:1.0000]
 34.0000: (ASSOCIATE_P27_CDK2P1-CYCEP1_P27-CDK2P1-CYCEP1) [D:1.0000; C:1.0000]
 34.0000: (INITIALIZE_CDK46P1) [D:1.0000; C:1.0000]
 35.0000: (ASSOCIATE_CDK2P1_CYCEP1_CDK2P1-CYCEP1) [D:1.0000; C:1.0000]
 35.0000: (INITIALIZE_P27) [D:1.0000; C:1.0000]
 35.0000: (DUMMY-ACTION-22-2) [D:1.0000; C:1.0000]
 35.0000: (ASSOCIATE_CDK46P1_CYCD_CDK46P1-CYCD) [D:1.0000; C:1.0000]
 35.0000: (INITIALIZE_P27) [D:1.0000; C:1.0000]
 36.0000: (INITIALIZE_CDK2P1) [D:1.0000; C:1.0000]
 36.0000: (SYNTHESIZE_SP1-GP_CYCD) [D:1.0000; C:1.0000]
 36.0000: (ASSOCIATE-WITH-CATALYZE_CDK2P1-CYCEP1_CDK7-CYCH_CDK2P1P2-CYCEP1) [D:1.0000; C:1.0000]
 36.0000: (SYNTHESIZE_SP1-GP_CYCEP1) [D:1.0000; C:1.0000]
 36.0000: (INITIALIZE_CDK46P1) [D:1.0000; C:1.0000]
 37.0000: (ASSOCIATE_CDK2P1_CYCA_CDK2P1-CYCA) [D:1.0000; C:1.0000]
 37.0000: (ASSOCIATE-WITH-CATALYZE_CDK2P1P2-CYCEP1_CDC25AP1_CDK2P2-CYCEP1) [D:1.0000; C:1.0000]
 38.0000: (INITIALIZE_CDK2P1) [D:1.0000; C:1.0000]
 38.0000: (SYNTHESIZE_SP1-GP_CYCA) [D:1.0000; C:1.0000]
 38.0000: (ASSOCIATE-WITH-CATALYZE_CDK2P1-CYCA_CDC25AP1_CDK2-CYCA) [D:1.0000; C:1.0000]
 38.0000: (ASSOCIATE-WITH-CATALYZE_PRBP1_CDK2P2-CYCEP1_PRBP1P2) [D:1.0000; C:1.0000]
 39.0000: (ASSOCIATE_CDK2P1_CYCA_CDK2P1-CYCA) [D:1.0000; C:1.0000]
 39.0000: (ASSOCIATE-WITH-CATALYZE_CDK2-CYCA_CDK7-CYCH_CDK2P2-CYCA) [D:1.0000; C:1.0000]
 39.0000: (ASSOCIATE_CEBP_PRBP1P2_CEBP-PRBP1P2) [D:1.0000; C:1.0000]
 40.0000: (ASSOCIATE-WITH-CATALYZE_CDK2P1-CYCA_CDC25AP1_CDK2-CYCA) [D:1.0000; C:1.0000]
 40.0000: (ASSOCIATE_P27_CDK2P2-CYCA_P27-CDK2P2-CYCA) [D:1.0000; C:1.0000]
 40.0000: (INITIALIZE_CDK2P1) [D:1.0000; C:1.0000]
 40.0000: (SYNTHESIZE_SP1-GP_CYCA) [D:1.0000; C:1.0000]
 40.0000: (ASSOCIATE_CEBP-PRBP1P2_GP_CEBP-PRBP1P2-GP) [D:1.0000; C:1.0000]
 41.0000: (DUMMY-ACTION-2-1) [D:1.0000; C:1.0000]
 41.0000: (INITIALIZE_P27) [D:1.0000; C:1.0000]
 41.0000: (ASSOCIATE_CDK2P1_CYCEP1_CDK2P1-CYCEP1) [D:1.0000; C:1.0000]
 41.0000: (DUMMY-ACTION-7-2) [D:1.0000; C:1.0000]
 41.0000: (DUMMY-ACTION-6-2) [D:1.0000; C:1.0000]
 42.0000: (ASSOCIATE_PCNA-P21_CDK2-CYCA_PCNA-P21-CDK2-CYCA) [D:1.0000; C:1.0000]
 42.0000: (ASSOCIATE_P27_CDK46-CYCD_P27-CDK46-CYCD) [D:1.0000; C:1.0000]
 42.0000: (INITIALIZE_CDK2P1) [D:1.0000; C:1.0000]
 43.0000: (DUMMY-ACTION-21-2) [D:1.0000; C:1.0000]
 43.0000: (INITIALIZE_P27) [D:1.0000; C:1.0000]
 43.0000: (ASSOCIATE_CDK46_CYCD_CDK46-CYCD) [D:1.0000; C:1.0000]
 43.0000: (ASSOCIATE_PCNA_P21_PCNA-P21) [D:1.0000; C:1.0000]
 43.0000: (ASSOCIATE_CDK2P1_CYCE_CDK2P1-CYCE) [D:1.0000; C:1.0000]
 43.0000: (DUMMY-ACTION-9-1) [D:1.0000; C:1.0000]
 44.0000: (ASSOCIATE_P27_CDK46P1-CYCD_P27-CDK46P1-CYCD) [D:1.0000; C:1.0000]
 44.0000: (ASSOCIATE_P57P1_CDK46-CYCD_P57P1-CDK46-CYCD) [D:1.0000; C:1.0000]
 44.0000: (ASSOCIATE_PCNA-P21_CDK2P1-CYCEP1_PCNA-P21-CDK2P1-CYCEP1) [D:1.0000; C:1.0000]
 44.0000: (DUMMY-ACTION-10-1) [D:1.0000; C:1.0000]
 44.0000: (SYNTHESIZE_SP1-GP_CYCE) [D:1.0000; C:1.0000]
 44.0000: (SYNTHESIZE_P53P1_P21) [D:1.0000; C:1.0000]
 44.0000: (ASSOCIATE-WITH-CATALYZE_CDK46P1_CDC25AP1_CDK46) [D:1.0000; C:1.0000]
 44.0000: (INITIALIZE_PCNA) [D:1.0000; C:1.0000]
 44.0000: (INITIALIZE_CDK2P1) [D:1.0000; C:1.0000]
 45.0000: (DUMMY-ACTION-20-1) [D:1.0000; C:1.0000]
 45.0000: (DUMMY-ACTION-19-1) [D:1.0000; C:1.0000]
 45.0000: (DUMMY-ACTION-18-1) [D:1.0000; C:1.0000]
 45.0000: (ASSOCIATE-WITH-CATALYZE_CDK2P1-CYCE_CDC25AP1_CDK2-CYCE) [D:1.0000; C:1.0000]
 45.0000: (ASSOCIATE_CDK2P1P2_CYCE_CDK2P1P2-CYCE) [D:1.0000; C:1.0000]
 45.0000: (ASSOCIATE_P16_CDK46_P16-CDK46) [D:1.0000; C:1.0000]
 45.0000: (INITIALIZE_P27) [D:1.0000; C:1.0000]
 46.0000: (ASSOCIATE-WITH-CATALYZE_CDK2P1P2-CYCE_CDC25AP1_CDK2P2-CYCE) [D:1.0000; C:1.0000]
 46.0000: (DUMMY-ACTION-13-1) [D:1.0000; C:1.0000]
 46.0000: (ASSOCIATE-WITH-CATALYZE_CDK2P1_CDK7-CYCH_CDK2P1P2) [D:1.0000; C:1.0000]
 46.0000: (SYNTHESIZE_SP1-GP_CYCE) [D:1.0000; C:1.0000]
 46.0000: (ASSOCIATE-WITH-CATALYZE_P27_CDK2P2-CYCEP1_P27P1) [D:1.0000; C:1.0000]
 47.0000: (ASSOCIATE_P21_CDK2P2-CYCE_P21-CDK2P2-CYCE) [D:1.0000; C:1.0000]
 47.0000: (ASSOCIATE_CDK2P1P2_CYCA_CDK2P1P2-CYCA) [D:1.0000; C:1.0000]
 47.0000: (INITIALIZE_CDK2P1) [D:1.0000; C:1.0000]
 48.0000: (DUMMY-ACTION-14-2) [D:1.0000; C:1.0000]
 48.0000: (SYNTHESIZE_P53P1_P21) [D:1.0000; C:1.0000]
 48.0000: (DUMMY-ACTION-11-2) [D:1.0000; C:1.0000]
 48.0000: (ASSOCIATE_CDK2P1_CYCE_CDK2P1-CYCE) [D:1.0000; C:1.0000]
 49.0000: (ASSOCIATE_PCNA_P21_PCNA-P21) [D:1.0000; C:1.0000]
 49.0000: (INITIALIZE_CDK2P1) [D:1.0000; C:1.0000]
 49.0000: (SYNTHESIZE_SP1-GP_CYCE) [D:1.0000; C:1.0000]
 50.0000: (SYNTHESIZE_P53P1_P21) [D:1.0000; C:1.0000]
 50.0000: (ASSOCIATE_PCNA-P21_CDK2-CYCE_PCNA-P21-CDK2-CYCE) [D:1.0000; C:1.0000]
 50.0000: (DUMMY-ACTION-3-2) [D:1.0000; C:1.0000]
 51.0000: (DUMMY-ACTION-12-1) [D:1.0000; C:1.0000]
 51.0000: (ASSOCIATE-WITH-CATALYZE_CDK2P1-CYCE_CDC25AP1_CDK2-CYCE) [D:1.0000; C:1.0000]
 52.0000: (ASSOCIATE_P21_CDK2-CYCE_P21-CDK2-CYCE) [D:1.0000; C:1.0000]
 52.0000: (ASSOCIATE_CDK2P1_CYCE_CDK2P1-CYCE) [D:1.0000; C:1.0000]
 53.0000: (ASSOCIATE-WITH-CATALYZE_CDK2P1-CYCE_CDC25AP1_CDK2-CYCE) [D:1.0000; C:1.0000]
 53.0000: (DUMMY-ACTION-8-2) [D:1.0000; C:1.0000]
 54.0000: (ASSOCIATE_P27P1_CDK2-CYCE_P27P1-CDK2-CYCE) [D:1.0000; C:1.0000]
 55.0000: (DUMMY-ACTION-4-1) [D:1.0000; C:1.0000]


Solution found:
Total time:      25.62
Search time:     25.41
Actions:         185
Execution cost:  185.00
Duration:        56.000
Plan quality:    185.000


Parsing domain file:  domain 'GROUNDED-PATHWAYS-PROPOSITIONAL' defined ... done.
Parsing problem file:  problem 'GROUNDED-PATHWAYS-20' defined ... done.



Modality: Fast Planner

Number of actions             :    1530
Number of conditional actions :       0
Number of facts               :     458


Analyzing Planning Problem:
	Temporal Planning Problem: NO
	Numeric Planning Problem: NO
	Problem with Timed Initial Litearals: NO
	Problem with Derived Predicates: NO

Evaluation function weights:
     Action duration 0.00; Action cost 1.00


Computing mutex... done

Preprocessing total time: 0.16 seconds

Searching ('.' = every 50 search steps):
..... solution found: 

Plan computed:
   Time: (ACTION) [action Duration; action Cost]
 0.0000: (CHOOSE_CYCH_L1_L0) [D:1.0000; C:1.0000]
 1.0000: (CHOOSE_CDK7_L2_L1) [D:1.0000; C:1.0000]
 1.0000: (INITIALIZE_CYCH) [D:1.0000; C:1.0000]
 2.0000: (CHOOSE_DP12_L3_L2) [D:1.0000; C:1.0000]
 2.0000: (INITIALIZE_CDK7) [D:1.0000; C:1.0000]
 3.0000: (CHOOSE_CDK2P1_L4_L3) [D:1.0000; C:1.0000]
 3.0000: (ASSOCIATE_CDK7_CYCH_CDK7-CYCH) [D:1.0000; C:1.0000]
 3.0000: (INITIALIZE_DP12) [D:1.0000; C:1.0000]
 4.0000: (INITIALIZE_CDK2P1) [D:1.0000; C:1.0000]
 4.0000: (CHOOSE_GE2_L5_L4) [D:1.0000; C:1.0000]
 5.0000: (INITIALIZE_GE2) [D:1.0000; C:1.0000]
 5.0000: (CHOOSE_E2F13-DP12_L6_L5) [D:1.0000; C:1.0000]
 6.0000: (INITIALIZE_E2F13-DP12) [D:1.0000; C:1.0000]
 6.0000: (CHOOSE_P53P1_L7_L6) [D:1.0000; C:1.0000]
 7.0000: (ASSOCIATE_E2F13-DP12_GE2_E2F13-DP12-GE2) [D:1.0000; C:1.0000]
 7.0000: (INITIALIZE_P53P1) [D:1.0000; C:1.0000]
 7.0000: (CHOOSE_P27_L8_L7) [D:1.0000; C:1.0000]
 8.0000: (SYNTHESIZE_E2F13-DP12-GE2_CYCE) [D:1.0000; C:1.0000]
 8.0000: (SYNTHESIZE_P53P1_P21) [D:1.0000; C:1.0000]
 8.0000: (SYNTHESIZE_E2F13-DP12-GE2_CYCEP1) [D:1.0000; C:1.0000]
 8.0000: (INITIALIZE_P27) [D:1.0000; C:1.0000]
 8.0000: (CHOOSE_CDK2_L9_L8) [D:1.0000; C:1.0000]
 8.0000: (SYNTHESIZE_E2F13-DP12-GE2_CYCDP1) [D:1.0000; C:1.0000]
 8.0000: (SYNTHESIZE_E2F13-DP12-GE2_CYCA) [D:1.0000; C:1.0000]
 8.0000: (SYNTHESIZE_E2F13-DP12-GE2_P107) [D:1.0000; C:1.0000]
 9.0000: (ASSOCIATE_CDK2P1_CYCE_CDK2P1-CYCE) [D:1.0000; C:1.0000]
 9.0000: (INITIALIZE_CDK2) [D:1.0000; C:1.0000]
 9.0000: (CHOOSE_P57P1_L10_L9) [D:1.0000; C:1.0000]
 10.0000: (ASSOCIATE_P21_CDK2P1-CYCE_P21-CDK2P1-CYCE) [D:1.0000; C:1.0000]
 10.0000: (INITIALIZE_CDK2P1) [D:1.0000; C:1.0000]
 10.0000: (ASSOCIATE-WITH-CATALYZE_CDK2_CDK7-CYCH_CDK2P2) [D:1.0000; C:1.0000]
 10.0000: (SYNTHESIZE_E2F13-DP12-GE2_CYCE) [D:1.0000; C:1.0000]
 10.0000: (INITIALIZE_P57P1) [D:1.0000; C:1.0000]
 10.0000: (CHOOSE_CDK46P1_L11_L10) [D:1.0000; C:1.0000]
 11.0000: (DUMMY-ACTION-26-1) [D:1.0000; C:1.0000]
 11.0000: (ASSOCIATE_CDK2P1_CYCEP1_CDK2P1-CYCEP1) [D:1.0000; C:1.0000]
 11.0000: (ASSOCIATE_CDK2P2_CYCE_CDK2P2-CYCE) [D:1.0000; C:1.0000]
 11.0000: (INITIALIZE_CDK2) [D:1.0000; C:1.0000]
 11.0000: (INITIALIZE_CDK46P1) [D:1.0000; C:1.0000]
 11.0000: (CHOOSE_CDK1P1P2_L12_L11) [D:1.0000; C:1.0000]
 11.0000: (SYNTHESIZE_P53P1_P21) [D:1.0000; C:1.0000]
 11.0000: (SYNTHESIZE_P53P1_P21) [D:1.0000; C:1.0000]
 12.0000: (ASSOCIATE-WITH-CATALYZE_P27_CDK2P2-CYCE_P27P1) [D:1.0000; C:1.0000]
 12.0000: (INITIALIZE_CDK2P1) [D:1.0000; C:1.0000]
 12.0000: (SYNTHESIZE_E2F13-DP12-GE2_CYCEP1) [D:1.0000; C:1.0000]
 12.0000: (ASSOCIATE-WITH-CATALYZE_CDK2_CDK7-CYCH_CDK2P2) [D:1.0000; C:1.0000]
 12.0000: (SYNTHESIZE_E2F13-DP12-GE2_CYCE) [D:1.0000; C:1.0000]
 12.0000: (ASSOCIATE_CDK46P1_CYCDP1_CDK46P1-CYCDP1) [D:1.0000; C:1.0000]
 12.0000: (CHOOSE_SKP1_L13_L12) [D:1.0000; C:1.0000]
 13.0000: (ASSOCIATE_P27P1_CDK2P1-CYCEP1_P27P1-CDK2P1-CYCEP1) [D:1.0000; C:1.0000]
 13.0000: (INITIALIZE_P27) [D:1.0000; C:1.0000]
 13.0000: (DUMMY-ACTION-3-2) [D:1.0000; C:1.0000]
 13.0000: (INITIALIZE_CDK2) [D:1.0000; C:1.0000]
 13.0000: (INITIALIZE_SKP1) [D:1.0000; C:1.0000]
 13.0000: (CHOOSE_SKP2_L14_L13) [D:1.0000; C:1.0000]
 14.0000: (DUMMY-ACTION-25-1) [D:1.0000; C:1.0000]
 14.0000: (ASSOCIATE_CDK2P1_CYCEP1_CDK2P1-CYCEP1) [D:1.0000; C:1.0000]
 14.0000: (ASSOCIATE-WITH-CATALYZE_P27_CDK2P2-CYCE_P27P1) [D:1.0000; C:1.0000]
 14.0000: (ASSOCIATE-WITH-CATALYZE_CDK46P1-CYCDP1_CDK7-CYCH_CDK46P1P2-CYCDP1) [D:1.0000; C:1.0000]
 14.0000: (INITIALIZE_SKP2) [D:1.0000; C:1.0000]
 14.0000: (CHOOSE_E2F13_L15_L14) [D:1.0000; C:1.0000]
 15.0000: (ASSOCIATE_P27P1_CDK2P2-CYCE_P27P1-CDK2P2-CYCE) [D:1.0000; C:1.0000]
 15.0000: (INITIALIZE_P27) [D:1.0000; C:1.0000]
 15.0000: (ASSOCIATE-WITH-CATALYZE_CDK2P1-CYCEP1_CDK7-CYCH_CDK2P1P2-CYCEP1) [D:1.0000; C:1.0000]
 15.0000: (INITIALIZE_CDK2P1) [D:1.0000; C:1.0000]
 15.0000: (SYNTHESIZE_E2F13-DP12-GE2_CYCEP1) [D:1.0000; C:1.0000]
 15.0000: (ASSOCIATE_P57P1_CDK46P1P2-CYCDP1_P57P1-CDK46P1P2-CYCDP1) [D:1.0000; C:1.0000]
 15.0000: (ASSOCIATE_SKP2_SKP1_SKP2-SKP1) [D:1.0000; C:1.0000]
 15.0000: (INITIALIZE_E2F13) [D:1.0000; C:1.0000]
 15.0000: (CHOOSE_SP1_L16_L15) [D:1.0000; C:1.0000]
 16.0000: (DUMMY-ACTION-20-1) [D:1.0000; C:1.0000]
 16.0000: (ASSOCIATE_CDK2P1_CYCEP1_CDK2P1-CYCEP1) [D:1.0000; C:1.0000]
 16.0000: (ASSOCIATE_CDK2P2_CYCE_CDK2P2-CYCE) [D:1.0000; C:1.0000]
 16.0000: (DUMMY-ACTION-22-2) [D:1.0000; C:1.0000]
 16.0000: (INITIALIZE_SKP1) [D:1.0000; C:1.0000]
 16.0000: (INITIALIZE_SKP2) [D:1.0000; C:1.0000]
 16.0000: (INITIALIZE_SP1) [D:1.0000; C:1.0000]
 17.0000: (ASSOCIATE_P27_CDK2P1-CYCEP1_P27-CDK2P1-CYCEP1) [D:1.0000; C:1.0000]
 17.0000: (ASSOCIATE-WITH-CATALYZE_CDK2_CDK7-CYCH_CDK2P2) [D:1.0000; C:1.0000]
 17.0000: (SYNTHESIZE_E2F13-DP12-GE2_CYCEP1) [D:1.0000; C:1.0000]
 17.0000: (INITIALIZE_CDK2P1) [D:1.0000; C:1.0000]
 17.0000: (SYNTHESIZE_E2F13-DP12-GE2_CYCE) [D:1.0000; C:1.0000]
 17.0000: (ASSOCIATE_SP1_P107_SP1-P107) [D:1.0000; C:1.0000]
 18.0000: (DUMMY-ACTION-24-1) [D:1.0000; C:1.0000]
 18.0000: (INITIALIZE_P27) [D:1.0000; C:1.0000]
 18.0000: (INITIALIZE_CDK2) [D:1.0000; C:1.0000]
 18.0000: (DUMMY-ACTION-15-2) [D:1.0000; C:1.0000]
 18.0000: (DUMMY-ACTION-6-2) [D:1.0000; C:1.0000]
 19.0000: (ASSOCIATE-WITH-CATALYZE_P27_CDK2P2-CYCE_P27P1) [D:1.0000; C:1.0000]
 19.0000: (ASSOCIATE_CDK2_CYCA_CDK2-CYCA) [D:1.0000; C:1.0000]
 19.0000: (ASSOCIATE_CDK2P1_CYCE_CDK2P1-CYCE) [D:1.0000; C:1.0000]
 20.0000: (ASSOCIATE_P27P1_CDK2P1P2-CYCEP1_P27P1-CDK2P1P2-CYCEP1) [D:1.0000; C:1.0000]
 20.0000: (ASSOCIATE-WITH-CATALYZE_CDK2-CYCA_CDK7-CYCH_CDK2P2-CYCA) [D:1.0000; C:1.0000]
 20.0000: (INITIALIZE_CDK2) [D:1.0000; C:1.0000]
 20.0000: (SYNTHESIZE_E2F13-DP12-GE2_CYCA) [D:1.0000; C:1.0000]
 20.0000: (INITIALIZE_P27) [D:1.0000; C:1.0000]
 20.0000: (INITIALIZE_CDK2P1) [D:1.0000; C:1.0000]
 21.0000: (DUMMY-ACTION-23-2) [D:1.0000; C:1.0000]
 21.0000: (ASSOCIATE_CDK2_CYCA_CDK2-CYCA) [D:1.0000; C:1.0000]
 21.0000: (ASSOCIATE-WITH-CATALYZE_P27_CDK2P2-CYCE_P27P1) [D:1.0000; C:1.0000]
 22.0000: (ASSOCIATE_SKP2-SKP1_CDK2-CYCA_SKP2-SKP1-CDK2-CYCA) [D:1.0000; C:1.0000]
 22.0000: (INITIALIZE_CDK2) [D:1.0000; C:1.0000]
 22.0000: (ASSOCIATE_P27P1_CDK2P1-CYCE_P27P1-CDK2P1-CYCE) [D:1.0000; C:1.0000]
 22.0000: (SYNTHESIZE_E2F13-DP12-GE2_CYCA) [D:1.0000; C:1.0000]
 22.0000: (INITIALIZE_P27) [D:1.0000; C:1.0000]
 23.0000: (DUMMY-ACTION-21-1) [D:1.0000; C:1.0000]
 23.0000: (ASSOCIATE_CDK2_CYCEP1_CDK2-CYCEP1) [D:1.0000; C:1.0000]
 23.0000: (DUMMY-ACTION-18-2) [D:1.0000; C:1.0000]
 23.0000: (ASSOCIATE-WITH-CATALYZE_P27_CDK2P2-CYCE_P27P1) [D:1.0000; C:1.0000]
 24.0000: (ASSOCIATE_P21_CDK2-CYCEP1_P21-CDK2-CYCEP1) [D:1.0000; C:1.0000]
 24.0000: (INITIALIZE_CDK2) [D:1.0000; C:1.0000]
 24.0000: (SYNTHESIZE_E2F13-DP12-GE2_CYCEP1) [D:1.0000; C:1.0000]
 24.0000: (INITIALIZE_P27) [D:1.0000; C:1.0000]
 25.0000: (SYNTHESIZE_P53P1_P21) [D:1.0000; C:1.0000]
 25.0000: (DUMMY-ACTION-19-1) [D:1.0000; C:1.0000]
 25.0000: (ASSOCIATE_CDK2_CYCEP1_CDK2-CYCEP1) [D:1.0000; C:1.0000]
 26.0000: (ASSOCIATE_P21_CDK2P2-CYCA_P21-CDK2P2-CYCA) [D:1.0000; C:1.0000]
 26.0000: (INITIALIZE_CDK2) [D:1.0000; C:1.0000]
 26.0000: (ASSOCIATE_P27P1_CDK2-CYCEP1_P27P1-CDK2-CYCEP1) [D:1.0000; C:1.0000]
 27.0000: (ASSOCIATE_CDK2_CYCA_CDK2-CYCA) [D:1.0000; C:1.0000]
 27.0000: (DUMMY-ACTION-17-1) [D:1.0000; C:1.0000]
 27.0000: (ASSOCIATE-WITH-CATALYZE_P27_CDK2P2-CYCE_P27P1) [D:1.0000; C:1.0000]
 27.0000: (SYNTHESIZE_P53P1_P21) [D:1.0000; C:1.0000]
 27.0000: (DUMMY-ACTION-27-1) [D:1.0000; C:1.0000]
 28.0000: (INITIALIZE_CDK2) [D:1.0000; C:1.0000]
 28.0000: (SYNTHESIZE_E2F13-DP12-GE2_CYCA) [D:1.0000; C:1.0000]
 28.0000: (INITIALIZE_P27) [D:1.0000; C:1.0000]
 29.0000: (ASSOCIATE_CDK2P2_CYCA_CDK2P2-CYCA) [D:1.0000; C:1.0000]
 30.0000: (ASSOCIATE-WITH-CATALYZE_SKP1_CDK2P2-CYCA_SKP1P1) [D:1.0000; C:1.0000]
 30.0000: (SYNTHESIZE_E2F13-DP12-GE2_CYCA) [D:1.0000; C:1.0000]
 30.0000: (SYNTHESIZE_E2F13-DP12-GE2_CYCA) [D:1.0000; C:1.0000]
 31.0000: (ASSOCIATE_SKP2_SKP1P1_SKP2-SKP1P1) [D:1.0000; C:1.0000]
 31.0000: (INITIALIZE_SKP1) [D:1.0000; C:1.0000]
 32.0000: (ASSOCIATE-WITH-CATALYZE_SKP1_CDK2P2-CYCA_SKP1P1) [D:1.0000; C:1.0000]
 32.0000: (INITIALIZE_SKP2) [D:1.0000; C:1.0000]
 33.0000: (ASSOCIATE_SKP2-SKP1P1_CDK2P2-CYCA_SKP2-SKP1P1-CDK2P2-CYCA) [D:1.0000; C:1.0000]
 34.0000: (ASSOCIATE_SKP2_SKP1P1_SKP2-SKP1P1) [D:1.0000; C:1.0000]
 34.0000: (ASSOCIATE-WITH-CATALYZE_CDK2-CYCA_CDK7-CYCH_CDK2P2-CYCA) [D:1.0000; C:1.0000]
 34.0000: (DUMMY-ACTION-4-1) [D:1.0000; C:1.0000]
 35.0000: (DUMMY-ACTION-16-2) [D:1.0000; C:1.0000]
 35.0000: (ASSOCIATE_P27P1_CDK2P2-CYCA_P27P1-CDK2P2-CYCA) [D:1.0000; C:1.0000]
 35.0000: (INITIALIZE_SKP2) [D:1.0000; C:1.0000]
 35.0000: (ASSOCIATE_CDK2_CYCA_CDK2-CYCA) [D:1.0000; C:1.0000]
 36.0000: (DUMMY-ACTION-14-2) [D:1.0000; C:1.0000]
 36.0000: (INITIALIZE_CDK2) [D:1.0000; C:1.0000]
 36.0000: (ASSOCIATE-WITH-CATALYZE_CDK2-CYCA_CDK7-CYCH_CDK2P2-CYCA) [D:1.0000; C:1.0000]
 36.0000: (SYNTHESIZE_E2F13-DP12-GE2_CYCA) [D:1.0000; C:1.0000]
 36.0000: (ASSOCIATE-WITH-CATALYZE_P27_CDK2P2-CYCE_P27P1) [D:1.0000; C:1.0000]
 37.0000: (ASSOCIATE-WITH-CATALYZE_CDK2_CDK7-CYCH_CDK2P2) [D:1.0000; C:1.0000]
 37.0000: (ASSOCIATE_SKP2_CDK2P2-CYCA_SKP2-CDK2P2-CYCA) [D:1.0000; C:1.0000]
 37.0000: (INITIALIZE_P27) [D:1.0000; C:1.0000]
 38.0000: (DUMMY-ACTION-13-1) [D:1.0000; C:1.0000]
 38.0000: (ASSOCIATE_CDK2P2_CYCA_CDK2P2-CYCA) [D:1.0000; C:1.0000]
 38.0000: (INITIALIZE_CDK2) [D:1.0000; C:1.0000]
 39.0000: (ASSOCIATE-WITH-CATALYZE_E2F13_CDK2P2-CYCA_E2F13P1) [D:1.0000; C:1.0000]
 39.0000: (SYNTHESIZE_E2F13-DP12-GE2_CYCA) [D:1.0000; C:1.0000]
 39.0000: (ASSOCIATE-WITH-CATALYZE_CDK2_CDK7-CYCH_CDK2P2) [D:1.0000; C:1.0000]
 40.0000: (ASSOCIATE_CDK2P1_CYCA_CDK2P1-CYCA) [D:1.0000; C:1.0000]
 40.0000: (ASSOCIATE_P27_CDK2P2-CYCA_P27-CDK2P2-CYCA) [D:1.0000; C:1.0000]
 40.0000: (INITIALIZE_CDK2) [D:1.0000; C:1.0000]
 40.0000: (INITIALIZE_CDK2) [D:1.0000; C:1.0000]
 40.0000: (INITIALIZE_E2F13) [D:1.0000; C:1.0000]
 41.0000: (ASSOCIATE_CDK2P1-CYCA_E2F13P1_CDK2P1-CYCA-E2F13P1) [D:1.0000; C:1.0000]
 41.0000: (DUMMY-ACTION-11-2) [D:1.0000; C:1.0000]
 41.0000: (INITIALIZE_CDK2P1) [D:1.0000; C:1.0000]
 41.0000: (SYNTHESIZE_E2F13-DP12-GE2_CYCA) [D:1.0000; C:1.0000]
 41.0000: (INITIALIZE_P27) [D:1.0000; C:1.0000]
 42.0000: (DUMMY-ACTION-12-1) [D:1.0000; C:1.0000]
 42.0000: (ASSOCIATE_CDK2P1_CYCA_CDK2P1-CYCA) [D:1.0000; C:1.0000]
 43.0000: (ASSOCIATE-WITH-CATALYZE_CDK2P1-CYCA_CDK7-CYCH_CDK2P1P2-CYCA) [D:1.0000; C:1.0000]
 43.0000: (INITIALIZE_CDK2P1) [D:1.0000; C:1.0000]
 43.0000: (SYNTHESIZE_E2F13-DP12-GE2_CYCA) [D:1.0000; C:1.0000]
 44.0000: (ASSOCIATE_CDK2P1_CYCA_CDK2P1-CYCA) [D:1.0000; C:1.0000]
 44.0000: (ASSOCIATE_P21_CDK2P1P2-CYCA_P21-CDK2P1P2-CYCA) [D:1.0000; C:1.0000]
 45.0000: (ASSOCIATE_P27P1_CDK2P1-CYCA_P27P1-CDK2P1-CYCA) [D:1.0000; C:1.0000]
 45.0000: (SYNTHESIZE_E2F13-DP12-GE2_CYCA) [D:1.0000; C:1.0000]
 45.0000: (DUMMY-ACTION-2-1) [D:1.0000; C:1.0000]
 46.0000: (DUMMY-ACTION-10-1) [D:1.0000; C:1.0000]
 46.0000: (ASSOCIATE_CDK2_CYCA_CDK2-CYCA) [D:1.0000; C:1.0000]
 46.0000: (ASSOCIATE-WITH-CATALYZE_P27_CDK2P2-CYCE_P27P1) [D:1.0000; C:1.0000]
 47.0000: (INITIALIZE_CDK2) [D:1.0000; C:1.0000]
 47.0000: (SYNTHESIZE_E2F13-DP12-GE2_CYCA) [D:1.0000; C:1.0000]
 47.0000: (ASSOCIATE-WITH-CATALYZE_CDK2-CYCA_CDK7-CYCH_CDK2P2-CYCA) [D:1.0000; C:1.0000]
 48.0000: (DUMMY-ACTION-8-2) [D:1.0000; C:1.0000]
 48.0000: (ASSOCIATE-WITH-CATALYZE_DP12_CDK2P2-CYCA_DP12P1) [D:1.0000; C:1.0000]
 48.0000: (ASSOCIATE-WITH-CATALYZE_E2F13_CDK2P2-CYCA_E2F13P1) [D:1.0000; C:1.0000]
 49.0000: (ASSOCIATE_P53P1_DP12P1_P53P1-DP12P1) [D:1.0000; C:1.0000]
 49.0000: (ASSOCIATE_CDK2_CYCA_CDK2-CYCA) [D:1.0000; C:1.0000]
 50.0000: (DUMMY-ACTION-9-1) [D:1.0000; C:1.0000]
 50.0000: (ASSOCIATE_P27P1_CDK2-CYCA_P27P1-CDK2-CYCA) [D:1.0000; C:1.0000]
 50.0000: (INITIALIZE_CDK2) [D:1.0000; C:1.0000]
 50.0000: (SYNTHESIZE_E2F13-DP12-GE2_CYCA) [D:1.0000; C:1.0000]
 51.0000: (DUMMY-ACTION-7-1) [D:1.0000; C:1.0000]
 51.0000: (ASSOCIATE_CDK2_CYCA_CDK2-CYCA) [D:1.0000; C:1.0000]
 52.0000: (SYNTHESIZE_E2F13-DP12-GE2_CYCA) [D:1.0000; C:1.0000]
 52.0000: (ASSOCIATE_SKP2-SKP1P1_CDK2-CYCA_SKP2-SKP1P1-CDK2-CYCA) [D:1.0000; C:1.0000]
 53.0000: (ASSOCIATE_CDK2P2_CYCA_CDK2P2-CYCA) [D:1.0000; C:1.0000]
 53.0000: (DUMMY-ACTION-1-1) [D:1.0000; C:1.0000]
 54.0000: (ASSOCIATE_CDK2P2-CYCA_E2F13P1_CDK2P2-CYCA-E2F13P1) [D:1.0000; C:1.0000]
 55.0000: (DUMMY-ACTION-5-2) [D:1.0000; C:1.0000]


Solution found:
Total time:      0.25
Search time:     0.09
Actions:         200
Execution cost:  200.00
Duration:        56.000
Plan quality:    200.000


Parsing domain file:  domain 'GROUNDED-PATHWAYS-PROPOSITIONAL' defined ... done.
Parsing problem file:  problem 'GROUNDED-PATHWAYS-21' defined ... done.



Modality: Fast Planner

Number of actions             :    1911
Number of conditional actions :       0
Number of facts               :     500


Analyzing Planning Problem:
	Temporal Planning Problem: NO
	Numeric Planning Problem: NO
	Problem with Timed Initial Litearals: NO
	Problem with Derived Predicates: NO

Evaluation function weights:
     Action duration 0.00; Action cost 1.00


Computing mutex... done

Preprocessing total time: 0.20 seconds

Searching ('.' = every 50 search steps):
.......... solution found: 

Plan computed:
   Time: (ACTION) [action Duration; action Cost]
 0.0000: (CHOOSE_CYCB_L1_L0) [D:1.0000; C:1.0000]
 1.0000: (CHOOSE_CDK7_L2_L1) [D:1.0000; C:1.0000]
 2.0000: (CHOOSE_SKP1_L3_L2) [D:1.0000; C:1.0000]
 2.0000: (INITIALIZE_CDK7) [D:1.0000; C:1.0000]
 3.0000: (CHOOSE_CDK2_L4_L3) [D:1.0000; C:1.0000]
 3.0000: (INITIALIZE_SKP1) [D:1.0000; C:1.0000]
 4.0000: (CHOOSE_E2F13P1-DP12_L5_L4) [D:1.0000; C:1.0000]
 4.0000: (INITIALIZE_CDK2) [D:1.0000; C:1.0000]
 5.0000: (CHOOSE_SKP2_L6_L5) [D:1.0000; C:1.0000]
 5.0000: (INITIALIZE_E2F13P1-DP12) [D:1.0000; C:1.0000]
 6.0000: (CHOOSE_E2F13_L7_L6) [D:1.0000; C:1.0000]
 6.0000: (INITIALIZE_SKP2) [D:1.0000; C:1.0000]
 7.0000: (CHOOSE_CYCH_L8_L7) [D:1.0000; C:1.0000]
 8.0000: (INITIALIZE_CYCH) [D:1.0000; C:1.0000]
 8.0000: (CHOOSE_GE2_L9_L8) [D:1.0000; C:1.0000]
 9.0000: (ASSOCIATE_CDK7_CYCH_CDK7-CYCH) [D:1.0000; C:1.0000]
 9.0000: (INITIALIZE_GE2) [D:1.0000; C:1.0000]
 9.0000: (CHOOSE_P57_L10_L9) [D:1.0000; C:1.0000]
 10.0000: (ASSOCIATE-WITH-CATALYZE_CDK2_CDK7-CYCH_CDK2P2) [D:1.0000; C:1.0000]
 10.0000: (ASSOCIATE_E2F13P1-DP12_GE2_E2F13P1-DP12-GE2) [D:1.0000; C:1.0000]
 10.0000: (INITIALIZE_P57) [D:1.0000; C:1.0000]
 10.0000: (CHOOSE_CDK46P1_L11_L10) [D:1.0000; C:1.0000]
 11.0000: (SYNTHESIZE_E2F13P1-DP12-GE2_CYCA) [D:1.0000; C:1.0000]
 11.0000: (INITIALIZE_CDK46P1) [D:1.0000; C:1.0000]
 11.0000: (SYNTHESIZE_E2F13P1-DP12-GE2_CYCDP1) [D:1.0000; C:1.0000]
 11.0000: (CHOOSE_PCNA_L12_L11) [D:1.0000; C:1.0000]
 11.0000: (INITIALIZE_CDK2) [D:1.0000; C:1.0000]
 11.0000: (SYNTHESIZE_E2F13P1-DP12-GE2_CYCEP1) [D:1.0000; C:1.0000]
 11.0000: (SYNTHESIZE_E2F13P1-DP12-GE2_C-MYC) [D:1.0000; C:1.0000]
 11.0000: (SYNTHESIZE_E2F13P1-DP12-GE2_P107) [D:1.0000; C:1.0000]
 11.0000: (SYNTHESIZE_E2F13P1-DP12-GE2_CYCD) [D:1.0000; C:1.0000]
 12.0000: (ASSOCIATE_CDK2P2_CYCA_CDK2P2-CYCA) [D:1.0000; C:1.0000]
 12.0000: (ASSOCIATE-WITH-CATALYZE_CDK46P1_CDK7-CYCH_CDK46P1P2) [D:1.0000; C:1.0000]
 12.0000: (INITIALIZE_PCNA) [D:1.0000; C:1.0000]
 12.0000: (CHOOSE_P53_L13_L12) [D:1.0000; C:1.0000]
 12.0000: (DUMMY-ACTION-20-2) [D:1.0000; C:1.0000]
 13.0000: (ASSOCIATE_P57_CDK2P2-CYCA_P57-CDK2P2-CYCA) [D:1.0000; C:1.0000]
 13.0000: (INITIALIZE_CDK46P1) [D:1.0000; C:1.0000]
 13.0000: (INITIALIZE_P53) [D:1.0000; C:1.0000]
 13.0000: (ASSOCIATE-WITH-CATALYZE_CDK2_CDK7-CYCH_CDK2P2) [D:1.0000; C:1.0000]
 13.0000: (SYNTHESIZE_E2F13P1-DP12-GE2_CYCA) [D:1.0000; C:1.0000]
 13.0000: (CHOOSE_WEE1_L14_L13) [D:1.0000; C:1.0000]
 13.0000: (DUMMY-ACTION-5-2) [D:1.0000; C:1.0000]
 14.0000: (DUMMY-ACTION-26-1) [D:1.0000; C:1.0000]
 14.0000: (ASSOCIATE_CDK46P1_CYCDP1_CDK46P1-CYCDP1) [D:1.0000; C:1.0000]
 14.0000: (SYNTHESIZE_P53_P21) [D:1.0000; C:1.0000]
 14.0000: (INITIALIZE_CDK2) [D:1.0000; C:1.0000]
 14.0000: (INITIALIZE_P57) [D:1.0000; C:1.0000]
 14.0000: (ASSOCIATE_CDK2P2_CYCA_CDK2P2-CYCA) [D:1.0000; C:1.0000]
 14.0000: (INITIALIZE_WEE1) [D:1.0000; C:1.0000]
 14.0000: (CHOOSE_RAF1_L15_L14) [D:1.0000; C:1.0000]
 15.0000: (ASSOCIATE_PCNA_P21_PCNA-P21) [D:1.0000; C:1.0000]
 15.0000: (INITIALIZE_CDK46P1) [D:1.0000; C:1.0000]
 15.0000: (SYNTHESIZE_E2F13P1-DP12-GE2_CYCDP1) [D:1.0000; C:1.0000]
 15.0000: (ASSOCIATE_CDK2_CYCEP1_CDK2-CYCEP1) [D:1.0000; C:1.0000]
 15.0000: (SYNTHESIZE_E2F13P1-DP12-GE2_CYCA) [D:1.0000; C:1.0000]
 15.0000: (INITIALIZE_RAF1) [D:1.0000; C:1.0000]
 15.0000: (CHOOSE_GCDC25A_L16_L15) [D:1.0000; C:1.0000]
 16.0000: (SYNTHESIZE_P53_P21) [D:1.0000; C:1.0000]
 16.0000: (ASSOCIATE_PCNA-P21_CDK46P1-CYCDP1_PCNA-P21-CDK46P1-CYCDP1) [D:1.0000; C:1.0000]
 16.0000: (INITIALIZE_PCNA) [D:1.0000; C:1.0000]
 16.0000: (ASSOCIATE_P57_CDK2-CYCEP1_P57-CDK2-CYCEP1) [D:1.0000; C:1.0000]
 16.0000: (INITIALIZE_CDK2) [D:1.0000; C:1.0000]
 16.0000: (INITIALIZE_GCDC25A) [D:1.0000; C:1.0000]
 16.0000: (CHOOSE_MAX_L17_L16) [D:1.0000; C:1.0000]
 17.0000: (ASSOCIATE_PCNA_P21_PCNA-P21) [D:1.0000; C:1.0000]
 17.0000: (DUMMY-ACTION-25-1) [D:1.0000; C:1.0000]
 17.0000: (ASSOCIATE_CDK46P1_CYCDP1_CDK46P1-CYCDP1) [D:1.0000; C:1.0000]
 17.0000: (DUMMY-ACTION-28-1) [D:1.0000; C:1.0000]
 17.0000: (ASSOCIATE-WITH-CATALYZE_CDK2_CDK7-CYCH_CDK2P2) [D:1.0000; C:1.0000]
 17.0000: (INITIALIZE_MAX) [D:1.0000; C:1.0000]
 17.0000: (INITIALIZE_P57) [D:1.0000; C:1.0000]
 17.0000: (CHOOSE_P53P1_L18_L17) [D:1.0000; C:1.0000]
 18.0000: (INITIALIZE_PCNA) [D:1.0000; C:1.0000]
 18.0000: (SYNTHESIZE_P53_P21) [D:1.0000; C:1.0000]
 18.0000: (ASSOCIATE_PCNA-P21_CDK2P2-CYCA_PCNA-P21-CDK2P2-CYCA) [D:1.0000; C:1.0000]
 18.0000: (INITIALIZE_CDK2) [D:1.0000; C:1.0000]
 18.0000: (ASSOCIATE_C-MYC_MAX_C-MYC-MAX) [D:1.0000; C:1.0000]
 18.0000: (INITIALIZE_CDK46P1) [D:1.0000; C:1.0000]
 18.0000: (INITIALIZE_P53P1) [D:1.0000; C:1.0000]
 18.0000: (SYNTHESIZE_E2F13P1-DP12-GE2_CYCDP1) [D:1.0000; C:1.0000]
 18.0000: (CHOOSE_P16_L19_L18) [D:1.0000; C:1.0000]
 19.0000: (ASSOCIATE_P21_CDK46P1-CYCDP1_P21-CDK46P1-CYCDP1) [D:1.0000; C:1.0000]
 19.0000: (DUMMY-ACTION-24-2) [D:1.0000; C:1.0000]
 19.0000: (ASSOCIATE_CDK2P2_CYCA_CDK2P2-CYCA) [D:1.0000; C:1.0000]
 19.0000: (ASSOCIATE_C-MYC-MAX_GCDC25A_C-MYC-MAX-GCDC25A) [D:1.0000; C:1.0000]
 19.0000: (INITIALIZE_P16) [D:1.0000; C:1.0000]
 20.0000: (DUMMY-ACTION-27-1) [D:1.0000; C:1.0000]
 20.0000: (SYNTHESIZE_P53_P21) [D:1.0000; C:1.0000]
 20.0000: (ASSOCIATE-WITH-CATALYZE_CDK2_CDK7-CYCH_CDK2P2) [D:1.0000; C:1.0000]
 20.0000: (SYNTHESIZE_E2F13P1-DP12-GE2_CYCA) [D:1.0000; C:1.0000]
 20.0000: (ASSOCIATE-WITH-CATALYZE_CDK2P2-CYCA_WEE1_CDK2P1P2-CYCA) [D:1.0000; C:1.0000]
 20.0000: (SYNTHESIZE_E2F13P1-DP12-GE2_CYCA) [D:1.0000; C:1.0000]
 20.0000: (SYNTHESIZE_C-MYC-MAX-GCDC25A_CDC25A) [D:1.0000; C:1.0000]
 21.0000: (ASSOCIATE_PCNA_P21_PCNA-P21) [D:1.0000; C:1.0000]
 21.0000: (INITIALIZE_CDK2) [D:1.0000; C:1.0000]
 21.0000: (ASSOCIATE-WITH-CATALYZE_CDC25A_RAF1_CDC25AP1) [D:1.0000; C:1.0000]
 22.0000: (SYNTHESIZE_P53_P21) [D:1.0000; C:1.0000]
 22.0000: (SYNTHESIZE_P53_P21) [D:1.0000; C:1.0000]
 22.0000: (ASSOCIATE_CDK2_CYCA_CDK2-CYCA) [D:1.0000; C:1.0000]
 22.0000: (DUMMY-ACTION-21-1) [D:1.0000; C:1.0000]
 22.0000: (SYNTHESIZE_C-MYC-MAX-GCDC25A_CDC25A) [D:1.0000; C:1.0000]
 22.0000: (ASSOCIATE-WITH-CATALYZE_CDK46P1_CDC25AP1_CDK46) [D:1.0000; C:1.0000]
 22.0000: (INITIALIZE_PCNA) [D:1.0000; C:1.0000]
 23.0000: (ASSOCIATE_P21_CDK2P1P2-CYCA_P21-CDK2P1P2-CYCA) [D:1.0000; C:1.0000]
 23.0000: (ASSOCIATE-WITH-CATALYZE_CDK2-CYCA_WEE1_CDK2P1-CYCA) [D:1.0000; C:1.0000]
 23.0000: (ASSOCIATE_RAF1_CDC25A_RAF1-CDC25A) [D:1.0000; C:1.0000]
 23.0000: (SYNTHESIZE_E2F13P1-DP12-GE2_CYCA) [D:1.0000; C:1.0000]
 23.0000: (INITIALIZE_CDK2) [D:1.0000; C:1.0000]
 23.0000: (INITIALIZE_CDK46P1) [D:1.0000; C:1.0000]
 23.0000: (ASSOCIATE-WITH-CATALYZE_CDK46_CDK7-CYCH_CDK46P2) [D:1.0000; C:1.0000]
 24.0000: (DUMMY-ACTION-23-1) [D:1.0000; C:1.0000]
 24.0000: (ASSOCIATE_PCNA-P21_CDK2P1-CYCA_PCNA-P21-CDK2P1-CYCA) [D:1.0000; C:1.0000]
 24.0000: (DUMMY-ACTION-19-1) [D:1.0000; C:1.0000]
 24.0000: (ASSOCIATE_CDK2P2_CYCA_CDK2P2-CYCA) [D:1.0000; C:1.0000]
 24.0000: (ASSOCIATE-WITH-CATALYZE_CDK46P1_CDC25AP1_CDK46) [D:1.0000; C:1.0000]
 24.0000: (SYNTHESIZE_P53_P21) [D:1.0000; C:1.0000]
 24.0000: (INITIALIZE_RAF1) [D:1.0000; C:1.0000]
 24.0000: (DUMMY-ACTION-4-2) [D:1.0000; C:1.0000]
 25.0000: (DUMMY-ACTION-22-2) [D:1.0000; C:1.0000]
 25.0000: (ASSOCIATE-WITH-CATALYZE_SKP1_CDK2P2-CYCA_SKP1P1) [D:1.0000; C:1.0000]
 25.0000: (SYNTHESIZE_E2F13P1-DP12-GE2_CYCA) [D:1.0000; C:1.0000]
 25.0000: (INITIALIZE_CDK46P1) [D:1.0000; C:1.0000]
 25.0000: (ASSOCIATE_CDK46_CYCD_CDK46-CYCD) [D:1.0000; C:1.0000]
 25.0000: (ASSOCIATE_PCNA_P21_PCNA-P21) [D:1.0000; C:1.0000]
 26.0000: (ASSOCIATE_CDK2_CYCA_CDK2-CYCA) [D:1.0000; C:1.0000]
 26.0000: (INITIALIZE_SKP1) [D:1.0000; C:1.0000]
 26.0000: (ASSOCIATE-WITH-CATALYZE_CDK46P1_CDC25AP1_CDK46) [D:1.0000; C:1.0000]
 26.0000: (ASSOCIATE-WITH-CATALYZE_CDK46-CYCD_CDK7-CYCH_CDK46P2-CYCD) [D:1.0000; C:1.0000]
 26.0000: (SYNTHESIZE_E2F13P1-DP12-GE2_CYCD) [D:1.0000; C:1.0000]
 26.0000: (SYNTHESIZE_P53P1_P21) [D:1.0000; C:1.0000]
 26.0000: (INITIALIZE_PCNA) [D:1.0000; C:1.0000]
 27.0000: (ASSOCIATE_SKP2_CDK2-CYCA_SKP2-CDK2-CYCA) [D:1.0000; C:1.0000]
 27.0000: (ASSOCIATE_P57_CDK46P2-CYCD_P57-CDK46P2-CYCD) [D:1.0000; C:1.0000]
 27.0000: (ASSOCIATE_CDK46_CYCD_CDK46-CYCD) [D:1.0000; C:1.0000]
 27.0000: (INITIALIZE_CDK46P1) [D:1.0000; C:1.0000]
 28.0000: (INITIALIZE_SKP2) [D:1.0000; C:1.0000]
 28.0000: (ASSOCIATE-WITH-CATALYZE_CDK46-CYCD_CDK7-CYCH_CDK46P2-CYCD) [D:1.0000; C:1.0000]
 28.0000: (ASSOCIATE-WITH-CATALYZE_CDK46P1_CDC25AP1_CDK46) [D:1.0000; C:1.0000]
 28.0000: (SYNTHESIZE_E2F13P1-DP12-GE2_CYCD) [D:1.0000; C:1.0000]
 28.0000: (INITIALIZE_P57) [D:1.0000; C:1.0000]
 28.0000: (DUMMY-ACTION-16-1) [D:1.0000; C:1.0000]
 28.0000: (INITIALIZE_P57) [D:1.0000; C:1.0000]
 28.0000: (DUMMY-ACTION-6-2) [D:1.0000; C:1.0000]
 29.0000: (ASSOCIATE-WITH-CATALYZE_SKP2_CDK2P2-CYCA_SKP2P1) [D:1.0000; C:1.0000]
 29.0000: (ASSOCIATE_PCNA-P21_CDK46P2-CYCD_PCNA-P21-CDK46P2-CYCD) [D:1.0000; C:1.0000]
 29.0000: (INITIALIZE_CDK46P1) [D:1.0000; C:1.0000]
 29.0000: (ASSOCIATE_CDK46_CYCD_CDK46-CYCD) [D:1.0000; C:1.0000]
 30.0000: (INITIALIZE_SKP2) [D:1.0000; C:1.0000]
 30.0000: (ASSOCIATE-WITH-CATALYZE_CDK46P1_CDC25AP1_CDK46) [D:1.0000; C:1.0000]
 30.0000: (SYNTHESIZE_E2F13P1-DP12-GE2_CYCD) [D:1.0000; C:1.0000]
 30.0000: (ASSOCIATE-WITH-CATALYZE_CDK46-CYCD_CDK7-CYCH_CDK46P2-CYCD) [D:1.0000; C:1.0000]
 30.0000: (DUMMY-ACTION-1-1) [D:1.0000; C:1.0000]
 31.0000: (ASSOCIATE_SKP2_SKP1P1_SKP2-SKP1P1) [D:1.0000; C:1.0000]
 31.0000: (INITIALIZE_CDK46P1) [D:1.0000; C:1.0000]
 31.0000: (DUMMY-ACTION-10-1) [D:1.0000; C:1.0000]
 32.0000: (ASSOCIATE-WITH-CATALYZE_SKP1_CDK2P2-CYCA_SKP1P1) [D:1.0000; C:1.0000]
 32.0000: (ASSOCIATE-WITH-CATALYZE_CDK46P1_CDC25AP1_CDK46) [D:1.0000; C:1.0000]
 33.0000: (ASSOCIATE_SKP2-SKP1P1_CDK2P2-CYCA_SKP2-SKP1P1-CDK2P2-CYCA) [D:1.0000; C:1.0000]
 33.0000: (ASSOCIATE_SKP2P1_SKP1P1_SKP2P1-SKP1P1) [D:1.0000; C:1.0000]
 33.0000: (DUMMY-ACTION-13-1) [D:1.0000; C:1.0000]
 33.0000: (INITIALIZE_CDK46P1) [D:1.0000; C:1.0000]
 34.0000: (DUMMY-ACTION-17-2) [D:1.0000; C:1.0000]
 34.0000: (DUMMY-ACTION-18-2) [D:1.0000; C:1.0000]
 34.0000: (ASSOCIATE_CDK46_CYCD_CDK46-CYCD) [D:1.0000; C:1.0000]
 35.0000: (ASSOCIATE_P21_CDK46-CYCD_P21-CDK46-CYCD) [D:1.0000; C:1.0000]
 35.0000: (ASSOCIATE-WITH-CATALYZE_CDK46P1_CDC25AP1_CDK46) [D:1.0000; C:1.0000]
 35.0000: (SYNTHESIZE_E2F13P1-DP12-GE2_CYCD) [D:1.0000; C:1.0000]
 36.0000: (INITIALIZE_CDK46P1) [D:1.0000; C:1.0000]
 36.0000: (SYNTHESIZE_P53P1_P21) [D:1.0000; C:1.0000]
 36.0000: (DUMMY-ACTION-14-1) [D:1.0000; C:1.0000]
 37.0000: (ASSOCIATE-WITH-CATALYZE_CDK46P1_CDC25AP1_CDK46) [D:1.0000; C:1.0000]
 37.0000: (ASSOCIATE_PCNA_P21_PCNA-P21) [D:1.0000; C:1.0000]
 38.0000: (INITIALIZE_CDK46P1) [D:1.0000; C:1.0000]
 38.0000: (ASSOCIATE_CDK46_CYCD_CDK46-CYCD) [D:1.0000; C:1.0000]
 38.0000: (SYNTHESIZE_P53P1_P21) [D:1.0000; C:1.0000]
 39.0000: (ASSOCIATE-WITH-CATALYZE_CDK46P1_CDC25AP1_CDK46) [D:1.0000; C:1.0000]
 39.0000: (DUMMY-ACTION-2-2) [D:1.0000; C:1.0000]
 40.0000: (ASSOCIATE_CDK46_CYCDP1_CDK46-CYCDP1) [D:1.0000; C:1.0000]
 40.0000: (INITIALIZE_CDK46P1) [D:1.0000; C:1.0000]
 40.0000: (ASSOCIATE_P57_CDK46-CYCD_P57-CDK46-CYCD) [D:1.0000; C:1.0000]
 41.0000: (ASSOCIATE-WITH-CATALYZE_CDK46P1_CDC25AP1_CDK46) [D:1.0000; C:1.0000]
 41.0000: (SYNTHESIZE_E2F13P1-DP12-GE2_CYCDP1) [D:1.0000; C:1.0000]
 41.0000: (ASSOCIATE_PCNA-P21_CDK46-CYCDP1_PCNA-P21-CDK46-CYCDP1) [D:1.0000; C:1.0000]
 41.0000: (DUMMY-ACTION-12-1) [D:1.0000; C:1.0000]
 42.0000: (ASSOCIATE_CDK46_CYCDP1_CDK46-CYCDP1) [D:1.0000; C:1.0000]
 42.0000: (INITIALIZE_CDK46P1) [D:1.0000; C:1.0000]
 42.0000: (DUMMY-ACTION-7-2) [D:1.0000; C:1.0000]
 43.0000: (ASSOCIATE-WITH-CATALYZE_CDK46P1_CDC25AP1_CDK46) [D:1.0000; C:1.0000]
 43.0000: (SYNTHESIZE_E2F13P1-DP12-GE2_CYCDP1) [D:1.0000; C:1.0000]
 44.0000: (ASSOCIATE_RAF1_CDC25AP1_RAF1-CDC25AP1) [D:1.0000; C:1.0000]
 44.0000: (ASSOCIATE_CDK46P2_CYCDP1_CDK46P2-CYCDP1) [D:1.0000; C:1.0000]
 44.0000: (ASSOCIATE_P16_CDK46_P16-CDK46) [D:1.0000; C:1.0000]
 45.0000: (DUMMY-ACTION-15-1) [D:1.0000; C:1.0000]
 45.0000: (ASSOCIATE_P21_CDK46P2-CYCDP1_P21-CDK46P2-CYCDP1) [D:1.0000; C:1.0000]
 45.0000: (DUMMY-ACTION-3-2) [D:1.0000; C:1.0000]
 46.0000: (SYNTHESIZE_P53P1_P21) [D:1.0000; C:1.0000]
 46.0000: (SYNTHESIZE_P53P1_P21) [D:1.0000; C:1.0000]
 46.0000: (DUMMY-ACTION-11-1) [D:1.0000; C:1.0000]
 46.0000: (SYNTHESIZE_P53P1_P21) [D:1.0000; C:1.0000]
 47.0000: (ASSOCIATE_P21_CDK46P2-CYCD_P21-CDK46P2-CYCD) [D:1.0000; C:1.0000]
 48.0000: (DUMMY-ACTION-8-1) [D:1.0000; C:1.0000]
 48.0000: (SYNTHESIZE_P53_P21) [D:1.0000; C:1.0000]
 49.0000: (ASSOCIATE_P21_CDK46-CYCDP1_P21-CDK46-CYCDP1) [D:1.0000; C:1.0000]
 50.0000: (DUMMY-ACTION-9-2) [D:1.0000; C:1.0000]


Solution found:
Total time:      0.60
Search time:     0.40
Actions:         205
Execution cost:  205.00
Duration:        51.000
Plan quality:    205.000


Parsing domain file:  domain 'GROUNDED-PATHWAYS-PROPOSITIONAL' defined ... done.
Parsing problem file:  problem 'GROUNDED-PATHWAYS-22' defined ... done.



Modality: Fast Planner

Number of actions             :    1761
Number of conditional actions :       0
Number of facts               :     421


Analyzing Planning Problem:
	Temporal Planning Problem: NO
	Numeric Planning Problem: NO
	Problem with Timed Initial Litearals: NO
	Problem with Derived Predicates: NO

Evaluation function weights:
     Action duration 0.00; Action cost 1.00


Computing mutex... done

Preprocessing total time: 0.16 seconds

Searching ('.' = every 50 search steps):
........... search limit exceeded. Restart.
............. search limit exceeded. Restart.
............... search limit exceeded. Restart.
.................. search limit exceeded. Restart.
..................... search limit exceeded. Restart.
........................ search limit exceeded. Restart.
............................ search limit exceeded. Restart.
................................. search limit exceeded. Restart.
...................................... search limit exceeded.

Searching ('.' = every 50 search steps):
.... solution found: 

Plan computed:
   Time: (ACTION) [action Duration; action Cost]
 0.0000: (CHOOSE_AP2_L1_L0) [D:1.0000; C:1.0000]
 1.0000: (CHOOSE_GE2_L2_L1) [D:1.0000; C:1.0000]
 1.0000: (INITIALIZE_AP2) [D:1.0000; C:1.0000]
 2.0000: (INITIALIZE_GE2) [D:1.0000; C:1.0000]
 2.0000: (CHOOSE_E2F13P1-DP12_L3_L2) [D:1.0000; C:1.0000]
 3.0000: (INITIALIZE_E2F13P1-DP12) [D:1.0000; C:1.0000]
 3.0000: (CHOOSE_E2F13-DP12P1_L4_L3) [D:1.0000; C:1.0000]
 4.0000: (ASSOCIATE_E2F13P1-DP12_GE2_E2F13P1-DP12-GE2) [D:1.0000; C:1.0000]
 4.0000: (INITIALIZE_E2F13-DP12P1) [D:1.0000; C:1.0000]
 4.0000: (CHOOSE_CDK46P3-CYCDP1_L5_L4) [D:1.0000; C:1.0000]
 5.0000: (SYNTHESIZE_E2F13P1-DP12-GE2_C-MYC) [D:1.0000; C:1.0000]
 5.0000: (INITIALIZE_CDK46P3-CYCDP1) [D:1.0000; C:1.0000]
 5.0000: (CHOOSE_PRB_L6_L5) [D:1.0000; C:1.0000]
 5.0000: (INITIALIZE_GE2) [D:1.0000; C:1.0000]
 5.0000: (SYNTHESIZE_E2F13P1-DP12-GE2_P107) [D:1.0000; C:1.0000]
 5.0000: (SYNTHESIZE_E2F13P1-DP12-GE2_CYCD) [D:1.0000; C:1.0000]
 5.0000: (SYNTHESIZE_E2F13P1-DP12-GE2_CYCE) [D:1.0000; C:1.0000]
 5.0000: (INITIALIZE_E2F13P1-DP12) [D:1.0000; C:1.0000]
 6.0000: (ASSOCIATE_C-MYC_AP2_C-MYC-AP2) [D:1.0000; C:1.0000]
 6.0000: (INITIALIZE_PRB) [D:1.0000; C:1.0000]
 6.0000: (CHOOSE_DP12_L7_L6) [D:1.0000; C:1.0000]
 7.0000: (DUMMY-ACTION-29-2) [D:1.0000; C:1.0000]
 7.0000: (ASSOCIATE-WITH-CATALYZE_PRB_CDK46P3-CYCDP1_PRBP1) [D:1.0000; C:1.0000]
 7.0000: (INITIALIZE_DP12) [D:1.0000; C:1.0000]
 7.0000: (CHOOSE_E2F4_L8_L7) [D:1.0000; C:1.0000]
 7.0000: (SYNTHESIZE_E2F13P1-DP12-GE2_C-MYC) [D:1.0000; C:1.0000]
 8.0000: (ASSOCIATE_PRBP1_E2F13-DP12P1_PRBP1-E2F13-DP12P1) [D:1.0000; C:1.0000]
 8.0000: (INITIALIZE_PRB) [D:1.0000; C:1.0000]
 8.0000: (INITIALIZE_E2F4) [D:1.0000; C:1.0000]
 8.0000: (CHOOSE_RAF1_L9_L8) [D:1.0000; C:1.0000]
 9.0000: (ASSOCIATE_PRBP1-E2F13-DP12P1_GE2_PRBP1-E2F13-DP12P1-GE2) [D:1.0000; C:1.0000]
 9.0000: (INITIALIZE_E2F13-DP12P1) [D:1.0000; C:1.0000]
 9.0000: (ASSOCIATE-WITH-CATALYZE_PRB_CDK46P3-CYCDP1_PRBP1) [D:1.0000; C:1.0000]
 9.0000: (ASSOCIATE_E2F4_DP12_E2F4-DP12) [D:1.0000; C:1.0000]
 9.0000: (INITIALIZE_RAF1) [D:1.0000; C:1.0000]
 9.0000: (CHOOSE_E2F13-DP12_L10_L9) [D:1.0000; C:1.0000]
 10.0000: (ASSOCIATE_PRBP1_E2F13-DP12P1_PRBP1-E2F13-DP12P1) [D:1.0000; C:1.0000]
 10.0000: (ASSOCIATE_P107_E2F4-DP12_P107-E2F4-DP12) [D:1.0000; C:1.0000]
 10.0000: (INITIALIZE_GE2) [D:1.0000; C:1.0000]
 10.0000: (INITIALIZE_GE2) [D:1.0000; C:1.0000]
 10.0000: (DUMMY-ACTION-25-2) [D:1.0000; C:1.0000]
 10.0000: (INITIALIZE_E2F13-DP12) [D:1.0000; C:1.0000]
 10.0000: (INITIALIZE_PRB) [D:1.0000; C:1.0000]
 10.0000: (CHOOSE_E2F4-DP12P1_L11_L10) [D:1.0000; C:1.0000]
 11.0000: (DUMMY-ACTION-28-2) [D:1.0000; C:1.0000]
 11.0000: (DUMMY-ACTION-27-2) [D:1.0000; C:1.0000]
 11.0000: (ASSOCIATE-WITH-CATALYZE_PRB_CDK46P3-CYCDP1_PRBP1) [D:1.0000; C:1.0000]
 11.0000: (INITIALIZE_E2F4-DP12P1) [D:1.0000; C:1.0000]
 11.0000: (CHOOSE_DMP1_L12_L11) [D:1.0000; C:1.0000]
 12.0000: (ASSOCIATE_RAF1_PRBP1-E2F13-DP12P1_RAF1-PRBP1-E2F13-DP12P1) [D:1.0000; C:1.0000]
 12.0000: (ASSOCIATE_PRBP1_E2F13-DP12_PRBP1-E2F13-DP12) [D:1.0000; C:1.0000]
 12.0000: (INITIALIZE_DMP1) [D:1.0000; C:1.0000]
 12.0000: (CHOOSE_CDK2P1_L13_L12) [D:1.0000; C:1.0000]
 12.0000: (INITIALIZE_PRB) [D:1.0000; C:1.0000]
 13.0000: (ASSOCIATE_RAF1-PRBP1-E2F13-DP12P1_GE2_RAF1-PRBP1-E2F13-DP12P1-GE2) [D:1.0000; C:1.0000]
 13.0000: (DUMMY-ACTION-14-1) [D:1.0000; C:1.0000]
 13.0000: (ASSOCIATE_DMP1_CYCD_DMP1-CYCD) [D:1.0000; C:1.0000]
 13.0000: (INITIALIZE_CDK2P1) [D:1.0000; C:1.0000]
 13.0000: (CHOOSE_P57_L14_L13) [D:1.0000; C:1.0000]
 13.0000: (ASSOCIATE-WITH-CATALYZE_PRB_CDK46P3-CYCDP1_PRBP1) [D:1.0000; C:1.0000]
 13.0000: (INITIALIZE_RAF1) [D:1.0000; C:1.0000]
 14.0000: (INITIALIZE_GE2) [D:1.0000; C:1.0000]
 14.0000: (DUMMY-ACTION-24-2) [D:1.0000; C:1.0000]
 14.0000: (SYNTHESIZE_RAF1-PRBP1-E2F13-DP12P1-GE2_P107) [D:1.0000; C:1.0000]
 14.0000: (DUMMY-ACTION-22-1) [D:1.0000; C:1.0000]
 14.0000: (SYNTHESIZE_RAF1-PRBP1-E2F13-DP12P1-GE2_CYCEP1) [D:1.0000; C:1.0000]
 14.0000: (INITIALIZE_P57) [D:1.0000; C:1.0000]
 14.0000: (CHOOSE_PCNA_L15_L14) [D:1.0000; C:1.0000]
 14.0000: (SYNTHESIZE_RAF1-PRBP1-E2F13-DP12P1-GE2_CYCA) [D:1.0000; C:1.0000]
 14.0000: (ASSOCIATE_PRBP1_E2F13P1-DP12_PRBP1-E2F13P1-DP12) [D:1.0000; C:1.0000]
 14.0000: (INITIALIZE_PRB) [D:1.0000; C:1.0000]
 15.0000: (ASSOCIATE_PRBP1-E2F13-DP12_GE2_PRBP1-E2F13-DP12-GE2) [D:1.0000; C:1.0000]
 15.0000: (ASSOCIATE_P107_E2F4-DP12P1_P107-E2F4-DP12P1) [D:1.0000; C:1.0000]
 15.0000: (DUMMY-ACTION-20-2) [D:1.0000; C:1.0000]
 15.0000: (INITIALIZE_PCNA) [D:1.0000; C:1.0000]
 15.0000: (CHOOSE_P53_L16_L15) [D:1.0000; C:1.0000]
 15.0000: (ASSOCIATE_RAF1_PRBP1-E2F13P1-DP12_RAF1-PRBP1-E2F13P1-DP12) [D:1.0000; C:1.0000]
 15.0000: (ASSOCIATE-WITH-CATALYZE_PRB_CDK46P3-CYCDP1_PRBP1) [D:1.0000; C:1.0000]
 16.0000: (DUMMY-ACTION-23-1) [D:1.0000; C:1.0000]
 16.0000: (INITIALIZE_GE2) [D:1.0000; C:1.0000]
 16.0000: (DUMMY-ACTION-5-1) [D:1.0000; C:1.0000]
 16.0000: (ASSOCIATE_CDK2P1_CYCEP1_CDK2P1-CYCEP1) [D:1.0000; C:1.0000]
 16.0000: (INITIALIZE_P53) [D:1.0000; C:1.0000]
 16.0000: (CHOOSE_MAX_L17_L16) [D:1.0000; C:1.0000]
 16.0000: (INITIALIZE_RAF1) [D:1.0000; C:1.0000]
 17.0000: (ASSOCIATE_P107-E2F4-DP12P1_GE2_P107-E2F4-DP12P1-GE2) [D:1.0000; C:1.0000]
 17.0000: (ASSOCIATE_P57_CDK2P1-CYCEP1_P57-CDK2P1-CYCEP1) [D:1.0000; C:1.0000]
 17.0000: (INITIALIZE_CDK2P1) [D:1.0000; C:1.0000]
 17.0000: (SYNTHESIZE_P53_P21) [D:1.0000; C:1.0000]
 17.0000: (INITIALIZE_MAX) [D:1.0000; C:1.0000]
 17.0000: (CHOOSE_E2F13P1-DP12P1_L18_L17) [D:1.0000; C:1.0000]
 18.0000: (DUMMY-ACTION-26-2) [D:1.0000; C:1.0000]
 18.0000: (DUMMY-ACTION-21-1) [D:1.0000; C:1.0000]
 18.0000: (ASSOCIATE_CDK2P1_CYCE_CDK2P1-CYCE) [D:1.0000; C:1.0000]
 18.0000: (ASSOCIATE_PCNA_P21_PCNA-P21) [D:1.0000; C:1.0000]
 18.0000: (ASSOCIATE_C-MYC_MAX_C-MYC-MAX) [D:1.0000; C:1.0000]
 18.0000: (INITIALIZE_P57) [D:1.0000; C:1.0000]
 18.0000: (INITIALIZE_GE2) [D:1.0000; C:1.0000]
 18.0000: (INITIALIZE_E2F13P1-DP12P1) [D:1.0000; C:1.0000]
 18.0000: (CHOOSE_GCDC25A_L19_L18) [D:1.0000; C:1.0000]
 19.0000: (ASSOCIATE_PCNA-P21_CDK2P1-CYCE_PCNA-P21-CDK2P1-CYCE) [D:1.0000; C:1.0000]
 19.0000: (DUMMY-ACTION-18-1) [D:1.0000; C:1.0000]
 19.0000: (INITIALIZE_CDK2P1) [D:1.0000; C:1.0000]
 19.0000: (SYNTHESIZE_P53_P21) [D:1.0000; C:1.0000]
 19.0000: (ASSOCIATE_RAF1-PRBP1-E2F13P1-DP12_GE2_RAF1-PRBP1-E2F13P1-DP12-GE2) [D:1.0000; C:1.0000]
 19.0000: (ASSOCIATE_PRBP1_E2F13P1-DP12P1_PRBP1-E2F13P1-DP12P1) [D:1.0000; C:1.0000]
 19.0000: (INITIALIZE_GCDC25A) [D:1.0000; C:1.0000]
 19.0000: (SYNTHESIZE_RAF1-PRBP1-E2F13-DP12P1-GE2_CYCE) [D:1.0000; C:1.0000]
 20.0000: (DUMMY-ACTION-19-1) [D:1.0000; C:1.0000]
 20.0000: (ASSOCIATE_CDK2P1_CYCA_CDK2P1-CYCA) [D:1.0000; C:1.0000]
 20.0000: (INITIALIZE_GE2) [D:1.0000; C:1.0000]
 20.0000: (DUMMY-ACTION-15-1) [D:1.0000; C:1.0000]
 20.0000: (ASSOCIATE_RAF1_PRBP1-E2F13P1-DP12P1_RAF1-PRBP1-E2F13P1-DP12P1) [D:1.0000; C:1.0000]
 20.0000: (ASSOCIATE_C-MYC-MAX_GCDC25A_C-MYC-MAX-GCDC25A) [D:1.0000; C:1.0000]
 21.0000: (ASSOCIATE_P57_CDK2P1-CYCA_P57-CDK2P1-CYCA) [D:1.0000; C:1.0000]
 21.0000: (INITIALIZE_CDK2P1) [D:1.0000; C:1.0000]
 21.0000: (SYNTHESIZE_E2F13P1-DP12-GE2_CYCA) [D:1.0000; C:1.0000]
 21.0000: (ASSOCIATE_RAF1-PRBP1-E2F13P1-DP12P1_GE2_RAF1-PRBP1-E2F13P1-DP12P1-GE2) [D:1.0000; C:1.0000]
 21.0000: (DUMMY-ACTION-12-1) [D:1.0000; C:1.0000]
 21.0000: (INITIALIZE_RAF1) [D:1.0000; C:1.0000]
 21.0000: (SYNTHESIZE_C-MYC-MAX-GCDC25A_CDC25A) [D:1.0000; C:1.0000]
 22.0000: (DUMMY-ACTION-17-1) [D:1.0000; C:1.0000]
 22.0000: (ASSOCIATE_CDK2P1_CYCA_CDK2P1-CYCA) [D:1.0000; C:1.0000]
 22.0000: (DUMMY-ACTION-13-1) [D:1.0000; C:1.0000]
 22.0000: (DUMMY-ACTION-10-2) [D:1.0000; C:1.0000]
 22.0000: (INITIALIZE_P57) [D:1.0000; C:1.0000]
 22.0000: (SYNTHESIZE_RAF1-PRBP1-E2F13P1-DP12P1-GE2_CYCEP1) [D:1.0000; C:1.0000]
 23.0000: (ASSOCIATE_P21_CDK2P1-CYCA_P21-CDK2P1-CYCA) [D:1.0000; C:1.0000]
 23.0000: (ASSOCIATE-WITH-CATALYZE_CDC25A_RAF1_CDC25AP1) [D:1.0000; C:1.0000]
 23.0000: (INITIALIZE_CDK2P1) [D:1.0000; C:1.0000]
 23.0000: (SYNTHESIZE_RAF1-PRBP1-E2F13-DP12P1-GE2_CYCA) [D:1.0000; C:1.0000]
 24.0000: (DUMMY-ACTION-16-2) [D:1.0000; C:1.0000]
 24.0000: (DUMMY-ACTION-11-1) [D:1.0000; C:1.0000]
 24.0000: (ASSOCIATE_CDK2P1_CYCA_CDK2P1-CYCA) [D:1.0000; C:1.0000]
 24.0000: (SYNTHESIZE_P53_P21) [D:1.0000; C:1.0000]
 24.0000: (SYNTHESIZE_C-MYC-MAX-GCDC25A_CDC25A) [D:1.0000; C:1.0000]
 25.0000: (ASSOCIATE-WITH-CATALYZE_CDK2P1-CYCA_CDC25AP1_CDK2-CYCA) [D:1.0000; C:1.0000]
 25.0000: (INITIALIZE_CDK2P1) [D:1.0000; C:1.0000]
 26.0000: (DUMMY-ACTION-9-2) [D:1.0000; C:1.0000]
 26.0000: (ASSOCIATE_CDK2P1_CYCE_CDK2P1-CYCE) [D:1.0000; C:1.0000]
 27.0000: (INITIALIZE_CDK2P1) [D:1.0000; C:1.0000]
 27.0000: (SYNTHESIZE_RAF1-PRBP1-E2F13P1-DP12-GE2_CYCE) [D:1.0000; C:1.0000]
 27.0000: (ASSOCIATE-WITH-CATALYZE_CDK2P1-CYCE_CDC25AP1_CDK2-CYCE) [D:1.0000; C:1.0000]
 27.0000: (ASSOCIATE_P21_CDK2-CYCA_P21-CDK2-CYCA) [D:1.0000; C:1.0000]
 28.0000: (ASSOCIATE_CDK2P1_CYCE_CDK2P1-CYCE) [D:1.0000; C:1.0000]
 28.0000: (SYNTHESIZE_P53_P21) [D:1.0000; C:1.0000]
 28.0000: (DUMMY-ACTION-7-2) [D:1.0000; C:1.0000]
 29.0000: (ASSOCIATE_P21_CDK2-CYCE_P21-CDK2-CYCE) [D:1.0000; C:1.0000]
 29.0000: (INITIALIZE_CDK2P1) [D:1.0000; C:1.0000]
 30.0000: (DUMMY-ACTION-8-2) [D:1.0000; C:1.0000]
 30.0000: (ASSOCIATE-WITH-CATALYZE_CDK2P1-CYCE_CDC25AP1_CDK2-CYCE) [D:1.0000; C:1.0000]
 30.0000: (ASSOCIATE_CDK2P1_CYCEP1_CDK2P1-CYCEP1) [D:1.0000; C:1.0000]
 30.0000: (SYNTHESIZE_P53_P21) [D:1.0000; C:1.0000]
 31.0000: (DUMMY-ACTION-6-2) [D:1.0000; C:1.0000]
 31.0000: (ASSOCIATE_RAF1_CDC25AP1_RAF1-CDC25AP1) [D:1.0000; C:1.0000]
 32.0000: (ASSOCIATE_P57_CDK2-CYCE_P57-CDK2-CYCE) [D:1.0000; C:1.0000]
 32.0000: (DUMMY-ACTION-3-2) [D:1.0000; C:1.0000]
 32.0000: (INITIALIZE_RAF1) [D:1.0000; C:1.0000]
 33.0000: (DUMMY-ACTION-4-1) [D:1.0000; C:1.0000]
 33.0000: (ASSOCIATE-WITH-CATALYZE_CDC25A_RAF1_CDC25AP1) [D:1.0000; C:1.0000]
 34.0000: (ASSOCIATE-WITH-CATALYZE_CDK2P1-CYCEP1_CDC25AP1_CDK2-CYCEP1) [D:1.0000; C:1.0000]
 35.0000: (DUMMY-ACTION-1-2) [D:1.0000; C:1.0000]
 36.0000: (ASSOCIATE_P21_CDK2-CYCEP1_P21-CDK2-CYCEP1) [D:1.0000; C:1.0000]
 37.0000: (DUMMY-ACTION-2-2) [D:1.0000; C:1.0000]


Solution found:
Total time:      25.40
Search time:     25.23
Actions:         164
Execution cost:  164.00
Duration:        38.000
Plan quality:    164.000


Parsing domain file:  domain 'GROUNDED-PATHWAYS-PROPOSITIONAL' defined ... done.
Parsing problem file:  problem 'GROUNDED-PATHWAYS-23' defined ... done.



Modality: Fast Planner

Number of actions             :    2035
Number of conditional actions :       0
Number of facts               :     451


Analyzing Planning Problem:
	Temporal Planning Problem: NO
	Numeric Planning Problem: NO
	Problem with Timed Initial Litearals: NO
	Problem with Derived Predicates: NO

Evaluation function weights:
     Action duration 0.00; Action cost 1.00


Computing mutex... done

Preprocessing total time: 0.24 seconds

Searching ('.' = every 50 search steps):
........... search limit exceeded. Restart.
............. search limit exceeded. Restart.
............... search limit exceeded. Restart.
.................. search limit exceeded. Restart.
..................... search limit exceeded. Restart.
........................ search limit exceeded. Restart.
............................ search limit exceeded. Restart.
................................. search limit exceeded. Restart.
...................................... search limit exceeded.

Searching ('.' = every 50 search steps):
........... search limit exceeded. Restart.
............. search limit exceeded. Restart.
............... search limit exceeded. Restart.
.................. search limit exceeded. Restart.
..................... search limit exceeded. Restart.
........................ search limit exceeded. Restart.
........................ solution found: 

Plan computed:
   Time: (ACTION) [action Duration; action Cost]
 0.0000: (CHOOSE_AP2_L1_L0) [D:1.0000; C:1.0000]
 1.0000: (CHOOSE_P53_L2_L1) [D:1.0000; C:1.0000]
 2.0000: (CHOOSE_PCNA_L3_L2) [D:1.0000; C:1.0000]
 2.0000: (INITIALIZE_P53) [D:1.0000; C:1.0000]
 3.0000: (CHOOSE_C-ABL_L4_L3) [D:1.0000; C:1.0000]
 3.0000: (SYNTHESIZE_P53_P21) [D:1.0000; C:1.0000]
 3.0000: (INITIALIZE_PCNA) [D:1.0000; C:1.0000]
 4.0000: (CHOOSE_P57_L5_L4) [D:1.0000; C:1.0000]
 5.0000: (CHOOSE_E2F13-DP12_L6_L5) [D:1.0000; C:1.0000]
 5.0000: (INITIALIZE_P57) [D:1.0000; C:1.0000]
 6.0000: (CHOOSE_CDK46P3-CYCDP1_L7_L6) [D:1.0000; C:1.0000]
 6.0000: (INITIALIZE_E2F13-DP12) [D:1.0000; C:1.0000]
 7.0000: (CHOOSE_PLK1_L8_L7) [D:1.0000; C:1.0000]
 7.0000: (INITIALIZE_CDK46P3-CYCDP1) [D:1.0000; C:1.0000]
 8.0000: (CHOOSE_CDK1P1P2_L9_L8) [D:1.0000; C:1.0000]
 9.0000: (CHOOSE_GP_L10_L9) [D:1.0000; C:1.0000]
 10.0000: (CHOOSE_GE2_L11_L10) [D:1.0000; C:1.0000]
 11.0000: (CHOOSE_CDC25C_L12_L11) [D:1.0000; C:1.0000]
 11.0000: (INITIALIZE_GE2) [D:1.0000; C:1.0000]
 12.0000: (CHOOSE_CDK2P1_L13_L12) [D:1.0000; C:1.0000]
 13.0000: (CHOOSE_DP12_L14_L13) [D:1.0000; C:1.0000]
 13.0000: (INITIALIZE_CDK2P1) [D:1.0000; C:1.0000]
 14.0000: (INITIALIZE_DP12) [D:1.0000; C:1.0000]
 14.0000: (CHOOSE_E2F4_L15_L14) [D:1.0000; C:1.0000]
 15.0000: (INITIALIZE_E2F4) [D:1.0000; C:1.0000]
 15.0000: (CHOOSE_PRB_L16_L15) [D:1.0000; C:1.0000]
 16.0000: (ASSOCIATE_E2F4_DP12_E2F4-DP12) [D:1.0000; C:1.0000]
 16.0000: (INITIALIZE_PRB) [D:1.0000; C:1.0000]
 16.0000: (CHOOSE_RAF1_L17_L16) [D:1.0000; C:1.0000]
 17.0000: (ASSOCIATE-WITH-CATALYZE_PRB_CDK46P3-CYCDP1_PRBP1) [D:1.0000; C:1.0000]
 17.0000: (INITIALIZE_RAF1) [D:1.0000; C:1.0000]
 17.0000: (INITIALIZE_E2F4) [D:1.0000; C:1.0000]
 17.0000: (INITIALIZE_DP12) [D:1.0000; C:1.0000]
 17.0000: (CHOOSE_P130_L18_L17) [D:1.0000; C:1.0000]
 18.0000: (ASSOCIATE_PRBP1_E2F4-DP12_PRBP1-E2F4-DP12) [D:1.0000; C:1.0000]
 18.0000: (INITIALIZE_PRB) [D:1.0000; C:1.0000]
 18.0000: (INITIALIZE_P130) [D:1.0000; C:1.0000]
 18.0000: (CHOOSE_CDK2_L19_L18) [D:1.0000; C:1.0000]
 19.0000: (ASSOCIATE_RAF1_PRBP1-E2F4-DP12_RAF1-PRBP1-E2F4-DP12) [D:1.0000; C:1.0000]
 19.0000: (ASSOCIATE_E2F4_DP12_E2F4-DP12) [D:1.0000; C:1.0000]
 19.0000: (ASSOCIATE-WITH-CATALYZE_PRB_CDK46P3-CYCDP1_PRBP1) [D:1.0000; C:1.0000]
 19.0000: (CHOOSE_SKP2_L20_L19) [D:1.0000; C:1.0000]
 19.0000: (INITIALIZE_CDK2) [D:1.0000; C:1.0000]
 20.0000: (INITIALIZE_RAF1) [D:1.0000; C:1.0000]
 20.0000: (ASSOCIATE_PRBP1_E2F4-DP12_PRBP1-E2F4-DP12) [D:1.0000; C:1.0000]
 20.0000: (INITIALIZE_DP12) [D:1.0000; C:1.0000]
 20.0000: (INITIALIZE_E2F4) [D:1.0000; C:1.0000]
 20.0000: (INITIALIZE_PRB) [D:1.0000; C:1.0000]
 20.0000: (DUMMY-ACTION-20-1) [D:1.0000; C:1.0000]
 20.0000: (CHOOSE_P27_L21_L20) [D:1.0000; C:1.0000]
 20.0000: (INITIALIZE_SKP2) [D:1.0000; C:1.0000]
 21.0000: (ASSOCIATE_E2F4_DP12_E2F4-DP12) [D:1.0000; C:1.0000]
 21.0000: (ASSOCIATE-WITH-CATALYZE_PRB_CDK46P3-CYCDP1_PRBP1) [D:1.0000; C:1.0000]
 21.0000: (ASSOCIATE_RAF1-PRBP1-E2F4-DP12_GE2_RAF1-PRBP1-E2F4-DP12-GE2) [D:1.0000; C:1.0000]
 21.0000: (INITIALIZE_P27) [D:1.0000; C:1.0000]
 21.0000: (CHOOSE_E2F4-DP12P1_L22_L21) [D:1.0000; C:1.0000]
 22.0000: (ASSOCIATE_PRBP1_E2F4-DP12_PRBP1-E2F4-DP12) [D:1.0000; C:1.0000]
 22.0000: (INITIALIZE_GE2) [D:1.0000; C:1.0000]
 22.0000: (INITIALIZE_DP12) [D:1.0000; C:1.0000]
 22.0000: (INITIALIZE_E2F4) [D:1.0000; C:1.0000]
 22.0000: (INITIALIZE_PRB) [D:1.0000; C:1.0000]
 22.0000: (SYNTHESIZE_RAF1-PRBP1-E2F4-DP12-GE2_CYCE) [D:1.0000; C:1.0000]
 22.0000: (SYNTHESIZE_RAF1-PRBP1-E2F4-DP12-GE2_CYCA) [D:1.0000; C:1.0000]
 22.0000: (SYNTHESIZE_RAF1-PRBP1-E2F4-DP12-GE2_CYCEP1) [D:1.0000; C:1.0000]
 22.0000: (SYNTHESIZE_RAF1-PRBP1-E2F4-DP12-GE2_CYCD) [D:1.0000; C:1.0000]
 22.0000: (CHOOSE_DMP1_L23_L22) [D:1.0000; C:1.0000]
 22.0000: (SYNTHESIZE_RAF1-PRBP1-E2F4-DP12-GE2_P107) [D:1.0000; C:1.0000]
 22.0000: (INITIALIZE_E2F4-DP12P1) [D:1.0000; C:1.0000]
 22.0000: (DUMMY-ACTION-15-2) [D:1.0000; C:1.0000]
 23.0000: (ASSOCIATE_PRBP1-E2F4-DP12_GE2_PRBP1-E2F4-DP12-GE2) [D:1.0000; C:1.0000]
 23.0000: (ASSOCIATE_E2F4_DP12_E2F4-DP12) [D:1.0000; C:1.0000]
 23.0000: (ASSOCIATE-WITH-CATALYZE_PRB_CDK46P3-CYCDP1_PRBP1) [D:1.0000; C:1.0000]
 23.0000: (ASSOCIATE_CDK2_CYCE_CDK2-CYCE) [D:1.0000; C:1.0000]
 23.0000: (ASSOCIATE_PCNA_CYCD_PCNA-CYCD) [D:1.0000; C:1.0000]
 23.0000: (INITIALIZE_DMP1) [D:1.0000; C:1.0000]
 23.0000: (CHOOSE_SKP1_L24_L23) [D:1.0000; C:1.0000]
 23.0000: (ASSOCIATE_P107_E2F4-DP12P1_P107-E2F4-DP12P1) [D:1.0000; C:1.0000]
 24.0000: (INITIALIZE_GE2) [D:1.0000; C:1.0000]
 24.0000: (DUMMY-ACTION-1-1) [D:1.0000; C:1.0000]
 24.0000: (ASSOCIATE_P130_E2F4-DP12_P130-E2F4-DP12) [D:1.0000; C:1.0000]
 24.0000: (ASSOCIATE_PRBP1_E2F13-DP12_PRBP1-E2F13-DP12) [D:1.0000; C:1.0000]
 24.0000: (DUMMY-ACTION-22-2) [D:1.0000; C:1.0000]
 24.0000: (INITIALIZE_CDK2) [D:1.0000; C:1.0000]
 24.0000: (INITIALIZE_E2F4) [D:1.0000; C:1.0000]
 24.0000: (INITIALIZE_DP12) [D:1.0000; C:1.0000]
 24.0000: (INITIALIZE_PRB) [D:1.0000; C:1.0000]
 24.0000: (DUMMY-ACTION-7-2) [D:1.0000; C:1.0000]
 24.0000: (INITIALIZE_PCNA) [D:1.0000; C:1.0000]
 24.0000: (SYNTHESIZE_RAF1-PRBP1-E2F4-DP12-GE2_CYCD) [D:1.0000; C:1.0000]
 24.0000: (INITIALIZE_SKP1) [D:1.0000; C:1.0000]
 24.0000: (SYNTHESIZE_RAF1-PRBP1-E2F4-DP12-GE2_CYCE) [D:1.0000; C:1.0000]
 24.0000: (CHOOSE_CDK46P1_L25_L24) [D:1.0000; C:1.0000]
 25.0000: (ASSOCIATE_P130-E2F4-DP12_GE2_P130-E2F4-DP12-GE2) [D:1.0000; C:1.0000]
 25.0000: (DUMMY-ACTION-3-2) [D:1.0000; C:1.0000]
 25.0000: (ASSOCIATE_CDK2_CYCA_CDK2-CYCA) [D:1.0000; C:1.0000]
 25.0000: (ASSOCIATE_E2F4_DP12_E2F4-DP12) [D:1.0000; C:1.0000]
 25.0000: (INITIALIZE_P130) [D:1.0000; C:1.0000]
 25.0000: (INITIALIZE_E2F13-DP12) [D:1.0000; C:1.0000]
 25.0000: (ASSOCIATE_DMP1_CYCD_DMP1-CYCD) [D:1.0000; C:1.0000]
 25.0000: (INITIALIZE_CDK46P1) [D:1.0000; C:1.0000]
 26.0000: (DUMMY-ACTION-14-1) [D:1.0000; C:1.0000]
 26.0000: (INITIALIZE_GE2) [D:1.0000; C:1.0000]
 26.0000: (DUMMY-ACTION-17-2) [D:1.0000; C:1.0000]
 26.0000: (INITIALIZE_CDK2) [D:1.0000; C:1.0000]
 26.0000: (SYNTHESIZE_RAF1-PRBP1-E2F4-DP12-GE2_CYCA) [D:1.0000; C:1.0000]
 26.0000: (ASSOCIATE_P130_E2F4-DP12_P130-E2F4-DP12) [D:1.0000; C:1.0000]
 26.0000: (ASSOCIATE_PRB_E2F13-DP12_PRB-E2F13-DP12) [D:1.0000; C:1.0000]
 26.0000: (DUMMY-ACTION-10-2) [D:1.0000; C:1.0000]
 27.0000: (ASSOCIATE_PRBP1-E2F13-DP12_GE2_PRBP1-E2F13-DP12-GE2) [D:1.0000; C:1.0000]
 27.0000: (ASSOCIATE_P27_CDK2-CYCA_P27-CDK2-CYCA) [D:1.0000; C:1.0000]
 27.0000: (DUMMY-ACTION-6-1) [D:1.0000; C:1.0000]
 28.0000: (DUMMY-ACTION-25-1) [D:1.0000; C:1.0000]
 28.0000: (DUMMY-ACTION-28-2) [D:1.0000; C:1.0000]
 28.0000: (ASSOCIATE_CDK2_CYCA_CDK2-CYCA) [D:1.0000; C:1.0000]
 28.0000: (ASSOCIATE_RAF1_P130-E2F4-DP12_RAF1-P130-E2F4-DP12) [D:1.0000; C:1.0000]
 28.0000: (INITIALIZE_P27) [D:1.0000; C:1.0000]
 28.0000: (INITIALIZE_GE2) [D:1.0000; C:1.0000]
 29.0000: (SYNTHESIZE_RAF1-PRBP1-E2F4-DP12-GE2_CYCA) [D:1.0000; C:1.0000]
 29.0000: (INITIALIZE_CDK2) [D:1.0000; C:1.0000]
 29.0000: (DUMMY-ACTION-16-1) [D:1.0000; C:1.0000]
 29.0000: (INITIALIZE_RAF1) [D:1.0000; C:1.0000]
 29.0000: (ASSOCIATE_SKP2_CDK2-CYCA_SKP2-CDK2-CYCA) [D:1.0000; C:1.0000]
 30.0000: (ASSOCIATE_CDK2P1_CYCA_CDK2P1-CYCA) [D:1.0000; C:1.0000]
 30.0000: (ASSOCIATE_CDK2_CYCEP1_CDK2-CYCEP1) [D:1.0000; C:1.0000]
 30.0000: (ASSOCIATE_RAF1_PRB-E2F13-DP12_RAF1-PRB-E2F13-DP12) [D:1.0000; C:1.0000]
 30.0000: (DUMMY-ACTION-13-1) [D:1.0000; C:1.0000]
 30.0000: (INITIALIZE_SKP2) [D:1.0000; C:1.0000]
 31.0000: (DUMMY-ACTION-5-1) [D:1.0000; C:1.0000]
 31.0000: (ASSOCIATE_P57_CDK2-CYCEP1_P57-CDK2-CYCEP1) [D:1.0000; C:1.0000]
 31.0000: (DUMMY-ACTION-27-2) [D:1.0000; C:1.0000]
 31.0000: (SYNTHESIZE_RAF1-PRBP1-E2F4-DP12-GE2_CYCA) [D:1.0000; C:1.0000]
 31.0000: (INITIALIZE_CDK2) [D:1.0000; C:1.0000]
 31.0000: (SYNTHESIZE_RAF1-PRBP1-E2F4-DP12-GE2_CYCEP1) [D:1.0000; C:1.0000]
 31.0000: (ASSOCIATE_SKP2_SKP1_SKP2-SKP1) [D:1.0000; C:1.0000]
 31.0000: (INITIALIZE_CDK2P1) [D:1.0000; C:1.0000]
 32.0000: (DUMMY-ACTION-23-1) [D:1.0000; C:1.0000]
 32.0000: (ASSOCIATE_CDK2_CYCA_CDK2-CYCA) [D:1.0000; C:1.0000]
 32.0000: (ASSOCIATE_RAF1-PRB-E2F13-DP12_GE2_RAF1-PRB-E2F13-DP12-GE2) [D:1.0000; C:1.0000]
 32.0000: (INITIALIZE_P57) [D:1.0000; C:1.0000]
 33.0000: (ASSOCIATE_P21_CDK2-CYCA_P21-CDK2-CYCA) [D:1.0000; C:1.0000]
 33.0000: (INITIALIZE_CDK2) [D:1.0000; C:1.0000]
 33.0000: (SYNTHESIZE_RAF1-PRBP1-E2F4-DP12-GE2_CYCA) [D:1.0000; C:1.0000]
 33.0000: (INITIALIZE_GE2) [D:1.0000; C:1.0000]
 33.0000: (DUMMY-ACTION-26-2) [D:1.0000; C:1.0000]
 33.0000: (SYNTHESIZE_RAF1-PRB-E2F13-DP12-GE2_CYCDP1) [D:1.0000; C:1.0000]
 34.0000: (DUMMY-ACTION-21-2) [D:1.0000; C:1.0000]
 34.0000: (SYNTHESIZE_P53_P21) [D:1.0000; C:1.0000]
 34.0000: (ASSOCIATE_CDK2_CYCEP1_CDK2-CYCEP1) [D:1.0000; C:1.0000]
 34.0000: (ASSOCIATE_P107-E2F4-DP12P1_GE2_P107-E2F4-DP12P1-GE2) [D:1.0000; C:1.0000]
 34.0000: (ASSOCIATE_CDK46P1_CYCDP1_CDK46P1-CYCDP1) [D:1.0000; C:1.0000]
 35.0000: (ASSOCIATE_PCNA_P21_PCNA-P21) [D:1.0000; C:1.0000]
 35.0000: (ASSOCIATE_P27_CDK2-CYCEP1_P27-CDK2-CYCEP1) [D:1.0000; C:1.0000]
 35.0000: (INITIALIZE_CDK2) [D:1.0000; C:1.0000]
 35.0000: (DUMMY-ACTION-2-2) [D:1.0000; C:1.0000]
 35.0000: (SYNTHESIZE_RAF1-PRB-E2F13-DP12-GE2_CYCEP1) [D:1.0000; C:1.0000]
 35.0000: (INITIALIZE_CDK46P1) [D:1.0000; C:1.0000]
 35.0000: (SYNTHESIZE_RAF1-PRB-E2F13-DP12-GE2_CYCDP1) [D:1.0000; C:1.0000]
 36.0000: (ASSOCIATE_PCNA-P21_CDK2P1-CYCA_PCNA-P21-CDK2P1-CYCA) [D:1.0000; C:1.0000]
 36.0000: (DUMMY-ACTION-19-2) [D:1.0000; C:1.0000]
 36.0000: (ASSOCIATE_CDK2_CYCA_CDK2-CYCA) [D:1.0000; C:1.0000]
 36.0000: (ASSOCIATE_CDK2P1_CYCEP1_CDK2P1-CYCEP1) [D:1.0000; C:1.0000]
 36.0000: (SYNTHESIZE_P53_P21) [D:1.0000; C:1.0000]
 36.0000: (INITIALIZE_PCNA) [D:1.0000; C:1.0000]
 37.0000: (DUMMY-ACTION-29-2) [D:1.0000; C:1.0000]
 37.0000: (ASSOCIATE_SKP2-SKP1_CDK2-CYCA_SKP2-SKP1-CDK2-CYCA) [D:1.0000; C:1.0000]
 37.0000: (SYNTHESIZE_RAF1-PRB-E2F13-DP12-GE2_CYCEP1) [D:1.0000; C:1.0000]
 37.0000: (INITIALIZE_CDK2P1) [D:1.0000; C:1.0000]
 37.0000: (ASSOCIATE_P57_CDK2P1-CYCEP1_P57-CDK2P1-CYCEP1) [D:1.0000; C:1.0000]
 37.0000: (ASSOCIATE_PCNA_P21_PCNA-P21) [D:1.0000; C:1.0000]
 38.0000: (DUMMY-ACTION-12-1) [D:1.0000; C:1.0000]
 38.0000: (ASSOCIATE_CDK2P1_CYCEP1_CDK2P1-CYCEP1) [D:1.0000; C:1.0000]
 38.0000: (INITIALIZE_P57) [D:1.0000; C:1.0000]
 38.0000: (SYNTHESIZE_P53_P21) [D:1.0000; C:1.0000]
 38.0000: (INITIALIZE_PCNA) [D:1.0000; C:1.0000]
 38.0000: (DUMMY-ACTION-8-2) [D:1.0000; C:1.0000]
 39.0000: (ASSOCIATE_P57_CDK2-CYCE_P57-CDK2-CYCE) [D:1.0000; C:1.0000]
 39.0000: (INITIALIZE_CDK2P1) [D:1.0000; C:1.0000]
 39.0000: (SYNTHESIZE_RAF1-PRBP1-E2F4-DP12-GE2_CYCEP1) [D:1.0000; C:1.0000]
 40.0000: (ASSOCIATE_CDK2P1_CYCE_CDK2P1-CYCE) [D:1.0000; C:1.0000]
 40.0000: (DUMMY-ACTION-30-2) [D:1.0000; C:1.0000]
 40.0000: (INITIALIZE_P57) [D:1.0000; C:1.0000]
 41.0000: (ASSOCIATE_P21_CDK2P1-CYCE_P21-CDK2P1-CYCE) [D:1.0000; C:1.0000]
 41.0000: (INITIALIZE_CDK2P1) [D:1.0000; C:1.0000]
 41.0000: (SYNTHESIZE_RAF1-PRB-E2F13-DP12-GE2_CYCE) [D:1.0000; C:1.0000]
 42.0000: (DUMMY-ACTION-24-1) [D:1.0000; C:1.0000]
 42.0000: (SYNTHESIZE_P53_P21) [D:1.0000; C:1.0000]
 42.0000: (ASSOCIATE_CDK2P1_CYCEP1_CDK2P1-CYCEP1) [D:1.0000; C:1.0000]
 43.0000: (ASSOCIATE_P21_CDK46P1-CYCDP1_P21-CDK46P1-CYCDP1) [D:1.0000; C:1.0000]
 43.0000: (ASSOCIATE_PCNA-P21_CDK2P1-CYCEP1_PCNA-P21-CDK2P1-CYCEP1) [D:1.0000; C:1.0000]
 43.0000: (INITIALIZE_CDK2P1) [D:1.0000; C:1.0000]
 44.0000: (ASSOCIATE_CDK46P1_CYCDP1_CDK46P1-CYCDP1) [D:1.0000; C:1.0000]
 44.0000: (DUMMY-ACTION-9-1) [D:1.0000; C:1.0000]
 44.0000: (DUMMY-ACTION-11-2) [D:1.0000; C:1.0000]
 44.0000: (SYNTHESIZE_P53_P21) [D:1.0000; C:1.0000]
 44.0000: (ASSOCIATE_CDK2P1_CYCE_CDK2P1-CYCE) [D:1.0000; C:1.0000]
 45.0000: (ASSOCIATE_PCNA_P21_PCNA-P21) [D:1.0000; C:1.0000]
 45.0000: (ASSOCIATE_P57_CDK2P1-CYCE_P57-CDK2P1-CYCE) [D:1.0000; C:1.0000]
 46.0000: (ASSOCIATE_PCNA-P21_CDK46P1-CYCDP1_PCNA-P21-CDK46P1-CYCDP1) [D:1.0000; C:1.0000]
 46.0000: (DUMMY-ACTION-4-1) [D:1.0000; C:1.0000]
 47.0000: (DUMMY-ACTION-18-1) [D:1.0000; C:1.0000]


Solution found:
Total time:      37.76
Search time:     37.52
Actions:         200
Execution cost:  200.00
Duration:        48.000
Plan quality:    200.000


Parsing domain file:  domain 'GROUNDED-PATHWAYS-PROPOSITIONAL' defined ... done.
Parsing problem file:  problem 'GROUNDED-PATHWAYS-24' defined ... done.



Modality: Fast Planner

Number of actions             :    2068
Number of conditional actions :       0
Number of facts               :     547


Analyzing Planning Problem:
	Temporal Planning Problem: NO
	Numeric Planning Problem: NO
	Problem with Timed Initial Litearals: NO
	Problem with Derived Predicates: NO

Evaluation function weights:
     Action duration 0.00; Action cost 1.00


Computing mutex... done

Preprocessing total time: 0.25 seconds

Searching ('.' = every 50 search steps):
........... search limit exceeded. Restart.
....... solution found: 

Plan computed:
   Time: (ACTION) [action Duration; action Cost]
 0.0000: (CHOOSE_WEE1_L1_L0) [D:1.0000; C:1.0000]
 1.0000: (CHOOSE_SKP2_L2_L1) [D:1.0000; C:1.0000]
 2.0000: (CHOOSE_E2F13-DP12_L3_L2) [D:1.0000; C:1.0000]
 2.0000: (INITIALIZE_SKP2) [D:1.0000; C:1.0000]
 3.0000: (CHOOSE_SKP1_L4_L3) [D:1.0000; C:1.0000]
 4.0000: (INITIALIZE_SKP1) [D:1.0000; C:1.0000]
 4.0000: (CHOOSE_CDK2P1_L5_L4) [D:1.0000; C:1.0000]
 5.0000: (ASSOCIATE_SKP2_SKP1_SKP2-SKP1) [D:1.0000; C:1.0000]
 5.0000: (CHOOSE_CDK2_L6_L5) [D:1.0000; C:1.0000]
 5.0000: (INITIALIZE_CDK2P1) [D:1.0000; C:1.0000]
 6.0000: (INITIALIZE_CDK2) [D:1.0000; C:1.0000]
 6.0000: (CHOOSE_GP_L7_L6) [D:1.0000; C:1.0000]
 6.0000: (INITIALIZE_SKP1) [D:1.0000; C:1.0000]
 6.0000: (INITIALIZE_SKP2) [D:1.0000; C:1.0000]
 7.0000: (INITIALIZE_GP) [D:1.0000; C:1.0000]
 7.0000: (CHOOSE_SP1_L8_L7) [D:1.0000; C:1.0000]
 8.0000: (INITIALIZE_SP1) [D:1.0000; C:1.0000]
 8.0000: (CHOOSE_E2F13_L9_L8) [D:1.0000; C:1.0000]
 9.0000: (ASSOCIATE_SP1_GP_SP1-GP) [D:1.0000; C:1.0000]
 9.0000: (INITIALIZE_E2F13) [D:1.0000; C:1.0000]
 9.0000: (CHOOSE_CYCH_L10_L9) [D:1.0000; C:1.0000]
 10.0000: (SYNTHESIZE_SP1-GP_CYCA) [D:1.0000; C:1.0000]
 10.0000: (INITIALIZE_CYCH) [D:1.0000; C:1.0000]
 10.0000: (CHOOSE_CDK7_L11_L10) [D:1.0000; C:1.0000]
 10.0000: (SYNTHESIZE_SP1-GP_CYCEP1) [D:1.0000; C:1.0000]
 10.0000: (SYNTHESIZE_SP1-GP_CYCE) [D:1.0000; C:1.0000]
 10.0000: (SYNTHESIZE_SP1-GP_C-MYC) [D:1.0000; C:1.0000]
 10.0000: (SYNTHESIZE_SP1-GP_CYCDP1) [D:1.0000; C:1.0000]
 10.0000: (SYNTHESIZE_SP1-GP_CYCD) [D:1.0000; C:1.0000]
 10.0000: (INITIALIZE_GP) [D:1.0000; C:1.0000]
 10.0000: (INITIALIZE_SP1) [D:1.0000; C:1.0000]
 10.0000: (SYNTHESIZE_SP1-GP_P107) [D:1.0000; C:1.0000]
 11.0000: (ASSOCIATE_CDK2_CYCA_CDK2-CYCA) [D:1.0000; C:1.0000]
 11.0000: (INITIALIZE_CDK7) [D:1.0000; C:1.0000]
 11.0000: (CHOOSE_P27_L12_L11) [D:1.0000; C:1.0000]
 11.0000: (ASSOCIATE_SP1_P107_SP1-P107) [D:1.0000; C:1.0000]
 12.0000: (ASSOCIATE_CDK7_CYCH_CDK7-CYCH) [D:1.0000; C:1.0000]
 12.0000: (SYNTHESIZE_SP1-GP_CYCA) [D:1.0000; C:1.0000]
 12.0000: (INITIALIZE_CDK2) [D:1.0000; C:1.0000]
 12.0000: (INITIALIZE_P27) [D:1.0000; C:1.0000]
 12.0000: (CHOOSE_RAF1_L13_L12) [D:1.0000; C:1.0000]
 12.0000: (ASSOCIATE_SP1-P107_GP_SP1-P107-GP) [D:1.0000; C:1.0000]
 13.0000: (ASSOCIATE_CDK2P1_CYCA_CDK2P1-CYCA) [D:1.0000; C:1.0000]
 13.0000: (INITIALIZE_CYCH) [D:1.0000; C:1.0000]
 13.0000: (INITIALIZE_CDK7) [D:1.0000; C:1.0000]
 13.0000: (INITIALIZE_RAF1) [D:1.0000; C:1.0000]
 13.0000: (CHOOSE_GCDC25A_L14_L13) [D:1.0000; C:1.0000]
 13.0000: (DUMMY-ACTION-17-2) [D:1.0000; C:1.0000]
 14.0000: (INITIALIZE_CDK2P1) [D:1.0000; C:1.0000]
 14.0000: (ASSOCIATE-WITH-CATALYZE_CDK2P1-CYCA_CDK7-CYCH_CDK2P1P2-CYCA) [D:1.0000; C:1.0000]
 14.0000: (INITIALIZE_CDK2P1) [D:1.0000; C:1.0000]
 14.0000: (SYNTHESIZE_SP1-GP_CYCA) [D:1.0000; C:1.0000]
 14.0000: (INITIALIZE_GCDC25A) [D:1.0000; C:1.0000]
 14.0000: (CHOOSE_MAX_L15_L14) [D:1.0000; C:1.0000]
 15.0000: (ASSOCIATE_CDK2P1P2-CYCA_E2F13_CDK2P1P2-CYCA-E2F13) [D:1.0000; C:1.0000]
 15.0000: (ASSOCIATE_CDK7_CYCH_CDK7-CYCH) [D:1.0000; C:1.0000]
 15.0000: (INITIALIZE_MAX) [D:1.0000; C:1.0000]
 15.0000: (CHOOSE_CDK46P1_L16_L15) [D:1.0000; C:1.0000]
 16.0000: (DUMMY-ACTION-28-1) [D:1.0000; C:1.0000]
 16.0000: (ASSOCIATE-WITH-CATALYZE_CDK2-CYCA_CDK7-CYCH_CDK2P2-CYCA) [D:1.0000; C:1.0000]
 16.0000: (ASSOCIATE-WITH-CATALYZE_CDK2_CDK7-CYCH_CDK2P2) [D:1.0000; C:1.0000]
 16.0000: (ASSOCIATE-WITH-CATALYZE_CDK2P1_CDK7-CYCH_CDK2P1P2) [D:1.0000; C:1.0000]
 16.0000: (INITIALIZE_E2F13) [D:1.0000; C:1.0000]
 16.0000: (ASSOCIATE_C-MYC_MAX_C-MYC-MAX) [D:1.0000; C:1.0000]
 16.0000: (INITIALIZE_CDK46P1) [D:1.0000; C:1.0000]
 16.0000: (CHOOSE_P57P1_L17_L16) [D:1.0000; C:1.0000]
 17.0000: (ASSOCIATE_SKP2-SKP1_CDK2P2-CYCA_SKP2-SKP1-CDK2P2-CYCA) [D:1.0000; C:1.0000]
 17.0000: (INITIALIZE_CDK2) [D:1.0000; C:1.0000]
 17.0000: (DUMMY-ACTION-31-2) [D:1.0000; C:1.0000]
 17.0000: (INITIALIZE_CDK2P1) [D:1.0000; C:1.0000]
 17.0000: (ASSOCIATE_C-MYC-MAX_GCDC25A_C-MYC-MAX-GCDC25A) [D:1.0000; C:1.0000]
 17.0000: (ASSOCIATE-WITH-CATALYZE_CDK46P1_CDK7-CYCH_CDK46P1P2) [D:1.0000; C:1.0000]
 17.0000: (INITIALIZE_P57P1) [D:1.0000; C:1.0000]
 17.0000: (CHOOSE_GE-C_L18_L17) [D:1.0000; C:1.0000]
 18.0000: (DUMMY-ACTION-30-2) [D:1.0000; C:1.0000]
 18.0000: (ASSOCIATE_CDK2_CYCEP1_CDK2-CYCEP1) [D:1.0000; C:1.0000]
 18.0000: (SYNTHESIZE_C-MYC-MAX-GCDC25A_CDC25A) [D:1.0000; C:1.0000]
 18.0000: (INITIALIZE_CDK46P1) [D:1.0000; C:1.0000]
 18.0000: (INITIALIZE_GE-C) [D:1.0000; C:1.0000]
 18.0000: (CHOOSE_AP2_L19_L18) [D:1.0000; C:1.0000]
 19.0000: (INITIALIZE_CDK2) [D:1.0000; C:1.0000]
 19.0000: (ASSOCIATE-WITH-CATALYZE_CDC25A_RAF1_CDC25AP1) [D:1.0000; C:1.0000]
 19.0000: (INITIALIZE_AP2) [D:1.0000; C:1.0000]
 19.0000: (CHOOSE_P57_L20_L19) [D:1.0000; C:1.0000]
 20.0000: (ASSOCIATE_CDK2_CYCE_CDK2-CYCE) [D:1.0000; C:1.0000]
 20.0000: (ASSOCIATE-WITH-CATALYZE_CDK46P1_CDC25AP1_CDK46) [D:1.0000; C:1.0000]
 20.0000: (ASSOCIATE-WITH-CATALYZE_CDK46P1P2_CDC25AP1_CDK46P2) [D:1.0000; C:1.0000]
 20.0000: (SYNTHESIZE_C-MYC-MAX-GCDC25A_CDC25A) [D:1.0000; C:1.0000]
 20.0000: (ASSOCIATE_AP2_GE-C_AP2-GE-C) [D:1.0000; C:1.0000]
 20.0000: (INITIALIZE_P57) [D:1.0000; C:1.0000]
 20.0000: (CHOOSE_P53P1_L21_L20) [D:1.0000; C:1.0000]
 21.0000: (SYNTHESIZE_SP1-GP_CYCE) [D:1.0000; C:1.0000]
 21.0000: (ASSOCIATE-WITH-CATALYZE_CDK2-CYCE_CDK7-CYCH_CDK2P2-CYCE) [D:1.0000; C:1.0000]
 21.0000: (INITIALIZE_CDK2) [D:1.0000; C:1.0000]
 21.0000: (DUMMY-ACTION-15-1) [D:1.0000; C:1.0000]
 21.0000: (INITIALIZE_CDK46P1) [D:1.0000; C:1.0000]
 21.0000: (DUMMY-ACTION-12-1) [D:1.0000; C:1.0000]
 21.0000: (SYNTHESIZE_AP2-GE-C_ECADHERIN) [D:1.0000; C:1.0000]
 21.0000: (INITIALIZE_P53P1) [D:1.0000; C:1.0000]
 21.0000: (CHOOSE_PCNA_L22_L21) [D:1.0000; C:1.0000]
 22.0000: (ASSOCIATE-WITH-CATALYZE_P27_CDK2P2-CYCE_P27P1) [D:1.0000; C:1.0000]
 22.0000: (ASSOCIATE-WITH-CATALYZE_CDK2_CDK7-CYCH_CDK2P2) [D:1.0000; C:1.0000]
 22.0000: (ASSOCIATE_CDK2P1P2_CYCE_CDK2P1P2-CYCE) [D:1.0000; C:1.0000]
 22.0000: (ASSOCIATE_CDK46_CYCDP1_CDK46-CYCDP1) [D:1.0000; C:1.0000]
 22.0000: (ASSOCIATE_CDK46P2_CYCD_CDK46P2-CYCD) [D:1.0000; C:1.0000]
 22.0000: (DUMMY-ACTION-10-2) [D:1.0000; C:1.0000]
 22.0000: (SYNTHESIZE_P53P1_P21) [D:1.0000; C:1.0000]
 22.0000: (INITIALIZE_PCNA) [D:1.0000; C:1.0000]
 23.0000: (ASSOCIATE_P27P1_CDK2-CYCEP1_P27P1-CDK2-CYCEP1) [D:1.0000; C:1.0000]
 23.0000: (INITIALIZE_CDK2) [D:1.0000; C:1.0000]
 23.0000: (SYNTHESIZE_SP1-GP_CYCE) [D:1.0000; C:1.0000]
 23.0000: (INITIALIZE_P27) [D:1.0000; C:1.0000]
 23.0000: (ASSOCIATE_CDK2P2_CYCA_CDK2P2-CYCA) [D:1.0000; C:1.0000]
 23.0000: (ASSOCIATE-WITH-CATALYZE_CDK46-CYCDP1_CDK7-CYCH_CDK46P2-CYCDP1) [D:1.0000; C:1.0000]
 23.0000: (ASSOCIATE-WITH-CATALYZE_CDK46P1_CDC25AP1_CDK46) [D:1.0000; C:1.0000]
 23.0000: (SYNTHESIZE_SP1-GP_CYCDP1) [D:1.0000; C:1.0000]
 23.0000: (ASSOCIATE_P57P1_CDK46P2-CYCD_P57P1-CDK46P2-CYCD) [D:1.0000; C:1.0000]
 23.0000: (SYNTHESIZE_SP1-GP_CYCD) [D:1.0000; C:1.0000]
 24.0000: (DUMMY-ACTION-29-2) [D:1.0000; C:1.0000]
 24.0000: (ASSOCIATE_CDK2_CYCE_CDK2-CYCE) [D:1.0000; C:1.0000]
 24.0000: (ASSOCIATE-WITH-CATALYZE_P27_CDK2P2-CYCE_P27P1) [D:1.0000; C:1.0000]
 24.0000: (ASSOCIATE-WITH-CATALYZE_E2F13_CDK2P2-CYCA_E2F13P1) [D:1.0000; C:1.0000]
 24.0000: (SYNTHESIZE_SP1-GP_CYCA) [D:1.0000; C:1.0000]
 24.0000: (ASSOCIATE-WITH-CATALYZE_SKP1_CDK2P2-CYCA_SKP1P1) [D:1.0000; C:1.0000]
 24.0000: (ASSOCIATE_CDK46_CYCDP1_CDK46-CYCDP1) [D:1.0000; C:1.0000]
 24.0000: (DUMMY-ACTION-20-1) [D:1.0000; C:1.0000]
 24.0000: (ASSOCIATE_RAF1_CDC25AP1_RAF1-CDC25AP1) [D:1.0000; C:1.0000]
 24.0000: (INITIALIZE_CDK46P1) [D:1.0000; C:1.0000]
 24.0000: (INITIALIZE_P57P1) [D:1.0000; C:1.0000]
 25.0000: (ASSOCIATE_P27P1_CDK2-CYCE_P27P1-CDK2-CYCE) [D:1.0000; C:1.0000]
 25.0000: (INITIALIZE_CDK2) [D:1.0000; C:1.0000]
 25.0000: (INITIALIZE_SKP1) [D:1.0000; C:1.0000]
 25.0000: (ASSOCIATE_SKP2_SKP1P1_SKP2-SKP1P1) [D:1.0000; C:1.0000]
 25.0000: (INITIALIZE_P27) [D:1.0000; C:1.0000]
 25.0000: (DUMMY-ACTION-7-2) [D:1.0000; C:1.0000]
 25.0000: (INITIALIZE_RAF1) [D:1.0000; C:1.0000]
 25.0000: (DUMMY-ACTION-18-1) [D:1.0000; C:1.0000]
 25.0000: (ASSOCIATE-WITH-CATALYZE_CDK46P1_CDK7-CYCH_CDK46P1P2) [D:1.0000; C:1.0000]
 25.0000: (SYNTHESIZE_SP1-GP_CYCDP1) [D:1.0000; C:1.0000]
 26.0000: (DUMMY-ACTION-27-2) [D:1.0000; C:1.0000]
 26.0000: (ASSOCIATE_CDK2_CYCA_CDK2-CYCA) [D:1.0000; C:1.0000]
 26.0000: (INITIALIZE_SKP2) [D:1.0000; C:1.0000]
 26.0000: (ASSOCIATE-WITH-CATALYZE_SKP1_CDK2P2-CYCA_SKP1P1) [D:1.0000; C:1.0000]
 26.0000: (ASSOCIATE-WITH-CATALYZE_P27_CDK2P2-CYCE_P27P1) [D:1.0000; C:1.0000]
 26.0000: (ASSOCIATE-WITH-CATALYZE_CDC25A_RAF1_CDC25AP1) [D:1.0000; C:1.0000]
 26.0000: (INITIALIZE_CDK46P1) [D:1.0000; C:1.0000]
 27.0000: (ASSOCIATE_CDK2-CYCA_E2F13P1_CDK2-CYCA-E2F13P1) [D:1.0000; C:1.0000]
 27.0000: (SYNTHESIZE_SP1-GP_CYCA) [D:1.0000; C:1.0000]
 27.0000: (INITIALIZE_SKP1) [D:1.0000; C:1.0000]
 27.0000: (ASSOCIATE_P27P1_CDK2P1P2-CYCE_P27P1-CDK2P1P2-CYCE) [D:1.0000; C:1.0000]
 27.0000: (INITIALIZE_P27) [D:1.0000; C:1.0000]
 27.0000: (SYNTHESIZE_C-MYC-MAX-GCDC25A_CDC25A) [D:1.0000; C:1.0000]
 27.0000: (ASSOCIATE_CDK46P1_CYCD_CDK46P1-CYCD) [D:1.0000; C:1.0000]
 27.0000: (ASSOCIATE-WITH-CATALYZE_CDK46P1P2_CDC25AP1_CDK46P2) [D:1.0000; C:1.0000]
 28.0000: (DUMMY-ACTION-26-2) [D:1.0000; C:1.0000]
 28.0000: (ASSOCIATE_CDK2P1_CYCA_CDK2P1-CYCA) [D:1.0000; C:1.0000]
 28.0000: (DUMMY-ACTION-24-2) [D:1.0000; C:1.0000]
 28.0000: (ASSOCIATE_P27_CDK46-CYCDP1_P27-CDK46-CYCDP1) [D:1.0000; C:1.0000]
 28.0000: (ASSOCIATE_RAF1_CDC25A_RAF1-CDC25A) [D:1.0000; C:1.0000]
 28.0000: (INITIALIZE_CDK46P1) [D:1.0000; C:1.0000]
 28.0000: (SYNTHESIZE_SP1-GP_CYCD) [D:1.0000; C:1.0000]
 29.0000: (ASSOCIATE-WITH-CATALYZE_CDK2P1-CYCA_CDK7-CYCH_CDK2P1P2-CYCA) [D:1.0000; C:1.0000]
 29.0000: (INITIALIZE_CDK2P1) [D:1.0000; C:1.0000]
 29.0000: (SYNTHESIZE_SP1-GP_CYCA) [D:1.0000; C:1.0000]
 29.0000: (DUMMY-ACTION-22-2) [D:1.0000; C:1.0000]
 29.0000: (DUMMY-ACTION-19-1) [D:1.0000; C:1.0000]
 29.0000: (INITIALIZE_P27) [D:1.0000; C:1.0000]
 29.0000: (ASSOCIATE-WITH-CATALYZE_CDK46P1_CDC25AP1_CDK46) [D:1.0000; C:1.0000]
 30.0000: (ASSOCIATE_CDK2P1_CYCA_CDK2P1-CYCA) [D:1.0000; C:1.0000]
 30.0000: (ASSOCIATE_P27_CDK46P1-CYCD_P27-CDK46P1-CYCD) [D:1.0000; C:1.0000]
 30.0000: (ASSOCIATE_CDK46_CYCD_CDK46-CYCD) [D:1.0000; C:1.0000]
 30.0000: (INITIALIZE_CDK46P1) [D:1.0000; C:1.0000]
 31.0000: (ASSOCIATE_SKP2-SKP1P1_CDK2P1-CYCA_SKP2-SKP1P1-CDK2P1-CYCA) [D:1.0000; C:1.0000]
 31.0000: (INITIALIZE_P27) [D:1.0000; C:1.0000]
 31.0000: (DUMMY-ACTION-16-1) [D:1.0000; C:1.0000]
 31.0000: (DUMMY-ACTION-13-2) [D:1.0000; C:1.0000]
 31.0000: (SYNTHESIZE_SP1-GP_CYCD) [D:1.0000; C:1.0000]
 31.0000: (ASSOCIATE-WITH-CATALYZE_CDK46P1_CDK7-CYCH_CDK46P1P2) [D:1.0000; C:1.0000]
 32.0000: (ASSOCIATE_SKP2_SKP1P1_SKP2-SKP1P1) [D:1.0000; C:1.0000]
 32.0000: (DUMMY-ACTION-25-2) [D:1.0000; C:1.0000]
 32.0000: (ASSOCIATE_P27_CDK46P2-CYCDP1_P27-CDK46P2-CYCDP1) [D:1.0000; C:1.0000]
 32.0000: (ASSOCIATE_CDK46P2_CYCD_CDK46P2-CYCD) [D:1.0000; C:1.0000]
 32.0000: (INITIALIZE_CDK46P1) [D:1.0000; C:1.0000]
 33.0000: (ASSOCIATE_SKP2-SKP1P1_CDK2P1P2-CYCA_SKP2-SKP1P1-CDK2P1P2-CYCA) [D:1.0000; C:1.0000]
 33.0000: (INITIALIZE_SKP2) [D:1.0000; C:1.0000]
 33.0000: (ASSOCIATE-WITH-CATALYZE_SKP1_CDK2P2-CYCA_SKP1P1) [D:1.0000; C:1.0000]
 33.0000: (DUMMY-ACTION-14-1) [D:1.0000; C:1.0000]
 33.0000: (INITIALIZE_P27) [D:1.0000; C:1.0000]
 33.0000: (ASSOCIATE-WITH-CATALYZE_CDK46P1_CDC25AP1_CDK46) [D:1.0000; C:1.0000]
 33.0000: (SYNTHESIZE_SP1-GP_CYCD) [D:1.0000; C:1.0000]
 33.0000: (ASSOCIATE-WITH-CATALYZE_CDK46P1P2_CDC25AP1_CDK46P2) [D:1.0000; C:1.0000]
 34.0000: (ASSOCIATE_SKP2_SKP1P1_SKP2-SKP1P1) [D:1.0000; C:1.0000]
 34.0000: (DUMMY-ACTION-23-2) [D:1.0000; C:1.0000]
 34.0000: (ASSOCIATE_P27_CDK46P2-CYCD_P27-CDK46P2-CYCD) [D:1.0000; C:1.0000]
 34.0000: (INITIALIZE_CDK46P1) [D:1.0000; C:1.0000]
 35.0000: (ASSOCIATE_SKP2-SKP1P1_CDK2P2-CYCA_SKP2-SKP1P1-CDK2P2-CYCA) [D:1.0000; C:1.0000]
 35.0000: (ASSOCIATE-WITH-CATALYZE_CDK46-CYCD_CDK7-CYCH_CDK46P2-CYCD) [D:1.0000; C:1.0000]
 35.0000: (DUMMY-ACTION-11-1) [D:1.0000; C:1.0000]
 36.0000: (DUMMY-ACTION-21-1) [D:1.0000; C:1.0000]
 36.0000: (ASSOCIATE_CDK46_CYCD_CDK46-CYCD) [D:1.0000; C:1.0000]
 36.0000: (ASSOCIATE_P57_CDK46P2-CYCD_P57-CDK46P2-CYCD) [D:1.0000; C:1.0000]
 37.0000: (INITIALIZE_P57) [D:1.0000; C:1.0000]
 37.0000: (ASSOCIATE-WITH-CATALYZE_CDK46P1_CDC25AP1_CDK46) [D:1.0000; C:1.0000]
 37.0000: (SYNTHESIZE_SP1-GP_CYCD) [D:1.0000; C:1.0000]
 37.0000: (DUMMY-ACTION-6-2) [D:1.0000; C:1.0000]
 38.0000: (ASSOCIATE_P57_CDK46-CYCD_P57-CDK46-CYCD) [D:1.0000; C:1.0000]
 38.0000: (INITIALIZE_CDK46P1) [D:1.0000; C:1.0000]
 39.0000: (DUMMY-ACTION-9-1) [D:1.0000; C:1.0000]
 39.0000: (ASSOCIATE_CDK46_CYCD_CDK46-CYCD) [D:1.0000; C:1.0000]
 40.0000: (ASSOCIATE-WITH-CATALYZE_CDK46P1_CDC25AP1_CDK46) [D:1.0000; C:1.0000]
 40.0000: (SYNTHESIZE_SP1-GP_CYCD) [D:1.0000; C:1.0000]
 40.0000: (ASSOCIATE_P57P1_CDK46-CYCD_P57P1-CDK46-CYCD) [D:1.0000; C:1.0000]
 41.0000: (ASSOCIATE_CDK46_CYCD_CDK46-CYCD) [D:1.0000; C:1.0000]
 41.0000: (INITIALIZE_CDK46P1) [D:1.0000; C:1.0000]
 41.0000: (INITIALIZE_P57P1) [D:1.0000; C:1.0000]
 41.0000: (DUMMY-ACTION-8-1) [D:1.0000; C:1.0000]
 41.0000: (INITIALIZE_P57P1) [D:1.0000; C:1.0000]
 42.0000: (ASSOCIATE_P21_CDK46-CYCD_P21-CDK46-CYCD) [D:1.0000; C:1.0000]
 42.0000: (ASSOCIATE-WITH-CATALYZE_CDK46P1_CDC25AP1_CDK46) [D:1.0000; C:1.0000]
 42.0000: (SYNTHESIZE_SP1-GP_CYCD) [D:1.0000; C:1.0000]
 43.0000: (ASSOCIATE_CDK46_CYCD_CDK46-CYCD) [D:1.0000; C:1.0000]
 43.0000: (INITIALIZE_CDK46P1) [D:1.0000; C:1.0000]
 43.0000: (DUMMY-ACTION-4-2) [D:1.0000; C:1.0000]
 43.0000: (SYNTHESIZE_P53P1_P21) [D:1.0000; C:1.0000]
 44.0000: (ASSOCIATE-WITH-CATALYZE_CDK46P1_CDC25AP1_CDK46) [D:1.0000; C:1.0000]
 44.0000: (SYNTHESIZE_SP1-GP_CYCD) [D:1.0000; C:1.0000]
 45.0000: (ASSOCIATE_CDK46_CYCDP1_CDK46-CYCDP1) [D:1.0000; C:1.0000]
 45.0000: (ASSOCIATE_CDK46P2_CYCD_CDK46P2-CYCD) [D:1.0000; C:1.0000]
 46.0000: (ASSOCIATE_P57P1_CDK46-CYCDP1_P57P1-CDK46-CYCDP1) [D:1.0000; C:1.0000]
 46.0000: (DUMMY-ACTION-1-2) [D:1.0000; C:1.0000]
 47.0000: (DUMMY-ACTION-5-1) [D:1.0000; C:1.0000]
 47.0000: (ASSOCIATE_P21_CDK46P2-CYCD_P21-CDK46P2-CYCD) [D:1.0000; C:1.0000]
 48.0000: (SYNTHESIZE_P53P1_P21) [D:1.0000; C:1.0000]
 48.0000: (DUMMY-ACTION-2-1) [D:1.0000; C:1.0000]
 49.0000: (ASSOCIATE_PCNA_P21_PCNA-P21) [D:1.0000; C:1.0000]
 50.0000: (ASSOCIATE_PCNA-P21_CDK46-CYCD_PCNA-P21-CDK46-CYCD) [D:1.0000; C:1.0000]
 51.0000: (DUMMY-ACTION-3-1) [D:1.0000; C:1.0000]


Solution found:
Total time:      1.06
Search time:     0.81
Actions:         237
Execution cost:  237.00
Duration:        52.000
Plan quality:    237.000


Parsing domain file:  domain 'GROUNDED-PATHWAYS-PROPOSITIONAL' defined ... done.
Parsing problem file:  problem 'GROUNDED-PATHWAYS-25' defined ... done.



Modality: Fast Planner

Number of actions             :    3047
Number of conditional actions :       0
Number of facts               :     581


Analyzing Planning Problem:
	Temporal Planning Problem: NO
	Numeric Planning Problem: NO
	Problem with Timed Initial Litearals: NO
	Problem with Derived Predicates: NO

Evaluation function weights:
     Action duration 0.00; Action cost 1.00


Computing mutex... done

Preprocessing total time: 0.44 seconds

Searching ('.' = every 50 search steps):
...... solution found: 

Plan computed:
   Time: (ACTION) [action Duration; action Cost]
 0.0000: (CHOOSE_SKP2_L1_L0) [D:1.0000; C:1.0000]
 1.0000: (CHOOSE_GCDC25A_L2_L1) [D:1.0000; C:1.0000]
 1.0000: (INITIALIZE_SKP2) [D:1.0000; C:1.0000]
 2.0000: (CHOOSE_CDK1P1P2_L3_L2) [D:1.0000; C:1.0000]
 2.0000: (INITIALIZE_GCDC25A) [D:1.0000; C:1.0000]
 3.0000: (INITIALIZE_CDK1P1P2) [D:1.0000; C:1.0000]
 3.0000: (CHOOSE_CDK7_L4_L3) [D:1.0000; C:1.0000]
 4.0000: (CHOOSE_P53_L5_L4) [D:1.0000; C:1.0000]
 4.0000: (INITIALIZE_CDK7) [D:1.0000; C:1.0000]
 5.0000: (INITIALIZE_P53) [D:1.0000; C:1.0000]
 5.0000: (CHOOSE_CYCH_L6_L5) [D:1.0000; C:1.0000]
 6.0000: (SYNTHESIZE_P53_GADD45) [D:1.0000; C:1.0000]
 6.0000: (INITIALIZE_CYCH) [D:1.0000; C:1.0000]
 6.0000: (CHOOSE_RAF1_L7_L6) [D:1.0000; C:1.0000]
 6.0000: (SYNTHESIZE_P53_MDM2) [D:1.0000; C:1.0000]
 7.0000: (ASSOCIATE_CDK1P1P2_GADD45_CDK1P1P2-GADD45) [D:1.0000; C:1.0000]
 7.0000: (ASSOCIATE_CDK7_CYCH_CDK7-CYCH) [D:1.0000; C:1.0000]
 7.0000: (INITIALIZE_RAF1) [D:1.0000; C:1.0000]
 7.0000: (CHOOSE_MAX_L8_L7) [D:1.0000; C:1.0000]
 8.0000: (DUMMY-ACTION-32-1) [D:1.0000; C:1.0000]
 8.0000: (INITIALIZE_MAX) [D:1.0000; C:1.0000]
 8.0000: (CHOOSE_GE2_L9_L8) [D:1.0000; C:1.0000]
 8.0000: (INITIALIZE_CDK1P1P2) [D:1.0000; C:1.0000]
 9.0000: (INITIALIZE_GE2) [D:1.0000; C:1.0000]
 9.0000: (CHOOSE_E2F13P1-DP12_L10_L9) [D:1.0000; C:1.0000]
 10.0000: (INITIALIZE_E2F13P1-DP12) [D:1.0000; C:1.0000]
 10.0000: (CHOOSE_CDK2P1_L11_L10) [D:1.0000; C:1.0000]
 11.0000: (ASSOCIATE_E2F13P1-DP12_GE2_E2F13P1-DP12-GE2) [D:1.0000; C:1.0000]
 11.0000: (INITIALIZE_CDK2P1) [D:1.0000; C:1.0000]
 11.0000: (CHOOSE_SKP1_L12_L11) [D:1.0000; C:1.0000]
 12.0000: (INITIALIZE_E2F13P1-DP12) [D:1.0000; C:1.0000]
 12.0000: (INITIALIZE_E2F13P1-DP12) [D:1.0000; C:1.0000]
 12.0000: (SYNTHESIZE_E2F13P1-DP12-GE2_C-MYC) [D:1.0000; C:1.0000]
 12.0000: (ASSOCIATE-WITH-CATALYZE_CDK2P1_CDK7-CYCH_CDK2P1P2) [D:1.0000; C:1.0000]
 12.0000: (SYNTHESIZE_E2F13P1-DP12-GE2_CYCA) [D:1.0000; C:1.0000]
 12.0000: (INITIALIZE_SKP1) [D:1.0000; C:1.0000]
 12.0000: (INITIALIZE_E2F13P1-DP12) [D:1.0000; C:1.0000]
 12.0000: (INITIALIZE_GE2) [D:1.0000; C:1.0000]
 12.0000: (CHOOSE_DP12_L13_L12) [D:1.0000; C:1.0000]
 12.0000: (SYNTHESIZE_E2F13P1-DP12-GE2_CYCDP1) [D:1.0000; C:1.0000]
 13.0000: (ASSOCIATE_C-MYC_MAX_C-MYC-MAX) [D:1.0000; C:1.0000]
 13.0000: (INITIALIZE_CDK2P1) [D:1.0000; C:1.0000]
 13.0000: (ASSOCIATE_MDM2_E2F13P1-DP12_MDM2-E2F13P1-DP12) [D:1.0000; C:1.0000]
 13.0000: (INITIALIZE_DP12) [D:1.0000; C:1.0000]
 13.0000: (CHOOSE_E2F4_L14_L13) [D:1.0000; C:1.0000]
 14.0000: (ASSOCIATE_C-MYC-MAX_GCDC25A_C-MYC-MAX-GCDC25A) [D:1.0000; C:1.0000]
 14.0000: (ASSOCIATE_CDK2P1_CYCA_CDK2P1-CYCA) [D:1.0000; C:1.0000]
 14.0000: (DUMMY-ACTION-30-1) [D:1.0000; C:1.0000]
 14.0000: (SYNTHESIZE_P53_MDM2) [D:1.0000; C:1.0000]
 14.0000: (INITIALIZE_E2F4) [D:1.0000; C:1.0000]
 14.0000: (CHOOSE_P130_L15_L14) [D:1.0000; C:1.0000]
 15.0000: (SYNTHESIZE_C-MYC-MAX-GCDC25A_CDC25A) [D:1.0000; C:1.0000]
 15.0000: (INITIALIZE_P130) [D:1.0000; C:1.0000]
 15.0000: (CHOOSE_E2F13_L16_L15) [D:1.0000; C:1.0000]
 15.0000: (INITIALIZE_CDK2P1) [D:1.0000; C:1.0000]
 16.0000: (DUMMY-ACTION-28-1) [D:1.0000; C:1.0000]
 16.0000: (INITIALIZE_E2F13) [D:1.0000; C:1.0000]
 16.0000: (CHOOSE_P53P1_L17_L16) [D:1.0000; C:1.0000]
 17.0000: (ASSOCIATE-WITH-CATALYZE_CDC25A_RAF1_CDC25AP1) [D:1.0000; C:1.0000]
 17.0000: (INITIALIZE_P53P1) [D:1.0000; C:1.0000]
 17.0000: (CHOOSE_PLK1_L18_L17) [D:1.0000; C:1.0000]
 18.0000: (ASSOCIATE-WITH-CATALYZE_CDK2P1-CYCA_CDC25AP1_CDK2-CYCA) [D:1.0000; C:1.0000]
 18.0000: (DUMMY-ACTION-24-1) [D:1.0000; C:1.0000]
 18.0000: (SYNTHESIZE_P53P1_P21) [D:1.0000; C:1.0000]
 18.0000: (INITIALIZE_PLK1) [D:1.0000; C:1.0000]
 18.0000: (CHOOSE_CDC25C_L19_L18) [D:1.0000; C:1.0000]
 19.0000: (ASSOCIATE-WITH-CATALYZE_CDK2-CYCA_CDK7-CYCH_CDK2P2-CYCA) [D:1.0000; C:1.0000]
 19.0000: (INITIALIZE_CDC25C) [D:1.0000; C:1.0000]
 19.0000: (CHOOSE_CHK1_L20_L19) [D:1.0000; C:1.0000]
 20.0000: (ASSOCIATE-WITH-CATALYZE_SKP2_CDK2P2-CYCA_SKP2P1) [D:1.0000; C:1.0000]
 20.0000: (ASSOCIATE-WITH-CATALYZE_SKP1_CDK2P2-CYCA_SKP1P1) [D:1.0000; C:1.0000]
 20.0000: (ASSOCIATE-WITH-CATALYZE_DP12_CDK2P2-CYCA_DP12P1) [D:1.0000; C:1.0000]
 20.0000: (ASSOCIATE-WITH-CATALYZE_E2F13_CDK2P2-CYCA_E2F13P1) [D:1.0000; C:1.0000]
 20.0000: (ASSOCIATE-WITH-CATALYZE_CDC25C_PLK1_CDC25CP1) [D:1.0000; C:1.0000]
 20.0000: (INITIALIZE_CHK1) [D:1.0000; C:1.0000]
 20.0000: (CHOOSE_CYCB_L21_L20) [D:1.0000; C:1.0000]
 21.0000: (INITIALIZE_SKP1) [D:1.0000; C:1.0000]
 21.0000: (INITIALIZE_SKP1) [D:1.0000; C:1.0000]
 21.0000: (DUMMY-ACTION-33-1) [D:1.0000; C:1.0000]
 21.0000: (INITIALIZE_SKP2) [D:1.0000; C:1.0000]
 21.0000: (INITIALIZE_SKP2) [D:1.0000; C:1.0000]
 21.0000: (ASSOCIATE_P53_DP12P1_P53-DP12P1) [D:1.0000; C:1.0000]
 21.0000: (INITIALIZE_DP12) [D:1.0000; C:1.0000]
 21.0000: (INITIALIZE_E2F13) [D:1.0000; C:1.0000]
 21.0000: (ASSOCIATE-WITH-CATALYZE_CDK1P1P2_CDC25CP1_CDK1P2) [D:1.0000; C:1.0000]
 21.0000: (INITIALIZE_CYCB) [D:1.0000; C:1.0000]
 21.0000: (CHOOSE_WEE1_L22_L21) [D:1.0000; C:1.0000]
 22.0000: (ASSOCIATE_SKP2P1_SKP1_SKP2P1-SKP1) [D:1.0000; C:1.0000]
 22.0000: (ASSOCIATE_SKP2_SKP1P1_SKP2-SKP1P1) [D:1.0000; C:1.0000]
 22.0000: (DUMMY-ACTION-20-1) [D:1.0000; C:1.0000]
 22.0000: (ASSOCIATE-WITH-CATALYZE_DP12_CDK2P2-CYCA_DP12P1) [D:1.0000; C:1.0000]
 22.0000: (INITIALIZE_CDK1P1P2) [D:1.0000; C:1.0000]
 22.0000: (INITIALIZE_WEE1) [D:1.0000; C:1.0000]
 22.0000: (CHOOSE_CDK46P1_L23_L22) [D:1.0000; C:1.0000]
 22.0000: (DUMMY-ACTION-15-2) [D:1.0000; C:1.0000]
 23.0000: (DUMMY-ACTION-31-2) [D:1.0000; C:1.0000]
 23.0000: (INITIALIZE_SKP2) [D:1.0000; C:1.0000]
 23.0000: (INITIALIZE_SKP1) [D:1.0000; C:1.0000]
 23.0000: (INITIALIZE_DP12) [D:1.0000; C:1.0000]
 23.0000: (ASSOCIATE_P53P1_DP12P1_P53P1-DP12P1) [D:1.0000; C:1.0000]
 23.0000: (ASSOCIATE-WITH-CATALYZE_CDK1P1P2_CDC25CP1_CDK1P1) [D:1.0000; C:1.0000]
 23.0000: (INITIALIZE_CDK46P1) [D:1.0000; C:1.0000]
 23.0000: (CHOOSE_P57_L24_L23) [D:1.0000; C:1.0000]
 24.0000: (ASSOCIATE-WITH-CATALYZE_SKP2_CDK2P2-CYCA_SKP2P1) [D:1.0000; C:1.0000]
 24.0000: (ASSOCIATE-WITH-CATALYZE_SKP1_CDK2P2-CYCA_SKP1P1) [D:1.0000; C:1.0000]
 24.0000: (ASSOCIATE_E2F4_DP12_E2F4-DP12) [D:1.0000; C:1.0000]
 24.0000: (DUMMY-ACTION-23-2) [D:1.0000; C:1.0000]
 24.0000: (ASSOCIATE-WITH-CATALYZE_CDK1P1_CDK7-CYCH_CDK1P1P3) [D:1.0000; C:1.0000]
 24.0000: (ASSOCIATE-WITH-CATALYZE_CDC25CP1_CHK1_CDC25CP1P2) [D:1.0000; C:1.0000]
 24.0000: (INITIALIZE_CDK1P1P2) [D:1.0000; C:1.0000]
 24.0000: (ASSOCIATE-WITH-CATALYZE_CDK46P1_CDK7-CYCH_CDK46P1P2) [D:1.0000; C:1.0000]
 24.0000: (INITIALIZE_P57) [D:1.0000; C:1.0000]
 24.0000: (CHOOSE_E2F13P1-DP12P1_L25_L24) [D:1.0000; C:1.0000]
 25.0000: (ASSOCIATE_SKP2P1_SKP1P1_SKP2P1-SKP1P1) [D:1.0000; C:1.0000]
 25.0000: (ASSOCIATE_P130_E2F4-DP12_P130-E2F4-DP12) [D:1.0000; C:1.0000]
 25.0000: (ASSOCIATE_CDK2P2-CYCA_E2F13P1_CDK2P2-CYCA-E2F13P1) [D:1.0000; C:1.0000]
 25.0000: (ASSOCIATE-WITH-CATALYZE_CDK1P1P2_CDC25CP1P2_CDK1P1) [D:1.0000; C:1.0000]
 25.0000: (INITIALIZE_CDK46P1) [D:1.0000; C:1.0000]
 25.0000: (INITIALIZE_E2F13P1-DP12P1) [D:1.0000; C:1.0000]
 25.0000: (ASSOCIATE-WITH-CATALYZE_CDK46P1P2_CDC25AP1_CDK46P2) [D:1.0000; C:1.0000]
 25.0000: (CHOOSE_P57P1_L26_L25) [D:1.0000; C:1.0000]
 26.0000: (DUMMY-ACTION-29-2) [D:1.0000; C:1.0000]
 26.0000: (ASSOCIATE_RAF1_P130-E2F4-DP12_RAF1-P130-E2F4-DP12) [D:1.0000; C:1.0000]
 26.0000: (DUMMY-ACTION-26-2) [D:1.0000; C:1.0000]
 26.0000: (ASSOCIATE-WITH-CATALYZE_CDK46P1_CDC25AP1_CDK46) [D:1.0000; C:1.0000]
 26.0000: (ASSOCIATE_MDM2_E2F13P1-DP12P1_MDM2-E2F13P1-DP12P1) [D:1.0000; C:1.0000]
 26.0000: (DUMMY-ACTION-11-1) [D:1.0000; C:1.0000]
 26.0000: (INITIALIZE_P57P1) [D:1.0000; C:1.0000]
 26.0000: (CHOOSE_P16_L27_L26) [D:1.0000; C:1.0000]
 27.0000: (ASSOCIATE_RAF1-P130-E2F4-DP12_GE2_RAF1-P130-E2F4-DP12-GE2) [D:1.0000; C:1.0000]
 27.0000: (DUMMY-ACTION-16-1) [D:1.0000; C:1.0000]
 27.0000: (INITIALIZE_CDK46P1) [D:1.0000; C:1.0000]
 27.0000: (DUMMY-ACTION-13-2) [D:1.0000; C:1.0000]
 27.0000: (INITIALIZE_P16) [D:1.0000; C:1.0000]
 27.0000: (INITIALIZE_RAF1) [D:1.0000; C:1.0000]
 28.0000: (DUMMY-ACTION-27-1) [D:1.0000; C:1.0000]
 28.0000: (SYNTHESIZE_RAF1-P130-E2F4-DP12-GE2_CYCD) [D:1.0000; C:1.0000]
 28.0000: (SYNTHESIZE_RAF1-P130-E2F4-DP12-GE2_CYCA) [D:1.0000; C:1.0000]
 28.0000: (ASSOCIATE_CDK46_CYCDP1_CDK46-CYCDP1) [D:1.0000; C:1.0000]
 28.0000: (ASSOCIATE_P16_CDK46P2_P16-CDK46P2) [D:1.0000; C:1.0000]
 29.0000: (DUMMY-ACTION-25-2) [D:1.0000; C:1.0000]
 29.0000: (ASSOCIATE_CDK2P1P2_CYCA_CDK2P1P2-CYCA) [D:1.0000; C:1.0000]
 29.0000: (ASSOCIATE-WITH-CATALYZE_CDK46P1_CDC25AP1_CDK46) [D:1.0000; C:1.0000]
 29.0000: (ASSOCIATE-WITH-CATALYZE_CDK46-CYCDP1_CDK7-CYCH_CDK46P2-CYCDP1) [D:1.0000; C:1.0000]
 29.0000: (SYNTHESIZE_RAF1-P130-E2F4-DP12-GE2_CYCDP1) [D:1.0000; C:1.0000]
 29.0000: (DUMMY-ACTION-3-1) [D:1.0000; C:1.0000]
 30.0000: (ASSOCIATE-WITH-CATALYZE_CDK2P1P2-CYCA_CDC25AP1_CDK2P2-CYCA) [D:1.0000; C:1.0000]
 30.0000: (ASSOCIATE-WITH-CATALYZE_CDK2P1_CDK7-CYCH_CDK2P1P2) [D:1.0000; C:1.0000]
 30.0000: (SYNTHESIZE_E2F13P1-DP12-GE2_CYCA) [D:1.0000; C:1.0000]
 30.0000: (ASSOCIATE_CDK46_CYCD_CDK46-CYCD) [D:1.0000; C:1.0000]
 30.0000: (INITIALIZE_CDK46P1) [D:1.0000; C:1.0000]
 30.0000: (DUMMY-ACTION-8-1) [D:1.0000; C:1.0000]
 31.0000: (ASSOCIATE-WITH-CATALYZE_E2F13_CDK2P2-CYCA_E2F13P1) [D:1.0000; C:1.0000]
 31.0000: (ASSOCIATE_CDK2P1P2_CYCA_CDK2P1P2-CYCA) [D:1.0000; C:1.0000]
 31.0000: (INITIALIZE_CDK2P1) [D:1.0000; C:1.0000]
 31.0000: (ASSOCIATE-WITH-CATALYZE_CDK46P1_CDC25AP1_CDK46) [D:1.0000; C:1.0000]
 31.0000: (ASSOCIATE-WITH-CATALYZE_CDK46-CYCD_CDK7-CYCH_CDK46P2-CYCD) [D:1.0000; C:1.0000]
 31.0000: (SYNTHESIZE_E2F13P1-DP12-GE2_CYCD) [D:1.0000; C:1.0000]
 32.0000: (INITIALIZE_E2F13) [D:1.0000; C:1.0000]
 32.0000: (ASSOCIATE-WITH-CATALYZE_CDK2P1_CDK7-CYCH_CDK2P1P2) [D:1.0000; C:1.0000]
 32.0000: (SYNTHESIZE_E2F13P1-DP12-GE2_CYCA) [D:1.0000; C:1.0000]
 32.0000: (INITIALIZE_CDK46P1) [D:1.0000; C:1.0000]
 32.0000: (DUMMY-ACTION-9-2) [D:1.0000; C:1.0000]
 33.0000: (ASSOCIATE-WITH-CATALYZE_E2F13_CDK2P2-CYCA_E2F13P1) [D:1.0000; C:1.0000]
 33.0000: (ASSOCIATE-WITH-CATALYZE_CDK46P1_CDC25AP1_CDK46) [D:1.0000; C:1.0000]
 34.0000: (INITIALIZE_E2F13) [D:1.0000; C:1.0000]
 34.0000: (ASSOCIATE_CDK46_CYCDP1_CDK46-CYCDP1) [D:1.0000; C:1.0000]
 34.0000: (INITIALIZE_CDK46P1) [D:1.0000; C:1.0000]
 35.0000: (ASSOCIATE-WITH-CATALYZE_E2F13_CDK2P2-CYCA_E2F13P1) [D:1.0000; C:1.0000]
 35.0000: (DUMMY-ACTION-7-2) [D:1.0000; C:1.0000]
 35.0000: (ASSOCIATE-WITH-CATALYZE_CDK46P1_CDC25AP1_CDK46) [D:1.0000; C:1.0000]
 35.0000: (SYNTHESIZE_RAF1-P130-E2F4-DP12-GE2_CYCDP1) [D:1.0000; C:1.0000]
 36.0000: (ASSOCIATE_CDK2P1P2-CYCA_E2F13P1_CDK2P1P2-CYCA-E2F13P1) [D:1.0000; C:1.0000]
 36.0000: (ASSOCIATE_P57_CDK46-CYCDP1_P57-CDK46-CYCDP1) [D:1.0000; C:1.0000]
 36.0000: (ASSOCIATE_CDK46_CYCD_CDK46-CYCD) [D:1.0000; C:1.0000]
 36.0000: (INITIALIZE_CDK46P1) [D:1.0000; C:1.0000]
 37.0000: (ASSOCIATE_CDK2P1P2_CYCA_CDK2P1P2-CYCA) [D:1.0000; C:1.0000]
 37.0000: (DUMMY-ACTION-21-2) [D:1.0000; C:1.0000]
 37.0000: (DUMMY-ACTION-14-2) [D:1.0000; C:1.0000]
 37.0000: (INITIALIZE_P57) [D:1.0000; C:1.0000]
 37.0000: (DUMMY-ACTION-4-2) [D:1.0000; C:1.0000]
 37.0000: (ASSOCIATE-WITH-CATALYZE_CDK46P1_CDC25AP1_CDK46) [D:1.0000; C:1.0000]
 38.0000: (ASSOCIATE_SKP2-SKP1P1_CDK2P1P2-CYCA_SKP2-SKP1P1-CDK2P1P2-CYCA) [D:1.0000; C:1.0000]
 38.0000: (SYNTHESIZE_E2F13P1-DP12-GE2_CYCA) [D:1.0000; C:1.0000]
 38.0000: (ASSOCIATE_P57_CDK46P2-CYCD_P57-CDK46P2-CYCD) [D:1.0000; C:1.0000]
 38.0000: (ASSOCIATE_CDK46_CYCDP1_CDK46-CYCDP1) [D:1.0000; C:1.0000]
 38.0000: (INITIALIZE_CDK46P1) [D:1.0000; C:1.0000]
 39.0000: (ASSOCIATE_CDK1P1P3_CYCA_CDK1P1P3-CYCA) [D:1.0000; C:1.0000]
 39.0000: (DUMMY-ACTION-18-2) [D:1.0000; C:1.0000]
 39.0000: (INITIALIZE_P57) [D:1.0000; C:1.0000]
 39.0000: (DUMMY-ACTION-12-2) [D:1.0000; C:1.0000]
 39.0000: (ASSOCIATE-WITH-CATALYZE_CDK46-CYCD_CDK7-CYCH_CDK46P2-CYCD) [D:1.0000; C:1.0000]
 39.0000: (ASSOCIATE-WITH-CATALYZE_CDK46P1_CDC25AP1_CDK46) [D:1.0000; C:1.0000]
 39.0000: (SYNTHESIZE_RAF1-P130-E2F4-DP12-GE2_CYCDP1) [D:1.0000; C:1.0000]
 40.0000: (ASSOCIATE-WITH-CATALYZE_CDK1P1P3-CYCA_CDC25CP1P2_CDK1P3-CYCA) [D:1.0000; C:1.0000]
 40.0000: (ASSOCIATE-WITH-CATALYZE_CDK1P1_CDK7-CYCH_CDK1P1P3) [D:1.0000; C:1.0000]
 40.0000: (ASSOCIATE_P57_CDK46P2-CYCDP1_P57-CDK46P2-CYCDP1) [D:1.0000; C:1.0000]
 40.0000: (ASSOCIATE_P57P1_CDK46P2-CYCD_P57P1-CDK46P2-CYCD) [D:1.0000; C:1.0000]
 40.0000: (ASSOCIATE_RAF1_CDC25AP1_RAF1-CDC25AP1) [D:1.0000; C:1.0000]
 41.0000: (DUMMY-ACTION-22-1) [D:1.0000; C:1.0000]
 41.0000: (ASSOCIATE_CDK1P1P3_CYCB_CDK1P1P3-CYCB) [D:1.0000; C:1.0000]
 41.0000: (DUMMY-ACTION-10-2) [D:1.0000; C:1.0000]
 41.0000: (DUMMY-ACTION-6-1) [D:1.0000; C:1.0000]
 41.0000: (INITIALIZE_P57P1) [D:1.0000; C:1.0000]
 41.0000: (DUMMY-ACTION-1-2) [D:1.0000; C:1.0000]
 42.0000: (ASSOCIATE-WITH-CATALYZE_CDK1P1P3-CYCB_CDC25CP1P2_CDK1P3-CYCB) [D:1.0000; C:1.0000]
 42.0000: (ASSOCIATE_P57P1_CDK46-CYCDP1_P57P1-CDK46-CYCDP1) [D:1.0000; C:1.0000]
 43.0000: (DUMMY-ACTION-19-1) [D:1.0000; C:1.0000]
 43.0000: (ASSOCIATE-WITH-CATALYZE_WEE1_CDK1P3-CYCB_WEE1P1) [D:1.0000; C:1.0000]
 43.0000: (DUMMY-ACTION-5-1) [D:1.0000; C:1.0000]
 43.0000: (ASSOCIATE_CDK46_CYCDP1_CDK46-CYCDP1) [D:1.0000; C:1.0000]
 44.0000: (DUMMY-ACTION-17-2) [D:1.0000; C:1.0000]
 44.0000: (ASSOCIATE_P21_CDK46-CYCDP1_P21-CDK46-CYCDP1) [D:1.0000; C:1.0000]
 45.0000: (DUMMY-ACTION-2-2) [D:1.0000; C:1.0000]


Solution found:
Total time:      0.72
Search time:     0.28
Actions:         214
Execution cost:  214.00
Duration:        46.000
Plan quality:    214.000


Parsing domain file:  domain 'GROUNDED-PATHWAYS-PROPOSITIONAL' defined ... done.
Parsing problem file:  problem 'GROUNDED-PATHWAYS-26' defined ... done.



Modality: Fast Planner

Number of actions             :    2603
Number of conditional actions :       0
Number of facts               :     564


Analyzing Planning Problem:
	Temporal Planning Problem: NO
	Numeric Planning Problem: NO
	Problem with Timed Initial Litearals: NO
	Problem with Derived Predicates: NO

Evaluation function weights:
     Action duration 0.00; Action cost 1.00


Computing mutex... done

Preprocessing total time: 0.33 seconds

Searching ('.' = every 50 search steps):
........... search limit exceeded. Restart.
............. search limit exceeded. Restart.
............... search limit exceeded. Restart.
.................. search limit exceeded. Restart.
..................... search limit exceeded. Restart.
........................ search limit exceeded. Restart.
............................ search limit exceeded. Restart.
................................. search limit exceeded. Restart.
...................................... search limit exceeded.

Searching ('.' = every 50 search steps):
........... search limit exceeded. Restart.
............. search limit exceeded. Restart.
............... search limit exceeded. Restart.
.................. search limit exceeded. Restart.
..................... search limit exceeded. Restart.
..................... solution found: 

Plan computed:
   Time: (ACTION) [action Duration; action Cost]
 0.0000: (CHOOSE_CDK1P1P2_L1_L0) [D:1.0000; C:1.0000]
 1.0000: (CHOOSE_GE2_L2_L1) [D:1.0000; C:1.0000]
 1.0000: (INITIALIZE_CDK1P1P2) [D:1.0000; C:1.0000]
 2.0000: (CHOOSE_SP1_L3_L2) [D:1.0000; C:1.0000]
 2.0000: (INITIALIZE_GE2) [D:1.0000; C:1.0000]
 3.0000: (CHOOSE_RAF1_L4_L3) [D:1.0000; C:1.0000]
 3.0000: (INITIALIZE_SP1) [D:1.0000; C:1.0000]
 4.0000: (CHOOSE_E2F5-DP12P1_L5_L4) [D:1.0000; C:1.0000]
 4.0000: (INITIALIZE_RAF1) [D:1.0000; C:1.0000]
 5.0000: (CHOOSE_P68_L6_L5) [D:1.0000; C:1.0000]
 6.0000: (CHOOSE_E2F13_L7_L6) [D:1.0000; C:1.0000]
 6.0000: (INITIALIZE_P68) [D:1.0000; C:1.0000]
 7.0000: (CHOOSE_E2F13-DP12_L8_L7) [D:1.0000; C:1.0000]
 7.0000: (INITIALIZE_E2F13) [D:1.0000; C:1.0000]
 8.0000: (CHOOSE_PLK1_L9_L8) [D:1.0000; C:1.0000]
 8.0000: (INITIALIZE_E2F13-DP12) [D:1.0000; C:1.0000]
 9.0000: (CHOOSE_GCDC25A_L10_L9) [D:1.0000; C:1.0000]
 9.0000: (INITIALIZE_PLK1) [D:1.0000; C:1.0000]
 9.0000: (ASSOCIATE_E2F13-DP12_GE2_E2F13-DP12-GE2) [D:1.0000; C:1.0000]
 10.0000: (CHOOSE_CDC25C_L11_L10) [D:1.0000; C:1.0000]
 10.0000: (SYNTHESIZE_E2F13-DP12-GE2_CYCA) [D:1.0000; C:1.0000]
 10.0000: (SYNTHESIZE_E2F13-DP12-GE2_CYCEP1) [D:1.0000; C:1.0000]
 10.0000: (INITIALIZE_GCDC25A) [D:1.0000; C:1.0000]
 10.0000: (SYNTHESIZE_E2F13-DP12-GE2_C-MYC) [D:1.0000; C:1.0000]
 10.0000: (SYNTHESIZE_E2F13-DP12-GE2_P107) [D:1.0000; C:1.0000]
 10.0000: (SYNTHESIZE_E2F13-DP12-GE2_CYCDP1) [D:1.0000; C:1.0000]
 11.0000: (INITIALIZE_CDC25C) [D:1.0000; C:1.0000]
 11.0000: (CHOOSE_CDK7_L12_L11) [D:1.0000; C:1.0000]
 11.0000: (DUMMY-ACTION-29-2) [D:1.0000; C:1.0000]
 12.0000: (ASSOCIATE-WITH-CATALYZE_CDC25C_PLK1_CDC25CP1) [D:1.0000; C:1.0000]
 12.0000: (CHOOSE_CYCH_L13_L12) [D:1.0000; C:1.0000]
 12.0000: (INITIALIZE_CDK7) [D:1.0000; C:1.0000]
 13.0000: (ASSOCIATE-WITH-CATALYZE_CDK1P1P2_CDC25CP1_CDK1P1) [D:1.0000; C:1.0000]
 13.0000: (INITIALIZE_CYCH) [D:1.0000; C:1.0000]
 13.0000: (CHOOSE_MAX_L14_L13) [D:1.0000; C:1.0000]
 14.0000: (ASSOCIATE-WITH-CATALYZE_CDK1P1_CDC25CP1_CDK1) [D:1.0000; C:1.0000]
 14.0000: (ASSOCIATE_CDK7_CYCH_CDK7-CYCH) [D:1.0000; C:1.0000]
 14.0000: (CHOOSE_CDK2_L15_L14) [D:1.0000; C:1.0000]
 14.0000: (INITIALIZE_MAX) [D:1.0000; C:1.0000]
 14.0000: (INITIALIZE_CDK1P1P2) [D:1.0000; C:1.0000]
 15.0000: (DUMMY-ACTION-32-2) [D:1.0000; C:1.0000]
 15.0000: (INITIALIZE_CDK2) [D:1.0000; C:1.0000]
 15.0000: (CHOOSE_CDK2P1_L16_L15) [D:1.0000; C:1.0000]
 15.0000: (ASSOCIATE_C-MYC_MAX_C-MYC-MAX) [D:1.0000; C:1.0000]
 15.0000: (ASSOCIATE-WITH-CATALYZE_CDK1P1P2_CDK7-CYCH_CDK1P1P2P3) [D:1.0000; C:1.0000]
 16.0000: (ASSOCIATE-WITH-CATALYZE_CDK2_CDK7-CYCH_CDK2P2) [D:1.0000; C:1.0000]
 16.0000: (CHOOSE_P27_L17_L16) [D:1.0000; C:1.0000]
 16.0000: (ASSOCIATE_C-MYC-MAX_GCDC25A_C-MYC-MAX-GCDC25A) [D:1.0000; C:1.0000]
 16.0000: (INITIALIZE_CDK2P1) [D:1.0000; C:1.0000]
 16.0000: (ASSOCIATE-WITH-CATALYZE_CDK1_CDK7-CYCH_CDK1P3) [D:1.0000; C:1.0000]
 17.0000: (ASSOCIATE_CDK2P2_CYCA_CDK2P2-CYCA) [D:1.0000; C:1.0000]
 17.0000: (INITIALIZE_CDK2) [D:1.0000; C:1.0000]
 17.0000: (INITIALIZE_P27) [D:1.0000; C:1.0000]
 17.0000: (SYNTHESIZE_C-MYC-MAX-GCDC25A_CDC25A) [D:1.0000; C:1.0000]
 17.0000: (CHOOSE_SKP1_L18_L17) [D:1.0000; C:1.0000]
 18.0000: (ASSOCIATE_CDK2P2-CYCA_E2F13_CDK2P2-CYCA-E2F13) [D:1.0000; C:1.0000]
 18.0000: (ASSOCIATE-WITH-CATALYZE_CDK2_CDK7-CYCH_CDK2P2) [D:1.0000; C:1.0000]
 18.0000: (SYNTHESIZE_E2F13-DP12-GE2_CYCA) [D:1.0000; C:1.0000]
 18.0000: (DUMMY-ACTION-34-1) [D:1.0000; C:1.0000]
 18.0000: (CHOOSE_C-ABL_L19_L18) [D:1.0000; C:1.0000]
 18.0000: (INITIALIZE_SKP1) [D:1.0000; C:1.0000]
 19.0000: (INITIALIZE_E2F13) [D:1.0000; C:1.0000]
 19.0000: (INITIALIZE_CDK2) [D:1.0000; C:1.0000]
 19.0000: (ASSOCIATE_CDK2P2_CYCEP1_CDK2P2-CYCEP1) [D:1.0000; C:1.0000]
 19.0000: (INITIALIZE_C-ABL) [D:1.0000; C:1.0000]
 19.0000: (CHOOSE_CDK46P3-CYCD_L20_L19) [D:1.0000; C:1.0000]
 19.0000: (DUMMY-ACTION-26-1) [D:1.0000; C:1.0000]
 19.0000: (ASSOCIATE-WITH-CATALYZE_CDC25A_RAF1_CDC25AP1) [D:1.0000; C:1.0000]
 20.0000: (ASSOCIATE-WITH-CATALYZE_CDK2_CDK7-CYCH_CDK2P2) [D:1.0000; C:1.0000]
 20.0000: (ASSOCIATE_P27_CDK2P2-CYCEP1_P27-CDK2P2-CYCEP1) [D:1.0000; C:1.0000]
 20.0000: (SYNTHESIZE_E2F13-DP12-GE2_CYCEP1) [D:1.0000; C:1.0000]
 20.0000: (INITIALIZE_CDK46P3-CYCD) [D:1.0000; C:1.0000]
 20.0000: (CHOOSE_PRBP2_L21_L20) [D:1.0000; C:1.0000]
 20.0000: (DUMMY-ACTION-19-2) [D:1.0000; C:1.0000]
 20.0000: (SYNTHESIZE_C-MYC-MAX-GCDC25A_CDC25A) [D:1.0000; C:1.0000]
 21.0000: (INITIALIZE_CDK2) [D:1.0000; C:1.0000]
 21.0000: (INITIALIZE_P27) [D:1.0000; C:1.0000]
 21.0000: (DUMMY-ACTION-27-2) [D:1.0000; C:1.0000]
 21.0000: (INITIALIZE_PRBP2) [D:1.0000; C:1.0000]
 21.0000: (CHOOSE_SKP2_L22_L21) [D:1.0000; C:1.0000]
 21.0000: (ASSOCIATE_RAF1_CDC25AP1_RAF1-CDC25AP1) [D:1.0000; C:1.0000]
 22.0000: (ASSOCIATE_CDK2_CYCA_CDK2-CYCA) [D:1.0000; C:1.0000]
 22.0000: (ASSOCIATE-WITH-CATALYZE_PRBP2_CDK46P3-CYCD_PRBP1P2) [D:1.0000; C:1.0000]
 22.0000: (INITIALIZE_SKP2) [D:1.0000; C:1.0000]
 22.0000: (CHOOSE_CYCB_L23_L22) [D:1.0000; C:1.0000]
 22.0000: (INITIALIZE_RAF1) [D:1.0000; C:1.0000]
 22.0000: (DUMMY-ACTION-6-2) [D:1.0000; C:1.0000]
 23.0000: (ASSOCIATE-WITH-CATALYZE_CDK2-CYCA_CDK7-CYCH_CDK2P2-CYCA) [D:1.0000; C:1.0000]
 23.0000: (INITIALIZE_CDK2) [D:1.0000; C:1.0000]
 23.0000: (SYNTHESIZE_E2F13-DP12-GE2_CYCA) [D:1.0000; C:1.0000]
 23.0000: (ASSOCIATE_C-ABL_PRBP1P2_C-ABL-PRBP1P2) [D:1.0000; C:1.0000]
 23.0000: (INITIALIZE_CYCB) [D:1.0000; C:1.0000]
 23.0000: (CHOOSE_SL1_L24_L23) [D:1.0000; C:1.0000]
 23.0000: (ASSOCIATE-WITH-CATALYZE_CDC25A_RAF1_CDC25AP1) [D:1.0000; C:1.0000]
 24.0000: (ASSOCIATE-WITH-CATALYZE_E2F13_CDK2P2-CYCA_E2F13P1) [D:1.0000; C:1.0000]
 24.0000: (ASSOCIATE-WITH-CATALYZE_CDK2_CDK7-CYCH_CDK2P2) [D:1.0000; C:1.0000]
 24.0000: (DUMMY-ACTION-30-1) [D:1.0000; C:1.0000]
 24.0000: (ASSOCIATE-WITH-CATALYZE_SKP2_CDK2P2-CYCA_SKP2P1) [D:1.0000; C:1.0000]
 24.0000: (ASSOCIATE-WITH-CATALYZE_SKP1_CDK2P2-CYCA_SKP1P1) [D:1.0000; C:1.0000]
 24.0000: (ASSOCIATE_CDK1P3_CYCB_CDK1P3-CYCB) [D:1.0000; C:1.0000]
 24.0000: (INITIALIZE_SL1) [D:1.0000; C:1.0000]
 24.0000: (SYNTHESIZE_C-MYC-MAX-GCDC25A_CDC25A) [D:1.0000; C:1.0000]
 24.0000: (CHOOSE_CDK46P1_L25_L24) [D:1.0000; C:1.0000]
 25.0000: (ASSOCIATE_CDK2P2_CYCEP1_CDK2P2-CYCEP1) [D:1.0000; C:1.0000]
 25.0000: (INITIALIZE_CDK2) [D:1.0000; C:1.0000]
 25.0000: (INITIALIZE_SKP2) [D:1.0000; C:1.0000]
 25.0000: (ASSOCIATE_SKP2P1_SKP1P1_SKP2P1-SKP1P1) [D:1.0000; C:1.0000]
 25.0000: (DUMMY-ACTION-23-1) [D:1.0000; C:1.0000]
 25.0000: (INITIALIZE_E2F13) [D:1.0000; C:1.0000]
 25.0000: (ASSOCIATE-WITH-CATALYZE_SL1_CDK1P3-CYCB_SL1P1) [D:1.0000; C:1.0000]
 25.0000: (ASSOCIATE_RAF1_CDC25A_RAF1-CDC25A) [D:1.0000; C:1.0000]
 25.0000: (INITIALIZE_SKP1) [D:1.0000; C:1.0000]
 25.0000: (INITIALIZE_CDK46P1) [D:1.0000; C:1.0000]
 25.0000: (CHOOSE_P57P1_L26_L25) [D:1.0000; C:1.0000]
 26.0000: (ASSOCIATE-WITH-CATALYZE_CDK2_CDK7-CYCH_CDK2P2) [D:1.0000; C:1.0000]
 26.0000: (ASSOCIATE-WITH-CATALYZE_P27_CDK2P2-CYCEP1_P27P1) [D:1.0000; C:1.0000]
 26.0000: (SYNTHESIZE_E2F13-DP12-GE2_CYCEP1) [D:1.0000; C:1.0000]
 26.0000: (DUMMY-ACTION-24-2) [D:1.0000; C:1.0000]
 26.0000: (DUMMY-ACTION-18-1) [D:1.0000; C:1.0000]
 26.0000: (DUMMY-ACTION-17-2) [D:1.0000; C:1.0000]
 26.0000: (ASSOCIATE-WITH-CATALYZE_SKP1_CDK2P2-CYCA_SKP1P1) [D:1.0000; C:1.0000]
 26.0000: (ASSOCIATE-WITH-CATALYZE_CDK46P1_CDC25AP1_CDK46) [D:1.0000; C:1.0000]
 26.0000: (INITIALIZE_P57P1) [D:1.0000; C:1.0000]
 26.0000: (CHOOSE_GP_L27_L26) [D:1.0000; C:1.0000]
 27.0000: (INITIALIZE_CDK2) [D:1.0000; C:1.0000]
 27.0000: (INITIALIZE_P27) [D:1.0000; C:1.0000]
 27.0000: (INITIALIZE_SKP1) [D:1.0000; C:1.0000]
 27.0000: (ASSOCIATE_CDK46_CYCDP1_CDK46-CYCDP1) [D:1.0000; C:1.0000]
 27.0000: (INITIALIZE_CDK46P1) [D:1.0000; C:1.0000]
 27.0000: (INITIALIZE_GP) [D:1.0000; C:1.0000]
 27.0000: (CHOOSE_P16_L28_L27) [D:1.0000; C:1.0000]
 28.0000: (ASSOCIATE_CDK2_CYCA_CDK2-CYCA) [D:1.0000; C:1.0000]
 28.0000: (ASSOCIATE-WITH-CATALYZE_CDK46-CYCDP1_CDK7-CYCH_CDK46P2-CYCDP1) [D:1.0000; C:1.0000]
 28.0000: (ASSOCIATE-WITH-CATALYZE_CDK46P1_CDC25AP1_CDK46) [D:1.0000; C:1.0000]
 28.0000: (SYNTHESIZE_E2F13-DP12-GE2_CYCDP1) [D:1.0000; C:1.0000]
 28.0000: (INITIALIZE_P16) [D:1.0000; C:1.0000]
 29.0000: (ASSOCIATE_P27P1_CDK2-CYCA_P27P1-CDK2-CYCA) [D:1.0000; C:1.0000]
 29.0000: (SYNTHESIZE_E2F13-DP12-GE2_CYCA) [D:1.0000; C:1.0000]
 29.0000: (INITIALIZE_CDK46P1) [D:1.0000; C:1.0000]
 29.0000: (ASSOCIATE-WITH-CATALYZE_CDK46_CDK7-CYCH_CDK46P2) [D:1.0000; C:1.0000]
 29.0000: (DUMMY-ACTION-12-1) [D:1.0000; C:1.0000]
 30.0000: (ASSOCIATE-WITH-CATALYZE_P27_CDK2P2-CYCEP1_P27P1) [D:1.0000; C:1.0000]
 30.0000: (DUMMY-ACTION-28-2) [D:1.0000; C:1.0000]
 30.0000: (ASSOCIATE_CDK2P1_CYCA_CDK2P1-CYCA) [D:1.0000; C:1.0000]
 30.0000: (ASSOCIATE-WITH-CATALYZE_CDK46P1_CDK7-CYCH_CDK46P1P2) [D:1.0000; C:1.0000]
 30.0000: (DUMMY-ACTION-9-1) [D:1.0000; C:1.0000]
 31.0000: (INITIALIZE_P27) [D:1.0000; C:1.0000]
 31.0000: (ASSOCIATE_CDK2P2_CYCEP1_CDK2P2-CYCEP1) [D:1.0000; C:1.0000]
 31.0000: (ASSOCIATE-WITH-CATALYZE_CDK2P1-CYCA_CDK7-CYCH_CDK2P1P2-CYCA) [D:1.0000; C:1.0000]
 31.0000: (INITIALIZE_CDK2P1) [D:1.0000; C:1.0000]
 31.0000: (SYNTHESIZE_E2F13-DP12-GE2_CYCA) [D:1.0000; C:1.0000]
 31.0000: (INITIALIZE_CDK46P1) [D:1.0000; C:1.0000]
 32.0000: (ASSOCIATE-WITH-CATALYZE_P68_CDK2P2-CYCEP1_P68P1) [D:1.0000; C:1.0000]
 32.0000: (ASSOCIATE_CDK2P1_CYCA_CDK2P1-CYCA) [D:1.0000; C:1.0000]
 32.0000: (ASSOCIATE_P27P1_CDK2P1P2-CYCA_P27P1-CDK2P1P2-CYCA) [D:1.0000; C:1.0000]
 32.0000: (ASSOCIATE-WITH-CATALYZE_CDK46P1_CDC25AP1_CDK46) [D:1.0000; C:1.0000]
 33.0000: (ASSOCIATE_CDK2P1-CYCA_E2F13P1_CDK2P1-CYCA-E2F13P1) [D:1.0000; C:1.0000]
 33.0000: (DUMMY-ACTION-33-1) [D:1.0000; C:1.0000]
 33.0000: (INITIALIZE_CDK2P1) [D:1.0000; C:1.0000]
 33.0000: (SYNTHESIZE_E2F13-DP12-GE2_CYCA) [D:1.0000; C:1.0000]
 33.0000: (ASSOCIATE-WITH-CATALYZE_P68P1_CDK2P2-CYCA_P68P1P2) [D:1.0000; C:1.0000]
 33.0000: (ASSOCIATE-WITH-CATALYZE_P27_CDK2P2-CYCEP1_P27P1) [D:1.0000; C:1.0000]
 33.0000: (DUMMY-ACTION-10-2) [D:1.0000; C:1.0000]
 33.0000: (INITIALIZE_CDK46P1) [D:1.0000; C:1.0000]
 34.0000: (DUMMY-ACTION-31-1) [D:1.0000; C:1.0000]
 34.0000: (ASSOCIATE-WITH-CATALYZE_CDK2P1_CDK7-CYCH_CDK2P1P2) [D:1.0000; C:1.0000]
 34.0000: (ASSOCIATE-WITH-CATALYZE_E2F13_CDK2P2-CYCA_E2F13P1) [D:1.0000; C:1.0000]
 34.0000: (DUMMY-ACTION-21-2) [D:1.0000; C:1.0000]
 34.0000: (ASSOCIATE_CDK46_CYCDP1_CDK46-CYCDP1) [D:1.0000; C:1.0000]
 34.0000: (INITIALIZE_P27) [D:1.0000; C:1.0000]
 35.0000: (INITIALIZE_CDK2P1) [D:1.0000; C:1.0000]
 35.0000: (ASSOCIATE_SP1_E2F13P1_SP1-E2F13P1) [D:1.0000; C:1.0000]
 35.0000: (DUMMY-ACTION-5-2) [D:1.0000; C:1.0000]
 35.0000: (ASSOCIATE-WITH-CATALYZE_CDK46P1_CDC25AP1_CDK46) [D:1.0000; C:1.0000]
 35.0000: (SYNTHESIZE_E2F13-DP12-GE2_CYCDP1) [D:1.0000; C:1.0000]
 36.0000: (ASSOCIATE_CDK2P1_CYCA_CDK2P1-CYCA) [D:1.0000; C:1.0000]
 36.0000: (DUMMY-ACTION-22-2) [D:1.0000; C:1.0000]
 36.0000: (ASSOCIATE_P57P1_CDK46-CYCDP1_P57P1-CDK46-CYCDP1) [D:1.0000; C:1.0000]
 36.0000: (ASSOCIATE_P16_CDK46_P16-CDK46) [D:1.0000; C:1.0000]
 36.0000: (INITIALIZE_CDK46P1) [D:1.0000; C:1.0000]
 37.0000: (SYNTHESIZE_E2F13-DP12-GE2_CYCA) [D:1.0000; C:1.0000]
 37.0000: (INITIALIZE_CDK2P1) [D:1.0000; C:1.0000]
 37.0000: (DUMMY-ACTION-14-1) [D:1.0000; C:1.0000]
 37.0000: (ASSOCIATE_SP1-E2F13P1_GP_SP1-E2F13P1-GP) [D:1.0000; C:1.0000]
 37.0000: (INITIALIZE_P57P1) [D:1.0000; C:1.0000]
 37.0000: (DUMMY-ACTION-7-1) [D:1.0000; C:1.0000]
 37.0000: (ASSOCIATE-WITH-CATALYZE_CDK46P1_CDC25AP1_CDK46) [D:1.0000; C:1.0000]
 38.0000: (ASSOCIATE_CDK2P1P2_CYCA_CDK2P1P2-CYCA) [D:1.0000; C:1.0000]
 38.0000: (DUMMY-ACTION-13-2) [D:1.0000; C:1.0000]
 38.0000: (SYNTHESIZE_SP1-E2F13P1-GP_CYCD) [D:1.0000; C:1.0000]
 39.0000: (ASSOCIATE_SKP2_CDK2P1P2-CYCA_SKP2-CDK2P1P2-CYCA) [D:1.0000; C:1.0000]
 39.0000: (SYNTHESIZE_E2F13-DP12-GE2_CYCA) [D:1.0000; C:1.0000]
 39.0000: (ASSOCIATE_CDK46P1P2_CYCD_CDK46P1P2-CYCD) [D:1.0000; C:1.0000]
 40.0000: (DUMMY-ACTION-25-2) [D:1.0000; C:1.0000]
 40.0000: (ASSOCIATE-WITH-CATALYZE_CDK2P1-CYCA_CDK7-CYCH_CDK2P1P2-CYCA) [D:1.0000; C:1.0000]
 40.0000: (INITIALIZE_SKP2) [D:1.0000; C:1.0000]
 40.0000: (ASSOCIATE_P57P1_CDK46P1P2-CYCD_P57P1-CDK46P1P2-CYCD) [D:1.0000; C:1.0000]
 40.0000: (SYNTHESIZE_SP1-E2F13P1-GP_CYCD) [D:1.0000; C:1.0000]
 41.0000: (ASSOCIATE_CDK2P1_CYCA_CDK2P1-CYCA) [D:1.0000; C:1.0000]
 41.0000: (ASSOCIATE_SKP2_SKP1P1_SKP2-SKP1P1) [D:1.0000; C:1.0000]
 41.0000: (DUMMY-ACTION-11-2) [D:1.0000; C:1.0000]
 41.0000: (INITIALIZE_P57P1) [D:1.0000; C:1.0000]
 42.0000: (INITIALIZE_CDK2P1) [D:1.0000; C:1.0000]
 42.0000: (SYNTHESIZE_E2F13-DP12-GE2_CYCA) [D:1.0000; C:1.0000]
 42.0000: (ASSOCIATE_P27P1_CDK2P1-CYCA_P27P1-CDK2P1-CYCA) [D:1.0000; C:1.0000]
 42.0000: (ASSOCIATE_SKP2-SKP1P1_CDK2P1P2-CYCA_SKP2-SKP1P1-CDK2P1P2-CYCA) [D:1.0000; C:1.0000]
 42.0000: (ASSOCIATE-WITH-CATALYZE_SKP1_CDK2P2-CYCA_SKP1P1) [D:1.0000; C:1.0000]
 42.0000: (INITIALIZE_SKP2) [D:1.0000; C:1.0000]
 43.0000: (ASSOCIATE_CDK2P1_CYCA_CDK2P1-CYCA) [D:1.0000; C:1.0000]
 43.0000: (DUMMY-ACTION-20-2) [D:1.0000; C:1.0000]
 43.0000: (DUMMY-ACTION-16-1) [D:1.0000; C:1.0000]
 43.0000: (ASSOCIATE_SKP2_SKP1P1_SKP2-SKP1P1) [D:1.0000; C:1.0000]
 43.0000: (ASSOCIATE-WITH-CATALYZE_P27_CDK2P2-CYCEP1_P27P1) [D:1.0000; C:1.0000]
 44.0000: (ASSOCIATE_SKP2-SKP1P1_CDK2P1-CYCA_SKP2-SKP1P1-CDK2P1-CYCA) [D:1.0000; C:1.0000]
 44.0000: (ASSOCIATE_P27P1_CDK46P2-CYCDP1_P27P1-CDK46P2-CYCDP1) [D:1.0000; C:1.0000]
 44.0000: (INITIALIZE_P27) [D:1.0000; C:1.0000]
 44.0000: (SYNTHESIZE_E2F13-DP12-GE2_CYCA) [D:1.0000; C:1.0000]
 45.0000: (DUMMY-ACTION-15-1) [D:1.0000; C:1.0000]
 45.0000: (DUMMY-ACTION-8-1) [D:1.0000; C:1.0000]
 45.0000: (ASSOCIATE_CDK46P2_CYCDP1_CDK46P2-CYCDP1) [D:1.0000; C:1.0000]
 45.0000: (ASSOCIATE-WITH-CATALYZE_P27_CDK2P2-CYCEP1_P27P1) [D:1.0000; C:1.0000]
 45.0000: (ASSOCIATE_CDK1P1P2P3_CYCA_CDK1P1P2P3-CYCA) [D:1.0000; C:1.0000]
 46.0000: (ASSOCIATE_P57P1_CDK46P2-CYCDP1_P57P1-CDK46P2-CYCDP1) [D:1.0000; C:1.0000]
 46.0000: (ASSOCIATE-WITH-CATALYZE_CDK46_CDK7-CYCH_CDK46P2) [D:1.0000; C:1.0000]
 46.0000: (DUMMY-ACTION-1-1) [D:1.0000; C:1.0000]
 47.0000: (DUMMY-ACTION-4-2) [D:1.0000; C:1.0000]
 47.0000: (ASSOCIATE_CDK46P2_CYCD_CDK46P2-CYCD) [D:1.0000; C:1.0000]
 48.0000: (DUMMY-ACTION-3-1) [D:1.0000; C:1.0000]
 49.0000: (ASSOCIATE_P27P1_CDK46P2-CYCD_P27P1-CDK46P2-CYCD) [D:1.0000; C:1.0000]
 50.0000: (DUMMY-ACTION-2-2) [D:1.0000; C:1.0000]


Solution found:
Total time:      28.18
Search time:     27.85
Actions:         230
Execution cost:  230.00
Duration:        51.000
Plan quality:    230.000


Parsing domain file:  domain 'GROUNDED-PATHWAYS-PROPOSITIONAL' defined ... done.
Parsing problem file:  problem 'GROUNDED-PATHWAYS-27' defined ... done.



Modality: Fast Planner

Number of actions             :    2896
Number of conditional actions :       0
Number of facts               :     654


Analyzing Planning Problem:
	Temporal Planning Problem: NO
	Numeric Planning Problem: NO
	Problem with Timed Initial Litearals: NO
	Problem with Derived Predicates: NO

Evaluation function weights:
     Action duration 0.00; Action cost 1.00


Computing mutex... done

Preprocessing total time: 0.39 seconds

Searching ('.' = every 50 search steps):
........... search limit exceeded. Restart.
............. search limit exceeded. Restart.
............... search limit exceeded. Restart.
.................. search limit exceeded. Restart.
.................. solution found: 

Plan computed:
   Time: (ACTION) [action Duration; action Cost]
 0.0000: (CHOOSE_PRB-E2F4P1-DP12_L1_L0) [D:1.0000; C:1.0000]
 1.0000: (CHOOSE_SP1_L2_L1) [D:1.0000; C:1.0000]
 2.0000: (CHOOSE_CDK46P3-CYCDP1_L3_L2) [D:1.0000; C:1.0000]
 2.0000: (INITIALIZE_SP1) [D:1.0000; C:1.0000]
 3.0000: (CHOOSE_HDAC1-PRBP1-E2F4-DP12_L4_L3) [D:1.0000; C:1.0000]
 4.0000: (CHOOSE_CDK46P1_L5_L4) [D:1.0000; C:1.0000]
 5.0000: (CHOOSE_WEE1_L6_L5) [D:1.0000; C:1.0000]
 5.0000: (INITIALIZE_CDK46P1) [D:1.0000; C:1.0000]
 6.0000: (CHOOSE_GCDC25A_L7_L6) [D:1.0000; C:1.0000]
 6.0000: (INITIALIZE_WEE1) [D:1.0000; C:1.0000]
 7.0000: (INITIALIZE_GCDC25A) [D:1.0000; C:1.0000]
 7.0000: (CHOOSE_MAX_L8_L7) [D:1.0000; C:1.0000]
 8.0000: (INITIALIZE_MAX) [D:1.0000; C:1.0000]
 8.0000: (CHOOSE_GP_L9_L8) [D:1.0000; C:1.0000]
 9.0000: (INITIALIZE_GP) [D:1.0000; C:1.0000]
 9.0000: (CHOOSE_E2F4_L10_L9) [D:1.0000; C:1.0000]
 10.0000: (ASSOCIATE_SP1_GP_SP1-GP) [D:1.0000; C:1.0000]
 10.0000: (CHOOSE_CDK2P1_L11_L10) [D:1.0000; C:1.0000]
 10.0000: (INITIALIZE_E2F4) [D:1.0000; C:1.0000]
 11.0000: (SYNTHESIZE_SP1-GP_C-MYC) [D:1.0000; C:1.0000]
 11.0000: (CHOOSE_RAF1_L12_L11) [D:1.0000; C:1.0000]
 11.0000: (INITIALIZE_CDK2P1) [D:1.0000; C:1.0000]
 11.0000: (SYNTHESIZE_SP1-GP_CYCE) [D:1.0000; C:1.0000]
 11.0000: (SYNTHESIZE_SP1-GP_CYCEP1) [D:1.0000; C:1.0000]
 11.0000: (SYNTHESIZE_SP1-GP_CYCA) [D:1.0000; C:1.0000]
 11.0000: (SYNTHESIZE_SP1-GP_CYCD) [D:1.0000; C:1.0000]
 11.0000: (SYNTHESIZE_SP1-GP_CYCDP1) [D:1.0000; C:1.0000]
 11.0000: (SYNTHESIZE_SP1-GP_P107) [D:1.0000; C:1.0000]
 12.0000: (ASSOCIATE_C-MYC_MAX_C-MYC-MAX) [D:1.0000; C:1.0000]
 12.0000: (CHOOSE_P27_L13_L12) [D:1.0000; C:1.0000]
 12.0000: (ASSOCIATE_CDK2P1_CYCE_CDK2P1-CYCE) [D:1.0000; C:1.0000]
 12.0000: (INITIALIZE_RAF1) [D:1.0000; C:1.0000]
 12.0000: (DUMMY-ACTION-24-2) [D:1.0000; C:1.0000]
 13.0000: (ASSOCIATE_C-MYC-MAX_GCDC25A_C-MYC-MAX-GCDC25A) [D:1.0000; C:1.0000]
 13.0000: (CHOOSE_P53P1_L14_L13) [D:1.0000; C:1.0000]
 13.0000: (INITIALIZE_CDK2P1) [D:1.0000; C:1.0000]
 13.0000: (SYNTHESIZE_SP1-GP_CYCE) [D:1.0000; C:1.0000]
 13.0000: (INITIALIZE_CDK2P1) [D:1.0000; C:1.0000]
 13.0000: (INITIALIZE_P27) [D:1.0000; C:1.0000]
 14.0000: (SYNTHESIZE_C-MYC-MAX-GCDC25A_CDC25A) [D:1.0000; C:1.0000]
 14.0000: (INITIALIZE_P53P1) [D:1.0000; C:1.0000]
 14.0000: (CHOOSE_P53_L15_L14) [D:1.0000; C:1.0000]
 15.0000: (SYNTHESIZE_P53P1_GADD45) [D:1.0000; C:1.0000]
 15.0000: (SYNTHESIZE_P53P1_P21) [D:1.0000; C:1.0000]
 15.0000: (ASSOCIATE_RAF1_CDC25A_RAF1-CDC25A) [D:1.0000; C:1.0000]
 15.0000: (CHOOSE_CYCH_L16_L15) [D:1.0000; C:1.0000]
 15.0000: (INITIALIZE_P53) [D:1.0000; C:1.0000]
 16.0000: (ASSOCIATE_P21_GADD45_P21-GADD45) [D:1.0000; C:1.0000]
 16.0000: (INITIALIZE_RAF1) [D:1.0000; C:1.0000]
 16.0000: (SYNTHESIZE_C-MYC-MAX-GCDC25A_CDC25A) [D:1.0000; C:1.0000]
 16.0000: (INITIALIZE_CYCH) [D:1.0000; C:1.0000]
 16.0000: (CHOOSE_CDK7_L17_L16) [D:1.0000; C:1.0000]
 16.0000: (DUMMY-ACTION-4-2) [D:1.0000; C:1.0000]
 17.0000: (SYNTHESIZE_P53P1_P21) [D:1.0000; C:1.0000]
 17.0000: (DUMMY-ACTION-33-2) [D:1.0000; C:1.0000]
 17.0000: (DUMMY-ACTION-32-2) [D:1.0000; C:1.0000]
 17.0000: (INITIALIZE_CDK7) [D:1.0000; C:1.0000]
 17.0000: (CHOOSE_DP12_L18_L17) [D:1.0000; C:1.0000]
 18.0000: (ASSOCIATE_P21_CDK2P1-CYCE_P21-CDK2P1-CYCE) [D:1.0000; C:1.0000]
 18.0000: (ASSOCIATE-WITH-CATALYZE_CDC25A_RAF1_CDC25AP1) [D:1.0000; C:1.0000]
 18.0000: (ASSOCIATE_CDK7_CYCH_CDK7-CYCH) [D:1.0000; C:1.0000]
 18.0000: (INITIALIZE_DP12) [D:1.0000; C:1.0000]
 18.0000: (CHOOSE_SKP1_L19_L18) [D:1.0000; C:1.0000]
 19.0000: (DUMMY-ACTION-27-2) [D:1.0000; C:1.0000]
 19.0000: (ASSOCIATE-WITH-CATALYZE_CDK2P1_CDK7-CYCH_CDK2P1P2) [D:1.0000; C:1.0000]
 19.0000: (SYNTHESIZE_P53P1_P21) [D:1.0000; C:1.0000]
 19.0000: (INITIALIZE_SKP1) [D:1.0000; C:1.0000]
 19.0000: (CHOOSE_SKP2_L20_L19) [D:1.0000; C:1.0000]
 19.0000: (ASSOCIATE-WITH-CATALYZE_CDK46P1_CDC25AP1_CDK46) [D:1.0000; C:1.0000]
 19.0000: (DUMMY-ACTION-13-2) [D:1.0000; C:1.0000]
 20.0000: (ASSOCIATE_CDK2P1P2_CYCEP1_CDK2P1P2-CYCEP1) [D:1.0000; C:1.0000]
 20.0000: (INITIALIZE_CDK2P1) [D:1.0000; C:1.0000]
 20.0000: (INITIALIZE_SKP2) [D:1.0000; C:1.0000]
 20.0000: (CHOOSE_E2F4-DP12P1_L21_L20) [D:1.0000; C:1.0000]
 20.0000: (ASSOCIATE-WITH-CATALYZE_CDK46_CDK7-CYCH_CDK46P2) [D:1.0000; C:1.0000]
 20.0000: (INITIALIZE_CDK46P1) [D:1.0000; C:1.0000]
 21.0000: (SYNTHESIZE_SP1-GP_CYCEP1) [D:1.0000; C:1.0000]
 21.0000: (ASSOCIATE-WITH-CATALYZE_CDK2P1P2-CYCEP1_CDC25AP1_CDK2P2-CYCEP1) [D:1.0000; C:1.0000]
 21.0000: (ASSOCIATE-WITH-CATALYZE_CDK46P1_CDC25AP1_CDK46) [D:1.0000; C:1.0000]
 21.0000: (CHOOSE_P68_L22_L21) [D:1.0000; C:1.0000]
 21.0000: (INITIALIZE_E2F4-DP12P1) [D:1.0000; C:1.0000]
 22.0000: (ASSOCIATE_P27_CDK2P2-CYCEP1_P27-CDK2P2-CYCEP1) [D:1.0000; C:1.0000]
 22.0000: (ASSOCIATE_CDK2P1_CYCEP1_CDK2P1-CYCEP1) [D:1.0000; C:1.0000]
 22.0000: (ASSOCIATE_CDK46_CYCD_CDK46-CYCD) [D:1.0000; C:1.0000]
 22.0000: (INITIALIZE_CDK46P1) [D:1.0000; C:1.0000]
 22.0000: (INITIALIZE_P68) [D:1.0000; C:1.0000]
 22.0000: (CHOOSE_P57P1_L23_L22) [D:1.0000; C:1.0000]
 23.0000: (ASSOCIATE-WITH-CATALYZE_CDK2P1-CYCEP1_CDK7-CYCH_CDK2P1P2-CYCEP1) [D:1.0000; C:1.0000]
 23.0000: (INITIALIZE_CDK2P1) [D:1.0000; C:1.0000]
 23.0000: (SYNTHESIZE_SP1-GP_CYCEP1) [D:1.0000; C:1.0000]
 23.0000: (INITIALIZE_P27) [D:1.0000; C:1.0000]
 23.0000: (DUMMY-ACTION-34-1) [D:1.0000; C:1.0000]
 23.0000: (ASSOCIATE-WITH-CATALYZE_CDK46P1_CDC25AP1_CDK46) [D:1.0000; C:1.0000]
 23.0000: (SYNTHESIZE_SP1-GP_CYCD) [D:1.0000; C:1.0000]
 23.0000: (INITIALIZE_P57P1) [D:1.0000; C:1.0000]
 23.0000: (CHOOSE_E2F13_L24_L23) [D:1.0000; C:1.0000]
 24.0000: (ASSOCIATE-WITH-CATALYZE_CDK2P1P2-CYCEP1_CDC25AP1_CDK2P2-CYCEP1) [D:1.0000; C:1.0000]
 24.0000: (ASSOCIATE_CDK2P1_CYCEP1_CDK2P1-CYCEP1) [D:1.0000; C:1.0000]
 24.0000: (INITIALIZE_CDK46P1) [D:1.0000; C:1.0000]
 24.0000: (INITIALIZE_E2F13) [D:1.0000; C:1.0000]
 24.0000: (CHOOSE_GE2_L25_L24) [D:1.0000; C:1.0000]
 25.0000: (INITIALIZE_CDK2P1) [D:1.0000; C:1.0000]
 25.0000: (SYNTHESIZE_SP1-GP_CYCEP1) [D:1.0000; C:1.0000]
 25.0000: (ASSOCIATE-WITH-CATALYZE_P27_CDK2P2-CYCEP1_P27P1) [D:1.0000; C:1.0000]
 25.0000: (INITIALIZE_GE2) [D:1.0000; C:1.0000]
 25.0000: (CHOOSE_HDAC1_L26_L25) [D:1.0000; C:1.0000]
 26.0000: (INITIALIZE_P27) [D:1.0000; C:1.0000]
 26.0000: (INITIALIZE_P27) [D:1.0000; C:1.0000]
 26.0000: (ASSOCIATE_P27P1_CDK2P2-CYCEP1_P27P1-CDK2P2-CYCEP1) [D:1.0000; C:1.0000]
 26.0000: (ASSOCIATE-WITH-CATALYZE_CDK2P1_CDK7-CYCH_CDK2P1P2) [D:1.0000; C:1.0000]
 26.0000: (INITIALIZE_HDAC1) [D:1.0000; C:1.0000]
 26.0000: (CHOOSE_P57_L27_L26) [D:1.0000; C:1.0000]
 27.0000: (ASSOCIATE_CDK2P1P2_CYCEP1_CDK2P1P2-CYCEP1) [D:1.0000; C:1.0000]
 27.0000: (INITIALIZE_CDK2P1) [D:1.0000; C:1.0000]
 27.0000: (DUMMY-ACTION-26-1) [D:1.0000; C:1.0000]
 27.0000: (INITIALIZE_P57) [D:1.0000; C:1.0000]
 28.0000: (ASSOCIATE-WITH-CATALYZE_CDK2P1P2-CYCEP1_CDC25AP1_CDK2P2-CYCEP1) [D:1.0000; C:1.0000]
 28.0000: (ASSOCIATE-WITH-CATALYZE_CDK2P1_CDK7-CYCH_CDK2P1P2) [D:1.0000; C:1.0000]
 28.0000: (SYNTHESIZE_SP1-GP_CYCEP1) [D:1.0000; C:1.0000]
 29.0000: (ASSOCIATE-WITH-CATALYZE_P27_CDK2P2-CYCEP1_P27P1) [D:1.0000; C:1.0000]
 29.0000: (ASSOCIATE_CDK2P1P2_CYCEP1_CDK2P1P2-CYCEP1) [D:1.0000; C:1.0000]
 29.0000: (INITIALIZE_CDK2P1) [D:1.0000; C:1.0000]
 30.0000: (ASSOCIATE-WITH-CATALYZE_CDK2P1_CDK7-CYCH_CDK2P1P2) [D:1.0000; C:1.0000]
 30.0000: (ASSOCIATE_P27P1_CDK2P1P2-CYCEP1_P27P1-CDK2P1P2-CYCEP1) [D:1.0000; C:1.0000]
 30.0000: (INITIALIZE_P27) [D:1.0000; C:1.0000]
 31.0000: (INITIALIZE_CDK2P1) [D:1.0000; C:1.0000]
 31.0000: (DUMMY-ACTION-31-2) [D:1.0000; C:1.0000]
 31.0000: (ASSOCIATE-WITH-CATALYZE_P27_CDK2P2-CYCEP1_P27P1) [D:1.0000; C:1.0000]
 31.0000: (INITIALIZE_CDK2P1) [D:1.0000; C:1.0000]
 32.0000: (INITIALIZE_P27) [D:1.0000; C:1.0000]
 32.0000: (ASSOCIATE_P27P1_CDK2P1-CYCEP1_P27P1-CDK2P1-CYCEP1) [D:1.0000; C:1.0000]
 32.0000: (ASSOCIATE_CDK2P1_CYCA_CDK2P1-CYCA) [D:1.0000; C:1.0000]
 33.0000: (ASSOCIATE-WITH-CATALYZE_P27_CDK2P2-CYCEP1_P27P1) [D:1.0000; C:1.0000]
 33.0000: (SYNTHESIZE_SP1-GP_CYCA) [D:1.0000; C:1.0000]
 33.0000: (INITIALIZE_CDK2P1) [D:1.0000; C:1.0000]
 33.0000: (DUMMY-ACTION-29-1) [D:1.0000; C:1.0000]
 34.0000: (ASSOCIATE_P21_CDK2P2-CYCEP1_P21-CDK2P2-CYCEP1) [D:1.0000; C:1.0000]
 34.0000: (ASSOCIATE_CDK2P1P2_CYCA_CDK2P1P2-CYCA) [D:1.0000; C:1.0000]
 34.0000: (ASSOCIATE_P27P1_CDK46-CYCD_P27P1-CDK46-CYCD) [D:1.0000; C:1.0000]
 34.0000: (INITIALIZE_P27) [D:1.0000; C:1.0000]
 35.0000: (DUMMY-ACTION-30-2) [D:1.0000; C:1.0000]
 35.0000: (ASSOCIATE-WITH-CATALYZE_CDK2P1P2-CYCA_CDC25AP1_CDK2P2-CYCA) [D:1.0000; C:1.0000]
 35.0000: (SYNTHESIZE_SP1-GP_CYCA) [D:1.0000; C:1.0000]
 35.0000: (ASSOCIATE_CDK46_CYCD_CDK46-CYCD) [D:1.0000; C:1.0000]
 35.0000: (SYNTHESIZE_P53P1_P21) [D:1.0000; C:1.0000]
 35.0000: (DUMMY-ACTION-7-1) [D:1.0000; C:1.0000]
 36.0000: (ASSOCIATE-WITH-CATALYZE_DP12_CDK2P2-CYCA_DP12P1) [D:1.0000; C:1.0000]
 36.0000: (ASSOCIATE-WITH-CATALYZE_SKP1_CDK2P2-CYCA_SKP1P1) [D:1.0000; C:1.0000]
 36.0000: (ASSOCIATE-WITH-CATALYZE_CDK2P1-CYCA_CDK7-CYCH_CDK2P1P2-CYCA) [D:1.0000; C:1.0000]
 36.0000: (SYNTHESIZE_SP1-GP_CYCD) [D:1.0000; C:1.0000]
 36.0000: (ASSOCIATE-WITH-CATALYZE_CDK46P1_CDC25AP1_CDK46) [D:1.0000; C:1.0000]
 36.0000: (ASSOCIATE_P57_CDK46-CYCD_P57-CDK46-CYCD) [D:1.0000; C:1.0000]
 37.0000: (ASSOCIATE_P53_DP12P1_P53-DP12P1) [D:1.0000; C:1.0000]
 37.0000: (ASSOCIATE_SKP2_SKP1P1_SKP2-SKP1P1) [D:1.0000; C:1.0000]
 37.0000: (INITIALIZE_SKP1) [D:1.0000; C:1.0000]
 37.0000: (ASSOCIATE_CDK2P1_CYCA_CDK2P1-CYCA) [D:1.0000; C:1.0000]
 37.0000: (ASSOCIATE_CDK46P2_CYCD_CDK46P2-CYCD) [D:1.0000; C:1.0000]
 37.0000: (ASSOCIATE_CDK46_CYCDP1_CDK46-CYCDP1) [D:1.0000; C:1.0000]
 37.0000: (INITIALIZE_CDK46P1) [D:1.0000; C:1.0000]
 37.0000: (INITIALIZE_DP12) [D:1.0000; C:1.0000]
 37.0000: (DUMMY-ACTION-5-1) [D:1.0000; C:1.0000]
 38.0000: (DUMMY-ACTION-28-2) [D:1.0000; C:1.0000]
 38.0000: (INITIALIZE_SKP2) [D:1.0000; C:1.0000]
 38.0000: (ASSOCIATE-WITH-CATALYZE_SKP1_CDK2P2-CYCA_SKP1P1) [D:1.0000; C:1.0000]
 38.0000: (ASSOCIATE_SKP2-SKP1P1_CDK2P1P2-CYCA_SKP2-SKP1P1-CDK2P1P2-CYCA) [D:1.0000; C:1.0000]
 38.0000: (ASSOCIATE-WITH-CATALYZE_CDK2P1-CYCA_CDC25AP1_CDK2-CYCA) [D:1.0000; C:1.0000]
 38.0000: (INITIALIZE_CDK2P1) [D:1.0000; C:1.0000]
 38.0000: (SYNTHESIZE_SP1-GP_CYCA) [D:1.0000; C:1.0000]
 38.0000: (ASSOCIATE_P21_CDK46P2-CYCD_P21-CDK46P2-CYCD) [D:1.0000; C:1.0000]
 38.0000: (ASSOCIATE-WITH-CATALYZE_CDK46P1_CDC25AP1_CDK46) [D:1.0000; C:1.0000]
 38.0000: (ASSOCIATE-WITH-CATALYZE_CDK46-CYCDP1_CDK7-CYCH_CDK46P2-CYCDP1) [D:1.0000; C:1.0000]
 38.0000: (SYNTHESIZE_SP1-GP_CYCDP1) [D:1.0000; C:1.0000]
 38.0000: (SYNTHESIZE_SP1-GP_CYCD) [D:1.0000; C:1.0000]
 39.0000: (ASSOCIATE_SKP2_CDK2P2-CYCA_SKP2-CDK2P2-CYCA) [D:1.0000; C:1.0000]
 39.0000: (ASSOCIATE_CDK2P1_CYCA_CDK2P1-CYCA) [D:1.0000; C:1.0000]
 39.0000: (DUMMY-ACTION-2-2) [D:1.0000; C:1.0000]
 39.0000: (INITIALIZE_SKP1) [D:1.0000; C:1.0000]
 39.0000: (DUMMY-ACTION-23-2) [D:1.0000; C:1.0000]
 39.0000: (ASSOCIATE-WITH-CATALYZE_CDK46_CDK7-CYCH_CDK46P2) [D:1.0000; C:1.0000]
 39.0000: (ASSOCIATE_P57P1_CDK46P2-CYCDP1_P57P1-CDK46P2-CYCDP1) [D:1.0000; C:1.0000]
 39.0000: (INITIALIZE_CDK46P1) [D:1.0000; C:1.0000]
 39.0000: (SYNTHESIZE_P53P1_P21) [D:1.0000; C:1.0000]
 40.0000: (INITIALIZE_SKP2) [D:1.0000; C:1.0000]
 40.0000: (ASSOCIATE-WITH-CATALYZE_CDK2-CYCA_CDK7-CYCH_CDK2P2-CYCA) [D:1.0000; C:1.0000]
 40.0000: (INITIALIZE_CDK2P1) [D:1.0000; C:1.0000]
 40.0000: (SYNTHESIZE_SP1-GP_CYCA) [D:1.0000; C:1.0000]
 40.0000: (ASSOCIATE_CDK46P2_CYCDP1_CDK46P2-CYCDP1) [D:1.0000; C:1.0000]
 40.0000: (ASSOCIATE-WITH-CATALYZE_CDK46P1_CDC25AP1_CDK46) [D:1.0000; C:1.0000]
 40.0000: (DUMMY-ACTION-21-1) [D:1.0000; C:1.0000]
 40.0000: (DUMMY-ACTION-14-1) [D:1.0000; C:1.0000]
 41.0000: (ASSOCIATE_SKP2_SKP1P1_SKP2-SKP1P1) [D:1.0000; C:1.0000]
 41.0000: (ASSOCIATE-WITH-CATALYZE_CDK2P1-CYCA_CDC25AP1_CDK2-CYCA) [D:1.0000; C:1.0000]
 41.0000: (ASSOCIATE-WITH-CATALYZE_P68_CDK2P2-CYCA_P68P2) [D:1.0000; C:1.0000]
 41.0000: (SYNTHESIZE_SP1-GP_CYCDP1) [D:1.0000; C:1.0000]
 41.0000: (INITIALIZE_CDK46P1) [D:1.0000; C:1.0000]
 41.0000: (DUMMY-ACTION-6-2) [D:1.0000; C:1.0000]
 41.0000: (ASSOCIATE-WITH-CATALYZE_DP12_CDK2P2-CYCA_DP12P1) [D:1.0000; C:1.0000]
 41.0000: (ASSOCIATE-WITH-CATALYZE_E2F13_CDK2P2-CYCA_E2F13P1) [D:1.0000; C:1.0000]
 42.0000: (INITIALIZE_SKP2) [D:1.0000; C:1.0000]
 42.0000: (ASSOCIATE_SKP2-SKP1P1_CDK2-CYCA_SKP2-SKP1P1-CDK2-CYCA) [D:1.0000; C:1.0000]
 42.0000: (ASSOCIATE_CDK2P1_CYCA_CDK2P1-CYCA) [D:1.0000; C:1.0000]
 42.0000: (DUMMY-ACTION-22-2) [D:1.0000; C:1.0000]
 42.0000: (ASSOCIATE_CDK46P1_CYCDP1_CDK46P1-CYCDP1) [D:1.0000; C:1.0000]
 42.0000: (ASSOCIATE_P21_CDK46P2-CYCDP1_P21-CDK46P2-CYCDP1) [D:1.0000; C:1.0000]
 42.0000: (INITIALIZE_DP12) [D:1.0000; C:1.0000]
 42.0000: (DUMMY-ACTION-16-2) [D:1.0000; C:1.0000]
 43.0000: (DUMMY-ACTION-3-2) [D:1.0000; C:1.0000]
 43.0000: (ASSOCIATE-WITH-CATALYZE_CDK2P1-CYCA_CDC25AP1_CDK2-CYCA) [D:1.0000; C:1.0000]
 43.0000: (ASSOCIATE-WITH-CATALYZE_SKP2_CDK2P2-CYCA_SKP2P1) [D:1.0000; C:1.0000]
 43.0000: (INITIALIZE_CDK2P1) [D:1.0000; C:1.0000]
 43.0000: (SYNTHESIZE_SP1-GP_CYCDP1) [D:1.0000; C:1.0000]
 43.0000: (DUMMY-ACTION-19-1) [D:1.0000; C:1.0000]
 43.0000: (SYNTHESIZE_P53P1_P21) [D:1.0000; C:1.0000]
 43.0000: (ASSOCIATE_E2F4_DP12_E2F4-DP12) [D:1.0000; C:1.0000]
 43.0000: (INITIALIZE_CDK46P1) [D:1.0000; C:1.0000]
 44.0000: (ASSOCIATE-WITH-CATALYZE_CDK2-CYCA_WEE1_CDK2P1-CYCA) [D:1.0000; C:1.0000]
 44.0000: (ASSOCIATE_SKP2P1_SKP1_SKP2P1-SKP1) [D:1.0000; C:1.0000]
 44.0000: (ASSOCIATE_CDK2P1_CYCE_CDK2P1-CYCE) [D:1.0000; C:1.0000]
 44.0000: (ASSOCIATE_CDK46_CYCDP1_CDK46-CYCDP1) [D:1.0000; C:1.0000]
 44.0000: (ASSOCIATE_P53P1_DP12P1_P53P1-DP12P1) [D:1.0000; C:1.0000]
 44.0000: (ASSOCIATE_P107_E2F4-DP12_P107-E2F4-DP12) [D:1.0000; C:1.0000]
 44.0000: (ASSOCIATE_P21_CDK2P2-CYCA_P21-CDK2P2-CYCA) [D:1.0000; C:1.0000]
 44.0000: (INITIALIZE_SKP2) [D:1.0000; C:1.0000]
 45.0000: (ASSOCIATE-WITH-CATALYZE_CDK2P1-CYCA_CDC25AP1_CDK2-CYCA) [D:1.0000; C:1.0000]
 45.0000: (DUMMY-ACTION-35-1) [D:1.0000; C:1.0000]
 45.0000: (INITIALIZE_CDK2P1) [D:1.0000; C:1.0000]
 45.0000: (SYNTHESIZE_SP1-GP_CYCE) [D:1.0000; C:1.0000]
 45.0000: (DUMMY-ACTION-17-1) [D:1.0000; C:1.0000]
 45.0000: (SYNTHESIZE_SP1-GP_P107) [D:1.0000; C:1.0000]
 45.0000: (ASSOCIATE_HDAC1_P107-E2F4-DP12_HDAC1-P107-E2F4-DP12) [D:1.0000; C:1.0000]
 45.0000: (DUMMY-ACTION-9-2) [D:1.0000; C:1.0000]
 45.0000: (ASSOCIATE-WITH-CATALYZE_CDK46P1_CDC25AP1_CDK46) [D:1.0000; C:1.0000]
 46.0000: (ASSOCIATE-WITH-CATALYZE_CDK2-CYCA_WEE1_CDK2P1-CYCA) [D:1.0000; C:1.0000]
 46.0000: (ASSOCIATE-WITH-CATALYZE_CDK2P1_CDK7-CYCH_CDK2P1P2) [D:1.0000; C:1.0000]
 46.0000: (ASSOCIATE_P107_E2F4-DP12P1_P107-E2F4-DP12P1) [D:1.0000; C:1.0000]
 46.0000: (ASSOCIATE_HDAC1-P107-E2F4-DP12_GE2_HDAC1-P107-E2F4-DP12-GE2) [D:1.0000; C:1.0000]
 46.0000: (ASSOCIATE_CDK46_CYCD_CDK46-CYCD) [D:1.0000; C:1.0000]
 47.0000: (ASSOCIATE-WITH-CATALYZE_CDK2P1-CYCA_CDC25AP1_CDK2-CYCA) [D:1.0000; C:1.0000]
 47.0000: (ASSOCIATE_CDK2P1P2_CYCE_CDK2P1P2-CYCE) [D:1.0000; C:1.0000]
 47.0000: (DUMMY-ACTION-12-2) [D:1.0000; C:1.0000]
 47.0000: (DUMMY-ACTION-10-2) [D:1.0000; C:1.0000]
 48.0000: (ASSOCIATE-WITH-CATALYZE_CDK2-CYCA_WEE1_CDK2P1-CYCA) [D:1.0000; C:1.0000]
 48.0000: (DUMMY-ACTION-25-2) [D:1.0000; C:1.0000]
 49.0000: (ASSOCIATE-WITH-CATALYZE_CDK2P1-CYCA_CDC25AP1_CDK2-CYCA) [D:1.0000; C:1.0000]
 49.0000: (ASSOCIATE-WITH-CATALYZE_CDK2P1P2-CYCE_CDC25AP1_CDK2P2-CYCE) [D:1.0000; C:1.0000]
 50.0000: (ASSOCIATE-WITH-CATALYZE_CDK2-CYCA_WEE1_CDK2P1-CYCA) [D:1.0000; C:1.0000]
 50.0000: (ASSOCIATE-WITH-CATALYZE_P27_CDK2P2-CYCE_P27P1) [D:1.0000; C:1.0000]
 51.0000: (ASSOCIATE-WITH-CATALYZE_CDK2P1-CYCA_CDC25AP1_CDK2-CYCA) [D:1.0000; C:1.0000]
 51.0000: (ASSOCIATE_P27P1_CDK46-CYCDP1_P27P1-CDK46-CYCDP1) [D:1.0000; C:1.0000]
 51.0000: (INITIALIZE_P27) [D:1.0000; C:1.0000]
 52.0000: (ASSOCIATE-WITH-CATALYZE_CDK2-CYCA_WEE1_CDK2P1-CYCA) [D:1.0000; C:1.0000]
 52.0000: (DUMMY-ACTION-20-2) [D:1.0000; C:1.0000]
 52.0000: (ASSOCIATE-WITH-CATALYZE_P27_CDK2P2-CYCE_P27P1) [D:1.0000; C:1.0000]
 53.0000: (ASSOCIATE-WITH-CATALYZE_CDK2P1-CYCA_CDC25AP1_CDK2-CYCA) [D:1.0000; C:1.0000]
 53.0000: (ASSOCIATE_P27P1_CDK46P1-CYCDP1_P27P1-CDK46P1-CYCDP1) [D:1.0000; C:1.0000]
 53.0000: (INITIALIZE_P27) [D:1.0000; C:1.0000]
 54.0000: (ASSOCIATE-WITH-CATALYZE_CDK2-CYCA_WEE1_CDK2P1-CYCA) [D:1.0000; C:1.0000]
 54.0000: (DUMMY-ACTION-18-1) [D:1.0000; C:1.0000]
 54.0000: (ASSOCIATE-WITH-CATALYZE_P27_CDK2P2-CYCE_P27P1) [D:1.0000; C:1.0000]
 55.0000: (ASSOCIATE-WITH-CATALYZE_CDK2P1-CYCA_CDC25AP1_CDK2-CYCA) [D:1.0000; C:1.0000]
 55.0000: (INITIALIZE_P27) [D:1.0000; C:1.0000]
 55.0000: (ASSOCIATE_P27P1_CDK2P1-CYCE_P27P1-CDK2P1-CYCE) [D:1.0000; C:1.0000]
 55.0000: (INITIALIZE_P27) [D:1.0000; C:1.0000]
 56.0000: (ASSOCIATE-WITH-CATALYZE_CDK2-CYCA_WEE1_CDK2P1-CYCA) [D:1.0000; C:1.0000]
 56.0000: (ASSOCIATE_P27_CDK2P2-CYCE_P27-CDK2P2-CYCE) [D:1.0000; C:1.0000]
 56.0000: (DUMMY-ACTION-11-2) [D:1.0000; C:1.0000]
 57.0000: (ASSOCIATE-WITH-CATALYZE_CDK2P1-CYCA_CDC25AP1_CDK2-CYCA) [D:1.0000; C:1.0000]
 57.0000: (DUMMY-ACTION-15-2) [D:1.0000; C:1.0000]
 57.0000: (INITIALIZE_P27) [D:1.0000; C:1.0000]
 58.0000: (ASSOCIATE-WITH-CATALYZE_CDK2-CYCA_WEE1_CDK2P1-CYCA) [D:1.0000; C:1.0000]
 58.0000: (ASSOCIATE_P27_CDK46-CYCD_P27-CDK46-CYCD) [D:1.0000; C:1.0000]
 59.0000: (ASSOCIATE-WITH-CATALYZE_CDK2P1-CYCA_CDC25AP1_CDK2-CYCA) [D:1.0000; C:1.0000]
 59.0000: (DUMMY-ACTION-1-1) [D:1.0000; C:1.0000]
 60.0000: (ASSOCIATE-WITH-CATALYZE_CDK2-CYCA_WEE1_CDK2P1-CYCA) [D:1.0000; C:1.0000]
 61.0000: (ASSOCIATE-WITH-CATALYZE_CDK2P1-CYCA_CDC25AP1_CDK2-CYCA) [D:1.0000; C:1.0000]
 62.0000: (ASSOCIATE-WITH-CATALYZE_CDK2-CYCA_WEE1_CDK2P1-CYCA) [D:1.0000; C:1.0000]
 63.0000: (ASSOCIATE-WITH-CATALYZE_CDK2P1-CYCA_CDC25AP1_CDK2-CYCA) [D:1.0000; C:1.0000]
 64.0000: (ASSOCIATE-WITH-CATALYZE_CDK2-CYCA_WEE1_CDK2P1-CYCA) [D:1.0000; C:1.0000]
 65.0000: (ASSOCIATE-WITH-CATALYZE_CDK2P1-CYCA_CDC25AP1_CDK2-CYCA) [D:1.0000; C:1.0000]
 66.0000: (ASSOCIATE-WITH-CATALYZE_CDK2-CYCA_WEE1_CDK2P1-CYCA) [D:1.0000; C:1.0000]
 67.0000: (ASSOCIATE-WITH-CATALYZE_CDK2P1-CYCA_CDC25AP1_CDK2-CYCA) [D:1.0000; C:1.0000]
 68.0000: (ASSOCIATE-WITH-CATALYZE_CDK2-CYCA_WEE1_CDK2P1-CYCA) [D:1.0000; C:1.0000]
 69.0000: (ASSOCIATE-WITH-CATALYZE_CDK2P1-CYCA_CDC25AP1_CDK2-CYCA) [D:1.0000; C:1.0000]
 70.0000: (ASSOCIATE-WITH-CATALYZE_CDK2-CYCA_WEE1_CDK2P1-CYCA) [D:1.0000; C:1.0000]
 71.0000: (ASSOCIATE-WITH-CATALYZE_CDK2P1-CYCA_CDC25AP1_CDK2-CYCA) [D:1.0000; C:1.0000]
 72.0000: (ASSOCIATE-WITH-CATALYZE_CDK2-CYCA_WEE1_CDK2P1-CYCA) [D:1.0000; C:1.0000]
 73.0000: (ASSOCIATE-WITH-CATALYZE_CDK2P1-CYCA_CDC25AP1_CDK2-CYCA) [D:1.0000; C:1.0000]
 74.0000: (ASSOCIATE-WITH-CATALYZE_CDK2-CYCA_WEE1_CDK2P1-CYCA) [D:1.0000; C:1.0000]
 75.0000: (ASSOCIATE-WITH-CATALYZE_CDK2P1-CYCA_CDC25AP1_CDK2-CYCA) [D:1.0000; C:1.0000]
 76.0000: (ASSOCIATE-WITH-CATALYZE_CDK2-CYCA_WEE1_CDK2P1-CYCA) [D:1.0000; C:1.0000]
 77.0000: (ASSOCIATE-WITH-CATALYZE_CDK2P1-CYCA_CDC25AP1_CDK2-CYCA) [D:1.0000; C:1.0000]
 78.0000: (ASSOCIATE-WITH-CATALYZE_CDK2-CYCA_WEE1_CDK2P1-CYCA) [D:1.0000; C:1.0000]
 79.0000: (ASSOCIATE-WITH-CATALYZE_CDK2P1-CYCA_CDC25AP1_CDK2-CYCA) [D:1.0000; C:1.0000]
 80.0000: (ASSOCIATE-WITH-CATALYZE_CDK2-CYCA_WEE1_CDK2P1-CYCA) [D:1.0000; C:1.0000]
 81.0000: (ASSOCIATE-WITH-CATALYZE_CDK2P1-CYCA_CDC25AP1_CDK2-CYCA) [D:1.0000; C:1.0000]
 82.0000: (ASSOCIATE-WITH-CATALYZE_CDK2-CYCA_WEE1_CDK2P1-CYCA) [D:1.0000; C:1.0000]
 83.0000: (ASSOCIATE-WITH-CATALYZE_CDK2P1-CYCA_CDC25AP1_CDK2-CYCA) [D:1.0000; C:1.0000]
 84.0000: (ASSOCIATE-WITH-CATALYZE_CDK2-CYCA_WEE1_CDK2P1-CYCA) [D:1.0000; C:1.0000]
 85.0000: (ASSOCIATE-WITH-CATALYZE_CDK2P1-CYCA_CDC25AP1_CDK2-CYCA) [D:1.0000; C:1.0000]
 86.0000: (ASSOCIATE-WITH-CATALYZE_CDK2-CYCA_WEE1_CDK2P1-CYCA) [D:1.0000; C:1.0000]
 87.0000: (ASSOCIATE-WITH-CATALYZE_CDK2P1-CYCA_CDC25AP1_CDK2-CYCA) [D:1.0000; C:1.0000]
 88.0000: (ASSOCIATE-WITH-CATALYZE_CDK2-CYCA_WEE1_CDK2P1-CYCA) [D:1.0000; C:1.0000]
 89.0000: (ASSOCIATE-WITH-CATALYZE_CDK2P1-CYCA_CDC25AP1_CDK2-CYCA) [D:1.0000; C:1.0000]
 90.0000: (ASSOCIATE-WITH-CATALYZE_CDK2-CYCA_WEE1_CDK2P1-CYCA) [D:1.0000; C:1.0000]
 91.0000: (ASSOCIATE-WITH-CATALYZE_CDK2P1-CYCA_CDC25AP1_CDK2-CYCA) [D:1.0000; C:1.0000]
 92.0000: (ASSOCIATE-WITH-CATALYZE_CDK2-CYCA_WEE1_CDK2P1-CYCA) [D:1.0000; C:1.0000]
 93.0000: (ASSOCIATE-WITH-CATALYZE_CDK2P1-CYCA_CDC25AP1_CDK2-CYCA) [D:1.0000; C:1.0000]
 94.0000: (ASSOCIATE-WITH-CATALYZE_CDK2-CYCA_WEE1_CDK2P1-CYCA) [D:1.0000; C:1.0000]
 95.0000: (ASSOCIATE-WITH-CATALYZE_CDK2P1-CYCA_CDC25AP1_CDK2-CYCA) [D:1.0000; C:1.0000]
 96.0000: (ASSOCIATE-WITH-CATALYZE_CDK2-CYCA_WEE1_CDK2P1-CYCA) [D:1.0000; C:1.0000]
 97.0000: (ASSOCIATE-WITH-CATALYZE_CDK2P1-CYCA_CDC25AP1_CDK2-CYCA) [D:1.0000; C:1.0000]
 98.0000: (ASSOCIATE-WITH-CATALYZE_CDK2-CYCA_WEE1_CDK2P1-CYCA) [D:1.0000; C:1.0000]
 99.0000: (ASSOCIATE-WITH-CATALYZE_CDK2P1-CYCA_CDC25AP1_CDK2-CYCA) [D:1.0000; C:1.0000]
 100.0000: (ASSOCIATE-WITH-CATALYZE_CDK2-CYCA_WEE1_CDK2P1-CYCA) [D:1.0000; C:1.0000]
 101.0000: (ASSOCIATE-WITH-CATALYZE_CDK2P1-CYCA_CDC25AP1_CDK2-CYCA) [D:1.0000; C:1.0000]
 102.0000: (ASSOCIATE-WITH-CATALYZE_CDK2-CYCA_WEE1_CDK2P1-CYCA) [D:1.0000; C:1.0000]
 103.0000: (ASSOCIATE-WITH-CATALYZE_CDK2P1-CYCA_CDC25AP1_CDK2-CYCA) [D:1.0000; C:1.0000]
 104.0000: (ASSOCIATE-WITH-CATALYZE_CDK2-CYCA_WEE1_CDK2P1-CYCA) [D:1.0000; C:1.0000]
 105.0000: (ASSOCIATE-WITH-CATALYZE_CDK2P1-CYCA_CDC25AP1_CDK2-CYCA) [D:1.0000; C:1.0000]
 106.0000: (ASSOCIATE-WITH-CATALYZE_CDK2-CYCA_WEE1_CDK2P1-CYCA) [D:1.0000; C:1.0000]
 107.0000: (ASSOCIATE-WITH-CATALYZE_CDK2P1-CYCA_CDC25AP1_CDK2-CYCA) [D:1.0000; C:1.0000]
 108.0000: (ASSOCIATE-WITH-CATALYZE_CDK2-CYCA_WEE1_CDK2P1-CYCA) [D:1.0000; C:1.0000]
 109.0000: (ASSOCIATE-WITH-CATALYZE_CDK2P1-CYCA_CDC25AP1_CDK2-CYCA) [D:1.0000; C:1.0000]
 110.0000: (ASSOCIATE-WITH-CATALYZE_CDK2-CYCA_WEE1_CDK2P1-CYCA) [D:1.0000; C:1.0000]
 111.0000: (ASSOCIATE-WITH-CATALYZE_CDK2P1-CYCA_CDC25AP1_CDK2-CYCA) [D:1.0000; C:1.0000]
 112.0000: (ASSOCIATE-WITH-CATALYZE_CDK2-CYCA_WEE1_CDK2P1-CYCA) [D:1.0000; C:1.0000]
 113.0000: (ASSOCIATE-WITH-CATALYZE_CDK2P1-CYCA_CDC25AP1_CDK2-CYCA) [D:1.0000; C:1.0000]
 114.0000: (ASSOCIATE-WITH-CATALYZE_CDK2-CYCA_WEE1_CDK2P1-CYCA) [D:1.0000; C:1.0000]
 115.0000: (ASSOCIATE-WITH-CATALYZE_CDK2P1-CYCA_CDC25AP1_CDK2-CYCA) [D:1.0000; C:1.0000]
 116.0000: (ASSOCIATE-WITH-CATALYZE_CDK2-CYCA_WEE1_CDK2P1-CYCA) [D:1.0000; C:1.0000]
 117.0000: (ASSOCIATE-WITH-CATALYZE_CDK2P1-CYCA_CDC25AP1_CDK2-CYCA) [D:1.0000; C:1.0000]
 118.0000: (ASSOCIATE-WITH-CATALYZE_CDK2-CYCA_WEE1_CDK2P1-CYCA) [D:1.0000; C:1.0000]
 119.0000: (ASSOCIATE-WITH-CATALYZE_CDK2P1-CYCA_CDC25AP1_CDK2-CYCA) [D:1.0000; C:1.0000]
 120.0000: (ASSOCIATE-WITH-CATALYZE_CDK2-CYCA_WEE1_CDK2P1-CYCA) [D:1.0000; C:1.0000]
 121.0000: (ASSOCIATE-WITH-CATALYZE_CDK2P1-CYCA_CDC25AP1_CDK2-CYCA) [D:1.0000; C:1.0000]
 122.0000: (ASSOCIATE-WITH-CATALYZE_CDK2-CYCA_WEE1_CDK2P1-CYCA) [D:1.0000; C:1.0000]
 123.0000: (ASSOCIATE-WITH-CATALYZE_CDK2P1-CYCA_CDC25AP1_CDK2-CYCA) [D:1.0000; C:1.0000]
 124.0000: (ASSOCIATE-WITH-CATALYZE_CDK2-CYCA_WEE1_CDK2P1-CYCA) [D:1.0000; C:1.0000]
 125.0000: (ASSOCIATE-WITH-CATALYZE_CDK2P1-CYCA_CDC25AP1_CDK2-CYCA) [D:1.0000; C:1.0000]
 126.0000: (ASSOCIATE-WITH-CATALYZE_CDK2-CYCA_WEE1_CDK2P1-CYCA) [D:1.0000; C:1.0000]
 127.0000: (ASSOCIATE-WITH-CATALYZE_CDK2P1-CYCA_CDC25AP1_CDK2-CYCA) [D:1.0000; C:1.0000]
 128.0000: (ASSOCIATE-WITH-CATALYZE_CDK2-CYCA_WEE1_CDK2P1-CYCA) [D:1.0000; C:1.0000]
 129.0000: (ASSOCIATE-WITH-CATALYZE_CDK2P1-CYCA_CDC25AP1_CDK2-CYCA) [D:1.0000; C:1.0000]
 130.0000: (ASSOCIATE_SKP2_CDK2-CYCA_SKP2-CDK2-CYCA) [D:1.0000; C:1.0000]
 131.0000: (DUMMY-ACTION-8-2) [D:1.0000; C:1.0000]


Solution found:
Total time:      9.18
Search time:     8.79
Actions:         345
Execution cost:  345.00
Duration:        132.000
Plan quality:    345.000


Parsing domain file:  domain 'GROUNDED-PATHWAYS-PROPOSITIONAL' defined ... done.
Parsing problem file:  problem 'GROUNDED-PATHWAYS-28' defined ... done.



Modality: Fast Planner

Number of actions             :    3015
Number of conditional actions :       0
Number of facts               :     579


Analyzing Planning Problem:
	Temporal Planning Problem: NO
	Numeric Planning Problem: NO
	Problem with Timed Initial Litearals: NO
	Problem with Derived Predicates: NO

Evaluation function weights:
     Action duration 0.00; Action cost 1.00


Computing mutex... done

Preprocessing total time: 0.43 seconds

Searching ('.' = every 50 search steps):
........... search limit exceeded. Restart.
............. search limit exceeded. Restart.
.............. solution found: 

Plan computed:
   Time: (ACTION) [action Duration; action Cost]
 0.0000: (CHOOSE_CDK46P1_L1_L0) [D:1.0000; C:1.0000]
 1.0000: (CHOOSE_GE2_L2_L1) [D:1.0000; C:1.0000]
 1.0000: (INITIALIZE_CDK46P1) [D:1.0000; C:1.0000]
 2.0000: (INITIALIZE_GE2) [D:1.0000; C:1.0000]
 2.0000: (INITIALIZE_GE2) [D:1.0000; C:1.0000]
 2.0000: (INITIALIZE_GE2) [D:1.0000; C:1.0000]
 2.0000: (INITIALIZE_GE2) [D:1.0000; C:1.0000]
 2.0000: (INITIALIZE_GE2) [D:1.0000; C:1.0000]
 2.0000: (INITIALIZE_GE2) [D:1.0000; C:1.0000]
 2.0000: (INITIALIZE_GE2) [D:1.0000; C:1.0000]
 2.0000: (INITIALIZE_GE2) [D:1.0000; C:1.0000]
 2.0000: (INITIALIZE_GE2) [D:1.0000; C:1.0000]
 2.0000: (INITIALIZE_GE2) [D:1.0000; C:1.0000]
 2.0000: (INITIALIZE_GE2) [D:1.0000; C:1.0000]
 2.0000: (CHOOSE_SP1_L3_L2) [D:1.0000; C:1.0000]
 2.0000: (INITIALIZE_GE2) [D:1.0000; C:1.0000]
 3.0000: (CHOOSE_PCNA_L4_L3) [D:1.0000; C:1.0000]
 3.0000: (INITIALIZE_SP1) [D:1.0000; C:1.0000]
 4.0000: (CHOOSE_CDK7_L5_L4) [D:1.0000; C:1.0000]
 4.0000: (INITIALIZE_PCNA) [D:1.0000; C:1.0000]
 5.0000: (CHOOSE_CDK2P1_L6_L5) [D:1.0000; C:1.0000]
 5.0000: (INITIALIZE_CDK7) [D:1.0000; C:1.0000]
 6.0000: (CHOOSE_E2F13_L7_L6) [D:1.0000; C:1.0000]
 6.0000: (INITIALIZE_CDK2P1) [D:1.0000; C:1.0000]
 6.0000: (INITIALIZE_CDK2P1) [D:1.0000; C:1.0000]
 6.0000: (INITIALIZE_CDK2P1) [D:1.0000; C:1.0000]
 7.0000: (CHOOSE_CDK2_L8_L7) [D:1.0000; C:1.0000]
 7.0000: (INITIALIZE_E2F13) [D:1.0000; C:1.0000]
 8.0000: (CHOOSE_M1433_L9_L8) [D:1.0000; C:1.0000]
 8.0000: (INITIALIZE_CDK2) [D:1.0000; C:1.0000]
 9.0000: (INITIALIZE_M1433) [D:1.0000; C:1.0000]
 9.0000: (CHOOSE_PLK1_L10_L9) [D:1.0000; C:1.0000]
 10.0000: (INITIALIZE_PLK1) [D:1.0000; C:1.0000]
 10.0000: (CHOOSE_CHK1_L11_L10) [D:1.0000; C:1.0000]
 11.0000: (INITIALIZE_CHK1) [D:1.0000; C:1.0000]
 11.0000: (CHOOSE_CDC25C_L12_L11) [D:1.0000; C:1.0000]
 12.0000: (INITIALIZE_CDC25C) [D:1.0000; C:1.0000]
 12.0000: (CHOOSE_E2F13-DP12_L13_L12) [D:1.0000; C:1.0000]
 13.0000: (ASSOCIATE-WITH-CATALYZE_CDC25C_CHK1_CDC25CP2) [D:1.0000; C:1.0000]
 13.0000: (INITIALIZE_E2F13-DP12) [D:1.0000; C:1.0000]
 13.0000: (CHOOSE_HDAC1-P107-E2F4P1-DP12_L14_L13) [D:1.0000; C:1.0000]
 14.0000: (ASSOCIATE-WITH-CATALYZE_CDC25CP2_PLK1_CDC25CP1P2) [D:1.0000; C:1.0000]
 14.0000: (ASSOCIATE_E2F13-DP12_GE2_E2F13-DP12-GE2) [D:1.0000; C:1.0000]
 14.0000: (CHOOSE_GP19ARF_L15_L14) [D:1.0000; C:1.0000]
 15.0000: (ASSOCIATE_M1433_CDC25CP1P2_M1433-CDC25CP1P2) [D:1.0000; C:1.0000]
 15.0000: (SYNTHESIZE_E2F13-DP12-GE2_CYCA) [D:1.0000; C:1.0000]
 15.0000: (SYNTHESIZE_E2F13-DP12-GE2_CYCE) [D:1.0000; C:1.0000]
 15.0000: (SYNTHESIZE_E2F13-DP12-GE2_CYCEP1) [D:1.0000; C:1.0000]
 15.0000: (SYNTHESIZE_E2F13-DP12-GE2_P19ARF) [D:1.0000; C:1.0000]
 15.0000: (CHOOSE_DMP1_L16_L15) [D:1.0000; C:1.0000]
 15.0000: (SYNTHESIZE_E2F13-DP12-GE2_P107) [D:1.0000; C:1.0000]
 15.0000: (INITIALIZE_E2F13-DP12) [D:1.0000; C:1.0000]
 15.0000: (SYNTHESIZE_E2F13-DP12-GE2_C-MYC) [D:1.0000; C:1.0000]
 15.0000: (SYNTHESIZE_E2F13-DP12-GE2_CYCDP1) [D:1.0000; C:1.0000]
 16.0000: (DUMMY-ACTION-35-2) [D:1.0000; C:1.0000]
 16.0000: (ASSOCIATE_CDK2P1_CYCEP1_CDK2P1-CYCEP1) [D:1.0000; C:1.0000]
 16.0000: (DUMMY-ACTION-32-2) [D:1.0000; C:1.0000]
 16.0000: (CHOOSE_SKP2_L17_L16) [D:1.0000; C:1.0000]
 16.0000: (ASSOCIATE_SP1_P107_SP1-P107) [D:1.0000; C:1.0000]
 17.0000: (INITIALIZE_CDK2P1) [D:1.0000; C:1.0000]
 17.0000: (INITIALIZE_SKP2) [D:1.0000; C:1.0000]
 17.0000: (CHOOSE_CYCH_L18_L17) [D:1.0000; C:1.0000]
 17.0000: (INITIALIZE_SP1) [D:1.0000; C:1.0000]
 17.0000: (DUMMY-ACTION-30-2) [D:1.0000; C:1.0000]
 18.0000: (ASSOCIATE_CDK2P1_CYCE_CDK2P1-CYCE) [D:1.0000; C:1.0000]
 18.0000: (INITIALIZE_CYCH) [D:1.0000; C:1.0000]
 18.0000: (CHOOSE_P57_L19_L18) [D:1.0000; C:1.0000]
 19.0000: (INITIALIZE_CDK2P1) [D:1.0000; C:1.0000]
 19.0000: (ASSOCIATE_CDK7_CYCH_CDK7-CYCH) [D:1.0000; C:1.0000]
 19.0000: (INITIALIZE_P57) [D:1.0000; C:1.0000]
 19.0000: (CHOOSE_P16_L20_L19) [D:1.0000; C:1.0000]
 19.0000: (SYNTHESIZE_E2F13-DP12-GE2_CYCE) [D:1.0000; C:1.0000]
 20.0000: (ASSOCIATE_CDK2P1_CYCA_CDK2P1-CYCA) [D:1.0000; C:1.0000]
 20.0000: (ASSOCIATE-WITH-CATALYZE_CDK2_CDK7-CYCH_CDK2P2) [D:1.0000; C:1.0000]
 20.0000: (ASSOCIATE-WITH-CATALYZE_CDK46P1_CDK7-CYCH_CDK46P1P2) [D:1.0000; C:1.0000]
 20.0000: (INITIALIZE_P16) [D:1.0000; C:1.0000]
 20.0000: (CHOOSE_P53P1_L21_L20) [D:1.0000; C:1.0000]
 20.0000: (ASSOCIATE-WITH-CATALYZE_CDK2P1-CYCE_CDK7-CYCH_CDK2P1P2-CYCE) [D:1.0000; C:1.0000]
 20.0000: (ASSOCIATE-WITH-CATALYZE_CDK2P1-CYCEP1_CDK7-CYCH_CDK2P1P2-CYCEP1) [D:1.0000; C:1.0000]
 21.0000: (SYNTHESIZE_E2F13-DP12-GE2_CYCA) [D:1.0000; C:1.0000]
 21.0000: (INITIALIZE_CDK2) [D:1.0000; C:1.0000]
 21.0000: (ASSOCIATE-WITH-CATALYZE_CDK2P1-CYCA_CDK7-CYCH_CDK2P1P2-CYCA) [D:1.0000; C:1.0000]
 21.0000: (INITIALIZE_CDK2P1) [D:1.0000; C:1.0000]
 21.0000: (ASSOCIATE_P16_CDK46P1P2_P16-CDK46P1P2) [D:1.0000; C:1.0000]
 21.0000: (INITIALIZE_P53P1) [D:1.0000; C:1.0000]
 21.0000: (CHOOSE_DP12_L22_L21) [D:1.0000; C:1.0000]
 21.0000: (INITIALIZE_CDK46P1) [D:1.0000; C:1.0000]
 22.0000: (ASSOCIATE_CDK2P2_CYCA_CDK2P2-CYCA) [D:1.0000; C:1.0000]
 22.0000: (DUMMY-ACTION-28-2) [D:1.0000; C:1.0000]
 22.0000: (DUMMY-ACTION-34-1) [D:1.0000; C:1.0000]
 22.0000: (SYNTHESIZE_P53P1_P21) [D:1.0000; C:1.0000]
 22.0000: (INITIALIZE_DP12) [D:1.0000; C:1.0000]
 22.0000: (SYNTHESIZE_P53P1_MDM2) [D:1.0000; C:1.0000]
 22.0000: (CHOOSE_MAX_L23_L22) [D:1.0000; C:1.0000]
 22.0000: (INITIALIZE_P16) [D:1.0000; C:1.0000]
 23.0000: (SYNTHESIZE_E2F13-DP12-GE2_CYCA) [D:1.0000; C:1.0000]
 23.0000: (ASSOCIATE-WITH-CATALYZE_CDK2_CDK7-CYCH_CDK2P2) [D:1.0000; C:1.0000]
 23.0000: (ASSOCIATE-WITH-CATALYZE_SKP2_CDK2P2-CYCA_SKP2P1) [D:1.0000; C:1.0000]
 23.0000: (ASSOCIATE_PCNA_P21_PCNA-P21) [D:1.0000; C:1.0000]
 23.0000: (ASSOCIATE-WITH-CATALYZE_DP12_CDK2P2-CYCA_DP12P1) [D:1.0000; C:1.0000]
 23.0000: (ASSOCIATE_MDM2_E2F13-DP12_MDM2-E2F13-DP12) [D:1.0000; C:1.0000]
 23.0000: (ASSOCIATE-WITH-CATALYZE_E2F13_CDK2P2-CYCA_E2F13P1) [D:1.0000; C:1.0000]
 23.0000: (INITIALIZE_MAX) [D:1.0000; C:1.0000]
 23.0000: (CHOOSE_AP2_L24_L23) [D:1.0000; C:1.0000]
 24.0000: (INITIALIZE_CDK2) [D:1.0000; C:1.0000]
 24.0000: (DUMMY-ACTION-37-2) [D:1.0000; C:1.0000]
 24.0000: (SYNTHESIZE_P53P1_P21) [D:1.0000; C:1.0000]
 24.0000: (INITIALIZE_PCNA) [D:1.0000; C:1.0000]
 24.0000: (DUMMY-ACTION-29-1) [D:1.0000; C:1.0000]
 24.0000: (INITIALIZE_SKP2) [D:1.0000; C:1.0000]
 24.0000: (DUMMY-ACTION-24-2) [D:1.0000; C:1.0000]
 24.0000: (ASSOCIATE_CDK2P2-CYCA_E2F13P1_CDK2P2-CYCA-E2F13P1) [D:1.0000; C:1.0000]
 24.0000: (INITIALIZE_E2F13) [D:1.0000; C:1.0000]
 24.0000: (ASSOCIATE_C-MYC_MAX_C-MYC-MAX) [D:1.0000; C:1.0000]
 24.0000: (INITIALIZE_AP2) [D:1.0000; C:1.0000]
 24.0000: (CHOOSE_CDK46P3-CYCDP1_L25_L24) [D:1.0000; C:1.0000]
 25.0000: (ASSOCIATE_CDK2_CYCA_CDK2-CYCA) [D:1.0000; C:1.0000]
 25.0000: (ASSOCIATE_SKP2_CDK2P1P2-CYCA_SKP2-CDK2P1P2-CYCA) [D:1.0000; C:1.0000]
 25.0000: (DUMMY-ACTION-20-2) [D:1.0000; C:1.0000]
 25.0000: (DUMMY-ACTION-18-1) [D:1.0000; C:1.0000]
 25.0000: (INITIALIZE_CDK46P3-CYCDP1) [D:1.0000; C:1.0000]
 25.0000: (CHOOSE_PRBP2_L26_L25) [D:1.0000; C:1.0000]
 26.0000: (SYNTHESIZE_E2F13-DP12-GE2_CYCA) [D:1.0000; C:1.0000]
 26.0000: (DUMMY-ACTION-25-2) [D:1.0000; C:1.0000]
 26.0000: (ASSOCIATE-WITH-CATALYZE_CDK2-CYCA_CDK7-CYCH_CDK2P2-CYCA) [D:1.0000; C:1.0000]
 26.0000: (INITIALIZE_PRBP2) [D:1.0000; C:1.0000]
 26.0000: (CHOOSE_WEE1_L27_L26) [D:1.0000; C:1.0000]
 27.0000: (ASSOCIATE_CDK2P1_CYCA_CDK2P1-CYCA) [D:1.0000; C:1.0000]
 27.0000: (ASSOCIATE-WITH-CATALYZE_E2F13_CDK2P2-CYCA_E2F13P1) [D:1.0000; C:1.0000]
 27.0000: (ASSOCIATE-WITH-CATALYZE_PRBP2_CDK46P3-CYCDP1_PRBP1P2) [D:1.0000; C:1.0000]
 27.0000: (INITIALIZE_WEE1) [D:1.0000; C:1.0000]
 27.0000: (CHOOSE_RAF1_L28_L27) [D:1.0000; C:1.0000]
 28.0000: (ASSOCIATE_P57_CDK2P1-CYCA_P57-CDK2P1-CYCA) [D:1.0000; C:1.0000]
 28.0000: (INITIALIZE_CDK2P1) [D:1.0000; C:1.0000]
 28.0000: (SYNTHESIZE_E2F13-DP12-GE2_CYCA) [D:1.0000; C:1.0000]
 28.0000: (ASSOCIATE_SP1_E2F13P1_SP1-E2F13P1) [D:1.0000; C:1.0000]
 28.0000: (INITIALIZE_E2F13) [D:1.0000; C:1.0000]
 28.0000: (ASSOCIATE_PRBP1P2_AP2_PRBP1P2-AP2) [D:1.0000; C:1.0000]
 28.0000: (INITIALIZE_RAF1) [D:1.0000; C:1.0000]
 28.0000: (CHOOSE_GCDC25A_L29_L28) [D:1.0000; C:1.0000]
 29.0000: (DUMMY-ACTION-33-2) [D:1.0000; C:1.0000]
 29.0000: (ASSOCIATE_CDK2P1_CYCA_CDK2P1-CYCA) [D:1.0000; C:1.0000]
 29.0000: (INITIALIZE_P57) [D:1.0000; C:1.0000]
 29.0000: (ASSOCIATE-WITH-CATALYZE_E2F13_CDK2P2-CYCA_E2F13P1) [D:1.0000; C:1.0000]
 29.0000: (DUMMY-ACTION-21-2) [D:1.0000; C:1.0000]
 29.0000: (DUMMY-ACTION-17-2) [D:1.0000; C:1.0000]
 29.0000: (INITIALIZE_GCDC25A) [D:1.0000; C:1.0000]
 29.0000: (CHOOSE_GP_L30_L29) [D:1.0000; C:1.0000]
 30.0000: (INITIALIZE_CDK2P1) [D:1.0000; C:1.0000]
 30.0000: (ASSOCIATE_P57_CDK2P1P2-CYCEP1_P57-CDK2P1P2-CYCEP1) [D:1.0000; C:1.0000]
 30.0000: (ASSOCIATE-WITH-CATALYZE_CDK2P2-CYCA_WEE1_CDK2P1P2-CYCA) [D:1.0000; C:1.0000]
 30.0000: (ASSOCIATE_C-MYC-MAX_GCDC25A_C-MYC-MAX-GCDC25A) [D:1.0000; C:1.0000]
 30.0000: (INITIALIZE_GP) [D:1.0000; C:1.0000]
 30.0000: (CHOOSE_E2F5-DP12P1_L31_L30) [D:1.0000; C:1.0000]
 31.0000: (ASSOCIATE_CDK2P1_CYCE_CDK2P1-CYCE) [D:1.0000; C:1.0000]
 31.0000: (DUMMY-ACTION-26-1) [D:1.0000; C:1.0000]
 31.0000: (ASSOCIATE_CDK2P1P2-CYCA_E2F13P1_CDK2P1P2-CYCA-E2F13P1) [D:1.0000; C:1.0000]
 31.0000: (SYNTHESIZE_C-MYC-MAX-GCDC25A_CDC25A) [D:1.0000; C:1.0000]
 31.0000: (INITIALIZE_P57) [D:1.0000; C:1.0000]
 31.0000: (ASSOCIATE_SP1-E2F13P1_GP_SP1-E2F13P1-GP) [D:1.0000; C:1.0000]
 31.0000: (INITIALIZE_E2F5-DP12P1) [D:1.0000; C:1.0000]
 31.0000: (CHOOSE_P130_L32_L31) [D:1.0000; C:1.0000]
 32.0000: (DUMMY-ACTION-27-2) [D:1.0000; C:1.0000]
 32.0000: (SYNTHESIZE_E2F13-DP12-GE2_CYCE) [D:1.0000; C:1.0000]
 32.0000: (INITIALIZE_CDK2P1) [D:1.0000; C:1.0000]
 32.0000: (DUMMY-ACTION-15-2) [D:1.0000; C:1.0000]
 32.0000: (ASSOCIATE-WITH-CATALYZE_CDC25A_RAF1_CDC25AP1) [D:1.0000; C:1.0000]
 32.0000: (DUMMY-ACTION-8-2) [D:1.0000; C:1.0000]
 32.0000: (SYNTHESIZE_SP1-E2F13P1-GP_CYCD) [D:1.0000; C:1.0000]
 32.0000: (INITIALIZE_P130) [D:1.0000; C:1.0000]
 32.0000: (CHOOSE_HDAC1_L33_L32) [D:1.0000; C:1.0000]
 33.0000: (ASSOCIATE_PCNA-P21_CDK2P1-CYCE_PCNA-P21-CDK2P1-CYCE) [D:1.0000; C:1.0000]
 33.0000: (ASSOCIATE_CDK2P2_CYCE_CDK2P2-CYCE) [D:1.0000; C:1.0000]
 33.0000: (ASSOCIATE-WITH-CATALYZE_CDK46P1_CDC25AP1_CDK46) [D:1.0000; C:1.0000]
 33.0000: (DUMMY-ACTION-10-2) [D:1.0000; C:1.0000]
 33.0000: (SYNTHESIZE_C-MYC-MAX-GCDC25A_CDC25A) [D:1.0000; C:1.0000]
 33.0000: (ASSOCIATE_P130_E2F5-DP12P1_P130-E2F5-DP12P1) [D:1.0000; C:1.0000]
 33.0000: (INITIALIZE_HDAC1) [D:1.0000; C:1.0000]
 33.0000: (CHOOSE_P57P1_L34_L33) [D:1.0000; C:1.0000]
 34.0000: (DUMMY-ACTION-36-1) [D:1.0000; C:1.0000]
 34.0000: (ASSOCIATE_PCNA_P21_PCNA-P21) [D:1.0000; C:1.0000]
 34.0000: (SYNTHESIZE_E2F13-DP12-GE2_CYCE) [D:1.0000; C:1.0000]
 34.0000: (DUMMY-ACTION-13-1) [D:1.0000; C:1.0000]
 34.0000: (INITIALIZE_CDK46P1) [D:1.0000; C:1.0000]
 34.0000: (ASSOCIATE_HDAC1_P130-E2F5-DP12P1_HDAC1-P130-E2F5-DP12P1) [D:1.0000; C:1.0000]
 34.0000: (INITIALIZE_P57P1) [D:1.0000; C:1.0000]
 35.0000: (ASSOCIATE_PCNA-P21_CDK2P1P2-CYCE_PCNA-P21-CDK2P1P2-CYCE) [D:1.0000; C:1.0000]
 35.0000: (SYNTHESIZE_P53P1_P21) [D:1.0000; C:1.0000]
 35.0000: (INITIALIZE_PCNA) [D:1.0000; C:1.0000]
 35.0000: (ASSOCIATE_CDK2P1_CYCE_CDK2P1-CYCE) [D:1.0000; C:1.0000]
 35.0000: (ASSOCIATE_CDK46_CYCDP1_CDK46-CYCDP1) [D:1.0000; C:1.0000]
 35.0000: (DUMMY-ACTION-5-2) [D:1.0000; C:1.0000]
 36.0000: (DUMMY-ACTION-31-1) [D:1.0000; C:1.0000]
 36.0000: (ASSOCIATE_P21_CDK2P1-CYCA_P21-CDK2P1-CYCA) [D:1.0000; C:1.0000]
 36.0000: (ASSOCIATE-WITH-CATALYZE_CDK2P1-CYCE_CDK7-CYCH_CDK2P1P2-CYCE) [D:1.0000; C:1.0000]
 36.0000: (ASSOCIATE-WITH-CATALYZE_CDK46-CYCDP1_CDK7-CYCH_CDK46P2-CYCDP1) [D:1.0000; C:1.0000]
 36.0000: (ASSOCIATE-WITH-CATALYZE_CDK46P1_CDC25AP1_CDK46) [D:1.0000; C:1.0000]
 36.0000: (SYNTHESIZE_E2F13-DP12-GE2_CYCDP1) [D:1.0000; C:1.0000]
 37.0000: (DUMMY-ACTION-23-1) [D:1.0000; C:1.0000]
 37.0000: (SYNTHESIZE_P53P1_P21) [D:1.0000; C:1.0000]
 37.0000: (ASSOCIATE_CDK46_CYCDP1_CDK46-CYCDP1) [D:1.0000; C:1.0000]
 37.0000: (DUMMY-ACTION-6-2) [D:1.0000; C:1.0000]
 37.0000: (ASSOCIATE_RAF1_CDC25AP1_RAF1-CDC25AP1) [D:1.0000; C:1.0000]
 37.0000: (INITIALIZE_CDK46P1) [D:1.0000; C:1.0000]
 38.0000: (ASSOCIATE_PCNA_P21_PCNA-P21) [D:1.0000; C:1.0000]
 38.0000: (DUMMY-ACTION-2-1) [D:1.0000; C:1.0000]
 38.0000: (DUMMY-ACTION-11-1) [D:1.0000; C:1.0000]
 38.0000: (INITIALIZE_RAF1) [D:1.0000; C:1.0000]
 38.0000: (ASSOCIATE-WITH-CATALYZE_CDK46P1_CDK7-CYCH_CDK46P1P2) [D:1.0000; C:1.0000]
 39.0000: (ASSOCIATE_PCNA-P21_CDK2P2-CYCE_PCNA-P21-CDK2P2-CYCE) [D:1.0000; C:1.0000]
 39.0000: (SYNTHESIZE_P53P1_P21) [D:1.0000; C:1.0000]
 39.0000: (ASSOCIATE_P57_CDK46-CYCDP1_P57-CDK46-CYCDP1) [D:1.0000; C:1.0000]
 39.0000: (ASSOCIATE-WITH-CATALYZE_CDC25A_RAF1_CDC25AP1) [D:1.0000; C:1.0000]
 39.0000: (INITIALIZE_CDK46P1) [D:1.0000; C:1.0000]
 39.0000: (INITIALIZE_PCNA) [D:1.0000; C:1.0000]
 40.0000: (DUMMY-ACTION-22-1) [D:1.0000; C:1.0000]
 40.0000: (ASSOCIATE_P21_CDK2P1P2-CYCE_P21-CDK2P1P2-CYCE) [D:1.0000; C:1.0000]
 40.0000: (INITIALIZE_P57) [D:1.0000; C:1.0000]
 40.0000: (DUMMY-ACTION-14-2) [D:1.0000; C:1.0000]
 40.0000: (SYNTHESIZE_C-MYC-MAX-GCDC25A_CDC25A) [D:1.0000; C:1.0000]
 40.0000: (ASSOCIATE-WITH-CATALYZE_CDK46P1_CDC25AP1_CDK46) [D:1.0000; C:1.0000]
 40.0000: (ASSOCIATE-WITH-CATALYZE_CDK46P1P2_CDC25AP1_CDK46P2) [D:1.0000; C:1.0000]
 41.0000: (DUMMY-ACTION-19-1) [D:1.0000; C:1.0000]
 41.0000: (SYNTHESIZE_P53P1_P21) [D:1.0000; C:1.0000]
 41.0000: (ASSOCIATE_P57_CDK46P2-CYCDP1_P57-CDK46P2-CYCDP1) [D:1.0000; C:1.0000]
 41.0000: (ASSOCIATE_RAF1_CDC25A_RAF1-CDC25A) [D:1.0000; C:1.0000]
 41.0000: (ASSOCIATE_CDK46_CYCD_CDK46-CYCD) [D:1.0000; C:1.0000]
 41.0000: (ASSOCIATE_P16_CDK46P2_P16-CDK46P2) [D:1.0000; C:1.0000]
 41.0000: (INITIALIZE_CDK46P1) [D:1.0000; C:1.0000]
 42.0000: (ASSOCIATE_P53P1_DP12P1_P53P1-DP12P1) [D:1.0000; C:1.0000]
 42.0000: (DUMMY-ACTION-12-1) [D:1.0000; C:1.0000]
 42.0000: (DUMMY-ACTION-9-2) [D:1.0000; C:1.0000]
 42.0000: (DUMMY-ACTION-7-2) [D:1.0000; C:1.0000]
 42.0000: (DUMMY-ACTION-4-2) [D:1.0000; C:1.0000]
 42.0000: (ASSOCIATE_PCNA_P21_PCNA-P21) [D:1.0000; C:1.0000]
 42.0000: (ASSOCIATE-WITH-CATALYZE_CDK46P1_CDC25AP1_CDK46) [D:1.0000; C:1.0000]
 42.0000: (SYNTHESIZE_E2F13-DP12-GE2_CYCD) [D:1.0000; C:1.0000]
 43.0000: (DUMMY-ACTION-16-2) [D:1.0000; C:1.0000]
 43.0000: (ASSOCIATE_PCNA-P21_CDK46-CYCD_PCNA-P21-CDK46-CYCD) [D:1.0000; C:1.0000]
 44.0000: (DUMMY-ACTION-3-2) [D:1.0000; C:1.0000]
 44.0000: (ASSOCIATE_CDK46_CYCD_CDK46-CYCD) [D:1.0000; C:1.0000]
 45.0000: (ASSOCIATE_P57P1_CDK46-CYCD_P57P1-CDK46-CYCD) [D:1.0000; C:1.0000]
 46.0000: (DUMMY-ACTION-1-2) [D:1.0000; C:1.0000]


Solution found:
Total time:      4.41
Search time:     3.98
Actions:         243
Execution cost:  243.00
Duration:        47.000
Plan quality:    243.000


Parsing domain file:  domain 'GROUNDED-PATHWAYS-PROPOSITIONAL' defined ... done.
Parsing problem file:  problem 'GROUNDED-PATHWAYS-29' defined ... done.



Modality: Fast Planner

Number of actions             :    2062
Number of conditional actions :       0
Number of facts               :     505


Analyzing Planning Problem:
	Temporal Planning Problem: NO
	Numeric Planning Problem: NO
	Problem with Timed Initial Litearals: NO
	Problem with Derived Predicates: NO

Evaluation function weights:
     Action duration 0.00; Action cost 1.00


Computing mutex... done

Preprocessing total time: 0.23 seconds

Searching ('.' = every 50 search steps):
........... search limit exceeded. Restart.
............. search limit exceeded. Restart.
........... solution found: 

Plan computed:
   Time: (ACTION) [action Duration; action Cost]
 0.0000: (CHOOSE_E2F13P1-DP12P1_L1_L0) [D:1.0000; C:1.0000]
 1.0000: (INITIALIZE_E2F13P1-DP12P1) [D:1.0000; C:1.0000]
 1.0000: (CHOOSE_CDK46P3-CYCD_L2_L1) [D:1.0000; C:1.0000]
 1.0000: (INITIALIZE_E2F13P1-DP12P1) [D:1.0000; C:1.0000]
 2.0000: (CHOOSE_E2F4_L3_L2) [D:1.0000; C:1.0000]
 3.0000: (CHOOSE_GE2_L4_L3) [D:1.0000; C:1.0000]
 3.0000: (INITIALIZE_E2F4) [D:1.0000; C:1.0000]
 4.0000: (CHOOSE_E2F3_L5_L4) [D:1.0000; C:1.0000]
 4.0000: (INITIALIZE_GE2) [D:1.0000; C:1.0000]
 5.0000: (CHOOSE_DP12_L6_L5) [D:1.0000; C:1.0000]
 6.0000: (CHOOSE_P130_L7_L6) [D:1.0000; C:1.0000]
 6.0000: (INITIALIZE_DP12) [D:1.0000; C:1.0000]
 7.0000: (CHOOSE_PCNA_L8_L7) [D:1.0000; C:1.0000]
 7.0000: (ASSOCIATE_E2F4_DP12_E2F4-DP12) [D:1.0000; C:1.0000]
 7.0000: (INITIALIZE_P130) [D:1.0000; C:1.0000]
 8.0000: (CHOOSE_P57P1_L9_L8) [D:1.0000; C:1.0000]
 8.0000: (ASSOCIATE_P130_E2F4-DP12_P130-E2F4-DP12) [D:1.0000; C:1.0000]
 8.0000: (INITIALIZE_PCNA) [D:1.0000; C:1.0000]
 8.0000: (INITIALIZE_DP12) [D:1.0000; C:1.0000]
 8.0000: (INITIALIZE_E2F4) [D:1.0000; C:1.0000]
 9.0000: (CHOOSE_E2F4-DP12P1_L10_L9) [D:1.0000; C:1.0000]
 10.0000: (CHOOSE_P53_L11_L10) [D:1.0000; C:1.0000]
 10.0000: (INITIALIZE_E2F4-DP12P1) [D:1.0000; C:1.0000]
 11.0000: (CHOOSE_CDK46P3-CYCDP1_L12_L11) [D:1.0000; C:1.0000]
 11.0000: (INITIALIZE_P53) [D:1.0000; C:1.0000]
 12.0000: (INITIALIZE_CDK46P3-CYCDP1) [D:1.0000; C:1.0000]
 12.0000: (CHOOSE_PLK1_L13_L12) [D:1.0000; C:1.0000]
 12.0000: (SYNTHESIZE_P53_P21) [D:1.0000; C:1.0000]
 13.0000: (CHOOSE_PRB_L14_L13) [D:1.0000; C:1.0000]
 14.0000: (INITIALIZE_PRB) [D:1.0000; C:1.0000]
 14.0000: (CHOOSE_HDAC1_L15_L14) [D:1.0000; C:1.0000]
 15.0000: (ASSOCIATE-WITH-CATALYZE_PRB_CDK46P3-CYCDP1_PRBP1) [D:1.0000; C:1.0000]
 15.0000: (INITIALIZE_HDAC1) [D:1.0000; C:1.0000]
 15.0000: (CHOOSE_E2F13-DP12_L16_L15) [D:1.0000; C:1.0000]
 16.0000: (ASSOCIATE_PRBP1_E2F13P1-DP12P1_PRBP1-E2F13P1-DP12P1) [D:1.0000; C:1.0000]
 16.0000: (INITIALIZE_PRB) [D:1.0000; C:1.0000]
 16.0000: (INITIALIZE_E2F13-DP12) [D:1.0000; C:1.0000]
 16.0000: (CHOOSE_RAF1_L17_L16) [D:1.0000; C:1.0000]
 17.0000: (DUMMY-ACTION-36-2) [D:1.0000; C:1.0000]
 17.0000: (INITIALIZE_E2F13P1-DP12P1) [D:1.0000; C:1.0000]
 17.0000: (INITIALIZE_RAF1) [D:1.0000; C:1.0000]
 17.0000: (CHOOSE_CDK2_L18_L17) [D:1.0000; C:1.0000]
 18.0000: (ASSOCIATE_PRB_E2F13P1-DP12P1_PRB-E2F13P1-DP12P1) [D:1.0000; C:1.0000]
 18.0000: (ASSOCIATE_RAF1_PRBP1-E2F13P1-DP12P1_RAF1-PRBP1-E2F13P1-DP12P1) [D:1.0000; C:1.0000]
 18.0000: (INITIALIZE_CDK2) [D:1.0000; C:1.0000]
 18.0000: (CHOOSE_CDK2P1_L19_L18) [D:1.0000; C:1.0000]
 19.0000: (ASSOCIATE_HDAC1_PRB-E2F13P1-DP12P1_HDAC1-PRB-E2F13P1-DP12P1) [D:1.0000; C:1.0000]
 19.0000: (INITIALIZE_PRB) [D:1.0000; C:1.0000]
 19.0000: (INITIALIZE_RAF1) [D:1.0000; C:1.0000]
 19.0000: (INITIALIZE_E2F13P1-DP12P1) [D:1.0000; C:1.0000]
 19.0000: (INITIALIZE_CDK2P1) [D:1.0000; C:1.0000]
 19.0000: (CHOOSE_P27_L20_L19) [D:1.0000; C:1.0000]
 19.0000: (DUMMY-ACTION-22-1) [D:1.0000; C:1.0000]
 20.0000: (DUMMY-ACTION-39-2) [D:1.0000; C:1.0000]
 20.0000: (ASSOCIATE-WITH-CATALYZE_PRB_CDK46P3-CYCDP1_PRBP1) [D:1.0000; C:1.0000]
 20.0000: (INITIALIZE_HDAC1) [D:1.0000; C:1.0000]
 20.0000: (INITIALIZE_P27) [D:1.0000; C:1.0000]
 20.0000: (CHOOSE_P57_L21_L20) [D:1.0000; C:1.0000]
 21.0000: (ASSOCIATE_PRBP1_E2F13-DP12_PRBP1-E2F13-DP12) [D:1.0000; C:1.0000]
 21.0000: (INITIALIZE_PRB) [D:1.0000; C:1.0000]
 21.0000: (ASSOCIATE_HDAC1_P130-E2F4-DP12_HDAC1-P130-E2F4-DP12) [D:1.0000; C:1.0000]
 21.0000: (INITIALIZE_P57) [D:1.0000; C:1.0000]
 21.0000: (CHOOSE_CDK46P1_L22_L21) [D:1.0000; C:1.0000]
 22.0000: (ASSOCIATE-WITH-CATALYZE_PRB_CDK46P3-CYCDP1_PRBP1) [D:1.0000; C:1.0000]
 22.0000: (ASSOCIATE_RAF1_PRBP1-E2F13-DP12_RAF1-PRBP1-E2F13-DP12) [D:1.0000; C:1.0000]
 22.0000: (INITIALIZE_CDK46P1) [D:1.0000; C:1.0000]
 22.0000: (CHOOSE_RPA_L23_L22) [D:1.0000; C:1.0000]
 23.0000: (DUMMY-ACTION-35-2) [D:1.0000; C:1.0000]
 23.0000: (ASSOCIATE_PRBP1_E2F13P1-DP12P1_PRBP1-E2F13P1-DP12P1) [D:1.0000; C:1.0000]
 23.0000: (INITIALIZE_PRB) [D:1.0000; C:1.0000]
 23.0000: (INITIALIZE_RAF1) [D:1.0000; C:1.0000]
 23.0000: (INITIALIZE_RPA) [D:1.0000; C:1.0000]
 23.0000: (CHOOSE_CYCH_L24_L23) [D:1.0000; C:1.0000]
 24.0000: (ASSOCIATE_PRBP1-E2F13P1-DP12P1_GE2_PRBP1-E2F13P1-DP12P1-GE2) [D:1.0000; C:1.0000]
 24.0000: (ASSOCIATE-WITH-CATALYZE_PRB_CDK46P3-CYCDP1_PRBP1) [D:1.0000; C:1.0000]
 24.0000: (INITIALIZE_E2F13P1-DP12P1) [D:1.0000; C:1.0000]
 24.0000: (INITIALIZE_CYCH) [D:1.0000; C:1.0000]
 24.0000: (CHOOSE_CDK7_L25_L24) [D:1.0000; C:1.0000]
 25.0000: (INITIALIZE_GE2) [D:1.0000; C:1.0000]
 25.0000: (ASSOCIATE_PRBP1_E2F4-DP12P1_PRBP1-E2F4-DP12P1) [D:1.0000; C:1.0000]
 25.0000: (INITIALIZE_PRB) [D:1.0000; C:1.0000]
 25.0000: (DUMMY-ACTION-32-2) [D:1.0000; C:1.0000]
 25.0000: (INITIALIZE_CDK7) [D:1.0000; C:1.0000]
 25.0000: (CHOOSE_P68_L26_L25) [D:1.0000; C:1.0000]
 26.0000: (ASSOCIATE_RAF1-PRBP1-E2F13-DP12_GE2_RAF1-PRBP1-E2F13-DP12-GE2) [D:1.0000; C:1.0000]
 26.0000: (INITIALIZE_E2F4-DP12P1) [D:1.0000; C:1.0000]
 26.0000: (ASSOCIATE-WITH-CATALYZE_PRB_CDK46P3-CYCDP1_PRBP1) [D:1.0000; C:1.0000]
 26.0000: (DUMMY-ACTION-26-2) [D:1.0000; C:1.0000]
 26.0000: (ASSOCIATE_CDK7_CYCH_CDK7-CYCH) [D:1.0000; C:1.0000]
 26.0000: (INITIALIZE_P68) [D:1.0000; C:1.0000]
 26.0000: (CHOOSE_P53P1_L27_L26) [D:1.0000; C:1.0000]
 27.0000: (INITIALIZE_GE2) [D:1.0000; C:1.0000]
 27.0000: (SYNTHESIZE_RAF1-PRBP1-E2F13-DP12-GE2_P107) [D:1.0000; C:1.0000]
 27.0000: (INITIALIZE_PRB) [D:1.0000; C:1.0000]
 27.0000: (DUMMY-ACTION-31-1) [D:1.0000; C:1.0000]
 27.0000: (SYNTHESIZE_RAF1-PRBP1-E2F13-DP12-GE2_P107P1) [D:1.0000; C:1.0000]
 27.0000: (SYNTHESIZE_RAF1-PRBP1-E2F13-DP12-GE2_CYCEP1) [D:1.0000; C:1.0000]
 27.0000: (INITIALIZE_P53P1) [D:1.0000; C:1.0000]
 28.0000: (ASSOCIATE_P107_E2F4-DP12P1_P107-E2F4-DP12P1) [D:1.0000; C:1.0000]
 28.0000: (ASSOCIATE_PRB_E2F13P1-DP12P1_PRB-E2F13P1-DP12P1) [D:1.0000; C:1.0000]
 28.0000: (DUMMY-ACTION-29-2) [D:1.0000; C:1.0000]
 29.0000: (ASSOCIATE_P107-E2F4-DP12P1_GE2_P107-E2F4-DP12P1-GE2) [D:1.0000; C:1.0000]
 29.0000: (ASSOCIATE_RAF1_PRB-E2F13P1-DP12P1_RAF1-PRB-E2F13P1-DP12P1) [D:1.0000; C:1.0000]
 30.0000: (DUMMY-ACTION-38-1) [D:1.0000; C:1.0000]
 30.0000: (INITIALIZE_GE2) [D:1.0000; C:1.0000]
 30.0000: (DUMMY-ACTION-30-2) [D:1.0000; C:1.0000]
 30.0000: (INITIALIZE_RAF1) [D:1.0000; C:1.0000]
 31.0000: (ASSOCIATE_RAF1-PRB-E2F13P1-DP12P1_GE2_RAF1-PRB-E2F13P1-DP12P1-GE2) [D:1.0000; C:1.0000]
 32.0000: (INITIALIZE_GE2) [D:1.0000; C:1.0000]
 32.0000: (DUMMY-ACTION-37-2) [D:1.0000; C:1.0000]
 32.0000: (SYNTHESIZE_RAF1-PRB-E2F13P1-DP12P1-GE2_CYCE) [D:1.0000; C:1.0000]
 32.0000: (SYNTHESIZE_RAF1-PRB-E2F13P1-DP12P1-GE2_CYCA) [D:1.0000; C:1.0000]
 32.0000: (SYNTHESIZE_RAF1-PRB-E2F13P1-DP12P1-GE2_CYCDP1) [D:1.0000; C:1.0000]
 32.0000: (SYNTHESIZE_RAF1-PRB-E2F13P1-DP12P1-GE2_CYCD) [D:1.0000; C:1.0000]
 33.0000: (ASSOCIATE_CDK2_CYCE_CDK2-CYCE) [D:1.0000; C:1.0000]
 33.0000: (ASSOCIATE_HDAC1-P130-E2F4-DP12_GE2_HDAC1-P130-E2F4-DP12-GE2) [D:1.0000; C:1.0000]
 33.0000: (ASSOCIATE_CDK46P1_CYCDP1_CDK46P1-CYCDP1) [D:1.0000; C:1.0000]
 34.0000: (DUMMY-ACTION-34-2) [D:1.0000; C:1.0000]
 34.0000: (DUMMY-ACTION-33-2) [D:1.0000; C:1.0000]
 34.0000: (SYNTHESIZE_RAF1-PRBP1-E2F13-DP12-GE2_CYCE) [D:1.0000; C:1.0000]
 34.0000: (INITIALIZE_CDK2) [D:1.0000; C:1.0000]
 34.0000: (ASSOCIATE_P21_CDK46P1-CYCDP1_P21-CDK46P1-CYCDP1) [D:1.0000; C:1.0000]
 34.0000: (INITIALIZE_CDK46P1) [D:1.0000; C:1.0000]
 34.0000: (INITIALIZE_GE2) [D:1.0000; C:1.0000]
 35.0000: (ASSOCIATE_CDK2P1_CYCE_CDK2P1-CYCE) [D:1.0000; C:1.0000]
 35.0000: (ASSOCIATE_CDK2_CYCA_CDK2-CYCA) [D:1.0000; C:1.0000]
 35.0000: (DUMMY-ACTION-25-1) [D:1.0000; C:1.0000]
 35.0000: (SYNTHESIZE_P53_P21) [D:1.0000; C:1.0000]
 35.0000: (ASSOCIATE_CDK46P1_CYCD_CDK46P1-CYCD) [D:1.0000; C:1.0000]
 35.0000: (ASSOCIATE_RAF1-PRBP1-E2F13P1-DP12P1_GE2_RAF1-PRBP1-E2F13P1-DP12P1-GE2) [D:1.0000; C:1.0000]
 36.0000: (ASSOCIATE_P27_CDK2P1-CYCE_P27-CDK2P1-CYCE) [D:1.0000; C:1.0000]
 36.0000: (SYNTHESIZE_RAF1-PRBP1-E2F13-DP12-GE2_CYCA) [D:1.0000; C:1.0000]
 36.0000: (SYNTHESIZE_RAF1-PRB-E2F13P1-DP12P1-GE2_CYCA) [D:1.0000; C:1.0000]
 36.0000: (ASSOCIATE_P57_CDK2-CYCA_P57-CDK2-CYCA) [D:1.0000; C:1.0000]
 36.0000: (ASSOCIATE_PCNA_P21_PCNA-P21) [D:1.0000; C:1.0000]
 36.0000: (INITIALIZE_CDK2P1) [D:1.0000; C:1.0000]
 36.0000: (INITIALIZE_CDK2) [D:1.0000; C:1.0000]
 36.0000: (INITIALIZE_CDK46P1) [D:1.0000; C:1.0000]
 36.0000: (SYNTHESIZE_RAF1-PRBP1-E2F13P1-DP12P1-GE2_CYCE) [D:1.0000; C:1.0000]
 36.0000: (INITIALIZE_GE2) [D:1.0000; C:1.0000]
 36.0000: (SYNTHESIZE_RAF1-PRBP1-E2F13P1-DP12P1-GE2_CYCDP1) [D:1.0000; C:1.0000]
 36.0000: (SYNTHESIZE_RAF1-PRBP1-E2F13-DP12-GE2_CYCD) [D:1.0000; C:1.0000]
 37.0000: (DUMMY-ACTION-28-1) [D:1.0000; C:1.0000]
 37.0000: (INITIALIZE_P57) [D:1.0000; C:1.0000]
 37.0000: (DUMMY-ACTION-27-1) [D:1.0000; C:1.0000]
 37.0000: (ASSOCIATE_RPA_CYCA_RPA-CYCA) [D:1.0000; C:1.0000]
 37.0000: (ASSOCIATE_CDK2P1_CYCEP1_CDK2P1-CYCEP1) [D:1.0000; C:1.0000]
 37.0000: (INITIALIZE_P27) [D:1.0000; C:1.0000]
 37.0000: (SYNTHESIZE_P53_P21) [D:1.0000; C:1.0000]
 37.0000: (ASSOCIATE-WITH-CATALYZE_CDK2_CDK7-CYCH_CDK2P2) [D:1.0000; C:1.0000]
 37.0000: (ASSOCIATE_PCNA-P21_CDK46P1-CYCD_PCNA-P21-CDK46P1-CYCD) [D:1.0000; C:1.0000]
 37.0000: (ASSOCIATE_CDK46P1_CYCDP1_CDK46P1-CYCDP1) [D:1.0000; C:1.0000]
 37.0000: (INITIALIZE_PCNA) [D:1.0000; C:1.0000]
 38.0000: (DUMMY-ACTION-24-1) [D:1.0000; C:1.0000]
 38.0000: (ASSOCIATE_P27_CDK2P1-CYCEP1_P27-CDK2P1-CYCEP1) [D:1.0000; C:1.0000]
 38.0000: (INITIALIZE_CDK2P1) [D:1.0000; C:1.0000]
 38.0000: (SYNTHESIZE_RAF1-PRB-E2F13P1-DP12P1-GE2_CYCA) [D:1.0000; C:1.0000]
 38.0000: (SYNTHESIZE_RAF1-PRB-E2F13P1-DP12P1-GE2_CYCEP1) [D:1.0000; C:1.0000]
 38.0000: (INITIALIZE_CDK2) [D:1.0000; C:1.0000]
 38.0000: (ASSOCIATE-WITH-CATALYZE_CDK46P1-CYCDP1_CDK7-CYCH_CDK46P1P2-CYCDP1) [D:1.0000; C:1.0000]
 38.0000: (INITIALIZE_CDK46P1) [D:1.0000; C:1.0000]
 38.0000: (SYNTHESIZE_RAF1-PRBP1-E2F13P1-DP12P1-GE2_CYCDP1) [D:1.0000; C:1.0000]
 38.0000: (DUMMY-ACTION-4-1) [D:1.0000; C:1.0000]
 39.0000: (DUMMY-ACTION-23-1) [D:1.0000; C:1.0000]
 39.0000: (ASSOCIATE_CDK2P1_CYCA_CDK2P1-CYCA) [D:1.0000; C:1.0000]
 39.0000: (ASSOCIATE_CDK46P1_CYCDP1_CDK46P1-CYCDP1) [D:1.0000; C:1.0000]
 39.0000: (INITIALIZE_P27) [D:1.0000; C:1.0000]
 40.0000: (INITIALIZE_CDK2P1) [D:1.0000; C:1.0000]
 40.0000: (SYNTHESIZE_RAF1-PRB-E2F13P1-DP12P1-GE2_CYCA) [D:1.0000; C:1.0000]
 40.0000: (INITIALIZE_CDK46P1) [D:1.0000; C:1.0000]
 41.0000: (ASSOCIATE_CDK2P1_CYCEP1_CDK2P1-CYCEP1) [D:1.0000; C:1.0000]
 41.0000: (ASSOCIATE_CDK46P1_CYCD_CDK46P1-CYCD) [D:1.0000; C:1.0000]
 42.0000: (INITIALIZE_CDK2P1) [D:1.0000; C:1.0000]
 42.0000: (ASSOCIATE_P21_CDK2P1-CYCEP1_P21-CDK2P1-CYCEP1) [D:1.0000; C:1.0000]
 42.0000: (SYNTHESIZE_RAF1-PRBP1-E2F13-DP12-GE2_CYCEP1) [D:1.0000; C:1.0000]
 43.0000: (SYNTHESIZE_P53_P21) [D:1.0000; C:1.0000]
 43.0000: (ASSOCIATE_CDK2P2_CYCEP1_CDK2P2-CYCEP1) [D:1.0000; C:1.0000]
 43.0000: (DUMMY-ACTION-14-2) [D:1.0000; C:1.0000]
 44.0000: (ASSOCIATE_P21_CDK2P1-CYCA_P21-CDK2P1-CYCA) [D:1.0000; C:1.0000]
 44.0000: (ASSOCIATE_P57_CDK2P2-CYCEP1_P57-CDK2P2-CYCEP1) [D:1.0000; C:1.0000]
 44.0000: (ASSOCIATE-WITH-CATALYZE_CDK2_CDK7-CYCH_CDK2P2) [D:1.0000; C:1.0000]
 44.0000: (SYNTHESIZE_RAF1-PRB-E2F13P1-DP12P1-GE2_CYCEP1) [D:1.0000; C:1.0000]
 45.0000: (ASSOCIATE_CDK2P1_CYCA_CDK2P1-CYCA) [D:1.0000; C:1.0000]
 45.0000: (DUMMY-ACTION-21-1) [D:1.0000; C:1.0000]
 45.0000: (DUMMY-ACTION-20-2) [D:1.0000; C:1.0000]
 45.0000: (ASSOCIATE_CDK2P2_CYCE_CDK2P2-CYCE) [D:1.0000; C:1.0000]
 45.0000: (INITIALIZE_P57) [D:1.0000; C:1.0000]
 45.0000: (SYNTHESIZE_P53_P21) [D:1.0000; C:1.0000]
 45.0000: (INITIALIZE_CDK2) [D:1.0000; C:1.0000]
 46.0000: (ASSOCIATE_P57_CDK46P1P2-CYCDP1_P57-CDK46P1P2-CYCDP1) [D:1.0000; C:1.0000]
 46.0000: (ASSOCIATE_PCNA_P21_PCNA-P21) [D:1.0000; C:1.0000]
 46.0000: (INITIALIZE_CDK2P1) [D:1.0000; C:1.0000]
 46.0000: (ASSOCIATE-WITH-CATALYZE_P27_CDK2P2-CYCE_P27P1) [D:1.0000; C:1.0000]
 46.0000: (SYNTHESIZE_RAF1-PRB-E2F13P1-DP12P1-GE2_CYCA) [D:1.0000; C:1.0000]
 46.0000: (ASSOCIATE-WITH-CATALYZE_CDK2_CDK7-CYCH_CDK2P2) [D:1.0000; C:1.0000]
 46.0000: (ASSOCIATE-WITH-CATALYZE_P68_CDK2P2-CYCE_P68P1) [D:1.0000; C:1.0000]
 46.0000: (SYNTHESIZE_RAF1-PRB-E2F13P1-DP12P1-GE2_CYCE) [D:1.0000; C:1.0000]
 47.0000: (ASSOCIATE-WITH-CATALYZE_CDK46P1-CYCDP1_CDK7-CYCH_CDK46P1P2-CYCDP1) [D:1.0000; C:1.0000]
 47.0000: (DUMMY-ACTION-19-1) [D:1.0000; C:1.0000]
 47.0000: (ASSOCIATE_PCNA-P21_CDK2P1-CYCA_PCNA-P21-CDK2P1-CYCA) [D:1.0000; C:1.0000]
 47.0000: (ASSOCIATE-WITH-CATALYZE_CDK2P1_CDK7-CYCH_CDK2P1P2) [D:1.0000; C:1.0000]
 47.0000: (INITIALIZE_P27) [D:1.0000; C:1.0000]
 47.0000: (INITIALIZE_CDK2) [D:1.0000; C:1.0000]
 47.0000: (SYNTHESIZE_P53_P21) [D:1.0000; C:1.0000]
 48.0000: (DUMMY-ACTION-18-1) [D:1.0000; C:1.0000]
 48.0000: (INITIALIZE_CDK2P1) [D:1.0000; C:1.0000]
 48.0000: (ASSOCIATE_CDK2P1P2_CYCE_CDK2P1P2-CYCE) [D:1.0000; C:1.0000]
 48.0000: (ASSOCIATE_P21_CDK46P1-CYCD_P21-CDK46P1-CYCD) [D:1.0000; C:1.0000]
 49.0000: (ASSOCIATE_CDK2P1_CYCEP1_CDK2P1-CYCEP1) [D:1.0000; C:1.0000]
 49.0000: (SYNTHESIZE_RAF1-PRB-E2F13P1-DP12P1-GE2_CYCE) [D:1.0000; C:1.0000]
 49.0000: (DUMMY-ACTION-11-1) [D:1.0000; C:1.0000]
 50.0000: (INITIALIZE_CDK2P1) [D:1.0000; C:1.0000]
 50.0000: (ASSOCIATE-WITH-CATALYZE_CDK2P1-CYCEP1_CDK7-CYCH_CDK2P1P2-CYCEP1) [D:1.0000; C:1.0000]
 50.0000: (INITIALIZE_CDK2P1) [D:1.0000; C:1.0000]
 50.0000: (SYNTHESIZE_RAF1-PRBP1-E2F13P1-DP12P1-GE2_CYCEP1) [D:1.0000; C:1.0000]
 51.0000: (ASSOCIATE_P27P1_CDK2P1P2-CYCEP1_P27P1-CDK2P1P2-CYCEP1) [D:1.0000; C:1.0000]
 51.0000: (ASSOCIATE_CDK2P1_CYCA_CDK2P1-CYCA) [D:1.0000; C:1.0000]
 52.0000: (ASSOCIATE-WITH-CATALYZE_P27_CDK2P2-CYCE_P27P1) [D:1.0000; C:1.0000]
 52.0000: (DUMMY-ACTION-17-2) [D:1.0000; C:1.0000]
 52.0000: (SYNTHESIZE_RAF1-PRBP1-E2F13P1-DP12P1-GE2_CYCA) [D:1.0000; C:1.0000]
 52.0000: (INITIALIZE_CDK2P1) [D:1.0000; C:1.0000]
 53.0000: (ASSOCIATE_P27P1_CDK2P1-CYCA_P27P1-CDK2P1-CYCA) [D:1.0000; C:1.0000]
 53.0000: (ASSOCIATE_CDK2_CYCA_CDK2-CYCA) [D:1.0000; C:1.0000]
 53.0000: (ASSOCIATE_CDK2P1_CYCEP1_CDK2P1-CYCEP1) [D:1.0000; C:1.0000]
 53.0000: (INITIALIZE_P27) [D:1.0000; C:1.0000]
 54.0000: (DUMMY-ACTION-16-1) [D:1.0000; C:1.0000]
 54.0000: (ASSOCIATE-WITH-CATALYZE_CDK2-CYCA_CDK7-CYCH_CDK2P2-CYCA) [D:1.0000; C:1.0000]
 54.0000: (INITIALIZE_CDK2P1) [D:1.0000; C:1.0000]
 54.0000: (ASSOCIATE-WITH-CATALYZE_P27_CDK2P2-CYCE_P27P1) [D:1.0000; C:1.0000]
 54.0000: (SYNTHESIZE_RAF1-PRBP1-E2F13-DP12-GE2_CYCEP1) [D:1.0000; C:1.0000]
 55.0000: (ASSOCIATE-WITH-CATALYZE_P68P1_CDK2P2-CYCA_P68P1P2) [D:1.0000; C:1.0000]
 55.0000: (ASSOCIATE_P27P1_CDK2P1-CYCEP1_P27P1-CDK2P1-CYCEP1) [D:1.0000; C:1.0000]
 55.0000: (ASSOCIATE-WITH-CATALYZE_CDK2P1_CDK7-CYCH_CDK2P1P2) [D:1.0000; C:1.0000]
 55.0000: (INITIALIZE_P27) [D:1.0000; C:1.0000]
 55.0000: (ASSOCIATE-WITH-CATALYZE_DP12_CDK2P2-CYCA_DP12P1) [D:1.0000; C:1.0000]
 55.0000: (ASSOCIATE_CDK2P2_CYCEP1_CDK2P2-CYCEP1) [D:1.0000; C:1.0000]
 56.0000: (DUMMY-ACTION-15-2) [D:1.0000; C:1.0000]
 56.0000: (INITIALIZE_CDK2P1) [D:1.0000; C:1.0000]
 56.0000: (ASSOCIATE-WITH-CATALYZE_P27_CDK2P2-CYCE_P27P1) [D:1.0000; C:1.0000]
 56.0000: (ASSOCIATE_P53P1_DP12P1_P53P1-DP12P1) [D:1.0000; C:1.0000]
 56.0000: (INITIALIZE_DP12) [D:1.0000; C:1.0000]
 56.0000: (DUMMY-ACTION-9-1) [D:1.0000; C:1.0000]
 57.0000: (ASSOCIATE_CDK2P1_CYCE_CDK2P1-CYCE) [D:1.0000; C:1.0000]
 57.0000: (ASSOCIATE_P27P1_CDK2P1P2-CYCE_P27P1-CDK2P1P2-CYCE) [D:1.0000; C:1.0000]
 57.0000: (DUMMY-ACTION-12-1) [D:1.0000; C:1.0000]
 57.0000: (ASSOCIATE-WITH-CATALYZE_DP12_CDK2P2-CYCA_DP12P1) [D:1.0000; C:1.0000]
 57.0000: (INITIALIZE_P27) [D:1.0000; C:1.0000]
 58.0000: (DUMMY-ACTION-13-2) [D:1.0000; C:1.0000]
 58.0000: (ASSOCIATE_P53_DP12P1_P53-DP12P1) [D:1.0000; C:1.0000]
 58.0000: (INITIALIZE_DP12) [D:1.0000; C:1.0000]
 58.0000: (ASSOCIATE-WITH-CATALYZE_P27_CDK2P2-CYCE_P27P1) [D:1.0000; C:1.0000]
 58.0000: (SYNTHESIZE_RAF1-PRBP1-E2F13P1-DP12P1-GE2_CYCE) [D:1.0000; C:1.0000]
 59.0000: (DUMMY-ACTION-2-2) [D:1.0000; C:1.0000]
 59.0000: (ASSOCIATE_E2F4_DP12_E2F4-DP12) [D:1.0000; C:1.0000]
 59.0000: (INITIALIZE_P27) [D:1.0000; C:1.0000]
 59.0000: (ASSOCIATE_CDK2P1P2_CYCE_CDK2P1P2-CYCE) [D:1.0000; C:1.0000]
 59.0000: (ASSOCIATE_P27P1_CDK2P1-CYCE_P27P1-CDK2P1-CYCE) [D:1.0000; C:1.0000]
 60.0000: (ASSOCIATE_PRBP1_E2F4-DP12_PRBP1-E2F4-DP12) [D:1.0000; C:1.0000]
 60.0000: (ASSOCIATE_P27_CDK2P2-CYCEP1_P27-CDK2P2-CYCEP1) [D:1.0000; C:1.0000]
 60.0000: (DUMMY-ACTION-6-1) [D:1.0000; C:1.0000]
 61.0000: (ASSOCIATE_RAF1_PRBP1-E2F4-DP12_RAF1-PRBP1-E2F4-DP12) [D:1.0000; C:1.0000]
 61.0000: (DUMMY-ACTION-8-1) [D:1.0000; C:1.0000]
 61.0000: (INITIALIZE_P27) [D:1.0000; C:1.0000]
 62.0000: (ASSOCIATE_RAF1-PRBP1-E2F4-DP12_GE2_RAF1-PRBP1-E2F4-DP12-GE2) [D:1.0000; C:1.0000]
 62.0000: (ASSOCIATE_P27_CDK2P1P2-CYCE_P27-CDK2P1P2-CYCE) [D:1.0000; C:1.0000]
 63.0000: (DUMMY-ACTION-10-1) [D:1.0000; C:1.0000]
 63.0000: (DUMMY-ACTION-7-2) [D:1.0000; C:1.0000]
 63.0000: (INITIALIZE_P27) [D:1.0000; C:1.0000]
 64.0000: (ASSOCIATE-WITH-CATALYZE_P27_CDK2P2-CYCE_P27P1) [D:1.0000; C:1.0000]
 65.0000: (ASSOCIATE_P27P1_CDK46P1P2-CYCDP1_P27P1-CDK46P1P2-CYCDP1) [D:1.0000; C:1.0000]
 65.0000: (INITIALIZE_P27) [D:1.0000; C:1.0000]
 66.0000: (DUMMY-ACTION-5-2) [D:1.0000; C:1.0000]
 66.0000: (ASSOCIATE-WITH-CATALYZE_P27_CDK2P2-CYCE_P27P1) [D:1.0000; C:1.0000]
 67.0000: (INITIALIZE_P27) [D:1.0000; C:1.0000]
 67.0000: (ASSOCIATE_P27P1_CDK2P2-CYCA_P27P1-CDK2P2-CYCA) [D:1.0000; C:1.0000]
 68.0000: (ASSOCIATE-WITH-CATALYZE_P27_CDK2P2-CYCE_P27P1) [D:1.0000; C:1.0000]
 68.0000: (DUMMY-ACTION-1-2) [D:1.0000; C:1.0000]
 69.0000: (ASSOCIATE_P27P1_CDK2-CYCE_P27P1-CDK2-CYCE) [D:1.0000; C:1.0000]
 70.0000: (DUMMY-ACTION-3-1) [D:1.0000; C:1.0000]


Solution found:
Total time:      2.37
Search time:     2.14
Actions:         279
Execution cost:  279.00
Duration:        71.000
Plan quality:    279.000


Parsing domain file:  domain 'GROUNDED-PATHWAYS-PROPOSITIONAL' defined ... done.
Parsing problem file:  problem 'GROUNDED-PATHWAYS-30' defined ... done.



Modality: Fast Planner

Number of actions             :    2284
Number of conditional actions :       0
Number of facts               :     579


Analyzing Planning Problem:
	Temporal Planning Problem: NO
	Numeric Planning Problem: NO
	Problem with Timed Initial Litearals: NO
	Problem with Derived Predicates: NO

Evaluation function weights:
     Action duration 0.00; Action cost 1.00


Computing mutex... done

Preprocessing total time: 0.26 seconds

Searching ('.' = every 50 search steps):
........... search limit exceeded. Restart.
............. search limit exceeded. Restart.
............... search limit exceeded. Restart.
......... solution found: 

Plan computed:
   Time: (ACTION) [action Duration; action Cost]
 0.0000: (CHOOSE_MAX_L1_L0) [D:1.0000; C:1.0000]
 1.0000: (INITIALIZE_MAX) [D:1.0000; C:1.0000]
 1.0000: (CHOOSE_GE2_L2_L1) [D:1.0000; C:1.0000]
 2.0000: (INITIALIZE_GE2) [D:1.0000; C:1.0000]
 2.0000: (CHOOSE_E2F13-DP12_L3_L2) [D:1.0000; C:1.0000]
 3.0000: (INITIALIZE_E2F13-DP12) [D:1.0000; C:1.0000]
 3.0000: (CHOOSE_GCDC25A_L4_L3) [D:1.0000; C:1.0000]
 4.0000: (ASSOCIATE_E2F13-DP12_GE2_E2F13-DP12-GE2) [D:1.0000; C:1.0000]
 4.0000: (INITIALIZE_GCDC25A) [D:1.0000; C:1.0000]
 4.0000: (CHOOSE_RAF1_L5_L4) [D:1.0000; C:1.0000]
 5.0000: (SYNTHESIZE_E2F13-DP12-GE2_C-MYC) [D:1.0000; C:1.0000]
 5.0000: (INITIALIZE_RAF1) [D:1.0000; C:1.0000]
 5.0000: (CHOOSE_CDK46P1_L6_L5) [D:1.0000; C:1.0000]
 5.0000: (SYNTHESIZE_E2F13-DP12-GE2_CYCDP1) [D:1.0000; C:1.0000]
 5.0000: (SYNTHESIZE_E2F13-DP12-GE2_CYCA) [D:1.0000; C:1.0000]
 5.0000: (SYNTHESIZE_E2F13-DP12-GE2_CYCD) [D:1.0000; C:1.0000]
 5.0000: (SYNTHESIZE_E2F13-DP12-GE2_CYCEP1) [D:1.0000; C:1.0000]
 5.0000: (SYNTHESIZE_E2F13-DP12-GE2_CYCE) [D:1.0000; C:1.0000]
 6.0000: (ASSOCIATE_C-MYC_MAX_C-MYC-MAX) [D:1.0000; C:1.0000]
 6.0000: (INITIALIZE_CDK46P1) [D:1.0000; C:1.0000]
 6.0000: (CHOOSE_P53_L7_L6) [D:1.0000; C:1.0000]
 7.0000: (ASSOCIATE_C-MYC-MAX_GCDC25A_C-MYC-MAX-GCDC25A) [D:1.0000; C:1.0000]
 7.0000: (INITIALIZE_P53) [D:1.0000; C:1.0000]
 7.0000: (CHOOSE_PCNA_L8_L7) [D:1.0000; C:1.0000]
 8.0000: (SYNTHESIZE_C-MYC-MAX-GCDC25A_CDC25A) [D:1.0000; C:1.0000]
 8.0000: (SYNTHESIZE_P53_P21) [D:1.0000; C:1.0000]
 8.0000: (CHOOSE_CYCH_L9_L8) [D:1.0000; C:1.0000]
 8.0000: (INITIALIZE_PCNA) [D:1.0000; C:1.0000]
 9.0000: (DUMMY-ACTION-24-2) [D:1.0000; C:1.0000]
 9.0000: (INITIALIZE_CYCH) [D:1.0000; C:1.0000]
 9.0000: (CHOOSE_CDK7_L10_L9) [D:1.0000; C:1.0000]
 10.0000: (ASSOCIATE-WITH-CATALYZE_CDC25A_RAF1_CDC25AP1) [D:1.0000; C:1.0000]
 10.0000: (INITIALIZE_CDK7) [D:1.0000; C:1.0000]
 10.0000: (CHOOSE_CDK2P1_L11_L10) [D:1.0000; C:1.0000]
 11.0000: (ASSOCIATE-WITH-CATALYZE_CDK46P1_CDC25AP1_CDK46) [D:1.0000; C:1.0000]
 11.0000: (ASSOCIATE_CDK7_CYCH_CDK7-CYCH) [D:1.0000; C:1.0000]
 11.0000: (INITIALIZE_CDK2P1) [D:1.0000; C:1.0000]
 11.0000: (CHOOSE_GP_L12_L11) [D:1.0000; C:1.0000]
 11.0000: (SYNTHESIZE_C-MYC-MAX-GCDC25A_CDC25A) [D:1.0000; C:1.0000]
 11.0000: (DUMMY-ACTION-3-2) [D:1.0000; C:1.0000]
 12.0000: (ASSOCIATE_CDK46_CYCDP1_CDK46-CYCDP1) [D:1.0000; C:1.0000]
 12.0000: (ASSOCIATE-WITH-CATALYZE_CDK2P1_CDK7-CYCH_CDK2P1P2) [D:1.0000; C:1.0000]
 12.0000: (INITIALIZE_CDK46P1) [D:1.0000; C:1.0000]
 12.0000: (CHOOSE_E2F13_L13_L12) [D:1.0000; C:1.0000]
 12.0000: (ASSOCIATE_RAF1_CDC25A_RAF1-CDC25A) [D:1.0000; C:1.0000]
 12.0000: (INITIALIZE_GP) [D:1.0000; C:1.0000]
 13.0000: (ASSOCIATE_P21_CDK46-CYCDP1_P21-CDK46-CYCDP1) [D:1.0000; C:1.0000]
 13.0000: (INITIALIZE_CDK2P1) [D:1.0000; C:1.0000]
 13.0000: (ASSOCIATE-WITH-CATALYZE_CDK46P1_CDK7-CYCH_CDK46P1P2) [D:1.0000; C:1.0000]
 13.0000: (CHOOSE_SKP1_L14_L13) [D:1.0000; C:1.0000]
 13.0000: (INITIALIZE_E2F13) [D:1.0000; C:1.0000]
 13.0000: (SYNTHESIZE_E2F13-DP12-GE2_CYCDP1) [D:1.0000; C:1.0000]
 13.0000: (DUMMY-ACTION-14-1) [D:1.0000; C:1.0000]
 14.0000: (DUMMY-ACTION-40-1) [D:1.0000; C:1.0000]
 14.0000: (ASSOCIATE_CDK2P1_CYCA_CDK2P1-CYCA) [D:1.0000; C:1.0000]
 14.0000: (INITIALIZE_CDK46P1) [D:1.0000; C:1.0000]
 14.0000: (CHOOSE_HDAC1-PRBP1-E2F4-DP12_L15_L14) [D:1.0000; C:1.0000]
 14.0000: (SYNTHESIZE_P53_P21) [D:1.0000; C:1.0000]
 14.0000: (INITIALIZE_SKP1) [D:1.0000; C:1.0000]
 14.0000: (ASSOCIATE-WITH-CATALYZE_CDK46P1P2_CDC25AP1_CDK46P2) [D:1.0000; C:1.0000]
 15.0000: (ASSOCIATE-WITH-CATALYZE_CDK2P1-CYCA_CDC25AP1_CDK2-CYCA) [D:1.0000; C:1.0000]
 15.0000: (INITIALIZE_CDK2P1) [D:1.0000; C:1.0000]
 15.0000: (SYNTHESIZE_E2F13-DP12-GE2_CYCA) [D:1.0000; C:1.0000]
 15.0000: (ASSOCIATE-WITH-CATALYZE_CDK46P1_CDC25AP1_CDK46) [D:1.0000; C:1.0000]
 15.0000: (CHOOSE_P57P1_L16_L15) [D:1.0000; C:1.0000]
 16.0000: (ASSOCIATE_CDK2P1_CYCA_CDK2P1-CYCA) [D:1.0000; C:1.0000]
 16.0000: (INITIALIZE_P57P1) [D:1.0000; C:1.0000]
 16.0000: (ASSOCIATE_CDK46_CYCD_CDK46-CYCD) [D:1.0000; C:1.0000]
 16.0000: (INITIALIZE_CDK46P1) [D:1.0000; C:1.0000]
 16.0000: (CHOOSE_P27_L17_L16) [D:1.0000; C:1.0000]
 17.0000: (SYNTHESIZE_E2F13-DP12-GE2_CYCA) [D:1.0000; C:1.0000]
 17.0000: (ASSOCIATE_P57P1_CDK46-CYCD_P57P1-CDK46-CYCD) [D:1.0000; C:1.0000]
 17.0000: (ASSOCIATE-WITH-CATALYZE_CDK46P1_CDC25AP1_CDK46) [D:1.0000; C:1.0000]
 17.0000: (SYNTHESIZE_E2F13-DP12-GE2_CYCD) [D:1.0000; C:1.0000]
 17.0000: (INITIALIZE_CDK2P1) [D:1.0000; C:1.0000]
 17.0000: (INITIALIZE_P27) [D:1.0000; C:1.0000]
 17.0000: (CHOOSE_SP1_L18_L17) [D:1.0000; C:1.0000]
 18.0000: (ASSOCIATE_CDK2P1P2_CYCA_CDK2P1P2-CYCA) [D:1.0000; C:1.0000]
 18.0000: (ASSOCIATE_CDK46_CYCD_CDK46-CYCD) [D:1.0000; C:1.0000]
 18.0000: (DUMMY-ACTION-37-1) [D:1.0000; C:1.0000]
 18.0000: (INITIALIZE_CDK46P1) [D:1.0000; C:1.0000]
 18.0000: (INITIALIZE_SP1) [D:1.0000; C:1.0000]
 18.0000: (CHOOSE_CEBP_L19_L18) [D:1.0000; C:1.0000]
 19.0000: (ASSOCIATE-WITH-CATALYZE_CDK2P1P2-CYCA_CDC25AP1_CDK2P2-CYCA) [D:1.0000; C:1.0000]
 19.0000: (ASSOCIATE-WITH-CATALYZE_CDK46-CYCD_CDK7-CYCH_CDK46P2-CYCD) [D:1.0000; C:1.0000]
 19.0000: (ASSOCIATE-WITH-CATALYZE_CDK46P1_CDC25AP1_CDK46) [D:1.0000; C:1.0000]
 19.0000: (SYNTHESIZE_E2F13-DP12-GE2_CYCD) [D:1.0000; C:1.0000]
 19.0000: (ASSOCIATE-WITH-CATALYZE_CDK2P1_CDK7-CYCH_CDK2P1P2) [D:1.0000; C:1.0000]
 19.0000: (INITIALIZE_CEBP) [D:1.0000; C:1.0000]
 19.0000: (CHOOSE_CDK46P3-CYCDP1_L20_L19) [D:1.0000; C:1.0000]
 19.0000: (SYNTHESIZE_E2F13-DP12-GE2_CYCA) [D:1.0000; C:1.0000]
 20.0000: (DUMMY-ACTION-38-2) [D:1.0000; C:1.0000]
 20.0000: (ASSOCIATE_CDK46_CYCD_CDK46-CYCD) [D:1.0000; C:1.0000]
 20.0000: (INITIALIZE_CDK46P1) [D:1.0000; C:1.0000]
 20.0000: (INITIALIZE_CDK2P1) [D:1.0000; C:1.0000]
 20.0000: (ASSOCIATE-WITH-CATALYZE_E2F13_CDK2P2-CYCA_E2F13P1) [D:1.0000; C:1.0000]
 20.0000: (INITIALIZE_CDK46P3-CYCDP1) [D:1.0000; C:1.0000]
 20.0000: (CHOOSE_PRBP2_L21_L20) [D:1.0000; C:1.0000]
 20.0000: (ASSOCIATE-WITH-CATALYZE_SKP1_CDK2P2-CYCA_SKP1P1) [D:1.0000; C:1.0000]
 21.0000: (ASSOCIATE_P21_CDK46-CYCD_P21-CDK46-CYCD) [D:1.0000; C:1.0000]
 21.0000: (ASSOCIATE-WITH-CATALYZE_CDK46P1_CDC25AP1_CDK46) [D:1.0000; C:1.0000]
 21.0000: (SYNTHESIZE_E2F13-DP12-GE2_CYCD) [D:1.0000; C:1.0000]
 21.0000: (ASSOCIATE_CDK2P1_CYCEP1_CDK2P1-CYCEP1) [D:1.0000; C:1.0000]
 21.0000: (DUMMY-ACTION-9-1) [D:1.0000; C:1.0000]
 21.0000: (INITIALIZE_PRBP2) [D:1.0000; C:1.0000]
 21.0000: (DUMMY-ACTION-32-2) [D:1.0000; C:1.0000]
 21.0000: (CHOOSE_P57_L22_L21) [D:1.0000; C:1.0000]
 22.0000: (SYNTHESIZE_P53_P21) [D:1.0000; C:1.0000]
 22.0000: (ASSOCIATE_CDK46_CYCD_CDK46-CYCD) [D:1.0000; C:1.0000]
 22.0000: (INITIALIZE_CDK46P1) [D:1.0000; C:1.0000]
 22.0000: (ASSOCIATE-WITH-CATALYZE_CDK2P1-CYCEP1_CDC25AP1_CDK2-CYCEP1) [D:1.0000; C:1.0000]
 22.0000: (INITIALIZE_CDK2P1) [D:1.0000; C:1.0000]
 22.0000: (SYNTHESIZE_E2F13-DP12-GE2_CYCEP1) [D:1.0000; C:1.0000]
 22.0000: (ASSOCIATE_SP1_E2F13P1_SP1-E2F13P1) [D:1.0000; C:1.0000]
 22.0000: (ASSOCIATE-WITH-CATALYZE_PRBP2_CDK46P3-CYCDP1_PRBP1P2) [D:1.0000; C:1.0000]
 22.0000: (INITIALIZE_P57) [D:1.0000; C:1.0000]
 22.0000: (CHOOSE_DP12_L23_L22) [D:1.0000; C:1.0000]
 22.0000: (DUMMY-ACTION-16-1) [D:1.0000; C:1.0000]
 23.0000: (ASSOCIATE_PCNA_P21_PCNA-P21) [D:1.0000; C:1.0000]
 23.0000: (DUMMY-ACTION-33-1) [D:1.0000; C:1.0000]
 23.0000: (ASSOCIATE-WITH-CATALYZE_CDK46P1_CDC25AP1_CDK46) [D:1.0000; C:1.0000]
 23.0000: (SYNTHESIZE_E2F13-DP12-GE2_CYCD) [D:1.0000; C:1.0000]
 23.0000: (ASSOCIATE-WITH-CATALYZE_CDK2-CYCEP1_CDK7-CYCH_CDK2P2-CYCEP1) [D:1.0000; C:1.0000]
 23.0000: (ASSOCIATE_CDK2P1_CYCEP1_CDK2P1-CYCEP1) [D:1.0000; C:1.0000]
 23.0000: (DUMMY-ACTION-35-2) [D:1.0000; C:1.0000]
 23.0000: (ASSOCIATE_CEBP_PRBP1P2_CEBP-PRBP1P2) [D:1.0000; C:1.0000]
 23.0000: (INITIALIZE_DP12) [D:1.0000; C:1.0000]
 23.0000: (CHOOSE_GP19ARF_L24_L23) [D:1.0000; C:1.0000]
 24.0000: (SYNTHESIZE_P53_P21) [D:1.0000; C:1.0000]
 24.0000: (INITIALIZE_CDK46P1) [D:1.0000; C:1.0000]
 24.0000: (ASSOCIATE-WITH-CATALYZE_CDK2P1-CYCEP1_CDC25AP1_CDK2-CYCEP1) [D:1.0000; C:1.0000]
 24.0000: (INITIALIZE_PCNA) [D:1.0000; C:1.0000]
 24.0000: (INITIALIZE_CDK2P1) [D:1.0000; C:1.0000]
 24.0000: (SYNTHESIZE_E2F13-DP12-GE2_CYCEP1) [D:1.0000; C:1.0000]
 24.0000: (ASSOCIATE-WITH-CATALYZE_P27_CDK2P2-CYCEP1_P27P1) [D:1.0000; C:1.0000]
 24.0000: (DUMMY-ACTION-34-2) [D:1.0000; C:1.0000]
 24.0000: (ASSOCIATE-WITH-CATALYZE_DP12_CDK2P2-CYCA_DP12P1) [D:1.0000; C:1.0000]
 24.0000: (INITIALIZE_GP19ARF) [D:1.0000; C:1.0000]
 24.0000: (CHOOSE_DMP1_L25_L24) [D:1.0000; C:1.0000]
 24.0000: (DUMMY-ACTION-13-2) [D:1.0000; C:1.0000]
 24.0000: (ASSOCIATE_SP1-E2F13P1_GP_SP1-E2F13P1-GP) [D:1.0000; C:1.0000]
 25.0000: (ASSOCIATE_P21_CDK46P2-CYCD_P21-CDK46P2-CYCD) [D:1.0000; C:1.0000]
 25.0000: (ASSOCIATE_CDK2P1_CYCEP1_CDK2P1-CYCEP1) [D:1.0000; C:1.0000]
 25.0000: (INITIALIZE_P27) [D:1.0000; C:1.0000]
 25.0000: (INITIALIZE_DMP1) [D:1.0000; C:1.0000]
 25.0000: (DUMMY-ACTION-1-1) [D:1.0000; C:1.0000]
 26.0000: (ASSOCIATE-WITH-CATALYZE_CDK46-CYCD_CDK7-CYCH_CDK46P2-CYCD) [D:1.0000; C:1.0000]
 26.0000: (SYNTHESIZE_P53_P21) [D:1.0000; C:1.0000]
 26.0000: (INITIALIZE_CDK2P1) [D:1.0000; C:1.0000]
 26.0000: (SYNTHESIZE_E2F13-DP12-GE2_CYCEP1) [D:1.0000; C:1.0000]
 26.0000: (ASSOCIATE-WITH-CATALYZE_P27_CDK2P2-CYCEP1_P27P1) [D:1.0000; C:1.0000]
 26.0000: (DUMMY-ACTION-11-1) [D:1.0000; C:1.0000]
 26.0000: (ASSOCIATE-WITH-CATALYZE_DMP1_CDK46P3-CYCDP1_DMP1P1) [D:1.0000; C:1.0000]
 27.0000: (ASSOCIATE_CDK46_CYCD_CDK46-CYCD) [D:1.0000; C:1.0000]
 27.0000: (INITIALIZE_P27) [D:1.0000; C:1.0000]
 27.0000: (DUMMY-ACTION-30-2) [D:1.0000; C:1.0000]
 27.0000: (ASSOCIATE_DMP1P1_GP19ARF_DMP1P1-GP19ARF) [D:1.0000; C:1.0000]
 28.0000: (ASSOCIATE_PCNA-P21_CDK46-CYCD_PCNA-P21-CDK46-CYCD) [D:1.0000; C:1.0000]
 28.0000: (ASSOCIATE-WITH-CATALYZE_CDK46P1_CDC25AP1_CDK46) [D:1.0000; C:1.0000]
 28.0000: (SYNTHESIZE_E2F13-DP12-GE2_CYCD) [D:1.0000; C:1.0000]
 28.0000: (ASSOCIATE-WITH-CATALYZE_P27_CDK2P2-CYCEP1_P27P1) [D:1.0000; C:1.0000]
 28.0000: (DUMMY-ACTION-15-2) [D:1.0000; C:1.0000]
 29.0000: (ASSOCIATE_CDK46_CYCD_CDK46-CYCD) [D:1.0000; C:1.0000]
 29.0000: (DUMMY-ACTION-39-2) [D:1.0000; C:1.0000]
 29.0000: (ASSOCIATE_PCNA_P21_PCNA-P21) [D:1.0000; C:1.0000]
 29.0000: (ASSOCIATE_P27P1_CDK2-CYCA_P27P1-CDK2-CYCA) [D:1.0000; C:1.0000]
 29.0000: (INITIALIZE_P27) [D:1.0000; C:1.0000]
 29.0000: (INITIALIZE_CDK46P1) [D:1.0000; C:1.0000]
 30.0000: (ASSOCIATE_PCNA-P21_CDK2-CYCEP1_PCNA-P21-CDK2-CYCEP1) [D:1.0000; C:1.0000]
 30.0000: (ASSOCIATE-WITH-CATALYZE_P27_CDK2P2-CYCEP1_P27P1) [D:1.0000; C:1.0000]
 30.0000: (ASSOCIATE-WITH-CATALYZE_CDK46P1_CDC25AP1_CDK46) [D:1.0000; C:1.0000]
 30.0000: (INITIALIZE_PCNA) [D:1.0000; C:1.0000]
 30.0000: (SYNTHESIZE_P53_P21) [D:1.0000; C:1.0000]
 30.0000: (SYNTHESIZE_E2F13-DP12-GE2_CYCD) [D:1.0000; C:1.0000]
 30.0000: (DUMMY-ACTION-2-2) [D:1.0000; C:1.0000]
 30.0000: (ASSOCIATE-WITH-CATALYZE_CDK2P1-CYCA_CDC25AP1_CDK2-CYCA) [D:1.0000; C:1.0000]
 31.0000: (ASSOCIATE-WITH-CATALYZE_CDK2P1-CYCEP1_CDC25AP1_CDK2-CYCEP1) [D:1.0000; C:1.0000]
 31.0000: (ASSOCIATE_CDK46_CYCDP1_CDK46-CYCDP1) [D:1.0000; C:1.0000]
 31.0000: (ASSOCIATE_PCNA_P21_PCNA-P21) [D:1.0000; C:1.0000]
 31.0000: (INITIALIZE_CDK46P1) [D:1.0000; C:1.0000]
 31.0000: (DUMMY-ACTION-29-1) [D:1.0000; C:1.0000]
 31.0000: (INITIALIZE_P27) [D:1.0000; C:1.0000]
 31.0000: (DUMMY-ACTION-12-2) [D:1.0000; C:1.0000]
 32.0000: (ASSOCIATE_CDK2P1_CYCEP1_CDK2P1-CYCEP1) [D:1.0000; C:1.0000]
 32.0000: (ASSOCIATE-WITH-CATALYZE_CDK46-CYCDP1_CDK7-CYCH_CDK46P2-CYCDP1) [D:1.0000; C:1.0000]
 32.0000: (INITIALIZE_PCNA) [D:1.0000; C:1.0000]
 32.0000: (SYNTHESIZE_P53_P21) [D:1.0000; C:1.0000]
 32.0000: (ASSOCIATE-WITH-CATALYZE_CDK46P1_CDC25AP1_CDK46) [D:1.0000; C:1.0000]
 32.0000: (SYNTHESIZE_E2F13-DP12-GE2_CYCDP1) [D:1.0000; C:1.0000]
 33.0000: (SYNTHESIZE_E2F13-DP12-GE2_CYCEP1) [D:1.0000; C:1.0000]
 33.0000: (INITIALIZE_CDK2P1) [D:1.0000; C:1.0000]
 33.0000: (ASSOCIATE_P57_CDK46P2-CYCDP1_P57-CDK46P2-CYCDP1) [D:1.0000; C:1.0000]
 33.0000: (ASSOCIATE_PCNA_P21_PCNA-P21) [D:1.0000; C:1.0000]
 33.0000: (ASSOCIATE_CDK46_CYCDP1_CDK46-CYCDP1) [D:1.0000; C:1.0000]
 33.0000: (INITIALIZE_CDK46P1) [D:1.0000; C:1.0000]
 34.0000: (ASSOCIATE_CDK2P1P2_CYCEP1_CDK2P1P2-CYCEP1) [D:1.0000; C:1.0000]
 34.0000: (DUMMY-ACTION-31-1) [D:1.0000; C:1.0000]
 34.0000: (ASSOCIATE-WITH-CATALYZE_CDK46-CYCDP1_CDK7-CYCH_CDK46P2-CYCDP1) [D:1.0000; C:1.0000]
 34.0000: (INITIALIZE_PCNA) [D:1.0000; C:1.0000]
 34.0000: (SYNTHESIZE_P53_P21) [D:1.0000; C:1.0000]
 34.0000: (ASSOCIATE-WITH-CATALYZE_CDK46P1_CDC25AP1_CDK46) [D:1.0000; C:1.0000]
 34.0000: (SYNTHESIZE_E2F13-DP12-GE2_CYCDP1) [D:1.0000; C:1.0000]
 34.0000: (INITIALIZE_P57) [D:1.0000; C:1.0000]
 35.0000: (SYNTHESIZE_E2F13-DP12-GE2_CYCEP1) [D:1.0000; C:1.0000]
 35.0000: (ASSOCIATE_P27P1_CDK2P1P2-CYCEP1_P27P1-CDK2P1P2-CYCEP1) [D:1.0000; C:1.0000]
 35.0000: (ASSOCIATE_PCNA-P21_CDK46P2-CYCDP1_PCNA-P21-CDK46P2-CYCDP1) [D:1.0000; C:1.0000]
 35.0000: (ASSOCIATE_CDK46_CYCDP1_CDK46-CYCDP1) [D:1.0000; C:1.0000]
 35.0000: (INITIALIZE_CDK46P1) [D:1.0000; C:1.0000]
 36.0000: (ASSOCIATE_CDK2P1_CYCEP1_CDK2P1-CYCEP1) [D:1.0000; C:1.0000]
 36.0000: (DUMMY-ACTION-36-2) [D:1.0000; C:1.0000]
 36.0000: (ASSOCIATE_PCNA_P21_PCNA-P21) [D:1.0000; C:1.0000]
 36.0000: (ASSOCIATE-WITH-CATALYZE_P27_CDK2P2-CYCEP1_P27P1) [D:1.0000; C:1.0000]
 36.0000: (ASSOCIATE-WITH-CATALYZE_CDK46-CYCDP1_CDK7-CYCH_CDK46P2-CYCDP1) [D:1.0000; C:1.0000]
 36.0000: (ASSOCIATE-WITH-CATALYZE_CDK46P1_CDC25AP1_CDK46) [D:1.0000; C:1.0000]
 36.0000: (SYNTHESIZE_E2F13-DP12-GE2_CYCDP1) [D:1.0000; C:1.0000]
 36.0000: (DUMMY-ACTION-23-1) [D:1.0000; C:1.0000]
 37.0000: (INITIALIZE_PCNA) [D:1.0000; C:1.0000]
 37.0000: (SYNTHESIZE_P53_P21) [D:1.0000; C:1.0000]
 37.0000: (SYNTHESIZE_P53_P21) [D:1.0000; C:1.0000]
 37.0000: (INITIALIZE_CDK2P1) [D:1.0000; C:1.0000]
 37.0000: (ASSOCIATE_P27P1_CDK2-CYCEP1_P27P1-CDK2-CYCEP1) [D:1.0000; C:1.0000]
 37.0000: (INITIALIZE_P27) [D:1.0000; C:1.0000]
 37.0000: (ASSOCIATE_CDK46_CYCDP1_CDK46-CYCDP1) [D:1.0000; C:1.0000]
 37.0000: (INITIALIZE_CDK46P1) [D:1.0000; C:1.0000]
 38.0000: (ASSOCIATE_PCNA_P21_PCNA-P21) [D:1.0000; C:1.0000]
 38.0000: (ASSOCIATE-WITH-CATALYZE_P27_CDK2P2-CYCEP1_P27P1) [D:1.0000; C:1.0000]
 38.0000: (ASSOCIATE_CDK2P1_CYCE_CDK2P1-CYCE) [D:1.0000; C:1.0000]
 38.0000: (DUMMY-ACTION-21-1) [D:1.0000; C:1.0000]
 38.0000: (ASSOCIATE-WITH-CATALYZE_CDK46P1_CDC25AP1_CDK46) [D:1.0000; C:1.0000]
 38.0000: (SYNTHESIZE_E2F13-DP12-GE2_CYCDP1) [D:1.0000; C:1.0000]
 38.0000: (ASSOCIATE_P53_DP12P1_P53-DP12P1) [D:1.0000; C:1.0000]
 39.0000: (ASSOCIATE_P27P1_CDK2P1-CYCEP1_P27P1-CDK2P1-CYCEP1) [D:1.0000; C:1.0000]
 39.0000: (INITIALIZE_P27) [D:1.0000; C:1.0000]
 39.0000: (ASSOCIATE-WITH-CATALYZE_CDK2P1-CYCE_CDC25AP1_CDK2-CYCE) [D:1.0000; C:1.0000]
 39.0000: (INITIALIZE_CDK2P1) [D:1.0000; C:1.0000]
 39.0000: (SYNTHESIZE_E2F13-DP12-GE2_CYCE) [D:1.0000; C:1.0000]
 39.0000: (INITIALIZE_CDK46P1) [D:1.0000; C:1.0000]
 39.0000: (DUMMY-ACTION-20-1) [D:1.0000; C:1.0000]
 40.0000: (ASSOCIATE-WITH-CATALYZE_P27_CDK2P2-CYCEP1_P27P1) [D:1.0000; C:1.0000]
 40.0000: (DUMMY-ACTION-17-1) [D:1.0000; C:1.0000]
 40.0000: (ASSOCIATE_CDK2P1_CYCE_CDK2P1-CYCE) [D:1.0000; C:1.0000]
 40.0000: (ASSOCIATE-WITH-CATALYZE_CDK2-CYCE_CDK7-CYCH_CDK2P2-CYCE) [D:1.0000; C:1.0000]
 41.0000: (ASSOCIATE-WITH-CATALYZE_CDK2P1-CYCE_CDK7-CYCH_CDK2P1P2-CYCE) [D:1.0000; C:1.0000]
 41.0000: (INITIALIZE_CDK2P1) [D:1.0000; C:1.0000]
 41.0000: (SYNTHESIZE_E2F13-DP12-GE2_CYCE) [D:1.0000; C:1.0000]
 41.0000: (DUMMY-ACTION-27-1) [D:1.0000; C:1.0000]
 41.0000: (INITIALIZE_P27) [D:1.0000; C:1.0000]
 42.0000: (ASSOCIATE_CDK2P1_CYCE_CDK2P1-CYCE) [D:1.0000; C:1.0000]
 43.0000: (ASSOCIATE_P27P1_CDK2P1-CYCE_P27P1-CDK2P1-CYCE) [D:1.0000; C:1.0000]
 43.0000: (INITIALIZE_CDK2P1) [D:1.0000; C:1.0000]
 44.0000: (DUMMY-ACTION-28-1) [D:1.0000; C:1.0000]
 44.0000: (ASSOCIATE-WITH-CATALYZE_P27_CDK2P2-CYCEP1_P27P1) [D:1.0000; C:1.0000]
 44.0000: (ASSOCIATE_CDK2P1_CYCA_CDK2P1-CYCA) [D:1.0000; C:1.0000]
 45.0000: (INITIALIZE_P27) [D:1.0000; C:1.0000]
 45.0000: (ASSOCIATE_P27P1_CDK46P2-CYCD_P27P1-CDK46P2-CYCD) [D:1.0000; C:1.0000]
 46.0000: (ASSOCIATE-WITH-CATALYZE_P27_CDK2P2-CYCEP1_P27P1) [D:1.0000; C:1.0000]
 46.0000: (DUMMY-ACTION-4-1) [D:1.0000; C:1.0000]
 47.0000: (INITIALIZE_P27) [D:1.0000; C:1.0000]
 47.0000: (ASSOCIATE_P27P1_CDK2P1P2-CYCE_P27P1-CDK2P1P2-CYCE) [D:1.0000; C:1.0000]
 48.0000: (ASSOCIATE_P27_CDK46-CYCDP1_P27-CDK46-CYCDP1) [D:1.0000; C:1.0000]
 48.0000: (DUMMY-ACTION-18-1) [D:1.0000; C:1.0000]
 49.0000: (DUMMY-ACTION-26-1) [D:1.0000; C:1.0000]
 49.0000: (ASSOCIATE_CDK46_CYCDP1_CDK46-CYCDP1) [D:1.0000; C:1.0000]
 49.0000: (INITIALIZE_P27) [D:1.0000; C:1.0000]
 50.0000: (ASSOCIATE_P57_CDK46-CYCDP1_P57-CDK46-CYCDP1) [D:1.0000; C:1.0000]
 50.0000: (ASSOCIATE-WITH-CATALYZE_CDK46P1_CDC25AP1_CDK46) [D:1.0000; C:1.0000]
 50.0000: (SYNTHESIZE_E2F13-DP12-GE2_CYCDP1) [D:1.0000; C:1.0000]
 50.0000: (ASSOCIATE_P27_CDK2-CYCA_P27-CDK2-CYCA) [D:1.0000; C:1.0000]
 51.0000: (ASSOCIATE_CDK46_CYCDP1_CDK46-CYCDP1) [D:1.0000; C:1.0000]
 51.0000: (INITIALIZE_P57) [D:1.0000; C:1.0000]
 51.0000: (INITIALIZE_CDK46P1) [D:1.0000; C:1.0000]
 51.0000: (DUMMY-ACTION-22-1) [D:1.0000; C:1.0000]
 51.0000: (DUMMY-ACTION-19-1) [D:1.0000; C:1.0000]
 51.0000: (INITIALIZE_P27) [D:1.0000; C:1.0000]
 52.0000: (ASSOCIATE-WITH-CATALYZE_CDK46P1_CDC25AP1_CDK46) [D:1.0000; C:1.0000]
 52.0000: (ASSOCIATE-WITH-CATALYZE_CDK46-CYCDP1_CDK7-CYCH_CDK46P2-CYCDP1) [D:1.0000; C:1.0000]
 52.0000: (ASSOCIATE-WITH-CATALYZE_P27_CDK2P2-CYCE_P27P1) [D:1.0000; C:1.0000]
 53.0000: (ASSOCIATE_CDK46_CYCD_CDK46-CYCD) [D:1.0000; C:1.0000]
 53.0000: (INITIALIZE_P27) [D:1.0000; C:1.0000]
 53.0000: (INITIALIZE_CDK46P1) [D:1.0000; C:1.0000]
 53.0000: (ASSOCIATE_P27P1_CDK2P1-CYCA_P27P1-CDK2P1-CYCA) [D:1.0000; C:1.0000]
 54.0000: (ASSOCIATE-WITH-CATALYZE_CDK46-CYCD_CDK7-CYCH_CDK46P2-CYCD) [D:1.0000; C:1.0000]
 54.0000: (ASSOCIATE_P27_CDK2P2-CYCEP1_P27-CDK2P2-CYCEP1) [D:1.0000; C:1.0000]
 54.0000: (SYNTHESIZE_E2F13-DP12-GE2_CYCD) [D:1.0000; C:1.0000]
 54.0000: (ASSOCIATE-WITH-CATALYZE_CDK46P1_CDC25AP1_CDK46) [D:1.0000; C:1.0000]
 54.0000: (DUMMY-ACTION-25-1) [D:1.0000; C:1.0000]
 55.0000: (ASSOCIATE_P57_CDK46P2-CYCD_P57-CDK46P2-CYCD) [D:1.0000; C:1.0000]
 55.0000: (INITIALIZE_P27) [D:1.0000; C:1.0000]
 55.0000: (DUMMY-ACTION-10-1) [D:1.0000; C:1.0000]
 56.0000: (INITIALIZE_P57) [D:1.0000; C:1.0000]
 56.0000: (ASSOCIATE_P27_CDK46P2-CYCDP1_P27-CDK46P2-CYCDP1) [D:1.0000; C:1.0000]
 56.0000: (ASSOCIATE_CDK46P2_CYCD_CDK46P2-CYCD) [D:1.0000; C:1.0000]
 56.0000: (DUMMY-ACTION-7-1) [D:1.0000; C:1.0000]
 57.0000: (DUMMY-ACTION-8-1) [D:1.0000; C:1.0000]
 57.0000: (ASSOCIATE-WITH-CATALYZE_CDK46_CDK7-CYCH_CDK46P2) [D:1.0000; C:1.0000]
 57.0000: (SYNTHESIZE_E2F13-DP12-GE2_CYCD) [D:1.0000; C:1.0000]
 57.0000: (ASSOCIATE_P57_CDK2P2-CYCA_P57-CDK2P2-CYCA) [D:1.0000; C:1.0000]
 58.0000: (ASSOCIATE_CDK46P2_CYCD_CDK46P2-CYCD) [D:1.0000; C:1.0000]
 58.0000: (DUMMY-ACTION-5-2) [D:1.0000; C:1.0000]
 59.0000: (ASSOCIATE_PCNA-P21_CDK46P2-CYCD_PCNA-P21-CDK46P2-CYCD) [D:1.0000; C:1.0000]
 60.0000: (DUMMY-ACTION-6-2) [D:1.0000; C:1.0000]


Solution found:
Total time:      4.38
Search time:     4.12
Actions:         301
Execution cost:  301.00
Duration:        61.000
Plan quality:    301.000

