
Parsing domain file:  domain 'BLOCKS' defined ... done.
Parsing problem file:  problem 'BLOCKS-4-0' defined ... done.



Modality: Fast Planner

Number of actions             :      40
Number of conditional actions :       0
Number of facts               :      29


Analyzing Planning Problem:
	Temporal Planning Problem: NO
	Numeric Planning Problem: NO
	Problem with Timed Initial Litearals: NO
	Problem with Derived Predicates: NO

Evaluation function weights:
     Action duration 0.00; Action cost 1.00


Computing mutex... done

Preprocessing total time: 0.01 seconds

Searching ('.' = every 50 search steps):
 solution found: 

Plan computed:
   Time: (ACTION) [action Duration; action Cost]
 0.0000: (PICK-UP D) [D:1.0000; C:1.0000]
 1.0000: (STACK D C) [D:1.0000; C:1.0000]
 2.0000: (PICK-UP B) [D:1.0000; C:1.0000]
 3.0000: (STACK B A) [D:1.0000; C:1.0000]
 4.0000: (UNSTACK B A) [D:1.0000; C:1.0000]
 5.0000: (STACK B A) [D:1.0000; C:1.0000]
 6.0000: (UNSTACK D C) [D:1.0000; C:1.0000]
 7.0000: (PUT-DOWN D) [D:1.0000; C:1.0000]
 8.0000: (PICK-UP C) [D:1.0000; C:1.0000]
 9.0000: (STACK C B) [D:1.0000; C:1.0000]
 10.0000: (PICK-UP D) [D:1.0000; C:1.0000]
 11.0000: (STACK D C) [D:1.0000; C:1.0000]


Solution found:
Total time:      0.01
Search time:     0.00
Actions:         12
Execution cost:  12.00
Duration:        12.000
Plan quality:    12.000


Parsing domain file:  domain 'BLOCKS' defined ... done.
Parsing problem file:  problem 'BLOCKS-4-1' defined ... done.



Modality: Fast Planner

Number of actions             :      40
Number of conditional actions :       0
Number of facts               :      29


Analyzing Planning Problem:
	Temporal Planning Problem: NO
	Numeric Planning Problem: NO
	Problem with Timed Initial Litearals: NO
	Problem with Derived Predicates: NO

Evaluation function weights:
     Action duration 0.00; Action cost 1.00


Computing mutex... done

Preprocessing total time: 0.00 seconds

Searching ('.' = every 50 search steps):
 solution found: 

Plan computed:
   Time: (ACTION) [action Duration; action Cost]
 0.0000: (UNSTACK B C) [D:1.0000; C:1.0000]
 1.0000: (PUT-DOWN B) [D:1.0000; C:1.0000]
 2.0000: (UNSTACK C A) [D:1.0000; C:1.0000]
 3.0000: (PUT-DOWN C) [D:1.0000; C:1.0000]
 4.0000: (UNSTACK A D) [D:1.0000; C:1.0000]
 5.0000: (PUT-DOWN A) [D:1.0000; C:1.0000]
 6.0000: (PICK-UP D) [D:1.0000; C:1.0000]
 7.0000: (STACK D C) [D:1.0000; C:1.0000]
 8.0000: (PICK-UP A) [D:1.0000; C:1.0000]
 9.0000: (STACK A D) [D:1.0000; C:1.0000]
 10.0000: (UNSTACK A D) [D:1.0000; C:1.0000]
 11.0000: (STACK A B) [D:1.0000; C:1.0000]
 12.0000: (UNSTACK D C) [D:1.0000; C:1.0000]
 13.0000: (PUT-DOWN D) [D:1.0000; C:1.0000]
 14.0000: (PICK-UP C) [D:1.0000; C:1.0000]
 15.0000: (STACK C A) [D:1.0000; C:1.0000]
 16.0000: (PICK-UP D) [D:1.0000; C:1.0000]
 17.0000: (STACK D C) [D:1.0000; C:1.0000]


Solution found:
Total time:      0.02
Search time:     0.02
Actions:         18
Execution cost:  18.00
Duration:        18.000
Plan quality:    18.000


Parsing domain file:  domain 'BLOCKS' defined ... done.
Parsing problem file:  problem 'BLOCKS-4-2' defined ... done.



Modality: Fast Planner

Number of actions             :      40
Number of conditional actions :       0
Number of facts               :      29


Analyzing Planning Problem:
	Temporal Planning Problem: NO
	Numeric Planning Problem: NO
	Problem with Timed Initial Litearals: NO
	Problem with Derived Predicates: NO

Evaluation function weights:
     Action duration 0.00; Action cost 1.00


Computing mutex... done

Preprocessing total time: 0.00 seconds

Searching ('.' = every 50 search steps):
 solution found: 

Plan computed:
   Time: (ACTION) [action Duration; action Cost]
 0.0000: (UNSTACK C B) [D:1.0000; C:1.0000]
 1.0000: (PUT-DOWN C) [D:1.0000; C:1.0000]
 2.0000: (PICK-UP A) [D:1.0000; C:1.0000]
 3.0000: (STACK A B) [D:1.0000; C:1.0000]
 4.0000: (PICK-UP C) [D:1.0000; C:1.0000]
 5.0000: (STACK C D) [D:1.0000; C:1.0000]
 6.0000: (UNSTACK A B) [D:1.0000; C:1.0000]
 7.0000: (PUT-DOWN A) [D:1.0000; C:1.0000]
 8.0000: (PICK-UP B) [D:1.0000; C:1.0000]
 9.0000: (STACK B C) [D:1.0000; C:1.0000]
 10.0000: (PICK-UP A) [D:1.0000; C:1.0000]
 11.0000: (STACK A B) [D:1.0000; C:1.0000]


Solution found:
Total time:      0.00
Search time:     0.00
Actions:         12
Execution cost:  12.00
Duration:        12.000
Plan quality:    12.000


Parsing domain file:  domain 'BLOCKS' defined ... done.
Parsing problem file:  problem 'BLOCKS-5-0' defined ... done.



Modality: Fast Planner

Number of actions             :      60
Number of conditional actions :       0
Number of facts               :      41


Analyzing Planning Problem:
	Temporal Planning Problem: NO
	Numeric Planning Problem: NO
	Problem with Timed Initial Litearals: NO
	Problem with Derived Predicates: NO

Evaluation function weights:
     Action duration 0.00; Action cost 1.00


Computing mutex... done

Preprocessing total time: 0.01 seconds

Searching ('.' = every 50 search steps):
 solution found: 

Plan computed:
   Time: (ACTION) [action Duration; action Cost]
 0.0000: (UNSTACK C E) [D:1.0000; C:1.0000]
 1.0000: (PUT-DOWN C) [D:1.0000; C:1.0000]
 2.0000: (UNSTACK E B) [D:1.0000; C:1.0000]
 3.0000: (STACK E C) [D:1.0000; C:1.0000]
 4.0000: (UNSTACK B A) [D:1.0000; C:1.0000]
 5.0000: (PUT-DOWN B) [D:1.0000; C:1.0000]
 6.0000: (PICK-UP A) [D:1.0000; C:1.0000]
 7.0000: (STACK A E) [D:1.0000; C:1.0000]
 8.0000: (UNSTACK A E) [D:1.0000; C:1.0000]
 9.0000: (PUT-DOWN A) [D:1.0000; C:1.0000]
 10.0000: (UNSTACK E C) [D:1.0000; C:1.0000]
 11.0000: (PUT-DOWN E) [D:1.0000; C:1.0000]
 12.0000: (PICK-UP D) [D:1.0000; C:1.0000]
 13.0000: (STACK D C) [D:1.0000; C:1.0000]
 14.0000: (PICK-UP B) [D:1.0000; C:1.0000]
 15.0000: (STACK B D) [D:1.0000; C:1.0000]
 16.0000: (PICK-UP E) [D:1.0000; C:1.0000]
 17.0000: (STACK E B) [D:1.0000; C:1.0000]
 18.0000: (PICK-UP A) [D:1.0000; C:1.0000]
 19.0000: (STACK A E) [D:1.0000; C:1.0000]


Solution found:
Total time:      0.02
Search time:     0.01
Actions:         20
Execution cost:  20.00
Duration:        20.000
Plan quality:    20.000


Parsing domain file:  domain 'BLOCKS' defined ... done.
Parsing problem file:  problem 'BLOCKS-5-1' defined ... done.



Modality: Fast Planner

Number of actions             :      60
Number of conditional actions :       0
Number of facts               :      41


Analyzing Planning Problem:
	Temporal Planning Problem: NO
	Numeric Planning Problem: NO
	Problem with Timed Initial Litearals: NO
	Problem with Derived Predicates: NO

Evaluation function weights:
     Action duration 0.00; Action cost 1.00


Computing mutex... done

Preprocessing total time: 0.00 seconds

Searching ('.' = every 50 search steps):
 solution found: 

Plan computed:
   Time: (ACTION) [action Duration; action Cost]
 0.0000: (UNSTACK B A) [D:1.0000; C:1.0000]
 1.0000: (PUT-DOWN B) [D:1.0000; C:1.0000]
 2.0000: (UNSTACK A D) [D:1.0000; C:1.0000]
 3.0000: (PUT-DOWN A) [D:1.0000; C:1.0000]
 4.0000: (PICK-UP D) [D:1.0000; C:1.0000]
 5.0000: (PUT-DOWN D) [D:1.0000; C:1.0000]
 6.0000: (PICK-UP A) [D:1.0000; C:1.0000]
 7.0000: (STACK A C) [D:1.0000; C:1.0000]
 8.0000: (UNSTACK A C) [D:1.0000; C:1.0000]
 9.0000: (STACK A E) [D:1.0000; C:1.0000]
 10.0000: (PICK-UP B) [D:1.0000; C:1.0000]
 11.0000: (STACK B A) [D:1.0000; C:1.0000]
 12.0000: (PICK-UP C) [D:1.0000; C:1.0000]
 13.0000: (STACK C B) [D:1.0000; C:1.0000]
 14.0000: (PICK-UP D) [D:1.0000; C:1.0000]
 15.0000: (STACK D C) [D:1.0000; C:1.0000]


Solution found:
Total time:      0.00
Search time:     0.00
Actions:         16
Execution cost:  16.00
Duration:        16.000
Plan quality:    16.000


Parsing domain file:  domain 'BLOCKS' defined ... done.
Parsing problem file:  problem 'BLOCKS-5-2' defined ... done.



Modality: Fast Planner

Number of actions             :      60
Number of conditional actions :       0
Number of facts               :      41


Analyzing Planning Problem:
	Temporal Planning Problem: NO
	Numeric Planning Problem: NO
	Problem with Timed Initial Litearals: NO
	Problem with Derived Predicates: NO

Evaluation function weights:
     Action duration 0.00; Action cost 1.00


Computing mutex... done

Preprocessing total time: 0.01 seconds

Searching ('.' = every 50 search steps):
. solution found: 

Plan computed:
   Time: (ACTION) [action Duration; action Cost]
 0.0000: (UNSTACK D E) [D:1.0000; C:1.0000]
 1.0000: (PUT-DOWN D) [D:1.0000; C:1.0000]
 2.0000: (UNSTACK E C) [D:1.0000; C:1.0000]
 3.0000: (PUT-DOWN E) [D:1.0000; C:1.0000]
 4.0000: (UNSTACK C A) [D:1.0000; C:1.0000]
 5.0000: (PUT-DOWN C) [D:1.0000; C:1.0000]
 6.0000: (UNSTACK A B) [D:1.0000; C:1.0000]
 7.0000: (PUT-DOWN A) [D:1.0000; C:1.0000]
 8.0000: (PICK-UP E) [D:1.0000; C:1.0000]
 9.0000: (STACK E B) [D:1.0000; C:1.0000]
 10.0000: (PICK-UP D) [D:1.0000; C:1.0000]
 11.0000: (STACK D C) [D:1.0000; C:1.0000]
 12.0000: (UNSTACK E B) [D:1.0000; C:1.0000]
 13.0000: (STACK E D) [D:1.0000; C:1.0000]
 14.0000: (UNSTACK E D) [D:1.0000; C:1.0000]
 15.0000: (STACK E A) [D:1.0000; C:1.0000]
 16.0000: (UNSTACK D C) [D:1.0000; C:1.0000]
 17.0000: (STACK D E) [D:1.0000; C:1.0000]
 18.0000: (UNSTACK D E) [D:1.0000; C:1.0000]
 19.0000: (STACK D C) [D:1.0000; C:1.0000]
 20.0000: (PICK-UP B) [D:1.0000; C:1.0000]
 21.0000: (STACK B E) [D:1.0000; C:1.0000]
 22.0000: (UNSTACK D C) [D:1.0000; C:1.0000]
 23.0000: (PUT-DOWN D) [D:1.0000; C:1.0000]
 24.0000: (PICK-UP C) [D:1.0000; C:1.0000]
 25.0000: (STACK C B) [D:1.0000; C:1.0000]
 26.0000: (PICK-UP D) [D:1.0000; C:1.0000]
 27.0000: (STACK D C) [D:1.0000; C:1.0000]


Solution found:
Total time:      0.01
Search time:     0.00
Actions:         28
Execution cost:  28.00
Duration:        28.000
Plan quality:    28.000


Parsing domain file:  domain 'BLOCKS' defined ... done.
Parsing problem file:  problem 'BLOCKS-6-0' defined ... done.



Modality: Fast Planner

Number of actions             :      84
Number of conditional actions :       0
Number of facts               :      55


Analyzing Planning Problem:
	Temporal Planning Problem: NO
	Numeric Planning Problem: NO
	Problem with Timed Initial Litearals: NO
	Problem with Derived Predicates: NO

Evaluation function weights:
     Action duration 0.00; Action cost 1.00


Computing mutex... done

Preprocessing total time: 0.00 seconds

Searching ('.' = every 50 search steps):
. solution found: 

Plan computed:
   Time: (ACTION) [action Duration; action Cost]
 0.0000: (UNSTACK D A) [D:1.0000; C:1.0000]
 1.0000: (PUT-DOWN D) [D:1.0000; C:1.0000]
 2.0000: (UNSTACK A C) [D:1.0000; C:1.0000]
 3.0000: (STACK A D) [D:1.0000; C:1.0000]
 4.0000: (PICK-UP C) [D:1.0000; C:1.0000]
 5.0000: (PUT-DOWN C) [D:1.0000; C:1.0000]
 6.0000: (UNSTACK F E) [D:1.0000; C:1.0000]
 7.0000: (PUT-DOWN F) [D:1.0000; C:1.0000]
 8.0000: (UNSTACK E B) [D:1.0000; C:1.0000]
 9.0000: (PUT-DOWN E) [D:1.0000; C:1.0000]
 10.0000: (UNSTACK A D) [D:1.0000; C:1.0000]
 11.0000: (STACK A E) [D:1.0000; C:1.0000]
 12.0000: (UNSTACK A E) [D:1.0000; C:1.0000]
 13.0000: (PUT-DOWN A) [D:1.0000; C:1.0000]
 14.0000: (PICK-UP F) [D:1.0000; C:1.0000]
 15.0000: (STACK F E) [D:1.0000; C:1.0000]
 16.0000: (UNSTACK F E) [D:1.0000; C:1.0000]
 17.0000: (STACK F B) [D:1.0000; C:1.0000]
 18.0000: (UNSTACK F B) [D:1.0000; C:1.0000]
 19.0000: (STACK F C) [D:1.0000; C:1.0000]
 20.0000: (UNSTACK F C) [D:1.0000; C:1.0000]
 21.0000: (STACK F D) [D:1.0000; C:1.0000]
 22.0000: (PICK-UP E) [D:1.0000; C:1.0000]
 23.0000: (STACK E F) [D:1.0000; C:1.0000]
 24.0000: (PICK-UP A) [D:1.0000; C:1.0000]
 25.0000: (STACK A E) [D:1.0000; C:1.0000]
 26.0000: (PICK-UP B) [D:1.0000; C:1.0000]
 27.0000: (STACK B A) [D:1.0000; C:1.0000]
 28.0000: (PICK-UP C) [D:1.0000; C:1.0000]
 29.0000: (STACK C B) [D:1.0000; C:1.0000]


Solution found:
Total time:      0.01
Search time:     0.01
Actions:         30
Execution cost:  30.00
Duration:        30.000
Plan quality:    30.000


Parsing domain file:  domain 'BLOCKS' defined ... done.
Parsing problem file:  problem 'BLOCKS-6-1' defined ... done.



Modality: Fast Planner

Number of actions             :      84
Number of conditional actions :       0
Number of facts               :      55


Analyzing Planning Problem:
	Temporal Planning Problem: NO
	Numeric Planning Problem: NO
	Problem with Timed Initial Litearals: NO
	Problem with Derived Predicates: NO

Evaluation function weights:
     Action duration 0.00; Action cost 1.00


Computing mutex... done

Preprocessing total time: 0.00 seconds

Searching ('.' = every 50 search steps):
. solution found: 

Plan computed:
   Time: (ACTION) [action Duration; action Cost]
 0.0000: (UNSTACK A F) [D:1.0000; C:1.0000]
 1.0000: (PUT-DOWN A) [D:1.0000; C:1.0000]
 2.0000: (PICK-UP E) [D:1.0000; C:1.0000]
 3.0000: (STACK E F) [D:1.0000; C:1.0000]
 4.0000: (PICK-UP B) [D:1.0000; C:1.0000]
 5.0000: (STACK B A) [D:1.0000; C:1.0000]
 6.0000: (UNSTACK B A) [D:1.0000; C:1.0000]
 7.0000: (STACK B A) [D:1.0000; C:1.0000]
 8.0000: (UNSTACK B A) [D:1.0000; C:1.0000]
 9.0000: (STACK B D) [D:1.0000; C:1.0000]
 10.0000: (PICK-UP C) [D:1.0000; C:1.0000]
 11.0000: (STACK C A) [D:1.0000; C:1.0000]
 12.0000: (UNSTACK C A) [D:1.0000; C:1.0000]
 13.0000: (STACK C E) [D:1.0000; C:1.0000]
 14.0000: (UNSTACK B D) [D:1.0000; C:1.0000]
 15.0000: (PUT-DOWN B) [D:1.0000; C:1.0000]
 16.0000: (UNSTACK C E) [D:1.0000; C:1.0000]
 17.0000: (PUT-DOWN C) [D:1.0000; C:1.0000]
 18.0000: (UNSTACK E F) [D:1.0000; C:1.0000]
 19.0000: (STACK E D) [D:1.0000; C:1.0000]
 20.0000: (UNSTACK E D) [D:1.0000; C:1.0000]
 21.0000: (STACK E F) [D:1.0000; C:1.0000]
 22.0000: (PICK-UP A) [D:1.0000; C:1.0000]
 23.0000: (STACK A D) [D:1.0000; C:1.0000]
 24.0000: (PICK-UP B) [D:1.0000; C:1.0000]
 25.0000: (STACK B A) [D:1.0000; C:1.0000]
 26.0000: (PICK-UP C) [D:1.0000; C:1.0000]
 27.0000: (STACK C B) [D:1.0000; C:1.0000]
 28.0000: (UNSTACK E F) [D:1.0000; C:1.0000]
 29.0000: (PUT-DOWN E) [D:1.0000; C:1.0000]
 30.0000: (PICK-UP F) [D:1.0000; C:1.0000]
 31.0000: (STACK F C) [D:1.0000; C:1.0000]
 32.0000: (PICK-UP E) [D:1.0000; C:1.0000]
 33.0000: (STACK E F) [D:1.0000; C:1.0000]


Solution found:
Total time:      0.01
Search time:     0.01
Actions:         34
Execution cost:  34.00
Duration:        34.000
Plan quality:    34.000


Parsing domain file:  domain 'BLOCKS' defined ... done.
Parsing problem file:  problem 'BLOCKS-6-2' defined ... done.



Modality: Fast Planner

Number of actions             :      84
Number of conditional actions :       0
Number of facts               :      55


Analyzing Planning Problem:
	Temporal Planning Problem: NO
	Numeric Planning Problem: NO
	Problem with Timed Initial Litearals: NO
	Problem with Derived Predicates: NO

Evaluation function weights:
     Action duration 0.00; Action cost 1.00


Computing mutex... done

Preprocessing total time: 0.00 seconds

Searching ('.' = every 50 search steps):
. solution found: 

Plan computed:
   Time: (ACTION) [action Duration; action Cost]
 0.0000: (UNSTACK A D) [D:1.0000; C:1.0000]
 1.0000: (PUT-DOWN A) [D:1.0000; C:1.0000]
 2.0000: (UNSTACK D B) [D:1.0000; C:1.0000]
 3.0000: (PUT-DOWN D) [D:1.0000; C:1.0000]
 4.0000: (UNSTACK B F) [D:1.0000; C:1.0000]
 5.0000: (PUT-DOWN B) [D:1.0000; C:1.0000]
 6.0000: (UNSTACK F E) [D:1.0000; C:1.0000]
 7.0000: (STACK F D) [D:1.0000; C:1.0000]
 8.0000: (UNSTACK E C) [D:1.0000; C:1.0000]
 9.0000: (STACK E F) [D:1.0000; C:1.0000]
 10.0000: (PICK-UP A) [D:1.0000; C:1.0000]
 11.0000: (STACK A E) [D:1.0000; C:1.0000]
 12.0000: (UNSTACK A E) [D:1.0000; C:1.0000]
 13.0000: (PUT-DOWN A) [D:1.0000; C:1.0000]
 14.0000: (UNSTACK E F) [D:1.0000; C:1.0000]
 15.0000: (PUT-DOWN E) [D:1.0000; C:1.0000]
 16.0000: (PICK-UP C) [D:1.0000; C:1.0000]
 17.0000: (STACK C E) [D:1.0000; C:1.0000]
 18.0000: (UNSTACK F D) [D:1.0000; C:1.0000]
 19.0000: (PUT-DOWN F) [D:1.0000; C:1.0000]
 20.0000: (UNSTACK C E) [D:1.0000; C:1.0000]
 21.0000: (STACK C D) [D:1.0000; C:1.0000]
 22.0000: (PICK-UP B) [D:1.0000; C:1.0000]
 23.0000: (STACK B C) [D:1.0000; C:1.0000]
 24.0000: (PICK-UP A) [D:1.0000; C:1.0000]
 25.0000: (STACK A B) [D:1.0000; C:1.0000]
 26.0000: (PICK-UP F) [D:1.0000; C:1.0000]
 27.0000: (STACK F A) [D:1.0000; C:1.0000]
 28.0000: (PICK-UP E) [D:1.0000; C:1.0000]
 29.0000: (STACK E F) [D:1.0000; C:1.0000]


Solution found:
Total time:      0.00
Search time:     0.00
Actions:         30
Execution cost:  30.00
Duration:        30.000
Plan quality:    30.000


Parsing domain file:  domain 'BLOCKS' defined ... done.
Parsing problem file:  problem 'BLOCKS-7-0' defined ... done.



Modality: Fast Planner

Number of actions             :     112
Number of conditional actions :       0
Number of facts               :      71


Analyzing Planning Problem:
	Temporal Planning Problem: NO
	Numeric Planning Problem: NO
	Problem with Timed Initial Litearals: NO
	Problem with Derived Predicates: NO

Evaluation function weights:
     Action duration 0.00; Action cost 1.00


Computing mutex... done

Preprocessing total time: 0.00 seconds

Searching ('.' = every 50 search steps):
. solution found: 

Plan computed:
   Time: (ACTION) [action Duration; action Cost]
 0.0000: (UNSTACK E G) [D:1.0000; C:1.0000]
 1.0000: (PUT-DOWN E) [D:1.0000; C:1.0000]
 2.0000: (UNSTACK G B) [D:1.0000; C:1.0000]
 3.0000: (PUT-DOWN G) [D:1.0000; C:1.0000]
 4.0000: (UNSTACK B A) [D:1.0000; C:1.0000]
 5.0000: (PUT-DOWN B) [D:1.0000; C:1.0000]
 6.0000: (UNSTACK A F) [D:1.0000; C:1.0000]
 7.0000: (STACK A G) [D:1.0000; C:1.0000]
 8.0000: (UNSTACK F C) [D:1.0000; C:1.0000]
 9.0000: (PUT-DOWN F) [D:1.0000; C:1.0000]
 10.0000: (UNSTACK A G) [D:1.0000; C:1.0000]
 11.0000: (STACK A F) [D:1.0000; C:1.0000]
 12.0000: (UNSTACK C D) [D:1.0000; C:1.0000]
 13.0000: (PUT-DOWN C) [D:1.0000; C:1.0000]
 14.0000: (UNSTACK A F) [D:1.0000; C:1.0000]
 15.0000: (STACK A G) [D:1.0000; C:1.0000]
 16.0000: (PICK-UP F) [D:1.0000; C:1.0000]
 17.0000: (STACK F E) [D:1.0000; C:1.0000]
 18.0000: (PICK-UP C) [D:1.0000; C:1.0000]
 19.0000: (STACK C F) [D:1.0000; C:1.0000]
 20.0000: (PICK-UP B) [D:1.0000; C:1.0000]
 21.0000: (STACK B C) [D:1.0000; C:1.0000]
 22.0000: (PICK-UP D) [D:1.0000; C:1.0000]
 23.0000: (STACK D B) [D:1.0000; C:1.0000]
 24.0000: (UNSTACK A G) [D:1.0000; C:1.0000]
 25.0000: (PUT-DOWN A) [D:1.0000; C:1.0000]
 26.0000: (PICK-UP G) [D:1.0000; C:1.0000]
 27.0000: (STACK G D) [D:1.0000; C:1.0000]
 28.0000: (PICK-UP A) [D:1.0000; C:1.0000]
 29.0000: (STACK A G) [D:1.0000; C:1.0000]


Solution found:
Total time:      0.02
Search time:     0.02
Actions:         30
Execution cost:  30.00
Duration:        30.000
Plan quality:    30.000


Parsing domain file:  domain 'BLOCKS' defined ... done.
Parsing problem file:  problem 'BLOCKS-7-1' defined ... done.



Modality: Fast Planner

Number of actions             :     112
Number of conditional actions :       0
Number of facts               :      71


Analyzing Planning Problem:
	Temporal Planning Problem: NO
	Numeric Planning Problem: NO
	Problem with Timed Initial Litearals: NO
	Problem with Derived Predicates: NO

Evaluation function weights:
     Action duration 0.00; Action cost 1.00


Computing mutex... done

Preprocessing total time: 0.00 seconds

Searching ('.' = every 50 search steps):
. solution found: 

Plan computed:
   Time: (ACTION) [action Duration; action Cost]
 0.0000: (UNSTACK C D) [D:1.0000; C:1.0000]
 1.0000: (PUT-DOWN C) [D:1.0000; C:1.0000]
 2.0000: (UNSTACK D B) [D:1.0000; C:1.0000]
 3.0000: (PUT-DOWN D) [D:1.0000; C:1.0000]
 4.0000: (UNSTACK B E) [D:1.0000; C:1.0000]
 5.0000: (PUT-DOWN B) [D:1.0000; C:1.0000]
 6.0000: (PICK-UP C) [D:1.0000; C:1.0000]
 7.0000: (STACK C D) [D:1.0000; C:1.0000]
 8.0000: (UNSTACK E F) [D:1.0000; C:1.0000]
 9.0000: (STACK E C) [D:1.0000; C:1.0000]
 10.0000: (UNSTACK A G) [D:1.0000; C:1.0000]
 11.0000: (PUT-DOWN A) [D:1.0000; C:1.0000]
 12.0000: (UNSTACK E C) [D:1.0000; C:1.0000]
 13.0000: (STACK E B) [D:1.0000; C:1.0000]
 14.0000: (PICK-UP G) [D:1.0000; C:1.0000]
 15.0000: (STACK G C) [D:1.0000; C:1.0000]
 16.0000: (PICK-UP F) [D:1.0000; C:1.0000]
 17.0000: (STACK F G) [D:1.0000; C:1.0000]
 18.0000: (UNSTACK E B) [D:1.0000; C:1.0000]
 19.0000: (STACK E A) [D:1.0000; C:1.0000]
 20.0000: (PICK-UP B) [D:1.0000; C:1.0000]
 21.0000: (STACK B F) [D:1.0000; C:1.0000]
 22.0000: (UNSTACK E A) [D:1.0000; C:1.0000]
 23.0000: (STACK E B) [D:1.0000; C:1.0000]
 24.0000: (PICK-UP A) [D:1.0000; C:1.0000]
 25.0000: (STACK A E) [D:1.0000; C:1.0000]


Solution found:
Total time:      0.01
Search time:     0.01
Actions:         26
Execution cost:  26.00
Duration:        26.000
Plan quality:    26.000


Parsing domain file:  domain 'BLOCKS' defined ... done.
Parsing problem file:  problem 'BLOCKS-7-2' defined ... done.



Modality: Fast Planner

Number of actions             :     112
Number of conditional actions :       0
Number of facts               :      71


Analyzing Planning Problem:
	Temporal Planning Problem: NO
	Numeric Planning Problem: NO
	Problem with Timed Initial Litearals: NO
	Problem with Derived Predicates: NO

Evaluation function weights:
     Action duration 0.00; Action cost 1.00


Computing mutex... done

Preprocessing total time: 0.01 seconds

Searching ('.' = every 50 search steps):
. solution found: 

Plan computed:
   Time: (ACTION) [action Duration; action Cost]
 0.0000: (UNSTACK B C) [D:1.0000; C:1.0000]
 1.0000: (STACK B A) [D:1.0000; C:1.0000]
 2.0000: (UNSTACK C G) [D:1.0000; C:1.0000]
 3.0000: (PUT-DOWN C) [D:1.0000; C:1.0000]
 4.0000: (UNSTACK G E) [D:1.0000; C:1.0000]
 5.0000: (PUT-DOWN G) [D:1.0000; C:1.0000]
 6.0000: (UNSTACK E F) [D:1.0000; C:1.0000]
 7.0000: (PUT-DOWN E) [D:1.0000; C:1.0000]
 8.0000: (UNSTACK B A) [D:1.0000; C:1.0000]
 9.0000: (STACK B F) [D:1.0000; C:1.0000]
 10.0000: (PICK-UP C) [D:1.0000; C:1.0000]
 11.0000: (STACK C G) [D:1.0000; C:1.0000]
 12.0000: (UNSTACK B F) [D:1.0000; C:1.0000]
 13.0000: (PUT-DOWN B) [D:1.0000; C:1.0000]
 14.0000: (UNSTACK A D) [D:1.0000; C:1.0000]
 15.0000: (PUT-DOWN A) [D:1.0000; C:1.0000]
 16.0000: (PICK-UP B) [D:1.0000; C:1.0000]
 17.0000: (PUT-DOWN B) [D:1.0000; C:1.0000]
 18.0000: (PICK-UP A) [D:1.0000; C:1.0000]
 19.0000: (STACK A F) [D:1.0000; C:1.0000]
 20.0000: (UNSTACK A F) [D:1.0000; C:1.0000]
 21.0000: (STACK A C) [D:1.0000; C:1.0000]
 22.0000: (PICK-UP D) [D:1.0000; C:1.0000]
 23.0000: (STACK D A) [D:1.0000; C:1.0000]
 24.0000: (PICK-UP F) [D:1.0000; C:1.0000]
 25.0000: (STACK F D) [D:1.0000; C:1.0000]
 26.0000: (PICK-UP B) [D:1.0000; C:1.0000]
 27.0000: (STACK B F) [D:1.0000; C:1.0000]
 28.0000: (PICK-UP E) [D:1.0000; C:1.0000]
 29.0000: (STACK E B) [D:1.0000; C:1.0000]


Solution found:
Total time:      0.02
Search time:     0.01
Actions:         30
Execution cost:  30.00
Duration:        30.000
Plan quality:    30.000


Parsing domain file:  domain 'BLOCKS' defined ... done.
Parsing problem file:  problem 'BLOCKS-8-0' defined ... done.



Modality: Fast Planner

Number of actions             :     144
Number of conditional actions :       0
Number of facts               :      89


Analyzing Planning Problem:
	Temporal Planning Problem: NO
	Numeric Planning Problem: NO
	Problem with Timed Initial Litearals: NO
	Problem with Derived Predicates: NO

Evaluation function weights:
     Action duration 0.00; Action cost 1.00


Computing mutex... done

Preprocessing total time: 0.01 seconds

Searching ('.' = every 50 search steps):
. solution found: 

Plan computed:
   Time: (ACTION) [action Duration; action Cost]
 0.0000: (UNSTACK D H) [D:1.0000; C:1.0000]
 1.0000: (PUT-DOWN D) [D:1.0000; C:1.0000]
 2.0000: (PICK-UP C) [D:1.0000; C:1.0000]
 3.0000: (PUT-DOWN C) [D:1.0000; C:1.0000]
 4.0000: (UNSTACK H F) [D:1.0000; C:1.0000]
 5.0000: (STACK H D) [D:1.0000; C:1.0000]
 6.0000: (UNSTACK A G) [D:1.0000; C:1.0000]
 7.0000: (STACK A B) [D:1.0000; C:1.0000]
 8.0000: (UNSTACK G E) [D:1.0000; C:1.0000]
 9.0000: (PUT-DOWN G) [D:1.0000; C:1.0000]
 10.0000: (PICK-UP E) [D:1.0000; C:1.0000]
 11.0000: (PUT-DOWN E) [D:1.0000; C:1.0000]
 12.0000: (PICK-UP F) [D:1.0000; C:1.0000]
 13.0000: (STACK F E) [D:1.0000; C:1.0000]
 14.0000: (UNSTACK A B) [D:1.0000; C:1.0000]
 15.0000: (PUT-DOWN A) [D:1.0000; C:1.0000]
 16.0000: (UNSTACK H D) [D:1.0000; C:1.0000]
 17.0000: (PUT-DOWN H) [D:1.0000; C:1.0000]
 18.0000: (UNSTACK F E) [D:1.0000; C:1.0000]
 19.0000: (STACK F B) [D:1.0000; C:1.0000]
 20.0000: (UNSTACK F B) [D:1.0000; C:1.0000]
 21.0000: (PUT-DOWN F) [D:1.0000; C:1.0000]
 22.0000: (PICK-UP G) [D:1.0000; C:1.0000]
 23.0000: (STACK G B) [D:1.0000; C:1.0000]
 24.0000: (PICK-UP A) [D:1.0000; C:1.0000]
 25.0000: (STACK A G) [D:1.0000; C:1.0000]
 26.0000: (PICK-UP C) [D:1.0000; C:1.0000]
 27.0000: (STACK C A) [D:1.0000; C:1.0000]
 28.0000: (PICK-UP H) [D:1.0000; C:1.0000]
 29.0000: (STACK H C) [D:1.0000; C:1.0000]
 30.0000: (PICK-UP E) [D:1.0000; C:1.0000]
 31.0000: (STACK E H) [D:1.0000; C:1.0000]
 32.0000: (PICK-UP F) [D:1.0000; C:1.0000]
 33.0000: (STACK F E) [D:1.0000; C:1.0000]
 34.0000: (PICK-UP D) [D:1.0000; C:1.0000]
 35.0000: (STACK D F) [D:1.0000; C:1.0000]


Solution found:
Total time:      0.03
Search time:     0.02
Actions:         36
Execution cost:  36.00
Duration:        36.000
Plan quality:    36.000


Parsing domain file:  domain 'BLOCKS' defined ... done.
Parsing problem file:  problem 'BLOCKS-8-1' defined ... done.



Modality: Fast Planner

Number of actions             :     144
Number of conditional actions :       0
Number of facts               :      89


Analyzing Planning Problem:
	Temporal Planning Problem: NO
	Numeric Planning Problem: NO
	Problem with Timed Initial Litearals: NO
	Problem with Derived Predicates: NO

Evaluation function weights:
     Action duration 0.00; Action cost 1.00


Computing mutex... done

Preprocessing total time: 0.00 seconds

Searching ('.' = every 50 search steps):
. solution found: 

Plan computed:
   Time: (ACTION) [action Duration; action Cost]
 0.0000: (UNSTACK E C) [D:1.0000; C:1.0000]
 1.0000: (PUT-DOWN E) [D:1.0000; C:1.0000]
 2.0000: (PICK-UP C) [D:1.0000; C:1.0000]
 3.0000: (STACK C D) [D:1.0000; C:1.0000]
 4.0000: (UNSTACK H A) [D:1.0000; C:1.0000]
 5.0000: (PUT-DOWN H) [D:1.0000; C:1.0000]
 6.0000: (UNSTACK A B) [D:1.0000; C:1.0000]
 7.0000: (PUT-DOWN A) [D:1.0000; C:1.0000]
 8.0000: (UNSTACK B G) [D:1.0000; C:1.0000]
 9.0000: (STACK B A) [D:1.0000; C:1.0000]
 10.0000: (UNSTACK B A) [D:1.0000; C:1.0000]
 11.0000: (PUT-DOWN B) [D:1.0000; C:1.0000]
 12.0000: (PICK-UP H) [D:1.0000; C:1.0000]
 13.0000: (STACK H E) [D:1.0000; C:1.0000]
 14.0000: (UNSTACK H E) [D:1.0000; C:1.0000]
 15.0000: (STACK H A) [D:1.0000; C:1.0000]
 16.0000: (UNSTACK C D) [D:1.0000; C:1.0000]
 17.0000: (PUT-DOWN C) [D:1.0000; C:1.0000]
 18.0000: (PICK-UP C) [D:1.0000; C:1.0000]
 19.0000: (STACK C D) [D:1.0000; C:1.0000]
 20.0000: (UNSTACK H A) [D:1.0000; C:1.0000]
 21.0000: (PUT-DOWN H) [D:1.0000; C:1.0000]
 22.0000: (PICK-UP A) [D:1.0000; C:1.0000]
 23.0000: (STACK A E) [D:1.0000; C:1.0000]
 24.0000: (PICK-UP H) [D:1.0000; C:1.0000]
 25.0000: (STACK H A) [D:1.0000; C:1.0000]
 26.0000: (PICK-UP F) [D:1.0000; C:1.0000]
 27.0000: (STACK F H) [D:1.0000; C:1.0000]
 28.0000: (PICK-UP G) [D:1.0000; C:1.0000]
 29.0000: (STACK G F) [D:1.0000; C:1.0000]
 30.0000: (PICK-UP B) [D:1.0000; C:1.0000]
 31.0000: (STACK B G) [D:1.0000; C:1.0000]
 32.0000: (UNSTACK C D) [D:1.0000; C:1.0000]
 33.0000: (PUT-DOWN C) [D:1.0000; C:1.0000]
 34.0000: (PICK-UP D) [D:1.0000; C:1.0000]
 35.0000: (STACK D B) [D:1.0000; C:1.0000]
 36.0000: (PICK-UP C) [D:1.0000; C:1.0000]
 37.0000: (STACK C D) [D:1.0000; C:1.0000]


Solution found:
Total time:      0.01
Search time:     0.01
Actions:         38
Execution cost:  38.00
Duration:        38.000
Plan quality:    38.000


Parsing domain file:  domain 'BLOCKS' defined ... done.
Parsing problem file:  problem 'BLOCKS-8-2' defined ... done.



Modality: Fast Planner

Number of actions             :     144
Number of conditional actions :       0
Number of facts               :      89


Analyzing Planning Problem:
	Temporal Planning Problem: NO
	Numeric Planning Problem: NO
	Problem with Timed Initial Litearals: NO
	Problem with Derived Predicates: NO

Evaluation function weights:
     Action duration 0.00; Action cost 1.00


Computing mutex... done

Preprocessing total time: 0.00 seconds

Searching ('.' = every 50 search steps):
. solution found: 

Plan computed:
   Time: (ACTION) [action Duration; action Cost]
 0.0000: (UNSTACK D B) [D:1.0000; C:1.0000]
 1.0000: (STACK D H) [D:1.0000; C:1.0000]
 2.0000: (UNSTACK B F) [D:1.0000; C:1.0000]
 3.0000: (PUT-DOWN B) [D:1.0000; C:1.0000]
 4.0000: (UNSTACK F G) [D:1.0000; C:1.0000]
 5.0000: (STACK F D) [D:1.0000; C:1.0000]
 6.0000: (PICK-UP E) [D:1.0000; C:1.0000]
 7.0000: (STACK E G) [D:1.0000; C:1.0000]
 8.0000: (UNSTACK F D) [D:1.0000; C:1.0000]
 9.0000: (PUT-DOWN F) [D:1.0000; C:1.0000]
 10.0000: (UNSTACK E G) [D:1.0000; C:1.0000]
 11.0000: (STACK E D) [D:1.0000; C:1.0000]
 12.0000: (PICK-UP C) [D:1.0000; C:1.0000]
 13.0000: (STACK C B) [D:1.0000; C:1.0000]
 14.0000: (UNSTACK E D) [D:1.0000; C:1.0000]
 15.0000: (STACK E G) [D:1.0000; C:1.0000]
 16.0000: (PICK-UP A) [D:1.0000; C:1.0000]
 17.0000: (STACK A D) [D:1.0000; C:1.0000]
 18.0000: (PICK-UP F) [D:1.0000; C:1.0000]
 19.0000: (STACK F A) [D:1.0000; C:1.0000]
 20.0000: (UNSTACK E G) [D:1.0000; C:1.0000]
 21.0000: (PUT-DOWN E) [D:1.0000; C:1.0000]
 22.0000: (PICK-UP G) [D:1.0000; C:1.0000]
 23.0000: (STACK G F) [D:1.0000; C:1.0000]
 24.0000: (PICK-UP E) [D:1.0000; C:1.0000]
 25.0000: (STACK E G) [D:1.0000; C:1.0000]
 26.0000: (UNSTACK C B) [D:1.0000; C:1.0000]
 27.0000: (PUT-DOWN C) [D:1.0000; C:1.0000]
 28.0000: (PICK-UP B) [D:1.0000; C:1.0000]
 29.0000: (STACK B E) [D:1.0000; C:1.0000]
 30.0000: (PICK-UP C) [D:1.0000; C:1.0000]
 31.0000: (STACK C B) [D:1.0000; C:1.0000]


Solution found:
Total time:      0.01
Search time:     0.01
Actions:         32
Execution cost:  32.00
Duration:        32.000
Plan quality:    32.000


Parsing domain file:  domain 'BLOCKS' defined ... done.
Parsing problem file:  problem 'BLOCKS-9-0' defined ... done.



Modality: Fast Planner

Number of actions             :     180
Number of conditional actions :       0
Number of facts               :     109


Analyzing Planning Problem:
	Temporal Planning Problem: NO
	Numeric Planning Problem: NO
	Problem with Timed Initial Litearals: NO
	Problem with Derived Predicates: NO

Evaluation function weights:
     Action duration 0.00; Action cost 1.00


Computing mutex... done

Preprocessing total time: 0.01 seconds

Searching ('.' = every 50 search steps):
.. solution found: 

Plan computed:
   Time: (ACTION) [action Duration; action Cost]
 0.0000: (UNSTACK F G) [D:1.0000; C:1.0000]
 1.0000: (PUT-DOWN F) [D:1.0000; C:1.0000]
 2.0000: (UNSTACK G E) [D:1.0000; C:1.0000]
 3.0000: (PUT-DOWN G) [D:1.0000; C:1.0000]
 4.0000: (UNSTACK E A) [D:1.0000; C:1.0000]
 5.0000: (PUT-DOWN E) [D:1.0000; C:1.0000]
 6.0000: (UNSTACK A I) [D:1.0000; C:1.0000]
 7.0000: (STACK A F) [D:1.0000; C:1.0000]
 8.0000: (UNSTACK I D) [D:1.0000; C:1.0000]
 9.0000: (STACK I E) [D:1.0000; C:1.0000]
 10.0000: (UNSTACK D H) [D:1.0000; C:1.0000]
 11.0000: (STACK D I) [D:1.0000; C:1.0000]
 12.0000: (UNSTACK H B) [D:1.0000; C:1.0000]
 13.0000: (STACK H A) [D:1.0000; C:1.0000]
 14.0000: (UNSTACK D I) [D:1.0000; C:1.0000]
 15.0000: (STACK D B) [D:1.0000; C:1.0000]
 16.0000: (UNSTACK D B) [D:1.0000; C:1.0000]
 17.0000: (PUT-DOWN D) [D:1.0000; C:1.0000]
 18.0000: (UNSTACK H A) [D:1.0000; C:1.0000]
 19.0000: (PUT-DOWN H) [D:1.0000; C:1.0000]
 20.0000: (UNSTACK A F) [D:1.0000; C:1.0000]
 21.0000: (PUT-DOWN A) [D:1.0000; C:1.0000]
 22.0000: (PICK-UP D) [D:1.0000; C:1.0000]
 23.0000: (STACK D B) [D:1.0000; C:1.0000]
 24.0000: (UNSTACK I E) [D:1.0000; C:1.0000]
 25.0000: (PUT-DOWN I) [D:1.0000; C:1.0000]
 26.0000: (UNSTACK D B) [D:1.0000; C:1.0000]
 27.0000: (STACK D H) [D:1.0000; C:1.0000]
 28.0000: (PICK-UP F) [D:1.0000; C:1.0000]
 29.0000: (STACK F B) [D:1.0000; C:1.0000]
 30.0000: (PICK-UP G) [D:1.0000; C:1.0000]
 31.0000: (STACK G D) [D:1.0000; C:1.0000]
 32.0000: (UNSTACK F B) [D:1.0000; C:1.0000]
 33.0000: (PUT-DOWN F) [D:1.0000; C:1.0000]
 34.0000: (UNSTACK G D) [D:1.0000; C:1.0000]
 35.0000: (STACK G F) [D:1.0000; C:1.0000]
 36.0000: (UNSTACK G F) [D:1.0000; C:1.0000]
 37.0000: (STACK G D) [D:1.0000; C:1.0000]
 38.0000: (UNSTACK G D) [D:1.0000; C:1.0000]
 39.0000: (PUT-DOWN G) [D:1.0000; C:1.0000]
 40.0000: (UNSTACK D H) [D:1.0000; C:1.0000]
 41.0000: (PUT-DOWN D) [D:1.0000; C:1.0000]
 42.0000: (PICK-UP E) [D:1.0000; C:1.0000]
 43.0000: (STACK E H) [D:1.0000; C:1.0000]
 44.0000: (PICK-UP F) [D:1.0000; C:1.0000]
 45.0000: (STACK F E) [D:1.0000; C:1.0000]
 46.0000: (PICK-UP I) [D:1.0000; C:1.0000]
 47.0000: (STACK I F) [D:1.0000; C:1.0000]
 48.0000: (PICK-UP A) [D:1.0000; C:1.0000]
 49.0000: (STACK A I) [D:1.0000; C:1.0000]
 50.0000: (PICK-UP C) [D:1.0000; C:1.0000]
 51.0000: (STACK C A) [D:1.0000; C:1.0000]
 52.0000: (PICK-UP B) [D:1.0000; C:1.0000]
 53.0000: (STACK B C) [D:1.0000; C:1.0000]
 54.0000: (PICK-UP D) [D:1.0000; C:1.0000]
 55.0000: (STACK D B) [D:1.0000; C:1.0000]
 56.0000: (PICK-UP G) [D:1.0000; C:1.0000]
 57.0000: (STACK G D) [D:1.0000; C:1.0000]


Solution found:
Total time:      0.04
Search time:     0.03
Actions:         58
Execution cost:  58.00
Duration:        58.000
Plan quality:    58.000


Parsing domain file:  domain 'BLOCKS' defined ... done.
Parsing problem file:  problem 'BLOCKS-9-1' defined ... done.



Modality: Fast Planner

Number of actions             :     180
Number of conditional actions :       0
Number of facts               :     109


Analyzing Planning Problem:
	Temporal Planning Problem: NO
	Numeric Planning Problem: NO
	Problem with Timed Initial Litearals: NO
	Problem with Derived Predicates: NO

Evaluation function weights:
     Action duration 0.00; Action cost 1.00


Computing mutex... done

Preprocessing total time: 0.00 seconds

Searching ('.' = every 50 search steps):
... solution found: 

Plan computed:
   Time: (ACTION) [action Duration; action Cost]
 0.0000: (UNSTACK F E) [D:1.0000; C:1.0000]
 1.0000: (PUT-DOWN F) [D:1.0000; C:1.0000]
 2.0000: (UNSTACK E B) [D:1.0000; C:1.0000]
 3.0000: (PUT-DOWN E) [D:1.0000; C:1.0000]
 4.0000: (UNSTACK B D) [D:1.0000; C:1.0000]
 5.0000: (PUT-DOWN B) [D:1.0000; C:1.0000]
 6.0000: (UNSTACK D C) [D:1.0000; C:1.0000]
 7.0000: (PUT-DOWN D) [D:1.0000; C:1.0000]
 8.0000: (UNSTACK C I) [D:1.0000; C:1.0000]
 9.0000: (PUT-DOWN C) [D:1.0000; C:1.0000]
 10.0000: (UNSTACK I G) [D:1.0000; C:1.0000]
 11.0000: (STACK I C) [D:1.0000; C:1.0000]
 12.0000: (UNSTACK G H) [D:1.0000; C:1.0000]
 13.0000: (STACK G B) [D:1.0000; C:1.0000]
 14.0000: (UNSTACK H A) [D:1.0000; C:1.0000]
 15.0000: (STACK H E) [D:1.0000; C:1.0000]
 16.0000: (UNSTACK G B) [D:1.0000; C:1.0000]
 17.0000: (PUT-DOWN G) [D:1.0000; C:1.0000]
 18.0000: (PICK-UP A) [D:1.0000; C:1.0000]
 19.0000: (STACK A B) [D:1.0000; C:1.0000]
 20.0000: (UNSTACK H E) [D:1.0000; C:1.0000]
 21.0000: (STACK H A) [D:1.0000; C:1.0000]
 22.0000: (UNSTACK H A) [D:1.0000; C:1.0000]
 23.0000: (PUT-DOWN H) [D:1.0000; C:1.0000]
 24.0000: (PICK-UP E) [D:1.0000; C:1.0000]
 25.0000: (STACK E D) [D:1.0000; C:1.0000]
 26.0000: (UNSTACK E D) [D:1.0000; C:1.0000]
 27.0000: (STACK E A) [D:1.0000; C:1.0000]
 28.0000: (UNSTACK E A) [D:1.0000; C:1.0000]
 29.0000: (STACK E H) [D:1.0000; C:1.0000]
 30.0000: (UNSTACK E H) [D:1.0000; C:1.0000]
 31.0000: (STACK E H) [D:1.0000; C:1.0000]
 32.0000: (UNSTACK E H) [D:1.0000; C:1.0000]
 33.0000: (PUT-DOWN E) [D:1.0000; C:1.0000]
 34.0000: (UNSTACK A B) [D:1.0000; C:1.0000]
 35.0000: (PUT-DOWN A) [D:1.0000; C:1.0000]
 36.0000: (UNSTACK I C) [D:1.0000; C:1.0000]
 37.0000: (PUT-DOWN I) [D:1.0000; C:1.0000]
 38.0000: (PICK-UP E) [D:1.0000; C:1.0000]
 39.0000: (STACK E C) [D:1.0000; C:1.0000]
 40.0000: (PICK-UP F) [D:1.0000; C:1.0000]
 41.0000: (STACK F E) [D:1.0000; C:1.0000]
 42.0000: (PICK-UP G) [D:1.0000; C:1.0000]
 43.0000: (STACK G F) [D:1.0000; C:1.0000]
 44.0000: (PICK-UP H) [D:1.0000; C:1.0000]
 45.0000: (STACK H G) [D:1.0000; C:1.0000]
 46.0000: (PICK-UP B) [D:1.0000; C:1.0000]
 47.0000: (STACK B H) [D:1.0000; C:1.0000]
 48.0000: (PICK-UP A) [D:1.0000; C:1.0000]
 49.0000: (STACK A B) [D:1.0000; C:1.0000]
 50.0000: (PICK-UP I) [D:1.0000; C:1.0000]
 51.0000: (STACK I A) [D:1.0000; C:1.0000]
 52.0000: (PICK-UP D) [D:1.0000; C:1.0000]
 53.0000: (STACK D I) [D:1.0000; C:1.0000]


Solution found:
Total time:      0.04
Search time:     0.04
Actions:         54
Execution cost:  54.00
Duration:        54.000
Plan quality:    54.000


Parsing domain file:  domain 'BLOCKS' defined ... done.
Parsing problem file:  problem 'BLOCKS-9-2' defined ... done.



Modality: Fast Planner

Number of actions             :     180
Number of conditional actions :       0
Number of facts               :     109


Analyzing Planning Problem:
	Temporal Planning Problem: NO
	Numeric Planning Problem: NO
	Problem with Timed Initial Litearals: NO
	Problem with Derived Predicates: NO

Evaluation function weights:
     Action duration 0.00; Action cost 1.00


Computing mutex... done

Preprocessing total time: 0.01 seconds

Searching ('.' = every 50 search steps):
. solution found: 

Plan computed:
   Time: (ACTION) [action Duration; action Cost]
 0.0000: (UNSTACK H A) [D:1.0000; C:1.0000]
 1.0000: (PUT-DOWN H) [D:1.0000; C:1.0000]
 2.0000: (UNSTACK A D) [D:1.0000; C:1.0000]
 3.0000: (PUT-DOWN A) [D:1.0000; C:1.0000]
 4.0000: (UNSTACK D E) [D:1.0000; C:1.0000]
 5.0000: (PUT-DOWN D) [D:1.0000; C:1.0000]
 6.0000: (UNSTACK E C) [D:1.0000; C:1.0000]
 7.0000: (STACK E F) [D:1.0000; C:1.0000]
 8.0000: (UNSTACK C I) [D:1.0000; C:1.0000]
 9.0000: (PUT-DOWN C) [D:1.0000; C:1.0000]
 10.0000: (UNSTACK I B) [D:1.0000; C:1.0000]
 11.0000: (PUT-DOWN I) [D:1.0000; C:1.0000]
 12.0000: (PICK-UP C) [D:1.0000; C:1.0000]
 13.0000: (STACK C A) [D:1.0000; C:1.0000]
 14.0000: (UNSTACK B G) [D:1.0000; C:1.0000]
 15.0000: (STACK B C) [D:1.0000; C:1.0000]
 16.0000: (PICK-UP G) [D:1.0000; C:1.0000]
 17.0000: (STACK G H) [D:1.0000; C:1.0000]
 18.0000: (UNSTACK E F) [D:1.0000; C:1.0000]
 19.0000: (STACK E B) [D:1.0000; C:1.0000]
 20.0000: (PICK-UP I) [D:1.0000; C:1.0000]
 21.0000: (STACK I E) [D:1.0000; C:1.0000]
 22.0000: (PICK-UP D) [D:1.0000; C:1.0000]
 23.0000: (STACK D I) [D:1.0000; C:1.0000]
 24.0000: (UNSTACK G H) [D:1.0000; C:1.0000]
 25.0000: (STACK G D) [D:1.0000; C:1.0000]
 26.0000: (UNSTACK G D) [D:1.0000; C:1.0000]
 27.0000: (STACK G F) [D:1.0000; C:1.0000]
 28.0000: (PICK-UP H) [D:1.0000; C:1.0000]
 29.0000: (STACK H D) [D:1.0000; C:1.0000]
 30.0000: (UNSTACK G F) [D:1.0000; C:1.0000]
 31.0000: (STACK G H) [D:1.0000; C:1.0000]
 32.0000: (PICK-UP F) [D:1.0000; C:1.0000]
 33.0000: (STACK F G) [D:1.0000; C:1.0000]


Solution found:
Total time:      0.03
Search time:     0.02
Actions:         34
Execution cost:  34.00
Duration:        34.000
Plan quality:    34.000


Parsing domain file:  domain 'BLOCKS' defined ... done.
Parsing problem file:  problem 'BLOCKS-10-0' defined ... done.



Modality: Fast Planner

Number of actions             :     220
Number of conditional actions :       0
Number of facts               :     131


Analyzing Planning Problem:
	Temporal Planning Problem: NO
	Numeric Planning Problem: NO
	Problem with Timed Initial Litearals: NO
	Problem with Derived Predicates: NO

Evaluation function weights:
     Action duration 0.00; Action cost 1.00


Computing mutex... done

Preprocessing total time: 0.00 seconds

Searching ('.' = every 50 search steps):
.. solution found: 

Plan computed:
   Time: (ACTION) [action Duration; action Cost]
 0.0000: (UNSTACK C E) [D:1.0000; C:1.0000]
 1.0000: (PUT-DOWN C) [D:1.0000; C:1.0000]
 2.0000: (UNSTACK E J) [D:1.0000; C:1.0000]
 3.0000: (PUT-DOWN E) [D:1.0000; C:1.0000]
 4.0000: (UNSTACK J B) [D:1.0000; C:1.0000]
 5.0000: (PUT-DOWN J) [D:1.0000; C:1.0000]
 6.0000: (UNSTACK B G) [D:1.0000; C:1.0000]
 7.0000: (PUT-DOWN B) [D:1.0000; C:1.0000]
 8.0000: (UNSTACK G H) [D:1.0000; C:1.0000]
 9.0000: (PUT-DOWN G) [D:1.0000; C:1.0000]
 10.0000: (UNSTACK H A) [D:1.0000; C:1.0000]
 11.0000: (STACK H B) [D:1.0000; C:1.0000]
 12.0000: (UNSTACK A D) [D:1.0000; C:1.0000]
 13.0000: (PUT-DOWN A) [D:1.0000; C:1.0000]
 14.0000: (UNSTACK D I) [D:1.0000; C:1.0000]
 15.0000: (STACK D C) [D:1.0000; C:1.0000]
 16.0000: (UNSTACK H B) [D:1.0000; C:1.0000]
 17.0000: (STACK H D) [D:1.0000; C:1.0000]
 18.0000: (UNSTACK H D) [D:1.0000; C:1.0000]
 19.0000: (PUT-DOWN H) [D:1.0000; C:1.0000]
 20.0000: (PICK-UP A) [D:1.0000; C:1.0000]
 21.0000: (STACK A H) [D:1.0000; C:1.0000]
 22.0000: (UNSTACK D C) [D:1.0000; C:1.0000]
 23.0000: (STACK D I) [D:1.0000; C:1.0000]
 24.0000: (UNSTACK D I) [D:1.0000; C:1.0000]
 25.0000: (STACK D C) [D:1.0000; C:1.0000]
 26.0000: (UNSTACK A H) [D:1.0000; C:1.0000]
 27.0000: (PUT-DOWN A) [D:1.0000; C:1.0000]
 28.0000: (PICK-UP B) [D:1.0000; C:1.0000]
 29.0000: (STACK B I) [D:1.0000; C:1.0000]
 30.0000: (UNSTACK D C) [D:1.0000; C:1.0000]
 31.0000: (STACK D A) [D:1.0000; C:1.0000]
 32.0000: (UNSTACK D A) [D:1.0000; C:1.0000]
 33.0000: (STACK D C) [D:1.0000; C:1.0000]
 34.0000: (UNSTACK B I) [D:1.0000; C:1.0000]
 35.0000: (STACK B A) [D:1.0000; C:1.0000]
 36.0000: (PICK-UP G) [D:1.0000; C:1.0000]
 37.0000: (STACK G I) [D:1.0000; C:1.0000]
 38.0000: (UNSTACK B A) [D:1.0000; C:1.0000]
 39.0000: (STACK B D) [D:1.0000; C:1.0000]
 40.0000: (PICK-UP A) [D:1.0000; C:1.0000]
 41.0000: (STACK A G) [D:1.0000; C:1.0000]
 42.0000: (UNSTACK B D) [D:1.0000; C:1.0000]
 43.0000: (STACK B A) [D:1.0000; C:1.0000]
 44.0000: (PICK-UP H) [D:1.0000; C:1.0000]
 45.0000: (STACK H B) [D:1.0000; C:1.0000]
 46.0000: (PICK-UP E) [D:1.0000; C:1.0000]
 47.0000: (STACK E H) [D:1.0000; C:1.0000]
 48.0000: (PICK-UP J) [D:1.0000; C:1.0000]
 49.0000: (STACK J E) [D:1.0000; C:1.0000]
 50.0000: (PICK-UP F) [D:1.0000; C:1.0000]
 51.0000: (STACK F J) [D:1.0000; C:1.0000]
 52.0000: (UNSTACK D C) [D:1.0000; C:1.0000]
 53.0000: (PUT-DOWN D) [D:1.0000; C:1.0000]
 54.0000: (PICK-UP C) [D:1.0000; C:1.0000]
 55.0000: (STACK C F) [D:1.0000; C:1.0000]
 56.0000: (PICK-UP D) [D:1.0000; C:1.0000]
 57.0000: (STACK D C) [D:1.0000; C:1.0000]


Solution found:
Total time:      0.04
Search time:     0.04
Actions:         58
Execution cost:  58.00
Duration:        58.000
Plan quality:    58.000


Parsing domain file:  domain 'BLOCKS' defined ... done.
Parsing problem file:  problem 'BLOCKS-10-1' defined ... done.



Modality: Fast Planner

Number of actions             :     220
Number of conditional actions :       0
Number of facts               :     131


Analyzing Planning Problem:
	Temporal Planning Problem: NO
	Numeric Planning Problem: NO
	Problem with Timed Initial Litearals: NO
	Problem with Derived Predicates: NO

Evaluation function weights:
     Action duration 0.00; Action cost 1.00


Computing mutex... done

Preprocessing total time: 0.01 seconds

Searching ('.' = every 50 search steps):
... solution found: 

Plan computed:
   Time: (ACTION) [action Duration; action Cost]
 0.0000: (UNSTACK F D) [D:1.0000; C:1.0000]
 1.0000: (PUT-DOWN F) [D:1.0000; C:1.0000]
 2.0000: (UNSTACK C G) [D:1.0000; C:1.0000]
 3.0000: (STACK C F) [D:1.0000; C:1.0000]
 4.0000: (UNSTACK G E) [D:1.0000; C:1.0000]
 5.0000: (PUT-DOWN G) [D:1.0000; C:1.0000]
 6.0000: (UNSTACK E I) [D:1.0000; C:1.0000]
 7.0000: (STACK E G) [D:1.0000; C:1.0000]
 8.0000: (UNSTACK I J) [D:1.0000; C:1.0000]
 9.0000: (PUT-DOWN I) [D:1.0000; C:1.0000]
 10.0000: (UNSTACK J A) [D:1.0000; C:1.0000]
 11.0000: (STACK J E) [D:1.0000; C:1.0000]
 12.0000: (UNSTACK A B) [D:1.0000; C:1.0000]
 13.0000: (STACK A J) [D:1.0000; C:1.0000]
 14.0000: (UNSTACK C F) [D:1.0000; C:1.0000]
 15.0000: (STACK C B) [D:1.0000; C:1.0000]
 16.0000: (UNSTACK C B) [D:1.0000; C:1.0000]
 17.0000: (PUT-DOWN C) [D:1.0000; C:1.0000]
 18.0000: (UNSTACK D H) [D:1.0000; C:1.0000]
 19.0000: (PUT-DOWN D) [D:1.0000; C:1.0000]
 20.0000: (PICK-UP C) [D:1.0000; C:1.0000]
 21.0000: (STACK C B) [D:1.0000; C:1.0000]
 22.0000: (UNSTACK A J) [D:1.0000; C:1.0000]
 23.0000: (STACK A I) [D:1.0000; C:1.0000]
 24.0000: (UNSTACK A I) [D:1.0000; C:1.0000]
 25.0000: (STACK A H) [D:1.0000; C:1.0000]
 26.0000: (UNSTACK A H) [D:1.0000; C:1.0000]
 27.0000: (STACK A H) [D:1.0000; C:1.0000]
 28.0000: (UNSTACK A H) [D:1.0000; C:1.0000]
 29.0000: (STACK A C) [D:1.0000; C:1.0000]
 30.0000: (UNSTACK J E) [D:1.0000; C:1.0000]
 31.0000: (PUT-DOWN J) [D:1.0000; C:1.0000]
 32.0000: (UNSTACK E G) [D:1.0000; C:1.0000]
 33.0000: (PUT-DOWN E) [D:1.0000; C:1.0000]
 34.0000: (UNSTACK A C) [D:1.0000; C:1.0000]
 35.0000: (PUT-DOWN A) [D:1.0000; C:1.0000]
 36.0000: (UNSTACK C B) [D:1.0000; C:1.0000]
 37.0000: (STACK C A) [D:1.0000; C:1.0000]
 38.0000: (UNSTACK C A) [D:1.0000; C:1.0000]
 39.0000: (STACK C B) [D:1.0000; C:1.0000]
 40.0000: (UNSTACK C B) [D:1.0000; C:1.0000]
 41.0000: (STACK C J) [D:1.0000; C:1.0000]
 42.0000: (UNSTACK C J) [D:1.0000; C:1.0000]
 43.0000: (STACK C B) [D:1.0000; C:1.0000]
 44.0000: (PICK-UP G) [D:1.0000; C:1.0000]
 45.0000: (STACK G J) [D:1.0000; C:1.0000]
 46.0000: (PICK-UP H) [D:1.0000; C:1.0000]
 47.0000: (STACK H G) [D:1.0000; C:1.0000]
 48.0000: (PICK-UP E) [D:1.0000; C:1.0000]
 49.0000: (STACK E H) [D:1.0000; C:1.0000]
 50.0000: (PICK-UP A) [D:1.0000; C:1.0000]
 51.0000: (STACK A E) [D:1.0000; C:1.0000]
 52.0000: (PICK-UP I) [D:1.0000; C:1.0000]
 53.0000: (STACK I A) [D:1.0000; C:1.0000]
 54.0000: (PICK-UP F) [D:1.0000; C:1.0000]
 55.0000: (STACK F I) [D:1.0000; C:1.0000]
 56.0000: (PICK-UP D) [D:1.0000; C:1.0000]
 57.0000: (STACK D F) [D:1.0000; C:1.0000]
 58.0000: (UNSTACK C B) [D:1.0000; C:1.0000]
 59.0000: (PUT-DOWN C) [D:1.0000; C:1.0000]
 60.0000: (PICK-UP B) [D:1.0000; C:1.0000]
 61.0000: (STACK B D) [D:1.0000; C:1.0000]
 62.0000: (PICK-UP C) [D:1.0000; C:1.0000]
 63.0000: (STACK C B) [D:1.0000; C:1.0000]


Solution found:
Total time:      0.05
Search time:     0.04
Actions:         64
Execution cost:  64.00
Duration:        64.000
Plan quality:    64.000


Parsing domain file:  domain 'BLOCKS' defined ... done.
Parsing problem file:  problem 'BLOCKS-10-2' defined ... done.



Modality: Fast Planner

Number of actions             :     220
Number of conditional actions :       0
Number of facts               :     131


Analyzing Planning Problem:
	Temporal Planning Problem: NO
	Numeric Planning Problem: NO
	Problem with Timed Initial Litearals: NO
	Problem with Derived Predicates: NO

Evaluation function weights:
     Action duration 0.00; Action cost 1.00


Computing mutex... done

Preprocessing total time: 0.01 seconds

Searching ('.' = every 50 search steps):
.... solution found: 

Plan computed:
   Time: (ACTION) [action Duration; action Cost]
 0.0000: (UNSTACK J I) [D:1.0000; C:1.0000]
 1.0000: (PUT-DOWN J) [D:1.0000; C:1.0000]
 2.0000: (UNSTACK I H) [D:1.0000; C:1.0000]
 3.0000: (STACK I J) [D:1.0000; C:1.0000]
 4.0000: (UNSTACK H F) [D:1.0000; C:1.0000]
 5.0000: (PUT-DOWN H) [D:1.0000; C:1.0000]
 6.0000: (UNSTACK F D) [D:1.0000; C:1.0000]
 7.0000: (PUT-DOWN F) [D:1.0000; C:1.0000]
 8.0000: (UNSTACK D E) [D:1.0000; C:1.0000]
 9.0000: (STACK D I) [D:1.0000; C:1.0000]
 10.0000: (UNSTACK E G) [D:1.0000; C:1.0000]
 11.0000: (PUT-DOWN E) [D:1.0000; C:1.0000]
 12.0000: (UNSTACK G B) [D:1.0000; C:1.0000]
 13.0000: (PUT-DOWN G) [D:1.0000; C:1.0000]
 14.0000: (UNSTACK B A) [D:1.0000; C:1.0000]
 15.0000: (STACK B E) [D:1.0000; C:1.0000]
 16.0000: (UNSTACK D I) [D:1.0000; C:1.0000]
 17.0000: (PUT-DOWN D) [D:1.0000; C:1.0000]
 18.0000: (UNSTACK I J) [D:1.0000; C:1.0000]
 19.0000: (PUT-DOWN I) [D:1.0000; C:1.0000]
 20.0000: (UNSTACK B E) [D:1.0000; C:1.0000]
 21.0000: (STACK B F) [D:1.0000; C:1.0000]
 22.0000: (UNSTACK B F) [D:1.0000; C:1.0000]
 23.0000: (STACK B D) [D:1.0000; C:1.0000]
 24.0000: (PICK-UP C) [D:1.0000; C:1.0000]
 25.0000: (STACK C E) [D:1.0000; C:1.0000]
 26.0000: (UNSTACK C E) [D:1.0000; C:1.0000]
 27.0000: (STACK C B) [D:1.0000; C:1.0000]
 28.0000: (UNSTACK C B) [D:1.0000; C:1.0000]
 29.0000: (STACK C A) [D:1.0000; C:1.0000]
 30.0000: (UNSTACK C A) [D:1.0000; C:1.0000]
 31.0000: (STACK C J) [D:1.0000; C:1.0000]
 32.0000: (UNSTACK C J) [D:1.0000; C:1.0000]
 33.0000: (PUT-DOWN C) [D:1.0000; C:1.0000]
 34.0000: (UNSTACK B D) [D:1.0000; C:1.0000]
 35.0000: (STACK B E) [D:1.0000; C:1.0000]
 36.0000: (PICK-UP F) [D:1.0000; C:1.0000]
 37.0000: (STACK F A) [D:1.0000; C:1.0000]
 38.0000: (UNSTACK F A) [D:1.0000; C:1.0000]
 39.0000: (PUT-DOWN F) [D:1.0000; C:1.0000]
 40.0000: (PICK-UP F) [D:1.0000; C:1.0000]
 41.0000: (STACK F G) [D:1.0000; C:1.0000]
 42.0000: (UNSTACK F G) [D:1.0000; C:1.0000]
 43.0000: (STACK F I) [D:1.0000; C:1.0000]
 44.0000: (UNSTACK F I) [D:1.0000; C:1.0000]
 45.0000: (PUT-DOWN F) [D:1.0000; C:1.0000]
 46.0000: (UNSTACK B E) [D:1.0000; C:1.0000]
 47.0000: (STACK B D) [D:1.0000; C:1.0000]
 48.0000: (UNSTACK B D) [D:1.0000; C:1.0000]
 49.0000: (STACK B E) [D:1.0000; C:1.0000]
 50.0000: (PICK-UP J) [D:1.0000; C:1.0000]
 51.0000: (STACK J D) [D:1.0000; C:1.0000]
 52.0000: (PICK-UP F) [D:1.0000; C:1.0000]
 53.0000: (STACK F J) [D:1.0000; C:1.0000]
 54.0000: (PICK-UP A) [D:1.0000; C:1.0000]
 55.0000: (STACK A F) [D:1.0000; C:1.0000]
 56.0000: (PICK-UP C) [D:1.0000; C:1.0000]
 57.0000: (STACK C A) [D:1.0000; C:1.0000]
 58.0000: (PICK-UP H) [D:1.0000; C:1.0000]
 59.0000: (STACK H C) [D:1.0000; C:1.0000]
 60.0000: (PICK-UP G) [D:1.0000; C:1.0000]
 61.0000: (STACK G H) [D:1.0000; C:1.0000]
 62.0000: (PICK-UP I) [D:1.0000; C:1.0000]
 63.0000: (STACK I G) [D:1.0000; C:1.0000]
 64.0000: (UNSTACK B E) [D:1.0000; C:1.0000]
 65.0000: (PUT-DOWN B) [D:1.0000; C:1.0000]
 66.0000: (PICK-UP E) [D:1.0000; C:1.0000]
 67.0000: (STACK E I) [D:1.0000; C:1.0000]
 68.0000: (PICK-UP B) [D:1.0000; C:1.0000]
 69.0000: (STACK B E) [D:1.0000; C:1.0000]


Solution found:
Total time:      0.05
Search time:     0.04
Actions:         70
Execution cost:  70.00
Duration:        70.000
Plan quality:    70.000


Parsing domain file:  domain 'BLOCKS' defined ... done.
Parsing problem file:  problem 'BLOCKS-11-0' defined ... done.



Modality: Fast Planner

Number of actions             :     264
Number of conditional actions :       0
Number of facts               :     155


Analyzing Planning Problem:
	Temporal Planning Problem: NO
	Numeric Planning Problem: NO
	Problem with Timed Initial Litearals: NO
	Problem with Derived Predicates: NO

Evaluation function weights:
     Action duration 0.00; Action cost 1.00


Computing mutex... done

Preprocessing total time: 0.02 seconds

Searching ('.' = every 50 search steps):
... solution found: 

Plan computed:
   Time: (ACTION) [action Duration; action Cost]
 0.0000: (UNSTACK J D) [D:1.0000; C:1.0000]
 1.0000: (PUT-DOWN J) [D:1.0000; C:1.0000]
 2.0000: (UNSTACK C E) [D:1.0000; C:1.0000]
 3.0000: (PUT-DOWN C) [D:1.0000; C:1.0000]
 4.0000: (UNSTACK B G) [D:1.0000; C:1.0000]
 5.0000: (STACK B C) [D:1.0000; C:1.0000]
 6.0000: (UNSTACK G H) [D:1.0000; C:1.0000]
 7.0000: (PUT-DOWN G) [D:1.0000; C:1.0000]
 8.0000: (UNSTACK H K) [D:1.0000; C:1.0000]
 9.0000: (PUT-DOWN H) [D:1.0000; C:1.0000]
 10.0000: (UNSTACK K A) [D:1.0000; C:1.0000]
 11.0000: (PUT-DOWN K) [D:1.0000; C:1.0000]
 12.0000: (UNSTACK A F) [D:1.0000; C:1.0000]
 13.0000: (STACK A K) [D:1.0000; C:1.0000]
 14.0000: (UNSTACK A K) [D:1.0000; C:1.0000]
 15.0000: (PUT-DOWN A) [D:1.0000; C:1.0000]
 16.0000: (UNSTACK F I) [D:1.0000; C:1.0000]
 17.0000: (STACK F B) [D:1.0000; C:1.0000]
 18.0000: (UNSTACK F B) [D:1.0000; C:1.0000]
 19.0000: (STACK F A) [D:1.0000; C:1.0000]
 20.0000: (UNSTACK B C) [D:1.0000; C:1.0000]
 21.0000: (PUT-DOWN B) [D:1.0000; C:1.0000]
 22.0000: (PICK-UP E) [D:1.0000; C:1.0000]
 23.0000: (STACK E D) [D:1.0000; C:1.0000]
 24.0000: (UNSTACK E D) [D:1.0000; C:1.0000]
 25.0000: (STACK E H) [D:1.0000; C:1.0000]
 26.0000: (UNSTACK E H) [D:1.0000; C:1.0000]
 27.0000: (STACK E H) [D:1.0000; C:1.0000]
 28.0000: (PICK-UP J) [D:1.0000; C:1.0000]
 29.0000: (STACK J D) [D:1.0000; C:1.0000]
 30.0000: (UNSTACK E H) [D:1.0000; C:1.0000]
 31.0000: (STACK E C) [D:1.0000; C:1.0000]
 32.0000: (UNSTACK E C) [D:1.0000; C:1.0000]
 33.0000: (STACK E G) [D:1.0000; C:1.0000]
 34.0000: (UNSTACK J D) [D:1.0000; C:1.0000]
 35.0000: (STACK J E) [D:1.0000; C:1.0000]
 36.0000: (UNSTACK J E) [D:1.0000; C:1.0000]
 37.0000: (STACK J D) [D:1.0000; C:1.0000]
 38.0000: (UNSTACK E G) [D:1.0000; C:1.0000]
 39.0000: (STACK E J) [D:1.0000; C:1.0000]
 40.0000: (PICK-UP G) [D:1.0000; C:1.0000]
 41.0000: (STACK G C) [D:1.0000; C:1.0000]
 42.0000: (UNSTACK E J) [D:1.0000; C:1.0000]
 43.0000: (STACK E G) [D:1.0000; C:1.0000]
 44.0000: (UNSTACK F A) [D:1.0000; C:1.0000]
 45.0000: (STACK F E) [D:1.0000; C:1.0000]
 46.0000: (PICK-UP I) [D:1.0000; C:1.0000]
 47.0000: (STACK I F) [D:1.0000; C:1.0000]
 48.0000: (PICK-UP K) [D:1.0000; C:1.0000]
 49.0000: (STACK K I) [D:1.0000; C:1.0000]
 50.0000: (PICK-UP H) [D:1.0000; C:1.0000]
 51.0000: (STACK H K) [D:1.0000; C:1.0000]
 52.0000: (PICK-UP B) [D:1.0000; C:1.0000]
 53.0000: (STACK B H) [D:1.0000; C:1.0000]
 54.0000: (UNSTACK J D) [D:1.0000; C:1.0000]
 55.0000: (STACK J A) [D:1.0000; C:1.0000]
 56.0000: (PICK-UP D) [D:1.0000; C:1.0000]
 57.0000: (STACK D B) [D:1.0000; C:1.0000]
 58.0000: (UNSTACK J A) [D:1.0000; C:1.0000]
 59.0000: (STACK J D) [D:1.0000; C:1.0000]
 60.0000: (PICK-UP A) [D:1.0000; C:1.0000]
 61.0000: (STACK A J) [D:1.0000; C:1.0000]


Solution found:
Total time:      0.06
Search time:     0.04
Actions:         62
Execution cost:  62.00
Duration:        62.000
Plan quality:    62.000


Parsing domain file:  domain 'BLOCKS' defined ... done.
Parsing problem file:  problem 'BLOCKS-11-1' defined ... done.



Modality: Fast Planner

Number of actions             :     264
Number of conditional actions :       0
Number of facts               :     155


Analyzing Planning Problem:
	Temporal Planning Problem: NO
	Numeric Planning Problem: NO
	Problem with Timed Initial Litearals: NO
	Problem with Derived Predicates: NO

Evaluation function weights:
     Action duration 0.00; Action cost 1.00


Computing mutex... done

Preprocessing total time: 0.00 seconds

Searching ('.' = every 50 search steps):
..... solution found: 

Plan computed:
   Time: (ACTION) [action Duration; action Cost]
 0.0000: (UNSTACK F E) [D:1.0000; C:1.0000]
 1.0000: (PUT-DOWN F) [D:1.0000; C:1.0000]
 2.0000: (UNSTACK G B) [D:1.0000; C:1.0000]
 3.0000: (PUT-DOWN G) [D:1.0000; C:1.0000]
 4.0000: (UNSTACK E K) [D:1.0000; C:1.0000]
 5.0000: (STACK E B) [D:1.0000; C:1.0000]
 6.0000: (UNSTACK E B) [D:1.0000; C:1.0000]
 7.0000: (PUT-DOWN E) [D:1.0000; C:1.0000]
 8.0000: (UNSTACK D C) [D:1.0000; C:1.0000]
 9.0000: (STACK D G) [D:1.0000; C:1.0000]
 10.0000: (UNSTACK C H) [D:1.0000; C:1.0000]
 11.0000: (PUT-DOWN C) [D:1.0000; C:1.0000]
 12.0000: (UNSTACK B A) [D:1.0000; C:1.0000]
 13.0000: (STACK B D) [D:1.0000; C:1.0000]
 14.0000: (UNSTACK J I) [D:1.0000; C:1.0000]
 15.0000: (STACK J K) [D:1.0000; C:1.0000]
 16.0000: (UNSTACK J K) [D:1.0000; C:1.0000]
 17.0000: (STACK J A) [D:1.0000; C:1.0000]
 18.0000: (UNSTACK J A) [D:1.0000; C:1.0000]
 19.0000: (STACK J E) [D:1.0000; C:1.0000]
 20.0000: (UNSTACK J E) [D:1.0000; C:1.0000]
 21.0000: (STACK J A) [D:1.0000; C:1.0000]
 22.0000: (UNSTACK J A) [D:1.0000; C:1.0000]
 23.0000: (STACK J K) [D:1.0000; C:1.0000]
 24.0000: (UNSTACK J K) [D:1.0000; C:1.0000]
 25.0000: (STACK J K) [D:1.0000; C:1.0000]
 26.0000: (UNSTACK J K) [D:1.0000; C:1.0000]
 27.0000: (STACK J E) [D:1.0000; C:1.0000]
 28.0000: (UNSTACK J E) [D:1.0000; C:1.0000]
 29.0000: (STACK J K) [D:1.0000; C:1.0000]
 30.0000: (UNSTACK J K) [D:1.0000; C:1.0000]
 31.0000: (STACK J K) [D:1.0000; C:1.0000]
 32.0000: (UNSTACK J K) [D:1.0000; C:1.0000]
 33.0000: (STACK J F) [D:1.0000; C:1.0000]
 34.0000: (UNSTACK J F) [D:1.0000; C:1.0000]
 35.0000: (STACK J I) [D:1.0000; C:1.0000]
 36.0000: (UNSTACK B D) [D:1.0000; C:1.0000]
 37.0000: (STACK B E) [D:1.0000; C:1.0000]
 38.0000: (UNSTACK D G) [D:1.0000; C:1.0000]
 39.0000: (PUT-DOWN D) [D:1.0000; C:1.0000]
 40.0000: (UNSTACK B E) [D:1.0000; C:1.0000]
 41.0000: (STACK B E) [D:1.0000; C:1.0000]
 42.0000: (PICK-UP A) [D:1.0000; C:1.0000]
 43.0000: (STACK A D) [D:1.0000; C:1.0000]
 44.0000: (UNSTACK A D) [D:1.0000; C:1.0000]
 45.0000: (STACK A F) [D:1.0000; C:1.0000]
 46.0000: (UNSTACK A F) [D:1.0000; C:1.0000]
 47.0000: (STACK A G) [D:1.0000; C:1.0000]
 48.0000: (UNSTACK A G) [D:1.0000; C:1.0000]
 49.0000: (PUT-DOWN A) [D:1.0000; C:1.0000]
 50.0000: (UNSTACK J I) [D:1.0000; C:1.0000]
 51.0000: (PUT-DOWN J) [D:1.0000; C:1.0000]
 52.0000: (UNSTACK B E) [D:1.0000; C:1.0000]
 53.0000: (STACK B D) [D:1.0000; C:1.0000]
 54.0000: (PICK-UP F) [D:1.0000; C:1.0000]
 55.0000: (STACK F I) [D:1.0000; C:1.0000]
 56.0000: (UNSTACK F I) [D:1.0000; C:1.0000]
 57.0000: (PUT-DOWN F) [D:1.0000; C:1.0000]
 58.0000: (UNSTACK B D) [D:1.0000; C:1.0000]
 59.0000: (STACK B E) [D:1.0000; C:1.0000]
 60.0000: (PICK-UP I) [D:1.0000; C:1.0000]
 61.0000: (STACK I J) [D:1.0000; C:1.0000]
 62.0000: (UNSTACK B E) [D:1.0000; C:1.0000]
 63.0000: (STACK B D) [D:1.0000; C:1.0000]
 64.0000: (UNSTACK I J) [D:1.0000; C:1.0000]
 65.0000: (STACK I E) [D:1.0000; C:1.0000]
 66.0000: (UNSTACK B D) [D:1.0000; C:1.0000]
 67.0000: (PUT-DOWN B) [D:1.0000; C:1.0000]
 68.0000: (PICK-UP G) [D:1.0000; C:1.0000]
 69.0000: (STACK G I) [D:1.0000; C:1.0000]
 70.0000: (PICK-UP F) [D:1.0000; C:1.0000]
 71.0000: (STACK F G) [D:1.0000; C:1.0000]
 72.0000: (PICK-UP C) [D:1.0000; C:1.0000]
 73.0000: (STACK C F) [D:1.0000; C:1.0000]
 74.0000: (PICK-UP A) [D:1.0000; C:1.0000]
 75.0000: (STACK A C) [D:1.0000; C:1.0000]
 76.0000: (PICK-UP H) [D:1.0000; C:1.0000]
 77.0000: (STACK H A) [D:1.0000; C:1.0000]
 78.0000: (PICK-UP K) [D:1.0000; C:1.0000]
 79.0000: (STACK K H) [D:1.0000; C:1.0000]
 80.0000: (PICK-UP J) [D:1.0000; C:1.0000]
 81.0000: (STACK J K) [D:1.0000; C:1.0000]
 82.0000: (PICK-UP D) [D:1.0000; C:1.0000]
 83.0000: (STACK D J) [D:1.0000; C:1.0000]
 84.0000: (PICK-UP B) [D:1.0000; C:1.0000]
 85.0000: (STACK B D) [D:1.0000; C:1.0000]


Solution found:
Total time:      0.07
Search time:     0.07
Actions:         86
Execution cost:  86.00
Duration:        86.000
Plan quality:    86.000


Parsing domain file:  domain 'BLOCKS' defined ... done.
Parsing problem file:  problem 'BLOCKS-11-2' defined ... done.



Modality: Fast Planner

Number of actions             :     264
Number of conditional actions :       0
Number of facts               :     155


Analyzing Planning Problem:
	Temporal Planning Problem: NO
	Numeric Planning Problem: NO
	Problem with Timed Initial Litearals: NO
	Problem with Derived Predicates: NO

Evaluation function weights:
     Action duration 0.00; Action cost 1.00


Computing mutex... done

Preprocessing total time: 0.01 seconds

Searching ('.' = every 50 search steps):
... solution found: 

Plan computed:
   Time: (ACTION) [action Duration; action Cost]
 0.0000: (UNSTACK I E) [D:1.0000; C:1.0000]
 1.0000: (PUT-DOWN I) [D:1.0000; C:1.0000]
 2.0000: (UNSTACK B H) [D:1.0000; C:1.0000]
 3.0000: (PUT-DOWN B) [D:1.0000; C:1.0000]
 4.0000: (UNSTACK H K) [D:1.0000; C:1.0000]
 5.0000: (PUT-DOWN H) [D:1.0000; C:1.0000]
 6.0000: (UNSTACK K F) [D:1.0000; C:1.0000]
 7.0000: (PUT-DOWN K) [D:1.0000; C:1.0000]
 8.0000: (UNSTACK F C) [D:1.0000; C:1.0000]
 9.0000: (PUT-DOWN F) [D:1.0000; C:1.0000]
 10.0000: (UNSTACK C D) [D:1.0000; C:1.0000]
 11.0000: (PUT-DOWN C) [D:1.0000; C:1.0000]
 12.0000: (UNSTACK E G) [D:1.0000; C:1.0000]
 13.0000: (STACK E B) [D:1.0000; C:1.0000]
 14.0000: (PICK-UP I) [D:1.0000; C:1.0000]
 15.0000: (STACK I G) [D:1.0000; C:1.0000]
 16.0000: (UNSTACK D J) [D:1.0000; C:1.0000]
 17.0000: (STACK D I) [D:1.0000; C:1.0000]
 18.0000: (UNSTACK E B) [D:1.0000; C:1.0000]
 19.0000: (PUT-DOWN E) [D:1.0000; C:1.0000]
 20.0000: (UNSTACK D I) [D:1.0000; C:1.0000]
 21.0000: (PUT-DOWN D) [D:1.0000; C:1.0000]
 22.0000: (PICK-UP C) [D:1.0000; C:1.0000]
 23.0000: (STACK C D) [D:1.0000; C:1.0000]
 24.0000: (UNSTACK J A) [D:1.0000; C:1.0000]
 25.0000: (STACK J H) [D:1.0000; C:1.0000]
 26.0000: (UNSTACK J H) [D:1.0000; C:1.0000]
 27.0000: (STACK J E) [D:1.0000; C:1.0000]
 28.0000: (UNSTACK J E) [D:1.0000; C:1.0000]
 29.0000: (STACK J K) [D:1.0000; C:1.0000]
 30.0000: (UNSTACK J K) [D:1.0000; C:1.0000]
 31.0000: (STACK J I) [D:1.0000; C:1.0000]
 32.0000: (UNSTACK J I) [D:1.0000; C:1.0000]
 33.0000: (PUT-DOWN J) [D:1.0000; C:1.0000]
 34.0000: (UNSTACK C D) [D:1.0000; C:1.0000]
 35.0000: (STACK C K) [D:1.0000; C:1.0000]
 36.0000: (PICK-UP F) [D:1.0000; C:1.0000]
 37.0000: (STACK F H) [D:1.0000; C:1.0000]
 38.0000: (UNSTACK C K) [D:1.0000; C:1.0000]
 39.0000: (PUT-DOWN C) [D:1.0000; C:1.0000]
 40.0000: (UNSTACK F H) [D:1.0000; C:1.0000]
 41.0000: (STACK F K) [D:1.0000; C:1.0000]
 42.0000: (PICK-UP B) [D:1.0000; C:1.0000]
 43.0000: (STACK B J) [D:1.0000; C:1.0000]
 44.0000: (UNSTACK I G) [D:1.0000; C:1.0000]
 45.0000: (STACK I C) [D:1.0000; C:1.0000]
 46.0000: (UNSTACK I C) [D:1.0000; C:1.0000]
 47.0000: (STACK I F) [D:1.0000; C:1.0000]
 48.0000: (UNSTACK I F) [D:1.0000; C:1.0000]
 49.0000: (STACK I G) [D:1.0000; C:1.0000]
 50.0000: (PICK-UP A) [D:1.0000; C:1.0000]
 51.0000: (STACK A F) [D:1.0000; C:1.0000]
 52.0000: (PICK-UP H) [D:1.0000; C:1.0000]
 53.0000: (STACK H A) [D:1.0000; C:1.0000]
 54.0000: (UNSTACK B J) [D:1.0000; C:1.0000]
 55.0000: (STACK B H) [D:1.0000; C:1.0000]
 56.0000: (PICK-UP J) [D:1.0000; C:1.0000]
 57.0000: (STACK J B) [D:1.0000; C:1.0000]
 58.0000: (PICK-UP E) [D:1.0000; C:1.0000]
 59.0000: (STACK E J) [D:1.0000; C:1.0000]
 60.0000: (PICK-UP D) [D:1.0000; C:1.0000]
 61.0000: (STACK D E) [D:1.0000; C:1.0000]
 62.0000: (PICK-UP C) [D:1.0000; C:1.0000]
 63.0000: (STACK C D) [D:1.0000; C:1.0000]
 64.0000: (UNSTACK I G) [D:1.0000; C:1.0000]
 65.0000: (PUT-DOWN I) [D:1.0000; C:1.0000]
 66.0000: (PICK-UP G) [D:1.0000; C:1.0000]
 67.0000: (STACK G C) [D:1.0000; C:1.0000]
 68.0000: (PICK-UP I) [D:1.0000; C:1.0000]
 69.0000: (STACK I G) [D:1.0000; C:1.0000]


Solution found:
Total time:      0.05
Search time:     0.04
Actions:         70
Execution cost:  70.00
Duration:        70.000
Plan quality:    70.000


Parsing domain file:  domain 'BLOCKS' defined ... done.
Parsing problem file:  problem 'BLOCKS-12-0' defined ... done.



Modality: Fast Planner

Number of actions             :     312
Number of conditional actions :       0
Number of facts               :     181


Analyzing Planning Problem:
	Temporal Planning Problem: NO
	Numeric Planning Problem: NO
	Problem with Timed Initial Litearals: NO
	Problem with Derived Predicates: NO

Evaluation function weights:
     Action duration 0.00; Action cost 1.00


Computing mutex... done

Preprocessing total time: 0.00 seconds

Searching ('.' = every 50 search steps):
...... solution found: 

Plan computed:
   Time: (ACTION) [action Duration; action Cost]
 0.0000: (UNSTACK H A) [D:1.0000; C:1.0000]
 1.0000: (PUT-DOWN H) [D:1.0000; C:1.0000]
 2.0000: (UNSTACK A G) [D:1.0000; C:1.0000]
 3.0000: (PUT-DOWN A) [D:1.0000; C:1.0000]
 4.0000: (UNSTACK G K) [D:1.0000; C:1.0000]
 5.0000: (STACK G H) [D:1.0000; C:1.0000]
 6.0000: (UNSTACK K E) [D:1.0000; C:1.0000]
 7.0000: (STACK K A) [D:1.0000; C:1.0000]
 8.0000: (UNSTACK E B) [D:1.0000; C:1.0000]
 9.0000: (STACK E G) [D:1.0000; C:1.0000]
 10.0000: (UNSTACK B D) [D:1.0000; C:1.0000]
 11.0000: (STACK B K) [D:1.0000; C:1.0000]
 12.0000: (UNSTACK D I) [D:1.0000; C:1.0000]
 13.0000: (STACK D E) [D:1.0000; C:1.0000]
 14.0000: (UNSTACK I C) [D:1.0000; C:1.0000]
 15.0000: (PUT-DOWN I) [D:1.0000; C:1.0000]
 16.0000: (PICK-UP I) [D:1.0000; C:1.0000]
 17.0000: (STACK I C) [D:1.0000; C:1.0000]
 18.0000: (UNSTACK D E) [D:1.0000; C:1.0000]
 19.0000: (PUT-DOWN D) [D:1.0000; C:1.0000]
 20.0000: (UNSTACK E G) [D:1.0000; C:1.0000]
 21.0000: (PUT-DOWN E) [D:1.0000; C:1.0000]
 22.0000: (PICK-UP E) [D:1.0000; C:1.0000]
 23.0000: (STACK E D) [D:1.0000; C:1.0000]
 24.0000: (UNSTACK B K) [D:1.0000; C:1.0000]
 25.0000: (PUT-DOWN B) [D:1.0000; C:1.0000]
 26.0000: (UNSTACK I C) [D:1.0000; C:1.0000]
 27.0000: (STACK I K) [D:1.0000; C:1.0000]
 28.0000: (UNSTACK I K) [D:1.0000; C:1.0000]
 29.0000: (STACK I C) [D:1.0000; C:1.0000]
 30.0000: (UNSTACK E D) [D:1.0000; C:1.0000]
 31.0000: (PUT-DOWN E) [D:1.0000; C:1.0000]
 32.0000: (UNSTACK I C) [D:1.0000; C:1.0000]
 33.0000: (STACK I E) [D:1.0000; C:1.0000]
 34.0000: (UNSTACK I E) [D:1.0000; C:1.0000]
 35.0000: (STACK I C) [D:1.0000; C:1.0000]
 36.0000: (UNSTACK L F) [D:1.0000; C:1.0000]
 37.0000: (STACK L G) [D:1.0000; C:1.0000]
 38.0000: (UNSTACK I C) [D:1.0000; C:1.0000]
 39.0000: (STACK I F) [D:1.0000; C:1.0000]
 40.0000: (UNSTACK I F) [D:1.0000; C:1.0000]
 41.0000: (STACK I C) [D:1.0000; C:1.0000]
 42.0000: (UNSTACK K A) [D:1.0000; C:1.0000]
 43.0000: (PUT-DOWN K) [D:1.0000; C:1.0000]
 44.0000: (UNSTACK L G) [D:1.0000; C:1.0000]
 45.0000: (PUT-DOWN L) [D:1.0000; C:1.0000]
 46.0000: (UNSTACK I C) [D:1.0000; C:1.0000]
 47.0000: (PUT-DOWN I) [D:1.0000; C:1.0000]
 48.0000: (PICK-UP I) [D:1.0000; C:1.0000]
 49.0000: (PUT-DOWN I) [D:1.0000; C:1.0000]
 50.0000: (PICK-UP A) [D:1.0000; C:1.0000]
 51.0000: (STACK A C) [D:1.0000; C:1.0000]
 52.0000: (UNSTACK G H) [D:1.0000; C:1.0000]
 53.0000: (STACK G I) [D:1.0000; C:1.0000]
 54.0000: (UNSTACK A C) [D:1.0000; C:1.0000]
 55.0000: (STACK A H) [D:1.0000; C:1.0000]
 56.0000: (UNSTACK A H) [D:1.0000; C:1.0000]
 57.0000: (PUT-DOWN A) [D:1.0000; C:1.0000]
 58.0000: (UNSTACK G I) [D:1.0000; C:1.0000]
 59.0000: (PUT-DOWN G) [D:1.0000; C:1.0000]
 60.0000: (PICK-UP I) [D:1.0000; C:1.0000]
 61.0000: (PUT-DOWN I) [D:1.0000; C:1.0000]
 62.0000: (PICK-UP H) [D:1.0000; C:1.0000]
 63.0000: (STACK H C) [D:1.0000; C:1.0000]
 64.0000: (UNSTACK H C) [D:1.0000; C:1.0000]
 65.0000: (STACK H G) [D:1.0000; C:1.0000]
 66.0000: (PICK-UP A) [D:1.0000; C:1.0000]
 67.0000: (STACK A H) [D:1.0000; C:1.0000]
 68.0000: (PICK-UP F) [D:1.0000; C:1.0000]
 69.0000: (STACK F A) [D:1.0000; C:1.0000]
 70.0000: (PICK-UP K) [D:1.0000; C:1.0000]
 71.0000: (STACK K F) [D:1.0000; C:1.0000]
 72.0000: (PICK-UP E) [D:1.0000; C:1.0000]
 73.0000: (STACK E K) [D:1.0000; C:1.0000]
 74.0000: (PICK-UP J) [D:1.0000; C:1.0000]
 75.0000: (STACK J E) [D:1.0000; C:1.0000]
 76.0000: (PICK-UP D) [D:1.0000; C:1.0000]
 77.0000: (STACK D J) [D:1.0000; C:1.0000]
 78.0000: (PICK-UP L) [D:1.0000; C:1.0000]
 79.0000: (STACK L D) [D:1.0000; C:1.0000]
 80.0000: (PICK-UP B) [D:1.0000; C:1.0000]
 81.0000: (STACK B L) [D:1.0000; C:1.0000]
 82.0000: (PICK-UP C) [D:1.0000; C:1.0000]
 83.0000: (STACK C B) [D:1.0000; C:1.0000]
 84.0000: (PICK-UP I) [D:1.0000; C:1.0000]
 85.0000: (STACK I C) [D:1.0000; C:1.0000]


Solution found:
Total time:      0.10
Search time:     0.10
Actions:         86
Execution cost:  86.00
Duration:        86.000
Plan quality:    86.000


Parsing domain file:  domain 'BLOCKS' defined ... done.
Parsing problem file:  problem 'BLOCKS-12-1' defined ... done.



Modality: Fast Planner

Number of actions             :     312
Number of conditional actions :       0
Number of facts               :     181


Analyzing Planning Problem:
	Temporal Planning Problem: NO
	Numeric Planning Problem: NO
	Problem with Timed Initial Litearals: NO
	Problem with Derived Predicates: NO

Evaluation function weights:
     Action duration 0.00; Action cost 1.00


Computing mutex... done

Preprocessing total time: 0.01 seconds

Searching ('.' = every 50 search steps):
.... solution found: 

Plan computed:
   Time: (ACTION) [action Duration; action Cost]
 0.0000: (UNSTACK C G) [D:1.0000; C:1.0000]
 1.0000: (PUT-DOWN C) [D:1.0000; C:1.0000]
 2.0000: (UNSTACK K D) [D:1.0000; C:1.0000]
 3.0000: (STACK K D) [D:1.0000; C:1.0000]
 4.0000: (UNSTACK G H) [D:1.0000; C:1.0000]
 5.0000: (PUT-DOWN G) [D:1.0000; C:1.0000]
 6.0000: (UNSTACK H I) [D:1.0000; C:1.0000]
 7.0000: (PUT-DOWN H) [D:1.0000; C:1.0000]
 8.0000: (UNSTACK I F) [D:1.0000; C:1.0000]
 9.0000: (PUT-DOWN I) [D:1.0000; C:1.0000]
 10.0000: (UNSTACK F B) [D:1.0000; C:1.0000]
 11.0000: (STACK F H) [D:1.0000; C:1.0000]
 12.0000: (UNSTACK B A) [D:1.0000; C:1.0000]
 13.0000: (PUT-DOWN B) [D:1.0000; C:1.0000]
 14.0000: (UNSTACK A L) [D:1.0000; C:1.0000]
 15.0000: (STACK A B) [D:1.0000; C:1.0000]
 16.0000: (UNSTACK F H) [D:1.0000; C:1.0000]
 17.0000: (PUT-DOWN F) [D:1.0000; C:1.0000]
 18.0000: (UNSTACK L E) [D:1.0000; C:1.0000]
 19.0000: (STACK L I) [D:1.0000; C:1.0000]
 20.0000: (UNSTACK E J) [D:1.0000; C:1.0000]
 21.0000: (STACK E F) [D:1.0000; C:1.0000]
 22.0000: (PICK-UP J) [D:1.0000; C:1.0000]
 23.0000: (STACK J C) [D:1.0000; C:1.0000]
 24.0000: (UNSTACK J C) [D:1.0000; C:1.0000]
 25.0000: (STACK J L) [D:1.0000; C:1.0000]
 26.0000: (UNSTACK E F) [D:1.0000; C:1.0000]
 27.0000: (PUT-DOWN E) [D:1.0000; C:1.0000]
 28.0000: (UNSTACK J L) [D:1.0000; C:1.0000]
 29.0000: (PUT-DOWN J) [D:1.0000; C:1.0000]
 30.0000: (PICK-UP J) [D:1.0000; C:1.0000]
 31.0000: (STACK J C) [D:1.0000; C:1.0000]
 32.0000: (UNSTACK A B) [D:1.0000; C:1.0000]
 33.0000: (STACK A J) [D:1.0000; C:1.0000]
 34.0000: (UNSTACK A J) [D:1.0000; C:1.0000]
 35.0000: (PUT-DOWN A) [D:1.0000; C:1.0000]
 36.0000: (UNSTACK J C) [D:1.0000; C:1.0000]
 37.0000: (STACK J L) [D:1.0000; C:1.0000]
 38.0000: (UNSTACK J L) [D:1.0000; C:1.0000]
 39.0000: (STACK J C) [D:1.0000; C:1.0000]
 40.0000: (UNSTACK L I) [D:1.0000; C:1.0000]
 41.0000: (PUT-DOWN L) [D:1.0000; C:1.0000]
 42.0000: (UNSTACK K D) [D:1.0000; C:1.0000]
 43.0000: (PUT-DOWN K) [D:1.0000; C:1.0000]
 44.0000: (PICK-UP B) [D:1.0000; C:1.0000]
 45.0000: (STACK B H) [D:1.0000; C:1.0000]
 46.0000: (UNSTACK J C) [D:1.0000; C:1.0000]
 47.0000: (STACK J D) [D:1.0000; C:1.0000]
 48.0000: (UNSTACK J D) [D:1.0000; C:1.0000]
 49.0000: (STACK J C) [D:1.0000; C:1.0000]
 50.0000: (UNSTACK B H) [D:1.0000; C:1.0000]
 51.0000: (STACK B J) [D:1.0000; C:1.0000]
 52.0000: (UNSTACK B J) [D:1.0000; C:1.0000]
 53.0000: (STACK B J) [D:1.0000; C:1.0000]
 54.0000: (PICK-UP I) [D:1.0000; C:1.0000]
 55.0000: (STACK I D) [D:1.0000; C:1.0000]
 56.0000: (UNSTACK B J) [D:1.0000; C:1.0000]
 57.0000: (STACK B I) [D:1.0000; C:1.0000]
 58.0000: (UNSTACK J C) [D:1.0000; C:1.0000]
 59.0000: (PUT-DOWN J) [D:1.0000; C:1.0000]
 60.0000: (PICK-UP G) [D:1.0000; C:1.0000]
 61.0000: (STACK G B) [D:1.0000; C:1.0000]
 62.0000: (PICK-UP L) [D:1.0000; C:1.0000]
 63.0000: (STACK L G) [D:1.0000; C:1.0000]
 64.0000: (PICK-UP F) [D:1.0000; C:1.0000]
 65.0000: (STACK F L) [D:1.0000; C:1.0000]
 66.0000: (PICK-UP A) [D:1.0000; C:1.0000]
 67.0000: (STACK A F) [D:1.0000; C:1.0000]
 68.0000: (PICK-UP H) [D:1.0000; C:1.0000]
 69.0000: (STACK H A) [D:1.0000; C:1.0000]
 70.0000: (PICK-UP K) [D:1.0000; C:1.0000]
 71.0000: (STACK K H) [D:1.0000; C:1.0000]
 72.0000: (PICK-UP E) [D:1.0000; C:1.0000]
 73.0000: (STACK E K) [D:1.0000; C:1.0000]
 74.0000: (PICK-UP C) [D:1.0000; C:1.0000]
 75.0000: (STACK C E) [D:1.0000; C:1.0000]
 76.0000: (PICK-UP J) [D:1.0000; C:1.0000]
 77.0000: (STACK J C) [D:1.0000; C:1.0000]


Solution found:
Total time:      0.08
Search time:     0.07
Actions:         78
Execution cost:  78.00
Duration:        78.000
Plan quality:    78.000


Parsing domain file:  domain 'BLOCKS' defined ... done.
Parsing problem file:  problem 'BLOCKS-13-0' defined ... done.



Modality: Fast Planner

Number of actions             :     364
Number of conditional actions :       0
Number of facts               :     209


Analyzing Planning Problem:
	Temporal Planning Problem: NO
	Numeric Planning Problem: NO
	Problem with Timed Initial Litearals: NO
	Problem with Derived Predicates: NO

Evaluation function weights:
     Action duration 0.00; Action cost 1.00


Computing mutex... done

Preprocessing total time: 0.01 seconds

Searching ('.' = every 50 search steps):
..... solution found: 

Plan computed:
   Time: (ACTION) [action Duration; action Cost]
 0.0000: (UNSTACK B F) [D:1.0000; C:1.0000]
 1.0000: (PUT-DOWN B) [D:1.0000; C:1.0000]
 2.0000: (UNSTACK F D) [D:1.0000; C:1.0000]
 3.0000: (PUT-DOWN F) [D:1.0000; C:1.0000]
 4.0000: (UNSTACK D C) [D:1.0000; C:1.0000]
 5.0000: (STACK D B) [D:1.0000; C:1.0000]
 6.0000: (UNSTACK C J) [D:1.0000; C:1.0000]
 7.0000: (PUT-DOWN C) [D:1.0000; C:1.0000]
 8.0000: (UNSTACK I G) [D:1.0000; C:1.0000]
 9.0000: (STACK I M) [D:1.0000; C:1.0000]
 10.0000: (UNSTACK J A) [D:1.0000; C:1.0000]
 11.0000: (PUT-DOWN J) [D:1.0000; C:1.0000]
 12.0000: (PICK-UP G) [D:1.0000; C:1.0000]
 13.0000: (STACK G I) [D:1.0000; C:1.0000]
 14.0000: (UNSTACK D B) [D:1.0000; C:1.0000]
 15.0000: (STACK D J) [D:1.0000; C:1.0000]
 16.0000: (UNSTACK D J) [D:1.0000; C:1.0000]
 17.0000: (PUT-DOWN D) [D:1.0000; C:1.0000]
 18.0000: (UNSTACK G I) [D:1.0000; C:1.0000]
 19.0000: (STACK G J) [D:1.0000; C:1.0000]
 20.0000: (UNSTACK I M) [D:1.0000; C:1.0000]
 21.0000: (PUT-DOWN I) [D:1.0000; C:1.0000]
 22.0000: (UNSTACK A E) [D:1.0000; C:1.0000]
 23.0000: (PUT-DOWN A) [D:1.0000; C:1.0000]
 24.0000: (UNSTACK E H) [D:1.0000; C:1.0000]
 25.0000: (PUT-DOWN E) [D:1.0000; C:1.0000]
 26.0000: (UNSTACK H L) [D:1.0000; C:1.0000]
 27.0000: (PUT-DOWN H) [D:1.0000; C:1.0000]
 28.0000: (UNSTACK L K) [D:1.0000; C:1.0000]
 29.0000: (PUT-DOWN L) [D:1.0000; C:1.0000]
 30.0000: (PICK-UP E) [D:1.0000; C:1.0000]
 31.0000: (STACK E K) [D:1.0000; C:1.0000]
 32.0000: (UNSTACK G J) [D:1.0000; C:1.0000]
 33.0000: (STACK G I) [D:1.0000; C:1.0000]
 34.0000: (UNSTACK E K) [D:1.0000; C:1.0000]
 35.0000: (STACK E F) [D:1.0000; C:1.0000]
 36.0000: (UNSTACK G I) [D:1.0000; C:1.0000]
 37.0000: (STACK G B) [D:1.0000; C:1.0000]
 38.0000: (UNSTACK G B) [D:1.0000; C:1.0000]
 39.0000: (STACK G I) [D:1.0000; C:1.0000]
 40.0000: (UNSTACK E F) [D:1.0000; C:1.0000]
 41.0000: (PUT-DOWN E) [D:1.0000; C:1.0000]
 42.0000: (UNSTACK G I) [D:1.0000; C:1.0000]
 43.0000: (PUT-DOWN G) [D:1.0000; C:1.0000]
 44.0000: (PICK-UP E) [D:1.0000; C:1.0000]
 45.0000: (STACK E C) [D:1.0000; C:1.0000]
 46.0000: (PICK-UP G) [D:1.0000; C:1.0000]
 47.0000: (STACK G I) [D:1.0000; C:1.0000]
 48.0000: (UNSTACK E C) [D:1.0000; C:1.0000]
 49.0000: (STACK E K) [D:1.0000; C:1.0000]
 50.0000: (UNSTACK E K) [D:1.0000; C:1.0000]
 51.0000: (PUT-DOWN E) [D:1.0000; C:1.0000]
 52.0000: (UNSTACK G I) [D:1.0000; C:1.0000]
 53.0000: (STACK G E) [D:1.0000; C:1.0000]
 54.0000: (UNSTACK G E) [D:1.0000; C:1.0000]
 55.0000: (PUT-DOWN G) [D:1.0000; C:1.0000]
 56.0000: (PICK-UP I) [D:1.0000; C:1.0000]
 57.0000: (STACK I M) [D:1.0000; C:1.0000]
 58.0000: (UNSTACK I M) [D:1.0000; C:1.0000]
 59.0000: (PUT-DOWN I) [D:1.0000; C:1.0000]
 60.0000: (PICK-UP G) [D:1.0000; C:1.0000]
 61.0000: (STACK G K) [D:1.0000; C:1.0000]
 62.0000: (UNSTACK G K) [D:1.0000; C:1.0000]
 63.0000: (STACK G I) [D:1.0000; C:1.0000]
 64.0000: (PICK-UP B) [D:1.0000; C:1.0000]
 65.0000: (STACK B K) [D:1.0000; C:1.0000]
 66.0000: (PICK-UP J) [D:1.0000; C:1.0000]
 67.0000: (STACK J B) [D:1.0000; C:1.0000]
 68.0000: (PICK-UP L) [D:1.0000; C:1.0000]
 69.0000: (STACK L J) [D:1.0000; C:1.0000]
 70.0000: (PICK-UP E) [D:1.0000; C:1.0000]
 71.0000: (STACK E L) [D:1.0000; C:1.0000]
 72.0000: (PICK-UP H) [D:1.0000; C:1.0000]
 73.0000: (STACK H E) [D:1.0000; C:1.0000]
 74.0000: (PICK-UP M) [D:1.0000; C:1.0000]
 75.0000: (STACK M H) [D:1.0000; C:1.0000]
 76.0000: (PICK-UP A) [D:1.0000; C:1.0000]
 77.0000: (STACK A M) [D:1.0000; C:1.0000]
 78.0000: (PICK-UP F) [D:1.0000; C:1.0000]
 79.0000: (STACK F A) [D:1.0000; C:1.0000]
 80.0000: (PICK-UP D) [D:1.0000; C:1.0000]
 81.0000: (STACK D F) [D:1.0000; C:1.0000]
 82.0000: (PICK-UP C) [D:1.0000; C:1.0000]
 83.0000: (STACK C D) [D:1.0000; C:1.0000]
 84.0000: (UNSTACK G I) [D:1.0000; C:1.0000]
 85.0000: (PUT-DOWN G) [D:1.0000; C:1.0000]
 86.0000: (PICK-UP I) [D:1.0000; C:1.0000]
 87.0000: (STACK I C) [D:1.0000; C:1.0000]
 88.0000: (PICK-UP G) [D:1.0000; C:1.0000]
 89.0000: (STACK G I) [D:1.0000; C:1.0000]


Solution found:
Total time:      0.12
Search time:     0.11
Actions:         90
Execution cost:  90.00
Duration:        90.000
Plan quality:    90.000


Parsing domain file:  domain 'BLOCKS' defined ... done.
Parsing problem file:  problem 'BLOCKS-13-1' defined ... done.



Modality: Fast Planner

Number of actions             :     364
Number of conditional actions :       0
Number of facts               :     209


Analyzing Planning Problem:
	Temporal Planning Problem: NO
	Numeric Planning Problem: NO
	Problem with Timed Initial Litearals: NO
	Problem with Derived Predicates: NO

Evaluation function weights:
     Action duration 0.00; Action cost 1.00


Computing mutex... done

Preprocessing total time: 0.01 seconds

Searching ('.' = every 50 search steps):
.... solution found: 

Plan computed:
   Time: (ACTION) [action Duration; action Cost]
 0.0000: (UNSTACK J E) [D:1.0000; C:1.0000]
 1.0000: (STACK J B) [D:1.0000; C:1.0000]
 2.0000: (UNSTACK E D) [D:1.0000; C:1.0000]
 3.0000: (STACK E J) [D:1.0000; C:1.0000]
 4.0000: (UNSTACK D C) [D:1.0000; C:1.0000]
 5.0000: (PUT-DOWN D) [D:1.0000; C:1.0000]
 6.0000: (UNSTACK C A) [D:1.0000; C:1.0000]
 7.0000: (PUT-DOWN C) [D:1.0000; C:1.0000]
 8.0000: (UNSTACK A L) [D:1.0000; C:1.0000]
 9.0000: (PUT-DOWN A) [D:1.0000; C:1.0000]
 10.0000: (UNSTACK L H) [D:1.0000; C:1.0000]
 11.0000: (PUT-DOWN L) [D:1.0000; C:1.0000]
 12.0000: (UNSTACK H G) [D:1.0000; C:1.0000]
 13.0000: (PUT-DOWN H) [D:1.0000; C:1.0000]
 14.0000: (UNSTACK G M) [D:1.0000; C:1.0000]
 15.0000: (PUT-DOWN G) [D:1.0000; C:1.0000]
 16.0000: (UNSTACK E J) [D:1.0000; C:1.0000]
 17.0000: (STACK E M) [D:1.0000; C:1.0000]
 18.0000: (PICK-UP D) [D:1.0000; C:1.0000]
 19.0000: (STACK D A) [D:1.0000; C:1.0000]
 20.0000: (UNSTACK E M) [D:1.0000; C:1.0000]
 21.0000: (STACK E G) [D:1.0000; C:1.0000]
 22.0000: (UNSTACK D A) [D:1.0000; C:1.0000]
 23.0000: (STACK D H) [D:1.0000; C:1.0000]
 24.0000: (UNSTACK D H) [D:1.0000; C:1.0000]
 25.0000: (STACK D A) [D:1.0000; C:1.0000]
 26.0000: (UNSTACK M I) [D:1.0000; C:1.0000]
 27.0000: (STACK M J) [D:1.0000; C:1.0000]
 28.0000: (UNSTACK M J) [D:1.0000; C:1.0000]
 29.0000: (PUT-DOWN M) [D:1.0000; C:1.0000]
 30.0000: (UNSTACK D A) [D:1.0000; C:1.0000]
 31.0000: (STACK D I) [D:1.0000; C:1.0000]
 32.0000: (UNSTACK D I) [D:1.0000; C:1.0000]
 33.0000: (STACK D A) [D:1.0000; C:1.0000]
 34.0000: (UNSTACK I F) [D:1.0000; C:1.0000]
 35.0000: (STACK I H) [D:1.0000; C:1.0000]
 36.0000: (UNSTACK J B) [D:1.0000; C:1.0000]
 37.0000: (STACK J I) [D:1.0000; C:1.0000]
 38.0000: (UNSTACK B K) [D:1.0000; C:1.0000]
 39.0000: (PUT-DOWN B) [D:1.0000; C:1.0000]
 40.0000: (UNSTACK J I) [D:1.0000; C:1.0000]
 41.0000: (PUT-DOWN J) [D:1.0000; C:1.0000]
 42.0000: (UNSTACK E G) [D:1.0000; C:1.0000]
 43.0000: (PUT-DOWN E) [D:1.0000; C:1.0000]
 44.0000: (UNSTACK D A) [D:1.0000; C:1.0000]
 45.0000: (STACK D B) [D:1.0000; C:1.0000]
 46.0000: (UNSTACK D B) [D:1.0000; C:1.0000]
 47.0000: (STACK D A) [D:1.0000; C:1.0000]
 48.0000: (UNSTACK I H) [D:1.0000; C:1.0000]
 49.0000: (STACK I B) [D:1.0000; C:1.0000]
 50.0000: (PICK-UP K) [D:1.0000; C:1.0000]
 51.0000: (STACK K H) [D:1.0000; C:1.0000]
 52.0000: (UNSTACK K H) [D:1.0000; C:1.0000]
 53.0000: (PUT-DOWN K) [D:1.0000; C:1.0000]
 54.0000: (PICK-UP H) [D:1.0000; C:1.0000]
 55.0000: (STACK H I) [D:1.0000; C:1.0000]
 56.0000: (PICK-UP G) [D:1.0000; C:1.0000]
 57.0000: (STACK G H) [D:1.0000; C:1.0000]
 58.0000: (PICK-UP K) [D:1.0000; C:1.0000]
 59.0000: (STACK K G) [D:1.0000; C:1.0000]
 60.0000: (PICK-UP F) [D:1.0000; C:1.0000]
 61.0000: (STACK F K) [D:1.0000; C:1.0000]
 62.0000: (PICK-UP J) [D:1.0000; C:1.0000]
 63.0000: (STACK J F) [D:1.0000; C:1.0000]
 64.0000: (PICK-UP C) [D:1.0000; C:1.0000]
 65.0000: (STACK C J) [D:1.0000; C:1.0000]
 66.0000: (PICK-UP M) [D:1.0000; C:1.0000]
 67.0000: (STACK M C) [D:1.0000; C:1.0000]
 68.0000: (PICK-UP L) [D:1.0000; C:1.0000]
 69.0000: (STACK L M) [D:1.0000; C:1.0000]
 70.0000: (PICK-UP E) [D:1.0000; C:1.0000]
 71.0000: (STACK E L) [D:1.0000; C:1.0000]
 72.0000: (UNSTACK D A) [D:1.0000; C:1.0000]
 73.0000: (PUT-DOWN D) [D:1.0000; C:1.0000]
 74.0000: (PICK-UP A) [D:1.0000; C:1.0000]
 75.0000: (STACK A E) [D:1.0000; C:1.0000]
 76.0000: (PICK-UP D) [D:1.0000; C:1.0000]
 77.0000: (STACK D A) [D:1.0000; C:1.0000]


Solution found:
Total time:      0.08
Search time:     0.07
Actions:         78
Execution cost:  78.00
Duration:        78.000
Plan quality:    78.000


Parsing domain file:  domain 'BLOCKS' defined ... done.
Parsing problem file:  problem 'BLOCKS-14-0' defined ... done.



Modality: Fast Planner

Number of actions             :     420
Number of conditional actions :       0
Number of facts               :     239


Analyzing Planning Problem:
	Temporal Planning Problem: NO
	Numeric Planning Problem: NO
	Problem with Timed Initial Litearals: NO
	Problem with Derived Predicates: NO

Evaluation function weights:
     Action duration 0.00; Action cost 1.00


Computing mutex... done

Preprocessing total time: 0.01 seconds

Searching ('.' = every 50 search steps):
..... solution found: 

Plan computed:
   Time: (ACTION) [action Duration; action Cost]
 0.0000: (UNSTACK A J) [D:1.0000; C:1.0000]
 1.0000: (PUT-DOWN A) [D:1.0000; C:1.0000]
 2.0000: (UNSTACK J H) [D:1.0000; C:1.0000]
 3.0000: (STACK J A) [D:1.0000; C:1.0000]
 4.0000: (UNSTACK H M) [D:1.0000; C:1.0000]
 5.0000: (PUT-DOWN H) [D:1.0000; C:1.0000]
 6.0000: (UNSTACK G D) [D:1.0000; C:1.0000]
 7.0000: (PUT-DOWN G) [D:1.0000; C:1.0000]
 8.0000: (UNSTACK D I) [D:1.0000; C:1.0000]
 9.0000: (PUT-DOWN D) [D:1.0000; C:1.0000]
 10.0000: (UNSTACK I N) [D:1.0000; C:1.0000]
 11.0000: (PUT-DOWN I) [D:1.0000; C:1.0000]
 12.0000: (UNSTACK J A) [D:1.0000; C:1.0000]
 13.0000: (PUT-DOWN J) [D:1.0000; C:1.0000]
 14.0000: (UNSTACK M K) [D:1.0000; C:1.0000]
 15.0000: (PUT-DOWN M) [D:1.0000; C:1.0000]
 16.0000: (UNSTACK K C) [D:1.0000; C:1.0000]
 17.0000: (STACK K J) [D:1.0000; C:1.0000]
 18.0000: (UNSTACK C L) [D:1.0000; C:1.0000]
 19.0000: (STACK C L) [D:1.0000; C:1.0000]
 20.0000: (UNSTACK C L) [D:1.0000; C:1.0000]
 21.0000: (STACK C M) [D:1.0000; C:1.0000]
 22.0000: (UNSTACK L B) [D:1.0000; C:1.0000]
 23.0000: (STACK L H) [D:1.0000; C:1.0000]
 24.0000: (UNSTACK K J) [D:1.0000; C:1.0000]
 25.0000: (STACK K C) [D:1.0000; C:1.0000]
 26.0000: (UNSTACK B E) [D:1.0000; C:1.0000]
 27.0000: (PUT-DOWN B) [D:1.0000; C:1.0000]
 28.0000: (PICK-UP F) [D:1.0000; C:1.0000]
 29.0000: (STACK F B) [D:1.0000; C:1.0000]
 30.0000: (PICK-UP E) [D:1.0000; C:1.0000]
 31.0000: (STACK E L) [D:1.0000; C:1.0000]
 32.0000: (UNSTACK K C) [D:1.0000; C:1.0000]
 33.0000: (STACK K A) [D:1.0000; C:1.0000]
 34.0000: (UNSTACK F B) [D:1.0000; C:1.0000]
 35.0000: (STACK F K) [D:1.0000; C:1.0000]
 36.0000: (UNSTACK F K) [D:1.0000; C:1.0000]
 37.0000: (STACK F B) [D:1.0000; C:1.0000]
 38.0000: (UNSTACK C M) [D:1.0000; C:1.0000]
 39.0000: (PUT-DOWN C) [D:1.0000; C:1.0000]
 40.0000: (UNSTACK K A) [D:1.0000; C:1.0000]
 41.0000: (PUT-DOWN K) [D:1.0000; C:1.0000]
 42.0000: (UNSTACK F B) [D:1.0000; C:1.0000]
 43.0000: (STACK F M) [D:1.0000; C:1.0000]
 44.0000: (UNSTACK F M) [D:1.0000; C:1.0000]
 45.0000: (PUT-DOWN F) [D:1.0000; C:1.0000]
 46.0000: (UNSTACK E L) [D:1.0000; C:1.0000]
 47.0000: (STACK E A) [D:1.0000; C:1.0000]
 48.0000: (UNSTACK L H) [D:1.0000; C:1.0000]
 49.0000: (PUT-DOWN L) [D:1.0000; C:1.0000]
 50.0000: (UNSTACK E A) [D:1.0000; C:1.0000]
 51.0000: (STACK E L) [D:1.0000; C:1.0000]
 52.0000: (PICK-UP M) [D:1.0000; C:1.0000]
 53.0000: (STACK M H) [D:1.0000; C:1.0000]
 54.0000: (UNSTACK M H) [D:1.0000; C:1.0000]
 55.0000: (STACK M E) [D:1.0000; C:1.0000]
 56.0000: (UNSTACK M E) [D:1.0000; C:1.0000]
 57.0000: (PUT-DOWN M) [D:1.0000; C:1.0000]
 58.0000: (UNSTACK E L) [D:1.0000; C:1.0000]
 59.0000: (STACK E H) [D:1.0000; C:1.0000]
 60.0000: (UNSTACK E H) [D:1.0000; C:1.0000]
 61.0000: (STACK E L) [D:1.0000; C:1.0000]
 62.0000: (PICK-UP A) [D:1.0000; C:1.0000]
 63.0000: (STACK A H) [D:1.0000; C:1.0000]
 64.0000: (PICK-UP M) [D:1.0000; C:1.0000]
 65.0000: (STACK M A) [D:1.0000; C:1.0000]
 66.0000: (PICK-UP D) [D:1.0000; C:1.0000]
 67.0000: (STACK D M) [D:1.0000; C:1.0000]
 68.0000: (PICK-UP G) [D:1.0000; C:1.0000]
 69.0000: (STACK G D) [D:1.0000; C:1.0000]
 70.0000: (PICK-UP K) [D:1.0000; C:1.0000]
 71.0000: (STACK K G) [D:1.0000; C:1.0000]
 72.0000: (PICK-UP C) [D:1.0000; C:1.0000]
 73.0000: (STACK C K) [D:1.0000; C:1.0000]
 74.0000: (PICK-UP N) [D:1.0000; C:1.0000]
 75.0000: (STACK N C) [D:1.0000; C:1.0000]
 76.0000: (PICK-UP I) [D:1.0000; C:1.0000]
 77.0000: (STACK I N) [D:1.0000; C:1.0000]
 78.0000: (PICK-UP J) [D:1.0000; C:1.0000]
 79.0000: (STACK J I) [D:1.0000; C:1.0000]
 80.0000: (PICK-UP B) [D:1.0000; C:1.0000]
 81.0000: (STACK B J) [D:1.0000; C:1.0000]
 82.0000: (PICK-UP F) [D:1.0000; C:1.0000]
 83.0000: (STACK F B) [D:1.0000; C:1.0000]
 84.0000: (UNSTACK E L) [D:1.0000; C:1.0000]
 85.0000: (PUT-DOWN E) [D:1.0000; C:1.0000]
 86.0000: (PICK-UP L) [D:1.0000; C:1.0000]
 87.0000: (STACK L F) [D:1.0000; C:1.0000]
 88.0000: (PICK-UP E) [D:1.0000; C:1.0000]
 89.0000: (STACK E L) [D:1.0000; C:1.0000]


Solution found:
Total time:      0.16
Search time:     0.15
Actions:         90
Execution cost:  90.00
Duration:        90.000
Plan quality:    90.000


Parsing domain file:  domain 'BLOCKS' defined ... done.
Parsing problem file:  problem 'BLOCKS-14-1' defined ... done.



Modality: Fast Planner

Number of actions             :     420
Number of conditional actions :       0
Number of facts               :     239


Analyzing Planning Problem:
	Temporal Planning Problem: NO
	Numeric Planning Problem: NO
	Problem with Timed Initial Litearals: NO
	Problem with Derived Predicates: NO

Evaluation function weights:
     Action duration 0.00; Action cost 1.00


Computing mutex... done

Preprocessing total time: 0.01 seconds

Searching ('.' = every 50 search steps):
........ solution found: 

Plan computed:
   Time: (ACTION) [action Duration; action Cost]
 0.0000: (UNSTACK G J) [D:1.0000; C:1.0000]
 1.0000: (STACK G C) [D:1.0000; C:1.0000]
 2.0000: (UNSTACK I D) [D:1.0000; C:1.0000]
 3.0000: (PUT-DOWN I) [D:1.0000; C:1.0000]
 4.0000: (UNSTACK H F) [D:1.0000; C:1.0000]
 5.0000: (STACK H N) [D:1.0000; C:1.0000]
 6.0000: (UNSTACK F A) [D:1.0000; C:1.0000]
 7.0000: (PUT-DOWN F) [D:1.0000; C:1.0000]
 8.0000: (UNSTACK A K) [D:1.0000; C:1.0000]
 9.0000: (PUT-DOWN A) [D:1.0000; C:1.0000]
 10.0000: (UNSTACK K B) [D:1.0000; C:1.0000]
 11.0000: (STACK K A) [D:1.0000; C:1.0000]
 12.0000: (UNSTACK D L) [D:1.0000; C:1.0000]
 13.0000: (STACK D K) [D:1.0000; C:1.0000]
 14.0000: (UNSTACK L M) [D:1.0000; C:1.0000]
 15.0000: (PUT-DOWN L) [D:1.0000; C:1.0000]
 16.0000: (UNSTACK D K) [D:1.0000; C:1.0000]
 17.0000: (PUT-DOWN D) [D:1.0000; C:1.0000]
 18.0000: (PICK-UP J) [D:1.0000; C:1.0000]
 19.0000: (STACK J D) [D:1.0000; C:1.0000]
 20.0000: (PICK-UP M) [D:1.0000; C:1.0000]
 21.0000: (STACK M G) [D:1.0000; C:1.0000]
 22.0000: (UNSTACK M G) [D:1.0000; C:1.0000]
 23.0000: (STACK M G) [D:1.0000; C:1.0000]
 24.0000: (UNSTACK M G) [D:1.0000; C:1.0000]
 25.0000: (STACK M I) [D:1.0000; C:1.0000]
 26.0000: (UNSTACK K A) [D:1.0000; C:1.0000]
 27.0000: (STACK K F) [D:1.0000; C:1.0000]
 28.0000: (UNSTACK K F) [D:1.0000; C:1.0000]
 29.0000: (PUT-DOWN K) [D:1.0000; C:1.0000]
 30.0000: (UNSTACK G C) [D:1.0000; C:1.0000]
 31.0000: (STACK G K) [D:1.0000; C:1.0000]
 32.0000: (UNSTACK H N) [D:1.0000; C:1.0000]
 33.0000: (STACK H L) [D:1.0000; C:1.0000]
 34.0000: (UNSTACK J D) [D:1.0000; C:1.0000]
 35.0000: (STACK J N) [D:1.0000; C:1.0000]
 36.0000: (UNSTACK J N) [D:1.0000; C:1.0000]
 37.0000: (STACK J D) [D:1.0000; C:1.0000]
 38.0000: (UNSTACK C E) [D:1.0000; C:1.0000]
 39.0000: (PUT-DOWN C) [D:1.0000; C:1.0000]
 40.0000: (UNSTACK G K) [D:1.0000; C:1.0000]
 41.0000: (STACK G C) [D:1.0000; C:1.0000]
 42.0000: (UNSTACK M I) [D:1.0000; C:1.0000]
 43.0000: (PUT-DOWN M) [D:1.0000; C:1.0000]
 44.0000: (UNSTACK H L) [D:1.0000; C:1.0000]
 45.0000: (PUT-DOWN H) [D:1.0000; C:1.0000]
 46.0000: (UNSTACK J D) [D:1.0000; C:1.0000]
 47.0000: (STACK J L) [D:1.0000; C:1.0000]
 48.0000: (UNSTACK J L) [D:1.0000; C:1.0000]
 49.0000: (STACK J D) [D:1.0000; C:1.0000]
 50.0000: (PICK-UP A) [D:1.0000; C:1.0000]
 51.0000: (STACK A N) [D:1.0000; C:1.0000]
 52.0000: (UNSTACK A N) [D:1.0000; C:1.0000]
 53.0000: (STACK A G) [D:1.0000; C:1.0000]
 54.0000: (UNSTACK A G) [D:1.0000; C:1.0000]
 55.0000: (PUT-DOWN A) [D:1.0000; C:1.0000]
 56.0000: (UNSTACK G C) [D:1.0000; C:1.0000]
 57.0000: (PUT-DOWN G) [D:1.0000; C:1.0000]
 58.0000: (PICK-UP E) [D:1.0000; C:1.0000]
 59.0000: (STACK E C) [D:1.0000; C:1.0000]
 60.0000: (UNSTACK E C) [D:1.0000; C:1.0000]
 61.0000: (STACK E K) [D:1.0000; C:1.0000]
 62.0000: (UNSTACK E K) [D:1.0000; C:1.0000]
 63.0000: (PUT-DOWN E) [D:1.0000; C:1.0000]
 64.0000: (UNSTACK J D) [D:1.0000; C:1.0000]
 65.0000: (STACK J N) [D:1.0000; C:1.0000]
 66.0000: (UNSTACK J N) [D:1.0000; C:1.0000]
 67.0000: (STACK J C) [D:1.0000; C:1.0000]
 68.0000: (PICK-UP I) [D:1.0000; C:1.0000]
 69.0000: (STACK I D) [D:1.0000; C:1.0000]
 70.0000: (UNSTACK I D) [D:1.0000; C:1.0000]
 71.0000: (STACK I N) [D:1.0000; C:1.0000]
 72.0000: (UNSTACK I N) [D:1.0000; C:1.0000]
 73.0000: (PUT-DOWN I) [D:1.0000; C:1.0000]
 74.0000: (UNSTACK J C) [D:1.0000; C:1.0000]
 75.0000: (STACK J D) [D:1.0000; C:1.0000]
 76.0000: (PICK-UP A) [D:1.0000; C:1.0000]
 77.0000: (STACK A N) [D:1.0000; C:1.0000]
 78.0000: (UNSTACK A N) [D:1.0000; C:1.0000]
 79.0000: (STACK A I) [D:1.0000; C:1.0000]
 80.0000: (UNSTACK A I) [D:1.0000; C:1.0000]
 81.0000: (PUT-DOWN A) [D:1.0000; C:1.0000]
 82.0000: (UNSTACK J D) [D:1.0000; C:1.0000]
 83.0000: (STACK J C) [D:1.0000; C:1.0000]
 84.0000: (UNSTACK J C) [D:1.0000; C:1.0000]
 85.0000: (STACK J D) [D:1.0000; C:1.0000]
 86.0000: (PICK-UP N) [D:1.0000; C:1.0000]
 87.0000: (STACK N C) [D:1.0000; C:1.0000]
 88.0000: (PICK-UP L) [D:1.0000; C:1.0000]
 89.0000: (STACK L N) [D:1.0000; C:1.0000]
 90.0000: (PICK-UP E) [D:1.0000; C:1.0000]
 91.0000: (STACK E L) [D:1.0000; C:1.0000]
 92.0000: (PICK-UP I) [D:1.0000; C:1.0000]
 93.0000: (STACK I E) [D:1.0000; C:1.0000]
 94.0000: (PICK-UP A) [D:1.0000; C:1.0000]
 95.0000: (STACK A I) [D:1.0000; C:1.0000]
 96.0000: (PICK-UP G) [D:1.0000; C:1.0000]
 97.0000: (STACK G A) [D:1.0000; C:1.0000]
 98.0000: (PICK-UP F) [D:1.0000; C:1.0000]
 99.0000: (STACK F G) [D:1.0000; C:1.0000]
 100.0000: (PICK-UP K) [D:1.0000; C:1.0000]
 101.0000: (STACK K F) [D:1.0000; C:1.0000]
 102.0000: (PICK-UP M) [D:1.0000; C:1.0000]
 103.0000: (STACK M K) [D:1.0000; C:1.0000]
 104.0000: (PICK-UP H) [D:1.0000; C:1.0000]
 105.0000: (STACK H M) [D:1.0000; C:1.0000]
 106.0000: (PICK-UP B) [D:1.0000; C:1.0000]
 107.0000: (STACK B H) [D:1.0000; C:1.0000]
 108.0000: (UNSTACK J D) [D:1.0000; C:1.0000]
 109.0000: (PUT-DOWN J) [D:1.0000; C:1.0000]
 110.0000: (PICK-UP D) [D:1.0000; C:1.0000]
 111.0000: (STACK D B) [D:1.0000; C:1.0000]
 112.0000: (PICK-UP J) [D:1.0000; C:1.0000]
 113.0000: (STACK J D) [D:1.0000; C:1.0000]


Solution found:
Total time:      0.22
Search time:     0.21
Actions:         114
Execution cost:  114.00
Duration:        114.000
Plan quality:    114.000


Parsing domain file:  domain 'BLOCKS' defined ... done.
Parsing problem file:  problem 'BLOCKS-15-0' defined ... done.



Modality: Fast Planner

Number of actions             :     480
Number of conditional actions :       0
Number of facts               :     271


Analyzing Planning Problem:
	Temporal Planning Problem: NO
	Numeric Planning Problem: NO
	Problem with Timed Initial Litearals: NO
	Problem with Derived Predicates: NO

Evaluation function weights:
     Action duration 0.00; Action cost 1.00


Computing mutex... done

Preprocessing total time: 0.02 seconds

Searching ('.' = every 50 search steps):
....... solution found: 

Plan computed:
   Time: (ACTION) [action Duration; action Cost]
 0.0000: (UNSTACK B A) [D:1.0000; C:1.0000]
 1.0000: (PUT-DOWN B) [D:1.0000; C:1.0000]
 2.0000: (UNSTACK F K) [D:1.0000; C:1.0000]
 3.0000: (STACK F M) [D:1.0000; C:1.0000]
 4.0000: (UNSTACK E J) [D:1.0000; C:1.0000]
 5.0000: (STACK E B) [D:1.0000; C:1.0000]
 6.0000: (UNSTACK I H) [D:1.0000; C:1.0000]
 7.0000: (PUT-DOWN I) [D:1.0000; C:1.0000]
 8.0000: (UNSTACK A O) [D:1.0000; C:1.0000]
 9.0000: (PUT-DOWN A) [D:1.0000; C:1.0000]
 10.0000: (UNSTACK F M) [D:1.0000; C:1.0000]
 11.0000: (STACK F J) [D:1.0000; C:1.0000]
 12.0000: (UNSTACK M N) [D:1.0000; C:1.0000]
 13.0000: (STACK M A) [D:1.0000; C:1.0000]
 14.0000: (PICK-UP O) [D:1.0000; C:1.0000]
 15.0000: (PUT-DOWN O) [D:1.0000; C:1.0000]
 16.0000: (UNSTACK F J) [D:1.0000; C:1.0000]
 17.0000: (STACK F H) [D:1.0000; C:1.0000]
 18.0000: (UNSTACK J D) [D:1.0000; C:1.0000]
 19.0000: (STACK J I) [D:1.0000; C:1.0000]
 20.0000: (UNSTACK D L) [D:1.0000; C:1.0000]
 21.0000: (PUT-DOWN D) [D:1.0000; C:1.0000]
 22.0000: (UNSTACK F H) [D:1.0000; C:1.0000]
 23.0000: (STACK F L) [D:1.0000; C:1.0000]
 24.0000: (UNSTACK F L) [D:1.0000; C:1.0000]
 25.0000: (STACK F N) [D:1.0000; C:1.0000]
 26.0000: (PICK-UP O) [D:1.0000; C:1.0000]
 27.0000: (STACK O H) [D:1.0000; C:1.0000]
 28.0000: (UNSTACK J I) [D:1.0000; C:1.0000]
 29.0000: (PUT-DOWN J) [D:1.0000; C:1.0000]
 30.0000: (UNSTACK M A) [D:1.0000; C:1.0000]
 31.0000: (STACK M L) [D:1.0000; C:1.0000]
 32.0000: (UNSTACK O H) [D:1.0000; C:1.0000]
 33.0000: (STACK O A) [D:1.0000; C:1.0000]
 34.0000: (UNSTACK O A) [D:1.0000; C:1.0000]
 35.0000: (STACK O H) [D:1.0000; C:1.0000]
 36.0000: (UNSTACK E B) [D:1.0000; C:1.0000]
 37.0000: (PUT-DOWN E) [D:1.0000; C:1.0000]
 38.0000: (UNSTACK F N) [D:1.0000; C:1.0000]
 39.0000: (STACK F J) [D:1.0000; C:1.0000]
 40.0000: (PICK-UP B) [D:1.0000; C:1.0000]
 41.0000: (STACK B I) [D:1.0000; C:1.0000]
 42.0000: (UNSTACK B I) [D:1.0000; C:1.0000]
 43.0000: (STACK B E) [D:1.0000; C:1.0000]
 44.0000: (UNSTACK M L) [D:1.0000; C:1.0000]
 45.0000: (PUT-DOWN M) [D:1.0000; C:1.0000]
 46.0000: (UNSTACK O H) [D:1.0000; C:1.0000]
 47.0000: (STACK O N) [D:1.0000; C:1.0000]
 48.0000: (UNSTACK O N) [D:1.0000; C:1.0000]
 49.0000: (STACK O H) [D:1.0000; C:1.0000]
 50.0000: (UNSTACK B E) [D:1.0000; C:1.0000]
 51.0000: (STACK B N) [D:1.0000; C:1.0000]
 52.0000: (UNSTACK F J) [D:1.0000; C:1.0000]
 53.0000: (PUT-DOWN F) [D:1.0000; C:1.0000]
 54.0000: (UNSTACK O H) [D:1.0000; C:1.0000]
 55.0000: (STACK O J) [D:1.0000; C:1.0000]
 56.0000: (UNSTACK O J) [D:1.0000; C:1.0000]
 57.0000: (STACK O H) [D:1.0000; C:1.0000]
 58.0000: (UNSTACK L C) [D:1.0000; C:1.0000]
 59.0000: (PUT-DOWN L) [D:1.0000; C:1.0000]
 60.0000: (UNSTACK B N) [D:1.0000; C:1.0000]
 61.0000: (PUT-DOWN B) [D:1.0000; C:1.0000]
 62.0000: (UNSTACK O H) [D:1.0000; C:1.0000]
 63.0000: (STACK O C) [D:1.0000; C:1.0000]
 64.0000: (UNSTACK O C) [D:1.0000; C:1.0000]
 65.0000: (PUT-DOWN O) [D:1.0000; C:1.0000]
 66.0000: (UNSTACK C G) [D:1.0000; C:1.0000]
 67.0000: (PUT-DOWN C) [D:1.0000; C:1.0000]
 68.0000: (PICK-UP G) [D:1.0000; C:1.0000]
 69.0000: (STACK G O) [D:1.0000; C:1.0000]
 70.0000: (PICK-UP I) [D:1.0000; C:1.0000]
 71.0000: (STACK I G) [D:1.0000; C:1.0000]
 72.0000: (UNSTACK I G) [D:1.0000; C:1.0000]
 73.0000: (STACK I N) [D:1.0000; C:1.0000]
 74.0000: (UNSTACK I N) [D:1.0000; C:1.0000]
 75.0000: (STACK I C) [D:1.0000; C:1.0000]
 76.0000: (PICK-UP N) [D:1.0000; C:1.0000]
 77.0000: (STACK N I) [D:1.0000; C:1.0000]
 78.0000: (PICK-UP D) [D:1.0000; C:1.0000]
 79.0000: (STACK D N) [D:1.0000; C:1.0000]
 80.0000: (PICK-UP J) [D:1.0000; C:1.0000]
 81.0000: (STACK J D) [D:1.0000; C:1.0000]
 82.0000: (PICK-UP L) [D:1.0000; C:1.0000]
 83.0000: (STACK L J) [D:1.0000; C:1.0000]
 84.0000: (PICK-UP B) [D:1.0000; C:1.0000]
 85.0000: (STACK B L) [D:1.0000; C:1.0000]
 86.0000: (PICK-UP A) [D:1.0000; C:1.0000]
 87.0000: (STACK A B) [D:1.0000; C:1.0000]
 88.0000: (PICK-UP E) [D:1.0000; C:1.0000]
 89.0000: (STACK E A) [D:1.0000; C:1.0000]
 90.0000: (PICK-UP F) [D:1.0000; C:1.0000]
 91.0000: (STACK F E) [D:1.0000; C:1.0000]
 92.0000: (PICK-UP M) [D:1.0000; C:1.0000]
 93.0000: (STACK M F) [D:1.0000; C:1.0000]
 94.0000: (PICK-UP K) [D:1.0000; C:1.0000]
 95.0000: (STACK K M) [D:1.0000; C:1.0000]
 96.0000: (UNSTACK G O) [D:1.0000; C:1.0000]
 97.0000: (PUT-DOWN G) [D:1.0000; C:1.0000]
 98.0000: (PICK-UP H) [D:1.0000; C:1.0000]
 99.0000: (STACK H K) [D:1.0000; C:1.0000]
 100.0000: (PICK-UP O) [D:1.0000; C:1.0000]
 101.0000: (STACK O H) [D:1.0000; C:1.0000]
 102.0000: (PICK-UP G) [D:1.0000; C:1.0000]
 103.0000: (STACK G O) [D:1.0000; C:1.0000]


Solution found:
Total time:      0.21
Search time:     0.19
Actions:         104
Execution cost:  104.00
Duration:        104.000
Plan quality:    104.000


Parsing domain file:  domain 'BLOCKS' defined ... done.
Parsing problem file:  problem 'BLOCKS-15-1' defined ... done.



Modality: Fast Planner

Number of actions             :     480
Number of conditional actions :       0
Number of facts               :     271


Analyzing Planning Problem:
	Temporal Planning Problem: NO
	Numeric Planning Problem: NO
	Problem with Timed Initial Litearals: NO
	Problem with Derived Predicates: NO

Evaluation function weights:
     Action duration 0.00; Action cost 1.00


Computing mutex... done

Preprocessing total time: 0.02 seconds

Searching ('.' = every 50 search steps):
....... solution found: 

Plan computed:
   Time: (ACTION) [action Duration; action Cost]
 0.0000: (UNSTACK G L) [D:1.0000; C:1.0000]
 1.0000: (STACK G O) [D:1.0000; C:1.0000]
 2.0000: (UNSTACK L F) [D:1.0000; C:1.0000]
 3.0000: (PUT-DOWN L) [D:1.0000; C:1.0000]
 4.0000: (UNSTACK F C) [D:1.0000; C:1.0000]
 5.0000: (STACK F L) [D:1.0000; C:1.0000]
 6.0000: (UNSTACK C N) [D:1.0000; C:1.0000]
 7.0000: (PUT-DOWN C) [D:1.0000; C:1.0000]
 8.0000: (UNSTACK N E) [D:1.0000; C:1.0000]
 9.0000: (PUT-DOWN N) [D:1.0000; C:1.0000]
 10.0000: (UNSTACK E H) [D:1.0000; C:1.0000]
 11.0000: (PUT-DOWN E) [D:1.0000; C:1.0000]
 12.0000: (UNSTACK H D) [D:1.0000; C:1.0000]
 13.0000: (STACK H E) [D:1.0000; C:1.0000]
 14.0000: (UNSTACK D A) [D:1.0000; C:1.0000]
 15.0000: (PUT-DOWN D) [D:1.0000; C:1.0000]
 16.0000: (UNSTACK H E) [D:1.0000; C:1.0000]
 17.0000: (PUT-DOWN H) [D:1.0000; C:1.0000]
 18.0000: (UNSTACK A K) [D:1.0000; C:1.0000]
 19.0000: (PUT-DOWN A) [D:1.0000; C:1.0000]
 20.0000: (UNSTACK K B) [D:1.0000; C:1.0000]
 21.0000: (PUT-DOWN K) [D:1.0000; C:1.0000]
 22.0000: (UNSTACK B J) [D:1.0000; C:1.0000]
 23.0000: (STACK B H) [D:1.0000; C:1.0000]
 24.0000: (UNSTACK F L) [D:1.0000; C:1.0000]
 25.0000: (PUT-DOWN F) [D:1.0000; C:1.0000]
 26.0000: (UNSTACK G O) [D:1.0000; C:1.0000]
 27.0000: (STACK G F) [D:1.0000; C:1.0000]
 28.0000: (PICK-UP C) [D:1.0000; C:1.0000]
 29.0000: (STACK C A) [D:1.0000; C:1.0000]
 30.0000: (UNSTACK C A) [D:1.0000; C:1.0000]
 31.0000: (PUT-DOWN C) [D:1.0000; C:1.0000]
 32.0000: (PICK-UP E) [D:1.0000; C:1.0000]
 33.0000: (STACK E A) [D:1.0000; C:1.0000]
 34.0000: (UNSTACK E A) [D:1.0000; C:1.0000]
 35.0000: (STACK E N) [D:1.0000; C:1.0000]
 36.0000: (UNSTACK O M) [D:1.0000; C:1.0000]
 37.0000: (STACK O L) [D:1.0000; C:1.0000]
 38.0000: (UNSTACK E N) [D:1.0000; C:1.0000]
 39.0000: (STACK E O) [D:1.0000; C:1.0000]
 40.0000: (UNSTACK J I) [D:1.0000; C:1.0000]
 41.0000: (STACK J B) [D:1.0000; C:1.0000]
 42.0000: (UNSTACK G F) [D:1.0000; C:1.0000]
 43.0000: (PUT-DOWN G) [D:1.0000; C:1.0000]
 44.0000: (PICK-UP A) [D:1.0000; C:1.0000]
 45.0000: (STACK A I) [D:1.0000; C:1.0000]
 46.0000: (UNSTACK J B) [D:1.0000; C:1.0000]
 47.0000: (PUT-DOWN J) [D:1.0000; C:1.0000]
 48.0000: (PICK-UP G) [D:1.0000; C:1.0000]
 49.0000: (STACK G F) [D:1.0000; C:1.0000]
 50.0000: (UNSTACK A I) [D:1.0000; C:1.0000]
 51.0000: (PUT-DOWN A) [D:1.0000; C:1.0000]
 52.0000: (UNSTACK E O) [D:1.0000; C:1.0000]
 53.0000: (PUT-DOWN E) [D:1.0000; C:1.0000]
 54.0000: (UNSTACK G F) [D:1.0000; C:1.0000]
 55.0000: (STACK G D) [D:1.0000; C:1.0000]
 56.0000: (UNSTACK G D) [D:1.0000; C:1.0000]
 57.0000: (PUT-DOWN G) [D:1.0000; C:1.0000]
 58.0000: (PICK-UP N) [D:1.0000; C:1.0000]
 59.0000: (STACK N D) [D:1.0000; C:1.0000]
 60.0000: (UNSTACK N D) [D:1.0000; C:1.0000]
 61.0000: (STACK N D) [D:1.0000; C:1.0000]
 62.0000: (UNSTACK N D) [D:1.0000; C:1.0000]
 63.0000: (STACK N I) [D:1.0000; C:1.0000]
 64.0000: (UNSTACK N I) [D:1.0000; C:1.0000]
 65.0000: (PUT-DOWN N) [D:1.0000; C:1.0000]
 66.0000: (PICK-UP D) [D:1.0000; C:1.0000]
 67.0000: (STACK D G) [D:1.0000; C:1.0000]
 68.0000: (UNSTACK O L) [D:1.0000; C:1.0000]
 69.0000: (STACK O D) [D:1.0000; C:1.0000]
 70.0000: (UNSTACK O D) [D:1.0000; C:1.0000]
 71.0000: (PUT-DOWN O) [D:1.0000; C:1.0000]
 72.0000: (UNSTACK B H) [D:1.0000; C:1.0000]
 73.0000: (PUT-DOWN B) [D:1.0000; C:1.0000]
 74.0000: (PICK-UP I) [D:1.0000; C:1.0000]
 75.0000: (STACK I E) [D:1.0000; C:1.0000]
 76.0000: (UNSTACK D G) [D:1.0000; C:1.0000]
 77.0000: (PUT-DOWN D) [D:1.0000; C:1.0000]
 78.0000: (PICK-UP G) [D:1.0000; C:1.0000]
 79.0000: (STACK G H) [D:1.0000; C:1.0000]
 80.0000: (UNSTACK G H) [D:1.0000; C:1.0000]
 81.0000: (PUT-DOWN G) [D:1.0000; C:1.0000]
 82.0000: (PICK-UP D) [D:1.0000; C:1.0000]
 83.0000: (STACK D G) [D:1.0000; C:1.0000]
 84.0000: (PICK-UP L) [D:1.0000; C:1.0000]
 85.0000: (STACK L H) [D:1.0000; C:1.0000]
 86.0000: (UNSTACK I E) [D:1.0000; C:1.0000]
 87.0000: (STACK I L) [D:1.0000; C:1.0000]
 88.0000: (PICK-UP O) [D:1.0000; C:1.0000]
 89.0000: (STACK O I) [D:1.0000; C:1.0000]
 90.0000: (PICK-UP N) [D:1.0000; C:1.0000]
 91.0000: (STACK N O) [D:1.0000; C:1.0000]
 92.0000: (PICK-UP C) [D:1.0000; C:1.0000]
 93.0000: (STACK C N) [D:1.0000; C:1.0000]
 94.0000: (PICK-UP B) [D:1.0000; C:1.0000]
 95.0000: (STACK B C) [D:1.0000; C:1.0000]
 96.0000: (PICK-UP A) [D:1.0000; C:1.0000]
 97.0000: (STACK A B) [D:1.0000; C:1.0000]
 98.0000: (PICK-UP M) [D:1.0000; C:1.0000]
 99.0000: (STACK M A) [D:1.0000; C:1.0000]
 100.0000: (PICK-UP E) [D:1.0000; C:1.0000]
 101.0000: (STACK E M) [D:1.0000; C:1.0000]
 102.0000: (PICK-UP J) [D:1.0000; C:1.0000]
 103.0000: (STACK J E) [D:1.0000; C:1.0000]
 104.0000: (PICK-UP K) [D:1.0000; C:1.0000]
 105.0000: (STACK K J) [D:1.0000; C:1.0000]
 106.0000: (PICK-UP F) [D:1.0000; C:1.0000]
 107.0000: (STACK F K) [D:1.0000; C:1.0000]
 108.0000: (UNSTACK D G) [D:1.0000; C:1.0000]
 109.0000: (PUT-DOWN D) [D:1.0000; C:1.0000]
 110.0000: (PICK-UP G) [D:1.0000; C:1.0000]
 111.0000: (STACK G F) [D:1.0000; C:1.0000]
 112.0000: (PICK-UP D) [D:1.0000; C:1.0000]
 113.0000: (STACK D G) [D:1.0000; C:1.0000]


Solution found:
Total time:      0.25
Search time:     0.23
Actions:         114
Execution cost:  114.00
Duration:        114.000
Plan quality:    114.000


Parsing domain file:  domain 'BLOCKS' defined ... done.
Parsing problem file:  problem 'BLOCKS-16-1' defined ... done.



Modality: Fast Planner

Number of actions             :     544
Number of conditional actions :       0
Number of facts               :     305


Analyzing Planning Problem:
	Temporal Planning Problem: NO
	Numeric Planning Problem: NO
	Problem with Timed Initial Litearals: NO
	Problem with Derived Predicates: NO

Evaluation function weights:
     Action duration 0.00; Action cost 1.00


Computing mutex... done

Preprocessing total time: 0.02 seconds

Searching ('.' = every 50 search steps):
....... solution found: 

Plan computed:
   Time: (ACTION) [action Duration; action Cost]
 0.0000: (UNSTACK O G) [D:1.0000; C:1.0000]
 1.0000: (PUT-DOWN O) [D:1.0000; C:1.0000]
 2.0000: (UNSTACK F L) [D:1.0000; C:1.0000]
 3.0000: (STACK F O) [D:1.0000; C:1.0000]
 4.0000: (UNSTACK L M) [D:1.0000; C:1.0000]
 5.0000: (PUT-DOWN L) [D:1.0000; C:1.0000]
 6.0000: (UNSTACK M J) [D:1.0000; C:1.0000]
 7.0000: (PUT-DOWN M) [D:1.0000; C:1.0000]
 8.0000: (UNSTACK J P) [D:1.0000; C:1.0000]
 9.0000: (PUT-DOWN J) [D:1.0000; C:1.0000]
 10.0000: (UNSTACK P N) [D:1.0000; C:1.0000]
 11.0000: (PUT-DOWN P) [D:1.0000; C:1.0000]
 12.0000: (UNSTACK N I) [D:1.0000; C:1.0000]
 13.0000: (PUT-DOWN N) [D:1.0000; C:1.0000]
 14.0000: (UNSTACK I B) [D:1.0000; C:1.0000]
 15.0000: (STACK I N) [D:1.0000; C:1.0000]
 16.0000: (UNSTACK B D) [D:1.0000; C:1.0000]
 17.0000: (PUT-DOWN B) [D:1.0000; C:1.0000]
 18.0000: (UNSTACK D C) [D:1.0000; C:1.0000]
 19.0000: (STACK D B) [D:1.0000; C:1.0000]
 20.0000: (PICK-UP P) [D:1.0000; C:1.0000]
 21.0000: (STACK P F) [D:1.0000; C:1.0000]
 22.0000: (UNSTACK C K) [D:1.0000; C:1.0000]
 23.0000: (STACK C M) [D:1.0000; C:1.0000]
 24.0000: (UNSTACK D B) [D:1.0000; C:1.0000]
 25.0000: (STACK D J) [D:1.0000; C:1.0000]
 26.0000: (UNSTACK I N) [D:1.0000; C:1.0000]
 27.0000: (STACK I B) [D:1.0000; C:1.0000]
 28.0000: (UNSTACK P F) [D:1.0000; C:1.0000]
 29.0000: (PUT-DOWN P) [D:1.0000; C:1.0000]
 30.0000: (UNSTACK F O) [D:1.0000; C:1.0000]
 31.0000: (PUT-DOWN F) [D:1.0000; C:1.0000]
 32.0000: (PICK-UP P) [D:1.0000; C:1.0000]
 33.0000: (STACK P F) [D:1.0000; C:1.0000]
 34.0000: (UNSTACK I B) [D:1.0000; C:1.0000]
 35.0000: (STACK I O) [D:1.0000; C:1.0000]
 36.0000: (UNSTACK D J) [D:1.0000; C:1.0000]
 37.0000: (STACK D B) [D:1.0000; C:1.0000]
 38.0000: (UNSTACK K A) [D:1.0000; C:1.0000]
 39.0000: (STACK K N) [D:1.0000; C:1.0000]
 40.0000: (UNSTACK P F) [D:1.0000; C:1.0000]
 41.0000: (PUT-DOWN P) [D:1.0000; C:1.0000]
 42.0000: (UNSTACK H E) [D:1.0000; C:1.0000]
 43.0000: (STACK H D) [D:1.0000; C:1.0000]
 44.0000: (UNSTACK H D) [D:1.0000; C:1.0000]
 45.0000: (PUT-DOWN H) [D:1.0000; C:1.0000]
 46.0000: (UNSTACK D B) [D:1.0000; C:1.0000]
 47.0000: (STACK D C) [D:1.0000; C:1.0000]
 48.0000: (UNSTACK K N) [D:1.0000; C:1.0000]
 49.0000: (PUT-DOWN K) [D:1.0000; C:1.0000]
 50.0000: (PICK-UP J) [D:1.0000; C:1.0000]
 51.0000: (STACK J I) [D:1.0000; C:1.0000]
 52.0000: (UNSTACK D C) [D:1.0000; C:1.0000]
 53.0000: (STACK D B) [D:1.0000; C:1.0000]
 54.0000: (UNSTACK D B) [D:1.0000; C:1.0000]
 55.0000: (PUT-DOWN D) [D:1.0000; C:1.0000]
 56.0000: (PICK-UP D) [D:1.0000; C:1.0000]
 57.0000: (STACK D B) [D:1.0000; C:1.0000]
 58.0000: (UNSTACK C M) [D:1.0000; C:1.0000]
 59.0000: (PUT-DOWN C) [D:1.0000; C:1.0000]
 60.0000: (UNSTACK J I) [D:1.0000; C:1.0000]
 61.0000: (PUT-DOWN J) [D:1.0000; C:1.0000]
 62.0000: (PICK-UP H) [D:1.0000; C:1.0000]
 63.0000: (STACK H J) [D:1.0000; C:1.0000]
 64.0000: (UNSTACK I O) [D:1.0000; C:1.0000]
 65.0000: (PUT-DOWN I) [D:1.0000; C:1.0000]
 66.0000: (UNSTACK D B) [D:1.0000; C:1.0000]
 67.0000: (PUT-DOWN D) [D:1.0000; C:1.0000]
 68.0000: (PICK-UP D) [D:1.0000; C:1.0000]
 69.0000: (STACK D B) [D:1.0000; C:1.0000]
 70.0000: (PICK-UP C) [D:1.0000; C:1.0000]
 71.0000: (STACK C O) [D:1.0000; C:1.0000]
 72.0000: (PICK-UP M) [D:1.0000; C:1.0000]
 73.0000: (STACK M C) [D:1.0000; C:1.0000]
 74.0000: (PICK-UP E) [D:1.0000; C:1.0000]
 75.0000: (STACK E M) [D:1.0000; C:1.0000]
 76.0000: (PICK-UP N) [D:1.0000; C:1.0000]
 77.0000: (STACK N E) [D:1.0000; C:1.0000]
 78.0000: (PICK-UP A) [D:1.0000; C:1.0000]
 79.0000: (STACK A N) [D:1.0000; C:1.0000]
 80.0000: (UNSTACK H J) [D:1.0000; C:1.0000]
 81.0000: (STACK H A) [D:1.0000; C:1.0000]
 82.0000: (UNSTACK D B) [D:1.0000; C:1.0000]
 83.0000: (STACK D H) [D:1.0000; C:1.0000]
 84.0000: (UNSTACK D H) [D:1.0000; C:1.0000]
 85.0000: (STACK D B) [D:1.0000; C:1.0000]
 86.0000: (PICK-UP J) [D:1.0000; C:1.0000]
 87.0000: (STACK J H) [D:1.0000; C:1.0000]
 88.0000: (PICK-UP L) [D:1.0000; C:1.0000]
 89.0000: (STACK L J) [D:1.0000; C:1.0000]
 90.0000: (PICK-UP I) [D:1.0000; C:1.0000]
 91.0000: (STACK I L) [D:1.0000; C:1.0000]
 92.0000: (PICK-UP K) [D:1.0000; C:1.0000]
 93.0000: (STACK K I) [D:1.0000; C:1.0000]
 94.0000: (PICK-UP G) [D:1.0000; C:1.0000]
 95.0000: (STACK G K) [D:1.0000; C:1.0000]
 96.0000: (PICK-UP F) [D:1.0000; C:1.0000]
 97.0000: (STACK F G) [D:1.0000; C:1.0000]
 98.0000: (PICK-UP P) [D:1.0000; C:1.0000]
 99.0000: (STACK P F) [D:1.0000; C:1.0000]
 100.0000: (UNSTACK D B) [D:1.0000; C:1.0000]
 101.0000: (PUT-DOWN D) [D:1.0000; C:1.0000]
 102.0000: (PICK-UP B) [D:1.0000; C:1.0000]
 103.0000: (STACK B P) [D:1.0000; C:1.0000]
 104.0000: (PICK-UP D) [D:1.0000; C:1.0000]
 105.0000: (STACK D B) [D:1.0000; C:1.0000]


Solution found:
Total time:      0.27
Search time:     0.25
Actions:         106
Execution cost:  106.00
Duration:        106.000
Plan quality:    106.000


Parsing domain file:  domain 'BLOCKS' defined ... done.
Parsing problem file:  problem 'BLOCKS-16-2' defined ... done.



Modality: Fast Planner

Number of actions             :     544
Number of conditional actions :       0
Number of facts               :     305


Analyzing Planning Problem:
	Temporal Planning Problem: NO
	Numeric Planning Problem: NO
	Problem with Timed Initial Litearals: NO
	Problem with Derived Predicates: NO

Evaluation function weights:
     Action duration 0.00; Action cost 1.00


Computing mutex... done

Preprocessing total time: 0.02 seconds

Searching ('.' = every 50 search steps):
..... solution found: 

Plan computed:
   Time: (ACTION) [action Duration; action Cost]
 0.0000: (UNSTACK E F) [D:1.0000; C:1.0000]
 1.0000: (STACK E L) [D:1.0000; C:1.0000]
 2.0000: (UNSTACK F H) [D:1.0000; C:1.0000]
 3.0000: (PUT-DOWN F) [D:1.0000; C:1.0000]
 4.0000: (UNSTACK H B) [D:1.0000; C:1.0000]
 5.0000: (STACK H E) [D:1.0000; C:1.0000]
 6.0000: (UNSTACK B C) [D:1.0000; C:1.0000]
 7.0000: (PUT-DOWN B) [D:1.0000; C:1.0000]
 8.0000: (UNSTACK C M) [D:1.0000; C:1.0000]
 9.0000: (PUT-DOWN C) [D:1.0000; C:1.0000]
 10.0000: (UNSTACK M D) [D:1.0000; C:1.0000]
 11.0000: (PUT-DOWN M) [D:1.0000; C:1.0000]
 12.0000: (UNSTACK D A) [D:1.0000; C:1.0000]
 13.0000: (PUT-DOWN D) [D:1.0000; C:1.0000]
 14.0000: (UNSTACK A P) [D:1.0000; C:1.0000]
 15.0000: (PUT-DOWN A) [D:1.0000; C:1.0000]
 16.0000: (UNSTACK P N) [D:1.0000; C:1.0000]
 17.0000: (PUT-DOWN P) [D:1.0000; C:1.0000]
 18.0000: (UNSTACK N G) [D:1.0000; C:1.0000]
 19.0000: (PUT-DOWN N) [D:1.0000; C:1.0000]
 20.0000: (UNSTACK G I) [D:1.0000; C:1.0000]
 21.0000: (PUT-DOWN G) [D:1.0000; C:1.0000]
 22.0000: (UNSTACK I K) [D:1.0000; C:1.0000]
 23.0000: (STACK I P) [D:1.0000; C:1.0000]
 24.0000: (UNSTACK K J) [D:1.0000; C:1.0000]
 25.0000: (PUT-DOWN K) [D:1.0000; C:1.0000]
 26.0000: (UNSTACK I P) [D:1.0000; C:1.0000]
 27.0000: (STACK I N) [D:1.0000; C:1.0000]
 28.0000: (PICK-UP A) [D:1.0000; C:1.0000]
 29.0000: (STACK A P) [D:1.0000; C:1.0000]
 30.0000: (UNSTACK I N) [D:1.0000; C:1.0000]
 31.0000: (STACK I D) [D:1.0000; C:1.0000]
 32.0000: (PICK-UP G) [D:1.0000; C:1.0000]
 33.0000: (STACK G N) [D:1.0000; C:1.0000]
 34.0000: (UNSTACK H E) [D:1.0000; C:1.0000]
 35.0000: (STACK H F) [D:1.0000; C:1.0000]
 36.0000: (UNSTACK E L) [D:1.0000; C:1.0000]
 37.0000: (STACK E M) [D:1.0000; C:1.0000]
 38.0000: (UNSTACK A P) [D:1.0000; C:1.0000]
 39.0000: (PUT-DOWN A) [D:1.0000; C:1.0000]
 40.0000: (PICK-UP C) [D:1.0000; C:1.0000]
 41.0000: (STACK C P) [D:1.0000; C:1.0000]
 42.0000: (UNSTACK E M) [D:1.0000; C:1.0000]
 43.0000: (PUT-DOWN E) [D:1.0000; C:1.0000]
 44.0000: (UNSTACK L O) [D:1.0000; C:1.0000]
 45.0000: (STACK L K) [D:1.0000; C:1.0000]
 46.0000: (UNSTACK L K) [D:1.0000; C:1.0000]
 47.0000: (STACK L G) [D:1.0000; C:1.0000]
 48.0000: (UNSTACK L G) [D:1.0000; C:1.0000]
 49.0000: (STACK L O) [D:1.0000; C:1.0000]
 50.0000: (UNSTACK G N) [D:1.0000; C:1.0000]
 51.0000: (PUT-DOWN G) [D:1.0000; C:1.0000]
 52.0000: (UNSTACK H F) [D:1.0000; C:1.0000]
 53.0000: (STACK H I) [D:1.0000; C:1.0000]
 54.0000: (UNSTACK H I) [D:1.0000; C:1.0000]
 55.0000: (STACK H F) [D:1.0000; C:1.0000]
 56.0000: (UNSTACK C P) [D:1.0000; C:1.0000]
 57.0000: (PUT-DOWN C) [D:1.0000; C:1.0000]
 58.0000: (UNSTACK H F) [D:1.0000; C:1.0000]
 59.0000: (STACK H I) [D:1.0000; C:1.0000]
 60.0000: (UNSTACK H I) [D:1.0000; C:1.0000]
 61.0000: (STACK H F) [D:1.0000; C:1.0000]
 62.0000: (UNSTACK L O) [D:1.0000; C:1.0000]
 63.0000: (PUT-DOWN L) [D:1.0000; C:1.0000]
 64.0000: (UNSTACK H F) [D:1.0000; C:1.0000]
 65.0000: (PUT-DOWN H) [D:1.0000; C:1.0000]
 66.0000: (PICK-UP P) [D:1.0000; C:1.0000]
 67.0000: (STACK P O) [D:1.0000; C:1.0000]
 68.0000: (PICK-UP A) [D:1.0000; C:1.0000]
 69.0000: (STACK A P) [D:1.0000; C:1.0000]
 70.0000: (PICK-UP N) [D:1.0000; C:1.0000]
 71.0000: (STACK N A) [D:1.0000; C:1.0000]
 72.0000: (PICK-UP M) [D:1.0000; C:1.0000]
 73.0000: (STACK M N) [D:1.0000; C:1.0000]
 74.0000: (PICK-UP L) [D:1.0000; C:1.0000]
 75.0000: (STACK L M) [D:1.0000; C:1.0000]
 76.0000: (PICK-UP C) [D:1.0000; C:1.0000]
 77.0000: (STACK C L) [D:1.0000; C:1.0000]
 78.0000: (PICK-UP E) [D:1.0000; C:1.0000]
 79.0000: (STACK E C) [D:1.0000; C:1.0000]
 80.0000: (PICK-UP G) [D:1.0000; C:1.0000]
 81.0000: (STACK G E) [D:1.0000; C:1.0000]
 82.0000: (PICK-UP J) [D:1.0000; C:1.0000]
 83.0000: (STACK J G) [D:1.0000; C:1.0000]
 84.0000: (PICK-UP K) [D:1.0000; C:1.0000]
 85.0000: (STACK K J) [D:1.0000; C:1.0000]
 86.0000: (PICK-UP B) [D:1.0000; C:1.0000]
 87.0000: (STACK B K) [D:1.0000; C:1.0000]
 88.0000: (PICK-UP F) [D:1.0000; C:1.0000]
 89.0000: (STACK F B) [D:1.0000; C:1.0000]
 90.0000: (PICK-UP H) [D:1.0000; C:1.0000]
 91.0000: (STACK H F) [D:1.0000; C:1.0000]
 92.0000: (UNSTACK I D) [D:1.0000; C:1.0000]
 93.0000: (PUT-DOWN I) [D:1.0000; C:1.0000]
 94.0000: (PICK-UP D) [D:1.0000; C:1.0000]
 95.0000: (STACK D H) [D:1.0000; C:1.0000]
 96.0000: (PICK-UP I) [D:1.0000; C:1.0000]
 97.0000: (STACK I D) [D:1.0000; C:1.0000]


Solution found:
Total time:      0.18
Search time:     0.16
Actions:         98
Execution cost:  98.00
Duration:        98.000
Plan quality:    98.000


Parsing domain file:  domain 'BLOCKS' defined ... done.
Parsing problem file:  problem 'BLOCKS-17-0' defined ... done.



Modality: Fast Planner

Number of actions             :     612
Number of conditional actions :       0
Number of facts               :     341


Analyzing Planning Problem:
	Temporal Planning Problem: NO
	Numeric Planning Problem: NO
	Problem with Timed Initial Litearals: NO
	Problem with Derived Predicates: NO

Evaluation function weights:
     Action duration 0.00; Action cost 1.00


Computing mutex... done

Preprocessing total time: 0.03 seconds

Searching ('.' = every 50 search steps):
.......... solution found: 

Plan computed:
   Time: (ACTION) [action Duration; action Cost]
 0.0000: (UNSTACK G D) [D:1.0000; C:1.0000]
 1.0000: (PUT-DOWN G) [D:1.0000; C:1.0000]
 2.0000: (UNSTACK D C) [D:1.0000; C:1.0000]
 3.0000: (PUT-DOWN D) [D:1.0000; C:1.0000]
 4.0000: (UNSTACK H N) [D:1.0000; C:1.0000]
 5.0000: (STACK H G) [D:1.0000; C:1.0000]
 6.0000: (UNSTACK L F) [D:1.0000; C:1.0000]
 7.0000: (STACK L C) [D:1.0000; C:1.0000]
 8.0000: (UNSTACK L C) [D:1.0000; C:1.0000]
 9.0000: (STACK L D) [D:1.0000; C:1.0000]
 10.0000: (UNSTACK Q A) [D:1.0000; C:1.0000]
 11.0000: (STACK Q N) [D:1.0000; C:1.0000]
 12.0000: (UNSTACK C O) [D:1.0000; C:1.0000]
 13.0000: (PUT-DOWN C) [D:1.0000; C:1.0000]
 14.0000: (UNSTACK A J) [D:1.0000; C:1.0000]
 15.0000: (STACK A P) [D:1.0000; C:1.0000]
 16.0000: (UNSTACK H G) [D:1.0000; C:1.0000]
 17.0000: (STACK H A) [D:1.0000; C:1.0000]
 18.0000: (UNSTACK F E) [D:1.0000; C:1.0000]
 19.0000: (STACK F G) [D:1.0000; C:1.0000]
 20.0000: (UNSTACK E K) [D:1.0000; C:1.0000]
 21.0000: (STACK E F) [D:1.0000; C:1.0000]
 22.0000: (UNSTACK Q N) [D:1.0000; C:1.0000]
 23.0000: (PUT-DOWN Q) [D:1.0000; C:1.0000]
 24.0000: (PICK-UP Q) [D:1.0000; C:1.0000]
 25.0000: (STACK Q N) [D:1.0000; C:1.0000]
 26.0000: (UNSTACK H A) [D:1.0000; C:1.0000]
 27.0000: (PUT-DOWN H) [D:1.0000; C:1.0000]
 28.0000: (UNSTACK J I) [D:1.0000; C:1.0000]
 29.0000: (PUT-DOWN J) [D:1.0000; C:1.0000]
 30.0000: (UNSTACK L D) [D:1.0000; C:1.0000]
 31.0000: (PUT-DOWN L) [D:1.0000; C:1.0000]
 32.0000: (UNSTACK E F) [D:1.0000; C:1.0000]
 33.0000: (STACK E A) [D:1.0000; C:1.0000]
 34.0000: (UNSTACK Q N) [D:1.0000; C:1.0000]
 35.0000: (STACK Q F) [D:1.0000; C:1.0000]
 36.0000: (PICK-UP N) [D:1.0000; C:1.0000]
 37.0000: (STACK N L) [D:1.0000; C:1.0000]
 38.0000: (UNSTACK Q F) [D:1.0000; C:1.0000]
 39.0000: (STACK Q K) [D:1.0000; C:1.0000]
 40.0000: (UNSTACK E A) [D:1.0000; C:1.0000]
 41.0000: (STACK E N) [D:1.0000; C:1.0000]
 42.0000: (UNSTACK E N) [D:1.0000; C:1.0000]
 43.0000: (STACK E D) [D:1.0000; C:1.0000]
 44.0000: (UNSTACK I B) [D:1.0000; C:1.0000]
 45.0000: (PUT-DOWN I) [D:1.0000; C:1.0000]
 46.0000: (UNSTACK F G) [D:1.0000; C:1.0000]
 47.0000: (PUT-DOWN F) [D:1.0000; C:1.0000]
 48.0000: (PICK-UP G) [D:1.0000; C:1.0000]
 49.0000: (STACK G F) [D:1.0000; C:1.0000]
 50.0000: (UNSTACK A P) [D:1.0000; C:1.0000]
 51.0000: (PUT-DOWN A) [D:1.0000; C:1.0000]
 52.0000: (UNSTACK B M) [D:1.0000; C:1.0000]
 53.0000: (PUT-DOWN B) [D:1.0000; C:1.0000]
 54.0000: (UNSTACK N L) [D:1.0000; C:1.0000]
 55.0000: (PUT-DOWN N) [D:1.0000; C:1.0000]
 56.0000: (UNSTACK E D) [D:1.0000; C:1.0000]
 57.0000: (PUT-DOWN E) [D:1.0000; C:1.0000]
 58.0000: (UNSTACK Q K) [D:1.0000; C:1.0000]
 59.0000: (STACK Q N) [D:1.0000; C:1.0000]
 60.0000: (PICK-UP B) [D:1.0000; C:1.0000]
 61.0000: (STACK B J) [D:1.0000; C:1.0000]
 62.0000: (UNSTACK B J) [D:1.0000; C:1.0000]
 63.0000: (STACK B D) [D:1.0000; C:1.0000]
 64.0000: (UNSTACK B D) [D:1.0000; C:1.0000]
 65.0000: (STACK B O) [D:1.0000; C:1.0000]
 66.0000: (UNSTACK B O) [D:1.0000; C:1.0000]
 67.0000: (PUT-DOWN B) [D:1.0000; C:1.0000]
 68.0000: (UNSTACK Q N) [D:1.0000; C:1.0000]
 69.0000: (STACK Q D) [D:1.0000; C:1.0000]
 70.0000: (UNSTACK Q D) [D:1.0000; C:1.0000]
 71.0000: (STACK Q N) [D:1.0000; C:1.0000]
 72.0000: (PICK-UP B) [D:1.0000; C:1.0000]
 73.0000: (STACK B G) [D:1.0000; C:1.0000]
 74.0000: (UNSTACK Q N) [D:1.0000; C:1.0000]
 75.0000: (STACK Q K) [D:1.0000; C:1.0000]
 76.0000: (UNSTACK Q K) [D:1.0000; C:1.0000]
 77.0000: (STACK Q N) [D:1.0000; C:1.0000]
 78.0000: (UNSTACK B G) [D:1.0000; C:1.0000]
 79.0000: (PUT-DOWN B) [D:1.0000; C:1.0000]
 80.0000: (UNSTACK G F) [D:1.0000; C:1.0000]
 81.0000: (PUT-DOWN G) [D:1.0000; C:1.0000]
 82.0000: (PICK-UP C) [D:1.0000; C:1.0000]
 83.0000: (PUT-DOWN C) [D:1.0000; C:1.0000]
 84.0000: (PICK-UP B) [D:1.0000; C:1.0000]
 85.0000: (STACK B H) [D:1.0000; C:1.0000]
 86.0000: (UNSTACK B H) [D:1.0000; C:1.0000]
 87.0000: (STACK B I) [D:1.0000; C:1.0000]
 88.0000: (UNSTACK B I) [D:1.0000; C:1.0000]
 89.0000: (STACK B I) [D:1.0000; C:1.0000]
 90.0000: (UNSTACK B I) [D:1.0000; C:1.0000]
 91.0000: (STACK B J) [D:1.0000; C:1.0000]
 92.0000: (UNSTACK B J) [D:1.0000; C:1.0000]
 93.0000: (STACK B E) [D:1.0000; C:1.0000]
 94.0000: (UNSTACK Q N) [D:1.0000; C:1.0000]
 95.0000: (STACK Q N) [D:1.0000; C:1.0000]
 96.0000: (UNSTACK Q N) [D:1.0000; C:1.0000]
 97.0000: (STACK Q D) [D:1.0000; C:1.0000]
 98.0000: (UNSTACK Q D) [D:1.0000; C:1.0000]
 99.0000: (STACK Q N) [D:1.0000; C:1.0000]
 100.0000: (PICK-UP F) [D:1.0000; C:1.0000]
 101.0000: (STACK F D) [D:1.0000; C:1.0000]
 102.0000: (PICK-UP K) [D:1.0000; C:1.0000]
 103.0000: (STACK K F) [D:1.0000; C:1.0000]
 104.0000: (PICK-UP I) [D:1.0000; C:1.0000]
 105.0000: (STACK I K) [D:1.0000; C:1.0000]
 106.0000: (UNSTACK B E) [D:1.0000; C:1.0000]
 107.0000: (STACK B I) [D:1.0000; C:1.0000]
 108.0000: (PICK-UP G) [D:1.0000; C:1.0000]
 109.0000: (STACK G B) [D:1.0000; C:1.0000]
 110.0000: (PICK-UP A) [D:1.0000; C:1.0000]
 111.0000: (STACK A G) [D:1.0000; C:1.0000]
 112.0000: (PICK-UP P) [D:1.0000; C:1.0000]
 113.0000: (STACK P A) [D:1.0000; C:1.0000]
 114.0000: (PICK-UP M) [D:1.0000; C:1.0000]
 115.0000: (STACK M P) [D:1.0000; C:1.0000]
 116.0000: (PICK-UP E) [D:1.0000; C:1.0000]
 117.0000: (STACK E M) [D:1.0000; C:1.0000]
 118.0000: (PICK-UP C) [D:1.0000; C:1.0000]
 119.0000: (STACK C E) [D:1.0000; C:1.0000]
 120.0000: (PICK-UP H) [D:1.0000; C:1.0000]
 121.0000: (STACK H C) [D:1.0000; C:1.0000]
 122.0000: (UNSTACK Q N) [D:1.0000; C:1.0000]
 123.0000: (PUT-DOWN Q) [D:1.0000; C:1.0000]
 124.0000: (PICK-UP J) [D:1.0000; C:1.0000]
 125.0000: (STACK J H) [D:1.0000; C:1.0000]
 126.0000: (PICK-UP O) [D:1.0000; C:1.0000]
 127.0000: (STACK O J) [D:1.0000; C:1.0000]
 128.0000: (PICK-UP L) [D:1.0000; C:1.0000]
 129.0000: (STACK L O) [D:1.0000; C:1.0000]
 130.0000: (PICK-UP N) [D:1.0000; C:1.0000]
 131.0000: (STACK N L) [D:1.0000; C:1.0000]
 132.0000: (PICK-UP Q) [D:1.0000; C:1.0000]
 133.0000: (STACK Q N) [D:1.0000; C:1.0000]


Solution found:
Total time:      0.38
Search time:     0.35
Actions:         134
Execution cost:  134.00
Duration:        134.000
Plan quality:    134.000

