edicao,trilha,dominio,problema,ajuste,status,variaveis,dominio_medio,dominio_max,operadores,metas,axiomas,cg_arestas,cg_densidade,cg_grau_max,cg_aciclico,cg_cfc,cg_maior_cfc_frac,cg_treewidth_sup,dtg_arcos_medio,dtg_fortemente_conexo_frac,dtg_arcos_invertiveis_frac
2014,seq-agl,barman,p1-11-4-15.pddl,,ok,353,2.088,17,2344,14,0,4236,0.0341,351,False,2,0.949,23,2.178,1.0,0.9987
2014,seq-agl,barman,p1-11-5-15.pddl,,ok,384,2.081,17,2644,14,0,4672,0.0318,382,False,2,0.9531,24,2.164,1.0,0.9988
2014,seq-agl,barman,p1-11-5-16.pddl,,ok,408,2.081,18,2814,15,0,4962,0.0299,406,False,2,0.9534,24,2.164,1.0,0.9989
2014,seq-agl,barman,p2-10-4-13.pddl,,ok,295,2.092,15,1958,12,0,3532,0.0407,293,False,2,0.9458,22,2.186,1.0,0.9984
2014,seq-agl,barman,p2-11-4-15.pddl,,ok,353,2.088,17,2344,14,0,4234,0.0341,351,False,2,0.949,23,2.178,1.0,0.9987
2014,seq-agl,barman,p2-11-5-15.pddl,,ok,384,2.081,17,2644,14,0,4672,0.0318,382,False,2,0.9531,24,2.164,1.0,0.9988
2014,seq-agl,barman,p2-11-5-16.pddl,,ok,408,2.081,18,2814,15,0,4960,0.0299,406,False,2,0.9534,24,2.164,1.0,0.9989
2014,seq-agl,barman,p2-11-5-17.pddl,,ok,432,2.081,19,2984,16,0,5256,0.0282,430,False,2,0.9537,24,2.164,1.0,0.9989
2014,seq-agl,barman,p3-10-4-13.pddl,,ok,295,2.092,15,1958,12,0,3534,0.0407,293,False,2,0.9458,22,2.186,1.0,0.9984
2014,seq-agl,barman,p3-11-4-15.pddl,,ok,353,2.088,17,2344,14,0,4234,0.0341,351,False,2,0.949,23,2.178,1.0,0.9987
2014,seq-agl,barman,p3-11-5-15.pddl,,ok,384,2.081,17,2644,14,0,4672,0.0318,382,False,2,0.9531,24,2.164,1.0,0.9988
2014,seq-agl,barman,p3-11-5-16.pddl,,ok,408,2.081,18,2814,15,0,4962,0.0299,406,False,2,0.9534,24,2.164,1.0,0.9989
2014,seq-agl,barman,p3-11-5-17.pddl,,ok,432,2.081,19,2984,16,0,5260,0.0283,430,False,2,0.9537,24,2.164,1.0,0.9989
2014,seq-agl,barman,p4-11-4-14.pddl,,ok,331,2.088,16,2194,13,0,3968,0.0363,329,False,2,0.9486,23,2.178,1.0,0.9986
2014,seq-agl,barman,p4-11-4-15.pddl,,ok,353,2.088,17,2344,14,0,4236,0.0341,351,False,2,0.949,23,2.178,1.0,0.9987
2014,seq-agl,barman,p4-11-5-15.pddl,,ok,384,2.081,17,2644,14,0,4674,0.0318,382,False,2,0.9531,24,2.164,1.0,0.9988
2014,seq-agl,barman,p5-10-4-13.pddl,,ok,295,2.092,15,1958,12,0,3530,0.0407,293,False,2,0.9458,22,2.186,1.0,0.9984
2014,seq-agl,barman,p5-11-4-15.pddl,,ok,353,2.088,17,2344,14,0,4236,0.0341,351,False,2,0.949,23,2.178,1.0,0.9987
2014,seq-agl,barman,p5-11-5-15.pddl,,ok,384,2.081,17,2644,14,0,4668,0.0317,382,False,2,0.9531,24,2.164,1.0,0.9988
2014,seq-agl,barman,p5-11-5-16.pddl,,ok,408,2.081,18,2814,15,0,4962,0.0299,406,False,2,0.9534,24,2.164,1.0,0.9989
2014,seq-agl,cavediving,testing01.pddl,,ok,177,2.311,16,4092,6,0,2766,0.0888,127,False,1,1.0,15,2.497,0.9605,0.914
2014,seq-agl,cavediving,testing01_easy.pddl,,ok,146,2.329,16,2772,5,0,2074,0.098,96,False,1,1.0,14,2.534,0.9589,0.8865
2014,seq-agl,cavediving,testing02_easy.pddl,,ok,146,2.336,16,2772,5,0,2074,0.098,96,False,1,1.0,14,2.582,0.9589,0.87
2014,seq-agl,cavediving,testing03_easy.pddl,,ok,146,2.322,16,2772,5,0,2070,0.0978,95,False,1,1.0,14,2.486,0.9589,0.9036
2014,seq-agl,cavediving,testing04_easy.pddl,,ok,146,2.336,16,2772,5,0,2078,0.0982,97,False,1,1.0,14,2.582,0.9589,0.87
2014,seq-agl,cavediving,testing05A_easy.pddl,,ok,49,2.429,8,496,3,0,436,0.1854,40,False,1,1.0,8,2.653,0.9184,0.8462
2014,seq-agl,cavediving,testing06A_easy.pddl,,ok,49,2.429,8,496,3,0,436,0.1854,40,False,1,1.0,8,2.653,0.9184,0.8462
2014,seq-agl,cavediving,testing07_easy.pddl,,ok,49,2.408,8,496,3,0,434,0.1845,39,False,1,1.0,8,2.531,0.9184,0.8871
2014,seq-agl,cavediving,testing08_easy.pddl,,ok,49,2.429,8,496,3,0,436,0.1854,40,False,1,1.0,8,2.653,0.9184,0.8462
2014,seq-agl,cavediving,testing09_easy.pddl,,ok,453,2.238,32,14160,9,0,9650,0.0471,295,False,1,1.0,23,2.433,0.9779,0.9056
2014,seq-agl,cavediving,testing10_easy.pddl,,ok,453,2.241,32,14160,9,0,9648,0.0471,295,False,1,1.0,23,2.45,0.9779,0.8991
2014,seq-agl,cavediving,testing11_easy.pddl,,ok,453,2.238,32,14160,9,0,9648,0.0471,295,False,1,1.0,23,2.433,0.9779,0.9056
2014,seq-agl,cavediving,testing12_easy.pddl,,ok,453,2.238,32,14160,9,0,9648,0.0471,295,False,1,1.0,23,2.433,0.9779,0.9056
2014,seq-agl,cavediving,testing13_easy.pddl,,ok,176,2.324,16,4092,5,0,2676,0.0869,127,False,1,1.0,16,2.608,0.9659,0.8802
2014,seq-agl,cavediving,testing14_easy.pddl,,ok,176,2.324,16,4092,5,0,2680,0.087,127,False,1,1.0,16,2.608,0.9659,0.8802
2014,seq-agl,cavediving,testing15_easy.pddl,,ok,161,2.317,16,3432,5,0,2372,0.0921,111,False,1,1.0,15,2.497,0.9627,0.9104
2014,seq-agl,cavediving,testing16_easy.pddl,,ok,176,2.318,16,4092,5,0,2672,0.0868,126,False,1,1.0,16,2.557,0.9659,0.8978
2014,seq-agl,cavediving,testing18A_easy.pddl,,ok,63,2.381,8,804,3,0,574,0.147,53,False,1,1.0,8,2.54,0.9365,0.9125
2014,seq-agl,cavediving,testing18_easy.pddl,,ok,70,2.371,9,958,3,0,644,0.1333,60,False,1,1.0,8,2.543,0.9429,0.9213
2014,seq-agl,cavediving,testing20A_easy.pddl,,ok,63,2.397,9,804,3,0,576,0.1475,54,False,1,1.0,8,2.667,0.9365,0.869
2014,seq-agl,childsnack,child-snack_pfile05-2.pddl,,ok,59,2.983,6,1973,10,0,1335,0.3901,36,False,4,0.9492,26,2.881,0.0508,0.2118
2014,seq-agl,childsnack,child-snack_pfile05.pddl,,ok,59,2.983,6,1973,10,0,1335,0.3901,36,False,4,0.9492,26,2.881,0.0508,0.2118
2014,seq-agl,childsnack,child-snack_pfile06-2.pddl,,ok,66,3,6,2631,11,0,1640,0.3823,41,False,4,0.9545,29,2.864,0.0455,0.1905
2014,seq-agl,childsnack,child-snack_pfile07-2.pddl,,ok,71,2.986,6,3220,12,0,1876,0.3775,44,False,4,0.9577,31,2.817,0.0423,0.18
2014,seq-agl,childsnack,child-snack_pfile08-2.pddl,,ok,76,2.974,6,4048,13,0,2213,0.3882,47,False,4,0.9605,34,2.776,0.0395,0.1706
2014,seq-agl,childsnack,child-snack_pfile08.pddl,,ok,76,2.974,6,4048,13,0,2213,0.3882,47,False,4,0.9605,34,2.776,0.0395,0.1706
2014,seq-agl,childsnack,child-snack_pfile09-2.pddl,,ok,83,2.988,6,5090,14,0,2600,0.382,52,False,4,0.9639,37,2.771,0.0361,0.1565
2014,seq-agl,childsnack,child-snack_pfile09.pddl,,ok,83,2.988,6,5090,14,0,2600,0.382,52,False,4,0.9639,37,2.771,0.0361,0.1565
2014,seq-agl,childsnack,child-snack_pfile10-2.pddl,,ok,88,2.977,6,6216,15,0,2995,0.3912,55,False,4,0.9659,40,2.739,0.0341,0.1494
2014,seq-agl,childsnack,child-snack_pfile10.pddl,,ok,88,2.977,6,6216,15,0,2995,0.3912,55,False,4,0.9659,40,2.739,0.0341,0.1494
2014,seq-agl,childsnack,child-snack_pfile11-2.pddl,,ok,93,2.968,6,7239,16,0,3311,0.387,58,False,4,0.9677,42,2.71,0.0323,0.1429
2014,seq-agl,childsnack,child-snack_pfile11.pddl,,ok,93,2.968,6,7239,16,0,3311,0.387,58,False,4,0.9677,42,2.71,0.0323,0.1429
2014,seq-agl,childsnack,child-snack_pfile12.pddl,,ok,101,3.218,7,9179,17,0,3820,0.3782,63,False,5,0.9604,45,3.257,0.0396,0.1459
2014,seq-agl,childsnack,child-snack_pfile13-2.pddl,,ok,106,3.208,7,10824,18,0,4296,0.386,66,False,5,0.9623,48,3.226,0.0377,0.1404
2014,seq-agl,childsnack,child-snack_pfile13.pddl,,ok,106,3.208,7,10824,18,0,4296,0.386,66,False,5,0.9623,48,3.226,0.0377,0.1404
2014,seq-agl,childsnack,child-snack_pfile14.pddl,,ok,111,3.198,7,12298,19,0,4673,0.3827,69,False,5,0.964,50,3.198,0.036,0.1352
2014,seq-agl,childsnack,child-snack_pfile15-2.pddl,,ok,116,3.19,7,14296,20,0,5196,0.3895,72,False,5,0.9655,53,3.172,0.0345,0.1304
2014,seq-agl,childsnack,child-snack_pfile16-2.pddl,,ok,123,3.203,7,16652,21,0,5782,0.3853,77,False,5,0.9675,56,3.179,0.0325,0.1228
2014,seq-agl,childsnack,child-snack_pfile19-2.pddl,,ok,140,3.2,7,24272,24,0,7488,0.3848,88,False,5,0.9714,64,3.143,0.0286,0.1091
2014,seq-agl,childsnack,child-snack_pfile19.pddl,,ok,140,3.2,7,24272,24,0,7488,0.3848,88,False,5,0.9714,64,3.143,0.0286,0.1091
2014,seq-agl,citycar,p3-2-2-0-1.pddl,,ok,218,2.128,16,1220,2,0,1956,0.0413,216,False,1,1.0,10,3.706,0.9817,0.9752
2014,seq-agl,citycar,p3-3-2-0-1.pddl,,ok,220,2.191,16,1630,3,0,2392,0.0496,217,False,1,1.0,11,4.536,0.9727,0.9699
2014,seq-agl,citycar,p3-4-2-0-1.pddl,,ok,222,2.252,16,2040,4,0,2830,0.0577,218,False,1,1.0,12,5.351,0.964,0.9663
2014,seq-agl,citycar,p3-5-2-0-1.pddl,,ok,224,2.312,16,2450,5,0,3270,0.0655,219,False,1,1.0,13,6.152,0.9554,0.9637
2014,seq-agl,citycar,p3-5-2-0-2.pddl,,ok,224,2.312,16,2450,5,0,3270,0.0655,219,False,1,1.0,13,6.152,0.9554,0.9637
2014,seq-agl,citycar,p4-2-2-0-1.pddl,,ok,530,2.083,24,3058,2,0,4826,0.0172,528,False,1,1.0,13,3.8,0.9925,0.9831
2014,seq-agl,citycar,p4-2-3-0-1.pddl,,ok,530,2.083,24,3058,2,0,4826,0.0172,528,False,1,1.0,13,3.8,0.9925,0.9831
2014,seq-agl,citycar,p4-2-3-0-2.pddl,,ok,530,2.083,24,3058,2,0,4826,0.0172,528,False,1,1.0,13,3.8,0.9925,0.9831
2014,seq-agl,citycar,p4-3-2-0-1.pddl,,ok,532,2.124,24,4083,3,0,5886,0.0208,529,False,1,1.0,14,4.69,0.9887,0.9796
2014,seq-agl,citycar,p4-3-2-0-2.pddl,,ok,532,2.124,24,4083,3,0,5886,0.0208,529,False,1,1.0,14,4.69,0.9887,0.9796
2014,seq-agl,citycar,p4-3-3-0-1.pddl,,ok,532,2.124,24,4083,3,0,5886,0.0208,529,False,1,1.0,14,4.69,0.9887,0.9796
2014,seq-agl,citycar,p4-3-3-0-2.pddl,,ok,532,2.124,24,4083,3,0,5886,0.0208,529,False,1,1.0,14,4.69,0.9887,0.9796
2014,seq-agl,citycar,p4-4-2-0-1.pddl,,ok,534,2.165,24,5108,4,0,6948,0.0244,530,False,1,1.0,15,5.573,0.985,0.9772
2014,seq-agl,citycar,p4-4-2-0-2.pddl,,ok,534,2.165,24,5108,4,0,6948,0.0244,530,False,1,1.0,15,5.573,0.985,0.9772
2014,seq-agl,citycar,p4-4-3-0-1.pddl,,ok,534,2.165,24,5108,4,0,6948,0.0244,530,False,1,1.0,15,5.573,0.985,0.9772
2014,seq-agl,citycar,p4-4-3-0-2.pddl,,ok,534,2.165,24,5108,4,0,6948,0.0244,530,False,1,1.0,15,5.573,0.985,0.9772
2014,seq-agl,citycar,p4-5-2-0-1.pddl,,ok,536,2.205,24,6133,5,0,8012,0.0279,531,False,1,1.0,16,6.45,0.9813,0.9754
2014,seq-agl,citycar,p4-5-2-0-2.pddl,,ok,536,2.205,24,6133,5,0,8012,0.0279,531,False,1,1.0,16,6.45,0.9813,0.9754
2014,seq-agl,citycar,p4-5-3-0-1.pddl,,ok,536,2.205,24,6133,5,0,8012,0.0279,531,False,1,1.0,16,6.45,0.9813,0.9754
2014,seq-agl,citycar,p4-5-3-0-2.pddl,,ok,536,2.205,24,6133,5,0,8012,0.0279,531,False,1,1.0,16,6.45,0.9813,0.9754
2014,seq-agl,floortile,p01-4-3-2.pddl,,ok,19,4.947,15,188,12,0,134,0.3918,15,False,3,0.8947,7,9.579,1.0,1.0
2014,seq-agl,floortile,p01-5-4-2.pddl,,ok,28,5.286,24,316,20,0,220,0.291,24,False,3,0.9286,8,10.714,1.0,1.0
2014,seq-agl,floortile,p01-5-5-2.pddl,,ok,34,5.412,30,400,25,0,278,0.2478,30,False,3,0.9412,9,11.176,1.0,1.0
2014,seq-agl,floortile,p01-6-4-2.pddl,,ok,32,5.375,28,376,24,0,258,0.2601,28,False,3,0.9375,8,11,1.0,1.0
2014,seq-agl,floortile,p01-6-5-2.pddl,,ok,39,5.487,35,476,30,0,326,0.22,35,False,3,0.9487,10,11.436,1.0,1.0
2014,seq-agl,floortile,p01-6-5-3.pddl,,ok,41,6.122,35,714,30,0,431,0.2628,35,False,4,0.9268,12,13.756,1.0,1.0
2014,seq-agl,floortile,p02-5-4-2.pddl,,ok,28,5.286,24,316,20,0,220,0.291,24,False,3,0.9286,8,10.714,1.0,1.0
2014,seq-agl,floortile,p02-6-4-2.pddl,,ok,32,5.375,28,376,24,0,258,0.2601,28,False,3,0.9375,8,11,1.0,1.0
2014,seq-agl,floortile,p02-6-5-2.pddl,,ok,39,5.487,35,476,30,0,326,0.22,35,False,3,0.9487,10,11.436,1.0,1.0
2014,seq-agl,floortile,p02-6-5-3.pddl,,ok,41,6.122,35,714,30,0,431,0.2628,35,False,4,0.9268,12,13.756,1.0,1.0
2014,seq-agl,floortile,p03-6-4-2.pddl,,ok,32,5.375,28,376,24,0,258,0.2601,28,False,3,0.9375,8,11,1.0,1.0
2014,seq-agl,floortile,p03-6-5-2.pddl,,ok,39,5.487,35,476,30,0,326,0.22,35,False,3,0.9487,10,11.436,1.0,1.0
2014,seq-agl,floortile,p03-6-5-3.pddl,,ok,41,6.122,35,714,30,0,431,0.2628,35,False,4,0.9268,12,13.756,1.0,1.0
2014,seq-agl,floortile,p04-5-4-2.pddl,,ok,28,5.286,24,316,20,0,220,0.291,24,False,3,0.9286,8,10.714,1.0,1.0
2014,seq-agl,floortile,p04-5-5-2.pddl,,ok,34,5.412,30,400,25,0,278,0.2478,30,False,3,0.9412,9,11.176,1.0,1.0
2014,seq-agl,floortile,p04-6-5-2.pddl,,ok,39,5.487,35,476,30,0,326,0.22,35,False,3,0.9487,10,11.436,1.0,1.0
2014,seq-agl,floortile,p04-6-5-3.pddl,,ok,41,6.122,35,714,30,0,431,0.2628,35,False,4,0.9268,12,13.756,1.0,1.0
2014,seq-agl,floortile,p05-4-3-2.pddl,,ok,19,4.947,15,188,12,0,134,0.3918,15,False,3,0.8947,7,9.579,1.0,1.0
2014,seq-agl,floortile,p05-6-5-2.pddl,,ok,39,5.487,35,476,30,0,326,0.22,35,False,3,0.9487,10,11.436,1.0,1.0
2014,seq-agl,floortile,p05-6-5-3.pddl,,ok,41,6.122,35,714,30,0,431,0.2628,35,False,4,0.9268,12,13.756,1.0,1.0
2014,seq-agl,ged,d-10-1.pddl,,ok,38,20.421,58,4828,34,0,556,0.3954,37,False,1,1.0,20,346.5,1.0,0.5992
2014,seq-agl,ged,d-10-2.pddl,,ok,38,20.421,58,4828,34,0,556,0.3954,37,False,1,1.0,20,346.5,1.0,0.5992
2014,seq-agl,ged,d-10-3.pddl,,ok,40,21.425,61,5418,36,0,606,0.3885,39,False,1,1.0,21,384.975,1.0,0.5951
2014,seq-agl,ged,d-10-4.pddl,,ok,38,20.421,58,4828,34,0,556,0.3954,37,False,1,1.0,20,346.5,1.0,0.5992
2014,seq-agl,ged,d-10-5.pddl,,ok,46,24.435,70,7392,42,0,768,0.371,45,False,1,1.0,24,512.413,1.0,0.5845
2014,seq-agl,ged,d-10-6.pddl,,ok,46,24.435,70,7392,42,0,768,0.371,45,False,1,1.0,24,512.413,1.0,0.5845
2014,seq-agl,ged,d-11-1.pddl,,ok,40,21.425,61,5418,36,0,606,0.3885,39,False,1,1.0,21,384.975,1.0,0.5951
2014,seq-agl,ged,d-11-3.pddl,,ok,40,21.425,61,5418,36,0,606,0.3885,39,False,1,1.0,21,384.975,1.0,0.5951
2014,seq-agl,ged,d-11-5.pddl,,ok,44,23.432,67,6700,40,0,712,0.3763,43,False,1,1.0,23,467.932,1.0,0.5878
2014,seq-agl,ged,d-11-6.pddl,,ok,42,22.429,64,6042,38,0,658,0.3821,41,False,1,1.0,22,425.452,1.0,0.5913
2014,seq-agl,ged,d-12-11.pddl,,ok,42,22.429,64,6042,38,0,658,0.3821,41,False,1,1.0,22,425.452,1.0,0.5913
2014,seq-agl,ged,d-12-2.pddl,,ok,50,26.44,76,8878,46,0,886,0.3616,49,False,1,1.0,26,607.38,1.0,0.5787
2014,seq-agl,ged,d-12-3.pddl,,ok,52,27.442,79,9672,48,0,948,0.3575,51,False,1,1.0,27,657.865,1.0,0.576
2014,seq-agl,ged,d-12-5.pddl,,ok,54,28.444,82,10500,50,0,1012,0.3536,53,False,1,1.0,28,710.352,1.0,0.5736
2014,seq-agl,ged,d-12-6.pddl,,ok,50,26.44,76,8878,46,0,886,0.3616,49,False,1,1.0,26,607.38,1.0,0.5787
2014,seq-agl,ged,d-12-7.pddl,,ok,52,27.442,79,9672,48,0,948,0.3575,51,False,1,1.0,27,657.865,1.0,0.576
2014,seq-agl,ged,d-12-8.pddl,,ok,56,29.446,85,11362,52,0,1078,0.35,55,False,1,1.0,29,764.839,1.0,0.5713
2014,seq-agl,ged,d-12-9.pddl,,ok,56,29.446,85,11362,52,0,1078,0.35,55,False,1,1.0,29,764.839,1.0,0.5713
2014,seq-agl,ged,d-3-6.pddl,,ok,40,21.425,61,5418,36,0,606,0.3885,39,False,1,1.0,21,384.975,1.0,0.5951
2014,seq-agl,ged,d-9-5.pddl,,ok,42,22.429,64,6042,38,0,658,0.3821,41,False,1,1.0,22,425.452,1.0,0.5913
2014,seq-agl,hiking,testing-3-4-3.pddl,,ok,19,2.842,3,3582,3,0,222,0.6491,16,False,1,1.0,12,4.737,0.8421,0.9333
2014,seq-agl,hiking,testing-3-4-4.pddl,,ok,19,3.684,4,7083,3,0,222,0.6491,16,False,1,1.0,12,9,0.8421,0.9474
2014,seq-agl,hiking,testing-3-4-5.pddl,,ok,19,4.526,5,11736,3,0,222,0.6491,16,False,1,1.0,12,14.632,0.8421,0.9568
2014,seq-agl,hiking,testing-3-4-6.pddl,,ok,19,5.368,6,17541,3,0,222,0.6491,16,False,1,1.0,12,21.632,0.8421,0.9635
2014,seq-agl,hiking,testing-3-4-7.pddl,,ok,19,6.211,7,24498,3,0,222,0.6491,16,False,1,1.0,12,30,0.8421,0.9684
2014,seq-agl,hiking,testing-3-4-8.pddl,,ok,19,7.053,8,32607,3,0,222,0.6491,16,False,1,1.0,12,39.737,0.8421,0.9722
2014,seq-agl,hiking,testing-3-4-9.pddl,,ok,19,7.895,9,41868,3,0,222,0.6491,16,False,1,1.0,12,50.842,0.8421,0.9752
2014,seq-agl,hiking,testing-4-5-3.pddl,,ok,25,2.84,3,9824,4,0,380,0.6333,21,False,1,1.0,16,4.72,0.84,0.9322
2014,seq-agl,hiking,testing-4-5-4.pddl,,ok,25,3.68,4,19504,4,0,380,0.6333,21,False,1,1.0,16,8.96,0.84,0.9464
2014,seq-agl,hiking,testing-4-5-5.pddl,,ok,25,4.52,5,32384,4,0,380,0.6333,21,False,1,1.0,16,14.56,0.84,0.956
2014,seq-agl,hiking,testing-4-5-6.pddl,,ok,25,5.36,6,48464,4,0,380,0.6333,21,False,1,1.0,16,21.52,0.84,0.9628
2014,seq-agl,hiking,testing-4-5-7.pddl,,ok,25,6.2,7,67744,4,0,380,0.6333,21,False,1,1.0,16,29.84,0.84,0.9678
2014,seq-agl,hiking,testing-4-5-8.pddl,,ok,25,7.04,8,90224,4,0,380,0.6333,21,False,1,1.0,16,39.52,0.84,0.9717
2014,seq-agl,hiking,testing-4-5-9.pddl,,ok,25,7.88,9,115904,4,0,380,0.6333,21,False,1,1.0,16,50.56,0.84,0.9747
2014,seq-agl,hiking,testing-5-6-3.pddl,,ok,31,2.839,3,21950,5,0,580,0.6237,26,False,1,1.0,20,4.71,0.8387,0.9315
2014,seq-agl,hiking,testing-5-6-4.pddl,,ok,31,3.677,4,43675,5,0,580,0.6237,26,False,1,1.0,20,8.935,0.8387,0.9458
2014,seq-agl,hiking,testing-5-6-5.pddl,,ok,31,4.516,5,72600,5,0,580,0.6237,26,False,1,1.0,20,14.516,0.8387,0.9556
2014,seq-agl,hiking,testing-5-6-6.pddl,,ok,31,5.355,6,108725,5,0,580,0.6237,26,False,1,1.0,20,21.452,0.8387,0.9624
2014,seq-agl,hiking,testing-5-6-7.pddl,,ok,31,6.194,7,152050,5,0,580,0.6237,26,False,1,1.0,20,29.742,0.8387,0.9675
2014,seq-agl,hiking,testing-5-6-8.pddl,,ok,31,7.032,8,202575,5,0,580,0.6237,26,False,1,1.0,20,39.387,0.8387,0.9713
2014,seq-agl,maintenance,maintenance.1.3.060.180.5-000.pddl,,ok,240,2,2,180,180,0,5968,0.104,43,False,1,1.0,159,1,0.0,0.0
2014,seq-agl,maintenance,maintenance.1.3.060.180.5-001.pddl,,ok,240,2,2,180,180,0,6066,0.1058,46,False,1,1.0,158,1,0.0,0.0
2014,seq-agl,maintenance,maintenance.1.3.060.180.5-002.pddl,,ok,240,2,2,180,180,0,5880,0.1025,42,False,1,1.0,158,1,0.0,0.0
2014,seq-agl,maintenance,maintenance.1.3.100.300.5-000.pddl,,ok,400,2,2,300,300,0,10168,0.0637,44,False,1,1.0,266,1,0.0,0.0
2014,seq-agl,maintenance,maintenance.1.3.100.300.5-001.pddl,,ok,400,2,2,300,300,0,10184,0.0638,42,False,1,1.0,263,1,0.0,0.0
2014,seq-agl,maintenance,maintenance.1.3.100.300.7-000.pddl,,ok,400,2,2,300,300,0,17720,0.111,72,False,1,1.0,275,1,0.0,0.0
2014,seq-agl,maintenance,maintenance.1.3.100.300.7-001.pddl,,ok,400,2,2,300,300,0,17682,0.1108,70,False,1,1.0,276,1,0.0,0.0
2014,seq-agl,maintenance,maintenance.1.3.100.300.7-002.pddl,,ok,400,2,2,300,300,0,17752,0.1112,72,False,1,1.0,277,1,0.0,0.0
2014,seq-agl,maintenance,maintenance.1.3.150.500.6-001.pddl,,ok,650,2,2,450,500,0,25548,0.0606,63,False,1,1.0,457,1,0.0,0.0
2014,seq-agl,maintenance,maintenance.1.3.200.500.5-001.pddl,,ok,700,2,2,600,500,0,15196,0.0311,37,False,1,1.0,427,1,0.0,0.0
2014,seq-agl,maintenance,maintenance.1.3.200.500.5-002.pddl,,ok,700,2,2,600,500,0,15148,0.031,40,False,1,1.0,431,1,0.0,0.0
2014,seq-agl,maintenance,maintenance.1.3.200.700.7-000.pddl,,ok,900,2,2,600,700,0,48052,0.0594,85,False,1,1.0,656,1,0.0,0.0
2014,seq-agl,maintenance,maintenance.1.3.200.700.7-001.pddl,,ok,900,2,2,600,700,0,48156,0.0595,83,False,1,1.0,660,1,0.0,0.0
2014,seq-agl,maintenance,maintenance.1.3.200.700.7-002.pddl,,ok,900,2,2,600,700,0,47980,0.0593,85,False,1,1.0,662,1,0.0,0.0
2014,seq-agl,maintenance,maintenance.1.3.200.900.5-000.pddl,,ok,1100,2,2,600,900,0,41966,0.0347,65,False,1,1.0,827,1,0.0,0.0
2014,seq-agl,maintenance,maintenance.1.3.200.900.5-001.pddl,,ok,1100,2,2,600,900,0,42368,0.035,66,False,1,1.0,824,1,0.0,0.0
2014,seq-agl,maintenance,maintenance.1.3.200.900.5-002.pddl,,ok,1100,2,2,600,900,0,42042,0.0348,62,False,1,1.0,822,1,0.0,0.0
2014,seq-agl,maintenance,maintenance.1.3.200.900.8-000.pddl,,ok,1100,2,2,600,900,0,96162,0.0795,125,False,1,1.0,863,1,0.0,0.0
2014,seq-agl,maintenance,maintenance.1.3.200.900.8-001.pddl,,ok,1100,2,2,600,900,0,95736,0.0792,125,False,1,1.0,869,1,0.0,0.0
2014,seq-agl,maintenance,maintenance.1.3.200.900.8-002.pddl,,ok,1100,2,2,600,900,0,96272,0.0796,127,False,1,1.0,865,1,0.0,0.0
2014,seq-agl,openstacks,p130_2.pddl,,ok,261,2.992,131,34060,130,0,1132,0.0167,260,False,1,1.0,30,2.49,0.0038,0.4
2014,seq-agl,openstacks,p130_3.pddl,,ok,261,2.992,131,34060,130,0,2266,0.0334,260,False,1,1.0,100,2.49,0.0038,0.4
2014,seq-agl,openstacks,p150_2.pddl,,ok,301,2.993,151,45300,150,0,1246,0.0138,300,False,1,1.0,26,2.492,0.0033,0.4
2014,seq-agl,openstacks,p150_3.pddl,,ok,301,2.993,151,45300,150,0,2894,0.032,300,False,1,1.0,128,2.492,0.0033,0.4
2014,seq-agl,openstacks,p170_1.pddl,,ok,341,2.994,171,58140,170,0,1320,0.0114,340,False,1,1.0,19,2.493,0.0029,0.4
2014,seq-agl,openstacks,p170_2.pddl,,ok,341,2.994,171,58140,170,0,1576,0.0136,340,False,1,1.0,48,2.493,0.0029,0.4
2014,seq-agl,openstacks,p170_3.pddl,,ok,341,2.994,171,58140,170,0,3372,0.0291,340,False,1,1.0,133,2.493,0.0029,0.4
2014,seq-agl,openstacks,p190_1.pddl,,ok,381,2.995,191,72580,190,0,1634,0.0113,380,False,1,1.0,38,2.493,0.0026,0.4
2014,seq-agl,openstacks,p190_2.pddl,,ok,381,2.995,191,72580,190,0,1880,0.013,380,False,1,1.0,61,2.493,0.0026,0.4
2014,seq-agl,openstacks,p190_3.pddl,,ok,381,2.995,191,72580,190,0,4002,0.0276,380,False,1,1.0,164,2.493,0.0026,0.4
2014,seq-agl,openstacks,p210_1.pddl,,ok,421,2.995,211,88620,210,0,1814,0.0103,420,False,1,1.0,46,2.494,0.0024,0.4
2014,seq-agl,openstacks,p210_2.pddl,,ok,421,2.995,211,88620,210,0,2008,0.0114,420,False,1,1.0,66,2.494,0.0024,0.4
2014,seq-agl,openstacks,p230_1.pddl,,ok,461,2.996,231,106260,230,0,1938,0.0091,460,False,1,1.0,47,2.495,0.0022,0.4
2014,seq-agl,openstacks,p230_2.pddl,,ok,461,2.996,231,106260,230,0,2446,0.0115,460,False,1,1.0,93,2.495,0.0022,0.4
2014,seq-agl,openstacks,p250_1.pddl,,ok,501,2.996,251,125500,250,0,2304,0.0092,500,False,1,1.0,65,2.495,0.002,0.4
2014,seq-agl,openstacks,p250_2.pddl,,ok,501,2.996,251,125500,250,0,2662,0.0106,500,False,1,1.0,102,2.495,0.002,0.4
2014,seq-agl,openstacks,p270_1.pddl,,ok,541,2.996,271,146340,270,0,2702,0.0092,540,False,1,1.0,86,2.495,0.0018,0.4
2014,seq-agl,openstacks,p270_2.pddl,,ok,541,2.996,271,146340,270,0,3118,0.0107,540,False,1,1.0,129,2.495,0.0018,0.4
2014,seq-agl,openstacks,p290_1.pddl,,ok,581,2.997,291,168780,290,0,2884,0.0086,580,False,1,1.0,103,2.496,0.0017,0.4
2014,seq-agl,openstacks,p290_2.pddl,,ok,581,2.997,291,168780,290,0,3552,0.0105,580,False,1,1.0,144,2.496,0.0017,0.4
2014,seq-agl,parking,p_28_2.pddl,,ok,99,13.596,43,49392,28,0,8190,0.8442,98,False,1,1.0,71,500.343,0.7172,0.9763
2014,seq-agl,parking,p_28_3.pddl,,ok,99,13.596,43,49392,28,0,8190,0.8442,98,False,1,1.0,71,500.343,0.7172,0.9763
2014,seq-agl,parking,p_30_1.pddl,,ok,106,14.453,46,60750,30,0,9390,0.8437,105,False,1,1.0,76,574.547,0.717,0.9778
2014,seq-agl,parking,p_30_2.pddl,,ok,106,14.453,46,60750,30,0,9390,0.8437,105,False,1,1.0,76,574.547,0.717,0.9778
2014,seq-agl,parking,p_30_3.pddl,,ok,106,14.453,46,60750,30,0,9390,0.8437,105,False,1,1.0,76,574.547,0.717,0.9778
2014,seq-agl,parking,p_32_1.pddl,,ok,113,15.31,49,73728,32,0,10672,0.8432,112,False,1,1.0,81,653.894,0.7168,0.9792
2014,seq-agl,parking,p_32_2.pddl,,ok,113,15.31,49,73728,32,0,10672,0.8432,112,False,1,1.0,81,653.894,0.7168,0.9792
2014,seq-agl,parking,p_32_3.pddl,,ok,113,15.31,49,73728,32,0,10672,0.8432,112,False,1,1.0,81,653.894,0.7168,0.9792
2014,seq-agl,parking,p_34_1.pddl,,ok,120,16.167,52,88434,34,0,12036,0.8429,119,False,1,1.0,86,738.383,0.7167,0.9804
2014,seq-agl,parking,p_34_2.pddl,,ok,120,16.167,52,88434,34,0,12036,0.8429,119,False,1,1.0,86,738.383,0.7167,0.9804
2014,seq-agl,parking,p_34_3.pddl,,ok,120,16.167,52,88434,34,0,12036,0.8429,119,False,1,1.0,86,738.383,0.7167,0.9804
2014,seq-agl,parking,p_36_1.pddl,,ok,127,17.024,55,104976,36,0,13482,0.8425,126,False,1,1.0,91,828.016,0.7165,0.9815
2014,seq-agl,parking,p_36_2.pddl,,ok,127,17.024,55,104976,36,0,13482,0.8425,126,False,1,1.0,91,828.016,0.7165,0.9815
2014,seq-agl,parking,p_36_3.pddl,,ok,127,17.024,55,104976,36,0,13482,0.8425,126,False,1,1.0,91,828.016,0.7165,0.9815
2014,seq-agl,parking,p_38_1.pddl,,ok,134,17.881,58,123462,38,0,15010,0.8422,133,False,1,1.0,96,922.791,0.7164,0.9825
2014,seq-agl,parking,p_38_2.pddl,,ok,134,17.881,58,123462,38,0,15010,0.8422,133,False,1,1.0,96,922.791,0.7164,0.9825
2014,seq-agl,parking,p_38_3.pddl,,ok,134,17.881,58,123462,38,0,15010,0.8422,133,False,1,1.0,96,922.791,0.7164,0.9825
2014,seq-agl,parking,p_40_1.pddl,,ok,141,18.738,61,144000,40,0,16620,0.8419,140,False,1,1.0,101,1022.709,0.7163,0.9834
2014,seq-agl,parking,p_40_2.pddl,,ok,141,18.738,61,144000,40,0,16620,0.8419,140,False,1,1.0,101,1022.709,0.7163,0.9834
2014,seq-agl,parking,p_40_3.pddl,,ok,141,18.738,61,144000,40,0,16620,0.8419,140,False,1,1.0,101,1022.709,0.7163,0.9834
2014,seq-agl,tetris,p020.pddl,,ok,889,2.043,40,9456,20,0,23188,0.0294,242,False,1,1.0,111,2.146,1.0,1.0
2014,seq-agl,tetris,p021.pddl,,ok,2345,2.02,48,31792,24,0,68004,0.0124,536,False,1,1.0,149,2.067,1.0,1.0
2014,seq-agl,tetris,p022.pddl,,ok,1476,2.125,48,21360,24,0,43796,0.0201,347,False,1,1.0,134,2.428,1.0,1.0
2014,seq-agl,tetris,p023.pddl,,ok,1636,2.112,48,21912,24,0,46948,0.0176,377,False,1,1.0,128,2.386,1.0,1.0
2014,seq-agl,tetris,p024.pddl,,ok,1870,2.148,48,30936,24,0,59028,0.0169,451,False,1,1.0,128,2.507,1.0,1.0
2014,seq-agl,tetris,p025.pddl,,ok,1084,2.17,48,12104,24,0,28756,0.0245,245,False,1,1.0,126,2.583,1.0,1.0
2014,seq-agl,tetris,p026.pddl,,ok,3364,2.055,48,59488,24,0,110260,0.0097,815,False,1,1.0,135,2.188,1.0,1.0
2014,seq-agl,tetris,p027.pddl,,ok,2973,2.077,48,50392,24,0,95316,0.0108,714,False,1,1.0,146,2.266,1.0,1.0
2014,seq-agl,tetris,p028.pddl,,ok,2580,2.071,48,40976,24,0,80180,0.0121,611,False,1,1.0,130,2.245,1.0,1.0
2014,seq-agl,tetris,p029.pddl,,ok,1246,2.222,48,12976,24,0,32100,0.0207,277,False,1,1.0,126,2.761,1.0,1.0
2014,seq-agl,tetris,p031.pddl,,ok,4160,2.052,56,71292,28,0,134656,0.0078,845,False,1,1.0,142,2.179,1.0,1.0
2014,seq-agl,tetris,p032.pddl,,ok,1741,2.155,56,25540,28,0,52076,0.0172,348,False,1,1.0,142,2.534,1.0,1.0
2014,seq-agl,tetris,p033.pddl,,ok,3882,2.028,56,60572,28,0,120276,0.008,771,False,1,1.0,152,2.096,1.0,1.0
2014,seq-agl,tetris,p034.pddl,,ok,3880,2,2,60196,28,0,120052,0.008,769,False,1,1.0,152,2,1.0,1.0
2014,seq-agl,tetris,p035.pddl,,ok,3970,2.027,56,70264,28,0,130708,0.0083,813,False,1,1.0,142,2.094,1.0,1.0
2014,seq-agl,tetris,p036.pddl,,ok,3318,2.033,56,58616,28,0,109104,0.0099,681,False,1,1.0,139,2.112,1.0,1.0
2014,seq-agl,tetris,p037.pddl,,ok,1840,2.117,56,16312,28,0,45256,0.0134,335,False,1,1.0,134,2.404,1.0,1.0
2014,seq-agl,tetris,p038.pddl,,ok,3044,2.071,56,48648,28,0,95172,0.0103,611,False,1,1.0,136,2.244,1.0,1.0
2014,seq-agl,tetris,p039.pddl,,ok,4160,2.052,56,71292,28,0,134656,0.0078,845,False,1,1.0,142,2.179,1.0,1.0
2014,seq-agl,tetris,p040.pddl,,ok,3234,2.1,56,49676,28,0,99120,0.0095,643,False,1,1.0,136,2.345,1.0,1.0
2014,seq-agl,thoughtful,bootstrap-typed-01.pddl,,ok,119,2.555,11,1038,4,0,2926,0.2084,68,False,1,1.0,36,4.891,0.7899,0.488
2014,seq-agl,thoughtful,bootstrap-typed-02.pddl,,ok,120,2.55,11,1023,4,0,2897,0.2029,64,False,1,1.0,35,4.85,0.775,0.4845
2014,seq-agl,thoughtful,bootstrap-typed-03.pddl,,ok,122,2.541,11,1014,4,0,2964,0.2008,62,False,1,1.0,36,4.803,0.7787,0.4881
2014,seq-agl,thoughtful,bootstrap-typed-04.pddl,,ok,118,2.559,11,1064,4,0,2756,0.1996,62,False,1,1.0,33,4.907,0.7797,0.4836
2014,seq-agl,thoughtful,bootstrap-typed-05.pddl,,ok,116,2.569,11,943,4,0,2844,0.2132,60,False,1,1.0,36,4.974,0.7931,0.4853
2014,seq-agl,thoughtful,p11_6_53-typed.pddl,,ok,286,3.056,24,9237,4,0,10236,0.1256,158,False,1,1.0,86,12.629,0.8252,0.2735
2014,seq-agl,thoughtful,p11_6_59-typed.pddl,,ok,284,3.063,24,8563,4,0,10202,0.1269,153,False,1,1.0,87,12.708,0.8275,0.2732
2014,seq-agl,thoughtful,p11_6_62-typed.pddl,,ok,288,3.049,24,9229,4,0,10430,0.1262,153,False,1,1.0,82,12.556,0.8264,0.2743
2014,seq-agl,thoughtful,p13_7_78-typed.pddl,,ok,344,2.953,25,10384,4,0,12480,0.1058,167,False,1,1.0,92,11.892,0.8285,0.2772
2014,seq-agl,thoughtful,p13_7_79-typed.pddl,,ok,340,2.965,25,10058,4,0,12380,0.1074,172,False,1,1.0,89,12.018,0.8353,0.277
2014,seq-agl,thoughtful,p13_7_86-typed.pddl,,ok,340,2.965,25,10241,4,0,12138,0.1053,161,False,1,1.0,82,12.018,0.8353,0.277
2014,seq-agl,thoughtful,target-typed-20.pddl,,ok,343,2.956,25,9925,4,0,12240,0.1043,164,False,1,1.0,85,11.924,0.8309,0.2773
2014,seq-agl,thoughtful,target-typed-21.pddl,,ok,344,2.953,25,10509,4,0,12412,0.1052,164,False,1,1.0,88,11.898,0.8343,0.278
2014,seq-agl,thoughtful,target-typed-22.pddl,,ok,340,2.965,25,9577,4,0,11980,0.1039,162,False,1,1.0,83,12.018,0.8353,0.277
2014,seq-agl,thoughtful,target-typed-23.pddl,,ok,345,2.951,25,9951,4,0,12140,0.1023,165,False,1,1.0,88,11.864,0.829,0.2775
2014,seq-agl,thoughtful,target-typed-24.pddl,,ok,343,2.956,25,9069,4,0,12110,0.1032,162,False,1,1.0,98,11.927,0.8338,0.2777
2014,seq-agl,thoughtful,target-typed-25.pddl,,ok,342,2.959,25,10887,4,0,11910,0.1021,162,False,1,1.0,85,11.95,0.8275,0.2765
2014,seq-agl,thoughtful,target-typed-26.pddl,,ok,343,2.956,25,9249,4,0,12270,0.1046,161,False,1,1.0,88,11.927,0.8338,0.2777
2014,seq-agl,thoughtful,target-typed-27.pddl,,ok,343,2.956,25,9457,4,0,12359,0.1054,164,False,1,1.0,92,11.927,0.8338,0.2777
2014,seq-agl,thoughtful,target-typed-28.pddl,,ok,341,2.962,25,9196,4,0,12172,0.105,161,False,1,1.0,96,11.988,0.8358,0.2774
2014,seq-agl,transport,p01.pddl,,ok,33,47.576,54,40800,25,0,304,0.2879,26,False,5,0.8788,8,328.242,1.0,1.0
2014,seq-agl,transport,p02.pddl,,ok,38,51.105,57,51728,30,0,364,0.2589,31,False,5,0.8947,8,357.895,1.0,1.0
2014,seq-agl,transport,p03.pddl,,ok,33,50.212,57,43248,25,0,304,0.2879,26,False,5,0.8788,8,347.879,1.0,1.0
2014,seq-agl,transport,p04.pddl,,ok,33,123.152,140,110848,25,0,304,0.2879,26,False,5,0.8788,8,887.273,1.0,1.0
2014,seq-agl,transport,p05.pddl,,ok,38,123.579,138,130784,30,0,364,0.2589,31,False,5,0.8947,8,903.579,1.0,1.0
2014,seq-agl,transport,p06.pddl,,ok,33,123.152,140,110848,25,0,304,0.2879,26,False,5,0.8788,8,887.273,1.0,1.0
2014,seq-agl,transport,p07.pddl,,ok,33,182.909,208,166256,25,0,304,0.2879,26,False,5,0.8788,8,1329.939,1.0,1.0
2014,seq-agl,transport,p08.pddl,,ok,38,183.526,205,196144,30,0,364,0.2589,31,False,5,0.8947,8,1354.105,1.0,1.0
2014,seq-agl,transport,p09.pddl,,ok,33,182.909,208,166256,25,0,304,0.2879,26,False,5,0.8788,8,1329.939,1.0,1.0
2014,seq-agl,transport,p10.pddl,,ok,33,177.636,202,161576,25,0,304,0.2879,26,False,5,0.8788,8,1297.212,1.0,1.0
2014,seq-agl,transport,p11.pddl,,ok,35,55.714,65,61190,25,0,380,0.3193,26,False,6,0.8571,10,463.714,1.0,1.0
2014,seq-agl,transport,p12.pddl,,ok,38,60.053,67,61496,30,0,364,0.2589,31,False,5,0.8947,8,425.474,1.0,1.0
2014,seq-agl,transport,p13.pddl,,ok,31,59.806,66,38562,25,0,228,0.2452,26,False,4,0.9032,6,330.194,1.0,1.0
2014,seq-agl,transport,p14.pddl,,ok,35,107.143,125,122270,25,0,380,0.3193,26,False,6,0.8571,10,923.143,1.0,1.0
2014,seq-agl,transport,p15.pddl,,ok,38,114.632,128,121040,30,0,364,0.2589,31,False,5,0.8947,8,836.632,1.0,1.0
2014,seq-agl,transport,p16.pddl,,ok,31,114.903,127,75900,25,0,228,0.2452,26,False,4,0.9032,6,649.161,1.0,1.0
2014,seq-agl,transport,p17.pddl,,ok,35,158.571,185,183480,25,0,380,0.3193,26,False,6,0.8571,10,1386.286,1.0,1.0
2014,seq-agl,transport,p18.pddl,,ok,38,172.789,193,184496,30,0,364,0.2589,31,False,5,0.8947,8,1274.947,1.0,1.0
2014,seq-agl,transport,p19.pddl,,ok,31,173.613,192,115692,25,0,228,0.2452,26,False,4,0.9032,6,989.226,1.0,1.0
2014,seq-agl,transport,p20.pddl,,ok,35,174,203,201970,25,0,380,0.3193,26,False,6,0.8571,10,1528.857,1.0,1.0
2014,seq-agl,visitall,pfile30.pddl,,ok,900,2.998,900,3480,899,0,1798,0.0022,899,False,1,1.0,1,4.866,0.0011,0.7947
2014,seq-agl,visitall,pfile31.pddl,,ok,961,2.998,961,3720,960,0,1920,0.0021,960,False,1,1.0,1,4.87,0.001,0.7949
2014,seq-agl,visitall,pfile32.pddl,,ok,1024,2.998,1024,3968,1023,0,2046,0.002,1023,False,1,1.0,1,4.874,0.001,0.795
2014,seq-agl,visitall,pfile33.pddl,,ok,1089,2.998,1089,4224,1088,0,2176,0.0018,1088,False,1,1.0,1,4.878,0.0009,0.7952
2014,seq-agl,visitall,pfile50.pddl,,ok,2500,2.999,2500,9800,2499,0,4998,0.0008,2499,False,1,1.0,1,4.92,0.0004,0.7968
2014,seq-agl,visitall,pfile51.pddl,,ok,2601,2.999,2601,10200,2600,0,5200,0.0008,2600,False,1,1.0,1,4.921,0.0004,0.7969
2014,seq-agl,visitall,pfile52.pddl,,ok,2704,2.999,2704,10608,2703,0,5406,0.0007,2703,False,1,1.0,1,4.923,0.0004,0.7969
2014,seq-agl,visitall,pfile53.pddl,,ok,2809,2.999,2809,11024,2808,0,5616,0.0007,2808,False,1,1.0,1,4.924,0.0004,0.797
2014,seq-agl,visitall,pfile54.pddl,,ok,2916,2.999,2916,11448,2915,0,5830,0.0007,2915,False,1,1.0,1,4.926,0.0003,0.797
2014,seq-agl,visitall,pfile55.pddl,,ok,3025,2.999,3025,11880,3024,0,6048,0.0007,3024,False,1,1.0,1,4.927,0.0003,0.7971
2014,seq-agl,visitall,pfile56.pddl,,ok,3136,2.999,3136,12320,3135,0,6270,0.0006,3135,False,1,1.0,1,4.928,0.0003,0.7972
2014,seq-agl,visitall,pfile57.pddl,,ok,3249,2.999,3249,12768,3248,0,6496,0.0006,3248,False,1,1.0,1,4.93,0.0003,0.7972
2014,seq-agl,visitall,pfile58.pddl,,ok,3364,2.999,3364,13224,3363,0,6726,0.0006,3363,False,1,1.0,1,4.931,0.0003,0.7973
2014,seq-agl,visitall,pfile59.pddl,,ok,3481,2.999,3481,13688,3480,0,6960,0.0006,3480,False,1,1.0,1,4.932,0.0003,0.7973
2014,seq-agl,visitall,pfile60.pddl,,ok,3600,2.999,3600,14160,3599,0,7198,0.0006,3599,False,1,1.0,1,4.933,0.0003,0.7973
2014,seq-agl,visitall,pfile61.pddl,,ok,3721,2.999,3721,14640,3720,0,7440,0.0005,3720,False,1,1.0,1,4.934,0.0003,0.7974
2014,seq-agl,visitall,pfile62.pddl,,ok,3844,2.999,3844,15128,3843,0,7686,0.0005,3843,False,1,1.0,1,4.935,0.0003,0.7974
2014,seq-agl,visitall,pfile63.pddl,,ok,3969,2.999,3969,15624,3968,0,7936,0.0005,3968,False,1,1.0,1,4.936,0.0003,0.7975
2014,seq-agl,visitall,pfile64.pddl,,ok,4096,3.0,4096,16128,4095,0,8190,0.0005,4095,False,1,1.0,1,4.937,0.0002,0.7975
2014,seq-agl,visitall,pfile65.pddl,,ok,4225,3.0,4225,16640,4224,0,8448,0.0005,4224,False,1,1.0,1,4.938,0.0002,0.7975
2014,seq-opt,barman,p435.1.pddl,,ok,80,2.138,7,478,4,0,898,0.1421,78,False,2,0.9,15,2.288,1.0,0.9945
2014,seq-opt,barman,p435.2.pddl,,ok,80,2.138,7,478,4,0,900,0.1424,78,False,2,0.9,15,2.288,1.0,0.9945
2014,seq-opt,barman,p435.3.pddl,,ok,80,2.138,7,478,4,0,898,0.1421,78,False,2,0.9,15,2.288,1.0,0.9945
2014,seq-opt,barman,p536.1.pddl,,ok,100,2.13,8,610,5,0,1138,0.1149,98,False,2,0.91,16,2.27,1.0,0.9956
2014,seq-opt,barman,p536.2.pddl,,ok,100,2.13,8,610,5,0,1140,0.1152,98,False,2,0.91,16,2.27,1.0,0.9956
2014,seq-opt,barman,p536.3.pddl,,ok,100,2.13,8,610,5,0,1138,0.1149,98,False,2,0.91,16,2.27,1.0,0.9956
2014,seq-opt,barman,p638.1.pddl,,ok,137,2.124,10,854,7,0,1582,0.0849,135,False,2,0.9197,17,2.255,1.0,0.9968
2014,seq-opt,barman,p638.2.pddl,,ok,137,2.124,10,854,7,0,1582,0.0849,135,False,2,0.9197,17,2.255,1.0,0.9968
2014,seq-opt,barman,p638.3.pddl,,ok,137,2.124,10,854,7,0,1582,0.0849,135,False,2,0.9197,17,2.255,1.0,0.9968
2014,seq-opt,barman,p739.1.pddl,,ok,162,2.117,11,1016,8,0,1882,0.0722,160,False,2,0.9259,18,2.241,1.0,0.9972
2014,seq-opt,barman,p739.2.pddl,,ok,162,2.117,11,1016,8,0,1882,0.0722,160,False,2,0.9259,18,2.241,1.0,0.9972
2014,seq-opt,barman,p739.3.pddl,,ok,162,2.117,11,1016,8,0,1882,0.0722,160,False,2,0.9259,18,2.241,1.0,0.9972
2014,seq-opt,barman,p839.1.pddl,,ok,172,2.11,11,1078,8,0,2004,0.0681,170,False,2,0.9302,19,2.227,1.0,0.9974
2014,seq-opt,barman,p839.2.pddl,,ok,172,2.11,11,1078,8,0,2004,0.0681,170,False,2,0.9302,19,2.227,1.0,0.9974
2014,seq-opt,cavediving,testing01.pddl,,ok,177,2.311,16,4092,6,0,2766,0.0888,127,False,1,1.0,15,2.497,0.9605,0.914
2014,seq-opt,cavediving,testing01_easy.pddl,,ok,146,2.329,16,2772,5,0,2074,0.098,96,False,1,1.0,14,2.534,0.9589,0.8865
2014,seq-opt,cavediving,testing02_easy.pddl,,ok,146,2.336,16,2772,5,0,2074,0.098,96,False,1,1.0,14,2.582,0.9589,0.87
2014,seq-opt,cavediving,testing03_easy.pddl,,ok,146,2.322,16,2772,5,0,2070,0.0978,95,False,1,1.0,14,2.486,0.9589,0.9036
2014,seq-opt,cavediving,testing04_easy.pddl,,ok,146,2.336,16,2772,5,0,2078,0.0982,97,False,1,1.0,14,2.582,0.9589,0.87
2014,seq-opt,cavediving,testing05A_easy.pddl,,ok,49,2.429,8,496,3,0,436,0.1854,40,False,1,1.0,8,2.653,0.9184,0.8462
2014,seq-opt,cavediving,testing06A_easy.pddl,,ok,49,2.429,8,496,3,0,436,0.1854,40,False,1,1.0,8,2.653,0.9184,0.8462
2014,seq-opt,cavediving,testing07_easy.pddl,,ok,49,2.408,8,496,3,0,434,0.1845,39,False,1,1.0,8,2.531,0.9184,0.8871
2014,seq-opt,cavediving,testing08_easy.pddl,,ok,49,2.429,8,496,3,0,436,0.1854,40,False,1,1.0,8,2.653,0.9184,0.8462
2014,seq-opt,cavediving,testing09_easy.pddl,,ok,453,2.238,32,14160,9,0,9650,0.0471,295,False,1,1.0,23,2.433,0.9779,0.9056
2014,seq-opt,cavediving,testing10_easy.pddl,,ok,453,2.241,32,14160,9,0,9648,0.0471,295,False,1,1.0,23,2.45,0.9779,0.8991
2014,seq-opt,cavediving,testing11_easy.pddl,,ok,453,2.238,32,14160,9,0,9648,0.0471,295,False,1,1.0,23,2.433,0.9779,0.9056
2014,seq-opt,cavediving,testing12_easy.pddl,,ok,453,2.238,32,14160,9,0,9648,0.0471,295,False,1,1.0,23,2.433,0.9779,0.9056
2014,seq-opt,cavediving,testing13_easy.pddl,,ok,176,2.324,16,4092,5,0,2676,0.0869,127,False,1,1.0,16,2.608,0.9659,0.8802
2014,seq-opt,cavediving,testing14_easy.pddl,,ok,176,2.324,16,4092,5,0,2680,0.087,127,False,1,1.0,16,2.608,0.9659,0.8802
2014,seq-opt,cavediving,testing15_easy.pddl,,ok,161,2.317,16,3432,5,0,2372,0.0921,111,False,1,1.0,15,2.497,0.9627,0.9104
2014,seq-opt,cavediving,testing16_easy.pddl,,ok,176,2.318,16,4092,5,0,2672,0.0868,126,False,1,1.0,16,2.557,0.9659,0.8978
2014,seq-opt,cavediving,testing18A_easy.pddl,,ok,63,2.381,8,804,3,0,574,0.147,53,False,1,1.0,8,2.54,0.9365,0.9125
2014,seq-opt,cavediving,testing18_easy.pddl,,ok,70,2.371,9,958,3,0,644,0.1333,60,False,1,1.0,8,2.543,0.9429,0.9213
2014,seq-opt,cavediving,testing20A_easy.pddl,,ok,63,2.397,9,804,3,0,576,0.1475,54,False,1,1.0,8,2.667,0.9365,0.869
2014,seq-opt,childsnack,child-snack_pfile01-2.pddl,,ok,36,2.778,5,456,6,0,484,0.3841,22,False,3,0.9444,15,2.5,0.0556,0.2667
2014,seq-opt,childsnack,child-snack_pfile01.pddl,,ok,36,2.778,5,456,6,0,484,0.3841,22,False,3,0.9444,15,2.5,0.0556,0.2667
2014,seq-opt,childsnack,child-snack_pfile02-2.pddl,,ok,43,2.791,5,714,7,0,672,0.3721,27,False,3,0.9535,18,2.442,0.0465,0.2286
2014,seq-opt,childsnack,child-snack_pfile02.pddl,,ok,43,2.791,5,714,7,0,672,0.3721,27,False,3,0.9535,18,2.442,0.0465,0.2286
2014,seq-opt,childsnack,child-snack_pfile03-2.pddl,,ok,48,2.771,5,1025,8,0,881,0.3905,30,False,3,0.9583,21,2.375,0.0417,0.2105
2014,seq-opt,childsnack,child-snack_pfile03.pddl,,ok,48,2.771,5,1025,8,0,881,0.3905,30,False,3,0.9583,21,2.375,0.0417,0.2105
2014,seq-opt,childsnack,child-snack_pfile04-2.pddl,,ok,54,3,6,1476,9,0,1077,0.3763,33,False,4,0.9444,23,2.944,0.0556,0.2264
2014,seq-opt,childsnack,child-snack_pfile04.pddl,,ok,54,3,6,1476,9,0,1077,0.3763,33,False,4,0.9444,23,2.944,0.0556,0.2264
2014,seq-opt,childsnack,child-snack_pfile05-2.pddl,,ok,59,2.983,6,1973,10,0,1335,0.3901,36,False,4,0.9492,26,2.881,0.0508,0.2118
2014,seq-opt,childsnack,child-snack_pfile05.pddl,,ok,59,2.983,6,1973,10,0,1335,0.3901,36,False,4,0.9492,26,2.881,0.0508,0.2118
2014,seq-opt,childsnack,child-snack_pfile06-2.pddl,,ok,66,3,6,2631,11,0,1640,0.3823,41,False,4,0.9545,29,2.864,0.0455,0.1905
2014,seq-opt,childsnack,child-snack_pfile06.pddl,,ok,66,3,6,2631,11,0,1640,0.3823,41,False,4,0.9545,29,2.864,0.0455,0.1905
2014,seq-opt,childsnack,child-snack_pfile07-2.pddl,,ok,71,2.986,6,3220,12,0,1876,0.3775,44,False,4,0.9577,31,2.817,0.0423,0.18
2014,seq-opt,childsnack,child-snack_pfile07.pddl,,ok,71,2.986,6,3220,12,0,1876,0.3775,44,False,4,0.9577,31,2.817,0.0423,0.18
2014,seq-opt,childsnack,child-snack_pfile08-2.pddl,,ok,76,2.974,6,4048,13,0,2213,0.3882,47,False,4,0.9605,34,2.776,0.0395,0.1706
2014,seq-opt,childsnack,child-snack_pfile08.pddl,,ok,76,2.974,6,4048,13,0,2213,0.3882,47,False,4,0.9605,34,2.776,0.0395,0.1706
2014,seq-opt,childsnack,child-snack_pfile09-2.pddl,,ok,83,2.988,6,5090,14,0,2600,0.382,52,False,4,0.9639,37,2.771,0.0361,0.1565
2014,seq-opt,childsnack,child-snack_pfile09.pddl,,ok,83,2.988,6,5090,14,0,2600,0.382,52,False,4,0.9639,37,2.771,0.0361,0.1565
2014,seq-opt,childsnack,child-snack_pfile10-2.pddl,,ok,88,2.977,6,6216,15,0,2995,0.3912,55,False,4,0.9659,40,2.739,0.0341,0.1494
2014,seq-opt,childsnack,child-snack_pfile10.pddl,,ok,88,2.977,6,6216,15,0,2995,0.3912,55,False,4,0.9659,40,2.739,0.0341,0.1494
2014,seq-opt,citycar,p2-2-2-1-2.pddl,,ok,60,2.267,10,298,2,0,506,0.1429,58,False,1,1.0,6,3.767,0.9333,0.9558
2014,seq-opt,citycar,p2-2-2-2-1.pddl,,ok,60,2.267,10,298,2,0,506,0.1429,58,False,1,1.0,6,3.767,0.9333,0.9558
2014,seq-opt,citycar,p2-2-3-1-2.pddl,,ok,62,2.387,10,399,3,0,626,0.1655,59,False,1,1.0,7,4.565,0.9032,0.947
2014,seq-opt,citycar,p2-2-3-2-1.pddl,,ok,62,2.387,10,399,3,0,626,0.1655,59,False,1,1.0,7,4.565,0.9032,0.947
2014,seq-opt,citycar,p2-2-3-2-2.pddl,,ok,62,2.387,10,399,3,0,626,0.1655,59,False,1,1.0,7,4.565,0.9032,0.947
2014,seq-opt,citycar,p2-2-4-1-2.pddl,,ok,64,2.5,10,500,4,0,748,0.1855,60,False,1,1.0,8,5.312,0.875,0.9412
2014,seq-opt,citycar,p2-2-4-2-1.pddl,,ok,64,2.5,10,500,4,0,748,0.1855,60,False,1,1.0,8,5.312,0.875,0.9412
2014,seq-opt,citycar,p2-2-5-2-2.pddl,,ok,66,2.606,10,601,5,0,872,0.2033,61,False,1,1.0,9,6.015,0.8485,0.937
2014,seq-opt,citycar,p2-2-6-1-1.pddl,,ok,68,2.706,10,702,6,0,998,0.2191,62,False,1,1.0,10,6.676,0.8235,0.9339
2014,seq-opt,citycar,p2-2-6-2-2.pddl,,ok,68,2.706,10,702,6,0,998,0.2191,62,False,1,1.0,10,6.676,0.8235,0.9339
2014,seq-opt,citycar,p2-3-2-3-1.pddl,,ok,102,2.196,12,542,2,0,890,0.0864,100,False,1,1.0,8,3.824,0.9608,0.9641
2014,seq-opt,citycar,p2-3-3-3-1.pddl,,ok,104,2.288,12,725,3,0,1094,0.1021,101,False,1,1.0,9,4.683,0.9423,0.9569
2014,seq-opt,citycar,p2-3-4-3-1.pddl,,ok,106,2.377,12,908,4,0,1300,0.1168,102,False,1,1.0,10,5.509,0.9245,0.9521
2014,seq-opt,citycar,p2-3-6-3-2.pddl,,ok,110,2.545,12,1274,6,0,1718,0.1433,104,False,1,1.0,12,7.073,0.8909,0.946
2014,seq-opt,citycar,p3-3-2-2-1.pddl,,ok,218,2.128,16,1220,2,0,1956,0.0413,216,False,1,1.0,10,3.706,0.9817,0.9752
2014,seq-opt,citycar,p3-3-2-2-2.pddl,,ok,218,2.128,16,1220,2,0,1956,0.0413,216,False,1,1.0,10,3.706,0.9817,0.9752
2014,seq-opt,citycar,p3-3-2-3-1.pddl,,ok,218,2.128,16,1220,2,0,1956,0.0413,216,False,1,1.0,10,3.706,0.9817,0.9752
2014,seq-opt,citycar,p3-3-2-3-2.pddl,,ok,218,2.128,16,1220,2,0,1956,0.0413,216,False,1,1.0,10,3.706,0.9817,0.9752
2014,seq-opt,citycar,p3-3-3-3-1.pddl,,ok,220,2.191,16,1630,3,0,2392,0.0496,217,False,1,1.0,11,4.536,0.9727,0.9699
2014,seq-opt,citycar,p3-3-3-3-2.pddl,,ok,220,2.191,16,1630,3,0,2392,0.0496,217,False,1,1.0,11,4.536,0.9727,0.9699
2014,seq-opt,floortile,p01-4-3-2.pddl,,ok,19,4.947,15,188,12,0,134,0.3918,15,False,3,0.8947,7,9.579,1.0,1.0
2014,seq-opt,floortile,p01-4-4-2.pddl,,ok,24,5.167,20,256,16,0,182,0.3297,20,False,3,0.9167,8,10.333,1.0,1.0
2014,seq-opt,floortile,p01-5-3-2.pddl,,ok,22,5.091,18,232,15,0,162,0.3506,18,False,3,0.9091,7,10,1.0,1.0
2014,seq-opt,floortile,p01-5-4-2.pddl,,ok,28,5.286,24,316,20,0,220,0.291,24,False,3,0.9286,8,10.714,1.0,1.0
2014,seq-opt,floortile,p01-5-5-2.pddl,,ok,34,5.412,30,400,25,0,278,0.2478,30,False,3,0.9412,9,11.176,1.0,1.0
2014,seq-opt,floortile,p01-6-4-2.pddl,,ok,32,5.375,28,376,24,0,258,0.2601,28,False,3,0.9375,8,11,1.0,1.0
2014,seq-opt,floortile,p01-6-5-2.pddl,,ok,39,5.487,35,476,30,0,326,0.22,35,False,3,0.9487,10,11.436,1.0,1.0
2014,seq-opt,floortile,p02-4-4-2.pddl,,ok,24,5.167,20,256,16,0,182,0.3297,20,False,3,0.9167,8,10.333,1.0,1.0
2014,seq-opt,floortile,p02-5-3-2.pddl,,ok,22,5.091,18,232,15,0,162,0.3506,18,False,3,0.9091,7,10,1.0,1.0
2014,seq-opt,floortile,p02-5-4-2.pddl,,ok,28,5.286,24,316,20,0,220,0.291,24,False,3,0.9286,8,10.714,1.0,1.0
2014,seq-opt,floortile,p02-5-5-2.pddl,,ok,34,5.412,30,400,25,0,278,0.2478,30,False,3,0.9412,9,11.176,1.0,1.0
2014,seq-opt,floortile,p02-6-4-2.pddl,,ok,32,5.375,28,376,24,0,258,0.2601,28,False,3,0.9375,8,11,1.0,1.0
2014,seq-opt,floortile,p02-6-5-2.pddl,,ok,39,5.487,35,476,30,0,326,0.22,35,False,3,0.9487,10,11.436,1.0,1.0
2014,seq-opt,floortile,p03-4-3-2.pddl,,ok,19,4.947,15,188,12,0,134,0.3918,15,False,3,0.8947,7,9.579,1.0,1.0
2014,seq-opt,floortile,p03-4-4-2.pddl,,ok,24,5.167,20,256,16,0,182,0.3297,20,False,3,0.9167,8,10.333,1.0,1.0
2014,seq-opt,floortile,p03-5-3-2.pddl,,ok,22,5.091,18,232,15,0,162,0.3506,18,False,3,0.9091,7,10,1.0,1.0
2014,seq-opt,floortile,p03-5-4-2.pddl,,ok,28,5.286,24,316,20,0,220,0.291,24,False,3,0.9286,8,10.714,1.0,1.0
2014,seq-opt,floortile,p03-5-5-2.pddl,,ok,34,5.412,30,400,25,0,278,0.2478,30,False,3,0.9412,9,11.176,1.0,1.0
2014,seq-opt,floortile,p03-6-4-2.pddl,,ok,32,5.375,28,376,24,0,258,0.2601,28,False,3,0.9375,8,11,1.0,1.0
2014,seq-opt,floortile,p03-6-5-2.pddl,,ok,39,5.487,35,476,30,0,326,0.22,35,False,3,0.9487,10,11.436,1.0,1.0
2014,seq-opt,ged,d-1-2.pddl,,ok,10,6.2,16,138,6,0,66,0.7333,9,False,1,1.0,6,18.9,1.0,0.709
2014,seq-opt,ged,d-1-3.pddl,,ok,16,9.312,25,582,12,0,138,0.575,15,False,1,1.0,9,55.688,1.0,0.6824
2014,seq-opt,ged,d-1-4.pddl,,ok,10,6.2,16,138,6,0,66,0.7333,9,False,1,1.0,6,18.9,1.0,0.709
2014,seq-opt,ged,d-1-8.pddl,,ok,18,10.333,28,798,14,0,166,0.5425,17,False,1,1.0,10,72.056,1.0,0.6708
2014,seq-opt,ged,d-2-1.pddl,,ok,10,6.2,16,138,6,0,66,0.7333,9,False,1,1.0,6,18.9,1.0,0.709
2014,seq-opt,ged,d-2-3.pddl,,ok,14,8.286,22,400,10,0,112,0.6154,13,False,1,1.0,8,41.357,1.0,0.6943
2014,seq-opt,ged,d-2-4.pddl,,ok,12,7.25,19,252,8,0,88,0.6667,11,False,1,1.0,7,29.083,1.0,0.7049
2014,seq-opt,ged,d-2-8.pddl,,ok,22,12.364,34,1332,18,0,228,0.4935,21,False,1,1.0,12,110.864,1.0,0.6503
2014,seq-opt,ged,d-3-1.pddl,,ok,16,9.312,25,582,12,0,138,0.575,15,False,1,1.0,9,55.688,1.0,0.6824
2014,seq-opt,ged,d-3-2.pddl,,ok,14,8.286,22,400,10,0,112,0.6154,13,False,1,1.0,8,41.357,1.0,0.6943
2014,seq-opt,ged,d-3-4.pddl,,ok,18,10.333,28,798,14,0,166,0.5425,17,False,1,1.0,10,72.056,1.0,0.6708
2014,seq-opt,ged,d-4-2.pddl,,ok,12,7.25,19,252,8,0,88,0.6667,11,False,1,1.0,7,29.083,1.0,0.7049
2014,seq-opt,ged,d-4-3.pddl,,ok,18,10.333,28,798,14,0,166,0.5425,17,False,1,1.0,10,72.056,1.0,0.6708
2014,seq-opt,ged,d-4-8.pddl,,ok,22,12.364,34,1332,18,0,228,0.4935,21,False,1,1.0,12,110.864,1.0,0.6503
2014,seq-opt,ged,d-7-5.pddl,,ok,18,10.333,28,798,14,0,166,0.5425,17,False,1,1.0,10,72.056,1.0,0.6708
2014,seq-opt,ged,d-7-6.pddl,,ok,16,9.312,25,582,12,0,138,0.575,15,False,1,1.0,9,55.688,1.0,0.6824
2014,seq-opt,ged,d-8-1.pddl,,ok,18,10.333,28,798,14,0,166,0.5425,17,False,1,1.0,10,72.056,1.0,0.6708
2014,seq-opt,ged,d-8-2.pddl,,ok,22,12.364,34,1332,18,0,228,0.4935,21,False,1,1.0,12,110.864,1.0,0.6503
2014,seq-opt,ged,d-8-4.pddl,,ok,22,12.364,34,1332,18,0,228,0.4935,21,False,1,1.0,12,110.864,1.0,0.6503
2014,seq-opt,ged,d-8-9.pddl,,ok,22,12.364,34,1332,18,0,228,0.4935,21,False,1,1.0,12,110.864,1.0,0.6503
2014,seq-opt,hiking,ptesting-1-2-3.pddl,,ok,7,2.857,3,110,1,0,32,0.7619,6,False,1,1.0,4,4.857,0.8571,0.9412
2014,seq-opt,hiking,ptesting-1-2-4.pddl,,ok,7,3.714,4,211,1,0,32,0.7619,6,False,1,1.0,4,9.286,0.8571,0.9538
2014,seq-opt,hiking,ptesting-1-2-5.pddl,,ok,7,4.571,5,344,1,0,32,0.7619,6,False,1,1.0,4,15.143,0.8571,0.9623
2014,seq-opt,hiking,ptesting-1-2-7.pddl,,ok,7,6.286,7,706,1,0,32,0.7619,6,False,1,1.0,4,31.143,0.8571,0.9725
2014,seq-opt,hiking,ptesting-1-2-8.pddl,,ok,7,7.143,8,935,1,0,32,0.7619,6,False,1,1.0,4,41.286,0.8571,0.9758
2014,seq-opt,hiking,ptesting-2-2-3.pddl,,ok,12,2.833,3,632,2,0,92,0.697,10,False,1,1.0,8,4.667,0.8333,0.9286
2014,seq-opt,hiking,ptesting-2-2-4.pddl,,ok,12,3.667,4,1228,2,0,92,0.697,10,False,1,1.0,8,8.833,0.8333,0.9434
2014,seq-opt,hiking,ptesting-2-2-5.pddl,,ok,12,4.5,5,2016,2,0,92,0.697,10,False,1,1.0,8,14.333,0.8333,0.9535
2014,seq-opt,hiking,ptesting-2-2-6.pddl,,ok,12,5.333,6,2996,2,0,92,0.697,10,False,1,1.0,8,21.167,0.8333,0.9606
2014,seq-opt,hiking,ptesting-2-2-7.pddl,,ok,12,6.167,7,4168,2,0,92,0.697,10,False,1,1.0,8,29.333,0.8333,0.9659
2014,seq-opt,hiking,ptesting-2-2-8.pddl,,ok,12,7,8,5532,2,0,92,0.697,10,False,1,1.0,8,38.833,0.8333,0.97
2014,seq-opt,hiking,ptesting-2-3-4.pddl,,ok,13,3.692,4,1804,2,0,106,0.6795,11,False,1,1.0,8,9.077,0.8462,0.9492
2014,seq-opt,hiking,ptesting-2-3-5.pddl,,ok,13,4.538,5,2976,2,0,106,0.6795,11,False,1,1.0,8,14.769,0.8462,0.9583
2014,seq-opt,hiking,ptesting-2-3-6.pddl,,ok,13,5.385,6,4436,2,0,106,0.6795,11,False,1,1.0,8,21.846,0.8462,0.9648
2014,seq-opt,hiking,ptesting-2-3-7.pddl,,ok,13,6.231,7,6184,2,0,106,0.6795,11,False,1,1.0,8,30.308,0.8462,0.9695
2014,seq-opt,hiking,ptesting-2-4-3.pddl,,ok,14,2.857,3,1208,2,0,120,0.6593,12,False,1,1.0,8,4.857,0.8571,0.9412
2014,seq-opt,hiking,ptesting-2-4-4.pddl,,ok,14,3.714,4,2380,2,0,120,0.6593,12,False,1,1.0,8,9.286,0.8571,0.9538
2014,seq-opt,hiking,ptesting-2-4-5.pddl,,ok,14,4.571,5,3936,2,0,120,0.6593,12,False,1,1.0,8,15.143,0.8571,0.9623
2014,seq-opt,hiking,ptesting-2-4-6.pddl,,ok,14,5.429,6,5876,2,0,120,0.6593,12,False,1,1.0,8,22.429,0.8571,0.9682
2014,seq-opt,hiking,ptesting-2-4-7.pddl,,ok,14,6.286,7,8200,2,0,120,0.6593,12,False,1,1.0,8,31.143,0.8571,0.9725
2014,seq-opt,maintenance,maintenance.1.3.010.010.2-000.pddl,,ok,17,2,2,21,10,0,60,0.2206,6,False,1,1.0,4,1,0.0,0.0
2014,seq-opt,maintenance,maintenance.1.3.010.010.2-001.pddl,,ok,18,2,2,24,10,0,52,0.1699,5,False,1,1.0,3,1,0.0,0.0
2014,seq-opt,maintenance,maintenance.1.3.010.010.2-002.pddl,,ok,19,2,2,27,10,0,50,0.1462,4,False,2,0.8421,3,1,0.0,0.0
2014,seq-opt,maintenance,maintenance.1.3.015.020.2-001.pddl,,ok,34,2,2,42,20,0,110,0.098,6,False,1,1.0,4,1,0.0,0.0
2014,seq-opt,maintenance,maintenance.1.3.015.020.2-002.pddl,,ok,33,2,2,39,20,0,120,0.1136,7,False,1,1.0,4,1,0.0,0.0
2014,seq-opt,openstacks,p20_1.pddl,,ok,41,2.951,21,840,20,0,116,0.0707,40,False,1,1.0,2,2.439,0.0244,0.4
2014,seq-opt,openstacks,p20_2.pddl,,ok,41,2.951,21,840,20,0,124,0.0756,40,False,1,1.0,2,2.439,0.0244,0.4
2014,seq-opt,openstacks,p20_3.pddl,,ok,41,2.951,21,840,20,0,170,0.1037,40,False,1,1.0,5,2.439,0.0244,0.4
2014,seq-opt,openstacks,p25_1.pddl,,ok,51,2.961,26,1300,25,0,149,0.0584,50,False,1,1.0,2,2.451,0.0196,0.4
2014,seq-opt,openstacks,p25_3.pddl,,ok,51,2.961,26,1300,25,0,229,0.0898,50,False,1,1.0,8,2.451,0.0196,0.4
2014,seq-opt,openstacks,p30_1.pddl,,ok,61,2.967,31,1860,30,0,174,0.0475,60,False,1,1.0,2,2.459,0.0164,0.4
2014,seq-opt,openstacks,p30_2.pddl,,ok,61,2.967,31,1860,30,0,184,0.0503,60,False,1,1.0,2,2.459,0.0164,0.4
2014,seq-opt,openstacks,p30_3.pddl,,ok,61,2.967,31,1860,30,0,306,0.0836,60,False,1,1.0,11,2.459,0.0164,0.4
2014,seq-opt,openstacks,p35_1.pddl,,ok,71,2.972,36,2520,35,0,213,0.0429,70,False,1,1.0,3,2.465,0.0141,0.4
2014,seq-opt,openstacks,p35_2.pddl,,ok,71,2.972,36,2520,35,0,221,0.0445,70,False,1,1.0,3,2.465,0.0141,0.4
2014,seq-opt,openstacks,p35_3.pddl,,ok,71,2.972,36,2520,35,0,373,0.0751,70,False,1,1.0,15,2.465,0.0141,0.4
2014,seq-opt,openstacks,p40_1.pddl,,ok,81,2.975,41,3280,40,0,240,0.037,80,False,1,1.0,2,2.469,0.0123,0.4
2014,seq-opt,openstacks,p40_2.pddl,,ok,81,2.975,41,3280,40,0,248,0.0383,80,False,1,1.0,2,2.469,0.0123,0.4
2014,seq-opt,openstacks,p40_3.pddl,,ok,81,2.975,41,3280,40,0,428,0.066,80,False,1,1.0,14,2.469,0.0123,0.4
2014,seq-opt,openstacks,p45_1.pddl,,ok,91,2.978,46,4140,45,0,267,0.0326,90,False,1,1.0,2,2.473,0.011,0.4
2014,seq-opt,openstacks,p45_2.pddl,,ok,91,2.978,46,4140,45,0,299,0.0365,90,False,1,1.0,2,2.473,0.011,0.4
2014,seq-opt,openstacks,p45_3.pddl,,ok,91,2.978,46,4140,45,0,535,0.0653,90,False,1,1.0,22,2.473,0.011,0.4
2014,seq-opt,openstacks,p50_1.pddl,,ok,101,2.98,51,5100,50,0,302,0.0299,100,False,1,1.0,2,2.475,0.0099,0.4
2014,seq-opt,openstacks,p50_2.pddl,,ok,101,2.98,51,5100,50,0,330,0.0327,100,False,1,1.0,3,2.475,0.0099,0.4
2014,seq-opt,openstacks,p50_3.pddl,,ok,101,2.98,51,5100,50,0,592,0.0586,100,False,1,1.0,22,2.475,0.0099,0.4
2014,seq-opt,parking,p_12_7-01.pddl,,ok,43,6.744,19,3888,12,0,1542,0.8538,42,False,1,1.0,31,91.86,0.7209,0.9453
2014,seq-opt,parking,p_12_7-02.pddl,,ok,43,6.744,19,3888,12,0,1542,0.8538,42,False,1,1.0,31,91.86,0.7209,0.9453
2014,seq-opt,parking,p_12_7-03.pddl,,ok,43,6.744,19,3888,12,0,1542,0.8538,42,False,1,1.0,31,91.86,0.7209,0.9453
2014,seq-opt,parking,p_12_7-04.pddl,,ok,43,6.744,19,3888,12,0,1542,0.8538,42,False,1,1.0,31,91.86,0.7209,0.9453
2014,seq-opt,parking,p_14_8-01.pddl,,ok,50,7.6,22,6174,14,0,2086,0.8514,49,False,1,1.0,36,124.92,0.72,0.9529
2014,seq-opt,parking,p_14_8-02.pddl,,ok,50,7.6,22,6174,14,0,2086,0.8514,49,False,1,1.0,36,124.92,0.72,0.9529
2014,seq-opt,parking,p_14_8-03.pddl,,ok,50,7.6,22,6174,14,0,2086,0.8514,49,False,1,1.0,36,124.92,0.72,0.9529
2014,seq-opt,parking,p_14_8-04.pddl,,ok,50,7.6,22,6174,14,0,2086,0.8514,49,False,1,1.0,36,124.92,0.72,0.9529
2014,seq-opt,parking,p_16_9-01.pddl,,ok,57,8.456,25,9216,16,0,2712,0.8496,56,False,1,1.0,41,163.123,0.7193,0.9587
2014,seq-opt,parking,p_16_9-02.pddl,,ok,57,8.456,25,9216,16,0,2712,0.8496,56,False,1,1.0,41,163.123,0.7193,0.9587
2014,seq-opt,parking,p_16_9-03.pddl,,ok,57,8.456,25,9216,16,0,2712,0.8496,56,False,1,1.0,41,163.123,0.7193,0.9587
2014,seq-opt,parking,p_16_9-04.pddl,,ok,57,8.456,25,9216,16,0,2712,0.8496,56,False,1,1.0,41,163.123,0.7193,0.9587
2014,seq-opt,parking,p_18_10-01.pddl,,ok,64,9.312,28,13122,18,0,3420,0.8482,63,False,1,1.0,46,206.469,0.7188,0.9632
2014,seq-opt,parking,p_18_10-02.pddl,,ok,64,9.312,28,13122,18,0,3420,0.8482,63,False,1,1.0,46,206.469,0.7188,0.9632
2014,seq-opt,parking,p_18_10-03.pddl,,ok,64,9.312,28,13122,18,0,3420,0.8482,63,False,1,1.0,46,206.469,0.7188,0.9632
2014,seq-opt,parking,p_18_10-04.pddl,,ok,64,9.312,28,13122,18,0,3420,0.8482,63,False,1,1.0,46,206.469,0.7188,0.9632
2014,seq-opt,parking,p_20_11-01.pddl,,ok,71,10.169,31,18000,20,0,4210,0.8471,70,False,1,1.0,51,254.958,0.7183,0.9669
2014,seq-opt,parking,p_20_11-02.pddl,,ok,71,10.169,31,18000,20,0,4210,0.8471,70,False,1,1.0,51,254.958,0.7183,0.9669
2014,seq-opt,parking,p_20_11-03.pddl,,ok,71,10.169,31,18000,20,0,4210,0.8471,70,False,1,1.0,51,254.958,0.7183,0.9669
2014,seq-opt,parking,p_20_11-04.pddl,,ok,71,10.169,31,18000,20,0,4210,0.8471,70,False,1,1.0,51,254.958,0.7183,0.9669
2014,seq-opt,tetris,p01-10.pddl,,ok,761,2.25,40,9532,20,0,20928,0.0362,216,False,1,1.0,120,2.854,1.0,1.0
2014,seq-opt,tetris,p01-6.pddl,,ok,431,2.153,24,5020,12,0,11288,0.0609,211,False,1,1.0,112,2.515,1.0,1.0
2014,seq-opt,tetris,p01-8.pddl,,ok,841,2.036,32,12712,16,0,25260,0.0358,314,False,1,1.0,123,2.121,1.0,1.0
2014,seq-opt,tetris,p02-10.pddl,,ok,761,2.25,40,9532,20,0,20928,0.0362,216,False,1,1.0,120,2.854,1.0,1.0
2014,seq-opt,tetris,p02-4.pddl,,ok,217,2.065,16,2648,8,0,5620,0.1199,151,False,1,1.0,76,2.212,1.0,1.0
2014,seq-opt,tetris,p02-6.pddl,,ok,606,2.073,24,8980,12,0,17760,0.0484,310,False,1,1.0,114,2.244,1.0,1.0
2014,seq-opt,tetris,p02-8.pddl,,ok,843,2.107,32,12920,16,0,25388,0.0358,316,False,1,1.0,123,2.363,1.0,1.0
2014,seq-opt,tetris,p03-10.pddl,,ok,1982,2.038,40,32588,20,0,62448,0.0159,579,False,1,1.0,130,2.131,1.0,1.0
2014,seq-opt,tetris,p03-4.pddl,,ok,172,2.326,16,2640,8,0,4852,0.165,126,False,1,1.0,76,3.07,1.0,1.0
2014,seq-opt,tetris,p03-6.pddl,,ok,356,2.247,24,4844,12,0,9900,0.0783,182,False,1,1.0,112,2.831,1.0,1.0
2014,seq-opt,tetris,p03-8.pddl,,ok,1442,2.042,32,24720,16,0,46052,0.0222,549,False,1,1.0,110,2.141,1.0,1.0
2014,seq-opt,tetris,p04-10.pddl,,ok,1924,2,2,25712,20,0,55248,0.0149,535,False,1,1.0,132,2,1.0,1.0
2014,seq-opt,tetris,p04-6.pddl,,ok,431,2.153,24,5020,12,0,11288,0.0609,211,False,1,1.0,112,2.515,1.0,1.0
2014,seq-opt,tetris,p04-8.pddl,,ok,1195,2.075,32,19048,16,0,36756,0.0258,448,False,1,1.0,110,2.256,1.0,1.0
2014,seq-opt,tetris,p05-10.pddl,,ok,1850,2.041,40,32136,20,0,59868,0.0175,549,False,1,1.0,130,2.141,1.0,1.0
2014,seq-opt,tetris,p05-6.pddl,,ok,354,2.124,24,4692,12,0,9804,0.0785,180,False,1,1.0,112,2.418,1.0,1.0
2014,seq-opt,tetris,p05-8.pddl,,ok,1444,2.083,32,24928,16,0,46180,0.0222,551,False,1,1.0,110,2.283,1.0,1.0
2014,seq-opt,tidybot,p01.pddl,,ok,381,2.008,5,30393,4,0,52520,0.3628,295,False,1,1.0,244,2.005,0.9895,0.9948
2014,seq-opt,tidybot,p02.pddl,,ok,385,2.008,5,30657,4,0,52667,0.3562,299,False,1,1.0,244,2.005,0.9896,0.9948
2014,seq-opt,tidybot,p03.pddl,,ok,373,2.008,5,29842,4,0,52212,0.3763,287,False,1,1.0,244,2.005,0.9893,0.9947
2014,seq-opt,tidybot,p04.pddl,,ok,373,2.008,5,29889,4,0,52241,0.3765,287,False,1,1.0,244,2.005,0.9893,0.9947
2014,seq-opt,tidybot,p05.pddl,,ok,373,2.008,5,29864,4,0,52225,0.3764,287,False,1,1.0,244,2.005,0.9893,0.9947
2014,seq-opt,tidybot,p06.pddl,,ok,385,2.008,5,30681,4,0,52682,0.3563,299,False,1,1.0,244,2.005,0.9896,0.9948
2014,seq-opt,tidybot,p07.pddl,,ok,373,2.008,5,29843,4,0,52213,0.3763,287,False,1,1.0,244,2.005,0.9893,0.9947
2014,seq-opt,tidybot,p08.pddl,,ok,373,2.008,5,29889,4,0,52241,0.3765,287,False,1,1.0,244,2.005,0.9893,0.9947
2014,seq-opt,tidybot,p09.pddl,,ok,473,2.006,5,45090,4,0,78509,0.3517,368,False,1,1.0,301,2.004,0.9915,0.9958
2014,seq-opt,tidybot,p10.pddl,,ok,473,2.006,5,45042,4,0,78479,0.3515,368,False,1,1.0,301,2.004,0.9915,0.9958
2014,seq-opt,tidybot,p11.pddl,,ok,293,2.01,5,19255,4,0,33425,0.3907,224,False,1,1.0,193,2.007,0.9863,0.9932
2014,seq-opt,tidybot,p12.pddl,,ok,293,2.01,5,19255,4,0,33425,0.3907,224,False,1,1.0,193,2.007,0.9863,0.9932
2014,seq-opt,tidybot,p13.pddl,,ok,293,2.01,5,19255,4,0,33425,0.3907,224,False,1,1.0,193,2.007,0.9863,0.9932
2014,seq-opt,tidybot,p14.pddl,,ok,373,2.008,5,29865,4,0,52226,0.3764,287,False,1,1.0,244,2.005,0.9893,0.9947
2014,seq-opt,tidybot,p15.pddl,,ok,369,2.008,5,29650,4,0,52110,0.3837,283,False,1,1.0,244,2.005,0.9892,0.9946
2014,seq-opt,tidybot,p16.pddl,,ok,381,2.008,5,30465,4,0,52565,0.3631,295,False,1,1.0,244,2.005,0.9895,0.9948
2014,seq-opt,tidybot,p17.pddl,,ok,377,2.008,5,30177,4,0,52403,0.3697,291,False,1,1.0,244,2.005,0.9894,0.9947
2014,seq-opt,tidybot,p18.pddl,,ok,373,2.008,5,29842,4,0,52212,0.3763,287,False,1,1.0,244,2.005,0.9893,0.9947
2014,seq-opt,tidybot,p19.pddl,,ok,377,2.008,5,30200,4,0,52417,0.3698,291,False,1,1.0,244,2.005,0.9894,0.9947
2014,seq-opt,tidybot,p20.pddl,,ok,381,2.008,5,30488,4,0,52579,0.3632,295,False,1,1.0,244,2.005,0.9895,0.9948
2014,seq-opt,transport,p01.pddl,,ok,8,6,7,344,4,0,26,0.4643,5,False,3,0.75,4,15,1.0,1.0
2014,seq-opt,transport,p02.pddl,,ok,8,9.75,12,708,4,0,26,0.4643,5,False,3,0.75,4,30.5,1.0,1.0
2014,seq-opt,transport,p03.pddl,,ok,9,11.556,14,1040,5,0,32,0.4444,6,False,3,0.7778,4,37.333,1.0,1.0
2014,seq-opt,transport,p04.pddl,,ok,11,13.636,18,1932,5,0,48,0.4364,6,False,4,0.7273,6,55.091,1.0,1.0
2014,seq-opt,transport,p05.pddl,,ok,12,16.25,21,2802,6,0,57,0.4318,7,False,4,0.75,6,73.5,1.0,1.0
2014,seq-opt,transport,p06.pddl,,ok,12,17.75,23,3066,6,0,57,0.4318,7,False,4,0.75,6,77.5,1.0,1.0
2014,seq-opt,transport,p07.pddl,,ok,8,9.75,12,688,4,0,26,0.4643,5,False,3,0.75,4,28,1.0,1.0
2014,seq-opt,transport,p08.pddl,,ok,8,17.25,22,1404,4,0,26,0.4643,5,False,3,0.75,4,57.5,1.0,1.0
2014,seq-opt,transport,p09.pddl,,ok,9,20.889,26,2088,5,0,32,0.4444,6,False,3,0.7778,4,73.778,1.0,1.0
2014,seq-opt,transport,p10.pddl,,ok,11,24.545,33,3882,5,0,48,0.4364,6,False,4,0.7273,6,109.636,1.0,1.0
2014,seq-opt,transport,p11.pddl,,ok,12,29.75,39,5616,6,0,57,0.4318,7,False,4,0.75,6,146,1.0,1.0
2014,seq-opt,transport,p12.pddl,,ok,12,32.75,43,6174,6,0,57,0.4318,7,False,4,0.75,6,156.5,1.0,1.0
2014,seq-opt,transport,p13.pddl,,ok,8,13.5,17,1040,4,0,26,0.4643,5,False,3,0.75,4,42,1.0,1.0
2014,seq-opt,transport,p14.pddl,,ok,8,24.75,32,2116,4,0,26,0.4643,5,False,3,0.75,4,86.5,1.0,1.0
2014,seq-opt,transport,p15.pddl,,ok,9,30.222,38,3128,5,0,32,0.4444,6,False,3,0.7778,4,109.333,1.0,1.0
2014,seq-opt,transport,p16.pddl,,ok,11,35.455,48,5844,5,0,48,0.4364,6,False,4,0.7273,6,165.273,1.0,1.0
2014,seq-opt,transport,p17.pddl,,ok,12,43.25,57,8388,6,0,57,0.4318,7,False,4,0.75,6,215,1.0,1.0
2014,seq-opt,transport,p18.pddl,,ok,12,47.75,63,9306,6,0,57,0.4318,7,False,4,0.75,6,237.5,1.0,1.0
2014,seq-opt,transport,p19.pddl,,ok,13,48.923,63,10746,7,0,66,0.4231,8,False,4,0.7692,6,246.923,1.0,1.0
2014,seq-opt,transport,p20.pddl,,ok,13,48.923,63,10746,7,0,66,0.4231,8,False,4,0.7692,6,246.923,1.0,1.0
2014,seq-opt,visitall,p-05-10.pddl,,ok,46,4.13,100,360,45,0,90,0.0435,45,False,1,1.0,1,8.804,0.0217,0.8889
2014,seq-opt,visitall,p-05-5.pddl,,ok,18,3.278,25,80,17,0,34,0.1111,17,False,1,1.0,1,5.389,0.0556,0.8247
2014,seq-opt,visitall,p-05-6.pddl,,ok,18,3.889,36,120,17,0,34,0.1111,17,False,1,1.0,1,7.611,0.0556,0.8759
2014,seq-opt,visitall,p-05-7.pddl,,ok,24,3.958,49,168,23,0,46,0.0833,23,False,1,1.0,1,7.958,0.0417,0.8796
2014,seq-opt,visitall,p-05-8.pddl,,ok,31,4,64,224,30,0,60,0.0645,30,False,1,1.0,1,8.194,0.0323,0.8819
2014,seq-opt,visitall,p-05-9.pddl,,ok,42,3.881,81,288,41,0,82,0.0476,41,False,1,1.0,1,7.833,0.0238,0.8754
2014,seq-opt,visitall,p-1-10.pddl,,ok,100,2.98,100,360,99,0,198,0.02,99,False,1,1.0,1,4.59,0.01,0.7843
2014,seq-opt,visitall,p-1-11.pddl,,ok,121,2.983,121,440,120,0,240,0.0165,120,False,1,1.0,1,4.628,0.0083,0.7857
2014,seq-opt,visitall,p-1-12.pddl,,ok,144,2.986,144,528,143,0,286,0.0139,143,False,1,1.0,1,4.66,0.0069,0.7869
2014,seq-opt,visitall,p-1-13.pddl,,ok,169,2.988,169,624,168,0,336,0.0118,168,False,1,1.0,1,4.686,0.0059,0.7879
2014,seq-opt,visitall,p-1-14.pddl,,ok,196,2.99,196,728,195,0,390,0.0102,195,False,1,1.0,1,4.709,0.0051,0.7887
2014,seq-opt,visitall,p-1-15.pddl,,ok,225,2.991,225,840,224,0,448,0.0089,224,False,1,1.0,1,4.729,0.0044,0.7895
2014,seq-opt,visitall,p-1-16.pddl,,ok,256,2.992,256,960,255,0,510,0.0078,255,False,1,1.0,1,4.746,0.0039,0.7901
2014,seq-opt,visitall,p-1-17.pddl,,ok,289,2.993,289,1088,288,0,576,0.0069,288,False,1,1.0,1,4.761,0.0035,0.7907
2014,seq-opt,visitall,p-1-18.pddl,,ok,324,2.994,324,1224,323,0,646,0.0062,323,False,1,1.0,1,4.775,0.0031,0.7912
2014,seq-opt,visitall,p-1-5.pddl,,ok,25,2.92,25,80,24,0,48,0.08,24,False,1,1.0,1,4.16,0.04,0.7692
2014,seq-opt,visitall,p-1-6.pddl,,ok,36,2.944,36,120,35,0,70,0.0556,35,False,1,1.0,1,4.306,0.0278,0.7742
2014,seq-opt,visitall,p-1-7.pddl,,ok,49,2.959,49,168,48,0,96,0.0408,48,False,1,1.0,1,4.408,0.0204,0.7778
2014,seq-opt,visitall,p-1-8.pddl,,ok,64,2.969,64,224,63,0,126,0.0312,63,False,1,1.0,1,4.484,0.0156,0.7805
2014,seq-opt,visitall,p-1-9.pddl,,ok,81,2.975,81,288,80,0,160,0.0247,80,False,1,1.0,1,4.543,0.0123,0.7826
2014,seq-sat,barman,p1-11-4-15.pddl,,ok,353,2.088,17,2344,14,0,4236,0.0341,351,False,2,0.949,23,2.178,1.0,0.9987
2014,seq-sat,barman,p1-11-5-15.pddl,,ok,384,2.081,17,2644,14,0,4672,0.0318,382,False,2,0.9531,24,2.164,1.0,0.9988
2014,seq-sat,barman,p1-11-5-16.pddl,,ok,408,2.081,18,2814,15,0,4962,0.0299,406,False,2,0.9534,24,2.164,1.0,0.9989
2014,seq-sat,barman,p2-10-4-13.pddl,,ok,295,2.092,15,1958,12,0,3532,0.0407,293,False,2,0.9458,22,2.186,1.0,0.9984
2014,seq-sat,barman,p2-11-4-15.pddl,,ok,353,2.088,17,2344,14,0,4234,0.0341,351,False,2,0.949,23,2.178,1.0,0.9987
2014,seq-sat,barman,p2-11-5-15.pddl,,ok,384,2.081,17,2644,14,0,4672,0.0318,382,False,2,0.9531,24,2.164,1.0,0.9988
2014,seq-sat,barman,p2-11-5-16.pddl,,ok,408,2.081,18,2814,15,0,4960,0.0299,406,False,2,0.9534,24,2.164,1.0,0.9989
2014,seq-sat,barman,p2-11-5-17.pddl,,ok,432,2.081,19,2984,16,0,5256,0.0282,430,False,2,0.9537,24,2.164,1.0,0.9989
2014,seq-sat,barman,p3-10-4-13.pddl,,ok,295,2.092,15,1958,12,0,3534,0.0407,293,False,2,0.9458,22,2.186,1.0,0.9984
2014,seq-sat,barman,p3-11-4-15.pddl,,ok,353,2.088,17,2344,14,0,4234,0.0341,351,False,2,0.949,23,2.178,1.0,0.9987
2014,seq-sat,barman,p3-11-5-15.pddl,,ok,384,2.081,17,2644,14,0,4672,0.0318,382,False,2,0.9531,24,2.164,1.0,0.9988
2014,seq-sat,barman,p3-11-5-16.pddl,,ok,408,2.081,18,2814,15,0,4962,0.0299,406,False,2,0.9534,24,2.164,1.0,0.9989
2014,seq-sat,barman,p3-11-5-17.pddl,,ok,432,2.081,19,2984,16,0,5260,0.0283,430,False,2,0.9537,24,2.164,1.0,0.9989
2014,seq-sat,barman,p4-11-4-14.pddl,,ok,331,2.088,16,2194,13,0,3968,0.0363,329,False,2,0.9486,23,2.178,1.0,0.9986
2014,seq-sat,barman,p4-11-4-15.pddl,,ok,353,2.088,17,2344,14,0,4236,0.0341,351,False,2,0.949,23,2.178,1.0,0.9987
2014,seq-sat,barman,p4-11-5-15.pddl,,ok,384,2.081,17,2644,14,0,4674,0.0318,382,False,2,0.9531,24,2.164,1.0,0.9988
2014,seq-sat,barman,p5-10-4-13.pddl,,ok,295,2.092,15,1958,12,0,3530,0.0407,293,False,2,0.9458,22,2.186,1.0,0.9984
2014,seq-sat,barman,p5-11-4-15.pddl,,ok,353,2.088,17,2344,14,0,4236,0.0341,351,False,2,0.949,23,2.178,1.0,0.9987
2014,seq-sat,barman,p5-11-5-15.pddl,,ok,384,2.081,17,2644,14,0,4668,0.0317,382,False,2,0.9531,24,2.164,1.0,0.9988
2014,seq-sat,barman,p5-11-5-16.pddl,,ok,408,2.081,18,2814,15,0,4962,0.0299,406,False,2,0.9534,24,2.164,1.0,0.9989
2014,seq-sat,cavediving,testing01.pddl,,ok,177,2.311,16,4092,6,0,2766,0.0888,127,False,1,1.0,15,2.497,0.9605,0.914
2014,seq-sat,cavediving,testing01_easy.pddl,,ok,146,2.329,16,2772,5,0,2074,0.098,96,False,1,1.0,14,2.534,0.9589,0.8865
2014,seq-sat,cavediving,testing02_easy.pddl,,ok,146,2.336,16,2772,5,0,2074,0.098,96,False,1,1.0,14,2.582,0.9589,0.87
2014,seq-sat,cavediving,testing03_easy.pddl,,ok,146,2.322,16,2772,5,0,2070,0.0978,95,False,1,1.0,14,2.486,0.9589,0.9036
2014,seq-sat,cavediving,testing04_easy.pddl,,ok,146,2.336,16,2772,5,0,2078,0.0982,97,False,1,1.0,14,2.582,0.9589,0.87
2014,seq-sat,cavediving,testing05A_easy.pddl,,ok,49,2.429,8,496,3,0,436,0.1854,40,False,1,1.0,8,2.653,0.9184,0.8462
2014,seq-sat,cavediving,testing06A_easy.pddl,,ok,49,2.429,8,496,3,0,436,0.1854,40,False,1,1.0,8,2.653,0.9184,0.8462
2014,seq-sat,cavediving,testing07_easy.pddl,,ok,49,2.408,8,496,3,0,434,0.1845,39,False,1,1.0,8,2.531,0.9184,0.8871
2014,seq-sat,cavediving,testing08_easy.pddl,,ok,49,2.429,8,496,3,0,436,0.1854,40,False,1,1.0,8,2.653,0.9184,0.8462
2014,seq-sat,cavediving,testing09_easy.pddl,,ok,453,2.238,32,14160,9,0,9650,0.0471,295,False,1,1.0,23,2.433,0.9779,0.9056
2014,seq-sat,cavediving,testing10_easy.pddl,,ok,453,2.241,32,14160,9,0,9648,0.0471,295,False,1,1.0,23,2.45,0.9779,0.8991
2014,seq-sat,cavediving,testing11_easy.pddl,,ok,453,2.238,32,14160,9,0,9648,0.0471,295,False,1,1.0,23,2.433,0.9779,0.9056
2014,seq-sat,cavediving,testing12_easy.pddl,,ok,453,2.238,32,14160,9,0,9648,0.0471,295,False,1,1.0,23,2.433,0.9779,0.9056
2014,seq-sat,cavediving,testing13_easy.pddl,,ok,176,2.324,16,4092,5,0,2676,0.0869,127,False,1,1.0,16,2.608,0.9659,0.8802
2014,seq-sat,cavediving,testing14_easy.pddl,,ok,176,2.324,16,4092,5,0,2680,0.087,127,False,1,1.0,16,2.608,0.9659,0.8802
2014,seq-sat,cavediving,testing15_easy.pddl,,ok,161,2.317,16,3432,5,0,2372,0.0921,111,False,1,1.0,15,2.497,0.9627,0.9104
2014,seq-sat,cavediving,testing16_easy.pddl,,ok,176,2.318,16,4092,5,0,2672,0.0868,126,False,1,1.0,16,2.557,0.9659,0.8978
2014,seq-sat,cavediving,testing18A_easy.pddl,,ok,63,2.381,8,804,3,0,574,0.147,53,False,1,1.0,8,2.54,0.9365,0.9125
2014,seq-sat,cavediving,testing18_easy.pddl,,ok,70,2.371,9,958,3,0,644,0.1333,60,False,1,1.0,8,2.543,0.9429,0.9213
2014,seq-sat,cavediving,testing20A_easy.pddl,,ok,63,2.397,9,804,3,0,576,0.1475,54,False,1,1.0,8,2.667,0.9365,0.869
2014,seq-sat,childsnack,child-snack_pfile05-2.pddl,,ok,59,2.983,6,1973,10,0,1335,0.3901,36,False,4,0.9492,26,2.881,0.0508,0.2118
2014,seq-sat,childsnack,child-snack_pfile05.pddl,,ok,59,2.983,6,1973,10,0,1335,0.3901,36,False,4,0.9492,26,2.881,0.0508,0.2118
2014,seq-sat,childsnack,child-snack_pfile06-2.pddl,,ok,66,3,6,2631,11,0,1640,0.3823,41,False,4,0.9545,29,2.864,0.0455,0.1905
2014,seq-sat,childsnack,child-snack_pfile07-2.pddl,,ok,71,2.986,6,3220,12,0,1876,0.3775,44,False,4,0.9577,31,2.817,0.0423,0.18
2014,seq-sat,childsnack,child-snack_pfile08-2.pddl,,ok,76,2.974,6,4048,13,0,2213,0.3882,47,False,4,0.9605,34,2.776,0.0395,0.1706
2014,seq-sat,childsnack,child-snack_pfile08.pddl,,ok,76,2.974,6,4048,13,0,2213,0.3882,47,False,4,0.9605,34,2.776,0.0395,0.1706
2014,seq-sat,childsnack,child-snack_pfile09-2.pddl,,ok,83,2.988,6,5090,14,0,2600,0.382,52,False,4,0.9639,37,2.771,0.0361,0.1565
2014,seq-sat,childsnack,child-snack_pfile09.pddl,,ok,83,2.988,6,5090,14,0,2600,0.382,52,False,4,0.9639,37,2.771,0.0361,0.1565
2014,seq-sat,childsnack,child-snack_pfile10-2.pddl,,ok,88,2.977,6,6216,15,0,2995,0.3912,55,False,4,0.9659,40,2.739,0.0341,0.1494
2014,seq-sat,childsnack,child-snack_pfile10.pddl,,ok,88,2.977,6,6216,15,0,2995,0.3912,55,False,4,0.9659,40,2.739,0.0341,0.1494
2014,seq-sat,childsnack,child-snack_pfile11-2.pddl,,ok,93,2.968,6,7239,16,0,3311,0.387,58,False,4,0.9677,42,2.71,0.0323,0.1429
2014,seq-sat,childsnack,child-snack_pfile11.pddl,,ok,93,2.968,6,7239,16,0,3311,0.387,58,False,4,0.9677,42,2.71,0.0323,0.1429
2014,seq-sat,childsnack,child-snack_pfile12.pddl,,ok,101,3.218,7,9179,17,0,3820,0.3782,63,False,5,0.9604,45,3.257,0.0396,0.1459
2014,seq-sat,childsnack,child-snack_pfile13-2.pddl,,ok,106,3.208,7,10824,18,0,4296,0.386,66,False,5,0.9623,48,3.226,0.0377,0.1404
2014,seq-sat,childsnack,child-snack_pfile13.pddl,,ok,106,3.208,7,10824,18,0,4296,0.386,66,False,5,0.9623,48,3.226,0.0377,0.1404
2014,seq-sat,childsnack,child-snack_pfile14.pddl,,ok,111,3.198,7,12298,19,0,4673,0.3827,69,False,5,0.964,50,3.198,0.036,0.1352
2014,seq-sat,childsnack,child-snack_pfile15-2.pddl,,ok,116,3.19,7,14296,20,0,5196,0.3895,72,False,5,0.9655,53,3.172,0.0345,0.1304
2014,seq-sat,childsnack,child-snack_pfile16-2.pddl,,ok,123,3.203,7,16652,21,0,5782,0.3853,77,False,5,0.9675,56,3.179,0.0325,0.1228
2014,seq-sat,childsnack,child-snack_pfile19-2.pddl,,ok,140,3.2,7,24272,24,0,7488,0.3848,88,False,5,0.9714,64,3.143,0.0286,0.1091
2014,seq-sat,childsnack,child-snack_pfile19.pddl,,ok,140,3.2,7,24272,24,0,7488,0.3848,88,False,5,0.9714,64,3.143,0.0286,0.1091
2014,seq-sat,citycar,p3-2-2-0-1.pddl,,ok,218,2.128,16,1220,2,0,1956,0.0413,216,False,1,1.0,10,3.706,0.9817,0.9752
2014,seq-sat,citycar,p3-3-2-0-1.pddl,,ok,220,2.191,16,1630,3,0,2392,0.0496,217,False,1,1.0,11,4.536,0.9727,0.9699
2014,seq-sat,citycar,p3-4-2-0-1.pddl,,ok,222,2.252,16,2040,4,0,2830,0.0577,218,False,1,1.0,12,5.351,0.964,0.9663
2014,seq-sat,citycar,p3-5-2-0-1.pddl,,ok,224,2.312,16,2450,5,0,3270,0.0655,219,False,1,1.0,13,6.152,0.9554,0.9637
2014,seq-sat,citycar,p3-5-2-0-2.pddl,,ok,224,2.312,16,2450,5,0,3270,0.0655,219,False,1,1.0,13,6.152,0.9554,0.9637
2014,seq-sat,citycar,p4-2-2-0-1.pddl,,ok,530,2.083,24,3058,2,0,4826,0.0172,528,False,1,1.0,13,3.8,0.9925,0.9831
2014,seq-sat,citycar,p4-2-3-0-1.pddl,,ok,530,2.083,24,3058,2,0,4826,0.0172,528,False,1,1.0,13,3.8,0.9925,0.9831
2014,seq-sat,citycar,p4-2-3-0-2.pddl,,ok,530,2.083,24,3058,2,0,4826,0.0172,528,False,1,1.0,13,3.8,0.9925,0.9831
2014,seq-sat,citycar,p4-3-2-0-1.pddl,,ok,532,2.124,24,4083,3,0,5886,0.0208,529,False,1,1.0,14,4.69,0.9887,0.9796
2014,seq-sat,citycar,p4-3-2-0-2.pddl,,ok,532,2.124,24,4083,3,0,5886,0.0208,529,False,1,1.0,14,4.69,0.9887,0.9796
2014,seq-sat,citycar,p4-3-3-0-1.pddl,,ok,532,2.124,24,4083,3,0,5886,0.0208,529,False,1,1.0,14,4.69,0.9887,0.9796
2014,seq-sat,citycar,p4-3-3-0-2.pddl,,ok,532,2.124,24,4083,3,0,5886,0.0208,529,False,1,1.0,14,4.69,0.9887,0.9796
2014,seq-sat,citycar,p4-4-2-0-1.pddl,,ok,534,2.165,24,5108,4,0,6948,0.0244,530,False,1,1.0,15,5.573,0.985,0.9772
2014,seq-sat,citycar,p4-4-2-0-2.pddl,,ok,534,2.165,24,5108,4,0,6948,0.0244,530,False,1,1.0,15,5.573,0.985,0.9772
2014,seq-sat,citycar,p4-4-3-0-1.pddl,,ok,534,2.165,24,5108,4,0,6948,0.0244,530,False,1,1.0,15,5.573,0.985,0.9772
2014,seq-sat,citycar,p4-4-3-0-2.pddl,,ok,534,2.165,24,5108,4,0,6948,0.0244,530,False,1,1.0,15,5.573,0.985,0.9772
2014,seq-sat,citycar,p4-5-2-0-1.pddl,,ok,536,2.205,24,6133,5,0,8012,0.0279,531,False,1,1.0,16,6.45,0.9813,0.9754
2014,seq-sat,citycar,p4-5-2-0-2.pddl,,ok,536,2.205,24,6133,5,0,8012,0.0279,531,False,1,1.0,16,6.45,0.9813,0.9754
2014,seq-sat,citycar,p4-5-3-0-1.pddl,,ok,536,2.205,24,6133,5,0,8012,0.0279,531,False,1,1.0,16,6.45,0.9813,0.9754
2014,seq-sat,citycar,p4-5-3-0-2.pddl,,ok,536,2.205,24,6133,5,0,8012,0.0279,531,False,1,1.0,16,6.45,0.9813,0.9754
2014,seq-sat,floortile,p01-4-3-2.pddl,,ok,19,4.947,15,188,12,0,134,0.3918,15,False,3,0.8947,7,9.579,1.0,1.0
2014,seq-sat,floortile,p01-5-4-2.pddl,,ok,28,5.286,24,316,20,0,220,0.291,24,False,3,0.9286,8,10.714,1.0,1.0
2014,seq-sat,floortile,p01-5-5-2.pddl,,ok,34,5.412,30,400,25,0,278,0.2478,30,False,3,0.9412,9,11.176,1.0,1.0
2014,seq-sat,floortile,p01-6-4-2.pddl,,ok,32,5.375,28,376,24,0,258,0.2601,28,False,3,0.9375,8,11,1.0,1.0
2014,seq-sat,floortile,p01-6-5-2.pddl,,ok,39,5.487,35,476,30,0,326,0.22,35,False,3,0.9487,10,11.436,1.0,1.0
2014,seq-sat,floortile,p01-6-5-3.pddl,,ok,41,6.122,35,714,30,0,431,0.2628,35,False,4,0.9268,12,13.756,1.0,1.0
2014,seq-sat,floortile,p02-5-4-2.pddl,,ok,28,5.286,24,316,20,0,220,0.291,24,False,3,0.9286,8,10.714,1.0,1.0
2014,seq-sat,floortile,p02-6-4-2.pddl,,ok,32,5.375,28,376,24,0,258,0.2601,28,False,3,0.9375,8,11,1.0,1.0
2014,seq-sat,floortile,p02-6-5-2.pddl,,ok,39,5.487,35,476,30,0,326,0.22,35,False,3,0.9487,10,11.436,1.0,1.0
2014,seq-sat,floortile,p02-6-5-3.pddl,,ok,41,6.122,35,714,30,0,431,0.2628,35,False,4,0.9268,12,13.756,1.0,1.0
2014,seq-sat,floortile,p03-6-4-2.pddl,,ok,32,5.375,28,376,24,0,258,0.2601,28,False,3,0.9375,8,11,1.0,1.0
2014,seq-sat,floortile,p03-6-5-2.pddl,,ok,39,5.487,35,476,30,0,326,0.22,35,False,3,0.9487,10,11.436,1.0,1.0
2014,seq-sat,floortile,p03-6-5-3.pddl,,ok,41,6.122,35,714,30,0,431,0.2628,35,False,4,0.9268,12,13.756,1.0,1.0
2014,seq-sat,floortile,p04-5-4-2.pddl,,ok,28,5.286,24,316,20,0,220,0.291,24,False,3,0.9286,8,10.714,1.0,1.0
2014,seq-sat,floortile,p04-5-5-2.pddl,,ok,34,5.412,30,400,25,0,278,0.2478,30,False,3,0.9412,9,11.176,1.0,1.0
2014,seq-sat,floortile,p04-6-5-2.pddl,,ok,39,5.487,35,476,30,0,326,0.22,35,False,3,0.9487,10,11.436,1.0,1.0
2014,seq-sat,floortile,p04-6-5-3.pddl,,ok,41,6.122,35,714,30,0,431,0.2628,35,False,4,0.9268,12,13.756,1.0,1.0
2014,seq-sat,floortile,p05-4-3-2.pddl,,ok,19,4.947,15,188,12,0,134,0.3918,15,False,3,0.8947,7,9.579,1.0,1.0
2014,seq-sat,floortile,p05-6-5-2.pddl,,ok,39,5.487,35,476,30,0,326,0.22,35,False,3,0.9487,10,11.436,1.0,1.0
2014,seq-sat,floortile,p05-6-5-3.pddl,,ok,41,6.122,35,714,30,0,431,0.2628,35,False,4,0.9268,12,13.756,1.0,1.0
2014,seq-sat,ged,d-10-1.pddl,,ok,38,20.421,58,4828,34,0,556,0.3954,37,False,1,1.0,20,346.5,1.0,0.5992
2014,seq-sat,ged,d-10-2.pddl,,ok,38,20.421,58,4828,34,0,556,0.3954,37,False,1,1.0,20,346.5,1.0,0.5992
2014,seq-sat,ged,d-10-3.pddl,,ok,40,21.425,61,5418,36,0,606,0.3885,39,False,1,1.0,21,384.975,1.0,0.5951
2014,seq-sat,ged,d-10-4.pddl,,ok,38,20.421,58,4828,34,0,556,0.3954,37,False,1,1.0,20,346.5,1.0,0.5992
2014,seq-sat,ged,d-10-5.pddl,,ok,46,24.435,70,7392,42,0,768,0.371,45,False,1,1.0,24,512.413,1.0,0.5845
2014,seq-sat,ged,d-10-6.pddl,,ok,46,24.435,70,7392,42,0,768,0.371,45,False,1,1.0,24,512.413,1.0,0.5845
2014,seq-sat,ged,d-11-1.pddl,,ok,40,21.425,61,5418,36,0,606,0.3885,39,False,1,1.0,21,384.975,1.0,0.5951
2014,seq-sat,ged,d-11-3.pddl,,ok,40,21.425,61,5418,36,0,606,0.3885,39,False,1,1.0,21,384.975,1.0,0.5951
2014,seq-sat,ged,d-11-5.pddl,,ok,44,23.432,67,6700,40,0,712,0.3763,43,False,1,1.0,23,467.932,1.0,0.5878
2014,seq-sat,ged,d-11-6.pddl,,ok,42,22.429,64,6042,38,0,658,0.3821,41,False,1,1.0,22,425.452,1.0,0.5913
2014,seq-sat,ged,d-12-11.pddl,,ok,42,22.429,64,6042,38,0,658,0.3821,41,False,1,1.0,22,425.452,1.0,0.5913
2014,seq-sat,ged,d-12-2.pddl,,ok,50,26.44,76,8878,46,0,886,0.3616,49,False,1,1.0,26,607.38,1.0,0.5787
2014,seq-sat,ged,d-12-3.pddl,,ok,52,27.442,79,9672,48,0,948,0.3575,51,False,1,1.0,27,657.865,1.0,0.576
2014,seq-sat,ged,d-12-5.pddl,,ok,54,28.444,82,10500,50,0,1012,0.3536,53,False,1,1.0,28,710.352,1.0,0.5736
2014,seq-sat,ged,d-12-6.pddl,,ok,50,26.44,76,8878,46,0,886,0.3616,49,False,1,1.0,26,607.38,1.0,0.5787
2014,seq-sat,ged,d-12-7.pddl,,ok,52,27.442,79,9672,48,0,948,0.3575,51,False,1,1.0,27,657.865,1.0,0.576
2014,seq-sat,ged,d-12-8.pddl,,ok,56,29.446,85,11362,52,0,1078,0.35,55,False,1,1.0,29,764.839,1.0,0.5713
2014,seq-sat,ged,d-12-9.pddl,,ok,56,29.446,85,11362,52,0,1078,0.35,55,False,1,1.0,29,764.839,1.0,0.5713
2014,seq-sat,ged,d-3-6.pddl,,ok,40,21.425,61,5418,36,0,606,0.3885,39,False,1,1.0,21,384.975,1.0,0.5951
2014,seq-sat,ged,d-9-5.pddl,,ok,42,22.429,64,6042,38,0,658,0.3821,41,False,1,1.0,22,425.452,1.0,0.5913
2014,seq-sat,hiking,ptesting-1-2-7.pddl,,ok,7,6.286,7,706,1,0,32,0.7619,6,False,1,1.0,4,31.143,0.8571,0.9725
2014,seq-sat,hiking,ptesting-1-2-8.pddl,,ok,7,7.143,8,935,1,0,32,0.7619,6,False,1,1.0,4,41.286,0.8571,0.9758
2014,seq-sat,hiking,ptesting-2-2-6.pddl,,ok,12,5.333,6,2996,2,0,92,0.697,10,False,1,1.0,8,21.167,0.8333,0.9606
2014,seq-sat,hiking,ptesting-2-2-7.pddl,,ok,12,6.167,7,4168,2,0,92,0.697,10,False,1,1.0,8,29.333,0.8333,0.9659
2014,seq-sat,hiking,ptesting-2-2-8.pddl,,ok,12,7,8,5532,2,0,92,0.697,10,False,1,1.0,8,38.833,0.8333,0.97
2014,seq-sat,hiking,ptesting-2-3-6.pddl,,ok,13,5.385,6,4436,2,0,106,0.6795,11,False,1,1.0,8,21.846,0.8462,0.9648
2014,seq-sat,hiking,ptesting-2-3-7.pddl,,ok,13,6.231,7,6184,2,0,106,0.6795,11,False,1,1.0,8,30.308,0.8462,0.9695
2014,seq-sat,hiking,ptesting-2-3-8.pddl,,ok,13,7.077,8,8220,2,0,106,0.6795,11,False,1,1.0,8,40.154,0.8462,0.9732
2014,seq-sat,hiking,ptesting-2-4-5.pddl,,ok,14,4.571,5,3936,2,0,120,0.6593,12,False,1,1.0,8,15.143,0.8571,0.9623
2014,seq-sat,hiking,ptesting-2-4-6.pddl,,ok,14,5.429,6,5876,2,0,120,0.6593,12,False,1,1.0,8,22.429,0.8571,0.9682
2014,seq-sat,hiking,ptesting-2-4-7.pddl,,ok,14,6.286,7,8200,2,0,120,0.6593,12,False,1,1.0,8,31.143,0.8571,0.9725
2014,seq-sat,hiking,ptesting-2-4-8.pddl,,ok,14,7.143,8,10908,2,0,120,0.6593,12,False,1,1.0,8,41.286,0.8571,0.9758
2014,seq-sat,hiking,ptesting-3-3-5.pddl,,ok,18,4.5,5,8856,3,0,201,0.6569,15,False,1,1.0,12,14.333,0.8333,0.9535
2014,seq-sat,hiking,ptesting-3-3-6.pddl,,ok,18,5.333,6,13221,3,0,201,0.6569,15,False,1,1.0,12,21.167,0.8333,0.9606
2014,seq-sat,hiking,ptesting-3-3-7.pddl,,ok,18,6.167,7,18450,3,0,201,0.6569,15,False,1,1.0,12,29.333,0.8333,0.9659
2014,seq-sat,hiking,ptesting-3-3-8.pddl,,ok,18,7,8,24543,3,0,201,0.6569,15,False,1,1.0,12,38.833,0.8333,0.97
2014,seq-sat,hiking,ptesting-3-4-5.pddl,,ok,19,4.526,5,11736,3,0,222,0.6491,16,False,1,1.0,12,14.632,0.8421,0.9568
2014,seq-sat,hiking,ptesting-3-4-6.pddl,,ok,19,5.368,6,17541,3,0,222,0.6491,16,False,1,1.0,12,21.632,0.8421,0.9635
2014,seq-sat,hiking,ptesting-3-4-7.pddl,,ok,19,6.211,7,24498,3,0,222,0.6491,16,False,1,1.0,12,30,0.8421,0.9684
2014,seq-sat,hiking,ptesting-3-4-8.pddl,,ok,19,7.053,8,32607,3,0,222,0.6491,16,False,1,1.0,12,39.737,0.8421,0.9722
2014,seq-sat,maintenance,maintenance.1.3.060.180.5-000.pddl,,ok,240,2,2,180,180,0,5968,0.104,43,False,1,1.0,159,1,0.0,0.0
2014,seq-sat,maintenance,maintenance.1.3.060.180.5-001.pddl,,ok,240,2,2,180,180,0,6066,0.1058,46,False,1,1.0,158,1,0.0,0.0
2014,seq-sat,maintenance,maintenance.1.3.060.180.5-002.pddl,,ok,240,2,2,180,180,0,5880,0.1025,42,False,1,1.0,158,1,0.0,0.0
2014,seq-sat,maintenance,maintenance.1.3.100.300.5-000.pddl,,ok,400,2,2,300,300,0,10168,0.0637,44,False,1,1.0,266,1,0.0,0.0
2014,seq-sat,maintenance,maintenance.1.3.100.300.5-001.pddl,,ok,400,2,2,300,300,0,10184,0.0638,42,False,1,1.0,263,1,0.0,0.0
2014,seq-sat,maintenance,maintenance.1.3.100.300.7-000.pddl,,ok,400,2,2,300,300,0,17720,0.111,72,False,1,1.0,275,1,0.0,0.0
2014,seq-sat,maintenance,maintenance.1.3.100.300.7-001.pddl,,ok,400,2,2,300,300,0,17682,0.1108,70,False,1,1.0,276,1,0.0,0.0
2014,seq-sat,maintenance,maintenance.1.3.100.300.7-002.pddl,,ok,400,2,2,300,300,0,17752,0.1112,72,False,1,1.0,277,1,0.0,0.0
2014,seq-sat,maintenance,maintenance.1.3.150.500.6-001.pddl,,ok,650,2,2,450,500,0,25548,0.0606,63,False,1,1.0,457,1,0.0,0.0
2014,seq-sat,maintenance,maintenance.1.3.200.500.5-001.pddl,,ok,700,2,2,600,500,0,15196,0.0311,37,False,1,1.0,427,1,0.0,0.0
2014,seq-sat,maintenance,maintenance.1.3.200.500.5-002.pddl,,ok,700,2,2,600,500,0,15148,0.031,40,False,1,1.0,431,1,0.0,0.0
2014,seq-sat,maintenance,maintenance.1.3.200.700.7-000.pddl,,ok,900,2,2,600,700,0,48052,0.0594,85,False,1,1.0,656,1,0.0,0.0
2014,seq-sat,maintenance,maintenance.1.3.200.700.7-001.pddl,,ok,900,2,2,600,700,0,48156,0.0595,83,False,1,1.0,660,1,0.0,0.0
2014,seq-sat,maintenance,maintenance.1.3.200.700.7-002.pddl,,ok,900,2,2,600,700,0,47980,0.0593,85,False,1,1.0,662,1,0.0,0.0
2014,seq-sat,maintenance,maintenance.1.3.200.900.5-000.pddl,,ok,1100,2,2,600,900,0,41966,0.0347,65,False,1,1.0,827,1,0.0,0.0
2014,seq-sat,maintenance,maintenance.1.3.200.900.5-001.pddl,,ok,1100,2,2,600,900,0,42368,0.035,66,False,1,1.0,824,1,0.0,0.0
2014,seq-sat,maintenance,maintenance.1.3.200.900.5-002.pddl,,ok,1100,2,2,600,900,0,42042,0.0348,62,False,1,1.0,822,1,0.0,0.0
2014,seq-sat,maintenance,maintenance.1.3.200.900.8-000.pddl,,ok,1100,2,2,600,900,0,96162,0.0795,125,False,1,1.0,863,1,0.0,0.0
2014,seq-sat,maintenance,maintenance.1.3.200.900.8-001.pddl,,ok,1100,2,2,600,900,0,95736,0.0792,125,False,1,1.0,869,1,0.0,0.0
2014,seq-sat,maintenance,maintenance.1.3.200.900.8-002.pddl,,ok,1100,2,2,600,900,0,96272,0.0796,127,False,1,1.0,865,1,0.0,0.0
2014,seq-sat,openstacks,p170_2.pddl,,ok,341,2.994,171,58140,170,0,1576,0.0136,340,False,1,1.0,48,2.493,0.0029,0.4
2014,seq-sat,openstacks,p170_3.pddl,,ok,341,2.994,171,58140,170,0,3372,0.0291,340,False,1,1.0,133,2.493,0.0029,0.4
2014,seq-sat,openstacks,p190_1.pddl,,ok,381,2.995,191,72580,190,0,1634,0.0113,380,False,1,1.0,38,2.493,0.0026,0.4
2014,seq-sat,openstacks,p190_2.pddl,,ok,381,2.995,191,72580,190,0,1880,0.013,380,False,1,1.0,61,2.493,0.0026,0.4
2014,seq-sat,openstacks,p190_3.pddl,,ok,381,2.995,191,72580,190,0,4002,0.0276,380,False,1,1.0,164,2.493,0.0026,0.4
2014,seq-sat,openstacks,p210_1.pddl,,ok,421,2.995,211,88620,210,0,1814,0.0103,420,False,1,1.0,46,2.494,0.0024,0.4
2014,seq-sat,openstacks,p210_2.pddl,,ok,421,2.995,211,88620,210,0,2008,0.0114,420,False,1,1.0,66,2.494,0.0024,0.4
2014,seq-sat,openstacks,p210_3.pddl,,ok,421,2.995,211,88620,210,0,4740,0.0268,420,False,1,1.0,203,2.494,0.0024,0.4
2014,seq-sat,openstacks,p230_1.pddl,,ok,461,2.996,231,106260,230,0,1938,0.0091,460,False,1,1.0,47,2.495,0.0022,0.4
2014,seq-sat,openstacks,p230_2.pddl,,ok,461,2.996,231,106260,230,0,2446,0.0115,460,False,1,1.0,93,2.495,0.0022,0.4
2014,seq-sat,openstacks,p230_3.pddl,,ok,461,2.996,231,106260,230,0,5430,0.0256,460,False,1,1.0,224,2.495,0.0022,0.4
2014,seq-sat,openstacks,p250_1.pddl,,ok,501,2.996,251,125500,250,0,2304,0.0092,500,False,1,1.0,65,2.495,0.002,0.4
2014,seq-sat,openstacks,p250_2.pddl,,ok,501,2.996,251,125500,250,0,2662,0.0106,500,False,1,1.0,102,2.495,0.002,0.4
2014,seq-sat,openstacks,p250_3.pddl,,ok,501,2.996,251,125500,250,0,6248,0.0249,500,False,1,1.0,254,2.495,0.002,0.4
2014,seq-sat,openstacks,p270_1.pddl,,ok,541,2.996,271,146340,270,0,2702,0.0092,540,False,1,1.0,86,2.495,0.0018,0.4
2014,seq-sat,openstacks,p270_2.pddl,,ok,541,2.996,271,146340,270,0,3118,0.0107,540,False,1,1.0,129,2.495,0.0018,0.4
2014,seq-sat,openstacks,p270_3.pddl,,ok,541,2.996,271,146340,270,0,6816,0.0233,540,False,1,1.0,265,2.495,0.0018,0.4
2014,seq-sat,openstacks,p290_1.pddl,,ok,581,2.997,291,168780,290,0,2884,0.0086,580,False,1,1.0,103,2.496,0.0017,0.4
2014,seq-sat,openstacks,p290_2.pddl,,ok,581,2.997,291,168780,290,0,3552,0.0105,580,False,1,1.0,144,2.496,0.0017,0.4
2014,seq-sat,openstacks,p290_3.pddl,,ok,581,2.997,291,168780,290,0,7578,0.0225,580,False,1,1.0,310,2.496,0.0017,0.4
2014,seq-sat,parking,p_28_2.pddl,,ok,99,13.596,43,49392,28,0,8190,0.8442,98,False,1,1.0,71,500.343,0.7172,0.9763
2014,seq-sat,parking,p_28_3.pddl,,ok,99,13.596,43,49392,28,0,8190,0.8442,98,False,1,1.0,71,500.343,0.7172,0.9763
2014,seq-sat,parking,p_30_1.pddl,,ok,106,14.453,46,60750,30,0,9390,0.8437,105,False,1,1.0,76,574.547,0.717,0.9778
2014,seq-sat,parking,p_30_2.pddl,,ok,106,14.453,46,60750,30,0,9390,0.8437,105,False,1,1.0,76,574.547,0.717,0.9778
2014,seq-sat,parking,p_30_3.pddl,,ok,106,14.453,46,60750,30,0,9390,0.8437,105,False,1,1.0,76,574.547,0.717,0.9778
2014,seq-sat,parking,p_32_1.pddl,,ok,113,15.31,49,73728,32,0,10672,0.8432,112,False,1,1.0,81,653.894,0.7168,0.9792
2014,seq-sat,parking,p_32_2.pddl,,ok,113,15.31,49,73728,32,0,10672,0.8432,112,False,1,1.0,81,653.894,0.7168,0.9792
2014,seq-sat,parking,p_32_3.pddl,,ok,113,15.31,49,73728,32,0,10672,0.8432,112,False,1,1.0,81,653.894,0.7168,0.9792
2014,seq-sat,parking,p_34_1.pddl,,ok,120,16.167,52,88434,34,0,12036,0.8429,119,False,1,1.0,86,738.383,0.7167,0.9804
2014,seq-sat,parking,p_34_2.pddl,,ok,120,16.167,52,88434,34,0,12036,0.8429,119,False,1,1.0,86,738.383,0.7167,0.9804
2014,seq-sat,parking,p_34_3.pddl,,ok,120,16.167,52,88434,34,0,12036,0.8429,119,False,1,1.0,86,738.383,0.7167,0.9804
2014,seq-sat,parking,p_36_1.pddl,,ok,127,17.024,55,104976,36,0,13482,0.8425,126,False,1,1.0,91,828.016,0.7165,0.9815
2014,seq-sat,parking,p_36_2.pddl,,ok,127,17.024,55,104976,36,0,13482,0.8425,126,False,1,1.0,91,828.016,0.7165,0.9815
2014,seq-sat,parking,p_36_3.pddl,,ok,127,17.024,55,104976,36,0,13482,0.8425,126,False,1,1.0,91,828.016,0.7165,0.9815
2014,seq-sat,parking,p_38_1.pddl,,ok,134,17.881,58,123462,38,0,15010,0.8422,133,False,1,1.0,96,922.791,0.7164,0.9825
2014,seq-sat,parking,p_38_2.pddl,,ok,134,17.881,58,123462,38,0,15010,0.8422,133,False,1,1.0,96,922.791,0.7164,0.9825
2014,seq-sat,parking,p_38_3.pddl,,ok,134,17.881,58,123462,38,0,15010,0.8422,133,False,1,1.0,96,922.791,0.7164,0.9825
2014,seq-sat,parking,p_40_1.pddl,,ok,141,18.738,61,144000,40,0,16620,0.8419,140,False,1,1.0,101,1022.709,0.7163,0.9834
2014,seq-sat,parking,p_40_2.pddl,,ok,141,18.738,61,144000,40,0,16620,0.8419,140,False,1,1.0,101,1022.709,0.7163,0.9834
2014,seq-sat,parking,p_40_3.pddl,,ok,141,18.738,61,144000,40,0,16620,0.8419,140,False,1,1.0,101,1022.709,0.7163,0.9834
2014,seq-sat,tetris,p020.pddl,,ok,889,2.043,40,9456,20,0,23188,0.0294,242,False,1,1.0,111,2.146,1.0,1.0
2014,seq-sat,tetris,p021.pddl,,ok,2345,2.02,48,31792,24,0,68004,0.0124,536,False,1,1.0,149,2.067,1.0,1.0
2014,seq-sat,tetris,p022.pddl,,ok,1476,2.125,48,21360,24,0,43796,0.0201,347,False,1,1.0,134,2.428,1.0,1.0
2014,seq-sat,tetris,p023.pddl,,ok,1636,2.112,48,21912,24,0,46948,0.0176,377,False,1,1.0,128,2.386,1.0,1.0
2014,seq-sat,tetris,p024.pddl,,ok,1870,2.148,48,30936,24,0,59028,0.0169,451,False,1,1.0,128,2.507,1.0,1.0
2014,seq-sat,tetris,p025.pddl,,ok,1084,2.17,48,12104,24,0,28756,0.0245,245,False,1,1.0,126,2.583,1.0,1.0
2014,seq-sat,tetris,p026.pddl,,ok,3364,2.055,48,59488,24,0,110260,0.0097,815,False,1,1.0,135,2.188,1.0,1.0
2014,seq-sat,tetris,p027.pddl,,ok,2973,2.077,48,50392,24,0,95316,0.0108,714,False,1,1.0,146,2.266,1.0,1.0
2014,seq-sat,tetris,p028.pddl,,ok,2580,2.071,48,40976,24,0,80180,0.0121,611,False,1,1.0,130,2.245,1.0,1.0
2014,seq-sat,tetris,p029.pddl,,ok,1246,2.222,48,12976,24,0,32100,0.0207,277,False,1,1.0,126,2.761,1.0,1.0
2014,seq-sat,tetris,p031.pddl,,ok,4160,2.052,56,71292,28,0,134656,0.0078,845,False,1,1.0,142,2.179,1.0,1.0
2014,seq-sat,tetris,p032.pddl,,ok,1741,2.155,56,25540,28,0,52076,0.0172,348,False,1,1.0,142,2.534,1.0,1.0
2014,seq-sat,tetris,p033.pddl,,ok,3882,2.028,56,60572,28,0,120276,0.008,771,False,1,1.0,152,2.096,1.0,1.0
2014,seq-sat,tetris,p034.pddl,,ok,3880,2,2,60196,28,0,120052,0.008,769,False,1,1.0,152,2,1.0,1.0
2014,seq-sat,tetris,p035.pddl,,ok,3970,2.027,56,70264,28,0,130708,0.0083,813,False,1,1.0,142,2.094,1.0,1.0
2014,seq-sat,tetris,p036.pddl,,ok,3318,2.033,56,58616,28,0,109104,0.0099,681,False,1,1.0,139,2.112,1.0,1.0
2014,seq-sat,tetris,p037.pddl,,ok,1840,2.117,56,16312,28,0,45256,0.0134,335,False,1,1.0,134,2.404,1.0,1.0
2014,seq-sat,tetris,p038.pddl,,ok,3044,2.071,56,48648,28,0,95172,0.0103,611,False,1,1.0,136,2.244,1.0,1.0
2014,seq-sat,tetris,p039.pddl,,ok,4160,2.052,56,71292,28,0,134656,0.0078,845,False,1,1.0,142,2.179,1.0,1.0
2014,seq-sat,tetris,p040.pddl,,ok,3234,2.1,56,49676,28,0,99120,0.0095,643,False,1,1.0,136,2.345,1.0,1.0
2014,seq-sat,thoughtful,bootstrap-typed-01.pddl,,ok,119,2.555,11,1038,4,0,2926,0.2084,68,False,1,1.0,36,4.891,0.7899,0.488
2014,seq-sat,thoughtful,bootstrap-typed-02.pddl,,ok,120,2.55,11,1023,4,0,2897,0.2029,64,False,1,1.0,35,4.85,0.775,0.4845
2014,seq-sat,thoughtful,bootstrap-typed-03.pddl,,ok,122,2.541,11,1014,4,0,2964,0.2008,62,False,1,1.0,36,4.803,0.7787,0.4881
2014,seq-sat,thoughtful,bootstrap-typed-04.pddl,,ok,118,2.559,11,1064,4,0,2756,0.1996,62,False,1,1.0,33,4.907,0.7797,0.4836
2014,seq-sat,thoughtful,bootstrap-typed-05.pddl,,ok,116,2.569,11,943,4,0,2844,0.2132,60,False,1,1.0,36,4.974,0.7931,0.4853
2014,seq-sat,thoughtful,p11_6_53-typed.pddl,,ok,286,3.056,24,9237,4,0,10236,0.1256,158,False,1,1.0,86,12.629,0.8252,0.2735
2014,seq-sat,thoughtful,p11_6_59-typed.pddl,,ok,284,3.063,24,8563,4,0,10202,0.1269,153,False,1,1.0,87,12.708,0.8275,0.2732
2014,seq-sat,thoughtful,p11_6_62-typed.pddl,,ok,288,3.049,24,9229,4,0,10430,0.1262,153,False,1,1.0,82,12.556,0.8264,0.2743
2014,seq-sat,thoughtful,p13_7_78-typed.pddl,,ok,344,2.953,25,10384,4,0,12480,0.1058,167,False,1,1.0,92,11.892,0.8285,0.2772
2014,seq-sat,thoughtful,p13_7_79-typed.pddl,,ok,340,2.965,25,10058,4,0,12380,0.1074,172,False,1,1.0,89,12.018,0.8353,0.277
2014,seq-sat,thoughtful,p13_7_86-typed.pddl,,ok,340,2.965,25,10241,4,0,12138,0.1053,161,False,1,1.0,82,12.018,0.8353,0.277
2014,seq-sat,thoughtful,target-typed-20.pddl,,ok,343,2.956,25,9925,4,0,12240,0.1043,164,False,1,1.0,85,11.924,0.8309,0.2773
2014,seq-sat,thoughtful,target-typed-21.pddl,,ok,344,2.953,25,10509,4,0,12412,0.1052,164,False,1,1.0,88,11.898,0.8343,0.278
2014,seq-sat,thoughtful,target-typed-22.pddl,,ok,340,2.965,25,9577,4,0,11980,0.1039,162,False,1,1.0,83,12.018,0.8353,0.277
2014,seq-sat,thoughtful,target-typed-23.pddl,,ok,345,2.951,25,9951,4,0,12140,0.1023,165,False,1,1.0,88,11.864,0.829,0.2775
2014,seq-sat,thoughtful,target-typed-24.pddl,,ok,343,2.956,25,9069,4,0,12110,0.1032,162,False,1,1.0,98,11.927,0.8338,0.2777
2014,seq-sat,thoughtful,target-typed-25.pddl,,ok,342,2.959,25,10887,4,0,11910,0.1021,162,False,1,1.0,85,11.95,0.8275,0.2765
2014,seq-sat,thoughtful,target-typed-26.pddl,,ok,343,2.956,25,9249,4,0,12270,0.1046,161,False,1,1.0,88,11.927,0.8338,0.2777
2014,seq-sat,thoughtful,target-typed-27.pddl,,ok,343,2.956,25,9457,4,0,12359,0.1054,164,False,1,1.0,92,11.927,0.8338,0.2777
2014,seq-sat,thoughtful,target-typed-28.pddl,,ok,341,2.962,25,9196,4,0,12172,0.105,161,False,1,1.0,96,11.988,0.8358,0.2774
2014,seq-sat,transport,p01.pddl,,ok,33,47.576,54,40800,25,0,304,0.2879,26,False,5,0.8788,8,328.242,1.0,1.0
2014,seq-sat,transport,p02.pddl,,ok,38,51.105,57,51728,30,0,364,0.2589,31,False,5,0.8947,8,357.895,1.0,1.0
2014,seq-sat,transport,p03.pddl,,ok,33,50.212,57,43248,25,0,304,0.2879,26,False,5,0.8788,8,347.879,1.0,1.0
2014,seq-sat,transport,p04.pddl,,ok,33,123.152,140,110848,25,0,304,0.2879,26,False,5,0.8788,8,887.273,1.0,1.0
2014,seq-sat,transport,p05.pddl,,ok,38,123.579,138,130784,30,0,364,0.2589,31,False,5,0.8947,8,903.579,1.0,1.0
2014,seq-sat,transport,p06.pddl,,ok,33,123.152,140,110848,25,0,304,0.2879,26,False,5,0.8788,8,887.273,1.0,1.0
2014,seq-sat,transport,p07.pddl,,ok,33,182.909,208,166256,25,0,304,0.2879,26,False,5,0.8788,8,1329.939,1.0,1.0
2014,seq-sat,transport,p08.pddl,,ok,38,183.526,205,196144,30,0,364,0.2589,31,False,5,0.8947,8,1354.105,1.0,1.0
2014,seq-sat,transport,p09.pddl,,ok,33,182.909,208,166256,25,0,304,0.2879,26,False,5,0.8788,8,1329.939,1.0,1.0
2014,seq-sat,transport,p10.pddl,,ok,33,177.636,202,161576,25,0,304,0.2879,26,False,5,0.8788,8,1297.212,1.0,1.0
2014,seq-sat,transport,p11.pddl,,ok,35,55.714,65,61190,25,0,380,0.3193,26,False,6,0.8571,10,463.714,1.0,1.0
2014,seq-sat,transport,p12.pddl,,ok,38,60.053,67,61496,30,0,364,0.2589,31,False,5,0.8947,8,425.474,1.0,1.0
2014,seq-sat,transport,p13.pddl,,ok,31,59.806,66,38562,25,0,228,0.2452,26,False,4,0.9032,6,330.194,1.0,1.0
2014,seq-sat,transport,p14.pddl,,ok,35,107.143,125,122270,25,0,380,0.3193,26,False,6,0.8571,10,923.143,1.0,1.0
2014,seq-sat,transport,p15.pddl,,ok,38,114.632,128,121040,30,0,364,0.2589,31,False,5,0.8947,8,836.632,1.0,1.0
2014,seq-sat,transport,p16.pddl,,ok,31,114.903,127,75900,25,0,228,0.2452,26,False,4,0.9032,6,649.161,1.0,1.0
2014,seq-sat,transport,p17.pddl,,ok,35,158.571,185,183480,25,0,380,0.3193,26,False,6,0.8571,10,1386.286,1.0,1.0
2014,seq-sat,transport,p18.pddl,,ok,38,172.789,193,184496,30,0,364,0.2589,31,False,5,0.8947,8,1274.947,1.0,1.0
2014,seq-sat,transport,p19.pddl,,ok,31,173.613,192,115692,25,0,228,0.2452,26,False,4,0.9032,6,989.226,1.0,1.0
2014,seq-sat,transport,p20.pddl,,ok,35,174,203,201970,25,0,380,0.3193,26,False,6,0.8571,10,1528.857,1.0,1.0
2014,seq-sat,visitall,pfile30.pddl,,ok,900,2.998,900,3480,899,0,1798,0.0022,899,False,1,1.0,1,4.866,0.0011,0.7947
2014,seq-sat,visitall,pfile31.pddl,,ok,961,2.998,961,3720,960,0,1920,0.0021,960,False,1,1.0,1,4.87,0.001,0.7949
2014,seq-sat,visitall,pfile32.pddl,,ok,1024,2.998,1024,3968,1023,0,2046,0.002,1023,False,1,1.0,1,4.874,0.001,0.795
2014,seq-sat,visitall,pfile33.pddl,,ok,1089,2.998,1089,4224,1088,0,2176,0.0018,1088,False,1,1.0,1,4.878,0.0009,0.7952
2014,seq-sat,visitall,pfile50.pddl,,ok,2500,2.999,2500,9800,2499,0,4998,0.0008,2499,False,1,1.0,1,4.92,0.0004,0.7968
2014,seq-sat,visitall,pfile51.pddl,,ok,2601,2.999,2601,10200,2600,0,5200,0.0008,2600,False,1,1.0,1,4.921,0.0004,0.7969
2014,seq-sat,visitall,pfile52.pddl,,ok,2704,2.999,2704,10608,2703,0,5406,0.0007,2703,False,1,1.0,1,4.923,0.0004,0.7969
2014,seq-sat,visitall,pfile53.pddl,,ok,2809,2.999,2809,11024,2808,0,5616,0.0007,2808,False,1,1.0,1,4.924,0.0004,0.797
2014,seq-sat,visitall,pfile54.pddl,,ok,2916,2.999,2916,11448,2915,0,5830,0.0007,2915,False,1,1.0,1,4.926,0.0003,0.797
2014,seq-sat,visitall,pfile55.pddl,,ok,3025,2.999,3025,11880,3024,0,6048,0.0007,3024,False,1,1.0,1,4.927,0.0003,0.7971
2014,seq-sat,visitall,pfile56.pddl,,ok,3136,2.999,3136,12320,3135,0,6270,0.0006,3135,False,1,1.0,1,4.928,0.0003,0.7972
2014,seq-sat,visitall,pfile57.pddl,,ok,3249,2.999,3249,12768,3248,0,6496,0.0006,3248,False,1,1.0,1,4.93,0.0003,0.7972
2014,seq-sat,visitall,pfile58.pddl,,ok,3364,2.999,3364,13224,3363,0,6726,0.0006,3363,False,1,1.0,1,4.931,0.0003,0.7973
2014,seq-sat,visitall,pfile59.pddl,,ok,3481,2.999,3481,13688,3480,0,6960,0.0006,3480,False,1,1.0,1,4.932,0.0003,0.7973
2014,seq-sat,visitall,pfile60.pddl,,ok,3600,2.999,3600,14160,3599,0,7198,0.0006,3599,False,1,1.0,1,4.933,0.0003,0.7973
2014,seq-sat,visitall,pfile61.pddl,,ok,3721,2.999,3721,14640,3720,0,7440,0.0005,3720,False,1,1.0,1,4.934,0.0003,0.7974
2014,seq-sat,visitall,pfile62.pddl,,ok,3844,2.999,3844,15128,3843,0,7686,0.0005,3843,False,1,1.0,1,4.935,0.0003,0.7974
2014,seq-sat,visitall,pfile63.pddl,,ok,3969,2.999,3969,15624,3968,0,7936,0.0005,3968,False,1,1.0,1,4.936,0.0003,0.7975
2014,seq-sat,visitall,pfile64.pddl,,ok,4096,3.0,4096,16128,4095,0,8190,0.0005,4095,False,1,1.0,1,4.937,0.0002,0.7975
2014,seq-sat,visitall,pfile65.pddl,,ok,4225,3.0,4225,16640,4224,0,8448,0.0005,4224,False,1,1.0,1,4.938,0.0002,0.7975
2018,seq-opt,agricola,p01.pddl,,ok,93,2.247,17,23763,1,0,1812,0.2118,67,False,1,1.0,34,3.108,0.7204,0.5398
2018,seq-opt,agricola,p02.pddl,,ok,94,2.309,17,39319,1,0,1841,0.2106,68,False,1,1.0,37,3.298,0.7128,0.5032
2018,seq-opt,agricola,p03.pddl,,ok,95,2.389,17,59407,1,0,1862,0.2085,69,False,1,1.0,35,3.463,0.7053,0.4742
2018,seq-opt,agricola,p04.pddl,,ok,103,2.233,17,29439,1,0,2137,0.2034,73,False,1,1.0,40,3,0.7379,0.5631
2018,seq-opt,agricola,p05.pddl,,ok,104,2.288,17,48179,1,0,2175,0.203,74,False,1,1.0,39,3.173,0.7308,0.5273
2018,seq-opt,agricola,p06.pddl,,ok,105,2.362,17,72335,1,0,2183,0.1999,75,False,1,1.0,36,3.324,0.7238,0.4986
2018,seq-opt,agricola,p07.pddl,,ok,114,2.219,17,36429,1,0,2559,0.1986,79,False,1,1.0,42,2.895,0.7456,0.5818
2018,seq-opt,agricola,p08.pddl,,ok,115,2.27,17,58457,1,0,2567,0.1958,80,False,1,1.0,38,3.052,0.7391,0.547
2018,seq-opt,agricola,p09.pddl,,ok,116,2.336,17,86753,1,0,2609,0.1956,81,False,1,1.0,38,3.19,0.7328,0.5189
2018,seq-opt,agricola,p10.pddl,,ok,121,2.215,17,40750,1,0,2823,0.1944,83,False,1,1.0,46,2.843,0.7521,0.593
2018,seq-opt,agricola,p11.pddl,,ok,122,2.262,17,64487,1,0,2829,0.1916,84,False,1,1.0,45,2.992,0.7459,0.5589
2018,seq-opt,agricola,p12.pddl,,ok,123,2.325,17,94898,1,0,2855,0.1903,85,False,1,1.0,45,3.122,0.7398,0.5312
2018,seq-opt,agricola,p13.pddl,,ok,128,2.211,17,45401,1,0,3081,0.1895,87,False,1,1.0,40,2.797,0.7578,0.6034
2018,seq-opt,agricola,p14.pddl,,ok,129,2.256,17,70873,1,0,3110,0.1883,88,False,1,1.0,40,2.938,0.7519,0.5699
2018,seq-opt,agricola,p15.pddl,,ok,130,2.315,17,103417,1,0,3134,0.1869,89,False,1,1.0,43,3.062,0.7462,0.5427
2018,seq-opt,agricola,p16.pddl,,ok,135,2.207,17,50382,1,0,3376,0.1866,91,False,1,1.0,47,2.756,0.763,0.6129
2018,seq-opt,agricola,p17.pddl,,ok,136,2.25,17,77615,1,0,3405,0.1855,92,False,1,1.0,47,2.89,0.7574,0.5802
2018,seq-opt,agricola,p18.pddl,,ok,137,2.307,17,112310,1,0,3458,0.1856,93,False,1,1.0,59,3.007,0.7518,0.5534
2018,seq-opt,agricola,p19.pddl,,ok,142,2.204,17,55693,1,0,3720,0.1858,95,False,1,1.0,48,2.718,0.7676,0.6218
2018,seq-opt,agricola,p20.pddl,,ok,143,2.245,17,84713,1,0,3749,0.1846,96,False,1,1.0,48,2.846,0.7622,0.5897
2018,seq-sat,agricola,p01.pddl,,ok,99,2.96,23,246879,1,0,1938,0.1998,73,False,1,1.0,34,5.222,0.6768,0.325
2018,seq-sat,agricola,p02.pddl,,ok,109,2.881,23,298119,1,0,2275,0.1933,79,False,1,1.0,36,4.927,0.6972,0.3464
2018,seq-sat,agricola,p03.pddl,,ok,120,2.808,23,352017,1,0,2710,0.1898,85,False,1,1.0,43,4.65,0.7083,0.3656
2018,seq-sat,agricola,p04.pddl,,ok,127,2.772,23,380632,1,0,2978,0.1861,89,False,1,1.0,46,4.504,0.7165,0.3776
2018,seq-sat,agricola,p05.pddl,,ok,134,2.739,23,409913,1,0,3266,0.1833,93,False,1,1.0,44,4.373,0.7239,0.3891
2018,seq-sat,agricola,p06.pddl,,ok,141,2.709,23,439860,1,0,3570,0.1809,97,False,1,1.0,44,4.255,0.7305,0.4
2018,seq-sat,agricola,p07.pddl,,ok,148,2.682,23,470473,1,0,3894,0.179,101,False,1,1.0,48,4.149,0.7365,0.4104
2018,seq-sat,agricola,p08.pddl,,ok,155,2.658,23,501752,1,0,4202,0.176,105,False,1,1.0,44,4.052,0.7419,0.4204
2018,seq-sat,agricola,p09.pddl,,ok,162,2.636,23,533697,1,0,4559,0.1748,109,False,1,1.0,55,3.963,0.7469,0.4299
2018,seq-sat,agricola,p10.pddl,,ok,169,2.615,23,566308,1,0,4932,0.1737,113,False,1,1.0,48,3.882,0.7515,0.439
2018,seq-sat,agricola,p11.pddl,,ok,94,2.309,17,39319,2,0,1830,0.2093,68,False,1,1.0,34,3.298,0.7128,0.5032
2018,seq-sat,agricola,p12.pddl,,ok,104,2.288,17,48179,2,0,2174,0.2029,74,False,1,1.0,40,3.173,0.7308,0.5273
2018,seq-sat,agricola,p13.pddl,,ok,115,2.27,17,58457,2,0,2568,0.1959,80,False,1,1.0,44,3.052,0.7391,0.547
2018,seq-sat,agricola,p14.pddl,,ok,123,2.325,17,94898,2,0,2855,0.1903,85,False,1,1.0,39,3.122,0.7398,0.5312
2018,seq-sat,agricola,p15.pddl,,ok,130,2.315,17,103417,2,0,3158,0.1883,89,False,1,1.0,40,3.062,0.7462,0.5427
2018,seq-sat,agricola,p16.pddl,,ok,137,2.307,17,112310,2,0,3459,0.1856,93,False,1,1.0,59,3.007,0.7518,0.5534
2018,seq-sat,agricola,p17.pddl,,ok,145,2.366,17,166825,2,0,3809,0.1824,98,False,1,1.0,48,3.055,0.7517,0.5418
2018,seq-sat,agricola,p18.pddl,,ok,152,2.355,17,179057,2,0,4113,0.1792,102,False,1,1.0,44,3.007,0.7566,0.5514
2018,seq-sat,agricola,p19.pddl,,ok,159,2.346,17,191673,2,0,4465,0.1777,106,False,1,1.0,46,2.962,0.761,0.5605
2018,seq-sat,agricola,p20.pddl,,ok,166,2.337,17,204673,2,0,4839,0.1767,110,False,1,1.0,48,2.922,0.7651,0.5691
2011,seq-opt,barman,pfile01-001.pddl,,ok,62,2.145,6,358,3,0,684,0.1809,60,False,2,0.8871,14,2.306,1.0,0.993
2011,seq-opt,barman,pfile01-002.pddl,,ok,62,2.145,6,358,3,0,682,0.1803,60,False,2,0.8871,14,2.306,1.0,0.993
2011,seq-opt,barman,pfile01-003.pddl,,ok,62,2.145,6,358,3,0,682,0.1803,60,False,2,0.8871,14,2.306,1.0,0.993
2011,seq-opt,barman,pfile01-004.pddl,,ok,62,2.145,6,358,3,0,682,0.1803,60,False,2,0.8871,14,2.306,1.0,0.993
2011,seq-opt,barman,pfile02-005.pddl,,ok,80,2.138,7,478,4,0,898,0.1421,78,False,2,0.9,15,2.288,1.0,0.9945
2011,seq-opt,barman,pfile02-006.pddl,,ok,80,2.138,7,478,4,0,898,0.1421,78,False,2,0.9,15,2.288,1.0,0.9945
2011,seq-opt,barman,pfile02-007.pddl,,ok,80,2.138,7,478,4,0,898,0.1421,78,False,2,0.9,15,2.288,1.0,0.9945
2011,seq-opt,barman,pfile02-008.pddl,,ok,80,2.138,7,478,4,0,898,0.1421,78,False,2,0.9,15,2.288,1.0,0.9945
2011,seq-opt,barman,pfile03-009.pddl,,ok,100,2.13,8,610,5,0,1138,0.1149,98,False,2,0.91,16,2.27,1.0,0.9956
2011,seq-opt,barman,pfile03-010.pddl,,ok,100,2.13,8,610,5,0,1140,0.1152,98,False,2,0.91,16,2.27,1.0,0.9956
2011,seq-opt,barman,pfile03-011.pddl,,ok,100,2.13,8,610,5,0,1138,0.1149,98,False,2,0.91,16,2.27,1.0,0.9956
2011,seq-opt,barman,pfile03-012.pddl,,ok,100,2.13,8,610,5,0,1140,0.1152,98,False,2,0.91,16,2.27,1.0,0.9956
2011,seq-opt,barman,pfile04-013.pddl,,ok,137,2.124,10,854,7,0,1582,0.0849,135,False,2,0.9197,17,2.255,1.0,0.9968
2011,seq-opt,barman,pfile04-014.pddl,,ok,137,2.124,10,854,7,0,1582,0.0849,135,False,2,0.9197,17,2.255,1.0,0.9968
2011,seq-opt,barman,pfile04-015.pddl,,ok,137,2.124,10,854,7,0,1582,0.0849,135,False,2,0.9197,17,2.255,1.0,0.9968
2011,seq-opt,barman,pfile04-016.pddl,,ok,137,2.124,10,854,7,0,1582,0.0849,135,False,2,0.9197,17,2.255,1.0,0.9968
2011,seq-opt,barman,pfile05-017.pddl,,ok,162,2.117,11,1016,8,0,1882,0.0722,160,False,2,0.9259,18,2.241,1.0,0.9972
2011,seq-opt,barman,pfile05-018.pddl,,ok,162,2.117,11,1016,8,0,1882,0.0722,160,False,2,0.9259,18,2.241,1.0,0.9972
2011,seq-opt,barman,pfile05-019.pddl,,ok,162,2.117,11,1016,8,0,1882,0.0722,160,False,2,0.9259,18,2.241,1.0,0.9972
2011,seq-opt,barman,pfile05-020.pddl,,ok,162,2.117,11,1016,8,0,1882,0.0722,160,False,2,0.9259,18,2.241,1.0,0.9972
2011,seq-sat,barman,pfile06-021.pddl,,ok,210,2.1,12,1390,9,0,2500,0.057,208,False,2,0.9381,20,2.205,1.0,0.9978
2011,seq-sat,barman,pfile06-022.pddl,,ok,210,2.1,12,1390,9,0,2498,0.0569,208,False,2,0.9381,20,2.205,1.0,0.9978
2011,seq-sat,barman,pfile06-023.pddl,,ok,210,2.1,12,1390,9,0,2496,0.0569,208,False,2,0.9381,20,2.2,0.9952,0.9957
2011,seq-sat,barman,pfile06-024.pddl,,ok,210,2.1,12,1390,9,0,2500,0.057,208,False,2,0.9381,20,2.205,1.0,0.9978
2011,seq-sat,barman,pfile07-025.pddl,,ok,241,2.095,13,1596,10,0,2878,0.0498,239,False,2,0.9419,21,2.195,1.0,0.9981
2011,seq-sat,barman,pfile07-026.pddl,,ok,241,2.095,13,1596,10,0,2878,0.0498,239,False,2,0.9419,21,2.195,1.0,0.9981
2011,seq-sat,barman,pfile07-027.pddl,,ok,241,2.095,13,1596,10,0,2874,0.0497,239,False,2,0.9419,21,2.195,1.0,0.9981
2011,seq-sat,barman,pfile07-028.pddl,,ok,241,2.095,13,1596,10,0,2878,0.0498,239,False,2,0.9419,21,2.195,1.0,0.9981
2011,seq-sat,barman,pfile08-029.pddl,,ok,295,2.092,15,1958,12,0,3532,0.0407,293,False,2,0.9458,22,2.186,1.0,0.9984
2011,seq-sat,barman,pfile08-030.pddl,,ok,295,2.092,15,1958,12,0,3532,0.0407,293,False,2,0.9458,22,2.186,1.0,0.9984
2011,seq-sat,barman,pfile08-031.pddl,,ok,295,2.092,15,1958,12,0,3534,0.0407,293,False,2,0.9458,22,2.186,1.0,0.9984
2011,seq-sat,barman,pfile08-032.pddl,,ok,295,2.092,15,1958,12,0,3530,0.0407,293,False,2,0.9458,22,2.186,1.0,0.9984
2011,seq-sat,barman,pfile09-033.pddl,,ok,331,2.088,16,2194,13,0,3970,0.0363,329,False,2,0.9486,23,2.178,1.0,0.9986
2011,seq-sat,barman,pfile09-034.pddl,,ok,331,2.088,16,2194,13,0,3970,0.0363,329,False,2,0.9486,23,2.178,1.0,0.9986
2011,seq-sat,barman,pfile09-035.pddl,,ok,331,2.088,16,2194,13,0,3970,0.0363,329,False,2,0.9486,23,2.178,1.0,0.9986
2011,seq-sat,barman,pfile09-036.pddl,,ok,331,2.088,16,2194,13,0,3966,0.0363,329,False,2,0.9486,23,2.178,1.0,0.9986
2011,seq-sat,barman,pfile10-037.pddl,,ok,353,2.088,17,2344,14,0,4236,0.0341,351,False,2,0.949,23,2.178,1.0,0.9987
2011,seq-sat,barman,pfile10-038.pddl,,ok,353,2.088,17,2344,14,0,4236,0.0341,351,False,2,0.949,23,2.178,1.0,0.9987
2011,seq-sat,barman,pfile10-039.pddl,,ok,353,2.088,17,2344,14,0,4234,0.0341,351,False,2,0.949,23,2.178,1.0,0.9987
2011,seq-sat,barman,pfile10-040.pddl,,ok,353,2.088,17,2344,14,0,4236,0.0341,351,False,2,0.949,23,2.178,1.0,0.9987
2018,seq-opt,caldera,p01.pddl,,ok,58,2,2,38,1,0,1207,0.3651,54,False,1,1.0,41,1,0.0,0.0
2018,seq-opt,caldera,p02.pddl,,ok,71,2,2,125,1,0,2233,0.4493,70,False,1,1.0,53,1,0.0,0.0
2018,seq-opt,caldera,p03.pddl,,ok,71,2,2,149,1,0,2273,0.4573,70,False,1,1.0,51,1,0.0,0.0
2018,seq-opt,caldera,p04.pddl,,ok,71,2,2,125,1,0,2204,0.4435,70,False,1,1.0,51,1,0.0,0.0
2018,seq-opt,caldera,p05.pddl,,ok,118,2,2,790,2,0,5459,0.3954,117,False,1,1.0,85,1,0.0,0.0
2018,seq-opt,caldera,p06.pddl,,ok,148,2,2,1630,2,0,9038,0.4154,147,False,1,1.0,100,1,0.0,0.0
2018,seq-opt,caldera,p07.pddl,,ok,118,2,2,670,2,0,5367,0.3887,117,False,1,1.0,82,1,0.0,0.0
2018,seq-opt,caldera,p08.pddl,,ok,102,2,2,306,2,0,4022,0.3904,98,False,1,1.0,64,1,0.0,0.0
2018,seq-opt,caldera,p09.pddl,,ok,179,2,2,8417,3,0,13178,0.4136,178,False,1,1.0,131,1,0.0,0.0
2018,seq-opt,caldera,p10.pddl,,ok,155,2,2,2657,3,0,9356,0.392,154,False,1,1.0,113,1,0.0,0.0
2018,seq-opt,caldera,p11.pddl,,ok,185,2,2,4817,3,0,12924,0.3797,184,False,1,1.0,135,1,0.0,0.0
2018,seq-opt,caldera,p12.pddl,,ok,173,2,2,3737,3,0,11211,0.3768,172,False,1,1.0,127,1,0.0,0.0
2018,seq-opt,caldera,p13.pddl,,ok,212,2,2,7796,4,0,16845,0.3766,211,False,1,1.0,155,1,0.0,0.0
2018,seq-opt,caldera,p14.pddl,,ok,214,2,2,6370,4,0,16426,0.3604,208,False,1,1.0,142,1,0.0,0.0
2018,seq-opt,caldera,p15.pddl,,ok,236,2,2,7796,4,0,19663,0.3545,235,False,1,1.0,172,1,0.0,0.0
2018,seq-opt,caldera,p16.pddl,,ok,230,2,2,10316,4,0,19437,0.369,229,False,1,1.0,172,1,0.0,0.0
2018,seq-opt,caldera,p17.pddl,,ok,276,2,2,13194,5,0,26302,0.3465,269,False,1,1.0,207,1,0.0,0.0
2018,seq-opt,caldera,p18.pddl,,ok,289,2,2,18853,5,0,29445,0.3538,288,False,1,1.0,218,1,0.0,0.0
2018,seq-opt,caldera,p19.pddl,,ok,283,2,2,28933,5,0,29457,0.3691,282,False,1,1.0,229,1,0.0,0.0
2018,seq-opt,caldera,p20.pddl,,ok,277,2,2,18853,5,0,27874,0.3646,276,False,1,1.0,151,1,0.0,0.0
2018,seq-sat,caldera,p01.pddl,,ok,124,2,2,1030,2,0,6095,0.3996,123,False,1,1.0,94,1,0.0,0.0
2018,seq-sat,caldera,p02.pddl,,ok,118,2,2,910,2,0,5633,0.408,117,False,1,1.0,91,1,0.0,0.0
2018,seq-sat,caldera,p03.pddl,,ok,167,2,2,3017,3,0,10391,0.3748,166,False,1,1.0,121,1,0.0,0.0
2018,seq-sat,caldera,p04.pddl,,ok,185,2,2,4817,3,0,12461,0.3661,184,False,1,1.0,133,1,0.0,0.0
2018,seq-sat,caldera,p05.pddl,,ok,218,2,2,11996,4,0,18068,0.3819,217,False,1,1.0,178,1,0.0,0.0
2018,seq-sat,caldera,p06.pddl,,ok,218,2,2,7796,4,0,17479,0.3695,217,False,1,1.0,172,1,0.0,0.0
2018,seq-sat,caldera,p07.pddl,,ok,313,2,2,25573,5,0,33087,0.3388,312,False,1,1.0,229,1,0.0,0.0
2018,seq-sat,caldera,p08.pddl,,ok,325,2,2,33973,5,0,36127,0.3431,324,False,1,1.0,229,1,0.0,0.0
2018,seq-sat,caldera,p09.pddl,,ok,392,2,2,48938,6,0,50590,0.3301,391,False,1,1.0,268,1,0.0,0.0
2018,seq-sat,caldera,p10.pddl,,ok,350,2,2,39866,6,0,43349,0.3549,349,False,1,1.0,189,1,0.0,0.0
2018,seq-sat,caldera,p11.pddl,,ok,449,2,2,116705,7,0,69199,0.344,448,False,1,1.0,328,1,0.0,0.0
2018,seq-sat,caldera,p12.pddl,,ok,497,2,2,131825,7,0,79329,0.3218,496,False,1,1.0,338,1,0.0,0.0
2018,seq-sat,caldera,p13.pddl,,ok,538,2,2,206992,8,0,97670,0.3381,537,False,1,1.0,386,1,0.0,0.0
2018,seq-sat,caldera,p14.pddl,,ok,580,2,2,191152,8,0,107369,0.3197,579,False,1,1.0,383,1,0.0,0.0
2018,seq-sat,caldera,p15.pddl,,ok,659,2,2,227141,9,0,138393,0.3192,658,False,1,1.0,433,1,0.0,0.0
2018,seq-sat,caldera,p16.pddl,,ok,653,2,2,250901,9,0,136558,0.3207,652,False,1,1.0,433,1,0.0,0.0
2018,seq-sat,caldera,p17.pddl,,ok,746,2,2,550958,10,0,180956,0.3256,745,False,1,1.0,504,1,0.0,0.0
2018,seq-sat,caldera,p18.pddl,,ok,746,2,2,550958,10,0,180851,0.3254,745,False,1,1.0,504,1,0.0,0.0
2018,seq-sat,caldera,p19.pddl,,ok,907,2,2,747073,11,0,250974,0.3054,906,False,1,1.0,567,1,0.0,0.0
2018,seq-sat,caldera,p20.pddl,,ok,907,2,2,650977,11,0,250018,0.3043,906,False,1,1.0,567,1,0.0,0.0
2018,seq-opt,caldera-split,p01.pddl,,ok,84,2.44,17,177,2,0,1439,0.2064,83,False,1,1.0,24,2.964,0.0714,0.4016
2018,seq-opt,caldera-split,p02.pddl,,ok,84,2.44,17,177,2,0,1595,0.2288,83,False,1,1.0,29,2.964,0.0714,0.4016
2018,seq-opt,caldera-split,p03.pddl,,ok,78,2.423,16,141,2,0,1449,0.2413,77,False,1,1.0,29,2.513,0.0897,0.3469
2018,seq-opt,caldera-split,p04.pddl,,ok,87,2.425,17,186,2,0,1685,0.2252,86,False,1,1.0,26,2.931,0.069,0.3922
2018,seq-opt,caldera-split,p05.pddl,,ok,155,2.503,36,1213,3,0,3536,0.1481,154,False,1,1.0,41,5.239,0.0323,0.5
2018,seq-opt,caldera-split,p06.pddl,,ok,173,2.382,30,1117,3,0,5947,0.1999,172,False,1,1.0,51,4.416,0.0289,0.5785
2018,seq-opt,caldera-split,p07.pddl,,ok,140,2.357,22,633,3,0,3367,0.173,139,False,1,1.0,42,3.043,0.0429,0.4319
2018,seq-opt,caldera-split,p08.pddl,,ok,128,2.391,22,569,3,0,2439,0.15,127,False,1,1.0,30,3.047,0.0391,0.4051
2018,seq-opt,caldera-split,p09.pddl,,ok,186,2.306,24,1252,4,0,5025,0.146,185,False,1,1.0,43,3.005,0.0376,0.4401
2018,seq-opt,caldera-split,p10.pddl,,ok,162,2.302,24,632,4,0,3311,0.1269,161,False,1,1.0,21,2.494,0.0432,0.401
2018,seq-opt,caldera-split,p11.pddl,,ok,201,2.313,27,1652,4,0,5424,0.1349,200,False,1,1.0,56,3.657,0.0299,0.5823
2018,seq-opt,caldera-split,p12.pddl,,ok,195,2.323,27,1582,4,0,4609,0.1218,194,False,1,1.0,58,3.621,0.0256,0.5609
2018,seq-opt,caldera-split,p13.pddl,,ok,219,2.265,28,1149,5,0,4786,0.1002,218,False,1,1.0,22,2.447,0.032,0.4104
2018,seq-opt,caldera-split,p14.pddl,,ok,258,2.295,32,3231,5,0,6351,0.0958,257,False,1,1.0,50,3.849,0.0194,0.5982
2018,seq-opt,caldera-split,p15.pddl,,ok,267,2.285,32,3609,5,0,7476,0.1053,266,False,1,1.0,68,3.82,0.0187,0.5824
2018,seq-opt,caldera-split,p16.pddl,,ok,240,2.275,28,2175,5,0,5964,0.104,239,False,1,1.0,38,2.571,0.0292,0.4149
2018,seq-opt,caldera-split,p17.pddl,,ok,335,2.266,37,6542,6,0,8823,0.0789,334,False,1,1.0,69,3.973,0.0149,0.592
2018,seq-opt,caldera-split,p18.pddl,,ok,296,2.24,32,2860,6,0,6952,0.0796,295,False,1,1.0,33,2.453,0.0236,0.416
2018,seq-opt,caldera-split,p19.pddl,,ok,290,2.238,32,2377,6,0,7136,0.0851,289,False,1,1.0,29,2.431,0.0241,0.417
2018,seq-opt,caldera-split,p20.pddl,,ok,284,2.236,32,1894,6,0,6567,0.0817,283,False,1,1.0,23,2.415,0.0246,0.4198
2018,seq-sat,caldera-split,p01.pddl,,ok,131,2.382,22,597,3,0,2865,0.1682,130,False,1,1.0,40,3.031,0.0382,0.398
2018,seq-sat,caldera-split,p02.pddl,,ok,131,2.382,22,573,3,0,2861,0.168,130,False,1,1.0,34,3.061,0.0382,0.4239
2018,seq-sat,caldera-split,p03.pddl,,ok,192,2.328,27,1517,4,0,4495,0.1226,191,False,1,1.0,43,3.635,0.026,0.5673
2018,seq-sat,caldera-split,p04.pddl,,ok,201,2.313,27,1652,4,0,4953,0.1232,200,False,1,1.0,59,3.657,0.0299,0.5823
2018,seq-sat,caldera-split,p05.pddl,,ok,225,2.267,28,1437,5,0,5253,0.1042,224,False,1,1.0,28,2.462,0.0311,0.4079
2018,seq-sat,caldera-split,p06.pddl,,ok,225,2.267,28,1437,5,0,4959,0.0984,224,False,1,1.0,26,2.462,0.0311,0.4079
2018,seq-sat,caldera-split,p07.pddl,,ok,335,2.266,37,6542,6,0,8952,0.08,334,False,1,1.0,69,3.973,0.0149,0.592
2018,seq-sat,caldera-split,p08.pddl,,ok,344,2.259,37,6773,6,0,10297,0.0873,343,False,1,1.0,87,4.067,0.0174,0.6305
2018,seq-sat,caldera-split,p09.pddl,,ok,417,2.245,42,11293,7,0,11675,0.0673,416,False,1,1.0,79,4.144,0.012,0.6146
2018,seq-sat,caldera-split,p10.pddl,,ok,357,2.213,36,2909,7,0,8672,0.0682,356,False,1,1.0,24,2.392,0.0196,0.4286
2018,seq-sat,caldera-split,p11.pddl,,ok,456,2.2,40,7557,8,0,12628,0.0609,455,False,1,1.0,41,2.432,0.0154,0.431
2018,seq-sat,caldera-split,p12.pddl,,ok,606,2.295,79,42819,8,0,22953,0.0626,605,False,1,1.0,146,7.952,0.0083,0.6649
2018,seq-sat,caldera-split,p13.pddl,,ok,545,2.183,44,10597,9,0,15741,0.0531,544,False,1,1.0,42,2.415,0.0128,0.4377
2018,seq-sat,caldera-split,p14.pddl,,ok,635,2.22,58,37377,9,0,23648,0.0587,634,False,1,1.0,135,4.967,0.0079,0.643
2018,seq-sat,caldera-split,p15.pddl,,ok,708,2.188,53,38827,10,0,24110,0.0482,707,False,1,1.0,133,4.209,0.0071,0.6423
2018,seq-sat,caldera-split,p16.pddl,,ok,702,2.201,57,40279,10,0,21871,0.0444,701,False,1,1.0,91,4.454,0.0071,0.6351
2018,seq-sat,caldera-split,p17.pddl,,ok,753,2.159,52,21741,11,0,23346,0.0412,752,False,1,1.0,50,2.409,0.0093,0.4487
2018,seq-sat,caldera-split,p18.pddl,,ok,753,2.159,52,21741,11,0,23241,0.041,752,False,1,1.0,50,2.409,0.0093,0.4487
2018,seq-sat,caldera-split,p19.pddl,,ok,947,2.176,67,84770,12,0,31751,0.0354,946,False,1,1.0,123,4.666,0.0053,0.6517
2018,seq-sat,caldera-split,p20.pddl,,ok,947,2.176,67,83054,12,0,31588,0.0353,946,False,1,1.0,141,4.705,0.0053,0.6665
2018,seq-opt,data-network,p01.pddl,,ok,31,2.935,17,700,1,0,133,0.143,19,False,1,1.0,7,6.226,0.5806,0.9326
2018,seq-opt,data-network,p02.pddl,,ok,36,2.806,17,905,1,0,156,0.1238,23,False,1,1.0,8,7.194,0.5833,0.9421
2018,seq-opt,data-network,p03.pddl,,ok,43,2.674,17,1021,2,0,200,0.1107,28,False,1,1.0,9,5.186,0.5581,0.9148
2018,seq-opt,data-network,p04.pddl,,ok,49,2.592,17,1528,3,0,241,0.1025,32,False,1,1.0,11,5.918,0.551,0.9241
2018,seq-opt,data-network,p05.pddl,,ok,52,2.558,17,1329,3,0,234,0.0882,34,False,1,1.0,10,5.577,0.5769,0.9241
2018,seq-opt,data-network,p06.pddl,,ok,59,2.492,17,1545,2,0,290,0.0847,39,False,1,1.0,13,4.983,0.5593,0.9116
2018,seq-opt,data-network,p07.pddl,,ok,64,2.453,17,1777,3,0,319,0.0791,44,False,1,1.0,14,5.531,0.5625,0.9209
2018,seq-opt,data-network,p08.pddl,,ok,68,2.426,17,1565,3,0,315,0.0691,46,False,1,1.0,14,5.309,0.5735,0.9197
2018,seq-opt,data-network,p09.pddl,,ok,41,2.878,17,993,1,0,199,0.1213,25,False,1,1.0,10,7.244,0.5854,0.9428
2018,seq-opt,data-network,p10.pddl,,ok,49,2.735,17,1145,2,0,247,0.105,29,False,1,1.0,12,6.633,0.5714,0.9354
2018,seq-opt,data-network,p11.pddl,,ok,57,2.632,17,1477,1,0,299,0.0937,34,False,1,1.0,13,5.912,0.5614,0.9258
2018,seq-opt,data-network,p12.pddl,,ok,64,2.562,17,1600,1,0,332,0.0823,40,False,1,1.0,15,6.438,0.5625,0.932
2018,seq-opt,data-network,p13.pddl,,ok,73,2.493,17,1749,2,0,395,0.0752,45,False,1,1.0,16,5.822,0.5479,0.9224
2018,seq-opt,data-network,p14.pddl,,ok,81,2.444,17,2281,6,0,443,0.0684,50,False,1,1.0,16,5.395,0.5432,0.9153
2018,seq-opt,data-network,p15.pddl,,ok,74,2.77,17,1936,1,0,455,0.0842,39,False,1,1.0,20,8.135,0.5676,0.9468
2018,seq-opt,data-network,p16.pddl,,ok,89,2.64,17,2394,2,0,562,0.0718,48,False,1,1.0,26,4.607,0.5506,0.9024
2018,seq-opt,data-network,p17.pddl,,ok,101,2.564,17,2963,2,0,653,0.0647,55,False,1,1.0,28,4.109,0.5545,0.8916
2018,seq-opt,data-network,p18.pddl,,ok,116,2.491,17,3110,3,0,753,0.0564,64,False,1,1.0,29,4.129,0.5431,0.8894
2018,seq-opt,data-network,p19.pddl,,ok,131,2.435,17,3801,3,0,867,0.0509,71,False,1,1.0,36,4.695,0.5344,0.9008
2018,seq-opt,data-network,p20.pddl,,ok,143,2.399,17,4118,3,0,979,0.0482,79,False,1,1.0,38,4.937,0.5385,0.9065
2018,seq-sat,data-network,p01.pddl,,ok,160,2.225,17,3864,8,0,908,0.0357,99,False,1,1.0,28,3.475,0.525,0.8633
2018,seq-sat,data-network,p02.pddl,,ok,184,2.196,17,4832,8,0,1080,0.0321,120,False,1,1.0,28,3.239,0.5435,0.8591
2018,seq-sat,data-network,p03.pddl,,ok,219,2.164,17,4867,9,0,1245,0.0261,139,False,1,1.0,42,2.954,0.5297,0.8408
2018,seq-sat,data-network,p04.pddl,,ok,249,2.145,17,5505,15,0,1391,0.0225,159,False,1,1.0,33,2.783,0.5301,0.8312
2018,seq-sat,data-network,p05.pddl,,ok,280,2.129,17,8296,13,0,1908,0.0244,177,False,1,1.0,55,2.643,0.5286,0.8216
2018,seq-sat,data-network,p06.pddl,,ok,313,2.115,17,8885,16,0,2059,0.0211,197,False,1,1.0,60,2.521,0.524,0.8112
2018,seq-sat,data-network,p07.pddl,,ok,341,2.106,17,8833,17,0,2139,0.0184,214,False,1,1.0,67,2.443,0.5279,0.8067
2018,seq-sat,data-network,p08.pddl,,ok,372,2.097,17,10680,17,0,2460,0.0178,237,False,1,1.0,81,2.366,0.5269,0.8
2018,seq-sat,data-network,p09.pddl,,ok,398,2.09,17,9050,15,0,2254,0.0143,251,False,1,1.0,60,2.317,0.5327,0.7983
2018,seq-sat,data-network,p10.pddl,,ok,432,2.083,17,11056,19,0,2752,0.0148,274,False,1,1.0,88,2.25,0.5278,0.7901
2018,seq-sat,data-network,p11.pddl,,ok,142,2.401,17,4074,4,0,941,0.047,79,False,1,1.0,35,4.063,0.5423,0.8873
2018,seq-sat,data-network,p12.pddl,,ok,197,2.289,17,5730,5,0,1382,0.0358,112,False,1,1.0,35,4,0.533,0.8832
2018,seq-sat,data-network,p13.pddl,,ok,253,2.225,17,7168,7,0,1868,0.0293,143,False,1,1.0,57,3.447,0.5257,0.8624
2018,seq-sat,data-network,p14.pddl,,ok,307,2.186,17,8701,8,0,2215,0.0236,175,False,1,1.0,61,3.107,0.5244,0.847
2018,seq-sat,data-network,p15.pddl,,ok,362,2.157,17,10357,11,0,2649,0.0203,208,False,1,1.0,66,2.865,0.5221,0.8332
2018,seq-sat,data-network,p16.pddl,,ok,419,2.136,17,12585,13,0,3236,0.0185,237,False,1,1.0,97,2.678,0.5179,0.82
2018,seq-sat,data-network,p17.pddl,,ok,469,2.122,17,11998,11,0,3270,0.0149,266,False,1,1.0,87,2.559,0.5224,0.8133
2018,seq-sat,data-network,p18.pddl,,ok,521,2.109,17,15462,11,0,4157,0.0153,304,False,1,1.0,103,2.457,0.524,0.8063
2018,seq-sat,data-network,p19.pddl,,ok,583,2.098,17,13819,19,0,4059,0.012,334,False,1,1.0,91,2.35,0.5163,0.7942
2018,seq-sat,data-network,p20.pddl,,ok,634,2.09,17,18789,16,0,4943,0.0123,367,False,1,1.0,128,2.285,0.5189,0.7895
2011,seq-opt,elevators,p01.pddl,,ok,9,8.556,16,362,3,0,30,0.4167,6,False,4,0.6667,4,25.778,1.0,1.0
2011,seq-opt,elevators,p02.pddl,,ok,11,7.818,17,408,3,0,40,0.3636,8,False,5,0.6364,4,22.909,1.0,1.0
2011,seq-opt,elevators,p03.pddl,,ok,11,8.091,17,472,3,0,40,0.3636,8,False,5,0.6364,4,26.182,1.0,1.0
2011,seq-opt,elevators,p04.pddl,,ok,10,7.3,12,340,4,0,39,0.4333,6,False,4,0.7,5,19.4,1.0,1.0
2011,seq-opt,elevators,p05.pddl,,ok,10,9.3,16,448,4,0,39,0.4333,6,False,4,0.7,5,27,1.0,1.0
2011,seq-opt,elevators,p06.pddl,,ok,12,7.167,13,480,4,0,52,0.3939,8,False,5,0.6667,5,21.667,1.0,1.0
2011,seq-opt,elevators,p07.pddl,,ok,15,9.067,18,864,5,0,80,0.381,10,False,6,0.6667,6,30.533,1.0,1.0
2011,seq-opt,elevators,p08.pddl,,ok,11,7.727,12,410,5,0,48,0.4364,6,False,4,0.7273,6,20.364,1.0,1.0
2011,seq-opt,elevators,p09.pddl,,ok,13,7.692,18,576,3,0,50,0.3205,10,False,6,0.6154,4,26.308,1.0,1.0
2011,seq-opt,elevators,p10.pddl,,ok,12,8.833,17,588,4,0,52,0.3939,8,False,5,0.6667,5,28,1.0,1.0
2011,seq-opt,elevators,p11.pddl,,ok,16,9.625,18,1008,6,0,95,0.3958,10,False,6,0.6875,7,32.25,1.0,1.0
2011,seq-opt,elevators,p12.pddl,,ok,13,7.615,13,580,5,0,64,0.4103,8,False,5,0.6923,6,23.077,1.0,1.0
2011,seq-opt,elevators,p13.pddl,,ok,12,8.083,12,480,6,0,57,0.4318,7,False,4,0.75,6,21.167,1.0,1.0
2011,seq-opt,elevators,p14.pddl,,ok,14,8,13,680,6,0,76,0.4176,8,False,5,0.7143,7,24.286,1.0,1.0
2011,seq-opt,elevators,p15.pddl,,ok,13,8.385,12,550,7,0,66,0.4231,8,False,4,0.7692,6,21.846,1.0,1.0
2011,seq-opt,elevators,p16.pddl,,ok,11,9.909,16,534,5,0,48,0.4364,6,False,4,0.7273,6,28,1.0,1.0
2011,seq-opt,elevators,p17.pddl,,ok,12,10.417,16,620,6,0,57,0.4318,7,False,4,0.75,6,28.833,1.0,1.0
2011,seq-opt,elevators,p18.pddl,,ok,14,10,17,820,6,0,76,0.4176,8,False,5,0.7143,7,30.857,1.0,1.0
2011,seq-opt,elevators,p19.pddl,,ok,12,8.583,17,510,4,0,52,0.3939,8,False,5,0.6667,5,24.667,1.0,1.0
2011,seq-opt,elevators,p20.pddl,,ok,14,8.429,18,720,4,0,65,0.3571,10,False,6,0.6429,5,28.571,1.0,1.0
2011,seq-sat,elevators,p01.pddl,,ok,22,15.455,21,2816,14,0,172,0.3723,15,False,5,0.8182,8,45.273,1.0,1.0
2011,seq-sat,elevators,p02.pddl,,ok,31,22.581,30,8364,21,0,320,0.3441,22,False,6,0.8387,10,66.774,1.0,1.0
2011,seq-sat,elevators,p03.pddl,,ok,37,23.784,30,10668,27,0,410,0.3078,28,False,6,0.8649,10,69.243,1.0,1.0
2011,seq-sat,elevators,p04.pddl,,ok,34,17.412,21,5072,26,0,316,0.2816,27,False,5,0.8824,8,49.059,1.0,1.0
2011,seq-sat,elevators,p05.pddl,,ok,30,16.933,21,4320,22,0,268,0.308,23,False,5,0.8667,8,48.133,1.0,1.0
2011,seq-sat,elevators,p06.pddl,,ok,40,24.25,30,11820,30,0,455,0.2917,31,False,6,0.875,10,70.2,1.0,1.0
2011,seq-sat,elevators,p07.pddl,,ok,34,23.235,30,9516,24,0,365,0.3253,25,False,6,0.8529,10,68.118,1.0,1.0
2011,seq-sat,elevators,p08.pddl,,ok,43,24.651,30,12972,33,0,500,0.2769,34,False,6,0.8837,10,71.023,1.0,1.0
2011,seq-sat,elevators,p09.pddl,,ok,46,25,30,14124,36,0,545,0.2633,37,False,6,0.8913,10,71.739,1.0,1.0
2011,seq-sat,elevators,p10.pddl,,ok,49,25.306,30,15276,39,0,590,0.2509,40,False,6,0.898,10,72.367,1.0,1.0
2011,seq-sat,elevators,p11.pddl,,ok,56,25.571,33,26696,40,0,968,0.3143,41,False,9,0.8571,16,101,1.0,1.0
2011,seq-sat,elevators,p12.pddl,,ok,59,25.949,33,28664,43,0,1040,0.3039,44,False,9,0.8644,16,102.373,1.0,1.0
2011,seq-sat,elevators,p13.pddl,,ok,62,26.29,33,30632,46,0,1112,0.294,47,False,9,0.871,16,103.613,1.0,1.0
2011,seq-sat,elevators,p14.pddl,,ok,65,26.6,33,32600,49,0,1184,0.2846,50,False,9,0.8769,16,104.738,1.0,1.0
2011,seq-sat,elevators,p15.pddl,,ok,68,26.882,33,34568,52,0,1256,0.2757,53,False,9,0.8824,16,105.765,1.0,1.0
2011,seq-sat,elevators,p16.pddl,,ok,56,37.286,49,32088,40,0,968,0.3143,41,False,9,0.8571,16,128.714,1.0,1.0
2011,seq-sat,elevators,p17.pddl,,ok,61,38.246,49,36008,45,0,1088,0.2973,46,False,9,0.8689,16,131.279,1.0,1.0
2011,seq-sat,elevators,p18.pddl,,ok,66,39.061,49,39928,50,0,1208,0.2816,51,False,9,0.8788,16,133.455,1.0,1.0
2011,seq-sat,elevators,p19.pddl,,ok,71,39.761,49,43848,55,0,1328,0.2672,56,False,9,0.8873,16,135.324,1.0,1.0
2011,seq-sat,elevators,p20.pddl,,ok,76,40.368,49,47768,60,0,1448,0.254,61,False,9,0.8947,16,136.947,1.0,1.0
2018,seq-sat,flashfill,p01.pddl,,ok,601,2.01,3,5574,1,0,12845,0.0356,600,False,2,0.9983,59,1.101,0.0915,0.1662
2018,seq-sat,flashfill,p02.pddl,,ok,853,2.007,3,8310,1,0,20476,0.0282,852,False,2,0.9988,79,1.095,0.0879,0.1606
2018,seq-sat,flashfill,p03.pddl,,ok,1159,2.006,3,11634,1,0,31443,0.0234,1158,False,2,0.9991,109,1.098,0.0923,0.1681
2018,seq-sat,flashfill,p04.pddl,,ok,1621,2.005,4,16686,1,0,50404,0.0192,1620,False,2,0.9994,151,1.098,0.0932,0.1697
2018,seq-sat,flashfill,p05.pddl,,ok,2162,2.004,5,22602,1,0,76999,0.0165,2161,False,2,0.9995,200,1.096,0.0916,0.1672
2018,seq-sat,flashfill,p06.pddl,,ok,1139,2.005,3,11094,1,0,29863,0.023,1138,False,2,0.9991,104,1.089,0.0834,0.1532
2018,seq-sat,flashfill,p07.pddl,,ok,1447,2.004,3,14550,1,0,39735,0.019,1446,False,2,0.9993,129,1.086,0.0822,0.1514
2018,seq-sat,flashfill,p08.pddl,,ok,1453,2.005,3,14562,1,0,41217,0.0195,1452,False,2,0.9993,129,1.091,0.086,0.1577
2018,seq-sat,flashfill,p09.pddl,,ok,1665,2.005,4,16878,1,0,50317,0.0182,1664,False,2,0.9994,148,1.093,0.0883,0.1615
2018,seq-sat,flashfill,p10.pddl,,ok,1668,2.005,5,16890,1,0,51211,0.0184,1667,False,2,0.9994,151,1.095,0.0893,0.1632
2018,seq-sat,flashfill,p11.pddl,,ok,1642,2.017,4,20356,1,0,41631,0.0155,1641,False,2,0.9994,104,1.092,0.0579,0.1216
2018,seq-sat,flashfill,p12.pddl,,ok,3560,2.008,4,45836,1,0,108700,0.0086,3559,False,2,0.9997,201,1.068,0.052,0.1047
2018,seq-sat,flashfill,p13.pddl,,ok,5044,2.006,4,65450,1,0,178341,0.007,5043,False,2,0.9998,285,1.066,0.0545,0.1075
2018,seq-sat,flashfill,p14.pddl,,tempo esgotado (1800 s),,,,,,,,,,,,,,,,
2018,seq-sat,flashfill,p15.pddl,,tempo esgotado (1800 s),,,,,,,,,,,,,,,,
2018,seq-sat,flashfill,p16.pddl,,ok,1184,2.017,4,10460,1,0,26734,0.0191,1183,False,2,0.9992,94,1.111,0.0769,0.1536
2018,seq-sat,flashfill,p17.pddl,,ok,2588,2.008,4,23460,1,0,78456,0.0117,2587,False,2,0.9996,197,1.085,0.0699,0.136
2018,seq-sat,flashfill,p18.pddl,,ok,3864,2.005,4,35270,1,0,145151,0.0097,3863,False,2,0.9997,293,1.084,0.0732,0.1399
2018,seq-sat,flashfill,p19.pddl,,tempo esgotado (1800 s),,,,,,,,,,,,,,,,
2018,seq-sat,flashfill,p20.pddl,,tempo esgotado (1800 s),,,,,,,,,,,,,,,,
2011,seq-opt,floortile,opt-p01-001.pddl,,ok,16,4.75,12,144,9,0,106,0.4417,12,False,3,0.875,7,9,1.0,1.0
2011,seq-opt,floortile,opt-p01-002.pddl,,ok,16,4.75,12,144,9,0,106,0.4417,12,False,3,0.875,7,9,1.0,1.0
2011,seq-opt,floortile,opt-p02-003.pddl,,ok,19,4.947,15,188,12,0,134,0.3918,15,False,3,0.8947,7,9.579,1.0,1.0
2011,seq-opt,floortile,opt-p02-004.pddl,,ok,19,4.947,15,188,12,0,134,0.3918,15,False,3,0.8947,7,9.579,1.0,1.0
2011,seq-opt,floortile,opt-p03-005.pddl,,ok,22,5.091,18,232,15,0,162,0.3506,18,False,3,0.9091,7,10,1.0,1.0
2011,seq-opt,floortile,opt-p03-006.pddl,,ok,22,5.091,18,232,15,0,162,0.3506,18,False,3,0.9091,7,10,1.0,1.0
2011,seq-opt,floortile,opt-p04-007.pddl,,ok,24,5.167,20,256,16,0,182,0.3297,20,False,3,0.9167,8,10.333,1.0,1.0
2011,seq-opt,floortile,opt-p04-008.pddl,,ok,24,5.167,20,256,16,0,182,0.3297,20,False,3,0.9167,8,10.333,1.0,1.0
2011,seq-opt,floortile,opt-p05-009.pddl,,ok,28,5.286,24,316,20,0,220,0.291,24,False,3,0.9286,8,10.714,1.0,1.0
2011,seq-opt,floortile,opt-p05-010.pddl,,ok,28,5.286,24,316,20,0,220,0.291,24,False,3,0.9286,8,10.714,1.0,1.0
2011,seq-opt,floortile,opt-p06-011.pddl,,ok,32,5.375,28,376,24,0,258,0.2601,28,False,3,0.9375,8,11,1.0,1.0
2011,seq-opt,floortile,opt-p06-012.pddl,,ok,32,5.375,28,376,24,0,258,0.2601,28,False,3,0.9375,8,11,1.0,1.0
2011,seq-opt,floortile,opt-p07-013.pddl,,ok,34,5.412,30,400,25,0,278,0.2478,30,False,3,0.9412,9,11.176,1.0,1.0
2011,seq-opt,floortile,opt-p07-014.pddl,,ok,34,5.412,30,400,25,0,278,0.2478,30,False,3,0.9412,9,11.176,1.0,1.0
2011,seq-opt,floortile,opt-p08-015.pddl,,ok,41,6.122,35,714,30,0,431,0.2628,35,False,4,0.9268,12,13.756,1.0,1.0
2011,seq-opt,floortile,opt-p08-016.pddl,,ok,41,6.122,35,714,30,0,431,0.2628,35,False,4,0.9268,12,13.756,1.0,1.0
2011,seq-opt,floortile,opt-p09-017.pddl,,ok,48,6.833,40,1104,35,0,614,0.2722,40,False,5,0.9167,13,16.333,1.0,1.0
2011,seq-opt,floortile,opt-p09-018.pddl,,ok,48,6.833,40,1104,35,0,614,0.2722,40,False,5,0.9167,13,16.333,1.0,1.0
2011,seq-opt,floortile,opt-p10-019.pddl,,ok,48,6.25,42,864,36,0,520,0.2305,42,False,4,0.9375,13,14.25,1.0,1.0
2011,seq-opt,floortile,opt-p10-020.pddl,,ok,48,6.25,42,864,36,0,520,0.2305,42,False,4,0.9375,13,14.25,1.0,1.0
2011,seq-sat,floortile,seq-p01-001.pddl,,ok,19,4.947,15,188,12,0,134,0.3918,15,False,3,0.8947,7,9.579,1.0,1.0
2011,seq-sat,floortile,seq-p01-002.pddl,,ok,19,4.947,15,188,12,0,134,0.3918,15,False,3,0.8947,7,9.579,1.0,1.0
2011,seq-sat,floortile,seq-p02-003.pddl,,ok,22,5.091,18,232,15,0,162,0.3506,18,False,3,0.9091,7,10,1.0,1.0
2011,seq-sat,floortile,seq-p02-004.pddl,,ok,22,5.091,18,232,15,0,162,0.3506,18,False,3,0.9091,7,10,1.0,1.0
2011,seq-sat,floortile,seq-p03-005.pddl,,ok,24,5.167,20,256,16,0,182,0.3297,20,False,3,0.9167,8,10.333,1.0,1.0
2011,seq-sat,floortile,seq-p03-006.pddl,,ok,24,5.167,20,256,16,0,182,0.3297,20,False,3,0.9167,8,10.333,1.0,1.0
2011,seq-sat,floortile,seq-p04-007.pddl,,ok,28,5.286,24,316,20,0,220,0.291,24,False,3,0.9286,8,10.714,1.0,1.0
2011,seq-sat,floortile,seq-p04-008.pddl,,ok,28,5.286,24,316,20,0,220,0.291,24,False,3,0.9286,8,10.714,1.0,1.0
2011,seq-sat,floortile,seq-p05-009.pddl,,ok,32,5.375,28,376,24,0,258,0.2601,28,False,3,0.9375,8,11,1.0,1.0
2011,seq-sat,floortile,seq-p05-010.pddl,,ok,32,5.375,28,376,24,0,258,0.2601,28,False,3,0.9375,8,11,1.0,1.0
2011,seq-sat,floortile,seq-p06-011.pddl,,ok,34,5.412,30,400,25,0,278,0.2478,30,False,3,0.9412,9,11.176,1.0,1.0
2011,seq-sat,floortile,seq-p06-012.pddl,,ok,34,5.412,30,400,25,0,278,0.2478,30,False,3,0.9412,9,11.176,1.0,1.0
2011,seq-sat,floortile,seq-p07-013.pddl,,ok,41,6.122,35,714,30,0,431,0.2628,35,False,4,0.9268,12,13.756,1.0,1.0
2011,seq-sat,floortile,seq-p07-014.pddl,,ok,41,6.122,35,714,30,0,431,0.2628,35,False,4,0.9268,12,13.756,1.0,1.0
2011,seq-sat,floortile,seq-p08-015.pddl,,ok,48,6.25,42,864,36,0,520,0.2305,42,False,4,0.9375,13,14.25,1.0,1.0
2011,seq-sat,floortile,seq-p08-016.pddl,,ok,48,6.25,42,864,36,0,520,0.2305,42,False,4,0.9375,13,14.25,1.0,1.0
2011,seq-sat,floortile,seq-p09-017.pddl,,ok,54,6.333,48,1002,42,0,596,0.2082,48,False,4,0.9444,14,14.556,1.0,1.0
2011,seq-sat,floortile,seq-p09-018.pddl,,ok,54,6.333,48,1002,42,0,596,0.2082,48,False,4,0.9444,14,14.556,1.0,1.0
2011,seq-sat,floortile,seq-p10-019.pddl,,ok,62,6.419,56,1176,49,0,698,0.1846,56,False,4,0.9516,15,14.903,1.0,1.0
2011,seq-sat,floortile,seq-p10-020.pddl,,ok,62,6.419,56,1176,49,0,698,0.1846,56,False,4,0.9516,15,14.903,1.0,1.0
2023,seq-opt,folding,p01.pddl,,ok,184,2.554,5,6545,8,0,9424,0.2799,141,False,1,1.0,94,3.185,1.0,1.0
2023,seq-opt,folding,p02.pddl,,ok,290,2.752,6,16741,10,0,22188,0.2647,217,False,1,1.0,141,3.566,1.0,1.0
2023,seq-opt,folding,p03.pddl,,ok,420,2.957,7,35801,12,0,44972,0.2556,309,False,1,1.0,217,3.967,1.0,1.0
2023,seq-opt,folding,p04.pddl,,ok,660,3.273,8,90137,15,0,107490,0.2471,477,False,1,1.0,335,4.588,1.0,1.0
2023,seq-opt,folding,p05.pddl,,ok,954,3.595,10,190645,18,0,220004,0.242,681,False,1,1.0,481,5.226,1.0,1.0
2023,seq-opt,folding,p06.pddl,,ok,1180,3.812,11,293481,20,0,333268,0.2396,837,False,1,1.0,582,5.656,1.0,1.0
2023,seq-opt,folding,p07.pddl,,ok,1302,3.92,11,358285,21,0,404058,0.2385,921,False,1,1.0,651,5.871,1.0,1.0
2023,seq-opt,folding,p08.pddl,,ok,420,2.957,7,35801,12,0,44972,0.2556,309,False,1,1.0,217,3.967,1.0,1.0
2023,seq-opt,folding,p09.pddl,,ok,494,3.061,7,49917,13,0,61426,0.2522,361,False,1,1.0,241,4.17,1.0,1.0
2023,seq-opt,folding,p10.pddl,,ok,574,3.167,8,67789,14,0,82048,0.2495,417,False,1,1.0,286,4.38,1.0,1.0
2023,seq-opt,folding,p11.pddl,,ok,752,3.38,9,117537,16,0,138456,0.2452,541,False,1,1.0,365,4.801,1.0,1.0
2023,seq-opt,folding,p12.pddl,,ok,954,3.595,10,190645,18,0,220004,0.242,681,False,1,1.0,481,5.226,1.0,1.0
2023,seq-opt,folding,p13.pddl,,ok,1180,3.812,11,293481,20,0,333268,0.2396,837,False,1,1.0,582,5.656,1.0,1.0
2023,seq-opt,folding,p14.pddl,,ok,420,2.957,7,35801,12,0,44972,0.2556,309,False,1,1.0,217,3.967,1.0,1.0
2023,seq-opt,folding,p15.pddl,,ok,574,3.167,8,67789,14,0,82048,0.2495,417,False,1,1.0,286,4.38,1.0,1.0
2023,seq-opt,folding,p16.pddl,,ok,660,3.273,8,90137,15,0,107490,0.2471,477,False,1,1.0,335,4.588,1.0,1.0
2023,seq-opt,folding,p17.pddl,,ok,752,3.38,9,117537,16,0,138456,0.2452,541,False,1,1.0,365,4.801,1.0,1.0
2023,seq-opt,folding,p18.pddl,,ok,954,3.595,10,190645,18,0,220004,0.242,681,False,1,1.0,481,5.226,1.0,1.0
2023,seq-opt,folding,p19.pddl,,ok,1180,3.812,11,293481,20,0,333268,0.2396,837,False,1,1.0,582,5.656,1.0,1.0
2023,seq-opt,folding,p20.pddl,,ok,1704,4.248,13,617649,24,0,685088,0.2361,1197,False,1,1.0,849,6.522,1.0,1.0
2023,seq-sat,folding,p01.pddl,,ok,420,2.957,7,35801,12,0,44972,0.2556,309,False,1,1.0,217,3.967,1.0,1.0
2023,seq-sat,folding,p02.pddl,,ok,752,3.38,9,117537,16,0,138456,0.2452,541,False,1,1.0,365,4.801,1.0,1.0
2023,seq-sat,folding,p03.pddl,,ok,1180,3.812,11,293481,20,0,333268,0.2396,837,False,1,1.0,582,5.656,1.0,1.0
2023,seq-sat,folding,p04.pddl,,ok,1430,4.029,12,433181,22,0,485592,0.2376,1009,False,1,1.0,724,6.088,1.0,1.0
2023,seq-sat,folding,p05.pddl,,ok,1704,4.248,13,617649,24,0,685088,0.2361,1197,False,1,1.0,849,6.522,1.0,1.0
2023,seq-sat,folding,p06.pddl,,ok,2002,4.467,14,855557,26,0,940636,0.2348,1401,False,1,1.0,982,6.958,1.0,1.0
2023,seq-sat,folding,p07.pddl,,ok,2324,4.686,15,1156345,28,0,1261884,0.2337,1621,False,1,1.0,1164,7.395,1.0,1.0
2023,seq-sat,folding,p08.pddl,,ok,574,3.167,8,67789,14,0,82048,0.2495,417,False,1,1.0,286,4.38,1.0,1.0
2023,seq-sat,folding,p09.pddl,,ok,752,3.38,9,117537,16,0,138456,0.2452,541,False,1,1.0,365,4.801,1.0,1.0
2023,seq-sat,folding,p10.pddl,,ok,954,3.595,10,190645,18,0,220004,0.242,681,False,1,1.0,481,5.226,1.0,1.0
2023,seq-sat,folding,p11.pddl,,ok,1180,3.812,11,293481,20,0,333268,0.2396,837,False,1,1.0,582,5.656,1.0,1.0
2023,seq-sat,folding,p12.pddl,,ok,1704,4.248,13,617649,24,0,685088,0.2361,1197,False,1,1.0,849,6.522,1.0,1.0
2023,seq-sat,folding,p13.pddl,,ok,2002,4.467,14,855557,26,0,940636,0.2348,1401,False,1,1.0,982,6.958,1.0,1.0
2023,seq-sat,folding,p14.pddl,,ok,574,3.167,8,67789,14,0,82048,0.2495,417,False,1,1.0,286,4.38,1.0,1.0
2023,seq-sat,folding,p15.pddl,,ok,752,3.38,9,117537,16,0,138456,0.2452,541,False,1,1.0,365,4.801,1.0,1.0
2023,seq-sat,folding,p16.pddl,,ok,954,3.595,10,190645,18,0,220004,0.242,681,False,1,1.0,481,5.226,1.0,1.0
2023,seq-sat,folding,p17.pddl,,ok,1180,3.812,11,293481,20,0,333268,0.2396,837,False,1,1.0,582,5.656,1.0,1.0
2023,seq-sat,folding,p18.pddl,,ok,1704,4.248,13,617649,24,0,685088,0.2361,1197,False,1,1.0,849,6.522,1.0,1.0
2023,seq-sat,folding,p19.pddl,,ok,2324,4.686,15,1156345,28,0,1261884,0.2337,1621,False,1,1.0,1164,7.395,1.0,1.0
2023,seq-sat,folding,p20.pddl,,tempo esgotado (300 s),,,,,,,,,,,,,,,,
2023,seq-opt,labyrinth,p01.pddl,,ok,106,2.066,9,24175,1,0,7833,0.7038,105,False,2,0.9906,77,2.651,0.9906,0.9964
2023,seq-opt,labyrinth,p02.pddl,,ok,295,2.047,16,250090,1,0,43939,0.5066,294,False,2,0.9966,181,2.749,0.9966,0.9988
2023,seq-opt,labyrinth,p03.pddl,,ok,295,2.047,16,249105,1,0,43941,0.5066,294,False,2,0.9966,181,2.661,0.9966,0.9987
2023,seq-opt,labyrinth,p04.pddl,,ok,295,2.047,16,249656,1,0,43934,0.5066,294,False,2,0.9966,181,2.736,0.9966,0.9988
2023,seq-opt,labyrinth,p05.pddl,,ok,295,2.047,16,250113,1,0,43937,0.5066,294,False,2,0.9966,181,2.769,0.9966,0.9988
2023,seq-opt,labyrinth,p06.pddl,,ok,682,2.034,25,1517855,1,0,167746,0.3612,681,False,2,0.9985,355,2.814,0.9985,0.9995
2023,seq-opt,labyrinth,p07.pddl,,ok,682,2.034,25,1520733,1,0,167745,0.3612,681,False,2,0.9985,355,2.855,0.9985,0.9995
2023,seq-opt,labyrinth,p08.pddl,,tempo esgotado (300 s),,,,,,,,,,,,,,,,
2023,seq-opt,labyrinth,p09.pddl,,ok,682,2.034,25,1516736,1,0,167746,0.3612,681,False,2,0.9985,355,2.808,0.9985,0.9995
2023,seq-opt,labyrinth,p10.pddl,,tempo esgotado (300 s),,,,,,,,,,,,,,,,
2023,seq-opt,labyrinth,p11.pddl,,tempo esgotado (300 s),,,,,,,,,,,,,,,,
2023,seq-opt,labyrinth,p12.pddl,,tempo esgotado (300 s),,,,,,,,,,,,,,,,
2023,seq-opt,labyrinth,p13.pddl,,tempo esgotado (300 s),,,,,,,,,,,,,,,,
2023,seq-opt,labyrinth,p14.pddl,,tempo esgotado (300 s),,,,,,,,,,,,,,,,
2023,seq-opt,labyrinth,p15.pddl,,tempo esgotado (300 s),,,,,,,,,,,,,,,,
2023,seq-opt,labyrinth,p16.pddl,,tempo esgotado (300 s),,,,,,,,,,,,,,,,
2023,seq-opt,labyrinth,p17.pddl,,tempo esgotado (300 s),,,,,,,,,,,,,,,,
2023,seq-opt,labyrinth,p18.pddl,,tempo esgotado (300 s),,,,,,,,,,,,,,,,
2023,seq-opt,labyrinth,p19.pddl,,tempo esgotado (300 s),,,,,,,,,,,,,,,,
2023,seq-opt,labyrinth,p20.pddl,,tempo esgotado (300 s),,,,,,,,,,,,,,,,
2023,seq-sat,labyrinth,p01.pddl,,tempo esgotado (300 s),,,,,,,,,,,,,,,,
2023,seq-sat,labyrinth,p02.pddl,,tempo esgotado (300 s),,,,,,,,,,,,,,,,
2023,seq-sat,labyrinth,p03.pddl,,tempo esgotado (300 s),,,,,,,,,,,,,,,,
2023,seq-sat,labyrinth,p04.pddl,,tempo esgotado (300 s),,,,,,,,,,,,,,,,
2023,seq-sat,labyrinth,p05.pddl,,tempo esgotado (300 s),,,,,,,,,,,,,,,,
2023,seq-sat,labyrinth,p06.pddl,,tempo esgotado (300 s),,,,,,,,,,,,,,,,
2023,seq-sat,labyrinth,p07.pddl,,tempo esgotado (300 s),,,,,,,,,,,,,,,,
2023,seq-sat,labyrinth,p08.pddl,,tempo esgotado (300 s),,,,,,,,,,,,,,,,
2023,seq-sat,labyrinth,p09.pddl,,tempo esgotado (300 s),,,,,,,,,,,,,,,,
2023,seq-sat,labyrinth,p10.pddl,,tempo esgotado (300 s),,,,,,,,,,,,,,,,
2023,seq-sat,labyrinth,p11.pddl,,tempo esgotado (300 s),,,,,,,,,,,,,,,,
2023,seq-sat,labyrinth,p12.pddl,,tempo esgotado (300 s),,,,,,,,,,,,,,,,
2023,seq-sat,labyrinth,p13.pddl,,tempo esgotado (300 s),,,,,,,,,,,,,,,,
2023,seq-sat,labyrinth,p14.pddl,,tempo esgotado (300 s),,,,,,,,,,,,,,,,
2023,seq-sat,labyrinth,p15.pddl,,tempo esgotado (300 s),,,,,,,,,,,,,,,,
2023,seq-sat,labyrinth,p16.pddl,,tempo esgotado (300 s),,,,,,,,,,,,,,,,
2023,seq-sat,labyrinth,p17.pddl,,tempo esgotado (300 s),,,,,,,,,,,,,,,,
2023,seq-sat,labyrinth,p18.pddl,,tempo esgotado (300 s),,,,,,,,,,,,,,,,
2023,seq-sat,labyrinth,p19.pddl,,tempo esgotado (300 s),,,,,,,,,,,,,,,,
2023,seq-sat,labyrinth,p20.pddl,,tempo esgotado (300 s),,,,,,,,,,,,,,,,
2011,seq-opt,nomystery,p01.pddl,,ok,5,11,36,350,3,0,5,0.25,4,False,4,0.4,1,39.8,0.8,0.1809
2011,seq-opt,nomystery,p02.pddl,,ok,6,21.167,98,1210,4,0,6,0.2,5,False,5,0.3333,1,94,0.8333,0.0957
2011,seq-opt,nomystery,p03.pddl,,ok,7,14,57,850,5,0,7,0.1667,6,False,6,0.2857,1,67.571,0.8571,0.1649
2011,seq-opt,nomystery,p04.pddl,,ok,8,18.625,94,1718,6,0,8,0.1429,7,False,7,0.25,1,94.75,0.875,0.1372
2011,seq-opt,nomystery,p05.pddl,,ok,9,27,172,3878,7,0,9,0.125,8,False,8,0.2222,1,155,0.8889,0.0975
2011,seq-opt,nomystery,p06.pddl,,ok,10,32.4,235,5830,8,0,10,0.1111,9,False,9,0.2,1,235.7,0.9,0.0721
2011,seq-opt,nomystery,p07.pddl,,ok,11,28,199,5772,9,0,11,0.1,10,False,10,0.1818,1,239.636,0.9091,0.0797
2011,seq-opt,nomystery,p08.pddl,,ok,12,29.75,226,7060,10,0,12,0.0909,11,False,11,0.1667,1,217.667,0.9167,0.0965
2011,seq-opt,nomystery,p09.pddl,,ok,13,31.308,252,8890,11,0,13,0.0833,12,False,12,0.1538,1,299.692,0.9231,0.077
2011,seq-opt,nomystery,p10.pddl,,ok,14,25.714,179,6672,12,0,14,0.0769,13,False,13,0.1429,1,180.714,0.9286,0.1383
2011,seq-opt,nomystery,p11.pddl,,ok,5,9,26,230,3,0,5,0.25,4,False,4,0.4,1,27.8,0.8,0.259
2011,seq-opt,nomystery,p12.pddl,,ok,6,16.5,70,818,4,0,6,0.2,5,False,5,0.3333,1,66,0.8333,0.1364
2011,seq-opt,nomystery,p13.pddl,,ok,7,11.714,41,562,5,0,7,0.1667,6,False,6,0.2857,1,47,0.8571,0.2371
2011,seq-opt,nomystery,p14.pddl,,ok,8,15.25,67,1178,6,0,8,0.1429,7,False,7,0.25,1,67.75,0.875,0.1919
2011,seq-opt,nomystery,p15.pddl,,ok,9,21.667,124,2726,7,0,9,0.125,8,False,8,0.2222,1,112.333,0.8889,0.1345
2011,seq-opt,nomystery,p16.pddl,,ok,10,26,171,4166,8,0,10,0.1111,9,False,9,0.2,1,171.7,0.9,0.099
2011,seq-opt,nomystery,p17.pddl,,ok,11,23.182,146,4182,9,0,11,0.1,10,False,10,0.1818,1,177,0.9091,0.1079
2011,seq-opt,nomystery,p18.pddl,,ok,12,24.75,166,5140,10,0,12,0.0909,11,False,11,0.1667,1,162.667,0.9167,0.1291
2011,seq-opt,nomystery,p19.pddl,,ok,13,26.077,184,6442,11,0,13,0.0833,12,False,12,0.1538,1,221.231,0.9231,0.1043
2011,seq-opt,nomystery,p20.pddl,,ok,14,22.286,131,4848,12,0,14,0.0769,13,False,13,0.1429,1,136.143,0.9286,0.1836
2011,seq-sat,nomystery,p01.pddl,,ok,8,16.125,81,1294,6,0,8,0.1429,7,False,7,0.25,1,87.625,0.875,0.1284
2011,seq-sat,nomystery,p02.pddl,,ok,9,17.444,94,1732,7,0,9,0.125,8,False,8,0.2222,1,85.778,0.8889,0.1528
2011,seq-sat,nomystery,p03.pddl,,ok,10,25.2,172,3894,8,0,10,0.1111,9,False,9,0.2,1,141.1,0.9,0.1077
2011,seq-sat,nomystery,p04.pddl,,ok,11,30.364,235,5848,9,0,11,0.1,10,False,10,0.1818,1,215.909,0.9091,0.0792
2011,seq-sat,nomystery,p05.pddl,,ok,12,28.75,225,6572,10,0,12,0.0909,11,False,11,0.1667,1,249.5,0.9167,0.0768
2011,seq-sat,nomystery,p06.pddl,,ok,13,28.385,226,7082,11,0,13,0.0833,12,False,12,0.1538,1,202.615,0.9231,0.104
2011,seq-sat,nomystery,p07.pddl,,ok,14,30,252,8914,12,0,14,0.0769,13,False,13,0.1429,1,280,0.9286,0.0827
2011,seq-sat,nomystery,p08.pddl,,ok,15,24.933,179,6698,13,0,15,0.0714,14,False,14,0.1333,1,170.4,0.9333,0.1471
2011,seq-sat,nomystery,p09.pddl,,ok,16,33.188,307,12794,14,0,16,0.0667,15,False,15,0.125,1,303.688,0.9375,0.0893
2011,seq-sat,nomystery,p10.pddl,,ok,17,29.235,242,10532,15,0,17,0.0625,16,False,16,0.1176,1,257.706,0.9412,0.1128
2011,seq-sat,nomystery,p11.pddl,,ok,8,13.25,58,880,6,0,8,0.1429,7,False,7,0.25,1,61.75,0.875,0.1822
2011,seq-sat,nomystery,p12.pddl,,ok,9,14.444,67,1192,7,0,9,0.125,8,False,8,0.2222,1,61.778,0.8889,0.2122
2011,seq-sat,nomystery,p13.pddl,,ok,10,20.4,124,2742,8,0,10,0.1111,9,False,9,0.2,1,102.7,0.9,0.148
2011,seq-sat,nomystery,p14.pddl,,ok,11,24.545,171,4184,9,0,11,0.1,10,False,10,0.1818,1,157.727,0.9091,0.1084
2011,seq-sat,nomystery,p15.pddl,,ok,12,23.75,165,4772,10,0,12,0.0909,11,False,11,0.1667,1,184.5,0.9167,0.1039
2011,seq-sat,nomystery,p16.pddl,,ok,13,23.769,166,5162,11,0,13,0.0833,12,False,12,0.1538,1,151.846,0.9231,0.1388
2011,seq-sat,nomystery,p17.pddl,,ok,14,25.143,184,6466,12,0,14,0.0769,13,False,13,0.1429,1,207.143,0.9286,0.1117
2011,seq-sat,nomystery,p18.pddl,,ok,15,21.733,131,4874,13,0,15,0.0714,14,False,14,0.1333,1,128.8,0.9333,0.1946
2011,seq-sat,nomystery,p19.pddl,,ok,16,28.062,225,9350,14,0,16,0.0667,15,False,15,0.125,1,226.812,0.9375,0.1196
2011,seq-sat,nomystery,p20.pddl,,ok,17,25.471,178,7716,15,0,17,0.0625,16,False,16,0.1176,1,193.706,0.9412,0.15
2018,seq-opt,nurikabe,p01.pddl,,ok,30,2.3,9,101,2,0,375,0.431,29,False,1,1.0,13,1.9,0.0667,0.4912
2018,seq-opt,nurikabe,p02.pddl,,ok,30,2.3,9,101,2,0,375,0.431,29,False,1,1.0,13,1.9,0.0667,0.4912
2018,seq-opt,nurikabe,p03.pddl,,ok,62,2.29,16,295,2,0,1220,0.3226,61,False,1,1.0,22,1.855,0.0323,0.4522
2018,seq-opt,nurikabe,p04.pddl,,ok,60,2.317,16,345,3,0,1120,0.3164,59,False,1,1.0,25,1.917,0.0333,0.4696
2018,seq-opt,nurikabe,p05.pddl,,ok,103,2.291,25,698,2,0,2331,0.2219,101,False,2,0.9903,38,1.845,0.0194,0.4421
2018,seq-opt,nurikabe,p06.pddl,,ok,95,2.337,25,785,5,0,1804,0.202,91,False,4,0.9684,25,1.947,0.0211,0.4865
2018,seq-opt,nurikabe,p07.pddl,,ok,172,2.267,36,1607,5,0,4588,0.156,169,False,3,0.9884,46,1.779,0.0116,0.4248
2018,seq-opt,nurikabe,p08.pddl,,ok,170,2.276,36,1499,7,0,4147,0.1443,162,False,8,0.9588,36,1.776,0.0118,0.4437
2018,seq-opt,nurikabe,p09.pddl,,ok,271,2.24,49,3233,6,0,8346,0.1141,268,False,3,0.9926,87,1.697,0.0074,0.3913
2018,seq-opt,nurikabe,p10.pddl,,ok,250,2.26,49,3311,8,0,7631,0.1226,248,False,2,0.996,61,1.768,0.008,0.4163
2018,seq-opt,nurikabe,p11.pddl,,ok,431,2.206,64,6252,8,0,15948,0.0861,426,False,5,0.9907,98,1.589,0.0046,0.3504
2018,seq-opt,nurikabe,p12.pddl,,ok,410,2.215,64,5931,10,0,14816,0.0884,405,False,5,0.9902,76,1.622,0.0049,0.3669
2018,seq-opt,nurikabe,p13.pddl,,ok,621,2.18,81,9716,10,0,24162,0.0628,617,False,4,0.9952,102,1.527,0.0032,0.3249
2018,seq-opt,nurikabe,p14.pddl,,ok,602,2.191,81,10474,11,0,22862,0.0632,597,False,5,0.9934,95,1.548,0.0033,0.3326
2018,seq-opt,nurikabe,p15.pddl,,ok,893,2.152,100,12777,15,0,35678,0.0448,879,False,14,0.9854,97,1.447,0.0022,0.3019
2018,seq-opt,nurikabe,p16.pddl,,ok,829,2.166,100,15010,13,0,34259,0.0499,827,False,2,0.9988,107,1.496,0.0024,0.3113
2018,seq-opt,nurikabe,p17.pddl,,ok,1241,2.135,121,21354,14,0,57100,0.0371,1233,False,8,0.9944,202,1.399,0.0016,0.2696
2018,seq-opt,nurikabe,p18.pddl,,ok,1222,2.137,121,20204,17,0,52683,0.0353,1210,False,12,0.991,118,1.403,0.0016,0.2764
2018,seq-opt,nurikabe,p19.pddl,,ok,1619,2.127,144,31717,21,0,73792,0.0282,1606,False,13,0.9926,132,1.37,0.0012,0.257
2018,seq-opt,nurikabe,p20.pddl,,ok,1602,2.127,144,32488,19,0,72027,0.0281,1595,False,7,0.9963,266,1.376,0.0012,0.2568
2018,seq-sat,nurikabe,p01.pddl,,ok,155,2.297,36,1647,6,0,3928,0.1646,153,False,2,0.9935,43,1.877,0.0129,0.4536
2018,seq-sat,nurikabe,p02.pddl,,ok,164,2.28,36,1518,7,0,4285,0.1603,159,False,5,0.9756,41,1.817,0.0122,0.4497
2018,seq-sat,nurikabe,p03.pddl,,ok,287,2.22,49,2861,7,0,9366,0.1141,283,False,4,0.9895,81,1.652,0.007,0.384
2018,seq-sat,nurikabe,p04.pddl,,ok,302,2.228,49,3763,7,0,10295,0.1133,297,False,5,0.9868,77,1.636,0.0066,0.3684
2018,seq-sat,nurikabe,p05.pddl,,ok,396,2.22,64,5875,9,0,13682,0.0875,393,False,3,0.9949,88,1.644,0.0051,0.3717
2018,seq-sat,nurikabe,p06.pddl,,ok,409,2.21,64,5384,10,0,14016,0.084,403,False,6,0.9878,111,1.616,0.0049,0.3691
2018,seq-sat,nurikabe,p07.pddl,,ok,589,2.182,81,8100,11,0,20886,0.0603,583,False,6,0.9915,86,1.545,0.0034,0.3407
2018,seq-sat,nurikabe,p08.pddl,,ok,661,2.168,81,9242,11,0,27522,0.0631,655,False,6,0.9924,137,1.492,0.003,0.3144
2018,seq-sat,nurikabe,p09.pddl,,ok,828,2.168,100,15241,13,0,32742,0.0478,825,False,3,0.9976,94,1.496,0.0024,0.3115
2018,seq-sat,nurikabe,p10.pddl,,ok,867,2.16,100,14737,13,0,34708,0.0462,861,False,6,0.9942,134,1.471,0.0023,0.3027
2018,seq-sat,nurikabe,p11.pddl,,ok,1218,2.14,121,21360,16,0,51890,0.035,1207,False,11,0.9918,227,1.407,0.0016,0.2754
2018,seq-sat,nurikabe,p12.pddl,,ok,1183,2.139,121,20476,14,0,50423,0.0361,1178,False,5,0.9966,198,1.418,0.0017,0.2789
2018,seq-sat,nurikabe,p13.pddl,,ok,1715,2.116,144,28329,19,0,73222,0.0249,1701,False,14,0.9924,188,1.344,0.0012,0.2456
2018,seq-sat,nurikabe,p14.pddl,,ok,1532,2.134,144,34667,14,0,70672,0.0301,1530,False,2,0.9993,320,1.394,0.0013,0.2603
2018,seq-sat,nurikabe,p15.pddl,,ok,2115,2.114,169,45788,20,0,95539,0.0214,2106,False,9,0.9962,146,1.336,0.0009,0.235
2018,seq-sat,nurikabe,p16.pddl,,ok,2045,2.117,169,43792,25,0,93964,0.0225,2035,False,10,0.9956,179,1.348,0.001,0.2446
2018,seq-sat,nurikabe,p17.pddl,,ok,2779,2.1,196,57703,23,0,127854,0.0166,2765,False,14,0.9953,256,1.295,0.0007,0.2151
2018,seq-sat,nurikabe,p18.pddl,,ok,2868,2.096,196,55531,27,0,129826,0.0158,2849,False,19,0.9937,212,1.285,0.0007,0.2122
2018,seq-sat,nurikabe,p19.pddl,,ok,3533,2.089,225,73814,30,0,165504,0.0133,3514,False,19,0.9949,292,1.267,0.0006,0.201
2018,seq-sat,nurikabe,p20.pddl,,ok,3557,2.09,225,78583,29,0,173011,0.0137,3542,False,15,0.9961,353,1.267,0.0006,0.1992
2011,seq-opt,openstacks,p01.pddl,,ok,21,2.905,11,220,10,0,60,0.1429,20,False,1,1.0,2,2.381,0.0476,0.4
2011,seq-opt,openstacks,p02.pddl,,ok,23,2.913,12,264,11,0,67,0.1324,22,False,1,1.0,2,2.391,0.0435,0.4
2011,seq-opt,openstacks,p03.pddl,,ok,25,2.92,13,312,12,0,76,0.1267,24,False,1,1.0,2,2.4,0.04,0.4
2011,seq-opt,openstacks,p04.pddl,,ok,27,2.926,14,364,13,0,79,0.1125,26,False,1,1.0,2,2.407,0.037,0.4
2011,seq-opt,openstacks,p05.pddl,,ok,29,2.931,15,420,14,0,88,0.1084,28,False,1,1.0,2,2.414,0.0345,0.4
2011,seq-opt,openstacks,p06.pddl,,ok,31,2.935,16,480,15,0,93,0.1,30,False,1,1.0,2,2.419,0.0323,0.4
2011,seq-opt,openstacks,p07.pddl,,ok,33,2.939,17,544,16,0,98,0.0928,32,False,1,1.0,2,2.424,0.0303,0.4
2011,seq-opt,openstacks,p08.pddl,,ok,35,2.943,18,612,17,0,103,0.0866,34,False,1,1.0,2,2.429,0.0286,0.4
2011,seq-opt,openstacks,p09.pddl,,ok,37,2.946,19,684,18,0,114,0.0856,36,False,1,1.0,2,2.432,0.027,0.4
2011,seq-opt,openstacks,p10.pddl,,ok,53,2.962,27,1404,26,0,182,0.066,52,False,1,1.0,4,2.453,0.0189,0.4
2011,seq-opt,openstacks,p11.pddl,,ok,39,2.949,20,760,19,0,115,0.0776,38,False,1,1.0,2,2.436,0.0256,0.4
2011,seq-opt,openstacks,p12.pddl,,ok,41,2.951,21,840,20,0,128,0.078,40,False,1,1.0,2,2.439,0.0244,0.4
2011,seq-opt,openstacks,p13.pddl,,ok,43,2.953,22,924,21,0,133,0.0736,42,False,1,1.0,3,2.442,0.0233,0.4
2011,seq-opt,openstacks,p14.pddl,,ok,45,2.956,23,1012,22,0,142,0.0717,44,False,1,1.0,2,2.444,0.0222,0.4
2011,seq-opt,openstacks,p15.pddl,,ok,47,2.957,24,1104,23,0,145,0.0671,46,False,1,1.0,2,2.447,0.0213,0.4
2011,seq-opt,openstacks,p16.pddl,,ok,51,2.961,26,1300,25,0,153,0.06,50,False,1,1.0,2,2.451,0.0196,0.4
2011,seq-opt,openstacks,p17.pddl,,ok,49,2.959,25,1200,24,0,150,0.0638,48,False,1,1.0,3,2.449,0.0204,0.4
2011,seq-opt,openstacks,p18.pddl,,ok,55,2.964,28,1512,27,0,175,0.0589,54,False,1,1.0,4,2.455,0.0182,0.4
2011,seq-opt,openstacks,p19.pddl,,ok,57,2.965,29,1624,28,0,178,0.0558,56,False,1,1.0,3,2.456,0.0175,0.4
2011,seq-opt,openstacks,p20.pddl,,ok,59,2.966,30,1740,29,0,193,0.0564,58,False,1,1.0,3,2.458,0.0169,0.4
2011,seq-sat,openstacks,p01.pddl,,ok,101,2.98,51,5100,50,0,352,0.0349,100,False,1,1.0,5,2.475,0.0099,0.4
2011,seq-sat,openstacks,p02.pddl,,ok,121,2.983,61,7320,60,0,486,0.0335,120,False,1,1.0,11,2.479,0.0083,0.4
2011,seq-sat,openstacks,p03.pddl,,ok,121,2.983,61,7320,60,0,440,0.0303,120,False,1,1.0,7,2.479,0.0083,0.4
2011,seq-sat,openstacks,p04.pddl,,ok,161,2.988,81,12960,80,0,654,0.0254,160,False,1,1.0,12,2.484,0.0062,0.4
2011,seq-sat,openstacks,p05.pddl,,ok,161,2.988,81,12960,80,0,616,0.0239,160,False,1,1.0,10,2.484,0.0062,0.4
2011,seq-sat,openstacks,p06.pddl,,ok,161,2.988,81,12960,80,0,642,0.0249,160,False,1,1.0,14,2.484,0.0062,0.4
2011,seq-sat,openstacks,p07.pddl,,ok,101,2.98,51,5100,50,0,392,0.0388,100,False,1,1.0,7,2.475,0.0099,0.4
2011,seq-sat,openstacks,p08.pddl,,ok,201,2.99,101,20200,100,0,874,0.0217,200,False,1,1.0,22,2.488,0.005,0.4
2011,seq-sat,openstacks,p09.pddl,,ok,201,2.99,101,20200,100,0,880,0.0219,200,False,1,1.0,24,2.488,0.005,0.4
2011,seq-sat,openstacks,p10.pddl,,ok,201,2.99,101,20200,100,0,888,0.0221,200,False,1,1.0,22,2.488,0.005,0.4
2011,seq-sat,openstacks,p11.pddl,,ok,261,2.992,131,34060,130,0,1064,0.0157,260,False,1,1.0,23,2.49,0.0038,0.4
2011,seq-sat,openstacks,p12.pddl,,ok,261,2.992,131,34060,130,0,2450,0.0361,260,False,1,1.0,95,2.49,0.0038,0.4
2011,seq-sat,openstacks,p13.pddl,,ok,321,2.994,161,51520,160,0,1336,0.013,320,False,1,1.0,31,2.492,0.0031,0.4
2011,seq-sat,openstacks,p14.pddl,,ok,321,2.994,161,51520,160,0,3146,0.0306,320,False,1,1.0,131,2.492,0.0031,0.4
2011,seq-sat,openstacks,p15.pddl,,ok,381,2.995,191,72580,190,0,1850,0.0128,380,False,1,1.0,59,2.493,0.0026,0.4
2011,seq-sat,openstacks,p16.pddl,,ok,381,2.995,191,72580,190,0,4008,0.0277,380,False,1,1.0,165,2.493,0.0026,0.4
2011,seq-sat,openstacks,p17.pddl,,ok,441,2.995,221,97240,220,0,2300,0.0119,440,False,1,1.0,77,2.494,0.0023,0.4
2011,seq-sat,openstacks,p18.pddl,,ok,441,2.995,221,97240,220,0,5136,0.0265,440,False,1,1.0,211,2.494,0.0023,0.4
2011,seq-sat,openstacks,p19.pddl,,ok,501,2.996,251,125500,250,0,2822,0.0113,500,False,1,1.0,115,2.495,0.002,0.4
2011,seq-sat,openstacks,p20.pddl,,ok,501,2.996,251,125500,250,0,6224,0.0248,500,False,1,1.0,252,2.495,0.002,0.4
2018,seq-opt,organic-synthesis,p01.pddl,,ok,11,2,2,360,6,0,90,0.8182,10,False,3,0.8182,9,0.818,0.0,0.0
2018,seq-opt,organic-synthesis,p02.pddl,,ok,12,2,2,432,6,0,122,0.9242,11,False,1,1.0,10,1,0.0,0.0
2018,seq-opt,organic-synthesis,p03.pddl,,ok,22,2,2,5880,6,0,403,0.8723,21,False,1,1.0,20,1.318,0.3182,0.4828
2018,seq-opt,organic-synthesis,p04.pddl,,tempo esgotado (1800 s),,,,,,,,,,,,,,,,
2018,seq-opt,organic-synthesis,p05.pddl,,tempo esgotado (1800 s),,,,,,,,,,,,,,,,
2018,seq-opt,organic-synthesis,p06.pddl,,tempo esgotado (1800 s),,,,,,,,,,,,,,,,
2018,seq-opt,organic-synthesis,p07.pddl,,ok,14,2,2,12,4,0,100,0.5495,9,False,1,1.0,6,1.286,0.2857,0.4444
2018,seq-opt,organic-synthesis,p08.pddl,,tempo esgotado (1800 s),,,,,,,,,,,,,,,,
2018,seq-opt,organic-synthesis,p09.pddl,,ok,65,2,2,19456,4,0,2292,0.551,64,False,1,1.0,34,1.4,0.4,0.5714
2018,seq-opt,organic-synthesis,p10.pddl,,ok,65,2,2,19840,4,0,2292,0.551,64,False,1,1.0,34,1.4,0.4,0.5714
2018,seq-opt,organic-synthesis,p11.pddl,,ok,97,2,2,884400,8,0,5806,0.6235,96,False,1,1.0,80,1.165,0.1649,0.2832
2018,seq-opt,organic-synthesis,p12.pddl,,ok,189,2,2,1615680,4,0,10741,0.3023,175,False,1,1.0,126,1.095,0.0952,0.1739
2018,seq-opt,organic-synthesis,p13.pddl,,tempo esgotado (1800 s),,,,,,,,,,,,,,,,
2018,seq-opt,organic-synthesis,p14.pddl,,ok,34,2,2,6576,12,0,674,0.6007,33,False,1,1.0,19,1,0.0,0.0
2018,seq-opt,organic-synthesis,p15.pddl,,tempo esgotado (1800 s),,,,,,,,,,,,,,,,
2018,seq-opt,organic-synthesis,p16.pddl,,tempo esgotado (1800 s),,,,,,,,,,,,,,,,
2018,seq-opt,organic-synthesis,p17.pddl,,tempo esgotado (1800 s),,,,,,,,,,,,,,,,
2018,seq-opt,organic-synthesis,p18.pddl,,tempo esgotado (1800 s),,,,,,,,,,,,,,,,
2018,seq-opt,organic-synthesis,p19.pddl,,tempo esgotado (1800 s),,,,,,,,,,,,,,,,
2018,seq-opt,organic-synthesis,p20.pddl,,tempo esgotado (1800 s),,,,,,,,,,,,,,,,
2018,seq-sat,organic-synthesis,p01.pddl,,tempo esgotado (1800 s),,,,,,,,,,,,,,,,
2018,seq-sat,organic-synthesis,p02.pddl,,tempo esgotado (1800 s),,,,,,,,,,,,,,,,
2018,seq-sat,organic-synthesis,p03.pddl,,tempo esgotado (1800 s),,,,,,,,,,,,,,,,
2018,seq-sat,organic-synthesis,p04.pddl,,tempo esgotado (1800 s),,,,,,,,,,,,,,,,
2018,seq-sat,organic-synthesis,p05.pddl,,tempo esgotado (1800 s),,,,,,,,,,,,,,,,
2018,seq-sat,organic-synthesis,p06.pddl,,ok,81,2,2,53712,6,0,3252,0.5019,80,False,1,1.0,38,1.37,0.3704,0.5405
2018,seq-sat,organic-synthesis,p07.pddl,,ok,84,2,2,215208,8,0,2851,0.4089,70,False,1,1.0,57,1,0.0,0.0
2018,seq-sat,organic-synthesis,p08.pddl,,tempo esgotado (1800 s),,,,,,,,,,,,,,,,
2018,seq-sat,organic-synthesis,p09.pddl,,tempo esgotado (1800 s),,,,,,,,,,,,,,,,
2018,seq-sat,organic-synthesis,p10.pddl,,tempo esgotado (1800 s),,,,,,,,,,,,,,,,
2018,seq-sat,organic-synthesis,p11.pddl,,tempo esgotado (1800 s),,,,,,,,,,,,,,,,
2018,seq-sat,organic-synthesis,p12.pddl,,tempo esgotado (1800 s),,,,,,,,,,,,,,,,
2018,seq-sat,organic-synthesis,p13.pddl,,tempo esgotado (1800 s),,,,,,,,,,,,,,,,
2018,seq-sat,organic-synthesis,p14.pddl,,tempo esgotado (1800 s),,,,,,,,,,,,,,,,
2018,seq-sat,organic-synthesis,p15.pddl,,tempo esgotado (1800 s),,,,,,,,,,,,,,,,
2018,seq-sat,organic-synthesis,p16.pddl,,ok,403,2,2,137784,2,0,44716,0.276,350,False,1,1.0,189,1.799,0.799,0.8883
2018,seq-sat,organic-synthesis,p17.pddl,,tempo esgotado (1800 s),,,,,,,,,,,,,,,,
2018,seq-sat,organic-synthesis,p18.pddl,,tempo esgotado (1800 s),,,,,,,,,,,,,,,,
2018,seq-sat,organic-synthesis,p19.pddl,,tempo esgotado (1800 s),,,,,,,,,,,,,,,,
2018,seq-sat,organic-synthesis,p20.pddl,,tempo esgotado (1800 s),,,,,,,,,,,,,,,,
2018,seq-opt,organic-synthesis-split,p01.pddl,,ok,201,2,2,2174,7,0,5229,0.1301,66,False,1,1.0,77,1.851,0.8507,0.9194
2018,seq-opt,organic-synthesis-split,p02.pddl,,ok,241,2,2,3722,7,0,7319,0.1265,88,False,1,1.0,85,1.851,0.8506,0.9193
2018,seq-opt,organic-synthesis-split,p03.pddl,,ok,948,2,2,23959,31,0,53133,0.0592,453,False,1,1.0,425,1.961,0.961,0.9801
2018,seq-opt,organic-synthesis-split,p04.pddl,,ok,818,2,2,11760,25,0,32463,0.0486,395,False,1,1.0,343,1.968,0.9682,0.9839
2018,seq-opt,organic-synthesis-split,p05.pddl,,ok,1384,2,2,32059,25,0,91902,0.048,788,False,25,0.9827,605,1.944,0.961,0.9888
2018,seq-opt,organic-synthesis-split,p06.pddl,,ok,1226,2,2,38712,41,0,81396,0.0542,687,False,1,1.0,485,1.984,0.9837,0.9918
2018,seq-opt,organic-synthesis-split,p07.pddl,,ok,58,2,2,316,5,0,532,0.1609,40,False,1,1.0,13,1.759,0.7586,0.8627
2018,seq-opt,organic-synthesis-split,p08.pddl,,ok,1909,2,2,66214,39,0,169248,0.0465,1162,False,1,1.0,795,1.964,0.9639,0.9816
2018,seq-opt,organic-synthesis-split,p09.pddl,,ok,430,2,2,5511,5,0,14217,0.0771,112,False,1,1.0,125,1.844,0.8442,0.9155
2018,seq-opt,organic-synthesis-split,p10.pddl,,ok,440,2,2,5633,5,0,14659,0.0759,120,False,1,1.0,120,1.839,0.8386,0.9122
2018,seq-opt,organic-synthesis-split,p11.pddl,,ok,1382,2,2,23534,9,0,79400,0.0416,941,False,1,1.0,297,1.594,0.5941,0.7453
2018,seq-opt,organic-synthesis-split,p12.pddl,,ok,1601,2,2,27173,5,0,92395,0.0361,740,False,1,1.0,290,1.656,0.6558,0.7922
2018,seq-opt,organic-synthesis-split,p13.pddl,,ok,2973,2,2,122976,47,0,304366,0.0344,2277,False,1,1.0,812,1.998,0.9976,0.9988
2018,seq-opt,organic-synthesis-split,p14.pddl,,ok,390,2,2,9378,13,0,15824,0.1043,152,False,1,1.0,147,1.759,0.759,0.863
2018,seq-opt,organic-synthesis-split,p15.pddl,,ok,3406,2,2,136390,63,0,330579,0.0285,2675,False,1,1.0,655,1.979,0.9789,0.9893
2018,seq-opt,organic-synthesis-split,p16.pddl,,ok,4771,2,2,214388,31,0,566118,0.0249,3447,False,1,1.0,1722,1.981,0.9809,0.9904
2018,seq-opt,organic-synthesis-split,p17.pddl,,ok,5750,2,2,312988,16,0,767349,0.0232,4186,False,1,1.0,1454,1.98,0.9798,0.9898
2018,seq-opt,organic-synthesis-split,p18.pddl,,ok,4207,2,2,202314,32,0,436880,0.0247,3254,False,71,0.9834,1086,1.932,0.9482,0.9818
2018,seq-opt,organic-synthesis-split,p19.pddl,,ok,2516,2,2,85575,13,0,222922,0.0352,1533,False,41,0.9841,636,1.948,0.9642,0.9898
2018,seq-opt,organic-synthesis-split,p20.pddl,,ok,2797,2,2,107133,19,0,279089,0.0357,1934,False,1,1.0,939,1.927,0.9271,0.9622
2018,seq-sat,organic-synthesis-split,p01.pddl,,ok,896,2,2,14657,15,0,42019,0.0524,421,False,1,1.0,358,1.972,0.9721,0.9859
2018,seq-sat,organic-synthesis-split,p02.pddl,,ok,1228,2,2,41125,43,0,87307,0.0579,683,False,1,1.0,517,1.967,0.9666,0.983
2018,seq-sat,organic-synthesis-split,p03.pddl,,ok,1732,2,2,59616,37,0,150439,0.0502,1080,False,1,1.0,705,1.973,0.9729,0.9862
2018,seq-sat,organic-synthesis-split,p04.pddl,,ok,1389,2,2,39941,57,0,84341,0.0437,868,False,1,1.0,532,1.985,0.9849,0.9924
2018,seq-sat,organic-synthesis-split,p05.pddl,,ok,2425,2,2,78320,69,0,196106,0.0334,1691,False,51,0.9794,738,1.943,0.9637,0.9919
2018,seq-sat,organic-synthesis-split,p06.pddl,,ok,544,2,2,9619,7,0,21141,0.0716,152,False,1,1.0,122,1.833,0.8327,0.9087
2018,seq-sat,organic-synthesis-split,p07.pddl,,ok,2187,2,2,41854,9,0,126405,0.0264,1181,False,1,1.0,401,1.485,0.4851,0.6533
2018,seq-sat,organic-synthesis-split,p08.pddl,,ok,3320,2,2,142867,77,0,289478,0.0263,2501,False,1,1.0,752,1.989,0.9895,0.9947
2018,seq-sat,organic-synthesis-split,p09.pddl,,ok,4786,2,2,246811,24,0,582956,0.0255,3734,False,1,1.0,1036,1.973,0.9733,0.9864
2018,seq-sat,organic-synthesis-split,p10.pddl,,ok,3391,2,2,118098,23,0,293208,0.0255,2462,False,61,0.9823,955,1.951,0.969,0.9932
2018,seq-sat,organic-synthesis-split,p11.pddl,,ok,5071,2,2,261233,15,0,602850,0.0234,3834,False,1,1.0,1140,1.978,0.9775,0.9886
2018,seq-sat,organic-synthesis-split,p12.pddl,,ok,5079,2,2,327415,41,0,673810,0.0261,3945,False,1,1.0,1342,1.993,0.9925,0.9962
2018,seq-sat,organic-synthesis-split,p13.pddl,,ok,9967,2,2,646661,34,0,1439225,0.0145,7961,False,1,1.0,1974,1.983,0.983,0.9914
2018,seq-sat,organic-synthesis-split,p14.pddl,,ok,6375,2,2,382881,12,0,898523,0.0221,4505,False,1,1.0,1707,1.97,0.9704,0.985
2018,seq-sat,organic-synthesis-split,p15.pddl,,ok,1102,2,2,21670,13,0,49473,0.0408,569,False,1,1.0,466,1.946,0.9465,0.9725
2018,seq-sat,organic-synthesis-split,p16.pddl,,ok,2957,2,2,55998,18,0,161652,0.0185,2354,False,1,1.0,382,1.948,0.9476,0.9731
2018,seq-sat,organic-synthesis-split,p17.pddl,,ok,6262,2,2,435233,24,0,975227,0.0249,4281,False,1,1.0,2653,1.914,0.9142,0.9552
2018,seq-sat,organic-synthesis-split,p18.pddl,,ok,5176,2,2,250499,20,0,595393,0.0222,3780,False,1,1.0,1085,1.877,0.8769,0.9344
2018,seq-sat,organic-synthesis-split,p19.pddl,,ok,16471,2,2,1160638,151,0,2308703,0.0085,15048,False,1,1.0,1759,1.992,0.992,0.996
2018,seq-sat,organic-synthesis-split,p20.pddl,,ok,10875,2,2,705330,24,0,1585776,0.0134,8486,False,1,1.0,2365,1.995,0.9951,0.9976
2011,seq-opt,parcprinter,p01.pddl,,ok,26,2.769,12,59,12,0,149,0.2292,19,False,3,0.3462,8,2.308,0.1538,0.1333
2011,seq-opt,parcprinter,p02.pddl,,ok,32,3,18,53,12,0,300,0.3024,25,False,3,0.4375,14,2.312,0.125,0.1081
2011,seq-opt,parcprinter,p03.pddl,,ok,33,3.152,21,99,12,0,340,0.322,26,False,3,0.4545,15,2.758,0.1212,0.0879
2011,seq-opt,parcprinter,p04.pddl,,ok,50,3.28,18,137,24,0,420,0.1714,37,False,5,0.28,14,2.68,0.16,0.1194
2011,seq-opt,parcprinter,p05.pddl,,ok,35,2.857,12,100,18,0,197,0.1655,25,False,4,0.2571,8,2.457,0.1714,0.1395
2011,seq-opt,parcprinter,p06.pddl,,ok,68,3.412,18,205,36,0,532,0.1168,49,False,7,0.2059,14,2.853,0.1765,0.1237
2011,seq-opt,parcprinter,p07.pddl,,ok,59,3.356,18,181,30,0,478,0.1397,43,False,6,0.2373,14,2.78,0.1695,0.122
2011,seq-opt,parcprinter,p08.pddl,,ok,44,2.909,12,141,24,0,244,0.129,31,False,5,0.2045,8,2.545,0.1818,0.1429
2011,seq-opt,parcprinter,p09.pddl,,ok,42,3.357,21,172,18,0,407,0.2364,32,False,4,0.3571,15,3.071,0.1429,0.093
2011,seq-opt,parcprinter,p10.pddl,,ok,54,2.926,12,196,30,0,297,0.1038,38,False,6,0.1852,8,2.574,0.1852,0.1439
2011,seq-opt,parcprinter,p11.pddl,,ok,62,2.968,12,235,36,0,338,0.0894,43,False,7,0.1452,8,2.645,0.1935,0.1463
2011,seq-opt,parcprinter,p12.pddl,,ok,51,3.49,21,245,24,0,472,0.1851,38,False,5,0.2941,15,3.275,0.1569,0.0958
2011,seq-opt,parcprinter,p13.pddl,,ok,77,3.455,18,365,42,0,606,0.1036,55,False,8,0.1818,14,2.909,0.1818,0.125
2011,seq-opt,parcprinter,p14.pddl,,ok,86,3.488,18,369,48,0,656,0.0897,61,False,9,0.1628,14,2.953,0.186,0.126
2011,seq-opt,parcprinter,p15.pddl,,ok,95,3.516,18,433,54,0,714,0.08,67,False,10,0.1474,14,2.989,0.1895,0.1268
2011,seq-opt,parcprinter,p16.pddl,,ok,104,3.538,18,461,60,0,768,0.0717,73,False,11,0.1346,14,3.019,0.1923,0.1274
2011,seq-opt,parcprinter,p17.pddl,,ok,61,3.557,21,346,30,0,544,0.1486,45,False,6,0.2459,15,3.377,0.1639,0.0971
2011,seq-opt,parcprinter,p18.pddl,,ok,69,3.652,21,415,36,0,602,0.1283,50,False,7,0.2174,15,3.522,0.1739,0.0988
2011,seq-opt,parcprinter,p19.pddl,,ok,78,3.705,21,568,42,0,671,0.1117,56,False,8,0.1923,15,3.603,0.1795,0.0996
2011,seq-opt,parcprinter,p20.pddl,,ok,71,2.986,12,316,42,0,387,0.0779,49,False,8,0.1268,8,2.676,0.1972,0.1474
2011,seq-sat,parcprinter,p01.pddl,,ok,77,3.455,18,365,42,0,606,0.1036,55,False,8,0.1818,14,2.909,0.1818,0.125
2011,seq-sat,parcprinter,p02.pddl,,ok,86,3.488,18,369,48,0,656,0.0897,61,False,9,0.1628,14,2.953,0.186,0.126
2011,seq-sat,parcprinter,p03.pddl,,ok,104,3.538,18,461,60,0,768,0.0717,73,False,11,0.1346,14,3.019,0.1923,0.1274
2011,seq-sat,parcprinter,p04.pddl,,ok,106,3.792,21,1051,60,0,877,0.0788,75,False,11,0.1415,15,3.736,0.1887,0.101
2011,seq-sat,parcprinter,p05.pddl,,ok,62,2.968,12,235,36,0,338,0.0894,43,False,7,0.1452,8,2.645,0.1935,0.1463
2011,seq-sat,parcprinter,p06.pddl,,ok,71,2.986,12,316,42,0,387,0.0779,49,False,8,0.1268,8,2.676,0.1972,0.1474
2011,seq-sat,parcprinter,p07.pddl,,ok,95,3.516,18,433,54,0,714,0.08,67,False,10,0.1474,14,2.989,0.1895,0.1268
2011,seq-sat,parcprinter,p08.pddl,,ok,80,3,12,345,48,0,432,0.0684,55,False,9,0.1125,8,2.7,0.2,0.1481
2011,seq-sat,parcprinter,p09.pddl,,ok,91,2.989,12,442,54,0,491,0.06,63,False,10,0.1099,8,2.681,0.1978,0.1475
2011,seq-sat,parcprinter,p10.pddl,,ok,99,3.01,12,571,60,0,536,0.0552,68,False,11,0.101,8,2.717,0.202,0.1487
2011,seq-sat,parcprinter,p11.pddl,,ok,79,3.418,18,449,42,0,626,0.1016,57,False,8,0.1772,14,2.861,0.1772,0.1239
2011,seq-sat,parcprinter,p12.pddl,,ok,122,3.574,18,697,72,0,892,0.0604,85,False,13,0.1148,14,3.066,0.1967,0.1283
2011,seq-sat,parcprinter,p13.pddl,,ok,149,3.611,18,1141,90,0,1078,0.0489,103,False,16,0.094,14,3.114,0.2013,0.1293
2011,seq-sat,parcprinter,p14.pddl,,ok,124,3.839,21,1453,72,0,1011,0.0663,87,False,13,0.121,15,3.806,0.1935,0.1017
2011,seq-sat,parcprinter,p15.pddl,,ok,108,3.759,21,1211,60,0,895,0.0774,77,False,11,0.1389,15,3.685,0.1852,0.1005
2011,seq-sat,parcprinter,p16.pddl,,ok,126,3.81,21,1645,72,0,1029,0.0653,89,False,13,0.119,15,3.762,0.1905,0.1013
2011,seq-sat,parcprinter,p17.pddl,,ok,73,2.959,12,372,42,0,401,0.0763,51,False,8,0.137,8,2.63,0.1918,0.1458
2011,seq-sat,parcprinter,p18.pddl,,ok,83,2.964,12,393,48,0,450,0.0661,58,False,9,0.1205,8,2.639,0.1928,0.1461
2011,seq-sat,parcprinter,p19.pddl,,ok,94,2.957,12,496,54,0,509,0.0582,66,False,10,0.1064,8,2.628,0.1915,0.1457
2011,seq-sat,parcprinter,p20.pddl,,ok,117,3.026,12,781,72,0,632,0.0466,80,False,13,0.0855,8,2.744,0.2051,0.1495
2011,seq-opt,parking,pfile03-011.pddl,,ok,43,6.744,19,3888,12,0,1542,0.8538,42,False,1,1.0,31,91.86,0.7209,0.9453
2011,seq-opt,parking,pfile03-012.pddl,,ok,43,6.744,19,3888,12,0,1542,0.8538,42,False,1,1.0,31,91.86,0.7209,0.9453
2011,seq-opt,parking,pfile04-013.pddl,,ok,50,7.6,22,6174,14,0,2086,0.8514,49,False,1,1.0,36,124.92,0.72,0.9529
2011,seq-opt,parking,pfile04-014.pddl,,ok,50,7.6,22,6174,14,0,2086,0.8514,49,False,1,1.0,36,124.92,0.72,0.9529
2011,seq-opt,parking,pfile04-015.pddl,,ok,50,7.6,22,6174,14,0,2086,0.8514,49,False,1,1.0,36,124.92,0.72,0.9529
2011,seq-opt,parking,pfile04-016.pddl,,ok,50,7.6,22,6174,14,0,2086,0.8514,49,False,1,1.0,36,124.92,0.72,0.9529
2011,seq-opt,parking,pfile05-017.pddl,,ok,57,8.456,25,9216,16,0,2712,0.8496,56,False,1,1.0,41,163.123,0.7193,0.9587
2011,seq-opt,parking,pfile05-018.pddl,,ok,57,8.456,25,9216,16,0,2712,0.8496,56,False,1,1.0,41,163.123,0.7193,0.9587
2011,seq-opt,parking,pfile05-019.pddl,,ok,57,8.456,25,9216,16,0,2712,0.8496,56,False,1,1.0,41,163.123,0.7193,0.9587
2011,seq-opt,parking,pfile05-020.pddl,,ok,57,8.456,25,9216,16,0,2712,0.8496,56,False,1,1.0,41,163.123,0.7193,0.9587
2011,seq-opt,parking,pfile06-021.pddl,,ok,64,9.312,28,13122,18,0,3420,0.8482,63,False,1,1.0,46,206.469,0.7188,0.9632
2011,seq-opt,parking,pfile06-022.pddl,,ok,64,9.312,28,13122,18,0,3420,0.8482,63,False,1,1.0,46,206.469,0.7188,0.9632
2011,seq-opt,parking,pfile06-023.pddl,,ok,64,9.312,28,13122,18,0,3420,0.8482,63,False,1,1.0,46,206.469,0.7188,0.9632
2011,seq-opt,parking,pfile06-024.pddl,,ok,64,9.312,28,13122,18,0,3420,0.8482,63,False,1,1.0,46,206.469,0.7188,0.9632
2011,seq-opt,parking,pfile07-025.pddl,,ok,71,10.169,31,18000,20,0,4210,0.8471,70,False,1,1.0,51,254.958,0.7183,0.9669
2011,seq-opt,parking,pfile07-026.pddl,,ok,71,10.169,31,18000,20,0,4210,0.8471,70,False,1,1.0,51,254.958,0.7183,0.9669
2011,seq-opt,parking,pfile07-027.pddl,,ok,71,10.169,31,18000,20,0,4210,0.8471,70,False,1,1.0,51,254.958,0.7183,0.9669
2011,seq-opt,parking,pfile07-028.pddl,,ok,71,10.169,31,18000,20,0,4210,0.8471,70,False,1,1.0,51,254.958,0.7183,0.9669
2011,seq-opt,parking,pfile08-029.pddl,,ok,78,11.026,34,23958,22,0,5082,0.8462,77,False,1,1.0,56,308.59,0.7179,0.9698
2011,seq-opt,parking,pfile08-030.pddl,,ok,78,11.026,34,23958,22,0,5082,0.8462,77,False,1,1.0,56,308.59,0.7179,0.9698
2011,seq-sat,parking,pfile08-031.pddl,,ok,78,11.026,34,23958,22,0,5082,0.8462,77,False,1,1.0,56,308.59,0.7179,0.9698
2011,seq-sat,parking,pfile08-032.pddl,,ok,78,11.026,34,23958,22,0,5082,0.8462,77,False,1,1.0,56,308.59,0.7179,0.9698
2011,seq-sat,parking,pfile09-033.pddl,,ok,85,11.882,37,31104,24,0,6036,0.8454,84,False,1,1.0,61,367.365,0.7176,0.9723
2011,seq-sat,parking,pfile09-034.pddl,,ok,85,11.882,37,31104,24,0,6036,0.8454,84,False,1,1.0,61,367.365,0.7176,0.9723
2011,seq-sat,parking,pfile09-035.pddl,,ok,85,11.882,37,31104,24,0,6036,0.8454,84,False,1,1.0,61,367.365,0.7176,0.9723
2011,seq-sat,parking,pfile09-036.pddl,,ok,85,11.882,37,31104,24,0,6036,0.8454,84,False,1,1.0,61,367.365,0.7176,0.9723
2011,seq-sat,parking,pfile10-037.pddl,,ok,92,12.739,40,39546,26,0,7072,0.8447,91,False,1,1.0,66,431.283,0.7174,0.9744
2011,seq-sat,parking,pfile10-038.pddl,,ok,92,12.739,40,39546,26,0,7072,0.8447,91,False,1,1.0,66,431.283,0.7174,0.9744
2011,seq-sat,parking,pfile10-039.pddl,,ok,92,12.739,40,39546,26,0,7072,0.8447,91,False,1,1.0,66,431.283,0.7174,0.9744
2011,seq-sat,parking,pfile10-040.pddl,,ok,92,12.739,40,39546,26,0,7072,0.8447,91,False,1,1.0,66,431.283,0.7174,0.9744
2011,seq-sat,parking,pfile11-041.pddl,,ok,99,13.596,43,49392,28,0,8190,0.8442,98,False,1,1.0,71,500.343,0.7172,0.9763
2011,seq-sat,parking,pfile11-042.pddl,,ok,99,13.596,43,49392,28,0,8190,0.8442,98,False,1,1.0,71,500.343,0.7172,0.9763
2011,seq-sat,parking,pfile11-043.pddl,,ok,99,13.596,43,49392,28,0,8190,0.8442,98,False,1,1.0,71,500.343,0.7172,0.9763
2011,seq-sat,parking,pfile11-044.pddl,,ok,99,13.596,43,49392,28,0,8190,0.8442,98,False,1,1.0,71,500.343,0.7172,0.9763
2011,seq-sat,parking,pfile12-045.pddl,,ok,106,14.453,46,60750,30,0,9390,0.8437,105,False,1,1.0,76,574.547,0.717,0.9778
2011,seq-sat,parking,pfile12-046.pddl,,ok,106,14.453,46,60750,30,0,9390,0.8437,105,False,1,1.0,76,574.547,0.717,0.9778
2011,seq-sat,parking,pfile12-047.pddl,,ok,106,14.453,46,60750,30,0,9390,0.8437,105,False,1,1.0,76,574.547,0.717,0.9778
2011,seq-sat,parking,pfile12-048.pddl,,ok,106,14.453,46,60750,30,0,9390,0.8437,105,False,1,1.0,76,574.547,0.717,0.9778
2011,seq-sat,parking,pfile13-049.pddl,,ok,113,15.31,49,73728,32,0,10672,0.8432,112,False,1,1.0,81,653.894,0.7168,0.9792
2011,seq-sat,parking,pfile13-050.pddl,,ok,113,15.31,49,73728,32,0,10672,0.8432,112,False,1,1.0,81,653.894,0.7168,0.9792
2011,seq-opt,pegsol,p01.pddl,,ok,34,2.941,34,185,33,0,246,0.2193,33,False,1,1.0,8,6.118,1.0,1.0
2011,seq-opt,pegsol,p02.pddl,,ok,34,2.941,34,185,33,0,246,0.2193,33,False,1,1.0,8,6.118,1.0,1.0
2011,seq-opt,pegsol,p03.pddl,,ok,34,2.941,34,185,33,0,246,0.2193,33,False,1,1.0,8,6.118,1.0,1.0
2011,seq-opt,pegsol,p04.pddl,,ok,34,2.941,34,185,33,0,246,0.2193,33,False,1,1.0,8,6.118,1.0,1.0
2011,seq-opt,pegsol,p05.pddl,,ok,34,2.941,34,185,33,0,246,0.2193,33,False,1,1.0,8,6.118,1.0,1.0
2011,seq-opt,pegsol,p06.pddl,,ok,34,2.941,34,185,33,0,246,0.2193,33,False,1,1.0,8,6.118,1.0,1.0
2011,seq-opt,pegsol,p07.pddl,,ok,34,2.941,34,185,33,0,246,0.2193,33,False,1,1.0,8,6.118,1.0,1.0
2011,seq-opt,pegsol,p08.pddl,,ok,34,2.941,34,185,33,0,246,0.2193,33,False,1,1.0,8,6.118,1.0,1.0
2011,seq-opt,pegsol,p09.pddl,,ok,34,2.941,34,185,33,0,246,0.2193,33,False,1,1.0,8,6.118,1.0,1.0
2011,seq-opt,pegsol,p10.pddl,,ok,34,2.941,34,185,33,0,246,0.2193,33,False,1,1.0,8,6.118,1.0,1.0
2011,seq-opt,pegsol,p11.pddl,,ok,34,2.941,34,185,33,0,246,0.2193,33,False,1,1.0,8,6.118,1.0,1.0
2011,seq-opt,pegsol,p12.pddl,,ok,34,2.941,34,185,33,0,246,0.2193,33,False,1,1.0,8,6.118,1.0,1.0
2011,seq-opt,pegsol,p13.pddl,,ok,34,2.941,34,185,33,0,246,0.2193,33,False,1,1.0,8,6.118,1.0,1.0
2011,seq-opt,pegsol,p14.pddl,,ok,34,2.941,34,185,33,0,246,0.2193,33,False,1,1.0,8,6.118,1.0,1.0
2011,seq-opt,pegsol,p15.pddl,,ok,34,2.941,34,185,33,0,246,0.2193,33,False,1,1.0,8,6.118,1.0,1.0
2011,seq-opt,pegsol,p16.pddl,,ok,34,2.941,34,185,33,0,246,0.2193,33,False,1,1.0,8,6.118,1.0,1.0
2011,seq-opt,pegsol,p17.pddl,,ok,34,2.941,34,185,33,0,246,0.2193,33,False,1,1.0,8,6.118,1.0,1.0
2011,seq-opt,pegsol,p18.pddl,,ok,34,2.941,34,185,33,0,246,0.2193,33,False,1,1.0,8,6.118,1.0,1.0
2011,seq-opt,pegsol,p19.pddl,,ok,34,2.941,34,185,33,0,246,0.2193,33,False,1,1.0,8,6.118,1.0,1.0
2011,seq-opt,pegsol,p20.pddl,,ok,34,2.941,34,185,33,0,246,0.2193,33,False,1,1.0,8,6.118,1.0,1.0
2011,seq-sat,pegsol,p01.pddl,,ok,34,2.941,34,185,33,0,246,0.2193,33,False,1,1.0,8,6.118,1.0,1.0
2011,seq-sat,pegsol,p02.pddl,,ok,34,2.941,34,185,33,0,246,0.2193,33,False,1,1.0,8,6.118,1.0,1.0
2011,seq-sat,pegsol,p03.pddl,,ok,34,2.941,34,185,33,0,246,0.2193,33,False,1,1.0,8,6.118,1.0,1.0
2011,seq-sat,pegsol,p04.pddl,,ok,34,2.941,34,185,33,0,246,0.2193,33,False,1,1.0,8,6.118,1.0,1.0
2011,seq-sat,pegsol,p05.pddl,,ok,34,2.941,34,185,33,0,246,0.2193,33,False,1,1.0,8,6.118,1.0,1.0
2011,seq-sat,pegsol,p06.pddl,,ok,34,2.941,34,185,33,0,246,0.2193,33,False,1,1.0,8,6.118,1.0,1.0
2011,seq-sat,pegsol,p07.pddl,,ok,34,2.941,34,185,33,0,246,0.2193,33,False,1,1.0,8,6.118,1.0,1.0
2011,seq-sat,pegsol,p08.pddl,,ok,34,2.941,34,185,33,0,246,0.2193,33,False,1,1.0,8,6.118,1.0,1.0
2011,seq-sat,pegsol,p09.pddl,,ok,34,2.941,34,185,33,0,246,0.2193,33,False,1,1.0,8,6.118,1.0,1.0
2011,seq-sat,pegsol,p10.pddl,,ok,34,2.941,34,185,33,0,246,0.2193,33,False,1,1.0,8,6.118,1.0,1.0
2011,seq-sat,pegsol,p11.pddl,,ok,34,2.941,34,185,33,0,246,0.2193,33,False,1,1.0,8,6.118,1.0,1.0
2011,seq-sat,pegsol,p12.pddl,,ok,34,2.941,34,185,33,0,246,0.2193,33,False,1,1.0,8,6.118,1.0,1.0
2011,seq-sat,pegsol,p13.pddl,,ok,34,2.941,34,185,33,0,246,0.2193,33,False,1,1.0,8,6.118,1.0,1.0
2011,seq-sat,pegsol,p14.pddl,,ok,34,2.941,34,185,33,0,246,0.2193,33,False,1,1.0,8,6.118,1.0,1.0
2011,seq-sat,pegsol,p15.pddl,,ok,34,2.941,34,185,33,0,246,0.2193,33,False,1,1.0,8,6.118,1.0,1.0
2011,seq-sat,pegsol,p16.pddl,,ok,34,2.941,34,185,33,0,246,0.2193,33,False,1,1.0,8,6.118,1.0,1.0
2011,seq-sat,pegsol,p17.pddl,,ok,34,2.941,34,185,33,0,246,0.2193,33,False,1,1.0,8,6.118,1.0,1.0
2011,seq-sat,pegsol,p18.pddl,,ok,34,2.941,34,185,33,0,246,0.2193,33,False,1,1.0,8,6.118,1.0,1.0
2011,seq-sat,pegsol,p19.pddl,,ok,34,2.941,34,185,33,0,246,0.2193,33,False,1,1.0,8,6.118,1.0,1.0
2011,seq-sat,pegsol,p20.pddl,,ok,34,2.941,34,185,33,0,246,0.2193,33,False,1,1.0,8,6.118,1.0,1.0
2018,seq-opt,petri-net-alignment,p01.pddl,,ok,269,2.461,126,513,268,0,1798,0.0249,268,False,1,1.0,7,2.45,0.9888,0.8073
2018,seq-opt,petri-net-alignment,p02.pddl,,ok,269,2.703,191,643,268,0,1832,0.0254,268,False,1,1.0,7,2.691,0.9888,0.7348
2018,seq-opt,petri-net-alignment,p03.pddl,,ok,269,2.9,244,749,268,0,1934,0.0268,268,False,1,1.0,7,2.888,0.9888,0.6847
2018,seq-opt,petri-net-alignment,p04.pddl,,ok,269,2.933,253,767,268,0,1922,0.0267,268,False,1,1.0,7,2.922,0.9888,0.6768
2018,seq-opt,petri-net-alignment,p05.pddl,,ok,269,2.665,181,623,268,0,1838,0.0255,268,False,1,1.0,7,2.654,0.9888,0.7451
2018,seq-opt,petri-net-alignment,p06.pddl,,ok,269,2.937,254,769,268,0,1932,0.0268,268,False,1,1.0,7,2.926,0.9888,0.676
2018,seq-opt,petri-net-alignment,p07.pddl,,ok,269,2.87,236,733,268,0,1926,0.0267,268,False,1,1.0,7,2.859,0.9888,0.6918
2018,seq-opt,petri-net-alignment,p08.pddl,,ok,269,2.941,255,771,268,0,1942,0.0269,268,False,1,1.0,7,2.929,0.9888,0.6751
2018,seq-opt,petri-net-alignment,p09.pddl,,ok,269,2.903,245,751,268,0,1898,0.0263,268,False,1,1.0,7,2.892,0.9888,0.6838
2018,seq-opt,petri-net-alignment,p10.pddl,,ok,269,3.249,338,937,268,0,1956,0.0271,268,False,1,1.0,7,3.238,0.9888,0.6108
2018,seq-opt,petri-net-alignment,p11.pddl,,ok,269,3.045,283,827,268,0,1908,0.0265,268,False,1,1.0,7,3.033,0.9888,0.652
2018,seq-opt,petri-net-alignment,p12.pddl,,ok,269,3.487,402,1065,268,0,1960,0.0272,268,False,1,1.0,7,3.476,0.9888,0.569
2018,seq-opt,petri-net-alignment,p13.pddl,,ok,269,3.245,337,935,268,0,1944,0.027,268,False,1,1.0,7,3.234,0.9888,0.6115
2018,seq-opt,petri-net-alignment,p14.pddl,,ok,269,3.275,345,951,268,0,1882,0.0261,268,False,1,1.0,7,3.264,0.9888,0.6059
2018,seq-opt,petri-net-alignment,p15.pddl,,ok,269,3.227,332,925,268,0,1906,0.0264,268,False,1,1.0,7,3.216,0.9888,0.615
2018,seq-opt,petri-net-alignment,p16.pddl,,ok,269,3.387,375,1011,268,0,1962,0.0272,268,False,1,1.0,7,3.375,0.9888,0.5859
2018,seq-opt,petri-net-alignment,p17.pddl,,ok,269,3.45,392,1045,268,0,1926,0.0267,268,False,1,1.0,7,3.439,0.9888,0.5751
2018,seq-opt,petri-net-alignment,p18.pddl,,ok,269,3.387,375,1011,268,0,1830,0.0254,268,False,1,1.0,7,3.375,0.9888,0.5859
2018,seq-opt,petri-net-alignment,p19.pddl,,ok,269,3.446,391,1043,268,0,1926,0.0267,268,False,1,1.0,7,3.435,0.9888,0.5758
2018,seq-opt,petri-net-alignment,p20.pddl,,ok,269,3.494,404,1069,268,0,1954,0.0271,268,False,1,1.0,7,3.483,0.9888,0.5678
2023,seq-opt,quantum-layout,p01.pddl,,ok,94,2,2,936,10,0,2177,0.249,58,False,9,0.9149,29,1.745,0.7447,0.8537
2023,seq-opt,quantum-layout,p02.pddl,,ok,109,2,2,1296,11,0,2956,0.2511,74,False,8,0.9358,33,1.771,0.7706,0.8705
2023,seq-opt,quantum-layout,p03.pddl,,ok,128,2,2,1980,30,0,3498,0.2152,72,False,28,0.7891,66,1.656,0.6562,0.7925
2023,seq-opt,quantum-layout,p04.pddl,,ok,160,2,2,2988,34,0,5493,0.2159,73,False,23,0.8625,91,1.7,0.7,0.8235
2023,seq-opt,quantum-layout,p05.pddl,,ok,194,2,2,4356,40,0,7868,0.2101,74,False,17,0.9175,112,1.722,0.7216,0.8383
2023,seq-opt,quantum-layout,p06.pddl,,ok,218,2,2,5400,50,0,9138,0.1932,74,False,40,0.8211,107,1.706,0.7064,0.828
2023,seq-opt,quantum-layout,p07.pddl,,ok,72,2,2,270,6,0,1227,0.24,56,False,5,0.9444,23,1.667,0.6667,0.8
2023,seq-opt,quantum-layout,p08.pddl,,ok,102,2,2,594,8,0,2477,0.2404,52,False,2,0.9902,30,1.745,0.7451,0.8539
2023,seq-opt,quantum-layout,p09.pddl,,ok,110,2,2,738,16,0,2631,0.2194,55,False,8,0.9364,50,1.691,0.6909,0.8172
2023,seq-opt,quantum-layout,p10.pddl,,ok,144,2,2,1278,22,0,4362,0.2118,57,False,13,0.9167,80,1.722,0.7222,0.8387
2023,seq-opt,quantum-layout,p11.pddl,,ok,180,2,2,1998,30,0,6530,0.2027,57,False,17,0.9111,97,1.733,0.7333,0.8462
2023,seq-opt,quantum-layout,p12.pddl,,ok,200,2,2,2358,50,0,6941,0.1744,68,False,34,0.835,106,1.66,0.66,0.7952
2023,seq-opt,quantum-layout,p13.pddl,,ok,291,2,2,4806,71,0,13942,0.1652,80,False,59,0.8007,175,1.694,0.6942,0.8195
2023,seq-opt,quantum-layout,p14.pddl,,ok,130,2,2,1820,10,0,3773,0.225,82,False,9,0.9385,45,1.769,0.7692,0.8696
2023,seq-opt,quantum-layout,p15.pddl,,ok,156,2,2,2870,16,0,5457,0.2257,103,False,8,0.9551,59,1.769,0.7692,0.8696
2023,seq-opt,quantum-layout,p16.pddl,,ok,202,2,2,4970,22,0,8826,0.2174,104,False,13,0.9406,77,1.792,0.7921,0.884
2023,seq-opt,quantum-layout,p17.pddl,,ok,260,2,2,8470,40,0,13458,0.1999,104,False,17,0.9385,143,1.769,0.7692,0.8696
2023,seq-opt,quantum-layout,p18.pddl,,ok,270,2,2,9170,50,0,13835,0.1905,103,False,34,0.8778,130,1.741,0.7407,0.8511
2023,seq-opt,quantum-layout,p19.pddl,,ok,290,2,2,10500,50,0,15690,0.1872,104,False,40,0.8655,148,1.759,0.7586,0.8627
2023,seq-opt,quantum-layout,p20.pddl,,ok,391,2,2,18690,71,0,26808,0.1758,130,False,59,0.8517,216,1.767,0.7673,0.8683
2023,seq-sat,quantum-layout,p01.pddl,,ok,160,2,2,2988,34,0,5493,0.2159,73,False,23,0.8625,91,1.7,0.7,0.8235
2023,seq-sat,quantum-layout,p02.pddl,,ok,184,2,2,3996,30,0,7542,0.224,74,False,17,0.913,106,1.761,0.7609,0.8642
2023,seq-sat,quantum-layout,p03.pddl,,ok,194,2,2,4356,40,0,7868,0.2101,74,False,17,0.9175,112,1.722,0.7216,0.8383
2023,seq-sat,quantum-layout,p04.pddl,,ok,204,2,2,4716,50,0,8137,0.1965,73,False,34,0.8382,113,1.686,0.6863,0.814
2023,seq-sat,quantum-layout,p05.pddl,,ok,218,2,2,5400,50,0,9138,0.1932,74,False,40,0.8211,107,1.706,0.7064,0.828
2023,seq-sat,quantum-layout,p06.pddl,,ok,295,2,2,9612,71,0,15476,0.1784,82,False,59,0.8034,184,1.712,0.7119,0.8317
2023,seq-sat,quantum-layout,p07.pddl,,ok,144,2,2,1278,22,0,4362,0.2118,57,False,13,0.9167,80,1.722,0.7222,0.8387
2023,seq-sat,quantum-layout,p08.pddl,,ok,156,2,2,1494,34,0,4607,0.1905,56,False,23,0.859,80,1.667,0.6667,0.8
2023,seq-sat,quantum-layout,p09.pddl,,ok,180,2,2,1998,30,0,6530,0.2027,57,False,17,0.9111,97,1.733,0.7333,0.8462
2023,seq-sat,quantum-layout,p10.pddl,,ok,190,2,2,2178,40,0,6724,0.1872,57,False,17,0.9158,107,1.695,0.6947,0.8199
2023,seq-sat,quantum-layout,p11.pddl,,ok,200,2,2,2358,50,0,6941,0.1744,68,False,34,0.835,106,1.66,0.66,0.7952
2023,seq-sat,quantum-layout,p12.pddl,,ok,214,2,2,2700,50,0,7970,0.1748,68,False,40,0.8178,108,1.682,0.6822,0.8111
2023,seq-sat,quantum-layout,p13.pddl,,ok,291,2,2,4806,71,0,13942,0.1652,80,False,59,0.8007,175,1.694,0.6942,0.8195
2023,seq-sat,quantum-layout,p14.pddl,,ok,202,2,2,4970,22,0,8826,0.2174,104,False,13,0.9406,77,1.792,0.7921,0.884
2023,seq-sat,quantum-layout,p15.pddl,,ok,214,2,2,5810,34,0,9327,0.2046,103,False,23,0.8972,87,1.748,0.7477,0.8556
2023,seq-sat,quantum-layout,p16.pddl,,ok,250,2,2,7770,30,0,13000,0.2088,104,False,17,0.936,102,1.8,0.8,0.8889
2023,seq-sat,quantum-layout,p17.pddl,,ok,260,2,2,8470,40,0,13458,0.1999,104,False,17,0.9385,143,1.769,0.7692,0.8696
2023,seq-sat,quantum-layout,p18.pddl,,ok,270,2,2,9170,50,0,13835,0.1905,103,False,34,0.8778,130,1.741,0.7407,0.8511
2023,seq-sat,quantum-layout,p19.pddl,,ok,290,2,2,10500,50,0,15690,0.1872,104,False,40,0.8655,148,1.759,0.7586,0.8627
2023,seq-sat,quantum-layout,p20.pddl,,ok,391,2,2,18690,71,0,26808,0.1758,130,False,59,0.8517,216,1.767,0.7673,0.8683
2023,seq-opt,recharging-robots,p01.pddl,,ok,6,12.667,30,2880,2,0,14,0.4667,4,False,1,1.0,2,47.667,0.6667,0.993
2023,seq-opt,recharging-robots,p02.pddl,,ok,9,18.333,36,63372,3,0,27,0.375,6,False,1,1.0,3,66.333,0.6667,0.995
2023,seq-opt,recharging-robots,p03.pddl,,ok,18,21,38,575484,6,0,90,0.2941,12,False,1,1.0,6,74.333,0.6667,0.9955
2023,seq-opt,recharging-robots,p04.pddl,,ok,15,21,42,290010,5,0,65,0.3095,10,False,1,1.0,5,77.667,0.6667,0.9957
2023,seq-opt,recharging-robots,p05.pddl,,ok,14,6.714,30,3805,1,6,107,0.5879,11,False,2,0.9286,9,21.786,0.8571,0.9967
2023,seq-opt,recharging-robots,p06.pddl,,ok,18,6.556,35,8549,1,10,203,0.6634,15,False,2,0.9444,13,20.722,0.8889,0.9973
2023,seq-opt,recharging-robots,p07.pddl,,ok,21,7.429,52,10858,2,11,272,0.6476,18,False,3,0.9048,14,27.238,0.8095,0.9965
2023,seq-opt,recharging-robots,p08.pddl,,ok,24,8.167,62,37506,2,20,380,0.6884,21,False,3,0.9167,17,30.25,0.8333,0.9972
2023,seq-opt,recharging-robots,p09.pddl,,ok,35,6.343,62,46639,3,27,888,0.7462,32,False,4,0.9143,26,21.4,0.8286,0.996
2023,seq-opt,recharging-robots,p10.pddl,,ok,22,7.591,30,41167,1,11,285,0.6169,18,False,2,0.9545,16,23.955,0.9091,0.9981
2023,seq-opt,recharging-robots,p11.pddl,,ok,28,10.357,62,152491,1,17,519,0.6865,24,False,2,0.9643,22,39.393,0.9286,0.9991
2023,seq-opt,recharging-robots,p12.pddl,,ok,31,9.742,62,184148,2,18,629,0.6763,27,False,3,0.9355,23,36.065,0.871,0.9982
2023,seq-opt,recharging-robots,p13.pddl,,ok,45,8,62,387068,2,32,1525,0.7702,41,False,3,0.9556,37,26.8,0.9111,0.9983
2023,seq-opt,recharging-robots,p14.pddl,,ok,63,6.905,70,582765,3,51,3183,0.8149,59,False,4,0.9524,53,21.952,0.9048,0.9978
2023,seq-opt,recharging-robots,p15.pddl,,ok,26,13.846,62,263913,1,12,381,0.5862,21,False,2,0.9615,19,55.115,0.9231,0.9993
2023,seq-opt,recharging-robots,p16.pddl,,ok,33,11.939,62,423081,1,19,696,0.6591,28,False,2,0.9697,26,45.545,0.9394,0.9993
2023,seq-opt,recharging-robots,p17.pddl,,ok,51,9.765,62,1240570,2,42,1902,0.7459,46,False,3,0.9608,42,32.314,0.9216,0.9988
2023,seq-opt,recharging-robots,p18.pddl,,ok,31,14.742,62,527911,1,14,535,0.5753,25,False,2,0.9677,23,58.677,0.9355,0.9995
2023,seq-opt,recharging-robots,p19.pddl,,tempo esgotado (300 s),,,,,,,,,,,,,,,,
2023,seq-opt,recharging-robots,p20.pddl,,tempo esgotado (300 s),,,,,,,,,,,,,,,,
2023,seq-sat,recharging-robots,p01.pddl,,ok,9,14,30,18234,3,0,27,0.375,6,False,1,1.0,3,50.333,0.6667,0.9934
2023,seq-sat,recharging-robots,p02.pddl,,ok,12,16.667,35,68204,4,0,44,0.3333,8,False,1,1.0,4,61,0.6667,0.9945
2023,seq-sat,recharging-robots,p03.pddl,,ok,12,21,40,207360,4,0,44,0.3333,8,False,1,1.0,4,77,0.6667,0.9957
2023,seq-sat,recharging-robots,p04.pddl,,ok,15,21,40,339400,5,0,65,0.3095,10,False,1,1.0,5,77.667,0.6667,0.9957
2023,seq-sat,recharging-robots,p05.pddl,,tempo esgotado (300 s),,,,,,,,,,,,,,,,
2023,seq-sat,recharging-robots,p06.pddl,,ok,18,6.556,35,8549,1,10,203,0.6634,15,False,2,0.9444,13,20.722,0.8889,0.9973
2023,seq-sat,recharging-robots,p07.pddl,,ok,29,7.586,62,73958,2,19,600,0.7389,26,False,3,0.931,22,26.207,0.8621,0.9974
2023,seq-sat,recharging-robots,p08.pddl,,ok,35,6.343,62,46707,3,29,888,0.7462,32,False,4,0.9143,26,21.514,0.8286,0.996
2023,seq-sat,recharging-robots,p09.pddl,,ok,21,8.143,30,52891,1,10,253,0.6024,17,False,2,0.9524,15,25.857,0.9048,0.9982
2023,seq-sat,recharging-robots,p10.pddl,,ok,28,10.143,62,124015,1,17,519,0.6865,24,False,2,0.9643,22,39.393,0.9286,0.9991
2023,seq-sat,recharging-robots,p11.pddl,,ok,29,9.966,62,137780,2,16,533,0.6564,25,False,3,0.931,21,37.793,0.8621,0.9982
2023,seq-sat,recharging-robots,p12.pddl,,ok,32,9.031,62,110588,2,23,680,0.6855,28,False,3,0.9375,24,34.062,0.875,0.9982
2023,seq-sat,recharging-robots,p13.pddl,,ok,59,7.085,70,493233,3,48,2747,0.8027,55,False,4,0.9492,49,23.305,0.8983,0.9978
2023,seq-sat,recharging-robots,p14.pddl,,ok,22,15.636,62,210809,1,8,245,0.5303,17,False,2,0.9545,15,64.045,0.9091,0.9993
2023,seq-sat,recharging-robots,p15.pddl,,ok,34,11.529,62,387977,1,20,749,0.6676,29,False,2,0.9706,27,43.559,0.9412,0.9993
2023,seq-sat,recharging-robots,p16.pddl,,ok,54,9.185,62,1122922,2,38,2172,0.7589,49,False,3,0.963,45,30.778,0.9259,0.9988
2023,seq-sat,recharging-robots,p17.pddl,,ok,36,13.389,62,692151,1,19,785,0.623,30,False,2,0.9722,28,51.083,0.9444,0.9995
2023,seq-sat,recharging-robots,p18.pddl,,tempo esgotado (300 s),,,,,,,,,,,,,,,,
2023,seq-sat,recharging-robots,p19.pddl,,tempo esgotado (300 s),,,,,,,,,,,,,,,,
2023,seq-sat,recharging-robots,p20.pddl,,tempo esgotado (300 s),,,,,,,,,,,,,,,,
2023,seq-opt,ricochet-robots,p01.pddl,,ok,277,5.61,252,7824,2,0,10968,0.1435,276,False,5,0.9856,35,14.245,0.9856,1.0
2023,seq-opt,ricochet-robots,p02.pddl,,ok,277,5.61,252,7824,2,0,10968,0.1435,276,False,5,0.9856,35,14.245,0.9856,1.0
2023,seq-opt,ricochet-robots,p03.pddl,,ok,277,5.61,252,7824,2,0,10968,0.1435,276,False,5,0.9856,35,14.245,0.9856,1.0
2023,seq-opt,ricochet-robots,p04.pddl,,ok,277,5.61,252,7824,2,0,10968,0.1435,276,False,5,0.9856,35,14.245,0.9856,1.0
2023,seq-opt,ricochet-robots,p05.pddl,,ok,277,5.61,252,7824,2,0,10968,0.1435,276,False,5,0.9856,35,14.245,0.9856,1.0
2023,seq-opt,ricochet-robots,p06.pddl,,ok,277,5.61,252,7824,2,0,10968,0.1435,276,False,5,0.9856,35,14.245,0.9856,1.0
2023,seq-opt,ricochet-robots,p07.pddl,,ok,277,5.61,252,7824,2,0,10968,0.1435,276,False,5,0.9856,35,14.245,0.9856,1.0
2023,seq-opt,ricochet-robots,p08.pddl,,ok,277,5.61,252,7824,2,0,10968,0.1435,276,False,5,0.9856,35,14.245,0.9856,1.0
2023,seq-opt,ricochet-robots,p09.pddl,,ok,277,5.61,252,7824,2,0,10968,0.1435,276,False,5,0.9856,35,14.245,0.9856,1.0
2023,seq-opt,ricochet-robots,p10.pddl,,ok,277,5.61,252,7824,2,0,10968,0.1435,276,False,5,0.9856,35,14.245,0.9856,1.0
2023,seq-opt,ricochet-robots,p11.pddl,,ok,121,5.24,100,3056,2,0,4330,0.2982,120,False,1,1.0,33,13.372,1.0,1.0
2023,seq-opt,ricochet-robots,p12.pddl,,ok,165,5.442,144,4432,2,0,6142,0.227,164,False,1,1.0,31,13.055,1.0,1.0
2023,seq-opt,ricochet-robots,p13.pddl,,ok,217,5.576,196,6064,2,0,8430,0.1799,216,False,1,1.0,33,13.724,1.0,1.0
2023,seq-opt,ricochet-robots,p14.pddl,,ok,277,5.668,256,7952,2,0,11150,0.1458,276,False,1,1.0,39,14.823,1.0,1.0
2023,seq-opt,ricochet-robots,p15.pddl,,ok,276,5.667,255,7912,2,0,10879,0.1433,275,False,1,1.0,34,13.507,1.0,1.0
2023,seq-opt,ricochet-robots,p16.pddl,,ok,276,5.667,255,7912,2,0,11007,0.145,275,False,1,1.0,36,14.087,1.0,1.0
2023,seq-opt,ricochet-robots,p17.pddl,,ok,345,5.733,324,10096,2,0,14070,0.1186,344,False,1,1.0,44,14.939,1.0,1.0
2023,seq-opt,ricochet-robots,p18.pddl,,ok,345,5.733,324,10096,2,0,14110,0.1189,344,False,1,1.0,42,15.125,1.0,1.0
2023,seq-opt,ricochet-robots,p19.pddl,,ok,421,5.781,400,12496,2,0,17412,0.0985,420,False,1,1.0,41,14.979,1.0,1.0
2023,seq-opt,ricochet-robots,p20.pddl,,ok,420,5.781,399,12448,2,0,17125,0.0973,419,False,1,1.0,37,14.19,1.0,1.0
2023,seq-sat,ricochet-robots,p01.pddl,,ok,277,5.61,252,7824,2,0,10968,0.1435,276,False,5,0.9856,35,14.245,0.9856,1.0
2023,seq-sat,ricochet-robots,p02.pddl,,ok,277,5.61,252,7824,2,0,10968,0.1435,276,False,5,0.9856,35,14.245,0.9856,1.0
2023,seq-sat,ricochet-robots,p03.pddl,,ok,277,5.61,252,7824,2,0,10968,0.1435,276,False,5,0.9856,35,14.245,0.9856,1.0
2023,seq-sat,ricochet-robots,p04.pddl,,ok,277,5.61,252,7824,2,0,10968,0.1435,276,False,5,0.9856,35,14.245,0.9856,1.0
2023,seq-sat,ricochet-robots,p05.pddl,,ok,277,5.61,252,7824,2,0,10968,0.1435,276,False,5,0.9856,35,14.245,0.9856,1.0
2023,seq-sat,ricochet-robots,p06.pddl,,ok,277,5.61,252,7824,2,0,10968,0.1435,276,False,5,0.9856,35,14.245,0.9856,1.0
2023,seq-sat,ricochet-robots,p07.pddl,,ok,277,5.61,252,7824,2,0,10968,0.1435,276,False,5,0.9856,35,14.245,0.9856,1.0
2023,seq-sat,ricochet-robots,p08.pddl,,ok,277,5.61,252,7824,2,0,10968,0.1435,276,False,5,0.9856,35,14.245,0.9856,1.0
2023,seq-sat,ricochet-robots,p09.pddl,,ok,277,5.61,252,7824,2,0,10968,0.1435,276,False,5,0.9856,35,14.245,0.9856,1.0
2023,seq-sat,ricochet-robots,p10.pddl,,ok,277,5.61,252,7824,2,0,10968,0.1435,276,False,5,0.9856,35,14.245,0.9856,1.0
2023,seq-sat,ricochet-robots,p11.pddl,,ok,277,5.61,252,7824,2,0,10968,0.1435,276,False,5,0.9856,35,14.245,0.9856,1.0
2023,seq-sat,ricochet-robots,p12.pddl,,ok,277,5.61,252,7824,2,0,10968,0.1435,276,False,5,0.9856,35,14.245,0.9856,1.0
2023,seq-sat,ricochet-robots,p13.pddl,,ok,277,5.61,252,7824,2,0,10968,0.1435,276,False,5,0.9856,35,14.245,0.9856,1.0
2023,seq-sat,ricochet-robots,p14.pddl,,ok,277,5.61,252,7824,2,0,10968,0.1435,276,False,5,0.9856,35,14.245,0.9856,1.0
2023,seq-sat,ricochet-robots,p15.pddl,,ok,277,5.61,252,7824,2,0,10968,0.1435,276,False,5,0.9856,35,14.245,0.9856,1.0
2023,seq-sat,ricochet-robots,p16.pddl,,ok,277,5.61,252,7824,2,0,10968,0.1435,276,False,5,0.9856,35,14.245,0.9856,1.0
2023,seq-sat,ricochet-robots,p17.pddl,,ok,277,5.61,252,7824,2,0,10968,0.1435,276,False,5,0.9856,35,14.245,0.9856,1.0
2023,seq-sat,ricochet-robots,p18.pddl,,ok,345,5.733,324,10096,2,0,14274,0.1203,344,False,1,1.0,46,16.006,1.0,1.0
2023,seq-sat,ricochet-robots,p19.pddl,,ok,421,5.781,400,12496,2,0,17530,0.0991,420,False,1,1.0,48,15.492,1.0,1.0
2023,seq-sat,ricochet-robots,p20.pddl,,ok,505,5.818,484,15152,2,0,21226,0.0834,504,False,1,1.0,51,15.75,1.0,1.0
2023,seq-opt,rubiks-cube,p01.pddl,,ok,480,2,2,12,20,0,163104,0.7094,383,False,1,1.0,407,2,1.0,1.0
2023,seq-opt,rubiks-cube,p02.pddl,,ok,480,2,2,12,20,0,163104,0.7094,383,False,1,1.0,407,2,1.0,1.0
2023,seq-opt,rubiks-cube,p03.pddl,,ok,480,2,2,12,20,0,163104,0.7094,383,False,1,1.0,407,2,1.0,1.0
2023,seq-opt,rubiks-cube,p04.pddl,,ok,480,2,2,12,20,0,163104,0.7094,383,False,1,1.0,407,2,1.0,1.0
2023,seq-opt,rubiks-cube,p05.pddl,,ok,480,2,2,12,20,0,163104,0.7094,383,False,1,1.0,407,2,1.0,1.0
2023,seq-opt,rubiks-cube,p06.pddl,,ok,480,2,2,12,20,0,163104,0.7094,383,False,1,1.0,407,2,1.0,1.0
2023,seq-opt,rubiks-cube,p07.pddl,,ok,480,2,2,12,20,0,163104,0.7094,383,False,1,1.0,407,2,1.0,1.0
2023,seq-opt,rubiks-cube,p08.pddl,,ok,480,2,2,12,20,0,163104,0.7094,383,False,1,1.0,407,2,1.0,1.0
2023,seq-opt,rubiks-cube,p09.pddl,,ok,480,2,2,12,20,0,163104,0.7094,383,False,1,1.0,407,2,1.0,1.0
2023,seq-opt,rubiks-cube,p10.pddl,,ok,480,2,2,12,20,0,163104,0.7094,383,False,1,1.0,407,2,1.0,1.0
2023,seq-opt,rubiks-cube,p11.pddl,,ok,480,2,2,12,20,0,163104,0.7094,383,False,1,1.0,407,2,1.0,1.0
2023,seq-opt,rubiks-cube,p12.pddl,,ok,480,2,2,12,20,0,163104,0.7094,383,False,1,1.0,407,2,1.0,1.0
2023,seq-opt,rubiks-cube,p13.pddl,,ok,480,2,2,12,20,0,163104,0.7094,383,False,1,1.0,407,2,1.0,1.0
2023,seq-opt,rubiks-cube,p14.pddl,,ok,480,2,2,12,20,0,163104,0.7094,383,False,1,1.0,407,2,1.0,1.0
2023,seq-opt,rubiks-cube,p15.pddl,,ok,480,2,2,12,20,0,163104,0.7094,383,False,1,1.0,407,2,1.0,1.0
2023,seq-opt,rubiks-cube,p16.pddl,,ok,480,2,2,12,20,0,163104,0.7094,383,False,1,1.0,407,2,1.0,1.0
2023,seq-opt,rubiks-cube,p17.pddl,,ok,480,2,2,12,20,0,163104,0.7094,383,False,1,1.0,407,2,1.0,1.0
2023,seq-opt,rubiks-cube,p18.pddl,,ok,480,2,2,12,20,0,163104,0.7094,383,False,1,1.0,407,2,1.0,1.0
2023,seq-opt,rubiks-cube,p19.pddl,,ok,480,2,2,12,20,0,163104,0.7094,383,False,1,1.0,407,2,1.0,1.0
2023,seq-opt,rubiks-cube,p20.pddl,,ok,480,2,2,12,20,0,163104,0.7094,383,False,1,1.0,407,2,1.0,1.0
2023,seq-sat,rubiks-cube,p01.pddl,,ok,480,2,2,12,20,0,163104,0.7094,383,False,1,1.0,407,2,1.0,1.0
2023,seq-sat,rubiks-cube,p02.pddl,,ok,480,2,2,12,20,0,163104,0.7094,383,False,1,1.0,407,2,1.0,1.0
2023,seq-sat,rubiks-cube,p03.pddl,,ok,480,2,2,12,20,0,163104,0.7094,383,False,1,1.0,407,2,1.0,1.0
2023,seq-sat,rubiks-cube,p04.pddl,,ok,480,2,2,12,20,0,163104,0.7094,383,False,1,1.0,407,2,1.0,1.0
2023,seq-sat,rubiks-cube,p05.pddl,,ok,480,2,2,12,20,0,163104,0.7094,383,False,1,1.0,407,2,1.0,1.0
2023,seq-sat,rubiks-cube,p06.pddl,,ok,480,2,2,12,20,0,163104,0.7094,383,False,1,1.0,407,2,1.0,1.0
2023,seq-sat,rubiks-cube,p07.pddl,,ok,480,2,2,12,20,0,163104,0.7094,383,False,1,1.0,407,2,1.0,1.0
2023,seq-sat,rubiks-cube,p08.pddl,,ok,480,2,2,12,20,0,163104,0.7094,383,False,1,1.0,407,2,1.0,1.0
2023,seq-sat,rubiks-cube,p09.pddl,,ok,480,2,2,12,20,0,163104,0.7094,383,False,1,1.0,407,2,1.0,1.0
2023,seq-sat,rubiks-cube,p10.pddl,,ok,480,2,2,12,20,0,163104,0.7094,383,False,1,1.0,407,2,1.0,1.0
2023,seq-sat,rubiks-cube,p11.pddl,,ok,480,2,2,12,20,0,163104,0.7094,383,False,1,1.0,407,2,1.0,1.0
2023,seq-sat,rubiks-cube,p12.pddl,,ok,480,2,2,12,20,0,163104,0.7094,383,False,1,1.0,407,2,1.0,1.0
2023,seq-sat,rubiks-cube,p13.pddl,,ok,480,2,2,12,20,0,163104,0.7094,383,False,1,1.0,407,2,1.0,1.0
2023,seq-sat,rubiks-cube,p14.pddl,,ok,480,2,2,12,20,0,163104,0.7094,383,False,1,1.0,407,2,1.0,1.0
2023,seq-sat,rubiks-cube,p15.pddl,,ok,480,2,2,12,20,0,163104,0.7094,383,False,1,1.0,407,2,1.0,1.0
2023,seq-sat,rubiks-cube,p16.pddl,,ok,480,2,2,12,20,0,163104,0.7094,383,False,1,1.0,407,2,1.0,1.0
2023,seq-sat,rubiks-cube,p17.pddl,,ok,480,2,2,12,20,0,163104,0.7094,383,False,1,1.0,407,2,1.0,1.0
2023,seq-sat,rubiks-cube,p18.pddl,,ok,480,2,2,12,20,0,163104,0.7094,383,False,1,1.0,407,2,1.0,1.0
2023,seq-sat,rubiks-cube,p19.pddl,,ok,480,2,2,12,20,0,163104,0.7094,383,False,1,1.0,407,2,1.0,1.0
2023,seq-sat,rubiks-cube,p20.pddl,,ok,480,2,2,12,20,0,163104,0.7094,383,False,1,1.0,407,2,1.0,1.0
2011,seq-opt,scanalyzer,p01.pddl,,ok,8,3,4,508,8,0,44,0.7857,7,False,1,1.0,4,6.5,0.5,0.9231
2011,seq-opt,scanalyzer,p02.pddl,,ok,12,4,6,360,12,0,102,0.7727,11,False,1,1.0,6,9.5,0.5,0.9474
2011,seq-opt,scanalyzer,p03.pddl,,ok,12,4,6,300,12,0,102,0.7727,11,False,1,1.0,6,9.5,0.5,0.9474
2011,seq-opt,scanalyzer,p04.pddl,,ok,16,5,8,1792,16,0,184,0.7667,15,False,1,1.0,8,16.5,0.5,0.9697
2011,seq-opt,scanalyzer,p05.pddl,,ok,20,6,10,4500,20,0,290,0.7632,19,False,1,1.0,10,25.5,0.5,0.9804
2011,seq-opt,scanalyzer,p06.pddl,,ok,16,5,8,1120,16,0,184,0.7667,15,False,1,1.0,8,16.5,0.5,0.9697
2011,seq-opt,scanalyzer,p07.pddl,,ok,36,10,18,49572,36,0,954,0.7571,35,False,1,1.0,18,81.5,0.5,0.9939
2011,seq-opt,scanalyzer,p08.pddl,,ok,24,7,12,9504,24,0,420,0.7609,23,False,1,1.0,12,36.5,0.5,0.9863
2011,seq-opt,scanalyzer,p09.pddl,,ok,28,8,14,17836,28,0,574,0.7593,27,False,1,1.0,14,49.5,0.5,0.9899
2011,seq-opt,scanalyzer,p10.pddl,,ok,32,9,16,30720,32,0,752,0.7581,31,False,1,1.0,16,64.5,0.5,0.9922
2011,seq-opt,scanalyzer,p11.pddl,,ok,16,5,8,32736,16,0,168,0.7,13,False,1,1.0,8,28.5,0.5,0.9825
2011,seq-opt,scanalyzer,p12.pddl,,ok,16,5,8,952,16,0,184,0.7667,15,False,1,1.0,8,16.5,0.5,0.9697
2011,seq-opt,scanalyzer,p13.pddl,,ok,16,5,8,20448,16,0,104,0.4333,13,False,1,1.0,5,28.5,0.5,0.9825
2011,seq-opt,scanalyzer,p14.pddl,,ok,16,5,8,24544,16,0,136,0.5667,13,False,1,1.0,6,28.5,0.5,0.9825
2011,seq-opt,scanalyzer,p15.pddl,,ok,20,6,10,2700,20,0,290,0.7632,19,False,1,1.0,10,25.5,0.5,0.9804
2011,seq-opt,scanalyzer,p16.pddl,,ok,24,7,12,5544,24,0,420,0.7609,23,False,1,1.0,12,36.5,0.5,0.9863
2011,seq-opt,scanalyzer,p17.pddl,,ok,28,8,14,10192,28,0,574,0.7593,27,False,1,1.0,14,49.5,0.5,0.9899
2011,seq-opt,scanalyzer,p18.pddl,,ok,32,9,16,17280,32,0,752,0.7581,31,False,1,1.0,16,64.5,0.5,0.9922
2011,seq-opt,scanalyzer,p19.pddl,,ok,36,10,18,27540,36,0,954,0.7571,35,False,1,1.0,18,81.5,0.5,0.9939
2011,seq-opt,scanalyzer,p20.pddl,,ok,24,7,12,373140,24,0,372,0.6739,19,False,1,1.0,12,66.5,0.5,0.9925
2011,seq-sat,scanalyzer,p01.pddl,,ok,16,5,8,32736,16,0,168,0.7,13,False,1,1.0,8,28.5,0.5,0.9825
2011,seq-sat,scanalyzer,p02.pddl,,ok,24,7,12,9504,24,0,420,0.7609,23,False,1,1.0,12,36.5,0.5,0.9863
2011,seq-sat,scanalyzer,p03.pddl,,ok,16,5,8,952,16,0,184,0.7667,15,False,1,1.0,8,16.5,0.5,0.9697
2011,seq-sat,scanalyzer,p04.pddl,,ok,20,6,10,2340,20,0,290,0.7632,19,False,1,1.0,10,25.5,0.5,0.9804
2011,seq-sat,scanalyzer,p05.pddl,,ok,28,8,14,17836,28,0,574,0.7593,27,False,1,1.0,14,49.5,0.5,0.9899
2011,seq-sat,scanalyzer,p06.pddl,,ok,16,5,8,24544,16,0,136,0.5667,13,False,1,1.0,6,28.5,0.5,0.9825
2011,seq-sat,scanalyzer,p07.pddl,,ok,32,9,16,30720,32,0,752,0.7581,31,False,1,1.0,16,64.5,0.5,0.9922
2011,seq-sat,scanalyzer,p08.pddl,,ok,16,5,8,20448,16,0,104,0.4333,13,False,1,1.0,5,28.5,0.5,0.9825
2011,seq-sat,scanalyzer,p09.pddl,,ok,24,7,12,4884,24,0,420,0.7609,23,False,1,1.0,12,36.5,0.5,0.9863
2011,seq-sat,scanalyzer,p10.pddl,,ok,28,8,14,10192,28,0,574,0.7593,27,False,1,1.0,14,49.5,0.5,0.9899
2011,seq-sat,scanalyzer,p11.pddl,,ok,28,8,14,9100,28,0,574,0.7593,27,False,1,1.0,14,49.5,0.5,0.9899
2011,seq-sat,scanalyzer,p12.pddl,,ok,24,7,12,5544,24,0,420,0.7609,23,False,1,1.0,12,36.5,0.5,0.9863
2011,seq-sat,scanalyzer,p13.pddl,,ok,20,6,10,2700,20,0,290,0.7632,19,False,1,1.0,10,25.5,0.5,0.9804
2011,seq-sat,scanalyzer,p14.pddl,,ok,32,9,16,17280,32,0,752,0.7581,31,False,1,1.0,16,64.5,0.5,0.9922
2011,seq-sat,scanalyzer,p15.pddl,,ok,32,9,16,15600,32,0,752,0.7581,31,False,1,1.0,16,64.5,0.5,0.9922
2011,seq-sat,scanalyzer,p16.pddl,,ok,36,10,18,27540,36,0,954,0.7571,35,False,1,1.0,18,81.5,0.5,0.9939
2011,seq-sat,scanalyzer,p17.pddl,,ok,36,10,18,25092,36,0,954,0.7571,35,False,1,1.0,18,81.5,0.5,0.9939
2011,seq-sat,scanalyzer,p18.pddl,,ok,24,7,12,373140,24,0,372,0.6739,19,False,1,1.0,12,66.5,0.5,0.9925
2011,seq-sat,scanalyzer,p19.pddl,,ok,24,7,12,248724,24,0,276,0.5,19,False,1,1.0,8,66.5,0.5,0.9925
2011,seq-sat,scanalyzer,p20.pddl,,ok,24,7,12,207252,24,0,180,0.3261,19,False,1,1.0,7,66.5,0.5,0.9925
2018,seq-opt,settlers,p01.pddl,,ok,343,2.017,4,175,1,0,28585,0.2437,213,False,1,1.0,132,1.988,0.9359,0.9589
2018,seq-opt,settlers,p02.pddl,,ok,369,2.016,4,175,2,0,32181,0.237,229,False,1,1.0,147,1.986,0.9377,0.9604
2018,seq-opt,settlers,p03.pddl,,ok,405,2.015,4,175,2,0,38337,0.2343,253,False,1,1.0,159,1.988,0.9432,0.964
2018,seq-opt,settlers,p04.pddl,,ok,439,2.014,4,175,3,0,43455,0.226,273,False,1,1.0,159,1.984,0.9431,0.9644
2018,seq-opt,settlers,p05.pddl,,ok,493,2.012,4,175,3,0,55016,0.2268,313,False,1,1.0,165,1.992,0.9554,0.9715
2018,seq-opt,settlers,p06.pddl,,ok,449,2.013,4,175,4,0,46041,0.2289,281,False,1,1.0,164,1.987,0.9465,0.9664
2018,seq-opt,settlers,p07.pddl,,ok,563,2.011,4,175,4,0,69590,0.2199,357,False,1,1.0,193,1.989,0.9574,0.9732
2018,seq-opt,settlers,p08.pddl,,ok,555,2.011,4,175,5,0,68560,0.223,353,False,1,1.0,192,1.991,0.9586,0.9738
2018,seq-opt,settlers,p09.pddl,,ok,603,2.01,4,175,5,0,79665,0.2195,385,False,1,1.0,207,1.992,0.9619,0.9759
2018,seq-opt,settlers,p10.pddl,,ok,581,2.01,4,175,6,0,74136,0.22,369,False,1,1.0,199,1.99,0.9587,0.974
2018,seq-opt,settlers,p11.pddl,,ok,504,2.024,6,348,1,0,52255,0.2061,351,False,1,1.0,212,2.032,0.9127,0.9453
2018,seq-opt,settlers,p12.pddl,,ok,491,2.024,6,331,2,0,50597,0.2103,343,False,1,1.0,206,2.014,0.9165,0.9464
2018,seq-opt,settlers,p13.pddl,,ok,530,2.023,6,320,2,0,59270,0.2114,375,False,1,1.0,226,2.011,0.9321,0.955
2018,seq-opt,settlers,p14.pddl,,ok,583,2.021,6,331,3,0,68298,0.2013,409,False,1,1.0,253,2.009,0.9262,0.953
2018,seq-opt,settlers,p15.pddl,,ok,658,2.018,6,320,3,0,87008,0.2013,471,False,1,1.0,279,2.009,0.9453,0.9637
2018,seq-opt,settlers,p16.pddl,,ok,607,2.02,6,331,4,0,73903,0.2009,427,False,1,1.0,264,1.998,0.9292,0.9547
2018,seq-opt,settlers,p17.pddl,,ok,759,2.016,6,331,4,0,111581,0.1939,541,False,1,1.0,308,2.007,0.9433,0.9639
2018,seq-opt,settlers,p18.pddl,,ok,728,2.016,6,348,5,0,103597,0.1957,519,False,1,1.0,305,2.005,0.9396,0.9616
2018,seq-opt,settlers,p19.pddl,,ok,789,2.015,6,371,5,0,120062,0.1931,563,False,1,1.0,334,2.016,0.9404,0.9629
2018,seq-opt,settlers,p20.pddl,,ok,804,2.015,6,348,6,0,122811,0.1902,573,False,1,1.0,335,2.01,0.9428,0.9641
2018,seq-sat,settlers,p01.pddl,,ok,1107,2.014,6,425,4,0,225032,0.1838,709,False,1,1.0,492,2.009,0.9584,0.9721
2018,seq-sat,settlers,p02.pddl,,ok,1181,2.014,6,425,5,0,252882,0.1815,757,False,1,1.0,524,2.008,0.9602,0.9734
2018,seq-sat,settlers,p03.pddl,,ok,1263,2.013,6,447,6,0,291460,0.1829,813,False,1,1.0,530,2.013,0.962,0.9748
2018,seq-sat,settlers,p04.pddl,,ok,1343,2.012,6,425,7,0,331014,0.1837,865,False,1,1.0,602,2.007,0.965,0.9766
2018,seq-sat,settlers,p05.pddl,,ok,1476,2.011,6,425,8,0,389477,0.1789,955,False,1,1.0,620,2.012,0.9688,0.9791
2018,seq-sat,settlers,p06.pddl,,ok,1562,2.01,6,447,9,0,437791,0.1795,1011,False,1,1.0,696,2.01,0.9686,0.9793
2018,seq-sat,settlers,p07.pddl,,ok,1669,2.01,6,425,10,0,494871,0.1778,1081,False,1,1.0,682,2.005,0.9712,0.9809
2018,seq-sat,settlers,p08.pddl,,ok,1472,2.019,9,738,4,0,348368,0.1609,1063,False,1,1.0,624,2.05,0.9545,0.9685
2018,seq-sat,settlers,p09.pddl,,ok,1576,2.018,9,822,5,0,393430,0.1585,1139,False,1,1.0,668,2.074,0.9543,0.9694
2018,seq-sat,settlers,p10.pddl,,ok,1678,2.017,9,738,6,0,449834,0.1599,1216,False,1,1.0,731,2.038,0.9595,0.9719
2018,seq-sat,settlers,p11.pddl,,ok,1824,2.015,9,738,7,0,524170,0.1576,1324,False,1,1.0,793,2.043,0.9622,0.974
2018,seq-sat,settlers,p12.pddl,,ok,1966,2.014,9,738,8,0,604218,0.1564,1432,False,1,1.0,858,2.033,0.9654,0.976
2018,seq-sat,settlers,p13.pddl,,ok,2070,2.014,9,738,9,0,676554,0.158,1513,False,1,1.0,903,2.036,0.9681,0.9777
2018,seq-sat,settlers,p14.pddl,,ok,2209,2.013,9,776,10,0,764580,0.1568,1614,False,1,1.0,1048,2.043,0.9683,0.9783
2018,seq-sat,settlers,p15.pddl,,ok,2219,2.027,17,1530,3,0,564754,0.1147,1816,False,1,1.0,723,2.104,0.9468,0.9619
2018,seq-sat,settlers,p16.pddl,,ok,2438,2.025,17,1476,4,0,675314,0.1137,2001,False,1,1.0,879,2.075,0.952,0.965
2018,seq-sat,settlers,p17.pddl,,ok,2672,2.022,17,1424,5,0,800864,0.1122,2201,False,1,1.0,931,2.055,0.9577,0.9685
2018,seq-sat,settlers,p18.pddl,,ok,2883,2.021,17,1530,6,0,927889,0.1117,2377,False,1,1.0,956,2.079,0.9584,0.97
2018,seq-sat,settlers,p19.pddl,,ok,3101,2.019,17,1530,7,0,1070161,0.1113,2564,False,1,1.0,1032,2.064,0.9616,0.972
2018,seq-sat,settlers,p20.pddl,,ok,3351,2.018,17,1614,8,0,1228675,0.1095,2772,False,1,1.0,883,2.081,0.9627,0.9735
2023,seq-opt,slitherlink,p01.pddl,,ok,98,2.49,5,952,25,0,1220,0.1283,97,False,1,1.0,16,1.898,0.2041,0.2151
2023,seq-opt,slitherlink,p02.pddl,,tempo esgotado (300 s),,,,,,,,,,,,,,,,
2023,seq-opt,slitherlink,p03.pddl,,tempo esgotado (300 s),,,,,,,,,,,,,,,,
2023,seq-opt,slitherlink,p04.pddl,,tempo esgotado (300 s),,,,,,,,,,,,,,,,
2023,seq-opt,slitherlink,p05.pddl,,tempo esgotado (300 s),,,,,,,,,,,,,,,,
2023,seq-opt,slitherlink,p06.pddl,,tempo esgotado (300 s),,,,,,,,,,,,,,,,
2023,seq-opt,slitherlink,p07.pddl,,tempo esgotado (300 s),,,,,,,,,,,,,,,,
2023,seq-opt,slitherlink,p08.pddl,,tempo esgotado (300 s),,,,,,,,,,,,,,,,
2023,seq-opt,slitherlink,p09.pddl,,tempo esgotado (300 s),,,,,,,,,,,,,,,,
2023,seq-opt,slitherlink,p10.pddl,,tempo esgotado (300 s),,,,,,,,,,,,,,,,
2023,seq-opt,slitherlink,p11.pddl,,tempo esgotado (300 s),,,,,,,,,,,,,,,,
2023,seq-opt,slitherlink,p12.pddl,,tempo esgotado (300 s),,,,,,,,,,,,,,,,
2023,seq-opt,slitherlink,p13.pddl,,tempo esgotado (300 s),,,,,,,,,,,,,,,,
2023,seq-opt,slitherlink,p14.pddl,,tempo esgotado (300 s),,,,,,,,,,,,,,,,
2023,seq-opt,slitherlink,p15.pddl,,tempo esgotado (300 s),,,,,,,,,,,,,,,,
2023,seq-opt,slitherlink,p16.pddl,,tempo esgotado (300 s),,,,,,,,,,,,,,,,
2023,seq-opt,slitherlink,p17.pddl,,tempo esgotado (300 s),,,,,,,,,,,,,,,,
2023,seq-opt,slitherlink,p18.pddl,,tempo esgotado (300 s),,,,,,,,,,,,,,,,
2023,seq-opt,slitherlink,p19.pddl,,tempo esgotado (300 s),,,,,,,,,,,,,,,,
2023,seq-opt,slitherlink,p20.pddl,,tempo esgotado (300 s),,,,,,,,,,,,,,,,
2023,seq-sat,slitherlink,p01.pddl,,tempo esgotado (300 s),,,,,,,,,,,,,,,,
2023,seq-sat,slitherlink,p02.pddl,,tempo esgotado (300 s),,,,,,,,,,,,,,,,
2023,seq-sat,slitherlink,p03.pddl,,tempo esgotado (300 s),,,,,,,,,,,,,,,,
2023,seq-sat,slitherlink,p04.pddl,,tempo esgotado (300 s),,,,,,,,,,,,,,,,
2023,seq-sat,slitherlink,p05.pddl,,tempo esgotado (300 s),,,,,,,,,,,,,,,,
2023,seq-sat,slitherlink,p06.pddl,,tempo esgotado (300 s),,,,,,,,,,,,,,,,
2023,seq-sat,slitherlink,p07.pddl,,tempo esgotado (300 s),,,,,,,,,,,,,,,,
2023,seq-sat,slitherlink,p08.pddl,,tempo esgotado (300 s),,,,,,,,,,,,,,,,
2023,seq-sat,slitherlink,p09.pddl,,tempo esgotado (300 s),,,,,,,,,,,,,,,,
2023,seq-sat,slitherlink,p10.pddl,,tempo esgotado (300 s),,,,,,,,,,,,,,,,
2023,seq-sat,slitherlink,p11.pddl,,tempo esgotado (300 s),,,,,,,,,,,,,,,,
2023,seq-sat,slitherlink,p12.pddl,,tempo esgotado (300 s),,,,,,,,,,,,,,,,
2023,seq-sat,slitherlink,p13.pddl,,tempo esgotado (300 s),,,,,,,,,,,,,,,,
2023,seq-sat,slitherlink,p14.pddl,,tempo esgotado (300 s),,,,,,,,,,,,,,,,
2023,seq-sat,slitherlink,p15.pddl,,tempo esgotado (300 s),,,,,,,,,,,,,,,,
2023,seq-sat,slitherlink,p16.pddl,,tempo esgotado (300 s),,,,,,,,,,,,,,,,
2023,seq-sat,slitherlink,p17.pddl,,tempo esgotado (300 s),,,,,,,,,,,,,,,,
2023,seq-sat,slitherlink,p18.pddl,,tempo esgotado (300 s),,,,,,,,,,,,,,,,
2023,seq-sat,slitherlink,p19.pddl,,tempo esgotado (300 s),,,,,,,,,,,,,,,,
2023,seq-sat,slitherlink,p20.pddl,,tempo esgotado (300 s),,,,,,,,,,,,,,,,
2018,seq-opt,snake,p01.pddl,,ok,123,2.447,25,6928,15,0,13961,0.9304,122,False,1,1.0,121,3.293,0.9512,0.963
2018,seq-opt,snake,p02.pddl,,ok,127,2.465,25,7300,19,0,15041,0.9399,126,False,1,1.0,125,3.283,0.9528,0.9544
2018,seq-opt,snake,p03.pddl,,ok,130,2.477,25,7678,22,0,15996,0.9538,129,False,1,1.0,128,3.277,0.9538,0.9484
2018,seq-opt,snake,p04.pddl,,ok,116,2.414,25,6504,8,0,12451,0.9334,115,False,1,1.0,114,3.31,0.9483,0.9792
2018,seq-opt,snake,p05.pddl,,ok,119,2.429,25,6652,11,0,13040,0.9286,118,False,1,1.0,117,3.303,0.9496,0.972
2018,seq-opt,snake,p06.pddl,,ok,150,2.46,30,10549,19,0,20956,0.9376,149,False,1,1.0,148,3.327,0.96,0.9619
2018,seq-opt,snake,p07.pddl,,ok,154,2.474,30,11010,23,0,22276,0.9454,153,False,1,1.0,152,3.318,0.961,0.955
2018,seq-opt,snake,p08.pddl,,ok,159,2.491,30,11788,28,0,24228,0.9644,158,False,1,1.0,157,3.308,0.9623,0.9468
2018,seq-opt,snake,p09.pddl,,ok,141,2.426,30,9790,10,0,18478,0.9361,140,False,1,1.0,139,3.348,0.9574,0.9788
2018,seq-opt,snake,p10.pddl,,ok,145,2.441,30,10074,14,0,19487,0.9333,144,False,1,1.0,143,3.338,0.9586,0.9711
2018,seq-opt,snake,p11.pddl,,ok,176,2.449,36,15141,17,0,28853,0.9368,175,False,1,1.0,174,3.369,0.9659,0.9713
2018,seq-opt,snake,p12.pddl,,ok,182,2.467,36,15844,23,0,30997,0.941,181,False,1,1.0,180,3.357,0.967,0.9624
2018,seq-opt,snake,p13.pddl,,ok,187,2.481,36,16608,28,0,33073,0.9509,186,False,1,1.0,185,3.348,0.9679,0.9553
2018,seq-opt,snake,p14.pddl,,ok,193,2.497,36,17850,34,0,36022,0.9721,192,False,1,1.0,191,3.337,0.9689,0.9472
2018,seq-opt,snake,p15.pddl,,ok,171,2.433,36,14720,12,0,27341,0.9405,170,False,1,1.0,169,3.38,0.9649,0.9792
2018,seq-opt,snake,p16.pddl,,ok,208,2.457,42,21405,21,0,40495,0.9405,207,False,1,1.0,206,3.389,0.9712,0.9702
2018,seq-opt,snake,p17.pddl,,ok,214,2.472,42,22234,27,0,43025,0.9439,213,False,1,1.0,212,3.379,0.972,0.9627
2018,seq-opt,snake,p18.pddl,,ok,220,2.486,42,23441,33,0,46084,0.9565,219,False,1,1.0,218,3.368,0.9727,0.9555
2018,seq-opt,snake,p19.pddl,,ok,227,2.502,42,25024,40,0,50010,0.9748,226,False,1,1.0,225,3.357,0.9736,0.9475
2018,seq-opt,snake,p20.pddl,,ok,201,2.438,42,20644,14,0,37925,0.9434,200,False,1,1.0,199,3.403,0.9701,0.9795
2018,seq-sat,snake,p01.pddl,,ok,176,2.449,36,15141,17,0,28853,0.9368,175,False,1,1.0,174,3.369,0.9659,0.9713
2018,seq-sat,snake,p02.pddl,,ok,182,2.467,36,15844,23,0,30998,0.941,181,False,1,1.0,180,3.357,0.967,0.9624
2018,seq-sat,snake,p03.pddl,,ok,187,2.481,36,16680,28,0,33149,0.9531,186,False,1,1.0,185,3.348,0.9679,0.9553
2018,seq-sat,snake,p04.pddl,,ok,193,2.497,36,17790,34,0,35963,0.9705,192,False,1,1.0,191,3.337,0.9689,0.9472
2018,seq-sat,snake,p05.pddl,,ok,171,2.433,36,14712,12,0,27334,0.9403,170,False,1,1.0,169,3.38,0.9649,0.9792
2018,seq-sat,snake,p06.pddl,,ok,237,2.443,49,28952,17,0,52811,0.9442,236,False,1,1.0,235,3.422,0.9747,0.979
2018,seq-sat,snake,p07.pddl,,ok,244,2.459,49,29904,24,0,55896,0.9427,243,False,1,1.0,242,3.41,0.9754,0.9712
2018,seq-sat,snake,p08.pddl,,ok,252,2.476,49,31192,32,0,59844,0.9461,251,False,1,1.0,250,3.397,0.9762,0.9626
2018,seq-sat,snake,p09.pddl,,ok,259,2.49,49,32809,39,0,64007,0.9579,258,False,1,1.0,257,3.386,0.9768,0.9555
2018,seq-sat,snake,p10.pddl,,ok,266,2.504,49,34860,46,0,68800,0.976,265,False,1,1.0,264,3.376,0.9774,0.9488
2018,seq-sat,snake,p11.pddl,,ok,314,2.449,64,51696,23,0,93120,0.9475,313,False,1,1.0,312,3.449,0.9809,0.9788
2018,seq-sat,snake,p12.pddl,,ok,324,2.466,64,53511,33,0,98981,0.9458,323,False,1,1.0,322,3.435,0.9815,0.9704
2018,seq-sat,snake,p13.pddl,,ok,333,2.48,64,55800,42,0,105252,0.952,332,False,1,1.0,331,3.423,0.982,0.9632
2018,seq-sat,snake,p14.pddl,,ok,343,2.496,64,58912,52,0,113169,0.9647,342,False,1,1.0,341,3.411,0.9825,0.9556
2018,seq-sat,snake,p15.pddl,,ok,353,2.51,64,62820,62,0,122281,0.9841,352,False,1,1.0,351,3.399,0.983,0.9483
2018,seq-sat,snake,p16.pddl,,ok,402,2.453,81,85752,30,0,153091,0.9497,401,False,1,1.0,400,3.468,0.9851,0.9785
2018,seq-sat,snake,p17.pddl,,ok,414,2.469,81,88530,42,0,162077,0.9479,413,False,1,1.0,412,3.454,0.9855,0.9706
2018,seq-sat,snake,p18.pddl,,ok,426,2.484,81,92444,54,0,172775,0.9543,425,False,1,1.0,424,3.441,0.9859,0.9632
2018,seq-sat,snake,p19.pddl,,ok,438,2.498,81,97390,66,0,185086,0.967,437,False,1,1.0,436,3.429,0.9863,0.9561
2018,seq-sat,snake,p20.pddl,,ok,450,2.511,81,103664,78,0,199303,0.9864,449,False,1,1.0,448,3.418,0.9867,0.9493
2011,seq-opt,sokoban,p01.pddl,,ok,24,4.5,17,132,3,0,332,0.6014,23,False,1,1.0,12,7.167,0.875,0.7907
2011,seq-opt,sokoban,p02.pddl,,ok,44,4.705,37,232,3,0,592,0.3129,43,False,1,1.0,11,7.091,0.9318,0.8654
2011,seq-opt,sokoban,p03.pddl,,ok,37,5.027,30,210,3,0,560,0.4204,36,False,1,1.0,12,7.459,0.9189,0.8043
2011,seq-opt,sokoban,p04.pddl,,ok,35,4.714,28,202,3,0,492,0.4134,34,False,1,1.0,13,7.543,0.9143,0.7955
2011,seq-opt,sokoban,p05.pddl,,ok,49,4.755,42,272,3,0,676,0.2874,48,False,1,1.0,12,7.388,0.9388,0.8343
2011,seq-opt,sokoban,p06.pddl,,ok,71,3.648,62,244,4,0,604,0.1215,70,False,1,1.0,12,5.296,0.9437,0.9521
2011,seq-opt,sokoban,p07.pddl,,ok,36,4.694,27,216,4,0,512,0.4063,35,False,1,1.0,15,7.722,0.8889,0.7914
2011,seq-opt,sokoban,p08.pddl,,ok,42,5.31,33,270,4,0,686,0.3984,41,False,1,1.0,14,8.19,0.9048,0.7907
2011,seq-opt,sokoban,p09.pddl,,ok,53,4.528,46,282,3,0,664,0.2409,52,False,1,1.0,13,7.17,0.9434,0.7947
2011,seq-opt,sokoban,p10.pddl,,ok,53,7.774,36,888,8,0,1488,0.5399,52,False,1,1.0,31,18.415,0.8491,0.8033
2011,seq-opt,sokoban,p11.pddl,,ok,34,5.382,25,248,4,0,590,0.5258,33,False,1,1.0,15,9,0.8824,0.8431
2011,seq-opt,sokoban,p12.pddl,,ok,220,3.05,217,464,1,0,976,0.0203,219,False,1,1.0,6,4.091,0.9955,0.9956
2011,seq-opt,sokoban,p13.pddl,,ok,39,5.59,30,302,4,0,704,0.475,38,False,1,1.0,15,9.487,0.8974,0.7405
2011,seq-opt,sokoban,p14.pddl,,ok,43,5.721,34,316,4,0,784,0.4341,42,False,1,1.0,14,9.116,0.907,0.7551
2011,seq-opt,sokoban,p15.pddl,,ok,51,5.373,42,332,4,0,832,0.3263,50,False,1,1.0,14,8.314,0.9216,0.8679
2011,seq-opt,sokoban,p16.pddl,,ok,53,5.245,44,368,4,0,852,0.3091,52,False,1,1.0,17,8.755,0.9245,0.819
2011,seq-opt,sokoban,p17.pddl,,ok,41,5.659,32,322,4,0,748,0.4561,40,False,1,1.0,15,9.61,0.9024,0.7766
2011,seq-opt,sokoban,p18.pddl,,ok,59,8.915,36,1176,11,0,1938,0.5663,58,False,1,1.0,37,21.525,0.8136,0.7921
2011,seq-opt,sokoban,p19.pddl,,ok,47,5.83,38,378,4,0,882,0.408,46,False,1,1.0,15,9.83,0.9149,0.7576
2011,seq-opt,sokoban,p20.pddl,,ok,35,5.771,24,312,5,0,678,0.5697,34,False,1,1.0,18,10.571,0.8571,0.7297
2011,seq-sat,sokoban,p01.pddl,,ok,52,6.308,39,442,6,0,1078,0.4065,51,False,1,1.0,18,10.231,0.8846,0.688
2011,seq-sat,sokoban,p02.pddl,,ok,49,4.755,42,272,3,0,676,0.2874,48,False,1,1.0,12,7.388,0.9388,0.8343
2011,seq-sat,sokoban,p03.pddl,,ok,50,7.14,35,528,7,0,1220,0.498,49,False,1,1.0,21,12.24,0.86,0.7712
2011,seq-sat,sokoban,p04.pddl,,ok,45,6.267,34,416,5,0,938,0.4737,44,False,1,1.0,19,10.978,0.8889,0.7976
2011,seq-sat,sokoban,p05.pddl,,ok,45,5.933,34,362,5,0,864,0.4364,44,False,1,1.0,17,9.778,0.8889,0.8409
2011,seq-sat,sokoban,p06.pddl,,ok,47,5.83,38,378,4,0,882,0.408,46,False,1,1.0,15,9.83,0.9149,0.7576
2011,seq-sat,sokoban,p07.pddl,,ok,35,5.771,24,312,5,0,678,0.5697,34,False,1,1.0,18,10.571,0.8571,0.7297
2011,seq-sat,sokoban,p08.pddl,,ok,50,6.54,37,436,6,0,1082,0.4416,49,False,1,1.0,19,10.44,0.88,0.7931
2011,seq-sat,sokoban,p09.pddl,,ok,220,3.05,217,464,1,0,976,0.0203,219,False,1,1.0,6,4.091,0.9955,0.9956
2011,seq-sat,sokoban,p10.pddl,,ok,53,5.962,44,418,4,0,1006,0.365,52,False,1,1.0,14,9.698,0.9245,0.7665
2011,seq-sat,sokoban,p11.pddl,,ok,63,6.524,52,594,5,0,1348,0.3451,62,False,1,1.0,17,11.238,0.9206,0.7881
2011,seq-sat,sokoban,p12.pddl,,ok,52,5.865,41,390,5,0,980,0.3695,51,False,1,1.0,16,9.269,0.9038,0.7884
2011,seq-sat,sokoban,p13.pddl,,ok,74,7.392,57,968,8,0,1870,0.3462,73,False,1,1.0,28,14.838,0.8919,0.8543
2011,seq-sat,sokoban,p14.pddl,,ok,52,6.115,41,406,5,0,1018,0.3839,51,False,1,1.0,15,9.577,0.9038,0.8193
2011,seq-sat,sokoban,p15.pddl,,ok,58,5.448,49,418,4,0,976,0.2952,57,False,1,1.0,15,9.034,0.931,0.771
2011,seq-sat,sokoban,p16.pddl,,ok,73,10.192,48,1496,12,0,2736,0.5205,72,False,1,1.0,35,22.137,0.8356,0.703
2011,seq-sat,sokoban,p17.pddl,,ok,59,6.678,48,560,5,0,1302,0.3805,58,False,1,1.0,18,11.288,0.9153,0.7447
2011,seq-sat,sokoban,p18.pddl,,ok,53,5.83,42,400,5,0,974,0.3534,52,False,1,1.0,17,9.321,0.9057,0.8138
2011,seq-sat,sokoban,p19.pddl,,ok,44,6.227,33,382,5,0,906,0.4789,43,False,1,1.0,17,10.409,0.8864,0.7817
2011,seq-sat,sokoban,p20.pddl,,ok,70,9.986,45,1640,12,0,2598,0.5379,69,False,1,1.0,39,25.057,0.8286,0.8084
2018,seq-opt,spider,p01.pddl,,ok,170,2.671,17,2870,17,0,11237,0.3911,169,False,1,1.0,127,6.406,0.8765,0.6336
2018,seq-opt,spider,p02.pddl,,ok,222,2.752,21,4144,21,0,16989,0.3463,221,False,1,1.0,151,6.86,0.8694,0.6159
2018,seq-opt,spider,p03.pddl,,ok,316,2.826,26,9645,26,0,31536,0.3168,315,False,1,1.0,222,8.706,0.8892,0.5591
2018,seq-opt,spider,p04.pddl,,ok,376,2.864,30,12093,30,0,40308,0.2859,375,False,1,1.0,271,9.059,0.8856,0.5385
2018,seq-opt,spider,p05.pddl,,ok,494,2.955,35,22345,35,0,68220,0.2801,493,False,1,1.0,324,10.506,0.9008,0.5198
2018,seq-opt,spider,p06.pddl,,ok,628,3.003,40,38035,40,0,105350,0.2676,627,False,1,1.0,396,12.032,0.9124,0.5011
2018,seq-opt,spider,p07.pddl,,ok,170,2.706,17,2866,17,0,11612,0.4042,169,False,1,1.0,123,6.312,0.8765,0.6132
2018,seq-opt,spider,p08.pddl,,ok,222,2.761,21,4256,21,0,17068,0.3479,221,False,1,1.0,153,6.982,0.8694,0.6206
2018,seq-opt,spider,p09.pddl,,ok,316,2.861,26,9443,26,0,31964,0.3211,315,False,1,1.0,223,8.491,0.8892,0.5613
2018,seq-opt,spider,p10.pddl,,ok,376,2.875,30,12045,30,0,39893,0.2829,375,False,1,1.0,249,9.013,0.8856,0.5648
2018,seq-opt,spider,p11.pddl,,ok,494,2.939,35,22863,35,0,66446,0.2728,493,False,1,1.0,345,10.723,0.9008,0.5184
2018,seq-opt,spider,p12.pddl,,ok,628,3.011,40,37989,40,0,107300,0.2725,627,False,1,1.0,366,12.019,0.9124,0.5238
2018,seq-opt,spider,p13.pddl,,ok,704,3.016,44,44157,44,0,123159,0.2489,703,False,1,1.0,485,12.368,0.9105,0.4918
2018,seq-opt,spider,p14.pddl,,ok,170,2.659,17,2935,17,0,10678,0.3717,169,False,1,1.0,116,6.476,0.8765,0.6122
2018,seq-opt,spider,p15.pddl,,ok,222,2.766,21,4387,21,0,16365,0.3336,221,False,1,1.0,160,7.126,0.8694,0.5777
2018,seq-opt,spider,p16.pddl,,ok,316,2.832,26,9733,26,0,30364,0.305,315,False,1,1.0,206,8.744,0.8892,0.5682
2018,seq-opt,spider,p17.pddl,,ok,376,2.891,30,12201,30,0,39324,0.2789,375,False,1,1.0,246,9.061,0.8856,0.5383
2018,seq-opt,spider,p18.pddl,,ok,494,2.953,35,22690,35,0,65387,0.2685,493,False,1,1.0,336,10.634,0.9008,0.541
2018,seq-opt,spider,p19.pddl,,ok,628,3.003,40,38617,40,0,103409,0.2626,627,False,1,1.0,438,12.17,0.9124,0.4954
2018,seq-opt,spider,p20.pddl,,ok,704,3.03,44,44019,44,0,122049,0.2466,703,False,1,1.0,426,12.318,0.9105,0.4938
2018,seq-sat,spider,p01.pddl,,ok,494,2.943,35,22438,35,0,67132,0.2756,493,False,1,1.0,332,10.555,0.9008,0.5267
2018,seq-sat,spider,p02.pddl,,ok,628,2.992,40,38669,40,0,105227,0.2672,627,False,1,1.0,409,12.209,0.9124,0.4938
2018,seq-sat,spider,p03.pddl,,ok,704,3.028,44,43267,44,0,124196,0.2509,703,False,1,1.0,484,12.161,0.9105,0.5077
2018,seq-sat,spider,p04.pddl,,ok,862,3.058,49,69218,49,0,181208,0.2442,861,False,1,1.0,559,13.878,0.92,0.4897
2018,seq-sat,spider,p05.pddl,,ok,1036,3.098,54,103363,54,0,265219,0.2473,1035,False,1,1.0,745,15.353,0.9276,0.4669
2018,seq-sat,spider,p06.pddl,,ok,1128,3.108,58,113779,58,0,289569,0.2278,1127,False,1,1.0,646,15.485,0.9264,0.47
2018,seq-sat,spider,p07.pddl,,ok,376,2.875,30,12057,30,0,39851,0.2826,375,False,1,1.0,266,9.021,0.8856,0.5643
2018,seq-sat,spider,p08.pddl,,ok,494,2.943,35,22562,35,0,66948,0.2749,493,False,1,1.0,334,10.603,0.9008,0.5242
2018,seq-sat,spider,p09.pddl,,ok,628,3,40,38647,40,0,106080,0.2694,627,False,1,1.0,431,12.193,0.9124,0.5018
2018,seq-sat,spider,p10.pddl,,ok,704,3.013,44,44015,44,0,125237,0.253,703,False,1,1.0,501,12.344,0.9105,0.4928
2018,seq-sat,spider,p11.pddl,,ok,862,3.064,49,69096,49,0,182146,0.2454,861,False,1,1.0,520,13.85,0.92,0.4967
2018,seq-sat,spider,p12.pddl,,ok,1036,3.095,54,104331,54,0,262492,0.2448,1035,False,1,1.0,699,15.467,0.9276,0.4684
2018,seq-sat,spider,p13.pddl,,ok,1128,3.103,58,114667,58,0,289203,0.2275,1127,False,1,1.0,716,15.582,0.9264,0.4721
2018,seq-sat,spider,p14.pddl,,ok,376,2.88,30,12333,30,0,38613,0.2739,375,False,1,1.0,231,9.168,0.8856,0.5437
2018,seq-sat,spider,p15.pddl,,ok,494,2.945,35,22902,35,0,63763,0.2618,493,False,1,1.0,308,10.717,0.9008,0.5096
2018,seq-sat,spider,p16.pddl,,ok,628,3.002,40,39089,40,0,101579,0.258,627,False,1,1.0,430,12.291,0.9124,0.4905
2018,seq-sat,spider,p17.pddl,,ok,704,3.023,44,44291,44,0,122242,0.247,703,False,1,1.0,481,12.386,0.9105,0.4911
2018,seq-sat,spider,p18.pddl,,ok,862,3.058,49,70082,49,0,175916,0.237,861,False,1,1.0,517,14.001,0.92,0.4734
2018,seq-sat,spider,p19.pddl,,ok,1036,3.097,54,104231,54,0,255785,0.2385,1035,False,1,1.0,736,15.448,0.9276,0.474
2018,seq-sat,spider,p20.pddl,,ok,1128,3.107,58,114885,58,0,281011,0.221,1127,False,1,1.0,738,15.596,0.9264,0.4767
2018,seq-opt,termes,p01.pddl,,ok,13,4.462,12,468,12,0,73,0.4679,12,False,1,1.0,4,7.846,1.0,1.0
2018,seq-opt,termes,p02.pddl,,ok,13,4.462,12,468,12,0,73,0.4679,12,False,1,1.0,4,7.846,1.0,1.0
2018,seq-opt,termes,p03.pddl,,ok,13,5.308,12,608,12,0,73,0.4679,12,False,1,1.0,4,9.538,1.0,1.0
2018,seq-opt,termes,p04.pddl,,ok,13,5.308,12,608,12,0,73,0.4679,12,False,1,1.0,4,9.538,1.0,1.0
2018,seq-opt,termes,p05.pddl,,ok,13,6.154,12,748,12,0,73,0.4679,12,False,1,1.0,4,11.231,1.0,1.0
2018,seq-opt,termes,p06.pddl,,ok,13,6.154,12,748,12,0,73,0.4679,12,False,1,1.0,4,11.231,1.0,1.0
2018,seq-opt,termes,p07.pddl,,ok,13,7,12,888,12,0,73,0.4679,12,False,1,1.0,4,12.923,1.0,1.0
2018,seq-opt,termes,p08.pddl,,ok,13,7,12,888,12,0,73,0.4679,12,False,1,1.0,4,12.923,1.0,1.0
2018,seq-opt,termes,p09.pddl,,ok,13,7.846,12,1028,12,0,73,0.4679,12,False,1,1.0,4,14.615,1.0,1.0
2018,seq-opt,termes,p10.pddl,,ok,13,7.846,12,1028,12,0,73,0.4679,12,False,1,1.0,4,14.615,1.0,1.0
2018,seq-opt,termes,p11.pddl,,ok,13,4.462,12,468,12,0,73,0.4679,12,False,1,1.0,4,7.846,1.0,1.0
2018,seq-opt,termes,p12.pddl,,ok,13,4.462,12,468,12,0,73,0.4679,12,False,1,1.0,4,7.846,1.0,1.0
2018,seq-opt,termes,p13.pddl,,ok,13,5.308,12,608,12,0,73,0.4679,12,False,1,1.0,4,9.538,1.0,1.0
2018,seq-opt,termes,p14.pddl,,ok,13,5.308,12,608,12,0,73,0.4679,12,False,1,1.0,4,9.538,1.0,1.0
2018,seq-opt,termes,p15.pddl,,ok,13,6.154,12,748,12,0,73,0.4679,12,False,1,1.0,4,11.231,1.0,1.0
2018,seq-opt,termes,p16.pddl,,ok,13,6.154,12,748,12,0,73,0.4679,12,False,1,1.0,4,11.231,1.0,1.0
2018,seq-opt,termes,p17.pddl,,ok,13,4.462,12,494,12,0,75,0.4808,12,False,1,1.0,5,7.846,1.0,1.0
2018,seq-opt,termes,p18.pddl,,ok,13,4.462,12,468,12,0,73,0.4679,12,False,1,1.0,4,7.846,1.0,1.0
2018,seq-opt,termes,p19.pddl,,ok,13,5.308,12,644,12,0,75,0.4808,12,False,1,1.0,5,9.538,1.0,1.0
2018,seq-opt,termes,p20.pddl,,ok,13,5.308,12,608,12,0,73,0.4679,12,False,1,1.0,4,9.538,1.0,1.0
2018,seq-sat,termes,p01.pddl,,ok,17,5.471,16,902,16,0,103,0.3787,16,False,1,1.0,5,10,1.0,1.0
2018,seq-sat,termes,p02.pddl,,ok,17,5.471,16,902,16,0,103,0.3787,16,False,1,1.0,5,10,1.0,1.0
2018,seq-sat,termes,p03.pddl,,ok,17,6.353,16,1112,16,0,103,0.3787,16,False,1,1.0,5,11.765,1.0,1.0
2018,seq-sat,termes,p04.pddl,,ok,17,5.471,16,938,16,0,105,0.386,16,False,1,1.0,5,10,1.0,1.0
2018,seq-sat,termes,p05.pddl,,ok,17,6.353,16,1112,16,0,103,0.3787,16,False,1,1.0,5,11.765,1.0,1.0
2018,seq-sat,termes,p06.pddl,,ok,17,7.235,16,1322,16,0,103,0.3787,16,False,1,1.0,5,13.529,1.0,1.0
2018,seq-sat,termes,p07.pddl,,ok,17,7.235,16,1322,16,0,103,0.3787,16,False,1,1.0,5,13.529,1.0,1.0
2018,seq-sat,termes,p08.pddl,,ok,17,8.118,16,1532,16,0,103,0.3787,16,False,1,1.0,5,15.294,1.0,1.0
2018,seq-sat,termes,p09.pddl,,ok,17,9,16,1742,16,0,103,0.3787,16,False,1,1.0,5,17.059,1.0,1.0
2018,seq-sat,termes,p10.pddl,,ok,17,9.882,16,1952,16,0,103,0.3787,16,False,1,1.0,5,18.824,1.0,1.0
2018,seq-sat,termes,p11.pddl,,ok,26,3.808,25,834,25,0,171,0.2631,25,False,1,1.0,7,6.846,1.0,1.0
2018,seq-sat,termes,p12.pddl,,ok,26,4.731,25,1204,25,0,171,0.2631,25,False,1,1.0,7,8.692,1.0,1.0
2018,seq-sat,termes,p13.pddl,,ok,26,5.654,25,1574,25,0,171,0.2631,25,False,1,1.0,7,10.538,1.0,1.0
2018,seq-sat,termes,p14.pddl,,ok,26,6.577,25,1944,25,0,171,0.2631,25,False,1,1.0,7,12.385,1.0,1.0
2018,seq-sat,termes,p15.pddl,,ok,26,7.5,25,2314,25,0,171,0.2631,25,False,1,1.0,7,14.231,1.0,1.0
2018,seq-sat,termes,p16.pddl,,ok,21,4.667,20,916,20,0,133,0.3167,20,False,1,1.0,6,8.476,1.0,1.0
2018,seq-sat,termes,p17.pddl,,ok,21,5.571,20,1196,20,0,133,0.3167,20,False,1,1.0,6,10.286,1.0,1.0
2018,seq-sat,termes,p18.pddl,,ok,26,6.577,25,1944,25,0,171,0.2631,25,False,1,1.0,7,12.385,1.0,1.0
2018,seq-sat,termes,p19.pddl,,ok,26,7.5,25,2314,25,0,171,0.2631,25,False,1,1.0,7,14.231,1.0,1.0
2018,seq-sat,termes,p20.pddl,,ok,36,8.583,35,3980,35,0,247,0.196,35,False,1,1.0,7,16.5,1.0,1.0
2011,seq-opt,tidybot,p01.pddl,,ok,137,2.022,5,4591,4,0,6563,0.3522,107,False,1,1.0,76,2.015,0.9708,0.9855
2011,seq-opt,tidybot,p02.pddl,,ok,181,2.017,5,7687,4,0,12021,0.369,140,False,1,1.0,109,2.011,0.9779,0.989
2011,seq-opt,tidybot,p03.pddl,,ok,181,2.017,5,7687,4,0,12021,0.369,140,False,1,1.0,109,2.011,0.9779,0.989
2011,seq-opt,tidybot,p04.pddl,,ok,181,2.017,5,7687,4,0,12021,0.369,140,False,1,1.0,109,2.011,0.9779,0.989
2011,seq-opt,tidybot,p05.pddl,,ok,233,2.013,5,12351,4,0,20591,0.3809,179,False,1,1.0,148,2.009,0.9828,0.9915
2011,seq-opt,tidybot,p06.pddl,,ok,233,2.013,5,12351,4,0,20591,0.3809,179,False,1,1.0,148,2.009,0.9828,0.9915
2011,seq-opt,tidybot,p07.pddl,,ok,233,2.013,5,12351,4,0,20591,0.3809,179,False,1,1.0,148,2.009,0.9828,0.9915
2011,seq-opt,tidybot,p08.pddl,,ok,233,2.013,5,12351,4,0,20591,0.3809,179,False,1,1.0,148,2.009,0.9828,0.9915
2011,seq-opt,tidybot,p09.pddl,,ok,293,2.01,5,19255,4,0,33425,0.3907,224,False,1,1.0,193,2.007,0.9863,0.9932
2011,seq-opt,tidybot,p10.pddl,,ok,293,2.01,5,19255,4,0,33425,0.3907,224,False,1,1.0,193,2.007,0.9863,0.9932
2011,seq-opt,tidybot,p11.pddl,,ok,293,2.01,5,19255,4,0,33425,0.3907,224,False,1,1.0,193,2.007,0.9863,0.9932
2011,seq-opt,tidybot,p12.pddl,,ok,293,2.01,5,19255,4,0,33425,0.3907,224,False,1,1.0,193,2.007,0.9863,0.9932
2011,seq-opt,tidybot,p13.pddl,,ok,293,2.01,5,19255,4,0,33425,0.3907,224,False,1,1.0,193,2.007,0.9863,0.9932
2011,seq-opt,tidybot,p14.pddl,,ok,373,2.008,5,29865,4,0,52226,0.3764,287,False,1,1.0,244,2.005,0.9893,0.9947
2011,seq-opt,tidybot,p15.pddl,,ok,369,2.008,5,29650,4,0,52110,0.3837,283,False,1,1.0,244,2.005,0.9892,0.9946
2011,seq-opt,tidybot,p16.pddl,,ok,381,2.008,5,30465,4,0,52565,0.3631,295,False,1,1.0,244,2.005,0.9895,0.9948
2011,seq-opt,tidybot,p17.pddl,,ok,377,2.008,5,30177,4,0,52403,0.3697,291,False,1,1.0,244,2.005,0.9894,0.9947
2011,seq-opt,tidybot,p18.pddl,,ok,373,2.008,5,29842,4,0,52212,0.3763,287,False,1,1.0,244,2.005,0.9893,0.9947
2011,seq-opt,tidybot,p19.pddl,,ok,377,2.008,5,30200,4,0,52417,0.3698,291,False,1,1.0,244,2.005,0.9894,0.9947
2011,seq-opt,tidybot,p20.pddl,,ok,381,2.008,5,30488,4,0,52579,0.3632,295,False,1,1.0,244,2.005,0.9895,0.9948
2011,seq-sat,tidybot,p01.pddl,,ok,381,2.008,5,30393,4,0,52520,0.3628,295,False,1,1.0,244,2.005,0.9895,0.9948
2011,seq-sat,tidybot,p02.pddl,,ok,385,2.008,5,30657,4,0,52667,0.3562,299,False,1,1.0,244,2.005,0.9896,0.9948
2011,seq-sat,tidybot,p03.pddl,,ok,373,2.008,5,29842,4,0,52212,0.3763,287,False,1,1.0,244,2.005,0.9893,0.9947
2011,seq-sat,tidybot,p04.pddl,,ok,373,2.008,5,29889,4,0,52241,0.3765,287,False,1,1.0,244,2.005,0.9893,0.9947
2011,seq-sat,tidybot,p05.pddl,,ok,373,2.008,5,29864,4,0,52225,0.3764,287,False,1,1.0,244,2.005,0.9893,0.9947
2011,seq-sat,tidybot,p06.pddl,,ok,385,2.008,5,30681,4,0,52682,0.3563,299,False,1,1.0,244,2.005,0.9896,0.9948
2011,seq-sat,tidybot,p07.pddl,,ok,373,2.008,5,29843,4,0,52213,0.3763,287,False,1,1.0,244,2.005,0.9893,0.9947
2011,seq-sat,tidybot,p08.pddl,,ok,373,2.008,5,29889,4,0,52241,0.3765,287,False,1,1.0,244,2.005,0.9893,0.9947
2011,seq-sat,tidybot,p09.pddl,,ok,473,2.006,5,45090,4,0,78509,0.3517,368,False,1,1.0,301,2.004,0.9915,0.9958
2011,seq-sat,tidybot,p10.pddl,,ok,473,2.006,5,45042,4,0,78479,0.3515,368,False,1,1.0,301,2.004,0.9915,0.9958
2011,seq-sat,tidybot,p11.pddl,,ok,449,2.007,5,43386,4,0,77552,0.3855,344,False,1,1.0,301,2.004,0.9911,0.9956
2011,seq-sat,tidybot,p12.pddl,,ok,445,2.007,5,43098,4,0,77390,0.3917,340,False,1,1.0,301,2.004,0.991,0.9955
2011,seq-sat,tidybot,p13.pddl,,ok,461,2.007,5,44248,4,0,78036,0.368,356,False,1,1.0,301,2.004,0.9913,0.9957
2011,seq-sat,tidybot,p14.pddl,,ok,469,2.006,5,44826,4,0,78362,0.357,364,False,1,1.0,301,2.004,0.9915,0.9957
2011,seq-sat,tidybot,p15.pddl,,ok,461,2.007,5,44250,4,0,78038,0.368,356,False,1,1.0,301,2.004,0.9913,0.9957
2011,seq-sat,tidybot,p16.pddl,,ok,449,2.007,5,43432,4,0,77580,0.3857,344,False,1,1.0,301,2.004,0.9911,0.9956
2011,seq-sat,tidybot,p17.pddl,,ok,557,2.005,5,63131,4,0,112368,0.3628,431,False,1,1.0,364,2.004,0.9928,0.9964
2011,seq-sat,tidybot,p18.pddl,,ok,549,2.005,5,62529,4,0,112027,0.3724,423,False,1,1.0,364,2.004,0.9927,0.9964
2011,seq-sat,tidybot,p19.pddl,,ok,817,2.013,13,115978,12,0,164561,0.2468,660,False,1,1.0,433,2.012,0.9853,0.9927
2011,seq-sat,tidybot,p20.pddl,,ok,725,2.01,9,100798,8,0,160280,0.3054,572,False,1,1.0,433,2.008,0.989,0.9945
2011,seq-opt,transport,p01.pddl,,ok,8,9,11,616,4,0,26,0.4643,5,False,3,0.75,4,25,1.0,1.0
2011,seq-opt,transport,p02.pddl,,ok,8,9,11,628,4,0,26,0.4643,5,False,3,0.75,4,26.5,1.0,1.0
2011,seq-opt,transport,p03.pddl,,ok,7,8,10,424,3,0,20,0.4762,4,False,3,0.7143,4,21.714,1.0,1.0
2011,seq-opt,transport,p04.pddl,,ok,8,11.25,14,840,4,0,26,0.4643,5,False,3,0.75,4,35,1.0,1.0
2011,seq-opt,transport,p05.pddl,,ok,9,11.556,14,1020,5,0,32,0.4444,6,False,3,0.7778,4,35.111,1.0,1.0
2011,seq-opt,transport,p06.pddl,,ok,9,11.556,14,1032,5,0,32,0.4444,6,False,3,0.7778,4,36.444,1.0,1.0
2011,seq-opt,transport,p07.pddl,,ok,10,12.6,15,1340,6,0,38,0.4222,7,False,3,0.8,4,42,1.0,1.0
2011,seq-opt,transport,p08.pddl,,ok,12,12.5,16,1986,6,0,57,0.4318,7,False,4,0.75,6,50.5,1.0,1.0
2011,seq-opt,transport,p09.pddl,,ok,11,13.636,16,1664,7,0,44,0.4,8,False,3,0.8182,4,45.818,1.0,1.0
2011,seq-opt,transport,p10.pddl,,ok,13,13.538,17,2466,7,0,66,0.4231,8,False,4,0.7692,6,55.846,1.0,1.0
2011,seq-opt,transport,p11.pddl,,ok,12,13.833,16,1904,8,0,50,0.3788,9,False,3,0.8333,4,48,1.0,1.0
2011,seq-opt,transport,p12.pddl,,ok,14,13.786,17,2856,8,0,75,0.4121,9,False,4,0.7857,6,61.714,1.0,1.0
2011,seq-opt,transport,p13.pddl,,ok,12,14.667,17,1992,8,0,50,0.3788,9,False,3,0.8333,4,47.333,1.0,1.0
2011,seq-opt,transport,p14.pddl,,ok,14,14.571,18,3042,8,0,75,0.4121,9,False,4,0.7857,6,64.714,1.0,1.0
2011,seq-opt,transport,p15.pddl,,ok,13,14.846,17,2272,9,0,56,0.359,10,False,3,0.8462,4,51.385,1.0,1.0
2011,seq-opt,transport,p16.pddl,,ok,15,14.8,18,3408,9,0,84,0.4,10,False,4,0.8,6,66.8,1.0,1.0
2011,seq-opt,transport,p17.pddl,,ok,10,14.2,17,1572,6,0,38,0.4222,7,False,3,0.8,4,50.8,1.0,1.0
2011,seq-opt,transport,p18.pddl,,ok,9,14.667,18,1380,5,0,32,0.4444,6,False,3,0.7778,4,48.444,1.0,1.0
2011,seq-opt,transport,p19.pddl,,ok,10,14.2,17,1528,6,0,38,0.4222,7,False,3,0.8,4,46.4,1.0,1.0
2011,seq-opt,transport,p20.pddl,,ok,13,16.615,21,3246,7,0,66,0.4231,8,False,4,0.7692,6,77.077,1.0,1.0
2011,seq-sat,transport,p01.pddl,,ok,24,36.833,44,21136,16,0,196,0.3551,17,False,5,0.8333,8,242,1.0,1.0
2011,seq-sat,transport,p02.pddl,,ok,26,41.615,49,26600,18,0,220,0.3385,19,False,5,0.8462,8,276.615,1.0,1.0
2011,seq-sat,transport,p03.pddl,,ok,26,49.231,58,32040,18,0,220,0.3385,19,False,5,0.8462,8,336.308,1.0,1.0
2011,seq-sat,transport,p04.pddl,,ok,20,32.2,40,14496,12,0,148,0.3895,13,False,5,0.8,8,208,1.0,1.0
2011,seq-sat,transport,p05.pddl,,ok,22,37.818,46,19424,14,0,172,0.3723,15,False,5,0.8182,8,242.909,1.0,1.0
2011,seq-sat,transport,p06.pddl,,ok,24,43.5,52,25344,16,0,196,0.3551,17,False,5,0.8333,8,289.333,1.0,1.0
2011,seq-sat,transport,p07.pddl,,ok,26,49.231,58,31984,18,0,220,0.3385,19,False,5,0.8462,8,334.154,1.0,1.0
2011,seq-sat,transport,p08.pddl,,ok,28,46.429,54,32840,20,0,244,0.3228,21,False,5,0.8571,8,316.857,1.0,1.0
2011,seq-sat,transport,p09.pddl,,ok,28,55,64,39424,20,0,244,0.3228,21,False,5,0.8571,8,380.571,1.0,1.0
2011,seq-sat,transport,p10.pddl,,ok,28,55,64,39304,20,0,244,0.3228,21,False,5,0.8571,8,376.286,1.0,1.0
2011,seq-sat,transport,p11.pddl,,ok,30,46.933,54,35936,22,0,268,0.308,23,False,5,0.8667,8,318.933,1.0,1.0
2011,seq-sat,transport,p12.pddl,,ok,28,49,57,34728,20,0,244,0.3228,21,False,5,0.8571,8,332.857,1.0,1.0
2011,seq-sat,transport,p13.pddl,,ok,30,49.533,57,38120,22,0,268,0.308,23,False,5,0.8667,8,338.933,1.0,1.0
2011,seq-sat,transport,p14.pddl,,ok,30,107.6,124,86312,22,0,268,0.308,23,False,5,0.8667,8,766.133,1.0,1.0
2011,seq-sat,transport,p15.pddl,,ok,28,109.857,128,81272,20,0,244,0.3228,21,False,5,0.8571,8,778,1.0,1.0
2011,seq-sat,transport,p16.pddl,,ok,30,111.067,128,89208,22,0,268,0.308,23,False,5,0.8667,8,792.267,1.0,1.0
2011,seq-sat,transport,p17.pddl,,ok,30,159.6,184,129496,22,0,268,0.308,23,False,5,0.8667,8,1149.6,1.0,1.0
2011,seq-sat,transport,p18.pddl,,ok,28,165.571,193,123848,20,0,244,0.3228,21,False,5,0.8571,8,1184.286,1.0,1.0
2011,seq-sat,transport,p19.pddl,,ok,30,167.4,193,135944,22,0,268,0.308,23,False,5,0.8667,8,1206.133,1.0,1.0
2011,seq-sat,transport,p20.pddl,,ok,30,175.2,202,142528,22,0,268,0.308,23,False,5,0.8667,8,1267.2,1.0,1.0
2011,seq-opt,visitall,problem02-full.pddl,,ok,4,2.5,4,8,3,0,6,0.5,3,False,1,1.0,1,2.75,0.25,0.7273
2011,seq-opt,visitall,problem02-half.pddl,,ok,2,3,4,8,1,0,2,1.0,1,False,1,1.0,1,4.5,0.5,0.8889
2011,seq-opt,visitall,problem03-full.pddl,,ok,9,2.778,9,24,8,0,16,0.2222,8,False,1,1.0,1,3.556,0.1111,0.75
2011,seq-opt,visitall,problem03-half.pddl,,ok,5,3.4,9,24,4,0,8,0.4,4,False,1,1.0,1,5.6,0.2,0.8571
2011,seq-opt,visitall,problem04-full.pddl,,ok,16,2.875,16,48,15,0,30,0.125,15,False,1,1.0,1,3.938,0.0625,0.7619
2011,seq-opt,visitall,problem04-half.pddl,,ok,8,3.75,16,48,7,0,14,0.25,7,False,1,1.0,1,6.875,0.125,0.8727
2011,seq-opt,visitall,problem05-full.pddl,,ok,25,2.92,25,80,24,0,48,0.08,24,False,1,1.0,1,4.16,0.04,0.7692
2011,seq-opt,visitall,problem05-half.pddl,,ok,15,3.533,25,80,14,0,28,0.1333,14,False,1,1.0,1,6.267,0.0667,0.8511
2011,seq-opt,visitall,problem06-full.pddl,,ok,36,2.944,36,120,35,0,70,0.0556,35,False,1,1.0,1,4.306,0.0278,0.7742
2011,seq-opt,visitall,problem06-half.pddl,,ok,16,4.125,36,120,15,0,30,0.125,15,False,1,1.0,1,8.438,0.0625,0.8889
2011,seq-opt,visitall,problem07-full.pddl,,ok,49,2.959,49,168,48,0,96,0.0408,48,False,1,1.0,1,4.408,0.0204,0.7778
2011,seq-opt,visitall,problem07-half.pddl,,ok,33,3.424,49,168,32,0,64,0.0606,32,False,1,1.0,1,6.061,0.0303,0.84
2011,seq-opt,visitall,problem08-full.pddl,,ok,64,2.969,64,224,63,0,126,0.0312,63,False,1,1.0,1,4.484,0.0156,0.7805
2011,seq-opt,visitall,problem08-half.pddl,,ok,33,3.879,64,224,32,0,64,0.0606,32,False,1,1.0,1,7.758,0.0303,0.875
2011,seq-opt,visitall,problem09-full.pddl,,ok,81,2.975,81,288,80,0,160,0.0247,80,False,1,1.0,1,4.543,0.0123,0.7826
2011,seq-opt,visitall,problem09-half.pddl,,ok,50,3.58,81,288,49,0,98,0.04,49,False,1,1.0,1,6.74,0.02,0.8546
2011,seq-opt,visitall,problem10-full.pddl,,ok,100,2.98,100,360,99,0,198,0.02,99,False,1,1.0,1,4.59,0.01,0.7843
2011,seq-opt,visitall,problem10-half.pddl,,ok,48,4.042,100,360,47,0,94,0.0417,47,False,1,1.0,1,8.479,0.0208,0.8845
2011,seq-opt,visitall,problem11-full.pddl,,ok,121,2.983,121,440,120,0,240,0.0165,120,False,1,1.0,1,4.628,0.0083,0.7857
2011,seq-opt,visitall,problem11-half.pddl,,ok,58,4.052,121,440,57,0,114,0.0345,57,False,1,1.0,1,8.569,0.0172,0.8853
2011,seq-sat,visitall,problem12.pddl,,ok,144,2.986,144,528,143,0,286,0.0139,143,False,1,1.0,1,4.66,0.0069,0.7869
2011,seq-sat,visitall,problem14.pddl,,ok,196,2.99,196,728,195,0,390,0.0102,195,False,1,1.0,1,4.709,0.0051,0.7887
2011,seq-sat,visitall,problem16.pddl,,ok,256,2.992,256,960,255,0,510,0.0078,255,False,1,1.0,1,4.746,0.0039,0.7901
2011,seq-sat,visitall,problem18.pddl,,ok,324,2.994,324,1224,323,0,646,0.0062,323,False,1,1.0,1,4.775,0.0031,0.7912
2011,seq-sat,visitall,problem20.pddl,,ok,400,2.995,400,1520,399,0,798,0.005,399,False,1,1.0,1,4.798,0.0025,0.7921
2011,seq-sat,visitall,problem22.pddl,,ok,484,2.996,484,1848,483,0,966,0.0041,483,False,1,1.0,1,4.816,0.0021,0.7928
2011,seq-sat,visitall,problem24.pddl,,ok,576,2.997,576,2208,575,0,1150,0.0035,575,False,1,1.0,1,4.832,0.0017,0.7934
2011,seq-sat,visitall,problem26.pddl,,ok,676,2.997,676,2600,675,0,1350,0.003,675,False,1,1.0,1,4.845,0.0015,0.7939
2011,seq-sat,visitall,problem28.pddl,,ok,784,2.997,784,3024,783,0,1566,0.0026,783,False,1,1.0,1,4.856,0.0013,0.7943
2011,seq-sat,visitall,problem30.pddl,,ok,900,2.998,900,3480,899,0,1798,0.0022,899,False,1,1.0,1,4.866,0.0011,0.7947
2011,seq-sat,visitall,problem32.pddl,,ok,1024,2.998,1024,3968,1023,0,2046,0.002,1023,False,1,1.0,1,4.874,0.001,0.795
2011,seq-sat,visitall,problem34.pddl,,ok,1156,2.998,1156,4488,1155,0,2310,0.0017,1155,False,1,1.0,1,4.881,0.0009,0.7953
2011,seq-sat,visitall,problem36.pddl,,ok,1296,2.998,1296,5040,1295,0,2590,0.0015,1295,False,1,1.0,1,4.888,0.0008,0.7956
2011,seq-sat,visitall,problem38.pddl,,ok,1444,2.999,1444,5624,1443,0,2886,0.0014,1443,False,1,1.0,1,4.894,0.0007,0.7958
2011,seq-sat,visitall,problem40.pddl,,ok,1600,2.999,1600,6240,1599,0,3198,0.0013,1599,False,1,1.0,1,4.899,0.0006,0.796
2011,seq-sat,visitall,problem42.pddl,,ok,1764,2.999,1764,6888,1763,0,3526,0.0011,1763,False,1,1.0,1,4.904,0.0006,0.7962
2011,seq-sat,visitall,problem44.pddl,,ok,1936,2.999,1936,7568,1935,0,3870,0.001,1935,False,1,1.0,1,4.909,0.0005,0.7964
2011,seq-sat,visitall,problem46.pddl,,ok,2116,2.999,2116,8280,2115,0,4230,0.0009,2115,False,1,1.0,1,4.913,0.0005,0.7965
2011,seq-sat,visitall,problem48.pddl,,ok,2304,2.999,2304,9024,2303,0,4606,0.0009,2303,False,1,1.0,1,4.916,0.0004,0.7967
2011,seq-sat,visitall,problem50.pddl,,ok,2500,2.999,2500,9800,2499,0,4998,0.0008,2499,False,1,1.0,1,4.92,0.0004,0.7968
2011,seq-opt,woodworking,p01.pddl,,ok,37,2.73,5,287,15,0,378,0.2838,27,False,3,0.7838,13,3.027,0.3784,0.6429
2011,seq-opt,woodworking,p02.pddl,,ok,40,2.575,5,428,15,0,454,0.291,27,False,2,0.925,14,2.775,0.475,0.6847
2011,seq-opt,woodworking,p03.pddl,,ok,51,2.569,5,544,19,0,712,0.2792,35,False,2,0.9412,17,2.843,0.451,0.6483
2011,seq-opt,woodworking,p04.pddl,,ok,45,2.533,5,477,15,0,454,0.2293,26,False,3,0.8,14,2.733,0.5556,0.7154
2011,seq-opt,woodworking,p05.pddl,,ok,54,2.556,5,602,19,0,458,0.16,27,False,4,0.6852,11,2.889,0.5556,0.6923
2011,seq-opt,woodworking,p06.pddl,,ok,61,2.557,5,658,20,0,841,0.2298,39,False,3,0.8361,18,2.852,0.4918,0.6667
2011,seq-opt,woodworking,p07.pddl,,ok,49,2.755,5,424,22,0,859,0.3652,42,False,2,0.9388,17,3.184,0.3061,0.5897
2011,seq-opt,woodworking,p08.pddl,,ok,66,2.561,5,839,23,0,944,0.22,44,False,2,0.9394,24,2.712,0.4848,0.6927
2011,seq-opt,woodworking,p09.pddl,,ok,78,2.513,5,958,25,0,1153,0.192,45,False,3,0.8462,21,2.756,0.5128,0.6791
2011,seq-opt,woodworking,p10.pddl,,ok,67,2.522,5,748,23,0,966,0.2185,42,False,3,0.8507,30,2.746,0.5075,0.6739
2011,seq-opt,woodworking,p11.pddl,,ok,77,2.597,5,916,27,0,1105,0.1888,48,False,3,0.8571,19,2.935,0.4805,0.6637
2011,seq-opt,woodworking,p12.pddl,,ok,77,2.494,5,1014,23,0,823,0.1406,35,False,5,0.6883,16,2.779,0.6104,0.7196
2011,seq-opt,woodworking,p13.pddl,,ok,73,2.562,5,742,24,0,1267,0.2411,49,False,4,0.7945,32,2.712,0.4384,0.6566
2011,seq-opt,woodworking,p14.pddl,,ok,84,2.619,5,984,33,0,1211,0.1737,52,False,3,0.869,17,3.024,0.5,0.6693
2011,seq-opt,woodworking,p15.pddl,,ok,95,2.537,5,1310,30,0,1517,0.1699,55,False,3,0.8737,34,2.832,0.5368,0.6914
2011,seq-opt,woodworking,p16.pddl,,ok,94,2.457,5,1225,29,0,1351,0.1545,47,False,5,0.7234,24,2.596,0.5745,0.7213
2011,seq-opt,woodworking,p17.pddl,,ok,94,2.691,5,1218,35,0,1639,0.1875,63,False,2,0.9468,22,3.33,0.4787,0.6773
2011,seq-opt,woodworking,p18.pddl,,ok,104,2.577,5,1412,32,0,1890,0.1764,60,False,3,0.8942,24,3.048,0.5288,0.694
2011,seq-opt,woodworking,p19.pddl,,ok,118,2.441,6,1566,32,0,1782,0.1291,58,False,5,0.7458,34,2.686,0.6017,0.7256
2011,seq-opt,woodworking,p20.pddl,,ok,125,2.504,5,1823,35,0,2221,0.1433,66,False,3,0.896,26,2.8,0.584,0.7371
2011,seq-sat,woodworking,p01.pddl,,ok,270,2.704,10,5035,74,0,11544,0.1589,160,False,3,0.9296,84,2.77,0.5111,0.607
2011,seq-sat,woodworking,p02.pddl,,ok,292,2.801,11,5664,85,0,15853,0.1866,188,False,4,0.911,116,2.836,0.4589,0.5652
2011,seq-sat,woodworking,p03.pddl,,ok,333,2.679,10,5972,86,0,9453,0.0855,146,False,10,0.7538,80,2.796,0.6426,0.6595
2011,seq-sat,woodworking,p04.pddl,,ok,367,2.787,12,7607,91,0,17343,0.1291,198,False,4,0.9183,112,2.861,0.5586,0.6038
2011,seq-sat,woodworking,p05.pddl,,ok,391,2.803,12,8166,106,0,16995,0.1114,201,False,5,0.9003,114,2.91,0.5806,0.6134
2011,seq-sat,woodworking,p06.pddl,,ok,393,2.69,12,8046,103,0,17323,0.1124,197,False,7,0.855,111,2.776,0.5878,0.6361
2011,seq-sat,woodworking,p07.pddl,,ok,308,2.756,11,5696,85,0,9821,0.1039,157,False,4,0.9058,79,2.821,0.5942,0.649
2011,seq-sat,woodworking,p08.pddl,,ok,322,2.77,11,5704,96,0,7342,0.071,144,False,7,0.8261,39,2.953,0.6491,0.6562
2011,seq-sat,woodworking,p09.pddl,,ok,301,2.701,9,5456,80,0,8789,0.0973,141,False,7,0.8206,75,2.821,0.608,0.6478
2011,seq-sat,woodworking,p10.pddl,,ok,15,2.4,4,153,5,0,54,0.2571,4,False,3,0.3333,3,2.8,1.0,0.8571
2011,seq-sat,woodworking,p11.pddl,,ok,405,2.731,12,7963,105,0,13747,0.084,179,False,11,0.7704,96,2.859,0.6346,0.6494
2011,seq-sat,woodworking,p12.pddl,,ok,437,2.771,12,9723,110,0,22827,0.1198,226,False,6,0.8902,86,2.851,0.5744,0.6116
2011,seq-sat,woodworking,p13.pddl,,ok,413,2.814,11,8428,120,0,17503,0.1029,204,False,10,0.8087,69,2.937,0.5811,0.6134
2011,seq-sat,woodworking,p14.pddl,,ok,428,2.645,11,8142,100,0,13271,0.0726,169,False,16,0.6799,107,2.771,0.6752,0.6779
2011,seq-sat,woodworking,p15.pddl,,ok,498,2.745,14,10773,124,0,23920,0.0966,239,False,10,0.8273,116,2.845,0.6044,0.6309
2011,seq-sat,woodworking,p16.pddl,,ok,484,2.733,13,10395,119,0,20899,0.0894,219,False,12,0.7872,128,2.849,0.6219,0.6425
2011,seq-sat,woodworking,p17.pddl,,ok,249,2.783,9,12554,67,0,8939,0.1448,142,False,3,0.9197,73,2.944,0.5301,0.6303
2011,seq-sat,woodworking,p18.pddl,,ok,234,2.628,7,10936,65,0,6625,0.1215,115,False,7,0.7863,47,2.714,0.5855,0.6898
2011,seq-sat,woodworking,p19.pddl,,ok,280,2.832,10,14211,79,0,10337,0.1323,153,False,5,0.8714,78,2.996,0.5464,0.6269
2011,seq-sat,woodworking,p20.pddl,,ok,316,2.756,10,17556,77,0,13474,0.1354,169,False,4,0.9051,129,2.87,0.557,0.6329
