trilha,dominio,problema,planejador,planejador_webplan,custo,melhor_custo_trilha,nota_ipc2011
seq-opt,barman,1bb0a245c4a98b11edcedad717e35b0ec09cebaa,BJOLP,bjolp,90,90.0000,1.0000
seq-opt,barman,1bb0a245c4a98b11edcedad717e35b0ec09cebaa,FD-Autotune,fd-autotune,90,90.0000,1.0000
seq-opt,barman,1bb0a245c4a98b11edcedad717e35b0ec09cebaa,FDSS-1,fdss-1_seq-opt,90,90.0000,1.0000
seq-opt,barman,1bb0a245c4a98b11edcedad717e35b0ec09cebaa,FDSS-2,fdss-2_seq-opt,90,90.0000,1.0000
seq-opt,barman,1bb0a245c4a98b11edcedad717e35b0ec09cebaa,Fork Init,forkinit,90,90.0000,1.0000
seq-opt,barman,1bb0a245c4a98b11edcedad717e35b0ec09cebaa,Gamer,gamer,90,90.0000,1.0000
seq-opt,barman,1bb0a245c4a98b11edcedad717e35b0ec09cebaa,IFork Init,iforkinit,90,90.0000,1.0000
seq-opt,barman,1bb0a245c4a98b11edcedad717e35b0ec09cebaa,LM-cut,lmcut,90,90.0000,1.0000
seq-opt,barman,1bb0a245c4a98b11edcedad717e35b0ec09cebaa,LMFork,lmfork,90,90.0000,1.0000
seq-opt,barman,1bb0a245c4a98b11edcedad717e35b0ec09cebaa,Merge and Shrink,merge-and-shrink,90,90.0000,1.0000
seq-opt,barman,1bb0a245c4a98b11edcedad717e35b0ec09cebaa,Selective Max,selmax,90,90.0000,1.0000
seq-opt,barman,8cd3cf9e645da2010d901759e091c8b601726663,BJOLP,bjolp,90,90.0000,1.0000
seq-opt,barman,8cd3cf9e645da2010d901759e091c8b601726663,FD-Autotune,fd-autotune,90,90.0000,1.0000
seq-opt,barman,8cd3cf9e645da2010d901759e091c8b601726663,FDSS-1,fdss-1_seq-opt,90,90.0000,1.0000
seq-opt,barman,8cd3cf9e645da2010d901759e091c8b601726663,FDSS-2,fdss-2_seq-opt,90,90.0000,1.0000
seq-opt,barman,8cd3cf9e645da2010d901759e091c8b601726663,Fork Init,forkinit,90,90.0000,1.0000
seq-opt,barman,8cd3cf9e645da2010d901759e091c8b601726663,Gamer,gamer,90,90.0000,1.0000
seq-opt,barman,8cd3cf9e645da2010d901759e091c8b601726663,IFork Init,iforkinit,90,90.0000,1.0000
seq-opt,barman,8cd3cf9e645da2010d901759e091c8b601726663,LM-cut,lmcut,90,90.0000,1.0000
seq-opt,barman,8cd3cf9e645da2010d901759e091c8b601726663,LMFork,lmfork,90,90.0000,1.0000
seq-opt,barman,8cd3cf9e645da2010d901759e091c8b601726663,Merge and Shrink,merge-and-shrink,90,90.0000,1.0000
seq-opt,barman,8cd3cf9e645da2010d901759e091c8b601726663,Selective Max,selmax,90,90.0000,1.0000
seq-opt,barman,a6123b34fc415f4aea4efc42251c23ae5f5f1817,BJOLP,bjolp,90,90.0000,1.0000
seq-opt,barman,a6123b34fc415f4aea4efc42251c23ae5f5f1817,FD-Autotune,fd-autotune,90,90.0000,1.0000
seq-opt,barman,a6123b34fc415f4aea4efc42251c23ae5f5f1817,FDSS-1,fdss-1_seq-opt,90,90.0000,1.0000
seq-opt,barman,a6123b34fc415f4aea4efc42251c23ae5f5f1817,FDSS-2,fdss-2_seq-opt,90,90.0000,1.0000
seq-opt,barman,a6123b34fc415f4aea4efc42251c23ae5f5f1817,Fork Init,forkinit,90,90.0000,1.0000
seq-opt,barman,a6123b34fc415f4aea4efc42251c23ae5f5f1817,Gamer,gamer,90,90.0000,1.0000
seq-opt,barman,a6123b34fc415f4aea4efc42251c23ae5f5f1817,IFork Init,iforkinit,90,90.0000,1.0000
seq-opt,barman,a6123b34fc415f4aea4efc42251c23ae5f5f1817,LM-cut,lmcut,90,90.0000,1.0000
seq-opt,barman,a6123b34fc415f4aea4efc42251c23ae5f5f1817,LMFork,lmfork,90,90.0000,1.0000
seq-opt,barman,a6123b34fc415f4aea4efc42251c23ae5f5f1817,Merge and Shrink,merge-and-shrink,90,90.0000,1.0000
seq-opt,barman,a6123b34fc415f4aea4efc42251c23ae5f5f1817,Selective Max,selmax,90,90.0000,1.0000
seq-opt,barman,fa3edefdc3bcf9450838f4f94eaefb28fc6231ef,BJOLP,bjolp,90,90.0000,1.0000
seq-opt,barman,fa3edefdc3bcf9450838f4f94eaefb28fc6231ef,FD-Autotune,fd-autotune,90,90.0000,1.0000
seq-opt,barman,fa3edefdc3bcf9450838f4f94eaefb28fc6231ef,FDSS-1,fdss-1_seq-opt,90,90.0000,1.0000
seq-opt,barman,fa3edefdc3bcf9450838f4f94eaefb28fc6231ef,FDSS-2,fdss-2_seq-opt,90,90.0000,1.0000
seq-opt,barman,fa3edefdc3bcf9450838f4f94eaefb28fc6231ef,Fork Init,forkinit,90,90.0000,1.0000
seq-opt,barman,fa3edefdc3bcf9450838f4f94eaefb28fc6231ef,Gamer,gamer,90,90.0000,1.0000
seq-opt,barman,fa3edefdc3bcf9450838f4f94eaefb28fc6231ef,IFork Init,iforkinit,90,90.0000,1.0000
seq-opt,barman,fa3edefdc3bcf9450838f4f94eaefb28fc6231ef,LM-cut,lmcut,90,90.0000,1.0000
seq-opt,barman,fa3edefdc3bcf9450838f4f94eaefb28fc6231ef,LMFork,lmfork,90,90.0000,1.0000
seq-opt,barman,fa3edefdc3bcf9450838f4f94eaefb28fc6231ef,Merge and Shrink,merge-and-shrink,90,90.0000,1.0000
seq-opt,barman,fa3edefdc3bcf9450838f4f94eaefb28fc6231ef,Selective Max,selmax,90,90.0000,1.0000
seq-opt,elevators,0cec630d6187c277131476b52a5bef0ab07b0fdb,BJOLP,bjolp,69,69.0000,1.0000
seq-opt,elevators,0cec630d6187c277131476b52a5bef0ab07b0fdb,FD-Autotune,fd-autotune,69,69.0000,1.0000
seq-opt,elevators,0cec630d6187c277131476b52a5bef0ab07b0fdb,FDSS-1,fdss-1_seq-opt,69,69.0000,1.0000
seq-opt,elevators,0cec630d6187c277131476b52a5bef0ab07b0fdb,FDSS-2,fdss-2_seq-opt,69,69.0000,1.0000
seq-opt,elevators,0cec630d6187c277131476b52a5bef0ab07b0fdb,Fork Init,forkinit,69,69.0000,1.0000
seq-opt,elevators,0cec630d6187c277131476b52a5bef0ab07b0fdb,Gamer,gamer,69,69.0000,1.0000
seq-opt,elevators,0cec630d6187c277131476b52a5bef0ab07b0fdb,IFork Init,iforkinit,69,69.0000,1.0000
seq-opt,elevators,0cec630d6187c277131476b52a5bef0ab07b0fdb,LM-cut,lmcut,69,69.0000,1.0000
seq-opt,elevators,0cec630d6187c277131476b52a5bef0ab07b0fdb,LMFork,lmfork,69,69.0000,1.0000
seq-opt,elevators,0cec630d6187c277131476b52a5bef0ab07b0fdb,Selective Max,selmax,69,69.0000,1.0000
seq-opt,elevators,0f15422a99bc42334e9289c678c94b738bbdb1e8,Gamer,gamer,78,78.0000,1.0000
seq-opt,elevators,0f930dede30b30e85f89a640fb15b38f15bef3ae,BJOLP,bjolp,54,54.0000,1.0000
seq-opt,elevators,0f930dede30b30e85f89a640fb15b38f15bef3ae,FD-Autotune,fd-autotune,54,54.0000,1.0000
seq-opt,elevators,0f930dede30b30e85f89a640fb15b38f15bef3ae,FDSS-1,fdss-1_seq-opt,54,54.0000,1.0000
seq-opt,elevators,0f930dede30b30e85f89a640fb15b38f15bef3ae,FDSS-2,fdss-2_seq-opt,54,54.0000,1.0000
seq-opt,elevators,0f930dede30b30e85f89a640fb15b38f15bef3ae,Fork Init,forkinit,54,54.0000,1.0000
seq-opt,elevators,0f930dede30b30e85f89a640fb15b38f15bef3ae,Gamer,gamer,54,54.0000,1.0000
seq-opt,elevators,0f930dede30b30e85f89a640fb15b38f15bef3ae,IFork Init,iforkinit,54,54.0000,1.0000
seq-opt,elevators,0f930dede30b30e85f89a640fb15b38f15bef3ae,LM-cut,lmcut,54,54.0000,1.0000
seq-opt,elevators,0f930dede30b30e85f89a640fb15b38f15bef3ae,LMFork,lmfork,54,54.0000,1.0000
seq-opt,elevators,0f930dede30b30e85f89a640fb15b38f15bef3ae,Merge and Shrink,merge-and-shrink,54,54.0000,1.0000
seq-opt,elevators,0f930dede30b30e85f89a640fb15b38f15bef3ae,Selective Max,selmax,54,54.0000,1.0000
seq-opt,elevators,1eaa3ebc59a3701bc706b1e32e0afb6b99f5b7f8,FD-Autotune,fd-autotune,48,48.0000,1.0000
seq-opt,elevators,1eaa3ebc59a3701bc706b1e32e0afb6b99f5b7f8,FDSS-1,fdss-1_seq-opt,48,48.0000,1.0000
seq-opt,elevators,1eaa3ebc59a3701bc706b1e32e0afb6b99f5b7f8,FDSS-2,fdss-2_seq-opt,48,48.0000,1.0000
seq-opt,elevators,1eaa3ebc59a3701bc706b1e32e0afb6b99f5b7f8,Fork Init,forkinit,48,48.0000,1.0000
seq-opt,elevators,1eaa3ebc59a3701bc706b1e32e0afb6b99f5b7f8,Gamer,gamer,48,48.0000,1.0000
seq-opt,elevators,1eaa3ebc59a3701bc706b1e32e0afb6b99f5b7f8,LM-cut,lmcut,48,48.0000,1.0000
seq-opt,elevators,1eaa3ebc59a3701bc706b1e32e0afb6b99f5b7f8,Selective Max,selmax,48,48.0000,1.0000
seq-opt,elevators,26867706e984ca5d2bd9fd939cfe142a9a2ce9d8,BJOLP,bjolp,56,56.0000,1.0000
seq-opt,elevators,26867706e984ca5d2bd9fd939cfe142a9a2ce9d8,FD-Autotune,fd-autotune,56,56.0000,1.0000
seq-opt,elevators,26867706e984ca5d2bd9fd939cfe142a9a2ce9d8,FDSS-1,fdss-1_seq-opt,56,56.0000,1.0000
seq-opt,elevators,26867706e984ca5d2bd9fd939cfe142a9a2ce9d8,FDSS-2,fdss-2_seq-opt,56,56.0000,1.0000
seq-opt,elevators,26867706e984ca5d2bd9fd939cfe142a9a2ce9d8,Fork Init,forkinit,56,56.0000,1.0000
seq-opt,elevators,26867706e984ca5d2bd9fd939cfe142a9a2ce9d8,Gamer,gamer,56,56.0000,1.0000
seq-opt,elevators,26867706e984ca5d2bd9fd939cfe142a9a2ce9d8,IFork Init,iforkinit,56,56.0000,1.0000
seq-opt,elevators,26867706e984ca5d2bd9fd939cfe142a9a2ce9d8,LM-cut,lmcut,56,56.0000,1.0000
seq-opt,elevators,26867706e984ca5d2bd9fd939cfe142a9a2ce9d8,LMFork,lmfork,56,56.0000,1.0000
seq-opt,elevators,26867706e984ca5d2bd9fd939cfe142a9a2ce9d8,Merge and Shrink,merge-and-shrink,56,56.0000,1.0000
seq-opt,elevators,26867706e984ca5d2bd9fd939cfe142a9a2ce9d8,Selective Max,selmax,56,56.0000,1.0000
seq-opt,elevators,28fc316f39c3961a142c2e7410c96ebfd30835bb,BJOLP,bjolp,59,59.0000,1.0000
seq-opt,elevators,28fc316f39c3961a142c2e7410c96ebfd30835bb,FD-Autotune,fd-autotune,59,59.0000,1.0000
seq-opt,elevators,28fc316f39c3961a142c2e7410c96ebfd30835bb,FDSS-1,fdss-1_seq-opt,59,59.0000,1.0000
seq-opt,elevators,28fc316f39c3961a142c2e7410c96ebfd30835bb,FDSS-2,fdss-2_seq-opt,59,59.0000,1.0000
seq-opt,elevators,28fc316f39c3961a142c2e7410c96ebfd30835bb,Fork Init,forkinit,59,59.0000,1.0000
seq-opt,elevators,28fc316f39c3961a142c2e7410c96ebfd30835bb,Gamer,gamer,59,59.0000,1.0000
seq-opt,elevators,28fc316f39c3961a142c2e7410c96ebfd30835bb,IFork Init,iforkinit,59,59.0000,1.0000
seq-opt,elevators,28fc316f39c3961a142c2e7410c96ebfd30835bb,LM-cut,lmcut,59,59.0000,1.0000
seq-opt,elevators,28fc316f39c3961a142c2e7410c96ebfd30835bb,LMFork,lmfork,59,59.0000,1.0000
seq-opt,elevators,28fc316f39c3961a142c2e7410c96ebfd30835bb,Merge and Shrink,merge-and-shrink,59,59.0000,1.0000
seq-opt,elevators,28fc316f39c3961a142c2e7410c96ebfd30835bb,Selective Max,selmax,59,59.0000,1.0000
seq-opt,elevators,3027d6ce5e4947c01764c2fb5d1afdf00a8a81c0,BJOLP,bjolp,55,55.0000,1.0000
seq-opt,elevators,3027d6ce5e4947c01764c2fb5d1afdf00a8a81c0,FD-Autotune,fd-autotune,55,55.0000,1.0000
seq-opt,elevators,3027d6ce5e4947c01764c2fb5d1afdf00a8a81c0,FDSS-1,fdss-1_seq-opt,55,55.0000,1.0000
seq-opt,elevators,3027d6ce5e4947c01764c2fb5d1afdf00a8a81c0,FDSS-2,fdss-2_seq-opt,55,55.0000,1.0000
seq-opt,elevators,3027d6ce5e4947c01764c2fb5d1afdf00a8a81c0,Fork Init,forkinit,55,55.0000,1.0000
seq-opt,elevators,3027d6ce5e4947c01764c2fb5d1afdf00a8a81c0,Gamer,gamer,55,55.0000,1.0000
seq-opt,elevators,3027d6ce5e4947c01764c2fb5d1afdf00a8a81c0,IFork Init,iforkinit,55,55.0000,1.0000
seq-opt,elevators,3027d6ce5e4947c01764c2fb5d1afdf00a8a81c0,LM-cut,lmcut,55,55.0000,1.0000
seq-opt,elevators,3027d6ce5e4947c01764c2fb5d1afdf00a8a81c0,LMFork,lmfork,55,55.0000,1.0000
seq-opt,elevators,3027d6ce5e4947c01764c2fb5d1afdf00a8a81c0,Merge and Shrink,merge-and-shrink,55,55.0000,1.0000
seq-opt,elevators,3027d6ce5e4947c01764c2fb5d1afdf00a8a81c0,Selective Max,selmax,55,55.0000,1.0000
seq-opt,elevators,491a1094d61db3b4ca9846e1a2c5519ab1b1e556,BJOLP,bjolp,66,66.0000,1.0000
seq-opt,elevators,491a1094d61db3b4ca9846e1a2c5519ab1b1e556,FD-Autotune,fd-autotune,66,66.0000,1.0000
seq-opt,elevators,491a1094d61db3b4ca9846e1a2c5519ab1b1e556,FDSS-1,fdss-1_seq-opt,66,66.0000,1.0000
seq-opt,elevators,491a1094d61db3b4ca9846e1a2c5519ab1b1e556,FDSS-2,fdss-2_seq-opt,66,66.0000,1.0000
seq-opt,elevators,491a1094d61db3b4ca9846e1a2c5519ab1b1e556,Fork Init,forkinit,66,66.0000,1.0000
seq-opt,elevators,491a1094d61db3b4ca9846e1a2c5519ab1b1e556,Gamer,gamer,66,66.0000,1.0000
seq-opt,elevators,491a1094d61db3b4ca9846e1a2c5519ab1b1e556,IFork Init,iforkinit,66,66.0000,1.0000
seq-opt,elevators,491a1094d61db3b4ca9846e1a2c5519ab1b1e556,LM-cut,lmcut,66,66.0000,1.0000
seq-opt,elevators,491a1094d61db3b4ca9846e1a2c5519ab1b1e556,LMFork,lmfork,66,66.0000,1.0000
seq-opt,elevators,491a1094d61db3b4ca9846e1a2c5519ab1b1e556,Merge and Shrink,merge-and-shrink,66,66.0000,1.0000
seq-opt,elevators,491a1094d61db3b4ca9846e1a2c5519ab1b1e556,Selective Max,selmax,66,66.0000,1.0000
seq-opt,elevators,50061e1177f77d5f80eb58d7939562335b9456cd,BJOLP,bjolp,54,54.0000,1.0000
seq-opt,elevators,50061e1177f77d5f80eb58d7939562335b9456cd,FD-Autotune,fd-autotune,54,54.0000,1.0000
seq-opt,elevators,50061e1177f77d5f80eb58d7939562335b9456cd,FDSS-1,fdss-1_seq-opt,54,54.0000,1.0000
seq-opt,elevators,50061e1177f77d5f80eb58d7939562335b9456cd,FDSS-2,fdss-2_seq-opt,54,54.0000,1.0000
seq-opt,elevators,50061e1177f77d5f80eb58d7939562335b9456cd,Fork Init,forkinit,54,54.0000,1.0000
seq-opt,elevators,50061e1177f77d5f80eb58d7939562335b9456cd,Gamer,gamer,54,54.0000,1.0000
seq-opt,elevators,50061e1177f77d5f80eb58d7939562335b9456cd,IFork Init,iforkinit,54,54.0000,1.0000
seq-opt,elevators,50061e1177f77d5f80eb58d7939562335b9456cd,LM-cut,lmcut,54,54.0000,1.0000
seq-opt,elevators,50061e1177f77d5f80eb58d7939562335b9456cd,LMFork,lmfork,54,54.0000,1.0000
seq-opt,elevators,50061e1177f77d5f80eb58d7939562335b9456cd,Merge and Shrink,merge-and-shrink,54,54.0000,1.0000
seq-opt,elevators,50061e1177f77d5f80eb58d7939562335b9456cd,Selective Max,selmax,54,54.0000,1.0000
seq-opt,elevators,505321ab6c92bdf0571ea0bd5cf369688e7f76ed,BJOLP,bjolp,40,40.0000,1.0000
seq-opt,elevators,505321ab6c92bdf0571ea0bd5cf369688e7f76ed,FD-Autotune,fd-autotune,40,40.0000,1.0000
seq-opt,elevators,505321ab6c92bdf0571ea0bd5cf369688e7f76ed,FDSS-1,fdss-1_seq-opt,40,40.0000,1.0000
seq-opt,elevators,505321ab6c92bdf0571ea0bd5cf369688e7f76ed,FDSS-2,fdss-2_seq-opt,40,40.0000,1.0000
seq-opt,elevators,505321ab6c92bdf0571ea0bd5cf369688e7f76ed,Fork Init,forkinit,40,40.0000,1.0000
seq-opt,elevators,505321ab6c92bdf0571ea0bd5cf369688e7f76ed,Gamer,gamer,40,40.0000,1.0000
seq-opt,elevators,505321ab6c92bdf0571ea0bd5cf369688e7f76ed,IFork Init,iforkinit,40,40.0000,1.0000
seq-opt,elevators,505321ab6c92bdf0571ea0bd5cf369688e7f76ed,LM-cut,lmcut,40,40.0000,1.0000
seq-opt,elevators,505321ab6c92bdf0571ea0bd5cf369688e7f76ed,LMFork,lmfork,40,40.0000,1.0000
seq-opt,elevators,505321ab6c92bdf0571ea0bd5cf369688e7f76ed,Merge and Shrink,merge-and-shrink,40,40.0000,1.0000
seq-opt,elevators,505321ab6c92bdf0571ea0bd5cf369688e7f76ed,Selective Max,selmax,40,40.0000,1.0000
seq-opt,elevators,5b71864d9b463d5f46bc22ce71edfd0ed14d1b2c,FD-Autotune,fd-autotune,78,78.0000,1.0000
seq-opt,elevators,5b71864d9b463d5f46bc22ce71edfd0ed14d1b2c,FDSS-1,fdss-1_seq-opt,78,78.0000,1.0000
seq-opt,elevators,5b71864d9b463d5f46bc22ce71edfd0ed14d1b2c,Gamer,gamer,78,78.0000,1.0000
seq-opt,elevators,5b71864d9b463d5f46bc22ce71edfd0ed14d1b2c,LM-cut,lmcut,78,78.0000,1.0000
seq-opt,elevators,5b71864d9b463d5f46bc22ce71edfd0ed14d1b2c,Selective Max,selmax,78,78.0000,1.0000
seq-opt,elevators,6062230d3a8e22ecf3ac4987ce9932b08255e092,FD-Autotune,fd-autotune,53,53.0000,1.0000
seq-opt,elevators,6062230d3a8e22ecf3ac4987ce9932b08255e092,FDSS-1,fdss-1_seq-opt,53,53.0000,1.0000
seq-opt,elevators,6062230d3a8e22ecf3ac4987ce9932b08255e092,FDSS-2,fdss-2_seq-opt,53,53.0000,1.0000
seq-opt,elevators,6062230d3a8e22ecf3ac4987ce9932b08255e092,Gamer,gamer,53,53.0000,1.0000
seq-opt,elevators,6062230d3a8e22ecf3ac4987ce9932b08255e092,LM-cut,lmcut,53,53.0000,1.0000
seq-opt,elevators,6062230d3a8e22ecf3ac4987ce9932b08255e092,Selective Max,selmax,53,53.0000,1.0000
seq-opt,elevators,69c4dde7144d8595f90225179d14ddaa0fb62ce4,FD-Autotune,fd-autotune,62,62.0000,1.0000
seq-opt,elevators,69c4dde7144d8595f90225179d14ddaa0fb62ce4,FDSS-1,fdss-1_seq-opt,62,62.0000,1.0000
seq-opt,elevators,69c4dde7144d8595f90225179d14ddaa0fb62ce4,FDSS-2,fdss-2_seq-opt,62,62.0000,1.0000
seq-opt,elevators,69c4dde7144d8595f90225179d14ddaa0fb62ce4,Fork Init,forkinit,62,62.0000,1.0000
seq-opt,elevators,69c4dde7144d8595f90225179d14ddaa0fb62ce4,Gamer,gamer,62,62.0000,1.0000
seq-opt,elevators,69c4dde7144d8595f90225179d14ddaa0fb62ce4,LM-cut,lmcut,62,62.0000,1.0000
seq-opt,elevators,69c4dde7144d8595f90225179d14ddaa0fb62ce4,Merge and Shrink,merge-and-shrink,62,62.0000,1.0000
seq-opt,elevators,69c4dde7144d8595f90225179d14ddaa0fb62ce4,Selective Max,selmax,62,62.0000,1.0000
seq-opt,elevators,786da4a56b380b71addc9b70950a698bb2b38749,BJOLP,bjolp,63,63.0000,1.0000
seq-opt,elevators,786da4a56b380b71addc9b70950a698bb2b38749,FD-Autotune,fd-autotune,63,63.0000,1.0000
seq-opt,elevators,786da4a56b380b71addc9b70950a698bb2b38749,FDSS-1,fdss-1_seq-opt,63,63.0000,1.0000
seq-opt,elevators,786da4a56b380b71addc9b70950a698bb2b38749,FDSS-2,fdss-2_seq-opt,63,63.0000,1.0000
seq-opt,elevators,786da4a56b380b71addc9b70950a698bb2b38749,Fork Init,forkinit,63,63.0000,1.0000
seq-opt,elevators,786da4a56b380b71addc9b70950a698bb2b38749,Gamer,gamer,63,63.0000,1.0000
seq-opt,elevators,786da4a56b380b71addc9b70950a698bb2b38749,IFork Init,iforkinit,63,63.0000,1.0000
seq-opt,elevators,786da4a56b380b71addc9b70950a698bb2b38749,LM-cut,lmcut,63,63.0000,1.0000
seq-opt,elevators,786da4a56b380b71addc9b70950a698bb2b38749,LMFork,lmfork,63,63.0000,1.0000
seq-opt,elevators,786da4a56b380b71addc9b70950a698bb2b38749,Merge and Shrink,merge-and-shrink,63,63.0000,1.0000
seq-opt,elevators,786da4a56b380b71addc9b70950a698bb2b38749,Selective Max,selmax,63,63.0000,1.0000
seq-opt,elevators,7e7235e0021960fdad87cdbf4f6256ea5b41f2a2,BJOLP,bjolp,53,53.0000,1.0000
seq-opt,elevators,7e7235e0021960fdad87cdbf4f6256ea5b41f2a2,FD-Autotune,fd-autotune,53,53.0000,1.0000
seq-opt,elevators,7e7235e0021960fdad87cdbf4f6256ea5b41f2a2,FDSS-1,fdss-1_seq-opt,53,53.0000,1.0000
seq-opt,elevators,7e7235e0021960fdad87cdbf4f6256ea5b41f2a2,FDSS-2,fdss-2_seq-opt,53,53.0000,1.0000
seq-opt,elevators,7e7235e0021960fdad87cdbf4f6256ea5b41f2a2,Fork Init,forkinit,53,53.0000,1.0000
seq-opt,elevators,7e7235e0021960fdad87cdbf4f6256ea5b41f2a2,Gamer,gamer,53,53.0000,1.0000
seq-opt,elevators,7e7235e0021960fdad87cdbf4f6256ea5b41f2a2,IFork Init,iforkinit,53,53.0000,1.0000
seq-opt,elevators,7e7235e0021960fdad87cdbf4f6256ea5b41f2a2,LM-cut,lmcut,53,53.0000,1.0000
seq-opt,elevators,7e7235e0021960fdad87cdbf4f6256ea5b41f2a2,LMFork,lmfork,53,53.0000,1.0000
seq-opt,elevators,7e7235e0021960fdad87cdbf4f6256ea5b41f2a2,Selective Max,selmax,53,53.0000,1.0000
seq-opt,elevators,94ee26a2aa007649dc6b5e9d13d4cbba2563c135,BJOLP,bjolp,56,56.0000,1.0000
seq-opt,elevators,94ee26a2aa007649dc6b5e9d13d4cbba2563c135,FD-Autotune,fd-autotune,56,56.0000,1.0000
seq-opt,elevators,94ee26a2aa007649dc6b5e9d13d4cbba2563c135,FDSS-1,fdss-1_seq-opt,56,56.0000,1.0000
seq-opt,elevators,94ee26a2aa007649dc6b5e9d13d4cbba2563c135,FDSS-2,fdss-2_seq-opt,56,56.0000,1.0000
seq-opt,elevators,94ee26a2aa007649dc6b5e9d13d4cbba2563c135,Fork Init,forkinit,56,56.0000,1.0000
seq-opt,elevators,94ee26a2aa007649dc6b5e9d13d4cbba2563c135,Gamer,gamer,56,56.0000,1.0000
seq-opt,elevators,94ee26a2aa007649dc6b5e9d13d4cbba2563c135,IFork Init,iforkinit,56,56.0000,1.0000
seq-opt,elevators,94ee26a2aa007649dc6b5e9d13d4cbba2563c135,LM-cut,lmcut,56,56.0000,1.0000
seq-opt,elevators,94ee26a2aa007649dc6b5e9d13d4cbba2563c135,LMFork,lmfork,56,56.0000,1.0000
seq-opt,elevators,94ee26a2aa007649dc6b5e9d13d4cbba2563c135,Selective Max,selmax,56,56.0000,1.0000
seq-opt,elevators,9644ba850cdeee7ee1979d78af8a255e9c6b0994,BJOLP,bjolp,48,48.0000,1.0000
seq-opt,elevators,9644ba850cdeee7ee1979d78af8a255e9c6b0994,FD-Autotune,fd-autotune,48,48.0000,1.0000
seq-opt,elevators,9644ba850cdeee7ee1979d78af8a255e9c6b0994,FDSS-1,fdss-1_seq-opt,48,48.0000,1.0000
seq-opt,elevators,9644ba850cdeee7ee1979d78af8a255e9c6b0994,FDSS-2,fdss-2_seq-opt,48,48.0000,1.0000
seq-opt,elevators,9644ba850cdeee7ee1979d78af8a255e9c6b0994,Fork Init,forkinit,48,48.0000,1.0000
seq-opt,elevators,9644ba850cdeee7ee1979d78af8a255e9c6b0994,Gamer,gamer,48,48.0000,1.0000
seq-opt,elevators,9644ba850cdeee7ee1979d78af8a255e9c6b0994,IFork Init,iforkinit,48,48.0000,1.0000
seq-opt,elevators,9644ba850cdeee7ee1979d78af8a255e9c6b0994,LM-cut,lmcut,48,48.0000,1.0000
seq-opt,elevators,9644ba850cdeee7ee1979d78af8a255e9c6b0994,LMFork,lmfork,48,48.0000,1.0000
seq-opt,elevators,9644ba850cdeee7ee1979d78af8a255e9c6b0994,Merge and Shrink,merge-and-shrink,48,48.0000,1.0000
seq-opt,elevators,9644ba850cdeee7ee1979d78af8a255e9c6b0994,Selective Max,selmax,48,48.0000,1.0000
seq-opt,elevators,bbd6168f23aa8d46af84a1f04a92aac688c643cd,BJOLP,bjolp,61,61.0000,1.0000
seq-opt,elevators,bbd6168f23aa8d46af84a1f04a92aac688c643cd,FD-Autotune,fd-autotune,61,61.0000,1.0000
seq-opt,elevators,bbd6168f23aa8d46af84a1f04a92aac688c643cd,FDSS-1,fdss-1_seq-opt,61,61.0000,1.0000
seq-opt,elevators,bbd6168f23aa8d46af84a1f04a92aac688c643cd,FDSS-2,fdss-2_seq-opt,61,61.0000,1.0000
seq-opt,elevators,bbd6168f23aa8d46af84a1f04a92aac688c643cd,Fork Init,forkinit,61,61.0000,1.0000
seq-opt,elevators,bbd6168f23aa8d46af84a1f04a92aac688c643cd,Gamer,gamer,61,61.0000,1.0000
seq-opt,elevators,bbd6168f23aa8d46af84a1f04a92aac688c643cd,IFork Init,iforkinit,61,61.0000,1.0000
seq-opt,elevators,bbd6168f23aa8d46af84a1f04a92aac688c643cd,LM-cut,lmcut,61,61.0000,1.0000
seq-opt,elevators,bbd6168f23aa8d46af84a1f04a92aac688c643cd,LMFork,lmfork,61,61.0000,1.0000
seq-opt,elevators,bbd6168f23aa8d46af84a1f04a92aac688c643cd,Selective Max,selmax,61,61.0000,1.0000
seq-opt,elevators,ddea96850cc672cc2388fadb97c8ee3631550c2e,BJOLP,bjolp,55,55.0000,1.0000
seq-opt,elevators,ddea96850cc672cc2388fadb97c8ee3631550c2e,FD-Autotune,fd-autotune,55,55.0000,1.0000
seq-opt,elevators,ddea96850cc672cc2388fadb97c8ee3631550c2e,FDSS-1,fdss-1_seq-opt,55,55.0000,1.0000
seq-opt,elevators,ddea96850cc672cc2388fadb97c8ee3631550c2e,FDSS-2,fdss-2_seq-opt,55,55.0000,1.0000
seq-opt,elevators,ddea96850cc672cc2388fadb97c8ee3631550c2e,Fork Init,forkinit,55,55.0000,1.0000
seq-opt,elevators,ddea96850cc672cc2388fadb97c8ee3631550c2e,Gamer,gamer,55,55.0000,1.0000
seq-opt,elevators,ddea96850cc672cc2388fadb97c8ee3631550c2e,IFork Init,iforkinit,55,55.0000,1.0000
seq-opt,elevators,ddea96850cc672cc2388fadb97c8ee3631550c2e,LM-cut,lmcut,55,55.0000,1.0000
seq-opt,elevators,ddea96850cc672cc2388fadb97c8ee3631550c2e,LMFork,lmfork,55,55.0000,1.0000
seq-opt,elevators,ddea96850cc672cc2388fadb97c8ee3631550c2e,Merge and Shrink,merge-and-shrink,55,55.0000,1.0000
seq-opt,elevators,ddea96850cc672cc2388fadb97c8ee3631550c2e,Selective Max,selmax,55,55.0000,1.0000
seq-opt,floortile,394b1a399ba526fb7959f8c85f3975851c3b5ecf,FD-Autotune,fd-autotune,58,58.0000,1.0000
seq-opt,floortile,394b1a399ba526fb7959f8c85f3975851c3b5ecf,FDSS-1,fdss-1_seq-opt,58,58.0000,1.0000
seq-opt,floortile,394b1a399ba526fb7959f8c85f3975851c3b5ecf,FDSS-2,fdss-2_seq-opt,58,58.0000,1.0000
seq-opt,floortile,394b1a399ba526fb7959f8c85f3975851c3b5ecf,Gamer,gamer,58,58.0000,1.0000
seq-opt,floortile,394b1a399ba526fb7959f8c85f3975851c3b5ecf,LM-cut,lmcut,58,58.0000,1.0000
seq-opt,floortile,394b1a399ba526fb7959f8c85f3975851c3b5ecf,Merge and Shrink,merge-and-shrink,58,58.0000,1.0000
seq-opt,floortile,394b1a399ba526fb7959f8c85f3975851c3b5ecf,Selective Max,selmax,58,58.0000,1.0000
seq-opt,floortile,4d637d6a889d59d7c2e4c5470979efcb3feb4b7e,BJOLP,bjolp,38,38.0000,1.0000
seq-opt,floortile,4d637d6a889d59d7c2e4c5470979efcb3feb4b7e,FD-Autotune,fd-autotune,38,38.0000,1.0000
seq-opt,floortile,4d637d6a889d59d7c2e4c5470979efcb3feb4b7e,FDSS-1,fdss-1_seq-opt,38,38.0000,1.0000
seq-opt,floortile,4d637d6a889d59d7c2e4c5470979efcb3feb4b7e,FDSS-2,fdss-2_seq-opt,38,38.0000,1.0000
seq-opt,floortile,4d637d6a889d59d7c2e4c5470979efcb3feb4b7e,Fork Init,forkinit,38,38.0000,1.0000
seq-opt,floortile,4d637d6a889d59d7c2e4c5470979efcb3feb4b7e,Gamer,gamer,38,38.0000,1.0000
seq-opt,floortile,4d637d6a889d59d7c2e4c5470979efcb3feb4b7e,IFork Init,iforkinit,38,38.0000,1.0000
seq-opt,floortile,4d637d6a889d59d7c2e4c5470979efcb3feb4b7e,LM-cut,lmcut,38,38.0000,1.0000
seq-opt,floortile,4d637d6a889d59d7c2e4c5470979efcb3feb4b7e,LMFork,lmfork,38,38.0000,1.0000
seq-opt,floortile,4d637d6a889d59d7c2e4c5470979efcb3feb4b7e,Merge and Shrink,merge-and-shrink,38,38.0000,1.0000
seq-opt,floortile,4d637d6a889d59d7c2e4c5470979efcb3feb4b7e,Selective Max,selmax,38,38.0000,1.0000
seq-opt,floortile,713677fc1f50dc0969709dde4db1540d6a0d83d0,FD-Autotune,fd-autotune,62,62.0000,1.0000
seq-opt,floortile,713677fc1f50dc0969709dde4db1540d6a0d83d0,FDSS-1,fdss-1_seq-opt,62,62.0000,1.0000
seq-opt,floortile,713677fc1f50dc0969709dde4db1540d6a0d83d0,FDSS-2,fdss-2_seq-opt,62,62.0000,1.0000
seq-opt,floortile,713677fc1f50dc0969709dde4db1540d6a0d83d0,Gamer,gamer,62,62.0000,1.0000
seq-opt,floortile,713677fc1f50dc0969709dde4db1540d6a0d83d0,LM-cut,lmcut,62,62.0000,1.0000
seq-opt,floortile,713677fc1f50dc0969709dde4db1540d6a0d83d0,Merge and Shrink,merge-and-shrink,62,62.0000,1.0000
seq-opt,floortile,713677fc1f50dc0969709dde4db1540d6a0d83d0,Selective Max,selmax,62,62.0000,1.0000
seq-opt,floortile,7b7c7afd0aff2dd220eb51a9f12812d14cb22ccd,Gamer,gamer,76,76.0000,1.0000
seq-opt,floortile,9b47427b0f3996cf7185a82f16d0eaaef78347ab,FD-Autotune,fd-autotune,53,53.0000,1.0000
seq-opt,floortile,9b47427b0f3996cf7185a82f16d0eaaef78347ab,FDSS-1,fdss-1_seq-opt,53,53.0000,1.0000
seq-opt,floortile,9b47427b0f3996cf7185a82f16d0eaaef78347ab,FDSS-2,fdss-2_seq-opt,53,53.0000,1.0000
seq-opt,floortile,9b47427b0f3996cf7185a82f16d0eaaef78347ab,Gamer,gamer,53,53.0000,1.0000
seq-opt,floortile,9b47427b0f3996cf7185a82f16d0eaaef78347ab,LM-cut,lmcut,53,53.0000,1.0000
seq-opt,floortile,9b47427b0f3996cf7185a82f16d0eaaef78347ab,Merge and Shrink,merge-and-shrink,53,53.0000,1.0000
seq-opt,floortile,9b47427b0f3996cf7185a82f16d0eaaef78347ab,Selective Max,selmax,53,53.0000,1.0000
seq-opt,floortile,a060816504f4c87a64e2e014cd6b4246c6cee124,FD-Autotune,fd-autotune,60,60.0000,1.0000
seq-opt,floortile,a060816504f4c87a64e2e014cd6b4246c6cee124,FDSS-1,fdss-1_seq-opt,60,60.0000,1.0000
seq-opt,floortile,a060816504f4c87a64e2e014cd6b4246c6cee124,FDSS-2,fdss-2_seq-opt,60,60.0000,1.0000
seq-opt,floortile,a060816504f4c87a64e2e014cd6b4246c6cee124,Gamer,gamer,60,60.0000,1.0000
seq-opt,floortile,a060816504f4c87a64e2e014cd6b4246c6cee124,LM-cut,lmcut,60,60.0000,1.0000
seq-opt,floortile,a060816504f4c87a64e2e014cd6b4246c6cee124,Merge and Shrink,merge-and-shrink,60,60.0000,1.0000
seq-opt,floortile,a060816504f4c87a64e2e014cd6b4246c6cee124,Selective Max,selmax,60,60.0000,1.0000
seq-opt,floortile,c13f2def516a09b990e598e52fdcad9f370baf77,Gamer,gamer,76,76.0000,1.0000
seq-opt,floortile,d3271e670fbbc6664b3db077f191b8ed174da0b7,BJOLP,bjolp,33,33.0000,1.0000
seq-opt,floortile,d3271e670fbbc6664b3db077f191b8ed174da0b7,FD-Autotune,fd-autotune,33,33.0000,1.0000
seq-opt,floortile,d3271e670fbbc6664b3db077f191b8ed174da0b7,FDSS-1,fdss-1_seq-opt,33,33.0000,1.0000
seq-opt,floortile,d3271e670fbbc6664b3db077f191b8ed174da0b7,FDSS-2,fdss-2_seq-opt,33,33.0000,1.0000
seq-opt,floortile,d3271e670fbbc6664b3db077f191b8ed174da0b7,Fork Init,forkinit,33,33.0000,1.0000
seq-opt,floortile,d3271e670fbbc6664b3db077f191b8ed174da0b7,Gamer,gamer,33,33.0000,1.0000
seq-opt,floortile,d3271e670fbbc6664b3db077f191b8ed174da0b7,IFork Init,iforkinit,33,33.0000,1.0000
seq-opt,floortile,d3271e670fbbc6664b3db077f191b8ed174da0b7,LM-cut,lmcut,33,33.0000,1.0000
seq-opt,floortile,d3271e670fbbc6664b3db077f191b8ed174da0b7,LMFork,lmfork,33,33.0000,1.0000
seq-opt,floortile,d3271e670fbbc6664b3db077f191b8ed174da0b7,Merge and Shrink,merge-and-shrink,33,33.0000,1.0000
seq-opt,floortile,d3271e670fbbc6664b3db077f191b8ed174da0b7,Selective Max,selmax,33,33.0000,1.0000
seq-opt,floortile,e8e49f19df0b0d2412cd2397a337de4678cfb5c5,FD-Autotune,fd-autotune,66,66.0000,1.0000
seq-opt,floortile,e8e49f19df0b0d2412cd2397a337de4678cfb5c5,FDSS-1,fdss-1_seq-opt,66,66.0000,1.0000
seq-opt,floortile,e8e49f19df0b0d2412cd2397a337de4678cfb5c5,FDSS-2,fdss-2_seq-opt,66,66.0000,1.0000
seq-opt,floortile,e8e49f19df0b0d2412cd2397a337de4678cfb5c5,Gamer,gamer,66,66.0000,1.0000
seq-opt,floortile,e8e49f19df0b0d2412cd2397a337de4678cfb5c5,LM-cut,lmcut,66,66.0000,1.0000
seq-opt,floortile,e8e49f19df0b0d2412cd2397a337de4678cfb5c5,Merge and Shrink,merge-and-shrink,66,66.0000,1.0000
seq-opt,floortile,e8e49f19df0b0d2412cd2397a337de4678cfb5c5,Selective Max,selmax,66,66.0000,1.0000
seq-opt,nomystery,017a5b49589b628c94f6d64ffe6cac1858e72ff2,BJOLP,bjolp,12,12.0000,1.0000
seq-opt,nomystery,017a5b49589b628c94f6d64ffe6cac1858e72ff2,CPT4,cpt4_seq-opt,12,12.0000,1.0000
seq-opt,nomystery,017a5b49589b628c94f6d64ffe6cac1858e72ff2,FD-Autotune,fd-autotune,12,12.0000,1.0000
seq-opt,nomystery,017a5b49589b628c94f6d64ffe6cac1858e72ff2,FDSS-1,fdss-1_seq-opt,12,12.0000,1.0000
seq-opt,nomystery,017a5b49589b628c94f6d64ffe6cac1858e72ff2,FDSS-2,fdss-2_seq-opt,12,12.0000,1.0000
seq-opt,nomystery,017a5b49589b628c94f6d64ffe6cac1858e72ff2,Fork Init,forkinit,12,12.0000,1.0000
seq-opt,nomystery,017a5b49589b628c94f6d64ffe6cac1858e72ff2,Gamer,gamer,12,12.0000,1.0000
seq-opt,nomystery,017a5b49589b628c94f6d64ffe6cac1858e72ff2,IFork Init,iforkinit,12,12.0000,1.0000
seq-opt,nomystery,017a5b49589b628c94f6d64ffe6cac1858e72ff2,LM-cut,lmcut,12,12.0000,1.0000
seq-opt,nomystery,017a5b49589b628c94f6d64ffe6cac1858e72ff2,LMFork,lmfork,12,12.0000,1.0000
seq-opt,nomystery,017a5b49589b628c94f6d64ffe6cac1858e72ff2,Merge and Shrink,merge-and-shrink,12,12.0000,1.0000
seq-opt,nomystery,017a5b49589b628c94f6d64ffe6cac1858e72ff2,Selective Max,selmax,12,12.0000,1.0000
seq-opt,nomystery,02ec6f0709058804c1181197c372125f991cd800,BJOLP,bjolp,34,34.0000,1.0000
seq-opt,nomystery,02ec6f0709058804c1181197c372125f991cd800,FDSS-1,fdss-1_seq-opt,34,34.0000,1.0000
seq-opt,nomystery,02ec6f0709058804c1181197c372125f991cd800,FDSS-2,fdss-2_seq-opt,34,34.0000,1.0000
seq-opt,nomystery,02ec6f0709058804c1181197c372125f991cd800,Fork Init,forkinit,34,34.0000,1.0000
seq-opt,nomystery,02ec6f0709058804c1181197c372125f991cd800,LMFork,lmfork,34,34.0000,1.0000
seq-opt,nomystery,02ec6f0709058804c1181197c372125f991cd800,Merge and Shrink,merge-and-shrink,34,34.0000,1.0000
seq-opt,nomystery,02ec6f0709058804c1181197c372125f991cd800,Selective Max,selmax,34,34.0000,1.0000
seq-opt,nomystery,0af927eb95d1c42930ed1eb5901a993084376359,BJOLP,bjolp,19,19.0000,1.0000
seq-opt,nomystery,0af927eb95d1c42930ed1eb5901a993084376359,CPT4,cpt4_seq-opt,19,19.0000,1.0000
seq-opt,nomystery,0af927eb95d1c42930ed1eb5901a993084376359,FD-Autotune,fd-autotune,19,19.0000,1.0000
seq-opt,nomystery,0af927eb95d1c42930ed1eb5901a993084376359,FDSS-1,fdss-1_seq-opt,19,19.0000,1.0000
seq-opt,nomystery,0af927eb95d1c42930ed1eb5901a993084376359,FDSS-2,fdss-2_seq-opt,19,19.0000,1.0000
seq-opt,nomystery,0af927eb95d1c42930ed1eb5901a993084376359,Fork Init,forkinit,19,19.0000,1.0000
seq-opt,nomystery,0af927eb95d1c42930ed1eb5901a993084376359,Gamer,gamer,19,19.0000,1.0000
seq-opt,nomystery,0af927eb95d1c42930ed1eb5901a993084376359,IFork Init,iforkinit,19,19.0000,1.0000
seq-opt,nomystery,0af927eb95d1c42930ed1eb5901a993084376359,LM-cut,lmcut,19,19.0000,1.0000
seq-opt,nomystery,0af927eb95d1c42930ed1eb5901a993084376359,LMFork,lmfork,19,19.0000,1.0000
seq-opt,nomystery,0af927eb95d1c42930ed1eb5901a993084376359,Merge and Shrink,merge-and-shrink,19,19.0000,1.0000
seq-opt,nomystery,0af927eb95d1c42930ed1eb5901a993084376359,Selective Max,selmax,19,19.0000,1.0000
seq-opt,nomystery,12d5d937b0eb1dd386de5380e3559fa13cea4222,BJOLP,bjolp,14,14.0000,1.0000
seq-opt,nomystery,12d5d937b0eb1dd386de5380e3559fa13cea4222,CPT4,cpt4_seq-opt,14,14.0000,1.0000
seq-opt,nomystery,12d5d937b0eb1dd386de5380e3559fa13cea4222,FD-Autotune,fd-autotune,14,14.0000,1.0000
seq-opt,nomystery,12d5d937b0eb1dd386de5380e3559fa13cea4222,FDSS-1,fdss-1_seq-opt,14,14.0000,1.0000
seq-opt,nomystery,12d5d937b0eb1dd386de5380e3559fa13cea4222,FDSS-2,fdss-2_seq-opt,14,14.0000,1.0000
seq-opt,nomystery,12d5d937b0eb1dd386de5380e3559fa13cea4222,Fork Init,forkinit,14,14.0000,1.0000
seq-opt,nomystery,12d5d937b0eb1dd386de5380e3559fa13cea4222,Gamer,gamer,14,14.0000,1.0000
seq-opt,nomystery,12d5d937b0eb1dd386de5380e3559fa13cea4222,IFork Init,iforkinit,14,14.0000,1.0000
seq-opt,nomystery,12d5d937b0eb1dd386de5380e3559fa13cea4222,LM-cut,lmcut,14,14.0000,1.0000
seq-opt,nomystery,12d5d937b0eb1dd386de5380e3559fa13cea4222,LMFork,lmfork,14,14.0000,1.0000
seq-opt,nomystery,12d5d937b0eb1dd386de5380e3559fa13cea4222,Merge and Shrink,merge-and-shrink,14,14.0000,1.0000
seq-opt,nomystery,12d5d937b0eb1dd386de5380e3559fa13cea4222,Selective Max,selmax,14,14.0000,1.0000
seq-opt,nomystery,16720021f6ad48a854d56a18aee9e9e44f8f9464,BJOLP,bjolp,38,38.0000,1.0000
seq-opt,nomystery,16720021f6ad48a854d56a18aee9e9e44f8f9464,FDSS-1,fdss-1_seq-opt,38,38.0000,1.0000
seq-opt,nomystery,16720021f6ad48a854d56a18aee9e9e44f8f9464,FDSS-2,fdss-2_seq-opt,38,38.0000,1.0000
seq-opt,nomystery,16720021f6ad48a854d56a18aee9e9e44f8f9464,Fork Init,forkinit,38,38.0000,1.0000
seq-opt,nomystery,16720021f6ad48a854d56a18aee9e9e44f8f9464,LMFork,lmfork,38,38.0000,1.0000
seq-opt,nomystery,16720021f6ad48a854d56a18aee9e9e44f8f9464,Merge and Shrink,merge-and-shrink,38,38.0000,1.0000
seq-opt,nomystery,16720021f6ad48a854d56a18aee9e9e44f8f9464,Selective Max,selmax,38,38.0000,1.0000
seq-opt,nomystery,26749624fed78591a278ff5d21ab02064f07abb6,BJOLP,bjolp,15,15.0000,1.0000
seq-opt,nomystery,26749624fed78591a278ff5d21ab02064f07abb6,CPT4,cpt4_seq-opt,15,15.0000,1.0000
seq-opt,nomystery,26749624fed78591a278ff5d21ab02064f07abb6,FD-Autotune,fd-autotune,15,15.0000,1.0000
seq-opt,nomystery,26749624fed78591a278ff5d21ab02064f07abb6,FDSS-1,fdss-1_seq-opt,15,15.0000,1.0000
seq-opt,nomystery,26749624fed78591a278ff5d21ab02064f07abb6,FDSS-2,fdss-2_seq-opt,15,15.0000,1.0000
seq-opt,nomystery,26749624fed78591a278ff5d21ab02064f07abb6,Fork Init,forkinit,15,15.0000,1.0000
seq-opt,nomystery,26749624fed78591a278ff5d21ab02064f07abb6,Gamer,gamer,15,15.0000,1.0000
seq-opt,nomystery,26749624fed78591a278ff5d21ab02064f07abb6,IFork Init,iforkinit,15,15.0000,1.0000
seq-opt,nomystery,26749624fed78591a278ff5d21ab02064f07abb6,LM-cut,lmcut,15,15.0000,1.0000
seq-opt,nomystery,26749624fed78591a278ff5d21ab02064f07abb6,LMFork,lmfork,15,15.0000,1.0000
seq-opt,nomystery,26749624fed78591a278ff5d21ab02064f07abb6,Merge and Shrink,merge-and-shrink,15,15.0000,1.0000
seq-opt,nomystery,26749624fed78591a278ff5d21ab02064f07abb6,Selective Max,selmax,15,15.0000,1.0000
seq-opt,nomystery,40771261f38141f491a6cd41b7f3a029f8148771,BJOLP,bjolp,38,38.0000,1.0000
seq-opt,nomystery,40771261f38141f491a6cd41b7f3a029f8148771,FDSS-1,fdss-1_seq-opt,38,38.0000,1.0000
seq-opt,nomystery,40771261f38141f491a6cd41b7f3a029f8148771,FDSS-2,fdss-2_seq-opt,38,38.0000,1.0000
seq-opt,nomystery,40771261f38141f491a6cd41b7f3a029f8148771,Fork Init,forkinit,38,38.0000,1.0000
seq-opt,nomystery,40771261f38141f491a6cd41b7f3a029f8148771,LMFork,lmfork,38,38.0000,1.0000
seq-opt,nomystery,40771261f38141f491a6cd41b7f3a029f8148771,Merge and Shrink,merge-and-shrink,38,38.0000,1.0000
seq-opt,nomystery,40771261f38141f491a6cd41b7f3a029f8148771,Selective Max,selmax,38,38.0000,1.0000
seq-opt,nomystery,62e5eeeba80e3ab8a06d12183a983a07b12502c1,BJOLP,bjolp,26,26.0000,1.0000
seq-opt,nomystery,62e5eeeba80e3ab8a06d12183a983a07b12502c1,FD-Autotune,fd-autotune,26,26.0000,1.0000
seq-opt,nomystery,62e5eeeba80e3ab8a06d12183a983a07b12502c1,FDSS-1,fdss-1_seq-opt,26,26.0000,1.0000
seq-opt,nomystery,62e5eeeba80e3ab8a06d12183a983a07b12502c1,FDSS-2,fdss-2_seq-opt,26,26.0000,1.0000
seq-opt,nomystery,62e5eeeba80e3ab8a06d12183a983a07b12502c1,Fork Init,forkinit,26,26.0000,1.0000
seq-opt,nomystery,62e5eeeba80e3ab8a06d12183a983a07b12502c1,Gamer,gamer,26,26.0000,1.0000
seq-opt,nomystery,62e5eeeba80e3ab8a06d12183a983a07b12502c1,IFork Init,iforkinit,26,26.0000,1.0000
seq-opt,nomystery,62e5eeeba80e3ab8a06d12183a983a07b12502c1,LM-cut,lmcut,26,26.0000,1.0000
seq-opt,nomystery,62e5eeeba80e3ab8a06d12183a983a07b12502c1,LMFork,lmfork,26,26.0000,1.0000
seq-opt,nomystery,62e5eeeba80e3ab8a06d12183a983a07b12502c1,Merge and Shrink,merge-and-shrink,26,26.0000,1.0000
seq-opt,nomystery,62e5eeeba80e3ab8a06d12183a983a07b12502c1,Selective Max,selmax,26,26.0000,1.0000
seq-opt,nomystery,7601fc8007cd119bec978f029041beaa22caaf70,BJOLP,bjolp,19,19.0000,1.0000
seq-opt,nomystery,7601fc8007cd119bec978f029041beaa22caaf70,CPT4,cpt4_seq-opt,19,19.0000,1.0000
seq-opt,nomystery,7601fc8007cd119bec978f029041beaa22caaf70,FD-Autotune,fd-autotune,19,19.0000,1.0000
seq-opt,nomystery,7601fc8007cd119bec978f029041beaa22caaf70,FDSS-1,fdss-1_seq-opt,19,19.0000,1.0000
seq-opt,nomystery,7601fc8007cd119bec978f029041beaa22caaf70,FDSS-2,fdss-2_seq-opt,19,19.0000,1.0000
seq-opt,nomystery,7601fc8007cd119bec978f029041beaa22caaf70,Fork Init,forkinit,19,19.0000,1.0000
seq-opt,nomystery,7601fc8007cd119bec978f029041beaa22caaf70,Gamer,gamer,19,19.0000,1.0000
seq-opt,nomystery,7601fc8007cd119bec978f029041beaa22caaf70,IFork Init,iforkinit,19,19.0000,1.0000
seq-opt,nomystery,7601fc8007cd119bec978f029041beaa22caaf70,LM-cut,lmcut,19,19.0000,1.0000
seq-opt,nomystery,7601fc8007cd119bec978f029041beaa22caaf70,LMFork,lmfork,19,19.0000,1.0000
seq-opt,nomystery,7601fc8007cd119bec978f029041beaa22caaf70,Merge and Shrink,merge-and-shrink,19,19.0000,1.0000
seq-opt,nomystery,7601fc8007cd119bec978f029041beaa22caaf70,Selective Max,selmax,19,19.0000,1.0000
seq-opt,nomystery,8a49bed542c30bac2b8c50f4d6d48625d94af677,BJOLP,bjolp,15,15.0000,1.0000
seq-opt,nomystery,8a49bed542c30bac2b8c50f4d6d48625d94af677,CPT4,cpt4_seq-opt,15,15.0000,1.0000
seq-opt,nomystery,8a49bed542c30bac2b8c50f4d6d48625d94af677,FD-Autotune,fd-autotune,15,15.0000,1.0000
seq-opt,nomystery,8a49bed542c30bac2b8c50f4d6d48625d94af677,FDSS-1,fdss-1_seq-opt,15,15.0000,1.0000
seq-opt,nomystery,8a49bed542c30bac2b8c50f4d6d48625d94af677,FDSS-2,fdss-2_seq-opt,15,15.0000,1.0000
seq-opt,nomystery,8a49bed542c30bac2b8c50f4d6d48625d94af677,Fork Init,forkinit,15,15.0000,1.0000
seq-opt,nomystery,8a49bed542c30bac2b8c50f4d6d48625d94af677,Gamer,gamer,15,15.0000,1.0000
seq-opt,nomystery,8a49bed542c30bac2b8c50f4d6d48625d94af677,IFork Init,iforkinit,15,15.0000,1.0000
seq-opt,nomystery,8a49bed542c30bac2b8c50f4d6d48625d94af677,LM-cut,lmcut,15,15.0000,1.0000
seq-opt,nomystery,8a49bed542c30bac2b8c50f4d6d48625d94af677,LMFork,lmfork,15,15.0000,1.0000
seq-opt,nomystery,8a49bed542c30bac2b8c50f4d6d48625d94af677,Merge and Shrink,merge-and-shrink,15,15.0000,1.0000
seq-opt,nomystery,8a49bed542c30bac2b8c50f4d6d48625d94af677,Selective Max,selmax,15,15.0000,1.0000
seq-opt,nomystery,9ce9bd07919361b656dc514c53658362ea97c169,BJOLP,bjolp,30,30.0000,1.0000
seq-opt,nomystery,9ce9bd07919361b656dc514c53658362ea97c169,FD-Autotune,fd-autotune,30,30.0000,1.0000
seq-opt,nomystery,9ce9bd07919361b656dc514c53658362ea97c169,FDSS-1,fdss-1_seq-opt,30,30.0000,1.0000
seq-opt,nomystery,9ce9bd07919361b656dc514c53658362ea97c169,FDSS-2,fdss-2_seq-opt,30,30.0000,1.0000
seq-opt,nomystery,9ce9bd07919361b656dc514c53658362ea97c169,Fork Init,forkinit,30,30.0000,1.0000
seq-opt,nomystery,9ce9bd07919361b656dc514c53658362ea97c169,Gamer,gamer,30,30.0000,1.0000
seq-opt,nomystery,9ce9bd07919361b656dc514c53658362ea97c169,IFork Init,iforkinit,30,30.0000,1.0000
seq-opt,nomystery,9ce9bd07919361b656dc514c53658362ea97c169,LM-cut,lmcut,30,30.0000,1.0000
seq-opt,nomystery,9ce9bd07919361b656dc514c53658362ea97c169,LMFork,lmfork,30,30.0000,1.0000
seq-opt,nomystery,9ce9bd07919361b656dc514c53658362ea97c169,Merge and Shrink,merge-and-shrink,30,30.0000,1.0000
seq-opt,nomystery,9ce9bd07919361b656dc514c53658362ea97c169,Selective Max,selmax,30,30.0000,1.0000
seq-opt,nomystery,b623e952727aee316d84873f23f9d0c7c86d7bc6,BJOLP,bjolp,23,23.0000,1.0000
seq-opt,nomystery,b623e952727aee316d84873f23f9d0c7c86d7bc6,CPT4,cpt4_seq-opt,23,23.0000,1.0000
seq-opt,nomystery,b623e952727aee316d84873f23f9d0c7c86d7bc6,FD-Autotune,fd-autotune,23,23.0000,1.0000
seq-opt,nomystery,b623e952727aee316d84873f23f9d0c7c86d7bc6,FDSS-1,fdss-1_seq-opt,23,23.0000,1.0000
seq-opt,nomystery,b623e952727aee316d84873f23f9d0c7c86d7bc6,FDSS-2,fdss-2_seq-opt,23,23.0000,1.0000
seq-opt,nomystery,b623e952727aee316d84873f23f9d0c7c86d7bc6,Fork Init,forkinit,23,23.0000,1.0000
seq-opt,nomystery,b623e952727aee316d84873f23f9d0c7c86d7bc6,Gamer,gamer,23,23.0000,1.0000
seq-opt,nomystery,b623e952727aee316d84873f23f9d0c7c86d7bc6,IFork Init,iforkinit,23,23.0000,1.0000
seq-opt,nomystery,b623e952727aee316d84873f23f9d0c7c86d7bc6,LM-cut,lmcut,23,23.0000,1.0000
seq-opt,nomystery,b623e952727aee316d84873f23f9d0c7c86d7bc6,LMFork,lmfork,23,23.0000,1.0000
seq-opt,nomystery,b623e952727aee316d84873f23f9d0c7c86d7bc6,Merge and Shrink,merge-and-shrink,23,23.0000,1.0000
seq-opt,nomystery,b623e952727aee316d84873f23f9d0c7c86d7bc6,Selective Max,selmax,23,23.0000,1.0000
seq-opt,nomystery,b6e3f1b111da73158d2ad9d45f33aded4e9ad14d,BJOLP,bjolp,34,34.0000,1.0000
seq-opt,nomystery,b6e3f1b111da73158d2ad9d45f33aded4e9ad14d,FD-Autotune,fd-autotune,34,34.0000,1.0000
seq-opt,nomystery,b6e3f1b111da73158d2ad9d45f33aded4e9ad14d,FDSS-1,fdss-1_seq-opt,34,34.0000,1.0000
seq-opt,nomystery,b6e3f1b111da73158d2ad9d45f33aded4e9ad14d,FDSS-2,fdss-2_seq-opt,34,34.0000,1.0000
seq-opt,nomystery,b6e3f1b111da73158d2ad9d45f33aded4e9ad14d,Fork Init,forkinit,34,34.0000,1.0000
seq-opt,nomystery,b6e3f1b111da73158d2ad9d45f33aded4e9ad14d,LM-cut,lmcut,34,34.0000,1.0000
seq-opt,nomystery,b6e3f1b111da73158d2ad9d45f33aded4e9ad14d,LMFork,lmfork,34,34.0000,1.0000
seq-opt,nomystery,b6e3f1b111da73158d2ad9d45f33aded4e9ad14d,Merge and Shrink,merge-and-shrink,34,34.0000,1.0000
seq-opt,nomystery,b6e3f1b111da73158d2ad9d45f33aded4e9ad14d,Selective Max,selmax,34,34.0000,1.0000
seq-opt,nomystery,c6873d34710f449f8c19d67050c0bae508f2b2b4,BJOLP,bjolp,11,11.0000,1.0000
seq-opt,nomystery,c6873d34710f449f8c19d67050c0bae508f2b2b4,CPT4,cpt4_seq-opt,11,11.0000,1.0000
seq-opt,nomystery,c6873d34710f449f8c19d67050c0bae508f2b2b4,FD-Autotune,fd-autotune,11,11.0000,1.0000
seq-opt,nomystery,c6873d34710f449f8c19d67050c0bae508f2b2b4,FDSS-1,fdss-1_seq-opt,11,11.0000,1.0000
seq-opt,nomystery,c6873d34710f449f8c19d67050c0bae508f2b2b4,FDSS-2,fdss-2_seq-opt,11,11.0000,1.0000
seq-opt,nomystery,c6873d34710f449f8c19d67050c0bae508f2b2b4,Fork Init,forkinit,11,11.0000,1.0000
seq-opt,nomystery,c6873d34710f449f8c19d67050c0bae508f2b2b4,Gamer,gamer,11,11.0000,1.0000
seq-opt,nomystery,c6873d34710f449f8c19d67050c0bae508f2b2b4,IFork Init,iforkinit,11,11.0000,1.0000
seq-opt,nomystery,c6873d34710f449f8c19d67050c0bae508f2b2b4,LM-cut,lmcut,11,11.0000,1.0000
seq-opt,nomystery,c6873d34710f449f8c19d67050c0bae508f2b2b4,LMFork,lmfork,11,11.0000,1.0000
seq-opt,nomystery,c6873d34710f449f8c19d67050c0bae508f2b2b4,Merge and Shrink,merge-and-shrink,11,11.0000,1.0000
seq-opt,nomystery,c6873d34710f449f8c19d67050c0bae508f2b2b4,Selective Max,selmax,11,11.0000,1.0000
seq-opt,nomystery,cd37bfdb7c09a09eae423d84d048b6e4594f2173,BJOLP,bjolp,23,23.0000,1.0000
seq-opt,nomystery,cd37bfdb7c09a09eae423d84d048b6e4594f2173,FD-Autotune,fd-autotune,23,23.0000,1.0000
seq-opt,nomystery,cd37bfdb7c09a09eae423d84d048b6e4594f2173,FDSS-1,fdss-1_seq-opt,23,23.0000,1.0000
seq-opt,nomystery,cd37bfdb7c09a09eae423d84d048b6e4594f2173,FDSS-2,fdss-2_seq-opt,23,23.0000,1.0000
seq-opt,nomystery,cd37bfdb7c09a09eae423d84d048b6e4594f2173,Fork Init,forkinit,23,23.0000,1.0000
seq-opt,nomystery,cd37bfdb7c09a09eae423d84d048b6e4594f2173,Gamer,gamer,23,23.0000,1.0000
seq-opt,nomystery,cd37bfdb7c09a09eae423d84d048b6e4594f2173,IFork Init,iforkinit,23,23.0000,1.0000
seq-opt,nomystery,cd37bfdb7c09a09eae423d84d048b6e4594f2173,LM-cut,lmcut,23,23.0000,1.0000
seq-opt,nomystery,cd37bfdb7c09a09eae423d84d048b6e4594f2173,LMFork,lmfork,23,23.0000,1.0000
seq-opt,nomystery,cd37bfdb7c09a09eae423d84d048b6e4594f2173,Merge and Shrink,merge-and-shrink,23,23.0000,1.0000
seq-opt,nomystery,cd37bfdb7c09a09eae423d84d048b6e4594f2173,Selective Max,selmax,23,23.0000,1.0000
seq-opt,nomystery,ce32cf405ed42e79a9f51d6f372f25c7de4c5e46,BJOLP,bjolp,14,14.0000,1.0000
seq-opt,nomystery,ce32cf405ed42e79a9f51d6f372f25c7de4c5e46,CPT4,cpt4_seq-opt,14,14.0000,1.0000
seq-opt,nomystery,ce32cf405ed42e79a9f51d6f372f25c7de4c5e46,FD-Autotune,fd-autotune,14,14.0000,1.0000
seq-opt,nomystery,ce32cf405ed42e79a9f51d6f372f25c7de4c5e46,FDSS-1,fdss-1_seq-opt,14,14.0000,1.0000
seq-opt,nomystery,ce32cf405ed42e79a9f51d6f372f25c7de4c5e46,FDSS-2,fdss-2_seq-opt,14,14.0000,1.0000
seq-opt,nomystery,ce32cf405ed42e79a9f51d6f372f25c7de4c5e46,Fork Init,forkinit,14,14.0000,1.0000
seq-opt,nomystery,ce32cf405ed42e79a9f51d6f372f25c7de4c5e46,Gamer,gamer,14,14.0000,1.0000
seq-opt,nomystery,ce32cf405ed42e79a9f51d6f372f25c7de4c5e46,IFork Init,iforkinit,14,14.0000,1.0000
seq-opt,nomystery,ce32cf405ed42e79a9f51d6f372f25c7de4c5e46,LM-cut,lmcut,14,14.0000,1.0000
seq-opt,nomystery,ce32cf405ed42e79a9f51d6f372f25c7de4c5e46,LMFork,lmfork,14,14.0000,1.0000
seq-opt,nomystery,ce32cf405ed42e79a9f51d6f372f25c7de4c5e46,Merge and Shrink,merge-and-shrink,14,14.0000,1.0000
seq-opt,nomystery,ce32cf405ed42e79a9f51d6f372f25c7de4c5e46,Selective Max,selmax,14,14.0000,1.0000
seq-opt,nomystery,d78b3feed55cb35b3165a7dc5b550bd11cd746c0,BJOLP,bjolp,38,38.0000,1.0000
seq-opt,nomystery,d78b3feed55cb35b3165a7dc5b550bd11cd746c0,FDSS-1,fdss-1_seq-opt,38,38.0000,1.0000
seq-opt,nomystery,d78b3feed55cb35b3165a7dc5b550bd11cd746c0,FDSS-2,fdss-2_seq-opt,38,38.0000,1.0000
seq-opt,nomystery,d78b3feed55cb35b3165a7dc5b550bd11cd746c0,Fork Init,forkinit,38,38.0000,1.0000
seq-opt,nomystery,d78b3feed55cb35b3165a7dc5b550bd11cd746c0,LMFork,lmfork,38,38.0000,1.0000
seq-opt,nomystery,d78b3feed55cb35b3165a7dc5b550bd11cd746c0,Merge and Shrink,merge-and-shrink,38,38.0000,1.0000
seq-opt,nomystery,d78b3feed55cb35b3165a7dc5b550bd11cd746c0,Selective Max,selmax,38,38.0000,1.0000
seq-opt,nomystery,e1a61beebfb473317db26bebfc400c41e5614dc6,BJOLP,bjolp,30,30.0000,1.0000
seq-opt,nomystery,e1a61beebfb473317db26bebfc400c41e5614dc6,FD-Autotune,fd-autotune,30,30.0000,1.0000
seq-opt,nomystery,e1a61beebfb473317db26bebfc400c41e5614dc6,FDSS-1,fdss-1_seq-opt,30,30.0000,1.0000
seq-opt,nomystery,e1a61beebfb473317db26bebfc400c41e5614dc6,FDSS-2,fdss-2_seq-opt,30,30.0000,1.0000
seq-opt,nomystery,e1a61beebfb473317db26bebfc400c41e5614dc6,Fork Init,forkinit,30,30.0000,1.0000
seq-opt,nomystery,e1a61beebfb473317db26bebfc400c41e5614dc6,Gamer,gamer,30,30.0000,1.0000
seq-opt,nomystery,e1a61beebfb473317db26bebfc400c41e5614dc6,IFork Init,iforkinit,30,30.0000,1.0000
seq-opt,nomystery,e1a61beebfb473317db26bebfc400c41e5614dc6,LM-cut,lmcut,30,30.0000,1.0000
seq-opt,nomystery,e1a61beebfb473317db26bebfc400c41e5614dc6,LMFork,lmfork,30,30.0000,1.0000
seq-opt,nomystery,e1a61beebfb473317db26bebfc400c41e5614dc6,Merge and Shrink,merge-and-shrink,30,30.0000,1.0000
seq-opt,nomystery,e1a61beebfb473317db26bebfc400c41e5614dc6,Selective Max,selmax,30,30.0000,1.0000
seq-opt,nomystery,f2128eecced93f6ddcb36d4b0ee184eaa0552510,BJOLP,bjolp,26,26.0000,1.0000
seq-opt,nomystery,f2128eecced93f6ddcb36d4b0ee184eaa0552510,FD-Autotune,fd-autotune,26,26.0000,1.0000
seq-opt,nomystery,f2128eecced93f6ddcb36d4b0ee184eaa0552510,FDSS-1,fdss-1_seq-opt,26,26.0000,1.0000
seq-opt,nomystery,f2128eecced93f6ddcb36d4b0ee184eaa0552510,FDSS-2,fdss-2_seq-opt,26,26.0000,1.0000
seq-opt,nomystery,f2128eecced93f6ddcb36d4b0ee184eaa0552510,Fork Init,forkinit,26,26.0000,1.0000
seq-opt,nomystery,f2128eecced93f6ddcb36d4b0ee184eaa0552510,Gamer,gamer,26,26.0000,1.0000
seq-opt,nomystery,f2128eecced93f6ddcb36d4b0ee184eaa0552510,IFork Init,iforkinit,26,26.0000,1.0000
seq-opt,nomystery,f2128eecced93f6ddcb36d4b0ee184eaa0552510,LM-cut,lmcut,26,26.0000,1.0000
seq-opt,nomystery,f2128eecced93f6ddcb36d4b0ee184eaa0552510,LMFork,lmfork,26,26.0000,1.0000
seq-opt,nomystery,f2128eecced93f6ddcb36d4b0ee184eaa0552510,Merge and Shrink,merge-and-shrink,26,26.0000,1.0000
seq-opt,nomystery,f2128eecced93f6ddcb36d4b0ee184eaa0552510,Selective Max,selmax,26,26.0000,1.0000
seq-opt,nomystery,f31a68a1aa838d0ecbfeb7584cee6ba0c064ac12,BJOLP,bjolp,38,38.0000,1.0000
seq-opt,nomystery,f31a68a1aa838d0ecbfeb7584cee6ba0c064ac12,FDSS-1,fdss-1_seq-opt,38,38.0000,1.0000
seq-opt,nomystery,f31a68a1aa838d0ecbfeb7584cee6ba0c064ac12,FDSS-2,fdss-2_seq-opt,38,38.0000,1.0000
seq-opt,nomystery,f31a68a1aa838d0ecbfeb7584cee6ba0c064ac12,Fork Init,forkinit,38,38.0000,1.0000
seq-opt,nomystery,f31a68a1aa838d0ecbfeb7584cee6ba0c064ac12,LMFork,lmfork,38,38.0000,1.0000
seq-opt,nomystery,f31a68a1aa838d0ecbfeb7584cee6ba0c064ac12,Merge and Shrink,merge-and-shrink,38,38.0000,1.0000
seq-opt,nomystery,f31a68a1aa838d0ecbfeb7584cee6ba0c064ac12,Selective Max,selmax,38,38.0000,1.0000
seq-opt,openstacks,2576582a934cdb5a483eb0d8084f9eb65f471efb,BJOLP,bjolp,3,3.0000,1.0000
seq-opt,openstacks,2576582a934cdb5a483eb0d8084f9eb65f471efb,FD-Autotune,fd-autotune,3,3.0000,1.0000
seq-opt,openstacks,2576582a934cdb5a483eb0d8084f9eb65f471efb,FDSS-1,fdss-1_seq-opt,3,3.0000,1.0000
seq-opt,openstacks,2576582a934cdb5a483eb0d8084f9eb65f471efb,FDSS-2,fdss-2_seq-opt,3,3.0000,1.0000
seq-opt,openstacks,2576582a934cdb5a483eb0d8084f9eb65f471efb,Fork Init,forkinit,3,3.0000,1.0000
seq-opt,openstacks,2576582a934cdb5a483eb0d8084f9eb65f471efb,Gamer,gamer,3,3.0000,1.0000
seq-opt,openstacks,2576582a934cdb5a483eb0d8084f9eb65f471efb,IFork Init,iforkinit,3,3.0000,1.0000
seq-opt,openstacks,2576582a934cdb5a483eb0d8084f9eb65f471efb,LM-cut,lmcut,3,3.0000,1.0000
seq-opt,openstacks,2576582a934cdb5a483eb0d8084f9eb65f471efb,LMFork,lmfork,3,3.0000,1.0000
seq-opt,openstacks,2576582a934cdb5a483eb0d8084f9eb65f471efb,Merge and Shrink,merge-and-shrink,3,3.0000,1.0000
seq-opt,openstacks,2576582a934cdb5a483eb0d8084f9eb65f471efb,Selective Max,selmax,3,3.0000,1.0000
seq-opt,openstacks,31c2665d89fb1988e0fd94f2acce78cf4178b36a,BJOLP,bjolp,4,4.0000,1.0000
seq-opt,openstacks,31c2665d89fb1988e0fd94f2acce78cf4178b36a,FD-Autotune,fd-autotune,4,4.0000,1.0000
seq-opt,openstacks,31c2665d89fb1988e0fd94f2acce78cf4178b36a,FDSS-1,fdss-1_seq-opt,4,4.0000,1.0000
seq-opt,openstacks,31c2665d89fb1988e0fd94f2acce78cf4178b36a,FDSS-2,fdss-2_seq-opt,4,4.0000,1.0000
seq-opt,openstacks,31c2665d89fb1988e0fd94f2acce78cf4178b36a,Fork Init,forkinit,4,4.0000,1.0000
seq-opt,openstacks,31c2665d89fb1988e0fd94f2acce78cf4178b36a,Gamer,gamer,4,4.0000,1.0000
seq-opt,openstacks,31c2665d89fb1988e0fd94f2acce78cf4178b36a,IFork Init,iforkinit,4,4.0000,1.0000
seq-opt,openstacks,31c2665d89fb1988e0fd94f2acce78cf4178b36a,LM-cut,lmcut,4,4.0000,1.0000
seq-opt,openstacks,31c2665d89fb1988e0fd94f2acce78cf4178b36a,LMFork,lmfork,4,4.0000,1.0000
seq-opt,openstacks,31c2665d89fb1988e0fd94f2acce78cf4178b36a,Merge and Shrink,merge-and-shrink,4,4.0000,1.0000
seq-opt,openstacks,31c2665d89fb1988e0fd94f2acce78cf4178b36a,Selective Max,selmax,4,4.0000,1.0000
seq-opt,openstacks,34a10906fe5d14af16222b2dca333b3cac529267,BJOLP,bjolp,3,3.0000,1.0000
seq-opt,openstacks,34a10906fe5d14af16222b2dca333b3cac529267,FD-Autotune,fd-autotune,3,3.0000,1.0000
seq-opt,openstacks,34a10906fe5d14af16222b2dca333b3cac529267,FDSS-1,fdss-1_seq-opt,3,3.0000,1.0000
seq-opt,openstacks,34a10906fe5d14af16222b2dca333b3cac529267,FDSS-2,fdss-2_seq-opt,3,3.0000,1.0000
seq-opt,openstacks,34a10906fe5d14af16222b2dca333b3cac529267,Fork Init,forkinit,3,3.0000,1.0000
seq-opt,openstacks,34a10906fe5d14af16222b2dca333b3cac529267,Gamer,gamer,3,3.0000,1.0000
seq-opt,openstacks,34a10906fe5d14af16222b2dca333b3cac529267,IFork Init,iforkinit,3,3.0000,1.0000
seq-opt,openstacks,34a10906fe5d14af16222b2dca333b3cac529267,LM-cut,lmcut,3,3.0000,1.0000
seq-opt,openstacks,34a10906fe5d14af16222b2dca333b3cac529267,LMFork,lmfork,3,3.0000,1.0000
seq-opt,openstacks,34a10906fe5d14af16222b2dca333b3cac529267,Merge and Shrink,merge-and-shrink,3,3.0000,1.0000
seq-opt,openstacks,34a10906fe5d14af16222b2dca333b3cac529267,Selective Max,selmax,3,3.0000,1.0000
seq-opt,openstacks,48df6d798c75e9ec2c8314c78f14489f152b9545,BJOLP,bjolp,5,5.0000,1.0000
seq-opt,openstacks,48df6d798c75e9ec2c8314c78f14489f152b9545,FD-Autotune,fd-autotune,5,5.0000,1.0000
seq-opt,openstacks,48df6d798c75e9ec2c8314c78f14489f152b9545,FDSS-1,fdss-1_seq-opt,5,5.0000,1.0000
seq-opt,openstacks,48df6d798c75e9ec2c8314c78f14489f152b9545,FDSS-2,fdss-2_seq-opt,5,5.0000,1.0000
seq-opt,openstacks,48df6d798c75e9ec2c8314c78f14489f152b9545,Fork Init,forkinit,5,5.0000,1.0000
seq-opt,openstacks,48df6d798c75e9ec2c8314c78f14489f152b9545,Gamer,gamer,5,5.0000,1.0000
seq-opt,openstacks,48df6d798c75e9ec2c8314c78f14489f152b9545,IFork Init,iforkinit,5,5.0000,1.0000
seq-opt,openstacks,48df6d798c75e9ec2c8314c78f14489f152b9545,LM-cut,lmcut,5,5.0000,1.0000
seq-opt,openstacks,48df6d798c75e9ec2c8314c78f14489f152b9545,LMFork,lmfork,5,5.0000,1.0000
seq-opt,openstacks,48df6d798c75e9ec2c8314c78f14489f152b9545,Merge and Shrink,merge-and-shrink,5,5.0000,1.0000
seq-opt,openstacks,48df6d798c75e9ec2c8314c78f14489f152b9545,Selective Max,selmax,5,5.0000,1.0000
seq-opt,openstacks,563beabf6f26c6afb0fd3e417f1ac97ba198374c,BJOLP,bjolp,4,4.0000,1.0000
seq-opt,openstacks,563beabf6f26c6afb0fd3e417f1ac97ba198374c,FD-Autotune,fd-autotune,4,4.0000,1.0000
seq-opt,openstacks,563beabf6f26c6afb0fd3e417f1ac97ba198374c,FDSS-1,fdss-1_seq-opt,4,4.0000,1.0000
seq-opt,openstacks,563beabf6f26c6afb0fd3e417f1ac97ba198374c,FDSS-2,fdss-2_seq-opt,4,4.0000,1.0000
seq-opt,openstacks,563beabf6f26c6afb0fd3e417f1ac97ba198374c,Fork Init,forkinit,4,4.0000,1.0000
seq-opt,openstacks,563beabf6f26c6afb0fd3e417f1ac97ba198374c,Gamer,gamer,4,4.0000,1.0000
seq-opt,openstacks,563beabf6f26c6afb0fd3e417f1ac97ba198374c,IFork Init,iforkinit,4,4.0000,1.0000
seq-opt,openstacks,563beabf6f26c6afb0fd3e417f1ac97ba198374c,LM-cut,lmcut,4,4.0000,1.0000
seq-opt,openstacks,563beabf6f26c6afb0fd3e417f1ac97ba198374c,LMFork,lmfork,4,4.0000,1.0000
seq-opt,openstacks,563beabf6f26c6afb0fd3e417f1ac97ba198374c,Merge and Shrink,merge-and-shrink,4,4.0000,1.0000
seq-opt,openstacks,563beabf6f26c6afb0fd3e417f1ac97ba198374c,Selective Max,selmax,4,4.0000,1.0000
seq-opt,openstacks,5be61529fc126c74e9a2289197e505438cb0ed21,Gamer,gamer,4,4.0000,1.0000
seq-opt,openstacks,679f016a19d07bdfd7b162e2f1ee9b6327745887,BJOLP,bjolp,3,3.0000,1.0000
seq-opt,openstacks,679f016a19d07bdfd7b162e2f1ee9b6327745887,FD-Autotune,fd-autotune,3,3.0000,1.0000
seq-opt,openstacks,679f016a19d07bdfd7b162e2f1ee9b6327745887,FDSS-1,fdss-1_seq-opt,3,3.0000,1.0000
seq-opt,openstacks,679f016a19d07bdfd7b162e2f1ee9b6327745887,FDSS-2,fdss-2_seq-opt,3,3.0000,1.0000
seq-opt,openstacks,679f016a19d07bdfd7b162e2f1ee9b6327745887,Fork Init,forkinit,3,3.0000,1.0000
seq-opt,openstacks,679f016a19d07bdfd7b162e2f1ee9b6327745887,Gamer,gamer,3,3.0000,1.0000
seq-opt,openstacks,679f016a19d07bdfd7b162e2f1ee9b6327745887,IFork Init,iforkinit,3,3.0000,1.0000
seq-opt,openstacks,679f016a19d07bdfd7b162e2f1ee9b6327745887,LM-cut,lmcut,3,3.0000,1.0000
seq-opt,openstacks,679f016a19d07bdfd7b162e2f1ee9b6327745887,LMFork,lmfork,3,3.0000,1.0000
seq-opt,openstacks,679f016a19d07bdfd7b162e2f1ee9b6327745887,Merge and Shrink,merge-and-shrink,3,3.0000,1.0000
seq-opt,openstacks,679f016a19d07bdfd7b162e2f1ee9b6327745887,Selective Max,selmax,3,3.0000,1.0000
seq-opt,openstacks,7c69911fe5e94ba8d3dafedde5631f4cf2e49795,BJOLP,bjolp,4,4.0000,1.0000
seq-opt,openstacks,7c69911fe5e94ba8d3dafedde5631f4cf2e49795,FD-Autotune,fd-autotune,4,4.0000,1.0000
seq-opt,openstacks,7c69911fe5e94ba8d3dafedde5631f4cf2e49795,FDSS-1,fdss-1_seq-opt,4,4.0000,1.0000
seq-opt,openstacks,7c69911fe5e94ba8d3dafedde5631f4cf2e49795,FDSS-2,fdss-2_seq-opt,4,4.0000,1.0000
seq-opt,openstacks,7c69911fe5e94ba8d3dafedde5631f4cf2e49795,Fork Init,forkinit,4,4.0000,1.0000
seq-opt,openstacks,7c69911fe5e94ba8d3dafedde5631f4cf2e49795,Gamer,gamer,4,4.0000,1.0000
seq-opt,openstacks,7c69911fe5e94ba8d3dafedde5631f4cf2e49795,IFork Init,iforkinit,4,4.0000,1.0000
seq-opt,openstacks,7c69911fe5e94ba8d3dafedde5631f4cf2e49795,LM-cut,lmcut,4,4.0000,1.0000
seq-opt,openstacks,7c69911fe5e94ba8d3dafedde5631f4cf2e49795,Merge and Shrink,merge-and-shrink,4,4.0000,1.0000
seq-opt,openstacks,7c69911fe5e94ba8d3dafedde5631f4cf2e49795,Selective Max,selmax,4,4.0000,1.0000
seq-opt,openstacks,7dd1a8a29fc0c61c3074f09935e68913f629a052,BJOLP,bjolp,4,4.0000,1.0000
seq-opt,openstacks,7dd1a8a29fc0c61c3074f09935e68913f629a052,FD-Autotune,fd-autotune,4,4.0000,1.0000
seq-opt,openstacks,7dd1a8a29fc0c61c3074f09935e68913f629a052,FDSS-1,fdss-1_seq-opt,4,4.0000,1.0000
seq-opt,openstacks,7dd1a8a29fc0c61c3074f09935e68913f629a052,FDSS-2,fdss-2_seq-opt,4,4.0000,1.0000
seq-opt,openstacks,7dd1a8a29fc0c61c3074f09935e68913f629a052,Fork Init,forkinit,4,4.0000,1.0000
seq-opt,openstacks,7dd1a8a29fc0c61c3074f09935e68913f629a052,Gamer,gamer,4,4.0000,1.0000
seq-opt,openstacks,7dd1a8a29fc0c61c3074f09935e68913f629a052,IFork Init,iforkinit,4,4.0000,1.0000
seq-opt,openstacks,7dd1a8a29fc0c61c3074f09935e68913f629a052,LM-cut,lmcut,4,4.0000,1.0000
seq-opt,openstacks,7dd1a8a29fc0c61c3074f09935e68913f629a052,LMFork,lmfork,4,4.0000,1.0000
seq-opt,openstacks,7dd1a8a29fc0c61c3074f09935e68913f629a052,Merge and Shrink,merge-and-shrink,4,4.0000,1.0000
seq-opt,openstacks,7dd1a8a29fc0c61c3074f09935e68913f629a052,Selective Max,selmax,4,4.0000,1.0000
seq-opt,openstacks,7fc10f1d3b7148415b2f97c3d65400da163c9876,Gamer,gamer,4,4.0000,1.0000
seq-opt,openstacks,80dc8abc963a1e99c80d53f7bbb85283670f4c3e,Gamer,gamer,4,4.0000,1.0000
seq-opt,openstacks,ae575fb33bc5969160ba174878362241eae83873,BJOLP,bjolp,5,5.0000,1.0000
seq-opt,openstacks,ae575fb33bc5969160ba174878362241eae83873,FD-Autotune,fd-autotune,5,5.0000,1.0000
seq-opt,openstacks,ae575fb33bc5969160ba174878362241eae83873,FDSS-1,fdss-1_seq-opt,5,5.0000,1.0000
seq-opt,openstacks,ae575fb33bc5969160ba174878362241eae83873,FDSS-2,fdss-2_seq-opt,5,5.0000,1.0000
seq-opt,openstacks,ae575fb33bc5969160ba174878362241eae83873,Fork Init,forkinit,5,5.0000,1.0000
seq-opt,openstacks,ae575fb33bc5969160ba174878362241eae83873,Gamer,gamer,5,5.0000,1.0000
seq-opt,openstacks,ae575fb33bc5969160ba174878362241eae83873,IFork Init,iforkinit,5,5.0000,1.0000
seq-opt,openstacks,ae575fb33bc5969160ba174878362241eae83873,LM-cut,lmcut,5,5.0000,1.0000
seq-opt,openstacks,ae575fb33bc5969160ba174878362241eae83873,LMFork,lmfork,5,5.0000,1.0000
seq-opt,openstacks,ae575fb33bc5969160ba174878362241eae83873,Merge and Shrink,merge-and-shrink,5,5.0000,1.0000
seq-opt,openstacks,ae575fb33bc5969160ba174878362241eae83873,Selective Max,selmax,5,5.0000,1.0000
seq-opt,openstacks,afd24eebec470830884f6c73fc141176f8a269c9,BJOLP,bjolp,4,4.0000,1.0000
seq-opt,openstacks,afd24eebec470830884f6c73fc141176f8a269c9,FD-Autotune,fd-autotune,4,4.0000,1.0000
seq-opt,openstacks,afd24eebec470830884f6c73fc141176f8a269c9,FDSS-1,fdss-1_seq-opt,4,4.0000,1.0000
seq-opt,openstacks,afd24eebec470830884f6c73fc141176f8a269c9,FDSS-2,fdss-2_seq-opt,4,4.0000,1.0000
seq-opt,openstacks,afd24eebec470830884f6c73fc141176f8a269c9,Fork Init,forkinit,4,4.0000,1.0000
seq-opt,openstacks,afd24eebec470830884f6c73fc141176f8a269c9,Gamer,gamer,4,4.0000,1.0000
seq-opt,openstacks,afd24eebec470830884f6c73fc141176f8a269c9,IFork Init,iforkinit,4,4.0000,1.0000
seq-opt,openstacks,afd24eebec470830884f6c73fc141176f8a269c9,LM-cut,lmcut,4,4.0000,1.0000
seq-opt,openstacks,afd24eebec470830884f6c73fc141176f8a269c9,Merge and Shrink,merge-and-shrink,4,4.0000,1.0000
seq-opt,openstacks,afd24eebec470830884f6c73fc141176f8a269c9,Selective Max,selmax,4,4.0000,1.0000
seq-opt,openstacks,c1ad44da11679ddb94580be66332f15b3226a717,Gamer,gamer,5,5.0000,1.0000
seq-opt,openstacks,c295c67fa72468bbcf50a4f6fdfddd8f857a887d,BJOLP,bjolp,4,4.0000,1.0000
seq-opt,openstacks,c295c67fa72468bbcf50a4f6fdfddd8f857a887d,FD-Autotune,fd-autotune,4,4.0000,1.0000
seq-opt,openstacks,c295c67fa72468bbcf50a4f6fdfddd8f857a887d,FDSS-1,fdss-1_seq-opt,4,4.0000,1.0000
seq-opt,openstacks,c295c67fa72468bbcf50a4f6fdfddd8f857a887d,FDSS-2,fdss-2_seq-opt,4,4.0000,1.0000
seq-opt,openstacks,c295c67fa72468bbcf50a4f6fdfddd8f857a887d,Fork Init,forkinit,4,4.0000,1.0000
seq-opt,openstacks,c295c67fa72468bbcf50a4f6fdfddd8f857a887d,Gamer,gamer,4,4.0000,1.0000
seq-opt,openstacks,c295c67fa72468bbcf50a4f6fdfddd8f857a887d,IFork Init,iforkinit,4,4.0000,1.0000
seq-opt,openstacks,c295c67fa72468bbcf50a4f6fdfddd8f857a887d,LM-cut,lmcut,4,4.0000,1.0000
seq-opt,openstacks,c295c67fa72468bbcf50a4f6fdfddd8f857a887d,LMFork,lmfork,4,4.0000,1.0000
seq-opt,openstacks,c295c67fa72468bbcf50a4f6fdfddd8f857a887d,Merge and Shrink,merge-and-shrink,4,4.0000,1.0000
seq-opt,openstacks,c295c67fa72468bbcf50a4f6fdfddd8f857a887d,Selective Max,selmax,4,4.0000,1.0000
seq-opt,openstacks,c3ed3b3e529427cedb41e0658b2e38b7a6d10b56,BJOLP,bjolp,3,3.0000,1.0000
seq-opt,openstacks,c3ed3b3e529427cedb41e0658b2e38b7a6d10b56,FD-Autotune,fd-autotune,3,3.0000,1.0000
seq-opt,openstacks,c3ed3b3e529427cedb41e0658b2e38b7a6d10b56,FDSS-1,fdss-1_seq-opt,3,3.0000,1.0000
seq-opt,openstacks,c3ed3b3e529427cedb41e0658b2e38b7a6d10b56,FDSS-2,fdss-2_seq-opt,3,3.0000,1.0000
seq-opt,openstacks,c3ed3b3e529427cedb41e0658b2e38b7a6d10b56,Fork Init,forkinit,3,3.0000,1.0000
seq-opt,openstacks,c3ed3b3e529427cedb41e0658b2e38b7a6d10b56,Gamer,gamer,3,3.0000,1.0000
seq-opt,openstacks,c3ed3b3e529427cedb41e0658b2e38b7a6d10b56,IFork Init,iforkinit,3,3.0000,1.0000
seq-opt,openstacks,c3ed3b3e529427cedb41e0658b2e38b7a6d10b56,LM-cut,lmcut,3,3.0000,1.0000
seq-opt,openstacks,c3ed3b3e529427cedb41e0658b2e38b7a6d10b56,LMFork,lmfork,3,3.0000,1.0000
seq-opt,openstacks,c3ed3b3e529427cedb41e0658b2e38b7a6d10b56,Merge and Shrink,merge-and-shrink,3,3.0000,1.0000
seq-opt,openstacks,c3ed3b3e529427cedb41e0658b2e38b7a6d10b56,Selective Max,selmax,3,3.0000,1.0000
seq-opt,openstacks,d32ab140b251e1d443db53ed07ec3862df518d15,BJOLP,bjolp,4,4.0000,1.0000
seq-opt,openstacks,d32ab140b251e1d443db53ed07ec3862df518d15,FD-Autotune,fd-autotune,4,4.0000,1.0000
seq-opt,openstacks,d32ab140b251e1d443db53ed07ec3862df518d15,FDSS-1,fdss-1_seq-opt,4,4.0000,1.0000
seq-opt,openstacks,d32ab140b251e1d443db53ed07ec3862df518d15,FDSS-2,fdss-2_seq-opt,4,4.0000,1.0000
seq-opt,openstacks,d32ab140b251e1d443db53ed07ec3862df518d15,Fork Init,forkinit,4,4.0000,1.0000
seq-opt,openstacks,d32ab140b251e1d443db53ed07ec3862df518d15,Gamer,gamer,4,4.0000,1.0000
seq-opt,openstacks,d32ab140b251e1d443db53ed07ec3862df518d15,IFork Init,iforkinit,4,4.0000,1.0000
seq-opt,openstacks,d32ab140b251e1d443db53ed07ec3862df518d15,LM-cut,lmcut,4,4.0000,1.0000
seq-opt,openstacks,d32ab140b251e1d443db53ed07ec3862df518d15,LMFork,lmfork,4,4.0000,1.0000
seq-opt,openstacks,d32ab140b251e1d443db53ed07ec3862df518d15,Merge and Shrink,merge-and-shrink,4,4.0000,1.0000
seq-opt,openstacks,d32ab140b251e1d443db53ed07ec3862df518d15,Selective Max,selmax,4,4.0000,1.0000
seq-opt,openstacks,df02baba927eb47f882b7912cb8481637bb03432,FD-Autotune,fd-autotune,4,4.0000,1.0000
seq-opt,openstacks,df02baba927eb47f882b7912cb8481637bb03432,FDSS-1,fdss-1_seq-opt,4,4.0000,1.0000
seq-opt,openstacks,df02baba927eb47f882b7912cb8481637bb03432,FDSS-2,fdss-2_seq-opt,4,4.0000,1.0000
seq-opt,openstacks,df02baba927eb47f882b7912cb8481637bb03432,Fork Init,forkinit,4,4.0000,1.0000
seq-opt,openstacks,df02baba927eb47f882b7912cb8481637bb03432,Gamer,gamer,4,4.0000,1.0000
seq-opt,openstacks,df02baba927eb47f882b7912cb8481637bb03432,IFork Init,iforkinit,4,4.0000,1.0000
seq-opt,openstacks,df02baba927eb47f882b7912cb8481637bb03432,LM-cut,lmcut,4,4.0000,1.0000
seq-opt,openstacks,df02baba927eb47f882b7912cb8481637bb03432,Merge and Shrink,merge-and-shrink,4,4.0000,1.0000
seq-opt,openstacks,ec336a553afa4b403acf7ce1f6ad6b06a64ce174,BJOLP,bjolp,2,2.0000,1.0000
seq-opt,openstacks,ec336a553afa4b403acf7ce1f6ad6b06a64ce174,FD-Autotune,fd-autotune,2,2.0000,1.0000
seq-opt,openstacks,ec336a553afa4b403acf7ce1f6ad6b06a64ce174,FDSS-1,fdss-1_seq-opt,2,2.0000,1.0000
seq-opt,openstacks,ec336a553afa4b403acf7ce1f6ad6b06a64ce174,FDSS-2,fdss-2_seq-opt,2,2.0000,1.0000
seq-opt,openstacks,ec336a553afa4b403acf7ce1f6ad6b06a64ce174,Fork Init,forkinit,2,2.0000,1.0000
seq-opt,openstacks,ec336a553afa4b403acf7ce1f6ad6b06a64ce174,Gamer,gamer,2,2.0000,1.0000
seq-opt,openstacks,ec336a553afa4b403acf7ce1f6ad6b06a64ce174,IFork Init,iforkinit,2,2.0000,1.0000
seq-opt,openstacks,ec336a553afa4b403acf7ce1f6ad6b06a64ce174,LM-cut,lmcut,2,2.0000,1.0000
seq-opt,openstacks,ec336a553afa4b403acf7ce1f6ad6b06a64ce174,LMFork,lmfork,2,2.0000,1.0000
seq-opt,openstacks,ec336a553afa4b403acf7ce1f6ad6b06a64ce174,Merge and Shrink,merge-and-shrink,2,2.0000,1.0000
seq-opt,openstacks,ec336a553afa4b403acf7ce1f6ad6b06a64ce174,Selective Max,selmax,2,2.0000,1.0000
seq-opt,openstacks,fdd9f8467e2e89e3daeab3728c9560fb1caedc10,FD-Autotune,fd-autotune,3,3.0000,1.0000
seq-opt,openstacks,fdd9f8467e2e89e3daeab3728c9560fb1caedc10,FDSS-1,fdss-1_seq-opt,3,3.0000,1.0000
seq-opt,openstacks,fdd9f8467e2e89e3daeab3728c9560fb1caedc10,FDSS-2,fdss-2_seq-opt,3,3.0000,1.0000
seq-opt,openstacks,fdd9f8467e2e89e3daeab3728c9560fb1caedc10,Fork Init,forkinit,3,3.0000,1.0000
seq-opt,openstacks,fdd9f8467e2e89e3daeab3728c9560fb1caedc10,Gamer,gamer,3,3.0000,1.0000
seq-opt,openstacks,fdd9f8467e2e89e3daeab3728c9560fb1caedc10,IFork Init,iforkinit,3,3.0000,1.0000
seq-opt,openstacks,fdd9f8467e2e89e3daeab3728c9560fb1caedc10,LM-cut,lmcut,3,3.0000,1.0000
seq-opt,openstacks,fdd9f8467e2e89e3daeab3728c9560fb1caedc10,Merge and Shrink,merge-and-shrink,3,3.0000,1.0000
seq-opt,parcprinter,0d3a4dfd88957eda7118309bd2690aa150f7285e,CPT4,cpt4_seq-opt,2490322,2490322.0000,1.0000
seq-opt,parcprinter,106d5b850e368f42ef47234bdbefaba3942d1d58,CPT4,cpt4_seq-opt,2121255,2121255.0000,1.0000
seq-opt,parcprinter,235eda329edeb40381e8493a661ea244fe0d2af4,BJOLP,bjolp,876094,876094.0000,1.0000
seq-opt,parcprinter,235eda329edeb40381e8493a661ea244fe0d2af4,CPT4,cpt4_seq-opt,876094,876094.0000,1.0000
seq-opt,parcprinter,235eda329edeb40381e8493a661ea244fe0d2af4,FD-Autotune,fd-autotune,876094,876094.0000,1.0000
seq-opt,parcprinter,235eda329edeb40381e8493a661ea244fe0d2af4,FDSS-1,fdss-1_seq-opt,876094,876094.0000,1.0000
seq-opt,parcprinter,235eda329edeb40381e8493a661ea244fe0d2af4,FDSS-2,fdss-2_seq-opt,876094,876094.0000,1.0000
seq-opt,parcprinter,235eda329edeb40381e8493a661ea244fe0d2af4,Fork Init,forkinit,876094,876094.0000,1.0000
seq-opt,parcprinter,235eda329edeb40381e8493a661ea244fe0d2af4,Gamer,gamer,876094,876094.0000,1.0000
seq-opt,parcprinter,235eda329edeb40381e8493a661ea244fe0d2af4,IFork Init,iforkinit,876094,876094.0000,1.0000
seq-opt,parcprinter,235eda329edeb40381e8493a661ea244fe0d2af4,LM-cut,lmcut,876094,876094.0000,1.0000
seq-opt,parcprinter,235eda329edeb40381e8493a661ea244fe0d2af4,LMFork,lmfork,876094,876094.0000,1.0000
seq-opt,parcprinter,235eda329edeb40381e8493a661ea244fe0d2af4,Merge and Shrink,merge-and-shrink,876094,876094.0000,1.0000
seq-opt,parcprinter,235eda329edeb40381e8493a661ea244fe0d2af4,Selective Max,selmax,876094,876094.0000,1.0000
seq-opt,parcprinter,2558bc174e7016e8dc2b7620a5e075e06bab825c,BJOLP,bjolp,1020512,1020512.0000,1.0000
seq-opt,parcprinter,2558bc174e7016e8dc2b7620a5e075e06bab825c,CPT4,cpt4_seq-opt,1020512,1020512.0000,1.0000
seq-opt,parcprinter,2558bc174e7016e8dc2b7620a5e075e06bab825c,FD-Autotune,fd-autotune,1020512,1020512.0000,1.0000
seq-opt,parcprinter,2558bc174e7016e8dc2b7620a5e075e06bab825c,FDSS-1,fdss-1_seq-opt,1020512,1020512.0000,1.0000
seq-opt,parcprinter,2558bc174e7016e8dc2b7620a5e075e06bab825c,FDSS-2,fdss-2_seq-opt,1020512,1020512.0000,1.0000
seq-opt,parcprinter,2558bc174e7016e8dc2b7620a5e075e06bab825c,Fork Init,forkinit,1020512,1020512.0000,1.0000
seq-opt,parcprinter,2558bc174e7016e8dc2b7620a5e075e06bab825c,IFork Init,iforkinit,1020512,1020512.0000,1.0000
seq-opt,parcprinter,2558bc174e7016e8dc2b7620a5e075e06bab825c,LM-cut,lmcut,1020512,1020512.0000,1.0000
seq-opt,parcprinter,2558bc174e7016e8dc2b7620a5e075e06bab825c,LMFork,lmfork,1020512,1020512.0000,1.0000
seq-opt,parcprinter,2558bc174e7016e8dc2b7620a5e075e06bab825c,Merge and Shrink,merge-and-shrink,1020512,1020512.0000,1.0000
seq-opt,parcprinter,2558bc174e7016e8dc2b7620a5e075e06bab825c,Selective Max,selmax,1020512,1020512.0000,1.0000
seq-opt,parcprinter,278e6db3db799ca2d39c17caec2ecdd94f75c3c4,CPT4,cpt4_seq-opt,1383121,1383121.0000,1.0000
seq-opt,parcprinter,278e6db3db799ca2d39c17caec2ecdd94f75c3c4,FDSS-1,fdss-1_seq-opt,1383121,1383121.0000,1.0000
seq-opt,parcprinter,278e6db3db799ca2d39c17caec2ecdd94f75c3c4,Merge and Shrink,merge-and-shrink,1383121,1383121.0000,1.0000
seq-opt,parcprinter,39afd553781422f106e46b9ba9d87e34b740547a,BJOLP,bjolp,1215839,1215839.0000,1.0000
seq-opt,parcprinter,39afd553781422f106e46b9ba9d87e34b740547a,CPT4,cpt4_seq-opt,1215839,1215839.0000,1.0000
seq-opt,parcprinter,39afd553781422f106e46b9ba9d87e34b740547a,FD-Autotune,fd-autotune,1215839,1215839.0000,1.0000
seq-opt,parcprinter,39afd553781422f106e46b9ba9d87e34b740547a,FDSS-1,fdss-1_seq-opt,1215839,1215839.0000,1.0000
seq-opt,parcprinter,39afd553781422f106e46b9ba9d87e34b740547a,FDSS-2,fdss-2_seq-opt,1215839,1215839.0000,1.0000
seq-opt,parcprinter,39afd553781422f106e46b9ba9d87e34b740547a,Fork Init,forkinit,1215839,1215839.0000,1.0000
seq-opt,parcprinter,39afd553781422f106e46b9ba9d87e34b740547a,LM-cut,lmcut,1215839,1215839.0000,1.0000
seq-opt,parcprinter,39afd553781422f106e46b9ba9d87e34b740547a,Merge and Shrink,merge-and-shrink,1215839,1215839.0000,1.0000
seq-opt,parcprinter,39afd553781422f106e46b9ba9d87e34b740547a,Selective Max,selmax,1215839,1215839.0000,1.0000
seq-opt,parcprinter,6e41b37b087bf58d87d5eef8cb10d6420376b381,CPT4,cpt4_seq-opt,1852217,1852217.0000,1.0000
seq-opt,parcprinter,71cc9dd164be040da6725c52cd7b8f66edb6afd7,BJOLP,bjolp,693064,693064.0000,1.0000
seq-opt,parcprinter,71cc9dd164be040da6725c52cd7b8f66edb6afd7,CPT4,cpt4_seq-opt,693064,693064.0000,1.0000
seq-opt,parcprinter,71cc9dd164be040da6725c52cd7b8f66edb6afd7,FD-Autotune,fd-autotune,693064,693064.0000,1.0000
seq-opt,parcprinter,71cc9dd164be040da6725c52cd7b8f66edb6afd7,FDSS-1,fdss-1_seq-opt,693064,693064.0000,1.0000
seq-opt,parcprinter,71cc9dd164be040da6725c52cd7b8f66edb6afd7,FDSS-2,fdss-2_seq-opt,693064,693064.0000,1.0000
seq-opt,parcprinter,71cc9dd164be040da6725c52cd7b8f66edb6afd7,Fork Init,forkinit,693064,693064.0000,1.0000
seq-opt,parcprinter,71cc9dd164be040da6725c52cd7b8f66edb6afd7,Gamer,gamer,693064,693064.0000,1.0000
seq-opt,parcprinter,71cc9dd164be040da6725c52cd7b8f66edb6afd7,IFork Init,iforkinit,693064,693064.0000,1.0000
seq-opt,parcprinter,71cc9dd164be040da6725c52cd7b8f66edb6afd7,LM-cut,lmcut,693064,693064.0000,1.0000
seq-opt,parcprinter,71cc9dd164be040da6725c52cd7b8f66edb6afd7,LMFork,lmfork,693064,693064.0000,1.0000
seq-opt,parcprinter,71cc9dd164be040da6725c52cd7b8f66edb6afd7,Merge and Shrink,merge-and-shrink,693064,693064.0000,1.0000
seq-opt,parcprinter,71cc9dd164be040da6725c52cd7b8f66edb6afd7,Selective Max,selmax,693064,693064.0000,1.0000
seq-opt,parcprinter,80a7373369d7f1bf9070e7efcb8ca4a4b4b88c42,BJOLP,bjolp,751642,751642.0000,1.0000
seq-opt,parcprinter,80a7373369d7f1bf9070e7efcb8ca4a4b4b88c42,CPT4,cpt4_seq-opt,751642,751642.0000,1.0000
seq-opt,parcprinter,80a7373369d7f1bf9070e7efcb8ca4a4b4b88c42,FD-Autotune,fd-autotune,751642,751642.0000,1.0000
seq-opt,parcprinter,80a7373369d7f1bf9070e7efcb8ca4a4b4b88c42,FDSS-1,fdss-1_seq-opt,751642,751642.0000,1.0000
seq-opt,parcprinter,80a7373369d7f1bf9070e7efcb8ca4a4b4b88c42,FDSS-2,fdss-2_seq-opt,751642,751642.0000,1.0000
seq-opt,parcprinter,80a7373369d7f1bf9070e7efcb8ca4a4b4b88c42,Fork Init,forkinit,751642,751642.0000,1.0000
seq-opt,parcprinter,80a7373369d7f1bf9070e7efcb8ca4a4b4b88c42,Gamer,gamer,751642,751642.0000,1.0000
seq-opt,parcprinter,80a7373369d7f1bf9070e7efcb8ca4a4b4b88c42,IFork Init,iforkinit,751642,751642.0000,1.0000
seq-opt,parcprinter,80a7373369d7f1bf9070e7efcb8ca4a4b4b88c42,LM-cut,lmcut,751642,751642.0000,1.0000
seq-opt,parcprinter,80a7373369d7f1bf9070e7efcb8ca4a4b4b88c42,LMFork,lmfork,751642,751642.0000,1.0000
seq-opt,parcprinter,80a7373369d7f1bf9070e7efcb8ca4a4b4b88c42,Merge and Shrink,merge-and-shrink,751642,751642.0000,1.0000
seq-opt,parcprinter,80a7373369d7f1bf9070e7efcb8ca4a4b4b88c42,Selective Max,selmax,751642,751642.0000,1.0000
seq-opt,parcprinter,a605629563c909c537585e6ea6dc14a30d913a65,BJOLP,bjolp,1145132,1145132.0000,1.0000
seq-opt,parcprinter,a605629563c909c537585e6ea6dc14a30d913a65,CPT4,cpt4_seq-opt,1145132,1145132.0000,1.0000
seq-opt,parcprinter,a605629563c909c537585e6ea6dc14a30d913a65,FD-Autotune,fd-autotune,1145132,1145132.0000,1.0000
seq-opt,parcprinter,a605629563c909c537585e6ea6dc14a30d913a65,FDSS-1,fdss-1_seq-opt,1145132,1145132.0000,1.0000
seq-opt,parcprinter,a605629563c909c537585e6ea6dc14a30d913a65,FDSS-2,fdss-2_seq-opt,1145132,1145132.0000,1.0000
seq-opt,parcprinter,a605629563c909c537585e6ea6dc14a30d913a65,Fork Init,forkinit,1145132,1145132.0000,1.0000
seq-opt,parcprinter,a605629563c909c537585e6ea6dc14a30d913a65,IFork Init,iforkinit,1145132,1145132.0000,1.0000
seq-opt,parcprinter,a605629563c909c537585e6ea6dc14a30d913a65,LM-cut,lmcut,1145132,1145132.0000,1.0000
seq-opt,parcprinter,a605629563c909c537585e6ea6dc14a30d913a65,LMFork,lmfork,1145132,1145132.0000,1.0000
seq-opt,parcprinter,a605629563c909c537585e6ea6dc14a30d913a65,Merge and Shrink,merge-and-shrink,1145132,1145132.0000,1.0000
seq-opt,parcprinter,a605629563c909c537585e6ea6dc14a30d913a65,Selective Max,selmax,1145132,1145132.0000,1.0000
seq-opt,parcprinter,ac755e84bc70a2c5698662887f58f300520049e2,BJOLP,bjolp,510256,510256.0000,1.0000
seq-opt,parcprinter,ac755e84bc70a2c5698662887f58f300520049e2,CPT4,cpt4_seq-opt,510256,510256.0000,1.0000
seq-opt,parcprinter,ac755e84bc70a2c5698662887f58f300520049e2,FD-Autotune,fd-autotune,510256,510256.0000,1.0000
seq-opt,parcprinter,ac755e84bc70a2c5698662887f58f300520049e2,FDSS-1,fdss-1_seq-opt,510256,510256.0000,1.0000
seq-opt,parcprinter,ac755e84bc70a2c5698662887f58f300520049e2,FDSS-2,fdss-2_seq-opt,510256,510256.0000,1.0000
seq-opt,parcprinter,ac755e84bc70a2c5698662887f58f300520049e2,Fork Init,forkinit,510256,510256.0000,1.0000
seq-opt,parcprinter,ac755e84bc70a2c5698662887f58f300520049e2,Gamer,gamer,510256,510256.0000,1.0000
seq-opt,parcprinter,ac755e84bc70a2c5698662887f58f300520049e2,IFork Init,iforkinit,510256,510256.0000,1.0000
seq-opt,parcprinter,ac755e84bc70a2c5698662887f58f300520049e2,LM-cut,lmcut,510256,510256.0000,1.0000
seq-opt,parcprinter,ac755e84bc70a2c5698662887f58f300520049e2,LMFork,lmfork,510256,510256.0000,1.0000
seq-opt,parcprinter,ac755e84bc70a2c5698662887f58f300520049e2,Merge and Shrink,merge-and-shrink,510256,510256.0000,1.0000
seq-opt,parcprinter,ac755e84bc70a2c5698662887f58f300520049e2,Selective Max,selmax,510256,510256.0000,1.0000
seq-opt,parcprinter,b802fd2328e9db8cc9b28664df3d096c5ed0dbb7,BJOLP,bjolp,438047,438047.0000,1.0000
seq-opt,parcprinter,b802fd2328e9db8cc9b28664df3d096c5ed0dbb7,CPT4,cpt4_seq-opt,438047,438047.0000,1.0000
seq-opt,parcprinter,b802fd2328e9db8cc9b28664df3d096c5ed0dbb7,FD-Autotune,fd-autotune,438047,438047.0000,1.0000
seq-opt,parcprinter,b802fd2328e9db8cc9b28664df3d096c5ed0dbb7,FDSS-1,fdss-1_seq-opt,438047,438047.0000,1.0000
seq-opt,parcprinter,b802fd2328e9db8cc9b28664df3d096c5ed0dbb7,FDSS-2,fdss-2_seq-opt,438047,438047.0000,1.0000
seq-opt,parcprinter,b802fd2328e9db8cc9b28664df3d096c5ed0dbb7,Fork Init,forkinit,438047,438047.0000,1.0000
seq-opt,parcprinter,b802fd2328e9db8cc9b28664df3d096c5ed0dbb7,Gamer,gamer,438047,438047.0000,1.0000
seq-opt,parcprinter,b802fd2328e9db8cc9b28664df3d096c5ed0dbb7,IFork Init,iforkinit,438047,438047.0000,1.0000
seq-opt,parcprinter,b802fd2328e9db8cc9b28664df3d096c5ed0dbb7,LM-cut,lmcut,438047,438047.0000,1.0000
seq-opt,parcprinter,b802fd2328e9db8cc9b28664df3d096c5ed0dbb7,LMFork,lmfork,438047,438047.0000,1.0000
seq-opt,parcprinter,b802fd2328e9db8cc9b28664df3d096c5ed0dbb7,Merge and Shrink,merge-and-shrink,438047,438047.0000,1.0000
seq-opt,parcprinter,b802fd2328e9db8cc9b28664df3d096c5ed0dbb7,Selective Max,selmax,438047,438047.0000,1.0000
seq-opt,parcprinter,bebbba119e1723d76d6501f2c600d3d719f3f102,BJOLP,bjolp,519232,519232.0000,1.0000
seq-opt,parcprinter,bebbba119e1723d76d6501f2c600d3d719f3f102,CPT4,cpt4_seq-opt,519232,519232.0000,1.0000
seq-opt,parcprinter,bebbba119e1723d76d6501f2c600d3d719f3f102,FD-Autotune,fd-autotune,519232,519232.0000,1.0000
seq-opt,parcprinter,bebbba119e1723d76d6501f2c600d3d719f3f102,FDSS-1,fdss-1_seq-opt,519232,519232.0000,1.0000
seq-opt,parcprinter,bebbba119e1723d76d6501f2c600d3d719f3f102,FDSS-2,fdss-2_seq-opt,519232,519232.0000,1.0000
seq-opt,parcprinter,bebbba119e1723d76d6501f2c600d3d719f3f102,Fork Init,forkinit,519232,519232.0000,1.0000
seq-opt,parcprinter,bebbba119e1723d76d6501f2c600d3d719f3f102,Gamer,gamer,519232,519232.0000,1.0000
seq-opt,parcprinter,bebbba119e1723d76d6501f2c600d3d719f3f102,IFork Init,iforkinit,519232,519232.0000,1.0000
seq-opt,parcprinter,bebbba119e1723d76d6501f2c600d3d719f3f102,LM-cut,lmcut,519232,519232.0000,1.0000
seq-opt,parcprinter,bebbba119e1723d76d6501f2c600d3d719f3f102,LMFork,lmfork,519232,519232.0000,1.0000
seq-opt,parcprinter,bebbba119e1723d76d6501f2c600d3d719f3f102,Merge and Shrink,merge-and-shrink,519232,519232.0000,1.0000
seq-opt,parcprinter,bebbba119e1723d76d6501f2c600d3d719f3f102,Selective Max,selmax,519232,519232.0000,1.0000
seq-opt,parcprinter,d51dc09dae5ed00ef1b00bacd7b617f53a74b9b2,BJOLP,bjolp,1514199,1514199.0000,1.0000
seq-opt,parcprinter,d51dc09dae5ed00ef1b00bacd7b617f53a74b9b2,CPT4,cpt4_seq-opt,1514199,1514199.0000,1.0000
seq-opt,parcprinter,d51dc09dae5ed00ef1b00bacd7b617f53a74b9b2,FD-Autotune,fd-autotune,1514199,1514199.0000,1.0000
seq-opt,parcprinter,d51dc09dae5ed00ef1b00bacd7b617f53a74b9b2,FDSS-1,fdss-1_seq-opt,1514199,1514199.0000,1.0000
seq-opt,parcprinter,d51dc09dae5ed00ef1b00bacd7b617f53a74b9b2,FDSS-2,fdss-2_seq-opt,1514199,1514199.0000,1.0000
seq-opt,parcprinter,d51dc09dae5ed00ef1b00bacd7b617f53a74b9b2,Fork Init,forkinit,1514199,1514199.0000,1.0000
seq-opt,parcprinter,d51dc09dae5ed00ef1b00bacd7b617f53a74b9b2,IFork Init,iforkinit,1514199,1514199.0000,1.0000
seq-opt,parcprinter,d51dc09dae5ed00ef1b00bacd7b617f53a74b9b2,LM-cut,lmcut,1514199,1514199.0000,1.0000
seq-opt,parcprinter,d51dc09dae5ed00ef1b00bacd7b617f53a74b9b2,LMFork,lmfork,1514199,1514199.0000,1.0000
seq-opt,parcprinter,d51dc09dae5ed00ef1b00bacd7b617f53a74b9b2,Merge and Shrink,merge-and-shrink,1514199,1514199.0000,1.0000
seq-opt,parcprinter,d51dc09dae5ed00ef1b00bacd7b617f53a74b9b2,Selective Max,selmax,1514199,1514199.0000,1.0000
seq-opt,parcprinter,d5a8a07bec535918360880cb7eb7d29f1cf64043,CPT4,cpt4_seq-opt,1216462,1216462.0000,1.0000
seq-opt,parcprinter,d5a8a07bec535918360880cb7eb7d29f1cf64043,FD-Autotune,fd-autotune,1216462,1216462.0000,1.0000
seq-opt,parcprinter,d5a8a07bec535918360880cb7eb7d29f1cf64043,FDSS-1,fdss-1_seq-opt,1216462,1216462.0000,1.0000
seq-opt,parcprinter,d5a8a07bec535918360880cb7eb7d29f1cf64043,FDSS-2,fdss-2_seq-opt,1216462,1216462.0000,1.0000
seq-opt,parcprinter,d5a8a07bec535918360880cb7eb7d29f1cf64043,LM-cut,lmcut,1216462,1216462.0000,1.0000
seq-opt,parcprinter,d5a8a07bec535918360880cb7eb7d29f1cf64043,Merge and Shrink,merge-and-shrink,1216462,1216462.0000,1.0000
seq-opt,parcprinter,d5a8a07bec535918360880cb7eb7d29f1cf64043,Selective Max,selmax,1216462,1216462.0000,1.0000
seq-opt,parcprinter,fd8e8bfc16151d9a5df4f45d4047e0f43fed7fef,CPT4,cpt4_seq-opt,1270874,1270874.0000,1.0000
seq-opt,parcprinter,fd8e8bfc16151d9a5df4f45d4047e0f43fed7fef,FD-Autotune,fd-autotune,1270874,1270874.0000,1.0000
seq-opt,parcprinter,fd8e8bfc16151d9a5df4f45d4047e0f43fed7fef,FDSS-1,fdss-1_seq-opt,1270874,1270874.0000,1.0000
seq-opt,parcprinter,fd8e8bfc16151d9a5df4f45d4047e0f43fed7fef,FDSS-2,fdss-2_seq-opt,1270874,1270874.0000,1.0000
seq-opt,parcprinter,fd8e8bfc16151d9a5df4f45d4047e0f43fed7fef,LM-cut,lmcut,1270874,1270874.0000,1.0000
seq-opt,parcprinter,fd8e8bfc16151d9a5df4f45d4047e0f43fed7fef,Merge and Shrink,merge-and-shrink,1270874,1270874.0000,1.0000
seq-opt,parcprinter,fd8e8bfc16151d9a5df4f45d4047e0f43fed7fef,Selective Max,selmax,1270874,1270874.0000,1.0000
seq-opt,parcprinter,ff300fbf3f0c8ecafb94af0297e23aea914dd1a8,BJOLP,bjolp,375821,375821.0000,1.0000
seq-opt,parcprinter,ff300fbf3f0c8ecafb94af0297e23aea914dd1a8,CPT4,cpt4_seq-opt,375821,375821.0000,1.0000
seq-opt,parcprinter,ff300fbf3f0c8ecafb94af0297e23aea914dd1a8,FD-Autotune,fd-autotune,375821,375821.0000,1.0000
seq-opt,parcprinter,ff300fbf3f0c8ecafb94af0297e23aea914dd1a8,FDSS-1,fdss-1_seq-opt,375821,375821.0000,1.0000
seq-opt,parcprinter,ff300fbf3f0c8ecafb94af0297e23aea914dd1a8,FDSS-2,fdss-2_seq-opt,375821,375821.0000,1.0000
seq-opt,parcprinter,ff300fbf3f0c8ecafb94af0297e23aea914dd1a8,Fork Init,forkinit,375821,375821.0000,1.0000
seq-opt,parcprinter,ff300fbf3f0c8ecafb94af0297e23aea914dd1a8,Gamer,gamer,375821,375821.0000,1.0000
seq-opt,parcprinter,ff300fbf3f0c8ecafb94af0297e23aea914dd1a8,IFork Init,iforkinit,375821,375821.0000,1.0000
seq-opt,parcprinter,ff300fbf3f0c8ecafb94af0297e23aea914dd1a8,LM-cut,lmcut,375821,375821.0000,1.0000
seq-opt,parcprinter,ff300fbf3f0c8ecafb94af0297e23aea914dd1a8,LMFork,lmfork,375821,375821.0000,1.0000
seq-opt,parcprinter,ff300fbf3f0c8ecafb94af0297e23aea914dd1a8,Merge and Shrink,merge-and-shrink,375821,375821.0000,1.0000
seq-opt,parcprinter,ff300fbf3f0c8ecafb94af0297e23aea914dd1a8,Selective Max,selmax,375821,375821.0000,1.0000
seq-opt,parking,1823931bd915626c6a6bcf0f721b04c8639d94d5,FDSS-1,fdss-1_seq-opt,22,22.0000,1.0000
seq-opt,parking,1823931bd915626c6a6bcf0f721b04c8639d94d5,FDSS-2,fdss-2_seq-opt,22,22.0000,1.0000
seq-opt,parking,1823931bd915626c6a6bcf0f721b04c8639d94d5,Fork Init,forkinit,22,22.0000,1.0000
seq-opt,parking,1823931bd915626c6a6bcf0f721b04c8639d94d5,Merge and Shrink,merge-and-shrink,22,22.0000,1.0000
seq-opt,parking,2dfecd33355b68cbfcb8b00be6598ea681debff9,BJOLP,bjolp,14,14.0000,1.0000
seq-opt,parking,2dfecd33355b68cbfcb8b00be6598ea681debff9,FD-Autotune,fd-autotune,14,14.0000,1.0000
seq-opt,parking,2dfecd33355b68cbfcb8b00be6598ea681debff9,FDSS-1,fdss-1_seq-opt,14,14.0000,1.0000
seq-opt,parking,2dfecd33355b68cbfcb8b00be6598ea681debff9,FDSS-2,fdss-2_seq-opt,14,14.0000,1.0000
seq-opt,parking,2dfecd33355b68cbfcb8b00be6598ea681debff9,Fork Init,forkinit,14,14.0000,1.0000
seq-opt,parking,2dfecd33355b68cbfcb8b00be6598ea681debff9,IFork Init,iforkinit,14,14.0000,1.0000
seq-opt,parking,2dfecd33355b68cbfcb8b00be6598ea681debff9,LM-cut,lmcut,14,14.0000,1.0000
seq-opt,parking,2dfecd33355b68cbfcb8b00be6598ea681debff9,LMFork,lmfork,14,14.0000,1.0000
seq-opt,parking,2dfecd33355b68cbfcb8b00be6598ea681debff9,Merge and Shrink,merge-and-shrink,14,14.0000,1.0000
seq-opt,parking,2dfecd33355b68cbfcb8b00be6598ea681debff9,Selective Max,selmax,14,14.0000,1.0000
seq-opt,parking,5841ca09204c2d1da286c075a09e40b5b466cea2,BJOLP,bjolp,19,19.0000,1.0000
seq-opt,parking,5841ca09204c2d1da286c075a09e40b5b466cea2,FDSS-1,fdss-1_seq-opt,19,19.0000,1.0000
seq-opt,parking,5841ca09204c2d1da286c075a09e40b5b466cea2,FDSS-2,fdss-2_seq-opt,19,19.0000,1.0000
seq-opt,parking,5841ca09204c2d1da286c075a09e40b5b466cea2,Fork Init,forkinit,19,19.0000,1.0000
seq-opt,parking,5841ca09204c2d1da286c075a09e40b5b466cea2,IFork Init,iforkinit,19,19.0000,1.0000
seq-opt,parking,5841ca09204c2d1da286c075a09e40b5b466cea2,LMFork,lmfork,19,19.0000,1.0000
seq-opt,parking,5841ca09204c2d1da286c075a09e40b5b466cea2,Merge and Shrink,merge-and-shrink,19,19.0000,1.0000
seq-opt,parking,5841ca09204c2d1da286c075a09e40b5b466cea2,Selective Max,selmax,19,19.0000,1.0000
seq-opt,parking,739698f56a495f8ff74b8baf69667608da8c4e56,FDSS-1,fdss-1_seq-opt,20,20.0000,1.0000
seq-opt,parking,739698f56a495f8ff74b8baf69667608da8c4e56,FDSS-2,fdss-2_seq-opt,20,20.0000,1.0000
seq-opt,parking,739698f56a495f8ff74b8baf69667608da8c4e56,Fork Init,forkinit,20,20.0000,1.0000
seq-opt,parking,739698f56a495f8ff74b8baf69667608da8c4e56,LMFork,lmfork,20,20.0000,1.0000
seq-opt,parking,739698f56a495f8ff74b8baf69667608da8c4e56,Merge and Shrink,merge-and-shrink,20,20.0000,1.0000
seq-opt,parking,739698f56a495f8ff74b8baf69667608da8c4e56,Selective Max,selmax,20,20.0000,1.0000
seq-opt,parking,7ab3509e924dd981a136b2cb458acfd711ccdab6,FDSS-1,fdss-1_seq-opt,20,20.0000,1.0000
seq-opt,parking,7ab3509e924dd981a136b2cb458acfd711ccdab6,FDSS-2,fdss-2_seq-opt,20,20.0000,1.0000
seq-opt,parking,7ab3509e924dd981a136b2cb458acfd711ccdab6,Fork Init,forkinit,20,20.0000,1.0000
seq-opt,parking,7ab3509e924dd981a136b2cb458acfd711ccdab6,IFork Init,iforkinit,20,20.0000,1.0000
seq-opt,parking,7ab3509e924dd981a136b2cb458acfd711ccdab6,LMFork,lmfork,20,20.0000,1.0000
seq-opt,parking,7ab3509e924dd981a136b2cb458acfd711ccdab6,Merge and Shrink,merge-and-shrink,20,20.0000,1.0000
seq-opt,parking,96b8f3379c0e1ef4e0c14473bbf7113e4cb4c7c3,FDSS-1,fdss-1_seq-opt,23,23.0000,1.0000
seq-opt,parking,96b8f3379c0e1ef4e0c14473bbf7113e4cb4c7c3,FDSS-2,fdss-2_seq-opt,23,23.0000,1.0000
seq-opt,parking,96b8f3379c0e1ef4e0c14473bbf7113e4cb4c7c3,Fork Init,forkinit,23,23.0000,1.0000
seq-opt,parking,96b8f3379c0e1ef4e0c14473bbf7113e4cb4c7c3,Merge and Shrink,merge-and-shrink,23,23.0000,1.0000
seq-opt,parking,c30567b08e47a56dfa77dee05159f786ba4ba426,BJOLP,bjolp,20,20.0000,1.0000
seq-opt,parking,c30567b08e47a56dfa77dee05159f786ba4ba426,FD-Autotune,fd-autotune,20,20.0000,1.0000
seq-opt,parking,c30567b08e47a56dfa77dee05159f786ba4ba426,FDSS-1,fdss-1_seq-opt,20,20.0000,1.0000
seq-opt,parking,c30567b08e47a56dfa77dee05159f786ba4ba426,FDSS-2,fdss-2_seq-opt,20,20.0000,1.0000
seq-opt,parking,c30567b08e47a56dfa77dee05159f786ba4ba426,Fork Init,forkinit,20,20.0000,1.0000
seq-opt,parking,c30567b08e47a56dfa77dee05159f786ba4ba426,IFork Init,iforkinit,20,20.0000,1.0000
seq-opt,parking,c30567b08e47a56dfa77dee05159f786ba4ba426,LM-cut,lmcut,20,20.0000,1.0000
seq-opt,parking,c30567b08e47a56dfa77dee05159f786ba4ba426,LMFork,lmfork,20,20.0000,1.0000
seq-opt,parking,c30567b08e47a56dfa77dee05159f786ba4ba426,Merge and Shrink,merge-and-shrink,20,20.0000,1.0000
seq-opt,parking,c30567b08e47a56dfa77dee05159f786ba4ba426,Selective Max,selmax,20,20.0000,1.0000
seq-opt,pegsol,17f91467a9f61c0f3de3c583c35bfbbc4d991097,BJOLP,bjolp,10,10.0000,1.0000
seq-opt,pegsol,17f91467a9f61c0f3de3c583c35bfbbc4d991097,FD-Autotune,fd-autotune,10,10.0000,1.0000
seq-opt,pegsol,17f91467a9f61c0f3de3c583c35bfbbc4d991097,FDSS-1,fdss-1_seq-opt,10,10.0000,1.0000
seq-opt,pegsol,17f91467a9f61c0f3de3c583c35bfbbc4d991097,FDSS-2,fdss-2_seq-opt,10,10.0000,1.0000
seq-opt,pegsol,17f91467a9f61c0f3de3c583c35bfbbc4d991097,Fork Init,forkinit,10,10.0000,1.0000
seq-opt,pegsol,17f91467a9f61c0f3de3c583c35bfbbc4d991097,Gamer,gamer,10,10.0000,1.0000
seq-opt,pegsol,17f91467a9f61c0f3de3c583c35bfbbc4d991097,IFork Init,iforkinit,10,10.0000,1.0000
seq-opt,pegsol,17f91467a9f61c0f3de3c583c35bfbbc4d991097,LM-cut,lmcut,10,10.0000,1.0000
seq-opt,pegsol,17f91467a9f61c0f3de3c583c35bfbbc4d991097,LMFork,lmfork,10,10.0000,1.0000
seq-opt,pegsol,17f91467a9f61c0f3de3c583c35bfbbc4d991097,Merge and Shrink,merge-and-shrink,10,10.0000,1.0000
seq-opt,pegsol,17f91467a9f61c0f3de3c583c35bfbbc4d991097,Selective Max,selmax,10,10.0000,1.0000
seq-opt,pegsol,3df6032fafc56f8c5ae5a995a304645c1b900d43,BJOLP,bjolp,7,7.0000,1.0000
seq-opt,pegsol,3df6032fafc56f8c5ae5a995a304645c1b900d43,FD-Autotune,fd-autotune,7,7.0000,1.0000
seq-opt,pegsol,3df6032fafc56f8c5ae5a995a304645c1b900d43,FDSS-1,fdss-1_seq-opt,7,7.0000,1.0000
seq-opt,pegsol,3df6032fafc56f8c5ae5a995a304645c1b900d43,FDSS-2,fdss-2_seq-opt,7,7.0000,1.0000
seq-opt,pegsol,3df6032fafc56f8c5ae5a995a304645c1b900d43,Fork Init,forkinit,7,7.0000,1.0000
seq-opt,pegsol,3df6032fafc56f8c5ae5a995a304645c1b900d43,Gamer,gamer,7,7.0000,1.0000
seq-opt,pegsol,3df6032fafc56f8c5ae5a995a304645c1b900d43,IFork Init,iforkinit,7,7.0000,1.0000
seq-opt,pegsol,3df6032fafc56f8c5ae5a995a304645c1b900d43,LM-cut,lmcut,7,7.0000,1.0000
seq-opt,pegsol,3df6032fafc56f8c5ae5a995a304645c1b900d43,LMFork,lmfork,7,7.0000,1.0000
seq-opt,pegsol,3df6032fafc56f8c5ae5a995a304645c1b900d43,Merge and Shrink,merge-and-shrink,7,7.0000,1.0000
seq-opt,pegsol,3df6032fafc56f8c5ae5a995a304645c1b900d43,Selective Max,selmax,7,7.0000,1.0000
seq-opt,pegsol,40f967bc95cb53d144dcaff0e0b405c0c8609aca,BJOLP,bjolp,9,9.0000,1.0000
seq-opt,pegsol,40f967bc95cb53d144dcaff0e0b405c0c8609aca,FD-Autotune,fd-autotune,9,9.0000,1.0000
seq-opt,pegsol,40f967bc95cb53d144dcaff0e0b405c0c8609aca,FDSS-1,fdss-1_seq-opt,9,9.0000,1.0000
seq-opt,pegsol,40f967bc95cb53d144dcaff0e0b405c0c8609aca,FDSS-2,fdss-2_seq-opt,9,9.0000,1.0000
seq-opt,pegsol,40f967bc95cb53d144dcaff0e0b405c0c8609aca,Fork Init,forkinit,9,9.0000,1.0000
seq-opt,pegsol,40f967bc95cb53d144dcaff0e0b405c0c8609aca,Gamer,gamer,9,9.0000,1.0000
seq-opt,pegsol,40f967bc95cb53d144dcaff0e0b405c0c8609aca,IFork Init,iforkinit,9,9.0000,1.0000
seq-opt,pegsol,40f967bc95cb53d144dcaff0e0b405c0c8609aca,LM-cut,lmcut,9,9.0000,1.0000
seq-opt,pegsol,40f967bc95cb53d144dcaff0e0b405c0c8609aca,LMFork,lmfork,9,9.0000,1.0000
seq-opt,pegsol,40f967bc95cb53d144dcaff0e0b405c0c8609aca,Merge and Shrink,merge-and-shrink,9,9.0000,1.0000
seq-opt,pegsol,40f967bc95cb53d144dcaff0e0b405c0c8609aca,Selective Max,selmax,9,9.0000,1.0000
seq-opt,pegsol,5c95a9d5293e7f0669e5fb63710d9aed907e4f44,BJOLP,bjolp,8,8.0000,1.0000
seq-opt,pegsol,5c95a9d5293e7f0669e5fb63710d9aed907e4f44,FD-Autotune,fd-autotune,8,8.0000,1.0000
seq-opt,pegsol,5c95a9d5293e7f0669e5fb63710d9aed907e4f44,FDSS-1,fdss-1_seq-opt,8,8.0000,1.0000
seq-opt,pegsol,5c95a9d5293e7f0669e5fb63710d9aed907e4f44,FDSS-2,fdss-2_seq-opt,8,8.0000,1.0000
seq-opt,pegsol,5c95a9d5293e7f0669e5fb63710d9aed907e4f44,Fork Init,forkinit,8,8.0000,1.0000
seq-opt,pegsol,5c95a9d5293e7f0669e5fb63710d9aed907e4f44,Gamer,gamer,8,8.0000,1.0000
seq-opt,pegsol,5c95a9d5293e7f0669e5fb63710d9aed907e4f44,IFork Init,iforkinit,8,8.0000,1.0000
seq-opt,pegsol,5c95a9d5293e7f0669e5fb63710d9aed907e4f44,LM-cut,lmcut,8,8.0000,1.0000
seq-opt,pegsol,5c95a9d5293e7f0669e5fb63710d9aed907e4f44,LMFork,lmfork,8,8.0000,1.0000
seq-opt,pegsol,5c95a9d5293e7f0669e5fb63710d9aed907e4f44,Merge and Shrink,merge-and-shrink,8,8.0000,1.0000
seq-opt,pegsol,5c95a9d5293e7f0669e5fb63710d9aed907e4f44,Selective Max,selmax,8,8.0000,1.0000
seq-opt,pegsol,611b2ba4121eccf031b34a46bf3dd1e58f801813,FDSS-1,fdss-1_seq-opt,12,12.0000,1.0000
seq-opt,pegsol,611b2ba4121eccf031b34a46bf3dd1e58f801813,FDSS-2,fdss-2_seq-opt,12,12.0000,1.0000
seq-opt,pegsol,611b2ba4121eccf031b34a46bf3dd1e58f801813,LM-cut,lmcut,12,12.0000,1.0000
seq-opt,pegsol,611b2ba4121eccf031b34a46bf3dd1e58f801813,Merge and Shrink,merge-and-shrink,12,12.0000,1.0000
seq-opt,pegsol,664584c768399f36f4cbd6e47e59f973d854a3d9,BJOLP,bjolp,6,6.0000,1.0000
seq-opt,pegsol,664584c768399f36f4cbd6e47e59f973d854a3d9,FD-Autotune,fd-autotune,6,6.0000,1.0000
seq-opt,pegsol,664584c768399f36f4cbd6e47e59f973d854a3d9,FDSS-1,fdss-1_seq-opt,6,6.0000,1.0000
seq-opt,pegsol,664584c768399f36f4cbd6e47e59f973d854a3d9,FDSS-2,fdss-2_seq-opt,6,6.0000,1.0000
seq-opt,pegsol,664584c768399f36f4cbd6e47e59f973d854a3d9,Fork Init,forkinit,6,6.0000,1.0000
seq-opt,pegsol,664584c768399f36f4cbd6e47e59f973d854a3d9,Gamer,gamer,6,6.0000,1.0000
seq-opt,pegsol,664584c768399f36f4cbd6e47e59f973d854a3d9,IFork Init,iforkinit,6,6.0000,1.0000
seq-opt,pegsol,664584c768399f36f4cbd6e47e59f973d854a3d9,LM-cut,lmcut,6,6.0000,1.0000
seq-opt,pegsol,664584c768399f36f4cbd6e47e59f973d854a3d9,LMFork,lmfork,6,6.0000,1.0000
seq-opt,pegsol,664584c768399f36f4cbd6e47e59f973d854a3d9,Merge and Shrink,merge-and-shrink,6,6.0000,1.0000
seq-opt,pegsol,664584c768399f36f4cbd6e47e59f973d854a3d9,Selective Max,selmax,6,6.0000,1.0000
seq-opt,pegsol,73f7e7b194d3261994ff12725dd983b24748cea4,BJOLP,bjolp,11,11.0000,1.0000
seq-opt,pegsol,73f7e7b194d3261994ff12725dd983b24748cea4,FD-Autotune,fd-autotune,11,11.0000,1.0000
seq-opt,pegsol,73f7e7b194d3261994ff12725dd983b24748cea4,FDSS-1,fdss-1_seq-opt,11,11.0000,1.0000
seq-opt,pegsol,73f7e7b194d3261994ff12725dd983b24748cea4,FDSS-2,fdss-2_seq-opt,11,11.0000,1.0000
seq-opt,pegsol,73f7e7b194d3261994ff12725dd983b24748cea4,Fork Init,forkinit,11,11.0000,1.0000
seq-opt,pegsol,73f7e7b194d3261994ff12725dd983b24748cea4,Gamer,gamer,11,11.0000,1.0000
seq-opt,pegsol,73f7e7b194d3261994ff12725dd983b24748cea4,IFork Init,iforkinit,11,11.0000,1.0000
seq-opt,pegsol,73f7e7b194d3261994ff12725dd983b24748cea4,LM-cut,lmcut,11,11.0000,1.0000
seq-opt,pegsol,73f7e7b194d3261994ff12725dd983b24748cea4,LMFork,lmfork,11,11.0000,1.0000
seq-opt,pegsol,73f7e7b194d3261994ff12725dd983b24748cea4,Merge and Shrink,merge-and-shrink,11,11.0000,1.0000
seq-opt,pegsol,73f7e7b194d3261994ff12725dd983b24748cea4,Selective Max,selmax,11,11.0000,1.0000
seq-opt,pegsol,8365838fba8fda9885fda372bfeeb8e879032aa2,BJOLP,bjolp,7,7.0000,1.0000
seq-opt,pegsol,8365838fba8fda9885fda372bfeeb8e879032aa2,FD-Autotune,fd-autotune,7,7.0000,1.0000
seq-opt,pegsol,8365838fba8fda9885fda372bfeeb8e879032aa2,FDSS-1,fdss-1_seq-opt,7,7.0000,1.0000
seq-opt,pegsol,8365838fba8fda9885fda372bfeeb8e879032aa2,FDSS-2,fdss-2_seq-opt,7,7.0000,1.0000
seq-opt,pegsol,8365838fba8fda9885fda372bfeeb8e879032aa2,Fork Init,forkinit,7,7.0000,1.0000
seq-opt,pegsol,8365838fba8fda9885fda372bfeeb8e879032aa2,Gamer,gamer,7,7.0000,1.0000
seq-opt,pegsol,8365838fba8fda9885fda372bfeeb8e879032aa2,IFork Init,iforkinit,7,7.0000,1.0000
seq-opt,pegsol,8365838fba8fda9885fda372bfeeb8e879032aa2,LM-cut,lmcut,7,7.0000,1.0000
seq-opt,pegsol,8365838fba8fda9885fda372bfeeb8e879032aa2,LMFork,lmfork,7,7.0000,1.0000
seq-opt,pegsol,8365838fba8fda9885fda372bfeeb8e879032aa2,Merge and Shrink,merge-and-shrink,7,7.0000,1.0000
seq-opt,pegsol,8365838fba8fda9885fda372bfeeb8e879032aa2,Selective Max,selmax,7,7.0000,1.0000
seq-opt,pegsol,ac60b6bd463edb539045ce5dc13e114addebeafa,BJOLP,bjolp,8,8.0000,1.0000
seq-opt,pegsol,ac60b6bd463edb539045ce5dc13e114addebeafa,FD-Autotune,fd-autotune,8,8.0000,1.0000
seq-opt,pegsol,ac60b6bd463edb539045ce5dc13e114addebeafa,FDSS-1,fdss-1_seq-opt,8,8.0000,1.0000
seq-opt,pegsol,ac60b6bd463edb539045ce5dc13e114addebeafa,FDSS-2,fdss-2_seq-opt,8,8.0000,1.0000
seq-opt,pegsol,ac60b6bd463edb539045ce5dc13e114addebeafa,Fork Init,forkinit,8,8.0000,1.0000
seq-opt,pegsol,ac60b6bd463edb539045ce5dc13e114addebeafa,Gamer,gamer,8,8.0000,1.0000
seq-opt,pegsol,ac60b6bd463edb539045ce5dc13e114addebeafa,IFork Init,iforkinit,8,8.0000,1.0000
seq-opt,pegsol,ac60b6bd463edb539045ce5dc13e114addebeafa,LM-cut,lmcut,8,8.0000,1.0000
seq-opt,pegsol,ac60b6bd463edb539045ce5dc13e114addebeafa,LMFork,lmfork,8,8.0000,1.0000
seq-opt,pegsol,ac60b6bd463edb539045ce5dc13e114addebeafa,Merge and Shrink,merge-and-shrink,8,8.0000,1.0000
seq-opt,pegsol,ac60b6bd463edb539045ce5dc13e114addebeafa,Selective Max,selmax,8,8.0000,1.0000
seq-opt,pegsol,ad21887bacd8674d916daf137533a01d29a1bf45,BJOLP,bjolp,7,7.0000,1.0000
seq-opt,pegsol,ad21887bacd8674d916daf137533a01d29a1bf45,FD-Autotune,fd-autotune,7,7.0000,1.0000
seq-opt,pegsol,ad21887bacd8674d916daf137533a01d29a1bf45,FDSS-1,fdss-1_seq-opt,7,7.0000,1.0000
seq-opt,pegsol,ad21887bacd8674d916daf137533a01d29a1bf45,FDSS-2,fdss-2_seq-opt,7,7.0000,1.0000
seq-opt,pegsol,ad21887bacd8674d916daf137533a01d29a1bf45,Fork Init,forkinit,7,7.0000,1.0000
seq-opt,pegsol,ad21887bacd8674d916daf137533a01d29a1bf45,Gamer,gamer,7,7.0000,1.0000
seq-opt,pegsol,ad21887bacd8674d916daf137533a01d29a1bf45,IFork Init,iforkinit,7,7.0000,1.0000
seq-opt,pegsol,ad21887bacd8674d916daf137533a01d29a1bf45,LM-cut,lmcut,7,7.0000,1.0000
seq-opt,pegsol,ad21887bacd8674d916daf137533a01d29a1bf45,LMFork,lmfork,7,7.0000,1.0000
seq-opt,pegsol,ad21887bacd8674d916daf137533a01d29a1bf45,Merge and Shrink,merge-and-shrink,7,7.0000,1.0000
seq-opt,pegsol,ad21887bacd8674d916daf137533a01d29a1bf45,Selective Max,selmax,7,7.0000,1.0000
seq-opt,pegsol,b24f7ce4fbd3911368b43e72c0b06008769f2f90,BJOLP,bjolp,8,8.0000,1.0000
seq-opt,pegsol,b24f7ce4fbd3911368b43e72c0b06008769f2f90,FD-Autotune,fd-autotune,8,8.0000,1.0000
seq-opt,pegsol,b24f7ce4fbd3911368b43e72c0b06008769f2f90,FDSS-1,fdss-1_seq-opt,8,8.0000,1.0000
seq-opt,pegsol,b24f7ce4fbd3911368b43e72c0b06008769f2f90,FDSS-2,fdss-2_seq-opt,8,8.0000,1.0000
seq-opt,pegsol,b24f7ce4fbd3911368b43e72c0b06008769f2f90,Fork Init,forkinit,8,8.0000,1.0000
seq-opt,pegsol,b24f7ce4fbd3911368b43e72c0b06008769f2f90,Gamer,gamer,8,8.0000,1.0000
seq-opt,pegsol,b24f7ce4fbd3911368b43e72c0b06008769f2f90,IFork Init,iforkinit,8,8.0000,1.0000
seq-opt,pegsol,b24f7ce4fbd3911368b43e72c0b06008769f2f90,LM-cut,lmcut,8,8.0000,1.0000
seq-opt,pegsol,b24f7ce4fbd3911368b43e72c0b06008769f2f90,LMFork,lmfork,8,8.0000,1.0000
seq-opt,pegsol,b24f7ce4fbd3911368b43e72c0b06008769f2f90,Merge and Shrink,merge-and-shrink,8,8.0000,1.0000
seq-opt,pegsol,b24f7ce4fbd3911368b43e72c0b06008769f2f90,Selective Max,selmax,8,8.0000,1.0000
seq-opt,pegsol,bc35a4dc7fa1589357eee9855203d7b42ef1c9f0,BJOLP,bjolp,12,12.0000,1.0000
seq-opt,pegsol,bc35a4dc7fa1589357eee9855203d7b42ef1c9f0,CPT4,cpt4_seq-opt,12,12.0000,1.0000
seq-opt,pegsol,bc35a4dc7fa1589357eee9855203d7b42ef1c9f0,FD-Autotune,fd-autotune,12,12.0000,1.0000
seq-opt,pegsol,bc35a4dc7fa1589357eee9855203d7b42ef1c9f0,FDSS-1,fdss-1_seq-opt,12,12.0000,1.0000
seq-opt,pegsol,bc35a4dc7fa1589357eee9855203d7b42ef1c9f0,FDSS-2,fdss-2_seq-opt,12,12.0000,1.0000
seq-opt,pegsol,bc35a4dc7fa1589357eee9855203d7b42ef1c9f0,Fork Init,forkinit,12,12.0000,1.0000
seq-opt,pegsol,bc35a4dc7fa1589357eee9855203d7b42ef1c9f0,Gamer,gamer,12,12.0000,1.0000
seq-opt,pegsol,bc35a4dc7fa1589357eee9855203d7b42ef1c9f0,IFork Init,iforkinit,12,12.0000,1.0000
seq-opt,pegsol,bc35a4dc7fa1589357eee9855203d7b42ef1c9f0,LM-cut,lmcut,12,12.0000,1.0000
seq-opt,pegsol,bc35a4dc7fa1589357eee9855203d7b42ef1c9f0,LMFork,lmfork,12,12.0000,1.0000
seq-opt,pegsol,bc35a4dc7fa1589357eee9855203d7b42ef1c9f0,Merge and Shrink,merge-and-shrink,12,12.0000,1.0000
seq-opt,pegsol,bc35a4dc7fa1589357eee9855203d7b42ef1c9f0,Selective Max,selmax,12,12.0000,1.0000
seq-opt,pegsol,bd56eb44636cbdc7b33f6fb04e98f30f9b763d56,BJOLP,bjolp,9,9.0000,1.0000
seq-opt,pegsol,bd56eb44636cbdc7b33f6fb04e98f30f9b763d56,FD-Autotune,fd-autotune,9,9.0000,1.0000
seq-opt,pegsol,bd56eb44636cbdc7b33f6fb04e98f30f9b763d56,FDSS-1,fdss-1_seq-opt,9,9.0000,1.0000
seq-opt,pegsol,bd56eb44636cbdc7b33f6fb04e98f30f9b763d56,FDSS-2,fdss-2_seq-opt,9,9.0000,1.0000
seq-opt,pegsol,bd56eb44636cbdc7b33f6fb04e98f30f9b763d56,Fork Init,forkinit,9,9.0000,1.0000
seq-opt,pegsol,bd56eb44636cbdc7b33f6fb04e98f30f9b763d56,Gamer,gamer,9,9.0000,1.0000
seq-opt,pegsol,bd56eb44636cbdc7b33f6fb04e98f30f9b763d56,IFork Init,iforkinit,9,9.0000,1.0000
seq-opt,pegsol,bd56eb44636cbdc7b33f6fb04e98f30f9b763d56,LM-cut,lmcut,9,9.0000,1.0000
seq-opt,pegsol,bd56eb44636cbdc7b33f6fb04e98f30f9b763d56,LMFork,lmfork,9,9.0000,1.0000
seq-opt,pegsol,bd56eb44636cbdc7b33f6fb04e98f30f9b763d56,Merge and Shrink,merge-and-shrink,9,9.0000,1.0000
seq-opt,pegsol,bd56eb44636cbdc7b33f6fb04e98f30f9b763d56,Selective Max,selmax,9,9.0000,1.0000
seq-opt,pegsol,c116b64d435793f8636c88574be5f4c875db7a42,BJOLP,bjolp,8,8.0000,1.0000
seq-opt,pegsol,c116b64d435793f8636c88574be5f4c875db7a42,FD-Autotune,fd-autotune,8,8.0000,1.0000
seq-opt,pegsol,c116b64d435793f8636c88574be5f4c875db7a42,FDSS-1,fdss-1_seq-opt,8,8.0000,1.0000
seq-opt,pegsol,c116b64d435793f8636c88574be5f4c875db7a42,FDSS-2,fdss-2_seq-opt,8,8.0000,1.0000
seq-opt,pegsol,c116b64d435793f8636c88574be5f4c875db7a42,Fork Init,forkinit,8,8.0000,1.0000
seq-opt,pegsol,c116b64d435793f8636c88574be5f4c875db7a42,Gamer,gamer,8,8.0000,1.0000
seq-opt,pegsol,c116b64d435793f8636c88574be5f4c875db7a42,IFork Init,iforkinit,8,8.0000,1.0000
seq-opt,pegsol,c116b64d435793f8636c88574be5f4c875db7a42,LM-cut,lmcut,8,8.0000,1.0000
seq-opt,pegsol,c116b64d435793f8636c88574be5f4c875db7a42,LMFork,lmfork,8,8.0000,1.0000
seq-opt,pegsol,c116b64d435793f8636c88574be5f4c875db7a42,Merge and Shrink,merge-and-shrink,8,8.0000,1.0000
seq-opt,pegsol,c116b64d435793f8636c88574be5f4c875db7a42,Selective Max,selmax,8,8.0000,1.0000
seq-opt,pegsol,ce41c2035fcfd10fd5ea21382d54b4bd69c2b3f1,BJOLP,bjolp,7,7.0000,1.0000
seq-opt,pegsol,ce41c2035fcfd10fd5ea21382d54b4bd69c2b3f1,FD-Autotune,fd-autotune,7,7.0000,1.0000
seq-opt,pegsol,ce41c2035fcfd10fd5ea21382d54b4bd69c2b3f1,FDSS-1,fdss-1_seq-opt,7,7.0000,1.0000
seq-opt,pegsol,ce41c2035fcfd10fd5ea21382d54b4bd69c2b3f1,FDSS-2,fdss-2_seq-opt,7,7.0000,1.0000
seq-opt,pegsol,ce41c2035fcfd10fd5ea21382d54b4bd69c2b3f1,Fork Init,forkinit,7,7.0000,1.0000
seq-opt,pegsol,ce41c2035fcfd10fd5ea21382d54b4bd69c2b3f1,Gamer,gamer,7,7.0000,1.0000
seq-opt,pegsol,ce41c2035fcfd10fd5ea21382d54b4bd69c2b3f1,IFork Init,iforkinit,7,7.0000,1.0000
seq-opt,pegsol,ce41c2035fcfd10fd5ea21382d54b4bd69c2b3f1,LM-cut,lmcut,7,7.0000,1.0000
seq-opt,pegsol,ce41c2035fcfd10fd5ea21382d54b4bd69c2b3f1,LMFork,lmfork,7,7.0000,1.0000
seq-opt,pegsol,ce41c2035fcfd10fd5ea21382d54b4bd69c2b3f1,Merge and Shrink,merge-and-shrink,7,7.0000,1.0000
seq-opt,pegsol,ce41c2035fcfd10fd5ea21382d54b4bd69c2b3f1,Selective Max,selmax,7,7.0000,1.0000
seq-opt,pegsol,db90b332fc09ca07f5a818b4556b28a609dcd968,BJOLP,bjolp,8,8.0000,1.0000
seq-opt,pegsol,db90b332fc09ca07f5a818b4556b28a609dcd968,FD-Autotune,fd-autotune,8,8.0000,1.0000
seq-opt,pegsol,db90b332fc09ca07f5a818b4556b28a609dcd968,FDSS-1,fdss-1_seq-opt,8,8.0000,1.0000
seq-opt,pegsol,db90b332fc09ca07f5a818b4556b28a609dcd968,FDSS-2,fdss-2_seq-opt,8,8.0000,1.0000
seq-opt,pegsol,db90b332fc09ca07f5a818b4556b28a609dcd968,Fork Init,forkinit,8,8.0000,1.0000
seq-opt,pegsol,db90b332fc09ca07f5a818b4556b28a609dcd968,Gamer,gamer,8,8.0000,1.0000
seq-opt,pegsol,db90b332fc09ca07f5a818b4556b28a609dcd968,IFork Init,iforkinit,8,8.0000,1.0000
seq-opt,pegsol,db90b332fc09ca07f5a818b4556b28a609dcd968,LM-cut,lmcut,8,8.0000,1.0000
seq-opt,pegsol,db90b332fc09ca07f5a818b4556b28a609dcd968,LMFork,lmfork,8,8.0000,1.0000
seq-opt,pegsol,db90b332fc09ca07f5a818b4556b28a609dcd968,Merge and Shrink,merge-and-shrink,8,8.0000,1.0000
seq-opt,pegsol,db90b332fc09ca07f5a818b4556b28a609dcd968,Selective Max,selmax,8,8.0000,1.0000
seq-opt,pegsol,e05a650f2a701e0f904c1c2e9ad332021a501e3c,BJOLP,bjolp,8,8.0000,1.0000
seq-opt,pegsol,e05a650f2a701e0f904c1c2e9ad332021a501e3c,FD-Autotune,fd-autotune,8,8.0000,1.0000
seq-opt,pegsol,e05a650f2a701e0f904c1c2e9ad332021a501e3c,FDSS-1,fdss-1_seq-opt,8,8.0000,1.0000
seq-opt,pegsol,e05a650f2a701e0f904c1c2e9ad332021a501e3c,FDSS-2,fdss-2_seq-opt,8,8.0000,1.0000
seq-opt,pegsol,e05a650f2a701e0f904c1c2e9ad332021a501e3c,Fork Init,forkinit,8,8.0000,1.0000
seq-opt,pegsol,e05a650f2a701e0f904c1c2e9ad332021a501e3c,Gamer,gamer,8,8.0000,1.0000
seq-opt,pegsol,e05a650f2a701e0f904c1c2e9ad332021a501e3c,IFork Init,iforkinit,8,8.0000,1.0000
seq-opt,pegsol,e05a650f2a701e0f904c1c2e9ad332021a501e3c,LM-cut,lmcut,8,8.0000,1.0000
seq-opt,pegsol,e05a650f2a701e0f904c1c2e9ad332021a501e3c,LMFork,lmfork,8,8.0000,1.0000
seq-opt,pegsol,e05a650f2a701e0f904c1c2e9ad332021a501e3c,Merge and Shrink,merge-and-shrink,8,8.0000,1.0000
seq-opt,pegsol,e05a650f2a701e0f904c1c2e9ad332021a501e3c,Selective Max,selmax,8,8.0000,1.0000
seq-opt,pegsol,eb0c1aee4ce8db46cf4d3f6ea1dc839291f91235,BJOLP,bjolp,3,3.0000,1.0000
seq-opt,pegsol,eb0c1aee4ce8db46cf4d3f6ea1dc839291f91235,FD-Autotune,fd-autotune,3,3.0000,1.0000
seq-opt,pegsol,eb0c1aee4ce8db46cf4d3f6ea1dc839291f91235,FDSS-1,fdss-1_seq-opt,3,3.0000,1.0000
seq-opt,pegsol,eb0c1aee4ce8db46cf4d3f6ea1dc839291f91235,FDSS-2,fdss-2_seq-opt,3,3.0000,1.0000
seq-opt,pegsol,eb0c1aee4ce8db46cf4d3f6ea1dc839291f91235,Fork Init,forkinit,3,3.0000,1.0000
seq-opt,pegsol,eb0c1aee4ce8db46cf4d3f6ea1dc839291f91235,Gamer,gamer,3,3.0000,1.0000
seq-opt,pegsol,eb0c1aee4ce8db46cf4d3f6ea1dc839291f91235,IFork Init,iforkinit,3,3.0000,1.0000
seq-opt,pegsol,eb0c1aee4ce8db46cf4d3f6ea1dc839291f91235,LM-cut,lmcut,3,3.0000,1.0000
seq-opt,pegsol,eb0c1aee4ce8db46cf4d3f6ea1dc839291f91235,LMFork,lmfork,3,3.0000,1.0000
seq-opt,pegsol,eb0c1aee4ce8db46cf4d3f6ea1dc839291f91235,Merge and Shrink,merge-and-shrink,3,3.0000,1.0000
seq-opt,pegsol,eb0c1aee4ce8db46cf4d3f6ea1dc839291f91235,Selective Max,selmax,3,3.0000,1.0000
seq-opt,pegsol,ed78de8e059cc1d77fad87446ae07026782d50d2,FDSS-1,fdss-1_seq-opt,11,11.0000,1.0000
seq-opt,pegsol,ed78de8e059cc1d77fad87446ae07026782d50d2,FDSS-2,fdss-2_seq-opt,11,11.0000,1.0000
seq-opt,pegsol,ed78de8e059cc1d77fad87446ae07026782d50d2,Merge and Shrink,merge-and-shrink,11,11.0000,1.0000
seq-opt,scanalyzer,05854f25b0e8db7b39fc6abc17793644730b5039,FD-Autotune,fd-autotune,36,36.0000,1.0000
seq-opt,scanalyzer,05854f25b0e8db7b39fc6abc17793644730b5039,FDSS-1,fdss-1_seq-opt,36,36.0000,1.0000
seq-opt,scanalyzer,05854f25b0e8db7b39fc6abc17793644730b5039,FDSS-2,fdss-2_seq-opt,36,36.0000,1.0000
seq-opt,scanalyzer,05854f25b0e8db7b39fc6abc17793644730b5039,LM-cut,lmcut,36,36.0000,1.0000
seq-opt,scanalyzer,05854f25b0e8db7b39fc6abc17793644730b5039,Selective Max,selmax,36,36.0000,1.0000
seq-opt,scanalyzer,129e16dd1262d24b0d671cccdc79be6b27632b64,FD-Autotune,fd-autotune,48,48.0000,1.0000
seq-opt,scanalyzer,129e16dd1262d24b0d671cccdc79be6b27632b64,FDSS-1,fdss-1_seq-opt,48,48.0000,1.0000
seq-opt,scanalyzer,129e16dd1262d24b0d671cccdc79be6b27632b64,FDSS-2,fdss-2_seq-opt,48,48.0000,1.0000
seq-opt,scanalyzer,129e16dd1262d24b0d671cccdc79be6b27632b64,LM-cut,lmcut,48,48.0000,1.0000
seq-opt,scanalyzer,21f6e72a03b686c73d5fea5d011a78e839842acd,FD-Autotune,fd-autotune,26,26.0000,1.0000
seq-opt,scanalyzer,21f6e72a03b686c73d5fea5d011a78e839842acd,FDSS-1,fdss-1_seq-opt,26,26.0000,1.0000
seq-opt,scanalyzer,21f6e72a03b686c73d5fea5d011a78e839842acd,FDSS-2,fdss-2_seq-opt,26,26.0000,1.0000
seq-opt,scanalyzer,21f6e72a03b686c73d5fea5d011a78e839842acd,Fork Init,forkinit,26,26.0000,1.0000
seq-opt,scanalyzer,21f6e72a03b686c73d5fea5d011a78e839842acd,LM-cut,lmcut,26,26.0000,1.0000
seq-opt,scanalyzer,21f6e72a03b686c73d5fea5d011a78e839842acd,LMFork,lmfork,26,26.0000,1.0000
seq-opt,scanalyzer,21f6e72a03b686c73d5fea5d011a78e839842acd,Merge and Shrink,merge-and-shrink,26,26.0000,1.0000
seq-opt,scanalyzer,21f6e72a03b686c73d5fea5d011a78e839842acd,Selective Max,selmax,26,26.0000,1.0000
seq-opt,scanalyzer,2bc4910f09e60eda0dafa04e2f615ebdf40488fd,BJOLP,bjolp,22,22.0000,1.0000
seq-opt,scanalyzer,2bc4910f09e60eda0dafa04e2f615ebdf40488fd,FD-Autotune,fd-autotune,22,22.0000,1.0000
seq-opt,scanalyzer,2bc4910f09e60eda0dafa04e2f615ebdf40488fd,FDSS-1,fdss-1_seq-opt,22,22.0000,1.0000
seq-opt,scanalyzer,2bc4910f09e60eda0dafa04e2f615ebdf40488fd,FDSS-2,fdss-2_seq-opt,22,22.0000,1.0000
seq-opt,scanalyzer,2bc4910f09e60eda0dafa04e2f615ebdf40488fd,Fork Init,forkinit,22,22.0000,1.0000
seq-opt,scanalyzer,2bc4910f09e60eda0dafa04e2f615ebdf40488fd,Gamer,gamer,22,22.0000,1.0000
seq-opt,scanalyzer,2bc4910f09e60eda0dafa04e2f615ebdf40488fd,IFork Init,iforkinit,22,22.0000,1.0000
seq-opt,scanalyzer,2bc4910f09e60eda0dafa04e2f615ebdf40488fd,LM-cut,lmcut,22,22.0000,1.0000
seq-opt,scanalyzer,2bc4910f09e60eda0dafa04e2f615ebdf40488fd,LMFork,lmfork,22,22.0000,1.0000
seq-opt,scanalyzer,2bc4910f09e60eda0dafa04e2f615ebdf40488fd,Merge and Shrink,merge-and-shrink,22,22.0000,1.0000
seq-opt,scanalyzer,2bc4910f09e60eda0dafa04e2f615ebdf40488fd,Selective Max,selmax,22,22.0000,1.0000
seq-opt,scanalyzer,2d0d20b7b56fa97b8c35a11bd55710930f856a7c,BJOLP,bjolp,30,30.0000,1.0000
seq-opt,scanalyzer,2d0d20b7b56fa97b8c35a11bd55710930f856a7c,FD-Autotune,fd-autotune,30,30.0000,1.0000
seq-opt,scanalyzer,2d0d20b7b56fa97b8c35a11bd55710930f856a7c,FDSS-1,fdss-1_seq-opt,30,30.0000,1.0000
seq-opt,scanalyzer,2d0d20b7b56fa97b8c35a11bd55710930f856a7c,FDSS-2,fdss-2_seq-opt,30,30.0000,1.0000
seq-opt,scanalyzer,2d0d20b7b56fa97b8c35a11bd55710930f856a7c,Fork Init,forkinit,30,30.0000,1.0000
seq-opt,scanalyzer,2d0d20b7b56fa97b8c35a11bd55710930f856a7c,Gamer,gamer,30,30.0000,1.0000
seq-opt,scanalyzer,2d0d20b7b56fa97b8c35a11bd55710930f856a7c,IFork Init,iforkinit,30,30.0000,1.0000
seq-opt,scanalyzer,2d0d20b7b56fa97b8c35a11bd55710930f856a7c,LM-cut,lmcut,30,30.0000,1.0000
seq-opt,scanalyzer,2d0d20b7b56fa97b8c35a11bd55710930f856a7c,LMFork,lmfork,30,30.0000,1.0000
seq-opt,scanalyzer,2d0d20b7b56fa97b8c35a11bd55710930f856a7c,Merge and Shrink,merge-and-shrink,30,30.0000,1.0000
seq-opt,scanalyzer,2d0d20b7b56fa97b8c35a11bd55710930f856a7c,Selective Max,selmax,30,30.0000,1.0000
seq-opt,scanalyzer,5b53b7e461ba2bd5f942bc02cb0994b42d1dfc87,FD-Autotune,fd-autotune,54,54.0000,1.0000
seq-opt,scanalyzer,5b53b7e461ba2bd5f942bc02cb0994b42d1dfc87,FDSS-1,fdss-1_seq-opt,54,54.0000,1.0000
seq-opt,scanalyzer,5b53b7e461ba2bd5f942bc02cb0994b42d1dfc87,FDSS-2,fdss-2_seq-opt,54,54.0000,1.0000
seq-opt,scanalyzer,5b53b7e461ba2bd5f942bc02cb0994b42d1dfc87,LM-cut,lmcut,54,54.0000,1.0000
seq-opt,scanalyzer,63d83b4a2ded9d500123ca4525ce3a5863d43082,FD-Autotune,fd-autotune,42,42.0000,1.0000
seq-opt,scanalyzer,63d83b4a2ded9d500123ca4525ce3a5863d43082,FDSS-1,fdss-1_seq-opt,42,42.0000,1.0000
seq-opt,scanalyzer,63d83b4a2ded9d500123ca4525ce3a5863d43082,FDSS-2,fdss-2_seq-opt,42,42.0000,1.0000
seq-opt,scanalyzer,63d83b4a2ded9d500123ca4525ce3a5863d43082,LM-cut,lmcut,42,42.0000,1.0000
seq-opt,scanalyzer,63d83b4a2ded9d500123ca4525ce3a5863d43082,Selective Max,selmax,42,42.0000,1.0000
seq-opt,scanalyzer,736a114354f8a91501c81919bc7c1c8d6fb1ba2e,FDSS-1,fdss-1_seq-opt,34,34.0000,1.0000
seq-opt,scanalyzer,736a114354f8a91501c81919bc7c1c8d6fb1ba2e,FDSS-2,fdss-2_seq-opt,34,34.0000,1.0000
seq-opt,scanalyzer,736a114354f8a91501c81919bc7c1c8d6fb1ba2e,Fork Init,forkinit,34,34.0000,1.0000
seq-opt,scanalyzer,736a114354f8a91501c81919bc7c1c8d6fb1ba2e,Merge and Shrink,merge-and-shrink,34,34.0000,1.0000
seq-opt,scanalyzer,8cdc5d42f9be1b14d4db087f3bde086e1e01ab87,BJOLP,bjolp,24,24.0000,1.0000
seq-opt,scanalyzer,8cdc5d42f9be1b14d4db087f3bde086e1e01ab87,FD-Autotune,fd-autotune,24,24.0000,1.0000
seq-opt,scanalyzer,8cdc5d42f9be1b14d4db087f3bde086e1e01ab87,FDSS-1,fdss-1_seq-opt,24,24.0000,1.0000
seq-opt,scanalyzer,8cdc5d42f9be1b14d4db087f3bde086e1e01ab87,FDSS-2,fdss-2_seq-opt,24,24.0000,1.0000
seq-opt,scanalyzer,8cdc5d42f9be1b14d4db087f3bde086e1e01ab87,Fork Init,forkinit,24,24.0000,1.0000
seq-opt,scanalyzer,8cdc5d42f9be1b14d4db087f3bde086e1e01ab87,Gamer,gamer,24,24.0000,1.0000
seq-opt,scanalyzer,8cdc5d42f9be1b14d4db087f3bde086e1e01ab87,IFork Init,iforkinit,24,24.0000,1.0000
seq-opt,scanalyzer,8cdc5d42f9be1b14d4db087f3bde086e1e01ab87,LM-cut,lmcut,24,24.0000,1.0000
seq-opt,scanalyzer,8cdc5d42f9be1b14d4db087f3bde086e1e01ab87,LMFork,lmfork,24,24.0000,1.0000
seq-opt,scanalyzer,8cdc5d42f9be1b14d4db087f3bde086e1e01ab87,Merge and Shrink,merge-and-shrink,24,24.0000,1.0000
seq-opt,scanalyzer,8cdc5d42f9be1b14d4db087f3bde086e1e01ab87,Selective Max,selmax,24,24.0000,1.0000
seq-opt,scanalyzer,a9a5c140b56100a9bd1ced02c8c86744d13dfdb9,FD-Autotune,fd-autotune,30,30.0000,1.0000
seq-opt,scanalyzer,a9a5c140b56100a9bd1ced02c8c86744d13dfdb9,FDSS-1,fdss-1_seq-opt,30,30.0000,1.0000
seq-opt,scanalyzer,a9a5c140b56100a9bd1ced02c8c86744d13dfdb9,FDSS-2,fdss-2_seq-opt,30,30.0000,1.0000
seq-opt,scanalyzer,a9a5c140b56100a9bd1ced02c8c86744d13dfdb9,Fork Init,forkinit,30,30.0000,1.0000
seq-opt,scanalyzer,a9a5c140b56100a9bd1ced02c8c86744d13dfdb9,LM-cut,lmcut,30,30.0000,1.0000
seq-opt,scanalyzer,a9a5c140b56100a9bd1ced02c8c86744d13dfdb9,LMFork,lmfork,30,30.0000,1.0000
seq-opt,scanalyzer,a9a5c140b56100a9bd1ced02c8c86744d13dfdb9,Merge and Shrink,merge-and-shrink,30,30.0000,1.0000
seq-opt,scanalyzer,a9a5c140b56100a9bd1ced02c8c86744d13dfdb9,Selective Max,selmax,30,30.0000,1.0000
seq-opt,scanalyzer,af81dba6c6341a2903520e3a62085c9417265070,BJOLP,bjolp,36,36.0000,1.0000
seq-opt,scanalyzer,af81dba6c6341a2903520e3a62085c9417265070,FDSS-1,fdss-1_seq-opt,36,36.0000,1.0000
seq-opt,scanalyzer,af81dba6c6341a2903520e3a62085c9417265070,FDSS-2,fdss-2_seq-opt,36,36.0000,1.0000
seq-opt,scanalyzer,af81dba6c6341a2903520e3a62085c9417265070,Fork Init,forkinit,36,36.0000,1.0000
seq-opt,scanalyzer,af81dba6c6341a2903520e3a62085c9417265070,Gamer,gamer,36,36.0000,1.0000
seq-opt,scanalyzer,af81dba6c6341a2903520e3a62085c9417265070,IFork Init,iforkinit,36,36.0000,1.0000
seq-opt,scanalyzer,af81dba6c6341a2903520e3a62085c9417265070,Merge and Shrink,merge-and-shrink,36,36.0000,1.0000
seq-opt,scanalyzer,b090e2aff454c8997a7b050b1af98aff2173009c,BJOLP,bjolp,13,13.0000,1.0000
seq-opt,scanalyzer,b090e2aff454c8997a7b050b1af98aff2173009c,CPT4,cpt4_seq-opt,13,13.0000,1.0000
seq-opt,scanalyzer,b090e2aff454c8997a7b050b1af98aff2173009c,FD-Autotune,fd-autotune,13,13.0000,1.0000
seq-opt,scanalyzer,b090e2aff454c8997a7b050b1af98aff2173009c,FDSS-1,fdss-1_seq-opt,13,13.0000,1.0000
seq-opt,scanalyzer,b090e2aff454c8997a7b050b1af98aff2173009c,FDSS-2,fdss-2_seq-opt,13,13.0000,1.0000
seq-opt,scanalyzer,b090e2aff454c8997a7b050b1af98aff2173009c,Fork Init,forkinit,13,13.0000,1.0000
seq-opt,scanalyzer,b090e2aff454c8997a7b050b1af98aff2173009c,Gamer,gamer,13,13.0000,1.0000
seq-opt,scanalyzer,b090e2aff454c8997a7b050b1af98aff2173009c,IFork Init,iforkinit,13,13.0000,1.0000
seq-opt,scanalyzer,b090e2aff454c8997a7b050b1af98aff2173009c,LM-cut,lmcut,13,13.0000,1.0000
seq-opt,scanalyzer,b090e2aff454c8997a7b050b1af98aff2173009c,LMFork,lmfork,13,13.0000,1.0000
seq-opt,scanalyzer,b090e2aff454c8997a7b050b1af98aff2173009c,Merge and Shrink,merge-and-shrink,13,13.0000,1.0000
seq-opt,scanalyzer,b090e2aff454c8997a7b050b1af98aff2173009c,Selective Max,selmax,13,13.0000,1.0000
seq-opt,scanalyzer,b3cbe9704c77bb3b175ee66035e060b851c874fd,FD-Autotune,fd-autotune,30,30.0000,1.0000
seq-opt,scanalyzer,b3cbe9704c77bb3b175ee66035e060b851c874fd,FDSS-1,fdss-1_seq-opt,30,30.0000,1.0000
seq-opt,scanalyzer,b3cbe9704c77bb3b175ee66035e060b851c874fd,FDSS-2,fdss-2_seq-opt,30,30.0000,1.0000
seq-opt,scanalyzer,b3cbe9704c77bb3b175ee66035e060b851c874fd,LM-cut,lmcut,30,30.0000,1.0000
seq-opt,scanalyzer,b3cbe9704c77bb3b175ee66035e060b851c874fd,Selective Max,selmax,30,30.0000,1.0000
seq-opt,scanalyzer,fa2d6a4c977c92ccb29aa31fee663bfb7fbe8518,Fork Init,forkinit,38,38.0000,1.0000
seq-opt,scanalyzer,fa2d6a4c977c92ccb29aa31fee663bfb7fbe8518,LMFork,lmfork,38,38.0000,1.0000
seq-opt,scanalyzer,fbd09f8bc88e9490cb6afb7e44a913093f9d80e7,BJOLP,bjolp,26,26.0000,1.0000
seq-opt,scanalyzer,fbd09f8bc88e9490cb6afb7e44a913093f9d80e7,FD-Autotune,fd-autotune,26,26.0000,1.0000
seq-opt,scanalyzer,fbd09f8bc88e9490cb6afb7e44a913093f9d80e7,FDSS-1,fdss-1_seq-opt,26,26.0000,1.0000
seq-opt,scanalyzer,fbd09f8bc88e9490cb6afb7e44a913093f9d80e7,FDSS-2,fdss-2_seq-opt,26,26.0000,1.0000
seq-opt,scanalyzer,fbd09f8bc88e9490cb6afb7e44a913093f9d80e7,Fork Init,forkinit,26,26.0000,1.0000
seq-opt,scanalyzer,fbd09f8bc88e9490cb6afb7e44a913093f9d80e7,Gamer,gamer,26,26.0000,1.0000
seq-opt,scanalyzer,fbd09f8bc88e9490cb6afb7e44a913093f9d80e7,IFork Init,iforkinit,26,26.0000,1.0000
seq-opt,scanalyzer,fbd09f8bc88e9490cb6afb7e44a913093f9d80e7,LM-cut,lmcut,26,26.0000,1.0000
seq-opt,scanalyzer,fbd09f8bc88e9490cb6afb7e44a913093f9d80e7,LMFork,lmfork,26,26.0000,1.0000
seq-opt,scanalyzer,fbd09f8bc88e9490cb6afb7e44a913093f9d80e7,Merge and Shrink,merge-and-shrink,26,26.0000,1.0000
seq-opt,scanalyzer,fbd09f8bc88e9490cb6afb7e44a913093f9d80e7,Selective Max,selmax,26,26.0000,1.0000
seq-opt,sokoban,01f9c52f60acf0afcf491d9346e21072c7fc00ca,BJOLP,bjolp,35,35.0000,1.0000
seq-opt,sokoban,01f9c52f60acf0afcf491d9346e21072c7fc00ca,FD-Autotune,fd-autotune,35,35.0000,1.0000
seq-opt,sokoban,01f9c52f60acf0afcf491d9346e21072c7fc00ca,FDSS-1,fdss-1_seq-opt,35,35.0000,1.0000
seq-opt,sokoban,01f9c52f60acf0afcf491d9346e21072c7fc00ca,FDSS-2,fdss-2_seq-opt,35,35.0000,1.0000
seq-opt,sokoban,01f9c52f60acf0afcf491d9346e21072c7fc00ca,Fork Init,forkinit,35,35.0000,1.0000
seq-opt,sokoban,01f9c52f60acf0afcf491d9346e21072c7fc00ca,Gamer,gamer,35,35.0000,1.0000
seq-opt,sokoban,01f9c52f60acf0afcf491d9346e21072c7fc00ca,IFork Init,iforkinit,35,35.0000,1.0000
seq-opt,sokoban,01f9c52f60acf0afcf491d9346e21072c7fc00ca,LM-cut,lmcut,35,35.0000,1.0000
seq-opt,sokoban,01f9c52f60acf0afcf491d9346e21072c7fc00ca,LMFork,lmfork,35,35.0000,1.0000
seq-opt,sokoban,01f9c52f60acf0afcf491d9346e21072c7fc00ca,Merge and Shrink,merge-and-shrink,35,35.0000,1.0000
seq-opt,sokoban,01f9c52f60acf0afcf491d9346e21072c7fc00ca,Selective Max,selmax,35,35.0000,1.0000
seq-opt,sokoban,0d92dc91e5438b9f72d1533b902a2579490a46d3,BJOLP,bjolp,44,44.0000,1.0000
seq-opt,sokoban,0d92dc91e5438b9f72d1533b902a2579490a46d3,FD-Autotune,fd-autotune,44,44.0000,1.0000
seq-opt,sokoban,0d92dc91e5438b9f72d1533b902a2579490a46d3,FDSS-1,fdss-1_seq-opt,44,44.0000,1.0000
seq-opt,sokoban,0d92dc91e5438b9f72d1533b902a2579490a46d3,FDSS-2,fdss-2_seq-opt,44,44.0000,1.0000
seq-opt,sokoban,0d92dc91e5438b9f72d1533b902a2579490a46d3,Fork Init,forkinit,44,44.0000,1.0000
seq-opt,sokoban,0d92dc91e5438b9f72d1533b902a2579490a46d3,IFork Init,iforkinit,44,44.0000,1.0000
seq-opt,sokoban,0d92dc91e5438b9f72d1533b902a2579490a46d3,LM-cut,lmcut,44,44.0000,1.0000
seq-opt,sokoban,0d92dc91e5438b9f72d1533b902a2579490a46d3,LMFork,lmfork,44,44.0000,1.0000
seq-opt,sokoban,0d92dc91e5438b9f72d1533b902a2579490a46d3,Merge and Shrink,merge-and-shrink,44,44.0000,1.0000
seq-opt,sokoban,0d92dc91e5438b9f72d1533b902a2579490a46d3,Selective Max,selmax,44,44.0000,1.0000
seq-opt,sokoban,14ca11d3415668ad40d8901dc4ebe302ec017beb,BJOLP,bjolp,8,8.0000,1.0000
seq-opt,sokoban,14ca11d3415668ad40d8901dc4ebe302ec017beb,FD-Autotune,fd-autotune,8,8.0000,1.0000
seq-opt,sokoban,14ca11d3415668ad40d8901dc4ebe302ec017beb,FDSS-1,fdss-1_seq-opt,8,8.0000,1.0000
seq-opt,sokoban,14ca11d3415668ad40d8901dc4ebe302ec017beb,FDSS-2,fdss-2_seq-opt,8,8.0000,1.0000
seq-opt,sokoban,14ca11d3415668ad40d8901dc4ebe302ec017beb,Fork Init,forkinit,8,8.0000,1.0000
seq-opt,sokoban,14ca11d3415668ad40d8901dc4ebe302ec017beb,Gamer,gamer,8,8.0000,1.0000
seq-opt,sokoban,14ca11d3415668ad40d8901dc4ebe302ec017beb,IFork Init,iforkinit,8,8.0000,1.0000
seq-opt,sokoban,14ca11d3415668ad40d8901dc4ebe302ec017beb,LM-cut,lmcut,8,8.0000,1.0000
seq-opt,sokoban,14ca11d3415668ad40d8901dc4ebe302ec017beb,LMFork,lmfork,8,8.0000,1.0000
seq-opt,sokoban,14ca11d3415668ad40d8901dc4ebe302ec017beb,Merge and Shrink,merge-and-shrink,8,8.0000,1.0000
seq-opt,sokoban,14ca11d3415668ad40d8901dc4ebe302ec017beb,Selective Max,selmax,8,8.0000,1.0000
seq-opt,sokoban,18de5f2c6fa957126207c76b0d0122fd06000854,BJOLP,bjolp,9,9.0000,1.0000
seq-opt,sokoban,18de5f2c6fa957126207c76b0d0122fd06000854,FD-Autotune,fd-autotune,9,9.0000,1.0000
seq-opt,sokoban,18de5f2c6fa957126207c76b0d0122fd06000854,FDSS-1,fdss-1_seq-opt,9,9.0000,1.0000
seq-opt,sokoban,18de5f2c6fa957126207c76b0d0122fd06000854,FDSS-2,fdss-2_seq-opt,9,9.0000,1.0000
seq-opt,sokoban,18de5f2c6fa957126207c76b0d0122fd06000854,Fork Init,forkinit,9,9.0000,1.0000
seq-opt,sokoban,18de5f2c6fa957126207c76b0d0122fd06000854,Gamer,gamer,9,9.0000,1.0000
seq-opt,sokoban,18de5f2c6fa957126207c76b0d0122fd06000854,IFork Init,iforkinit,9,9.0000,1.0000
seq-opt,sokoban,18de5f2c6fa957126207c76b0d0122fd06000854,LM-cut,lmcut,9,9.0000,1.0000
seq-opt,sokoban,18de5f2c6fa957126207c76b0d0122fd06000854,LMFork,lmfork,9,9.0000,1.0000
seq-opt,sokoban,18de5f2c6fa957126207c76b0d0122fd06000854,Merge and Shrink,merge-and-shrink,9,9.0000,1.0000
seq-opt,sokoban,18de5f2c6fa957126207c76b0d0122fd06000854,Selective Max,selmax,9,9.0000,1.0000
seq-opt,sokoban,24228a1967140c2c651d6e474befd343307600ec,BJOLP,bjolp,20,20.0000,1.0000
seq-opt,sokoban,24228a1967140c2c651d6e474befd343307600ec,FD-Autotune,fd-autotune,20,20.0000,1.0000
seq-opt,sokoban,24228a1967140c2c651d6e474befd343307600ec,FDSS-1,fdss-1_seq-opt,20,20.0000,1.0000
seq-opt,sokoban,24228a1967140c2c651d6e474befd343307600ec,FDSS-2,fdss-2_seq-opt,20,20.0000,1.0000
seq-opt,sokoban,24228a1967140c2c651d6e474befd343307600ec,Fork Init,forkinit,20,20.0000,1.0000
seq-opt,sokoban,24228a1967140c2c651d6e474befd343307600ec,Gamer,gamer,20,20.0000,1.0000
seq-opt,sokoban,24228a1967140c2c651d6e474befd343307600ec,IFork Init,iforkinit,20,20.0000,1.0000
seq-opt,sokoban,24228a1967140c2c651d6e474befd343307600ec,LM-cut,lmcut,20,20.0000,1.0000
seq-opt,sokoban,24228a1967140c2c651d6e474befd343307600ec,LMFork,lmfork,20,20.0000,1.0000
seq-opt,sokoban,24228a1967140c2c651d6e474befd343307600ec,Merge and Shrink,merge-and-shrink,20,20.0000,1.0000
seq-opt,sokoban,24228a1967140c2c651d6e474befd343307600ec,Selective Max,selmax,20,20.0000,1.0000
seq-opt,sokoban,27000a5c7a387c39af37cf4e9f1477ed3b25a7da,BJOLP,bjolp,49,49.0000,1.0000
seq-opt,sokoban,27000a5c7a387c39af37cf4e9f1477ed3b25a7da,FD-Autotune,fd-autotune,49,49.0000,1.0000
seq-opt,sokoban,27000a5c7a387c39af37cf4e9f1477ed3b25a7da,FDSS-1,fdss-1_seq-opt,49,49.0000,1.0000
seq-opt,sokoban,27000a5c7a387c39af37cf4e9f1477ed3b25a7da,FDSS-2,fdss-2_seq-opt,49,49.0000,1.0000
seq-opt,sokoban,27000a5c7a387c39af37cf4e9f1477ed3b25a7da,Fork Init,forkinit,49,49.0000,1.0000
seq-opt,sokoban,27000a5c7a387c39af37cf4e9f1477ed3b25a7da,Gamer,gamer,49,49.0000,1.0000
seq-opt,sokoban,27000a5c7a387c39af37cf4e9f1477ed3b25a7da,IFork Init,iforkinit,49,49.0000,1.0000
seq-opt,sokoban,27000a5c7a387c39af37cf4e9f1477ed3b25a7da,LM-cut,lmcut,49,49.0000,1.0000
seq-opt,sokoban,27000a5c7a387c39af37cf4e9f1477ed3b25a7da,LMFork,lmfork,49,49.0000,1.0000
seq-opt,sokoban,27000a5c7a387c39af37cf4e9f1477ed3b25a7da,Merge and Shrink,merge-and-shrink,49,49.0000,1.0000
seq-opt,sokoban,27000a5c7a387c39af37cf4e9f1477ed3b25a7da,Selective Max,selmax,49,49.0000,1.0000
seq-opt,sokoban,29dcd24ea2b31568ceb0b1bc6e291cfa05a0d836,BJOLP,bjolp,31,31.0000,1.0000
seq-opt,sokoban,29dcd24ea2b31568ceb0b1bc6e291cfa05a0d836,FD-Autotune,fd-autotune,31,31.0000,1.0000
seq-opt,sokoban,29dcd24ea2b31568ceb0b1bc6e291cfa05a0d836,FDSS-1,fdss-1_seq-opt,31,31.0000,1.0000
seq-opt,sokoban,29dcd24ea2b31568ceb0b1bc6e291cfa05a0d836,FDSS-2,fdss-2_seq-opt,31,31.0000,1.0000
seq-opt,sokoban,29dcd24ea2b31568ceb0b1bc6e291cfa05a0d836,Fork Init,forkinit,31,31.0000,1.0000
seq-opt,sokoban,29dcd24ea2b31568ceb0b1bc6e291cfa05a0d836,Gamer,gamer,31,31.0000,1.0000
seq-opt,sokoban,29dcd24ea2b31568ceb0b1bc6e291cfa05a0d836,IFork Init,iforkinit,31,31.0000,1.0000
seq-opt,sokoban,29dcd24ea2b31568ceb0b1bc6e291cfa05a0d836,LM-cut,lmcut,31,31.0000,1.0000
seq-opt,sokoban,29dcd24ea2b31568ceb0b1bc6e291cfa05a0d836,LMFork,lmfork,31,31.0000,1.0000
seq-opt,sokoban,29dcd24ea2b31568ceb0b1bc6e291cfa05a0d836,Merge and Shrink,merge-and-shrink,31,31.0000,1.0000
seq-opt,sokoban,29dcd24ea2b31568ceb0b1bc6e291cfa05a0d836,Selective Max,selmax,31,31.0000,1.0000
seq-opt,sokoban,4103862e25f515e57bd7300a1f3f54d48ce01aaa,BJOLP,bjolp,29,29.0000,1.0000
seq-opt,sokoban,4103862e25f515e57bd7300a1f3f54d48ce01aaa,FD-Autotune,fd-autotune,29,29.0000,1.0000
seq-opt,sokoban,4103862e25f515e57bd7300a1f3f54d48ce01aaa,FDSS-1,fdss-1_seq-opt,29,29.0000,1.0000
seq-opt,sokoban,4103862e25f515e57bd7300a1f3f54d48ce01aaa,FDSS-2,fdss-2_seq-opt,29,29.0000,1.0000
seq-opt,sokoban,4103862e25f515e57bd7300a1f3f54d48ce01aaa,Fork Init,forkinit,29,29.0000,1.0000
seq-opt,sokoban,4103862e25f515e57bd7300a1f3f54d48ce01aaa,Gamer,gamer,29,29.0000,1.0000
seq-opt,sokoban,4103862e25f515e57bd7300a1f3f54d48ce01aaa,IFork Init,iforkinit,29,29.0000,1.0000
seq-opt,sokoban,4103862e25f515e57bd7300a1f3f54d48ce01aaa,LM-cut,lmcut,29,29.0000,1.0000
seq-opt,sokoban,4103862e25f515e57bd7300a1f3f54d48ce01aaa,LMFork,lmfork,29,29.0000,1.0000
seq-opt,sokoban,4103862e25f515e57bd7300a1f3f54d48ce01aaa,Merge and Shrink,merge-and-shrink,29,29.0000,1.0000
seq-opt,sokoban,4103862e25f515e57bd7300a1f3f54d48ce01aaa,Selective Max,selmax,29,29.0000,1.0000
seq-opt,sokoban,47d99c4ea54e560135479909beb98d9b582de456,BJOLP,bjolp,15,15.0000,1.0000
seq-opt,sokoban,47d99c4ea54e560135479909beb98d9b582de456,FD-Autotune,fd-autotune,15,15.0000,1.0000
seq-opt,sokoban,47d99c4ea54e560135479909beb98d9b582de456,FDSS-1,fdss-1_seq-opt,15,15.0000,1.0000
seq-opt,sokoban,47d99c4ea54e560135479909beb98d9b582de456,FDSS-2,fdss-2_seq-opt,15,15.0000,1.0000
seq-opt,sokoban,47d99c4ea54e560135479909beb98d9b582de456,Fork Init,forkinit,15,15.0000,1.0000
seq-opt,sokoban,47d99c4ea54e560135479909beb98d9b582de456,Gamer,gamer,15,15.0000,1.0000
seq-opt,sokoban,47d99c4ea54e560135479909beb98d9b582de456,IFork Init,iforkinit,15,15.0000,1.0000
seq-opt,sokoban,47d99c4ea54e560135479909beb98d9b582de456,LM-cut,lmcut,15,15.0000,1.0000
seq-opt,sokoban,47d99c4ea54e560135479909beb98d9b582de456,LMFork,lmfork,15,15.0000,1.0000
seq-opt,sokoban,47d99c4ea54e560135479909beb98d9b582de456,Merge and Shrink,merge-and-shrink,15,15.0000,1.0000
seq-opt,sokoban,47d99c4ea54e560135479909beb98d9b582de456,Selective Max,selmax,15,15.0000,1.0000
seq-opt,sokoban,63c00b49ac832b06ec8f5c1e41ca469f97c9616c,BJOLP,bjolp,30,30.0000,1.0000
seq-opt,sokoban,63c00b49ac832b06ec8f5c1e41ca469f97c9616c,FD-Autotune,fd-autotune,30,30.0000,1.0000
seq-opt,sokoban,63c00b49ac832b06ec8f5c1e41ca469f97c9616c,FDSS-1,fdss-1_seq-opt,30,30.0000,1.0000
seq-opt,sokoban,63c00b49ac832b06ec8f5c1e41ca469f97c9616c,FDSS-2,fdss-2_seq-opt,30,30.0000,1.0000
seq-opt,sokoban,63c00b49ac832b06ec8f5c1e41ca469f97c9616c,Fork Init,forkinit,30,30.0000,1.0000
seq-opt,sokoban,63c00b49ac832b06ec8f5c1e41ca469f97c9616c,Gamer,gamer,30,30.0000,1.0000
seq-opt,sokoban,63c00b49ac832b06ec8f5c1e41ca469f97c9616c,IFork Init,iforkinit,30,30.0000,1.0000
seq-opt,sokoban,63c00b49ac832b06ec8f5c1e41ca469f97c9616c,LM-cut,lmcut,30,30.0000,1.0000
seq-opt,sokoban,63c00b49ac832b06ec8f5c1e41ca469f97c9616c,LMFork,lmfork,30,30.0000,1.0000
seq-opt,sokoban,63c00b49ac832b06ec8f5c1e41ca469f97c9616c,Merge and Shrink,merge-and-shrink,30,30.0000,1.0000
seq-opt,sokoban,63c00b49ac832b06ec8f5c1e41ca469f97c9616c,Selective Max,selmax,30,30.0000,1.0000
seq-opt,sokoban,65cf7a161e4ff28ea67338d813370650fc63d4c9,BJOLP,bjolp,50,50.0000,1.0000
seq-opt,sokoban,65cf7a161e4ff28ea67338d813370650fc63d4c9,FD-Autotune,fd-autotune,50,50.0000,1.0000
seq-opt,sokoban,65cf7a161e4ff28ea67338d813370650fc63d4c9,FDSS-1,fdss-1_seq-opt,50,50.0000,1.0000
seq-opt,sokoban,65cf7a161e4ff28ea67338d813370650fc63d4c9,FDSS-2,fdss-2_seq-opt,50,50.0000,1.0000
seq-opt,sokoban,65cf7a161e4ff28ea67338d813370650fc63d4c9,Fork Init,forkinit,50,50.0000,1.0000
seq-opt,sokoban,65cf7a161e4ff28ea67338d813370650fc63d4c9,Gamer,gamer,50,50.0000,1.0000
seq-opt,sokoban,65cf7a161e4ff28ea67338d813370650fc63d4c9,IFork Init,iforkinit,50,50.0000,1.0000
seq-opt,sokoban,65cf7a161e4ff28ea67338d813370650fc63d4c9,LM-cut,lmcut,50,50.0000,1.0000
seq-opt,sokoban,65cf7a161e4ff28ea67338d813370650fc63d4c9,LMFork,lmfork,50,50.0000,1.0000
seq-opt,sokoban,65cf7a161e4ff28ea67338d813370650fc63d4c9,Merge and Shrink,merge-and-shrink,50,50.0000,1.0000
seq-opt,sokoban,65cf7a161e4ff28ea67338d813370650fc63d4c9,Selective Max,selmax,50,50.0000,1.0000
seq-opt,sokoban,705b14da6dacca8c1be61b579f5f3c93f03b67a5,BJOLP,bjolp,10,10.0000,1.0000
seq-opt,sokoban,705b14da6dacca8c1be61b579f5f3c93f03b67a5,FD-Autotune,fd-autotune,10,10.0000,1.0000
seq-opt,sokoban,705b14da6dacca8c1be61b579f5f3c93f03b67a5,FDSS-1,fdss-1_seq-opt,10,10.0000,1.0000
seq-opt,sokoban,705b14da6dacca8c1be61b579f5f3c93f03b67a5,FDSS-2,fdss-2_seq-opt,10,10.0000,1.0000
seq-opt,sokoban,705b14da6dacca8c1be61b579f5f3c93f03b67a5,Gamer,gamer,10,10.0000,1.0000
seq-opt,sokoban,705b14da6dacca8c1be61b579f5f3c93f03b67a5,IFork Init,iforkinit,10,10.0000,1.0000
seq-opt,sokoban,705b14da6dacca8c1be61b579f5f3c93f03b67a5,LM-cut,lmcut,10,10.0000,1.0000
seq-opt,sokoban,705b14da6dacca8c1be61b579f5f3c93f03b67a5,Merge and Shrink,merge-and-shrink,10,10.0000,1.0000
seq-opt,sokoban,705b14da6dacca8c1be61b579f5f3c93f03b67a5,Selective Max,selmax,10,10.0000,1.0000
seq-opt,sokoban,730706a6114b218235c29a2b813fa89ee4668ff0,BJOLP,bjolp,47,47.0000,1.0000
seq-opt,sokoban,730706a6114b218235c29a2b813fa89ee4668ff0,FD-Autotune,fd-autotune,47,47.0000,1.0000
seq-opt,sokoban,730706a6114b218235c29a2b813fa89ee4668ff0,FDSS-1,fdss-1_seq-opt,47,47.0000,1.0000
seq-opt,sokoban,730706a6114b218235c29a2b813fa89ee4668ff0,FDSS-2,fdss-2_seq-opt,47,47.0000,1.0000
seq-opt,sokoban,730706a6114b218235c29a2b813fa89ee4668ff0,Fork Init,forkinit,47,47.0000,1.0000
seq-opt,sokoban,730706a6114b218235c29a2b813fa89ee4668ff0,Gamer,gamer,47,47.0000,1.0000
seq-opt,sokoban,730706a6114b218235c29a2b813fa89ee4668ff0,IFork Init,iforkinit,47,47.0000,1.0000
seq-opt,sokoban,730706a6114b218235c29a2b813fa89ee4668ff0,LM-cut,lmcut,47,47.0000,1.0000
seq-opt,sokoban,730706a6114b218235c29a2b813fa89ee4668ff0,LMFork,lmfork,47,47.0000,1.0000
seq-opt,sokoban,730706a6114b218235c29a2b813fa89ee4668ff0,Merge and Shrink,merge-and-shrink,47,47.0000,1.0000
seq-opt,sokoban,730706a6114b218235c29a2b813fa89ee4668ff0,Selective Max,selmax,47,47.0000,1.0000
seq-opt,sokoban,857f42fddf5086eea5fef5e6684e2120e266533c,BJOLP,bjolp,2,2.0000,1.0000
seq-opt,sokoban,857f42fddf5086eea5fef5e6684e2120e266533c,FD-Autotune,fd-autotune,2,2.0000,1.0000
seq-opt,sokoban,857f42fddf5086eea5fef5e6684e2120e266533c,FDSS-1,fdss-1_seq-opt,2,2.0000,1.0000
seq-opt,sokoban,857f42fddf5086eea5fef5e6684e2120e266533c,FDSS-2,fdss-2_seq-opt,2,2.0000,1.0000
seq-opt,sokoban,857f42fddf5086eea5fef5e6684e2120e266533c,Fork Init,forkinit,2,2.0000,1.0000
seq-opt,sokoban,857f42fddf5086eea5fef5e6684e2120e266533c,Gamer,gamer,2,2.0000,1.0000
seq-opt,sokoban,857f42fddf5086eea5fef5e6684e2120e266533c,IFork Init,iforkinit,2,2.0000,1.0000
seq-opt,sokoban,857f42fddf5086eea5fef5e6684e2120e266533c,LM-cut,lmcut,2,2.0000,1.0000
seq-opt,sokoban,857f42fddf5086eea5fef5e6684e2120e266533c,LMFork,lmfork,2,2.0000,1.0000
seq-opt,sokoban,857f42fddf5086eea5fef5e6684e2120e266533c,Merge and Shrink,merge-and-shrink,2,2.0000,1.0000
seq-opt,sokoban,857f42fddf5086eea5fef5e6684e2120e266533c,Selective Max,selmax,2,2.0000,1.0000
seq-opt,sokoban,8cdf00327d620651663dce552435ea6ca5c3dcc6,BJOLP,bjolp,31,31.0000,1.0000
seq-opt,sokoban,8cdf00327d620651663dce552435ea6ca5c3dcc6,FD-Autotune,fd-autotune,31,31.0000,1.0000
seq-opt,sokoban,8cdf00327d620651663dce552435ea6ca5c3dcc6,FDSS-1,fdss-1_seq-opt,31,31.0000,1.0000
seq-opt,sokoban,8cdf00327d620651663dce552435ea6ca5c3dcc6,FDSS-2,fdss-2_seq-opt,31,31.0000,1.0000
seq-opt,sokoban,8cdf00327d620651663dce552435ea6ca5c3dcc6,Fork Init,forkinit,31,31.0000,1.0000
seq-opt,sokoban,8cdf00327d620651663dce552435ea6ca5c3dcc6,Gamer,gamer,31,31.0000,1.0000
seq-opt,sokoban,8cdf00327d620651663dce552435ea6ca5c3dcc6,IFork Init,iforkinit,31,31.0000,1.0000
seq-opt,sokoban,8cdf00327d620651663dce552435ea6ca5c3dcc6,LM-cut,lmcut,31,31.0000,1.0000
seq-opt,sokoban,8cdf00327d620651663dce552435ea6ca5c3dcc6,LMFork,lmfork,31,31.0000,1.0000
seq-opt,sokoban,8cdf00327d620651663dce552435ea6ca5c3dcc6,Merge and Shrink,merge-and-shrink,31,31.0000,1.0000
seq-opt,sokoban,8cdf00327d620651663dce552435ea6ca5c3dcc6,Selective Max,selmax,31,31.0000,1.0000
seq-opt,sokoban,abfc1b798803683b2696635491d51b31ee225c7f,BJOLP,bjolp,32,32.0000,1.0000
seq-opt,sokoban,abfc1b798803683b2696635491d51b31ee225c7f,FD-Autotune,fd-autotune,32,32.0000,1.0000
seq-opt,sokoban,abfc1b798803683b2696635491d51b31ee225c7f,FDSS-1,fdss-1_seq-opt,32,32.0000,1.0000
seq-opt,sokoban,abfc1b798803683b2696635491d51b31ee225c7f,FDSS-2,fdss-2_seq-opt,32,32.0000,1.0000
seq-opt,sokoban,abfc1b798803683b2696635491d51b31ee225c7f,Fork Init,forkinit,32,32.0000,1.0000
seq-opt,sokoban,abfc1b798803683b2696635491d51b31ee225c7f,Gamer,gamer,32,32.0000,1.0000
seq-opt,sokoban,abfc1b798803683b2696635491d51b31ee225c7f,IFork Init,iforkinit,32,32.0000,1.0000
seq-opt,sokoban,abfc1b798803683b2696635491d51b31ee225c7f,LM-cut,lmcut,32,32.0000,1.0000
seq-opt,sokoban,abfc1b798803683b2696635491d51b31ee225c7f,LMFork,lmfork,32,32.0000,1.0000
seq-opt,sokoban,abfc1b798803683b2696635491d51b31ee225c7f,Merge and Shrink,merge-and-shrink,32,32.0000,1.0000
seq-opt,sokoban,abfc1b798803683b2696635491d51b31ee225c7f,Selective Max,selmax,32,32.0000,1.0000
seq-opt,sokoban,b07a36719576824564b5a71ed8c07274c8dce51b,BJOLP,bjolp,76,76.0000,1.0000
seq-opt,sokoban,b07a36719576824564b5a71ed8c07274c8dce51b,FD-Autotune,fd-autotune,76,76.0000,1.0000
seq-opt,sokoban,b07a36719576824564b5a71ed8c07274c8dce51b,FDSS-1,fdss-1_seq-opt,76,76.0000,1.0000
seq-opt,sokoban,b07a36719576824564b5a71ed8c07274c8dce51b,FDSS-2,fdss-2_seq-opt,76,76.0000,1.0000
seq-opt,sokoban,b07a36719576824564b5a71ed8c07274c8dce51b,Fork Init,forkinit,76,76.0000,1.0000
seq-opt,sokoban,b07a36719576824564b5a71ed8c07274c8dce51b,Gamer,gamer,76,76.0000,1.0000
seq-opt,sokoban,b07a36719576824564b5a71ed8c07274c8dce51b,IFork Init,iforkinit,76,76.0000,1.0000
seq-opt,sokoban,b07a36719576824564b5a71ed8c07274c8dce51b,LM-cut,lmcut,76,76.0000,1.0000
seq-opt,sokoban,b07a36719576824564b5a71ed8c07274c8dce51b,LMFork,lmfork,76,76.0000,1.0000
seq-opt,sokoban,b07a36719576824564b5a71ed8c07274c8dce51b,Merge and Shrink,merge-and-shrink,76,76.0000,1.0000
seq-opt,sokoban,b07a36719576824564b5a71ed8c07274c8dce51b,Selective Max,selmax,76,76.0000,1.0000
seq-opt,sokoban,b385da4b1e45f66c852666cc4d02e7cf137eaf32,BJOLP,bjolp,37,37.0000,1.0000
seq-opt,sokoban,b385da4b1e45f66c852666cc4d02e7cf137eaf32,FD-Autotune,fd-autotune,37,37.0000,1.0000
seq-opt,sokoban,b385da4b1e45f66c852666cc4d02e7cf137eaf32,FDSS-1,fdss-1_seq-opt,37,37.0000,1.0000
seq-opt,sokoban,b385da4b1e45f66c852666cc4d02e7cf137eaf32,FDSS-2,fdss-2_seq-opt,37,37.0000,1.0000
seq-opt,sokoban,b385da4b1e45f66c852666cc4d02e7cf137eaf32,Fork Init,forkinit,37,37.0000,1.0000
seq-opt,sokoban,b385da4b1e45f66c852666cc4d02e7cf137eaf32,Gamer,gamer,37,37.0000,1.0000
seq-opt,sokoban,b385da4b1e45f66c852666cc4d02e7cf137eaf32,IFork Init,iforkinit,37,37.0000,1.0000
seq-opt,sokoban,b385da4b1e45f66c852666cc4d02e7cf137eaf32,LM-cut,lmcut,37,37.0000,1.0000
seq-opt,sokoban,b385da4b1e45f66c852666cc4d02e7cf137eaf32,LMFork,lmfork,37,37.0000,1.0000
seq-opt,sokoban,b385da4b1e45f66c852666cc4d02e7cf137eaf32,Merge and Shrink,merge-and-shrink,37,37.0000,1.0000
seq-opt,sokoban,b385da4b1e45f66c852666cc4d02e7cf137eaf32,Selective Max,selmax,37,37.0000,1.0000
seq-opt,sokoban,dc099c9e49fb18736e1a7aed90b355b2d3483efa,BJOLP,bjolp,19,19.0000,1.0000
seq-opt,sokoban,dc099c9e49fb18736e1a7aed90b355b2d3483efa,FD-Autotune,fd-autotune,19,19.0000,1.0000
seq-opt,sokoban,dc099c9e49fb18736e1a7aed90b355b2d3483efa,FDSS-1,fdss-1_seq-opt,19,19.0000,1.0000
seq-opt,sokoban,dc099c9e49fb18736e1a7aed90b355b2d3483efa,FDSS-2,fdss-2_seq-opt,19,19.0000,1.0000
seq-opt,sokoban,dc099c9e49fb18736e1a7aed90b355b2d3483efa,Fork Init,forkinit,19,19.0000,1.0000
seq-opt,sokoban,dc099c9e49fb18736e1a7aed90b355b2d3483efa,Gamer,gamer,19,19.0000,1.0000
seq-opt,sokoban,dc099c9e49fb18736e1a7aed90b355b2d3483efa,IFork Init,iforkinit,19,19.0000,1.0000
seq-opt,sokoban,dc099c9e49fb18736e1a7aed90b355b2d3483efa,LM-cut,lmcut,19,19.0000,1.0000
seq-opt,sokoban,dc099c9e49fb18736e1a7aed90b355b2d3483efa,LMFork,lmfork,19,19.0000,1.0000
seq-opt,sokoban,dc099c9e49fb18736e1a7aed90b355b2d3483efa,Merge and Shrink,merge-and-shrink,19,19.0000,1.0000
seq-opt,sokoban,dc099c9e49fb18736e1a7aed90b355b2d3483efa,Selective Max,selmax,19,19.0000,1.0000
seq-opt,sokoban,ebd98524ba9649c1a5cec6b80abfbc568338a083,BJOLP,bjolp,29,29.0000,1.0000
seq-opt,sokoban,ebd98524ba9649c1a5cec6b80abfbc568338a083,FD-Autotune,fd-autotune,29,29.0000,1.0000
seq-opt,sokoban,ebd98524ba9649c1a5cec6b80abfbc568338a083,FDSS-1,fdss-1_seq-opt,29,29.0000,1.0000
seq-opt,sokoban,ebd98524ba9649c1a5cec6b80abfbc568338a083,FDSS-2,fdss-2_seq-opt,29,29.0000,1.0000
seq-opt,sokoban,ebd98524ba9649c1a5cec6b80abfbc568338a083,Fork Init,forkinit,29,29.0000,1.0000
seq-opt,sokoban,ebd98524ba9649c1a5cec6b80abfbc568338a083,Gamer,gamer,29,29.0000,1.0000
seq-opt,sokoban,ebd98524ba9649c1a5cec6b80abfbc568338a083,IFork Init,iforkinit,29,29.0000,1.0000
seq-opt,sokoban,ebd98524ba9649c1a5cec6b80abfbc568338a083,LM-cut,lmcut,29,29.0000,1.0000
seq-opt,sokoban,ebd98524ba9649c1a5cec6b80abfbc568338a083,LMFork,lmfork,29,29.0000,1.0000
seq-opt,sokoban,ebd98524ba9649c1a5cec6b80abfbc568338a083,Merge and Shrink,merge-and-shrink,29,29.0000,1.0000
seq-opt,sokoban,ebd98524ba9649c1a5cec6b80abfbc568338a083,Selective Max,selmax,29,29.0000,1.0000
seq-opt,tidybot,04c995595e77fc5c4dce069b2180ef7a384c63a0,BJOLP,bjolp,17,17.0000,1.0000
seq-opt,tidybot,04c995595e77fc5c4dce069b2180ef7a384c63a0,FD-Autotune,fd-autotune,17,17.0000,1.0000
seq-opt,tidybot,04c995595e77fc5c4dce069b2180ef7a384c63a0,FDSS-1,fdss-1_seq-opt,17,17.0000,1.0000
seq-opt,tidybot,04c995595e77fc5c4dce069b2180ef7a384c63a0,FDSS-2,fdss-2_seq-opt,17,17.0000,1.0000
seq-opt,tidybot,04c995595e77fc5c4dce069b2180ef7a384c63a0,Fork Init,forkinit,17,17.0000,1.0000
seq-opt,tidybot,04c995595e77fc5c4dce069b2180ef7a384c63a0,IFork Init,iforkinit,17,17.0000,1.0000
seq-opt,tidybot,04c995595e77fc5c4dce069b2180ef7a384c63a0,LM-cut,lmcut,17,17.0000,1.0000
seq-opt,tidybot,04c995595e77fc5c4dce069b2180ef7a384c63a0,LMFork,lmfork,17,17.0000,1.0000
seq-opt,tidybot,04c995595e77fc5c4dce069b2180ef7a384c63a0,Merge and Shrink,merge-and-shrink,17,17.0000,1.0000
seq-opt,tidybot,04c995595e77fc5c4dce069b2180ef7a384c63a0,Selective Max,selmax,17,17.0000,1.0000
seq-opt,tidybot,0c477b2af9725e02afd2dbc42f564aaaac12e90c,BJOLP,bjolp,16,16.0000,1.0000
seq-opt,tidybot,0c477b2af9725e02afd2dbc42f564aaaac12e90c,FD-Autotune,fd-autotune,16,16.0000,1.0000
seq-opt,tidybot,0c477b2af9725e02afd2dbc42f564aaaac12e90c,FDSS-1,fdss-1_seq-opt,16,16.0000,1.0000
seq-opt,tidybot,0c477b2af9725e02afd2dbc42f564aaaac12e90c,FDSS-2,fdss-2_seq-opt,16,16.0000,1.0000
seq-opt,tidybot,0c477b2af9725e02afd2dbc42f564aaaac12e90c,Fork Init,forkinit,16,16.0000,1.0000
seq-opt,tidybot,0c477b2af9725e02afd2dbc42f564aaaac12e90c,IFork Init,iforkinit,16,16.0000,1.0000
seq-opt,tidybot,0c477b2af9725e02afd2dbc42f564aaaac12e90c,LM-cut,lmcut,16,16.0000,1.0000
seq-opt,tidybot,0c477b2af9725e02afd2dbc42f564aaaac12e90c,LMFork,lmfork,16,16.0000,1.0000
seq-opt,tidybot,0c477b2af9725e02afd2dbc42f564aaaac12e90c,Merge and Shrink,merge-and-shrink,16,16.0000,1.0000
seq-opt,tidybot,0c477b2af9725e02afd2dbc42f564aaaac12e90c,Selective Max,selmax,16,16.0000,1.0000
seq-opt,tidybot,129ca03a1d9652a5729e5508532da04f143b9c8d,BJOLP,bjolp,37,37.0000,1.0000
seq-opt,tidybot,129ca03a1d9652a5729e5508532da04f143b9c8d,FD-Autotune,fd-autotune,37,37.0000,1.0000
seq-opt,tidybot,129ca03a1d9652a5729e5508532da04f143b9c8d,FDSS-1,fdss-1_seq-opt,37,37.0000,1.0000
seq-opt,tidybot,129ca03a1d9652a5729e5508532da04f143b9c8d,FDSS-2,fdss-2_seq-opt,37,37.0000,1.0000
seq-opt,tidybot,129ca03a1d9652a5729e5508532da04f143b9c8d,Fork Init,forkinit,37,37.0000,1.0000
seq-opt,tidybot,129ca03a1d9652a5729e5508532da04f143b9c8d,IFork Init,iforkinit,37,37.0000,1.0000
seq-opt,tidybot,129ca03a1d9652a5729e5508532da04f143b9c8d,LM-cut,lmcut,37,37.0000,1.0000
seq-opt,tidybot,129ca03a1d9652a5729e5508532da04f143b9c8d,LMFork,lmfork,37,37.0000,1.0000
seq-opt,tidybot,129ca03a1d9652a5729e5508532da04f143b9c8d,Merge and Shrink,merge-and-shrink,37,37.0000,1.0000
seq-opt,tidybot,129ca03a1d9652a5729e5508532da04f143b9c8d,Selective Max,selmax,37,37.0000,1.0000
seq-opt,tidybot,3df2bd5444af137cc6dfe00e49017d0f7bbe0e40,BJOLP,bjolp,25,25.0000,1.0000
seq-opt,tidybot,3df2bd5444af137cc6dfe00e49017d0f7bbe0e40,FD-Autotune,fd-autotune,25,25.0000,1.0000
seq-opt,tidybot,3df2bd5444af137cc6dfe00e49017d0f7bbe0e40,FDSS-1,fdss-1_seq-opt,25,25.0000,1.0000
seq-opt,tidybot,3df2bd5444af137cc6dfe00e49017d0f7bbe0e40,FDSS-2,fdss-2_seq-opt,25,25.0000,1.0000
seq-opt,tidybot,3df2bd5444af137cc6dfe00e49017d0f7bbe0e40,Fork Init,forkinit,25,25.0000,1.0000
seq-opt,tidybot,3df2bd5444af137cc6dfe00e49017d0f7bbe0e40,IFork Init,iforkinit,25,25.0000,1.0000
seq-opt,tidybot,3df2bd5444af137cc6dfe00e49017d0f7bbe0e40,LM-cut,lmcut,25,25.0000,1.0000
seq-opt,tidybot,3df2bd5444af137cc6dfe00e49017d0f7bbe0e40,LMFork,lmfork,25,25.0000,1.0000
seq-opt,tidybot,3df2bd5444af137cc6dfe00e49017d0f7bbe0e40,Merge and Shrink,merge-and-shrink,25,25.0000,1.0000
seq-opt,tidybot,3df2bd5444af137cc6dfe00e49017d0f7bbe0e40,Selective Max,selmax,25,25.0000,1.0000
seq-opt,tidybot,424eff3e78797dfb87351e76460cbc8bd047a995,BJOLP,bjolp,30,30.0000,1.0000
seq-opt,tidybot,424eff3e78797dfb87351e76460cbc8bd047a995,FD-Autotune,fd-autotune,30,30.0000,1.0000
seq-opt,tidybot,424eff3e78797dfb87351e76460cbc8bd047a995,FDSS-1,fdss-1_seq-opt,30,30.0000,1.0000
seq-opt,tidybot,424eff3e78797dfb87351e76460cbc8bd047a995,FDSS-2,fdss-2_seq-opt,30,30.0000,1.0000
seq-opt,tidybot,424eff3e78797dfb87351e76460cbc8bd047a995,Fork Init,forkinit,30,30.0000,1.0000
seq-opt,tidybot,424eff3e78797dfb87351e76460cbc8bd047a995,IFork Init,iforkinit,30,30.0000,1.0000
seq-opt,tidybot,424eff3e78797dfb87351e76460cbc8bd047a995,LM-cut,lmcut,30,30.0000,1.0000
seq-opt,tidybot,424eff3e78797dfb87351e76460cbc8bd047a995,LMFork,lmfork,30,30.0000,1.0000
seq-opt,tidybot,424eff3e78797dfb87351e76460cbc8bd047a995,Merge and Shrink,merge-and-shrink,30,30.0000,1.0000
seq-opt,tidybot,424eff3e78797dfb87351e76460cbc8bd047a995,Selective Max,selmax,30,30.0000,1.0000
seq-opt,tidybot,476cf140b51803cfe49db9655ace8ac63c7fa6bf,BJOLP,bjolp,4,4.0000,1.0000
seq-opt,tidybot,476cf140b51803cfe49db9655ace8ac63c7fa6bf,FD-Autotune,fd-autotune,4,4.0000,1.0000
seq-opt,tidybot,476cf140b51803cfe49db9655ace8ac63c7fa6bf,FDSS-1,fdss-1_seq-opt,4,4.0000,1.0000
seq-opt,tidybot,476cf140b51803cfe49db9655ace8ac63c7fa6bf,FDSS-2,fdss-2_seq-opt,4,4.0000,1.0000
seq-opt,tidybot,476cf140b51803cfe49db9655ace8ac63c7fa6bf,Fork Init,forkinit,4,4.0000,1.0000
seq-opt,tidybot,476cf140b51803cfe49db9655ace8ac63c7fa6bf,IFork Init,iforkinit,4,4.0000,1.0000
seq-opt,tidybot,476cf140b51803cfe49db9655ace8ac63c7fa6bf,LM-cut,lmcut,4,4.0000,1.0000
seq-opt,tidybot,476cf140b51803cfe49db9655ace8ac63c7fa6bf,LMFork,lmfork,4,4.0000,1.0000
seq-opt,tidybot,476cf140b51803cfe49db9655ace8ac63c7fa6bf,Merge and Shrink,merge-and-shrink,4,4.0000,1.0000
seq-opt,tidybot,476cf140b51803cfe49db9655ace8ac63c7fa6bf,Selective Max,selmax,4,4.0000,1.0000
seq-opt,tidybot,4a1ab6d9124997aca1d3ffc525dd240eb248591d,BJOLP,bjolp,33,33.0000,1.0000
seq-opt,tidybot,4a1ab6d9124997aca1d3ffc525dd240eb248591d,FD-Autotune,fd-autotune,33,33.0000,1.0000
seq-opt,tidybot,4a1ab6d9124997aca1d3ffc525dd240eb248591d,FDSS-1,fdss-1_seq-opt,33,33.0000,1.0000
seq-opt,tidybot,4a1ab6d9124997aca1d3ffc525dd240eb248591d,FDSS-2,fdss-2_seq-opt,33,33.0000,1.0000
seq-opt,tidybot,4a1ab6d9124997aca1d3ffc525dd240eb248591d,Fork Init,forkinit,33,33.0000,1.0000
seq-opt,tidybot,4a1ab6d9124997aca1d3ffc525dd240eb248591d,IFork Init,iforkinit,33,33.0000,1.0000
seq-opt,tidybot,4a1ab6d9124997aca1d3ffc525dd240eb248591d,LM-cut,lmcut,33,33.0000,1.0000
seq-opt,tidybot,4a1ab6d9124997aca1d3ffc525dd240eb248591d,LMFork,lmfork,33,33.0000,1.0000
seq-opt,tidybot,4a1ab6d9124997aca1d3ffc525dd240eb248591d,Merge and Shrink,merge-and-shrink,33,33.0000,1.0000
seq-opt,tidybot,4a1ab6d9124997aca1d3ffc525dd240eb248591d,Selective Max,selmax,33,33.0000,1.0000
seq-opt,tidybot,4c95a4edeeb13b922aea994187e3bf0c0cf96785,BJOLP,bjolp,35,35.0000,1.0000
seq-opt,tidybot,4c95a4edeeb13b922aea994187e3bf0c0cf96785,FD-Autotune,fd-autotune,35,35.0000,1.0000
seq-opt,tidybot,4c95a4edeeb13b922aea994187e3bf0c0cf96785,FDSS-1,fdss-1_seq-opt,35,35.0000,1.0000
seq-opt,tidybot,4c95a4edeeb13b922aea994187e3bf0c0cf96785,FDSS-2,fdss-2_seq-opt,35,35.0000,1.0000
seq-opt,tidybot,4c95a4edeeb13b922aea994187e3bf0c0cf96785,Fork Init,forkinit,35,35.0000,1.0000
seq-opt,tidybot,4c95a4edeeb13b922aea994187e3bf0c0cf96785,IFork Init,iforkinit,35,35.0000,1.0000
seq-opt,tidybot,4c95a4edeeb13b922aea994187e3bf0c0cf96785,LM-cut,lmcut,35,35.0000,1.0000
seq-opt,tidybot,4c95a4edeeb13b922aea994187e3bf0c0cf96785,LMFork,lmfork,35,35.0000,1.0000
seq-opt,tidybot,4c95a4edeeb13b922aea994187e3bf0c0cf96785,Selective Max,selmax,35,35.0000,1.0000
seq-opt,tidybot,7d7d8a90c76fae23975d75cb635d0da3b164e394,BJOLP,bjolp,32,32.0000,1.0000
seq-opt,tidybot,7d7d8a90c76fae23975d75cb635d0da3b164e394,FD-Autotune,fd-autotune,32,32.0000,1.0000
seq-opt,tidybot,7d7d8a90c76fae23975d75cb635d0da3b164e394,FDSS-1,fdss-1_seq-opt,32,32.0000,1.0000
seq-opt,tidybot,7d7d8a90c76fae23975d75cb635d0da3b164e394,FDSS-2,fdss-2_seq-opt,32,32.0000,1.0000
seq-opt,tidybot,7d7d8a90c76fae23975d75cb635d0da3b164e394,Fork Init,forkinit,32,32.0000,1.0000
seq-opt,tidybot,7d7d8a90c76fae23975d75cb635d0da3b164e394,IFork Init,iforkinit,32,32.0000,1.0000
seq-opt,tidybot,7d7d8a90c76fae23975d75cb635d0da3b164e394,LM-cut,lmcut,32,32.0000,1.0000
seq-opt,tidybot,7d7d8a90c76fae23975d75cb635d0da3b164e394,LMFork,lmfork,32,32.0000,1.0000
seq-opt,tidybot,7d7d8a90c76fae23975d75cb635d0da3b164e394,Merge and Shrink,merge-and-shrink,32,32.0000,1.0000
seq-opt,tidybot,7d7d8a90c76fae23975d75cb635d0da3b164e394,Selective Max,selmax,32,32.0000,1.0000
seq-opt,tidybot,a769d4176dcae1a34591dba0a9112aa1176d65ec,BJOLP,bjolp,29,29.0000,1.0000
seq-opt,tidybot,a769d4176dcae1a34591dba0a9112aa1176d65ec,FD-Autotune,fd-autotune,29,29.0000,1.0000
seq-opt,tidybot,a769d4176dcae1a34591dba0a9112aa1176d65ec,FDSS-1,fdss-1_seq-opt,29,29.0000,1.0000
seq-opt,tidybot,a769d4176dcae1a34591dba0a9112aa1176d65ec,FDSS-2,fdss-2_seq-opt,29,29.0000,1.0000
seq-opt,tidybot,a769d4176dcae1a34591dba0a9112aa1176d65ec,Fork Init,forkinit,29,29.0000,1.0000
seq-opt,tidybot,a769d4176dcae1a34591dba0a9112aa1176d65ec,IFork Init,iforkinit,29,29.0000,1.0000
seq-opt,tidybot,a769d4176dcae1a34591dba0a9112aa1176d65ec,LM-cut,lmcut,29,29.0000,1.0000
seq-opt,tidybot,a769d4176dcae1a34591dba0a9112aa1176d65ec,LMFork,lmfork,29,29.0000,1.0000
seq-opt,tidybot,a769d4176dcae1a34591dba0a9112aa1176d65ec,Merge and Shrink,merge-and-shrink,29,29.0000,1.0000
seq-opt,tidybot,a769d4176dcae1a34591dba0a9112aa1176d65ec,Selective Max,selmax,29,29.0000,1.0000
seq-opt,tidybot,bde5e0c6f16799353294ba827f2190c8cc81123d,BJOLP,bjolp,27,27.0000,1.0000
seq-opt,tidybot,bde5e0c6f16799353294ba827f2190c8cc81123d,FD-Autotune,fd-autotune,27,27.0000,1.0000
seq-opt,tidybot,bde5e0c6f16799353294ba827f2190c8cc81123d,FDSS-1,fdss-1_seq-opt,27,27.0000,1.0000
seq-opt,tidybot,bde5e0c6f16799353294ba827f2190c8cc81123d,FDSS-2,fdss-2_seq-opt,27,27.0000,1.0000
seq-opt,tidybot,bde5e0c6f16799353294ba827f2190c8cc81123d,Fork Init,forkinit,27,27.0000,1.0000
seq-opt,tidybot,bde5e0c6f16799353294ba827f2190c8cc81123d,IFork Init,iforkinit,27,27.0000,1.0000
seq-opt,tidybot,bde5e0c6f16799353294ba827f2190c8cc81123d,LM-cut,lmcut,27,27.0000,1.0000
seq-opt,tidybot,bde5e0c6f16799353294ba827f2190c8cc81123d,LMFork,lmfork,27,27.0000,1.0000
seq-opt,tidybot,bde5e0c6f16799353294ba827f2190c8cc81123d,Merge and Shrink,merge-and-shrink,27,27.0000,1.0000
seq-opt,tidybot,bde5e0c6f16799353294ba827f2190c8cc81123d,Selective Max,selmax,27,27.0000,1.0000
seq-opt,tidybot,c2f60a7e4d411cd1f1243757a4b5a48ebc99eebe,BJOLP,bjolp,32,32.0000,1.0000
seq-opt,tidybot,c2f60a7e4d411cd1f1243757a4b5a48ebc99eebe,FD-Autotune,fd-autotune,32,32.0000,1.0000
seq-opt,tidybot,c2f60a7e4d411cd1f1243757a4b5a48ebc99eebe,FDSS-1,fdss-1_seq-opt,32,32.0000,1.0000
seq-opt,tidybot,c2f60a7e4d411cd1f1243757a4b5a48ebc99eebe,FDSS-2,fdss-2_seq-opt,32,32.0000,1.0000
seq-opt,tidybot,c2f60a7e4d411cd1f1243757a4b5a48ebc99eebe,Fork Init,forkinit,32,32.0000,1.0000
seq-opt,tidybot,c2f60a7e4d411cd1f1243757a4b5a48ebc99eebe,IFork Init,iforkinit,32,32.0000,1.0000
seq-opt,tidybot,c2f60a7e4d411cd1f1243757a4b5a48ebc99eebe,LM-cut,lmcut,32,32.0000,1.0000
seq-opt,tidybot,c2f60a7e4d411cd1f1243757a4b5a48ebc99eebe,LMFork,lmfork,32,32.0000,1.0000
seq-opt,tidybot,c2f60a7e4d411cd1f1243757a4b5a48ebc99eebe,Merge and Shrink,merge-and-shrink,32,32.0000,1.0000
seq-opt,tidybot,c2f60a7e4d411cd1f1243757a4b5a48ebc99eebe,Selective Max,selmax,32,32.0000,1.0000
seq-opt,tidybot,e2c60188e551a6de5e466df5d4519e01c3b49c8a,BJOLP,bjolp,38,38.0000,1.0000
seq-opt,tidybot,e2c60188e551a6de5e466df5d4519e01c3b49c8a,FD-Autotune,fd-autotune,38,38.0000,1.0000
seq-opt,tidybot,e2c60188e551a6de5e466df5d4519e01c3b49c8a,FDSS-1,fdss-1_seq-opt,38,38.0000,1.0000
seq-opt,tidybot,e2c60188e551a6de5e466df5d4519e01c3b49c8a,FDSS-2,fdss-2_seq-opt,38,38.0000,1.0000
seq-opt,tidybot,e2c60188e551a6de5e466df5d4519e01c3b49c8a,Fork Init,forkinit,38,38.0000,1.0000
seq-opt,tidybot,e2c60188e551a6de5e466df5d4519e01c3b49c8a,IFork Init,iforkinit,38,38.0000,1.0000
seq-opt,tidybot,e2c60188e551a6de5e466df5d4519e01c3b49c8a,LM-cut,lmcut,38,38.0000,1.0000
seq-opt,tidybot,e2c60188e551a6de5e466df5d4519e01c3b49c8a,LMFork,lmfork,38,38.0000,1.0000
seq-opt,tidybot,e2c60188e551a6de5e466df5d4519e01c3b49c8a,Merge and Shrink,merge-and-shrink,38,38.0000,1.0000
seq-opt,tidybot,e2c60188e551a6de5e466df5d4519e01c3b49c8a,Selective Max,selmax,38,38.0000,1.0000
seq-opt,tidybot,f401d8a4c66e63f9ce604afd8015582084fcc9e5,BJOLP,bjolp,29,29.0000,1.0000
seq-opt,tidybot,f401d8a4c66e63f9ce604afd8015582084fcc9e5,FD-Autotune,fd-autotune,29,29.0000,1.0000
seq-opt,tidybot,f401d8a4c66e63f9ce604afd8015582084fcc9e5,FDSS-1,fdss-1_seq-opt,29,29.0000,1.0000
seq-opt,tidybot,f401d8a4c66e63f9ce604afd8015582084fcc9e5,FDSS-2,fdss-2_seq-opt,29,29.0000,1.0000
seq-opt,tidybot,f401d8a4c66e63f9ce604afd8015582084fcc9e5,Fork Init,forkinit,29,29.0000,1.0000
seq-opt,tidybot,f401d8a4c66e63f9ce604afd8015582084fcc9e5,IFork Init,iforkinit,29,29.0000,1.0000
seq-opt,tidybot,f401d8a4c66e63f9ce604afd8015582084fcc9e5,LM-cut,lmcut,29,29.0000,1.0000
seq-opt,tidybot,f401d8a4c66e63f9ce604afd8015582084fcc9e5,LMFork,lmfork,29,29.0000,1.0000
seq-opt,tidybot,f401d8a4c66e63f9ce604afd8015582084fcc9e5,Merge and Shrink,merge-and-shrink,29,29.0000,1.0000
seq-opt,tidybot,f401d8a4c66e63f9ce604afd8015582084fcc9e5,Selective Max,selmax,29,29.0000,1.0000
seq-opt,transport,135f4a4e50bc77069d6b79e193e74e7d14a6562b,BJOLP,bjolp,630,630.0000,1.0000
seq-opt,transport,135f4a4e50bc77069d6b79e193e74e7d14a6562b,FD-Autotune,fd-autotune,630,630.0000,1.0000
seq-opt,transport,135f4a4e50bc77069d6b79e193e74e7d14a6562b,FDSS-1,fdss-1_seq-opt,630,630.0000,1.0000
seq-opt,transport,135f4a4e50bc77069d6b79e193e74e7d14a6562b,FDSS-2,fdss-2_seq-opt,630,630.0000,1.0000
seq-opt,transport,135f4a4e50bc77069d6b79e193e74e7d14a6562b,Fork Init,forkinit,630,630.0000,1.0000
seq-opt,transport,135f4a4e50bc77069d6b79e193e74e7d14a6562b,Gamer,gamer,630,630.0000,1.0000
seq-opt,transport,135f4a4e50bc77069d6b79e193e74e7d14a6562b,IFork Init,iforkinit,630,630.0000,1.0000
seq-opt,transport,135f4a4e50bc77069d6b79e193e74e7d14a6562b,LM-cut,lmcut,630,630.0000,1.0000
seq-opt,transport,135f4a4e50bc77069d6b79e193e74e7d14a6562b,LMFork,lmfork,630,630.0000,1.0000
seq-opt,transport,135f4a4e50bc77069d6b79e193e74e7d14a6562b,Merge and Shrink,merge-and-shrink,630,630.0000,1.0000
seq-opt,transport,135f4a4e50bc77069d6b79e193e74e7d14a6562b,Selective Max,selmax,630,630.0000,1.0000
seq-opt,transport,5a4b372dce5e2df44ab1923b44015be8e3ea3df7,BJOLP,bjolp,250,250.0000,1.0000
seq-opt,transport,5a4b372dce5e2df44ab1923b44015be8e3ea3df7,FD-Autotune,fd-autotune,250,250.0000,1.0000
seq-opt,transport,5a4b372dce5e2df44ab1923b44015be8e3ea3df7,FDSS-1,fdss-1_seq-opt,250,250.0000,1.0000
seq-opt,transport,5a4b372dce5e2df44ab1923b44015be8e3ea3df7,FDSS-2,fdss-2_seq-opt,250,250.0000,1.0000
seq-opt,transport,5a4b372dce5e2df44ab1923b44015be8e3ea3df7,Fork Init,forkinit,250,250.0000,1.0000
seq-opt,transport,5a4b372dce5e2df44ab1923b44015be8e3ea3df7,Gamer,gamer,250,250.0000,1.0000
seq-opt,transport,5a4b372dce5e2df44ab1923b44015be8e3ea3df7,IFork Init,iforkinit,250,250.0000,1.0000
seq-opt,transport,5a4b372dce5e2df44ab1923b44015be8e3ea3df7,LM-cut,lmcut,250,250.0000,1.0000
seq-opt,transport,5a4b372dce5e2df44ab1923b44015be8e3ea3df7,LMFork,lmfork,250,250.0000,1.0000
seq-opt,transport,5a4b372dce5e2df44ab1923b44015be8e3ea3df7,Merge and Shrink,merge-and-shrink,250,250.0000,1.0000
seq-opt,transport,5a4b372dce5e2df44ab1923b44015be8e3ea3df7,Selective Max,selmax,250,250.0000,1.0000
seq-opt,transport,688e28328a14aab86ff42fa3ea03acb6aa26d90c,BJOLP,bjolp,614,614.0000,1.0000
seq-opt,transport,688e28328a14aab86ff42fa3ea03acb6aa26d90c,FD-Autotune,fd-autotune,614,614.0000,1.0000
seq-opt,transport,688e28328a14aab86ff42fa3ea03acb6aa26d90c,FDSS-1,fdss-1_seq-opt,614,614.0000,1.0000
seq-opt,transport,688e28328a14aab86ff42fa3ea03acb6aa26d90c,FDSS-2,fdss-2_seq-opt,614,614.0000,1.0000
seq-opt,transport,688e28328a14aab86ff42fa3ea03acb6aa26d90c,Fork Init,forkinit,614,614.0000,1.0000
seq-opt,transport,688e28328a14aab86ff42fa3ea03acb6aa26d90c,Gamer,gamer,614,614.0000,1.0000
seq-opt,transport,688e28328a14aab86ff42fa3ea03acb6aa26d90c,IFork Init,iforkinit,614,614.0000,1.0000
seq-opt,transport,688e28328a14aab86ff42fa3ea03acb6aa26d90c,LM-cut,lmcut,614,614.0000,1.0000
seq-opt,transport,688e28328a14aab86ff42fa3ea03acb6aa26d90c,LMFork,lmfork,614,614.0000,1.0000
seq-opt,transport,688e28328a14aab86ff42fa3ea03acb6aa26d90c,Merge and Shrink,merge-and-shrink,614,614.0000,1.0000
seq-opt,transport,688e28328a14aab86ff42fa3ea03acb6aa26d90c,Selective Max,selmax,614,614.0000,1.0000
seq-opt,transport,8208c818b8ee095b76d116d31a5b0c9f67d605de,BJOLP,bjolp,594,594.0000,1.0000
seq-opt,transport,8208c818b8ee095b76d116d31a5b0c9f67d605de,FD-Autotune,fd-autotune,594,594.0000,1.0000
seq-opt,transport,8208c818b8ee095b76d116d31a5b0c9f67d605de,FDSS-1,fdss-1_seq-opt,594,594.0000,1.0000
seq-opt,transport,8208c818b8ee095b76d116d31a5b0c9f67d605de,FDSS-2,fdss-2_seq-opt,594,594.0000,1.0000
seq-opt,transport,8208c818b8ee095b76d116d31a5b0c9f67d605de,Fork Init,forkinit,594,594.0000,1.0000
seq-opt,transport,8208c818b8ee095b76d116d31a5b0c9f67d605de,Gamer,gamer,594,594.0000,1.0000
seq-opt,transport,8208c818b8ee095b76d116d31a5b0c9f67d605de,IFork Init,iforkinit,594,594.0000,1.0000
seq-opt,transport,8208c818b8ee095b76d116d31a5b0c9f67d605de,LM-cut,lmcut,594,594.0000,1.0000
seq-opt,transport,8208c818b8ee095b76d116d31a5b0c9f67d605de,LMFork,lmfork,594,594.0000,1.0000
seq-opt,transport,8208c818b8ee095b76d116d31a5b0c9f67d605de,Merge and Shrink,merge-and-shrink,594,594.0000,1.0000
seq-opt,transport,8208c818b8ee095b76d116d31a5b0c9f67d605de,Selective Max,selmax,594,594.0000,1.0000
seq-opt,transport,8a76a93dde42755e0a45159eb7a5b2cb26137737,BJOLP,bjolp,318,318.0000,1.0000
seq-opt,transport,8a76a93dde42755e0a45159eb7a5b2cb26137737,FD-Autotune,fd-autotune,318,318.0000,1.0000
seq-opt,transport,8a76a93dde42755e0a45159eb7a5b2cb26137737,FDSS-1,fdss-1_seq-opt,318,318.0000,1.0000
seq-opt,transport,8a76a93dde42755e0a45159eb7a5b2cb26137737,FDSS-2,fdss-2_seq-opt,318,318.0000,1.0000
seq-opt,transport,8a76a93dde42755e0a45159eb7a5b2cb26137737,Fork Init,forkinit,318,318.0000,1.0000
seq-opt,transport,8a76a93dde42755e0a45159eb7a5b2cb26137737,Gamer,gamer,318,318.0000,1.0000
seq-opt,transport,8a76a93dde42755e0a45159eb7a5b2cb26137737,IFork Init,iforkinit,318,318.0000,1.0000
seq-opt,transport,8a76a93dde42755e0a45159eb7a5b2cb26137737,LM-cut,lmcut,318,318.0000,1.0000
seq-opt,transport,8a76a93dde42755e0a45159eb7a5b2cb26137737,LMFork,lmfork,318,318.0000,1.0000
seq-opt,transport,8a76a93dde42755e0a45159eb7a5b2cb26137737,Merge and Shrink,merge-and-shrink,318,318.0000,1.0000
seq-opt,transport,8a76a93dde42755e0a45159eb7a5b2cb26137737,Selective Max,selmax,318,318.0000,1.0000
seq-opt,transport,c55a2abc874876b905c7a50b1f0e3c88e1ef61e0,BJOLP,bjolp,332,332.0000,1.0000
seq-opt,transport,f771eeb808ca7ef952e3563a6fa3ea9f4b6339b1,FDSS-1,fdss-1_seq-opt,282,282.0000,1.0000
seq-opt,transport,f771eeb808ca7ef952e3563a6fa3ea9f4b6339b1,FDSS-2,fdss-2_seq-opt,282,282.0000,1.0000
seq-opt,transport,f771eeb808ca7ef952e3563a6fa3ea9f4b6339b1,Gamer,gamer,282,282.0000,1.0000
seq-opt,transport,f771eeb808ca7ef952e3563a6fa3ea9f4b6339b1,Merge and Shrink,merge-and-shrink,282,282.0000,1.0000
seq-opt,transport,f85e206a9b3a96f54265df9068276dab17d1f7a3,BJOLP,bjolp,550,550.0000,1.0000
seq-opt,transport,f85e206a9b3a96f54265df9068276dab17d1f7a3,FD-Autotune,fd-autotune,550,550.0000,1.0000
seq-opt,transport,f85e206a9b3a96f54265df9068276dab17d1f7a3,FDSS-1,fdss-1_seq-opt,550,550.0000,1.0000
seq-opt,transport,f85e206a9b3a96f54265df9068276dab17d1f7a3,FDSS-2,fdss-2_seq-opt,550,550.0000,1.0000
seq-opt,transport,f85e206a9b3a96f54265df9068276dab17d1f7a3,Fork Init,forkinit,550,550.0000,1.0000
seq-opt,transport,f85e206a9b3a96f54265df9068276dab17d1f7a3,Gamer,gamer,550,550.0000,1.0000
seq-opt,transport,f85e206a9b3a96f54265df9068276dab17d1f7a3,IFork Init,iforkinit,550,550.0000,1.0000
seq-opt,transport,f85e206a9b3a96f54265df9068276dab17d1f7a3,LM-cut,lmcut,550,550.0000,1.0000
seq-opt,transport,f85e206a9b3a96f54265df9068276dab17d1f7a3,LMFork,lmfork,550,550.0000,1.0000
seq-opt,transport,f85e206a9b3a96f54265df9068276dab17d1f7a3,Merge and Shrink,merge-and-shrink,550,550.0000,1.0000
seq-opt,transport,f85e206a9b3a96f54265df9068276dab17d1f7a3,Selective Max,selmax,550,550.0000,1.0000
seq-opt,visitall,01f4f8fa75e035db387618c46342a1c6181660e2,BJOLP,bjolp,8,8.0000,1.0000
seq-opt,visitall,01f4f8fa75e035db387618c46342a1c6181660e2,CPT4,cpt4_seq-opt,8,8.0000,1.0000
seq-opt,visitall,01f4f8fa75e035db387618c46342a1c6181660e2,FD-Autotune,fd-autotune,8,8.0000,1.0000
seq-opt,visitall,01f4f8fa75e035db387618c46342a1c6181660e2,FDSS-1,fdss-1_seq-opt,8,8.0000,1.0000
seq-opt,visitall,01f4f8fa75e035db387618c46342a1c6181660e2,FDSS-2,fdss-2_seq-opt,8,8.0000,1.0000
seq-opt,visitall,01f4f8fa75e035db387618c46342a1c6181660e2,Fork Init,forkinit,8,8.0000,1.0000
seq-opt,visitall,01f4f8fa75e035db387618c46342a1c6181660e2,Gamer,gamer,8,8.0000,1.0000
seq-opt,visitall,01f4f8fa75e035db387618c46342a1c6181660e2,IFork Init,iforkinit,8,8.0000,1.0000
seq-opt,visitall,01f4f8fa75e035db387618c46342a1c6181660e2,LM-cut,lmcut,8,8.0000,1.0000
seq-opt,visitall,01f4f8fa75e035db387618c46342a1c6181660e2,LMFork,lmfork,8,8.0000,1.0000
seq-opt,visitall,01f4f8fa75e035db387618c46342a1c6181660e2,Merge and Shrink,merge-and-shrink,8,8.0000,1.0000
seq-opt,visitall,01f4f8fa75e035db387618c46342a1c6181660e2,Selective Max,selmax,8,8.0000,1.0000
seq-opt,visitall,03d9c1c0c5f46851cfc675f5b443af3385598b43,BJOLP,bjolp,18,18.0000,1.0000
seq-opt,visitall,03d9c1c0c5f46851cfc675f5b443af3385598b43,CPT4,cpt4_seq-opt,18,18.0000,1.0000
seq-opt,visitall,03d9c1c0c5f46851cfc675f5b443af3385598b43,FD-Autotune,fd-autotune,18,18.0000,1.0000
seq-opt,visitall,03d9c1c0c5f46851cfc675f5b443af3385598b43,FDSS-1,fdss-1_seq-opt,18,18.0000,1.0000
seq-opt,visitall,03d9c1c0c5f46851cfc675f5b443af3385598b43,FDSS-2,fdss-2_seq-opt,18,18.0000,1.0000
seq-opt,visitall,03d9c1c0c5f46851cfc675f5b443af3385598b43,Fork Init,forkinit,18,18.0000,1.0000
seq-opt,visitall,03d9c1c0c5f46851cfc675f5b443af3385598b43,Gamer,gamer,18,18.0000,1.0000
seq-opt,visitall,03d9c1c0c5f46851cfc675f5b443af3385598b43,IFork Init,iforkinit,18,18.0000,1.0000
seq-opt,visitall,03d9c1c0c5f46851cfc675f5b443af3385598b43,LM-cut,lmcut,18,18.0000,1.0000
seq-opt,visitall,03d9c1c0c5f46851cfc675f5b443af3385598b43,LMFork,lmfork,18,18.0000,1.0000
seq-opt,visitall,03d9c1c0c5f46851cfc675f5b443af3385598b43,Merge and Shrink,merge-and-shrink,18,18.0000,1.0000
seq-opt,visitall,03d9c1c0c5f46851cfc675f5b443af3385598b43,Selective Max,selmax,18,18.0000,1.0000
seq-opt,visitall,651417a9f53296229f65e61605132d4809a1a66e,BJOLP,bjolp,24,24.0000,1.0000
seq-opt,visitall,651417a9f53296229f65e61605132d4809a1a66e,CPT4,cpt4_seq-opt,24,24.0000,1.0000
seq-opt,visitall,651417a9f53296229f65e61605132d4809a1a66e,FD-Autotune,fd-autotune,24,24.0000,1.0000
seq-opt,visitall,651417a9f53296229f65e61605132d4809a1a66e,FDSS-1,fdss-1_seq-opt,24,24.0000,1.0000
seq-opt,visitall,651417a9f53296229f65e61605132d4809a1a66e,FDSS-2,fdss-2_seq-opt,24,24.0000,1.0000
seq-opt,visitall,651417a9f53296229f65e61605132d4809a1a66e,Fork Init,forkinit,24,24.0000,1.0000
seq-opt,visitall,651417a9f53296229f65e61605132d4809a1a66e,Gamer,gamer,24,24.0000,1.0000
seq-opt,visitall,651417a9f53296229f65e61605132d4809a1a66e,IFork Init,iforkinit,24,24.0000,1.0000
seq-opt,visitall,651417a9f53296229f65e61605132d4809a1a66e,LM-cut,lmcut,24,24.0000,1.0000
seq-opt,visitall,651417a9f53296229f65e61605132d4809a1a66e,LMFork,lmfork,24,24.0000,1.0000
seq-opt,visitall,651417a9f53296229f65e61605132d4809a1a66e,Merge and Shrink,merge-and-shrink,24,24.0000,1.0000
seq-opt,visitall,651417a9f53296229f65e61605132d4809a1a66e,Selective Max,selmax,24,24.0000,1.0000
seq-opt,visitall,674c9fde5de4a4445fa08a4f043f0dd261485d8b,IFork Init,iforkinit,43,43.0000,1.0000
seq-opt,visitall,77fe5749e6f1c2fa116a1224d54c9f1c327a28ac,BJOLP,bjolp,11,11.0000,1.0000
seq-opt,visitall,77fe5749e6f1c2fa116a1224d54c9f1c327a28ac,CPT4,cpt4_seq-opt,11,11.0000,1.0000
seq-opt,visitall,77fe5749e6f1c2fa116a1224d54c9f1c327a28ac,FD-Autotune,fd-autotune,11,11.0000,1.0000
seq-opt,visitall,77fe5749e6f1c2fa116a1224d54c9f1c327a28ac,FDSS-1,fdss-1_seq-opt,11,11.0000,1.0000
seq-opt,visitall,77fe5749e6f1c2fa116a1224d54c9f1c327a28ac,FDSS-2,fdss-2_seq-opt,11,11.0000,1.0000
seq-opt,visitall,77fe5749e6f1c2fa116a1224d54c9f1c327a28ac,Fork Init,forkinit,11,11.0000,1.0000
seq-opt,visitall,77fe5749e6f1c2fa116a1224d54c9f1c327a28ac,Gamer,gamer,11,11.0000,1.0000
seq-opt,visitall,77fe5749e6f1c2fa116a1224d54c9f1c327a28ac,IFork Init,iforkinit,11,11.0000,1.0000
seq-opt,visitall,77fe5749e6f1c2fa116a1224d54c9f1c327a28ac,LM-cut,lmcut,11,11.0000,1.0000
seq-opt,visitall,77fe5749e6f1c2fa116a1224d54c9f1c327a28ac,LMFork,lmfork,11,11.0000,1.0000
seq-opt,visitall,77fe5749e6f1c2fa116a1224d54c9f1c327a28ac,Merge and Shrink,merge-and-shrink,11,11.0000,1.0000
seq-opt,visitall,77fe5749e6f1c2fa116a1224d54c9f1c327a28ac,Selective Max,selmax,11,11.0000,1.0000
seq-opt,visitall,7b017000514a7aca41645ec07e03e63dd0de1d61,BJOLP,bjolp,3,3.0000,1.0000
seq-opt,visitall,7b017000514a7aca41645ec07e03e63dd0de1d61,CPT4,cpt4_seq-opt,3,3.0000,1.0000
seq-opt,visitall,7b017000514a7aca41645ec07e03e63dd0de1d61,FD-Autotune,fd-autotune,3,3.0000,1.0000
seq-opt,visitall,7b017000514a7aca41645ec07e03e63dd0de1d61,FDSS-1,fdss-1_seq-opt,3,3.0000,1.0000
seq-opt,visitall,7b017000514a7aca41645ec07e03e63dd0de1d61,FDSS-2,fdss-2_seq-opt,3,3.0000,1.0000
seq-opt,visitall,7b017000514a7aca41645ec07e03e63dd0de1d61,Fork Init,forkinit,3,3.0000,1.0000
seq-opt,visitall,7b017000514a7aca41645ec07e03e63dd0de1d61,IFork Init,iforkinit,3,3.0000,1.0000
seq-opt,visitall,7b017000514a7aca41645ec07e03e63dd0de1d61,LM-cut,lmcut,3,3.0000,1.0000
seq-opt,visitall,7b017000514a7aca41645ec07e03e63dd0de1d61,LMFork,lmfork,3,3.0000,1.0000
seq-opt,visitall,7b017000514a7aca41645ec07e03e63dd0de1d61,Merge and Shrink,merge-and-shrink,3,3.0000,1.0000
seq-opt,visitall,7b017000514a7aca41645ec07e03e63dd0de1d61,Selective Max,selmax,3,3.0000,1.0000
seq-opt,visitall,7f91243ec5c71631d5c96ec8f9b38118a5b63623,FDSS-1,fdss-1_seq-opt,35,35.0000,1.0000
seq-opt,visitall,7f91243ec5c71631d5c96ec8f9b38118a5b63623,FDSS-2,fdss-2_seq-opt,35,35.0000,1.0000
seq-opt,visitall,7f91243ec5c71631d5c96ec8f9b38118a5b63623,Fork Init,forkinit,35,35.0000,1.0000
seq-opt,visitall,7f91243ec5c71631d5c96ec8f9b38118a5b63623,Gamer,gamer,35,35.0000,1.0000
seq-opt,visitall,7f91243ec5c71631d5c96ec8f9b38118a5b63623,IFork Init,iforkinit,35,35.0000,1.0000
seq-opt,visitall,7f91243ec5c71631d5c96ec8f9b38118a5b63623,LMFork,lmfork,35,35.0000,1.0000
seq-opt,visitall,7f91243ec5c71631d5c96ec8f9b38118a5b63623,Merge and Shrink,merge-and-shrink,35,35.0000,1.0000
seq-opt,visitall,922125b2e3d2faa4155e04cb07196291c611cf60,FDSS-1,fdss-1_seq-opt,63,63.0000,1.0000
seq-opt,visitall,922125b2e3d2faa4155e04cb07196291c611cf60,FDSS-2,fdss-2_seq-opt,63,63.0000,1.0000
seq-opt,visitall,922125b2e3d2faa4155e04cb07196291c611cf60,IFork Init,iforkinit,63,63.0000,1.0000
seq-opt,visitall,922125b2e3d2faa4155e04cb07196291c611cf60,Merge and Shrink,merge-and-shrink,63,63.0000,1.0000
seq-opt,visitall,942413bb0aab4b513e517c0db981cf1d2b6ca92e,BJOLP,bjolp,23,23.0000,1.0000
seq-opt,visitall,942413bb0aab4b513e517c0db981cf1d2b6ca92e,CPT4,cpt4_seq-opt,23,23.0000,1.0000
seq-opt,visitall,942413bb0aab4b513e517c0db981cf1d2b6ca92e,FD-Autotune,fd-autotune,23,23.0000,1.0000
seq-opt,visitall,942413bb0aab4b513e517c0db981cf1d2b6ca92e,FDSS-1,fdss-1_seq-opt,23,23.0000,1.0000
seq-opt,visitall,942413bb0aab4b513e517c0db981cf1d2b6ca92e,FDSS-2,fdss-2_seq-opt,23,23.0000,1.0000
seq-opt,visitall,942413bb0aab4b513e517c0db981cf1d2b6ca92e,Fork Init,forkinit,23,23.0000,1.0000
seq-opt,visitall,942413bb0aab4b513e517c0db981cf1d2b6ca92e,Gamer,gamer,23,23.0000,1.0000
seq-opt,visitall,942413bb0aab4b513e517c0db981cf1d2b6ca92e,IFork Init,iforkinit,23,23.0000,1.0000
seq-opt,visitall,942413bb0aab4b513e517c0db981cf1d2b6ca92e,LM-cut,lmcut,23,23.0000,1.0000
seq-opt,visitall,942413bb0aab4b513e517c0db981cf1d2b6ca92e,LMFork,lmfork,23,23.0000,1.0000
seq-opt,visitall,942413bb0aab4b513e517c0db981cf1d2b6ca92e,Merge and Shrink,merge-and-shrink,23,23.0000,1.0000
seq-opt,visitall,942413bb0aab4b513e517c0db981cf1d2b6ca92e,Selective Max,selmax,23,23.0000,1.0000
seq-opt,visitall,a58dc479c7c46d3f04448e58d88b5e6707cbafdd,BJOLP,bjolp,36,36.0000,1.0000
seq-opt,visitall,a58dc479c7c46d3f04448e58d88b5e6707cbafdd,CPT4,cpt4_seq-opt,36,36.0000,1.0000
seq-opt,visitall,a58dc479c7c46d3f04448e58d88b5e6707cbafdd,FD-Autotune,fd-autotune,36,36.0000,1.0000
seq-opt,visitall,a58dc479c7c46d3f04448e58d88b5e6707cbafdd,FDSS-1,fdss-1_seq-opt,36,36.0000,1.0000
seq-opt,visitall,a58dc479c7c46d3f04448e58d88b5e6707cbafdd,FDSS-2,fdss-2_seq-opt,36,36.0000,1.0000
seq-opt,visitall,a58dc479c7c46d3f04448e58d88b5e6707cbafdd,Fork Init,forkinit,36,36.0000,1.0000
seq-opt,visitall,a58dc479c7c46d3f04448e58d88b5e6707cbafdd,Gamer,gamer,36,36.0000,1.0000
seq-opt,visitall,a58dc479c7c46d3f04448e58d88b5e6707cbafdd,IFork Init,iforkinit,36,36.0000,1.0000
seq-opt,visitall,a58dc479c7c46d3f04448e58d88b5e6707cbafdd,LM-cut,lmcut,36,36.0000,1.0000
seq-opt,visitall,a58dc479c7c46d3f04448e58d88b5e6707cbafdd,LMFork,lmfork,36,36.0000,1.0000
seq-opt,visitall,a58dc479c7c46d3f04448e58d88b5e6707cbafdd,Merge and Shrink,merge-and-shrink,36,36.0000,1.0000
seq-opt,visitall,a58dc479c7c46d3f04448e58d88b5e6707cbafdd,Selective Max,selmax,36,36.0000,1.0000
seq-opt,visitall,a5aef59d33134e2de5d13054b41c9d0cb33f3b9a,BJOLP,bjolp,1,1.0000,1.0000
seq-opt,visitall,a5aef59d33134e2de5d13054b41c9d0cb33f3b9a,CPT4,cpt4_seq-opt,1,1.0000,1.0000
seq-opt,visitall,a5aef59d33134e2de5d13054b41c9d0cb33f3b9a,FD-Autotune,fd-autotune,1,1.0000,1.0000
seq-opt,visitall,a5aef59d33134e2de5d13054b41c9d0cb33f3b9a,FDSS-1,fdss-1_seq-opt,1,1.0000,1.0000
seq-opt,visitall,a5aef59d33134e2de5d13054b41c9d0cb33f3b9a,FDSS-2,fdss-2_seq-opt,1,1.0000,1.0000
seq-opt,visitall,a5aef59d33134e2de5d13054b41c9d0cb33f3b9a,Fork Init,forkinit,1,1.0000,1.0000
seq-opt,visitall,a5aef59d33134e2de5d13054b41c9d0cb33f3b9a,IFork Init,iforkinit,1,1.0000,1.0000
seq-opt,visitall,a5aef59d33134e2de5d13054b41c9d0cb33f3b9a,LM-cut,lmcut,1,1.0000,1.0000
seq-opt,visitall,a5aef59d33134e2de5d13054b41c9d0cb33f3b9a,LMFork,lmfork,1,1.0000,1.0000
seq-opt,visitall,a5aef59d33134e2de5d13054b41c9d0cb33f3b9a,Merge and Shrink,merge-and-shrink,1,1.0000,1.0000
seq-opt,visitall,a5aef59d33134e2de5d13054b41c9d0cb33f3b9a,Selective Max,selmax,1,1.0000,1.0000
seq-opt,visitall,dc9c0271b322d6ff0e73096f07cd2af55a1cb077,BJOLP,bjolp,15,15.0000,1.0000
seq-opt,visitall,dc9c0271b322d6ff0e73096f07cd2af55a1cb077,CPT4,cpt4_seq-opt,15,15.0000,1.0000
seq-opt,visitall,dc9c0271b322d6ff0e73096f07cd2af55a1cb077,FD-Autotune,fd-autotune,15,15.0000,1.0000
seq-opt,visitall,dc9c0271b322d6ff0e73096f07cd2af55a1cb077,FDSS-1,fdss-1_seq-opt,15,15.0000,1.0000
seq-opt,visitall,dc9c0271b322d6ff0e73096f07cd2af55a1cb077,FDSS-2,fdss-2_seq-opt,15,15.0000,1.0000
seq-opt,visitall,dc9c0271b322d6ff0e73096f07cd2af55a1cb077,Fork Init,forkinit,15,15.0000,1.0000
seq-opt,visitall,dc9c0271b322d6ff0e73096f07cd2af55a1cb077,Gamer,gamer,15,15.0000,1.0000
seq-opt,visitall,dc9c0271b322d6ff0e73096f07cd2af55a1cb077,IFork Init,iforkinit,15,15.0000,1.0000
seq-opt,visitall,dc9c0271b322d6ff0e73096f07cd2af55a1cb077,LM-cut,lmcut,15,15.0000,1.0000
seq-opt,visitall,dc9c0271b322d6ff0e73096f07cd2af55a1cb077,LMFork,lmfork,15,15.0000,1.0000
seq-opt,visitall,dc9c0271b322d6ff0e73096f07cd2af55a1cb077,Merge and Shrink,merge-and-shrink,15,15.0000,1.0000
seq-opt,visitall,dc9c0271b322d6ff0e73096f07cd2af55a1cb077,Selective Max,selmax,15,15.0000,1.0000
seq-opt,visitall,df731ebeb13ee687065109dfec9bd69ef214628c,FDSS-1,fdss-1_seq-opt,48,48.0000,1.0000
seq-opt,visitall,df731ebeb13ee687065109dfec9bd69ef214628c,FDSS-2,fdss-2_seq-opt,48,48.0000,1.0000
seq-opt,visitall,df731ebeb13ee687065109dfec9bd69ef214628c,Fork Init,forkinit,48,48.0000,1.0000
seq-opt,visitall,df731ebeb13ee687065109dfec9bd69ef214628c,IFork Init,iforkinit,48,48.0000,1.0000
seq-opt,visitall,df731ebeb13ee687065109dfec9bd69ef214628c,LMFork,lmfork,48,48.0000,1.0000
seq-opt,visitall,df731ebeb13ee687065109dfec9bd69ef214628c,Merge and Shrink,merge-and-shrink,48,48.0000,1.0000
seq-opt,visitall,e5ae8724e8b83c993f98357720e8af5170a5c675,BJOLP,bjolp,6,6.0000,1.0000
seq-opt,visitall,e5ae8724e8b83c993f98357720e8af5170a5c675,CPT4,cpt4_seq-opt,6,6.0000,1.0000
seq-opt,visitall,e5ae8724e8b83c993f98357720e8af5170a5c675,FD-Autotune,fd-autotune,6,6.0000,1.0000
seq-opt,visitall,e5ae8724e8b83c993f98357720e8af5170a5c675,FDSS-1,fdss-1_seq-opt,6,6.0000,1.0000
seq-opt,visitall,e5ae8724e8b83c993f98357720e8af5170a5c675,FDSS-2,fdss-2_seq-opt,6,6.0000,1.0000
seq-opt,visitall,e5ae8724e8b83c993f98357720e8af5170a5c675,Fork Init,forkinit,6,6.0000,1.0000
seq-opt,visitall,e5ae8724e8b83c993f98357720e8af5170a5c675,Gamer,gamer,6,6.0000,1.0000
seq-opt,visitall,e5ae8724e8b83c993f98357720e8af5170a5c675,IFork Init,iforkinit,6,6.0000,1.0000
seq-opt,visitall,e5ae8724e8b83c993f98357720e8af5170a5c675,LM-cut,lmcut,6,6.0000,1.0000
seq-opt,visitall,e5ae8724e8b83c993f98357720e8af5170a5c675,LMFork,lmfork,6,6.0000,1.0000
seq-opt,visitall,e5ae8724e8b83c993f98357720e8af5170a5c675,Merge and Shrink,merge-and-shrink,6,6.0000,1.0000
seq-opt,visitall,e5ae8724e8b83c993f98357720e8af5170a5c675,Selective Max,selmax,6,6.0000,1.0000
seq-opt,woodworking,004c633f51c4f537b7755b730a3f651caa28a2b7,BJOLP,bjolp,225,225.0000,1.0000
seq-opt,woodworking,004c633f51c4f537b7755b730a3f651caa28a2b7,FD-Autotune,fd-autotune,225,225.0000,1.0000
seq-opt,woodworking,004c633f51c4f537b7755b730a3f651caa28a2b7,FDSS-1,fdss-1_seq-opt,225,225.0000,1.0000
seq-opt,woodworking,004c633f51c4f537b7755b730a3f651caa28a2b7,FDSS-2,fdss-2_seq-opt,225,225.0000,1.0000
seq-opt,woodworking,004c633f51c4f537b7755b730a3f651caa28a2b7,Gamer,gamer,225,225.0000,1.0000
seq-opt,woodworking,004c633f51c4f537b7755b730a3f651caa28a2b7,LM-cut,lmcut,225,225.0000,1.0000
seq-opt,woodworking,004c633f51c4f537b7755b730a3f651caa28a2b7,Merge and Shrink,merge-and-shrink,225,225.0000,1.0000
seq-opt,woodworking,004c633f51c4f537b7755b730a3f651caa28a2b7,Selective Max,selmax,225,225.0000,1.0000
seq-opt,woodworking,3c5d199f8e395aa7257b6e7dbf2bfb071c4141c1,Gamer,gamer,430,430.0000,1.0000
seq-opt,woodworking,57759e7e1cecf8498ce23af72e7d4994ab48404a,BJOLP,bjolp,245,245.0000,1.0000
seq-opt,woodworking,57759e7e1cecf8498ce23af72e7d4994ab48404a,CPT4,cpt4_seq-opt,245,245.0000,1.0000
seq-opt,woodworking,57759e7e1cecf8498ce23af72e7d4994ab48404a,FD-Autotune,fd-autotune,245,245.0000,1.0000
seq-opt,woodworking,57759e7e1cecf8498ce23af72e7d4994ab48404a,FDSS-1,fdss-1_seq-opt,245,245.0000,1.0000
seq-opt,woodworking,57759e7e1cecf8498ce23af72e7d4994ab48404a,FDSS-2,fdss-2_seq-opt,245,245.0000,1.0000
seq-opt,woodworking,57759e7e1cecf8498ce23af72e7d4994ab48404a,Gamer,gamer,245,245.0000,1.0000
seq-opt,woodworking,57759e7e1cecf8498ce23af72e7d4994ab48404a,LM-cut,lmcut,245,245.0000,1.0000
seq-opt,woodworking,57759e7e1cecf8498ce23af72e7d4994ab48404a,LMFork,lmfork,245,245.0000,1.0000
seq-opt,woodworking,57759e7e1cecf8498ce23af72e7d4994ab48404a,Merge and Shrink,merge-and-shrink,245,245.0000,1.0000
seq-opt,woodworking,57759e7e1cecf8498ce23af72e7d4994ab48404a,Selective Max,selmax,245,245.0000,1.0000
seq-opt,woodworking,5b7f7adc4e872040fac6f9fd784aac44b887b22a,Gamer,gamer,430,430.0000,1.0000
seq-opt,woodworking,6397b3e10f86afad1d20b1c1afe8c0d141c6c776,BJOLP,bjolp,270,270.0000,1.0000
seq-opt,woodworking,6397b3e10f86afad1d20b1c1afe8c0d141c6c776,FD-Autotune,fd-autotune,270,270.0000,1.0000
seq-opt,woodworking,6397b3e10f86afad1d20b1c1afe8c0d141c6c776,FDSS-1,fdss-1_seq-opt,270,270.0000,1.0000
seq-opt,woodworking,6397b3e10f86afad1d20b1c1afe8c0d141c6c776,FDSS-2,fdss-2_seq-opt,270,270.0000,1.0000
seq-opt,woodworking,6397b3e10f86afad1d20b1c1afe8c0d141c6c776,Gamer,gamer,270,270.0000,1.0000
seq-opt,woodworking,6397b3e10f86afad1d20b1c1afe8c0d141c6c776,LM-cut,lmcut,270,270.0000,1.0000
seq-opt,woodworking,6397b3e10f86afad1d20b1c1afe8c0d141c6c776,Merge and Shrink,merge-and-shrink,270,270.0000,1.0000
seq-opt,woodworking,6397b3e10f86afad1d20b1c1afe8c0d141c6c776,Selective Max,selmax,270,270.0000,1.0000
seq-opt,woodworking,7071661c31a96628579a83c7d7e28a71be2c825b,Gamer,gamer,240,240.0000,1.0000
seq-opt,woodworking,77eaf1443935aa8d88c5fea4fccfccdb238129a9,Gamer,gamer,315,315.0000,1.0000
seq-opt,woodworking,7fa3e11b16605713e50afef0d22d59600465e285,FD-Autotune,fd-autotune,290,290.0000,1.0000
seq-opt,woodworking,7fa3e11b16605713e50afef0d22d59600465e285,FDSS-1,fdss-1_seq-opt,290,290.0000,1.0000
seq-opt,woodworking,7fa3e11b16605713e50afef0d22d59600465e285,FDSS-2,fdss-2_seq-opt,290,290.0000,1.0000
seq-opt,woodworking,7fa3e11b16605713e50afef0d22d59600465e285,Gamer,gamer,290,290.0000,1.0000
seq-opt,woodworking,7fa3e11b16605713e50afef0d22d59600465e285,LM-cut,lmcut,290,290.0000,1.0000
seq-opt,woodworking,7fa3e11b16605713e50afef0d22d59600465e285,Selective Max,selmax,290,290.0000,1.0000
seq-opt,woodworking,8ffcea1a2028fa9dd21ce6276c23901c65276766,BJOLP,bjolp,215,215.0000,1.0000
seq-opt,woodworking,8ffcea1a2028fa9dd21ce6276c23901c65276766,CPT4,cpt4_seq-opt,215,215.0000,1.0000
seq-opt,woodworking,8ffcea1a2028fa9dd21ce6276c23901c65276766,FD-Autotune,fd-autotune,215,215.0000,1.0000
seq-opt,woodworking,8ffcea1a2028fa9dd21ce6276c23901c65276766,FDSS-1,fdss-1_seq-opt,215,215.0000,1.0000
seq-opt,woodworking,8ffcea1a2028fa9dd21ce6276c23901c65276766,FDSS-2,fdss-2_seq-opt,215,215.0000,1.0000
seq-opt,woodworking,8ffcea1a2028fa9dd21ce6276c23901c65276766,Fork Init,forkinit,215,215.0000,1.0000
seq-opt,woodworking,8ffcea1a2028fa9dd21ce6276c23901c65276766,Gamer,gamer,215,215.0000,1.0000
seq-opt,woodworking,8ffcea1a2028fa9dd21ce6276c23901c65276766,IFork Init,iforkinit,215,215.0000,1.0000
seq-opt,woodworking,8ffcea1a2028fa9dd21ce6276c23901c65276766,LM-cut,lmcut,215,215.0000,1.0000
seq-opt,woodworking,8ffcea1a2028fa9dd21ce6276c23901c65276766,LMFork,lmfork,215,215.0000,1.0000
seq-opt,woodworking,8ffcea1a2028fa9dd21ce6276c23901c65276766,Merge and Shrink,merge-and-shrink,215,215.0000,1.0000
seq-opt,woodworking,8ffcea1a2028fa9dd21ce6276c23901c65276766,Selective Max,selmax,215,215.0000,1.0000
seq-opt,woodworking,98d61b3a6094bcaf768780a8110c442f8ecff14c,BJOLP,bjolp,270,270.0000,1.0000
seq-opt,woodworking,98d61b3a6094bcaf768780a8110c442f8ecff14c,FD-Autotune,fd-autotune,270,270.0000,1.0000
seq-opt,woodworking,98d61b3a6094bcaf768780a8110c442f8ecff14c,FDSS-1,fdss-1_seq-opt,270,270.0000,1.0000
seq-opt,woodworking,98d61b3a6094bcaf768780a8110c442f8ecff14c,FDSS-2,fdss-2_seq-opt,270,270.0000,1.0000
seq-opt,woodworking,98d61b3a6094bcaf768780a8110c442f8ecff14c,Gamer,gamer,270,270.0000,1.0000
seq-opt,woodworking,98d61b3a6094bcaf768780a8110c442f8ecff14c,LM-cut,lmcut,270,270.0000,1.0000
seq-opt,woodworking,98d61b3a6094bcaf768780a8110c442f8ecff14c,Merge and Shrink,merge-and-shrink,270,270.0000,1.0000
seq-opt,woodworking,98d61b3a6094bcaf768780a8110c442f8ecff14c,Selective Max,selmax,270,270.0000,1.0000
seq-opt,woodworking,aff3549a56018e71f1679023567b5919393fba6f,BJOLP,bjolp,280,280.0000,1.0000
seq-opt,woodworking,aff3549a56018e71f1679023567b5919393fba6f,CPT4,cpt4_seq-opt,280,280.0000,1.0000
seq-opt,woodworking,aff3549a56018e71f1679023567b5919393fba6f,FD-Autotune,fd-autotune,280,280.0000,1.0000
seq-opt,woodworking,aff3549a56018e71f1679023567b5919393fba6f,FDSS-1,fdss-1_seq-opt,280,280.0000,1.0000
seq-opt,woodworking,aff3549a56018e71f1679023567b5919393fba6f,FDSS-2,fdss-2_seq-opt,280,280.0000,1.0000
seq-opt,woodworking,aff3549a56018e71f1679023567b5919393fba6f,Gamer,gamer,280,280.0000,1.0000
seq-opt,woodworking,aff3549a56018e71f1679023567b5919393fba6f,LM-cut,lmcut,280,280.0000,1.0000
seq-opt,woodworking,aff3549a56018e71f1679023567b5919393fba6f,Merge and Shrink,merge-and-shrink,280,280.0000,1.0000
seq-opt,woodworking,aff3549a56018e71f1679023567b5919393fba6f,Selective Max,selmax,280,280.0000,1.0000
seq-opt,woodworking,b50e149b9b82b50e85225eaa6db1516fd9de521f,FD-Autotune,fd-autotune,380,380.0000,1.0000
seq-opt,woodworking,b50e149b9b82b50e85225eaa6db1516fd9de521f,FDSS-1,fdss-1_seq-opt,380,380.0000,1.0000
seq-opt,woodworking,b50e149b9b82b50e85225eaa6db1516fd9de521f,FDSS-2,fdss-2_seq-opt,380,380.0000,1.0000
seq-opt,woodworking,b50e149b9b82b50e85225eaa6db1516fd9de521f,Gamer,gamer,380,380.0000,1.0000
seq-opt,woodworking,b50e149b9b82b50e85225eaa6db1516fd9de521f,LM-cut,lmcut,380,380.0000,1.0000
seq-opt,woodworking,b50e149b9b82b50e85225eaa6db1516fd9de521f,Selective Max,selmax,380,380.0000,1.0000
seq-opt,woodworking,c5c10c4d437a738ae681b6bd0daa22e6fe3def61,BJOLP,bjolp,195,195.0000,1.0000
seq-opt,woodworking,c5c10c4d437a738ae681b6bd0daa22e6fe3def61,CPT4,cpt4_seq-opt,195,195.0000,1.0000
seq-opt,woodworking,c5c10c4d437a738ae681b6bd0daa22e6fe3def61,FD-Autotune,fd-autotune,195,195.0000,1.0000
seq-opt,woodworking,c5c10c4d437a738ae681b6bd0daa22e6fe3def61,FDSS-1,fdss-1_seq-opt,195,195.0000,1.0000
seq-opt,woodworking,c5c10c4d437a738ae681b6bd0daa22e6fe3def61,FDSS-2,fdss-2_seq-opt,195,195.0000,1.0000
seq-opt,woodworking,c5c10c4d437a738ae681b6bd0daa22e6fe3def61,Fork Init,forkinit,195,195.0000,1.0000
seq-opt,woodworking,c5c10c4d437a738ae681b6bd0daa22e6fe3def61,Gamer,gamer,195,195.0000,1.0000
seq-opt,woodworking,c5c10c4d437a738ae681b6bd0daa22e6fe3def61,IFork Init,iforkinit,195,195.0000,1.0000
seq-opt,woodworking,c5c10c4d437a738ae681b6bd0daa22e6fe3def61,LM-cut,lmcut,195,195.0000,1.0000
seq-opt,woodworking,c5c10c4d437a738ae681b6bd0daa22e6fe3def61,LMFork,lmfork,195,195.0000,1.0000
seq-opt,woodworking,c5c10c4d437a738ae681b6bd0daa22e6fe3def61,Merge and Shrink,merge-and-shrink,195,195.0000,1.0000
seq-opt,woodworking,c5c10c4d437a738ae681b6bd0daa22e6fe3def61,Selective Max,selmax,195,195.0000,1.0000
seq-opt,woodworking,cfccb69e031da0a77791b290653d3ec6d9092f5e,FD-Autotune,fd-autotune,400,400.0000,1.0000
seq-opt,woodworking,cfccb69e031da0a77791b290653d3ec6d9092f5e,FDSS-1,fdss-1_seq-opt,400,400.0000,1.0000
seq-opt,woodworking,cfccb69e031da0a77791b290653d3ec6d9092f5e,Gamer,gamer,400,400.0000,1.0000
seq-opt,woodworking,cfccb69e031da0a77791b290653d3ec6d9092f5e,LM-cut,lmcut,400,400.0000,1.0000
seq-opt,woodworking,cfccb69e031da0a77791b290653d3ec6d9092f5e,Selective Max,selmax,400,400.0000,1.0000
seq-opt,woodworking,e3c1ac506a488f4fe0db64c3596006ce5939e339,BJOLP,bjolp,275,275.0000,1.0000
seq-opt,woodworking,e3c1ac506a488f4fe0db64c3596006ce5939e339,CPT4,cpt4_seq-opt,275,275.0000,1.0000
seq-opt,woodworking,e3c1ac506a488f4fe0db64c3596006ce5939e339,FD-Autotune,fd-autotune,275,275.0000,1.0000
seq-opt,woodworking,e3c1ac506a488f4fe0db64c3596006ce5939e339,FDSS-1,fdss-1_seq-opt,275,275.0000,1.0000
seq-opt,woodworking,e3c1ac506a488f4fe0db64c3596006ce5939e339,FDSS-2,fdss-2_seq-opt,275,275.0000,1.0000
seq-opt,woodworking,e3c1ac506a488f4fe0db64c3596006ce5939e339,Fork Init,forkinit,275,275.0000,1.0000
seq-opt,woodworking,e3c1ac506a488f4fe0db64c3596006ce5939e339,Gamer,gamer,275,275.0000,1.0000
seq-opt,woodworking,e3c1ac506a488f4fe0db64c3596006ce5939e339,LM-cut,lmcut,275,275.0000,1.0000
seq-opt,woodworking,e3c1ac506a488f4fe0db64c3596006ce5939e339,LMFork,lmfork,275,275.0000,1.0000
seq-opt,woodworking,e3c1ac506a488f4fe0db64c3596006ce5939e339,Merge and Shrink,merge-and-shrink,275,275.0000,1.0000
seq-opt,woodworking,e3c1ac506a488f4fe0db64c3596006ce5939e339,Selective Max,selmax,275,275.0000,1.0000
seq-opt,woodworking,e7d69db801188ee0ccb0c35483e320b0300b7922,Gamer,gamer,350,350.0000,1.0000
seq-opt,woodworking,f99e2069ddc4267a06b0759e157c184dce6399bd,BJOLP,bjolp,225,225.0000,1.0000
seq-opt,woodworking,f99e2069ddc4267a06b0759e157c184dce6399bd,CPT4,cpt4_seq-opt,225,225.0000,1.0000
seq-opt,woodworking,f99e2069ddc4267a06b0759e157c184dce6399bd,FD-Autotune,fd-autotune,225,225.0000,1.0000
seq-opt,woodworking,f99e2069ddc4267a06b0759e157c184dce6399bd,FDSS-1,fdss-1_seq-opt,225,225.0000,1.0000
seq-opt,woodworking,f99e2069ddc4267a06b0759e157c184dce6399bd,FDSS-2,fdss-2_seq-opt,225,225.0000,1.0000
seq-opt,woodworking,f99e2069ddc4267a06b0759e157c184dce6399bd,Fork Init,forkinit,225,225.0000,1.0000
seq-opt,woodworking,f99e2069ddc4267a06b0759e157c184dce6399bd,Gamer,gamer,225,225.0000,1.0000
seq-opt,woodworking,f99e2069ddc4267a06b0759e157c184dce6399bd,IFork Init,iforkinit,225,225.0000,1.0000
seq-opt,woodworking,f99e2069ddc4267a06b0759e157c184dce6399bd,LM-cut,lmcut,225,225.0000,1.0000
seq-opt,woodworking,f99e2069ddc4267a06b0759e157c184dce6399bd,LMFork,lmfork,225,225.0000,1.0000
seq-opt,woodworking,f99e2069ddc4267a06b0759e157c184dce6399bd,Merge and Shrink,merge-and-shrink,225,225.0000,1.0000
seq-opt,woodworking,f99e2069ddc4267a06b0759e157c184dce6399bd,Selective Max,selmax,225,225.0000,1.0000
seq-sat,barman,02f08ab79e3f4b96978e7ccca875d3873870d76a,BRT,brt,553,281.0000,0.5081
seq-sat,barman,02f08ab79e3f4b96978e7ccca875d3873870d76a,DAE-YAHSP,dae_yahsp_seq-sat,333,281.0000,0.8438
seq-sat,barman,02f08ab79e3f4b96978e7ccca875d3873870d76a,FD-Autotune-1,fd-autotune-1,287,281.0000,0.9791
seq-sat,barman,02f08ab79e3f4b96978e7ccca875d3873870d76a,FD-Autotune-2,fd-autotune-2,525,281.0000,0.5352
seq-sat,barman,02f08ab79e3f4b96978e7ccca875d3873870d76a,FDSS-1,fdss-1_seq-sat,284,281.0000,0.9894
seq-sat,barman,02f08ab79e3f4b96978e7ccca875d3873870d76a,FDSS-2,fdss-2_seq-sat,281,281.0000,1.0000
seq-sat,barman,02f08ab79e3f4b96978e7ccca875d3873870d76a,LAMA-2011,lama-2011,327,281.0000,0.8593
seq-sat,barman,02f08ab79e3f4b96978e7ccca875d3873870d76a,Probe,probe,285,281.0000,0.9860
seq-sat,barman,02f08ab79e3f4b96978e7ccca875d3873870d76a,Roamer,roamer,327,281.0000,0.8593
seq-sat,barman,02f08ab79e3f4b96978e7ccca875d3873870d76a,YAHSP2,yahsp2_seq-sat,388,281.0000,0.7242
seq-sat,barman,02f08ab79e3f4b96978e7ccca875d3873870d76a,YAHSP2-MT,yahsp2-mt_seq-sat,425,281.0000,0.6612
seq-sat,barman,091d77a3b872081556662b22b11dbbde96d34c54,BRT,brt,281,274.0000,0.9751
seq-sat,barman,091d77a3b872081556662b22b11dbbde96d34c54,FD-Autotune-1,fd-autotune-1,288,274.0000,0.9514
seq-sat,barman,091d77a3b872081556662b22b11dbbde96d34c54,FDSS-1,fdss-1_seq-sat,278,274.0000,0.9856
seq-sat,barman,091d77a3b872081556662b22b11dbbde96d34c54,FDSS-2,fdss-2_seq-sat,274,274.0000,1.0000
seq-sat,barman,091d77a3b872081556662b22b11dbbde96d34c54,Fork Uniform,forkuniform,299,274.0000,0.9164
seq-sat,barman,091d77a3b872081556662b22b11dbbde96d34c54,LAMA-2008,lama-2008,303,274.0000,0.9043
seq-sat,barman,091d77a3b872081556662b22b11dbbde96d34c54,LAMA-2011,lama-2011,323,274.0000,0.8483
seq-sat,barman,091d77a3b872081556662b22b11dbbde96d34c54,Lamar,lamar,320,274.0000,0.8562
seq-sat,barman,091d77a3b872081556662b22b11dbbde96d34c54,Probe,probe,286,274.0000,0.9580
seq-sat,barman,091d77a3b872081556662b22b11dbbde96d34c54,Randward,randward,402,274.0000,0.6816
seq-sat,barman,091d77a3b872081556662b22b11dbbde96d34c54,Roamer,roamer,315,274.0000,0.8698
seq-sat,barman,091d77a3b872081556662b22b11dbbde96d34c54,YAHSP2,yahsp2_seq-sat,391,274.0000,0.7008
seq-sat,barman,091d77a3b872081556662b22b11dbbde96d34c54,YAHSP2-MT,yahsp2-mt_seq-sat,407,274.0000,0.6732
seq-sat,barman,0bd6a90aa21fa2b75cb4a8cb391d6edb7410bc8d,BRT,brt,588,356.0000,0.6054
seq-sat,barman,0bd6a90aa21fa2b75cb4a8cb391d6edb7410bc8d,FD-Autotune-1,fd-autotune-1,356,356.0000,1.0000
seq-sat,barman,0bd6a90aa21fa2b75cb4a8cb391d6edb7410bc8d,FDSS-1,fdss-1_seq-sat,391,356.0000,0.9105
seq-sat,barman,0bd6a90aa21fa2b75cb4a8cb391d6edb7410bc8d,FDSS-2,fdss-2_seq-sat,366,356.0000,0.9727
seq-sat,barman,0bd6a90aa21fa2b75cb4a8cb391d6edb7410bc8d,LAMA-2011,lama-2011,399,356.0000,0.8922
seq-sat,barman,0bd6a90aa21fa2b75cb4a8cb391d6edb7410bc8d,Probe,probe,356,356.0000,1.0000
seq-sat,barman,0bd6a90aa21fa2b75cb4a8cb391d6edb7410bc8d,Roamer,roamer,448,356.0000,0.7946
seq-sat,barman,0bd6a90aa21fa2b75cb4a8cb391d6edb7410bc8d,YAHSP2-MT,yahsp2-mt_seq-sat,707,356.0000,0.5035
seq-sat,barman,12043a0b4ec45652a4c91fc75073a26b7b8a90db,BRT,brt,491,380.0000,0.7739
seq-sat,barman,12043a0b4ec45652a4c91fc75073a26b7b8a90db,FD-Autotune-1,fd-autotune-1,380,380.0000,1.0000
seq-sat,barman,12043a0b4ec45652a4c91fc75073a26b7b8a90db,FDSS-1,fdss-1_seq-sat,616,380.0000,0.6169
seq-sat,barman,12043a0b4ec45652a4c91fc75073a26b7b8a90db,FDSS-2,fdss-2_seq-sat,383,380.0000,0.9922
seq-sat,barman,12043a0b4ec45652a4c91fc75073a26b7b8a90db,LAMA-2011,lama-2011,524,380.0000,0.7252
seq-sat,barman,12043a0b4ec45652a4c91fc75073a26b7b8a90db,Probe,probe,395,380.0000,0.9620
seq-sat,barman,12043a0b4ec45652a4c91fc75073a26b7b8a90db,Roamer,roamer,628,380.0000,0.6051
seq-sat,barman,12043a0b4ec45652a4c91fc75073a26b7b8a90db,YAHSP2-MT,yahsp2-mt_seq-sat,628,380.0000,0.6051
seq-sat,barman,180698443595ecbe7da6b5316d25403e7d58a837,BRT,brt,345,290.0000,0.8406
seq-sat,barman,180698443595ecbe7da6b5316d25403e7d58a837,FD-Autotune-1,fd-autotune-1,305,290.0000,0.9508
seq-sat,barman,180698443595ecbe7da6b5316d25403e7d58a837,FDSS-1,fdss-1_seq-sat,351,290.0000,0.8262
seq-sat,barman,180698443595ecbe7da6b5316d25403e7d58a837,FDSS-2,fdss-2_seq-sat,290,290.0000,1.0000
seq-sat,barman,180698443595ecbe7da6b5316d25403e7d58a837,LAMA-2011,lama-2011,336,290.0000,0.8631
seq-sat,barman,180698443595ecbe7da6b5316d25403e7d58a837,Probe,probe,306,290.0000,0.9477
seq-sat,barman,180698443595ecbe7da6b5316d25403e7d58a837,Roamer,roamer,316,290.0000,0.9177
seq-sat,barman,180698443595ecbe7da6b5316d25403e7d58a837,YAHSP2-MT,yahsp2-mt_seq-sat,527,290.0000,0.5503
seq-sat,barman,23f8d5c6214fe512d439e132bc6c959d252f5839,BRT,brt,570,334.0000,0.5860
seq-sat,barman,23f8d5c6214fe512d439e132bc6c959d252f5839,DAE-YAHSP,dae_yahsp_seq-sat,464,334.0000,0.7198
seq-sat,barman,23f8d5c6214fe512d439e132bc6c959d252f5839,FD-Autotune-1,fd-autotune-1,340,334.0000,0.9824
seq-sat,barman,23f8d5c6214fe512d439e132bc6c959d252f5839,FD-Autotune-2,fd-autotune-2,433,334.0000,0.7714
seq-sat,barman,23f8d5c6214fe512d439e132bc6c959d252f5839,FDSS-1,fdss-1_seq-sat,443,334.0000,0.7540
seq-sat,barman,23f8d5c6214fe512d439e132bc6c959d252f5839,FDSS-2,fdss-2_seq-sat,334,334.0000,1.0000
seq-sat,barman,23f8d5c6214fe512d439e132bc6c959d252f5839,LAMA-2011,lama-2011,406,334.0000,0.8227
seq-sat,barman,23f8d5c6214fe512d439e132bc6c959d252f5839,Probe,probe,605,334.0000,0.5521
seq-sat,barman,23f8d5c6214fe512d439e132bc6c959d252f5839,Roamer,roamer,349,334.0000,0.9570
seq-sat,barman,40e524a8e72e060b07e911ebaf74b5531836760b,BRT,brt,341,279.0000,0.8182
seq-sat,barman,40e524a8e72e060b07e911ebaf74b5531836760b,DAE-YAHSP,dae_yahsp_seq-sat,362,279.0000,0.7707
seq-sat,barman,40e524a8e72e060b07e911ebaf74b5531836760b,FD-Autotune-1,fd-autotune-1,290,279.0000,0.9621
seq-sat,barman,40e524a8e72e060b07e911ebaf74b5531836760b,FDSS-1,fdss-1_seq-sat,282,279.0000,0.9894
seq-sat,barman,40e524a8e72e060b07e911ebaf74b5531836760b,FDSS-2,fdss-2_seq-sat,284,279.0000,0.9824
seq-sat,barman,40e524a8e72e060b07e911ebaf74b5531836760b,Fork Uniform,forkuniform,279,279.0000,1.0000
seq-sat,barman,40e524a8e72e060b07e911ebaf74b5531836760b,LAMA-2011,lama-2011,302,279.0000,0.9238
seq-sat,barman,40e524a8e72e060b07e911ebaf74b5531836760b,Probe,probe,288,279.0000,0.9688
seq-sat,barman,40e524a8e72e060b07e911ebaf74b5531836760b,Roamer,roamer,322,279.0000,0.8665
seq-sat,barman,40e524a8e72e060b07e911ebaf74b5531836760b,YAHSP2,yahsp2_seq-sat,362,279.0000,0.7707
seq-sat,barman,40e524a8e72e060b07e911ebaf74b5531836760b,YAHSP2-MT,yahsp2-mt_seq-sat,341,279.0000,0.8182
seq-sat,barman,4db16aef18a8deb22dd442e203aa11139389bf3d,BRT,brt,395,387.0000,0.9797
seq-sat,barman,4db16aef18a8deb22dd442e203aa11139389bf3d,FD-Autotune-1,fd-autotune-1,430,387.0000,0.9000
seq-sat,barman,4db16aef18a8deb22dd442e203aa11139389bf3d,FDSS-1,fdss-1_seq-sat,387,387.0000,1.0000
seq-sat,barman,4db16aef18a8deb22dd442e203aa11139389bf3d,FDSS-2,fdss-2_seq-sat,401,387.0000,0.9651
seq-sat,barman,4db16aef18a8deb22dd442e203aa11139389bf3d,Fork Uniform,forkuniform,427,387.0000,0.9063
seq-sat,barman,4db16aef18a8deb22dd442e203aa11139389bf3d,LAMA-2008,lama-2008,437,387.0000,0.8856
seq-sat,barman,4db16aef18a8deb22dd442e203aa11139389bf3d,LAMA-2011,lama-2011,431,387.0000,0.8979
seq-sat,barman,4db16aef18a8deb22dd442e203aa11139389bf3d,Lamar,lamar,449,387.0000,0.8619
seq-sat,barman,4db16aef18a8deb22dd442e203aa11139389bf3d,Probe,probe,412,387.0000,0.9393
seq-sat,barman,4db16aef18a8deb22dd442e203aa11139389bf3d,Randward,randward,534,387.0000,0.7247
seq-sat,barman,4db16aef18a8deb22dd442e203aa11139389bf3d,Roamer,roamer,435,387.0000,0.8897
seq-sat,barman,4db16aef18a8deb22dd442e203aa11139389bf3d,YAHSP2,yahsp2_seq-sat,513,387.0000,0.7544
seq-sat,barman,4db16aef18a8deb22dd442e203aa11139389bf3d,YAHSP2-MT,yahsp2-mt_seq-sat,538,387.0000,0.7193
seq-sat,barman,6373ec68de74b15f70368dc9683ab502821082d4,BRT,brt,971,354.0000,0.3646
seq-sat,barman,6373ec68de74b15f70368dc9683ab502821082d4,DAE-YAHSP,dae_yahsp_seq-sat,546,354.0000,0.6484
seq-sat,barman,6373ec68de74b15f70368dc9683ab502821082d4,FD-Autotune-1,fd-autotune-1,356,354.0000,0.9944
seq-sat,barman,6373ec68de74b15f70368dc9683ab502821082d4,FDSS-2,fdss-2_seq-sat,354,354.0000,1.0000
seq-sat,barman,6373ec68de74b15f70368dc9683ab502821082d4,Fork Uniform,forkuniform,493,354.0000,0.7181
seq-sat,barman,6373ec68de74b15f70368dc9683ab502821082d4,LAMA-2011,lama-2011,412,354.0000,0.8592
seq-sat,barman,6373ec68de74b15f70368dc9683ab502821082d4,LPRPG-P,lprpgp,373,354.0000,0.9491
seq-sat,barman,6373ec68de74b15f70368dc9683ab502821082d4,Probe,probe,366,354.0000,0.9672
seq-sat,barman,6373ec68de74b15f70368dc9683ab502821082d4,YAHSP2,yahsp2_seq-sat,561,354.0000,0.6310
seq-sat,barman,77c9db0acf455d79d345d8d781c1a2244c95f003,BRT,brt,424,322.0000,0.7594
seq-sat,barman,77c9db0acf455d79d345d8d781c1a2244c95f003,DAE-YAHSP,dae_yahsp_seq-sat,426,322.0000,0.7559
seq-sat,barman,77c9db0acf455d79d345d8d781c1a2244c95f003,FD-Autotune-1,fd-autotune-1,322,322.0000,1.0000
seq-sat,barman,77c9db0acf455d79d345d8d781c1a2244c95f003,FDSS-1,fdss-1_seq-sat,387,322.0000,0.8320
seq-sat,barman,77c9db0acf455d79d345d8d781c1a2244c95f003,FDSS-2,fdss-2_seq-sat,332,322.0000,0.9699
seq-sat,barman,77c9db0acf455d79d345d8d781c1a2244c95f003,LAMA-2011,lama-2011,357,322.0000,0.9020
seq-sat,barman,77c9db0acf455d79d345d8d781c1a2244c95f003,LPRPG-P,lprpgp,376,322.0000,0.8564
seq-sat,barman,77c9db0acf455d79d345d8d781c1a2244c95f003,Probe,probe,326,322.0000,0.9877
seq-sat,barman,77c9db0acf455d79d345d8d781c1a2244c95f003,Roamer,roamer,351,322.0000,0.9174
seq-sat,barman,77c9db0acf455d79d345d8d781c1a2244c95f003,YAHSP2,yahsp2_seq-sat,416,322.0000,0.7740
seq-sat,barman,77c9db0acf455d79d345d8d781c1a2244c95f003,YAHSP2-MT,yahsp2-mt_seq-sat,492,322.0000,0.6545
seq-sat,barman,7c43474ff71346e92098453099536200a94efd65,BRT,brt,375,323.0000,0.8613
seq-sat,barman,7c43474ff71346e92098453099536200a94efd65,DAE-YAHSP,dae_yahsp_seq-sat,529,323.0000,0.6106
seq-sat,barman,7c43474ff71346e92098453099536200a94efd65,FD-Autotune-1,fd-autotune-1,332,323.0000,0.9729
seq-sat,barman,7c43474ff71346e92098453099536200a94efd65,FD-Autotune-2,fd-autotune-2,508,323.0000,0.6358
seq-sat,barman,7c43474ff71346e92098453099536200a94efd65,FDSS-1,fdss-1_seq-sat,345,323.0000,0.9362
seq-sat,barman,7c43474ff71346e92098453099536200a94efd65,FDSS-2,fdss-2_seq-sat,323,323.0000,1.0000
seq-sat,barman,7c43474ff71346e92098453099536200a94efd65,LAMA-2011,lama-2011,346,323.0000,0.9335
seq-sat,barman,7c43474ff71346e92098453099536200a94efd65,Probe,probe,329,323.0000,0.9818
seq-sat,barman,7c43474ff71346e92098453099536200a94efd65,Roamer,roamer,345,323.0000,0.9362
seq-sat,barman,7c43474ff71346e92098453099536200a94efd65,YAHSP2,yahsp2_seq-sat,481,323.0000,0.6715
seq-sat,barman,7c43474ff71346e92098453099536200a94efd65,YAHSP2-MT,yahsp2-mt_seq-sat,576,323.0000,0.5608
seq-sat,barman,809739dcb1a65e3fe810bd565219b0d3cc995901,BRT,brt,590,387.0000,0.6559
seq-sat,barman,809739dcb1a65e3fe810bd565219b0d3cc995901,FD-Autotune-1,fd-autotune-1,390,387.0000,0.9923
seq-sat,barman,809739dcb1a65e3fe810bd565219b0d3cc995901,FDSS-1,fdss-1_seq-sat,389,387.0000,0.9949
seq-sat,barman,809739dcb1a65e3fe810bd565219b0d3cc995901,FDSS-2,fdss-2_seq-sat,387,387.0000,1.0000
seq-sat,barman,809739dcb1a65e3fe810bd565219b0d3cc995901,LAMA-2008,lama-2008,421,387.0000,0.9192
seq-sat,barman,809739dcb1a65e3fe810bd565219b0d3cc995901,LAMA-2011,lama-2011,405,387.0000,0.9556
seq-sat,barman,809739dcb1a65e3fe810bd565219b0d3cc995901,Lamar,lamar,445,387.0000,0.8697
seq-sat,barman,809739dcb1a65e3fe810bd565219b0d3cc995901,Probe,probe,488,387.0000,0.7930
seq-sat,barman,809739dcb1a65e3fe810bd565219b0d3cc995901,Roamer,roamer,458,387.0000,0.8450
seq-sat,barman,809739dcb1a65e3fe810bd565219b0d3cc995901,YAHSP2-MT,yahsp2-mt_seq-sat,630,387.0000,0.6143
seq-sat,barman,8e4211631747c8d10debb5f92e8c36f26b15cc61,BRT,brt,313,305.0000,0.9744
seq-sat,barman,8e4211631747c8d10debb5f92e8c36f26b15cc61,FD-Autotune-1,fd-autotune-1,330,305.0000,0.9242
seq-sat,barman,8e4211631747c8d10debb5f92e8c36f26b15cc61,FD-Autotune-2,fd-autotune-2,438,305.0000,0.6963
seq-sat,barman,8e4211631747c8d10debb5f92e8c36f26b15cc61,FDSS-1,fdss-1_seq-sat,307,305.0000,0.9935
seq-sat,barman,8e4211631747c8d10debb5f92e8c36f26b15cc61,FDSS-2,fdss-2_seq-sat,305,305.0000,1.0000
seq-sat,barman,8e4211631747c8d10debb5f92e8c36f26b15cc61,Fork Uniform,forkuniform,329,305.0000,0.9271
seq-sat,barman,8e4211631747c8d10debb5f92e8c36f26b15cc61,LAMA-2011,lama-2011,311,305.0000,0.9807
seq-sat,barman,8e4211631747c8d10debb5f92e8c36f26b15cc61,Lamar,lamar,384,305.0000,0.7943
seq-sat,barman,8e4211631747c8d10debb5f92e8c36f26b15cc61,Probe,probe,395,305.0000,0.7722
seq-sat,barman,8e4211631747c8d10debb5f92e8c36f26b15cc61,Randward,randward,467,305.0000,0.6531
seq-sat,barman,8e4211631747c8d10debb5f92e8c36f26b15cc61,Roamer,roamer,432,305.0000,0.7060
seq-sat,barman,bd2bf4a64a6106fa7b078fe8335d66b08e008d14,BRT,brt,580,383.0000,0.6603
seq-sat,barman,bd2bf4a64a6106fa7b078fe8335d66b08e008d14,FD-Autotune-1,fd-autotune-1,414,383.0000,0.9251
seq-sat,barman,bd2bf4a64a6106fa7b078fe8335d66b08e008d14,FD-Autotune-2,fd-autotune-2,494,383.0000,0.7753
seq-sat,barman,bd2bf4a64a6106fa7b078fe8335d66b08e008d14,FDSS-1,fdss-1_seq-sat,383,383.0000,1.0000
seq-sat,barman,bd2bf4a64a6106fa7b078fe8335d66b08e008d14,LAMA-2008,lama-2008,428,383.0000,0.8949
seq-sat,barman,bd2bf4a64a6106fa7b078fe8335d66b08e008d14,LAMA-2011,lama-2011,441,383.0000,0.8685
seq-sat,barman,bd2bf4a64a6106fa7b078fe8335d66b08e008d14,Lamar,lamar,449,383.0000,0.8530
seq-sat,barman,bd2bf4a64a6106fa7b078fe8335d66b08e008d14,Probe,probe,397,383.0000,0.9647
seq-sat,barman,bd2bf4a64a6106fa7b078fe8335d66b08e008d14,Roamer,roamer,429,383.0000,0.8928
seq-sat,barman,c3aebc37f35afdc8c298f39a0f6cd59105259393,BRT,brt,767,372.0000,0.4850
seq-sat,barman,c3aebc37f35afdc8c298f39a0f6cd59105259393,FD-Autotune-1,fd-autotune-1,389,372.0000,0.9563
seq-sat,barman,c3aebc37f35afdc8c298f39a0f6cd59105259393,FDSS-1,fdss-1_seq-sat,514,372.0000,0.7237
seq-sat,barman,c3aebc37f35afdc8c298f39a0f6cd59105259393,FDSS-2,fdss-2_seq-sat,372,372.0000,1.0000
seq-sat,barman,c3aebc37f35afdc8c298f39a0f6cd59105259393,LAMA-2011,lama-2011,438,372.0000,0.8493
seq-sat,barman,c3aebc37f35afdc8c298f39a0f6cd59105259393,Probe,probe,380,372.0000,0.9789
seq-sat,barman,c3aebc37f35afdc8c298f39a0f6cd59105259393,Roamer,roamer,459,372.0000,0.8105
seq-sat,barman,ca5f10bdff54bbb3d73d56ca623a672bab1708a1,BRT,brt,357,259.0000,0.7255
seq-sat,barman,ca5f10bdff54bbb3d73d56ca623a672bab1708a1,DAE-YAHSP,dae_yahsp_seq-sat,439,259.0000,0.5900
seq-sat,barman,ca5f10bdff54bbb3d73d56ca623a672bab1708a1,FD-Autotune-1,fd-autotune-1,263,259.0000,0.9848
seq-sat,barman,ca5f10bdff54bbb3d73d56ca623a672bab1708a1,FD-Autotune-2,fd-autotune-2,433,259.0000,0.5982
seq-sat,barman,ca5f10bdff54bbb3d73d56ca623a672bab1708a1,FDSS-1,fdss-1_seq-sat,299,259.0000,0.8662
seq-sat,barman,ca5f10bdff54bbb3d73d56ca623a672bab1708a1,FDSS-2,fdss-2_seq-sat,259,259.0000,1.0000
seq-sat,barman,ca5f10bdff54bbb3d73d56ca623a672bab1708a1,LAMA-2011,lama-2011,265,259.0000,0.9774
seq-sat,barman,ca5f10bdff54bbb3d73d56ca623a672bab1708a1,Probe,probe,280,259.0000,0.9250
seq-sat,barman,ca5f10bdff54bbb3d73d56ca623a672bab1708a1,Roamer,roamer,268,259.0000,0.9664
seq-sat,barman,ceb41521a9fbb8298bddb8584e6388cc8e5414ae,BRT,brt,866,396.0000,0.4573
seq-sat,barman,ceb41521a9fbb8298bddb8584e6388cc8e5414ae,FD-Autotune-1,fd-autotune-1,404,396.0000,0.9802
seq-sat,barman,ceb41521a9fbb8298bddb8584e6388cc8e5414ae,FDSS-1,fdss-1_seq-sat,396,396.0000,1.0000
seq-sat,barman,ceb41521a9fbb8298bddb8584e6388cc8e5414ae,FDSS-2,fdss-2_seq-sat,404,396.0000,0.9802
seq-sat,barman,ceb41521a9fbb8298bddb8584e6388cc8e5414ae,LAMA-2011,lama-2011,439,396.0000,0.9021
seq-sat,barman,ceb41521a9fbb8298bddb8584e6388cc8e5414ae,Probe,probe,422,396.0000,0.9384
seq-sat,barman,ceb41521a9fbb8298bddb8584e6388cc8e5414ae,YAHSP2,yahsp2_seq-sat,482,396.0000,0.8216
seq-sat,barman,ceb41521a9fbb8298bddb8584e6388cc8e5414ae,YAHSP2-MT,yahsp2-mt_seq-sat,652,396.0000,0.6074
seq-sat,barman,d4abf09f55f0726b13263b81de173b1f81bbbebf,BRT,brt,418,297.0000,0.7105
seq-sat,barman,d4abf09f55f0726b13263b81de173b1f81bbbebf,FD-Autotune-1,fd-autotune-1,307,297.0000,0.9674
seq-sat,barman,d4abf09f55f0726b13263b81de173b1f81bbbebf,FDSS-1,fdss-1_seq-sat,322,297.0000,0.9224
seq-sat,barman,d4abf09f55f0726b13263b81de173b1f81bbbebf,FDSS-2,fdss-2_seq-sat,313,297.0000,0.9489
seq-sat,barman,d4abf09f55f0726b13263b81de173b1f81bbbebf,LAMA-2011,lama-2011,344,297.0000,0.8634
seq-sat,barman,d4abf09f55f0726b13263b81de173b1f81bbbebf,Probe,probe,297,297.0000,1.0000
seq-sat,barman,d4abf09f55f0726b13263b81de173b1f81bbbebf,Roamer,roamer,309,297.0000,0.9612
seq-sat,barman,d4abf09f55f0726b13263b81de173b1f81bbbebf,YAHSP2-MT,yahsp2-mt_seq-sat,513,297.0000,0.5789
seq-sat,barman,e80bea1d616e4f85b74e970b240fc9850e024ba1,BRT,brt,590,348.0000,0.5898
seq-sat,barman,e80bea1d616e4f85b74e970b240fc9850e024ba1,DAE-YAHSP,dae_yahsp_seq-sat,444,348.0000,0.7838
seq-sat,barman,e80bea1d616e4f85b74e970b240fc9850e024ba1,FD-Autotune-1,fd-autotune-1,355,348.0000,0.9803
seq-sat,barman,e80bea1d616e4f85b74e970b240fc9850e024ba1,LAMA-2011,lama-2011,383,348.0000,0.9086
seq-sat,barman,e80bea1d616e4f85b74e970b240fc9850e024ba1,Probe,probe,348,348.0000,1.0000
seq-sat,barman,e80bea1d616e4f85b74e970b240fc9850e024ba1,Roamer,roamer,524,348.0000,0.6641
seq-sat,barman,f4465b3b73f9aafc82a9ec0a39c9666d663cc4ca,BRT,brt,775,386.0000,0.4981
seq-sat,barman,f4465b3b73f9aafc82a9ec0a39c9666d663cc4ca,FD-Autotune-1,fd-autotune-1,401,386.0000,0.9626
seq-sat,barman,f4465b3b73f9aafc82a9ec0a39c9666d663cc4ca,FDSS-1,fdss-1_seq-sat,386,386.0000,1.0000
seq-sat,barman,f4465b3b73f9aafc82a9ec0a39c9666d663cc4ca,LAMA-2011,lama-2011,444,386.0000,0.8694
seq-sat,barman,f4465b3b73f9aafc82a9ec0a39c9666d663cc4ca,Lamar,lamar,455,386.0000,0.8484
seq-sat,barman,f4465b3b73f9aafc82a9ec0a39c9666d663cc4ca,Probe,probe,395,386.0000,0.9772
seq-sat,barman,f4465b3b73f9aafc82a9ec0a39c9666d663cc4ca,Roamer,roamer,537,386.0000,0.7188
seq-sat,elevators,074672043e3b9ccd082c2c5583b2a3e79947e209,Arvand,arvand,592,417.0000,0.7044
seq-sat,elevators,074672043e3b9ccd082c2c5583b2a3e79947e209,BRT,brt,877,417.0000,0.4755
seq-sat,elevators,074672043e3b9ccd082c2c5583b2a3e79947e209,CBP,cbp,644,417.0000,0.6475
seq-sat,elevators,074672043e3b9ccd082c2c5583b2a3e79947e209,CBP2,cbp2,744,417.0000,0.5605
seq-sat,elevators,074672043e3b9ccd082c2c5583b2a3e79947e209,FD-Autotune-1,fd-autotune-1,598,417.0000,0.6973
seq-sat,elevators,074672043e3b9ccd082c2c5583b2a3e79947e209,FD-Autotune-2,fd-autotune-2,417,417.0000,1.0000
seq-sat,elevators,074672043e3b9ccd082c2c5583b2a3e79947e209,FDSS-1,fdss-1_seq-sat,589,417.0000,0.7080
seq-sat,elevators,074672043e3b9ccd082c2c5583b2a3e79947e209,FDSS-2,fdss-2_seq-sat,465,417.0000,0.8968
seq-sat,elevators,074672043e3b9ccd082c2c5583b2a3e79947e209,Fork Uniform,forkuniform,469,417.0000,0.8891
seq-sat,elevators,074672043e3b9ccd082c2c5583b2a3e79947e209,LAMA-2008,lama-2008,699,417.0000,0.5966
seq-sat,elevators,074672043e3b9ccd082c2c5583b2a3e79947e209,LAMA-2011,lama-2011,912,417.0000,0.4572
seq-sat,elevators,074672043e3b9ccd082c2c5583b2a3e79947e209,LPRPG-P,lprpgp,2345,417.0000,0.1778
seq-sat,elevators,074672043e3b9ccd082c2c5583b2a3e79947e209,Lamar,lamar,525,417.0000,0.7943
seq-sat,elevators,074672043e3b9ccd082c2c5583b2a3e79947e209,POPF2,popf2_seq-sat,884,417.0000,0.4717
seq-sat,elevators,074672043e3b9ccd082c2c5583b2a3e79947e209,Probe,probe,1576,417.0000,0.2646
seq-sat,elevators,074672043e3b9ccd082c2c5583b2a3e79947e209,Randward,randward,497,417.0000,0.8390
seq-sat,elevators,074672043e3b9ccd082c2c5583b2a3e79947e209,Roamer,roamer,554,417.0000,0.7527
seq-sat,elevators,0d871f7e5e957ddae834afb64f4a258c883ec515,Arvand,arvand,1675,923.0000,0.5510
seq-sat,elevators,0d871f7e5e957ddae834afb64f4a258c883ec515,BRT,brt,1257,923.0000,0.7343
seq-sat,elevators,0d871f7e5e957ddae834afb64f4a258c883ec515,CBP,cbp,2438,923.0000,0.3786
seq-sat,elevators,0d871f7e5e957ddae834afb64f4a258c883ec515,CBP2,cbp2,2334,923.0000,0.3955
seq-sat,elevators,0d871f7e5e957ddae834afb64f4a258c883ec515,FD-Autotune-1,fd-autotune-1,1977,923.0000,0.4669
seq-sat,elevators,0d871f7e5e957ddae834afb64f4a258c883ec515,FDSS-1,fdss-1_seq-sat,2202,923.0000,0.4192
seq-sat,elevators,0d871f7e5e957ddae834afb64f4a258c883ec515,FDSS-2,fdss-2_seq-sat,1771,923.0000,0.5212
seq-sat,elevators,0d871f7e5e957ddae834afb64f4a258c883ec515,Fork Uniform,forkuniform,923,923.0000,1.0000
seq-sat,elevators,0d871f7e5e957ddae834afb64f4a258c883ec515,LAMA-2011,lama-2011,1622,923.0000,0.5691
seq-sat,elevators,0d871f7e5e957ddae834afb64f4a258c883ec515,LPRPG-P,lprpgp,4069,923.0000,0.2268
seq-sat,elevators,0d871f7e5e957ddae834afb64f4a258c883ec515,Lamar,lamar,1820,923.0000,0.5071
seq-sat,elevators,0d871f7e5e957ddae834afb64f4a258c883ec515,Probe,probe,3596,923.0000,0.2567
seq-sat,elevators,0d871f7e5e957ddae834afb64f4a258c883ec515,Roamer,roamer,1065,923.0000,0.8667
seq-sat,elevators,152ef3904d85b243131e07a0132aeb77668b611c,Arvand,arvand,1289,992.0000,0.7696
seq-sat,elevators,152ef3904d85b243131e07a0132aeb77668b611c,BRT,brt,1180,992.0000,0.8407
seq-sat,elevators,152ef3904d85b243131e07a0132aeb77668b611c,CBP,cbp,2598,992.0000,0.3818
seq-sat,elevators,152ef3904d85b243131e07a0132aeb77668b611c,CBP2,cbp2,2173,992.0000,0.4565
seq-sat,elevators,152ef3904d85b243131e07a0132aeb77668b611c,FD-Autotune-1,fd-autotune-1,1756,992.0000,0.5649
seq-sat,elevators,152ef3904d85b243131e07a0132aeb77668b611c,FDSS-1,fdss-1_seq-sat,1383,992.0000,0.7173
seq-sat,elevators,152ef3904d85b243131e07a0132aeb77668b611c,FDSS-2,fdss-2_seq-sat,1043,992.0000,0.9511
seq-sat,elevators,152ef3904d85b243131e07a0132aeb77668b611c,Fork Uniform,forkuniform,1488,992.0000,0.6667
seq-sat,elevators,152ef3904d85b243131e07a0132aeb77668b611c,LAMA-2011,lama-2011,1867,992.0000,0.5313
seq-sat,elevators,152ef3904d85b243131e07a0132aeb77668b611c,LPRPG-P,lprpgp,3903,992.0000,0.2542
seq-sat,elevators,152ef3904d85b243131e07a0132aeb77668b611c,Probe,probe,2455,992.0000,0.4041
seq-sat,elevators,152ef3904d85b243131e07a0132aeb77668b611c,Roamer,roamer,992,992.0000,1.0000
seq-sat,elevators,16ce559035f044554526665769fc4739d068d365,Arvand,arvand,4507,1417.0000,0.3144
seq-sat,elevators,16ce559035f044554526665769fc4739d068d365,BRT,brt,1960,1417.0000,0.7230
seq-sat,elevators,16ce559035f044554526665769fc4739d068d365,FD-Autotune-1,fd-autotune-1,2965,1417.0000,0.4779
seq-sat,elevators,16ce559035f044554526665769fc4739d068d365,FD-Autotune-2,fd-autotune-2,1417,1417.0000,1.0000
seq-sat,elevators,16ce559035f044554526665769fc4739d068d365,FDSS-1,fdss-1_seq-sat,3467,1417.0000,0.4087
seq-sat,elevators,16ce559035f044554526665769fc4739d068d365,FDSS-2,fdss-2_seq-sat,3168,1417.0000,0.4473
seq-sat,elevators,16ce559035f044554526665769fc4739d068d365,Fork Uniform,forkuniform,1475,1417.0000,0.9607
seq-sat,elevators,16ce559035f044554526665769fc4739d068d365,LAMA-2011,lama-2011,3491,1417.0000,0.4059
seq-sat,elevators,16ce559035f044554526665769fc4739d068d365,Probe,probe,5304,1417.0000,0.2672
seq-sat,elevators,1758f3f21e85f1e895831ae1494bdc835acb7964,Arvand,arvand,678,409.0000,0.6032
seq-sat,elevators,1758f3f21e85f1e895831ae1494bdc835acb7964,BRT,brt,599,409.0000,0.6828
seq-sat,elevators,1758f3f21e85f1e895831ae1494bdc835acb7964,CBP,cbp,688,409.0000,0.5945
seq-sat,elevators,1758f3f21e85f1e895831ae1494bdc835acb7964,CBP2,cbp2,877,409.0000,0.4664
seq-sat,elevators,1758f3f21e85f1e895831ae1494bdc835acb7964,FD-Autotune-1,fd-autotune-1,839,409.0000,0.4875
seq-sat,elevators,1758f3f21e85f1e895831ae1494bdc835acb7964,FD-Autotune-2,fd-autotune-2,409,409.0000,1.0000
seq-sat,elevators,1758f3f21e85f1e895831ae1494bdc835acb7964,FDSS-1,fdss-1_seq-sat,621,409.0000,0.6586
seq-sat,elevators,1758f3f21e85f1e895831ae1494bdc835acb7964,FDSS-2,fdss-2_seq-sat,570,409.0000,0.7175
seq-sat,elevators,1758f3f21e85f1e895831ae1494bdc835acb7964,Fork Uniform,forkuniform,686,409.0000,0.5962
seq-sat,elevators,1758f3f21e85f1e895831ae1494bdc835acb7964,LAMA-2011,lama-2011,846,409.0000,0.4835
seq-sat,elevators,1758f3f21e85f1e895831ae1494bdc835acb7964,LPRPG-P,lprpgp,2051,409.0000,0.1994
seq-sat,elevators,1758f3f21e85f1e895831ae1494bdc835acb7964,Lamar,lamar,883,409.0000,0.4632
seq-sat,elevators,1758f3f21e85f1e895831ae1494bdc835acb7964,POPF2,popf2_seq-sat,1168,409.0000,0.3502
seq-sat,elevators,1758f3f21e85f1e895831ae1494bdc835acb7964,Probe,probe,1115,409.0000,0.3668
seq-sat,elevators,1758f3f21e85f1e895831ae1494bdc835acb7964,Roamer,roamer,503,409.0000,0.8131
seq-sat,elevators,20976cdb5ad628d4e8f4e4631565f717008cf3a0,Arvand,arvand,963,513.0000,0.5327
seq-sat,elevators,20976cdb5ad628d4e8f4e4631565f717008cf3a0,BRT,brt,823,513.0000,0.6233
seq-sat,elevators,20976cdb5ad628d4e8f4e4631565f717008cf3a0,CBP,cbp,1318,513.0000,0.3892
seq-sat,elevators,20976cdb5ad628d4e8f4e4631565f717008cf3a0,CBP2,cbp2,1112,513.0000,0.4613
seq-sat,elevators,20976cdb5ad628d4e8f4e4631565f717008cf3a0,FD-Autotune-1,fd-autotune-1,1066,513.0000,0.4812
seq-sat,elevators,20976cdb5ad628d4e8f4e4631565f717008cf3a0,FD-Autotune-2,fd-autotune-2,513,513.0000,1.0000
seq-sat,elevators,20976cdb5ad628d4e8f4e4631565f717008cf3a0,FDSS-1,fdss-1_seq-sat,756,513.0000,0.6786
seq-sat,elevators,20976cdb5ad628d4e8f4e4631565f717008cf3a0,FDSS-2,fdss-2_seq-sat,770,513.0000,0.6662
seq-sat,elevators,20976cdb5ad628d4e8f4e4631565f717008cf3a0,Fork Uniform,forkuniform,557,513.0000,0.9210
seq-sat,elevators,20976cdb5ad628d4e8f4e4631565f717008cf3a0,LAMA-2008,lama-2008,604,513.0000,0.8493
seq-sat,elevators,20976cdb5ad628d4e8f4e4631565f717008cf3a0,LAMA-2011,lama-2011,1094,513.0000,0.4689
seq-sat,elevators,20976cdb5ad628d4e8f4e4631565f717008cf3a0,LPRPG-P,lprpgp,2392,513.0000,0.2145
seq-sat,elevators,20976cdb5ad628d4e8f4e4631565f717008cf3a0,Lamar,lamar,758,513.0000,0.6768
seq-sat,elevators,20976cdb5ad628d4e8f4e4631565f717008cf3a0,POPF2,popf2_seq-sat,1665,513.0000,0.3081
seq-sat,elevators,20976cdb5ad628d4e8f4e4631565f717008cf3a0,Probe,probe,1294,513.0000,0.3964
seq-sat,elevators,20976cdb5ad628d4e8f4e4631565f717008cf3a0,Randward,randward,1146,513.0000,0.4476
seq-sat,elevators,20976cdb5ad628d4e8f4e4631565f717008cf3a0,Roamer,roamer,678,513.0000,0.7566
seq-sat,elevators,22e65efcb113b50f33d1e6d066457d88f73c7b74,Arvand,arvand,2145,891.0000,0.4154
seq-sat,elevators,22e65efcb113b50f33d1e6d066457d88f73c7b74,BRT,brt,1172,891.0000,0.7602
seq-sat,elevators,22e65efcb113b50f33d1e6d066457d88f73c7b74,CBP2,cbp2,2377,891.0000,0.3748
seq-sat,elevators,22e65efcb113b50f33d1e6d066457d88f73c7b74,FD-Autotune-1,fd-autotune-1,2358,891.0000,0.3779
seq-sat,elevators,22e65efcb113b50f33d1e6d066457d88f73c7b74,FD-Autotune-2,fd-autotune-2,891,891.0000,1.0000
seq-sat,elevators,22e65efcb113b50f33d1e6d066457d88f73c7b74,FDSS-1,fdss-1_seq-sat,1441,891.0000,0.6183
seq-sat,elevators,22e65efcb113b50f33d1e6d066457d88f73c7b74,FDSS-2,fdss-2_seq-sat,1158,891.0000,0.7694
seq-sat,elevators,22e65efcb113b50f33d1e6d066457d88f73c7b74,Fork Uniform,forkuniform,945,891.0000,0.9429
seq-sat,elevators,22e65efcb113b50f33d1e6d066457d88f73c7b74,LAMA-2011,lama-2011,1772,891.0000,0.5028
seq-sat,elevators,22e65efcb113b50f33d1e6d066457d88f73c7b74,LPRPG-P,lprpgp,3268,891.0000,0.2726
seq-sat,elevators,22e65efcb113b50f33d1e6d066457d88f73c7b74,Probe,probe,2906,891.0000,0.3066
seq-sat,elevators,22e65efcb113b50f33d1e6d066457d88f73c7b74,Roamer,roamer,1219,891.0000,0.7309
seq-sat,elevators,312e28fbf87ae122139bb9707ab19331e7fdc148,Arvand,arvand,1215,635.0000,0.5226
seq-sat,elevators,312e28fbf87ae122139bb9707ab19331e7fdc148,BRT,brt,971,635.0000,0.6540
seq-sat,elevators,312e28fbf87ae122139bb9707ab19331e7fdc148,CBP2,cbp2,1556,635.0000,0.4081
seq-sat,elevators,312e28fbf87ae122139bb9707ab19331e7fdc148,FD-Autotune-1,fd-autotune-1,1438,635.0000,0.4416
seq-sat,elevators,312e28fbf87ae122139bb9707ab19331e7fdc148,FD-Autotune-2,fd-autotune-2,635,635.0000,1.0000
seq-sat,elevators,312e28fbf87ae122139bb9707ab19331e7fdc148,FDSS-1,fdss-1_seq-sat,1125,635.0000,0.5644
seq-sat,elevators,312e28fbf87ae122139bb9707ab19331e7fdc148,FDSS-2,fdss-2_seq-sat,1010,635.0000,0.6287
seq-sat,elevators,312e28fbf87ae122139bb9707ab19331e7fdc148,Fork Uniform,forkuniform,917,635.0000,0.6925
seq-sat,elevators,312e28fbf87ae122139bb9707ab19331e7fdc148,LAMA-2011,lama-2011,1090,635.0000,0.5826
seq-sat,elevators,312e28fbf87ae122139bb9707ab19331e7fdc148,LPRPG-P,lprpgp,2210,635.0000,0.2873
seq-sat,elevators,312e28fbf87ae122139bb9707ab19331e7fdc148,Lamar,lamar,1647,635.0000,0.3855
seq-sat,elevators,312e28fbf87ae122139bb9707ab19331e7fdc148,Probe,probe,1933,635.0000,0.3285
seq-sat,elevators,312e28fbf87ae122139bb9707ab19331e7fdc148,Randward,randward,3052,635.0000,0.2081
seq-sat,elevators,312e28fbf87ae122139bb9707ab19331e7fdc148,Roamer,roamer,844,635.0000,0.7524
seq-sat,elevators,31652b078f0ac2028c789df2443e3cc260f76558,Arvand,arvand,2693,1066.0000,0.3958
seq-sat,elevators,31652b078f0ac2028c789df2443e3cc260f76558,BRT,brt,1243,1066.0000,0.8576
seq-sat,elevators,31652b078f0ac2028c789df2443e3cc260f76558,FD-Autotune-1,fd-autotune-1,1928,1066.0000,0.5529
seq-sat,elevators,31652b078f0ac2028c789df2443e3cc260f76558,FD-Autotune-2,fd-autotune-2,1066,1066.0000,1.0000
seq-sat,elevators,31652b078f0ac2028c789df2443e3cc260f76558,FDSS-1,fdss-1_seq-sat,1667,1066.0000,0.6395
seq-sat,elevators,31652b078f0ac2028c789df2443e3cc260f76558,FDSS-2,fdss-2_seq-sat,1455,1066.0000,0.7326
seq-sat,elevators,31652b078f0ac2028c789df2443e3cc260f76558,Fork Uniform,forkuniform,1217,1066.0000,0.8759
seq-sat,elevators,31652b078f0ac2028c789df2443e3cc260f76558,LAMA-2011,lama-2011,2010,1066.0000,0.5303
seq-sat,elevators,31652b078f0ac2028c789df2443e3cc260f76558,LPRPG-P,lprpgp,5693,1066.0000,0.1872
seq-sat,elevators,31652b078f0ac2028c789df2443e3cc260f76558,Probe,probe,3032,1066.0000,0.3516
seq-sat,elevators,31652b078f0ac2028c789df2443e3cc260f76558,Roamer,roamer,1092,1066.0000,0.9762
seq-sat,elevators,3466a753ae5baec06c536514a97eada445720a00,Arvand,arvand,194,191.0000,0.9845
seq-sat,elevators,3466a753ae5baec06c536514a97eada445720a00,BRT,brt,224,191.0000,0.8527
seq-sat,elevators,3466a753ae5baec06c536514a97eada445720a00,CBP,cbp,275,191.0000,0.6945
seq-sat,elevators,3466a753ae5baec06c536514a97eada445720a00,CBP2,cbp2,280,191.0000,0.6821
seq-sat,elevators,3466a753ae5baec06c536514a97eada445720a00,FD-Autotune-1,fd-autotune-1,279,191.0000,0.6846
seq-sat,elevators,3466a753ae5baec06c536514a97eada445720a00,FD-Autotune-2,fd-autotune-2,235,191.0000,0.8128
seq-sat,elevators,3466a753ae5baec06c536514a97eada445720a00,FDSS-1,fdss-1_seq-sat,254,191.0000,0.7520
seq-sat,elevators,3466a753ae5baec06c536514a97eada445720a00,FDSS-2,fdss-2_seq-sat,259,191.0000,0.7375
seq-sat,elevators,3466a753ae5baec06c536514a97eada445720a00,Fork Uniform,forkuniform,191,191.0000,1.0000
seq-sat,elevators,3466a753ae5baec06c536514a97eada445720a00,LAMA-2008,lama-2008,218,191.0000,0.8761
seq-sat,elevators,3466a753ae5baec06c536514a97eada445720a00,LAMA-2011,lama-2011,369,191.0000,0.5176
seq-sat,elevators,3466a753ae5baec06c536514a97eada445720a00,LPRPG-P,lprpgp,610,191.0000,0.3131
seq-sat,elevators,3466a753ae5baec06c536514a97eada445720a00,Lamar,lamar,238,191.0000,0.8025
seq-sat,elevators,3466a753ae5baec06c536514a97eada445720a00,POPF2,popf2_seq-sat,329,191.0000,0.5805
seq-sat,elevators,3466a753ae5baec06c536514a97eada445720a00,Probe,probe,395,191.0000,0.4835
seq-sat,elevators,3466a753ae5baec06c536514a97eada445720a00,Randward,randward,246,191.0000,0.7764
seq-sat,elevators,3466a753ae5baec06c536514a97eada445720a00,Roamer,roamer,211,191.0000,0.9052
seq-sat,elevators,36543ea6fdc9308b8bedcc0ed2c1add546225390,Arvand,arvand,1245,671.0000,0.5390
seq-sat,elevators,36543ea6fdc9308b8bedcc0ed2c1add546225390,BRT,brt,927,671.0000,0.7238
seq-sat,elevators,36543ea6fdc9308b8bedcc0ed2c1add546225390,CBP2,cbp2,1386,671.0000,0.4841
seq-sat,elevators,36543ea6fdc9308b8bedcc0ed2c1add546225390,FD-Autotune-1,fd-autotune-1,1015,671.0000,0.6611
seq-sat,elevators,36543ea6fdc9308b8bedcc0ed2c1add546225390,FD-Autotune-2,fd-autotune-2,671,671.0000,1.0000
seq-sat,elevators,36543ea6fdc9308b8bedcc0ed2c1add546225390,FDSS-1,fdss-1_seq-sat,914,671.0000,0.7341
seq-sat,elevators,36543ea6fdc9308b8bedcc0ed2c1add546225390,FDSS-2,fdss-2_seq-sat,732,671.0000,0.9167
seq-sat,elevators,36543ea6fdc9308b8bedcc0ed2c1add546225390,Fork Uniform,forkuniform,681,671.0000,0.9853
seq-sat,elevators,36543ea6fdc9308b8bedcc0ed2c1add546225390,LAMA-2008,lama-2008,761,671.0000,0.8817
seq-sat,elevators,36543ea6fdc9308b8bedcc0ed2c1add546225390,LAMA-2011,lama-2011,1483,671.0000,0.4525
seq-sat,elevators,36543ea6fdc9308b8bedcc0ed2c1add546225390,LPRPG-P,lprpgp,2057,671.0000,0.3262
seq-sat,elevators,36543ea6fdc9308b8bedcc0ed2c1add546225390,Lamar,lamar,863,671.0000,0.7775
seq-sat,elevators,36543ea6fdc9308b8bedcc0ed2c1add546225390,POPF2,popf2_seq-sat,1173,671.0000,0.5720
seq-sat,elevators,36543ea6fdc9308b8bedcc0ed2c1add546225390,Probe,probe,1914,671.0000,0.3506
seq-sat,elevators,36543ea6fdc9308b8bedcc0ed2c1add546225390,Randward,randward,1121,671.0000,0.5986
seq-sat,elevators,36543ea6fdc9308b8bedcc0ed2c1add546225390,Roamer,roamer,740,671.0000,0.9068
seq-sat,elevators,427bbcd77140b8f2193ae86dba29c67957e27c85,Arvand,arvand,305,253.0000,0.8295
seq-sat,elevators,427bbcd77140b8f2193ae86dba29c67957e27c85,BRT,brt,1002,253.0000,0.2525
seq-sat,elevators,427bbcd77140b8f2193ae86dba29c67957e27c85,CBP,cbp,424,253.0000,0.5967
seq-sat,elevators,427bbcd77140b8f2193ae86dba29c67957e27c85,CBP2,cbp2,446,253.0000,0.5673
seq-sat,elevators,427bbcd77140b8f2193ae86dba29c67957e27c85,FD-Autotune-1,fd-autotune-1,389,253.0000,0.6504
seq-sat,elevators,427bbcd77140b8f2193ae86dba29c67957e27c85,FD-Autotune-2,fd-autotune-2,312,253.0000,0.8109
seq-sat,elevators,427bbcd77140b8f2193ae86dba29c67957e27c85,FDSS-1,fdss-1_seq-sat,413,253.0000,0.6126
seq-sat,elevators,427bbcd77140b8f2193ae86dba29c67957e27c85,FDSS-2,fdss-2_seq-sat,268,253.0000,0.9440
seq-sat,elevators,427bbcd77140b8f2193ae86dba29c67957e27c85,Fork Uniform,forkuniform,296,253.0000,0.8547
seq-sat,elevators,427bbcd77140b8f2193ae86dba29c67957e27c85,LAMA-2011,lama-2011,523,253.0000,0.4837
seq-sat,elevators,427bbcd77140b8f2193ae86dba29c67957e27c85,LPRPG-P,lprpgp,1466,253.0000,0.1726
seq-sat,elevators,427bbcd77140b8f2193ae86dba29c67957e27c85,POPF2,popf2_seq-sat,439,253.0000,0.5763
seq-sat,elevators,427bbcd77140b8f2193ae86dba29c67957e27c85,Probe,probe,253,253.0000,1.0000
seq-sat,elevators,427bbcd77140b8f2193ae86dba29c67957e27c85,Roamer,roamer,316,253.0000,0.8006
seq-sat,elevators,49d22f84ae12795efc2e4736b07b27b5ec0eb777,Arvand,arvand,1529,691.0000,0.4519
seq-sat,elevators,49d22f84ae12795efc2e4736b07b27b5ec0eb777,BRT,brt,1244,691.0000,0.5555
seq-sat,elevators,49d22f84ae12795efc2e4736b07b27b5ec0eb777,CBP,cbp,1854,691.0000,0.3727
seq-sat,elevators,49d22f84ae12795efc2e4736b07b27b5ec0eb777,CBP2,cbp2,1713,691.0000,0.4034
seq-sat,elevators,49d22f84ae12795efc2e4736b07b27b5ec0eb777,FD-Autotune-1,fd-autotune-1,1220,691.0000,0.5664
seq-sat,elevators,49d22f84ae12795efc2e4736b07b27b5ec0eb777,FD-Autotune-2,fd-autotune-2,691,691.0000,1.0000
seq-sat,elevators,49d22f84ae12795efc2e4736b07b27b5ec0eb777,FDSS-1,fdss-1_seq-sat,1300,691.0000,0.5315
seq-sat,elevators,49d22f84ae12795efc2e4736b07b27b5ec0eb777,FDSS-2,fdss-2_seq-sat,995,691.0000,0.6945
seq-sat,elevators,49d22f84ae12795efc2e4736b07b27b5ec0eb777,Fork Uniform,forkuniform,784,691.0000,0.8814
seq-sat,elevators,49d22f84ae12795efc2e4736b07b27b5ec0eb777,LAMA-2008,lama-2008,884,691.0000,0.7817
seq-sat,elevators,49d22f84ae12795efc2e4736b07b27b5ec0eb777,LAMA-2011,lama-2011,1436,691.0000,0.4812
seq-sat,elevators,49d22f84ae12795efc2e4736b07b27b5ec0eb777,LPRPG-P,lprpgp,2570,691.0000,0.2689
seq-sat,elevators,49d22f84ae12795efc2e4736b07b27b5ec0eb777,Lamar,lamar,1402,691.0000,0.4929
seq-sat,elevators,49d22f84ae12795efc2e4736b07b27b5ec0eb777,POPF2,popf2_seq-sat,2070,691.0000,0.3338
seq-sat,elevators,49d22f84ae12795efc2e4736b07b27b5ec0eb777,Probe,probe,1933,691.0000,0.3575
seq-sat,elevators,49d22f84ae12795efc2e4736b07b27b5ec0eb777,Randward,randward,2818,691.0000,0.2452
seq-sat,elevators,49d22f84ae12795efc2e4736b07b27b5ec0eb777,Roamer,roamer,2055,691.0000,0.3363
seq-sat,elevators,68fa36b716627d08529a8bfa56c0cea684c98645,Arvand,arvand,388,256.0000,0.6598
seq-sat,elevators,68fa36b716627d08529a8bfa56c0cea684c98645,BRT,brt,323,256.0000,0.7926
seq-sat,elevators,68fa36b716627d08529a8bfa56c0cea684c98645,CBP,cbp,441,256.0000,0.5805
seq-sat,elevators,68fa36b716627d08529a8bfa56c0cea684c98645,CBP2,cbp2,540,256.0000,0.4741
seq-sat,elevators,68fa36b716627d08529a8bfa56c0cea684c98645,FD-Autotune-1,fd-autotune-1,412,256.0000,0.6214
seq-sat,elevators,68fa36b716627d08529a8bfa56c0cea684c98645,FD-Autotune-2,fd-autotune-2,324,256.0000,0.7901
seq-sat,elevators,68fa36b716627d08529a8bfa56c0cea684c98645,FDSS-1,fdss-1_seq-sat,340,256.0000,0.7529
seq-sat,elevators,68fa36b716627d08529a8bfa56c0cea684c98645,FDSS-2,fdss-2_seq-sat,452,256.0000,0.5664
seq-sat,elevators,68fa36b716627d08529a8bfa56c0cea684c98645,Fork Uniform,forkuniform,303,256.0000,0.8449
seq-sat,elevators,68fa36b716627d08529a8bfa56c0cea684c98645,LAMA-2008,lama-2008,268,256.0000,0.9552
seq-sat,elevators,68fa36b716627d08529a8bfa56c0cea684c98645,LAMA-2011,lama-2011,278,256.0000,0.9209
seq-sat,elevators,68fa36b716627d08529a8bfa56c0cea684c98645,LPRPG-P,lprpgp,1482,256.0000,0.1727
seq-sat,elevators,68fa36b716627d08529a8bfa56c0cea684c98645,Lamar,lamar,430,256.0000,0.5953
seq-sat,elevators,68fa36b716627d08529a8bfa56c0cea684c98645,POPF2,popf2_seq-sat,500,256.0000,0.5120
seq-sat,elevators,68fa36b716627d08529a8bfa56c0cea684c98645,Probe,probe,275,256.0000,0.9309
seq-sat,elevators,68fa36b716627d08529a8bfa56c0cea684c98645,Randward,randward,305,256.0000,0.8393
seq-sat,elevators,68fa36b716627d08529a8bfa56c0cea684c98645,Roamer,roamer,256,256.0000,1.0000
seq-sat,elevators,68fa36b716627d08529a8bfa56c0cea684c98645,Sharaabi,sharaabi_seq-sat,454,256.0000,0.5639
seq-sat,elevators,745e27e3118305fc4725171325b866d330eee868,Arvand,arvand,718,464.0000,0.6462
seq-sat,elevators,745e27e3118305fc4725171325b866d330eee868,BRT,brt,569,464.0000,0.8155
seq-sat,elevators,745e27e3118305fc4725171325b866d330eee868,CBP2,cbp2,1103,464.0000,0.4207
seq-sat,elevators,745e27e3118305fc4725171325b866d330eee868,FD-Autotune-1,fd-autotune-1,769,464.0000,0.6034
seq-sat,elevators,745e27e3118305fc4725171325b866d330eee868,FD-Autotune-2,fd-autotune-2,464,464.0000,1.0000
seq-sat,elevators,745e27e3118305fc4725171325b866d330eee868,FDSS-1,fdss-1_seq-sat,747,464.0000,0.6212
seq-sat,elevators,745e27e3118305fc4725171325b866d330eee868,FDSS-2,fdss-2_seq-sat,592,464.0000,0.7838
seq-sat,elevators,745e27e3118305fc4725171325b866d330eee868,Fork Uniform,forkuniform,480,464.0000,0.9667
seq-sat,elevators,745e27e3118305fc4725171325b866d330eee868,LAMA-2011,lama-2011,1030,464.0000,0.4505
seq-sat,elevators,745e27e3118305fc4725171325b866d330eee868,LPRPG-P,lprpgp,1815,464.0000,0.2556
seq-sat,elevators,745e27e3118305fc4725171325b866d330eee868,Lamar,lamar,959,464.0000,0.4838
seq-sat,elevators,745e27e3118305fc4725171325b866d330eee868,POPF2,popf2_seq-sat,1226,464.0000,0.3785
seq-sat,elevators,745e27e3118305fc4725171325b866d330eee868,Probe,probe,1088,464.0000,0.4265
seq-sat,elevators,745e27e3118305fc4725171325b866d330eee868,Randward,randward,3021,464.0000,0.1536
seq-sat,elevators,745e27e3118305fc4725171325b866d330eee868,Roamer,roamer,785,464.0000,0.5911
seq-sat,elevators,8fe1c7940b0de666052e13af14cdb57a01b12331,Arvand,arvand,3289,1148.0000,0.3490
seq-sat,elevators,8fe1c7940b0de666052e13af14cdb57a01b12331,BRT,brt,1507,1148.0000,0.7618
seq-sat,elevators,8fe1c7940b0de666052e13af14cdb57a01b12331,CBP2,cbp2,2945,1148.0000,0.3898
seq-sat,elevators,8fe1c7940b0de666052e13af14cdb57a01b12331,FD-Autotune-1,fd-autotune-1,2967,1148.0000,0.3869
seq-sat,elevators,8fe1c7940b0de666052e13af14cdb57a01b12331,FD-Autotune-2,fd-autotune-2,1148,1148.0000,1.0000
seq-sat,elevators,8fe1c7940b0de666052e13af14cdb57a01b12331,FDSS-1,fdss-1_seq-sat,1945,1148.0000,0.5902
seq-sat,elevators,8fe1c7940b0de666052e13af14cdb57a01b12331,FDSS-2,fdss-2_seq-sat,1679,1148.0000,0.6837
seq-sat,elevators,8fe1c7940b0de666052e13af14cdb57a01b12331,Fork Uniform,forkuniform,1165,1148.0000,0.9854
seq-sat,elevators,8fe1c7940b0de666052e13af14cdb57a01b12331,LAMA-2011,lama-2011,2423,1148.0000,0.4738
seq-sat,elevators,8fe1c7940b0de666052e13af14cdb57a01b12331,LPRPG-P,lprpgp,5991,1148.0000,0.1916
seq-sat,elevators,8fe1c7940b0de666052e13af14cdb57a01b12331,Probe,probe,3643,1148.0000,0.3151
seq-sat,elevators,9ed644fbbee1c95e82e6955d9f62b054ce09a8d2,Arvand,arvand,1677,804.0000,0.4794
seq-sat,elevators,9ed644fbbee1c95e82e6955d9f62b054ce09a8d2,BRT,brt,1593,804.0000,0.5047
seq-sat,elevators,9ed644fbbee1c95e82e6955d9f62b054ce09a8d2,CBP,cbp,3670,804.0000,0.2191
seq-sat,elevators,9ed644fbbee1c95e82e6955d9f62b054ce09a8d2,CBP2,cbp2,2232,804.0000,0.3602
seq-sat,elevators,9ed644fbbee1c95e82e6955d9f62b054ce09a8d2,FD-Autotune-1,fd-autotune-1,1318,804.0000,0.6100
seq-sat,elevators,9ed644fbbee1c95e82e6955d9f62b054ce09a8d2,FD-Autotune-2,fd-autotune-2,891,804.0000,0.9024
seq-sat,elevators,9ed644fbbee1c95e82e6955d9f62b054ce09a8d2,FDSS-1,fdss-1_seq-sat,1317,804.0000,0.6105
seq-sat,elevators,9ed644fbbee1c95e82e6955d9f62b054ce09a8d2,FDSS-2,fdss-2_seq-sat,1087,804.0000,0.7397
seq-sat,elevators,9ed644fbbee1c95e82e6955d9f62b054ce09a8d2,Fork Uniform,forkuniform,804,804.0000,1.0000
seq-sat,elevators,9ed644fbbee1c95e82e6955d9f62b054ce09a8d2,LAMA-2011,lama-2011,1460,804.0000,0.5507
seq-sat,elevators,9ed644fbbee1c95e82e6955d9f62b054ce09a8d2,LPRPG-P,lprpgp,3005,804.0000,0.2676
seq-sat,elevators,9ed644fbbee1c95e82e6955d9f62b054ce09a8d2,Lamar,lamar,3410,804.0000,0.2358
seq-sat,elevators,9ed644fbbee1c95e82e6955d9f62b054ce09a8d2,Probe,probe,2456,804.0000,0.3274
seq-sat,elevators,c8240163167bed05db4f21f5fe1326a4a24625a1,Arvand,arvand,928,505.0000,0.5442
seq-sat,elevators,c8240163167bed05db4f21f5fe1326a4a24625a1,BRT,brt,832,505.0000,0.6070
seq-sat,elevators,c8240163167bed05db4f21f5fe1326a4a24625a1,CBP2,cbp2,1159,505.0000,0.4357
seq-sat,elevators,c8240163167bed05db4f21f5fe1326a4a24625a1,FD-Autotune-1,fd-autotune-1,1015,505.0000,0.4975
seq-sat,elevators,c8240163167bed05db4f21f5fe1326a4a24625a1,FD-Autotune-2,fd-autotune-2,505,505.0000,1.0000
seq-sat,elevators,c8240163167bed05db4f21f5fe1326a4a24625a1,FDSS-1,fdss-1_seq-sat,746,505.0000,0.6769
seq-sat,elevators,c8240163167bed05db4f21f5fe1326a4a24625a1,FDSS-2,fdss-2_seq-sat,732,505.0000,0.6899
seq-sat,elevators,c8240163167bed05db4f21f5fe1326a4a24625a1,Fork Uniform,forkuniform,536,505.0000,0.9422
seq-sat,elevators,c8240163167bed05db4f21f5fe1326a4a24625a1,LAMA-2011,lama-2011,1325,505.0000,0.3811
seq-sat,elevators,c8240163167bed05db4f21f5fe1326a4a24625a1,LPRPG-P,lprpgp,2928,505.0000,0.1725
seq-sat,elevators,c8240163167bed05db4f21f5fe1326a4a24625a1,Lamar,lamar,1025,505.0000,0.4927
seq-sat,elevators,c8240163167bed05db4f21f5fe1326a4a24625a1,POPF2,popf2_seq-sat,2000,505.0000,0.2525
seq-sat,elevators,c8240163167bed05db4f21f5fe1326a4a24625a1,Probe,probe,1468,505.0000,0.3440
seq-sat,elevators,c8240163167bed05db4f21f5fe1326a4a24625a1,Randward,randward,2719,505.0000,0.1857
seq-sat,elevators,c8240163167bed05db4f21f5fe1326a4a24625a1,Roamer,roamer,626,505.0000,0.8067
seq-sat,elevators,e2248004a5d0ca5214016868340da05bb10c76c7,Arvand,arvand,3285,1386.0000,0.4219
seq-sat,elevators,e2248004a5d0ca5214016868340da05bb10c76c7,BRT,brt,1526,1386.0000,0.9083
seq-sat,elevators,e2248004a5d0ca5214016868340da05bb10c76c7,FD-Autotune-1,fd-autotune-1,2170,1386.0000,0.6387
seq-sat,elevators,e2248004a5d0ca5214016868340da05bb10c76c7,FDSS-1,fdss-1_seq-sat,2255,1386.0000,0.6146
seq-sat,elevators,e2248004a5d0ca5214016868340da05bb10c76c7,FDSS-2,fdss-2_seq-sat,2203,1386.0000,0.6291
seq-sat,elevators,e2248004a5d0ca5214016868340da05bb10c76c7,Fork Uniform,forkuniform,1386,1386.0000,1.0000
seq-sat,elevators,e2248004a5d0ca5214016868340da05bb10c76c7,LAMA-2011,lama-2011,2182,1386.0000,0.6352
seq-sat,elevators,e2248004a5d0ca5214016868340da05bb10c76c7,LPRPG-P,lprpgp,3737,1386.0000,0.3709
seq-sat,elevators,e2248004a5d0ca5214016868340da05bb10c76c7,Probe,probe,3221,1386.0000,0.4303
seq-sat,elevators,e2248004a5d0ca5214016868340da05bb10c76c7,Roamer,roamer,1510,1386.0000,0.9179
seq-sat,elevators,e35ee697842ceb1924ad94e04e0718c0456a1038,Arvand,arvand,1202,602.0000,0.5008
seq-sat,elevators,e35ee697842ceb1924ad94e04e0718c0456a1038,BRT,brt,840,602.0000,0.7167
seq-sat,elevators,e35ee697842ceb1924ad94e04e0718c0456a1038,FD-Autotune-1,fd-autotune-1,1051,602.0000,0.5728
seq-sat,elevators,e35ee697842ceb1924ad94e04e0718c0456a1038,FD-Autotune-2,fd-autotune-2,708,602.0000,0.8503
seq-sat,elevators,e35ee697842ceb1924ad94e04e0718c0456a1038,FDSS-1,fdss-1_seq-sat,987,602.0000,0.6099
seq-sat,elevators,e35ee697842ceb1924ad94e04e0718c0456a1038,FDSS-2,fdss-2_seq-sat,769,602.0000,0.7828
seq-sat,elevators,e35ee697842ceb1924ad94e04e0718c0456a1038,Fork Uniform,forkuniform,602,602.0000,1.0000
seq-sat,elevators,e35ee697842ceb1924ad94e04e0718c0456a1038,LAMA-2011,lama-2011,1500,602.0000,0.4013
seq-sat,elevators,e35ee697842ceb1924ad94e04e0718c0456a1038,LPRPG-P,lprpgp,2656,602.0000,0.2267
seq-sat,elevators,e35ee697842ceb1924ad94e04e0718c0456a1038,Lamar,lamar,955,602.0000,0.6304
seq-sat,elevators,e35ee697842ceb1924ad94e04e0718c0456a1038,POPF2,popf2_seq-sat,1532,602.0000,0.3930
seq-sat,elevators,e35ee697842ceb1924ad94e04e0718c0456a1038,Probe,probe,1788,602.0000,0.3367
seq-sat,elevators,e35ee697842ceb1924ad94e04e0718c0456a1038,Roamer,roamer,867,602.0000,0.6943
seq-sat,floortile,044f36c44d77dd2bf031b375bb9f938235cc267e,DAE-YAHSP,dae_yahsp_seq-sat,111,81.0000,0.7297
seq-sat,floortile,044f36c44d77dd2bf031b375bb9f938235cc267e,FD-Autotune-1,fd-autotune-1,81,81.0000,1.0000
seq-sat,floortile,044f36c44d77dd2bf031b375bb9f938235cc267e,FD-Autotune-2,fd-autotune-2,88,81.0000,0.9205
seq-sat,floortile,044f36c44d77dd2bf031b375bb9f938235cc267e,FDSS-1,fdss-1_seq-sat,85,81.0000,0.9529
seq-sat,floortile,044f36c44d77dd2bf031b375bb9f938235cc267e,FDSS-2,fdss-2_seq-sat,85,81.0000,0.9529
seq-sat,floortile,044f36c44d77dd2bf031b375bb9f938235cc267e,Fork Uniform,forkuniform,174,81.0000,0.4655
seq-sat,floortile,044f36c44d77dd2bf031b375bb9f938235cc267e,LAMA-2011,lama-2011,115,81.0000,0.7043
seq-sat,floortile,044f36c44d77dd2bf031b375bb9f938235cc267e,Probe,probe,158,81.0000,0.5127
seq-sat,floortile,044f36c44d77dd2bf031b375bb9f938235cc267e,YAHSP2,yahsp2_seq-sat,157,81.0000,0.5159
seq-sat,floortile,044f36c44d77dd2bf031b375bb9f938235cc267e,YAHSP2-MT,yahsp2-mt_seq-sat,163,81.0000,0.4969
seq-sat,floortile,0450e1c46ab55c2427ba1583a85f899fdd67a5c1,FD-Autotune-2,fd-autotune-2,136,136.0000,1.0000
seq-sat,floortile,0f407547a2c29ae42f319fb072503107447df266,Arvand,arvand,49,49.0000,1.0000
seq-sat,floortile,0f407547a2c29ae42f319fb072503107447df266,BRT,brt,49,49.0000,1.0000
seq-sat,floortile,0f407547a2c29ae42f319fb072503107447df266,DAE-YAHSP,dae_yahsp_seq-sat,87,49.0000,0.5632
seq-sat,floortile,0f407547a2c29ae42f319fb072503107447df266,FD-Autotune-1,fd-autotune-1,49,49.0000,1.0000
seq-sat,floortile,0f407547a2c29ae42f319fb072503107447df266,FD-Autotune-2,fd-autotune-2,49,49.0000,1.0000
seq-sat,floortile,0f407547a2c29ae42f319fb072503107447df266,FDSS-1,fdss-1_seq-sat,49,49.0000,1.0000
seq-sat,floortile,0f407547a2c29ae42f319fb072503107447df266,FDSS-2,fdss-2_seq-sat,53,49.0000,0.9245
seq-sat,floortile,0f407547a2c29ae42f319fb072503107447df266,Fork Uniform,forkuniform,49,49.0000,1.0000
seq-sat,floortile,0f407547a2c29ae42f319fb072503107447df266,LAMA-2008,lama-2008,99,49.0000,0.4949
seq-sat,floortile,0f407547a2c29ae42f319fb072503107447df266,LAMA-2011,lama-2011,49,49.0000,1.0000
seq-sat,floortile,0f407547a2c29ae42f319fb072503107447df266,LPRPG-P,lprpgp,101,49.0000,0.4851
seq-sat,floortile,0f407547a2c29ae42f319fb072503107447df266,Lamar,lamar,49,49.0000,1.0000
seq-sat,floortile,0f407547a2c29ae42f319fb072503107447df266,Probe,probe,89,49.0000,0.5506
seq-sat,floortile,0f407547a2c29ae42f319fb072503107447df266,Randward,randward,49,49.0000,1.0000
seq-sat,floortile,0f407547a2c29ae42f319fb072503107447df266,Roamer,roamer,49,49.0000,1.0000
seq-sat,floortile,0f407547a2c29ae42f319fb072503107447df266,YAHSP2,yahsp2_seq-sat,87,49.0000,0.5632
seq-sat,floortile,0f407547a2c29ae42f319fb072503107447df266,YAHSP2-MT,yahsp2-mt_seq-sat,93,49.0000,0.5269
seq-sat,floortile,2297de044337b5ab3de02e7f9bbcb6c63ea5855c,Arvand,arvand,52,52.0000,1.0000
seq-sat,floortile,2297de044337b5ab3de02e7f9bbcb6c63ea5855c,BRT,brt,52,52.0000,1.0000
seq-sat,floortile,2297de044337b5ab3de02e7f9bbcb6c63ea5855c,DAE-YAHSP,dae_yahsp_seq-sat,84,52.0000,0.6190
seq-sat,floortile,2297de044337b5ab3de02e7f9bbcb6c63ea5855c,FD-Autotune-1,fd-autotune-1,52,52.0000,1.0000
seq-sat,floortile,2297de044337b5ab3de02e7f9bbcb6c63ea5855c,FD-Autotune-2,fd-autotune-2,52,52.0000,1.0000
seq-sat,floortile,2297de044337b5ab3de02e7f9bbcb6c63ea5855c,FDSS-1,fdss-1_seq-sat,52,52.0000,1.0000
seq-sat,floortile,2297de044337b5ab3de02e7f9bbcb6c63ea5855c,FDSS-2,fdss-2_seq-sat,62,52.0000,0.8387
seq-sat,floortile,2297de044337b5ab3de02e7f9bbcb6c63ea5855c,Fork Uniform,forkuniform,52,52.0000,1.0000
seq-sat,floortile,2297de044337b5ab3de02e7f9bbcb6c63ea5855c,LAMA-2008,lama-2008,82,52.0000,0.6341
seq-sat,floortile,2297de044337b5ab3de02e7f9bbcb6c63ea5855c,LAMA-2011,lama-2011,52,52.0000,1.0000
seq-sat,floortile,2297de044337b5ab3de02e7f9bbcb6c63ea5855c,LPRPG-P,lprpgp,86,52.0000,0.6047
seq-sat,floortile,2297de044337b5ab3de02e7f9bbcb6c63ea5855c,Lamar,lamar,76,52.0000,0.6842
seq-sat,floortile,2297de044337b5ab3de02e7f9bbcb6c63ea5855c,POPF2,popf2_seq-sat,78,52.0000,0.6667
seq-sat,floortile,2297de044337b5ab3de02e7f9bbcb6c63ea5855c,Probe,probe,98,52.0000,0.5306
seq-sat,floortile,2297de044337b5ab3de02e7f9bbcb6c63ea5855c,Randward,randward,52,52.0000,1.0000
seq-sat,floortile,2297de044337b5ab3de02e7f9bbcb6c63ea5855c,Roamer,roamer,82,52.0000,0.6341
seq-sat,floortile,2297de044337b5ab3de02e7f9bbcb6c63ea5855c,YAHSP2,yahsp2_seq-sat,90,52.0000,0.5778
seq-sat,floortile,2297de044337b5ab3de02e7f9bbcb6c63ea5855c,YAHSP2-MT,yahsp2-mt_seq-sat,96,52.0000,0.5417
seq-sat,floortile,4370dd07cb061628e12a047e795958c693533f1d,DAE-YAHSP,dae_yahsp_seq-sat,109,63.0000,0.5780
seq-sat,floortile,4370dd07cb061628e12a047e795958c693533f1d,FD-Autotune-1,fd-autotune-1,63,63.0000,1.0000
seq-sat,floortile,4370dd07cb061628e12a047e795958c693533f1d,FD-Autotune-2,fd-autotune-2,63,63.0000,1.0000
seq-sat,floortile,4370dd07cb061628e12a047e795958c693533f1d,FDSS-1,fdss-1_seq-sat,65,63.0000,0.9692
seq-sat,floortile,4370dd07cb061628e12a047e795958c693533f1d,FDSS-2,fdss-2_seq-sat,69,63.0000,0.9130
seq-sat,floortile,4370dd07cb061628e12a047e795958c693533f1d,Fork Uniform,forkuniform,113,63.0000,0.5575
seq-sat,floortile,4370dd07cb061628e12a047e795958c693533f1d,LAMA-2008,lama-2008,67,63.0000,0.9403
seq-sat,floortile,4370dd07cb061628e12a047e795958c693533f1d,LAMA-2011,lama-2011,63,63.0000,1.0000
seq-sat,floortile,4370dd07cb061628e12a047e795958c693533f1d,Lamar,lamar,93,63.0000,0.6774
seq-sat,floortile,4370dd07cb061628e12a047e795958c693533f1d,Roamer,roamer,85,63.0000,0.7412
seq-sat,floortile,4370dd07cb061628e12a047e795958c693533f1d,YAHSP2,yahsp2_seq-sat,101,63.0000,0.6238
seq-sat,floortile,4370dd07cb061628e12a047e795958c693533f1d,YAHSP2-MT,yahsp2-mt_seq-sat,121,63.0000,0.5207
seq-sat,floortile,49c81b1d31ca1d7bf4328a59ba92116fbd72d213,Arvand,arvand,63,63.0000,1.0000
seq-sat,floortile,49c81b1d31ca1d7bf4328a59ba92116fbd72d213,BRT,brt,169,63.0000,0.3728
seq-sat,floortile,49c81b1d31ca1d7bf4328a59ba92116fbd72d213,DAE-YAHSP,dae_yahsp_seq-sat,105,63.0000,0.6000
seq-sat,floortile,49c81b1d31ca1d7bf4328a59ba92116fbd72d213,FD-Autotune-1,fd-autotune-1,129,63.0000,0.4884
seq-sat,floortile,49c81b1d31ca1d7bf4328a59ba92116fbd72d213,FD-Autotune-2,fd-autotune-2,63,63.0000,1.0000
seq-sat,floortile,49c81b1d31ca1d7bf4328a59ba92116fbd72d213,FDSS-1,fdss-1_seq-sat,93,63.0000,0.6774
seq-sat,floortile,49c81b1d31ca1d7bf4328a59ba92116fbd72d213,FDSS-2,fdss-2_seq-sat,65,63.0000,0.9692
seq-sat,floortile,49c81b1d31ca1d7bf4328a59ba92116fbd72d213,Fork Uniform,forkuniform,153,63.0000,0.4118
seq-sat,floortile,49c81b1d31ca1d7bf4328a59ba92116fbd72d213,LAMA-2011,lama-2011,63,63.0000,1.0000
seq-sat,floortile,49c81b1d31ca1d7bf4328a59ba92116fbd72d213,Probe,probe,105,63.0000,0.6000
seq-sat,floortile,49c81b1d31ca1d7bf4328a59ba92116fbd72d213,YAHSP2,yahsp2_seq-sat,128,63.0000,0.4922
seq-sat,floortile,49c81b1d31ca1d7bf4328a59ba92116fbd72d213,YAHSP2-MT,yahsp2-mt_seq-sat,147,63.0000,0.4286
seq-sat,floortile,4a7826fb9785bfeac8f19eb8548d0decd35d9b82,BRT,brt,148,66.0000,0.4459
seq-sat,floortile,4a7826fb9785bfeac8f19eb8548d0decd35d9b82,DAE-YAHSP,dae_yahsp_seq-sat,106,66.0000,0.6226
seq-sat,floortile,4a7826fb9785bfeac8f19eb8548d0decd35d9b82,FD-Autotune-1,fd-autotune-1,141,66.0000,0.4681
seq-sat,floortile,4a7826fb9785bfeac8f19eb8548d0decd35d9b82,FD-Autotune-2,fd-autotune-2,66,66.0000,1.0000
seq-sat,floortile,4a7826fb9785bfeac8f19eb8548d0decd35d9b82,FDSS-1,fdss-1_seq-sat,94,66.0000,0.7021
seq-sat,floortile,4a7826fb9785bfeac8f19eb8548d0decd35d9b82,FDSS-2,fdss-2_seq-sat,66,66.0000,1.0000
seq-sat,floortile,4a7826fb9785bfeac8f19eb8548d0decd35d9b82,Fork Uniform,forkuniform,112,66.0000,0.5893
seq-sat,floortile,4a7826fb9785bfeac8f19eb8548d0decd35d9b82,LAMA-2011,lama-2011,84,66.0000,0.7857
seq-sat,floortile,4a7826fb9785bfeac8f19eb8548d0decd35d9b82,Probe,probe,103,66.0000,0.6408
seq-sat,floortile,4a7826fb9785bfeac8f19eb8548d0decd35d9b82,YAHSP2,yahsp2_seq-sat,129,66.0000,0.5116
seq-sat,floortile,4a7826fb9785bfeac8f19eb8548d0decd35d9b82,YAHSP2-MT,yahsp2-mt_seq-sat,133,66.0000,0.4962
seq-sat,floortile,d70afcfa972d4645648760cbde76676a1febabb3,DAE-YAHSP,dae_yahsp_seq-sat,156,83.0000,0.5321
seq-sat,floortile,d70afcfa972d4645648760cbde76676a1febabb3,FD-Autotune-2,fd-autotune-2,87,83.0000,0.9540
seq-sat,floortile,d70afcfa972d4645648760cbde76676a1febabb3,FDSS-2,fdss-2_seq-sat,83,83.0000,1.0000
seq-sat,floortile,d70afcfa972d4645648760cbde76676a1febabb3,YAHSP2-MT,yahsp2-mt_seq-sat,169,83.0000,0.4911
seq-sat,floortile,e9756a6593016ef6178c9f85b7daaec15f1f1b5b,FD-Autotune-1,fd-autotune-1,203,102.0000,0.5025
seq-sat,floortile,e9756a6593016ef6178c9f85b7daaec15f1f1b5b,FD-Autotune-2,fd-autotune-2,102,102.0000,1.0000
seq-sat,floortile,e9756a6593016ef6178c9f85b7daaec15f1f1b5b,YAHSP2-MT,yahsp2-mt_seq-sat,176,102.0000,0.5795
seq-sat,nomystery,1268ec6e120e3b6e1f974b72d2b9fa5ecad33a65,Arvand,arvand,21,21.0000,1.0000
seq-sat,nomystery,1268ec6e120e3b6e1f974b72d2b9fa5ecad33a65,CBP,cbp,21,21.0000,1.0000
seq-sat,nomystery,1268ec6e120e3b6e1f974b72d2b9fa5ecad33a65,CBP2,cbp2,21,21.0000,1.0000
seq-sat,nomystery,1268ec6e120e3b6e1f974b72d2b9fa5ecad33a65,CPT4,cpt4_seq-sat,21,21.0000,1.0000
seq-sat,nomystery,1268ec6e120e3b6e1f974b72d2b9fa5ecad33a65,DAE-YAHSP,dae_yahsp_seq-sat,21,21.0000,1.0000
seq-sat,nomystery,1268ec6e120e3b6e1f974b72d2b9fa5ecad33a65,FD-Autotune-1,fd-autotune-1,21,21.0000,1.0000
seq-sat,nomystery,1268ec6e120e3b6e1f974b72d2b9fa5ecad33a65,FD-Autotune-2,fd-autotune-2,21,21.0000,1.0000
seq-sat,nomystery,1268ec6e120e3b6e1f974b72d2b9fa5ecad33a65,FDSS-1,fdss-1_seq-sat,21,21.0000,1.0000
seq-sat,nomystery,1268ec6e120e3b6e1f974b72d2b9fa5ecad33a65,FDSS-2,fdss-2_seq-sat,21,21.0000,1.0000
seq-sat,nomystery,1268ec6e120e3b6e1f974b72d2b9fa5ecad33a65,Fork Uniform,forkuniform,21,21.0000,1.0000
seq-sat,nomystery,1268ec6e120e3b6e1f974b72d2b9fa5ecad33a65,LAMA-2008,lama-2008,21,21.0000,1.0000
seq-sat,nomystery,1268ec6e120e3b6e1f974b72d2b9fa5ecad33a65,LAMA-2011,lama-2011,21,21.0000,1.0000
seq-sat,nomystery,1268ec6e120e3b6e1f974b72d2b9fa5ecad33a65,LPRPG-P,lprpgp,22,21.0000,0.9545
seq-sat,nomystery,1268ec6e120e3b6e1f974b72d2b9fa5ecad33a65,Lamar,lamar,21,21.0000,1.0000
seq-sat,nomystery,1268ec6e120e3b6e1f974b72d2b9fa5ecad33a65,Madagascar,madagascar_seq-sat,22,21.0000,0.9545
seq-sat,nomystery,1268ec6e120e3b6e1f974b72d2b9fa5ecad33a65,Madagascar-p,madagascar-p_seq-sat,22,21.0000,0.9545
seq-sat,nomystery,1268ec6e120e3b6e1f974b72d2b9fa5ecad33a65,POPF2,popf2_seq-sat,22,21.0000,0.9545
seq-sat,nomystery,1268ec6e120e3b6e1f974b72d2b9fa5ecad33a65,Probe,probe,21,21.0000,1.0000
seq-sat,nomystery,1268ec6e120e3b6e1f974b72d2b9fa5ecad33a65,Randward,randward,21,21.0000,1.0000
seq-sat,nomystery,1268ec6e120e3b6e1f974b72d2b9fa5ecad33a65,Roamer,roamer,21,21.0000,1.0000
seq-sat,nomystery,1268ec6e120e3b6e1f974b72d2b9fa5ecad33a65,SATPLANLM-C,satplanlm-c,21,21.0000,1.0000
seq-sat,nomystery,1268ec6e120e3b6e1f974b72d2b9fa5ecad33a65,YAHSP2,yahsp2_seq-sat,21,21.0000,1.0000
seq-sat,nomystery,1268ec6e120e3b6e1f974b72d2b9fa5ecad33a65,YAHSP2-MT,yahsp2-mt_seq-sat,21,21.0000,1.0000
seq-sat,nomystery,3e1eec3f986ce10c0550d0095bae47d489a35596,Arvand,arvand,18,18.0000,1.0000
seq-sat,nomystery,3e1eec3f986ce10c0550d0095bae47d489a35596,BRT,brt,18,18.0000,1.0000
seq-sat,nomystery,3e1eec3f986ce10c0550d0095bae47d489a35596,CBP,cbp,18,18.0000,1.0000
seq-sat,nomystery,3e1eec3f986ce10c0550d0095bae47d489a35596,CBP2,cbp2,18,18.0000,1.0000
seq-sat,nomystery,3e1eec3f986ce10c0550d0095bae47d489a35596,CPT4,cpt4_seq-sat,18,18.0000,1.0000
seq-sat,nomystery,3e1eec3f986ce10c0550d0095bae47d489a35596,DAE-YAHSP,dae_yahsp_seq-sat,18,18.0000,1.0000
seq-sat,nomystery,3e1eec3f986ce10c0550d0095bae47d489a35596,FD-Autotune-1,fd-autotune-1,18,18.0000,1.0000
seq-sat,nomystery,3e1eec3f986ce10c0550d0095bae47d489a35596,FD-Autotune-2,fd-autotune-2,18,18.0000,1.0000
seq-sat,nomystery,3e1eec3f986ce10c0550d0095bae47d489a35596,FDSS-1,fdss-1_seq-sat,18,18.0000,1.0000
seq-sat,nomystery,3e1eec3f986ce10c0550d0095bae47d489a35596,FDSS-2,fdss-2_seq-sat,18,18.0000,1.0000
seq-sat,nomystery,3e1eec3f986ce10c0550d0095bae47d489a35596,Fork Uniform,forkuniform,18,18.0000,1.0000
seq-sat,nomystery,3e1eec3f986ce10c0550d0095bae47d489a35596,LAMA-2008,lama-2008,18,18.0000,1.0000
seq-sat,nomystery,3e1eec3f986ce10c0550d0095bae47d489a35596,LAMA-2011,lama-2011,18,18.0000,1.0000
seq-sat,nomystery,3e1eec3f986ce10c0550d0095bae47d489a35596,LPRPG-P,lprpgp,18,18.0000,1.0000
seq-sat,nomystery,3e1eec3f986ce10c0550d0095bae47d489a35596,Lamar,lamar,18,18.0000,1.0000
seq-sat,nomystery,3e1eec3f986ce10c0550d0095bae47d489a35596,Madagascar,madagascar_seq-sat,23,18.0000,0.7826
seq-sat,nomystery,3e1eec3f986ce10c0550d0095bae47d489a35596,Madagascar-p,madagascar-p_seq-sat,19,18.0000,0.9474
seq-sat,nomystery,3e1eec3f986ce10c0550d0095bae47d489a35596,POPF2,popf2_seq-sat,18,18.0000,1.0000
seq-sat,nomystery,3e1eec3f986ce10c0550d0095bae47d489a35596,Probe,probe,18,18.0000,1.0000
seq-sat,nomystery,3e1eec3f986ce10c0550d0095bae47d489a35596,Randward,randward,18,18.0000,1.0000
seq-sat,nomystery,3e1eec3f986ce10c0550d0095bae47d489a35596,Roamer,roamer,18,18.0000,1.0000
seq-sat,nomystery,3e1eec3f986ce10c0550d0095bae47d489a35596,SATPLANLM-C,satplanlm-c,18,18.0000,1.0000
seq-sat,nomystery,3e1eec3f986ce10c0550d0095bae47d489a35596,YAHSP2,yahsp2_seq-sat,18,18.0000,1.0000
seq-sat,nomystery,3e1eec3f986ce10c0550d0095bae47d489a35596,YAHSP2-MT,yahsp2-mt_seq-sat,18,18.0000,1.0000
seq-sat,nomystery,40cb725fddce2532191423d7e1202f3857436986,Arvand,arvand,40,40.0000,1.0000
seq-sat,nomystery,40cb725fddce2532191423d7e1202f3857436986,CPT4,cpt4_seq-sat,40,40.0000,1.0000
seq-sat,nomystery,40cb725fddce2532191423d7e1202f3857436986,FD-Autotune-2,fd-autotune-2,40,40.0000,1.0000
seq-sat,nomystery,434357a4fd8a1f14dab34fe56c4b20c0507daec0,Arvand,arvand,34,34.0000,1.0000
seq-sat,nomystery,434357a4fd8a1f14dab34fe56c4b20c0507daec0,CPT4,cpt4_seq-sat,34,34.0000,1.0000
seq-sat,nomystery,434357a4fd8a1f14dab34fe56c4b20c0507daec0,FD-Autotune-2,fd-autotune-2,35,34.0000,0.9714
seq-sat,nomystery,434357a4fd8a1f14dab34fe56c4b20c0507daec0,FDSS-2,fdss-2_seq-sat,35,34.0000,0.9714
seq-sat,nomystery,434357a4fd8a1f14dab34fe56c4b20c0507daec0,LAMA-2008,lama-2008,34,34.0000,1.0000
seq-sat,nomystery,434357a4fd8a1f14dab34fe56c4b20c0507daec0,Lamar,lamar,34,34.0000,1.0000
seq-sat,nomystery,434357a4fd8a1f14dab34fe56c4b20c0507daec0,Madagascar,madagascar_seq-sat,40,34.0000,0.8500
seq-sat,nomystery,434357a4fd8a1f14dab34fe56c4b20c0507daec0,Madagascar-p,madagascar-p_seq-sat,35,34.0000,0.9714
seq-sat,nomystery,434357a4fd8a1f14dab34fe56c4b20c0507daec0,Roamer,roamer,34,34.0000,1.0000
seq-sat,nomystery,46aa0fcfb7b8da15d87384f61fcbdfa97699511e,Arvand,arvand,40,40.0000,1.0000
seq-sat,nomystery,46aa0fcfb7b8da15d87384f61fcbdfa97699511e,FD-Autotune-1,fd-autotune-1,45,40.0000,0.8889
seq-sat,nomystery,46aa0fcfb7b8da15d87384f61fcbdfa97699511e,FD-Autotune-2,fd-autotune-2,44,40.0000,0.9091
seq-sat,nomystery,46aa0fcfb7b8da15d87384f61fcbdfa97699511e,FDSS-1,fdss-1_seq-sat,43,40.0000,0.9302
seq-sat,nomystery,46aa0fcfb7b8da15d87384f61fcbdfa97699511e,FDSS-2,fdss-2_seq-sat,46,40.0000,0.8696
seq-sat,nomystery,46aa0fcfb7b8da15d87384f61fcbdfa97699511e,Fork Uniform,forkuniform,47,40.0000,0.8511
seq-sat,nomystery,46aa0fcfb7b8da15d87384f61fcbdfa97699511e,LAMA-2008,lama-2008,41,40.0000,0.9756
seq-sat,nomystery,46aa0fcfb7b8da15d87384f61fcbdfa97699511e,Lamar,lamar,40,40.0000,1.0000
seq-sat,nomystery,46aa0fcfb7b8da15d87384f61fcbdfa97699511e,Madagascar,madagascar_seq-sat,73,40.0000,0.5479
seq-sat,nomystery,46aa0fcfb7b8da15d87384f61fcbdfa97699511e,Madagascar-p,madagascar-p_seq-sat,45,40.0000,0.8889
seq-sat,nomystery,46aa0fcfb7b8da15d87384f61fcbdfa97699511e,POPF2,popf2_seq-sat,45,40.0000,0.8889
seq-sat,nomystery,46aa0fcfb7b8da15d87384f61fcbdfa97699511e,Randward,randward,46,40.0000,0.8696
seq-sat,nomystery,46aa0fcfb7b8da15d87384f61fcbdfa97699511e,Roamer,roamer,40,40.0000,1.0000
seq-sat,nomystery,46aa0fcfb7b8da15d87384f61fcbdfa97699511e,YAHSP2-MT,yahsp2-mt_seq-sat,46,40.0000,0.8696
seq-sat,nomystery,6563f24fe50d6176f26e0e4975dbeb36eb62c6d5,Arvand,arvand,18,18.0000,1.0000
seq-sat,nomystery,6563f24fe50d6176f26e0e4975dbeb36eb62c6d5,BRT,brt,18,18.0000,1.0000
seq-sat,nomystery,6563f24fe50d6176f26e0e4975dbeb36eb62c6d5,CBP,cbp,18,18.0000,1.0000
seq-sat,nomystery,6563f24fe50d6176f26e0e4975dbeb36eb62c6d5,CBP2,cbp2,18,18.0000,1.0000
seq-sat,nomystery,6563f24fe50d6176f26e0e4975dbeb36eb62c6d5,CPT4,cpt4_seq-sat,18,18.0000,1.0000
seq-sat,nomystery,6563f24fe50d6176f26e0e4975dbeb36eb62c6d5,DAE-YAHSP,dae_yahsp_seq-sat,18,18.0000,1.0000
seq-sat,nomystery,6563f24fe50d6176f26e0e4975dbeb36eb62c6d5,FD-Autotune-1,fd-autotune-1,18,18.0000,1.0000
seq-sat,nomystery,6563f24fe50d6176f26e0e4975dbeb36eb62c6d5,FD-Autotune-2,fd-autotune-2,18,18.0000,1.0000
seq-sat,nomystery,6563f24fe50d6176f26e0e4975dbeb36eb62c6d5,FDSS-1,fdss-1_seq-sat,18,18.0000,1.0000
seq-sat,nomystery,6563f24fe50d6176f26e0e4975dbeb36eb62c6d5,FDSS-2,fdss-2_seq-sat,18,18.0000,1.0000
seq-sat,nomystery,6563f24fe50d6176f26e0e4975dbeb36eb62c6d5,Fork Uniform,forkuniform,18,18.0000,1.0000
seq-sat,nomystery,6563f24fe50d6176f26e0e4975dbeb36eb62c6d5,LAMA-2008,lama-2008,18,18.0000,1.0000
seq-sat,nomystery,6563f24fe50d6176f26e0e4975dbeb36eb62c6d5,LAMA-2011,lama-2011,18,18.0000,1.0000
seq-sat,nomystery,6563f24fe50d6176f26e0e4975dbeb36eb62c6d5,LPRPG-P,lprpgp,19,18.0000,0.9474
seq-sat,nomystery,6563f24fe50d6176f26e0e4975dbeb36eb62c6d5,Lamar,lamar,18,18.0000,1.0000
seq-sat,nomystery,6563f24fe50d6176f26e0e4975dbeb36eb62c6d5,Madagascar,madagascar_seq-sat,24,18.0000,0.7500
seq-sat,nomystery,6563f24fe50d6176f26e0e4975dbeb36eb62c6d5,Madagascar-p,madagascar-p_seq-sat,20,18.0000,0.9000
seq-sat,nomystery,6563f24fe50d6176f26e0e4975dbeb36eb62c6d5,POPF2,popf2_seq-sat,19,18.0000,0.9474
seq-sat,nomystery,6563f24fe50d6176f26e0e4975dbeb36eb62c6d5,Probe,probe,18,18.0000,1.0000
seq-sat,nomystery,6563f24fe50d6176f26e0e4975dbeb36eb62c6d5,Randward,randward,18,18.0000,1.0000
seq-sat,nomystery,6563f24fe50d6176f26e0e4975dbeb36eb62c6d5,Roamer,roamer,18,18.0000,1.0000
seq-sat,nomystery,6563f24fe50d6176f26e0e4975dbeb36eb62c6d5,SATPLANLM-C,satplanlm-c,18,18.0000,1.0000
seq-sat,nomystery,6563f24fe50d6176f26e0e4975dbeb36eb62c6d5,YAHSP2,yahsp2_seq-sat,18,18.0000,1.0000
seq-sat,nomystery,6563f24fe50d6176f26e0e4975dbeb36eb62c6d5,YAHSP2-MT,yahsp2-mt_seq-sat,18,18.0000,1.0000
seq-sat,nomystery,6e53af11b121b0cf326de7ab4b946dfca50e89fa,Arvand,arvand,47,47.0000,1.0000
seq-sat,nomystery,6e53af11b121b0cf326de7ab4b946dfca50e89fa,FD-Autotune-2,fd-autotune-2,47,47.0000,1.0000
seq-sat,nomystery,7a6a6c9bb386f81da1b0de26235c0654699f9e73,Arvand,arvand,21,21.0000,1.0000
seq-sat,nomystery,7a6a6c9bb386f81da1b0de26235c0654699f9e73,CBP,cbp,21,21.0000,1.0000
seq-sat,nomystery,7a6a6c9bb386f81da1b0de26235c0654699f9e73,CBP2,cbp2,21,21.0000,1.0000
seq-sat,nomystery,7a6a6c9bb386f81da1b0de26235c0654699f9e73,CPT4,cpt4_seq-sat,21,21.0000,1.0000
seq-sat,nomystery,7a6a6c9bb386f81da1b0de26235c0654699f9e73,DAE-YAHSP,dae_yahsp_seq-sat,21,21.0000,1.0000
seq-sat,nomystery,7a6a6c9bb386f81da1b0de26235c0654699f9e73,FD-Autotune-1,fd-autotune-1,21,21.0000,1.0000
seq-sat,nomystery,7a6a6c9bb386f81da1b0de26235c0654699f9e73,FD-Autotune-2,fd-autotune-2,21,21.0000,1.0000
seq-sat,nomystery,7a6a6c9bb386f81da1b0de26235c0654699f9e73,FDSS-1,fdss-1_seq-sat,21,21.0000,1.0000
seq-sat,nomystery,7a6a6c9bb386f81da1b0de26235c0654699f9e73,FDSS-2,fdss-2_seq-sat,21,21.0000,1.0000
seq-sat,nomystery,7a6a6c9bb386f81da1b0de26235c0654699f9e73,Fork Uniform,forkuniform,21,21.0000,1.0000
seq-sat,nomystery,7a6a6c9bb386f81da1b0de26235c0654699f9e73,LAMA-2008,lama-2008,22,21.0000,0.9545
seq-sat,nomystery,7a6a6c9bb386f81da1b0de26235c0654699f9e73,LAMA-2011,lama-2011,21,21.0000,1.0000
seq-sat,nomystery,7a6a6c9bb386f81da1b0de26235c0654699f9e73,LPRPG-P,lprpgp,22,21.0000,0.9545
seq-sat,nomystery,7a6a6c9bb386f81da1b0de26235c0654699f9e73,Lamar,lamar,22,21.0000,0.9545
seq-sat,nomystery,7a6a6c9bb386f81da1b0de26235c0654699f9e73,Madagascar,madagascar_seq-sat,22,21.0000,0.9545
seq-sat,nomystery,7a6a6c9bb386f81da1b0de26235c0654699f9e73,Madagascar-p,madagascar-p_seq-sat,22,21.0000,0.9545
seq-sat,nomystery,7a6a6c9bb386f81da1b0de26235c0654699f9e73,POPF2,popf2_seq-sat,21,21.0000,1.0000
seq-sat,nomystery,7a6a6c9bb386f81da1b0de26235c0654699f9e73,Probe,probe,21,21.0000,1.0000
seq-sat,nomystery,7a6a6c9bb386f81da1b0de26235c0654699f9e73,Randward,randward,21,21.0000,1.0000
seq-sat,nomystery,7a6a6c9bb386f81da1b0de26235c0654699f9e73,Roamer,roamer,22,21.0000,0.9545
seq-sat,nomystery,7a6a6c9bb386f81da1b0de26235c0654699f9e73,YAHSP2,yahsp2_seq-sat,21,21.0000,1.0000
seq-sat,nomystery,7a6a6c9bb386f81da1b0de26235c0654699f9e73,YAHSP2-MT,yahsp2-mt_seq-sat,21,21.0000,1.0000
seq-sat,nomystery,81fcbbe9651ad21af0a7acb75b2e5c4219272f07,Arvand,arvand,36,36.0000,1.0000
seq-sat,nomystery,81fcbbe9651ad21af0a7acb75b2e5c4219272f07,CPT4,cpt4_seq-sat,36,36.0000,1.0000
seq-sat,nomystery,81fcbbe9651ad21af0a7acb75b2e5c4219272f07,FD-Autotune-2,fd-autotune-2,36,36.0000,1.0000
seq-sat,nomystery,81fcbbe9651ad21af0a7acb75b2e5c4219272f07,FDSS-1,fdss-1_seq-sat,40,36.0000,0.9000
seq-sat,nomystery,81fcbbe9651ad21af0a7acb75b2e5c4219272f07,FDSS-2,fdss-2_seq-sat,42,36.0000,0.8571
seq-sat,nomystery,81fcbbe9651ad21af0a7acb75b2e5c4219272f07,LAMA-2008,lama-2008,40,36.0000,0.9000
seq-sat,nomystery,81fcbbe9651ad21af0a7acb75b2e5c4219272f07,Lamar,lamar,42,36.0000,0.8571
seq-sat,nomystery,81fcbbe9651ad21af0a7acb75b2e5c4219272f07,Madagascar,madagascar_seq-sat,61,36.0000,0.5902
seq-sat,nomystery,81fcbbe9651ad21af0a7acb75b2e5c4219272f07,Madagascar-p,madagascar-p_seq-sat,41,36.0000,0.8780
seq-sat,nomystery,8e63d3d35aa825530ce077b841a17e22aec24c77,Arvand,arvand,37,36.0000,0.9730
seq-sat,nomystery,8e63d3d35aa825530ce077b841a17e22aec24c77,CPT4,cpt4_seq-sat,36,36.0000,1.0000
seq-sat,nomystery,8e63d3d35aa825530ce077b841a17e22aec24c77,FD-Autotune-2,fd-autotune-2,37,36.0000,0.9730
seq-sat,nomystery,8e63d3d35aa825530ce077b841a17e22aec24c77,Madagascar,madagascar_seq-sat,38,36.0000,0.9474
seq-sat,nomystery,8e63d3d35aa825530ce077b841a17e22aec24c77,Madagascar-p,madagascar-p_seq-sat,37,36.0000,0.9730
seq-sat,nomystery,9b81ce1cb0ce9d6e0fa163b48413e5350bc983af,Arvand,arvand,28,28.0000,1.0000
seq-sat,nomystery,9b81ce1cb0ce9d6e0fa163b48413e5350bc983af,BRT,brt,31,28.0000,0.9032
seq-sat,nomystery,9b81ce1cb0ce9d6e0fa163b48413e5350bc983af,CPT4,cpt4_seq-sat,28,28.0000,1.0000
seq-sat,nomystery,9b81ce1cb0ce9d6e0fa163b48413e5350bc983af,DAE-YAHSP,dae_yahsp_seq-sat,30,28.0000,0.9333
seq-sat,nomystery,9b81ce1cb0ce9d6e0fa163b48413e5350bc983af,FD-Autotune-1,fd-autotune-1,32,28.0000,0.8750
seq-sat,nomystery,9b81ce1cb0ce9d6e0fa163b48413e5350bc983af,FD-Autotune-2,fd-autotune-2,32,28.0000,0.8750
seq-sat,nomystery,9b81ce1cb0ce9d6e0fa163b48413e5350bc983af,FDSS-1,fdss-1_seq-sat,32,28.0000,0.8750
seq-sat,nomystery,9b81ce1cb0ce9d6e0fa163b48413e5350bc983af,FDSS-2,fdss-2_seq-sat,34,28.0000,0.8235
seq-sat,nomystery,9b81ce1cb0ce9d6e0fa163b48413e5350bc983af,Fork Uniform,forkuniform,28,28.0000,1.0000
seq-sat,nomystery,9b81ce1cb0ce9d6e0fa163b48413e5350bc983af,LAMA-2008,lama-2008,31,28.0000,0.9032
seq-sat,nomystery,9b81ce1cb0ce9d6e0fa163b48413e5350bc983af,LAMA-2011,lama-2011,28,28.0000,1.0000
seq-sat,nomystery,9b81ce1cb0ce9d6e0fa163b48413e5350bc983af,LPRPG-P,lprpgp,34,28.0000,0.8235
seq-sat,nomystery,9b81ce1cb0ce9d6e0fa163b48413e5350bc983af,Lamar,lamar,31,28.0000,0.9032
seq-sat,nomystery,9b81ce1cb0ce9d6e0fa163b48413e5350bc983af,Madagascar,madagascar_seq-sat,39,28.0000,0.7179
seq-sat,nomystery,9b81ce1cb0ce9d6e0fa163b48413e5350bc983af,Madagascar-p,madagascar-p_seq-sat,32,28.0000,0.8750
seq-sat,nomystery,9b81ce1cb0ce9d6e0fa163b48413e5350bc983af,POPF2,popf2_seq-sat,33,28.0000,0.8485
seq-sat,nomystery,9b81ce1cb0ce9d6e0fa163b48413e5350bc983af,Probe,probe,31,28.0000,0.9032
seq-sat,nomystery,9b81ce1cb0ce9d6e0fa163b48413e5350bc983af,Randward,randward,31,28.0000,0.9032
seq-sat,nomystery,9b81ce1cb0ce9d6e0fa163b48413e5350bc983af,Roamer,roamer,30,28.0000,0.9333
seq-sat,nomystery,9b81ce1cb0ce9d6e0fa163b48413e5350bc983af,YAHSP2,yahsp2_seq-sat,32,28.0000,0.8750
seq-sat,nomystery,9b81ce1cb0ce9d6e0fa163b48413e5350bc983af,YAHSP2-MT,yahsp2-mt_seq-sat,29,28.0000,0.9655
seq-sat,nomystery,a25845754038039014009f04e4e1ab1da4af672f,Arvand,arvand,28,28.0000,1.0000
seq-sat,nomystery,a25845754038039014009f04e4e1ab1da4af672f,CPT4,cpt4_seq-sat,28,28.0000,1.0000
seq-sat,nomystery,a25845754038039014009f04e4e1ab1da4af672f,DAE-YAHSP,dae_yahsp_seq-sat,29,28.0000,0.9655
seq-sat,nomystery,a25845754038039014009f04e4e1ab1da4af672f,FD-Autotune-2,fd-autotune-2,29,28.0000,0.9655
seq-sat,nomystery,a25845754038039014009f04e4e1ab1da4af672f,Fork Uniform,forkuniform,29,28.0000,0.9655
seq-sat,nomystery,a25845754038039014009f04e4e1ab1da4af672f,LAMA-2011,lama-2011,28,28.0000,1.0000
seq-sat,nomystery,a25845754038039014009f04e4e1ab1da4af672f,Madagascar,madagascar_seq-sat,33,28.0000,0.8485
seq-sat,nomystery,a25845754038039014009f04e4e1ab1da4af672f,Madagascar-p,madagascar-p_seq-sat,31,28.0000,0.9032
seq-sat,nomystery,a25845754038039014009f04e4e1ab1da4af672f,YAHSP2-MT,yahsp2-mt_seq-sat,29,28.0000,0.9655
seq-sat,nomystery,a49240ba91ce0e8d58e65eb6830e1d5dae4cfa7e,Arvand,arvand,25,25.0000,1.0000
seq-sat,nomystery,a49240ba91ce0e8d58e65eb6830e1d5dae4cfa7e,BRT,brt,26,25.0000,0.9615
seq-sat,nomystery,a49240ba91ce0e8d58e65eb6830e1d5dae4cfa7e,CPT4,cpt4_seq-sat,25,25.0000,1.0000
seq-sat,nomystery,a49240ba91ce0e8d58e65eb6830e1d5dae4cfa7e,DAE-YAHSP,dae_yahsp_seq-sat,27,25.0000,0.9259
seq-sat,nomystery,a49240ba91ce0e8d58e65eb6830e1d5dae4cfa7e,FD-Autotune-1,fd-autotune-1,25,25.0000,1.0000
seq-sat,nomystery,a49240ba91ce0e8d58e65eb6830e1d5dae4cfa7e,FD-Autotune-2,fd-autotune-2,25,25.0000,1.0000
seq-sat,nomystery,a49240ba91ce0e8d58e65eb6830e1d5dae4cfa7e,FDSS-1,fdss-1_seq-sat,26,25.0000,0.9615
seq-sat,nomystery,a49240ba91ce0e8d58e65eb6830e1d5dae4cfa7e,FDSS-2,fdss-2_seq-sat,26,25.0000,0.9615
seq-sat,nomystery,a49240ba91ce0e8d58e65eb6830e1d5dae4cfa7e,Fork Uniform,forkuniform,26,25.0000,0.9615
seq-sat,nomystery,a49240ba91ce0e8d58e65eb6830e1d5dae4cfa7e,LAMA-2008,lama-2008,27,25.0000,0.9259
seq-sat,nomystery,a49240ba91ce0e8d58e65eb6830e1d5dae4cfa7e,LAMA-2011,lama-2011,25,25.0000,1.0000
seq-sat,nomystery,a49240ba91ce0e8d58e65eb6830e1d5dae4cfa7e,LPRPG-P,lprpgp,28,25.0000,0.8929
seq-sat,nomystery,a49240ba91ce0e8d58e65eb6830e1d5dae4cfa7e,Lamar,lamar,27,25.0000,0.9259
seq-sat,nomystery,a49240ba91ce0e8d58e65eb6830e1d5dae4cfa7e,Madagascar,madagascar_seq-sat,35,25.0000,0.7143
seq-sat,nomystery,a49240ba91ce0e8d58e65eb6830e1d5dae4cfa7e,Madagascar-p,madagascar-p_seq-sat,27,25.0000,0.9259
seq-sat,nomystery,a49240ba91ce0e8d58e65eb6830e1d5dae4cfa7e,POPF2,popf2_seq-sat,28,25.0000,0.8929
seq-sat,nomystery,a49240ba91ce0e8d58e65eb6830e1d5dae4cfa7e,Randward,randward,28,25.0000,0.8929
seq-sat,nomystery,a49240ba91ce0e8d58e65eb6830e1d5dae4cfa7e,YAHSP2,yahsp2_seq-sat,26,25.0000,0.9615
seq-sat,nomystery,a49240ba91ce0e8d58e65eb6830e1d5dae4cfa7e,YAHSP2-MT,yahsp2-mt_seq-sat,26,25.0000,0.9615
seq-sat,nomystery,ad5c320fb2a29e860ce78d0b1dc268849bb5abf1,Arvand,arvand,40,40.0000,1.0000
seq-sat,nomystery,ad5c320fb2a29e860ce78d0b1dc268849bb5abf1,CPT4,cpt4_seq-sat,40,40.0000,1.0000
seq-sat,nomystery,ad5c320fb2a29e860ce78d0b1dc268849bb5abf1,DAE-YAHSP,dae_yahsp_seq-sat,42,40.0000,0.9524
seq-sat,nomystery,ad5c320fb2a29e860ce78d0b1dc268849bb5abf1,FD-Autotune-2,fd-autotune-2,40,40.0000,1.0000
seq-sat,nomystery,ad5c320fb2a29e860ce78d0b1dc268849bb5abf1,Madagascar,madagascar_seq-sat,50,40.0000,0.8000
seq-sat,nomystery,ad5c320fb2a29e860ce78d0b1dc268849bb5abf1,Madagascar-p,madagascar-p_seq-sat,40,40.0000,1.0000
seq-sat,nomystery,ad6f99c3d172c2b1d5c703ffb98acac0f0b48081,Arvand,arvand,47,47.0000,1.0000
seq-sat,nomystery,ad6f99c3d172c2b1d5c703ffb98acac0f0b48081,FD-Autotune-1,fd-autotune-1,55,47.0000,0.8545
seq-sat,nomystery,ad6f99c3d172c2b1d5c703ffb98acac0f0b48081,FD-Autotune-2,fd-autotune-2,49,47.0000,0.9592
seq-sat,nomystery,ad6f99c3d172c2b1d5c703ffb98acac0f0b48081,FDSS-1,fdss-1_seq-sat,55,47.0000,0.8545
seq-sat,nomystery,ad6f99c3d172c2b1d5c703ffb98acac0f0b48081,FDSS-2,fdss-2_seq-sat,55,47.0000,0.8545
seq-sat,nomystery,ad6f99c3d172c2b1d5c703ffb98acac0f0b48081,LAMA-2008,lama-2008,51,47.0000,0.9216
seq-sat,nomystery,ad6f99c3d172c2b1d5c703ffb98acac0f0b48081,Lamar,lamar,51,47.0000,0.9216
seq-sat,nomystery,ad6f99c3d172c2b1d5c703ffb98acac0f0b48081,Madagascar,madagascar_seq-sat,74,47.0000,0.6351
seq-sat,nomystery,ad6f99c3d172c2b1d5c703ffb98acac0f0b48081,Roamer,roamer,51,47.0000,0.9216
seq-sat,nomystery,b1f80fa8d6fccabb1174407286bda70e1a6cb052,Arvand,arvand,25,25.0000,1.0000
seq-sat,nomystery,b1f80fa8d6fccabb1174407286bda70e1a6cb052,BRT,brt,26,25.0000,0.9615
seq-sat,nomystery,b1f80fa8d6fccabb1174407286bda70e1a6cb052,CPT4,cpt4_seq-sat,25,25.0000,1.0000
seq-sat,nomystery,b1f80fa8d6fccabb1174407286bda70e1a6cb052,DAE-YAHSP,dae_yahsp_seq-sat,28,25.0000,0.8929
seq-sat,nomystery,b1f80fa8d6fccabb1174407286bda70e1a6cb052,FD-Autotune-1,fd-autotune-1,26,25.0000,0.9615
seq-sat,nomystery,b1f80fa8d6fccabb1174407286bda70e1a6cb052,FD-Autotune-2,fd-autotune-2,25,25.0000,1.0000
seq-sat,nomystery,b1f80fa8d6fccabb1174407286bda70e1a6cb052,FDSS-1,fdss-1_seq-sat,26,25.0000,0.9615
seq-sat,nomystery,b1f80fa8d6fccabb1174407286bda70e1a6cb052,FDSS-2,fdss-2_seq-sat,25,25.0000,1.0000
seq-sat,nomystery,b1f80fa8d6fccabb1174407286bda70e1a6cb052,Fork Uniform,forkuniform,27,25.0000,0.9259
seq-sat,nomystery,b1f80fa8d6fccabb1174407286bda70e1a6cb052,LAMA-2008,lama-2008,29,25.0000,0.8621
seq-sat,nomystery,b1f80fa8d6fccabb1174407286bda70e1a6cb052,LAMA-2011,lama-2011,25,25.0000,1.0000
seq-sat,nomystery,b1f80fa8d6fccabb1174407286bda70e1a6cb052,LPRPG-P,lprpgp,30,25.0000,0.8333
seq-sat,nomystery,b1f80fa8d6fccabb1174407286bda70e1a6cb052,Lamar,lamar,28,25.0000,0.8929
seq-sat,nomystery,b1f80fa8d6fccabb1174407286bda70e1a6cb052,Madagascar,madagascar_seq-sat,38,25.0000,0.6579
seq-sat,nomystery,b1f80fa8d6fccabb1174407286bda70e1a6cb052,Madagascar-p,madagascar-p_seq-sat,29,25.0000,0.8621
seq-sat,nomystery,b1f80fa8d6fccabb1174407286bda70e1a6cb052,POPF2,popf2_seq-sat,30,25.0000,0.8333
seq-sat,nomystery,b1f80fa8d6fccabb1174407286bda70e1a6cb052,Probe,probe,25,25.0000,1.0000
seq-sat,nomystery,b1f80fa8d6fccabb1174407286bda70e1a6cb052,Randward,randward,26,25.0000,0.9615
seq-sat,nomystery,b1f80fa8d6fccabb1174407286bda70e1a6cb052,Roamer,roamer,29,25.0000,0.8621
seq-sat,nomystery,b1f80fa8d6fccabb1174407286bda70e1a6cb052,YAHSP2,yahsp2_seq-sat,29,25.0000,0.8621
seq-sat,nomystery,b1f80fa8d6fccabb1174407286bda70e1a6cb052,YAHSP2-MT,yahsp2-mt_seq-sat,28,25.0000,0.8929
seq-sat,nomystery,dab0c464b84e467b3135f32beaf8e4538458da54,Arvand,arvand,40,40.0000,1.0000
seq-sat,nomystery,dab0c464b84e467b3135f32beaf8e4538458da54,CPT4,cpt4_seq-sat,40,40.0000,1.0000
seq-sat,nomystery,dab0c464b84e467b3135f32beaf8e4538458da54,DAE-YAHSP,dae_yahsp_seq-sat,40,40.0000,1.0000
seq-sat,nomystery,dab0c464b84e467b3135f32beaf8e4538458da54,FD-Autotune-2,fd-autotune-2,46,40.0000,0.8696
seq-sat,nomystery,dab0c464b84e467b3135f32beaf8e4538458da54,FDSS-1,fdss-1_seq-sat,48,40.0000,0.8333
seq-sat,nomystery,dab0c464b84e467b3135f32beaf8e4538458da54,Fork Uniform,forkuniform,47,40.0000,0.8511
seq-sat,nomystery,dab0c464b84e467b3135f32beaf8e4538458da54,Madagascar,madagascar_seq-sat,52,40.0000,0.7692
seq-sat,nomystery,dab0c464b84e467b3135f32beaf8e4538458da54,Madagascar-p,madagascar-p_seq-sat,41,40.0000,0.9756
seq-sat,nomystery,dab0c464b84e467b3135f32beaf8e4538458da54,YAHSP2-MT,yahsp2-mt_seq-sat,42,40.0000,0.9524
seq-sat,nomystery,e99dcd4c9ec88ef377f50f159b728f2ff2addb83,Arvand,arvand,49,49.0000,1.0000
seq-sat,nomystery,e99dcd4c9ec88ef377f50f159b728f2ff2addb83,FD-Autotune-2,fd-autotune-2,55,49.0000,0.8909
seq-sat,nomystery,e99dcd4c9ec88ef377f50f159b728f2ff2addb83,LAMA-2011,lama-2011,53,49.0000,0.9245
seq-sat,nomystery,e99dcd4c9ec88ef377f50f159b728f2ff2addb83,Madagascar,madagascar_seq-sat,107,49.0000,0.4579
seq-sat,nomystery,f15fe5f3478e25e8ebd9a3a365433a633d561a21,Arvand,arvand,34,34.0000,1.0000
seq-sat,nomystery,f15fe5f3478e25e8ebd9a3a365433a633d561a21,BRT,brt,37,34.0000,0.9189
seq-sat,nomystery,f15fe5f3478e25e8ebd9a3a365433a633d561a21,CPT4,cpt4_seq-sat,34,34.0000,1.0000
seq-sat,nomystery,f15fe5f3478e25e8ebd9a3a365433a633d561a21,FD-Autotune-1,fd-autotune-1,37,34.0000,0.9189
seq-sat,nomystery,f15fe5f3478e25e8ebd9a3a365433a633d561a21,FD-Autotune-2,fd-autotune-2,36,34.0000,0.9444
seq-sat,nomystery,f15fe5f3478e25e8ebd9a3a365433a633d561a21,FDSS-1,fdss-1_seq-sat,36,34.0000,0.9444
seq-sat,nomystery,f15fe5f3478e25e8ebd9a3a365433a633d561a21,FDSS-2,fdss-2_seq-sat,39,34.0000,0.8718
seq-sat,nomystery,f15fe5f3478e25e8ebd9a3a365433a633d561a21,Fork Uniform,forkuniform,38,34.0000,0.8947
seq-sat,nomystery,f15fe5f3478e25e8ebd9a3a365433a633d561a21,LAMA-2008,lama-2008,34,34.0000,1.0000
seq-sat,nomystery,f15fe5f3478e25e8ebd9a3a365433a633d561a21,LAMA-2011,lama-2011,34,34.0000,1.0000
seq-sat,nomystery,f15fe5f3478e25e8ebd9a3a365433a633d561a21,LPRPG-P,lprpgp,40,34.0000,0.8500
seq-sat,nomystery,f15fe5f3478e25e8ebd9a3a365433a633d561a21,Lamar,lamar,34,34.0000,1.0000
seq-sat,nomystery,f15fe5f3478e25e8ebd9a3a365433a633d561a21,Madagascar,madagascar_seq-sat,34,34.0000,1.0000
seq-sat,nomystery,f15fe5f3478e25e8ebd9a3a365433a633d561a21,Madagascar-p,madagascar-p_seq-sat,37,34.0000,0.9189
seq-sat,nomystery,f15fe5f3478e25e8ebd9a3a365433a633d561a21,POPF2,popf2_seq-sat,40,34.0000,0.8500
seq-sat,nomystery,f15fe5f3478e25e8ebd9a3a365433a633d561a21,Randward,randward,37,34.0000,0.9189
seq-sat,nomystery,f15fe5f3478e25e8ebd9a3a365433a633d561a21,Roamer,roamer,34,34.0000,1.0000
seq-sat,openstacks,04198100d7daf1f7ed84c34971df620e5d27833b,Arvand,arvand,26,19.0000,0.7308
seq-sat,openstacks,04198100d7daf1f7ed84c34971df620e5d27833b,CBP,cbp,41,19.0000,0.4634
seq-sat,openstacks,04198100d7daf1f7ed84c34971df620e5d27833b,CBP2,cbp2,32,19.0000,0.5938
seq-sat,openstacks,04198100d7daf1f7ed84c34971df620e5d27833b,FD-Autotune-1,fd-autotune-1,26,19.0000,0.7308
seq-sat,openstacks,04198100d7daf1f7ed84c34971df620e5d27833b,FD-Autotune-2,fd-autotune-2,21,19.0000,0.9048
seq-sat,openstacks,04198100d7daf1f7ed84c34971df620e5d27833b,FDSS-1,fdss-1_seq-sat,21,19.0000,0.9048
seq-sat,openstacks,04198100d7daf1f7ed84c34971df620e5d27833b,FDSS-2,fdss-2_seq-sat,22,19.0000,0.8636
seq-sat,openstacks,04198100d7daf1f7ed84c34971df620e5d27833b,Fork Uniform,forkuniform,22,19.0000,0.8636
seq-sat,openstacks,04198100d7daf1f7ed84c34971df620e5d27833b,LAMA-2008,lama-2008,20,19.0000,0.9500
seq-sat,openstacks,04198100d7daf1f7ed84c34971df620e5d27833b,LAMA-2011,lama-2011,19,19.0000,1.0000
seq-sat,openstacks,04198100d7daf1f7ed84c34971df620e5d27833b,LPRPG-P,lprpgp,80,19.0000,0.2375
seq-sat,openstacks,04198100d7daf1f7ed84c34971df620e5d27833b,Lamar,lamar,21,19.0000,0.9048
seq-sat,openstacks,04198100d7daf1f7ed84c34971df620e5d27833b,Probe,probe,21,19.0000,0.9048
seq-sat,openstacks,04198100d7daf1f7ed84c34971df620e5d27833b,Randward,randward,19,19.0000,1.0000
seq-sat,openstacks,04198100d7daf1f7ed84c34971df620e5d27833b,Roamer,roamer,20,19.0000,0.9500
seq-sat,openstacks,04198100d7daf1f7ed84c34971df620e5d27833b,Sharaabi,sharaabi_seq-sat,46,19.0000,0.4130
seq-sat,openstacks,05b01ec70fc6f318b4f72b0f95a3e07392657e5a,Arvand,arvand,170,154.0000,0.9059
seq-sat,openstacks,05b01ec70fc6f318b4f72b0f95a3e07392657e5a,CBP,cbp,175,154.0000,0.8800
seq-sat,openstacks,05b01ec70fc6f318b4f72b0f95a3e07392657e5a,CBP2,cbp2,154,154.0000,1.0000
seq-sat,openstacks,05b01ec70fc6f318b4f72b0f95a3e07392657e5a,FD-Autotune-1,fd-autotune-1,161,154.0000,0.9565
seq-sat,openstacks,05b01ec70fc6f318b4f72b0f95a3e07392657e5a,FD-Autotune-2,fd-autotune-2,154,154.0000,1.0000
seq-sat,openstacks,05b01ec70fc6f318b4f72b0f95a3e07392657e5a,FDSS-1,fdss-1_seq-sat,160,154.0000,0.9625
seq-sat,openstacks,05b01ec70fc6f318b4f72b0f95a3e07392657e5a,FDSS-2,fdss-2_seq-sat,157,154.0000,0.9809
seq-sat,openstacks,05b01ec70fc6f318b4f72b0f95a3e07392657e5a,Fork Uniform,forkuniform,161,154.0000,0.9565
seq-sat,openstacks,05b01ec70fc6f318b4f72b0f95a3e07392657e5a,LAMA-2008,lama-2008,171,154.0000,0.9006
seq-sat,openstacks,05b01ec70fc6f318b4f72b0f95a3e07392657e5a,LAMA-2011,lama-2011,158,154.0000,0.9747
seq-sat,openstacks,05b01ec70fc6f318b4f72b0f95a3e07392657e5a,LPRPG-P,lprpgp,190,154.0000,0.8105
seq-sat,openstacks,05b01ec70fc6f318b4f72b0f95a3e07392657e5a,Lamar,lamar,171,154.0000,0.9006
seq-sat,openstacks,05b01ec70fc6f318b4f72b0f95a3e07392657e5a,Randward,randward,155,154.0000,0.9935
seq-sat,openstacks,05b01ec70fc6f318b4f72b0f95a3e07392657e5a,Roamer,roamer,171,154.0000,0.9006
seq-sat,openstacks,07ca9ea76e441e481b6a780157d09a2341f8c74f,Arvand,arvand,72,38.0000,0.5278
seq-sat,openstacks,07ca9ea76e441e481b6a780157d09a2341f8c74f,CBP,cbp,108,38.0000,0.3519
seq-sat,openstacks,07ca9ea76e441e481b6a780157d09a2341f8c74f,CBP2,cbp2,67,38.0000,0.5672
seq-sat,openstacks,07ca9ea76e441e481b6a780157d09a2341f8c74f,FD-Autotune-1,fd-autotune-1,60,38.0000,0.6333
seq-sat,openstacks,07ca9ea76e441e481b6a780157d09a2341f8c74f,FD-Autotune-2,fd-autotune-2,38,38.0000,1.0000
seq-sat,openstacks,07ca9ea76e441e481b6a780157d09a2341f8c74f,FDSS-1,fdss-1_seq-sat,57,38.0000,0.6667
seq-sat,openstacks,07ca9ea76e441e481b6a780157d09a2341f8c74f,FDSS-2,fdss-2_seq-sat,46,38.0000,0.8261
seq-sat,openstacks,07ca9ea76e441e481b6a780157d09a2341f8c74f,Fork Uniform,forkuniform,52,38.0000,0.7308
seq-sat,openstacks,07ca9ea76e441e481b6a780157d09a2341f8c74f,LAMA-2008,lama-2008,48,38.0000,0.7917
seq-sat,openstacks,07ca9ea76e441e481b6a780157d09a2341f8c74f,LAMA-2011,lama-2011,47,38.0000,0.8085
seq-sat,openstacks,07ca9ea76e441e481b6a780157d09a2341f8c74f,LPRPG-P,lprpgp,160,38.0000,0.2375
seq-sat,openstacks,07ca9ea76e441e481b6a780157d09a2341f8c74f,Lamar,lamar,48,38.0000,0.7917
seq-sat,openstacks,07ca9ea76e441e481b6a780157d09a2341f8c74f,Probe,probe,52,38.0000,0.7308
seq-sat,openstacks,07ca9ea76e441e481b6a780157d09a2341f8c74f,Randward,randward,46,38.0000,0.8261
seq-sat,openstacks,07ca9ea76e441e481b6a780157d09a2341f8c74f,Roamer,roamer,47,38.0000,0.8085
seq-sat,openstacks,28cbed39b1d89a367244e7108659750ae0f8586e,Arvand,arvand,7,6.0000,0.8571
seq-sat,openstacks,28cbed39b1d89a367244e7108659750ae0f8586e,BRT,brt,8,6.0000,0.7500
seq-sat,openstacks,28cbed39b1d89a367244e7108659750ae0f8586e,CBP,cbp,20,6.0000,0.3000
seq-sat,openstacks,28cbed39b1d89a367244e7108659750ae0f8586e,CBP2,cbp2,17,6.0000,0.3529
seq-sat,openstacks,28cbed39b1d89a367244e7108659750ae0f8586e,FD-Autotune-1,fd-autotune-1,6,6.0000,1.0000
seq-sat,openstacks,28cbed39b1d89a367244e7108659750ae0f8586e,FD-Autotune-2,fd-autotune-2,6,6.0000,1.0000
seq-sat,openstacks,28cbed39b1d89a367244e7108659750ae0f8586e,FDSS-1,fdss-1_seq-sat,7,6.0000,0.8571
seq-sat,openstacks,28cbed39b1d89a367244e7108659750ae0f8586e,FDSS-2,fdss-2_seq-sat,8,6.0000,0.7500
seq-sat,openstacks,28cbed39b1d89a367244e7108659750ae0f8586e,Fork Uniform,forkuniform,8,6.0000,0.7500
seq-sat,openstacks,28cbed39b1d89a367244e7108659750ae0f8586e,LAMA-2008,lama-2008,6,6.0000,1.0000
seq-sat,openstacks,28cbed39b1d89a367244e7108659750ae0f8586e,LAMA-2011,lama-2011,8,6.0000,0.7500
seq-sat,openstacks,28cbed39b1d89a367244e7108659750ae0f8586e,LPRPG-P,lprpgp,50,6.0000,0.1200
seq-sat,openstacks,28cbed39b1d89a367244e7108659750ae0f8586e,Lamar,lamar,6,6.0000,1.0000
seq-sat,openstacks,28cbed39b1d89a367244e7108659750ae0f8586e,Probe,probe,7,6.0000,0.8571
seq-sat,openstacks,28cbed39b1d89a367244e7108659750ae0f8586e,Randward,randward,7,6.0000,0.8571
seq-sat,openstacks,28cbed39b1d89a367244e7108659750ae0f8586e,Roamer,roamer,7,6.0000,0.8571
seq-sat,openstacks,28cbed39b1d89a367244e7108659750ae0f8586e,Sharaabi,sharaabi_seq-sat,21,6.0000,0.2857
seq-sat,openstacks,2f2be37d5d5ebba81de1bda366e3c7d8434f2a75,Arvand,arvand,206,182.0000,0.8835
seq-sat,openstacks,2f2be37d5d5ebba81de1bda366e3c7d8434f2a75,CBP,cbp,205,182.0000,0.8878
seq-sat,openstacks,2f2be37d5d5ebba81de1bda366e3c7d8434f2a75,CBP2,cbp2,191,182.0000,0.9529
seq-sat,openstacks,2f2be37d5d5ebba81de1bda366e3c7d8434f2a75,FD-Autotune-1,fd-autotune-1,193,182.0000,0.9430
seq-sat,openstacks,2f2be37d5d5ebba81de1bda366e3c7d8434f2a75,FD-Autotune-2,fd-autotune-2,182,182.0000,1.0000
seq-sat,openstacks,2f2be37d5d5ebba81de1bda366e3c7d8434f2a75,FDSS-1,fdss-1_seq-sat,193,182.0000,0.9430
seq-sat,openstacks,2f2be37d5d5ebba81de1bda366e3c7d8434f2a75,FDSS-2,fdss-2_seq-sat,192,182.0000,0.9479
seq-sat,openstacks,2f2be37d5d5ebba81de1bda366e3c7d8434f2a75,LAMA-2008,lama-2008,204,182.0000,0.8922
seq-sat,openstacks,2f2be37d5d5ebba81de1bda366e3c7d8434f2a75,LAMA-2011,lama-2011,190,182.0000,0.9579
seq-sat,openstacks,2f2be37d5d5ebba81de1bda366e3c7d8434f2a75,LPRPG-P,lprpgp,220,182.0000,0.8273
seq-sat,openstacks,2f2be37d5d5ebba81de1bda366e3c7d8434f2a75,Lamar,lamar,204,182.0000,0.8922
seq-sat,openstacks,2f2be37d5d5ebba81de1bda366e3c7d8434f2a75,Randward,randward,182,182.0000,1.0000
seq-sat,openstacks,2f2be37d5d5ebba81de1bda366e3c7d8434f2a75,Roamer,roamer,204,182.0000,0.8922
seq-sat,openstacks,4274b0ceaa30d65b6ad5592c8ade727e343f83ef,Arvand,arvand,109,97.0000,0.8899
seq-sat,openstacks,4274b0ceaa30d65b6ad5592c8ade727e343f83ef,CBP,cbp,116,97.0000,0.8362
seq-sat,openstacks,4274b0ceaa30d65b6ad5592c8ade727e343f83ef,CBP2,cbp2,110,97.0000,0.8818
seq-sat,openstacks,4274b0ceaa30d65b6ad5592c8ade727e343f83ef,FD-Autotune-1,fd-autotune-1,103,97.0000,0.9417
seq-sat,openstacks,4274b0ceaa30d65b6ad5592c8ade727e343f83ef,FD-Autotune-2,fd-autotune-2,97,97.0000,1.0000
seq-sat,openstacks,4274b0ceaa30d65b6ad5592c8ade727e343f83ef,FDSS-1,fdss-1_seq-sat,101,97.0000,0.9604
seq-sat,openstacks,4274b0ceaa30d65b6ad5592c8ade727e343f83ef,FDSS-2,fdss-2_seq-sat,101,97.0000,0.9604
seq-sat,openstacks,4274b0ceaa30d65b6ad5592c8ade727e343f83ef,Fork Uniform,forkuniform,103,97.0000,0.9417
seq-sat,openstacks,4274b0ceaa30d65b6ad5592c8ade727e343f83ef,LAMA-2008,lama-2008,110,97.0000,0.8818
seq-sat,openstacks,4274b0ceaa30d65b6ad5592c8ade727e343f83ef,LAMA-2011,lama-2011,100,97.0000,0.9700
seq-sat,openstacks,4274b0ceaa30d65b6ad5592c8ade727e343f83ef,LPRPG-P,lprpgp,130,97.0000,0.7462
seq-sat,openstacks,4274b0ceaa30d65b6ad5592c8ade727e343f83ef,Lamar,lamar,110,97.0000,0.8818
seq-sat,openstacks,4274b0ceaa30d65b6ad5592c8ade727e343f83ef,Probe,probe,105,97.0000,0.9238
seq-sat,openstacks,4274b0ceaa30d65b6ad5592c8ade727e343f83ef,Randward,randward,103,97.0000,0.9417
seq-sat,openstacks,4274b0ceaa30d65b6ad5592c8ade727e343f83ef,Roamer,roamer,114,97.0000,0.8509
seq-sat,openstacks,4fab1fc44fd8f1db83ebccd54462fd24c20a0fae,Arvand,arvand,49,32.0000,0.6531
seq-sat,openstacks,4fab1fc44fd8f1db83ebccd54462fd24c20a0fae,CBP,cbp,75,32.0000,0.4267
seq-sat,openstacks,4fab1fc44fd8f1db83ebccd54462fd24c20a0fae,CBP2,cbp2,57,32.0000,0.5614
seq-sat,openstacks,4fab1fc44fd8f1db83ebccd54462fd24c20a0fae,FD-Autotune-1,fd-autotune-1,50,32.0000,0.6400
seq-sat,openstacks,4fab1fc44fd8f1db83ebccd54462fd24c20a0fae,FD-Autotune-2,fd-autotune-2,33,32.0000,0.9697
seq-sat,openstacks,4fab1fc44fd8f1db83ebccd54462fd24c20a0fae,FDSS-1,fdss-1_seq-sat,42,32.0000,0.7619
seq-sat,openstacks,4fab1fc44fd8f1db83ebccd54462fd24c20a0fae,FDSS-2,fdss-2_seq-sat,46,32.0000,0.6957
seq-sat,openstacks,4fab1fc44fd8f1db83ebccd54462fd24c20a0fae,Fork Uniform,forkuniform,33,32.0000,0.9697
seq-sat,openstacks,4fab1fc44fd8f1db83ebccd54462fd24c20a0fae,LAMA-2008,lama-2008,32,32.0000,1.0000
seq-sat,openstacks,4fab1fc44fd8f1db83ebccd54462fd24c20a0fae,LAMA-2011,lama-2011,33,32.0000,0.9697
seq-sat,openstacks,4fab1fc44fd8f1db83ebccd54462fd24c20a0fae,LPRPG-P,lprpgp,130,32.0000,0.2462
seq-sat,openstacks,4fab1fc44fd8f1db83ebccd54462fd24c20a0fae,Lamar,lamar,32,32.0000,1.0000
seq-sat,openstacks,4fab1fc44fd8f1db83ebccd54462fd24c20a0fae,Probe,probe,33,32.0000,0.9697
seq-sat,openstacks,4fab1fc44fd8f1db83ebccd54462fd24c20a0fae,Randward,randward,32,32.0000,1.0000
seq-sat,openstacks,4fab1fc44fd8f1db83ebccd54462fd24c20a0fae,Roamer,roamer,33,32.0000,0.9697
seq-sat,openstacks,61b7dc580a00246c34a5a789352b036459584a9e,Arvand,arvand,174,126.0000,0.7241
seq-sat,openstacks,61b7dc580a00246c34a5a789352b036459584a9e,CBP,cbp,187,126.0000,0.6738
seq-sat,openstacks,61b7dc580a00246c34a5a789352b036459584a9e,CBP2,cbp2,159,126.0000,0.7925
seq-sat,openstacks,61b7dc580a00246c34a5a789352b036459584a9e,FD-Autotune-1,fd-autotune-1,141,126.0000,0.8936
seq-sat,openstacks,61b7dc580a00246c34a5a789352b036459584a9e,FD-Autotune-2,fd-autotune-2,126,126.0000,1.0000
seq-sat,openstacks,61b7dc580a00246c34a5a789352b036459584a9e,FDSS-1,fdss-1_seq-sat,141,126.0000,0.8936
seq-sat,openstacks,61b7dc580a00246c34a5a789352b036459584a9e,FDSS-2,fdss-2_seq-sat,139,126.0000,0.9065
seq-sat,openstacks,61b7dc580a00246c34a5a789352b036459584a9e,Fork Uniform,forkuniform,141,126.0000,0.8936
seq-sat,openstacks,61b7dc580a00246c34a5a789352b036459584a9e,LAMA-2008,lama-2008,143,126.0000,0.8811
seq-sat,openstacks,61b7dc580a00246c34a5a789352b036459584a9e,LAMA-2011,lama-2011,137,126.0000,0.9197
seq-sat,openstacks,61b7dc580a00246c34a5a789352b036459584a9e,LPRPG-P,lprpgp,250,126.0000,0.5040
seq-sat,openstacks,61b7dc580a00246c34a5a789352b036459584a9e,Lamar,lamar,142,126.0000,0.8873
seq-sat,openstacks,61b7dc580a00246c34a5a789352b036459584a9e,Randward,randward,126,126.0000,1.0000
seq-sat,openstacks,61b7dc580a00246c34a5a789352b036459584a9e,Roamer,roamer,155,126.0000,0.8129
seq-sat,openstacks,766e71364bfd1584a9452097bd96b598e1a6a701,Arvand,arvand,12,9.0000,0.7500
seq-sat,openstacks,766e71364bfd1584a9452097bd96b598e1a6a701,BRT,brt,9,9.0000,1.0000
seq-sat,openstacks,766e71364bfd1584a9452097bd96b598e1a6a701,CBP,cbp,28,9.0000,0.3214
seq-sat,openstacks,766e71364bfd1584a9452097bd96b598e1a6a701,CBP2,cbp2,23,9.0000,0.3913
seq-sat,openstacks,766e71364bfd1584a9452097bd96b598e1a6a701,FD-Autotune-1,fd-autotune-1,13,9.0000,0.6923
seq-sat,openstacks,766e71364bfd1584a9452097bd96b598e1a6a701,FD-Autotune-2,fd-autotune-2,10,9.0000,0.9000
seq-sat,openstacks,766e71364bfd1584a9452097bd96b598e1a6a701,FDSS-1,fdss-1_seq-sat,11,9.0000,0.8182
seq-sat,openstacks,766e71364bfd1584a9452097bd96b598e1a6a701,FDSS-2,fdss-2_seq-sat,9,9.0000,1.0000
seq-sat,openstacks,766e71364bfd1584a9452097bd96b598e1a6a701,Fork Uniform,forkuniform,11,9.0000,0.8182
seq-sat,openstacks,766e71364bfd1584a9452097bd96b598e1a6a701,LAMA-2008,lama-2008,11,9.0000,0.8182
seq-sat,openstacks,766e71364bfd1584a9452097bd96b598e1a6a701,LAMA-2011,lama-2011,11,9.0000,0.8182
seq-sat,openstacks,766e71364bfd1584a9452097bd96b598e1a6a701,LPRPG-P,lprpgp,60,9.0000,0.1500
seq-sat,openstacks,766e71364bfd1584a9452097bd96b598e1a6a701,Lamar,lamar,11,9.0000,0.8182
seq-sat,openstacks,766e71364bfd1584a9452097bd96b598e1a6a701,Probe,probe,10,9.0000,0.9000
seq-sat,openstacks,766e71364bfd1584a9452097bd96b598e1a6a701,Randward,randward,9,9.0000,1.0000
seq-sat,openstacks,766e71364bfd1584a9452097bd96b598e1a6a701,Roamer,roamer,9,9.0000,1.0000
seq-sat,openstacks,766e71364bfd1584a9452097bd96b598e1a6a701,Sharaabi,sharaabi_seq-sat,24,9.0000,0.3750
seq-sat,openstacks,830673be99946901b3b10097c706c9d74fe55ff3,Arvand,arvand,107,72.0000,0.6729
seq-sat,openstacks,830673be99946901b3b10097c706c9d74fe55ff3,CBP,cbp,120,72.0000,0.6000
seq-sat,openstacks,830673be99946901b3b10097c706c9d74fe55ff3,CBP2,cbp2,108,72.0000,0.6667
seq-sat,openstacks,830673be99946901b3b10097c706c9d74fe55ff3,FD-Autotune-1,fd-autotune-1,80,72.0000,0.9000
seq-sat,openstacks,830673be99946901b3b10097c706c9d74fe55ff3,FD-Autotune-2,fd-autotune-2,72,72.0000,1.0000
seq-sat,openstacks,830673be99946901b3b10097c706c9d74fe55ff3,FDSS-1,fdss-1_seq-sat,78,72.0000,0.9231
seq-sat,openstacks,830673be99946901b3b10097c706c9d74fe55ff3,FDSS-2,fdss-2_seq-sat,77,72.0000,0.9351
seq-sat,openstacks,830673be99946901b3b10097c706c9d74fe55ff3,Fork Uniform,forkuniform,81,72.0000,0.8889
seq-sat,openstacks,830673be99946901b3b10097c706c9d74fe55ff3,LAMA-2008,lama-2008,84,72.0000,0.8571
seq-sat,openstacks,830673be99946901b3b10097c706c9d74fe55ff3,LAMA-2011,lama-2011,77,72.0000,0.9351
seq-sat,openstacks,830673be99946901b3b10097c706c9d74fe55ff3,LPRPG-P,lprpgp,190,72.0000,0.3789
seq-sat,openstacks,830673be99946901b3b10097c706c9d74fe55ff3,Lamar,lamar,79,72.0000,0.9114
seq-sat,openstacks,830673be99946901b3b10097c706c9d74fe55ff3,Randward,randward,75,72.0000,0.9600
seq-sat,openstacks,830673be99946901b3b10097c706c9d74fe55ff3,Roamer,roamer,75,72.0000,0.9600
seq-sat,openstacks,84ecc7de3d677f9a592762805992390c70589399,Arvand,arvand,233,208.0000,0.8927
seq-sat,openstacks,84ecc7de3d677f9a592762805992390c70589399,CBP,cbp,234,208.0000,0.8889
seq-sat,openstacks,84ecc7de3d677f9a592762805992390c70589399,CBP2,cbp2,222,208.0000,0.9369
seq-sat,openstacks,84ecc7de3d677f9a592762805992390c70589399,FD-Autotune-1,fd-autotune-1,222,208.0000,0.9369
seq-sat,openstacks,84ecc7de3d677f9a592762805992390c70589399,FD-Autotune-2,fd-autotune-2,216,208.0000,0.9630
seq-sat,openstacks,84ecc7de3d677f9a592762805992390c70589399,LAMA-2008,lama-2008,234,208.0000,0.8889
seq-sat,openstacks,84ecc7de3d677f9a592762805992390c70589399,LAMA-2011,lama-2011,221,208.0000,0.9412
seq-sat,openstacks,84ecc7de3d677f9a592762805992390c70589399,Lamar,lamar,234,208.0000,0.8889
seq-sat,openstacks,84ecc7de3d677f9a592762805992390c70589399,Randward,randward,208,208.0000,1.0000
seq-sat,openstacks,84ecc7de3d677f9a592762805992390c70589399,Roamer,roamer,234,208.0000,0.8889
seq-sat,openstacks,9f9f5b2b8d5f3d066ec1723030730a734eace958,Arvand,arvand,39,29.0000,0.7436
seq-sat,openstacks,9f9f5b2b8d5f3d066ec1723030730a734eace958,CBP,cbp,56,29.0000,0.5179
seq-sat,openstacks,9f9f5b2b8d5f3d066ec1723030730a734eace958,CBP2,cbp2,47,29.0000,0.6170
seq-sat,openstacks,9f9f5b2b8d5f3d066ec1723030730a734eace958,FD-Autotune-1,fd-autotune-1,42,29.0000,0.6905
seq-sat,openstacks,9f9f5b2b8d5f3d066ec1723030730a734eace958,FD-Autotune-2,fd-autotune-2,35,29.0000,0.8286
seq-sat,openstacks,9f9f5b2b8d5f3d066ec1723030730a734eace958,FDSS-1,fdss-1_seq-sat,31,29.0000,0.9355
seq-sat,openstacks,9f9f5b2b8d5f3d066ec1723030730a734eace958,FDSS-2,fdss-2_seq-sat,32,29.0000,0.9062
seq-sat,openstacks,9f9f5b2b8d5f3d066ec1723030730a734eace958,Fork Uniform,forkuniform,31,29.0000,0.9355
seq-sat,openstacks,9f9f5b2b8d5f3d066ec1723030730a734eace958,LAMA-2008,lama-2008,30,29.0000,0.9667
seq-sat,openstacks,9f9f5b2b8d5f3d066ec1723030730a734eace958,LAMA-2011,lama-2011,31,29.0000,0.9355
seq-sat,openstacks,9f9f5b2b8d5f3d066ec1723030730a734eace958,LPRPG-P,lprpgp,100,29.0000,0.2900
seq-sat,openstacks,9f9f5b2b8d5f3d066ec1723030730a734eace958,Lamar,lamar,29,29.0000,1.0000
seq-sat,openstacks,9f9f5b2b8d5f3d066ec1723030730a734eace958,Probe,probe,31,29.0000,0.9355
seq-sat,openstacks,9f9f5b2b8d5f3d066ec1723030730a734eace958,Randward,randward,30,29.0000,0.9667
seq-sat,openstacks,9f9f5b2b8d5f3d066ec1723030730a734eace958,Roamer,roamer,31,29.0000,0.9355
seq-sat,openstacks,a976875f67493465a5cb87a80c0986d0e95b324d,Arvand,arvand,22,14.0000,0.6364
seq-sat,openstacks,a976875f67493465a5cb87a80c0986d0e95b324d,CBP,cbp,38,14.0000,0.3684
seq-sat,openstacks,a976875f67493465a5cb87a80c0986d0e95b324d,CBP2,cbp2,35,14.0000,0.4000
seq-sat,openstacks,a976875f67493465a5cb87a80c0986d0e95b324d,FD-Autotune-1,fd-autotune-1,21,14.0000,0.6667
seq-sat,openstacks,a976875f67493465a5cb87a80c0986d0e95b324d,FD-Autotune-2,fd-autotune-2,18,14.0000,0.7778
seq-sat,openstacks,a976875f67493465a5cb87a80c0986d0e95b324d,FDSS-1,fdss-1_seq-sat,18,14.0000,0.7778
seq-sat,openstacks,a976875f67493465a5cb87a80c0986d0e95b324d,FDSS-2,fdss-2_seq-sat,19,14.0000,0.7368
seq-sat,openstacks,a976875f67493465a5cb87a80c0986d0e95b324d,Fork Uniform,forkuniform,14,14.0000,1.0000
seq-sat,openstacks,a976875f67493465a5cb87a80c0986d0e95b324d,LAMA-2008,lama-2008,15,14.0000,0.9333
seq-sat,openstacks,a976875f67493465a5cb87a80c0986d0e95b324d,LAMA-2011,lama-2011,14,14.0000,1.0000
seq-sat,openstacks,a976875f67493465a5cb87a80c0986d0e95b324d,LPRPG-P,lprpgp,80,14.0000,0.1750
seq-sat,openstacks,a976875f67493465a5cb87a80c0986d0e95b324d,Lamar,lamar,16,14.0000,0.8750
seq-sat,openstacks,a976875f67493465a5cb87a80c0986d0e95b324d,Probe,probe,16,14.0000,0.8750
seq-sat,openstacks,a976875f67493465a5cb87a80c0986d0e95b324d,Randward,randward,16,14.0000,0.8750
seq-sat,openstacks,a976875f67493465a5cb87a80c0986d0e95b324d,Roamer,roamer,18,14.0000,0.7778
seq-sat,openstacks,a976875f67493465a5cb87a80c0986d0e95b324d,Sharaabi,sharaabi_seq-sat,38,14.0000,0.3684
seq-sat,openstacks,b08cf3736142ee28d7b1c74d1c3ea9e7a3424a61,Arvand,arvand,137,124.0000,0.9051
seq-sat,openstacks,b08cf3736142ee28d7b1c74d1c3ea9e7a3424a61,CBP,cbp,144,124.0000,0.8611
seq-sat,openstacks,b08cf3736142ee28d7b1c74d1c3ea9e7a3424a61,CBP2,cbp2,137,124.0000,0.9051
seq-sat,openstacks,b08cf3736142ee28d7b1c74d1c3ea9e7a3424a61,FD-Autotune-1,fd-autotune-1,131,124.0000,0.9466
seq-sat,openstacks,b08cf3736142ee28d7b1c74d1c3ea9e7a3424a61,FD-Autotune-2,fd-autotune-2,124,124.0000,1.0000
seq-sat,openstacks,b08cf3736142ee28d7b1c74d1c3ea9e7a3424a61,FDSS-1,fdss-1_seq-sat,129,124.0000,0.9612
seq-sat,openstacks,b08cf3736142ee28d7b1c74d1c3ea9e7a3424a61,FDSS-2,fdss-2_seq-sat,127,124.0000,0.9764
seq-sat,openstacks,b08cf3736142ee28d7b1c74d1c3ea9e7a3424a61,Fork Uniform,forkuniform,131,124.0000,0.9466
seq-sat,openstacks,b08cf3736142ee28d7b1c74d1c3ea9e7a3424a61,LAMA-2008,lama-2008,143,124.0000,0.8671
seq-sat,openstacks,b08cf3736142ee28d7b1c74d1c3ea9e7a3424a61,LAMA-2011,lama-2011,128,124.0000,0.9688
seq-sat,openstacks,b08cf3736142ee28d7b1c74d1c3ea9e7a3424a61,LPRPG-P,lprpgp,160,124.0000,0.7750
seq-sat,openstacks,b08cf3736142ee28d7b1c74d1c3ea9e7a3424a61,Lamar,lamar,143,124.0000,0.8671
seq-sat,openstacks,b08cf3736142ee28d7b1c74d1c3ea9e7a3424a61,Probe,probe,137,124.0000,0.9051
seq-sat,openstacks,b08cf3736142ee28d7b1c74d1c3ea9e7a3424a61,Randward,randward,129,124.0000,0.9612
seq-sat,openstacks,b08cf3736142ee28d7b1c74d1c3ea9e7a3424a61,Roamer,roamer,143,124.0000,0.8671
seq-sat,openstacks,b8de9fba4b1e749608fbca3c248ba74bf9f64642,Arvand,arvand,26,19.0000,0.7308
seq-sat,openstacks,b8de9fba4b1e749608fbca3c248ba74bf9f64642,CBP,cbp,41,19.0000,0.4634
seq-sat,openstacks,b8de9fba4b1e749608fbca3c248ba74bf9f64642,CBP2,cbp2,31,19.0000,0.6129
seq-sat,openstacks,b8de9fba4b1e749608fbca3c248ba74bf9f64642,FD-Autotune-1,fd-autotune-1,24,19.0000,0.7917
seq-sat,openstacks,b8de9fba4b1e749608fbca3c248ba74bf9f64642,FD-Autotune-2,fd-autotune-2,22,19.0000,0.8636
seq-sat,openstacks,b8de9fba4b1e749608fbca3c248ba74bf9f64642,FDSS-1,fdss-1_seq-sat,20,19.0000,0.9500
seq-sat,openstacks,b8de9fba4b1e749608fbca3c248ba74bf9f64642,FDSS-2,fdss-2_seq-sat,19,19.0000,1.0000
seq-sat,openstacks,b8de9fba4b1e749608fbca3c248ba74bf9f64642,Fork Uniform,forkuniform,22,19.0000,0.8636
seq-sat,openstacks,b8de9fba4b1e749608fbca3c248ba74bf9f64642,LAMA-2008,lama-2008,21,19.0000,0.9048
seq-sat,openstacks,b8de9fba4b1e749608fbca3c248ba74bf9f64642,LAMA-2011,lama-2011,21,19.0000,0.9048
seq-sat,openstacks,b8de9fba4b1e749608fbca3c248ba74bf9f64642,LPRPG-P,lprpgp,80,19.0000,0.2375
seq-sat,openstacks,b8de9fba4b1e749608fbca3c248ba74bf9f64642,Lamar,lamar,21,19.0000,0.9048
seq-sat,openstacks,b8de9fba4b1e749608fbca3c248ba74bf9f64642,Probe,probe,21,19.0000,0.9048
seq-sat,openstacks,b8de9fba4b1e749608fbca3c248ba74bf9f64642,Randward,randward,21,19.0000,0.9048
seq-sat,openstacks,b8de9fba4b1e749608fbca3c248ba74bf9f64642,Roamer,roamer,20,19.0000,0.9500
seq-sat,openstacks,b8de9fba4b1e749608fbca3c248ba74bf9f64642,Sharaabi,sharaabi_seq-sat,37,19.0000,0.5135
seq-sat,openstacks,c07dca6f877c0b25e0cf244fccdf524242aa74cf,Arvand,arvand,40,30.0000,0.7500
seq-sat,openstacks,c07dca6f877c0b25e0cf244fccdf524242aa74cf,CBP,cbp,63,30.0000,0.4762
seq-sat,openstacks,c07dca6f877c0b25e0cf244fccdf524242aa74cf,CBP2,cbp2,46,30.0000,0.6522
seq-sat,openstacks,c07dca6f877c0b25e0cf244fccdf524242aa74cf,FD-Autotune-1,fd-autotune-1,42,30.0000,0.7143
seq-sat,openstacks,c07dca6f877c0b25e0cf244fccdf524242aa74cf,FD-Autotune-2,fd-autotune-2,30,30.0000,1.0000
seq-sat,openstacks,c07dca6f877c0b25e0cf244fccdf524242aa74cf,FDSS-1,fdss-1_seq-sat,33,30.0000,0.9091
seq-sat,openstacks,c07dca6f877c0b25e0cf244fccdf524242aa74cf,FDSS-2,fdss-2_seq-sat,37,30.0000,0.8108
seq-sat,openstacks,c07dca6f877c0b25e0cf244fccdf524242aa74cf,Fork Uniform,forkuniform,33,30.0000,0.9091
seq-sat,openstacks,c07dca6f877c0b25e0cf244fccdf524242aa74cf,LAMA-2008,lama-2008,34,30.0000,0.8824
seq-sat,openstacks,c07dca6f877c0b25e0cf244fccdf524242aa74cf,LAMA-2011,lama-2011,32,30.0000,0.9375
seq-sat,openstacks,c07dca6f877c0b25e0cf244fccdf524242aa74cf,LPRPG-P,lprpgp,100,30.0000,0.3000
seq-sat,openstacks,c07dca6f877c0b25e0cf244fccdf524242aa74cf,Lamar,lamar,35,30.0000,0.8571
seq-sat,openstacks,c07dca6f877c0b25e0cf244fccdf524242aa74cf,Probe,probe,34,30.0000,0.8824
seq-sat,openstacks,c07dca6f877c0b25e0cf244fccdf524242aa74cf,Randward,randward,35,30.0000,0.8571
seq-sat,openstacks,c07dca6f877c0b25e0cf244fccdf524242aa74cf,Roamer,roamer,36,30.0000,0.8333
seq-sat,openstacks,c76ba34127802e6704ab1b4b2d311c1ef1f85af7,Arvand,arvand,40,32.0000,0.8000
seq-sat,openstacks,c76ba34127802e6704ab1b4b2d311c1ef1f85af7,CBP,cbp,59,32.0000,0.5424
seq-sat,openstacks,c76ba34127802e6704ab1b4b2d311c1ef1f85af7,CBP2,cbp2,52,32.0000,0.6154
seq-sat,openstacks,c76ba34127802e6704ab1b4b2d311c1ef1f85af7,FD-Autotune-1,fd-autotune-1,42,32.0000,0.7619
seq-sat,openstacks,c76ba34127802e6704ab1b4b2d311c1ef1f85af7,FD-Autotune-2,fd-autotune-2,33,32.0000,0.9697
seq-sat,openstacks,c76ba34127802e6704ab1b4b2d311c1ef1f85af7,FDSS-1,fdss-1_seq-sat,34,32.0000,0.9412
seq-sat,openstacks,c76ba34127802e6704ab1b4b2d311c1ef1f85af7,FDSS-2,fdss-2_seq-sat,38,32.0000,0.8421
seq-sat,openstacks,c76ba34127802e6704ab1b4b2d311c1ef1f85af7,Fork Uniform,forkuniform,33,32.0000,0.9697
seq-sat,openstacks,c76ba34127802e6704ab1b4b2d311c1ef1f85af7,LAMA-2008,lama-2008,32,32.0000,1.0000
seq-sat,openstacks,c76ba34127802e6704ab1b4b2d311c1ef1f85af7,LAMA-2011,lama-2011,33,32.0000,0.9697
seq-sat,openstacks,c76ba34127802e6704ab1b4b2d311c1ef1f85af7,LPRPG-P,lprpgp,100,32.0000,0.3200
seq-sat,openstacks,c76ba34127802e6704ab1b4b2d311c1ef1f85af7,Lamar,lamar,33,32.0000,0.9697
seq-sat,openstacks,c76ba34127802e6704ab1b4b2d311c1ef1f85af7,Probe,probe,35,32.0000,0.9143
seq-sat,openstacks,c76ba34127802e6704ab1b4b2d311c1ef1f85af7,Randward,randward,33,32.0000,0.9697
seq-sat,openstacks,c76ba34127802e6704ab1b4b2d311c1ef1f85af7,Roamer,roamer,33,32.0000,0.9697
seq-sat,openstacks,ddb37cdc1e18c5670707d6ab2631200c390f835d,Arvand,arvand,138,93.0000,0.6739
seq-sat,openstacks,ddb37cdc1e18c5670707d6ab2631200c390f835d,CBP,cbp,155,93.0000,0.6000
seq-sat,openstacks,ddb37cdc1e18c5670707d6ab2631200c390f835d,CBP2,cbp2,132,93.0000,0.7045
seq-sat,openstacks,ddb37cdc1e18c5670707d6ab2631200c390f835d,FD-Autotune-1,fd-autotune-1,110,93.0000,0.8455
seq-sat,openstacks,ddb37cdc1e18c5670707d6ab2631200c390f835d,FD-Autotune-2,fd-autotune-2,93,93.0000,1.0000
seq-sat,openstacks,ddb37cdc1e18c5670707d6ab2631200c390f835d,FDSS-1,fdss-1_seq-sat,109,93.0000,0.8532
seq-sat,openstacks,ddb37cdc1e18c5670707d6ab2631200c390f835d,FDSS-2,fdss-2_seq-sat,104,93.0000,0.8942
seq-sat,openstacks,ddb37cdc1e18c5670707d6ab2631200c390f835d,Fork Uniform,forkuniform,110,93.0000,0.8455
seq-sat,openstacks,ddb37cdc1e18c5670707d6ab2631200c390f835d,LAMA-2008,lama-2008,107,93.0000,0.8692
seq-sat,openstacks,ddb37cdc1e18c5670707d6ab2631200c390f835d,LAMA-2011,lama-2011,105,93.0000,0.8857
seq-sat,openstacks,ddb37cdc1e18c5670707d6ab2631200c390f835d,LPRPG-P,lprpgp,220,93.0000,0.4227
seq-sat,openstacks,ddb37cdc1e18c5670707d6ab2631200c390f835d,Lamar,lamar,111,93.0000,0.8378
seq-sat,openstacks,ddb37cdc1e18c5670707d6ab2631200c390f835d,Randward,randward,103,93.0000,0.9029
seq-sat,openstacks,ddb37cdc1e18c5670707d6ab2631200c390f835d,Roamer,roamer,115,93.0000,0.8087
seq-sat,openstacks,e640640fa54405075f859b4ec33e58f018b1cc18,Arvand,arvand,17,14.0000,0.8235
seq-sat,openstacks,e640640fa54405075f859b4ec33e58f018b1cc18,BRT,brt,14,14.0000,1.0000
seq-sat,openstacks,e640640fa54405075f859b4ec33e58f018b1cc18,CBP,cbp,30,14.0000,0.4667
seq-sat,openstacks,e640640fa54405075f859b4ec33e58f018b1cc18,CBP2,cbp2,25,14.0000,0.5600
seq-sat,openstacks,e640640fa54405075f859b4ec33e58f018b1cc18,FD-Autotune-1,fd-autotune-1,17,14.0000,0.8235
seq-sat,openstacks,e640640fa54405075f859b4ec33e58f018b1cc18,FD-Autotune-2,fd-autotune-2,14,14.0000,1.0000
seq-sat,openstacks,e640640fa54405075f859b4ec33e58f018b1cc18,FDSS-1,fdss-1_seq-sat,15,14.0000,0.9333
seq-sat,openstacks,e640640fa54405075f859b4ec33e58f018b1cc18,FDSS-2,fdss-2_seq-sat,14,14.0000,1.0000
seq-sat,openstacks,e640640fa54405075f859b4ec33e58f018b1cc18,Fork Uniform,forkuniform,15,14.0000,0.9333
seq-sat,openstacks,e640640fa54405075f859b4ec33e58f018b1cc18,LAMA-2008,lama-2008,15,14.0000,0.9333
seq-sat,openstacks,e640640fa54405075f859b4ec33e58f018b1cc18,LAMA-2011,lama-2011,15,14.0000,0.9333
seq-sat,openstacks,e640640fa54405075f859b4ec33e58f018b1cc18,LPRPG-P,lprpgp,60,14.0000,0.2333
seq-sat,openstacks,e640640fa54405075f859b4ec33e58f018b1cc18,Lamar,lamar,15,14.0000,0.9333
seq-sat,openstacks,e640640fa54405075f859b4ec33e58f018b1cc18,Probe,probe,16,14.0000,0.8750
seq-sat,openstacks,e640640fa54405075f859b4ec33e58f018b1cc18,Randward,randward,14,14.0000,1.0000
seq-sat,openstacks,e640640fa54405075f859b4ec33e58f018b1cc18,Roamer,roamer,15,14.0000,0.9333
seq-sat,openstacks,e640640fa54405075f859b4ec33e58f018b1cc18,Sharaabi,sharaabi_seq-sat,28,14.0000,0.5000
seq-sat,openstacks,e8d8dea752a9e2fc24fb90d571ba48626a748ccf,Arvand,arvand,12,10.0000,0.8333
seq-sat,openstacks,e8d8dea752a9e2fc24fb90d571ba48626a748ccf,BRT,brt,10,10.0000,1.0000
seq-sat,openstacks,e8d8dea752a9e2fc24fb90d571ba48626a748ccf,CBP,cbp,27,10.0000,0.3704
seq-sat,openstacks,e8d8dea752a9e2fc24fb90d571ba48626a748ccf,CBP2,cbp2,19,10.0000,0.5263
seq-sat,openstacks,e8d8dea752a9e2fc24fb90d571ba48626a748ccf,FD-Autotune-1,fd-autotune-1,13,10.0000,0.7692
seq-sat,openstacks,e8d8dea752a9e2fc24fb90d571ba48626a748ccf,FD-Autotune-2,fd-autotune-2,11,10.0000,0.9091
seq-sat,openstacks,e8d8dea752a9e2fc24fb90d571ba48626a748ccf,FDSS-1,fdss-1_seq-sat,11,10.0000,0.9091
seq-sat,openstacks,e8d8dea752a9e2fc24fb90d571ba48626a748ccf,FDSS-2,fdss-2_seq-sat,11,10.0000,0.9091
seq-sat,openstacks,e8d8dea752a9e2fc24fb90d571ba48626a748ccf,Fork Uniform,forkuniform,10,10.0000,1.0000
seq-sat,openstacks,e8d8dea752a9e2fc24fb90d571ba48626a748ccf,LAMA-2008,lama-2008,12,10.0000,0.8333
seq-sat,openstacks,e8d8dea752a9e2fc24fb90d571ba48626a748ccf,LAMA-2011,lama-2011,10,10.0000,1.0000
seq-sat,openstacks,e8d8dea752a9e2fc24fb90d571ba48626a748ccf,LPRPG-P,lprpgp,50,10.0000,0.2000
seq-sat,openstacks,e8d8dea752a9e2fc24fb90d571ba48626a748ccf,Lamar,lamar,12,10.0000,0.8333
seq-sat,openstacks,e8d8dea752a9e2fc24fb90d571ba48626a748ccf,Probe,probe,12,10.0000,0.8333
seq-sat,openstacks,e8d8dea752a9e2fc24fb90d571ba48626a748ccf,Randward,randward,11,10.0000,0.9091
seq-sat,openstacks,e8d8dea752a9e2fc24fb90d571ba48626a748ccf,Roamer,roamer,12,10.0000,0.8333
seq-sat,openstacks,e8d8dea752a9e2fc24fb90d571ba48626a748ccf,Sharaabi,sharaabi_seq-sat,28,10.0000,0.3571
seq-sat,parcprinter,0d3a4dfd88957eda7118309bd2690aa150f7285e,Arvand,arvand,2490322,2490322.0000,1.0000
seq-sat,parcprinter,0d3a4dfd88957eda7118309bd2690aa150f7285e,BRT,brt,2690380,2490322.0000,0.9256
seq-sat,parcprinter,0d3a4dfd88957eda7118309bd2690aa150f7285e,CPT4,cpt4_seq-sat,2490322,2490322.0000,1.0000
seq-sat,parcprinter,0d3a4dfd88957eda7118309bd2690aa150f7285e,DAE-YAHSP,dae_yahsp_seq-sat,2490322,2490322.0000,1.0000
seq-sat,parcprinter,0d3a4dfd88957eda7118309bd2690aa150f7285e,FD-Autotune-1,fd-autotune-1,2590351,2490322.0000,0.9614
seq-sat,parcprinter,0d3a4dfd88957eda7118309bd2690aa150f7285e,FD-Autotune-2,fd-autotune-2,2590351,2490322.0000,0.9614
seq-sat,parcprinter,0d3a4dfd88957eda7118309bd2690aa150f7285e,FDSS-1,fdss-1_seq-sat,2490322,2490322.0000,1.0000
seq-sat,parcprinter,0d3a4dfd88957eda7118309bd2690aa150f7285e,FDSS-2,fdss-2_seq-sat,2690380,2490322.0000,0.9256
seq-sat,parcprinter,0d3a4dfd88957eda7118309bd2690aa150f7285e,Fork Uniform,forkuniform,2690380,2490322.0000,0.9256
seq-sat,parcprinter,0d3a4dfd88957eda7118309bd2690aa150f7285e,LAMA-2011,lama-2011,2690380,2490322.0000,0.9256
seq-sat,parcprinter,0d3a4dfd88957eda7118309bd2690aa150f7285e,LPRPG-P,lprpgp,2490322,2490322.0000,1.0000
seq-sat,parcprinter,0d3a4dfd88957eda7118309bd2690aa150f7285e,Madagascar,madagascar_seq-sat,2490322,2490322.0000,1.0000
seq-sat,parcprinter,0d3a4dfd88957eda7118309bd2690aa150f7285e,Madagascar-p,madagascar-p_seq-sat,2490322,2490322.0000,1.0000
seq-sat,parcprinter,0d3a4dfd88957eda7118309bd2690aa150f7285e,POPF2,popf2_seq-sat,2690380,2490322.0000,0.9256
seq-sat,parcprinter,0d3a4dfd88957eda7118309bd2690aa150f7285e,Probe,probe,2690380,2490322.0000,0.9256
seq-sat,parcprinter,0d3a4dfd88957eda7118309bd2690aa150f7285e,Roamer,roamer,2690380,2490322.0000,0.9256
seq-sat,parcprinter,0d3a4dfd88957eda7118309bd2690aa150f7285e,SATPLANLM-C,satplanlm-c,2490322,2490322.0000,1.0000
seq-sat,parcprinter,0d3a4dfd88957eda7118309bd2690aa150f7285e,YAHSP2,yahsp2_seq-sat,2690380,2490322.0000,0.9256
seq-sat,parcprinter,0d3a4dfd88957eda7118309bd2690aa150f7285e,YAHSP2-MT,yahsp2-mt_seq-sat,2590351,2490322.0000,0.9614
seq-sat,parcprinter,106d5b850e368f42ef47234bdbefaba3942d1d58,Arvand,arvand,2221284,2121255.0000,0.9550
seq-sat,parcprinter,106d5b850e368f42ef47234bdbefaba3942d1d58,BRT,brt,2321313,2121255.0000,0.9138
seq-sat,parcprinter,106d5b850e368f42ef47234bdbefaba3942d1d58,CBP,cbp,2121255,2121255.0000,1.0000
seq-sat,parcprinter,106d5b850e368f42ef47234bdbefaba3942d1d58,CBP2,cbp2,2121255,2121255.0000,1.0000
seq-sat,parcprinter,106d5b850e368f42ef47234bdbefaba3942d1d58,CPT4,cpt4_seq-sat,2121255,2121255.0000,1.0000
seq-sat,parcprinter,106d5b850e368f42ef47234bdbefaba3942d1d58,DAE-YAHSP,dae_yahsp_seq-sat,2121255,2121255.0000,1.0000
seq-sat,parcprinter,106d5b850e368f42ef47234bdbefaba3942d1d58,FD-Autotune-1,fd-autotune-1,2321313,2121255.0000,0.9138
seq-sat,parcprinter,106d5b850e368f42ef47234bdbefaba3942d1d58,FD-Autotune-2,fd-autotune-2,2421342,2121255.0000,0.8761
seq-sat,parcprinter,106d5b850e368f42ef47234bdbefaba3942d1d58,FDSS-1,fdss-1_seq-sat,2121255,2121255.0000,1.0000
seq-sat,parcprinter,106d5b850e368f42ef47234bdbefaba3942d1d58,FDSS-2,fdss-2_seq-sat,2421342,2121255.0000,0.8761
seq-sat,parcprinter,106d5b850e368f42ef47234bdbefaba3942d1d58,Fork Uniform,forkuniform,2321313,2121255.0000,0.9138
seq-sat,parcprinter,106d5b850e368f42ef47234bdbefaba3942d1d58,LAMA-2011,lama-2011,2321313,2121255.0000,0.9138
seq-sat,parcprinter,106d5b850e368f42ef47234bdbefaba3942d1d58,LPRPG-P,lprpgp,2121255,2121255.0000,1.0000
seq-sat,parcprinter,106d5b850e368f42ef47234bdbefaba3942d1d58,Madagascar,madagascar_seq-sat,2121255,2121255.0000,1.0000
seq-sat,parcprinter,106d5b850e368f42ef47234bdbefaba3942d1d58,Madagascar-p,madagascar-p_seq-sat,2121255,2121255.0000,1.0000
seq-sat,parcprinter,106d5b850e368f42ef47234bdbefaba3942d1d58,POPF2,popf2_seq-sat,2421342,2121255.0000,0.8761
seq-sat,parcprinter,106d5b850e368f42ef47234bdbefaba3942d1d58,Probe,probe,2421342,2121255.0000,0.8761
seq-sat,parcprinter,106d5b850e368f42ef47234bdbefaba3942d1d58,Roamer,roamer,2421342,2121255.0000,0.8761
seq-sat,parcprinter,106d5b850e368f42ef47234bdbefaba3942d1d58,SATPLANLM-C,satplanlm-c,2121255,2121255.0000,1.0000
seq-sat,parcprinter,106d5b850e368f42ef47234bdbefaba3942d1d58,Sharaabi,sharaabi_seq-sat,2121255,2121255.0000,1.0000
seq-sat,parcprinter,106d5b850e368f42ef47234bdbefaba3942d1d58,YAHSP2,yahsp2_seq-sat,2421342,2121255.0000,0.8761
seq-sat,parcprinter,106d5b850e368f42ef47234bdbefaba3942d1d58,YAHSP2-MT,yahsp2-mt_seq-sat,2321313,2121255.0000,0.9138
seq-sat,parcprinter,1bbcb718884228688df0953dcbe152b693381099,Arvand,arvand,3399157,3160821.0000,0.9299
seq-sat,parcprinter,1bbcb718884228688df0953dcbe152b693381099,FD-Autotune-1,fd-autotune-1,3348213,3160821.0000,0.9440
seq-sat,parcprinter,1bbcb718884228688df0953dcbe152b693381099,FDSS-1,fdss-1_seq-sat,4221765,3160821.0000,0.7487
seq-sat,parcprinter,1bbcb718884228688df0953dcbe152b693381099,FDSS-2,fdss-2_seq-sat,4290737,3160821.0000,0.7367
seq-sat,parcprinter,1bbcb718884228688df0953dcbe152b693381099,Fork Uniform,forkuniform,3182892,3160821.0000,0.9931
seq-sat,parcprinter,1bbcb718884228688df0953dcbe152b693381099,LAMA-2011,lama-2011,3160821,3160821.0000,1.0000
seq-sat,parcprinter,1bbcb718884228688df0953dcbe152b693381099,Madagascar,madagascar_seq-sat,3345710,3160821.0000,0.9447
seq-sat,parcprinter,1bbcb718884228688df0953dcbe152b693381099,Madagascar-p,madagascar-p_seq-sat,3403147,3160821.0000,0.9288
seq-sat,parcprinter,1bbcb718884228688df0953dcbe152b693381099,Roamer,roamer,3312423,3160821.0000,0.9542
seq-sat,parcprinter,1bbcb718884228688df0953dcbe152b693381099,SATPLANLM-C,satplanlm-c,3699051,3160821.0000,0.8545
seq-sat,parcprinter,1bbcb718884228688df0953dcbe152b693381099,Sharaabi,sharaabi_seq-sat,4025413,3160821.0000,0.7852
seq-sat,parcprinter,1bbcb718884228688df0953dcbe152b693381099,YAHSP2,yahsp2_seq-sat,4240253,3160821.0000,0.7454
seq-sat,parcprinter,1bbcb718884228688df0953dcbe152b693381099,YAHSP2-MT,yahsp2-mt_seq-sat,4411460,3160821.0000,0.7165
seq-sat,parcprinter,1d45b6b809aac6ae7dd04ab2641e1df1c00f892e,Arvand,arvand,1681282,1681282.0000,1.0000
seq-sat,parcprinter,1d45b6b809aac6ae7dd04ab2641e1df1c00f892e,CPT4,cpt4_seq-sat,1681282,1681282.0000,1.0000
seq-sat,parcprinter,1d45b6b809aac6ae7dd04ab2641e1df1c00f892e,DAE-YAHSP,dae_yahsp_seq-sat,1681282,1681282.0000,1.0000
seq-sat,parcprinter,1d45b6b809aac6ae7dd04ab2641e1df1c00f892e,FD-Autotune-1,fd-autotune-1,1681282,1681282.0000,1.0000
seq-sat,parcprinter,1d45b6b809aac6ae7dd04ab2641e1df1c00f892e,FD-Autotune-2,fd-autotune-2,1681282,1681282.0000,1.0000
seq-sat,parcprinter,1d45b6b809aac6ae7dd04ab2641e1df1c00f892e,FDSS-1,fdss-1_seq-sat,1681282,1681282.0000,1.0000
seq-sat,parcprinter,1d45b6b809aac6ae7dd04ab2641e1df1c00f892e,FDSS-2,fdss-2_seq-sat,1681282,1681282.0000,1.0000
seq-sat,parcprinter,1d45b6b809aac6ae7dd04ab2641e1df1c00f892e,Fork Uniform,forkuniform,1681480,1681282.0000,0.9999
seq-sat,parcprinter,1d45b6b809aac6ae7dd04ab2641e1df1c00f892e,LAMA-2011,lama-2011,1681282,1681282.0000,1.0000
seq-sat,parcprinter,1d45b6b809aac6ae7dd04ab2641e1df1c00f892e,Madagascar,madagascar_seq-sat,1681975,1681282.0000,0.9996
seq-sat,parcprinter,1d45b6b809aac6ae7dd04ab2641e1df1c00f892e,Madagascar-p,madagascar-p_seq-sat,1860072,1681282.0000,0.9039
seq-sat,parcprinter,1d45b6b809aac6ae7dd04ab2641e1df1c00f892e,POPF2,popf2_seq-sat,1859280,1681282.0000,0.9043
seq-sat,parcprinter,1d45b6b809aac6ae7dd04ab2641e1df1c00f892e,Probe,probe,1860072,1681282.0000,0.9039
seq-sat,parcprinter,1d45b6b809aac6ae7dd04ab2641e1df1c00f892e,SATPLANLM-C,satplanlm-c,1681777,1681282.0000,0.9997
seq-sat,parcprinter,1d45b6b809aac6ae7dd04ab2641e1df1c00f892e,YAHSP2,yahsp2_seq-sat,1681282,1681282.0000,1.0000
seq-sat,parcprinter,224062dcd063b3d6032fb2d20b5236aa866c533c,Arvand,arvand,2376643,2376643.0000,1.0000
seq-sat,parcprinter,224062dcd063b3d6032fb2d20b5236aa866c533c,CPT4,cpt4_seq-sat,2376643,2376643.0000,1.0000
seq-sat,parcprinter,224062dcd063b3d6032fb2d20b5236aa866c533c,DAE-YAHSP,dae_yahsp_seq-sat,2376643,2376643.0000,1.0000
seq-sat,parcprinter,224062dcd063b3d6032fb2d20b5236aa866c533c,FD-Autotune-1,fd-autotune-1,2406643,2376643.0000,0.9875
seq-sat,parcprinter,224062dcd063b3d6032fb2d20b5236aa866c533c,FD-Autotune-2,fd-autotune-2,2376643,2376643.0000,1.0000
seq-sat,parcprinter,224062dcd063b3d6032fb2d20b5236aa866c533c,FDSS-1,fdss-1_seq-sat,2396643,2376643.0000,0.9917
seq-sat,parcprinter,224062dcd063b3d6032fb2d20b5236aa866c533c,FDSS-2,fdss-2_seq-sat,2376643,2376643.0000,1.0000
seq-sat,parcprinter,224062dcd063b3d6032fb2d20b5236aa866c533c,Fork Uniform,forkuniform,2406841,2376643.0000,0.9875
seq-sat,parcprinter,224062dcd063b3d6032fb2d20b5236aa866c533c,LAMA-2011,lama-2011,2406643,2376643.0000,0.9875
seq-sat,parcprinter,224062dcd063b3d6032fb2d20b5236aa866c533c,Madagascar,madagascar_seq-sat,2387138,2376643.0000,0.9956
seq-sat,parcprinter,224062dcd063b3d6032fb2d20b5236aa866c533c,Madagascar-p,madagascar-p_seq-sat,2575433,2376643.0000,0.9228
seq-sat,parcprinter,224062dcd063b3d6032fb2d20b5236aa866c533c,POPF2,popf2_seq-sat,2584641,2376643.0000,0.9195
seq-sat,parcprinter,224062dcd063b3d6032fb2d20b5236aa866c533c,Probe,probe,2585433,2376643.0000,0.9192
seq-sat,parcprinter,224062dcd063b3d6032fb2d20b5236aa866c533c,YAHSP2,yahsp2_seq-sat,2406643,2376643.0000,0.9875
seq-sat,parcprinter,278e6db3db799ca2d39c17caec2ecdd94f75c3c4,Arvand,arvand,1383121,1383121.0000,1.0000
seq-sat,parcprinter,278e6db3db799ca2d39c17caec2ecdd94f75c3c4,CBP,cbp,1383121,1383121.0000,1.0000
seq-sat,parcprinter,278e6db3db799ca2d39c17caec2ecdd94f75c3c4,CBP2,cbp2,1383121,1383121.0000,1.0000
seq-sat,parcprinter,278e6db3db799ca2d39c17caec2ecdd94f75c3c4,CPT4,cpt4_seq-sat,1383121,1383121.0000,1.0000
seq-sat,parcprinter,278e6db3db799ca2d39c17caec2ecdd94f75c3c4,DAE-YAHSP,dae_yahsp_seq-sat,1383121,1383121.0000,1.0000
seq-sat,parcprinter,278e6db3db799ca2d39c17caec2ecdd94f75c3c4,FD-Autotune-1,fd-autotune-1,1383121,1383121.0000,1.0000
seq-sat,parcprinter,278e6db3db799ca2d39c17caec2ecdd94f75c3c4,FD-Autotune-2,fd-autotune-2,1383121,1383121.0000,1.0000
seq-sat,parcprinter,278e6db3db799ca2d39c17caec2ecdd94f75c3c4,FDSS-1,fdss-1_seq-sat,1383121,1383121.0000,1.0000
seq-sat,parcprinter,278e6db3db799ca2d39c17caec2ecdd94f75c3c4,FDSS-2,fdss-2_seq-sat,1383121,1383121.0000,1.0000
seq-sat,parcprinter,278e6db3db799ca2d39c17caec2ecdd94f75c3c4,Fork Uniform,forkuniform,1383121,1383121.0000,1.0000
seq-sat,parcprinter,278e6db3db799ca2d39c17caec2ecdd94f75c3c4,LAMA-2011,lama-2011,1383121,1383121.0000,1.0000
seq-sat,parcprinter,278e6db3db799ca2d39c17caec2ecdd94f75c3c4,LPRPG-P,lprpgp,1383121,1383121.0000,1.0000
seq-sat,parcprinter,278e6db3db799ca2d39c17caec2ecdd94f75c3c4,Lamar,lamar,1883266,1383121.0000,0.7344
seq-sat,parcprinter,278e6db3db799ca2d39c17caec2ecdd94f75c3c4,Madagascar,madagascar_seq-sat,1883266,1383121.0000,0.7344
seq-sat,parcprinter,278e6db3db799ca2d39c17caec2ecdd94f75c3c4,Madagascar-p,madagascar-p_seq-sat,1583179,1383121.0000,0.8736
seq-sat,parcprinter,278e6db3db799ca2d39c17caec2ecdd94f75c3c4,POPF2,popf2_seq-sat,1883266,1383121.0000,0.7344
seq-sat,parcprinter,278e6db3db799ca2d39c17caec2ecdd94f75c3c4,Probe,probe,1883266,1383121.0000,0.7344
seq-sat,parcprinter,278e6db3db799ca2d39c17caec2ecdd94f75c3c4,SATPLANLM-C,satplanlm-c,1683208,1383121.0000,0.8217
seq-sat,parcprinter,278e6db3db799ca2d39c17caec2ecdd94f75c3c4,Sharaabi,sharaabi_seq-sat,1683208,1383121.0000,0.8217
seq-sat,parcprinter,278e6db3db799ca2d39c17caec2ecdd94f75c3c4,YAHSP2,yahsp2_seq-sat,1883266,1383121.0000,0.7344
seq-sat,parcprinter,278e6db3db799ca2d39c17caec2ecdd94f75c3c4,YAHSP2-MT,yahsp2-mt_seq-sat,1883266,1383121.0000,0.7344
seq-sat,parcprinter,469e5baceb3951acfb4283fe89382e1b2398c961,Arvand,arvand,3264443,3119803.0000,0.9557
seq-sat,parcprinter,469e5baceb3951acfb4283fe89382e1b2398c961,FD-Autotune-1,fd-autotune-1,3119803,3119803.0000,1.0000
seq-sat,parcprinter,469e5baceb3951acfb4283fe89382e1b2398c961,FDSS-1,fdss-1_seq-sat,4336137,3119803.0000,0.7195
seq-sat,parcprinter,469e5baceb3951acfb4283fe89382e1b2398c961,FDSS-2,fdss-2_seq-sat,4221104,3119803.0000,0.7391
seq-sat,parcprinter,469e5baceb3951acfb4283fe89382e1b2398c961,Fork Uniform,forkuniform,3132415,3119803.0000,0.9960
seq-sat,parcprinter,469e5baceb3951acfb4283fe89382e1b2398c961,LAMA-2011,lama-2011,3119803,3119803.0000,1.0000
seq-sat,parcprinter,469e5baceb3951acfb4283fe89382e1b2398c961,Lamar,lamar,3271405,3119803.0000,0.9537
seq-sat,parcprinter,469e5baceb3951acfb4283fe89382e1b2398c961,Madagascar,madagascar_seq-sat,3240564,3119803.0000,0.9627
seq-sat,parcprinter,469e5baceb3951acfb4283fe89382e1b2398c961,Madagascar-p,madagascar-p_seq-sat,3124591,3119803.0000,0.9985
seq-sat,parcprinter,469e5baceb3951acfb4283fe89382e1b2398c961,SATPLANLM-C,satplanlm-c,3326439,3119803.0000,0.9379
seq-sat,parcprinter,469e5baceb3951acfb4283fe89382e1b2398c961,YAHSP2,yahsp2_seq-sat,4260519,3119803.0000,0.7323
seq-sat,parcprinter,469e5baceb3951acfb4283fe89382e1b2398c961,YAHSP2-MT,yahsp2-mt_seq-sat,4431726,3119803.0000,0.7040
seq-sat,parcprinter,4ce151c9ac19150a334dcca54ac2e1ded4ecf933,Arvand,arvand,3764773,3526437.0000,0.9367
seq-sat,parcprinter,4ce151c9ac19150a334dcca54ac2e1ded4ecf933,BRT,brt,4972017,3526437.0000,0.7093
seq-sat,parcprinter,4ce151c9ac19150a334dcca54ac2e1ded4ecf933,FD-Autotune-1,fd-autotune-1,3526437,3526437.0000,1.0000
seq-sat,parcprinter,4ce151c9ac19150a334dcca54ac2e1ded4ecf933,FDSS-1,fdss-1_seq-sat,4856984,3526437.0000,0.7261
seq-sat,parcprinter,4ce151c9ac19150a334dcca54ac2e1ded4ecf933,FDSS-2,fdss-2_seq-sat,5070635,3526437.0000,0.6955
seq-sat,parcprinter,4ce151c9ac19150a334dcca54ac2e1ded4ecf933,Fork Uniform,forkuniform,3538650,3526437.0000,0.9965
seq-sat,parcprinter,4ce151c9ac19150a334dcca54ac2e1ded4ecf933,LAMA-2011,lama-2011,4249227,3526437.0000,0.8299
seq-sat,parcprinter,4ce151c9ac19150a334dcca54ac2e1ded4ecf933,Madagascar,madagascar_seq-sat,4226423,3526437.0000,0.8344
seq-sat,parcprinter,4ce151c9ac19150a334dcca54ac2e1ded4ecf933,Madagascar-p,madagascar-p_seq-sat,3779419,3526437.0000,0.9331
seq-sat,parcprinter,4ce151c9ac19150a334dcca54ac2e1ded4ecf933,SATPLANLM-C,satplanlm-c,3929547,3526437.0000,0.8974
seq-sat,parcprinter,4ce151c9ac19150a334dcca54ac2e1ded4ecf933,Sharaabi,sharaabi_seq-sat,4700047,3526437.0000,0.7503
seq-sat,parcprinter,4ce151c9ac19150a334dcca54ac2e1ded4ecf933,YAHSP2,yahsp2_seq-sat,4975229,3526437.0000,0.7088
seq-sat,parcprinter,4ce151c9ac19150a334dcca54ac2e1ded4ecf933,YAHSP2-MT,yahsp2-mt_seq-sat,4830999,3526437.0000,0.7300
seq-sat,parcprinter,67ae71a83a06095eea0b7bd9cb07d633de23be94,Arvand,arvand,2931708,2308715.0000,0.7875
seq-sat,parcprinter,67ae71a83a06095eea0b7bd9cb07d633de23be94,CPT4,cpt4_seq-sat,2308715,2308715.0000,1.0000
seq-sat,parcprinter,67ae71a83a06095eea0b7bd9cb07d633de23be94,DAE-YAHSP,dae_yahsp_seq-sat,2308715,2308715.0000,1.0000
seq-sat,parcprinter,67ae71a83a06095eea0b7bd9cb07d633de23be94,FD-Autotune-1,fd-autotune-1,2318715,2308715.0000,0.9957
seq-sat,parcprinter,67ae71a83a06095eea0b7bd9cb07d633de23be94,FD-Autotune-2,fd-autotune-2,2308715,2308715.0000,1.0000
seq-sat,parcprinter,67ae71a83a06095eea0b7bd9cb07d633de23be94,FDSS-1,fdss-1_seq-sat,2308715,2308715.0000,1.0000
seq-sat,parcprinter,67ae71a83a06095eea0b7bd9cb07d633de23be94,FDSS-2,fdss-2_seq-sat,2308715,2308715.0000,1.0000
seq-sat,parcprinter,67ae71a83a06095eea0b7bd9cb07d633de23be94,Fork Uniform,forkuniform,2586900,2308715.0000,0.8925
seq-sat,parcprinter,67ae71a83a06095eea0b7bd9cb07d633de23be94,LAMA-2011,lama-2011,2318715,2308715.0000,0.9957
seq-sat,parcprinter,67ae71a83a06095eea0b7bd9cb07d633de23be94,Madagascar,madagascar_seq-sat,2319309,2308715.0000,0.9954
seq-sat,parcprinter,67ae71a83a06095eea0b7bd9cb07d633de23be94,Madagascar-p,madagascar-p_seq-sat,3031895,2308715.0000,0.7615
seq-sat,parcprinter,67ae71a83a06095eea0b7bd9cb07d633de23be94,POPF2,popf2_seq-sat,3030707,2308715.0000,0.7618
seq-sat,parcprinter,67ae71a83a06095eea0b7bd9cb07d633de23be94,Probe,probe,3031895,2308715.0000,0.7615
seq-sat,parcprinter,67ae71a83a06095eea0b7bd9cb07d633de23be94,YAHSP2,yahsp2_seq-sat,2318715,2308715.0000,0.9957
seq-sat,parcprinter,67ae71a83a06095eea0b7bd9cb07d633de23be94,YAHSP2-MT,yahsp2-mt_seq-sat,2308715,2308715.0000,1.0000
seq-sat,parcprinter,6e41b37b087bf58d87d5eef8cb10d6420376b381,Arvand,arvand,1852217,1852217.0000,1.0000
seq-sat,parcprinter,6e41b37b087bf58d87d5eef8cb10d6420376b381,BRT,brt,2052275,1852217.0000,0.9025
seq-sat,parcprinter,6e41b37b087bf58d87d5eef8cb10d6420376b381,CBP,cbp,1852217,1852217.0000,1.0000
seq-sat,parcprinter,6e41b37b087bf58d87d5eef8cb10d6420376b381,CBP2,cbp2,1852217,1852217.0000,1.0000
seq-sat,parcprinter,6e41b37b087bf58d87d5eef8cb10d6420376b381,CPT4,cpt4_seq-sat,1852217,1852217.0000,1.0000
seq-sat,parcprinter,6e41b37b087bf58d87d5eef8cb10d6420376b381,DAE-YAHSP,dae_yahsp_seq-sat,1852217,1852217.0000,1.0000
seq-sat,parcprinter,6e41b37b087bf58d87d5eef8cb10d6420376b381,FD-Autotune-1,fd-autotune-1,2052275,1852217.0000,0.9025
seq-sat,parcprinter,6e41b37b087bf58d87d5eef8cb10d6420376b381,FD-Autotune-2,fd-autotune-2,1852217,1852217.0000,1.0000
seq-sat,parcprinter,6e41b37b087bf58d87d5eef8cb10d6420376b381,FDSS-1,fdss-1_seq-sat,1852217,1852217.0000,1.0000
seq-sat,parcprinter,6e41b37b087bf58d87d5eef8cb10d6420376b381,FDSS-2,fdss-2_seq-sat,2152304,1852217.0000,0.8606
seq-sat,parcprinter,6e41b37b087bf58d87d5eef8cb10d6420376b381,Fork Uniform,forkuniform,1852217,1852217.0000,1.0000
seq-sat,parcprinter,6e41b37b087bf58d87d5eef8cb10d6420376b381,LAMA-2011,lama-2011,1852217,1852217.0000,1.0000
seq-sat,parcprinter,6e41b37b087bf58d87d5eef8cb10d6420376b381,LPRPG-P,lprpgp,1852217,1852217.0000,1.0000
seq-sat,parcprinter,6e41b37b087bf58d87d5eef8cb10d6420376b381,Madagascar,madagascar_seq-sat,2152304,1852217.0000,0.8606
seq-sat,parcprinter,6e41b37b087bf58d87d5eef8cb10d6420376b381,Madagascar-p,madagascar-p_seq-sat,1952246,1852217.0000,0.9488
seq-sat,parcprinter,6e41b37b087bf58d87d5eef8cb10d6420376b381,POPF2,popf2_seq-sat,2152304,1852217.0000,0.8606
seq-sat,parcprinter,6e41b37b087bf58d87d5eef8cb10d6420376b381,Probe,probe,2152304,1852217.0000,0.8606
seq-sat,parcprinter,6e41b37b087bf58d87d5eef8cb10d6420376b381,Roamer,roamer,2152304,1852217.0000,0.8606
seq-sat,parcprinter,6e41b37b087bf58d87d5eef8cb10d6420376b381,SATPLANLM-C,satplanlm-c,1952246,1852217.0000,0.9488
seq-sat,parcprinter,6e41b37b087bf58d87d5eef8cb10d6420376b381,Sharaabi,sharaabi_seq-sat,1852217,1852217.0000,1.0000
seq-sat,parcprinter,6e41b37b087bf58d87d5eef8cb10d6420376b381,YAHSP2,yahsp2_seq-sat,2152304,1852217.0000,0.8606
seq-sat,parcprinter,6e41b37b087bf58d87d5eef8cb10d6420376b381,YAHSP2-MT,yahsp2-mt_seq-sat,2152304,1852217.0000,0.8606
seq-sat,parcprinter,76083857b7379a56e792e6a167fe43111c2390c2,Arvand,arvand,1991232,1891203.0000,0.9498
seq-sat,parcprinter,76083857b7379a56e792e6a167fe43111c2390c2,CPT4,cpt4_seq-sat,1891203,1891203.0000,1.0000
seq-sat,parcprinter,76083857b7379a56e792e6a167fe43111c2390c2,DAE-YAHSP,dae_yahsp_seq-sat,1891203,1891203.0000,1.0000
seq-sat,parcprinter,76083857b7379a56e792e6a167fe43111c2390c2,FD-Autotune-1,fd-autotune-1,1891203,1891203.0000,1.0000
seq-sat,parcprinter,76083857b7379a56e792e6a167fe43111c2390c2,FD-Autotune-2,fd-autotune-2,1891203,1891203.0000,1.0000
seq-sat,parcprinter,76083857b7379a56e792e6a167fe43111c2390c2,FDSS-1,fdss-1_seq-sat,1891203,1891203.0000,1.0000
seq-sat,parcprinter,76083857b7379a56e792e6a167fe43111c2390c2,FDSS-2,fdss-2_seq-sat,1891203,1891203.0000,1.0000
seq-sat,parcprinter,76083857b7379a56e792e6a167fe43111c2390c2,Fork Uniform,forkuniform,1891203,1891203.0000,1.0000
seq-sat,parcprinter,76083857b7379a56e792e6a167fe43111c2390c2,LAMA-2011,lama-2011,2191290,1891203.0000,0.8631
seq-sat,parcprinter,76083857b7379a56e792e6a167fe43111c2390c2,LPRPG-P,lprpgp,2191290,1891203.0000,0.8631
seq-sat,parcprinter,76083857b7379a56e792e6a167fe43111c2390c2,Lamar,lamar,2191290,1891203.0000,0.8631
seq-sat,parcprinter,76083857b7379a56e792e6a167fe43111c2390c2,Madagascar,madagascar_seq-sat,2191290,1891203.0000,0.8631
seq-sat,parcprinter,76083857b7379a56e792e6a167fe43111c2390c2,Madagascar-p,madagascar-p_seq-sat,1891203,1891203.0000,1.0000
seq-sat,parcprinter,76083857b7379a56e792e6a167fe43111c2390c2,POPF2,popf2_seq-sat,2191290,1891203.0000,0.8631
seq-sat,parcprinter,76083857b7379a56e792e6a167fe43111c2390c2,Probe,probe,2191290,1891203.0000,0.8631
seq-sat,parcprinter,76083857b7379a56e792e6a167fe43111c2390c2,Randward,randward,1891203,1891203.0000,1.0000
seq-sat,parcprinter,76083857b7379a56e792e6a167fe43111c2390c2,SATPLANLM-C,satplanlm-c,2091261,1891203.0000,0.9043
seq-sat,parcprinter,76083857b7379a56e792e6a167fe43111c2390c2,Sharaabi,sharaabi_seq-sat,2091261,1891203.0000,0.9043
seq-sat,parcprinter,76083857b7379a56e792e6a167fe43111c2390c2,YAHSP2,yahsp2_seq-sat,2191290,1891203.0000,0.8631
seq-sat,parcprinter,76083857b7379a56e792e6a167fe43111c2390c2,YAHSP2-MT,yahsp2-mt_seq-sat,2191290,1891203.0000,0.8631
seq-sat,parcprinter,820781b778dcac4a95cceb6964235158119c42c2,Arvand,arvand,2754187,2754187.0000,1.0000
seq-sat,parcprinter,820781b778dcac4a95cceb6964235158119c42c2,FD-Autotune-1,fd-autotune-1,2754187,2754187.0000,1.0000
seq-sat,parcprinter,820781b778dcac4a95cceb6964235158119c42c2,FDSS-1,fdss-1_seq-sat,3526732,2754187.0000,0.7809
seq-sat,parcprinter,820781b778dcac4a95cceb6964235158119c42c2,FDSS-2,fdss-2_seq-sat,3546470,2754187.0000,0.7766
seq-sat,parcprinter,820781b778dcac4a95cceb6964235158119c42c2,Fork Uniform,forkuniform,2766400,2754187.0000,0.9956
seq-sat,parcprinter,820781b778dcac4a95cceb6964235158119c42c2,LAMA-2011,lama-2011,2754187,2754187.0000,1.0000
seq-sat,parcprinter,820781b778dcac4a95cceb6964235158119c42c2,Madagascar,madagascar_seq-sat,3114495,2754187.0000,0.8843
seq-sat,parcprinter,820781b778dcac4a95cceb6964235158119c42c2,Madagascar-p,madagascar-p_seq-sat,2758177,2754187.0000,0.9986
seq-sat,parcprinter,820781b778dcac4a95cceb6964235158119c42c2,Probe,probe,3447613,2754187.0000,0.7989
seq-sat,parcprinter,820781b778dcac4a95cceb6964235158119c42c2,Roamer,roamer,3050429,2754187.0000,0.9029
seq-sat,parcprinter,820781b778dcac4a95cceb6964235158119c42c2,SATPLANLM-C,satplanlm-c,3094796,2754187.0000,0.8899
seq-sat,parcprinter,820781b778dcac4a95cceb6964235158119c42c2,YAHSP2,yahsp2_seq-sat,3585885,2754187.0000,0.7681
seq-sat,parcprinter,820781b778dcac4a95cceb6964235158119c42c2,YAHSP2-MT,yahsp2-mt_seq-sat,3585885,2754187.0000,0.7681
seq-sat,parcprinter,8c67aca99d3a3e71fe03a5ccac3e81f71f19f9d3,Arvand,arvand,3072626,3072626.0000,1.0000
seq-sat,parcprinter,8c67aca99d3a3e71fe03a5ccac3e81f71f19f9d3,DAE-YAHSP,dae_yahsp_seq-sat,3072626,3072626.0000,1.0000
seq-sat,parcprinter,8c67aca99d3a3e71fe03a5ccac3e81f71f19f9d3,FD-Autotune-1,fd-autotune-1,3122628,3072626.0000,0.9840
seq-sat,parcprinter,8c67aca99d3a3e71fe03a5ccac3e81f71f19f9d3,FDSS-1,fdss-1_seq-sat,3122628,3072626.0000,0.9840
seq-sat,parcprinter,8c67aca99d3a3e71fe03a5ccac3e81f71f19f9d3,FDSS-2,fdss-2_seq-sat,3082628,3072626.0000,0.9968
seq-sat,parcprinter,8c67aca99d3a3e71fe03a5ccac3e81f71f19f9d3,Fork Uniform,forkuniform,3211923,3072626.0000,0.9566
seq-sat,parcprinter,8c67aca99d3a3e71fe03a5ccac3e81f71f19f9d3,LAMA-2011,lama-2011,3122628,3072626.0000,0.9840
seq-sat,parcprinter,8c67aca99d3a3e71fe03a5ccac3e81f71f19f9d3,Madagascar,madagascar_seq-sat,3103319,3072626.0000,0.9901
seq-sat,parcprinter,8c67aca99d3a3e71fe03a5ccac3e81f71f19f9d3,Madagascar-p,madagascar-p_seq-sat,3291516,3072626.0000,0.9335
seq-sat,parcprinter,8c67aca99d3a3e71fe03a5ccac3e81f71f19f9d3,POPF2,popf2_seq-sat,3300625,3072626.0000,0.9309
seq-sat,parcprinter,8c67aca99d3a3e71fe03a5ccac3e81f71f19f9d3,Probe,probe,3301516,3072626.0000,0.9307
seq-sat,parcprinter,8c67aca99d3a3e71fe03a5ccac3e81f71f19f9d3,YAHSP2,yahsp2_seq-sat,3211626,3072626.0000,0.9567
seq-sat,parcprinter,8db84cd37dc2e417f95bc83b0486f5e667b9cd2b,Arvand,arvand,2021893,2021893.0000,1.0000
seq-sat,parcprinter,8db84cd37dc2e417f95bc83b0486f5e667b9cd2b,CPT4,cpt4_seq-sat,2021893,2021893.0000,1.0000
seq-sat,parcprinter,8db84cd37dc2e417f95bc83b0486f5e667b9cd2b,DAE-YAHSP,dae_yahsp_seq-sat,2021893,2021893.0000,1.0000
seq-sat,parcprinter,8db84cd37dc2e417f95bc83b0486f5e667b9cd2b,FD-Autotune-1,fd-autotune-1,2031893,2021893.0000,0.9951
seq-sat,parcprinter,8db84cd37dc2e417f95bc83b0486f5e667b9cd2b,FD-Autotune-2,fd-autotune-2,2021893,2021893.0000,1.0000
seq-sat,parcprinter,8db84cd37dc2e417f95bc83b0486f5e667b9cd2b,FDSS-1,fdss-1_seq-sat,2021893,2021893.0000,1.0000
seq-sat,parcprinter,8db84cd37dc2e417f95bc83b0486f5e667b9cd2b,FDSS-2,fdss-2_seq-sat,2021893,2021893.0000,1.0000
seq-sat,parcprinter,8db84cd37dc2e417f95bc83b0486f5e667b9cd2b,Fork Uniform,forkuniform,2032091,2021893.0000,0.9950
seq-sat,parcprinter,8db84cd37dc2e417f95bc83b0486f5e667b9cd2b,LAMA-2011,lama-2011,2031893,2021893.0000,0.9951
seq-sat,parcprinter,8db84cd37dc2e417f95bc83b0486f5e667b9cd2b,Madagascar,madagascar_seq-sat,2022784,2021893.0000,0.9996
seq-sat,parcprinter,8db84cd37dc2e417f95bc83b0486f5e667b9cd2b,Madagascar-p,madagascar-p_seq-sat,2556877,2021893.0000,0.7908
seq-sat,parcprinter,8db84cd37dc2e417f95bc83b0486f5e667b9cd2b,POPF2,popf2_seq-sat,2565887,2021893.0000,0.7880
seq-sat,parcprinter,8db84cd37dc2e417f95bc83b0486f5e667b9cd2b,YAHSP2,yahsp2_seq-sat,2031893,2021893.0000,0.9951
seq-sat,parcprinter,8db84cd37dc2e417f95bc83b0486f5e667b9cd2b,YAHSP2-MT,yahsp2-mt_seq-sat,2031893,2021893.0000,0.9951
seq-sat,parcprinter,93a07226eccd7ffe5069a091f5ec01986dc3e838,Arvand,arvand,2928369,2828340.0000,0.9658
seq-sat,parcprinter,93a07226eccd7ffe5069a091f5ec01986dc3e838,BRT,brt,3228456,2828340.0000,0.8761
seq-sat,parcprinter,93a07226eccd7ffe5069a091f5ec01986dc3e838,CPT4,cpt4_seq-sat,2828340,2828340.0000,1.0000
seq-sat,parcprinter,93a07226eccd7ffe5069a091f5ec01986dc3e838,DAE-YAHSP,dae_yahsp_seq-sat,3228456,2828340.0000,0.8761
seq-sat,parcprinter,93a07226eccd7ffe5069a091f5ec01986dc3e838,FD-Autotune-1,fd-autotune-1,3128427,2828340.0000,0.9041
seq-sat,parcprinter,93a07226eccd7ffe5069a091f5ec01986dc3e838,FD-Autotune-2,fd-autotune-2,3128427,2828340.0000,0.9041
seq-sat,parcprinter,93a07226eccd7ffe5069a091f5ec01986dc3e838,FDSS-1,fdss-1_seq-sat,3128427,2828340.0000,0.9041
seq-sat,parcprinter,93a07226eccd7ffe5069a091f5ec01986dc3e838,FDSS-2,fdss-2_seq-sat,3228456,2828340.0000,0.8761
seq-sat,parcprinter,93a07226eccd7ffe5069a091f5ec01986dc3e838,Fork Uniform,forkuniform,3228456,2828340.0000,0.8761
seq-sat,parcprinter,93a07226eccd7ffe5069a091f5ec01986dc3e838,LAMA-2008,lama-2008,3228456,2828340.0000,0.8761
seq-sat,parcprinter,93a07226eccd7ffe5069a091f5ec01986dc3e838,LAMA-2011,lama-2011,2828340,2828340.0000,1.0000
seq-sat,parcprinter,93a07226eccd7ffe5069a091f5ec01986dc3e838,LPRPG-P,lprpgp,2828340,2828340.0000,1.0000
seq-sat,parcprinter,93a07226eccd7ffe5069a091f5ec01986dc3e838,Madagascar,madagascar_seq-sat,2828340,2828340.0000,1.0000
seq-sat,parcprinter,93a07226eccd7ffe5069a091f5ec01986dc3e838,Madagascar-p,madagascar-p_seq-sat,2828340,2828340.0000,1.0000
seq-sat,parcprinter,93a07226eccd7ffe5069a091f5ec01986dc3e838,POPF2,popf2_seq-sat,3228456,2828340.0000,0.8761
seq-sat,parcprinter,93a07226eccd7ffe5069a091f5ec01986dc3e838,Probe,probe,3228456,2828340.0000,0.8761
seq-sat,parcprinter,93a07226eccd7ffe5069a091f5ec01986dc3e838,Roamer,roamer,3228456,2828340.0000,0.8761
seq-sat,parcprinter,93a07226eccd7ffe5069a091f5ec01986dc3e838,SATPLANLM-C,satplanlm-c,2828340,2828340.0000,1.0000
seq-sat,parcprinter,93a07226eccd7ffe5069a091f5ec01986dc3e838,YAHSP2,yahsp2_seq-sat,3228456,2828340.0000,0.8761
seq-sat,parcprinter,93a07226eccd7ffe5069a091f5ec01986dc3e838,YAHSP2-MT,yahsp2-mt_seq-sat,3228456,2828340.0000,0.8761
seq-sat,parcprinter,b4190cba504324889f79ae45101a1c213f646f38,Arvand,arvand,3435396,3335367.0000,0.9709
seq-sat,parcprinter,b4190cba504324889f79ae45101a1c213f646f38,BRT,brt,3935541,3335367.0000,0.8475
seq-sat,parcprinter,b4190cba504324889f79ae45101a1c213f646f38,CPT4,cpt4_seq-sat,3335367,3335367.0000,1.0000
seq-sat,parcprinter,b4190cba504324889f79ae45101a1c213f646f38,DAE-YAHSP,dae_yahsp_seq-sat,4035570,3335367.0000,0.8265
seq-sat,parcprinter,b4190cba504324889f79ae45101a1c213f646f38,FD-Autotune-1,fd-autotune-1,4035570,3335367.0000,0.8265
seq-sat,parcprinter,b4190cba504324889f79ae45101a1c213f646f38,FD-Autotune-2,fd-autotune-2,4035570,3335367.0000,0.8265
seq-sat,parcprinter,b4190cba504324889f79ae45101a1c213f646f38,FDSS-1,fdss-1_seq-sat,4035570,3335367.0000,0.8265
seq-sat,parcprinter,b4190cba504324889f79ae45101a1c213f646f38,FDSS-2,fdss-2_seq-sat,4035570,3335367.0000,0.8265
seq-sat,parcprinter,b4190cba504324889f79ae45101a1c213f646f38,Fork Uniform,forkuniform,4035570,3335367.0000,0.8265
seq-sat,parcprinter,b4190cba504324889f79ae45101a1c213f646f38,LAMA-2011,lama-2011,4035570,3335367.0000,0.8265
seq-sat,parcprinter,b4190cba504324889f79ae45101a1c213f646f38,LPRPG-P,lprpgp,3335367,3335367.0000,1.0000
seq-sat,parcprinter,b4190cba504324889f79ae45101a1c213f646f38,Madagascar,madagascar_seq-sat,4035570,3335367.0000,0.8265
seq-sat,parcprinter,b4190cba504324889f79ae45101a1c213f646f38,Madagascar-p,madagascar-p_seq-sat,3335367,3335367.0000,1.0000
seq-sat,parcprinter,b4190cba504324889f79ae45101a1c213f646f38,POPF2,popf2_seq-sat,4035570,3335367.0000,0.8265
seq-sat,parcprinter,b4190cba504324889f79ae45101a1c213f646f38,Probe,probe,4035570,3335367.0000,0.8265
seq-sat,parcprinter,b4190cba504324889f79ae45101a1c213f646f38,Roamer,roamer,4035570,3335367.0000,0.8265
seq-sat,parcprinter,b4190cba504324889f79ae45101a1c213f646f38,SATPLANLM-C,satplanlm-c,3335367,3335367.0000,1.0000
seq-sat,parcprinter,b4190cba504324889f79ae45101a1c213f646f38,YAHSP2,yahsp2_seq-sat,4035570,3335367.0000,0.8265
seq-sat,parcprinter,b4190cba504324889f79ae45101a1c213f646f38,YAHSP2-MT,yahsp2-mt_seq-sat,4035570,3335367.0000,0.8265
seq-sat,parcprinter,b93e539881da0df27115fb062a70ddbc649262cb,Arvand,arvand,2466264,2387265.0000,0.9680
seq-sat,parcprinter,b93e539881da0df27115fb062a70ddbc649262cb,DAE-YAHSP,dae_yahsp_seq-sat,2387265,2387265.0000,1.0000
seq-sat,parcprinter,b93e539881da0df27115fb062a70ddbc649262cb,FD-Autotune-1,fd-autotune-1,2397267,2387265.0000,0.9958
seq-sat,parcprinter,b93e539881da0df27115fb062a70ddbc649262cb,FDSS-1,fdss-1_seq-sat,2387267,2387265.0000,1.0000
seq-sat,parcprinter,b93e539881da0df27115fb062a70ddbc649262cb,FDSS-2,fdss-2_seq-sat,2387267,2387265.0000,1.0000
seq-sat,parcprinter,b93e539881da0df27115fb062a70ddbc649262cb,Fork Uniform,forkuniform,2397663,2387265.0000,0.9957
seq-sat,parcprinter,b93e539881da0df27115fb062a70ddbc649262cb,LAMA-2011,lama-2011,2397267,2387265.0000,0.9958
seq-sat,parcprinter,b93e539881da0df27115fb062a70ddbc649262cb,Madagascar,madagascar_seq-sat,2388059,2387265.0000,0.9997
seq-sat,parcprinter,b93e539881da0df27115fb062a70ddbc649262cb,Madagascar-p,madagascar-p_seq-sat,2576155,2387265.0000,0.9267
seq-sat,parcprinter,b93e539881da0df27115fb062a70ddbc649262cb,POPF2,popf2_seq-sat,2575264,2387265.0000,0.9270
seq-sat,parcprinter,b93e539881da0df27115fb062a70ddbc649262cb,Probe,probe,2487156,2387265.0000,0.9598
seq-sat,parcprinter,b93e539881da0df27115fb062a70ddbc649262cb,SATPLANLM-C,satplanlm-c,2387859,2387265.0000,0.9998
seq-sat,parcprinter,b93e539881da0df27115fb062a70ddbc649262cb,YAHSP2,yahsp2_seq-sat,2486265,2387265.0000,0.9602
seq-sat,parcprinter,bfe51d1d89976742754dc2e28f8bd77901728197,Arvand,arvand,1556448,1556448.0000,1.0000
seq-sat,parcprinter,bfe51d1d89976742754dc2e28f8bd77901728197,CPT4,cpt4_seq-sat,1556448,1556448.0000,1.0000
seq-sat,parcprinter,bfe51d1d89976742754dc2e28f8bd77901728197,DAE-YAHSP,dae_yahsp_seq-sat,1556448,1556448.0000,1.0000
seq-sat,parcprinter,bfe51d1d89976742754dc2e28f8bd77901728197,FD-Autotune-1,fd-autotune-1,1576452,1556448.0000,0.9873
seq-sat,parcprinter,bfe51d1d89976742754dc2e28f8bd77901728197,FD-Autotune-2,fd-autotune-2,1556448,1556448.0000,1.0000
seq-sat,parcprinter,bfe51d1d89976742754dc2e28f8bd77901728197,FDSS-1,fdss-1_seq-sat,1556448,1556448.0000,1.0000
seq-sat,parcprinter,bfe51d1d89976742754dc2e28f8bd77901728197,FDSS-2,fdss-2_seq-sat,1556448,1556448.0000,1.0000
seq-sat,parcprinter,bfe51d1d89976742754dc2e28f8bd77901728197,Fork Uniform,forkuniform,1665450,1556448.0000,0.9346
seq-sat,parcprinter,bfe51d1d89976742754dc2e28f8bd77901728197,LAMA-2011,lama-2011,1576452,1556448.0000,0.9873
seq-sat,parcprinter,bfe51d1d89976742754dc2e28f8bd77901728197,Madagascar,madagascar_seq-sat,1577046,1556448.0000,0.9869
seq-sat,parcprinter,bfe51d1d89976742754dc2e28f8bd77901728197,Madagascar-p,madagascar-p_seq-sat,2111137,1556448.0000,0.7373
seq-sat,parcprinter,bfe51d1d89976742754dc2e28f8bd77901728197,POPF2,popf2_seq-sat,2110444,1556448.0000,0.7375
seq-sat,parcprinter,bfe51d1d89976742754dc2e28f8bd77901728197,SATPLANLM-C,satplanlm-c,1834141,1556448.0000,0.8486
seq-sat,parcprinter,bfe51d1d89976742754dc2e28f8bd77901728197,YAHSP2,yahsp2_seq-sat,1754448,1556448.0000,0.8871
seq-sat,parcprinter,d5a8a07bec535918360880cb7eb7d29f1cf64043,Arvand,arvand,1216462,1216462.0000,1.0000
seq-sat,parcprinter,d5a8a07bec535918360880cb7eb7d29f1cf64043,CBP,cbp,1216462,1216462.0000,1.0000
seq-sat,parcprinter,d5a8a07bec535918360880cb7eb7d29f1cf64043,CBP2,cbp2,1216462,1216462.0000,1.0000
seq-sat,parcprinter,d5a8a07bec535918360880cb7eb7d29f1cf64043,CPT4,cpt4_seq-sat,1216462,1216462.0000,1.0000
seq-sat,parcprinter,d5a8a07bec535918360880cb7eb7d29f1cf64043,DAE-YAHSP,dae_yahsp_seq-sat,1216462,1216462.0000,1.0000
seq-sat,parcprinter,d5a8a07bec535918360880cb7eb7d29f1cf64043,FD-Autotune-1,fd-autotune-1,1216462,1216462.0000,1.0000
seq-sat,parcprinter,d5a8a07bec535918360880cb7eb7d29f1cf64043,FD-Autotune-2,fd-autotune-2,1216462,1216462.0000,1.0000
seq-sat,parcprinter,d5a8a07bec535918360880cb7eb7d29f1cf64043,FDSS-1,fdss-1_seq-sat,1216462,1216462.0000,1.0000
seq-sat,parcprinter,d5a8a07bec535918360880cb7eb7d29f1cf64043,FDSS-2,fdss-2_seq-sat,1216462,1216462.0000,1.0000
seq-sat,parcprinter,d5a8a07bec535918360880cb7eb7d29f1cf64043,Fork Uniform,forkuniform,1216462,1216462.0000,1.0000
seq-sat,parcprinter,d5a8a07bec535918360880cb7eb7d29f1cf64043,LAMA-2011,lama-2011,1216462,1216462.0000,1.0000
seq-sat,parcprinter,d5a8a07bec535918360880cb7eb7d29f1cf64043,Madagascar,madagascar_seq-sat,1216660,1216462.0000,0.9998
seq-sat,parcprinter,d5a8a07bec535918360880cb7eb7d29f1cf64043,Madagascar-p,madagascar-p_seq-sat,1395054,1216462.0000,0.8720
seq-sat,parcprinter,d5a8a07bec535918360880cb7eb7d29f1cf64043,POPF2,popf2_seq-sat,1394460,1216462.0000,0.8724
seq-sat,parcprinter,d5a8a07bec535918360880cb7eb7d29f1cf64043,Probe,probe,1395054,1216462.0000,0.8720
seq-sat,parcprinter,d5a8a07bec535918360880cb7eb7d29f1cf64043,SATPLANLM-C,satplanlm-c,1216759,1216462.0000,0.9998
seq-sat,parcprinter,d5a8a07bec535918360880cb7eb7d29f1cf64043,YAHSP2,yahsp2_seq-sat,1216462,1216462.0000,1.0000
seq-sat,parcprinter,fd8e8bfc16151d9a5df4f45d4047e0f43fed7fef,Arvand,arvand,1270874,1270874.0000,1.0000
seq-sat,parcprinter,fd8e8bfc16151d9a5df4f45d4047e0f43fed7fef,CBP,cbp,1270874,1270874.0000,1.0000
seq-sat,parcprinter,fd8e8bfc16151d9a5df4f45d4047e0f43fed7fef,CBP2,cbp2,1270874,1270874.0000,1.0000
seq-sat,parcprinter,fd8e8bfc16151d9a5df4f45d4047e0f43fed7fef,CPT4,cpt4_seq-sat,1270973,1270874.0000,0.9999
seq-sat,parcprinter,fd8e8bfc16151d9a5df4f45d4047e0f43fed7fef,DAE-YAHSP,dae_yahsp_seq-sat,1270874,1270874.0000,1.0000
seq-sat,parcprinter,fd8e8bfc16151d9a5df4f45d4047e0f43fed7fef,FD-Autotune-1,fd-autotune-1,1270874,1270874.0000,1.0000
seq-sat,parcprinter,fd8e8bfc16151d9a5df4f45d4047e0f43fed7fef,FD-Autotune-2,fd-autotune-2,1270874,1270874.0000,1.0000
seq-sat,parcprinter,fd8e8bfc16151d9a5df4f45d4047e0f43fed7fef,FDSS-1,fdss-1_seq-sat,1270874,1270874.0000,1.0000
seq-sat,parcprinter,fd8e8bfc16151d9a5df4f45d4047e0f43fed7fef,FDSS-2,fdss-2_seq-sat,1270874,1270874.0000,1.0000
seq-sat,parcprinter,fd8e8bfc16151d9a5df4f45d4047e0f43fed7fef,Fork Uniform,forkuniform,1271072,1270874.0000,0.9998
seq-sat,parcprinter,fd8e8bfc16151d9a5df4f45d4047e0f43fed7fef,LAMA-2011,lama-2011,1270874,1270874.0000,1.0000
seq-sat,parcprinter,fd8e8bfc16151d9a5df4f45d4047e0f43fed7fef,Madagascar,madagascar_seq-sat,1271468,1270874.0000,0.9995
seq-sat,parcprinter,fd8e8bfc16151d9a5df4f45d4047e0f43fed7fef,Madagascar-p,madagascar-p_seq-sat,1627563,1270874.0000,0.7808
seq-sat,parcprinter,fd8e8bfc16151d9a5df4f45d4047e0f43fed7fef,POPF2,popf2_seq-sat,1626870,1270874.0000,0.7812
seq-sat,parcprinter,fd8e8bfc16151d9a5df4f45d4047e0f43fed7fef,SATPLANLM-C,satplanlm-c,1360071,1270874.0000,0.9344
seq-sat,parcprinter,fd8e8bfc16151d9a5df4f45d4047e0f43fed7fef,YAHSP2,yahsp2_seq-sat,1270874,1270874.0000,1.0000
seq-sat,parking,0ffe685fa49b9268e500a9b2107719fd11fec4fa,Arvand,arvand,41,35.0000,0.8537
seq-sat,parking,0ffe685fa49b9268e500a9b2107719fd11fec4fa,BRT,brt,76,35.0000,0.4605
seq-sat,parking,0ffe685fa49b9268e500a9b2107719fd11fec4fa,FD-Autotune-1,fd-autotune-1,45,35.0000,0.7778
seq-sat,parking,0ffe685fa49b9268e500a9b2107719fd11fec4fa,FD-Autotune-2,fd-autotune-2,35,35.0000,1.0000
seq-sat,parking,0ffe685fa49b9268e500a9b2107719fd11fec4fa,FDSS-1,fdss-1_seq-sat,41,35.0000,0.8537
seq-sat,parking,0ffe685fa49b9268e500a9b2107719fd11fec4fa,FDSS-2,fdss-2_seq-sat,52,35.0000,0.6731
seq-sat,parking,0ffe685fa49b9268e500a9b2107719fd11fec4fa,Fork Uniform,forkuniform,35,35.0000,1.0000
seq-sat,parking,0ffe685fa49b9268e500a9b2107719fd11fec4fa,LAMA-2008,lama-2008,43,35.0000,0.8140
seq-sat,parking,0ffe685fa49b9268e500a9b2107719fd11fec4fa,LAMA-2011,lama-2011,35,35.0000,1.0000
seq-sat,parking,0ffe685fa49b9268e500a9b2107719fd11fec4fa,LPRPG-P,lprpgp,71,35.0000,0.4930
seq-sat,parking,0ffe685fa49b9268e500a9b2107719fd11fec4fa,Lamar,lamar,52,35.0000,0.6731
seq-sat,parking,0ffe685fa49b9268e500a9b2107719fd11fec4fa,POPF2,popf2_seq-sat,58,35.0000,0.6034
seq-sat,parking,0ffe685fa49b9268e500a9b2107719fd11fec4fa,Probe,probe,126,35.0000,0.2778
seq-sat,parking,0ffe685fa49b9268e500a9b2107719fd11fec4fa,Randward,randward,72,35.0000,0.4861
seq-sat,parking,0ffe685fa49b9268e500a9b2107719fd11fec4fa,Roamer,roamer,40,35.0000,0.8750
seq-sat,parking,0ffe685fa49b9268e500a9b2107719fd11fec4fa,YAHSP2,yahsp2_seq-sat,54,35.0000,0.6481
seq-sat,parking,0ffe685fa49b9268e500a9b2107719fd11fec4fa,YAHSP2-MT,yahsp2-mt_seq-sat,49,35.0000,0.7143
seq-sat,parking,16414ee40b781afec27880262260f82695d2a2a0,BRT,brt,83,42.0000,0.5060
seq-sat,parking,16414ee40b781afec27880262260f82695d2a2a0,FD-Autotune-1,fd-autotune-1,75,42.0000,0.5600
seq-sat,parking,16414ee40b781afec27880262260f82695d2a2a0,FD-Autotune-2,fd-autotune-2,57,42.0000,0.7368
seq-sat,parking,16414ee40b781afec27880262260f82695d2a2a0,FDSS-1,fdss-1_seq-sat,62,42.0000,0.6774
seq-sat,parking,16414ee40b781afec27880262260f82695d2a2a0,FDSS-2,fdss-2_seq-sat,60,42.0000,0.7000
seq-sat,parking,16414ee40b781afec27880262260f82695d2a2a0,Fork Uniform,forkuniform,49,42.0000,0.8571
seq-sat,parking,16414ee40b781afec27880262260f82695d2a2a0,LAMA-2008,lama-2008,54,42.0000,0.7778
seq-sat,parking,16414ee40b781afec27880262260f82695d2a2a0,LAMA-2011,lama-2011,42,42.0000,1.0000
seq-sat,parking,16414ee40b781afec27880262260f82695d2a2a0,LPRPG-P,lprpgp,102,42.0000,0.4118
seq-sat,parking,16414ee40b781afec27880262260f82695d2a2a0,Lamar,lamar,72,42.0000,0.5833
seq-sat,parking,16414ee40b781afec27880262260f82695d2a2a0,Probe,probe,113,42.0000,0.3717
seq-sat,parking,16414ee40b781afec27880262260f82695d2a2a0,Randward,randward,79,42.0000,0.5316
seq-sat,parking,16414ee40b781afec27880262260f82695d2a2a0,Roamer,roamer,109,42.0000,0.3853
seq-sat,parking,16414ee40b781afec27880262260f82695d2a2a0,YAHSP2,yahsp2_seq-sat,73,42.0000,0.5753
seq-sat,parking,19b475611f165786cf6134f92fe18421ae337b1a,FD-Autotune-1,fd-autotune-1,85,45.0000,0.5294
seq-sat,parking,19b475611f165786cf6134f92fe18421ae337b1a,FDSS-1,fdss-1_seq-sat,58,45.0000,0.7759
seq-sat,parking,19b475611f165786cf6134f92fe18421ae337b1a,FDSS-2,fdss-2_seq-sat,55,45.0000,0.8182
seq-sat,parking,19b475611f165786cf6134f92fe18421ae337b1a,Fork Uniform,forkuniform,81,45.0000,0.5556
seq-sat,parking,19b475611f165786cf6134f92fe18421ae337b1a,LAMA-2008,lama-2008,81,45.0000,0.5556
seq-sat,parking,19b475611f165786cf6134f92fe18421ae337b1a,LAMA-2011,lama-2011,45,45.0000,1.0000
seq-sat,parking,19b475611f165786cf6134f92fe18421ae337b1a,Lamar,lamar,83,45.0000,0.5422
seq-sat,parking,19b475611f165786cf6134f92fe18421ae337b1a,Probe,probe,129,45.0000,0.3488
seq-sat,parking,19b475611f165786cf6134f92fe18421ae337b1a,Randward,randward,98,45.0000,0.4592
seq-sat,parking,19b475611f165786cf6134f92fe18421ae337b1a,Roamer,roamer,80,45.0000,0.5625
seq-sat,parking,19b475611f165786cf6134f92fe18421ae337b1a,YAHSP2,yahsp2_seq-sat,75,45.0000,0.6000
seq-sat,parking,19b475611f165786cf6134f92fe18421ae337b1a,YAHSP2-MT,yahsp2-mt_seq-sat,89,45.0000,0.5056
seq-sat,parking,2610fa095e1a51d60e6a79ba895be0203553543d,FD-Autotune-1,fd-autotune-1,103,45.0000,0.4369
seq-sat,parking,2610fa095e1a51d60e6a79ba895be0203553543d,FD-Autotune-2,fd-autotune-2,76,45.0000,0.5921
seq-sat,parking,2610fa095e1a51d60e6a79ba895be0203553543d,FDSS-1,fdss-1_seq-sat,77,45.0000,0.5844
seq-sat,parking,2610fa095e1a51d60e6a79ba895be0203553543d,FDSS-2,fdss-2_seq-sat,77,45.0000,0.5844
seq-sat,parking,2610fa095e1a51d60e6a79ba895be0203553543d,Fork Uniform,forkuniform,84,45.0000,0.5357
seq-sat,parking,2610fa095e1a51d60e6a79ba895be0203553543d,LAMA-2008,lama-2008,52,45.0000,0.8654
seq-sat,parking,2610fa095e1a51d60e6a79ba895be0203553543d,LAMA-2011,lama-2011,45,45.0000,1.0000
seq-sat,parking,2610fa095e1a51d60e6a79ba895be0203553543d,Lamar,lamar,114,45.0000,0.3947
seq-sat,parking,2610fa095e1a51d60e6a79ba895be0203553543d,Probe,probe,153,45.0000,0.2941
seq-sat,parking,2610fa095e1a51d60e6a79ba895be0203553543d,Randward,randward,119,45.0000,0.3782
seq-sat,parking,2610fa095e1a51d60e6a79ba895be0203553543d,Roamer,roamer,83,45.0000,0.5422
seq-sat,parking,34b847d5b1371a687ba8b8e59a85644f5478754c,FD-Autotune-1,fd-autotune-1,111,63.0000,0.5676
seq-sat,parking,34b847d5b1371a687ba8b8e59a85644f5478754c,FDSS-1,fdss-1_seq-sat,84,63.0000,0.7500
seq-sat,parking,34b847d5b1371a687ba8b8e59a85644f5478754c,FDSS-2,fdss-2_seq-sat,82,63.0000,0.7683
seq-sat,parking,34b847d5b1371a687ba8b8e59a85644f5478754c,Fork Uniform,forkuniform,82,63.0000,0.7683
seq-sat,parking,34b847d5b1371a687ba8b8e59a85644f5478754c,LAMA-2008,lama-2008,66,63.0000,0.9545
seq-sat,parking,34b847d5b1371a687ba8b8e59a85644f5478754c,LAMA-2011,lama-2011,119,63.0000,0.5294
seq-sat,parking,34b847d5b1371a687ba8b8e59a85644f5478754c,Lamar,lamar,63,63.0000,1.0000
seq-sat,parking,34b847d5b1371a687ba8b8e59a85644f5478754c,Probe,probe,193,63.0000,0.3264
seq-sat,parking,34b847d5b1371a687ba8b8e59a85644f5478754c,Randward,randward,136,63.0000,0.4632
seq-sat,parking,4dce706e45457a29253e921ed10d870f9e3b4569,Arvand,arvand,54,36.0000,0.6667
seq-sat,parking,4dce706e45457a29253e921ed10d870f9e3b4569,BRT,brt,60,36.0000,0.6000
seq-sat,parking,4dce706e45457a29253e921ed10d870f9e3b4569,FD-Autotune-1,fd-autotune-1,76,36.0000,0.4737
seq-sat,parking,4dce706e45457a29253e921ed10d870f9e3b4569,FD-Autotune-2,fd-autotune-2,51,36.0000,0.7059
seq-sat,parking,4dce706e45457a29253e921ed10d870f9e3b4569,FDSS-1,fdss-1_seq-sat,41,36.0000,0.8780
seq-sat,parking,4dce706e45457a29253e921ed10d870f9e3b4569,FDSS-2,fdss-2_seq-sat,39,36.0000,0.9231
seq-sat,parking,4dce706e45457a29253e921ed10d870f9e3b4569,Fork Uniform,forkuniform,41,36.0000,0.8780
seq-sat,parking,4dce706e45457a29253e921ed10d870f9e3b4569,LAMA-2008,lama-2008,56,36.0000,0.6429
seq-sat,parking,4dce706e45457a29253e921ed10d870f9e3b4569,LAMA-2011,lama-2011,36,36.0000,1.0000
seq-sat,parking,4dce706e45457a29253e921ed10d870f9e3b4569,LPRPG-P,lprpgp,92,36.0000,0.3913
seq-sat,parking,4dce706e45457a29253e921ed10d870f9e3b4569,Lamar,lamar,72,36.0000,0.5000
seq-sat,parking,4dce706e45457a29253e921ed10d870f9e3b4569,POPF2,popf2_seq-sat,94,36.0000,0.3830
seq-sat,parking,4dce706e45457a29253e921ed10d870f9e3b4569,Probe,probe,97,36.0000,0.3711
seq-sat,parking,4dce706e45457a29253e921ed10d870f9e3b4569,Randward,randward,53,36.0000,0.6792
seq-sat,parking,4dce706e45457a29253e921ed10d870f9e3b4569,Roamer,roamer,38,36.0000,0.9474
seq-sat,parking,4dce706e45457a29253e921ed10d870f9e3b4569,YAHSP2,yahsp2_seq-sat,64,36.0000,0.5625
seq-sat,parking,4dce706e45457a29253e921ed10d870f9e3b4569,YAHSP2-MT,yahsp2-mt_seq-sat,70,36.0000,0.5143
seq-sat,parking,4f90961d7bd24dcfa721804c0290019c9e96261c,FD-Autotune-1,fd-autotune-1,100,44.0000,0.4400
seq-sat,parking,4f90961d7bd24dcfa721804c0290019c9e96261c,FDSS-1,fdss-1_seq-sat,70,44.0000,0.6286
seq-sat,parking,4f90961d7bd24dcfa721804c0290019c9e96261c,FDSS-2,fdss-2_seq-sat,84,44.0000,0.5238
seq-sat,parking,4f90961d7bd24dcfa721804c0290019c9e96261c,Fork Uniform,forkuniform,54,44.0000,0.8148
seq-sat,parking,4f90961d7bd24dcfa721804c0290019c9e96261c,LAMA-2008,lama-2008,111,44.0000,0.3964
seq-sat,parking,4f90961d7bd24dcfa721804c0290019c9e96261c,LAMA-2011,lama-2011,44,44.0000,1.0000
seq-sat,parking,4f90961d7bd24dcfa721804c0290019c9e96261c,LPRPG-P,lprpgp,107,44.0000,0.4112
seq-sat,parking,4f90961d7bd24dcfa721804c0290019c9e96261c,Lamar,lamar,48,44.0000,0.9167
seq-sat,parking,4f90961d7bd24dcfa721804c0290019c9e96261c,POPF2,popf2_seq-sat,97,44.0000,0.4536
seq-sat,parking,4f90961d7bd24dcfa721804c0290019c9e96261c,Probe,probe,127,44.0000,0.3465
seq-sat,parking,4f90961d7bd24dcfa721804c0290019c9e96261c,Randward,randward,81,44.0000,0.5432
seq-sat,parking,4f90961d7bd24dcfa721804c0290019c9e96261c,Roamer,roamer,52,44.0000,0.8462
seq-sat,parking,510d6f2a5dadb82ec37b1a8736e4cd6f94f7691d,FD-Autotune-1,fd-autotune-1,74,60.0000,0.8108
seq-sat,parking,510d6f2a5dadb82ec37b1a8736e4cd6f94f7691d,FD-Autotune-2,fd-autotune-2,63,60.0000,0.9524
seq-sat,parking,510d6f2a5dadb82ec37b1a8736e4cd6f94f7691d,FDSS-1,fdss-1_seq-sat,65,60.0000,0.9231
seq-sat,parking,510d6f2a5dadb82ec37b1a8736e4cd6f94f7691d,FDSS-2,fdss-2_seq-sat,78,60.0000,0.7692
seq-sat,parking,510d6f2a5dadb82ec37b1a8736e4cd6f94f7691d,Fork Uniform,forkuniform,79,60.0000,0.7595
seq-sat,parking,510d6f2a5dadb82ec37b1a8736e4cd6f94f7691d,LAMA-2008,lama-2008,60,60.0000,1.0000
seq-sat,parking,510d6f2a5dadb82ec37b1a8736e4cd6f94f7691d,LAMA-2011,lama-2011,63,60.0000,0.9524
seq-sat,parking,510d6f2a5dadb82ec37b1a8736e4cd6f94f7691d,Lamar,lamar,74,60.0000,0.8108
seq-sat,parking,510d6f2a5dadb82ec37b1a8736e4cd6f94f7691d,Probe,probe,80,60.0000,0.7500
seq-sat,parking,510d6f2a5dadb82ec37b1a8736e4cd6f94f7691d,Randward,randward,84,60.0000,0.7143
seq-sat,parking,510d6f2a5dadb82ec37b1a8736e4cd6f94f7691d,Roamer,roamer,85,60.0000,0.7059
seq-sat,parking,52fbd9d09ab857f808cf97651b16a804e625c3a2,BRT,brt,163,48.0000,0.2945
seq-sat,parking,52fbd9d09ab857f808cf97651b16a804e625c3a2,FD-Autotune-1,fd-autotune-1,104,48.0000,0.4615
seq-sat,parking,52fbd9d09ab857f808cf97651b16a804e625c3a2,FDSS-1,fdss-1_seq-sat,86,48.0000,0.5581
seq-sat,parking,52fbd9d09ab857f808cf97651b16a804e625c3a2,FDSS-2,fdss-2_seq-sat,89,48.0000,0.5393
seq-sat,parking,52fbd9d09ab857f808cf97651b16a804e625c3a2,Fork Uniform,forkuniform,70,48.0000,0.6857
seq-sat,parking,52fbd9d09ab857f808cf97651b16a804e625c3a2,LAMA-2008,lama-2008,115,48.0000,0.4174
seq-sat,parking,52fbd9d09ab857f808cf97651b16a804e625c3a2,LAMA-2011,lama-2011,48,48.0000,1.0000
seq-sat,parking,52fbd9d09ab857f808cf97651b16a804e625c3a2,Lamar,lamar,56,48.0000,0.8571
seq-sat,parking,52fbd9d09ab857f808cf97651b16a804e625c3a2,Probe,probe,162,48.0000,0.2963
seq-sat,parking,52fbd9d09ab857f808cf97651b16a804e625c3a2,Randward,randward,109,48.0000,0.4404
seq-sat,parking,52fbd9d09ab857f808cf97651b16a804e625c3a2,Roamer,roamer,70,48.0000,0.6857
seq-sat,parking,65ef299be8f98597115e1d6e7148889142ae6255,Arvand,arvand,62,49.0000,0.7903
seq-sat,parking,65ef299be8f98597115e1d6e7148889142ae6255,BRT,brt,133,49.0000,0.3684
seq-sat,parking,65ef299be8f98597115e1d6e7148889142ae6255,FD-Autotune-1,fd-autotune-1,73,49.0000,0.6712
seq-sat,parking,65ef299be8f98597115e1d6e7148889142ae6255,FD-Autotune-2,fd-autotune-2,49,49.0000,1.0000
seq-sat,parking,65ef299be8f98597115e1d6e7148889142ae6255,FDSS-1,fdss-1_seq-sat,60,49.0000,0.8167
seq-sat,parking,65ef299be8f98597115e1d6e7148889142ae6255,FDSS-2,fdss-2_seq-sat,71,49.0000,0.6901
seq-sat,parking,65ef299be8f98597115e1d6e7148889142ae6255,Fork Uniform,forkuniform,65,49.0000,0.7538
seq-sat,parking,65ef299be8f98597115e1d6e7148889142ae6255,LAMA-2008,lama-2008,106,49.0000,0.4623
seq-sat,parking,65ef299be8f98597115e1d6e7148889142ae6255,LAMA-2011,lama-2011,54,49.0000,0.9074
seq-sat,parking,65ef299be8f98597115e1d6e7148889142ae6255,LPRPG-P,lprpgp,107,49.0000,0.4579
seq-sat,parking,65ef299be8f98597115e1d6e7148889142ae6255,Lamar,lamar,62,49.0000,0.7903
seq-sat,parking,65ef299be8f98597115e1d6e7148889142ae6255,POPF2,popf2_seq-sat,100,49.0000,0.4900
seq-sat,parking,65ef299be8f98597115e1d6e7148889142ae6255,Probe,probe,86,49.0000,0.5698
seq-sat,parking,65ef299be8f98597115e1d6e7148889142ae6255,Randward,randward,62,49.0000,0.7903
seq-sat,parking,65ef299be8f98597115e1d6e7148889142ae6255,Roamer,roamer,51,49.0000,0.9608
seq-sat,parking,65ef299be8f98597115e1d6e7148889142ae6255,YAHSP2,yahsp2_seq-sat,75,49.0000,0.6533
seq-sat,parking,6cfc392136d80a2a9c2a2c6afbe536f3e0b68161,FDSS-1,fdss-1_seq-sat,81,50.0000,0.6173
seq-sat,parking,6cfc392136d80a2a9c2a2c6afbe536f3e0b68161,FDSS-2,fdss-2_seq-sat,80,50.0000,0.6250
seq-sat,parking,6cfc392136d80a2a9c2a2c6afbe536f3e0b68161,LAMA-2008,lama-2008,97,50.0000,0.5155
seq-sat,parking,6cfc392136d80a2a9c2a2c6afbe536f3e0b68161,LAMA-2011,lama-2011,50,50.0000,1.0000
seq-sat,parking,6cfc392136d80a2a9c2a2c6afbe536f3e0b68161,LPRPG-P,lprpgp,114,50.0000,0.4386
seq-sat,parking,6cfc392136d80a2a9c2a2c6afbe536f3e0b68161,Lamar,lamar,80,50.0000,0.6250
seq-sat,parking,6cfc392136d80a2a9c2a2c6afbe536f3e0b68161,Randward,randward,105,50.0000,0.4762
seq-sat,parking,6cfc392136d80a2a9c2a2c6afbe536f3e0b68161,Roamer,roamer,81,50.0000,0.6173
seq-sat,parking,942ab9cb0b5d33742db0b3a2fbee73e79cf721c7,Arvand,arvand,42,42.0000,1.0000
seq-sat,parking,942ab9cb0b5d33742db0b3a2fbee73e79cf721c7,BRT,brt,60,42.0000,0.7000
seq-sat,parking,942ab9cb0b5d33742db0b3a2fbee73e79cf721c7,FD-Autotune-1,fd-autotune-1,45,42.0000,0.9333
seq-sat,parking,942ab9cb0b5d33742db0b3a2fbee73e79cf721c7,FD-Autotune-2,fd-autotune-2,49,42.0000,0.8571
seq-sat,parking,942ab9cb0b5d33742db0b3a2fbee73e79cf721c7,FDSS-1,fdss-1_seq-sat,44,42.0000,0.9545
seq-sat,parking,942ab9cb0b5d33742db0b3a2fbee73e79cf721c7,FDSS-2,fdss-2_seq-sat,43,42.0000,0.9767
seq-sat,parking,942ab9cb0b5d33742db0b3a2fbee73e79cf721c7,Fork Uniform,forkuniform,54,42.0000,0.7778
seq-sat,parking,942ab9cb0b5d33742db0b3a2fbee73e79cf721c7,LAMA-2008,lama-2008,50,42.0000,0.8400
seq-sat,parking,942ab9cb0b5d33742db0b3a2fbee73e79cf721c7,LAMA-2011,lama-2011,68,42.0000,0.6176
seq-sat,parking,942ab9cb0b5d33742db0b3a2fbee73e79cf721c7,LPRPG-P,lprpgp,100,42.0000,0.4200
seq-sat,parking,942ab9cb0b5d33742db0b3a2fbee73e79cf721c7,Lamar,lamar,53,42.0000,0.7925
seq-sat,parking,942ab9cb0b5d33742db0b3a2fbee73e79cf721c7,POPF2,popf2_seq-sat,89,42.0000,0.4719
seq-sat,parking,942ab9cb0b5d33742db0b3a2fbee73e79cf721c7,Probe,probe,129,42.0000,0.3256
seq-sat,parking,942ab9cb0b5d33742db0b3a2fbee73e79cf721c7,Randward,randward,78,42.0000,0.5385
seq-sat,parking,942ab9cb0b5d33742db0b3a2fbee73e79cf721c7,Roamer,roamer,43,42.0000,0.9767
seq-sat,parking,942ab9cb0b5d33742db0b3a2fbee73e79cf721c7,YAHSP2,yahsp2_seq-sat,79,42.0000,0.5316
seq-sat,parking,bc25d8fd33e9bd214ca165c2453410e79d7d58b3,BRT,brt,163,46.0000,0.2822
seq-sat,parking,bc25d8fd33e9bd214ca165c2453410e79d7d58b3,FD-Autotune-1,fd-autotune-1,88,46.0000,0.5227
seq-sat,parking,bc25d8fd33e9bd214ca165c2453410e79d7d58b3,FD-Autotune-2,fd-autotune-2,70,46.0000,0.6571
seq-sat,parking,bc25d8fd33e9bd214ca165c2453410e79d7d58b3,FDSS-1,fdss-1_seq-sat,84,46.0000,0.5476
seq-sat,parking,bc25d8fd33e9bd214ca165c2453410e79d7d58b3,FDSS-2,fdss-2_seq-sat,76,46.0000,0.6053
seq-sat,parking,bc25d8fd33e9bd214ca165c2453410e79d7d58b3,Fork Uniform,forkuniform,62,46.0000,0.7419
seq-sat,parking,bc25d8fd33e9bd214ca165c2453410e79d7d58b3,LAMA-2008,lama-2008,105,46.0000,0.4381
seq-sat,parking,bc25d8fd33e9bd214ca165c2453410e79d7d58b3,LAMA-2011,lama-2011,50,46.0000,0.9200
seq-sat,parking,bc25d8fd33e9bd214ca165c2453410e79d7d58b3,Lamar,lamar,46,46.0000,1.0000
seq-sat,parking,bc25d8fd33e9bd214ca165c2453410e79d7d58b3,Probe,probe,163,46.0000,0.2822
seq-sat,parking,bc25d8fd33e9bd214ca165c2453410e79d7d58b3,Randward,randward,114,46.0000,0.4035
seq-sat,parking,bc25d8fd33e9bd214ca165c2453410e79d7d58b3,Roamer,roamer,53,46.0000,0.8679
seq-sat,parking,bd77f5db67f41e73aedc8b4bf7cf9d5c749fba85,FD-Autotune-1,fd-autotune-1,135,56.0000,0.4148
seq-sat,parking,bd77f5db67f41e73aedc8b4bf7cf9d5c749fba85,FDSS-1,fdss-1_seq-sat,66,56.0000,0.8485
seq-sat,parking,bd77f5db67f41e73aedc8b4bf7cf9d5c749fba85,FDSS-2,fdss-2_seq-sat,56,56.0000,1.0000
seq-sat,parking,bd77f5db67f41e73aedc8b4bf7cf9d5c749fba85,Fork Uniform,forkuniform,80,56.0000,0.7000
seq-sat,parking,bd77f5db67f41e73aedc8b4bf7cf9d5c749fba85,LAMA-2008,lama-2008,114,56.0000,0.4912
seq-sat,parking,bd77f5db67f41e73aedc8b4bf7cf9d5c749fba85,LAMA-2011,lama-2011,90,56.0000,0.6222
seq-sat,parking,bd77f5db67f41e73aedc8b4bf7cf9d5c749fba85,LPRPG-P,lprpgp,118,56.0000,0.4746
seq-sat,parking,bd77f5db67f41e73aedc8b4bf7cf9d5c749fba85,Lamar,lamar,119,56.0000,0.4706
seq-sat,parking,bd77f5db67f41e73aedc8b4bf7cf9d5c749fba85,Probe,probe,202,56.0000,0.2772
seq-sat,parking,bd77f5db67f41e73aedc8b4bf7cf9d5c749fba85,Randward,randward,84,56.0000,0.6667
seq-sat,parking,bd77f5db67f41e73aedc8b4bf7cf9d5c749fba85,Roamer,roamer,111,56.0000,0.5045
seq-sat,parking,bf9695589b5dbcefc4c213f8227a5fc6d19572a0,BRT,brt,318,69.0000,0.2170
seq-sat,parking,bf9695589b5dbcefc4c213f8227a5fc6d19572a0,FD-Autotune-1,fd-autotune-1,80,69.0000,0.8625
seq-sat,parking,bf9695589b5dbcefc4c213f8227a5fc6d19572a0,FDSS-1,fdss-1_seq-sat,79,69.0000,0.8734
seq-sat,parking,bf9695589b5dbcefc4c213f8227a5fc6d19572a0,FDSS-2,fdss-2_seq-sat,91,69.0000,0.7582
seq-sat,parking,bf9695589b5dbcefc4c213f8227a5fc6d19572a0,Fork Uniform,forkuniform,69,69.0000,1.0000
seq-sat,parking,bf9695589b5dbcefc4c213f8227a5fc6d19572a0,LAMA-2008,lama-2008,110,69.0000,0.6273
seq-sat,parking,bf9695589b5dbcefc4c213f8227a5fc6d19572a0,LAMA-2011,lama-2011,69,69.0000,1.0000
seq-sat,parking,bf9695589b5dbcefc4c213f8227a5fc6d19572a0,Lamar,lamar,98,69.0000,0.7041
seq-sat,parking,bf9695589b5dbcefc4c213f8227a5fc6d19572a0,Probe,probe,148,69.0000,0.4662
seq-sat,parking,bf9695589b5dbcefc4c213f8227a5fc6d19572a0,Randward,randward,123,69.0000,0.5610
seq-sat,parking,bf9695589b5dbcefc4c213f8227a5fc6d19572a0,Roamer,roamer,152,69.0000,0.4539
seq-sat,parking,d927266184fb8d5f4583b254b3b0981657179c71,FD-Autotune-1,fd-autotune-1,126,62.0000,0.4921
seq-sat,parking,d927266184fb8d5f4583b254b3b0981657179c71,FDSS-1,fdss-1_seq-sat,69,62.0000,0.8986
seq-sat,parking,d927266184fb8d5f4583b254b3b0981657179c71,FDSS-2,fdss-2_seq-sat,80,62.0000,0.7750
seq-sat,parking,d927266184fb8d5f4583b254b3b0981657179c71,Fork Uniform,forkuniform,71,62.0000,0.8732
seq-sat,parking,d927266184fb8d5f4583b254b3b0981657179c71,LAMA-2008,lama-2008,62,62.0000,1.0000
seq-sat,parking,d927266184fb8d5f4583b254b3b0981657179c71,LAMA-2011,lama-2011,75,62.0000,0.8267
seq-sat,parking,d927266184fb8d5f4583b254b3b0981657179c71,Lamar,lamar,69,62.0000,0.8986
seq-sat,parking,d927266184fb8d5f4583b254b3b0981657179c71,Probe,probe,176,62.0000,0.3523
seq-sat,parking,d927266184fb8d5f4583b254b3b0981657179c71,Randward,randward,118,62.0000,0.5254
seq-sat,parking,d927266184fb8d5f4583b254b3b0981657179c71,Roamer,roamer,63,62.0000,0.9841
seq-sat,parking,e495c052a34691c405a815924e6de47bb2463324,FD-Autotune-1,fd-autotune-1,123,60.0000,0.4878
seq-sat,parking,e495c052a34691c405a815924e6de47bb2463324,FDSS-1,fdss-1_seq-sat,85,60.0000,0.7059
seq-sat,parking,e495c052a34691c405a815924e6de47bb2463324,FDSS-2,fdss-2_seq-sat,85,60.0000,0.7059
seq-sat,parking,e495c052a34691c405a815924e6de47bb2463324,Fork Uniform,forkuniform,79,60.0000,0.7595
seq-sat,parking,e495c052a34691c405a815924e6de47bb2463324,LAMA-2008,lama-2008,74,60.0000,0.8108
seq-sat,parking,e495c052a34691c405a815924e6de47bb2463324,LAMA-2011,lama-2011,77,60.0000,0.7792
seq-sat,parking,e495c052a34691c405a815924e6de47bb2463324,Lamar,lamar,60,60.0000,1.0000
seq-sat,parking,e495c052a34691c405a815924e6de47bb2463324,Probe,probe,113,60.0000,0.5310
seq-sat,parking,e495c052a34691c405a815924e6de47bb2463324,Randward,randward,111,60.0000,0.5405
seq-sat,parking,e495c052a34691c405a815924e6de47bb2463324,Roamer,roamer,79,60.0000,0.7595
seq-sat,parking,f358d5736dd931e22bdf6f689627bf67f8c19931,FD-Autotune-1,fd-autotune-1,153,51.0000,0.3333
seq-sat,parking,f358d5736dd931e22bdf6f689627bf67f8c19931,FD-Autotune-2,fd-autotune-2,74,51.0000,0.6892
seq-sat,parking,f358d5736dd931e22bdf6f689627bf67f8c19931,FDSS-1,fdss-1_seq-sat,81,51.0000,0.6296
seq-sat,parking,f358d5736dd931e22bdf6f689627bf67f8c19931,FDSS-2,fdss-2_seq-sat,51,51.0000,1.0000
seq-sat,parking,f358d5736dd931e22bdf6f689627bf67f8c19931,Fork Uniform,forkuniform,64,51.0000,0.7969
seq-sat,parking,f358d5736dd931e22bdf6f689627bf67f8c19931,LAMA-2008,lama-2008,89,51.0000,0.5730
seq-sat,parking,f358d5736dd931e22bdf6f689627bf67f8c19931,LAMA-2011,lama-2011,51,51.0000,1.0000
seq-sat,parking,f358d5736dd931e22bdf6f689627bf67f8c19931,Lamar,lamar,96,51.0000,0.5312
seq-sat,parking,f358d5736dd931e22bdf6f689627bf67f8c19931,Probe,probe,79,51.0000,0.6456
seq-sat,parking,f358d5736dd931e22bdf6f689627bf67f8c19931,Randward,randward,140,51.0000,0.3643
seq-sat,parking,f358d5736dd931e22bdf6f689627bf67f8c19931,Roamer,roamer,65,51.0000,0.7846
seq-sat,parking,f358d5736dd931e22bdf6f689627bf67f8c19931,YAHSP2,yahsp2_seq-sat,85,51.0000,0.6000
seq-sat,parking,f61b7b77840cb53823c407ea567077bf87097193,BRT,brt,114,42.0000,0.3684
seq-sat,parking,f61b7b77840cb53823c407ea567077bf87097193,FD-Autotune-1,fd-autotune-1,76,42.0000,0.5526
seq-sat,parking,f61b7b77840cb53823c407ea567077bf87097193,FDSS-1,fdss-1_seq-sat,74,42.0000,0.5676
seq-sat,parking,f61b7b77840cb53823c407ea567077bf87097193,FDSS-2,fdss-2_seq-sat,42,42.0000,1.0000
seq-sat,parking,f61b7b77840cb53823c407ea567077bf87097193,Fork Uniform,forkuniform,72,42.0000,0.5833
seq-sat,parking,f61b7b77840cb53823c407ea567077bf87097193,LAMA-2008,lama-2008,49,42.0000,0.8571
seq-sat,parking,f61b7b77840cb53823c407ea567077bf87097193,LAMA-2011,lama-2011,44,42.0000,0.9545
seq-sat,parking,f61b7b77840cb53823c407ea567077bf87097193,Lamar,lamar,53,42.0000,0.7925
seq-sat,parking,f61b7b77840cb53823c407ea567077bf87097193,Probe,probe,149,42.0000,0.2819
seq-sat,parking,f61b7b77840cb53823c407ea567077bf87097193,Randward,randward,80,42.0000,0.5250
seq-sat,parking,f61b7b77840cb53823c407ea567077bf87097193,Roamer,roamer,59,42.0000,0.7119
seq-sat,parking,f61b7b77840cb53823c407ea567077bf87097193,YAHSP2,yahsp2_seq-sat,79,42.0000,0.5316
seq-sat,parking,fb035a18b2e4abeec6312577b812c21111c3e0d2,BRT,brt,67,42.0000,0.6269
seq-sat,parking,fb035a18b2e4abeec6312577b812c21111c3e0d2,FD-Autotune-1,fd-autotune-1,70,42.0000,0.6000
seq-sat,parking,fb035a18b2e4abeec6312577b812c21111c3e0d2,FDSS-1,fdss-1_seq-sat,60,42.0000,0.7000
seq-sat,parking,fb035a18b2e4abeec6312577b812c21111c3e0d2,FDSS-2,fdss-2_seq-sat,50,42.0000,0.8400
seq-sat,parking,fb035a18b2e4abeec6312577b812c21111c3e0d2,Fork Uniform,forkuniform,56,42.0000,0.7500
seq-sat,parking,fb035a18b2e4abeec6312577b812c21111c3e0d2,LAMA-2008,lama-2008,51,42.0000,0.8235
seq-sat,parking,fb035a18b2e4abeec6312577b812c21111c3e0d2,LAMA-2011,lama-2011,42,42.0000,1.0000
seq-sat,parking,fb035a18b2e4abeec6312577b812c21111c3e0d2,LPRPG-P,lprpgp,106,42.0000,0.3962
seq-sat,parking,fb035a18b2e4abeec6312577b812c21111c3e0d2,Lamar,lamar,48,42.0000,0.8750
seq-sat,parking,fb035a18b2e4abeec6312577b812c21111c3e0d2,Probe,probe,81,42.0000,0.5185
seq-sat,parking,fb035a18b2e4abeec6312577b812c21111c3e0d2,Randward,randward,90,42.0000,0.4667
seq-sat,parking,fb035a18b2e4abeec6312577b812c21111c3e0d2,Roamer,roamer,46,42.0000,0.9130
seq-sat,parking,fb035a18b2e4abeec6312577b812c21111c3e0d2,YAHSP2,yahsp2_seq-sat,78,42.0000,0.5385
seq-sat,pegsol,17f91467a9f61c0f3de3c583c35bfbbc4d991097,ACOPlan,acoplan_seq-sat,10,10.0000,1.0000
seq-sat,pegsol,17f91467a9f61c0f3de3c583c35bfbbc4d991097,ACOPlan2,acoplan2,10,10.0000,1.0000
seq-sat,pegsol,17f91467a9f61c0f3de3c583c35bfbbc4d991097,Arvand,arvand,10,10.0000,1.0000
seq-sat,pegsol,17f91467a9f61c0f3de3c583c35bfbbc4d991097,BRT,brt,10,10.0000,1.0000
seq-sat,pegsol,17f91467a9f61c0f3de3c583c35bfbbc4d991097,CBP,cbp,10,10.0000,1.0000
seq-sat,pegsol,17f91467a9f61c0f3de3c583c35bfbbc4d991097,CBP2,cbp2,10,10.0000,1.0000
seq-sat,pegsol,17f91467a9f61c0f3de3c583c35bfbbc4d991097,FD-Autotune-1,fd-autotune-1,10,10.0000,1.0000
seq-sat,pegsol,17f91467a9f61c0f3de3c583c35bfbbc4d991097,FD-Autotune-2,fd-autotune-2,10,10.0000,1.0000
seq-sat,pegsol,17f91467a9f61c0f3de3c583c35bfbbc4d991097,FDSS-1,fdss-1_seq-sat,10,10.0000,1.0000
seq-sat,pegsol,17f91467a9f61c0f3de3c583c35bfbbc4d991097,FDSS-2,fdss-2_seq-sat,13,10.0000,0.7692
seq-sat,pegsol,17f91467a9f61c0f3de3c583c35bfbbc4d991097,Fork Uniform,forkuniform,10,10.0000,1.0000
seq-sat,pegsol,17f91467a9f61c0f3de3c583c35bfbbc4d991097,LAMA-2008,lama-2008,10,10.0000,1.0000
seq-sat,pegsol,17f91467a9f61c0f3de3c583c35bfbbc4d991097,LAMA-2011,lama-2011,10,10.0000,1.0000
seq-sat,pegsol,17f91467a9f61c0f3de3c583c35bfbbc4d991097,LPRPG-P,lprpgp,13,10.0000,0.7692
seq-sat,pegsol,17f91467a9f61c0f3de3c583c35bfbbc4d991097,Lamar,lamar,10,10.0000,1.0000
seq-sat,pegsol,17f91467a9f61c0f3de3c583c35bfbbc4d991097,Madagascar,madagascar_seq-sat,14,10.0000,0.7143
seq-sat,pegsol,17f91467a9f61c0f3de3c583c35bfbbc4d991097,Madagascar-p,madagascar-p_seq-sat,12,10.0000,0.8333
seq-sat,pegsol,17f91467a9f61c0f3de3c583c35bfbbc4d991097,Probe,probe,10,10.0000,1.0000
seq-sat,pegsol,17f91467a9f61c0f3de3c583c35bfbbc4d991097,Randward,randward,10,10.0000,1.0000
seq-sat,pegsol,17f91467a9f61c0f3de3c583c35bfbbc4d991097,Roamer,roamer,10,10.0000,1.0000
seq-sat,pegsol,17f91467a9f61c0f3de3c583c35bfbbc4d991097,Sharaabi,sharaabi_seq-sat,13,10.0000,0.7692
seq-sat,pegsol,17f91467a9f61c0f3de3c583c35bfbbc4d991097,YAHSP2-MT,yahsp2-mt_seq-sat,12,10.0000,0.8333
seq-sat,pegsol,3df6032fafc56f8c5ae5a995a304645c1b900d43,ACOPlan,acoplan_seq-sat,7,7.0000,1.0000
seq-sat,pegsol,3df6032fafc56f8c5ae5a995a304645c1b900d43,ACOPlan2,acoplan2,7,7.0000,1.0000
seq-sat,pegsol,3df6032fafc56f8c5ae5a995a304645c1b900d43,Arvand,arvand,7,7.0000,1.0000
seq-sat,pegsol,3df6032fafc56f8c5ae5a995a304645c1b900d43,CBP,cbp,7,7.0000,1.0000
seq-sat,pegsol,3df6032fafc56f8c5ae5a995a304645c1b900d43,CBP2,cbp2,7,7.0000,1.0000
seq-sat,pegsol,3df6032fafc56f8c5ae5a995a304645c1b900d43,FD-Autotune-1,fd-autotune-1,7,7.0000,1.0000
seq-sat,pegsol,3df6032fafc56f8c5ae5a995a304645c1b900d43,FD-Autotune-2,fd-autotune-2,7,7.0000,1.0000
seq-sat,pegsol,3df6032fafc56f8c5ae5a995a304645c1b900d43,FDSS-1,fdss-1_seq-sat,7,7.0000,1.0000
seq-sat,pegsol,3df6032fafc56f8c5ae5a995a304645c1b900d43,FDSS-2,fdss-2_seq-sat,11,7.0000,0.6364
seq-sat,pegsol,3df6032fafc56f8c5ae5a995a304645c1b900d43,Fork Uniform,forkuniform,7,7.0000,1.0000
seq-sat,pegsol,3df6032fafc56f8c5ae5a995a304645c1b900d43,LAMA-2008,lama-2008,7,7.0000,1.0000
seq-sat,pegsol,3df6032fafc56f8c5ae5a995a304645c1b900d43,LAMA-2011,lama-2011,7,7.0000,1.0000
seq-sat,pegsol,3df6032fafc56f8c5ae5a995a304645c1b900d43,LPRPG-P,lprpgp,12,7.0000,0.5833
seq-sat,pegsol,3df6032fafc56f8c5ae5a995a304645c1b900d43,Lamar,lamar,7,7.0000,1.0000
seq-sat,pegsol,3df6032fafc56f8c5ae5a995a304645c1b900d43,Madagascar,madagascar_seq-sat,11,7.0000,0.6364
seq-sat,pegsol,3df6032fafc56f8c5ae5a995a304645c1b900d43,Madagascar-p,madagascar-p_seq-sat,11,7.0000,0.6364
seq-sat,pegsol,3df6032fafc56f8c5ae5a995a304645c1b900d43,POPF2,popf2_seq-sat,14,7.0000,0.5000
seq-sat,pegsol,3df6032fafc56f8c5ae5a995a304645c1b900d43,Probe,probe,8,7.0000,0.8750
seq-sat,pegsol,3df6032fafc56f8c5ae5a995a304645c1b900d43,Randward,randward,7,7.0000,1.0000
seq-sat,pegsol,3df6032fafc56f8c5ae5a995a304645c1b900d43,Roamer,roamer,7,7.0000,1.0000
seq-sat,pegsol,3df6032fafc56f8c5ae5a995a304645c1b900d43,SATPLANLM-C,satplanlm-c,7,7.0000,1.0000
seq-sat,pegsol,3df6032fafc56f8c5ae5a995a304645c1b900d43,Sharaabi,sharaabi_seq-sat,12,7.0000,0.5833
seq-sat,pegsol,3df6032fafc56f8c5ae5a995a304645c1b900d43,YAHSP2,yahsp2_seq-sat,12,7.0000,0.5833
seq-sat,pegsol,40f967bc95cb53d144dcaff0e0b405c0c8609aca,ACOPlan,acoplan_seq-sat,9,9.0000,1.0000
seq-sat,pegsol,40f967bc95cb53d144dcaff0e0b405c0c8609aca,ACOPlan2,acoplan2,10,9.0000,0.9000
seq-sat,pegsol,40f967bc95cb53d144dcaff0e0b405c0c8609aca,Arvand,arvand,9,9.0000,1.0000
seq-sat,pegsol,40f967bc95cb53d144dcaff0e0b405c0c8609aca,CBP,cbp,13,9.0000,0.6923
seq-sat,pegsol,40f967bc95cb53d144dcaff0e0b405c0c8609aca,CBP2,cbp2,12,9.0000,0.7500
seq-sat,pegsol,40f967bc95cb53d144dcaff0e0b405c0c8609aca,FD-Autotune-1,fd-autotune-1,9,9.0000,1.0000
seq-sat,pegsol,40f967bc95cb53d144dcaff0e0b405c0c8609aca,FD-Autotune-2,fd-autotune-2,9,9.0000,1.0000
seq-sat,pegsol,40f967bc95cb53d144dcaff0e0b405c0c8609aca,FDSS-1,fdss-1_seq-sat,10,9.0000,0.9000
seq-sat,pegsol,40f967bc95cb53d144dcaff0e0b405c0c8609aca,FDSS-2,fdss-2_seq-sat,14,9.0000,0.6429
seq-sat,pegsol,40f967bc95cb53d144dcaff0e0b405c0c8609aca,Fork Uniform,forkuniform,9,9.0000,1.0000
seq-sat,pegsol,40f967bc95cb53d144dcaff0e0b405c0c8609aca,LAMA-2008,lama-2008,10,9.0000,0.9000
seq-sat,pegsol,40f967bc95cb53d144dcaff0e0b405c0c8609aca,LAMA-2011,lama-2011,9,9.0000,1.0000
seq-sat,pegsol,40f967bc95cb53d144dcaff0e0b405c0c8609aca,LPRPG-P,lprpgp,15,9.0000,0.6000
seq-sat,pegsol,40f967bc95cb53d144dcaff0e0b405c0c8609aca,Lamar,lamar,10,9.0000,0.9000
seq-sat,pegsol,40f967bc95cb53d144dcaff0e0b405c0c8609aca,Madagascar,madagascar_seq-sat,11,9.0000,0.8182
seq-sat,pegsol,40f967bc95cb53d144dcaff0e0b405c0c8609aca,Madagascar-p,madagascar-p_seq-sat,16,9.0000,0.5625
seq-sat,pegsol,40f967bc95cb53d144dcaff0e0b405c0c8609aca,POPF2,popf2_seq-sat,15,9.0000,0.6000
seq-sat,pegsol,40f967bc95cb53d144dcaff0e0b405c0c8609aca,Probe,probe,9,9.0000,1.0000
seq-sat,pegsol,40f967bc95cb53d144dcaff0e0b405c0c8609aca,Randward,randward,9,9.0000,1.0000
seq-sat,pegsol,40f967bc95cb53d144dcaff0e0b405c0c8609aca,Roamer,roamer,10,9.0000,0.9000
seq-sat,pegsol,40f967bc95cb53d144dcaff0e0b405c0c8609aca,Sharaabi,sharaabi_seq-sat,17,9.0000,0.5294
seq-sat,pegsol,40f967bc95cb53d144dcaff0e0b405c0c8609aca,YAHSP2-MT,yahsp2-mt_seq-sat,17,9.0000,0.5294
seq-sat,pegsol,58b6e1792e8fd6df8644c358b938d32690c87af7,ACOPlan,acoplan_seq-sat,7,7.0000,1.0000
seq-sat,pegsol,58b6e1792e8fd6df8644c358b938d32690c87af7,ACOPlan2,acoplan2,7,7.0000,1.0000
seq-sat,pegsol,58b6e1792e8fd6df8644c358b938d32690c87af7,Arvand,arvand,7,7.0000,1.0000
seq-sat,pegsol,58b6e1792e8fd6df8644c358b938d32690c87af7,CBP,cbp,7,7.0000,1.0000
seq-sat,pegsol,58b6e1792e8fd6df8644c358b938d32690c87af7,CBP2,cbp2,7,7.0000,1.0000
seq-sat,pegsol,58b6e1792e8fd6df8644c358b938d32690c87af7,FD-Autotune-1,fd-autotune-1,7,7.0000,1.0000
seq-sat,pegsol,58b6e1792e8fd6df8644c358b938d32690c87af7,FD-Autotune-2,fd-autotune-2,7,7.0000,1.0000
seq-sat,pegsol,58b6e1792e8fd6df8644c358b938d32690c87af7,FDSS-1,fdss-1_seq-sat,7,7.0000,1.0000
seq-sat,pegsol,58b6e1792e8fd6df8644c358b938d32690c87af7,FDSS-2,fdss-2_seq-sat,11,7.0000,0.6364
seq-sat,pegsol,58b6e1792e8fd6df8644c358b938d32690c87af7,Fork Uniform,forkuniform,7,7.0000,1.0000
seq-sat,pegsol,58b6e1792e8fd6df8644c358b938d32690c87af7,LAMA-2008,lama-2008,7,7.0000,1.0000
seq-sat,pegsol,58b6e1792e8fd6df8644c358b938d32690c87af7,LAMA-2011,lama-2011,7,7.0000,1.0000
seq-sat,pegsol,58b6e1792e8fd6df8644c358b938d32690c87af7,LPRPG-P,lprpgp,11,7.0000,0.6364
seq-sat,pegsol,58b6e1792e8fd6df8644c358b938d32690c87af7,Lamar,lamar,7,7.0000,1.0000
seq-sat,pegsol,58b6e1792e8fd6df8644c358b938d32690c87af7,Madagascar,madagascar_seq-sat,11,7.0000,0.6364
seq-sat,pegsol,58b6e1792e8fd6df8644c358b938d32690c87af7,Madagascar-p,madagascar-p_seq-sat,11,7.0000,0.6364
seq-sat,pegsol,58b6e1792e8fd6df8644c358b938d32690c87af7,POPF2,popf2_seq-sat,8,7.0000,0.8750
seq-sat,pegsol,58b6e1792e8fd6df8644c358b938d32690c87af7,Probe,probe,7,7.0000,1.0000
seq-sat,pegsol,58b6e1792e8fd6df8644c358b938d32690c87af7,Randward,randward,7,7.0000,1.0000
seq-sat,pegsol,58b6e1792e8fd6df8644c358b938d32690c87af7,SATPLANLM-C,satplanlm-c,7,7.0000,1.0000
seq-sat,pegsol,58b6e1792e8fd6df8644c358b938d32690c87af7,Sharaabi,sharaabi_seq-sat,11,7.0000,0.6364
seq-sat,pegsol,58b6e1792e8fd6df8644c358b938d32690c87af7,YAHSP2-MT,yahsp2-mt_seq-sat,12,7.0000,0.5833
seq-sat,pegsol,5c95a9d5293e7f0669e5fb63710d9aed907e4f44,ACOPlan,acoplan_seq-sat,8,8.0000,1.0000
seq-sat,pegsol,5c95a9d5293e7f0669e5fb63710d9aed907e4f44,ACOPlan2,acoplan2,8,8.0000,1.0000
seq-sat,pegsol,5c95a9d5293e7f0669e5fb63710d9aed907e4f44,Arvand,arvand,8,8.0000,1.0000
seq-sat,pegsol,5c95a9d5293e7f0669e5fb63710d9aed907e4f44,CBP,cbp,9,8.0000,0.8889
seq-sat,pegsol,5c95a9d5293e7f0669e5fb63710d9aed907e4f44,CBP2,cbp2,9,8.0000,0.8889
seq-sat,pegsol,5c95a9d5293e7f0669e5fb63710d9aed907e4f44,FD-Autotune-1,fd-autotune-1,8,8.0000,1.0000
seq-sat,pegsol,5c95a9d5293e7f0669e5fb63710d9aed907e4f44,FD-Autotune-2,fd-autotune-2,8,8.0000,1.0000
seq-sat,pegsol,5c95a9d5293e7f0669e5fb63710d9aed907e4f44,FDSS-1,fdss-1_seq-sat,9,8.0000,0.8889
seq-sat,pegsol,5c95a9d5293e7f0669e5fb63710d9aed907e4f44,FDSS-2,fdss-2_seq-sat,13,8.0000,0.6154
seq-sat,pegsol,5c95a9d5293e7f0669e5fb63710d9aed907e4f44,Fork Uniform,forkuniform,8,8.0000,1.0000
seq-sat,pegsol,5c95a9d5293e7f0669e5fb63710d9aed907e4f44,LAMA-2008,lama-2008,8,8.0000,1.0000
seq-sat,pegsol,5c95a9d5293e7f0669e5fb63710d9aed907e4f44,LAMA-2011,lama-2011,8,8.0000,1.0000
seq-sat,pegsol,5c95a9d5293e7f0669e5fb63710d9aed907e4f44,LPRPG-P,lprpgp,15,8.0000,0.5333
seq-sat,pegsol,5c95a9d5293e7f0669e5fb63710d9aed907e4f44,Lamar,lamar,8,8.0000,1.0000
seq-sat,pegsol,5c95a9d5293e7f0669e5fb63710d9aed907e4f44,Madagascar,madagascar_seq-sat,13,8.0000,0.6154
seq-sat,pegsol,5c95a9d5293e7f0669e5fb63710d9aed907e4f44,Madagascar-p,madagascar-p_seq-sat,13,8.0000,0.6154
seq-sat,pegsol,5c95a9d5293e7f0669e5fb63710d9aed907e4f44,Probe,probe,8,8.0000,1.0000
seq-sat,pegsol,5c95a9d5293e7f0669e5fb63710d9aed907e4f44,Randward,randward,8,8.0000,1.0000
seq-sat,pegsol,5c95a9d5293e7f0669e5fb63710d9aed907e4f44,Roamer,roamer,8,8.0000,1.0000
seq-sat,pegsol,5c95a9d5293e7f0669e5fb63710d9aed907e4f44,Sharaabi,sharaabi_seq-sat,15,8.0000,0.5333
seq-sat,pegsol,5c95a9d5293e7f0669e5fb63710d9aed907e4f44,YAHSP2,yahsp2_seq-sat,14,8.0000,0.5714
seq-sat,pegsol,611b2ba4121eccf031b34a46bf3dd1e58f801813,Arvand,arvand,12,12.0000,1.0000
seq-sat,pegsol,611b2ba4121eccf031b34a46bf3dd1e58f801813,FD-Autotune-1,fd-autotune-1,12,12.0000,1.0000
seq-sat,pegsol,611b2ba4121eccf031b34a46bf3dd1e58f801813,FD-Autotune-2,fd-autotune-2,12,12.0000,1.0000
seq-sat,pegsol,611b2ba4121eccf031b34a46bf3dd1e58f801813,FDSS-1,fdss-1_seq-sat,14,12.0000,0.8571
seq-sat,pegsol,611b2ba4121eccf031b34a46bf3dd1e58f801813,FDSS-2,fdss-2_seq-sat,13,12.0000,0.9231
seq-sat,pegsol,611b2ba4121eccf031b34a46bf3dd1e58f801813,Fork Uniform,forkuniform,12,12.0000,1.0000
seq-sat,pegsol,611b2ba4121eccf031b34a46bf3dd1e58f801813,LAMA-2008,lama-2008,14,12.0000,0.8571
seq-sat,pegsol,611b2ba4121eccf031b34a46bf3dd1e58f801813,LAMA-2011,lama-2011,12,12.0000,1.0000
seq-sat,pegsol,611b2ba4121eccf031b34a46bf3dd1e58f801813,LPRPG-P,lprpgp,23,12.0000,0.5217
seq-sat,pegsol,611b2ba4121eccf031b34a46bf3dd1e58f801813,Lamar,lamar,14,12.0000,0.8571
seq-sat,pegsol,611b2ba4121eccf031b34a46bf3dd1e58f801813,Madagascar-p,madagascar-p_seq-sat,24,12.0000,0.5000
seq-sat,pegsol,611b2ba4121eccf031b34a46bf3dd1e58f801813,Probe,probe,20,12.0000,0.6000
seq-sat,pegsol,611b2ba4121eccf031b34a46bf3dd1e58f801813,Randward,randward,12,12.0000,1.0000
seq-sat,pegsol,611b2ba4121eccf031b34a46bf3dd1e58f801813,Roamer,roamer,13,12.0000,0.9231
seq-sat,pegsol,611b2ba4121eccf031b34a46bf3dd1e58f801813,Sharaabi,sharaabi_seq-sat,18,12.0000,0.6667
seq-sat,pegsol,611b2ba4121eccf031b34a46bf3dd1e58f801813,YAHSP2,yahsp2_seq-sat,21,12.0000,0.5714
seq-sat,pegsol,611b2ba4121eccf031b34a46bf3dd1e58f801813,YAHSP2-MT,yahsp2-mt_seq-sat,19,12.0000,0.6316
seq-sat,pegsol,73f7e7b194d3261994ff12725dd983b24748cea4,ACOPlan,acoplan_seq-sat,11,11.0000,1.0000
seq-sat,pegsol,73f7e7b194d3261994ff12725dd983b24748cea4,ACOPlan2,acoplan2,11,11.0000,1.0000
seq-sat,pegsol,73f7e7b194d3261994ff12725dd983b24748cea4,Arvand,arvand,11,11.0000,1.0000
seq-sat,pegsol,73f7e7b194d3261994ff12725dd983b24748cea4,CBP,cbp,11,11.0000,1.0000
seq-sat,pegsol,73f7e7b194d3261994ff12725dd983b24748cea4,CBP2,cbp2,11,11.0000,1.0000
seq-sat,pegsol,73f7e7b194d3261994ff12725dd983b24748cea4,DAE-YAHSP,dae_yahsp_seq-sat,11,11.0000,1.0000
seq-sat,pegsol,73f7e7b194d3261994ff12725dd983b24748cea4,FD-Autotune-1,fd-autotune-1,11,11.0000,1.0000
seq-sat,pegsol,73f7e7b194d3261994ff12725dd983b24748cea4,FD-Autotune-2,fd-autotune-2,11,11.0000,1.0000
seq-sat,pegsol,73f7e7b194d3261994ff12725dd983b24748cea4,FDSS-1,fdss-1_seq-sat,11,11.0000,1.0000
seq-sat,pegsol,73f7e7b194d3261994ff12725dd983b24748cea4,FDSS-2,fdss-2_seq-sat,14,11.0000,0.7857
seq-sat,pegsol,73f7e7b194d3261994ff12725dd983b24748cea4,Fork Uniform,forkuniform,11,11.0000,1.0000
seq-sat,pegsol,73f7e7b194d3261994ff12725dd983b24748cea4,LAMA-2008,lama-2008,11,11.0000,1.0000
seq-sat,pegsol,73f7e7b194d3261994ff12725dd983b24748cea4,LAMA-2011,lama-2011,11,11.0000,1.0000
seq-sat,pegsol,73f7e7b194d3261994ff12725dd983b24748cea4,LPRPG-P,lprpgp,11,11.0000,1.0000
seq-sat,pegsol,73f7e7b194d3261994ff12725dd983b24748cea4,Lamar,lamar,11,11.0000,1.0000
seq-sat,pegsol,73f7e7b194d3261994ff12725dd983b24748cea4,Madagascar,madagascar_seq-sat,12,11.0000,0.9167
seq-sat,pegsol,73f7e7b194d3261994ff12725dd983b24748cea4,Madagascar-p,madagascar-p_seq-sat,13,11.0000,0.8462
seq-sat,pegsol,73f7e7b194d3261994ff12725dd983b24748cea4,POPF2,popf2_seq-sat,11,11.0000,1.0000
seq-sat,pegsol,73f7e7b194d3261994ff12725dd983b24748cea4,Probe,probe,11,11.0000,1.0000
seq-sat,pegsol,73f7e7b194d3261994ff12725dd983b24748cea4,Randward,randward,11,11.0000,1.0000
seq-sat,pegsol,73f7e7b194d3261994ff12725dd983b24748cea4,Roamer,roamer,11,11.0000,1.0000
seq-sat,pegsol,73f7e7b194d3261994ff12725dd983b24748cea4,SATPLANLM-C,satplanlm-c,11,11.0000,1.0000
seq-sat,pegsol,73f7e7b194d3261994ff12725dd983b24748cea4,Sharaabi,sharaabi_seq-sat,14,11.0000,0.7857
seq-sat,pegsol,73f7e7b194d3261994ff12725dd983b24748cea4,YAHSP2,yahsp2_seq-sat,12,11.0000,0.9167
seq-sat,pegsol,73f7e7b194d3261994ff12725dd983b24748cea4,YAHSP2-MT,yahsp2-mt_seq-sat,11,11.0000,1.0000
seq-sat,pegsol,8365838fba8fda9885fda372bfeeb8e879032aa2,ACOPlan,acoplan_seq-sat,7,7.0000,1.0000
seq-sat,pegsol,8365838fba8fda9885fda372bfeeb8e879032aa2,ACOPlan2,acoplan2,7,7.0000,1.0000
seq-sat,pegsol,8365838fba8fda9885fda372bfeeb8e879032aa2,Arvand,arvand,7,7.0000,1.0000
seq-sat,pegsol,8365838fba8fda9885fda372bfeeb8e879032aa2,BRT,brt,7,7.0000,1.0000
seq-sat,pegsol,8365838fba8fda9885fda372bfeeb8e879032aa2,CBP,cbp,7,7.0000,1.0000
seq-sat,pegsol,8365838fba8fda9885fda372bfeeb8e879032aa2,CBP2,cbp2,7,7.0000,1.0000
seq-sat,pegsol,8365838fba8fda9885fda372bfeeb8e879032aa2,FD-Autotune-1,fd-autotune-1,7,7.0000,1.0000
seq-sat,pegsol,8365838fba8fda9885fda372bfeeb8e879032aa2,FD-Autotune-2,fd-autotune-2,7,7.0000,1.0000
seq-sat,pegsol,8365838fba8fda9885fda372bfeeb8e879032aa2,FDSS-1,fdss-1_seq-sat,7,7.0000,1.0000
seq-sat,pegsol,8365838fba8fda9885fda372bfeeb8e879032aa2,FDSS-2,fdss-2_seq-sat,10,7.0000,0.7000
seq-sat,pegsol,8365838fba8fda9885fda372bfeeb8e879032aa2,Fork Uniform,forkuniform,7,7.0000,1.0000
seq-sat,pegsol,8365838fba8fda9885fda372bfeeb8e879032aa2,LAMA-2008,lama-2008,7,7.0000,1.0000
seq-sat,pegsol,8365838fba8fda9885fda372bfeeb8e879032aa2,LAMA-2011,lama-2011,7,7.0000,1.0000
seq-sat,pegsol,8365838fba8fda9885fda372bfeeb8e879032aa2,LPRPG-P,lprpgp,13,7.0000,0.5385
seq-sat,pegsol,8365838fba8fda9885fda372bfeeb8e879032aa2,Lamar,lamar,7,7.0000,1.0000
seq-sat,pegsol,8365838fba8fda9885fda372bfeeb8e879032aa2,Madagascar,madagascar_seq-sat,11,7.0000,0.6364
seq-sat,pegsol,8365838fba8fda9885fda372bfeeb8e879032aa2,Madagascar-p,madagascar-p_seq-sat,11,7.0000,0.6364
seq-sat,pegsol,8365838fba8fda9885fda372bfeeb8e879032aa2,Probe,probe,7,7.0000,1.0000
seq-sat,pegsol,8365838fba8fda9885fda372bfeeb8e879032aa2,Randward,randward,7,7.0000,1.0000
seq-sat,pegsol,8365838fba8fda9885fda372bfeeb8e879032aa2,Roamer,roamer,7,7.0000,1.0000
seq-sat,pegsol,8365838fba8fda9885fda372bfeeb8e879032aa2,SATPLANLM-C,satplanlm-c,7,7.0000,1.0000
seq-sat,pegsol,8365838fba8fda9885fda372bfeeb8e879032aa2,Sharaabi,sharaabi_seq-sat,13,7.0000,0.5385
seq-sat,pegsol,877a9e313ac49f0cf72a491e218e89a06d869462,Arvand,arvand,19,19.0000,1.0000
seq-sat,pegsol,877a9e313ac49f0cf72a491e218e89a06d869462,BRT,brt,28,19.0000,0.6786
seq-sat,pegsol,877a9e313ac49f0cf72a491e218e89a06d869462,FD-Autotune-1,fd-autotune-1,27,19.0000,0.7037
seq-sat,pegsol,877a9e313ac49f0cf72a491e218e89a06d869462,FD-Autotune-2,fd-autotune-2,20,19.0000,0.9500
seq-sat,pegsol,877a9e313ac49f0cf72a491e218e89a06d869462,FDSS-1,fdss-1_seq-sat,23,19.0000,0.8261
seq-sat,pegsol,877a9e313ac49f0cf72a491e218e89a06d869462,FDSS-2,fdss-2_seq-sat,25,19.0000,0.7600
seq-sat,pegsol,877a9e313ac49f0cf72a491e218e89a06d869462,Fork Uniform,forkuniform,21,19.0000,0.9048
seq-sat,pegsol,877a9e313ac49f0cf72a491e218e89a06d869462,LAMA-2008,lama-2008,22,19.0000,0.8636
seq-sat,pegsol,877a9e313ac49f0cf72a491e218e89a06d869462,LAMA-2011,lama-2011,19,19.0000,1.0000
seq-sat,pegsol,877a9e313ac49f0cf72a491e218e89a06d869462,LPRPG-P,lprpgp,28,19.0000,0.6786
seq-sat,pegsol,877a9e313ac49f0cf72a491e218e89a06d869462,Lamar,lamar,25,19.0000,0.7600
seq-sat,pegsol,877a9e313ac49f0cf72a491e218e89a06d869462,Madagascar-p,madagascar-p_seq-sat,26,19.0000,0.7308
seq-sat,pegsol,877a9e313ac49f0cf72a491e218e89a06d869462,Probe,probe,30,19.0000,0.6333
seq-sat,pegsol,877a9e313ac49f0cf72a491e218e89a06d869462,Randward,randward,26,19.0000,0.7308
seq-sat,pegsol,877a9e313ac49f0cf72a491e218e89a06d869462,YAHSP2,yahsp2_seq-sat,26,19.0000,0.7308
seq-sat,pegsol,877a9e313ac49f0cf72a491e218e89a06d869462,YAHSP2-MT,yahsp2-mt_seq-sat,25,19.0000,0.7600
seq-sat,pegsol,ac60b6bd463edb539045ce5dc13e114addebeafa,ACOPlan,acoplan_seq-sat,8,8.0000,1.0000
seq-sat,pegsol,ac60b6bd463edb539045ce5dc13e114addebeafa,ACOPlan2,acoplan2,8,8.0000,1.0000
seq-sat,pegsol,ac60b6bd463edb539045ce5dc13e114addebeafa,Arvand,arvand,8,8.0000,1.0000
seq-sat,pegsol,ac60b6bd463edb539045ce5dc13e114addebeafa,BRT,brt,8,8.0000,1.0000
seq-sat,pegsol,ac60b6bd463edb539045ce5dc13e114addebeafa,CBP,cbp,8,8.0000,1.0000
seq-sat,pegsol,ac60b6bd463edb539045ce5dc13e114addebeafa,CBP2,cbp2,8,8.0000,1.0000
seq-sat,pegsol,ac60b6bd463edb539045ce5dc13e114addebeafa,FD-Autotune-1,fd-autotune-1,8,8.0000,1.0000
seq-sat,pegsol,ac60b6bd463edb539045ce5dc13e114addebeafa,FD-Autotune-2,fd-autotune-2,8,8.0000,1.0000
seq-sat,pegsol,ac60b6bd463edb539045ce5dc13e114addebeafa,FDSS-1,fdss-1_seq-sat,8,8.0000,1.0000
seq-sat,pegsol,ac60b6bd463edb539045ce5dc13e114addebeafa,FDSS-2,fdss-2_seq-sat,11,8.0000,0.7273
seq-sat,pegsol,ac60b6bd463edb539045ce5dc13e114addebeafa,Fork Uniform,forkuniform,8,8.0000,1.0000
seq-sat,pegsol,ac60b6bd463edb539045ce5dc13e114addebeafa,LAMA-2008,lama-2008,8,8.0000,1.0000
seq-sat,pegsol,ac60b6bd463edb539045ce5dc13e114addebeafa,LAMA-2011,lama-2011,8,8.0000,1.0000
seq-sat,pegsol,ac60b6bd463edb539045ce5dc13e114addebeafa,LPRPG-P,lprpgp,13,8.0000,0.6154
seq-sat,pegsol,ac60b6bd463edb539045ce5dc13e114addebeafa,Lamar,lamar,8,8.0000,1.0000
seq-sat,pegsol,ac60b6bd463edb539045ce5dc13e114addebeafa,Madagascar,madagascar_seq-sat,12,8.0000,0.6667
seq-sat,pegsol,ac60b6bd463edb539045ce5dc13e114addebeafa,Madagascar-p,madagascar-p_seq-sat,12,8.0000,0.6667
seq-sat,pegsol,ac60b6bd463edb539045ce5dc13e114addebeafa,Probe,probe,8,8.0000,1.0000
seq-sat,pegsol,ac60b6bd463edb539045ce5dc13e114addebeafa,Randward,randward,8,8.0000,1.0000
seq-sat,pegsol,ac60b6bd463edb539045ce5dc13e114addebeafa,Roamer,roamer,8,8.0000,1.0000
seq-sat,pegsol,ac60b6bd463edb539045ce5dc13e114addebeafa,Sharaabi,sharaabi_seq-sat,14,8.0000,0.5714
seq-sat,pegsol,ac60b6bd463edb539045ce5dc13e114addebeafa,YAHSP2,yahsp2_seq-sat,13,8.0000,0.6154
seq-sat,pegsol,ad21887bacd8674d916daf137533a01d29a1bf45,ACOPlan,acoplan_seq-sat,7,7.0000,1.0000
seq-sat,pegsol,ad21887bacd8674d916daf137533a01d29a1bf45,ACOPlan2,acoplan2,7,7.0000,1.0000
seq-sat,pegsol,ad21887bacd8674d916daf137533a01d29a1bf45,Arvand,arvand,7,7.0000,1.0000
seq-sat,pegsol,ad21887bacd8674d916daf137533a01d29a1bf45,BRT,brt,7,7.0000,1.0000
seq-sat,pegsol,ad21887bacd8674d916daf137533a01d29a1bf45,CBP,cbp,7,7.0000,1.0000
seq-sat,pegsol,ad21887bacd8674d916daf137533a01d29a1bf45,CBP2,cbp2,7,7.0000,1.0000
seq-sat,pegsol,ad21887bacd8674d916daf137533a01d29a1bf45,FD-Autotune-1,fd-autotune-1,7,7.0000,1.0000
seq-sat,pegsol,ad21887bacd8674d916daf137533a01d29a1bf45,FD-Autotune-2,fd-autotune-2,7,7.0000,1.0000
seq-sat,pegsol,ad21887bacd8674d916daf137533a01d29a1bf45,FDSS-1,fdss-1_seq-sat,10,7.0000,0.7000
seq-sat,pegsol,ad21887bacd8674d916daf137533a01d29a1bf45,FDSS-2,fdss-2_seq-sat,13,7.0000,0.5385
seq-sat,pegsol,ad21887bacd8674d916daf137533a01d29a1bf45,Fork Uniform,forkuniform,7,7.0000,1.0000
seq-sat,pegsol,ad21887bacd8674d916daf137533a01d29a1bf45,LAMA-2008,lama-2008,7,7.0000,1.0000
seq-sat,pegsol,ad21887bacd8674d916daf137533a01d29a1bf45,LAMA-2011,lama-2011,7,7.0000,1.0000
seq-sat,pegsol,ad21887bacd8674d916daf137533a01d29a1bf45,LPRPG-P,lprpgp,20,7.0000,0.3500
seq-sat,pegsol,ad21887bacd8674d916daf137533a01d29a1bf45,Lamar,lamar,7,7.0000,1.0000
seq-sat,pegsol,ad21887bacd8674d916daf137533a01d29a1bf45,Madagascar,madagascar_seq-sat,20,7.0000,0.3500
seq-sat,pegsol,ad21887bacd8674d916daf137533a01d29a1bf45,Madagascar-p,madagascar-p_seq-sat,13,7.0000,0.5385
seq-sat,pegsol,ad21887bacd8674d916daf137533a01d29a1bf45,Probe,probe,7,7.0000,1.0000
seq-sat,pegsol,ad21887bacd8674d916daf137533a01d29a1bf45,Randward,randward,7,7.0000,1.0000
seq-sat,pegsol,ad21887bacd8674d916daf137533a01d29a1bf45,Roamer,roamer,7,7.0000,1.0000
seq-sat,pegsol,ad21887bacd8674d916daf137533a01d29a1bf45,Sharaabi,sharaabi_seq-sat,20,7.0000,0.3500
seq-sat,pegsol,b24f7ce4fbd3911368b43e72c0b06008769f2f90,ACOPlan,acoplan_seq-sat,8,8.0000,1.0000
seq-sat,pegsol,b24f7ce4fbd3911368b43e72c0b06008769f2f90,ACOPlan2,acoplan2,8,8.0000,1.0000
seq-sat,pegsol,b24f7ce4fbd3911368b43e72c0b06008769f2f90,Arvand,arvand,8,8.0000,1.0000
seq-sat,pegsol,b24f7ce4fbd3911368b43e72c0b06008769f2f90,BRT,brt,8,8.0000,1.0000
seq-sat,pegsol,b24f7ce4fbd3911368b43e72c0b06008769f2f90,CBP,cbp,8,8.0000,1.0000
seq-sat,pegsol,b24f7ce4fbd3911368b43e72c0b06008769f2f90,CBP2,cbp2,8,8.0000,1.0000
seq-sat,pegsol,b24f7ce4fbd3911368b43e72c0b06008769f2f90,FD-Autotune-1,fd-autotune-1,8,8.0000,1.0000
seq-sat,pegsol,b24f7ce4fbd3911368b43e72c0b06008769f2f90,FD-Autotune-2,fd-autotune-2,8,8.0000,1.0000
seq-sat,pegsol,b24f7ce4fbd3911368b43e72c0b06008769f2f90,FDSS-1,fdss-1_seq-sat,9,8.0000,0.8889
seq-sat,pegsol,b24f7ce4fbd3911368b43e72c0b06008769f2f90,FDSS-2,fdss-2_seq-sat,11,8.0000,0.7273
seq-sat,pegsol,b24f7ce4fbd3911368b43e72c0b06008769f2f90,Fork Uniform,forkuniform,8,8.0000,1.0000
seq-sat,pegsol,b24f7ce4fbd3911368b43e72c0b06008769f2f90,LAMA-2008,lama-2008,8,8.0000,1.0000
seq-sat,pegsol,b24f7ce4fbd3911368b43e72c0b06008769f2f90,LAMA-2011,lama-2011,8,8.0000,1.0000
seq-sat,pegsol,b24f7ce4fbd3911368b43e72c0b06008769f2f90,LPRPG-P,lprpgp,13,8.0000,0.6154
seq-sat,pegsol,b24f7ce4fbd3911368b43e72c0b06008769f2f90,Lamar,lamar,8,8.0000,1.0000
seq-sat,pegsol,b24f7ce4fbd3911368b43e72c0b06008769f2f90,Madagascar,madagascar_seq-sat,14,8.0000,0.5714
seq-sat,pegsol,b24f7ce4fbd3911368b43e72c0b06008769f2f90,Madagascar-p,madagascar-p_seq-sat,14,8.0000,0.5714
seq-sat,pegsol,b24f7ce4fbd3911368b43e72c0b06008769f2f90,POPF2,popf2_seq-sat,15,8.0000,0.5333
seq-sat,pegsol,b24f7ce4fbd3911368b43e72c0b06008769f2f90,Probe,probe,8,8.0000,1.0000
seq-sat,pegsol,b24f7ce4fbd3911368b43e72c0b06008769f2f90,Randward,randward,8,8.0000,1.0000
seq-sat,pegsol,b24f7ce4fbd3911368b43e72c0b06008769f2f90,Roamer,roamer,8,8.0000,1.0000
seq-sat,pegsol,b24f7ce4fbd3911368b43e72c0b06008769f2f90,Sharaabi,sharaabi_seq-sat,14,8.0000,0.5714
seq-sat,pegsol,b24f7ce4fbd3911368b43e72c0b06008769f2f90,YAHSP2,yahsp2_seq-sat,12,8.0000,0.6667
seq-sat,pegsol,b24f7ce4fbd3911368b43e72c0b06008769f2f90,YAHSP2-MT,yahsp2-mt_seq-sat,12,8.0000,0.6667
seq-sat,pegsol,bc35a4dc7fa1589357eee9855203d7b42ef1c9f0,ACOPlan,acoplan_seq-sat,12,12.0000,1.0000
seq-sat,pegsol,bc35a4dc7fa1589357eee9855203d7b42ef1c9f0,ACOPlan2,acoplan2,12,12.0000,1.0000
seq-sat,pegsol,bc35a4dc7fa1589357eee9855203d7b42ef1c9f0,Arvand,arvand,12,12.0000,1.0000
seq-sat,pegsol,bc35a4dc7fa1589357eee9855203d7b42ef1c9f0,BRT,brt,12,12.0000,1.0000
seq-sat,pegsol,bc35a4dc7fa1589357eee9855203d7b42ef1c9f0,CBP,cbp,12,12.0000,1.0000
seq-sat,pegsol,bc35a4dc7fa1589357eee9855203d7b42ef1c9f0,CBP2,cbp2,12,12.0000,1.0000
seq-sat,pegsol,bc35a4dc7fa1589357eee9855203d7b42ef1c9f0,CPT4,cpt4_seq-sat,12,12.0000,1.0000
seq-sat,pegsol,bc35a4dc7fa1589357eee9855203d7b42ef1c9f0,DAE-YAHSP,dae_yahsp_seq-sat,12,12.0000,1.0000
seq-sat,pegsol,bc35a4dc7fa1589357eee9855203d7b42ef1c9f0,FD-Autotune-1,fd-autotune-1,12,12.0000,1.0000
seq-sat,pegsol,bc35a4dc7fa1589357eee9855203d7b42ef1c9f0,FD-Autotune-2,fd-autotune-2,12,12.0000,1.0000
seq-sat,pegsol,bc35a4dc7fa1589357eee9855203d7b42ef1c9f0,FDSS-1,fdss-1_seq-sat,12,12.0000,1.0000
seq-sat,pegsol,bc35a4dc7fa1589357eee9855203d7b42ef1c9f0,FDSS-2,fdss-2_seq-sat,13,12.0000,0.9231
seq-sat,pegsol,bc35a4dc7fa1589357eee9855203d7b42ef1c9f0,Fork Uniform,forkuniform,12,12.0000,1.0000
seq-sat,pegsol,bc35a4dc7fa1589357eee9855203d7b42ef1c9f0,LAMA-2008,lama-2008,12,12.0000,1.0000
seq-sat,pegsol,bc35a4dc7fa1589357eee9855203d7b42ef1c9f0,LAMA-2011,lama-2011,12,12.0000,1.0000
seq-sat,pegsol,bc35a4dc7fa1589357eee9855203d7b42ef1c9f0,LPRPG-P,lprpgp,14,12.0000,0.8571
seq-sat,pegsol,bc35a4dc7fa1589357eee9855203d7b42ef1c9f0,Lamar,lamar,12,12.0000,1.0000
seq-sat,pegsol,bc35a4dc7fa1589357eee9855203d7b42ef1c9f0,Madagascar,madagascar_seq-sat,14,12.0000,0.8571
seq-sat,pegsol,bc35a4dc7fa1589357eee9855203d7b42ef1c9f0,Madagascar-p,madagascar-p_seq-sat,14,12.0000,0.8571
seq-sat,pegsol,bc35a4dc7fa1589357eee9855203d7b42ef1c9f0,POPF2,popf2_seq-sat,13,12.0000,0.9231
seq-sat,pegsol,bc35a4dc7fa1589357eee9855203d7b42ef1c9f0,Probe,probe,12,12.0000,1.0000
seq-sat,pegsol,bc35a4dc7fa1589357eee9855203d7b42ef1c9f0,Randward,randward,12,12.0000,1.0000
seq-sat,pegsol,bc35a4dc7fa1589357eee9855203d7b42ef1c9f0,Roamer,roamer,12,12.0000,1.0000
seq-sat,pegsol,bc35a4dc7fa1589357eee9855203d7b42ef1c9f0,SATPLANLM-C,satplanlm-c,12,12.0000,1.0000
seq-sat,pegsol,bc35a4dc7fa1589357eee9855203d7b42ef1c9f0,Sharaabi,sharaabi_seq-sat,14,12.0000,0.8571
seq-sat,pegsol,bc35a4dc7fa1589357eee9855203d7b42ef1c9f0,YAHSP2,yahsp2_seq-sat,14,12.0000,0.8571
seq-sat,pegsol,bc35a4dc7fa1589357eee9855203d7b42ef1c9f0,YAHSP2-MT,yahsp2-mt_seq-sat,14,12.0000,0.8571
seq-sat,pegsol,bd56eb44636cbdc7b33f6fb04e98f30f9b763d56,ACOPlan,acoplan_seq-sat,9,9.0000,1.0000
seq-sat,pegsol,bd56eb44636cbdc7b33f6fb04e98f30f9b763d56,ACOPlan2,acoplan2,9,9.0000,1.0000
seq-sat,pegsol,bd56eb44636cbdc7b33f6fb04e98f30f9b763d56,Arvand,arvand,9,9.0000,1.0000
seq-sat,pegsol,bd56eb44636cbdc7b33f6fb04e98f30f9b763d56,BRT,brt,9,9.0000,1.0000
seq-sat,pegsol,bd56eb44636cbdc7b33f6fb04e98f30f9b763d56,CBP,cbp,9,9.0000,1.0000
seq-sat,pegsol,bd56eb44636cbdc7b33f6fb04e98f30f9b763d56,CBP2,cbp2,9,9.0000,1.0000
seq-sat,pegsol,bd56eb44636cbdc7b33f6fb04e98f30f9b763d56,FD-Autotune-1,fd-autotune-1,9,9.0000,1.0000
seq-sat,pegsol,bd56eb44636cbdc7b33f6fb04e98f30f9b763d56,FD-Autotune-2,fd-autotune-2,9,9.0000,1.0000
seq-sat,pegsol,bd56eb44636cbdc7b33f6fb04e98f30f9b763d56,FDSS-1,fdss-1_seq-sat,9,9.0000,1.0000
seq-sat,pegsol,bd56eb44636cbdc7b33f6fb04e98f30f9b763d56,FDSS-2,fdss-2_seq-sat,12,9.0000,0.7500
seq-sat,pegsol,bd56eb44636cbdc7b33f6fb04e98f30f9b763d56,Fork Uniform,forkuniform,9,9.0000,1.0000
seq-sat,pegsol,bd56eb44636cbdc7b33f6fb04e98f30f9b763d56,LAMA-2008,lama-2008,9,9.0000,1.0000
seq-sat,pegsol,bd56eb44636cbdc7b33f6fb04e98f30f9b763d56,LAMA-2011,lama-2011,9,9.0000,1.0000
seq-sat,pegsol,bd56eb44636cbdc7b33f6fb04e98f30f9b763d56,LPRPG-P,lprpgp,14,9.0000,0.6429
seq-sat,pegsol,bd56eb44636cbdc7b33f6fb04e98f30f9b763d56,Lamar,lamar,9,9.0000,1.0000
seq-sat,pegsol,bd56eb44636cbdc7b33f6fb04e98f30f9b763d56,Madagascar,madagascar_seq-sat,13,9.0000,0.6923
seq-sat,pegsol,bd56eb44636cbdc7b33f6fb04e98f30f9b763d56,Madagascar-p,madagascar-p_seq-sat,12,9.0000,0.7500
seq-sat,pegsol,bd56eb44636cbdc7b33f6fb04e98f30f9b763d56,POPF2,popf2_seq-sat,11,9.0000,0.8182
seq-sat,pegsol,bd56eb44636cbdc7b33f6fb04e98f30f9b763d56,Probe,probe,9,9.0000,1.0000
seq-sat,pegsol,bd56eb44636cbdc7b33f6fb04e98f30f9b763d56,Randward,randward,9,9.0000,1.0000
seq-sat,pegsol,bd56eb44636cbdc7b33f6fb04e98f30f9b763d56,Roamer,roamer,9,9.0000,1.0000
seq-sat,pegsol,bd56eb44636cbdc7b33f6fb04e98f30f9b763d56,Sharaabi,sharaabi_seq-sat,12,9.0000,0.7500
seq-sat,pegsol,bd56eb44636cbdc7b33f6fb04e98f30f9b763d56,YAHSP2,yahsp2_seq-sat,12,9.0000,0.7500
seq-sat,pegsol,c116b64d435793f8636c88574be5f4c875db7a42,ACOPlan,acoplan_seq-sat,8,8.0000,1.0000
seq-sat,pegsol,c116b64d435793f8636c88574be5f4c875db7a42,ACOPlan2,acoplan2,8,8.0000,1.0000
seq-sat,pegsol,c116b64d435793f8636c88574be5f4c875db7a42,Arvand,arvand,8,8.0000,1.0000
seq-sat,pegsol,c116b64d435793f8636c88574be5f4c875db7a42,BRT,brt,8,8.0000,1.0000
seq-sat,pegsol,c116b64d435793f8636c88574be5f4c875db7a42,CBP,cbp,8,8.0000,1.0000
seq-sat,pegsol,c116b64d435793f8636c88574be5f4c875db7a42,CBP2,cbp2,8,8.0000,1.0000
seq-sat,pegsol,c116b64d435793f8636c88574be5f4c875db7a42,DAE-YAHSP,dae_yahsp_seq-sat,8,8.0000,1.0000
seq-sat,pegsol,c116b64d435793f8636c88574be5f4c875db7a42,FD-Autotune-1,fd-autotune-1,8,8.0000,1.0000
seq-sat,pegsol,c116b64d435793f8636c88574be5f4c875db7a42,FD-Autotune-2,fd-autotune-2,8,8.0000,1.0000
seq-sat,pegsol,c116b64d435793f8636c88574be5f4c875db7a42,FDSS-1,fdss-1_seq-sat,9,8.0000,0.8889
seq-sat,pegsol,c116b64d435793f8636c88574be5f4c875db7a42,FDSS-2,fdss-2_seq-sat,12,8.0000,0.6667
seq-sat,pegsol,c116b64d435793f8636c88574be5f4c875db7a42,Fork Uniform,forkuniform,8,8.0000,1.0000
seq-sat,pegsol,c116b64d435793f8636c88574be5f4c875db7a42,LAMA-2008,lama-2008,8,8.0000,1.0000
seq-sat,pegsol,c116b64d435793f8636c88574be5f4c875db7a42,LAMA-2011,lama-2011,8,8.0000,1.0000
seq-sat,pegsol,c116b64d435793f8636c88574be5f4c875db7a42,LPRPG-P,lprpgp,14,8.0000,0.5714
seq-sat,pegsol,c116b64d435793f8636c88574be5f4c875db7a42,Lamar,lamar,8,8.0000,1.0000
seq-sat,pegsol,c116b64d435793f8636c88574be5f4c875db7a42,Madagascar,madagascar_seq-sat,11,8.0000,0.7273
seq-sat,pegsol,c116b64d435793f8636c88574be5f4c875db7a42,Madagascar-p,madagascar-p_seq-sat,13,8.0000,0.6154
seq-sat,pegsol,c116b64d435793f8636c88574be5f4c875db7a42,Probe,probe,9,8.0000,0.8889
seq-sat,pegsol,c116b64d435793f8636c88574be5f4c875db7a42,Randward,randward,8,8.0000,1.0000
seq-sat,pegsol,c116b64d435793f8636c88574be5f4c875db7a42,Roamer,roamer,8,8.0000,1.0000
seq-sat,pegsol,c116b64d435793f8636c88574be5f4c875db7a42,Sharaabi,sharaabi_seq-sat,14,8.0000,0.5714
seq-sat,pegsol,c116b64d435793f8636c88574be5f4c875db7a42,YAHSP2,yahsp2_seq-sat,11,8.0000,0.7273
seq-sat,pegsol,c116b64d435793f8636c88574be5f4c875db7a42,YAHSP2-MT,yahsp2-mt_seq-sat,11,8.0000,0.7273
seq-sat,pegsol,ce41c2035fcfd10fd5ea21382d54b4bd69c2b3f1,ACOPlan,acoplan_seq-sat,7,7.0000,1.0000
seq-sat,pegsol,ce41c2035fcfd10fd5ea21382d54b4bd69c2b3f1,ACOPlan2,acoplan2,7,7.0000,1.0000
seq-sat,pegsol,ce41c2035fcfd10fd5ea21382d54b4bd69c2b3f1,Arvand,arvand,7,7.0000,1.0000
seq-sat,pegsol,ce41c2035fcfd10fd5ea21382d54b4bd69c2b3f1,BRT,brt,7,7.0000,1.0000
seq-sat,pegsol,ce41c2035fcfd10fd5ea21382d54b4bd69c2b3f1,CBP,cbp,7,7.0000,1.0000
seq-sat,pegsol,ce41c2035fcfd10fd5ea21382d54b4bd69c2b3f1,CBP2,cbp2,7,7.0000,1.0000
seq-sat,pegsol,ce41c2035fcfd10fd5ea21382d54b4bd69c2b3f1,FD-Autotune-1,fd-autotune-1,7,7.0000,1.0000
seq-sat,pegsol,ce41c2035fcfd10fd5ea21382d54b4bd69c2b3f1,FD-Autotune-2,fd-autotune-2,7,7.0000,1.0000
seq-sat,pegsol,ce41c2035fcfd10fd5ea21382d54b4bd69c2b3f1,FDSS-1,fdss-1_seq-sat,7,7.0000,1.0000
seq-sat,pegsol,ce41c2035fcfd10fd5ea21382d54b4bd69c2b3f1,FDSS-2,fdss-2_seq-sat,11,7.0000,0.6364
seq-sat,pegsol,ce41c2035fcfd10fd5ea21382d54b4bd69c2b3f1,Fork Uniform,forkuniform,7,7.0000,1.0000
seq-sat,pegsol,ce41c2035fcfd10fd5ea21382d54b4bd69c2b3f1,LAMA-2008,lama-2008,7,7.0000,1.0000
seq-sat,pegsol,ce41c2035fcfd10fd5ea21382d54b4bd69c2b3f1,LAMA-2011,lama-2011,7,7.0000,1.0000
seq-sat,pegsol,ce41c2035fcfd10fd5ea21382d54b4bd69c2b3f1,LPRPG-P,lprpgp,11,7.0000,0.6364
seq-sat,pegsol,ce41c2035fcfd10fd5ea21382d54b4bd69c2b3f1,Lamar,lamar,7,7.0000,1.0000
seq-sat,pegsol,ce41c2035fcfd10fd5ea21382d54b4bd69c2b3f1,Madagascar,madagascar_seq-sat,9,7.0000,0.7778
seq-sat,pegsol,ce41c2035fcfd10fd5ea21382d54b4bd69c2b3f1,Madagascar-p,madagascar-p_seq-sat,11,7.0000,0.6364
seq-sat,pegsol,ce41c2035fcfd10fd5ea21382d54b4bd69c2b3f1,POPF2,popf2_seq-sat,11,7.0000,0.6364
seq-sat,pegsol,ce41c2035fcfd10fd5ea21382d54b4bd69c2b3f1,Probe,probe,7,7.0000,1.0000
seq-sat,pegsol,ce41c2035fcfd10fd5ea21382d54b4bd69c2b3f1,Randward,randward,7,7.0000,1.0000
seq-sat,pegsol,ce41c2035fcfd10fd5ea21382d54b4bd69c2b3f1,Roamer,roamer,7,7.0000,1.0000
seq-sat,pegsol,ce41c2035fcfd10fd5ea21382d54b4bd69c2b3f1,Sharaabi,sharaabi_seq-sat,11,7.0000,0.6364
seq-sat,pegsol,ce41c2035fcfd10fd5ea21382d54b4bd69c2b3f1,YAHSP2,yahsp2_seq-sat,12,7.0000,0.5833
seq-sat,pegsol,db90b332fc09ca07f5a818b4556b28a609dcd968,ACOPlan,acoplan_seq-sat,8,8.0000,1.0000
seq-sat,pegsol,db90b332fc09ca07f5a818b4556b28a609dcd968,ACOPlan2,acoplan2,8,8.0000,1.0000
seq-sat,pegsol,db90b332fc09ca07f5a818b4556b28a609dcd968,Arvand,arvand,8,8.0000,1.0000
seq-sat,pegsol,db90b332fc09ca07f5a818b4556b28a609dcd968,BRT,brt,8,8.0000,1.0000
seq-sat,pegsol,db90b332fc09ca07f5a818b4556b28a609dcd968,CBP,cbp,8,8.0000,1.0000
seq-sat,pegsol,db90b332fc09ca07f5a818b4556b28a609dcd968,CBP2,cbp2,8,8.0000,1.0000
seq-sat,pegsol,db90b332fc09ca07f5a818b4556b28a609dcd968,FD-Autotune-1,fd-autotune-1,8,8.0000,1.0000
seq-sat,pegsol,db90b332fc09ca07f5a818b4556b28a609dcd968,FD-Autotune-2,fd-autotune-2,8,8.0000,1.0000
seq-sat,pegsol,db90b332fc09ca07f5a818b4556b28a609dcd968,FDSS-1,fdss-1_seq-sat,9,8.0000,0.8889
seq-sat,pegsol,db90b332fc09ca07f5a818b4556b28a609dcd968,FDSS-2,fdss-2_seq-sat,11,8.0000,0.7273
seq-sat,pegsol,db90b332fc09ca07f5a818b4556b28a609dcd968,Fork Uniform,forkuniform,8,8.0000,1.0000
seq-sat,pegsol,db90b332fc09ca07f5a818b4556b28a609dcd968,LAMA-2008,lama-2008,8,8.0000,1.0000
seq-sat,pegsol,db90b332fc09ca07f5a818b4556b28a609dcd968,LAMA-2011,lama-2011,8,8.0000,1.0000
seq-sat,pegsol,db90b332fc09ca07f5a818b4556b28a609dcd968,LPRPG-P,lprpgp,17,8.0000,0.4706
seq-sat,pegsol,db90b332fc09ca07f5a818b4556b28a609dcd968,Lamar,lamar,8,8.0000,1.0000
seq-sat,pegsol,db90b332fc09ca07f5a818b4556b28a609dcd968,Madagascar,madagascar_seq-sat,10,8.0000,0.8000
seq-sat,pegsol,db90b332fc09ca07f5a818b4556b28a609dcd968,Madagascar-p,madagascar-p_seq-sat,15,8.0000,0.5333
seq-sat,pegsol,db90b332fc09ca07f5a818b4556b28a609dcd968,POPF2,popf2_seq-sat,16,8.0000,0.5000
seq-sat,pegsol,db90b332fc09ca07f5a818b4556b28a609dcd968,Probe,probe,8,8.0000,1.0000
seq-sat,pegsol,db90b332fc09ca07f5a818b4556b28a609dcd968,Randward,randward,8,8.0000,1.0000
seq-sat,pegsol,db90b332fc09ca07f5a818b4556b28a609dcd968,Roamer,roamer,8,8.0000,1.0000
seq-sat,pegsol,db90b332fc09ca07f5a818b4556b28a609dcd968,Sharaabi,sharaabi_seq-sat,12,8.0000,0.6667
seq-sat,pegsol,db90b332fc09ca07f5a818b4556b28a609dcd968,YAHSP2,yahsp2_seq-sat,15,8.0000,0.5333
seq-sat,pegsol,e05a650f2a701e0f904c1c2e9ad332021a501e3c,ACOPlan,acoplan_seq-sat,8,8.0000,1.0000
seq-sat,pegsol,e05a650f2a701e0f904c1c2e9ad332021a501e3c,ACOPlan2,acoplan2,8,8.0000,1.0000
seq-sat,pegsol,e05a650f2a701e0f904c1c2e9ad332021a501e3c,Arvand,arvand,8,8.0000,1.0000
seq-sat,pegsol,e05a650f2a701e0f904c1c2e9ad332021a501e3c,BRT,brt,8,8.0000,1.0000
seq-sat,pegsol,e05a650f2a701e0f904c1c2e9ad332021a501e3c,CBP,cbp,8,8.0000,1.0000
seq-sat,pegsol,e05a650f2a701e0f904c1c2e9ad332021a501e3c,CBP2,cbp2,8,8.0000,1.0000
seq-sat,pegsol,e05a650f2a701e0f904c1c2e9ad332021a501e3c,FD-Autotune-1,fd-autotune-1,8,8.0000,1.0000
seq-sat,pegsol,e05a650f2a701e0f904c1c2e9ad332021a501e3c,FD-Autotune-2,fd-autotune-2,8,8.0000,1.0000
seq-sat,pegsol,e05a650f2a701e0f904c1c2e9ad332021a501e3c,FDSS-1,fdss-1_seq-sat,8,8.0000,1.0000
seq-sat,pegsol,e05a650f2a701e0f904c1c2e9ad332021a501e3c,FDSS-2,fdss-2_seq-sat,12,8.0000,0.6667
seq-sat,pegsol,e05a650f2a701e0f904c1c2e9ad332021a501e3c,Fork Uniform,forkuniform,8,8.0000,1.0000
seq-sat,pegsol,e05a650f2a701e0f904c1c2e9ad332021a501e3c,LAMA-2008,lama-2008,8,8.0000,1.0000
seq-sat,pegsol,e05a650f2a701e0f904c1c2e9ad332021a501e3c,LAMA-2011,lama-2011,8,8.0000,1.0000
seq-sat,pegsol,e05a650f2a701e0f904c1c2e9ad332021a501e3c,LPRPG-P,lprpgp,17,8.0000,0.4706
seq-sat,pegsol,e05a650f2a701e0f904c1c2e9ad332021a501e3c,Lamar,lamar,8,8.0000,1.0000
seq-sat,pegsol,e05a650f2a701e0f904c1c2e9ad332021a501e3c,Madagascar,madagascar_seq-sat,12,8.0000,0.6667
seq-sat,pegsol,e05a650f2a701e0f904c1c2e9ad332021a501e3c,Madagascar-p,madagascar-p_seq-sat,14,8.0000,0.5714
seq-sat,pegsol,e05a650f2a701e0f904c1c2e9ad332021a501e3c,Probe,probe,9,8.0000,0.8889
seq-sat,pegsol,e05a650f2a701e0f904c1c2e9ad332021a501e3c,Randward,randward,8,8.0000,1.0000
seq-sat,pegsol,e05a650f2a701e0f904c1c2e9ad332021a501e3c,Roamer,roamer,8,8.0000,1.0000
seq-sat,pegsol,e05a650f2a701e0f904c1c2e9ad332021a501e3c,Sharaabi,sharaabi_seq-sat,14,8.0000,0.5714
seq-sat,pegsol,e05a650f2a701e0f904c1c2e9ad332021a501e3c,YAHSP2,yahsp2_seq-sat,15,8.0000,0.5333
seq-sat,pegsol,e05a650f2a701e0f904c1c2e9ad332021a501e3c,YAHSP2-MT,yahsp2-mt_seq-sat,12,8.0000,0.6667
seq-sat,pegsol,ed78de8e059cc1d77fad87446ae07026782d50d2,ACOPlan,acoplan_seq-sat,12,11.0000,0.9167
seq-sat,pegsol,ed78de8e059cc1d77fad87446ae07026782d50d2,ACOPlan2,acoplan2,13,11.0000,0.8462
seq-sat,pegsol,ed78de8e059cc1d77fad87446ae07026782d50d2,Arvand,arvand,11,11.0000,1.0000
seq-sat,pegsol,ed78de8e059cc1d77fad87446ae07026782d50d2,BRT,brt,11,11.0000,1.0000
seq-sat,pegsol,ed78de8e059cc1d77fad87446ae07026782d50d2,FD-Autotune-1,fd-autotune-1,21,11.0000,0.5238
seq-sat,pegsol,ed78de8e059cc1d77fad87446ae07026782d50d2,FD-Autotune-2,fd-autotune-2,11,11.0000,1.0000
seq-sat,pegsol,ed78de8e059cc1d77fad87446ae07026782d50d2,FDSS-1,fdss-1_seq-sat,17,11.0000,0.6471
seq-sat,pegsol,ed78de8e059cc1d77fad87446ae07026782d50d2,FDSS-2,fdss-2_seq-sat,18,11.0000,0.6111
seq-sat,pegsol,ed78de8e059cc1d77fad87446ae07026782d50d2,Fork Uniform,forkuniform,11,11.0000,1.0000
seq-sat,pegsol,ed78de8e059cc1d77fad87446ae07026782d50d2,LAMA-2008,lama-2008,12,11.0000,0.9167
seq-sat,pegsol,ed78de8e059cc1d77fad87446ae07026782d50d2,LAMA-2011,lama-2011,11,11.0000,1.0000
seq-sat,pegsol,ed78de8e059cc1d77fad87446ae07026782d50d2,LPRPG-P,lprpgp,21,11.0000,0.5238
seq-sat,pegsol,ed78de8e059cc1d77fad87446ae07026782d50d2,Lamar,lamar,13,11.0000,0.8462
seq-sat,pegsol,ed78de8e059cc1d77fad87446ae07026782d50d2,Madagascar-p,madagascar-p_seq-sat,26,11.0000,0.4231
seq-sat,pegsol,ed78de8e059cc1d77fad87446ae07026782d50d2,Probe,probe,20,11.0000,0.5500
seq-sat,pegsol,ed78de8e059cc1d77fad87446ae07026782d50d2,Randward,randward,13,11.0000,0.8462
seq-sat,pegsol,ed78de8e059cc1d77fad87446ae07026782d50d2,Roamer,roamer,12,11.0000,0.9167
seq-sat,pegsol,ed78de8e059cc1d77fad87446ae07026782d50d2,Sharaabi,sharaabi_seq-sat,23,11.0000,0.4783
seq-sat,pegsol,f236b84daca5714ea0798d36c75ea01bdd50b3ab,ACOPlan,acoplan_seq-sat,9,9.0000,1.0000
seq-sat,pegsol,f236b84daca5714ea0798d36c75ea01bdd50b3ab,ACOPlan2,acoplan2,9,9.0000,1.0000
seq-sat,pegsol,f236b84daca5714ea0798d36c75ea01bdd50b3ab,Arvand,arvand,9,9.0000,1.0000
seq-sat,pegsol,f236b84daca5714ea0798d36c75ea01bdd50b3ab,CBP,cbp,9,9.0000,1.0000
seq-sat,pegsol,f236b84daca5714ea0798d36c75ea01bdd50b3ab,CBP2,cbp2,9,9.0000,1.0000
seq-sat,pegsol,f236b84daca5714ea0798d36c75ea01bdd50b3ab,DAE-YAHSP,dae_yahsp_seq-sat,9,9.0000,1.0000
seq-sat,pegsol,f236b84daca5714ea0798d36c75ea01bdd50b3ab,FD-Autotune-1,fd-autotune-1,9,9.0000,1.0000
seq-sat,pegsol,f236b84daca5714ea0798d36c75ea01bdd50b3ab,FD-Autotune-2,fd-autotune-2,9,9.0000,1.0000
seq-sat,pegsol,f236b84daca5714ea0798d36c75ea01bdd50b3ab,FDSS-1,fdss-1_seq-sat,9,9.0000,1.0000
seq-sat,pegsol,f236b84daca5714ea0798d36c75ea01bdd50b3ab,FDSS-2,fdss-2_seq-sat,9,9.0000,1.0000
seq-sat,pegsol,f236b84daca5714ea0798d36c75ea01bdd50b3ab,Fork Uniform,forkuniform,9,9.0000,1.0000
seq-sat,pegsol,f236b84daca5714ea0798d36c75ea01bdd50b3ab,LAMA-2008,lama-2008,9,9.0000,1.0000
seq-sat,pegsol,f236b84daca5714ea0798d36c75ea01bdd50b3ab,LAMA-2011,lama-2011,9,9.0000,1.0000
seq-sat,pegsol,f236b84daca5714ea0798d36c75ea01bdd50b3ab,LPRPG-P,lprpgp,11,9.0000,0.8182
seq-sat,pegsol,f236b84daca5714ea0798d36c75ea01bdd50b3ab,Lamar,lamar,9,9.0000,1.0000
seq-sat,pegsol,f236b84daca5714ea0798d36c75ea01bdd50b3ab,Madagascar,madagascar_seq-sat,12,9.0000,0.7500
seq-sat,pegsol,f236b84daca5714ea0798d36c75ea01bdd50b3ab,Madagascar-p,madagascar-p_seq-sat,11,9.0000,0.8182
seq-sat,pegsol,f236b84daca5714ea0798d36c75ea01bdd50b3ab,Probe,probe,9,9.0000,1.0000
seq-sat,pegsol,f236b84daca5714ea0798d36c75ea01bdd50b3ab,Randward,randward,9,9.0000,1.0000
seq-sat,pegsol,f236b84daca5714ea0798d36c75ea01bdd50b3ab,Roamer,roamer,9,9.0000,1.0000
seq-sat,pegsol,f236b84daca5714ea0798d36c75ea01bdd50b3ab,SATPLANLM-C,satplanlm-c,9,9.0000,1.0000
seq-sat,pegsol,f236b84daca5714ea0798d36c75ea01bdd50b3ab,Sharaabi,sharaabi_seq-sat,11,9.0000,0.8182
seq-sat,pegsol,f236b84daca5714ea0798d36c75ea01bdd50b3ab,YAHSP2,yahsp2_seq-sat,11,9.0000,0.8182
seq-sat,pegsol,f236b84daca5714ea0798d36c75ea01bdd50b3ab,YAHSP2-MT,yahsp2-mt_seq-sat,10,9.0000,0.9000
seq-sat,scanalyzer,05854f25b0e8db7b39fc6abc17793644730b5039,Arvand,arvand,36,36.0000,1.0000
seq-sat,scanalyzer,05854f25b0e8db7b39fc6abc17793644730b5039,BRT,brt,36,36.0000,1.0000
seq-sat,scanalyzer,05854f25b0e8db7b39fc6abc17793644730b5039,CBP,cbp,50,36.0000,0.7200
seq-sat,scanalyzer,05854f25b0e8db7b39fc6abc17793644730b5039,CBP2,cbp2,50,36.0000,0.7200
seq-sat,scanalyzer,05854f25b0e8db7b39fc6abc17793644730b5039,CPT4,cpt4_seq-sat,36,36.0000,1.0000
seq-sat,scanalyzer,05854f25b0e8db7b39fc6abc17793644730b5039,DAE-YAHSP,dae_yahsp_seq-sat,50,36.0000,0.7200
seq-sat,scanalyzer,05854f25b0e8db7b39fc6abc17793644730b5039,FD-Autotune-1,fd-autotune-1,48,36.0000,0.7500
seq-sat,scanalyzer,05854f25b0e8db7b39fc6abc17793644730b5039,FD-Autotune-2,fd-autotune-2,38,36.0000,0.9474
seq-sat,scanalyzer,05854f25b0e8db7b39fc6abc17793644730b5039,FDSS-1,fdss-1_seq-sat,36,36.0000,1.0000
seq-sat,scanalyzer,05854f25b0e8db7b39fc6abc17793644730b5039,FDSS-2,fdss-2_seq-sat,36,36.0000,1.0000
seq-sat,scanalyzer,05854f25b0e8db7b39fc6abc17793644730b5039,Fork Uniform,forkuniform,48,36.0000,0.7500
seq-sat,scanalyzer,05854f25b0e8db7b39fc6abc17793644730b5039,LAMA-2008,lama-2008,36,36.0000,1.0000
seq-sat,scanalyzer,05854f25b0e8db7b39fc6abc17793644730b5039,LAMA-2011,lama-2011,36,36.0000,1.0000
seq-sat,scanalyzer,05854f25b0e8db7b39fc6abc17793644730b5039,LPRPG-P,lprpgp,48,36.0000,0.7500
seq-sat,scanalyzer,05854f25b0e8db7b39fc6abc17793644730b5039,Lamar,lamar,50,36.0000,0.7200
seq-sat,scanalyzer,05854f25b0e8db7b39fc6abc17793644730b5039,Madagascar,madagascar_seq-sat,48,36.0000,0.7500
seq-sat,scanalyzer,05854f25b0e8db7b39fc6abc17793644730b5039,Madagascar-p,madagascar-p_seq-sat,36,36.0000,1.0000
seq-sat,scanalyzer,05854f25b0e8db7b39fc6abc17793644730b5039,POPF2,popf2_seq-sat,36,36.0000,1.0000
seq-sat,scanalyzer,05854f25b0e8db7b39fc6abc17793644730b5039,Probe,probe,36,36.0000,1.0000
seq-sat,scanalyzer,05854f25b0e8db7b39fc6abc17793644730b5039,Randward,randward,44,36.0000,0.8182
seq-sat,scanalyzer,05854f25b0e8db7b39fc6abc17793644730b5039,Roamer,roamer,36,36.0000,1.0000
seq-sat,scanalyzer,05854f25b0e8db7b39fc6abc17793644730b5039,SATPLANLM-C,satplanlm-c,36,36.0000,1.0000
seq-sat,scanalyzer,05854f25b0e8db7b39fc6abc17793644730b5039,YAHSP2,yahsp2_seq-sat,96,36.0000,0.3750
seq-sat,scanalyzer,05854f25b0e8db7b39fc6abc17793644730b5039,YAHSP2-MT,yahsp2-mt_seq-sat,96,36.0000,0.3750
seq-sat,scanalyzer,064e7a34ab458fdd1555d11e9d4ca61257995e3e,Arvand,arvand,78,78.0000,1.0000
seq-sat,scanalyzer,064e7a34ab458fdd1555d11e9d4ca61257995e3e,BRT,brt,94,78.0000,0.8298
seq-sat,scanalyzer,064e7a34ab458fdd1555d11e9d4ca61257995e3e,DAE-YAHSP,dae_yahsp_seq-sat,86,78.0000,0.9070
seq-sat,scanalyzer,064e7a34ab458fdd1555d11e9d4ca61257995e3e,FD-Autotune-1,fd-autotune-1,90,78.0000,0.8667
seq-sat,scanalyzer,064e7a34ab458fdd1555d11e9d4ca61257995e3e,FD-Autotune-2,fd-autotune-2,90,78.0000,0.8667
seq-sat,scanalyzer,064e7a34ab458fdd1555d11e9d4ca61257995e3e,FDSS-1,fdss-1_seq-sat,88,78.0000,0.8864
seq-sat,scanalyzer,064e7a34ab458fdd1555d11e9d4ca61257995e3e,FDSS-2,fdss-2_seq-sat,80,78.0000,0.9750
seq-sat,scanalyzer,064e7a34ab458fdd1555d11e9d4ca61257995e3e,Fork Uniform,forkuniform,94,78.0000,0.8298
seq-sat,scanalyzer,064e7a34ab458fdd1555d11e9d4ca61257995e3e,LAMA-2008,lama-2008,90,78.0000,0.8667
seq-sat,scanalyzer,064e7a34ab458fdd1555d11e9d4ca61257995e3e,LAMA-2011,lama-2011,80,78.0000,0.9750
seq-sat,scanalyzer,064e7a34ab458fdd1555d11e9d4ca61257995e3e,LPRPG-P,lprpgp,136,78.0000,0.5735
seq-sat,scanalyzer,064e7a34ab458fdd1555d11e9d4ca61257995e3e,Lamar,lamar,110,78.0000,0.7091
seq-sat,scanalyzer,064e7a34ab458fdd1555d11e9d4ca61257995e3e,Madagascar-p,madagascar-p_seq-sat,220,78.0000,0.3545
seq-sat,scanalyzer,064e7a34ab458fdd1555d11e9d4ca61257995e3e,POPF2,popf2_seq-sat,112,78.0000,0.6964
seq-sat,scanalyzer,064e7a34ab458fdd1555d11e9d4ca61257995e3e,Probe,probe,98,78.0000,0.7959
seq-sat,scanalyzer,064e7a34ab458fdd1555d11e9d4ca61257995e3e,Roamer,roamer,92,78.0000,0.8478
seq-sat,scanalyzer,064e7a34ab458fdd1555d11e9d4ca61257995e3e,YAHSP2,yahsp2_seq-sat,166,78.0000,0.4699
seq-sat,scanalyzer,064e7a34ab458fdd1555d11e9d4ca61257995e3e,YAHSP2-MT,yahsp2-mt_seq-sat,158,78.0000,0.4937
seq-sat,scanalyzer,129e16dd1262d24b0d671cccdc79be6b27632b64,Arvand,arvand,48,48.0000,1.0000
seq-sat,scanalyzer,129e16dd1262d24b0d671cccdc79be6b27632b64,BRT,brt,48,48.0000,1.0000
seq-sat,scanalyzer,129e16dd1262d24b0d671cccdc79be6b27632b64,DAE-YAHSP,dae_yahsp_seq-sat,70,48.0000,0.6857
seq-sat,scanalyzer,129e16dd1262d24b0d671cccdc79be6b27632b64,FD-Autotune-1,fd-autotune-1,66,48.0000,0.7273
seq-sat,scanalyzer,129e16dd1262d24b0d671cccdc79be6b27632b64,FD-Autotune-2,fd-autotune-2,52,48.0000,0.9231
seq-sat,scanalyzer,129e16dd1262d24b0d671cccdc79be6b27632b64,FDSS-1,fdss-1_seq-sat,48,48.0000,1.0000
seq-sat,scanalyzer,129e16dd1262d24b0d671cccdc79be6b27632b64,FDSS-2,fdss-2_seq-sat,48,48.0000,1.0000
seq-sat,scanalyzer,129e16dd1262d24b0d671cccdc79be6b27632b64,Fork Uniform,forkuniform,72,48.0000,0.6667
seq-sat,scanalyzer,129e16dd1262d24b0d671cccdc79be6b27632b64,LAMA-2008,lama-2008,68,48.0000,0.7059
seq-sat,scanalyzer,129e16dd1262d24b0d671cccdc79be6b27632b64,LAMA-2011,lama-2011,54,48.0000,0.8889
seq-sat,scanalyzer,129e16dd1262d24b0d671cccdc79be6b27632b64,LPRPG-P,lprpgp,72,48.0000,0.6667
seq-sat,scanalyzer,129e16dd1262d24b0d671cccdc79be6b27632b64,Lamar,lamar,68,48.0000,0.7059
seq-sat,scanalyzer,129e16dd1262d24b0d671cccdc79be6b27632b64,Madagascar,madagascar_seq-sat,64,48.0000,0.7500
seq-sat,scanalyzer,129e16dd1262d24b0d671cccdc79be6b27632b64,Madagascar-p,madagascar-p_seq-sat,48,48.0000,1.0000
seq-sat,scanalyzer,129e16dd1262d24b0d671cccdc79be6b27632b64,POPF2,popf2_seq-sat,48,48.0000,1.0000
seq-sat,scanalyzer,129e16dd1262d24b0d671cccdc79be6b27632b64,Probe,probe,48,48.0000,1.0000
seq-sat,scanalyzer,129e16dd1262d24b0d671cccdc79be6b27632b64,Randward,randward,58,48.0000,0.8276
seq-sat,scanalyzer,129e16dd1262d24b0d671cccdc79be6b27632b64,Roamer,roamer,70,48.0000,0.6857
seq-sat,scanalyzer,129e16dd1262d24b0d671cccdc79be6b27632b64,SATPLANLM-C,satplanlm-c,48,48.0000,1.0000
seq-sat,scanalyzer,129e16dd1262d24b0d671cccdc79be6b27632b64,YAHSP2,yahsp2_seq-sat,102,48.0000,0.4706
seq-sat,scanalyzer,129e16dd1262d24b0d671cccdc79be6b27632b64,YAHSP2-MT,yahsp2-mt_seq-sat,102,48.0000,0.4706
seq-sat,scanalyzer,21f6e72a03b686c73d5fea5d011a78e839842acd,Arvand,arvand,26,26.0000,1.0000
seq-sat,scanalyzer,21f6e72a03b686c73d5fea5d011a78e839842acd,BRT,brt,26,26.0000,1.0000
seq-sat,scanalyzer,21f6e72a03b686c73d5fea5d011a78e839842acd,CPT4,cpt4_seq-sat,26,26.0000,1.0000
seq-sat,scanalyzer,21f6e72a03b686c73d5fea5d011a78e839842acd,DAE-YAHSP,dae_yahsp_seq-sat,44,26.0000,0.5909
seq-sat,scanalyzer,21f6e72a03b686c73d5fea5d011a78e839842acd,FD-Autotune-1,fd-autotune-1,26,26.0000,1.0000
seq-sat,scanalyzer,21f6e72a03b686c73d5fea5d011a78e839842acd,FD-Autotune-2,fd-autotune-2,26,26.0000,1.0000
seq-sat,scanalyzer,21f6e72a03b686c73d5fea5d011a78e839842acd,FDSS-1,fdss-1_seq-sat,26,26.0000,1.0000
seq-sat,scanalyzer,21f6e72a03b686c73d5fea5d011a78e839842acd,FDSS-2,fdss-2_seq-sat,26,26.0000,1.0000
seq-sat,scanalyzer,21f6e72a03b686c73d5fea5d011a78e839842acd,Fork Uniform,forkuniform,26,26.0000,1.0000
seq-sat,scanalyzer,21f6e72a03b686c73d5fea5d011a78e839842acd,LAMA-2008,lama-2008,26,26.0000,1.0000
seq-sat,scanalyzer,21f6e72a03b686c73d5fea5d011a78e839842acd,LAMA-2011,lama-2011,28,26.0000,0.9286
seq-sat,scanalyzer,21f6e72a03b686c73d5fea5d011a78e839842acd,LPRPG-P,lprpgp,30,26.0000,0.8667
seq-sat,scanalyzer,21f6e72a03b686c73d5fea5d011a78e839842acd,Lamar,lamar,26,26.0000,1.0000
seq-sat,scanalyzer,21f6e72a03b686c73d5fea5d011a78e839842acd,Madagascar,madagascar_seq-sat,26,26.0000,1.0000
seq-sat,scanalyzer,21f6e72a03b686c73d5fea5d011a78e839842acd,Madagascar-p,madagascar-p_seq-sat,30,26.0000,0.8667
seq-sat,scanalyzer,21f6e72a03b686c73d5fea5d011a78e839842acd,POPF2,popf2_seq-sat,28,26.0000,0.9286
seq-sat,scanalyzer,21f6e72a03b686c73d5fea5d011a78e839842acd,Probe,probe,26,26.0000,1.0000
seq-sat,scanalyzer,21f6e72a03b686c73d5fea5d011a78e839842acd,Randward,randward,26,26.0000,1.0000
seq-sat,scanalyzer,21f6e72a03b686c73d5fea5d011a78e839842acd,Roamer,roamer,26,26.0000,1.0000
seq-sat,scanalyzer,21f6e72a03b686c73d5fea5d011a78e839842acd,SATPLANLM-C,satplanlm-c,28,26.0000,0.9286
seq-sat,scanalyzer,21f6e72a03b686c73d5fea5d011a78e839842acd,YAHSP2,yahsp2_seq-sat,300,26.0000,0.0867
seq-sat,scanalyzer,21f6e72a03b686c73d5fea5d011a78e839842acd,YAHSP2-MT,yahsp2-mt_seq-sat,150,26.0000,0.1733
seq-sat,scanalyzer,486b31615d7fe4922d97f3b6e696bbc064738355,Arvand,arvand,1575,39.0000,0.0248
seq-sat,scanalyzer,486b31615d7fe4922d97f3b6e696bbc064738355,BRT,brt,41,39.0000,0.9512
seq-sat,scanalyzer,486b31615d7fe4922d97f3b6e696bbc064738355,FD-Autotune-1,fd-autotune-1,57,39.0000,0.6842
seq-sat,scanalyzer,486b31615d7fe4922d97f3b6e696bbc064738355,FDSS-1,fdss-1_seq-sat,39,39.0000,1.0000
seq-sat,scanalyzer,486b31615d7fe4922d97f3b6e696bbc064738355,FDSS-2,fdss-2_seq-sat,39,39.0000,1.0000
seq-sat,scanalyzer,486b31615d7fe4922d97f3b6e696bbc064738355,Fork Uniform,forkuniform,97,39.0000,0.4021
seq-sat,scanalyzer,486b31615d7fe4922d97f3b6e696bbc064738355,LAMA-2008,lama-2008,55,39.0000,0.7091
seq-sat,scanalyzer,486b31615d7fe4922d97f3b6e696bbc064738355,LAMA-2011,lama-2011,49,39.0000,0.7959
seq-sat,scanalyzer,486b31615d7fe4922d97f3b6e696bbc064738355,LPRPG-P,lprpgp,57,39.0000,0.6842
seq-sat,scanalyzer,486b31615d7fe4922d97f3b6e696bbc064738355,Lamar,lamar,55,39.0000,0.7091
seq-sat,scanalyzer,486b31615d7fe4922d97f3b6e696bbc064738355,Madagascar-p,madagascar-p_seq-sat,45,39.0000,0.8667
seq-sat,scanalyzer,486b31615d7fe4922d97f3b6e696bbc064738355,Probe,probe,47,39.0000,0.8298
seq-sat,scanalyzer,486b31615d7fe4922d97f3b6e696bbc064738355,Randward,randward,43,39.0000,0.9070
seq-sat,scanalyzer,486b31615d7fe4922d97f3b6e696bbc064738355,Roamer,roamer,47,39.0000,0.8298
seq-sat,scanalyzer,517d57599c098ec939fad773ffd842e6ad187d04,Arvand,arvand,101,75.0000,0.7426
seq-sat,scanalyzer,517d57599c098ec939fad773ffd842e6ad187d04,BRT,brt,103,75.0000,0.7282
seq-sat,scanalyzer,517d57599c098ec939fad773ffd842e6ad187d04,FD-Autotune-1,fd-autotune-1,121,75.0000,0.6198
seq-sat,scanalyzer,517d57599c098ec939fad773ffd842e6ad187d04,FDSS-1,fdss-1_seq-sat,83,75.0000,0.9036
seq-sat,scanalyzer,517d57599c098ec939fad773ffd842e6ad187d04,FDSS-2,fdss-2_seq-sat,79,75.0000,0.9494
seq-sat,scanalyzer,517d57599c098ec939fad773ffd842e6ad187d04,LAMA-2008,lama-2008,97,75.0000,0.7732
seq-sat,scanalyzer,517d57599c098ec939fad773ffd842e6ad187d04,LAMA-2011,lama-2011,87,75.0000,0.8621
seq-sat,scanalyzer,517d57599c098ec939fad773ffd842e6ad187d04,Lamar,lamar,105,75.0000,0.7143
seq-sat,scanalyzer,517d57599c098ec939fad773ffd842e6ad187d04,POPF2,popf2_seq-sat,75,75.0000,1.0000
seq-sat,scanalyzer,517d57599c098ec939fad773ffd842e6ad187d04,Probe,probe,99,75.0000,0.7576
seq-sat,scanalyzer,517d57599c098ec939fad773ffd842e6ad187d04,Randward,randward,87,75.0000,0.8621
seq-sat,scanalyzer,517d57599c098ec939fad773ffd842e6ad187d04,Roamer,roamer,127,75.0000,0.5906
seq-sat,scanalyzer,517d57599c098ec939fad773ffd842e6ad187d04,YAHSP2,yahsp2_seq-sat,555,75.0000,0.1351
seq-sat,scanalyzer,61239745d89883d676facd61a34c293ba4e036cc,Arvand,arvand,56,56.0000,1.0000
seq-sat,scanalyzer,61239745d89883d676facd61a34c293ba4e036cc,BRT,brt,64,56.0000,0.8750
seq-sat,scanalyzer,61239745d89883d676facd61a34c293ba4e036cc,DAE-YAHSP,dae_yahsp_seq-sat,60,56.0000,0.9333
seq-sat,scanalyzer,61239745d89883d676facd61a34c293ba4e036cc,FD-Autotune-1,fd-autotune-1,66,56.0000,0.8485
seq-sat,scanalyzer,61239745d89883d676facd61a34c293ba4e036cc,FD-Autotune-2,fd-autotune-2,64,56.0000,0.8750
seq-sat,scanalyzer,61239745d89883d676facd61a34c293ba4e036cc,FDSS-1,fdss-1_seq-sat,64,56.0000,0.8750
seq-sat,scanalyzer,61239745d89883d676facd61a34c293ba4e036cc,FDSS-2,fdss-2_seq-sat,66,56.0000,0.8485
seq-sat,scanalyzer,61239745d89883d676facd61a34c293ba4e036cc,Fork Uniform,forkuniform,64,56.0000,0.8750
seq-sat,scanalyzer,61239745d89883d676facd61a34c293ba4e036cc,LAMA-2008,lama-2008,64,56.0000,0.8750
seq-sat,scanalyzer,61239745d89883d676facd61a34c293ba4e036cc,LAMA-2011,lama-2011,64,56.0000,0.8750
seq-sat,scanalyzer,61239745d89883d676facd61a34c293ba4e036cc,LPRPG-P,lprpgp,126,56.0000,0.4444
seq-sat,scanalyzer,61239745d89883d676facd61a34c293ba4e036cc,Lamar,lamar,66,56.0000,0.8485
seq-sat,scanalyzer,61239745d89883d676facd61a34c293ba4e036cc,Madagascar,madagascar_seq-sat,176,56.0000,0.3182
seq-sat,scanalyzer,61239745d89883d676facd61a34c293ba4e036cc,Madagascar-p,madagascar-p_seq-sat,110,56.0000,0.5091
seq-sat,scanalyzer,61239745d89883d676facd61a34c293ba4e036cc,POPF2,popf2_seq-sat,90,56.0000,0.6222
seq-sat,scanalyzer,61239745d89883d676facd61a34c293ba4e036cc,Probe,probe,78,56.0000,0.7179
seq-sat,scanalyzer,61239745d89883d676facd61a34c293ba4e036cc,Randward,randward,66,56.0000,0.8485
seq-sat,scanalyzer,61239745d89883d676facd61a34c293ba4e036cc,Roamer,roamer,64,56.0000,0.8750
seq-sat,scanalyzer,61239745d89883d676facd61a34c293ba4e036cc,YAHSP2,yahsp2_seq-sat,92,56.0000,0.6087
seq-sat,scanalyzer,61239745d89883d676facd61a34c293ba4e036cc,YAHSP2-MT,yahsp2-mt_seq-sat,98,56.0000,0.5714
seq-sat,scanalyzer,63d83b4a2ded9d500123ca4525ce3a5863d43082,Arvand,arvand,42,42.0000,1.0000
seq-sat,scanalyzer,63d83b4a2ded9d500123ca4525ce3a5863d43082,BRT,brt,52,42.0000,0.8077
seq-sat,scanalyzer,63d83b4a2ded9d500123ca4525ce3a5863d43082,CBP,cbp,58,42.0000,0.7241
seq-sat,scanalyzer,63d83b4a2ded9d500123ca4525ce3a5863d43082,CBP2,cbp2,58,42.0000,0.7241
seq-sat,scanalyzer,63d83b4a2ded9d500123ca4525ce3a5863d43082,CPT4,cpt4_seq-sat,42,42.0000,1.0000
seq-sat,scanalyzer,63d83b4a2ded9d500123ca4525ce3a5863d43082,DAE-YAHSP,dae_yahsp_seq-sat,58,42.0000,0.7241
seq-sat,scanalyzer,63d83b4a2ded9d500123ca4525ce3a5863d43082,FD-Autotune-1,fd-autotune-1,60,42.0000,0.7000
seq-sat,scanalyzer,63d83b4a2ded9d500123ca4525ce3a5863d43082,FD-Autotune-2,fd-autotune-2,42,42.0000,1.0000
seq-sat,scanalyzer,63d83b4a2ded9d500123ca4525ce3a5863d43082,FDSS-1,fdss-1_seq-sat,42,42.0000,1.0000
seq-sat,scanalyzer,63d83b4a2ded9d500123ca4525ce3a5863d43082,FDSS-2,fdss-2_seq-sat,42,42.0000,1.0000
seq-sat,scanalyzer,63d83b4a2ded9d500123ca4525ce3a5863d43082,Fork Uniform,forkuniform,62,42.0000,0.6774
seq-sat,scanalyzer,63d83b4a2ded9d500123ca4525ce3a5863d43082,LAMA-2008,lama-2008,44,42.0000,0.9545
seq-sat,scanalyzer,63d83b4a2ded9d500123ca4525ce3a5863d43082,LAMA-2011,lama-2011,42,42.0000,1.0000
seq-sat,scanalyzer,63d83b4a2ded9d500123ca4525ce3a5863d43082,LPRPG-P,lprpgp,60,42.0000,0.7000
seq-sat,scanalyzer,63d83b4a2ded9d500123ca4525ce3a5863d43082,Lamar,lamar,42,42.0000,1.0000
seq-sat,scanalyzer,63d83b4a2ded9d500123ca4525ce3a5863d43082,Madagascar,madagascar_seq-sat,56,42.0000,0.7500
seq-sat,scanalyzer,63d83b4a2ded9d500123ca4525ce3a5863d43082,Madagascar-p,madagascar-p_seq-sat,42,42.0000,1.0000
seq-sat,scanalyzer,63d83b4a2ded9d500123ca4525ce3a5863d43082,POPF2,popf2_seq-sat,42,42.0000,1.0000
seq-sat,scanalyzer,63d83b4a2ded9d500123ca4525ce3a5863d43082,Probe,probe,42,42.0000,1.0000
seq-sat,scanalyzer,63d83b4a2ded9d500123ca4525ce3a5863d43082,Randward,randward,42,42.0000,1.0000
seq-sat,scanalyzer,63d83b4a2ded9d500123ca4525ce3a5863d43082,Roamer,roamer,42,42.0000,1.0000
seq-sat,scanalyzer,63d83b4a2ded9d500123ca4525ce3a5863d43082,SATPLANLM-C,satplanlm-c,42,42.0000,1.0000
seq-sat,scanalyzer,63d83b4a2ded9d500123ca4525ce3a5863d43082,YAHSP2,yahsp2_seq-sat,90,42.0000,0.4667
seq-sat,scanalyzer,63d83b4a2ded9d500123ca4525ce3a5863d43082,YAHSP2-MT,yahsp2-mt_seq-sat,90,42.0000,0.4667
seq-sat,scanalyzer,736a114354f8a91501c81919bc7c1c8d6fb1ba2e,Arvand,arvand,34,34.0000,1.0000
seq-sat,scanalyzer,736a114354f8a91501c81919bc7c1c8d6fb1ba2e,BRT,brt,34,34.0000,1.0000
seq-sat,scanalyzer,736a114354f8a91501c81919bc7c1c8d6fb1ba2e,DAE-YAHSP,dae_yahsp_seq-sat,50,34.0000,0.6800
seq-sat,scanalyzer,736a114354f8a91501c81919bc7c1c8d6fb1ba2e,FD-Autotune-1,fd-autotune-1,38,34.0000,0.8947
seq-sat,scanalyzer,736a114354f8a91501c81919bc7c1c8d6fb1ba2e,FD-Autotune-2,fd-autotune-2,34,34.0000,1.0000
seq-sat,scanalyzer,736a114354f8a91501c81919bc7c1c8d6fb1ba2e,FDSS-1,fdss-1_seq-sat,42,34.0000,0.8095
seq-sat,scanalyzer,736a114354f8a91501c81919bc7c1c8d6fb1ba2e,FDSS-2,fdss-2_seq-sat,40,34.0000,0.8500
seq-sat,scanalyzer,736a114354f8a91501c81919bc7c1c8d6fb1ba2e,Fork Uniform,forkuniform,38,34.0000,0.8947
seq-sat,scanalyzer,736a114354f8a91501c81919bc7c1c8d6fb1ba2e,LAMA-2008,lama-2008,40,34.0000,0.8500
seq-sat,scanalyzer,736a114354f8a91501c81919bc7c1c8d6fb1ba2e,LAMA-2011,lama-2011,48,34.0000,0.7083
seq-sat,scanalyzer,736a114354f8a91501c81919bc7c1c8d6fb1ba2e,LPRPG-P,lprpgp,116,34.0000,0.2931
seq-sat,scanalyzer,736a114354f8a91501c81919bc7c1c8d6fb1ba2e,Lamar,lamar,38,34.0000,0.8947
seq-sat,scanalyzer,736a114354f8a91501c81919bc7c1c8d6fb1ba2e,Madagascar-p,madagascar-p_seq-sat,48,34.0000,0.7083
seq-sat,scanalyzer,736a114354f8a91501c81919bc7c1c8d6fb1ba2e,POPF2,popf2_seq-sat,64,34.0000,0.5312
seq-sat,scanalyzer,736a114354f8a91501c81919bc7c1c8d6fb1ba2e,Probe,probe,42,34.0000,0.8095
seq-sat,scanalyzer,736a114354f8a91501c81919bc7c1c8d6fb1ba2e,Randward,randward,34,34.0000,1.0000
seq-sat,scanalyzer,736a114354f8a91501c81919bc7c1c8d6fb1ba2e,Roamer,roamer,36,34.0000,0.9444
seq-sat,scanalyzer,736a114354f8a91501c81919bc7c1c8d6fb1ba2e,YAHSP2,yahsp2_seq-sat,148,34.0000,0.2297
seq-sat,scanalyzer,736a114354f8a91501c81919bc7c1c8d6fb1ba2e,YAHSP2-MT,yahsp2-mt_seq-sat,78,34.0000,0.4359
seq-sat,scanalyzer,95214396e743d8a7e3386ce6f2ad7d7353fb1678,Arvand,arvand,92,92.0000,1.0000
seq-sat,scanalyzer,95214396e743d8a7e3386ce6f2ad7d7353fb1678,BRT,brt,114,92.0000,0.8070
seq-sat,scanalyzer,95214396e743d8a7e3386ce6f2ad7d7353fb1678,DAE-YAHSP,dae_yahsp_seq-sat,102,92.0000,0.9020
seq-sat,scanalyzer,95214396e743d8a7e3386ce6f2ad7d7353fb1678,FD-Autotune-1,fd-autotune-1,102,92.0000,0.9020
seq-sat,scanalyzer,95214396e743d8a7e3386ce6f2ad7d7353fb1678,FD-Autotune-2,fd-autotune-2,100,92.0000,0.9200
seq-sat,scanalyzer,95214396e743d8a7e3386ce6f2ad7d7353fb1678,FDSS-1,fdss-1_seq-sat,102,92.0000,0.9020
seq-sat,scanalyzer,95214396e743d8a7e3386ce6f2ad7d7353fb1678,FDSS-2,fdss-2_seq-sat,112,92.0000,0.8214
seq-sat,scanalyzer,95214396e743d8a7e3386ce6f2ad7d7353fb1678,Fork Uniform,forkuniform,132,92.0000,0.6970
seq-sat,scanalyzer,95214396e743d8a7e3386ce6f2ad7d7353fb1678,LAMA-2008,lama-2008,108,92.0000,0.8519
seq-sat,scanalyzer,95214396e743d8a7e3386ce6f2ad7d7353fb1678,LAMA-2011,lama-2011,112,92.0000,0.8214
seq-sat,scanalyzer,95214396e743d8a7e3386ce6f2ad7d7353fb1678,LPRPG-P,lprpgp,158,92.0000,0.5823
seq-sat,scanalyzer,95214396e743d8a7e3386ce6f2ad7d7353fb1678,Lamar,lamar,114,92.0000,0.8070
seq-sat,scanalyzer,95214396e743d8a7e3386ce6f2ad7d7353fb1678,Madagascar-p,madagascar-p_seq-sat,274,92.0000,0.3358
seq-sat,scanalyzer,95214396e743d8a7e3386ce6f2ad7d7353fb1678,POPF2,popf2_seq-sat,128,92.0000,0.7188
seq-sat,scanalyzer,95214396e743d8a7e3386ce6f2ad7d7353fb1678,Probe,probe,114,92.0000,0.8070
seq-sat,scanalyzer,95214396e743d8a7e3386ce6f2ad7d7353fb1678,Roamer,roamer,106,92.0000,0.8679
seq-sat,scanalyzer,95214396e743d8a7e3386ce6f2ad7d7353fb1678,YAHSP2,yahsp2_seq-sat,230,92.0000,0.4000
seq-sat,scanalyzer,95214396e743d8a7e3386ce6f2ad7d7353fb1678,YAHSP2-MT,yahsp2-mt_seq-sat,202,92.0000,0.4554
seq-sat,scanalyzer,a932d70c2ad62d8eed747b8bfe5b7d221fcca5ad,Arvand,arvand,68,68.0000,1.0000
seq-sat,scanalyzer,a932d70c2ad62d8eed747b8bfe5b7d221fcca5ad,BRT,brt,84,68.0000,0.8095
seq-sat,scanalyzer,a932d70c2ad62d8eed747b8bfe5b7d221fcca5ad,DAE-YAHSP,dae_yahsp_seq-sat,72,68.0000,0.9444
seq-sat,scanalyzer,a932d70c2ad62d8eed747b8bfe5b7d221fcca5ad,FD-Autotune-1,fd-autotune-1,78,68.0000,0.8718
seq-sat,scanalyzer,a932d70c2ad62d8eed747b8bfe5b7d221fcca5ad,FD-Autotune-2,fd-autotune-2,76,68.0000,0.8947
seq-sat,scanalyzer,a932d70c2ad62d8eed747b8bfe5b7d221fcca5ad,FDSS-1,fdss-1_seq-sat,70,68.0000,0.9714
seq-sat,scanalyzer,a932d70c2ad62d8eed747b8bfe5b7d221fcca5ad,FDSS-2,fdss-2_seq-sat,86,68.0000,0.7907
seq-sat,scanalyzer,a932d70c2ad62d8eed747b8bfe5b7d221fcca5ad,Fork Uniform,forkuniform,84,68.0000,0.8095
seq-sat,scanalyzer,a932d70c2ad62d8eed747b8bfe5b7d221fcca5ad,LAMA-2008,lama-2008,80,68.0000,0.8500
seq-sat,scanalyzer,a932d70c2ad62d8eed747b8bfe5b7d221fcca5ad,LAMA-2011,lama-2011,68,68.0000,1.0000
seq-sat,scanalyzer,a932d70c2ad62d8eed747b8bfe5b7d221fcca5ad,LPRPG-P,lprpgp,114,68.0000,0.5965
seq-sat,scanalyzer,a932d70c2ad62d8eed747b8bfe5b7d221fcca5ad,Lamar,lamar,88,68.0000,0.7727
seq-sat,scanalyzer,a932d70c2ad62d8eed747b8bfe5b7d221fcca5ad,Madagascar-p,madagascar-p_seq-sat,164,68.0000,0.4146
seq-sat,scanalyzer,a932d70c2ad62d8eed747b8bfe5b7d221fcca5ad,POPF2,popf2_seq-sat,96,68.0000,0.7083
seq-sat,scanalyzer,a932d70c2ad62d8eed747b8bfe5b7d221fcca5ad,Probe,probe,84,68.0000,0.8095
seq-sat,scanalyzer,a932d70c2ad62d8eed747b8bfe5b7d221fcca5ad,Randward,randward,98,68.0000,0.6939
seq-sat,scanalyzer,a932d70c2ad62d8eed747b8bfe5b7d221fcca5ad,Roamer,roamer,80,68.0000,0.8500
seq-sat,scanalyzer,a932d70c2ad62d8eed747b8bfe5b7d221fcca5ad,YAHSP2,yahsp2_seq-sat,152,68.0000,0.4474
seq-sat,scanalyzer,a932d70c2ad62d8eed747b8bfe5b7d221fcca5ad,YAHSP2-MT,yahsp2-mt_seq-sat,152,68.0000,0.4474
seq-sat,scanalyzer,a9a5c140b56100a9bd1ced02c8c86744d13dfdb9,Arvand,arvand,30,30.0000,1.0000
seq-sat,scanalyzer,a9a5c140b56100a9bd1ced02c8c86744d13dfdb9,BRT,brt,32,30.0000,0.9375
seq-sat,scanalyzer,a9a5c140b56100a9bd1ced02c8c86744d13dfdb9,DAE-YAHSP,dae_yahsp_seq-sat,60,30.0000,0.5000
seq-sat,scanalyzer,a9a5c140b56100a9bd1ced02c8c86744d13dfdb9,FD-Autotune-1,fd-autotune-1,34,30.0000,0.8824
seq-sat,scanalyzer,a9a5c140b56100a9bd1ced02c8c86744d13dfdb9,FD-Autotune-2,fd-autotune-2,30,30.0000,1.0000
seq-sat,scanalyzer,a9a5c140b56100a9bd1ced02c8c86744d13dfdb9,FDSS-1,fdss-1_seq-sat,32,30.0000,0.9375
seq-sat,scanalyzer,a9a5c140b56100a9bd1ced02c8c86744d13dfdb9,FDSS-2,fdss-2_seq-sat,34,30.0000,0.8824
seq-sat,scanalyzer,a9a5c140b56100a9bd1ced02c8c86744d13dfdb9,Fork Uniform,forkuniform,34,30.0000,0.8824
seq-sat,scanalyzer,a9a5c140b56100a9bd1ced02c8c86744d13dfdb9,LAMA-2008,lama-2008,30,30.0000,1.0000
seq-sat,scanalyzer,a9a5c140b56100a9bd1ced02c8c86744d13dfdb9,LAMA-2011,lama-2011,30,30.0000,1.0000
seq-sat,scanalyzer,a9a5c140b56100a9bd1ced02c8c86744d13dfdb9,LPRPG-P,lprpgp,52,30.0000,0.5769
seq-sat,scanalyzer,a9a5c140b56100a9bd1ced02c8c86744d13dfdb9,Lamar,lamar,30,30.0000,1.0000
seq-sat,scanalyzer,a9a5c140b56100a9bd1ced02c8c86744d13dfdb9,Madagascar,madagascar_seq-sat,34,30.0000,0.8824
seq-sat,scanalyzer,a9a5c140b56100a9bd1ced02c8c86744d13dfdb9,Madagascar-p,madagascar-p_seq-sat,36,30.0000,0.8333
seq-sat,scanalyzer,a9a5c140b56100a9bd1ced02c8c86744d13dfdb9,POPF2,popf2_seq-sat,40,30.0000,0.7500
seq-sat,scanalyzer,a9a5c140b56100a9bd1ced02c8c86744d13dfdb9,Probe,probe,34,30.0000,0.8824
seq-sat,scanalyzer,a9a5c140b56100a9bd1ced02c8c86744d13dfdb9,Randward,randward,32,30.0000,0.9375
seq-sat,scanalyzer,a9a5c140b56100a9bd1ced02c8c86744d13dfdb9,Roamer,roamer,30,30.0000,1.0000
seq-sat,scanalyzer,a9a5c140b56100a9bd1ced02c8c86744d13dfdb9,YAHSP2,yahsp2_seq-sat,178,30.0000,0.1685
seq-sat,scanalyzer,a9a5c140b56100a9bd1ced02c8c86744d13dfdb9,YAHSP2-MT,yahsp2-mt_seq-sat,114,30.0000,0.2632
seq-sat,scanalyzer,a9ce1cb6a249feb352542c595f679b68f77191ea,Arvand,arvand,46,46.0000,1.0000
seq-sat,scanalyzer,a9ce1cb6a249feb352542c595f679b68f77191ea,BRT,brt,50,46.0000,0.9200
seq-sat,scanalyzer,a9ce1cb6a249feb352542c595f679b68f77191ea,DAE-YAHSP,dae_yahsp_seq-sat,48,46.0000,0.9583
seq-sat,scanalyzer,a9ce1cb6a249feb352542c595f679b68f77191ea,FD-Autotune-1,fd-autotune-1,48,46.0000,0.9583
seq-sat,scanalyzer,a9ce1cb6a249feb352542c595f679b68f77191ea,FD-Autotune-2,fd-autotune-2,46,46.0000,1.0000
seq-sat,scanalyzer,a9ce1cb6a249feb352542c595f679b68f77191ea,FDSS-1,fdss-1_seq-sat,54,46.0000,0.8519
seq-sat,scanalyzer,a9ce1cb6a249feb352542c595f679b68f77191ea,FDSS-2,fdss-2_seq-sat,58,46.0000,0.7931
seq-sat,scanalyzer,a9ce1cb6a249feb352542c595f679b68f77191ea,Fork Uniform,forkuniform,52,46.0000,0.8846
seq-sat,scanalyzer,a9ce1cb6a249feb352542c595f679b68f77191ea,LAMA-2008,lama-2008,54,46.0000,0.8519
seq-sat,scanalyzer,a9ce1cb6a249feb352542c595f679b68f77191ea,LAMA-2011,lama-2011,46,46.0000,1.0000
seq-sat,scanalyzer,a9ce1cb6a249feb352542c595f679b68f77191ea,LPRPG-P,lprpgp,68,46.0000,0.6765
seq-sat,scanalyzer,a9ce1cb6a249feb352542c595f679b68f77191ea,Lamar,lamar,52,46.0000,0.8846
seq-sat,scanalyzer,a9ce1cb6a249feb352542c595f679b68f77191ea,Madagascar,madagascar_seq-sat,88,46.0000,0.5227
seq-sat,scanalyzer,a9ce1cb6a249feb352542c595f679b68f77191ea,Madagascar-p,madagascar-p_seq-sat,96,46.0000,0.4792
seq-sat,scanalyzer,a9ce1cb6a249feb352542c595f679b68f77191ea,POPF2,popf2_seq-sat,64,46.0000,0.7188
seq-sat,scanalyzer,a9ce1cb6a249feb352542c595f679b68f77191ea,Probe,probe,58,46.0000,0.7931
seq-sat,scanalyzer,a9ce1cb6a249feb352542c595f679b68f77191ea,Randward,randward,66,46.0000,0.6970
seq-sat,scanalyzer,a9ce1cb6a249feb352542c595f679b68f77191ea,Roamer,roamer,46,46.0000,1.0000
seq-sat,scanalyzer,a9ce1cb6a249feb352542c595f679b68f77191ea,SATPLANLM-C,satplanlm-c,74,46.0000,0.6216
seq-sat,scanalyzer,a9ce1cb6a249feb352542c595f679b68f77191ea,YAHSP2,yahsp2_seq-sat,82,46.0000,0.5610
seq-sat,scanalyzer,a9ce1cb6a249feb352542c595f679b68f77191ea,YAHSP2-MT,yahsp2-mt_seq-sat,80,46.0000,0.5750
seq-sat,scanalyzer,af81dba6c6341a2903520e3a62085c9417265070,Arvand,arvand,36,36.0000,1.0000
seq-sat,scanalyzer,af81dba6c6341a2903520e3a62085c9417265070,BRT,brt,36,36.0000,1.0000
seq-sat,scanalyzer,af81dba6c6341a2903520e3a62085c9417265070,CBP,cbp,166,36.0000,0.2169
seq-sat,scanalyzer,af81dba6c6341a2903520e3a62085c9417265070,CBP2,cbp2,164,36.0000,0.2195
seq-sat,scanalyzer,af81dba6c6341a2903520e3a62085c9417265070,DAE-YAHSP,dae_yahsp_seq-sat,36,36.0000,1.0000
seq-sat,scanalyzer,af81dba6c6341a2903520e3a62085c9417265070,FD-Autotune-1,fd-autotune-1,36,36.0000,1.0000
seq-sat,scanalyzer,af81dba6c6341a2903520e3a62085c9417265070,FD-Autotune-2,fd-autotune-2,36,36.0000,1.0000
seq-sat,scanalyzer,af81dba6c6341a2903520e3a62085c9417265070,FDSS-1,fdss-1_seq-sat,40,36.0000,0.9000
seq-sat,scanalyzer,af81dba6c6341a2903520e3a62085c9417265070,FDSS-2,fdss-2_seq-sat,42,36.0000,0.8571
seq-sat,scanalyzer,af81dba6c6341a2903520e3a62085c9417265070,Fork Uniform,forkuniform,36,36.0000,1.0000
seq-sat,scanalyzer,af81dba6c6341a2903520e3a62085c9417265070,LAMA-2008,lama-2008,46,36.0000,0.7826
seq-sat,scanalyzer,af81dba6c6341a2903520e3a62085c9417265070,LAMA-2011,lama-2011,36,36.0000,1.0000
seq-sat,scanalyzer,af81dba6c6341a2903520e3a62085c9417265070,LPRPG-P,lprpgp,46,36.0000,0.7826
seq-sat,scanalyzer,af81dba6c6341a2903520e3a62085c9417265070,Lamar,lamar,36,36.0000,1.0000
seq-sat,scanalyzer,af81dba6c6341a2903520e3a62085c9417265070,Madagascar,madagascar_seq-sat,62,36.0000,0.5806
seq-sat,scanalyzer,af81dba6c6341a2903520e3a62085c9417265070,Madagascar-p,madagascar-p_seq-sat,56,36.0000,0.6429
seq-sat,scanalyzer,af81dba6c6341a2903520e3a62085c9417265070,POPF2,popf2_seq-sat,48,36.0000,0.7500
seq-sat,scanalyzer,af81dba6c6341a2903520e3a62085c9417265070,Probe,probe,48,36.0000,0.7500
seq-sat,scanalyzer,af81dba6c6341a2903520e3a62085c9417265070,Randward,randward,36,36.0000,1.0000
seq-sat,scanalyzer,af81dba6c6341a2903520e3a62085c9417265070,Roamer,roamer,38,36.0000,0.9474
seq-sat,scanalyzer,af81dba6c6341a2903520e3a62085c9417265070,SATPLANLM-C,satplanlm-c,52,36.0000,0.6923
seq-sat,scanalyzer,af81dba6c6341a2903520e3a62085c9417265070,YAHSP2,yahsp2_seq-sat,62,36.0000,0.5806
seq-sat,scanalyzer,af81dba6c6341a2903520e3a62085c9417265070,YAHSP2-MT,yahsp2-mt_seq-sat,62,36.0000,0.5806
seq-sat,scanalyzer,ce8f498aa3d9e60e1cebb170ddc472b2a2d19f30,Arvand,arvand,66,66.0000,1.0000
seq-sat,scanalyzer,ce8f498aa3d9e60e1cebb170ddc472b2a2d19f30,BRT,brt,74,66.0000,0.8919
seq-sat,scanalyzer,ce8f498aa3d9e60e1cebb170ddc472b2a2d19f30,DAE-YAHSP,dae_yahsp_seq-sat,68,66.0000,0.9706
seq-sat,scanalyzer,ce8f498aa3d9e60e1cebb170ddc472b2a2d19f30,FD-Autotune-1,fd-autotune-1,76,66.0000,0.8684
seq-sat,scanalyzer,ce8f498aa3d9e60e1cebb170ddc472b2a2d19f30,FD-Autotune-2,fd-autotune-2,76,66.0000,0.8684
seq-sat,scanalyzer,ce8f498aa3d9e60e1cebb170ddc472b2a2d19f30,FDSS-1,fdss-1_seq-sat,74,66.0000,0.8919
seq-sat,scanalyzer,ce8f498aa3d9e60e1cebb170ddc472b2a2d19f30,FDSS-2,fdss-2_seq-sat,76,66.0000,0.8684
seq-sat,scanalyzer,ce8f498aa3d9e60e1cebb170ddc472b2a2d19f30,Fork Uniform,forkuniform,74,66.0000,0.8919
seq-sat,scanalyzer,ce8f498aa3d9e60e1cebb170ddc472b2a2d19f30,LAMA-2008,lama-2008,74,66.0000,0.8919
seq-sat,scanalyzer,ce8f498aa3d9e60e1cebb170ddc472b2a2d19f30,LAMA-2011,lama-2011,74,66.0000,0.8919
seq-sat,scanalyzer,ce8f498aa3d9e60e1cebb170ddc472b2a2d19f30,LPRPG-P,lprpgp,150,66.0000,0.4400
seq-sat,scanalyzer,ce8f498aa3d9e60e1cebb170ddc472b2a2d19f30,Lamar,lamar,76,66.0000,0.8684
seq-sat,scanalyzer,ce8f498aa3d9e60e1cebb170ddc472b2a2d19f30,Madagascar-p,madagascar-p_seq-sat,170,66.0000,0.3882
seq-sat,scanalyzer,ce8f498aa3d9e60e1cebb170ddc472b2a2d19f30,POPF2,popf2_seq-sat,104,66.0000,0.6346
seq-sat,scanalyzer,ce8f498aa3d9e60e1cebb170ddc472b2a2d19f30,Probe,probe,90,66.0000,0.7333
seq-sat,scanalyzer,ce8f498aa3d9e60e1cebb170ddc472b2a2d19f30,Randward,randward,76,66.0000,0.8684
seq-sat,scanalyzer,ce8f498aa3d9e60e1cebb170ddc472b2a2d19f30,Roamer,roamer,74,66.0000,0.8919
seq-sat,scanalyzer,ce8f498aa3d9e60e1cebb170ddc472b2a2d19f30,YAHSP2,yahsp2_seq-sat,106,66.0000,0.6226
seq-sat,scanalyzer,ce8f498aa3d9e60e1cebb170ddc472b2a2d19f30,YAHSP2-MT,yahsp2-mt_seq-sat,104,66.0000,0.6346
seq-sat,scanalyzer,deeb605dc9e9ed182b18e62cbc6c46c2b4c43a9c,Arvand,arvand,48,48.0000,1.0000
seq-sat,scanalyzer,deeb605dc9e9ed182b18e62cbc6c46c2b4c43a9c,BRT,brt,54,48.0000,0.8889
seq-sat,scanalyzer,deeb605dc9e9ed182b18e62cbc6c46c2b4c43a9c,DAE-YAHSP,dae_yahsp_seq-sat,50,48.0000,0.9600
seq-sat,scanalyzer,deeb605dc9e9ed182b18e62cbc6c46c2b4c43a9c,FD-Autotune-1,fd-autotune-1,56,48.0000,0.8571
seq-sat,scanalyzer,deeb605dc9e9ed182b18e62cbc6c46c2b4c43a9c,FD-Autotune-2,fd-autotune-2,52,48.0000,0.9231
seq-sat,scanalyzer,deeb605dc9e9ed182b18e62cbc6c46c2b4c43a9c,FDSS-1,fdss-1_seq-sat,54,48.0000,0.8889
seq-sat,scanalyzer,deeb605dc9e9ed182b18e62cbc6c46c2b4c43a9c,FDSS-2,fdss-2_seq-sat,56,48.0000,0.8571
seq-sat,scanalyzer,deeb605dc9e9ed182b18e62cbc6c46c2b4c43a9c,Fork Uniform,forkuniform,54,48.0000,0.8889
seq-sat,scanalyzer,deeb605dc9e9ed182b18e62cbc6c46c2b4c43a9c,LAMA-2008,lama-2008,54,48.0000,0.8889
seq-sat,scanalyzer,deeb605dc9e9ed182b18e62cbc6c46c2b4c43a9c,LAMA-2011,lama-2011,54,48.0000,0.8889
seq-sat,scanalyzer,deeb605dc9e9ed182b18e62cbc6c46c2b4c43a9c,LPRPG-P,lprpgp,102,48.0000,0.4706
seq-sat,scanalyzer,deeb605dc9e9ed182b18e62cbc6c46c2b4c43a9c,Lamar,lamar,56,48.0000,0.8571
seq-sat,scanalyzer,deeb605dc9e9ed182b18e62cbc6c46c2b4c43a9c,Madagascar,madagascar_seq-sat,114,48.0000,0.4211
seq-sat,scanalyzer,deeb605dc9e9ed182b18e62cbc6c46c2b4c43a9c,Madagascar-p,madagascar-p_seq-sat,96,48.0000,0.5000
seq-sat,scanalyzer,deeb605dc9e9ed182b18e62cbc6c46c2b4c43a9c,POPF2,popf2_seq-sat,76,48.0000,0.6316
seq-sat,scanalyzer,deeb605dc9e9ed182b18e62cbc6c46c2b4c43a9c,Probe,probe,66,48.0000,0.7273
seq-sat,scanalyzer,deeb605dc9e9ed182b18e62cbc6c46c2b4c43a9c,Randward,randward,54,48.0000,0.8889
seq-sat,scanalyzer,deeb605dc9e9ed182b18e62cbc6c46c2b4c43a9c,Roamer,roamer,54,48.0000,0.8889
seq-sat,scanalyzer,deeb605dc9e9ed182b18e62cbc6c46c2b4c43a9c,YAHSP2,yahsp2_seq-sat,92,48.0000,0.5217
seq-sat,scanalyzer,deeb605dc9e9ed182b18e62cbc6c46c2b4c43a9c,YAHSP2-MT,yahsp2-mt_seq-sat,124,48.0000,0.3871
seq-sat,scanalyzer,f19a0df674280f550baae34dafec2be376f4d81b,Arvand,arvand,75,61.0000,0.8133
seq-sat,scanalyzer,f19a0df674280f550baae34dafec2be376f4d81b,BRT,brt,87,61.0000,0.7011
seq-sat,scanalyzer,f19a0df674280f550baae34dafec2be376f4d81b,FD-Autotune-1,fd-autotune-1,77,61.0000,0.7922
seq-sat,scanalyzer,f19a0df674280f550baae34dafec2be376f4d81b,FDSS-1,fdss-1_seq-sat,61,61.0000,1.0000
seq-sat,scanalyzer,f19a0df674280f550baae34dafec2be376f4d81b,FDSS-2,fdss-2_seq-sat,79,61.0000,0.7722
seq-sat,scanalyzer,f19a0df674280f550baae34dafec2be376f4d81b,LAMA-2008,lama-2008,83,61.0000,0.7349
seq-sat,scanalyzer,f19a0df674280f550baae34dafec2be376f4d81b,LAMA-2011,lama-2011,83,61.0000,0.7349
seq-sat,scanalyzer,f19a0df674280f550baae34dafec2be376f4d81b,Lamar,lamar,81,61.0000,0.7531
seq-sat,scanalyzer,f19a0df674280f550baae34dafec2be376f4d81b,Probe,probe,101,61.0000,0.6040
seq-sat,scanalyzer,f19a0df674280f550baae34dafec2be376f4d81b,Randward,randward,81,61.0000,0.7531
seq-sat,scanalyzer,f19a0df674280f550baae34dafec2be376f4d81b,Roamer,roamer,83,61.0000,0.7349
seq-sat,scanalyzer,f19a0df674280f550baae34dafec2be376f4d81b,YAHSP2,yahsp2_seq-sat,177,61.0000,0.3446
seq-sat,scanalyzer,f8a2843d8a8c5df6508db30c722f0f5310ec864b,Arvand,arvand,74,74.0000,1.0000
seq-sat,scanalyzer,f8a2843d8a8c5df6508db30c722f0f5310ec864b,BRT,brt,84,74.0000,0.8810
seq-sat,scanalyzer,f8a2843d8a8c5df6508db30c722f0f5310ec864b,DAE-YAHSP,dae_yahsp_seq-sat,82,74.0000,0.9024
seq-sat,scanalyzer,f8a2843d8a8c5df6508db30c722f0f5310ec864b,FD-Autotune-1,fd-autotune-1,86,74.0000,0.8605
seq-sat,scanalyzer,f8a2843d8a8c5df6508db30c722f0f5310ec864b,FD-Autotune-2,fd-autotune-2,86,74.0000,0.8605
seq-sat,scanalyzer,f8a2843d8a8c5df6508db30c722f0f5310ec864b,FDSS-1,fdss-1_seq-sat,84,74.0000,0.8810
seq-sat,scanalyzer,f8a2843d8a8c5df6508db30c722f0f5310ec864b,FDSS-2,fdss-2_seq-sat,86,74.0000,0.8605
seq-sat,scanalyzer,f8a2843d8a8c5df6508db30c722f0f5310ec864b,Fork Uniform,forkuniform,84,74.0000,0.8810
seq-sat,scanalyzer,f8a2843d8a8c5df6508db30c722f0f5310ec864b,LAMA-2008,lama-2008,84,74.0000,0.8810
seq-sat,scanalyzer,f8a2843d8a8c5df6508db30c722f0f5310ec864b,LAMA-2011,lama-2011,84,74.0000,0.8810
seq-sat,scanalyzer,f8a2843d8a8c5df6508db30c722f0f5310ec864b,LPRPG-P,lprpgp,174,74.0000,0.4253
seq-sat,scanalyzer,f8a2843d8a8c5df6508db30c722f0f5310ec864b,Lamar,lamar,86,74.0000,0.8605
seq-sat,scanalyzer,f8a2843d8a8c5df6508db30c722f0f5310ec864b,Madagascar-p,madagascar-p_seq-sat,208,74.0000,0.3558
seq-sat,scanalyzer,f8a2843d8a8c5df6508db30c722f0f5310ec864b,POPF2,popf2_seq-sat,118,74.0000,0.6271
seq-sat,scanalyzer,f8a2843d8a8c5df6508db30c722f0f5310ec864b,Probe,probe,100,74.0000,0.7400
seq-sat,scanalyzer,f8a2843d8a8c5df6508db30c722f0f5310ec864b,Randward,randward,88,74.0000,0.8409
seq-sat,scanalyzer,f8a2843d8a8c5df6508db30c722f0f5310ec864b,Roamer,roamer,84,74.0000,0.8810
seq-sat,scanalyzer,f8a2843d8a8c5df6508db30c722f0f5310ec864b,YAHSP2,yahsp2_seq-sat,120,74.0000,0.6167
seq-sat,scanalyzer,f8a2843d8a8c5df6508db30c722f0f5310ec864b,YAHSP2-MT,yahsp2-mt_seq-sat,224,74.0000,0.3304
seq-sat,scanalyzer,f9b754a2c6a62df699a269ec721549ddf117ee42,Arvand,arvand,56,56.0000,1.0000
seq-sat,scanalyzer,f9b754a2c6a62df699a269ec721549ddf117ee42,BRT,brt,64,56.0000,0.8750
seq-sat,scanalyzer,f9b754a2c6a62df699a269ec721549ddf117ee42,CBP,cbp,440,56.0000,0.1273
seq-sat,scanalyzer,f9b754a2c6a62df699a269ec721549ddf117ee42,CBP2,cbp2,440,56.0000,0.1273
seq-sat,scanalyzer,f9b754a2c6a62df699a269ec721549ddf117ee42,DAE-YAHSP,dae_yahsp_seq-sat,62,56.0000,0.9032
seq-sat,scanalyzer,f9b754a2c6a62df699a269ec721549ddf117ee42,FD-Autotune-1,fd-autotune-1,74,56.0000,0.7568
seq-sat,scanalyzer,f9b754a2c6a62df699a269ec721549ddf117ee42,FD-Autotune-2,fd-autotune-2,64,56.0000,0.8750
seq-sat,scanalyzer,f9b754a2c6a62df699a269ec721549ddf117ee42,FDSS-1,fdss-1_seq-sat,64,56.0000,0.8750
seq-sat,scanalyzer,f9b754a2c6a62df699a269ec721549ddf117ee42,FDSS-2,fdss-2_seq-sat,62,56.0000,0.9032
seq-sat,scanalyzer,f9b754a2c6a62df699a269ec721549ddf117ee42,Fork Uniform,forkuniform,62,56.0000,0.9032
seq-sat,scanalyzer,f9b754a2c6a62df699a269ec721549ddf117ee42,LAMA-2008,lama-2008,68,56.0000,0.8235
seq-sat,scanalyzer,f9b754a2c6a62df699a269ec721549ddf117ee42,LAMA-2011,lama-2011,56,56.0000,1.0000
seq-sat,scanalyzer,f9b754a2c6a62df699a269ec721549ddf117ee42,LPRPG-P,lprpgp,92,56.0000,0.6087
seq-sat,scanalyzer,f9b754a2c6a62df699a269ec721549ddf117ee42,Lamar,lamar,76,56.0000,0.7368
seq-sat,scanalyzer,f9b754a2c6a62df699a269ec721549ddf117ee42,Madagascar,madagascar_seq-sat,112,56.0000,0.5000
seq-sat,scanalyzer,f9b754a2c6a62df699a269ec721549ddf117ee42,Madagascar-p,madagascar-p_seq-sat,136,56.0000,0.4118
seq-sat,scanalyzer,f9b754a2c6a62df699a269ec721549ddf117ee42,POPF2,popf2_seq-sat,80,56.0000,0.7000
seq-sat,scanalyzer,f9b754a2c6a62df699a269ec721549ddf117ee42,Probe,probe,74,56.0000,0.7568
seq-sat,scanalyzer,f9b754a2c6a62df699a269ec721549ddf117ee42,Randward,randward,64,56.0000,0.8750
seq-sat,scanalyzer,f9b754a2c6a62df699a269ec721549ddf117ee42,Roamer,roamer,60,56.0000,0.9333
seq-sat,scanalyzer,f9b754a2c6a62df699a269ec721549ddf117ee42,YAHSP2,yahsp2_seq-sat,96,56.0000,0.5833
seq-sat,scanalyzer,f9b754a2c6a62df699a269ec721549ddf117ee42,YAHSP2-MT,yahsp2-mt_seq-sat,96,56.0000,0.5833
seq-sat,scanalyzer,fa2d6a4c977c92ccb29aa31fee663bfb7fbe8518,Arvand,arvand,40,38.0000,0.9500
seq-sat,scanalyzer,fa2d6a4c977c92ccb29aa31fee663bfb7fbe8518,BRT,brt,44,38.0000,0.8636
seq-sat,scanalyzer,fa2d6a4c977c92ccb29aa31fee663bfb7fbe8518,CBP,cbp,76,38.0000,0.5000
seq-sat,scanalyzer,fa2d6a4c977c92ccb29aa31fee663bfb7fbe8518,CBP2,cbp2,76,38.0000,0.5000
seq-sat,scanalyzer,fa2d6a4c977c92ccb29aa31fee663bfb7fbe8518,DAE-YAHSP,dae_yahsp_seq-sat,40,38.0000,0.9500
seq-sat,scanalyzer,fa2d6a4c977c92ccb29aa31fee663bfb7fbe8518,FD-Autotune-1,fd-autotune-1,46,38.0000,0.8261
seq-sat,scanalyzer,fa2d6a4c977c92ccb29aa31fee663bfb7fbe8518,FD-Autotune-2,fd-autotune-2,38,38.0000,1.0000
seq-sat,scanalyzer,fa2d6a4c977c92ccb29aa31fee663bfb7fbe8518,FDSS-1,fdss-1_seq-sat,40,38.0000,0.9500
seq-sat,scanalyzer,fa2d6a4c977c92ccb29aa31fee663bfb7fbe8518,FDSS-2,fdss-2_seq-sat,46,38.0000,0.8261
seq-sat,scanalyzer,fa2d6a4c977c92ccb29aa31fee663bfb7fbe8518,Fork Uniform,forkuniform,40,38.0000,0.9500
seq-sat,scanalyzer,fa2d6a4c977c92ccb29aa31fee663bfb7fbe8518,LAMA-2008,lama-2008,44,38.0000,0.8636
seq-sat,scanalyzer,fa2d6a4c977c92ccb29aa31fee663bfb7fbe8518,LAMA-2011,lama-2011,44,38.0000,0.8636
seq-sat,scanalyzer,fa2d6a4c977c92ccb29aa31fee663bfb7fbe8518,LPRPG-P,lprpgp,78,38.0000,0.4872
seq-sat,scanalyzer,fa2d6a4c977c92ccb29aa31fee663bfb7fbe8518,Lamar,lamar,44,38.0000,0.8636
seq-sat,scanalyzer,fa2d6a4c977c92ccb29aa31fee663bfb7fbe8518,Madagascar,madagascar_seq-sat,60,38.0000,0.6333
seq-sat,scanalyzer,fa2d6a4c977c92ccb29aa31fee663bfb7fbe8518,Madagascar-p,madagascar-p_seq-sat,60,38.0000,0.6333
seq-sat,scanalyzer,fa2d6a4c977c92ccb29aa31fee663bfb7fbe8518,POPF2,popf2_seq-sat,60,38.0000,0.6333
seq-sat,scanalyzer,fa2d6a4c977c92ccb29aa31fee663bfb7fbe8518,Probe,probe,46,38.0000,0.8261
seq-sat,scanalyzer,fa2d6a4c977c92ccb29aa31fee663bfb7fbe8518,Randward,randward,44,38.0000,0.8636
seq-sat,scanalyzer,fa2d6a4c977c92ccb29aa31fee663bfb7fbe8518,Roamer,roamer,46,38.0000,0.8261
seq-sat,scanalyzer,fa2d6a4c977c92ccb29aa31fee663bfb7fbe8518,SATPLANLM-C,satplanlm-c,56,38.0000,0.6786
seq-sat,scanalyzer,fa2d6a4c977c92ccb29aa31fee663bfb7fbe8518,YAHSP2,yahsp2_seq-sat,98,38.0000,0.3878
seq-sat,scanalyzer,fa2d6a4c977c92ccb29aa31fee663bfb7fbe8518,YAHSP2-MT,yahsp2-mt_seq-sat,98,38.0000,0.3878
seq-sat,sokoban,0d92dc91e5438b9f72d1533b902a2579490a46d3,CBP,cbp,54,44.0000,0.8148
seq-sat,sokoban,0d92dc91e5438b9f72d1533b902a2579490a46d3,CBP2,cbp2,58,44.0000,0.7586
seq-sat,sokoban,0d92dc91e5438b9f72d1533b902a2579490a46d3,FD-Autotune-1,fd-autotune-1,44,44.0000,1.0000
seq-sat,sokoban,0d92dc91e5438b9f72d1533b902a2579490a46d3,FDSS-1,fdss-1_seq-sat,56,44.0000,0.7857
seq-sat,sokoban,0d92dc91e5438b9f72d1533b902a2579490a46d3,FDSS-2,fdss-2_seq-sat,66,44.0000,0.6667
seq-sat,sokoban,0d92dc91e5438b9f72d1533b902a2579490a46d3,Fork Uniform,forkuniform,44,44.0000,1.0000
seq-sat,sokoban,0d92dc91e5438b9f72d1533b902a2579490a46d3,LAMA-2008,lama-2008,44,44.0000,1.0000
seq-sat,sokoban,0d92dc91e5438b9f72d1533b902a2579490a46d3,LAMA-2011,lama-2011,44,44.0000,1.0000
seq-sat,sokoban,0d92dc91e5438b9f72d1533b902a2579490a46d3,LPRPG-P,lprpgp,64,44.0000,0.6875
seq-sat,sokoban,0d92dc91e5438b9f72d1533b902a2579490a46d3,Lamar,lamar,44,44.0000,1.0000
seq-sat,sokoban,0d92dc91e5438b9f72d1533b902a2579490a46d3,Probe,probe,76,44.0000,0.5789
seq-sat,sokoban,0d92dc91e5438b9f72d1533b902a2579490a46d3,Randward,randward,44,44.0000,1.0000
seq-sat,sokoban,0d92dc91e5438b9f72d1533b902a2579490a46d3,Roamer,roamer,44,44.0000,1.0000
seq-sat,sokoban,29dcd24ea2b31568ceb0b1bc6e291cfa05a0d836,BRT,brt,31,31.0000,1.0000
seq-sat,sokoban,29dcd24ea2b31568ceb0b1bc6e291cfa05a0d836,CBP,cbp,31,31.0000,1.0000
seq-sat,sokoban,29dcd24ea2b31568ceb0b1bc6e291cfa05a0d836,CBP2,cbp2,31,31.0000,1.0000
seq-sat,sokoban,29dcd24ea2b31568ceb0b1bc6e291cfa05a0d836,FD-Autotune-1,fd-autotune-1,31,31.0000,1.0000
seq-sat,sokoban,29dcd24ea2b31568ceb0b1bc6e291cfa05a0d836,FD-Autotune-2,fd-autotune-2,31,31.0000,1.0000
seq-sat,sokoban,29dcd24ea2b31568ceb0b1bc6e291cfa05a0d836,FDSS-1,fdss-1_seq-sat,31,31.0000,1.0000
seq-sat,sokoban,29dcd24ea2b31568ceb0b1bc6e291cfa05a0d836,FDSS-2,fdss-2_seq-sat,31,31.0000,1.0000
seq-sat,sokoban,29dcd24ea2b31568ceb0b1bc6e291cfa05a0d836,Fork Uniform,forkuniform,31,31.0000,1.0000
seq-sat,sokoban,29dcd24ea2b31568ceb0b1bc6e291cfa05a0d836,LAMA-2008,lama-2008,31,31.0000,1.0000
seq-sat,sokoban,29dcd24ea2b31568ceb0b1bc6e291cfa05a0d836,LAMA-2011,lama-2011,31,31.0000,1.0000
seq-sat,sokoban,29dcd24ea2b31568ceb0b1bc6e291cfa05a0d836,LPRPG-P,lprpgp,33,31.0000,0.9394
seq-sat,sokoban,29dcd24ea2b31568ceb0b1bc6e291cfa05a0d836,Lamar,lamar,31,31.0000,1.0000
seq-sat,sokoban,29dcd24ea2b31568ceb0b1bc6e291cfa05a0d836,Madagascar-p,madagascar-p_seq-sat,31,31.0000,1.0000
seq-sat,sokoban,29dcd24ea2b31568ceb0b1bc6e291cfa05a0d836,POPF2,popf2_seq-sat,31,31.0000,1.0000
seq-sat,sokoban,29dcd24ea2b31568ceb0b1bc6e291cfa05a0d836,Probe,probe,33,31.0000,0.9394
seq-sat,sokoban,29dcd24ea2b31568ceb0b1bc6e291cfa05a0d836,Randward,randward,31,31.0000,1.0000
seq-sat,sokoban,29dcd24ea2b31568ceb0b1bc6e291cfa05a0d836,Roamer,roamer,31,31.0000,1.0000
seq-sat,sokoban,2eab28bff6547919966d1c50e17951062c138f82,Arvand,arvand,24,24.0000,1.0000
seq-sat,sokoban,2eab28bff6547919966d1c50e17951062c138f82,BRT,brt,24,24.0000,1.0000
seq-sat,sokoban,2eab28bff6547919966d1c50e17951062c138f82,CBP,cbp,24,24.0000,1.0000
seq-sat,sokoban,2eab28bff6547919966d1c50e17951062c138f82,CBP2,cbp2,24,24.0000,1.0000
seq-sat,sokoban,2eab28bff6547919966d1c50e17951062c138f82,FD-Autotune-1,fd-autotune-1,24,24.0000,1.0000
seq-sat,sokoban,2eab28bff6547919966d1c50e17951062c138f82,FD-Autotune-2,fd-autotune-2,24,24.0000,1.0000
seq-sat,sokoban,2eab28bff6547919966d1c50e17951062c138f82,FDSS-1,fdss-1_seq-sat,24,24.0000,1.0000
seq-sat,sokoban,2eab28bff6547919966d1c50e17951062c138f82,FDSS-2,fdss-2_seq-sat,24,24.0000,1.0000
seq-sat,sokoban,2eab28bff6547919966d1c50e17951062c138f82,Fork Uniform,forkuniform,24,24.0000,1.0000
seq-sat,sokoban,2eab28bff6547919966d1c50e17951062c138f82,LAMA-2008,lama-2008,24,24.0000,1.0000
seq-sat,sokoban,2eab28bff6547919966d1c50e17951062c138f82,LAMA-2011,lama-2011,24,24.0000,1.0000
seq-sat,sokoban,2eab28bff6547919966d1c50e17951062c138f82,POPF2,popf2_seq-sat,24,24.0000,1.0000
seq-sat,sokoban,2eab28bff6547919966d1c50e17951062c138f82,Probe,probe,24,24.0000,1.0000
seq-sat,sokoban,2eab28bff6547919966d1c50e17951062c138f82,Randward,randward,24,24.0000,1.0000
seq-sat,sokoban,2eab28bff6547919966d1c50e17951062c138f82,Roamer,roamer,24,24.0000,1.0000
seq-sat,sokoban,35e101524e4f6711ea5af73ace550788dd1108d1,BRT,brt,52,52.0000,1.0000
seq-sat,sokoban,35e101524e4f6711ea5af73ace550788dd1108d1,CBP,cbp,52,52.0000,1.0000
seq-sat,sokoban,35e101524e4f6711ea5af73ace550788dd1108d1,CBP2,cbp2,52,52.0000,1.0000
seq-sat,sokoban,35e101524e4f6711ea5af73ace550788dd1108d1,FD-Autotune-1,fd-autotune-1,52,52.0000,1.0000
seq-sat,sokoban,35e101524e4f6711ea5af73ace550788dd1108d1,FD-Autotune-2,fd-autotune-2,52,52.0000,1.0000
seq-sat,sokoban,35e101524e4f6711ea5af73ace550788dd1108d1,FDSS-1,fdss-1_seq-sat,52,52.0000,1.0000
seq-sat,sokoban,35e101524e4f6711ea5af73ace550788dd1108d1,FDSS-2,fdss-2_seq-sat,60,52.0000,0.8667
seq-sat,sokoban,35e101524e4f6711ea5af73ace550788dd1108d1,Fork Uniform,forkuniform,52,52.0000,1.0000
seq-sat,sokoban,35e101524e4f6711ea5af73ace550788dd1108d1,LAMA-2008,lama-2008,52,52.0000,1.0000
seq-sat,sokoban,35e101524e4f6711ea5af73ace550788dd1108d1,LAMA-2011,lama-2011,52,52.0000,1.0000
seq-sat,sokoban,35e101524e4f6711ea5af73ace550788dd1108d1,LPRPG-P,lprpgp,68,52.0000,0.7647
seq-sat,sokoban,35e101524e4f6711ea5af73ace550788dd1108d1,Lamar,lamar,52,52.0000,1.0000
seq-sat,sokoban,35e101524e4f6711ea5af73ace550788dd1108d1,Probe,probe,70,52.0000,0.7429
seq-sat,sokoban,35e101524e4f6711ea5af73ace550788dd1108d1,Randward,randward,52,52.0000,1.0000
seq-sat,sokoban,35e101524e4f6711ea5af73ace550788dd1108d1,Roamer,roamer,52,52.0000,1.0000
seq-sat,sokoban,39576b7ff46df9b244bea0cdb83d0b8812acdcd7,Arvand,arvand,18,18.0000,1.0000
seq-sat,sokoban,39576b7ff46df9b244bea0cdb83d0b8812acdcd7,CBP,cbp,20,18.0000,0.9000
seq-sat,sokoban,39576b7ff46df9b244bea0cdb83d0b8812acdcd7,CBP2,cbp2,22,18.0000,0.8182
seq-sat,sokoban,39576b7ff46df9b244bea0cdb83d0b8812acdcd7,FD-Autotune-1,fd-autotune-1,24,18.0000,0.7500
seq-sat,sokoban,39576b7ff46df9b244bea0cdb83d0b8812acdcd7,FD-Autotune-2,fd-autotune-2,18,18.0000,1.0000
seq-sat,sokoban,39576b7ff46df9b244bea0cdb83d0b8812acdcd7,FDSS-1,fdss-1_seq-sat,40,18.0000,0.4500
seq-sat,sokoban,39576b7ff46df9b244bea0cdb83d0b8812acdcd7,FDSS-2,fdss-2_seq-sat,24,18.0000,0.7500
seq-sat,sokoban,39576b7ff46df9b244bea0cdb83d0b8812acdcd7,LAMA-2011,lama-2011,24,18.0000,0.7500
seq-sat,sokoban,39576b7ff46df9b244bea0cdb83d0b8812acdcd7,LPRPG-P,lprpgp,18,18.0000,1.0000
seq-sat,sokoban,39576b7ff46df9b244bea0cdb83d0b8812acdcd7,Lamar,lamar,30,18.0000,0.6000
seq-sat,sokoban,39576b7ff46df9b244bea0cdb83d0b8812acdcd7,Madagascar-p,madagascar-p_seq-sat,36,18.0000,0.5000
seq-sat,sokoban,39576b7ff46df9b244bea0cdb83d0b8812acdcd7,POPF2,popf2_seq-sat,18,18.0000,1.0000
seq-sat,sokoban,3b35464dd93ada3ee46891d70340a350e4da5e8b,CBP,cbp,33,33.0000,1.0000
seq-sat,sokoban,3b35464dd93ada3ee46891d70340a350e4da5e8b,CBP2,cbp2,33,33.0000,1.0000
seq-sat,sokoban,3b35464dd93ada3ee46891d70340a350e4da5e8b,FD-Autotune-1,fd-autotune-1,35,33.0000,0.9429
seq-sat,sokoban,3b35464dd93ada3ee46891d70340a350e4da5e8b,FD-Autotune-2,fd-autotune-2,33,33.0000,1.0000
seq-sat,sokoban,3b35464dd93ada3ee46891d70340a350e4da5e8b,FDSS-1,fdss-1_seq-sat,33,33.0000,1.0000
seq-sat,sokoban,3b35464dd93ada3ee46891d70340a350e4da5e8b,FDSS-2,fdss-2_seq-sat,43,33.0000,0.7674
seq-sat,sokoban,3b35464dd93ada3ee46891d70340a350e4da5e8b,Fork Uniform,forkuniform,33,33.0000,1.0000
seq-sat,sokoban,3b35464dd93ada3ee46891d70340a350e4da5e8b,LAMA-2008,lama-2008,33,33.0000,1.0000
seq-sat,sokoban,3b35464dd93ada3ee46891d70340a350e4da5e8b,LAMA-2011,lama-2011,33,33.0000,1.0000
seq-sat,sokoban,3b35464dd93ada3ee46891d70340a350e4da5e8b,LPRPG-P,lprpgp,43,33.0000,0.7674
seq-sat,sokoban,3b35464dd93ada3ee46891d70340a350e4da5e8b,Lamar,lamar,33,33.0000,1.0000
seq-sat,sokoban,3b35464dd93ada3ee46891d70340a350e4da5e8b,Probe,probe,55,33.0000,0.6000
seq-sat,sokoban,3b35464dd93ada3ee46891d70340a350e4da5e8b,Randward,randward,33,33.0000,1.0000
seq-sat,sokoban,3b35464dd93ada3ee46891d70340a350e4da5e8b,Roamer,roamer,33,33.0000,1.0000
seq-sat,sokoban,4fcb4baa3e45656ec508230e5daa9bd2666fde21,FD-Autotune-1,fd-autotune-1,39,39.0000,1.0000
seq-sat,sokoban,4fcb4baa3e45656ec508230e5daa9bd2666fde21,FD-Autotune-2,fd-autotune-2,39,39.0000,1.0000
seq-sat,sokoban,4fcb4baa3e45656ec508230e5daa9bd2666fde21,FDSS-1,fdss-1_seq-sat,43,39.0000,0.9070
seq-sat,sokoban,4fcb4baa3e45656ec508230e5daa9bd2666fde21,FDSS-2,fdss-2_seq-sat,59,39.0000,0.6610
seq-sat,sokoban,4fcb4baa3e45656ec508230e5daa9bd2666fde21,Fork Uniform,forkuniform,39,39.0000,1.0000
seq-sat,sokoban,4fcb4baa3e45656ec508230e5daa9bd2666fde21,LAMA-2011,lama-2011,61,39.0000,0.6393
seq-sat,sokoban,4fcb4baa3e45656ec508230e5daa9bd2666fde21,Randward,randward,67,39.0000,0.5821
seq-sat,sokoban,5c262e6477d82e3957624513808fde48b46f7b7f,FD-Autotune-1,fd-autotune-1,103,101.0000,0.9806
seq-sat,sokoban,5c262e6477d82e3957624513808fde48b46f7b7f,FD-Autotune-2,fd-autotune-2,101,101.0000,1.0000
seq-sat,sokoban,5c262e6477d82e3957624513808fde48b46f7b7f,FDSS-1,fdss-1_seq-sat,105,101.0000,0.9619
seq-sat,sokoban,5c262e6477d82e3957624513808fde48b46f7b7f,FDSS-2,fdss-2_seq-sat,115,101.0000,0.8783
seq-sat,sokoban,5c262e6477d82e3957624513808fde48b46f7b7f,Fork Uniform,forkuniform,101,101.0000,1.0000
seq-sat,sokoban,5c262e6477d82e3957624513808fde48b46f7b7f,LAMA-2008,lama-2008,107,101.0000,0.9439
seq-sat,sokoban,5c262e6477d82e3957624513808fde48b46f7b7f,LAMA-2011,lama-2011,113,101.0000,0.8938
seq-sat,sokoban,5c262e6477d82e3957624513808fde48b46f7b7f,Lamar,lamar,103,101.0000,0.9806
seq-sat,sokoban,5c262e6477d82e3957624513808fde48b46f7b7f,Probe,probe,125,101.0000,0.8080
seq-sat,sokoban,5c262e6477d82e3957624513808fde48b46f7b7f,Randward,randward,111,101.0000,0.9099
seq-sat,sokoban,5c262e6477d82e3957624513808fde48b46f7b7f,Roamer,roamer,111,101.0000,0.9099
seq-sat,sokoban,65cf7a161e4ff28ea67338d813370650fc63d4c9,BRT,brt,50,50.0000,1.0000
seq-sat,sokoban,65cf7a161e4ff28ea67338d813370650fc63d4c9,CBP,cbp,50,50.0000,1.0000
seq-sat,sokoban,65cf7a161e4ff28ea67338d813370650fc63d4c9,CBP2,cbp2,50,50.0000,1.0000
seq-sat,sokoban,65cf7a161e4ff28ea67338d813370650fc63d4c9,FD-Autotune-1,fd-autotune-1,50,50.0000,1.0000
seq-sat,sokoban,65cf7a161e4ff28ea67338d813370650fc63d4c9,FD-Autotune-2,fd-autotune-2,50,50.0000,1.0000
seq-sat,sokoban,65cf7a161e4ff28ea67338d813370650fc63d4c9,FDSS-1,fdss-1_seq-sat,50,50.0000,1.0000
seq-sat,sokoban,65cf7a161e4ff28ea67338d813370650fc63d4c9,FDSS-2,fdss-2_seq-sat,56,50.0000,0.8929
seq-sat,sokoban,65cf7a161e4ff28ea67338d813370650fc63d4c9,Fork Uniform,forkuniform,50,50.0000,1.0000
seq-sat,sokoban,65cf7a161e4ff28ea67338d813370650fc63d4c9,LAMA-2008,lama-2008,50,50.0000,1.0000
seq-sat,sokoban,65cf7a161e4ff28ea67338d813370650fc63d4c9,LAMA-2011,lama-2011,50,50.0000,1.0000
seq-sat,sokoban,65cf7a161e4ff28ea67338d813370650fc63d4c9,LPRPG-P,lprpgp,56,50.0000,0.8929
seq-sat,sokoban,65cf7a161e4ff28ea67338d813370650fc63d4c9,Lamar,lamar,50,50.0000,1.0000
seq-sat,sokoban,65cf7a161e4ff28ea67338d813370650fc63d4c9,Probe,probe,56,50.0000,0.8929
seq-sat,sokoban,65cf7a161e4ff28ea67338d813370650fc63d4c9,Randward,randward,50,50.0000,1.0000
seq-sat,sokoban,65cf7a161e4ff28ea67338d813370650fc63d4c9,Roamer,roamer,50,50.0000,1.0000
seq-sat,sokoban,680c5f5ce6b88a432d4cea5d80ede1bccc512420,CBP,cbp,47,47.0000,1.0000
seq-sat,sokoban,680c5f5ce6b88a432d4cea5d80ede1bccc512420,CBP2,cbp2,47,47.0000,1.0000
seq-sat,sokoban,680c5f5ce6b88a432d4cea5d80ede1bccc512420,FD-Autotune-1,fd-autotune-1,47,47.0000,1.0000
seq-sat,sokoban,680c5f5ce6b88a432d4cea5d80ede1bccc512420,FD-Autotune-2,fd-autotune-2,47,47.0000,1.0000
seq-sat,sokoban,680c5f5ce6b88a432d4cea5d80ede1bccc512420,FDSS-1,fdss-1_seq-sat,47,47.0000,1.0000
seq-sat,sokoban,680c5f5ce6b88a432d4cea5d80ede1bccc512420,FDSS-2,fdss-2_seq-sat,49,47.0000,0.9592
seq-sat,sokoban,680c5f5ce6b88a432d4cea5d80ede1bccc512420,Fork Uniform,forkuniform,47,47.0000,1.0000
seq-sat,sokoban,680c5f5ce6b88a432d4cea5d80ede1bccc512420,LAMA-2008,lama-2008,47,47.0000,1.0000
seq-sat,sokoban,680c5f5ce6b88a432d4cea5d80ede1bccc512420,LAMA-2011,lama-2011,47,47.0000,1.0000
seq-sat,sokoban,680c5f5ce6b88a432d4cea5d80ede1bccc512420,Lamar,lamar,47,47.0000,1.0000
seq-sat,sokoban,680c5f5ce6b88a432d4cea5d80ede1bccc512420,Probe,probe,49,47.0000,0.9592
seq-sat,sokoban,680c5f5ce6b88a432d4cea5d80ede1bccc512420,Randward,randward,47,47.0000,1.0000
seq-sat,sokoban,680c5f5ce6b88a432d4cea5d80ede1bccc512420,Roamer,roamer,47,47.0000,1.0000
seq-sat,sokoban,713f32bc568a50f54dd2dfc05ee3b6a83ccd3b75,FD-Autotune-1,fd-autotune-1,69,67.0000,0.9710
seq-sat,sokoban,713f32bc568a50f54dd2dfc05ee3b6a83ccd3b75,FDSS-1,fdss-1_seq-sat,67,67.0000,1.0000
seq-sat,sokoban,713f32bc568a50f54dd2dfc05ee3b6a83ccd3b75,FDSS-2,fdss-2_seq-sat,67,67.0000,1.0000
seq-sat,sokoban,713f32bc568a50f54dd2dfc05ee3b6a83ccd3b75,Fork Uniform,forkuniform,75,67.0000,0.8933
seq-sat,sokoban,713f32bc568a50f54dd2dfc05ee3b6a83ccd3b75,LAMA-2011,lama-2011,69,67.0000,0.9710
seq-sat,sokoban,713f32bc568a50f54dd2dfc05ee3b6a83ccd3b75,Probe,probe,93,67.0000,0.7204
seq-sat,sokoban,713f32bc568a50f54dd2dfc05ee3b6a83ccd3b75,Randward,randward,117,67.0000,0.5726
seq-sat,sokoban,713f32bc568a50f54dd2dfc05ee3b6a83ccd3b75,Roamer,roamer,67,67.0000,1.0000
seq-sat,sokoban,857f42fddf5086eea5fef5e6684e2120e266533c,CBP,cbp,2,2.0000,1.0000
seq-sat,sokoban,857f42fddf5086eea5fef5e6684e2120e266533c,CBP2,cbp2,2,2.0000,1.0000
seq-sat,sokoban,857f42fddf5086eea5fef5e6684e2120e266533c,FD-Autotune-1,fd-autotune-1,2,2.0000,1.0000
seq-sat,sokoban,857f42fddf5086eea5fef5e6684e2120e266533c,FD-Autotune-2,fd-autotune-2,2,2.0000,1.0000
seq-sat,sokoban,857f42fddf5086eea5fef5e6684e2120e266533c,FDSS-1,fdss-1_seq-sat,2,2.0000,1.0000
seq-sat,sokoban,857f42fddf5086eea5fef5e6684e2120e266533c,FDSS-2,fdss-2_seq-sat,2,2.0000,1.0000
seq-sat,sokoban,857f42fddf5086eea5fef5e6684e2120e266533c,Fork Uniform,forkuniform,2,2.0000,1.0000
seq-sat,sokoban,857f42fddf5086eea5fef5e6684e2120e266533c,LAMA-2008,lama-2008,2,2.0000,1.0000
seq-sat,sokoban,857f42fddf5086eea5fef5e6684e2120e266533c,LAMA-2011,lama-2011,2,2.0000,1.0000
seq-sat,sokoban,857f42fddf5086eea5fef5e6684e2120e266533c,LPRPG-P,lprpgp,2,2.0000,1.0000
seq-sat,sokoban,857f42fddf5086eea5fef5e6684e2120e266533c,Lamar,lamar,2,2.0000,1.0000
seq-sat,sokoban,857f42fddf5086eea5fef5e6684e2120e266533c,POPF2,popf2_seq-sat,2,2.0000,1.0000
seq-sat,sokoban,857f42fddf5086eea5fef5e6684e2120e266533c,Probe,probe,2,2.0000,1.0000
seq-sat,sokoban,857f42fddf5086eea5fef5e6684e2120e266533c,Randward,randward,2,2.0000,1.0000
seq-sat,sokoban,857f42fddf5086eea5fef5e6684e2120e266533c,Roamer,roamer,2,2.0000,1.0000
seq-sat,sokoban,a2430ccfc2c2693aee68220045ff648d4dcfd19d,BRT,brt,54,50.0000,0.9259
seq-sat,sokoban,a2430ccfc2c2693aee68220045ff648d4dcfd19d,CBP,cbp,60,50.0000,0.8333
seq-sat,sokoban,a2430ccfc2c2693aee68220045ff648d4dcfd19d,CBP2,cbp2,58,50.0000,0.8621
seq-sat,sokoban,a2430ccfc2c2693aee68220045ff648d4dcfd19d,FD-Autotune-1,fd-autotune-1,50,50.0000,1.0000
seq-sat,sokoban,a2430ccfc2c2693aee68220045ff648d4dcfd19d,FD-Autotune-2,fd-autotune-2,50,50.0000,1.0000
seq-sat,sokoban,a2430ccfc2c2693aee68220045ff648d4dcfd19d,FDSS-1,fdss-1_seq-sat,52,50.0000,0.9615
seq-sat,sokoban,a2430ccfc2c2693aee68220045ff648d4dcfd19d,FDSS-2,fdss-2_seq-sat,52,50.0000,0.9615
seq-sat,sokoban,a2430ccfc2c2693aee68220045ff648d4dcfd19d,Fork Uniform,forkuniform,50,50.0000,1.0000
seq-sat,sokoban,a2430ccfc2c2693aee68220045ff648d4dcfd19d,LAMA-2008,lama-2008,50,50.0000,1.0000
seq-sat,sokoban,a2430ccfc2c2693aee68220045ff648d4dcfd19d,LAMA-2011,lama-2011,50,50.0000,1.0000
seq-sat,sokoban,a2430ccfc2c2693aee68220045ff648d4dcfd19d,LPRPG-P,lprpgp,64,50.0000,0.7812
seq-sat,sokoban,a2430ccfc2c2693aee68220045ff648d4dcfd19d,Lamar,lamar,50,50.0000,1.0000
seq-sat,sokoban,a2430ccfc2c2693aee68220045ff648d4dcfd19d,Probe,probe,58,50.0000,0.8621
seq-sat,sokoban,a2430ccfc2c2693aee68220045ff648d4dcfd19d,Randward,randward,50,50.0000,1.0000
seq-sat,sokoban,a2430ccfc2c2693aee68220045ff648d4dcfd19d,Roamer,roamer,50,50.0000,1.0000
seq-sat,sokoban,a68d03b671776703597e412796945bf9946a100a,BRT,brt,54,46.0000,0.8519
seq-sat,sokoban,a68d03b671776703597e412796945bf9946a100a,FD-Autotune-1,fd-autotune-1,48,46.0000,0.9583
seq-sat,sokoban,a68d03b671776703597e412796945bf9946a100a,FD-Autotune-2,fd-autotune-2,48,46.0000,0.9583
seq-sat,sokoban,a68d03b671776703597e412796945bf9946a100a,FDSS-1,fdss-1_seq-sat,50,46.0000,0.9200
seq-sat,sokoban,a68d03b671776703597e412796945bf9946a100a,FDSS-2,fdss-2_seq-sat,56,46.0000,0.8214
seq-sat,sokoban,a68d03b671776703597e412796945bf9946a100a,Fork Uniform,forkuniform,46,46.0000,1.0000
seq-sat,sokoban,a68d03b671776703597e412796945bf9946a100a,LAMA-2008,lama-2008,46,46.0000,1.0000
seq-sat,sokoban,a68d03b671776703597e412796945bf9946a100a,LAMA-2011,lama-2011,46,46.0000,1.0000
seq-sat,sokoban,a68d03b671776703597e412796945bf9946a100a,LPRPG-P,lprpgp,52,46.0000,0.8846
seq-sat,sokoban,a68d03b671776703597e412796945bf9946a100a,Lamar,lamar,46,46.0000,1.0000
seq-sat,sokoban,a68d03b671776703597e412796945bf9946a100a,Probe,probe,60,46.0000,0.7667
seq-sat,sokoban,a68d03b671776703597e412796945bf9946a100a,Randward,randward,48,46.0000,0.9583
seq-sat,sokoban,a68d03b671776703597e412796945bf9946a100a,Roamer,roamer,46,46.0000,1.0000
seq-sat,sokoban,afb587036273d8ff5bb5da51f68d2497a6715f52,FD-Autotune-1,fd-autotune-1,80,80.0000,1.0000
seq-sat,sokoban,afb587036273d8ff5bb5da51f68d2497a6715f52,FD-Autotune-2,fd-autotune-2,80,80.0000,1.0000
seq-sat,sokoban,afb587036273d8ff5bb5da51f68d2497a6715f52,FDSS-1,fdss-1_seq-sat,94,80.0000,0.8511
seq-sat,sokoban,afb587036273d8ff5bb5da51f68d2497a6715f52,FDSS-2,fdss-2_seq-sat,98,80.0000,0.8163
seq-sat,sokoban,afb587036273d8ff5bb5da51f68d2497a6715f52,Fork Uniform,forkuniform,82,80.0000,0.9756
seq-sat,sokoban,afb587036273d8ff5bb5da51f68d2497a6715f52,LAMA-2008,lama-2008,106,80.0000,0.7547
seq-sat,sokoban,afb587036273d8ff5bb5da51f68d2497a6715f52,LAMA-2011,lama-2011,108,80.0000,0.7407
seq-sat,sokoban,afb587036273d8ff5bb5da51f68d2497a6715f52,Lamar,lamar,178,80.0000,0.4494
seq-sat,sokoban,afb587036273d8ff5bb5da51f68d2497a6715f52,Probe,probe,154,80.0000,0.5195
seq-sat,sokoban,afb587036273d8ff5bb5da51f68d2497a6715f52,Randward,randward,120,80.0000,0.6667
seq-sat,sokoban,afb587036273d8ff5bb5da51f68d2497a6715f52,Roamer,roamer,156,80.0000,0.5128
seq-sat,sokoban,c265b7a804902ce555b4f0f83d7ebdf72af6bbbe,BRT,brt,68,60.0000,0.8824
seq-sat,sokoban,c265b7a804902ce555b4f0f83d7ebdf72af6bbbe,FD-Autotune-1,fd-autotune-1,62,60.0000,0.9677
seq-sat,sokoban,c265b7a804902ce555b4f0f83d7ebdf72af6bbbe,FD-Autotune-2,fd-autotune-2,62,60.0000,0.9677
seq-sat,sokoban,c265b7a804902ce555b4f0f83d7ebdf72af6bbbe,FDSS-1,fdss-1_seq-sat,62,60.0000,0.9677
seq-sat,sokoban,c265b7a804902ce555b4f0f83d7ebdf72af6bbbe,FDSS-2,fdss-2_seq-sat,66,60.0000,0.9091
seq-sat,sokoban,c265b7a804902ce555b4f0f83d7ebdf72af6bbbe,Fork Uniform,forkuniform,70,60.0000,0.8571
seq-sat,sokoban,c265b7a804902ce555b4f0f83d7ebdf72af6bbbe,LAMA-2008,lama-2008,62,60.0000,0.9677
seq-sat,sokoban,c265b7a804902ce555b4f0f83d7ebdf72af6bbbe,LAMA-2011,lama-2011,60,60.0000,1.0000
seq-sat,sokoban,c265b7a804902ce555b4f0f83d7ebdf72af6bbbe,Probe,probe,74,60.0000,0.8108
seq-sat,sokoban,c265b7a804902ce555b4f0f83d7ebdf72af6bbbe,Roamer,roamer,62,60.0000,0.9677
seq-sat,sokoban,c57c50b83da33fcc7f403f657c0ff2ff53a65b34,FD-Autotune-1,fd-autotune-1,44,44.0000,1.0000
seq-sat,sokoban,c57c50b83da33fcc7f403f657c0ff2ff53a65b34,FDSS-1,fdss-1_seq-sat,120,44.0000,0.3667
seq-sat,sokoban,c57c50b83da33fcc7f403f657c0ff2ff53a65b34,FDSS-2,fdss-2_seq-sat,48,44.0000,0.9167
seq-sat,sokoban,c57c50b83da33fcc7f403f657c0ff2ff53a65b34,Fork Uniform,forkuniform,70,44.0000,0.6286
seq-sat,sokoban,c57c50b83da33fcc7f403f657c0ff2ff53a65b34,LAMA-2011,lama-2011,196,44.0000,0.2245
seq-sat,sokoban,c57c50b83da33fcc7f403f657c0ff2ff53a65b34,Probe,probe,64,44.0000,0.6875
seq-sat,sokoban,e262d72ca53901db89af74f62dccd6d7a8aff19a,CBP2,cbp2,45,43.0000,0.9556
seq-sat,sokoban,e262d72ca53901db89af74f62dccd6d7a8aff19a,FD-Autotune-1,fd-autotune-1,43,43.0000,1.0000
seq-sat,sokoban,e262d72ca53901db89af74f62dccd6d7a8aff19a,FD-Autotune-2,fd-autotune-2,43,43.0000,1.0000
seq-sat,sokoban,e262d72ca53901db89af74f62dccd6d7a8aff19a,FDSS-1,fdss-1_seq-sat,49,43.0000,0.8776
seq-sat,sokoban,e262d72ca53901db89af74f62dccd6d7a8aff19a,FDSS-2,fdss-2_seq-sat,45,43.0000,0.9556
seq-sat,sokoban,e262d72ca53901db89af74f62dccd6d7a8aff19a,Fork Uniform,forkuniform,43,43.0000,1.0000
seq-sat,sokoban,e262d72ca53901db89af74f62dccd6d7a8aff19a,LAMA-2008,lama-2008,45,43.0000,0.9556
seq-sat,sokoban,e262d72ca53901db89af74f62dccd6d7a8aff19a,LAMA-2011,lama-2011,43,43.0000,1.0000
seq-sat,sokoban,e262d72ca53901db89af74f62dccd6d7a8aff19a,Lamar,lamar,45,43.0000,0.9556
seq-sat,sokoban,e262d72ca53901db89af74f62dccd6d7a8aff19a,Probe,probe,65,43.0000,0.6615
seq-sat,sokoban,e262d72ca53901db89af74f62dccd6d7a8aff19a,Randward,randward,107,43.0000,0.4019
seq-sat,sokoban,e262d72ca53901db89af74f62dccd6d7a8aff19a,Roamer,roamer,45,43.0000,0.9556
seq-sat,sokoban,e868032ee43cb27c8b971a156c8f09ca10b1192a,BRT,brt,23,23.0000,1.0000
seq-sat,sokoban,e868032ee43cb27c8b971a156c8f09ca10b1192a,CBP,cbp,23,23.0000,1.0000
seq-sat,sokoban,e868032ee43cb27c8b971a156c8f09ca10b1192a,CBP2,cbp2,23,23.0000,1.0000
seq-sat,sokoban,e868032ee43cb27c8b971a156c8f09ca10b1192a,FD-Autotune-1,fd-autotune-1,23,23.0000,1.0000
seq-sat,sokoban,e868032ee43cb27c8b971a156c8f09ca10b1192a,FD-Autotune-2,fd-autotune-2,23,23.0000,1.0000
seq-sat,sokoban,e868032ee43cb27c8b971a156c8f09ca10b1192a,FDSS-1,fdss-1_seq-sat,23,23.0000,1.0000
seq-sat,sokoban,e868032ee43cb27c8b971a156c8f09ca10b1192a,FDSS-2,fdss-2_seq-sat,27,23.0000,0.8519
seq-sat,sokoban,e868032ee43cb27c8b971a156c8f09ca10b1192a,Fork Uniform,forkuniform,23,23.0000,1.0000
seq-sat,sokoban,e868032ee43cb27c8b971a156c8f09ca10b1192a,LAMA-2008,lama-2008,23,23.0000,1.0000
seq-sat,sokoban,e868032ee43cb27c8b971a156c8f09ca10b1192a,LAMA-2011,lama-2011,23,23.0000,1.0000
seq-sat,sokoban,e868032ee43cb27c8b971a156c8f09ca10b1192a,LPRPG-P,lprpgp,29,23.0000,0.7931
seq-sat,sokoban,e868032ee43cb27c8b971a156c8f09ca10b1192a,Lamar,lamar,23,23.0000,1.0000
seq-sat,sokoban,e868032ee43cb27c8b971a156c8f09ca10b1192a,POPF2,popf2_seq-sat,25,23.0000,0.9200
seq-sat,sokoban,e868032ee43cb27c8b971a156c8f09ca10b1192a,Probe,probe,39,23.0000,0.5897
seq-sat,sokoban,e868032ee43cb27c8b971a156c8f09ca10b1192a,Randward,randward,25,23.0000,0.9200
seq-sat,sokoban,e868032ee43cb27c8b971a156c8f09ca10b1192a,Roamer,roamer,23,23.0000,1.0000
seq-sat,tidybot,2504d04b3b27572048626682d59636ddc356363d,Arvand,arvand,24,24.0000,1.0000
seq-sat,tidybot,2504d04b3b27572048626682d59636ddc356363d,BRT,brt,24,24.0000,1.0000
seq-sat,tidybot,2504d04b3b27572048626682d59636ddc356363d,CBP,cbp,26,24.0000,0.9231
seq-sat,tidybot,2504d04b3b27572048626682d59636ddc356363d,CBP2,cbp2,26,24.0000,0.9231
seq-sat,tidybot,2504d04b3b27572048626682d59636ddc356363d,FD-Autotune-1,fd-autotune-1,24,24.0000,1.0000
seq-sat,tidybot,2504d04b3b27572048626682d59636ddc356363d,FD-Autotune-2,fd-autotune-2,24,24.0000,1.0000
seq-sat,tidybot,2504d04b3b27572048626682d59636ddc356363d,FDSS-1,fdss-1_seq-sat,24,24.0000,1.0000
seq-sat,tidybot,2504d04b3b27572048626682d59636ddc356363d,FDSS-2,fdss-2_seq-sat,24,24.0000,1.0000
seq-sat,tidybot,2504d04b3b27572048626682d59636ddc356363d,Fork Uniform,forkuniform,24,24.0000,1.0000
seq-sat,tidybot,2504d04b3b27572048626682d59636ddc356363d,LAMA-2008,lama-2008,24,24.0000,1.0000
seq-sat,tidybot,2504d04b3b27572048626682d59636ddc356363d,LAMA-2011,lama-2011,24,24.0000,1.0000
seq-sat,tidybot,2504d04b3b27572048626682d59636ddc356363d,Lamar,lamar,24,24.0000,1.0000
seq-sat,tidybot,2504d04b3b27572048626682d59636ddc356363d,Madagascar,madagascar_seq-sat,33,24.0000,0.7273
seq-sat,tidybot,2504d04b3b27572048626682d59636ddc356363d,Madagascar-p,madagascar-p_seq-sat,26,24.0000,0.9231
seq-sat,tidybot,2504d04b3b27572048626682d59636ddc356363d,Probe,probe,24,24.0000,1.0000
seq-sat,tidybot,2504d04b3b27572048626682d59636ddc356363d,Randward,randward,24,24.0000,1.0000
seq-sat,tidybot,2504d04b3b27572048626682d59636ddc356363d,Roamer,roamer,24,24.0000,1.0000
seq-sat,tidybot,54046f123845f6fa768d5a8ebbb26814267977ab,FDSS-2,fdss-2_seq-sat,164,150.0000,0.9146
seq-sat,tidybot,54046f123845f6fa768d5a8ebbb26814267977ab,Fork Uniform,forkuniform,150,150.0000,1.0000
seq-sat,tidybot,54046f123845f6fa768d5a8ebbb26814267977ab,Lamar,lamar,192,150.0000,0.7812
seq-sat,tidybot,54046f123845f6fa768d5a8ebbb26814267977ab,Probe,probe,217,150.0000,0.6912
seq-sat,tidybot,54046f123845f6fa768d5a8ebbb26814267977ab,Randward,randward,591,150.0000,0.2538
seq-sat,tidybot,54afe02a66a848c8b72b9c9673ab6f78eb573ed5,Arvand,arvand,38,38.0000,1.0000
seq-sat,tidybot,54afe02a66a848c8b72b9c9673ab6f78eb573ed5,BRT,brt,237,38.0000,0.1603
seq-sat,tidybot,54afe02a66a848c8b72b9c9673ab6f78eb573ed5,CBP,cbp,40,38.0000,0.9500
seq-sat,tidybot,54afe02a66a848c8b72b9c9673ab6f78eb573ed5,CBP2,cbp2,42,38.0000,0.9048
seq-sat,tidybot,54afe02a66a848c8b72b9c9673ab6f78eb573ed5,FD-Autotune-2,fd-autotune-2,61,38.0000,0.6230
seq-sat,tidybot,54afe02a66a848c8b72b9c9673ab6f78eb573ed5,Lamar,lamar,57,38.0000,0.6667
seq-sat,tidybot,54afe02a66a848c8b72b9c9673ab6f78eb573ed5,Randward,randward,42,38.0000,0.9048
seq-sat,tidybot,54afe02a66a848c8b72b9c9673ab6f78eb573ed5,Roamer,roamer,79,38.0000,0.4810
seq-sat,tidybot,6107452ade7c507247db052a0dc69d02012d93dc,Arvand,arvand,35,35.0000,1.0000
seq-sat,tidybot,6107452ade7c507247db052a0dc69d02012d93dc,BRT,brt,56,35.0000,0.6250
seq-sat,tidybot,6107452ade7c507247db052a0dc69d02012d93dc,CBP,cbp,39,35.0000,0.8974
seq-sat,tidybot,6107452ade7c507247db052a0dc69d02012d93dc,CBP2,cbp2,39,35.0000,0.8974
seq-sat,tidybot,6107452ade7c507247db052a0dc69d02012d93dc,FD-Autotune-1,fd-autotune-1,56,35.0000,0.6250
seq-sat,tidybot,6107452ade7c507247db052a0dc69d02012d93dc,FD-Autotune-2,fd-autotune-2,35,35.0000,1.0000
seq-sat,tidybot,6107452ade7c507247db052a0dc69d02012d93dc,FDSS-1,fdss-1_seq-sat,35,35.0000,1.0000
seq-sat,tidybot,6107452ade7c507247db052a0dc69d02012d93dc,FDSS-2,fdss-2_seq-sat,56,35.0000,0.6250
seq-sat,tidybot,6107452ade7c507247db052a0dc69d02012d93dc,Fork Uniform,forkuniform,90,35.0000,0.3889
seq-sat,tidybot,6107452ade7c507247db052a0dc69d02012d93dc,LAMA-2011,lama-2011,56,35.0000,0.6250
seq-sat,tidybot,6107452ade7c507247db052a0dc69d02012d93dc,Lamar,lamar,35,35.0000,1.0000
seq-sat,tidybot,6107452ade7c507247db052a0dc69d02012d93dc,Probe,probe,35,35.0000,1.0000
seq-sat,tidybot,6107452ade7c507247db052a0dc69d02012d93dc,Randward,randward,35,35.0000,1.0000
seq-sat,tidybot,658b55a553b45a6fbaf66faefe0b37b262b56011,Arvand,arvand,45,43.0000,0.9556
seq-sat,tidybot,658b55a553b45a6fbaf66faefe0b37b262b56011,BRT,brt,43,43.0000,1.0000
seq-sat,tidybot,658b55a553b45a6fbaf66faefe0b37b262b56011,CBP,cbp,47,43.0000,0.9149
seq-sat,tidybot,658b55a553b45a6fbaf66faefe0b37b262b56011,CBP2,cbp2,47,43.0000,0.9149
seq-sat,tidybot,658b55a553b45a6fbaf66faefe0b37b262b56011,FD-Autotune-1,fd-autotune-1,47,43.0000,0.9149
seq-sat,tidybot,658b55a553b45a6fbaf66faefe0b37b262b56011,FD-Autotune-2,fd-autotune-2,43,43.0000,1.0000
seq-sat,tidybot,658b55a553b45a6fbaf66faefe0b37b262b56011,FDSS-1,fdss-1_seq-sat,43,43.0000,1.0000
seq-sat,tidybot,658b55a553b45a6fbaf66faefe0b37b262b56011,FDSS-2,fdss-2_seq-sat,43,43.0000,1.0000
seq-sat,tidybot,658b55a553b45a6fbaf66faefe0b37b262b56011,Fork Uniform,forkuniform,47,43.0000,0.9149
seq-sat,tidybot,658b55a553b45a6fbaf66faefe0b37b262b56011,LAMA-2008,lama-2008,47,43.0000,0.9149
seq-sat,tidybot,658b55a553b45a6fbaf66faefe0b37b262b56011,LAMA-2011,lama-2011,45,43.0000,0.9556
seq-sat,tidybot,658b55a553b45a6fbaf66faefe0b37b262b56011,Lamar,lamar,47,43.0000,0.9149
seq-sat,tidybot,658b55a553b45a6fbaf66faefe0b37b262b56011,Madagascar-p,madagascar-p_seq-sat,61,43.0000,0.7049
seq-sat,tidybot,658b55a553b45a6fbaf66faefe0b37b262b56011,Probe,probe,49,43.0000,0.8776
seq-sat,tidybot,658b55a553b45a6fbaf66faefe0b37b262b56011,Randward,randward,61,43.0000,0.7049
seq-sat,tidybot,658b55a553b45a6fbaf66faefe0b37b262b56011,Roamer,roamer,45,43.0000,0.9556
seq-sat,tidybot,658e99fa7bcdd931b69d1bc2f08b8fb349dfa6fa,Arvand,arvand,39,38.0000,0.9744
seq-sat,tidybot,658e99fa7bcdd931b69d1bc2f08b8fb349dfa6fa,BRT,brt,38,38.0000,1.0000
seq-sat,tidybot,658e99fa7bcdd931b69d1bc2f08b8fb349dfa6fa,CBP,cbp,38,38.0000,1.0000
seq-sat,tidybot,658e99fa7bcdd931b69d1bc2f08b8fb349dfa6fa,CBP2,cbp2,38,38.0000,1.0000
seq-sat,tidybot,658e99fa7bcdd931b69d1bc2f08b8fb349dfa6fa,FD-Autotune-1,fd-autotune-1,38,38.0000,1.0000
seq-sat,tidybot,658e99fa7bcdd931b69d1bc2f08b8fb349dfa6fa,FD-Autotune-2,fd-autotune-2,38,38.0000,1.0000
seq-sat,tidybot,658e99fa7bcdd931b69d1bc2f08b8fb349dfa6fa,FDSS-1,fdss-1_seq-sat,38,38.0000,1.0000
seq-sat,tidybot,658e99fa7bcdd931b69d1bc2f08b8fb349dfa6fa,FDSS-2,fdss-2_seq-sat,49,38.0000,0.7755
seq-sat,tidybot,658e99fa7bcdd931b69d1bc2f08b8fb349dfa6fa,Fork Uniform,forkuniform,45,38.0000,0.8444
seq-sat,tidybot,658e99fa7bcdd931b69d1bc2f08b8fb349dfa6fa,LAMA-2008,lama-2008,38,38.0000,1.0000
seq-sat,tidybot,658e99fa7bcdd931b69d1bc2f08b8fb349dfa6fa,LAMA-2011,lama-2011,38,38.0000,1.0000
seq-sat,tidybot,658e99fa7bcdd931b69d1bc2f08b8fb349dfa6fa,Lamar,lamar,38,38.0000,1.0000
seq-sat,tidybot,658e99fa7bcdd931b69d1bc2f08b8fb349dfa6fa,Madagascar-p,madagascar-p_seq-sat,49,38.0000,0.7755
seq-sat,tidybot,658e99fa7bcdd931b69d1bc2f08b8fb349dfa6fa,Probe,probe,45,38.0000,0.8444
seq-sat,tidybot,658e99fa7bcdd931b69d1bc2f08b8fb349dfa6fa,Randward,randward,39,38.0000,0.9744
seq-sat,tidybot,658e99fa7bcdd931b69d1bc2f08b8fb349dfa6fa,Roamer,roamer,38,38.0000,1.0000
seq-sat,tidybot,7c1eef632465539c18b8e8364dbf806189dde6a4,Arvand,arvand,86,70.0000,0.8140
seq-sat,tidybot,7c1eef632465539c18b8e8364dbf806189dde6a4,BRT,brt,71,70.0000,0.9859
seq-sat,tidybot,7c1eef632465539c18b8e8364dbf806189dde6a4,CBP,cbp,96,70.0000,0.7292
seq-sat,tidybot,7c1eef632465539c18b8e8364dbf806189dde6a4,CBP2,cbp2,96,70.0000,0.7292
seq-sat,tidybot,7c1eef632465539c18b8e8364dbf806189dde6a4,FD-Autotune-1,fd-autotune-1,70,70.0000,1.0000
seq-sat,tidybot,7c1eef632465539c18b8e8364dbf806189dde6a4,FD-Autotune-2,fd-autotune-2,82,70.0000,0.8537
seq-sat,tidybot,7c1eef632465539c18b8e8364dbf806189dde6a4,FDSS-1,fdss-1_seq-sat,82,70.0000,0.8537
seq-sat,tidybot,7c1eef632465539c18b8e8364dbf806189dde6a4,FDSS-2,fdss-2_seq-sat,73,70.0000,0.9589
seq-sat,tidybot,7c1eef632465539c18b8e8364dbf806189dde6a4,Fork Uniform,forkuniform,82,70.0000,0.8537
seq-sat,tidybot,7c1eef632465539c18b8e8364dbf806189dde6a4,LAMA-2008,lama-2008,92,70.0000,0.7609
seq-sat,tidybot,7c1eef632465539c18b8e8364dbf806189dde6a4,LAMA-2011,lama-2011,103,70.0000,0.6796
seq-sat,tidybot,7c1eef632465539c18b8e8364dbf806189dde6a4,Lamar,lamar,94,70.0000,0.7447
seq-sat,tidybot,7c1eef632465539c18b8e8364dbf806189dde6a4,Randward,randward,94,70.0000,0.7447
seq-sat,tidybot,7c1eef632465539c18b8e8364dbf806189dde6a4,Roamer,roamer,191,70.0000,0.3665
seq-sat,tidybot,7dfd3262dc4fc6b18bf21178ca6a5216be2eb988,Arvand,arvand,68,68.0000,1.0000
seq-sat,tidybot,7dfd3262dc4fc6b18bf21178ca6a5216be2eb988,BRT,brt,68,68.0000,1.0000
seq-sat,tidybot,7dfd3262dc4fc6b18bf21178ca6a5216be2eb988,CBP,cbp,129,68.0000,0.5271
seq-sat,tidybot,7dfd3262dc4fc6b18bf21178ca6a5216be2eb988,CBP2,cbp2,129,68.0000,0.5271
seq-sat,tidybot,7dfd3262dc4fc6b18bf21178ca6a5216be2eb988,FD-Autotune-2,fd-autotune-2,70,68.0000,0.9714
seq-sat,tidybot,7dfd3262dc4fc6b18bf21178ca6a5216be2eb988,FDSS-1,fdss-1_seq-sat,70,68.0000,0.9714
seq-sat,tidybot,7dfd3262dc4fc6b18bf21178ca6a5216be2eb988,FDSS-2,fdss-2_seq-sat,68,68.0000,1.0000
seq-sat,tidybot,7dfd3262dc4fc6b18bf21178ca6a5216be2eb988,LAMA-2008,lama-2008,72,68.0000,0.9444
seq-sat,tidybot,7dfd3262dc4fc6b18bf21178ca6a5216be2eb988,LAMA-2011,lama-2011,68,68.0000,1.0000
seq-sat,tidybot,7dfd3262dc4fc6b18bf21178ca6a5216be2eb988,Lamar,lamar,70,68.0000,0.9714
seq-sat,tidybot,7dfd3262dc4fc6b18bf21178ca6a5216be2eb988,Probe,probe,68,68.0000,1.0000
seq-sat,tidybot,7dfd3262dc4fc6b18bf21178ca6a5216be2eb988,Randward,randward,72,68.0000,0.9444
seq-sat,tidybot,7dfd3262dc4fc6b18bf21178ca6a5216be2eb988,Roamer,roamer,72,68.0000,0.9444
seq-sat,tidybot,7f6a481a418c597f8ef0818567b49e8d34eecc1b,Arvand,arvand,42,42.0000,1.0000
seq-sat,tidybot,7f6a481a418c597f8ef0818567b49e8d34eecc1b,BRT,brt,50,42.0000,0.8400
seq-sat,tidybot,7f6a481a418c597f8ef0818567b49e8d34eecc1b,CBP,cbp,68,42.0000,0.6176
seq-sat,tidybot,7f6a481a418c597f8ef0818567b49e8d34eecc1b,CBP2,cbp2,68,42.0000,0.6176
seq-sat,tidybot,7f6a481a418c597f8ef0818567b49e8d34eecc1b,FD-Autotune-1,fd-autotune-1,54,42.0000,0.7778
seq-sat,tidybot,7f6a481a418c597f8ef0818567b49e8d34eecc1b,FD-Autotune-2,fd-autotune-2,42,42.0000,1.0000
seq-sat,tidybot,7f6a481a418c597f8ef0818567b49e8d34eecc1b,FDSS-1,fdss-1_seq-sat,42,42.0000,1.0000
seq-sat,tidybot,7f6a481a418c597f8ef0818567b49e8d34eecc1b,FDSS-2,fdss-2_seq-sat,54,42.0000,0.7778
seq-sat,tidybot,7f6a481a418c597f8ef0818567b49e8d34eecc1b,Fork Uniform,forkuniform,56,42.0000,0.7500
seq-sat,tidybot,7f6a481a418c597f8ef0818567b49e8d34eecc1b,LAMA-2008,lama-2008,50,42.0000,0.8400
seq-sat,tidybot,7f6a481a418c597f8ef0818567b49e8d34eecc1b,LAMA-2011,lama-2011,50,42.0000,0.8400
seq-sat,tidybot,7f6a481a418c597f8ef0818567b49e8d34eecc1b,Lamar,lamar,52,42.0000,0.8077
seq-sat,tidybot,7f6a481a418c597f8ef0818567b49e8d34eecc1b,Madagascar-p,madagascar-p_seq-sat,74,42.0000,0.5676
seq-sat,tidybot,7f6a481a418c597f8ef0818567b49e8d34eecc1b,Probe,probe,44,42.0000,0.9545
seq-sat,tidybot,7f6a481a418c597f8ef0818567b49e8d34eecc1b,Randward,randward,48,42.0000,0.8750
seq-sat,tidybot,7f6a481a418c597f8ef0818567b49e8d34eecc1b,Roamer,roamer,50,42.0000,0.8400
seq-sat,tidybot,93734b46fa1056bc3854c72b720bca576d9ab345,Arvand,arvand,35,35.0000,1.0000
seq-sat,tidybot,93734b46fa1056bc3854c72b720bca576d9ab345,BRT,brt,35,35.0000,1.0000
seq-sat,tidybot,93734b46fa1056bc3854c72b720bca576d9ab345,CBP,cbp,51,35.0000,0.6863
seq-sat,tidybot,93734b46fa1056bc3854c72b720bca576d9ab345,CBP2,cbp2,51,35.0000,0.6863
seq-sat,tidybot,93734b46fa1056bc3854c72b720bca576d9ab345,FD-Autotune-1,fd-autotune-1,37,35.0000,0.9459
seq-sat,tidybot,93734b46fa1056bc3854c72b720bca576d9ab345,FD-Autotune-2,fd-autotune-2,35,35.0000,1.0000
seq-sat,tidybot,93734b46fa1056bc3854c72b720bca576d9ab345,FDSS-1,fdss-1_seq-sat,35,35.0000,1.0000
seq-sat,tidybot,93734b46fa1056bc3854c72b720bca576d9ab345,FDSS-2,fdss-2_seq-sat,41,35.0000,0.8537
seq-sat,tidybot,93734b46fa1056bc3854c72b720bca576d9ab345,Fork Uniform,forkuniform,39,35.0000,0.8974
seq-sat,tidybot,93734b46fa1056bc3854c72b720bca576d9ab345,LAMA-2008,lama-2008,35,35.0000,1.0000
seq-sat,tidybot,93734b46fa1056bc3854c72b720bca576d9ab345,LAMA-2011,lama-2011,35,35.0000,1.0000
seq-sat,tidybot,93734b46fa1056bc3854c72b720bca576d9ab345,Lamar,lamar,35,35.0000,1.0000
seq-sat,tidybot,93734b46fa1056bc3854c72b720bca576d9ab345,Madagascar-p,madagascar-p_seq-sat,79,35.0000,0.4430
seq-sat,tidybot,93734b46fa1056bc3854c72b720bca576d9ab345,Probe,probe,35,35.0000,1.0000
seq-sat,tidybot,93734b46fa1056bc3854c72b720bca576d9ab345,Randward,randward,35,35.0000,1.0000
seq-sat,tidybot,93734b46fa1056bc3854c72b720bca576d9ab345,Roamer,roamer,35,35.0000,1.0000
seq-sat,tidybot,987d355d4f3286f59527159e8160bc37a2fbac0c,Arvand,arvand,73,73.0000,1.0000
seq-sat,tidybot,987d355d4f3286f59527159e8160bc37a2fbac0c,BRT,brt,80,73.0000,0.9125
seq-sat,tidybot,987d355d4f3286f59527159e8160bc37a2fbac0c,CBP,cbp,82,73.0000,0.8902
seq-sat,tidybot,987d355d4f3286f59527159e8160bc37a2fbac0c,CBP2,cbp2,82,73.0000,0.8902
seq-sat,tidybot,987d355d4f3286f59527159e8160bc37a2fbac0c,FD-Autotune-1,fd-autotune-1,87,73.0000,0.8391
seq-sat,tidybot,987d355d4f3286f59527159e8160bc37a2fbac0c,FD-Autotune-2,fd-autotune-2,80,73.0000,0.9125
seq-sat,tidybot,987d355d4f3286f59527159e8160bc37a2fbac0c,FDSS-1,fdss-1_seq-sat,80,73.0000,0.9125
seq-sat,tidybot,987d355d4f3286f59527159e8160bc37a2fbac0c,FDSS-2,fdss-2_seq-sat,78,73.0000,0.9359
seq-sat,tidybot,987d355d4f3286f59527159e8160bc37a2fbac0c,Fork Uniform,forkuniform,108,73.0000,0.6759
seq-sat,tidybot,987d355d4f3286f59527159e8160bc37a2fbac0c,LAMA-2008,lama-2008,74,73.0000,0.9865
seq-sat,tidybot,987d355d4f3286f59527159e8160bc37a2fbac0c,LAMA-2011,lama-2011,74,73.0000,0.9865
seq-sat,tidybot,987d355d4f3286f59527159e8160bc37a2fbac0c,Lamar,lamar,95,73.0000,0.7684
seq-sat,tidybot,987d355d4f3286f59527159e8160bc37a2fbac0c,Probe,probe,77,73.0000,0.9481
seq-sat,tidybot,987d355d4f3286f59527159e8160bc37a2fbac0c,Randward,randward,79,73.0000,0.9241
seq-sat,tidybot,987d355d4f3286f59527159e8160bc37a2fbac0c,Roamer,roamer,74,73.0000,0.9865
seq-sat,tidybot,9a6f25f9f54b6ceb8364658d3f55793242913d84,Arvand,arvand,48,45.0000,0.9375
seq-sat,tidybot,9a6f25f9f54b6ceb8364658d3f55793242913d84,BRT,brt,54,45.0000,0.8333
seq-sat,tidybot,9a6f25f9f54b6ceb8364658d3f55793242913d84,CBP,cbp,55,45.0000,0.8182
seq-sat,tidybot,9a6f25f9f54b6ceb8364658d3f55793242913d84,CBP2,cbp2,55,45.0000,0.8182
seq-sat,tidybot,9a6f25f9f54b6ceb8364658d3f55793242913d84,FD-Autotune-1,fd-autotune-1,47,45.0000,0.9574
seq-sat,tidybot,9a6f25f9f54b6ceb8364658d3f55793242913d84,FD-Autotune-2,fd-autotune-2,45,45.0000,1.0000
seq-sat,tidybot,9a6f25f9f54b6ceb8364658d3f55793242913d84,FDSS-1,fdss-1_seq-sat,54,45.0000,0.8333
seq-sat,tidybot,9a6f25f9f54b6ceb8364658d3f55793242913d84,FDSS-2,fdss-2_seq-sat,54,45.0000,0.8333
seq-sat,tidybot,9a6f25f9f54b6ceb8364658d3f55793242913d84,Fork Uniform,forkuniform,54,45.0000,0.8333
seq-sat,tidybot,9a6f25f9f54b6ceb8364658d3f55793242913d84,LAMA-2008,lama-2008,46,45.0000,0.9783
seq-sat,tidybot,9a6f25f9f54b6ceb8364658d3f55793242913d84,LAMA-2011,lama-2011,48,45.0000,0.9375
seq-sat,tidybot,9a6f25f9f54b6ceb8364658d3f55793242913d84,Lamar,lamar,48,45.0000,0.9375
seq-sat,tidybot,9a6f25f9f54b6ceb8364658d3f55793242913d84,Madagascar-p,madagascar-p_seq-sat,70,45.0000,0.6429
seq-sat,tidybot,9a6f25f9f54b6ceb8364658d3f55793242913d84,Probe,probe,54,45.0000,0.8333
seq-sat,tidybot,9a6f25f9f54b6ceb8364658d3f55793242913d84,Randward,randward,49,45.0000,0.9184
seq-sat,tidybot,9a6f25f9f54b6ceb8364658d3f55793242913d84,Roamer,roamer,48,45.0000,0.9375
seq-sat,tidybot,ac154b39fe585f63da7a66b773cb77fc2af93621,Arvand,arvand,55,55.0000,1.0000
seq-sat,tidybot,ac154b39fe585f63da7a66b773cb77fc2af93621,BRT,brt,83,55.0000,0.6627
seq-sat,tidybot,ac154b39fe585f63da7a66b773cb77fc2af93621,CBP,cbp,153,55.0000,0.3595
seq-sat,tidybot,ac154b39fe585f63da7a66b773cb77fc2af93621,CBP2,cbp2,153,55.0000,0.3595
seq-sat,tidybot,ac154b39fe585f63da7a66b773cb77fc2af93621,FD-Autotune-1,fd-autotune-1,65,55.0000,0.8462
seq-sat,tidybot,ac154b39fe585f63da7a66b773cb77fc2af93621,FD-Autotune-2,fd-autotune-2,69,55.0000,0.7971
seq-sat,tidybot,ac154b39fe585f63da7a66b773cb77fc2af93621,FDSS-1,fdss-1_seq-sat,67,55.0000,0.8209
seq-sat,tidybot,ac154b39fe585f63da7a66b773cb77fc2af93621,FDSS-2,fdss-2_seq-sat,57,55.0000,0.9649
seq-sat,tidybot,ac154b39fe585f63da7a66b773cb77fc2af93621,Fork Uniform,forkuniform,71,55.0000,0.7746
seq-sat,tidybot,ac154b39fe585f63da7a66b773cb77fc2af93621,LAMA-2011,lama-2011,65,55.0000,0.8462
seq-sat,tidybot,ac154b39fe585f63da7a66b773cb77fc2af93621,Lamar,lamar,55,55.0000,1.0000
seq-sat,tidybot,ac154b39fe585f63da7a66b773cb77fc2af93621,Probe,probe,59,55.0000,0.9322
seq-sat,tidybot,ac154b39fe585f63da7a66b773cb77fc2af93621,Randward,randward,55,55.0000,1.0000
seq-sat,tidybot,ac154b39fe585f63da7a66b773cb77fc2af93621,Roamer,roamer,65,55.0000,0.8462
seq-sat,tidybot,b2cd9a7e00aeb8f152094ca1d090e546e4403b02,BRT,brt,382,58.0000,0.1518
seq-sat,tidybot,b2cd9a7e00aeb8f152094ca1d090e546e4403b02,CBP,cbp,103,58.0000,0.5631
seq-sat,tidybot,b2cd9a7e00aeb8f152094ca1d090e546e4403b02,CBP2,cbp2,103,58.0000,0.5631
seq-sat,tidybot,b2cd9a7e00aeb8f152094ca1d090e546e4403b02,FDSS-1,fdss-1_seq-sat,58,58.0000,1.0000
seq-sat,tidybot,b2cd9a7e00aeb8f152094ca1d090e546e4403b02,FDSS-2,fdss-2_seq-sat,58,58.0000,1.0000
seq-sat,tidybot,b2cd9a7e00aeb8f152094ca1d090e546e4403b02,Lamar,lamar,114,58.0000,0.5088
seq-sat,tidybot,b2cd9a7e00aeb8f152094ca1d090e546e4403b02,Probe,probe,70,58.0000,0.8286
seq-sat,tidybot,ba269fd30e06a89d58ced8709421941181b56001,Arvand,arvand,46,44.0000,0.9565
seq-sat,tidybot,ba269fd30e06a89d58ced8709421941181b56001,BRT,brt,58,44.0000,0.7586
seq-sat,tidybot,ba269fd30e06a89d58ced8709421941181b56001,CBP,cbp,59,44.0000,0.7458
seq-sat,tidybot,ba269fd30e06a89d58ced8709421941181b56001,CBP2,cbp2,59,44.0000,0.7458
seq-sat,tidybot,ba269fd30e06a89d58ced8709421941181b56001,FD-Autotune-1,fd-autotune-1,54,44.0000,0.8148
seq-sat,tidybot,ba269fd30e06a89d58ced8709421941181b56001,FD-Autotune-2,fd-autotune-2,52,44.0000,0.8462
seq-sat,tidybot,ba269fd30e06a89d58ced8709421941181b56001,FDSS-1,fdss-1_seq-sat,54,44.0000,0.8148
seq-sat,tidybot,ba269fd30e06a89d58ced8709421941181b56001,FDSS-2,fdss-2_seq-sat,45,44.0000,0.9778
seq-sat,tidybot,ba269fd30e06a89d58ced8709421941181b56001,Fork Uniform,forkuniform,86,44.0000,0.5116
seq-sat,tidybot,ba269fd30e06a89d58ced8709421941181b56001,LAMA-2008,lama-2008,47,44.0000,0.9362
seq-sat,tidybot,ba269fd30e06a89d58ced8709421941181b56001,LAMA-2011,lama-2011,44,44.0000,1.0000
seq-sat,tidybot,ba269fd30e06a89d58ced8709421941181b56001,Lamar,lamar,52,44.0000,0.8462
seq-sat,tidybot,ba269fd30e06a89d58ced8709421941181b56001,Probe,probe,56,44.0000,0.7857
seq-sat,tidybot,ba269fd30e06a89d58ced8709421941181b56001,Randward,randward,60,44.0000,0.7333
seq-sat,tidybot,ba269fd30e06a89d58ced8709421941181b56001,Roamer,roamer,53,44.0000,0.8302
seq-sat,tidybot,c7fd1a2cb91c4ac45b78a50c97045a50acccda46,Arvand,arvand,30,30.0000,1.0000
seq-sat,tidybot,c7fd1a2cb91c4ac45b78a50c97045a50acccda46,BRT,brt,30,30.0000,1.0000
seq-sat,tidybot,c7fd1a2cb91c4ac45b78a50c97045a50acccda46,CBP,cbp,30,30.0000,1.0000
seq-sat,tidybot,c7fd1a2cb91c4ac45b78a50c97045a50acccda46,CBP2,cbp2,30,30.0000,1.0000
seq-sat,tidybot,c7fd1a2cb91c4ac45b78a50c97045a50acccda46,FD-Autotune-1,fd-autotune-1,30,30.0000,1.0000
seq-sat,tidybot,c7fd1a2cb91c4ac45b78a50c97045a50acccda46,FD-Autotune-2,fd-autotune-2,30,30.0000,1.0000
seq-sat,tidybot,c7fd1a2cb91c4ac45b78a50c97045a50acccda46,FDSS-1,fdss-1_seq-sat,30,30.0000,1.0000
seq-sat,tidybot,c7fd1a2cb91c4ac45b78a50c97045a50acccda46,FDSS-2,fdss-2_seq-sat,30,30.0000,1.0000
seq-sat,tidybot,c7fd1a2cb91c4ac45b78a50c97045a50acccda46,Fork Uniform,forkuniform,30,30.0000,1.0000
seq-sat,tidybot,c7fd1a2cb91c4ac45b78a50c97045a50acccda46,LAMA-2008,lama-2008,30,30.0000,1.0000
seq-sat,tidybot,c7fd1a2cb91c4ac45b78a50c97045a50acccda46,LAMA-2011,lama-2011,30,30.0000,1.0000
seq-sat,tidybot,c7fd1a2cb91c4ac45b78a50c97045a50acccda46,Lamar,lamar,30,30.0000,1.0000
seq-sat,tidybot,c7fd1a2cb91c4ac45b78a50c97045a50acccda46,Madagascar-p,madagascar-p_seq-sat,48,30.0000,0.6250
seq-sat,tidybot,c7fd1a2cb91c4ac45b78a50c97045a50acccda46,Probe,probe,30,30.0000,1.0000
seq-sat,tidybot,c7fd1a2cb91c4ac45b78a50c97045a50acccda46,Randward,randward,30,30.0000,1.0000
seq-sat,tidybot,c7fd1a2cb91c4ac45b78a50c97045a50acccda46,Roamer,roamer,30,30.0000,1.0000
seq-sat,tidybot,cbfd82ac60e69b62ab6b0ffa88eb344271fc1af8,Arvand,arvand,49,47.0000,0.9592
seq-sat,tidybot,cbfd82ac60e69b62ab6b0ffa88eb344271fc1af8,BRT,brt,56,47.0000,0.8393
seq-sat,tidybot,cbfd82ac60e69b62ab6b0ffa88eb344271fc1af8,CBP,cbp,111,47.0000,0.4234
seq-sat,tidybot,cbfd82ac60e69b62ab6b0ffa88eb344271fc1af8,CBP2,cbp2,111,47.0000,0.4234
seq-sat,tidybot,cbfd82ac60e69b62ab6b0ffa88eb344271fc1af8,FD-Autotune-1,fd-autotune-1,52,47.0000,0.9038
seq-sat,tidybot,cbfd82ac60e69b62ab6b0ffa88eb344271fc1af8,FD-Autotune-2,fd-autotune-2,52,47.0000,0.9038
seq-sat,tidybot,cbfd82ac60e69b62ab6b0ffa88eb344271fc1af8,FDSS-1,fdss-1_seq-sat,47,47.0000,1.0000
seq-sat,tidybot,cbfd82ac60e69b62ab6b0ffa88eb344271fc1af8,FDSS-2,fdss-2_seq-sat,54,47.0000,0.8704
seq-sat,tidybot,cbfd82ac60e69b62ab6b0ffa88eb344271fc1af8,Fork Uniform,forkuniform,47,47.0000,1.0000
seq-sat,tidybot,cbfd82ac60e69b62ab6b0ffa88eb344271fc1af8,LAMA-2008,lama-2008,49,47.0000,0.9592
seq-sat,tidybot,cbfd82ac60e69b62ab6b0ffa88eb344271fc1af8,LAMA-2011,lama-2011,51,47.0000,0.9216
seq-sat,tidybot,cbfd82ac60e69b62ab6b0ffa88eb344271fc1af8,Lamar,lamar,54,47.0000,0.8704
seq-sat,tidybot,cbfd82ac60e69b62ab6b0ffa88eb344271fc1af8,Madagascar-p,madagascar-p_seq-sat,70,47.0000,0.6714
seq-sat,tidybot,cbfd82ac60e69b62ab6b0ffa88eb344271fc1af8,Probe,probe,58,47.0000,0.8103
seq-sat,tidybot,cbfd82ac60e69b62ab6b0ffa88eb344271fc1af8,Randward,randward,59,47.0000,0.7966
seq-sat,tidybot,cbfd82ac60e69b62ab6b0ffa88eb344271fc1af8,Roamer,roamer,49,47.0000,0.9592
seq-sat,tidybot,db46f86b6f9c04ca28bd834fecdbb7e6e25308f7,Arvand,arvand,46,46.0000,1.0000
seq-sat,tidybot,db46f86b6f9c04ca28bd834fecdbb7e6e25308f7,BRT,brt,52,46.0000,0.8846
seq-sat,tidybot,db46f86b6f9c04ca28bd834fecdbb7e6e25308f7,CBP,cbp,59,46.0000,0.7797
seq-sat,tidybot,db46f86b6f9c04ca28bd834fecdbb7e6e25308f7,CBP2,cbp2,59,46.0000,0.7797
seq-sat,tidybot,db46f86b6f9c04ca28bd834fecdbb7e6e25308f7,FD-Autotune-1,fd-autotune-1,74,46.0000,0.6216
seq-sat,tidybot,db46f86b6f9c04ca28bd834fecdbb7e6e25308f7,FD-Autotune-2,fd-autotune-2,47,46.0000,0.9787
seq-sat,tidybot,db46f86b6f9c04ca28bd834fecdbb7e6e25308f7,FDSS-1,fdss-1_seq-sat,52,46.0000,0.8846
seq-sat,tidybot,db46f86b6f9c04ca28bd834fecdbb7e6e25308f7,FDSS-2,fdss-2_seq-sat,66,46.0000,0.6970
seq-sat,tidybot,db46f86b6f9c04ca28bd834fecdbb7e6e25308f7,LAMA-2008,lama-2008,52,46.0000,0.8846
seq-sat,tidybot,db46f86b6f9c04ca28bd834fecdbb7e6e25308f7,LAMA-2011,lama-2011,50,46.0000,0.9200
seq-sat,tidybot,db46f86b6f9c04ca28bd834fecdbb7e6e25308f7,Lamar,lamar,54,46.0000,0.8519
seq-sat,tidybot,db46f86b6f9c04ca28bd834fecdbb7e6e25308f7,Madagascar-p,madagascar-p_seq-sat,74,46.0000,0.6216
seq-sat,tidybot,db46f86b6f9c04ca28bd834fecdbb7e6e25308f7,Probe,probe,54,46.0000,0.8519
seq-sat,tidybot,db46f86b6f9c04ca28bd834fecdbb7e6e25308f7,Randward,randward,55,46.0000,0.8364
seq-sat,tidybot,db46f86b6f9c04ca28bd834fecdbb7e6e25308f7,Roamer,roamer,52,46.0000,0.8846
seq-sat,tidybot,f7c74c71b1e78511ae19301b305350b7b46f0e79,Arvand,arvand,26,25.0000,0.9615
seq-sat,tidybot,f7c74c71b1e78511ae19301b305350b7b46f0e79,BRT,brt,26,25.0000,0.9615
seq-sat,tidybot,f7c74c71b1e78511ae19301b305350b7b46f0e79,CBP,cbp,25,25.0000,1.0000
seq-sat,tidybot,f7c74c71b1e78511ae19301b305350b7b46f0e79,CBP2,cbp2,25,25.0000,1.0000
seq-sat,tidybot,f7c74c71b1e78511ae19301b305350b7b46f0e79,FD-Autotune-1,fd-autotune-1,25,25.0000,1.0000
seq-sat,tidybot,f7c74c71b1e78511ae19301b305350b7b46f0e79,FD-Autotune-2,fd-autotune-2,25,25.0000,1.0000
seq-sat,tidybot,f7c74c71b1e78511ae19301b305350b7b46f0e79,FDSS-1,fdss-1_seq-sat,25,25.0000,1.0000
seq-sat,tidybot,f7c74c71b1e78511ae19301b305350b7b46f0e79,FDSS-2,fdss-2_seq-sat,28,25.0000,0.8929
seq-sat,tidybot,f7c74c71b1e78511ae19301b305350b7b46f0e79,Fork Uniform,forkuniform,25,25.0000,1.0000
seq-sat,tidybot,f7c74c71b1e78511ae19301b305350b7b46f0e79,LAMA-2008,lama-2008,26,25.0000,0.9615
seq-sat,tidybot,f7c74c71b1e78511ae19301b305350b7b46f0e79,LAMA-2011,lama-2011,25,25.0000,1.0000
seq-sat,tidybot,f7c74c71b1e78511ae19301b305350b7b46f0e79,Lamar,lamar,25,25.0000,1.0000
seq-sat,tidybot,f7c74c71b1e78511ae19301b305350b7b46f0e79,Madagascar-p,madagascar-p_seq-sat,40,25.0000,0.6250
seq-sat,tidybot,f7c74c71b1e78511ae19301b305350b7b46f0e79,Probe,probe,26,25.0000,0.9615
seq-sat,tidybot,f7c74c71b1e78511ae19301b305350b7b46f0e79,Randward,randward,26,25.0000,0.9615
seq-sat,tidybot,f7c74c71b1e78511ae19301b305350b7b46f0e79,Roamer,roamer,26,25.0000,0.9615
seq-sat,tidybot,ffbd7e884badad9950e808512bf1008cfe7edb22,BRT,brt,907,263.0000,0.2900
seq-sat,tidybot,ffbd7e884badad9950e808512bf1008cfe7edb22,Probe,probe,263,263.0000,1.0000
seq-sat,transport,165564c5e0ff161f1ce96206f3d05bc793241955,Arvand,arvand,1898,1835.0000,0.9668
seq-sat,transport,165564c5e0ff161f1ce96206f3d05bc793241955,BRT,brt,3080,1835.0000,0.5958
seq-sat,transport,165564c5e0ff161f1ce96206f3d05bc793241955,CBP,cbp,4783,1835.0000,0.3837
seq-sat,transport,165564c5e0ff161f1ce96206f3d05bc793241955,CBP2,cbp2,2733,1835.0000,0.6714
seq-sat,transport,165564c5e0ff161f1ce96206f3d05bc793241955,DAE-YAHSP,dae_yahsp_seq-sat,2577,1835.0000,0.7121
seq-sat,transport,165564c5e0ff161f1ce96206f3d05bc793241955,FD-Autotune-1,fd-autotune-1,1841,1835.0000,0.9967
seq-sat,transport,165564c5e0ff161f1ce96206f3d05bc793241955,FD-Autotune-2,fd-autotune-2,1905,1835.0000,0.9633
seq-sat,transport,165564c5e0ff161f1ce96206f3d05bc793241955,FDSS-1,fdss-1_seq-sat,1835,1835.0000,1.0000
seq-sat,transport,165564c5e0ff161f1ce96206f3d05bc793241955,FDSS-2,fdss-2_seq-sat,2970,1835.0000,0.6178
seq-sat,transport,165564c5e0ff161f1ce96206f3d05bc793241955,Fork Uniform,forkuniform,3092,1835.0000,0.5935
seq-sat,transport,165564c5e0ff161f1ce96206f3d05bc793241955,LAMA-2008,lama-2008,1929,1835.0000,0.9513
seq-sat,transport,165564c5e0ff161f1ce96206f3d05bc793241955,LAMA-2011,lama-2011,1947,1835.0000,0.9425
seq-sat,transport,165564c5e0ff161f1ce96206f3d05bc793241955,Lamar,lamar,2667,1835.0000,0.6880
seq-sat,transport,165564c5e0ff161f1ce96206f3d05bc793241955,Probe,probe,2622,1835.0000,0.6998
seq-sat,transport,165564c5e0ff161f1ce96206f3d05bc793241955,Randward,randward,2944,1835.0000,0.6233
seq-sat,transport,165564c5e0ff161f1ce96206f3d05bc793241955,Roamer,roamer,1915,1835.0000,0.9582
seq-sat,transport,165564c5e0ff161f1ce96206f3d05bc793241955,YAHSP2,yahsp2_seq-sat,3461,1835.0000,0.5302
seq-sat,transport,165564c5e0ff161f1ce96206f3d05bc793241955,YAHSP2-MT,yahsp2-mt_seq-sat,2960,1835.0000,0.6199
seq-sat,transport,1f594ae46ed6bae91fa633e1161afed718ff7eb2,Arvand,arvand,3901,3661.0000,0.9385
seq-sat,transport,1f594ae46ed6bae91fa633e1161afed718ff7eb2,BRT,brt,6524,3661.0000,0.5612
seq-sat,transport,1f594ae46ed6bae91fa633e1161afed718ff7eb2,CBP,cbp,13255,3661.0000,0.2762
seq-sat,transport,1f594ae46ed6bae91fa633e1161afed718ff7eb2,CBP2,cbp2,5666,3661.0000,0.6461
seq-sat,transport,1f594ae46ed6bae91fa633e1161afed718ff7eb2,DAE-YAHSP,dae_yahsp_seq-sat,3661,3661.0000,1.0000
seq-sat,transport,1f594ae46ed6bae91fa633e1161afed718ff7eb2,FD-Autotune-1,fd-autotune-1,5050,3661.0000,0.7250
seq-sat,transport,1f594ae46ed6bae91fa633e1161afed718ff7eb2,FD-Autotune-2,fd-autotune-2,6032,3661.0000,0.6069
seq-sat,transport,1f594ae46ed6bae91fa633e1161afed718ff7eb2,FDSS-1,fdss-1_seq-sat,4298,3661.0000,0.8518
seq-sat,transport,1f594ae46ed6bae91fa633e1161afed718ff7eb2,FDSS-2,fdss-2_seq-sat,6137,3661.0000,0.5965
seq-sat,transport,1f594ae46ed6bae91fa633e1161afed718ff7eb2,Fork Uniform,forkuniform,3873,3661.0000,0.9453
seq-sat,transport,1f594ae46ed6bae91fa633e1161afed718ff7eb2,LAMA-2008,lama-2008,5481,3661.0000,0.6679
seq-sat,transport,1f594ae46ed6bae91fa633e1161afed718ff7eb2,LAMA-2011,lama-2011,4805,3661.0000,0.7619
seq-sat,transport,1f594ae46ed6bae91fa633e1161afed718ff7eb2,Lamar,lamar,10379,3661.0000,0.3527
seq-sat,transport,1f594ae46ed6bae91fa633e1161afed718ff7eb2,Probe,probe,7814,3661.0000,0.4685
seq-sat,transport,1f594ae46ed6bae91fa633e1161afed718ff7eb2,Randward,randward,12464,3661.0000,0.2937
seq-sat,transport,1f594ae46ed6bae91fa633e1161afed718ff7eb2,Roamer,roamer,5553,3661.0000,0.6593
seq-sat,transport,1f594ae46ed6bae91fa633e1161afed718ff7eb2,YAHSP2,yahsp2_seq-sat,6376,3661.0000,0.5742
seq-sat,transport,1f594ae46ed6bae91fa633e1161afed718ff7eb2,YAHSP2-MT,yahsp2-mt_seq-sat,5973,3661.0000,0.6129
seq-sat,transport,2ffb665bb190d48d0beeb42b6b922078f8e087a6,Arvand,arvand,5717,3902.0000,0.6825
seq-sat,transport,2ffb665bb190d48d0beeb42b6b922078f8e087a6,BRT,brt,8432,3902.0000,0.4628
seq-sat,transport,2ffb665bb190d48d0beeb42b6b922078f8e087a6,CBP,cbp,13026,3902.0000,0.2996
seq-sat,transport,2ffb665bb190d48d0beeb42b6b922078f8e087a6,CBP2,cbp2,8827,3902.0000,0.4421
seq-sat,transport,2ffb665bb190d48d0beeb42b6b922078f8e087a6,DAE-YAHSP,dae_yahsp_seq-sat,6659,3902.0000,0.5860
seq-sat,transport,2ffb665bb190d48d0beeb42b6b922078f8e087a6,FDSS-1,fdss-1_seq-sat,5043,3902.0000,0.7737
seq-sat,transport,2ffb665bb190d48d0beeb42b6b922078f8e087a6,FDSS-2,fdss-2_seq-sat,5154,3902.0000,0.7571
seq-sat,transport,2ffb665bb190d48d0beeb42b6b922078f8e087a6,LAMA-2008,lama-2008,5381,3902.0000,0.7251
seq-sat,transport,2ffb665bb190d48d0beeb42b6b922078f8e087a6,LAMA-2011,lama-2011,5690,3902.0000,0.6858
seq-sat,transport,2ffb665bb190d48d0beeb42b6b922078f8e087a6,Probe,probe,8516,3902.0000,0.4582
seq-sat,transport,2ffb665bb190d48d0beeb42b6b922078f8e087a6,Roamer,roamer,3902,3902.0000,1.0000
seq-sat,transport,2ffb665bb190d48d0beeb42b6b922078f8e087a6,YAHSP2,yahsp2_seq-sat,7561,3902.0000,0.5161
seq-sat,transport,2ffb665bb190d48d0beeb42b6b922078f8e087a6,YAHSP2-MT,yahsp2-mt_seq-sat,7364,3902.0000,0.5299
seq-sat,transport,573d57d495ce1386342d997367ca75dc8974195a,Arvand,arvand,2599,2364.0000,0.9096
seq-sat,transport,573d57d495ce1386342d997367ca75dc8974195a,BRT,brt,3396,2364.0000,0.6961
seq-sat,transport,573d57d495ce1386342d997367ca75dc8974195a,CBP,cbp,7173,2364.0000,0.3296
seq-sat,transport,573d57d495ce1386342d997367ca75dc8974195a,CBP2,cbp2,3448,2364.0000,0.6856
seq-sat,transport,573d57d495ce1386342d997367ca75dc8974195a,DAE-YAHSP,dae_yahsp_seq-sat,2860,2364.0000,0.8266
seq-sat,transport,573d57d495ce1386342d997367ca75dc8974195a,FD-Autotune-1,fd-autotune-1,2705,2364.0000,0.8739
seq-sat,transport,573d57d495ce1386342d997367ca75dc8974195a,FD-Autotune-2,fd-autotune-2,2388,2364.0000,0.9899
seq-sat,transport,573d57d495ce1386342d997367ca75dc8974195a,FDSS-1,fdss-1_seq-sat,2364,2364.0000,1.0000
seq-sat,transport,573d57d495ce1386342d997367ca75dc8974195a,FDSS-2,fdss-2_seq-sat,3298,2364.0000,0.7168
seq-sat,transport,573d57d495ce1386342d997367ca75dc8974195a,Fork Uniform,forkuniform,5073,2364.0000,0.4660
seq-sat,transport,573d57d495ce1386342d997367ca75dc8974195a,LAMA-2011,lama-2011,2932,2364.0000,0.8063
seq-sat,transport,573d57d495ce1386342d997367ca75dc8974195a,Lamar,lamar,3436,2364.0000,0.6880
seq-sat,transport,573d57d495ce1386342d997367ca75dc8974195a,Probe,probe,3390,2364.0000,0.6973
seq-sat,transport,573d57d495ce1386342d997367ca75dc8974195a,Roamer,roamer,2746,2364.0000,0.8609
seq-sat,transport,573d57d495ce1386342d997367ca75dc8974195a,YAHSP2,yahsp2_seq-sat,5522,2364.0000,0.4281
seq-sat,transport,573d57d495ce1386342d997367ca75dc8974195a,YAHSP2-MT,yahsp2-mt_seq-sat,4102,2364.0000,0.5763
seq-sat,transport,5943edffc57c634c17d6b374915e96308f93f700,CBP,cbp,36120,5209.0000,0.1442
seq-sat,transport,5943edffc57c634c17d6b374915e96308f93f700,CBP2,cbp2,11564,5209.0000,0.4504
seq-sat,transport,5943edffc57c634c17d6b374915e96308f93f700,DAE-YAHSP,dae_yahsp_seq-sat,9466,5209.0000,0.5503
seq-sat,transport,5943edffc57c634c17d6b374915e96308f93f700,FDSS-1,fdss-1_seq-sat,6163,5209.0000,0.8452
seq-sat,transport,5943edffc57c634c17d6b374915e96308f93f700,FDSS-2,fdss-2_seq-sat,6111,5209.0000,0.8524
seq-sat,transport,5943edffc57c634c17d6b374915e96308f93f700,LAMA-2008,lama-2008,6166,5209.0000,0.8448
seq-sat,transport,5943edffc57c634c17d6b374915e96308f93f700,LAMA-2011,lama-2011,5899,5209.0000,0.8830
seq-sat,transport,5943edffc57c634c17d6b374915e96308f93f700,Probe,probe,13376,5209.0000,0.3894
seq-sat,transport,5943edffc57c634c17d6b374915e96308f93f700,Roamer,roamer,5209,5209.0000,1.0000
seq-sat,transport,5943edffc57c634c17d6b374915e96308f93f700,YAHSP2,yahsp2_seq-sat,12180,5209.0000,0.4277
seq-sat,transport,5943edffc57c634c17d6b374915e96308f93f700,YAHSP2-MT,yahsp2-mt_seq-sat,12180,5209.0000,0.4277
seq-sat,transport,729c22ec53b68292135b8ace9c69b4261e3db826,BRT,brt,8391,5257.0000,0.6265
seq-sat,transport,729c22ec53b68292135b8ace9c69b4261e3db826,CBP,cbp,21320,5257.0000,0.2466
seq-sat,transport,729c22ec53b68292135b8ace9c69b4261e3db826,CBP2,cbp2,9058,5257.0000,0.5804
seq-sat,transport,729c22ec53b68292135b8ace9c69b4261e3db826,DAE-YAHSP,dae_yahsp_seq-sat,8011,5257.0000,0.6562
seq-sat,transport,729c22ec53b68292135b8ace9c69b4261e3db826,LAMA-2008,lama-2008,5716,5257.0000,0.9197
seq-sat,transport,729c22ec53b68292135b8ace9c69b4261e3db826,LAMA-2011,lama-2011,5777,5257.0000,0.9100
seq-sat,transport,729c22ec53b68292135b8ace9c69b4261e3db826,Probe,probe,10389,5257.0000,0.5060
seq-sat,transport,729c22ec53b68292135b8ace9c69b4261e3db826,Roamer,roamer,5257,5257.0000,1.0000
seq-sat,transport,729c22ec53b68292135b8ace9c69b4261e3db826,YAHSP2,yahsp2_seq-sat,9069,5257.0000,0.5797
seq-sat,transport,729c22ec53b68292135b8ace9c69b4261e3db826,YAHSP2-MT,yahsp2-mt_seq-sat,9063,5257.0000,0.5801
seq-sat,transport,74b6d06773717c2856352363a64463efbd6b4df2,Arvand,arvand,3747,3401.0000,0.9077
seq-sat,transport,74b6d06773717c2856352363a64463efbd6b4df2,BRT,brt,6355,3401.0000,0.5352
seq-sat,transport,74b6d06773717c2856352363a64463efbd6b4df2,CBP,cbp,8687,3401.0000,0.3915
seq-sat,transport,74b6d06773717c2856352363a64463efbd6b4df2,CBP2,cbp2,5650,3401.0000,0.6019
seq-sat,transport,74b6d06773717c2856352363a64463efbd6b4df2,DAE-YAHSP,dae_yahsp_seq-sat,3974,3401.0000,0.8558
seq-sat,transport,74b6d06773717c2856352363a64463efbd6b4df2,FD-Autotune-1,fd-autotune-1,4249,3401.0000,0.8004
seq-sat,transport,74b6d06773717c2856352363a64463efbd6b4df2,FDSS-1,fdss-1_seq-sat,5451,3401.0000,0.6239
seq-sat,transport,74b6d06773717c2856352363a64463efbd6b4df2,FDSS-2,fdss-2_seq-sat,5157,3401.0000,0.6595
seq-sat,transport,74b6d06773717c2856352363a64463efbd6b4df2,Fork Uniform,forkuniform,3401,3401.0000,1.0000
seq-sat,transport,74b6d06773717c2856352363a64463efbd6b4df2,LAMA-2008,lama-2008,4320,3401.0000,0.7873
seq-sat,transport,74b6d06773717c2856352363a64463efbd6b4df2,LAMA-2011,lama-2011,5415,3401.0000,0.6281
seq-sat,transport,74b6d06773717c2856352363a64463efbd6b4df2,Lamar,lamar,5009,3401.0000,0.6790
seq-sat,transport,74b6d06773717c2856352363a64463efbd6b4df2,Probe,probe,8107,3401.0000,0.4195
seq-sat,transport,74b6d06773717c2856352363a64463efbd6b4df2,Roamer,roamer,4681,3401.0000,0.7266
seq-sat,transport,74b6d06773717c2856352363a64463efbd6b4df2,YAHSP2,yahsp2_seq-sat,6145,3401.0000,0.5535
seq-sat,transport,74b6d06773717c2856352363a64463efbd6b4df2,YAHSP2-MT,yahsp2-mt_seq-sat,5686,3401.0000,0.5981
seq-sat,transport,972ca1439a886c795acf573400f51cc1d0281c97,Arvand,arvand,6344,5683.0000,0.8958
seq-sat,transport,972ca1439a886c795acf573400f51cc1d0281c97,BRT,brt,11317,5683.0000,0.5022
seq-sat,transport,972ca1439a886c795acf573400f51cc1d0281c97,CBP,cbp,15190,5683.0000,0.3741
seq-sat,transport,972ca1439a886c795acf573400f51cc1d0281c97,CBP2,cbp2,7452,5683.0000,0.7626
seq-sat,transport,972ca1439a886c795acf573400f51cc1d0281c97,DAE-YAHSP,dae_yahsp_seq-sat,5683,5683.0000,1.0000
seq-sat,transport,972ca1439a886c795acf573400f51cc1d0281c97,FDSS-1,fdss-1_seq-sat,6754,5683.0000,0.8414
seq-sat,transport,972ca1439a886c795acf573400f51cc1d0281c97,FDSS-2,fdss-2_seq-sat,9338,5683.0000,0.6086
seq-sat,transport,972ca1439a886c795acf573400f51cc1d0281c97,LAMA-2008,lama-2008,6652,5683.0000,0.8543
seq-sat,transport,972ca1439a886c795acf573400f51cc1d0281c97,LAMA-2011,lama-2011,7222,5683.0000,0.7869
seq-sat,transport,972ca1439a886c795acf573400f51cc1d0281c97,Probe,probe,11208,5683.0000,0.5070
seq-sat,transport,972ca1439a886c795acf573400f51cc1d0281c97,Roamer,roamer,7403,5683.0000,0.7677
seq-sat,transport,972ca1439a886c795acf573400f51cc1d0281c97,YAHSP2,yahsp2_seq-sat,7804,5683.0000,0.7282
seq-sat,transport,972ca1439a886c795acf573400f51cc1d0281c97,YAHSP2-MT,yahsp2-mt_seq-sat,7609,5683.0000,0.7469
seq-sat,transport,aa6274ce95a42c5bdf6ad6647c86760d6703c4cd,Arvand,arvand,3294,2618.0000,0.7948
seq-sat,transport,aa6274ce95a42c5bdf6ad6647c86760d6703c4cd,BRT,brt,7554,2618.0000,0.3466
seq-sat,transport,aa6274ce95a42c5bdf6ad6647c86760d6703c4cd,CBP,cbp,4992,2618.0000,0.5244
seq-sat,transport,aa6274ce95a42c5bdf6ad6647c86760d6703c4cd,CBP2,cbp2,4340,2618.0000,0.6032
seq-sat,transport,aa6274ce95a42c5bdf6ad6647c86760d6703c4cd,DAE-YAHSP,dae_yahsp_seq-sat,2618,2618.0000,1.0000
seq-sat,transport,aa6274ce95a42c5bdf6ad6647c86760d6703c4cd,FD-Autotune-1,fd-autotune-1,3017,2618.0000,0.8677
seq-sat,transport,aa6274ce95a42c5bdf6ad6647c86760d6703c4cd,FD-Autotune-2,fd-autotune-2,4002,2618.0000,0.6542
seq-sat,transport,aa6274ce95a42c5bdf6ad6647c86760d6703c4cd,FDSS-1,fdss-1_seq-sat,3692,2618.0000,0.7091
seq-sat,transport,aa6274ce95a42c5bdf6ad6647c86760d6703c4cd,FDSS-2,fdss-2_seq-sat,5550,2618.0000,0.4717
seq-sat,transport,aa6274ce95a42c5bdf6ad6647c86760d6703c4cd,Fork Uniform,forkuniform,5942,2618.0000,0.4406
seq-sat,transport,aa6274ce95a42c5bdf6ad6647c86760d6703c4cd,LAMA-2008,lama-2008,5135,2618.0000,0.5098
seq-sat,transport,aa6274ce95a42c5bdf6ad6647c86760d6703c4cd,LAMA-2011,lama-2011,3741,2618.0000,0.6998
seq-sat,transport,aa6274ce95a42c5bdf6ad6647c86760d6703c4cd,Lamar,lamar,5323,2618.0000,0.4918
seq-sat,transport,aa6274ce95a42c5bdf6ad6647c86760d6703c4cd,Madagascar-p,madagascar-p_seq-sat,11720,2618.0000,0.2234
seq-sat,transport,aa6274ce95a42c5bdf6ad6647c86760d6703c4cd,Probe,probe,7184,2618.0000,0.3644
seq-sat,transport,aa6274ce95a42c5bdf6ad6647c86760d6703c4cd,Randward,randward,11415,2618.0000,0.2293
seq-sat,transport,aa6274ce95a42c5bdf6ad6647c86760d6703c4cd,Roamer,roamer,5841,2618.0000,0.4482
seq-sat,transport,aa6274ce95a42c5bdf6ad6647c86760d6703c4cd,YAHSP2,yahsp2_seq-sat,5235,2618.0000,0.5001
seq-sat,transport,aa6274ce95a42c5bdf6ad6647c86760d6703c4cd,YAHSP2-MT,yahsp2-mt_seq-sat,4854,2618.0000,0.5393
seq-sat,transport,aeb7138f52208ceb39bd3d272fa6f90226a0e75e,Arvand,arvand,1485,1211.0000,0.8155
seq-sat,transport,aeb7138f52208ceb39bd3d272fa6f90226a0e75e,BRT,brt,1758,1211.0000,0.6889
seq-sat,transport,aeb7138f52208ceb39bd3d272fa6f90226a0e75e,CBP,cbp,2996,1211.0000,0.4042
seq-sat,transport,aeb7138f52208ceb39bd3d272fa6f90226a0e75e,CBP2,cbp2,1850,1211.0000,0.6546
seq-sat,transport,aeb7138f52208ceb39bd3d272fa6f90226a0e75e,DAE-YAHSP,dae_yahsp_seq-sat,2067,1211.0000,0.5859
seq-sat,transport,aeb7138f52208ceb39bd3d272fa6f90226a0e75e,FD-Autotune-1,fd-autotune-1,1500,1211.0000,0.8073
seq-sat,transport,aeb7138f52208ceb39bd3d272fa6f90226a0e75e,FD-Autotune-2,fd-autotune-2,1411,1211.0000,0.8583
seq-sat,transport,aeb7138f52208ceb39bd3d272fa6f90226a0e75e,FDSS-1,fdss-1_seq-sat,1488,1211.0000,0.8138
seq-sat,transport,aeb7138f52208ceb39bd3d272fa6f90226a0e75e,FDSS-2,fdss-2_seq-sat,1995,1211.0000,0.6070
seq-sat,transport,aeb7138f52208ceb39bd3d272fa6f90226a0e75e,Fork Uniform,forkuniform,1859,1211.0000,0.6514
seq-sat,transport,aeb7138f52208ceb39bd3d272fa6f90226a0e75e,LAMA-2008,lama-2008,1211,1211.0000,1.0000
seq-sat,transport,aeb7138f52208ceb39bd3d272fa6f90226a0e75e,LAMA-2011,lama-2011,1452,1211.0000,0.8340
seq-sat,transport,aeb7138f52208ceb39bd3d272fa6f90226a0e75e,Lamar,lamar,1526,1211.0000,0.7936
seq-sat,transport,aeb7138f52208ceb39bd3d272fa6f90226a0e75e,Probe,probe,1846,1211.0000,0.6560
seq-sat,transport,aeb7138f52208ceb39bd3d272fa6f90226a0e75e,Randward,randward,1813,1211.0000,0.6680
seq-sat,transport,aeb7138f52208ceb39bd3d272fa6f90226a0e75e,Roamer,roamer,1211,1211.0000,1.0000
seq-sat,transport,aeb7138f52208ceb39bd3d272fa6f90226a0e75e,YAHSP2,yahsp2_seq-sat,2615,1211.0000,0.4631
seq-sat,transport,aeb7138f52208ceb39bd3d272fa6f90226a0e75e,YAHSP2-MT,yahsp2-mt_seq-sat,2615,1211.0000,0.4631
seq-sat,transport,af2b0f7a2c0761062a973a5642bb5159b9ed7c1a,CBP,cbp,32742,7925.0000,0.2420
seq-sat,transport,af2b0f7a2c0761062a973a5642bb5159b9ed7c1a,CBP2,cbp2,9960,7925.0000,0.7957
seq-sat,transport,af2b0f7a2c0761062a973a5642bb5159b9ed7c1a,DAE-YAHSP,dae_yahsp_seq-sat,9004,7925.0000,0.8802
seq-sat,transport,af2b0f7a2c0761062a973a5642bb5159b9ed7c1a,LAMA-2008,lama-2008,7925,7925.0000,1.0000
seq-sat,transport,af2b0f7a2c0761062a973a5642bb5159b9ed7c1a,LAMA-2011,lama-2011,8493,7925.0000,0.9331
seq-sat,transport,af2b0f7a2c0761062a973a5642bb5159b9ed7c1a,Lamar,lamar,11760,7925.0000,0.6739
seq-sat,transport,af2b0f7a2c0761062a973a5642bb5159b9ed7c1a,Probe,probe,14735,7925.0000,0.5378
seq-sat,transport,af2b0f7a2c0761062a973a5642bb5159b9ed7c1a,Roamer,roamer,7940,7925.0000,0.9981
seq-sat,transport,af2b0f7a2c0761062a973a5642bb5159b9ed7c1a,YAHSP2,yahsp2_seq-sat,9623,7925.0000,0.8235
seq-sat,transport,af2b0f7a2c0761062a973a5642bb5159b9ed7c1a,YAHSP2-MT,yahsp2-mt_seq-sat,9604,7925.0000,0.8252
seq-sat,transport,b3dea3de18a970f23cd049f7ade3eb0b575404c4,BRT,brt,14977,6951.0000,0.4641
seq-sat,transport,b3dea3de18a970f23cd049f7ade3eb0b575404c4,CBP2,cbp2,11412,6951.0000,0.6091
seq-sat,transport,b3dea3de18a970f23cd049f7ade3eb0b575404c4,DAE-YAHSP,dae_yahsp_seq-sat,7533,6951.0000,0.9227
seq-sat,transport,b3dea3de18a970f23cd049f7ade3eb0b575404c4,LAMA-2008,lama-2008,6951,6951.0000,1.0000
seq-sat,transport,b3dea3de18a970f23cd049f7ade3eb0b575404c4,Lamar,lamar,13078,6951.0000,0.5315
seq-sat,transport,b3dea3de18a970f23cd049f7ade3eb0b575404c4,Probe,probe,16175,6951.0000,0.4297
seq-sat,transport,b3dea3de18a970f23cd049f7ade3eb0b575404c4,YAHSP2,yahsp2_seq-sat,9253,6951.0000,0.7512
seq-sat,transport,b3dea3de18a970f23cd049f7ade3eb0b575404c4,YAHSP2-MT,yahsp2-mt_seq-sat,9225,6951.0000,0.7535
seq-sat,transport,ba990157e6caac125a6c8703cf51f07e5892e198,Arvand,arvand,6339,4690.0000,0.7399
seq-sat,transport,ba990157e6caac125a6c8703cf51f07e5892e198,BRT,brt,8409,4690.0000,0.5577
seq-sat,transport,ba990157e6caac125a6c8703cf51f07e5892e198,CBP,cbp,11852,4690.0000,0.3957
seq-sat,transport,ba990157e6caac125a6c8703cf51f07e5892e198,CBP2,cbp2,7851,4690.0000,0.5974
seq-sat,transport,ba990157e6caac125a6c8703cf51f07e5892e198,DAE-YAHSP,dae_yahsp_seq-sat,6145,4690.0000,0.7632
seq-sat,transport,ba990157e6caac125a6c8703cf51f07e5892e198,FD-Autotune-1,fd-autotune-1,5798,4690.0000,0.8089
seq-sat,transport,ba990157e6caac125a6c8703cf51f07e5892e198,FD-Autotune-2,fd-autotune-2,4690,4690.0000,1.0000
seq-sat,transport,ba990157e6caac125a6c8703cf51f07e5892e198,FDSS-1,fdss-1_seq-sat,5120,4690.0000,0.9160
seq-sat,transport,ba990157e6caac125a6c8703cf51f07e5892e198,FDSS-2,fdss-2_seq-sat,8663,4690.0000,0.5414
seq-sat,transport,ba990157e6caac125a6c8703cf51f07e5892e198,Fork Uniform,forkuniform,9451,4690.0000,0.4962
seq-sat,transport,ba990157e6caac125a6c8703cf51f07e5892e198,LAMA-2008,lama-2008,5943,4690.0000,0.7892
seq-sat,transport,ba990157e6caac125a6c8703cf51f07e5892e198,LAMA-2011,lama-2011,5641,4690.0000,0.8314
seq-sat,transport,ba990157e6caac125a6c8703cf51f07e5892e198,Lamar,lamar,7095,4690.0000,0.6610
seq-sat,transport,ba990157e6caac125a6c8703cf51f07e5892e198,Probe,probe,11753,4690.0000,0.3990
seq-sat,transport,ba990157e6caac125a6c8703cf51f07e5892e198,Roamer,roamer,5445,4690.0000,0.8613
seq-sat,transport,ba990157e6caac125a6c8703cf51f07e5892e198,YAHSP2,yahsp2_seq-sat,9148,4690.0000,0.5127
seq-sat,transport,ba990157e6caac125a6c8703cf51f07e5892e198,YAHSP2-MT,yahsp2-mt_seq-sat,9148,4690.0000,0.5127
seq-sat,transport,bcd0ea6443d3528c5e9ca3084d8e661f7ca12775,Arvand,arvand,6281,5863.0000,0.9335
seq-sat,transport,bcd0ea6443d3528c5e9ca3084d8e661f7ca12775,BRT,brt,8940,5863.0000,0.6558
seq-sat,transport,bcd0ea6443d3528c5e9ca3084d8e661f7ca12775,CBP2,cbp2,7017,5863.0000,0.8355
seq-sat,transport,bcd0ea6443d3528c5e9ca3084d8e661f7ca12775,DAE-YAHSP,dae_yahsp_seq-sat,5863,5863.0000,1.0000
seq-sat,transport,bcd0ea6443d3528c5e9ca3084d8e661f7ca12775,FDSS-1,fdss-1_seq-sat,7803,5863.0000,0.7514
seq-sat,transport,bcd0ea6443d3528c5e9ca3084d8e661f7ca12775,FDSS-2,fdss-2_seq-sat,8817,5863.0000,0.6650
seq-sat,transport,bcd0ea6443d3528c5e9ca3084d8e661f7ca12775,LAMA-2008,lama-2008,6786,5863.0000,0.8640
seq-sat,transport,bcd0ea6443d3528c5e9ca3084d8e661f7ca12775,LAMA-2011,lama-2011,6479,5863.0000,0.9049
seq-sat,transport,bcd0ea6443d3528c5e9ca3084d8e661f7ca12775,Probe,probe,9599,5863.0000,0.6108
seq-sat,transport,bcd0ea6443d3528c5e9ca3084d8e661f7ca12775,Roamer,roamer,6806,5863.0000,0.8614
seq-sat,transport,bcd0ea6443d3528c5e9ca3084d8e661f7ca12775,YAHSP2,yahsp2_seq-sat,7975,5863.0000,0.7352
seq-sat,transport,bcd0ea6443d3528c5e9ca3084d8e661f7ca12775,YAHSP2-MT,yahsp2-mt_seq-sat,7656,5863.0000,0.7658
seq-sat,transport,c160fca9cb55d442535a710da674616f9070fc24,BRT,brt,12147,6909.0000,0.5688
seq-sat,transport,c160fca9cb55d442535a710da674616f9070fc24,CBP2,cbp2,9989,6909.0000,0.6917
seq-sat,transport,c160fca9cb55d442535a710da674616f9070fc24,DAE-YAHSP,dae_yahsp_seq-sat,7209,6909.0000,0.9584
seq-sat,transport,c160fca9cb55d442535a710da674616f9070fc24,LAMA-2008,lama-2008,7192,6909.0000,0.9607
seq-sat,transport,c160fca9cb55d442535a710da674616f9070fc24,LAMA-2011,lama-2011,6909,6909.0000,1.0000
seq-sat,transport,c160fca9cb55d442535a710da674616f9070fc24,Lamar,lamar,10581,6909.0000,0.6530
seq-sat,transport,c160fca9cb55d442535a710da674616f9070fc24,Probe,probe,12859,6909.0000,0.5373
seq-sat,transport,c160fca9cb55d442535a710da674616f9070fc24,Roamer,roamer,6924,6909.0000,0.9978
seq-sat,transport,c160fca9cb55d442535a710da674616f9070fc24,YAHSP2,yahsp2_seq-sat,11461,6909.0000,0.6028
seq-sat,transport,c160fca9cb55d442535a710da674616f9070fc24,YAHSP2-MT,yahsp2-mt_seq-sat,11310,6909.0000,0.6109
seq-sat,transport,c75c2e62c93c1c3cd04d61ebd23c6402e00e14e0,Arvand,arvand,1481,996.0000,0.6725
seq-sat,transport,c75c2e62c93c1c3cd04d61ebd23c6402e00e14e0,BRT,brt,1000,996.0000,0.9960
seq-sat,transport,c75c2e62c93c1c3cd04d61ebd23c6402e00e14e0,CBP,cbp,2303,996.0000,0.4325
seq-sat,transport,c75c2e62c93c1c3cd04d61ebd23c6402e00e14e0,CBP2,cbp2,1905,996.0000,0.5228
seq-sat,transport,c75c2e62c93c1c3cd04d61ebd23c6402e00e14e0,DAE-YAHSP,dae_yahsp_seq-sat,1701,996.0000,0.5855
seq-sat,transport,c75c2e62c93c1c3cd04d61ebd23c6402e00e14e0,FD-Autotune-1,fd-autotune-1,1531,996.0000,0.6506
seq-sat,transport,c75c2e62c93c1c3cd04d61ebd23c6402e00e14e0,FD-Autotune-2,fd-autotune-2,1319,996.0000,0.7551
seq-sat,transport,c75c2e62c93c1c3cd04d61ebd23c6402e00e14e0,FDSS-1,fdss-1_seq-sat,1247,996.0000,0.7987
seq-sat,transport,c75c2e62c93c1c3cd04d61ebd23c6402e00e14e0,FDSS-2,fdss-2_seq-sat,1807,996.0000,0.5512
seq-sat,transport,c75c2e62c93c1c3cd04d61ebd23c6402e00e14e0,Fork Uniform,forkuniform,1405,996.0000,0.7089
seq-sat,transport,c75c2e62c93c1c3cd04d61ebd23c6402e00e14e0,LAMA-2008,lama-2008,996,996.0000,1.0000
seq-sat,transport,c75c2e62c93c1c3cd04d61ebd23c6402e00e14e0,LAMA-2011,lama-2011,1010,996.0000,0.9861
seq-sat,transport,c75c2e62c93c1c3cd04d61ebd23c6402e00e14e0,Lamar,lamar,1032,996.0000,0.9651
seq-sat,transport,c75c2e62c93c1c3cd04d61ebd23c6402e00e14e0,Probe,probe,2390,996.0000,0.4167
seq-sat,transport,c75c2e62c93c1c3cd04d61ebd23c6402e00e14e0,Randward,randward,1346,996.0000,0.7400
seq-sat,transport,c75c2e62c93c1c3cd04d61ebd23c6402e00e14e0,Roamer,roamer,996,996.0000,1.0000
seq-sat,transport,c75c2e62c93c1c3cd04d61ebd23c6402e00e14e0,YAHSP2,yahsp2_seq-sat,1975,996.0000,0.5043
seq-sat,transport,c75c2e62c93c1c3cd04d61ebd23c6402e00e14e0,YAHSP2-MT,yahsp2-mt_seq-sat,1961,996.0000,0.5079
seq-sat,transport,ca73ba1d9134763c1b85cb13aed871e6122b6a8e,Arvand,arvand,6238,4435.0000,0.7110
seq-sat,transport,ca73ba1d9134763c1b85cb13aed871e6122b6a8e,CBP,cbp,23939,4435.0000,0.1853
seq-sat,transport,ca73ba1d9134763c1b85cb13aed871e6122b6a8e,CBP2,cbp2,8320,4435.0000,0.5331
seq-sat,transport,ca73ba1d9134763c1b85cb13aed871e6122b6a8e,DAE-YAHSP,dae_yahsp_seq-sat,6891,4435.0000,0.6436
seq-sat,transport,ca73ba1d9134763c1b85cb13aed871e6122b6a8e,LAMA-2008,lama-2008,5831,4435.0000,0.7606
seq-sat,transport,ca73ba1d9134763c1b85cb13aed871e6122b6a8e,LAMA-2011,lama-2011,4435,4435.0000,1.0000
seq-sat,transport,ca73ba1d9134763c1b85cb13aed871e6122b6a8e,Probe,probe,8725,4435.0000,0.5083
seq-sat,transport,ca73ba1d9134763c1b85cb13aed871e6122b6a8e,Roamer,roamer,4793,4435.0000,0.9253
seq-sat,transport,ca73ba1d9134763c1b85cb13aed871e6122b6a8e,YAHSP2,yahsp2_seq-sat,9123,4435.0000,0.4861
seq-sat,transport,ca73ba1d9134763c1b85cb13aed871e6122b6a8e,YAHSP2-MT,yahsp2-mt_seq-sat,9123,4435.0000,0.4861
seq-sat,transport,ee62a643f8c2d9a686c7147c84144a575a83d9f8,Arvand,arvand,3962,3275.0000,0.8266
seq-sat,transport,ee62a643f8c2d9a686c7147c84144a575a83d9f8,BRT,brt,9065,3275.0000,0.3613
seq-sat,transport,ee62a643f8c2d9a686c7147c84144a575a83d9f8,CBP,cbp,10198,3275.0000,0.3211
seq-sat,transport,ee62a643f8c2d9a686c7147c84144a575a83d9f8,CBP2,cbp2,6873,3275.0000,0.4765
seq-sat,transport,ee62a643f8c2d9a686c7147c84144a575a83d9f8,DAE-YAHSP,dae_yahsp_seq-sat,4971,3275.0000,0.6588
seq-sat,transport,ee62a643f8c2d9a686c7147c84144a575a83d9f8,FD-Autotune-1,fd-autotune-1,3531,3275.0000,0.9275
seq-sat,transport,ee62a643f8c2d9a686c7147c84144a575a83d9f8,FD-Autotune-2,fd-autotune-2,3398,3275.0000,0.9638
seq-sat,transport,ee62a643f8c2d9a686c7147c84144a575a83d9f8,FDSS-1,fdss-1_seq-sat,3879,3275.0000,0.8443
seq-sat,transport,ee62a643f8c2d9a686c7147c84144a575a83d9f8,FDSS-2,fdss-2_seq-sat,5039,3275.0000,0.6499
seq-sat,transport,ee62a643f8c2d9a686c7147c84144a575a83d9f8,Fork Uniform,forkuniform,4823,3275.0000,0.6790
seq-sat,transport,ee62a643f8c2d9a686c7147c84144a575a83d9f8,LAMA-2008,lama-2008,3313,3275.0000,0.9885
seq-sat,transport,ee62a643f8c2d9a686c7147c84144a575a83d9f8,LAMA-2011,lama-2011,3882,3275.0000,0.8436
seq-sat,transport,ee62a643f8c2d9a686c7147c84144a575a83d9f8,Lamar,lamar,5217,3275.0000,0.6278
seq-sat,transport,ee62a643f8c2d9a686c7147c84144a575a83d9f8,Probe,probe,7471,3275.0000,0.4384
seq-sat,transport,ee62a643f8c2d9a686c7147c84144a575a83d9f8,Randward,randward,5508,3275.0000,0.5946
seq-sat,transport,ee62a643f8c2d9a686c7147c84144a575a83d9f8,Roamer,roamer,3275,3275.0000,1.0000
seq-sat,transport,ee62a643f8c2d9a686c7147c84144a575a83d9f8,YAHSP2,yahsp2_seq-sat,9398,3275.0000,0.3485
seq-sat,transport,ee62a643f8c2d9a686c7147c84144a575a83d9f8,YAHSP2-MT,yahsp2-mt_seq-sat,9398,3275.0000,0.3485
seq-sat,transport,f60fd42166e52f71de20affd517757303c6c1d9a,Arvand,arvand,1227,1014.0000,0.8264
seq-sat,transport,f60fd42166e52f71de20affd517757303c6c1d9a,BRT,brt,2261,1014.0000,0.4485
seq-sat,transport,f60fd42166e52f71de20affd517757303c6c1d9a,CBP,cbp,1930,1014.0000,0.5254
seq-sat,transport,f60fd42166e52f71de20affd517757303c6c1d9a,CBP2,cbp2,1831,1014.0000,0.5538
seq-sat,transport,f60fd42166e52f71de20affd517757303c6c1d9a,DAE-YAHSP,dae_yahsp_seq-sat,1498,1014.0000,0.6769
seq-sat,transport,f60fd42166e52f71de20affd517757303c6c1d9a,FD-Autotune-1,fd-autotune-1,1246,1014.0000,0.8138
seq-sat,transport,f60fd42166e52f71de20affd517757303c6c1d9a,FD-Autotune-2,fd-autotune-2,1014,1014.0000,1.0000
seq-sat,transport,f60fd42166e52f71de20affd517757303c6c1d9a,FDSS-1,fdss-1_seq-sat,1371,1014.0000,0.7396
seq-sat,transport,f60fd42166e52f71de20affd517757303c6c1d9a,FDSS-2,fdss-2_seq-sat,1847,1014.0000,0.5490
seq-sat,transport,f60fd42166e52f71de20affd517757303c6c1d9a,Fork Uniform,forkuniform,1620,1014.0000,0.6259
seq-sat,transport,f60fd42166e52f71de20affd517757303c6c1d9a,LAMA-2008,lama-2008,1050,1014.0000,0.9657
seq-sat,transport,f60fd42166e52f71de20affd517757303c6c1d9a,LAMA-2011,lama-2011,1485,1014.0000,0.6828
seq-sat,transport,f60fd42166e52f71de20affd517757303c6c1d9a,Lamar,lamar,1244,1014.0000,0.8151
seq-sat,transport,f60fd42166e52f71de20affd517757303c6c1d9a,Madagascar-p,madagascar-p_seq-sat,2707,1014.0000,0.3746
seq-sat,transport,f60fd42166e52f71de20affd517757303c6c1d9a,Probe,probe,1960,1014.0000,0.5173
seq-sat,transport,f60fd42166e52f71de20affd517757303c6c1d9a,Randward,randward,1148,1014.0000,0.8833
seq-sat,transport,f60fd42166e52f71de20affd517757303c6c1d9a,Roamer,roamer,1050,1014.0000,0.9657
seq-sat,transport,f60fd42166e52f71de20affd517757303c6c1d9a,YAHSP2,yahsp2_seq-sat,2175,1014.0000,0.4662
seq-sat,transport,f60fd42166e52f71de20affd517757303c6c1d9a,YAHSP2-MT,yahsp2-mt_seq-sat,2175,1014.0000,0.4662
seq-sat,transport,f95baac1aee161459d7395fbd43e5b1fd00d732d,Arvand,arvand,2096,1315.0000,0.6274
seq-sat,transport,f95baac1aee161459d7395fbd43e5b1fd00d732d,BRT,brt,2246,1315.0000,0.5855
seq-sat,transport,f95baac1aee161459d7395fbd43e5b1fd00d732d,CBP,cbp,5183,1315.0000,0.2537
seq-sat,transport,f95baac1aee161459d7395fbd43e5b1fd00d732d,CBP2,cbp2,2918,1315.0000,0.4507
seq-sat,transport,f95baac1aee161459d7395fbd43e5b1fd00d732d,DAE-YAHSP,dae_yahsp_seq-sat,2139,1315.0000,0.6148
seq-sat,transport,f95baac1aee161459d7395fbd43e5b1fd00d732d,FD-Autotune-1,fd-autotune-1,1844,1315.0000,0.7131
seq-sat,transport,f95baac1aee161459d7395fbd43e5b1fd00d732d,FD-Autotune-2,fd-autotune-2,1315,1315.0000,1.0000
seq-sat,transport,f95baac1aee161459d7395fbd43e5b1fd00d732d,FDSS-1,fdss-1_seq-sat,1845,1315.0000,0.7127
seq-sat,transport,f95baac1aee161459d7395fbd43e5b1fd00d732d,FDSS-2,fdss-2_seq-sat,2516,1315.0000,0.5227
seq-sat,transport,f95baac1aee161459d7395fbd43e5b1fd00d732d,LAMA-2008,lama-2008,1547,1315.0000,0.8500
seq-sat,transport,f95baac1aee161459d7395fbd43e5b1fd00d732d,LAMA-2011,lama-2011,2113,1315.0000,0.6223
seq-sat,transport,f95baac1aee161459d7395fbd43e5b1fd00d732d,Lamar,lamar,2404,1315.0000,0.5470
seq-sat,transport,f95baac1aee161459d7395fbd43e5b1fd00d732d,Probe,probe,2811,1315.0000,0.4678
seq-sat,transport,f95baac1aee161459d7395fbd43e5b1fd00d732d,Randward,randward,3098,1315.0000,0.4245
seq-sat,transport,f95baac1aee161459d7395fbd43e5b1fd00d732d,Roamer,roamer,1901,1315.0000,0.6917
seq-sat,transport,f95baac1aee161459d7395fbd43e5b1fd00d732d,YAHSP2,yahsp2_seq-sat,3376,1315.0000,0.3895
seq-sat,transport,f95baac1aee161459d7395fbd43e5b1fd00d732d,YAHSP2-MT,yahsp2-mt_seq-sat,3127,1315.0000,0.4205
seq-sat,visitall,00b6dedae45263e83b4064d12b9aae681a574c48,Arvand,arvand,370,339.0000,0.9162
seq-sat,visitall,00b6dedae45263e83b4064d12b9aae681a574c48,BRT,brt,1087,339.0000,0.3119
seq-sat,visitall,00b6dedae45263e83b4064d12b9aae681a574c48,CBP,cbp,443,339.0000,0.7652
seq-sat,visitall,00b6dedae45263e83b4064d12b9aae681a574c48,CBP2,cbp2,443,339.0000,0.7652
seq-sat,visitall,00b6dedae45263e83b4064d12b9aae681a574c48,DAE-YAHSP,dae_yahsp_seq-sat,339,339.0000,1.0000
seq-sat,visitall,00b6dedae45263e83b4064d12b9aae681a574c48,FD-Autotune-2,fd-autotune-2,395,339.0000,0.8582
seq-sat,visitall,00b6dedae45263e83b4064d12b9aae681a574c48,FDSS-1,fdss-1_seq-sat,381,339.0000,0.8898
seq-sat,visitall,00b6dedae45263e83b4064d12b9aae681a574c48,FDSS-2,fdss-2_seq-sat,2549,339.0000,0.1330
seq-sat,visitall,00b6dedae45263e83b4064d12b9aae681a574c48,Fork Uniform,forkuniform,468,339.0000,0.7244
seq-sat,visitall,00b6dedae45263e83b4064d12b9aae681a574c48,LAMA-2008,lama-2008,407,339.0000,0.8329
seq-sat,visitall,00b6dedae45263e83b4064d12b9aae681a574c48,LAMA-2011,lama-2011,430,339.0000,0.7884
seq-sat,visitall,00b6dedae45263e83b4064d12b9aae681a574c48,LPRPG-P,lprpgp,475,339.0000,0.7137
seq-sat,visitall,00b6dedae45263e83b4064d12b9aae681a574c48,Lamar,lamar,422,339.0000,0.8033
seq-sat,visitall,00b6dedae45263e83b4064d12b9aae681a574c48,POPF2,popf2_seq-sat,475,339.0000,0.7137
seq-sat,visitall,00b6dedae45263e83b4064d12b9aae681a574c48,Probe,probe,340,339.0000,0.9971
seq-sat,visitall,00b6dedae45263e83b4064d12b9aae681a574c48,Randward,randward,599,339.0000,0.5659
seq-sat,visitall,00b6dedae45263e83b4064d12b9aae681a574c48,Roamer,roamer,390,339.0000,0.8692
seq-sat,visitall,00b6dedae45263e83b4064d12b9aae681a574c48,YAHSP2,yahsp2_seq-sat,386,339.0000,0.8782
seq-sat,visitall,00b6dedae45263e83b4064d12b9aae681a574c48,YAHSP2-MT,yahsp2-mt_seq-sat,381,339.0000,0.8898
seq-sat,visitall,0bc61ec630a1f866fceee152d6b1b4489dc3506d,ACOPlan,acoplan_seq-sat,334,199.0000,0.5958
seq-sat,visitall,0bc61ec630a1f866fceee152d6b1b4489dc3506d,ACOPlan2,acoplan2,370,199.0000,0.5378
seq-sat,visitall,0bc61ec630a1f866fceee152d6b1b4489dc3506d,Arvand,arvand,223,199.0000,0.8924
seq-sat,visitall,0bc61ec630a1f866fceee152d6b1b4489dc3506d,BRT,brt,515,199.0000,0.3864
seq-sat,visitall,0bc61ec630a1f866fceee152d6b1b4489dc3506d,CBP,cbp,253,199.0000,0.7866
seq-sat,visitall,0bc61ec630a1f866fceee152d6b1b4489dc3506d,CBP2,cbp2,253,199.0000,0.7866
seq-sat,visitall,0bc61ec630a1f866fceee152d6b1b4489dc3506d,DAE-YAHSP,dae_yahsp_seq-sat,199,199.0000,1.0000
seq-sat,visitall,0bc61ec630a1f866fceee152d6b1b4489dc3506d,FD-Autotune-1,fd-autotune-1,228,199.0000,0.8728
seq-sat,visitall,0bc61ec630a1f866fceee152d6b1b4489dc3506d,FD-Autotune-2,fd-autotune-2,230,199.0000,0.8652
seq-sat,visitall,0bc61ec630a1f866fceee152d6b1b4489dc3506d,FDSS-1,fdss-1_seq-sat,213,199.0000,0.9343
seq-sat,visitall,0bc61ec630a1f866fceee152d6b1b4489dc3506d,FDSS-2,fdss-2_seq-sat,404,199.0000,0.4926
seq-sat,visitall,0bc61ec630a1f866fceee152d6b1b4489dc3506d,Fork Uniform,forkuniform,299,199.0000,0.6656
seq-sat,visitall,0bc61ec630a1f866fceee152d6b1b4489dc3506d,LAMA-2008,lama-2008,231,199.0000,0.8615
seq-sat,visitall,0bc61ec630a1f866fceee152d6b1b4489dc3506d,LAMA-2011,lama-2011,247,199.0000,0.8057
seq-sat,visitall,0bc61ec630a1f866fceee152d6b1b4489dc3506d,LPRPG-P,lprpgp,285,199.0000,0.6982
seq-sat,visitall,0bc61ec630a1f866fceee152d6b1b4489dc3506d,Lamar,lamar,241,199.0000,0.8257
seq-sat,visitall,0bc61ec630a1f866fceee152d6b1b4489dc3506d,POPF2,popf2_seq-sat,285,199.0000,0.6982
seq-sat,visitall,0bc61ec630a1f866fceee152d6b1b4489dc3506d,Probe,probe,208,199.0000,0.9567
seq-sat,visitall,0bc61ec630a1f866fceee152d6b1b4489dc3506d,Randward,randward,348,199.0000,0.5718
seq-sat,visitall,0bc61ec630a1f866fceee152d6b1b4489dc3506d,Roamer,roamer,240,199.0000,0.8292
seq-sat,visitall,0bc61ec630a1f866fceee152d6b1b4489dc3506d,YAHSP2,yahsp2_seq-sat,230,199.0000,0.8652
seq-sat,visitall,0bc61ec630a1f866fceee152d6b1b4489dc3506d,YAHSP2-MT,yahsp2-mt_seq-sat,228,199.0000,0.8728
seq-sat,visitall,1283da93dcd709b4170f3c424d9bfd4623a4b05d,CBP,cbp,2331,1685.0000,0.7229
seq-sat,visitall,1283da93dcd709b4170f3c424d9bfd4623a4b05d,CBP2,cbp2,2331,1685.0000,0.7229
seq-sat,visitall,1283da93dcd709b4170f3c424d9bfd4623a4b05d,DAE-YAHSP,dae_yahsp_seq-sat,1685,1685.0000,1.0000
seq-sat,visitall,1283da93dcd709b4170f3c424d9bfd4623a4b05d,LAMA-2008,lama-2008,1799,1685.0000,0.9366
seq-sat,visitall,1283da93dcd709b4170f3c424d9bfd4623a4b05d,LAMA-2011,lama-2011,1903,1685.0000,0.8854
seq-sat,visitall,1283da93dcd709b4170f3c424d9bfd4623a4b05d,Probe,probe,1846,1685.0000,0.9128
seq-sat,visitall,1283da93dcd709b4170f3c424d9bfd4623a4b05d,Randward,randward,2753,1685.0000,0.6121
seq-sat,visitall,1283da93dcd709b4170f3c424d9bfd4623a4b05d,YAHSP2,yahsp2_seq-sat,1727,1685.0000,0.9757
seq-sat,visitall,1283da93dcd709b4170f3c424d9bfd4623a4b05d,YAHSP2-MT,yahsp2-mt_seq-sat,1694,1685.0000,0.9947
seq-sat,visitall,1d583ec5d43ffcfa2513d615baffca3b23c6db4b,CBP,cbp,2079,1422.0000,0.6840
seq-sat,visitall,1d583ec5d43ffcfa2513d615baffca3b23c6db4b,CBP2,cbp2,2079,1422.0000,0.6840
seq-sat,visitall,1d583ec5d43ffcfa2513d615baffca3b23c6db4b,DAE-YAHSP,dae_yahsp_seq-sat,1422,1422.0000,1.0000
seq-sat,visitall,1d583ec5d43ffcfa2513d615baffca3b23c6db4b,LAMA-2008,lama-2008,1591,1422.0000,0.8938
seq-sat,visitall,1d583ec5d43ffcfa2513d615baffca3b23c6db4b,LAMA-2011,lama-2011,1737,1422.0000,0.8187
seq-sat,visitall,1d583ec5d43ffcfa2513d615baffca3b23c6db4b,Probe,probe,1638,1422.0000,0.8681
seq-sat,visitall,1d583ec5d43ffcfa2513d615baffca3b23c6db4b,Randward,randward,2513,1422.0000,0.5659
seq-sat,visitall,1d583ec5d43ffcfa2513d615baffca3b23c6db4b,YAHSP2,yahsp2_seq-sat,1502,1422.0000,0.9467
seq-sat,visitall,1d583ec5d43ffcfa2513d615baffca3b23c6db4b,YAHSP2-MT,yahsp2-mt_seq-sat,1492,1422.0000,0.9531
seq-sat,visitall,369de820590a205de626dda3db7450abb6aa416b,DAE-YAHSP,dae_yahsp_seq-sat,2468,2468.0000,1.0000
seq-sat,visitall,369de820590a205de626dda3db7450abb6aa416b,LAMA-2008,lama-2008,2723,2468.0000,0.9064
seq-sat,visitall,369de820590a205de626dda3db7450abb6aa416b,LAMA-2011,lama-2011,2866,2468.0000,0.8611
seq-sat,visitall,369de820590a205de626dda3db7450abb6aa416b,Probe,probe,2867,2468.0000,0.8608
seq-sat,visitall,369de820590a205de626dda3db7450abb6aa416b,Randward,randward,5137,2468.0000,0.4804
seq-sat,visitall,369de820590a205de626dda3db7450abb6aa416b,YAHSP2,yahsp2_seq-sat,2591,2468.0000,0.9525
seq-sat,visitall,369de820590a205de626dda3db7450abb6aa416b,YAHSP2-MT,yahsp2-mt_seq-sat,2606,2468.0000,0.9470
seq-sat,visitall,41f2bbedf1dc41f66a95694dfd17c470eccdbacc,CBP,cbp,1621,1093.0000,0.6743
seq-sat,visitall,41f2bbedf1dc41f66a95694dfd17c470eccdbacc,CBP2,cbp2,1621,1093.0000,0.6743
seq-sat,visitall,41f2bbedf1dc41f66a95694dfd17c470eccdbacc,DAE-YAHSP,dae_yahsp_seq-sat,1093,1093.0000,1.0000
seq-sat,visitall,41f2bbedf1dc41f66a95694dfd17c470eccdbacc,LAMA-2008,lama-2008,1256,1093.0000,0.8702
seq-sat,visitall,41f2bbedf1dc41f66a95694dfd17c470eccdbacc,LAMA-2011,lama-2011,1309,1093.0000,0.8350
seq-sat,visitall,41f2bbedf1dc41f66a95694dfd17c470eccdbacc,Lamar,lamar,1453,1093.0000,0.7522
seq-sat,visitall,41f2bbedf1dc41f66a95694dfd17c470eccdbacc,Probe,probe,1355,1093.0000,0.8066
seq-sat,visitall,41f2bbedf1dc41f66a95694dfd17c470eccdbacc,Randward,randward,1884,1093.0000,0.5801
seq-sat,visitall,41f2bbedf1dc41f66a95694dfd17c470eccdbacc,YAHSP2,yahsp2_seq-sat,1225,1093.0000,0.8922
seq-sat,visitall,41f2bbedf1dc41f66a95694dfd17c470eccdbacc,YAHSP2-MT,yahsp2-mt_seq-sat,1252,1093.0000,0.8730
seq-sat,visitall,464834f4b449455e1d77ab036a1862a3f9ca7a99,ACOPlan,acoplan_seq-sat,178,145.0000,0.8146
seq-sat,visitall,464834f4b449455e1d77ab036a1862a3f9ca7a99,ACOPlan2,acoplan2,181,145.0000,0.8011
seq-sat,visitall,464834f4b449455e1d77ab036a1862a3f9ca7a99,Arvand,arvand,153,145.0000,0.9477
seq-sat,visitall,464834f4b449455e1d77ab036a1862a3f9ca7a99,BRT,brt,263,145.0000,0.5513
seq-sat,visitall,464834f4b449455e1d77ab036a1862a3f9ca7a99,CBP,cbp,165,145.0000,0.8788
seq-sat,visitall,464834f4b449455e1d77ab036a1862a3f9ca7a99,CBP2,cbp2,165,145.0000,0.8788
seq-sat,visitall,464834f4b449455e1d77ab036a1862a3f9ca7a99,DAE-YAHSP,dae_yahsp_seq-sat,145,145.0000,1.0000
seq-sat,visitall,464834f4b449455e1d77ab036a1862a3f9ca7a99,FD-Autotune-1,fd-autotune-1,173,145.0000,0.8382
seq-sat,visitall,464834f4b449455e1d77ab036a1862a3f9ca7a99,FD-Autotune-2,fd-autotune-2,180,145.0000,0.8056
seq-sat,visitall,464834f4b449455e1d77ab036a1862a3f9ca7a99,FDSS-1,fdss-1_seq-sat,153,145.0000,0.9477
seq-sat,visitall,464834f4b449455e1d77ab036a1862a3f9ca7a99,FDSS-2,fdss-2_seq-sat,277,145.0000,0.5235
seq-sat,visitall,464834f4b449455e1d77ab036a1862a3f9ca7a99,Fork Uniform,forkuniform,183,145.0000,0.7923
seq-sat,visitall,464834f4b449455e1d77ab036a1862a3f9ca7a99,LAMA-2008,lama-2008,177,145.0000,0.8192
seq-sat,visitall,464834f4b449455e1d77ab036a1862a3f9ca7a99,LAMA-2011,lama-2011,186,145.0000,0.7796
seq-sat,visitall,464834f4b449455e1d77ab036a1862a3f9ca7a99,LPRPG-P,lprpgp,204,145.0000,0.7108
seq-sat,visitall,464834f4b449455e1d77ab036a1862a3f9ca7a99,Lamar,lamar,171,145.0000,0.8480
seq-sat,visitall,464834f4b449455e1d77ab036a1862a3f9ca7a99,POPF2,popf2_seq-sat,204,145.0000,0.7108
seq-sat,visitall,464834f4b449455e1d77ab036a1862a3f9ca7a99,Probe,probe,154,145.0000,0.9416
seq-sat,visitall,464834f4b449455e1d77ab036a1862a3f9ca7a99,Randward,randward,242,145.0000,0.5992
seq-sat,visitall,464834f4b449455e1d77ab036a1862a3f9ca7a99,Roamer,roamer,177,145.0000,0.8192
seq-sat,visitall,464834f4b449455e1d77ab036a1862a3f9ca7a99,YAHSP2,yahsp2_seq-sat,169,145.0000,0.8580
seq-sat,visitall,464834f4b449455e1d77ab036a1862a3f9ca7a99,YAHSP2-MT,yahsp2-mt_seq-sat,169,145.0000,0.8580
seq-sat,visitall,4e9bed975be0b626b405d9b29b1d7b501dd2274c,Arvand,arvand,852,716.0000,0.8404
seq-sat,visitall,4e9bed975be0b626b405d9b29b1d7b501dd2274c,BRT,brt,8420,716.0000,0.0850
seq-sat,visitall,4e9bed975be0b626b405d9b29b1d7b501dd2274c,CBP,cbp,1045,716.0000,0.6852
seq-sat,visitall,4e9bed975be0b626b405d9b29b1d7b501dd2274c,CBP2,cbp2,1045,716.0000,0.6852
seq-sat,visitall,4e9bed975be0b626b405d9b29b1d7b501dd2274c,DAE-YAHSP,dae_yahsp_seq-sat,716,716.0000,1.0000
seq-sat,visitall,4e9bed975be0b626b405d9b29b1d7b501dd2274c,LAMA-2008,lama-2008,816,716.0000,0.8775
seq-sat,visitall,4e9bed975be0b626b405d9b29b1d7b501dd2274c,LAMA-2011,lama-2011,872,716.0000,0.8211
seq-sat,visitall,4e9bed975be0b626b405d9b29b1d7b501dd2274c,Lamar,lamar,827,716.0000,0.8658
seq-sat,visitall,4e9bed975be0b626b405d9b29b1d7b501dd2274c,Probe,probe,818,716.0000,0.8753
seq-sat,visitall,4e9bed975be0b626b405d9b29b1d7b501dd2274c,Randward,randward,1299,716.0000,0.5512
seq-sat,visitall,4e9bed975be0b626b405d9b29b1d7b501dd2274c,Roamer,roamer,834,716.0000,0.8585
seq-sat,visitall,4e9bed975be0b626b405d9b29b1d7b501dd2274c,YAHSP2,yahsp2_seq-sat,816,716.0000,0.8775
seq-sat,visitall,4e9bed975be0b626b405d9b29b1d7b501dd2274c,YAHSP2-MT,yahsp2-mt_seq-sat,816,716.0000,0.8775
seq-sat,visitall,58c8be53059514a1c5391f15627ca9517b43e540,Arvand,arvand,5105,950.0000,0.1861
seq-sat,visitall,58c8be53059514a1c5391f15627ca9517b43e540,CBP,cbp,1415,950.0000,0.6714
seq-sat,visitall,58c8be53059514a1c5391f15627ca9517b43e540,CBP2,cbp2,1415,950.0000,0.6714
seq-sat,visitall,58c8be53059514a1c5391f15627ca9517b43e540,DAE-YAHSP,dae_yahsp_seq-sat,950,950.0000,1.0000
seq-sat,visitall,58c8be53059514a1c5391f15627ca9517b43e540,LAMA-2008,lama-2008,1085,950.0000,0.8756
seq-sat,visitall,58c8be53059514a1c5391f15627ca9517b43e540,LAMA-2011,lama-2011,1152,950.0000,0.8247
seq-sat,visitall,58c8be53059514a1c5391f15627ca9517b43e540,Lamar,lamar,1166,950.0000,0.8148
seq-sat,visitall,58c8be53059514a1c5391f15627ca9517b43e540,Probe,probe,1144,950.0000,0.8304
seq-sat,visitall,58c8be53059514a1c5391f15627ca9517b43e540,Randward,randward,1676,950.0000,0.5668
seq-sat,visitall,58c8be53059514a1c5391f15627ca9517b43e540,Roamer,roamer,1060,950.0000,0.8962
seq-sat,visitall,58c8be53059514a1c5391f15627ca9517b43e540,YAHSP2,yahsp2_seq-sat,1089,950.0000,0.8724
seq-sat,visitall,58c8be53059514a1c5391f15627ca9517b43e540,YAHSP2-MT,yahsp2-mt_seq-sat,1101,950.0000,0.8629
seq-sat,visitall,60e6b22c182ec51aadac988f3b3da88d1740137e,DAE-YAHSP,dae_yahsp_seq-sat,2691,2691.0000,1.0000
seq-sat,visitall,60e6b22c182ec51aadac988f3b3da88d1740137e,LAMA-2008,lama-2008,3032,2691.0000,0.8875
seq-sat,visitall,60e6b22c182ec51aadac988f3b3da88d1740137e,LAMA-2011,lama-2011,3185,2691.0000,0.8449
seq-sat,visitall,60e6b22c182ec51aadac988f3b3da88d1740137e,Probe,probe,3176,2691.0000,0.8473
seq-sat,visitall,60e6b22c182ec51aadac988f3b3da88d1740137e,Randward,randward,6211,2691.0000,0.4333
seq-sat,visitall,60e6b22c182ec51aadac988f3b3da88d1740137e,YAHSP2,yahsp2_seq-sat,2841,2691.0000,0.9472
seq-sat,visitall,60e6b22c182ec51aadac988f3b3da88d1740137e,YAHSP2-MT,yahsp2-mt_seq-sat,2842,2691.0000,0.9469
seq-sat,visitall,67199694ca31ad72e840da6f3a2eade656e48e63,Arvand,arvand,5233,848.0000,0.1620
seq-sat,visitall,67199694ca31ad72e840da6f3a2eade656e48e63,CBP,cbp,1223,848.0000,0.6934
seq-sat,visitall,67199694ca31ad72e840da6f3a2eade656e48e63,CBP2,cbp2,1223,848.0000,0.6934
seq-sat,visitall,67199694ca31ad72e840da6f3a2eade656e48e63,DAE-YAHSP,dae_yahsp_seq-sat,848,848.0000,1.0000
seq-sat,visitall,67199694ca31ad72e840da6f3a2eade656e48e63,LAMA-2008,lama-2008,933,848.0000,0.9089
seq-sat,visitall,67199694ca31ad72e840da6f3a2eade656e48e63,LAMA-2011,lama-2011,1009,848.0000,0.8404
seq-sat,visitall,67199694ca31ad72e840da6f3a2eade656e48e63,Probe,probe,978,848.0000,0.8671
seq-sat,visitall,67199694ca31ad72e840da6f3a2eade656e48e63,Randward,randward,1482,848.0000,0.5722
seq-sat,visitall,67199694ca31ad72e840da6f3a2eade656e48e63,Roamer,roamer,962,848.0000,0.8815
seq-sat,visitall,67199694ca31ad72e840da6f3a2eade656e48e63,YAHSP2,yahsp2_seq-sat,948,848.0000,0.8945
seq-sat,visitall,67199694ca31ad72e840da6f3a2eade656e48e63,YAHSP2-MT,yahsp2-mt_seq-sat,937,848.0000,0.9050
seq-sat,visitall,82655140e18aaf7ae1e9f94c8e2b2223d7181130,DAE-YAHSP,dae_yahsp_seq-sat,2105,2105.0000,1.0000
seq-sat,visitall,82655140e18aaf7ae1e9f94c8e2b2223d7181130,LAMA-2008,lama-2008,2372,2105.0000,0.8874
seq-sat,visitall,82655140e18aaf7ae1e9f94c8e2b2223d7181130,LAMA-2011,lama-2011,2473,2105.0000,0.8512
seq-sat,visitall,82655140e18aaf7ae1e9f94c8e2b2223d7181130,Probe,probe,2488,2105.0000,0.8461
seq-sat,visitall,82655140e18aaf7ae1e9f94c8e2b2223d7181130,Randward,randward,4263,2105.0000,0.4938
seq-sat,visitall,82655140e18aaf7ae1e9f94c8e2b2223d7181130,YAHSP2,yahsp2_seq-sat,2301,2105.0000,0.9148
seq-sat,visitall,82655140e18aaf7ae1e9f94c8e2b2223d7181130,YAHSP2-MT,yahsp2-mt_seq-sat,2231,2105.0000,0.9435
seq-sat,visitall,880f0f9e66bce04ab86b0263fb371988816f0605,DAE-YAHSP,dae_yahsp_seq-sat,2246,2246.0000,1.0000
seq-sat,visitall,880f0f9e66bce04ab86b0263fb371988816f0605,LAMA-2008,lama-2008,2590,2246.0000,0.8672
seq-sat,visitall,880f0f9e66bce04ab86b0263fb371988816f0605,LAMA-2011,lama-2011,2765,2246.0000,0.8123
seq-sat,visitall,880f0f9e66bce04ab86b0263fb371988816f0605,Probe,probe,2614,2246.0000,0.8592
seq-sat,visitall,880f0f9e66bce04ab86b0263fb371988816f0605,Randward,randward,4780,2246.0000,0.4699
seq-sat,visitall,880f0f9e66bce04ab86b0263fb371988816f0605,YAHSP2,yahsp2_seq-sat,2446,2246.0000,0.9182
seq-sat,visitall,880f0f9e66bce04ab86b0263fb371988816f0605,YAHSP2-MT,yahsp2-mt_seq-sat,2376,2246.0000,0.9453
seq-sat,visitall,93846d8ef5cf945ff786c07ecedb34c4917ed196,CBP,cbp,2597,1771.0000,0.6819
seq-sat,visitall,93846d8ef5cf945ff786c07ecedb34c4917ed196,CBP2,cbp2,2597,1771.0000,0.6819
seq-sat,visitall,93846d8ef5cf945ff786c07ecedb34c4917ed196,DAE-YAHSP,dae_yahsp_seq-sat,1933,1771.0000,0.9162
seq-sat,visitall,93846d8ef5cf945ff786c07ecedb34c4917ed196,LAMA-2008,lama-2008,1916,1771.0000,0.9243
seq-sat,visitall,93846d8ef5cf945ff786c07ecedb34c4917ed196,LAMA-2011,lama-2011,2051,1771.0000,0.8635
seq-sat,visitall,93846d8ef5cf945ff786c07ecedb34c4917ed196,Probe,probe,2018,1771.0000,0.8776
seq-sat,visitall,93846d8ef5cf945ff786c07ecedb34c4917ed196,Randward,randward,3027,1771.0000,0.5851
seq-sat,visitall,93846d8ef5cf945ff786c07ecedb34c4917ed196,YAHSP2,yahsp2_seq-sat,1811,1771.0000,0.9779
seq-sat,visitall,93846d8ef5cf945ff786c07ecedb34c4917ed196,YAHSP2-MT,yahsp2-mt_seq-sat,1771,1771.0000,1.0000
seq-sat,visitall,ae2f7b8eaa28a8e95b1086746c1ccd1e9a136b28,Arvand,arvand,601,504.0000,0.8386
seq-sat,visitall,ae2f7b8eaa28a8e95b1086746c1ccd1e9a136b28,BRT,brt,2714,504.0000,0.1857
seq-sat,visitall,ae2f7b8eaa28a8e95b1086746c1ccd1e9a136b28,CBP,cbp,695,504.0000,0.7252
seq-sat,visitall,ae2f7b8eaa28a8e95b1086746c1ccd1e9a136b28,CBP2,cbp2,695,504.0000,0.7252
seq-sat,visitall,ae2f7b8eaa28a8e95b1086746c1ccd1e9a136b28,DAE-YAHSP,dae_yahsp_seq-sat,504,504.0000,1.0000
seq-sat,visitall,ae2f7b8eaa28a8e95b1086746c1ccd1e9a136b28,FDSS-1,fdss-1_seq-sat,5513,504.0000,0.0914
seq-sat,visitall,ae2f7b8eaa28a8e95b1086746c1ccd1e9a136b28,FDSS-2,fdss-2_seq-sat,785,504.0000,0.6420
seq-sat,visitall,ae2f7b8eaa28a8e95b1086746c1ccd1e9a136b28,Fork Uniform,forkuniform,641,504.0000,0.7863
seq-sat,visitall,ae2f7b8eaa28a8e95b1086746c1ccd1e9a136b28,LAMA-2008,lama-2008,594,504.0000,0.8485
seq-sat,visitall,ae2f7b8eaa28a8e95b1086746c1ccd1e9a136b28,LAMA-2011,lama-2011,627,504.0000,0.8038
seq-sat,visitall,ae2f7b8eaa28a8e95b1086746c1ccd1e9a136b28,Lamar,lamar,579,504.0000,0.8705
seq-sat,visitall,ae2f7b8eaa28a8e95b1086746c1ccd1e9a136b28,Probe,probe,504,504.0000,1.0000
seq-sat,visitall,ae2f7b8eaa28a8e95b1086746c1ccd1e9a136b28,Randward,randward,903,504.0000,0.5581
seq-sat,visitall,ae2f7b8eaa28a8e95b1086746c1ccd1e9a136b28,Roamer,roamer,581,504.0000,0.8675
seq-sat,visitall,ae2f7b8eaa28a8e95b1086746c1ccd1e9a136b28,YAHSP2,yahsp2_seq-sat,596,504.0000,0.8456
seq-sat,visitall,ae2f7b8eaa28a8e95b1086746c1ccd1e9a136b28,YAHSP2-MT,yahsp2-mt_seq-sat,599,504.0000,0.8414
seq-sat,visitall,b61e62dc2f81ab9851634ca6e2018919d46eb919,Arvand,arvand,472,418.0000,0.8856
seq-sat,visitall,b61e62dc2f81ab9851634ca6e2018919d46eb919,BRT,brt,2715,418.0000,0.1540
seq-sat,visitall,b61e62dc2f81ab9851634ca6e2018919d46eb919,CBP,cbp,561,418.0000,0.7451
seq-sat,visitall,b61e62dc2f81ab9851634ca6e2018919d46eb919,CBP2,cbp2,561,418.0000,0.7451
seq-sat,visitall,b61e62dc2f81ab9851634ca6e2018919d46eb919,DAE-YAHSP,dae_yahsp_seq-sat,418,418.0000,1.0000
seq-sat,visitall,b61e62dc2f81ab9851634ca6e2018919d46eb919,FD-Autotune-2,fd-autotune-2,519,418.0000,0.8054
seq-sat,visitall,b61e62dc2f81ab9851634ca6e2018919d46eb919,FDSS-1,fdss-1_seq-sat,4078,418.0000,0.1025
seq-sat,visitall,b61e62dc2f81ab9851634ca6e2018919d46eb919,FDSS-2,fdss-2_seq-sat,2780,418.0000,0.1504
seq-sat,visitall,b61e62dc2f81ab9851634ca6e2018919d46eb919,Fork Uniform,forkuniform,562,418.0000,0.7438
seq-sat,visitall,b61e62dc2f81ab9851634ca6e2018919d46eb919,LAMA-2008,lama-2008,482,418.0000,0.8672
seq-sat,visitall,b61e62dc2f81ab9851634ca6e2018919d46eb919,LAMA-2011,lama-2011,516,418.0000,0.8101
seq-sat,visitall,b61e62dc2f81ab9851634ca6e2018919d46eb919,Lamar,lamar,486,418.0000,0.8601
seq-sat,visitall,b61e62dc2f81ab9851634ca6e2018919d46eb919,Probe,probe,418,418.0000,1.0000
seq-sat,visitall,b61e62dc2f81ab9851634ca6e2018919d46eb919,Randward,randward,741,418.0000,0.5641
seq-sat,visitall,b61e62dc2f81ab9851634ca6e2018919d46eb919,Roamer,roamer,481,418.0000,0.8690
seq-sat,visitall,b61e62dc2f81ab9851634ca6e2018919d46eb919,YAHSP2,yahsp2_seq-sat,472,418.0000,0.8856
seq-sat,visitall,b61e62dc2f81ab9851634ca6e2018919d46eb919,YAHSP2-MT,yahsp2-mt_seq-sat,485,418.0000,0.8619
seq-sat,visitall,d107ef9b1054074deaa48f2e6d0f11de37fb24e2,Arvand,arvand,739,598.0000,0.8092
seq-sat,visitall,d107ef9b1054074deaa48f2e6d0f11de37fb24e2,BRT,brt,5797,598.0000,0.1032
seq-sat,visitall,d107ef9b1054074deaa48f2e6d0f11de37fb24e2,CBP,cbp,881,598.0000,0.6788
seq-sat,visitall,d107ef9b1054074deaa48f2e6d0f11de37fb24e2,CBP2,cbp2,881,598.0000,0.6788
seq-sat,visitall,d107ef9b1054074deaa48f2e6d0f11de37fb24e2,DAE-YAHSP,dae_yahsp_seq-sat,604,598.0000,0.9901
seq-sat,visitall,d107ef9b1054074deaa48f2e6d0f11de37fb24e2,Fork Uniform,forkuniform,836,598.0000,0.7153
seq-sat,visitall,d107ef9b1054074deaa48f2e6d0f11de37fb24e2,LAMA-2008,lama-2008,685,598.0000,0.8730
seq-sat,visitall,d107ef9b1054074deaa48f2e6d0f11de37fb24e2,LAMA-2011,lama-2011,751,598.0000,0.7963
seq-sat,visitall,d107ef9b1054074deaa48f2e6d0f11de37fb24e2,Lamar,lamar,690,598.0000,0.8667
seq-sat,visitall,d107ef9b1054074deaa48f2e6d0f11de37fb24e2,Probe,probe,598,598.0000,1.0000
seq-sat,visitall,d107ef9b1054074deaa48f2e6d0f11de37fb24e2,Randward,randward,1101,598.0000,0.5431
seq-sat,visitall,d107ef9b1054074deaa48f2e6d0f11de37fb24e2,Roamer,roamer,686,598.0000,0.8717
seq-sat,visitall,d107ef9b1054074deaa48f2e6d0f11de37fb24e2,YAHSP2,yahsp2_seq-sat,697,598.0000,0.8580
seq-sat,visitall,d107ef9b1054074deaa48f2e6d0f11de37fb24e2,YAHSP2-MT,yahsp2-mt_seq-sat,697,598.0000,0.8580
seq-sat,visitall,e8708d39b574c7b4db35ade005f66bd12a1877d8,DAE-YAHSP,dae_yahsp_seq-sat,2321,1941.0000,0.8363
seq-sat,visitall,e8708d39b574c7b4db35ade005f66bd12a1877d8,LAMA-2008,lama-2008,2079,1941.0000,0.9336
seq-sat,visitall,e8708d39b574c7b4db35ade005f66bd12a1877d8,LAMA-2011,lama-2011,2326,1941.0000,0.8345
seq-sat,visitall,e8708d39b574c7b4db35ade005f66bd12a1877d8,Probe,probe,2159,1941.0000,0.8990
seq-sat,visitall,e8708d39b574c7b4db35ade005f66bd12a1877d8,Randward,randward,3910,1941.0000,0.4964
seq-sat,visitall,e8708d39b574c7b4db35ade005f66bd12a1877d8,YAHSP2,yahsp2_seq-sat,1985,1941.0000,0.9778
seq-sat,visitall,e8708d39b574c7b4db35ade005f66bd12a1877d8,YAHSP2-MT,yahsp2-mt_seq-sat,1941,1941.0000,1.0000
seq-sat,visitall,ea38323705da335656030a9e7e06b85abd735871,CBP,cbp,1841,1230.0000,0.6681
seq-sat,visitall,ea38323705da335656030a9e7e06b85abd735871,CBP2,cbp2,1841,1230.0000,0.6681
seq-sat,visitall,ea38323705da335656030a9e7e06b85abd735871,DAE-YAHSP,dae_yahsp_seq-sat,1230,1230.0000,1.0000
seq-sat,visitall,ea38323705da335656030a9e7e06b85abd735871,LAMA-2008,lama-2008,1412,1230.0000,0.8711
seq-sat,visitall,ea38323705da335656030a9e7e06b85abd735871,LAMA-2011,lama-2011,1484,1230.0000,0.8288
seq-sat,visitall,ea38323705da335656030a9e7e06b85abd735871,Lamar,lamar,1463,1230.0000,0.8407
seq-sat,visitall,ea38323705da335656030a9e7e06b85abd735871,Probe,probe,1443,1230.0000,0.8524
seq-sat,visitall,ea38323705da335656030a9e7e06b85abd735871,Randward,randward,2191,1230.0000,0.5614
seq-sat,visitall,ea38323705da335656030a9e7e06b85abd735871,YAHSP2,yahsp2_seq-sat,1358,1230.0000,0.9057
seq-sat,visitall,ea38323705da335656030a9e7e06b85abd735871,YAHSP2-MT,yahsp2-mt_seq-sat,1358,1230.0000,0.9057
seq-sat,visitall,fd714f02b1f97a0c23178936a20fc6d4866d4442,Arvand,arvand,284,256.0000,0.9014
seq-sat,visitall,fd714f02b1f97a0c23178936a20fc6d4866d4442,BRT,brt,735,256.0000,0.3483
seq-sat,visitall,fd714f02b1f97a0c23178936a20fc6d4866d4442,CBP,cbp,339,256.0000,0.7552
seq-sat,visitall,fd714f02b1f97a0c23178936a20fc6d4866d4442,CBP2,cbp2,339,256.0000,0.7552
seq-sat,visitall,fd714f02b1f97a0c23178936a20fc6d4866d4442,DAE-YAHSP,dae_yahsp_seq-sat,265,256.0000,0.9660
seq-sat,visitall,fd714f02b1f97a0c23178936a20fc6d4866d4442,FD-Autotune-2,fd-autotune-2,318,256.0000,0.8050
seq-sat,visitall,fd714f02b1f97a0c23178936a20fc6d4866d4442,FDSS-1,fdss-1_seq-sat,256,256.0000,1.0000
seq-sat,visitall,fd714f02b1f97a0c23178936a20fc6d4866d4442,FDSS-2,fdss-2_seq-sat,1469,256.0000,0.1743
seq-sat,visitall,fd714f02b1f97a0c23178936a20fc6d4866d4442,Fork Uniform,forkuniform,336,256.0000,0.7619
seq-sat,visitall,fd714f02b1f97a0c23178936a20fc6d4866d4442,LAMA-2008,lama-2008,301,256.0000,0.8505
seq-sat,visitall,fd714f02b1f97a0c23178936a20fc6d4866d4442,LAMA-2011,lama-2011,318,256.0000,0.8050
seq-sat,visitall,fd714f02b1f97a0c23178936a20fc6d4866d4442,LPRPG-P,lprpgp,367,256.0000,0.6975
seq-sat,visitall,fd714f02b1f97a0c23178936a20fc6d4866d4442,Lamar,lamar,310,256.0000,0.8258
seq-sat,visitall,fd714f02b1f97a0c23178936a20fc6d4866d4442,POPF2,popf2_seq-sat,367,256.0000,0.6975
seq-sat,visitall,fd714f02b1f97a0c23178936a20fc6d4866d4442,Probe,probe,270,256.0000,0.9481
seq-sat,visitall,fd714f02b1f97a0c23178936a20fc6d4866d4442,Randward,randward,470,256.0000,0.5447
seq-sat,visitall,fd714f02b1f97a0c23178936a20fc6d4866d4442,Roamer,roamer,297,256.0000,0.8620
seq-sat,visitall,fd714f02b1f97a0c23178936a20fc6d4866d4442,YAHSP2,yahsp2_seq-sat,303,256.0000,0.8449
seq-sat,visitall,fd714f02b1f97a0c23178936a20fc6d4866d4442,YAHSP2-MT,yahsp2-mt_seq-sat,304,256.0000,0.8421
seq-sat,woodworking,01f77d60f739bb052751119623086ebc6934518e,Arvand,arvand,1715,1535.0000,0.8950
seq-sat,woodworking,01f77d60f739bb052751119623086ebc6934518e,CPT4,cpt4_seq-sat,1955,1535.0000,0.7852
seq-sat,woodworking,01f77d60f739bb052751119623086ebc6934518e,FD-Autotune-1,fd-autotune-1,2090,1535.0000,0.7344
seq-sat,woodworking,01f77d60f739bb052751119623086ebc6934518e,FD-Autotune-2,fd-autotune-2,2465,1535.0000,0.6227
seq-sat,woodworking,01f77d60f739bb052751119623086ebc6934518e,FDSS-1,fdss-1_seq-sat,1535,1535.0000,1.0000
seq-sat,woodworking,01f77d60f739bb052751119623086ebc6934518e,FDSS-2,fdss-2_seq-sat,1570,1535.0000,0.9777
seq-sat,woodworking,01f77d60f739bb052751119623086ebc6934518e,Fork Uniform,forkuniform,2215,1535.0000,0.6930
seq-sat,woodworking,01f77d60f739bb052751119623086ebc6934518e,LAMA-2008,lama-2008,2575,1535.0000,0.5961
seq-sat,woodworking,01f77d60f739bb052751119623086ebc6934518e,LAMA-2011,lama-2011,2080,1535.0000,0.7380
seq-sat,woodworking,01f77d60f739bb052751119623086ebc6934518e,Lamar,lamar,2640,1535.0000,0.5814
seq-sat,woodworking,01f77d60f739bb052751119623086ebc6934518e,Probe,probe,1780,1535.0000,0.8624
seq-sat,woodworking,01f77d60f739bb052751119623086ebc6934518e,Randward,randward,2375,1535.0000,0.6463
seq-sat,woodworking,01f77d60f739bb052751119623086ebc6934518e,Roamer,roamer,2455,1535.0000,0.6253
seq-sat,woodworking,01f77d60f739bb052751119623086ebc6934518e,YAHSP2,yahsp2_seq-sat,2370,1535.0000,0.6477
seq-sat,woodworking,01f77d60f739bb052751119623086ebc6934518e,YAHSP2-MT,yahsp2-mt_seq-sat,2470,1535.0000,0.6215
seq-sat,woodworking,0f16a4fdcb2360deb2915e3d6bf1ec8c7d444211,Arvand,arvand,1845,1390.0000,0.7534
seq-sat,woodworking,0f16a4fdcb2360deb2915e3d6bf1ec8c7d444211,CPT4,cpt4_seq-sat,1610,1390.0000,0.8634
seq-sat,woodworking,0f16a4fdcb2360deb2915e3d6bf1ec8c7d444211,DAE-YAHSP,dae_yahsp_seq-sat,1715,1390.0000,0.8105
seq-sat,woodworking,0f16a4fdcb2360deb2915e3d6bf1ec8c7d444211,FD-Autotune-1,fd-autotune-1,1820,1390.0000,0.7637
seq-sat,woodworking,0f16a4fdcb2360deb2915e3d6bf1ec8c7d444211,FDSS-1,fdss-1_seq-sat,1390,1390.0000,1.0000
seq-sat,woodworking,0f16a4fdcb2360deb2915e3d6bf1ec8c7d444211,FDSS-2,fdss-2_seq-sat,1390,1390.0000,1.0000
seq-sat,woodworking,0f16a4fdcb2360deb2915e3d6bf1ec8c7d444211,Fork Uniform,forkuniform,2005,1390.0000,0.6933
seq-sat,woodworking,0f16a4fdcb2360deb2915e3d6bf1ec8c7d444211,LAMA-2011,lama-2011,1820,1390.0000,0.7637
seq-sat,woodworking,0f16a4fdcb2360deb2915e3d6bf1ec8c7d444211,Lamar,lamar,2085,1390.0000,0.6667
seq-sat,woodworking,0f16a4fdcb2360deb2915e3d6bf1ec8c7d444211,Probe,probe,1635,1390.0000,0.8502
seq-sat,woodworking,0f16a4fdcb2360deb2915e3d6bf1ec8c7d444211,Randward,randward,2070,1390.0000,0.6715
seq-sat,woodworking,0f16a4fdcb2360deb2915e3d6bf1ec8c7d444211,Roamer,roamer,2025,1390.0000,0.6864
seq-sat,woodworking,0f16a4fdcb2360deb2915e3d6bf1ec8c7d444211,YAHSP2,yahsp2_seq-sat,2390,1390.0000,0.5816
seq-sat,woodworking,0f16a4fdcb2360deb2915e3d6bf1ec8c7d444211,YAHSP2-MT,yahsp2-mt_seq-sat,2380,1390.0000,0.5840
seq-sat,woodworking,22ef9d2d702f94c8cd3f2e11cdc63faee8f9b50f,Arvand,arvand,1435,1140.0000,0.7944
seq-sat,woodworking,22ef9d2d702f94c8cd3f2e11cdc63faee8f9b50f,CPT4,cpt4_seq-sat,1635,1140.0000,0.6972
seq-sat,woodworking,22ef9d2d702f94c8cd3f2e11cdc63faee8f9b50f,FD-Autotune-1,fd-autotune-1,1855,1140.0000,0.6146
seq-sat,woodworking,22ef9d2d702f94c8cd3f2e11cdc63faee8f9b50f,FDSS-1,fdss-1_seq-sat,1140,1140.0000,1.0000
seq-sat,woodworking,22ef9d2d702f94c8cd3f2e11cdc63faee8f9b50f,FDSS-2,fdss-2_seq-sat,1140,1140.0000,1.0000
seq-sat,woodworking,22ef9d2d702f94c8cd3f2e11cdc63faee8f9b50f,Fork Uniform,forkuniform,1510,1140.0000,0.7550
seq-sat,woodworking,22ef9d2d702f94c8cd3f2e11cdc63faee8f9b50f,LAMA-2008,lama-2008,1645,1140.0000,0.6930
seq-sat,woodworking,22ef9d2d702f94c8cd3f2e11cdc63faee8f9b50f,LAMA-2011,lama-2011,1835,1140.0000,0.6213
seq-sat,woodworking,22ef9d2d702f94c8cd3f2e11cdc63faee8f9b50f,Lamar,lamar,1720,1140.0000,0.6628
seq-sat,woodworking,22ef9d2d702f94c8cd3f2e11cdc63faee8f9b50f,Probe,probe,1420,1140.0000,0.8028
seq-sat,woodworking,22ef9d2d702f94c8cd3f2e11cdc63faee8f9b50f,Randward,randward,1740,1140.0000,0.6552
seq-sat,woodworking,22ef9d2d702f94c8cd3f2e11cdc63faee8f9b50f,Roamer,roamer,1820,1140.0000,0.6264
seq-sat,woodworking,22ef9d2d702f94c8cd3f2e11cdc63faee8f9b50f,YAHSP2,yahsp2_seq-sat,1690,1140.0000,0.6746
seq-sat,woodworking,22ef9d2d702f94c8cd3f2e11cdc63faee8f9b50f,YAHSP2-MT,yahsp2-mt_seq-sat,1675,1140.0000,0.6806
seq-sat,woodworking,40861c47afbef341366d1d3fa77a4623322d0de0,Arvand,arvand,50,50.0000,1.0000
seq-sat,woodworking,40861c47afbef341366d1d3fa77a4623322d0de0,BRT,brt,50,50.0000,1.0000
seq-sat,woodworking,40861c47afbef341366d1d3fa77a4623322d0de0,FD-Autotune-1,fd-autotune-1,50,50.0000,1.0000
seq-sat,woodworking,40861c47afbef341366d1d3fa77a4623322d0de0,FD-Autotune-2,fd-autotune-2,50,50.0000,1.0000
seq-sat,woodworking,40861c47afbef341366d1d3fa77a4623322d0de0,FDSS-1,fdss-1_seq-sat,50,50.0000,1.0000
seq-sat,woodworking,40861c47afbef341366d1d3fa77a4623322d0de0,FDSS-2,fdss-2_seq-sat,50,50.0000,1.0000
seq-sat,woodworking,40861c47afbef341366d1d3fa77a4623322d0de0,Fork Uniform,forkuniform,50,50.0000,1.0000
seq-sat,woodworking,40861c47afbef341366d1d3fa77a4623322d0de0,LAMA-2008,lama-2008,50,50.0000,1.0000
seq-sat,woodworking,40861c47afbef341366d1d3fa77a4623322d0de0,LAMA-2011,lama-2011,50,50.0000,1.0000
seq-sat,woodworking,40861c47afbef341366d1d3fa77a4623322d0de0,Lamar,lamar,50,50.0000,1.0000
seq-sat,woodworking,40861c47afbef341366d1d3fa77a4623322d0de0,Madagascar,madagascar_seq-sat,110,50.0000,0.4545
seq-sat,woodworking,40861c47afbef341366d1d3fa77a4623322d0de0,Madagascar-p,madagascar-p_seq-sat,70,50.0000,0.7143
seq-sat,woodworking,40861c47afbef341366d1d3fa77a4623322d0de0,POPF2,popf2_seq-sat,50,50.0000,1.0000
seq-sat,woodworking,40861c47afbef341366d1d3fa77a4623322d0de0,Probe,probe,50,50.0000,1.0000
seq-sat,woodworking,40861c47afbef341366d1d3fa77a4623322d0de0,Randward,randward,50,50.0000,1.0000
seq-sat,woodworking,40861c47afbef341366d1d3fa77a4623322d0de0,Roamer,roamer,50,50.0000,1.0000
seq-sat,woodworking,4a0255b9529a6bee1a45eb1fd752497bff152523,Arvand,arvand,1835,1425.0000,0.7766
seq-sat,woodworking,4a0255b9529a6bee1a45eb1fd752497bff152523,CPT4,cpt4_seq-sat,1985,1425.0000,0.7179
seq-sat,woodworking,4a0255b9529a6bee1a45eb1fd752497bff152523,FD-Autotune-1,fd-autotune-1,1920,1425.0000,0.7422
seq-sat,woodworking,4a0255b9529a6bee1a45eb1fd752497bff152523,FDSS-1,fdss-1_seq-sat,1425,1425.0000,1.0000
seq-sat,woodworking,4a0255b9529a6bee1a45eb1fd752497bff152523,FDSS-2,fdss-2_seq-sat,1425,1425.0000,1.0000
seq-sat,woodworking,4a0255b9529a6bee1a45eb1fd752497bff152523,Fork Uniform,forkuniform,2185,1425.0000,0.6522
seq-sat,woodworking,4a0255b9529a6bee1a45eb1fd752497bff152523,LAMA-2011,lama-2011,1920,1425.0000,0.7422
seq-sat,woodworking,4a0255b9529a6bee1a45eb1fd752497bff152523,Lamar,lamar,2320,1425.0000,0.6142
seq-sat,woodworking,4a0255b9529a6bee1a45eb1fd752497bff152523,Probe,probe,1765,1425.0000,0.8074
seq-sat,woodworking,4a0255b9529a6bee1a45eb1fd752497bff152523,Randward,randward,2365,1425.0000,0.6025
seq-sat,woodworking,4a0255b9529a6bee1a45eb1fd752497bff152523,Roamer,roamer,2945,1425.0000,0.4839
seq-sat,woodworking,4a0255b9529a6bee1a45eb1fd752497bff152523,YAHSP2,yahsp2_seq-sat,2535,1425.0000,0.5621
seq-sat,woodworking,4a0255b9529a6bee1a45eb1fd752497bff152523,YAHSP2-MT,yahsp2-mt_seq-sat,2120,1425.0000,0.6722
seq-sat,woodworking,4dd718c7662ac58115da9b8092d57caf9e2c1da2,Arvand,arvand,1365,1290.0000,0.9451
seq-sat,woodworking,4dd718c7662ac58115da9b8092d57caf9e2c1da2,CPT4,cpt4_seq-sat,1720,1290.0000,0.7500
seq-sat,woodworking,4dd718c7662ac58115da9b8092d57caf9e2c1da2,FD-Autotune-1,fd-autotune-1,1595,1290.0000,0.8088
seq-sat,woodworking,4dd718c7662ac58115da9b8092d57caf9e2c1da2,FD-Autotune-2,fd-autotune-2,1740,1290.0000,0.7414
seq-sat,woodworking,4dd718c7662ac58115da9b8092d57caf9e2c1da2,FDSS-1,fdss-1_seq-sat,1290,1290.0000,1.0000
seq-sat,woodworking,4dd718c7662ac58115da9b8092d57caf9e2c1da2,FDSS-2,fdss-2_seq-sat,1310,1290.0000,0.9847
seq-sat,woodworking,4dd718c7662ac58115da9b8092d57caf9e2c1da2,Fork Uniform,forkuniform,1665,1290.0000,0.7748
seq-sat,woodworking,4dd718c7662ac58115da9b8092d57caf9e2c1da2,LAMA-2008,lama-2008,1750,1290.0000,0.7371
seq-sat,woodworking,4dd718c7662ac58115da9b8092d57caf9e2c1da2,LAMA-2011,lama-2011,1595,1290.0000,0.8088
seq-sat,woodworking,4dd718c7662ac58115da9b8092d57caf9e2c1da2,Lamar,lamar,1850,1290.0000,0.6973
seq-sat,woodworking,4dd718c7662ac58115da9b8092d57caf9e2c1da2,Probe,probe,1500,1290.0000,0.8600
seq-sat,woodworking,4dd718c7662ac58115da9b8092d57caf9e2c1da2,Randward,randward,1865,1290.0000,0.6917
seq-sat,woodworking,4dd718c7662ac58115da9b8092d57caf9e2c1da2,Roamer,roamer,1830,1290.0000,0.7049
seq-sat,woodworking,4dd718c7662ac58115da9b8092d57caf9e2c1da2,YAHSP2-MT,yahsp2-mt_seq-sat,2000,1290.0000,0.6450
seq-sat,woodworking,543b492de145808628eae27286f86678a5b5d796,Arvand,arvand,2255,1770.0000,0.7849
seq-sat,woodworking,543b492de145808628eae27286f86678a5b5d796,CPT4,cpt4_seq-sat,2485,1770.0000,0.7123
seq-sat,woodworking,543b492de145808628eae27286f86678a5b5d796,FD-Autotune-1,fd-autotune-1,2665,1770.0000,0.6642
seq-sat,woodworking,543b492de145808628eae27286f86678a5b5d796,FD-Autotune-2,fd-autotune-2,2650,1770.0000,0.6679
seq-sat,woodworking,543b492de145808628eae27286f86678a5b5d796,FDSS-1,fdss-1_seq-sat,1770,1770.0000,1.0000
seq-sat,woodworking,543b492de145808628eae27286f86678a5b5d796,FDSS-2,fdss-2_seq-sat,1770,1770.0000,1.0000
seq-sat,woodworking,543b492de145808628eae27286f86678a5b5d796,Fork Uniform,forkuniform,2520,1770.0000,0.7024
seq-sat,woodworking,543b492de145808628eae27286f86678a5b5d796,LAMA-2011,lama-2011,2745,1770.0000,0.6448
seq-sat,woodworking,543b492de145808628eae27286f86678a5b5d796,Lamar,lamar,2745,1770.0000,0.6448
seq-sat,woodworking,543b492de145808628eae27286f86678a5b5d796,Probe,probe,2125,1770.0000,0.8329
seq-sat,woodworking,543b492de145808628eae27286f86678a5b5d796,Randward,randward,2665,1770.0000,0.6642
seq-sat,woodworking,543b492de145808628eae27286f86678a5b5d796,Roamer,roamer,5800,1770.0000,0.3052
seq-sat,woodworking,543b492de145808628eae27286f86678a5b5d796,YAHSP2,yahsp2_seq-sat,2615,1770.0000,0.6769
seq-sat,woodworking,543b492de145808628eae27286f86678a5b5d796,YAHSP2-MT,yahsp2-mt_seq-sat,3665,1770.0000,0.4829
seq-sat,woodworking,6053ecf8933b628e3d6f11f2970fea4f77cd8e9d,Arvand,arvand,1450,1165.0000,0.8034
seq-sat,woodworking,6053ecf8933b628e3d6f11f2970fea4f77cd8e9d,CPT4,cpt4_seq-sat,1550,1165.0000,0.7516
seq-sat,woodworking,6053ecf8933b628e3d6f11f2970fea4f77cd8e9d,FD-Autotune-1,fd-autotune-1,1895,1165.0000,0.6148
seq-sat,woodworking,6053ecf8933b628e3d6f11f2970fea4f77cd8e9d,FDSS-1,fdss-1_seq-sat,1165,1165.0000,1.0000
seq-sat,woodworking,6053ecf8933b628e3d6f11f2970fea4f77cd8e9d,FDSS-2,fdss-2_seq-sat,1165,1165.0000,1.0000
seq-sat,woodworking,6053ecf8933b628e3d6f11f2970fea4f77cd8e9d,Fork Uniform,forkuniform,1785,1165.0000,0.6527
seq-sat,woodworking,6053ecf8933b628e3d6f11f2970fea4f77cd8e9d,LAMA-2011,lama-2011,1790,1165.0000,0.6508
seq-sat,woodworking,6053ecf8933b628e3d6f11f2970fea4f77cd8e9d,Lamar,lamar,1935,1165.0000,0.6021
seq-sat,woodworking,6053ecf8933b628e3d6f11f2970fea4f77cd8e9d,Probe,probe,1395,1165.0000,0.8351
seq-sat,woodworking,6053ecf8933b628e3d6f11f2970fea4f77cd8e9d,Randward,randward,1625,1165.0000,0.7169
seq-sat,woodworking,6053ecf8933b628e3d6f11f2970fea4f77cd8e9d,Roamer,roamer,2930,1165.0000,0.3976
seq-sat,woodworking,6053ecf8933b628e3d6f11f2970fea4f77cd8e9d,YAHSP2-MT,yahsp2-mt_seq-sat,1470,1165.0000,0.7925
seq-sat,woodworking,62e826390d241d6bb39b62084d95cd4da023bd89,Arvand,arvand,1465,1250.0000,0.8532
seq-sat,woodworking,62e826390d241d6bb39b62084d95cd4da023bd89,CPT4,cpt4_seq-sat,1480,1250.0000,0.8446
seq-sat,woodworking,62e826390d241d6bb39b62084d95cd4da023bd89,FD-Autotune-1,fd-autotune-1,1665,1250.0000,0.7508
seq-sat,woodworking,62e826390d241d6bb39b62084d95cd4da023bd89,FD-Autotune-2,fd-autotune-2,1655,1250.0000,0.7553
seq-sat,woodworking,62e826390d241d6bb39b62084d95cd4da023bd89,FDSS-1,fdss-1_seq-sat,1250,1250.0000,1.0000
seq-sat,woodworking,62e826390d241d6bb39b62084d95cd4da023bd89,FDSS-2,fdss-2_seq-sat,1265,1250.0000,0.9881
seq-sat,woodworking,62e826390d241d6bb39b62084d95cd4da023bd89,Fork Uniform,forkuniform,1750,1250.0000,0.7143
seq-sat,woodworking,62e826390d241d6bb39b62084d95cd4da023bd89,LAMA-2008,lama-2008,1795,1250.0000,0.6964
seq-sat,woodworking,62e826390d241d6bb39b62084d95cd4da023bd89,LAMA-2011,lama-2011,1685,1250.0000,0.7418
seq-sat,woodworking,62e826390d241d6bb39b62084d95cd4da023bd89,Lamar,lamar,1825,1250.0000,0.6849
seq-sat,woodworking,62e826390d241d6bb39b62084d95cd4da023bd89,Probe,probe,1415,1250.0000,0.8834
seq-sat,woodworking,62e826390d241d6bb39b62084d95cd4da023bd89,Randward,randward,1685,1250.0000,0.7418
seq-sat,woodworking,62e826390d241d6bb39b62084d95cd4da023bd89,Roamer,roamer,1820,1250.0000,0.6868
seq-sat,woodworking,62e826390d241d6bb39b62084d95cd4da023bd89,YAHSP2,yahsp2_seq-sat,2110,1250.0000,0.5924
seq-sat,woodworking,62e826390d241d6bb39b62084d95cd4da023bd89,YAHSP2-MT,yahsp2-mt_seq-sat,1930,1250.0000,0.6477
seq-sat,woodworking,6c392dc8aaf0e2b4bf75b57b24b8215e0b15c732,Arvand,arvand,1565,1245.0000,0.7955
seq-sat,woodworking,6c392dc8aaf0e2b4bf75b57b24b8215e0b15c732,CPT4,cpt4_seq-sat,1650,1245.0000,0.7545
seq-sat,woodworking,6c392dc8aaf0e2b4bf75b57b24b8215e0b15c732,DAE-YAHSP,dae_yahsp_seq-sat,2120,1245.0000,0.5873
seq-sat,woodworking,6c392dc8aaf0e2b4bf75b57b24b8215e0b15c732,FD-Autotune-1,fd-autotune-1,2025,1245.0000,0.6148
seq-sat,woodworking,6c392dc8aaf0e2b4bf75b57b24b8215e0b15c732,FD-Autotune-2,fd-autotune-2,2200,1245.0000,0.5659
seq-sat,woodworking,6c392dc8aaf0e2b4bf75b57b24b8215e0b15c732,FDSS-1,fdss-1_seq-sat,1245,1245.0000,1.0000
seq-sat,woodworking,6c392dc8aaf0e2b4bf75b57b24b8215e0b15c732,FDSS-2,fdss-2_seq-sat,1245,1245.0000,1.0000
seq-sat,woodworking,6c392dc8aaf0e2b4bf75b57b24b8215e0b15c732,Fork Uniform,forkuniform,1995,1245.0000,0.6241
seq-sat,woodworking,6c392dc8aaf0e2b4bf75b57b24b8215e0b15c732,LAMA-2008,lama-2008,2015,1245.0000,0.6179
seq-sat,woodworking,6c392dc8aaf0e2b4bf75b57b24b8215e0b15c732,LAMA-2011,lama-2011,2060,1245.0000,0.6044
seq-sat,woodworking,6c392dc8aaf0e2b4bf75b57b24b8215e0b15c732,Lamar,lamar,2330,1245.0000,0.5343
seq-sat,woodworking,6c392dc8aaf0e2b4bf75b57b24b8215e0b15c732,Probe,probe,1555,1245.0000,0.8006
seq-sat,woodworking,6c392dc8aaf0e2b4bf75b57b24b8215e0b15c732,Randward,randward,2220,1245.0000,0.5608
seq-sat,woodworking,6c392dc8aaf0e2b4bf75b57b24b8215e0b15c732,Roamer,roamer,2060,1245.0000,0.6044
seq-sat,woodworking,6c392dc8aaf0e2b4bf75b57b24b8215e0b15c732,YAHSP2,yahsp2_seq-sat,2010,1245.0000,0.6194
seq-sat,woodworking,6c392dc8aaf0e2b4bf75b57b24b8215e0b15c732,YAHSP2-MT,yahsp2-mt_seq-sat,2355,1245.0000,0.5287
seq-sat,woodworking,6cbac20ec7131e3d1c0f6680e291886aefc45f8c,Arvand,arvand,825,705.0000,0.8545
seq-sat,woodworking,6cbac20ec7131e3d1c0f6680e291886aefc45f8c,BRT,brt,1110,705.0000,0.6351
seq-sat,woodworking,6cbac20ec7131e3d1c0f6680e291886aefc45f8c,CBP2,cbp2,1070,705.0000,0.6589
seq-sat,woodworking,6cbac20ec7131e3d1c0f6680e291886aefc45f8c,CPT4,cpt4_seq-sat,1065,705.0000,0.6620
seq-sat,woodworking,6cbac20ec7131e3d1c0f6680e291886aefc45f8c,FD-Autotune-1,fd-autotune-1,1090,705.0000,0.6468
seq-sat,woodworking,6cbac20ec7131e3d1c0f6680e291886aefc45f8c,FD-Autotune-2,fd-autotune-2,1240,705.0000,0.5685
seq-sat,woodworking,6cbac20ec7131e3d1c0f6680e291886aefc45f8c,FDSS-1,fdss-1_seq-sat,705,705.0000,1.0000
seq-sat,woodworking,6cbac20ec7131e3d1c0f6680e291886aefc45f8c,FDSS-2,fdss-2_seq-sat,735,705.0000,0.9592
seq-sat,woodworking,6cbac20ec7131e3d1c0f6680e291886aefc45f8c,Fork Uniform,forkuniform,1170,705.0000,0.6026
seq-sat,woodworking,6cbac20ec7131e3d1c0f6680e291886aefc45f8c,LAMA-2008,lama-2008,1175,705.0000,0.6000
seq-sat,woodworking,6cbac20ec7131e3d1c0f6680e291886aefc45f8c,LAMA-2011,lama-2011,1080,705.0000,0.6528
seq-sat,woodworking,6cbac20ec7131e3d1c0f6680e291886aefc45f8c,Lamar,lamar,1095,705.0000,0.6438
seq-sat,woodworking,6cbac20ec7131e3d1c0f6680e291886aefc45f8c,Probe,probe,935,705.0000,0.7540
seq-sat,woodworking,6cbac20ec7131e3d1c0f6680e291886aefc45f8c,Randward,randward,1150,705.0000,0.6130
seq-sat,woodworking,6cbac20ec7131e3d1c0f6680e291886aefc45f8c,Roamer,roamer,1130,705.0000,0.6239
seq-sat,woodworking,6cbac20ec7131e3d1c0f6680e291886aefc45f8c,YAHSP2,yahsp2_seq-sat,1085,705.0000,0.6498
seq-sat,woodworking,6cbac20ec7131e3d1c0f6680e291886aefc45f8c,YAHSP2-MT,yahsp2-mt_seq-sat,1025,705.0000,0.6878
seq-sat,woodworking,78f8e95804d4959ac9cb43b4eba437b8201bfe15,Arvand,arvand,1595,1430.0000,0.8966
seq-sat,woodworking,78f8e95804d4959ac9cb43b4eba437b8201bfe15,CBP2,cbp2,2910,1430.0000,0.4914
seq-sat,woodworking,78f8e95804d4959ac9cb43b4eba437b8201bfe15,CPT4,cpt4_seq-sat,1865,1430.0000,0.7668
seq-sat,woodworking,78f8e95804d4959ac9cb43b4eba437b8201bfe15,DAE-YAHSP,dae_yahsp_seq-sat,1770,1430.0000,0.8079
seq-sat,woodworking,78f8e95804d4959ac9cb43b4eba437b8201bfe15,FD-Autotune-1,fd-autotune-1,2190,1430.0000,0.6530
seq-sat,woodworking,78f8e95804d4959ac9cb43b4eba437b8201bfe15,FDSS-1,fdss-1_seq-sat,1430,1430.0000,1.0000
seq-sat,woodworking,78f8e95804d4959ac9cb43b4eba437b8201bfe15,FDSS-2,fdss-2_seq-sat,1430,1430.0000,1.0000
seq-sat,woodworking,78f8e95804d4959ac9cb43b4eba437b8201bfe15,Fork Uniform,forkuniform,2090,1430.0000,0.6842
seq-sat,woodworking,78f8e95804d4959ac9cb43b4eba437b8201bfe15,LAMA-2011,lama-2011,2190,1430.0000,0.6530
seq-sat,woodworking,78f8e95804d4959ac9cb43b4eba437b8201bfe15,Lamar,lamar,2120,1430.0000,0.6745
seq-sat,woodworking,78f8e95804d4959ac9cb43b4eba437b8201bfe15,Probe,probe,1670,1430.0000,0.8563
seq-sat,woodworking,78f8e95804d4959ac9cb43b4eba437b8201bfe15,Randward,randward,2265,1430.0000,0.6313
seq-sat,woodworking,78f8e95804d4959ac9cb43b4eba437b8201bfe15,Roamer,roamer,3350,1430.0000,0.4269
seq-sat,woodworking,78f8e95804d4959ac9cb43b4eba437b8201bfe15,YAHSP2,yahsp2_seq-sat,2250,1430.0000,0.6356
seq-sat,woodworking,78f8e95804d4959ac9cb43b4eba437b8201bfe15,YAHSP2-MT,yahsp2-mt_seq-sat,2115,1430.0000,0.6761
seq-sat,woodworking,7c4ef591020b77fe6fb8ac3715cfa4e9e8256799,Arvand,arvand,1395,1185.0000,0.8495
seq-sat,woodworking,7c4ef591020b77fe6fb8ac3715cfa4e9e8256799,CBP,cbp,2435,1185.0000,0.4867
seq-sat,woodworking,7c4ef591020b77fe6fb8ac3715cfa4e9e8256799,CBP2,cbp2,2480,1185.0000,0.4778
seq-sat,woodworking,7c4ef591020b77fe6fb8ac3715cfa4e9e8256799,CPT4,cpt4_seq-sat,1310,1185.0000,0.9046
seq-sat,woodworking,7c4ef591020b77fe6fb8ac3715cfa4e9e8256799,DAE-YAHSP,dae_yahsp_seq-sat,1485,1185.0000,0.7980
seq-sat,woodworking,7c4ef591020b77fe6fb8ac3715cfa4e9e8256799,FD-Autotune-1,fd-autotune-1,1540,1185.0000,0.7695
seq-sat,woodworking,7c4ef591020b77fe6fb8ac3715cfa4e9e8256799,FD-Autotune-2,fd-autotune-2,1575,1185.0000,0.7524
seq-sat,woodworking,7c4ef591020b77fe6fb8ac3715cfa4e9e8256799,FDSS-1,fdss-1_seq-sat,1185,1185.0000,1.0000
seq-sat,woodworking,7c4ef591020b77fe6fb8ac3715cfa4e9e8256799,FDSS-2,fdss-2_seq-sat,1195,1185.0000,0.9916
seq-sat,woodworking,7c4ef591020b77fe6fb8ac3715cfa4e9e8256799,Fork Uniform,forkuniform,1615,1185.0000,0.7337
seq-sat,woodworking,7c4ef591020b77fe6fb8ac3715cfa4e9e8256799,LAMA-2008,lama-2008,1725,1185.0000,0.6870
seq-sat,woodworking,7c4ef591020b77fe6fb8ac3715cfa4e9e8256799,LAMA-2011,lama-2011,1500,1185.0000,0.7900
seq-sat,woodworking,7c4ef591020b77fe6fb8ac3715cfa4e9e8256799,Lamar,lamar,1740,1185.0000,0.6810
seq-sat,woodworking,7c4ef591020b77fe6fb8ac3715cfa4e9e8256799,Probe,probe,1320,1185.0000,0.8977
seq-sat,woodworking,7c4ef591020b77fe6fb8ac3715cfa4e9e8256799,Randward,randward,1655,1185.0000,0.7160
seq-sat,woodworking,7c4ef591020b77fe6fb8ac3715cfa4e9e8256799,Roamer,roamer,1685,1185.0000,0.7033
seq-sat,woodworking,7c4ef591020b77fe6fb8ac3715cfa4e9e8256799,YAHSP2-MT,yahsp2-mt_seq-sat,1740,1185.0000,0.6810
seq-sat,woodworking,8114db6bc8e29e9d272e5de141fb1a87edd01d1a,Arvand,arvand,1275,1170.0000,0.9176
seq-sat,woodworking,8114db6bc8e29e9d272e5de141fb1a87edd01d1a,CPT4,cpt4_seq-sat,1335,1170.0000,0.8764
seq-sat,woodworking,8114db6bc8e29e9d272e5de141fb1a87edd01d1a,DAE-YAHSP,dae_yahsp_seq-sat,1185,1170.0000,0.9873
seq-sat,woodworking,8114db6bc8e29e9d272e5de141fb1a87edd01d1a,FD-Autotune-1,fd-autotune-1,1290,1170.0000,0.9070
seq-sat,woodworking,8114db6bc8e29e9d272e5de141fb1a87edd01d1a,FD-Autotune-2,fd-autotune-2,1260,1170.0000,0.9286
seq-sat,woodworking,8114db6bc8e29e9d272e5de141fb1a87edd01d1a,FDSS-1,fdss-1_seq-sat,1170,1170.0000,1.0000
seq-sat,woodworking,8114db6bc8e29e9d272e5de141fb1a87edd01d1a,FDSS-2,fdss-2_seq-sat,1170,1170.0000,1.0000
seq-sat,woodworking,8114db6bc8e29e9d272e5de141fb1a87edd01d1a,Fork Uniform,forkuniform,1405,1170.0000,0.8327
seq-sat,woodworking,8114db6bc8e29e9d272e5de141fb1a87edd01d1a,LAMA-2008,lama-2008,1335,1170.0000,0.8764
seq-sat,woodworking,8114db6bc8e29e9d272e5de141fb1a87edd01d1a,LAMA-2011,lama-2011,1290,1170.0000,0.9070
seq-sat,woodworking,8114db6bc8e29e9d272e5de141fb1a87edd01d1a,Lamar,lamar,1420,1170.0000,0.8239
seq-sat,woodworking,8114db6bc8e29e9d272e5de141fb1a87edd01d1a,POPF2,popf2_seq-sat,1280,1170.0000,0.9141
seq-sat,woodworking,8114db6bc8e29e9d272e5de141fb1a87edd01d1a,Probe,probe,1280,1170.0000,0.9141
seq-sat,woodworking,8114db6bc8e29e9d272e5de141fb1a87edd01d1a,Randward,randward,1425,1170.0000,0.8211
seq-sat,woodworking,8114db6bc8e29e9d272e5de141fb1a87edd01d1a,Roamer,roamer,1315,1170.0000,0.8897
seq-sat,woodworking,8114db6bc8e29e9d272e5de141fb1a87edd01d1a,YAHSP2,yahsp2_seq-sat,1315,1170.0000,0.8897
seq-sat,woodworking,8114db6bc8e29e9d272e5de141fb1a87edd01d1a,YAHSP2-MT,yahsp2-mt_seq-sat,1550,1170.0000,0.7548
seq-sat,woodworking,9533887d0811b314724970d761633b8b82a95e7e,Arvand,arvand,1235,1065.0000,0.8623
seq-sat,woodworking,9533887d0811b314724970d761633b8b82a95e7e,CPT4,cpt4_seq-sat,1460,1065.0000,0.7295
seq-sat,woodworking,9533887d0811b314724970d761633b8b82a95e7e,FD-Autotune-1,fd-autotune-1,1670,1065.0000,0.6377
seq-sat,woodworking,9533887d0811b314724970d761633b8b82a95e7e,FD-Autotune-2,fd-autotune-2,1735,1065.0000,0.6138
seq-sat,woodworking,9533887d0811b314724970d761633b8b82a95e7e,FDSS-1,fdss-1_seq-sat,1065,1065.0000,1.0000
seq-sat,woodworking,9533887d0811b314724970d761633b8b82a95e7e,FDSS-2,fdss-2_seq-sat,1120,1065.0000,0.9509
seq-sat,woodworking,9533887d0811b314724970d761633b8b82a95e7e,Fork Uniform,forkuniform,1590,1065.0000,0.6698
seq-sat,woodworking,9533887d0811b314724970d761633b8b82a95e7e,LAMA-2008,lama-2008,1615,1065.0000,0.6594
seq-sat,woodworking,9533887d0811b314724970d761633b8b82a95e7e,LAMA-2011,lama-2011,1765,1065.0000,0.6034
seq-sat,woodworking,9533887d0811b314724970d761633b8b82a95e7e,Lamar,lamar,1660,1065.0000,0.6416
seq-sat,woodworking,9533887d0811b314724970d761633b8b82a95e7e,Probe,probe,1330,1065.0000,0.8008
seq-sat,woodworking,9533887d0811b314724970d761633b8b82a95e7e,Randward,randward,1630,1065.0000,0.6534
seq-sat,woodworking,9533887d0811b314724970d761633b8b82a95e7e,Roamer,roamer,1695,1065.0000,0.6283
seq-sat,woodworking,9533887d0811b314724970d761633b8b82a95e7e,YAHSP2,yahsp2_seq-sat,1700,1065.0000,0.6265
seq-sat,woodworking,9533887d0811b314724970d761633b8b82a95e7e,YAHSP2-MT,yahsp2-mt_seq-sat,1610,1065.0000,0.6615
seq-sat,woodworking,a5732871818ca2efcc7ae5ba3a89787b567b88dc,Arvand,arvand,1160,990.0000,0.8534
seq-sat,woodworking,a5732871818ca2efcc7ae5ba3a89787b567b88dc,CPT4,cpt4_seq-sat,1450,990.0000,0.6828
seq-sat,woodworking,a5732871818ca2efcc7ae5ba3a89787b567b88dc,FD-Autotune-1,fd-autotune-1,1555,990.0000,0.6367
seq-sat,woodworking,a5732871818ca2efcc7ae5ba3a89787b567b88dc,FD-Autotune-2,fd-autotune-2,1530,990.0000,0.6471
seq-sat,woodworking,a5732871818ca2efcc7ae5ba3a89787b567b88dc,FDSS-1,fdss-1_seq-sat,990,990.0000,1.0000
seq-sat,woodworking,a5732871818ca2efcc7ae5ba3a89787b567b88dc,FDSS-2,fdss-2_seq-sat,990,990.0000,1.0000
seq-sat,woodworking,a5732871818ca2efcc7ae5ba3a89787b567b88dc,Fork Uniform,forkuniform,1505,990.0000,0.6578
seq-sat,woodworking,a5732871818ca2efcc7ae5ba3a89787b567b88dc,LAMA-2008,lama-2008,1600,990.0000,0.6188
seq-sat,woodworking,a5732871818ca2efcc7ae5ba3a89787b567b88dc,LAMA-2011,lama-2011,1600,990.0000,0.6188
seq-sat,woodworking,a5732871818ca2efcc7ae5ba3a89787b567b88dc,Lamar,lamar,1640,990.0000,0.6037
seq-sat,woodworking,a5732871818ca2efcc7ae5ba3a89787b567b88dc,POPF2,popf2_seq-sat,1670,990.0000,0.5928
seq-sat,woodworking,a5732871818ca2efcc7ae5ba3a89787b567b88dc,Probe,probe,1230,990.0000,0.8049
seq-sat,woodworking,a5732871818ca2efcc7ae5ba3a89787b567b88dc,Randward,randward,1715,990.0000,0.5773
seq-sat,woodworking,a5732871818ca2efcc7ae5ba3a89787b567b88dc,Roamer,roamer,1575,990.0000,0.6286
seq-sat,woodworking,a5732871818ca2efcc7ae5ba3a89787b567b88dc,YAHSP2,yahsp2_seq-sat,1875,990.0000,0.5280
seq-sat,woodworking,a5732871818ca2efcc7ae5ba3a89787b567b88dc,YAHSP2-MT,yahsp2-mt_seq-sat,1345,990.0000,0.7361
seq-sat,woodworking,a6f1f07d6dae4750f7cb1b41ae8cb45aa18f4a2b,Arvand,arvand,1445,1235.0000,0.8547
seq-sat,woodworking,a6f1f07d6dae4750f7cb1b41ae8cb45aa18f4a2b,CPT4,cpt4_seq-sat,1335,1235.0000,0.9251
seq-sat,woodworking,a6f1f07d6dae4750f7cb1b41ae8cb45aa18f4a2b,DAE-YAHSP,dae_yahsp_seq-sat,1435,1235.0000,0.8606
seq-sat,woodworking,a6f1f07d6dae4750f7cb1b41ae8cb45aa18f4a2b,FD-Autotune-1,fd-autotune-1,1385,1235.0000,0.8917
seq-sat,woodworking,a6f1f07d6dae4750f7cb1b41ae8cb45aa18f4a2b,FD-Autotune-2,fd-autotune-2,1405,1235.0000,0.8790
seq-sat,woodworking,a6f1f07d6dae4750f7cb1b41ae8cb45aa18f4a2b,FDSS-1,fdss-1_seq-sat,1235,1235.0000,1.0000
seq-sat,woodworking,a6f1f07d6dae4750f7cb1b41ae8cb45aa18f4a2b,FDSS-2,fdss-2_seq-sat,1240,1235.0000,0.9960
seq-sat,woodworking,a6f1f07d6dae4750f7cb1b41ae8cb45aa18f4a2b,Fork Uniform,forkuniform,1590,1235.0000,0.7767
seq-sat,woodworking,a6f1f07d6dae4750f7cb1b41ae8cb45aa18f4a2b,LAMA-2008,lama-2008,1540,1235.0000,0.8019
seq-sat,woodworking,a6f1f07d6dae4750f7cb1b41ae8cb45aa18f4a2b,LAMA-2011,lama-2011,1395,1235.0000,0.8853
seq-sat,woodworking,a6f1f07d6dae4750f7cb1b41ae8cb45aa18f4a2b,Lamar,lamar,1580,1235.0000,0.7816
seq-sat,woodworking,a6f1f07d6dae4750f7cb1b41ae8cb45aa18f4a2b,Probe,probe,1335,1235.0000,0.9251
seq-sat,woodworking,a6f1f07d6dae4750f7cb1b41ae8cb45aa18f4a2b,Randward,randward,1615,1235.0000,0.7647
seq-sat,woodworking,a6f1f07d6dae4750f7cb1b41ae8cb45aa18f4a2b,Roamer,roamer,1560,1235.0000,0.7917
seq-sat,woodworking,a6f1f07d6dae4750f7cb1b41ae8cb45aa18f4a2b,YAHSP2,yahsp2_seq-sat,2180,1235.0000,0.5665
seq-sat,woodworking,a6f1f07d6dae4750f7cb1b41ae8cb45aa18f4a2b,YAHSP2-MT,yahsp2-mt_seq-sat,1900,1235.0000,0.6500
seq-sat,woodworking,b9cca9c650852f7166a943a1bd495ec6b2fea2dc,Arvand,arvand,2030,1755.0000,0.8645
seq-sat,woodworking,b9cca9c650852f7166a943a1bd495ec6b2fea2dc,CPT4,cpt4_seq-sat,1930,1755.0000,0.9093
seq-sat,woodworking,b9cca9c650852f7166a943a1bd495ec6b2fea2dc,FD-Autotune-1,fd-autotune-1,2170,1755.0000,0.8088
seq-sat,woodworking,b9cca9c650852f7166a943a1bd495ec6b2fea2dc,FD-Autotune-2,fd-autotune-2,2330,1755.0000,0.7532
seq-sat,woodworking,b9cca9c650852f7166a943a1bd495ec6b2fea2dc,FDSS-1,fdss-1_seq-sat,1755,1755.0000,1.0000
seq-sat,woodworking,b9cca9c650852f7166a943a1bd495ec6b2fea2dc,FDSS-2,fdss-2_seq-sat,1775,1755.0000,0.9887
seq-sat,woodworking,b9cca9c650852f7166a943a1bd495ec6b2fea2dc,Fork Uniform,forkuniform,2170,1755.0000,0.8088
seq-sat,woodworking,b9cca9c650852f7166a943a1bd495ec6b2fea2dc,LAMA-2011,lama-2011,2135,1755.0000,0.8220
seq-sat,woodworking,b9cca9c650852f7166a943a1bd495ec6b2fea2dc,Lamar,lamar,2275,1755.0000,0.7714
seq-sat,woodworking,b9cca9c650852f7166a943a1bd495ec6b2fea2dc,Probe,probe,1870,1755.0000,0.9385
seq-sat,woodworking,b9cca9c650852f7166a943a1bd495ec6b2fea2dc,Randward,randward,2465,1755.0000,0.7120
seq-sat,woodworking,b9cca9c650852f7166a943a1bd495ec6b2fea2dc,Roamer,roamer,4775,1755.0000,0.3675
seq-sat,woodworking,b9cca9c650852f7166a943a1bd495ec6b2fea2dc,YAHSP2-MT,yahsp2-mt_seq-sat,3000,1755.0000,0.5850
seq-sat,woodworking,f3bd0ee93b84ac927cbee00be0450bf59deccac7,Arvand,arvand,1960,1570.0000,0.8010
seq-sat,woodworking,f3bd0ee93b84ac927cbee00be0450bf59deccac7,CPT4,cpt4_seq-sat,2050,1570.0000,0.7659
seq-sat,woodworking,f3bd0ee93b84ac927cbee00be0450bf59deccac7,DAE-YAHSP,dae_yahsp_seq-sat,2210,1570.0000,0.7104
seq-sat,woodworking,f3bd0ee93b84ac927cbee00be0450bf59deccac7,FD-Autotune-1,fd-autotune-1,2230,1570.0000,0.7040
seq-sat,woodworking,f3bd0ee93b84ac927cbee00be0450bf59deccac7,FDSS-1,fdss-1_seq-sat,1570,1570.0000,1.0000
seq-sat,woodworking,f3bd0ee93b84ac927cbee00be0450bf59deccac7,FDSS-2,fdss-2_seq-sat,1590,1570.0000,0.9874
seq-sat,woodworking,f3bd0ee93b84ac927cbee00be0450bf59deccac7,Fork Uniform,forkuniform,2260,1570.0000,0.6947
seq-sat,woodworking,f3bd0ee93b84ac927cbee00be0450bf59deccac7,LAMA-2008,lama-2008,2430,1570.0000,0.6461
seq-sat,woodworking,f3bd0ee93b84ac927cbee00be0450bf59deccac7,LAMA-2011,lama-2011,2230,1570.0000,0.7040
seq-sat,woodworking,f3bd0ee93b84ac927cbee00be0450bf59deccac7,Lamar,lamar,2550,1570.0000,0.6157
seq-sat,woodworking,f3bd0ee93b84ac927cbee00be0450bf59deccac7,Probe,probe,1870,1570.0000,0.8396
seq-sat,woodworking,f3bd0ee93b84ac927cbee00be0450bf59deccac7,Randward,randward,2420,1570.0000,0.6488
seq-sat,woodworking,f3bd0ee93b84ac927cbee00be0450bf59deccac7,Roamer,roamer,2445,1570.0000,0.6421
seq-sat,woodworking,f3bd0ee93b84ac927cbee00be0450bf59deccac7,YAHSP2,yahsp2_seq-sat,2320,1570.0000,0.6767
seq-sat,woodworking,f3bd0ee93b84ac927cbee00be0450bf59deccac7,YAHSP2-MT,yahsp2-mt_seq-sat,2225,1570.0000,0.7056
seq-sat,woodworking,f6c74af4beaee233d151c373648942e2ddfd2068,Arvand,arvand,1165,1045.0000,0.8970
seq-sat,woodworking,f6c74af4beaee233d151c373648942e2ddfd2068,CPT4,cpt4_seq-sat,1385,1045.0000,0.7545
seq-sat,woodworking,f6c74af4beaee233d151c373648942e2ddfd2068,DAE-YAHSP,dae_yahsp_seq-sat,1380,1045.0000,0.7572
seq-sat,woodworking,f6c74af4beaee233d151c373648942e2ddfd2068,FD-Autotune-1,fd-autotune-1,1395,1045.0000,0.7491
seq-sat,woodworking,f6c74af4beaee233d151c373648942e2ddfd2068,FD-Autotune-2,fd-autotune-2,1395,1045.0000,0.7491
seq-sat,woodworking,f6c74af4beaee233d151c373648942e2ddfd2068,FDSS-1,fdss-1_seq-sat,1055,1045.0000,0.9905
seq-sat,woodworking,f6c74af4beaee233d151c373648942e2ddfd2068,FDSS-2,fdss-2_seq-sat,1045,1045.0000,1.0000
seq-sat,woodworking,f6c74af4beaee233d151c373648942e2ddfd2068,Fork Uniform,forkuniform,1365,1045.0000,0.7656
seq-sat,woodworking,f6c74af4beaee233d151c373648942e2ddfd2068,LAMA-2008,lama-2008,1405,1045.0000,0.7438
seq-sat,woodworking,f6c74af4beaee233d151c373648942e2ddfd2068,LAMA-2011,lama-2011,1530,1045.0000,0.6830
seq-sat,woodworking,f6c74af4beaee233d151c373648942e2ddfd2068,Lamar,lamar,1485,1045.0000,0.7037
seq-sat,woodworking,f6c74af4beaee233d151c373648942e2ddfd2068,Probe,probe,1260,1045.0000,0.8294
seq-sat,woodworking,f6c74af4beaee233d151c373648942e2ddfd2068,Randward,randward,1400,1045.0000,0.7464
seq-sat,woodworking,f6c74af4beaee233d151c373648942e2ddfd2068,Roamer,roamer,1510,1045.0000,0.6921
seq-sat,woodworking,f6c74af4beaee233d151c373648942e2ddfd2068,YAHSP2,yahsp2_seq-sat,1450,1045.0000,0.7207
seq-sat,woodworking,f6c74af4beaee233d151c373648942e2ddfd2068,YAHSP2-MT,yahsp2-mt_seq-sat,1705,1045.0000,0.6129
