edicao,trilha,dominio,problema,status,variaveis,operadores,axiomas,basico,frac_inversiveis,hff_s0,hff_custo_s0,amostras,de_taxa,sp_taxa,sp_limite,sp_dist_media,tempo_s
2011,seq-opt,barman,pfile01-001.pddl,ok,62,358,0,False,0.0792,14,41,10,0.1,0.7,0,1.571,0.1
2011,seq-opt,barman,pfile01-002.pddl,ok,62,358,0,False,0.0792,14,41,10,0.5,0.4,0,1.5,0.1
2011,seq-opt,barman,pfile01-003.pddl,ok,62,358,0,False,0.0792,14,41,10,0.2,0.7,0,1.143,0.1
2011,seq-opt,barman,pfile01-004.pddl,ok,62,358,0,False,0.0792,14,41,10,0.4,0.6,0,1.0,0.0
2011,seq-opt,barman,pfile02-005.pddl,ok,80,478,0,False,0.0742,16,43,10,0.5,0.4,0,1.0,0.1
2011,seq-opt,barman,pfile02-006.pddl,ok,80,478,0,False,0.0742,16,43,10,0.2,0.7,0,1.571,0.1
2011,seq-opt,barman,pfile02-007.pddl,ok,80,478,0,False,0.0742,16,43,10,0.3,0.5,0,1.6,0.1
2011,seq-opt,barman,pfile02-008.pddl,ok,80,478,0,False,0.0742,16,43,10,0.4,0.5,0,1.4,0.1
2011,seq-opt,barman,pfile03-009.pddl,ok,100,610,0,False,0.07,18,45,10,0.5,0.5,0,1.8,0.1
2011,seq-opt,barman,pfile03-010.pddl,ok,100,610,0,False,0.07,18,45,10,0.1,0.8,0,1.375,0.1
2011,seq-opt,barman,pfile03-011.pddl,ok,100,610,0,False,0.07,18,45,10,0.2,0.7,0,1.286,0.1
2011,seq-opt,barman,pfile03-012.pddl,ok,100,610,0,False,0.07,18,45,10,0.2,0.8,0,1.625,0.1
2011,seq-opt,barman,pfile04-013.pddl,ok,137,854,0,False,0.0668,22,58,10,0.2,0.7,0,1.429,0.2
2011,seq-opt,barman,pfile04-014.pddl,ok,137,854,0,False,0.0668,21,48,10,0.1,0.9,0,1.778,0.2
2011,seq-opt,barman,pfile04-015.pddl,ok,137,854,0,False,0.0668,22,58,10,0.2,0.8,0,1.625,0.2
2011,seq-opt,barman,pfile04-016.pddl,ok,137,854,0,False,0.0668,22,58,10,0.5,0.5,0,1.2,0.1
2011,seq-opt,barman,pfile05-017.pddl,ok,162,1016,0,False,0.0633,23,50,10,0.4,0.6,0,1.167,0.1
2011,seq-opt,barman,pfile05-018.pddl,ok,162,1016,0,False,0.0633,23,50,10,0.5,0.4,0,1.0,0.1
2011,seq-opt,barman,pfile05-019.pddl,ok,162,1016,0,False,0.0633,23,50,10,0.3,0.6,0,1.167,0.2
2011,seq-opt,barman,pfile05-020.pddl,ok,162,1016,0,False,0.0633,23,50,10,0.2,0.8,0,1.375,0.2
2011,seq-opt,elevators,p01.pddl,ok,9,362,0,False,0.4,22,98,10,0.0,1.0,0,1.2,0.0
2011,seq-opt,elevators,p02.pddl,ok,11,408,0,False,0.3866,15,35,10,0.0,1.0,0,1.0,0.0
2011,seq-opt,elevators,p03.pddl,ok,11,472,0,False,0.4,16,48,10,0.0,1.0,0,1.0,0.0
2011,seq-opt,elevators,p04.pddl,ok,10,340,0,False,0.3548,17,71,10,0.0,1.0,0,1.0,0.0
2011,seq-opt,elevators,p05.pddl,ok,10,448,0,False,0.3737,16,74,10,0.0,1.0,0,1.0,0.0
2011,seq-opt,elevators,p06.pddl,ok,12,480,0,False,0.3636,20,55,10,0.0,1.0,0,1.0,0.1
2011,seq-opt,elevators,p07.pddl,ok,15,864,0,False,0.3624,18,44,10,0.0,1.0,0,1.0,0.1
2011,seq-opt,elevators,p08.pddl,ok,11,410,0,False,0.3421,19,52,10,0.0,1.0,0,1.0,0.0
2011,seq-opt,elevators,p09.pddl,ok,13,576,0,False,0.3988,13,81,10,0.0,1.0,0,1.0,0.0
2011,seq-opt,elevators,p10.pddl,ok,12,588,0,False,0.3764,20,46,10,0.0,1.0,0,1.1,0.0
2011,seq-opt,elevators,p11.pddl,ok,16,1008,0,False,0.3526,23,81,10,0.0,1.0,0,1.1,0.2
2011,seq-opt,elevators,p12.pddl,ok,13,580,0,False,0.3519,23,68,10,0.0,1.0,0,1.0,0.1
2011,seq-opt,elevators,p13.pddl,ok,12,480,0,False,0.3333,25,68,10,0.0,1.0,0,1.1,0.1
2011,seq-opt,elevators,p14.pddl,ok,14,680,0,False,0.3438,22,87,10,0.0,1.0,0,1.0,0.1
2011,seq-opt,elevators,p15.pddl,ok,13,550,0,False,0.3269,31,85,10,0.0,1.0,0,1.0,0.0
2011,seq-opt,elevators,p16.pddl,ok,11,534,0,False,0.3568,25,97,10,0.0,1.0,0,1.0,0.1
2011,seq-opt,elevators,p17.pddl,ok,12,620,0,False,0.3451,24,91,10,0.0,1.0,0,1.0,0.0
2011,seq-opt,elevators,p18.pddl,ok,14,820,0,False,0.3509,23,48,10,0.0,1.0,0,1.1,0.1
2011,seq-opt,elevators,p19.pddl,ok,12,510,0,False,0.3638,23,89,10,0.0,1.0,0,1.0,0.0
2011,seq-opt,elevators,p20.pddl,ok,14,720,0,False,0.3765,27,123,10,0.0,1.0,0,1.1,0.1
2011,seq-opt,floortile,opt-p01-001.pddl,ok,16,144,0,False,0.0096,17,38,10,1.0,0.0,0,,0.0
2011,seq-opt,floortile,opt-p01-002.pddl,ok,16,144,0,False,0.0096,17,36,10,1.0,0.0,0,,0.0
2011,seq-opt,floortile,opt-p02-003.pddl,ok,19,188,0,False,0.0074,24,56,10,1.0,0.0,0,,0.0
2011,seq-opt,floortile,opt-p02-004.pddl,ok,19,188,0,False,0.0074,22,44,10,0.9,0.1,0,1.0,0.0
2011,seq-opt,floortile,opt-p03-005.pddl,ok,22,232,0,False,0.006,27,50,10,0.9,0.1,0,1.0,0.0
2011,seq-opt,floortile,opt-p03-006.pddl,ok,22,232,0,False,0.006,26,51,10,0.9,0.1,0,1.0,0.0
2011,seq-opt,floortile,opt-p04-007.pddl,ok,24,256,0,False,0.0053,29,57,10,1.0,0.0,0,,0.0
2011,seq-opt,floortile,opt-p04-008.pddl,ok,24,256,0,False,0.0053,31,65,10,1.0,0.0,0,,0.0
2011,seq-opt,floortile,opt-p05-009.pddl,ok,28,316,0,False,0.0043,36,68,10,0.8,0.2,0,1.0,0.0
2011,seq-opt,floortile,opt-p05-010.pddl,ok,28,316,0,False,0.0043,39,73,10,1.0,0.0,0,,0.0
2011,seq-opt,floortile,opt-p06-011.pddl,ok,32,376,0,False,0.0036,45,83,10,1.0,0.0,0,,0.0
2011,seq-opt,floortile,opt-p06-012.pddl,ok,32,376,0,False,0.0036,42,78,10,1.0,0.0,0,,0.0
2011,seq-opt,floortile,opt-p07-013.pddl,ok,34,400,0,False,0.0034,41,74,10,0.8,0.2,0,1.0,0.0
2011,seq-opt,floortile,opt-p07-014.pddl,ok,34,400,0,False,0.0034,45,82,10,1.0,0.0,0,,0.0
2011,seq-opt,floortile,opt-p08-015.pddl,ok,41,714,0,False,0.0028,55,101,10,1.0,0.0,0,,0.1
2011,seq-opt,floortile,opt-p08-016.pddl,ok,41,714,0,False,0.0028,52,102,10,0.9,0.1,0,1.0,0.1
2011,seq-opt,floortile,opt-p09-017.pddl,ok,48,1104,0,False,0.0025,63,122,10,0.8,0.2,0,1.0,0.1
2011,seq-opt,floortile,opt-p09-018.pddl,ok,48,1104,0,False,0.0025,64,127,10,1.0,0.0,0,,0.1
2011,seq-opt,floortile,opt-p10-019.pddl,ok,48,864,0,False,0.0023,67,125,10,1.0,0.0,0,,0.1
2011,seq-opt,floortile,opt-p10-020.pddl,ok,48,864,0,False,0.0023,63,127,10,1.0,0.0,0,,0.1
2011,seq-opt,nomystery,p01.pddl,ok,5,350,0,False,0.5178,9,9,10,0.7,0.3,0,1.0,0.0
2011,seq-opt,nomystery,p02.pddl,ok,6,1210,0,False,0.5084,12,12,10,0.9,0.1,0,1.0,0.0
2011,seq-opt,nomystery,p03.pddl,ok,7,850,0,False,0.5183,13,13,10,0.9,0.1,0,1.0,0.0
2011,seq-opt,nomystery,p04.pddl,ok,8,1718,0,False,0.5125,16,16,10,0.8,0.2,0,1.0,0.1
2011,seq-opt,nomystery,p05.pddl,ok,9,3878,0,False,0.5073,21,21,10,0.8,0.1,0,1.0,0.2
2011,seq-opt,nomystery,p06.pddl,ok,10,5830,0,False,0.5063,24,24,10,0.7,0.3,0,1.0,0.3
2011,seq-opt,nomystery,p07.pddl,ok,11,5772,0,False,0.5079,27,27,10,0.9,0.1,0,1.0,0.2
2011,seq-opt,nomystery,p08.pddl,ok,12,7060,0,False,0.5079,29,29,10,1.0,0.0,0,,0.3
2011,seq-opt,nomystery,p09.pddl,ok,13,8890,0,False,0.5075,32,32,10,0.8,0.2,0,1.0,0.4
2011,seq-opt,nomystery,p10.pddl,ok,14,6672,0,False,0.512,34,34,10,0.7,0.3,0,1.333,0.3
2011,seq-opt,nomystery,p11.pddl,ok,5,230,0,False,0.5275,9,9,10,0.9,0.1,0,2.0,0.0
2011,seq-opt,nomystery,p12.pddl,ok,6,818,0,False,0.5125,12,12,10,1.0,0.0,0,,0.0
2011,seq-opt,nomystery,p13.pddl,ok,7,562,0,False,0.5282,13,13,10,0.9,0.1,0,1.0,0.0
2011,seq-opt,nomystery,p14.pddl,ok,8,1178,0,False,0.5185,16,16,10,0.7,0.3,0,1.333,0.0
2011,seq-opt,nomystery,p15.pddl,ok,9,2726,0,False,0.5105,21,21,10,0.7,0.3,0,1.0,0.1
2011,seq-opt,nomystery,p16.pddl,ok,10,4166,0,False,0.5088,24,24,10,0.8,0.2,0,1.5,0.2
2011,seq-opt,nomystery,p17.pddl,ok,11,4182,0,False,0.511,27,27,10,0.9,0.1,0,2.0,0.2
2011,seq-opt,nomystery,p18.pddl,ok,12,5140,0,False,0.5109,29,29,10,1.0,0.0,0,,0.2
2011,seq-opt,nomystery,p19.pddl,ok,13,6442,0,False,0.5105,32,32,10,0.8,0.2,0,1.0,0.3
2011,seq-opt,nomystery,p20.pddl,ok,14,4848,0,False,0.5166,34,34,10,0.9,0.1,0,1.0,0.2
2011,seq-opt,openstacks,p01.pddl,ok,21,220,0,False,0.2381,31,1,10,0.3,0.7,0,0.143,0.0
2011,seq-opt,openstacks,p02.pddl,ok,23,264,0,False,0.2391,34,1,10,0.5,0.5,0,0.8,0.0
2011,seq-opt,openstacks,p03.pddl,ok,25,312,0,False,0.24,37,1,10,0.4,0.6,0,0.5,0.0
2011,seq-opt,openstacks,p04.pddl,ok,27,364,0,False,0.2407,40,1,10,0.8,0.2,0,0.0,0.0
2011,seq-opt,openstacks,p05.pddl,ok,29,420,0,False,0.2414,43,1,10,0.9,0.1,0,0.0,0.0
2011,seq-opt,openstacks,p06.pddl,ok,31,480,0,False,0.2419,46,1,10,0.4,0.6,0,0.333,0.0
2011,seq-opt,openstacks,p07.pddl,ok,33,544,0,False,0.2424,49,1,10,0.5,0.5,0,0.2,0.0
2011,seq-opt,openstacks,p08.pddl,ok,35,612,0,False,0.2429,52,1,10,0.2,0.8,0,0.375,0.0
2011,seq-opt,openstacks,p09.pddl,ok,37,684,0,False,0.2432,55,1,10,0.2,0.8,0,0.5,0.0
2011,seq-opt,openstacks,p10.pddl,ok,53,1404,0,False,0.2453,79,1,10,0.1,0.9,0,0.667,0.1
2011,seq-opt,openstacks,p11.pddl,ok,39,760,0,False,0.2436,58,1,10,0.1,0.9,0,0.444,0.0
2011,seq-opt,openstacks,p12.pddl,ok,41,840,0,False,0.2439,61,1,10,0.1,0.9,0,0.111,0.0
2011,seq-opt,openstacks,p13.pddl,ok,43,924,0,False,0.2442,64,1,10,0.3,0.7,0,0.143,0.1
2011,seq-opt,openstacks,p14.pddl,ok,45,1012,0,False,0.2444,67,1,10,0.0,1.0,0,0.1,0.1
2011,seq-opt,openstacks,p15.pddl,ok,47,1104,0,False,0.2447,70,1,10,0.0,1.0,0,0.2,0.1
2011,seq-opt,openstacks,p16.pddl,ok,51,1300,0,False,0.2451,76,1,10,0.0,1.0,0,0.5,0.1
2011,seq-opt,openstacks,p17.pddl,ok,49,1200,0,False,0.2449,73,1,10,0.1,0.9,0,0.222,0.1
2011,seq-opt,openstacks,p18.pddl,ok,55,1512,0,False,0.2455,82,1,10,0.0,1.0,0,0.3,0.1
2011,seq-opt,openstacks,p19.pddl,ok,57,1624,0,False,0.2456,85,1,10,0.0,1.0,0,0.3,0.1
2011,seq-opt,openstacks,p20.pddl,ok,59,1740,0,False,0.2458,88,1,10,0.0,1.0,0,0.3,0.1
2011,seq-opt,parcprinter,p01.pddl,ok,26,59,0,False,0.1345,19,900596,10,1.0,0.0,0,,0.0
2011,seq-opt,parcprinter,p02.pddl,ok,32,53,0,False,0.0,19,669089,10,0.9,0.1,0,1.0,0.0
2011,seq-opt,parcprinter,p03.pddl,ok,33,99,0,False,0.1502,18,438328,10,0.7,0.3,0,1.0,0.0
2011,seq-opt,parcprinter,p04.pddl,ok,50,137,0,False,0.0,38,1562218,10,1.0,0.0,0,,0.0
2011,seq-opt,parcprinter,p05.pddl,ok,35,100,0,False,0.1206,28,1350894,10,0.9,0.1,0,1.0,0.0
2011,seq-opt,parcprinter,p06.pddl,ok,68,205,0,False,0.0,55,2673401,10,1.0,0.0,0,,0.0
2011,seq-opt,parcprinter,p07.pddl,ok,59,181,0,False,0.0,47,2063296,10,1.0,0.0,0,,0.0
2011,seq-opt,parcprinter,p08.pddl,ok,44,141,0,False,0.1151,37,1801192,10,0.9,0.1,0,1.0,0.0
2011,seq-opt,parcprinter,p09.pddl,ok,42,172,0,False,0.133,26,604716,10,0.9,0.1,0,1.0,0.0
2011,seq-opt,parcprinter,p10.pddl,ok,54,196,0,False,0.1036,47,2464280,10,1.0,0.0,0,,0.0
2011,seq-opt,parcprinter,p11.pddl,ok,62,235,0,False,0.1043,55,2701788,10,1.0,0.0,0,,0.0
2011,seq-opt,parcprinter,p12.pddl,ok,51,245,0,False,0.1262,35,876656,10,1.0,0.0,0,,0.1
2011,seq-opt,parcprinter,p13.pddl,ok,77,365,0,False,0.0,68,2738371,10,0.9,0.1,0,1.0,0.0
2011,seq-opt,parcprinter,p14.pddl,ok,86,369,0,False,0.0,75,3457503,10,1.0,0.0,0,,0.0
2011,seq-opt,parcprinter,p15.pddl,ok,95,433,0,False,0.0,84,3958581,10,0.8,0.2,0,1.0,0.0
2011,seq-opt,parcprinter,p16.pddl,ok,104,461,0,False,0.0,92,4568686,10,1.0,0.0,0,,0.0
2011,seq-opt,parcprinter,p17.pddl,ok,61,346,0,False,0.1125,45,1360445,10,1.0,0.0,0,,0.0
2011,seq-opt,parcprinter,p18.pddl,ok,69,415,0,False,0.1133,53,1420536,10,0.9,0.1,0,1.0,0.0
2011,seq-opt,parcprinter,p19.pddl,ok,78,568,0,False,0.0968,60,1481372,10,1.0,0.0,0,,0.0
2011,seq-opt,parcprinter,p20.pddl,ok,71,316,0,False,0.0902,64,3152086,10,0.9,0.1,0,1.0,0.0
2011,seq-opt,parking,pfile03-011.pddl,ok,43,3888,0,False,0.0,19,19,10,1.0,0.0,0,,0.4
2011,seq-opt,parking,pfile03-012.pddl,ok,43,3888,0,False,0.0,24,24,10,0.9,0.1,0,1.0,0.4
2011,seq-opt,parking,pfile04-013.pddl,ok,50,6174,0,False,0.0,32,32,10,0.9,0.1,0,1.0,0.8
2011,seq-opt,parking,pfile04-014.pddl,ok,50,6174,0,False,0.0,27,27,10,0.9,0.1,0,1.0,0.8
2011,seq-opt,parking,pfile04-015.pddl,ok,50,6174,0,False,0.0,25,25,10,0.9,0.0,0,,0.8
2011,seq-opt,parking,pfile04-016.pddl,ok,50,6174,0,False,0.0,24,24,10,0.9,0.1,0,1.0,0.8
2011,seq-opt,parking,pfile05-017.pddl,ok,57,9216,0,False,0.0,29,29,10,0.9,0.1,0,1.0,1.2
2011,seq-opt,parking,pfile05-018.pddl,ok,57,9216,0,False,0.0,27,27,10,1.0,0.0,0,,1.2
2011,seq-opt,parking,pfile05-019.pddl,ok,57,9216,0,False,0.0,32,32,10,0.8,0.2,0,1.0,1.4
2011,seq-opt,parking,pfile05-020.pddl,ok,57,9216,0,False,0.0,34,34,10,0.8,0.1,0,1.0,1.7
2011,seq-opt,parking,pfile06-021.pddl,ok,64,13122,0,False,0.0,35,35,10,0.7,0.3,0,1.0,2.6
2011,seq-opt,parking,pfile06-022.pddl,ok,64,13122,0,False,0.0,38,38,10,1.0,0.0,0,,2.2
2011,seq-opt,parking,pfile06-023.pddl,ok,64,13122,0,False,0.0,37,37,10,1.0,0.0,0,,2.3
2011,seq-opt,parking,pfile06-024.pddl,ok,64,13122,0,False,0.0,35,35,10,1.0,0.0,0,,2.2
2011,seq-opt,parking,pfile07-025.pddl,ok,71,18000,0,False,0.0,40,40,10,1.0,0.0,0,,3.4
2011,seq-opt,parking,pfile07-026.pddl,ok,71,18000,0,False,0.0,37,37,10,1.0,0.0,0,,3.4
2011,seq-opt,parking,pfile07-027.pddl,ok,71,18000,0,False,0.0,44,44,10,1.0,0.0,0,,3.8
2011,seq-opt,parking,pfile07-028.pddl,ok,71,18000,0,False,0.0,45,45,10,0.9,0.0,0,,3.7
2011,seq-opt,parking,pfile08-029.pddl,ok,78,23958,0,False,0.0,41,41,10,0.9,0.1,0,1.0,5.3
2011,seq-opt,parking,pfile08-030.pddl,ok,78,23958,0,False,0.0,47,47,10,0.8,0.2,0,1.0,6.9
2011,seq-opt,pegsol,p01.pddl,ok,34,185,0,False,0.1186,15,15,10,1.0,0.0,0,,0.0
2011,seq-opt,pegsol,p02.pddl,ok,34,185,0,False,0.1186,14,14,10,0.9,0.0,0,,0.0
2011,seq-opt,pegsol,p03.pddl,ok,34,185,0,False,0.1186,12,12,10,0.9,0.1,0,1.0,0.0
2011,seq-opt,pegsol,p04.pddl,ok,34,185,0,False,0.1186,12,12,10,0.9,0.1,0,1.0,0.0
2011,seq-opt,pegsol,p05.pddl,ok,34,185,0,False,0.1186,12,12,10,0.7,0.3,0,1.0,0.0
2011,seq-opt,pegsol,p06.pddl,ok,34,185,0,False,0.1186,13,13,10,0.8,0.2,0,1.0,0.0
2011,seq-opt,pegsol,p07.pddl,ok,34,185,0,False,0.1186,11,11,10,0.7,0.2,0,1.0,0.0
2011,seq-opt,pegsol,p08.pddl,ok,34,185,0,False,0.1186,14,14,10,0.8,0.1,0,1.0,0.0
2011,seq-opt,pegsol,p09.pddl,ok,34,185,0,False,0.1186,12,12,10,0.7,0.3,0,1.333,0.0
2011,seq-opt,pegsol,p10.pddl,ok,34,185,0,False,0.1186,11,11,10,0.8,0.2,0,1.5,0.0
2011,seq-opt,pegsol,p11.pddl,ok,34,185,0,False,0.1186,13,13,10,0.5,0.2,0,1.5,0.0
2011,seq-opt,pegsol,p12.pddl,ok,34,185,0,False,0.1186,15,15,10,1.0,0.0,0,,0.0
2011,seq-opt,pegsol,p13.pddl,ok,34,185,0,False,0.1186,12,12,10,0.9,0.1,0,1.0,0.0
2011,seq-opt,pegsol,p14.pddl,ok,34,185,0,False,0.1186,12,12,10,0.7,0.3,0,1.667,0.0
2011,seq-opt,pegsol,p15.pddl,ok,34,185,0,False,0.1186,15,15,10,0.8,0.2,0,1.0,0.0
2011,seq-opt,pegsol,p16.pddl,ok,34,185,0,False,0.1186,12,12,10,0.6,0.4,0,1.75,0.0
2011,seq-opt,pegsol,p17.pddl,ok,34,185,0,False,0.1186,15,15,10,0.7,0.3,0,1.333,0.0
2011,seq-opt,pegsol,p18.pddl,ok,34,185,0,False,0.1186,12,12,10,0.7,0.2,0,1.5,0.0
2011,seq-opt,pegsol,p19.pddl,ok,34,185,0,False,0.1186,22,22,10,0.8,0.2,0,1.5,0.0
2011,seq-opt,pegsol,p20.pddl,ok,34,185,0,False,0.1186,24,24,10,1.0,0.0,0,,0.0
2011,seq-opt,scanalyzer,p01.pddl,ok,8,508,0,False,0.0,7,21,10,0.0,0.8,0,0.875,0.0
2011,seq-opt,scanalyzer,p02.pddl,ok,12,360,0,False,0.0,8,20,10,0.0,1.0,0,1.0,0.0
2011,seq-opt,scanalyzer,p03.pddl,ok,12,300,0,False,0.0,12,28,10,0.0,1.0,0,1.0,0.0
2011,seq-opt,scanalyzer,p04.pddl,ok,16,1792,0,False,0.0,11,33,10,0.0,1.0,0,1.0,0.1
2011,seq-opt,scanalyzer,p05.pddl,ok,20,4500,0,False,0.0,14,42,10,0.0,1.0,0,1.0,0.3
2011,seq-opt,scanalyzer,p06.pddl,ok,16,1120,0,False,0.0,11,27,10,0.0,1.0,0,1.0,0.1
2011,seq-opt,scanalyzer,p07.pddl,ok,36,49572,0,False,0.0,26,78,10,0.0,1.0,0,1.0,3.6
2011,seq-opt,scanalyzer,p08.pddl,ok,24,9504,0,False,0.0,17,51,10,0.0,1.0,0,1.0,0.6
2011,seq-opt,scanalyzer,p09.pddl,ok,28,17836,0,False,0.0,20,60,10,0.0,1.0,0,1.0,1.3
2011,seq-opt,scanalyzer,p10.pddl,ok,32,30720,0,False,0.0,23,69,10,0.0,1.0,0,1.0,2.4
2011,seq-opt,scanalyzer,p11.pddl,ok,16,32736,0,False,0.0,16,48,10,0.0,1.0,0,1.0,6.5
2011,seq-opt,scanalyzer,p12.pddl,ok,16,952,0,False,0.0,17,39,10,0.0,1.0,0,1.1,0.1
2011,seq-opt,scanalyzer,p13.pddl,ok,16,20448,0,False,0.0,24,62,10,0.0,1.0,0,1.0,3.8
2011,seq-opt,scanalyzer,p14.pddl,ok,16,24544,0,False,0.0,16,42,10,0.0,0.8,0,1.0,5.0
2011,seq-opt,scanalyzer,p15.pddl,ok,20,2700,0,False,0.0,14,34,10,0.0,1.0,0,1.0,0.2
2011,seq-opt,scanalyzer,p16.pddl,ok,24,5544,0,False,0.0,17,41,10,0.0,1.0,0,1.0,0.3
2011,seq-opt,scanalyzer,p17.pddl,ok,28,10192,0,False,0.0,20,48,10,0.0,1.0,0,1.0,0.7
2011,seq-opt,scanalyzer,p18.pddl,ok,32,17280,0,False,0.0,23,55,10,0.0,1.0,0,1.0,1.0
2011,seq-opt,scanalyzer,p19.pddl,ok,36,27540,0,False,0.0,26,62,10,0.0,1.0,0,1.0,1.9
2011,seq-opt,scanalyzer,p20.pddl,"parcial (0/10, tempo)",24,373140,0,False,0.0,25,75,0,,,0,,128.0
2011,seq-opt,sokoban,p01.pddl,ok,24,132,0,False,0.0,6,2,10,0.3,0.6,0,1.833,0.0
2011,seq-opt,sokoban,p02.pddl,ok,44,232,0,False,0.0,14,7,10,0.4,0.6,0,1.0,0.0
2011,seq-opt,sokoban,p03.pddl,ok,37,210,0,False,0.0,20,12,10,0.8,0.1,0,1.0,0.0
2011,seq-opt,sokoban,p04.pddl,ok,35,202,0,False,0.0,47,27,10,0.2,0.6,0,1.167,0.0
2011,seq-opt,sokoban,p05.pddl,ok,49,272,0,False,0.0,32,18,10,0.1,0.8,0,1.0,0.0
2011,seq-opt,sokoban,p06.pddl,ok,71,244,0,False,0.0,40,17,10,0.5,0.1,0,1.0,0.1
2011,seq-opt,sokoban,p07.pddl,ok,36,216,0,False,0.0,26,12,10,0.5,0.5,0,1.0,0.0
2011,seq-opt,sokoban,p08.pddl,ok,42,270,0,False,0.0,20,6,10,0.0,0.9,0,1.111,0.0
2011,seq-opt,sokoban,p09.pddl,ok,53,282,0,False,0.0,19,9,10,0.4,0.5,0,1.4,0.0
2011,seq-opt,sokoban,p10.pddl,ok,53,888,0,False,0.0,22,10,10,0.8,0.2,0,1.0,0.1
2011,seq-opt,sokoban,p11.pddl,ok,34,248,0,False,0.0,15,6,10,0.6,0.3,0,2.333,0.1
2011,seq-opt,sokoban,p12.pddl,ok,220,464,0,False,0.0,5,3,10,0.0,0.5,0,1.0,0.0
2011,seq-opt,sokoban,p13.pddl,ok,39,302,0,False,0.0,25,15,10,0.7,0.3,0,1.0,0.0
2011,seq-opt,sokoban,p14.pddl,ok,43,316,0,False,0.0,21,9,10,0.8,0.2,0,1.0,0.0
2011,seq-opt,sokoban,p15.pddl,ok,51,332,0,False,0.0,45,33,10,0.5,0.4,0,1.25,0.1
2011,seq-opt,sokoban,p16.pddl,ok,53,368,0,False,0.0,84,59,10,0.8,0.2,0,1.0,0.0
2011,seq-opt,sokoban,p17.pddl,ok,41,322,0,False,0.0,48,29,10,0.6,0.4,0,1.25,0.1
2011,seq-opt,sokoban,p18.pddl,ok,59,1176,0,False,0.0,15,3,10,0.7,0.2,0,1.0,0.2
2011,seq-opt,sokoban,p19.pddl,ok,47,378,0,False,0.0,42,34,10,0.2,0.6,0,2.0,0.1
2011,seq-opt,sokoban,p20.pddl,ok,35,312,0,False,0.0,25,17,10,0.6,0.4,0,1.0,0.0
2011,seq-opt,tidybot,p01.pddl,ok,137,4591,0,False,0.0636,4,4,10,0.0,1.0,0,0.2,0.5
2011,seq-opt,tidybot,p02.pddl,ok,181,7687,0,False,0.0458,20,20,10,0.0,0.5,0,1.0,2.1
2011,seq-opt,tidybot,p03.pddl,ok,181,7687,0,False,0.0458,15,15,10,0.0,0.9,0,1.111,1.6
2011,seq-opt,tidybot,p04.pddl,ok,181,7687,0,False,0.0458,27,27,10,0.0,0.6,0,1.333,2.2
2011,seq-opt,tidybot,p05.pddl,ok,233,12351,0,False,0.0343,27,27,10,0.0,0.9,0,1.778,4.0
2011,seq-opt,tidybot,p06.pddl,ok,233,12351,0,False,0.0343,30,30,10,0.0,0.5,0,1.6,4.8
2011,seq-opt,tidybot,p07.pddl,ok,233,12351,0,False,0.0343,16,16,10,0.0,0.5,0,1.0,3.1
2011,seq-opt,tidybot,p08.pddl,ok,233,12351,0,False,0.0343,20,20,10,0.0,0.7,0,1.429,3.3
2011,seq-opt,tidybot,p09.pddl,ok,293,19255,0,False,0.0264,19,19,10,0.0,0.6,0,1.333,6.7
2011,seq-opt,tidybot,p10.pddl,ok,293,19255,0,False,0.0264,37,37,10,0.0,0.7,0,1.714,8.0
2011,seq-opt,tidybot,p11.pddl,ok,293,19255,0,False,0.0264,18,18,10,0.0,0.8,0,1.25,6.7
2011,seq-opt,tidybot,p12.pddl,ok,293,19255,0,False,0.0264,32,32,10,0.0,0.9,0,1.222,6.9
2011,seq-opt,tidybot,p13.pddl,ok,293,19255,0,False,0.0264,21,21,10,0.0,0.8,0,2.125,7.7
2011,seq-opt,tidybot,p14.pddl,ok,373,29865,0,False,0.0222,30,30,10,0.0,1.0,0,1.6,12.3
2011,seq-opt,tidybot,p15.pddl,ok,369,29650,0,False,0.0217,24,24,10,0.0,0.6,0,1.333,13.0
2011,seq-opt,tidybot,p16.pddl,ok,381,30465,0,False,0.023,34,34,10,0.0,1.0,0,1.9,13.5
2011,seq-opt,tidybot,p17.pddl,ok,377,30177,0,False,0.0226,29,29,10,0.0,0.7,0,1.429,13.9
2011,seq-opt,tidybot,p18.pddl,ok,373,29842,0,False,0.0222,27,27,10,0.0,0.7,0,1.0,12.8
2011,seq-opt,tidybot,p19.pddl,ok,377,30200,0,False,0.0226,25,25,10,0.0,0.7,0,1.571,13.3
2011,seq-opt,tidybot,p20.pddl,ok,381,30488,0,False,0.023,31,31,10,0.0,0.9,0,1.667,13.5
2011,seq-opt,transport,p01.pddl,ok,8,616,0,False,0.396,15,527,10,0.0,1.0,0,1.7,0.1
2011,seq-opt,transport,p02.pddl,ok,8,628,0,False,0.402,14,175,10,0.0,1.0,0,1.2,0.0
2011,seq-opt,transport,p03.pddl,ok,7,424,0,False,0.4059,11,305,10,0.0,1.0,0,1.7,0.0
2011,seq-opt,transport,p04.pddl,ok,8,840,0,False,0.403,17,351,10,0.0,1.0,0,1.6,0.1
2011,seq-opt,transport,p05.pddl,ok,9,1020,0,False,0.3939,16,446,10,0.0,1.0,0,1.0,0.1
2011,seq-opt,transport,p06.pddl,ok,9,1032,0,False,0.3976,18,205,10,0.0,1.0,0,1.1,0.1
2011,seq-opt,transport,p07.pddl,ok,10,1340,0,False,0.3972,22,204,10,0.0,1.0,0,1.1,0.1
2011,seq-opt,transport,p08.pddl,ok,12,1986,0,False,0.3935,28,318,10,0.0,1.0,0,1.0,0.2
2011,seq-opt,transport,p09.pddl,ok,11,1664,0,False,0.3936,27,232,10,0.0,1.0,0,1.2,0.2
2011,seq-opt,transport,p10.pddl,ok,13,2466,0,False,0.3898,30,406,10,0.0,0.9,0,1.0,0.2
2011,seq-opt,transport,p11.pddl,ok,12,1904,0,False,0.3939,24,423,10,0.0,1.0,0,1.8,0.3
2011,seq-opt,transport,p12.pddl,ok,14,2856,0,False,0.3939,25,469,10,0.0,0.8,0,1.0,0.2
2011,seq-opt,transport,p13.pddl,ok,12,1992,0,False,0.3865,27,229,10,0.0,1.0,0,1.0,0.2
2011,seq-opt,transport,p14.pddl,ok,14,3042,0,False,0.3921,32,304,10,0.0,1.0,0,1.0,0.3
2011,seq-opt,transport,p15.pddl,ok,13,2272,0,False,0.3908,34,1044,10,0.0,1.0,0,1.0,0.3
2011,seq-opt,transport,p16.pddl,ok,15,3408,0,False,0.3908,38,1208,10,0.0,1.0,0,1.0,0.3
2011,seq-opt,transport,p17.pddl,ok,10,1572,0,False,0.4024,27,344,10,0.0,1.0,0,1.1,0.2
2011,seq-opt,transport,p18.pddl,ok,9,1380,0,False,0.3985,19,382,10,0.0,1.0,0,2.6,0.2
2011,seq-opt,transport,p19.pddl,ok,10,1528,0,False,0.3935,26,813,10,0.0,1.0,0,1.5,0.2
2011,seq-opt,transport,p20.pddl,ok,13,3246,0,False,0.3971,30,399,10,0.0,1.0,0,1.1,0.3
2011,seq-opt,visitall,problem02-full.pddl,ok,4,8,0,False,0.5714,3,3,10,0.0,1.0,0,0.2,0.0
2011,seq-opt,visitall,problem02-half.pddl,ok,2,8,0,False,0.8,1,1,10,0.0,1.0,0,0.4,0.0
2011,seq-opt,visitall,problem03-full.pddl,ok,9,24,0,False,0.5455,8,8,10,0.0,1.0,0,0.9,0.0
2011,seq-opt,visitall,problem03-half.pddl,ok,5,24,0,False,0.7273,6,6,10,0.0,1.0,0,0.7,0.0
2011,seq-opt,visitall,problem04-full.pddl,ok,16,48,0,False,0.5217,15,15,10,0.0,1.0,0,0.9,0.0
2011,seq-opt,visitall,problem04-half.pddl,ok,8,48,0,False,0.7385,13,13,10,0.0,1.0,0,1.3,0.0
2011,seq-opt,visitall,problem05-full.pddl,ok,25,80,0,False,0.5128,24,24,10,0.0,1.0,0,1.4,0.0
2011,seq-opt,visitall,problem05-half.pddl,ok,15,80,0,False,0.6504,17,17,10,0.0,1.0,0,1.6,0.0
2011,seq-opt,visitall,problem06-full.pddl,ok,36,120,0,False,0.5085,35,35,10,0.0,1.0,0,1.3,0.0
2011,seq-opt,visitall,problem06-half.pddl,ok,16,120,0,False,0.7186,24,24,10,0.0,1.0,0,1.1,0.0
2011,seq-opt,visitall,problem07-full.pddl,ok,49,168,0,False,0.506,48,48,10,0.0,1.0,0,1.2,0.0
2011,seq-opt,visitall,problem07-half.pddl,ok,33,168,0,False,0.6065,44,44,10,0.0,1.0,0,1.6,0.0
2011,seq-opt,visitall,problem08-full.pddl,ok,64,224,0,False,0.5045,63,63,10,0.0,1.0,0,1.4,0.0
2011,seq-opt,visitall,problem08-half.pddl,ok,33,224,0,False,0.6667,53,53,10,0.0,1.0,0,1.3,0.0
2011,seq-opt,visitall,problem09-full.pddl,ok,81,288,0,False,0.5035,80,80,10,0.0,1.0,0,2.1,0.0
2011,seq-opt,visitall,problem09-half.pddl,ok,50,288,0,False,0.6207,69,69,10,0.0,0.9,0,1.222,0.0
2011,seq-opt,visitall,problem10-full.pddl,ok,100,360,0,False,0.5028,99,99,10,0.0,1.0,0,1.2,0.1
2011,seq-opt,visitall,problem10-half.pddl,ok,48,360,0,False,0.6831,82,82,10,0.0,1.0,0,1.3,0.1
2011,seq-opt,visitall,problem11-full.pddl,ok,121,440,0,False,0.5023,120,120,10,0.0,1.0,0,1.2,0.1
2011,seq-opt,visitall,problem11-half.pddl,ok,58,440,0,False,0.679,104,104,10,0.0,0.9,0,1.0,0.1
2011,seq-opt,woodworking,p01.pddl,ok,37,287,0,False,0.2391,13,265,10,1.0,0.0,0,,0.0
2011,seq-opt,woodworking,p02.pddl,ok,40,428,0,False,0.2506,14,335,10,0.9,0.1,0,1.0,0.0
2011,seq-opt,woodworking,p03.pddl,ok,51,544,0,False,0.233,16,375,10,0.7,0.3,0,1.0,0.0
2011,seq-opt,woodworking,p04.pddl,ok,45,477,0,False,0.2768,19,400,10,0.6,0.4,0,1.0,0.0
2011,seq-opt,woodworking,p05.pddl,ok,54,602,0,False,0.3058,15,320,10,0.9,0.1,0,1.0,0.0
2011,seq-opt,woodworking,p06.pddl,ok,61,658,0,False,0.2313,14,315,10,0.9,0.1,0,1.0,0.0
2011,seq-opt,woodworking,p07.pddl,ok,49,424,0,False,0.1729,16,395,10,0.9,0.1,0,1.0,0.0
2011,seq-opt,woodworking,p08.pddl,ok,66,839,0,False,0.271,25,540,10,0.0,1.0,0,1.0,0.1
2011,seq-opt,woodworking,p09.pddl,ok,78,958,0,False,0.2548,24,530,10,0.8,0.2,0,1.0,0.1
2011,seq-opt,woodworking,p10.pddl,ok,67,748,0,False,0.2482,18,375,10,0.3,0.7,0,1.0,0.1
2011,seq-opt,woodworking,p11.pddl,ok,77,916,0,False,0.2348,18,370,10,1.0,0.0,0,,0.1
2011,seq-opt,woodworking,p12.pddl,ok,77,1014,0,False,0.291,19,415,10,0.9,0.1,0,1.0,0.1
2011,seq-opt,woodworking,p13.pddl,ok,73,742,0,False,0.207,28,720,10,0.7,0.3,0,1.0,0.1
2011,seq-opt,woodworking,p14.pddl,ok,84,984,0,False,0.2605,25,595,10,1.0,0.0,0,,0.1
2011,seq-opt,woodworking,p15.pddl,ok,95,1310,0,False,0.2313,31,680,10,0.9,0.1,0,1.0,0.1
2011,seq-opt,woodworking,p16.pddl,ok,94,1225,0,False,0.2516,28,590,10,1.0,0.0,0,,0.1
2011,seq-opt,woodworking,p17.pddl,ok,94,1218,0,False,0.2056,31,850,10,1.0,0.0,0,,0.1
2011,seq-opt,woodworking,p18.pddl,ok,104,1412,0,False,0.2087,34,845,10,1.0,0.0,0,,0.1
2011,seq-opt,woodworking,p19.pddl,ok,118,1566,0,False,0.2411,28,645,10,0.9,0.1,0,1.0,0.1
2011,seq-opt,woodworking,p20.pddl,ok,125,1823,0,False,0.2466,37,845,10,1.0,0.0,0,,0.1
2011,seq-sat,barman,pfile06-021.pddl,ok,210,1390,0,False,0.0665,28,73,10,0.6,0.4,0,1.75,0.3
2011,seq-sat,barman,pfile06-022.pddl,ok,210,1390,0,False,0.0665,27,63,10,0.6,0.4,0,1.0,0.2
2011,seq-sat,barman,pfile06-023.pddl,ok,210,1390,0,False,0.0665,26,62,10,0.3,0.7,0,1.286,0.3
2011,seq-sat,barman,pfile06-024.pddl,ok,210,1390,0,False,0.0665,28,73,10,0.4,0.6,0,2.0,0.4
2011,seq-sat,barman,pfile07-025.pddl,ok,241,1596,0,False,0.0639,29,65,10,0.2,0.7,0,1.429,0.4
2011,seq-sat,barman,pfile07-026.pddl,ok,241,1596,0,False,0.0639,30,75,10,0.2,0.8,0,1.5,0.3
2011,seq-sat,barman,pfile07-027.pddl,ok,241,1596,0,False,0.0639,30,75,10,0.4,0.6,0,1.333,0.3
2011,seq-sat,barman,pfile07-028.pddl,ok,241,1596,0,False,0.0639,29,65,10,0.2,0.5,0,1.4,0.5
2011,seq-sat,barman,pfile08-029.pddl,ok,295,1958,0,False,0.0617,33,78,10,0.3,0.7,0,1.286,0.4
2011,seq-sat,barman,pfile08-030.pddl,ok,295,1958,0,False,0.0617,32,68,10,0.4,0.6,0,1.5,0.4
2011,seq-sat,barman,pfile08-031.pddl,ok,295,1958,0,False,0.0617,33,78,10,0.0,1.0,0,1.2,0.4
2011,seq-sat,barman,pfile08-032.pddl,ok,295,1958,0,False,0.0617,33,78,10,0.4,0.6,0,1.833,0.4
2011,seq-sat,barman,pfile09-033.pddl,ok,331,2194,0,False,0.0595,36,90,10,0.4,0.6,0,1.167,0.4
2011,seq-sat,barman,pfile09-034.pddl,ok,331,2194,0,False,0.0595,35,80,10,0.1,0.8,0,1.25,0.4
2011,seq-sat,barman,pfile09-035.pddl,ok,331,2194,0,False,0.0595,36,90,10,0.2,0.8,0,1.375,0.4
2011,seq-sat,barman,pfile09-036.pddl,ok,331,2194,0,False,0.0595,36,90,10,0.4,0.6,0,1.167,0.4
2011,seq-sat,barman,pfile10-037.pddl,ok,353,2344,0,False,0.0597,37,91,10,0.1,0.9,0,1.778,0.7
2011,seq-sat,barman,pfile10-038.pddl,ok,353,2344,0,False,0.0597,36,81,10,0.2,0.8,0,1.5,0.5
2011,seq-sat,barman,pfile10-039.pddl,ok,353,2344,0,False,0.0597,38,101,10,0.4,0.6,0,1.167,0.4
2011,seq-sat,barman,pfile10-040.pddl,ok,353,2344,0,False,0.0597,35,71,10,0.2,0.8,0,1.5,0.6
2011,seq-sat,elevators,p01.pddl,ok,22,2816,0,False,0.373,59,171,10,0.0,1.0,0,1.0,0.3
2011,seq-sat,elevators,p02.pddl,ok,31,8364,0,False,0.4043,105,413,10,0.0,1.0,0,1.0,1.0
2011,seq-sat,elevators,p03.pddl,ok,37,10668,0,False,0.4019,119,505,10,0.0,1.0,0,1.0,1.7
2011,seq-sat,elevators,p04.pddl,ok,34,5072,0,False,0.3631,82,234,10,0.0,1.0,0,1.0,0.6
2011,seq-sat,elevators,p05.pddl,ok,30,4320,0,False,0.3652,80,168,10,0.0,1.0,0,1.0,0.5
2011,seq-sat,elevators,p06.pddl,ok,40,11820,0,False,0.401,137,306,10,0.0,1.0,0,1.0,2.0
2011,seq-sat,elevators,p07.pddl,ok,34,9516,0,False,0.4029,113,320,10,0.0,1.0,0,1.0,1.3
2011,seq-sat,elevators,p08.pddl,ok,43,12972,0,False,0.4003,143,343,10,0.0,1.0,0,1.0,1.9
2011,seq-sat,elevators,p09.pddl,ok,46,14124,0,False,0.3997,154,373,10,0.0,1.0,0,1.0,2.1
2011,seq-sat,elevators,p10.pddl,ok,49,15276,0,False,0.3992,157,452,10,0.0,1.0,0,1.0,2.6
2011,seq-sat,elevators,p11.pddl,ok,56,26696,0,False,0.4076,190,672,10,0.0,1.0,0,1.0,4.2
2011,seq-sat,elevators,p12.pddl,ok,59,28664,0,False,0.4072,199,507,10,0.0,1.0,0,1.0,5.5
2011,seq-sat,elevators,p13.pddl,ok,62,30632,0,False,0.4069,213,627,10,0.0,1.0,0,1.0,5.5
2011,seq-sat,elevators,p14.pddl,ok,65,32600,0,False,0.4066,205,603,10,0.0,1.0,0,1.0,7.2
2011,seq-sat,elevators,p15.pddl,ok,68,34568,0,False,0.4064,220,397,10,0.0,1.0,0,1.0,7.3
2011,seq-sat,elevators,p16.pddl,ok,56,32088,0,False,0.4049,200,843,10,0.0,1.0,0,1.0,7.3
2011,seq-sat,elevators,p17.pddl,ok,61,36008,0,False,0.4041,222,875,10,0.0,1.0,0,1.0,8.3
2011,seq-sat,elevators,p18.pddl,ok,66,39928,0,False,0.4035,241,753,10,0.0,1.0,0,1.0,11.3
2011,seq-sat,elevators,p19.pddl,ok,71,43848,0,False,0.403,262,1104,10,0.0,1.0,0,1.0,11.5
2011,seq-sat,elevators,p20.pddl,ok,76,47768,0,False,0.4026,266,840,10,0.0,1.0,0,1.0,12.4
2011,seq-sat,floortile,seq-p01-001.pddl,ok,19,188,0,False,0.0074,21,45,10,1.0,0.0,0,,0.0
2011,seq-sat,floortile,seq-p01-002.pddl,ok,19,188,0,False,0.0074,22,46,10,1.0,0.0,0,,0.0
2011,seq-sat,floortile,seq-p02-003.pddl,ok,22,232,0,False,0.006,28,55,10,1.0,0.0,0,,0.0
2011,seq-sat,floortile,seq-p02-004.pddl,ok,22,232,0,False,0.006,35,72,10,1.0,0.0,0,,0.0
2011,seq-sat,floortile,seq-p03-005.pddl,ok,24,256,0,False,0.0053,28,50,10,1.0,0.0,0,,0.0
2011,seq-sat,floortile,seq-p03-006.pddl,ok,24,256,0,False,0.0053,28,54,10,0.9,0.1,0,1.0,0.0
2011,seq-sat,floortile,seq-p04-007.pddl,ok,28,316,0,False,0.0043,37,71,10,0.8,0.2,0,1.0,0.0
2011,seq-sat,floortile,seq-p04-008.pddl,ok,28,316,0,False,0.0043,37,69,10,1.0,0.0,0,,0.0
2011,seq-sat,floortile,seq-p05-009.pddl,ok,32,376,0,False,0.0036,43,79,10,1.0,0.0,0,,0.0
2011,seq-sat,floortile,seq-p05-010.pddl,ok,32,376,0,False,0.0036,46,86,10,0.9,0.1,0,1.0,0.0
2011,seq-sat,floortile,seq-p06-011.pddl,ok,34,400,0,False,0.0034,44,79,10,1.0,0.0,0,,0.0
2011,seq-sat,floortile,seq-p06-012.pddl,ok,34,400,0,False,0.0034,49,94,10,0.9,0.1,0,1.0,0.0
2011,seq-sat,floortile,seq-p07-013.pddl,ok,41,714,0,False,0.0028,53,103,10,1.0,0.0,0,,0.1
2011,seq-sat,floortile,seq-p07-014.pddl,ok,41,714,0,False,0.0028,52,106,10,0.9,0.1,0,1.0,0.0
2011,seq-sat,floortile,seq-p08-015.pddl,ok,48,864,0,False,0.0023,77,135,10,1.0,0.0,0,,0.1
2011,seq-sat,floortile,seq-p08-016.pddl,ok,48,864,0,False,0.0023,62,120,10,1.0,0.0,0,,0.1
2011,seq-sat,floortile,seq-p09-017.pddl,ok,54,1002,0,False,0.002,74,136,10,1.0,0.0,0,,0.1
2011,seq-sat,floortile,seq-p09-018.pddl,ok,54,1002,0,False,0.002,72,134,10,1.0,0.0,0,,0.1
2011,seq-sat,floortile,seq-p10-019.pddl,ok,62,1176,0,False,0.0017,93,174,10,0.9,0.1,0,1.0,0.2
2011,seq-sat,floortile,seq-p10-020.pddl,ok,62,1176,0,False,0.0017,90,161,10,1.0,0.0,0,,0.1
2011,seq-sat,nomystery,p01.pddl,ok,8,1294,0,False,0.5143,16,16,10,1.0,0.0,0,,0.0
2011,seq-sat,nomystery,p02.pddl,ok,9,1732,0,False,0.5146,18,18,10,1.0,0.0,0,,0.1
2011,seq-sat,nomystery,p03.pddl,ok,10,3894,0,False,0.5084,23,23,10,1.0,0.0,0,,0.1
2011,seq-sat,nomystery,p04.pddl,ok,11,5848,0,False,0.507,26,26,10,0.7,0.3,0,2.0,0.3
2011,seq-sat,nomystery,p05.pddl,ok,12,6572,0,False,0.5077,29,29,10,0.8,0.2,0,1.5,0.4
2011,seq-sat,nomystery,p06.pddl,ok,13,7082,0,False,0.5087,31,31,10,0.9,0.1,0,1.0,0.3
2011,seq-sat,nomystery,p07.pddl,ok,14,8914,0,False,0.5082,34,34,10,0.9,0.1,0,1.0,0.4
2011,seq-sat,nomystery,p08.pddl,ok,15,6698,0,False,0.5129,36,36,10,0.9,0.1,0,1.0,0.3
2011,seq-sat,nomystery,p09.pddl,ok,16,12794,0,False,0.5078,41,41,10,0.9,0.1,0,1.0,0.6
2011,seq-sat,nomystery,p10.pddl,ok,17,10532,0,False,0.5109,42,42,10,0.9,0.1,0,2.0,0.6
2011,seq-sat,nomystery,p11.pddl,ok,8,880,0,False,0.5213,16,16,10,1.0,0.0,0,,0.0
2011,seq-sat,nomystery,p12.pddl,ok,9,1192,0,False,0.5214,18,18,10,0.8,0.2,0,1.0,0.0
2011,seq-sat,nomystery,p13.pddl,ok,10,2742,0,False,0.5119,23,23,10,1.0,0.0,0,,0.1
2011,seq-sat,nomystery,p14.pddl,ok,11,4184,0,False,0.5099,26,26,10,1.0,0.0,0,,0.1
2011,seq-sat,nomystery,p15.pddl,ok,12,4772,0,False,0.5107,29,29,10,0.9,0.1,0,2.0,0.2
2011,seq-sat,nomystery,p16.pddl,ok,13,5162,0,False,0.512,31,31,10,1.0,0.0,0,,0.2
2011,seq-sat,nomystery,p17.pddl,ok,14,6466,0,False,0.5114,34,34,10,0.9,0.1,0,1.0,0.3
2011,seq-sat,nomystery,p18.pddl,ok,15,4874,0,False,0.518,36,36,10,0.7,0.3,0,1.0,0.2
2011,seq-sat,nomystery,p19.pddl,ok,16,9350,0,False,0.5107,41,41,10,0.8,0.2,0,1.0,0.4
2011,seq-sat,nomystery,p20.pddl,ok,17,7716,0,False,0.515,42,42,10,0.9,0.1,0,1.0,0.4
2011,seq-sat,openstacks,p01.pddl,ok,101,5100,0,False,0.2475,151,1,10,0.0,1.0,0,0.3,0.5
2011,seq-sat,openstacks,p02.pddl,ok,121,7320,0,False,0.2479,181,1,10,0.0,1.0,0,0.2,0.6
2011,seq-sat,openstacks,p03.pddl,ok,121,7320,0,False,0.2479,181,1,10,0.0,1.0,0,0.1,0.6
2011,seq-sat,openstacks,p04.pddl,ok,161,12960,0,False,0.2484,241,1,10,0.0,1.0,0,0.2,1.3
2011,seq-sat,openstacks,p05.pddl,ok,161,12960,0,False,0.2484,241,1,10,0.0,1.0,0,0.4,1.7
2011,seq-sat,openstacks,p06.pddl,ok,161,12960,0,False,0.2484,241,1,10,0.0,1.0,0,0.4,1.3
2011,seq-sat,openstacks,p07.pddl,ok,101,5100,0,False,0.2475,151,1,10,0.0,1.0,0,0.1,0.4
2011,seq-sat,openstacks,p08.pddl,ok,201,20200,0,False,0.2488,301,1,10,0.0,1.0,0,0.4,2.9
2011,seq-sat,openstacks,p09.pddl,ok,201,20200,0,False,0.2488,301,1,10,0.0,1.0,0,0.2,2.6
2011,seq-sat,openstacks,p10.pddl,ok,201,20200,0,False,0.2488,301,1,10,0.0,1.0,0,0.3,3.6
2011,seq-sat,openstacks,p11.pddl,ok,261,34060,0,False,0.249,391,1,10,0.0,1.0,0,0.1,5.0
2011,seq-sat,openstacks,p12.pddl,ok,261,34060,0,False,0.249,391,1,10,0.3,0.7,0,0.286,9.0
2011,seq-sat,openstacks,p13.pddl,ok,321,51520,0,False,0.2492,481,1,10,0.0,0.9,1,0.222,10.5
2011,seq-sat,openstacks,p14.pddl,ok,321,51520,0,False,0.2492,481,1,10,0.3,0.6,1,0.333,16.5
2011,seq-sat,openstacks,p15.pddl,ok,381,72580,0,False,0.2493,571,1,10,0.0,1.0,0,0.4,16.1
2011,seq-sat,openstacks,p16.pddl,ok,381,72580,0,False,0.2493,571,1,10,0.4,0.5,1,0.8,26.3
2011,seq-sat,openstacks,p17.pddl,ok,441,97240,0,False,0.2494,661,1,10,0.0,1.0,0,0.1,27.4
2011,seq-sat,openstacks,p18.pddl,ok,441,97240,0,False,0.2494,661,1,10,0.2,0.7,1,0.857,47.1
2011,seq-sat,openstacks,p19.pddl,ok,501,125500,0,False,0.2495,751,1,10,0.0,1.0,0,0.2,40.8
2011,seq-sat,openstacks,p20.pddl,ok,501,125500,0,False,0.2495,751,1,10,0.5,0.5,0,0.4,68.1
2011,seq-sat,parcprinter,p01.pddl,ok,77,365,0,False,0.0,68,2738371,10,1.0,0.0,0,,0.0
2011,seq-sat,parcprinter,p02.pddl,ok,86,369,0,False,0.0,75,3457503,10,1.0,0.0,0,,0.0
2011,seq-sat,parcprinter,p03.pddl,ok,104,461,0,False,0.0,92,4568686,10,1.0,0.0,0,,0.0
2011,seq-sat,parcprinter,p04.pddl,ok,106,1051,0,False,0.0752,86,2297937,10,1.0,0.0,0,,0.1
2011,seq-sat,parcprinter,p05.pddl,ok,62,235,0,False,0.1043,55,2701788,10,1.0,0.0,0,,0.0
2011,seq-sat,parcprinter,p06.pddl,ok,71,316,0,False,0.0902,64,3152086,10,0.9,0.1,0,1.0,0.0
2011,seq-sat,parcprinter,p07.pddl,ok,95,433,0,False,0.0,84,3958581,10,1.0,0.0,0,,0.0
2011,seq-sat,parcprinter,p08.pddl,ok,80,345,0,False,0.095,73,3602384,10,1.0,0.0,0,,0.0
2011,seq-sat,parcprinter,p09.pddl,ok,91,442,0,False,0.083,84,4478262,10,1.0,0.0,0,,0.0
2011,seq-sat,parcprinter,p10.pddl,ok,99,571,0,False,0.0711,92,4715770,10,0.9,0.1,0,1.0,0.0
2011,seq-sat,parcprinter,p11.pddl,ok,79,449,0,False,0.0,72,3210423,10,1.0,0.0,0,,0.0
2011,seq-sat,parcprinter,p12.pddl,ok,122,697,0,False,0.0,112,5352788,10,0.9,0.1,0,1.0,0.1
2011,seq-sat,parcprinter,p13.pddl,ok,149,1141,0,False,0.0,142,6528941,10,1.0,0.0,0,,0.1
2011,seq-sat,parcprinter,p14.pddl,ok,124,1453,0,False,0.0654,102,2630713,10,1.0,0.0,0,,0.1
2011,seq-sat,parcprinter,p15.pddl,ok,108,1211,0,False,0.0651,88,2545435,10,1.0,0.0,0,,0.1
2011,seq-sat,parcprinter,p16.pddl,ok,126,1645,0,False,0.0577,104,2878211,10,1.0,0.0,0,,0.1
2011,seq-sat,parcprinter,p17.pddl,ok,73,372,0,False,0.076,66,3577666,10,0.9,0.1,0,1.0,0.0
2011,seq-sat,parcprinter,p18.pddl,ok,83,393,0,False,0.0828,76,4240754,10,0.9,0.1,0,1.0,0.0
2011,seq-sat,parcprinter,p19.pddl,ok,94,496,0,False,0.0736,87,5116632,10,0.9,0.1,0,1.0,0.0
2011,seq-sat,parcprinter,p20.pddl,ok,117,781,0,False,0.0623,110,5616366,10,1.0,0.0,0,,0.1
2011,seq-sat,parking,pfile08-031.pddl,ok,78,23958,0,False,0.0,42,42,10,1.0,0.0,0,,5.3
2011,seq-sat,parking,pfile08-032.pddl,ok,78,23958,0,False,0.0,39,39,10,0.9,0.1,0,1.0,6.1
2011,seq-sat,parking,pfile09-033.pddl,ok,85,31104,0,False,0.0,48,48,10,0.8,0.2,0,1.0,8.4
2011,seq-sat,parking,pfile09-034.pddl,ok,85,31104,0,False,0.0,48,48,10,1.0,0.0,0,,7.4
2011,seq-sat,parking,pfile09-035.pddl,ok,85,31104,0,False,0.0,51,51,10,0.9,0.1,0,1.0,7.7
2011,seq-sat,parking,pfile09-036.pddl,ok,85,31104,0,False,0.0,49,49,10,1.0,0.0,0,,7.9
2011,seq-sat,parking,pfile10-037.pddl,ok,92,39546,0,False,0.0,49,49,10,1.0,0.0,0,,11.2
2011,seq-sat,parking,pfile10-038.pddl,ok,92,39546,0,False,0.0,50,50,10,1.0,0.0,0,,10.9
2011,seq-sat,parking,pfile10-039.pddl,ok,92,39546,0,False,0.0,49,49,10,1.0,0.0,0,,10.7
2011,seq-sat,parking,pfile10-040.pddl,ok,92,39546,0,False,0.0,48,48,10,1.0,0.0,0,,11.2
2011,seq-sat,parking,pfile11-041.pddl,ok,99,49392,0,False,0.0,62,62,10,1.0,0.0,0,,15.8
2011,seq-sat,parking,pfile11-042.pddl,ok,99,49392,0,False,0.0,54,54,10,1.0,0.0,0,,15.7
2011,seq-sat,parking,pfile11-043.pddl,ok,99,49392,0,False,0.0,59,59,10,0.9,0.1,0,1.0,15.7
2011,seq-sat,parking,pfile11-044.pddl,ok,99,49392,0,False,0.0,53,53,10,0.8,0.2,0,1.0,17.2
2011,seq-sat,parking,pfile12-045.pddl,ok,106,60750,0,False,0.0,67,67,10,1.0,0.0,0,,22.4
2011,seq-sat,parking,pfile12-046.pddl,ok,106,60750,0,False,0.0,66,66,10,1.0,0.0,0,,22.3
2011,seq-sat,parking,pfile12-047.pddl,ok,106,60750,0,False,0.0,69,69,10,1.0,0.0,0,,20.7
2011,seq-sat,parking,pfile12-048.pddl,ok,106,60750,0,False,0.0,59,59,10,1.0,0.0,0,,20.9
2011,seq-sat,parking,pfile13-049.pddl,ok,113,73728,0,False,0.0,67,67,10,1.0,0.0,0,,29.3
2011,seq-sat,parking,pfile13-050.pddl,ok,113,73728,0,False,0.0,70,70,10,0.9,0.1,0,1.0,29.7
2011,seq-sat,pegsol,p01.pddl,ok,34,185,0,False,0.1186,14,14,10,0.8,0.2,0,1.0,0.0
2011,seq-sat,pegsol,p02.pddl,ok,34,185,0,False,0.1186,12,12,10,0.7,0.3,0,1.0,0.0
2011,seq-sat,pegsol,p03.pddl,ok,34,185,0,False,0.1186,12,12,10,0.8,0.2,0,1.0,0.0
2011,seq-sat,pegsol,p04.pddl,ok,34,185,0,False,0.1186,12,12,10,0.8,0.2,0,1.0,0.0
2011,seq-sat,pegsol,p05.pddl,ok,34,185,0,False,0.1186,13,13,10,1.0,0.0,0,,0.0
2011,seq-sat,pegsol,p06.pddl,ok,34,185,0,False,0.1186,11,11,10,0.8,0.2,0,1.0,0.0
2011,seq-sat,pegsol,p07.pddl,ok,34,185,0,False,0.1186,12,12,10,0.8,0.2,0,2.5,0.0
2011,seq-sat,pegsol,p08.pddl,ok,34,185,0,False,0.1186,15,15,10,0.6,0.4,0,1.0,0.0
2011,seq-sat,pegsol,p09.pddl,ok,34,185,0,False,0.1186,12,12,10,0.8,0.2,0,1.0,0.0
2011,seq-sat,pegsol,p10.pddl,ok,34,185,0,False,0.1186,14,14,10,0.7,0.3,0,1.333,0.0
2011,seq-sat,pegsol,p11.pddl,ok,34,185,0,False,0.1186,11,11,10,0.8,0.2,0,1.5,0.0
2011,seq-sat,pegsol,p12.pddl,ok,34,185,0,False,0.1186,12,12,10,0.6,0.4,0,1.25,0.0
2011,seq-sat,pegsol,p13.pddl,ok,34,185,0,False,0.1186,8,8,10,0.7,0.3,0,1.667,0.0
2011,seq-sat,pegsol,p14.pddl,ok,34,185,0,False,0.1186,15,15,10,0.6,0.2,0,1.0,0.0
2011,seq-sat,pegsol,p15.pddl,ok,34,185,0,False,0.1186,12,12,10,0.8,0.2,0,2.0,0.0
2011,seq-sat,pegsol,p16.pddl,ok,34,185,0,False,0.1186,12,12,10,0.8,0.2,0,1.5,0.0
2011,seq-sat,pegsol,p17.pddl,ok,34,185,0,False,0.1186,15,15,10,0.6,0.4,0,1.25,0.0
2011,seq-sat,pegsol,p18.pddl,ok,34,185,0,False,0.1186,12,12,10,0.5,0.4,0,1.0,0.0
2011,seq-sat,pegsol,p19.pddl,ok,34,185,0,False,0.1186,22,22,10,0.8,0.2,0,1.0,0.0
2011,seq-sat,pegsol,p20.pddl,ok,34,185,0,False,0.1186,24,24,10,0.8,0.2,0,1.0,0.0
2011,seq-sat,scanalyzer,p01.pddl,ok,16,32736,0,False,0.0,16,48,10,0.0,1.0,0,1.1,7.0
2011,seq-sat,scanalyzer,p02.pddl,ok,24,9504,0,False,0.0,17,51,10,0.0,1.0,0,1.0,0.7
2011,seq-sat,scanalyzer,p03.pddl,ok,16,952,0,False,0.0,17,39,10,0.0,1.0,0,1.0,0.1
2011,seq-sat,scanalyzer,p04.pddl,ok,20,2340,0,False,0.0,22,50,10,0.0,1.0,0,1.2,0.3
2011,seq-sat,scanalyzer,p05.pddl,ok,28,17836,0,False,0.0,20,60,10,0.0,1.0,0,1.0,1.3
2011,seq-sat,scanalyzer,p06.pddl,ok,16,24544,0,False,0.0,16,42,10,0.0,1.0,0,1.0,4.7
2011,seq-sat,scanalyzer,p07.pddl,ok,32,30720,0,False,0.0,23,69,10,0.0,1.0,0,1.0,2.3
2011,seq-sat,scanalyzer,p08.pddl,ok,16,20448,0,False,0.0,24,62,10,0.0,1.0,0,1.0,3.5
2011,seq-sat,scanalyzer,p09.pddl,ok,24,4884,0,False,0.0,27,61,10,0.0,1.0,0,1.0,0.4
2011,seq-sat,scanalyzer,p10.pddl,ok,28,10192,0,False,0.0,20,48,10,0.0,1.0,0,1.0,0.7
2011,seq-sat,scanalyzer,p11.pddl,ok,28,9100,0,False,0.0,32,72,10,0.0,1.0,0,1.0,0.7
2011,seq-sat,scanalyzer,p12.pddl,ok,24,5544,0,False,0.0,17,41,10,0.0,1.0,0,1.0,0.3
2011,seq-sat,scanalyzer,p13.pddl,ok,20,2700,0,False,0.0,14,34,10,0.0,1.0,0,1.0,0.1
2011,seq-sat,scanalyzer,p14.pddl,ok,32,17280,0,False,0.0,23,55,10,0.0,1.0,0,1.0,1.2
2011,seq-sat,scanalyzer,p15.pddl,ok,32,15600,0,False,0.0,37,83,10,0.0,1.0,0,1.0,1.5
2011,seq-sat,scanalyzer,p16.pddl,ok,36,27540,0,False,0.0,26,62,10,0.0,1.0,0,1.0,1.7
2011,seq-sat,scanalyzer,p17.pddl,ok,36,25092,0,False,0.0,42,94,10,0.0,1.0,0,1.0,2.2
2011,seq-sat,scanalyzer,p18.pddl,"parcial (0/10, tempo)",24,373140,0,False,0.0,25,75,0,,,0,,127.4
2011,seq-sat,scanalyzer,p19.pddl,ok,24,248724,0,False,0.0,25,63,10,0.0,0.9,1,1.0,87.8
2011,seq-sat,scanalyzer,p20.pddl,ok,24,207252,0,False,0.0,41,103,10,0.0,0.8,2,1.0,68.6
2011,seq-sat,sokoban,p01.pddl,ok,52,442,0,False,0.0,35,17,10,0.9,0.1,0,3.0,0.1
2011,seq-sat,sokoban,p02.pddl,ok,49,272,0,False,0.0,32,18,10,0.3,0.6,0,1.0,0.0
2011,seq-sat,sokoban,p03.pddl,ok,50,528,0,False,0.0,31,15,10,1.0,0.0,0,,0.1
2011,seq-sat,sokoban,p04.pddl,ok,45,416,0,False,0.0,39,26,10,0.7,0.3,0,1.667,0.1
2011,seq-sat,sokoban,p05.pddl,ok,45,362,0,False,0.0,33,14,10,0.8,0.2,0,1.0,0.1
2011,seq-sat,sokoban,p06.pddl,ok,47,378,0,False,0.0,42,34,10,0.2,0.8,0,2.375,0.1
2011,seq-sat,sokoban,p07.pddl,ok,35,312,0,False,0.0,25,17,10,0.7,0.3,0,1.0,0.0
2011,seq-sat,sokoban,p08.pddl,ok,50,436,0,False,0.0,46,27,10,0.9,0.1,0,1.0,0.1
2011,seq-sat,sokoban,p09.pddl,ok,220,464,0,False,0.0,5,3,10,0.0,0.7,0,1.143,0.0
2011,seq-sat,sokoban,p10.pddl,ok,53,418,0,False,0.0,47,33,10,0.5,0.5,0,1.4,0.1
2011,seq-sat,sokoban,p11.pddl,ok,63,594,0,False,0.0,101,80,10,1.0,0.0,0,,0.1
2011,seq-sat,sokoban,p12.pddl,ok,52,390,0,False,0.0,42,21,10,0.4,0.6,0,1.0,0.1
2011,seq-sat,sokoban,p13.pddl,ok,74,968,0,False,0.0,26,8,10,0.3,0.5,0,1.0,0.2
2011,seq-sat,sokoban,p14.pddl,ok,52,406,0,False,0.0,36,24,10,0.6,0.4,0,1.0,0.1
2011,seq-sat,sokoban,p15.pddl,ok,58,418,0,False,0.0,83,56,10,0.4,0.5,0,1.2,0.1
2011,seq-sat,sokoban,p16.pddl,ok,73,1496,0,False,0.0,32,17,10,0.8,0.2,0,1.5,0.2
2011,seq-sat,sokoban,p17.pddl,ok,59,560,0,False,0.0,68,34,10,0.6,0.4,0,3.0,0.1
2011,seq-sat,sokoban,p18.pddl,ok,53,400,0,False,0.0,43,25,10,0.6,0.4,0,4.0,0.1
2011,seq-sat,sokoban,p19.pddl,ok,44,382,0,False,0.0,39,30,10,1.0,0.0,0,,0.0
2011,seq-sat,sokoban,p20.pddl,ok,70,1640,0,False,0.0,16,12,10,0.6,0.3,0,1.0,0.2
2011,seq-sat,tidybot,p01.pddl,ok,381,30393,0,False,0.0231,45,45,10,0.0,1.0,0,1.5,13.3
2011,seq-sat,tidybot,p02.pddl,ok,385,30657,0,False,0.0235,35,35,10,0.0,0.7,0,1.286,14.3
2011,seq-sat,tidybot,p03.pddl,ok,373,29842,0,False,0.0222,22,22,10,0.0,0.8,0,1.625,11.9
2011,seq-sat,tidybot,p04.pddl,ok,373,29889,0,False,0.0222,24,24,10,0.0,0.9,0,1.889,13.6
2011,seq-sat,tidybot,p05.pddl,ok,373,29864,0,False,0.0222,25,25,10,0.0,0.9,0,1.556,12.0
2011,seq-sat,tidybot,p06.pddl,ok,385,30681,0,False,0.0235,29,29,10,0.0,0.8,0,1.0,13.1
2011,seq-sat,tidybot,p07.pddl,ok,373,29843,0,False,0.0222,29,29,10,0.0,0.8,0,1.125,12.2
2011,seq-sat,tidybot,p08.pddl,ok,373,29889,0,False,0.0222,23,23,10,0.0,0.7,0,1.286,12.8
2011,seq-sat,tidybot,p09.pddl,ok,473,45090,0,False,0.0195,26,26,10,0.0,0.6,1,1.833,23.3
2011,seq-sat,tidybot,p10.pddl,ok,473,45042,0,False,0.0195,34,34,10,0.0,0.6,0,2.167,24.9
2011,seq-sat,tidybot,p11.pddl,ok,449,43386,0,False,0.0178,33,33,10,0.0,0.9,0,1.556,22.8
2011,seq-sat,tidybot,p12.pddl,ok,445,43098,0,False,0.0175,24,24,10,0.0,0.9,0,1.778,20.4
2011,seq-sat,tidybot,p13.pddl,ok,461,44248,0,False,0.0186,31,31,10,0.0,0.8,0,1.75,23.9
2011,seq-sat,tidybot,p14.pddl,ok,469,44826,0,False,0.0192,30,30,10,0.0,0.4,0,1.0,22.5
2011,seq-sat,tidybot,p15.pddl,ok,461,44250,0,False,0.0186,29,29,10,0.0,0.6,1,1.5,23.4
2011,seq-sat,tidybot,p16.pddl,ok,449,43432,0,False,0.0178,35,35,10,0.0,0.8,0,1.0,19.7
2011,seq-sat,tidybot,p17.pddl,ok,557,63131,0,False,0.0158,37,37,10,0.0,0.7,0,1.286,35.8
2011,seq-sat,tidybot,p18.pddl,ok,549,62529,0,False,0.0154,38,38,10,0.0,0.7,0,1.857,37.7
2011,seq-sat,tidybot,p19.pddl,ok,817,115978,0,False,0.0319,62,62,10,0.0,0.6,0,1.167,70.1
2011,seq-sat,tidybot,p20.pddl,ok,725,100798,0,False,0.0227,66,66,10,0.0,0.8,0,1.25,61.7
2011,seq-sat,transport,p01.pddl,ok,24,21136,0,False,0.3849,59,500,10,0.0,1.0,0,1.0,3.7
2011,seq-sat,transport,p02.pddl,ok,26,26600,0,False,0.3831,86,725,10,0.0,1.0,0,1.0,5.3
2011,seq-sat,transport,p03.pddl,ok,26,32040,0,False,0.3843,103,1772,10,0.0,1.0,0,1.2,7.8
2011,seq-sat,transport,p04.pddl,ok,20,14496,0,False,0.3898,48,744,10,0.0,0.5,1,1.0,5.5
2011,seq-sat,transport,p05.pddl,ok,22,19424,0,False,0.3849,59,797,10,0.0,1.0,0,1.1,2.8
2011,seq-sat,transport,p06.pddl,ok,24,25344,0,False,0.3846,71,1015,10,0.0,0.9,0,1.111,6.2
2011,seq-sat,transport,p07.pddl,ok,26,31984,0,False,0.3837,87,1219,10,0.0,0.8,0,1.125,7.5
2011,seq-sat,transport,p08.pddl,ok,28,32840,0,False,0.3831,97,844,10,0.0,1.0,0,1.0,7.1
2011,seq-sat,transport,p09.pddl,ok,28,39424,0,False,0.3832,87,1105,10,0.0,0.9,0,1.0,9.3
2011,seq-sat,transport,p10.pddl,ok,28,39304,0,False,0.3823,116,1766,10,0.0,1.0,0,1.0,9.6
2011,seq-sat,transport,p11.pddl,ok,30,35936,0,False,0.3815,91,735,10,0.0,1.0,0,1.0,8.2
2011,seq-sat,transport,p12.pddl,ok,28,34728,0,False,0.3824,97,813,10,0.0,1.0,0,1.0,7.6
2011,seq-sat,transport,p13.pddl,ok,30,38120,0,False,0.3817,118,987,10,0.0,1.0,0,1.0,10.0
2011,seq-sat,transport,p14.pddl,ok,30,86312,0,False,0.3817,117,1158,10,0.0,0.9,0,1.0,35.5
2011,seq-sat,transport,p15.pddl,ok,28,81272,0,False,0.3824,118,1226,10,0.0,0.9,0,1.0,31.1
2011,seq-sat,transport,p16.pddl,ok,30,89208,0,False,0.3818,120,1185,10,0.0,0.9,0,1.0,38.3
2011,seq-sat,transport,p17.pddl,ok,30,129496,0,False,0.3818,189,2499,10,0.0,1.0,0,1.0,75.8
2011,seq-sat,transport,p18.pddl,ok,28,123848,0,False,0.3824,155,1851,10,0.0,1.0,0,1.0,66.2
2011,seq-sat,transport,p19.pddl,ok,30,135944,0,False,0.3817,184,2056,10,0.0,1.0,0,1.0,80.7
2011,seq-sat,transport,p20.pddl,ok,30,142528,0,False,0.382,177,2209,10,0.0,1.0,0,1.0,85.5
2011,seq-sat,visitall,problem12.pddl,ok,144,528,0,False,0.5019,143,143,10,0.0,1.0,0,1.4,0.6
2011,seq-sat,visitall,problem14.pddl,ok,196,728,0,False,0.5014,195,195,10,0.0,0.9,1,1.111,1.0
2011,seq-sat,visitall,problem16.pddl,ok,256,960,0,False,0.501,255,255,10,0.0,1.0,0,1.3,0.6
2011,seq-sat,visitall,problem18.pddl,ok,324,1224,0,False,0.5008,323,323,10,0.0,1.0,0,1.0,0.3
2011,seq-sat,visitall,problem20.pddl,ok,400,1520,0,False,0.5007,399,399,10,0.0,1.0,0,1.4,0.9
2011,seq-sat,visitall,problem22.pddl,ok,484,1848,0,False,0.5005,483,483,10,0.0,0.9,0,1.0,0.4
2011,seq-sat,visitall,problem24.pddl,ok,576,2208,0,False,0.5005,575,575,10,0.0,1.0,0,1.0,0.5
2011,seq-sat,visitall,problem26.pddl,ok,676,2600,0,False,0.5004,675,675,10,0.0,1.0,0,1.2,0.9
2011,seq-sat,visitall,problem28.pddl,ok,784,3024,0,False,0.5003,783,783,10,0.0,0.9,1,1.111,2.9
2011,seq-sat,visitall,problem30.pddl,ok,900,3480,0,False,0.5003,899,899,10,0.0,0.9,1,1.444,3.6
2011,seq-sat,visitall,problem32.pddl,ok,1024,3968,0,False,0.5003,1023,1023,10,0.0,0.9,1,1.0,3.2
2011,seq-sat,visitall,problem34.pddl,ok,1156,4488,0,False,0.5002,1155,1155,10,0.0,1.0,0,1.0,1.8
2011,seq-sat,visitall,problem36.pddl,ok,1296,5040,0,False,0.5002,1295,1295,10,0.0,0.9,1,1.0,4.1
2011,seq-sat,visitall,problem38.pddl,ok,1444,5624,0,False,0.5002,1443,1443,10,0.0,1.0,0,1.0,2.6
2011,seq-sat,visitall,problem40.pddl,ok,1600,6240,0,False,0.5002,1599,1599,10,0.0,0.9,1,1.0,4.9
2011,seq-sat,visitall,problem42.pddl,ok,1764,6888,0,False,0.5001,1763,1763,10,0.0,0.9,1,1.0,5.1
2011,seq-sat,visitall,problem44.pddl,ok,1936,7568,0,False,0.5001,1935,1935,10,0.0,0.8,2,1.0,7.2
2011,seq-sat,visitall,problem46.pddl,ok,2116,8280,0,False,0.5001,2115,2115,10,0.0,0.9,1,1.0,6.4
2011,seq-sat,visitall,problem48.pddl,ok,2304,9024,0,False,0.5001,2303,2303,10,0.0,0.8,2,1.0,8.2
2011,seq-sat,visitall,problem50.pddl,ok,2500,9800,0,False,0.5001,2499,2499,10,0.0,0.6,4,1.167,12.9
2011,seq-sat,woodworking,p01.pddl,ok,270,5035,0,False,0.1085,75,1865,10,1.0,0.0,0,,0.7
2011,seq-sat,woodworking,p02.pddl,ok,292,5664,0,False,0.092,93,2355,10,1.0,0.0,0,,0.8
2011,seq-sat,woodworking,p03.pddl,ok,333,5972,0,False,0.1913,79,1685,10,1.0,0.0,0,,0.7
2011,seq-sat,woodworking,p04.pddl,ok,367,7607,0,False,0.1232,97,2445,10,1.0,0.0,0,,1.1
2011,seq-sat,woodworking,p05.pddl,ok,391,8166,0,False,0.1386,110,2735,10,1.0,0.0,0,,1.1
2011,seq-sat,woodworking,p06.pddl,ok,393,8046,0,False,0.1326,106,2415,10,1.0,0.0,0,,1.1
2011,seq-sat,woodworking,p07.pddl,ok,308,5696,0,False,0.1753,90,2070,10,1.0,0.0,0,,0.8
2011,seq-sat,woodworking,p08.pddl,ok,322,5704,0,False,0.2118,98,2330,10,1.0,0.0,0,,0.7
2011,seq-sat,woodworking,p09.pddl,ok,301,5456,0,False,0.1816,68,1565,10,1.0,0.0,0,,0.6
2011,seq-sat,woodworking,p10.pddl,ok,15,153,0,False,0.4783,5,60,10,0.0,1.0,0,1.0,0.0
2011,seq-sat,woodworking,p11.pddl,ok,405,7963,0,False,0.1713,117,2800,10,1.0,0.0,0,,1.3
2011,seq-sat,woodworking,p12.pddl,ok,437,9723,0,False,0.1189,119,2935,10,1.0,0.0,0,,1.4
2011,seq-sat,woodworking,p13.pddl,ok,413,8428,0,False,0.1376,125,3000,10,1.0,0.0,0,,1.3
2011,seq-sat,woodworking,p14.pddl,ok,428,8142,0,False,0.1839,100,2245,10,1.0,0.0,0,,1.0
2011,seq-sat,woodworking,p15.pddl,ok,498,10773,0,False,0.129,137,3285,10,1.0,0.0,0,,2.0
2011,seq-sat,woodworking,p16.pddl,ok,484,10395,0,False,0.1421,123,2830,10,1.0,0.0,0,,1.8
2011,seq-sat,woodworking,p17.pddl,ok,249,12554,0,False,0.1367,52,1230,10,0.9,0.1,0,1.0,1.4
2011,seq-sat,woodworking,p18.pddl,ok,234,10936,0,False,0.1661,70,1635,10,1.0,0.0,0,,1.2
2011,seq-sat,woodworking,p19.pddl,ok,280,14211,0,False,0.1324,87,2125,10,1.0,0.0,0,,2.0
2011,seq-sat,woodworking,p20.pddl,ok,316,17556,0,False,0.1258,83,2105,10,1.0,0.0,0,,2.1
2014,seq-agl,barman,p1-11-4-15.pddl,ok,353,2344,0,False,0.0597,37,37,10,0.2,0.7,0,1.0,0.4
2014,seq-agl,barman,p1-11-5-15.pddl,ok,384,2644,0,False,0.0646,40,40,10,0.3,0.7,0,1.143,0.5
2014,seq-agl,barman,p1-11-5-16.pddl,ok,408,2814,0,False,0.0647,38,38,10,0.4,0.6,0,1.167,0.7
2014,seq-agl,barman,p2-10-4-13.pddl,ok,295,1958,0,False,0.0617,33,33,10,0.5,0.5,0,1.4,0.4
2014,seq-agl,barman,p2-11-4-15.pddl,ok,353,2344,0,False,0.0597,36,36,10,0.5,0.5,0,1.6,0.5
2014,seq-agl,barman,p2-11-5-15.pddl,ok,384,2644,0,False,0.0646,37,37,10,0.3,0.7,0,1.429,0.5
2014,seq-agl,barman,p2-11-5-16.pddl,ok,408,2814,0,False,0.0647,39,39,10,0.4,0.6,0,1.667,0.7
2014,seq-agl,barman,p2-11-5-17.pddl,ok,432,2984,0,False,0.0649,42,42,10,0.6,0.4,0,1.25,0.6
2014,seq-agl,barman,p3-10-4-13.pddl,ok,295,1958,0,False,0.0617,33,33,10,0.3,0.7,0,1.143,0.3
2014,seq-agl,barman,p3-11-4-15.pddl,ok,353,2344,0,False,0.0597,36,36,10,0.4,0.6,0,1.333,0.5
2014,seq-agl,barman,p3-11-5-15.pddl,ok,384,2644,0,False,0.0646,40,40,10,0.0,0.9,0,1.222,0.6
2014,seq-agl,barman,p3-11-5-16.pddl,ok,408,2814,0,False,0.0647,38,38,10,0.4,0.6,0,1.333,0.6
2014,seq-agl,barman,p3-11-5-17.pddl,ok,432,2984,0,False,0.0649,40,40,10,0.5,0.4,0,1.5,0.7
2014,seq-agl,barman,p4-11-4-14.pddl,ok,331,2194,0,False,0.0595,35,35,10,0.4,0.6,0,1.167,0.4
2014,seq-agl,barman,p4-11-4-15.pddl,ok,353,2344,0,False,0.0597,37,37,10,0.2,0.7,0,1.286,0.6
2014,seq-agl,barman,p4-11-5-15.pddl,ok,384,2644,0,False,0.0646,38,38,10,0.2,0.8,0,1.5,0.8
2014,seq-agl,barman,p5-10-4-13.pddl,ok,295,1958,0,False,0.0617,33,33,10,0.2,0.8,0,1.625,0.5
2014,seq-agl,barman,p5-11-4-15.pddl,ok,353,2344,0,False,0.0597,37,37,10,0.3,0.6,0,1.167,0.5
2014,seq-agl,barman,p5-11-5-15.pddl,ok,384,2644,0,False,0.0646,39,39,10,0.3,0.7,0,1.143,0.5
2014,seq-agl,barman,p5-11-5-16.pddl,ok,408,2814,0,False,0.0647,39,39,10,0.5,0.5,0,1.0,0.4
2014,seq-agl,cavediving,testing01.pddl,ok,177,4092,0,False,0.2439,18,152,10,0.9,0.0,0,,0.2
2014,seq-agl,cavediving,testing01_easy.pddl,ok,146,2772,0,False,0.2313,17,94,10,0.8,0.0,0,,0.1
2014,seq-agl,cavediving,testing02_easy.pddl,ok,146,2772,0,False,0.2313,17,98,10,1.0,0.0,0,,0.1
2014,seq-agl,cavediving,testing03_easy.pddl,ok,146,2772,0,False,0.2317,17,177,10,0.8,0.2,0,1.0,0.1
2014,seq-agl,cavediving,testing04_easy.pddl,ok,146,2772,0,False,0.2311,17,143,10,1.0,0.0,0,,0.1
2014,seq-agl,cavediving,testing05A_easy.pddl,ok,49,496,0,False,0.2175,10,81,10,1.0,0.0,0,,0.0
2014,seq-agl,cavediving,testing06A_easy.pddl,ok,49,496,0,False,0.2175,10,82,10,0.9,0.1,0,1.0,0.0
2014,seq-agl,cavediving,testing07_easy.pddl,ok,49,496,0,False,0.2184,10,118,10,0.9,0.1,0,1.0,0.0
2014,seq-agl,cavediving,testing08_easy.pddl,ok,49,496,0,False,0.2175,10,77,10,0.9,0.1,0,3.0,0.0
2014,seq-agl,cavediving,testing09_easy.pddl,ok,453,14160,0,False,0.2396,30,386,10,1.0,0.0,0,,0.9
2014,seq-agl,cavediving,testing10_easy.pddl,ok,453,14160,0,False,0.2395,30,274,10,1.0,0.0,0,,1.0
2014,seq-agl,cavediving,testing11_easy.pddl,ok,453,14160,0,False,0.2394,30,435,10,0.9,0.1,0,1.0,0.9
2014,seq-agl,cavediving,testing12_easy.pddl,ok,453,14160,0,False,0.2395,30,423,10,1.0,0.0,0,,1.0
2014,seq-agl,cavediving,testing13_easy.pddl,ok,176,4092,0,False,0.2448,17,183,10,1.0,0.0,0,,0.3
2014,seq-agl,cavediving,testing14_easy.pddl,ok,176,4092,0,False,0.2448,17,211,10,1.0,0.0,0,,0.3
2014,seq-agl,cavediving,testing15_easy.pddl,ok,161,3432,0,False,0.2396,17,137,10,0.9,0.1,0,1.0,0.2
2014,seq-agl,cavediving,testing16_easy.pddl,ok,176,4092,0,False,0.2452,17,141,10,0.9,0.1,0,1.0,0.2
2014,seq-agl,cavediving,testing18A_easy.pddl,ok,63,804,0,False,0.2394,10,118,10,0.9,0.1,0,1.0,0.0
2014,seq-agl,cavediving,testing18_easy.pddl,ok,70,958,0,False,0.2451,10,118,10,0.9,0.1,0,1.0,0.1
2014,seq-agl,cavediving,testing20A_easy.pddl,ok,63,804,0,False,0.2386,10,85,10,0.9,0.1,0,1.0,0.0
2014,seq-agl,childsnack,child-snack_pfile05-2.pddl,ok,59,1973,0,False,0.0064,16,16,10,0.6,0.4,0,1.25,0.1
2014,seq-agl,childsnack,child-snack_pfile05.pddl,ok,59,1973,0,False,0.0064,16,16,10,0.6,0.4,0,1.0,0.1
2014,seq-agl,childsnack,child-snack_pfile06-2.pddl,ok,66,2631,0,False,0.0048,17,17,10,0.6,0.4,0,1.0,0.2
2014,seq-agl,childsnack,child-snack_pfile07-2.pddl,ok,71,3220,0,False,0.0039,18,18,10,0.3,0.7,0,1.0,0.3
2014,seq-agl,childsnack,child-snack_pfile08-2.pddl,ok,76,4048,0,False,0.0031,19,19,10,0.4,0.6,0,1.0,0.4
2014,seq-agl,childsnack,child-snack_pfile08.pddl,ok,76,4048,0,False,0.0031,19,19,10,0.4,0.6,0,1.0,0.2
2014,seq-agl,childsnack,child-snack_pfile09-2.pddl,ok,83,5090,0,False,0.0024,20,20,10,0.6,0.4,0,1.0,0.4
2014,seq-agl,childsnack,child-snack_pfile09.pddl,ok,83,5090,0,False,0.0024,20,20,10,0.4,0.6,0,1.0,1.8
2014,seq-agl,childsnack,child-snack_pfile10-2.pddl,ok,88,6216,0,False,0.002,21,21,10,0.5,0.5,0,1.0,0.4
2014,seq-agl,childsnack,child-snack_pfile10.pddl,ok,88,6216,0,False,0.002,21,21,10,0.3,0.7,0,1.0,0.3
2014,seq-agl,childsnack,child-snack_pfile11-2.pddl,ok,93,7239,0,False,0.0017,22,22,10,0.3,0.7,0,1.0,0.5
2014,seq-agl,childsnack,child-snack_pfile11.pddl,ok,93,7239,0,False,0.0017,22,22,10,0.4,0.5,1,1.0,2.4
2014,seq-agl,childsnack,child-snack_pfile12.pddl,ok,101,9179,0,False,0.0018,23,23,10,0.7,0.2,1,1.5,2.5
2014,seq-agl,childsnack,child-snack_pfile13-2.pddl,ok,106,10824,0,False,0.0015,24,24,10,0.6,0.3,1,1.0,2.6
2014,seq-agl,childsnack,child-snack_pfile13.pddl,ok,106,10824,0,False,0.0015,24,24,10,0.7,0.3,0,1.0,0.6
2014,seq-agl,childsnack,child-snack_pfile14.pddl,ok,111,12298,0,False,0.0013,25,25,10,0.5,0.5,0,1.0,0.7
2014,seq-agl,childsnack,child-snack_pfile15-2.pddl,ok,116,14296,0,False,0.0011,26,26,10,0.3,0.6,1,1.0,3.0
2014,seq-agl,childsnack,child-snack_pfile16-2.pddl,ok,123,16652,0,False,0.001,27,27,10,0.4,0.6,0,1.0,1.5
2014,seq-agl,childsnack,child-snack_pfile19-2.pddl,ok,140,24272,0,False,0.0007,30,30,10,0.3,0.5,2,1.0,5.7
2014,seq-agl,childsnack,child-snack_pfile19.pddl,ok,140,24272,0,False,0.0007,30,30,10,0.5,0.4,1,1.0,3.9
2014,seq-agl,citycar,p3-2-2-0-1.pddl,ok,218,1220,0,False,0.1421,12,122,10,0.7,0.3,0,1.667,0.1
2014,seq-agl,citycar,p3-3-2-0-1.pddl,ok,220,1630,0,False,0.1468,18,183,10,0.9,0.1,0,1.0,0.1
2014,seq-agl,citycar,p3-4-2-0-1.pddl,ok,222,2040,0,False,0.1492,17,114,10,0.6,0.4,0,1.0,0.5
2014,seq-agl,citycar,p3-5-2-0-1.pddl,ok,224,2450,0,False,0.1507,24,185,10,0.9,0.0,0,,0.2
2014,seq-agl,citycar,p3-5-2-0-2.pddl,ok,224,2450,0,False,0.1507,21,135,10,0.8,0.0,0,,0.3
2014,seq-agl,citycar,p4-2-2-0-1.pddl,ok,530,3058,0,False,0.1032,12,122,10,0.7,0.3,0,1.0,0.5
2014,seq-agl,citycar,p4-2-3-0-1.pddl,ok,530,3058,0,False,0.1032,12,122,10,0.6,0.4,0,1.25,0.4
2014,seq-agl,citycar,p4-2-3-0-2.pddl,ok,530,3058,0,False,0.1032,12,122,10,0.4,0.6,0,1.333,0.5
2014,seq-agl,citycar,p4-3-2-0-1.pddl,ok,532,4083,0,False,0.1056,15,133,10,0.6,0.4,0,1.25,0.5
2014,seq-agl,citycar,p4-3-2-0-2.pddl,ok,532,4083,0,False,0.1056,17,163,10,0.7,0.2,0,2.0,0.5
2014,seq-agl,citycar,p4-3-3-0-1.pddl,ok,532,4083,0,False,0.1056,18,183,10,0.8,0.2,0,1.0,0.7
2014,seq-agl,citycar,p4-3-3-0-2.pddl,ok,532,4083,0,False,0.1056,15,133,10,0.9,0.1,0,1.0,0.6
2014,seq-agl,citycar,p4-4-2-0-1.pddl,ok,534,5108,0,False,0.1069,21,184,10,0.8,0.2,0,1.0,0.9
2014,seq-agl,citycar,p4-4-2-0-2.pddl,ok,534,5108,0,False,0.1069,18,134,10,0.8,0.2,0,1.5,0.6
2014,seq-agl,citycar,p4-4-3-0-1.pddl,ok,534,5108,0,False,0.1069,24,244,10,1.0,0.0,0,,0.6
2014,seq-agl,citycar,p4-4-3-0-2.pddl,ok,534,5108,0,False,0.1069,20,174,10,0.7,0.2,0,1.0,0.6
2014,seq-agl,citycar,p4-5-2-0-1.pddl,ok,536,6133,0,False,0.1076,24,185,10,0.7,0.2,0,1.5,1.3
2014,seq-agl,citycar,p4-5-2-0-2.pddl,ok,536,6133,0,False,0.1076,23,165,10,0.6,0.4,0,1.0,1.0
2014,seq-agl,citycar,p4-5-3-0-1.pddl,ok,536,6133,0,False,0.1076,27,245,10,1.0,0.0,0,,0.7
2014,seq-agl,citycar,p4-5-3-0-2.pddl,ok,536,6133,0,False,0.1076,24,185,10,0.7,0.2,0,1.0,1.7
2014,seq-agl,floortile,p01-4-3-2.pddl,ok,19,188,0,False,0.0074,21,45,10,1.0,0.0,0,,0.0
2014,seq-agl,floortile,p01-5-4-2.pddl,ok,28,316,0,False,0.0043,38,72,10,1.0,0.0,0,,0.0
2014,seq-agl,floortile,p01-5-5-2.pddl,ok,34,400,0,False,0.0034,48,85,10,1.0,0.0,0,,0.0
2014,seq-agl,floortile,p01-6-4-2.pddl,ok,32,376,0,False,0.0036,44,80,10,1.0,0.0,0,,0.0
2014,seq-agl,floortile,p01-6-5-2.pddl,ok,39,476,0,False,0.0028,53,93,10,0.9,0.1,0,1.0,0.0
2014,seq-agl,floortile,p01-6-5-3.pddl,ok,41,714,0,False,0.0028,54,102,10,1.0,0.0,0,,0.1
2014,seq-agl,floortile,p02-5-4-2.pddl,ok,28,316,0,False,0.0043,39,81,10,1.0,0.0,0,,0.0
2014,seq-agl,floortile,p02-6-4-2.pddl,ok,32,376,0,False,0.0036,45,83,10,0.9,0.1,0,1.0,0.0
2014,seq-agl,floortile,p02-6-5-2.pddl,ok,39,476,0,False,0.0028,57,111,10,1.0,0.0,0,,0.0
2014,seq-agl,floortile,p02-6-5-3.pddl,ok,41,714,0,False,0.0028,57,103,10,1.0,0.0,0,,0.1
2014,seq-agl,floortile,p03-6-4-2.pddl,ok,32,376,0,False,0.0036,45,85,10,1.0,0.0,0,,0.0
2014,seq-agl,floortile,p03-6-5-2.pddl,ok,39,476,0,False,0.0028,51,93,10,1.0,0.0,0,,0.0
2014,seq-agl,floortile,p03-6-5-3.pddl,ok,41,714,0,False,0.0028,53,105,10,1.0,0.0,0,,0.1
2014,seq-agl,floortile,p04-5-4-2.pddl,ok,28,316,0,False,0.0043,42,82,10,0.9,0.1,0,1.0,0.0
2014,seq-agl,floortile,p04-5-5-2.pddl,ok,34,400,0,False,0.0034,50,99,10,1.0,0.0,0,,0.0
2014,seq-agl,floortile,p04-6-5-2.pddl,ok,39,476,0,False,0.0028,66,120,10,1.0,0.0,0,,0.0
2014,seq-agl,floortile,p04-6-5-3.pddl,ok,41,714,0,False,0.0028,51,99,10,1.0,0.0,0,,0.1
2014,seq-agl,floortile,p05-4-3-2.pddl,ok,19,188,0,False,0.0074,21,41,10,1.0,0.0,0,,0.0
2014,seq-agl,floortile,p05-6-5-2.pddl,ok,39,476,0,False,0.0028,63,103,10,1.0,0.0,0,,0.0
2014,seq-agl,floortile,p05-6-5-3.pddl,ok,41,714,0,False,0.0028,55,105,10,1.0,0.0,0,,0.1
2014,seq-agl,ged,d-10-1.pddl,ok,38,4828,0,False,0.0181,55,8,10,0.0,0.8,0,1.0,1.0
2014,seq-agl,ged,d-10-2.pddl,ok,38,4828,0,False,0.0181,56,9,10,0.0,0.6,0,1.0,1.1
2014,seq-agl,ged,d-10-3.pddl,ok,40,5418,0,False,0.0173,61,11,10,0.0,0.8,0,1.0,1.4
2014,seq-agl,ged,d-10-4.pddl,ok,38,4828,0,False,0.0181,53,8,10,0.0,0.6,0,1.0,0.9
2014,seq-agl,ged,d-10-5.pddl,ok,46,7392,0,False,0.0153,70,11,10,0.0,0.5,0,1.0,2.0
2014,seq-agl,ged,d-10-6.pddl,ok,46,7392,0,False,0.0153,71,12,10,0.0,0.7,0,1.0,1.3
2014,seq-agl,ged,d-11-1.pddl,ok,40,5418,0,False,0.0173,57,5,10,0.0,0.6,0,1.0,0.8
2014,seq-agl,ged,d-11-3.pddl,ok,40,5418,0,False,0.0173,59,7,10,0.0,0.7,0,1.0,1.1
2014,seq-agl,ged,d-11-5.pddl,ok,44,6700,0,False,0.0159,66,8,10,0.0,0.8,0,1.0,1.8
2014,seq-agl,ged,d-11-6.pddl,ok,42,6042,0,False,0.0166,64,9,10,0.0,0.5,0,1.0,1.8
2014,seq-agl,ged,d-12-11.pddl,ok,42,6042,0,False,0.0166,60,7,10,0.0,0.8,0,1.0,1.2
2014,seq-agl,ged,d-12-2.pddl,ok,50,8878,0,False,0.0142,73,8,10,0.0,0.2,0,1.0,3.5
2014,seq-agl,ged,d-12-3.pddl,ok,52,9672,0,False,0.0137,79,9,10,0.0,0.5,0,1.0,2.8
2014,seq-agl,ged,d-12-5.pddl,ok,54,10500,0,False,0.0133,83,10,10,0.0,0.8,0,1.0,1.9
2014,seq-agl,ged,d-12-6.pddl,ok,50,8878,0,False,0.0142,78,11,10,0.0,0.6,0,1.0,1.8
2014,seq-agl,ged,d-12-7.pddl,ok,52,9672,0,False,0.0137,80,10,10,0.0,0.9,0,1.0,1.9
2014,seq-agl,ged,d-12-8.pddl,ok,56,11362,0,False,0.0129,85,9,10,0.0,0.7,0,1.0,2.4
2014,seq-agl,ged,d-12-9.pddl,ok,56,11362,0,False,0.0129,86,12,10,0.0,0.5,0,1.0,2.8
2014,seq-agl,ged,d-3-6.pddl,ok,40,5418,0,False,0.0173,55,5,10,0.0,0.8,0,1.125,1.1
2014,seq-agl,ged,d-9-5.pddl,ok,42,6042,0,False,0.0166,59,4,10,0.0,0.6,0,1.0,1.2
2014,seq-agl,hiking,testing-3-4-3.pddl,ok,19,3582,0,False,0.0086,16,16,10,0.0,1.0,0,1.0,1.8
2014,seq-agl,hiking,testing-3-4-4.pddl,ok,19,7083,0,False,0.0058,25,25,10,0.0,0.8,2,1.0,6.9
2014,seq-agl,hiking,testing-3-4-5.pddl,ok,19,11736,0,False,0.0043,35,35,10,0.0,0.6,4,1.0,11.0
2014,seq-agl,hiking,testing-3-4-6.pddl,ok,19,17541,0,False,0.0035,46,46,10,0.0,0.5,5,1.0,14.4
2014,seq-agl,hiking,testing-3-4-7.pddl,ok,19,24498,0,False,0.0029,55,55,10,0.0,0.3,7,1.0,21.9
2014,seq-agl,hiking,testing-3-4-8.pddl,ok,19,32607,0,False,0.0025,66,66,10,0.0,0.7,3,1.0,18.4
2014,seq-agl,hiking,testing-3-4-9.pddl,ok,19,41868,0,False,0.0022,75,75,10,0.0,0.5,5,1.0,23.0
2014,seq-agl,hiking,testing-4-5-3.pddl,ok,25,9824,0,False,0.0054,19,19,10,0.0,1.0,0,1.0,5.9
2014,seq-agl,hiking,testing-4-5-4.pddl,ok,25,19504,0,False,0.0036,32,32,10,0.0,0.8,2,1.0,14.8
2014,seq-agl,hiking,testing-4-5-5.pddl,ok,25,32384,0,False,0.0027,45,45,10,0.0,0.5,5,1.0,19.5
2014,seq-agl,hiking,testing-4-5-6.pddl,ok,25,48464,0,False,0.0022,58,58,10,0.0,0.3,7,1.0,29.6
2014,seq-agl,hiking,testing-4-5-7.pddl,ok,25,67744,0,False,0.0018,71,71,10,0.0,0.3,7,1.0,34.1
2014,seq-agl,hiking,testing-4-5-8.pddl,ok,25,90224,0,False,0.0016,84,84,10,0.0,0.2,8,1.0,43.5
2014,seq-agl,hiking,testing-4-5-9.pddl,ok,25,115904,0,False,0.0014,97,97,10,0.0,0.3,7,1.0,50.6
2014,seq-agl,hiking,testing-5-6-3.pddl,ok,31,21950,0,False,0.0037,24,24,10,0.0,1.0,0,1.0,11.9
2014,seq-agl,hiking,testing-5-6-4.pddl,ok,31,43675,0,False,0.0025,40,40,10,0.0,0.6,4,1.0,28.2
2014,seq-agl,hiking,testing-5-6-5.pddl,ok,31,72600,0,False,0.0019,55,55,10,0.0,0.5,5,1.0,39.8
2014,seq-agl,hiking,testing-5-6-6.pddl,ok,31,108725,0,False,0.0015,72,72,10,0.0,0.3,7,1.0,58.1
2014,seq-agl,hiking,testing-5-6-7.pddl,ok,31,152050,0,False,0.0012,87,87,10,0.0,0.1,9,1.0,80.7
2014,seq-agl,hiking,testing-5-6-8.pddl,ok,31,202575,0,False,0.0011,103,103,10,0.0,0.2,8,1.0,117.1
2014,seq-agl,maintenance,maintenance.1.3.060.180.5-000.pddl,ok,240,180,0,False,0.0,74,74,10,0.9,0.1,0,1.0,0.0
2014,seq-agl,maintenance,maintenance.1.3.060.180.5-001.pddl,ok,240,180,0,False,0.0,74,74,10,0.8,0.2,0,1.0,0.0
2014,seq-agl,maintenance,maintenance.1.3.060.180.5-002.pddl,ok,240,180,0,False,0.0,67,67,10,0.8,0.2,0,1.0,0.0
2014,seq-agl,maintenance,maintenance.1.3.100.300.5-000.pddl,ok,400,300,0,False,0.0,121,121,10,1.0,0.0,0,,0.1
2014,seq-agl,maintenance,maintenance.1.3.100.300.5-001.pddl,ok,400,300,0,False,0.0,120,120,10,0.8,0.2,0,1.0,0.0
2014,seq-agl,maintenance,maintenance.1.3.100.300.7-000.pddl,ok,400,300,0,False,0.0,107,107,10,1.0,0.0,0,,0.0
2014,seq-agl,maintenance,maintenance.1.3.100.300.7-001.pddl,ok,400,300,0,False,0.0,99,99,10,1.0,0.0,0,,0.0
2014,seq-agl,maintenance,maintenance.1.3.100.300.7-002.pddl,ok,400,300,0,False,0.0,98,98,10,0.9,0.1,0,1.0,0.0
2014,seq-agl,maintenance,maintenance.1.3.150.500.6-001.pddl,ok,650,450,0,False,0.0,165,165,10,1.0,0.0,0,,0.1
2014,seq-agl,maintenance,maintenance.1.3.200.500.5-001.pddl,ok,700,600,0,False,0.0,231,231,10,1.0,0.0,0,,0.1
2014,seq-agl,maintenance,maintenance.1.3.200.500.5-002.pddl,ok,700,600,0,False,0.0,221,221,10,0.9,0.1,0,1.0,0.1
2014,seq-agl,maintenance,maintenance.1.3.200.700.7-000.pddl,ok,900,600,0,False,0.0,229,229,10,0.8,0.2,0,1.0,0.1
2014,seq-agl,maintenance,maintenance.1.3.200.700.7-001.pddl,ok,900,600,0,False,0.0,209,209,10,0.7,0.3,0,1.0,0.1
2014,seq-agl,maintenance,maintenance.1.3.200.700.7-002.pddl,ok,900,600,0,False,0.0,205,205,10,1.0,0.0,0,,0.1
2014,seq-agl,maintenance,maintenance.1.3.200.900.5-000.pddl,ok,1100,600,0,False,0.0,294,294,10,0.9,0.1,0,1.0,0.1
2014,seq-agl,maintenance,maintenance.1.3.200.900.5-001.pddl,ok,1100,600,0,False,0.0,266,266,10,0.9,0.1,0,1.0,0.1
2014,seq-agl,maintenance,maintenance.1.3.200.900.5-002.pddl,ok,1100,600,0,False,0.0,263,263,10,1.0,0.0,0,,0.1
2014,seq-agl,maintenance,maintenance.1.3.200.900.8-000.pddl,ok,1100,600,0,False,0.0,210,210,10,0.9,0.1,0,1.0,0.1
2014,seq-agl,maintenance,maintenance.1.3.200.900.8-001.pddl,ok,1100,600,0,False,0.0,208,208,10,0.8,0.2,0,1.0,0.1
2014,seq-agl,maintenance,maintenance.1.3.200.900.8-002.pddl,ok,1100,600,0,False,0.0,210,210,10,1.0,0.0,0,,0.1
2014,seq-agl,openstacks,p130_2.pddl,ok,261,34060,0,False,0.249,391,1,10,0.0,1.0,0,0.2,7.1
2014,seq-agl,openstacks,p130_3.pddl,ok,261,34060,0,False,0.249,391,1,10,0.0,0.9,1,0.222,9.7
2014,seq-agl,openstacks,p150_2.pddl,ok,301,45300,0,False,0.2492,451,1,10,0.0,1.0,0,0.2,9.0
2014,seq-agl,openstacks,p150_3.pddl,ok,301,45300,0,False,0.2492,451,1,10,0.1,0.9,0,0.222,13.3
2014,seq-agl,openstacks,p170_1.pddl,ok,341,58140,0,False,0.2493,511,1,10,0.0,0.9,1,0.333,11.5
2014,seq-agl,openstacks,p170_2.pddl,ok,341,58140,0,False,0.2493,511,1,10,0.0,1.0,0,0.4,12.7
2014,seq-agl,openstacks,p170_3.pddl,ok,341,58140,0,False,0.2493,511,1,10,0.1,0.9,0,0.222,20.6
2014,seq-agl,openstacks,p190_1.pddl,ok,381,72580,0,False,0.2493,571,1,10,0.0,1.0,0,0.1,20.4
2014,seq-agl,openstacks,p190_2.pddl,ok,381,72580,0,False,0.2493,571,1,10,0.0,1.0,0,0.2,21.3
2014,seq-agl,openstacks,p190_3.pddl,ok,381,72580,0,False,0.2493,571,1,10,0.3,0.6,1,0.167,33.3
2014,seq-agl,openstacks,p210_1.pddl,ok,421,88620,0,False,0.2494,631,1,10,0.0,1.0,0,0.3,21.9
2014,seq-agl,openstacks,p210_2.pddl,ok,421,88620,0,False,0.2494,631,1,10,0.0,1.0,0,0.2,23.0
2014,seq-agl,openstacks,p230_1.pddl,ok,461,106260,0,False,0.2495,691,1,10,0.0,1.0,0,0.2,30.2
2014,seq-agl,openstacks,p230_2.pddl,ok,461,106260,0,False,0.2495,691,1,10,0.0,1.0,0,0.4,30.4
2014,seq-agl,openstacks,p250_1.pddl,ok,501,125500,0,False,0.2495,751,1,10,0.0,1.0,0,0.0,40.4
2014,seq-agl,openstacks,p250_2.pddl,ok,501,125500,0,False,0.2495,751,1,10,0.0,0.9,1,0.222,41.0
2014,seq-agl,openstacks,p270_1.pddl,ok,541,146340,0,False,0.2495,811,1,10,0.0,1.0,0,0.3,46.6
2014,seq-agl,openstacks,p270_2.pddl,ok,541,146340,0,False,0.2495,811,1,10,0.0,0.9,1,0.0,55.9
2014,seq-agl,openstacks,p290_1.pddl,ok,581,168780,0,False,0.2496,871,1,10,0.0,1.0,0,0.1,65.5
2014,seq-agl,openstacks,p290_2.pddl,ok,581,168780,0,False,0.2496,871,1,10,0.0,1.0,0,0.4,63.9
2014,seq-agl,parking,p_28_2.pddl,ok,99,49392,0,False,0.0,54,54,10,1.0,0.0,0,,17.6
2014,seq-agl,parking,p_28_3.pddl,ok,99,49392,0,False,0.0,58,58,10,1.0,0.0,0,,17.0
2014,seq-agl,parking,p_30_1.pddl,ok,106,60750,0,False,0.0,69,69,10,0.9,0.1,0,1.0,24.6
2014,seq-agl,parking,p_30_2.pddl,ok,106,60750,0,False,0.0,64,64,10,1.0,0.0,0,,23.8
2014,seq-agl,parking,p_30_3.pddl,ok,106,60750,0,False,0.0,59,59,10,1.0,0.0,0,,22.7
2014,seq-agl,parking,p_32_1.pddl,ok,113,73728,0,False,0.0,60,60,10,0.9,0.1,0,1.0,29.7
2014,seq-agl,parking,p_32_2.pddl,ok,113,73728,0,False,0.0,69,69,10,0.9,0.0,1,,31.6
2014,seq-agl,parking,p_32_3.pddl,ok,113,73728,0,False,0.0,68,68,10,1.0,0.0,0,,30.3
2014,seq-agl,parking,p_34_1.pddl,ok,120,88434,0,False,0.0,74,74,10,1.0,0.0,0,,40.9
2014,seq-agl,parking,p_34_2.pddl,ok,120,88434,0,False,0.0,68,68,10,1.0,0.0,0,,42.0
2014,seq-agl,parking,p_34_3.pddl,ok,120,88434,0,False,0.0,68,68,10,0.9,0.1,0,1.0,41.4
2014,seq-agl,parking,p_36_1.pddl,ok,127,104976,0,False,0.0,70,70,10,1.0,0.0,0,,53.5
2014,seq-agl,parking,p_36_2.pddl,ok,127,104976,0,False,0.0,72,72,10,1.0,0.0,0,,54.5
2014,seq-agl,parking,p_36_3.pddl,ok,127,104976,0,False,0.0,67,67,10,0.9,0.0,1,,55.9
2014,seq-agl,parking,p_38_1.pddl,ok,134,123462,0,False,0.0,81,81,10,0.9,0.1,0,1.0,70.2
2014,seq-agl,parking,p_38_2.pddl,ok,134,123462,0,False,0.0,76,76,10,1.0,0.0,0,,68.9
2014,seq-agl,parking,p_38_3.pddl,ok,134,123462,0,False,0.0,73,73,10,1.0,0.0,0,,68.7
2014,seq-agl,parking,p_40_1.pddl,ok,141,144000,0,False,0.0,78,78,10,1.0,0.0,0,,90.2
2014,seq-agl,parking,p_40_2.pddl,ok,141,144000,0,False,0.0,82,82,10,1.0,0.0,0,,91.0
2014,seq-agl,parking,p_40_3.pddl,ok,141,144000,0,False,0.0,88,88,10,1.0,0.0,0,,91.7
2014,seq-agl,tetris,p020.pddl,ok,889,9456,0,False,0.1693,9,19,10,0.0,0.9,1,1.444,4.7
2014,seq-agl,tetris,p021.pddl,ok,2345,31792,0,False,0.1817,15,35,10,0.0,1.0,0,1.2,10.0
2014,seq-agl,tetris,p022.pddl,ok,1476,21360,0,False,0.181,13,26,10,0.0,1.0,0,1.2,6.2
2014,seq-agl,tetris,p023.pddl,ok,1636,21912,0,False,0.1775,14,28,10,0.0,1.0,0,1.2,6.9
2014,seq-agl,tetris,p024.pddl,ok,1870,30936,0,False,0.186,14,28,10,0.0,1.0,0,1.0,10.3
2014,seq-agl,tetris,p025.pddl,ok,1084,12104,0,False,0.1646,12,22,10,0.0,1.0,0,1.1,3.5
2014,seq-agl,tetris,p026.pddl,ok,3364,59488,0,False,0.1913,15,37,10,0.0,0.7,3,1.571,37.2
2014,seq-agl,tetris,p027.pddl,ok,2973,50392,0,False,0.189,15,33,10,0.0,0.8,2,1.0,25.4
2014,seq-agl,tetris,p028.pddl,ok,2580,40976,0,False,0.1867,16,35,10,0.0,0.9,1,1.0,17.4
2014,seq-agl,tetris,p029.pddl,ok,1246,12976,0,False,0.156,16,27,10,0.0,0.9,1,1.111,5.6
2014,seq-agl,tetris,p031.pddl,ok,4160,71292,0,False,0.1898,17,41,10,0.0,0.9,1,1.0,38.8
2014,seq-agl,tetris,p032.pddl,ok,1741,25540,0,False,0.18,12,22,10,0.0,0.6,4,1.0,14.3
2014,seq-agl,tetris,p033.pddl,ok,3882,60572,0,False,0.1869,16,38,10,0.0,0.9,1,1.111,28.5
2014,seq-agl,tetris,p034.pddl,ok,3880,60196,0,False,0.1877,15,39,10,0.0,0.9,1,1.111,28.1
2014,seq-agl,tetris,p035.pddl,ok,3970,70264,0,False,0.1918,14,38,10,0.0,0.8,2,1.0,38.3
2014,seq-agl,tetris,p036.pddl,ok,3318,58616,0,False,0.1916,11,29,10,0.0,0.8,2,1.375,30.4
2014,seq-agl,tetris,p037.pddl,ok,1840,16312,0,False,0.1485,18,34,10,0.0,0.9,1,1.222,6.5
2014,seq-agl,tetris,p038.pddl,ok,3044,48648,0,False,0.1865,15,33,10,0.0,0.8,2,1.125,23.2
2014,seq-agl,tetris,p039.pddl,ok,4160,71292,0,False,0.1898,18,44,10,0.0,0.7,3,1.143,42.8
2014,seq-agl,tetris,p040.pddl,ok,3234,49676,0,False,0.1837,19,39,10,0.0,0.9,1,1.111,21.1
2014,seq-agl,thoughtful,bootstrap-typed-01.pddl,ok,119,1038,0,False,0.0981,34,34,10,0.7,0.3,0,1.333,0.1
2014,seq-agl,thoughtful,bootstrap-typed-02.pddl,ok,120,1023,0,False,0.0952,30,30,10,0.8,0.2,0,1.0,0.1
2014,seq-agl,thoughtful,bootstrap-typed-03.pddl,ok,122,1014,0,False,0.0959,32,32,10,0.7,0.3,0,1.0,0.1
2014,seq-agl,thoughtful,bootstrap-typed-04.pddl,ok,118,1064,0,False,0.0972,33,33,10,0.5,0.4,0,1.0,0.1
2014,seq-agl,thoughtful,bootstrap-typed-05.pddl,ok,116,943,0,False,0.091,35,35,10,0.8,0.2,0,1.5,0.1
2014,seq-agl,thoughtful,p11_6_53-typed.pddl,ok,286,9237,0,False,0.1323,84,84,10,0.8,0.2,0,2.5,1.8
2014,seq-agl,thoughtful,p11_6_59-typed.pddl,ok,284,8563,0,False,0.1309,85,85,10,0.5,0.5,0,1.0,1.9
2014,seq-agl,thoughtful,p11_6_62-typed.pddl,ok,288,9229,0,False,0.1334,82,82,10,0.9,0.1,0,1.0,1.8
2014,seq-agl,thoughtful,p13_7_78-typed.pddl,ok,344,10384,0,False,0.1313,102,102,10,0.9,0.1,0,1.0,1.6
2014,seq-agl,thoughtful,p13_7_79-typed.pddl,ok,340,10058,0,False,0.1325,99,99,10,0.6,0.4,0,1.5,2.5
2014,seq-agl,thoughtful,p13_7_86-typed.pddl,ok,340,10241,0,False,0.1329,103,103,10,0.8,0.2,0,1.0,2.0
2014,seq-agl,thoughtful,target-typed-20.pddl,ok,343,9925,0,False,0.1303,100,100,10,0.9,0.1,0,1.0,1.8
2014,seq-agl,thoughtful,target-typed-21.pddl,ok,344,10509,0,False,0.1325,102,102,10,0.7,0.3,0,1.0,2.0
2014,seq-agl,thoughtful,target-typed-22.pddl,ok,340,9577,0,False,0.1312,101,101,10,0.8,0.2,0,1.5,1.7
2014,seq-agl,thoughtful,target-typed-23.pddl,ok,345,9951,0,False,0.1316,102,102,10,1.0,0.0,0,,1.8
2014,seq-agl,thoughtful,target-typed-24.pddl,ok,343,9069,0,False,0.1298,102,102,10,0.6,0.3,0,1.667,1.8
2014,seq-agl,thoughtful,target-typed-25.pddl,ok,342,10887,0,False,0.1324,98,98,10,0.9,0.1,0,2.0,2.4
2014,seq-agl,thoughtful,target-typed-26.pddl,ok,343,9249,0,False,0.1312,98,98,10,0.9,0.1,0,1.0,1.7
2014,seq-agl,thoughtful,target-typed-27.pddl,ok,343,9457,0,False,0.1307,98,98,10,0.3,0.7,0,1.0,2.1
2014,seq-agl,thoughtful,target-typed-28.pddl,ok,341,9196,0,False,0.1315,99,99,10,0.8,0.1,0,2.0,2.1
2014,seq-agl,transport,p01.pddl,ok,33,40800,0,False,0.3812,107,791,10,0.0,1.0,0,1.0,10.4
2014,seq-agl,transport,p02.pddl,ok,38,51728,0,False,0.3802,153,1205,10,0.0,1.0,0,1.1,16.0
2014,seq-agl,transport,p03.pddl,ok,33,43248,0,False,0.3812,131,1058,10,0.0,1.0,0,1.0,11.0
2014,seq-agl,transport,p04.pddl,ok,33,110848,0,False,0.3808,138,1317,10,0.0,1.0,0,1.0,60.1
2014,seq-agl,transport,p05.pddl,ok,38,130784,0,False,0.3802,146,1324,10,0.0,1.0,0,1.1,81.5
2014,seq-agl,transport,p06.pddl,ok,33,110848,0,False,0.3808,138,1317,10,0.0,0.8,0,1.125,59.2
2014,seq-agl,transport,p07.pddl,"parcial (2/10, tempo)",33,166256,0,False,0.3808,203,2345,2,0.0,1.0,0,1.0,122.7
2014,seq-agl,transport,p08.pddl,"parcial (0/10, tempo)",38,196144,0,False,0.3801,203,2205,0,,,0,,185.6
2014,seq-agl,transport,p09.pddl,"parcial (2/10, tempo)",33,166256,0,False,0.3808,203,2345,2,0.0,1.0,0,1.0,120.4
2014,seq-agl,transport,p10.pddl,"parcial (6/10, tempo)",33,161576,0,False,0.3812,208,2688,6,0.0,1.0,0,1.0,122.4
2014,seq-agl,transport,p11.pddl,ok,35,61190,0,False,0.3811,132,1092,10,0.0,1.0,0,1.0,17.6
2014,seq-agl,transport,p12.pddl,ok,38,61496,0,False,0.3802,148,1107,10,0.0,1.0,0,1.0,20.4
2014,seq-agl,transport,p13.pddl,ok,31,38562,0,False,0.3812,125,1037,10,0.0,1.0,0,1.0,12.1
2014,seq-agl,transport,p14.pddl,ok,35,122270,0,False,0.3809,120,1138,10,0.0,0.9,0,1.222,59.2
2014,seq-agl,transport,p15.pddl,ok,38,121040,0,False,0.3802,142,1319,10,0.0,0.9,0,1.111,73.2
2014,seq-agl,transport,p16.pddl,ok,31,75900,0,False,0.3812,126,1229,10,0.0,0.9,0,1.222,39.5
2014,seq-agl,transport,p17.pddl,"parcial (0/10, tempo)",35,183480,0,False,0.381,205,2575,0,,,0,,127.8
2014,seq-agl,transport,p18.pddl,"parcial (0/10, tempo)",38,184496,0,False,0.3802,209,2184,0,,,0,,182.1
2014,seq-agl,transport,p19.pddl,ok,31,115692,0,False,0.3813,176,2008,10,0.0,1.0,0,1.0,114.9
2014,seq-agl,transport,p20.pddl,"parcial (0/10, tempo)",35,201970,0,False,0.3812,207,2711,0,,,0,,158.4
2014,seq-agl,visitall,pfile30.pddl,ok,900,3480,0,False,0.5003,899,899,10,0.0,1.0,0,1.0,1.2
2014,seq-agl,visitall,pfile31.pddl,ok,961,3720,0,False,0.5003,960,960,10,0.0,0.9,1,1.333,4.7
2014,seq-agl,visitall,pfile32.pddl,ok,1024,3968,0,False,0.5003,1023,1023,10,0.0,1.0,0,1.0,1.3
2014,seq-agl,visitall,pfile33.pddl,ok,1089,4224,0,False,0.5002,1088,1088,10,0.0,0.9,1,1.0,3.6
2014,seq-agl,visitall,pfile50.pddl,ok,2500,9800,0,False,0.5001,2499,2499,10,0.0,0.9,1,1.0,7.9
2014,seq-agl,visitall,pfile51.pddl,ok,2601,10200,0,False,0.5001,2600,2600,10,0.0,0.8,2,1.0,9.0
2014,seq-agl,visitall,pfile52.pddl,ok,2704,10608,0,False,0.5001,2703,2703,10,0.0,1.0,0,1.0,6.1
2014,seq-agl,visitall,pfile53.pddl,ok,2809,11024,0,False,0.5001,2808,2808,10,0.0,1.0,0,1.2,10.1
2014,seq-agl,visitall,pfile54.pddl,ok,2916,11448,0,False,0.5001,2915,2915,10,0.0,0.8,1,1.0,10.0
2014,seq-agl,visitall,pfile55.pddl,ok,3025,11880,0,False,0.5001,3024,3024,10,0.0,1.0,0,1.0,9.4
2014,seq-agl,visitall,pfile56.pddl,ok,3136,12320,0,False,0.5001,3135,3135,10,0.0,0.9,1,1.0,10.9
2014,seq-agl,visitall,pfile57.pddl,ok,3249,12768,0,False,0.5001,3248,3248,10,0.0,0.9,1,1.0,12.6
2014,seq-agl,visitall,pfile58.pddl,ok,3364,13224,0,False,0.5001,3363,3363,10,0.0,0.7,3,1.0,12.7
2014,seq-agl,visitall,pfile59.pddl,ok,3481,13688,0,False,0.5001,3480,3480,10,0.0,0.8,2,1.0,13.9
2014,seq-agl,visitall,pfile60.pddl,ok,3600,14160,0,False,0.5001,3599,3599,10,0.0,1.0,0,1.1,13.0
2014,seq-agl,visitall,pfile61.pddl,ok,3721,14640,0,False,0.5001,3720,3720,10,0.0,1.0,0,1.0,14.8
2014,seq-agl,visitall,pfile62.pddl,ok,3844,15128,0,False,0.5001,3843,3843,10,0.0,0.7,3,1.0,18.1
2014,seq-agl,visitall,pfile63.pddl,ok,3969,15624,0,False,0.5001,3968,3968,10,0.0,1.0,0,1.1,16.5
2014,seq-agl,visitall,pfile64.pddl,ok,4096,16128,0,False,0.5001,4095,4095,10,0.0,0.9,1,1.0,17.2
2014,seq-agl,visitall,pfile65.pddl,ok,4225,16640,0,False,0.5001,4224,4224,10,0.0,0.8,2,1.0,16.0
2014,seq-opt,barman,p435.1.pddl,ok,80,478,0,False,0.0742,16,16,10,0.4,0.5,0,1.4,0.1
2014,seq-opt,barman,p435.2.pddl,ok,80,478,0,False,0.0742,16,16,10,0.1,0.8,0,1.25,0.1
2014,seq-opt,barman,p435.3.pddl,ok,80,478,0,False,0.0742,16,16,10,0.1,0.9,0,1.333,0.1
2014,seq-opt,barman,p536.1.pddl,ok,100,610,0,False,0.07,18,18,10,0.1,0.7,0,1.286,0.2
2014,seq-opt,barman,p536.2.pddl,ok,100,610,0,False,0.07,18,18,10,0.1,0.8,0,1.375,0.1
2014,seq-opt,barman,p536.3.pddl,ok,100,610,0,False,0.07,18,18,10,0.2,0.6,0,1.167,0.1
2014,seq-opt,barman,p638.1.pddl,ok,137,854,0,False,0.0668,22,22,10,0.1,0.9,0,1.222,0.2
2014,seq-opt,barman,p638.2.pddl,ok,137,854,0,False,0.0668,21,21,10,0.2,0.8,0,1.375,0.2
2014,seq-opt,barman,p638.3.pddl,ok,137,854,0,False,0.0668,21,21,10,0.3,0.6,0,1.833,0.3
2014,seq-opt,barman,p739.1.pddl,ok,162,1016,0,False,0.0633,24,24,10,0.4,0.6,0,1.5,0.2
2014,seq-opt,barman,p739.2.pddl,ok,162,1016,0,False,0.0633,24,24,10,0.1,0.7,0,1.571,0.2
2014,seq-opt,barman,p739.3.pddl,ok,162,1016,0,False,0.0633,24,24,10,0.5,0.5,0,1.2,0.1
2014,seq-opt,barman,p839.1.pddl,ok,172,1078,0,False,0.0599,24,24,10,0.2,0.8,0,1.375,0.2
2014,seq-opt,barman,p839.2.pddl,ok,172,1078,0,False,0.0599,24,24,10,0.3,0.7,0,1.286,0.2
2014,seq-opt,cavediving,testing01.pddl,ok,177,4092,0,False,0.2439,18,152,10,1.0,0.0,0,,0.2
2014,seq-opt,cavediving,testing01_easy.pddl,ok,146,2772,0,False,0.2313,17,94,10,1.0,0.0,0,,0.1
2014,seq-opt,cavediving,testing02_easy.pddl,ok,146,2772,0,False,0.2313,17,98,10,1.0,0.0,0,,0.1
2014,seq-opt,cavediving,testing03_easy.pddl,ok,146,2772,0,False,0.2317,17,177,10,1.0,0.0,0,,0.1
2014,seq-opt,cavediving,testing04_easy.pddl,ok,146,2772,0,False,0.2311,17,143,10,1.0,0.0,0,,0.1
2014,seq-opt,cavediving,testing05A_easy.pddl,ok,49,496,0,False,0.2175,10,81,10,1.0,0.0,0,,0.0
2014,seq-opt,cavediving,testing06A_easy.pddl,ok,49,496,0,False,0.2175,10,82,10,0.8,0.2,0,1.0,0.0
2014,seq-opt,cavediving,testing07_easy.pddl,ok,49,496,0,False,0.2184,10,118,10,0.7,0.3,0,1.0,0.0
2014,seq-opt,cavediving,testing08_easy.pddl,ok,49,496,0,False,0.2175,10,77,10,0.9,0.1,0,1.0,0.0
2014,seq-opt,cavediving,testing09_easy.pddl,ok,453,14160,0,False,0.2396,30,386,10,1.0,0.0,0,,0.9
2014,seq-opt,cavediving,testing10_easy.pddl,ok,453,14160,0,False,0.2395,30,274,10,1.0,0.0,0,,0.9
2014,seq-opt,cavediving,testing11_easy.pddl,ok,453,14160,0,False,0.2394,30,435,10,1.0,0.0,0,,0.9
2014,seq-opt,cavediving,testing12_easy.pddl,ok,453,14160,0,False,0.2395,30,423,10,1.0,0.0,0,,0.9
2014,seq-opt,cavediving,testing13_easy.pddl,ok,176,4092,0,False,0.2448,17,183,10,1.0,0.0,0,,0.2
2014,seq-opt,cavediving,testing14_easy.pddl,ok,176,4092,0,False,0.2448,17,211,10,1.0,0.0,0,,0.2
2014,seq-opt,cavediving,testing15_easy.pddl,ok,161,3432,0,False,0.2396,17,137,10,1.0,0.0,0,,0.2
2014,seq-opt,cavediving,testing16_easy.pddl,ok,176,4092,0,False,0.2452,17,141,10,1.0,0.0,0,,0.2
2014,seq-opt,cavediving,testing18A_easy.pddl,ok,63,804,0,False,0.2394,10,118,10,0.7,0.2,0,1.0,0.0
2014,seq-opt,cavediving,testing18_easy.pddl,ok,70,958,0,False,0.2451,10,118,10,0.9,0.1,0,2.0,0.0
2014,seq-opt,cavediving,testing20A_easy.pddl,ok,63,804,0,False,0.2386,10,85,10,0.8,0.2,0,1.5,0.0
2014,seq-opt,childsnack,child-snack_pfile01-2.pddl,ok,36,456,0,False,0.0196,12,12,10,0.5,0.5,0,1.0,0.1
2014,seq-opt,childsnack,child-snack_pfile01.pddl,ok,36,456,0,False,0.0196,11,11,10,0.9,0.1,0,1.0,0.0
2014,seq-opt,childsnack,child-snack_pfile02-2.pddl,ok,43,714,0,False,0.0123,13,13,10,0.8,0.2,0,1.0,0.0
2014,seq-opt,childsnack,child-snack_pfile02.pddl,ok,43,714,0,False,0.0123,12,12,10,0.7,0.3,0,1.0,0.0
2014,seq-opt,childsnack,child-snack_pfile03-2.pddl,ok,48,1025,0,False,0.0083,14,14,10,0.7,0.3,0,1.0,0.0
2014,seq-opt,childsnack,child-snack_pfile03.pddl,ok,48,1025,0,False,0.0083,14,14,10,0.5,0.5,0,1.2,0.1
2014,seq-opt,childsnack,child-snack_pfile04-2.pddl,ok,54,1476,0,False,0.0088,15,15,10,0.7,0.3,0,1.0,0.1
2014,seq-opt,childsnack,child-snack_pfile04.pddl,ok,54,1476,0,False,0.0088,15,15,10,0.6,0.4,0,1.0,0.1
2014,seq-opt,childsnack,child-snack_pfile05-2.pddl,ok,59,1973,0,False,0.0064,16,16,10,0.5,0.5,0,1.0,0.3
2014,seq-opt,childsnack,child-snack_pfile05.pddl,ok,59,1973,0,False,0.0064,16,16,10,0.7,0.3,0,1.0,0.3
2014,seq-opt,childsnack,child-snack_pfile06-2.pddl,ok,66,2631,0,False,0.0048,17,17,10,0.6,0.4,0,1.0,0.1
2014,seq-opt,childsnack,child-snack_pfile06.pddl,ok,66,2631,0,False,0.0048,17,17,10,0.5,0.5,0,1.0,0.3
2014,seq-opt,childsnack,child-snack_pfile07-2.pddl,ok,71,3220,0,False,0.0039,18,18,10,0.5,0.5,0,1.2,0.3
2014,seq-opt,childsnack,child-snack_pfile07.pddl,ok,71,3220,0,False,0.0039,18,18,10,0.6,0.4,0,1.0,0.5
2014,seq-opt,childsnack,child-snack_pfile08-2.pddl,ok,76,4048,0,False,0.0031,19,19,10,0.6,0.4,0,1.0,0.2
2014,seq-opt,childsnack,child-snack_pfile08.pddl,ok,76,4048,0,False,0.0031,19,19,10,0.7,0.3,0,1.0,0.4
2014,seq-opt,childsnack,child-snack_pfile09-2.pddl,ok,83,5090,0,False,0.0024,20,20,10,0.8,0.2,0,1.0,1.4
2014,seq-opt,childsnack,child-snack_pfile09.pddl,ok,83,5090,0,False,0.0024,20,20,10,0.7,0.3,0,1.0,0.3
2014,seq-opt,childsnack,child-snack_pfile10-2.pddl,ok,88,6216,0,False,0.002,21,21,10,0.7,0.3,0,1.0,0.3
2014,seq-opt,childsnack,child-snack_pfile10.pddl,ok,88,6216,0,False,0.002,21,21,10,0.5,0.5,0,1.2,0.3
2014,seq-opt,citycar,p2-2-2-1-2.pddl,ok,60,298,0,False,0.197,12,122,10,0.7,0.3,0,1.0,0.0
2014,seq-opt,citycar,p2-2-2-2-1.pddl,ok,60,298,0,False,0.197,13,142,10,0.7,0.3,0,1.0,0.0
2014,seq-opt,citycar,p2-2-3-1-2.pddl,ok,62,399,0,False,0.206,15,123,10,0.9,0.0,0,,0.1
2014,seq-opt,citycar,p2-2-3-2-1.pddl,ok,62,399,0,False,0.206,15,123,10,0.9,0.1,0,1.0,0.0
2014,seq-opt,citycar,p2-2-3-2-2.pddl,ok,62,399,0,False,0.206,15,123,10,0.7,0.3,0,1.0,0.0
2014,seq-opt,citycar,p2-2-4-1-2.pddl,ok,64,500,0,False,0.2108,18,124,10,0.6,0.4,0,1.0,0.0
2014,seq-opt,citycar,p2-2-4-2-1.pddl,ok,64,500,0,False,0.2108,18,124,10,0.9,0.1,0,1.0,0.0
2014,seq-opt,citycar,p2-2-5-2-2.pddl,ok,66,601,0,False,0.2138,22,145,10,0.9,0.1,0,1.0,0.0
2014,seq-opt,citycar,p2-2-6-1-1.pddl,ok,68,702,0,False,0.2159,24,126,10,0.9,0.1,0,1.0,0.0
2014,seq-opt,citycar,p2-2-6-2-2.pddl,ok,68,702,0,False,0.2159,24,126,10,0.8,0.2,0,1.0,0.1
2014,seq-opt,citycar,p2-3-2-3-1.pddl,ok,102,542,0,False,0.1747,11,102,10,0.6,0.3,0,1.0,0.0
2014,seq-opt,citycar,p2-3-3-3-1.pddl,ok,104,725,0,False,0.1818,16,143,10,0.7,0.3,0,1.0,0.0
2014,seq-opt,citycar,p2-3-4-3-1.pddl,ok,106,908,0,False,0.1855,19,154,10,0.9,0.1,0,1.0,0.1
2014,seq-opt,citycar,p2-3-6-3-2.pddl,ok,110,1274,0,False,0.1894,27,186,10,0.9,0.1,0,1.0,0.1
2014,seq-opt,citycar,p3-3-2-2-1.pddl,ok,218,1220,0,False,0.1421,12,122,10,0.5,0.5,0,1.2,0.1
2014,seq-opt,citycar,p3-3-2-2-2.pddl,ok,218,1220,0,False,0.1421,12,122,10,0.5,0.4,0,1.0,0.1
2014,seq-opt,citycar,p3-3-2-3-1.pddl,ok,218,1220,0,False,0.1421,10,92,10,0.8,0.1,0,1.0,0.1
2014,seq-opt,citycar,p3-3-2-3-2.pddl,ok,218,1220,0,False,0.1421,11,102,10,0.3,0.7,0,1.143,0.3
2014,seq-opt,citycar,p3-3-3-3-1.pddl,ok,220,1630,0,False,0.1468,19,203,10,0.9,0.1,0,1.0,0.1
2014,seq-opt,citycar,p3-3-3-3-2.pddl,ok,220,1630,0,False,0.1468,15,123,10,1.0,0.0,0,,0.1
2014,seq-opt,floortile,p01-4-3-2.pddl,ok,19,188,0,False,0.0074,21,45,10,1.0,0.0,0,,0.0
2014,seq-opt,floortile,p01-4-4-2.pddl,ok,24,256,0,False,0.0053,30,58,10,1.0,0.0,0,,0.0
2014,seq-opt,floortile,p01-5-3-2.pddl,ok,22,232,0,False,0.006,28,55,10,1.0,0.0,0,,0.0
2014,seq-opt,floortile,p01-5-4-2.pddl,ok,28,316,0,False,0.0043,38,72,10,1.0,0.0,0,,0.0
2014,seq-opt,floortile,p01-5-5-2.pddl,ok,34,400,0,False,0.0034,48,85,10,1.0,0.0,0,,0.0
2014,seq-opt,floortile,p01-6-4-2.pddl,ok,32,376,0,False,0.0036,44,80,10,1.0,0.0,0,,0.0
2014,seq-opt,floortile,p01-6-5-2.pddl,ok,39,476,0,False,0.0028,53,93,10,1.0,0.0,0,,0.0
2014,seq-opt,floortile,p02-4-4-2.pddl,ok,24,256,0,False,0.0053,39,73,10,1.0,0.0,0,,0.0
2014,seq-opt,floortile,p02-5-3-2.pddl,ok,22,232,0,False,0.006,28,57,10,1.0,0.0,0,,0.0
2014,seq-opt,floortile,p02-5-4-2.pddl,ok,28,316,0,False,0.0043,39,81,10,0.8,0.2,0,1.0,0.0
2014,seq-opt,floortile,p02-5-5-2.pddl,ok,34,400,0,False,0.0034,41,80,10,1.0,0.0,0,,0.0
2014,seq-opt,floortile,p02-6-4-2.pddl,ok,32,376,0,False,0.0036,45,83,10,1.0,0.0,0,,0.0
2014,seq-opt,floortile,p02-6-5-2.pddl,ok,39,476,0,False,0.0028,57,111,10,0.9,0.1,0,1.0,0.0
2014,seq-opt,floortile,p03-4-3-2.pddl,ok,19,188,0,False,0.0074,23,51,10,0.9,0.1,0,1.0,0.0
2014,seq-opt,floortile,p03-4-4-2.pddl,ok,24,256,0,False,0.0053,30,62,10,1.0,0.0,0,,0.0
2014,seq-opt,floortile,p03-5-3-2.pddl,ok,22,232,0,False,0.006,27,56,10,0.9,0.1,0,2.0,0.0
2014,seq-opt,floortile,p03-5-4-2.pddl,ok,28,316,0,False,0.0043,33,65,10,0.9,0.1,0,2.0,0.0
2014,seq-opt,floortile,p03-5-5-2.pddl,ok,34,400,0,False,0.0034,42,79,10,1.0,0.0,0,,0.0
2014,seq-opt,floortile,p03-6-4-2.pddl,ok,32,376,0,False,0.0036,45,85,10,1.0,0.0,0,,0.0
2014,seq-opt,floortile,p03-6-5-2.pddl,ok,39,476,0,False,0.0028,51,93,10,0.9,0.1,0,1.0,0.0
2014,seq-opt,ged,d-1-2.pddl,ok,10,138,0,False,0.0541,1,1,10,0.1,0.8,0,1.0,0.0
2014,seq-opt,ged,d-1-3.pddl,ok,16,582,0,False,0.037,13,3,10,0.1,0.6,0,1.333,0.1
2014,seq-opt,ged,d-1-4.pddl,ok,10,138,0,False,0.0541,1,1,10,0.1,0.7,0,0.857,0.0
2014,seq-opt,ged,d-1-8.pddl,ok,18,798,0,False,0.0337,20,1,10,0.0,0.9,0,1.0,0.1
2014,seq-opt,ged,d-2-1.pddl,ok,10,138,0,False,0.0541,1,1,10,0.4,0.6,0,1.0,0.0
2014,seq-opt,ged,d-2-3.pddl,ok,14,400,0,False,0.0412,12,2,10,0.2,0.8,0,1.0,0.0
2014,seq-opt,ged,d-2-4.pddl,ok,12,252,0,False,0.0465,11,1,10,0.2,0.7,0,1.143,0.0
2014,seq-opt,ged,d-2-8.pddl,ok,22,1332,0,False,0.0287,22,2,10,0.1,0.8,0,1.0,0.2
2014,seq-opt,ged,d-3-1.pddl,ok,16,582,0,False,0.037,13,3,10,0.0,1.0,0,1.0,0.1
2014,seq-opt,ged,d-3-2.pddl,ok,14,400,0,False,0.0412,12,2,10,0.1,0.8,0,1.125,0.0
2014,seq-opt,ged,d-3-4.pddl,ok,18,798,0,False,0.0337,19,3,10,0.0,0.7,0,1.0,0.1
2014,seq-opt,ged,d-4-2.pddl,ok,12,252,0,False,0.0465,11,1,10,0.3,0.6,0,1.0,0.0
2014,seq-opt,ged,d-4-3.pddl,ok,18,798,0,False,0.0337,19,3,10,0.1,0.7,0,1.0,0.1
2014,seq-opt,ged,d-4-8.pddl,ok,22,1332,0,False,0.0287,22,2,10,0.0,0.7,0,1.0,0.2
2014,seq-opt,ged,d-7-5.pddl,ok,18,798,0,False,0.0337,20,1,10,0.1,0.6,0,1.0,0.1
2014,seq-opt,ged,d-7-6.pddl,ok,16,582,0,False,0.037,16,0,10,0.2,0.6,0,1.167,0.1
2014,seq-opt,ged,d-8-1.pddl,ok,18,798,0,False,0.0337,20,1,10,0.2,0.7,0,1.0,0.1
2014,seq-opt,ged,d-8-2.pddl,ok,22,1332,0,False,0.0287,22,2,10,0.0,0.8,0,1.0,0.2
2014,seq-opt,ged,d-8-4.pddl,ok,22,1332,0,False,0.0287,22,2,10,0.0,0.5,0,1.0,0.2
2014,seq-opt,ged,d-8-9.pddl,ok,22,1332,0,False,0.0287,26,3,10,0.0,0.9,0,1.0,0.2
2014,seq-opt,hiking,ptesting-1-2-3.pddl,ok,7,110,0,False,0.0392,7,7,10,0.0,1.0,0,1.2,0.0
2014,seq-opt,hiking,ptesting-1-2-4.pddl,ok,7,211,0,False,0.0266,11,11,10,0.0,1.0,0,3.3,0.5
2014,seq-opt,hiking,ptesting-1-2-5.pddl,ok,7,344,0,False,0.0202,15,15,10,0.0,0.9,1,1.889,0.6
2014,seq-opt,hiking,ptesting-1-2-7.pddl,ok,7,706,0,False,0.0136,23,23,10,0.0,0.7,3,1.571,2.4
2014,seq-opt,hiking,ptesting-1-2-8.pddl,ok,7,935,0,False,0.0117,27,27,10,0.0,0.2,8,1.5,7.1
2014,seq-opt,hiking,ptesting-2-2-3.pddl,ok,12,632,0,False,0.0235,11,11,10,0.0,1.0,0,1.3,0.4
2014,seq-opt,hiking,ptesting-2-2-4.pddl,ok,12,1228,0,False,0.0159,18,18,10,0.0,1.0,0,1.4,1.0
2014,seq-opt,hiking,ptesting-2-2-5.pddl,ok,12,2016,0,False,0.012,25,25,10,0.0,1.0,0,1.3,0.9
2014,seq-opt,hiking,ptesting-2-2-6.pddl,ok,12,2996,0,False,0.0096,32,32,10,0.0,0.8,2,1.625,6.2
2014,seq-opt,hiking,ptesting-2-2-7.pddl,ok,12,4168,0,False,0.008,39,39,10,0.0,0.8,2,1.375,6.3
2014,seq-opt,hiking,ptesting-2-2-8.pddl,ok,12,5532,0,False,0.0069,46,46,10,0.0,0.7,3,1.0,7.1
2014,seq-opt,hiking,ptesting-2-3-4.pddl,ok,13,1804,0,False,0.0107,18,18,10,0.0,1.0,0,1.5,2.1
2014,seq-opt,hiking,ptesting-2-3-5.pddl,ok,13,2976,0,False,0.008,25,25,10,0.0,0.9,1,1.111,4.0
2014,seq-opt,hiking,ptesting-2-3-6.pddl,ok,13,4436,0,False,0.0064,32,32,10,0.0,0.7,3,1.286,8.0
2014,seq-opt,hiking,ptesting-2-3-7.pddl,ok,13,6184,0,False,0.0054,40,40,10,0.0,0.7,3,1.286,7.7
2014,seq-opt,hiking,ptesting-2-4-3.pddl,ok,14,1208,0,False,0.012,11,11,10,0.0,0.9,1,1.0,1.4
2014,seq-opt,hiking,ptesting-2-4-4.pddl,ok,14,2380,0,False,0.008,18,18,10,0.0,1.0,0,1.5,1.8
2014,seq-opt,hiking,ptesting-2-4-5.pddl,ok,14,3936,0,False,0.006,26,26,10,0.0,0.7,3,1.0,6.7
2014,seq-opt,hiking,ptesting-2-4-6.pddl,ok,14,5876,0,False,0.0048,32,32,10,0.0,0.8,2,1.25,7.4
2014,seq-opt,hiking,ptesting-2-4-7.pddl,ok,14,8200,0,False,0.004,39,39,10,0.0,0.7,3,1.0,8.2
2014,seq-opt,maintenance,maintenance.1.3.010.010.2-000.pddl,ok,17,21,0,False,0.0,8,8,10,0.9,0.1,0,1.0,0.0
2014,seq-opt,maintenance,maintenance.1.3.010.010.2-001.pddl,ok,18,24,0,False,0.0,9,9,10,0.9,0.1,0,1.0,0.0
2014,seq-opt,maintenance,maintenance.1.3.010.010.2-002.pddl,ok,19,27,0,False,0.0,9,9,10,0.9,0.1,0,1.0,0.0
2014,seq-opt,maintenance,maintenance.1.3.015.020.2-001.pddl,ok,34,42,0,False,0.0,15,15,10,1.0,0.0,0,,0.0
2014,seq-opt,maintenance,maintenance.1.3.015.020.2-002.pddl,ok,33,39,0,False,0.0,14,14,10,0.9,0.1,0,1.0,0.0
2014,seq-opt,openstacks,p20_1.pddl,ok,41,840,0,False,0.2439,61,1,10,0.3,0.7,0,0.429,0.0
2014,seq-opt,openstacks,p20_2.pddl,ok,41,840,0,False,0.2439,61,1,10,0.1,0.9,0,0.111,0.0
2014,seq-opt,openstacks,p20_3.pddl,ok,41,840,0,False,0.2439,61,1,10,0.7,0.3,0,0.333,0.1
2014,seq-opt,openstacks,p25_1.pddl,ok,51,1300,0,False,0.2451,76,1,10,0.0,1.0,0,0.4,0.1
2014,seq-opt,openstacks,p25_3.pddl,ok,51,1300,0,False,0.2451,76,1,10,0.6,0.4,0,1.25,0.1
2014,seq-opt,openstacks,p30_1.pddl,ok,61,1860,0,False,0.2459,91,1,10,0.0,1.0,0,0.6,0.1
2014,seq-opt,openstacks,p30_2.pddl,ok,61,1860,0,False,0.2459,91,1,10,0.0,1.0,0,0.3,0.1
2014,seq-opt,openstacks,p30_3.pddl,ok,61,1860,0,False,0.2459,91,1,10,0.6,0.4,0,0.5,0.1
2014,seq-opt,openstacks,p35_1.pddl,ok,71,2520,0,False,0.2465,106,1,10,0.0,1.0,0,0.2,0.2
2014,seq-opt,openstacks,p35_2.pddl,ok,71,2520,0,False,0.2465,106,1,10,0.0,1.0,0,0.2,0.1
2014,seq-opt,openstacks,p35_3.pddl,ok,71,2520,0,False,0.2465,106,1,10,0.5,0.5,0,0.2,0.2
2014,seq-opt,openstacks,p40_1.pddl,ok,81,3280,0,False,0.2469,121,1,10,0.0,1.0,0,0.2,0.2
2014,seq-opt,openstacks,p40_2.pddl,ok,81,3280,0,False,0.2469,121,1,10,0.0,1.0,0,0.3,0.2
2014,seq-opt,openstacks,p40_3.pddl,ok,81,3280,0,False,0.2469,121,1,10,0.4,0.6,0,0.667,0.3
2014,seq-opt,openstacks,p45_1.pddl,ok,91,4140,0,False,0.2473,136,1,10,0.0,1.0,0,0.2,0.3
2014,seq-opt,openstacks,p45_2.pddl,ok,91,4140,0,False,0.2473,136,1,10,0.0,1.0,0,0.5,0.4
2014,seq-opt,openstacks,p45_3.pddl,ok,91,4140,0,False,0.2473,136,1,10,0.3,0.7,0,0.286,0.4
2014,seq-opt,openstacks,p50_1.pddl,ok,101,5100,0,False,0.2475,151,1,10,0.0,1.0,0,0.4,0.3
2014,seq-opt,openstacks,p50_2.pddl,ok,101,5100,0,False,0.2475,151,1,10,0.0,1.0,0,0.0,0.4
2014,seq-opt,openstacks,p50_3.pddl,ok,101,5100,0,False,0.2475,151,1,10,0.2,0.8,0,0.5,0.7
2014,seq-opt,parking,p_12_7-01.pddl,ok,43,3888,0,False,0.0,23,23,10,0.9,0.1,0,1.0,0.4
2014,seq-opt,parking,p_12_7-02.pddl,ok,43,3888,0,False,0.0,22,22,10,1.0,0.0,0,,0.4
2014,seq-opt,parking,p_12_7-03.pddl,ok,43,3888,0,False,0.0,22,22,10,0.7,0.3,0,1.0,0.8
2014,seq-opt,parking,p_12_7-04.pddl,ok,43,3888,0,False,0.0,22,22,10,0.9,0.1,0,1.0,0.5
2014,seq-opt,parking,p_14_8-01.pddl,ok,50,6174,0,False,0.0,27,27,10,1.0,0.0,0,,1.1
2014,seq-opt,parking,p_14_8-02.pddl,ok,50,6174,0,False,0.0,31,31,10,1.0,0.0,0,,1.5
2014,seq-opt,parking,p_14_8-03.pddl,ok,50,6174,0,False,0.0,29,29,10,0.9,0.1,0,1.0,1.3
2014,seq-opt,parking,p_14_8-04.pddl,ok,50,6174,0,False,0.0,27,27,10,0.8,0.2,0,1.5,1.3
2014,seq-opt,parking,p_16_9-01.pddl,ok,57,9216,0,False,0.0,33,33,10,1.0,0.0,0,,1.7
2014,seq-opt,parking,p_16_9-02.pddl,ok,57,9216,0,False,0.0,30,30,10,0.7,0.3,0,1.0,2.0
2014,seq-opt,parking,p_16_9-03.pddl,ok,57,9216,0,False,0.0,29,29,10,1.0,0.0,0,,1.6
2014,seq-opt,parking,p_16_9-04.pddl,ok,57,9216,0,False,0.0,34,34,10,1.0,0.0,0,,1.7
2014,seq-opt,parking,p_18_10-01.pddl,ok,64,13122,0,False,0.0,41,41,10,0.9,0.1,0,1.0,2.9
2014,seq-opt,parking,p_18_10-02.pddl,ok,64,13122,0,False,0.0,33,33,10,0.9,0.1,0,1.0,2.3
2014,seq-opt,parking,p_18_10-03.pddl,ok,64,13122,0,False,0.0,33,33,10,0.8,0.2,0,1.0,2.7
2014,seq-opt,parking,p_18_10-04.pddl,ok,64,13122,0,False,0.0,37,37,10,1.0,0.0,0,,2.2
2014,seq-opt,parking,p_20_11-01.pddl,ok,71,18000,0,False,0.0,39,39,10,0.8,0.2,0,1.0,4.1
2014,seq-opt,parking,p_20_11-02.pddl,ok,71,18000,0,False,0.0,37,37,10,0.8,0.2,0,1.0,4.3
2014,seq-opt,parking,p_20_11-03.pddl,ok,71,18000,0,False,0.0,40,40,10,0.9,0.1,0,1.0,3.5
2014,seq-opt,parking,p_20_11-04.pddl,ok,71,18000,0,False,0.0,39,39,10,0.8,0.2,0,1.0,4.4
2014,seq-opt,tetris,p01-10.pddl,ok,761,9532,0,False,0.1692,10,16,10,0.0,0.9,1,1.111,4.7
2014,seq-opt,tetris,p01-6.pddl,ok,431,5020,0,False,0.1729,9,17,10,0.0,1.0,0,1.0,1.0
2014,seq-opt,tetris,p01-8.pddl,ok,841,12712,0,False,0.1883,7,17,10,0.0,1.0,0,1.3,3.2
2014,seq-opt,tetris,p02-10.pddl,ok,761,9532,0,False,0.1692,12,21,10,0.0,1.0,0,1.1,2.4
2014,seq-opt,tetris,p02-4.pddl,ok,217,2648,0,False,0.1854,4,8,10,0.0,1.0,0,1.1,0.6
2014,seq-opt,tetris,p02-6.pddl,ok,606,8980,0,False,0.1879,7,15,10,0.0,1.0,0,1.2,2.1
2014,seq-opt,tetris,p02-8.pddl,ok,843,12920,0,False,0.1862,9,19,10,0.0,1.0,0,1.3,3.6
2014,seq-opt,tetris,p03-10.pddl,ok,1982,32588,0,False,0.1899,11,27,10,0.0,1.0,0,1.7,12.8
2014,seq-opt,tetris,p03-4.pddl,ok,172,2640,0,False,0.1867,5,7,10,0.0,1.0,0,1.4,0.5
2014,seq-opt,tetris,p03-6.pddl,ok,356,4844,0,False,0.178,7,11,10,0.0,1.0,0,1.4,1.6
2014,seq-opt,tetris,p03-8.pddl,ok,1442,24720,0,False,0.1923,8,20,10,0.0,0.9,0,1.222,9.2
2014,seq-opt,tetris,p04-10.pddl,ok,1924,25712,0,False,0.1825,12,28,10,0.0,0.9,1,1.0,9.0
2014,seq-opt,tetris,p04-6.pddl,ok,431,5020,0,False,0.1729,8,14,10,0.0,1.0,0,1.1,1.3
2014,seq-opt,tetris,p04-8.pddl,ok,1195,19048,0,False,0.1886,11,25,10,0.0,0.9,1,1.889,8.7
2014,seq-opt,tetris,p05-10.pddl,ok,1850,32136,0,False,0.1919,9,23,10,0.0,0.9,1,1.222,15.2
2014,seq-opt,tetris,p05-6.pddl,ok,354,4692,0,False,0.182,6,12,10,0.0,1.0,0,1.2,0.8
2014,seq-opt,tetris,p05-8.pddl,ok,1444,24928,0,False,0.1913,10,22,10,0.0,0.9,1,1.556,12.0
2014,seq-opt,tidybot,p01.pddl,ok,381,30393,0,False,0.0231,45,45,10,0.0,0.8,0,1.5,14.4
2014,seq-opt,tidybot,p02.pddl,ok,385,30657,0,False,0.0235,35,35,10,0.0,0.7,0,1.286,13.1
2014,seq-opt,tidybot,p03.pddl,ok,373,29842,0,False,0.0222,22,22,10,0.0,0.8,0,1.125,11.2
2014,seq-opt,tidybot,p04.pddl,ok,373,29889,0,False,0.0222,24,24,10,0.0,0.9,0,1.889,12.8
2014,seq-opt,tidybot,p05.pddl,ok,373,29864,0,False,0.0222,25,25,10,0.1,0.6,0,1.333,11.4
2014,seq-opt,tidybot,p06.pddl,ok,385,30681,0,False,0.0235,29,29,10,0.0,0.6,0,1.0,11.9
2014,seq-opt,tidybot,p07.pddl,ok,373,29843,0,False,0.0222,29,29,10,0.0,0.9,0,1.0,11.2
2014,seq-opt,tidybot,p08.pddl,ok,373,29889,0,False,0.0222,23,23,10,0.0,0.7,0,1.143,11.6
2014,seq-opt,tidybot,p09.pddl,ok,473,45090,0,False,0.0195,26,26,10,0.0,0.8,0,1.375,21.3
2014,seq-opt,tidybot,p10.pddl,ok,473,45042,0,False,0.0195,34,34,10,0.0,1.0,0,1.7,21.2
2014,seq-opt,tidybot,p11.pddl,ok,293,19255,0,False,0.0264,18,18,10,0.0,0.7,0,1.143,6.1
2014,seq-opt,tidybot,p12.pddl,ok,293,19255,0,False,0.0264,32,32,10,0.0,0.6,0,1.167,7.3
2014,seq-opt,tidybot,p13.pddl,ok,293,19255,0,False,0.0264,21,21,10,0.0,0.6,0,1.333,6.7
2014,seq-opt,tidybot,p14.pddl,ok,373,29865,0,False,0.0222,30,30,10,0.0,1.0,0,1.7,12.1
2014,seq-opt,tidybot,p15.pddl,ok,369,29650,0,False,0.0217,24,24,10,0.0,0.8,0,1.125,11.2
2014,seq-opt,tidybot,p16.pddl,ok,381,30465,0,False,0.023,34,34,10,0.0,0.8,0,1.5,12.2
2014,seq-opt,tidybot,p17.pddl,ok,377,30177,0,False,0.0226,29,29,10,0.0,0.9,0,1.111,10.5
2014,seq-opt,tidybot,p18.pddl,ok,373,29842,0,False,0.0222,27,27,10,0.0,0.9,0,1.444,12.2
2014,seq-opt,tidybot,p19.pddl,ok,377,30200,0,False,0.0226,25,25,10,0.0,0.8,0,1.5,12.2
2014,seq-opt,tidybot,p20.pddl,ok,381,30488,0,False,0.023,31,31,10,0.0,0.8,0,1.25,12.2
2014,seq-opt,transport,p01.pddl,ok,8,344,0,False,0.3976,11,90,10,0.0,1.0,0,1.0,0.0
2014,seq-opt,transport,p02.pddl,ok,8,708,0,False,0.4065,14,145,10,0.0,1.0,0,1.5,0.1
2014,seq-opt,transport,p03.pddl,ok,9,1040,0,False,0.4,17,232,10,0.0,0.9,0,1.0,0.1
2014,seq-opt,transport,p04.pddl,ok,11,1932,0,False,0.3971,22,236,10,0.0,0.9,0,1.0,0.2
2014,seq-opt,transport,p05.pddl,ok,12,2802,0,False,0.3993,30,447,10,0.0,1.0,0,1.0,0.2
2014,seq-opt,transport,p06.pddl,ok,12,3066,0,False,0.3946,26,318,10,0.0,1.0,0,1.0,0.2
2014,seq-opt,transport,p07.pddl,ok,8,688,0,False,0.3976,16,375,10,0.0,0.8,0,1.75,0.1
2014,seq-opt,transport,p08.pddl,ok,8,1404,0,False,0.4039,19,399,10,0.0,0.9,0,1.778,0.2
2014,seq-opt,transport,p09.pddl,ok,9,2088,0,False,0.4012,25,542,10,0.0,0.9,0,1.222,0.2
2014,seq-opt,transport,p10.pddl,ok,11,3882,0,False,0.3986,26,530,10,0.0,0.9,0,1.111,0.4
2014,seq-opt,transport,p11.pddl,ok,12,5616,0,False,0.4,33,602,10,0.0,0.8,0,1.125,0.6
2014,seq-opt,transport,p12.pddl,ok,12,6174,0,False,0.3967,35,669,10,0.0,0.6,0,1.0,1.4
2014,seq-opt,transport,p13.pddl,ok,8,1040,0,False,0.4,16,500,10,0.0,1.0,0,2.8,0.1
2014,seq-opt,transport,p14.pddl,ok,8,2116,0,False,0.4054,20,419,10,0.0,1.0,0,1.3,0.2
2014,seq-opt,transport,p15.pddl,ok,9,3128,0,False,0.4008,28,656,10,0.0,0.9,0,1.0,0.3
2014,seq-opt,transport,p16.pddl,ok,11,5844,0,False,0.3997,34,793,10,0.0,1.0,0,1.3,0.6
2014,seq-opt,transport,p17.pddl,ok,12,8388,0,False,0.3987,35,733,10,0.0,1.0,0,1.1,0.9
2014,seq-opt,transport,p18.pddl,ok,12,9306,0,False,0.3982,36,737,10,0.0,0.9,0,1.222,1.2
2014,seq-opt,transport,p19.pddl,ok,13,10746,0,False,0.395,39,925,10,0.0,1.0,0,1.1,1.2
2014,seq-opt,transport,p20.pddl,ok,13,10746,0,False,0.395,39,925,10,0.0,0.9,0,1.0,1.2
2014,seq-opt,visitall,p-05-10.pddl,ok,46,360,0,False,0.6923,77,77,10,0.0,1.0,0,1.1,0.0
2014,seq-opt,visitall,p-05-5.pddl,ok,18,80,0,False,0.5926,21,21,10,0.0,1.0,0,1.0,0.0
2014,seq-opt,visitall,p-05-6.pddl,ok,18,120,0,False,0.678,27,27,10,0.0,1.0,0,1.0,0.0
2014,seq-opt,visitall,p-05-7.pddl,ok,24,168,0,False,0.6829,39,39,10,0.0,0.8,0,1.0,0.0
2014,seq-opt,visitall,p-05-8.pddl,ok,31,224,0,False,0.6892,54,54,10,0.0,0.9,0,1.444,0.0
2014,seq-opt,visitall,p-05-9.pddl,ok,42,288,0,False,0.6698,63,63,10,0.0,1.0,0,1.2,0.0
2014,seq-opt,visitall,p-1-10.pddl,ok,100,360,0,False,0.5028,99,99,10,0.0,1.0,0,1.2,0.1
2014,seq-opt,visitall,p-1-11.pddl,ok,121,440,0,False,0.5023,120,120,10,0.0,1.0,0,1.0,0.1
2014,seq-opt,visitall,p-1-12.pddl,ok,144,528,0,False,0.5019,143,143,10,0.0,1.0,0,1.0,0.1
2014,seq-opt,visitall,p-1-13.pddl,ok,169,624,0,False,0.5016,168,168,10,0.0,1.0,0,1.2,0.2
2014,seq-opt,visitall,p-1-14.pddl,ok,196,728,0,False,0.5014,195,195,10,0.0,1.0,0,1.6,0.2
2014,seq-opt,visitall,p-1-15.pddl,ok,225,840,0,False,0.5012,224,224,10,0.0,1.0,0,1.0,0.2
2014,seq-opt,visitall,p-1-16.pddl,ok,256,960,0,False,0.501,255,255,10,0.0,1.0,0,1.0,0.2
2014,seq-opt,visitall,p-1-17.pddl,ok,289,1088,0,False,0.5009,288,288,10,0.0,1.0,0,1.3,0.2
2014,seq-opt,visitall,p-1-18.pddl,ok,324,1224,0,False,0.5008,323,323,10,0.0,1.0,0,1.0,0.3
2014,seq-opt,visitall,p-1-5.pddl,ok,25,80,0,False,0.5128,24,24,10,0.0,1.0,0,1.0,0.0
2014,seq-opt,visitall,p-1-6.pddl,ok,36,120,0,False,0.5085,35,35,10,0.0,1.0,0,1.3,0.0
2014,seq-opt,visitall,p-1-7.pddl,ok,49,168,0,False,0.506,48,48,10,0.0,1.0,0,1.3,0.1
2014,seq-opt,visitall,p-1-8.pddl,ok,64,224,0,False,0.5045,63,63,10,0.0,1.0,0,1.5,0.1
2014,seq-opt,visitall,p-1-9.pddl,ok,81,288,0,False,0.5035,80,80,10,0.0,0.9,1,1.444,0.4
2014,seq-sat,barman,p1-11-4-15.pddl,ok,353,2344,0,False,0.0597,37,37,10,0.1,0.9,0,1.111,0.4
2014,seq-sat,barman,p1-11-5-15.pddl,ok,384,2644,0,False,0.0646,40,40,10,0.2,0.8,0,1.125,0.5
2014,seq-sat,barman,p1-11-5-16.pddl,ok,408,2814,0,False,0.0647,38,38,10,0.5,0.5,0,1.4,0.6
2014,seq-sat,barman,p2-10-4-13.pddl,ok,295,1958,0,False,0.0617,33,33,10,0.1,0.9,0,1.333,0.4
2014,seq-sat,barman,p2-11-4-15.pddl,ok,353,2344,0,False,0.0597,36,36,10,0.3,0.7,0,1.429,0.5
2014,seq-sat,barman,p2-11-5-15.pddl,ok,384,2644,0,False,0.0646,37,37,10,0.3,0.6,0,2.0,0.7
2014,seq-sat,barman,p2-11-5-16.pddl,ok,408,2814,0,False,0.0647,39,39,10,0.2,0.8,0,1.5,0.8
2014,seq-sat,barman,p2-11-5-17.pddl,ok,432,2984,0,False,0.0649,42,42,10,0.2,0.8,0,1.375,0.7
2014,seq-sat,barman,p3-10-4-13.pddl,ok,295,1958,0,False,0.0617,33,33,10,0.2,0.8,0,1.25,0.4
2014,seq-sat,barman,p3-11-4-15.pddl,ok,353,2344,0,False,0.0597,36,36,10,0.2,0.8,0,1.375,0.5
2014,seq-sat,barman,p3-11-5-15.pddl,ok,384,2644,0,False,0.0646,40,40,10,0.1,0.9,0,1.444,0.6
2014,seq-sat,barman,p3-11-5-16.pddl,ok,408,2814,0,False,0.0647,38,38,10,0.3,0.7,0,1.286,0.6
2014,seq-sat,barman,p3-11-5-17.pddl,ok,432,2984,0,False,0.0649,40,40,10,0.5,0.5,0,1.4,0.5
2014,seq-sat,barman,p4-11-4-14.pddl,ok,331,2194,0,False,0.0595,35,35,10,0.3,0.7,0,1.143,0.4
2014,seq-sat,barman,p4-11-4-15.pddl,ok,353,2344,0,False,0.0597,37,37,10,0.0,0.9,0,1.667,0.8
2014,seq-sat,barman,p4-11-5-15.pddl,ok,384,2644,0,False,0.0646,38,38,10,0.1,0.9,0,1.0,0.5
2014,seq-sat,barman,p5-10-4-13.pddl,ok,295,1958,0,False,0.0617,33,33,10,0.5,0.5,0,1.0,0.3
2014,seq-sat,barman,p5-11-4-15.pddl,ok,353,2344,0,False,0.0597,37,37,10,0.2,0.8,0,1.125,0.4
2014,seq-sat,barman,p5-11-5-15.pddl,ok,384,2644,0,False,0.0646,39,39,10,0.3,0.7,0,2.571,1.1
2014,seq-sat,barman,p5-11-5-16.pddl,ok,408,2814,0,False,0.0647,39,39,10,0.3,0.7,0,1.714,0.8
2014,seq-sat,cavediving,testing01.pddl,ok,177,4092,0,False,0.2439,18,152,10,1.0,0.0,0,,0.2
2014,seq-sat,cavediving,testing01_easy.pddl,ok,146,2772,0,False,0.2313,17,94,10,0.9,0.0,0,,0.1
2014,seq-sat,cavediving,testing02_easy.pddl,ok,146,2772,0,False,0.2313,17,98,10,1.0,0.0,0,,0.1
2014,seq-sat,cavediving,testing03_easy.pddl,ok,146,2772,0,False,0.2317,17,177,10,1.0,0.0,0,,0.1
2014,seq-sat,cavediving,testing04_easy.pddl,ok,146,2772,0,False,0.2311,17,143,10,0.8,0.2,0,1.0,0.1
2014,seq-sat,cavediving,testing05A_easy.pddl,ok,49,496,0,False,0.2175,10,81,10,1.0,0.0,0,,0.0
2014,seq-sat,cavediving,testing06A_easy.pddl,ok,49,496,0,False,0.2175,10,82,10,0.9,0.1,0,1.0,0.0
2014,seq-sat,cavediving,testing07_easy.pddl,ok,49,496,0,False,0.2184,10,118,10,0.9,0.1,0,1.0,0.0
2014,seq-sat,cavediving,testing08_easy.pddl,ok,49,496,0,False,0.2175,10,77,10,1.0,0.0,0,,0.0
2014,seq-sat,cavediving,testing09_easy.pddl,ok,453,14160,0,False,0.2396,30,386,10,1.0,0.0,0,,0.9
2014,seq-sat,cavediving,testing10_easy.pddl,ok,453,14160,0,False,0.2395,30,274,10,1.0,0.0,0,,0.9
2014,seq-sat,cavediving,testing11_easy.pddl,ok,453,14160,0,False,0.2394,30,435,10,0.9,0.1,0,1.0,0.9
2014,seq-sat,cavediving,testing12_easy.pddl,ok,453,14160,0,False,0.2395,30,423,10,1.0,0.0,0,,0.9
2014,seq-sat,cavediving,testing13_easy.pddl,ok,176,4092,0,False,0.2448,17,183,10,0.9,0.1,0,1.0,0.2
2014,seq-sat,cavediving,testing14_easy.pddl,ok,176,4092,0,False,0.2448,17,211,10,0.9,0.1,0,1.0,0.2
2014,seq-sat,cavediving,testing15_easy.pddl,ok,161,3432,0,False,0.2396,17,137,10,1.0,0.0,0,,0.2
2014,seq-sat,cavediving,testing16_easy.pddl,ok,176,4092,0,False,0.2452,17,141,10,0.8,0.2,0,1.0,0.2
2014,seq-sat,cavediving,testing18A_easy.pddl,ok,63,804,0,False,0.2394,10,118,10,0.7,0.3,0,1.333,0.1
2014,seq-sat,cavediving,testing18_easy.pddl,ok,70,958,0,False,0.2451,10,118,10,0.6,0.3,0,1.333,0.0
2014,seq-sat,cavediving,testing20A_easy.pddl,ok,63,804,0,False,0.2386,10,85,10,1.0,0.0,0,,0.0
2014,seq-sat,childsnack,child-snack_pfile05-2.pddl,ok,59,1973,0,False,0.0064,16,16,10,0.7,0.3,0,1.0,0.1
2014,seq-sat,childsnack,child-snack_pfile05.pddl,ok,59,1973,0,False,0.0064,16,16,10,0.6,0.4,0,1.0,0.2
2014,seq-sat,childsnack,child-snack_pfile06-2.pddl,ok,66,2631,0,False,0.0048,17,17,10,0.5,0.5,0,1.2,0.2
2014,seq-sat,childsnack,child-snack_pfile07-2.pddl,ok,71,3220,0,False,0.0039,18,18,10,0.8,0.2,0,1.0,0.3
2014,seq-sat,childsnack,child-snack_pfile08-2.pddl,ok,76,4048,0,False,0.0031,19,19,10,0.4,0.5,0,1.0,0.2
2014,seq-sat,childsnack,child-snack_pfile08.pddl,ok,76,4048,0,False,0.0031,19,19,10,0.5,0.5,0,1.0,1.2
2014,seq-sat,childsnack,child-snack_pfile09-2.pddl,ok,83,5090,0,False,0.0024,20,20,10,0.9,0.1,0,1.0,0.3
2014,seq-sat,childsnack,child-snack_pfile09.pddl,ok,83,5090,0,False,0.0024,20,20,10,0.6,0.4,0,1.0,0.7
2014,seq-sat,childsnack,child-snack_pfile10-2.pddl,ok,88,6216,0,False,0.002,21,21,10,0.4,0.6,0,1.0,0.3
2014,seq-sat,childsnack,child-snack_pfile10.pddl,ok,88,6216,0,False,0.002,21,21,10,0.6,0.4,0,1.25,0.3
2014,seq-sat,childsnack,child-snack_pfile11-2.pddl,ok,93,7239,0,False,0.0017,22,22,10,0.4,0.6,0,1.0,3.4
2014,seq-sat,childsnack,child-snack_pfile11.pddl,ok,93,7239,0,False,0.0017,22,22,10,0.7,0.3,0,1.0,0.4
2014,seq-sat,childsnack,child-snack_pfile12.pddl,ok,101,9179,0,False,0.0018,23,23,10,0.4,0.6,0,1.0,0.6
2014,seq-sat,childsnack,child-snack_pfile13-2.pddl,ok,106,10824,0,False,0.0015,24,24,10,0.7,0.3,0,1.0,0.6
2014,seq-sat,childsnack,child-snack_pfile13.pddl,ok,106,10824,0,False,0.0015,24,24,10,0.8,0.1,1,1.0,3.0
2014,seq-sat,childsnack,child-snack_pfile14.pddl,ok,111,12298,0,False,0.0013,25,25,10,0.7,0.2,1,1.0,2.7
2014,seq-sat,childsnack,child-snack_pfile15-2.pddl,ok,116,14296,0,False,0.0011,26,26,10,0.3,0.6,0,1.167,2.8
2014,seq-sat,childsnack,child-snack_pfile16-2.pddl,ok,123,16652,0,False,0.001,27,27,10,0.7,0.3,0,1.0,1.0
2014,seq-sat,childsnack,child-snack_pfile19-2.pddl,ok,140,24272,0,False,0.0007,30,30,10,0.7,0.3,0,1.0,1.5
2014,seq-sat,childsnack,child-snack_pfile19.pddl,ok,140,24272,0,False,0.0007,30,30,10,0.3,0.7,0,1.0,1.5
2014,seq-sat,citycar,p3-2-2-0-1.pddl,ok,218,1220,0,False,0.1421,12,122,10,0.7,0.2,0,1.0,0.1
2014,seq-sat,citycar,p3-3-2-0-1.pddl,ok,220,1630,0,False,0.1468,18,183,10,0.7,0.1,0,2.0,0.2
2014,seq-sat,citycar,p3-4-2-0-1.pddl,ok,222,2040,0,False,0.1492,17,114,10,0.7,0.3,0,1.0,0.3
2014,seq-sat,citycar,p3-5-2-0-1.pddl,ok,224,2450,0,False,0.1507,24,185,10,1.0,0.0,0,,0.2
2014,seq-sat,citycar,p3-5-2-0-2.pddl,ok,224,2450,0,False,0.1507,21,135,10,0.7,0.2,0,1.0,0.2
2014,seq-sat,citycar,p4-2-2-0-1.pddl,ok,530,3058,0,False,0.1032,12,122,10,0.8,0.2,0,1.5,0.2
2014,seq-sat,citycar,p4-2-3-0-1.pddl,ok,530,3058,0,False,0.1032,12,122,10,0.6,0.3,0,1.0,0.3
2014,seq-sat,citycar,p4-2-3-0-2.pddl,ok,530,3058,0,False,0.1032,12,122,10,0.7,0.3,0,1.333,0.3
2014,seq-sat,citycar,p4-3-2-0-1.pddl,ok,532,4083,0,False,0.1056,15,133,10,1.0,0.0,0,,0.3
2014,seq-sat,citycar,p4-3-2-0-2.pddl,ok,532,4083,0,False,0.1056,17,163,10,0.6,0.2,0,1.0,0.5
2014,seq-sat,citycar,p4-3-3-0-1.pddl,ok,532,4083,0,False,0.1056,18,183,10,0.7,0.3,0,1.667,0.5
2014,seq-sat,citycar,p4-3-3-0-2.pddl,ok,532,4083,0,False,0.1056,15,133,10,0.7,0.3,0,1.333,1.0
2014,seq-sat,citycar,p4-4-2-0-1.pddl,ok,534,5108,0,False,0.1069,21,184,10,0.7,0.1,2,1.0,4.5
2014,seq-sat,citycar,p4-4-2-0-2.pddl,ok,534,5108,0,False,0.1069,18,134,10,0.7,0.2,0,1.0,0.5
2014,seq-sat,citycar,p4-4-3-0-1.pddl,ok,534,5108,0,False,0.1069,24,244,10,0.9,0.1,0,1.0,0.5
2014,seq-sat,citycar,p4-4-3-0-2.pddl,ok,534,5108,0,False,0.1069,20,174,10,0.8,0.2,0,1.0,0.5
2014,seq-sat,citycar,p4-5-2-0-1.pddl,ok,536,6133,0,False,0.1076,24,185,10,0.9,0.1,0,1.0,0.7
2014,seq-sat,citycar,p4-5-2-0-2.pddl,ok,536,6133,0,False,0.1076,23,165,10,0.7,0.2,0,1.0,0.9
2014,seq-sat,citycar,p4-5-3-0-1.pddl,ok,536,6133,0,False,0.1076,27,245,10,0.9,0.0,0,,1.6
2014,seq-sat,citycar,p4-5-3-0-2.pddl,ok,536,6133,0,False,0.1076,24,185,10,0.8,0.2,0,1.5,0.8
2014,seq-sat,floortile,p01-4-3-2.pddl,ok,19,188,0,False,0.0074,21,45,10,1.0,0.0,0,,0.0
2014,seq-sat,floortile,p01-5-4-2.pddl,ok,28,316,0,False,0.0043,38,72,10,1.0,0.0,0,,0.0
2014,seq-sat,floortile,p01-5-5-2.pddl,ok,34,400,0,False,0.0034,48,85,10,0.9,0.1,0,1.0,0.0
2014,seq-sat,floortile,p01-6-4-2.pddl,ok,32,376,0,False,0.0036,44,80,10,1.0,0.0,0,,0.0
2014,seq-sat,floortile,p01-6-5-2.pddl,ok,39,476,0,False,0.0028,53,93,10,1.0,0.0,0,,0.0
2014,seq-sat,floortile,p01-6-5-3.pddl,ok,41,714,0,False,0.0028,54,102,10,1.0,0.0,0,,0.1
2014,seq-sat,floortile,p02-5-4-2.pddl,ok,28,316,0,False,0.0043,39,81,10,1.0,0.0,0,,0.0
2014,seq-sat,floortile,p02-6-4-2.pddl,ok,32,376,0,False,0.0036,45,83,10,0.9,0.1,0,1.0,0.0
2014,seq-sat,floortile,p02-6-5-2.pddl,ok,39,476,0,False,0.0028,57,111,10,1.0,0.0,0,,0.0
2014,seq-sat,floortile,p02-6-5-3.pddl,ok,41,714,0,False,0.0028,57,103,10,0.9,0.1,0,1.0,0.1
2014,seq-sat,floortile,p03-6-4-2.pddl,ok,32,376,0,False,0.0036,45,85,10,1.0,0.0,0,,0.0
2014,seq-sat,floortile,p03-6-5-2.pddl,ok,39,476,0,False,0.0028,51,93,10,1.0,0.0,0,,0.0
2014,seq-sat,floortile,p03-6-5-3.pddl,ok,41,714,0,False,0.0028,53,105,10,0.9,0.1,0,1.0,0.1
2014,seq-sat,floortile,p04-5-4-2.pddl,ok,28,316,0,False,0.0043,42,82,10,1.0,0.0,0,,0.0
2014,seq-sat,floortile,p04-5-5-2.pddl,ok,34,400,0,False,0.0034,50,99,10,1.0,0.0,0,,0.0
2014,seq-sat,floortile,p04-6-5-2.pddl,ok,39,476,0,False,0.0028,66,120,10,1.0,0.0,0,,0.0
2014,seq-sat,floortile,p04-6-5-3.pddl,ok,41,714,0,False,0.0028,51,99,10,1.0,0.0,0,,0.0
2014,seq-sat,floortile,p05-4-3-2.pddl,ok,19,188,0,False,0.0074,21,41,10,0.9,0.1,0,1.0,0.0
2014,seq-sat,floortile,p05-6-5-2.pddl,ok,39,476,0,False,0.0028,63,103,10,1.0,0.0,0,,0.1
2014,seq-sat,floortile,p05-6-5-3.pddl,ok,41,714,0,False,0.0028,55,105,10,1.0,0.0,0,,0.1
2014,seq-sat,ged,d-10-1.pddl,ok,38,4828,0,False,0.0181,55,8,10,0.0,0.9,0,1.0,0.7
2014,seq-sat,ged,d-10-2.pddl,ok,38,4828,0,False,0.0181,56,9,10,0.0,0.9,0,1.0,0.9
2014,seq-sat,ged,d-10-3.pddl,ok,40,5418,0,False,0.0173,61,11,10,0.0,0.7,0,1.143,1.0
2014,seq-sat,ged,d-10-4.pddl,ok,38,4828,0,False,0.0181,53,8,10,0.0,0.6,0,1.0,1.2
2014,seq-sat,ged,d-10-5.pddl,ok,46,7392,0,False,0.0153,70,11,10,0.0,0.8,0,1.0,1.6
2014,seq-sat,ged,d-10-6.pddl,ok,46,7392,0,False,0.0153,71,12,10,0.0,0.5,0,1.0,1.9
2014,seq-sat,ged,d-11-1.pddl,ok,40,5418,0,False,0.0173,57,5,10,0.0,0.8,0,1.0,0.8
2014,seq-sat,ged,d-11-3.pddl,ok,40,5418,0,False,0.0173,59,7,10,0.0,0.9,0,1.0,0.9
2014,seq-sat,ged,d-11-5.pddl,ok,44,6700,0,False,0.0159,66,8,10,0.0,0.7,0,1.0,1.2
2014,seq-sat,ged,d-11-6.pddl,ok,42,6042,0,False,0.0166,64,9,10,0.0,0.9,0,1.0,0.9
2014,seq-sat,ged,d-12-11.pddl,ok,42,6042,0,False,0.0166,60,7,10,0.0,0.5,0,1.0,1.1
2014,seq-sat,ged,d-12-2.pddl,ok,50,8878,0,False,0.0142,73,8,10,0.0,0.6,0,1.0,2.1
2014,seq-sat,ged,d-12-3.pddl,ok,52,9672,0,False,0.0137,79,9,10,0.0,0.6,0,1.167,3.0
2014,seq-sat,ged,d-12-5.pddl,ok,54,10500,0,False,0.0133,83,10,10,0.0,0.7,0,1.143,2.1
2014,seq-sat,ged,d-12-6.pddl,ok,50,8878,0,False,0.0142,78,11,10,0.0,0.6,0,1.0,2.0
2014,seq-sat,ged,d-12-7.pddl,ok,52,9672,0,False,0.0137,80,10,10,0.0,0.5,0,1.0,2.9
2014,seq-sat,ged,d-12-8.pddl,ok,56,11362,0,False,0.0129,85,9,10,0.0,0.8,0,1.0,2.6
2014,seq-sat,ged,d-12-9.pddl,ok,56,11362,0,False,0.0129,86,12,10,0.0,0.8,0,1.0,3.0
2014,seq-sat,ged,d-3-6.pddl,ok,40,5418,0,False,0.0173,55,5,10,0.0,0.6,0,1.0,0.9
2014,seq-sat,ged,d-9-5.pddl,ok,42,6042,0,False,0.0166,59,4,10,0.0,0.6,0,1.0,1.0
2014,seq-sat,hiking,ptesting-1-2-7.pddl,ok,7,706,0,False,0.0136,23,23,10,0.0,0.5,5,1.4,3.4
2014,seq-sat,hiking,ptesting-1-2-8.pddl,ok,7,935,0,False,0.0117,27,27,10,0.0,0.2,8,1.5,7.3
2014,seq-sat,hiking,ptesting-2-2-6.pddl,ok,12,2996,0,False,0.0096,32,32,10,0.0,1.0,0,1.1,1.1
2014,seq-sat,hiking,ptesting-2-2-7.pddl,ok,12,4168,0,False,0.008,39,39,10,0.0,0.9,1,1.222,5.1
2014,seq-sat,hiking,ptesting-2-2-8.pddl,ok,12,5532,0,False,0.0069,46,46,10,0.0,0.4,6,1.25,13.3
2014,seq-sat,hiking,ptesting-2-3-6.pddl,ok,13,4436,0,False,0.0064,32,32,10,0.0,0.9,1,1.556,8.4
2014,seq-sat,hiking,ptesting-2-3-7.pddl,ok,13,6184,0,False,0.0054,40,40,10,0.0,0.7,3,1.143,9.5
2014,seq-sat,hiking,ptesting-2-3-8.pddl,ok,13,8220,0,False,0.0046,46,46,10,0.0,0.6,4,1.0,9.8
2014,seq-sat,hiking,ptesting-2-4-5.pddl,ok,14,3936,0,False,0.006,26,26,10,0.0,1.0,0,1.2,2.7
2014,seq-sat,hiking,ptesting-2-4-6.pddl,ok,14,5876,0,False,0.0048,32,32,10,0.0,0.7,3,1.143,8.7
2014,seq-sat,hiking,ptesting-2-4-7.pddl,ok,14,8200,0,False,0.004,39,39,10,0.0,0.5,5,1.2,13.6
2014,seq-sat,hiking,ptesting-2-4-8.pddl,ok,14,10908,0,False,0.0035,47,47,10,0.0,0.4,6,1.25,15.5
2014,seq-sat,hiking,ptesting-3-3-5.pddl,ok,18,8856,0,False,0.0058,35,35,10,0.0,0.7,3,1.286,10.6
2014,seq-sat,hiking,ptesting-3-3-6.pddl,ok,18,13221,0,False,0.0046,45,45,10,0.0,0.5,5,1.0,13.3
2014,seq-sat,hiking,ptesting-3-3-7.pddl,ok,18,18450,0,False,0.0039,55,55,10,0.0,0.7,3,1.0,12.1
2014,seq-sat,hiking,ptesting-3-3-8.pddl,ok,18,24543,0,False,0.0033,66,66,10,0.0,0.7,3,1.0,12.2
2014,seq-sat,hiking,ptesting-3-4-5.pddl,ok,19,11736,0,False,0.0043,35,35,10,0.0,0.8,2,1.0,8.9
2014,seq-sat,hiking,ptesting-3-4-6.pddl,ok,19,17541,0,False,0.0035,45,45,10,0.0,0.5,5,1.0,15.9
2014,seq-sat,hiking,ptesting-3-4-7.pddl,ok,19,24498,0,False,0.0029,56,56,10,0.0,0.8,2,1.0,11.4
2014,seq-sat,hiking,ptesting-3-4-8.pddl,ok,19,32607,0,False,0.0025,65,65,10,0.0,0.8,2,1.0,14.1
2014,seq-sat,maintenance,maintenance.1.3.060.180.5-000.pddl,ok,240,180,0,False,0.0,74,74,10,0.8,0.2,0,1.0,0.0
2014,seq-sat,maintenance,maintenance.1.3.060.180.5-001.pddl,ok,240,180,0,False,0.0,74,74,10,0.9,0.1,0,1.0,0.0
2014,seq-sat,maintenance,maintenance.1.3.060.180.5-002.pddl,ok,240,180,0,False,0.0,67,67,10,1.0,0.0,0,,0.0
2014,seq-sat,maintenance,maintenance.1.3.100.300.5-000.pddl,ok,400,300,0,False,0.0,121,121,10,0.9,0.1,0,1.0,0.0
2014,seq-sat,maintenance,maintenance.1.3.100.300.5-001.pddl,ok,400,300,0,False,0.0,120,120,10,1.0,0.0,0,,0.0
2014,seq-sat,maintenance,maintenance.1.3.100.300.7-000.pddl,ok,400,300,0,False,0.0,107,107,10,1.0,0.0,0,,0.0
2014,seq-sat,maintenance,maintenance.1.3.100.300.7-001.pddl,ok,400,300,0,False,0.0,99,99,10,0.8,0.2,0,1.0,0.0
2014,seq-sat,maintenance,maintenance.1.3.100.300.7-002.pddl,ok,400,300,0,False,0.0,98,98,10,0.7,0.3,0,1.0,0.0
2014,seq-sat,maintenance,maintenance.1.3.150.500.6-001.pddl,ok,650,450,0,False,0.0,165,165,10,0.8,0.2,0,1.0,0.1
2014,seq-sat,maintenance,maintenance.1.3.200.500.5-001.pddl,ok,700,600,0,False,0.0,231,231,10,1.0,0.0,0,,0.1
2014,seq-sat,maintenance,maintenance.1.3.200.500.5-002.pddl,ok,700,600,0,False,0.0,221,221,10,1.0,0.0,0,,0.1
2014,seq-sat,maintenance,maintenance.1.3.200.700.7-000.pddl,ok,900,600,0,False,0.0,229,229,10,1.0,0.0,0,,0.1
2014,seq-sat,maintenance,maintenance.1.3.200.700.7-001.pddl,ok,900,600,0,False,0.0,209,209,10,0.9,0.1,0,1.0,0.1
2014,seq-sat,maintenance,maintenance.1.3.200.700.7-002.pddl,ok,900,600,0,False,0.0,205,205,10,0.8,0.2,0,1.0,0.1
2014,seq-sat,maintenance,maintenance.1.3.200.900.5-000.pddl,ok,1100,600,0,False,0.0,294,294,10,1.0,0.0,0,,0.1
2014,seq-sat,maintenance,maintenance.1.3.200.900.5-001.pddl,ok,1100,600,0,False,0.0,266,266,10,0.9,0.1,0,1.0,0.1
2014,seq-sat,maintenance,maintenance.1.3.200.900.5-002.pddl,ok,1100,600,0,False,0.0,263,263,10,1.0,0.0,0,,0.1
2014,seq-sat,maintenance,maintenance.1.3.200.900.8-000.pddl,ok,1100,600,0,False,0.0,210,210,10,1.0,0.0,0,,0.1
2014,seq-sat,maintenance,maintenance.1.3.200.900.8-001.pddl,ok,1100,600,0,False,0.0,208,208,10,1.0,0.0,0,,0.1
2014,seq-sat,maintenance,maintenance.1.3.200.900.8-002.pddl,ok,1100,600,0,False,0.0,210,210,10,1.0,0.0,0,,0.1
2014,seq-sat,openstacks,p170_2.pddl,ok,341,58140,0,False,0.2493,511,1,10,0.0,0.9,1,0.222,14.1
2014,seq-sat,openstacks,p170_3.pddl,ok,341,58140,0,False,0.2493,511,1,10,0.1,0.9,0,0.333,20.1
2014,seq-sat,openstacks,p190_1.pddl,ok,381,72580,0,False,0.2493,571,1,10,0.0,1.0,0,0.3,17.0
2014,seq-sat,openstacks,p190_2.pddl,ok,381,72580,0,False,0.2493,571,1,10,0.0,1.0,0,0.3,19.0
2014,seq-sat,openstacks,p190_3.pddl,ok,381,72580,0,False,0.2493,571,1,10,0.1,0.9,0,0.444,23.5
2014,seq-sat,openstacks,p210_1.pddl,ok,421,88620,0,False,0.2494,631,1,10,0.0,1.0,0,0.4,21.0
2014,seq-sat,openstacks,p210_2.pddl,ok,421,88620,0,False,0.2494,631,1,10,0.0,1.0,0,0.3,20.9
2014,seq-sat,openstacks,p210_3.pddl,ok,421,88620,0,False,0.2494,631,1,10,0.3,0.5,2,0.6,41.3
2014,seq-sat,openstacks,p230_1.pddl,ok,461,106260,0,False,0.2495,691,1,10,0.0,0.9,1,0.222,29.5
2014,seq-sat,openstacks,p230_2.pddl,ok,461,106260,0,False,0.2495,691,1,10,0.0,1.0,0,0.6,28.4
2014,seq-sat,openstacks,p230_3.pddl,ok,461,106260,0,False,0.2495,691,1,10,0.5,0.5,0,0.4,54.1
2014,seq-sat,openstacks,p250_1.pddl,ok,501,125500,0,False,0.2495,751,1,10,0.0,0.9,1,0.556,33.3
2014,seq-sat,openstacks,p250_2.pddl,ok,501,125500,0,False,0.2495,751,1,10,0.0,1.0,0,0.2,42.1
2014,seq-sat,openstacks,p250_3.pddl,ok,501,125500,0,False,0.2495,751,1,10,0.6,0.4,0,0.25,74.2
2014,seq-sat,openstacks,p270_1.pddl,ok,541,146340,0,False,0.2495,811,1,10,0.0,1.0,0,0.6,46.6
2014,seq-sat,openstacks,p270_2.pddl,ok,541,146340,0,False,0.2495,811,1,10,0.0,1.0,0,0.3,53.4
2014,seq-sat,openstacks,p270_3.pddl,ok,541,146340,0,False,0.2495,811,1,10,0.3,0.7,0,0.143,93.5
2014,seq-sat,openstacks,p290_1.pddl,ok,581,168780,0,False,0.2496,871,1,10,0.0,1.0,0,0.0,68.8
2014,seq-sat,openstacks,p290_2.pddl,ok,581,168780,0,False,0.2496,871,1,10,0.0,0.9,1,0.111,69.1
2014,seq-sat,openstacks,p290_3.pddl,ok,581,168780,0,False,0.2496,871,1,10,0.3,0.6,1,0.0,110.8
2014,seq-sat,parking,p_28_2.pddl,ok,99,49392,0,False,0.0,54,54,10,0.8,0.1,0,1.0,19.2
2014,seq-sat,parking,p_28_3.pddl,ok,99,49392,0,False,0.0,58,58,10,1.0,0.0,0,,16.5
2014,seq-sat,parking,p_30_1.pddl,ok,106,60750,0,False,0.0,69,69,10,1.0,0.0,0,,23.2
2014,seq-sat,parking,p_30_2.pddl,ok,106,60750,0,False,0.0,64,64,10,0.9,0.1,0,1.0,23.2
2014,seq-sat,parking,p_30_3.pddl,ok,106,60750,0,False,0.0,59,59,10,1.0,0.0,0,,22.3
2014,seq-sat,parking,p_32_1.pddl,ok,113,73728,0,False,0.0,60,60,10,0.9,0.1,0,1.0,30.1
2014,seq-sat,parking,p_32_2.pddl,ok,113,73728,0,False,0.0,69,69,10,1.0,0.0,0,,30.9
2014,seq-sat,parking,p_32_3.pddl,ok,113,73728,0,False,0.0,68,68,10,1.0,0.0,0,,29.0
2014,seq-sat,parking,p_34_1.pddl,ok,120,88434,0,False,0.0,74,74,10,1.0,0.0,0,,41.7
2014,seq-sat,parking,p_34_2.pddl,ok,120,88434,0,False,0.0,68,68,10,0.9,0.0,1,,43.1
2014,seq-sat,parking,p_34_3.pddl,ok,120,88434,0,False,0.0,68,68,10,1.0,0.0,0,,40.4
2014,seq-sat,parking,p_36_1.pddl,ok,127,104976,0,False,0.0,70,70,10,0.8,0.1,1,1.0,56.0
2014,seq-sat,parking,p_36_2.pddl,ok,127,104976,0,False,0.0,72,72,10,0.9,0.1,0,1.0,55.2
2014,seq-sat,parking,p_36_3.pddl,ok,127,104976,0,False,0.0,67,67,10,0.9,0.1,0,1.0,54.1
2014,seq-sat,parking,p_38_1.pddl,ok,134,123462,0,False,0.0,81,81,10,1.0,0.0,0,,74.6
2014,seq-sat,parking,p_38_2.pddl,ok,134,123462,0,False,0.0,76,76,10,0.7,0.1,2,1.0,75.3
2014,seq-sat,parking,p_38_3.pddl,ok,134,123462,0,False,0.0,73,73,10,0.8,0.0,2,,76.8
2014,seq-sat,parking,p_40_1.pddl,ok,141,144000,0,False,0.0,78,78,10,1.0,0.0,0,,93.9
2014,seq-sat,parking,p_40_2.pddl,ok,141,144000,0,False,0.0,82,82,10,1.0,0.0,0,,98.4
2014,seq-sat,parking,p_40_3.pddl,ok,141,144000,0,False,0.0,88,88,10,1.0,0.0,0,,96.1
2014,seq-sat,tetris,p020.pddl,ok,889,9456,0,False,0.1693,9,19,10,0.0,1.0,0,1.9,5.2
2014,seq-sat,tetris,p021.pddl,ok,2345,31792,0,False,0.1817,15,35,10,0.0,0.8,2,1.25,15.6
2014,seq-sat,tetris,p022.pddl,ok,1476,21360,0,False,0.181,13,26,10,0.0,1.0,0,1.5,9.7
2014,seq-sat,tetris,p023.pddl,ok,1636,21912,0,False,0.1775,14,28,10,0.0,1.0,0,1.3,6.9
2014,seq-sat,tetris,p024.pddl,ok,1870,30936,0,False,0.186,14,28,10,0.0,1.0,0,1.2,12.0
2014,seq-sat,tetris,p025.pddl,ok,1084,12104,0,False,0.1646,12,22,10,0.0,1.0,0,1.2,4.2
2014,seq-sat,tetris,p026.pddl,ok,3364,59488,0,False,0.1913,15,37,10,0.0,0.7,3,1.0,36.7
2014,seq-sat,tetris,p027.pddl,ok,2973,50392,0,False,0.189,15,33,10,0.0,0.9,1,1.0,25.3
2014,seq-sat,tetris,p028.pddl,ok,2580,40976,0,False,0.1867,16,35,10,0.0,0.9,1,1.333,21.6
2014,seq-sat,tetris,p029.pddl,ok,1246,12976,0,False,0.156,16,27,10,0.0,1.0,0,1.0,3.0
2014,seq-sat,tetris,p031.pddl,ok,4160,71292,0,False,0.1898,17,41,10,0.0,0.7,3,1.0,44.1
2014,seq-sat,tetris,p032.pddl,ok,1741,25540,0,False,0.18,12,22,10,0.0,0.6,4,1.167,16.0
2014,seq-sat,tetris,p033.pddl,ok,3882,60572,0,False,0.1869,16,38,10,0.0,0.9,1,1.111,30.1
2014,seq-sat,tetris,p034.pddl,ok,3880,60196,0,False,0.1877,15,39,10,0.0,0.9,1,1.333,31.3
2014,seq-sat,tetris,p035.pddl,ok,3970,70264,0,False,0.1918,14,38,10,0.0,0.9,1,1.0,38.1
2014,seq-sat,tetris,p036.pddl,ok,3318,58616,0,False,0.1916,11,29,10,0.0,0.8,2,1.125,31.5
2014,seq-sat,tetris,p037.pddl,ok,1840,16312,0,False,0.1485,18,34,10,0.0,1.0,0,1.0,4.0
2014,seq-sat,tetris,p038.pddl,ok,3044,48648,0,False,0.1865,15,33,10,0.0,0.8,2,1.0,22.8
2014,seq-sat,tetris,p039.pddl,ok,4160,71292,0,False,0.1898,18,44,10,0.0,0.7,3,1.143,45.2
2014,seq-sat,tetris,p040.pddl,ok,3234,49676,0,False,0.1837,19,39,10,0.0,0.9,1,1.111,22.3
2014,seq-sat,thoughtful,bootstrap-typed-01.pddl,ok,119,1038,0,False,0.0981,34,34,10,0.6,0.4,0,1.0,0.1
2014,seq-sat,thoughtful,bootstrap-typed-02.pddl,ok,120,1023,0,False,0.0952,30,30,10,0.4,0.6,0,1.333,0.2
2014,seq-sat,thoughtful,bootstrap-typed-03.pddl,ok,122,1014,0,False,0.0959,32,32,10,0.7,0.3,0,1.0,0.1
2014,seq-sat,thoughtful,bootstrap-typed-04.pddl,ok,118,1064,0,False,0.0972,33,33,10,0.9,0.1,0,1.0,0.1
2014,seq-sat,thoughtful,bootstrap-typed-05.pddl,ok,116,943,0,False,0.091,35,35,10,0.6,0.4,0,1.0,0.1
2014,seq-sat,thoughtful,p11_6_53-typed.pddl,ok,286,9237,0,False,0.1323,84,84,10,0.5,0.5,0,1.2,1.8
2014,seq-sat,thoughtful,p11_6_59-typed.pddl,ok,284,8563,0,False,0.1309,85,85,10,0.3,0.7,0,1.143,1.9
2014,seq-sat,thoughtful,p11_6_62-typed.pddl,ok,288,9229,0,False,0.1334,82,82,10,0.4,0.6,0,1.0,2.0
2014,seq-sat,thoughtful,p13_7_78-typed.pddl,ok,344,10384,0,False,0.1313,102,102,10,0.8,0.2,0,1.0,2.0
2014,seq-sat,thoughtful,p13_7_79-typed.pddl,ok,340,10058,0,False,0.1325,99,99,10,0.7,0.2,0,1.5,2.3
2014,seq-sat,thoughtful,p13_7_86-typed.pddl,ok,340,10241,0,False,0.1329,103,103,10,0.7,0.3,0,1.0,2.1
2014,seq-sat,thoughtful,target-typed-20.pddl,ok,343,9925,0,False,0.1303,100,100,10,0.3,0.5,1,1.2,4.5
2014,seq-sat,thoughtful,target-typed-21.pddl,ok,344,10509,0,False,0.1325,102,102,10,0.6,0.4,0,1.0,2.0
2014,seq-sat,thoughtful,target-typed-22.pddl,ok,340,9577,0,False,0.1312,101,101,10,0.6,0.4,0,2.0,2.3
2014,seq-sat,thoughtful,target-typed-23.pddl,ok,345,9951,0,False,0.1316,102,102,10,0.8,0.2,0,1.5,2.0
2014,seq-sat,thoughtful,target-typed-24.pddl,ok,343,9069,0,False,0.1298,102,102,10,0.7,0.3,0,3.333,3.0
2014,seq-sat,thoughtful,target-typed-25.pddl,ok,342,10887,0,False,0.1324,98,98,10,0.3,0.6,0,1.667,2.9
2014,seq-sat,thoughtful,target-typed-26.pddl,ok,343,9249,0,False,0.1312,98,98,10,0.9,0.1,0,1.0,1.8
2014,seq-sat,thoughtful,target-typed-27.pddl,ok,343,9457,0,False,0.1307,98,98,10,0.3,0.7,0,1.143,2.3
2014,seq-sat,thoughtful,target-typed-28.pddl,ok,341,9196,0,False,0.1315,99,99,10,0.5,0.4,0,1.25,2.5
2014,seq-sat,transport,p01.pddl,ok,33,40800,0,False,0.3812,107,791,10,0.0,1.0,0,1.0,11.3
2014,seq-sat,transport,p02.pddl,ok,38,51728,0,False,0.3802,153,1205,10,0.0,1.0,0,1.0,18.7
2014,seq-sat,transport,p03.pddl,ok,33,43248,0,False,0.3812,131,1058,10,0.0,1.0,0,1.0,15.1
2014,seq-sat,transport,p04.pddl,ok,33,110848,0,False,0.3808,138,1317,10,0.0,1.0,0,1.5,65.4
2014,seq-sat,transport,p05.pddl,ok,38,130784,0,False,0.3802,146,1324,10,0.0,1.0,0,1.0,89.6
2014,seq-sat,transport,p06.pddl,ok,33,110848,0,False,0.3808,138,1317,10,0.0,1.0,0,1.1,63.8
2014,seq-sat,transport,p07.pddl,"parcial (0/10, tempo)",33,166256,0,False,0.3808,203,2345,0,,,0,,136.9
2014,seq-sat,transport,p08.pddl,"parcial (0/10, tempo)",38,196144,0,False,0.3801,203,2205,0,,,0,,221.3
2014,seq-sat,transport,p09.pddl,"parcial (0/10, tempo)",33,166256,0,False,0.3808,203,2345,0,,,0,,139.6
2014,seq-sat,transport,p10.pddl,"parcial (0/10, tempo)",33,161576,0,False,0.3812,208,2688,0,,,0,,128.1
2014,seq-sat,transport,p11.pddl,ok,35,61190,0,False,0.3811,132,1092,10,0.0,1.0,0,1.0,18.8
2014,seq-sat,transport,p12.pddl,ok,38,61496,0,False,0.3802,148,1107,10,0.0,1.0,0,1.0,22.0
2014,seq-sat,transport,p13.pddl,ok,31,38562,0,False,0.3812,125,1037,10,0.0,1.0,0,1.0,12.6
2014,seq-sat,transport,p14.pddl,ok,35,122270,0,False,0.3809,120,1138,10,0.0,0.8,0,1.0,61.5
2014,seq-sat,transport,p15.pddl,ok,38,121040,0,False,0.3802,142,1319,10,0.0,1.0,0,1.0,73.1
2014,seq-sat,transport,p16.pddl,ok,31,75900,0,False,0.3812,126,1229,10,0.0,1.0,0,1.0,38.6
2014,seq-sat,transport,p17.pddl,"parcial (0/10, tempo)",35,183480,0,False,0.381,205,2575,0,,,0,,120.3
2014,seq-sat,transport,p18.pddl,"parcial (0/10, tempo)",38,184496,0,False,0.3802,209,2184,0,,,0,,173.3
2014,seq-sat,transport,p19.pddl,ok,31,115692,0,False,0.3813,176,2008,10,0.0,1.0,0,1.0,97.6
2014,seq-sat,transport,p20.pddl,"parcial (0/10, tempo)",35,201970,0,False,0.3812,207,2711,0,,,0,,150.3
2014,seq-sat,visitall,pfile30.pddl,ok,900,3480,0,False,0.5003,899,899,10,0.0,0.9,1,1.0,3.0
2014,seq-sat,visitall,pfile31.pddl,ok,961,3720,0,False,0.5003,960,960,10,0.0,0.9,1,1.333,4.6
2014,seq-sat,visitall,pfile32.pddl,ok,1024,3968,0,False,0.5003,1023,1023,10,0.0,1.0,0,1.9,2.8
2014,seq-sat,visitall,pfile33.pddl,ok,1089,4224,0,False,0.5002,1088,1088,10,0.0,1.0,0,1.0,1.6
2014,seq-sat,visitall,pfile50.pddl,ok,2500,9800,0,False,0.5001,2499,2499,10,0.0,0.7,3,1.0,10.6
2014,seq-sat,visitall,pfile51.pddl,ok,2601,10200,0,False,0.5001,2600,2600,10,0.0,1.0,0,1.0,6.3
2014,seq-sat,visitall,pfile52.pddl,ok,2704,10608,0,False,0.5001,2703,2703,10,0.0,0.9,1,1.111,10.1
2014,seq-sat,visitall,pfile53.pddl,ok,2809,11024,0,False,0.5001,2808,2808,10,0.0,0.9,1,1.0,10.1
2014,seq-sat,visitall,pfile54.pddl,ok,2916,11448,0,False,0.5001,2915,2915,10,0.0,0.7,3,1.0,12.6
2014,seq-sat,visitall,pfile55.pddl,ok,3025,11880,0,False,0.5001,3024,3024,10,0.0,1.0,0,1.0,6.5
2014,seq-sat,visitall,pfile56.pddl,ok,3136,12320,0,False,0.5001,3135,3135,10,0.0,0.9,1,1.333,12.3
2014,seq-sat,visitall,pfile57.pddl,ok,3249,12768,0,False,0.5001,3248,3248,10,0.0,0.9,1,1.0,12.7
2014,seq-sat,visitall,pfile58.pddl,ok,3364,13224,0,False,0.5001,3363,3363,10,0.0,0.7,3,1.0,15.8
2014,seq-sat,visitall,pfile59.pddl,ok,3481,13688,0,False,0.5001,3480,3480,10,0.0,0.9,1,1.0,12.0
2014,seq-sat,visitall,pfile60.pddl,ok,3600,14160,0,False,0.5001,3599,3599,10,0.0,0.9,1,1.0,15.5
2014,seq-sat,visitall,pfile61.pddl,ok,3721,14640,0,False,0.5001,3720,3720,10,0.0,0.8,2,1.0,16.8
2014,seq-sat,visitall,pfile62.pddl,ok,3844,15128,0,False,0.5001,3843,3843,10,0.0,0.9,1,1.0,16.1
2014,seq-sat,visitall,pfile63.pddl,ok,3969,15624,0,False,0.5001,3968,3968,10,0.0,0.8,2,1.0,16.2
2014,seq-sat,visitall,pfile64.pddl,ok,4096,16128,0,False,0.5001,4095,4095,10,0.0,0.7,3,1.0,20.0
2014,seq-sat,visitall,pfile65.pddl,ok,4225,16640,0,False,0.5001,4224,4224,10,0.0,0.9,1,1.111,14.8
2018,seq-opt,agricola,p01.pddl,ok,93,23763,0,False,0.0113,26,262,10,0.8,0.1,0,1.0,2.2
2018,seq-opt,agricola,p02.pddl,ok,94,39319,0,False,0.0083,26,262,10,1.0,0.0,0,,3.3
2018,seq-opt,agricola,p03.pddl,ok,95,59407,0,False,0.0063,28,382,10,1.0,0.0,0,,4.9
2018,seq-opt,agricola,p04.pddl,ok,103,29439,0,False,0.0147,29,206,10,0.9,0.1,0,1.0,2.6
2018,seq-opt,agricola,p05.pddl,ok,104,48179,0,False,0.011,32,386,10,0.7,0.3,0,1.0,4.8
2018,seq-opt,agricola,p06.pddl,ok,105,72335,0,False,0.0083,31,326,10,0.8,0.2,0,1.0,6.8
2018,seq-opt,agricola,p07.pddl,ok,114,36429,0,False,0.0206,36,390,10,0.9,0.1,0,1.0,3.8
2018,seq-opt,agricola,p08.pddl,ok,115,58457,0,False,0.0156,33,210,10,0.9,0.0,0,,6.2
2018,seq-opt,agricola,p09.pddl,ok,116,86753,0,False,0.0119,33,210,10,0.9,0.1,0,1.0,9.3
2018,seq-opt,agricola,p10.pddl,ok,121,40750,0,False,0.0246,38,274,10,0.8,0.0,0,,5.2
2018,seq-opt,agricola,p11.pddl,ok,122,64487,0,False,0.0189,40,394,10,0.9,0.1,0,1.0,7.0
2018,seq-opt,agricola,p12.pddl,ok,123,94898,0,False,0.0145,39,334,10,0.7,0.2,0,1.0,10.6
2018,seq-opt,agricola,p13.pddl,ok,128,45401,0,False,0.0284,44,398,10,0.9,0.0,0,,6.2
2018,seq-opt,agricola,p14.pddl,ok,129,70873,0,False,0.0222,42,278,10,1.0,0.0,0,,8.2
2018,seq-opt,agricola,p15.pddl,ok,130,103417,0,False,0.0172,41,218,10,1.0,0.0,0,,12.0
2018,seq-opt,agricola,p16.pddl,ok,135,50382,0,False,0.0319,47,342,10,0.9,0.0,0,,7.6
2018,seq-opt,agricola,p17.pddl,ok,136,77615,0,False,0.0253,46,282,10,0.9,0.1,0,1.0,11.1
2018,seq-opt,agricola,p18.pddl,ok,137,112310,0,False,0.0198,47,342,10,1.0,0.0,0,,14.8
2018,seq-opt,agricola,p19.pddl,ok,142,55693,0,False,0.0353,51,346,10,0.8,0.0,0,,10.1
2018,seq-opt,agricola,p20.pddl,ok,143,84713,0,False,0.0283,49,226,10,0.9,0.1,0,1.0,14.6
2018,seq-opt,caldera,p01.pddl,ok,58,38,0,False,0.0,7,7,10,0.0,1.0,0,0.4,0.0
2018,seq-opt,caldera,p02.pddl,ok,71,125,0,False,0.0,7,7,10,0.0,1.0,0,0.5,0.0
2018,seq-opt,caldera,p03.pddl,ok,71,149,0,False,0.0,7,7,10,0.0,1.0,0,0.6,0.0
2018,seq-opt,caldera,p04.pddl,ok,71,125,0,False,0.0,7,7,10,0.0,1.0,0,0.5,0.0
2018,seq-opt,caldera,p05.pddl,ok,118,790,0,False,0.0,13,13,10,0.8,0.2,0,2.0,0.2
2018,seq-opt,caldera,p06.pddl,ok,148,1630,0,False,0.0,14,14,10,0.7,0.3,0,1.0,0.4
2018,seq-opt,caldera,p07.pddl,ok,118,670,0,False,0.0,11,11,10,0.8,0.2,0,0.5,0.2
2018,seq-opt,caldera,p08.pddl,ok,102,306,0,False,0.0,13,13,10,0.8,0.2,0,1.0,0.1
2018,seq-opt,caldera,p09.pddl,ok,179,8417,0,False,0.0,15,15,10,0.8,0.2,0,1.0,2.2
2018,seq-opt,caldera,p10.pddl,ok,155,2657,0,False,0.0,15,15,10,1.0,0.0,0,,0.6
2018,seq-opt,caldera,p11.pddl,ok,185,4817,0,False,0.0,15,15,10,0.9,0.1,0,1.0,1.3
2018,seq-opt,caldera,p12.pddl,ok,173,3737,0,False,0.0,17,17,10,0.8,0.2,0,1.0,0.9
2018,seq-opt,caldera,p13.pddl,ok,212,7796,0,False,0.0,19,19,10,0.8,0.2,0,1.0,2.0
2018,seq-opt,caldera,p14.pddl,ok,214,6370,0,False,0.0,21,21,10,0.9,0.1,0,1.0,1.7
2018,seq-opt,caldera,p15.pddl,ok,236,7796,0,False,0.0,21,21,10,0.9,0.1,0,1.0,1.9
2018,seq-opt,caldera,p16.pddl,ok,230,10316,0,False,0.0,19,19,10,0.9,0.1,0,1.0,2.7
2018,seq-opt,caldera,p17.pddl,ok,276,13194,0,False,0.0,27,27,10,0.7,0.3,0,1.0,4.2
2018,seq-opt,caldera,p18.pddl,ok,289,18853,0,False,0.0,27,27,10,0.8,0.2,0,1.0,5.5
2018,seq-opt,caldera,p19.pddl,ok,283,28933,0,False,0.0,23,23,10,0.9,0.1,0,1.0,7.8
2018,seq-opt,caldera,p20.pddl,ok,277,18853,0,False,0.0,23,23,10,0.7,0.3,0,1.0,5.2
2018,seq-opt,caldera-split,p01.pddl,ok,84,177,0,False,0.0166,24,47,10,0.9,0.1,0,1.0,0.0
2018,seq-opt,caldera-split,p02.pddl,ok,84,177,0,False,0.015,24,47,10,0.9,0.1,0,1.0,0.0
2018,seq-opt,caldera-split,p03.pddl,ok,78,141,0,False,0.0196,23,45,10,1.0,0.0,0,,0.0
2018,seq-opt,caldera-split,p04.pddl,ok,87,186,0,False,0.0169,23,45,10,0.9,0.1,0,1.0,0.0
2018,seq-opt,caldera-split,p05.pddl,ok,155,1213,0,False,0.0085,30,58,10,1.0,0.0,0,,0.1
2018,seq-opt,caldera-split,p06.pddl,ok,173,1117,0,False,0.01,28,52,10,1.0,0.0,0,,0.1
2018,seq-opt,caldera-split,p07.pddl,ok,140,633,0,False,0.0229,27,50,10,1.0,0.0,0,,0.1
2018,seq-opt,caldera-split,p08.pddl,ok,128,569,0,False,0.0235,29,58,10,1.0,0.0,0,,0.0
2018,seq-opt,caldera-split,p09.pddl,ok,186,1252,0,False,0.0244,31,54,10,1.0,0.0,0,,0.1
2018,seq-opt,caldera-split,p10.pddl,ok,162,632,0,False,0.0324,29,51,10,1.0,0.0,0,,0.1
2018,seq-opt,caldera-split,p11.pddl,ok,201,1652,0,False,0.0121,32,61,10,1.0,0.0,0,,0.1
2018,seq-opt,caldera-split,p12.pddl,ok,195,1582,0,False,0.0129,32,61,10,1.0,0.0,0,,0.1
2018,seq-opt,caldera-split,p13.pddl,ok,219,1149,0,False,0.0302,31,53,10,1.0,0.0,0,,0.1
2018,seq-opt,caldera-split,p14.pddl,ok,258,3231,0,False,0.0112,37,66,10,1.0,0.0,0,,0.3
2018,seq-opt,caldera-split,p15.pddl,ok,267,3609,0,False,0.0114,39,75,10,1.0,0.0,0,,0.3
2018,seq-opt,caldera-split,p16.pddl,ok,240,2175,0,False,0.0181,34,58,10,1.0,0.0,0,,0.2
2018,seq-opt,caldera-split,p17.pddl,ok,335,6542,0,False,0.0102,43,84,10,1.0,0.0,0,,0.6
2018,seq-opt,caldera-split,p18.pddl,ok,296,2860,0,False,0.0211,39,73,10,1.0,0.0,0,,0.3
2018,seq-opt,caldera-split,p19.pddl,ok,290,2377,0,False,0.0223,35,57,10,1.0,0.0,0,,0.3
2018,seq-opt,caldera-split,p20.pddl,ok,284,1894,0,False,0.0282,34,56,10,1.0,0.0,0,,0.2
2018,seq-opt,data-network,p01.pddl,ok,31,700,0,False,0.3583,7,121,10,0.0,0.8,0,1.0,0.1
2018,seq-opt,data-network,p02.pddl,ok,36,905,0,False,0.3933,6,29,10,0.0,1.0,0,1.0,0.0
2018,seq-opt,data-network,p03.pddl,ok,43,1021,0,False,0.3668,11,117,10,0.0,1.0,0,1.2,0.1
2018,seq-opt,data-network,p04.pddl,ok,49,1528,0,False,0.4298,13,188,10,0.0,1.0,0,1.1,0.1
2018,seq-opt,data-network,p05.pddl,ok,52,1329,0,False,0.442,18,122,10,0.0,1.0,0,1.0,0.4
2018,seq-opt,data-network,p06.pddl,ok,59,1545,0,False,0.3779,12,84,10,0.0,0.9,0,1.0,0.2
2018,seq-opt,data-network,p07.pddl,ok,64,1777,0,False,0.371,14,105,10,0.0,1.0,0,1.1,0.1
2018,seq-opt,data-network,p08.pddl,ok,68,1565,0,False,0.3289,17,194,10,0.0,1.0,0,1.0,0.1
2018,seq-opt,data-network,p09.pddl,ok,41,993,0,False,0.3235,6,28,10,0.0,0.8,0,1.0,0.1
2018,seq-opt,data-network,p10.pddl,ok,49,1145,0,False,0.2613,10,118,10,0.0,1.0,0,1.0,0.1
2018,seq-opt,data-network,p11.pddl,ok,57,1477,0,False,0.3667,7,70,10,0.0,0.9,0,1.0,0.1
2018,seq-opt,data-network,p12.pddl,ok,64,1600,0,False,0.2825,6,72,10,0.0,1.0,0,1.0,0.1
2018,seq-opt,data-network,p13.pddl,ok,73,1749,0,False,0.2999,14,146,10,0.0,1.0,0,1.0,0.2
2018,seq-opt,data-network,p14.pddl,ok,81,2281,0,False,0.3635,23,268,10,0.0,1.0,0,1.0,0.2
2018,seq-opt,data-network,p15.pddl,ok,74,1936,0,False,0.262,6,60,10,0.0,1.0,0,1.1,0.2
2018,seq-opt,data-network,p16.pddl,ok,89,2394,0,False,0.3054,12,283,10,0.0,0.9,0,1.0,0.2
2018,seq-opt,data-network,p17.pddl,ok,101,2963,0,False,0.43,13,167,10,0.0,1.0,0,1.0,0.2
2018,seq-opt,data-network,p18.pddl,ok,116,3110,0,False,0.3704,19,401,10,0.0,1.0,0,1.1,0.3
2018,seq-opt,data-network,p19.pddl,ok,131,3801,0,False,0.3462,16,286,10,0.0,1.0,0,1.0,0.3
2018,seq-opt,data-network,p20.pddl,ok,143,4118,0,False,0.3524,20,458,10,0.0,1.0,0,1.0,0.3
2018,seq-opt,nurikabe,p01.pddl,ok,30,101,0,False,0.0,8,8,10,0.0,1.0,0,0.9,0.0
2018,seq-opt,nurikabe,p02.pddl,ok,30,101,0,False,0.0,8,8,10,0.0,1.0,0,1.0,0.0
2018,seq-opt,nurikabe,p03.pddl,ok,62,295,0,False,0.0,11,11,10,0.2,0.8,0,1.25,0.1
2018,seq-opt,nurikabe,p04.pddl,ok,60,345,0,False,0.0,16,16,10,0.0,1.0,0,1.2,0.1
2018,seq-opt,nurikabe,p05.pddl,ok,103,698,0,False,0.0,15,15,10,0.1,0.9,0,1.222,0.2
2018,seq-opt,nurikabe,p06.pddl,ok,95,785,0,False,0.0,26,26,10,0.2,0.8,0,1.375,0.2
2018,seq-opt,nurikabe,p07.pddl,ok,172,1607,0,False,0.0,34,34,10,0.2,0.8,0,1.375,0.5
2018,seq-opt,nurikabe,p08.pddl,ok,170,1499,0,False,0.0,38,38,10,0.1,0.9,0,1.778,0.5
2018,seq-opt,nurikabe,p09.pddl,ok,271,3233,0,False,0.0,45,45,10,0.6,0.4,0,1.5,1.0
2018,seq-opt,nurikabe,p10.pddl,ok,250,3311,0,False,0.0,50,50,10,0.2,0.8,0,1.25,1.1
2018,seq-opt,nurikabe,p11.pddl,ok,431,6252,0,False,0.0,57,57,10,0.2,0.8,0,1.125,2.5
2018,seq-opt,nurikabe,p12.pddl,ok,410,5931,0,False,0.0,68,68,10,0.7,0.3,0,2.0,2.0
2018,seq-opt,nurikabe,p13.pddl,ok,621,9716,0,False,0.0,90,90,10,0.3,0.6,0,1.0,4.1
2018,seq-opt,nurikabe,p14.pddl,ok,602,10474,0,False,0.0,94,94,10,0.7,0.3,0,1.333,3.1
2018,seq-opt,nurikabe,p15.pddl,ok,893,12777,0,False,0.0,103,103,10,0.5,0.5,0,1.0,4.0
2018,seq-opt,nurikabe,p16.pddl,ok,829,15010,0,False,0.0,115,115,10,0.6,0.3,0,1.333,5.6
2018,seq-opt,nurikabe,p17.pddl,ok,1241,21354,0,False,0.0,130,130,10,0.9,0.1,0,1.0,5.7
2018,seq-opt,nurikabe,p18.pddl,ok,1222,20204,0,False,0.0,119,119,10,0.2,0.7,0,1.143,9.5
2018,seq-opt,nurikabe,p19.pddl,ok,1619,31717,0,False,0.0,172,172,10,0.9,0.1,0,1.0,11.0
2018,seq-opt,nurikabe,p20.pddl,ok,1602,32488,0,False,0.0,157,157,10,0.7,0.3,0,1.0,13.2
2018,seq-opt,organic-synthesis,p01.pddl,ok,11,360,0,False,0.0,1,1,10,0.0,1.0,0,0.2,0.0
2018,seq-opt,organic-synthesis,p02.pddl,ok,12,432,0,False,0.0,2,2,10,0.5,0.5,0,0.2,0.0
2018,seq-opt,organic-synthesis,p03.pddl,ok,22,5880,0,False,0.0,2,2,10,0.9,0.1,0,1.0,1.4
2018,seq-opt,organic-synthesis,p07.pddl,ok,14,12,0,False,0.0,2,2,10,0.7,0.3,0,0.667,0.0
2018,seq-opt,organic-synthesis,p09.pddl,ok,65,19456,0,False,0.0,2,2,10,0.5,0.5,0,0.2,24.5
2018,seq-opt,organic-synthesis,p10.pddl,ok,65,19840,0,False,0.0,2,2,10,0.3,0.7,0,0.143,24.7
2018,seq-opt,organic-synthesis,p11.pddl,tempo esgotado na tradução (300 s),,,,,,,,,,,,,
2018,seq-opt,organic-synthesis,p12.pddl,tempo esgotado na tradução (300 s),,,,,,,,,,,,,
2018,seq-opt,organic-synthesis,p14.pddl,ok,34,6576,0,False,0.0,5,5,10,0.8,0.2,0,0.0,0.8
2018,seq-opt,organic-synthesis-split,p01.pddl,ok,201,2174,0,False,0.0267,25,101,10,0.9,0.0,0,,0.1
2018,seq-opt,organic-synthesis-split,p02.pddl,ok,241,3722,0,False,0.0194,25,101,10,1.0,0.0,0,,0.2
2018,seq-opt,organic-synthesis-split,p03.pddl,ok,948,23959,0,False,0.0145,64,475,10,1.0,0.0,0,,1.6
2018,seq-opt,organic-synthesis-split,p04.pddl,ok,818,11760,0,False,0.0214,31,362,10,1.0,0.0,0,,0.7
2018,seq-opt,organic-synthesis-split,p05.pddl,ok,1384,32059,0,False,0.0271,15,214,10,1.0,0.0,0,,2.5
2018,seq-opt,organic-synthesis-split,p06.pddl,ok,1226,38712,0,False,0.0171,42,523,10,1.0,0.0,0,,3.0
2018,seq-opt,organic-synthesis-split,p07.pddl,ok,58,316,0,False,0.0155,14,231,10,1.0,0.0,0,,0.0
2018,seq-opt,organic-synthesis-split,p08.pddl,ok,1909,66214,0,False,0.022,133,1088,10,1.0,0.0,0,,5.6
2018,seq-opt,organic-synthesis-split,p09.pddl,ok,430,5511,0,False,0.0304,25,102,10,1.0,0.0,0,,0.4
2018,seq-opt,organic-synthesis-split,p10.pddl,ok,440,5633,0,False,0.0323,25,101,10,1.0,0.0,0,,0.4
2018,seq-opt,organic-synthesis-split,p11.pddl,ok,1382,23534,0,False,0.0472,56,193,10,1.0,0.0,0,,1.8
2018,seq-opt,organic-synthesis-split,p12.pddl,ok,1601,27173,0,False,0.0496,26,97,10,0.9,0.1,0,1.0,2.6
2018,seq-opt,organic-synthesis-split,p13.pddl,ok,2973,122976,0,False,0.0269,61,483,10,1.0,0.0,0,,20.0
2018,seq-opt,organic-synthesis-split,p14.pddl,ok,390,9378,0,False,0.0111,33,133,10,0.9,0.1,0,1.0,1.1
2018,seq-opt,organic-synthesis-split,p15.pddl,ok,3406,136390,0,False,0.0214,53,668,10,1.0,0.0,0,,23.4
2018,seq-opt,organic-synthesis-split,p16.pddl,ok,4771,214388,0,False,0.0311,61,492,10,1.0,0.0,0,,41.1
2018,seq-opt,organic-synthesis-split,p17.pddl,ok,5750,312988,0,False,0.0245,93,523,10,1.0,0.0,0,,70.1
2018,seq-opt,organic-synthesis-split,p18.pddl,ok,4207,202314,0,False,0.0198,73,905,10,1.0,0.0,0,,45.5
2018,seq-opt,organic-synthesis-split,p19.pddl,ok,2516,85575,0,False,0.023,29,267,10,1.0,0.0,0,,10.4
2018,seq-opt,organic-synthesis-split,p20.pddl,ok,2797,107133,0,False,0.0188,119,904,10,1.0,0.0,0,,13.1
2018,seq-opt,petri-net-alignment,p01.pddl,ok,269,513,0,False,0.2996,242,224,10,1.0,0.0,0,,0.0
2018,seq-opt,petri-net-alignment,p02.pddl,ok,269,643,0,False,0.3087,307,289,10,0.9,0.1,0,1.0,0.1
2018,seq-opt,petri-net-alignment,p03.pddl,ok,269,749,0,False,0.3059,360,342,10,1.0,0.0,0,,0.1
2018,seq-opt,petri-net-alignment,p04.pddl,ok,269,767,0,False,0.3042,369,351,10,0.9,0.1,0,1.0,0.1
2018,seq-opt,petri-net-alignment,p05.pddl,ok,269,623,0,False,0.3112,297,279,10,1.0,0.0,0,,0.1
2018,seq-opt,petri-net-alignment,p06.pddl,ok,269,769,0,False,0.3067,370,352,10,1.0,0.0,0,,0.1
2018,seq-opt,petri-net-alignment,p07.pddl,ok,269,733,0,False,0.3017,352,334,10,0.9,0.1,0,1.0,0.1
2018,seq-opt,petri-net-alignment,p08.pddl,ok,269,771,0,False,0.3069,371,353,10,1.0,0.0,0,,0.1
2018,seq-opt,petri-net-alignment,p09.pddl,ok,269,751,0,False,0.3085,361,343,10,0.9,0.1,0,1.0,0.1
2018,seq-opt,petri-net-alignment,p10.pddl,ok,269,937,0,False,0.3103,454,436,10,1.0,0.0,0,,0.1
2018,seq-opt,petri-net-alignment,p11.pddl,ok,269,827,0,False,0.3139,399,381,10,1.0,0.0,0,,0.1
2018,seq-opt,petri-net-alignment,p12.pddl,ok,269,1065,0,False,0.3133,518,500,10,1.0,0.0,0,,0.1
2018,seq-opt,petri-net-alignment,p13.pddl,ok,269,935,0,False,0.318,453,435,10,1.0,0.0,0,,0.1
2018,seq-opt,petri-net-alignment,p14.pddl,ok,269,951,0,False,0.3204,461,443,10,0.9,0.1,0,1.0,0.1
2018,seq-opt,petri-net-alignment,p15.pddl,ok,269,925,0,False,0.3203,448,430,10,1.0,0.0,0,,0.1
2018,seq-opt,petri-net-alignment,p16.pddl,ok,269,1011,0,False,0.32,491,473,10,0.9,0.1,0,1.0,0.1
2018,seq-opt,petri-net-alignment,p17.pddl,ok,269,1045,0,False,0.3227,508,490,10,1.0,0.0,0,,0.1
2018,seq-opt,petri-net-alignment,p18.pddl,ok,269,1011,0,False,0.3251,491,473,10,1.0,0.0,0,,0.1
2018,seq-opt,petri-net-alignment,p19.pddl,ok,269,1043,0,False,0.3131,507,489,10,1.0,0.0,0,,0.1
2018,seq-opt,petri-net-alignment,p20.pddl,ok,269,1069,0,False,0.3174,520,502,10,1.0,0.0,0,,0.1
2018,seq-opt,settlers,p01.pddl,ok,343,175,0,False,0.0019,5,35,10,0.1,0.9,0,1.0,0.2
2018,seq-opt,settlers,p02.pddl,ok,369,175,0,False,0.0018,12,65,10,0.8,0.2,0,1.0,0.1
2018,seq-opt,settlers,p03.pddl,ok,405,175,0,False,0.0016,11,65,10,0.1,0.9,0,1.333,0.2
2018,seq-opt,settlers,p04.pddl,ok,439,175,0,False,0.0015,14,65,10,0.5,0.5,0,1.0,0.2
2018,seq-opt,settlers,p05.pddl,ok,493,175,0,False,0.0013,16,130,10,0.5,0.5,0,1.0,0.2
2018,seq-opt,settlers,p06.pddl,ok,449,175,0,False,0.0015,13,65,10,0.5,0.5,0,1.2,0.2
2018,seq-opt,settlers,p07.pddl,ok,563,175,0,False,0.0012,17,135,10,0.5,0.5,0,1.0,0.2
2018,seq-opt,settlers,p08.pddl,ok,555,175,0,False,0.0012,16,135,10,0.2,0.8,0,1.0,0.3
2018,seq-opt,settlers,p09.pddl,ok,603,175,0,False,0.0011,21,160,10,0.2,0.8,0,1.125,0.4
2018,seq-opt,settlers,p10.pddl,ok,581,175,0,False,0.0012,21,155,10,0.4,0.6,0,1.0,0.3
2018,seq-opt,settlers,p11.pddl,ok,504,348,0,False,0.0037,9,45,10,0.1,0.9,0,1.333,0.4
2018,seq-opt,settlers,p12.pddl,ok,491,331,0,False,0.003,6,45,10,0.3,0.7,0,1.0,0.3
2018,seq-opt,settlers,p13.pddl,ok,530,320,0,False,0.0023,8,60,10,0.2,0.5,0,1.0,0.4
2018,seq-opt,settlers,p14.pddl,ok,583,331,0,False,0.0025,16,90,10,0.4,0.6,0,1.0,0.4
2018,seq-opt,settlers,p15.pddl,ok,658,320,0,False,0.0019,22,175,10,0.0,0.9,0,1.444,0.7
2018,seq-opt,settlers,p16.pddl,ok,607,331,0,False,0.0024,18,110,10,0.5,0.5,0,2.6,0.7
2018,seq-opt,settlers,p17.pddl,ok,759,331,0,False,0.002,24,170,10,0.7,0.3,0,1.333,0.5
2018,seq-opt,settlers,p18.pddl,ok,728,348,0,False,0.0026,27,205,10,0.7,0.3,0,1.333,0.4
2018,seq-opt,settlers,p19.pddl,ok,789,371,0,False,0.0032,21,150,10,0.6,0.4,0,1.25,0.6
2018,seq-opt,settlers,p20.pddl,ok,804,348,0,False,0.0024,26,180,10,0.5,0.5,0,1.0,0.5
2018,seq-opt,snake,p01.pddl,ok,123,6928,0,False,0.0066,13,13,10,0.3,0.7,0,1.143,1.4
2018,seq-opt,snake,p02.pddl,ok,127,7300,0,False,0.0038,11,11,10,0.5,0.4,0,1.25,1.3
2018,seq-opt,snake,p03.pddl,ok,130,7678,0,False,0.0015,10,10,10,0.6,0.4,0,1.0,1.4
2018,seq-opt,snake,p04.pddl,ok,116,6504,0,False,0.0112,11,11,10,0.4,0.5,0,1.0,1.2
2018,seq-opt,snake,p05.pddl,ok,119,6652,0,False,0.0088,6,6,10,0.1,0.5,0,1.0,1.3
2018,seq-opt,snake,p06.pddl,ok,150,10549,0,False,0.0048,11,11,10,0.1,0.9,0,1.222,2.5
2018,seq-opt,snake,p07.pddl,ok,154,11010,0,False,0.0035,10,10,10,0.1,0.7,0,1.0,2.6
2018,seq-opt,snake,p08.pddl,ok,159,11788,0,False,0.0008,8,8,10,0.1,0.7,0,1.0,2.7
2018,seq-opt,snake,p09.pddl,ok,141,9790,0,False,0.01,14,14,10,0.3,0.6,0,1.0,2.2
2018,seq-opt,snake,p10.pddl,ok,145,10074,0,False,0.0067,11,11,10,0.4,0.5,0,1.4,2.2
2018,seq-opt,snake,p11.pddl,ok,176,15141,0,False,0.0058,12,12,10,0.1,0.6,0,1.167,4.1
2018,seq-opt,snake,p12.pddl,ok,182,15844,0,False,0.0044,17,17,10,0.3,0.5,0,1.0,4.6
2018,seq-opt,snake,p13.pddl,ok,187,16608,0,False,0.0026,16,16,10,0.0,0.9,0,1.111,5.0
2018,seq-opt,snake,p14.pddl,ok,193,17850,0,False,0.0002,19,19,10,0.3,0.5,0,1.0,4.9
2018,seq-opt,snake,p15.pddl,ok,171,14720,0,False,0.0081,8,8,10,0.0,1.0,0,1.1,3.9
2018,seq-opt,snake,p16.pddl,ok,208,21405,0,False,0.0046,23,23,10,0.5,0.4,0,1.0,5.5
2018,seq-opt,snake,p17.pddl,ok,214,22234,0,False,0.0038,18,18,10,0.1,0.9,0,1.111,7.4
2018,seq-opt,snake,p18.pddl,ok,220,23441,0,False,0.0017,16,16,10,0.2,0.7,0,1.714,9.3
2018,seq-opt,snake,p19.pddl,ok,227,25024,0,False,0.0004,16,16,10,0.2,0.8,0,1.125,8.3
2018,seq-opt,snake,p20.pddl,ok,201,20644,0,False,0.0069,11,11,10,0.2,0.8,0,1.0,6.4
2018,seq-opt,spider,p01.pddl,ok,170,2870,0,False,0.0001,41,14,10,0.9,0.1,0,2.0,0.6
2018,seq-opt,spider,p02.pddl,ok,222,4144,0,False,0.0001,54,20,10,1.0,0.0,0,,0.9
2018,seq-opt,spider,p03.pddl,ok,316,9645,0,False,0.0,74,27,10,1.0,0.0,0,,2.3
2018,seq-opt,spider,p04.pddl,ok,376,12093,0,False,0.0,93,33,10,0.9,0.1,0,1.0,3.6
2018,seq-opt,spider,p05.pddl,ok,494,22345,0,False,0.0,99,40,10,0.9,0.1,0,2.0,8.4
2018,seq-opt,spider,p06.pddl,ok,628,38035,0,False,0.0,117,45,10,1.0,0.0,0,,17.1
2018,seq-opt,spider,p07.pddl,ok,170,2866,0,False,0.0001,42,17,10,1.0,0.0,0,,0.5
2018,seq-opt,spider,p08.pddl,ok,222,4256,0,False,0.0001,63,25,10,0.8,0.2,0,1.5,1.1
2018,seq-opt,spider,p09.pddl,ok,316,9443,0,False,0.0,87,36,10,0.9,0.1,0,1.0,2.6
2018,seq-opt,spider,p10.pddl,ok,376,12045,0,False,0.0,103,40,10,1.0,0.0,0,,3.2
2018,seq-opt,spider,p11.pddl,ok,494,22863,0,False,0.0,137,48,10,1.0,0.0,0,,8.2
2018,seq-opt,spider,p12.pddl,ok,628,37989,0,False,0.0,135,53,10,1.0,0.0,0,,15.4
2018,seq-opt,spider,p13.pddl,ok,704,44157,0,False,0.0,169,65,10,1.0,0.0,0,,20.3
2018,seq-opt,spider,p14.pddl,ok,170,2935,0,False,0.0001,37,12,10,0.9,0.1,0,1.0,0.5
2018,seq-opt,spider,p15.pddl,ok,222,4387,0,False,0.0001,66,26,10,1.0,0.0,0,,0.7
2018,seq-opt,spider,p16.pddl,ok,316,9733,0,False,0.0,73,26,10,1.0,0.0,0,,2.1
2018,seq-opt,spider,p17.pddl,ok,376,12201,0,False,0.0,103,40,10,1.0,0.0,0,,2.8
2018,seq-opt,spider,p18.pddl,ok,494,22690,0,False,0.0,124,48,10,1.0,0.0,0,,6.5
2018,seq-opt,spider,p19.pddl,ok,628,38617,0,False,0.0,148,49,10,0.9,0.1,0,1.0,15.2
2018,seq-opt,spider,p20.pddl,ok,704,44019,0,False,0.0,185,67,10,0.9,0.1,0,1.0,18.2
2018,seq-opt,termes,p01.pddl,ok,13,468,0,False,0.4673,9,9,10,0.0,1.0,0,1.8,0.1
2018,seq-opt,termes,p02.pddl,ok,13,468,0,False,0.4673,16,16,10,0.0,1.0,0,1.1,0.0
2018,seq-opt,termes,p03.pddl,ok,13,608,0,False,0.4582,14,14,10,0.0,1.0,0,1.2,0.1
2018,seq-opt,termes,p04.pddl,ok,13,608,0,False,0.4582,20,20,10,0.0,0.7,0,1.0,0.1
2018,seq-opt,termes,p05.pddl,ok,13,748,0,False,0.4526,18,18,10,0.0,0.9,0,1.111,0.1
2018,seq-opt,termes,p06.pddl,ok,13,748,0,False,0.4526,32,32,10,0.0,1.0,0,1.1,0.1
2018,seq-opt,termes,p07.pddl,ok,13,888,0,False,0.4488,27,27,10,0.0,1.0,0,1.0,0.1
2018,seq-opt,termes,p08.pddl,ok,13,888,0,False,0.4488,27,27,10,0.0,0.7,0,1.0,0.1
2018,seq-opt,termes,p09.pddl,ok,13,1028,0,False,0.446,16,16,10,0.0,1.0,0,1.1,0.1
2018,seq-opt,termes,p10.pddl,ok,13,1028,0,False,0.446,26,26,10,0.0,0.8,0,1.0,0.1
2018,seq-opt,termes,p11.pddl,ok,13,468,0,False,0.4673,20,20,10,0.0,0.8,0,1.0,0.0
2018,seq-opt,termes,p12.pddl,ok,13,468,0,False,0.4673,16,16,10,0.0,0.7,0,1.0,0.0
2018,seq-opt,termes,p13.pddl,ok,13,608,0,False,0.4582,26,26,10,0.0,0.9,0,1.0,0.1
2018,seq-opt,termes,p14.pddl,ok,13,608,0,False,0.4582,33,33,10,0.0,0.8,0,1.125,0.1
2018,seq-opt,termes,p15.pddl,ok,13,748,0,False,0.4526,30,30,10,0.0,0.8,0,1.5,0.1
2018,seq-opt,termes,p16.pddl,ok,13,748,0,False,0.4526,39,39,10,0.0,0.8,0,1.0,0.1
2018,seq-opt,termes,p17.pddl,ok,13,494,0,False,0.4631,29,29,10,0.0,0.7,0,1.0,0.1
2018,seq-opt,termes,p18.pddl,ok,13,468,0,False,0.4673,24,24,10,0.0,1.0,0,1.8,0.1
2018,seq-opt,termes,p19.pddl,ok,13,644,0,False,0.455,21,21,10,0.0,1.0,0,1.5,0.1
2018,seq-opt,termes,p20.pddl,ok,13,608,0,False,0.4582,26,26,10,0.0,0.9,0,1.111,0.1
2018,seq-sat,agricola,p01.pddl,ok,99,246879,0,False,0.0033,25,562,10,0.8,0.1,0,1.0,27.9
2018,seq-sat,agricola,p02.pddl,ok,109,298119,0,False,0.0044,30,746,10,0.8,0.1,0,1.0,33.9
2018,seq-sat,agricola,p03.pddl,ok,120,352017,0,False,0.0065,34,750,10,0.8,0.2,0,1.0,43.7
2018,seq-sat,agricola,p04.pddl,ok,127,380632,0,False,0.0081,40,1114,10,0.9,0.1,0,1.0,50.2
2018,seq-sat,agricola,p05.pddl,ok,134,409913,0,False,0.0097,44,1118,10,0.9,0.1,0,1.0,63.6
2018,seq-sat,agricola,p06.pddl,ok,141,439860,0,False,0.0113,45,582,10,0.8,0.2,0,1.0,82.3
2018,seq-sat,agricola,p07.pddl,ok,148,470473,0,False,0.0129,51,946,10,0.8,0.2,0,1.0,104.8
2018,seq-sat,agricola,p08.pddl,"parcial (6/10, tempo)",155,501752,0,False,0.0146,55,950,6,1.0,0.0,0,,120.3
2018,seq-sat,agricola,p09.pddl,"parcial (0/10, tempo)",162,533697,0,False,0.0162,59,954,0,,,0,,152.4
2018,seq-sat,agricola,p10.pddl,"parcial (0/10, tempo)",169,566308,0,False,0.0178,63,958,0,,,0,,190.5
2018,seq-sat,agricola,p11.pddl,ok,94,39319,0,False,0.0083,35,625,10,1.0,0.0,0,,3.0
2018,seq-sat,agricola,p12.pddl,ok,104,48179,0,False,0.011,39,629,10,1.0,0.0,0,,4.3
2018,seq-sat,agricola,p13.pddl,ok,115,58457,0,False,0.0156,40,453,10,0.8,0.1,0,1.0,6.4
2018,seq-sat,agricola,p14.pddl,ok,123,94898,0,False,0.0145,45,458,10,0.8,0.1,0,1.0,10.5
2018,seq-sat,agricola,p15.pddl,ok,130,103417,0,False,0.0172,50,522,10,0.9,0.1,0,1.0,12.2
2018,seq-sat,agricola,p16.pddl,ok,137,112310,0,False,0.0198,56,646,10,1.0,0.0,0,,13.8
2018,seq-sat,agricola,p17.pddl,ok,145,166825,0,False,0.0174,59,771,10,1.0,0.0,0,,23.6
2018,seq-sat,agricola,p18.pddl,ok,152,179057,0,False,0.0195,63,775,10,0.8,0.2,0,1.0,31.7
2018,seq-sat,agricola,p19.pddl,ok,159,191673,0,False,0.0215,68,869,10,1.0,0.0,0,,39.4
2018,seq-sat,agricola,p20.pddl,ok,166,204673,0,False,0.0235,73,963,10,1.0,0.0,0,,50.2
2018,seq-sat,caldera,p01.pddl,ok,124,1030,0,False,0.0,11,11,10,0.6,0.4,0,1.0,0.3
2018,seq-sat,caldera,p02.pddl,ok,118,910,0,False,0.0,11,11,10,0.6,0.4,0,1.0,0.2
2018,seq-sat,caldera,p03.pddl,ok,167,3017,0,False,0.0,18,18,10,0.6,0.4,0,1.0,0.9
2018,seq-sat,caldera,p04.pddl,ok,185,4817,0,False,0.0,17,17,10,0.6,0.4,0,1.0,1.4
2018,seq-sat,caldera,p05.pddl,ok,218,11996,0,False,0.0,19,19,10,0.8,0.2,0,1.0,3.0
2018,seq-sat,caldera,p06.pddl,ok,218,7796,0,False,0.0,22,22,10,0.9,0.1,0,1.0,2.1
2018,seq-sat,caldera,p07.pddl,ok,313,25573,0,False,0.0,28,28,10,0.9,0.1,0,1.0,7.6
2018,seq-sat,caldera,p08.pddl,ok,325,33973,0,False,0.0,26,26,10,0.8,0.2,0,1.0,10.9
2018,seq-sat,caldera,p09.pddl,ok,392,48938,0,False,0.0,36,36,10,0.9,0.1,0,1.0,14.9
2018,seq-sat,caldera,p10.pddl,ok,350,39866,0,False,0.0,27,27,10,0.9,0.1,0,1.0,10.7
2018,seq-sat,caldera,p11.pddl,ok,449,116705,0,False,0.0,34,34,10,1.0,0.0,0,,35.3
2018,seq-sat,caldera,p12.pddl,ok,497,131825,0,False,0.0,33,33,10,0.8,0.2,0,1.0,52.1
2018,seq-sat,caldera,p13.pddl,ok,538,206992,0,False,0.0,38,38,10,0.8,0.2,0,1.0,74.8
2018,seq-sat,caldera,p14.pddl,ok,580,191152,0,False,0.0,42,42,10,0.8,0.2,0,1.0,79.3
2018,seq-sat,caldera,p15.pddl,ok,659,227141,0,False,0.0,50,50,10,1.0,0.0,0,,112.1
2018,seq-sat,caldera,p16.pddl,ok,653,250901,0,False,0.0,45,45,10,1.0,0.0,0,,109.6
2018,seq-sat,caldera,p17.pddl,"parcial (1/10, tempo)",746,550958,0,False,0.0,46,46,1,1.0,0.0,0,,124.5
2018,seq-sat,caldera,p18.pddl,"parcial (0/10, tempo)",746,550958,0,False,0.0,48,48,0,,,0,,122.8
2018,seq-sat,caldera,p19.pddl,tempo esgotado na tradução (300 s),,,,,,,,,,,,,
2018,seq-sat,caldera,p20.pddl,tempo esgotado na tradução (300 s),,,,,,,,,,,,,
2018,seq-sat,caldera-split,p01.pddl,ok,131,597,0,False,0.0228,26,49,10,1.0,0.0,0,,0.0
2018,seq-sat,caldera-split,p02.pddl,ok,131,573,0,False,0.0201,29,57,10,0.9,0.1,0,1.0,0.1
2018,seq-sat,caldera-split,p03.pddl,ok,192,1517,0,False,0.0129,31,55,10,1.0,0.0,0,,0.1
2018,seq-sat,caldera-split,p04.pddl,ok,201,1652,0,False,0.0122,35,65,10,1.0,0.0,0,,0.1
2018,seq-sat,caldera-split,p05.pddl,ok,225,1437,0,False,0.0237,31,53,10,1.0,0.0,0,,0.1
2018,seq-sat,caldera-split,p06.pddl,ok,225,1437,0,False,0.0258,32,55,10,1.0,0.0,0,,0.1
2018,seq-sat,caldera-split,p07.pddl,ok,335,6542,0,False,0.0097,38,67,10,1.0,0.0,0,,0.7
2018,seq-sat,caldera-split,p08.pddl,ok,344,6773,0,False,0.0092,41,72,10,1.0,0.0,0,,0.8
2018,seq-sat,caldera-split,p09.pddl,ok,417,11293,0,False,0.0087,45,87,10,1.0,0.0,0,,1.3
2018,seq-sat,caldera-split,p10.pddl,ok,357,2909,0,False,0.0264,37,59,10,1.0,0.0,0,,0.4
2018,seq-sat,caldera-split,p11.pddl,ok,456,7557,0,False,0.0157,44,68,10,0.9,0.1,0,1.0,1.3
2018,seq-sat,caldera-split,p12.pddl,ok,606,42819,0,False,0.004,50,93,10,1.0,0.0,0,,6.3
2018,seq-sat,caldera-split,p13.pddl,ok,545,10597,0,False,0.0149,46,70,10,1.0,0.0,0,,2.0
2018,seq-sat,caldera-split,p14.pddl,ok,635,37377,0,False,0.006,55,98,10,1.0,0.0,0,,6.3
2018,seq-sat,caldera-split,p15.pddl,ok,708,38827,0,False,0.0073,62,121,10,1.0,0.0,0,,7.6
2018,seq-sat,caldera-split,p16.pddl,ok,702,40279,0,False,0.0068,56,99,10,1.0,0.0,0,,7.4
2018,seq-sat,caldera-split,p17.pddl,ok,753,21741,0,False,0.0122,51,74,10,1.0,0.0,0,,5.7
2018,seq-sat,caldera-split,p18.pddl,ok,753,21741,0,False,0.0122,51,75,10,1.0,0.0,0,,5.8
2018,seq-sat,caldera-split,p19.pddl,ok,947,84770,0,False,0.0057,74,151,10,1.0,0.0,0,,30.5
2018,seq-sat,caldera-split,p20.pddl,ok,947,83054,0,False,0.0057,68,128,10,1.0,0.0,0,,28.6
2018,seq-sat,data-network,p01.pddl,ok,160,3864,0,False,0.324,40,489,10,0.0,1.0,0,1.1,0.5
2018,seq-sat,data-network,p02.pddl,ok,184,4832,0,False,0.3587,43,405,10,0.0,1.0,0,1.0,0.5
2018,seq-sat,data-network,p03.pddl,ok,219,4867,0,False,0.2991,42,365,10,0.0,1.0,0,1.1,0.7
2018,seq-sat,data-network,p04.pddl,ok,249,5505,0,False,0.2776,66,763,10,0.0,1.0,0,1.0,0.7
2018,seq-sat,data-network,p05.pddl,ok,280,8296,0,False,0.3578,59,674,10,0.0,1.0,0,1.0,2.0
2018,seq-sat,data-network,p06.pddl,ok,313,8885,0,False,0.3468,80,1111,10,0.0,1.0,0,1.1,2.4
2018,seq-sat,data-network,p07.pddl,ok,341,8833,0,False,0.3246,82,809,10,0.0,1.0,0,1.1,1.4
2018,seq-sat,data-network,p08.pddl,ok,372,10680,0,False,0.3359,81,718,10,0.0,1.0,0,1.0,1.4
2018,seq-sat,data-network,p09.pddl,ok,398,9050,0,False,0.3175,93,1118,10,0.0,1.0,0,1.0,1.2
2018,seq-sat,data-network,p10.pddl,ok,432,11056,0,False,0.3104,102,1049,10,0.0,1.0,0,1.0,1.8
2018,seq-sat,data-network,p11.pddl,ok,142,4074,0,False,0.2824,25,526,10,0.0,1.0,0,1.0,0.3
2018,seq-sat,data-network,p12.pddl,ok,197,5730,0,False,0.3392,24,578,10,0.0,1.0,0,1.0,0.5
2018,seq-sat,data-network,p13.pddl,ok,253,7168,0,False,0.308,39,679,10,0.0,1.0,0,1.0,0.8
2018,seq-sat,data-network,p14.pddl,ok,307,8701,0,False,0.3153,47,969,10,0.0,1.0,0,1.0,0.9
2018,seq-sat,data-network,p15.pddl,ok,362,10357,0,False,0.2933,62,1624,10,0.0,1.0,0,1.0,1.2
2018,seq-sat,data-network,p16.pddl,ok,419,12585,0,False,0.3317,66,1181,10,0.0,1.0,0,1.0,1.7
2018,seq-sat,data-network,p17.pddl,ok,469,11998,0,False,0.2935,65,1337,10,0.0,1.0,0,1.0,1.3
2018,seq-sat,data-network,p18.pddl,ok,521,15462,0,False,0.2965,60,915,10,0.0,1.0,0,1.0,1.9
2018,seq-sat,data-network,p19.pddl,ok,583,13819,0,False,0.2556,91,2390,10,0.0,1.0,0,1.0,2.4
2018,seq-sat,data-network,p20.pddl,ok,634,18789,0,False,0.3383,94,1822,10,0.0,1.0,0,1.0,2.9
2018,seq-sat,flashfill,p01.pddl,ok,601,5574,0,False,0.0,13,511,10,0.9,0.1,0,1.0,0.3
2018,seq-sat,flashfill,p02.pddl,ok,853,8310,0,False,0.0,13,511,10,0.9,0.0,0,,0.6
2018,seq-sat,flashfill,p03.pddl,ok,1159,11634,0,False,0.0,14,511,10,0.8,0.2,0,1.0,0.8
2018,seq-sat,flashfill,p04.pddl,ok,1621,16686,0,False,0.0,15,511,10,0.9,0.0,0,,1.3
2018,seq-sat,flashfill,p05.pddl,ok,2162,22602,0,False,0.0,16,511,10,0.8,0.2,0,1.0,1.7
2018,seq-sat,flashfill,p06.pddl,ok,1139,11094,0,False,0.0,13,511,10,1.0,0.0,0,,0.7
2018,seq-sat,flashfill,p07.pddl,ok,1447,14550,0,False,0.0,11,409,10,0.8,0.2,0,1.0,1.0
2018,seq-sat,flashfill,p08.pddl,ok,1453,14562,0,False,0.0,14,511,10,1.0,0.0,0,,0.8
2018,seq-sat,flashfill,p09.pddl,ok,1665,16878,0,False,0.0,15,511,10,0.7,0.2,0,1.0,1.3
2018,seq-sat,flashfill,p10.pddl,ok,1668,16890,0,False,0.0,16,511,10,0.7,0.3,0,1.0,1.3
2018,seq-sat,flashfill,p11.pddl,ok,1642,20356,0,False,0.0032,11,409,10,0.5,0.5,0,1.0,1.4
2018,seq-sat,flashfill,p12.pddl,ok,3560,45836,0,False,0.0015,11,409,10,0.7,0.2,0,1.0,3.1
2018,seq-sat,flashfill,p13.pddl,tempo esgotado na tradução (300 s),,,,,,,,,,,,,
2018,seq-sat,flashfill,p16.pddl,ok,1184,10460,0,False,0.0033,11,409,10,0.7,0.2,0,1.0,0.7
2018,seq-sat,flashfill,p17.pddl,ok,2588,23460,0,False,0.0015,11,409,10,0.8,0.2,0,1.0,1.5
2018,seq-sat,flashfill,p18.pddl,ok,3864,35270,0,False,0.001,10,307,10,1.0,0.0,0,,1.9
2018,seq-sat,nurikabe,p01.pddl,ok,155,1647,0,False,0.0,35,35,10,0.3,0.7,0,1.429,0.5
2018,seq-sat,nurikabe,p02.pddl,ok,164,1518,0,False,0.0,36,36,10,0.2,0.8,0,1.25,0.4
2018,seq-sat,nurikabe,p03.pddl,ok,287,2861,0,False,0.0,49,49,10,0.1,0.9,0,1.444,1.2
2018,seq-sat,nurikabe,p04.pddl,ok,302,3763,0,False,0.0,48,48,10,0.3,0.5,0,1.2,1.4
2018,seq-sat,nurikabe,p05.pddl,ok,396,5875,0,False,0.0,71,71,10,0.5,0.4,0,1.0,1.7
2018,seq-sat,nurikabe,p06.pddl,ok,409,5384,0,False,0.0,70,70,10,0.6,0.4,0,1.25,1.3
2018,seq-sat,nurikabe,p07.pddl,ok,589,8100,0,False,0.0,89,89,10,0.6,0.4,0,1.0,2.5
2018,seq-sat,nurikabe,p08.pddl,ok,661,9242,0,False,0.0,82,82,10,0.5,0.5,0,1.6,7.8
2018,seq-sat,nurikabe,p09.pddl,ok,828,15241,0,False,0.0,107,107,10,0.3,0.7,0,1.0,6.6
2018,seq-sat,nurikabe,p10.pddl,ok,867,14737,0,False,0.0,96,96,10,0.6,0.4,0,1.0,5.1
2018,seq-sat,nurikabe,p11.pddl,ok,1218,21360,0,False,0.0,135,135,10,0.8,0.1,0,1.0,6.4
2018,seq-sat,nurikabe,p12.pddl,ok,1183,20476,0,False,0.0,127,127,10,0.5,0.4,0,1.25,9.2
2018,seq-sat,nurikabe,p13.pddl,ok,1715,28329,0,False,0.0,151,151,10,0.5,0.4,0,1.0,12.3
2018,seq-sat,nurikabe,p14.pddl,ok,1532,34667,0,False,0.0,140,140,10,1.0,0.0,0,,10.3
2018,seq-sat,nurikabe,p15.pddl,ok,2115,45788,0,False,0.0,182,182,10,0.8,0.2,0,1.0,12.6
2018,seq-sat,nurikabe,p16.pddl,ok,2045,43792,0,False,0.0,189,189,10,0.7,0.3,0,1.0,12.5
2018,seq-sat,nurikabe,p17.pddl,ok,2779,57703,0,False,0.0,201,201,10,0.4,0.6,0,1.0,24.5
2018,seq-sat,nurikabe,p18.pddl,ok,2868,55531,0,False,0.0,235,235,10,0.9,0.1,0,1.0,13.8
2018,seq-sat,nurikabe,p19.pddl,ok,3533,73814,0,False,0.0,254,254,10,1.0,0.0,0,,18.4
2018,seq-sat,nurikabe,p20.pddl,ok,3557,78583,0,False,0.0,246,246,10,0.6,0.4,0,1.0,29.9
2018,seq-sat,organic-synthesis,p06.pddl,"parcial (0/10, tempo)",81,53712,0,False,0.0,2,2,0,,,0,,247.1
2018,seq-sat,organic-synthesis,p07.pddl,ok,84,215208,0,False,0.0,3,3,10,1.0,0.0,0,,29.9
2018,seq-sat,organic-synthesis,p16.pddl,"parcial (0/10, tempo)",403,137784,0,False,0.0,6,6,0,,,0,,128.6
2018,seq-sat,organic-synthesis-split,p01.pddl,ok,896,14657,0,False,0.0191,37,353,10,1.0,0.0,0,,0.9
2018,seq-sat,organic-synthesis-split,p02.pddl,ok,1228,41125,0,False,0.016,62,466,10,1.0,0.0,0,,3.1
2018,seq-sat,organic-synthesis-split,p03.pddl,ok,1732,59616,0,False,0.0204,138,1005,10,1.0,0.0,0,,5.1
2018,seq-sat,organic-synthesis-split,p04.pddl,ok,1389,39941,0,False,0.0227,12,236,10,1.0,0.0,0,,3.9
2018,seq-sat,organic-synthesis-split,p05.pddl,ok,2425,78320,0,False,0.0269,75,633,10,1.0,0.0,0,,10.7
2018,seq-sat,organic-synthesis-split,p06.pddl,ok,544,9619,0,False,0.0245,25,101,10,1.0,0.0,0,,0.7
2018,seq-sat,organic-synthesis-split,p07.pddl,ok,2187,41854,0,False,0.0315,28,105,10,1.0,0.0,0,,5.0
2018,seq-sat,organic-synthesis-split,p08.pddl,ok,3320,142867,0,False,0.0319,5,112,10,1.0,0.0,0,,27.7
2018,seq-sat,organic-synthesis-split,p09.pddl,ok,4786,246811,0,False,0.0229,24,268,10,0.9,0.0,1,,72.1
2018,seq-sat,organic-synthesis-split,p10.pddl,ok,3391,118098,0,False,0.0264,94,830,10,1.0,0.0,0,,22.3
2018,seq-sat,organic-synthesis-split,p11.pddl,ok,5071,261233,0,False,0.0195,100,957,10,1.0,0.0,0,,56.4
2018,seq-sat,organic-synthesis-split,p12.pddl,ok,5079,327415,0,False,0.0177,132,838,10,1.0,0.0,0,,90.8
2018,seq-sat,organic-synthesis-split,p13.pddl,"parcial (0/10, tempo)",9967,646661,0,False,0.0247,130,843,0,,,0,,297.4
2018,seq-sat,organic-synthesis-split,p14.pddl,ok,6375,382881,0,False,0.0195,117,896,10,1.0,0.0,0,,105.8
2018,seq-sat,organic-synthesis-split,p15.pddl,ok,1102,21670,0,False,0.0163,57,562,10,1.0,0.0,0,,1.8
2018,seq-sat,organic-synthesis-split,p16.pddl,ok,2957,55998,0,False,0.0157,122,932,10,1.0,0.0,0,,7.6
2018,seq-sat,organic-synthesis-split,p17.pddl,ok,6262,435233,0,False,0.0162,113,1077,10,1.0,0.0,0,,107.4
2018,seq-sat,organic-synthesis-split,p18.pddl,ok,5176,250499,0,False,0.0186,164,1364,10,1.0,0.0,0,,58.2
2018,seq-sat,organic-synthesis-split,p19.pddl,"parcial (0/10, tempo)",16471,1160638,0,False,0.0268,69,841,0,,,0,,1230.4
2018,seq-sat,organic-synthesis-split,p20.pddl,"parcial (0/10, tempo)",10875,705330,0,False,0.0202,218,864,0,,,0,,390.7
2018,seq-sat,settlers,p01.pddl,ok,1107,425,0,False,0.0016,29,235,10,0.0,1.0,0,1.0,1.1
2018,seq-sat,settlers,p02.pddl,ok,1181,425,0,False,0.0015,33,250,10,0.1,0.9,0,1.0,0.9
2018,seq-sat,settlers,p03.pddl,ok,1263,447,0,False,0.0018,30,225,10,0.1,0.9,0,1.0,1.0
2018,seq-sat,settlers,p04.pddl,ok,1343,425,0,False,0.0013,30,230,10,0.1,0.9,0,1.0,1.0
2018,seq-sat,settlers,p05.pddl,ok,1476,425,0,False,0.0012,32,245,10,0.0,1.0,0,1.0,1.2
2018,seq-sat,settlers,p06.pddl,ok,1562,447,0,False,0.0015,43,350,10,0.0,0.9,0,1.0,1.3
2018,seq-sat,settlers,p07.pddl,ok,1669,425,0,False,0.0011,44,345,10,0.0,1.0,0,1.0,1.5
2018,seq-sat,settlers,p08.pddl,ok,1472,738,0,False,0.0023,27,205,10,0.1,0.9,0,1.0,1.5
2018,seq-sat,settlers,p09.pddl,ok,1576,822,0,False,0.0032,28,200,10,0.2,0.8,0,1.125,2.0
2018,seq-sat,settlers,p10.pddl,ok,1678,738,0,False,0.0021,32,250,10,0.7,0.3,0,1.0,1.5
2018,seq-sat,settlers,p11.pddl,ok,1824,738,0,False,0.0019,42,335,10,0.6,0.4,0,1.0,1.4
2018,seq-sat,settlers,p12.pddl,ok,1966,738,0,False,0.0018,42,350,10,0.1,0.9,0,1.0,2.0
2018,seq-sat,settlers,p13.pddl,ok,2070,738,0,False,0.0017,50,425,10,0.1,0.9,0,1.0,2.4
2018,seq-sat,settlers,p14.pddl,ok,2209,776,0,False,0.0019,45,360,10,0.1,0.9,0,1.111,2.7
2018,seq-sat,settlers,p15.pddl,ok,2219,1530,0,False,0.003,28,230,10,0.0,1.0,0,1.1,3.6
2018,seq-sat,settlers,p16.pddl,ok,2438,1476,0,False,0.0023,38,315,10,0.0,1.0,0,1.0,3.8
2018,seq-sat,settlers,p17.pddl,ok,2672,1424,0,False,0.0018,38,315,10,0.0,1.0,0,1.0,3.8
2018,seq-sat,settlers,p18.pddl,ok,2883,1530,0,False,0.0023,40,310,10,0.0,1.0,0,1.0,4.5
2018,seq-sat,settlers,p19.pddl,ok,3101,1530,0,False,0.0021,57,480,10,0.8,0.2,0,1.0,3.8
2018,seq-sat,settlers,p20.pddl,ok,3351,1614,0,False,0.0024,47,370,10,0.0,1.0,0,1.1,5.9
2018,seq-sat,snake,p01.pddl,ok,176,15141,0,False,0.0059,16,16,10,0.6,0.4,0,1.25,3.7
2018,seq-sat,snake,p02.pddl,ok,182,15844,0,False,0.004,12,12,10,0.2,0.4,0,1.0,4.2
2018,seq-sat,snake,p03.pddl,ok,187,16680,0,False,0.0021,12,12,10,0.2,0.5,0,1.2,6.6
2018,seq-sat,snake,p04.pddl,ok,193,17790,0,False,0.0005,16,16,10,0.6,0.4,0,1.0,4.2
2018,seq-sat,snake,p05.pddl,ok,171,14712,0,False,0.0081,15,15,10,0.2,0.4,0,1.0,4.7
2018,seq-sat,snake,p06.pddl,ok,237,28952,0,False,0.0063,21,21,10,0.1,0.7,0,1.143,9.9
2018,seq-sat,snake,p07.pddl,ok,244,29904,0,False,0.0042,15,15,10,0.2,0.6,0,1.167,9.6
2018,seq-sat,snake,p08.pddl,ok,252,31192,0,False,0.0033,13,13,10,0.1,0.8,0,1.0,10.6
2018,seq-sat,snake,p09.pddl,ok,259,32809,0,False,0.0019,13,13,10,0.1,0.8,0,1.375,11.9
2018,seq-sat,snake,p10.pddl,ok,266,34860,0,False,0.0004,16,16,10,0.1,0.8,1,1.0,13.3
2018,seq-sat,snake,p11.pddl,ok,314,51696,0,False,0.0045,17,17,10,0.3,0.7,0,1.286,19.3
2018,seq-sat,snake,p12.pddl,ok,324,53511,0,False,0.0033,13,13,10,0.0,0.9,0,1.0,21.4
2018,seq-sat,snake,p13.pddl,ok,333,55800,0,False,0.0021,15,15,10,0.2,0.8,0,1.0,20.9
2018,seq-sat,snake,p14.pddl,ok,343,58912,0,False,0.0011,20,20,10,0.4,0.6,0,1.0,21.9
2018,seq-sat,snake,p15.pddl,ok,353,62820,0,False,0.0001,19,19,10,0.0,0.9,0,1.111,26.9
2018,seq-sat,snake,p16.pddl,ok,402,85752,0,False,0.0034,21,21,10,0.1,0.9,0,1.111,39.3
2018,seq-sat,snake,p17.pddl,ok,414,88530,0,False,0.0027,14,14,10,0.0,0.9,0,1.0,41.7
2018,seq-sat,snake,p18.pddl,ok,426,92444,0,False,0.0018,20,20,10,0.2,0.7,0,1.143,42.8
2018,seq-sat,snake,p19.pddl,ok,438,97390,0,False,0.001,24,24,10,0.3,0.6,0,1.0,44.3
2018,seq-sat,snake,p20.pddl,ok,450,103664,0,False,0.0001,21,21,10,0.2,0.6,0,1.167,47.9
2018,seq-sat,spider,p01.pddl,ok,494,22438,0,False,0.0,98,37,10,1.0,0.0,0,,9.0
2018,seq-sat,spider,p02.pddl,ok,628,38669,0,False,0.0,125,44,10,0.9,0.0,0,,18.7
2018,seq-sat,spider,p03.pddl,ok,704,43267,0,False,0.0,147,56,10,0.9,0.1,0,1.0,20.8
2018,seq-sat,spider,p04.pddl,ok,862,69218,0,False,0.0,150,59,10,1.0,0.0,0,,41.6
2018,seq-sat,spider,p05.pddl,ok,1036,103363,0,False,0.0,173,60,10,1.0,0.0,0,,81.3
2018,seq-sat,spider,p06.pddl,ok,1128,113779,0,False,0.0,197,72,10,1.0,0.0,0,,96.1
2018,seq-sat,spider,p07.pddl,ok,376,12057,0,False,0.0,110,41,10,1.0,0.0,0,,3.1
2018,seq-sat,spider,p08.pddl,ok,494,22562,0,False,0.0,124,46,10,0.8,0.1,0,1.0,8.1
2018,seq-sat,spider,p09.pddl,ok,628,38647,0,False,0.0,149,56,10,1.0,0.0,0,,16.4
2018,seq-sat,spider,p10.pddl,ok,704,44015,0,False,0.0,164,58,10,1.0,0.0,0,,20.5
2018,seq-sat,spider,p11.pddl,ok,862,69096,0,False,0.0,182,71,10,1.0,0.0,0,,40.6
2018,seq-sat,spider,p12.pddl,ok,1036,104331,0,False,0.0,204,72,10,1.0,0.0,0,,79.2
2018,seq-sat,spider,p13.pddl,ok,1128,114667,0,False,0.0,221,79,10,1.0,0.0,0,,86.1
2018,seq-sat,spider,p14.pddl,ok,376,12333,0,False,0.0,108,43,10,1.0,0.0,0,,2.6
2018,seq-sat,spider,p15.pddl,ok,494,22902,0,False,0.0,124,44,10,1.0,0.0,0,,6.3
2018,seq-sat,spider,p16.pddl,ok,628,39089,0,False,0.0,162,55,10,1.0,0.0,0,,15.0
2018,seq-sat,spider,p17.pddl,ok,704,44291,0,False,0.0,169,62,10,0.8,0.1,0,1.0,19.5
2018,seq-sat,spider,p18.pddl,ok,862,70082,0,False,0.0,193,67,10,0.9,0.0,0,,40.6
2018,seq-sat,spider,p19.pddl,ok,1036,104231,0,False,0.0,219,75,10,1.0,0.0,0,,69.5
2018,seq-sat,spider,p20.pddl,ok,1128,114885,0,False,0.0,226,79,10,1.0,0.0,0,,76.7
2018,seq-sat,termes,p01.pddl,ok,17,902,0,False,0.455,20,20,10,0.0,0.9,0,1.111,0.1
2018,seq-sat,termes,p02.pddl,ok,17,902,0,False,0.455,30,30,10,0.0,0.9,0,1.222,0.1
2018,seq-sat,termes,p03.pddl,ok,17,1112,0,False,0.4499,20,20,10,0.0,1.0,0,1.8,0.1
2018,seq-sat,termes,p04.pddl,ok,17,938,0,False,0.4529,26,26,10,0.0,0.8,0,1.125,0.1
2018,seq-sat,termes,p05.pddl,ok,17,1112,0,False,0.4499,33,33,10,0.0,1.0,0,1.4,0.1
2018,seq-sat,termes,p06.pddl,ok,17,1322,0,False,0.4465,28,28,10,0.0,1.0,0,1.1,0.1
2018,seq-sat,termes,p07.pddl,ok,17,1322,0,False,0.4465,40,40,10,0.0,0.9,0,1.111,0.1
2018,seq-sat,termes,p08.pddl,ok,17,1532,0,False,0.444,30,30,10,0.0,1.0,0,1.1,0.1
2018,seq-sat,termes,p09.pddl,ok,17,1742,0,False,0.4421,39,39,10,0.0,0.9,0,1.0,0.2
2018,seq-sat,termes,p10.pddl,ok,17,1952,0,False,0.4407,40,40,10,0.0,0.9,0,1.111,0.2
2018,seq-sat,termes,p11.pddl,ok,26,834,0,False,0.4736,42,42,10,0.0,1.0,0,1.2,0.1
2018,seq-sat,termes,p12.pddl,ok,26,1204,0,False,0.4595,63,63,10,0.0,1.0,0,1.7,0.3
2018,seq-sat,termes,p13.pddl,ok,26,1574,0,False,0.4521,86,86,10,0.0,0.8,0,1.0,0.2
2018,seq-sat,termes,p14.pddl,ok,26,1944,0,False,0.4476,110,110,10,0.0,0.8,0,1.875,0.6
2018,seq-sat,termes,p15.pddl,ok,26,2314,0,False,0.4445,134,134,10,0.0,0.7,0,1.286,0.5
2018,seq-sat,termes,p16.pddl,ok,21,916,0,False,0.461,51,51,10,0.0,1.0,0,1.0,0.1
2018,seq-sat,termes,p17.pddl,ok,21,1196,0,False,0.4533,69,69,10,0.0,1.0,0,1.4,0.2
2018,seq-sat,termes,p18.pddl,ok,26,1944,0,False,0.4476,87,87,10,0.0,0.9,0,1.222,0.4
2018,seq-sat,termes,p19.pddl,ok,26,2314,0,False,0.4445,105,105,10,0.0,0.8,0,1.0,0.4
2018,seq-sat,termes,p20.pddl,ok,36,3980,0,False,0.4415,143,143,10,0.0,0.8,0,1.0,0.7
