id,eixo,titulo,autores,ano,veiculo,tipo,doi,arxiv_id,url,base,string_busca,data_busca,semente,marcas,resumo_disponivel,observacao,eixos,ids_origem
E1-001,E1,The Algorithm Selection Problem,"Rice, J. R.",1976,Advances in Computers,capitulo,10.1016/S0065-2458(08)60520-3,,https://doi.org/10.1016/S0065-2458(08)60520-3,OpenAlex,"""algorithm selection problem"" Rice 1976 (busca dirigida por semente)",2026-09-22,sim,classico,nao,seminal; nao localizado resumo em OpenAlex (registro sem abstract indexado),E1,E1-001
E1-002,E1,Planning through Automatic Portfolio Configuration: The PbP Approach,"Gerevini, A.; Saetti, A.; Vallati, M.",2014,Journal of Artificial Intelligence Research,periodico,10.1613/jair.4359,,https://doi.org/10.1613/jair.4359,OpenAlex,"""portfolio"" ""classical planning"" (busca dirigida por semente PbP)",2026-09-22,sim,,sim,,E1,E1-002
E1-003,E1,Fast Downward Stone Soup: A Baseline for Building Planner Portfolios,"Helmert, M.; Röger, G.; Karpas, E.",2011,ICAPS 2011 Workshop on Planning and Learning (PAL),workshop,,,https://ai.dmi.unibas.ch/papers/helmert-et-al-icaps2011ws.pdf,"web (pagina do grupo de pesquisa, ai.dmi.unibas.ch)",busca dirigida por semente Fast Downward Stone Soup,2026-09-22,sim,,sim,sem DOI; texto integral verificado diretamente no PDF oficial do grupo de Malte Helmert,E1,E1-003
E1-004,E1,The IBaCoP Planning System: Instance-Based Configured Portfolios,"Cenamor, I.; de la Rosa, T.; Fernández, F.",2016,Journal of Artificial Intelligence Research,periodico,10.1613/jair.5080,,https://doi.org/10.1613/jair.5080,OpenAlex,"""planner portfolio"" (busca dirigida por semente IBaCoP)",2026-09-22,sim,,sim,,E1,E1-004
E1-005,E1,Delfi: Online Planner Selection for Cost-Optimal Planning,"Katz, M.; Sohrabi, S.; Samulowitz, H.; Sievers, S.",2018,"IPC 2018 (planner abstract, deterministic optimal track)",cinza,,,https://ai.dmi.unibas.ch/papers/katz-et-al-ipc2018.pdf,"web (pagina do grupo de pesquisa, ai.dmi.unibas.ch)",busca dirigida por semente Delfi,2026-09-22,sim,cinza,sim,"sem DOI; resultado oficial da IPC 2018, texto integral verificado no PDF oficial",E1,E1-005
E1-006,E1,Fast Downward Cedalion (IPC planner abstract),"Seipp, J.; Sievers, S.; Hutter, F.",2014,IPC 2014 (planner abstract),cinza,,,http://edoc.unibas.ch/42865/,OpenAlex,busca dirigida por semente Cedalion,2026-09-22,sim,cinza,nao,resultado oficial da IPC 2014; resumo nao verificado (texto integral nao lido),E1,E1-006
E1-007,E1,Algorithm Selection for Combinatorial Search Problems: A Survey,"Kotthoff, L.",2014,AI Magazine,periodico,10.1609/aimag.v35i3.2460,,https://doi.org/10.1609/aimag.v35i3.2460,OpenAlex,"""algorithm selection"" planning (busca dirigida por semente: survey Kotthoff)",2026-09-22,sim,,sim,,E1;E7,E1-007;E7-022
E1-008,E1,Automated Algorithm Selection: Survey and Perspectives,"Kerschke, P.; Hoos, H. H.; Neumann, F.; Trautmann, H.",2018,Evolutionary Computation,periodico,10.1162/evco_a_00242,,https://doi.org/10.1162/evco_a_00242,OpenAlex,"""per-instance"" ""algorithm selection"" survey (busca dirigida por semente: survey Kerschke et al.)",2026-09-22,sim,,sim,,E1;E2;E7,E1-008;E2-017;E7-024
E1-009,E1,SATzilla: Portfolio-based Algorithm Selection for SAT,"Xu, L.; Hutter, F.; Hoos, H. H.; Leyton-Brown, K.",2008,Journal of Artificial Intelligence Research,periodico,10.1613/jair.2490,,https://doi.org/10.1613/jair.2490,OpenAlex,"""algorithm selection"" planning",2026-09-22,nao,,sim,nome do primeiro autor conferido no Crossref (L. Xu); precursor direto dos portfolios de planejamento,E1,E1-009
E1-010,E1,ParamILS: An Automatic Algorithm Configuration Framework,"Hutter, F.; Hoos, H. H.; Leyton-Brown, K.; Stuetzle, T.",2009,Journal of Artificial Intelligence Research,periodico,10.1613/jair.2861,,https://doi.org/10.1613/jair.2861,OpenAlex,"""algorithm configuration"" planning portfolio",2026-09-22,nao,,sim,,E1,E1-010
E1-011,E1,AutoFolio: An Automatically Configured Algorithm Selector,"Lindauer, M.; Hoos, H. H.; Hutter, F.; Schaub, T.",2015,Journal of Artificial Intelligence Research,periodico,10.1613/jair.4726,,https://doi.org/10.1613/jair.4726,OpenAlex,"""algorithm configuration"" planning portfolio",2026-09-22,nao,,sim,,E1,E1-011
E1-012,E1,Learning Portfolios of Automatically Tuned Planners,"Seipp, J.; Braun, M.; Garimort, J.; Helmert, M.",2012,Proceedings of the International Conference on Automated Planning and Scheduling (ICAPS),conferencia,10.1609/icaps.v22i1.13538,,https://doi.org/10.1609/icaps.v22i1.13538,OpenAlex,"""planner portfolio""",2026-09-22,nao,,sim,,E1,E1-012
E1-013,E1,The algorithm selection competitions 2015 and 2017,"Lindauer, M.; van Rijn, J. N.; Kotthoff, L.",2019,Artificial Intelligence,periodico,10.1016/j.artint.2018.10.004,,https://doi.org/10.1016/j.artint.2018.10.004,OpenAlex,"snowball: obras que citam Kotthoff (2014), Algorithm Selection for Combinatorial Search Problems: A Survey",2026-09-22,nao,,nao,abstract nao indexado em OpenAlex,E1,E1-013
E1-014,E1,Automatic Configuration of Sequential Planning Portfolios,"Seipp, J.; Sievers, S.; Helmert, M.; Hutter, F.",2015,Proceedings of the AAAI Conference on Artificial Intelligence,conferencia,10.1609/aaai.v29i1.9640,,https://doi.org/10.1609/aaai.v29i1.9640,OpenAlex,"""algorithm configuration"" planning portfolio",2026-09-22,nao,,sim,,E1,E1-014
E1-015,E1,Automatic construction of parallel portfolios via algorithm configuration,"Lindauer, M.; Hoos, H. H.; Leyton-Brown, K.; Schaub, T.",2016,Artificial Intelligence,periodico,10.1016/j.artint.2016.05.004,,https://doi.org/10.1016/j.artint.2016.05.004,OpenAlex,"""algorithm configuration"" planning portfolio",2026-09-22,nao,,nao,abstract nao indexado em OpenAlex,E1,E1-015
E1-016,E1,What you always wanted to know about the deterministic part of the International Planning Competition (IPC) 2014 (but were too afraid to ask),"Vallati, M.; Chrpa, L.; McCluskey, T.L.",2018,The Knowledge Engineering Review,periodico,10.1017/S0269888918000012,,https://doi.org/10.1017/S0269888918000012,OpenAlex,"""planner portfolio""",2026-09-22,nao,,sim,,E1;E2;E3,E1-016;E2-015;E3-013
E1-017,E1,Automated Algorithm Selection: from Feature-Based to Feature-Free Approaches,"Alissa, M.; Sim, K.; Hart, E.",2023,Journal of Heuristics,periodico,10.1007/s10732-022-09505-4,,https://doi.org/10.1007/s10732-022-09505-4,OpenAlex,"""per-instance"" ""algorithm selection"" survey",2026-09-22,nao,,sim,,E1,E1-017
E1-018,E1,Online Planner Selection with Graph Neural Networks and Adaptive Scheduling,"Ma, T.; Ferber, P.; Huo, S.; Chen, J.; Katz, M.",2020,Proceedings of the AAAI Conference on Artificial Intelligence,conferencia,10.1609/aaai.v34i04.5949,,https://doi.org/10.1609/aaai.v34i04.5949,OpenAlex,"""planner selection"" online",2026-09-22,sim,,sim,,E1;E2;E4,E1-018;E2-005;E4-036
E1-019,E1,Performance Analysis of Planning Portfolios,"Núñez, S.; Borrajo, D.; López, C. L.",2021,Proceedings of the International Symposium on Combinatorial Search (SoCS),conferencia,10.1609/socs.v3i1.18238,,https://doi.org/10.1609/socs.v3i1.18238,OpenAlex,"""planner portfolio""",2026-09-22,nao,,sim,,E1;E2,E1-019;E2-013
E1-020,E1,Deep Learning for Cost-Optimal Planning: Task-Dependent Planner Selection,"Sievers, S.; Katz, M.; Sohrabi, S.; Samulowitz, H.; Ferber, P.",2019,Proceedings of the AAAI Conference on Artificial Intelligence,conferencia,10.1609/aaai.v33i01.33017715,,https://doi.org/10.1609/aaai.v33i01.33017715,OpenAlex,"""planner selection"" online",2026-09-22,sim,,sim,,E1;E2;E4,E1-020;E2-004;E4-035
E1-021,E1,Static and Dynamic Portfolio Methods for Optimal Planning: An Empirical Analysis,"Rizzini, M.; Fawcett, C.; Vallati, M.; Gerevini, A.; Hoos, H. H.",2017,International Journal of Artificial Intelligence Tools,periodico,10.1142/S0218213017600065,,https://doi.org/10.1142/S0218213017600065,OpenAlex,"""planner portfolio""",2026-09-22,nao,,sim,,E1;E2,E1-021;E2-032
E1-022,E1,Automatic construction of optimal static sequential portfolios for AI planning and beyond,"Núñez, S.; Borrajo, D.; López, C. L.",2015,Artificial Intelligence,periodico,10.1016/j.artint.2015.05.005,,https://doi.org/10.1016/j.artint.2015.05.005,OpenAlex,snowball: obras que citam Fast Downward Stone Soup,2026-09-22,nao,,nao,abstract nao indexado em OpenAlex,E1,E1-022
E1-023,E1,"Portfolio-based planning: State of the art, common practice and open challenges","Vallati, M.; Chrpa, L.; Kitchin, D. E.",2015,AI Communications,periodico,10.3233/AIC-150671,,https://doi.org/10.3233/AIC-150671,OpenAlex,"""portfolio"" ""classical planning""",2026-09-22,nao,,sim,,E1;E2,E1-023;E2-014
E1-024,E1,On the predictability of domain-independent temporal planners,"Cenamor, I.; Vallati, M.; Chrpa, L.",2019,Computational Intelligence,periodico,10.1111/coin.12211,,https://doi.org/10.1111/coin.12211,OpenAlex,"snowball: obras que citam PbP (Gerevini, Saetti, Vallati)",2026-09-22,nao,,sim,,E1;E2,E1-024;E2-010
E1-025,E1,A Guide to Portfolio-Based Planning,"Vallati, M.",2012,Lecture Notes in Computer Science (book chapter),capitulo,10.1007/978-3-642-35455-7_6,,https://doi.org/10.1007/978-3-642-35455-7_6,OpenAlex,"""planner portfolio""",2026-09-22,nao,,nao,abstract nao indexado em OpenAlex,E1,E1-025
E1-026,E1,On the Configuration of Robust Static Parallel Portfolios for Efficient Plan Generation,"Vallati, M.; Chrpa, L.; Kitchin, D. E.",2018,Lecture Notes in Computer Science (anais de conferencia),conferencia,10.1007/978-3-319-93698-7_2,,https://doi.org/10.1007/978-3-319-93698-7_2,OpenAlex,snowball: obras que citam Cedalion,2026-09-22,nao,,nao,abstract nao indexado em OpenAlex,E1,E1-026
E1-027,E1,Learning Heuristic Selection with Dynamic Algorithm Configuration,"Speck, D.; Biedenkapp, A.; Hutter, F.; Mattmüller, R.; Lindauer, M.",2021,Proceedings of the International Conference on Automated Planning and Scheduling (ICAPS),conferencia,10.1609/icaps.v31i1.16008,,https://doi.org/10.1609/icaps.v31i1.16008,OpenAlex,"snowball: obras que citam IBaCoP (Cenamor, de la Rosa, Fernandez)",2026-09-22,nao,,sim,,E1;E2,E1-027;E2-033
E1-028,E1,Explainable Planner Selection for Classical Planning,"Ferber, P.; Seipp, J.",2022,Proceedings of the AAAI Conference on Artificial Intelligence,conferencia,10.1609/aaai.v36i9.21209,,https://doi.org/10.1609/aaai.v36i9.21209,OpenAlex,"""planner selection"" online",2026-09-22,nao,,sim,,E1;E2;E3,E1-028;E2-034;E3-042
E1-029,E1,A Survey of Methods for Automated Algorithm Configuration,"Schede, E.; Brandt, J.; Tornede, A.; Wever, M.; Bengs, V.; et al.",2022,arXiv,preprint,10.48550/arXiv.2202.01651,2202.01651,https://doi.org/10.48550/arXiv.2202.01651,OpenAlex,"""algorithm configuration"" planning portfolio",2026-09-22,nao,preprint,sim,,E1,E1-029
E1-030,E1,ASlib: A Benchmark Library for Algorithm Selection,"Bischl, B.; Kerschke, P.; Kotthoff, L.; Lindauer, M.; Malitsky, Y.",2015,arXiv,preprint,10.48550/arXiv.1506.02465,1506.02465,https://doi.org/10.48550/arXiv.1506.02465,OpenAlex,"""per-instance"" ""algorithm selection"" survey",2026-09-22,nao,preprint,sim,,E1;E2;E7,E1-030;E2-016;E7-023
E1-031,E1,Choosing a Classical Planner with Graph Neural Networks,"Vatter, J.; Mayer, R.; Jacobsen, H.; Samulowitz, H.; Katz, M.",2024,arXiv,preprint,10.48550/arXiv.2402.04874,2402.04874,https://doi.org/10.48550/arXiv.2402.04874,OpenAlex,"""planner selection"" online",2026-09-22,nao,preprint,sim,,E1;E2,E1-031;E2-026
E1-032,E1,Beyond Message Passing: Modern GNN Architectures for Online Planner Selection,"Vatter, J.; Mayer, R.; Jacobsen, H.; Samulowitz, H.; Katz, M.",2026,Proceedings of the International Conference on Automated Planning and Scheduling (ICAPS),conferencia,10.1609/icaps.v36i1.42845,,https://doi.org/10.1609/icaps.v36i1.42845,OpenAlex,"""planner selection"" online",2026-09-22,nao,,sim,,E1,E1-032
E1-033,E1,Using the Shapley Value to Analyze Algorithm Portfolios,"Fréchette, A.; Kotthoff, L.; Michalak, T.; Rahwan, T.; Hoos, H. H.",2016,Proceedings of the AAAI Conference on Artificial Intelligence,conferencia,10.1609/aaai.v30i1.10440,,https://doi.org/10.1609/aaai.v30i1.10440,OpenAlex,"""planner portfolio""",2026-09-22,nao,,nao,abstract nao verificado (nao coletado por limite de requisicoes),E1,E1-033
E1-034,E1,Pitfalls and Best Practices in Algorithm Configuration,"Eggensperger, K.; Lindauer, M.; Hutter, F.",2019,Journal of Artificial Intelligence Research,periodico,10.1613/jair.1.11420,,https://doi.org/10.1613/jair.1.11420,OpenAlex,"""algorithm configuration"" planning portfolio",2026-09-22,nao,,nao,abstract nao verificado (nao coletado por limite de requisicoes),E1,E1-034
E1-035,E1,Automated Dynamic Algorithm Configuration,"Adriaensen, S.; Biedenkapp, A.; Shala, G.; Awad, N.; Eimer, T.; et al.",2022,Journal of Artificial Intelligence Research,periodico,10.1613/jair.1.13922,,https://doi.org/10.1613/jair.1.13922,OpenAlex,"""algorithm configuration"" planning portfolio",2026-09-22,nao,,nao,abstract nao verificado (nao coletado por limite de requisicoes),E1,E1-035
E1-036,E1,Automated configuration of algorithms for solving hard computational problems,"Hutter, F.",2009,"PhD thesis, University of British Columbia",tese,10.14288/1.0051652,,https://doi.org/10.14288/1.0051652,OpenAlex,"""algorithm configuration"" planning portfolio",2026-09-22,nao,,nao,abstract nao verificado (nao coletado por limite de requisicoes),E1,E1-036
E1-037,E1,The 2014 International Planning Competition: Progress and Trends,"Vallati, M.; Chrpa, L.; Grześ, M.; McCluskey, T.L.; Roberts, M.; et al.",2015,AI Magazine,periodico,10.1609/aimag.v36i3.2571,,https://doi.org/10.1609/aimag.v36i3.2571,OpenAlex,snowball: obras que citam Cedalion,2026-09-22,sim,,nao,abstract nao verificado (nao coletado por limite de requisicoes),E1;E3,E1-037;E3-012
E2-001,E2,Learning from planner performance,"Roberts, M.; Howe, A.E.",2008,Artificial Intelligence,periodico,10.1016/j.artint.2008.11.009,,https://doi.org/10.1016/j.artint.2008.11.009,OpenAlex,"""learning from planner performance""",2026-09-22,sim,,sim,semente E2 (Roberts & Howe) localizada,E2,E2-001
E2-002,E2,Improved Features for Runtime Prediction of Domain-Independent Planners,"Fawcett, C.; Vallati, M.; Hutter, F.; Hoffmann, J.; Hoos, H.H.; et al.",2014,Proceedings of the International Conference on Automated Planning and Scheduling (ICAPS),conferencia,10.1609/icaps.v24i1.13680,,https://doi.org/10.1609/icaps.v24i1.13680,OpenAlex,"""runtime prediction"" planning features",2026-09-22,sim,,sim,"semente E2 (Fawcett et al. 2014) localizada; 6 autores, 6º é Kevin Leyton-Brown",E2,E2-002
E2-003,E2,Algorithm runtime prediction: Methods & evaluation,"Hutter, F.; Xu, L.; Hoos, H.H.; Leyton-Brown, K.",2013,Artificial Intelligence,periodico,10.1016/j.artint.2013.10.003,,https://doi.org/10.1016/j.artint.2013.10.003,OpenAlex,"""performance prediction"" planners",2026-09-22,sim,,sim,"semente E2 (Hutter et al., predição de tempo de execução) localizada",E2,E2-003
E2-006,E2,Online Planner Selection with Graph Neural Networks and Adaptive Scheduling (preprint),"Ma, T.; Ferber, P.; Huo, S.; Chen, J.; Katz, M.",2018,arXiv (Cornell University),preprint,10.48550/arxiv.1811.00210,1811.00210,https://arxiv.org/abs/1811.00210,arXiv / OpenAlex,"""graph neural networks"" planner selection",2026-09-22,nao,preprint,sim,preprint da versão publicada na AAAI 2020 (E2-005); possível duplicata X1,E2,E2-006
E2-007,E2,Algorithm Runtime Prediction: Methods & Evaluation (preprint),"Hutter, F.; Xu, L.; Hoos, H.H.; Leyton-Brown, K.",2012,arXiv (Cornell University),preprint,10.48550/arxiv.1211.0906,1211.0906,,OpenAlex,"""runtime prediction"" planning features",2026-09-22,nao,preprint,sim,preprint da versão publicada em Artificial Intelligence (E2-003); possível duplicata X1,E2,E2-007
E2-008,E2,Analyzing Search Topology Without Running Any Search: On the Connection Between Causal Graphs and h+,"Hoffmann, J.",2011,Journal of Artificial Intelligence Research,periodico,10.1613/jair.3276,,https://doi.org/10.1613/jair.3276,OpenAlex,"""learning from planner performance"" (snowballing)",2026-09-22,nao,,sim,usa o grafo causal (estrutura do domínio) para explicar a dificuldade da busca; interesse especial: feature estrutural do modelo,E2,E2-008
E2-009,E2,Performance Modelling of Planners from Homogeneous Problem Sets,"Rosa, T.d.l.; Cenamor, I.; Fernández, F.",2017,Proceedings of the International Conference on Automated Planning and Scheduling (ICAPS),conferencia,10.1609/icaps.v27i1.13848,,https://doi.org/10.1609/icaps.v27i1.13848,OpenAlex,"""learning from planner performance"" (snowballing)",2026-09-22,nao,,sim,,E2,E2-009
E2-011,E2,Improving Domain-Independent Heuristic State-Space Planning via plan cost predictions,"Percassi, F.; Gerevini, A.; Scala, E.; Serina, I.; Vallati, M.",2021,Journal of Experimental & Theoretical Artificial Intelligence,periodico,10.1080/0952813x.2021.1970239,,https://doi.org/10.1080/0952813x.2021.1970239,OpenAlex,"""learning from planner performance"" (snowballing)",2026-09-22,nao,,sim,,E2,E2-011
E2-012,E2,Generating and Exploiting Cost Predictions in Heuristic State-Space Planning,"Percassi, F.; Gerevini, A.; Scala, E.; Serina, I.; Vallati, M.",2020,Proceedings of the International Conference on Automated Planning and Scheduling (ICAPS),conferencia,10.1609/icaps.v30i1.6753,,https://doi.org/10.1609/icaps.v30i1.6753,OpenAlex,"""learning from planner performance"" (snowballing)",2026-09-22,nao,,sim,versão de conferência de E2-011; possível duplicata parcial X1,E2,E2-012
E2-018,E2,Identifying and Exploiting Features for Effective Plan Retrieval in Case-Based Planning,"Vallati, M.; Serina, I.; Saetti, A.; Gerevini, A.",2015,Proceedings of the International Conference on Automated Planning and Scheduling (ICAPS),conferencia,10.1609/icaps.v25i1.13715,,https://doi.org/10.1609/icaps.v25i1.13715,OpenAlex,"""empirical hardness"" planning",2026-09-22,nao,,sim,,E2,E2-018
E2-019,E2,Identifying and Exploiting Features for Effective Plan Retrieval in Case-Based Planning (versão de periódico),"Vallati, M.; Serina, I.; Saetti, A.; Gerevini, A.",2016,Fundamenta Informaticae,periodico,10.3233/fi-2016-1447,,https://doi.org/10.3233/fi-2016-1447,OpenAlex,"""empirical hardness"" planning",2026-09-22,nao,,sim,versão estendida de E2-018; possível duplicata X1,E2,E2-019
E2-020,E2,Instance spaces for machine learning classification,"Muñoz, M.A.; Villanova, L.; Baatar, D.; Smith-Miles, K.",2017,Machine Learning,periodico,10.1007/s10994-017-5629-5,,https://doi.org/10.1007/s10994-017-5629-5,OpenAlex,"""instance features"" planning classification algorithm selection",2026-09-22,nao,,sim,metodologia de análise de espaço de instâncias; sobreposição com string de E7,E2,E2-020
E2-021,E2,Learning Domain-Independent Planning Heuristics with Hypergraph Networks,"Shen, W.B.; Trevizan, F.; Thiébaux, S.",2020,Proceedings of the International Conference on Automated Planning and Scheduling (ICAPS),conferencia,10.1609/icaps.v30i1.6754,,https://doi.org/10.1609/icaps.v30i1.6754,OpenAlex,snowballing (citações de Sievers et al. 2019),2026-09-22,sim,,sim,STRIPS-HGN; hipergrafo derivado do modelo de domínio PDDL como representação estrutural; sobreposição com E4 (semente de E4),E2;E4,E2-021;E4-002
E2-022,E2,IPC: A Benchmark Data Set for Learning with Graph-Structured Data,"Ferber, P.; Ma, T.; Huo, S.; Chen, J.; Katz, M.",2019,arXiv (Cornell University),preprint,10.48550/arxiv.1905.06393,1905.06393,,OpenAlex,snowballing (citações de Ma et al. 2020),2026-09-22,nao,preprint,sim,"conjunto de dados de grafos de tarefas da IPC para aprendizado, usado em seleção de planejadores",E2,E2-022
E2-023,E2,Map Connectivity and Empirical Hardness of Grid-based Multi-Agent Pathfinding Problem,"Ren, J.; Ewing, E.; Kumar, T.K.S.; Koenig, S.; Ayanian, N.",2024,Proceedings of the International Conference on Automated Planning and Scheduling (ICAPS),conferencia,10.1609/icaps.v34i1.31508,,https://doi.org/10.1609/icaps.v34i1.31508,OpenAlex,"""empirical hardness"" planning",2026-09-22,nao,,sim,dureza empírica de MAPF prevista por conectividade do mapa; aplicação específica (X6) mas método de característica estrutural transferível,E2,E2-023
E2-024,E2,Empirical hardness models,"Leyton-Brown, K.; Nudelman, E.; Shoham, Y.",2009,Journal of the ACM,periodico,10.1145/1538902.1538906,,https://doi.org/10.1145/1538902.1538906,Crossref,empirical hardness models combinatorial problems,2026-09-22,nao,,sim,"fundamenta o conceito de modelo de dureza empírica usado depois por Hutter et al. e Fawcett et al. em planejamento; não é sobre planejamento diretamente (X2 parcial, mantido por relevância metodológica)",E2,E2-024
E2-025,E2,Neural-Guided Runtime Prediction of Planners for Improved Motion and Task Planning with Graph Neural Networks,"Odense, S.; Gupta, K.; Macready, W.",2022,2022 IEEE/RSJ International Conference on Intelligent Robots and Systems (IROS),conferencia,10.1109/iros47612.2022.9981823,,https://doi.org/10.1109/iros47612.2022.9981823,Crossref,runtime prediction planning features,2026-09-22,nao,,sim,,E2,E2-025
E2-027,E2,"The Complexity of Optimal Monotonic Planning: The Bad, The Good, and The Causal Graph","Domshlak, C.; Nazarenko, A.",2013,Journal of Artificial Intelligence Research,periodico,10.1613/jair.4145,,https://doi.org/10.1613/jair.4145,Crossref,causal graph planning task structure complexity heuristic,2026-09-22,nao,,sim,usa o grafo causal (estrutura do modelo de domínio) para caracterizar dificuldade computacional; interesse especial: feature estrutural do modelo,E2,E2-027
E2-028,E2,"The Complexity of Optimal Monotonic Planning: The Bad, The Good, and The Causal Graph (versão de conferência)","Domshlak, C.; Nazarenko, A.",2014,Proceedings of the International Conference on Automated Planning and Scheduling (ICAPS),conferencia,10.1609/icaps.v24i1.13657,,https://doi.org/10.1609/icaps.v24i1.13657,Crossref,causal graph planning task structure complexity heuristic,2026-09-22,nao,,sim,versão de conferência de E2-027; possível duplicata X1,E2,E2-028
E2-029,E2,Concise finite-domain representations for PDDL planning tasks,"Helmert, M.",2009,Artificial Intelligence,periodico,10.1016/j.artint.2008.10.013,,https://doi.org/10.1016/j.artint.2008.10.013,Crossref,PDDL domain static analysis structural complexity,2026-09-22,nao,,sim,"formaliza representações estruturais (grafos causais, DTGs) do modelo de domínio; base de trabalhos posteriores de extração de features (ex.: Fawcett et al.)",E2,E2-029
E2-030,E2,ASAP: An Automatic Algorithm Selection Approach for Planning,"Vallati, M.; Chrpa, L.; Kitchin, D.E.",2014,International Journal of Artificial Intelligence Tools,periodico,10.1142/s021821301460032x,,https://doi.org/10.1142/s021821301460032x,OpenAlex,"""learning from planner performance"" (snowballing)",2026-09-22,nao,,sim,seleção por características de tarefas; sobreposição com E1,E2,E2-030
E2-031,E2,An Automatic Algorithm Selection Approach for Planning (versão de conferência),"Vallati, M.; Chrpa, L.; Kitchin, D.E.",2013,ICTAI 2013,conferencia,10.1109/ictai.2013.12,,https://doi.org/10.1109/ictai.2013.12,OpenAlex,"""learning from planner performance"" (snowballing)",2026-09-22,nao,,sim,versão de conferência de E2-030; possível duplicata X1,E2,E2-031
E2-035,E2,Explainable Planner Selection (relatório/versão institucional),"Ferber, P.; Seipp, J.",2020,"edoc, University of Basel",tese,10.5451/unibas-ep81249,,https://doi.org/10.5451/unibas-ep81249,OpenAlex,snowballing (citações de Hutter et al./Fawcett et al.),2026-09-22,nao,,sim,"versão institucional anterior de E2-034; tipo inferido como relatório/tese, conferir na verificação; possível duplicata X1",E2,E2-035
E3-001,E3,The Fast Downward Planning System,"Helmert, M.",2006,Journal of Artificial Intelligence Research,periodico,10.1613/jair.1705,,https://doi.org/10.1613/jair.1705,openalex,Fast Downward planning system Helmert,2026-09-22,sim,classico,sim,,E3,E3-001
E3-002,E3,The LAMA Planner: Guiding Cost-Based Anytime Planning with Landmarks,"Richter, S.; Westphal, M.",2010,Journal of Artificial Intelligence Research,periodico,10.1613/jair.2972,,https://doi.org/10.1613/jair.2972,openalex,LAMA planner Richter Westphal,2026-09-22,sim,,sim,,E3,E3-002
E3-003,E3,"Landmarks, Critical Paths and Abstractions: What's the Difference Anyway?","Helmert, M.; Domshlak, C.",2009,Proceedings of the International Conference on Automated Planning and Scheduling (ICAPS),conferencia,10.1609/icaps.v19i1.13370,,https://doi.org/10.1609/icaps.v19i1.13370,openalex,Landmarks and Merge-and-Shrink Heuristic Helmert Domshlak,2026-09-22,sim,,sim,"artigo do LM-cut, referido no protocolo como Helmert & Domshlak 2009",E3,E3-003
E3-004,E3,Merge-and-Shrink Abstraction,"Helmert, M.; Haslum, P.; Hoffmann, J.; Nissim, R.",2014,Journal of the ACM,periodico,10.1145/2559951,,https://doi.org/10.1145/2559951,openalex,Landmarks and Merge-and-Shrink Heuristic Helmert Domshlak,2026-09-22,sim,,sim,,E3,E3-004
E3-005,E3,Best-First Width Search: Exploration and Exploitation in Classical Planning,"Lipovetzky, N.; Geffner, H.",2017,Proceedings of the AAAI Conference on Artificial Intelligence,conferencia,10.1609/aaai.v31i1.11027,,https://doi.org/10.1609/aaai.v31i1.11027,openalex,Best-first width search planning Lipovetzky Geffner,2026-09-22,sim,,sim,,E3,E3-005
E3-006,E3,Madagascar: Scalable Planning with SAT,"Rintanen, J.",2014,International Planning Competition 2014 (descrição de sistema),cinza,,,https://users.aalto.fi/~rintanj1/papers/Rintanen14IPC.pdf,web,Rintanen Madagascar planner SAT-based planning system,2026-09-22,sim,cinza,sim,"sem DOI localizado; descrição de sistema hospedada na página do autor, associada à IPC",E3,E3-006
E3-007,E3,Planning as satisfiability: Heuristics,"Rintanen, J.",2012,Artificial Intelligence,periodico,10.1016/j.artint.2012.08.001,,https://doi.org/10.1016/j.artint.2012.08.001,crossref,Engineering efficient planners with SAT Rintanen,2026-09-22,nao,,sim,artigo de periódico que descreve as heurísticas usadas no Madagascar,E3,E3-007
E3-008,E3,"Results - IPC-2008, Deterministic Part",,2008,International Planning Competition 2008 (site oficial),cinza,,,https://ipc08.icaps-conference.org/deterministic/Results.html,web,IPC 2008 international planning competition official results icaps-conference.org,2026-09-22,sim,cinza,nao,página oficial de resultados da trilha determinística da IPC 2008 (6a competição),E3,E3-008
E3-009,E3,A Survey of the Seventh International Planning Competition,"Coles, A.; Coles, A.; García-Olaya, Á.; Jiménez, S.; Linares López, C.; et al.",2012,AI Magazine,periodico,10.1609/aimag.v33i1.2392,,https://doi.org/10.1609/aimag.v33i1.2392,openalex,international planning competition results 2011,2026-09-22,sim,,sim,artigo-resumo da IPC 2011 (7a competição),E3,E3-009
E3-010,E3,The deterministic part of the seventh International Planning Competition,"Linares López, C.; Jiménez Celorrio, S.; García-Olaya, Á.",2015,Artificial Intelligence,periodico,10.1016/j.artint.2015.01.004,,https://doi.org/10.1016/j.artint.2015.01.004,crossref,The International Planning Competition results analysis,2026-09-22,nao,,sim,,E3,E3-010
E3-011,E3,FrontPage - IPC 2011 Deterministic Track,,2011,"International Planning Competition 2011, trilha determinística (site oficial)",cinza,,,http://www.plg.inf.uc3m.es/ipc2011-deterministic/FrontPage.html,web,IPC 2011 helios.hud.ac.uk results deterministic track official,2026-09-22,sim,cinza,nao,página oficial da trilha determinística da IPC 2011,E3,E3-011
E3-014,E3,Performance robustness of AI planners in the 2014 International Planning Competition,"Bocchese, A.; Fawcett, C.; Vallati, M.; Gerevini, A.; Hoos, H.",2018,AI Communications,periodico,10.3233/aic-170537,,https://doi.org/10.3233/aic-170537,openalex,IPC 2018 sequential satisficing track results McCluskey,2026-09-22,nao,,sim,,E3,E3-014
E3-015,E3,IPC 2014 - Seq Optimal (resultados),,2014,International Planning Competition 2014 (site oficial),cinza,,,https://helios.hud.ac.uk/scommv/IPC-14/seqopt.html,web,IPC 2014 official results page international planning competition site,2026-09-22,sim,cinza,nao,página oficial de resultados da trilha sequencial-ótima da IPC 2014,E3,E3-015
E3-016,E3,IPC 2018 - Classical Tracks (site oficial),,2018,International Planning Competition 2018 (site oficial),cinza,,,https://ipc2018-classical.bitbucket.io/,web,IPC 2018 sequential satisficing track results McCluskey,2026-09-22,sim,cinza,nao,página oficial das trilhas clássicas da IPC 2018 (9a competição); não localizado artigo-resumo dedicado em periódico,E3,E3-016
E3-017,E3,Insights from the 2018 IPC Benchmarks,"Cenamor, I.; et al.",2019,"Workshop on the International Planning Competition (WIPC), ICAPS",workshop,,,https://openreview.net/forum?id=ByeCs5UkcN,web,Insights from the 2018 IPC benchmarks,2026-09-22,nao,,sim,autoria completa a confirmar na fonte (Onda 3); localizado via OpenReview/academia.edu,E3,E3-017
E3-018,E3,The 2023 International Planning Competition,"Taitler, A.; Alford, R.; Espasa, J.; Behnke, G.; Fišer, D.; et al.",2024,AI Magazine,periodico,10.1002/aaai.12169,,https://doi.org/10.1002/aaai.12169,openalex,ninth international planning competition 2018,2026-09-22,sim,,sim,artigo-resumo da IPC 2023; encontrado durante busca pela IPC 2018,E3;E4,E3-018;E4-048
E3-019,E3,International Planning Competitions 2023 (site oficial ICAPS 2023),,2023,ICAPS 2023 (site oficial),cinza,,,https://icaps23.icaps-conference.org/competitions/,web,IPC 2023 planning competition results site icaps-conference.org,2026-09-22,sim,cinza,nao,página oficial das competições da IPC 2023,E3,E3-019
E3-020,E3,Width and Serialization of Classical Planning Problems,"Lipovetzky, N.; Geffner, H.",2012,Frontiers in Artificial Intelligence and Applications (ECAI 2012),conferencia,10.3233/978-1-61499-098-7-540,,https://doi.org/10.3233/978-1-61499-098-7-540,crossref,Best-first width search planning Lipovetzky Geffner,2026-09-22,nao,,sim,,E3,E3-020
E3-021,E3,Width-based Algorithms for Classical Planning: New Results,"Lipovetzky, N.; Geffner, H.",2014,Frontiers in Artificial Intelligence and Applications (ECAI 2014),conferencia,10.3233/978-1-61499-419-0-1059,,https://doi.org/10.3233/978-1-61499-419-0-1059,crossref,width-based planning novelty Lipovetzky Geffner,2026-09-22,nao,,sim,,E3,E3-021
E3-022,E3,A Polynomial Planning Algorithm That Beats LAMA and FF,"Lipovetzky, N.; Geffner, H.",2017,Proceedings of the International Conference on Automated Planning and Scheduling,conferencia,10.1609/icaps.v27i1.13822,,https://doi.org/10.1609/icaps.v27i1.13822,crossref,width-based planning novelty Lipovetzky Geffner,2026-09-22,nao,,sim,,E3,E3-022
E3-023,E3,Adapting Novelty to Classical Planning as Heuristic Search,"Katz, M.; Lipovetzky, N.; Moshkovich, D.; Tuisov, A.",2017,Proceedings of the International Conference on Automated Planning and Scheduling,conferencia,10.1609/icaps.v27i1.13819,,https://doi.org/10.1609/icaps.v27i1.13819,crossref,heuristic search classical planning state of the art survey,2026-09-22,nao,,sim,,E3,E3-023
E3-024,E3,"Traps, Invariants, and Dead-Ends","Lipovetzky, N.; Muise, C.; Geffner, H.",2016,Proceedings of the International Conference on Automated Planning and Scheduling,conferencia,10.1609/icaps.v26i1.13774,,https://doi.org/10.1609/icaps.v26i1.13774,crossref,width-based planning novelty Lipovetzky Geffner,2026-09-22,nao,,sim,,E3,E3-024
E3-025,E3,Best-First Width Search for Lifted Classical Planning,"Corrêa, A. B.; Seipp, J.",2022,Proceedings of the International Conference on Automated Planning and Scheduling,conferencia,10.1609/icaps.v32i1.19780,,https://doi.org/10.1609/icaps.v32i1.19780,crossref,iterated width search planning IW,2026-09-22,nao,,sim,,E3,E3-025
E3-026,E3,Efficient symbolic search for cost-optimal planning,"Torralba, Á.; Alcázar, V.; Kissmann, P.; Edelkamp, S.",2017,Artificial Intelligence,periodico,10.1016/j.artint.2016.10.001,,https://doi.org/10.1016/j.artint.2016.10.001,crossref,symbolic search cost-optimal planning binary decision diagrams,2026-09-22,nao,,sim,,E3,E3-026
E3-027,E3,Symbolic Search for Cost-Optimal Planning with Expressive Model Extensions,"Speck, D.; Seipp, J.; Torralba, Á.",2025,Journal of Artificial Intelligence Research,periodico,10.1613/jair.1.16869,,https://doi.org/10.1613/jair.1.16869,crossref,symbolic search cost-optimal planning binary decision diagrams,2026-09-22,nao,,sim,,E3,E3-027
E3-028,E3,Boosting optimal symbolic planning: Operator-potential heuristics,"Fišer, D.; Torralba, Á.; Hoffmann, J.",2024,Artificial Intelligence,periodico,10.1016/j.artint.2024.104174,,https://doi.org/10.1016/j.artint.2024.104174,crossref,operator counting heuristics classical planning,2026-09-22,nao,,sim,,E3,E3-028
E3-029,E3,An Analysis of Merge Strategies for Merge-and-Shrink Heuristics,"Sievers, S.; Wehrle, M.; Helmert, M.",2016,Proceedings of the International Conference on Automated Planning and Scheduling,conferencia,10.1609/icaps.v26i1.13763,,https://doi.org/10.1609/icaps.v26i1.13763,crossref,merge-and-shrink abstraction refinement planning,2026-09-22,nao,,sim,,E3,E3-029
E3-030,E3,Counterexample-Guided Cartesian Abstraction Refinement for Classical Planning,"Seipp, J.; Helmert, M.",2018,Journal of Artificial Intelligence Research,periodico,10.1613/jair.1.11217,,https://doi.org/10.1613/jair.1.11217,crossref,counterexample-guided abstraction refinement merge and shrink,2026-09-22,nao,,sim,,E3,E3-030
E3-031,E3,Efficient Implementation of Pattern Database Heuristics for Classical Planning,"Sievers, S.; Ortlieb, M.; Helmert, M.",2021,Proceedings of the International Symposium on Combinatorial Search,conferencia,10.1609/socs.v3i1.18237,,https://doi.org/10.1609/socs.v3i1.18237,crossref,pattern database heuristics classical planning survey,2026-09-22,nao,,sim,publicação de 2021 referente a trabalho apresentado no SoCS,E3,E3-031
E3-032,E3,Saturated Cost Partitioning for Optimal Classical Planning,"Seipp, J.; Keller, T.; Helmert, M.",2020,Journal of Artificial Intelligence Research,periodico,10.1613/jair.1.11673,,https://doi.org/10.1613/jair.1.11673,crossref,saturated cost partitioning optimal classical planning,2026-09-22,nao,,sim,,E3,E3-032
E3-033,E3,Narrowing the Gap Between Saturated and Optimal Cost Partitioning for Classical Planning,"Seipp, J.; Keller, T.; Helmert, M.",2017,Proceedings of the AAAI Conference on Artificial Intelligence,conferencia,10.1609/aaai.v31i1.11022,,https://doi.org/10.1609/aaai.v31i1.11022,crossref,saturated cost partitioning optimal classical planning,2026-09-22,nao,,sim,,E3,E3-033
E3-034,E3,Subset-Saturated Cost Partitioning for Optimal Classical Planning,"Seipp, J.; Helmert, M.",2019,Proceedings of the International Conference on Automated Planning and Scheduling,conferencia,10.1609/icaps.v29i1.3503,,https://doi.org/10.1609/icaps.v29i1.3503,crossref,planner portfolio algorithm selection classical planning Seipp Sievers,2026-09-22,nao,,sim,,E3,E3-034
E3-035,E3,Better Orders for Saturated Cost Partitioning in Optimal Classical Planning,"Seipp, J.",2021,Proceedings of the International Symposium on Combinatorial Search,conferencia,10.1609/socs.v8i1.18438,,https://doi.org/10.1609/socs.v8i1.18438,crossref,saturated cost partitioning optimal classical planning,2026-09-22,nao,,sim,,E3,E3-035
E3-036,E3,Online Saturated Cost Partitioning for Classical Planning,"Seipp, J.",2021,Proceedings of the International Conference on Automated Planning and Scheduling,conferencia,10.1609/icaps.v31i1.15976,,https://doi.org/10.1609/icaps.v31i1.15976,crossref,saturated cost partitioning optimal classical planning,2026-09-22,nao,,sim,,E3,E3-036
E3-037,E3,LM-Cut Heuristics for Optimal Linear Numeric Planning,"Kuroiwa, R.; Shleyfman, A.; Beck, J.",2022,Proceedings of the International Conference on Automated Planning and Scheduling,conferencia,10.1609/icaps.v32i1.19803,,https://doi.org/10.1609/icaps.v32i1.19803,crossref,generalized landmark heuristics numeric planning,2026-09-22,nao,,sim,,E3,E3-037
E3-038,E3,Landmark Heuristics for Lifted Classical Planning,"Wichlacz, J.; Höller, D.; Hoffmann, J.",2022,Proceedings of the Thirty-First International Joint Conference on Artificial Intelligence (IJCAI),conferencia,10.24963/ijcai.2022/647,,https://doi.org/10.24963/ijcai.2022/647,crossref,generalized landmark heuristics numeric planning,2026-09-22,nao,,sim,,E3,E3-038
E3-039,E3,Symmetry Breaking: Satisficing Planning and Landmark Heuristics,"Domshlak, C.; Katz, M.; Shleyfman, A.",2013,Proceedings of the International Conference on Automated Planning and Scheduling,conferencia,10.1609/icaps.v23i1.13595,,https://doi.org/10.1609/icaps.v23i1.13595,crossref,landmark heuristic cost-based planning,2026-09-22,nao,,sim,,E3,E3-039
E3-040,E3,Understanding the Search Behaviour of Greedy Best-First Search,"Heusner, M.; Keller, T.; Helmert, M.",2021,Proceedings of the International Symposium on Combinatorial Search,conferencia,10.1609/socs.v8i1.18425,,https://doi.org/10.1609/socs.v8i1.18425,crossref,greedy best-first search preferred operators dual queue,2026-09-22,nao,,sim,,E3,E3-040
E3-041,E3,Best-Case and Worst-Case Behavior of Greedy Best-First Search,"Heusner, M.; Keller, T.; Helmert, M.",2018,Proceedings of the Twenty-Seventh International Joint Conference on Artificial Intelligence (IJCAI),conferencia,10.24963/ijcai.2018/203,,https://doi.org/10.24963/ijcai.2018/203,crossref,heuristic search classical planning state of the art survey,2026-09-22,nao,,sim,,E3,E3-041
E3-043,E3,Planner Museum: Evaluating Classical Planners Over Time,"Lequen, A.; Joergensen, O.; Phung, W.; Gestrin, E.; Van Meerbeeck, D.; et al.",2026,Proceedings of the International Conference on Automated Planning and Scheduling,conferencia,10.1609/icaps.v36i1.42852,,https://doi.org/10.1609/icaps.v36i1.42852,crossref,planner portfolio algorithm selection classical planning Seipp Sievers,2026-09-22,nao,,sim,diretamente relevante à pergunta do eixo sobre validade da taxonomia de técnicas ao longo do tempo,E3,E3-043
E4-001,E4,ASNets: Deep Learning for Generalised Planning,"Toyer, S.; Thiébaux, S.; Trevizan, F.; Xie, L.",2020,Journal of Artificial Intelligence Research,periodico,10.1613/jair.1.11633,,https://doi.org/10.1613/jair.1.11633,OpenAlex,"""action schema networks""",2026-09-22,sim,,sim,"ASNets (Toyer et al.); semente do eixo E4. Versao de conferencia (AAAI 2018, DOI 10.1609/aaai.v32i1.12089) e preprint arXiv (1709.04271) tambem localizados; priorizada a versao de periodico (JAIR), X1",E4,E4-001
E4-003,E4,"Learning General Optimal Policies with Graph Neural Networks: Expressive Power, Transparency, and Limits","Ståhlberg, S.; Bonet, B.; Geffner, H.",2022,Proceedings of the International Conference on Automated Planning and Scheduling,conferencia,10.1609/icaps.v32i1.19851,,https://doi.org/10.1609/icaps.v32i1.19851,OpenAlex,learning general optimal policies graph neural networks Stahlberg Bonet Geffner,2026-09-22,sim,,sim,"GNNs para politicas generalizadas (Stahlberg, Bonet, Geffner); semente do eixo E4. Preprint arXiv 2109.10129 tambem localizado; priorizada versao de conferencia (ICAPS 2022), X1",E4,E4-003
E4-004,E4,Learning Generalized Policies without Supervision Using GNNs,"Ståhlberg, S.; Bonet, B.; Geffner, H.",2022,Proceedings of the Nineteenth International Conference on Principles of Knowledge Representation and Reasoning,conferencia,10.24963/kr.2022/49,,https://doi.org/10.24963/kr.2022/49,OpenAlex,"""graph neural networks"" ""generalized policies"" planning",2026-09-22,nao,,sim,"versao de conferencia (KR 2022) do mesmo grupo (Stahlberg, Bonet, Geffner)",E4,E4-004
E4-005,E4,Learning General Planning Policies from Small Examples Without Supervision,"Francès, G.; Bonet, B.; Geffner, H.",2021,Proceedings of the AAAI Conference on Artificial Intelligence,conferencia,10.1609/aaai.v35i13.17402,,https://doi.org/10.1609/aaai.v35i13.17402,OpenAlex,"""graph neural networks"" ""generalized policies"" planning",2026-09-22,nao,,sim,,E4,E4-005
E4-006,E4,Expressiveness of Graph Neural Networks in Planning Domains,"Horčı́k, R.; Šír, G.",2024,Proceedings of the International Conference on Automated Planning and Scheduling,conferencia,10.1609/icaps.v34i1.31486,,http://dx.doi.org/10.1609/icaps.v34i1.31486,OpenAlex,"""graph neural networks"" ""generalized policies"" planning",2026-09-22,nao,,sim,,E4,E4-006
E4-007,E4,Symmetries and Expressive Requirements for Learning General Policies,"Drexler, D.; Ståhlberg, S.; Bonet, B.; Geffner, H.",2024,Proceedings of the TwentyFirst International Conference on Principles of Knowledge Representation and Reasoning,conferencia,10.24963/kr.2024/79,,https://doi.org/10.24963/kr.2024/79,OpenAlex,learning general optimal policies graph neural networks Stahlberg Bonet Geffner,2026-09-22,nao,,sim,,E4,E4-007
E4-008,E4,PG3: Policy-Guided Planning for Generalized Policy Generation,"Yang, R.; Silver, T.; Curtis, A.; Lozano‐Pérez, T.; Kaelbling, L.P.",2022,Proceedings of the Thirty-First International Joint Conference on Artificial Intelligence,conferencia,10.24963/ijcai.2022/650,,https://doi.org/10.24963/ijcai.2022/650,OpenAlex,"""action schema networks""",2026-09-22,nao,,sim,"PG3, versao IJCAI 2022",E4,E4-008
E4-009,E4,Generalized Planning With Deep Reinforcement Learning,"Rivlin, O.; Hazan, T.; Karpas, E.",2020,arXiv (Cornell University),preprint,10.48550/arxiv.2005.02305,2005.02305,http://arxiv.org/abs/2005.02305,OpenAlex,"""graph neural networks"" ""generalized policies"" planning",2026-09-22,nao,,sim,,E4,E4-009
E4-010,E4,A new representation and associated algorithms for generalized planning,"Srivastava, S.; Immerman, N.; Zilberstein, S.",2010,Artificial Intelligence,periodico,10.1016/j.artint.2010.10.006,,https://doi.org/10.1016/j.artint.2010.10.006,OpenAlex,"""generalized planning"" survey",2026-09-22,nao,,sim,,E4,E4-010
E4-011,E4,Guarantees for Sound Abstractions for Generalized Planning,"Bonet, B.; Fuentetaja, R.; E-Martín, Y.; Borrajo, D.",2019,Proceedings of the Twenty-Eighth International Joint Conference on Artificial Intelligence,conferencia,10.24963/ijcai.2019/217,,https://doi.org/10.24963/ijcai.2019/217,OpenAlex,"""generalized planning"" survey",2026-09-22,nao,,sim,,E4,E4-011
E4-012,E4,"Features, Projections, and Representation Change for Generalized Planning","Bonet, B.; Geffner, H.",2018,Proceedings of the Twenty-Seventh International Joint Conference on Artificial Intelligence,conferencia,10.24963/ijcai.2018/649,,https://doi.org/10.24963/ijcai.2018/649,OpenAlex,"""generalized planning"" survey",2026-09-22,nao,,sim,,E4,E4-012
E4-013,E4,Learning Features and Abstract Actions for Computing Generalized Plans,"Bonet, B.; Francès, G.; Geffner, H.",2019,AAAI Publications (The Association for the Advancement of Artificial Intelligence (AAAI)),conferencia,10.1609/aaai.v33i01.33012703,,https://ojs.aaai.org/index.php/AAAI/article/view/4120,OpenAlex,"""generalized planning"" survey",2026-09-22,nao,,sim,"DOI aaai.v33i01, publicado nos anais da AAAI 2019 apesar do OpenAlex classificar type=article",E4,E4-013
E4-014,E4,Hierarchical Decompositions and Termination Analysis for Generalized Planning,"Srivastava, S.",2023,Journal of Artificial Intelligence Research,periodico,10.1613/jair.1.14185,,http://dx.doi.org/10.1613/jair.1.14185,OpenAlex,IPC 2023 learning track international planning competition,2026-09-22,nao,,sim,,E4,E4-014
E4-015,E4,Analyzing generalized planning under nondeterminism,"Belle, V.",2022,Artificial Intelligence,periodico,10.1016/j.artint.2022.103696,,https://doi.org/10.1016/j.artint.2022.103696,OpenAlex,"""generalized planning"" survey",2026-09-22,nao,,sim,,E4,E4-015
E4-016,E4,Learning Generalized Policies for Fully Observable Non-Deterministic Planning Domains,"Hofmann, T.; Geffner, H.",2024,Proceedings of the Thirty-ThirdInternational Joint Conference on Artificial Intelligence,conferencia,10.24963/ijcai.2024/744,,https://doi.org/10.24963/ijcai.2024/744,OpenAlex,"""generalized planning"" survey",2026-09-22,nao,,sim,,E4,E4-016
E4-017,E4,Learning Generalised Policies for Numeric Planning,"Wang, R.X.; Thiébaux, S.",2024,Proceedings of the International Conference on Automated Planning and Scheduling,conferencia,10.1609/icaps.v34i1.31526,,http://dx.doi.org/10.1609/icaps.v34i1.31526,OpenAlex,"""action schema networks""",2026-09-22,nao,,sim,,E4,E4-017
E4-018,E4,Action Schema Networks for Numerical Planning,"Tariq, A.",2024,Toronto Metropolitan University,tese,10.32920/26052505,,http://dx.doi.org/10.32920/26052505,OpenAlex,"""action schema networks""",2026-09-22,nao,,sim,dissertacao de mestrado depositada no repositorio da Toronto Metropolitan University (DOI 10.32920/26052505),E4,E4-018
E4-019,E4,State Encodings for GNN-Based Lifted Planners,"Horčı́k, R.; Šír, G.; Šimek, V.; Pevný, T.",2025,Proceedings of the AAAI Conference on Artificial Intelligence,conferencia,10.1609/aaai.v39i25.34853,,https://doi.org/10.1609/aaai.v39i25.34853,OpenAlex,STRIPS-HGN hypergraph networks planning,2026-09-22,nao,,sim,,E4,E4-019
E4-020,E4,Learning Domain-Independent Heuristics for Grounded and Lifted Planning,"Chen, D.Z.; Thiébaux, S.; Trevizan, F.",2024,Proceedings of the AAAI Conference on Artificial Intelligence,conferencia,10.1609/aaai.v38i18.29986,,https://doi.org/10.1609/aaai.v38i18.29986,OpenAlex,"""graph neural networks"" ""generalized policies"" planning",2026-09-22,nao,,sim,,E4,E4-020
E4-021,E4,Neural Network Heuristic Functions for Classical Planning: Bootstrapping and Comparison to Other Methods,"Ferber, P.; Geißer, F.; Trevizan, F.; Helmert, M.; Hoffmann, J.",2022,Proceedings of the International Conference on Automated Planning and Scheduling,conferencia,10.1609/icaps.v32i1.19845,,https://doi.org/10.1609/icaps.v32i1.19845,OpenAlex,STRIPS-HGN hypergraph networks planning,2026-09-22,nao,,sim,,E4,E4-021
E4-022,E4,Neural Network Heuristic Functions for Classical Planning: Reinforcement Learning and Comparison to Other Methods,"Ferber, P.; Geißer, F.; Trevizan, F.; Helmert, M.; Hoffmann, J.",2021,edoc (University of Basel),tese,10.5451/unibas-ep84326,,https://edoc.unibas.ch/84326/1/20210825135514_61262fa20bd6a.pdf,OpenAlex,STRIPS-HGN hypergraph networks planning,2026-09-22,nao,,sim,tese depositada no repositorio edoc da University of Basel (DOI 10.5451/unibas-ep84326),E4,E4-022
E4-023,E4,Neural Network Heuristics for Classical Planning: A Study of Hyperparameter Space,"Ferber, P.; Helmert, M.; Jörg, H.",2020,Frontiers in artificial intelligence and applications,conferencia,10.3233/faia200364,,https://doi.org/10.3233/faia200364,OpenAlex,"""learned heuristics"" classical planning",2026-09-22,nao,,sim,"publicado em Frontiers in Artificial Intelligence and Applications (serie de anais do ECAI/IOS Press), classificado como conferencia apesar do formato book-chapter no OpenAlex",E4,E4-023
E4-024,E4,Reinforcement Learning for Classical Planning: Viewing Heuristics as Dense Reward Generators,"Gehring, C.; Asai, M.; Chitnis, R.; Silver, T.; Kaelbling, L.P.; et al.",2022,Proceedings of the International Conference on Automated Planning and Scheduling,conferencia,10.1609/icaps.v32i1.19846,,https://doi.org/10.1609/icaps.v32i1.19846,OpenAlex,"""learned heuristics"" classical planning",2026-09-22,nao,,sim,,E4,E4-024
E4-025,E4,Sampling from Pre-Images to Learn Heuristic Functions for Classical Planning,"O’Toole, S.; Ramírez, M.; Lipovetzky, N.; Pearce, A.R.",2022,arXiv (Cornell University),preprint,10.48550/arxiv.2207.03336,2207.03336,http://arxiv.org/abs/2207.03336,OpenAlex,STRIPS-HGN hypergraph networks planning,2026-09-22,nao,,sim,,E4,E4-025
E4-026,E4,Return to Tradition: Learning Reliable Heuristics with Classical Machine Learning,"Chen, D.Z.; Trevizan, F.; Thiébaux, S.",2024,Proceedings of the International Conference on Automated Planning and Scheduling,conferencia,10.1609/icaps.v34i1.31462,,https://doi.org/10.1609/icaps.v34i1.31462,OpenAlex,"""learned heuristics"" classical planning",2026-09-22,nao,,sim,,E4,E4-026
E4-027,E4,Generalized Potential Heuristics for Classical Planning,"Francès, G.; Corrêa, A.B.; Geissmann, C.; Pommerening, F.",2019,Proceedings of the Twenty-Eighth International Joint Conference on Artificial Intelligence,conferencia,10.24963/ijcai.2019/771,,https://doi.org/10.24963/ijcai.2019/771,OpenAlex,"""learned heuristics"" classical planning",2026-09-22,nao,,sim,,E4,E4-027
E4-028,E4,Learning Generalized Unsolvability Heuristics for Classical Planning,"Ståhlberg, S.; Francès, G.; Seipp, J.",2021,Proceedings of the Thirtieth International Joint Conference on Artificial Intelligence,conferencia,10.24963/ijcai.2021/574,,https://doi.org/10.24963/ijcai.2021/574,OpenAlex,STRIPS-HGN hypergraph networks planning,2026-09-22,nao,,sim,,E4,E4-028
E4-029,E4,Combining Heuristics and Transition Classifiers in Classical Planning,"Musayev, F.; Drexler, D.; Gnad, D.; Seipp, J.",2025,Frontiers in artificial intelligence and applications,conferencia,10.3233/faia251375,,https://doi.org/10.3233/faia251375,OpenAlex,"""learned heuristics"" classical planning",2026-09-22,nao,,sim,"publicado em Frontiers in Artificial Intelligence and Applications (serie de anais do ECAI/IOS Press), classificado como conferencia apesar do formato book-chapter no OpenAlex",E4,E4-029
E4-030,E4,Understanding Sample Generation Strategies for Learning Heuristic Functions in Classical Planning,"Bettker, R.V.; Minini, P.P.; Pereira, A.G.; Ritt, M.",2024,Journal of Artificial Intelligence Research,periodico,10.1613/jair.1.15742,,https://doi.org/10.1613/jair.1.15742,OpenAlex,"""learned heuristics"" classical planning",2026-09-22,nao,,sim,,E4,E4-030
E4-031,E4,"Optimize Planning Heuristics to Rank, not to Estimate Cost-to-Goal","Chrestien, L.; Pevný, T.; Edelkamp, S.; Komenda, A.",2023,arXiv (Cornell University),preprint,10.48550/arxiv.2310.19463,2310.19463,http://arxiv.org/abs/2310.19463,OpenAlex,STRIPS-HGN hypergraph networks planning,2026-09-22,nao,,sim,,E4,E4-031
E4-032,E4,Avoiding Errors in Learned Heuristics in Bounded-Suboptimal Search,"Greco, M.; Baier, J.A.",2022,Proceedings of the International Symposium on Combinatorial Search,conferencia,10.1609/socs.v15i1.21804,,https://doi.org/10.1609/socs.v15i1.21804,OpenAlex,"""learned heuristics"" classical planning",2026-09-22,nao,,sim,,E4,E4-032
E4-033,E4,K-Focal Search for Slow Learned Heuristics,"Greco, M.; Toro, J.; Hernández, C.; Baier, J.A.",2023,IEEE Access,periodico,10.1109/access.2023.3346898,,http://dx.doi.org/10.1109/access.2023.3346898,OpenAlex,"""learned heuristics"" classical planning",2026-09-22,nao,,sim,,E4,E4-033
E4-034,E4,Bounded Suboptimal Search with Learned Heuristics for Multi-Agent Systems,"Spies, M.; Todescato, M.; Becker, H.; Kesper, P.; Waniek, N.; et al.",2019,Proceedings of the AAAI Conference on Artificial Intelligence,conferencia,10.1609/aaai.v33i01.33012387,,https://doi.org/10.1609/aaai.v33i01.33012387,OpenAlex,"""learned heuristics"" classical planning",2026-09-22,nao,,sim,,E4,E4-034
E4-037,E4,Classical Planning in Deep Latent Space: Bridging the Subsymbolic-Symbolic Boundary,"Asai, M.; Fukunaga, A.",2018,Proceedings of the AAAI Conference on Artificial Intelligence,conferencia,10.1609/aaai.v32i1.12077,,https://doi.org/10.1609/aaai.v32i1.12077,OpenAlex,"""learning action models"" planning survey",2026-09-22,nao,,sim,,E4,E4-037
E4-038,E4,Symbolic Network: Generalized Neural Policies for Relational MDPs,"Garg, S.; Bajpai, A.; Mausam",2020,arXiv (Cornell University),preprint,10.48550/arxiv.2002.07375,2002.07375,http://arxiv.org/abs/2002.07375,OpenAlex,"""graph neural networks"" ""generalized policies"" planning",2026-09-22,nao,,sim,,E4,E4-038
E4-039,E4,Scaling up ML-based Black-box Planning with Partial STRIPS Models,"Greco, M.; Torralba, Á.; Baier, J.A.; Palacios, H.H.",2022,arXiv (Cornell University),preprint,10.48550/arxiv.2207.04479,2207.04479,http://arxiv.org/abs/2207.04479,OpenAlex,"""learning for planning"" benchmark",2026-09-22,nao,,sim,,E4,E4-039
E4-040,E4,NeSIG: A Neuro-Symbolic Method for Learning to Generate Planning Problems,"Núñez-Molina, C.; Mesejo, P.; Fernández-Olivares, J.",2023,arXiv (Cornell University),preprint,10.48550/arxiv.2301.10280,2301.10280,http://arxiv.org/abs/2301.10280,OpenAlex,learning general optimal policies graph neural networks Stahlberg Bonet Geffner,2026-09-22,nao,,sim,,E4,E4-040
E4-041,E4,Learning General Policies with Policy Gradient Methods,"Ståhlberg, S.; Bonet, B.; Geffner, H.",2023,Proceedings of the Twentieth International Conference on Principles of Knowledge Representation and Reasoning,conferencia,10.24963/kr.2023/63,,http://dx.doi.org/10.24963/kr.2023/63,OpenAlex,IPC 2023 learning track international planning competition,2026-09-22,nao,,sim,,E4,E4-041
E4-042,E4,Learning First-Order Symbolic Representations for Planning from the Structure of the State Space,"Bonet, B.; Geffner, H.",2019,arXiv (Cornell University),preprint,10.48550/arxiv.1909.05546,1909.05546,http://arxiv.org/abs/1909.05546,OpenAlex,"""generalized planning"" survey",2026-09-22,nao,,sim,,E4,E4-042
E4-043,E4,Learning and Exploiting Subgoal Structures in Classical Planning : Towards Reliable and Transparent Intelligent Agents that Learn to Plan on Multiple Levels,"Drexler, D.",2025,Linköping studies in science and technology. Dissertations,tese,10.3384/9789181180206,,https://doi.org/10.3384/9789181180206,OpenAlex,learning general optimal policies graph neural networks Stahlberg Bonet Geffner,2026-09-22,nao,,sim,tese de doutorado (Linkoping University),E4,E4-043
E4-044,E4,Crowdsourced Action-Model Acquisition for Planning,"Zhuo, H.H.",2015,Proceedings of the AAAI Conference on Artificial Intelligence,conferencia,10.1609/aaai.v29i1.9667,,https://doi.org/10.1609/aaai.v29i1.9667,OpenAlex,"""learning action models"" planning survey",2026-09-22,nao,,sim,,E4,E4-044
E4-045,E4,Cross-Domain Action-Model Acquisition for Planning via Web Search,"Zhuo, H.H.; Yang, Q.; Pan, R.; Li, L.",2011,Proceedings of the International Conference on Automated Planning and Scheduling,conferencia,10.1609/icaps.v21i1.13449,,https://doi.org/10.1609/icaps.v21i1.13449,OpenAlex,"""learning action models"" planning survey",2026-09-22,nao,,sim,,E4,E4-045
E4-046,E4,Action-model acquisition for planning via transfer learning,"Zhuo, H.H.; Yang, Q.",2014,Artificial Intelligence,periodico,10.1016/j.artint.2014.03.004,,https://doi.org/10.1016/j.artint.2014.03.004,OpenAlex,"""learning action models"" planning survey",2026-09-22,nao,,sim,,E4,E4-046
E4-047,E4,Learning Partially Observable Deterministic Action Models,"Amir, E.; Chang, A.",2008,Journal of Artificial Intelligence Research,periodico,10.1613/jair.2575,,https://doi.org/10.1613/jair.2575,OpenAlex,"""learning action models"" planning survey",2026-09-22,nao,,sim,,E4,E4-047
E4-049,E4,A review of machine learning for automated planning,"Jiménez, S.; de la Rosa, T.; Fernández, S.; Fernández, F.; et al.",2012,The Knowledge Engineering Review,periodico,10.1017/s026988891200001x,,https://doi.org/10.1017/s026988891200001x,OpenAlex,"""learning action models"" planning survey (localizado via WebSearch, confirmado no OpenAlex/Crossref)",2026-09-22,sim,,sim,revisao de aprendizado de maquina para planejamento automatizado; semente do eixo E4 (revisoes de aprendizado de modelos de acao),E4,E4-049
E4-050,E4,A review of generalized planning,"Jiménez, S.; Segovia-Aguas, J.; Jonsson, A.",2019,The Knowledge Engineering Review,periodico,10.1017/s0269888918000231,,https://doi.org/10.1017/s0269888918000231,OpenAlex,"""generalized planning"" survey (localizado via WebSearch, confirmado no OpenAlex/Crossref)",2026-09-22,sim,,sim,revisao de planejamento generalizado; semente do eixo E4 (revisoes de planejamento generalizado),E4,E4-050
E4-051,E4,International Planning Competition 2023 -- Learning Track,IPC 2023 Learning Track organizers,2023,"ipc2023-learning.github.io (pagina oficial, ICAPS 2023)",cinza,,,https://ipc2023-learning.github.io/,Busca web,"IPC 2023 ""Learning Track"" planning competition",2026-09-22,nao,cinza,nao,pagina oficial da trilha de aprendizado da IPC 2023; ver tambem o repositorio de benchmarks github.com/ipc2023-learning/benchmarks e o artigo-resumo oficial (E4-048),E4,E4-051
E5-001,E5,PlanBench: An Extensible Benchmark for Evaluating Large Language Models on Planning and Reasoning about Change,"Valmeekam, K.; Marquez, M.; Olmo, A.; Sreedharan, S.; Kambhampati, S.",2022,arXiv (Cornell University),preprint,10.48550/arxiv.2206.10498,2206.10498,https://arxiv.org/abs/2206.10498,OpenAlex,PlanBench large language models planning benchmark PDDL,2026-09-22,sim,preprint,sim,"semente do eixo; versao publicada em conferencia tambem existe (DOI 10.52202/075280-1693, 2023), mas o veiculo nao pode ser confirmado na consulta (campo vazio no registro OpenAlex)",E5,E5-001
E5-002,E5,LLM+P: Empowering Large Language Models with Optimal Planning Proficiency,"Liu, B.; Jiang, Y.; Zhang, X.; Liu, Q.; Zhang, S.",2023,arXiv (Cornell University),preprint,10.48550/arxiv.2304.11477,2304.11477,https://arxiv.org/abs/2304.11477,OpenAlex,LLM+P empowering large language models with optimal planning,2026-09-22,sim,preprint,sim,semente do eixo,E5,E5-002
E5-003,E5,"LLMs Can't Plan, But Can Help Planning in LLM-Modulo Frameworks","Kambhampati, S.; Valmeekam, K.; Guan, L.; Verma, M.; Stechly, K. et al.",2024,arXiv (Cornell University),preprint,10.48550/arxiv.2402.01817,2402.01817,https://arxiv.org/abs/2402.01817,OpenAlex,LLM-Modulo framework planning Kambhampati,2026-09-22,sim,preprint,sim,semente do eixo,E5,E5-003
E5-004,E5,LLMs Still Can't Plan; Can LRMs? A Preliminary Evaluation of OpenAI's o1 on PlanBench,"Valmeekam, K.; Stechly, K.; Kambhampati, S.",2024,arXiv (Cornell University),preprint,10.48550/arxiv.2409.13373,2409.13373,https://arxiv.org/abs/2409.13373,OpenAlex,PlanBench large language models planning benchmark PDDL,2026-09-22,sim,preprint,sim,instancia da semente 'avaliacoes de modelos de raciocinio em planejamento' do protocolo,E5,E5-004
E5-005,E5,Can large language models reason and plan?,"Kambhampati, S.",2024,Annals of the New York Academy of Sciences,periodico,10.1111/nyas.15125,,https://doi.org/10.1111/nyas.15125,OpenAlex,PlanBench large language models planning benchmark PDDL,2026-09-22,sim,,sim,instancia da semente 'revisoes sobre LLMs em planejamento automatizado' do protocolo,E5,E5-005
E5-006,E5,PlanGenLLMs: A Modern Survey of LLM Planning Capabilities,"Wei, H.A.; Zhang, Z.; He, S.; Xia, T.; Pan, S. et al.",2025,Proceedings of the Annual Meeting of the Association for Computational Linguistics (ACL),conferencia,10.18653/v1/2025.acl-long.958,,https://doi.org/10.18653/v1/2025.acl-long.958,OpenAlex,LLM-Modulo framework planning Kambhampati,2026-09-22,nao,,sim,,E5,E5-006
E5-007,E5,Generalized Planning in PDDL Domains with Pretrained Large Language Models,"Silver, T.; Dan, S.; Srinivas, K.; Tenenbaum, J. B.; Kaelbling, L. P. et al.",2024,Proceedings of the AAAI Conference on Artificial Intelligence,conferencia,10.1609/aaai.v38i18.30006,,https://doi.org/10.1609/aaai.v38i18.30006,OpenAlex,large language models planning benchmark PDDL,2026-09-22,nao,,sim,,E5;E6,E5-007;E6-031
E5-008,E5,Leveraging Pre-trained Large Language Models to Construct and Utilize World Models for Model-based Task Planning,"Guan, L.; Valmeekam, K.; Sreedharan, S.; Kambhampati, S.",2023,arXiv (Cornell University),preprint,10.48550/arxiv.2305.14909,2305.14909,https://arxiv.org/abs/2305.14909,OpenAlex,large language models planning benchmark PDDL,2026-09-22,nao,preprint,sim,,E5,E5-008
E5-009,E5,Reasoning with Language Model is Planning with World Model,"Hao, S.; Gu, Y.; Ma, H.; Hong, J.; Wang, Z. et al.",2023,Proceedings of the 2023 Conference on Empirical Methods in Natural Language Processing (EMNLP),conferencia,10.18653/v1/2023.emnlp-main.507,,https://doi.org/10.18653/v1/2023.emnlp-main.507,OpenAlex,LLM world model PDDL planning,2026-09-22,nao,,sim,,E5,E5-009
E5-010,E5,Translating Natural Language to Planning Goals with Large-Language Models,"Xie, Y.; Chen, Y.; Zhu, T.; Bai, J.; Gong, Z. et al.",2023,arXiv (Cornell University),preprint,10.48550/arxiv.2302.05128,2302.05128,https://arxiv.org/abs/2302.05128,OpenAlex,large language models planning benchmark PDDL,2026-09-22,nao,preprint,sim,,E5;E6,E5-010;E6-032
E5-011,E5,On the Planning Abilities of Large Language Models (A Critical Investigation with a Proposed Benchmark),"Valmeekam, K.; Sreedharan, S.; Marquez, M.; Olmo, A.; Kambhampati, S.",2023,arXiv (Cornell University),preprint,10.48550/arxiv.2302.06706,2302.06706,https://arxiv.org/abs/2302.06706,OpenAlex,large language models planning benchmark PDDL,2026-09-22,nao,preprint,sim,precursor direto do PlanBench,E5,E5-011
E5-012,E5,ProgPrompt: program generation for situated robot task planning using large language models,"Singh, I.; Blukis, V.; Mousavian, A.; Goyal, A.; Xu, D. et al.",2023,Autonomous Robots,periodico,10.1007/s10514-023-10135-3,,https://doi.org/10.1007/s10514-023-10135-3,OpenAlex,large language models planning benchmark PDDL,2026-09-22,nao,,sim,,E5,E5-012
E5-013,E5,SayCanPay: Heuristic Planning with Large Language Models Using Learnable Domain Knowledge,"Hazra, R.; Zuidberg Dos Martires, P.; De Raedt, L.",2024,Proceedings of the AAAI Conference on Artificial Intelligence,conferencia,10.1609/aaai.v38i18.29991,,https://doi.org/10.1609/aaai.v38i18.29991,OpenAlex,LLM world model PDDL planning,2026-09-22,nao,,sim,,E5,E5-013
E5-014,E5,Understanding the planning of LLM agents: A survey,"Huang, X.; Liu, W.; Chen, X.; Wang, X.; Wang, H. et al.",2024,arXiv (Cornell University),preprint,10.48550/arxiv.2402.02716,2402.02716,https://arxiv.org/abs/2402.02716,OpenAlex,LLM world model PDDL planning,2026-09-22,nao,preprint,sim,,E5,E5-014
E5-015,E5,LLM-A*: Large Language Model Enhanced Incremental Heuristic Search on Path Planning,"Meng, S.; Wang, Y.; Yang, C.-F.; Peng, N.; Chang, K.-W.",2024,Findings of the Association for Computational Linguistics: EMNLP 2024,conferencia,10.18653/v1/2024.findings-emnlp.60,,https://doi.org/10.18653/v1/2024.findings-emnlp.60,OpenAlex,LLM world model PDDL planning,2026-09-22,nao,,sim,,E5,E5-015
E5-016,E5,CaStL: Constraints as Specifications Through LLM Translation for Long-Horizon Task and Motion Planning,"Guo, W.; Kingston, Z. K.; Kavraki, L. E.",2025,IEEE International Conference on Robotics and Automation (ICRA),conferencia,10.1109/icra55743.2025.11127555,,https://doi.org/10.1109/icra55743.2025.11127555,OpenAlex,LLM world model PDDL planning,2026-09-22,nao,,sim,,E5,E5-016
E5-017,E5,INTERPRET: Interactive Predicate Learning from Language Feedback for Generalizable Task Planning,"Han, M.; Zhu, Y.; Zhu, S.-C.; Wu, Y.; Zhu, Y.",2024,Robotics: Science and Systems (RSS),conferencia,10.15607/rss.2024.xx.034,,https://doi.org/10.15607/rss.2024.xx.034,OpenAlex,LLM world model PDDL planning,2026-09-22,nao,,sim,,E5,E5-017
E5-018,E5,Large Language Models as Commonsense Knowledge for Large-Scale Task Planning,"Zhao, Z.; Lee, W. S.; Hsu, D.",2023,arXiv (Cornell University),preprint,10.48550/arxiv.2305.14078,2305.14078,https://arxiv.org/abs/2305.14078,OpenAlex,LLM world model PDDL planning,2026-09-22,nao,preprint,sim,,E5,E5-018
E5-019,E5,TravelPlanner: A Benchmark for Real-World Planning with Language Agents,"Xie, J.; Zhang, K.; Chen, J.; Zhu, T.; Lou, R. et al.",2024,arXiv (Cornell University),preprint,10.48550/arxiv.2402.01622,2402.01622,https://arxiv.org/abs/2402.01622,OpenAlex,TravelPlanner benchmark language agents real-world planning,2026-09-22,nao,preprint,sim,,E5,E5-019
E5-020,E5,NATURAL PLAN: Benchmarking LLMs on Natural Language Planning,"Zheng, H.; Mishra, S.; Zhang, H.; Chen, X.; Chen, M. et al.",2024,arXiv (Cornell University),preprint,10.48550/arxiv.2406.04520,2406.04520,https://arxiv.org/abs/2406.04520,OpenAlex,NATURAL PLAN benchmark language models,2026-09-22,nao,preprint,sim,,E5,E5-020
E5-021,E5,AutoTAMP: Autoregressive Task and Motion Planning with LLMs as Translators and Checkers,"Chen, Y.; Arkin, J.; Dawson, C.; Zhang, Y.; Roy, N. et al.",2024,IEEE International Conference on Robotics and Automation (ICRA),conferencia,10.1109/icra57147.2024.10611163,2306.06531,https://doi.org/10.1109/icra57147.2024.10611163,OpenAlex,AutoTAMP task motion planning large language models translators,2026-09-22,nao,,sim,preprint correspondente arXiv:2306.06531 (2023),E5,E5-021
E5-022,E5,Voyager: An Open-Ended Embodied Agent with Large Language Models,"Wang, G.; Xie, Y.; Jiang, Y.; Mandlekar, A.; Xiao, C. et al.",2023,arXiv (Cornell University),preprint,10.48550/arxiv.2305.16291,2305.16291,https://arxiv.org/abs/2305.16291,OpenAlex,Voyager open-ended embodied agent large language models,2026-09-22,nao,preprint,sim,,E5,E5-022
E5-023,E5,"Do As I Can, Not As I Say: Grounding Language in Robotic Affordances","Ahn, M.; Brohan, A.; Brown, N.; Chebotar, Y.; Cortes, O. et al.",2022,arXiv (Cornell University),preprint,,2204.01691,https://arxiv.org/abs/2204.01691,arXiv,"ti:""SayCan"" OR ti:""Do As I Can, Not As I Say""",2026-09-22,nao,preprint,sim,,E5,E5-023
E5-024,E5,ReAct: Synergizing Reasoning and Acting in Language Models,"Yao, S.; Zhao, J.; Yu, D.; Du, N.; Shafran, I. et al.",2022,arXiv (Cornell University),preprint,,2210.03629,https://arxiv.org/abs/2210.03629,arXiv,"ti:""ReAct: Synergizing Reasoning and Acting""",2026-09-22,nao,preprint,sim,,E5,E5-024
E5-025,E5,"Describe, Explain, Plan and Select: Interactive Planning with Large Language Models Enables Open-World Multi-Task Agents","Wang, Z.; Cai, S.; Chen, G.; Liu, A.; Ma, X. et al.",2023,arXiv (Cornell University),preprint,,2302.01560,https://arxiv.org/abs/2302.01560,arXiv,"ti:""Describe, Explain, Plan and Select""",2026-09-22,nao,preprint,sim,,E5,E5-025
E5-026,E5,Code as Policies: Language Model Programs for Embodied Control,"Liang, J.; Huang, W.; Xia, F.; Xu, P.; Hausman, K. et al.",2022,arXiv (Cornell University),preprint,,2209.07753,https://arxiv.org/abs/2209.07753,arXiv,"ti:""Code as Policies""",2026-09-22,nao,preprint,sim,,E5,E5-026
E5-027,E5,Inner Monologue: Embodied Reasoning through Planning with Language Models,"Huang, W.; Xia, F.; Xiao, T.; Chan, H.; Liang, J. et al.",2022,arXiv (Cornell University),preprint,,2207.05608,https://arxiv.org/abs/2207.05608,arXiv,"ti:""Inner Monologue"" AND ti:embodied",2026-09-22,nao,preprint,sim,,E5,E5-027
E5-028,E5,Evaluating Cognitive Maps and Planning in Large Language Models with CogEval,"Momennejad, I.; Hasanbeig, H.; Vieira Frujeri, F.; Sharma, H.; Ness, R. O. et al.",2023,arXiv (Cornell University),preprint,,2309.15129,https://arxiv.org/abs/2309.15129,arXiv,"ti:""CogEval"" OR ti:""Evaluating Cognitive Maps and Planning""",2026-09-22,nao,preprint,sim,,E5,E5-028
E5-029,E5,On the Self-Verification Limitations of Large Language Models on Reasoning and Planning Tasks,"Stechly, K.; Valmeekam, K.; Kambhampati, S.",2024,arXiv (Cornell University),preprint,,2402.08115,https://arxiv.org/abs/2402.08115,arXiv,"ti:""Self-Verification Limitations of Large Language Models""",2026-09-22,nao,preprint,sim,,E5,E5-029
E5-030,E5,Understanding the Capabilities of Large Language Models for Automated Planning,"Pallagani, V.; Muppasani, B.; Murugesan, K.; Rossi, F.; Srivastava, B. et al.",2023,arXiv (Cornell University),preprint,,2305.16151,https://arxiv.org/abs/2305.16151,web (WebSearch/WebFetch),"Pallagani ""Understanding the Capabilities of Large Language Models for Automated Planning""",2026-09-22,nao,preprint,sim,metadados confirmados via WebFetch na pagina do arXiv (API do arXiv indisponivel por limite de requisicoes no momento da busca),E5,E5-030
E5-031,E5,On the Prospects of Incorporating Large Language Models (LLMs) in Automated Planning and Scheduling (APS),"Pallagani, V.; Muppasani, B. C.; Roy, K.; Fabiano, F.; Loreggia, A. et al.",2024,Proceedings of the International Conference on Automated Planning and Scheduling,conferencia,10.1609/icaps.v34i1.31503,2401.02500,https://doi.org/10.1609/icaps.v34i1.31503,Crossref,consulta por DOI a partir de resultado de WebSearch sobre Pallagani LLM APS,2026-09-22,nao,,sim,versao publicada; preprint correspondente arXiv:2401.02500,E5,E5-031
E5-032,E5,A Survey on Large Language Models for Automated Planning,"Aghzal, M.; Plaku, E.; Stein, G. J.; Yao, Z.",2025,arXiv (Cornell University),preprint,,2502.12435,https://arxiv.org/abs/2502.12435,web (WebSearch/WebFetch),survey large language models automated planning PDDL 2024 arxiv review,2026-09-22,nao,preprint,sim,metadados confirmados via WebFetch na pagina do arXiv,E5,E5-032
E5-033,E5,LASP: Surveying the State-of-the-Art in Large Language Model-Assisted AI Planning,"Li, H.; Chen, Z.; Zhang, J.; Liu, F.",2024,arXiv (Cornell University),preprint,,2409.01806,https://arxiv.org/abs/2409.01806,web (WebSearch/WebFetch),survey large language models automated planning PDDL 2024 arxiv review,2026-09-22,nao,preprint,sim,metadados confirmados via WebFetch na pagina do arXiv,E5,E5-033
E5-034,E5,LLMs as Planning Formalizers: A Survey for Leveraging Large Language Models to Construct Automated Planning Models,"Tantakoun, M.; Zhu, X.; Muise, C.",2025,arXiv (Cornell University),preprint,,2503.18971,https://arxiv.org/abs/2503.18971,web (WebSearch/WebFetch),survey large language models automated planning PDDL 2024 arxiv review,2026-09-22,nao,preprint,sim,metadados confirmados via WebFetch na pagina do arXiv,E5,E5-034
E5-035,E5,DeepSeek-R1 incentivizes reasoning in LLMs through reinforcement learning,DeepSeek-AI et al.,2025,Nature,periodico,10.1038/s41586-025-09422-z,,https://doi.org/10.1038/s41586-025-09422-z,OpenAlex,large reasoning models planning,2026-09-22,nao,,sim,modelo de raciocinio geral (nao especifico de planejamento); relevante como contexto de modelos de raciocinio (2024-2026) para E5,E5,E5-035
E5-036,E5,LLM3: Large Language Model-based Task and Motion Planning with Motion Failure Reasoning,"Wang, S.; Han, M.; Jiao, Z.; Zhang, Z.; Wu, Y. N. et al.",2024,IEEE/RSJ International Conference on Intelligent Robots and Systems (IROS),conferencia,10.1109/iros58592.2024.10801328,,https://doi.org/10.1109/iros58592.2024.10801328,OpenAlex,large reasoning models planning,2026-09-22,nao,,sim,,E5,E5-036
E5-037,E5,AutoGPT+P: Affordance-based Task Planning using Large Language Models,"Birr, T.; Pohl, C.; Younes, A.; Asfour, T.",2024,Robotics: Science and Systems (RSS),conferencia,10.15607/rss.2024.xx.112,,https://doi.org/10.15607/rss.2024.xx.112,OpenAlex,AutoTAMP task motion planning large language models translators,2026-09-22,nao,,sim,,E5,E5-037
E5-038,E5,Optimal Scene Graph Planning with Large Language Model Guidance,"Dai, Z.; Asgharivaskasi, A.; Duong, T.; Lin, S.; Tzes, M.-E. et al.",2024,IEEE International Conference on Robotics and Automation (ICRA),conferencia,10.1109/icra57147.2024.10610599,,https://doi.org/10.1109/icra57147.2024.10610599,OpenAlex,AutoTAMP task motion planning large language models translators,2026-09-22,nao,,sim,,E5,E5-038
E5-039,E5,A framework for neurosymbolic robot action planning using large language models,"Capitanelli, A.; Mastrogiovanni, F.",2024,Frontiers in Neurorobotics,periodico,10.3389/fnbot.2024.1342786,,https://doi.org/10.3389/fnbot.2024.1342786,OpenAlex,LLM world model PDDL planning,2026-09-22,nao,,sim,,E5,E5-039
E5-040,E5,Ask-before-Plan: Proactive Language Agents for Real-World Planning,"Zhang, X.; Deng, Y.; Ren, Z.; Ng, S.-K.; Chua, T.-S.",2024,Findings of the Association for Computational Linguistics: EMNLP 2024,conferencia,10.18653/v1/2024.findings-emnlp.636,,https://doi.org/10.18653/v1/2024.findings-emnlp.636,OpenAlex,TravelPlanner benchmark language agents real-world planning,2026-09-22,nao,,sim,,E5,E5-040
E5-041,E5,FlowBench: Revisiting and Benchmarking Workflow-Guided Planning for LLM-based Agents,"Xiao, R. W.; Ma, W.; Wang, K.; Wu, Y.; Zhao, J. et al.",2024,Findings of the Association for Computational Linguistics: EMNLP 2024,conferencia,10.18653/v1/2024.findings-emnlp.638,,https://doi.org/10.18653/v1/2024.findings-emnlp.638,OpenAlex,TravelPlanner benchmark language agents real-world planning,2026-09-22,nao,,sim,,E5,E5-041
E5-042,E5,A survey on integration of large language models with intelligent robots,"Kim, Y.; Kim, D.; Choi, J.; Park, J.; Oh, N. et al.",2024,Intelligent Service Robotics,periodico,10.1007/s11370-024-00550-5,,https://doi.org/10.1007/s11370-024-00550-5,OpenAlex,AutoTAMP task motion planning large language models translators,2026-09-22,nao,,sim,,E5,E5-042
E5-043,E5,Plan-and-Solve Prompting: Improving Zero-Shot Chain-of-Thought Reasoning by Large Language Models,"Wang, L.; Xu, W.; Lan, Y.; Hu, Z.; Lan, Y. et al.",2023,Proceedings of the 61st Annual Meeting of the Association for Computational Linguistics (ACL),conferencia,10.18653/v1/2023.acl-long.147,,https://doi.org/10.18653/v1/2023.acl-long.147,OpenAlex,large reasoning models planning,2026-09-22,nao,,sim,"tecnica de prompting geral aplicada a tarefas de raciocinio/planejamento, nao planejador dedicado",E5,E5-043
E5-044,E5,A survey on large language model based autonomous agents,"Wang, L.; Ma, C.; Feng, X.; Zhang, Z.; Yang, H. Y. et al.",2024,Frontiers of Computer Science,periodico,10.1007/s11704-024-40231-1,,https://doi.org/10.1007/s11704-024-40231-1,OpenAlex,LLM+P empowering large language models with optimal planning,2026-09-22,nao,,sim,"revisao geral de agentes baseados em LLM, inclui secao sobre planejamento; escopo mais amplo que o eixo E5",E5,E5-044
E6-001,E6,itSIMPLE 2.0: An Integrated Tool for Designing Planning Domains,"Vaquero, T.; Romero, V.M.; Tonidandel, F.; Silva, J.R.",2007,ICAPS (demonstração),conferencia,,,https://openalex.org/W77717211,OpenAlex,itSIMPLE,2026-09-22,sim,classico,nao,"semente Vaquero et al. (itSIMPLE); pre-2008, marcado classico por ser fundacional para o eixo",E6,E6-001
E6-002,E6,itSIMPLE: towards an integrated design system for real planning applications,"Vaquero, T.; Silva, J.R.; Tonidandel, F.; Beck, J.C.",2013,The Knowledge Engineering Review,periodico,10.1017/s0269888912000434,,https://doi.org/10.1017/s0269888912000434,OpenAlex,itSIMPLE,2026-09-22,sim,,sim,semente Vaquero et al. (itSIMPLE),E6,E6-002
E6-003,E6,The itSIMPLE tool for Modeling Planning Domains,"Vaquero, T.; Tonidandel, F.; Silva, J.R.",2005,ICAPS (workshop),workshop,,,https://openalex.org/W2147711556,OpenAlex,itSIMPLE,2026-09-22,sim,classico,nao,"semente Vaquero et al. (itSIMPLE); pre-2008, marcado classico",E6,E6-003
E6-004,E6,itSIMPLE: ambiente integrado de modelagem e análise de domínios de planejamento automático,"Vaquero, T.S.",2007,Universidade de São Paulo (dissertação de mestrado),tese,10.11606/d.3.2007.tde-19072007-174135,,https://doi.org/10.11606/d.3.2007.tde-19072007-174135,OpenAlex,itSIMPLE,2026-09-22,sim,classico,nao,"semente Vaquero et al. (itSIMPLE); dissertacao USP em portugues; pre-2008, marcado classico",E6,E6-004
E6-005,E6,Planning domain definition using GIPO,"Simpson, R.M.; Kitchin, D.E.; McCluskey, T.L.",2007,The Knowledge Engineering Review,periodico,10.1017/s0269888907001063,,https://doi.org/10.1017/s0269888907001063,OpenAlex,itSIMPLE,2026-09-22,nao,classico,sim,"pre-2008, marcado classico; ferramenta GIPO, contraponto ao itSIMPLE",E6,E6-005
E6-006,E6,A new hierarchical approach to requirement analysis of problems in automated planning,"Martinez Silva, J.; Silva, J.R.",2019,Engineering Applications of Artificial Intelligence,periodico,10.1016/j.engappai.2019.02.019,,https://doi.org/10.1016/j.engappai.2019.02.019,OpenAlex,itSIMPLE,2026-09-22,nao,,sim,,E6,E6-006
E6-007,E6,Are Automated Planners up to Solve Real Problems?,"Sette, F.M.; Vaquero, T.; Park, S.W.; Silva, J.R.",2008,IFAC Proceedings Volumes,conferencia,10.3182/20080706-5-kr-1001.02674,,https://doi.org/10.3182/20080706-5-kr-1001.02674,OpenAlex,itSIMPLE,2026-09-22,nao,,sim,,E6,E6-007
E6-008,E6,Engineering Knowledge for Automated Planning,"McCluskey, T.L.; Vaquero, T.; Vallati, M.",2017,K-CAP (tutorial/paper),conferencia,10.1145/3148011.3148012,,https://doi.org/10.1145/3148011.3148012,OpenAlex,itSIMPLE,2026-09-22,nao,,sim,,E6,E6-008
E6-009,E6,Formal Knowledge Engineering for Planning: Pre and Post-Design Analysis,"Silva, J.R.; Martinez Silva, J.; Vaquero, T.",2020,Knowledge Engineering Tools and Techniques for AI Planning (livro),capitulo,10.1007/978-3-030-38561-3_3,,https://doi.org/10.1007/978-3-030-38561-3_3,OpenAlex,itSIMPLE,2026-09-22,nao,,sim,,E6,E6-009
E6-010,E6,"Unified Planning: Modeling, manipulating and solving AI planning problems in Python","Micheli, A.; Bit-Monnot, A.; Röger, G.; Scala, E.; Valentini, A.",2024,SoftwareX,periodico,10.1016/j.softx.2024.102012,,https://doi.org/10.1016/j.softx.2024.102012,OpenAlex,itSIMPLE,2026-09-22,sim,,sim,semente Unified Planning (AIPlan4EU),E6,E6-010
E6-011,E6,Towards Automated Modeling Assistance: An Efficient Approach for Repairing Flawed Planning Domains,"Lin, S.; Grastien, A.; Bercher, P.",2023,Proceedings of the AAAI Conference on Artificial Intelligence,conferencia,10.1609/aaai.v37i10.26418,,https://doi.org/10.1609/aaai.v37i10.26418,OpenAlex,itSIMPLE,2026-09-22,nao,,sim,,E6,E6-011
E6-012,E6,KEWI - A Knowledge Engineering Tool for Modelling AI Planning Tasks,"Wickler, G.; Chrpa, L.; McCluskey, T.L.",2014,ICAART,conferencia,10.5220/0005034400360047,,https://doi.org/10.5220/0005034400360047,OpenAlex,itSIMPLE,2026-09-22,nao,,sim,,E6,E6-012
E6-013,E6,"Reading PDDL, Writing an Object-Oriented Model","Tonidandel, F.; Vaquero, T.; Silva, J.R.",2006,Lecture Notes in Computer Science (IBERAMIA),conferencia,10.1007/11874850_57,,https://doi.org/10.1007/11874850_57,OpenAlex,itSIMPLE,2026-09-22,nao,classico,sim,"pre-2008, marcado classico; ponte PDDL-UML/OO central para o itSIMPLE",E6,E6-013
E6-014,E6,GIPO II: HTN planning in a tool-supported knowledge engineering environment,"McCluskey, T.L.; Liu, D.; Simpson, R.M.",2003,AIPS/ICAPS,capitulo,,,https://openalex.org/W1512541792,OpenAlex,"""knowledge engineering"" planning tools",2026-09-22,nao,classico,nao,"pre-2008, marcado classico",E6,E6-014
E6-015,E6,ARMS: an automatic knowledge engineering tool for learning action models for AI planning,"Wu, K.; Yang, Q.; Jiang, Y.",2007,The Knowledge Engineering Review,periodico,10.1017/s0269888907001087,,https://doi.org/10.1017/s0269888907001087,OpenAlex,"""knowledge engineering"" planning tools",2026-09-22,nao,classico,sim,"pre-2008, marcado classico",E6,E6-015
E6-016,E6,Automated Knowledge Engineering Tools in Planning: State-of-the-art and Future Challenges,"Jilani, R.; Crampton, A.; Kitchin, D.E.; Vallati, M.",2014,University of Huddersfield Repository / KEPS workshop,workshop,,,https://openalex.org/W187957920,OpenAlex,"""knowledge engineering"" planning tools",2026-09-22,nao,,nao,,E6,E6-016
E6-017,E6,Knowledge Engineering Tools and Techniques for AI Planning,"Vallati, M.; Kitchin, D.E. (orgs.)",2020,Springer (Lecture Notes in Computer Science),livro,10.1007/978-3-030-38561-3,,https://doi.org/10.1007/978-3-030-38561-3,OpenAlex,"""knowledge engineering"" planning tools",2026-09-22,nao,,nao,,E6,E6-017
E6-018,E6,An operator induction tool supporting knowledge engineering in planning,"Richardson, N.E.",2008,University of Huddersfield,tese,,,https://openalex.org/W1538576764,OpenAlex,"""knowledge engineering"" planning tools",2026-09-22,nao,,nao,,E6,E6-018
E6-019,E6,GIPO: An Integrated Graphical Tool to Support Knowledge Engineering in AI Planning,"Simpson, R.M.; McCluskey, T.L.; Zhao, W.; Aylett, R.; Doniat, C.",2014,,periodico,,,https://openalex.org/W2180818119,OpenAlex,"""knowledge engineering"" planning tools",2026-09-22,nao,,nao,metadados de veiculo/ano no OpenAlex divergem da publicacao original (AIPS 2001); usar com cautela na verificacao,E6,E6-019
E6-020,E6,The Fifth International Competition on Knowledge Engineering for Planning and Scheduling: Summary and Trends,"Chrpa, L.; McCluskey, T.L.; Vallati, M.; Vaquero, T.",2017,AI Magazine,periodico,10.1609/aimag.v38i1.2719,,https://doi.org/10.1609/aimag.v38i1.2719,OpenAlex,ICKEPS,2026-09-22,nao,,sim,,E6,E6-020
E6-021,E6,Exploring knowledge engineering strategies in designing and modelling a road traffic accident management domain,"Shah, M.; Chrpa, L.; Kitchin, D.E.; McCluskey, T.L.; Vallati, M.",2013,University of Huddersfield Repository (ICKEPS/KEPS),workshop,,,https://openalex.org/W82523755,OpenAlex,ICKEPS,2026-09-22,sim,,nao,"melhor correspondencia localizada para a semente 'revisao de ferramentas de engenharia do conhecimento (Shah et al.)'; e um estudo de caso de estrategias de KE, nao uma revisao stricto sensu - conferir na Onda 3",E6,E6-021
E6-022,E6,The International Competition on Knowledge Engineering for Planning and Scheduling: Food for Thoughts (and Call to Action),"Vallati, M.; Chrpa, L.",2020,Huddersfield Research Portal / KEPS workshop,workshop,,,https://openalex.org/W3006507009,OpenAlex,ICKEPS,2026-09-22,nao,,nao,,E6,E6-022
E6-023,E6,Introduction to the Special Issue on Knowledge Engineering Tools and Techniques for Automated Planning and Scheduling Systems,"Barták, R.; McCluskey, T.L.",2007,The Knowledge Engineering Review,periodico,10.1017/s026988890700104x,,https://doi.org/10.1017/s026988890700104x,OpenAlex,ICKEPS,2026-09-22,nao,classico,nao,"pre-2008, marcado classico; editorial de numero especial",E6,E6-023
E6-024,E6,Petrobras Planning Domain: PDDL Modeling and Solving,"Hanes, M.",2012,Czech Technical University / National Repository of Grey Literature,tese,,,https://openalex.org/W3007329012,OpenAlex,ICKEPS,2026-09-22,nao,cinza,nao,"dominio Petrobras (ICKEPS), aplicacao de modelagem PDDL em problema real",E6,E6-024
E6-025,E6,A Closed-Loop Framework-Independent Bridge from AIPlan4EU's Unified Planning Platform to Embedded Systems,"Hastham Sathiya Satchi Sadanandam, S.; Stock, S.; Sung, A.; Ingrand, F.; Lima, O.",2023,HAL,conferencia,,,https://openalex.org/W4380869212,OpenAlex,"""unified planning"" framework library",2026-09-22,nao,,nao,,E6,E6-025
E6-026,E6,Planning Domain Simulation: An Interactive System for Plan Visualisation,"De Pellegrin, E.; Petrick, R.P.A.",2024,Proceedings of the International Conference on Automated Planning and Scheduling,conferencia,10.1609/icaps.v34i1.31469,,https://doi.org/10.1609/icaps.v34i1.31469,OpenAlex,"""unified planning"" framework library",2026-09-22,nao,,sim,,E6,E6-026
E6-027,E6,On the effective configuration of planning domain models,"Vallati, M.; Hutter, F.; Chrpa, L.; McCluskey, T.L.",2015,University of Huddersfield Repository / IJCAI,conferencia,,,https://openalex.org/W773677814,OpenAlex,"""domain model"" quality metrics planning",2026-09-22,nao,,nao,,E6,E6-027
E6-028,E6,Engineering and compiling planning domain models to promote validity and efficiency,"McCluskey, T.L.; Porteous, J.",1997,Artificial Intelligence,periodico,10.1016/s0004-3702(97)00034-9,,https://doi.org/10.1016/s0004-3702(97)00034-9,OpenAlex,"""domain model"" quality metrics planning",2026-09-22,nao,classico,sim,"pre-2008, marcado classico",E6,E6-028
E6-029,E6,A systematic literature review of cross-domain model consistency checking by model management tools,"Torres, W.; van den Brand, M.; Serebrenik, A.",2020,Software and Systems Modeling,periodico,10.1007/s10270-020-00834-1,,https://doi.org/10.1007/s10270-020-00834-1,OpenAlex,"""domain model"" quality metrics planning",2026-09-22,nao,,sim,engenharia de software geral (nao especifico de planejamento); avaliar pertinencia na triagem (possível X2),E6,E6-029
E6-030,E6,Generating consistent PDDL domains with Large Language Models,"Smirnov, A.V.; Joublin, F.; Ceravola, A.; Gienger, M.",2024,arXiv,preprint,10.48550/arxiv.2404.07751,2404.07751,https://doi.org/10.48550/arxiv.2404.07751,OpenAlex,"""LLM"" ""PDDL"" generation domain",2026-09-22,sim,preprint,sim,semente 'LLMs como geradores de dominios',E6,E6-030
E6-033,E6,Framer: Planning Models from Natural Language Action Descriptions,"Lindsay, A.; Read, J.; Ferreira, J.F.; Hayton, T.; Porteous, J.",2017,Proceedings of the International Conference on Automated Planning and Scheduling,conferencia,10.1609/icaps.v27i1.13850,,https://doi.org/10.1609/icaps.v27i1.13850,OpenAlex,natural language to PDDL translation,2026-09-22,nao,,sim,,E6,E6-033
E6-034,E6,Knowledge Representation in Planning: A PDDL to OCL h Translation,"Simpson, R.M.; McCluskey, T.L.; Liu, D.; Kitchin, D.E.",2000,Lecture Notes in Computer Science,conferencia,10.1007/3-540-39963-1_64,,https://doi.org/10.1007/3-540-39963-1_64,OpenAlex,natural language to PDDL translation,2026-09-22,nao,classico,sim,"pre-2008, marcado classico; ponte PDDL-UML/OCL relevante para o eixo",E6,E6-034
E6-035,E6,NL2Plan: Robust LLM-Driven Planning from Minimal Text Descriptions,"Gestrin, E.; Kuhlmann, M.; Seipp, J.",2024,arXiv,preprint,10.48550/arxiv.2405.04215,2405.04215,https://doi.org/10.48550/arxiv.2405.04215,arXiv,NL2Plan natural language planning model,2026-09-22,sim,preprint,sim,semente 'LLMs como geradores de dominios',E6,E6-035
E6-036,E6,Knowledge Engineering for Planning and Scheduling in the LLM Era,"Vallati, M.; Barták, R.; Chrpa, L.; McCluskey, T.L.; Petrick, R.P.A.",2025,Proceedings of the International Conference on Automated Planning and Scheduling,conferencia,10.1609/icaps.v35i1.36142,,https://doi.org/10.1609/icaps.v35i1.36142,OpenAlex,NL2Plan natural language planning model,2026-09-22,nao,,sim,,E6,E6-036
E6-037,E6,A Roadmap to Guide the Integration of LLMs in Hierarchical Planning,"Puerta-Merino, I.; Núñez-Molina, C.; Mesejo, P.; Fernández-Olivares, J.",2025,arXiv,preprint,10.48550/arxiv.2501.08068,2501.08068,https://doi.org/10.48550/arxiv.2501.08068,OpenAlex,NL2Plan natural language planning model,2026-09-22,nao,preprint,sim,,E6,E6-037
E6-038,E6,Model Space Reasoning as Search in Feedback Space for Planning Domain Generation,"Oswald, J.; Oblinsky, D.; Varha, V.; Dragovic, V.; Srinivas, K.",2026,arXiv,preprint,,,https://openalex.org/W7154427621,OpenAlex,NL2Plan natural language planning model,2026-09-22,nao,preprint,nao,,E6,E6-038
E6-039,E6,PDDL: A language with a purpose?,"McCluskey, T.L.",2003,University of Huddersfield Repository,conferencia,,,https://openalex.org/W1342954,OpenAlex,object-oriented modeling PDDL planning domain UML,2026-09-22,nao,classico,nao,"pre-2008, marcado classico",E6,E6-039
E6-040,E6,Understanding Real-World AI Planning Domains: A Conceptual Framework,"Alnazer, E.; Georgievski, I.",2023,Communications in Computer and Information Science,conferencia,10.1007/978-3-031-45728-9_1,,https://doi.org/10.1007/978-3-031-45728-9_1,OpenAlex,"filter=cites:W1980348251 (snowballing a partir de Vaquero et al. 2013, itSIMPLE)",2026-09-22,nao,,sim,,E6,E6-040
E6-041,E6,A Visual Integrated Development Environment for Automated Planning Domain Models,"Ong, J.; Smith, D.E.; Remolina, E.; Boddy, M.",2013,AIAA SPACE 2013 Conference and Exposition,conferencia,10.2514/6.2013-5482,,https://doi.org/10.2514/6.2013-5482,OpenAlex,"filter=cites:W1980348251 (snowballing a partir de Vaquero et al. 2013, itSIMPLE)",2026-09-22,nao,,sim,,E6,E6-041
E6-042,E6,Planning meets verification and validation in a knowledge engineering environment,"Orlandini, A.; Bernardi, G.; Cesta, A.; Finzi, A.",2014,Intelligenza Artificiale,periodico,10.3233/ia-140063,,https://doi.org/10.3233/ia-140063,OpenAlex,"filter=cites:W1980348251 (snowballing a partir de Vaquero et al. 2013, itSIMPLE)",2026-09-22,nao,,sim,,E6,E6-042
E6-043,E6,Integrating Knowledge Engineering for Planning with Validation and Verification Tools,"Orlandini, A.; Bernardi, G.; Cesta, A.; Finzi, A.",2013,Lecture Notes in Computer Science (AI*IA),conferencia,10.1007/978-3-319-03524-6_22,,https://doi.org/10.1007/978-3-319-03524-6_22,OpenAlex,"filter=cites:W1980348251 (snowballing a partir de Vaquero et al. 2013, itSIMPLE)",2026-09-22,nao,,sim,,E6,E6-043
E6-044,E6,Maintaining evolving domain models,"Bryce, D.; Benton, J.; Boldt, M.W.",2016,International Joint Conference on Artificial Intelligence (IJCAI),conferencia,,,https://openalex.org/W2575562425,OpenAlex,"filter=cites:W1980348251 (snowballing a partir de Vaquero et al. 2013, itSIMPLE)",2026-09-22,nao,,nao,,E6,E6-044
E6-045,E6,Which LLM is Best for Translating Natural Language Goals to PDDL?,"Balyo, T.; Chrpa, L.; Youngblood, G.M.",2026,arXiv,preprint,,2609.18731,https://arxiv.org/abs/2609.18731v1,arXiv,"all:""PDDL"" AND all:""large language model"" AND all:""domain""",2026-09-22,nao,preprint,sim,,E6,E6-045
E6-046,E6,Grounded Evaluation and Repair for NL-to-PDDL Problem Generation,"Rosa, J.; Santos, P.; Oliveira, V.; Silva, R.; Silveira, L.M.",2026,arXiv,preprint,,2609.09898,https://arxiv.org/abs/2609.09898v1,arXiv,"all:""PDDL"" AND all:""large language model"" AND all:""domain""",2026-09-22,nao,preprint,sim,autores com sobrenomes portugueses/brasileiros; conferir afiliacao na Onda 3,E6,E6-046
E6-047,E6,LLM-Only PDDL Domain Repair with Open-Weight Models,"Karimi Bavandpour, N.; Bercher, P.",2026,arXiv,preprint,,2608.17341,https://arxiv.org/abs/2608.17341v1,arXiv,"all:""PDDL"" AND all:""large language model"" AND all:""domain""",2026-09-22,nao,preprint,sim,,E6,E6-047
E6-048,E6,Toward Secure and Reliable PDDL Formalization of Large Language Models with Planner-in-the-Loop Feedback,"Jiang, J.; Zhang, J.; Mo, F.; Li, L.; Zeng, D.",2026,arXiv,preprint,10.48550/arxiv.2606.29700,2606.29700,https://doi.org/10.48550/arxiv.2606.29700,arXiv,"all:""PDDL"" AND all:""large language model"" AND all:""domain""",2026-09-22,nao,preprint,sim,,E6,E6-048
E6-049,E6,"ICAPS Competitions (pagina oficial, inclui ICKEPS)",ICAPS (organizacao),2026,icaps-conference.org,cinza,,,https://www.icaps-conference.org/competitions/,Busca web,ICKEPS International Competition Knowledge Engineering Planning Scheduling icaps-conference.org,2026-09-22,nao,cinza,nao,"pagina institucional, sem data de publicacao unica; ano = ano de acesso",E6,E6-049
E6-050,E6,AIPlan4EU - Bringing AI Planning to the European On-Demand AI Platform (pagina oficial do projeto),"AIPlan4EU (consorcio, coord. FBK)",2026,aiplan4eu-project.eu,cinza,,,https://www.aiplan4eu-project.eu/,Busca web,AIPlan4EU unified planning project aiplan4eu.fbk.eu,2026-09-22,sim,cinza,nao,"pagina institucional, sem data de publicacao unica; ano = ano de acesso; semente Unified Planning (AIPlan4EU)",E6,E6-050
E7-001,E7,No free lunch theorems for optimization,"Wolpert, D.H.; Macready, W.G.",1997,IEEE Transactions on Evolutionary Computation,periodico,10.1109/4235.585893,,https://doi.org/10.1109/4235.585893,openalex,"""no free lunch"" optimization",2026-09-22,sim,classico,sim,,E7,E7-001
E7-002,E7,Differentiation and Integration in Complex Organizations,"Lawrence, P.R.; Lorsch, J.W.",1967,Administrative Science Quarterly,periodico,10.2307/2391211,,https://doi.org/10.2307/2391211,crossref,Lawrence Lorsch Organization and Environment Differentiation Integration,2026-09-22,sim,classico,sim,,E7,E7-002
E7-003,E7,Task-Technology Fit and Individual Performance,"Goodhue, D.L.; Thompson, R.L.",1995,MIS Quarterly,periodico,10.2307/249689,,https://doi.org/10.2307/249689,openalex,"""task-technology fit""",2026-09-22,sim,classico,sim,,E7,E7-003
E7-004,E7,Cross-disciplinary perspectives on meta-learning for algorithm selection,"Smith-Miles, K.A.",2009,ACM Computing Surveys,periodico,10.1145/1456650.1456656,,https://doi.org/10.1145/1456650.1456656,crossref,"""meta-learning"" ""algorithm selection"" cross-disciplinary",2026-09-22,sim,,sim,,E7,E7-004
E7-005,E7,RouteLLM: Learning to Route LLMs with Preference Data,"Ong, I.; Almahairi, A.; Wu, V.; Chiang, W.; Wu, T.; et al.",2024,arXiv,preprint,,2406.18665,https://arxiv.org/abs/2406.18665,arxiv,"""LLM routing""",2026-09-22,sim,preprint,sim,,E7,E7-005
E7-006,E7,FrugalGPT: How to Use Large Language Models While Reducing Cost and Improving Performance,"Chen, L.; Zaharia, M.; Zou, J.",2023,arXiv,preprint,,2305.05176,https://arxiv.org/abs/2305.05176,arxiv,"""model routing"" language models cost",2026-09-22,sim,preprint,sim,,E7,E7-006
E7-007,E7,The Supervised Learning No-Free-Lunch Theorems,"Wolpert, D.H.",2002,Soft Computing and Industry (Springer),capitulo,10.1007/978-1-4471-0123-9_3,,https://doi.org/10.1007/978-1-4471-0123-9_3,crossref,"""no free lunch theorem"" machine learning supervised learning",2026-09-22,nao,,sim,,E7,E7-007
E7-008,E7,A no-free-lunch theorem for multitask learning,"Hanneke, S.; Kpotufe, S.",2022,The Annals of Statistics,periodico,10.1214/22-aos2189,,https://doi.org/10.1214/22-aos2189,crossref,"""no free lunch theorem"" machine learning supervised learning",2026-09-22,nao,,sim,,E7,E7-008
E7-009,E7,An Empirical Overview of the No Free Lunch Theorem and Its Effect on Real-World Machine Learning Classification,"Gómez, D.; Rojas, A.",2016,Neural Computation,periodico,10.1162/neco_a_00793,,https://doi.org/10.1162/neco_a_00793,crossref,"""no free lunch theorem"" machine learning supervised learning",2026-09-22,nao,,sim,,E7,E7-009
E7-010,E7,The no-free-lunch theorems of supervised learning,"Sterkenburg, T.F.; Grünwald, P.D.",2021,Synthese,periodico,10.1007/s11229-021-03233-1,,https://doi.org/10.1007/s11229-021-03233-1,crossref,"""no free lunch theorem"" machine learning supervised learning",2026-09-22,nao,,sim,,E7,E7-010
E7-011,E7,The No Free Lunch Theorem: What Are its Main Implications for the Optimization Practice?,"Serafino, L.",2021,Springer Optimization and Its Applications,capitulo,10.1007/978-3-030-66515-9_12,,https://doi.org/10.1007/978-3-030-66515-9_12,crossref,"""no free lunch theorem"" machine learning supervised learning",2026-09-22,nao,,sim,,E7,E7-011
E7-012,E7,The Contingency Theory of Organizational Design: Challenges and Opportunities,"Donaldson, L.",2006,"Organization Design (Information and Organization Design Series, Springer)",capitulo,10.1007/0-387-34173-0_2,,https://doi.org/10.1007/0-387-34173-0_2,crossref,"""contingency theory"" organization",2026-09-22,nao,,sim,"ano do capitulo confirmado pelo registro Crossref do livro-mae (10.1007/0-387-34173-0), pois o registro do capitulo nao traz data",E7,E7-012
E7-013,E7,Task-Technology Fit Theory: A Survey and Synopsis of the Literature,"Furneaux, B.",2011,Integrated Series in Information Systems (Springer),capitulo,10.1007/978-1-4419-6108-2_5,,https://doi.org/10.1007/978-1-4419-6108-2_5,crossref,task-technology fit theory review Furneaux,2026-09-22,nao,,sim,,E7,E7-013
E7-014,E7,Analyzing the Factors That Affect Information Systems Use: A Task-Technology Fit Meta-Analysis,"Cane, S.; McCarthy, R.",2009,Journal of Computer Information Systems,periodico,10.1080/08874417.2009.11645368,,https://doi.org/10.1080/08874417.2009.11645368,crossref,"""task-technology fit""",2026-09-22,nao,,sim,,E7,E7-014
E7-015,E7,A meta-regression of task-technology fit in information systems research,"Jeyaraj, A.",2022,International Journal of Information Management,periodico,10.1016/j.ijinfomgt.2022.102493,,https://doi.org/10.1016/j.ijinfomgt.2022.102493,crossref,"""task-technology fit""",2026-09-22,nao,,sim,,E7,E7-015
E7-016,E7,Task-Technology Fit for Mobile Information Systems,"Gebauer, J.; Shaw, M.J.; Gribbins, M.L.",2010,Journal of Information Technology,periodico,10.1057/jit.2010.10,,https://doi.org/10.1057/jit.2010.10,crossref,"""task-technology fit""",2026-09-22,nao,,sim,,E7,E7-016
E7-017,E7,"Towards a Unified Theory of Fit: Task, Technology and Individual","Davern, M.J.",2007,"Information Systems Foundations: Theory, Representation and Reality",capitulo,10.22459/isftrr.11.2007.03,,https://doi.org/10.22459/isftrr.11.2007.03,crossref,task-technology fit theory review Furneaux,2026-09-22,nao,,sim,,E7,E7-017
E7-018,E7,Refining and extending task-technology fit theory: Creation of two task-technology fit scales and empirical clarification of the construct,"Howard, M.C.; Rose, J.C.",2019,Information & Management,periodico,10.1016/j.im.2018.12.002,,https://doi.org/10.1016/j.im.2018.12.002,crossref,task-technology fit theory review Furneaux,2026-09-22,nao,,sim,,E7,E7-018
E7-019,E7,"AI Chatbot Adoption in Academia: Task Fit, Usefulness and Collegial Ties","Soodan, V.; Rana, A.; Jain, A.; Sharma, D.",2024,Journal of Information Technology Education: Innovations in Practice,periodico,10.28945/5260,,https://doi.org/10.28945/5260,crossref,"""task-technology fit"" artificial intelligence software engineering developer tool adoption review (web)",2026-09-22,nao,,sim,,E7,E7-019
E7-020,E7,Motivation and Task-Technology Fit in AI Tool Adoption: A Structural and Predictive Modeling Study,"Ong, A.K.S.; Quinto, E.J.M.; Castillo, J.C.D.; Giray, L.G.; Guevarra, C.A.D.F.",2025,2025 2nd International Conference on Artificial Intelligence and Teacher Education (ICAITE),conferencia,10.1109/icaite68636.2025.11442334,,https://doi.org/10.1109/icaite68636.2025.11442334,crossref,"""task-technology fit"" artificial intelligence adoption chatbot",2026-09-22,nao,,sim,,E7,E7-020
E7-021,E7,If the hat fits: A review of Task Technology Fit Theory (TTF) through users experience of engaging with an AI coaching agent,"Passmore, J.; Daly, J.; Tee, D.",2025,"Organisationsberatung, Supervision, Coaching",periodico,10.1007/s11613-025-00981-8,,https://doi.org/10.1007/s11613-025-00981-8,crossref,task-technology fit theory review Furneaux,2026-09-22,nao,,sim,,E7,E7-021
E7-025,E7,Towards objective measures of algorithm performance across instance space,"Smith-Miles, K.; Baatar, D.; Wreford, B.; Lewis, R.",2014,Computers & Operations Research,periodico,10.1016/j.cor.2013.11.015,,https://doi.org/10.1016/j.cor.2013.11.015,crossref,instance space analysis machine learning classification footprint,2026-09-22,nao,,sim,,E7,E7-025
E7-026,E7,Measuring algorithm footprints in instance space,"Smith-Miles, K.; Tan, T.T.",2012,2012 IEEE Congress on Evolutionary Computation (CEC),conferencia,10.1109/cec.2012.6252992,,https://doi.org/10.1109/cec.2012.6252992,crossref,instance space analysis machine learning classification footprint,2026-09-22,nao,,sim,,E7,E7-026
E7-027,E7,Instance Space Analysis for Algorithm Testing: Methodology and Software Tools,"Smith-Miles, K.; Muñoz, M.A.",2023,ACM Computing Surveys,periodico,10.1145/3572895,,https://doi.org/10.1145/3572895,crossref,instance space analysis machine learning classification footprint,2026-09-22,nao,,sim,,E7,E7-027
E7-028,E7,Instance space analysis and algorithm selection for the job shop scheduling problem,"Strassl, S.; Musliu, N.",2022,Computers & Operations Research,periodico,10.1016/j.cor.2021.105661,,https://doi.org/10.1016/j.cor.2021.105661,crossref,instance space analysis algorithm selection,2026-09-22,nao,,sim,,E7,E7-028
E7-029,E7,Algorithm selection and instance space analysis for curriculum-based course timetabling,"De Coster, A.; Musliu, N.; Schaerf, A.; Schoisswohl, J.; Smith-Miles, K.",2021,Journal of Scheduling,periodico,10.1007/s10951-021-00701-x,,https://doi.org/10.1007/s10951-021-00701-x,crossref,instance space analysis algorithm selection,2026-09-22,nao,,sim,,E7,E7-029
E7-030,E7,Meta-Learning,"Vanschoren, J.",2019,The Springer Series on Challenges in Machine Learning,capitulo,10.1007/978-3-030-05318-5_2,,https://doi.org/10.1007/978-3-030-05318-5_2,crossref,Meta-Learning A Survey Vanschoren,2026-09-22,nao,,sim,,E7,E7-030
E7-031,E7,Meta-Learning in Neural Networks: A Survey,"Hospedales, T.M.; Antoniou, A.; Micaelli, P.; Storkey, A.J.",2021,IEEE Transactions on Pattern Analysis and Machine Intelligence,periodico,10.1109/tpami.2021.3079209,,https://doi.org/10.1109/tpami.2021.3079209,crossref,Meta-Learning in Neural Networks A Survey Hospedales,2026-09-22,nao,,sim,,E7,E7-031
E7-032,E7,RouterBench: A Benchmark for Multi-LLM Routing System,"Hu, Q.J.; Bieker, J.; Li, X.; Jiang, N.; Keigwin, B.; et al.",2024,arXiv,preprint,,2403.12031,https://arxiv.org/abs/2403.12031,arxiv,"""LLM routing""",2026-09-22,nao,,sim,,E7,E7-032
E7-033,E7,Universal Model Routing for Efficient LLM Inference,"Jitkrittum, W.; Narasimhan, H.; Rawat, A.S.; Juneja, J.; Wang, C.; et al.",2025,arXiv,preprint,,2502.08773,https://arxiv.org/abs/2502.08773,arxiv,"""model routing"" language models cost",2026-09-22,nao,,sim,,E7,E7-033
E7-034,E7,Adaptive LLM Routing under Budget Constraints,"Panda, P.; Magazine, R.; Devaguptapu, C.; Takemori, S.; Sharma, V.",2025,arXiv,preprint,,2508.21141,https://arxiv.org/abs/2508.21141,arxiv,"""LLM routing""",2026-09-22,nao,,sim,,E7,E7-034
E7-035,E7,Large Language Model Cascades with Mixture of Thoughts Representations for Cost-efficient Reasoning,"Yue, M.; Zhao, J.; Zhang, M.; Du, L.; Yao, Z.",2023,arXiv (ICLR 2024),preprint,,2310.03094,https://arxiv.org/abs/2310.03094,web,LLM cascade cost efficient arxiv cascade language models survey,2026-09-22,nao,,sim,,E7,E7-035
E7-036,E7,Dynamic Model Routing and Cascading for Efficient LLM Inference: A Survey,"Moslem, Y.; Kelleher, J.D.",2026,arXiv,preprint,,2603.04445,https://arxiv.org/abs/2603.04445,web,LLM cascade cost efficient arxiv cascade language models survey,2026-09-22,nao,,sim,,E7,E7-036
E7-037,E7,Large Language Model-Enhanced Algorithm Selection: Towards Comprehensive Algorithm Representation,"Wu, X.; Zhong, Y.; Wu, J.; Jiang, B.; Tan, K.C.",2024,Proceedings of the 33rd International Joint Conference on Artificial Intelligence (IJCAI),conferencia,10.24963/ijcai.2024/579,,https://doi.org/10.24963/ijcai.2024/579,crossref,large language model selection as algorithm selection problem,2026-09-22,nao,,sim,,E7,E7-037
E7-038,E7,LLM Routing with Dueling Feedback,"Chiang, C.; Ishida, T.; Sugiyama, M.",2025,arXiv,preprint,,2510.00841,https://arxiv.org/abs/2510.00841,arxiv,"""model routing"" language models cost",2026-09-22,nao,,sim,,E7,E7-038
E7-039,E7,EmbedLLM: Learning Compact Representations of Large Language Models,"Zhuang, R.; Wu, T.; Wen, Z.; Li, A.; Jiao, J.; et al.",2024,arXiv,preprint,,2410.02223,https://arxiv.org/abs/2410.02223,arxiv,"""model routing"" language models cost",2026-09-22,nao,,sim,,E7,E7-039
E8-001,E8,SWE-bench: Can Language Models Resolve Real-World GitHub Issues?,"Jimenez, C. E.; Yang, J.; Wettig, A.; Yao, S.; Pei, K.; et al.",2024,ICLR 2024,conferencia,,2310.06770,https://arxiv.org/abs/2310.06770,arXiv,SWE-bench,2026-09-22,sim,,sim,semente do eixo; localizada,E8,E8-001
E8-002,E8,SWE-agent: Agent-Computer Interfaces Enable Automated Software Engineering,"Yang, J.; Jimenez-Gomez, C.; Wettig, A.; Lieret, K.; Yao, S.; et al.",2024,arXiv (Cornell University),preprint,10.48550/arxiv.2405.15793,2405.15793,https://doi.org/10.48550/arxiv.2405.15793,OpenAlex,SWE-agent,2026-09-22,sim,preprint,sim,semente do eixo; localizada,E8,E8-002
E8-003,E8,Agentless: Demystifying LLM-based Software Engineering Agents,"Xia, C. S.; Deng, Y.; Dunn, S.; Zhang, L.",2024,arXiv (Cornell University),preprint,10.48550/arxiv.2407.01489,2407.01489,https://doi.org/10.48550/arxiv.2407.01489,OpenAlex,Agentless software engineering agent,2026-09-22,sim,preprint,sim,semente do eixo; localizada,E8,E8-003
E8-004,E8,OpenHands: An Open Platform for AI Software Developers as Generalist Agents,"Wang, X.; Li, B.; Song, Y.; Xu, F. F.; Tang, X.; et al.",2024,arXiv (Cornell University),preprint,,2407.16741,https://arxiv.org/abs/2407.16741,arXiv,OpenHands,2026-09-22,sim,preprint,sim,semente do eixo; localizada,E8,E8-004
E8-005,E8,Demystifying LLM-Based Software Engineering Agents,"Xia, C. S.; Deng, Y.; Dunn, S.; Zhang, L.",2025,Proceedings of the ACM on Software Engineering,periodico,10.1145/3715754,,https://doi.org/10.1145/3715754,OpenAlex,"""software engineering agents"" LLM",2026-09-22,nao,,sim,versao estendida/publicada de Agentless (mesmos autores; ver E8-003),E8,E8-005
E8-006,E8,AutoCodeRover: Autonomous Program Improvement,"Zhang, Y.; Ruan, H.; Fan, Z.; Roychoudhury, A.",2024,Proceedings of the 33rd ACM SIGSOFT International Symposium on Software Testing and Analysis (ISSTA),conferencia,10.1145/3650212.3680384,,https://doi.org/10.1145/3650212.3680384,OpenAlex,SWE-bench,2026-09-22,nao,,sim,,E8,E8-006
E8-007,E8,SpecRover: Code Intent Extraction via LLMs,"Ruan, H.; Zhang, Y.; Roychoudhury, A.",2025,ICSE 2025,conferencia,10.1109/icse55347.2025.00080,,https://doi.org/10.1109/icse55347.2025.00080,OpenAlex,"""software engineering agents"" LLM",2026-09-22,nao,,sim,,E8,E8-007
E8-008,E8,CodeR: Issue Resolving with Multi-Agent and Task Graphs,"Chen, D.; Lin, S.; Zeng, M.; Zan, D.; Wang, J.; et al.",2024,arXiv (Cornell University),preprint,10.48550/arxiv.2406.01304,2406.01304,https://doi.org/10.48550/arxiv.2406.01304,OpenAlex,SWE-bench,2026-09-22,nao,preprint,sim,,E8,E8-008
E8-009,E8,"RepairAgent: An Autonomous, LLM-Based Agent for Program Repair","Bouzenia, I.; Devanbu, P.; Pradel, M.",2025,ICSE 2025,conferencia,10.1109/icse55347.2025.00157,,https://doi.org/10.1109/icse55347.2025.00157,OpenAlex,"""software engineering agents"" LLM",2026-09-22,nao,,sim,,E8,E8-009
E8-010,E8,Training Software Engineering Agents and Verifiers with SWE-Gym,"Pan, J.; Wang, X.; Neubig, G.; Jaitly, N.; Ji, H.; et al.",2024,arXiv (Cornell University),preprint,10.48550/arxiv.2412.21139,2412.21139,https://doi.org/10.48550/arxiv.2412.21139,OpenAlex,SWE-agent,2026-09-22,nao,preprint,sim,,E8,E8-010
E8-011,E8,SWE-Dev: Building Software Engineering Agents with Training and Inference Scaling,"Wang, H.; Hou, Z.; Wei, Y.; Tang, J.; Dong, Y.",2025,Findings of the Association for Computational Linguistics: ACL 2025,conferencia,10.18653/v1/2025.findings-acl.193,,https://doi.org/10.18653/v1/2025.findings-acl.193,OpenAlex,SWE-agent,2026-09-22,nao,,sim,,E8,E8-011
E8-012,E8,Evaluating Agent-Based Program Repair at Google,"Rondon, P.; Wei, R.; Cambronero, J.; Cito, J.; Sun, A. R.; et al.",2025,ICSE-SEIP 2025,conferencia,10.1109/icse-seip66354.2025.00038,,https://doi.org/10.1109/icse-seip66354.2025.00038,OpenAlex,SWE-bench,2026-09-22,nao,,sim,,E8,E8-012
E8-013,E8,Human-In-The-Loop Software Development Agents,"Takerngsaksiri, W.; Pasuksmit, J.; Thongtanunam, P.; Tantithamthavorn, C. K.; Zhang, R.; et al.",2025,ICSE-SEIP 2025,conferencia,10.1109/icse-seip66354.2025.00036,,https://doi.org/10.1109/icse-seip66354.2025.00036,OpenAlex,"""multi-agent"" ""software development"" LLM",2026-09-22,nao,,sim,,E8,E8-013
E8-014,E8,UTBoost: Rigorous Evaluation of Coding Agents on SWE-Bench,"Yu, B.; Zhu, Y.; He, P.; Kang, D. D.",2025,ACL 2025,conferencia,10.18653/v1/2025.acl-long.189,,https://doi.org/10.18653/v1/2025.acl-long.189,OpenAlex,SWE-bench,2026-09-22,nao,,sim,,E8,E8-014
E8-015,E8,SWE-Bench+: Enhanced Coding Benchmark for LLMs,"Aleithan, R.; Xue, H.; Mohajer, M. M.; Nnorom, E.; Uddin, G.; et al.",2024,arXiv (Cornell University),preprint,10.48550/arxiv.2410.06992,2410.06992,https://doi.org/10.48550/arxiv.2410.06992,OpenAlex,SWE-bench,2026-09-22,nao,preprint,sim,,E8,E8-015
E8-016,E8,SWE-bench-java: A GitHub Issue Resolving Benchmark for Java,"Zan, D.; Huang, Z.; Yu, A.; Lin, S.; Shi, Y.; et al.",2024,arXiv (Cornell University),preprint,10.48550/arxiv.2408.14354,2408.14354,https://doi.org/10.48550/arxiv.2408.14354,OpenAlex,SWE-bench,2026-09-22,nao,preprint,sim,,E8,E8-016
E8-017,E8,Multi-SWE-bench: A Multilingual Benchmark for Issue Resolving,"Zan, D.; Huang, Z.; Liu, W.; Chen, H.; Xin, S.; et al.",2025,Advances in Neural Information Processing Systems 38 (NeurIPS 2025),conferencia,10.52202/085713-2111,,https://doi.org/10.52202/085713-2111,OpenAlex,SWE-bench,2026-09-22,nao,,sim,,E8,E8-017
E8-018,E8,The Impact of AI on Developer Productivity: Evidence from GitHub Copilot,"Peng, S.; Kalliamvakou, E.; Cihon, P.; Demirer, M.",2023,arXiv (Cornell University),preprint,10.48550/arxiv.2302.06590,2302.06590,https://doi.org/10.48550/arxiv.2302.06590,OpenAlex,"""developer productivity"" AI assistant field study",2026-09-22,nao,preprint,sim,ensaio controlado (RCT) com desenvolvedores reais,E8,E8-018
E8-019,E8,The Effects of Generative AI on High Skilled Work: Evidence from Three Field Experiments with Software Developers,"Cui, Z.; Demirer, M.; Jaffe, S.; Musolff, L.; Peng, S.; et al.",2024,SSRN Electronic Journal,preprint,10.2139/ssrn.4945566,,https://doi.org/10.2139/ssrn.4945566,OpenAlex,"""developer productivity"" AI assistant field study",2026-09-22,nao,,sim,tres ensaios de campo com desenvolvedores (Microsoft/Accenture),E8,E8-019
E8-020,E8,Measuring the Impact of Early-2025 AI on Experienced Open-Source Developer Productivity,"Becker, J.; Rush, N.; Barnes, E.; Rein, D.",2025,arXiv (Cornell University),preprint,10.48550/arxiv.2507.09089,2507.09089,https://arxiv.org/abs/2507.09089,WebSearch+arXiv,randomized controlled trial AI coding assistant developer productivity experienced developers slower METR 2025,2026-09-22,nao,preprint,sim,"RCT do METR; efeito negativo (desenvolvedores 19% mais lentos com IA), apesar de percepcao contraria",E8,E8-020
E8-021,E8,Do Users Write More Insecure Code with AI Assistants?,"Perry, N.; Srivastava, M.; Kumar, D.; Boneh, D.",2023,Proceedings of the 2023 ACM SIGSAC Conference on Computer and Communications Security (CCS),conferencia,10.1145/3576915.3623157,,https://doi.org/10.1145/3576915.3623157,Crossref,Do Users Write More Insecure Code with AI Assistants,2026-09-22,nao,,sim,estudo de usuario com efeito negativo sobre seguranca do codigo,E8,E8-021
E8-022,E8,Asleep at the Keyboard? Assessing the Security of GitHub Copilot's Code Contributions,"Pearce, H.; Ahmad, B.; Tan, B.; Dolan-Gavitt, B.; Karri, R.",2022,2022 IEEE Symposium on Security and Privacy (SP),conferencia,10.1109/sp46214.2022.9833571,,https://doi.org/10.1109/sp46214.2022.9833571,Crossref,Asleep at the Keyboard Assessing the Security of GitHub Copilot,2026-09-22,nao,,sim,,E8,E8-022
E8-023,E8,Security Weaknesses of Copilot-Generated Code in GitHub Projects: An Empirical Study,"Fu, Y.; Liang, P.; Tahir, A.; Li, Z.; Shahin, M.; et al.",2025,ACM Transactions on Software Engineering and Methodology,periodico,10.1145/3716848,2310.02059,https://doi.org/10.1145/3716848,Crossref,Security Weaknesses Copilot-Generated Code GitHub Projects Empirical Study,2026-09-22,nao,,sim,,E8,E8-023
E8-024,E8,Developer Productivity With and Without GitHub Copilot: A Longitudinal Mixed-Methods Case Study,"Stray, V.; Brandtzaeg, E. G.; Wivestad, V. T.; Barbala, A.; Moe, N. B.",2025,arXiv (Cornell University),preprint,,2509.20353,https://arxiv.org/abs/2509.20353,WebSearch+arXiv,empirical study developer experience GitHub Copilot field study large company 2024 2025,2026-09-22,nao,preprint,sim,estudo de caso longitudinal em equipe real (NAV IT),E8,E8-024
E8-025,E8,"The Effects of GitHub Copilot on Computing Students' Programming Effectiveness, Efficiency, and Processes in Brownfield Programming Tasks","Shihab, M. I. H.; Hundhausen, C.; Tariq, A.; Haque, S.; Qiao, Y.; et al.",2025,arXiv (Cornell University),preprint,,2506.10051,https://arxiv.org/abs/2506.10051,WebSearch+arXiv,empirical study developer experience GitHub Copilot field study large company 2024 2025,2026-09-22,nao,preprint,sim,,E8,E8-025
E8-026,E8,A Large-Scale Survey on the Usability of AI Programming Assistants: Successes and Challenges,"Liang, J. T.; Yang, C.; Myers, B. A.",2024,ICSE 2024,conferencia,10.1145/3597503.3608128,,https://doi.org/10.1145/3597503.3608128,OpenAlex,"""developer productivity"" AI assistant field study",2026-09-22,nao,,sim,,E8,E8-026
E8-027,E8,The Programmer's Assistant: Conversational Interaction with a Large Language Model for Software Development,"Ross, S.; Martinez, F.; Houde, S.; Muller, M. J.; Weisz, J. D.",2023,Proceedings of the 28th International Conference on Intelligent User Interfaces (IUI),conferencia,10.1145/3581641.3584037,,https://doi.org/10.1145/3581641.3584037,OpenAlex,"""multi-agent"" ""software development"" LLM",2026-09-22,nao,,sim,estudo qualitativo com desenvolvedores reais,E8,E8-027
E8-028,E8,"LLM-Based Multi-Agent Systems for Software Engineering: Literature Review, Vision, and the Road Ahead","He, J.; Treude, C.; Lo, D.",2025,ACM Transactions on Software Engineering and Methodology,periodico,10.1145/3712003,2404.04834,https://doi.org/10.1145/3712003,OpenAlex,"""software engineering agents"" LLM",2026-09-22,nao,,sim,,E8,E8-028;E8-029
E8-030,E8,"From LLMs to LLM-based Agents for Software Engineering: A Survey of Current, Challenges and Future","Jin, H.; Huang, L.; Cai, H.; Yan, J.; Li, B.; et al.",2024,arXiv (Cornell University),preprint,10.48550/arxiv.2408.02479,2408.02479,https://doi.org/10.48550/arxiv.2408.02479,OpenAlex,"""software engineering agents"" LLM",2026-09-22,nao,preprint,sim,,E8,E8-030
E8-031,E8,Large Language Model-Based Agents for Software Engineering: A Survey,"Liu, J.; Wang, K.; Chen, Y.; Peng, X.; Chen, Z.; et al.",2026,ACM Transactions on Software Engineering and Methodology,periodico,10.1145/3796507,2409.02977,https://doi.org/10.1145/3796507,OpenAlex,"""LLM-based agents"" ""software engineering"" survey",2026-09-22,nao,,sim,,E8,E8-031;E8-032
E8-033,E8,"Agents in software engineering: survey, landscape, and vision","Wang, Y.; Zhong, W.; Huang, Y.; Shi, E.; Yang, M.; et al.",2025,Automated Software Engineering,periodico,10.1007/s10515-025-00544-2,,https://doi.org/10.1007/s10515-025-00544-2,OpenAlex,"""LLM-based agents"" ""software engineering"" survey",2026-09-22,nao,,sim,,E8,E8-033
E8-034,E8,Large Language Models for Software Engineering: A Systematic Literature Review,"Hou, X.; Zhao, Y.; Liu, Y.; Zhou, Y.; Wang, K.; et al.",2023,arXiv (Cornell University),preprint,10.48550/arxiv.2308.10620,2308.10620,https://doi.org/10.48550/arxiv.2308.10620,OpenAlex,"""software engineering agents"" LLM",2026-09-22,nao,preprint,sim,,E8,E8-034
E8-035,E8,SWE-Router: Routing in Multi-turn Agentic Software Engineering Tasks,"Son, S.; Yoon, S.; Tang, J.; Wang, S.; Wolf, L.; et al.",2026,arXiv (Cornell University),preprint,,2607.00053,https://arxiv.org/abs/2607.00053,WebSearch+arXiv,choosing LLM model per coding task routing software engineering agent selection benchmark,2026-09-22,nao,preprint,sim,,E8,E8-035
E8-036,E8,Triage: Routing Software Engineering Tasks to Cost-Effective LLM Tiers via Code Quality Signals,"Madeyski, L.",2026,arXiv (Cornell University),preprint,,2604.07494,https://arxiv.org/abs/2604.07494,WebSearch+arXiv,choosing LLM model per coding task routing software engineering agent selection benchmark,2026-09-22,nao,preprint,sim,,E8,E8-036
E8-037,E8,Agent-as-a-Router: Agentic Model Routing for Coding Tasks,"Zhou, P.; Tang, Z.; Ma, Y.; Tang, J.; Han, Y.; et al.",2026,arXiv (Cornell University),preprint,,2606.22902,https://arxiv.org/abs/2606.22902,WebSearch+arXiv,choosing LLM model per coding task routing software engineering agent selection benchmark,2026-09-22,nao,preprint,sim,,E8,E8-037
E8-038,E8,ChatDev: Communicative Agents for Software Development,"Qian, C.; Liu, W.; Liu, H.; Chen, N.; Dang, Y.; et al.",2024,Proceedings of ACL 2024,conferencia,10.18653/v1/2024.acl-long.810,2307.07924,https://doi.org/10.18653/v1/2024.acl-long.810,OpenAlex,"""multi-agent"" ""software development"" LLM",2026-09-22,nao,,sim,,E8,E8-038;E8-039
E8-040,E8,MetaGPT: Meta Programming for A Multi-Agent Collaborative Framework,"Hong, S.; Zhuge, M.; Chen, J.; Zheng, X.; Cheng, Y.; et al.",2023,arXiv (Cornell University),preprint,10.48550/arxiv.2308.00352,2308.00352,https://doi.org/10.48550/arxiv.2308.00352,OpenAlex,"""software engineering agents"" LLM",2026-09-22,nao,preprint,sim,publicado tambem no ICLR 2024 (sem DOI proprio localizado),E8,E8-040
E8-041,E8,AutoGen: Enabling Next-Gen LLM Applications via Multi-Agent Conversation,"Wu, Q.; Bansal, G.; Zhang, J.; Wu, Y.; Li, B.; et al.",2023,arXiv (Cornell University),preprint,,2308.08155,https://arxiv.org/abs/2308.08155,WebSearch+arXiv,AutoGen multi-agent conversation framework LLM applications,2026-09-22,nao,preprint,sim,,E8,E8-041
E8-042,E8,ALMAS: an Autonomous LLM-based Multi-Agent Software Engineering Framework,"Tawosi, V.; Ramani, K.; Alamir, S.; Liu, X.",2025,ASEW 2025 (IEEE/ACM International Conference on Automated Software Engineering Workshops),workshop,10.1109/asew67777.2025.00059,,https://doi.org/10.1109/asew67777.2025.00059,OpenAlex,"""software engineering agents"" LLM",2026-09-22,nao,,sim,,E8,E8-042
E8-043,E8,Facilitating Trustworthy Human-Agent Collaboration in LLM-based Multi-Agent System oriented Software Engineering,"Ronanki, K.",2025,Proceedings of the 33rd ACM International Conference on the Foundations of Software Engineering (FSE Companion),conferencia,10.1145/3696630.3728717,,https://doi.org/10.1145/3696630.3728717,OpenAlex,"""software engineering agents"" LLM",2026-09-22,nao,,sim,,E8,E8-043
E8-044,E8,SWE-Debate: Competitive Multi-Agent Debate for Software Issue Resolution,"Li, H.; Shi, Y.; Lin, S.; Gu, X.; Lian, H.; et al.",2026,ICSE 2026,conferencia,10.1145/3744916.3787810,,https://doi.org/10.1145/3744916.3787810,OpenAlex,SWE-agent,2026-09-22,nao,,sim,,E8,E8-044
E8-045,E8,Can LLMs Replace Human Evaluators? An Empirical Study of LLM-as-a-Judge in Software Engineering,"Wang, R.; Guo, J.; Gao, C.; Fan, G.; Chong, C. Y.; et al.",2025,Proceedings of the ACM on Software Engineering,periodico,10.1145/3728963,,https://doi.org/10.1145/3728963,OpenAlex,"""software engineering agents"" LLM",2026-09-22,nao,,sim,tangencial: avaliacao de agentes/LLM-as-judge em engenharia de software,E8,E8-045
