planejador,dominio,problema,semente,situacao,tempo_relogio_s,tempo_planejador_s,memoria_max_kb,limite_s,inicio,slot
FF,driverlog,pfile1,,resolvido,0.0,0.0,3072,480,2026-09-25T12:09:51,w1
Blackbox,driverlog,pfile1,,resolvido,0.01,0.0,8320,600,2026-09-25T12:09:51,w3
IPP,driverlog,pfile1,,resolvido,0.01,0.0,2816,420,2026-09-25T12:09:51,w2
YAHSP,driverlog,pfile1,,resolvido,0.0,0.0,2560,540,2026-09-25T12:09:51,w3
SGPlan,driverlog,pfile1,,resolvido,0.02,0.0,19844,480,2026-09-25T12:09:51,w3
SATPlan,driverlog,pfile1,,resolvido,0.03,0.0,1920,480,2026-09-25T12:09:51,w3
LPG,driverlog,pfile1,1,resolvido,0.06,0.0,109952,540,2026-09-25T12:09:51,w0
LPG,driverlog,pfile1,2,resolvido,0.06,0.0,109952,540,2026-09-25T12:09:51,w1
LPG,driverlog,pfile1,3,resolvido,0.06,0.0,109952,540,2026-09-25T12:09:51,w2
MaxPlan,driverlog,pfile1,,resolvido,0.03,0.01,6960,780,2026-09-25T12:09:51,w3
FF,driverlog,pfile10,,resolvido,0.01,0.0,4096,480,2026-09-25T12:09:51,w3
Fast Downward,driverlog,pfile1,,resolvido,0.04,0.0,8856,600,2026-09-25T12:09:51,w0
LPG,driverlog,pfile10,1,resolvido,0.07,0.0,110592,540,2026-09-25T12:09:51,w3
LPG,driverlog,pfile10,2,resolvido,0.07,0.01,110592,540,2026-09-25T12:09:51,w0
YAHSP,driverlog,pfile10,,resolvido,0.01,0.0,2688,540,2026-09-25T12:09:51,w0
SGPlan,driverlog,pfile10,,resolvido,0.02,0.0,21544,480,2026-09-25T12:09:51,w0
LPG,driverlog,pfile10,3,resolvido,0.07,0.0,110720,540,2026-09-25T12:09:51,w3
SATPlan,driverlog,pfile10,,resolvido,0.13,0.08,4992,480,2026-09-25T12:09:51,w0
Fast Downward,driverlog,pfile10,,resolvido,0.07,0.0,13184,600,2026-09-25T12:09:51,w0
MaxPlan,driverlog,pfile10,,resolvido,0.82,0.4,10048,780,2026-09-25T12:09:51,w3
IPP,driverlog,pfile11,,resolvido,0.22,0.21,11776,420,2026-09-25T12:09:52,w3
FF,driverlog,pfile11,,resolvido,0.01,0.0,4096,480,2026-09-25T12:09:52,w3
LPG,driverlog,pfile11,1,resolvido,0.07,0.01,110720,540,2026-09-25T12:09:52,w3
LPG,driverlog,pfile11,2,resolvido,0.07,0.01,110720,540,2026-09-25T12:09:52,w3
LPG,driverlog,pfile11,3,resolvido,0.07,0.01,110720,540,2026-09-25T12:09:52,w3
YAHSP,driverlog,pfile11,,resolvido,0.01,0.0,2688,540,2026-09-25T12:09:52,w3
SGPlan,driverlog,pfile11,,resolvido,0.02,0.0,21892,480,2026-09-25T12:09:52,w3
SATPlan,driverlog,pfile11,,resolvido,0.23,0.16,6784,480,2026-09-25T12:09:52,w3
IPP,driverlog,pfile10,,resolvido,1.89,1.87,16896,420,2026-09-25T12:09:51,w2
Fast Downward,driverlog,pfile11,,resolvido,0.08,0.0,11164,600,2026-09-25T12:09:53,w2
MaxPlan,driverlog,pfile11,,resolvido,2.31,1.38,13208,780,2026-09-25T12:09:53,w3
Blackbox,driverlog,pfile10,,resolvido,5.62,5.61,71552,600,2026-09-25T12:09:51,w1
FF,driverlog,pfile12,,resolvido,0.1,0.09,6528,480,2026-09-25T12:09:57,w1
LPG,driverlog,pfile12,1,resolvido,0.23,0.18,116480,540,2026-09-25T12:09:57,w1
LPG,driverlog,pfile12,2,resolvido,0.12,0.06,114560,540,2026-09-25T12:09:57,w1
LPG,driverlog,pfile12,3,resolvido,0.14,0.08,114560,540,2026-09-25T12:09:57,w1
YAHSP,driverlog,pfile12,,resolvido,0.01,0.0,3072,540,2026-09-25T12:09:57,w1
SGPlan,driverlog,pfile12,,resolvido,0.89,0.87,50512,480,2026-09-25T12:09:57,w1
Blackbox,driverlog,pfile11,,resolvido,7.92,7.91,84352,600,2026-09-25T12:09:51,w0
SATPlan,driverlog,pfile12,,resolvido,10.25,9.93,29668,480,2026-09-25T12:09:58,w1
Fast Downward,driverlog,pfile12,,resolvido,0.27,0.17,15616,600,2026-09-25T12:10:08,w1
IPP,driverlog,pfile12,,estourou,420.16,,,420,2026-09-25T12:09:55,w3
IPP,driverlog,pfile13,,resolvido,9.56,9.54,44928,420,2026-09-25T12:16:55,w3
FF,driverlog,pfile13,,resolvido,0.05,0.03,6144,480,2026-09-25T12:17:05,w3
LPG,driverlog,pfile13,1,resolvido,0.11,0.05,112512,540,2026-09-25T12:17:05,w3
LPG,driverlog,pfile13,2,resolvido,0.16,0.11,114304,540,2026-09-25T12:17:05,w3
LPG,driverlog,pfile13,3,resolvido,0.09,0.03,112128,540,2026-09-25T12:17:05,w3
YAHSP,driverlog,pfile13,,resolvido,0.01,0.0,2944,540,2026-09-25T12:17:05,w3
SGPlan,driverlog,pfile13,,resolvido,0.02,0.0,24080,480,2026-09-25T12:17:05,w3
SATPlan,driverlog,pfile13,,resolvido,1.42,1.22,19328,480,2026-09-25T12:17:05,w3
Blackbox,driverlog,pfile12,,estourou,600.13,,,600,2026-09-25T12:09:53,w2
Fast Downward,driverlog,pfile13,,resolvido,0.13,0.01,13468,600,2026-09-25T12:19:53,w2
Blackbox,driverlog,pfile13,,estourou,600.07,,,600,2026-09-25T12:10:09,w1
IPP,driverlog,pfile14,,resolvido,117.75,117.68,214016,420,2026-09-25T12:20:09,w1
FF,driverlog,pfile14,,resolvido,0.06,0.05,6400,480,2026-09-25T12:22:06,w1
LPG,driverlog,pfile14,1,resolvido,0.08,0.01,112000,540,2026-09-25T12:22:06,w1
LPG,driverlog,pfile14,2,resolvido,0.08,0.03,112256,540,2026-09-25T12:22:07,w1
LPG,driverlog,pfile14,3,resolvido,0.11,0.05,112896,540,2026-09-25T12:22:07,w1
YAHSP,driverlog,pfile14,,resolvido,0.01,0.0,2944,540,2026-09-25T12:22:07,w1
SGPlan,driverlog,pfile14,,resolvido,0.22,0.2,53052,480,2026-09-25T12:22:07,w1
SATPlan,driverlog,pfile14,,resolvido,1.13,0.96,17408,480,2026-09-25T12:22:07,w1
MaxPlan,driverlog,pfile12,,estourou,780.13,,,780,2026-09-25T12:09:59,w0
Fast Downward,driverlog,pfile14,,resolvido,0.13,0.01,13720,600,2026-09-25T12:22:59,w0
Blackbox,driverlog,pfile15,,sem-plano,0.11,,85760,600,2026-09-25T12:22:59,w0
Blackbox,driverlog,pfile14,,estourou,600.13,,,600,2026-09-25T12:19:53,w2
FF,driverlog,pfile15,,resolvido,0.02,0.01,7040,480,2026-09-25T12:29:53,w2
LPG,driverlog,pfile15,1,resolvido,0.11,0.05,114304,540,2026-09-25T12:29:53,w2
LPG,driverlog,pfile15,2,resolvido,0.11,0.06,114304,540,2026-09-25T12:29:53,w2
LPG,driverlog,pfile15,3,resolvido,0.11,0.05,114304,540,2026-09-25T12:29:54,w2
YAHSP,driverlog,pfile15,,resolvido,0.01,0.0,3328,540,2026-09-25T12:29:54,w2
SGPlan,driverlog,pfile15,,resolvido,0.03,0.03,29664,480,2026-09-25T12:29:54,w2
IPP,driverlog,pfile15,,estourou,420.26,,,420,2026-09-25T12:23:00,w0
SATPlan,driverlog,pfile15,,resolvido,11.39,10.98,53632,480,2026-09-25T12:29:54,w2
Fast Downward,driverlog,pfile15,,resolvido,0.25,0.02,19484,600,2026-09-25T12:30:05,w2
Blackbox,driverlog,pfile16,,sem-plano,0.13,,98048,600,2026-09-25T12:30:05,w2
MaxPlan,driverlog,pfile13,,estourou,780.0,,,780,2026-09-25T12:17:06,w3
MaxPlan,driverlog,pfile14,,resolvido,542.0,480.56,520556,780,2026-09-25T12:22:08,w1
LPG,driverlog,pfile16,1,resolvido,11.92,11.85,162816,540,2026-09-25T12:31:10,w1
LPG,driverlog,pfile16,2,resolvido,12.27,12.21,163200,540,2026-09-25T12:31:22,w1
LPG,driverlog,pfile16,3,resolvido,35.41,35.3,171520,540,2026-09-25T12:31:34,w1
YAHSP,driverlog,pfile16,,resolvido,0.08,0.07,4736,540,2026-09-25T12:32:10,w1
IPP,driverlog,pfile16,,estourou,420.11,,,420,2026-09-25T12:30:05,w2
FF,driverlog,pfile16,,estourou,480.08,,,480,2026-09-25T12:30:07,w3
SGPlan,driverlog,pfile16,,estourou,480.01,,,480,2026-09-25T12:32:10,w1
Fast Downward,driverlog,pfile16,,resolvido,12.95,12.42,135040,600,2026-09-25T12:40:10,w1
Blackbox,driverlog,pfile17,,sem-plano,0.11,,90624,600,2026-09-25T12:40:23,w1
MaxPlan,driverlog,pfile15,,estourou,780.21,,,780,2026-09-25T12:30:00,w0
SATPlan,driverlog,pfile16,,estourou,480.12,,,480,2026-09-25T12:37:06,w2
LPG,driverlog,pfile17,1,resolvido,0.71,0.65,134656,540,2026-09-25T12:45:06,w2
LPG,driverlog,pfile17,2,resolvido,0.53,0.47,130816,540,2026-09-25T12:45:06,w2
LPG,driverlog,pfile17,3,resolvido,0.32,0.26,126848,540,2026-09-25T12:45:07,w2
YAHSP,driverlog,pfile17,,resolvido,0.03,0.02,4736,540,2026-09-25T12:45:07,w2
SGPlan,driverlog,pfile17,,resolvido,5.34,5.32,283596,480,2026-09-25T12:45:07,w2
IPP,driverlog,pfile17,,estourou,420.16,,,420,2026-09-25T12:40:23,w1
SATPlan,driverlog,pfile17,,resolvido,165.22,162.5,249856,480,2026-09-25T12:45:13,w2
Fast Downward,driverlog,pfile17,,resolvido,0.88,0.33,35220,600,2026-09-25T12:47:58,w2
Blackbox,driverlog,pfile18,,sem-plano,0.09,,75008,600,2026-09-25T12:47:59,w2
FF,driverlog,pfile17,,estourou,480.11,,,480,2026-09-25T12:43:00,w0
MaxPlan,driverlog,pfile16,,estourou,780.16,,,780,2026-09-25T12:38:07,w3
LPG,driverlog,pfile18,1,resolvido,3.65,3.57,155264,540,2026-09-25T12:51:07,w3
LPG,driverlog,pfile18,2,resolvido,1.79,1.72,156160,540,2026-09-25T12:51:10,w3
LPG,driverlog,pfile18,3,resolvido,2.28,2.2,156160,540,2026-09-25T12:51:12,w3
YAHSP,driverlog,pfile18,,resolvido,0.04,0.03,5504,540,2026-09-25T12:51:14,w3
SGPlan,driverlog,pfile18,,resolvido,10.24,10.22,416160,480,2026-09-25T12:51:14,w3
IPP,driverlog,pfile18,,estourou,420.12,,,420,2026-09-25T12:47:59,w2
FF,driverlog,pfile18,,estourou,480.11,,,480,2026-09-25T12:51:00,w0
Fast Downward,driverlog,pfile18,,resolvido,4.36,3.57,45664,600,2026-09-25T12:59:00,w0
Blackbox,driverlog,pfile19,,sem-plano,0.08,,72832,600,2026-09-25T12:59:05,w0
SATPlan,driverlog,pfile18,,estourou,480.12,,,480,2026-09-25T12:51:25,w3
FF,driverlog,pfile19,,resolvido,47.4,47.33,88448,480,2026-09-25T12:59:25,w3
MaxPlan,driverlog,pfile17,,estourou,780.21,,,780,2026-09-25T12:47:23,w1
LPG,driverlog,pfile19,1,resolvido,11.61,11.54,195328,540,2026-09-25T13:00:12,w3
LPG,driverlog,pfile19,3,resolvido,6.58,6.5,174080,540,2026-09-25T13:00:24,w3
YAHSP,driverlog,pfile19,,resolvido,0.04,0.02,6144,540,2026-09-25T13:00:30,w3
LPG,driverlog,pfile19,2,resolvido,13.45,13.37,201088,540,2026-09-25T13:00:23,w1
SATPlan,driverlog,pfile19,,sem-plano,233.3,,559616,480,2026-09-25T13:00:37,w1
IPP,driverlog,pfile19,,estourou,420.13,,,420,2026-09-25T12:59:05,w0
Fast Downward,driverlog,pfile19,,resolvido,6.64,5.72,50300,600,2026-09-25T13:06:05,w0
Blackbox,driverlog,pfile2,,resolvido,0.02,0.02,17920,600,2026-09-25T13:06:11,w0
IPP,driverlog,pfile2,,resolvido,0.01,0.0,4096,420,2026-09-25T13:06:12,w0
FF,driverlog,pfile2,,resolvido,0.0,0.0,3456,480,2026-09-25T13:06:12,w0
LPG,driverlog,pfile2,1,resolvido,0.07,0.0,109952,540,2026-09-25T13:06:12,w0
LPG,driverlog,pfile2,2,resolvido,0.06,0.01,109952,540,2026-09-25T13:06:12,w0
LPG,driverlog,pfile2,3,resolvido,0.06,0.0,110208,540,2026-09-25T13:06:12,w0
YAHSP,driverlog,pfile2,,resolvido,0.0,0.0,2560,540,2026-09-25T13:06:12,w0
SGPlan,driverlog,pfile2,,resolvido,0.02,0.0,19924,480,2026-09-25T13:06:12,w0
SATPlan,driverlog,pfile2,,resolvido,0.06,0.02,1920,480,2026-09-25T13:06:12,w0
MaxPlan,driverlog,pfile2,,resolvido,0.52,0.19,7356,780,2026-09-25T13:06:12,w0
Fast Downward,driverlog,pfile2,,resolvido,0.06,0.02,8984,600,2026-09-25T13:06:12,w0
Blackbox,driverlog,pfile20,,sem-plano,0.11,,89856,600,2026-09-25T13:06:12,w0
MaxPlan,driverlog,pfile18,,estourou,780.23,,,780,2026-09-25T12:54:59,w2
SGPlan,driverlog,pfile19,,estourou,480.1,,,480,2026-09-25T13:00:30,w3
LPG,driverlog,pfile20,1,resolvido,1.84,1.78,178048,540,2026-09-25T13:08:31,w3
LPG,driverlog,pfile20,2,resolvido,1.31,1.25,168576,540,2026-09-25T13:08:32,w3
LPG,driverlog,pfile20,3,resolvido,1.23,1.16,170624,540,2026-09-25T13:08:34,w3
YAHSP,driverlog,pfile20,,resolvido,0.08,0.07,7296,540,2026-09-25T13:08:35,w3
IPP,driverlog,pfile20,,estourou,420.14,,,420,2026-09-25T13:06:12,w0
SATPlan,driverlog,pfile20,,sem-plano,25.89,,528512,480,2026-09-25T13:13:13,w0
FF,driverlog,pfile20,,estourou,480.12,,,480,2026-09-25T13:07:59,w2
Fast Downward,driverlog,pfile20,,resolvido,2.45,0.99,73852,600,2026-09-25T13:15:59,w2
Blackbox,driverlog,pfile3,,resolvido,0.02,0.01,14848,600,2026-09-25T13:16:02,w2
IPP,driverlog,pfile3,,resolvido,0.01,0.0,3456,420,2026-09-25T13:16:02,w2
FF,driverlog,pfile3,,resolvido,0.0,0.0,3200,480,2026-09-25T13:16:02,w2
LPG,driverlog,pfile3,1,resolvido,0.06,0.0,109952,540,2026-09-25T13:16:02,w2
LPG,driverlog,pfile3,2,resolvido,0.06,0.02,110080,540,2026-09-25T13:16:02,w2
LPG,driverlog,pfile3,3,resolvido,0.06,0.01,110080,540,2026-09-25T13:16:02,w2
YAHSP,driverlog,pfile3,,resolvido,0.0,0.0,2560,540,2026-09-25T13:16:02,w2
SGPlan,driverlog,pfile3,,resolvido,0.02,0.0,19952,480,2026-09-25T13:16:02,w2
SATPlan,driverlog,pfile3,,resolvido,0.04,0.01,1920,480,2026-09-25T13:16:02,w2
MaxPlan,driverlog,pfile3,,resolvido,0.06,0.02,7340,780,2026-09-25T13:16:02,w2
Fast Downward,driverlog,pfile3,,resolvido,0.04,0.0,8984,600,2026-09-25T13:16:02,w2
Blackbox,driverlog,pfile4,,resolvido,0.04,0.04,17536,600,2026-09-25T13:16:02,w2
IPP,driverlog,pfile4,,resolvido,0.02,0.01,5632,420,2026-09-25T13:16:02,w2
FF,driverlog,pfile4,,resolvido,0.0,0.0,3456,480,2026-09-25T13:16:02,w2
LPG,driverlog,pfile4,1,resolvido,0.06,0.0,110080,540,2026-09-25T13:16:02,w2
LPG,driverlog,pfile4,2,resolvido,0.06,0.01,110080,540,2026-09-25T13:16:02,w2
LPG,driverlog,pfile4,3,resolvido,0.06,0.01,109952,540,2026-09-25T13:16:02,w2
YAHSP,driverlog,pfile4,,resolvido,0.0,0.0,2560,540,2026-09-25T13:16:02,w2
SGPlan,driverlog,pfile4,,resolvido,0.02,0.0,20048,480,2026-09-25T13:16:02,w2
SATPlan,driverlog,pfile4,,resolvido,0.05,0.02,1920,480,2026-09-25T13:16:02,w2
MaxPlan,driverlog,pfile4,,resolvido,0.19,0.06,7548,780,2026-09-25T13:16:02,w2
Fast Downward,driverlog,pfile4,,resolvido,0.06,0.01,8984,600,2026-09-25T13:16:03,w2
Blackbox,driverlog,pfile5,,resolvido,1.13,1.12,28800,600,2026-09-25T13:16:03,w2
IPP,driverlog,pfile5,,resolvido,0.15,0.13,6272,420,2026-09-25T13:16:04,w2
FF,driverlog,pfile5,,resolvido,0.0,0.0,3712,480,2026-09-25T13:16:04,w2
LPG,driverlog,pfile5,1,resolvido,0.06,0.01,110208,540,2026-09-25T13:16:04,w2
LPG,driverlog,pfile5,2,resolvido,0.06,0.0,110208,540,2026-09-25T13:16:04,w2
LPG,driverlog,pfile5,3,resolvido,0.06,0.01,110208,540,2026-09-25T13:16:04,w2
YAHSP,driverlog,pfile5,,resolvido,0.0,0.0,2560,540,2026-09-25T13:16:04,w2
SGPlan,driverlog,pfile5,,resolvido,0.02,0.0,20116,480,2026-09-25T13:16:04,w2
SATPlan,driverlog,pfile5,,resolvido,0.06,0.02,1920,480,2026-09-25T13:16:04,w2
MaxPlan,driverlog,pfile5,,resolvido,0.23,0.08,7836,780,2026-09-25T13:16:04,w2
Fast Downward,driverlog,pfile5,,resolvido,0.04,0.0,9244,600,2026-09-25T13:16:04,w2
Blackbox,driverlog,pfile6,,resolvido,0.01,0.01,14208,600,2026-09-25T13:16:05,w2
IPP,driverlog,pfile6,,resolvido,0.01,0.0,3968,420,2026-09-25T13:16:05,w2
FF,driverlog,pfile6,,resolvido,0.0,0.0,3840,480,2026-09-25T13:16:05,w2
LPG,driverlog,pfile6,1,resolvido,0.06,0.0,110336,540,2026-09-25T13:16:05,w2
LPG,driverlog,pfile6,2,resolvido,0.07,0.01,110464,540,2026-09-25T13:16:05,w2
LPG,driverlog,pfile6,3,resolvido,0.06,0.0,110208,540,2026-09-25T13:16:05,w2
YAHSP,driverlog,pfile6,,resolvido,0.0,0.0,2560,540,2026-09-25T13:16:05,w2
SGPlan,driverlog,pfile6,,resolvido,0.03,0.01,21480,480,2026-09-25T13:16:05,w2
SATPlan,driverlog,pfile6,,resolvido,0.04,0.01,1920,480,2026-09-25T13:16:05,w2
MaxPlan,driverlog,pfile6,,resolvido,0.03,0.01,7724,780,2026-09-25T13:16:05,w2
Fast Downward,driverlog,pfile6,,resolvido,0.05,0.0,9372,600,2026-09-25T13:16:05,w2
Blackbox,driverlog,pfile7,,resolvido,0.06,0.06,21120,600,2026-09-25T13:16:05,w2
IPP,driverlog,pfile7,,resolvido,0.02,0.01,4992,420,2026-09-25T13:16:05,w2
FF,driverlog,pfile7,,resolvido,0.0,0.0,3584,480,2026-09-25T13:16:05,w2
LPG,driverlog,pfile7,1,resolvido,0.06,0.01,110208,540,2026-09-25T13:16:05,w2
LPG,driverlog,pfile7,2,resolvido,0.06,0.0,110208,540,2026-09-25T13:16:05,w2
LPG,driverlog,pfile7,3,resolvido,0.06,0.0,110208,540,2026-09-25T13:16:05,w2
YAHSP,driverlog,pfile7,,resolvido,0.0,0.0,2432,540,2026-09-25T13:16:05,w2
SGPlan,driverlog,pfile7,,resolvido,0.02,0.0,20528,480,2026-09-25T13:16:05,w2
SATPlan,driverlog,pfile7,,resolvido,0.05,0.03,2304,480,2026-09-25T13:16:05,w2
MaxPlan,driverlog,pfile7,,resolvido,0.05,0.02,8060,780,2026-09-25T13:16:05,w2
Fast Downward,driverlog,pfile7,,resolvido,0.05,0.0,9624,600,2026-09-25T13:16:05,w2
Blackbox,driverlog,pfile8,,resolvido,1.17,1.17,41472,600,2026-09-25T13:16:05,w2
IPP,driverlog,pfile8,,resolvido,0.43,0.41,10112,420,2026-09-25T13:16:07,w2
FF,driverlog,pfile8,,resolvido,0.01,0.0,4096,480,2026-09-25T13:16:07,w2
LPG,driverlog,pfile8,1,resolvido,0.07,0.01,110208,540,2026-09-25T13:16:07,w2
LPG,driverlog,pfile8,2,resolvido,0.07,0.01,110336,540,2026-09-25T13:16:07,w2
LPG,driverlog,pfile8,3,resolvido,0.07,0.01,110336,540,2026-09-25T13:16:07,w2
YAHSP,driverlog,pfile8,,resolvido,0.0,0.0,2688,540,2026-09-25T13:16:07,w2
SGPlan,driverlog,pfile8,,resolvido,0.02,0.0,20584,480,2026-09-25T13:16:07,w2
SATPlan,driverlog,pfile8,,resolvido,0.07,0.03,2560,480,2026-09-25T13:16:07,w2
MaxPlan,driverlog,pfile8,,resolvido,0.2,0.08,8268,780,2026-09-25T13:16:07,w2
Fast Downward,driverlog,pfile8,,resolvido,0.1,0.05,9500,600,2026-09-25T13:16:07,w2
Blackbox,driverlog,pfile9,,resolvido,8.86,8.85,67200,600,2026-09-25T13:16:08,w2
IPP,driverlog,pfile9,,resolvido,1.18,1.16,14336,420,2026-09-25T13:16:16,w2
FF,driverlog,pfile9,,resolvido,0.01,0.0,4224,480,2026-09-25T13:16:18,w2
LPG,driverlog,pfile9,1,resolvido,0.07,0.01,110592,540,2026-09-25T13:16:18,w2
LPG,driverlog,pfile9,2,resolvido,0.07,0.02,110976,540,2026-09-25T13:16:18,w2
LPG,driverlog,pfile9,3,resolvido,0.07,0.01,110464,540,2026-09-25T13:16:18,w2
YAHSP,driverlog,pfile9,,resolvido,0.01,0.0,2688,540,2026-09-25T13:16:18,w2
SGPlan,driverlog,pfile9,,resolvido,0.02,0.02,21044,480,2026-09-25T13:16:18,w2
SATPlan,driverlog,pfile9,,resolvido,0.15,0.09,3968,480,2026-09-25T13:16:18,w2
MaxPlan,driverlog,pfile9,,resolvido,9.26,5.33,17084,780,2026-09-25T13:16:18,w2
Fast Downward,driverlog,pfile9,,resolvido,0.07,0.01,10136,600,2026-09-25T13:16:27,w2
Blackbox,gripper,pfile1.pddl,,resolvido,0.0,0.0,4992,600,2026-09-25T13:16:27,w2
IPP,gripper,pfile1.pddl,,resolvido,0.0,0.0,2304,420,2026-09-25T13:16:27,w2
FF,gripper,pfile1.pddl,,resolvido,0.0,0.0,2944,480,2026-09-25T13:16:27,w2
LPG,gripper,pfile1.pddl,1,resolvido,0.06,0.0,109696,540,2026-09-25T13:16:27,w2
LPG,gripper,pfile1.pddl,2,resolvido,0.06,0.01,109824,540,2026-09-25T13:16:27,w2
LPG,gripper,pfile1.pddl,3,resolvido,0.06,0.0,109824,540,2026-09-25T13:16:27,w2
YAHSP,gripper,pfile1.pddl,,resolvido,0.0,0.0,2432,540,2026-09-25T13:16:28,w2
SGPlan,gripper,pfile1.pddl,,resolvido,0.01,0.0,19728,480,2026-09-25T13:16:28,w2
SATPlan,gripper,pfile1.pddl,,resolvido,0.01,0.0,1920,480,2026-09-25T13:16:28,w2
MaxPlan,gripper,pfile1.pddl,,resolvido,0.02,0.0,6684,780,2026-09-25T13:16:28,w2
Fast Downward,gripper,pfile1.pddl,,resolvido,0.02,0.0,8472,600,2026-09-25T13:16:28,w2
SGPlan,driverlog,pfile20,,estourou,480.1,,,480,2026-09-25T13:08:35,w3
MaxPlan,driverlog,pfile19,,estourou,780.18,,,780,2026-09-25T13:04:30,w1
FF,gripper,pfile10.pddl,,resolvido,0.01,0.0,3712,480,2026-09-25T13:17:30,w1
LPG,gripper,pfile10.pddl,1,resolvido,0.07,0.01,110720,540,2026-09-25T13:17:30,w1
LPG,gripper,pfile10.pddl,2,resolvido,0.07,0.01,110720,540,2026-09-25T13:17:30,w1
LPG,gripper,pfile10.pddl,3,resolvido,0.07,0.01,110720,540,2026-09-25T13:17:30,w1
YAHSP,gripper,pfile10.pddl,,resolvido,0.01,0.0,2688,540,2026-09-25T13:17:30,w1
SGPlan,gripper,pfile10.pddl,,resolvido,0.04,0.02,22140,480,2026-09-25T13:17:30,w1
IPP,gripper,pfile10.pddl,,sem-plano,117.01,,4190336,420,2026-09-25T13:16:35,w3
SATPlan,gripper,pfile10.pddl,,estourou,480.1,,,480,2026-09-25T13:17:30,w1
Fast Downward,gripper,pfile10.pddl,,resolvido,0.05,0.0,9500,600,2026-09-25T13:25:31,w1
Blackbox,gripper,pfile10.pddl,,estourou,600.17,,,600,2026-09-25T13:16:28,w2
MaxPlan,driverlog,pfile20,,estourou,780.25,,,780,2026-09-25T13:13:39,w0
FF,gripper,pfile11.pddl,,resolvido,0.01,0.0,3712,480,2026-09-25T13:26:39,w0
LPG,gripper,pfile11.pddl,1,resolvido,0.07,0.0,110720,540,2026-09-25T13:26:39,w0
LPG,gripper,pfile11.pddl,2,resolvido,0.07,0.01,110592,540,2026-09-25T13:26:39,w0
LPG,gripper,pfile11.pddl,3,resolvido,0.07,0.01,110720,540,2026-09-25T13:26:39,w0
YAHSP,gripper,pfile11.pddl,,resolvido,0.01,0.0,2688,540,2026-09-25T13:26:39,w0
SGPlan,gripper,pfile11.pddl,,resolvido,0.05,0.03,22960,480,2026-09-25T13:26:39,w0
IPP,gripper,pfile11.pddl,,sem-plano,146.1,,4190336,420,2026-09-25T13:26:28,w2
MaxPlan,gripper,pfile10.pddl,,estourou,780.08,,,780,2026-09-25T13:18:32,w3
Fast Downward,gripper,pfile11.pddl,,resolvido,0.05,0.0,9496,600,2026-09-25T13:31:32,w3
SATPlan,gripper,pfile11.pddl,,estourou,480.03,,,480,2026-09-25T13:26:39,w0
Blackbox,gripper,pfile11.pddl,,estourou,600.18,,,600,2026-09-25T13:25:31,w1
FF,gripper,pfile12.pddl,,resolvido,0.01,0.0,3840,480,2026-09-25T13:35:31,w1
LPG,gripper,pfile12.pddl,1,resolvido,0.07,0.01,110976,540,2026-09-25T13:35:31,w1
LPG,gripper,pfile12.pddl,2,resolvido,0.07,0.01,110976,540,2026-09-25T13:35:31,w1
LPG,gripper,pfile12.pddl,3,resolvido,0.07,0.01,110976,540,2026-09-25T13:35:31,w1
YAHSP,gripper,pfile12.pddl,,resolvido,0.01,0.0,2816,540,2026-09-25T13:35:31,w1
SGPlan,gripper,pfile12.pddl,,resolvido,0.06,0.04,23780,480,2026-09-25T13:35:31,w1
IPP,gripper,pfile12.pddl,,sem-plano,193.91,,4190208,420,2026-09-25T13:34:39,w0
Blackbox,gripper,pfile12.pddl,,estourou,600.19,,,600,2026-09-25T13:31:32,w3
Fast Downward,gripper,pfile12.pddl,,resolvido,0.05,0.0,9496,600,2026-09-25T13:41:32,w3
MaxPlan,gripper,pfile11.pddl,,estourou,780.02,,,780,2026-09-25T13:28:54,w2
SATPlan,gripper,pfile12.pddl,,estourou,480.07,,,480,2026-09-25T13:35:31,w1
FF,gripper,pfile13.pddl,,resolvido,0.01,0.0,3968,480,2026-09-25T13:43:31,w1
LPG,gripper,pfile13.pddl,1,resolvido,0.07,0.01,111104,540,2026-09-25T13:43:31,w1
LPG,gripper,pfile13.pddl,2,resolvido,0.07,0.01,110976,540,2026-09-25T13:43:31,w1
LPG,gripper,pfile13.pddl,3,resolvido,0.07,0.01,110976,540,2026-09-25T13:43:31,w1
YAHSP,gripper,pfile13.pddl,,resolvido,0.01,0.0,2816,540,2026-09-25T13:43:31,w1
SGPlan,gripper,pfile13.pddl,,resolvido,0.07,0.06,24992,480,2026-09-25T13:43:31,w1
IPP,gripper,pfile13.pddl,,sem-plano,266.98,,4190336,420,2026-09-25T13:41:54,w2
MaxPlan,gripper,pfile12.pddl,,estourou,780.02,,,780,2026-09-25T13:37:53,w0
Fast Downward,gripper,pfile13.pddl,,resolvido,0.05,0.0,9624,600,2026-09-25T13:50:53,w0
SATPlan,gripper,pfile13.pddl,,estourou,480.11,,,480,2026-09-25T13:43:31,w1
Blackbox,gripper,pfile13.pddl,,estourou,600.18,,,600,2026-09-25T13:41:33,w3
FF,gripper,pfile14.pddl,,resolvido,0.01,0.0,3968,480,2026-09-25T13:51:33,w3
LPG,gripper,pfile14.pddl,1,resolvido,0.07,0.02,111360,540,2026-09-25T13:51:33,w3
LPG,gripper,pfile14.pddl,2,resolvido,0.07,0.01,111360,540,2026-09-25T13:51:33,w3
LPG,gripper,pfile14.pddl,3,resolvido,0.07,0.01,111360,540,2026-09-25T13:51:33,w3
YAHSP,gripper,pfile14.pddl,,resolvido,0.01,0.0,2816,540,2026-09-25T13:51:33,w3
SGPlan,gripper,pfile14.pddl,,resolvido,0.09,0.07,26328,480,2026-09-25T13:51:33,w3
IPP,gripper,pfile14.pddl,,sem-plano,284.68,,4190208,420,2026-09-25T13:51:31,w1
MaxPlan,gripper,pfile13.pddl,,estourou,780.12,,,780,2026-09-25T13:46:21,w2
Fast Downward,gripper,pfile14.pddl,,resolvido,0.06,0.0,9628,600,2026-09-25T13:59:21,w2
SATPlan,gripper,pfile14.pddl,,estourou,480.01,,,480,2026-09-25T13:51:33,w3
Blackbox,gripper,pfile14.pddl,,estourou,600.18,,,600,2026-09-25T13:50:53,w0
FF,gripper,pfile15.pddl,,resolvido,0.01,0.0,4096,480,2026-09-25T14:00:53,w0
LPG,gripper,pfile15.pddl,1,resolvido,0.07,0.02,111360,540,2026-09-25T14:00:53,w0
LPG,gripper,pfile15.pddl,2,resolvido,0.07,0.01,111488,540,2026-09-25T14:00:53,w0
LPG,gripper,pfile15.pddl,3,resolvido,0.07,0.01,111488,540,2026-09-25T14:00:53,w0
YAHSP,gripper,pfile15.pddl,,resolvido,0.01,0.0,3072,540,2026-09-25T14:00:53,w0
SGPlan,gripper,pfile15.pddl,,resolvido,0.11,0.1,27924,480,2026-09-25T14:00:53,w0
IPP,gripper,pfile15.pddl,,sem-plano,304.04,,4190336,420,2026-09-25T13:59:33,w3
SATPlan,gripper,pfile15.pddl,,estourou,480.11,,,480,2026-09-25T14:00:54,w0
Fast Downward,gripper,pfile15.pddl,,resolvido,0.06,0.0,9880,600,2026-09-25T14:08:54,w0
MaxPlan,gripper,pfile14.pddl,,estourou,780.04,,,780,2026-09-25T13:56:16,w1
Blackbox,gripper,pfile15.pddl,,estourou,600.17,,,600,2026-09-25T13:59:21,w2
FF,gripper,pfile16.pddl,,resolvido,0.01,0.0,4224,480,2026-09-25T14:09:21,w2
LPG,gripper,pfile16.pddl,1,resolvido,0.07,0.01,111744,540,2026-09-25T14:09:21,w2
LPG,gripper,pfile16.pddl,2,resolvido,0.07,0.02,111616,540,2026-09-25T14:09:21,w2
LPG,gripper,pfile16.pddl,3,resolvido,0.07,0.01,111744,540,2026-09-25T14:09:21,w2
YAHSP,gripper,pfile16.pddl,,resolvido,0.01,0.0,2944,540,2026-09-25T14:09:21,w2
SGPlan,gripper,pfile16.pddl,,resolvido,0.14,0.12,29768,480,2026-09-25T14:09:21,w2
IPP,gripper,pfile16.pddl,,sem-plano,345.95,,4190336,420,2026-09-25T14:09:16,w1
SATPlan,gripper,pfile16.pddl,,estourou,480.11,,,480,2026-09-25T14:09:22,w2
Fast Downward,gripper,pfile16.pddl,,resolvido,0.07,0.0,10008,600,2026-09-25T14:17:22,w2
MaxPlan,gripper,pfile15.pddl,,estourou,780.09,,,780,2026-09-25T14:04:37,w3
Blackbox,gripper,pfile16.pddl,,estourou,600.16,,,600,2026-09-25T14:08:54,w0
FF,gripper,pfile17.pddl,,resolvido,0.01,0.0,4352,480,2026-09-25T14:18:54,w0
LPG,gripper,pfile17.pddl,1,resolvido,0.08,0.02,111872,540,2026-09-25T14:18:54,w0
LPG,gripper,pfile17.pddl,2,resolvido,0.07,0.01,111872,540,2026-09-25T14:18:54,w0
LPG,gripper,pfile17.pddl,3,resolvido,0.07,0.02,112000,540,2026-09-25T14:18:54,w0
YAHSP,gripper,pfile17.pddl,,resolvido,0.01,0.0,2944,540,2026-09-25T14:18:54,w0
SGPlan,gripper,pfile17.pddl,,resolvido,0.17,0.16,32116,480,2026-09-25T14:18:54,w0
IPP,gripper,pfile17.pddl,,sem-plano,405.87,,4190336,420,2026-09-25T14:17:37,w3
SATPlan,gripper,pfile17.pddl,,estourou,480.11,,,480,2026-09-25T14:18:54,w0
Fast Downward,gripper,pfile17.pddl,,resolvido,0.07,0.0,9884,600,2026-09-25T14:26:54,w0
Blackbox,gripper,pfile17.pddl,,estourou,600.15,,,600,2026-09-25T14:17:22,w2
MaxPlan,gripper,pfile16.pddl,,estourou,780.03,,,780,2026-09-25T14:15:02,w1
FF,gripper,pfile18.pddl,,resolvido,0.01,0.0,4352,480,2026-09-25T14:28:02,w1
LPG,gripper,pfile18.pddl,1,resolvido,0.08,0.02,112256,540,2026-09-25T14:28:02,w1
LPG,gripper,pfile18.pddl,2,resolvido,0.08,0.02,112256,540,2026-09-25T14:28:02,w1
LPG,gripper,pfile18.pddl,3,resolvido,0.08,0.02,112128,540,2026-09-25T14:28:02,w1
YAHSP,gripper,pfile18.pddl,,resolvido,0.01,0.0,3072,540,2026-09-25T14:28:02,w1
SGPlan,gripper,pfile18.pddl,,resolvido,0.2,0.19,34600,480,2026-09-25T14:28:02,w1
IPP,gripper,pfile18.pddl,,estourou,420.34,,,420,2026-09-25T14:27:22,w2
SATPlan,gripper,pfile18.pddl,,estourou,480.1,,,480,2026-09-25T14:28:03,w1
Fast Downward,gripper,pfile18.pddl,,resolvido,0.07,0.0,10140,600,2026-09-25T14:36:03,w1
Blackbox,gripper,pfile18.pddl,,estourou,600.14,,,600,2026-09-25T14:26:54,w0
MaxPlan,gripper,pfile17.pddl,,estourou,780.13,,,780,2026-09-25T14:24:23,w3
FF,gripper,pfile19.pddl,,resolvido,0.01,0.0,4480,480,2026-09-25T14:37:23,w3
LPG,gripper,pfile19.pddl,1,resolvido,0.08,0.01,112512,540,2026-09-25T14:37:23,w3
LPG,gripper,pfile19.pddl,2,resolvido,0.08,0.02,112384,540,2026-09-25T14:37:23,w3
LPG,gripper,pfile19.pddl,3,resolvido,0.08,0.01,112512,540,2026-09-25T14:37:23,w3
YAHSP,gripper,pfile19.pddl,,resolvido,0.01,0.0,3072,540,2026-09-25T14:37:23,w3
SGPlan,gripper,pfile19.pddl,,resolvido,0.25,0.23,37736,480,2026-09-25T14:37:23,w3
IPP,gripper,pfile19.pddl,,estourou,420.32,,,420,2026-09-25T14:36:55,w0
SATPlan,gripper,pfile19.pddl,,estourou,480.11,,,480,2026-09-25T14:37:24,w3
Fast Downward,gripper,pfile19.pddl,,resolvido,0.07,0.0,10268,600,2026-09-25T14:45:24,w3
Blackbox,gripper,pfile2.pddl,,resolvido,0.01,0.01,8960,600,2026-09-25T14:45:24,w3
IPP,gripper,pfile2.pddl,,resolvido,0.0,0.0,2560,420,2026-09-25T14:45:24,w3
FF,gripper,pfile2.pddl,,resolvido,0.0,0.0,2944,480,2026-09-25T14:45:24,w3
LPG,gripper,pfile2.pddl,1,resolvido,0.06,0.0,109824,540,2026-09-25T14:45:24,w3
LPG,gripper,pfile2.pddl,2,resolvido,0.06,0.01,109824,540,2026-09-25T14:45:24,w3
LPG,gripper,pfile2.pddl,3,resolvido,0.06,0.0,109824,540,2026-09-25T14:45:24,w3
YAHSP,gripper,pfile2.pddl,,resolvido,0.0,0.0,2432,540,2026-09-25T14:45:24,w3
SGPlan,gripper,pfile2.pddl,,resolvido,0.01,0.0,19912,480,2026-09-25T14:45:24,w3
SATPlan,gripper,pfile2.pddl,,resolvido,0.03,0.01,1920,480,2026-09-25T14:45:24,w3
MaxPlan,gripper,pfile2.pddl,,resolvido,0.1,0.03,6968,780,2026-09-25T14:45:24,w3
Fast Downward,gripper,pfile2.pddl,,resolvido,0.03,0.0,8600,600,2026-09-25T14:45:24,w3
Blackbox,gripper,pfile19.pddl,,estourou,600.14,,,600,2026-09-25T14:36:03,w1
MaxPlan,gripper,pfile18.pddl,,estourou,780.14,,,780,2026-09-25T14:34:22,w2
FF,gripper,pfile20.pddl,,resolvido,0.01,0.0,4608,480,2026-09-25T14:47:22,w2
LPG,gripper,pfile20.pddl,1,resolvido,0.08,0.03,112640,540,2026-09-25T14:47:22,w2
LPG,gripper,pfile20.pddl,2,resolvido,0.08,0.02,112768,540,2026-09-25T14:47:23,w2
LPG,gripper,pfile20.pddl,3,resolvido,0.08,0.01,112768,540,2026-09-25T14:47:23,w2
YAHSP,gripper,pfile20.pddl,,resolvido,0.01,0.0,3200,540,2026-09-25T14:47:23,w2
SGPlan,gripper,pfile20.pddl,,resolvido,0.29,0.28,41120,480,2026-09-25T14:47:23,w2
IPP,gripper,pfile20.pddl,,estourou,420.29,,,420,2026-09-25T14:46:03,w1
SATPlan,gripper,pfile20.pddl,,estourou,480.11,,,480,2026-09-25T14:47:23,w2
Fast Downward,gripper,pfile20.pddl,,resolvido,0.08,0.0,10624,600,2026-09-25T14:55:23,w2
Blackbox,gripper,pfile3.pddl,,resolvido,0.26,0.25,22272,600,2026-09-25T14:55:23,w2
IPP,gripper,pfile3.pddl,,resolvido,0.02,0.01,4992,420,2026-09-25T14:55:23,w2
FF,gripper,pfile3.pddl,,resolvido,0.0,0.0,3072,480,2026-09-25T14:55:23,w2
LPG,gripper,pfile3.pddl,1,resolvido,0.06,0.01,110080,540,2026-09-25T14:55:23,w2
LPG,gripper,pfile3.pddl,2,resolvido,0.06,0.01,109952,540,2026-09-25T14:55:24,w2
LPG,gripper,pfile3.pddl,3,resolvido,0.06,0.01,109824,540,2026-09-25T14:55:24,w2
YAHSP,gripper,pfile3.pddl,,resolvido,0.0,0.0,2560,540,2026-09-25T14:55:24,w2
SGPlan,gripper,pfile3.pddl,,resolvido,0.02,0.0,19960,480,2026-09-25T14:55:24,w2
SATPlan,gripper,pfile3.pddl,,resolvido,0.25,0.21,2304,480,2026-09-25T14:55:24,w2
Blackbox,gripper,pfile20.pddl,,estourou,600.14,,,600,2026-09-25T14:45:24,w3
Fast Downward,gripper,pfile3.pddl,,resolvido,0.03,0.0,8732,600,2026-09-25T14:55:24,w3
MaxPlan,gripper,pfile3.pddl,,resolvido,15.4,6.14,7400,780,2026-09-25T14:55:24,w2
IPP,gripper,pfile4.pddl,,resolvido,0.17,0.15,23168,420,2026-09-25T14:55:39,w2
FF,gripper,pfile4.pddl,,resolvido,0.0,0.0,3200,480,2026-09-25T14:55:39,w2
LPG,gripper,pfile4.pddl,1,resolvido,0.06,0.0,110080,540,2026-09-25T14:55:39,w2
LPG,gripper,pfile4.pddl,2,resolvido,0.06,0.0,109952,540,2026-09-25T14:55:40,w2
LPG,gripper,pfile4.pddl,3,resolvido,0.06,0.0,109952,540,2026-09-25T14:55:40,w2
YAHSP,gripper,pfile4.pddl,,resolvido,0.0,0.0,2560,540,2026-09-25T14:55:40,w2
SGPlan,gripper,pfile4.pddl,,resolvido,0.02,0.0,20024,480,2026-09-25T14:55:40,w2
Blackbox,gripper,pfile4.pddl,,resolvido,18.54,18.52,208640,600,2026-09-25T14:55:24,w3
SATPlan,gripper,pfile4.pddl,,resolvido,10.98,10.89,13924,480,2026-09-25T14:55:40,w2
Fast Downward,gripper,pfile4.pddl,,resolvido,0.03,0.0,8728,600,2026-09-25T14:55:51,w2
MaxPlan,gripper,pfile19.pddl,,estourou,780.13,,,780,2026-09-25T14:43:55,w0
IPP,gripper,pfile5.pddl,,resolvido,1.57,1.55,135168,420,2026-09-25T14:56:55,w0
FF,gripper,pfile5.pddl,,resolvido,0.0,0.0,3200,480,2026-09-25T14:56:57,w0
LPG,gripper,pfile5.pddl,1,resolvido,0.06,0.01,110208,540,2026-09-25T14:56:57,w0
LPG,gripper,pfile5.pddl,2,resolvido,0.06,0.0,110080,540,2026-09-25T14:56:57,w0
LPG,gripper,pfile5.pddl,3,resolvido,0.06,0.0,109952,540,2026-09-25T14:56:57,w0
YAHSP,gripper,pfile5.pddl,,resolvido,0.0,0.0,2560,540,2026-09-25T14:56:57,w0
SGPlan,gripper,pfile5.pddl,,resolvido,0.02,0.0,20204,480,2026-09-25T14:56:57,w0
SATPlan,gripper,pfile5.pddl,,estourou,480.1,,,480,2026-09-25T14:56:57,w0
Blackbox,gripper,pfile5.pddl,,estourou,600.19,,,600,2026-09-25T14:55:51,w2
Fast Downward,gripper,pfile5.pddl,,resolvido,0.04,0.0,8856,600,2026-09-25T15:05:51,w2
MaxPlan,gripper,pfile20.pddl,,estourou,780.1,,,780,2026-09-25T14:53:03,w1
IPP,gripper,pfile6.pddl,,resolvido,12.27,12.21,758784,420,2026-09-25T15:06:03,w1
FF,gripper,pfile6.pddl,,resolvido,0.0,0.0,3328,480,2026-09-25T15:06:16,w1
LPG,gripper,pfile6.pddl,1,resolvido,0.06,0.01,110080,540,2026-09-25T15:06:16,w1
LPG,gripper,pfile6.pddl,2,resolvido,0.06,0.0,109952,540,2026-09-25T15:06:16,w1
LPG,gripper,pfile6.pddl,3,resolvido,0.06,0.01,110080,540,2026-09-25T15:06:16,w1
YAHSP,gripper,pfile6.pddl,,resolvido,0.0,0.0,2560,540,2026-09-25T15:06:16,w1
SGPlan,gripper,pfile6.pddl,,resolvido,0.02,0.0,20384,480,2026-09-25T15:06:16,w1
MaxPlan,gripper,pfile4.pddl,,estourou,780.0,,,780,2026-09-25T14:55:43,w3
SATPlan,gripper,pfile6.pddl,,estourou,480.1,,,480,2026-09-25T15:06:16,w1
Fast Downward,gripper,pfile6.pddl,,resolvido,0.04,0.0,8856,600,2026-09-25T15:14:16,w1
Blackbox,gripper,pfile6.pddl,,estourou,600.19,,,600,2026-09-25T15:05:51,w2
IPP,gripper,pfile7.pddl,,resolvido,85.04,84.77,4043904,420,2026-09-25T15:15:51,w2
FF,gripper,pfile7.pddl,,resolvido,0.0,0.0,3328,480,2026-09-25T15:17:16,w2
LPG,gripper,pfile7.pddl,1,resolvido,0.06,0.01,110208,540,2026-09-25T15:17:16,w2
LPG,gripper,pfile7.pddl,2,resolvido,0.06,0.01,110208,540,2026-09-25T15:17:16,w2
LPG,gripper,pfile7.pddl,3,resolvido,0.06,0.0,110208,540,2026-09-25T15:17:16,w2
YAHSP,gripper,pfile7.pddl,,resolvido,0.0,0.0,2688,540,2026-09-25T15:17:16,w2
SGPlan,gripper,pfile7.pddl,,resolvido,0.02,0.01,20704,480,2026-09-25T15:17:16,w2
MaxPlan,gripper,pfile5.pddl,,estourou,780.11,,,780,2026-09-25T15:04:57,w0
MaxPlan,gripper,pfile6.pddl,,estourou,780.01,,,780,2026-09-25T15:08:43,w3
Fast Downward,gripper,pfile7.pddl,,resolvido,0.04,0.0,8988,600,2026-09-25T15:21:43,w3
Blackbox,gripper,pfile7.pddl,,estourou,600.19,,,600,2026-09-25T15:14:16,w1
SATPlan,gripper,pfile7.pddl,,estourou,480.1,,,480,2026-09-25T15:17:16,w2
FF,gripper,pfile8.pddl,,resolvido,0.01,0.0,3456,480,2026-09-25T15:25:16,w2
LPG,gripper,pfile8.pddl,1,resolvido,0.06,0.0,110336,540,2026-09-25T15:25:16,w2
LPG,gripper,pfile8.pddl,2,resolvido,0.06,0.0,110464,540,2026-09-25T15:25:17,w2
LPG,gripper,pfile8.pddl,3,resolvido,0.06,0.0,110592,540,2026-09-25T15:25:17,w2
YAHSP,gripper,pfile8.pddl,,resolvido,0.0,0.0,2688,540,2026-09-25T15:25:17,w2
SGPlan,gripper,pfile8.pddl,,resolvido,0.03,0.01,21036,480,2026-09-25T15:25:17,w2
IPP,gripper,pfile8.pddl,,sem-plano,89.74,,4190336,420,2026-09-25T15:24:16,w1
MaxPlan,gripper,pfile7.pddl,,estourou,780.11,,,780,2026-09-25T15:17:57,w0
Fast Downward,gripper,pfile8.pddl,,resolvido,0.04,0.0,9112,600,2026-09-25T15:30:57,w0
Blackbox,gripper,pfile8.pddl,,estourou,600.19,,,600,2026-09-25T15:21:43,w3
SATPlan,gripper,pfile8.pddl,,estourou,480.1,,,480,2026-09-25T15:25:17,w2
FF,gripper,pfile9.pddl,,resolvido,0.0,0.0,3584,480,2026-09-25T15:33:17,w2
LPG,gripper,pfile9.pddl,1,resolvido,0.06,0.01,110464,540,2026-09-25T15:33:17,w2
LPG,gripper,pfile9.pddl,2,resolvido,0.06,0.01,110592,540,2026-09-25T15:33:17,w2
LPG,gripper,pfile9.pddl,3,resolvido,0.07,0.01,110592,540,2026-09-25T15:33:17,w2
YAHSP,gripper,pfile9.pddl,,resolvido,0.01,0.0,2688,540,2026-09-25T15:33:17,w2
SGPlan,gripper,pfile9.pddl,,resolvido,0.03,0.01,21564,480,2026-09-25T15:33:17,w2
IPP,gripper,pfile9.pddl,,sem-plano,111.3,,4190464,420,2026-09-25T15:31:43,w3
MaxPlan,gripper,pfile8.pddl,,estourou,780.1,,,780,2026-09-25T15:25:46,w1
Fast Downward,gripper,pfile9.pddl,,resolvido,0.04,0.0,9244,600,2026-09-25T15:38:46,w1
Blackbox,sattelite,P01_PFILE1.PDDL,,resolvido,0.01,0.01,9600,600,2026-09-25T15:38:46,w1
IPP,sattelite,P01_PFILE1.PDDL,,resolvido,0.0,0.0,2560,420,2026-09-25T15:38:46,w1
FF,sattelite,P01_PFILE1.PDDL,,resolvido,0.0,0.0,2816,480,2026-09-25T15:38:46,w1
LPG,sattelite,P01_PFILE1.PDDL,1,resolvido,0.06,0.0,109824,540,2026-09-25T15:38:46,w1
LPG,sattelite,P01_PFILE1.PDDL,2,resolvido,0.06,0.01,109952,540,2026-09-25T15:38:46,w1
LPG,sattelite,P01_PFILE1.PDDL,3,resolvido,0.06,0.0,109952,540,2026-09-25T15:38:46,w1
YAHSP,sattelite,P01_PFILE1.PDDL,,resolvido,0.0,0.0,2560,540,2026-09-25T15:38:46,w1
SGPlan,sattelite,P01_PFILE1.PDDL,,resolvido,0.01,0.0,19744,480,2026-09-25T15:38:46,w1
SATPlan,sattelite,P01_PFILE1.PDDL,,resolvido,0.04,0.01,1920,480,2026-09-25T15:38:46,w1
MaxPlan,sattelite,P01_PFILE1.PDDL,,resolvido,0.89,0.36,7332,780,2026-09-25T15:38:46,w1
Fast Downward,sattelite,P01_PFILE1.PDDL,,resolvido,0.03,0.0,8600,600,2026-09-25T15:38:47,w1
Blackbox,sattelite,P02_PFILE2.PDDL,,resolvido,0.03,0.03,23040,600,2026-09-25T15:38:47,w1
IPP,sattelite,P02_PFILE2.PDDL,,resolvido,0.01,0.0,3968,420,2026-09-25T15:38:47,w1
FF,sattelite,P02_PFILE2.PDDL,,resolvido,0.0,0.0,3200,480,2026-09-25T15:38:47,w1
LPG,sattelite,P02_PFILE2.PDDL,1,resolvido,0.06,0.0,109824,540,2026-09-25T15:38:47,w1
LPG,sattelite,P02_PFILE2.PDDL,2,resolvido,0.06,0.01,109952,540,2026-09-25T15:38:47,w1
LPG,sattelite,P02_PFILE2.PDDL,3,resolvido,0.06,0.01,109824,540,2026-09-25T15:38:47,w1
YAHSP,sattelite,P02_PFILE2.PDDL,,resolvido,0.0,0.0,2432,540,2026-09-25T15:38:47,w1
SGPlan,sattelite,P02_PFILE2.PDDL,,resolvido,0.02,0.01,19908,480,2026-09-25T15:38:47,w1
SATPlan,sattelite,P02_PFILE2.PDDL,,resolvido,0.13,0.07,2176,480,2026-09-25T15:38:47,w1
Blackbox,gripper,pfile9.pddl,,estourou,600.18,,,600,2026-09-25T15:30:57,w0
Fast Downward,sattelite,P02_PFILE2.PDDL,,resolvido,0.04,0.0,8988,600,2026-09-25T15:40:57,w0
Blackbox,sattelite,P03_PFILE3.PDDL,,resolvido,0.02,0.02,18048,600,2026-09-25T15:40:57,w0
IPP,sattelite,P03_PFILE3.PDDL,,resolvido,0.01,0.0,3712,420,2026-09-25T15:40:57,w0
FF,sattelite,P03_PFILE3.PDDL,,resolvido,0.0,0.0,3200,480,2026-09-25T15:40:57,w0
LPG,sattelite,P03_PFILE3.PDDL,1,resolvido,0.06,0.01,109952,540,2026-09-25T15:40:57,w0
LPG,sattelite,P03_PFILE3.PDDL,2,resolvido,0.06,0.0,109952,540,2026-09-25T15:40:58,w0
LPG,sattelite,P03_PFILE3.PDDL,3,resolvido,0.06,0.01,110080,540,2026-09-25T15:40:58,w0
YAHSP,sattelite,P03_PFILE3.PDDL,,resolvido,0.0,0.0,2560,540,2026-09-25T15:40:58,w0
SGPlan,sattelite,P03_PFILE3.PDDL,,resolvido,0.02,0.0,20228,480,2026-09-25T15:40:58,w0
SATPlan,sattelite,P03_PFILE3.PDDL,,resolvido,0.05,0.02,2048,480,2026-09-25T15:40:58,w0
MaxPlan,sattelite,P03_PFILE3.PDDL,,resolvido,1.14,0.59,8180,780,2026-09-25T15:40:58,w0
Fast Downward,sattelite,P03_PFILE3.PDDL,,resolvido,0.04,0.0,9240,600,2026-09-25T15:40:59,w0
Blackbox,sattelite,P04_PFILE4.PDDL,,resolvido,2.34,2.33,46208,600,2026-09-25T15:40:59,w0
IPP,sattelite,P04_PFILE4.PDDL,,resolvido,0.83,0.82,19200,420,2026-09-25T15:41:01,w0
FF,sattelite,P04_PFILE4.PDDL,,resolvido,0.0,0.0,3456,480,2026-09-25T15:41:02,w0
LPG,sattelite,P04_PFILE4.PDDL,1,resolvido,0.06,0.0,110208,540,2026-09-25T15:41:02,w0
LPG,sattelite,P04_PFILE4.PDDL,2,resolvido,0.06,0.0,110208,540,2026-09-25T15:41:02,w0
LPG,sattelite,P04_PFILE4.PDDL,3,resolvido,0.06,0.0,110208,540,2026-09-25T15:41:02,w0
YAHSP,sattelite,P04_PFILE4.PDDL,,resolvido,0.0,0.0,2688,540,2026-09-25T15:41:02,w0
SGPlan,sattelite,P04_PFILE4.PDDL,,resolvido,0.02,0.0,20600,480,2026-09-25T15:41:02,w0
SATPlan,sattelite,P04_PFILE4.PDDL,,resolvido,0.16,0.09,3456,480,2026-09-25T15:41:02,w0
SATPlan,gripper,pfile9.pddl,,estourou,480.1,,,480,2026-09-25T15:33:17,w2
Fast Downward,sattelite,P04_PFILE4.PDDL,,resolvido,0.04,0.0,9372,600,2026-09-25T15:41:17,w2
MaxPlan,sattelite,P04_PFILE4.PDDL,,resolvido,29.18,19.63,23208,780,2026-09-25T15:41:02,w0
IPP,sattelite,P05_PFILE5.PDDL,,resolvido,14.43,14.41,21632,420,2026-09-25T15:41:32,w0
FF,sattelite,P05_PFILE5.PDDL,,resolvido,0.0,0.0,3712,480,2026-09-25T15:41:46,w0
LPG,sattelite,P05_PFILE5.PDDL,1,resolvido,0.06,0.0,110464,540,2026-09-25T15:41:46,w0
LPG,sattelite,P05_PFILE5.PDDL,2,resolvido,0.06,0.01,110208,540,2026-09-25T15:41:46,w0
LPG,sattelite,P05_PFILE5.PDDL,3,resolvido,0.06,0.01,110336,540,2026-09-25T15:41:46,w0
YAHSP,sattelite,P05_PFILE5.PDDL,,resolvido,0.01,0.0,2688,540,2026-09-25T15:41:46,w0
SGPlan,sattelite,P05_PFILE5.PDDL,,resolvido,0.02,0.02,21540,480,2026-09-25T15:41:46,w0
SATPlan,sattelite,P05_PFILE5.PDDL,,resolvido,0.17,0.11,4992,480,2026-09-25T15:41:46,w0
Blackbox,sattelite,P05_PFILE5.PDDL,,resolvido,119.16,119.0,145920,600,2026-09-25T15:41:17,w2
Fast Downward,sattelite,P05_PFILE5.PDDL,,resolvido,0.06,0.0,10648,600,2026-09-25T15:43:16,w2
Blackbox,sattelite,P06_PFILE6.PDDL,,resolvido,30.69,30.68,57216,600,2026-09-25T15:43:16,w2
IPP,sattelite,P06_PFILE6.PDDL,,resolvido,9.41,9.4,7552,420,2026-09-25T15:43:47,w2
FF,sattelite,P06_PFILE6.PDDL,,resolvido,0.01,0.0,3840,480,2026-09-25T15:43:57,w2
LPG,sattelite,P06_PFILE6.PDDL,1,resolvido,0.07,0.01,110464,540,2026-09-25T15:43:57,w2
LPG,sattelite,P06_PFILE6.PDDL,2,resolvido,0.06,0.01,110336,540,2026-09-25T15:43:57,w2
LPG,sattelite,P06_PFILE6.PDDL,3,resolvido,0.06,0.01,110464,540,2026-09-25T15:43:57,w2
YAHSP,sattelite,P06_PFILE6.PDDL,,resolvido,0.0,0.0,2816,540,2026-09-25T15:43:57,w2
SGPlan,sattelite,P06_PFILE6.PDDL,,resolvido,0.02,0.0,21420,480,2026-09-25T15:43:57,w2
SATPlan,sattelite,P06_PFILE6.PDDL,,resolvido,0.2,0.12,5120,480,2026-09-25T15:43:57,w2
MaxPlan,sattelite,P06_PFILE6.PDDL,,resolvido,4.55,2.94,21136,780,2026-09-25T15:43:57,w2
Fast Downward,sattelite,P06_PFILE6.PDDL,,resolvido,0.06,0.0,10396,600,2026-09-25T15:44:02,w2
MaxPlan,gripper,pfile9.pddl,,estourou,780.05,,,780,2026-09-25T15:33:35,w3
Blackbox,sattelite,P07_PFILE7.PDDL,,resolvido,214.02,214.0,255744,600,2026-09-25T15:44:02,w2
FF,sattelite,P07_PFILE7.PDDL,,resolvido,0.01,0.0,4096,480,2026-09-25T15:47:36,w2
LPG,sattelite,P07_PFILE7.PDDL,1,resolvido,0.07,0.01,110848,540,2026-09-25T15:47:36,w2
LPG,sattelite,P07_PFILE7.PDDL,2,resolvido,0.07,0.01,110720,540,2026-09-25T15:47:36,w2
LPG,sattelite,P07_PFILE7.PDDL,3,resolvido,0.07,0.0,110592,540,2026-09-25T15:47:36,w2
YAHSP,sattelite,P07_PFILE7.PDDL,,resolvido,0.01,0.0,2816,540,2026-09-25T15:47:36,w2
SGPlan,sattelite,P07_PFILE7.PDDL,,resolvido,0.03,0.01,22592,480,2026-09-25T15:47:36,w2
SATPlan,sattelite,P07_PFILE7.PDDL,,resolvido,0.22,0.14,7424,480,2026-09-25T15:47:36,w2
MaxPlan,sattelite,P07_PFILE7.PDDL,,resolvido,69.69,52.25,68308,780,2026-09-25T15:47:36,w2
Fast Downward,sattelite,P07_PFILE7.PDDL,,resolvido,0.07,0.0,11672,600,2026-09-25T15:48:46,w2
IPP,sattelite,P07_PFILE7.PDDL,,resolvido,149.58,149.52,47616,420,2026-09-25T15:46:35,w3
MaxPlan,sattelite,P02_PFILE2.PDDL,,resolvido,777.28,553.78,37892,780,2026-09-25T15:38:48,w1
FF,sattelite,P08_PFILE8.PDDL,,resolvido,0.01,0.0,4480,480,2026-09-25T15:51:45,w1
LPG,sattelite,P08_PFILE8.PDDL,1,resolvido,0.07,0.01,111232,540,2026-09-25T15:51:45,w1
LPG,sattelite,P08_PFILE8.PDDL,2,resolvido,0.07,0.01,111104,540,2026-09-25T15:51:45,w1
LPG,sattelite,P08_PFILE8.PDDL,3,resolvido,0.07,0.01,111104,540,2026-09-25T15:51:45,w1
YAHSP,sattelite,P08_PFILE8.PDDL,,resolvido,0.01,0.0,2944,540,2026-09-25T15:51:45,w1
SGPlan,sattelite,P08_PFILE8.PDDL,,resolvido,0.03,0.02,24172,480,2026-09-25T15:51:45,w1
SATPlan,sattelite,P08_PFILE8.PDDL,,resolvido,14.67,14.5,25712,480,2026-09-25T15:51:45,w1
MaxPlan,sattelite,P05_PFILE5.PDDL,,estourou,780.04,,,780,2026-09-25T15:41:47,w0
Fast Downward,sattelite,P08_PFILE8.PDDL,,resolvido,0.1,0.0,13208,600,2026-09-25T15:54:47,w0
IPP,sattelite,P08_PFILE8.PDDL,,estourou,420.14,,,420,2026-09-25T15:49:04,w3
Blackbox,sattelite,P08_PFILE8.PDDL,,estourou,600.14,,,600,2026-09-25T15:48:46,w2
FF,sattelite,P09_PFILE9.PDDL,,resolvido,0.01,0.0,4992,480,2026-09-25T15:58:46,w2
LPG,sattelite,P09_PFILE9.PDDL,1,resolvido,0.07,0.01,111488,540,2026-09-25T15:58:46,w2
LPG,sattelite,P09_PFILE9.PDDL,2,resolvido,0.07,0.01,111616,540,2026-09-25T15:58:46,w2
LPG,sattelite,P09_PFILE9.PDDL,3,resolvido,0.07,0.0,111488,540,2026-09-25T15:58:46,w2
YAHSP,sattelite,P09_PFILE9.PDDL,,resolvido,0.02,0.01,3200,540,2026-09-25T15:58:46,w2
SGPlan,sattelite,P09_PFILE9.PDDL,,resolvido,0.04,0.02,25424,480,2026-09-25T15:58:46,w2
SATPlan,sattelite,P09_PFILE9.PDDL,,resolvido,0.7,0.58,17024,480,2026-09-25T15:58:46,w2
MaxPlan,sattelite,P09_PFILE9.PDDL,,resolvido,205.93,175.51,278568,780,2026-09-25T15:58:47,w2
Fast Downward,sattelite,P09_PFILE9.PDDL,,resolvido,0.11,0.0,14488,600,2026-09-25T16:02:13,w2
IPP,sattelite,P09_PFILE9.PDDL,,estourou,420.1,,,420,2026-09-25T15:56:04,w3
Blackbox,sattelite,P09_PFILE9.PDDL,,estourou,600.11,,,600,2026-09-25T15:54:47,w0
FF,sattelite,P10_PFILE10.PDDL,,resolvido,0.01,0.0,5376,480,2026-09-25T16:04:47,w0
LPG,sattelite,P10_PFILE10.PDDL,1,resolvido,0.07,0.01,111872,540,2026-09-25T16:04:47,w0
LPG,sattelite,P10_PFILE10.PDDL,2,resolvido,0.07,0.02,112000,540,2026-09-25T16:04:47,w0
LPG,sattelite,P10_PFILE10.PDDL,3,resolvido,0.07,0.02,112000,540,2026-09-25T16:04:47,w0
YAHSP,sattelite,P10_PFILE10.PDDL,,resolvido,0.01,0.0,3072,540,2026-09-25T16:04:47,w0
SGPlan,sattelite,P10_PFILE10.PDDL,,resolvido,0.04,0.02,26608,480,2026-09-25T16:04:47,w0
SATPlan,sattelite,P10_PFILE10.PDDL,,resolvido,5.42,5.16,26752,480,2026-09-25T16:04:47,w0
MaxPlan,sattelite,P08_PFILE8.PDDL,,estourou,780.12,,,780,2026-09-25T15:52:00,w1
Fast Downward,sattelite,P10_PFILE10.PDDL,,resolvido,0.13,0.01,15644,600,2026-09-25T16:05:00,w1
Blackbox,sattelite,P11_PFILE11.PDDL,,sem-plano,0.02,,25856,600,2026-09-25T16:05:00,w1
IPP,sattelite,P10_PFILE10.PDDL,,estourou,420.11,,,420,2026-09-25T16:03:04,w3
FF,sattelite,P11_PFILE11.PDDL,,resolvido,0.01,0.0,5760,480,2026-09-25T16:10:05,w3
LPG,sattelite,P11_PFILE11.PDDL,1,resolvido,0.08,0.02,112640,540,2026-09-25T16:10:05,w3
LPG,sattelite,P11_PFILE11.PDDL,2,resolvido,0.08,0.01,112640,540,2026-09-25T16:10:05,w3
LPG,sattelite,P11_PFILE11.PDDL,3,resolvido,0.08,0.02,112768,540,2026-09-25T16:10:05,w3
YAHSP,sattelite,P11_PFILE11.PDDL,,resolvido,0.28,0.27,7552,540,2026-09-25T16:10:05,w3
SGPlan,sattelite,P11_PFILE11.PDDL,,resolvido,0.05,0.03,28572,480,2026-09-25T16:10:05,w3
SATPlan,sattelite,P11_PFILE11.PDDL,,resolvido,2.82,2.47,39808,480,2026-09-25T16:10:05,w3
IPP,sattelite,P11_PFILE11.PDDL,,estourou,420.1,,,420,2026-09-25T16:05:00,w1
Fast Downward,sattelite,P11_PFILE11.PDDL,,resolvido,0.17,0.01,22400,600,2026-09-25T16:12:00,w1
Blackbox,sattelite,P12_PFILE12.PDDL,,sem-plano,0.03,,36096,600,2026-09-25T16:12:00,w1
Blackbox,sattelite,P10_PFILE10.PDDL,,estourou,600.11,,,600,2026-09-25T16:02:13,w2
FF,sattelite,P12_PFILE12.PDDL,,resolvido,0.02,0.01,6784,480,2026-09-25T16:12:13,w2
LPG,sattelite,P12_PFILE12.PDDL,1,resolvido,0.09,0.04,114432,540,2026-09-25T16:12:13,w2
LPG,sattelite,P12_PFILE12.PDDL,2,resolvido,0.09,0.03,114560,540,2026-09-25T16:12:13,w2
LPG,sattelite,P12_PFILE12.PDDL,3,resolvido,0.09,0.04,114432,540,2026-09-25T16:12:13,w2
YAHSP,sattelite,P12_PFILE12.PDDL,,resolvido,0.01,0.0,3456,540,2026-09-25T16:12:13,w2
SGPlan,sattelite,P12_PFILE12.PDDL,,resolvido,0.07,0.05,33476,480,2026-09-25T16:12:13,w2
SATPlan,sattelite,P12_PFILE12.PDDL,,resolvido,87.94,86.12,116352,480,2026-09-25T16:12:13,w2
MaxPlan,sattelite,P10_PFILE10.PDDL,,estourou,780.14,,,780,2026-09-25T16:04:52,w0
Fast Downward,sattelite,P12_PFILE12.PDDL,,resolvido,0.23,0.02,21912,600,2026-09-25T16:17:53,w0
Blackbox,sattelite,P13_PFILE13.PDDL,,sem-plano,0.04,,47872,600,2026-09-25T16:17:53,w0
IPP,sattelite,P12_PFILE12.PDDL,,estourou,420.1,,,420,2026-09-25T16:12:00,w1
FF,sattelite,P13_PFILE13.PDDL,,resolvido,0.04,0.03,7808,480,2026-09-25T16:19:00,w1
LPG,sattelite,P13_PFILE13.PDDL,1,resolvido,0.11,0.05,116864,540,2026-09-25T16:19:01,w1
LPG,sattelite,P13_PFILE13.PDDL,2,resolvido,0.11,0.06,117120,540,2026-09-25T16:19:01,w1
LPG,sattelite,P13_PFILE13.PDDL,3,resolvido,0.11,0.05,116736,540,2026-09-25T16:19:01,w1
YAHSP,sattelite,P13_PFILE13.PDDL,,resolvido,0.02,0.01,4224,540,2026-09-25T16:19:01,w1
SGPlan,sattelite,P13_PFILE13.PDDL,,resolvido,0.1,0.09,38800,480,2026-09-25T16:19:01,w1
SATPlan,sattelite,P13_PFILE13.PDDL,,resolvido,58.86,56.14,190080,480,2026-09-25T16:19:01,w1
MaxPlan,sattelite,P11_PFILE11.PDDL,,estourou,780.16,,,780,2026-09-25T16:10:08,w3
Fast Downward,sattelite,P13_PFILE13.PDDL,,resolvido,0.35,0.04,63744,600,2026-09-25T16:23:08,w3
Blackbox,sattelite,P14_PFILE14.PDDL,,sem-plano,0.03,,42624,600,2026-09-25T16:23:08,w3
IPP,sattelite,P13_PFILE13.PDDL,,estourou,420.11,,,420,2026-09-25T16:17:53,w0
FF,sattelite,P14_PFILE14.PDDL,,resolvido,0.02,0.0,7296,480,2026-09-25T16:24:53,w0
LPG,sattelite,P14_PFILE14.PDDL,1,resolvido,0.1,0.04,115584,540,2026-09-25T16:24:53,w0
LPG,sattelite,P14_PFILE14.PDDL,2,resolvido,0.1,0.04,115840,540,2026-09-25T16:24:53,w0
LPG,sattelite,P14_PFILE14.PDDL,3,resolvido,0.1,0.04,115712,540,2026-09-25T16:24:53,w0
YAHSP,sattelite,P14_PFILE14.PDDL,,resolvido,0.01,0.0,3840,540,2026-09-25T16:24:53,w0
SGPlan,sattelite,P14_PFILE14.PDDL,,resolvido,0.07,0.05,36424,480,2026-09-25T16:24:53,w0
SATPlan,sattelite,P14_PFILE14.PDDL,,resolvido,15.16,14.33,100992,480,2026-09-25T16:24:53,w0
MaxPlan,sattelite,P12_PFILE12.PDDL,,estourou,780.18,,,780,2026-09-25T16:13:41,w2
Fast Downward,sattelite,P14_PFILE14.PDDL,,resolvido,0.28,0.02,25140,600,2026-09-25T16:26:42,w2
Blackbox,sattelite,P15_PFILE15.PDDL,,sem-plano,0.04,,55424,600,2026-09-25T16:26:42,w2
IPP,sattelite,P14_PFILE14.PDDL,,estourou,420.11,,,420,2026-09-25T16:23:08,w3
FF,sattelite,P15_PFILE15.PDDL,,resolvido,0.03,0.02,8576,480,2026-09-25T16:30:09,w3
LPG,sattelite,P15_PFILE15.PDDL,1,resolvido,0.11,0.04,118016,540,2026-09-25T16:30:09,w3
LPG,sattelite,P15_PFILE15.PDDL,2,resolvido,0.11,0.05,118016,540,2026-09-25T16:30:09,w3
LPG,sattelite,P15_PFILE15.PDDL,3,resolvido,0.11,0.05,117760,540,2026-09-25T16:30:09,w3
YAHSP,sattelite,P15_PFILE15.PDDL,,resolvido,1.17,1.15,21504,540,2026-09-25T16:30:09,w3
SGPlan,sattelite,P15_PFILE15.PDDL,,resolvido,0.1,0.08,41592,480,2026-09-25T16:30:10,w3
SATPlan,sattelite,P15_PFILE15.PDDL,,resolvido,23.14,22.03,139264,480,2026-09-25T16:30:10,w3
MaxPlan,sattelite,P13_PFILE13.PDDL,,estourou,780.17,,,780,2026-09-25T16:20:00,w1
Fast Downward,sattelite,P15_PFILE15.PDDL,,resolvido,0.37,0.03,29704,600,2026-09-25T16:33:00,w1
Blackbox,sattelite,P16_PFILE16.PDDL,,sem-plano,0.06,,68480,600,2026-09-25T16:33:00,w1
IPP,sattelite,P15_PFILE15.PDDL,,estourou,420.11,,,420,2026-09-25T16:26:42,w2
FF,sattelite,P16_PFILE16.PDDL,,resolvido,0.04,0.03,9728,480,2026-09-25T16:33:42,w2
LPG,sattelite,P16_PFILE16.PDDL,1,resolvido,0.12,0.06,120576,540,2026-09-25T16:33:42,w2
LPG,sattelite,P16_PFILE16.PDDL,2,resolvido,0.12,0.07,120832,540,2026-09-25T16:33:42,w2
LPG,sattelite,P16_PFILE16.PDDL,3,resolvido,0.12,0.06,120832,540,2026-09-25T16:33:42,w2
YAHSP,sattelite,P16_PFILE16.PDDL,,resolvido,0.02,0.01,4480,540,2026-09-25T16:33:42,w2
SGPlan,sattelite,P16_PFILE16.PDDL,,resolvido,0.12,0.1,47780,480,2026-09-25T16:33:42,w2
MaxPlan,sattelite,P14_PFILE14.PDDL,,estourou,780.22,,,780,2026-09-25T16:25:09,w0
IPP,sattelite,P16_PFILE16.PDDL,,estourou,420.11,,,420,2026-09-25T16:33:00,w1
Fast Downward,sattelite,P16_PFILE16.PDDL,,resolvido,0.48,0.04,36032,600,2026-09-25T16:40:01,w1
Blackbox,sattelite,P17_PFILE17.PDDL,,sem-plano,0.07,,80256,600,2026-09-25T16:40:01,w1
SATPlan,sattelite,P16_PFILE16.PDDL,,estourou,480.11,,,480,2026-09-25T16:33:43,w2
FF,sattelite,P17_PFILE17.PDDL,,resolvido,0.04,0.03,10752,480,2026-09-25T16:41:43,w2
LPG,sattelite,P17_PFILE17.PDDL,1,resolvido,0.13,0.07,122752,540,2026-09-25T16:41:43,w2
LPG,sattelite,P17_PFILE17.PDDL,2,resolvido,0.13,0.07,123008,540,2026-09-25T16:41:43,w2
LPG,sattelite,P17_PFILE17.PDDL,3,resolvido,0.12,0.07,122624,540,2026-09-25T16:41:43,w2
YAHSP,sattelite,P17_PFILE17.PDDL,,resolvido,0.02,0.01,4608,540,2026-09-25T16:41:43,w2
SGPlan,sattelite,P17_PFILE17.PDDL,,resolvido,0.12,0.11,52304,480,2026-09-25T16:41:43,w2
SATPlan,sattelite,P17_PFILE17.PDDL,,resolvido,30.97,29.89,188416,480,2026-09-25T16:41:43,w2
MaxPlan,sattelite,P15_PFILE15.PDDL,,estourou,780.15,,,780,2026-09-25T16:30:33,w3
Fast Downward,sattelite,P17_PFILE17.PDDL,,resolvido,0.53,0.04,39880,600,2026-09-25T16:43:33,w3
Blackbox,sattelite,P18_PFILE18.PDDL,,sem-plano,0.03,,36480,600,2026-09-25T16:43:34,w3
IPP,sattelite,P17_PFILE17.PDDL,,estourou,420.11,,,420,2026-09-25T16:40:01,w1
FF,sattelite,P18_PFILE18.PDDL,,resolvido,0.01,0.0,6912,480,2026-09-25T16:47:01,w1
LPG,sattelite,P18_PFILE18.PDDL,1,resolvido,0.09,0.04,114432,540,2026-09-25T16:47:01,w1
LPG,sattelite,P18_PFILE18.PDDL,2,resolvido,0.09,0.03,114304,540,2026-09-25T16:47:01,w1
LPG,sattelite,P18_PFILE18.PDDL,3,resolvido,0.09,0.03,114176,540,2026-09-25T16:47:01,w1
YAHSP,sattelite,P18_PFILE18.PDDL,,resolvido,0.01,0.0,3328,540,2026-09-25T16:47:02,w1
SGPlan,sattelite,P18_PFILE18.PDDL,,resolvido,0.05,0.04,33580,480,2026-09-25T16:47:02,w1
SATPlan,sattelite,P18_PFILE18.PDDL,,resolvido,7.62,6.94,81408,480,2026-09-25T16:47:02,w1
IPP,sattelite,P18_PFILE18.PDDL,,estourou,420.11,,,420,2026-09-25T16:43:34,w3
Fast Downward,sattelite,P18_PFILE18.PDDL,,resolvido,0.24,0.02,22296,600,2026-09-25T16:50:34,w3
Blackbox,sattelite,P19_PFILE19.PDDL,,sem-plano,0.03,,39808,600,2026-09-25T16:50:34,w3
MaxPlan,sattelite,P16_PFILE16.PDDL,,estourou,780.23,,,780,2026-09-25T16:38:09,w0
FF,sattelite,P19_PFILE19.PDDL,,resolvido,0.05,0.04,8320,480,2026-09-25T16:51:09,w0
LPG,sattelite,P19_PFILE19.PDDL,1,resolvido,0.12,0.04,116608,540,2026-09-25T16:51:09,w0
LPG,sattelite,P19_PFILE19.PDDL,2,resolvido,0.11,0.05,116480,540,2026-09-25T16:51:09,w0
LPG,sattelite,P19_PFILE19.PDDL,3,resolvido,0.11,0.05,116480,540,2026-09-25T16:51:09,w0
YAHSP,sattelite,P19_PFILE19.PDDL,,resolvido,0.02,0.01,4096,540,2026-09-25T16:51:09,w0
SGPlan,sattelite,P19_PFILE19.PDDL,,resolvido,0.1,0.08,36316,480,2026-09-25T16:51:09,w0
MaxPlan,sattelite,P17_PFILE17.PDDL,,estourou,780.25,,,780,2026-09-25T16:42:14,w2
IPP,sattelite,P19_PFILE19.PDDL,,estourou,420.11,,,420,2026-09-25T16:50:34,w3
Fast Downward,sattelite,P19_PFILE19.PDDL,,resolvido,0.29,0.02,25728,600,2026-09-25T16:57:35,w3
Blackbox,sattelite,P20_PFILE20.PDDL,,sem-plano,0.03,,40576,600,2026-09-25T16:57:35,w3
SATPlan,sattelite,P19_PFILE19.PDDL,,estourou,480.0,,,480,2026-09-25T16:51:09,w0
FF,sattelite,P20_PFILE20.PDDL,,resolvido,0.69,0.68,16512,480,2026-09-25T16:59:09,w0
LPG,sattelite,P20_PFILE20.PDDL,1,resolvido,0.13,0.06,118400,540,2026-09-25T16:59:10,w0
LPG,sattelite,P20_PFILE20.PDDL,2,resolvido,0.12,0.06,118144,540,2026-09-25T16:59:10,w0
LPG,sattelite,P20_PFILE20.PDDL,3,resolvido,0.12,0.07,117888,540,2026-09-25T16:59:10,w0
YAHSP,sattelite,P20_PFILE20.PDDL,,resolvido,0.03,0.02,4352,540,2026-09-25T16:59:11,w0
SGPlan,sattelite,P20_PFILE20.PDDL,,resolvido,0.13,0.11,36904,480,2026-09-25T16:59:11,w0
MaxPlan,sattelite,P18_PFILE18.PDDL,,estourou,780.25,,,780,2026-09-25T16:47:09,w1
IPP,sattelite,P20_PFILE20.PDDL,,estourou,420.11,,,420,2026-09-25T16:57:35,w3
Fast Downward,sattelite,P20_PFILE20.PDDL,,resolvido,0.32,0.02,26476,600,2026-09-25T17:04:35,w3
Blackbox,depots,pfile1,,sem-plano,0.0,,4736,600,2026-09-25T17:04:35,w3
IPP,depots,pfile1,,resolvido,0.0,0.0,3072,420,2026-09-25T17:04:35,w3
FF,depots,pfile1,,resolvido,0.0,0.0,3200,480,2026-09-25T17:04:35,w3
LPG,depots,pfile1,1,resolvido,0.06,0.01,110080,540,2026-09-25T17:04:35,w3
LPG,depots,pfile1,2,resolvido,0.06,0.0,110080,540,2026-09-25T17:04:35,w3
LPG,depots,pfile1,3,resolvido,0.06,0.01,110080,540,2026-09-25T17:04:35,w3
YAHSP,depots,pfile1,,resolvido,0.0,0.0,2560,540,2026-09-25T17:04:35,w3
SGPlan,depots,pfile1,,resolvido,0.02,0.0,19888,480,2026-09-25T17:04:36,w3
SATPlan,depots,pfile1,,resolvido,0.02,0.0,1920,480,2026-09-25T17:04:36,w3
MaxPlan,depots,pfile1,,resolvido,0.03,0.01,7132,780,2026-09-25T17:04:36,w3
Fast Downward,depots,pfile1,,resolvido,0.04,0.0,9112,600,2026-09-25T17:04:36,w3
Blackbox,depots,pfile10,,sem-plano,0.01,,5760,600,2026-09-25T17:04:36,w3
IPP,depots,pfile10,,resolvido,0.35,0.33,11776,420,2026-09-25T17:04:36,w3
FF,depots,pfile10,,resolvido,4.76,4.75,20224,480,2026-09-25T17:04:36,w3
LPG,depots,pfile10,1,resolvido,0.08,0.02,111488,540,2026-09-25T17:04:41,w3
LPG,depots,pfile10,2,resolvido,0.08,0.02,111616,540,2026-09-25T17:04:41,w3
LPG,depots,pfile10,3,resolvido,0.08,0.02,111616,540,2026-09-25T17:04:41,w3
YAHSP,depots,pfile10,,resolvido,0.03,0.02,3456,540,2026-09-25T17:04:41,w3
SGPlan,depots,pfile10,,resolvido,0.03,0.01,23372,480,2026-09-25T17:04:41,w3
SATPlan,depots,pfile10,,resolvido,0.4,0.28,11904,480,2026-09-25T17:04:41,w3
MaxPlan,depots,pfile10,,resolvido,12.86,9.75,67188,780,2026-09-25T17:04:41,w3
Fast Downward,depots,pfile10,,resolvido,0.53,0.34,15516,600,2026-09-25T17:04:54,w3
Blackbox,depots,pfile11,,sem-plano,0.01,,6272,600,2026-09-25T17:04:55,w3
SATPlan,sattelite,P20_PFILE20.PDDL,,estourou,480.11,,,480,2026-09-25T16:59:11,w0
FF,depots,pfile11,,resolvido,0.05,0.04,7552,480,2026-09-25T17:07:11,w0
LPG,depots,pfile11,1,resolvido,0.13,0.07,114688,540,2026-09-25T17:07:11,w0
LPG,depots,pfile11,2,resolvido,0.14,0.07,115072,540,2026-09-25T17:07:11,w0
LPG,depots,pfile11,3,resolvido,0.27,0.21,116352,540,2026-09-25T17:07:11,w0
YAHSP,depots,pfile11,,resolvido,2.33,2.31,10164,540,2026-09-25T17:07:11,w0
SGPlan,depots,pfile11,,resolvido,0.14,0.13,29040,480,2026-09-25T17:07:14,w0
MaxPlan,sattelite,P19_PFILE19.PDDL,,estourou,780.24,,,780,2026-09-25T16:55:14,w2
IPP,depots,pfile11,,estourou,420.11,,,420,2026-09-25T17:04:55,w3
Fast Downward,depots,pfile11,,resolvido,5.44,5.04,31804,600,2026-09-25T17:11:55,w3
Blackbox,depots,pfile12,,sem-plano,0.01,,6656,600,2026-09-25T17:12:00,w3
MaxPlan,sattelite,P20_PFILE20.PDDL,,estourou,780.2,,,780,2026-09-25T17:00:09,w1
FF,depots,pfile12,,resolvido,0.76,0.74,13184,480,2026-09-25T17:13:10,w1
LPG,depots,pfile12,1,resolvido,0.26,0.2,120320,540,2026-09-25T17:13:10,w1
LPG,depots,pfile12,2,resolvido,0.24,0.17,119424,540,2026-09-25T17:13:11,w1
LPG,depots,pfile12,3,resolvido,0.22,0.16,119296,540,2026-09-25T17:13:11,w1
SATPlan,depots,pfile11,,estourou,480.11,,,480,2026-09-25T17:07:14,w0
SGPlan,depots,pfile12,,resolvido,0.12,0.1,36304,480,2026-09-25T17:15:14,w0
IPP,depots,pfile12,,estourou,420.11,,,420,2026-09-25T17:12:00,w3
MaxPlan,depots,pfile11,,estourou,780.22,,,780,2026-09-25T17:08:15,w2
YAHSP,depots,pfile12,,estourou,540.14,,,540,2026-09-25T17:13:11,w1
Blackbox,depots,pfile13,,sem-plano,0.01,,6400,600,2026-09-25T17:22:11,w1
IPP,depots,pfile13,,resolvido,0.18,0.17,11776,420,2026-09-25T17:22:11,w1
FF,depots,pfile13,,resolvido,0.01,0.0,5760,480,2026-09-25T17:22:11,w1
LPG,depots,pfile13,1,resolvido,0.08,0.02,111744,540,2026-09-25T17:22:11,w1
LPG,depots,pfile13,2,resolvido,0.08,0.02,111872,540,2026-09-25T17:22:12,w1
LPG,depots,pfile13,3,resolvido,0.08,0.02,111872,540,2026-09-25T17:22:12,w1
YAHSP,depots,pfile13,,resolvido,0.01,0.01,3328,540,2026-09-25T17:22:12,w1
SGPlan,depots,pfile13,,resolvido,0.03,0.01,24148,480,2026-09-25T17:22:12,w1
SATPlan,depots,pfile13,,resolvido,0.2,0.12,9856,480,2026-09-25T17:22:12,w1
MaxPlan,depots,pfile13,,resolvido,1.85,1.25,42964,780,2026-09-25T17:22:12,w1
Fast Downward,depots,pfile13,,resolvido,0.24,0.03,17432,600,2026-09-25T17:22:14,w1
Blackbox,depots,pfile14,,sem-plano,0.01,,6528,600,2026-09-25T17:22:14,w1
SATPlan,depots,pfile12,,estourou,480.12,,,480,2026-09-25T17:15:14,w0
FF,depots,pfile14,,resolvido,0.05,0.03,8192,480,2026-09-25T17:23:14,w0
LPG,depots,pfile14,1,resolvido,0.12,0.06,114432,540,2026-09-25T17:23:14,w0
LPG,depots,pfile14,2,resolvido,0.13,0.07,115072,540,2026-09-25T17:23:14,w0
LPG,depots,pfile14,3,resolvido,0.11,0.05,114176,540,2026-09-25T17:23:15,w0
YAHSP,depots,pfile14,,resolvido,5.35,5.32,20408,540,2026-09-25T17:23:15,w0
SGPlan,depots,pfile14,,resolvido,0.06,0.04,29236,480,2026-09-25T17:23:20,w0
SATPlan,depots,pfile14,,resolvido,3.6,3.03,61056,480,2026-09-25T17:23:20,w0
IPP,depots,pfile14,,estourou,420.13,,,420,2026-09-25T17:22:14,w1
Fast Downward,depots,pfile12,,estourou,600.17,,,600,2026-09-25T17:21:15,w2
Blackbox,depots,pfile15,,sem-plano,0.01,,7040,600,2026-09-25T17:31:15,w2
MaxPlan,depots,pfile12,,estourou,780.26,,,780,2026-09-25T17:19:00,w3
FF,depots,pfile15,,resolvido,3.46,3.43,30080,480,2026-09-25T17:32:01,w3
LPG,depots,pfile15,1,resolvido,0.27,0.2,121984,540,2026-09-25T17:32:04,w3
LPG,depots,pfile15,2,resolvido,0.21,0.14,120704,540,2026-09-25T17:32:04,w3
LPG,depots,pfile15,3,resolvido,0.22,0.16,120960,540,2026-09-25T17:32:05,w3
YAHSP,depots,pfile15,,resolvido,0.5,0.49,7076,540,2026-09-25T17:32:05,w3
MaxPlan,depots,pfile14,,estourou,780.22,,,780,2026-09-25T17:23:24,w0
IPP,depots,pfile15,,estourou,420.13,,,420,2026-09-25T17:31:15,w2
Fast Downward,depots,pfile14,,estourou,600.27,,,600,2026-09-25T17:29:14,w1
Fast Downward,depots,pfile15,,resolvido,8.08,7.21,43140,600,2026-09-25T17:39:14,w1
Blackbox,depots,pfile16,,sem-plano,0.01,,6144,600,2026-09-25T17:39:23,w1
IPP,depots,pfile16,,resolvido,0.25,0.23,15872,420,2026-09-25T17:39:23,w1
FF,depots,pfile16,,resolvido,0.01,0.0,5888,480,2026-09-25T17:39:23,w1
LPG,depots,pfile16,1,resolvido,0.09,0.03,112000,540,2026-09-25T17:39:23,w1
LPG,depots,pfile16,2,resolvido,0.09,0.03,112128,540,2026-09-25T17:39:23,w1
LPG,depots,pfile16,3,resolvido,0.09,0.02,112128,540,2026-09-25T17:39:23,w1
YAHSP,depots,pfile16,,resolvido,0.01,0.01,3456,540,2026-09-25T17:39:23,w1
SGPlan,depots,pfile16,,resolvido,0.03,0.02,25816,480,2026-09-25T17:39:23,w1
SATPlan,depots,pfile16,,resolvido,0.45,0.32,18560,480,2026-09-25T17:39:23,w1
MaxPlan,depots,pfile16,,resolvido,2.42,1.75,55160,780,2026-09-25T17:39:24,w1
Fast Downward,depots,pfile16,,resolvido,0.31,0.04,19992,600,2026-09-25T17:39:26,w1
Blackbox,depots,pfile17,,sem-plano,0.01,,6656,600,2026-09-25T17:39:26,w1
IPP,depots,pfile17,,resolvido,12.87,12.83,61312,420,2026-09-25T17:39:26,w1
FF,depots,pfile17,,resolvido,0.16,0.15,10496,480,2026-09-25T17:39:39,w1
LPG,depots,pfile17,1,resolvido,0.13,0.07,115328,540,2026-09-25T17:39:39,w1
LPG,depots,pfile17,2,resolvido,0.12,0.07,115072,540,2026-09-25T17:39:39,w1
LPG,depots,pfile17,3,resolvido,0.13,0.07,115072,540,2026-09-25T17:39:40,w1
YAHSP,depots,pfile17,,resolvido,0.04,0.03,4480,540,2026-09-25T17:39:40,w1
SGPlan,depots,pfile17,,resolvido,0.05,0.04,32440,480,2026-09-25T17:39:40,w1
SATPlan,depots,pfile17,,resolvido,1.24,1.03,42624,480,2026-09-25T17:39:40,w1
MaxPlan,depots,pfile17,,resolvido,2.67,2.17,133124,780,2026-09-25T17:39:41,w1
Fast Downward,depots,pfile17,,resolvido,0.7,0.13,32920,600,2026-09-25T17:39:44,w1
Blackbox,depots,pfile18,,sem-plano,0.01,,7168,600,2026-09-25T17:39:44,w1
SGPlan,depots,pfile15,,estourou,480.09,,,480,2026-09-25T17:32:05,w3
FF,depots,pfile18,,resolvido,0.12,0.11,12800,480,2026-09-25T17:40:06,w3
LPG,depots,pfile18,1,resolvido,0.33,0.27,123904,540,2026-09-25T17:40:06,w3
LPG,depots,pfile18,2,resolvido,0.32,0.26,123520,540,2026-09-25T17:40:06,w3
LPG,depots,pfile18,3,resolvido,0.32,0.26,123392,540,2026-09-25T17:40:06,w3
YAHSP,depots,pfile18,,resolvido,6.98,6.96,19792,540,2026-09-25T17:40:07,w3
SGPlan,depots,pfile18,,resolvido,0.17,0.15,43900,480,2026-09-25T17:40:14,w3
SATPlan,depots,pfile18,,resolvido,43.41,37.69,382336,480,2026-09-25T17:40:14,w3
SATPlan,depots,pfile15,,estourou,480.13,,,480,2026-09-25T17:36:24,w0
Fast Downward,depots,pfile18,,resolvido,1.53,0.42,54932,600,2026-09-25T17:44:24,w0
Blackbox,depots,pfile19,,sem-plano,0.01,,6656,600,2026-09-25T17:44:26,w0
IPP,depots,pfile18,,estourou,420.11,,,420,2026-09-25T17:39:44,w1
FF,depots,pfile19,,resolvido,0.05,0.03,8704,480,2026-09-25T17:46:45,w1
LPG,depots,pfile19,1,resolvido,0.12,0.06,115584,540,2026-09-25T17:46:45,w1
LPG,depots,pfile19,2,resolvido,0.12,0.05,115712,540,2026-09-25T17:46:45,w1
LPG,depots,pfile19,3,resolvido,0.12,0.06,115968,540,2026-09-25T17:46:45,w1
YAHSP,depots,pfile19,,resolvido,0.32,0.31,6064,540,2026-09-25T17:46:45,w1
SGPlan,depots,pfile19,,resolvido,0.06,0.05,30572,480,2026-09-25T17:46:45,w1
SATPlan,depots,pfile19,,resolvido,2.4,2.04,49152,480,2026-09-25T17:46:45,w1
MaxPlan,depots,pfile19,,resolvido,128.01,104.42,327076,780,2026-09-25T17:46:48,w1
Fast Downward,depots,pfile19,,resolvido,3.04,2.57,27496,600,2026-09-25T17:48:56,w1
Blackbox,depots,pfile2,,sem-plano,0.0,,4992,600,2026-09-25T17:48:59,w1
IPP,depots,pfile2,,resolvido,0.01,0.0,4352,420,2026-09-25T17:48:59,w1
FF,depots,pfile2,,resolvido,0.0,0.0,3584,480,2026-09-25T17:48:59,w1
LPG,depots,pfile2,1,resolvido,0.07,0.01,110208,540,2026-09-25T17:48:59,w1
LPG,depots,pfile2,2,resolvido,0.07,0.0,110080,540,2026-09-25T17:48:59,w1
LPG,depots,pfile2,3,resolvido,0.07,0.0,110080,540,2026-09-25T17:48:59,w1
YAHSP,depots,pfile2,,resolvido,0.0,0.0,2688,540,2026-09-25T17:48:59,w1
SGPlan,depots,pfile2,,resolvido,0.02,0.0,20436,480,2026-09-25T17:48:59,w1
SATPlan,depots,pfile2,,resolvido,0.05,0.02,2176,480,2026-09-25T17:48:59,w1
MaxPlan,depots,pfile2,,resolvido,0.21,0.07,9232,780,2026-09-25T17:48:59,w1
Fast Downward,depots,pfile2,,resolvido,0.07,0.0,13184,600,2026-09-25T17:48:59,w1
Blackbox,depots,pfile20,,sem-plano,0.01,,7296,600,2026-09-25T17:48:59,w1
IPP,depots,pfile19,,resolvido,314.91,314.48,94592,420,2026-09-25T17:44:26,w0
FF,depots,pfile20,,resolvido,1.68,1.66,18176,480,2026-09-25T17:49:40,w0
LPG,depots,pfile20,1,resolvido,0.32,0.25,126848,540,2026-09-25T17:49:42,w0
LPG,depots,pfile20,2,resolvido,0.32,0.26,127232,540,2026-09-25T17:49:42,w0
LPG,depots,pfile20,3,resolvido,0.3,0.24,126848,540,2026-09-25T17:49:43,w0
MaxPlan,depots,pfile15,,estourou,780.24,,,780,2026-09-25T17:38:15,w2
SGPlan,depots,pfile20,,resolvido,5.2,5.17,239888,480,2026-09-25T17:51:15,w2
MaxPlan,depots,pfile18,,estourou,780.26,,,780,2026-09-25T17:40:57,w3
IPP,depots,pfile20,,estourou,420.11,,,420,2026-09-25T17:48:59,w1
YAHSP,depots,pfile20,,estourou,540.14,,,540,2026-09-25T17:49:43,w0
Blackbox,depots,pfile21,,sem-plano,0.01,,8832,600,2026-09-25T17:58:43,w0
SATPlan,depots,pfile20,,estourou,480.12,,,480,2026-09-25T17:51:21,w2
FF,depots,pfile21,,resolvido,0.06,0.05,23040,480,2026-09-25T17:59:21,w2
LPG,depots,pfile21,1,resolvido,0.36,0.29,135040,540,2026-09-25T17:59:21,w2
LPG,depots,pfile21,2,resolvido,0.37,0.31,135040,540,2026-09-25T17:59:21,w2
LPG,depots,pfile21,3,resolvido,0.36,0.3,135296,540,2026-09-25T17:59:22,w2
YAHSP,depots,pfile21,,resolvido,0.14,0.12,12544,540,2026-09-25T17:59:22,w2
SGPlan,depots,pfile21,,resolvido,0.12,0.1,61196,480,2026-09-25T17:59:22,w2
SATPlan,depots,pfile21,,resolvido,9.86,9.11,155648,480,2026-09-25T17:59:22,w2
MaxPlan,depots,pfile21,,resolvido,32.17,26.74,731100,780,2026-09-25T17:59:32,w2
Fast Downward,depots,pfile21,,resolvido,2.02,0.29,74448,600,2026-09-25T18:00:04,w2
Blackbox,depots,pfile22,,sem-plano,0.01,,9728,600,2026-09-25T18:00:06,w2
IPP,depots,pfile21,,estourou,420.12,,,420,2026-09-25T17:58:43,w0
FF,depots,pfile22,,resolvido,4.19,4.17,54144,480,2026-09-25T18:05:43,w0
LPG,depots,pfile22,1,resolvido,1.68,1.62,203904,540,2026-09-25T18:05:48,w0
LPG,depots,pfile22,2,resolvido,1.75,1.68,204288,540,2026-09-25T18:05:49,w0
LPG,depots,pfile22,3,resolvido,1.78,1.72,204800,540,2026-09-25T18:05:51,w0
Fast Downward,depots,pfile20,,estourou,600.18,,,600,2026-09-25T17:55:59,w1
SGPlan,depots,pfile22,,resolvido,5.89,5.87,873832,480,2026-09-25T18:06:00,w1
SATPlan,depots,pfile22,,sem-plano,51.03,,544000,480,2026-09-25T18:06:06,w1
MaxPlan,depots,pfile20,,estourou,780.12,,,780,2026-09-25T17:53:57,w3
IPP,depots,pfile22,,estourou,420.13,,,420,2026-09-25T18:00:06,w2
Blackbox,depots,pfile3,,sem-plano,0.01,,5248,600,2026-09-25T18:07:06,w2
IPP,depots,pfile3,,resolvido,0.04,0.03,7424,420,2026-09-25T18:07:06,w2
FF,depots,pfile3,,resolvido,0.01,0.0,4096,480,2026-09-25T18:07:06,w2
LPG,depots,pfile3,1,resolvido,0.07,0.0,110720,540,2026-09-25T18:07:06,w2
LPG,depots,pfile3,2,resolvido,0.07,0.0,110720,540,2026-09-25T18:07:07,w2
LPG,depots,pfile3,3,resolvido,0.07,0.01,110592,540,2026-09-25T18:07:07,w2
YAHSP,depots,pfile3,,resolvido,0.06,0.05,3328,540,2026-09-25T18:07:07,w2
SGPlan,depots,pfile3,,resolvido,0.05,0.04,22016,480,2026-09-25T18:07:07,w2
SATPlan,depots,pfile3,,resolvido,0.2,0.12,5376,480,2026-09-25T18:07:07,w2
Fast Downward,depots,pfile22,,resolvido,13.33,7.94,187120,600,2026-09-25T18:06:58,w3
Fast Downward,depots,pfile3,,resolvido,0.17,0.07,13824,600,2026-09-25T18:07:11,w3
Blackbox,depots,pfile4,,sem-plano,0.01,,5248,600,2026-09-25T18:07:11,w3
IPP,depots,pfile4,,resolvido,0.06,0.05,10880,420,2026-09-25T18:07:11,w3
MaxPlan,depots,pfile3,,resolvido,25.46,18.59,65460,780,2026-09-25T18:07:07,w2
LPG,depots,pfile4,1,resolvido,0.07,0.01,110976,540,2026-09-25T18:07:32,w2
LPG,depots,pfile4,2,resolvido,0.07,0.02,111104,540,2026-09-25T18:07:32,w2
LPG,depots,pfile4,3,resolvido,0.07,0.01,110976,540,2026-09-25T18:07:33,w2
YAHSP,depots,pfile4,,resolvido,0.02,0.01,3072,540,2026-09-25T18:07:33,w2
SGPlan,depots,pfile4,,resolvido,0.04,0.03,22860,480,2026-09-25T18:07:33,w2
SATPlan,depots,pfile4,,resolvido,0.43,0.31,11136,480,2026-09-25T18:07:33,w2
FF,depots,pfile4,,resolvido,34.69,34.67,64384,480,2026-09-25T18:07:11,w3
Fast Downward,depots,pfile4,,resolvido,0.17,0.03,18176,600,2026-09-25T18:07:46,w3
Blackbox,depots,pfile5,,sem-plano,0.01,,5632,600,2026-09-25T18:07:46,w3
MaxPlan,depots,pfile22,,sem-plano,80.29,,1807348,780,2026-09-25T18:06:57,w1
FF,depots,pfile5,,resolvido,9.52,9.49,120320,480,2026-09-25T18:08:17,w1
LPG,depots,pfile5,1,resolvido,0.23,0.17,115200,540,2026-09-25T18:08:26,w1
LPG,depots,pfile5,2,resolvido,0.65,0.58,117376,540,2026-09-25T18:08:27,w1
LPG,depots,pfile5,3,resolvido,0.14,0.08,113536,540,2026-09-25T18:08:27,w1
YAHSP,depots,pfile5,,resolvido,2.77,2.75,15360,540,2026-09-25T18:08:27,w1
SGPlan,depots,pfile5,,resolvido,1.07,1.05,43152,480,2026-09-25T18:08:30,w1
SATPlan,depots,pfile5,,resolvido,23.98,23.33,61108,480,2026-09-25T18:08:31,w1
IPP,depots,pfile5,,estourou,420.14,,,420,2026-09-25T18:07:46,w3
YAHSP,depots,pfile22,,estourou,540.13,,,540,2026-09-25T18:05:53,w0
Blackbox,depots,pfile6,,sem-plano,0.01,,6016,600,2026-09-25T18:14:53,w0
Fast Downward,depots,pfile5,,resolvido,17.09,16.83,95616,600,2026-09-25T18:14:46,w3
FF,depots,pfile6,,resolvido,95.48,95.41,601344,480,2026-09-25T18:15:03,w3
LPG,depots,pfile6,1,resolvido,0.13,0.07,114944,540,2026-09-25T18:16:39,w3
LPG,depots,pfile6,2,resolvido,0.14,0.07,115328,540,2026-09-25T18:16:39,w3
LPG,depots,pfile6,3,resolvido,1.96,1.89,124416,540,2026-09-25T18:16:39,w3
MaxPlan,depots,pfile4,,resolvido,709.89,660.29,872656,780,2026-09-25T18:07:33,w2
SGPlan,depots,pfile6,,resolvido,97.0,96.95,245984,480,2026-09-25T18:19:23,w2
IPP,depots,pfile6,,estourou,420.14,,,420,2026-09-25T18:14:53,w0
MaxPlan,depots,pfile5,,estourou,780.18,,,780,2026-09-25T18:08:55,w1
Fast Downward,depots,pfile6,,resolvido,29.6,29.19,91476,600,2026-09-25T18:21:55,w1
Blackbox,depots,pfile7,,sem-plano,0.01,,5504,600,2026-09-25T18:22:25,w1
IPP,depots,pfile7,,resolvido,0.07,0.06,8192,420,2026-09-25T18:22:25,w1
FF,depots,pfile7,,resolvido,0.01,0.0,4352,480,2026-09-25T18:22:25,w1
LPG,depots,pfile7,1,resolvido,0.07,0.02,110592,540,2026-09-25T18:22:25,w1
LPG,depots,pfile7,2,resolvido,0.07,0.01,110720,540,2026-09-25T18:22:25,w1
LPG,depots,pfile7,3,resolvido,0.07,0.01,110720,540,2026-09-25T18:22:25,w1
YAHSP,depots,pfile7,,resolvido,0.1,0.09,3584,540,2026-09-25T18:22:25,w1
SGPlan,depots,pfile7,,resolvido,0.02,0.0,21404,480,2026-09-25T18:22:25,w1
SATPlan,depots,pfile7,,resolvido,0.19,0.12,5760,480,2026-09-25T18:22:25,w1
SATPlan,depots,pfile6,,resolvido,86.66,82.88,153600,480,2026-09-25T18:21:00,w2
Fast Downward,depots,pfile7,,resolvido,0.13,0.01,13952,600,2026-09-25T18:22:27,w2
Blackbox,depots,pfile8,,sem-plano,0.01,,5888,600,2026-09-25T18:22:27,w2
MaxPlan,depots,pfile7,,resolvido,3.41,2.0,19208,780,2026-09-25T18:22:26,w1
FF,depots,pfile8,,resolvido,58.37,58.32,71168,480,2026-09-25T18:22:29,w1
LPG,depots,pfile8,1,resolvido,0.08,0.03,112000,540,2026-09-25T18:23:27,w1
LPG,depots,pfile8,2,resolvido,0.08,0.02,111872,540,2026-09-25T18:23:27,w1
LPG,depots,pfile8,3,resolvido,0.08,0.02,111872,540,2026-09-25T18:23:28,w1
YAHSP,depots,pfile8,,resolvido,0.01,0.0,3200,540,2026-09-25T18:23:28,w1
SGPlan,depots,pfile8,,resolvido,0.03,0.01,23600,480,2026-09-25T18:23:28,w1
SATPlan,depots,pfile8,,resolvido,1.93,1.6,29824,480,2026-09-25T18:23:28,w1
MaxPlan,depots,pfile8,,resolvido,30.44,25.23,167296,780,2026-09-25T18:23:30,w1
Fast Downward,depots,pfile8,,resolvido,0.74,0.53,16792,600,2026-09-25T18:24:00,w1
Blackbox,depots,pfile9,,sem-plano,0.01,,6400,600,2026-09-25T18:24:01,w1
YAHSP,depots,pfile6,,estourou,540.15,,,540,2026-09-25T18:16:41,w3
FF,depots,pfile9,,resolvido,0.2,0.18,8832,480,2026-09-25T18:25:41,w3
LPG,depots,pfile9,1,resolvido,0.53,0.47,120064,540,2026-09-25T18:25:41,w3
LPG,depots,pfile9,2,resolvido,0.14,0.09,115712,540,2026-09-25T18:25:42,w3
LPG,depots,pfile9,3,resolvido,0.16,0.1,115712,540,2026-09-25T18:25:42,w3
YAHSP,depots,pfile9,,resolvido,20.47,20.38,62080,540,2026-09-25T18:25:42,w3
SGPlan,depots,pfile9,,resolvido,0.1,0.09,28492,480,2026-09-25T18:26:03,w3
IPP,depots,pfile8,,estourou,420.14,,,420,2026-09-25T18:22:27,w2
IPP,depots,pfile9,,estourou,420.14,,,420,2026-09-25T18:24:01,w1
Fast Downward,depots,pfile9,,resolvido,2.48,2.09,24600,600,2026-09-25T18:31:01,w1
Blackbox,logistic,probLOGISTICS-10-0.pddl,,sem-plano,0.01,,5504,600,2026-09-25T18:31:03,w1
SATPlan,depots,pfile9,,estourou,480.12,,,480,2026-09-25T18:26:03,w3
FF,logistic,probLOGISTICS-10-0.pddl,,resolvido,0.01,0.0,4352,480,2026-09-25T18:34:03,w3
LPG,logistic,probLOGISTICS-10-0.pddl,1,resolvido,0.07,0.01,111488,540,2026-09-25T18:34:03,w3
LPG,logistic,probLOGISTICS-10-0.pddl,2,resolvido,0.07,0.01,111360,540,2026-09-25T18:34:03,w3
LPG,logistic,probLOGISTICS-10-0.pddl,3,resolvido,0.07,0.01,111488,540,2026-09-25T18:34:03,w3
YAHSP,logistic,probLOGISTICS-10-0.pddl,,resolvido,0.01,0.0,2816,540,2026-09-25T18:34:03,w3
SGPlan,logistic,probLOGISTICS-10-0.pddl,,resolvido,0.02,0.0,20804,480,2026-09-25T18:34:03,w3
SATPlan,logistic,probLOGISTICS-10-0.pddl,,resolvido,0.31,0.2,4480,480,2026-09-25T18:34:03,w3
MaxPlan,logistic,probLOGISTICS-10-0.pddl,,resolvido,2.64,1.19,9688,780,2026-09-25T18:34:03,w3
Fast Downward,logistic,probLOGISTICS-10-0.pddl,,resolvido,0.06,0.0,9880,600,2026-09-25T18:34:06,w3
Blackbox,logistic,probLOGISTICS-10-1.pddl,,sem-plano,0.01,,5504,600,2026-09-25T18:34:06,w3
MaxPlan,depots,pfile6,,estourou,780.21,,,780,2026-09-25T18:21:53,w0
FF,logistic,probLOGISTICS-10-1.pddl,,resolvido,0.01,0.0,4480,480,2026-09-25T18:34:53,w0
LPG,logistic,probLOGISTICS-10-1.pddl,1,resolvido,0.08,0.02,111488,540,2026-09-25T18:34:53,w0
LPG,logistic,probLOGISTICS-10-1.pddl,2,resolvido,0.07,0.01,111488,540,2026-09-25T18:34:53,w0
LPG,logistic,probLOGISTICS-10-1.pddl,3,resolvido,0.07,0.02,111360,540,2026-09-25T18:34:53,w0
YAHSP,logistic,probLOGISTICS-10-1.pddl,,resolvido,0.01,0.0,2816,540,2026-09-25T18:34:53,w0
SGPlan,logistic,probLOGISTICS-10-1.pddl,,resolvido,0.02,0.0,20804,480,2026-09-25T18:34:53,w0
SATPlan,logistic,probLOGISTICS-10-1.pddl,,resolvido,0.17,0.11,3840,480,2026-09-25T18:34:54,w0
MaxPlan,logistic,probLOGISTICS-10-1.pddl,,resolvido,0.5,0.2,9260,780,2026-09-25T18:34:54,w0
Fast Downward,logistic,probLOGISTICS-10-1.pddl,,resolvido,0.05,0.0,10008,600,2026-09-25T18:34:54,w0
Blackbox,logistic,probLOGISTICS-11-0.pddl,,sem-plano,0.0,,5120,600,2026-09-25T18:34:54,w0
IPP,logistic,probLOGISTICS-11-0.pddl,,sem-plano,0.01,,4992,420,2026-09-25T18:34:54,w0
FF,logistic,probLOGISTICS-11-0.pddl,,sem-plano,0.0,,2688,480,2026-09-25T18:34:54,w0
LPG,logistic,probLOGISTICS-11-0.pddl,1,sem-plano,0.06,,106368,540,2026-09-25T18:34:54,w0
LPG,logistic,probLOGISTICS-11-0.pddl,2,sem-plano,0.06,,106240,540,2026-09-25T18:34:54,w0
LPG,logistic,probLOGISTICS-11-0.pddl,3,sem-plano,0.06,,106240,540,2026-09-25T18:34:54,w0
YAHSP,logistic,probLOGISTICS-11-0.pddl,,sem-plano,0.0,,2560,540,2026-09-25T18:34:54,w0
SGPlan,logistic,probLOGISTICS-11-0.pddl,,sem-plano,0.01,,18176,480,2026-09-25T18:34:54,w0
SATPlan,logistic,probLOGISTICS-11-0.pddl,,sem-plano,1.51,,2048,480,2026-09-25T18:34:54,w0
MaxPlan,logistic,probLOGISTICS-11-0.pddl,,sem-plano,0.0,,1024,780,2026-09-25T18:34:56,w0
Fast Downward,logistic,probLOGISTICS-11-0.pddl,,sem-plano,0.03,,8728,600,2026-09-25T18:34:56,w0
Blackbox,logistic,probLOGISTICS-11-1.pddl,,sem-plano,0.01,,5376,600,2026-09-25T18:34:56,w0
IPP,logistic,probLOGISTICS-10-1.pddl,,resolvido,124.88,124.77,247168,420,2026-09-25T18:34:06,w3
FF,logistic,probLOGISTICS-11-1.pddl,,resolvido,0.01,0.0,4352,480,2026-09-25T18:36:11,w3
LPG,logistic,probLOGISTICS-11-1.pddl,1,resolvido,0.07,0.01,111744,540,2026-09-25T18:36:11,w3
LPG,logistic,probLOGISTICS-11-1.pddl,2,resolvido,0.07,0.01,111616,540,2026-09-25T18:36:11,w3
LPG,logistic,probLOGISTICS-11-1.pddl,3,resolvido,0.07,0.02,111616,540,2026-09-25T18:36:11,w3
YAHSP,logistic,probLOGISTICS-11-1.pddl,,resolvido,0.01,0.0,2688,540,2026-09-25T18:36:11,w3
SGPlan,logistic,probLOGISTICS-11-1.pddl,,resolvido,0.02,0.01,20808,480,2026-09-25T18:36:11,w3
SATPlan,logistic,probLOGISTICS-11-1.pddl,,resolvido,0.3,0.2,4480,480,2026-09-25T18:36:11,w3
MaxPlan,logistic,probLOGISTICS-11-1.pddl,,resolvido,2.56,1.29,9692,780,2026-09-25T18:36:11,w3
Fast Downward,logistic,probLOGISTICS-11-1.pddl,,resolvido,0.06,0.0,10008,600,2026-09-25T18:36:14,w3
Blackbox,logistic,probLOGISTICS-12-0.pddl,,sem-plano,0.01,,5376,600,2026-09-25T18:36:14,w3
IPP,logistic,probLOGISTICS-10-0.pddl,,estourou,420.13,,,420,2026-09-25T18:31:03,w1
FF,logistic,probLOGISTICS-12-0.pddl,,resolvido,0.01,0.0,4480,480,2026-09-25T18:38:04,w1
LPG,logistic,probLOGISTICS-12-0.pddl,1,resolvido,0.07,0.02,111360,540,2026-09-25T18:38:04,w1
LPG,logistic,probLOGISTICS-12-0.pddl,2,resolvido,0.07,0.01,111488,540,2026-09-25T18:38:04,w1
LPG,logistic,probLOGISTICS-12-0.pddl,3,resolvido,0.07,0.01,111360,540,2026-09-25T18:38:04,w1
YAHSP,logistic,probLOGISTICS-12-0.pddl,,resolvido,0.01,0.0,2816,540,2026-09-25T18:38:04,w1
SGPlan,logistic,probLOGISTICS-12-0.pddl,,resolvido,0.02,0.0,20804,480,2026-09-25T18:38:04,w1
SATPlan,logistic,probLOGISTICS-12-0.pddl,,resolvido,0.17,0.11,3840,480,2026-09-25T18:38:04,w1
MaxPlan,logistic,probLOGISTICS-12-0.pddl,,resolvido,0.62,0.24,9260,780,2026-09-25T18:38:04,w1
Fast Downward,logistic,probLOGISTICS-12-0.pddl,,resolvido,0.06,0.0,10012,600,2026-09-25T18:38:05,w1
Blackbox,logistic,probLOGISTICS-12-1.pddl,,sem-plano,0.01,,5504,600,2026-09-25T18:38:05,w1
IPP,logistic,probLOGISTICS-11-1.pddl,,estourou,420.14,,,420,2026-09-25T18:34:56,w0
FF,logistic,probLOGISTICS-12-1.pddl,,resolvido,0.01,0.0,4480,480,2026-09-25T18:41:56,w0
LPG,logistic,probLOGISTICS-12-1.pddl,1,resolvido,0.07,0.02,111872,540,2026-09-25T18:41:56,w0
LPG,logistic,probLOGISTICS-12-1.pddl,2,resolvido,0.07,0.01,111744,540,2026-09-25T18:41:56,w0
LPG,logistic,probLOGISTICS-12-1.pddl,3,resolvido,0.07,0.01,111872,540,2026-09-25T18:41:56,w0
YAHSP,logistic,probLOGISTICS-12-1.pddl,,resolvido,0.01,0.0,2944,540,2026-09-25T18:41:56,w0
SGPlan,logistic,probLOGISTICS-12-1.pddl,,resolvido,0.02,0.0,20800,480,2026-09-25T18:41:56,w0
SATPlan,logistic,probLOGISTICS-12-1.pddl,,resolvido,0.31,0.21,4480,480,2026-09-25T18:41:56,w0
MaxPlan,logistic,probLOGISTICS-12-1.pddl,,resolvido,1.87,0.8,9688,780,2026-09-25T18:41:57,w0
Fast Downward,logistic,probLOGISTICS-12-1.pddl,,resolvido,0.06,0.0,9884,600,2026-09-25T18:41:59,w0
Blackbox,logistic,probLOGISTICS-13-0.pddl,,sem-plano,0.01,,6400,600,2026-09-25T18:41:59,w0
MaxPlan,depots,pfile9,,estourou,780.23,,,780,2026-09-25T18:29:27,w2
FF,logistic,probLOGISTICS-13-0.pddl,,resolvido,0.01,0.0,5632,480,2026-09-25T18:42:27,w2
LPG,logistic,probLOGISTICS-13-0.pddl,1,resolvido,0.09,0.02,114560,540,2026-09-25T18:42:27,w2
LPG,logistic,probLOGISTICS-13-0.pddl,2,resolvido,0.08,0.02,113920,540,2026-09-25T18:42:27,w2
LPG,logistic,probLOGISTICS-13-0.pddl,3,resolvido,0.08,0.01,113792,540,2026-09-25T18:42:27,w2
YAHSP,logistic,probLOGISTICS-13-0.pddl,,resolvido,0.01,0.0,3072,540,2026-09-25T18:42:27,w2
SGPlan,logistic,probLOGISTICS-13-0.pddl,,resolvido,0.03,0.01,22284,480,2026-09-25T18:42:27,w2
SATPlan,logistic,probLOGISTICS-13-0.pddl,,resolvido,0.62,0.49,8320,480,2026-09-25T18:42:27,w2
IPP,logistic,probLOGISTICS-12-0.pddl,,estourou,420.17,,,420,2026-09-25T18:36:14,w3
Fast Downward,logistic,probLOGISTICS-13-0.pddl,,resolvido,0.1,0.01,26624,600,2026-09-25T18:43:14,w3
Blackbox,logistic,probLOGISTICS-13-1.pddl,,sem-plano,0.01,,6272,600,2026-09-25T18:43:14,w3
IPP,logistic,probLOGISTICS-12-1.pddl,,estourou,420.13,,,420,2026-09-25T18:38:05,w1
FF,logistic,probLOGISTICS-13-1.pddl,,resolvido,0.02,0.0,5504,480,2026-09-25T18:45:05,w1
LPG,logistic,probLOGISTICS-13-1.pddl,1,resolvido,0.09,0.02,113408,540,2026-09-25T18:45:05,w1
LPG,logistic,probLOGISTICS-13-1.pddl,2,resolvido,0.08,0.02,113536,540,2026-09-25T18:45:05,w1
LPG,logistic,probLOGISTICS-13-1.pddl,3,resolvido,0.08,0.01,113408,540,2026-09-25T18:45:05,w1
YAHSP,logistic,probLOGISTICS-13-1.pddl,,resolvido,0.01,0.0,3072,540,2026-09-25T18:45:05,w1
SGPlan,logistic,probLOGISTICS-13-1.pddl,,resolvido,0.02,0.01,22260,480,2026-09-25T18:45:05,w1
SATPlan,logistic,probLOGISTICS-13-1.pddl,,resolvido,0.6,0.47,8320,480,2026-09-25T18:45:05,w1
MaxPlan,logistic,probLOGISTICS-13-0.pddl,,resolvido,203.24,150.04,54324,780,2026-09-25T18:42:28,w2
Fast Downward,logistic,probLOGISTICS-13-1.pddl,,resolvido,0.1,0.01,26752,600,2026-09-25T18:45:51,w2
Blackbox,logistic,probLOGISTICS-14-0.pddl,,sem-plano,0.01,,6400,600,2026-09-25T18:45:51,w2
MaxPlan,logistic,probLOGISTICS-13-1.pddl,,resolvido,79.1,55.98,34972,780,2026-09-25T18:45:06,w1
FF,logistic,probLOGISTICS-14-0.pddl,,resolvido,0.01,0.0,5632,480,2026-09-25T18:46:25,w1
LPG,logistic,probLOGISTICS-14-0.pddl,1,resolvido,0.08,0.02,113536,540,2026-09-25T18:46:25,w1
LPG,logistic,probLOGISTICS-14-0.pddl,2,resolvido,0.08,0.02,113408,540,2026-09-25T18:46:25,w1
LPG,logistic,probLOGISTICS-14-0.pddl,3,resolvido,0.08,0.01,113408,540,2026-09-25T18:46:25,w1
YAHSP,logistic,probLOGISTICS-14-0.pddl,,resolvido,0.01,0.0,2816,540,2026-09-25T18:46:25,w1
SGPlan,logistic,probLOGISTICS-14-0.pddl,,resolvido,0.02,0.0,22260,480,2026-09-25T18:46:25,w1
SATPlan,logistic,probLOGISTICS-14-0.pddl,,resolvido,0.49,0.37,7808,480,2026-09-25T18:46:25,w1
MaxPlan,logistic,probLOGISTICS-14-0.pddl,,resolvido,42.88,28.7,27296,780,2026-09-25T18:46:26,w1
Fast Downward,logistic,probLOGISTICS-14-0.pddl,,resolvido,0.1,0.01,28288,600,2026-09-25T18:47:08,w1
Blackbox,logistic,probLOGISTICS-14-1.pddl,,sem-plano,0.01,,6272,600,2026-09-25T18:47:09,w1
IPP,logistic,probLOGISTICS-13-0.pddl,,estourou,420.14,,,420,2026-09-25T18:41:59,w0
FF,logistic,probLOGISTICS-14-1.pddl,,resolvido,0.02,0.0,5632,480,2026-09-25T18:48:59,w0
LPG,logistic,probLOGISTICS-14-1.pddl,1,resolvido,0.08,0.03,113792,540,2026-09-25T18:48:59,w0
LPG,logistic,probLOGISTICS-14-1.pddl,2,resolvido,0.08,0.01,113664,540,2026-09-25T18:48:59,w0
LPG,logistic,probLOGISTICS-14-1.pddl,3,resolvido,0.08,0.02,113664,540,2026-09-25T18:48:59,w0
YAHSP,logistic,probLOGISTICS-14-1.pddl,,resolvido,0.01,0.0,3072,540,2026-09-25T18:48:59,w0
SGPlan,logistic,probLOGISTICS-14-1.pddl,,resolvido,0.03,0.01,22268,480,2026-09-25T18:48:59,w0
SATPlan,logistic,probLOGISTICS-14-1.pddl,,resolvido,0.62,0.49,8320,480,2026-09-25T18:48:59,w0
IPP,logistic,probLOGISTICS-13-1.pddl,,estourou,420.15,,,420,2026-09-25T18:43:14,w3
Fast Downward,logistic,probLOGISTICS-14-1.pddl,,resolvido,0.1,0.01,28416,600,2026-09-25T18:50:15,w3
Blackbox,logistic,probLOGISTICS-15-0.pddl,,sem-plano,0.01,,6400,600,2026-09-25T18:50:15,w3
MaxPlan,logistic,probLOGISTICS-14-1.pddl,,resolvido,115.2,82.23,30488,780,2026-09-25T18:49:00,w0
FF,logistic,probLOGISTICS-15-0.pddl,,resolvido,0.01,0.0,5632,480,2026-09-25T18:50:55,w0
LPG,logistic,probLOGISTICS-15-0.pddl,1,resolvido,0.08,0.02,114176,540,2026-09-25T18:50:55,w0
LPG,logistic,probLOGISTICS-15-0.pddl,2,resolvido,0.08,0.02,114176,540,2026-09-25T18:50:55,w0
LPG,logistic,probLOGISTICS-15-0.pddl,3,resolvido,0.08,0.02,113920,540,2026-09-25T18:50:55,w0
YAHSP,logistic,probLOGISTICS-15-0.pddl,,resolvido,0.01,0.0,3072,540,2026-09-25T18:50:55,w0
SGPlan,logistic,probLOGISTICS-15-0.pddl,,resolvido,0.03,0.01,22144,480,2026-09-25T18:50:55,w0
SATPlan,logistic,probLOGISTICS-15-0.pddl,,resolvido,0.63,0.51,8320,480,2026-09-25T18:50:55,w0
IPP,logistic,probLOGISTICS-14-0.pddl,,estourou,420.15,,,420,2026-09-25T18:45:51,w2
Fast Downward,logistic,probLOGISTICS-15-0.pddl,,resolvido,0.11,0.01,30208,600,2026-09-25T18:52:52,w2
Blackbox,logistic,probLOGISTICS-15-1.pddl,,sem-plano,0.01,,6400,600,2026-09-25T18:52:52,w2
MaxPlan,logistic,probLOGISTICS-15-0.pddl,,resolvido,136.52,97.77,36628,780,2026-09-25T18:50:56,w0
FF,logistic,probLOGISTICS-15-1.pddl,,resolvido,0.01,0.0,5632,480,2026-09-25T18:53:12,w0
LPG,logistic,probLOGISTICS-15-1.pddl,1,resolvido,0.08,0.01,113792,540,2026-09-25T18:53:12,w0
LPG,logistic,probLOGISTICS-15-1.pddl,2,resolvido,0.08,0.02,113664,540,2026-09-25T18:53:12,w0
LPG,logistic,probLOGISTICS-15-1.pddl,3,resolvido,0.08,0.02,113920,540,2026-09-25T18:53:13,w0
YAHSP,logistic,probLOGISTICS-15-1.pddl,,resolvido,0.01,0.0,3072,540,2026-09-25T18:53:13,w0
SGPlan,logistic,probLOGISTICS-15-1.pddl,,resolvido,0.03,0.02,22260,480,2026-09-25T18:53:13,w0
SATPlan,logistic,probLOGISTICS-15-1.pddl,,resolvido,0.48,0.38,7808,480,2026-09-25T18:53:13,w0
MaxPlan,logistic,probLOGISTICS-15-1.pddl,,resolvido,34.18,23.35,27220,780,2026-09-25T18:53:13,w0
Fast Downward,logistic,probLOGISTICS-15-1.pddl,,resolvido,0.1,0.01,29952,600,2026-09-25T18:53:47,w0
Blackbox,logistic,probLOGISTICS-4-0.pddl,,sem-plano,0.0,,4480,600,2026-09-25T18:53:47,w0
IPP,logistic,probLOGISTICS-4-0.pddl,,resolvido,0.0,0.0,3584,420,2026-09-25T18:53:47,w0
FF,logistic,probLOGISTICS-4-0.pddl,,resolvido,0.0,0.0,3328,480,2026-09-25T18:53:47,w0
LPG,logistic,probLOGISTICS-4-0.pddl,1,resolvido,0.06,0.0,110208,540,2026-09-25T18:53:47,w0
LPG,logistic,probLOGISTICS-4-0.pddl,2,resolvido,0.06,0.01,110080,540,2026-09-25T18:53:48,w0
LPG,logistic,probLOGISTICS-4-0.pddl,3,resolvido,0.06,0.01,109952,540,2026-09-25T18:53:48,w0
YAHSP,logistic,probLOGISTICS-4-0.pddl,,resolvido,0.0,0.0,2560,540,2026-09-25T18:53:48,w0
SGPlan,logistic,probLOGISTICS-4-0.pddl,,resolvido,0.01,0.0,19848,480,2026-09-25T18:53:48,w0
SATPlan,logistic,probLOGISTICS-4-0.pddl,,resolvido,0.03,0.01,1920,480,2026-09-25T18:53:48,w0
MaxPlan,logistic,probLOGISTICS-4-0.pddl,,resolvido,0.06,0.02,7264,780,2026-09-25T18:53:48,w0
Fast Downward,logistic,probLOGISTICS-4-0.pddl,,resolvido,0.03,0.0,8860,600,2026-09-25T18:53:48,w0
Blackbox,logistic,probLOGISTICS-4-1.pddl,,sem-plano,0.0,,4480,600,2026-09-25T18:53:48,w0
IPP,logistic,probLOGISTICS-4-1.pddl,,resolvido,0.0,0.0,3456,420,2026-09-25T18:53:48,w0
FF,logistic,probLOGISTICS-4-1.pddl,,resolvido,0.0,0.0,3200,480,2026-09-25T18:53:48,w0
LPG,logistic,probLOGISTICS-4-1.pddl,1,resolvido,0.06,0.0,110080,540,2026-09-25T18:53:48,w0
LPG,logistic,probLOGISTICS-4-1.pddl,2,resolvido,0.06,0.0,110208,540,2026-09-25T18:53:48,w0
LPG,logistic,probLOGISTICS-4-1.pddl,3,resolvido,0.06,0.0,110080,540,2026-09-25T18:53:48,w0
YAHSP,logistic,probLOGISTICS-4-1.pddl,,resolvido,0.0,0.0,2560,540,2026-09-25T18:53:48,w0
SGPlan,logistic,probLOGISTICS-4-1.pddl,,resolvido,0.01,0.0,19844,480,2026-09-25T18:53:48,w0
SATPlan,logistic,probLOGISTICS-4-1.pddl,,resolvido,0.03,0.01,1920,480,2026-09-25T18:53:48,w0
MaxPlan,logistic,probLOGISTICS-4-1.pddl,,resolvido,0.06,0.02,7216,780,2026-09-25T18:53:48,w0
Fast Downward,logistic,probLOGISTICS-4-1.pddl,,resolvido,0.03,0.0,8860,600,2026-09-25T18:53:48,w0
Blackbox,logistic,probLOGISTICS-4-2.pddl,,sem-plano,0.0,,4608,600,2026-09-25T18:53:48,w0
IPP,logistic,probLOGISTICS-4-2.pddl,,resolvido,0.0,0.0,3456,420,2026-09-25T18:53:48,w0
FF,logistic,probLOGISTICS-4-2.pddl,,resolvido,0.0,0.0,3328,480,2026-09-25T18:53:48,w0
LPG,logistic,probLOGISTICS-4-2.pddl,1,resolvido,0.06,0.01,110080,540,2026-09-25T18:53:48,w0
LPG,logistic,probLOGISTICS-4-2.pddl,2,resolvido,0.06,0.0,110080,540,2026-09-25T18:53:48,w0
LPG,logistic,probLOGISTICS-4-2.pddl,3,resolvido,0.06,0.01,110080,540,2026-09-25T18:53:48,w0
YAHSP,logistic,probLOGISTICS-4-2.pddl,,resolvido,0.0,0.0,2560,540,2026-09-25T18:53:48,w0
SGPlan,logistic,probLOGISTICS-4-2.pddl,,resolvido,0.01,0.0,19844,480,2026-09-25T18:53:48,w0
SATPlan,logistic,probLOGISTICS-4-2.pddl,,resolvido,0.03,0.01,1920,480,2026-09-25T18:53:48,w0
MaxPlan,logistic,probLOGISTICS-4-2.pddl,,resolvido,0.07,0.02,7260,780,2026-09-25T18:53:48,w0
Fast Downward,logistic,probLOGISTICS-4-2.pddl,,resolvido,0.03,0.0,8860,600,2026-09-25T18:53:48,w0
Blackbox,logistic,probLOGISTICS-5-0.pddl,,sem-plano,0.0,,4608,600,2026-09-25T18:53:48,w0
IPP,logistic,probLOGISTICS-5-0.pddl,,resolvido,0.0,0.0,3456,420,2026-09-25T18:53:48,w0
FF,logistic,probLOGISTICS-5-0.pddl,,resolvido,0.0,0.0,3328,480,2026-09-25T18:53:48,w0
LPG,logistic,probLOGISTICS-5-0.pddl,1,resolvido,0.06,0.01,110080,540,2026-09-25T18:53:49,w0
LPG,logistic,probLOGISTICS-5-0.pddl,2,resolvido,0.06,0.0,110080,540,2026-09-25T18:53:49,w0
LPG,logistic,probLOGISTICS-5-0.pddl,3,resolvido,0.06,0.01,110208,540,2026-09-25T18:53:49,w0
YAHSP,logistic,probLOGISTICS-5-0.pddl,,resolvido,0.0,0.0,2560,540,2026-09-25T18:53:49,w0
SGPlan,logistic,probLOGISTICS-5-0.pddl,,resolvido,0.01,0.0,19848,480,2026-09-25T18:53:49,w0
SATPlan,logistic,probLOGISTICS-5-0.pddl,,resolvido,0.03,0.01,1920,480,2026-09-25T18:53:49,w0
MaxPlan,logistic,probLOGISTICS-5-0.pddl,,resolvido,0.06,0.02,7264,780,2026-09-25T18:53:49,w0
Fast Downward,logistic,probLOGISTICS-5-0.pddl,,resolvido,0.03,0.0,8860,600,2026-09-25T18:53:49,w0
Blackbox,logistic,probLOGISTICS-5-1.pddl,,sem-plano,0.0,,4608,600,2026-09-25T18:53:49,w0
IPP,logistic,probLOGISTICS-5-1.pddl,,resolvido,0.0,0.0,3456,420,2026-09-25T18:53:49,w0
FF,logistic,probLOGISTICS-5-1.pddl,,resolvido,0.0,0.0,3328,480,2026-09-25T18:53:49,w0
LPG,logistic,probLOGISTICS-5-1.pddl,1,resolvido,0.06,0.0,110080,540,2026-09-25T18:53:49,w0
LPG,logistic,probLOGISTICS-5-1.pddl,2,resolvido,0.06,0.0,110208,540,2026-09-25T18:53:49,w0
LPG,logistic,probLOGISTICS-5-1.pddl,3,resolvido,0.06,0.01,110080,540,2026-09-25T18:53:49,w0
YAHSP,logistic,probLOGISTICS-5-1.pddl,,resolvido,0.0,0.0,2560,540,2026-09-25T18:53:49,w0
SGPlan,logistic,probLOGISTICS-5-1.pddl,,resolvido,0.01,0.0,19848,480,2026-09-25T18:53:49,w0
SATPlan,logistic,probLOGISTICS-5-1.pddl,,resolvido,0.03,0.01,1920,480,2026-09-25T18:53:49,w0
MaxPlan,logistic,probLOGISTICS-5-1.pddl,,resolvido,0.07,0.02,7268,780,2026-09-25T18:53:49,w0
Fast Downward,logistic,probLOGISTICS-5-1.pddl,,resolvido,0.03,0.0,8856,600,2026-09-25T18:53:49,w0
Blackbox,logistic,probLOGISTICS-5-2.pddl,,sem-plano,0.0,,4608,600,2026-09-25T18:53:49,w0
IPP,logistic,probLOGISTICS-5-2.pddl,,resolvido,0.0,0.0,2688,420,2026-09-25T18:53:49,w0
FF,logistic,probLOGISTICS-5-2.pddl,,resolvido,0.0,0.0,3328,480,2026-09-25T18:53:49,w0
LPG,logistic,probLOGISTICS-5-2.pddl,1,resolvido,0.06,0.0,110080,540,2026-09-25T18:53:49,w0
LPG,logistic,probLOGISTICS-5-2.pddl,2,resolvido,0.06,0.0,110080,540,2026-09-25T18:53:49,w0
LPG,logistic,probLOGISTICS-5-2.pddl,3,resolvido,0.06,0.0,110080,540,2026-09-25T18:53:49,w0
YAHSP,logistic,probLOGISTICS-5-2.pddl,,resolvido,0.0,0.0,2560,540,2026-09-25T18:53:49,w0
SGPlan,logistic,probLOGISTICS-5-2.pddl,,resolvido,0.01,0.0,19844,480,2026-09-25T18:53:49,w0
SATPlan,logistic,probLOGISTICS-5-2.pddl,,resolvido,0.01,0.0,1920,480,2026-09-25T18:53:49,w0
MaxPlan,logistic,probLOGISTICS-5-2.pddl,,resolvido,0.02,0.0,7040,780,2026-09-25T18:53:49,w0
Fast Downward,logistic,probLOGISTICS-5-2.pddl,,resolvido,0.03,0.0,8860,600,2026-09-25T18:53:49,w0
Blackbox,logistic,probLOGISTICS-6-0.pddl,,sem-plano,0.0,,4608,600,2026-09-25T18:53:49,w0
IPP,logistic,probLOGISTICS-6-0.pddl,,resolvido,0.0,0.0,3456,420,2026-09-25T18:53:49,w0
FF,logistic,probLOGISTICS-6-0.pddl,,resolvido,0.0,0.0,3328,480,2026-09-25T18:53:49,w0
LPG,logistic,probLOGISTICS-6-0.pddl,1,resolvido,0.06,0.0,110208,540,2026-09-25T18:53:49,w0
LPG,logistic,probLOGISTICS-6-0.pddl,2,resolvido,0.06,0.0,110208,540,2026-09-25T18:53:50,w0
LPG,logistic,probLOGISTICS-6-0.pddl,3,resolvido,0.06,0.0,110208,540,2026-09-25T18:53:50,w0
YAHSP,logistic,probLOGISTICS-6-0.pddl,,resolvido,0.0,0.0,2560,540,2026-09-25T18:53:50,w0
SGPlan,logistic,probLOGISTICS-6-0.pddl,,resolvido,0.01,0.0,19848,480,2026-09-25T18:53:50,w0
SATPlan,logistic,probLOGISTICS-6-0.pddl,,resolvido,0.03,0.01,1920,480,2026-09-25T18:53:50,w0
MaxPlan,logistic,probLOGISTICS-6-0.pddl,,resolvido,0.07,0.02,7260,780,2026-09-25T18:53:50,w0
Fast Downward,logistic,probLOGISTICS-6-0.pddl,,resolvido,0.03,0.0,8860,600,2026-09-25T18:53:50,w0
Blackbox,logistic,probLOGISTICS-6-1.pddl,,sem-plano,0.0,,4608,600,2026-09-25T18:53:50,w0
IPP,logistic,probLOGISTICS-6-1.pddl,,resolvido,0.0,0.0,3456,420,2026-09-25T18:53:50,w0
FF,logistic,probLOGISTICS-6-1.pddl,,resolvido,0.0,0.0,3200,480,2026-09-25T18:53:50,w0
LPG,logistic,probLOGISTICS-6-1.pddl,1,resolvido,0.06,0.01,109952,540,2026-09-25T18:53:50,w0
LPG,logistic,probLOGISTICS-6-1.pddl,2,resolvido,0.06,0.0,110080,540,2026-09-25T18:53:50,w0
LPG,logistic,probLOGISTICS-6-1.pddl,3,resolvido,0.06,0.01,110080,540,2026-09-25T18:53:50,w0
YAHSP,logistic,probLOGISTICS-6-1.pddl,,resolvido,0.0,0.0,2560,540,2026-09-25T18:53:50,w0
SGPlan,logistic,probLOGISTICS-6-1.pddl,,resolvido,0.01,0.0,19812,480,2026-09-25T18:53:50,w0
SATPlan,logistic,probLOGISTICS-6-1.pddl,,resolvido,0.03,0.01,1920,480,2026-09-25T18:53:50,w0
MaxPlan,logistic,probLOGISTICS-6-1.pddl,,resolvido,0.07,0.02,7264,780,2026-09-25T18:53:50,w0
Fast Downward,logistic,probLOGISTICS-6-1.pddl,,resolvido,0.03,0.0,8860,600,2026-09-25T18:53:50,w0
Blackbox,logistic,probLOGISTICS-6-2.pddl,,sem-plano,0.0,,4608,600,2026-09-25T18:53:50,w0
IPP,logistic,probLOGISTICS-6-2.pddl,,resolvido,0.0,0.0,3456,420,2026-09-25T18:53:50,w0
FF,logistic,probLOGISTICS-6-2.pddl,,resolvido,0.0,0.0,3328,480,2026-09-25T18:53:50,w0
LPG,logistic,probLOGISTICS-6-2.pddl,1,resolvido,0.06,0.01,110336,540,2026-09-25T18:53:50,w0
LPG,logistic,probLOGISTICS-6-2.pddl,2,resolvido,0.06,0.01,110208,540,2026-09-25T18:53:50,w0
LPG,logistic,probLOGISTICS-6-2.pddl,3,resolvido,0.06,0.0,110080,540,2026-09-25T18:53:50,w0
YAHSP,logistic,probLOGISTICS-6-2.pddl,,resolvido,0.0,0.0,2560,540,2026-09-25T18:53:50,w0
SGPlan,logistic,probLOGISTICS-6-2.pddl,,resolvido,0.02,0.0,19852,480,2026-09-25T18:53:50,w0
SATPlan,logistic,probLOGISTICS-6-2.pddl,,resolvido,0.03,0.01,1920,480,2026-09-25T18:53:50,w0
MaxPlan,logistic,probLOGISTICS-6-2.pddl,,resolvido,0.07,0.02,7256,780,2026-09-25T18:53:50,w0
Fast Downward,logistic,probLOGISTICS-6-2.pddl,,resolvido,0.03,0.0,8856,600,2026-09-25T18:53:51,w0
Blackbox,logistic,probLOGISTICS-6-3.pddl,,sem-plano,0.0,,4480,600,2026-09-25T18:53:51,w0
IPP,logistic,probLOGISTICS-6-3.pddl,,resolvido,0.0,0.0,3712,420,2026-09-25T18:53:51,w0
FF,logistic,probLOGISTICS-6-3.pddl,,resolvido,0.0,0.0,3328,480,2026-09-25T18:53:51,w0
LPG,logistic,probLOGISTICS-6-3.pddl,1,resolvido,0.06,0.0,110208,540,2026-09-25T18:53:51,w0
LPG,logistic,probLOGISTICS-6-3.pddl,2,resolvido,0.06,0.01,110080,540,2026-09-25T18:53:51,w0
LPG,logistic,probLOGISTICS-6-3.pddl,3,resolvido,0.06,0.0,110208,540,2026-09-25T18:53:51,w0
YAHSP,logistic,probLOGISTICS-6-3.pddl,,resolvido,0.0,0.0,2560,540,2026-09-25T18:53:51,w0
SGPlan,logistic,probLOGISTICS-6-3.pddl,,resolvido,0.02,0.0,19848,480,2026-09-25T18:53:51,w0
SATPlan,logistic,probLOGISTICS-6-3.pddl,,resolvido,0.05,0.01,1920,480,2026-09-25T18:53:51,w0
MaxPlan,logistic,probLOGISTICS-6-3.pddl,,resolvido,0.12,0.04,7308,780,2026-09-25T18:53:51,w0
Fast Downward,logistic,probLOGISTICS-6-3.pddl,,resolvido,0.03,0.0,8984,600,2026-09-25T18:53:51,w0
Blackbox,logistic,probLOGISTICS-7-0.pddl,,sem-plano,0.0,,5120,600,2026-09-25T18:53:51,w0
IPP,logistic,probLOGISTICS-7-0.pddl,,resolvido,0.27,0.26,9600,420,2026-09-25T18:53:51,w0
FF,logistic,probLOGISTICS-7-0.pddl,,resolvido,0.0,0.0,3712,480,2026-09-25T18:53:51,w0
LPG,logistic,probLOGISTICS-7-0.pddl,1,resolvido,0.07,0.0,110848,540,2026-09-25T18:53:51,w0
LPG,logistic,probLOGISTICS-7-0.pddl,2,resolvido,0.07,0.01,110720,540,2026-09-25T18:53:51,w0
LPG,logistic,probLOGISTICS-7-0.pddl,3,resolvido,0.07,0.01,110592,540,2026-09-25T18:53:51,w0
YAHSP,logistic,probLOGISTICS-7-0.pddl,,resolvido,0.0,0.0,2688,540,2026-09-25T18:53:51,w0
SGPlan,logistic,probLOGISTICS-7-0.pddl,,resolvido,0.02,0.0,20196,480,2026-09-25T18:53:51,w0
SATPlan,logistic,probLOGISTICS-7-0.pddl,,resolvido,0.1,0.05,2304,480,2026-09-25T18:53:51,w0
MaxPlan,logistic,probLOGISTICS-7-0.pddl,,resolvido,0.27,0.08,8108,780,2026-09-25T18:53:52,w0
Fast Downward,logistic,probLOGISTICS-7-0.pddl,,resolvido,0.04,0.0,9372,600,2026-09-25T18:53:52,w0
Blackbox,logistic,probLOGISTICS-7-1.pddl,,sem-plano,0.0,,5120,600,2026-09-25T18:53:52,w0
IPP,logistic,probLOGISTICS-7-1.pddl,,resolvido,4.83,4.81,41984,420,2026-09-25T18:53:52,w0
FF,logistic,probLOGISTICS-7-1.pddl,,resolvido,0.01,0.0,3840,480,2026-09-25T18:53:57,w0
LPG,logistic,probLOGISTICS-7-1.pddl,1,resolvido,0.07,0.0,110720,540,2026-09-25T18:53:57,w0
LPG,logistic,probLOGISTICS-7-1.pddl,2,resolvido,0.06,0.0,110848,540,2026-09-25T18:53:57,w0
LPG,logistic,probLOGISTICS-7-1.pddl,3,resolvido,0.07,0.01,110848,540,2026-09-25T18:53:57,w0
YAHSP,logistic,probLOGISTICS-7-1.pddl,,resolvido,0.0,0.0,2688,540,2026-09-25T18:53:57,w0
SGPlan,logistic,probLOGISTICS-7-1.pddl,,resolvido,0.02,0.0,20184,480,2026-09-25T18:53:57,w0
SATPlan,logistic,probLOGISTICS-7-1.pddl,,resolvido,0.11,0.06,2432,480,2026-09-25T18:53:57,w0
MaxPlan,logistic,probLOGISTICS-7-1.pddl,,resolvido,0.51,0.16,8240,780,2026-09-25T18:53:57,w0
Fast Downward,logistic,probLOGISTICS-7-1.pddl,,resolvido,0.04,0.0,9368,600,2026-09-25T18:53:58,w0
Blackbox,logistic,probLOGISTICS-8-0.pddl,,sem-plano,0.0,,5120,600,2026-09-25T18:53:58,w0
IPP,logistic,probLOGISTICS-8-0.pddl,,resolvido,0.06,0.05,6912,420,2026-09-25T18:53:58,w0
FF,logistic,probLOGISTICS-8-0.pddl,,resolvido,0.0,0.0,3712,480,2026-09-25T18:53:58,w0
LPG,logistic,probLOGISTICS-8-0.pddl,1,resolvido,0.06,0.01,110720,540,2026-09-25T18:53:58,w0
LPG,logistic,probLOGISTICS-8-0.pddl,2,resolvido,0.06,0.01,110592,540,2026-09-25T18:53:58,w0
LPG,logistic,probLOGISTICS-8-0.pddl,3,resolvido,0.07,0.01,110720,540,2026-09-25T18:53:58,w0
YAHSP,logistic,probLOGISTICS-8-0.pddl,,resolvido,0.0,0.0,2688,540,2026-09-25T18:53:58,w0
SGPlan,logistic,probLOGISTICS-8-0.pddl,,resolvido,0.02,0.0,20188,480,2026-09-25T18:53:58,w0
SATPlan,logistic,probLOGISTICS-8-0.pddl,,resolvido,0.08,0.04,2304,480,2026-09-25T18:53:58,w0
MaxPlan,logistic,probLOGISTICS-8-0.pddl,,resolvido,0.24,0.08,8084,780,2026-09-25T18:53:58,w0
Fast Downward,logistic,probLOGISTICS-8-0.pddl,,resolvido,0.04,0.0,9368,600,2026-09-25T18:53:58,w0
Blackbox,logistic,probLOGISTICS-8-1.pddl,,sem-plano,0.0,,5120,600,2026-09-25T18:53:58,w0
IPP,logistic,probLOGISTICS-8-1.pddl,,resolvido,0.24,0.23,9344,420,2026-09-25T18:53:58,w0
FF,logistic,probLOGISTICS-8-1.pddl,,resolvido,0.0,0.0,3840,480,2026-09-25T18:53:59,w0
LPG,logistic,probLOGISTICS-8-1.pddl,1,resolvido,0.07,0.01,110720,540,2026-09-25T18:53:59,w0
LPG,logistic,probLOGISTICS-8-1.pddl,2,resolvido,0.07,0.0,110720,540,2026-09-25T18:53:59,w0
LPG,logistic,probLOGISTICS-8-1.pddl,3,resolvido,0.07,0.01,110720,540,2026-09-25T18:53:59,w0
YAHSP,logistic,probLOGISTICS-8-1.pddl,,resolvido,0.0,0.0,2688,540,2026-09-25T18:53:59,w0
SGPlan,logistic,probLOGISTICS-8-1.pddl,,resolvido,0.02,0.0,20188,480,2026-09-25T18:53:59,w0
SATPlan,logistic,probLOGISTICS-8-1.pddl,,resolvido,0.1,0.05,2304,480,2026-09-25T18:53:59,w0
MaxPlan,logistic,probLOGISTICS-8-1.pddl,,resolvido,0.37,0.13,8112,780,2026-09-25T18:53:59,w0
Fast Downward,logistic,probLOGISTICS-8-1.pddl,,resolvido,0.04,0.0,9372,600,2026-09-25T18:53:59,w0
Blackbox,logistic,probLOGISTICS-9-0.pddl,,sem-plano,0.0,,5120,600,2026-09-25T18:53:59,w0
IPP,logistic,probLOGISTICS-9-0.pddl,,resolvido,0.02,0.01,5888,420,2026-09-25T18:53:59,w0
FF,logistic,probLOGISTICS-9-0.pddl,,resolvido,0.0,0.0,3712,480,2026-09-25T18:53:59,w0
LPG,logistic,probLOGISTICS-9-0.pddl,1,resolvido,0.07,0.0,110720,540,2026-09-25T18:53:59,w0
LPG,logistic,probLOGISTICS-9-0.pddl,2,resolvido,0.06,0.01,110720,540,2026-09-25T18:53:59,w0
LPG,logistic,probLOGISTICS-9-0.pddl,3,resolvido,0.07,0.01,110720,540,2026-09-25T18:53:59,w0
YAHSP,logistic,probLOGISTICS-9-0.pddl,,resolvido,0.0,0.0,2688,540,2026-09-25T18:53:59,w0
SGPlan,logistic,probLOGISTICS-9-0.pddl,,resolvido,0.02,0.0,20184,480,2026-09-25T18:53:59,w0
SATPlan,logistic,probLOGISTICS-9-0.pddl,,resolvido,0.08,0.03,2304,480,2026-09-25T18:53:59,w0
MaxPlan,logistic,probLOGISTICS-9-0.pddl,,resolvido,0.2,0.07,8088,780,2026-09-25T18:54:00,w0
Fast Downward,logistic,probLOGISTICS-9-0.pddl,,resolvido,0.04,0.0,9244,600,2026-09-25T18:54:00,w0
Blackbox,logistic,probLOGISTICS-9-1.pddl,,sem-plano,0.0,,5120,600,2026-09-25T18:54:00,w0
IPP,logistic,probLOGISTICS-9-1.pddl,,resolvido,0.01,0.0,5504,420,2026-09-25T18:54:00,w0
FF,logistic,probLOGISTICS-9-1.pddl,,resolvido,0.0,0.0,3712,480,2026-09-25T18:54:00,w0
LPG,logistic,probLOGISTICS-9-1.pddl,1,resolvido,0.06,0.0,110720,540,2026-09-25T18:54:00,w0
LPG,logistic,probLOGISTICS-9-1.pddl,2,resolvido,0.06,0.0,110848,540,2026-09-25T18:54:00,w0
LPG,logistic,probLOGISTICS-9-1.pddl,3,resolvido,0.06,0.0,110848,540,2026-09-25T18:54:00,w0
YAHSP,logistic,probLOGISTICS-9-1.pddl,,resolvido,0.0,0.0,2560,540,2026-09-25T18:54:00,w0
SGPlan,logistic,probLOGISTICS-9-1.pddl,,resolvido,0.02,0.0,20192,480,2026-09-25T18:54:00,w0
SATPlan,logistic,probLOGISTICS-9-1.pddl,,resolvido,0.07,0.03,2176,480,2026-09-25T18:54:00,w0
MaxPlan,logistic,probLOGISTICS-9-1.pddl,,resolvido,0.13,0.04,7956,780,2026-09-25T18:54:00,w0
Fast Downward,logistic,probLOGISTICS-9-1.pddl,,resolvido,0.04,0.0,9372,600,2026-09-25T18:54:00,w0
Blackbox,blocksworld,probBLOCKS-10-0.pddl,,resolvido,0.36,0.35,110080,600,2026-09-25T18:54:00,w0
IPP,blocksworld,probBLOCKS-10-0.pddl,,resolvido,0.06,0.05,12544,420,2026-09-25T18:54:01,w0
FF,blocksworld,probBLOCKS-10-0.pddl,,resolvido,0.0,0.0,3968,480,2026-09-25T18:54:01,w0
LPG,blocksworld,probBLOCKS-10-0.pddl,1,resolvido,0.08,0.03,111616,540,2026-09-25T18:54:01,w0
LPG,blocksworld,probBLOCKS-10-0.pddl,2,resolvido,0.08,0.02,111360,540,2026-09-25T18:54:01,w0
LPG,blocksworld,probBLOCKS-10-0.pddl,3,resolvido,0.08,0.01,111232,540,2026-09-25T18:54:01,w0
YAHSP,blocksworld,probBLOCKS-10-0.pddl,,resolvido,0.82,0.8,8960,540,2026-09-25T18:54:01,w0
SGPlan,blocksworld,probBLOCKS-10-0.pddl,,resolvido,0.01,0.0,20652,480,2026-09-25T18:54:02,w0
SATPlan,blocksworld,probBLOCKS-10-0.pddl,,resolvido,1.42,1.07,13184,480,2026-09-25T18:54:02,w0
IPP,logistic,probLOGISTICS-14-1.pddl,,estourou,420.14,,,420,2026-09-25T18:47:09,w1
Fast Downward,blocksworld,probBLOCKS-10-0.pddl,,resolvido,0.06,0.0,9880,600,2026-09-25T18:54:09,w1
Blackbox,blocksworld,probBLOCKS-10-1.pddl,,resolvido,9.71,9.69,149376,600,2026-09-25T18:54:09,w1
IPP,blocksworld,probBLOCKS-10-1.pddl,,resolvido,2.01,2.0,67072,420,2026-09-25T18:54:18,w1
FF,blocksworld,probBLOCKS-10-1.pddl,,resolvido,0.07,0.06,8192,480,2026-09-25T18:54:20,w1
LPG,blocksworld,probBLOCKS-10-1.pddl,1,resolvido,0.09,0.03,112000,540,2026-09-25T18:54:21,w1
LPG,blocksworld,probBLOCKS-10-1.pddl,2,resolvido,0.08,0.02,111360,540,2026-09-25T18:54:21,w1
LPG,blocksworld,probBLOCKS-10-1.pddl,3,resolvido,0.08,0.02,111616,540,2026-09-25T18:54:21,w1
YAHSP,blocksworld,probBLOCKS-10-1.pddl,,resolvido,0.48,0.47,6400,540,2026-09-25T18:54:21,w1
SGPlan,blocksworld,probBLOCKS-10-1.pddl,,resolvido,2.02,2.01,153748,480,2026-09-25T18:54:21,w1
SATPlan,blocksworld,probBLOCKS-10-1.pddl,,resolvido,1.8,1.41,14208,480,2026-09-25T18:54:23,w1
IPP,logistic,probLOGISTICS-15-0.pddl,,estourou,420.18,,,420,2026-09-25T18:50:15,w3
Fast Downward,blocksworld,probBLOCKS-10-1.pddl,,resolvido,0.06,0.0,9884,600,2026-09-25T18:57:15,w3
Blackbox,blocksworld,probBLOCKS-10-2.pddl,,resolvido,0.92,0.91,111744,600,2026-09-25T18:57:15,w3
IPP,blocksworld,probBLOCKS-10-2.pddl,,resolvido,0.15,0.13,15616,420,2026-09-25T18:57:16,w3
FF,blocksworld,probBLOCKS-10-2.pddl,,resolvido,0.01,0.0,4096,480,2026-09-25T18:57:16,w3
LPG,blocksworld,probBLOCKS-10-2.pddl,1,resolvido,0.08,0.02,111232,540,2026-09-25T18:57:16,w3
LPG,blocksworld,probBLOCKS-10-2.pddl,2,resolvido,0.08,0.01,111232,540,2026-09-25T18:57:16,w3
LPG,blocksworld,probBLOCKS-10-2.pddl,3,resolvido,0.08,0.03,111360,540,2026-09-25T18:57:16,w3
YAHSP,blocksworld,probBLOCKS-10-2.pddl,,resolvido,0.04,0.03,2944,540,2026-09-25T18:57:16,w3
SGPlan,blocksworld,probBLOCKS-10-2.pddl,,resolvido,0.17,0.15,31148,480,2026-09-25T18:57:16,w3
SATPlan,blocksworld,probBLOCKS-10-2.pddl,,resolvido,1.51,1.13,13184,480,2026-09-25T18:57:16,w3
IPP,logistic,probLOGISTICS-15-1.pddl,,estourou,420.25,,,420,2026-09-25T18:52:52,w2
Fast Downward,blocksworld,probBLOCKS-10-2.pddl,,resolvido,0.06,0.0,9884,600,2026-09-25T18:59:52,w2
Blackbox,blocksworld,probBLOCKS-11-0.pddl,,resolvido,12.3,12.28,170368,600,2026-09-25T18:59:52,w2
IPP,blocksworld,probBLOCKS-11-0.pddl,,resolvido,1.94,1.93,56192,420,2026-09-25T19:00:04,w2
FF,blocksworld,probBLOCKS-11-0.pddl,,resolvido,0.01,0.0,4224,480,2026-09-25T19:00:06,w2
LPG,blocksworld,probBLOCKS-11-0.pddl,1,resolvido,0.09,0.03,111744,540,2026-09-25T19:00:06,w2
LPG,blocksworld,probBLOCKS-11-0.pddl,2,resolvido,0.09,0.02,111616,540,2026-09-25T19:00:06,w2
LPG,blocksworld,probBLOCKS-11-0.pddl,3,resolvido,0.08,0.02,111488,540,2026-09-25T19:00:06,w2
YAHSP,blocksworld,probBLOCKS-11-0.pddl,,resolvido,0.02,0.01,2816,540,2026-09-25T19:00:07,w2
SGPlan,blocksworld,probBLOCKS-11-0.pddl,,resolvido,1.36,1.34,126656,480,2026-09-25T19:00:07,w2
SATPlan,blocksworld,probBLOCKS-11-0.pddl,,resolvido,2.99,2.39,20864,480,2026-09-25T19:00:08,w2
MaxPlan,blocksworld,probBLOCKS-10-0.pddl,,estourou,780.15,,,780,2026-09-25T18:54:03,w0
Fast Downward,blocksworld,probBLOCKS-11-0.pddl,,resolvido,0.07,0.01,10136,600,2026-09-25T19:07:03,w0
MaxPlan,blocksworld,probBLOCKS-10-1.pddl,,estourou,780.13,,,780,2026-09-25T18:54:25,w1
IPP,blocksworld,probBLOCKS-11-1.pddl,,resolvido,74.55,74.42,1366656,420,2026-09-25T19:07:25,w1
MaxPlan,blocksworld,probBLOCKS-10-2.pddl,,estourou,780.15,,,780,2026-09-25T18:57:18,w3
LPG,blocksworld,probBLOCKS-11-1.pddl,1,resolvido,0.09,0.02,111616,540,2026-09-25T19:10:18,w3
LPG,blocksworld,probBLOCKS-11-1.pddl,2,resolvido,0.09,0.03,111744,540,2026-09-25T19:10:18,w3
LPG,blocksworld,probBLOCKS-11-1.pddl,3,resolvido,0.09,0.03,111616,540,2026-09-25T19:10:18,w3
YAHSP,blocksworld,probBLOCKS-11-1.pddl,,resolvido,0.09,0.08,3328,540,2026-09-25T19:10:18,w3
SGPlan,blocksworld,probBLOCKS-11-1.pddl,,resolvido,11.16,11.13,255348,480,2026-09-25T19:10:18,w3
SATPlan,blocksworld,probBLOCKS-11-1.pddl,,resolvido,4.57,3.9,23296,480,2026-09-25T19:10:30,w3
MaxPlan,blocksworld,probBLOCKS-11-0.pddl,,estourou,780.16,,,780,2026-09-25T19:00:11,w2
Fast Downward,blocksworld,probBLOCKS-11-1.pddl,,resolvido,0.07,0.0,10140,600,2026-09-25T19:13:11,w2
Blackbox,blocksworld,probBLOCKS-11-2.pddl,,resolvido,5.05,5.03,158976,600,2026-09-25T19:13:11,w2
IPP,blocksworld,probBLOCKS-11-2.pddl,,resolvido,0.76,0.75,45824,420,2026-09-25T19:13:16,w2
FF,blocksworld,probBLOCKS-11-2.pddl,,resolvido,0.0,0.0,4096,480,2026-09-25T19:13:17,w2
LPG,blocksworld,probBLOCKS-11-2.pddl,1,resolvido,0.08,0.02,111104,540,2026-09-25T19:13:17,w2
LPG,blocksworld,probBLOCKS-11-2.pddl,2,resolvido,0.08,0.02,111616,540,2026-09-25T19:13:17,w2
LPG,blocksworld,probBLOCKS-11-2.pddl,3,resolvido,0.09,0.03,112000,540,2026-09-25T19:13:17,w2
YAHSP,blocksworld,probBLOCKS-11-2.pddl,,resolvido,0.06,0.05,3072,540,2026-09-25T19:13:17,w2
SGPlan,blocksworld,probBLOCKS-11-2.pddl,,resolvido,0.02,0.0,20932,480,2026-09-25T19:13:17,w2
SATPlan,blocksworld,probBLOCKS-11-2.pddl,,resolvido,2.33,1.75,20992,480,2026-09-25T19:13:17,w2
Blackbox,blocksworld,probBLOCKS-11-1.pddl,,resolvido,487.7,488.0,824320,600,2026-09-25T19:07:03,w0
Fast Downward,blocksworld,probBLOCKS-11-2.pddl,,resolvido,0.06,0.0,10264,600,2026-09-25T19:15:11,w0
Blackbox,blocksworld,probBLOCKS-12-0.pddl,,resolvido,2.53,2.51,173184,600,2026-09-25T19:15:11,w0
IPP,blocksworld,probBLOCKS-12-0.pddl,,resolvido,0.37,0.36,22144,420,2026-09-25T19:15:14,w0
FF,blocksworld,probBLOCKS-12-0.pddl,,resolvido,0.02,0.01,5248,480,2026-09-25T19:15:14,w0
LPG,blocksworld,probBLOCKS-12-0.pddl,1,resolvido,0.09,0.04,112256,540,2026-09-25T19:15:14,w0
LPG,blocksworld,probBLOCKS-12-0.pddl,2,resolvido,0.09,0.02,112128,540,2026-09-25T19:15:14,w0
LPG,blocksworld,probBLOCKS-12-0.pddl,3,resolvido,0.09,0.03,112256,540,2026-09-25T19:15:14,w0
YAHSP,blocksworld,probBLOCKS-12-0.pddl,,resolvido,0.07,0.06,3200,540,2026-09-25T19:15:14,w0
SGPlan,blocksworld,probBLOCKS-12-0.pddl,,resolvido,2.64,2.61,203520,480,2026-09-25T19:15:14,w0
SATPlan,blocksworld,probBLOCKS-12-0.pddl,,resolvido,3.03,2.4,25216,480,2026-09-25T19:15:17,w0
FF,blocksworld,probBLOCKS-11-1.pddl,,estourou,480.15,,,480,2026-09-25T19:08:40,w1
Fast Downward,blocksworld,probBLOCKS-12-0.pddl,,resolvido,0.07,0.01,10652,600,2026-09-25T19:16:40,w1
Blackbox,blocksworld,probBLOCKS-12-1.pddl,,resolvido,1.28,1.27,158080,600,2026-09-25T19:16:40,w1
IPP,blocksworld,probBLOCKS-12-1.pddl,,resolvido,0.18,0.17,16384,420,2026-09-25T19:16:41,w1
FF,blocksworld,probBLOCKS-12-1.pddl,,resolvido,0.01,0.0,4480,480,2026-09-25T19:16:41,w1
LPG,blocksworld,probBLOCKS-12-1.pddl,1,resolvido,0.09,0.03,112128,540,2026-09-25T19:16:41,w1
LPG,blocksworld,probBLOCKS-12-1.pddl,2,resolvido,0.09,0.03,112000,540,2026-09-25T19:16:42,w1
LPG,blocksworld,probBLOCKS-12-1.pddl,3,resolvido,0.08,0.02,111872,540,2026-09-25T19:16:42,w1
YAHSP,blocksworld,probBLOCKS-12-1.pddl,,resolvido,0.23,0.22,4224,540,2026-09-25T19:16:42,w1
SGPlan,blocksworld,probBLOCKS-12-1.pddl,,resolvido,0.02,0.0,21080,480,2026-09-25T19:16:42,w1
SATPlan,blocksworld,probBLOCKS-12-1.pddl,,resolvido,2.36,1.84,22912,480,2026-09-25T19:16:42,w1
MaxPlan,blocksworld,probBLOCKS-11-1.pddl,,estourou,780.0,,,780,2026-09-25T19:10:34,w3
Fast Downward,blocksworld,probBLOCKS-12-1.pddl,,resolvido,0.07,0.0,10648,600,2026-09-25T19:23:34,w3
MaxPlan,blocksworld,probBLOCKS-11-2.pddl,,estourou,780.07,,,780,2026-09-25T19:13:20,w2
IPP,blocksworld,probBLOCKS-13-0.pddl,,resolvido,92.07,91.86,2447744,420,2026-09-25T19:26:20,w2
FF,blocksworld,probBLOCKS-13-0.pddl,,resolvido,0.01,0.0,4736,480,2026-09-25T19:27:52,w2
LPG,blocksworld,probBLOCKS-13-0.pddl,1,resolvido,0.12,0.07,114304,540,2026-09-25T19:27:52,w2
LPG,blocksworld,probBLOCKS-13-0.pddl,2,resolvido,0.12,0.07,114048,540,2026-09-25T19:27:52,w2
LPG,blocksworld,probBLOCKS-13-0.pddl,3,resolvido,0.11,0.05,113536,540,2026-09-25T19:27:52,w2
YAHSP,blocksworld,probBLOCKS-13-0.pddl,,resolvido,2.12,2.09,14848,540,2026-09-25T19:27:52,w2
SGPlan,blocksworld,probBLOCKS-13-0.pddl,,resolvido,0.02,0.01,21388,480,2026-09-25T19:27:54,w2
SATPlan,blocksworld,probBLOCKS-13-0.pddl,,resolvido,6.3,4.99,41472,480,2026-09-25T19:27:54,w2
MaxPlan,blocksworld,probBLOCKS-12-0.pddl,,estourou,780.04,,,780,2026-09-25T19:15:20,w0
Fast Downward,blocksworld,probBLOCKS-13-0.pddl,,resolvido,0.09,0.02,11036,600,2026-09-25T19:28:20,w0
MaxPlan,blocksworld,probBLOCKS-12-1.pddl,,estourou,780.16,,,780,2026-09-25T19:16:44,w1
IPP,blocksworld,probBLOCKS-13-1.pddl,,resolvido,52.92,52.83,1067648,420,2026-09-25T19:29:45,w1
FF,blocksworld,probBLOCKS-13-1.pddl,,resolvido,1.14,1.13,45184,480,2026-09-25T19:30:37,w1
LPG,blocksworld,probBLOCKS-13-1.pddl,1,resolvido,0.09,0.04,112640,540,2026-09-25T19:30:39,w1
LPG,blocksworld,probBLOCKS-13-1.pddl,2,resolvido,0.1,0.04,112768,540,2026-09-25T19:30:39,w1
LPG,blocksworld,probBLOCKS-13-1.pddl,3,resolvido,0.11,0.05,113536,540,2026-09-25T19:30:39,w1
YAHSP,blocksworld,probBLOCKS-13-1.pddl,,resolvido,2.24,2.22,16128,540,2026-09-25T19:30:39,w1
SGPlan,blocksworld,probBLOCKS-13-1.pddl,,resolvido,3.61,3.58,270792,480,2026-09-25T19:30:41,w1
SATPlan,blocksworld,probBLOCKS-13-1.pddl,,resolvido,6.19,4.95,41472,480,2026-09-25T19:30:45,w1
Blackbox,blocksworld,probBLOCKS-13-0.pddl,,estourou,600.18,,,600,2026-09-25T19:23:34,w3
Fast Downward,blocksworld,probBLOCKS-13-1.pddl,,resolvido,0.08,0.01,10908,600,2026-09-25T19:33:34,w3
Blackbox,blocksworld,probBLOCKS-13-1.pddl,,resolvido,408.27,409.0,705536,600,2026-09-25T19:28:20,w0
IPP,blocksworld,probBLOCKS-14-0.pddl,,resolvido,37.98,37.92,509952,420,2026-09-25T19:35:09,w0
FF,blocksworld,probBLOCKS-14-0.pddl,,resolvido,0.01,0.0,4992,480,2026-09-25T19:35:47,w0
LPG,blocksworld,probBLOCKS-14-0.pddl,1,resolvido,0.12,0.05,113664,540,2026-09-25T19:35:47,w0
LPG,blocksworld,probBLOCKS-14-0.pddl,2,resolvido,0.14,0.08,114816,540,2026-09-25T19:35:47,w0
LPG,blocksworld,probBLOCKS-14-0.pddl,3,resolvido,0.12,0.06,113536,540,2026-09-25T19:35:47,w0
YAHSP,blocksworld,probBLOCKS-14-0.pddl,,resolvido,0.77,0.76,7168,540,2026-09-25T19:35:47,w0
Blackbox,blocksworld,probBLOCKS-14-0.pddl,,resolvido,275.58,275.0,528768,600,2026-09-25T19:33:35,w3
SATPlan,blocksworld,probBLOCKS-14-0.pddl,,resolvido,8.1,6.66,51968,480,2026-09-25T19:38:10,w3
SGPlan,blocksworld,probBLOCKS-14-0.pddl,,sem-plano,201.5,,413548,480,2026-09-25T19:35:48,w0
Fast Downward,blocksworld,probBLOCKS-14-0.pddl,,resolvido,0.09,0.01,11292,600,2026-09-25T19:39:09,w0
MaxPlan,blocksworld,probBLOCKS-13-0.pddl,,estourou,780.13,,,780,2026-09-25T19:28:01,w2
MaxPlan,blocksworld,probBLOCKS-13-1.pddl,,estourou,780.06,,,780,2026-09-25T19:30:51,w1
FF,blocksworld,probBLOCKS-14-1.pddl,,resolvido,0.01,0.0,5632,480,2026-09-25T19:43:51,w1
LPG,blocksworld,probBLOCKS-14-1.pddl,1,resolvido,0.13,0.06,114048,540,2026-09-25T19:43:51,w1
LPG,blocksworld,probBLOCKS-14-1.pddl,2,resolvido,0.13,0.07,114176,540,2026-09-25T19:43:51,w1
LPG,blocksworld,probBLOCKS-14-1.pddl,3,resolvido,0.12,0.06,113792,540,2026-09-25T19:43:51,w1
YAHSP,blocksworld,probBLOCKS-14-1.pddl,,resolvido,1.33,1.32,10752,540,2026-09-25T19:43:51,w1
SGPlan,blocksworld,probBLOCKS-14-1.pddl,,resolvido,3.93,3.9,279080,480,2026-09-25T19:43:53,w1
SATPlan,blocksworld,probBLOCKS-14-1.pddl,,resolvido,12.95,11.11,59776,480,2026-09-25T19:43:57,w1
IPP,blocksworld,probBLOCKS-14-1.pddl,,sem-plano,414.2,,4190336,420,2026-09-25T19:41:01,w2
Fast Downward,blocksworld,probBLOCKS-14-1.pddl,,resolvido,0.1,0.01,11292,600,2026-09-25T19:47:55,w2
Blackbox,blocksworld,probBLOCKS-14-1.pddl,,estourou,600.15,,,600,2026-09-25T19:39:09,w0
MaxPlan,blocksworld,probBLOCKS-14-0.pddl,,estourou,780.15,,,780,2026-09-25T19:38:18,w3
IPP,blocksworld,probBLOCKS-15-0.pddl,,sem-plano,331.3,,4190208,420,2026-09-25T19:49:09,w0
LPG,blocksworld,probBLOCKS-15-0.pddl,1,resolvido,0.14,0.08,114944,540,2026-09-25T19:54:41,w0
LPG,blocksworld,probBLOCKS-15-0.pddl,2,resolvido,0.12,0.07,114176,540,2026-09-25T19:54:41,w0
LPG,blocksworld,probBLOCKS-15-0.pddl,3,resolvido,0.13,0.07,114432,540,2026-09-25T19:54:41,w0
YAHSP,blocksworld,probBLOCKS-15-0.pddl,,resolvido,6.34,6.29,32512,540,2026-09-25T19:54:41,w0
SGPlan,blocksworld,probBLOCKS-15-0.pddl,,resolvido,0.02,0.01,22292,480,2026-09-25T19:54:47,w0
SATPlan,blocksworld,probBLOCKS-15-0.pddl,,resolvido,15.72,12.25,93056,480,2026-09-25T19:54:48,w0
MaxPlan,blocksworld,probBLOCKS-14-1.pddl,,estourou,780.07,,,780,2026-09-25T19:44:10,w1
Fast Downward,blocksworld,probBLOCKS-15-0.pddl,,resolvido,0.14,0.04,11800,600,2026-09-25T19:57:10,w1
Blackbox,blocksworld,probBLOCKS-15-0.pddl,,estourou,600.16,,,600,2026-09-25T19:47:55,w2
FF,blocksworld,probBLOCKS-15-0.pddl,,estourou,480.23,,,480,2026-09-25T19:51:18,w3
FF,blocksworld,probBLOCKS-15-1.pddl,,resolvido,0.01,0.0,5248,480,2026-09-25T19:59:19,w3
LPG,blocksworld,probBLOCKS-15-1.pddl,1,resolvido,0.15,0.08,115200,540,2026-09-25T19:59:19,w3
LPG,blocksworld,probBLOCKS-15-1.pddl,2,resolvido,0.18,0.12,117248,540,2026-09-25T19:59:19,w3
LPG,blocksworld,probBLOCKS-15-1.pddl,3,resolvido,0.16,0.1,116224,540,2026-09-25T19:59:19,w3
YAHSP,blocksworld,probBLOCKS-15-1.pddl,,resolvido,36.4,36.22,148736,540,2026-09-25T19:59:19,w3
SGPlan,blocksworld,probBLOCKS-15-1.pddl,,resolvido,3.02,3.0,206372,480,2026-09-25T19:59:55,w3
SATPlan,blocksworld,probBLOCKS-15-1.pddl,,resolvido,15.48,12.16,92032,480,2026-09-25T19:59:59,w3
IPP,blocksworld,probBLOCKS-15-1.pddl,,sem-plano,169.41,,4190208,420,2026-09-25T19:57:55,w2
Fast Downward,blocksworld,probBLOCKS-15-1.pddl,,resolvido,0.11,0.02,11932,600,2026-09-25T20:00:45,w2
Blackbox,blocksworld,probBLOCKS-15-1.pddl,,estourou,600.16,,,600,2026-09-25T19:57:10,w1
MaxPlan,blocksworld,probBLOCKS-15-0.pddl,,estourou,780.16,,,780,2026-09-25T19:55:03,w0
Blackbox,blocksworld,probBLOCKS-16-1.pddl,,estourou,600.16,,,600,2026-09-25T20:00:45,w2
LPG,blocksworld,probBLOCKS-16-1.pddl,1,resolvido,0.14,0.09,115200,540,2026-09-25T20:10:45,w2
LPG,blocksworld,probBLOCKS-16-1.pddl,2,resolvido,0.17,0.11,116864,540,2026-09-25T20:10:45,w2
LPG,blocksworld,probBLOCKS-16-1.pddl,3,resolvido,0.16,0.09,116736,540,2026-09-25T20:10:45,w2
YAHSP,blocksworld,probBLOCKS-16-1.pddl,,resolvido,8.1,8.03,41600,540,2026-09-25T20:10:45,w2
SGPlan,blocksworld,probBLOCKS-16-1.pddl,,resolvido,2.45,2.43,135392,480,2026-09-25T20:10:53,w2
SATPlan,blocksworld,probBLOCKS-16-1.pddl,,resolvido,32.79,26.2,126976,480,2026-09-25T20:10:56,w2
IPP,blocksworld,probBLOCKS-16-1.pddl,,sem-plano,288.22,,4190336,420,2026-09-25T20:07:10,w1
Fast Downward,blocksworld,probBLOCKS-16-1.pddl,,resolvido,0.12,0.02,12188,600,2026-09-25T20:11:58,w1
MaxPlan,blocksworld,probBLOCKS-15-1.pddl,,estourou,780.15,,,780,2026-09-25T20:00:14,w3
FF,blocksworld,probBLOCKS-16-1.pddl,,estourou,480.22,,,480,2026-09-25T20:08:03,w0
FF,blocksworld,probBLOCKS-16-2.pddl,,resolvido,0.01,0.0,5504,480,2026-09-25T20:16:04,w0
LPG,blocksworld,probBLOCKS-16-2.pddl,1,resolvido,0.16,0.1,116224,540,2026-09-25T20:16:04,w0
LPG,blocksworld,probBLOCKS-16-2.pddl,2,resolvido,0.13,0.07,114944,540,2026-09-25T20:16:04,w0
LPG,blocksworld,probBLOCKS-16-2.pddl,3,resolvido,0.14,0.07,114944,540,2026-09-25T20:16:04,w0
YAHSP,blocksworld,probBLOCKS-16-2.pddl,,resolvido,1.58,1.57,10240,540,2026-09-25T20:16:04,w0
SGPlan,blocksworld,probBLOCKS-16-2.pddl,,resolvido,0.02,0.01,22388,480,2026-09-25T20:16:06,w0
SATPlan,blocksworld,probBLOCKS-16-2.pddl,,resolvido,19.18,14.84,106624,480,2026-09-25T20:16:06,w0
IPP,blocksworld,probBLOCKS-16-2.pddl,,estourou,420.34,,,420,2026-09-25T20:13:14,w3
Fast Downward,blocksworld,probBLOCKS-16-2.pddl,,resolvido,0.19,0.09,12312,600,2026-09-25T20:20:14,w3
Blackbox,blocksworld,probBLOCKS-16-2.pddl,,estourou,600.16,,,600,2026-09-25T20:11:58,w1
MaxPlan,blocksworld,probBLOCKS-16-1.pddl,,estourou,780.16,,,780,2026-09-25T20:11:29,w2
IPP,blocksworld,probBLOCKS-17-0.pddl,,sem-plano,380.45,,4190464,420,2026-09-25T20:21:58,w1
LPG,blocksworld,probBLOCKS-17-0.pddl,1,resolvido,0.36,0.3,119936,540,2026-09-25T20:28:19,w1
LPG,blocksworld,probBLOCKS-17-0.pddl,2,resolvido,0.17,0.11,116224,540,2026-09-25T20:28:19,w1
LPG,blocksworld,probBLOCKS-17-0.pddl,3,resolvido,0.17,0.1,116608,540,2026-09-25T20:28:19,w1
YAHSP,blocksworld,probBLOCKS-17-0.pddl,,resolvido,0.6,0.59,5632,540,2026-09-25T20:28:20,w1
MaxPlan,blocksworld,probBLOCKS-16-2.pddl,,estourou,780.06,,,780,2026-09-25T20:16:25,w0
Blackbox,blocksworld,probBLOCKS-17-0.pddl,,estourou,600.15,,,600,2026-09-25T20:20:15,w3
SATPlan,blocksworld,probBLOCKS-17-0.pddl,,resolvido,65.99,55.95,159488,480,2026-09-25T20:29:25,w0
Fast Downward,blocksworld,probBLOCKS-17-0.pddl,,resolvido,0.2,0.08,14336,600,2026-09-25T20:30:31,w0
Blackbox,blocksworld,probBLOCKS-4-0.pddl,,resolvido,0.01,0.0,7552,600,2026-09-25T20:30:31,w0
IPP,blocksworld,probBLOCKS-4-0.pddl,,resolvido,0.0,0.0,2688,420,2026-09-25T20:30:31,w0
FF,blocksworld,probBLOCKS-4-0.pddl,,resolvido,0.0,0.0,3072,480,2026-09-25T20:30:31,w0
LPG,blocksworld,probBLOCKS-4-0.pddl,1,resolvido,0.06,0.01,109952,540,2026-09-25T20:30:31,w0
LPG,blocksworld,probBLOCKS-4-0.pddl,2,resolvido,0.06,0.01,109952,540,2026-09-25T20:30:31,w0
LPG,blocksworld,probBLOCKS-4-0.pddl,3,resolvido,0.06,0.0,109952,540,2026-09-25T20:30:31,w0
YAHSP,blocksworld,probBLOCKS-4-0.pddl,,resolvido,0.0,0.0,2432,540,2026-09-25T20:30:31,w0
SGPlan,blocksworld,probBLOCKS-4-0.pddl,,resolvido,0.01,0.0,19920,480,2026-09-25T20:30:31,w0
SATPlan,blocksworld,probBLOCKS-4-0.pddl,,resolvido,0.03,0.0,1920,480,2026-09-25T20:30:31,w0
MaxPlan,blocksworld,probBLOCKS-4-0.pddl,,resolvido,0.04,0.01,7028,780,2026-09-25T20:30:31,w0
Fast Downward,blocksworld,probBLOCKS-4-0.pddl,,resolvido,0.03,0.0,8604,600,2026-09-25T20:30:31,w0
Blackbox,blocksworld,probBLOCKS-4-1.pddl,,resolvido,0.01,0.0,7936,600,2026-09-25T20:30:31,w0
IPP,blocksworld,probBLOCKS-4-1.pddl,,resolvido,0.0,0.0,2816,420,2026-09-25T20:30:31,w0
FF,blocksworld,probBLOCKS-4-1.pddl,,resolvido,0.0,0.0,3072,480,2026-09-25T20:30:31,w0
LPG,blocksworld,probBLOCKS-4-1.pddl,1,resolvido,0.06,0.0,110080,540,2026-09-25T20:30:31,w0
LPG,blocksworld,probBLOCKS-4-1.pddl,2,resolvido,0.06,0.0,109952,540,2026-09-25T20:30:31,w0
LPG,blocksworld,probBLOCKS-4-1.pddl,3,resolvido,0.06,0.0,109824,540,2026-09-25T20:30:32,w0
YAHSP,blocksworld,probBLOCKS-4-1.pddl,,resolvido,0.0,0.0,2560,540,2026-09-25T20:30:32,w0
SGPlan,blocksworld,probBLOCKS-4-1.pddl,,resolvido,0.01,0.0,19924,480,2026-09-25T20:30:32,w0
SATPlan,blocksworld,probBLOCKS-4-1.pddl,,resolvido,0.03,0.01,1920,480,2026-09-25T20:30:32,w0
MaxPlan,blocksworld,probBLOCKS-4-1.pddl,,resolvido,0.06,0.02,7108,780,2026-09-25T20:30:32,w0
Fast Downward,blocksworld,probBLOCKS-4-1.pddl,,resolvido,0.03,0.0,8732,600,2026-09-25T20:30:32,w0
Blackbox,blocksworld,probBLOCKS-4-2.pddl,,resolvido,0.01,0.0,7040,600,2026-09-25T20:30:32,w0
IPP,blocksworld,probBLOCKS-4-2.pddl,,resolvido,0.0,0.0,2688,420,2026-09-25T20:30:32,w0
FF,blocksworld,probBLOCKS-4-2.pddl,,resolvido,0.0,0.0,3072,480,2026-09-25T20:30:32,w0
LPG,blocksworld,probBLOCKS-4-2.pddl,1,resolvido,0.06,0.0,109952,540,2026-09-25T20:30:32,w0
LPG,blocksworld,probBLOCKS-4-2.pddl,2,resolvido,0.07,0.01,109952,540,2026-09-25T20:30:32,w0
LPG,blocksworld,probBLOCKS-4-2.pddl,3,resolvido,0.06,0.01,109952,540,2026-09-25T20:30:32,w0
YAHSP,blocksworld,probBLOCKS-4-2.pddl,,resolvido,0.0,0.0,2560,540,2026-09-25T20:30:32,w0
SGPlan,blocksworld,probBLOCKS-4-2.pddl,,resolvido,0.01,0.0,19924,480,2026-09-25T20:30:32,w0
SATPlan,blocksworld,probBLOCKS-4-2.pddl,,resolvido,0.03,0.01,1920,480,2026-09-25T20:30:32,w0
MaxPlan,blocksworld,probBLOCKS-4-2.pddl,,resolvido,0.03,0.01,7008,780,2026-09-25T20:30:32,w0
Fast Downward,blocksworld,probBLOCKS-4-2.pddl,,resolvido,0.03,0.0,8728,600,2026-09-25T20:30:32,w0
Blackbox,blocksworld,probBLOCKS-5-0.pddl,,resolvido,0.01,0.01,12672,600,2026-09-25T20:30:32,w0
IPP,blocksworld,probBLOCKS-5-0.pddl,,resolvido,0.0,0.0,3328,420,2026-09-25T20:30:32,w0
FF,blocksworld,probBLOCKS-5-0.pddl,,resolvido,0.0,0.0,3200,480,2026-09-25T20:30:32,w0
LPG,blocksworld,probBLOCKS-5-0.pddl,1,resolvido,0.06,0.01,109824,540,2026-09-25T20:30:32,w0
LPG,blocksworld,probBLOCKS-5-0.pddl,2,resolvido,0.07,0.0,110080,540,2026-09-25T20:30:32,w0
LPG,blocksworld,probBLOCKS-5-0.pddl,3,resolvido,0.06,0.01,109952,540,2026-09-25T20:30:32,w0
YAHSP,blocksworld,probBLOCKS-5-0.pddl,,resolvido,0.0,0.0,2560,540,2026-09-25T20:30:32,w0
SGPlan,blocksworld,probBLOCKS-5-0.pddl,,resolvido,0.01,0.0,19988,480,2026-09-25T20:30:32,w0
SATPlan,blocksworld,probBLOCKS-5-0.pddl,,resolvido,0.06,0.02,1920,480,2026-09-25T20:30:32,w0
MaxPlan,blocksworld,probBLOCKS-5-0.pddl,,resolvido,0.17,0.05,7616,780,2026-09-25T20:30:32,w0
Fast Downward,blocksworld,probBLOCKS-5-0.pddl,,resolvido,0.03,0.0,8860,600,2026-09-25T20:30:33,w0
Blackbox,blocksworld,probBLOCKS-5-1.pddl,,resolvido,0.01,0.01,11904,600,2026-09-25T20:30:33,w0
IPP,blocksworld,probBLOCKS-5-1.pddl,,resolvido,0.0,0.0,3328,420,2026-09-25T20:30:33,w0
FF,blocksworld,probBLOCKS-5-1.pddl,,resolvido,0.0,0.0,3200,480,2026-09-25T20:30:33,w0
LPG,blocksworld,probBLOCKS-5-1.pddl,1,resolvido,0.06,0.0,109952,540,2026-09-25T20:30:33,w0
LPG,blocksworld,probBLOCKS-5-1.pddl,2,resolvido,0.06,0.0,110080,540,2026-09-25T20:30:33,w0
LPG,blocksworld,probBLOCKS-5-1.pddl,3,resolvido,0.06,0.01,109952,540,2026-09-25T20:30:33,w0
YAHSP,blocksworld,probBLOCKS-5-1.pddl,,resolvido,0.0,0.0,2560,540,2026-09-25T20:30:33,w0
SGPlan,blocksworld,probBLOCKS-5-1.pddl,,resolvido,0.01,0.0,19996,480,2026-09-25T20:30:33,w0
SATPlan,blocksworld,probBLOCKS-5-1.pddl,,resolvido,0.05,0.02,1920,480,2026-09-25T20:30:33,w0
MaxPlan,blocksworld,probBLOCKS-5-1.pddl,,resolvido,0.14,0.04,7488,780,2026-09-25T20:30:33,w0
Fast Downward,blocksworld,probBLOCKS-5-1.pddl,,resolvido,0.03,0.0,8860,600,2026-09-25T20:30:33,w0
Blackbox,blocksworld,probBLOCKS-5-2.pddl,,resolvido,0.01,0.01,15104,600,2026-09-25T20:30:33,w0
IPP,blocksworld,probBLOCKS-5-2.pddl,,resolvido,0.0,0.0,3328,420,2026-09-25T20:30:33,w0
FF,blocksworld,probBLOCKS-5-2.pddl,,resolvido,0.0,0.0,3072,480,2026-09-25T20:30:33,w0
LPG,blocksworld,probBLOCKS-5-2.pddl,1,resolvido,0.06,0.0,110080,540,2026-09-25T20:30:33,w0
LPG,blocksworld,probBLOCKS-5-2.pddl,2,resolvido,0.07,0.0,109952,540,2026-09-25T20:30:33,w0
LPG,blocksworld,probBLOCKS-5-2.pddl,3,resolvido,0.07,0.01,109952,540,2026-09-25T20:30:33,w0
YAHSP,blocksworld,probBLOCKS-5-2.pddl,,resolvido,0.01,0.0,2432,540,2026-09-25T20:30:33,w0
SGPlan,blocksworld,probBLOCKS-5-2.pddl,,resolvido,0.01,0.0,19992,480,2026-09-25T20:30:33,w0
SATPlan,blocksworld,probBLOCKS-5-2.pddl,,resolvido,0.08,0.03,2048,480,2026-09-25T20:30:33,w0
MaxPlan,blocksworld,probBLOCKS-5-2.pddl,,resolvido,0.68,0.25,8044,780,2026-09-25T20:30:33,w0
Fast Downward,blocksworld,probBLOCKS-5-2.pddl,,resolvido,0.03,0.0,8732,600,2026-09-25T20:30:34,w0
Blackbox,blocksworld,probBLOCKS-6-0.pddl,,resolvido,0.02,0.01,17280,600,2026-09-25T20:30:34,w0
IPP,blocksworld,probBLOCKS-6-0.pddl,,resolvido,0.01,0.0,3712,420,2026-09-25T20:30:34,w0
FF,blocksworld,probBLOCKS-6-0.pddl,,resolvido,0.0,0.0,3328,480,2026-09-25T20:30:34,w0
LPG,blocksworld,probBLOCKS-6-0.pddl,1,resolvido,0.07,0.0,109952,540,2026-09-25T20:30:34,w0
LPG,blocksworld,probBLOCKS-6-0.pddl,2,resolvido,0.07,0.01,110080,540,2026-09-25T20:30:34,w0
LPG,blocksworld,probBLOCKS-6-0.pddl,3,resolvido,0.07,0.0,110080,540,2026-09-25T20:30:34,w0
YAHSP,blocksworld,probBLOCKS-6-0.pddl,,resolvido,0.0,0.0,2560,540,2026-09-25T20:30:34,w0
SGPlan,blocksworld,probBLOCKS-6-0.pddl,,resolvido,0.02,0.01,20708,480,2026-09-25T20:30:34,w0
SATPlan,blocksworld,probBLOCKS-6-0.pddl,,resolvido,0.08,0.03,2176,480,2026-09-25T20:30:34,w0
MaxPlan,blocksworld,probBLOCKS-6-0.pddl,,resolvido,0.18,0.07,8400,780,2026-09-25T20:30:34,w0
Fast Downward,blocksworld,probBLOCKS-6-0.pddl,,resolvido,0.04,0.0,8728,600,2026-09-25T20:30:35,w0
Blackbox,blocksworld,probBLOCKS-6-1.pddl,,resolvido,0.02,0.01,17024,600,2026-09-25T20:30:35,w0
IPP,blocksworld,probBLOCKS-6-1.pddl,,resolvido,0.0,0.0,3456,420,2026-09-25T20:30:35,w0
FF,blocksworld,probBLOCKS-6-1.pddl,,resolvido,0.0,0.0,3328,480,2026-09-25T20:30:35,w0
LPG,blocksworld,probBLOCKS-6-1.pddl,1,resolvido,0.06,0.0,109952,540,2026-09-25T20:30:35,w0
LPG,blocksworld,probBLOCKS-6-1.pddl,2,resolvido,0.07,0.0,110208,540,2026-09-25T20:30:35,w0
LPG,blocksworld,probBLOCKS-6-1.pddl,3,resolvido,0.07,0.01,110208,540,2026-09-25T20:30:35,w0
YAHSP,blocksworld,probBLOCKS-6-1.pddl,,resolvido,0.0,0.0,2560,540,2026-09-25T20:30:35,w0
SGPlan,blocksworld,probBLOCKS-6-1.pddl,,resolvido,0.01,0.0,20076,480,2026-09-25T20:30:35,w0
SATPlan,blocksworld,probBLOCKS-6-1.pddl,,resolvido,0.08,0.04,2304,480,2026-09-25T20:30:35,w0
MaxPlan,blocksworld,probBLOCKS-6-1.pddl,,resolvido,0.36,0.16,8256,780,2026-09-25T20:30:35,w0
Fast Downward,blocksworld,probBLOCKS-6-1.pddl,,resolvido,0.04,0.0,8988,600,2026-09-25T20:30:35,w0
Blackbox,blocksworld,probBLOCKS-6-2.pddl,,resolvido,0.02,0.02,24064,600,2026-09-25T20:30:35,w0
IPP,blocksworld,probBLOCKS-6-2.pddl,,resolvido,0.01,0.0,4096,420,2026-09-25T20:30:35,w0
FF,blocksworld,probBLOCKS-6-2.pddl,,resolvido,0.0,0.0,3328,480,2026-09-25T20:30:35,w0
LPG,blocksworld,probBLOCKS-6-2.pddl,1,resolvido,0.07,0.0,110208,540,2026-09-25T20:30:35,w0
LPG,blocksworld,probBLOCKS-6-2.pddl,2,resolvido,0.07,0.01,110208,540,2026-09-25T20:30:35,w0
LPG,blocksworld,probBLOCKS-6-2.pddl,3,resolvido,0.07,0.01,110336,540,2026-09-25T20:30:35,w0
YAHSP,blocksworld,probBLOCKS-6-2.pddl,,resolvido,0.01,0.0,2560,540,2026-09-25T20:30:36,w0
SGPlan,blocksworld,probBLOCKS-6-2.pddl,,resolvido,0.02,0.0,20204,480,2026-09-25T20:30:36,w0
SATPlan,blocksworld,probBLOCKS-6-2.pddl,,resolvido,0.14,0.07,2688,480,2026-09-25T20:30:36,w0
MaxPlan,blocksworld,probBLOCKS-6-2.pddl,,resolvido,14.85,8.05,22904,780,2026-09-25T20:30:36,w0
Fast Downward,blocksworld,probBLOCKS-6-2.pddl,,resolvido,0.04,0.0,8860,600,2026-09-25T20:30:51,w0
Blackbox,blocksworld,probBLOCKS-7-0.pddl,,resolvido,0.03,0.02,28160,600,2026-09-25T20:30:51,w0
IPP,blocksworld,probBLOCKS-7-0.pddl,,resolvido,0.01,0.0,4864,420,2026-09-25T20:30:51,w0
FF,blocksworld,probBLOCKS-7-0.pddl,,resolvido,0.0,0.0,3456,480,2026-09-25T20:30:51,w0
LPG,blocksworld,probBLOCKS-7-0.pddl,1,resolvido,0.07,0.01,110464,540,2026-09-25T20:30:51,w0
LPG,blocksworld,probBLOCKS-7-0.pddl,2,resolvido,0.07,0.01,110208,540,2026-09-25T20:30:51,w0
LPG,blocksworld,probBLOCKS-7-0.pddl,3,resolvido,0.07,0.01,110464,540,2026-09-25T20:30:51,w0
YAHSP,blocksworld,probBLOCKS-7-0.pddl,,resolvido,0.01,0.0,2560,540,2026-09-25T20:30:51,w0
SGPlan,blocksworld,probBLOCKS-7-0.pddl,,resolvido,0.01,0.0,20164,480,2026-09-25T20:30:51,w0
SATPlan,blocksworld,probBLOCKS-7-0.pddl,,resolvido,0.15,0.07,3072,480,2026-09-25T20:30:51,w0
MaxPlan,blocksworld,probBLOCKS-7-0.pddl,,resolvido,2.61,1.11,10828,780,2026-09-25T20:30:51,w0
Fast Downward,blocksworld,probBLOCKS-7-0.pddl,,resolvido,0.04,0.0,9472,600,2026-09-25T20:30:54,w0
Blackbox,blocksworld,probBLOCKS-7-1.pddl,,resolvido,0.06,0.05,39808,600,2026-09-25T20:30:54,w0
IPP,blocksworld,probBLOCKS-7-1.pddl,,resolvido,0.01,0.0,4992,420,2026-09-25T20:30:54,w0
FF,blocksworld,probBLOCKS-7-1.pddl,,resolvido,0.0,0.0,3328,480,2026-09-25T20:30:54,w0
LPG,blocksworld,probBLOCKS-7-1.pddl,1,resolvido,0.07,0.0,110208,540,2026-09-25T20:30:54,w0
LPG,blocksworld,probBLOCKS-7-1.pddl,2,resolvido,0.07,0.01,110336,540,2026-09-25T20:30:54,w0
LPG,blocksworld,probBLOCKS-7-1.pddl,3,resolvido,0.07,0.0,110208,540,2026-09-25T20:30:54,w0
YAHSP,blocksworld,probBLOCKS-7-1.pddl,,resolvido,0.01,0.0,2688,540,2026-09-25T20:30:54,w0
SGPlan,blocksworld,probBLOCKS-7-1.pddl,,resolvido,0.02,0.01,20928,480,2026-09-25T20:30:54,w0
SATPlan,blocksworld,probBLOCKS-7-1.pddl,,resolvido,0.33,0.22,4096,480,2026-09-25T20:30:54,w0
FF,blocksworld,probBLOCKS-17-0.pddl,,estourou,480.23,,,480,2026-09-25T20:24:29,w2
Fast Downward,blocksworld,probBLOCKS-7-1.pddl,,resolvido,0.04,0.0,9344,600,2026-09-25T20:32:29,w2
Blackbox,blocksworld,probBLOCKS-7-2.pddl,,resolvido,0.04,0.03,35200,600,2026-09-25T20:32:29,w2
IPP,blocksworld,probBLOCKS-7-2.pddl,,resolvido,0.01,0.0,4608,420,2026-09-25T20:32:29,w2
FF,blocksworld,probBLOCKS-7-2.pddl,,resolvido,0.01,0.0,3712,480,2026-09-25T20:32:29,w2
LPG,blocksworld,probBLOCKS-7-2.pddl,1,resolvido,0.07,0.01,110208,540,2026-09-25T20:32:29,w2
LPG,blocksworld,probBLOCKS-7-2.pddl,2,resolvido,0.07,0.01,110080,540,2026-09-25T20:32:29,w2
LPG,blocksworld,probBLOCKS-7-2.pddl,3,resolvido,0.07,0.0,110336,540,2026-09-25T20:32:29,w2
YAHSP,blocksworld,probBLOCKS-7-2.pddl,,resolvido,0.02,0.01,2816,540,2026-09-25T20:32:29,w2
SGPlan,blocksworld,probBLOCKS-7-2.pddl,,resolvido,0.02,0.0,20424,480,2026-09-25T20:32:29,w2
SATPlan,blocksworld,probBLOCKS-7-2.pddl,,resolvido,0.24,0.14,3712,480,2026-09-25T20:32:29,w2
MaxPlan,blocksworld,probBLOCKS-7-2.pddl,,resolvido,27.89,17.11,38768,780,2026-09-25T20:32:30,w2
Fast Downward,blocksworld,probBLOCKS-7-2.pddl,,resolvido,0.04,0.0,9472,600,2026-09-25T20:32:57,w2
Blackbox,blocksworld,probBLOCKS-8-0.pddl,,resolvido,0.06,0.05,45568,600,2026-09-25T20:32:58,w2
IPP,blocksworld,probBLOCKS-8-0.pddl,,resolvido,0.01,0.0,5248,420,2026-09-25T20:32:58,w2
FF,blocksworld,probBLOCKS-8-0.pddl,,resolvido,0.0,0.0,3456,480,2026-09-25T20:32:58,w2
LPG,blocksworld,probBLOCKS-8-0.pddl,1,resolvido,0.07,0.0,110336,540,2026-09-25T20:32:58,w2
LPG,blocksworld,probBLOCKS-8-0.pddl,2,resolvido,0.07,0.01,111104,540,2026-09-25T20:32:58,w2
LPG,blocksworld,probBLOCKS-8-0.pddl,3,resolvido,0.07,0.0,110464,540,2026-09-25T20:32:58,w2
YAHSP,blocksworld,probBLOCKS-8-0.pddl,,resolvido,0.02,0.01,2688,540,2026-09-25T20:32:58,w2
SGPlan,blocksworld,probBLOCKS-8-0.pddl,,resolvido,0.01,0.0,20268,480,2026-09-25T20:32:58,w2
SATPlan,blocksworld,probBLOCKS-8-0.pddl,,resolvido,0.35,0.23,5248,480,2026-09-25T20:32:58,w2
SGPlan,blocksworld,probBLOCKS-17-0.pddl,,sem-plano,314.14,,595708,480,2026-09-25T20:28:20,w1
Fast Downward,blocksworld,probBLOCKS-8-0.pddl,,resolvido,0.06,0.0,22272,600,2026-09-25T20:33:34,w1
Blackbox,blocksworld,probBLOCKS-8-1.pddl,,resolvido,0.07,0.06,50048,600,2026-09-25T20:33:34,w1
IPP,blocksworld,probBLOCKS-8-1.pddl,,resolvido,0.01,0.0,5504,420,2026-09-25T20:33:34,w1
FF,blocksworld,probBLOCKS-8-1.pddl,,resolvido,0.87,0.86,54144,480,2026-09-25T20:33:35,w1
LPG,blocksworld,probBLOCKS-8-1.pddl,1,resolvido,0.07,0.01,110464,540,2026-09-25T20:33:35,w1
LPG,blocksworld,probBLOCKS-8-1.pddl,2,resolvido,0.07,0.01,110592,540,2026-09-25T20:33:35,w1
LPG,blocksworld,probBLOCKS-8-1.pddl,3,resolvido,0.07,0.01,110208,540,2026-09-25T20:33:36,w1
YAHSP,blocksworld,probBLOCKS-8-1.pddl,,resolvido,0.06,0.05,3200,540,2026-09-25T20:33:36,w1
SGPlan,blocksworld,probBLOCKS-8-1.pddl,,resolvido,0.01,0.0,20400,480,2026-09-25T20:33:36,w1
SATPlan,blocksworld,probBLOCKS-8-1.pddl,,resolvido,0.42,0.29,5632,480,2026-09-25T20:33:36,w1
MaxPlan,blocksworld,probBLOCKS-8-0.pddl,,resolvido,135.14,108.6,180660,780,2026-09-25T20:32:58,w2
Fast Downward,blocksworld,probBLOCKS-8-1.pddl,,resolvido,0.06,0.0,22272,600,2026-09-25T20:35:13,w2
Blackbox,blocksworld,probBLOCKS-8-2.pddl,,resolvido,0.04,0.03,39168,600,2026-09-25T20:35:13,w2
IPP,blocksworld,probBLOCKS-8-2.pddl,,resolvido,0.01,0.0,5120,420,2026-09-25T20:35:13,w2
FF,blocksworld,probBLOCKS-8-2.pddl,,resolvido,0.0,0.0,3584,480,2026-09-25T20:35:13,w2
LPG,blocksworld,probBLOCKS-8-2.pddl,1,resolvido,0.07,0.0,110464,540,2026-09-25T20:35:13,w2
LPG,blocksworld,probBLOCKS-8-2.pddl,2,resolvido,0.07,0.01,110336,540,2026-09-25T20:35:14,w2
LPG,blocksworld,probBLOCKS-8-2.pddl,3,resolvido,0.07,0.01,110464,540,2026-09-25T20:35:14,w2
YAHSP,blocksworld,probBLOCKS-8-2.pddl,,resolvido,0.01,0.0,2688,540,2026-09-25T20:35:14,w2
SGPlan,blocksworld,probBLOCKS-8-2.pddl,,resolvido,0.01,0.01,20276,480,2026-09-25T20:35:14,w2
SATPlan,blocksworld,probBLOCKS-8-2.pddl,,resolvido,0.25,0.15,4608,480,2026-09-25T20:35:14,w2
MaxPlan,blocksworld,probBLOCKS-8-2.pddl,,resolvido,15.13,9.35,32892,780,2026-09-25T20:35:14,w2
Fast Downward,blocksworld,probBLOCKS-8-2.pddl,,resolvido,0.06,0.0,22144,600,2026-09-25T20:35:29,w2
Blackbox,blocksworld,probBLOCKS-9-0.pddl,,resolvido,0.18,0.17,78336,600,2026-09-25T20:35:29,w2
IPP,blocksworld,probBLOCKS-9-0.pddl,,resolvido,0.03,0.02,8320,420,2026-09-25T20:35:29,w2
FF,blocksworld,probBLOCKS-9-0.pddl,,resolvido,1.46,1.44,67712,480,2026-09-25T20:35:29,w2
LPG,blocksworld,probBLOCKS-9-0.pddl,1,resolvido,0.07,0.01,110720,540,2026-09-25T20:35:31,w2
LPG,blocksworld,probBLOCKS-9-0.pddl,2,resolvido,0.07,0.01,110720,540,2026-09-25T20:35:31,w2
LPG,blocksworld,probBLOCKS-9-0.pddl,3,resolvido,0.08,0.02,110976,540,2026-09-25T20:35:31,w2
YAHSP,blocksworld,probBLOCKS-9-0.pddl,,resolvido,0.48,0.47,6656,540,2026-09-25T20:35:31,w2
SGPlan,blocksworld,probBLOCKS-9-0.pddl,,resolvido,1.09,1.07,96944,480,2026-09-25T20:35:32,w2
SATPlan,blocksworld,probBLOCKS-9-0.pddl,,resolvido,0.81,0.57,9088,480,2026-09-25T20:35:33,w2
MaxPlan,blocksworld,probBLOCKS-7-1.pddl,,resolvido,602.42,470.97,149100,780,2026-09-25T20:30:54,w0
Fast Downward,blocksworld,probBLOCKS-9-0.pddl,,resolvido,0.09,0.01,61952,600,2026-09-25T20:40:57,w0
Blackbox,blocksworld,probBLOCKS-9-1.pddl,,resolvido,0.08,0.08,63872,600,2026-09-25T20:40:57,w0
IPP,blocksworld,probBLOCKS-9-1.pddl,,resolvido,0.01,0.0,7424,420,2026-09-25T20:40:57,w0
FF,blocksworld,probBLOCKS-9-1.pddl,,resolvido,0.01,0.0,3840,480,2026-09-25T20:40:57,w0
LPG,blocksworld,probBLOCKS-9-1.pddl,1,resolvido,0.07,0.01,110592,540,2026-09-25T20:40:57,w0
LPG,blocksworld,probBLOCKS-9-1.pddl,2,resolvido,0.07,0.0,110592,540,2026-09-25T20:40:57,w0
LPG,blocksworld,probBLOCKS-9-1.pddl,3,resolvido,0.08,0.02,110976,540,2026-09-25T20:40:57,w0
YAHSP,blocksworld,probBLOCKS-9-1.pddl,,resolvido,0.02,0.01,2688,540,2026-09-25T20:40:57,w0
SGPlan,blocksworld,probBLOCKS-9-1.pddl,,resolvido,1.27,1.25,87968,480,2026-09-25T20:40:57,w0
SATPlan,blocksworld,probBLOCKS-9-1.pddl,,resolvido,0.54,0.35,7424,480,2026-09-25T20:40:58,w0
MaxPlan,blocksworld,probBLOCKS-17-0.pddl,,estourou,780.04,,,780,2026-09-25T20:30:15,w3
Fast Downward,blocksworld,probBLOCKS-9-1.pddl,,resolvido,0.09,0.01,61696,600,2026-09-25T20:43:15,w3
Blackbox,blocksworld,probBLOCKS-9-2.pddl,,resolvido,0.07,0.06,63232,600,2026-09-25T20:43:15,w3
IPP,blocksworld,probBLOCKS-9-2.pddl,,resolvido,0.01,0.0,7168,420,2026-09-25T20:43:15,w3
FF,blocksworld,probBLOCKS-9-2.pddl,,resolvido,0.0,0.0,3840,480,2026-09-25T20:43:15,w3
LPG,blocksworld,probBLOCKS-9-2.pddl,1,resolvido,0.07,0.01,110592,540,2026-09-25T20:43:15,w3
LPG,blocksworld,probBLOCKS-9-2.pddl,2,resolvido,0.07,0.01,110720,540,2026-09-25T20:43:15,w3
LPG,blocksworld,probBLOCKS-9-2.pddl,3,resolvido,0.08,0.01,111232,540,2026-09-25T20:43:15,w3
YAHSP,blocksworld,probBLOCKS-9-2.pddl,,resolvido,0.01,0.0,2688,540,2026-09-25T20:43:15,w3
SGPlan,blocksworld,probBLOCKS-9-2.pddl,,resolvido,0.02,0.01,21032,480,2026-09-25T20:43:15,w3
SATPlan,blocksworld,probBLOCKS-9-2.pddl,,resolvido,0.52,0.36,7296,480,2026-09-25T20:43:15,w3
MaxPlan,blocksworld,probBLOCKS-8-1.pddl,,estourou,780.12,,,780,2026-09-25T20:33:36,w1
Fast Downward,blocksworld,probBLOCKS-9-2.pddl,,resolvido,0.09,0.01,61824,600,2026-09-25T20:46:36,w1
Blackbox,mystery,pfile01,,resolvido,0.01,0.01,11392,600,2026-09-25T20:46:36,w1
IPP,mystery,pfile01,,resolvido,0.01,0.0,3200,420,2026-09-25T20:46:36,w1
FF,mystery,pfile01,,resolvido,0.0,0.0,3456,480,2026-09-25T20:46:36,w1
LPG,mystery,pfile01,1,resolvido,0.06,0.01,109824,540,2026-09-25T20:46:36,w1
LPG,mystery,pfile01,2,resolvido,0.06,0.01,109952,540,2026-09-25T20:46:36,w1
LPG,mystery,pfile01,3,resolvido,0.06,0.0,110080,540,2026-09-25T20:46:36,w1
YAHSP,mystery,pfile01,,resolvido,0.0,0.0,2560,540,2026-09-25T20:46:37,w1
SGPlan,mystery,pfile01,,resolvido,0.02,0.0,20072,480,2026-09-25T20:46:37,w1
SATPlan,mystery,pfile01,,resolvido,0.02,0.0,1920,480,2026-09-25T20:46:37,w1
MaxPlan,mystery,pfile01,,resolvido,0.03,0.01,7508,780,2026-09-25T20:46:37,w1
Fast Downward,mystery,pfile01,,resolvido,0.04,0.0,9240,600,2026-09-25T20:46:37,w1
Blackbox,mystery,pfile02,,sem-plano,0.06,,44032,600,2026-09-25T20:46:37,w1
IPP,mystery,pfile02,,resolvido,0.25,0.23,22656,420,2026-09-25T20:46:37,w1
FF,mystery,pfile02,,resolvido,0.01,0.0,7040,480,2026-09-25T20:46:37,w1
LPG,mystery,pfile02,1,resolvido,12.16,12.09,122368,540,2026-09-25T20:46:37,w1
LPG,mystery,pfile02,2,resolvido,0.17,0.1,114176,540,2026-09-25T20:46:49,w1
LPG,mystery,pfile02,3,resolvido,7.52,7.46,122880,540,2026-09-25T20:46:49,w1
YAHSP,mystery,pfile02,,resolvido,0.02,0.01,3712,540,2026-09-25T20:46:57,w1
SGPlan,mystery,pfile02,,resolvido,0.04,0.02,33220,480,2026-09-25T20:46:57,w1
SATPlan,mystery,pfile02,,resolvido,0.64,0.51,33408,480,2026-09-25T20:46:57,w1
MaxPlan,mystery,pfile02,,resolvido,1.41,1.17,106784,780,2026-09-25T20:46:57,w1
Fast Downward,mystery,pfile02,,resolvido,0.48,0.04,29700,600,2026-09-25T20:46:59,w1
Blackbox,mystery,pfile03,,resolvido,0.03,0.02,23936,600,2026-09-25T20:46:59,w1
IPP,mystery,pfile03,,resolvido,0.04,0.03,7424,420,2026-09-25T20:46:59,w1
FF,mystery,pfile03,,resolvido,0.01,0.0,5504,480,2026-09-25T20:46:59,w1
LPG,mystery,pfile03,1,resolvido,0.08,0.02,111616,540,2026-09-25T20:46:59,w1
LPG,mystery,pfile03,2,resolvido,0.08,0.03,111616,540,2026-09-25T20:47:00,w1
LPG,mystery,pfile03,3,resolvido,0.08,0.01,111616,540,2026-09-25T20:47:00,w1
YAHSP,mystery,pfile03,,resolvido,0.01,0.0,3072,540,2026-09-25T20:47:00,w1
SGPlan,mystery,pfile03,,resolvido,0.02,0.01,26008,480,2026-09-25T20:47:00,w1
SATPlan,mystery,pfile03,,resolvido,0.06,0.03,6656,480,2026-09-25T20:47:00,w1
MaxPlan,mystery,pfile03,,resolvido,0.06,0.03,14964,780,2026-09-25T20:47:00,w1
Fast Downward,mystery,pfile03,,resolvido,0.24,0.02,18456,600,2026-09-25T20:47:00,w1
Blackbox,mystery,pfile04,,sem-plano,0.07,,56960,600,2026-09-25T20:47:00,w1
IPP,mystery,pfile04,,sem-plano,0.02,,7040,420,2026-09-25T20:47:00,w1
MaxPlan,blocksworld,probBLOCKS-9-0.pddl,,estourou,780.12,,,780,2026-09-25T20:35:33,w2
MaxPlan,blocksworld,probBLOCKS-9-1.pddl,,estourou,780.03,,,780,2026-09-25T20:40:59,w0
FF,mystery,pfile04,,estourou,480.12,,,480,2026-09-25T20:47:00,w1
MaxPlan,blocksworld,probBLOCKS-9-2.pddl,,estourou,780.14,,,780,2026-09-25T20:43:16,w3
LPG,mystery,pfile04,1,estourou,540.14,,,540,2026-09-25T20:48:34,w2
SGPlan,mystery,pfile04,,sem-plano,24.1,,72756,480,2026-09-25T20:57:34,w2
SATPlan,mystery,pfile04,,sem-plano,1.07,,9856,480,2026-09-25T20:57:58,w2
LPG,mystery,pfile04,2,estourou,540.15,,,540,2026-09-25T20:53:59,w0
LPG,mystery,pfile04,3,estourou,540.15,,,540,2026-09-25T20:55:00,w1
Blackbox,mystery,pfile05,,sem-plano,0.17,,89856,600,2026-09-25T21:04:00,w1
IPP,mystery,pfile05,,sem-plano,0.2,,25984,420,2026-09-25T21:04:01,w1
Fast Downward,mystery,pfile04,,sem-plano,98.62,,2055384,600,2026-09-25T21:02:59,w0
YAHSP,mystery,pfile04,,estourou,540.18,,,540,2026-09-25T20:56:16,w3
MaxPlan,mystery,pfile04,,estourou,780.05,,,780,2026-09-25T20:57:59,w2
FF,mystery,pfile05,,estourou,480.11,,,480,2026-09-25T21:04:01,w1
LPG,mystery,pfile05,1,estourou,540.13,,,540,2026-09-25T21:04:38,w0
SGPlan,mystery,pfile05,,sem-plano,36.36,,138620,480,2026-09-25T21:13:38,w0
LPG,mystery,pfile05,2,estourou,540.13,,,540,2026-09-25T21:05:16,w3
SATPlan,mystery,pfile05,,sem-plano,16.52,,118272,480,2026-09-25T21:14:14,w0
LPG,mystery,pfile05,3,estourou,540.13,,,540,2026-09-25T21:10:59,w2
Blackbox,mystery,pfile06,,sem-plano,0.12,,74624,600,2026-09-25T21:19:59,w2
IPP,mystery,pfile06,,resolvido,2.95,2.93,118784,420,2026-09-25T21:19:59,w2
YAHSP,mystery,pfile05,,estourou,540.17,,,540,2026-09-25T21:12:01,w1
LPG,mystery,pfile06,1,resolvido,22.99,22.92,147200,540,2026-09-25T21:21:01,w1
LPG,mystery,pfile06,2,resolvido,66.76,66.66,156160,540,2026-09-25T21:21:24,w1
Fast Downward,mystery,pfile05,,estourou,600.36,,,600,2026-09-25T21:14:31,w0
MaxPlan,mystery,pfile05,,estourou,780.07,,,780,2026-09-25T21:14:16,w3
FF,mystery,pfile06,,estourou,480.11,,,480,2026-09-25T21:20:02,w2
SATPlan,mystery,pfile06,,resolvido,13.0,12.26,199296,480,2026-09-25T21:28:02,w2
SGPlan,mystery,pfile06,,sem-plano,112.7,,382276,480,2026-09-25T21:27:16,w3
LPG,mystery,pfile06,3,estourou,540.15,,,540,2026-09-25T21:22:31,w1
Blackbox,mystery,pfile07,,sem-plano,0.07,,52352,600,2026-09-25T21:31:31,w1
IPP,mystery,pfile07,,sem-plano,0.04,,10368,420,2026-09-25T21:31:31,w1
FF,mystery,pfile07,,sem-plano,0.0,,2944,480,2026-09-25T21:31:31,w1
LPG,mystery,pfile07,1,sem-plano,0.06,,105600,540,2026-09-25T21:31:31,w1
LPG,mystery,pfile07,2,sem-plano,0.06,,105728,540,2026-09-25T21:31:31,w1
LPG,mystery,pfile07,3,sem-plano,0.06,,105344,540,2026-09-25T21:31:31,w1
YAHSP,mystery,pfile07,,sem-plano,0.0,,2560,540,2026-09-25T21:31:31,w1
SGPlan,mystery,pfile07,,sem-plano,0.01,,18176,480,2026-09-25T21:31:31,w1
SATPlan,mystery,pfile07,,sem-plano,1.98,,2048,480,2026-09-25T21:31:31,w1
MaxPlan,mystery,pfile07,,sem-plano,0.0,,1664,780,2026-09-25T21:31:33,w1
Fast Downward,mystery,pfile07,,sem-plano,0.04,,10392,600,2026-09-25T21:31:33,w1
Blackbox,mystery,pfile08,,sem-plano,0.17,,104704,600,2026-09-25T21:31:33,w1
IPP,mystery,pfile08,,sem-plano,0.61,,64256,420,2026-09-25T21:31:34,w1
YAHSP,mystery,pfile06,,estourou,540.15,,,540,2026-09-25T21:24:31,w0
Fast Downward,mystery,pfile06,,estourou,600.2,,,600,2026-09-25T21:29:09,w3
FF,mystery,pfile08,,estourou,480.11,,,480,2026-09-25T21:31:34,w1
MaxPlan,mystery,pfile06,,estourou,780.23,,,780,2026-09-25T21:28:15,w2
LPG,mystery,pfile08,1,estourou,540.14,,,540,2026-09-25T21:33:31,w0
SGPlan,mystery,pfile08,,sem-plano,49.02,,169964,480,2026-09-25T21:42:31,w0
SATPlan,mystery,pfile08,,sem-plano,40.75,,159232,480,2026-09-25T21:43:20,w0
LPG,mystery,pfile08,2,estourou,540.14,,,540,2026-09-25T21:39:09,w3
LPG,mystery,pfile08,3,estourou,540.14,,,540,2026-09-25T21:39:34,w1
Blackbox,mystery,pfile09,,resolvido,0.06,0.05,39936,600,2026-09-25T21:48:34,w1
IPP,mystery,pfile09,,resolvido,0.05,0.04,9344,420,2026-09-25T21:48:34,w1
FF,mystery,pfile09,,resolvido,0.01,0.0,6016,480,2026-09-25T21:48:35,w1
LPG,mystery,pfile09,1,resolvido,4.46,4.4,118656,540,2026-09-25T21:48:35,w1
LPG,mystery,pfile09,2,resolvido,0.1,0.03,112384,540,2026-09-25T21:48:39,w1
LPG,mystery,pfile09,3,resolvido,2.12,2.06,119552,540,2026-09-25T21:48:39,w1
YAHSP,mystery,pfile09,,resolvido,0.01,0.0,3200,540,2026-09-25T21:48:41,w1
SGPlan,mystery,pfile09,,resolvido,0.5,0.48,45980,480,2026-09-25T21:48:41,w1
SATPlan,mystery,pfile09,,resolvido,0.11,0.06,10240,480,2026-09-25T21:48:42,w1
MaxPlan,mystery,pfile09,,resolvido,0.27,0.19,38820,780,2026-09-25T21:48:42,w1
Fast Downward,mystery,pfile09,,resolvido,0.49,0.22,22172,600,2026-09-25T21:48:42,w1
Blackbox,mystery,pfile10,,sem-plano,0.13,,81664,600,2026-09-25T21:48:43,w1
IPP,mystery,pfile10,,resolvido,40.64,40.5,1322880,420,2026-09-25T21:48:43,w1
YAHSP,mystery,pfile08,,estourou,540.17,,,540,2026-09-25T21:41:15,w2
LPG,mystery,pfile10,1,resolvido,15.15,15.07,245504,540,2026-09-25T21:50:16,w2
LPG,mystery,pfile10,2,resolvido,69.38,69.28,297216,540,2026-09-25T21:50:31,w2
LPG,mystery,pfile10,3,resolvido,159.94,159.78,281216,540,2026-09-25T21:51:40,w2
MaxPlan,mystery,pfile08,,estourou,780.09,,,780,2026-09-25T21:44:01,w0
FF,mystery,pfile10,,estourou,480.11,,,480,2026-09-25T21:49:23,w1
SATPlan,mystery,pfile10,,sem-plano,14.72,,524288,480,2026-09-25T21:57:23,w1
Fast Downward,mystery,pfile08,,estourou,600.34,,,600,2026-09-25T21:48:09,w3
Fast Downward,mystery,pfile10,,resolvido,8.69,3.58,223016,600,2026-09-25T21:58:10,w3
Blackbox,mystery,pfile11,,resolvido,0.04,0.03,27264,600,2026-09-25T21:58:18,w3
IPP,mystery,pfile11,,resolvido,0.01,0.01,5504,420,2026-09-25T21:58:18,w3
FF,mystery,pfile11,,resolvido,0.0,0.0,3968,480,2026-09-25T21:58:18,w3
LPG,mystery,pfile11,1,resolvido,0.07,0.0,110336,540,2026-09-25T21:58:18,w3
LPG,mystery,pfile11,2,resolvido,0.07,0.01,110464,540,2026-09-25T21:58:19,w3
LPG,mystery,pfile11,3,resolvido,0.27,0.2,111616,540,2026-09-25T21:58:19,w3
YAHSP,mystery,pfile11,,resolvido,0.01,0.0,2688,540,2026-09-25T21:58:19,w3
SGPlan,mystery,pfile11,,resolvido,0.02,0.0,20736,480,2026-09-25T21:58:19,w3
SATPlan,mystery,pfile11,,resolvido,0.07,0.04,3584,480,2026-09-25T21:58:19,w3
MaxPlan,mystery,pfile11,,resolvido,0.1,0.06,12264,780,2026-09-25T21:58:19,w3
Fast Downward,mystery,pfile11,,resolvido,0.07,0.0,10396,600,2026-09-25T21:58:19,w3
Blackbox,mystery,pfile12,,sem-plano,0.05,,41728,600,2026-09-25T21:58:19,w3
IPP,mystery,pfile12,,sem-plano,0.02,,6400,420,2026-09-25T21:58:19,w3
MaxPlan,mystery,pfile10,,sem-plano,61.59,,1939244,780,2026-09-25T21:57:38,w1
YAHSP,mystery,pfile10,,estourou,540.12,,,540,2026-09-25T21:54:20,w2
SGPlan,mystery,pfile10,,estourou,480.21,,,480,2026-09-25T21:57:01,w0
FF,mystery,pfile12,,estourou,480.11,,,480,2026-09-25T21:58:19,w3
LPG,mystery,pfile12,1,estourou,540.13,,,540,2026-09-25T21:58:40,w1
SGPlan,mystery,pfile12,,sem-plano,44.74,,73064,480,2026-09-25T22:07:40,w1
SATPlan,mystery,pfile12,,sem-plano,1.51,,14336,480,2026-09-25T22:08:25,w1
YAHSP,mystery,pfile12,,sem-plano,151.47,,464768,540,2026-09-25T22:06:19,w3
Fast Downward,mystery,pfile12,,sem-plano,14.95,,152832,600,2026-09-25T22:08:51,w3
Blackbox,mystery,pfile13,,sem-plano,0.08,,53888,600,2026-09-25T22:09:06,w3
IPP,mystery,pfile13,,resolvido,7.01,6.99,234624,420,2026-09-25T22:09:06,w3
LPG,mystery,pfile12,2,estourou,540.13,,,540,2026-09-25T22:03:20,w2
LPG,mystery,pfile13,1,resolvido,1.74,1.67,155520,540,2026-09-25T22:12:20,w2
LPG,mystery,pfile13,2,resolvido,50.52,50.44,214272,540,2026-09-25T22:12:22,w2
LPG,mystery,pfile13,3,resolvido,5.83,5.77,186368,540,2026-09-25T22:13:13,w2
LPG,mystery,pfile12,3,estourou,540.13,,,540,2026-09-25T22:05:02,w0
SGPlan,mystery,pfile13,,resolvido,18.91,18.88,556148,480,2026-09-25T22:14:02,w0
SATPlan,mystery,pfile13,,resolvido,19.35,18.32,339712,480,2026-09-25T22:14:21,w0
MaxPlan,mystery,pfile13,,sem-plano,96.57,,1913728,780,2026-09-25T22:14:40,w0
Fast Downward,mystery,pfile13,,resolvido,9.13,6.61,114728,600,2026-09-25T22:16:17,w0
Blackbox,mystery,pfile14,,sem-plano,0.17,,102272,600,2026-09-25T22:16:26,w0
FF,mystery,pfile13,,estourou,480.12,,,480,2026-09-25T22:09:13,w3
FF,mystery,pfile14,,resolvido,0.59,0.57,37888,480,2026-09-25T22:17:13,w3
MaxPlan,mystery,pfile12,,estourou,780.07,,,780,2026-09-25T22:08:26,w1
YAHSP,mystery,pfile13,,estourou,540.13,,,540,2026-09-25T22:13:18,w2
IPP,mystery,pfile14,,estourou,420.25,,,420,2026-09-25T22:16:26,w0
YAHSP,mystery,pfile14,,resolvido,13.34,13.31,25036,540,2026-09-25T22:23:26,w0
SGPlan,mystery,pfile14,,resolvido,0.99,0.97,199228,480,2026-09-25T22:23:39,w0
SATPlan,mystery,pfile14,,sem-plano,30.35,,524288,480,2026-09-25T22:23:40,w0
MaxPlan,mystery,pfile14,,sem-plano,103.79,,2413028,780,2026-09-25T22:24:11,w0
Fast Downward,mystery,pfile14,,resolvido,6.87,0.67,276548,600,2026-09-25T22:25:55,w0
Blackbox,mystery,pfile15,,sem-plano,0.07,,52608,600,2026-09-25T22:26:01,w0
IPP,mystery,pfile15,,resolvido,2.3,2.28,86272,420,2026-09-25T22:26:01,w0
FF,mystery,pfile15,,resolvido,0.03,0.01,16256,480,2026-09-25T22:26:04,w0
LPG,mystery,pfile15,1,resolvido,0.49,0.43,143104,540,2026-09-25T22:26:04,w0
LPG,mystery,pfile15,2,resolvido,0.49,0.42,143104,540,2026-09-25T22:26:04,w0
LPG,mystery,pfile15,3,resolvido,0.7,0.64,146176,540,2026-09-25T22:26:05,w0
YAHSP,mystery,pfile15,,resolvido,0.05,0.04,7680,540,2026-09-25T22:26:06,w0
SGPlan,mystery,pfile15,,resolvido,0.09,0.08,82904,480,2026-09-25T22:26:06,w0
SATPlan,mystery,pfile15,,resolvido,5.72,5.32,121216,480,2026-09-25T22:26:06,w0
LPG,mystery,pfile14,1,estourou,540.12,,,540,2026-09-25T22:17:14,w3
Fast Downward,mystery,pfile15,,resolvido,2.28,0.23,105100,600,2026-09-25T22:26:14,w3
Blackbox,mystery,pfile16,,sem-plano,0.19,,108416,600,2026-09-25T22:26:16,w3
IPP,mystery,pfile16,,sem-plano,0.12,,17024,420,2026-09-25T22:26:16,w3
MaxPlan,mystery,pfile15,,resolvido,8.46,7.16,489208,780,2026-09-25T22:26:11,w0
LPG,mystery,pfile16,1,sem-plano,0.08,,107520,540,2026-09-25T22:26:20,w0
LPG,mystery,pfile16,2,sem-plano,0.08,,107520,540,2026-09-25T22:26:20,w0
LPG,mystery,pfile16,3,sem-plano,0.07,,107520,540,2026-09-25T22:26:20,w0
LPG,mystery,pfile14,2,estourou,540.08,,,540,2026-09-25T22:21:26,w1
LPG,mystery,pfile14,3,estourou,540.11,,,540,2026-09-25T22:22:19,w2
SATPlan,mystery,pfile16,,sem-plano,6.22,,50944,480,2026-09-25T22:31:19,w2
SGPlan,mystery,pfile16,,sem-plano,87.13,,159092,480,2026-09-25T22:30:26,w1
FF,mystery,pfile16,,estourou,480.11,,,480,2026-09-25T22:26:16,w3
Blackbox,mystery,pfile17,,sem-plano,0.1,,62464,600,2026-09-25T22:34:16,w3
IPP,mystery,pfile17,,resolvido,0.59,0.58,38784,420,2026-09-25T22:34:17,w3
FF,mystery,pfile17,,resolvido,0.02,0.01,16768,480,2026-09-25T22:34:17,w3
LPG,mystery,pfile17,1,resolvido,0.58,0.5,143232,540,2026-09-25T22:34:17,w3
LPG,mystery,pfile17,2,resolvido,0.56,0.5,142976,540,2026-09-25T22:34:18,w3
LPG,mystery,pfile17,3,resolvido,0.56,0.5,143104,540,2026-09-25T22:34:18,w3
YAHSP,mystery,pfile17,,resolvido,0.05,0.04,7424,540,2026-09-25T22:34:19,w3
SGPlan,mystery,pfile17,,resolvido,0.09,0.07,82752,480,2026-09-25T22:34:19,w3
SATPlan,mystery,pfile17,,resolvido,0.65,0.5,55936,480,2026-09-25T22:34:19,w3
MaxPlan,mystery,pfile17,,resolvido,0.7,0.57,128552,780,2026-09-25T22:34:20,w3
Fast Downward,mystery,pfile17,,resolvido,2.32,0.21,105608,600,2026-09-25T22:34:20,w3
Blackbox,mystery,pfile18,,sem-plano,0.66,,343808,600,2026-09-25T22:34:23,w3
IPP,mystery,pfile18,,sem-plano,0.37,,44800,420,2026-09-25T22:34:23,w3
FF,mystery,pfile18,,sem-plano,0.01,,4096,480,2026-09-25T22:34:24,w3
LPG,mystery,pfile18,1,sem-plano,0.07,,106624,540,2026-09-25T22:34:24,w3
LPG,mystery,pfile18,2,sem-plano,0.07,,106752,540,2026-09-25T22:34:24,w3
LPG,mystery,pfile18,3,sem-plano,0.07,,106624,540,2026-09-25T22:34:24,w3
YAHSP,mystery,pfile18,,sem-plano,0.01,,3456,540,2026-09-25T22:34:24,w3
SGPlan,mystery,pfile18,,sem-plano,0.02,,19072,480,2026-09-25T22:34:24,w3
SATPlan,mystery,pfile18,,sem-plano,6.56,,7680,480,2026-09-25T22:34:24,w3
MaxPlan,mystery,pfile18,,sem-plano,0.01,,7680,780,2026-09-25T22:34:30,w3
Fast Downward,mystery,pfile18,,sem-plano,0.16,,26056,600,2026-09-25T22:34:30,w3
Blackbox,mystery,pfile19,,sem-plano,0.1,,64512,600,2026-09-25T22:34:31,w3
IPP,mystery,pfile19,,resolvido,0.49,0.48,35072,420,2026-09-25T22:34:31,w3
FF,mystery,pfile19,,resolvido,0.35,0.34,11520,480,2026-09-25T22:34:31,w3
LPG,mystery,pfile19,1,resolvido,4.79,4.72,129024,540,2026-09-25T22:34:32,w3
LPG,mystery,pfile19,2,resolvido,1.25,1.19,127360,540,2026-09-25T22:34:36,w3
LPG,mystery,pfile19,3,resolvido,0.31,0.25,122752,540,2026-09-25T22:34:38,w3
YAHSP,mystery,pfile19,,resolvido,0.03,0.02,4864,540,2026-09-25T22:34:38,w3
SGPlan,mystery,pfile19,,resolvido,1.68,1.66,133524,480,2026-09-25T22:34:38,w3
SATPlan,mystery,pfile19,,resolvido,0.82,0.66,40192,480,2026-09-25T22:34:40,w3
MaxPlan,mystery,pfile19,,resolvido,1.94,1.67,171752,780,2026-09-25T22:34:40,w3
Fast Downward,mystery,pfile19,,resolvido,1.19,0.44,47160,600,2026-09-25T22:34:42,w3
Blackbox,mystery,pfile20,,sem-plano,0.07,,48000,600,2026-09-25T22:34:44,w3
IPP,mystery,pfile20,,resolvido,1.58,1.56,70912,420,2026-09-25T22:34:44,w3
FF,mystery,pfile20,,resolvido,0.01,0.01,10368,480,2026-09-25T22:34:45,w3
LPG,mystery,pfile20,1,resolvido,0.18,0.12,119936,540,2026-09-25T22:34:45,w3
LPG,mystery,pfile20,2,resolvido,7.22,7.15,136576,540,2026-09-25T22:34:45,w3
LPG,mystery,pfile20,3,resolvido,1.64,1.57,133504,540,2026-09-25T22:34:53,w3
YAHSP,mystery,pfile20,,resolvido,0.03,0.02,4864,540,2026-09-25T22:34:54,w3
SGPlan,mystery,pfile20,,resolvido,0.05,0.04,46600,480,2026-09-25T22:34:54,w3
SATPlan,mystery,pfile20,,resolvido,4.58,4.22,93824,480,2026-09-25T22:34:54,w3
MaxPlan,mystery,pfile20,,resolvido,5.83,4.14,143432,780,2026-09-25T22:34:59,w3
Fast Downward,mystery,pfile20,,resolvido,0.95,0.17,49600,600,2026-09-25T22:35:05,w3
Blackbox,mystery,pfile21,,sem-plano,0.13,,81792,600,2026-09-25T22:35:06,w3
IPP,mystery,pfile21,,sem-plano,1.06,,72704,420,2026-09-25T22:35:06,w3
YAHSP,mystery,pfile16,,estourou,540.17,,,540,2026-09-25T22:26:20,w0
Fast Downward,mystery,pfile16,,estourou,600.38,,,600,2026-09-25T22:31:53,w1
FF,mystery,pfile21,,estourou,480.12,,,480,2026-09-25T22:35:07,w3
LPG,mystery,pfile21,1,estourou,540.03,,,540,2026-09-25T22:35:20,w0
MaxPlan,mystery,pfile16,,estourou,780.09,,,780,2026-09-25T22:31:25,w2
SGPlan,mystery,pfile21,,sem-plano,67.43,,517676,480,2026-09-25T22:44:25,w2
SATPlan,mystery,pfile21,,sem-plano,51.87,,229760,480,2026-09-25T22:45:32,w2
LPG,mystery,pfile21,2,estourou,540.07,,,540,2026-09-25T22:41:54,w1
LPG,mystery,pfile21,3,estourou,540.11,,,540,2026-09-25T22:43:07,w3
Blackbox,mystery,pfile22,,sem-plano,0.06,,43392,600,2026-09-25T22:52:07,w3
IPP,mystery,pfile22,,sem-plano,6.85,,273920,420,2026-09-25T22:52:07,w3
YAHSP,mystery,pfile21,,estourou,540.2,,,540,2026-09-25T22:44:20,w0
MaxPlan,mystery,pfile21,,estourou,780.16,,,780,2026-09-25T22:46:24,w2
FF,mystery,pfile22,,estourou,480.17,,,480,2026-09-25T22:52:14,w3
Fast Downward,mystery,pfile21,,estourou,600.32,,,600,2026-09-25T22:50:54,w1
LPG,mystery,pfile22,1,estourou,540.18,,,540,2026-09-25T22:53:20,w0
SGPlan,mystery,pfile22,,sem-plano,317.34,,561444,480,2026-09-25T23:02:21,w0
LPG,mystery,pfile22,2,estourou,540.17,,,540,2026-09-25T22:59:25,w2
LPG,mystery,pfile22,3,estourou,540.18,,,540,2026-09-25T23:00:14,w3
YAHSP,mystery,pfile22,,estourou,540.15,,,540,2026-09-25T23:00:54,w1
Blackbox,mystery,pfile23,,sem-plano,0.1,,68480,600,2026-09-25T23:09:54,w1
IPP,mystery,pfile23,,sem-plano,1.42,,75264,420,2026-09-25T23:09:55,w1
SATPlan,mystery,pfile22,,sem-plano,145.3,,531712,480,2026-09-25T23:07:38,w0
FF,mystery,pfile23,,estourou,480.11,,,480,2026-09-25T23:09:56,w1
LPG,mystery,pfile23,1,estourou,540.15,,,540,2026-09-25T23:10:03,w0
Fast Downward,mystery,pfile22,,estourou,600.19,,,600,2026-09-25T23:09:14,w3
MaxPlan,mystery,pfile22,,estourou,780.23,,,780,2026-09-25T23:08:25,w2
SGPlan,mystery,pfile23,,sem-plano,157.94,,397844,480,2026-09-25T23:21:25,w2
SATPlan,mystery,pfile23,,sem-plano,84.88,,371968,480,2026-09-25T23:24:03,w2
LPG,mystery,pfile23,2,estourou,540.15,,,540,2026-09-25T23:17:56,w1
LPG,mystery,pfile23,3,estourou,540.15,,,540,2026-09-25T23:19:03,w0
Blackbox,mystery,pfile24,,sem-plano,0.17,,95360,600,2026-09-25T23:28:04,w0
IPP,mystery,pfile24,,sem-plano,1.12,,109824,420,2026-09-25T23:28:04,w0
YAHSP,mystery,pfile23,,estourou,540.1,,,540,2026-09-25T23:19:15,w3
FF,mystery,pfile24,,estourou,480.12,,,480,2026-09-26T07:57:17,w1
LPG,mystery,pfile24,1,estourou,540.18,,,540,2026-09-26T07:57:17,w0
Fast Downward,mystery,pfile23,,estourou,600.2,,,600,2026-09-26T07:57:17,w2
MaxPlan,mystery,pfile23,,estourou,780.1,,,780,2026-09-26T07:57:17,w3
SGPlan,mystery,pfile24,,sem-plano,208.6,,380064,480,2026-09-26T08:10:17,w3
LPG,mystery,pfile24,2,estourou,540.18,,,540,2026-09-26T08:05:17,w1
SATPlan,mystery,pfile24,,sem-plano,50.59,,182784,480,2026-09-26T08:13:46,w3
LPG,mystery,pfile24,3,estourou,540.19,,,540,2026-09-26T08:06:17,w0
Blackbox,mystery,pfile25,,resolvido,0.01,0.01,10112,600,2026-09-26T08:15:18,w0
IPP,mystery,pfile25,,resolvido,0.01,0.0,2944,420,2026-09-26T08:15:18,w0
FF,mystery,pfile25,,resolvido,0.01,0.0,3200,480,2026-09-26T08:15:18,w0
LPG,mystery,pfile25,1,resolvido,0.07,0.01,109952,540,2026-09-26T08:15:18,w0
LPG,mystery,pfile25,2,resolvido,0.06,0.0,109952,540,2026-09-26T08:15:18,w0
LPG,mystery,pfile25,3,resolvido,0.07,0.0,109952,540,2026-09-26T08:15:18,w0
YAHSP,mystery,pfile25,,resolvido,0.01,0.0,2432,540,2026-09-26T08:15:18,w0
SGPlan,mystery,pfile25,,resolvido,0.03,0.0,19964,480,2026-09-26T08:15:18,w0
SATPlan,mystery,pfile25,,resolvido,0.05,0.0,1920,480,2026-09-26T08:15:18,w0
MaxPlan,mystery,pfile25,,resolvido,0.04,0.01,7420,780,2026-09-26T08:15:18,w0
Fast Downward,mystery,pfile25,,resolvido,0.07,0.0,9240,600,2026-09-26T08:15:18,w0
Blackbox,mystery,pfile26,,resolvido,0.07,0.06,47232,600,2026-09-26T08:15:18,w0
IPP,mystery,pfile26,,resolvido,0.06,0.04,9728,420,2026-09-26T08:15:18,w0
FF,mystery,pfile26,,resolvido,0.02,0.02,5632,480,2026-09-26T08:15:18,w0
LPG,mystery,pfile26,1,resolvido,0.1,0.04,113408,540,2026-09-26T08:15:18,w0
LPG,mystery,pfile26,2,resolvido,0.13,0.06,113408,540,2026-09-26T08:15:18,w0
LPG,mystery,pfile26,3,resolvido,0.1,0.04,113408,540,2026-09-26T08:15:18,w0
YAHSP,mystery,pfile26,,resolvido,0.01,0.01,3072,540,2026-09-26T08:15:18,w0
SGPlan,mystery,pfile26,,resolvido,0.42,0.4,49364,480,2026-09-26T08:15:18,w0
SATPlan,mystery,pfile26,,resolvido,0.12,0.07,8832,480,2026-09-26T08:15:19,w0
MaxPlan,mystery,pfile26,,resolvido,0.21,0.12,23672,780,2026-09-26T08:15:19,w0
Fast Downward,mystery,pfile26,,resolvido,0.2,0.01,17948,600,2026-09-26T08:15:19,w0
Blackbox,mystery,pfile27,,resolvido,0.03,0.02,23296,600,2026-09-26T08:15:19,w0
IPP,mystery,pfile27,,resolvido,0.03,0.02,6272,420,2026-09-26T08:15:19,w0
FF,mystery,pfile27,,resolvido,0.01,0.0,4608,480,2026-09-26T08:15:19,w0
LPG,mystery,pfile27,1,resolvido,1.05,0.98,116224,540,2026-09-26T08:15:19,w0
LPG,mystery,pfile27,2,resolvido,6.16,6.1,119168,540,2026-09-26T08:15:21,w0
LPG,mystery,pfile27,3,resolvido,5.09,5.03,117632,540,2026-09-26T08:15:27,w0
YAHSP,mystery,pfile27,,resolvido,0.01,0.0,2944,540,2026-09-26T08:15:32,w0
SGPlan,mystery,pfile27,,resolvido,0.02,0.01,23812,480,2026-09-26T08:15:32,w0
SATPlan,mystery,pfile27,,resolvido,0.05,0.02,5376,480,2026-09-26T08:15:32,w0
MaxPlan,mystery,pfile27,,resolvido,0.06,0.03,13984,780,2026-09-26T08:15:32,w0
Fast Downward,mystery,pfile27,,resolvido,0.15,0.01,15516,600,2026-09-26T08:15:32,w0
Blackbox,mystery,pfile28,,resolvido,0.03,0.02,21888,600,2026-09-26T08:15:32,w0
IPP,mystery,pfile28,,resolvido,0.01,0.0,4224,420,2026-09-26T08:15:32,w0
FF,mystery,pfile28,,resolvido,0.0,0.0,3456,480,2026-09-26T08:15:32,w0
LPG,mystery,pfile28,1,resolvido,0.07,0.01,110208,540,2026-09-26T08:15:32,w0
LPG,mystery,pfile28,2,resolvido,0.07,0.01,110080,540,2026-09-26T08:15:32,w0
LPG,mystery,pfile28,3,resolvido,0.07,0.01,110208,540,2026-09-26T08:15:32,w0
YAHSP,mystery,pfile28,,resolvido,0.0,0.0,2432,540,2026-09-26T08:15:32,w0
SGPlan,mystery,pfile28,,resolvido,0.02,0.0,20088,480,2026-09-26T08:15:32,w0
SATPlan,mystery,pfile28,,resolvido,0.06,0.02,2560,480,2026-09-26T08:15:32,w0
MaxPlan,mystery,pfile28,,resolvido,0.07,0.04,9308,780,2026-09-26T08:15:32,w0
Fast Downward,mystery,pfile28,,resolvido,0.06,0.0,20096,600,2026-09-26T08:15:32,w0
Blackbox,mystery,pfile29,,resolvido,0.03,0.02,21760,600,2026-09-26T08:15:33,w0
IPP,mystery,pfile29,,resolvido,0.03,0.02,6144,420,2026-09-26T08:15:33,w0
FF,mystery,pfile29,,resolvido,0.01,0.0,4864,480,2026-09-26T08:15:33,w0
LPG,mystery,pfile29,1,resolvido,0.08,0.02,110848,540,2026-09-26T08:15:33,w0
LPG,mystery,pfile29,2,resolvido,0.08,0.02,110976,540,2026-09-26T08:15:33,w0
LPG,mystery,pfile29,3,resolvido,0.08,0.02,110976,540,2026-09-26T08:15:33,w0
YAHSP,mystery,pfile29,,resolvido,0.01,0.0,2816,540,2026-09-26T08:15:33,w0
SGPlan,mystery,pfile29,,resolvido,0.02,0.0,24016,480,2026-09-26T08:15:33,w0
SATPlan,mystery,pfile29,,resolvido,0.04,0.02,5248,480,2026-09-26T08:15:33,w0
MaxPlan,mystery,pfile29,,resolvido,0.06,0.03,15128,780,2026-09-26T08:15:33,w0
Fast Downward,mystery,pfile29,,resolvido,0.16,0.01,16028,600,2026-09-26T08:15:33,w0
Blackbox,mystery,pfile30,,sem-plano,0.14,,83712,600,2026-09-26T08:15:33,w0
IPP,mystery,pfile30,,resolvido,0.27,0.26,24832,420,2026-09-26T08:15:33,w0
FF,mystery,pfile30,,resolvido,0.01,0.0,7424,480,2026-09-26T08:15:34,w0
LPG,mystery,pfile30,1,resolvido,0.13,0.08,114816,540,2026-09-26T08:15:34,w0
LPG,mystery,pfile30,2,resolvido,4.77,4.7,123776,540,2026-09-26T08:15:34,w0
LPG,mystery,pfile30,3,resolvido,0.23,0.16,115328,540,2026-09-26T08:15:38,w0
YAHSP,mystery,pfile30,,resolvido,0.02,0.01,3584,540,2026-09-26T08:15:39,w0
SGPlan,mystery,pfile30,,resolvido,0.04,0.02,35008,480,2026-09-26T08:15:39,w0
SATPlan,mystery,pfile30,,resolvido,0.62,0.5,29824,480,2026-09-26T08:15:39,w0
MaxPlan,mystery,pfile30,,resolvido,3.32,2.48,67704,780,2026-09-26T08:15:39,w0
Fast Downward,mystery,pfile30,,resolvido,0.51,0.04,31960,600,2026-09-26T08:15:43,w0
Blackbox,tpp,p01.pddl,,sem-plano,0.01,,3584,600,2026-09-26T08:15:43,w0
IPP,tpp,p01.pddl,,resolvido,0.0,0.0,2176,420,2026-09-26T08:15:43,w0
FF,tpp,p01.pddl,,resolvido,0.0,0.0,2816,480,2026-09-26T08:15:43,w0
LPG,tpp,p01.pddl,1,resolvido,0.07,0.0,109696,540,2026-09-26T08:15:43,w0
LPG,tpp,p01.pddl,2,resolvido,0.06,0.01,109696,540,2026-09-26T08:15:43,w0
LPG,tpp,p01.pddl,3,resolvido,0.06,0.0,109696,540,2026-09-26T08:15:43,w0
YAHSP,tpp,p01.pddl,,sem-plano,0.0,,2304,540,2026-09-26T08:15:43,w0
SGPlan,tpp,p01.pddl,,resolvido,0.01,0.0,19720,480,2026-09-26T08:15:43,w0
SATPlan,tpp,p01.pddl,,resolvido,0.02,0.0,1920,480,2026-09-26T08:15:43,w0
MaxPlan,tpp,p01.pddl,,resolvido,0.02,0.01,6672,780,2026-09-26T08:15:43,w0
Fast Downward,tpp,p01.pddl,,resolvido,0.02,0.0,8472,600,2026-09-26T08:15:43,w0
Blackbox,tpp,p02.pddl,,sem-plano,0.0,,3456,600,2026-09-26T08:15:43,w0
IPP,tpp,p02.pddl,,resolvido,0.0,0.0,2304,420,2026-09-26T08:15:43,w0
FF,tpp,p02.pddl,,resolvido,0.0,0.0,2816,480,2026-09-26T08:15:43,w0
LPG,tpp,p02.pddl,1,resolvido,0.06,0.01,109568,540,2026-09-26T08:15:43,w0
LPG,tpp,p02.pddl,2,resolvido,0.06,0.01,109696,540,2026-09-26T08:15:44,w0
LPG,tpp,p02.pddl,3,resolvido,0.06,0.0,109696,540,2026-09-26T08:15:44,w0
YAHSP,tpp,p02.pddl,,sem-plano,0.0,,2432,540,2026-09-26T08:15:44,w0
SGPlan,tpp,p02.pddl,,resolvido,0.01,0.0,19736,480,2026-09-26T08:15:44,w0
SATPlan,tpp,p02.pddl,,resolvido,0.02,0.0,1920,480,2026-09-26T08:15:44,w0
MaxPlan,tpp,p02.pddl,,resolvido,0.02,0.01,6784,780,2026-09-26T08:15:44,w0
Fast Downward,tpp,p02.pddl,,resolvido,0.03,0.0,8604,600,2026-09-26T08:15:44,w0
Blackbox,tpp,p03.pddl,,sem-plano,0.0,,3456,600,2026-09-26T08:15:44,w0
IPP,tpp,p03.pddl,,resolvido,0.0,0.0,2432,420,2026-09-26T08:15:44,w0
FF,tpp,p03.pddl,,resolvido,0.0,0.0,2944,480,2026-09-26T08:15:44,w0
LPG,tpp,p03.pddl,1,resolvido,0.06,0.0,109824,540,2026-09-26T08:15:44,w0
LPG,tpp,p03.pddl,2,resolvido,0.06,0.0,109696,540,2026-09-26T08:15:44,w0
LPG,tpp,p03.pddl,3,resolvido,0.06,0.0,109824,540,2026-09-26T08:15:44,w0
YAHSP,tpp,p03.pddl,,sem-plano,0.0,,2432,540,2026-09-26T08:15:44,w0
SGPlan,tpp,p03.pddl,,resolvido,0.01,0.0,19740,480,2026-09-26T08:15:44,w0
SATPlan,tpp,p03.pddl,,resolvido,0.02,0.0,1920,480,2026-09-26T08:15:44,w0
MaxPlan,tpp,p03.pddl,,resolvido,0.02,0.0,6784,780,2026-09-26T08:15:44,w0
Fast Downward,tpp,p03.pddl,,resolvido,0.03,0.0,8600,600,2026-09-26T08:15:44,w0
Blackbox,tpp,p04.pddl,,sem-plano,0.0,,3584,600,2026-09-26T08:15:44,w0
IPP,tpp,p04.pddl,,resolvido,0.0,0.0,2560,420,2026-09-26T08:15:44,w0
FF,tpp,p04.pddl,,resolvido,0.0,0.0,2944,480,2026-09-26T08:15:44,w0
LPG,tpp,p04.pddl,1,resolvido,0.06,0.0,109824,540,2026-09-26T08:15:44,w0
LPG,tpp,p04.pddl,2,resolvido,0.06,0.01,109696,540,2026-09-26T08:15:44,w0
LPG,tpp,p04.pddl,3,resolvido,0.06,0.01,109824,540,2026-09-26T08:15:44,w0
YAHSP,tpp,p04.pddl,,sem-plano,0.0,,2304,540,2026-09-26T08:15:44,w0
SGPlan,tpp,p04.pddl,,resolvido,0.01,0.0,19872,480,2026-09-26T08:15:44,w0
SATPlan,tpp,p04.pddl,,resolvido,0.02,0.0,1920,480,2026-09-26T08:15:44,w0
MaxPlan,tpp,p04.pddl,,resolvido,0.02,0.0,6784,780,2026-09-26T08:15:44,w0
Fast Downward,tpp,p04.pddl,,resolvido,0.03,0.0,8472,600,2026-09-26T08:15:44,w0
Blackbox,tpp,p05.pddl,,sem-plano,0.0,,3584,600,2026-09-26T08:15:44,w0
IPP,tpp,p05.pddl,,resolvido,0.0,0.0,3328,420,2026-09-26T08:15:44,w0
FF,tpp,p05.pddl,,resolvido,0.0,0.0,3200,480,2026-09-26T08:15:44,w0
LPG,tpp,p05.pddl,1,resolvido,0.06,0.01,109952,540,2026-09-26T08:15:44,w0
LPG,tpp,p05.pddl,2,resolvido,0.06,0.0,109952,540,2026-09-26T08:15:44,w0
LPG,tpp,p05.pddl,3,resolvido,0.06,0.0,109952,540,2026-09-26T08:15:44,w0
YAHSP,tpp,p05.pddl,,sem-plano,0.0,,2304,540,2026-09-26T08:15:45,w0
SGPlan,tpp,p05.pddl,,resolvido,0.01,0.0,19876,480,2026-09-26T08:15:45,w0
SATPlan,tpp,p05.pddl,,resolvido,0.03,0.01,1920,480,2026-09-26T08:15:45,w0
MaxPlan,tpp,p05.pddl,,resolvido,0.04,0.01,7084,780,2026-09-26T08:15:45,w0
Fast Downward,tpp,p05.pddl,,resolvido,0.03,0.0,8860,600,2026-09-26T08:15:45,w0
Blackbox,tpp,p06.pddl,,sem-plano,0.0,,3456,600,2026-09-26T08:15:45,w0
IPP,tpp,p06.pddl,,resolvido,0.02,0.02,5504,420,2026-09-26T08:15:45,w0
FF,tpp,p06.pddl,,resolvido,0.0,0.0,3712,480,2026-09-26T08:15:45,w0
LPG,tpp,p06.pddl,1,resolvido,0.07,0.0,110336,540,2026-09-26T08:15:45,w0
LPG,tpp,p06.pddl,2,resolvido,0.07,0.0,110208,540,2026-09-26T08:15:45,w0
LPG,tpp,p06.pddl,3,resolvido,0.07,0.01,110208,540,2026-09-26T08:15:45,w0
YAHSP,tpp,p06.pddl,,sem-plano,0.0,,2432,540,2026-09-26T08:15:45,w0
SGPlan,tpp,p06.pddl,,resolvido,0.02,0.0,20364,480,2026-09-26T08:15:45,w0
SATPlan,tpp,p06.pddl,,resolvido,0.06,0.02,1920,480,2026-09-26T08:15:45,w0
MaxPlan,tpp,p06.pddl,,resolvido,0.15,0.05,8028,780,2026-09-26T08:15:45,w0
Fast Downward,tpp,p06.pddl,,resolvido,0.05,0.0,9624,600,2026-09-26T08:15:45,w0
Blackbox,tpp,p07.pddl,,sem-plano,0.0,,3456,600,2026-09-26T08:15:45,w0
IPP,tpp,p07.pddl,,resolvido,0.81,0.79,72960,420,2026-09-26T08:15:45,w0
FF,tpp,p07.pddl,,resolvido,0.01,0.0,3840,480,2026-09-26T08:15:46,w0
LPG,tpp,p07.pddl,1,resolvido,0.07,0.01,110208,540,2026-09-26T08:15:46,w0
LPG,tpp,p07.pddl,2,resolvido,0.07,0.01,110336,540,2026-09-26T08:15:46,w0
LPG,tpp,p07.pddl,3,resolvido,0.07,0.01,110336,540,2026-09-26T08:15:46,w0
YAHSP,tpp,p07.pddl,,sem-plano,0.0,,2432,540,2026-09-26T08:15:46,w0
SGPlan,tpp,p07.pddl,,resolvido,0.02,0.0,20572,480,2026-09-26T08:15:46,w0
SATPlan,tpp,p07.pddl,,resolvido,0.06,0.02,2176,480,2026-09-26T08:15:46,w0
MaxPlan,tpp,p07.pddl,,resolvido,0.15,0.05,8216,780,2026-09-26T08:15:46,w0
Fast Downward,tpp,p07.pddl,,resolvido,0.05,0.0,9884,600,2026-09-26T08:15:46,w0
Blackbox,tpp,p08.pddl,,sem-plano,0.0,,3584,600,2026-09-26T08:15:47,w0
IPP,tpp,p08.pddl,,resolvido,1.89,1.86,97920,420,2026-09-26T08:15:47,w0
FF,tpp,p08.pddl,,resolvido,0.01,0.0,4096,480,2026-09-26T08:15:48,w0
LPG,tpp,p08.pddl,1,resolvido,0.07,0.01,110720,540,2026-09-26T08:15:48,w0
LPG,tpp,p08.pddl,2,resolvido,0.07,0.02,111104,540,2026-09-26T08:15:48,w0
LPG,tpp,p08.pddl,3,resolvido,0.07,0.0,110592,540,2026-09-26T08:15:49,w0
YAHSP,tpp,p08.pddl,,sem-plano,0.0,,2432,540,2026-09-26T08:15:49,w0
SGPlan,tpp,p08.pddl,,resolvido,0.02,0.0,20652,480,2026-09-26T08:15:49,w0
SATPlan,tpp,p08.pddl,,resolvido,0.07,0.03,2432,480,2026-09-26T08:15:49,w0
MaxPlan,tpp,p08.pddl,,resolvido,0.14,0.04,8340,780,2026-09-26T08:15:49,w0
Fast Downward,tpp,p08.pddl,,resolvido,0.06,0.0,10012,600,2026-09-26T08:15:49,w0
Blackbox,tpp,p09.pddl,,sem-plano,0.0,,3584,600,2026-09-26T08:15:49,w0
YAHSP,mystery,pfile24,,estourou,540.15,,,540,2026-09-26T08:07:17,w2
FF,tpp,p09.pddl,,resolvido,0.03,0.01,5120,480,2026-09-26T08:16:18,w2
LPG,tpp,p09.pddl,1,resolvido,0.08,0.01,111232,540,2026-09-26T08:16:18,w2
LPG,tpp,p09.pddl,2,resolvido,0.08,0.01,111744,540,2026-09-26T08:16:18,w2
LPG,tpp,p09.pddl,3,resolvido,0.07,0.01,111616,540,2026-09-26T08:16:18,w2
YAHSP,tpp,p09.pddl,,sem-plano,0.0,,2304,540,2026-09-26T08:16:18,w2
SGPlan,tpp,p09.pddl,,resolvido,0.04,0.01,21216,480,2026-09-26T08:16:18,w2
SATPlan,tpp,p09.pddl,,resolvido,0.18,0.09,4096,480,2026-09-26T08:16:18,w2
MaxPlan,tpp,p09.pddl,,resolvido,1.01,0.38,10500,780,2026-09-26T08:16:18,w2
Fast Downward,tpp,p09.pddl,,resolvido,0.1,0.01,17792,600,2026-09-26T08:16:19,w2
Blackbox,tpp,p10.pddl,,sem-plano,0.01,,3456,600,2026-09-26T08:16:19,w2
IPP,tpp,p10.pddl,,sem-plano,329.74,,4190080,420,2026-09-26T08:16:19,w2
FF,tpp,p10.pddl,,resolvido,0.07,0.06,6912,480,2026-09-26T08:21:49,w2
LPG,tpp,p10.pddl,1,resolvido,0.08,0.02,111872,540,2026-09-26T08:21:49,w2
LPG,tpp,p10.pddl,2,resolvido,0.08,0.01,111872,540,2026-09-26T08:21:49,w2
LPG,tpp,p10.pddl,3,resolvido,0.11,0.05,113152,540,2026-09-26T08:21:49,w2
YAHSP,tpp,p10.pddl,,sem-plano,0.0,,2432,540,2026-09-26T08:21:49,w2
SGPlan,tpp,p10.pddl,,resolvido,0.02,0.0,21632,480,2026-09-26T08:21:49,w2
SATPlan,tpp,p10.pddl,,resolvido,0.18,0.09,4608,480,2026-09-26T08:21:49,w2
MaxPlan,tpp,p10.pddl,,resolvido,1.55,0.62,10976,780,2026-09-26T08:21:49,w2
Fast Downward,tpp,p10.pddl,,resolvido,0.11,0.01,21632,600,2026-09-26T08:21:51,w2
Blackbox,tpp,p11.pddl,,sem-plano,0.0,,3584,600,2026-09-26T08:21:51,w2
IPP,tpp,p09.pddl,,sem-plano,392.39,,4190176,420,2026-09-26T08:15:49,w0
FF,tpp,p11.pddl,,resolvido,0.23,0.22,6656,480,2026-09-26T08:22:21,w0
LPG,tpp,p11.pddl,1,resolvido,0.48,0.42,114944,540,2026-09-26T08:22:22,w0
LPG,tpp,p11.pddl,2,resolvido,0.25,0.19,113920,540,2026-09-26T08:22:22,w0
LPG,tpp,p11.pddl,3,resolvido,0.76,0.7,116864,540,2026-09-26T08:22:22,w0
YAHSP,tpp,p11.pddl,,sem-plano,0.0,,2432,540,2026-09-26T08:22:23,w0
SGPlan,tpp,p11.pddl,,resolvido,0.02,0.01,22976,480,2026-09-26T08:22:23,w0
SATPlan,tpp,p11.pddl,,resolvido,0.33,0.22,7680,480,2026-09-26T08:22:23,w0
MaxPlan,tpp,p11.pddl,,resolvido,15.87,9.83,41760,780,2026-09-26T08:22:23,w0
Fast Downward,tpp,p11.pddl,,resolvido,0.15,0.02,36480,600,2026-09-26T08:22:39,w0
Blackbox,tpp,p12.pddl,,sem-plano,0.0,,3584,600,2026-09-26T08:22:39,w0
Fast Downward,mystery,pfile24,,estourou,600.31,,,600,2026-09-26T08:14:36,w3
FF,tpp,p12.pddl,,resolvido,0.18,0.16,6144,480,2026-09-26T08:24:37,w3
LPG,tpp,p12.pddl,1,resolvido,0.24,0.17,114048,540,2026-09-26T08:24:37,w3
LPG,tpp,p12.pddl,2,resolvido,0.59,0.52,117888,540,2026-09-26T08:24:37,w3
LPG,tpp,p12.pddl,3,resolvido,0.33,0.28,114688,540,2026-09-26T08:24:38,w3
YAHSP,tpp,p12.pddl,,sem-plano,0.01,,2432,540,2026-09-26T08:24:38,w3
SGPlan,tpp,p12.pddl,,resolvido,0.03,0.01,23428,480,2026-09-26T08:24:38,w3
SATPlan,tpp,p12.pddl,,resolvido,0.42,0.29,9088,480,2026-09-26T08:24:38,w3
MaxPlan,tpp,p12.pddl,,resolvido,8.76,5.07,22456,780,2026-09-26T08:24:39,w3
Fast Downward,tpp,p12.pddl,,resolvido,0.2,0.03,40064,600,2026-09-26T08:24:47,w3
Blackbox,tpp,p13.pddl,,sem-plano,0.01,,3456,600,2026-09-26T08:24:48,w3
MaxPlan,mystery,pfile24,,estourou,780.28,,,780,2026-09-26T08:14:17,w1
FF,tpp,p13.pddl,,resolvido,0.03,0.02,6272,480,2026-09-26T08:27:18,w1
LPG,tpp,p13.pddl,1,resolvido,0.14,0.07,114432,540,2026-09-26T08:27:18,w1
LPG,tpp,p13.pddl,2,resolvido,0.09,0.03,112896,540,2026-09-26T08:27:18,w1
LPG,tpp,p13.pddl,3,resolvido,0.11,0.04,114176,540,2026-09-26T08:27:18,w1
YAHSP,tpp,p13.pddl,,sem-plano,0.01,,2432,540,2026-09-26T08:27:18,w1
SGPlan,tpp,p13.pddl,,resolvido,0.05,0.02,25728,480,2026-09-26T08:27:18,w1
SATPlan,tpp,p13.pddl,,resolvido,0.48,0.34,12928,480,2026-09-26T08:27:18,w1
MaxPlan,tpp,p13.pddl,,resolvido,11.44,7.44,47040,780,2026-09-26T08:27:19,w1
Fast Downward,tpp,p13.pddl,,resolvido,0.28,0.04,41856,600,2026-09-26T08:27:30,w1
Blackbox,tpp,p14.pddl,,sem-plano,0.01,,3456,600,2026-09-26T08:27:30,w1
IPP,tpp,p11.pddl,,estourou,420.11,,,420,2026-09-26T08:21:51,w2
FF,tpp,p14.pddl,,resolvido,0.14,0.13,7168,480,2026-09-26T08:28:51,w2
LPG,tpp,p14.pddl,1,resolvido,0.12,0.05,115200,540,2026-09-26T08:28:51,w2
LPG,tpp,p14.pddl,2,resolvido,2.62,2.55,128128,540,2026-09-26T08:28:51,w2
LPG,tpp,p14.pddl,3,resolvido,0.46,0.39,117504,540,2026-09-26T08:28:54,w2
YAHSP,tpp,p14.pddl,,sem-plano,0.0,,2560,540,2026-09-26T08:28:55,w2
SGPlan,tpp,p14.pddl,,resolvido,0.03,0.02,26972,480,2026-09-26T08:28:55,w2
SATPlan,tpp,p14.pddl,,resolvido,3.42,3.25,16384,480,2026-09-26T08:28:55,w2
IPP,tpp,p12.pddl,,estourou,420.17,,,420,2026-09-26T08:22:39,w0
Fast Downward,tpp,p14.pddl,,resolvido,0.31,0.07,44672,600,2026-09-26T08:29:40,w0
Blackbox,tpp,p15.pddl,,sem-plano,0.0,,3584,600,2026-09-26T08:29:40,w0
IPP,tpp,p13.pddl,,estourou,420.29,,,420,2026-09-26T08:24:48,w3
FF,tpp,p15.pddl,,resolvido,0.51,0.5,9856,480,2026-09-26T08:31:48,w3
LPG,tpp,p15.pddl,1,resolvido,1.47,1.39,124928,540,2026-09-26T08:31:48,w3
LPG,tpp,p15.pddl,2,resolvido,0.84,0.78,121088,540,2026-09-26T08:31:50,w3
LPG,tpp,p15.pddl,3,resolvido,2.29,2.23,130560,540,2026-09-26T08:31:51,w3
YAHSP,tpp,p15.pddl,,sem-plano,0.0,,2560,540,2026-09-26T08:31:53,w3
SGPlan,tpp,p15.pddl,,resolvido,0.04,0.02,27708,480,2026-09-26T08:31:53,w3
SATPlan,tpp,p15.pddl,,resolvido,1.19,1.04,17280,480,2026-09-26T08:31:53,w3
MaxPlan,tpp,p14.pddl,,resolvido,176.81,139.74,274344,780,2026-09-26T08:28:58,w2
Fast Downward,tpp,p15.pddl,,resolvido,0.37,0.11,47872,600,2026-09-26T08:31:55,w2
Blackbox,tpp,p16.pddl,,sem-plano,0.0,,3456,600,2026-09-26T08:31:55,w2
IPP,tpp,p14.pddl,,estourou,420.35,,,420,2026-09-26T08:27:30,w1
FF,tpp,p16.pddl,,resolvido,1.56,1.55,13056,480,2026-09-26T08:34:31,w1
LPG,tpp,p16.pddl,1,resolvido,7.9,7.83,146944,540,2026-09-26T08:34:32,w1
LPG,tpp,p16.pddl,2,resolvido,3.17,3.09,141440,540,2026-09-26T08:34:40,w1
MaxPlan,tpp,p15.pddl,,resolvido,174.46,140.69,236288,780,2026-09-26T08:31:54,w3
YAHSP,tpp,p16.pddl,,sem-plano,0.0,,2688,540,2026-09-26T08:34:49,w3
SGPlan,tpp,p16.pddl,,resolvido,0.08,0.07,37644,480,2026-09-26T08:34:49,w3
SATPlan,tpp,p16.pddl,,resolvido,2.37,2.09,42368,480,2026-09-26T08:34:49,w3
LPG,tpp,p16.pddl,3,resolvido,9.04,8.97,146560,540,2026-09-26T08:34:43,w1
Fast Downward,tpp,p16.pddl,,resolvido,0.75,0.26,46720,600,2026-09-26T08:34:52,w1
Blackbox,tpp,p17.pddl,,sem-plano,0.0,,3584,600,2026-09-26T08:34:53,w1
IPP,tpp,p15.pddl,,estourou,420.12,,,420,2026-09-26T08:29:40,w0
FF,tpp,p17.pddl,,resolvido,2.01,1.99,15616,480,2026-09-26T08:36:40,w0
LPG,tpp,p17.pddl,1,resolvido,1.62,1.56,135040,540,2026-09-26T08:36:42,w0
LPG,tpp,p17.pddl,2,resolvido,3.49,3.42,147456,540,2026-09-26T08:36:44,w0
MaxPlan,tpp,p16.pddl,,resolvido,118.32,79.31,201932,780,2026-09-26T08:34:51,w3
YAHSP,tpp,p17.pddl,,sem-plano,0.01,,2560,540,2026-09-26T08:36:49,w3
SGPlan,tpp,p17.pddl,,resolvido,0.08,0.07,42212,480,2026-09-26T08:36:49,w3
LPG,tpp,p17.pddl,3,resolvido,2.99,2.91,136960,540,2026-09-26T08:36:47,w0
SATPlan,tpp,p17.pddl,,resolvido,5.34,4.93,65536,480,2026-09-26T08:36:50,w3
Fast Downward,tpp,p17.pddl,,resolvido,1.05,0.37,43124,600,2026-09-26T08:36:55,w3
Blackbox,tpp,p18.pddl,,sem-plano,0.0,,3584,600,2026-09-26T08:36:56,w3
MaxPlan,tpp,p17.pddl,,resolvido,68.29,41.09,170832,780,2026-09-26T08:36:50,w0
FF,tpp,p18.pddl,,resolvido,0.33,0.31,12288,480,2026-09-26T08:37:58,w0
LPG,tpp,p18.pddl,1,resolvido,0.63,0.58,130688,540,2026-09-26T08:37:59,w0
LPG,tpp,p18.pddl,2,resolvido,5.88,5.81,153856,540,2026-09-26T08:37:59,w0
LPG,tpp,p18.pddl,3,resolvido,2.69,2.62,139648,540,2026-09-26T08:38:05,w0
YAHSP,tpp,p18.pddl,,sem-plano,0.01,,2816,540,2026-09-26T08:38:08,w0
SGPlan,tpp,p18.pddl,,resolvido,0.07,0.06,43808,480,2026-09-26T08:38:08,w0
SATPlan,tpp,p18.pddl,,resolvido,6.99,6.48,73856,480,2026-09-26T08:38:08,w0
MaxPlan,tpp,p18.pddl,,resolvido,16.81,9.25,113336,780,2026-09-26T08:38:15,w0
Fast Downward,tpp,p18.pddl,,resolvido,0.97,0.26,46696,600,2026-09-26T08:38:32,w0
Blackbox,tpp,p19.pddl,,sem-plano,0.0,,3456,600,2026-09-26T08:38:33,w0
IPP,tpp,p16.pddl,,estourou,420.31,,,420,2026-09-26T08:31:55,w2
FF,tpp,p19.pddl,,resolvido,6.48,6.46,26624,480,2026-09-26T08:38:55,w2
LPG,tpp,p19.pddl,1,resolvido,3.65,3.59,147200,540,2026-09-26T08:39:02,w2
IPP,tpp,p17.pddl,,estourou,420.2,,,420,2026-09-26T08:34:53,w1
LPG,tpp,p19.pddl,3,resolvido,24.41,24.33,165504,540,2026-09-26T08:41:53,w1
YAHSP,tpp,p19.pddl,,sem-plano,0.01,,2816,540,2026-09-26T08:42:18,w1
SGPlan,tpp,p19.pddl,,resolvido,0.14,0.12,49144,480,2026-09-26T08:42:18,w1
SATPlan,tpp,p19.pddl,,resolvido,11.78,11.3,73600,480,2026-09-26T08:42:18,w1
IPP,tpp,p18.pddl,,estourou,420.22,,,420,2026-09-26T08:36:56,w3
Fast Downward,tpp,p19.pddl,,resolvido,1.85,0.98,50436,600,2026-09-26T08:43:56,w3
Blackbox,tpp,p20.pddl,,sem-plano,0.0,,3584,600,2026-09-26T08:43:58,w3
MaxPlan,tpp,p19.pddl,,resolvido,146.91,102.96,264840,780,2026-09-26T08:42:30,w1
FF,tpp,p20.pddl,,resolvido,17.44,17.41,32384,480,2026-09-26T08:44:57,w1
LPG,tpp,p20.pddl,1,resolvido,13.77,13.7,169984,540,2026-09-26T08:45:14,w1
IPP,tpp,p19.pddl,,estourou,420.19,,,420,2026-09-26T08:38:33,w0
LPG,tpp,p20.pddl,2,resolvido,14.24,14.17,172416,540,2026-09-26T08:45:28,w1
YAHSP,tpp,p20.pddl,,sem-plano,0.01,,2688,540,2026-09-26T08:45:42,w1
SGPlan,tpp,p20.pddl,,resolvido,0.15,0.14,51660,480,2026-09-26T08:45:42,w1
LPG,tpp,p20.pddl,3,resolvido,12.52,12.44,171648,540,2026-09-26T08:45:33,w0
SATPlan,tpp,p20.pddl,,resolvido,12.0,11.34,103168,480,2026-09-26T08:45:42,w1
Fast Downward,tpp,p20.pddl,,resolvido,2.36,1.46,53484,600,2026-09-26T08:45:54,w1
Blackbox,tpp,p21.pddl,,sem-plano,0.0,,3456,600,2026-09-26T08:45:57,w1
MaxPlan,tpp,p20.pddl,,resolvido,85.92,57.58,237608,780,2026-09-26T08:45:46,w0
FF,tpp,p21.pddl,,resolvido,17.77,17.74,25088,480,2026-09-26T08:47:11,w0
LPG,tpp,p19.pddl,2,estourou,540.18,,,540,2026-09-26T08:39:06,w2
IPP,tpp,p20.pddl,,sem-plano,276.91,,4190300,420,2026-09-26T08:43:58,w3
LPG,tpp,p21.pddl,3,resolvido,11.37,11.28,172416,540,2026-09-26T08:48:35,w3
YAHSP,tpp,p21.pddl,,sem-plano,0.01,,3200,540,2026-09-26T08:48:46,w3
SGPlan,tpp,p21.pddl,,resolvido,0.23,0.21,70460,480,2026-09-26T08:48:46,w3
IPP,tpp,p21.pddl,,estourou,420.28,,,420,2026-09-26T08:45:57,w1
LPG,tpp,p21.pddl,1,estourou,540.16,,,540,2026-09-26T08:47:29,w0
Fast Downward,tpp,p21.pddl,,resolvido,2.79,1.27,79492,600,2026-09-26T08:56:29,w0
Blackbox,tpp,p22.pddl,,sem-plano,0.0,,3584,600,2026-09-26T08:56:32,w0
SATPlan,tpp,p21.pddl,,estourou,480.11,,,480,2026-09-26T08:48:47,w3
FF,tpp,p22.pddl,,resolvido,1.9,1.88,19456,480,2026-09-26T08:56:47,w3
LPG,tpp,p21.pddl,2,estourou,540.16,,,540,2026-09-26T08:48:06,w2
LPG,tpp,p22.pddl,1,resolvido,21.2,21.11,183936,540,2026-09-26T08:56:49,w3
LPG,tpp,p22.pddl,2,resolvido,7.74,7.67,160128,540,2026-09-26T08:57:06,w2
YAHSP,tpp,p22.pddl,,sem-plano,0.01,,3200,540,2026-09-26T08:57:14,w2
SGPlan,tpp,p22.pddl,,resolvido,0.2,0.18,72592,480,2026-09-26T08:57:14,w2
SATPlan,tpp,p22.pddl,,resolvido,9.1,8.49,125824,480,2026-09-26T08:57:14,w2
LPG,tpp,p22.pddl,3,resolvido,49.72,49.59,186112,540,2026-09-26T08:57:10,w3
Fast Downward,tpp,p22.pddl,,resolvido,2.37,0.65,86016,600,2026-09-26T08:57:59,w3
Blackbox,tpp,p23.pddl,,sem-plano,0.0,,3456,600,2026-09-26T08:58:02,w3
MaxPlan,tpp,p22.pddl,,resolvido,58.56,38.68,266748,780,2026-09-26T08:57:23,w2
FF,tpp,p23.pddl,,resolvido,15.38,15.35,32256,480,2026-09-26T08:58:22,w2
IPP,tpp,p22.pddl,,estourou,420.23,,,420,2026-09-26T08:56:32,w0
LPG,tpp,p23.pddl,2,resolvido,36.3,36.2,198144,540,2026-09-26T09:03:32,w0
IPP,tpp,p23.pddl,,estourou,420.26,,,420,2026-09-26T08:58:02,w3
YAHSP,tpp,p23.pddl,,sem-plano,0.01,,3328,540,2026-09-26T09:05:02,w3
SGPlan,tpp,p23.pddl,,resolvido,0.25,0.23,77388,480,2026-09-26T09:05:02,w3
SATPlan,tpp,p23.pddl,,resolvido,33.22,32.08,247808,480,2026-09-26T09:05:02,w3
MaxPlan,tpp,p21.pddl,,estourou,780.14,,,780,2026-09-26T08:52:57,w1
Fast Downward,tpp,p23.pddl,,resolvido,2.85,1.06,91372,600,2026-09-26T09:05:57,w1
Blackbox,tpp,p24.pddl,,sem-plano,0.0,,3584,600,2026-09-26T09:06:00,w1
LPG,tpp,p23.pddl,1,estourou,540.17,,,540,2026-09-26T08:58:37,w2
FF,tpp,p24.pddl,,resolvido,18.23,18.2,30848,480,2026-09-26T09:07:37,w2
LPG,tpp,p24.pddl,1,resolvido,58.03,57.93,205696,540,2026-09-26T09:07:55,w2
LPG,tpp,p24.pddl,2,resolvido,40.21,40.12,203776,540,2026-09-26T09:08:53,w2
LPG,tpp,p24.pddl,3,resolvido,50.9,50.79,203136,540,2026-09-26T09:09:34,w2
YAHSP,tpp,p24.pddl,,sem-plano,0.01,,3200,540,2026-09-26T09:10:25,w2
SGPlan,tpp,p24.pddl,,resolvido,0.2,0.18,78828,480,2026-09-26T09:10:25,w2
SATPlan,tpp,p24.pddl,,resolvido,22.71,21.79,204160,480,2026-09-26T09:10:25,w2
MaxPlan,tpp,p24.pddl,,resolvido,90.73,69.98,369768,780,2026-09-26T09:10:47,w2
Fast Downward,tpp,p24.pddl,,resolvido,3.47,1.52,96940,600,2026-09-26T09:12:18,w2
Blackbox,tpp,p25.pddl,,sem-plano,0.0,,3456,600,2026-09-26T09:12:22,w2
IPP,tpp,p24.pddl,,estourou,420.23,,,420,2026-09-26T09:06:00,w1
LPG,tpp,p23.pddl,3,estourou,540.18,,,540,2026-09-26T09:04:09,w0
FF,tpp,p25.pddl,,resolvido,44.71,44.67,46848,480,2026-09-26T09:13:00,w1
LPG,tpp,p25.pddl,1,resolvido,81.32,81.17,235648,540,2026-09-26T09:13:09,w0
MaxPlan,tpp,p23.pddl,,resolvido,644.32,539.11,1218440,780,2026-09-26T09:05:36,w3
YAHSP,tpp,p25.pddl,,sem-plano,0.01,,3584,540,2026-09-26T09:16:20,w3
SGPlan,tpp,p25.pddl,,resolvido,0.61,0.59,109924,480,2026-09-26T09:16:20,w3
SATPlan,tpp,p25.pddl,,resolvido,99.47,97.7,345216,480,2026-09-26T09:16:20,w3
IPP,tpp,p25.pddl,,estourou,420.19,,,420,2026-09-26T09:12:22,w2
Fast Downward,tpp,p25.pddl,,resolvido,5.0,2.37,121936,600,2026-09-26T09:19:22,w2
Blackbox,tpp,p26.pddl,,sem-plano,0.0,,3456,600,2026-09-26T09:19:27,w2
LPG,tpp,p25.pddl,2,estourou,540.2,,,540,2026-09-26T09:13:45,w1
LPG,tpp,p25.pddl,3,estourou,540.2,,,540,2026-09-26T09:14:30,w0
FF,tpp,p26.pddl,,resolvido,59.79,59.73,55040,480,2026-09-26T09:22:45,w1
IPP,tpp,p26.pddl,,estourou,420.25,,,420,2026-09-26T09:19:27,w2
MaxPlan,tpp,p25.pddl,,estourou,780.19,,,780,2026-09-26T09:18:00,w3
YAHSP,tpp,p26.pddl,,sem-plano,0.02,,4736,540,2026-09-26T09:31:00,w3
SGPlan,tpp,p26.pddl,,resolvido,0.85,0.82,158260,480,2026-09-26T09:31:00,w3
SATPlan,tpp,p26.pddl,,sem-plano,72.36,,534784,480,2026-09-26T09:31:01,w3
LPG,tpp,p26.pddl,1,estourou,540.19,,,540,2026-09-26T09:23:30,w0
Fast Downward,tpp,p26.pddl,,resolvido,7.3,2.82,193776,600,2026-09-26T09:32:31,w0
Blackbox,tpp,p27.pddl,,sem-plano,0.0,,3584,600,2026-09-26T09:32:38,w0
LPG,tpp,p26.pddl,2,estourou,540.19,,,540,2026-09-26T09:23:45,w1
FF,tpp,p27.pddl,,resolvido,86.41,86.35,75520,480,2026-09-26T09:32:45,w1
LPG,tpp,p27.pddl,1,resolvido,31.21,31.12,321280,540,2026-09-26T09:34:11,w1
LPG,tpp,p26.pddl,3,estourou,540.2,,,540,2026-09-26T09:26:27,w2
IPP,tpp,p27.pddl,,sem-plano,239.57,,4190268,420,2026-09-26T09:32:38,w0
YAHSP,tpp,p27.pddl,,sem-plano,0.02,,4864,540,2026-09-26T09:36:37,w0
SGPlan,tpp,p27.pddl,,resolvido,1.17,1.14,174768,480,2026-09-26T09:36:38,w0
SATPlan,tpp,p27.pddl,,sem-plano,75.98,,524160,480,2026-09-26T09:36:39,w0
LPG,tpp,p27.pddl,2,estourou,540.18,,,540,2026-09-26T09:34:43,w1
Fast Downward,tpp,p27.pddl,,resolvido,8.5,3.99,201760,600,2026-09-26T09:43:43,w1
Blackbox,tpp,p28.pddl,,sem-plano,0.0,,3456,600,2026-09-26T09:43:51,w1
LPG,tpp,p27.pddl,3,estourou,540.18,,,540,2026-09-26T09:35:27,w2
MaxPlan,tpp,p26.pddl,,estourou,780.21,,,780,2026-09-26T09:32:13,w3
FF,tpp,p28.pddl,,resolvido,104.28,104.17,70144,480,2026-09-26T09:44:27,w2
IPP,tpp,p28.pddl,,sem-plano,419.02,,4190152,420,2026-09-26T09:43:51,w1
MaxPlan,tpp,p27.pddl,,estourou,780.18,,,780,2026-09-26T09:37:55,w0
YAHSP,tpp,p28.pddl,,sem-plano,0.02,,4992,540,2026-09-26T09:50:55,w0
SGPlan,tpp,p28.pddl,,resolvido,1.43,1.4,192280,480,2026-09-26T09:50:55,w0
SATPlan,tpp,p28.pddl,,sem-plano,78.48,,524160,480,2026-09-26T09:50:56,w0
LPG,tpp,p28.pddl,1,estourou,540.2,,,540,2026-09-26T09:45:14,w3
Fast Downward,tpp,p28.pddl,,resolvido,9.41,4.45,213876,600,2026-09-26T09:54:14,w3
Blackbox,tpp,p29.pddl,,sem-plano,0.0,,3456,600,2026-09-26T09:54:23,w3
LPG,tpp,p28.pddl,2,estourou,540.21,,,540,2026-09-26T09:46:12,w2
LPG,tpp,p28.pddl,3,estourou,540.21,,,540,2026-09-26T09:50:50,w1
IPP,tpp,p29.pddl,,estourou,420.18,,,420,2026-09-26T09:54:23,w3
FF,tpp,p29.pddl,,estourou,480.03,,,480,2026-09-26T09:55:12,w2
MaxPlan,tpp,p28.pddl,,estourou,780.22,,,780,2026-09-26T09:52:15,w0
YAHSP,tpp,p29.pddl,,sem-plano,0.03,,5888,540,2026-09-26T10:05:15,w0
SGPlan,tpp,p29.pddl,,resolvido,1.44,1.41,222964,480,2026-09-26T10:05:15,w0
SATPlan,tpp,p29.pddl,,sem-plano,55.89,,524160,480,2026-09-26T10:05:16,w0
LPG,tpp,p29.pddl,1,estourou,540.19,,,540,2026-09-26T09:59:51,w1
Fast Downward,tpp,p29.pddl,,resolvido,23.16,16.85,264652,600,2026-09-26T10:08:51,w1
Blackbox,tpp,p30.pddl,,sem-plano,0.0,,3456,600,2026-09-26T10:09:14,w1
LPG,tpp,p29.pddl,2,estourou,540.18,,,540,2026-09-26T10:01:23,w3
LPG,tpp,p29.pddl,3,estourou,540.19,,,540,2026-09-26T10:03:12,w2
IPP,tpp,p30.pddl,,estourou,420.17,,,420,2026-09-26T10:09:14,w1
FF,tpp,p30.pddl,,estourou,480.03,,,480,2026-09-26T10:10:24,w3
MaxPlan,tpp,p29.pddl,,estourou,780.22,,,780,2026-09-26T10:06:12,w0
YAHSP,tpp,p30.pddl,,sem-plano,0.03,,6016,540,2026-09-26T10:19:13,w0
SGPlan,tpp,p30.pddl,,resolvido,2.18,2.15,255212,480,2026-09-26T10:19:13,w0
SATPlan,tpp,p30.pddl,,sem-plano,55.15,,524160,480,2026-09-26T10:19:15,w0
LPG,tpp,p30.pddl,3,resolvido,115.43,115.28,442496,540,2026-09-26T10:18:24,w3
LPG,tpp,p30.pddl,1,estourou,540.19,,,540,2026-09-26T10:12:12,w2
Blackbox,pathways,p01.pddl,,sem-plano,0.0,,3456,600,2026-09-26T10:21:12,w2
IPP,pathways,p01.pddl,,sem-plano,0.0,,1664,420,2026-09-26T10:21:12,w2
FF,pathways,p01.pddl,,sem-plano,0.0,,1792,480,2026-09-26T10:21:12,w2
LPG,pathways,p01.pddl,1,sem-plano,0.07,,104320,540,2026-09-26T10:21:12,w2
LPG,pathways,p01.pddl,2,sem-plano,0.06,,104320,540,2026-09-26T10:21:12,w2
LPG,pathways,p01.pddl,3,sem-plano,0.06,,104448,540,2026-09-26T10:21:13,w2
YAHSP,pathways,p01.pddl,,sem-plano,0.0,,2432,540,2026-09-26T10:21:13,w2
SGPlan,pathways,p01.pddl,,sem-plano,0.0,,768,480,2026-09-26T10:21:13,w2
SATPlan,pathways,p01.pddl,,sem-plano,0.01,,2048,480,2026-09-26T10:21:13,w2
MaxPlan,pathways,p01.pddl,,sem-plano,0.0,,512,780,2026-09-26T10:21:13,w2
Fast Downward,pathways,p01.pddl,,sem-plano,0.02,,7576,600,2026-09-26T10:21:13,w2
Blackbox,pathways,p02.pddl,,sem-plano,0.0,,3584,600,2026-09-26T10:21:13,w2
IPP,pathways,p02.pddl,,sem-plano,0.0,,1664,420,2026-09-26T10:21:13,w2
FF,pathways,p02.pddl,,sem-plano,0.0,,1664,480,2026-09-26T10:21:13,w2
LPG,pathways,p02.pddl,1,sem-plano,0.06,,104320,540,2026-09-26T10:21:13,w2
LPG,pathways,p02.pddl,2,sem-plano,0.06,,104320,540,2026-09-26T10:21:13,w2
LPG,pathways,p02.pddl,3,sem-plano,0.06,,104320,540,2026-09-26T10:21:13,w2
YAHSP,pathways,p02.pddl,,sem-plano,0.0,,2432,540,2026-09-26T10:21:13,w2
SGPlan,pathways,p02.pddl,,sem-plano,0.0,,768,480,2026-09-26T10:21:13,w2
SATPlan,pathways,p02.pddl,,sem-plano,0.01,,2048,480,2026-09-26T10:21:13,w2
MaxPlan,pathways,p02.pddl,,sem-plano,0.0,,512,780,2026-09-26T10:21:13,w2
Fast Downward,pathways,p02.pddl,,sem-plano,0.02,,7452,600,2026-09-26T10:21:13,w2
Blackbox,pathways,p03.pddl,,sem-plano,0.0,,3456,600,2026-09-26T10:21:13,w2
IPP,pathways,p03.pddl,,sem-plano,0.0,,1664,420,2026-09-26T10:21:13,w2
FF,pathways,p03.pddl,,sem-plano,0.0,,1664,480,2026-09-26T10:21:13,w2
LPG,pathways,p03.pddl,1,sem-plano,0.06,,104320,540,2026-09-26T10:21:13,w2
LPG,pathways,p03.pddl,2,sem-plano,0.06,,104448,540,2026-09-26T10:21:13,w2
LPG,pathways,p03.pddl,3,sem-plano,0.06,,104320,540,2026-09-26T10:21:13,w2
YAHSP,pathways,p03.pddl,,sem-plano,0.0,,2304,540,2026-09-26T10:21:13,w2
SGPlan,pathways,p03.pddl,,sem-plano,0.0,,768,480,2026-09-26T10:21:13,w2
SATPlan,pathways,p03.pddl,,sem-plano,0.01,,2048,480,2026-09-26T10:21:13,w2
MaxPlan,pathways,p03.pddl,,sem-plano,0.0,,512,780,2026-09-26T10:21:13,w2
Fast Downward,pathways,p03.pddl,,sem-plano,0.02,,7580,600,2026-09-26T10:21:13,w2
Blackbox,pathways,p04.pddl,,sem-plano,0.0,,3584,600,2026-09-26T10:21:13,w2
IPP,pathways,p04.pddl,,sem-plano,0.0,,1792,420,2026-09-26T10:21:13,w2
FF,pathways,p04.pddl,,sem-plano,0.0,,1664,480,2026-09-26T10:21:13,w2
LPG,pathways,p04.pddl,1,sem-plano,0.06,,104448,540,2026-09-26T10:21:13,w2
LPG,pathways,p04.pddl,2,sem-plano,0.06,,104448,540,2026-09-26T10:21:13,w2
LPG,pathways,p04.pddl,3,sem-plano,0.06,,104320,540,2026-09-26T10:21:13,w2
YAHSP,pathways,p04.pddl,,sem-plano,0.0,,2432,540,2026-09-26T10:21:13,w2
SGPlan,pathways,p04.pddl,,sem-plano,0.0,,768,480,2026-09-26T10:21:13,w2
SATPlan,pathways,p04.pddl,,sem-plano,0.01,,2048,480,2026-09-26T10:21:13,w2
MaxPlan,pathways,p04.pddl,,sem-plano,0.0,,512,780,2026-09-26T10:21:13,w2
Fast Downward,pathways,p04.pddl,,sem-plano,0.02,,7580,600,2026-09-26T10:21:13,w2
Blackbox,pathways,p05.pddl,,sem-plano,0.0,,3456,600,2026-09-26T10:21:13,w2
IPP,pathways,p05.pddl,,sem-plano,0.0,,1664,420,2026-09-26T10:21:13,w2
FF,pathways,p05.pddl,,sem-plano,0.0,,1664,480,2026-09-26T10:21:13,w2
LPG,pathways,p05.pddl,1,sem-plano,0.06,,104320,540,2026-09-26T10:21:13,w2
LPG,pathways,p05.pddl,2,sem-plano,0.06,,104448,540,2026-09-26T10:21:13,w2
LPG,pathways,p05.pddl,3,sem-plano,0.06,,104448,540,2026-09-26T10:21:13,w2
YAHSP,pathways,p05.pddl,,sem-plano,0.0,,2432,540,2026-09-26T10:21:14,w2
SGPlan,pathways,p05.pddl,,sem-plano,0.0,,768,480,2026-09-26T10:21:14,w2
SATPlan,pathways,p05.pddl,,sem-plano,0.01,,2048,480,2026-09-26T10:21:14,w2
MaxPlan,pathways,p05.pddl,,sem-plano,0.0,,512,780,2026-09-26T10:21:14,w2
Fast Downward,pathways,p05.pddl,,sem-plano,0.02,,7452,600,2026-09-26T10:21:14,w2
Blackbox,pathways,p06.pddl,,sem-plano,0.0,,3456,600,2026-09-26T10:21:14,w2
IPP,pathways,p06.pddl,,sem-plano,0.0,,1792,420,2026-09-26T10:21:14,w2
FF,pathways,p06.pddl,,sem-plano,0.0,,1792,480,2026-09-26T10:21:14,w2
LPG,pathways,p06.pddl,1,sem-plano,0.06,,104320,540,2026-09-26T10:21:14,w2
LPG,pathways,p06.pddl,2,sem-plano,0.06,,104320,540,2026-09-26T10:21:14,w2
LPG,pathways,p06.pddl,3,sem-plano,0.06,,104320,540,2026-09-26T10:21:14,w2
YAHSP,pathways,p06.pddl,,sem-plano,0.0,,2432,540,2026-09-26T10:21:14,w2
SGPlan,pathways,p06.pddl,,sem-plano,0.0,,768,480,2026-09-26T10:21:14,w2
SATPlan,pathways,p06.pddl,,sem-plano,0.01,,2048,480,2026-09-26T10:21:14,w2
MaxPlan,pathways,p06.pddl,,sem-plano,0.0,,512,780,2026-09-26T10:21:14,w2
Fast Downward,pathways,p06.pddl,,sem-plano,0.02,,7704,600,2026-09-26T10:21:14,w2
Blackbox,pathways,p07.pddl,,sem-plano,0.0,,3584,600,2026-09-26T10:21:14,w2
IPP,pathways,p07.pddl,,sem-plano,0.0,,1664,420,2026-09-26T10:21:14,w2
FF,pathways,p07.pddl,,sem-plano,0.0,,1664,480,2026-09-26T10:21:14,w2
LPG,pathways,p07.pddl,1,sem-plano,0.06,,104448,540,2026-09-26T10:21:14,w2
LPG,pathways,p07.pddl,2,sem-plano,0.06,,104320,540,2026-09-26T10:21:14,w2
LPG,pathways,p07.pddl,3,sem-plano,0.06,,104448,540,2026-09-26T10:21:14,w2
YAHSP,pathways,p07.pddl,,sem-plano,0.0,,2432,540,2026-09-26T10:21:14,w2
SGPlan,pathways,p07.pddl,,sem-plano,0.0,,768,480,2026-09-26T10:21:14,w2
SATPlan,pathways,p07.pddl,,sem-plano,0.01,,2048,480,2026-09-26T10:21:14,w2
MaxPlan,pathways,p07.pddl,,sem-plano,0.0,,512,780,2026-09-26T10:21:14,w2
Fast Downward,pathways,p07.pddl,,sem-plano,0.02,,7580,600,2026-09-26T10:21:14,w2
Blackbox,pathways,p08.pddl,,sem-plano,0.0,,3456,600,2026-09-26T10:21:14,w2
IPP,pathways,p08.pddl,,sem-plano,0.0,,1664,420,2026-09-26T10:21:14,w2
FF,pathways,p08.pddl,,sem-plano,0.0,,1792,480,2026-09-26T10:21:14,w2
LPG,pathways,p08.pddl,1,sem-plano,0.06,,104320,540,2026-09-26T10:21:14,w2
LPG,pathways,p08.pddl,2,sem-plano,0.06,,104320,540,2026-09-26T10:21:14,w2
LPG,pathways,p08.pddl,3,sem-plano,0.06,,104448,540,2026-09-26T10:21:14,w2
YAHSP,pathways,p08.pddl,,sem-plano,0.0,,2432,540,2026-09-26T10:21:14,w2
SGPlan,pathways,p08.pddl,,sem-plano,0.0,,768,480,2026-09-26T10:21:14,w2
SATPlan,pathways,p08.pddl,,sem-plano,0.01,,2048,480,2026-09-26T10:21:14,w2
MaxPlan,pathways,p08.pddl,,sem-plano,0.0,,512,780,2026-09-26T10:21:14,w2
Fast Downward,pathways,p08.pddl,,sem-plano,0.02,,7576,600,2026-09-26T10:21:14,w2
Blackbox,pathways,p09.pddl,,sem-plano,0.0,,3456,600,2026-09-26T10:21:14,w2
IPP,pathways,p09.pddl,,sem-plano,0.0,,1664,420,2026-09-26T10:21:14,w2
FF,pathways,p09.pddl,,sem-plano,0.0,,1792,480,2026-09-26T10:21:14,w2
LPG,pathways,p09.pddl,1,sem-plano,0.06,,104448,540,2026-09-26T10:21:14,w2
LPG,pathways,p09.pddl,2,sem-plano,0.06,,104448,540,2026-09-26T10:21:14,w2
LPG,pathways,p09.pddl,3,sem-plano,0.06,,104320,540,2026-09-26T10:21:14,w2
YAHSP,pathways,p09.pddl,,sem-plano,0.0,,2432,540,2026-09-26T10:21:14,w2
SGPlan,pathways,p09.pddl,,sem-plano,0.0,,768,480,2026-09-26T10:21:14,w2
SATPlan,pathways,p09.pddl,,sem-plano,0.01,,2048,480,2026-09-26T10:21:14,w2
MaxPlan,pathways,p09.pddl,,sem-plano,0.0,,512,780,2026-09-26T10:21:14,w2
Fast Downward,pathways,p09.pddl,,sem-plano,0.02,,7704,600,2026-09-26T10:21:14,w2
Blackbox,pathways,p10.pddl,,sem-plano,0.0,,3584,600,2026-09-26T10:21:14,w2
IPP,pathways,p10.pddl,,sem-plano,0.0,,1792,420,2026-09-26T10:21:14,w2
FF,pathways,p10.pddl,,sem-plano,0.0,,1664,480,2026-09-26T10:21:14,w2
LPG,pathways,p10.pddl,1,sem-plano,0.06,,104320,540,2026-09-26T10:21:14,w2
LPG,pathways,p10.pddl,2,sem-plano,0.06,,104320,540,2026-09-26T10:21:15,w2
LPG,pathways,p10.pddl,3,sem-plano,0.06,,104448,540,2026-09-26T10:21:15,w2
YAHSP,pathways,p10.pddl,,sem-plano,0.0,,2432,540,2026-09-26T10:21:15,w2
SGPlan,pathways,p10.pddl,,sem-plano,0.0,,768,480,2026-09-26T10:21:15,w2
SATPlan,pathways,p10.pddl,,sem-plano,0.01,,2048,480,2026-09-26T10:21:15,w2
MaxPlan,pathways,p10.pddl,,sem-plano,0.0,,512,780,2026-09-26T10:21:15,w2
Fast Downward,pathways,p10.pddl,,sem-plano,0.02,,7448,600,2026-09-26T10:21:15,w2
Blackbox,pathways,p11.pddl,,sem-plano,0.0,,3584,600,2026-09-26T10:21:15,w2
IPP,pathways,p11.pddl,,sem-plano,0.0,,1664,420,2026-09-26T10:21:15,w2
FF,pathways,p11.pddl,,sem-plano,0.0,,1664,480,2026-09-26T10:21:15,w2
LPG,pathways,p11.pddl,1,sem-plano,0.06,,104320,540,2026-09-26T10:21:15,w2
LPG,pathways,p11.pddl,2,sem-plano,0.06,,104448,540,2026-09-26T10:21:15,w2
LPG,pathways,p11.pddl,3,sem-plano,0.06,,104320,540,2026-09-26T10:21:15,w2
YAHSP,pathways,p11.pddl,,sem-plano,0.0,,2432,540,2026-09-26T10:21:15,w2
SGPlan,pathways,p11.pddl,,sem-plano,0.0,,768,480,2026-09-26T10:21:15,w2
SATPlan,pathways,p11.pddl,,sem-plano,0.01,,2048,480,2026-09-26T10:21:15,w2
MaxPlan,pathways,p11.pddl,,sem-plano,0.0,,512,780,2026-09-26T10:21:15,w2
Fast Downward,pathways,p11.pddl,,sem-plano,0.02,,7580,600,2026-09-26T10:21:15,w2
Blackbox,pathways,p12.pddl,,sem-plano,0.0,,3584,600,2026-09-26T10:21:15,w2
IPP,pathways,p12.pddl,,sem-plano,0.0,,1664,420,2026-09-26T10:21:15,w2
FF,pathways,p12.pddl,,sem-plano,0.0,,1664,480,2026-09-26T10:21:15,w2
LPG,pathways,p12.pddl,1,sem-plano,0.06,,104320,540,2026-09-26T10:21:15,w2
LPG,pathways,p12.pddl,2,sem-plano,0.06,,104320,540,2026-09-26T10:21:15,w2
LPG,pathways,p12.pddl,3,sem-plano,0.06,,104320,540,2026-09-26T10:21:15,w2
YAHSP,pathways,p12.pddl,,sem-plano,0.0,,2560,540,2026-09-26T10:21:15,w2
SGPlan,pathways,p12.pddl,,sem-plano,0.0,,768,480,2026-09-26T10:21:15,w2
SATPlan,pathways,p12.pddl,,sem-plano,0.01,,2048,480,2026-09-26T10:21:15,w2
MaxPlan,pathways,p12.pddl,,sem-plano,0.0,,512,780,2026-09-26T10:21:15,w2
Fast Downward,pathways,p12.pddl,,sem-plano,0.02,,7452,600,2026-09-26T10:21:15,w2
Blackbox,pathways,p13.pddl,,sem-plano,0.0,,3456,600,2026-09-26T10:21:15,w2
IPP,pathways,p13.pddl,,sem-plano,0.0,,1664,420,2026-09-26T10:21:15,w2
FF,pathways,p13.pddl,,sem-plano,0.0,,1792,480,2026-09-26T10:21:15,w2
LPG,pathways,p13.pddl,1,sem-plano,0.06,,104448,540,2026-09-26T10:21:15,w2
LPG,pathways,p13.pddl,2,sem-plano,0.06,,104320,540,2026-09-26T10:21:15,w2
LPG,pathways,p13.pddl,3,sem-plano,0.06,,104320,540,2026-09-26T10:21:15,w2
YAHSP,pathways,p13.pddl,,sem-plano,0.0,,2432,540,2026-09-26T10:21:15,w2
SGPlan,pathways,p13.pddl,,sem-plano,0.0,,768,480,2026-09-26T10:21:15,w2
SATPlan,pathways,p13.pddl,,sem-plano,0.01,,2048,480,2026-09-26T10:21:15,w2
MaxPlan,pathways,p13.pddl,,sem-plano,0.0,,512,780,2026-09-26T10:21:15,w2
Fast Downward,pathways,p13.pddl,,sem-plano,0.02,,7576,600,2026-09-26T10:21:15,w2
Blackbox,pathways,p14.pddl,,sem-plano,0.0,,3584,600,2026-09-26T10:21:15,w2
IPP,pathways,p14.pddl,,sem-plano,0.0,,1792,420,2026-09-26T10:21:15,w2
FF,pathways,p14.pddl,,sem-plano,0.0,,1792,480,2026-09-26T10:21:15,w2
LPG,pathways,p14.pddl,1,sem-plano,0.06,,104320,540,2026-09-26T10:21:15,w2
LPG,pathways,p14.pddl,2,sem-plano,0.06,,104448,540,2026-09-26T10:21:15,w2
LPG,pathways,p14.pddl,3,sem-plano,0.06,,104320,540,2026-09-26T10:21:16,w2
YAHSP,pathways,p14.pddl,,sem-plano,0.0,,2432,540,2026-09-26T10:21:16,w2
SGPlan,pathways,p14.pddl,,sem-plano,0.0,,768,480,2026-09-26T10:21:16,w2
SATPlan,pathways,p14.pddl,,sem-plano,0.01,,2048,480,2026-09-26T10:21:16,w2
MaxPlan,pathways,p14.pddl,,sem-plano,0.0,,512,780,2026-09-26T10:21:16,w2
Fast Downward,pathways,p14.pddl,,sem-plano,0.02,,7448,600,2026-09-26T10:21:16,w2
Blackbox,pathways,p15.pddl,,sem-plano,0.0,,3456,600,2026-09-26T10:21:16,w2
IPP,pathways,p15.pddl,,sem-plano,0.0,,1664,420,2026-09-26T10:21:16,w2
FF,pathways,p15.pddl,,sem-plano,0.0,,1664,480,2026-09-26T10:21:16,w2
LPG,pathways,p15.pddl,1,sem-plano,0.06,,104320,540,2026-09-26T10:21:16,w2
LPG,pathways,p15.pddl,2,sem-plano,0.06,,104448,540,2026-09-26T10:21:16,w2
LPG,pathways,p15.pddl,3,sem-plano,0.06,,104448,540,2026-09-26T10:21:16,w2
YAHSP,pathways,p15.pddl,,sem-plano,0.0,,2432,540,2026-09-26T10:21:16,w2
SGPlan,pathways,p15.pddl,,sem-plano,0.0,,768,480,2026-09-26T10:21:16,w2
SATPlan,pathways,p15.pddl,,sem-plano,0.01,,2048,480,2026-09-26T10:21:16,w2
MaxPlan,pathways,p15.pddl,,sem-plano,0.0,,512,780,2026-09-26T10:21:16,w2
Fast Downward,pathways,p15.pddl,,sem-plano,0.02,,7708,600,2026-09-26T10:21:16,w2
Blackbox,pathways,p16.pddl,,sem-plano,0.0,,3456,600,2026-09-26T10:21:16,w2
IPP,pathways,p16.pddl,,sem-plano,0.0,,1664,420,2026-09-26T10:21:16,w2
FF,pathways,p16.pddl,,sem-plano,0.0,,1664,480,2026-09-26T10:21:16,w2
LPG,pathways,p16.pddl,1,sem-plano,0.06,,104448,540,2026-09-26T10:21:16,w2
LPG,pathways,p16.pddl,2,sem-plano,0.06,,104320,540,2026-09-26T10:21:16,w2
LPG,pathways,p16.pddl,3,sem-plano,0.06,,104320,540,2026-09-26T10:21:16,w2
YAHSP,pathways,p16.pddl,,sem-plano,0.0,,2432,540,2026-09-26T10:21:16,w2
SGPlan,pathways,p16.pddl,,sem-plano,0.0,,768,480,2026-09-26T10:21:16,w2
SATPlan,pathways,p16.pddl,,sem-plano,0.01,,2048,480,2026-09-26T10:21:16,w2
MaxPlan,pathways,p16.pddl,,sem-plano,0.0,,512,780,2026-09-26T10:21:16,w2
Fast Downward,pathways,p16.pddl,,sem-plano,0.02,,7576,600,2026-09-26T10:21:16,w2
Blackbox,pathways,p17.pddl,,sem-plano,0.0,,3456,600,2026-09-26T10:21:16,w2
IPP,pathways,p17.pddl,,sem-plano,0.0,,1792,420,2026-09-26T10:21:16,w2
FF,pathways,p17.pddl,,sem-plano,0.0,,1792,480,2026-09-26T10:21:16,w2
LPG,pathways,p17.pddl,1,sem-plano,0.06,,104448,540,2026-09-26T10:21:16,w2
LPG,pathways,p17.pddl,2,sem-plano,0.06,,104448,540,2026-09-26T10:21:16,w2
LPG,pathways,p17.pddl,3,sem-plano,0.06,,104320,540,2026-09-26T10:21:16,w2
YAHSP,pathways,p17.pddl,,sem-plano,0.0,,2304,540,2026-09-26T10:21:16,w2
SGPlan,pathways,p17.pddl,,sem-plano,0.0,,768,480,2026-09-26T10:21:16,w2
SATPlan,pathways,p17.pddl,,sem-plano,0.01,,2048,480,2026-09-26T10:21:16,w2
MaxPlan,pathways,p17.pddl,,sem-plano,0.0,,512,780,2026-09-26T10:21:16,w2
Fast Downward,pathways,p17.pddl,,sem-plano,0.02,,7452,600,2026-09-26T10:21:16,w2
Blackbox,pathways,p18.pddl,,sem-plano,0.0,,3584,600,2026-09-26T10:21:16,w2
IPP,pathways,p18.pddl,,sem-plano,0.0,,1664,420,2026-09-26T10:21:16,w2
FF,pathways,p18.pddl,,sem-plano,0.0,,1664,480,2026-09-26T10:21:16,w2
LPG,pathways,p18.pddl,1,sem-plano,0.06,,104448,540,2026-09-26T10:21:16,w2
LPG,pathways,p18.pddl,2,sem-plano,0.06,,104320,540,2026-09-26T10:21:16,w2
LPG,pathways,p18.pddl,3,sem-plano,0.06,,104320,540,2026-09-26T10:21:16,w2
YAHSP,pathways,p18.pddl,,sem-plano,0.0,,2432,540,2026-09-26T10:21:17,w2
SGPlan,pathways,p18.pddl,,sem-plano,0.0,,768,480,2026-09-26T10:21:17,w2
SATPlan,pathways,p18.pddl,,sem-plano,0.01,,2048,480,2026-09-26T10:21:17,w2
MaxPlan,pathways,p18.pddl,,sem-plano,0.0,,512,780,2026-09-26T10:21:17,w2
Fast Downward,pathways,p18.pddl,,sem-plano,0.02,,7452,600,2026-09-26T10:21:17,w2
Blackbox,pathways,p19.pddl,,sem-plano,0.0,,3584,600,2026-09-26T10:21:17,w2
IPP,pathways,p19.pddl,,sem-plano,0.0,,1664,420,2026-09-26T10:21:17,w2
FF,pathways,p19.pddl,,sem-plano,0.0,,1664,480,2026-09-26T10:21:17,w2
LPG,pathways,p19.pddl,1,sem-plano,0.06,,104320,540,2026-09-26T10:21:17,w2
LPG,pathways,p19.pddl,2,sem-plano,0.06,,104448,540,2026-09-26T10:21:17,w2
LPG,pathways,p19.pddl,3,sem-plano,0.06,,104448,540,2026-09-26T10:21:17,w2
YAHSP,pathways,p19.pddl,,sem-plano,0.0,,2432,540,2026-09-26T10:21:17,w2
SGPlan,pathways,p19.pddl,,sem-plano,0.0,,768,480,2026-09-26T10:21:17,w2
SATPlan,pathways,p19.pddl,,sem-plano,0.01,,2048,480,2026-09-26T10:21:17,w2
MaxPlan,pathways,p19.pddl,,sem-plano,0.0,,512,780,2026-09-26T10:21:17,w2
Fast Downward,pathways,p19.pddl,,sem-plano,0.02,,7452,600,2026-09-26T10:21:17,w2
Blackbox,pathways,p20.pddl,,sem-plano,0.0,,3456,600,2026-09-26T10:21:17,w2
IPP,pathways,p20.pddl,,sem-plano,0.0,,1664,420,2026-09-26T10:21:17,w2
FF,pathways,p20.pddl,,sem-plano,0.0,,1792,480,2026-09-26T10:21:17,w2
LPG,pathways,p20.pddl,1,sem-plano,0.06,,104320,540,2026-09-26T10:21:17,w2
LPG,pathways,p20.pddl,2,sem-plano,0.06,,104320,540,2026-09-26T10:21:17,w2
LPG,pathways,p20.pddl,3,sem-plano,0.06,,104320,540,2026-09-26T10:21:17,w2
YAHSP,pathways,p20.pddl,,sem-plano,0.0,,2432,540,2026-09-26T10:21:17,w2
SGPlan,pathways,p20.pddl,,sem-plano,0.0,,768,480,2026-09-26T10:21:17,w2
SATPlan,pathways,p20.pddl,,sem-plano,0.01,,2048,480,2026-09-26T10:21:17,w2
MaxPlan,pathways,p20.pddl,,sem-plano,0.0,,512,780,2026-09-26T10:21:17,w2
Fast Downward,pathways,p20.pddl,,sem-plano,0.02,,7580,600,2026-09-26T10:21:17,w2
Blackbox,pathways,p21.pddl,,sem-plano,0.0,,3584,600,2026-09-26T10:21:17,w2
IPP,pathways,p21.pddl,,sem-plano,0.0,,1792,420,2026-09-26T10:21:17,w2
FF,pathways,p21.pddl,,sem-plano,0.0,,1664,480,2026-09-26T10:21:17,w2
LPG,pathways,p21.pddl,1,sem-plano,0.06,,104320,540,2026-09-26T10:21:17,w2
LPG,pathways,p21.pddl,2,sem-plano,0.06,,104320,540,2026-09-26T10:21:17,w2
LPG,pathways,p21.pddl,3,sem-plano,0.06,,104448,540,2026-09-26T10:21:17,w2
YAHSP,pathways,p21.pddl,,sem-plano,0.0,,2432,540,2026-09-26T10:21:17,w2
SGPlan,pathways,p21.pddl,,sem-plano,0.0,,768,480,2026-09-26T10:21:17,w2
SATPlan,pathways,p21.pddl,,sem-plano,0.01,,2048,480,2026-09-26T10:21:17,w2
MaxPlan,pathways,p21.pddl,,sem-plano,0.0,,512,780,2026-09-26T10:21:17,w2
Fast Downward,pathways,p21.pddl,,sem-plano,0.02,,7708,600,2026-09-26T10:21:17,w2
Blackbox,pathways,p22.pddl,,sem-plano,0.0,,3584,600,2026-09-26T10:21:17,w2
IPP,pathways,p22.pddl,,sem-plano,0.0,,1792,420,2026-09-26T10:21:17,w2
FF,pathways,p22.pddl,,sem-plano,0.0,,1664,480,2026-09-26T10:21:17,w2
LPG,pathways,p22.pddl,1,sem-plano,0.06,,104320,540,2026-09-26T10:21:17,w2
LPG,pathways,p22.pddl,2,sem-plano,0.06,,104320,540,2026-09-26T10:21:17,w2
LPG,pathways,p22.pddl,3,sem-plano,0.06,,104320,540,2026-09-26T10:21:17,w2
YAHSP,pathways,p22.pddl,,sem-plano,0.0,,2432,540,2026-09-26T10:21:17,w2
SGPlan,pathways,p22.pddl,,sem-plano,0.0,,768,480,2026-09-26T10:21:17,w2
SATPlan,pathways,p22.pddl,,sem-plano,0.01,,2048,480,2026-09-26T10:21:17,w2
MaxPlan,pathways,p22.pddl,,sem-plano,0.0,,512,780,2026-09-26T10:21:17,w2
Fast Downward,pathways,p22.pddl,,sem-plano,0.02,,7580,600,2026-09-26T10:21:17,w2
Blackbox,pathways,p23.pddl,,sem-plano,0.0,,3584,600,2026-09-26T10:21:18,w2
IPP,pathways,p23.pddl,,sem-plano,0.0,,1664,420,2026-09-26T10:21:18,w2
FF,pathways,p23.pddl,,sem-plano,0.0,,1664,480,2026-09-26T10:21:18,w2
LPG,pathways,p23.pddl,1,sem-plano,0.06,,104320,540,2026-09-26T10:21:18,w2
LPG,pathways,p23.pddl,2,sem-plano,0.06,,104320,540,2026-09-26T10:21:18,w2
LPG,pathways,p23.pddl,3,sem-plano,0.06,,104448,540,2026-09-26T10:21:18,w2
YAHSP,pathways,p23.pddl,,sem-plano,0.0,,2560,540,2026-09-26T10:21:18,w2
SGPlan,pathways,p23.pddl,,sem-plano,0.0,,768,480,2026-09-26T10:21:18,w2
SATPlan,pathways,p23.pddl,,sem-plano,0.01,,2048,480,2026-09-26T10:21:18,w2
MaxPlan,pathways,p23.pddl,,sem-plano,0.0,,512,780,2026-09-26T10:21:18,w2
Fast Downward,pathways,p23.pddl,,sem-plano,0.02,,7704,600,2026-09-26T10:21:18,w2
Blackbox,pathways,p24.pddl,,sem-plano,0.0,,3456,600,2026-09-26T10:21:18,w2
IPP,pathways,p24.pddl,,sem-plano,0.0,,1664,420,2026-09-26T10:21:18,w2
FF,pathways,p24.pddl,,sem-plano,0.0,,1664,480,2026-09-26T10:21:18,w2
LPG,pathways,p24.pddl,1,sem-plano,0.06,,104320,540,2026-09-26T10:21:18,w2
LPG,pathways,p24.pddl,2,sem-plano,0.06,,104320,540,2026-09-26T10:21:18,w2
LPG,pathways,p24.pddl,3,sem-plano,0.06,,104320,540,2026-09-26T10:21:18,w2
YAHSP,pathways,p24.pddl,,sem-plano,0.0,,2432,540,2026-09-26T10:21:18,w2
SGPlan,pathways,p24.pddl,,sem-plano,0.0,,768,480,2026-09-26T10:21:18,w2
SATPlan,pathways,p24.pddl,,sem-plano,0.01,,2048,480,2026-09-26T10:21:18,w2
MaxPlan,pathways,p24.pddl,,sem-plano,0.0,,512,780,2026-09-26T10:21:18,w2
Fast Downward,pathways,p24.pddl,,sem-plano,0.02,,7708,600,2026-09-26T10:21:18,w2
Blackbox,pathways,p25.pddl,,sem-plano,0.0,,3584,600,2026-09-26T10:21:18,w2
IPP,pathways,p25.pddl,,sem-plano,0.0,,1792,420,2026-09-26T10:21:18,w2
FF,pathways,p25.pddl,,sem-plano,0.0,,1664,480,2026-09-26T10:21:18,w2
LPG,pathways,p25.pddl,1,sem-plano,0.06,,104320,540,2026-09-26T10:21:18,w2
LPG,pathways,p25.pddl,2,sem-plano,0.06,,104448,540,2026-09-26T10:21:18,w2
LPG,pathways,p25.pddl,3,sem-plano,0.06,,104320,540,2026-09-26T10:21:18,w2
YAHSP,pathways,p25.pddl,,sem-plano,0.0,,2432,540,2026-09-26T10:21:18,w2
SGPlan,pathways,p25.pddl,,sem-plano,0.0,,768,480,2026-09-26T10:21:18,w2
SATPlan,pathways,p25.pddl,,sem-plano,0.01,,2048,480,2026-09-26T10:21:18,w2
MaxPlan,pathways,p25.pddl,,sem-plano,0.0,,512,780,2026-09-26T10:21:18,w2
Fast Downward,pathways,p25.pddl,,sem-plano,0.02,,7576,600,2026-09-26T10:21:18,w2
Blackbox,pathways,p26.pddl,,sem-plano,0.0,,3584,600,2026-09-26T10:21:18,w2
IPP,pathways,p26.pddl,,sem-plano,0.0,,1664,420,2026-09-26T10:21:18,w2
FF,pathways,p26.pddl,,sem-plano,0.0,,1664,480,2026-09-26T10:21:18,w2
LPG,pathways,p26.pddl,1,sem-plano,0.06,,104320,540,2026-09-26T10:21:18,w2
LPG,pathways,p26.pddl,2,sem-plano,0.06,,104448,540,2026-09-26T10:21:18,w2
LPG,pathways,p26.pddl,3,sem-plano,0.06,,104320,540,2026-09-26T10:21:18,w2
YAHSP,pathways,p26.pddl,,sem-plano,0.0,,2432,540,2026-09-26T10:21:18,w2
SGPlan,pathways,p26.pddl,,sem-plano,0.0,,768,480,2026-09-26T10:21:18,w2
SATPlan,pathways,p26.pddl,,sem-plano,0.01,,2048,480,2026-09-26T10:21:18,w2
MaxPlan,pathways,p26.pddl,,sem-plano,0.0,,512,780,2026-09-26T10:21:18,w2
Fast Downward,pathways,p26.pddl,,sem-plano,0.02,,7708,600,2026-09-26T10:21:18,w2
Blackbox,pathways,p27.pddl,,sem-plano,0.0,,3456,600,2026-09-26T10:21:18,w2
IPP,pathways,p27.pddl,,sem-plano,0.0,,1664,420,2026-09-26T10:21:18,w2
FF,pathways,p27.pddl,,sem-plano,0.0,,1664,480,2026-09-26T10:21:18,w2
LPG,pathways,p27.pddl,1,sem-plano,0.06,,104448,540,2026-09-26T10:21:18,w2
LPG,pathways,p27.pddl,2,sem-plano,0.06,,104320,540,2026-09-26T10:21:19,w2
LPG,pathways,p27.pddl,3,sem-plano,0.06,,104320,540,2026-09-26T10:21:19,w2
YAHSP,pathways,p27.pddl,,sem-plano,0.0,,2432,540,2026-09-26T10:21:19,w2
SGPlan,pathways,p27.pddl,,sem-plano,0.0,,768,480,2026-09-26T10:21:19,w2
SATPlan,pathways,p27.pddl,,sem-plano,0.01,,2048,480,2026-09-26T10:21:19,w2
MaxPlan,pathways,p27.pddl,,sem-plano,0.0,,512,780,2026-09-26T10:21:19,w2
Fast Downward,pathways,p27.pddl,,sem-plano,0.02,,7708,600,2026-09-26T10:21:19,w2
Blackbox,pathways,p28.pddl,,sem-plano,0.0,,3584,600,2026-09-26T10:21:19,w2
IPP,pathways,p28.pddl,,sem-plano,0.0,,1664,420,2026-09-26T10:21:19,w2
FF,pathways,p28.pddl,,sem-plano,0.0,,1792,480,2026-09-26T10:21:19,w2
LPG,pathways,p28.pddl,1,sem-plano,0.06,,104448,540,2026-09-26T10:21:19,w2
LPG,pathways,p28.pddl,2,sem-plano,0.06,,104448,540,2026-09-26T10:21:19,w2
LPG,pathways,p28.pddl,3,sem-plano,0.06,,104320,540,2026-09-26T10:21:19,w2
YAHSP,pathways,p28.pddl,,sem-plano,0.0,,2432,540,2026-09-26T10:21:19,w2
SGPlan,pathways,p28.pddl,,sem-plano,0.0,,768,480,2026-09-26T10:21:19,w2
SATPlan,pathways,p28.pddl,,sem-plano,0.01,,2048,480,2026-09-26T10:21:19,w2
MaxPlan,pathways,p28.pddl,,sem-plano,0.0,,512,780,2026-09-26T10:21:19,w2
Fast Downward,pathways,p28.pddl,,sem-plano,0.02,,7704,600,2026-09-26T10:21:19,w2
Blackbox,pathways,p29.pddl,,sem-plano,0.0,,3584,600,2026-09-26T10:21:19,w2
IPP,pathways,p29.pddl,,sem-plano,0.0,,1664,420,2026-09-26T10:21:19,w2
FF,pathways,p29.pddl,,sem-plano,0.0,,1792,480,2026-09-26T10:21:19,w2
LPG,pathways,p29.pddl,1,sem-plano,0.06,,104448,540,2026-09-26T10:21:19,w2
LPG,pathways,p29.pddl,2,sem-plano,0.06,,104448,540,2026-09-26T10:21:19,w2
LPG,pathways,p29.pddl,3,sem-plano,0.06,,104320,540,2026-09-26T10:21:19,w2
YAHSP,pathways,p29.pddl,,sem-plano,0.0,,2432,540,2026-09-26T10:21:19,w2
SGPlan,pathways,p29.pddl,,sem-plano,0.0,,640,480,2026-09-26T10:21:19,w2
SATPlan,pathways,p29.pddl,,sem-plano,0.01,,2048,480,2026-09-26T10:21:19,w2
MaxPlan,pathways,p29.pddl,,sem-plano,0.0,,512,780,2026-09-26T10:21:19,w2
Fast Downward,pathways,p29.pddl,,sem-plano,0.02,,7580,600,2026-09-26T10:21:19,w2
Blackbox,pathways,p30.pddl,,sem-plano,0.0,,3456,600,2026-09-26T10:21:19,w2
IPP,pathways,p30.pddl,,sem-plano,0.0,,1792,420,2026-09-26T10:21:19,w2
FF,pathways,p30.pddl,,sem-plano,0.0,,1664,480,2026-09-26T10:21:19,w2
LPG,pathways,p30.pddl,1,sem-plano,0.06,,104320,540,2026-09-26T10:21:19,w2
LPG,pathways,p30.pddl,2,sem-plano,0.06,,104448,540,2026-09-26T10:21:19,w2
LPG,pathways,p30.pddl,3,sem-plano,0.06,,104320,540,2026-09-26T10:21:19,w2
YAHSP,pathways,p30.pddl,,sem-plano,0.0,,2432,540,2026-09-26T10:21:19,w2
SGPlan,pathways,p30.pddl,,sem-plano,0.0,,768,480,2026-09-26T10:21:19,w2
SATPlan,pathways,p30.pddl,,sem-plano,0.01,,2048,480,2026-09-26T10:21:19,w2
MaxPlan,pathways,p30.pddl,,sem-plano,0.0,,512,780,2026-09-26T10:21:19,w2
Fast Downward,pathways,p30.pddl,,sem-plano,0.02,,7576,600,2026-09-26T10:21:19,w2
Blackbox,pipesworld,p01.pddl,,resolvido,0.03,0.01,18304,600,2026-09-26T10:21:19,w2
IPP,pipesworld,p01.pddl,,resolvido,0.01,0.0,3100,420,2026-09-26T10:21:19,w2
FF,pipesworld,p01.pddl,,resolvido,0.0,0.0,3968,480,2026-09-26T10:21:19,w2
LPG,pipesworld,p01.pddl,1,resolvido,0.07,0.0,109952,540,2026-09-26T10:21:19,w2
LPG,pipesworld,p01.pddl,2,resolvido,0.07,0.01,109952,540,2026-09-26T10:21:19,w2
LPG,pipesworld,p01.pddl,3,resolvido,0.07,0.0,109952,540,2026-09-26T10:21:20,w2
YAHSP,pipesworld,p01.pddl,,resolvido,0.01,0.01,2688,540,2026-09-26T10:21:20,w2
SGPlan,pipesworld,p01.pddl,,resolvido,0.01,0.0,4096,480,2026-09-26T10:21:20,w2
SATPlan,pipesworld,p01.pddl,,resolvido,0.02,0.01,2432,480,2026-09-26T10:21:20,w2
MaxPlan,pipesworld,p01.pddl,,resolvido,0.02,0.0,8248,780,2026-09-26T10:21:20,w2
Fast Downward,pipesworld,p01.pddl,,resolvido,0.08,0.0,10648,600,2026-09-26T10:21:20,w2
Blackbox,pipesworld,p02.pddl,,resolvido,0.08,0.07,59648,600,2026-09-26T10:21:20,w2
IPP,pipesworld,p02.pddl,,resolvido,0.01,0.0,4124,420,2026-09-26T10:21:20,w2
FF,pipesworld,p02.pddl,,resolvido,0.01,0.0,3968,480,2026-09-26T10:21:20,w2
LPG,pipesworld,p02.pddl,1,resolvido,0.12,0.06,114176,540,2026-09-26T10:21:20,w2
LPG,pipesworld,p02.pddl,2,resolvido,1.04,0.97,120320,540,2026-09-26T10:21:20,w2
LPG,pipesworld,p02.pddl,3,resolvido,1.0,0.93,120064,540,2026-09-26T10:21:21,w2
YAHSP,pipesworld,p02.pddl,,resolvido,0.02,0.01,2688,540,2026-09-26T10:21:22,w2
SGPlan,pipesworld,p02.pddl,,resolvido,0.01,0.0,4096,480,2026-09-26T10:21:22,w2
SATPlan,pipesworld,p02.pddl,,resolvido,0.17,0.12,3328,480,2026-09-26T10:21:22,w2
MaxPlan,pipesworld,p02.pddl,,resolvido,15.1,9.47,20228,780,2026-09-26T10:21:22,w2
Fast Downward,pipesworld,p02.pddl,,resolvido,0.09,0.01,11776,600,2026-09-26T10:21:37,w2
Blackbox,pipesworld,p03.pddl,,resolvido,2.25,2.24,79872,600,2026-09-26T10:21:37,w2
IPP,pipesworld,p03.pddl,,resolvido,0.04,0.03,8180,420,2026-09-26T10:21:40,w2
FF,pipesworld,p03.pddl,,resolvido,0.01,0.01,4864,480,2026-09-26T10:21:40,w2
LPG,pipesworld,p03.pddl,1,resolvido,0.08,0.03,110592,540,2026-09-26T10:21:40,w2
LPG,pipesworld,p03.pddl,2,resolvido,0.08,0.02,110720,540,2026-09-26T10:21:40,w2
LPG,pipesworld,p03.pddl,3,resolvido,0.08,0.02,110464,540,2026-09-26T10:21:40,w2
YAHSP,pipesworld,p03.pddl,,resolvido,0.03,0.02,2688,540,2026-09-26T10:21:40,w2
SGPlan,pipesworld,p03.pddl,,resolvido,0.02,0.01,6196,480,2026-09-26T10:21:40,w2
SATPlan,pipesworld,p03.pddl,,resolvido,0.28,0.18,13824,480,2026-09-26T10:21:40,w2
MaxPlan,pipesworld,p03.pddl,,resolvido,0.4,0.29,27664,780,2026-09-26T10:21:40,w2
Fast Downward,pipesworld,p03.pddl,,resolvido,0.24,0.02,17436,600,2026-09-26T10:21:41,w2
Fast Downward,tpp,p30.pddl,,resolvido,132.58,125.88,282536,600,2026-09-26T10:20:19,w3
IPP,pipesworld,p04.pddl,,resolvido,0.04,0.03,8188,420,2026-09-26T10:22:32,w3
FF,pipesworld,p04.pddl,,resolvido,0.01,0.0,4864,480,2026-09-26T10:22:32,w3
LPG,pipesworld,p04.pddl,1,resolvido,0.08,0.02,110592,540,2026-09-26T10:22:32,w3
LPG,pipesworld,p04.pddl,2,resolvido,0.09,0.03,110720,540,2026-09-26T10:22:32,w3
LPG,pipesworld,p04.pddl,3,resolvido,0.08,0.02,110592,540,2026-09-26T10:22:32,w3
YAHSP,pipesworld,p04.pddl,,resolvido,0.04,0.03,2816,540,2026-09-26T10:22:32,w3
SGPlan,pipesworld,p04.pddl,,resolvido,0.02,0.01,5940,480,2026-09-26T10:22:32,w3
SATPlan,pipesworld,p04.pddl,,resolvido,0.28,0.2,13824,480,2026-09-26T10:22:32,w3
MaxPlan,pipesworld,p04.pddl,,resolvido,1.97,1.56,28464,780,2026-09-26T10:22:32,w3
Fast Downward,pipesworld,p04.pddl,,resolvido,0.24,0.03,17432,600,2026-09-26T10:22:34,w3
Blackbox,pipesworld,p05.pddl,,resolvido,0.64,0.63,74368,600,2026-09-26T10:22:34,w3
IPP,pipesworld,p05.pddl,,resolvido,0.21,0.2,9864,420,2026-09-26T10:22:35,w3
FF,pipesworld,p05.pddl,,resolvido,0.01,0.0,4736,480,2026-09-26T10:22:35,w3
LPG,pipesworld,p05.pddl,1,resolvido,0.09,0.02,110848,540,2026-09-26T10:22:35,w3
LPG,pipesworld,p05.pddl,2,resolvido,0.08,0.02,110720,540,2026-09-26T10:22:35,w3
LPG,pipesworld,p05.pddl,3,resolvido,0.3,0.24,113408,540,2026-09-26T10:22:36,w3
YAHSP,pipesworld,p05.pddl,,resolvido,0.03,0.03,2816,540,2026-09-26T10:22:36,w3
SGPlan,pipesworld,p05.pddl,,resolvido,0.01,0.0,5888,480,2026-09-26T10:22:36,w3
SATPlan,pipesworld,p05.pddl,,resolvido,0.29,0.19,15744,480,2026-09-26T10:22:36,w3
MaxPlan,pipesworld,p05.pddl,,resolvido,0.71,0.55,31884,780,2026-09-26T10:22:36,w3
Fast Downward,pipesworld,p05.pddl,,resolvido,0.28,0.02,18584,600,2026-09-26T10:22:37,w3
Blackbox,pipesworld,p06.pddl,,resolvido,0.41,0.4,74112,600,2026-09-26T10:22:37,w3
IPP,pipesworld,p06.pddl,,resolvido,0.19,0.17,9868,420,2026-09-26T10:22:38,w3
FF,pipesworld,p06.pddl,,resolvido,0.01,0.0,4736,480,2026-09-26T10:22:38,w3
LPG,pipesworld,p06.pddl,1,resolvido,0.08,0.03,110720,540,2026-09-26T10:22:38,w3
LPG,pipesworld,p06.pddl,2,resolvido,0.08,0.01,110720,540,2026-09-26T10:22:38,w3
LPG,pipesworld,p06.pddl,3,resolvido,0.33,0.27,114560,540,2026-09-26T10:22:38,w3
YAHSP,pipesworld,p06.pddl,,resolvido,0.03,0.03,2688,540,2026-09-26T10:22:38,w3
SGPlan,pipesworld,p06.pddl,,resolvido,0.01,0.0,5888,480,2026-09-26T10:22:38,w3
SATPlan,pipesworld,p06.pddl,,resolvido,0.28,0.2,15744,480,2026-09-26T10:22:38,w3
MaxPlan,pipesworld,p06.pddl,,resolvido,0.59,0.44,31748,780,2026-09-26T10:22:39,w3
Fast Downward,pipesworld,p06.pddl,,resolvido,0.27,0.03,18584,600,2026-09-26T10:22:39,w3
Blackbox,pipesworld,p07.pddl,,sem-plano,0.29,,111104,600,2026-09-26T10:22:39,w3
IPP,pipesworld,p07.pddl,,resolvido,10.03,10.01,53412,420,2026-09-26T10:22:40,w3
FF,pipesworld,p07.pddl,,resolvido,0.01,0.0,6656,480,2026-09-26T10:22:50,w3
LPG,pipesworld,p07.pddl,1,resolvido,0.18,0.12,113280,540,2026-09-26T10:22:50,w3
LPG,pipesworld,p07.pddl,2,resolvido,0.2,0.14,113280,540,2026-09-26T10:22:50,w3
LPG,pipesworld,p07.pddl,3,resolvido,0.17,0.11,113152,540,2026-09-26T10:22:50,w3
YAHSP,pipesworld,p07.pddl,,resolvido,0.06,0.05,3456,540,2026-09-26T10:22:50,w3
SGPlan,pipesworld,p07.pddl,,resolvido,0.03,0.01,10112,480,2026-09-26T10:22:50,w3
SATPlan,pipesworld,p07.pddl,,resolvido,2.54,1.93,117376,480,2026-09-26T10:22:50,w3
MaxPlan,pipesworld,p07.pddl,,resolvido,10.04,9.29,169452,780,2026-09-26T10:22:53,w3
Fast Downward,pipesworld,p07.pddl,,resolvido,0.87,0.11,39448,600,2026-09-26T10:23:03,w3
Blackbox,pipesworld,p08.pddl,,sem-plano,0.29,,111104,600,2026-09-26T10:23:04,w3
LPG,tpp,p30.pddl,2,estourou,540.2,,,540,2026-09-26T10:16:14,w1
FF,pipesworld,p08.pddl,,resolvido,0.02,0.01,6656,480,2026-09-26T10:25:14,w1
LPG,pipesworld,p08.pddl,1,resolvido,0.2,0.14,113408,540,2026-09-26T10:25:14,w1
LPG,pipesworld,p08.pddl,2,resolvido,0.22,0.16,113536,540,2026-09-26T10:25:14,w1
LPG,pipesworld,p08.pddl,3,resolvido,0.2,0.13,113152,540,2026-09-26T10:25:15,w1
YAHSP,pipesworld,p08.pddl,,resolvido,0.06,0.05,3584,540,2026-09-26T10:25:15,w1
SGPlan,pipesworld,p08.pddl,,resolvido,0.1,0.09,12244,480,2026-09-26T10:25:15,w1
SATPlan,pipesworld,p08.pddl,,resolvido,4.81,3.78,144000,480,2026-09-26T10:25:15,w1
IPP,pipesworld,p08.pddl,,estourou,420.13,,,420,2026-09-26T10:23:04,w3
Fast Downward,pipesworld,p08.pddl,,resolvido,0.85,0.1,39592,600,2026-09-26T10:30:04,w3
Blackbox,pipesworld,p09.pddl,,sem-plano,0.29,,108672,600,2026-09-26T10:30:05,w3
Blackbox,pipesworld,p04.pddl,,estourou,600.14,,,600,2026-09-26T10:21:41,w2
FF,pipesworld,p09.pddl,,resolvido,7.63,7.6,46720,480,2026-09-26T10:31:41,w2
LPG,pipesworld,p09.pddl,1,resolvido,0.93,0.87,116736,540,2026-09-26T10:31:49,w2
LPG,pipesworld,p09.pddl,2,resolvido,1.14,1.08,116992,540,2026-09-26T10:31:50,w2
LPG,pipesworld,p09.pddl,3,resolvido,0.59,0.53,115072,540,2026-09-26T10:31:51,w2
YAHSP,pipesworld,p09.pddl,,resolvido,0.06,0.05,3584,540,2026-09-26T10:31:51,w2
SGPlan,pipesworld,p09.pddl,,resolvido,5.65,5.63,84748,480,2026-09-26T10:31:51,w2
MaxPlan,pipesworld,p08.pddl,,resolvido,404.27,394.49,722348,780,2026-09-26T10:25:20,w1
MaxPlan,tpp,p30.pddl,,estourou,780.24,,,780,2026-09-26T10:20:10,w0
SATPlan,pipesworld,p09.pddl,,resolvido,73.24,66.99,347648,480,2026-09-26T10:31:57,w2
Blackbox,pipesworld,p10.pddl,,sem-plano,0.29,,108672,600,2026-09-26T10:33:10,w2
Fast Downward,pipesworld,p09.pddl,,resolvido,2.58,1.71,45680,600,2026-09-26T10:33:10,w0
FF,pipesworld,p10.pddl,,resolvido,17.19,17.17,42112,480,2026-09-26T10:33:13,w0
LPG,pipesworld,p10.pddl,1,resolvido,0.3,0.24,114304,540,2026-09-26T10:33:30,w0
LPG,pipesworld,p10.pddl,2,resolvido,0.29,0.23,114048,540,2026-09-26T10:33:30,w0
LPG,pipesworld,p10.pddl,3,resolvido,0.32,0.26,114176,540,2026-09-26T10:33:31,w0
YAHSP,pipesworld,p10.pddl,,resolvido,0.06,0.05,3968,540,2026-09-26T10:33:31,w0
SGPlan,pipesworld,p10.pddl,,resolvido,0.13,0.11,11276,480,2026-09-26T10:33:31,w0
SATPlan,pipesworld,p10.pddl,,resolvido,54.98,48.87,347648,480,2026-09-26T10:33:31,w0
IPP,pipesworld,p09.pddl,,estourou,420.12,,,420,2026-09-26T10:30:05,w3
Fast Downward,pipesworld,p10.pddl,,resolvido,1.05,0.16,45560,600,2026-09-26T10:37:06,w3
IPP,pipesworld,p10.pddl,,estourou,420.12,,,420,2026-09-26T10:33:11,w2
MaxPlan,pipesworld,p09.pddl,,estourou,780.23,,,780,2026-09-26T10:32:04,w1
FF,pipesworld,p11.pddl,,resolvido,2.61,2.59,15744,480,2026-09-26T10:45:04,w1
LPG,pipesworld,p11.pddl,1,resolvido,0.26,0.18,112640,540,2026-09-26T10:45:07,w1
LPG,pipesworld,p11.pddl,2,resolvido,11.08,11.01,119424,540,2026-09-26T10:45:07,w1
LPG,pipesworld,p11.pddl,3,resolvido,7.1,7.03,117888,540,2026-09-26T10:45:18,w1
YAHSP,pipesworld,p11.pddl,,resolvido,0.41,0.4,5120,540,2026-09-26T10:45:25,w1
Blackbox,pipesworld,p11.pddl,,estourou,600.13,,,600,2026-09-26T10:37:07,w3
IPP,pipesworld,p11.pddl,,estourou,420.16,,,420,2026-09-26T10:40:11,w2
SATPlan,pipesworld,p11.pddl,,resolvido,18.35,17.48,91396,480,2026-09-26T10:47:07,w3
Fast Downward,pipesworld,p11.pddl,,resolvido,0.54,0.2,25216,600,2026-09-26T10:47:25,w3
MaxPlan,pipesworld,p10.pddl,,estourou,780.24,,,780,2026-09-26T10:34:26,w0
MaxPlan,pipesworld,p11.pddl,,resolvido,80.16,75.21,398460,780,2026-09-26T10:47:11,w2
FF,pipesworld,p12.pddl,,resolvido,0.78,0.77,9600,480,2026-09-26T10:48:31,w2
LPG,pipesworld,p12.pddl,1,resolvido,64.46,64.39,127360,540,2026-09-26T10:48:32,w2
LPG,pipesworld,p12.pddl,2,resolvido,137.62,137.52,131584,540,2026-09-26T10:49:36,w2
LPG,pipesworld,p12.pddl,3,resolvido,31.66,31.59,123776,540,2026-09-26T10:51:54,w2
YAHSP,pipesworld,p12.pddl,,resolvido,0.09,0.08,3584,540,2026-09-26T10:52:26,w2
SGPlan,pipesworld,p11.pddl,,estourou,480.12,,,480,2026-09-26T10:45:26,w1
IPP,pipesworld,p12.pddl,,estourou,420.14,,,420,2026-09-26T10:47:26,w0
SATPlan,pipesworld,p12.pddl,,resolvido,163.66,155.37,365184,480,2026-09-26T10:53:26,w1
Fast Downward,pipesworld,p12.pddl,,resolvido,0.7,0.15,35236,600,2026-09-26T10:56:10,w1
Blackbox,pipesworld,p13.pddl,,sem-plano,0.19,,111104,600,2026-09-26T10:56:10,w1
Blackbox,pipesworld,p12.pddl,,estourou,600.13,,,600,2026-09-26T10:47:26,w3
FF,pipesworld,p13.pddl,,resolvido,0.14,0.13,9088,480,2026-09-26T10:57:26,w3
LPG,pipesworld,p13.pddl,1,resolvido,1.19,1.12,116608,540,2026-09-26T10:57:26,w3
LPG,pipesworld,p13.pddl,2,resolvido,20.17,20.1,117504,540,2026-09-26T10:57:27,w3
LPG,pipesworld,p13.pddl,3,resolvido,12.73,12.65,119680,540,2026-09-26T10:57:47,w3
YAHSP,pipesworld,p13.pddl,,resolvido,0.09,0.08,3840,540,2026-09-26T10:58:00,w3
SGPlan,pipesworld,p12.pddl,,estourou,480.09,,,480,2026-09-26T10:52:26,w2
SATPlan,pipesworld,p13.pddl,,resolvido,23.44,17.54,412416,480,2026-09-26T11:00:26,w2
IPP,pipesworld,p13.pddl,,estourou,420.13,,,420,2026-09-26T10:56:11,w1
Fast Downward,pipesworld,p13.pddl,,resolvido,0.88,0.12,45436,600,2026-09-26T11:03:11,w1
Blackbox,pipesworld,p14.pddl,,sem-plano,0.42,,188032,600,2026-09-26T11:03:12,w1
SGPlan,pipesworld,p13.pddl,,estourou,480.07,,,480,2026-09-26T10:58:00,w3
FF,pipesworld,p14.pddl,,resolvido,0.33,0.32,8192,480,2026-09-26T11:06:00,w3
MaxPlan,pipesworld,p12.pddl,,estourou,780.22,,,780,2026-09-26T10:54:26,w0
IPP,pipesworld,p14.pddl,,estourou,420.15,,,420,2026-09-26T11:03:12,w1
LPG,pipesworld,p14.pddl,1,resolvido,344.08,343.91,137216,540,2026-09-26T11:06:01,w3
YAHSP,pipesworld,p14.pddl,,resolvido,0.77,0.76,5760,540,2026-09-26T11:11:45,w3
LPG,pipesworld,p14.pddl,2,resolvido,365.44,365.28,137472,540,2026-09-26T11:07:27,w0
MaxPlan,pipesworld,p13.pddl,,estourou,780.18,,,780,2026-09-26T11:00:49,w2
LPG,pipesworld,p14.pddl,3,resolvido,304.2,303.99,137472,540,2026-09-26T11:10:12,w1
Fast Downward,pipesworld,p14.pddl,,resolvido,1.34,0.84,32084,600,2026-09-26T11:15:16,w1
SGPlan,pipesworld,p14.pddl,,estourou,480.09,,,480,2026-09-26T11:11:45,w3
SATPlan,pipesworld,p14.pddl,,estourou,480.13,,,480,2026-09-26T11:13:32,w0
FF,pipesworld,p15.pddl,,resolvido,62.42,62.35,114304,480,2026-09-26T11:21:32,w0
Blackbox,pipesworld,p15.pddl,,estourou,600.14,,,600,2026-09-26T11:15:18,w1
IPP,pipesworld,p15.pddl,,estourou,420.16,,,420,2026-09-26T11:19:45,w3
MaxPlan,pipesworld,p14.pddl,,estourou,780.19,,,780,2026-09-26T11:13:49,w2
LPG,pipesworld,p15.pddl,1,resolvido,423.8,423.48,569856,540,2026-09-26T11:22:35,w0
YAHSP,pipesworld,p15.pddl,,resolvido,268.08,267.21,515456,540,2026-09-26T11:26:50,w2
LPG,pipesworld,p15.pddl,2,resolvido,378.5,378.4,135296,540,2026-09-26T11:25:18,w1
LPG,pipesworld,p15.pddl,3,estourou,540.13,,,540,2026-09-26T11:26:46,w3
Fast Downward,pipesworld,p15.pddl,,resolvido,1.01,0.52,32132,600,2026-09-26T11:35:46,w3
Blackbox,pipesworld,p16.pddl,,sem-plano,0.24,,154496,600,2026-09-26T11:35:47,w3
SGPlan,pipesworld,p15.pddl,,estourou,480.1,,,480,2026-09-26T11:29:38,w0
SATPlan,pipesworld,p15.pddl,,estourou,480.11,,,480,2026-09-26T11:31:18,w2
IPP,pipesworld,p16.pddl,,estourou,420.11,,,420,2026-09-26T11:35:47,w3
MaxPlan,pipesworld,p15.pddl,,estourou,780.2,,,780,2026-09-26T11:31:36,w1
FF,pipesworld,p16.pddl,,estourou,480.12,,,480,2026-09-26T11:37:39,w0
LPG,pipesworld,p16.pddl,1,estourou,540.02,,,540,2026-09-26T11:39:18,w2
LPG,pipesworld,p16.pddl,2,estourou,540.02,,,540,2026-09-26T11:42:47,w3
SATPlan,pipesworld,p16.pddl,,sem-plano,7.52,,721408,480,2026-09-26T11:51:47,w3
LPG,pipesworld,p16.pddl,3,estourou,540.02,,,540,2026-09-26T11:44:36,w1
Fast Downward,pipesworld,p16.pddl,,resolvido,6.85,5.76,62104,600,2026-09-26T11:53:37,w1
Blackbox,pipesworld,p17.pddl,,sem-plano,0.24,,127232,600,2026-09-26T11:53:43,w1
YAHSP,pipesworld,p16.pddl,,estourou,540.17,,,540,2026-09-26T11:45:39,w0
FF,pipesworld,p17.pddl,,resolvido,36.24,36.12,81664,480,2026-09-26T11:54:39,w0
SGPlan,pipesworld,p16.pddl,,estourou,480.1,,,480,2026-09-26T11:48:18,w2
MaxPlan,pipesworld,p16.pddl,,sem-plano,324.95,,2537144,780,2026-09-26T11:51:55,w3
IPP,pipesworld,p17.pddl,,estourou,420.16,,,420,2026-09-26T11:53:44,w1
