MaxPlanII beta.

bb: parsing domain file
domain 'MYSTERY-STRIPS' defined
 ... done.
bb: parsing problem file
problem 'STRIPS-MYSTY-X-16' defined
 ... done.


******  Solve with 1 layers Start******

creating action-based encoding:
        building rplan graph layers, up to layer [1];
        goal constraints;

no achiever in for goal?? deadline too low!#001


******  Solve with 2 layers Start******

creating action-based encoding:
        building rplan graph layers, up to layer [2];
        goal constraints;

no achiever in for goal?? deadline too low!#001


******  Solve with 3 layers Start******

creating action-based encoding:
        building rplan graph layers, up to layer [3];
        goal constraints;
        building exclusion constraints --> up to layer 3...

DECISION LAYER 3, WRITING ACTION-BASED ENCODING WITH 601 VARS, 8451 CLAUSES.
2 G clauses, 1187 A clauses, 7262 E clauses.c CNF file planning task -p , -o /home/matheus/repo/acervo-2010/planejadores_analise_resultados/comp/mystery/domain.pddl, -f /home/matheus/repo/acervo-2010/planejadores_analise_resultados/comp/mystery/pfile16, bound 3, action based encoding
In building up solver: p cnf 601 8451
==================================[ MINISAT ]===================================
| Conflicts |     ORIGINAL     |              LEARNT              | Progress |
|           | Clauses Literals |   Limit Clauses Literals  Lit/Cl |          |
==============================================================================
|         0 |    8451    18461 |    2817       0        0     0.0 |  0.000 % |
==============================================================================
Totoal time used by londex constraint checking is [B0.000000][L0.000000],apply counts 9, apply_generated 0
restarts          :            1
conflicts         :            3           (      inf / sec      )
decisions         :            3           (      inf / sec      )
propagations      :          255           (      inf / sec      )
inspects          :          571           (      inf / sec      )
conflict literals :            2           (     0.00 % deleted  )
CPU time          :         0.00 sec
UNSATISFIABLE

******  Solve with 4 layers Start******

creating action-based encoding:
        building rplan graph layers, up to layer [4];
        goal constraints;
        building exclusion constraints --> up to layer 4...

DECISION LAYER 4, WRITING ACTION-BASED ENCODING WITH 1806 VARS, 79501 CLAUSES.
2 G clauses, 4300 A clauses, 75199 E clauses.c CNF file planning task -p , -o /home/matheus/repo/acervo-2010/planejadores_analise_resultados/comp/mystery/domain.pddl, -f /home/matheus/repo/acervo-2010/planejadores_analise_resultados/comp/mystery/pfile16, bound 4, action based encoding
In building up solver: p cnf 1806 79501
==================================[ MINISAT ]===================================
| Conflicts |     ORIGINAL     |              LEARNT              | Progress |
|           | Clauses Literals |   Limit Clauses Literals  Lit/Cl |          |
==============================================================================
|         0 |   79501   175763 |   26500       0        0     0.0 |  0.000 % |
==============================================================================
Totoal time used by londex constraint checking is [B0.000000][L0.000000],apply counts 27, apply_generated 0
restarts          :            1
conflicts         :            7           (      inf / sec      )
decisions         :            7           (      inf / sec      )
propagations      :         2111           (      inf / sec      )
inspects          :         4186           (      inf / sec      )
conflict literals :            7           (     0.00 % deleted  )
CPU time          :         0.00 sec
UNSATISFIABLE

******  Solve with 5 layers Start******

creating action-based encoding:
        building rplan graph layers, up to layer [5];
        goal constraints;
        building exclusion constraints --> up to layer 5...

DECISION LAYER 5, WRITING ACTION-BASED ENCODING WITH 3801 VARS, 278988 CLAUSES.
2 G clauses, 9602 A clauses, 269384 E clauses.c CNF file planning task -p , -o /home/matheus/repo/acervo-2010/planejadores_analise_resultados/comp/mystery/domain.pddl, -f /home/matheus/repo/acervo-2010/planejadores_analise_resultados/comp/mystery/pfile16, bound 5, action based encoding
In building up solver: p cnf 3801 278988
==================================[ MINISAT ]===================================
| Conflicts |     ORIGINAL     |              LEARNT              | Progress |
|           | Clauses Literals |   Limit Clauses Literals  Lit/Cl |          |
==============================================================================
|         0 |  278988   672457 |   92996       0        0     0.0 |  0.000 % |
==============================================================================
Totoal time used by londex constraint checking is [B0.000000][L0.000000],apply counts 67, apply_generated 0
restarts          :            1
conflicts         :           21           (     2100 / sec      )
decisions         :           26           (     2600 / sec      )
propagations      :         5927           (   592700 / sec      )
inspects          :        12917           (  1291700 / sec      )
conflict literals :           39           (     2.50 % deleted  )
CPU time          :         0.01 sec
UNSATISFIABLE

******  Solve with 6 layers Start******

creating action-based encoding:
        building rplan graph layers, up to layer [6];
        goal constraints;
        building exclusion constraints --> up to layer 6...

DECISION LAYER 6, WRITING ACTION-BASED ENCODING WITH 6181 VARS, 567426 CLAUSES.
2 G clauses, 15975 A clauses, 551449 E clauses.c CNF file planning task -p , -o /home/matheus/repo/acervo-2010/planejadores_analise_resultados/comp/mystery/domain.pddl, -f /home/matheus/repo/acervo-2010/planejadores_analise_resultados/comp/mystery/pfile16, bound 6, action based encoding
In building up solver: p cnf 6181 567426
==================================[ MINISAT ]===================================
| Conflicts |     ORIGINAL     |              LEARNT              | Progress |
|           | Clauses Literals |   Limit Clauses Literals  Lit/Cl |          |
==============================================================================
|         0 |  567426  1454183 |  189142       0        0     0.0 |  0.000 % |
==============================================================================
Totoal time used by londex constraint checking is [B0.000000][L0.000000],apply counts 85, apply_generated 0
restarts          :            1
conflicts         :           24           (      inf / sec      )
decisions         :           31           (      inf / sec      )
propagations      :        11814           (      inf / sec      )
inspects          :        23649           (      inf / sec      )
conflict literals :          427           (     0.70 % deleted  )
CPU time          :         0.00 sec
UNSATISFIABLE

******  Solve with 7 layers Start******

creating action-based encoding:
        building rplan graph layers, up to layer [7];
        goal constraints;
        building exclusion constraints --> up to layer 7...

DECISION LAYER 7, WRITING ACTION-BASED ENCODING WITH 8664 VARS, 882674 CLAUSES.
2 G clauses, 22628 A clauses, 860044 E clauses.c CNF file planning task -p , -o /home/matheus/repo/acervo-2010/planejadores_analise_resultados/comp/mystery/domain.pddl, -f /home/matheus/repo/acervo-2010/planejadores_analise_resultados/comp/mystery/pfile16, bound 7, action based encoding
In building up solver: p cnf 8664 882674
==================================[ MINISAT ]===================================
| Conflicts |     ORIGINAL     |              LEARNT              | Progress |
|           | Clauses Literals |   Limit Clauses Literals  Lit/Cl |          |
==============================================================================
|         0 |  882674  2344397 |  294224       0        0     0.0 |  0.000 % |
==============================================================================
Totoal time used by londex constraint checking is [B0.000000][L0.000000],apply counts 214, apply_generated 0
restarts          :            1
conflicts         :           45           (     4500 / sec      )
decisions         :           63           (     6300 / sec      )
propagations      :        35307           (  3530700 / sec      )
inspects          :        68583           (  6858300 / sec      )
conflict literals :          720           (    17.24 % deleted  )
CPU time          :         0.01 sec
UNSATISFIABLE

******  Solve with 8 layers Start******

creating action-based encoding:
        building rplan graph layers, up to layer [8];
        goal constraints;
        building exclusion constraints --> up to layer 8...

DECISION LAYER 8, WRITING ACTION-BASED ENCODING WITH 11147 VARS, 1197922 CLAUSES.
2 G clauses, 29281 A clauses, 1168639 E clauses.c CNF file planning task -p , -o /home/matheus/repo/acervo-2010/planejadores_analise_resultados/comp/mystery/domain.pddl, -f /home/matheus/repo/acervo-2010/planejadores_analise_resultados/comp/mystery/pfile16, bound 8, action based encoding
In building up solver: p cnf 11147 1197922
==================================[ MINISAT ]===================================
| Conflicts |     ORIGINAL     |              LEARNT              | Progress |
|           | Clauses Literals |   Limit Clauses Literals  Lit/Cl |          |
==============================================================================
|         0 | 1197922  3247185 |  399307       0        0     0.0 |  0.000 % |
==============================================================================
Totoal time used by londex constraint checking is [B0.000000][L0.000000],apply counts 142, apply_generated 0
restarts          :            1
conflicts         :           36           (     3600 / sec      )
decisions         :           52           (     5200 / sec      )
propagations      :        31323           (  3132300 / sec      )
inspects          :        56910           (  5691000 / sec      )
conflict literals :         1057           (     0.56 % deleted  )
CPU time          :         0.01 sec
UNSATISFIABLE

******  Solve with 9 layers Start******

creating action-based encoding:
        building rplan graph layers, up to layer [9];
        goal constraints;
        building exclusion constraints --> up to layer 9...

DECISION LAYER 9, WRITING ACTION-BASED ENCODING WITH 13630 VARS, 1513170 CLAUSES.
2 G clauses, 35934 A clauses, 1477234 E clauses.c CNF file planning task -p , -o /home/matheus/repo/acervo-2010/planejadores_analise_resultados/comp/mystery/domain.pddl, -f /home/matheus/repo/acervo-2010/planejadores_analise_resultados/comp/mystery/pfile16, bound 9, action based encoding
In building up solver: p cnf 13630 1513170
==================================[ MINISAT ]===================================
| Conflicts |     ORIGINAL     |              LEARNT              | Progress |
|           | Clauses Literals |   Limit Clauses Literals  Lit/Cl |          |
==============================================================================
|         0 | 1513170  4149973 |  504390       0        0     0.0 |  0.000 % |
==============================================================================
Totoal time used by londex constraint checking is [B0.000000][L0.000000],apply counts 366, apply_generated 0
restarts          :            1
conflicts         :           75           (     3750 / sec      )
decisions         :          127           (     6350 / sec      )
propagations      :        63731           (  3186550 / sec      )
inspects          :       116950           (  5847500 / sec      )
conflict literals :         3937           (     0.86 % deleted  )
CPU time          :         0.02 sec
UNSATISFIABLE

******  Solve with 10 layers Start******

creating action-based encoding:
        building rplan graph layers, up to layer [10];
        goal constraints;
        building exclusion constraints --> up to layer 10...

DECISION LAYER 10, WRITING ACTION-BASED ENCODING WITH 16113 VARS, 1828418 CLAUSES.
2 G clauses, 42587 A clauses, 1785829 E clauses.c CNF file planning task -p , -o /home/matheus/repo/acervo-2010/planejadores_analise_resultados/comp/mystery/domain.pddl, -f /home/matheus/repo/acervo-2010/planejadores_analise_resultados/comp/mystery/pfile16, bound 10, action based encoding
In building up solver: p cnf 16113 1828418
==================================[ MINISAT ]===================================
| Conflicts |     ORIGINAL     |              LEARNT              | Progress |
|           | Clauses Literals |   Limit Clauses Literals  Lit/Cl |          |
==============================================================================
|         0 | 1828418  5052761 |  609472       0        0     0.0 |  0.000 % |
|       100 | 1828418  5052761 |  670419     100     2274    22.7 |  0.001 % |
==============================================================================
Totoal time used by londex constraint checking is [B0.000000][L0.000000],apply counts 661, apply_generated 0
restarts          :            2
conflicts         :          124           (     4133 / sec      )
decisions         :          260           (     8667 / sec      )
propagations      :       128665           (  4288833 / sec      )
inspects          :       223985           (  7466167 / sec      )
conflict literals :         2641           (     7.04 % deleted  )
CPU time          :         0.03 sec
UNSATISFIABLE

******  Solve with 11 layers Start******

creating action-based encoding:
        building rplan graph layers, up to layer [11];
        goal constraints;
        building exclusion constraints --> up to layer 11...

DECISION LAYER 11, WRITING ACTION-BASED ENCODING WITH 18596 VARS, 2143666 CLAUSES.
2 G clauses, 49240 A clauses, 2094424 E clauses.c CNF file planning task -p , -o /home/matheus/repo/acervo-2010/planejadores_analise_resultados/comp/mystery/domain.pddl, -f /home/matheus/repo/acervo-2010/planejadores_analise_resultados/comp/mystery/pfile16, bound 11, action based encoding
In building up solver: p cnf 18596 2143666
==================================[ MINISAT ]===================================
| Conflicts |     ORIGINAL     |              LEARNT              | Progress |
|           | Clauses Literals |   Limit Clauses Literals  Lit/Cl |          |
==============================================================================
|         0 | 2143666  5955549 |  714555       0        0     0.0 |  0.000 % |
==============================================================================
Totoal time used by londex constraint checking is [B0.000000][L0.010000],apply counts 296, apply_generated 0
restarts          :            1
conflicts         :           56           (     1867 / sec      )
decisions         :           78           (     2600 / sec      )
propagations      :        92372           (  3079067 / sec      )
inspects          :       144218           (  4807267 / sec      )
conflict literals :          407           (     2.63 % deleted  )
CPU time          :         0.03 sec
UNSATISFIABLE

******  Solve with 12 layers Start******

creating action-based encoding:
        building rplan graph layers, up to layer [12];
        goal constraints;
        building exclusion constraints --> up to layer 12...

DECISION LAYER 12, WRITING ACTION-BASED ENCODING WITH 21079 VARS, 2458914 CLAUSES.
2 G clauses, 55893 A clauses, 2403019 E clauses.c CNF file planning task -p , -o /home/matheus/repo/acervo-2010/planejadores_analise_resultados/comp/mystery/domain.pddl, -f /home/matheus/repo/acervo-2010/planejadores_analise_resultados/comp/mystery/pfile16, bound 12, action based encoding
In building up solver: p cnf 21079 2458914
==================================[ MINISAT ]===================================
| Conflicts |     ORIGINAL     |              LEARNT              | Progress |
|           | Clauses Literals |   Limit Clauses Literals  Lit/Cl |          |
==============================================================================
|         0 | 2458914  6858337 |  819638       0        0     0.0 |  0.000 % |
|       100 | 2458907  6858322 |  901602      94     6120    65.1 |  1.338 % |
==============================================================================
Totoal time used by londex constraint checking is [B0.010000][L0.000000],apply counts 802, apply_generated 0
restarts          :            2
conflicts         :          117           (     1950 / sec      )
decisions         :          280           (     4667 / sec      )
propagations      :       169681           (  2828017 / sec      )
inspects          :       282506           (  4708433 / sec      )
conflict literals :         6182           (     1.12 % deleted  )
CPU time          :         0.06 sec
UNSATISFIABLE

******  Solve with 13 layers Start******

creating action-based encoding:
        building rplan graph layers, up to layer [13];
        goal constraints;
        building exclusion constraints --> up to layer 13...

DECISION LAYER 13, WRITING ACTION-BASED ENCODING WITH 23562 VARS, 2774162 CLAUSES.
2 G clauses, 62546 A clauses, 2711614 E clauses.c CNF file planning task -p , -o /home/matheus/repo/acervo-2010/planejadores_analise_resultados/comp/mystery/domain.pddl, -f /home/matheus/repo/acervo-2010/planejadores_analise_resultados/comp/mystery/pfile16, bound 13, action based encoding
In building up solver: p cnf 23562 2774162
==================================[ MINISAT ]===================================
| Conflicts |     ORIGINAL     |              LEARNT              | Progress |
|           | Clauses Literals |   Limit Clauses Literals  Lit/Cl |          |
==============================================================================
|         0 | 2774162  7761125 |  924720       0        0     0.0 |  0.000 % |
|       100 | 2774155  7761110 | 1017192      95     5364    56.5 |  1.002 % |
==============================================================================
Totoal time used by londex constraint checking is [B0.030000][L0.000000],apply counts 875, apply_generated 0
restarts          :            2
conflicts         :          169           (     3380 / sec      )
decisions         :          354           (     7080 / sec      )
propagations      :       196289           (  3925780 / sec      )
inspects          :       321630           (  6432600 / sec      )
conflict literals :         9038           (     0.25 % deleted  )
CPU time          :         0.05 sec
UNSATISFIABLE

******  Solve with 14 layers Start******

creating action-based encoding:
        building rplan graph layers, up to layer [14];
        goal constraints;
        building exclusion constraints --> up to layer 14...

DECISION LAYER 14, WRITING ACTION-BASED ENCODING WITH 26045 VARS, 3089410 CLAUSES.
2 G clauses, 69199 A clauses, 3020209 E clauses.c CNF file planning task -p , -o /home/matheus/repo/acervo-2010/planejadores_analise_resultados/comp/mystery/domain.pddl, -f /home/matheus/repo/acervo-2010/planejadores_analise_resultados/comp/mystery/pfile16, bound 14, action based encoding
In building up solver: p cnf 26045 3089410
==================================[ MINISAT ]===================================
| Conflicts |     ORIGINAL     |              LEARNT              | Progress |
|           | Clauses Literals |   Limit Clauses Literals  Lit/Cl |          |
==============================================================================
|         0 | 3089410  8663913 | 1029803       0        0     0.0 |  0.000 % |
|       100 | 3089403  8663898 | 1132783      96     9280    96.7 |  0.906 % |
==============================================================================
Totoal time used by londex constraint checking is [B0.010000][L0.000000],apply counts 690, apply_generated 0
restarts          :            2
conflicts         :          127           (     2540 / sec      )
decisions         :          226           (     4520 / sec      )
propagations      :       180494           (  3609880 / sec      )
inspects          :       288358           (  5767160 / sec      )
conflict literals :         9622           (     0.81 % deleted  )
CPU time          :         0.05 sec
UNSATISFIABLE

******  Solve with 15 layers Start******

creating action-based encoding:
        building rplan graph layers, up to layer [15];
        goal constraints;
        building exclusion constraints --> up to layer 15...

DECISION LAYER 15, WRITING ACTION-BASED ENCODING WITH 28528 VARS, 3404658 CLAUSES.
2 G clauses, 75852 A clauses, 3328804 E clauses.c CNF file planning task -p , -o /home/matheus/repo/acervo-2010/planejadores_analise_resultados/comp/mystery/domain.pddl, -f /home/matheus/repo/acervo-2010/planejadores_analise_resultados/comp/mystery/pfile16, bound 15, action based encoding
In building up solver: p cnf 28528 3404658
==================================[ MINISAT ]===================================
| Conflicts |     ORIGINAL     |              LEARNT              | Progress |
|           | Clauses Literals |   Limit Clauses Literals  Lit/Cl |          |
==============================================================================
|         0 | 3404658  9566701 | 1134886       0        0     0.0 |  0.000 % |
|       100 | 3404651  9566686 | 1248375      93    12434   133.7 |  0.834 % |
==============================================================================
Totoal time used by londex constraint checking is [B0.000000][L0.000000],apply counts 1288, apply_generated 0
restarts          :            2
conflicts         :          194           (     1940 / sec      )
decisions         :          368           (     3680 / sec      )
propagations      :       386211           (  3862110 / sec      )
inspects          :       612077           (  6120770 / sec      )
conflict literals :        26298           (     3.44 % deleted  )
CPU time          :         0.10 sec
UNSATISFIABLE

******  Solve with 16 layers Start******

creating action-based encoding:
        building rplan graph layers, up to layer [16];
        goal constraints;
        building exclusion constraints --> up to layer 16...

DECISION LAYER 16, WRITING ACTION-BASED ENCODING WITH 31011 VARS, 3719906 CLAUSES.
2 G clauses, 82505 A clauses, 3637399 E clauses.c CNF file planning task -p , -o /home/matheus/repo/acervo-2010/planejadores_analise_resultados/comp/mystery/domain.pddl, -f /home/matheus/repo/acervo-2010/planejadores_analise_resultados/comp/mystery/pfile16, bound 16, action based encoding
In building up solver: p cnf 31011 3719906
==================================[ MINISAT ]===================================
| Conflicts |     ORIGINAL     |              LEARNT              | Progress |
|           | Clauses Literals |   Limit Clauses Literals  Lit/Cl |          |
==============================================================================
|         0 | 3719906 10469489 | 1239968       0        0     0.0 |  0.000 % |
|       100 | 3719789 10469246 | 1363965      93     7858    84.5 |  3.035 % |
==============================================================================
Totoal time used by londex constraint checking is [B0.000000][L0.000000],apply counts 749, apply_generated 0
restarts          :            2
conflicts         :          122           (     2033 / sec      )
decisions         :          222           (     3700 / sec      )
propagations      :       240056           (  4000933 / sec      )
inspects          :       364989           (  6083150 / sec      )
conflict literals :        12387           (     6.24 % deleted  )
CPU time          :         0.06 sec
UNSATISFIABLE

******  Solve with 17 layers Start******

creating action-based encoding:
        building rplan graph layers, up to layer [17];
        goal constraints;
        building exclusion constraints --> up to layer 17...

DECISION LAYER 17, WRITING ACTION-BASED ENCODING WITH 33494 VARS, 4035154 CLAUSES.
2 G clauses, 89158 A clauses, 3945994 E clauses.c CNF file planning task -p , -o /home/matheus/repo/acervo-2010/planejadores_analise_resultados/comp/mystery/domain.pddl, -f /home/matheus/repo/acervo-2010/planejadores_analise_resultados/comp/mystery/pfile16, bound 17, action based encoding
In building up solver: p cnf 33494 4035154
==================================[ MINISAT ]===================================
| Conflicts |     ORIGINAL     |              LEARNT              | Progress |
|           | Clauses Literals |   Limit Clauses Literals  Lit/Cl |          |
==============================================================================
|         0 | 4035154 11372277 | 1345051       0        0     0.0 |  0.000 % |
|       100 | 4035037 11372034 | 1479556      95     7620    80.2 |  0.708 % |
==============================================================================
Totoal time used by londex constraint checking is [B0.000000][L0.010000],apply counts 1117, apply_generated 0
restarts          :            2
conflicts         :          174           (     1933 / sec      )
decisions         :          294           (     3267 / sec      )
propagations      :       332528           (  3694756 / sec      )
inspects          :       500967           (  5566300 / sec      )
conflict literals :        17420           (     0.49 % deleted  )
CPU time          :         0.09 sec
UNSATISFIABLE

******  Solve with 18 layers Start******

creating action-based encoding:
        building rplan graph layers, up to layer [18];
        goal constraints;
        building exclusion constraints --> up to layer 18...

DECISION LAYER 18, WRITING ACTION-BASED ENCODING WITH 35977 VARS, 4350402 CLAUSES.
2 G clauses, 95811 A clauses, 4254589 E clauses.c CNF file planning task -p , -o /home/matheus/repo/acervo-2010/planejadores_analise_resultados/comp/mystery/domain.pddl, -f /home/matheus/repo/acervo-2010/planejadores_analise_resultados/comp/mystery/pfile16, bound 18, action based encoding
In building up solver: p cnf 35977 4350402
==================================[ MINISAT ]===================================
| Conflicts |     ORIGINAL     |              LEARNT              | Progress |
|           | Clauses Literals |   Limit Clauses Literals  Lit/Cl |          |
==============================================================================
|         0 | 4350402 12275065 | 1450134       0        0     0.0 |  0.000 % |
|       100 | 4350285 12274822 | 1595147      95     1375    14.5 |  0.659 % |
|       250 | 4350285 12274822 | 1754662     241     8545    35.5 |  2.613 % |
==============================================================================
Totoal time used by londex constraint checking is [B0.010000][L0.010000],apply counts 1837, apply_generated 0
restarts          :            3
conflicts         :          353           (     3209 / sec      )
decisions         :          793           (     7209 / sec      )
propagations      :       361644           (  3287673 / sec      )
inspects          :       600372           (  5457927 / sec      )
conflict literals :        19871           (     0.32 % deleted  )
CPU time          :         0.11 sec
UNSATISFIABLE

******  Solve with 19 layers Start******

creating action-based encoding:
        building rplan graph layers, up to layer [19];
        goal constraints;
        building exclusion constraints --> up to layer 19...

DECISION LAYER 19, WRITING ACTION-BASED ENCODING WITH 38460 VARS, 4665650 CLAUSES.
2 G clauses, 102464 A clauses, 4563184 E clauses.c CNF file planning task -p , -o /home/matheus/repo/acervo-2010/planejadores_analise_resultados/comp/mystery/domain.pddl, -f /home/matheus/repo/acervo-2010/planejadores_analise_resultados/comp/mystery/pfile16, bound 19, action based encoding
In building up solver: p cnf 38460 4665650
==================================[ MINISAT ]===================================
| Conflicts |     ORIGINAL     |              LEARNT              | Progress |
|           | Clauses Literals |   Limit Clauses Literals  Lit/Cl |          |
==============================================================================
|         0 | 4665650 13177853 | 1555216       0        0     0.0 |  0.000 % |
|       100 | 4665533 13177610 | 1710738      95     7637    80.4 |  0.616 % |
|       250 | 4665533 13177610 | 1881811     245    10833    44.2 |  0.616 % |
|       475 | 4665533 13177610 | 2069992     466    24536    52.7 |  1.311 % |
==============================================================================
Totoal time used by londex constraint checking is [B0.010000][L0.020000],apply counts 4103, apply_generated 0
restarts          :            4
conflicts         :          731           (     2924 / sec      )
decisions         :         1708           (     6832 / sec      )
propagations      :       803856           (  3215424 / sec      )
inspects          :      1445478           (  5781912 / sec      )
conflict literals :        34844           (     2.44 % deleted  )
CPU time          :         0.25 sec
UNSATISFIABLE

******  Solve with 20 layers Start******

creating action-based encoding:
        building rplan graph layers, up to layer [20];
        goal constraints;
        building exclusion constraints --> up to layer 20...

DECISION LAYER 20, WRITING ACTION-BASED ENCODING WITH 40943 VARS, 4980898 CLAUSES.
2 G clauses, 109117 A clauses, 4871779 E clauses.c CNF file planning task -p , -o /home/matheus/repo/acervo-2010/planejadores_analise_resultados/comp/mystery/domain.pddl, -f /home/matheus/repo/acervo-2010/planejadores_analise_resultados/comp/mystery/pfile16, bound 20, action based encoding
In building up solver: p cnf 40943 4980898
==================================[ MINISAT ]===================================
| Conflicts |     ORIGINAL     |              LEARNT              | Progress |
|           | Clauses Literals |   Limit Clauses Literals  Lit/Cl |          |
==============================================================================
|         0 | 4980898 14080641 | 1660299       0        0     0.0 |  0.000 % |
|       100 | 4980898 14080641 | 1826329     100     3159    31.6 |  0.000 % |
|       251 | 4980781 14080398 | 2008962     235    14948    63.6 |  6.196 % |
==============================================================================
Totoal time used by londex constraint checking is [B0.000000][L0.010000],apply counts 1579, apply_generated 0
restarts          :            3
conflicts         :          300           (     2500 / sec      )
decisions         :          518           (     4317 / sec      )
propagations      :       479295           (  3994125 / sec      )
inspects          :       712700           (  5939167 / sec      )
conflict literals :        15739           (     2.13 % deleted  )
CPU time          :         0.12 sec
UNSATISFIABLE

******  Solve with 21 layers Start******

creating action-based encoding:
        building rplan graph layers, up to layer [21];
        goal constraints;
        building exclusion constraints --> up to layer 21...

DECISION LAYER 21, WRITING ACTION-BASED ENCODING WITH 43426 VARS, 5296146 CLAUSES.
2 G clauses, 115770 A clauses, 5180374 E clauses.c CNF file planning task -p , -o /home/matheus/repo/acervo-2010/planejadores_analise_resultados/comp/mystery/domain.pddl, -f /home/matheus/repo/acervo-2010/planejadores_analise_resultados/comp/mystery/pfile16, bound 21, action based encoding
In building up solver: p cnf 43426 5296146
==================================[ MINISAT ]===================================
| Conflicts |     ORIGINAL     |              LEARNT              | Progress |
|           | Clauses Literals |   Limit Clauses Literals  Lit/Cl |          |
==============================================================================
|         0 | 5296146 14983429 | 1765382       0        0     0.0 |  0.000 % |
|       100 | 5296015 14983159 | 1941920      90     6105    67.8 |  1.769 % |
|       250 | 5296015 14983159 | 2136112     232    20805    89.7 | 12.145 % |
==============================================================================
Totoal time used by londex constraint checking is [B0.010000][L0.020000],apply counts 2338, apply_generated 0
restarts          :            3
conflicts         :          279           (     1641 / sec      )
decisions         :          443           (     2606 / sec      )
propagations      :       809345           (  4760853 / sec      )
inspects          :      1157642           (  6809659 / sec      )
conflict literals :        20910           (    10.18 % deleted  )
CPU time          :         0.17 sec
UNSATISFIABLE

******  Solve with 22 layers Start******

creating action-based encoding:
        building rplan graph layers, up to layer [22];
        goal constraints;
        building exclusion constraints --> up to layer 22...

DECISION LAYER 22, WRITING ACTION-BASED ENCODING WITH 45909 VARS, 5611394 CLAUSES.
2 G clauses, 122423 A clauses, 5488969 E clauses.c CNF file planning task -p , -o /home/matheus/repo/acervo-2010/planejadores_analise_resultados/comp/mystery/domain.pddl, -f /home/matheus/repo/acervo-2010/planejadores_analise_resultados/comp/mystery/pfile16, bound 22, action based encoding
In building up solver: p cnf 45909 5611394
==================================[ MINISAT ]===================================
| Conflicts |     ORIGINAL     |              LEARNT              | Progress |
|           | Clauses Literals |   Limit Clauses Literals  Lit/Cl |          |
==============================================================================
|         0 | 5611394 15886217 | 1870464       0        0     0.0 |  0.000 % |
|       100 | 5611242 15885902 | 2057510      93     6914    74.3 |  0.553 % |
|       250 | 5611242 15885902 | 2263261     241    30280   125.6 |  1.693 % |
==============================================================================
Totoal time used by londex constraint checking is [B0.030000][L0.010000],apply counts 2166, apply_generated 0
restarts          :            3
conflicts         :          270           (     1500 / sec      )
decisions         :          613           (     3406 / sec      )
propagations      :       734627           (  4081261 / sec      )
inspects          :      1033999           (  5744439 / sec      )
conflict literals :        30389           (     0.98 % deleted  )
CPU time          :         0.18 sec
UNSATISFIABLE

******  Solve with 23 layers Start******

creating action-based encoding:
        building rplan graph layers, up to layer [23];
        goal constraints;
        building exclusion constraints --> up to layer 23...

DECISION LAYER 23, WRITING ACTION-BASED ENCODING WITH 48392 VARS, 5926642 CLAUSES.
2 G clauses, 129076 A clauses, 5797564 E clauses.c CNF file planning task -p , -o /home/matheus/repo/acervo-2010/planejadores_analise_resultados/comp/mystery/domain.pddl, -f /home/matheus/repo/acervo-2010/planejadores_analise_resultados/comp/mystery/pfile16, bound 23, action based encoding
In building up solver: p cnf 48392 5926642
==================================[ MINISAT ]===================================
| Conflicts |     ORIGINAL     |              LEARNT              | Progress |
|           | Clauses Literals |   Limit Clauses Literals  Lit/Cl |          |
==============================================================================
|         0 | 5926642 16789005 | 1975547       0        0     0.0 |  0.000 % |
|       100 | 5926525 16788762 | 2173102      93    12036   129.4 |  1.945 % |
==============================================================================
Totoal time used by londex constraint checking is [B0.010000][L0.010000],apply counts 1717, apply_generated 0
restarts          :            2
conflicts         :          184           (     1227 / sec      )
decisions         :          414           (     2760 / sec      )
propagations      :       740595           (  4937300 / sec      )
inspects          :      1014538           (  6763587 / sec      )
conflict literals :        22269           (     0.70 % deleted  )
CPU time          :         0.15 sec
UNSATISFIABLE

******  Solve with 24 layers Start******

creating action-based encoding:
        building rplan graph layers, up to layer [24];
        goal constraints;
        building exclusion constraints --> up to layer 24...

DECISION LAYER 24, WRITING ACTION-BASED ENCODING WITH 50875 VARS, 6241890 CLAUSES.
2 G clauses, 135729 A clauses, 6106159 E clauses.c CNF file planning task -p , -o /home/matheus/repo/acervo-2010/planejadores_analise_resultados/comp/mystery/domain.pddl, -f /home/matheus/repo/acervo-2010/planejadores_analise_resultados/comp/mystery/pfile16, bound 24, action based encoding
In building up solver: p cnf 50875 6241890
==================================[ MINISAT ]===================================
| Conflicts |     ORIGINAL     |              LEARNT              | Progress |
|           | Clauses Literals |   Limit Clauses Literals  Lit/Cl |          |
==============================================================================
|         0 | 6241890 17691793 | 2080630       0        0     0.0 |  0.000 % |
|       100 | 6241799 17691602 | 2288693      90     3024    33.6 |  3.186 % |
|       250 | 6241799 17691602 | 2517562     240     7784    32.4 |  3.186 % |
|       475 | 6241799 17691602 | 2769319     464    16304    35.1 |  3.188 % |
|       812 | 6241799 17691602 | 3046250     799    40531    50.7 |  3.192 % |
==============================================================================
Totoal time used by londex constraint checking is [B0.020000][L0.030000],apply counts 3899, apply_generated 0
restarts          :            5
conflicts         :         1153           (     5241 / sec      )
decisions         :         1984           (     9018 / sec      )
propagations      :       810889           (  3685859 / sec      )
inspects          :      1356303           (  6165014 / sec      )
conflict literals :        69287           (     0.36 % deleted  )
CPU time          :         0.22 sec
UNSATISFIABLE

******  Solve with 25 layers Start******

creating action-based encoding:
        building rplan graph layers, up to layer [25];
        goal constraints;
        building exclusion constraints --> up to layer 25...

DECISION LAYER 25, WRITING ACTION-BASED ENCODING WITH 53358 VARS, 6557138 CLAUSES.
2 G clauses, 142382 A clauses, 6414754 E clauses.c CNF file planning task -p , -o /home/matheus/repo/acervo-2010/planejadores_analise_resultados/comp/mystery/domain.pddl, -f /home/matheus/repo/acervo-2010/planejadores_analise_resultados/comp/mystery/pfile16, bound 25, action based encoding
In building up solver: p cnf 53358 6557138
==================================[ MINISAT ]===================================
| Conflicts |     ORIGINAL     |              LEARNT              | Progress |
|           | Clauses Literals |   Limit Clauses Literals  Lit/Cl |          |
==============================================================================
|         0 | 6557138 18594581 | 2185712       0        0     0.0 |  0.000 % |
|       100 | 6557021 18594338 | 2404283      97    10795   111.3 |  1.430 % |
|       251 | 6557021 18594338 | 2644712     244    24236    99.3 |  1.437 % |
==============================================================================
Totoal time used by londex constraint checking is [B0.000000][L0.040000],apply counts 2891, apply_generated 0
restarts          :            3
conflicts         :          316           (     1580 / sec      )
decisions         :          667           (     3335 / sec      )
propagations      :       825144           (  4125720 / sec      )
inspects          :      1210658           (  6053290 / sec      )
conflict literals :        39782           (     1.88 % deleted  )
CPU time          :         0.20 sec
UNSATISFIABLE

******  Solve with 26 layers Start******

creating action-based encoding:
        building rplan graph layers, up to layer [26];
        goal constraints;
        building exclusion constraints --> up to layer 26...

DECISION LAYER 26, WRITING ACTION-BASED ENCODING WITH 55841 VARS, 6872386 CLAUSES.
2 G clauses, 149035 A clauses, 6723349 E clauses.c CNF file planning task -p , -o /home/matheus/repo/acervo-2010/planejadores_analise_resultados/comp/mystery/domain.pddl, -f /home/matheus/repo/acervo-2010/planejadores_analise_resultados/comp/mystery/pfile16, bound 26, action based encoding
In building up solver: p cnf 55841 6872386
==================================[ MINISAT ]===================================
| Conflicts |     ORIGINAL     |              LEARNT              | Progress |
|           | Clauses Literals |   Limit Clauses Literals  Lit/Cl |          |
==============================================================================
|         0 | 6872386 19497369 | 2290795       0        0     0.0 |  0.000 % |
|       101 | 6872234 19497054 | 2519874      89     4501    50.6 |  1.578 % |
|       251 | 6872234 19497054 | 2771862     234    15761    67.4 |  1.587 % |
==============================================================================
Totoal time used by londex constraint checking is [B0.040000][L0.010000],apply counts 3346, apply_generated 0
restarts          :            3
conflicts         :          394           (     1271 / sec      )
decisions         :          771           (     2487 / sec      )
propagations      :      1285298           (  4146123 / sec      )
inspects          :      1785439           (  5759481 / sec      )
conflict literals :        30132           (     9.53 % deleted  )
CPU time          :         0.31 sec
UNSATISFIABLE

******  Solve with 27 layers Start******

creating action-based encoding:
        building rplan graph layers, up to layer [27];
        goal constraints;
        building exclusion constraints --> up to layer 27...

DECISION LAYER 27, WRITING ACTION-BASED ENCODING WITH 58324 VARS, 7187634 CLAUSES.
2 G clauses, 155688 A clauses, 7031944 E clauses.c CNF file planning task -p , -o /home/matheus/repo/acervo-2010/planejadores_analise_resultados/comp/mystery/domain.pddl, -f /home/matheus/repo/acervo-2010/planejadores_analise_resultados/comp/mystery/pfile16, bound 27, action based encoding
In building up solver: p cnf 58324 7187634
==================================[ MINISAT ]===================================
| Conflicts |     ORIGINAL     |              LEARNT              | Progress |
|           | Clauses Literals |   Limit Clauses Literals  Lit/Cl |          |
==============================================================================
|         0 | 7187634 20400157 | 2395878       0        0     0.0 |  0.000 % |
|       100 | 7187517 20399914 | 2635466      98    13380   136.5 |  0.002 % |
|       250 | 7187517 20399914 | 2899012     246    20149    81.9 |  0.005 % |
==============================================================================
Totoal time used by londex constraint checking is [B0.030000][L0.040000],apply counts 4420, apply_generated 0
restarts          :            3
conflicts         :          339           (     1256 / sec      )
decisions         :         1412           (     5230 / sec      )
propagations      :       993332           (  3679007 / sec      )
inspects          :      1441831           (  5340115 / sec      )
conflict literals :        32753           (     2.24 % deleted  )
CPU time          :         0.27 sec
UNSATISFIABLE

******  Solve with 28 layers Start******

creating action-based encoding:
        building rplan graph layers, up to layer [28];
        goal constraints;
        building exclusion constraints --> up to layer 28...

DECISION LAYER 28, WRITING ACTION-BASED ENCODING WITH 60807 VARS, 7502882 CLAUSES.
2 G clauses, 162341 A clauses, 7340539 E clauses.c CNF file planning task -p , -o /home/matheus/repo/acervo-2010/planejadores_analise_resultados/comp/mystery/domain.pddl, -f /home/matheus/repo/acervo-2010/planejadores_analise_resultados/comp/mystery/pfile16, bound 28, action based encoding
In building up solver: p cnf 60807 7502882
==================================[ MINISAT ]===================================
| Conflicts |     ORIGINAL     |              LEARNT              | Progress |
|           | Clauses Literals |   Limit Clauses Literals  Lit/Cl |          |
==============================================================================
|         0 | 7502882 21302945 | 2500960       0        0     0.0 |  0.000 % |
|       100 | 7502730 21302630 | 2751056      95    12421   130.7 |  0.429 % |
|       250 | 7502730 21302630 | 3026162     245    16782    68.5 |  0.429 % |
|       475 | 7502730 21302630 | 3328778     470    20701    44.0 |  0.429 % |
|       812 | 7502730 21302630 | 3661656     800    27654    34.6 |  2.686 % |
|      1318 | 7502730 21302630 | 4027821    1302    59375    45.6 |  7.192 % |
|      2077 | 7502730 21302630 | 4430603    2061    88673    43.0 |  7.192 % |
==============================================================================
Totoal time used by londex constraint checking is [B0.060000][L0.090000],apply counts 10086, apply_generated 0
restarts          :            7
conflicts         :         2353           (     4440 / sec      )
decisions         :         4969           (     9375 / sec      )
propagations      :      1802885           (  3401670 / sec      )
inspects          :      3065649           (  5784243 / sec      )
conflict literals :       114446           (     3.27 % deleted  )
CPU time          :         0.53 sec
UNSATISFIABLE

******  Solve with 29 layers Start******

creating action-based encoding:
        building rplan graph layers, up to layer [29];
        goal constraints;
        building exclusion constraints --> up to layer 29...

DECISION LAYER 29, WRITING ACTION-BASED ENCODING WITH 63290 VARS, 7818130 CLAUSES.
2 G clauses, 168994 A clauses, 7649134 E clauses.c CNF file planning task -p , -o /home/matheus/repo/acervo-2010/planejadores_analise_resultados/comp/mystery/domain.pddl, -f /home/matheus/repo/acervo-2010/planejadores_analise_resultados/comp/mystery/pfile16, bound 29, action based encoding
In building up solver: p cnf 63290 7818130
==================================[ MINISAT ]===================================
| Conflicts |     ORIGINAL     |              LEARNT              | Progress |
|           | Clauses Literals |   Limit Clauses Literals  Lit/Cl |          |
==============================================================================
|         0 | 7818130 22205733 | 2606043       0        0     0.0 |  0.000 % |
|       100 | 7818013 22205490 | 2866647      96    23362   243.4 |  1.206 % |
|       250 | 7818013 22205490 | 3153312     246    28220   114.7 |  1.206 % |
|       475 | 7818013 22205490 | 3468643     471    35956    76.3 |  1.206 % |
|       812 | 7818013 22205490 | 3815508     808    44058    54.5 |  1.206 % |
|      1318 | 7818013 22205490 | 4197058    1310    80257    61.3 |  1.212 % |
|      2077 | 7818013 22205490 | 4616764    2059   148470    72.1 |  1.311 % |
|      3216 | 7818013 22205490 | 5078441    3198   183436    57.4 |  1.311 % |
==============================================================================
Totoal time used by londex constraint checking is [B0.160000][L0.130000],apply counts 16128, apply_generated 0
restarts          :            8
conflicts         :         3767           (     3805 / sec      )
decisions         :         7798           (     7877 / sec      )
propagations      :      2572998           (  2598988 / sec      )
inspects          :      5492172           (  5547648 / sec      )
conflict literals :       284992           (     2.55 % deleted  )
CPU time          :         0.99 sec
UNSATISFIABLE

******  Solve with 30 layers Start******

creating action-based encoding:
        building rplan graph layers, up to layer [30];
        goal constraints;
        building exclusion constraints --> up to layer 30...

DECISION LAYER 30, WRITING ACTION-BASED ENCODING WITH 65773 VARS, 8133378 CLAUSES.
2 G clauses, 175647 A clauses, 7957729 E clauses.c CNF file planning task -p , -o /home/matheus/repo/acervo-2010/planejadores_analise_resultados/comp/mystery/domain.pddl, -f /home/matheus/repo/acervo-2010/planejadores_analise_resultados/comp/mystery/pfile16, bound 30, action based encoding
In building up solver: p cnf 65773 8133378
==================================[ MINISAT ]===================================
| Conflicts |     ORIGINAL     |              LEARNT              | Progress |
|           | Clauses Literals |   Limit Clauses Literals  Lit/Cl |          |
==============================================================================
|         0 | 8133378 23108521 | 2711126       0        0     0.0 |  0.000 % |
|       100 | 8133261 23108278 | 2982239      93     3351    36.0 |  1.431 % |
|       250 | 8133261 23108278 | 3280462     243     7927    32.6 |  1.431 % |
|       475 | 8133261 23108278 | 3608509     462    21506    46.5 |  2.407 % |
|       812 | 8133261 23108278 | 3969360     795    64343    80.9 |  2.516 % |
==============================================================================
Totoal time used by londex constraint checking is [B0.080000][L0.050000],apply counts 7392, apply_generated 0
restarts          :            5
conflicts         :          917           (     1951 / sec      )
decisions         :         2255           (     4798 / sec      )
propagations      :      1791040           (  3810723 / sec      )
inspects          :      2591032           (  5512834 / sec      )
conflict literals :        78395           (     8.68 % deleted  )
CPU time          :         0.47 sec
UNSATISFIABLE

******  Solve with 31 layers Start******

creating action-based encoding:
        building rplan graph layers, up to layer [31];
        goal constraints;
        building exclusion constraints --> up to layer 31...

DECISION LAYER 31, WRITING ACTION-BASED ENCODING WITH 68256 VARS, 8448626 CLAUSES.
2 G clauses, 182300 A clauses, 8266324 E clauses.c CNF file planning task -p , -o /home/matheus/repo/acervo-2010/planejadores_analise_resultados/comp/mystery/domain.pddl, -f /home/matheus/repo/acervo-2010/planejadores_analise_resultados/comp/mystery/pfile16, bound 31, action based encoding
In building up solver: p cnf 68256 8448626
==================================[ MINISAT ]===================================
| Conflicts |     ORIGINAL     |              LEARNT              | Progress |
|           | Clauses Literals |   Limit Clauses Literals  Lit/Cl |          |
==============================================================================
|         0 | 8448626 24011309 | 2816208       0        0     0.0 |  0.000 % |
|       102 | 8448509 24011066 | 3097829      95     8784    92.5 |  1.377 % |
|       252 | 8448509 24011066 | 3407612     244    40440   165.7 |  1.379 % |
|       477 | 8448509 24011066 | 3748373     460    75708   164.6 |  8.468 % |
==============================================================================
Totoal time used by londex constraint checking is [B0.010000][L0.050000],apply counts 5579, apply_generated 0
restarts          :            4
conflicts         :          480           (     1116 / sec      )
decisions         :         1271           (     2956 / sec      )
propagations      :      1937756           (  4506409 / sec      )
inspects          :      2686322           (  6247260 / sec      )
conflict literals :        75728           (    12.28 % deleted  )
CPU time          :         0.43 sec
UNSATISFIABLE

******  Solve with 32 layers Start******

creating action-based encoding:
        building rplan graph layers, up to layer [32];
        goal constraints;
        building exclusion constraints --> up to layer 32...

DECISION LAYER 32, WRITING ACTION-BASED ENCODING WITH 70739 VARS, 8763874 CLAUSES.
2 G clauses, 188953 A clauses, 8574919 E clauses.c CNF file planning task -p , -o /home/matheus/repo/acervo-2010/planejadores_analise_resultados/comp/mystery/domain.pddl, -f /home/matheus/repo/acervo-2010/planejadores_analise_resultados/comp/mystery/pfile16, bound 32, action based encoding
In building up solver: p cnf 70739 8763874
==================================[ MINISAT ]===================================
| Conflicts |     ORIGINAL     |              LEARNT              | Progress |
|           | Clauses Literals |   Limit Clauses Literals  Lit/Cl |          |
==============================================================================
|         0 | 8763874 24914097 | 2921291       0        0     0.0 |  0.000 % |
|       100 | 8763627 24913532 | 3213420      94     2076    22.1 |  0.334 % |
|       250 | 8763627 24913532 | 3534762     244     8157    33.4 |  0.334 % |
|       476 | 8763627 24913532 | 3888238     464    16225    35.0 |  1.329 % |
|       813 | 8763627 24913532 | 4277062     801    26141    32.6 |  1.329 % |
|      1319 | 8763627 24913532 | 4704768    1307    44002    33.7 |  1.329 % |
|      2078 | 8763627 24913532 | 5175245    2066    89562    43.4 |  1.329 % |
|      3217 | 8763627 24913532 | 5692770    3204   159836    49.9 |  1.330 % |
|      4925 | 8763627 24913532 | 6262047    4911   245600    50.0 |  1.332 % |
==============================================================================
Totoal time used by londex constraint checking is [B0.120000][L0.150000],apply counts 17064, apply_generated 0
restarts          :            9
conflicts         :         5925           (     6237 / sec      )
decisions         :        11059           (    11641 / sec      )
propagations      :      2554867           (  2689334 / sec      )
inspects          :      5831563           (  6138487 / sec      )
conflict literals :       357050           (     3.44 % deleted  )
CPU time          :         0.95 sec
UNSATISFIABLE

******  Solve with 33 layers Start******

creating action-based encoding:
        building rplan graph layers, up to layer [33];
        goal constraints;
        building exclusion constraints --> up to layer 33...

DECISION LAYER 33, WRITING ACTION-BASED ENCODING WITH 73222 VARS, 9079122 CLAUSES.
2 G clauses, 195606 A clauses, 8883514 E clauses.c CNF file planning task -p , -o /home/matheus/repo/acervo-2010/planejadores_analise_resultados/comp/mystery/domain.pddl, -f /home/matheus/repo/acervo-2010/planejadores_analise_resultados/comp/mystery/pfile16, bound 33, action based encoding
In building up solver: p cnf 73222 9079122
==================================[ MINISAT ]===================================
| Conflicts |     ORIGINAL     |              LEARNT              | Progress |
|           | Clauses Literals |   Limit Clauses Literals  Lit/Cl |          |
==============================================================================
|         0 | 9079122 25816885 | 3026374       0        0     0.0 |  0.000 % |
|       100 | 9079005 25816642 | 3329011      93     5065    54.5 |  1.284 % |
|       250 | 9079005 25816642 | 3661913     243    10233    42.1 |  1.284 % |
|       475 | 9079005 25816642 | 4028104     468    15305    32.7 |  1.284 % |
|       812 | 9079005 25816642 | 4430914     805    28269    35.1 |  1.284 % |
|      1318 | 9079005 25816642 | 4874006    1311    41808    31.9 |  1.284 % |
|      2077 | 9079005 25816642 | 5361406    2063   108994    52.8 |  3.678 % |
==============================================================================
Totoal time used by londex constraint checking is [B0.060000][L0.060000],apply counts 11078, apply_generated 0
restarts          :            7
conflicts         :         2516           (     4264 / sec      )
decisions         :         4460           (     7559 / sec      )
propagations      :      2160294           (  3661515 / sec      )
inspects          :      3288214           (  5573244 / sec      )
conflict literals :       135472           (     3.25 % deleted  )
CPU time          :         0.59 sec
UNSATISFIABLE

******  Solve with 34 layers Start******

creating action-based encoding:
        building rplan graph layers, up to layer [34];
        goal constraints;
        building exclusion constraints --> up to layer 34...

DECISION LAYER 34, WRITING ACTION-BASED ENCODING WITH 75705 VARS, 9394370 CLAUSES.
2 G clauses, 202259 A clauses, 9192109 E clauses.c CNF file planning task -p , -o /home/matheus/repo/acervo-2010/planejadores_analise_resultados/comp/mystery/domain.pddl, -f /home/matheus/repo/acervo-2010/planejadores_analise_resultados/comp/mystery/pfile16, bound 34, action based encoding
In building up solver: p cnf 75705 9394370
==================================[ MINISAT ]===================================
| Conflicts |     ORIGINAL     |              LEARNT              | Progress |
|           | Clauses Literals |   Limit Clauses Literals  Lit/Cl |          |
==============================================================================
|         0 | 9394370 26719673 | 3131456       0        0     0.0 |  0.000 % |
|       100 | 9394253 26719430 | 3444602      93     1920    20.6 |  1.242 % |
|       251 | 9394253 26719430 | 3789062     244     6845    28.1 |  1.242 % |
|       476 | 9394253 26719430 | 4167968     469    15366    32.8 |  1.242 % |
|       813 | 9394253 26719430 | 4584765     806    30098    37.3 |  1.242 % |
|      1319 | 9394253 26719430 | 5043241    1312    55577    42.4 |  1.242 % |
|      2078 | 9394253 26719430 | 5547565    2070    82863    40.0 |  1.243 % |
|      3217 | 9394253 26719430 | 6102322    3196   180723    56.5 |  1.382 % |
|      4925 | 9394253 26719430 | 6712554    4888   428846    87.7 |  6.276 % |
==============================================================================
Totoal time used by londex constraint checking is [B0.210000][L0.170000],apply counts 20575, apply_generated 0
restarts          :            9
conflicts         :         5203           (     4129 / sec      )
decisions         :         9613           (     7629 / sec      )
propagations      :      3681637           (  2921934 / sec      )
inspects          :      8021449           (  6366229 / sec      )
conflict literals :       467141           (     1.96 % deleted  )
CPU time          :         1.26 sec
UNSATISFIABLE

******  Solve with 35 layers Start******

creating action-based encoding:
        building rplan graph layers, up to layer [35];
        goal constraints;
        building exclusion constraints --> up to layer 35...

DECISION LAYER 35, WRITING ACTION-BASED ENCODING WITH 78188 VARS, 9709618 CLAUSES.
2 G clauses, 208912 A clauses, 9500704 E clauses.c CNF file planning task -p , -o /home/matheus/repo/acervo-2010/planejadores_analise_resultados/comp/mystery/domain.pddl, -f /home/matheus/repo/acervo-2010/planejadores_analise_resultados/comp/mystery/pfile16, bound 35, action based encoding
In building up solver: p cnf 78188 9709618
==================================[ MINISAT ]===================================
| Conflicts |     ORIGINAL     |              LEARNT              | Progress |
|           | Clauses Literals |   Limit Clauses Literals  Lit/Cl |          |
==============================================================================
|         0 | 9709618 27622461 | 3236539       0        0     0.0 |  0.000 % |
|       100 | 9709501 27622218 | 3560193      95     2248    23.7 |  1.204 % |
|       250 | 9709501 27622218 | 3916212     245     7010    28.6 |  1.204 % |
|       475 | 9709501 27622218 | 4307833     470    20029    42.6 |  1.204 % |
|       812 | 9709501 27622218 | 4738617     807    28505    35.3 |  1.204 % |
|      1318 | 9709501 27622218 | 5212478    1313    57375    43.7 |  1.204 % |
|      2077 | 9709501 27622218 | 5733726    2072    82760    39.9 |  1.204 % |
|      3216 | 9709501 27622218 | 6307099    3207   125957    39.3 |  2.206 % |
|      4924 | 9709501 27622218 | 6937809    4901   207408    42.3 |  5.193 % |
|      7486 | 9709501 27622218 | 7631590    7463   408762    54.8 |  5.193 % |
|     11330 | 9709501 27622218 | 8394749   11305  1825346   161.5 |  5.195 % |
==============================================================================
Totoal time used by londex constraint checking is [B0.640000][L0.740000],apply counts 74848, apply_generated 0
restarts          :           11
conflicts         :        13670           (     2584 / sec      )
decisions         :        23068           (     4361 / sec      )
propagations      :     15612513           (  2951326 / sec      )
inspects          :     35239641           (  6661558 / sec      )
conflict literals :      2536324           (     3.96 % deleted  )
CPU time          :         5.29 sec
UNSATISFIABLE

******  Solve with 36 layers Start******

creating action-based encoding:
        building rplan graph layers, up to layer [36];
        goal constraints;
        building exclusion constraints --> up to layer 36...

DECISION LAYER 36, WRITING ACTION-BASED ENCODING WITH 80671 VARS, 10024866 CLAUSES.
2 G clauses, 215565 A clauses, 9809299 E clauses.c CNF file planning task -p , -o /home/matheus/repo/acervo-2010/planejadores_analise_resultados/comp/mystery/domain.pddl, -f /home/matheus/repo/acervo-2010/planejadores_analise_resultados/comp/mystery/pfile16, bound 36, action based encoding
In building up solver: p cnf 80671 10024866
==================================[ MINISAT ]===================================
| Conflicts |     ORIGINAL     |              LEARNT              | Progress |
|           | Clauses Literals |   Limit Clauses Literals  Lit/Cl |          |
==============================================================================
|         0 | 10024866 28525249 | 3341622       0        0     0.0 |  0.000 % |
|       100 | 10024749 28525006 | 3675784      95     3908    41.1 |  1.166 % |
|       250 | 10024749 28525006 | 4043363     245     9023    36.8 |  1.166 % |
|       475 | 10024749 28525006 | 4447699     470    15748    33.5 |  1.166 % |
|       812 | 10024749 28525006 | 4892469     806    38905    48.3 |  1.168 % |
==============================================================================
Totoal time used by londex constraint checking is [B0.070000][L0.040000],apply counts 8172, apply_generated 0
restarts          :            5
conflicts         :         1182           (     1970 / sec      )
decisions         :         2613           (     4355 / sec      )
propagations      :      2050350           (  3417250 / sec      )
inspects          :      3104098           (  5173497 / sec      )
conflict literals :        93363           (     2.64 % deleted  )
CPU time          :         0.60 sec
UNSATISFIABLE

******  Solve with 37 layers Start******

creating action-based encoding:
        building rplan graph layers, up to layer [37];
        goal constraints;
        building exclusion constraints --> up to layer 37...

DECISION LAYER 37, WRITING ACTION-BASED ENCODING WITH 83154 VARS, 10340114 CLAUSES.
2 G clauses, 222218 A clauses, 10117894 E clauses.c CNF file planning task -p , -o /home/matheus/repo/acervo-2010/planejadores_analise_resultados/comp/mystery/domain.pddl, -f /home/matheus/repo/acervo-2010/planejadores_analise_resultados/comp/mystery/pfile16, bound 37, action based encoding
In building up solver: p cnf 83154 10340114
==================================[ MINISAT ]===================================
| Conflicts |     ORIGINAL     |              LEARNT              | Progress |
|           | Clauses Literals |   Limit Clauses Literals  Lit/Cl |          |
==============================================================================
|         0 | 10340114 29428037 | 3446704       0        0     0.0 |  0.000 % |
|       100 | 10339997 29427794 | 3791374      93     4400    47.3 |  1.028 % |
|       250 | 10339997 29427794 | 4170512     243     8070    33.2 |  1.028 % |
|       475 | 10339997 29427794 | 4587563     460    20131    43.8 |  1.934 % |
|       812 | 10339997 29427794 | 5046319     791    38553    48.7 |  3.454 % |
|      1318 | 10339997 29427794 | 5550951    1297    80598    62.1 |  3.454 % |
|      2077 | 10339997 29427794 | 6106046    2052   115218    56.1 |  4.224 % |
==============================================================================
Totoal time used by londex constraint checking is [B0.090000][L0.100000],apply counts 14462, apply_generated 0
restarts          :            7
conflicts         :         2326           (     2674 / sec      )
decisions         :         4384           (     5039 / sec      )
propagations      :      3849090           (  4424241 / sec      )
inspects          :      5596007           (  6432192 / sec      )
conflict literals :       165482           (     8.54 % deleted  )
CPU time          :         0.87 sec
UNSATISFIABLE

******  Solve with 38 layers Start******

creating action-based encoding:
        building rplan graph layers, up to layer [38];
        goal constraints;
        building exclusion constraints --> up to layer 38...

DECISION LAYER 38, WRITING ACTION-BASED ENCODING WITH 85637 VARS, 10655362 CLAUSES.
2 G clauses, 228871 A clauses, 10426489 E clauses.c CNF file planning task -p , -o /home/matheus/repo/acervo-2010/planejadores_analise_resultados/comp/mystery/domain.pddl, -f /home/matheus/repo/acervo-2010/planejadores_analise_resultados/comp/mystery/pfile16, bound 38, action based encoding
In building up solver: p cnf 85637 10655362
==================================[ MINISAT ]===================================
| Conflicts |     ORIGINAL     |              LEARNT              | Progress |
|           | Clauses Literals |   Limit Clauses Literals  Lit/Cl |          |
==============================================================================
|         0 | 10655362 30330825 | 3551787       0        0     0.0 |  0.000 % |
|       100 | 10655245 30330582 | 3906966      95     4122    43.4 |  1.099 % |
|       250 | 10655245 30330582 | 4297662     245    15125    61.7 |  1.099 % |
|       476 | 10655245 30330582 | 4727428     463    29355    63.4 |  3.347 % |
|       813 | 10655245 30330582 | 5200171     799    38649    48.4 |  3.348 % |
|      1319 | 10655245 30330582 | 5720188    1305    51328    39.3 |  3.348 % |
|      2078 | 10655245 30330582 | 6292207    2061    79315    38.5 |  4.094 % |
==============================================================================
Totoal time used by londex constraint checking is [B0.050000][L0.120000],apply counts 12607, apply_generated 0
restarts          :            7
conflicts         :         2383           (     3016 / sec      )
decisions         :         4720           (     5975 / sec      )
propagations      :      2973780           (  3764278 / sec      )
inspects          :      4511491           (  5710748 / sec      )
conflict literals :       135249           (     3.29 % deleted  )
CPU time          :         0.79 sec
UNSATISFIABLE

******  Solve with 39 layers Start******

creating action-based encoding:
        building rplan graph layers, up to layer [39];
        goal constraints;
        building exclusion constraints --> up to layer 39...

DECISION LAYER 39, WRITING ACTION-BASED ENCODING WITH 88120 VARS, 10970610 CLAUSES.
2 G clauses, 235524 A clauses, 10735084 E clauses.c CNF file planning task -p , -o /home/matheus/repo/acervo-2010/planejadores_analise_resultados/comp/mystery/domain.pddl, -f /home/matheus/repo/acervo-2010/planejadores_analise_resultados/comp/mystery/pfile16, bound 39, action based encoding
In building up solver: p cnf 88120 10970610
==================================[ MINISAT ]===================================
| Conflicts |     ORIGINAL     |              LEARNT              | Progress |
|           | Clauses Literals |   Limit Clauses Literals  Lit/Cl |          |
==============================================================================
|         0 | 10970610 31233613 | 3656870       0        0     0.0 |  0.000 % |
|       100 | 10970493 31233370 | 4022557      95     4730    49.8 |  0.968 % |
|       250 | 10970493 31233370 | 4424813     245     8924    36.4 |  0.968 % |
|       475 | 10970493 31233370 | 4867294     467    11404    24.4 |  0.971 % |
|       812 | 10970493 31233370 | 5354023     801    44439    55.5 |  0.975 % |
==============================================================================
Totoal time used by londex constraint checking is [B0.040000][L0.030000],apply counts 7134, apply_generated 0
restarts          :            5
conflicts         :          931           (     1825 / sec      )
decisions         :         2281           (     4473 / sec      )
propagations      :      2338135           (  4584578 / sec      )
inspects          :      3260033           (  6392222 / sec      )
conflict literals :        56395           (     7.45 % deleted  )
CPU time          :         0.51 sec
UNSATISFIABLE

******  Solve with 40 layers Start******

creating action-based encoding:
        building rplan graph layers, up to layer [40];
        goal constraints;
        building exclusion constraints --> up to layer 40...

DECISION LAYER 40, WRITING ACTION-BASED ENCODING WITH 90603 VARS, 11285858 CLAUSES.
2 G clauses, 242177 A clauses, 11043679 E clauses.c CNF file planning task -p , -o /home/matheus/repo/acervo-2010/planejadores_analise_resultados/comp/mystery/domain.pddl, -f /home/matheus/repo/acervo-2010/planejadores_analise_resultados/comp/mystery/pfile16, bound 40, action based encoding
In building up solver: p cnf 90603 11285858
==================================[ MINISAT ]===================================
| Conflicts |     ORIGINAL     |              LEARNT              | Progress |
|           | Clauses Literals |   Limit Clauses Literals  Lit/Cl |          |
==============================================================================
|         0 | 11285858 32136401 | 3761952       0        0     0.0 |  0.000 % |
|       100 | 11285741 32136158 | 4138147      95     2865    30.2 |  1.039 % |
|       253 | 11285741 32136158 | 4551962     248     5077    20.5 |  1.039 % |
|       478 | 11285741 32136158 | 5007158     472    22163    47.0 |  1.040 % |
|       815 | 11285741 32136158 | 5507874     808    85386   105.7 |  1.041 % |
|      1321 | 11285741 32136158 | 6058661    1309   104064    79.5 |  2.709 % |
|      2080 | 11285741 32136158 | 6664527    2068   141332    68.3 |  2.709 % |
|      3219 | 11285741 32136158 | 7330980    3207   178590    55.7 |  2.709 % |
==============================================================================
Totoal time used by londex constraint checking is [B0.150000][L0.100000],apply counts 18867, apply_generated 0
restarts          :            8
conflicts         :         4442           (     2243 / sec      )
decisions         :         7543           (     3810 / sec      )
propagations      :      4944589           (  2497267 / sec      )
inspects          :      7465938           (  3770676 / sec      )
conflict literals :       260879           (     8.38 % deleted  )
CPU time          :         1.98 sec
UNSATISFIABLE

******  Solve with 41 layers Start******

creating action-based encoding:
        building rplan graph layers, up to layer [41];
        goal constraints;
        building exclusion constraints --> up to layer 41...

DECISION LAYER 41, WRITING ACTION-BASED ENCODING WITH 93086 VARS, 11601106 CLAUSES.
2 G clauses, 248830 A clauses, 11352274 E clauses.c CNF file planning task -p , -o /home/matheus/repo/acervo-2010/planejadores_analise_resultados/comp/mystery/domain.pddl, -f /home/matheus/repo/acervo-2010/planejadores_analise_resultados/comp/mystery/pfile16, bound 41, action based encoding
In building up solver: p cnf 93086 11601106
==================================[ MINISAT ]===================================
| Conflicts |     ORIGINAL     |              LEARNT              | Progress |
|           | Clauses Literals |   Limit Clauses Literals  Lit/Cl |          |
==============================================================================
|         0 | 11601106 33039189 | 3867035       0        0     0.0 |  0.000 % |
|       101 | 11600989 33038946 | 4253738      96     1333    13.9 |  0.916 % |
|       251 | 11600989 33038946 | 4679112     232    17138    73.9 |  6.745 % |
|       476 | 11600989 33038946 | 5147024     454    43853    96.6 |  7.679 % |
==============================================================================
Totoal time used by londex constraint checking is [B0.070000][L0.080000],apply counts 8187, apply_generated 0
restarts          :            4
conflicts         :          709           (     1222 / sec      )
decisions         :         1883           (     3247 / sec      )
propagations      :      2738744           (  4721972 / sec      )
inspects          :      3749678           (  6464962 / sec      )
conflict literals :        67846           (     5.51 % deleted  )
CPU time          :         0.58 sec
UNSATISFIABLE

******  Solve with 42 layers Start******

creating action-based encoding:
        building rplan graph layers, up to layer [42];
        goal constraints;
        building exclusion constraints --> up to layer 42...

DECISION LAYER 42, WRITING ACTION-BASED ENCODING WITH 95569 VARS, 11916354 CLAUSES.
2 G clauses, 255483 A clauses, 11660869 E clauses.c CNF file planning task -p , -o /home/matheus/repo/acervo-2010/planejadores_analise_resultados/comp/mystery/domain.pddl, -f /home/matheus/repo/acervo-2010/planejadores_analise_resultados/comp/mystery/pfile16, bound 42, action based encoding
In building up solver: p cnf 95569 11916354
==================================[ MINISAT ]===================================
| Conflicts |     ORIGINAL     |              LEARNT              | Progress |
|           | Clauses Literals |   Limit Clauses Literals  Lit/Cl |          |
==============================================================================
|         0 | 11916354 33941977 | 3972118       0        0     0.0 |  0.000 % |
|       100 | 11916354 33941977 | 4369330     100    23037   230.4 |  0.000 % |
|       251 | 11916354 33941977 | 4806263     251    29621   118.0 |  0.000 % |
|       477 | 11916303 33941874 | 5286889     472    48006   101.7 |  0.799 % |
|       815 | 11916303 33941874 | 5815578     810   123626   152.6 |  0.799 % |
==============================================================================
Totoal time used by londex constraint checking is [B0.080000][L0.130000],apply counts 11599, apply_generated 0
restarts          :            5
conflicts         :          948           (     1030 / sec      )
decisions         :         2630           (     2859 / sec      )
propagations      :      3026529           (  3289705 / sec      )
inspects          :      4305729           (  4680140 / sec      )
conflict literals :       162380           (     6.90 % deleted  )
CPU time          :         0.92 sec
UNSATISFIABLE

******  Solve with 43 layers Start******

creating action-based encoding:
        building rplan graph layers, up to layer [43];
        goal constraints;
        building exclusion constraints --> up to layer 43...

DECISION LAYER 43, WRITING ACTION-BASED ENCODING WITH 98052 VARS, 12231602 CLAUSES.
2 G clauses, 262136 A clauses, 11969464 E clauses.c CNF file planning task -p , -o /home/matheus/repo/acervo-2010/planejadores_analise_resultados/comp/mystery/domain.pddl, -f /home/matheus/repo/acervo-2010/planejadores_analise_resultados/comp/mystery/pfile16, bound 43, action based encoding
In building up solver: p cnf 98052 12231602
==================================[ MINISAT ]===================================
| Conflicts |     ORIGINAL     |              LEARNT              | Progress |
|           | Clauses Literals |   Limit Clauses Literals  Lit/Cl |          |
==============================================================================
|         0 | 12231602 34844765 | 4077200       0        0     0.0 |  0.000 % |
|       100 | 12231485 34844522 | 4484920      95     2714    28.6 |  0.960 % |
|       250 | 12231485 34844522 | 4933412     245     6231    25.4 |  0.960 % |
|       475 | 12231485 34844522 | 5426753     470    16010    34.1 |  0.960 % |
|       812 | 12231485 34844522 | 5969429     807    24982    31.0 |  0.960 % |
|      1318 | 12231485 34844522 | 6566371    1313    39743    30.3 |  0.960 % |
|      2077 | 12231485 34844522 | 7223009    2072    54361    26.2 |  0.960 % |
|      3217 | 12231485 34844522 | 7945309    3205    91113    28.4 |  1.940 % |
|      4925 | 12231485 34844522 | 8739840    4910   142285    29.0 |  3.574 % |
|      7487 | 12231485 34844522 | 9613824    7468   314459    42.1 |  3.599 % |
|     11331 | 12231485 34844522 | 10575207   11308   566328    50.1 |  5.422 % |
==============================================================================
Totoal time used by londex constraint checking is [B0.440000][L0.330000],apply counts 49012, apply_generated 0
restarts          :           11
conflicts         :        12556           (     5531 / sec      )
decisions         :        24632           (    10851 / sec      )
propagations      :      5896180           (  2597436 / sec      )
inspects          :     12385693           (  5456252 / sec      )
conflict literals :       653276           (     3.85 % deleted  )
CPU time          :         2.27 sec
UNSATISFIABLE

******  Solve with 44 layers Start******

creating action-based encoding:
        building rplan graph layers, up to layer [44];
        goal constraints;
        building exclusion constraints --> up to layer 44...

DECISION LAYER 44, WRITING ACTION-BASED ENCODING WITH 100535 VARS, 12546850 CLAUSES.
2 G clauses, 268789 A clauses, 12278059 E clauses.c CNF file planning task -p , -o /home/matheus/repo/acervo-2010/planejadores_analise_resultados/comp/mystery/domain.pddl, -f /home/matheus/repo/acervo-2010/planejadores_analise_resultados/comp/mystery/pfile16, bound 44, action based encoding
In building up solver: p cnf 100535 12546850
==================================[ MINISAT ]===================================
| Conflicts |     ORIGINAL     |              LEARNT              | Progress |
|           | Clauses Literals |   Limit Clauses Literals  Lit/Cl |          |
==============================================================================
|         0 | 12546850 35747553 | 4182283       0        0     0.0 |  0.000 % |
|       100 | 12546733 35747310 | 4600511      95     4644    48.9 |  0.936 % |
|       251 | 12546733 35747310 | 5060562     246    10334    42.0 |  0.936 % |
|       476 | 12546733 35747310 | 5566619     469    16356    34.9 |  0.938 % |
|       813 | 12546733 35747310 | 6123281     803    39290    48.9 |  0.941 % |
|      1319 | 12546733 35747310 | 6735609    1302    81954    62.9 |  0.948 % |
==============================================================================
Totoal time used by londex constraint checking is [B0.100000][L0.150000],apply counts 14720, apply_generated 0
restarts          :            6
conflicts         :         1861           (     1825 / sec      )
decisions         :         3962           (     3884 / sec      )
propagations      :      4350372           (  4265071 / sec      )
inspects          :      6159335           (  6038564 / sec      )
conflict literals :       109257           (    23.66 % deleted  )
CPU time          :         1.02 sec
UNSATISFIABLE

******  Solve with 45 layers Start******

creating action-based encoding:
        building rplan graph layers, up to layer [45];
        goal constraints;
        building exclusion constraints --> up to layer 45...

DECISION LAYER 45, WRITING ACTION-BASED ENCODING WITH 103018 VARS, 12862098 CLAUSES.
2 G clauses, 275442 A clauses, 12586654 E clauses.c CNF file planning task -p , -o /home/matheus/repo/acervo-2010/planejadores_analise_resultados/comp/mystery/domain.pddl, -f /home/matheus/repo/acervo-2010/planejadores_analise_resultados/comp/mystery/pfile16, bound 45, action based encoding
In building up solver: p cnf 103018 12862098
==================================[ MINISAT ]===================================
| Conflicts |     ORIGINAL     |              LEARNT              | Progress |
|           | Clauses Literals |   Limit Clauses Literals  Lit/Cl |          |
==============================================================================
|         0 | 12862098 36650341 | 4287366       0        0     0.0 |  0.000 % |
|       100 | 12861981 36650098 | 4716103      95     6432    67.7 |  0.828 % |
|       250 | 12861981 36650098 | 5187713     245     8377    34.2 |  0.828 % |
|       475 | 12861981 36650098 | 5706484     470    11575    24.6 |  0.828 % |
|       812 | 12861981 36650098 | 6277133     798    20303    25.4 |  2.396 % |
|      1318 | 12861981 36650098 | 6904846    1304    40024    30.7 |  2.396 % |
|      2077 | 12861981 36650098 | 7595330    2063    69912    33.9 |  2.396 % |
|      3216 | 12861981 36650098 | 8354863    3202   126566    39.5 |  2.396 % |
|      4924 | 12861981 36650098 | 9190350    4906   214994    43.8 |  4.478 % |
|      7488 | 12861981 36650098 | 10109385    7469   334820    44.8 |  4.479 % |
|     11332 | 12861981 36650098 | 11120323   11287   829643    73.5 |  4.590 % |
==============================================================================
Totoal time used by londex constraint checking is [B0.490000][L0.420000],apply counts 55430, apply_generated 0
restarts          :           11
conflicts         :        14097           (     4592 / sec      )
decisions         :        25318           (     8247 / sec      )
propagations      :     10006055           (  3259301 / sec      )
inspects          :     19967729           (  6504146 / sec      )
conflict literals :       995896           (     3.11 % deleted  )
CPU time          :         3.07 sec
UNSATISFIABLE

******  Solve with 46 layers Start******

creating action-based encoding:
        building rplan graph layers, up to layer [46];
        goal constraints;
        building exclusion constraints --> up to layer 46...

DECISION LAYER 46, WRITING ACTION-BASED ENCODING WITH 105501 VARS, 13177346 CLAUSES.
2 G clauses, 282095 A clauses, 12895249 E clauses.c CNF file planning task -p , -o /home/matheus/repo/acervo-2010/planejadores_analise_resultados/comp/mystery/domain.pddl, -f /home/matheus/repo/acervo-2010/planejadores_analise_resultados/comp/mystery/pfile16, bound 46, action based encoding
In building up solver: p cnf 105501 13177346
==================================[ MINISAT ]===================================
| Conflicts |     ORIGINAL     |              LEARNT              | Progress |
|           | Clauses Literals |   Limit Clauses Literals  Lit/Cl |          |
==============================================================================
|         0 | 13177346 37553129 | 4392448       0        0     0.0 |  0.000 % |
|       100 | 13177346 37553129 | 4831693     100     5719    57.2 |  0.000 % |
|       250 | 13177150 37552652 | 5314862     226     9127    40.4 |  0.001 % |
|       475 | 13177150 37552652 | 5846348     451    17325    38.4 |  0.001 % |
|       812 | 13177150 37552652 | 6430983     788    34205    43.4 |  0.001 % |
|      1318 | 13177150 37552652 | 7074081    1290    53405    41.4 |  0.728 % |
|      2077 | 13177150 37552652 | 7781490    2045   106997    52.3 |  0.745 % |
|      3216 | 13177150 37552652 | 8559639    3179   204627    64.4 |  0.900 % |
|      4924 | 13177150 37552652 | 9415602    4887   292138    59.8 |  0.900 % |
==============================================================================
Totoal time used by londex constraint checking is [B0.330000][L0.290000],apply counts 36600, apply_generated 0
restarts          :            9
conflicts         :         7004           (     2813 / sec      )
decisions         :        13168           (     5288 / sec      )
propagations      :      8586789           (  3448510 / sec      )
inspects          :     13919350           (  5590100 / sec      )
conflict literals :       514760           (     8.05 % deleted  )
CPU time          :         2.49 sec
UNSATISFIABLE

******  Solve with 47 layers Start******

creating action-based encoding:
        building rplan graph layers, up to layer [47];
        goal constraints;
        building exclusion constraints --> up to layer 47...

DECISION LAYER 47, WRITING ACTION-BASED ENCODING WITH 107984 VARS, 13492594 CLAUSES.
2 G clauses, 288748 A clauses, 13203844 E clauses.c CNF file planning task -p , -o /home/matheus/repo/acervo-2010/planejadores_analise_resultados/comp/mystery/domain.pddl, -f /home/matheus/repo/acervo-2010/planejadores_analise_resultados/comp/mystery/pfile16, bound 47, action based encoding
In building up solver: p cnf 107984 13492594
==================================[ MINISAT ]===================================
| Conflicts |     ORIGINAL     |              LEARNT              | Progress |
|           | Clauses Literals |   Limit Clauses Literals  Lit/Cl |          |
==============================================================================
|         0 | 13492594 38455917 | 4497531       0        0     0.0 |  0.000 % |
|       100 | 13492477 38455674 | 4947284      95      928     9.8 |  0.871 % |
|       250 | 13492477 38455674 | 5442013     242     3232    13.4 |  1.476 % |
|       475 | 13492477 38455674 | 5986214     466    17838    38.3 |  1.477 % |
|       812 | 13492477 38455674 | 6584835     799    69136    86.5 |  1.531 % |
|      1318 | 13492477 38455674 | 7243319    1305    90241    69.2 |  1.531 % |
==============================================================================
Totoal time used by londex constraint checking is [B0.070000][L0.120000],apply counts 13966, apply_generated 0
restarts          :            6
conflicts         :         2065           (     1912 / sec      )
decisions         :         5282           (     4891 / sec      )
propagations      :      3329791           (  3083140 / sec      )
inspects          :      5329408           (  4934637 / sec      )
conflict literals :       214882           (     1.17 % deleted  )
CPU time          :         1.08 sec
UNSATISFIABLE

******  Solve with 48 layers Start******

creating action-based encoding:
        building rplan graph layers, up to layer [48];
        goal constraints;
        building exclusion constraints --> up to layer 48...

DECISION LAYER 48, WRITING ACTION-BASED ENCODING WITH 110467 VARS, 13807842 CLAUSES.
2 G clauses, 295401 A clauses, 13512439 E clauses.c CNF file planning task -p , -o /home/matheus/repo/acervo-2010/planejadores_analise_resultados/comp/mystery/domain.pddl, -f /home/matheus/repo/acervo-2010/planejadores_analise_resultados/comp/mystery/pfile16, bound 48, action based encoding
In building up solver: p cnf 110467 13807842
==================================[ MINISAT ]===================================
| Conflicts |     ORIGINAL     |              LEARNT              | Progress |
|           | Clauses Literals |   Limit Clauses Literals  Lit/Cl |          |
==============================================================================
|         0 | 13807842 39358705 | 4602614       0        0     0.0 |  0.000 % |
|       100 | 13807725 39358462 | 5062875      95     4513    47.5 |  0.852 % |
|       250 | 13807725 39358462 | 5569163     245     8870    36.2 |  0.852 % |
|       476 | 13807725 39358462 | 6126079     468    22699    48.5 |  1.450 % |
|       813 | 13807725 39358462 | 6738687     804    34879    43.4 |  1.451 % |
|      1319 | 13807725 39358462 | 7412556    1310    61622    47.0 |  1.451 % |
|      2078 | 13807725 39358462 | 8153811    2063   120901    58.6 |  3.308 % |
|      3217 | 13807725 39358462 | 8969193    3196   222772    69.7 |  3.313 % |
|      4925 | 13807725 39358462 | 9866112    4904   278122    56.7 |  3.313 % |
|      7487 | 13807725 39358462 | 10852723    7463   533480    71.5 |  3.679 % |
==============================================================================
Totoal time used by londex constraint checking is [B0.440000][L0.610000],apply counts 67135, apply_generated 0
restarts          :           10
conflicts         :        10193           (     2954 / sec      )
decisions         :        18775           (     5442 / sec      )
propagations      :     10030317           (  2907338 / sec      )
inspects          :     19526995           (  5659999 / sec      )
conflict literals :      1268615           (     4.21 % deleted  )
CPU time          :         3.45 sec
UNSATISFIABLE

******  Solve with 49 layers Start******

creating action-based encoding:
        building rplan graph layers, up to layer [49];
        goal constraints;
        building exclusion constraints --> up to layer 49...

DECISION LAYER 49, WRITING ACTION-BASED ENCODING WITH 112950 VARS, 14123090 CLAUSES.
2 G clauses, 302054 A clauses, 13821034 E clauses.c CNF file planning task -p , -o /home/matheus/repo/acervo-2010/planejadores_analise_resultados/comp/mystery/domain.pddl, -f /home/matheus/repo/acervo-2010/planejadores_analise_resultados/comp/mystery/pfile16, bound 49, action based encoding
In building up solver: p cnf 112950 14123090
==================================[ MINISAT ]===================================
| Conflicts |     ORIGINAL     |              LEARNT              | Progress |
|           | Clauses Literals |   Limit Clauses Literals  Lit/Cl |          |
==============================================================================
|         0 | 14123090 40261493 | 4707696       0        0     0.0 |  0.000 % |
|       100 | 14122973 40261250 | 5178466      95     1175    12.4 |  0.755 % |
|       250 | 14122973 40261250 | 5696312     244     9678    39.7 |  0.756 % |
|       475 | 14122973 40261250 | 6265943     469    17253    36.8 |  0.756 % |
|       812 | 14122973 40261250 | 6892538     806    41175    51.1 |  0.756 % |
|      1318 | 14122973 40261250 | 7581791    1312    59594    45.4 |  0.756 % |
|      2077 | 14122973 40261250 | 8339971    2071    72680    35.1 |  0.756 % |
|      3216 | 14122973 40261250 | 9173968    3196   214593    67.1 |  3.239 % |
|      4924 | 14122973 40261250 | 10091364    4892   331375    67.7 |  3.324 % |
==============================================================================
Totoal time used by londex constraint checking is [B0.270000][L0.310000],apply counts 32199, apply_generated 0
restarts          :            9
conflicts         :         6825           (     3033 / sec      )
decisions         :        12819           (     5697 / sec      )
propagations      :      6243027           (  2774679 / sec      )
inspects          :     11114554           (  4939802 / sec      )
conflict literals :       512841           (     1.92 % deleted  )
CPU time          :         2.25 sec
UNSATISFIABLE

******  Solve with 50 layers Start******

creating action-based encoding:
        building rplan graph layers, up to layer [50];
        goal constraints;
        building exclusion constraints --> up to layer 50...

DECISION LAYER 50, WRITING ACTION-BASED ENCODING WITH 115433 VARS, 14438338 CLAUSES.
2 G clauses, 308707 A clauses, 14129629 E clauses.c CNF file planning task -p , -o /home/matheus/repo/acervo-2010/planejadores_analise_resultados/comp/mystery/domain.pddl, -f /home/matheus/repo/acervo-2010/planejadores_analise_resultados/comp/mystery/pfile16, bound 50, action based encoding
In building up solver: p cnf 115433 14438338
==================================[ MINISAT ]===================================
| Conflicts |     ORIGINAL     |              LEARNT              | Progress |
|           | Clauses Literals |   Limit Clauses Literals  Lit/Cl |          |
==============================================================================
|         0 | 14438338 41164281 | 4812779       0        0     0.0 |  0.000 % |
|       100 | 14438338 41164281 | 5294057     100    16824   168.2 |  0.000 % |
|       250 | 14438209 41163983 | 5823463     220    18862    85.7 |  0.001 % |
|       475 | 14438209 41163983 | 6405809     445    87079   195.7 |  0.001 % |
|       812 | 14438209 41163983 | 7046390     782   104087   133.1 |  0.001 % |
|      1318 | 14438209 41163983 | 7751029    1288   132347   102.8 |  0.001 % |
|      2077 | 14438209 41163983 | 8526132    2047   162548    79.4 |  0.001 % |
|      3217 | 14438209 41163983 | 9378745    3179   319736   100.6 |  1.407 % |
==============================================================================
Totoal time used by londex constraint checking is [B0.080000][L0.220000],apply counts 21118, apply_generated 0
restarts          :            8
conflicts         :         3252           (     2290 / sec      )
decisions         :         6287           (     4427 / sec      )
propagations      :      5730074           (  4035263 / sec      )
inspects          :      8679877           (  6112589 / sec      )
conflict literals :       322439           (     4.28 % deleted  )
CPU time          :         1.42 sec
UNSATISFIABLE

******  Solve with 51 layers Start******

creating action-based encoding:
        building rplan graph layers, up to layer [51];
        goal constraints;
        building exclusion constraints --> up to layer 51...

DECISION LAYER 51, WRITING ACTION-BASED ENCODING WITH 117916 VARS, 14753586 CLAUSES.
2 G clauses, 315360 A clauses, 14438224 E clauses.c CNF file planning task -p , -o /home/matheus/repo/acervo-2010/planejadores_analise_resultados/comp/mystery/domain.pddl, -f /home/matheus/repo/acervo-2010/planejadores_analise_resultados/comp/mystery/pfile16, bound 51, action based encoding
In building up solver: p cnf 117916 14753586
==================================[ MINISAT ]===================================
| Conflicts |     ORIGINAL     |              LEARNT              | Progress |
|           | Clauses Literals |   Limit Clauses Literals  Lit/Cl |          |
==============================================================================
|         0 | 14753586 42067069 | 4917862       0        0     0.0 |  0.000 % |
|       100 | 14753469 42066826 | 5409648      95     1707    18.0 |  0.798 % |
|       250 | 14753469 42066826 | 5950613     245     5498    22.4 |  0.798 % |
|       475 | 14753469 42066826 | 6545674     470    14552    31.0 |  0.798 % |
|       812 | 14753469 42066826 | 7200242     807    26736    33.1 |  0.798 % |
|      1318 | 14753469 42066826 | 7920266    1313    42859    32.6 |  0.798 % |
|      2077 | 14753469 42066826 | 8712293    2063    66776    32.4 |  2.432 % |
|      3216 | 14753469 42066826 | 9583522    3202   119815    37.4 |  2.432 % |
|      4925 | 14753469 42066826 | 10541874    4895   343381    70.1 |  2.984 % |
==============================================================================
Totoal time used by londex constraint checking is [B0.220000][L0.320000],apply counts 36333, apply_generated 0
restarts          :            9
conflicts         :         6965           (     2820 / sec      )
decisions         :        13793           (     5584 / sec      )
propagations      :      9474374           (  3835779 / sec      )
inspects          :     15328098           (  6205708 / sec      )
conflict literals :       614738           (     2.11 % deleted  )
CPU time          :         2.47 sec
UNSATISFIABLE

******  Solve with 52 layers Start******

creating action-based encoding:
        building rplan graph layers, up to layer [52];
        goal constraints;
        building exclusion constraints --> up to layer 52...

DECISION LAYER 52, WRITING ACTION-BASED ENCODING WITH 120399 VARS, 15068834 CLAUSES.
2 G clauses, 322013 A clauses, 14746819 E clauses.c CNF file planning task -p , -o /home/matheus/repo/acervo-2010/planejadores_analise_resultados/comp/mystery/domain.pddl, -f /home/matheus/repo/acervo-2010/planejadores_analise_resultados/comp/mystery/pfile16, bound 52, action based encoding
In building up solver: p cnf 120399 15068834
==================================[ MINISAT ]===================================
| Conflicts |     ORIGINAL     |              LEARNT              | Progress |
|           | Clauses Literals |   Limit Clauses Literals  Lit/Cl |          |
==============================================================================
|         0 | 15068834 42969857 | 5022944       0        0     0.0 |  0.000 % |
|       100 | 15068834 42969857 | 5525238     100     4223    42.2 |  0.000 % |
|       250 | 15068834 42969857 | 6077762     250    12473    49.9 |  0.000 % |
|       475 | 15068776 42969738 | 6685538     472    19727    41.8 |  0.001 % |
|       813 | 15068776 42969738 | 7354092     810    46336    57.2 |  0.001 % |
|      1320 | 15068776 42969738 | 8089502    1312   107403    81.9 |  0.648 % |
==============================================================================
Totoal time used by londex constraint checking is [B0.110000][L0.110000],apply counts 11329, apply_generated 0
restarts          :            6
conflicts         :         1366           (     1289 / sec      )
decisions         :         2901           (     2737 / sec      )
propagations      :      3859538           (  3641074 / sec      )
inspects          :      5352197           (  5049242 / sec      )
conflict literals :       109450           (     6.49 % deleted  )
CPU time          :         1.06 sec
UNSATISFIABLE

******  Solve with 53 layers Start******

creating action-based encoding:
        building rplan graph layers, up to layer [53];
        goal constraints;
        building exclusion constraints --> up to layer 53...

DECISION LAYER 53, WRITING ACTION-BASED ENCODING WITH 122882 VARS, 15384082 CLAUSES.
2 G clauses, 328666 A clauses, 15055414 E clauses.c CNF file planning task -p , -o /home/matheus/repo/acervo-2010/planejadores_analise_resultados/comp/mystery/domain.pddl, -f /home/matheus/repo/acervo-2010/planejadores_analise_resultados/comp/mystery/pfile16, bound 53, action based encoding
In building up solver: p cnf 122882 15384082
==================================[ MINISAT ]===================================
| Conflicts |     ORIGINAL     |              LEARNT              | Progress |
|           | Clauses Literals |   Limit Clauses Literals  Lit/Cl |          |
==============================================================================
|         0 | 15384082 43872645 | 5128027       0        0     0.0 |  0.000 % |
|       101 | 15383965 43872402 | 5640830      96     1244    13.0 |  0.694 % |
|       251 | 15383965 43872402 | 6204913     232    13051    56.3 |  3.553 % |
|       476 | 15383965 43872402 | 6825404     452    36844    81.5 |  3.557 % |
==============================================================================
Totoal time used by londex constraint checking is [B0.100000][L0.040000],apply counts 9233, apply_generated 0
restarts          :            4
conflicts         :          749           (      687 / sec      )
decisions         :         1479           (     1357 / sec      )
propagations      :      4134179           (  3792825 / sec      )
inspects          :      5275670           (  4840064 / sec      )
conflict literals :        65080           (     6.18 % deleted  )
CPU time          :         1.09 sec
UNSATISFIABLE

******  Solve with 54 layers Start******

creating action-based encoding:
        building rplan graph layers, up to layer [54];
        goal constraints;
        building exclusion constraints --> up to layer 54...

DECISION LAYER 54, WRITING ACTION-BASED ENCODING WITH 125365 VARS, 15699330 CLAUSES.
2 G clauses, 335319 A clauses, 15364009 E clauses.c CNF file planning task -p , -o /home/matheus/repo/acervo-2010/planejadores_analise_resultados/comp/mystery/domain.pddl, -f /home/matheus/repo/acervo-2010/planejadores_analise_resultados/comp/mystery/pfile16, bound 54, action based encoding
In building up solver: p cnf 125365 15699330
==================================[ MINISAT ]===================================
| Conflicts |     ORIGINAL     |              LEARNT              | Progress |
|           | Clauses Literals |   Limit Clauses Literals  Lit/Cl |          |
==============================================================================
|         0 | 15699330 44775433 | 5233110       0        0     0.0 |  0.000 % |
|       104 | 15699330 44775433 | 5756421     104     3570    34.3 |  0.000 % |
|       254 | 15699330 44775433 | 6332063     254    12777    50.3 |  0.000 % |
|       479 | 15699330 44775433 | 6965269     479    28354    59.2 |  0.000 % |
|       816 | 15699165 44775051 | 7661796     812    66956    82.5 |  0.002 % |
|      1322 | 15699165 44775051 | 8427976    1317   101279    76.9 |  0.002 % |
|      2081 | 15699165 44775051 | 9270774    2068   180743    87.4 |  1.297 % |
==============================================================================
Totoal time used by londex constraint checking is [B0.140000][L0.120000],apply counts 19182, apply_generated 0
restarts          :            7
conflicts         :         2126           (     1381 / sec      )
decisions         :         4886           (     3173 / sec      )
propagations      :      5581563           (  3624392 / sec      )
inspects          :      7850239           (  5097558 / sec      )
conflict literals :       187093           (     9.84 % deleted  )
CPU time          :         1.54 sec
UNSATISFIABLE

******  Solve with 55 layers Start******

creating action-based encoding:
        building rplan graph layers, up to layer [55];
        goal constraints;
        building exclusion constraints --> up to layer 55...

DECISION LAYER 55, WRITING ACTION-BASED ENCODING WITH 127848 VARS, 16014578 CLAUSES.
2 G clauses, 341972 A clauses, 15672604 E clauses.c CNF file planning task -p , -o /home/matheus/repo/acervo-2010/planejadores_analise_resultados/comp/mystery/domain.pddl, -f /home/matheus/repo/acervo-2010/planejadores_analise_resultados/comp/mystery/pfile16, bound 55, action based encoding
In building up solver: p cnf 127848 16014578
==================================[ MINISAT ]===================================
| Conflicts |     ORIGINAL     |              LEARNT              | Progress |
|           | Clauses Literals |   Limit Clauses Literals  Lit/Cl |          |
==============================================================================
|         0 | 16014578 45678221 | 5338192       0        0     0.0 |  0.000 % |
|       100 | 16014461 45677978 | 5872011      95    13105   137.9 |  0.667 % |
|       250 | 16014461 45677978 | 6459212     238    25764   108.3 |  0.673 % |
|       475 | 16014461 45677978 | 7105134     463    53688   116.0 |  0.673 % |
|       812 | 16014461 45677978 | 7815647     784    74094    94.5 |  4.699 % |
|      1318 | 16014461 45677978 | 8597212    1280    90770    70.9 |  6.770 % |
|      2077 | 16014461 45677978 | 9456933    2039   111806    54.8 |  6.770 % |
|      3216 | 16014461 45677978 | 10402626    3165   165419    52.3 |  8.211 % |
==============================================================================
Totoal time used by londex constraint checking is [B0.120000][L0.240000],apply counts 23871, apply_generated 0
restarts          :            8
conflicts         :         3840           (     2704 / sec      )
decisions         :         8487           (     5977 / sec      )
propagations      :      6294143           (  4432495 / sec      )
inspects          :      9170157           (  6457857 / sec      )
conflict literals :       284942           (     4.31 % deleted  )
CPU time          :         1.42 sec
UNSATISFIABLE

******  Solve with 56 layers Start******

creating action-based encoding:
        building rplan graph layers, up to layer [56];
        goal constraints;
        building exclusion constraints --> up to layer 56...

DECISION LAYER 56, WRITING ACTION-BASED ENCODING WITH 130331 VARS, 16329826 CLAUSES.
2 G clauses, 348625 A clauses, 15981199 E clauses.c CNF file planning task -p , -o /home/matheus/repo/acervo-2010/planejadores_analise_resultados/comp/mystery/domain.pddl, -f /home/matheus/repo/acervo-2010/planejadores_analise_resultados/comp/mystery/pfile16, bound 56, action based encoding
In building up solver: p cnf 130331 16329826
==================================[ MINISAT ]===================================
| Conflicts |     ORIGINAL     |              LEARNT              | Progress |
|           | Clauses Literals |   Limit Clauses Literals  Lit/Cl |          |
==============================================================================
|         0 | 16329826 46581009 | 5443275       0        0     0.0 |  0.000 % |
|       100 | 16329709 46580766 | 5987603      95     4861    51.2 |  0.722 % |
|       250 | 16329709 46580766 | 6586363     245     9106    37.2 |  0.722 % |
|       475 | 16329709 46580766 | 7244999     466    15392    33.0 |  1.229 % |
|       812 | 16329709 46580766 | 7969499     803    26025    32.4 |  1.229 % |
|      1319 | 16329709 46580766 | 8766449    1310    45119    34.4 |  1.229 % |
|      2078 | 16329709 46580766 | 9643094    2069    75138    36.3 |  1.229 % |
|      3217 | 16329709 46580766 | 10607403    3208   146058    45.5 |  1.229 % |
|      4925 | 16329709 46580766 | 11668143    4914   239835    48.8 |  1.241 % |
|      7487 | 16329709 46580766 | 12834958    7472   466653    62.5 |  1.244 % |
|     11331 | 16329709 46580766 | 14118453   11313   870683    77.0 |  2.014 % |
==============================================================================
Totoal time used by londex constraint checking is [B0.370000][L0.560000],apply counts 57051, apply_generated 0
restarts          :           11
conflicts         :        12389           (     3376 / sec      )
decisions         :        21693           (     5911 / sec      )
propagations      :     12795465           (  3486503 / sec      )
inspects          :     23516797           (  6407847 / sec      )
conflict literals :      1108858           (     3.53 % deleted  )
CPU time          :         3.67 sec
UNSATISFIABLE

******  Solve with 57 layers Start******

creating action-based encoding:
        building rplan graph layers, up to layer [57];
        goal constraints;
        building exclusion constraints --> up to layer 57...

DECISION LAYER 57, WRITING ACTION-BASED ENCODING WITH 132814 VARS, 16645074 CLAUSES.
2 G clauses, 355278 A clauses, 16289794 E clauses.c CNF file planning task -p , -o /home/matheus/repo/acervo-2010/planejadores_analise_resultados/comp/mystery/domain.pddl, -f /home/matheus/repo/acervo-2010/planejadores_analise_resultados/comp/mystery/pfile16, bound 57, action based encoding
In building up solver: p cnf 132814 16645074
==================================[ MINISAT ]===================================
| Conflicts |     ORIGINAL     |              LEARNT              | Progress |
|           | Clauses Literals |   Limit Clauses Literals  Lit/Cl |          |
==============================================================================
|         0 | 16645074 47483797 | 5548358       0        0     0.0 |  0.000 % |
|       100 | 16644957 47483554 | 6103194      95     1760    18.5 |  0.642 % |
|       250 | 16644957 47483554 | 6713513     244    10420    42.7 |  0.643 % |
|       475 | 16644957 47483554 | 7384864     469    17317    36.9 |  0.643 % |
|       812 | 16644957 47483554 | 8123351     806    28149    34.9 |  0.643 % |
|      1318 | 16644957 47483554 | 8935686    1312    39168    29.9 |  0.643 % |
|      2077 | 16644957 47483554 | 9829255    2071    69458    33.5 |  0.643 % |
|      3216 | 16644957 47483554 | 10812180    3204   137905    43.0 |  0.655 % |
|      4924 | 16644957 47483554 | 11893398    4907   514136   104.8 |  0.702 % |
|      7486 | 16644957 47483554 | 13082738    7465   683032    91.5 |  0.724 % |
==============================================================================
Totoal time used by londex constraint checking is [B0.360000][L0.370000],apply counts 41513, apply_generated 0
restarts          :           10
conflicts         :         8646           (     3391 / sec      )
decisions         :        17993           (     7056 / sec      )
propagations      :      7388565           (  2897476 / sec      )
inspects          :     14143433           (  5546444 / sec      )
conflict literals :       809652           (     1.70 % deleted  )
CPU time          :         2.55 sec
UNSATISFIABLE

******  Solve with 58 layers Start******

creating action-based encoding:
        building rplan graph layers, up to layer [58];
        goal constraints;
        building exclusion constraints --> up to layer 58...

DECISION LAYER 58, WRITING ACTION-BASED ENCODING WITH 135297 VARS, 16960322 CLAUSES.
2 G clauses, 361931 A clauses, 16598389 E clauses.c CNF file planning task -p , -o /home/matheus/repo/acervo-2010/planejadores_analise_resultados/comp/mystery/domain.pddl, -f /home/matheus/repo/acervo-2010/planejadores_analise_resultados/comp/mystery/pfile16, bound 58, action based encoding
In building up solver: p cnf 135297 16960322
==================================[ MINISAT ]===================================
| Conflicts |     ORIGINAL     |              LEARNT              | Progress |
|           | Clauses Literals |   Limit Clauses Literals  Lit/Cl |          |
==============================================================================
|         0 | 16960322 48386585 | 5653440       0        0     0.0 |  0.000 % |
|       100 | 16960205 48386342 | 6218784      93     1448    15.6 |  0.695 % |
|       250 | 16960205 48386342 | 6840662     243     4778    19.7 |  0.695 % |
|       475 | 16960205 48386342 | 7524729     468    12711    27.2 |  0.695 % |
|       812 | 16960205 48386342 | 8277202     805    25717    31.9 |  0.695 % |
|      1318 | 16960205 48386342 | 9104922    1311    47992    36.6 |  0.695 % |
|      2077 | 16960205 48386342 | 10015414    2070    68185    32.9 |  0.695 % |
|      3216 | 16960205 48386342 | 11016955    3209   132574    41.3 |  0.695 % |
|      4924 | 16960205 48386342 | 12118651    4915   195199    39.7 |  0.696 % |
|      7486 | 16960205 48386342 | 13330516    7474   471631    63.1 |  0.698 % |
|     11330 | 16960205 48386342 | 14663567   11308  1175108   103.9 |  2.007 % |
==============================================================================
Totoal time used by londex constraint checking is [B0.570000][L0.450000],apply counts 69516, apply_generated 0
restarts          :           11
conflicts         :        15500           (     3904 / sec      )
decisions         :        28487           (     7176 / sec      )
propagations      :      9232387           (  2325538 / sec      )
inspects          :     21250237           (  5352705 / sec      )
conflict literals :      1611687           (     1.88 % deleted  )
CPU time          :         3.97 sec
UNSATISFIABLE

******  Solve with 59 layers Start******

creating action-based encoding:
        building rplan graph layers, up to layer [59];
        goal constraints;
        building exclusion constraints --> up to layer 59...

DECISION LAYER 59, WRITING ACTION-BASED ENCODING WITH 137780 VARS, 17275570 CLAUSES.
2 G clauses, 368584 A clauses, 16906984 E clauses.c CNF file planning task -p , -o /home/matheus/repo/acervo-2010/planejadores_analise_resultados/comp/mystery/domain.pddl, -f /home/matheus/repo/acervo-2010/planejadores_analise_resultados/comp/mystery/pfile16, bound 59, action based encoding
In building up solver: p cnf 137780 17275570
==================================[ MINISAT ]===================================
| Conflicts |     ORIGINAL     |              LEARNT              | Progress |
|           | Clauses Literals |   Limit Clauses Literals  Lit/Cl |          |
==============================================================================
|         0 | 17275570 49289373 | 5758523       0        0     0.0 |  0.000 % |
|       101 | 17275570 49289373 | 6334375     101    14945   148.0 |  0.000 % |
|       251 | 17275503 49289235 | 6967813     248    19948    80.4 |  0.001 % |
|       476 | 17275503 49289235 | 7664594     469    31065    66.2 |  0.004 % |
|       814 | 17275503 49289235 | 8431054     801    75320    94.0 |  1.433 % |
|      1320 | 17275503 49289235 | 9274159    1307   131930   100.9 |  1.433 % |
|      2079 | 17275503 49289235 | 10201575    2066   157749    76.4 |  1.433 % |
|      3218 | 17275503 49289235 | 11221732    3201   240396    75.1 |  1.436 % |
|      4926 | 17275503 49289235 | 12343905    4904   438820    89.5 |  1.633 % |
==============================================================================
Totoal time used by londex constraint checking is [B0.310000][L0.270000],apply counts 35198, apply_generated 0
restarts          :            9
conflicts         :         5067           (     1313 / sec      )
decisions         :         9472           (     2454 / sec      )
propagations      :     11172815           (  2894512 / sec      )
inspects          :     15670216           (  4059641 / sec      )
conflict literals :       480215           (     6.85 % deleted  )
CPU time          :         3.86 sec
UNSATISFIABLE

******  Solve with 60 layers Start******

creating action-based encoding:
        building rplan graph layers, up to layer [60];
        goal constraints;
        building exclusion constraints --> up to layer 60...

DECISION LAYER 60, WRITING ACTION-BASED ENCODING WITH 140263 VARS, 17590818 CLAUSES.
2 G clauses, 375237 A clauses, 17215579 E clauses.c CNF file planning task -p , -o /home/matheus/repo/acervo-2010/planejadores_analise_resultados/comp/mystery/domain.pddl, -f /home/matheus/repo/acervo-2010/planejadores_analise_resultados/comp/mystery/pfile16, bound 60, action based encoding
In building up solver: p cnf 140263 17590818
==================================[ MINISAT ]===================================
| Conflicts |     ORIGINAL     |              LEARNT              | Progress |
|           | Clauses Literals |   Limit Clauses Literals  Lit/Cl |          |
==============================================================================
|         0 | 17590818 50192161 | 5863606       0        0     0.0 |  0.000 % |
|       100 | 17590701 50191918 | 6449967      97     7970    82.2 |  0.544 % |
|       253 | 17590701 50191918 | 7094963     243    18448    75.9 |  1.724 % |
|       478 | 17590701 50191918 | 7804460     464    43507    93.8 |  1.727 % |
|       815 | 17590701 50191918 | 8584906     798    60661    76.0 |  1.729 % |
|      1321 | 17590701 50191918 | 9443396    1304    80481    61.7 |  1.729 % |
|      2081 | 17590701 50191918 | 10387736    2063   122648    59.5 |  1.730 % |
==============================================================================
Totoal time used by londex constraint checking is [B0.180000][L0.220000],apply counts 17753, apply_generated 0
restarts          :            7
conflicts         :         3056           (     1946 / sec      )
decisions         :         6192           (     3944 / sec      )
propagations      :      6110430           (  3891994 / sec      )
inspects          :      8264312           (  5263893 / sec      )
conflict literals :       184316           (     3.70 % deleted  )
CPU time          :         1.57 sec
UNSATISFIABLE

******  Solve with 61 layers Start******

creating action-based encoding:
        building rplan graph layers, up to layer [61];
        goal constraints;
        building exclusion constraints --> up to layer 61...

DECISION LAYER 61, WRITING ACTION-BASED ENCODING WITH 142746 VARS, 17906066 CLAUSES.
2 G clauses, 381890 A clauses, 17524174 E clauses.c CNF file planning task -p , -o /home/matheus/repo/acervo-2010/planejadores_analise_resultados/comp/mystery/domain.pddl, -f /home/matheus/repo/acervo-2010/planejadores_analise_resultados/comp/mystery/pfile16, bound 61, action based encoding
In building up solver: p cnf 142746 17906066
==================================[ MINISAT ]===================================
| Conflicts |     ORIGINAL     |              LEARNT              | Progress |
|           | Clauses Literals |   Limit Clauses Literals  Lit/Cl |          |
==============================================================================
|         0 | 17906066 51094949 | 5968688       0        0     0.0 |  0.000 % |
|       100 | 17905949 51094706 | 6565557      96     6173    64.3 |  0.597 % |
|       250 | 17905949 51094706 | 7222112     246    12936    52.6 |  0.597 % |
|       475 | 17905949 51094706 | 7944324     471    22034    46.8 |  0.597 % |
|       812 | 17905949 51094706 | 8738756     808    37888    46.9 |  0.597 % |
==============================================================================
Totoal time used by londex constraint checking is [B0.040000][L0.090000],apply counts 8636, apply_generated 0
restarts          :            5
conflicts         :         1296           (     1456 / sec      )
decisions         :         2366           (     2658 / sec      )
propagations      :      4230751           (  4753653 / sec      )
inspects          :      5631874           (  6327948 / sec      )
conflict literals :       119272           (     6.25 % deleted  )
CPU time          :         0.89 sec
UNSATISFIABLE

******  Solve with 62 layers Start******

creating action-based encoding:
        building rplan graph layers, up to layer [62];
        goal constraints;
        building exclusion constraints --> up to layer 62...

DECISION LAYER 62, WRITING ACTION-BASED ENCODING WITH 145229 VARS, 18221314 CLAUSES.
2 G clauses, 388543 A clauses, 17832769 E clauses.c CNF file planning task -p , -o /home/matheus/repo/acervo-2010/planejadores_analise_resultados/comp/mystery/domain.pddl, -f /home/matheus/repo/acervo-2010/planejadores_analise_resultados/comp/mystery/pfile16, bound 62, action based encoding
In building up solver: p cnf 145229 18221314
==================================[ MINISAT ]===================================
| Conflicts |     ORIGINAL     |              LEARNT              | Progress |
|           | Clauses Literals |   Limit Clauses Literals  Lit/Cl |          |
==============================================================================
|         0 | 18221314 51997737 | 6073771       0        0     0.0 |  0.000 % |
|       100 | 18221197 51997494 | 6681148      93     3232    34.8 |  0.647 % |
|       250 | 18221197 51997494 | 7349263     243    11843    48.7 |  0.647 % |
|       475 | 18221197 51997494 | 8084189     465    38729    83.3 |  0.649 % |
|       812 | 18221197 51997494 | 8892608     802    70923    88.4 |  0.649 % |
|      1318 | 18221197 51997494 | 9781869    1308   109260    83.5 |  0.649 % |
|      2080 | 18221197 51997494 | 10760056    2066   208961   101.1 |  0.652 % |
|      3221 | 18221197 51997494 | 11836061    3207   296083    92.3 |  0.652 % |
==============================================================================
Totoal time used by londex constraint checking is [B0.350000][L0.260000],apply counts 34068, apply_generated 0
restarts          :            8
conflicts         :         3830           (     1644 / sec      )
decisions         :         6301           (     2704 / sec      )
propagations      :     11103415           (  4765414 / sec      )
inspects          :     15328306           (  6578672 / sec      )
conflict literals :       426355           (     8.67 % deleted  )
CPU time          :         2.33 sec
UNSATISFIABLE

******  Solve with 63 layers Start******

creating action-based encoding:
        building rplan graph layers, up to layer [63];
        goal constraints;
        building exclusion constraints --> up to layer 63...

DECISION LAYER 63, WRITING ACTION-BASED ENCODING WITH 147712 VARS, 18536562 CLAUSES.
2 G clauses, 395196 A clauses, 18141364 E clauses.c CNF file planning task -p , -o /home/matheus/repo/acervo-2010/planejadores_analise_resultados/comp/mystery/domain.pddl, -f /home/matheus/repo/acervo-2010/planejadores_analise_resultados/comp/mystery/pfile16, bound 63, action based encoding
In building up solver: p cnf 147712 18536562
==================================[ MINISAT ]===================================
| Conflicts |     ORIGINAL     |              LEARNT              | Progress |
|           | Clauses Literals |   Limit Clauses Literals  Lit/Cl |          |
==============================================================================
|         0 | 18536562 52900525 | 6178854       0        0     0.0 |  0.000 % |
|       100 | 18536445 52900282 | 6796739      95     4766    50.2 |  0.637 % |
|       250 | 18536445 52900282 | 7476413     245     8422    34.4 |  0.637 % |
|       475 | 18536445 52900282 | 8224055     470    16227    34.5 |  0.637 % |
|       812 | 18536445 52900282 | 9046460     802    64988    81.0 |  0.641 % |
|      1318 | 18536445 52900282 | 9951106    1296    77842    60.1 |  1.729 % |
|      2077 | 18536445 52900282 | 10946217    2055   136642    66.5 |  1.729 % |
|      3216 | 18536445 52900282 | 12040838    3191   254853    79.9 |  1.731 % |
==============================================================================
Totoal time used by londex constraint checking is [B0.240000][L0.180000],apply counts 28448, apply_generated 0
restarts          :            8
conflicts         :         4002           (     1811 / sec      )
decisions         :         8122           (     3675 / sec      )
propagations      :      9235734           (  4179065 / sec      )
inspects          :     13787073           (  6238495 / sec      )
conflict literals :       324221           (     7.14 % deleted  )
CPU time          :         2.21 sec
UNSATISFIABLE

******  Solve with 64 layers Start******

creating action-based encoding:
        building rplan graph layers, up to layer [64];
        goal constraints;
        building exclusion constraints --> up to layer 64...

DECISION LAYER 64, WRITING ACTION-BASED ENCODING WITH 150195 VARS, 18851810 CLAUSES.
2 G clauses, 401849 A clauses, 18449959 E clauses.c CNF file planning task -p , -o /home/matheus/repo/acervo-2010/planejadores_analise_resultados/comp/mystery/domain.pddl, -f /home/matheus/repo/acervo-2010/planejadores_analise_resultados/comp/mystery/pfile16, bound 64, action based encoding
In building up solver: p cnf 150195 18851810
==================================[ MINISAT ]===================================
| Conflicts |     ORIGINAL     |              LEARNT              | Progress |
|           | Clauses Literals |   Limit Clauses Literals  Lit/Cl |          |
==============================================================================
|         0 | 18851810 53803313 | 6283936       0        0     0.0 |  0.000 % |
|       100 | 18851693 53803070 | 6912330      96     3090    32.2 |  0.567 % |
|       250 | 18851693 53803070 | 7603563     246     9068    36.9 |  0.567 % |
|       475 | 18851693 53803070 | 8363919     464    18682    40.3 |  0.780 % |
|       812 | 18851693 53803070 | 9200311     797    88569   111.1 |  0.824 % |
|      1318 | 18851693 53803070 | 10120342    1301   171031   131.5 |  0.826 % |
|      2077 | 18851693 53803070 | 11132376    2054   282991   137.8 |  1.410 % |
|      3216 | 18851693 53803070 | 12245614    3189   350816   110.0 |  3.820 % |
==============================================================================
Totoal time used by londex constraint checking is [B0.270000][L0.250000],apply counts 35271, apply_generated 0
restarts          :            8
conflicts         :         4667           (     1697 / sec      )
decisions         :         9768           (     3552 / sec      )
propagations      :     10289300           (  3741564 / sec      )
inspects          :     14657837           (  5330123 / sec      )
conflict literals :       485608           (     9.96 % deleted  )
CPU time          :         2.75 sec
UNSATISFIABLE

******  Solve with 65 layers Start******

creating action-based encoding:
        building rplan graph layers, up to layer [65];
        goal constraints;
        building exclusion constraints --> up to layer 65...

DECISION LAYER 65, WRITING ACTION-BASED ENCODING WITH 152678 VARS, 19167058 CLAUSES.
2 G clauses, 408502 A clauses, 18758554 E clauses.c CNF file planning task -p , -o /home/matheus/repo/acervo-2010/planejadores_analise_resultados/comp/mystery/domain.pddl, -f /home/matheus/repo/acervo-2010/planejadores_analise_resultados/comp/mystery/pfile16, bound 65, action based encoding
In building up solver: p cnf 152678 19167058
==================================[ MINISAT ]===================================
| Conflicts |     ORIGINAL     |              LEARNT              | Progress |
|           | Clauses Literals |   Limit Clauses Literals  Lit/Cl |          |
==============================================================================
|         0 | 19167058 54706101 | 6389019       0        0     0.0 |  0.000 % |
|       100 | 19166941 54705858 | 7027921      93     3439    37.0 |  0.616 % |
|       250 | 19166941 54705858 | 7730713     243     5865    24.1 |  0.616 % |
|       475 | 19166941 54705858 | 8503784     468    12541    26.8 |  0.616 % |
|       812 | 19166941 54705858 | 9354163     805    25559    31.8 |  0.616 % |
|      1318 | 19166941 54705858 | 10289579    1308    78860    60.3 |  0.618 % |
|      2077 | 19166941 54705858 | 11318537    2066   144675    70.0 |  0.618 % |
|      3216 | 19166941 54705858 | 12450391    3198   227670    71.2 |  0.661 % |
|      4924 | 19166941 54705858 | 13695430    4897   426532    87.1 |  0.761 % |
|      7486 | 19166941 54705858 | 15064973    7440   653475    87.8 |  1.878 % |
|     11330 | 19166941 54705858 | 16571470   11284  1016571    90.1 |  1.878 % |
|     17096 | 19166941 54705858 | 18228617   17046  1836479   107.7 |  2.037 % |
|     25745 | 19166941 54705858 | 20051479   25686  3851728   150.0 |  2.059 % |
==============================================================================
Totoal time used by londex constraint checking is [B1.490000][L1.900000],apply counts 208233, apply_generated 0
restarts          :           13
conflicts         :        26032           (     2489 / sec      )
decisions         :        43220           (     4132 / sec      )
propagations      :     48902325           (  4675174 / sec      )
inspects          :     85973440           (  8219258 / sec      )
conflict literals :      3890082           (     9.19 % deleted  )
CPU time          :        10.46 sec
UNSATISFIABLE

******  Solve with 66 layers Start******

creating action-based encoding:
        building rplan graph layers, up to layer [66];
        goal constraints;
        building exclusion constraints --> up to layer 66...

DECISION LAYER 66, WRITING ACTION-BASED ENCODING WITH 155161 VARS, 19482306 CLAUSES.
2 G clauses, 415155 A clauses, 19067149 E clauses.c CNF file planning task -p , -o /home/matheus/repo/acervo-2010/planejadores_analise_resultados/comp/mystery/domain.pddl, -f /home/matheus/repo/acervo-2010/planejadores_analise_resultados/comp/mystery/pfile16, bound 66, action based encoding
In building up solver: p cnf 155161 19482306
==================================[ MINISAT ]===================================
| Conflicts |     ORIGINAL     |              LEARNT              | Progress |
|           | Clauses Literals |   Limit Clauses Literals  Lit/Cl |          |
==============================================================================
|         0 | 19482306 55608889 | 6494102       0        0     0.0 |  0.000 % |
|       100 | 19482306 55608889 | 7143512     100   134219  1342.2 |  0.000 % |
|       250 | 19482306 55608889 | 7857863     250   167629   670.5 |  0.000 % |
|       475 | 19482306 55608889 | 8643650     475   204733   431.0 |  0.000 % |
|       812 | 19482243 55608759 | 9508015     811   226925   279.8 |  0.001 % |
|      1318 | 19482243 55608759 | 10458816    1311   349673   266.7 |  0.061 % |
|      2077 | 19482243 55608759 | 11504698    2070   404568   195.4 |  0.061 % |
|      3216 | 19482243 55608759 | 12655168    3209   495417   154.4 |  0.061 % |
|      4924 | 19482243 55608759 | 13920684    4916   638980   130.0 |  0.061 % |
|      7486 | 19482243 55608759 | 15312753    7478   934385   125.0 |  0.061 % |
|     11330 | 19482243 55608759 | 16844028   11320  1279776   113.1 |  0.067 % |
|     17096 | 19482243 55608759 | 18528431   17076  1914304   112.1 |  0.785 % |
==============================================================================
Totoal time used by londex constraint checking is [B0.730000][L0.540000],apply counts 77741, apply_generated 0
restarts          :           12
conflicts         :        18055           (     3647 / sec      )
decisions         :        30227           (     6106 / sec      )
propagations      :     17019692           (  3438322 / sec      )
inspects          :     30598403           (  6181496 / sec      )
conflict literals :      2053635           (     4.17 % deleted  )
CPU time          :         4.95 sec
UNSATISFIABLE

******  Solve with 67 layers Start******

creating action-based encoding:
        building rplan graph layers, up to layer [67];
        goal constraints;
        building exclusion constraints --> up to layer 67...

DECISION LAYER 67, WRITING ACTION-BASED ENCODING WITH 157644 VARS, 19797554 CLAUSES.
2 G clauses, 421808 A clauses, 19375744 E clauses.c CNF file planning task -p , -o /home/matheus/repo/acervo-2010/planejadores_analise_resultados/comp/mystery/domain.pddl, -f /home/matheus/repo/acervo-2010/planejadores_analise_resultados/comp/mystery/pfile16, bound 67, action based encoding
In building up solver: p cnf 157644 19797554
==================================[ MINISAT ]===================================
| Conflicts |     ORIGINAL     |              LEARNT              | Progress |
|           | Clauses Literals |   Limit Clauses Literals  Lit/Cl |          |
==============================================================================
|         0 | 19797554 56511677 | 6599184       0        0     0.0 |  0.000 % |
|       109 | 19797554 56511677 | 7259102     109     3183    29.2 |  0.000 % |
|       259 | 19797554 56511677 | 7985013     259     8141    31.4 |  0.000 % |
|       484 | 19797554 56511677 | 8783514     484    16169    33.4 |  0.000 % |
|       821 | 19797427 56511377 | 9661865     734    49718    67.7 |  1.706 % |
|      1328 | 19797427 56511377 | 10628052    1241    77262    62.3 |  1.706 % |
|      2087 | 19797427 56511377 | 11690857    2000   119603    59.8 |  1.706 % |
|      3226 | 19797427 56511377 | 12859943    3138   279378    89.0 |  1.707 % |
|      4934 | 19797427 56511377 | 14145937    4845   442003    91.2 |  1.708 % |
==============================================================================
Totoal time used by londex constraint checking is [B0.650000][L0.390000],apply counts 64821, apply_generated 0
restarts          :            9
conflicts         :         6701           (     1792 / sec      )
decisions         :        11877           (     3176 / sec      )
propagations      :     15747399           (  4210534 / sec      )
inspects          :     23546839           (  6295946 / sec      )
conflict literals :       698379           (     4.95 % deleted  )
CPU time          :         3.74 sec
UNSATISFIABLE

******  Solve with 68 layers Start******

creating action-based encoding:
        building rplan graph layers, up to layer [68];
        goal constraints;
        building exclusion constraints --> up to layer 68...

DECISION LAYER 68, WRITING ACTION-BASED ENCODING WITH 160127 VARS, 20112802 CLAUSES.
2 G clauses, 428461 A clauses, 19684339 E clauses.c CNF file planning task -p , -o /home/matheus/repo/acervo-2010/planejadores_analise_resultados/comp/mystery/domain.pddl, -f /home/matheus/repo/acervo-2010/planejadores_analise_resultados/comp/mystery/pfile16, bound 68, action based encoding
In building up solver: p cnf 160127 20112802
==================================[ MINISAT ]===================================
| Conflicts |     ORIGINAL     |              LEARNT              | Progress |
|           | Clauses Literals |   Limit Clauses Literals  Lit/Cl |          |
==============================================================================
|         0 | 20112802 57414465 | 6704267       0        0     0.0 |  0.000 % |
|       100 | 20112685 57414222 | 7374694      93     9177    98.7 |  0.587 % |
|       250 | 20112685 57414222 | 8112163     243    11046    45.5 |  0.587 % |
|       476 | 20112685 57414222 | 8923379     469    23061    49.2 |  0.587 % |
|       813 | 20112685 57414222 | 9815717     802    33701    42.0 |  0.987 % |
|      1319 | 20112685 57414222 | 10797289    1308    62603    47.9 |  0.987 % |
|      2078 | 20112685 57414222 | 11877018    2067   103729    50.2 |  0.987 % |
|      3217 | 20112685 57414222 | 13064720    3206   153977    48.0 |  0.987 % |
|      4925 | 20112685 57414222 | 14371192    4914   291712    59.4 |  0.987 % |
|      7487 | 20112685 57414222 | 15808311    7470   551798    73.9 |  1.009 % |
==============================================================================
Totoal time used by londex constraint checking is [B0.670000][L0.470000],apply counts 70255, apply_generated 0
restarts          :           10
conflicts         :         9915           (     2179 / sec      )
decisions         :        16663           (     3662 / sec      )
propagations      :     18083890           (  3974481 / sec      )
inspects          :     27170960           (  5971640 / sec      )
conflict literals :       846503           (     8.58 % deleted  )
CPU time          :         4.55 sec
UNSATISFIABLE

******  Solve with 69 layers Start******

creating action-based encoding:
        building rplan graph layers, up to layer [69];
        goal constraints;
        building exclusion constraints --> up to layer 69...

DECISION LAYER 69, WRITING ACTION-BASED ENCODING WITH 162610 VARS, 20428050 CLAUSES.
2 G clauses, 435114 A clauses, 19992934 E clauses.c CNF file planning task -p , -o /home/matheus/repo/acervo-2010/planejadores_analise_resultados/comp/mystery/domain.pddl, -f /home/matheus/repo/acervo-2010/planejadores_analise_resultados/comp/mystery/pfile16, bound 69, action based encoding
In building up solver: p cnf 162610 20428050
==================================[ MINISAT ]===================================
| Conflicts |     ORIGINAL     |              LEARNT              | Progress |
|           | Clauses Literals |   Limit Clauses Literals  Lit/Cl |          |
==============================================================================
|         0 | 20428050 58317253 | 6809350       0        0     0.0 |  0.000 % |
|       100 | 20427997 58317146 | 7490285      93   103572  1113.7 |  0.524 % |
|       250 | 20427997 58317146 | 8239314     236   106863   452.8 |  2.853 % |
|       475 | 20427997 58317146 | 9063245     461   112463   244.0 |  2.853 % |
|       812 | 20427997 58317146 | 9969569     798   122636   153.7 |  2.853 % |
|      1318 | 20427997 58317146 | 10966526    1304   137301   105.3 |  2.853 % |
|      2077 | 20427997 58317146 | 12063179    2063   189229    91.7 |  2.853 % |
|      3216 | 20427997 58317146 | 13269497    3202   255466    79.8 |  2.853 % |
|      4924 | 20427997 58317146 | 14596446    4910   330021    67.2 |  2.853 % |
|      7486 | 20427997 58317146 | 16056091    7464   599719    80.3 |  3.872 % |
|     11330 | 20427997 58317146 | 17661700   11307   994725    88.0 |  3.872 % |
|     17096 | 20427997 58317146 | 19427870   17071  1711445   100.3 |  3.874 % |
|     25745 | 20427997 58317146 | 21370657   25714  2217517    86.2 |  4.410 % |
|     38719 | 20427997 58317146 | 23507723   38687  3652182    94.4 |  4.411 % |
==============================================================================
Totoal time used by londex constraint checking is [B1.520000][L1.530000],apply counts 199897, apply_generated 0
restarts          :           14
conflicts         :        51076           (     4837 / sec      )
decisions         :        77355           (     7325 / sec      )
propagations      :     35868244           (  3396614 / sec      )
inspects          :     73409064           (  6951616 / sec      )
conflict literals :      5187905           (     3.35 % deleted  )
CPU time          :        10.56 sec
UNSATISFIABLE

******  Solve with 70 layers Start******

creating action-based encoding:
        building rplan graph layers, up to layer [70];
        goal constraints;
        building exclusion constraints --> up to layer 70...

DECISION LAYER 70, WRITING ACTION-BASED ENCODING WITH 165093 VARS, 20743298 CLAUSES.
2 G clauses, 441767 A clauses, 20301529 E clauses.c CNF file planning task -p , -o /home/matheus/repo/acervo-2010/planejadores_analise_resultados/comp/mystery/domain.pddl, -f /home/matheus/repo/acervo-2010/planejadores_analise_resultados/comp/mystery/pfile16, bound 70, action based encoding
In building up solver: p cnf 165093 20743298
==================================[ MINISAT ]===================================
| Conflicts |     ORIGINAL     |              LEARNT              | Progress |
|           | Clauses Literals |   Limit Clauses Literals  Lit/Cl |          |
==============================================================================
|         0 | 20743298 59220041 | 6914432       0        0     0.0 |  0.000 % |
|       100 | 20743181 59219798 | 7605875      96     4995    52.0 |  0.516 % |
|       250 | 20743181 59219798 | 8366463     246     9125    37.1 |  0.516 % |
|       475 | 20743181 59219798 | 9203109     471    14138    30.0 |  0.516 % |
|       813 | 20743181 59219798 | 10123420     809    51564    63.7 |  0.516 % |
|      1319 | 20743181 59219798 | 11135762    1315    93438    71.1 |  0.516 % |
|      2078 | 20743181 59219798 | 12249338    2074   133650    64.4 |  0.516 % |
|      3217 | 20743181 59219798 | 13474272    3213   255614    79.6 |  0.516 % |
|      4925 | 20743181 59219798 | 14821699    4920   327142    66.5 |  0.517 % |
|      7487 | 20743181 59219798 | 16303869    7481   539217    72.1 |  0.517 % |
|     11331 | 20743181 59219798 | 17934256   11320  1281834   113.2 |  1.047 % |
|     17097 | 20743181 59219798 | 19727681   17079  2495512   146.1 |  1.210 % |
|     25746 | 20743181 59219798 | 21700450   25695  3969033   154.5 |  1.660 % |
==============================================================================
Totoal time used by londex constraint checking is [B1.620000][L2.200000],apply counts 223221, apply_generated 0
restarts          :           13
conflicts         :        27716           (     2323 / sec      )
decisions         :        48145           (     4036 / sec      )
propagations      :     42433036           (  3556835 / sec      )
inspects          :     83427256           (  6993064 / sec      )
conflict literals :      4464162           (     6.74 % deleted  )
CPU time          :        11.93 sec
UNSATISFIABLE

******  Solve with 71 layers Start******

creating action-based encoding:
        building rplan graph layers, up to layer [71];
        goal constraints;
        building exclusion constraints --> up to layer 71...

DECISION LAYER 71, WRITING ACTION-BASED ENCODING WITH 167576 VARS, 21058546 CLAUSES.
2 G clauses, 448420 A clauses, 20610124 E clauses.c CNF file planning task -p , -o /home/matheus/repo/acervo-2010/planejadores_analise_resultados/comp/mystery/domain.pddl, -f /home/matheus/repo/acervo-2010/planejadores_analise_resultados/comp/mystery/pfile16, bound 71, action based encoding
In building up solver: p cnf 167576 21058546
==================================[ MINISAT ]===================================
| Conflicts |     ORIGINAL     |              LEARNT              | Progress |
|           | Clauses Literals |   Limit Clauses Literals  Lit/Cl |          |
==============================================================================
|         0 | 21058546 60122829 | 7019515       0        0     0.0 |  0.000 % |
|       100 | 21058429 60122586 | 7721467      93     3167    34.1 |  0.561 % |
|       250 | 21058429 60122586 | 8493613     243     6892    28.4 |  0.561 % |
|       475 | 21058429 60122586 | 9342974     468    12459    26.6 |  0.561 % |
|       812 | 21058429 60122586 | 10277272     805    21194    26.3 |  0.561 % |
|      1318 | 21058429 60122586 | 11304999    1310    48539    37.1 |  0.562 % |
|      2077 | 21058429 60122586 | 12435499    2069   168081    81.2 |  0.562 % |
|      3216 | 21058429 60122586 | 13679049    3205   345277   107.7 |  0.563 % |
|      4924 | 21058429 60122586 | 15046954    4913   398443    81.1 |  0.563 % |
|      7486 | 21058429 60122586 | 16551649    7450   517432    69.5 |  1.807 % |
|     11330 | 21058429 60122586 | 18206814   11291   709455    62.8 |  1.950 % |
==============================================================================
Totoal time used by londex constraint checking is [B0.710000][L0.660000],apply counts 83298, apply_generated 0
restarts          :           11
conflicts         :        13399           (     2463 / sec      )
decisions         :        25387           (     4667 / sec      )
propagations      :     23777611           (  4370884 / sec      )
inspects          :     37671733           (  6924951 / sec      )
conflict literals :       953365           (     4.03 % deleted  )
CPU time          :         5.44 sec
UNSATISFIABLE

******  Solve with 72 layers Start******

creating action-based encoding:
        building rplan graph layers, up to layer [72];
        goal constraints;
        building exclusion constraints --> up to layer 72...

DECISION LAYER 72, WRITING ACTION-BASED ENCODING WITH 170059 VARS, 21373794 CLAUSES.
2 G clauses, 455073 A clauses, 20918719 E clauses.c CNF file planning task -p , -o /home/matheus/repo/acervo-2010/planejadores_analise_resultados/comp/mystery/domain.pddl, -f /home/matheus/repo/acervo-2010/planejadores_analise_resultados/comp/mystery/pfile16, bound 72, action based encoding
In building up solver: p cnf 170059 21373794
==================================[ MINISAT ]===================================
| Conflicts |     ORIGINAL     |              LEARNT              | Progress |
|           | Clauses Literals |   Limit Clauses Literals  Lit/Cl |          |
==============================================================================
|         0 | 21373794 61025617 | 7124598       0        0     0.0 |  0.000 % |
|       100 | 21373677 61025374 | 7837058      93     2910    31.3 |  0.553 % |
|       250 | 21373677 61025374 | 8620764     243     8399    34.6 |  0.553 % |
|       475 | 21373677 61025374 | 9482840     468    18764    40.1 |  0.553 % |
|       812 | 21373677 61025374 | 10431124     805    27166    33.7 |  0.553 % |
|      1318 | 21373677 61025374 | 11474236    1311    66435    50.7 |  0.553 % |
|      2077 | 21373677 61025374 | 12621660    2070    89409    43.2 |  0.553 % |
|      3216 | 21373677 61025374 | 13883826    3199   157027    49.1 |  2.151 % |
==============================================================================
Totoal time used by londex constraint checking is [B0.260000][L0.220000],apply counts 24450, apply_generated 0
restarts          :            8
conflicts         :         4244           (     2848 / sec      )
decisions         :         9226           (     6192 / sec      )
propagations      :      7670439           (  5147946 / sec      )
inspects          :     10989212           (  7375310 / sec      )
conflict literals :       319446           (     1.64 % deleted  )
CPU time          :         1.49 sec
UNSATISFIABLE

******  Solve with 73 layers Start******

creating action-based encoding:
        building rplan graph layers, up to layer [73];
        goal constraints;
        building exclusion constraints --> up to layer 73...

DECISION LAYER 73, WRITING ACTION-BASED ENCODING WITH 172542 VARS, 21689042 CLAUSES.
2 G clauses, 461726 A clauses, 21227314 E clauses.c CNF file planning task -p , -o /home/matheus/repo/acervo-2010/planejadores_analise_resultados/comp/mystery/domain.pddl, -f /home/matheus/repo/acervo-2010/planejadores_analise_resultados/comp/mystery/pfile16, bound 73, action based encoding
In building up solver: p cnf 172542 21689042
==================================[ MINISAT ]===================================
| Conflicts |     ORIGINAL     |              LEARNT              | Progress |
|           | Clauses Literals |   Limit Clauses Literals  Lit/Cl |          |
==============================================================================
|         0 | 21689042 61928405 | 7229680       0        0     0.0 |  0.000 % |
|       100 | 21688925 61928162 | 7952648      93     3759    40.4 |  0.545 % |
|       250 | 21688925 61928162 | 8747913     243     7662    31.5 |  0.545 % |
|       475 | 21688925 61928162 | 9622704     466    14841    31.8 |  0.546 % |
|       812 | 21688925 61928162 | 10584974     802    44000    54.9 |  0.547 % |
|      1318 | 21688925 61928162 | 11643472    1308    66882    51.1 |  0.547 % |
|      2077 | 21688925 61928162 | 12807819    2066   250569   121.3 |  0.547 % |
|      3216 | 21688925 61928162 | 14088601    3205   299680    93.5 |  0.547 % |
|      4924 | 21688925 61928162 | 15497461    4903   446216    91.0 |  0.574 % |
|      7486 | 21688925 61928162 | 17047207    7450   658729    88.4 |  1.157 % |
|     11330 | 21688925 61928162 | 18751928   11294  1056315    93.5 |  1.157 % |
|     17096 | 21688925 61928162 | 20627121   17054  2065259   121.1 |  1.160 % |
|     25745 | 21688925 61928162 | 22689833   25673  3095878   120.6 |  3.926 % |
==============================================================================
Totoal time used by londex constraint checking is [B1.490000][L1.500000],apply counts 192048, apply_generated 0
restarts          :           13
conflicts         :        31819           (     3172 / sec      )
decisions         :        54825           (     5466 / sec      )
propagations      :     38944184           (  3882770 / sec      )
inspects          :     74167315           (  7394548 / sec      )
conflict literals :      3556969           (     8.17 % deleted  )
CPU time          :        10.03 sec
UNSATISFIABLE

******  Solve with 74 layers Start******

creating action-based encoding:
        building rplan graph layers, up to layer [74];
        goal constraints;
        building exclusion constraints --> up to layer 74...

DECISION LAYER 74, WRITING ACTION-BASED ENCODING WITH 175025 VARS, 22004290 CLAUSES.
2 G clauses, 468379 A clauses, 21535909 E clauses.c CNF file planning task -p , -o /home/matheus/repo/acervo-2010/planejadores_analise_resultados/comp/mystery/domain.pddl, -f /home/matheus/repo/acervo-2010/planejadores_analise_resultados/comp/mystery/pfile16, bound 74, action based encoding
In building up solver: p cnf 175025 22004290
==================================[ MINISAT ]===================================
| Conflicts |     ORIGINAL     |              LEARNT              | Progress |
|           | Clauses Literals |   Limit Clauses Literals  Lit/Cl |          |
==============================================================================
|         0 | 22004290 62831193 | 7334763       0        0     0.0 |  0.000 % |
|       100 | 22004173 62830950 | 8068239      97     4368    45.0 |  0.436 % |
|       250 | 22004173 62830950 | 8875063     247    16819    68.1 |  0.436 % |
|       475 | 22004173 62830950 | 9762570     472    31475    66.7 |  0.436 % |
|       812 | 22004173 62830950 | 10738827     809    53245    65.8 |  0.436 % |
|      1318 | 22004173 62830950 | 11812709    1315    82900    63.0 |  0.436 % |
|      2077 | 22004173 62830950 | 12993980    2071   134756    65.1 |  0.438 % |
|      3217 | 22004173 62830950 | 14293378    3211   201712    62.8 |  0.438 % |
|      4925 | 22004173 62830950 | 15722716    4919   439674    89.4 |  0.438 % |
|      7487 | 22004173 62830950 | 17294987    7477   589306    78.8 |  0.463 % |
|     11331 | 22004173 62830950 | 19024486   11319  1024855    90.5 |  0.467 % |
|     17097 | 22004173 62830950 | 20926935   17078  1817383   106.4 |  0.471 % |
==============================================================================
Totoal time used by londex constraint checking is [B1.330000][L1.300000],apply counts 169421, apply_generated 0
restarts          :           12
conflicts         :        19412           (     2147 / sec      )
decisions         :        33947           (     3755 / sec      )
propagations      :     43772266           (  4842065 / sec      )
inspects          :     67561416           (  7473608 / sec      )
conflict literals :      2094417           (    13.12 % deleted  )
CPU time          :         9.04 sec
UNSATISFIABLE

******  Solve with 75 layers Start******

creating action-based encoding:
        building rplan graph layers, up to layer [75];
        goal constraints;
        building exclusion constraints --> up to layer 75...

DECISION LAYER 75, WRITING ACTION-BASED ENCODING WITH 177508 VARS, 22319538 CLAUSES.
2 G clauses, 475032 A clauses, 21844504 E clauses.c CNF file planning task -p , -o /home/matheus/repo/acervo-2010/planejadores_analise_resultados/comp/mystery/domain.pddl, -f /home/matheus/repo/acervo-2010/planejadores_analise_resultados/comp/mystery/pfile16, bound 75, action based encoding
In building up solver: p cnf 177508 22319538
==================================[ MINISAT ]===================================
| Conflicts |     ORIGINAL     |              LEARNT              | Progress |
|           | Clauses Literals |   Limit Clauses Literals  Lit/Cl |          |
==============================================================================
|         0 | 22319538 63733981 | 7439846       0        0     0.0 |  0.000 % |
|       101 | 22319421 63733738 | 8183831      94     2299    24.5 |  0.530 % |
|       251 | 22319421 63733738 | 9002214     244     5834    23.9 |  0.530 % |
|       476 | 22319421 63733738 | 9902435     469     9953    21.2 |  0.530 % |
|       813 | 22319421 63733738 | 10892679     806    21279    26.4 |  0.530 % |
|      1319 | 22319421 63733738 | 11981946    1312    39271    29.9 |  0.530 % |
|      2078 | 22319421 63733738 | 13180141    2065    65184    31.6 |  1.070 % |
|      3217 | 22319421 63733738 | 14498155    3203   183424    57.3 |  1.070 % |
|      4925 | 22319421 63733738 | 15947971    4909   331721    67.6 |  1.072 % |
|      7487 | 22319421 63733738 | 17542768    7466   472098    63.2 |  1.077 % |
|     11331 | 22319421 63733738 | 19297044   11279   728547    64.6 |  2.200 % |
|     17097 | 22319421 63733738 | 21226749   17028  2161774   127.0 |  3.642 % |
|     25746 | 22319421 63733738 | 23349424   25677  2660067   103.6 |  3.642 % |
==============================================================================
Totoal time used by londex constraint checking is [B0.840000][L0.980000],apply counts 119037, apply_generated 0
restarts          :           13
conflicts         :        27648           (     3549 / sec      )
decisions         :        50458           (     6477 / sec      )
propagations      :     24002912           (  3081247 / sec      )
inspects          :     46651555           (  5988646 / sec      )
conflict literals :      2877333           (     2.08 % deleted  )
CPU time          :         7.79 sec
UNSATISFIABLE

******  Solve with 76 layers Start******

creating action-based encoding:
        building rplan graph layers, up to layer [76];
        goal constraints;
        building exclusion constraints --> up to layer 76...

DECISION LAYER 76, WRITING ACTION-BASED ENCODING WITH 179991 VARS, 22634786 CLAUSES.
2 G clauses, 481685 A clauses, 22153099 E clauses.c CNF file planning task -p , -o /home/matheus/repo/acervo-2010/planejadores_analise_resultados/comp/mystery/domain.pddl, -f /home/matheus/repo/acervo-2010/planejadores_analise_resultados/comp/mystery/pfile16, bound 76, action based encoding
In building up solver: p cnf 179991 22634786
==================================[ MINISAT ]===================================
| Conflicts |     ORIGINAL     |              LEARNT              | Progress |
|           | Clauses Literals |   Limit Clauses Literals  Lit/Cl |          |
==============================================================================
|         0 | 22634786 64636769 | 7544928       0        0     0.0 |  0.000 % |
|       101 | 22634786 64636769 | 8299421     101     9732    96.4 |  0.000 % |
|       251 | 22634744 64636679 | 9129363     249    20043    80.5 |  0.001 % |
|       476 | 22634744 64636679 | 10042299     468    32485    69.4 |  0.019 % |
|       813 | 22634744 64636679 | 11046529     775    43435    56.0 |  0.961 % |
|      1320 | 22634744 64636679 | 12151182    1282    99498    77.6 |  0.961 % |
|      2079 | 22634744 64636679 | 13366300    2041   143596    70.4 |  0.961 % |
|      3218 | 22634744 64636679 | 14702930    3172   231125    72.9 |  1.435 % |
|      4926 | 22634744 64636679 | 16173223    4880   312318    64.0 |  1.435 % |
|      7488 | 22634744 64636679 | 17790546    7441   449921    60.5 |  1.435 % |
|     11332 | 22634744 64636679 | 19569600   11281   678072    60.1 |  1.437 % |
==============================================================================
Totoal time used by londex constraint checking is [B0.550000][L0.650000],apply counts 69751, apply_generated 0
restarts          :           11
conflicts         :        14564           (     3201 / sec      )
decisions         :        26951           (     5923 / sec      )
propagations      :     15472457           (  3400540 / sec      )
inspects          :     24579144           (  5402010 / sec      )
conflict literals :      1094559           (     3.89 % deleted  )
CPU time          :         4.55 sec
UNSATISFIABLE

******  Solve with 77 layers Start******

creating action-based encoding:
        building rplan graph layers, up to layer [77];
        goal constraints;
        building exclusion constraints --> up to layer 77...

DECISION LAYER 77, WRITING ACTION-BASED ENCODING WITH 182474 VARS, 22950034 CLAUSES.
2 G clauses, 488338 A clauses, 22461694 E clauses.c CNF file planning task -p , -o /home/matheus/repo/acervo-2010/planejadores_analise_resultados/comp/mystery/domain.pddl, -f /home/matheus/repo/acervo-2010/planejadores_analise_resultados/comp/mystery/pfile16, bound 77, action based encoding
In building up solver: p cnf 182474 22950034
==================================[ MINISAT ]===================================
| Conflicts |     ORIGINAL     |              LEARNT              | Progress |
|           | Clauses Literals |   Limit Clauses Literals  Lit/Cl |          |
==============================================================================
|         0 | 22950034 65539557 | 7650011       0        0     0.0 |  0.000 % |
|       100 | 22949917 65539314 | 8415012      93     2410    25.9 |  0.515 % |
|       250 | 22949917 65539314 | 9256513     243     5536    22.8 |  0.515 % |
|       475 | 22949917 65539314 | 10182165     468    12091    25.8 |  0.515 % |
|       812 | 22949917 65539314 | 11200381     805    28816    35.8 |  0.515 % |
|      1318 | 22949917 65539314 | 12320419    1311    50556    38.6 |  0.515 % |
|      2077 | 22949917 65539314 | 13552461    2069   226996   109.7 |  0.516 % |
|      3216 | 22949917 65539314 | 14907707    3206   459415   143.3 |  0.517 % |
|      4924 | 22949917 65539314 | 16398478    4914   613544   124.9 |  0.517 % |
|      7486 | 22949917 65539314 | 18038326    7474   927225   124.1 |  0.518 % |
|     11330 | 22949917 65539314 | 19842158   11304  1326259   117.3 |  0.541 % |
|     17097 | 22949917 65539314 | 21826374   17064  1757246   103.0 |  1.503 % |
|     25747 | 22949917 65539314 | 24009012   25714  2737646   106.5 |  1.503 % |
|     38721 | 22949917 65539314 | 26409913   38687  4995446   129.1 |  1.504 % |
==============================================================================
Totoal time used by londex constraint checking is [B2.590000][L2.160000],apply counts 289618, apply_generated 0
restarts          :           14
conflicts         :        51145           (     2559 / sec      )
decisions         :        82676           (     4136 / sec      )
propagations      :     60512062           (  3027117 / sec      )
inspects          :    116194056           (  5812609 / sec      )
conflict literals :      6954883           (    10.89 % deleted  )
CPU time          :        19.99 sec
UNSATISFIABLE

******  Solve with 78 layers Start******

creating action-based encoding:
        building rplan graph layers, up to layer [78];
        goal constraints;
        building exclusion constraints --> up to layer 78...

DECISION LAYER 78, WRITING ACTION-BASED ENCODING WITH 184957 VARS, 23265282 CLAUSES.
2 G clauses, 494991 A clauses, 22770289 E clauses.c CNF file planning task -p , -o /home/matheus/repo/acervo-2010/planejadores_analise_resultados/comp/mystery/domain.pddl, -f /home/matheus/repo/acervo-2010/planejadores_analise_resultados/comp/mystery/pfile16, bound 78, action based encoding
In building up solver: p cnf 184957 23265282
==================================[ MINISAT ]===================================
| Conflicts |     ORIGINAL     |              LEARNT              | Progress |
|           | Clauses Literals |   Limit Clauses Literals  Lit/Cl |          |
==============================================================================
|         0 | 23265282 66442345 | 7755094       0        0     0.0 |  0.000 % |
|       100 | 23265165 66442102 | 8530603      95     1530    16.1 |  0.509 % |
|       250 | 23265165 66442102 | 9383664     245     6884    28.1 |  0.509 % |
|       475 | 23265165 66442102 | 10322030     470    15156    32.2 |  0.509 % |
|       812 | 23265165 66442102 | 11354233     807    24513    30.4 |  0.509 % |
|      1318 | 23265165 66442102 | 12489656    1313    45987    35.0 |  0.509 % |
|      2077 | 23265165 66442102 | 13738622    2072    70274    33.9 |  0.509 % |
|      3216 | 23265165 66442102 | 15112484    3211   106943    33.3 |  0.509 % |
|      4924 | 23265165 66442102 | 16623733    4912   248527    50.6 |  0.916 % |
==============================================================================
Totoal time used by londex constraint checking is [B0.290000][L0.330000],apply counts 32517, apply_generated 0
restarts          :            9
conflicts         :         5694           (     2343 / sec      )
decisions         :        12732           (     5240 / sec      )
propagations      :      8423356           (  3466402 / sec      )
inspects          :     12234830           (  5034909 / sec      )
conflict literals :       383943           (     2.98 % deleted  )
CPU time          :         2.43 sec
UNSATISFIABLE

******  Solve with 79 layers Start******

creating action-based encoding:
        building rplan graph layers, up to layer [79];
        goal constraints;
        building exclusion constraints --> up to layer 79...

DECISION LAYER 79, WRITING ACTION-BASED ENCODING WITH 187440 VARS, 23580530 CLAUSES.
2 G clauses, 501644 A clauses, 23078884 E clauses.c CNF file planning task -p , -o /home/matheus/repo/acervo-2010/planejadores_analise_resultados/comp/mystery/domain.pddl, -f /home/matheus/repo/acervo-2010/planejadores_analise_resultados/comp/mystery/pfile16, bound 79, action based encoding
In building up solver: p cnf 187440 23580530
==================================[ MINISAT ]===================================
| Conflicts |     ORIGINAL     |              LEARNT              | Progress |
|           | Clauses Literals |   Limit Clauses Literals  Lit/Cl |          |
==============================================================================
|         0 | 23580530 67345133 | 7860176       0        0     0.0 |  0.000 % |
|       100 | 23580413 67344890 | 8646194      93     3507    37.7 |  0.501 % |
|       250 | 23580413 67344890 | 9510813     243     8402    34.6 |  0.501 % |
|       475 | 23580413 67344890 | 10461894     468    20668    44.2 |  0.501 % |
|       812 | 23580413 67344890 | 11508084     805    32727    40.7 |  0.501 % |
|      1318 | 23580413 67344890 | 12658892    1311    50345    38.4 |  0.501 % |
|      2077 | 23580413 67344890 | 13924781    2070    71720    34.6 |  0.501 % |
|      3216 | 23580413 67344890 | 15317259    3209   129831    40.5 |  0.501 % |
|      4924 | 23580413 67344890 | 16848985    4915   215545    43.9 |  0.503 % |
|      7486 | 23580413 67344890 | 18533884    7474   378015    50.6 |  0.504 % |
|     11330 | 23580413 67344890 | 20387272   11309   894941    79.1 |  0.925 % |
|     17096 | 23580413 67344890 | 22425999   17073  1496066    87.6 |  0.926 % |
|     25745 | 23580413 67344890 | 24668599   25715  2486780    96.7 |  1.955 % |
|     38719 | 23580413 67344890 | 27135459   38683  3365317    87.0 |  2.389 % |
==============================================================================
Totoal time used by londex constraint checking is [B2.330000][L2.280000],apply counts 275238, apply_generated 0
restarts          :           14
conflicts         :        54678           (     3516 / sec      )
decisions         :        96643           (     6215 / sec      )
propagations      :     44385468           (  2854371 / sec      )
inspects          :     91580069           (  5889394 / sec      )
conflict literals :      6105097           (     4.65 % deleted  )
CPU time          :        15.55 sec
UNSATISFIABLE

******  Solve with 80 layers Start******

creating action-based encoding:
        building rplan graph layers, up to layer [80];
        goal constraints;
        building exclusion constraints --> up to layer 80...

DECISION LAYER 80, WRITING ACTION-BASED ENCODING WITH 189923 VARS, 23895778 CLAUSES.
2 G clauses, 508297 A clauses, 23387479 E clauses.c CNF file planning task -p , -o /home/matheus/repo/acervo-2010/planejadores_analise_resultados/comp/mystery/domain.pddl, -f /home/matheus/repo/acervo-2010/planejadores_analise_resultados/comp/mystery/pfile16, bound 80, action based encoding
In building up solver: p cnf 189923 23895778
==================================[ MINISAT ]===================================
| Conflicts |     ORIGINAL     |              LEARNT              | Progress |
|           | Clauses Literals |   Limit Clauses Literals  Lit/Cl |          |
==============================================================================
|         0 | 23895778 68247921 | 7965259       0        0     0.0 |  0.000 % |
|       100 | 23895661 68247678 | 8761785      97     7138    73.6 |  0.402 % |
|       250 | 23895661 68247678 | 9637963     247    11385    46.1 |  0.402 % |
|       475 | 23895661 68247678 | 10601760     472    31805    67.4 |  0.402 % |
|       812 | 23895661 68247678 | 11661936     809    51034    63.1 |  0.402 % |
|      1318 | 23895661 68247678 | 12828129    1315    70708    53.8 |  0.402 % |
|      2077 | 23895661 68247678 | 14110942    2074   109796    52.9 |  0.402 % |
|      3216 | 23895661 68247678 | 15522036    3197   152806    47.8 |  2.349 % |
|      4924 | 23895661 68247678 | 17074240    4905   303343    61.8 |  2.349 % |
|      7486 | 23895661 68247678 | 18781664    7465  3804962   509.7 |  2.350 % |
|     11330 | 23895661 68247678 | 20659830   11307  4019003   355.4 |  2.351 % |
|     17096 | 23895661 68247678 | 22725814   17072  5789706   339.1 |  2.351 % |
|     25746 | 23895661 68247678 | 24998395   25715  7343293   285.6 |  2.432 % |
|     38720 | 23895661 68247678 | 27498234   38673  8587311   222.0 |  2.873 % |
|     58181 | 23895661 68247678 | 30248058   58096 11597498   199.6 |  6.088 % |
|     87373 | 21497381 62326053 | 33272864   85447 17370427   203.3 |  7.650 % |
==============================================================================
Totoal time used by londex constraint checking is [B7.380000][L6.850000],apply counts 895812, apply_generated 0
restarts          :           16
conflicts         :        92705           (     1980 / sec      )
decisions         :       133547           (     2852 / sec      )
propagations      :    150174337           (  3207483 / sec      )
inspects          :    279291003           (  5965207 / sec      )
conflict literals :     18125928           (    12.32 % deleted  )
CPU time          :        46.82 sec
UNSATISFIABLE

******  Solve with 81 layers Start******

creating action-based encoding:
        building rplan graph layers, up to layer [81];
        goal constraints;
        building exclusion constraints --> up to layer 81...

DECISION LAYER 81, WRITING ACTION-BASED ENCODING WITH 192406 VARS, 24211026 CLAUSES.
2 G clauses, 514950 A clauses, 23696074 E clauses.c CNF file planning task -p , -o /home/matheus/repo/acervo-2010/planejadores_analise_resultados/comp/mystery/domain.pddl, -f /home/matheus/repo/acervo-2010/planejadores_analise_resultados/comp/mystery/pfile16, bound 81, action based encoding
In building up solver: p cnf 192406 24211026
==================================[ MINISAT ]===================================
| Conflicts |     ORIGINAL     |              LEARNT              | Progress |
|           | Clauses Literals |   Limit Clauses Literals  Lit/Cl |          |
==============================================================================
|         0 | 24211026 69150709 | 8070342       0        0     0.0 |  0.000 % |
|       100 | 24210909 69150466 | 8877376      93     3361    36.1 |  0.489 % |
|       250 | 24210909 69150466 | 9765114     243     7258    29.9 |  0.489 % |
|       475 | 24210909 69150466 | 10741625     468    14403    30.8 |  0.489 % |
|       812 | 24210909 69150466 | 11815788     805    19976    24.8 |  0.489 % |
|      1320 | 24210909 69150466 | 12997366    1306    41625    31.9 |  0.767 % |
|      2079 | 24210909 69150466 | 14297103    2059    60695    29.5 |  2.491 % |
|      3218 | 24210909 69150466 | 15726813    3196   243208    76.1 |  2.492 % |
|      4926 | 24210909 69150466 | 17299495    4903   353620    72.1 |  2.492 % |
|      7488 | 24210909 69150466 | 19029444    7464   814165   109.1 |  2.493 % |
|     11332 | 24210909 69150466 | 20932389   11308  1080652    95.6 |  2.493 % |
|     17098 | 24210909 69150466 | 23025628   17072  1952247   114.4 |  2.494 % |
==============================================================================
Totoal time used by londex constraint checking is [B1.700000][L1.400000],apply counts 191375, apply_generated 0
restarts          :           12
conflicts         :        23866           (     2340 / sec      )
decisions         :        39356           (     3858 / sec      )
propagations      :     37793894           (  3705284 / sec      )
inspects          :     67906152           (  6657466 / sec      )
conflict literals :      2826066           (     6.67 % deleted  )
CPU time          :        10.20 sec
UNSATISFIABLE

******  Solve with 82 layers Start******

creating action-based encoding:
        building rplan graph layers, up to layer [82];
        goal constraints;
        building exclusion constraints --> up to layer 82...

DECISION LAYER 82, WRITING ACTION-BASED ENCODING WITH 194889 VARS, 24526274 CLAUSES.
2 G clauses, 521603 A clauses, 24004669 E clauses.c CNF file planning task -p , -o /home/matheus/repo/acervo-2010/planejadores_analise_resultados/comp/mystery/domain.pddl, -f /home/matheus/repo/acervo-2010/planejadores_analise_resultados/comp/mystery/pfile16, bound 82, action based encoding
In building up solver: p cnf 194889 24526274
==================================[ MINISAT ]===================================
| Conflicts |     ORIGINAL     |              LEARNT              | Progress |
|           | Clauses Literals |   Limit Clauses Literals  Lit/Cl |          |
==============================================================================
|         0 | 24526274 70053497 | 8175424       0        0     0.0 |  0.000 % |
|       100 | 24526157 70053254 | 8992966      95     2479    26.1 |  0.483 % |
|       250 | 24526157 70053254 | 9892263     245     5667    23.1 |  0.483 % |
|       475 | 24526157 70053254 | 10881489     470    11479    24.4 |  0.483 % |
|       812 | 24526157 70053254 | 11969638     795    44998    56.6 |  0.531 % |
|      1318 | 24526157 70053254 | 13166602    1301    60963    46.9 |  0.531 % |
|      2077 | 24526157 70053254 | 14483262    2045    89097    43.6 |  1.846 % |
|      3216 | 24526157 70053254 | 15931589    3174   137511    43.3 |  3.816 % |
|      4924 | 24526157 70053254 | 17524747    4882   218339    44.7 |  3.816 % |
|      7486 | 24526157 70053254 | 19277222    7442   699641    94.0 |  3.817 % |
|     11330 | 24526157 70053254 | 21204944   11281  1015126    90.0 |  4.749 % |
|     17096 | 24526157 70053254 | 23325439   17044  1879570   110.3 |  4.751 % |
==============================================================================
Totoal time used by londex constraint checking is [B0.980000][L0.970000],apply counts 126299, apply_generated 0
restarts          :           12
conflicts         :        23319           (     3028 / sec      )
decisions         :        40305           (     5234 / sec      )
propagations      :     24783130           (  3218588 / sec      )
inspects          :     45152267           (  5863931 / sec      )
conflict literals :      2438530           (     3.86 % deleted  )
CPU time          :         7.70 sec
UNSATISFIABLE

******  Solve with 83 layers Start******

creating action-based encoding:
        building rplan graph layers, up to layer [83];
        goal constraints;
        building exclusion constraints --> up to layer 83...

DECISION LAYER 83, WRITING ACTION-BASED ENCODING WITH 197372 VARS, 24841522 CLAUSES.
2 G clauses, 528256 A clauses, 24313264 E clauses.c CNF file planning task -p , -o /home/matheus/repo/acervo-2010/planejadores_analise_resultados/comp/mystery/domain.pddl, -f /home/matheus/repo/acervo-2010/planejadores_analise_resultados/comp/mystery/pfile16, bound 83, action based encoding
In building up solver: p cnf 197372 24841522
==================================[ MINISAT ]===================================
| Conflicts |     ORIGINAL     |              LEARNT              | Progress |
|           | Clauses Literals |   Limit Clauses Literals  Lit/Cl |          |
==============================================================================
|         0 | 24841522 70956285 | 8280507       0        0     0.0 |  0.000 % |
|       100 | 24841405 70956042 | 9108558      94     1806    19.2 |  0.432 % |
|       250 | 24841405 70956042 | 10019413     243    16854    69.4 |  0.433 % |
|       476 | 24841405 70956042 | 11021355     469   109850   234.2 |  0.433 % |
|       813 | 24841405 70956042 | 12123490     806   138871   172.3 |  0.433 % |
|      1319 | 24841405 70956042 | 13335839    1312   182899   139.4 |  0.433 % |
|      2078 | 24841405 70956042 | 14669423    2071   235327   113.6 |  0.433 % |
|      3217 | 24841405 70956042 | 16136366    3204   283231    88.4 |  1.251 % |
|      4926 | 24841405 70956042 | 17750002    4906   564700   115.1 |  1.437 % |
|      7488 | 24841405 70956042 | 19525002    7466   796866   106.7 |  1.472 % |
==============================================================================
Totoal time used by londex constraint checking is [B0.540000][L0.280000],apply counts 53802, apply_generated 0
restarts          :           10
conflicts         :         7946           (     1857 / sec      )
decisions         :        14473           (     3382 / sec      )
propagations      :     14578432           (  3406176 / sec      )
inspects          :     20642292           (  4822965 / sec      )
conflict literals :       856136           (     3.87 % deleted  )
CPU time          :         4.28 sec
UNSATISFIABLE

******  Solve with 84 layers Start******

creating action-based encoding:
        building rplan graph layers, up to layer [84];
        goal constraints;
        building exclusion constraints --> up to layer 84...

DECISION LAYER 84, WRITING ACTION-BASED ENCODING WITH 199855 VARS, 25156770 CLAUSES.
2 G clauses, 534909 A clauses, 24621859 E clauses.c CNF file planning task -p , -o /home/matheus/repo/acervo-2010/planejadores_analise_resultados/comp/mystery/domain.pddl, -f /home/matheus/repo/acervo-2010/planejadores_analise_resultados/comp/mystery/pfile16, bound 84, action based encoding
In building up solver: p cnf 199855 25156770
==================================[ MINISAT ]===================================
| Conflicts |     ORIGINAL     |              LEARNT              | Progress |
|           | Clauses Literals |   Limit Clauses Literals  Lit/Cl |          |
==============================================================================
|         0 | 25156770 71859073 | 8385590       0        0     0.0 |  0.000 % |
|       100 | 25156653 71858830 | 9224149      94     2815    29.9 |  0.470 % |
|       250 | 25156653 71858830 | 10146564     244     6763    27.7 |  0.470 % |
|       475 | 25156653 71858830 | 11161220     469    13657    29.1 |  0.470 % |
|       812 | 25156653 71858830 | 12277342     806    28516    35.4 |  0.470 % |
|      1318 | 25156653 71858830 | 13505077    1312    43907    33.5 |  0.470 % |
|      2077 | 25156653 71858830 | 14855584    2071    68348    33.0 |  0.470 % |
|      3216 | 25156653 71858830 | 16341143    3210   101899    31.7 |  0.470 % |
|      4924 | 25156653 71858830 | 17975257    4918   223030    45.3 |  0.470 % |
|      7487 | 25156653 71858830 | 19772783    7477   375218    50.2 |  1.273 % |
|     11331 | 25156653 71858830 | 21750061   11320   657574    58.1 |  1.274 % |
|     17097 | 25156653 71858830 | 23925067   17083  1216913    71.2 |  1.275 % |
|     25746 | 25156653 71858830 | 26317574   25719  2744997   106.7 |  1.831 % |
==============================================================================
Totoal time used by londex constraint checking is [B1.210000][L1.360000],apply counts 153634, apply_generated 0
restarts          :           13
conflicts         :        32214           (     3886 / sec      )
decisions         :        52997           (     6393 / sec      )
propagations      :     24765640           (  2987411 / sec      )
inspects          :     45893568           (  5536015 / sec      )
conflict literals :      3123764           (     4.59 % deleted  )
CPU time          :         8.29 sec
UNSATISFIABLE

******  Solve with 85 layers Start******

creating action-based encoding:
        building rplan graph layers, up to layer [85];
        goal constraints;
        building exclusion constraints --> up to layer 85...

DECISION LAYER 85, WRITING ACTION-BASED ENCODING WITH 202338 VARS, 25472018 CLAUSES.
2 G clauses, 541562 A clauses, 24930454 E clauses.c CNF file planning task -p , -o /home/matheus/repo/acervo-2010/planejadores_analise_resultados/comp/mystery/domain.pddl, -f /home/matheus/repo/acervo-2010/planejadores_analise_resultados/comp/mystery/pfile16, bound 85, action based encoding
In building up solver: p cnf 202338 25472018
==================================[ MINISAT ]===================================
| Conflicts |     ORIGINAL     |              LEARNT              | Progress |
|           | Clauses Literals |   Limit Clauses Literals  Lit/Cl |          |
==============================================================================
|         0 | 25472018 72761861 | 8490672       0        0     0.0 |  0.000 % |
|       101 | 25472018 72761861 | 9339739     101     1579    15.6 |  0.000 % |
|       251 | 25471951 72761726 | 10273713     247    16476    66.7 |  0.001 % |
|       476 | 25471951 72761726 | 11301084     470    21231    45.2 |  0.033 % |
|       813 | 25471951 72761726 | 12431193     807    30499    37.8 |  0.033 % |
|      1319 | 25471951 72761726 | 13674312    1312    67331    51.3 |  0.034 % |
|      2078 | 25471951 72761726 | 15041743    2071   126848    61.2 |  0.034 % |
|      3217 | 25471951 72761726 | 16545918    3210   378618   117.9 |  0.034 % |
|      4925 | 25471951 72761726 | 18200509    4917   740545   150.6 |  0.034 % |
|      7487 | 25471951 72761726 | 20020560    7469  2292605   306.9 |  0.093 % |
|     11331 | 25471951 72761726 | 22022616   11306  2841005   251.3 |  0.097 % |
|     17097 | 25471951 72761726 | 24224878   17068  3480395   203.9 |  0.139 % |
|     25746 | 25471951 72761726 | 26647366   25690  4774108   185.8 |  7.848 % |
==============================================================================
Totoal time used by londex constraint checking is [B1.250000][L1.140000],apply counts 147689, apply_generated 0
restarts          :           13
conflicts         :        26683           (     2522 / sec      )
decisions         :        46262           (     4373 / sec      )
propagations      :     29435151           (  2782150 / sec      )
inspects          :     58419373           (  5521680 / sec      )
conflict literals :      4895020           (     2.01 % deleted  )
CPU time          :        10.58 sec
UNSATISFIABLE

******  Solve with 86 layers Start******

creating action-based encoding:
        building rplan graph layers, up to layer [86];
        goal constraints;
        building exclusion constraints --> up to layer 86...

DECISION LAYER 86, WRITING ACTION-BASED ENCODING WITH 204821 VARS, 25787266 CLAUSES.
2 G clauses, 548215 A clauses, 25239049 E clauses.c CNF file planning task -p , -o /home/matheus/repo/acervo-2010/planejadores_analise_resultados/comp/mystery/domain.pddl, -f /home/matheus/repo/acervo-2010/planejadores_analise_resultados/comp/mystery/pfile16, bound 86, action based encoding
In building up solver: p cnf 204821 25787266
==================================[ MINISAT ]===================================
| Conflicts |     ORIGINAL     |              LEARNT              | Progress |
|           | Clauses Literals |   Limit Clauses Literals  Lit/Cl |          |
==============================================================================
|         0 | 25787266 73664649 | 8595755       0        0     0.0 |  0.000 % |
|       100 | 25787149 73664406 | 9455330      94     2467    26.2 |  0.459 % |
|       250 | 25787149 73664406 | 10400864     244     7032    28.8 |  0.459 % |
|       475 | 25787149 73664406 | 11440950     469    13543    28.9 |  0.459 % |
|       812 | 25787149 73664406 | 12585045     806    23369    29.0 |  0.459 % |
|      1318 | 25787149 73664406 | 13843549    1312    36363    27.7 |  0.459 % |
|      2077 | 25787149 73664406 | 15227904    2071    67069    32.4 |  0.459 % |
|      3217 | 25787149 73664406 | 16750695    3211    94931    29.6 |  0.459 % |
|      4925 | 25787149 73664406 | 18425764    4915   195735    39.8 |  0.782 % |
|      7487 | 25787149 73664406 | 20268341    7475  1950062   260.9 |  0.783 % |
|     11331 | 25787149 73664406 | 22295175   11317  2466521   217.9 |  0.784 % |
==============================================================================
Totoal time used by londex constraint checking is [B0.810000][L0.830000],apply counts 98202, apply_generated 0
restarts          :           11
conflicts         :        15023           (     1516 / sec      )
decisions         :        28797           (     2906 / sec      )
propagations      :     21012289           (  2120312 / sec      )
inspects          :     39007508           (  3936176 / sec      )
conflict literals :      2819050           (     3.63 % deleted  )
CPU time          :         9.91 sec
UNSATISFIABLE

******  Solve with 87 layers Start******

creating action-based encoding:
        building rplan graph layers, up to layer [87];
        goal constraints;
        building exclusion constraints --> up to layer 87...

DECISION LAYER 87, WRITING ACTION-BASED ENCODING WITH 207304 VARS, 26102514 CLAUSES.
2 G clauses, 554868 A clauses, 25547644 E clauses.c CNF file planning task -p , -o /home/matheus/repo/acervo-2010/planejadores_analise_resultados/comp/mystery/domain.pddl, -f /home/matheus/repo/acervo-2010/planejadores_analise_resultados/comp/mystery/pfile16, bound 87, action based encoding
In building up solver: p cnf 207304 26102514
==================================[ MINISAT ]===================================
| Conflicts |     ORIGINAL     |              LEARNT              | Progress |
|           | Clauses Literals |   Limit Clauses Literals  Lit/Cl |          |
==============================================================================
|         0 | 26102514 74567437 | 8700838       0        0     0.0 |  0.000 % |
|       100 | 26102397 74567194 | 9570922      94    62207   661.8 |  0.453 % |
|       250 | 26102397 74567194 | 10528014     244    67126   275.1 |  0.453 % |
|       475 | 26102397 74567194 | 11580815     469    83081   177.1 |  0.453 % |
|       812 | 26102397 74567194 | 12738897     801    96949   121.0 |  0.761 % |
|      1318 | 26102397 74567194 | 14012787    1307   120393    92.1 |  0.761 % |
|      2078 | 26102397 74567194 | 15414065    2067   147198    71.2 |  0.761 % |
|      3217 | 26102397 74567194 | 16955472    3205   300635    93.8 |  0.762 % |
|      4925 | 26102397 74567194 | 18651019    4913   385272    78.4 |  0.762 % |
|      7487 | 26102397 74567194 | 20516121    7469   499864    66.9 |  0.765 % |
|     11331 | 26102397 74567194 | 22567733   11312  1462764   129.3 |  0.766 % |
|     17097 | 26102397 74567194 | 24824506   17076  2033797   119.1 |  0.781 % |
|     25746 | 26102397 74567194 | 27306957   25720  2614553   101.7 |  1.642 % |
|     38720 | 26102397 74567194 | 30037653   38692  7633436   197.3 |  1.643 % |
|     58181 | 26102397 74567194 | 33041418   58135 10383730   178.6 |  4.045 % |
|     87373 | 24571778 70800198 | 36345560   86378 13921362   161.2 |  5.052 % |
==============================================================================
Totoal time used by londex constraint checking is [B6.360000][L6.080000],apply counts 764850, apply_generated 0
restarts          :           16
conflicts         :        93069           (     2084 / sec      )
decisions         :       139302           (     3120 / sec      )
propagations      :    137766904           (  3085485 / sec      )
inspects          :    276488335           (  6192348 / sec      )
conflict literals :     16957029           (    12.54 % deleted  )
CPU time          :        44.65 sec
UNSATISFIABLE

******  Solve with 88 layers Start******

creating action-based encoding:
        building rplan graph layers, up to layer [88];
        goal constraints;
        building exclusion constraints --> up to layer 88...

DECISION LAYER 88, WRITING ACTION-BASED ENCODING WITH 209787 VARS, 26417762 CLAUSES.
2 G clauses, 561521 A clauses, 25856239 E clauses.c CNF file planning task -p , -o /home/matheus/repo/acervo-2010/planejadores_analise_resultados/comp/mystery/domain.pddl, -f /home/matheus/repo/acervo-2010/planejadores_analise_resultados/comp/mystery/pfile16, bound 88, action based encoding
In building up solver: p cnf 209787 26417762
==================================[ MINISAT ]===================================
| Conflicts |     ORIGINAL     |              LEARNT              | Progress |
|           | Clauses Literals |   Limit Clauses Literals  Lit/Cl |          |
==============================================================================
|         0 | 26417762 75470225 | 8805920       0        0     0.0 |  0.000 % |
|       101 | 26417645 75469982 | 9686512      96     1811    18.9 |  0.407 % |
|       251 | 26417645 75469982 | 10655163     244    11950    49.0 |  0.408 % |
|       476 | 26417645 75469982 | 11720680     464    28793    62.1 |  0.428 % |
|       813 | 26417645 75469982 | 12892747     796    83096   104.4 |  0.461 % |
|      1319 | 26417645 75469982 | 14182022    1302   117178    90.0 |  0.461 % |
|      2078 | 26417645 75469982 | 15600224    2058   220466   107.1 |  0.494 % |
|      3217 | 26417645 75469982 | 17160247    3189   303083    95.0 |  3.412 % |
==============================================================================
Totoal time used by londex constraint checking is [B0.360000][L0.280000],apply counts 37880, apply_generated 0
restarts          :            8
conflicts         :         4005           (     1001 / sec      )
decisions         :         7440           (     1860 / sec      )
propagations      :     14004907           (  3501227 / sec      )
inspects          :     18817667           (  4704417 / sec      )
conflict literals :       460350           (     4.81 % deleted  )
CPU time          :         4.00 sec
UNSATISFIABLE

******  Solve with 89 layers Start******

creating action-based encoding:
        building rplan graph layers, up to layer [89];
        goal constraints;
        building exclusion constraints --> up to layer 89...

DECISION LAYER 89, WRITING ACTION-BASED ENCODING WITH 212270 VARS, 26733010 CLAUSES.
2 G clauses, 568174 A clauses, 26164834 E clauses.c CNF file planning task -p , -o /home/matheus/repo/acervo-2010/planejadores_analise_resultados/comp/mystery/domain.pddl, -f /home/matheus/repo/acervo-2010/planejadores_analise_resultados/comp/mystery/pfile16, bound 89, action based encoding
In building up solver: p cnf 212270 26733010
==================================[ MINISAT ]===================================
| Conflicts |     ORIGINAL     |              LEARNT              | Progress |
|           | Clauses Literals |   Limit Clauses Literals  Lit/Cl |          |
==============================================================================
|         0 | 26733010 76373013 | 8911003       0        0     0.0 |  0.000 % |
|       100 | 26732893 76372770 | 9802103      96     5501    57.3 |  0.153 % |
|       250 | 26732893 76372770 | 10782314     235     9669    41.1 |  1.649 % |
|       475 | 26732893 76372770 | 11860545     459    42801    93.2 |  1.650 % |
|       812 | 26732893 76372770 | 13046599     796    61948    77.8 |  1.650 % |
|      1318 | 26732893 76372770 | 14351259    1302    77333    59.4 |  1.650 % |
|      2077 | 26732893 76372770 | 15786385    2056   127253    61.9 |  2.015 % |
|      3216 | 26732893 76372770 | 17365024    3193   225961    70.8 |  2.016 % |
|      4924 | 26732893 76372770 | 19101526    4901   365658    74.6 |  2.016 % |
|      7486 | 26732893 76372770 | 21011679    7463   527467    70.7 |  2.016 % |
|     11330 | 26732893 76372770 | 23112847   11307   758685    67.1 |  2.016 % |
|     17096 | 26732893 76372770 | 25424132   17061  1297491    76.1 |  2.192 % |
|     25745 | 26732893 76372770 | 27966545   25703  1934854    75.3 |  2.914 % |
==============================================================================
Totoal time used by londex constraint checking is [B1.340000][L1.800000],apply counts 191211, apply_generated 0
restarts          :           13
conflicts         :        34901           (     1689 / sec      )
decisions         :        63913           (     3094 / sec      )
propagations      :     34538573           (  1671761 / sec      )
inspects          :     61962695           (  2999162 / sec      )
conflict literals :      3314193           (     4.85 % deleted  )
CPU time          :        20.66 sec
UNSATISFIABLE

******  Solve with 90 layers Start******

creating action-based encoding:
        building rplan graph layers, up to layer [90];
        goal constraints;
        building exclusion constraints --> up to layer 90...

DECISION LAYER 90, WRITING ACTION-BASED ENCODING WITH 214753 VARS, 27048258 CLAUSES.
2 G clauses, 574827 A clauses, 26473429 E clauses.c CNF file planning task -p , -o /home/matheus/repo/acervo-2010/planejadores_analise_resultados/comp/mystery/domain.pddl, -f /home/matheus/repo/acervo-2010/planejadores_analise_resultados/comp/mystery/pfile16, bound 90, action based encoding
In building up solver: p cnf 214753 27048258
==================================[ MINISAT ]===================================
| Conflicts |     ORIGINAL     |              LEARNT              | Progress |
|           | Clauses Literals |   Limit Clauses Literals  Lit/Cl |          |
==============================================================================
|         0 | 27048258 77275801 | 9016086       0        0     0.0 |  0.000 % |
|       100 | 27048141 77275558 | 9917695      98    19113   195.0 |  0.000 % |
|       250 | 27048141 77275558 | 10909464     245    29842   121.8 |  0.002 % |
|       475 | 27048141 77275558 | 12000410     470    33923    72.2 |  0.002 % |
|       812 | 27048141 77275558 | 13200452     807    58987    73.1 |  0.002 % |
|      1318 | 27048141 77275558 | 14520497    1313    95000    72.4 |  0.002 % |
|      2077 | 27048141 77275558 | 15972546    2066   122251    59.2 |  0.005 % |
|      3216 | 27048141 77275558 | 17569801    3202   213653    66.7 |  0.731 % |
|      4924 | 27048141 77275558 | 19326781    4907   323852    66.0 |  0.732 % |
==============================================================================
Totoal time used by londex constraint checking is [B0.450000][L0.550000],apply counts 59512, apply_generated 0
restarts          :            9
conflicts         :         6785           (     1072 / sec      )
decisions         :        12576           (     1987 / sec      )
propagations      :     16883611           (  2667237 / sec      )
inspects          :     23634694           (  3733759 / sec      )
conflict literals :       812341           (     7.24 % deleted  )
CPU time          :         6.33 sec
UNSATISFIABLE

******  Solve with 91 layers Start******

creating action-based encoding:
        building rplan graph layers, up to layer [91];
        goal constraints;
        building exclusion constraints --> up to layer 91...

DECISION LAYER 91, WRITING ACTION-BASED ENCODING WITH 217236 VARS, 27363506 CLAUSES.
2 G clauses, 581480 A clauses, 26782024 E clauses.c CNF file planning task -p , -o /home/matheus/repo/acervo-2010/planejadores_analise_resultados/comp/mystery/domain.pddl, -f /home/matheus/repo/acervo-2010/planejadores_analise_resultados/comp/mystery/pfile16, bound 91, action based encoding
In building up solver: p cnf 217236 27363506
==================================[ MINISAT ]===================================
| Conflicts |     ORIGINAL     |              LEARNT              | Progress |
|           | Clauses Literals |   Limit Clauses Literals  Lit/Cl |          |
==============================================================================
|         0 | 27363506 78178589 | 9121168       0        0     0.0 |  0.000 % |
|       100 | 27363389 78178346 | 10033285      97     7765    80.1 |  0.351 % |
|       258 | 27363389 78178346 | 11036613     255    34489   135.3 |  0.351 % |
|       484 | 27363389 78178346 | 12140275     475    60305   127.0 |  0.722 % |
|       821 | 27363389 78178346 | 13354302     812   119803   147.5 |  0.722 % |
|      1328 | 27363389 78178346 | 14689732    1315   159847   121.6 |  0.727 % |
|      2087 | 27363389 78178346 | 16158706    2074   208808   100.7 |  0.727 % |
|      3226 | 27363389 78178346 | 17774576    3210   283440    88.3 |  1.511 % |
|      4934 | 27363389 78178346 | 19552034    4918   339002    68.9 |  1.511 % |
|      7497 | 27363389 78178346 | 21507237    7475   523139    70.0 |  1.913 % |
|     11341 | 27363389 78178346 | 23657961   11319  1172106   103.6 |  1.913 % |
==============================================================================
Totoal time used by londex constraint checking is [B0.950000][L0.860000],apply counts 117868, apply_generated 0
restarts          :           11
conflicts         :        16793           (     1486 / sec      )
decisions         :        26999           (     2389 / sec      )
propagations      :     33816697           (  2992628 / sec      )
inspects          :     50025164           (  4427006 / sec      )
conflict literals :      1849959           (     5.92 % deleted  )
CPU time          :        11.30 sec
UNSATISFIABLE

******  Solve with 92 layers Start******

creating action-based encoding:
        building rplan graph layers, up to layer [92];
        goal constraints;
        building exclusion constraints --> up to layer 92...

DECISION LAYER 92, WRITING ACTION-BASED ENCODING WITH 219719 VARS, 27678754 CLAUSES.
2 G clauses, 588133 A clauses, 27090619 E clauses.c CNF file planning task -p , -o /home/matheus/repo/acervo-2010/planejadores_analise_resultados/comp/mystery/domain.pddl, -f /home/matheus/repo/acervo-2010/planejadores_analise_resultados/comp/mystery/pfile16, bound 92, action based encoding
In building up solver: p cnf 219719 27678754
==================================[ MINISAT ]===================================
| Conflicts |     ORIGINAL     |              LEARNT              | Progress |
|           | Clauses Literals |   Limit Clauses Literals  Lit/Cl |          |
==============================================================================
|         0 | 27678754 79081377 | 9226251       0        0     0.0 |  0.000 % |
|       100 | 27678637 79081134 | 10148876      95     1502    15.8 |  0.388 % |
|       250 | 27678637 79081134 | 11163764     245    23194    94.7 |  0.388 % |
|       475 | 27678637 79081134 | 12280140     470    31661    67.4 |  0.388 % |
|       812 | 27678637 79081134 | 13508154     807    38953    48.3 |  0.388 % |
|      1318 | 27678637 79081134 | 14858969    1311    81726    62.3 |  0.389 % |
|      2077 | 27678637 79081134 | 16344866    2059   204424    99.3 |  1.125 % |
|      3218 | 27678637 79081134 | 17979353    3167   294215    92.9 |  1.929 % |
|      4926 | 27678637 79081134 | 19777288    4874   406371    83.4 |  1.929 % |
==============================================================================
Totoal time used by londex constraint checking is [B0.350000][L0.590000],apply counts 53305, apply_generated 0
restarts          :            9
conflicts         :         6405           (     1215 / sec      )
decisions         :        14379           (     2728 / sec      )
propagations      :     17526313           (  3325676 / sec      )
inspects          :     25019931           (  4747615 / sec      )
conflict literals :       622811           (     6.33 % deleted  )
CPU time          :         5.27 sec
UNSATISFIABLE

******  Solve with 93 layers Start******

creating action-based encoding:
        building rplan graph layers, up to layer [93];
        goal constraints;
        building exclusion constraints --> up to layer 93...

DECISION LAYER 93, WRITING ACTION-BASED ENCODING WITH 222202 VARS, 27994002 CLAUSES.
2 G clauses, 594786 A clauses, 27399214 E clauses.c CNF file planning task -p , -o /home/matheus/repo/acervo-2010/planejadores_analise_resultados/comp/mystery/domain.pddl, -f /home/matheus/repo/acervo-2010/planejadores_analise_resultados/comp/mystery/pfile16, bound 93, action based encoding
In building up solver: p cnf 222202 27994002
==================================[ MINISAT ]===================================
| Conflicts |     ORIGINAL     |              LEARNT              | Progress |
|           | Clauses Literals |   Limit Clauses Literals  Lit/Cl |          |
==============================================================================
|         0 | 27994002 79984165 | 9331334       0        0     0.0 |  0.000 % |
|       100 | 27993885 79983922 | 10264467      94    60550   644.1 |  0.423 % |
|       250 | 27993885 79983922 | 11290914     240    62344   259.8 |  0.425 % |
|       475 | 27993885 79983922 | 12420006     465    66934   143.9 |  0.425 % |
|       812 | 27993885 79983922 | 13662006     802    78636    98.0 |  0.425 % |
|      1318 | 27993885 79983922 | 15028207    1306   101155    77.5 |  0.426 % |
|      2077 | 27993885 79983922 | 16531027    2065   141225    68.4 |  0.426 % |
|      3216 | 27993885 79983922 | 18184130    3203   388840   121.4 |  0.426 % |
|      4924 | 27993885 79983922 | 20002543    4889   658759   134.7 |  0.494 % |
|      7486 | 27993885 79983922 | 22002797    7437  1053862   141.7 |  1.670 % |
|     11330 | 27993885 79983922 | 24203077   11281  1258535   111.6 |  1.670 % |
|     17096 | 27993885 79983922 | 26623385   17046  2631491   154.4 |  1.671 % |
|     25745 | 27993885 79983922 | 29285723   25694  3537459   137.7 |  1.671 % |
|     38719 | 27993885 79983922 | 32214296   38668  8374351   216.6 |  1.671 % |
|     58181 | 27993885 79983922 | 35435725   58130 11707182   201.4 |  1.671 % |
|     87373 | 27315870 78351585 | 38979298   87029 37038163   425.6 |  7.869 % |
==============================================================================
Totoal time used by londex constraint checking is [B7.560000][L6.250000],apply counts 889656, apply_generated 0
restarts          :           16
conflicts         :        89656           (     1221 / sec      )
decisions         :       123952           (     1688 / sec      )
propagations      :    207976570           (  2832696 / sec      )
inspects          :    397031547           (  5407676 / sec      )
conflict literals :     38830957           (     8.77 % deleted  )
CPU time          :        73.42 sec
UNSATISFIABLE

******  Solve with 94 layers Start******

creating action-based encoding:
        building rplan graph layers, up to layer [94];
        goal constraints;
        building exclusion constraints --> up to layer 94...

DECISION LAYER 94, WRITING ACTION-BASED ENCODING WITH 224685 VARS, 28309250 CLAUSES.
2 G clauses, 601439 A clauses, 27707809 E clauses.c CNF file planning task -p , -o /home/matheus/repo/acervo-2010/planejadores_analise_resultados/comp/mystery/domain.pddl, -f /home/matheus/repo/acervo-2010/planejadores_analise_resultados/comp/mystery/pfile16, bound 94, action based encoding
In building up solver: p cnf 224685 28309250
==================================[ MINISAT ]===================================
| Conflicts |     ORIGINAL     |              LEARNT              | Progress |
|           | Clauses Literals |   Limit Clauses Literals  Lit/Cl |          |
==============================================================================
|         0 | 28309250 80886953 | 9436416       0        0     0.0 |  0.000 % |
|       100 | 28309133 80886710 | 10380058      95     3201    33.7 |  0.419 % |
|       250 | 28309133 80886710 | 11418063     245     7337    29.9 |  0.419 % |
|       475 | 28309133 80886710 | 12559870     470    14975    31.9 |  0.419 % |
|       812 | 28309133 80886710 | 13815857     807    22752    28.2 |  0.419 % |
|      1318 | 28309133 80886710 | 15197442    1313    43714    33.3 |  0.419 % |
|      2077 | 28309133 80886710 | 16717187    2071    77793    37.6 |  0.419 % |
|      3216 | 28309133 80886710 | 18388905    3210   199517    62.2 |  0.419 % |
|      4924 | 28309133 80886710 | 20227796    4916   325377    66.2 |  0.420 % |
|      7486 | 28309133 80886710 | 22250575    7459   524075    70.3 |  0.576 % |
|     11330 | 28309133 80886710 | 24475633   11303   880787    77.9 |  0.576 % |
==============================================================================
Totoal time used by londex constraint checking is [B0.450000][L0.530000],apply counts 54742, apply_generated 0
restarts          :           11
conflicts         :        12289           (     3604 / sec      )
decisions         :        21481           (     6299 / sec      )
propagations      :     12193580           (  3575830 / sec      )
inspects          :     22495334           (  6596872 / sec      )
conflict literals :      1115865           (     3.99 % deleted  )
CPU time          :         3.41 sec
UNSATISFIABLE

******  Solve with 95 layers Start******

creating action-based encoding:
        building rplan graph layers, up to layer [95];
        goal constraints;
        building exclusion constraints --> up to layer 95...

DECISION LAYER 95, WRITING ACTION-BASED ENCODING WITH 227168 VARS, 28624498 CLAUSES.
2 G clauses, 608092 A clauses, 28016404 E clauses.c CNF file planning task -p , -o /home/matheus/repo/acervo-2010/planejadores_analise_resultados/comp/mystery/domain.pddl, -f /home/matheus/repo/acervo-2010/planejadores_analise_resultados/comp/mystery/pfile16, bound 95, action based encoding
In building up solver: p cnf 227168 28624498
==================================[ MINISAT ]===================================
| Conflicts |     ORIGINAL     |              LEARNT              | Progress |
|           | Clauses Literals |   Limit Clauses Literals  Lit/Cl |          |
==============================================================================
|         0 | 28624498 81789741 | 9541499       0        0     0.0 |  0.000 % |
|       100 | 28624381 81789498 | 10495649      97     7819    80.6 |  0.104 % |
|       250 | 28624381 81789498 | 11545214     247    15245    61.7 |  0.104 % |
|       475 | 28624381 81789498 | 12699735     465    24632    53.0 |  0.504 % |
|       814 | 28624381 81789498 | 13969709     804    41525    51.6 |  0.504 % |
|      1320 | 28624381 81789498 | 15366680    1309    68363    52.2 |  0.505 % |
|      2079 | 28624381 81789498 | 16903348    2068    84330    40.8 |  0.505 % |
|      3218 | 28624381 81789498 | 18593682    3207   120668    37.6 |  0.505 % |
|      4926 | 28624381 81789498 | 20453050    4915   188662    38.4 |  0.505 % |
|      7488 | 28624381 81789498 | 22498356    7476   420552    56.3 |  0.519 % |
|     11332 | 28624381 81789498 | 24748191   11320   635106    56.1 |  0.519 % |
|     17098 | 28624381 81789498 | 27223010   17080  1324815    77.6 |  0.521 % |
|     25747 | 28624381 81789498 | 29945311   25716  2141227    83.3 |  1.168 % |
==============================================================================
Totoal time used by londex constraint checking is [B2.670000][L2.270000],apply counts 317682, apply_generated 0
restarts          :           13
conflicts         :        37864           (     2622 / sec      )
decisions         :        64705           (     4481 / sec      )
propagations      :     61608169           (  4266494 / sec      )
inspects          :    100844867           (  6983717 / sec      )
conflict literals :      3390314           (    11.00 % deleted  )
CPU time          :        14.44 sec
UNSATISFIABLE

******  Solve with 96 layers Start******

creating action-based encoding:
        building rplan graph layers, up to layer [96];
        goal constraints;
        building exclusion constraints --> up to layer 96...

DECISION LAYER 96, WRITING ACTION-BASED ENCODING WITH 229651 VARS, 28939746 CLAUSES.
2 G clauses, 614745 A clauses, 28324999 E clauses.c CNF file planning task -p , -o /home/matheus/repo/acervo-2010/planejadores_analise_resultados/comp/mystery/domain.pddl, -f /home/matheus/repo/acervo-2010/planejadores_analise_resultados/comp/mystery/pfile16, bound 96, action based encoding
In building up solver: p cnf 229651 28939746
==================================[ MINISAT ]===================================
| Conflicts |     ORIGINAL     |              LEARNT              | Progress |
|           | Clauses Literals |   Limit Clauses Literals  Lit/Cl |          |
==============================================================================
|         0 | 28939746 82692529 | 9646582       0        0     0.0 |  0.000 % |
|       100 | 28939629 82692286 | 10611240      95     1684    17.7 |  0.371 % |
|       250 | 28939629 82692286 | 11672364     243    35011   144.1 |  0.372 % |
|       475 | 28939629 82692286 | 12839601     465    43181    92.9 |  0.374 % |
|       821 | 28939629 82692286 | 14123561     811    58675    72.3 |  0.374 % |
|      1327 | 28939629 82692286 | 15535917    1317   104114    79.1 |  0.374 % |
|      2086 | 28939629 82692286 | 17089508    2076   167098    80.5 |  0.374 % |
|      3225 | 28939629 82692286 | 18798459    3210   275454    85.8 |  0.508 % |
|      4934 | 28939629 82692286 | 20678305    4913   422224    85.9 |  0.863 % |
==============================================================================
Totoal time used by londex constraint checking is [B0.520000][L0.420000],apply counts 61197, apply_generated 0
restarts          :            9
conflicts         :         5884           (     1174 / sec      )
decisions         :        12460           (     2487 / sec      )
propagations      :     22042560           (  4399713 / sec      )
inspects          :     29729673           (  5934066 / sec      )
conflict literals :       688512           (     5.67 % deleted  )
CPU time          :         5.01 sec
UNSATISFIABLE

******  Solve with 97 layers Start******

creating action-based encoding:
        building rplan graph layers, up to layer [97];
        goal constraints;
        building exclusion constraints --> up to layer 97...

DECISION LAYER 97, WRITING ACTION-BASED ENCODING WITH 232134 VARS, 29254994 CLAUSES.
2 G clauses, 621398 A clauses, 28633594 E clauses.c CNF file planning task -p , -o /home/matheus/repo/acervo-2010/planejadores_analise_resultados/comp/mystery/domain.pddl, -f /home/matheus/repo/acervo-2010/planejadores_analise_resultados/comp/mystery/pfile16, bound 97, action based encoding
In building up solver: p cnf 232134 29254994
==================================[ MINISAT ]===================================
| Conflicts |     ORIGINAL     |              LEARNT              | Progress |
|           | Clauses Literals |   Limit Clauses Literals  Lit/Cl |          |
==============================================================================
|         0 | 29254994 83595317 | 9751664       0        0     0.0 |  0.000 % |
|       103 | 29254877 83595074 | 10726830      97    12618   130.1 |  0.743 % |
|       253 | 29254877 83595074 | 11799513     247    17407    70.5 |  0.743 % |
|       478 | 29254877 83595074 | 12979465     472    35287    74.8 |  0.743 % |
|       815 | 29254877 83595074 | 14277411     809    40727    50.3 |  0.743 % |
|      1321 | 29254877 83595074 | 15705152    1314    66779    50.8 |  0.744 % |
|      2080 | 29254877 83595074 | 17275668    2073   101092    48.8 |  0.744 % |
|      3219 | 29254877 83595074 | 19003234    3212   135926    42.3 |  0.744 % |
|      4927 | 29254877 83595074 | 20903558    4920   229590    46.7 |  0.744 % |
|      7489 | 29254877 83595074 | 22993914    7481   336591    45.0 |  0.744 % |
|     11333 | 29254877 83595074 | 25293305   11323  1036251    91.5 |  0.745 % |
==============================================================================
Totoal time used by londex constraint checking is [B0.680000][L0.520000],apply counts 76745, apply_generated 0
restarts          :           11
conflicts         :        14382           (     3614 / sec      )
decisions         :        26816           (     6738 / sec      )
propagations      :     16021324           (  4025458 / sec      )
inspects          :     25686802           (  6453970 / sec      )
conflict literals :      1374583           (     2.41 % deleted  )
CPU time          :         3.98 sec
UNSATISFIABLE

******  Solve with 98 layers Start******

creating action-based encoding:
        building rplan graph layers, up to layer [98];
        goal constraints;
        building exclusion constraints --> up to layer 98...

DECISION LAYER 98, WRITING ACTION-BASED ENCODING WITH 234617 VARS, 29570242 CLAUSES.
2 G clauses, 628051 A clauses, 28942189 E clauses.c CNF file planning task -p , -o /home/matheus/repo/acervo-2010/planejadores_analise_resultados/comp/mystery/domain.pddl, -f /home/matheus/repo/acervo-2010/planejadores_analise_resultados/comp/mystery/pfile16, bound 98, action based encoding
In building up solver: p cnf 234617 29570242
==================================[ MINISAT ]===================================
| Conflicts |     ORIGINAL     |              LEARNT              | Progress |
|           | Clauses Literals |   Limit Clauses Literals  Lit/Cl |          |
==============================================================================
|         0 | 29570242 84498105 | 9856747       0        0     0.0 |  0.000 % |
|       100 | 29570125 84497862 | 10842422      95     5499    57.9 |  0.401 % |
|       250 | 29570125 84497862 | 11926664     245     9579    39.1 |  0.401 % |
|       475 | 29570125 84497862 | 13119330     470    14416    30.7 |  0.401 % |
|       812 | 29570125 84497862 | 14431263     807    24787    30.7 |  0.401 % |
|      1318 | 29570125 84497862 | 15874390    1313    41156    31.3 |  0.401 % |
|      2077 | 29570125 84497862 | 17461829    2072    65097    31.4 |  0.401 % |
|      3216 | 29570125 84497862 | 19208011    3207   266752    83.2 |  0.403 % |
