---SatPlan Version: 1.1

bb: parsing domain file
domain 'DEPOT' defined
 ... done.
bb: parsing problem file
problem 'DEPOTPROB5656' defined
 ... done.


time:   0,    38 facts and       0 exclusive pairs
              47 ops   and      24 exclusive pairs
time:   1,    48 facts and      30 exclusive pairs

creating thin gp-based encoding...
plan graph layer 0...
plan graph layer 1...
goal constraints...

goal fact not coded - level too low??


bb: parsing domain file
domain 'DEPOT' defined
 ... done.
bb: parsing problem file
problem 'DEPOTPROB5656' defined
 ... done.


time:   0,    38 facts and       0 exclusive pairs
              47 ops   and      24 exclusive pairs
time:   1,    48 facts and      30 exclusive pairs
              78 ops   and     312 exclusive pairs
time:   2,    54 facts and      72 exclusive pairs

creating thin gp-based encoding...
plan graph layer 0...
plan graph layer 1...
plan graph layer 2...
goal constraints...

goal fact not coded - level too low??


bb: parsing domain file
domain 'DEPOT' defined
 ... done.
bb: parsing problem file
problem 'DEPOTPROB5656' defined
 ... done.


time:   0,    38 facts and       0 exclusive pairs
              47 ops   and      24 exclusive pairs
time:   1,    48 facts and      30 exclusive pairs
              78 ops   and     312 exclusive pairs
time:   2,    54 facts and      72 exclusive pairs
              93 ops   and     633 exclusive pairs
time:   3,    60 facts and     108 exclusive pairs

creating thin gp-based encoding...
plan graph layer 0...
plan graph layer 1...
plan graph layer 2...
plan graph layer 3...
goal constraints...

goal fact not coded - level too low??


bb: parsing domain file
domain 'DEPOT' defined
 ... done.
bb: parsing problem file
problem 'DEPOTPROB5656' defined
 ... done.


time:   0,    38 facts and       0 exclusive pairs
              47 ops   and      24 exclusive pairs
time:   1,    48 facts and      30 exclusive pairs
              78 ops   and     312 exclusive pairs
time:   2,    54 facts and      72 exclusive pairs
              93 ops   and     633 exclusive pairs
time:   3,    60 facts and     108 exclusive pairs
             120 ops   and    1479 exclusive pairs
time:   4,    72 facts and     246 exclusive pairs

creating thin gp-based encoding...
plan graph layer 0...
plan graph layer 1...
plan graph layer 2...
plan graph layer 3...
plan graph layer 4...
goal constraints...

goal fact not coded - level too low??


bb: parsing domain file
domain 'DEPOT' defined
 ... done.
bb: parsing problem file
problem 'DEPOTPROB5656' defined
 ... done.


time:   0,    38 facts and       0 exclusive pairs
              47 ops   and      24 exclusive pairs
time:   1,    48 facts and      30 exclusive pairs
              78 ops   and     312 exclusive pairs
time:   2,    54 facts and      72 exclusive pairs
              93 ops   and     633 exclusive pairs
time:   3,    60 facts and     108 exclusive pairs
             120 ops   and    1479 exclusive pairs
time:   4,    72 facts and     246 exclusive pairs
             165 ops   and    3741 exclusive pairs
time:   5,    96 facts and     693 exclusive pairs

creating thin gp-based encoding...
plan graph layer 0...
plan graph layer 1...
plan graph layer 2...
plan graph layer 3...
plan graph layer 4...
plan graph layer 5...
goal constraints...

goal fact not coded - level too low??


bb: parsing domain file
domain 'DEPOT' defined
 ... done.
bb: parsing problem file
problem 'DEPOTPROB5656' defined
 ... done.


time:   0,    38 facts and       0 exclusive pairs
              47 ops   and      24 exclusive pairs
time:   1,    48 facts and      30 exclusive pairs
              78 ops   and     312 exclusive pairs
time:   2,    54 facts and      72 exclusive pairs
              93 ops   and     633 exclusive pairs
time:   3,    60 facts and     108 exclusive pairs
             120 ops   and    1479 exclusive pairs
time:   4,    72 facts and     246 exclusive pairs
             165 ops   and    3741 exclusive pairs
time:   5,    96 facts and     693 exclusive pairs
             231 ops   and    8463 exclusive pairs
time:   6,   117 facts and    1194 exclusive pairs

creating thin gp-based encoding...
plan graph layer 0...
plan graph layer 1...
plan graph layer 2...
plan graph layer 3...
plan graph layer 4...
plan graph layer 5...
plan graph layer 6...
goal constraints...

goal fact not coded - level too low??


bb: parsing domain file
domain 'DEPOT' defined
 ... done.
bb: parsing problem file
problem 'DEPOTPROB5656' defined
 ... done.


time:   0,    38 facts and       0 exclusive pairs
              47 ops   and      24 exclusive pairs
time:   1,    48 facts and      30 exclusive pairs
              78 ops   and     312 exclusive pairs
time:   2,    54 facts and      72 exclusive pairs
              93 ops   and     633 exclusive pairs
time:   3,    60 facts and     108 exclusive pairs
             120 ops   and    1479 exclusive pairs
time:   4,    72 facts and     246 exclusive pairs
             165 ops   and    3741 exclusive pairs
time:   5,    96 facts and     693 exclusive pairs
             231 ops   and    8463 exclusive pairs
time:   6,   117 facts and    1194 exclusive pairs
             323 ops   and   18756 exclusive pairs
time:   7,   148 facts and    1909 exclusive pairs

creating thin gp-based encoding...
plan graph layer 0...
plan graph layer 1...
plan graph layer 2...
plan graph layer 3...
plan graph layer 4...
plan graph layer 5...
plan graph layer 6...
plan graph layer 7...
goal constraints...

goal fact not coded - level too low??


bb: parsing domain file
domain 'DEPOT' defined
 ... done.
bb: parsing problem file
problem 'DEPOTPROB5656' defined
 ... done.


time:   0,    38 facts and       0 exclusive pairs
              47 ops   and      24 exclusive pairs
time:   1,    48 facts and      30 exclusive pairs
              78 ops   and     312 exclusive pairs
time:   2,    54 facts and      72 exclusive pairs
              93 ops   and     633 exclusive pairs
time:   3,    60 facts and     108 exclusive pairs
             120 ops   and    1479 exclusive pairs
time:   4,    72 facts and     246 exclusive pairs
             165 ops   and    3741 exclusive pairs
time:   5,    96 facts and     693 exclusive pairs
             231 ops   and    8463 exclusive pairs
time:   6,   117 facts and    1194 exclusive pairs
             323 ops   and   18756 exclusive pairs
time:   7,   148 facts and    1909 exclusive pairs
             441 ops   and   36411 exclusive pairs
time:   8,   176 facts and    2860 exclusive pairs

creating thin gp-based encoding...
plan graph layer 0...
plan graph layer 1...
plan graph layer 2...
plan graph layer 3...
plan graph layer 4...
plan graph layer 5...
plan graph layer 6...
plan graph layer 7...
plan graph layer 8...
goal constraints...

goal fact not coded - level too low??


bb: parsing domain file
domain 'DEPOT' defined
 ... done.
bb: parsing problem file
problem 'DEPOTPROB5656' defined
 ... done.


time:   0,    38 facts and       0 exclusive pairs
              47 ops   and      24 exclusive pairs
time:   1,    48 facts and      30 exclusive pairs
              78 ops   and     312 exclusive pairs
time:   2,    54 facts and      72 exclusive pairs
              93 ops   and     633 exclusive pairs
time:   3,    60 facts and     108 exclusive pairs
             120 ops   and    1479 exclusive pairs
time:   4,    72 facts and     246 exclusive pairs
             165 ops   and    3741 exclusive pairs
time:   5,    96 facts and     693 exclusive pairs
             231 ops   and    8463 exclusive pairs
time:   6,   117 facts and    1194 exclusive pairs
             323 ops   and   18756 exclusive pairs
time:   7,   148 facts and    1909 exclusive pairs
             441 ops   and   36411 exclusive pairs
time:   8,   176 facts and    2860 exclusive pairs
             597 ops   and   68965 exclusive pairs
time:   9,   214 facts and    3659 exclusive pairs

creating thin gp-based encoding...
plan graph layer 0...
plan graph layer 1...
plan graph layer 2...
plan graph layer 3...
plan graph layer 4...
plan graph layer 5...
plan graph layer 6...
plan graph layer 7...
plan graph layer 8...
plan graph layer 9...
goal constraints...

goal fact not coded - level too low??


bb: parsing domain file
domain 'DEPOT' defined
 ... done.
bb: parsing problem file
problem 'DEPOTPROB5656' defined
 ... done.


time:   0,    38 facts and       0 exclusive pairs
              47 ops   and      24 exclusive pairs
time:   1,    48 facts and      30 exclusive pairs
              78 ops   and     312 exclusive pairs
time:   2,    54 facts and      72 exclusive pairs
              93 ops   and     633 exclusive pairs
time:   3,    60 facts and     108 exclusive pairs
             120 ops   and    1479 exclusive pairs
time:   4,    72 facts and     246 exclusive pairs
             165 ops   and    3741 exclusive pairs
time:   5,    96 facts and     693 exclusive pairs
             231 ops   and    8463 exclusive pairs
time:   6,   117 facts and    1194 exclusive pairs
             323 ops   and   18756 exclusive pairs
time:   7,   148 facts and    1909 exclusive pairs
             441 ops   and   36411 exclusive pairs
time:   8,   176 facts and    2860 exclusive pairs
             597 ops   and   68965 exclusive pairs
time:   9,   214 facts and    3659 exclusive pairs
             764 ops   and  111713 exclusive pairs
time:  10,   242 facts and    4777 exclusive pairs

creating thin gp-based encoding...
plan graph layer 0...
plan graph layer 1...
plan graph layer 2...
plan graph layer 3...
plan graph layer 4...
plan graph layer 5...
plan graph layer 6...
plan graph layer 7...
plan graph layer 8...
plan graph layer 9...
plan graph layer 10...
goal constraints...

goal fact not coded - level too low??


bb: parsing domain file
domain 'DEPOT' defined
 ... done.
bb: parsing problem file
problem 'DEPOTPROB5656' defined
 ... done.


time:   0,    38 facts and       0 exclusive pairs
              47 ops   and      24 exclusive pairs
time:   1,    48 facts and      30 exclusive pairs
              78 ops   and     312 exclusive pairs
time:   2,    54 facts and      72 exclusive pairs
              93 ops   and     633 exclusive pairs
time:   3,    60 facts and     108 exclusive pairs
             120 ops   and    1479 exclusive pairs
time:   4,    72 facts and     246 exclusive pairs
             165 ops   and    3741 exclusive pairs
time:   5,    96 facts and     693 exclusive pairs
             231 ops   and    8463 exclusive pairs
time:   6,   117 facts and    1194 exclusive pairs
             323 ops   and   18756 exclusive pairs
time:   7,   148 facts and    1909 exclusive pairs
             441 ops   and   36411 exclusive pairs
time:   8,   176 facts and    2860 exclusive pairs
             597 ops   and   68965 exclusive pairs
time:   9,   214 facts and    3659 exclusive pairs
             764 ops   and  111713 exclusive pairs
time:  10,   242 facts and    4777 exclusive pairs
             943 ops   and  170308 exclusive pairs
time:  11,   270 facts and    4777 exclusive pairs

creating thin gp-based encoding...
plan graph layer 0...
plan graph layer 1...
plan graph layer 2...
plan graph layer 3...
plan graph layer 4...
plan graph layer 5...
plan graph layer 6...
plan graph layer 7...
plan graph layer 8...
plan graph layer 9...
plan graph layer 10...
plan graph layer 11...
goal constraints...

goal fact not coded - level too low??


bb: parsing domain file
domain 'DEPOT' defined
 ... done.
bb: parsing problem file
problem 'DEPOTPROB5656' defined
 ... done.


time:   0,    38 facts and       0 exclusive pairs
              47 ops   and      24 exclusive pairs
time:   1,    48 facts and      30 exclusive pairs
              78 ops   and     312 exclusive pairs
time:   2,    54 facts and      72 exclusive pairs
              93 ops   and     633 exclusive pairs
time:   3,    60 facts and     108 exclusive pairs
             120 ops   and    1479 exclusive pairs
time:   4,    72 facts and     246 exclusive pairs
             165 ops   and    3741 exclusive pairs
time:   5,    96 facts and     693 exclusive pairs
             231 ops   and    8463 exclusive pairs
time:   6,   117 facts and    1194 exclusive pairs
             323 ops   and   18756 exclusive pairs
time:   7,   148 facts and    1909 exclusive pairs
             441 ops   and   36411 exclusive pairs
time:   8,   176 facts and    2860 exclusive pairs
             597 ops   and   68965 exclusive pairs
time:   9,   214 facts and    3659 exclusive pairs
             764 ops   and  111713 exclusive pairs
time:  10,   242 facts and    4777 exclusive pairs
             943 ops   and  170308 exclusive pairs
time:  11,   270 facts and    4777 exclusive pairs
            1105 ops   and  228724 exclusive pairs
time:  12,   295 facts and    5804 exclusive pairs

creating thin gp-based encoding...
plan graph layer 0...
plan graph layer 1...
plan graph layer 2...
plan graph layer 3...
plan graph layer 4...
plan graph layer 5...
plan graph layer 6...
plan graph layer 7...
plan graph layer 8...
plan graph layer 9...
plan graph layer 10...
plan graph layer 11...
plan graph layer 12...
goal constraints...

goal fact not coded - level too low??


bb: parsing domain file
domain 'DEPOT' defined
 ... done.
bb: parsing problem file
problem 'DEPOTPROB5656' defined
 ... done.


time:   0,    38 facts and       0 exclusive pairs
              47 ops   and      24 exclusive pairs
time:   1,    48 facts and      30 exclusive pairs
              78 ops   and     312 exclusive pairs
time:   2,    54 facts and      72 exclusive pairs
              93 ops   and     633 exclusive pairs
time:   3,    60 facts and     108 exclusive pairs
             120 ops   and    1479 exclusive pairs
time:   4,    72 facts and     246 exclusive pairs
             165 ops   and    3741 exclusive pairs
time:   5,    96 facts and     693 exclusive pairs
             231 ops   and    8463 exclusive pairs
time:   6,   117 facts and    1194 exclusive pairs
             323 ops   and   18756 exclusive pairs
time:   7,   148 facts and    1909 exclusive pairs
             441 ops   and   36411 exclusive pairs
time:   8,   176 facts and    2860 exclusive pairs
             597 ops   and   68965 exclusive pairs
time:   9,   214 facts and    3659 exclusive pairs
             764 ops   and  111713 exclusive pairs
time:  10,   242 facts and    4777 exclusive pairs
             943 ops   and  170308 exclusive pairs
time:  11,   270 facts and    4777 exclusive pairs
            1105 ops   and  228724 exclusive pairs
time:  12,   295 facts and    5804 exclusive pairs
            1232 ops   and  283802 exclusive pairs
time:  13,   311 facts and    5623 exclusive pairs

creating thin gp-based encoding...
plan graph layer 0...
plan graph layer 1...
plan graph layer 2...
plan graph layer 3...
plan graph layer 4...
plan graph layer 5...
plan graph layer 6...
plan graph layer 7...
plan graph layer 8...
plan graph layer 9...
plan graph layer 10...
plan graph layer 11...
plan graph layer 12...
plan graph layer 13...
goal constraints...

goal fact not coded - level too low??


bb: parsing domain file
domain 'DEPOT' defined
 ... done.
bb: parsing problem file
problem 'DEPOTPROB5656' defined
 ... done.


time:   0,    38 facts and       0 exclusive pairs
              47 ops   and      24 exclusive pairs
time:   1,    48 facts and      30 exclusive pairs
              78 ops   and     312 exclusive pairs
time:   2,    54 facts and      72 exclusive pairs
              93 ops   and     633 exclusive pairs
time:   3,    60 facts and     108 exclusive pairs
             120 ops   and    1479 exclusive pairs
time:   4,    72 facts and     246 exclusive pairs
             165 ops   and    3741 exclusive pairs
time:   5,    96 facts and     693 exclusive pairs
             231 ops   and    8463 exclusive pairs
time:   6,   117 facts and    1194 exclusive pairs
             323 ops   and   18756 exclusive pairs
time:   7,   148 facts and    1909 exclusive pairs
             441 ops   and   36411 exclusive pairs
time:   8,   176 facts and    2860 exclusive pairs
             597 ops   and   68965 exclusive pairs
time:   9,   214 facts and    3659 exclusive pairs
             764 ops   and  111713 exclusive pairs
time:  10,   242 facts and    4777 exclusive pairs
             943 ops   and  170308 exclusive pairs
time:  11,   270 facts and    4777 exclusive pairs
            1105 ops   and  228724 exclusive pairs
time:  12,   295 facts and    5804 exclusive pairs
            1232 ops   and  283802 exclusive pairs
time:  13,   311 facts and    5623 exclusive pairs
            1354 ops   and  338660 exclusive pairs
time:  14,   340 facts and    7244 exclusive pairs

creating thin gp-based encoding...
plan graph layer 0...
plan graph layer 1...
plan graph layer 2...
plan graph layer 3...
plan graph layer 4...
plan graph layer 5...
plan graph layer 6...
plan graph layer 7...
plan graph layer 8...
plan graph layer 9...
plan graph layer 10...
plan graph layer 11...
plan graph layer 12...
plan graph layer 13...
plan graph layer 14...
goal constraints...

goal fact not coded - level too low??


bb: parsing domain file
domain 'DEPOT' defined
 ... done.
bb: parsing problem file
problem 'DEPOTPROB5656' defined
 ... done.


time:   0,    38 facts and       0 exclusive pairs
              47 ops   and      24 exclusive pairs
time:   1,    48 facts and      30 exclusive pairs
              78 ops   and     312 exclusive pairs
time:   2,    54 facts and      72 exclusive pairs
              93 ops   and     633 exclusive pairs
time:   3,    60 facts and     108 exclusive pairs
             120 ops   and    1479 exclusive pairs
time:   4,    72 facts and     246 exclusive pairs
             165 ops   and    3741 exclusive pairs
time:   5,    96 facts and     693 exclusive pairs
             231 ops   and    8463 exclusive pairs
time:   6,   117 facts and    1194 exclusive pairs
             323 ops   and   18756 exclusive pairs
time:   7,   148 facts and    1909 exclusive pairs
             441 ops   and   36411 exclusive pairs
time:   8,   176 facts and    2860 exclusive pairs
             597 ops   and   68965 exclusive pairs
time:   9,   214 facts and    3659 exclusive pairs
             764 ops   and  111713 exclusive pairs
time:  10,   242 facts and    4777 exclusive pairs
             943 ops   and  170308 exclusive pairs
time:  11,   270 facts and    4777 exclusive pairs
            1105 ops   and  228724 exclusive pairs
time:  12,   295 facts and    5804 exclusive pairs
            1232 ops   and  283802 exclusive pairs
time:  13,   311 facts and    5623 exclusive pairs
            1354 ops   and  338660 exclusive pairs
time:  14,   340 facts and    7244 exclusive pairs
            1464 ops   and  393147 exclusive pairs
time:  15,   347 facts and    6481 exclusive pairs

creating thin gp-based encoding...
plan graph layer 0...
plan graph layer 1...
plan graph layer 2...
plan graph layer 3...
plan graph layer 4...
plan graph layer 5...
plan graph layer 6...
plan graph layer 7...
plan graph layer 8...
plan graph layer 9...
plan graph layer 10...
plan graph layer 11...
plan graph layer 12...
plan graph layer 13...
plan graph layer 14...
plan graph layer 15...
goal constraints...

goal fact not coded - level too low??


bb: parsing domain file
domain 'DEPOT' defined
 ... done.
bb: parsing problem file
problem 'DEPOTPROB5656' defined
 ... done.


time:   0,    38 facts and       0 exclusive pairs
              47 ops   and      24 exclusive pairs
time:   1,    48 facts and      30 exclusive pairs
              78 ops   and     312 exclusive pairs
time:   2,    54 facts and      72 exclusive pairs
              93 ops   and     633 exclusive pairs
time:   3,    60 facts and     108 exclusive pairs
             120 ops   and    1479 exclusive pairs
time:   4,    72 facts and     246 exclusive pairs
             165 ops   and    3741 exclusive pairs
time:   5,    96 facts and     693 exclusive pairs
             231 ops   and    8463 exclusive pairs
time:   6,   117 facts and    1194 exclusive pairs
             323 ops   and   18756 exclusive pairs
time:   7,   148 facts and    1909 exclusive pairs
             441 ops   and   36411 exclusive pairs
time:   8,   176 facts and    2860 exclusive pairs
             597 ops   and   68965 exclusive pairs
time:   9,   214 facts and    3659 exclusive pairs
             764 ops   and  111713 exclusive pairs
time:  10,   242 facts and    4777 exclusive pairs
             943 ops   and  170308 exclusive pairs
time:  11,   270 facts and    4777 exclusive pairs
            1105 ops   and  228724 exclusive pairs
time:  12,   295 facts and    5804 exclusive pairs
            1232 ops   and  283802 exclusive pairs
time:  13,   311 facts and    5623 exclusive pairs
            1354 ops   and  338660 exclusive pairs
time:  14,   340 facts and    7244 exclusive pairs
            1464 ops   and  393147 exclusive pairs
time:  15,   347 facts and    6481 exclusive pairs
            1554 ops   and  437792 exclusive pairs
time:  16,   378 facts and    8228 exclusive pairs

creating thin gp-based encoding...
plan graph layer 0...
plan graph layer 1...
plan graph layer 2...
plan graph layer 3...
plan graph layer 4...
plan graph layer 5...
plan graph layer 6...
plan graph layer 7...
plan graph layer 8...
plan graph layer 9...
plan graph layer 10...
plan graph layer 11...
plan graph layer 12...
plan graph layer 13...
plan graph layer 14...
plan graph layer 15...
plan graph layer 16...
goal constraints...

goal fact not coded - level too low??


bb: parsing domain file
domain 'DEPOT' defined
 ... done.
bb: parsing problem file
problem 'DEPOTPROB5656' defined
 ... done.


time:   0,    38 facts and       0 exclusive pairs
              47 ops   and      24 exclusive pairs
time:   1,    48 facts and      30 exclusive pairs
              78 ops   and     312 exclusive pairs
time:   2,    54 facts and      72 exclusive pairs
              93 ops   and     633 exclusive pairs
time:   3,    60 facts and     108 exclusive pairs
             120 ops   and    1479 exclusive pairs
time:   4,    72 facts and     246 exclusive pairs
             165 ops   and    3741 exclusive pairs
time:   5,    96 facts and     693 exclusive pairs
             231 ops   and    8463 exclusive pairs
time:   6,   117 facts and    1194 exclusive pairs
             323 ops   and   18756 exclusive pairs
time:   7,   148 facts and    1909 exclusive pairs
             441 ops   and   36411 exclusive pairs
time:   8,   176 facts and    2860 exclusive pairs
             597 ops   and   68965 exclusive pairs
time:   9,   214 facts and    3659 exclusive pairs
             764 ops   and  111713 exclusive pairs
time:  10,   242 facts and    4777 exclusive pairs
             943 ops   and  170308 exclusive pairs
time:  11,   270 facts and    4777 exclusive pairs
            1105 ops   and  228724 exclusive pairs
time:  12,   295 facts and    5804 exclusive pairs
            1232 ops   and  283802 exclusive pairs
time:  13,   311 facts and    5623 exclusive pairs
            1354 ops   and  338660 exclusive pairs
time:  14,   340 facts and    7244 exclusive pairs
            1464 ops   and  393147 exclusive pairs
time:  15,   347 facts and    6481 exclusive pairs
            1554 ops   and  437792 exclusive pairs
time:  16,   378 facts and    8228 exclusive pairs
            1670 ops   and  503624 exclusive pairs
time:  17,   382 facts and    7500 exclusive pairs

creating thin gp-based encoding...
plan graph layer 0...
plan graph layer 1...
plan graph layer 2...
plan graph layer 3...
plan graph layer 4...
plan graph layer 5...
plan graph layer 6...
plan graph layer 7...
plan graph layer 8...
plan graph layer 9...
plan graph layer 10...
plan graph layer 11...
plan graph layer 12...
plan graph layer 13...
plan graph layer 14...
plan graph layer 15...
plan graph layer 16...
plan graph layer 17...
goal constraints...

goal fact not coded - level too low??


bb: parsing domain file
domain 'DEPOT' defined
 ... done.
bb: parsing problem file
problem 'DEPOTPROB5656' defined
 ... done.


time:   0,    38 facts and       0 exclusive pairs
              47 ops   and      24 exclusive pairs
time:   1,    48 facts and      30 exclusive pairs
              78 ops   and     312 exclusive pairs
time:   2,    54 facts and      72 exclusive pairs
              93 ops   and     633 exclusive pairs
time:   3,    60 facts and     108 exclusive pairs
             120 ops   and    1479 exclusive pairs
time:   4,    72 facts and     246 exclusive pairs
             165 ops   and    3741 exclusive pairs
time:   5,    96 facts and     693 exclusive pairs
             231 ops   and    8463 exclusive pairs
time:   6,   117 facts and    1194 exclusive pairs
             323 ops   and   18756 exclusive pairs
time:   7,   148 facts and    1909 exclusive pairs
             441 ops   and   36411 exclusive pairs
time:   8,   176 facts and    2860 exclusive pairs
             597 ops   and   68965 exclusive pairs
time:   9,   214 facts and    3659 exclusive pairs
             764 ops   and  111713 exclusive pairs
time:  10,   242 facts and    4777 exclusive pairs
             943 ops   and  170308 exclusive pairs
time:  11,   270 facts and    4777 exclusive pairs
            1105 ops   and  228724 exclusive pairs
time:  12,   295 facts and    5804 exclusive pairs
            1232 ops   and  283802 exclusive pairs
time:  13,   311 facts and    5623 exclusive pairs
            1354 ops   and  338660 exclusive pairs
time:  14,   340 facts and    7244 exclusive pairs
            1464 ops   and  393147 exclusive pairs
time:  15,   347 facts and    6481 exclusive pairs
            1554 ops   and  437792 exclusive pairs
time:  16,   378 facts and    8228 exclusive pairs
            1670 ops   and  503624 exclusive pairs
time:  17,   382 facts and    7500 exclusive pairs
            1744 ops   and  543954 exclusive pairs
time:  18,   398 facts and    8002 exclusive pairs

creating thin gp-based encoding...
plan graph layer 0...
plan graph layer 1...
plan graph layer 2...
plan graph layer 3...
plan graph layer 4...
plan graph layer 5...
plan graph layer 6...
plan graph layer 7...
plan graph layer 8...
plan graph layer 9...
plan graph layer 10...
plan graph layer 11...
plan graph layer 12...
plan graph layer 13...
plan graph layer 14...
plan graph layer 15...
plan graph layer 16...
plan graph layer 17...
plan graph layer 18...
goal constraints...
exclusion constraints layer 0...
exclusion constraints layer 1...
exclusion constraints layer 2...
exclusion constraints layer 3...
exclusion constraints layer 4...
exclusion constraints layer 5...
exclusion constraints layer 6...
exclusion constraints layer 7...
exclusion constraints layer 8...
exclusion constraints layer 9...
exclusion constraints layer 10...
exclusion constraints layer 11...
exclusion constraints layer 12...
exclusion constraints layer 13...
exclusion constraints layer 14...
exclusion constraints layer 15...
exclusion constraints layer 16...
exclusion constraints layer 17...
exclusion constraints layer 18...

DECISION LAYER 18, WRITING THIN GP-BASED ENCODING WITH 17911 VARS, 1896995 CLAUSES.

time spent:    0.00 seconds instantiating 5418 action templates
               0.00 seconds reachability analysis, yielding 423 facts and 1728 actions
               0.00 seconds collecting 417 relevant facts
               0.00 seconds building connectivity graph
               0.00 seconds building (std) graph
               0.72 seconds CNF output time
               0.72 seconds total planner time (solving not included)


***Solving***


[ filemap ]
[ extract ]

variables : 17911
pure lits : 425

1-clauses : 11
2-clauses : 1893480
3-clauses : 889
n-clauses : 2615
discarded : 0

[ solve ]


unsatisfiable                             

[ stats ]

decisions : 0
conflicts : 1
time : ~0.01

***UNSAT***


bb: parsing domain file
domain 'DEPOT' defined
 ... done.
bb: parsing problem file
problem 'DEPOTPROB5656' defined
 ... done.


time:   0,    38 facts and       0 exclusive pairs
              47 ops   and      24 exclusive pairs
time:   1,    48 facts and      30 exclusive pairs
              78 ops   and     312 exclusive pairs
time:   2,    54 facts and      72 exclusive pairs
              93 ops   and     633 exclusive pairs
time:   3,    60 facts and     108 exclusive pairs
             120 ops   and    1479 exclusive pairs
time:   4,    72 facts and     246 exclusive pairs
             165 ops   and    3741 exclusive pairs
time:   5,    96 facts and     693 exclusive pairs
             231 ops   and    8463 exclusive pairs
time:   6,   117 facts and    1194 exclusive pairs
             323 ops   and   18756 exclusive pairs
time:   7,   148 facts and    1909 exclusive pairs
             441 ops   and   36411 exclusive pairs
time:   8,   176 facts and    2860 exclusive pairs
             597 ops   and   68965 exclusive pairs
time:   9,   214 facts and    3659 exclusive pairs
             764 ops   and  111713 exclusive pairs
time:  10,   242 facts and    4777 exclusive pairs
             943 ops   and  170308 exclusive pairs
time:  11,   270 facts and    4777 exclusive pairs
            1105 ops   and  228724 exclusive pairs
time:  12,   295 facts and    5804 exclusive pairs
            1232 ops   and  283802 exclusive pairs
time:  13,   311 facts and    5623 exclusive pairs
            1354 ops   and  338660 exclusive pairs
time:  14,   340 facts and    7244 exclusive pairs
            1464 ops   and  393147 exclusive pairs
time:  15,   347 facts and    6481 exclusive pairs
            1554 ops   and  437792 exclusive pairs
time:  16,   378 facts and    8228 exclusive pairs
            1670 ops   and  503624 exclusive pairs
time:  17,   382 facts and    7500 exclusive pairs
            1744 ops   and  543954 exclusive pairs
time:  18,   398 facts and    8002 exclusive pairs
            1834 ops   and  600933 exclusive pairs
time:  19,   402 facts and    7692 exclusive pairs

creating thin gp-based encoding...
plan graph layer 0...
plan graph layer 1...
plan graph layer 2...
plan graph layer 3...
plan graph layer 4...
plan graph layer 5...
plan graph layer 6...
plan graph layer 7...
plan graph layer 8...
plan graph layer 9...
plan graph layer 10...
plan graph layer 11...
plan graph layer 12...
plan graph layer 13...
plan graph layer 14...
plan graph layer 15...
plan graph layer 16...
plan graph layer 17...
plan graph layer 18...
plan graph layer 19...
goal constraints...
exclusion constraints layer 0...
exclusion constraints layer 1...
exclusion constraints layer 2...
exclusion constraints layer 3...
exclusion constraints layer 4...
exclusion constraints layer 5...
exclusion constraints layer 6...
exclusion constraints layer 7...
exclusion constraints layer 8...
exclusion constraints layer 9...
exclusion constraints layer 10...
exclusion constraints layer 11...
exclusion constraints layer 12...
exclusion constraints layer 13...
exclusion constraints layer 14...
exclusion constraints layer 15...
exclusion constraints layer 16...
exclusion constraints layer 17...
exclusion constraints layer 18...
exclusion constraints layer 19...

DECISION LAYER 19, WRITING THIN GP-BASED ENCODING WITH 20147 VARS, 2272369 CLAUSES.

time spent:    0.00 seconds instantiating 5418 action templates
               0.00 seconds reachability analysis, yielding 423 facts and 1728 actions
               0.00 seconds collecting 417 relevant facts
               0.00 seconds building connectivity graph
               0.00 seconds building (std) graph
               0.85 seconds CNF output time
               0.85 seconds total planner time (solving not included)


***Solving***


[ filemap ]
[ extract ]

variables : 20147
pure lits : 429

1-clauses : 11
2-clauses : 2268454
3-clauses : 946
n-clauses : 2958
discarded : 0

[ solve ]


unsatisfiable                             

[ stats ]

decisions : 0
conflicts : 1
time : ~0.01

***UNSAT***


bb: parsing domain file
domain 'DEPOT' defined
 ... done.
bb: parsing problem file
problem 'DEPOTPROB5656' defined
 ... done.


time:   0,    38 facts and       0 exclusive pairs
              47 ops   and      24 exclusive pairs
time:   1,    48 facts and      30 exclusive pairs
              78 ops   and     312 exclusive pairs
time:   2,    54 facts and      72 exclusive pairs
              93 ops   and     633 exclusive pairs
time:   3,    60 facts and     108 exclusive pairs
             120 ops   and    1479 exclusive pairs
time:   4,    72 facts and     246 exclusive pairs
             165 ops   and    3741 exclusive pairs
time:   5,    96 facts and     693 exclusive pairs
             231 ops   and    8463 exclusive pairs
time:   6,   117 facts and    1194 exclusive pairs
             323 ops   and   18756 exclusive pairs
time:   7,   148 facts and    1909 exclusive pairs
             441 ops   and   36411 exclusive pairs
time:   8,   176 facts and    2860 exclusive pairs
             597 ops   and   68965 exclusive pairs
time:   9,   214 facts and    3659 exclusive pairs
             764 ops   and  111713 exclusive pairs
time:  10,   242 facts and    4777 exclusive pairs
             943 ops   and  170308 exclusive pairs
time:  11,   270 facts and    4777 exclusive pairs
            1105 ops   and  228724 exclusive pairs
time:  12,   295 facts and    5804 exclusive pairs
            1232 ops   and  283802 exclusive pairs
time:  13,   311 facts and    5623 exclusive pairs
            1354 ops   and  338660 exclusive pairs
time:  14,   340 facts and    7244 exclusive pairs
            1464 ops   and  393147 exclusive pairs
time:  15,   347 facts and    6481 exclusive pairs
            1554 ops   and  437792 exclusive pairs
time:  16,   378 facts and    8228 exclusive pairs
            1670 ops   and  503624 exclusive pairs
time:  17,   382 facts and    7500 exclusive pairs
            1744 ops   and  543954 exclusive pairs
time:  18,   398 facts and    8002 exclusive pairs
            1834 ops   and  600933 exclusive pairs
time:  19,   402 facts and    7692 exclusive pairs
            1894 ops   and  640135 exclusive pairs
time:  20,   402 facts and    7440 exclusive pairs

creating thin gp-based encoding...
plan graph layer 0...
plan graph layer 1...
plan graph layer 2...
plan graph layer 3...
plan graph layer 4...
plan graph layer 5...
plan graph layer 6...
plan graph layer 7...
plan graph layer 8...
plan graph layer 9...
plan graph layer 10...
plan graph layer 11...
plan graph layer 12...
plan graph layer 13...
plan graph layer 14...
plan graph layer 15...
plan graph layer 16...
plan graph layer 17...
plan graph layer 18...
plan graph layer 19...
plan graph layer 20...
goal constraints...
exclusion constraints layer 0...
exclusion constraints layer 1...
exclusion constraints layer 2...
exclusion constraints layer 3...
exclusion constraints layer 4...
exclusion constraints layer 5...
exclusion constraints layer 6...
exclusion constraints layer 7...
exclusion constraints layer 8...
exclusion constraints layer 9...
exclusion constraints layer 10...
exclusion constraints layer 11...
exclusion constraints layer 12...
exclusion constraints layer 13...
exclusion constraints layer 14...
exclusion constraints layer 15...
exclusion constraints layer 16...
exclusion constraints layer 17...
exclusion constraints layer 18...
exclusion constraints layer 19...
exclusion constraints layer 20...

DECISION LAYER 20, WRITING THIN GP-BASED ENCODING WITH 22443 VARS, 2682353 CLAUSES.

time spent:    0.00 seconds instantiating 5418 action templates
               0.00 seconds reachability analysis, yielding 423 facts and 1728 actions
               0.00 seconds collecting 417 relevant facts
               0.00 seconds building connectivity graph
               0.00 seconds building (std) graph
               1.01 seconds CNF output time
               1.01 seconds total planner time (solving not included)


***Solving***


[ filemap ]
[ extract ]

variables : 22443
pure lits : 429

1-clauses : 11
2-clauses : 2678036
3-clauses : 1005
n-clauses : 3301
discarded : 0

[ solve ]


unsatisfiable                             

[ stats ]

decisions : 11586
conflicts : 74
time : ~0.01

***UNSAT***


bb: parsing domain file
domain 'DEPOT' defined
 ... done.
bb: parsing problem file
problem 'DEPOTPROB5656' defined
 ... done.


time:   0,    38 facts and       0 exclusive pairs
              47 ops   and      24 exclusive pairs
time:   1,    48 facts and      30 exclusive pairs
              78 ops   and     312 exclusive pairs
time:   2,    54 facts and      72 exclusive pairs
              93 ops   and     633 exclusive pairs
time:   3,    60 facts and     108 exclusive pairs
             120 ops   and    1479 exclusive pairs
time:   4,    72 facts and     246 exclusive pairs
             165 ops   and    3741 exclusive pairs
time:   5,    96 facts and     693 exclusive pairs
             231 ops   and    8463 exclusive pairs
time:   6,   117 facts and    1194 exclusive pairs
             323 ops   and   18756 exclusive pairs
time:   7,   148 facts and    1909 exclusive pairs
             441 ops   and   36411 exclusive pairs
time:   8,   176 facts and    2860 exclusive pairs
             597 ops   and   68965 exclusive pairs
time:   9,   214 facts and    3659 exclusive pairs
             764 ops   and  111713 exclusive pairs
time:  10,   242 facts and    4777 exclusive pairs
             943 ops   and  170308 exclusive pairs
time:  11,   270 facts and    4777 exclusive pairs
            1105 ops   and  228724 exclusive pairs
time:  12,   295 facts and    5804 exclusive pairs
            1232 ops   and  283802 exclusive pairs
time:  13,   311 facts and    5623 exclusive pairs
            1354 ops   and  338660 exclusive pairs
time:  14,   340 facts and    7244 exclusive pairs
            1464 ops   and  393147 exclusive pairs
time:  15,   347 facts and    6481 exclusive pairs
            1554 ops   and  437792 exclusive pairs
time:  16,   378 facts and    8228 exclusive pairs
            1670 ops   and  503624 exclusive pairs
time:  17,   382 facts and    7500 exclusive pairs
            1744 ops   and  543954 exclusive pairs
time:  18,   398 facts and    8002 exclusive pairs
            1834 ops   and  600933 exclusive pairs
time:  19,   402 facts and    7692 exclusive pairs
            1894 ops   and  640135 exclusive pairs
time:  20,   402 facts and    7440 exclusive pairs
            1922 ops   and  660393 exclusive pairs
time:  21,   402 facts and    7356 exclusive pairs

creating thin gp-based encoding...
plan graph layer 0...
plan graph layer 1...
plan graph layer 2...
plan graph layer 3...
plan graph layer 4...
plan graph layer 5...
plan graph layer 6...
plan graph layer 7...
plan graph layer 8...
plan graph layer 9...
plan graph layer 10...
plan graph layer 11...
plan graph layer 12...
plan graph layer 13...
plan graph layer 14...
plan graph layer 15...
plan graph layer 16...
plan graph layer 17...
plan graph layer 18...
plan graph layer 19...
plan graph layer 20...
plan graph layer 21...
goal constraints...
exclusion constraints layer 0...
exclusion constraints layer 1...
exclusion constraints layer 2...
exclusion constraints layer 3...
exclusion constraints layer 4...
exclusion constraints layer 5...
exclusion constraints layer 6...
exclusion constraints layer 7...
exclusion constraints layer 8...
exclusion constraints layer 9...
exclusion constraints layer 10...
exclusion constraints layer 11...
exclusion constraints layer 12...
exclusion constraints layer 13...
exclusion constraints layer 14...
exclusion constraints layer 15...
exclusion constraints layer 16...
exclusion constraints layer 17...
exclusion constraints layer 18...
exclusion constraints layer 19...
exclusion constraints layer 20...
exclusion constraints layer 21...

DECISION LAYER 21, WRITING THIN GP-BASED ENCODING WITH 24767 VARS, 3104727 CLAUSES.

time spent:    0.00 seconds instantiating 5418 action templates
               0.00 seconds reachability analysis, yielding 423 facts and 1728 actions
               0.00 seconds collecting 417 relevant facts
               0.00 seconds building connectivity graph
               0.00 seconds building (std) graph
               1.14 seconds CNF output time
               1.14 seconds total planner time (solving not included)


***Solving***


[ filemap ]
[ extract ]

variables : 24767
pure lits : 429

1-clauses : 11
2-clauses : 3100008
3-clauses : 1050
n-clauses : 3658
discarded : 0

[ solve ]


unsatisfiable                             

[ stats ]

decisions : 2771
conflicts : 142
time : ~0.01

***UNSAT***


bb: parsing domain file
domain 'DEPOT' defined
 ... done.
bb: parsing problem file
problem 'DEPOTPROB5656' defined
 ... done.


time:   0,    38 facts and       0 exclusive pairs
              47 ops   and      24 exclusive pairs
time:   1,    48 facts and      30 exclusive pairs
              78 ops   and     312 exclusive pairs
time:   2,    54 facts and      72 exclusive pairs
              93 ops   and     633 exclusive pairs
time:   3,    60 facts and     108 exclusive pairs
             120 ops   and    1479 exclusive pairs
time:   4,    72 facts and     246 exclusive pairs
             165 ops   and    3741 exclusive pairs
time:   5,    96 facts and     693 exclusive pairs
             231 ops   and    8463 exclusive pairs
time:   6,   117 facts and    1194 exclusive pairs
             323 ops   and   18756 exclusive pairs
time:   7,   148 facts and    1909 exclusive pairs
             441 ops   and   36411 exclusive pairs
time:   8,   176 facts and    2860 exclusive pairs
             597 ops   and   68965 exclusive pairs
time:   9,   214 facts and    3659 exclusive pairs
             764 ops   and  111713 exclusive pairs
time:  10,   242 facts and    4777 exclusive pairs
             943 ops   and  170308 exclusive pairs
time:  11,   270 facts and    4777 exclusive pairs
            1105 ops   and  228724 exclusive pairs
time:  12,   295 facts and    5804 exclusive pairs
            1232 ops   and  283802 exclusive pairs
time:  13,   311 facts and    5623 exclusive pairs
            1354 ops   and  338660 exclusive pairs
time:  14,   340 facts and    7244 exclusive pairs
            1464 ops   and  393147 exclusive pairs
time:  15,   347 facts and    6481 exclusive pairs
            1554 ops   and  437792 exclusive pairs
time:  16,   378 facts and    8228 exclusive pairs
            1670 ops   and  503624 exclusive pairs
time:  17,   382 facts and    7500 exclusive pairs
            1744 ops   and  543954 exclusive pairs
time:  18,   398 facts and    8002 exclusive pairs
            1834 ops   and  600933 exclusive pairs
time:  19,   402 facts and    7692 exclusive pairs
            1894 ops   and  640135 exclusive pairs
time:  20,   402 facts and    7440 exclusive pairs
            1922 ops   and  660393 exclusive pairs
time:  21,   402 facts and    7356 exclusive pairs
graph has leveled off at time step 22


            1950 ops   and  682527 exclusive pairs
time:  22,   402 facts and    7356 exclusive pairs

creating thin gp-based encoding...
plan graph layer 0...
plan graph layer 1...
plan graph layer 2...
plan graph layer 3...
plan graph layer 4...
plan graph layer 5...
plan graph layer 6...
plan graph layer 7...
plan graph layer 8...
plan graph layer 9...
plan graph layer 10...
plan graph layer 11...
plan graph layer 12...
plan graph layer 13...
plan graph layer 14...
plan graph layer 15...
plan graph layer 16...
plan graph layer 17...
plan graph layer 18...
plan graph layer 19...
plan graph layer 20...
plan graph layer 21...
plan graph layer 22...
goal constraints...
exclusion constraints layer 0...
exclusion constraints layer 1...
exclusion constraints layer 2...
exclusion constraints layer 3...
exclusion constraints layer 4...
exclusion constraints layer 5...
exclusion constraints layer 6...
exclusion constraints layer 7...
exclusion constraints layer 8...
exclusion constraints layer 9...
exclusion constraints layer 10...
exclusion constraints layer 11...
exclusion constraints layer 12...
exclusion constraints layer 13...
exclusion constraints layer 14...
exclusion constraints layer 15...
exclusion constraints layer 16...
exclusion constraints layer 17...
exclusion constraints layer 18...
exclusion constraints layer 19...
exclusion constraints layer 20...
exclusion constraints layer 21...
exclusion constraints layer 22...

DECISION LAYER 22, WRITING THIN GP-BASED ENCODING WITH 27119 VARS, 3546141 CLAUSES.

time spent:    0.00 seconds instantiating 5418 action templates
               0.00 seconds reachability analysis, yielding 423 facts and 1728 actions
               0.00 seconds collecting 417 relevant facts
               0.00 seconds building connectivity graph
               0.00 seconds building (std) graph
               1.30 seconds CNF output time
               1.30 seconds total planner time (solving not included)


***Solving***


[ filemap ]
[ extract ]

variables : 27119
pure lits : 429

1-clauses : 11
2-clauses : 3541020
3-clauses : 1095
n-clauses : 4015
discarded : 0

[ solve ]


unsatisfiable                             

[ stats ]

decisions : 35852
conflicts : 499
time : ~0.034

***UNSAT***


bb: parsing domain file
domain 'DEPOT' defined
 ... done.
bb: parsing problem file
problem 'DEPOTPROB5656' defined
 ... done.


time:   0,    38 facts and       0 exclusive pairs
              47 ops   and      24 exclusive pairs
time:   1,    48 facts and      30 exclusive pairs
              78 ops   and     312 exclusive pairs
time:   2,    54 facts and      72 exclusive pairs
              93 ops   and     633 exclusive pairs
time:   3,    60 facts and     108 exclusive pairs
             120 ops   and    1479 exclusive pairs
time:   4,    72 facts and     246 exclusive pairs
             165 ops   and    3741 exclusive pairs
time:   5,    96 facts and     693 exclusive pairs
             231 ops   and    8463 exclusive pairs
time:   6,   117 facts and    1194 exclusive pairs
             323 ops   and   18756 exclusive pairs
time:   7,   148 facts and    1909 exclusive pairs
             441 ops   and   36411 exclusive pairs
time:   8,   176 facts and    2860 exclusive pairs
             597 ops   and   68965 exclusive pairs
time:   9,   214 facts and    3659 exclusive pairs
             764 ops   and  111713 exclusive pairs
time:  10,   242 facts and    4777 exclusive pairs
             943 ops   and  170308 exclusive pairs
time:  11,   270 facts and    4777 exclusive pairs
            1105 ops   and  228724 exclusive pairs
time:  12,   295 facts and    5804 exclusive pairs
            1232 ops   and  283802 exclusive pairs
time:  13,   311 facts and    5623 exclusive pairs
            1354 ops   and  338660 exclusive pairs
time:  14,   340 facts and    7244 exclusive pairs
            1464 ops   and  393147 exclusive pairs
time:  15,   347 facts and    6481 exclusive pairs
            1554 ops   and  437792 exclusive pairs
time:  16,   378 facts and    8228 exclusive pairs
            1670 ops   and  503624 exclusive pairs
time:  17,   382 facts and    7500 exclusive pairs
            1744 ops   and  543954 exclusive pairs
time:  18,   398 facts and    8002 exclusive pairs
            1834 ops   and  600933 exclusive pairs
time:  19,   402 facts and    7692 exclusive pairs
            1894 ops   and  640135 exclusive pairs
time:  20,   402 facts and    7440 exclusive pairs
            1922 ops   and  660393 exclusive pairs
time:  21,   402 facts and    7356 exclusive pairs
graph has leveled off at time step 22


            1950 ops   and  682527 exclusive pairs
time:  22,   402 facts and    7356 exclusive pairs
            1950 ops   and  682527 exclusive pairs
time:  23,   402 facts and    7356 exclusive pairs

creating thin gp-based encoding...
plan graph layer 0...
plan graph layer 1...
plan graph layer 2...
plan graph layer 3...
plan graph layer 4...
plan graph layer 5...
plan graph layer 6...
plan graph layer 7...
plan graph layer 8...
plan graph layer 9...
plan graph layer 10...
plan graph layer 11...
plan graph layer 12...
plan graph layer 13...
plan graph layer 14...
plan graph layer 15...
plan graph layer 16...
plan graph layer 17...
plan graph layer 18...
plan graph layer 19...
plan graph layer 20...
plan graph layer 21...
plan graph layer 22...
plan graph layer 23...
goal constraints...
exclusion constraints layer 0...
exclusion constraints layer 1...
exclusion constraints layer 2...
exclusion constraints layer 3...
exclusion constraints layer 4...
exclusion constraints layer 5...
exclusion constraints layer 6...
exclusion constraints layer 7...
exclusion constraints layer 8...
exclusion constraints layer 9...
exclusion constraints layer 10...
exclusion constraints layer 11...
exclusion constraints layer 12...
exclusion constraints layer 13...
exclusion constraints layer 14...
exclusion constraints layer 15...
exclusion constraints layer 16...
exclusion constraints layer 17...
exclusion constraints layer 18...
exclusion constraints layer 19...
exclusion constraints layer 20...
exclusion constraints layer 21...
exclusion constraints layer 22...
exclusion constraints layer 23...

DECISION LAYER 23, WRITING THIN GP-BASED ENCODING WITH 29471 VARS, 3987555 CLAUSES.

time spent:    0.00 seconds instantiating 5418 action templates
               0.00 seconds reachability analysis, yielding 423 facts and 1728 actions
               0.00 seconds collecting 417 relevant facts
               0.00 seconds building connectivity graph
               0.00 seconds building (std) graph
               1.44 seconds CNF output time
               1.44 seconds total planner time (solving not included)


***Solving***


[ filemap ]
[ extract ]

variables : 29471
pure lits : 429

1-clauses : 11
2-clauses : 3982032
3-clauses : 1140
n-clauses : 4372
discarded : 0

[ solve ]


unsatisfiable                             

[ stats ]

decisions : 69373
conflicts : 4178
time : ~0.317

***UNSAT***


bb: parsing domain file
domain 'DEPOT' defined
 ... done.
bb: parsing problem file
problem 'DEPOTPROB5656' defined
 ... done.


time:   0,    38 facts and       0 exclusive pairs
              47 ops   and      24 exclusive pairs
time:   1,    48 facts and      30 exclusive pairs
              78 ops   and     312 exclusive pairs
time:   2,    54 facts and      72 exclusive pairs
              93 ops   and     633 exclusive pairs
time:   3,    60 facts and     108 exclusive pairs
             120 ops   and    1479 exclusive pairs
time:   4,    72 facts and     246 exclusive pairs
             165 ops   and    3741 exclusive pairs
time:   5,    96 facts and     693 exclusive pairs
             231 ops   and    8463 exclusive pairs
time:   6,   117 facts and    1194 exclusive pairs
             323 ops   and   18756 exclusive pairs
time:   7,   148 facts and    1909 exclusive pairs
             441 ops   and   36411 exclusive pairs
time:   8,   176 facts and    2860 exclusive pairs
             597 ops   and   68965 exclusive pairs
time:   9,   214 facts and    3659 exclusive pairs
             764 ops   and  111713 exclusive pairs
time:  10,   242 facts and    4777 exclusive pairs
             943 ops   and  170308 exclusive pairs
time:  11,   270 facts and    4777 exclusive pairs
            1105 ops   and  228724 exclusive pairs
time:  12,   295 facts and    5804 exclusive pairs
            1232 ops   and  283802 exclusive pairs
time:  13,   311 facts and    5623 exclusive pairs
            1354 ops   and  338660 exclusive pairs
time:  14,   340 facts and    7244 exclusive pairs
            1464 ops   and  393147 exclusive pairs
time:  15,   347 facts and    6481 exclusive pairs
            1554 ops   and  437792 exclusive pairs
time:  16,   378 facts and    8228 exclusive pairs
            1670 ops   and  503624 exclusive pairs
time:  17,   382 facts and    7500 exclusive pairs
            1744 ops   and  543954 exclusive pairs
time:  18,   398 facts and    8002 exclusive pairs
            1834 ops   and  600933 exclusive pairs
time:  19,   402 facts and    7692 exclusive pairs
            1894 ops   and  640135 exclusive pairs
time:  20,   402 facts and    7440 exclusive pairs
            1922 ops   and  660393 exclusive pairs
time:  21,   402 facts and    7356 exclusive pairs
graph has leveled off at time step 22


            1950 ops   and  682527 exclusive pairs
time:  22,   402 facts and    7356 exclusive pairs
            1950 ops   and  682527 exclusive pairs
time:  23,   402 facts and    7356 exclusive pairs
            1950 ops   and  682527 exclusive pairs
time:  24,   402 facts and    7356 exclusive pairs

creating thin gp-based encoding...
plan graph layer 0...
plan graph layer 1...
plan graph layer 2...
plan graph layer 3...
plan graph layer 4...
plan graph layer 5...
plan graph layer 6...
plan graph layer 7...
plan graph layer 8...
plan graph layer 9...
plan graph layer 10...
plan graph layer 11...
plan graph layer 12...
plan graph layer 13...
plan graph layer 14...
plan graph layer 15...
plan graph layer 16...
plan graph layer 17...
plan graph layer 18...
plan graph layer 19...
plan graph layer 20...
plan graph layer 21...
plan graph layer 22...
plan graph layer 23...
plan graph layer 24...
goal constraints...
exclusion constraints layer 0...
exclusion constraints layer 1...
exclusion constraints layer 2...
exclusion constraints layer 3...
exclusion constraints layer 4...
exclusion constraints layer 5...
exclusion constraints layer 6...
exclusion constraints layer 7...
exclusion constraints layer 8...
exclusion constraints layer 9...
exclusion constraints layer 10...
exclusion constraints layer 11...
exclusion constraints layer 12...
exclusion constraints layer 13...
exclusion constraints layer 14...
exclusion constraints layer 15...
exclusion constraints layer 16...
exclusion constraints layer 17...
exclusion constraints layer 18...
exclusion constraints layer 19...
exclusion constraints layer 20...
exclusion constraints layer 21...
exclusion constraints layer 22...
exclusion constraints layer 23...
exclusion constraints layer 24...

DECISION LAYER 24, WRITING THIN GP-BASED ENCODING WITH 31823 VARS, 4428969 CLAUSES.

time spent:    0.00 seconds instantiating 5418 action templates
               0.00 seconds reachability analysis, yielding 423 facts and 1728 actions
               0.00 seconds collecting 417 relevant facts
               0.00 seconds building connectivity graph
               0.00 seconds building (std) graph
               1.57 seconds CNF output time
               1.57 seconds total planner time (solving not included)


***Solving***


[ filemap ]
[ extract ]

variables : 31823
pure lits : 429

1-clauses : 11
2-clauses : 4423044
3-clauses : 1185
n-clauses : 4729
discarded : 0

[ solve ]


unsatisfiable                             

[ stats ]

decisions : 162498
conflicts : 50957
time : ~13.962

***UNSAT***


bb: parsing domain file
domain 'DEPOT' defined
 ... done.
bb: parsing problem file
problem 'DEPOTPROB5656' defined
 ... done.


time:   0,    38 facts and       0 exclusive pairs
              47 ops   and      24 exclusive pairs
time:   1,    48 facts and      30 exclusive pairs
              78 ops   and     312 exclusive pairs
time:   2,    54 facts and      72 exclusive pairs
              93 ops   and     633 exclusive pairs
time:   3,    60 facts and     108 exclusive pairs
             120 ops   and    1479 exclusive pairs
time:   4,    72 facts and     246 exclusive pairs
             165 ops   and    3741 exclusive pairs
time:   5,    96 facts and     693 exclusive pairs
             231 ops   and    8463 exclusive pairs
time:   6,   117 facts and    1194 exclusive pairs
             323 ops   and   18756 exclusive pairs
time:   7,   148 facts and    1909 exclusive pairs
             441 ops   and   36411 exclusive pairs
time:   8,   176 facts and    2860 exclusive pairs
             597 ops   and   68965 exclusive pairs
time:   9,   214 facts and    3659 exclusive pairs
             764 ops   and  111713 exclusive pairs
time:  10,   242 facts and    4777 exclusive pairs
             943 ops   and  170308 exclusive pairs
time:  11,   270 facts and    4777 exclusive pairs
            1105 ops   and  228724 exclusive pairs
time:  12,   295 facts and    5804 exclusive pairs
            1232 ops   and  283802 exclusive pairs
time:  13,   311 facts and    5623 exclusive pairs
            1354 ops   and  338660 exclusive pairs
time:  14,   340 facts and    7244 exclusive pairs
            1464 ops   and  393147 exclusive pairs
time:  15,   347 facts and    6481 exclusive pairs
            1554 ops   and  437792 exclusive pairs
time:  16,   378 facts and    8228 exclusive pairs
            1670 ops   and  503624 exclusive pairs
time:  17,   382 facts and    7500 exclusive pairs
            1744 ops   and  543954 exclusive pairs
time:  18,   398 facts and    8002 exclusive pairs
            1834 ops   and  600933 exclusive pairs
time:  19,   402 facts and    7692 exclusive pairs
            1894 ops   and  640135 exclusive pairs
time:  20,   402 facts and    7440 exclusive pairs
            1922 ops   and  660393 exclusive pairs
time:  21,   402 facts and    7356 exclusive pairs
graph has leveled off at time step 22


            1950 ops   and  682527 exclusive pairs
time:  22,   402 facts and    7356 exclusive pairs
            1950 ops   and  682527 exclusive pairs
time:  23,   402 facts and    7356 exclusive pairs
            1950 ops   and  682527 exclusive pairs
time:  24,   402 facts and    7356 exclusive pairs
            1950 ops   and  682527 exclusive pairs
time:  25,   402 facts and    7356 exclusive pairs

creating thin gp-based encoding...
plan graph layer 0...
plan graph layer 1...
plan graph layer 2...
plan graph layer 3...
plan graph layer 4...
plan graph layer 5...
plan graph layer 6...
plan graph layer 7...
plan graph layer 8...
plan graph layer 9...
plan graph layer 10...
plan graph layer 11...
plan graph layer 12...
plan graph layer 13...
plan graph layer 14...
plan graph layer 15...
plan graph layer 16...
plan graph layer 17...
plan graph layer 18...
plan graph layer 19...
plan graph layer 20...
plan graph layer 21...
plan graph layer 22...
plan graph layer 23...
plan graph layer 24...
plan graph layer 25...
goal constraints...
exclusion constraints layer 0...
exclusion constraints layer 1...
exclusion constraints layer 2...
exclusion constraints layer 3...
exclusion constraints layer 4...
exclusion constraints layer 5...
exclusion constraints layer 6...
exclusion constraints layer 7...
exclusion constraints layer 8...
exclusion constraints layer 9...
exclusion constraints layer 10...
exclusion constraints layer 11...
exclusion constraints layer 12...
exclusion constraints layer 13...
exclusion constraints layer 14...
exclusion constraints layer 15...
exclusion constraints layer 16...
exclusion constraints layer 17...
exclusion constraints layer 18...
exclusion constraints layer 19...
exclusion constraints layer 20...
exclusion constraints layer 21...
exclusion constraints layer 22...
exclusion constraints layer 23...
exclusion constraints layer 24...
exclusion constraints layer 25...

DECISION LAYER 25, WRITING THIN GP-BASED ENCODING WITH 34175 VARS, 4870383 CLAUSES.

time spent:    0.00 seconds instantiating 5418 action templates
               0.00 seconds reachability analysis, yielding 423 facts and 1728 actions
               0.00 seconds collecting 417 relevant facts
               0.00 seconds building connectivity graph
               0.00 seconds building (std) graph
               1.72 seconds CNF output time
               1.72 seconds total planner time (solving not included)


***Solving***


[ filemap ]
[ extract ]

variables : 34175
pure lits : 429

1-clauses : 11
2-clauses : 4864056
3-clauses : 1230
n-clauses : 5086
discarded : 0

[ solve ]


unsatisfiable                             

[ stats ]

decisions : 297410
conflicts : 97448
time : ~25.263

***UNSAT***


bb: parsing domain file
domain 'DEPOT' defined
 ... done.
bb: parsing problem file
problem 'DEPOTPROB5656' defined
 ... done.


time:   0,    38 facts and       0 exclusive pairs
              47 ops   and      24 exclusive pairs
time:   1,    48 facts and      30 exclusive pairs
              78 ops   and     312 exclusive pairs
time:   2,    54 facts and      72 exclusive pairs
              93 ops   and     633 exclusive pairs
time:   3,    60 facts and     108 exclusive pairs
             120 ops   and    1479 exclusive pairs
time:   4,    72 facts and     246 exclusive pairs
             165 ops   and    3741 exclusive pairs
time:   5,    96 facts and     693 exclusive pairs
             231 ops   and    8463 exclusive pairs
time:   6,   117 facts and    1194 exclusive pairs
             323 ops   and   18756 exclusive pairs
time:   7,   148 facts and    1909 exclusive pairs
             441 ops   and   36411 exclusive pairs
time:   8,   176 facts and    2860 exclusive pairs
             597 ops   and   68965 exclusive pairs
time:   9,   214 facts and    3659 exclusive pairs
             764 ops   and  111713 exclusive pairs
time:  10,   242 facts and    4777 exclusive pairs
             943 ops   and  170308 exclusive pairs
time:  11,   270 facts and    4777 exclusive pairs
            1105 ops   and  228724 exclusive pairs
time:  12,   295 facts and    5804 exclusive pairs
            1232 ops   and  283802 exclusive pairs
time:  13,   311 facts and    5623 exclusive pairs
            1354 ops   and  338660 exclusive pairs
time:  14,   340 facts and    7244 exclusive pairs
            1464 ops   and  393147 exclusive pairs
time:  15,   347 facts and    6481 exclusive pairs
            1554 ops   and  437792 exclusive pairs
time:  16,   378 facts and    8228 exclusive pairs
            1670 ops   and  503624 exclusive pairs
time:  17,   382 facts and    7500 exclusive pairs
            1744 ops   and  543954 exclusive pairs
time:  18,   398 facts and    8002 exclusive pairs
            1834 ops   and  600933 exclusive pairs
time:  19,   402 facts and    7692 exclusive pairs
            1894 ops   and  640135 exclusive pairs
time:  20,   402 facts and    7440 exclusive pairs
            1922 ops   and  660393 exclusive pairs
time:  21,   402 facts and    7356 exclusive pairs
graph has leveled off at time step 22


            1950 ops   and  682527 exclusive pairs
time:  22,   402 facts and    7356 exclusive pairs
            1950 ops   and  682527 exclusive pairs
time:  23,   402 facts and    7356 exclusive pairs
            1950 ops   and  682527 exclusive pairs
time:  24,   402 facts and    7356 exclusive pairs
            1950 ops   and  682527 exclusive pairs
time:  25,   402 facts and    7356 exclusive pairs
            1950 ops   and  682527 exclusive pairs
time:  26,   402 facts and    7356 exclusive pairs

creating thin gp-based encoding...
plan graph layer 0...
plan graph layer 1...
plan graph layer 2...
plan graph layer 3...
plan graph layer 4...
plan graph layer 5...
plan graph layer 6...
plan graph layer 7...
plan graph layer 8...
plan graph layer 9...
plan graph layer 10...
plan graph layer 11...
plan graph layer 12...
plan graph layer 13...
plan graph layer 14...
plan graph layer 15...
plan graph layer 16...
plan graph layer 17...
plan graph layer 18...
plan graph layer 19...
plan graph layer 20...
plan graph layer 21...
plan graph layer 22...
plan graph layer 23...
plan graph layer 24...
plan graph layer 25...
plan graph layer 26...
goal constraints...
exclusion constraints layer 0...
exclusion constraints layer 1...
exclusion constraints layer 2...
exclusion constraints layer 3...
exclusion constraints layer 4...
exclusion constraints layer 5...
exclusion constraints layer 6...
exclusion constraints layer 7...
exclusion constraints layer 8...
exclusion constraints layer 9...
exclusion constraints layer 10...
exclusion constraints layer 11...
exclusion constraints layer 12...
exclusion constraints layer 13...
exclusion constraints layer 14...
exclusion constraints layer 15...
exclusion constraints layer 16...
exclusion constraints layer 17...
exclusion constraints layer 18...
exclusion constraints layer 19...
exclusion constraints layer 20...
exclusion constraints layer 21...
exclusion constraints layer 22...
exclusion constraints layer 23...
exclusion constraints layer 24...
exclusion constraints layer 25...
exclusion constraints layer 26...

DECISION LAYER 26, WRITING THIN GP-BASED ENCODING WITH 36527 VARS, 5311797 CLAUSES.

time spent:    0.00 seconds instantiating 5418 action templates
               0.00 seconds reachability analysis, yielding 423 facts and 1728 actions
               0.00 seconds collecting 417 relevant facts
               0.00 seconds building connectivity graph
               0.00 seconds building (std) graph
               1.88 seconds CNF output time
               1.88 seconds total planner time (solving not included)


***Solving***


[ filemap ]
[ extract ]

variables : 36527
pure lits : 429

1-clauses : 11
2-clauses : 5305068
3-clauses : 1275
n-clauses : 5443
discarded : 0

[ solve ]


satisfiable                             

[ stats ]

decisions : 400057
conflicts : 112837
time : ~29.696


bb: parsing domain file
domain 'DEPOT' defined
 ... done.
bb: parsing problem file
problem 'DEPOTPROB5656' defined
 ... done.


time:   0,    38 facts and       0 exclusive pairs
              47 ops   and      24 exclusive pairs
time:   1,    48 facts and      30 exclusive pairs
              78 ops   and     312 exclusive pairs
time:   2,    54 facts and      72 exclusive pairs
              93 ops   and     633 exclusive pairs
time:   3,    60 facts and     108 exclusive pairs
             120 ops   and    1479 exclusive pairs
time:   4,    72 facts and     246 exclusive pairs
             165 ops   and    3741 exclusive pairs
time:   5,    96 facts and     693 exclusive pairs
             231 ops   and    8463 exclusive pairs
time:   6,   117 facts and    1194 exclusive pairs
             323 ops   and   18756 exclusive pairs
time:   7,   148 facts and    1909 exclusive pairs
             441 ops   and   36411 exclusive pairs
time:   8,   176 facts and    2860 exclusive pairs
             597 ops   and   68965 exclusive pairs
time:   9,   214 facts and    3659 exclusive pairs
             764 ops   and  111713 exclusive pairs
time:  10,   242 facts and    4777 exclusive pairs
             943 ops   and  170308 exclusive pairs
time:  11,   270 facts and    4777 exclusive pairs
            1105 ops   and  228724 exclusive pairs
time:  12,   295 facts and    5804 exclusive pairs
            1232 ops   and  283802 exclusive pairs
time:  13,   311 facts and    5623 exclusive pairs
            1354 ops   and  338660 exclusive pairs
time:  14,   340 facts and    7244 exclusive pairs
            1464 ops   and  393147 exclusive pairs
time:  15,   347 facts and    6481 exclusive pairs
            1554 ops   and  437792 exclusive pairs
time:  16,   378 facts and    8228 exclusive pairs
            1670 ops   and  503624 exclusive pairs
time:  17,   382 facts and    7500 exclusive pairs
            1744 ops   and  543954 exclusive pairs
time:  18,   398 facts and    8002 exclusive pairs
            1834 ops   and  600933 exclusive pairs
time:  19,   402 facts and    7692 exclusive pairs
            1894 ops   and  640135 exclusive pairs
time:  20,   402 facts and    7440 exclusive pairs
            1922 ops   and  660393 exclusive pairs
time:  21,   402 facts and    7356 exclusive pairs
graph has leveled off at time step 22


            1950 ops   and  682527 exclusive pairs
time:  22,   402 facts and    7356 exclusive pairs
            1950 ops   and  682527 exclusive pairs
time:  23,   402 facts and    7356 exclusive pairs
            1950 ops   and  682527 exclusive pairs
time:  24,   402 facts and    7356 exclusive pairs
            1950 ops   and  682527 exclusive pairs
time:  25,   402 facts and    7356 exclusive pairs
            1950 ops   and  682527 exclusive pairs
time:  26,   402 facts and    7356 exclusive pairs

creating thin gp-based encoding...
plan graph layer 0...
plan graph layer 1...
plan graph layer 2...
plan graph layer 3...
plan graph layer 4...
plan graph layer 5...
plan graph layer 6...
plan graph layer 7...
plan graph layer 8...
plan graph layer 9...
plan graph layer 10...
plan graph layer 11...
plan graph layer 12...
plan graph layer 13...
plan graph layer 14...
plan graph layer 15...
plan graph layer 16...
plan graph layer 17...
plan graph layer 18...
plan graph layer 19...
plan graph layer 20...
plan graph layer 21...
plan graph layer 22...
plan graph layer 23...
plan graph layer 24...
plan graph layer 25...
plan graph layer 26...
goal constraints...
exclusion constraints layer 0...
exclusion constraints layer 1...
exclusion constraints layer 2...
exclusion constraints layer 3...
exclusion constraints layer 4...
exclusion constraints layer 5...
exclusion constraints layer 6...
exclusion constraints layer 7...
exclusion constraints layer 8...
exclusion constraints layer 9...
exclusion constraints layer 10...
exclusion constraints layer 11...
exclusion constraints layer 12...
exclusion constraints layer 13...
exclusion constraints layer 14...
exclusion constraints layer 15...
exclusion constraints layer 16...
exclusion constraints layer 17...
exclusion constraints layer 18...
exclusion constraints layer 19...
exclusion constraints layer 20...
exclusion constraints layer 21...
exclusion constraints layer 22...
exclusion constraints layer 23...
exclusion constraints layer 24...
exclusion constraints layer 25...
exclusion constraints layer 26...

DECISION LAYER 26, WRITING THIN GP-BASED ENCODING WITH 36527 VARS, 5311797 CLAUSES.

time spent:    0.00 seconds instantiating 5418 action templates
               0.00 seconds reachability analysis, yielding 423 facts and 1728 actions
               0.00 seconds collecting 417 relevant facts
               0.00 seconds building connectivity graph
               0.00 seconds building (std) graph
               1.17 seconds CNF output time
               1.17 seconds total planner time (solving not included)

Pruned:  0: (DROP HOIST0 CRATE1 CRATE0 DEPOT0) [1]
Pruned:  0: (DROP HOIST0 CRATE1 CRATE0 DEPOT0) [1]
Pruned:  0: (DROP HOIST0 CRATE1 CRATE0 DEPOT0) [1]
Pruned:  0: (DROP HOIST0 CRATE1 CRATE0 DEPOT0) [1]
Pruned:  0: (DROP HOIST0 CRATE1 CRATE0 DEPOT0) [1]
Pruned:  0: (DROP HOIST0 CRATE1 CRATE0 DEPOT0) [1]
Pruned:  0: (DROP HOIST0 CRATE1 CRATE0 DEPOT0) [1]
Pruned:  0: (DROP HOIST0 CRATE1 CRATE0 DEPOT0) [1]
Pruned:  0: (DROP HOIST0 CRATE1 CRATE0 DEPOT0) [1]
Pruned:  0: (DROP HOIST0 CRATE1 CRATE0 DEPOT0) [1]
Pruned:  0: (DROP HOIST0 CRATE1 CRATE0 DEPOT0) [1]
Pruned:  0: (DROP HOIST0 CRATE1 CRATE0 DEPOT0) [1]
Pruned:  0: (DROP HOIST0 CRATE1 CRATE0 DEPOT0) [1]
Pruned:  0: (DROP HOIST0 CRATE1 CRATE0 DEPOT0) [1]
Pruned:  0: (DROP HOIST0 CRATE1 CRATE0 DEPOT0) [1]
Pruned:  0: (DROP HOIST0 CRATE1 CRATE0 DEPOT0) [1]
Pruned:  0: (DROP HOIST0 CRATE1 CRATE0 DEPOT0) [1]
Pruned:  0: (DROP HOIST0 CRATE1 CRATE0 DEPOT0) [1]
Pruned:  0: (DROP HOIST0 CRATE1 CRATE0 DEPOT0) [1]
Pruned:  0: (DROP HOIST0 CRATE1 CRATE0 DEPOT0) [1]
Pruned:  0: (DROP HOIST0 CRATE1 CRATE0 DEPOT0) [1]
Pruned:  0: (DROP HOIST0 CRATE1 CRATE0 DEPOT0) [1]
Pruned:  0: (DROP HOIST0 CRATE1 CRATE0 DEPOT0) [1]
Pruned:  0: (DROP HOIST0 CRATE1 CRATE0 DEPOT0) [1]
Pruned:  0: (DROP HOIST0 CRATE1 CRATE0 DEPOT0) [1]
Pruned:  0: (DROP HOIST0 CRATE1 CRATE0 DEPOT0) [1]
Pruned:  0: (DROP HOIST0 CRATE1 CRATE0 DEPOT0) [1]
Pruned:  0: (DROP HOIST0 CRATE1 CRATE0 DEPOT0) [1]
Pruned:  0: (DROP HOIST0 CRATE1 CRATE0 DEPOT0) [1]
Pruned:  0: (DROP HOIST0 CRATE1 CRATE0 DEPOT0) [1]
Pruned:  0: (DROP HOIST0 CRATE1 CRATE0 DEPOT0) [1]
Pruned:  0: (DROP HOIST0 CRATE1 CRATE0 DEPOT0) [1]
Pruned:  0: (DROP HOIST0 CRATE1 CRATE0 DEPOT0) [1]
Pruned:  0: (DROP HOIST0 CRATE1 CRATE0 DEPOT0) [1]
Pruned:  0: (DROP HOIST0 CRATE1 CRATE0 DEPOT0) [1]
Pruned:  0: (DROP HOIST0 CRATE1 CRATE0 DEPOT0) [1]
Pruned:  0: (DROP HOIST0 CRATE1 CRATE0 DEPOT0) [1]
Pruned:  0: (DROP HOIST0 CRATE1 CRATE0 DEPOT0) [1]
Pruned:  0: (DROP HOIST0 CRATE1 CRATE0 DEPOT0) [1]
Pruned:  0: (DROP HOIST0 CRATE1 CRATE0 DEPOT0) [1]
Pruned:  0: (DROP HOIST0 CRATE1 CRATE0 DEPOT0) [1]
Pruned:  0: (DROP HOIST0 CRATE1 CRATE0 DEPOT0) [1]
Pruned:  0: (DROP HOIST0 CRATE1 CRATE0 DEPOT0) [1]
Pruned:  0: (DROP HOIST0 CRATE1 CRATE0 DEPOT0) [1]
Pruned:  0: (DROP HOIST0 CRATE1 CRATE0 DEPOT0) [1]
Pruned:  0: (DROP HOIST0 CRATE1 CRATE0 DEPOT0) [1]
Pruned:  0: (DROP HOIST0 CRATE1 CRATE0 DEPOT0) [1]
Pruned:  0: (DROP HOIST0 CRATE1 CRATE0 DEPOT0) [1]
Pruned:  0: (DROP HOIST0 CRATE1 CRATE0 DEPOT0) [1]
Pruned:  0: (DROP HOIST0 CRATE1 CRATE0 DEPOT0) [1]
Pruned:  0: (DROP HOIST0 CRATE1 CRATE0 DEPOT0) [1]
Pruned:  0: (DROP HOIST0 CRATE1 CRATE0 DEPOT0) [1]
Pruned:  0: (DROP HOIST0 CRATE1 CRATE0 DEPOT0) [1]
Pruned:  0: (DROP HOIST0 CRATE1 CRATE0 DEPOT0) [1]
Pruned:  0: (DROP HOIST0 CRATE1 CRATE0 DEPOT0) [1]
Pruned:  0: (DROP HOIST0 CRATE1 CRATE0 DEPOT0) [1]
Pruned:  0: (DROP HOIST0 CRATE1 CRATE0 DEPOT0) [1]
Pruned:  0: (DROP HOIST0 CRATE1 CRATE0 DEPOT0) [1]
Pruned:  0: (DROP HOIST0 CRATE1 CRATE0 DEPOT0) [1]
Pruned:  0: (DROP HOIST0 CRATE1 CRATE0 DEPOT0) [1]
Pruned:  0: (DROP HOIST0 CRATE1 CRATE0 DEPOT0) [1]
Pruned:  0: (DROP HOIST0 CRATE1 CRATE0 DEPOT0) [1]
Pruned:  0: (DROP HOIST0 CRATE1 CRATE0 DEPOT0) [1]
Pruned:  0: (DROP HOIST0 CRATE1 CRATE0 DEPOT0) [1]
Pruned:  0: (DROP HOIST0 CRATE1 CRATE0 DEPOT0) [1]
Pruned:  0: (DROP HOIST0 CRATE1 CRATE0 DEPOT0) [1]
Pruned:  0: (DROP HOIST0 CRATE1 CRATE0 DEPOT0) [1]
Pruned:  0: (DROP HOIST0 CRATE1 CRATE0 DEPOT0) [1]
Pruned:  0: (DROP HOIST0 CRATE1 CRATE0 DEPOT0) [1]
Pruned:  0: (DROP HOIST0 CRATE1 CRATE0 DEPOT0) [1]
Pruned:  0: (DROP HOIST0 CRATE1 CRATE0 DEPOT0) [1]
Pruned:  0: (DROP HOIST0 CRATE1 CRATE0 DEPOT0) [1]
Pruned:  0: (DROP HOIST0 CRATE1 CRATE0 DEPOT0) [1]
Pruned:  0: (DROP HOIST0 CRATE1 CRATE0 DEPOT0) [1]
Pruned:  0: (DROP HOIST0 CRATE1 CRATE0 DEPOT0) [1]
Pruned:  0: (DROP HOIST0 CRATE1 CRATE0 DEPOT0) [1]
Pruned:  0: (DROP HOIST0 CRATE1 CRATE0 DEPOT0) [1]
Pruned:  0: (DROP HOIST0 CRATE1 CRATE0 DEPOT0) [1]
Pruned:  0: (DROP HOIST0 CRATE1 CRATE0 DEPOT0) [1]
Pruned:  0: (DROP HOIST0 CRATE1 CRATE0 DEPOT0) [1]
Pruned:  0: (DROP HOIST0 CRATE1 CRATE0 DEPOT0) [1]
Pruned:  0: (DROP HOIST0 CRATE1 CRATE0 DEPOT0) [1]
Pruned:  0: (DROP HOIST0 CRATE1 CRATE0 DEPOT0) [1]
Pruned:  0: (DROP HOIST0 CRATE1 CRATE0 DEPOT0) [1]
Pruned:  0: (DROP HOIST0 CRATE1 CRATE0 DEPOT0) [1]
Pruned:  0: (DROP HOIST0 CRATE1 CRATE0 DEPOT0) [1]
Pruned:  0: (DROP HOIST0 CRATE1 CRATE0 DEPOT0) [1]
Pruned:  0: (DROP HOIST0 CRATE1 CRATE0 DEPOT0) [1]
Pruned:  0: (DROP HOIST0 CRATE1 CRATE0 DEPOT0) [1]
Pruned:  0: (DROP HOIST0 CRATE1 CRATE0 DEPOT0) [1]
Pruned:  0: (DROP HOIST0 CRATE1 CRATE0 DEPOT0) [1]
Pruned:  0: (DROP HOIST0 CRATE1 CRATE0 DEPOT0) [1]
Pruned:  0: (DROP HOIST0 CRATE1 CRATE0 DEPOT0) [1]
Pruned:  0: (DROP HOIST0 CRATE1 CRATE0 DEPOT0) [1]
Pruned:  0: (DROP HOIST0 CRATE1 CRATE0 DEPOT0) [1]
Pruned:  0: (DROP HOIST0 CRATE1 CRATE0 DEPOT0) [1]
Pruned:  0: (DROP HOIST0 CRATE1 CRATE0 DEPOT0) [1]
Pruned:  0: (DROP HOIST0 CRATE1 CRATE0 DEPOT0) [1]
Pruned:  0: (DROP HOIST0 CRATE1 CRATE0 DEPOT0) [1]
Pruned:  0: (DROP HOIST0 CRATE1 CRATE0 DEPOT0) [1]
Pruned:  0: (DROP HOIST0 CRATE1 CRATE0 DEPOT0) [1]
Pruned:  0: (DROP HOIST0 CRATE1 CRATE0 DEPOT0) [1]
Pruned:  0: (DROP HOIST0 CRATE1 CRATE0 DEPOT0) [1]
Pruned:  0: (DROP HOIST0 CRATE1 CRATE0 DEPOT0) [1]
Pruned:  0: (DROP HOIST0 CRATE1 CRATE0 DEPOT0) [1]
Pruned:  0: (DROP HOIST0 CRATE1 CRATE0 DEPOT0) [1]
Pruned:  0: (DROP HOIST0 CRATE1 CRATE0 DEPOT0) [1]
Pruned:  0: (DROP HOIST0 CRATE1 CRATE0 DEPOT0) [1]
Pruned:  0: (DROP HOIST0 CRATE1 CRATE0 DEPOT0) [1]
Pruned:  0: (DROP HOIST0 CRATE1 CRATE0 DEPOT0) [1]
Pruned:  0: (DROP HOIST0 CRATE1 CRATE0 DEPOT0) [1]
Pruned:  0: (DROP HOIST0 CRATE1 CRATE0 DEPOT0) [1]
Pruned:  0: (DROP HOIST0 CRATE1 CRATE0 DEPOT0) [1]
Pruned:  0: (DROP HOIST0 CRATE1 CRATE0 DEPOT0) [1]
Pruned:  0: (DROP HOIST0 CRATE1 CRATE0 DEPOT0) [1]
Pruned:  0: (DROP HOIST0 CRATE1 CRATE0 DEPOT0) [1]
Pruned:  0: (DROP HOIST0 CRATE1 CRATE0 DEPOT0) [1]
Pruned:  0: (DROP HOIST0 CRATE1 CRATE0 DEPOT0) [1]
Pruned:  0: (DROP HOIST0 CRATE1 CRATE0 DEPOT0) [1]
Pruned:  0: (DROP HOIST0 CRATE1 CRATE0 DEPOT0) [1]
Pruned:  0: (DROP HOIST0 CRATE1 CRATE0 DEPOT0) [1]
Pruned:  0: (DROP HOIST0 CRATE1 CRATE0 DEPOT0) [1]
Pruned:  0: (DROP HOIST0 CRATE1 CRATE0 DEPOT0) [1]
Pruned:  0: (DROP HOIST0 CRATE1 CRATE0 DEPOT0) [1]
Pruned:  0: (DROP HOIST0 CRATE1 CRATE0 DEPOT0) [1]
Pruned:  0: (DROP HOIST0 CRATE1 CRATE0 DEPOT0) [1]
Pruned:  0: (DROP HOIST0 CRATE1 CRATE0 DEPOT0) [1]
Pruned:  0: (DROP HOIST0 CRATE1 CRATE0 DEPOT0) [1]
Pruned:  0: (DROP HOIST0 CRATE1 CRATE0 DEPOT0) [1]
Pruned:  0: (DROP HOIST0 CRATE1 CRATE0 DEPOT0) [1]
Pruned:  0: (DROP HOIST0 CRATE1 CRATE0 DEPOT0) [1]
Pruned:  0: (DROP HOIST0 CRATE1 CRATE0 DEPOT0) [1]
Pruned:  0: (DROP HOIST0 CRATE1 CRATE0 DEPOT0) [1]
Pruned:  0: (DROP HOIST0 CRATE1 CRATE0 DEPOT0) [1]
Pruned:  0: (DROP HOIST0 CRATE1 CRATE0 DEPOT0) [1]
Pruned:  0: (DROP HOIST0 CRATE1 CRATE0 DEPOT0) [1]
Pruned:  0: (DROP HOIST0 CRATE1 CRATE0 DEPOT0) [1]
Pruned:  0: (DROP HOIST0 CRATE1 CRATE0 DEPOT0) [1]
Pruned:  0: (DROP HOIST0 CRATE1 CRATE0 DEPOT0) [1]
Pruned:  0: (DROP HOIST0 CRATE1 CRATE0 DEPOT0) [1]
Pruned:  0: (DROP HOIST0 CRATE1 CRATE0 DEPOT0) [1]
Pruned:  0: (DROP HOIST0 CRATE1 CRATE0 DEPOT0) [1]
Pruned:  0: (DROP HOIST0 CRATE1 CRATE0 DEPOT0) [1]
Pruned:  0: (DROP HOIST0 CRATE1 CRATE0 DEPOT0) [1]
Pruned:  0: (DROP HOIST0 CRATE1 CRATE0 DEPOT0) [1]
Pruned:  0: (DROP HOIST0 CRATE1 CRATE0 DEPOT0) [1]
Pruned:  0: (DROP HOIST0 CRATE1 CRATE0 DEPOT0) [1]
Pruned:  0: (DROP HOIST0 CRATE1 CRATE0 DEPOT0) [1]
Pruned:  0: (DROP HOIST0 CRATE1 CRATE0 DEPOT0) [1]
Pruned:  0: (DROP HOIST0 CRATE1 CRATE0 DEPOT0) [1]
Pruned:  0: (DROP HOIST0 CRATE1 CRATE0 DEPOT0) [1]
Pruned:  0: (DROP HOIST0 CRATE1 CRATE0 DEPOT0) [1]
Pruned:  0: (DROP HOIST0 CRATE1 CRATE0 DEPOT0) [1]
Pruned:  0: (DROP HOIST0 CRATE1 CRATE0 DEPOT0) [1]
Pruned:  0: (DROP HOIST0 CRATE1 CRATE0 DEPOT0) [1]
Pruned:  0: (DROP HOIST0 CRATE1 CRATE0 DEPOT0) [1]
Pruned:  0: (DROP HOIST0 CRATE1 CRATE0 DEPOT0) [1]
Pruned:  0: (DROP HOIST0 CRATE1 CRATE0 DEPOT0) [1]
Pruned:  0: (DROP HOIST0 CRATE1 CRATE0 DEPOT0) [1]
Pruned:  0: (DROP HOIST0 CRATE1 CRATE0 DEPOT0) [1]
Pruned:  0: (DROP HOIST0 CRATE1 CRATE0 DEPOT0) [1]
Pruned:  0: (DROP HOIST0 CRATE1 CRATE0 DEPOT0) [1]
Pruned:  0: (DROP HOIST0 CRATE1 CRATE0 DEPOT0) [1]
Pruned:  0: (DROP HOIST0 CRATE1 CRATE0 DEPOT0) [1]
Pruned:  0: (DROP HOIST0 CRATE1 CRATE0 DEPOT0) [1]
Pruned:  0: (DROP HOIST0 CRATE1 CRATE0 DEPOT0) [1]
Pruned:  0: (DROP HOIST0 CRATE1 CRATE0 DEPOT0) [1]
Pruned:  0: (DROP HOIST0 CRATE1 CRATE0 DEPOT0) [1]
Pruned:  0: (DROP HOIST0 CRATE1 CRATE0 DEPOT0) [1]
Pruned:  0: (DROP HOIST0 CRATE1 CRATE0 DEPOT0) [1]
Pruned:  0: (DROP HOIST0 CRATE1 CRATE0 DEPOT0) [1]
Pruned:  0: (DROP HOIST0 CRATE1 CRATE0 DEPOT0) [1]
Pruned:  0: (DROP HOIST0 CRATE1 CRATE0 DEPOT0) [1]
Pruned:  0: (DROP HOIST0 CRATE1 CRATE0 DEPOT0) [1]
Pruned:  0: (DROP HOIST0 CRATE1 CRATE0 DEPOT0) [1]
Pruned:  0: (DROP HOIST0 CRATE1 CRATE0 DEPOT0) [1]
Pruned:  0: (DROP HOIST0 CRATE1 CRATE0 DEPOT0) [1]
Pruned:  0: (DROP HOIST0 CRATE1 CRATE0 DEPOT0) [1]
Pruned:  0: (DROP HOIST0 CRATE1 CRATE0 DEPOT0) [1]
Pruned:  0: (DROP HOIST0 CRATE1 CRATE0 DEPOT0) [1]
Pruned:  0: (DROP HOIST0 CRATE1 CRATE0 DEPOT0) [1]
Pruned:  0: (DROP HOIST0 CRATE1 CRATE0 DEPOT0) [1]
Pruned:  0: (DROP HOIST0 CRATE1 CRATE0 DEPOT0) [1]
Pruned:  0: (DROP HOIST0 CRATE1 CRATE0 DEPOT0) [1]
Pruned:  0: (DROP HOIST0 CRATE1 CRATE0 DEPOT0) [1]
Pruned:  0: (DROP HOIST0 CRATE1 CRATE0 DEPOT0) [1]
Pruned:  0: (DROP HOIST0 CRATE1 CRATE0 DEPOT0) [1]
Pruned:  0: (DROP HOIST0 CRATE1 CRATE0 DEPOT0) [1]
Pruned:  0: (DROP HOIST0 CRATE1 CRATE0 DEPOT0) [1]
Pruned:  0: (DROP HOIST0 CRATE1 CRATE0 DEPOT0) [1]
Pruned:  0: (DROP HOIST0 CRATE1 CRATE0 DEPOT0) [1]
Pruned:  0: (DROP HOIST0 CRATE1 CRATE0 DEPOT0) [1]
Pruned:  0: (DROP HOIST0 CRATE1 CRATE0 DEPOT0) [1]
Pruned:  0: (DROP HOIST0 CRATE1 CRATE0 DEPOT0) [1]
Pruned:  0: (DROP HOIST0 CRATE1 CRATE0 DEPOT0) [1]
Pruned:  0: (DROP HOIST0 CRATE1 CRATE0 DEPOT0) [1]
Pruned:  0: (DROP HOIST0 CRATE1 CRATE0 DEPOT0) [1]
Pruned:  0: (DROP HOIST0 CRATE1 CRATE0 DEPOT0) [1]
Pruned:  0: (DROP HOIST0 CRATE1 CRATE0 DEPOT0) [1]
Pruned:  0: (DROP HOIST0 CRATE1 CRATE0 DEPOT0) [1]
Pruned:  0: (DROP HOIST0 CRATE1 CRATE0 DEPOT0) [1]
Pruned:  0: (DROP HOIST0 CRATE1 CRATE0 DEPOT0) [1]
Pruned:  0: (DROP HOIST0 CRATE1 CRATE0 DEPOT0) [1]
Pruned:  0: (DROP HOIST0 CRATE1 CRATE0 DEPOT0) [1]
Pruned:  0: (DROP HOIST0 CRATE1 CRATE0 DEPOT0) [1]
Pruned:  0: (DROP HOIST0 CRATE1 CRATE0 DEPOT0) [1]
Pruned:  0: (DROP HOIST0 CRATE1 CRATE0 DEPOT0) [1]
Pruned:  0: (DROP HOIST0 CRATE1 CRATE0 DEPOT0) [1]
Pruned:  0: (DROP HOIST0 CRATE1 CRATE0 DEPOT0) [1]
Pruned:  0: (DROP HOIST0 CRATE1 CRATE0 DEPOT0) [1]
Pruned:  0: (DROP HOIST0 CRATE1 CRATE0 DEPOT0) [1]
Pruned:  0: (DROP HOIST0 CRATE1 CRATE0 DEPOT0) [1]
Pruned:  0: (DROP HOIST0 CRATE1 CRATE0 DEPOT0) [1]
Pruned:  0: (DROP HOIST0 CRATE1 CRATE0 DEPOT0) [1]
Pruned:  0: (DROP HOIST0 CRATE1 CRATE0 DEPOT0) [1]
Pruned:  0: (DROP HOIST0 CRATE1 CRATE0 DEPOT0) [1]
Pruned:  0: (DROP HOIST0 CRATE1 CRATE0 DEPOT0) [1]
Pruned:  0: (DROP HOIST0 CRATE1 CRATE0 DEPOT0) [1]
Pruned:  0: (DROP HOIST0 CRATE1 CRATE0 DEPOT0) [1]
Pruned:  0: (DROP HOIST0 CRATE1 CRATE0 DEPOT0) [1]
Pruned:  0: (DROP HOIST0 CRATE1 CRATE0 DEPOT0) [1]
Pruned:  0: (DROP HOIST0 CRATE1 CRATE0 DEPOT0) [1]
Pruned:  0: (DROP HOIST0 CRATE1 CRATE0 DEPOT0) [1]
Pruned:  0: (DROP HOIST0 CRATE1 CRATE0 DEPOT0) [1]
Pruned:  0: (DROP HOIST0 CRATE1 CRATE0 DEPOT0) [1]
Pruned:  0: (DROP HOIST0 CRATE1 CRATE0 DEPOT0) [1]
Pruned:  0: (DROP HOIST0 CRATE1 CRATE0 DEPOT0) [1]
Pruned:  0: (DROP HOIST0 CRATE1 CRATE0 DEPOT0) [1]
Pruned:  0: (DROP HOIST0 CRATE1 CRATE0 DEPOT0) [1]
Pruned:  0: (DROP HOIST0 CRATE1 CRATE0 DEPOT0) [1]
Pruned:  0: (DROP HOIST0 CRATE1 CRATE0 DEPOT0) [1]
Pruned:  0: (DROP HOIST0 CRATE1 CRATE0 DEPOT0) [1]
Pruned:  0: (DROP HOIST0 CRATE1 CRATE0 DEPOT0) [1]
Pruned:  0: (DROP HOIST0 CRATE1 CRATE0 DEPOT0) [1]
Pruned:  0: (DROP HOIST0 CRATE1 CRATE0 DEPOT0) [1]
Pruned:  0: (DROP HOIST0 CRATE1 CRATE0 DEPOT0) [1]
Pruned:  0: (DROP HOIST0 CRATE1 CRATE0 DEPOT0) [1]
Pruned:  0: (DROP HOIST0 CRATE1 CRATE0 DEPOT0) [1]
Pruned:  0: (DROP HOIST0 CRATE1 CRATE0 DEPOT0) [1]
Pruned:  0: (DROP HOIST0 CRATE1 CRATE0 DEPOT0) [1]
Pruned:  0: (DROP HOIST0 CRATE1 CRATE0 DEPOT0) [1]
Pruned:  0: (DROP HOIST0 CRATE1 CRATE0 DEPOT0) [1]
Pruned:  0: (DROP HOIST0 CRATE1 CRATE0 DEPOT0) [1]
Pruned:  0: (DROP HOIST0 CRATE1 CRATE0 DEPOT0) [1]
Pruned:  0: (DROP HOIST0 CRATE1 CRATE0 DEPOT0) [1]
Pruned:  0: (DROP HOIST0 CRATE1 CRATE0 DEPOT0) [1]
Pruned:  0: (DROP HOIST0 CRATE1 CRATE0 DEPOT0) [1]
Pruned:  0: (DROP HOIST0 CRATE1 CRATE0 DEPOT0) [1]
Pruned:  0: (DROP HOIST0 CRATE1 CRATE0 DEPOT0) [1]
Pruned:  0: (DROP HOIST0 CRATE1 CRATE0 DEPOT0) [1]
Pruned:  0: (DROP HOIST0 CRATE1 CRATE0 DEPOT0) [1]
Pruned:  0: (DROP HOIST0 CRATE1 CRATE0 DEPOT0) [1]
Pruned:  0: (DROP HOIST0 CRATE1 CRATE0 DEPOT0) [1]
Pruned:  0: (DROP HOIST0 CRATE1 CRATE0 DEPOT0) [1]
Pruned:  0: (DROP HOIST0 CRATE1 CRATE0 DEPOT0) [1]
Pruned:  0: (DROP HOIST0 CRATE1 CRATE0 DEPOT0) [1]
Pruned:  0: (DROP HOIST0 CRATE1 CRATE0 DEPOT0) [1]
Pruned:  0: (DROP HOIST0 CRATE1 CRATE0 DEPOT0) [1]
Pruned:  0: (DROP HOIST0 CRATE1 CRATE0 DEPOT0) [1]
Pruned:  0: (DROP HOIST0 CRATE1 CRATE0 DEPOT0) [1]
Pruned:  0: (DROP HOIST0 CRATE1 CRATE0 DEPOT0) [1]
Pruned:  0: (DROP HOIST0 CRATE1 CRATE0 DEPOT0) [1]
Pruned:  0: (DROP HOIST0 CRATE1 CRATE0 DEPOT0) [1]
Pruned:  0: (DROP HOIST0 CRATE1 CRATE0 DEPOT0) [1]
Pruned:  0: (DROP HOIST0 CRATE1 CRATE0 DEPOT0) [1]
Pruned:  0: (DROP HOIST0 CRATE1 CRATE0 DEPOT0) [1]
Pruned:  0: (DROP HOIST0 CRATE1 CRATE0 DEPOT0) [1]
Pruned:  0: (DROP HOIST0 CRATE1 CRATE0 DEPOT0) [1]
Pruned:  0: (DROP HOIST0 CRATE1 CRATE0 DEPOT0) [1]
Pruned:  0: (DROP HOIST0 CRATE1 CRATE0 DEPOT0) [1]
Pruned:  0: (DROP HOIST0 CRATE1 CRATE0 DEPOT0) [1]
Pruned:  0: (DROP HOIST0 CRATE1 CRATE0 DEPOT0) [1]
Pruned:  0: (DROP HOIST0 CRATE1 CRATE0 DEPOT0) [1]
Pruned:  0: (DROP HOIST0 CRATE1 CRATE0 DEPOT0) [1]
Pruned:  0: (DROP HOIST0 CRATE1 CRATE0 DEPOT0) [1]
Pruned:  0: (DROP HOIST0 CRATE1 CRATE0 DEPOT0) [1]
Pruned:  0: (DROP HOIST0 CRATE1 CRATE0 DEPOT0) [1]
Pruned:  0: (DROP HOIST0 CRATE1 CRATE0 DEPOT0) [1]
Pruned:  0: (DROP HOIST0 CRATE1 CRATE0 DEPOT0) [1]
Pruned:  0: (DROP HOIST0 CRATE1 CRATE0 DEPOT0) [1]
Pruned:  0: (DROP HOIST0 CRATE1 CRATE0 DEPOT0) [1]
Pruned:  0: (DROP HOIST0 CRATE1 CRATE0 DEPOT0) [1]
Pruned:  0: (DROP HOIST0 CRATE1 CRATE0 DEPOT0) [1]
Pruned:  0: (DROP HOIST0 CRATE1 CRATE0 DEPOT0) [1]
Pruned:  0: (DROP HOIST0 CRATE1 CRATE0 DEPOT0) [1]
Pruned:  0: (DROP HOIST0 CRATE1 CRATE0 DEPOT0) [1]
Pruned:  0: (DROP HOIST0 CRATE1 CRATE0 DEPOT0) [1]
Pruned:  0: (DROP HOIST0 CRATE1 CRATE0 DEPOT0) [1]
Pruned:  0: (DROP HOIST0 CRATE1 CRATE0 DEPOT0) [1]
Pruned:  0: (DROP HOIST0 CRATE1 CRATE0 DEPOT0) [1]
Pruned:  0: (DROP HOIST0 CRATE1 CRATE0 DEPOT0) [1]
Pruned:  0: (DROP HOIST0 CRATE1 CRATE0 DEPOT0) [1]
Pruned:  0: (DROP HOIST0 CRATE1 CRATE0 DEPOT0) [1]
Pruned:  0: (DROP HOIST0 CRATE1 CRATE0 DEPOT0) [1]
Pruned:  0: (DROP HOIST0 CRATE1 CRATE0 DEPOT0) [1]
Pruned:  0: (DROP HOIST0 CRATE1 CRATE0 DEPOT0) [1]
Pruned:  0: (DROP HOIST0 CRATE1 CRATE0 DEPOT0) [1]
Pruned:  0: (DROP HOIST0 CRATE1 CRATE0 DEPOT0) [1]
Pruned:  0: (DROP HOIST0 CRATE1 CRATE0 DEPOT0) [1]
Pruned:  0: (DROP HOIST0 CRATE1 CRATE0 DEPOT0) [1]
Pruned:  0: (DROP HOIST0 CRATE1 CRATE0 DEPOT0) [1]
Pruned:  0: (DROP HOIST0 CRATE1 CRATE0 DEPOT0) [1]
Pruned:  0: (DROP HOIST0 CRATE1 CRATE0 DEPOT0) [1]
Pruned:  0: (DROP HOIST0 CRATE1 CRATE0 DEPOT0) [1]
Pruned:  0: (DROP HOIST0 CRATE1 CRATE0 DEPOT0) [1]
Pruned:  0: (DROP HOIST0 CRATE1 CRATE0 DEPOT0) [1]
Pruned:  0: (DROP HOIST0 CRATE1 CRATE0 DEPOT0) [1]
Pruned:  0: (DROP HOIST0 CRATE1 CRATE0 DEPOT0) [1]
Pruned:  0: (DROP HOIST0 CRATE1 CRATE0 DEPOT0) [1]
Pruned:  0: (DROP HOIST0 CRATE1 CRATE0 DEPOT0) [1]
Pruned:  0: (DROP HOIST0 CRATE1 CRATE0 DEPOT0) [1]
Pruned:  0: (DROP HOIST0 CRATE1 CRATE0 DEPOT0) [1]
Pruned:  0: (DROP HOIST0 CRATE1 CRATE0 DEPOT0) [1]
Pruned:  0: (DROP HOIST0 CRATE1 CRATE0 DEPOT0) [1]
Pruned:  0: (DROP HOIST0 CRATE1 CRATE0 DEPOT0) [1]
Pruned:  0: (DROP HOIST0 CRATE1 CRATE0 DEPOT0) [1]
Pruned:  0: (DROP HOIST0 CRATE1 CRATE0 DEPOT0) [1]
Pruned:  0: (DROP HOIST0 CRATE1 CRATE0 DEPOT0) [1]
Pruned:  0: (DROP HOIST0 CRATE1 CRATE0 DEPOT0) [1]
Pruned:  0: (DROP HOIST0 CRATE1 CRATE0 DEPOT0) [1]
Pruned:  0: (DROP HOIST0 CRATE1 CRATE0 DEPOT0) [1]
Pruned:  0: (DROP HOIST0 CRATE1 CRATE0 DEPOT0) [1]
Pruned:  0: (DROP HOIST0 CRATE1 CRATE0 DEPOT0) [1]
Pruned:  0: (DROP HOIST0 CRATE1 CRATE0 DEPOT0) [1]
Pruned:  0: (DROP HOIST0 CRATE1 CRATE0 DEPOT0) [1]
Pruned:  0: (DROP HOIST0 CRATE1 CRATE0 DEPOT0) [1]
Pruned:  0: (DROP HOIST0 CRATE1 CRATE0 DEPOT0) [1]
Pruned:  0: (DROP HOIST0 CRATE1 CRATE0 DEPOT0) [1]
Pruned:  0: (DROP HOIST0 CRATE1 CRATE0 DEPOT0) [1]
Pruned:  0: (DROP HOIST0 CRATE1 CRATE0 DEPOT0) [1]
Pruned:  0: (DROP HOIST0 CRATE1 CRATE0 DEPOT0) [1]
Pruned:  0: (DROP HOIST0 CRATE1 CRATE0 DEPOT0) [1]
Pruned:  0: (DROP HOIST0 CRATE1 CRATE0 DEPOT0) [1]
Pruned:  0: (DROP HOIST0 CRATE1 CRATE0 DEPOT0) [1]
Pruned:  0: (DROP HOIST0 CRATE1 CRATE0 DEPOT0) [1]
Pruned:  0: (DROP HOIST0 CRATE1 CRATE0 DEPOT0) [1]
Pruned:  0: (DROP HOIST0 CRATE1 CRATE0 DEPOT0) [1]
Pruned:  0: (DROP HOIST0 CRATE1 CRATE0 DEPOT0) [1]
Pruned:  0: (DROP HOIST0 CRATE1 CRATE0 DEPOT0) [1]
Pruned:  0: (DROP HOIST0 CRATE1 CRATE0 DEPOT0) [1]
Pruned:  0: (DROP HOIST0 CRATE1 CRATE0 DEPOT0) [1]
Pruned:  0: (DROP HOIST0 CRATE1 CRATE0 DEPOT0) [1]
Pruned:  0: (DROP HOIST0 CRATE1 CRATE0 DEPOT0) [1]
Pruned:  0: (DROP HOIST0 CRATE1 CRATE0 DEPOT0) [1]
Pruned:  0: (DROP HOIST0 CRATE1 CRATE0 DEPOT0) [1]
Pruned:  0: (DROP HOIST0 CRATE1 CRATE0 DEPOT0) [1]
Pruned:  0: (DROP HOIST0 CRATE1 CRATE0 DEPOT0) [1]
Pruned:  0: (DROP HOIST0 CRATE1 CRATE0 DEPOT0) [1]
Pruned:  0: (DROP HOIST0 CRATE1 CRATE0 DEPOT0) [1]
Pruned:  0: (DROP HOIST0 CRATE1 CRATE0 DEPOT0) [1]
Pruned:  0: (DROP HOIST0 CRATE1 CRATE0 DEPOT0) [1]
Pruned:  0: (DROP HOIST0 CRATE1 CRATE0 DEPOT0) [1]
Pruned:  0: (DROP HOIST0 CRATE1 CRATE0 DEPOT0) [1]
Pruned:  0: (DROP HOIST0 CRATE1 CRATE0 DEPOT0) [1]
Pruned:  0: (DROP HOIST0 CRATE1 CRATE0 DEPOT0) [1]
Pruned:  0: (DROP HOIST0 CRATE1 CRATE0 DEPOT0) [1]
Pruned:  0: (DROP HOIST0 CRATE1 CRATE0 DEPOT0) [1]
Pruned:  0: (DROP HOIST0 CRATE1 CRATE0 DEPOT0) [1]
Pruned:  0: (DROP HOIST0 CRATE1 CRATE0 DEPOT0) [1]
Pruned:  0: (DROP HOIST0 CRATE1 CRATE0 DEPOT0) [1]
Pruned:  0: (DROP HOIST0 CRATE1 CRATE0 DEPOT0) [1]
Pruned:  0: (DROP HOIST0 CRATE1 CRATE0 DEPOT0) [1]
Pruned:  0: (DROP HOIST0 CRATE1 CRATE0 DEPOT0) [1]
Pruned:  0: (DROP HOIST0 CRATE1 CRATE0 DEPOT0) [1]
Pruned:  0: (DROP HOIST0 CRATE1 CRATE0 DEPOT0) [1]
Pruned:  0: (DROP HOIST0 CRATE1 CRATE0 DEPOT0) [1]
Pruned:  0: (DROP HOIST0 CRATE1 CRATE0 DEPOT0) [1]
Pruned:  0: (DROP HOIST0 CRATE1 CRATE0 DEPOT0) [1]
Pruned:  0: (DROP HOIST0 CRATE1 CRATE0 DEPOT0) [1]
Pruned:  0: (DROP HOIST0 CRATE1 CRATE0 DEPOT0) [1]
Pruned:  0: (DROP HOIST0 CRATE1 CRATE0 DEPOT0) [1]
Pruned:  0: (DROP HOIST0 CRATE1 CRATE0 DEPOT0) [1]
Pruned:  0: (DROP HOIST0 CRATE1 CRATE0 DEPOT0) [1]
Pruned:  0: (DROP HOIST0 CRATE1 CRATE0 DEPOT0) [1]
Pruned:  0: (DROP HOIST0 CRATE1 CRATE0 DEPOT0) [1]
Pruned:  0: (DROP HOIST0 CRATE1 CRATE0 DEPOT0) [1]
Pruned:  0: (DROP HOIST0 CRATE1 CRATE0 DEPOT0) [1]
Pruned:  0: (DROP HOIST0 CRATE1 CRATE0 DEPOT0) [1]
Pruned:  0: (DROP HOIST0 CRATE1 CRATE0 DEPOT0) [1]
Pruned:  0: (DROP HOIST0 CRATE1 CRATE0 DEPOT0) [1]
Pruned:  0: (DROP HOIST0 CRATE1 CRATE0 DEPOT0) [1]
Pruned:  0: (DROP HOIST0 CRATE1 CRATE0 DEPOT0) [1]
Pruned:  0: (DROP HOIST0 CRATE1 CRATE0 DEPOT0) [1]
Pruned:  0: (DROP HOIST0 CRATE1 CRATE0 DEPOT0) [1]
Pruned:  0: (DROP HOIST0 CRATE1 CRATE0 DEPOT0) [1]
Pruned:  0: (DROP HOIST0 CRATE1 CRATE0 DEPOT0) [1]
Pruned:  0: (DROP HOIST0 CRATE1 CRATE0 DEPOT0) [1]
Pruned:  0: (DROP HOIST0 CRATE1 CRATE0 DEPOT0) [1]
Pruned:  0: (DROP HOIST0 CRATE1 CRATE0 DEPOT0) [1]
Pruned:  0: (DROP HOIST0 CRATE1 CRATE0 DEPOT0) [1]
Pruned:  0: (DROP HOIST0 CRATE1 CRATE0 DEPOT0) [1]
Pruned:  0: (DROP HOIST0 CRATE1 CRATE0 DEPOT0) [1]
Pruned:  0: (DROP HOIST0 CRATE1 CRATE0 DEPOT0) [1]
Pruned:  0: (DROP HOIST0 CRATE1 CRATE0 DEPOT0) [1]
Pruned:  0: (DROP HOIST0 CRATE1 CRATE0 DEPOT0) [1]
Pruned:  0: (DROP HOIST0 CRATE1 CRATE0 DEPOT0) [1]
Pruned:  0: (DROP HOIST0 CRATE1 CRATE0 DEPOT0) [1]
Pruned:  0: (DROP HOIST0 CRATE1 CRATE0 DEPOT0) [1]
Pruned:  0: (DROP HOIST0 CRATE1 CRATE0 DEPOT0) [1]
Pruned:  0: (DROP HOIST0 CRATE1 CRATE0 DEPOT0) [1]
Pruned:  0: (DROP HOIST0 CRATE1 CRATE0 DEPOT0) [1]
Pruned:  0: (DROP HOIST0 CRATE1 CRATE0 DEPOT0) [1]
Pruned:  0: (DROP HOIST0 CRATE1 CRATE0 DEPOT0) [1]
Pruned:  0: (DROP HOIST0 CRATE1 CRATE0 DEPOT0) [1]
Pruned:  0: (DROP HOIST0 CRATE1 CRATE0 DEPOT0) [1]
Pruned:  0: (DROP HOIST0 CRATE1 CRATE0 DEPOT0) [1]
Pruned:  0: (DROP HOIST0 CRATE1 CRATE0 DEPOT0) [1]
Pruned:  0: (DROP HOIST0 CRATE1 CRATE0 DEPOT0) [1]
Pruned:  0: (DROP HOIST0 CRATE1 CRATE0 DEPOT0) [1]
Pruned:  0: (DROP HOIST0 CRATE1 CRATE0 DEPOT0) [1]
Pruned:  0: (DROP HOIST0 CRATE1 CRATE0 DEPOT0) [1]
Pruned:  0: (DROP HOIST0 CRATE1 CRATE0 DEPOT0) [1]
Pruned:  0: (DROP HOIST0 CRATE1 CRATE0 DEPOT0) [1]
Pruned:  0: (DROP HOIST0 CRATE1 CRATE0 DEPOT0) [1]
Pruned:  0: (DROP HOIST0 CRATE1 CRATE0 DEPOT0) [1]
Pruned:  0: (DROP HOIST0 CRATE1 CRATE0 DEPOT0) [1]
Pruned:  0: (DROP HOIST0 CRATE1 CRATE0 DEPOT0) [1]
Pruned:  0: (DROP HOIST0 CRATE1 CRATE0 DEPOT0) [1]
Pruned:  0: (DROP HOIST0 CRATE1 CRATE0 DEPOT0) [1]
Pruned:  0: (DROP HOIST0 CRATE1 CRATE0 DEPOT0) [1]
Pruned:  0: (DROP HOIST0 CRATE1 CRATE0 DEPOT0) [1]
Pruned:  0: (DROP HOIST0 CRATE1 CRATE0 DEPOT0) [1]
Pruned:  0: (DROP HOIST0 CRATE1 CRATE0 DEPOT0) [1]
Pruned:  0: (DROP HOIST0 CRATE1 CRATE0 DEPOT0) [1]
Pruned:  0: (DROP HOIST0 CRATE1 CRATE0 DEPOT0) [1]
Pruned:  0: (DROP HOIST0 CRATE1 CRATE0 DEPOT0) [1]
Pruned:  0: (DROP HOIST0 CRATE1 CRATE0 DEPOT0) [1]
Pruned:  0: (DROP HOIST0 CRATE1 CRATE0 DEPOT0) [1]
Pruned:  0: (DROP HOIST0 CRATE1 CRATE0 DEPOT0) [1]
Pruned:  0: (DROP HOIST0 CRATE1 CRATE0 DEPOT0) [1]
Pruned:  0: (DROP HOIST0 CRATE1 CRATE0 DEPOT0) [1]
Pruned:  0: (DROP HOIST0 CRATE1 CRATE0 DEPOT0) [1]
Pruned:  0: (DROP HOIST0 CRATE1 CRATE0 DEPOT0) [1]
Pruned:  0: (DROP HOIST0 CRATE1 CRATE0 DEPOT0) [1]
Pruned:  0: (DROP HOIST0 CRATE1 CRATE0 DEPOT0) [1]
Pruned:  0: (DROP HOIST0 CRATE1 CRATE0 DEPOT0) [1]
Pruned:  0: (DROP HOIST0 CRATE1 CRATE0 DEPOT0) [1]
Pruned:  0: (DROP HOIST0 CRATE1 CRATE0 DEPOT0) [1]
Pruned:  0: (DROP HOIST0 CRATE1 CRATE0 DEPOT0) [1]
Pruned:  0: (DROP HOIST0 CRATE1 CRATE0 DEPOT0) [1]
Pruned:  0: (DROP HOIST0 CRATE1 CRATE0 DEPOT0) [1]
Pruned:  0: (DROP HOIST0 CRATE1 CRATE0 DEPOT0) [1]
Pruned:  0: (DROP HOIST0 CRATE1 CRATE0 DEPOT0) [1]
Pruned:  0: (DROP HOIST0 CRATE1 CRATE0 DEPOT0) [1]
Pruned:  0: (DROP HOIST0 CRATE1 CRATE0 DEPOT0) [1]
Pruned:  0: (DROP HOIST0 CRATE1 CRATE0 DEPOT0) [1]
Pruned:  0: (DROP HOIST0 CRATE1 CRATE0 DEPOT0) [1]
Pruned:  0: (DROP HOIST0 CRATE1 CRATE0 DEPOT0) [1]
Pruned:  0: (DROP HOIST0 CRATE1 CRATE0 DEPOT0) [1]
Pruned:  0: (DROP HOIST0 CRATE1 CRATE0 DEPOT0) [1]
Pruned:  0: (DROP HOIST0 CRATE1 CRATE0 DEPOT0) [1]
Pruned:  0: (DROP HOIST0 CRATE1 CRATE0 DEPOT0) [1]
Pruned:  0: (DROP HOIST0 CRATE1 CRATE0 DEPOT0) [1]
Pruned:  0: (DROP HOIST0 CRATE1 CRATE0 DEPOT0) [1]
Pruned:  0: (DROP HOIST0 CRATE1 CRATE0 DEPOT0) [1]
Pruned:  0: (DROP HOIST0 CRATE1 CRATE0 DEPOT0) [1]
Pruned:  0: (DROP HOIST0 CRATE1 CRATE0 DEPOT0) [1]
Pruned:  0: (DROP HOIST0 CRATE1 CRATE0 DEPOT0) [1]
Pruned:  0: (DROP HOIST0 CRATE1 CRATE0 DEPOT0) [1]
Pruned:  0: (DROP HOIST0 CRATE1 CRATE0 DEPOT0) [1]
Pruned:  0: (DROP HOIST0 CRATE1 CRATE0 DEPOT0) [1]
Pruned:  0: (DROP HOIST0 CRATE1 CRATE0 DEPOT0) [1]
Pruned:  0: (DROP HOIST0 CRATE1 CRATE0 DEPOT0) [1]
Pruned:  0: (DROP HOIST0 CRATE1 CRATE0 DEPOT0) [1]
Pruned:  0: (DROP HOIST0 CRATE1 CRATE0 DEPOT0) [1]
Pruned:  0: (DROP HOIST0 CRATE1 CRATE0 DEPOT0) [1]
Pruned:  0: (DROP HOIST0 CRATE1 CRATE0 DEPOT0) [1]
Pruned:  0: (DROP HOIST0 CRATE1 CRATE0 DEPOT0) [1]
Pruned:  0: (DROP HOIST0 CRATE1 CRATE0 DEPOT0) [1]
Pruned:  0: (DROP HOIST0 CRATE1 CRATE0 DEPOT0) [1]
Pruned:  0: (DROP HOIST0 CRATE1 CRATE0 DEPOT0) [1]
Pruned:  0: (DROP HOIST0 CRATE1 CRATE0 DEPOT0) [1]
Pruned:  0: (DROP HOIST0 CRATE1 CRATE0 DEPOT0) [1]
Pruned:  0: (DROP HOIST0 CRATE1 CRATE0 DEPOT0) [1]
Pruned:  0: (DROP HOIST0 CRATE1 CRATE0 DEPOT0) [1]
Pruned:  0: (DROP HOIST0 CRATE1 CRATE0 DEPOT0) [1]
Pruned:  0: (DROP HOIST0 CRATE1 CRATE0 DEPOT0) [1]
Pruned:  0: (DROP HOIST0 CRATE1 CRATE0 DEPOT0) [1]
Pruned:  0: (DROP HOIST0 CRATE1 CRATE0 DEPOT0) [1]
Pruned:  0: (DROP HOIST0 CRATE1 CRATE0 DEPOT0) [1]
Pruned:  0: (DROP HOIST0 CRATE1 CRATE0 DEPOT0) [1]
Pruned:  0: (DROP HOIST0 CRATE1 CRATE0 DEPOT0) [1]
Pruned:  0: (DROP HOIST0 CRATE1 CRATE0 DEPOT0) [1]
Pruned:  0: (DROP HOIST0 CRATE1 CRATE0 DEPOT0) [1]
Pruned:  0: (DROP HOIST0 CRATE1 CRATE0 DEPOT0) [1]
Pruned:  0: (DROP HOIST0 CRATE1 CRATE0 DEPOT0) [1]
Pruned:  0: (DROP HOIST0 CRATE1 CRATE0 DEPOT0) [1]
Pruned:  0: (DROP HOIST0 CRATE1 CRATE0 DEPOT0) [1]
Pruned:  0: (DROP HOIST0 CRATE1 CRATE0 DEPOT0) [1]
Pruned:  0: (DROP HOIST0 CRATE1 CRATE0 DEPOT0) [1]
Pruned:  0: (DROP HOIST0 CRATE1 CRATE0 DEPOT0) [1]
Pruned:  0: (DROP HOIST0 CRATE1 CRATE0 DEPOT0) [1]
Pruned:  0: (DROP HOIST0 CRATE1 CRATE0 DEPOT0) [1]
Pruned:  0: (DROP HOIST0 CRATE1 CRATE0 DEPOT0) [1]
Pruned:  0: (DROP HOIST0 CRATE1 CRATE0 DEPOT0) [1]
Pruned:  0: (DROP HOIST0 CRATE1 CRATE0 DEPOT0) [1]
Pruned:  0: (DROP HOIST0 CRATE1 CRATE0 DEPOT0) [1]
Pruned:  0: (DROP HOIST0 CRATE1 CRATE0 DEPOT0) [1]
Pruned:  0: (DROP HOIST0 CRATE1 CRATE0 DEPOT0) [1]
Pruned:  0: (DROP HOIST0 CRATE1 CRATE0 DEPOT0) [1]
Pruned:  0: (DROP HOIST0 CRATE1 CRATE0 DEPOT0) [1]
Pruned:  0: (DROP HOIST0 CRATE1 CRATE0 DEPOT0) [1]
Pruned:  0: (DROP HOIST0 CRATE1 CRATE0 DEPOT0) [1]
Pruned:  0: (DROP HOIST0 CRATE1 CRATE0 DEPOT0) [1]
Pruned:  0: (DROP HOIST0 CRATE1 CRATE0 DEPOT0) [1]
Pruned:  0: (DROP HOIST0 CRATE1 CRATE0 DEPOT0) [1]
Pruned:  0: (DROP HOIST0 CRATE1 CRATE0 DEPOT0) [1]
Pruned:  0: (DROP HOIST0 CRATE1 CRATE0 DEPOT0) [1]
Pruned:  0: (DROP HOIST0 CRATE1 CRATE0 DEPOT0) [1]
Pruned:  0: (DROP HOIST0 CRATE1 CRATE0 DEPOT0) [1]
Pruned:  0: (DROP HOIST0 CRATE1 CRATE0 DEPOT0) [1]
Pruned:  0: (DROP HOIST0 CRATE1 CRATE0 DEPOT0) [1]
Pruned:  0: (DROP HOIST0 CRATE1 CRATE0 DEPOT0) [1]
Pruned:  0: (DROP HOIST0 CRATE1 CRATE0 DEPOT0) [1]
Pruned:  0: (DROP HOIST0 CRATE1 CRATE0 DEPOT0) [1]
Pruned:  0: (DROP HOIST0 CRATE1 CRATE0 DEPOT0) [1]
Pruned:  0: (DROP HOIST0 CRATE1 CRATE0 DEPOT0) [1]
Pruned:  0: (DROP HOIST0 CRATE1 CRATE0 DEPOT0) [1]
Pruned:  0: (DROP HOIST0 CRATE1 CRATE0 DEPOT0) [1]
Pruned:  0: (DROP HOIST0 CRATE1 CRATE0 DEPOT0) [1]
Pruned:  0: (DROP HOIST0 CRATE1 CRATE0 DEPOT0) [1]
Pruned:  0: (DROP HOIST0 CRATE1 CRATE0 DEPOT0) [1]
Pruned:  0: (DROP HOIST0 CRATE1 CRATE0 DEPOT0) [1]
Pruned:  0: (DROP HOIST0 CRATE1 CRATE0 DEPOT0) [1]
Pruned:  0: (DROP HOIST0 CRATE1 CRATE0 DEPOT0) [1]
Pruned:  0: (DROP HOIST0 CRATE1 CRATE0 DEPOT0) [1]
Pruned:  0: (DROP HOIST0 CRATE1 CRATE0 DEPOT0) [1]
Pruned:  0: (DROP HOIST0 CRATE1 CRATE0 DEPOT0) [1]
Pruned:  0: (DROP HOIST0 CRATE1 CRATE0 DEPOT0) [1]
Pruned:  0: (DROP HOIST0 CRATE1 CRATE0 DEPOT0) [1]
Pruned:  0: (DROP HOIST0 CRATE1 CRATE0 DEPOT0) [1]
Pruned:  0: (DROP HOIST0 CRATE1 CRATE0 DEPOT0) [1]
Pruned:  0: (DROP HOIST0 CRATE1 CRATE0 DEPOT0) [1]
Pruned:  0: (DROP HOIST0 CRATE1 CRATE0 DEPOT0) [1]
Pruned:  0: (DROP HOIST0 CRATE1 CRATE0 DEPOT0) [1]
Pruned:  0: (DROP HOIST0 CRATE1 CRATE0 DEPOT0) [1]
Pruned:  0: (DROP HOIST0 CRATE1 CRATE0 DEPOT0) [1]
Pruned:  0: (DROP HOIST0 CRATE1 CRATE0 DEPOT0) [1]
Pruned:  0: (DROP HOIST0 CRATE1 CRATE0 DEPOT0) [1]
Pruned:  0: (DROP HOIST0 CRATE1 CRATE0 DEPOT0) [1]
Pruned:  0: (DROP HOIST0 CRATE1 CRATE0 DEPOT0) [1]
Pruned:  0: (DROP HOIST0 CRATE1 CRATE0 DEPOT0) [1]
Pruned:  0: (DROP HOIST0 CRATE1 CRATE0 DEPOT0) [1]
Pruned:  0: (DROP HOIST0 CRATE1 CRATE0 DEPOT0) [1]
Pruned:  0: (DROP HOIST0 CRATE1 CRATE0 DEPOT0) [1]
Pruned:  0: (DROP HOIST0 CRATE1 CRATE0 DEPOT0) [1]
Pruned:  0: (DROP HOIST0 CRATE1 CRATE0 DEPOT0) [1]
Pruned:  0: (DROP HOIST0 CRATE1 CRATE0 DEPOT0) [1]
Pruned:  0: (DROP HOIST0 CRATE1 CRATE0 DEPOT0) [1]
Pruned:  0: (DROP HOIST0 CRATE1 CRATE0 DEPOT0) [1]
Pruned:  0: (DROP HOIST0 CRATE1 CRATE0 DEPOT0) [1]
Pruned:  0: (DROP HOIST0 CRATE1 CRATE0 DEPOT0) [1]
Pruned:  0: (DROP HOIST0 CRATE1 CRATE0 DEPOT0) [1]
Pruned:  0: (DROP HOIST0 CRATE1 CRATE0 DEPOT0) [1]
Pruned:  0: (DROP HOIST0 CRATE1 CRATE0 DEPOT0) [1]
Pruned:  0: (DROP HOIST0 CRATE1 CRATE0 DEPOT0) [1]
Pruned:  0: (DROP HOIST0 CRATE1 CRATE0 DEPOT0) [1]
Pruned:  0: (DROP HOIST0 CRATE1 CRATE0 DEPOT0) [1]
Pruned:  0: (DROP HOIST0 CRATE1 CRATE0 DEPOT0) [1]
Pruned:  0: (DROP HOIST0 CRATE1 CRATE0 DEPOT0) [1]
Pruned:  0: (DROP HOIST0 CRATE1 CRATE0 DEPOT0) [1]
Pruned:  0: (DROP HOIST0 CRATE1 CRATE0 DEPOT0) [1]
Pruned:  0: (DROP HOIST0 CRATE1 CRATE0 DEPOT0) [1]
Pruned:  0: (DROP HOIST0 CRATE1 CRATE0 DEPOT0) [1]
Pruned:  0: (DROP HOIST0 CRATE1 CRATE0 DEPOT0) [1]
Pruned:  0: (DROP HOIST0 CRATE1 CRATE0 DEPOT0) [1]
Pruned:  0: (DROP HOIST0 CRATE1 CRATE0 DEPOT0) [1]
Pruned:  0: (DROP HOIST0 CRATE1 CRATE0 DEPOT0) [1]
Pruned:  0: (DROP HOIST0 CRATE1 CRATE0 DEPOT0) [1]
Pruned:  0: (DROP HOIST0 CRATE1 CRATE0 DEPOT0) [1]
Pruned:  0: (DROP HOIST0 CRATE1 CRATE0 DEPOT0) [1]
Pruned:  0: (DROP HOIST0 CRATE1 CRATE0 DEPOT0) [1]
Pruned:  0: (DROP HOIST0 CRATE1 CRATE0 DEPOT0) [1]
Pruned:  0: (DROP HOIST0 CRATE1 CRATE0 DEPOT0) [1]
Pruned:  0: (DROP HOIST0 CRATE1 CRATE0 DEPOT0) [1]
Pruned:  0: (DROP HOIST0 CRATE1 CRATE0 DEPOT0) [1]
Pruned:  0: (DROP HOIST0 CRATE1 CRATE0 DEPOT0) [1]
Pruned:  0: (DROP HOIST0 CRATE1 CRATE0 DEPOT0) [1]
Pruned:  0: (DROP HOIST0 CRATE1 CRATE0 DEPOT0) [1]
Pruned:  0: (DROP HOIST0 CRATE1 CRATE0 DEPOT0) [1]
Pruned:  0: (DROP HOIST0 CRATE1 CRATE0 DEPOT0) [1]
Pruned:  0: (DROP HOIST0 CRATE1 CRATE0 DEPOT0) [1]
Pruned:  0: (DROP HOIST0 CRATE1 CRATE0 DEPOT0) [1]
Pruned:  0: (DROP HOIST0 CRATE1 CRATE0 DEPOT0) [1]
Pruned:  0: (DROP HOIST0 CRATE1 CRATE0 DEPOT0) [1]
Pruned:  0: (DROP HOIST0 CRATE1 CRATE0 DEPOT0) [1]
Pruned:  0: (DROP HOIST0 CRATE1 CRATE0 DEPOT0) [1]
Pruned:  0: (DROP HOIST0 CRATE1 CRATE0 DEPOT0) [1]
Pruned:  0: (DROP HOIST0 CRATE1 CRATE0 DEPOT0) [1]
Pruned:  0: (DROP HOIST0 CRATE1 CRATE0 DEPOT0) [1]
Pruned:  0: (DROP HOIST0 CRATE1 CRATE0 DEPOT0) [1]
Pruned:  0: (DROP HOIST0 CRATE1 CRATE0 DEPOT0) [1]
Pruned:  0: (DROP HOIST0 CRATE1 CRATE0 DEPOT0) [1]
Pruned:  0: (DROP HOIST0 CRATE1 CRATE0 DEPOT0) [1]
Pruned:  0: (DROP HOIST0 CRATE1 CRATE0 DEPOT0) [1]
Pruned:  0: (DROP HOIST0 CRATE1 CRATE0 DEPOT0) [1]
Pruned:  0: (DROP HOIST0 CRATE1 CRATE0 DEPOT0) [1]
Pruned:  0: (DROP HOIST0 CRATE1 CRATE0 DEPOT0) [1]
Pruned:  0: (DROP HOIST0 CRATE1 CRATE0 DEPOT0) [1]
Pruned:  0: (DROP HOIST0 CRATE1 CRATE0 DEPOT0) [1]
Pruned:  0: (DROP HOIST0 CRATE1 CRATE0 DEPOT0) [1]
Pruned:  0: (DROP HOIST0 CRATE1 CRATE0 DEPOT0) [1]
Pruned:  0: (DROP HOIST0 CRATE1 CRATE0 DEPOT0) [1]
Pruned:  0: (DROP HOIST0 CRATE1 CRATE0 DEPOT0) [1]
Pruned:  0: (DROP HOIST0 CRATE1 CRATE0 DEPOT0) [1]
Pruned:  0: (DROP HOIST0 CRATE1 CRATE0 DEPOT0) [1]
Pruned:  0: (DROP HOIST0 CRATE1 CRATE0 DEPOT0) [1]
Pruned:  0: (DROP HOIST0 CRATE1 CRATE0 DEPOT0) [1]
Pruned:  0: (DROP HOIST0 CRATE1 CRATE0 DEPOT0) [1]
Pruned:  0: (DROP HOIST0 CRATE1 CRATE0 DEPOT0) [1]
Pruned:  0: (DROP HOIST0 CRATE1 CRATE0 DEPOT0) [1]
Pruned:  0: (DROP HOIST0 CRATE1 CRATE0 DEPOT0) [1]
Pruned:  0: (DROP HOIST0 CRATE1 CRATE0 DEPOT0) [1]
Pruned:  0: (DROP HOIST0 CRATE1 CRATE0 DEPOT0) [1]
Pruned:  0: (DROP HOIST0 CRATE1 CRATE0 DEPOT0) [1]
Pruned:  0: (DROP HOIST0 CRATE1 CRATE0 DEPOT0) [1]
Pruned:  0: (DROP HOIST0 CRATE1 CRATE0 DEPOT0) [1]
Pruned:  0: (DROP HOIST0 CRATE1 CRATE0 DEPOT0) [1]
Pruned:  0: (DROP HOIST0 CRATE1 CRATE0 DEPOT0) [1]
Pruned:  0: (DROP HOIST0 CRATE1 CRATE0 DEPOT0) [1]
Pruned:  0: (DROP HOIST0 CRATE1 CRATE0 DEPOT0) [1]
Pruned:  0: (DROP HOIST0 CRATE1 CRATE0 DEPOT0) [1]
Pruned:  0: (DROP HOIST0 CRATE1 CRATE0 DEPOT0) [1]
Pruned:  0: (DROP HOIST0 CRATE1 CRATE0 DEPOT0) [1]
Pruned:  0: (DROP HOIST0 CRATE1 CRATE0 DEPOT0) [1]
Pruned:  0: (DROP HOIST0 CRATE1 CRATE0 DEPOT0) [1]
Pruned:  0: (DROP HOIST0 CRATE1 CRATE0 DEPOT0) [1]
Pruned:  0: (DROP HOIST0 CRATE1 CRATE0 DEPOT0) [1]
Pruned:  0: (DROP HOIST0 CRATE1 CRATE0 DEPOT0) [1]
Pruned:  0: (DROP HOIST0 CRATE1 CRATE0 DEPOT0) [1]
Pruned:  0: (DROP HOIST0 CRATE1 CRATE0 DEPOT0) [1]
Pruned:  0: (DROP HOIST0 CRATE1 CRATE0 DEPOT0) [1]
Pruned:  0: (DROP HOIST0 CRATE1 CRATE0 DEPOT0) [1]
Pruned:  0: (DROP HOIST0 CRATE1 CRATE0 DEPOT0) [1]
Pruned:  0: (DROP HOIST0 CRATE1 CRATE0 DEPOT0) [1]
Pruned:  0: (DROP HOIST0 CRATE1 CRATE0 DEPOT0) [1]
Pruned:  0: (DROP HOIST0 CRATE1 CRATE0 DEPOT0) [1]
Pruned:  0: (DROP HOIST0 CRATE1 CRATE0 DEPOT0) [1]
Pruned:  0: (DROP HOIST0 CRATE1 CRATE0 DEPOT0) [1]
Pruned:  0: (DROP HOIST0 CRATE1 CRATE0 DEPOT0) [1]
Pruned:  0: (DROP HOIST0 CRATE1 CRATE0 DEPOT0) [1]
Pruned:  0: (DROP HOIST0 CRATE1 CRATE0 DEPOT0) [1]
Pruned:  0: (DROP HOIST0 CRATE1 CRATE0 DEPOT0) [1]
Pruned:  0: (DROP HOIST0 CRATE1 CRATE0 DEPOT0) [1]
Pruned:  0: (DROP HOIST0 CRATE1 CRATE0 DEPOT0) [1]
Pruned:  0: (DROP HOIST0 CRATE1 CRATE0 DEPOT0) [1]
Pruned:  0: (DROP HOIST0 CRATE1 CRATE0 DEPOT0) [1]
Pruned:  0: (DROP HOIST0 CRATE1 CRATE0 DEPOT0) [1]
Pruned:  0: (DROP HOIST0 CRATE1 CRATE0 DEPOT0) [1]
Pruned:  0: (DROP HOIST0 CRATE1 CRATE0 DEPOT0) [1]
Pruned:  0: (DROP HOIST0 CRATE1 CRATE0 DEPOT0) [1]
Pruned:  0: (DROP HOIST0 CRATE1 CRATE0 DEPOT0) [1]
Pruned:  0: (DROP HOIST0 CRATE1 CRATE0 DEPOT0) [1]
Pruned:  0: (DROP HOIST0 CRATE1 CRATE0 DEPOT0) [1]
Pruned:  0: (DROP HOIST0 CRATE1 CRATE0 DEPOT0) [1]
Pruned:  0: (DROP HOIST0 CRATE1 CRATE0 DEPOT0) [1]
Pruned:  0: (DROP HOIST0 CRATE1 CRATE0 DEPOT0) [1]
Pruned:  0: (DROP HOIST0 CRATE1 CRATE0 DEPOT0) [1]
Pruned:  0: (DROP HOIST0 CRATE1 CRATE0 DEPOT0) [1]
Pruned:  0: (DROP HOIST0 CRATE1 CRATE0 DEPOT0) [1]
Pruned:  0: (DROP HOIST0 CRATE1 CRATE0 DEPOT0) [1]
Pruned:  0: (DROP HOIST0 CRATE1 CRATE0 DEPOT0) [1]
Pruned:  0: (DROP HOIST0 CRATE1 CRATE0 DEPOT0) [1]
Pruned:  0: (DROP HOIST0 CRATE1 CRATE0 DEPOT0) [1]
Pruned:  0: (DROP HOIST0 CRATE1 CRATE0 DEPOT0) [1]
Pruned:  0: (DROP HOIST0 CRATE1 CRATE0 DEPOT0) [1]
Pruned:  0: (DROP HOIST0 CRATE1 CRATE0 DEPOT0) [1]
Pruned:  0: (DROP HOIST0 CRATE1 CRATE0 DEPOT0) [1]
Pruned:  0: (DROP HOIST0 CRATE1 CRATE0 DEPOT0) [1]
Pruned:  0: (DROP HOIST0 CRATE1 CRATE0 DEPOT0) [1]
Pruned:  0: (DROP HOIST0 CRATE1 CRATE0 DEPOT0) [1]
Pruned:  0: (DROP HOIST0 CRATE1 CRATE0 DEPOT0) [1]
Pruned:  0: (DROP HOIST0 CRATE1 CRATE0 DEPOT0) [1]
Pruned:  0: (DROP HOIST0 CRATE1 CRATE0 DEPOT0) [1]
Pruned:  0: (DROP HOIST0 CRATE1 CRATE0 DEPOT0) [1]
Pruned:  4: (DRIVE TRUCK0 DISTRIBUTOR1 DISTRIBUTOR1) [1]
Pruned:  19: (DRIVE TRUCK0 DEPOT0 DEPOT0) [1]
---SatPlan Version: 1.1
***SAT!***

Solved in 26 layers

Real Time: = 86.64
User Time: = 82.88
Syst Time: = 2.27

__MEMKB 153600
