---SatPlan Version: 1.1

bb: parsing domain file
domain 'TPP-PROPOSITIONAL' defined
 ... done.
bb: parsing problem file
problem 'TPP' defined
 ... done.


time:   0,   135 facts and       0 exclusive pairs
             140 ops   and       5 exclusive pairs
time:   1,   140 facts and       5 exclusive pairs

creating thin gp-based encoding...
plan graph layer 0...
plan graph layer 1...
goal constraints...

goal fact not coded - level too low??


bb: parsing domain file
domain 'TPP-PROPOSITIONAL' defined
 ... done.
bb: parsing problem file
problem 'TPP' defined
 ... done.


time:   0,   135 facts and       0 exclusive pairs
             140 ops   and       5 exclusive pairs
time:   1,   140 facts and       5 exclusive pairs
             210 ops   and     525 exclusive pairs
time:   2,   170 facts and      70 exclusive pairs

creating thin gp-based encoding...
plan graph layer 0...
plan graph layer 1...
plan graph layer 2...
goal constraints...

goal fact not coded - level too low??


bb: parsing domain file
domain 'TPP-PROPOSITIONAL' defined
 ... done.
bb: parsing problem file
problem 'TPP' defined
 ... done.


time:   0,   135 facts and       0 exclusive pairs
             140 ops   and       5 exclusive pairs
time:   1,   140 facts and       5 exclusive pairs
             210 ops   and     525 exclusive pairs
time:   2,   170 facts and      70 exclusive pairs
             360 ops   and    4000 exclusive pairs
time:   3,   253 facts and     791 exclusive pairs

creating thin gp-based encoding...
plan graph layer 0...
plan graph layer 1...
plan graph layer 2...
plan graph layer 3...
goal constraints...

goal fact not coded - level too low??


bb: parsing domain file
domain 'TPP-PROPOSITIONAL' defined
 ... done.
bb: parsing problem file
problem 'TPP' defined
 ... done.


time:   0,   135 facts and       0 exclusive pairs
             140 ops   and       5 exclusive pairs
time:   1,   140 facts and       5 exclusive pairs
             210 ops   and     525 exclusive pairs
time:   2,   170 facts and      70 exclusive pairs
             360 ops   and    4000 exclusive pairs
time:   3,   253 facts and     791 exclusive pairs
             628 ops   and   19646 exclusive pairs
time:   4,   294 facts and     706 exclusive pairs

creating thin gp-based encoding...
plan graph layer 0...
plan graph layer 1...
plan graph layer 2...
plan graph layer 3...
plan graph layer 4...
goal constraints...

goal fact not coded - level too low??


bb: parsing domain file
domain 'TPP-PROPOSITIONAL' defined
 ... done.
bb: parsing problem file
problem 'TPP' defined
 ... done.


time:   0,   135 facts and       0 exclusive pairs
             140 ops   and       5 exclusive pairs
time:   1,   140 facts and       5 exclusive pairs
             210 ops   and     525 exclusive pairs
time:   2,   170 facts and      70 exclusive pairs
             360 ops   and    4000 exclusive pairs
time:   3,   253 facts and     791 exclusive pairs
             628 ops   and   19646 exclusive pairs
time:   4,   294 facts and     706 exclusive pairs
             984 ops   and   57526 exclusive pairs
time:   5,   362 facts and     870 exclusive pairs

creating thin gp-based encoding...
plan graph layer 0...
plan graph layer 1...
plan graph layer 2...
plan graph layer 3...
plan graph layer 4...
plan graph layer 5...
goal constraints...

goal fact not coded - level too low??


bb: parsing domain file
domain 'TPP-PROPOSITIONAL' defined
 ... done.
bb: parsing problem file
problem 'TPP' defined
 ... done.


time:   0,   135 facts and       0 exclusive pairs
             140 ops   and       5 exclusive pairs
time:   1,   140 facts and       5 exclusive pairs
             210 ops   and     525 exclusive pairs
time:   2,   170 facts and      70 exclusive pairs
             360 ops   and    4000 exclusive pairs
time:   3,   253 facts and     791 exclusive pairs
             628 ops   and   19646 exclusive pairs
time:   4,   294 facts and     706 exclusive pairs
             984 ops   and   57526 exclusive pairs
time:   5,   362 facts and     870 exclusive pairs
            1452 ops   and  134450 exclusive pairs
time:   6,   412 facts and     863 exclusive pairs

creating thin gp-based encoding...
plan graph layer 0...
plan graph layer 1...
plan graph layer 2...
plan graph layer 3...
plan graph layer 4...
plan graph layer 5...
plan graph layer 6...
goal constraints...

goal fact not coded - level too low??


bb: parsing domain file
domain 'TPP-PROPOSITIONAL' defined
 ... done.
bb: parsing problem file
problem 'TPP' defined
 ... done.


time:   0,   135 facts and       0 exclusive pairs
             140 ops   and       5 exclusive pairs
time:   1,   140 facts and       5 exclusive pairs
             210 ops   and     525 exclusive pairs
time:   2,   170 facts and      70 exclusive pairs
             360 ops   and    4000 exclusive pairs
time:   3,   253 facts and     791 exclusive pairs
             628 ops   and   19646 exclusive pairs
time:   4,   294 facts and     706 exclusive pairs
             984 ops   and   57526 exclusive pairs
time:   5,   362 facts and     870 exclusive pairs
            1452 ops   and  134450 exclusive pairs
time:   6,   412 facts and     863 exclusive pairs
            2052 ops   and  291648 exclusive pairs
time:   7,   483 facts and    1220 exclusive pairs

creating thin gp-based encoding...
plan graph layer 0...
plan graph layer 1...
plan graph layer 2...
plan graph layer 3...
plan graph layer 4...
plan graph layer 5...
plan graph layer 6...
plan graph layer 7...
goal constraints...

goal fact not coded - level too low??


bb: parsing domain file
domain 'TPP-PROPOSITIONAL' defined
 ... done.
bb: parsing problem file
problem 'TPP' defined
 ... done.


time:   0,   135 facts and       0 exclusive pairs
             140 ops   and       5 exclusive pairs
time:   1,   140 facts and       5 exclusive pairs
             210 ops   and     525 exclusive pairs
time:   2,   170 facts and      70 exclusive pairs
             360 ops   and    4000 exclusive pairs
time:   3,   253 facts and     791 exclusive pairs
             628 ops   and   19646 exclusive pairs
time:   4,   294 facts and     706 exclusive pairs
             984 ops   and   57526 exclusive pairs
time:   5,   362 facts and     870 exclusive pairs
            1452 ops   and  134450 exclusive pairs
time:   6,   412 facts and     863 exclusive pairs
            2052 ops   and  291648 exclusive pairs
time:   7,   483 facts and    1220 exclusive pairs
            2728 ops   and  541605 exclusive pairs
time:   8,   539 facts and    1387 exclusive pairs

creating thin gp-based encoding...
plan graph layer 0...
plan graph layer 1...
plan graph layer 2...
plan graph layer 3...
plan graph layer 4...
plan graph layer 5...
plan graph layer 6...
plan graph layer 7...
plan graph layer 8...
goal constraints...

goal fact not coded - level too low??


bb: parsing domain file
domain 'TPP-PROPOSITIONAL' defined
 ... done.
bb: parsing problem file
problem 'TPP' defined
 ... done.


time:   0,   135 facts and       0 exclusive pairs
             140 ops   and       5 exclusive pairs
time:   1,   140 facts and       5 exclusive pairs
             210 ops   and     525 exclusive pairs
time:   2,   170 facts and      70 exclusive pairs
             360 ops   and    4000 exclusive pairs
time:   3,   253 facts and     791 exclusive pairs
             628 ops   and   19646 exclusive pairs
time:   4,   294 facts and     706 exclusive pairs
             984 ops   and   57526 exclusive pairs
time:   5,   362 facts and     870 exclusive pairs
            1452 ops   and  134450 exclusive pairs
time:   6,   412 facts and     863 exclusive pairs
            2052 ops   and  291648 exclusive pairs
time:   7,   483 facts and    1220 exclusive pairs
            2728 ops   and  541605 exclusive pairs
time:   8,   539 facts and    1387 exclusive pairs
            3234 ops   and  761377 exclusive pairs
time:   9,   541 facts and    1121 exclusive pairs

creating thin gp-based encoding...
plan graph layer 0...
plan graph layer 1...
plan graph layer 2...
plan graph layer 3...
plan graph layer 4...
plan graph layer 5...
plan graph layer 6...
plan graph layer 7...
plan graph layer 8...
plan graph layer 9...
goal constraints...

goal fact not coded - level too low??


bb: parsing domain file
domain 'TPP-PROPOSITIONAL' defined
 ... done.
bb: parsing problem file
problem 'TPP' defined
 ... done.


time:   0,   135 facts and       0 exclusive pairs
             140 ops   and       5 exclusive pairs
time:   1,   140 facts and       5 exclusive pairs
             210 ops   and     525 exclusive pairs
time:   2,   170 facts and      70 exclusive pairs
             360 ops   and    4000 exclusive pairs
time:   3,   253 facts and     791 exclusive pairs
             628 ops   and   19646 exclusive pairs
time:   4,   294 facts and     706 exclusive pairs
             984 ops   and   57526 exclusive pairs
time:   5,   362 facts and     870 exclusive pairs
            1452 ops   and  134450 exclusive pairs
time:   6,   412 facts and     863 exclusive pairs
            2052 ops   and  291648 exclusive pairs
time:   7,   483 facts and    1220 exclusive pairs
            2728 ops   and  541605 exclusive pairs
time:   8,   539 facts and    1387 exclusive pairs
            3234 ops   and  761377 exclusive pairs
time:   9,   541 facts and    1121 exclusive pairs
            3606 ops   and  947801 exclusive pairs
time:  10,   543 facts and    1032 exclusive pairs

creating thin gp-based encoding...
plan graph layer 0...
plan graph layer 1...
plan graph layer 2...
plan graph layer 3...
plan graph layer 4...
plan graph layer 5...
plan graph layer 6...
plan graph layer 7...
plan graph layer 8...
plan graph layer 9...
plan graph layer 10...
goal constraints...

goal fact not coded - level too low??


bb: parsing domain file
domain 'TPP-PROPOSITIONAL' defined
 ... done.
bb: parsing problem file
problem 'TPP' defined
 ... done.


time:   0,   135 facts and       0 exclusive pairs
             140 ops   and       5 exclusive pairs
time:   1,   140 facts and       5 exclusive pairs
             210 ops   and     525 exclusive pairs
time:   2,   170 facts and      70 exclusive pairs
             360 ops   and    4000 exclusive pairs
time:   3,   253 facts and     791 exclusive pairs
             628 ops   and   19646 exclusive pairs
time:   4,   294 facts and     706 exclusive pairs
             984 ops   and   57526 exclusive pairs
time:   5,   362 facts and     870 exclusive pairs
            1452 ops   and  134450 exclusive pairs
time:   6,   412 facts and     863 exclusive pairs
            2052 ops   and  291648 exclusive pairs
time:   7,   483 facts and    1220 exclusive pairs
            2728 ops   and  541605 exclusive pairs
time:   8,   539 facts and    1387 exclusive pairs
            3234 ops   and  761377 exclusive pairs
time:   9,   541 facts and    1121 exclusive pairs
            3606 ops   and  947801 exclusive pairs
time:  10,   543 facts and    1032 exclusive pairs
            3698 ops   and  992957 exclusive pairs
time:  11,   544 facts and    1010 exclusive pairs

creating thin gp-based encoding...
plan graph layer 0...
plan graph layer 1...
plan graph layer 2...
plan graph layer 3...
plan graph layer 4...
plan graph layer 5...
plan graph layer 6...
plan graph layer 7...
plan graph layer 8...
plan graph layer 9...
plan graph layer 10...
plan graph layer 11...
goal constraints...
exclusion constraints layer 0...
exclusion constraints layer 1...
exclusion constraints layer 2...
exclusion constraints layer 3...
exclusion constraints layer 4...
exclusion constraints layer 5...
exclusion constraints layer 6...
exclusion constraints layer 7...
exclusion constraints layer 8...
exclusion constraints layer 9...
exclusion constraints layer 10...
exclusion constraints layer 11...

DECISION LAYER 11, WRITING THIN GP-BASED ENCODING WITH 23508 VARS, 613185 CLAUSES.

time spent:    0.00 seconds instantiating 11590 action templates
               0.00 seconds reachability analysis, yielding 677 facts and 5230 actions
               0.00 seconds collecting 615 relevant facts
               0.00 seconds building connectivity graph
               0.00 seconds building (std) graph
               1.66 seconds CNF output time
               1.66 seconds total planner time (solving not included)


***Solving***


[ filemap ]
[ extract ]

variables : 23508
pure lits : 667

1-clauses : 12
2-clauses : 609815
3-clauses : 165
n-clauses : 3193
discarded : 0

[ solve ]


satisfiable                             

[ stats ]

decisions : 82069
conflicts : 5940
time : ~0.37


bb: parsing domain file
domain 'TPP-PROPOSITIONAL' defined
 ... done.
bb: parsing problem file
problem 'TPP' defined
 ... done.


time:   0,   135 facts and       0 exclusive pairs
             140 ops   and       5 exclusive pairs
time:   1,   140 facts and       5 exclusive pairs
             210 ops   and     525 exclusive pairs
time:   2,   170 facts and      70 exclusive pairs
             360 ops   and    4000 exclusive pairs
time:   3,   253 facts and     791 exclusive pairs
             628 ops   and   19646 exclusive pairs
time:   4,   294 facts and     706 exclusive pairs
             984 ops   and   57526 exclusive pairs
time:   5,   362 facts and     870 exclusive pairs
            1452 ops   and  134450 exclusive pairs
time:   6,   412 facts and     863 exclusive pairs
            2052 ops   and  291648 exclusive pairs
time:   7,   483 facts and    1220 exclusive pairs
            2728 ops   and  541605 exclusive pairs
time:   8,   539 facts and    1387 exclusive pairs
            3234 ops   and  761377 exclusive pairs
time:   9,   541 facts and    1121 exclusive pairs
            3606 ops   and  947801 exclusive pairs
time:  10,   543 facts and    1032 exclusive pairs
            3698 ops   and  992957 exclusive pairs
time:  11,   544 facts and    1010 exclusive pairs

creating thin gp-based encoding...
plan graph layer 0...
plan graph layer 1...
plan graph layer 2...
plan graph layer 3...
plan graph layer 4...
plan graph layer 5...
plan graph layer 6...
plan graph layer 7...
plan graph layer 8...
plan graph layer 9...
plan graph layer 10...
plan graph layer 11...
goal constraints...
exclusion constraints layer 0...
exclusion constraints layer 1...
exclusion constraints layer 2...
exclusion constraints layer 3...
exclusion constraints layer 4...
exclusion constraints layer 5...
exclusion constraints layer 6...
exclusion constraints layer 7...
exclusion constraints layer 8...
exclusion constraints layer 9...
exclusion constraints layer 10...
exclusion constraints layer 11...

DECISION LAYER 11, WRITING THIN GP-BASED ENCODING WITH 23508 VARS, 613185 CLAUSES.

time spent:    0.00 seconds instantiating 11590 action templates
               0.00 seconds reachability analysis, yielding 677 facts and 5230 actions
               0.00 seconds collecting 615 relevant facts
               0.00 seconds building connectivity graph
               0.00 seconds building (std) graph
               1.54 seconds CNF output time
               1.54 seconds total planner time (solving not included)

Pruned:  0: (LOAD GOODS1 TRUCK1 MARKET1 LEVEL3 LEVEL4 LEVEL0 LEVEL1) [1]
Pruned:  0: (LOAD GOODS1 TRUCK1 MARKET1 LEVEL3 LEVEL4 LEVEL0 LEVEL1) [1]
Pruned:  0: (LOAD GOODS1 TRUCK1 MARKET1 LEVEL3 LEVEL4 LEVEL0 LEVEL1) [1]
Pruned:  0: (LOAD GOODS1 TRUCK1 MARKET1 LEVEL3 LEVEL4 LEVEL0 LEVEL1) [1]
Pruned:  0: (LOAD GOODS1 TRUCK1 MARKET1 LEVEL3 LEVEL4 LEVEL0 LEVEL1) [1]
Pruned:  0: (LOAD GOODS1 TRUCK1 MARKET1 LEVEL3 LEVEL4 LEVEL0 LEVEL1) [1]
Pruned:  0: (LOAD GOODS1 TRUCK1 MARKET1 LEVEL3 LEVEL4 LEVEL0 LEVEL1) [1]
Pruned:  0: (LOAD GOODS1 TRUCK1 MARKET1 LEVEL3 LEVEL4 LEVEL0 LEVEL1) [1]
Pruned:  0: (LOAD GOODS1 TRUCK1 MARKET1 LEVEL3 LEVEL4 LEVEL0 LEVEL1) [1]
Pruned:  0: (LOAD GOODS1 TRUCK1 MARKET1 LEVEL3 LEVEL4 LEVEL0 LEVEL1) [1]
Pruned:  0: (LOAD GOODS1 TRUCK1 MARKET1 LEVEL3 LEVEL4 LEVEL0 LEVEL1) [1]
Pruned:  0: (LOAD GOODS1 TRUCK1 MARKET1 LEVEL3 LEVEL4 LEVEL0 LEVEL1) [1]
Pruned:  0: (LOAD GOODS1 TRUCK1 MARKET1 LEVEL3 LEVEL4 LEVEL0 LEVEL1) [1]
Pruned:  0: (LOAD GOODS1 TRUCK1 MARKET1 LEVEL3 LEVEL4 LEVEL0 LEVEL1) [1]
Pruned:  0: (LOAD GOODS1 TRUCK1 MARKET1 LEVEL3 LEVEL4 LEVEL0 LEVEL1) [1]
Pruned:  0: (LOAD GOODS1 TRUCK1 MARKET1 LEVEL3 LEVEL4 LEVEL0 LEVEL1) [1]
Pruned:  0: (LOAD GOODS1 TRUCK1 MARKET1 LEVEL3 LEVEL4 LEVEL0 LEVEL1) [1]
Pruned:  0: (LOAD GOODS1 TRUCK1 MARKET1 LEVEL3 LEVEL4 LEVEL0 LEVEL1) [1]
Pruned:  0: (LOAD GOODS1 TRUCK1 MARKET1 LEVEL3 LEVEL4 LEVEL0 LEVEL1) [1]
Pruned:  0: (LOAD GOODS1 TRUCK1 MARKET1 LEVEL3 LEVEL4 LEVEL0 LEVEL1) [1]
Pruned:  0: (LOAD GOODS1 TRUCK1 MARKET1 LEVEL3 LEVEL4 LEVEL0 LEVEL1) [1]
Pruned:  0: (LOAD GOODS1 TRUCK1 MARKET1 LEVEL3 LEVEL4 LEVEL0 LEVEL1) [1]
Pruned:  0: (LOAD GOODS1 TRUCK1 MARKET1 LEVEL3 LEVEL4 LEVEL0 LEVEL1) [1]
Pruned:  0: (LOAD GOODS1 TRUCK1 MARKET1 LEVEL3 LEVEL4 LEVEL0 LEVEL1) [1]
Pruned:  0: (LOAD GOODS1 TRUCK1 MARKET1 LEVEL3 LEVEL4 LEVEL0 LEVEL1) [1]
Pruned:  0: (LOAD GOODS1 TRUCK1 MARKET1 LEVEL3 LEVEL4 LEVEL0 LEVEL1) [1]
Pruned:  0: (LOAD GOODS1 TRUCK1 MARKET1 LEVEL3 LEVEL4 LEVEL0 LEVEL1) [1]
Pruned:  0: (LOAD GOODS1 TRUCK1 MARKET1 LEVEL3 LEVEL4 LEVEL0 LEVEL1) [1]
Pruned:  0: (LOAD GOODS1 TRUCK1 MARKET1 LEVEL3 LEVEL4 LEVEL0 LEVEL1) [1]
Pruned:  0: (LOAD GOODS1 TRUCK1 MARKET1 LEVEL3 LEVEL4 LEVEL0 LEVEL1) [1]
Pruned:  0: (LOAD GOODS1 TRUCK1 MARKET1 LEVEL3 LEVEL4 LEVEL0 LEVEL1) [1]
Pruned:  0: (LOAD GOODS1 TRUCK1 MARKET1 LEVEL3 LEVEL4 LEVEL0 LEVEL1) [1]
Pruned:  0: (LOAD GOODS1 TRUCK1 MARKET1 LEVEL3 LEVEL4 LEVEL0 LEVEL1) [1]
Pruned:  0: (LOAD GOODS1 TRUCK1 MARKET1 LEVEL3 LEVEL4 LEVEL0 LEVEL1) [1]
Pruned:  0: (LOAD GOODS1 TRUCK1 MARKET1 LEVEL3 LEVEL4 LEVEL0 LEVEL1) [1]
Pruned:  0: (LOAD GOODS1 TRUCK1 MARKET1 LEVEL3 LEVEL4 LEVEL0 LEVEL1) [1]
Pruned:  0: (LOAD GOODS1 TRUCK1 MARKET1 LEVEL3 LEVEL4 LEVEL0 LEVEL1) [1]
Pruned:  0: (LOAD GOODS1 TRUCK1 MARKET1 LEVEL3 LEVEL4 LEVEL0 LEVEL1) [1]
Pruned:  0: (LOAD GOODS1 TRUCK1 MARKET1 LEVEL3 LEVEL4 LEVEL0 LEVEL1) [1]
Pruned:  0: (LOAD GOODS1 TRUCK1 MARKET1 LEVEL3 LEVEL4 LEVEL0 LEVEL1) [1]
Pruned:  0: (LOAD GOODS1 TRUCK1 MARKET1 LEVEL3 LEVEL4 LEVEL0 LEVEL1) [1]
Pruned:  0: (LOAD GOODS1 TRUCK1 MARKET1 LEVEL3 LEVEL4 LEVEL0 LEVEL1) [1]
Pruned:  0: (LOAD GOODS1 TRUCK1 MARKET1 LEVEL3 LEVEL4 LEVEL0 LEVEL1) [1]
Pruned:  0: (LOAD GOODS1 TRUCK1 MARKET1 LEVEL3 LEVEL4 LEVEL0 LEVEL1) [1]
Pruned:  0: (LOAD GOODS1 TRUCK1 MARKET1 LEVEL3 LEVEL4 LEVEL0 LEVEL1) [1]
Pruned:  0: (LOAD GOODS1 TRUCK1 MARKET1 LEVEL3 LEVEL4 LEVEL0 LEVEL1) [1]
Pruned:  0: (LOAD GOODS1 TRUCK1 MARKET1 LEVEL3 LEVEL4 LEVEL0 LEVEL1) [1]
Pruned:  0: (LOAD GOODS1 TRUCK1 MARKET1 LEVEL3 LEVEL4 LEVEL0 LEVEL1) [1]
Pruned:  0: (LOAD GOODS1 TRUCK1 MARKET1 LEVEL3 LEVEL4 LEVEL0 LEVEL1) [1]
Pruned:  0: (LOAD GOODS1 TRUCK1 MARKET1 LEVEL3 LEVEL4 LEVEL0 LEVEL1) [1]
Pruned:  0: (LOAD GOODS1 TRUCK1 MARKET1 LEVEL3 LEVEL4 LEVEL0 LEVEL1) [1]
Pruned:  0: (LOAD GOODS1 TRUCK1 MARKET1 LEVEL3 LEVEL4 LEVEL0 LEVEL1) [1]
Pruned:  0: (LOAD GOODS1 TRUCK1 MARKET1 LEVEL3 LEVEL4 LEVEL0 LEVEL1) [1]
Pruned:  0: (LOAD GOODS1 TRUCK1 MARKET1 LEVEL3 LEVEL4 LEVEL0 LEVEL1) [1]
Pruned:  0: (LOAD GOODS1 TRUCK1 MARKET1 LEVEL3 LEVEL4 LEVEL0 LEVEL1) [1]
Pruned:  0: (LOAD GOODS1 TRUCK1 MARKET1 LEVEL3 LEVEL4 LEVEL0 LEVEL1) [1]
Pruned:  0: (LOAD GOODS1 TRUCK1 MARKET1 LEVEL3 LEVEL4 LEVEL0 LEVEL1) [1]
Pruned:  0: (LOAD GOODS1 TRUCK1 MARKET1 LEVEL3 LEVEL4 LEVEL0 LEVEL1) [1]
Pruned:  0: (LOAD GOODS1 TRUCK1 MARKET1 LEVEL3 LEVEL4 LEVEL0 LEVEL1) [1]
Pruned:  0: (LOAD GOODS1 TRUCK1 MARKET1 LEVEL3 LEVEL4 LEVEL0 LEVEL1) [1]
Pruned:  0: (LOAD GOODS1 TRUCK1 MARKET1 LEVEL3 LEVEL4 LEVEL0 LEVEL1) [1]
Pruned:  0: (LOAD GOODS1 TRUCK1 MARKET1 LEVEL3 LEVEL4 LEVEL0 LEVEL1) [1]
Pruned:  0: (LOAD GOODS1 TRUCK1 MARKET1 LEVEL3 LEVEL4 LEVEL0 LEVEL1) [1]
Pruned:  0: (LOAD GOODS1 TRUCK1 MARKET1 LEVEL3 LEVEL4 LEVEL0 LEVEL1) [1]
Pruned:  0: (LOAD GOODS1 TRUCK1 MARKET1 LEVEL3 LEVEL4 LEVEL0 LEVEL1) [1]
Pruned:  0: (LOAD GOODS1 TRUCK1 MARKET1 LEVEL3 LEVEL4 LEVEL0 LEVEL1) [1]
Pruned:  0: (LOAD GOODS1 TRUCK1 MARKET1 LEVEL3 LEVEL4 LEVEL0 LEVEL1) [1]
Pruned:  0: (LOAD GOODS1 TRUCK1 MARKET1 LEVEL3 LEVEL4 LEVEL0 LEVEL1) [1]
Pruned:  0: (LOAD GOODS1 TRUCK1 MARKET1 LEVEL3 LEVEL4 LEVEL0 LEVEL1) [1]
Pruned:  0: (LOAD GOODS1 TRUCK1 MARKET1 LEVEL3 LEVEL4 LEVEL0 LEVEL1) [1]
Pruned:  0: (LOAD GOODS1 TRUCK1 MARKET1 LEVEL3 LEVEL4 LEVEL0 LEVEL1) [1]
Pruned:  0: (LOAD GOODS1 TRUCK1 MARKET1 LEVEL3 LEVEL4 LEVEL0 LEVEL1) [1]
Pruned:  0: (LOAD GOODS1 TRUCK1 MARKET1 LEVEL3 LEVEL4 LEVEL0 LEVEL1) [1]
Pruned:  0: (LOAD GOODS1 TRUCK1 MARKET1 LEVEL3 LEVEL4 LEVEL0 LEVEL1) [1]
Pruned:  0: (LOAD GOODS1 TRUCK1 MARKET1 LEVEL3 LEVEL4 LEVEL0 LEVEL1) [1]
Pruned:  0: (LOAD GOODS1 TRUCK1 MARKET1 LEVEL3 LEVEL4 LEVEL0 LEVEL1) [1]
Pruned:  0: (LOAD GOODS1 TRUCK1 MARKET1 LEVEL3 LEVEL4 LEVEL0 LEVEL1) [1]
Pruned:  0: (LOAD GOODS1 TRUCK1 MARKET1 LEVEL3 LEVEL4 LEVEL0 LEVEL1) [1]
Pruned:  0: (LOAD GOODS1 TRUCK1 MARKET1 LEVEL3 LEVEL4 LEVEL0 LEVEL1) [1]
Pruned:  0: (LOAD GOODS1 TRUCK1 MARKET1 LEVEL3 LEVEL4 LEVEL0 LEVEL1) [1]
Pruned:  0: (LOAD GOODS1 TRUCK1 MARKET1 LEVEL3 LEVEL4 LEVEL0 LEVEL1) [1]
Pruned:  0: (LOAD GOODS1 TRUCK1 MARKET1 LEVEL3 LEVEL4 LEVEL0 LEVEL1) [1]
Pruned:  0: (LOAD GOODS1 TRUCK1 MARKET1 LEVEL3 LEVEL4 LEVEL0 LEVEL1) [1]
Pruned:  0: (LOAD GOODS1 TRUCK1 MARKET1 LEVEL3 LEVEL4 LEVEL0 LEVEL1) [1]
Pruned:  0: (LOAD GOODS1 TRUCK1 MARKET1 LEVEL3 LEVEL4 LEVEL0 LEVEL1) [1]
Pruned:  0: (LOAD GOODS1 TRUCK1 MARKET1 LEVEL3 LEVEL4 LEVEL0 LEVEL1) [1]
Pruned:  0: (LOAD GOODS1 TRUCK1 MARKET1 LEVEL3 LEVEL4 LEVEL0 LEVEL1) [1]
Pruned:  0: (LOAD GOODS1 TRUCK1 MARKET1 LEVEL3 LEVEL4 LEVEL0 LEVEL1) [1]
Pruned:  0: (LOAD GOODS1 TRUCK1 MARKET1 LEVEL3 LEVEL4 LEVEL0 LEVEL1) [1]
Pruned:  0: (LOAD GOODS1 TRUCK1 MARKET1 LEVEL3 LEVEL4 LEVEL0 LEVEL1) [1]
Pruned:  0: (LOAD GOODS1 TRUCK1 MARKET1 LEVEL3 LEVEL4 LEVEL0 LEVEL1) [1]
Pruned:  0: (LOAD GOODS1 TRUCK1 MARKET1 LEVEL3 LEVEL4 LEVEL0 LEVEL1) [1]
Pruned:  0: (LOAD GOODS1 TRUCK1 MARKET1 LEVEL3 LEVEL4 LEVEL0 LEVEL1) [1]
Pruned:  0: (LOAD GOODS1 TRUCK1 MARKET1 LEVEL3 LEVEL4 LEVEL0 LEVEL1) [1]
Pruned:  0: (LOAD GOODS1 TRUCK1 MARKET1 LEVEL3 LEVEL4 LEVEL0 LEVEL1) [1]
Pruned:  0: (LOAD GOODS1 TRUCK1 MARKET1 LEVEL3 LEVEL4 LEVEL0 LEVEL1) [1]
Pruned:  0: (LOAD GOODS1 TRUCK1 MARKET1 LEVEL3 LEVEL4 LEVEL0 LEVEL1) [1]
Pruned:  0: (LOAD GOODS1 TRUCK1 MARKET1 LEVEL3 LEVEL4 LEVEL0 LEVEL1) [1]
Pruned:  0: (LOAD GOODS1 TRUCK1 MARKET1 LEVEL3 LEVEL4 LEVEL0 LEVEL1) [1]
Pruned:  0: (LOAD GOODS1 TRUCK1 MARKET1 LEVEL3 LEVEL4 LEVEL0 LEVEL1) [1]
Pruned:  0: (LOAD GOODS1 TRUCK1 MARKET1 LEVEL3 LEVEL4 LEVEL0 LEVEL1) [1]
Pruned:  0: (LOAD GOODS1 TRUCK1 MARKET1 LEVEL3 LEVEL4 LEVEL0 LEVEL1) [1]
Pruned:  0: (LOAD GOODS1 TRUCK1 MARKET1 LEVEL3 LEVEL4 LEVEL0 LEVEL1) [1]
Pruned:  0: (LOAD GOODS1 TRUCK1 MARKET1 LEVEL3 LEVEL4 LEVEL0 LEVEL1) [1]
Pruned:  0: (LOAD GOODS1 TRUCK1 MARKET1 LEVEL3 LEVEL4 LEVEL0 LEVEL1) [1]
Pruned:  0: (LOAD GOODS1 TRUCK1 MARKET1 LEVEL3 LEVEL4 LEVEL0 LEVEL1) [1]
Pruned:  0: (LOAD GOODS1 TRUCK1 MARKET1 LEVEL3 LEVEL4 LEVEL0 LEVEL1) [1]
Pruned:  0: (LOAD GOODS1 TRUCK1 MARKET1 LEVEL3 LEVEL4 LEVEL0 LEVEL1) [1]
Pruned:  0: (LOAD GOODS1 TRUCK1 MARKET1 LEVEL3 LEVEL4 LEVEL0 LEVEL1) [1]
Pruned:  0: (LOAD GOODS1 TRUCK1 MARKET1 LEVEL3 LEVEL4 LEVEL0 LEVEL1) [1]
Pruned:  0: (LOAD GOODS1 TRUCK1 MARKET1 LEVEL3 LEVEL4 LEVEL0 LEVEL1) [1]
Pruned:  0: (LOAD GOODS1 TRUCK1 MARKET1 LEVEL3 LEVEL4 LEVEL0 LEVEL1) [1]
Pruned:  0: (LOAD GOODS1 TRUCK1 MARKET1 LEVEL3 LEVEL4 LEVEL0 LEVEL1) [1]
Pruned:  0: (LOAD GOODS1 TRUCK1 MARKET1 LEVEL3 LEVEL4 LEVEL0 LEVEL1) [1]
Pruned:  0: (LOAD GOODS1 TRUCK1 MARKET1 LEVEL3 LEVEL4 LEVEL0 LEVEL1) [1]
Pruned:  0: (LOAD GOODS1 TRUCK1 MARKET1 LEVEL3 LEVEL4 LEVEL0 LEVEL1) [1]
Pruned:  0: (LOAD GOODS1 TRUCK1 MARKET1 LEVEL3 LEVEL4 LEVEL0 LEVEL1) [1]
Pruned:  0: (LOAD GOODS1 TRUCK1 MARKET1 LEVEL3 LEVEL4 LEVEL0 LEVEL1) [1]
Pruned:  0: (LOAD GOODS1 TRUCK1 MARKET1 LEVEL3 LEVEL4 LEVEL0 LEVEL1) [1]
Pruned:  0: (LOAD GOODS1 TRUCK1 MARKET1 LEVEL3 LEVEL4 LEVEL0 LEVEL1) [1]
Pruned:  0: (LOAD GOODS1 TRUCK1 MARKET1 LEVEL3 LEVEL4 LEVEL0 LEVEL1) [1]
Pruned:  0: (LOAD GOODS1 TRUCK1 MARKET1 LEVEL3 LEVEL4 LEVEL0 LEVEL1) [1]
Pruned:  0: (LOAD GOODS1 TRUCK1 MARKET1 LEVEL3 LEVEL4 LEVEL0 LEVEL1) [1]
Pruned:  0: (LOAD GOODS1 TRUCK1 MARKET1 LEVEL3 LEVEL4 LEVEL0 LEVEL1) [1]
Pruned:  0: (LOAD GOODS1 TRUCK1 MARKET1 LEVEL3 LEVEL4 LEVEL0 LEVEL1) [1]
Pruned:  0: (LOAD GOODS1 TRUCK1 MARKET1 LEVEL3 LEVEL4 LEVEL0 LEVEL1) [1]
Pruned:  0: (LOAD GOODS1 TRUCK1 MARKET1 LEVEL3 LEVEL4 LEVEL0 LEVEL1) [1]
Pruned:  0: (LOAD GOODS1 TRUCK1 MARKET1 LEVEL3 LEVEL4 LEVEL0 LEVEL1) [1]
Pruned:  0: (LOAD GOODS1 TRUCK1 MARKET1 LEVEL3 LEVEL4 LEVEL0 LEVEL1) [1]
Pruned:  0: (LOAD GOODS1 TRUCK1 MARKET1 LEVEL3 LEVEL4 LEVEL0 LEVEL1) [1]
Pruned:  0: (LOAD GOODS1 TRUCK1 MARKET1 LEVEL3 LEVEL4 LEVEL0 LEVEL1) [1]
Pruned:  0: (LOAD GOODS1 TRUCK1 MARKET1 LEVEL3 LEVEL4 LEVEL0 LEVEL1) [1]
Pruned:  0: (LOAD GOODS1 TRUCK1 MARKET1 LEVEL3 LEVEL4 LEVEL0 LEVEL1) [1]
Pruned:  0: (LOAD GOODS1 TRUCK1 MARKET1 LEVEL3 LEVEL4 LEVEL0 LEVEL1) [1]
Pruned:  0: (LOAD GOODS1 TRUCK1 MARKET1 LEVEL3 LEVEL4 LEVEL0 LEVEL1) [1]
Pruned:  0: (LOAD GOODS1 TRUCK1 MARKET1 LEVEL3 LEVEL4 LEVEL0 LEVEL1) [1]
Pruned:  0: (LOAD GOODS1 TRUCK1 MARKET1 LEVEL3 LEVEL4 LEVEL0 LEVEL1) [1]
Pruned:  0: (LOAD GOODS1 TRUCK1 MARKET1 LEVEL3 LEVEL4 LEVEL0 LEVEL1) [1]
Pruned:  0: (LOAD GOODS1 TRUCK1 MARKET1 LEVEL3 LEVEL4 LEVEL0 LEVEL1) [1]
Pruned:  0: (LOAD GOODS1 TRUCK1 MARKET1 LEVEL3 LEVEL4 LEVEL0 LEVEL1) [1]
Pruned:  0: (LOAD GOODS1 TRUCK1 MARKET1 LEVEL3 LEVEL4 LEVEL0 LEVEL1) [1]
Pruned:  0: (LOAD GOODS1 TRUCK1 MARKET1 LEVEL3 LEVEL4 LEVEL0 LEVEL1) [1]
Pruned:  0: (LOAD GOODS1 TRUCK1 MARKET1 LEVEL3 LEVEL4 LEVEL0 LEVEL1) [1]
Pruned:  0: (LOAD GOODS1 TRUCK1 MARKET1 LEVEL3 LEVEL4 LEVEL0 LEVEL1) [1]
Pruned:  0: (LOAD GOODS1 TRUCK1 MARKET1 LEVEL3 LEVEL4 LEVEL0 LEVEL1) [1]
Pruned:  0: (LOAD GOODS1 TRUCK1 MARKET1 LEVEL3 LEVEL4 LEVEL0 LEVEL1) [1]
Pruned:  0: (LOAD GOODS1 TRUCK1 MARKET1 LEVEL3 LEVEL4 LEVEL0 LEVEL1) [1]
Pruned:  0: (LOAD GOODS1 TRUCK1 MARKET1 LEVEL3 LEVEL4 LEVEL0 LEVEL1) [1]
Pruned:  0: (LOAD GOODS1 TRUCK1 MARKET1 LEVEL3 LEVEL4 LEVEL0 LEVEL1) [1]
Pruned:  0: (LOAD GOODS1 TRUCK1 MARKET1 LEVEL3 LEVEL4 LEVEL0 LEVEL1) [1]
Pruned:  0: (LOAD GOODS1 TRUCK1 MARKET1 LEVEL3 LEVEL4 LEVEL0 LEVEL1) [1]
Pruned:  0: (LOAD GOODS1 TRUCK1 MARKET1 LEVEL3 LEVEL4 LEVEL0 LEVEL1) [1]
Pruned:  0: (LOAD GOODS1 TRUCK1 MARKET1 LEVEL3 LEVEL4 LEVEL0 LEVEL1) [1]
Pruned:  0: (LOAD GOODS1 TRUCK1 MARKET1 LEVEL3 LEVEL4 LEVEL0 LEVEL1) [1]
Pruned:  0: (LOAD GOODS1 TRUCK1 MARKET1 LEVEL3 LEVEL4 LEVEL0 LEVEL1) [1]
Pruned:  0: (LOAD GOODS1 TRUCK1 MARKET1 LEVEL3 LEVEL4 LEVEL0 LEVEL1) [1]
Pruned:  0: (LOAD GOODS1 TRUCK1 MARKET1 LEVEL3 LEVEL4 LEVEL0 LEVEL1) [1]
Pruned:  0: (LOAD GOODS1 TRUCK1 MARKET1 LEVEL3 LEVEL4 LEVEL0 LEVEL1) [1]
Pruned:  0: (LOAD GOODS1 TRUCK1 MARKET1 LEVEL3 LEVEL4 LEVEL0 LEVEL1) [1]
Pruned:  0: (LOAD GOODS1 TRUCK1 MARKET1 LEVEL3 LEVEL4 LEVEL0 LEVEL1) [1]
Pruned:  0: (LOAD GOODS1 TRUCK1 MARKET1 LEVEL3 LEVEL4 LEVEL0 LEVEL1) [1]
Pruned:  0: (LOAD GOODS1 TRUCK1 MARKET1 LEVEL3 LEVEL4 LEVEL0 LEVEL1) [1]
Pruned:  0: (LOAD GOODS1 TRUCK1 MARKET1 LEVEL3 LEVEL4 LEVEL0 LEVEL1) [1]
Pruned:  0: (LOAD GOODS1 TRUCK1 MARKET1 LEVEL3 LEVEL4 LEVEL0 LEVEL1) [1]
Pruned:  0: (LOAD GOODS1 TRUCK1 MARKET1 LEVEL3 LEVEL4 LEVEL0 LEVEL1) [1]
Pruned:  0: (LOAD GOODS1 TRUCK1 MARKET1 LEVEL3 LEVEL4 LEVEL0 LEVEL1) [1]
Pruned:  0: (LOAD GOODS1 TRUCK1 MARKET1 LEVEL3 LEVEL4 LEVEL0 LEVEL1) [1]
Pruned:  0: (LOAD GOODS1 TRUCK1 MARKET1 LEVEL3 LEVEL4 LEVEL0 LEVEL1) [1]
Pruned:  0: (LOAD GOODS1 TRUCK1 MARKET1 LEVEL3 LEVEL4 LEVEL0 LEVEL1) [1]
Pruned:  0: (LOAD GOODS1 TRUCK1 MARKET1 LEVEL3 LEVEL4 LEVEL0 LEVEL1) [1]
Pruned:  0: (LOAD GOODS1 TRUCK1 MARKET1 LEVEL3 LEVEL4 LEVEL0 LEVEL1) [1]
Pruned:  0: (LOAD GOODS1 TRUCK1 MARKET1 LEVEL3 LEVEL4 LEVEL0 LEVEL1) [1]
Pruned:  0: (LOAD GOODS1 TRUCK1 MARKET1 LEVEL3 LEVEL4 LEVEL0 LEVEL1) [1]
Pruned:  0: (LOAD GOODS1 TRUCK1 MARKET1 LEVEL3 LEVEL4 LEVEL0 LEVEL1) [1]
Pruned:  0: (LOAD GOODS1 TRUCK1 MARKET1 LEVEL3 LEVEL4 LEVEL0 LEVEL1) [1]
Pruned:  0: (LOAD GOODS1 TRUCK1 MARKET1 LEVEL3 LEVEL4 LEVEL0 LEVEL1) [1]
Pruned:  0: (LOAD GOODS1 TRUCK1 MARKET1 LEVEL3 LEVEL4 LEVEL0 LEVEL1) [1]
Pruned:  0: (LOAD GOODS1 TRUCK1 MARKET1 LEVEL3 LEVEL4 LEVEL0 LEVEL1) [1]
Pruned:  0: (LOAD GOODS1 TRUCK1 MARKET1 LEVEL3 LEVEL4 LEVEL0 LEVEL1) [1]
Pruned:  0: (LOAD GOODS1 TRUCK1 MARKET1 LEVEL3 LEVEL4 LEVEL0 LEVEL1) [1]
Pruned:  0: (LOAD GOODS1 TRUCK1 MARKET1 LEVEL3 LEVEL4 LEVEL0 LEVEL1) [1]
Pruned:  0: (LOAD GOODS1 TRUCK1 MARKET1 LEVEL3 LEVEL4 LEVEL0 LEVEL1) [1]
Pruned:  0: (LOAD GOODS1 TRUCK1 MARKET1 LEVEL3 LEVEL4 LEVEL0 LEVEL1) [1]
Pruned:  0: (LOAD GOODS1 TRUCK1 MARKET1 LEVEL3 LEVEL4 LEVEL0 LEVEL1) [1]
Pruned:  0: (LOAD GOODS1 TRUCK1 MARKET1 LEVEL3 LEVEL4 LEVEL0 LEVEL1) [1]
Pruned:  0: (LOAD GOODS1 TRUCK1 MARKET1 LEVEL3 LEVEL4 LEVEL0 LEVEL1) [1]
Pruned:  0: (LOAD GOODS1 TRUCK1 MARKET1 LEVEL3 LEVEL4 LEVEL0 LEVEL1) [1]
Pruned:  0: (LOAD GOODS1 TRUCK1 MARKET1 LEVEL3 LEVEL4 LEVEL0 LEVEL1) [1]
Pruned:  0: (LOAD GOODS1 TRUCK1 MARKET1 LEVEL3 LEVEL4 LEVEL0 LEVEL1) [1]
Pruned:  0: (LOAD GOODS1 TRUCK1 MARKET1 LEVEL3 LEVEL4 LEVEL0 LEVEL1) [1]
Pruned:  0: (LOAD GOODS1 TRUCK1 MARKET1 LEVEL3 LEVEL4 LEVEL0 LEVEL1) [1]
Pruned:  0: (LOAD GOODS1 TRUCK1 MARKET1 LEVEL3 LEVEL4 LEVEL0 LEVEL1) [1]
Pruned:  0: (LOAD GOODS1 TRUCK1 MARKET1 LEVEL3 LEVEL4 LEVEL0 LEVEL1) [1]
Pruned:  0: (LOAD GOODS1 TRUCK1 MARKET1 LEVEL3 LEVEL4 LEVEL0 LEVEL1) [1]
Pruned:  0: (LOAD GOODS1 TRUCK1 MARKET1 LEVEL3 LEVEL4 LEVEL0 LEVEL1) [1]
Pruned:  0: (LOAD GOODS1 TRUCK1 MARKET1 LEVEL3 LEVEL4 LEVEL0 LEVEL1) [1]
Pruned:  0: (LOAD GOODS1 TRUCK1 MARKET1 LEVEL3 LEVEL4 LEVEL0 LEVEL1) [1]
Pruned:  0: (LOAD GOODS1 TRUCK1 MARKET1 LEVEL3 LEVEL4 LEVEL0 LEVEL1) [1]
Pruned:  0: (LOAD GOODS1 TRUCK1 MARKET1 LEVEL3 LEVEL4 LEVEL0 LEVEL1) [1]
Pruned:  0: (LOAD GOODS1 TRUCK1 MARKET1 LEVEL3 LEVEL4 LEVEL0 LEVEL1) [1]
Pruned:  0: (LOAD GOODS1 TRUCK1 MARKET1 LEVEL3 LEVEL4 LEVEL0 LEVEL1) [1]
Pruned:  0: (LOAD GOODS1 TRUCK1 MARKET1 LEVEL3 LEVEL4 LEVEL0 LEVEL1) [1]
Pruned:  0: (LOAD GOODS1 TRUCK1 MARKET1 LEVEL3 LEVEL4 LEVEL0 LEVEL1) [1]
Pruned:  0: (LOAD GOODS1 TRUCK1 MARKET1 LEVEL3 LEVEL4 LEVEL0 LEVEL1) [1]
Pruned:  0: (LOAD GOODS1 TRUCK1 MARKET1 LEVEL3 LEVEL4 LEVEL0 LEVEL1) [1]
Pruned:  0: (LOAD GOODS1 TRUCK1 MARKET1 LEVEL3 LEVEL4 LEVEL0 LEVEL1) [1]
Pruned:  0: (LOAD GOODS1 TRUCK1 MARKET1 LEVEL3 LEVEL4 LEVEL0 LEVEL1) [1]
Pruned:  0: (LOAD GOODS1 TRUCK1 MARKET1 LEVEL3 LEVEL4 LEVEL0 LEVEL1) [1]
Pruned:  0: (LOAD GOODS1 TRUCK1 MARKET1 LEVEL3 LEVEL4 LEVEL0 LEVEL1) [1]
Pruned:  0: (LOAD GOODS1 TRUCK1 MARKET1 LEVEL3 LEVEL4 LEVEL0 LEVEL1) [1]
Pruned:  0: (LOAD GOODS1 TRUCK1 MARKET1 LEVEL3 LEVEL4 LEVEL0 LEVEL1) [1]
Pruned:  0: (LOAD GOODS1 TRUCK1 MARKET1 LEVEL3 LEVEL4 LEVEL0 LEVEL1) [1]
Pruned:  0: (LOAD GOODS1 TRUCK1 MARKET1 LEVEL3 LEVEL4 LEVEL0 LEVEL1) [1]
Pruned:  0: (LOAD GOODS1 TRUCK1 MARKET1 LEVEL3 LEVEL4 LEVEL0 LEVEL1) [1]
Pruned:  0: (LOAD GOODS1 TRUCK1 MARKET1 LEVEL3 LEVEL4 LEVEL0 LEVEL1) [1]
Pruned:  0: (LOAD GOODS1 TRUCK1 MARKET1 LEVEL3 LEVEL4 LEVEL0 LEVEL1) [1]
Pruned:  0: (LOAD GOODS1 TRUCK1 MARKET1 LEVEL3 LEVEL4 LEVEL0 LEVEL1) [1]
Pruned:  0: (LOAD GOODS1 TRUCK1 MARKET1 LEVEL3 LEVEL4 LEVEL0 LEVEL1) [1]
Pruned:  0: (LOAD GOODS1 TRUCK1 MARKET1 LEVEL3 LEVEL4 LEVEL0 LEVEL1) [1]
Pruned:  0: (LOAD GOODS1 TRUCK1 MARKET1 LEVEL3 LEVEL4 LEVEL0 LEVEL1) [1]
Pruned:  0: (LOAD GOODS1 TRUCK1 MARKET1 LEVEL3 LEVEL4 LEVEL0 LEVEL1) [1]
Pruned:  0: (LOAD GOODS1 TRUCK1 MARKET1 LEVEL3 LEVEL4 LEVEL0 LEVEL1) [1]
Pruned:  0: (LOAD GOODS1 TRUCK1 MARKET1 LEVEL3 LEVEL4 LEVEL0 LEVEL1) [1]
Pruned:  0: (LOAD GOODS1 TRUCK1 MARKET1 LEVEL3 LEVEL4 LEVEL0 LEVEL1) [1]
Pruned:  0: (LOAD GOODS1 TRUCK1 MARKET1 LEVEL3 LEVEL4 LEVEL0 LEVEL1) [1]
Pruned:  0: (LOAD GOODS1 TRUCK1 MARKET1 LEVEL3 LEVEL4 LEVEL0 LEVEL1) [1]
Pruned:  0: (LOAD GOODS1 TRUCK1 MARKET1 LEVEL3 LEVEL4 LEVEL0 LEVEL1) [1]
Pruned:  0: (LOAD GOODS1 TRUCK1 MARKET1 LEVEL3 LEVEL4 LEVEL0 LEVEL1) [1]
Pruned:  0: (LOAD GOODS1 TRUCK1 MARKET1 LEVEL3 LEVEL4 LEVEL0 LEVEL1) [1]
Pruned:  0: (LOAD GOODS1 TRUCK1 MARKET1 LEVEL3 LEVEL4 LEVEL0 LEVEL1) [1]
Pruned:  0: (LOAD GOODS1 TRUCK1 MARKET1 LEVEL3 LEVEL4 LEVEL0 LEVEL1) [1]
Pruned:  0: (LOAD GOODS1 TRUCK1 MARKET1 LEVEL3 LEVEL4 LEVEL0 LEVEL1) [1]
Pruned:  0: (LOAD GOODS1 TRUCK1 MARKET1 LEVEL3 LEVEL4 LEVEL0 LEVEL1) [1]
Pruned:  0: (LOAD GOODS1 TRUCK1 MARKET1 LEVEL3 LEVEL4 LEVEL0 LEVEL1) [1]
Pruned:  0: (LOAD GOODS1 TRUCK1 MARKET1 LEVEL3 LEVEL4 LEVEL0 LEVEL1) [1]
Pruned:  0: (LOAD GOODS1 TRUCK1 MARKET1 LEVEL3 LEVEL4 LEVEL0 LEVEL1) [1]
Pruned:  0: (LOAD GOODS1 TRUCK1 MARKET1 LEVEL3 LEVEL4 LEVEL0 LEVEL1) [1]
Pruned:  0: (LOAD GOODS1 TRUCK1 MARKET1 LEVEL3 LEVEL4 LEVEL0 LEVEL1) [1]
Pruned:  0: (LOAD GOODS1 TRUCK1 MARKET1 LEVEL3 LEVEL4 LEVEL0 LEVEL1) [1]
Pruned:  0: (LOAD GOODS1 TRUCK1 MARKET1 LEVEL3 LEVEL4 LEVEL0 LEVEL1) [1]
Pruned:  0: (LOAD GOODS1 TRUCK1 MARKET1 LEVEL3 LEVEL4 LEVEL0 LEVEL1) [1]
Pruned:  0: (LOAD GOODS1 TRUCK1 MARKET1 LEVEL3 LEVEL4 LEVEL0 LEVEL1) [1]
Pruned:  0: (LOAD GOODS1 TRUCK1 MARKET1 LEVEL3 LEVEL4 LEVEL0 LEVEL1) [1]
Pruned:  0: (LOAD GOODS1 TRUCK1 MARKET1 LEVEL3 LEVEL4 LEVEL0 LEVEL1) [1]
Pruned:  0: (LOAD GOODS1 TRUCK1 MARKET1 LEVEL3 LEVEL4 LEVEL0 LEVEL1) [1]
Pruned:  0: (LOAD GOODS1 TRUCK1 MARKET1 LEVEL3 LEVEL4 LEVEL0 LEVEL1) [1]
Pruned:  0: (LOAD GOODS1 TRUCK1 MARKET1 LEVEL3 LEVEL4 LEVEL0 LEVEL1) [1]
Pruned:  0: (LOAD GOODS1 TRUCK1 MARKET1 LEVEL3 LEVEL4 LEVEL0 LEVEL1) [1]
Pruned:  0: (LOAD GOODS1 TRUCK1 MARKET1 LEVEL3 LEVEL4 LEVEL0 LEVEL1) [1]
Pruned:  0: (LOAD GOODS1 TRUCK1 MARKET1 LEVEL3 LEVEL4 LEVEL0 LEVEL1) [1]
Pruned:  0: (LOAD GOODS1 TRUCK1 MARKET1 LEVEL3 LEVEL4 LEVEL0 LEVEL1) [1]
Pruned:  0: (LOAD GOODS1 TRUCK1 MARKET1 LEVEL3 LEVEL4 LEVEL0 LEVEL1) [1]
Pruned:  0: (LOAD GOODS1 TRUCK1 MARKET1 LEVEL3 LEVEL4 LEVEL0 LEVEL1) [1]
Pruned:  0: (LOAD GOODS1 TRUCK1 MARKET1 LEVEL3 LEVEL4 LEVEL0 LEVEL1) [1]
Pruned:  0: (LOAD GOODS1 TRUCK1 MARKET1 LEVEL3 LEVEL4 LEVEL0 LEVEL1) [1]
Pruned:  0: (LOAD GOODS1 TRUCK1 MARKET1 LEVEL3 LEVEL4 LEVEL0 LEVEL1) [1]
Pruned:  0: (LOAD GOODS1 TRUCK1 MARKET1 LEVEL3 LEVEL4 LEVEL0 LEVEL1) [1]
Pruned:  0: (LOAD GOODS1 TRUCK1 MARKET1 LEVEL3 LEVEL4 LEVEL0 LEVEL1) [1]
Pruned:  0: (LOAD GOODS1 TRUCK1 MARKET1 LEVEL3 LEVEL4 LEVEL0 LEVEL1) [1]
Pruned:  0: (LOAD GOODS1 TRUCK1 MARKET1 LEVEL3 LEVEL4 LEVEL0 LEVEL1) [1]
Pruned:  0: (LOAD GOODS1 TRUCK1 MARKET1 LEVEL3 LEVEL4 LEVEL0 LEVEL1) [1]
Pruned:  0: (LOAD GOODS1 TRUCK1 MARKET1 LEVEL3 LEVEL4 LEVEL0 LEVEL1) [1]
Pruned:  0: (LOAD GOODS1 TRUCK1 MARKET1 LEVEL3 LEVEL4 LEVEL0 LEVEL1) [1]
Pruned:  0: (LOAD GOODS1 TRUCK1 MARKET1 LEVEL3 LEVEL4 LEVEL0 LEVEL1) [1]
Pruned:  0: (LOAD GOODS1 TRUCK1 MARKET1 LEVEL3 LEVEL4 LEVEL0 LEVEL1) [1]
Pruned:  0: (LOAD GOODS1 TRUCK1 MARKET1 LEVEL3 LEVEL4 LEVEL0 LEVEL1) [1]
Pruned:  0: (LOAD GOODS1 TRUCK1 MARKET1 LEVEL3 LEVEL4 LEVEL0 LEVEL1) [1]
Pruned:  0: (LOAD GOODS1 TRUCK1 MARKET1 LEVEL3 LEVEL4 LEVEL0 LEVEL1) [1]
Pruned:  0: (LOAD GOODS1 TRUCK1 MARKET1 LEVEL3 LEVEL4 LEVEL0 LEVEL1) [1]
Pruned:  0: (LOAD GOODS1 TRUCK1 MARKET1 LEVEL3 LEVEL4 LEVEL0 LEVEL1) [1]
Pruned:  0: (LOAD GOODS1 TRUCK1 MARKET1 LEVEL3 LEVEL4 LEVEL0 LEVEL1) [1]
Pruned:  0: (LOAD GOODS1 TRUCK1 MARKET1 LEVEL3 LEVEL4 LEVEL0 LEVEL1) [1]
Pruned:  0: (LOAD GOODS1 TRUCK1 MARKET1 LEVEL3 LEVEL4 LEVEL0 LEVEL1) [1]
Pruned:  0: (LOAD GOODS1 TRUCK1 MARKET1 LEVEL3 LEVEL4 LEVEL0 LEVEL1) [1]
Pruned:  0: (LOAD GOODS1 TRUCK1 MARKET1 LEVEL3 LEVEL4 LEVEL0 LEVEL1) [1]
Pruned:  0: (LOAD GOODS1 TRUCK1 MARKET1 LEVEL3 LEVEL4 LEVEL0 LEVEL1) [1]
Pruned:  0: (LOAD GOODS1 TRUCK1 MARKET1 LEVEL3 LEVEL4 LEVEL0 LEVEL1) [1]
Pruned:  0: (LOAD GOODS1 TRUCK1 MARKET1 LEVEL3 LEVEL4 LEVEL0 LEVEL1) [1]
Pruned:  0: (LOAD GOODS1 TRUCK1 MARKET1 LEVEL3 LEVEL4 LEVEL0 LEVEL1) [1]
Pruned:  0: (LOAD GOODS1 TRUCK1 MARKET1 LEVEL3 LEVEL4 LEVEL0 LEVEL1) [1]
Pruned:  0: (LOAD GOODS1 TRUCK1 MARKET1 LEVEL3 LEVEL4 LEVEL0 LEVEL1) [1]
Pruned:  0: (LOAD GOODS1 TRUCK1 MARKET1 LEVEL3 LEVEL4 LEVEL0 LEVEL1) [1]
Pruned:  0: (LOAD GOODS1 TRUCK1 MARKET1 LEVEL3 LEVEL4 LEVEL0 LEVEL1) [1]
Pruned:  0: (LOAD GOODS1 TRUCK1 MARKET1 LEVEL3 LEVEL4 LEVEL0 LEVEL1) [1]
Pruned:  0: (LOAD GOODS1 TRUCK1 MARKET1 LEVEL3 LEVEL4 LEVEL0 LEVEL1) [1]
Pruned:  0: (LOAD GOODS1 TRUCK1 MARKET1 LEVEL3 LEVEL4 LEVEL0 LEVEL1) [1]
Pruned:  0: (LOAD GOODS1 TRUCK1 MARKET1 LEVEL3 LEVEL4 LEVEL0 LEVEL1) [1]
Pruned:  0: (LOAD GOODS1 TRUCK1 MARKET1 LEVEL3 LEVEL4 LEVEL0 LEVEL1) [1]
Pruned:  0: (LOAD GOODS1 TRUCK1 MARKET1 LEVEL3 LEVEL4 LEVEL0 LEVEL1) [1]
Pruned:  0: (LOAD GOODS1 TRUCK1 MARKET1 LEVEL3 LEVEL4 LEVEL0 LEVEL1) [1]
Pruned:  0: (LOAD GOODS1 TRUCK1 MARKET1 LEVEL3 LEVEL4 LEVEL0 LEVEL1) [1]
Pruned:  0: (LOAD GOODS1 TRUCK1 MARKET1 LEVEL3 LEVEL4 LEVEL0 LEVEL1) [1]
Pruned:  0: (LOAD GOODS1 TRUCK1 MARKET1 LEVEL3 LEVEL4 LEVEL0 LEVEL1) [1]
Pruned:  0: (LOAD GOODS1 TRUCK1 MARKET1 LEVEL3 LEVEL4 LEVEL0 LEVEL1) [1]
Pruned:  0: (LOAD GOODS1 TRUCK1 MARKET1 LEVEL3 LEVEL4 LEVEL0 LEVEL1) [1]
Pruned:  0: (LOAD GOODS1 TRUCK1 MARKET1 LEVEL3 LEVEL4 LEVEL0 LEVEL1) [1]
Pruned:  0: (LOAD GOODS1 TRUCK1 MARKET1 LEVEL3 LEVEL4 LEVEL0 LEVEL1) [1]
Pruned:  0: (LOAD GOODS1 TRUCK1 MARKET1 LEVEL3 LEVEL4 LEVEL0 LEVEL1) [1]
Pruned:  0: (LOAD GOODS1 TRUCK1 MARKET1 LEVEL3 LEVEL4 LEVEL0 LEVEL1) [1]
Pruned:  0: (LOAD GOODS1 TRUCK1 MARKET1 LEVEL3 LEVEL4 LEVEL0 LEVEL1) [1]
Pruned:  0: (LOAD GOODS1 TRUCK1 MARKET1 LEVEL3 LEVEL4 LEVEL0 LEVEL1) [1]
Pruned:  0: (LOAD GOODS1 TRUCK1 MARKET1 LEVEL3 LEVEL4 LEVEL0 LEVEL1) [1]
Pruned:  0: (LOAD GOODS1 TRUCK1 MARKET1 LEVEL3 LEVEL4 LEVEL0 LEVEL1) [1]
Pruned:  0: (LOAD GOODS1 TRUCK1 MARKET1 LEVEL3 LEVEL4 LEVEL0 LEVEL1) [1]
Pruned:  0: (LOAD GOODS1 TRUCK1 MARKET1 LEVEL3 LEVEL4 LEVEL0 LEVEL1) [1]
Pruned:  0: (LOAD GOODS1 TRUCK1 MARKET1 LEVEL3 LEVEL4 LEVEL0 LEVEL1) [1]
Pruned:  0: (LOAD GOODS1 TRUCK1 MARKET1 LEVEL3 LEVEL4 LEVEL0 LEVEL1) [1]
Pruned:  0: (LOAD GOODS1 TRUCK1 MARKET1 LEVEL3 LEVEL4 LEVEL0 LEVEL1) [1]
Pruned:  0: (LOAD GOODS1 TRUCK1 MARKET1 LEVEL3 LEVEL4 LEVEL0 LEVEL1) [1]
Pruned:  0: (LOAD GOODS1 TRUCK1 MARKET1 LEVEL3 LEVEL4 LEVEL0 LEVEL1) [1]
Pruned:  0: (LOAD GOODS1 TRUCK1 MARKET1 LEVEL3 LEVEL4 LEVEL0 LEVEL1) [1]
Pruned:  0: (LOAD GOODS1 TRUCK1 MARKET1 LEVEL3 LEVEL4 LEVEL0 LEVEL1) [1]
Pruned:  0: (LOAD GOODS1 TRUCK1 MARKET1 LEVEL3 LEVEL4 LEVEL0 LEVEL1) [1]
Pruned:  0: (LOAD GOODS1 TRUCK1 MARKET1 LEVEL3 LEVEL4 LEVEL0 LEVEL1) [1]
Pruned:  0: (LOAD GOODS1 TRUCK1 MARKET1 LEVEL3 LEVEL4 LEVEL0 LEVEL1) [1]
Pruned:  0: (LOAD GOODS1 TRUCK1 MARKET1 LEVEL3 LEVEL4 LEVEL0 LEVEL1) [1]
Pruned:  0: (LOAD GOODS1 TRUCK1 MARKET1 LEVEL3 LEVEL4 LEVEL0 LEVEL1) [1]
Pruned:  0: (LOAD GOODS1 TRUCK1 MARKET1 LEVEL3 LEVEL4 LEVEL0 LEVEL1) [1]
Pruned:  0: (LOAD GOODS1 TRUCK1 MARKET1 LEVEL3 LEVEL4 LEVEL0 LEVEL1) [1]
Pruned:  0: (LOAD GOODS1 TRUCK1 MARKET1 LEVEL3 LEVEL4 LEVEL0 LEVEL1) [1]
Pruned:  0: (LOAD GOODS1 TRUCK1 MARKET1 LEVEL3 LEVEL4 LEVEL0 LEVEL1) [1]
Pruned:  0: (LOAD GOODS1 TRUCK1 MARKET1 LEVEL3 LEVEL4 LEVEL0 LEVEL1) [1]
Pruned:  0: (LOAD GOODS1 TRUCK1 MARKET1 LEVEL3 LEVEL4 LEVEL0 LEVEL1) [1]
Pruned:  0: (LOAD GOODS1 TRUCK1 MARKET1 LEVEL3 LEVEL4 LEVEL0 LEVEL1) [1]
Pruned:  0: (LOAD GOODS1 TRUCK1 MARKET1 LEVEL3 LEVEL4 LEVEL0 LEVEL1) [1]
Pruned:  0: (LOAD GOODS1 TRUCK1 MARKET1 LEVEL3 LEVEL4 LEVEL0 LEVEL1) [1]
Pruned:  0: (LOAD GOODS1 TRUCK1 MARKET1 LEVEL3 LEVEL4 LEVEL0 LEVEL1) [1]
Pruned:  0: (LOAD GOODS1 TRUCK1 MARKET1 LEVEL3 LEVEL4 LEVEL0 LEVEL1) [1]
Pruned:  0: (LOAD GOODS1 TRUCK1 MARKET1 LEVEL3 LEVEL4 LEVEL0 LEVEL1) [1]
Pruned:  0: (LOAD GOODS1 TRUCK1 MARKET1 LEVEL3 LEVEL4 LEVEL0 LEVEL1) [1]
Pruned:  0: (LOAD GOODS1 TRUCK1 MARKET1 LEVEL3 LEVEL4 LEVEL0 LEVEL1) [1]
Pruned:  0: (LOAD GOODS1 TRUCK1 MARKET1 LEVEL3 LEVEL4 LEVEL0 LEVEL1) [1]
Pruned:  0: (LOAD GOODS1 TRUCK1 MARKET1 LEVEL3 LEVEL4 LEVEL0 LEVEL1) [1]
Pruned:  0: (LOAD GOODS1 TRUCK1 MARKET1 LEVEL3 LEVEL4 LEVEL0 LEVEL1) [1]
Pruned:  0: (LOAD GOODS1 TRUCK1 MARKET1 LEVEL3 LEVEL4 LEVEL0 LEVEL1) [1]
Pruned:  0: (LOAD GOODS1 TRUCK1 MARKET1 LEVEL3 LEVEL4 LEVEL0 LEVEL1) [1]
Pruned:  0: (LOAD GOODS1 TRUCK1 MARKET1 LEVEL3 LEVEL4 LEVEL0 LEVEL1) [1]
Pruned:  0: (LOAD GOODS1 TRUCK1 MARKET1 LEVEL3 LEVEL4 LEVEL0 LEVEL1) [1]
Pruned:  0: (LOAD GOODS1 TRUCK1 MARKET1 LEVEL3 LEVEL4 LEVEL0 LEVEL1) [1]
Pruned:  0: (LOAD GOODS1 TRUCK1 MARKET1 LEVEL3 LEVEL4 LEVEL0 LEVEL1) [1]
Pruned:  0: (LOAD GOODS1 TRUCK1 MARKET1 LEVEL3 LEVEL4 LEVEL0 LEVEL1) [1]
Pruned:  0: (LOAD GOODS1 TRUCK1 MARKET1 LEVEL3 LEVEL4 LEVEL0 LEVEL1) [1]
Pruned:  0: (LOAD GOODS1 TRUCK1 MARKET1 LEVEL3 LEVEL4 LEVEL0 LEVEL1) [1]
Pruned:  0: (LOAD GOODS1 TRUCK1 MARKET1 LEVEL3 LEVEL4 LEVEL0 LEVEL1) [1]
Pruned:  0: (LOAD GOODS1 TRUCK1 MARKET1 LEVEL3 LEVEL4 LEVEL0 LEVEL1) [1]
Pruned:  0: (LOAD GOODS1 TRUCK1 MARKET1 LEVEL3 LEVEL4 LEVEL0 LEVEL1) [1]
Pruned:  0: (LOAD GOODS1 TRUCK1 MARKET1 LEVEL3 LEVEL4 LEVEL0 LEVEL1) [1]
Pruned:  0: (LOAD GOODS1 TRUCK1 MARKET1 LEVEL3 LEVEL4 LEVEL0 LEVEL1) [1]
Pruned:  0: (LOAD GOODS1 TRUCK1 MARKET1 LEVEL3 LEVEL4 LEVEL0 LEVEL1) [1]
Pruned:  0: (LOAD GOODS1 TRUCK1 MARKET1 LEVEL3 LEVEL4 LEVEL0 LEVEL1) [1]
Pruned:  0: (LOAD GOODS1 TRUCK1 MARKET1 LEVEL3 LEVEL4 LEVEL0 LEVEL1) [1]
Pruned:  0: (LOAD GOODS1 TRUCK1 MARKET1 LEVEL3 LEVEL4 LEVEL0 LEVEL1) [1]
Pruned:  0: (LOAD GOODS1 TRUCK1 MARKET1 LEVEL3 LEVEL4 LEVEL0 LEVEL1) [1]
Pruned:  0: (LOAD GOODS1 TRUCK1 MARKET1 LEVEL3 LEVEL4 LEVEL0 LEVEL1) [1]
Pruned:  0: (LOAD GOODS1 TRUCK1 MARKET1 LEVEL3 LEVEL4 LEVEL0 LEVEL1) [1]
Pruned:  0: (LOAD GOODS1 TRUCK1 MARKET1 LEVEL3 LEVEL4 LEVEL0 LEVEL1) [1]
Pruned:  0: (LOAD GOODS1 TRUCK1 MARKET1 LEVEL3 LEVEL4 LEVEL0 LEVEL1) [1]
Pruned:  0: (LOAD GOODS1 TRUCK1 MARKET1 LEVEL3 LEVEL4 LEVEL0 LEVEL1) [1]
Pruned:  0: (LOAD GOODS1 TRUCK1 MARKET1 LEVEL3 LEVEL4 LEVEL0 LEVEL1) [1]
Pruned:  0: (LOAD GOODS1 TRUCK1 MARKET1 LEVEL3 LEVEL4 LEVEL0 LEVEL1) [1]
Pruned:  0: (LOAD GOODS1 TRUCK1 MARKET1 LEVEL3 LEVEL4 LEVEL0 LEVEL1) [1]
Pruned:  0: (LOAD GOODS1 TRUCK1 MARKET1 LEVEL3 LEVEL4 LEVEL0 LEVEL1) [1]
Pruned:  0: (LOAD GOODS1 TRUCK1 MARKET1 LEVEL3 LEVEL4 LEVEL0 LEVEL1) [1]
Pruned:  0: (LOAD GOODS1 TRUCK1 MARKET1 LEVEL3 LEVEL4 LEVEL0 LEVEL1) [1]
Pruned:  0: (LOAD GOODS1 TRUCK1 MARKET1 LEVEL3 LEVEL4 LEVEL0 LEVEL1) [1]
Pruned:  0: (LOAD GOODS1 TRUCK1 MARKET1 LEVEL3 LEVEL4 LEVEL0 LEVEL1) [1]
Pruned:  0: (LOAD GOODS1 TRUCK1 MARKET1 LEVEL3 LEVEL4 LEVEL0 LEVEL1) [1]
Pruned:  0: (LOAD GOODS1 TRUCK1 MARKET1 LEVEL3 LEVEL4 LEVEL0 LEVEL1) [1]
Pruned:  0: (LOAD GOODS1 TRUCK1 MARKET1 LEVEL3 LEVEL4 LEVEL0 LEVEL1) [1]
Pruned:  0: (LOAD GOODS1 TRUCK1 MARKET1 LEVEL3 LEVEL4 LEVEL0 LEVEL1) [1]
Pruned:  0: (LOAD GOODS1 TRUCK1 MARKET1 LEVEL3 LEVEL4 LEVEL0 LEVEL1) [1]
Pruned:  0: (LOAD GOODS1 TRUCK1 MARKET1 LEVEL3 LEVEL4 LEVEL0 LEVEL1) [1]
Pruned:  0: (LOAD GOODS1 TRUCK1 MARKET1 LEVEL3 LEVEL4 LEVEL0 LEVEL1) [1]
Pruned:  0: (LOAD GOODS1 TRUCK1 MARKET1 LEVEL3 LEVEL4 LEVEL0 LEVEL1) [1]
Pruned:  0: (LOAD GOODS1 TRUCK1 MARKET1 LEVEL3 LEVEL4 LEVEL0 LEVEL1) [1]
Pruned:  0: (LOAD GOODS1 TRUCK1 MARKET1 LEVEL3 LEVEL4 LEVEL0 LEVEL1) [1]
Pruned:  0: (LOAD GOODS1 TRUCK1 MARKET1 LEVEL3 LEVEL4 LEVEL0 LEVEL1) [1]
Pruned:  0: (LOAD GOODS1 TRUCK1 MARKET1 LEVEL3 LEVEL4 LEVEL0 LEVEL1) [1]
Pruned:  0: (LOAD GOODS1 TRUCK1 MARKET1 LEVEL3 LEVEL4 LEVEL0 LEVEL1) [1]
Pruned:  0: (LOAD GOODS1 TRUCK1 MARKET1 LEVEL3 LEVEL4 LEVEL0 LEVEL1) [1]
Pruned:  0: (LOAD GOODS1 TRUCK1 MARKET1 LEVEL3 LEVEL4 LEVEL0 LEVEL1) [1]
Pruned:  0: (LOAD GOODS1 TRUCK1 MARKET1 LEVEL3 LEVEL4 LEVEL0 LEVEL1) [1]
Pruned:  0: (LOAD GOODS1 TRUCK1 MARKET1 LEVEL3 LEVEL4 LEVEL0 LEVEL1) [1]
Pruned:  0: (LOAD GOODS1 TRUCK1 MARKET1 LEVEL3 LEVEL4 LEVEL0 LEVEL1) [1]
Pruned:  0: (LOAD GOODS1 TRUCK1 MARKET1 LEVEL3 LEVEL4 LEVEL0 LEVEL1) [1]
Pruned:  0: (LOAD GOODS1 TRUCK1 MARKET1 LEVEL3 LEVEL4 LEVEL0 LEVEL1) [1]
Pruned:  0: (LOAD GOODS1 TRUCK1 MARKET1 LEVEL3 LEVEL4 LEVEL0 LEVEL1) [1]
Pruned:  0: (LOAD GOODS1 TRUCK1 MARKET1 LEVEL3 LEVEL4 LEVEL0 LEVEL1) [1]
Pruned:  0: (LOAD GOODS1 TRUCK1 MARKET1 LEVEL3 LEVEL4 LEVEL0 LEVEL1) [1]
Pruned:  0: (LOAD GOODS1 TRUCK1 MARKET1 LEVEL3 LEVEL4 LEVEL0 LEVEL1) [1]
Pruned:  0: (LOAD GOODS1 TRUCK1 MARKET1 LEVEL3 LEVEL4 LEVEL0 LEVEL1) [1]
Pruned:  0: (LOAD GOODS1 TRUCK1 MARKET1 LEVEL3 LEVEL4 LEVEL0 LEVEL1) [1]
Pruned:  0: (LOAD GOODS1 TRUCK1 MARKET1 LEVEL3 LEVEL4 LEVEL0 LEVEL1) [1]
Pruned:  0: (LOAD GOODS1 TRUCK1 MARKET1 LEVEL3 LEVEL4 LEVEL0 LEVEL1) [1]
Pruned:  0: (LOAD GOODS1 TRUCK1 MARKET1 LEVEL3 LEVEL4 LEVEL0 LEVEL1) [1]
Pruned:  0: (LOAD GOODS1 TRUCK1 MARKET1 LEVEL3 LEVEL4 LEVEL0 LEVEL1) [1]
Pruned:  0: (LOAD GOODS1 TRUCK1 MARKET1 LEVEL3 LEVEL4 LEVEL0 LEVEL1) [1]
Pruned:  0: (LOAD GOODS1 TRUCK1 MARKET1 LEVEL3 LEVEL4 LEVEL0 LEVEL1) [1]
Pruned:  0: (LOAD GOODS1 TRUCK1 MARKET1 LEVEL3 LEVEL4 LEVEL0 LEVEL1) [1]
Pruned:  0: (LOAD GOODS1 TRUCK1 MARKET1 LEVEL3 LEVEL4 LEVEL0 LEVEL1) [1]
Pruned:  0: (LOAD GOODS1 TRUCK1 MARKET1 LEVEL3 LEVEL4 LEVEL0 LEVEL1) [1]
Pruned:  0: (LOAD GOODS1 TRUCK1 MARKET1 LEVEL3 LEVEL4 LEVEL0 LEVEL1) [1]
Pruned:  0: (LOAD GOODS1 TRUCK1 MARKET1 LEVEL3 LEVEL4 LEVEL0 LEVEL1) [1]
Pruned:  0: (LOAD GOODS1 TRUCK1 MARKET1 LEVEL3 LEVEL4 LEVEL0 LEVEL1) [1]
Pruned:  0: (LOAD GOODS1 TRUCK1 MARKET1 LEVEL3 LEVEL4 LEVEL0 LEVEL1) [1]
Pruned:  0: (LOAD GOODS1 TRUCK1 MARKET1 LEVEL3 LEVEL4 LEVEL0 LEVEL1) [1]
Pruned:  0: (LOAD GOODS1 TRUCK1 MARKET1 LEVEL3 LEVEL4 LEVEL0 LEVEL1) [1]
Pruned:  0: (LOAD GOODS1 TRUCK1 MARKET1 LEVEL3 LEVEL4 LEVEL0 LEVEL1) [1]
Pruned:  0: (LOAD GOODS1 TRUCK1 MARKET1 LEVEL3 LEVEL4 LEVEL0 LEVEL1) [1]
Pruned:  0: (LOAD GOODS1 TRUCK1 MARKET1 LEVEL3 LEVEL4 LEVEL0 LEVEL1) [1]
Pruned:  0: (LOAD GOODS1 TRUCK1 MARKET1 LEVEL3 LEVEL4 LEVEL0 LEVEL1) [1]
Pruned:  0: (LOAD GOODS1 TRUCK1 MARKET1 LEVEL3 LEVEL4 LEVEL0 LEVEL1) [1]
Pruned:  0: (LOAD GOODS1 TRUCK1 MARKET1 LEVEL3 LEVEL4 LEVEL0 LEVEL1) [1]
Pruned:  0: (LOAD GOODS1 TRUCK1 MARKET1 LEVEL3 LEVEL4 LEVEL0 LEVEL1) [1]
Pruned:  0: (LOAD GOODS1 TRUCK1 MARKET1 LEVEL3 LEVEL4 LEVEL0 LEVEL1) [1]
Pruned:  0: (LOAD GOODS1 TRUCK1 MARKET1 LEVEL3 LEVEL4 LEVEL0 LEVEL1) [1]
Pruned:  0: (LOAD GOODS1 TRUCK1 MARKET1 LEVEL3 LEVEL4 LEVEL0 LEVEL1) [1]
Pruned:  0: (LOAD GOODS1 TRUCK1 MARKET1 LEVEL3 LEVEL4 LEVEL0 LEVEL1) [1]
Pruned:  0: (LOAD GOODS1 TRUCK1 MARKET1 LEVEL3 LEVEL4 LEVEL0 LEVEL1) [1]
Pruned:  0: (LOAD GOODS1 TRUCK1 MARKET1 LEVEL3 LEVEL4 LEVEL0 LEVEL1) [1]
Pruned:  0: (LOAD GOODS1 TRUCK1 MARKET1 LEVEL3 LEVEL4 LEVEL0 LEVEL1) [1]
Pruned:  0: (LOAD GOODS1 TRUCK1 MARKET1 LEVEL3 LEVEL4 LEVEL0 LEVEL1) [1]
Pruned:  0: (LOAD GOODS1 TRUCK1 MARKET1 LEVEL3 LEVEL4 LEVEL0 LEVEL1) [1]
Pruned:  0: (LOAD GOODS1 TRUCK1 MARKET1 LEVEL3 LEVEL4 LEVEL0 LEVEL1) [1]
Pruned:  0: (LOAD GOODS1 TRUCK1 MARKET1 LEVEL3 LEVEL4 LEVEL0 LEVEL1) [1]
Pruned:  0: (LOAD GOODS1 TRUCK1 MARKET1 LEVEL3 LEVEL4 LEVEL0 LEVEL1) [1]
Pruned:  0: (LOAD GOODS1 TRUCK1 MARKET1 LEVEL3 LEVEL4 LEVEL0 LEVEL1) [1]
Pruned:  0: (LOAD GOODS1 TRUCK1 MARKET1 LEVEL3 LEVEL4 LEVEL0 LEVEL1) [1]
Pruned:  0: (LOAD GOODS1 TRUCK1 MARKET1 LEVEL3 LEVEL4 LEVEL0 LEVEL1) [1]
Pruned:  0: (LOAD GOODS1 TRUCK1 MARKET1 LEVEL3 LEVEL4 LEVEL0 LEVEL1) [1]
Pruned:  0: (LOAD GOODS1 TRUCK1 MARKET1 LEVEL3 LEVEL4 LEVEL0 LEVEL1) [1]
Pruned:  0: (LOAD GOODS1 TRUCK1 MARKET1 LEVEL3 LEVEL4 LEVEL0 LEVEL1) [1]
Pruned:  0: (LOAD GOODS1 TRUCK1 MARKET1 LEVEL3 LEVEL4 LEVEL0 LEVEL1) [1]
Pruned:  0: (LOAD GOODS1 TRUCK1 MARKET1 LEVEL3 LEVEL4 LEVEL0 LEVEL1) [1]
Pruned:  0: (LOAD GOODS1 TRUCK1 MARKET1 LEVEL3 LEVEL4 LEVEL0 LEVEL1) [1]
Pruned:  0: (LOAD GOODS1 TRUCK1 MARKET1 LEVEL3 LEVEL4 LEVEL0 LEVEL1) [1]
Pruned:  0: (LOAD GOODS1 TRUCK1 MARKET1 LEVEL3 LEVEL4 LEVEL0 LEVEL1) [1]
Pruned:  0: (LOAD GOODS1 TRUCK1 MARKET1 LEVEL3 LEVEL4 LEVEL0 LEVEL1) [1]
Pruned:  0: (LOAD GOODS1 TRUCK1 MARKET1 LEVEL3 LEVEL4 LEVEL0 LEVEL1) [1]
Pruned:  0: (LOAD GOODS1 TRUCK1 MARKET1 LEVEL3 LEVEL4 LEVEL0 LEVEL1) [1]
Pruned:  0: (LOAD GOODS1 TRUCK1 MARKET1 LEVEL3 LEVEL4 LEVEL0 LEVEL1) [1]
Pruned:  0: (LOAD GOODS1 TRUCK1 MARKET1 LEVEL3 LEVEL4 LEVEL0 LEVEL1) [1]
Pruned:  0: (LOAD GOODS1 TRUCK1 MARKET1 LEVEL3 LEVEL4 LEVEL0 LEVEL1) [1]
Pruned:  0: (LOAD GOODS1 TRUCK1 MARKET1 LEVEL3 LEVEL4 LEVEL0 LEVEL1) [1]
Pruned:  0: (LOAD GOODS1 TRUCK1 MARKET1 LEVEL3 LEVEL4 LEVEL0 LEVEL1) [1]
Pruned:  0: (LOAD GOODS1 TRUCK1 MARKET1 LEVEL3 LEVEL4 LEVEL0 LEVEL1) [1]
Pruned:  0: (LOAD GOODS1 TRUCK1 MARKET1 LEVEL3 LEVEL4 LEVEL0 LEVEL1) [1]
Pruned:  0: (LOAD GOODS1 TRUCK1 MARKET1 LEVEL3 LEVEL4 LEVEL0 LEVEL1) [1]
Pruned:  0: (LOAD GOODS1 TRUCK1 MARKET1 LEVEL3 LEVEL4 LEVEL0 LEVEL1) [1]
Pruned:  0: (LOAD GOODS1 TRUCK1 MARKET1 LEVEL3 LEVEL4 LEVEL0 LEVEL1) [1]
Pruned:  0: (LOAD GOODS1 TRUCK1 MARKET1 LEVEL3 LEVEL4 LEVEL0 LEVEL1) [1]
Pruned:  0: (LOAD GOODS1 TRUCK1 MARKET1 LEVEL3 LEVEL4 LEVEL0 LEVEL1) [1]
Pruned:  0: (LOAD GOODS1 TRUCK1 MARKET1 LEVEL3 LEVEL4 LEVEL0 LEVEL1) [1]
Pruned:  0: (LOAD GOODS1 TRUCK1 MARKET1 LEVEL3 LEVEL4 LEVEL0 LEVEL1) [1]
Pruned:  0: (LOAD GOODS1 TRUCK1 MARKET1 LEVEL3 LEVEL4 LEVEL0 LEVEL1) [1]
Pruned:  0: (LOAD GOODS1 TRUCK1 MARKET1 LEVEL3 LEVEL4 LEVEL0 LEVEL1) [1]
Pruned:  0: (LOAD GOODS1 TRUCK1 MARKET1 LEVEL3 LEVEL4 LEVEL0 LEVEL1) [1]
Pruned:  0: (LOAD GOODS1 TRUCK1 MARKET1 LEVEL3 LEVEL4 LEVEL0 LEVEL1) [1]
Pruned:  0: (LOAD GOODS1 TRUCK1 MARKET1 LEVEL3 LEVEL4 LEVEL0 LEVEL1) [1]
Pruned:  0: (LOAD GOODS1 TRUCK1 MARKET1 LEVEL3 LEVEL4 LEVEL0 LEVEL1) [1]
Pruned:  0: (LOAD GOODS1 TRUCK1 MARKET1 LEVEL3 LEVEL4 LEVEL0 LEVEL1) [1]
Pruned:  0: (LOAD GOODS1 TRUCK1 MARKET1 LEVEL3 LEVEL4 LEVEL0 LEVEL1) [1]
Pruned:  0: (LOAD GOODS1 TRUCK1 MARKET1 LEVEL3 LEVEL4 LEVEL0 LEVEL1) [1]
Pruned:  0: (LOAD GOODS1 TRUCK1 MARKET1 LEVEL3 LEVEL4 LEVEL0 LEVEL1) [1]
Pruned:  0: (LOAD GOODS1 TRUCK1 MARKET1 LEVEL3 LEVEL4 LEVEL0 LEVEL1) [1]
Pruned:  0: (LOAD GOODS1 TRUCK1 MARKET1 LEVEL3 LEVEL4 LEVEL0 LEVEL1) [1]
Pruned:  0: (LOAD GOODS1 TRUCK1 MARKET1 LEVEL3 LEVEL4 LEVEL0 LEVEL1) [1]
Pruned:  0: (LOAD GOODS1 TRUCK1 MARKET1 LEVEL3 LEVEL4 LEVEL0 LEVEL1) [1]
Pruned:  0: (LOAD GOODS1 TRUCK1 MARKET1 LEVEL3 LEVEL4 LEVEL0 LEVEL1) [1]
Pruned:  0: (LOAD GOODS1 TRUCK1 MARKET1 LEVEL3 LEVEL4 LEVEL0 LEVEL1) [1]
Pruned:  0: (LOAD GOODS1 TRUCK1 MARKET1 LEVEL3 LEVEL4 LEVEL0 LEVEL1) [1]
Pruned:  0: (LOAD GOODS1 TRUCK1 MARKET1 LEVEL3 LEVEL4 LEVEL0 LEVEL1) [1]
Pruned:  0: (LOAD GOODS1 TRUCK1 MARKET1 LEVEL3 LEVEL4 LEVEL0 LEVEL1) [1]
Pruned:  0: (LOAD GOODS1 TRUCK1 MARKET1 LEVEL3 LEVEL4 LEVEL0 LEVEL1) [1]
Pruned:  0: (LOAD GOODS1 TRUCK1 MARKET1 LEVEL3 LEVEL4 LEVEL0 LEVEL1) [1]
Pruned:  0: (LOAD GOODS1 TRUCK1 MARKET1 LEVEL3 LEVEL4 LEVEL0 LEVEL1) [1]
Pruned:  0: (LOAD GOODS1 TRUCK1 MARKET1 LEVEL3 LEVEL4 LEVEL0 LEVEL1) [1]
Pruned:  0: (LOAD GOODS1 TRUCK1 MARKET1 LEVEL3 LEVEL4 LEVEL0 LEVEL1) [1]
Pruned:  0: (LOAD GOODS1 TRUCK1 MARKET1 LEVEL3 LEVEL4 LEVEL0 LEVEL1) [1]
Pruned:  0: (LOAD GOODS1 TRUCK1 MARKET1 LEVEL3 LEVEL4 LEVEL0 LEVEL1) [1]
Pruned:  0: (LOAD GOODS1 TRUCK1 MARKET1 LEVEL3 LEVEL4 LEVEL0 LEVEL1) [1]
Pruned:  0: (LOAD GOODS1 TRUCK1 MARKET1 LEVEL3 LEVEL4 LEVEL0 LEVEL1) [1]
Pruned:  0: (LOAD GOODS1 TRUCK1 MARKET1 LEVEL3 LEVEL4 LEVEL0 LEVEL1) [1]
Pruned:  0: (LOAD GOODS1 TRUCK1 MARKET1 LEVEL3 LEVEL4 LEVEL0 LEVEL1) [1]
Pruned:  0: (LOAD GOODS1 TRUCK1 MARKET1 LEVEL3 LEVEL4 LEVEL0 LEVEL1) [1]
Pruned:  0: (LOAD GOODS1 TRUCK1 MARKET1 LEVEL3 LEVEL4 LEVEL0 LEVEL1) [1]
Pruned:  0: (LOAD GOODS1 TRUCK1 MARKET1 LEVEL3 LEVEL4 LEVEL0 LEVEL1) [1]
Pruned:  0: (LOAD GOODS1 TRUCK1 MARKET1 LEVEL3 LEVEL4 LEVEL0 LEVEL1) [1]
Pruned:  0: (LOAD GOODS1 TRUCK1 MARKET1 LEVEL3 LEVEL4 LEVEL0 LEVEL1) [1]
Pruned:  0: (LOAD GOODS1 TRUCK1 MARKET1 LEVEL3 LEVEL4 LEVEL0 LEVEL1) [1]
Pruned:  0: (LOAD GOODS1 TRUCK1 MARKET1 LEVEL3 LEVEL4 LEVEL0 LEVEL1) [1]
Pruned:  0: (LOAD GOODS1 TRUCK1 MARKET1 LEVEL3 LEVEL4 LEVEL0 LEVEL1) [1]
Pruned:  0: (LOAD GOODS1 TRUCK1 MARKET1 LEVEL3 LEVEL4 LEVEL0 LEVEL1) [1]
Pruned:  0: (LOAD GOODS1 TRUCK1 MARKET1 LEVEL3 LEVEL4 LEVEL0 LEVEL1) [1]
Pruned:  0: (LOAD GOODS1 TRUCK1 MARKET1 LEVEL3 LEVEL4 LEVEL0 LEVEL1) [1]
Pruned:  0: (LOAD GOODS1 TRUCK1 MARKET1 LEVEL3 LEVEL4 LEVEL0 LEVEL1) [1]
Pruned:  0: (LOAD GOODS1 TRUCK1 MARKET1 LEVEL3 LEVEL4 LEVEL0 LEVEL1) [1]
Pruned:  0: (LOAD GOODS1 TRUCK1 MARKET1 LEVEL3 LEVEL4 LEVEL0 LEVEL1) [1]
Pruned:  0: (LOAD GOODS1 TRUCK1 MARKET1 LEVEL3 LEVEL4 LEVEL0 LEVEL1) [1]
Pruned:  0: (LOAD GOODS1 TRUCK1 MARKET1 LEVEL3 LEVEL4 LEVEL0 LEVEL1) [1]
Pruned:  0: (LOAD GOODS1 TRUCK1 MARKET1 LEVEL3 LEVEL4 LEVEL0 LEVEL1) [1]
Pruned:  0: (LOAD GOODS1 TRUCK1 MARKET1 LEVEL3 LEVEL4 LEVEL0 LEVEL1) [1]
Pruned:  0: (LOAD GOODS1 TRUCK1 MARKET1 LEVEL3 LEVEL4 LEVEL0 LEVEL1) [1]
Pruned:  0: (LOAD GOODS1 TRUCK1 MARKET1 LEVEL3 LEVEL4 LEVEL0 LEVEL1) [1]
Pruned:  0: (LOAD GOODS1 TRUCK1 MARKET1 LEVEL3 LEVEL4 LEVEL0 LEVEL1) [1]
Pruned:  0: (LOAD GOODS1 TRUCK1 MARKET1 LEVEL3 LEVEL4 LEVEL0 LEVEL1) [1]
Pruned:  0: (LOAD GOODS1 TRUCK1 MARKET1 LEVEL3 LEVEL4 LEVEL0 LEVEL1) [1]
Pruned:  0: (LOAD GOODS1 TRUCK1 MARKET1 LEVEL3 LEVEL4 LEVEL0 LEVEL1) [1]
Pruned:  0: (LOAD GOODS1 TRUCK1 MARKET1 LEVEL3 LEVEL4 LEVEL0 LEVEL1) [1]
Pruned:  0: (LOAD GOODS1 TRUCK1 MARKET1 LEVEL3 LEVEL4 LEVEL0 LEVEL1) [1]
Pruned:  0: (LOAD GOODS1 TRUCK1 MARKET1 LEVEL3 LEVEL4 LEVEL0 LEVEL1) [1]
Pruned:  0: (LOAD GOODS1 TRUCK1 MARKET1 LEVEL3 LEVEL4 LEVEL0 LEVEL1) [1]
Pruned:  0: (LOAD GOODS1 TRUCK1 MARKET1 LEVEL3 LEVEL4 LEVEL0 LEVEL1) [1]
Pruned:  0: (LOAD GOODS1 TRUCK1 MARKET1 LEVEL3 LEVEL4 LEVEL0 LEVEL1) [1]
Pruned:  0: (LOAD GOODS1 TRUCK1 MARKET1 LEVEL3 LEVEL4 LEVEL0 LEVEL1) [1]
Pruned:  0: (LOAD GOODS1 TRUCK1 MARKET1 LEVEL3 LEVEL4 LEVEL0 LEVEL1) [1]
Pruned:  0: (LOAD GOODS1 TRUCK1 MARKET1 LEVEL3 LEVEL4 LEVEL0 LEVEL1) [1]
Pruned:  0: (LOAD GOODS1 TRUCK1 MARKET1 LEVEL3 LEVEL4 LEVEL0 LEVEL1) [1]
Pruned:  0: (LOAD GOODS1 TRUCK1 MARKET1 LEVEL3 LEVEL4 LEVEL0 LEVEL1) [1]
Pruned:  0: (LOAD GOODS1 TRUCK1 MARKET1 LEVEL3 LEVEL4 LEVEL0 LEVEL1) [1]
Pruned:  0: (LOAD GOODS1 TRUCK1 MARKET1 LEVEL3 LEVEL4 LEVEL0 LEVEL1) [1]
Pruned:  0: (LOAD GOODS1 TRUCK1 MARKET1 LEVEL3 LEVEL4 LEVEL0 LEVEL1) [1]
Pruned:  0: (LOAD GOODS1 TRUCK1 MARKET1 LEVEL3 LEVEL4 LEVEL0 LEVEL1) [1]
Pruned:  0: (LOAD GOODS1 TRUCK1 MARKET1 LEVEL3 LEVEL4 LEVEL0 LEVEL1) [1]
Pruned:  0: (LOAD GOODS1 TRUCK1 MARKET1 LEVEL3 LEVEL4 LEVEL0 LEVEL1) [1]
Pruned:  0: (LOAD GOODS1 TRUCK1 MARKET1 LEVEL3 LEVEL4 LEVEL0 LEVEL1) [1]
Pruned:  0: (LOAD GOODS1 TRUCK1 MARKET1 LEVEL3 LEVEL4 LEVEL0 LEVEL1) [1]
Pruned:  0: (LOAD GOODS1 TRUCK1 MARKET1 LEVEL3 LEVEL4 LEVEL0 LEVEL1) [1]
Pruned:  0: (LOAD GOODS1 TRUCK1 MARKET1 LEVEL3 LEVEL4 LEVEL0 LEVEL1) [1]
Pruned:  0: (LOAD GOODS1 TRUCK1 MARKET1 LEVEL3 LEVEL4 LEVEL0 LEVEL1) [1]
Pruned:  0: (LOAD GOODS1 TRUCK1 MARKET1 LEVEL3 LEVEL4 LEVEL0 LEVEL1) [1]
Pruned:  0: (LOAD GOODS1 TRUCK1 MARKET1 LEVEL3 LEVEL4 LEVEL0 LEVEL1) [1]
Pruned:  0: (LOAD GOODS1 TRUCK1 MARKET1 LEVEL3 LEVEL4 LEVEL0 LEVEL1) [1]
Pruned:  0: (LOAD GOODS1 TRUCK1 MARKET1 LEVEL3 LEVEL4 LEVEL0 LEVEL1) [1]
Pruned:  0: (LOAD GOODS1 TRUCK1 MARKET1 LEVEL3 LEVEL4 LEVEL0 LEVEL1) [1]
Pruned:  0: (LOAD GOODS1 TRUCK1 MARKET1 LEVEL3 LEVEL4 LEVEL0 LEVEL1) [1]
Pruned:  0: (LOAD GOODS1 TRUCK1 MARKET1 LEVEL3 LEVEL4 LEVEL0 LEVEL1) [1]
Pruned:  0: (LOAD GOODS1 TRUCK1 MARKET1 LEVEL3 LEVEL4 LEVEL0 LEVEL1) [1]
Pruned:  0: (LOAD GOODS1 TRUCK1 MARKET1 LEVEL3 LEVEL4 LEVEL0 LEVEL1) [1]
Pruned:  0: (LOAD GOODS1 TRUCK1 MARKET1 LEVEL3 LEVEL4 LEVEL0 LEVEL1) [1]
Pruned:  0: (LOAD GOODS1 TRUCK1 MARKET1 LEVEL3 LEVEL4 LEVEL0 LEVEL1) [1]
Pruned:  0: (LOAD GOODS1 TRUCK1 MARKET1 LEVEL3 LEVEL4 LEVEL0 LEVEL1) [1]
Pruned:  0: (LOAD GOODS1 TRUCK1 MARKET1 LEVEL3 LEVEL4 LEVEL0 LEVEL1) [1]
Pruned:  0: (LOAD GOODS1 TRUCK1 MARKET1 LEVEL3 LEVEL4 LEVEL0 LEVEL1) [1]
Pruned:  0: (LOAD GOODS1 TRUCK1 MARKET1 LEVEL3 LEVEL4 LEVEL0 LEVEL1) [1]
Pruned:  0: (LOAD GOODS1 TRUCK1 MARKET1 LEVEL3 LEVEL4 LEVEL0 LEVEL1) [1]
Pruned:  0: (LOAD GOODS1 TRUCK1 MARKET1 LEVEL3 LEVEL4 LEVEL0 LEVEL1) [1]
Pruned:  0: (LOAD GOODS1 TRUCK1 MARKET1 LEVEL3 LEVEL4 LEVEL0 LEVEL1) [1]
Pruned:  0: (LOAD GOODS1 TRUCK1 MARKET1 LEVEL3 LEVEL4 LEVEL0 LEVEL1) [1]
Pruned:  0: (LOAD GOODS1 TRUCK1 MARKET1 LEVEL3 LEVEL4 LEVEL0 LEVEL1) [1]
Pruned:  0: (LOAD GOODS1 TRUCK1 MARKET1 LEVEL3 LEVEL4 LEVEL0 LEVEL1) [1]
Pruned:  0: (LOAD GOODS1 TRUCK1 MARKET1 LEVEL3 LEVEL4 LEVEL0 LEVEL1) [1]
Pruned:  0: (LOAD GOODS1 TRUCK1 MARKET1 LEVEL3 LEVEL4 LEVEL0 LEVEL1) [1]
Pruned:  0: (LOAD GOODS1 TRUCK1 MARKET1 LEVEL3 LEVEL4 LEVEL0 LEVEL1) [1]
Pruned:  0: (LOAD GOODS1 TRUCK1 MARKET1 LEVEL3 LEVEL4 LEVEL0 LEVEL1) [1]
Pruned:  0: (LOAD GOODS1 TRUCK1 MARKET1 LEVEL3 LEVEL4 LEVEL0 LEVEL1) [1]
Pruned:  0: (LOAD GOODS1 TRUCK1 MARKET1 LEVEL3 LEVEL4 LEVEL0 LEVEL1) [1]
Pruned:  0: (LOAD GOODS1 TRUCK1 MARKET1 LEVEL3 LEVEL4 LEVEL0 LEVEL1) [1]
Pruned:  0: (LOAD GOODS1 TRUCK1 MARKET1 LEVEL3 LEVEL4 LEVEL0 LEVEL1) [1]
Pruned:  0: (LOAD GOODS1 TRUCK1 MARKET1 LEVEL3 LEVEL4 LEVEL0 LEVEL1) [1]
Pruned:  0: (LOAD GOODS1 TRUCK1 MARKET1 LEVEL3 LEVEL4 LEVEL0 LEVEL1) [1]
Pruned:  0: (LOAD GOODS1 TRUCK1 MARKET1 LEVEL3 LEVEL4 LEVEL0 LEVEL1) [1]
Pruned:  0: (LOAD GOODS1 TRUCK1 MARKET1 LEVEL3 LEVEL4 LEVEL0 LEVEL1) [1]
Pruned:  0: (LOAD GOODS1 TRUCK1 MARKET1 LEVEL3 LEVEL4 LEVEL0 LEVEL1) [1]
Pruned:  0: (LOAD GOODS1 TRUCK1 MARKET1 LEVEL3 LEVEL4 LEVEL0 LEVEL1) [1]
Pruned:  0: (LOAD GOODS1 TRUCK1 MARKET1 LEVEL3 LEVEL4 LEVEL0 LEVEL1) [1]
Pruned:  0: (LOAD GOODS1 TRUCK1 MARKET1 LEVEL3 LEVEL4 LEVEL0 LEVEL1) [1]
Pruned:  0: (LOAD GOODS1 TRUCK1 MARKET1 LEVEL3 LEVEL4 LEVEL0 LEVEL1) [1]
Pruned:  0: (LOAD GOODS1 TRUCK1 MARKET1 LEVEL3 LEVEL4 LEVEL0 LEVEL1) [1]
Pruned:  0: (LOAD GOODS1 TRUCK1 MARKET1 LEVEL3 LEVEL4 LEVEL0 LEVEL1) [1]
Pruned:  0: (LOAD GOODS1 TRUCK1 MARKET1 LEVEL3 LEVEL4 LEVEL0 LEVEL1) [1]
Pruned:  0: (LOAD GOODS1 TRUCK1 MARKET1 LEVEL3 LEVEL4 LEVEL0 LEVEL1) [1]
Pruned:  0: (LOAD GOODS1 TRUCK1 MARKET1 LEVEL3 LEVEL4 LEVEL0 LEVEL1) [1]
Pruned:  0: (LOAD GOODS1 TRUCK1 MARKET1 LEVEL3 LEVEL4 LEVEL0 LEVEL1) [1]
Pruned:  0: (LOAD GOODS1 TRUCK1 MARKET1 LEVEL3 LEVEL4 LEVEL0 LEVEL1) [1]
Pruned:  0: (LOAD GOODS1 TRUCK1 MARKET1 LEVEL3 LEVEL4 LEVEL0 LEVEL1) [1]
Pruned:  0: (LOAD GOODS1 TRUCK1 MARKET1 LEVEL3 LEVEL4 LEVEL0 LEVEL1) [1]
Pruned:  0: (LOAD GOODS1 TRUCK1 MARKET1 LEVEL3 LEVEL4 LEVEL0 LEVEL1) [1]
Pruned:  0: (LOAD GOODS1 TRUCK1 MARKET1 LEVEL3 LEVEL4 LEVEL0 LEVEL1) [1]
Pruned:  0: (LOAD GOODS1 TRUCK1 MARKET1 LEVEL3 LEVEL4 LEVEL0 LEVEL1) [1]
Pruned:  0: (LOAD GOODS1 TRUCK1 MARKET1 LEVEL3 LEVEL4 LEVEL0 LEVEL1) [1]
Pruned:  0: (LOAD GOODS1 TRUCK1 MARKET1 LEVEL3 LEVEL4 LEVEL0 LEVEL1) [1]
Pruned:  0: (LOAD GOODS1 TRUCK1 MARKET1 LEVEL3 LEVEL4 LEVEL0 LEVEL1) [1]
Pruned:  0: (LOAD GOODS1 TRUCK1 MARKET1 LEVEL3 LEVEL4 LEVEL0 LEVEL1) [1]
Pruned:  0: (LOAD GOODS1 TRUCK1 MARKET1 LEVEL3 LEVEL4 LEVEL0 LEVEL1) [1]
Pruned:  0: (LOAD GOODS1 TRUCK1 MARKET1 LEVEL3 LEVEL4 LEVEL0 LEVEL1) [1]
Pruned:  0: (LOAD GOODS1 TRUCK1 MARKET1 LEVEL3 LEVEL4 LEVEL0 LEVEL1) [1]
Pruned:  0: (LOAD GOODS1 TRUCK1 MARKET1 LEVEL3 LEVEL4 LEVEL0 LEVEL1) [1]
Pruned:  0: (LOAD GOODS1 TRUCK1 MARKET1 LEVEL3 LEVEL4 LEVEL0 LEVEL1) [1]
Pruned:  0: (LOAD GOODS1 TRUCK1 MARKET1 LEVEL3 LEVEL4 LEVEL0 LEVEL1) [1]
Pruned:  0: (LOAD GOODS1 TRUCK1 MARKET1 LEVEL3 LEVEL4 LEVEL0 LEVEL1) [1]
Pruned:  0: (LOAD GOODS1 TRUCK1 MARKET1 LEVEL3 LEVEL4 LEVEL0 LEVEL1) [1]
Pruned:  0: (LOAD GOODS1 TRUCK1 MARKET1 LEVEL3 LEVEL4 LEVEL0 LEVEL1) [1]
Pruned:  0: (LOAD GOODS1 TRUCK1 MARKET1 LEVEL3 LEVEL4 LEVEL0 LEVEL1) [1]
Pruned:  0: (LOAD GOODS1 TRUCK1 MARKET1 LEVEL3 LEVEL4 LEVEL0 LEVEL1) [1]
Pruned:  0: (LOAD GOODS1 TRUCK1 MARKET1 LEVEL3 LEVEL4 LEVEL0 LEVEL1) [1]
Pruned:  0: (LOAD GOODS1 TRUCK1 MARKET1 LEVEL3 LEVEL4 LEVEL0 LEVEL1) [1]
Pruned:  0: (LOAD GOODS1 TRUCK1 MARKET1 LEVEL3 LEVEL4 LEVEL0 LEVEL1) [1]
Pruned:  0: (LOAD GOODS1 TRUCK1 MARKET1 LEVEL3 LEVEL4 LEVEL0 LEVEL1) [1]
Pruned:  0: (LOAD GOODS1 TRUCK1 MARKET1 LEVEL3 LEVEL4 LEVEL0 LEVEL1) [1]
Pruned:  0: (LOAD GOODS1 TRUCK1 MARKET1 LEVEL3 LEVEL4 LEVEL0 LEVEL1) [1]
Pruned:  0: (LOAD GOODS1 TRUCK1 MARKET1 LEVEL3 LEVEL4 LEVEL0 LEVEL1) [1]
Pruned:  0: (LOAD GOODS1 TRUCK1 MARKET1 LEVEL3 LEVEL4 LEVEL0 LEVEL1) [1]
Pruned:  0: (LOAD GOODS1 TRUCK1 MARKET1 LEVEL3 LEVEL4 LEVEL0 LEVEL1) [1]
Pruned:  0: (LOAD GOODS1 TRUCK1 MARKET1 LEVEL3 LEVEL4 LEVEL0 LEVEL1) [1]
Pruned:  0: (LOAD GOODS1 TRUCK1 MARKET1 LEVEL3 LEVEL4 LEVEL0 LEVEL1) [1]
Pruned:  0: (LOAD GOODS1 TRUCK1 MARKET1 LEVEL3 LEVEL4 LEVEL0 LEVEL1) [1]
Pruned:  0: (LOAD GOODS1 TRUCK1 MARKET1 LEVEL3 LEVEL4 LEVEL0 LEVEL1) [1]
Pruned:  0: (LOAD GOODS1 TRUCK1 MARKET1 LEVEL3 LEVEL4 LEVEL0 LEVEL1) [1]
Pruned:  0: (LOAD GOODS1 TRUCK1 MARKET1 LEVEL3 LEVEL4 LEVEL0 LEVEL1) [1]
Pruned:  0: (LOAD GOODS1 TRUCK1 MARKET1 LEVEL3 LEVEL4 LEVEL0 LEVEL1) [1]
Pruned:  0: (LOAD GOODS1 TRUCK1 MARKET1 LEVEL3 LEVEL4 LEVEL0 LEVEL1) [1]
Pruned:  0: (LOAD GOODS1 TRUCK1 MARKET1 LEVEL3 LEVEL4 LEVEL0 LEVEL1) [1]
Pruned:  0: (LOAD GOODS1 TRUCK1 MARKET1 LEVEL3 LEVEL4 LEVEL0 LEVEL1) [1]
Pruned:  0: (LOAD GOODS1 TRUCK1 MARKET1 LEVEL3 LEVEL4 LEVEL0 LEVEL1) [1]
Pruned:  0: (LOAD GOODS1 TRUCK1 MARKET1 LEVEL3 LEVEL4 LEVEL0 LEVEL1) [1]
Pruned:  0: (LOAD GOODS1 TRUCK1 MARKET1 LEVEL3 LEVEL4 LEVEL0 LEVEL1) [1]
Pruned:  0: (LOAD GOODS1 TRUCK1 MARKET1 LEVEL3 LEVEL4 LEVEL0 LEVEL1) [1]
Pruned:  0: (LOAD GOODS1 TRUCK1 MARKET1 LEVEL3 LEVEL4 LEVEL0 LEVEL1) [1]
Pruned:  0: (LOAD GOODS1 TRUCK1 MARKET1 LEVEL3 LEVEL4 LEVEL0 LEVEL1) [1]
Pruned:  0: (LOAD GOODS1 TRUCK1 MARKET1 LEVEL3 LEVEL4 LEVEL0 LEVEL1) [1]
Pruned:  0: (LOAD GOODS1 TRUCK1 MARKET1 LEVEL3 LEVEL4 LEVEL0 LEVEL1) [1]
Pruned:  0: (LOAD GOODS1 TRUCK1 MARKET1 LEVEL3 LEVEL4 LEVEL0 LEVEL1) [1]
Pruned:  0: (LOAD GOODS1 TRUCK1 MARKET1 LEVEL3 LEVEL4 LEVEL0 LEVEL1) [1]
Pruned:  0: (LOAD GOODS1 TRUCK1 MARKET1 LEVEL3 LEVEL4 LEVEL0 LEVEL1) [1]
Pruned:  0: (LOAD GOODS1 TRUCK1 MARKET1 LEVEL3 LEVEL4 LEVEL0 LEVEL1) [1]
Pruned:  0: (LOAD GOODS1 TRUCK1 MARKET1 LEVEL3 LEVEL4 LEVEL0 LEVEL1) [1]
Pruned:  0: (LOAD GOODS1 TRUCK1 MARKET1 LEVEL3 LEVEL4 LEVEL0 LEVEL1) [1]
Pruned:  0: (LOAD GOODS1 TRUCK1 MARKET1 LEVEL3 LEVEL4 LEVEL0 LEVEL1) [1]
Pruned:  0: (LOAD GOODS1 TRUCK1 MARKET1 LEVEL3 LEVEL4 LEVEL0 LEVEL1) [1]
Pruned:  0: (LOAD GOODS1 TRUCK1 MARKET1 LEVEL3 LEVEL4 LEVEL0 LEVEL1) [1]
Pruned:  0: (LOAD GOODS1 TRUCK1 MARKET1 LEVEL3 LEVEL4 LEVEL0 LEVEL1) [1]
Pruned:  0: (LOAD GOODS1 TRUCK1 MARKET1 LEVEL3 LEVEL4 LEVEL0 LEVEL1) [1]
Pruned:  0: (LOAD GOODS1 TRUCK1 MARKET1 LEVEL3 LEVEL4 LEVEL0 LEVEL1) [1]
Pruned:  0: (LOAD GOODS1 TRUCK1 MARKET1 LEVEL3 LEVEL4 LEVEL0 LEVEL1) [1]
Pruned:  0: (LOAD GOODS1 TRUCK1 MARKET1 LEVEL3 LEVEL4 LEVEL0 LEVEL1) [1]
Pruned:  0: (LOAD GOODS1 TRUCK1 MARKET1 LEVEL3 LEVEL4 LEVEL0 LEVEL1) [1]
Pruned:  0: (LOAD GOODS1 TRUCK1 MARKET1 LEVEL3 LEVEL4 LEVEL0 LEVEL1) [1]
Pruned:  0: (LOAD GOODS1 TRUCK1 MARKET1 LEVEL3 LEVEL4 LEVEL0 LEVEL1) [1]
Pruned:  0: (LOAD GOODS1 TRUCK1 MARKET1 LEVEL3 LEVEL4 LEVEL0 LEVEL1) [1]
Pruned:  0: (LOAD GOODS1 TRUCK1 MARKET1 LEVEL3 LEVEL4 LEVEL0 LEVEL1) [1]
Pruned:  0: (LOAD GOODS1 TRUCK1 MARKET1 LEVEL3 LEVEL4 LEVEL0 LEVEL1) [1]
Pruned:  0: (LOAD GOODS1 TRUCK1 MARKET1 LEVEL3 LEVEL4 LEVEL0 LEVEL1) [1]
Pruned:  0: (LOAD GOODS1 TRUCK1 MARKET1 LEVEL3 LEVEL4 LEVEL0 LEVEL1) [1]
Pruned:  0: (LOAD GOODS1 TRUCK1 MARKET1 LEVEL3 LEVEL4 LEVEL0 LEVEL1) [1]
Pruned:  0: (LOAD GOODS1 TRUCK1 MARKET1 LEVEL3 LEVEL4 LEVEL0 LEVEL1) [1]
Pruned:  0: (LOAD GOODS1 TRUCK1 MARKET1 LEVEL3 LEVEL4 LEVEL0 LEVEL1) [1]
Pruned:  0: (LOAD GOODS1 TRUCK1 MARKET1 LEVEL3 LEVEL4 LEVEL0 LEVEL1) [1]
Pruned:  0: (LOAD GOODS1 TRUCK1 MARKET1 LEVEL3 LEVEL4 LEVEL0 LEVEL1) [1]
Pruned:  0: (LOAD GOODS1 TRUCK1 MARKET1 LEVEL3 LEVEL4 LEVEL0 LEVEL1) [1]
Pruned:  0: (LOAD GOODS1 TRUCK1 MARKET1 LEVEL3 LEVEL4 LEVEL0 LEVEL1) [1]
Pruned:  0: (LOAD GOODS1 TRUCK1 MARKET1 LEVEL3 LEVEL4 LEVEL0 LEVEL1) [1]
Pruned:  0: (LOAD GOODS1 TRUCK1 MARKET1 LEVEL3 LEVEL4 LEVEL0 LEVEL1) [1]
Pruned:  0: (LOAD GOODS1 TRUCK1 MARKET1 LEVEL3 LEVEL4 LEVEL0 LEVEL1) [1]
Pruned:  0: (LOAD GOODS1 TRUCK1 MARKET1 LEVEL3 LEVEL4 LEVEL0 LEVEL1) [1]
Pruned:  0: (LOAD GOODS1 TRUCK1 MARKET1 LEVEL3 LEVEL4 LEVEL0 LEVEL1) [1]
Pruned:  0: (LOAD GOODS1 TRUCK1 MARKET1 LEVEL3 LEVEL4 LEVEL0 LEVEL1) [1]
Pruned:  0: (LOAD GOODS1 TRUCK1 MARKET1 LEVEL3 LEVEL4 LEVEL0 LEVEL1) [1]
Pruned:  0: (LOAD GOODS1 TRUCK1 MARKET1 LEVEL3 LEVEL4 LEVEL0 LEVEL1) [1]
Pruned:  0: (LOAD GOODS1 TRUCK1 MARKET1 LEVEL3 LEVEL4 LEVEL0 LEVEL1) [1]
Pruned:  0: (LOAD GOODS1 TRUCK1 MARKET1 LEVEL3 LEVEL4 LEVEL0 LEVEL1) [1]
Pruned:  0: (LOAD GOODS1 TRUCK1 MARKET1 LEVEL3 LEVEL4 LEVEL0 LEVEL1) [1]
Pruned:  0: (LOAD GOODS1 TRUCK1 MARKET1 LEVEL3 LEVEL4 LEVEL0 LEVEL1) [1]
Pruned:  0: (LOAD GOODS1 TRUCK1 MARKET1 LEVEL3 LEVEL4 LEVEL0 LEVEL1) [1]
Pruned:  0: (LOAD GOODS1 TRUCK1 MARKET1 LEVEL3 LEVEL4 LEVEL0 LEVEL1) [1]
Pruned:  0: (LOAD GOODS1 TRUCK1 MARKET1 LEVEL3 LEVEL4 LEVEL0 LEVEL1) [1]
Pruned:  0: (LOAD GOODS1 TRUCK1 MARKET1 LEVEL3 LEVEL4 LEVEL0 LEVEL1) [1]
Pruned:  0: (LOAD GOODS1 TRUCK1 MARKET1 LEVEL3 LEVEL4 LEVEL0 LEVEL1) [1]
Pruned:  0: (LOAD GOODS1 TRUCK1 MARKET1 LEVEL3 LEVEL4 LEVEL0 LEVEL1) [1]
Pruned:  0: (LOAD GOODS1 TRUCK1 MARKET1 LEVEL3 LEVEL4 LEVEL0 LEVEL1) [1]
Pruned:  0: (LOAD GOODS1 TRUCK1 MARKET1 LEVEL3 LEVEL4 LEVEL0 LEVEL1) [1]
Pruned:  0: (LOAD GOODS1 TRUCK1 MARKET1 LEVEL3 LEVEL4 LEVEL0 LEVEL1) [1]
Pruned:  0: (LOAD GOODS1 TRUCK1 MARKET1 LEVEL3 LEVEL4 LEVEL0 LEVEL1) [1]
Pruned:  0: (LOAD GOODS1 TRUCK1 MARKET1 LEVEL3 LEVEL4 LEVEL0 LEVEL1) [1]
Pruned:  0: (LOAD GOODS1 TRUCK1 MARKET1 LEVEL3 LEVEL4 LEVEL0 LEVEL1) [1]
Pruned:  0: (LOAD GOODS1 TRUCK1 MARKET1 LEVEL3 LEVEL4 LEVEL0 LEVEL1) [1]
Pruned:  0: (LOAD GOODS1 TRUCK1 MARKET1 LEVEL3 LEVEL4 LEVEL0 LEVEL1) [1]
Pruned:  0: (LOAD GOODS1 TRUCK1 MARKET1 LEVEL3 LEVEL4 LEVEL0 LEVEL1) [1]
Pruned:  0: (LOAD GOODS1 TRUCK1 MARKET1 LEVEL3 LEVEL4 LEVEL0 LEVEL1) [1]
Pruned:  0: (LOAD GOODS1 TRUCK1 MARKET1 LEVEL3 LEVEL4 LEVEL0 LEVEL1) [1]
Pruned:  0: (LOAD GOODS1 TRUCK1 MARKET1 LEVEL3 LEVEL4 LEVEL0 LEVEL1) [1]
Pruned:  0: (LOAD GOODS1 TRUCK1 MARKET1 LEVEL3 LEVEL4 LEVEL0 LEVEL1) [1]
Pruned:  0: (LOAD GOODS1 TRUCK1 MARKET1 LEVEL3 LEVEL4 LEVEL0 LEVEL1) [1]
Pruned:  0: (LOAD GOODS1 TRUCK1 MARKET1 LEVEL3 LEVEL4 LEVEL0 LEVEL1) [1]
Pruned:  0: (LOAD GOODS1 TRUCK1 MARKET1 LEVEL3 LEVEL4 LEVEL0 LEVEL1) [1]
Pruned:  0: (LOAD GOODS1 TRUCK1 MARKET1 LEVEL3 LEVEL4 LEVEL0 LEVEL1) [1]
Pruned:  0: (LOAD GOODS1 TRUCK1 MARKET1 LEVEL3 LEVEL4 LEVEL0 LEVEL1) [1]
Pruned:  0: (LOAD GOODS1 TRUCK1 MARKET1 LEVEL3 LEVEL4 LEVEL0 LEVEL1) [1]
Pruned:  0: (LOAD GOODS1 TRUCK1 MARKET1 LEVEL3 LEVEL4 LEVEL0 LEVEL1) [1]
Pruned:  0: (LOAD GOODS1 TRUCK1 MARKET1 LEVEL3 LEVEL4 LEVEL0 LEVEL1) [1]
Pruned:  0: (LOAD GOODS1 TRUCK1 MARKET1 LEVEL3 LEVEL4 LEVEL0 LEVEL1) [1]
Pruned:  0: (LOAD GOODS1 TRUCK1 MARKET1 LEVEL3 LEVEL4 LEVEL0 LEVEL1) [1]
Pruned:  0: (LOAD GOODS1 TRUCK1 MARKET1 LEVEL3 LEVEL4 LEVEL0 LEVEL1) [1]
Pruned:  0: (LOAD GOODS1 TRUCK1 MARKET1 LEVEL3 LEVEL4 LEVEL0 LEVEL1) [1]
Pruned:  0: (LOAD GOODS1 TRUCK1 MARKET1 LEVEL3 LEVEL4 LEVEL0 LEVEL1) [1]
Pruned:  0: (LOAD GOODS1 TRUCK1 MARKET1 LEVEL3 LEVEL4 LEVEL0 LEVEL1) [1]
Pruned:  0: (LOAD GOODS1 TRUCK1 MARKET1 LEVEL3 LEVEL4 LEVEL0 LEVEL1) [1]
Pruned:  0: (LOAD GOODS1 TRUCK1 MARKET1 LEVEL3 LEVEL4 LEVEL0 LEVEL1) [1]
Pruned:  0: (LOAD GOODS1 TRUCK1 MARKET1 LEVEL3 LEVEL4 LEVEL0 LEVEL1) [1]
Pruned:  0: (LOAD GOODS1 TRUCK1 MARKET1 LEVEL3 LEVEL4 LEVEL0 LEVEL1) [1]
Pruned:  0: (LOAD GOODS1 TRUCK1 MARKET1 LEVEL3 LEVEL4 LEVEL0 LEVEL1) [1]
Pruned:  0: (LOAD GOODS1 TRUCK1 MARKET1 LEVEL3 LEVEL4 LEVEL0 LEVEL1) [1]
Pruned:  0: (LOAD GOODS1 TRUCK1 MARKET1 LEVEL3 LEVEL4 LEVEL0 LEVEL1) [1]
Pruned:  0: (LOAD GOODS1 TRUCK1 MARKET1 LEVEL3 LEVEL4 LEVEL0 LEVEL1) [1]
Pruned:  0: (LOAD GOODS1 TRUCK1 MARKET1 LEVEL3 LEVEL4 LEVEL0 LEVEL1) [1]
Pruned:  0: (LOAD GOODS1 TRUCK1 MARKET1 LEVEL3 LEVEL4 LEVEL0 LEVEL1) [1]
Pruned:  0: (LOAD GOODS1 TRUCK1 MARKET1 LEVEL3 LEVEL4 LEVEL0 LEVEL1) [1]
Pruned:  0: (LOAD GOODS1 TRUCK1 MARKET1 LEVEL3 LEVEL4 LEVEL0 LEVEL1) [1]
Pruned:  0: (LOAD GOODS1 TRUCK1 MARKET1 LEVEL3 LEVEL4 LEVEL0 LEVEL1) [1]
Pruned:  0: (LOAD GOODS1 TRUCK1 MARKET1 LEVEL3 LEVEL4 LEVEL0 LEVEL1) [1]
Pruned:  0: (LOAD GOODS1 TRUCK1 MARKET1 LEVEL3 LEVEL4 LEVEL0 LEVEL1) [1]
Pruned:  0: (LOAD GOODS1 TRUCK1 MARKET1 LEVEL3 LEVEL4 LEVEL0 LEVEL1) [1]
Pruned:  0: (LOAD GOODS1 TRUCK1 MARKET1 LEVEL3 LEVEL4 LEVEL0 LEVEL1) [1]
Pruned:  0: (LOAD GOODS1 TRUCK1 MARKET1 LEVEL3 LEVEL4 LEVEL0 LEVEL1) [1]
Pruned:  0: (LOAD GOODS1 TRUCK1 MARKET1 LEVEL3 LEVEL4 LEVEL0 LEVEL1) [1]
Pruned:  0: (LOAD GOODS1 TRUCK1 MARKET1 LEVEL3 LEVEL4 LEVEL0 LEVEL1) [1]
Pruned:  0: (LOAD GOODS1 TRUCK1 MARKET1 LEVEL3 LEVEL4 LEVEL0 LEVEL1) [1]
Pruned:  0: (LOAD GOODS1 TRUCK1 MARKET1 LEVEL3 LEVEL4 LEVEL0 LEVEL1) [1]
Pruned:  0: (LOAD GOODS1 TRUCK1 MARKET1 LEVEL3 LEVEL4 LEVEL0 LEVEL1) [1]
Pruned:  0: (LOAD GOODS1 TRUCK1 MARKET1 LEVEL3 LEVEL4 LEVEL0 LEVEL1) [1]
Pruned:  0: (LOAD GOODS1 TRUCK1 MARKET1 LEVEL3 LEVEL4 LEVEL0 LEVEL1) [1]
Pruned:  0: (LOAD GOODS1 TRUCK1 MARKET1 LEVEL3 LEVEL4 LEVEL0 LEVEL1) [1]
Pruned:  0: (LOAD GOODS1 TRUCK1 MARKET1 LEVEL3 LEVEL4 LEVEL0 LEVEL1) [1]
Pruned:  0: (LOAD GOODS1 TRUCK1 MARKET1 LEVEL3 LEVEL4 LEVEL0 LEVEL1) [1]
Pruned:  0: (LOAD GOODS1 TRUCK1 MARKET1 LEVEL3 LEVEL4 LEVEL0 LEVEL1) [1]
Pruned:  0: (LOAD GOODS1 TRUCK1 MARKET1 LEVEL3 LEVEL4 LEVEL0 LEVEL1) [1]
Pruned:  0: (LOAD GOODS1 TRUCK1 MARKET1 LEVEL3 LEVEL4 LEVEL0 LEVEL1) [1]
Pruned:  0: (LOAD GOODS1 TRUCK1 MARKET1 LEVEL3 LEVEL4 LEVEL0 LEVEL1) [1]
Pruned:  0: (LOAD GOODS1 TRUCK1 MARKET1 LEVEL3 LEVEL4 LEVEL0 LEVEL1) [1]
Pruned:  0: (LOAD GOODS1 TRUCK1 MARKET1 LEVEL3 LEVEL4 LEVEL0 LEVEL1) [1]
Pruned:  0: (LOAD GOODS1 TRUCK1 MARKET1 LEVEL3 LEVEL4 LEVEL0 LEVEL1) [1]
Pruned:  0: (LOAD GOODS1 TRUCK1 MARKET1 LEVEL3 LEVEL4 LEVEL0 LEVEL1) [1]
Pruned:  0: (LOAD GOODS1 TRUCK1 MARKET1 LEVEL3 LEVEL4 LEVEL0 LEVEL1) [1]
Pruned:  0: (LOAD GOODS1 TRUCK1 MARKET1 LEVEL3 LEVEL4 LEVEL0 LEVEL1) [1]
Pruned:  0: (LOAD GOODS1 TRUCK1 MARKET1 LEVEL3 LEVEL4 LEVEL0 LEVEL1) [1]
Pruned:  0: (LOAD GOODS1 TRUCK1 MARKET1 LEVEL3 LEVEL4 LEVEL0 LEVEL1) [1]
Pruned:  0: (LOAD GOODS1 TRUCK1 MARKET1 LEVEL3 LEVEL4 LEVEL0 LEVEL1) [1]
Pruned:  0: (LOAD GOODS1 TRUCK1 MARKET1 LEVEL3 LEVEL4 LEVEL0 LEVEL1) [1]
Pruned:  0: (LOAD GOODS1 TRUCK1 MARKET1 LEVEL3 LEVEL4 LEVEL0 LEVEL1) [1]
Pruned:  0: (LOAD GOODS1 TRUCK1 MARKET1 LEVEL3 LEVEL4 LEVEL0 LEVEL1) [1]
Pruned:  0: (LOAD GOODS1 TRUCK1 MARKET1 LEVEL3 LEVEL4 LEVEL0 LEVEL1) [1]
Pruned:  0: (LOAD GOODS1 TRUCK1 MARKET1 LEVEL3 LEVEL4 LEVEL0 LEVEL1) [1]
Pruned:  0: (LOAD GOODS1 TRUCK1 MARKET1 LEVEL3 LEVEL4 LEVEL0 LEVEL1) [1]
Pruned:  0: (LOAD GOODS1 TRUCK1 MARKET1 LEVEL3 LEVEL4 LEVEL0 LEVEL1) [1]
Pruned:  0: (LOAD GOODS1 TRUCK1 MARKET1 LEVEL3 LEVEL4 LEVEL0 LEVEL1) [1]
Pruned:  0: (LOAD GOODS1 TRUCK1 MARKET1 LEVEL3 LEVEL4 LEVEL0 LEVEL1) [1]
Pruned:  0: (LOAD GOODS1 TRUCK1 MARKET1 LEVEL3 LEVEL4 LEVEL0 LEVEL1) [1]
Pruned:  0: (LOAD GOODS1 TRUCK1 MARKET1 LEVEL3 LEVEL4 LEVEL0 LEVEL1) [1]
Pruned:  0: (LOAD GOODS1 TRUCK1 MARKET1 LEVEL3 LEVEL4 LEVEL0 LEVEL1) [1]
Pruned:  0: (LOAD GOODS1 TRUCK1 MARKET1 LEVEL3 LEVEL4 LEVEL0 LEVEL1) [1]
Pruned:  0: (LOAD GOODS1 TRUCK1 MARKET1 LEVEL3 LEVEL4 LEVEL0 LEVEL1) [1]
Pruned:  0: (LOAD GOODS1 TRUCK1 MARKET1 LEVEL3 LEVEL4 LEVEL0 LEVEL1) [1]
Pruned:  0: (LOAD GOODS1 TRUCK1 MARKET1 LEVEL3 LEVEL4 LEVEL0 LEVEL1) [1]
Pruned:  0: (LOAD GOODS1 TRUCK1 MARKET1 LEVEL3 LEVEL4 LEVEL0 LEVEL1) [1]
Pruned:  0: (LOAD GOODS1 TRUCK1 MARKET1 LEVEL3 LEVEL4 LEVEL0 LEVEL1) [1]
Pruned:  0: (LOAD GOODS1 TRUCK1 MARKET1 LEVEL3 LEVEL4 LEVEL0 LEVEL1) [1]
Pruned:  0: (LOAD GOODS1 TRUCK1 MARKET1 LEVEL3 LEVEL4 LEVEL0 LEVEL1) [1]
Pruned:  0: (LOAD GOODS1 TRUCK1 MARKET1 LEVEL3 LEVEL4 LEVEL0 LEVEL1) [1]
Pruned:  0: (LOAD GOODS1 TRUCK1 MARKET1 LEVEL3 LEVEL4 LEVEL0 LEVEL1) [1]
Pruned:  0: (LOAD GOODS1 TRUCK1 MARKET1 LEVEL3 LEVEL4 LEVEL0 LEVEL1) [1]
Pruned:  0: (LOAD GOODS1 TRUCK1 MARKET1 LEVEL3 LEVEL4 LEVEL0 LEVEL1) [1]
Pruned:  0: (LOAD GOODS1 TRUCK1 MARKET1 LEVEL3 LEVEL4 LEVEL0 LEVEL1) [1]
Pruned:  0: (LOAD GOODS1 TRUCK1 MARKET1 LEVEL3 LEVEL4 LEVEL0 LEVEL1) [1]
Pruned:  0: (LOAD GOODS1 TRUCK1 MARKET1 LEVEL3 LEVEL4 LEVEL0 LEVEL1) [1]
Pruned:  0: (LOAD GOODS1 TRUCK1 MARKET1 LEVEL3 LEVEL4 LEVEL0 LEVEL1) [1]
Pruned:  0: (LOAD GOODS1 TRUCK1 MARKET1 LEVEL3 LEVEL4 LEVEL0 LEVEL1) [1]
Pruned:  0: (LOAD GOODS1 TRUCK1 MARKET1 LEVEL3 LEVEL4 LEVEL0 LEVEL1) [1]
Pruned:  0: (LOAD GOODS1 TRUCK1 MARKET1 LEVEL3 LEVEL4 LEVEL0 LEVEL1) [1]
Pruned:  0: (LOAD GOODS1 TRUCK1 MARKET1 LEVEL3 LEVEL4 LEVEL0 LEVEL1) [1]
Pruned:  0: (LOAD GOODS1 TRUCK1 MARKET1 LEVEL3 LEVEL4 LEVEL0 LEVEL1) [1]
Pruned:  0: (LOAD GOODS1 TRUCK1 MARKET1 LEVEL3 LEVEL4 LEVEL0 LEVEL1) [1]
Pruned:  0: (LOAD GOODS1 TRUCK1 MARKET1 LEVEL3 LEVEL4 LEVEL0 LEVEL1) [1]
Pruned:  0: (LOAD GOODS1 TRUCK1 MARKET1 LEVEL3 LEVEL4 LEVEL0 LEVEL1) [1]
Pruned:  0: (LOAD GOODS1 TRUCK1 MARKET1 LEVEL3 LEVEL4 LEVEL0 LEVEL1) [1]
Pruned:  0: (LOAD GOODS1 TRUCK1 MARKET1 LEVEL3 LEVEL4 LEVEL0 LEVEL1) [1]
Pruned:  0: (LOAD GOODS1 TRUCK1 MARKET1 LEVEL3 LEVEL4 LEVEL0 LEVEL1) [1]
Pruned:  0: (LOAD GOODS1 TRUCK1 MARKET1 LEVEL3 LEVEL4 LEVEL0 LEVEL1) [1]
Pruned:  0: (LOAD GOODS1 TRUCK1 MARKET1 LEVEL3 LEVEL4 LEVEL0 LEVEL1) [1]
Pruned:  0: (LOAD GOODS1 TRUCK1 MARKET1 LEVEL3 LEVEL4 LEVEL0 LEVEL1) [1]
Pruned:  0: (LOAD GOODS1 TRUCK1 MARKET1 LEVEL3 LEVEL4 LEVEL0 LEVEL1) [1]
Pruned:  0: (LOAD GOODS1 TRUCK1 MARKET1 LEVEL3 LEVEL4 LEVEL0 LEVEL1) [1]
Pruned:  0: (LOAD GOODS1 TRUCK1 MARKET1 LEVEL3 LEVEL4 LEVEL0 LEVEL1) [1]
Pruned:  0: (LOAD GOODS1 TRUCK1 MARKET1 LEVEL3 LEVEL4 LEVEL0 LEVEL1) [1]
Pruned:  0: (LOAD GOODS1 TRUCK1 MARKET1 LEVEL3 LEVEL4 LEVEL0 LEVEL1) [1]
Pruned:  0: (LOAD GOODS1 TRUCK1 MARKET1 LEVEL3 LEVEL4 LEVEL0 LEVEL1) [1]
Pruned:  0: (LOAD GOODS1 TRUCK1 MARKET1 LEVEL3 LEVEL4 LEVEL0 LEVEL1) [1]
Pruned:  0: (LOAD GOODS1 TRUCK1 MARKET1 LEVEL3 LEVEL4 LEVEL0 LEVEL1) [1]
Pruned:  0: (LOAD GOODS1 TRUCK1 MARKET1 LEVEL3 LEVEL4 LEVEL0 LEVEL1) [1]
Pruned:  0: (LOAD GOODS1 TRUCK1 MARKET1 LEVEL3 LEVEL4 LEVEL0 LEVEL1) [1]
Pruned:  0: (LOAD GOODS1 TRUCK1 MARKET1 LEVEL3 LEVEL4 LEVEL0 LEVEL1) [1]
Pruned:  0: (LOAD GOODS1 TRUCK1 MARKET1 LEVEL3 LEVEL4 LEVEL0 LEVEL1) [1]
Pruned:  0: (LOAD GOODS1 TRUCK1 MARKET1 LEVEL3 LEVEL4 LEVEL0 LEVEL1) [1]
Pruned:  0: (LOAD GOODS1 TRUCK1 MARKET1 LEVEL3 LEVEL4 LEVEL0 LEVEL1) [1]
Pruned:  0: (LOAD GOODS1 TRUCK1 MARKET1 LEVEL3 LEVEL4 LEVEL0 LEVEL1) [1]
Pruned:  0: (LOAD GOODS1 TRUCK1 MARKET1 LEVEL3 LEVEL4 LEVEL0 LEVEL1) [1]
Pruned:  0: (LOAD GOODS1 TRUCK1 MARKET1 LEVEL3 LEVEL4 LEVEL0 LEVEL1) [1]
Pruned:  0: (LOAD GOODS1 TRUCK1 MARKET1 LEVEL3 LEVEL4 LEVEL0 LEVEL1) [1]
Pruned:  0: (LOAD GOODS1 TRUCK1 MARKET1 LEVEL3 LEVEL4 LEVEL0 LEVEL1) [1]
Pruned:  0: (LOAD GOODS1 TRUCK1 MARKET1 LEVEL3 LEVEL4 LEVEL0 LEVEL1) [1]
Pruned:  0: (LOAD GOODS1 TRUCK1 MARKET1 LEVEL3 LEVEL4 LEVEL0 LEVEL1) [1]
Pruned:  0: (LOAD GOODS1 TRUCK1 MARKET1 LEVEL3 LEVEL4 LEVEL0 LEVEL1) [1]
Pruned:  0: (LOAD GOODS1 TRUCK1 MARKET1 LEVEL3 LEVEL4 LEVEL0 LEVEL1) [1]
Pruned:  0: (LOAD GOODS1 TRUCK1 MARKET1 LEVEL3 LEVEL4 LEVEL0 LEVEL1) [1]
Pruned:  0: (LOAD GOODS1 TRUCK1 MARKET1 LEVEL3 LEVEL4 LEVEL0 LEVEL1) [1]
Pruned:  0: (LOAD GOODS1 TRUCK1 MARKET1 LEVEL3 LEVEL4 LEVEL0 LEVEL1) [1]
Pruned:  0: (LOAD GOODS1 TRUCK1 MARKET1 LEVEL3 LEVEL4 LEVEL0 LEVEL1) [1]
Pruned:  0: (LOAD GOODS1 TRUCK1 MARKET1 LEVEL3 LEVEL4 LEVEL0 LEVEL1) [1]
Pruned:  0: (LOAD GOODS1 TRUCK1 MARKET1 LEVEL3 LEVEL4 LEVEL0 LEVEL1) [1]
Pruned:  0: (LOAD GOODS1 TRUCK1 MARKET1 LEVEL3 LEVEL4 LEVEL0 LEVEL1) [1]
Pruned:  0: (LOAD GOODS1 TRUCK1 MARKET1 LEVEL3 LEVEL4 LEVEL0 LEVEL1) [1]
Pruned:  0: (LOAD GOODS1 TRUCK1 MARKET1 LEVEL3 LEVEL4 LEVEL0 LEVEL1) [1]
Pruned:  0: (LOAD GOODS1 TRUCK1 MARKET1 LEVEL3 LEVEL4 LEVEL0 LEVEL1) [1]
Pruned:  0: (LOAD GOODS1 TRUCK1 MARKET1 LEVEL3 LEVEL4 LEVEL0 LEVEL1) [1]
Pruned:  0: (LOAD GOODS1 TRUCK1 MARKET1 LEVEL3 LEVEL4 LEVEL0 LEVEL1) [1]
Pruned:  0: (LOAD GOODS1 TRUCK1 MARKET1 LEVEL3 LEVEL4 LEVEL0 LEVEL1) [1]
Pruned:  0: (LOAD GOODS1 TRUCK1 MARKET1 LEVEL3 LEVEL4 LEVEL0 LEVEL1) [1]
Pruned:  0: (LOAD GOODS1 TRUCK1 MARKET1 LEVEL3 LEVEL4 LEVEL0 LEVEL1) [1]
Pruned:  0: (LOAD GOODS1 TRUCK1 MARKET1 LEVEL3 LEVEL4 LEVEL0 LEVEL1) [1]
Pruned:  0: (LOAD GOODS1 TRUCK1 MARKET1 LEVEL3 LEVEL4 LEVEL0 LEVEL1) [1]
Pruned:  0: (LOAD GOODS1 TRUCK1 MARKET1 LEVEL3 LEVEL4 LEVEL0 LEVEL1) [1]
Pruned:  0: (LOAD GOODS1 TRUCK1 MARKET1 LEVEL3 LEVEL4 LEVEL0 LEVEL1) [1]
Pruned:  0: (LOAD GOODS1 TRUCK1 MARKET1 LEVEL3 LEVEL4 LEVEL0 LEVEL1) [1]
Pruned:  0: (LOAD GOODS1 TRUCK1 MARKET1 LEVEL3 LEVEL4 LEVEL0 LEVEL1) [1]
Pruned:  0: (LOAD GOODS1 TRUCK1 MARKET1 LEVEL3 LEVEL4 LEVEL0 LEVEL1) [1]
Pruned:  0: (LOAD GOODS1 TRUCK1 MARKET1 LEVEL3 LEVEL4 LEVEL0 LEVEL1) [1]
Pruned:  0: (LOAD GOODS1 TRUCK1 MARKET1 LEVEL3 LEVEL4 LEVEL0 LEVEL1) [1]
Pruned:  0: (LOAD GOODS1 TRUCK1 MARKET1 LEVEL3 LEVEL4 LEVEL0 LEVEL1) [1]
Pruned:  0: (LOAD GOODS1 TRUCK1 MARKET1 LEVEL3 LEVEL4 LEVEL0 LEVEL1) [1]
Pruned:  0: (LOAD GOODS1 TRUCK1 MARKET1 LEVEL3 LEVEL4 LEVEL0 LEVEL1) [1]
Pruned:  0: (LOAD GOODS1 TRUCK1 MARKET1 LEVEL3 LEVEL4 LEVEL0 LEVEL1) [1]
Pruned:  0: (LOAD GOODS1 TRUCK1 MARKET1 LEVEL3 LEVEL4 LEVEL0 LEVEL1) [1]
Pruned:  0: (LOAD GOODS1 TRUCK1 MARKET1 LEVEL3 LEVEL4 LEVEL0 LEVEL1) [1]
Pruned:  0: (LOAD GOODS1 TRUCK1 MARKET1 LEVEL3 LEVEL4 LEVEL0 LEVEL1) [1]
Pruned:  0: (LOAD GOODS1 TRUCK1 MARKET1 LEVEL3 LEVEL4 LEVEL0 LEVEL1) [1]
Pruned:  0: (LOAD GOODS1 TRUCK1 MARKET1 LEVEL3 LEVEL4 LEVEL0 LEVEL1) [1]
Pruned:  0: (LOAD GOODS1 TRUCK1 MARKET1 LEVEL3 LEVEL4 LEVEL0 LEVEL1) [1]
Pruned:  0: (LOAD GOODS1 TRUCK1 MARKET1 LEVEL3 LEVEL4 LEVEL0 LEVEL1) [1]
Pruned:  0: (LOAD GOODS1 TRUCK1 MARKET1 LEVEL3 LEVEL4 LEVEL0 LEVEL1) [1]
Pruned:  0: (LOAD GOODS1 TRUCK1 MARKET1 LEVEL3 LEVEL4 LEVEL0 LEVEL1) [1]
Pruned:  0: (LOAD GOODS1 TRUCK1 MARKET1 LEVEL3 LEVEL4 LEVEL0 LEVEL1) [1]
Pruned:  0: (LOAD GOODS1 TRUCK1 MARKET1 LEVEL3 LEVEL4 LEVEL0 LEVEL1) [1]
Pruned:  0: (LOAD GOODS1 TRUCK1 MARKET1 LEVEL3 LEVEL4 LEVEL0 LEVEL1) [1]
Pruned:  0: (LOAD GOODS1 TRUCK1 MARKET1 LEVEL3 LEVEL4 LEVEL0 LEVEL1) [1]
Pruned:  0: (LOAD GOODS1 TRUCK1 MARKET1 LEVEL3 LEVEL4 LEVEL0 LEVEL1) [1]
Pruned:  0: (LOAD GOODS1 TRUCK1 MARKET1 LEVEL3 LEVEL4 LEVEL0 LEVEL1) [1]
Pruned:  0: (LOAD GOODS1 TRUCK1 MARKET1 LEVEL3 LEVEL4 LEVEL0 LEVEL1) [1]
Pruned:  0: (LOAD GOODS1 TRUCK1 MARKET1 LEVEL3 LEVEL4 LEVEL0 LEVEL1) [1]
Pruned:  0: (LOAD GOODS1 TRUCK1 MARKET1 LEVEL3 LEVEL4 LEVEL0 LEVEL1) [1]
Pruned:  0: (LOAD GOODS1 TRUCK1 MARKET1 LEVEL3 LEVEL4 LEVEL0 LEVEL1) [1]
Pruned:  0: (LOAD GOODS1 TRUCK1 MARKET1 LEVEL3 LEVEL4 LEVEL0 LEVEL1) [1]
Pruned:  0: (LOAD GOODS1 TRUCK1 MARKET1 LEVEL3 LEVEL4 LEVEL0 LEVEL1) [1]
Pruned:  0: (LOAD GOODS1 TRUCK1 MARKET1 LEVEL3 LEVEL4 LEVEL0 LEVEL1) [1]
Pruned:  0: (LOAD GOODS1 TRUCK1 MARKET1 LEVEL3 LEVEL4 LEVEL0 LEVEL1) [1]
Pruned:  0: (LOAD GOODS1 TRUCK1 MARKET1 LEVEL3 LEVEL4 LEVEL0 LEVEL1) [1]
Pruned:  0: (LOAD GOODS1 TRUCK1 MARKET1 LEVEL3 LEVEL4 LEVEL0 LEVEL1) [1]
Pruned:  0: (LOAD GOODS1 TRUCK1 MARKET1 LEVEL3 LEVEL4 LEVEL0 LEVEL1) [1]
Pruned:  0: (LOAD GOODS1 TRUCK1 MARKET1 LEVEL3 LEVEL4 LEVEL0 LEVEL1) [1]
Pruned:  0: (LOAD GOODS1 TRUCK1 MARKET1 LEVEL3 LEVEL4 LEVEL0 LEVEL1) [1]
Pruned:  0: (LOAD GOODS1 TRUCK1 MARKET1 LEVEL3 LEVEL4 LEVEL0 LEVEL1) [1]
Pruned:  0: (LOAD GOODS1 TRUCK1 MARKET1 LEVEL3 LEVEL4 LEVEL0 LEVEL1) [1]
Pruned:  0: (LOAD GOODS1 TRUCK1 MARKET1 LEVEL3 LEVEL4 LEVEL0 LEVEL1) [1]
Pruned:  0: (LOAD GOODS1 TRUCK1 MARKET1 LEVEL3 LEVEL4 LEVEL0 LEVEL1) [1]
Pruned:  0: (LOAD GOODS1 TRUCK1 MARKET1 LEVEL3 LEVEL4 LEVEL0 LEVEL1) [1]
Pruned:  0: (LOAD GOODS1 TRUCK1 MARKET1 LEVEL3 LEVEL4 LEVEL0 LEVEL1) [1]
Pruned:  0: (LOAD GOODS1 TRUCK1 MARKET1 LEVEL3 LEVEL4 LEVEL0 LEVEL1) [1]
Pruned:  0: (LOAD GOODS1 TRUCK1 MARKET1 LEVEL3 LEVEL4 LEVEL0 LEVEL1) [1]
Pruned:  0: (LOAD GOODS1 TRUCK1 MARKET1 LEVEL3 LEVEL4 LEVEL0 LEVEL1) [1]
Pruned:  0: (LOAD GOODS1 TRUCK1 MARKET1 LEVEL3 LEVEL4 LEVEL0 LEVEL1) [1]
Pruned:  0: (LOAD GOODS1 TRUCK1 MARKET1 LEVEL3 LEVEL4 LEVEL0 LEVEL1) [1]
Pruned:  0: (LOAD GOODS1 TRUCK1 MARKET1 LEVEL3 LEVEL4 LEVEL0 LEVEL1) [1]
Pruned:  0: (LOAD GOODS1 TRUCK1 MARKET1 LEVEL3 LEVEL4 LEVEL0 LEVEL1) [1]
Pruned:  0: (LOAD GOODS1 TRUCK1 MARKET1 LEVEL3 LEVEL4 LEVEL0 LEVEL1) [1]
Pruned:  0: (LOAD GOODS1 TRUCK1 MARKET1 LEVEL3 LEVEL4 LEVEL0 LEVEL1) [1]
Pruned:  0: (LOAD GOODS1 TRUCK1 MARKET1 LEVEL3 LEVEL4 LEVEL0 LEVEL1) [1]
Pruned:  0: (LOAD GOODS1 TRUCK1 MARKET1 LEVEL3 LEVEL4 LEVEL0 LEVEL1) [1]
Pruned:  0: (LOAD GOODS1 TRUCK1 MARKET1 LEVEL3 LEVEL4 LEVEL0 LEVEL1) [1]
Pruned:  0: (LOAD GOODS1 TRUCK1 MARKET1 LEVEL3 LEVEL4 LEVEL0 LEVEL1) [1]
Pruned:  0: (LOAD GOODS1 TRUCK1 MARKET1 LEVEL3 LEVEL4 LEVEL0 LEVEL1) [1]
Pruned:  0: (LOAD GOODS1 TRUCK1 MARKET1 LEVEL3 LEVEL4 LEVEL0 LEVEL1) [1]
Pruned:  0: (LOAD GOODS1 TRUCK1 MARKET1 LEVEL3 LEVEL4 LEVEL0 LEVEL1) [1]
Pruned:  0: (LOAD GOODS1 TRUCK1 MARKET1 LEVEL3 LEVEL4 LEVEL0 LEVEL1) [1]
Pruned:  0: (LOAD GOODS1 TRUCK1 MARKET1 LEVEL3 LEVEL4 LEVEL0 LEVEL1) [1]
Pruned:  0: (LOAD GOODS1 TRUCK1 MARKET1 LEVEL3 LEVEL4 LEVEL0 LEVEL1) [1]
Pruned:  0: (LOAD GOODS1 TRUCK1 MARKET1 LEVEL3 LEVEL4 LEVEL0 LEVEL1) [1]
Pruned:  0: (LOAD GOODS1 TRUCK1 MARKET1 LEVEL3 LEVEL4 LEVEL0 LEVEL1) [1]
Pruned:  0: (LOAD GOODS1 TRUCK1 MARKET1 LEVEL3 LEVEL4 LEVEL0 LEVEL1) [1]
Pruned:  0: (LOAD GOODS1 TRUCK1 MARKET1 LEVEL3 LEVEL4 LEVEL0 LEVEL1) [1]
Pruned:  0: (LOAD GOODS1 TRUCK1 MARKET1 LEVEL3 LEVEL4 LEVEL0 LEVEL1) [1]
Pruned:  0: (LOAD GOODS1 TRUCK1 MARKET1 LEVEL3 LEVEL4 LEVEL0 LEVEL1) [1]
Pruned:  0: (LOAD GOODS1 TRUCK1 MARKET1 LEVEL3 LEVEL4 LEVEL0 LEVEL1) [1]
Pruned:  0: (LOAD GOODS1 TRUCK1 MARKET1 LEVEL3 LEVEL4 LEVEL0 LEVEL1) [1]
Pruned:  0: (LOAD GOODS1 TRUCK1 MARKET1 LEVEL3 LEVEL4 LEVEL0 LEVEL1) [1]
Pruned:  0: (LOAD GOODS1 TRUCK1 MARKET1 LEVEL3 LEVEL4 LEVEL0 LEVEL1) [1]
Pruned:  0: (LOAD GOODS1 TRUCK1 MARKET1 LEVEL3 LEVEL4 LEVEL0 LEVEL1) [1]
Pruned:  0: (LOAD GOODS1 TRUCK1 MARKET1 LEVEL3 LEVEL4 LEVEL0 LEVEL1) [1]
Pruned:  0: (LOAD GOODS1 TRUCK1 MARKET1 LEVEL3 LEVEL4 LEVEL0 LEVEL1) [1]
Pruned:  0: (LOAD GOODS1 TRUCK1 MARKET1 LEVEL3 LEVEL4 LEVEL0 LEVEL1) [1]
Pruned:  0: (LOAD GOODS1 TRUCK1 MARKET1 LEVEL3 LEVEL4 LEVEL0 LEVEL1) [1]
Pruned:  0: (LOAD GOODS1 TRUCK1 MARKET1 LEVEL3 LEVEL4 LEVEL0 LEVEL1) [1]
Pruned:  0: (LOAD GOODS1 TRUCK1 MARKET1 LEVEL3 LEVEL4 LEVEL0 LEVEL1) [1]
Pruned:  0: (LOAD GOODS1 TRUCK1 MARKET1 LEVEL3 LEVEL4 LEVEL0 LEVEL1) [1]
Pruned:  0: (LOAD GOODS1 TRUCK1 MARKET1 LEVEL3 LEVEL4 LEVEL0 LEVEL1) [1]
Pruned:  0: (LOAD GOODS1 TRUCK1 MARKET1 LEVEL3 LEVEL4 LEVEL0 LEVEL1) [1]
Pruned:  0: (LOAD GOODS1 TRUCK1 MARKET1 LEVEL3 LEVEL4 LEVEL0 LEVEL1) [1]
Pruned:  0: (LOAD GOODS1 TRUCK1 MARKET1 LEVEL3 LEVEL4 LEVEL0 LEVEL1) [1]
Pruned:  0: (LOAD GOODS1 TRUCK1 MARKET1 LEVEL3 LEVEL4 LEVEL0 LEVEL1) [1]
Pruned:  0: (LOAD GOODS1 TRUCK1 MARKET1 LEVEL3 LEVEL4 LEVEL0 LEVEL1) [1]
Pruned:  0: (LOAD GOODS1 TRUCK1 MARKET1 LEVEL3 LEVEL4 LEVEL0 LEVEL1) [1]
Pruned:  0: (LOAD GOODS1 TRUCK1 MARKET1 LEVEL3 LEVEL4 LEVEL0 LEVEL1) [1]
Pruned:  0: (LOAD GOODS1 TRUCK1 MARKET1 LEVEL3 LEVEL4 LEVEL0 LEVEL1) [1]
Pruned:  0: (LOAD GOODS1 TRUCK1 MARKET1 LEVEL3 LEVEL4 LEVEL0 LEVEL1) [1]
Pruned:  0: (LOAD GOODS1 TRUCK1 MARKET1 LEVEL3 LEVEL4 LEVEL0 LEVEL1) [1]
Pruned:  0: (LOAD GOODS1 TRUCK1 MARKET1 LEVEL3 LEVEL4 LEVEL0 LEVEL1) [1]
Pruned:  0: (LOAD GOODS1 TRUCK1 MARKET1 LEVEL3 LEVEL4 LEVEL0 LEVEL1) [1]
Pruned:  0: (LOAD GOODS1 TRUCK1 MARKET1 LEVEL3 LEVEL4 LEVEL0 LEVEL1) [1]
Pruned:  0: (LOAD GOODS1 TRUCK1 MARKET1 LEVEL3 LEVEL4 LEVEL0 LEVEL1) [1]
Pruned:  0: (LOAD GOODS1 TRUCK1 MARKET1 LEVEL3 LEVEL4 LEVEL0 LEVEL1) [1]
Pruned:  0: (LOAD GOODS1 TRUCK1 MARKET1 LEVEL3 LEVEL4 LEVEL0 LEVEL1) [1]
Pruned:  0: (LOAD GOODS1 TRUCK1 MARKET1 LEVEL3 LEVEL4 LEVEL0 LEVEL1) [1]
Pruned:  0: (LOAD GOODS1 TRUCK1 MARKET1 LEVEL3 LEVEL4 LEVEL0 LEVEL1) [1]
Pruned:  0: (LOAD GOODS1 TRUCK1 MARKET1 LEVEL3 LEVEL4 LEVEL0 LEVEL1) [1]
Pruned:  0: (LOAD GOODS1 TRUCK1 MARKET1 LEVEL3 LEVEL4 LEVEL0 LEVEL1) [1]
Pruned:  0: (LOAD GOODS1 TRUCK1 MARKET1 LEVEL3 LEVEL4 LEVEL0 LEVEL1) [1]
Pruned:  0: (LOAD GOODS1 TRUCK1 MARKET1 LEVEL3 LEVEL4 LEVEL0 LEVEL1) [1]
Pruned:  0: (LOAD GOODS1 TRUCK1 MARKET1 LEVEL3 LEVEL4 LEVEL0 LEVEL1) [1]
Pruned:  0: (LOAD GOODS1 TRUCK1 MARKET1 LEVEL3 LEVEL4 LEVEL0 LEVEL1) [1]
Pruned:  0: (LOAD GOODS1 TRUCK1 MARKET1 LEVEL3 LEVEL4 LEVEL0 LEVEL1) [1]
Pruned:  0: (LOAD GOODS1 TRUCK1 MARKET1 LEVEL3 LEVEL4 LEVEL0 LEVEL1) [1]
Pruned:  0: (LOAD GOODS1 TRUCK1 MARKET1 LEVEL3 LEVEL4 LEVEL0 LEVEL1) [1]
Pruned:  0: (LOAD GOODS1 TRUCK1 MARKET1 LEVEL3 LEVEL4 LEVEL0 LEVEL1) [1]
Pruned:  0: (LOAD GOODS1 TRUCK1 MARKET1 LEVEL3 LEVEL4 LEVEL0 LEVEL1) [1]
Pruned:  0: (LOAD GOODS1 TRUCK1 MARKET1 LEVEL3 LEVEL4 LEVEL0 LEVEL1) [1]
Pruned:  0: (LOAD GOODS1 TRUCK1 MARKET1 LEVEL3 LEVEL4 LEVEL0 LEVEL1) [1]
Pruned:  0: (LOAD GOODS1 TRUCK1 MARKET1 LEVEL3 LEVEL4 LEVEL0 LEVEL1) [1]
Pruned:  0: (LOAD GOODS1 TRUCK1 MARKET1 LEVEL3 LEVEL4 LEVEL0 LEVEL1) [1]
Pruned:  0: (LOAD GOODS1 TRUCK1 MARKET1 LEVEL3 LEVEL4 LEVEL0 LEVEL1) [1]
Pruned:  0: (LOAD GOODS1 TRUCK1 MARKET1 LEVEL3 LEVEL4 LEVEL0 LEVEL1) [1]
Pruned:  0: (LOAD GOODS1 TRUCK1 MARKET1 LEVEL3 LEVEL4 LEVEL0 LEVEL1) [1]
Pruned:  0: (LOAD GOODS1 TRUCK1 MARKET1 LEVEL3 LEVEL4 LEVEL0 LEVEL1) [1]
Pruned:  0: (LOAD GOODS1 TRUCK1 MARKET1 LEVEL3 LEVEL4 LEVEL0 LEVEL1) [1]
Pruned:  0: (LOAD GOODS1 TRUCK1 MARKET1 LEVEL3 LEVEL4 LEVEL0 LEVEL1) [1]
Pruned:  0: (LOAD GOODS1 TRUCK1 MARKET1 LEVEL3 LEVEL4 LEVEL0 LEVEL1) [1]
Pruned:  0: (LOAD GOODS1 TRUCK1 MARKET1 LEVEL3 LEVEL4 LEVEL0 LEVEL1) [1]
Pruned:  0: (LOAD GOODS1 TRUCK1 MARKET1 LEVEL3 LEVEL4 LEVEL0 LEVEL1) [1]
Pruned:  0: (LOAD GOODS1 TRUCK1 MARKET1 LEVEL3 LEVEL4 LEVEL0 LEVEL1) [1]
Pruned:  0: (LOAD GOODS1 TRUCK1 MARKET1 LEVEL3 LEVEL4 LEVEL0 LEVEL1) [1]
Pruned:  0: (LOAD GOODS1 TRUCK1 MARKET1 LEVEL3 LEVEL4 LEVEL0 LEVEL1) [1]
Pruned:  0: (LOAD GOODS1 TRUCK1 MARKET1 LEVEL3 LEVEL4 LEVEL0 LEVEL1) [1]
Pruned:  0: (LOAD GOODS1 TRUCK1 MARKET1 LEVEL3 LEVEL4 LEVEL0 LEVEL1) [1]
Pruned:  0: (LOAD GOODS1 TRUCK1 MARKET1 LEVEL3 LEVEL4 LEVEL0 LEVEL1) [1]
Pruned:  0: (LOAD GOODS1 TRUCK1 MARKET1 LEVEL3 LEVEL4 LEVEL0 LEVEL1) [1]
Pruned:  0: (LOAD GOODS1 TRUCK1 MARKET1 LEVEL3 LEVEL4 LEVEL0 LEVEL1) [1]
Pruned:  0: (LOAD GOODS1 TRUCK1 MARKET1 LEVEL3 LEVEL4 LEVEL0 LEVEL1) [1]
Pruned:  0: (LOAD GOODS1 TRUCK1 MARKET1 LEVEL3 LEVEL4 LEVEL0 LEVEL1) [1]
Pruned:  0: (LOAD GOODS1 TRUCK1 MARKET1 LEVEL3 LEVEL4 LEVEL0 LEVEL1) [1]
Pruned:  0: (LOAD GOODS1 TRUCK1 MARKET1 LEVEL3 LEVEL4 LEVEL0 LEVEL1) [1]
Pruned:  0: (LOAD GOODS1 TRUCK1 MARKET1 LEVEL3 LEVEL4 LEVEL0 LEVEL1) [1]
Pruned:  0: (LOAD GOODS1 TRUCK1 MARKET1 LEVEL3 LEVEL4 LEVEL0 LEVEL1) [1]
Pruned:  0: (LOAD GOODS1 TRUCK1 MARKET1 LEVEL3 LEVEL4 LEVEL0 LEVEL1) [1]
Pruned:  0: (LOAD GOODS1 TRUCK1 MARKET1 LEVEL3 LEVEL4 LEVEL0 LEVEL1) [1]
Pruned:  0: (LOAD GOODS1 TRUCK1 MARKET1 LEVEL3 LEVEL4 LEVEL0 LEVEL1) [1]
Pruned:  0: (LOAD GOODS1 TRUCK1 MARKET1 LEVEL3 LEVEL4 LEVEL0 LEVEL1) [1]
Pruned:  0: (LOAD GOODS1 TRUCK1 MARKET1 LEVEL3 LEVEL4 LEVEL0 LEVEL1) [1]
Pruned:  0: (LOAD GOODS1 TRUCK1 MARKET1 LEVEL3 LEVEL4 LEVEL0 LEVEL1) [1]
Pruned:  0: (LOAD GOODS1 TRUCK1 MARKET1 LEVEL3 LEVEL4 LEVEL0 LEVEL1) [1]
Pruned:  0: (LOAD GOODS1 TRUCK1 MARKET1 LEVEL3 LEVEL4 LEVEL0 LEVEL1) [1]
Pruned:  0: (LOAD GOODS1 TRUCK1 MARKET1 LEVEL3 LEVEL4 LEVEL0 LEVEL1) [1]
Pruned:  0: (LOAD GOODS1 TRUCK1 MARKET1 LEVEL3 LEVEL4 LEVEL0 LEVEL1) [1]
Pruned:  0: (LOAD GOODS1 TRUCK1 MARKET1 LEVEL3 LEVEL4 LEVEL0 LEVEL1) [1]
Pruned:  0: (LOAD GOODS1 TRUCK1 MARKET1 LEVEL3 LEVEL4 LEVEL0 LEVEL1) [1]
Pruned:  0: (LOAD GOODS1 TRUCK1 MARKET1 LEVEL3 LEVEL4 LEVEL0 LEVEL1) [1]
Pruned:  0: (LOAD GOODS1 TRUCK1 MARKET1 LEVEL3 LEVEL4 LEVEL0 LEVEL1) [1]
Pruned:  0: (LOAD GOODS1 TRUCK1 MARKET1 LEVEL3 LEVEL4 LEVEL0 LEVEL1) [1]
Pruned:  0: (LOAD GOODS1 TRUCK1 MARKET1 LEVEL3 LEVEL4 LEVEL0 LEVEL1) [1]
Pruned:  0: (LOAD GOODS1 TRUCK1 MARKET1 LEVEL3 LEVEL4 LEVEL0 LEVEL1) [1]
Pruned:  0: (LOAD GOODS1 TRUCK1 MARKET1 LEVEL3 LEVEL4 LEVEL0 LEVEL1) [1]
Pruned:  0: (LOAD GOODS1 TRUCK1 MARKET1 LEVEL3 LEVEL4 LEVEL0 LEVEL1) [1]
Pruned:  0: (LOAD GOODS1 TRUCK1 MARKET1 LEVEL3 LEVEL4 LEVEL0 LEVEL1) [1]
Pruned:  0: (LOAD GOODS1 TRUCK1 MARKET1 LEVEL3 LEVEL4 LEVEL0 LEVEL1) [1]
Pruned:  0: (LOAD GOODS1 TRUCK1 MARKET1 LEVEL3 LEVEL4 LEVEL0 LEVEL1) [1]
Pruned:  0: (LOAD GOODS1 TRUCK1 MARKET1 LEVEL3 LEVEL4 LEVEL0 LEVEL1) [1]
Pruned:  0: (LOAD GOODS1 TRUCK1 MARKET1 LEVEL3 LEVEL4 LEVEL0 LEVEL1) [1]
Pruned:  0: (LOAD GOODS1 TRUCK1 MARKET1 LEVEL3 LEVEL4 LEVEL0 LEVEL1) [1]
Pruned:  0: (LOAD GOODS1 TRUCK1 MARKET1 LEVEL3 LEVEL4 LEVEL0 LEVEL1) [1]
Pruned:  0: (LOAD GOODS1 TRUCK1 MARKET1 LEVEL3 LEVEL4 LEVEL0 LEVEL1) [1]
Pruned:  0: (LOAD GOODS1 TRUCK1 MARKET1 LEVEL3 LEVEL4 LEVEL0 LEVEL1) [1]
Pruned:  0: (LOAD GOODS1 TRUCK1 MARKET1 LEVEL3 LEVEL4 LEVEL0 LEVEL1) [1]
Pruned:  0: (LOAD GOODS1 TRUCK1 MARKET1 LEVEL3 LEVEL4 LEVEL0 LEVEL1) [1]
Pruned:  0: (LOAD GOODS1 TRUCK1 MARKET1 LEVEL3 LEVEL4 LEVEL0 LEVEL1) [1]
Pruned:  0: (LOAD GOODS1 TRUCK1 MARKET1 LEVEL3 LEVEL4 LEVEL0 LEVEL1) [1]
Pruned:  0: (LOAD GOODS1 TRUCK1 MARKET1 LEVEL3 LEVEL4 LEVEL0 LEVEL1) [1]
Pruned:  0: (LOAD GOODS1 TRUCK1 MARKET1 LEVEL3 LEVEL4 LEVEL0 LEVEL1) [1]
Pruned:  0: (LOAD GOODS1 TRUCK1 MARKET1 LEVEL3 LEVEL4 LEVEL0 LEVEL1) [1]
Pruned:  0: (LOAD GOODS1 TRUCK1 MARKET1 LEVEL3 LEVEL4 LEVEL0 LEVEL1) [1]
Pruned:  0: (LOAD GOODS1 TRUCK1 MARKET1 LEVEL3 LEVEL4 LEVEL0 LEVEL1) [1]
Pruned:  0: (LOAD GOODS1 TRUCK1 MARKET1 LEVEL3 LEVEL4 LEVEL0 LEVEL1) [1]
Pruned:  0: (LOAD GOODS1 TRUCK1 MARKET1 LEVEL3 LEVEL4 LEVEL0 LEVEL1) [1]
Pruned:  0: (LOAD GOODS1 TRUCK1 MARKET1 LEVEL3 LEVEL4 LEVEL0 LEVEL1) [1]
Pruned:  0: (LOAD GOODS1 TRUCK1 MARKET1 LEVEL3 LEVEL4 LEVEL0 LEVEL1) [1]
Pruned:  0: (LOAD GOODS1 TRUCK1 MARKET1 LEVEL3 LEVEL4 LEVEL0 LEVEL1) [1]
Pruned:  0: (LOAD GOODS1 TRUCK1 MARKET1 LEVEL3 LEVEL4 LEVEL0 LEVEL1) [1]
Pruned:  0: (LOAD GOODS1 TRUCK1 MARKET1 LEVEL3 LEVEL4 LEVEL0 LEVEL1) [1]
Pruned:  0: (LOAD GOODS1 TRUCK1 MARKET1 LEVEL3 LEVEL4 LEVEL0 LEVEL1) [1]
Pruned:  0: (LOAD GOODS1 TRUCK1 MARKET1 LEVEL3 LEVEL4 LEVEL0 LEVEL1) [1]
Pruned:  0: (LOAD GOODS1 TRUCK1 MARKET1 LEVEL3 LEVEL4 LEVEL0 LEVEL1) [1]
Pruned:  0: (LOAD GOODS1 TRUCK1 MARKET1 LEVEL3 LEVEL4 LEVEL0 LEVEL1) [1]
Pruned:  0: (LOAD GOODS1 TRUCK1 MARKET1 LEVEL3 LEVEL4 LEVEL0 LEVEL1) [1]
Pruned:  0: (LOAD GOODS1 TRUCK1 MARKET1 LEVEL3 LEVEL4 LEVEL0 LEVEL1) [1]
Pruned:  0: (LOAD GOODS1 TRUCK1 MARKET1 LEVEL3 LEVEL4 LEVEL0 LEVEL1) [1]
Pruned:  0: (LOAD GOODS1 TRUCK1 MARKET1 LEVEL3 LEVEL4 LEVEL0 LEVEL1) [1]
Pruned:  0: (LOAD GOODS1 TRUCK1 MARKET1 LEVEL3 LEVEL4 LEVEL0 LEVEL1) [1]
Pruned:  0: (LOAD GOODS1 TRUCK1 MARKET1 LEVEL3 LEVEL4 LEVEL0 LEVEL1) [1]
Pruned:  0: (LOAD GOODS1 TRUCK1 MARKET1 LEVEL3 LEVEL4 LEVEL0 LEVEL1) [1]
Pruned:  0: (LOAD GOODS1 TRUCK1 MARKET1 LEVEL3 LEVEL4 LEVEL0 LEVEL1) [1]
Pruned:  0: (LOAD GOODS1 TRUCK1 MARKET1 LEVEL3 LEVEL4 LEVEL0 LEVEL1) [1]
Pruned:  0: (LOAD GOODS1 TRUCK1 MARKET1 LEVEL3 LEVEL4 LEVEL0 LEVEL1) [1]
Pruned:  0: (LOAD GOODS1 TRUCK1 MARKET1 LEVEL3 LEVEL4 LEVEL0 LEVEL1) [1]
Pruned:  0: (LOAD GOODS1 TRUCK1 MARKET1 LEVEL3 LEVEL4 LEVEL0 LEVEL1) [1]
Pruned:  0: (LOAD GOODS1 TRUCK1 MARKET1 LEVEL3 LEVEL4 LEVEL0 LEVEL1) [1]
Pruned:  0: (LOAD GOODS1 TRUCK1 MARKET1 LEVEL3 LEVEL4 LEVEL0 LEVEL1) [1]
Pruned:  0: (LOAD GOODS1 TRUCK1 MARKET1 LEVEL3 LEVEL4 LEVEL0 LEVEL1) [1]
Pruned:  0: (LOAD GOODS1 TRUCK1 MARKET1 LEVEL3 LEVEL4 LEVEL0 LEVEL1) [1]
Pruned:  0: (LOAD GOODS1 TRUCK1 MARKET1 LEVEL3 LEVEL4 LEVEL0 LEVEL1) [1]
Pruned:  0: (LOAD GOODS1 TRUCK1 MARKET1 LEVEL3 LEVEL4 LEVEL0 LEVEL1) [1]
Pruned:  0: (LOAD GOODS1 TRUCK1 MARKET1 LEVEL3 LEVEL4 LEVEL0 LEVEL1) [1]
Pruned:  0: (LOAD GOODS1 TRUCK1 MARKET1 LEVEL3 LEVEL4 LEVEL0 LEVEL1) [1]
Pruned:  0: (LOAD GOODS1 TRUCK1 MARKET1 LEVEL3 LEVEL4 LEVEL0 LEVEL1) [1]
Pruned:  0: (LOAD GOODS1 TRUCK1 MARKET1 LEVEL3 LEVEL4 LEVEL0 LEVEL1) [1]
Pruned:  0: (LOAD GOODS1 TRUCK1 MARKET1 LEVEL3 LEVEL4 LEVEL0 LEVEL1) [1]
Pruned:  0: (LOAD GOODS1 TRUCK1 MARKET1 LEVEL3 LEVEL4 LEVEL0 LEVEL1) [1]
Pruned:  0: (LOAD GOODS1 TRUCK1 MARKET1 LEVEL3 LEVEL4 LEVEL0 LEVEL1) [1]
Pruned:  0: (LOAD GOODS1 TRUCK1 MARKET1 LEVEL3 LEVEL4 LEVEL0 LEVEL1) [1]
Pruned:  0: (LOAD GOODS1 TRUCK1 MARKET1 LEVEL3 LEVEL4 LEVEL0 LEVEL1) [1]
Pruned:  0: (LOAD GOODS1 TRUCK1 MARKET1 LEVEL3 LEVEL4 LEVEL0 LEVEL1) [1]
Pruned:  0: (LOAD GOODS1 TRUCK1 MARKET1 LEVEL3 LEVEL4 LEVEL0 LEVEL1) [1]
Pruned:  0: (LOAD GOODS1 TRUCK1 MARKET1 LEVEL3 LEVEL4 LEVEL0 LEVEL1) [1]
Pruned:  0: (LOAD GOODS1 TRUCK1 MARKET1 LEVEL3 LEVEL4 LEVEL0 LEVEL1) [1]
Pruned:  0: (LOAD GOODS1 TRUCK1 MARKET1 LEVEL3 LEVEL4 LEVEL0 LEVEL1) [1]
Pruned:  0: (LOAD GOODS1 TRUCK1 MARKET1 LEVEL3 LEVEL4 LEVEL0 LEVEL1) [1]
Pruned:  0: (LOAD GOODS1 TRUCK1 MARKET1 LEVEL3 LEVEL4 LEVEL0 LEVEL1) [1]
Pruned:  0: (LOAD GOODS1 TRUCK1 MARKET1 LEVEL3 LEVEL4 LEVEL0 LEVEL1) [1]
Pruned:  0: (LOAD GOODS1 TRUCK1 MARKET1 LEVEL3 LEVEL4 LEVEL0 LEVEL1) [1]
Pruned:  0: (LOAD GOODS1 TRUCK1 MARKET1 LEVEL3 LEVEL4 LEVEL0 LEVEL1) [1]
Pruned:  0: (LOAD GOODS1 TRUCK1 MARKET1 LEVEL3 LEVEL4 LEVEL0 LEVEL1) [1]
Pruned:  0: (LOAD GOODS1 TRUCK1 MARKET1 LEVEL3 LEVEL4 LEVEL0 LEVEL1) [1]
Pruned:  0: (LOAD GOODS1 TRUCK1 MARKET1 LEVEL3 LEVEL4 LEVEL0 LEVEL1) [1]
Pruned:  0: (LOAD GOODS1 TRUCK1 MARKET1 LEVEL3 LEVEL4 LEVEL0 LEVEL1) [1]
Pruned:  0: (LOAD GOODS1 TRUCK1 MARKET1 LEVEL3 LEVEL4 LEVEL0 LEVEL1) [1]
Pruned:  0: (LOAD GOODS1 TRUCK1 MARKET1 LEVEL3 LEVEL4 LEVEL0 LEVEL1) [1]
Pruned:  0: (LOAD GOODS1 TRUCK1 MARKET1 LEVEL3 LEVEL4 LEVEL0 LEVEL1) [1]
Pruned:  0: (LOAD GOODS1 TRUCK1 MARKET1 LEVEL3 LEVEL4 LEVEL0 LEVEL1) [1]
Pruned:  0: (LOAD GOODS1 TRUCK1 MARKET1 LEVEL3 LEVEL4 LEVEL0 LEVEL1) [1]
Pruned:  0: (LOAD GOODS1 TRUCK1 MARKET1 LEVEL3 LEVEL4 LEVEL0 LEVEL1) [1]
Pruned:  0: (LOAD GOODS1 TRUCK1 MARKET1 LEVEL3 LEVEL4 LEVEL0 LEVEL1) [1]
Pruned:  0: (LOAD GOODS1 TRUCK1 MARKET1 LEVEL3 LEVEL4 LEVEL0 LEVEL1) [1]
Pruned:  0: (LOAD GOODS1 TRUCK1 MARKET1 LEVEL3 LEVEL4 LEVEL0 LEVEL1) [1]
Pruned:  0: (LOAD GOODS1 TRUCK1 MARKET1 LEVEL3 LEVEL4 LEVEL0 LEVEL1) [1]
Pruned:  0: (LOAD GOODS1 TRUCK1 MARKET1 LEVEL3 LEVEL4 LEVEL0 LEVEL1) [1]
Pruned:  0: (LOAD GOODS1 TRUCK1 MARKET1 LEVEL3 LEVEL4 LEVEL0 LEVEL1) [1]
Pruned:  0: (LOAD GOODS1 TRUCK1 MARKET1 LEVEL3 LEVEL4 LEVEL0 LEVEL1) [1]
Pruned:  0: (LOAD GOODS1 TRUCK1 MARKET1 LEVEL3 LEVEL4 LEVEL0 LEVEL1) [1]
Pruned:  0: (LOAD GOODS1 TRUCK1 MARKET1 LEVEL3 LEVEL4 LEVEL0 LEVEL1) [1]
Pruned:  0: (LOAD GOODS1 TRUCK1 MARKET1 LEVEL3 LEVEL4 LEVEL0 LEVEL1) [1]
Pruned:  0: (LOAD GOODS1 TRUCK1 MARKET1 LEVEL3 LEVEL4 LEVEL0 LEVEL1) [1]
Pruned:  0: (LOAD GOODS1 TRUCK1 MARKET1 LEVEL3 LEVEL4 LEVEL0 LEVEL1) [1]
Pruned:  0: (LOAD GOODS1 TRUCK1 MARKET1 LEVEL3 LEVEL4 LEVEL0 LEVEL1) [1]
Pruned:  0: (LOAD GOODS1 TRUCK1 MARKET1 LEVEL3 LEVEL4 LEVEL0 LEVEL1) [1]
Pruned:  0: (LOAD GOODS1 TRUCK1 MARKET1 LEVEL3 LEVEL4 LEVEL0 LEVEL1) [1]
Pruned:  0: (LOAD GOODS1 TRUCK1 MARKET1 LEVEL3 LEVEL4 LEVEL0 LEVEL1) [1]
Pruned:  0: (LOAD GOODS1 TRUCK1 MARKET1 LEVEL3 LEVEL4 LEVEL0 LEVEL1) [1]
Pruned:  0: (LOAD GOODS1 TRUCK1 MARKET1 LEVEL3 LEVEL4 LEVEL0 LEVEL1) [1]
Pruned:  0: (LOAD GOODS1 TRUCK1 MARKET1 LEVEL3 LEVEL4 LEVEL0 LEVEL1) [1]
Pruned:  0: (LOAD GOODS1 TRUCK1 MARKET1 LEVEL3 LEVEL4 LEVEL0 LEVEL1) [1]
Pruned:  0: (LOAD GOODS1 TRUCK1 MARKET1 LEVEL3 LEVEL4 LEVEL0 LEVEL1) [1]
Pruned:  0: (LOAD GOODS1 TRUCK1 MARKET1 LEVEL3 LEVEL4 LEVEL0 LEVEL1) [1]
Pruned:  0: (LOAD GOODS1 TRUCK1 MARKET1 LEVEL3 LEVEL4 LEVEL0 LEVEL1) [1]
Pruned:  0: (LOAD GOODS1 TRUCK1 MARKET1 LEVEL3 LEVEL4 LEVEL0 LEVEL1) [1]
Pruned:  0: (LOAD GOODS1 TRUCK1 MARKET1 LEVEL3 LEVEL4 LEVEL0 LEVEL1) [1]
Pruned:  0: (LOAD GOODS1 TRUCK1 MARKET1 LEVEL3 LEVEL4 LEVEL0 LEVEL1) [1]
Pruned:  0: (LOAD GOODS1 TRUCK1 MARKET1 LEVEL3 LEVEL4 LEVEL0 LEVEL1) [1]
Pruned:  0: (LOAD GOODS1 TRUCK1 MARKET1 LEVEL3 LEVEL4 LEVEL0 LEVEL1) [1]
Pruned:  0: (LOAD GOODS1 TRUCK1 MARKET1 LEVEL3 LEVEL4 LEVEL0 LEVEL1) [1]
Pruned:  0: (LOAD GOODS1 TRUCK1 MARKET1 LEVEL3 LEVEL4 LEVEL0 LEVEL1) [1]
Pruned:  0: (LOAD GOODS1 TRUCK1 MARKET1 LEVEL3 LEVEL4 LEVEL0 LEVEL1) [1]
Pruned:  0: (LOAD GOODS1 TRUCK1 MARKET1 LEVEL3 LEVEL4 LEVEL0 LEVEL1) [1]
Pruned:  0: (LOAD GOODS1 TRUCK1 MARKET1 LEVEL3 LEVEL4 LEVEL0 LEVEL1) [1]
Pruned:  0: (LOAD GOODS1 TRUCK1 MARKET1 LEVEL3 LEVEL4 LEVEL0 LEVEL1) [1]
Pruned:  0: (LOAD GOODS1 TRUCK1 MARKET1 LEVEL3 LEVEL4 LEVEL0 LEVEL1) [1]
Pruned:  0: (LOAD GOODS1 TRUCK1 MARKET1 LEVEL3 LEVEL4 LEVEL0 LEVEL1) [1]
Pruned:  0: (LOAD GOODS1 TRUCK1 MARKET1 LEVEL3 LEVEL4 LEVEL0 LEVEL1) [1]
Pruned:  0: (LOAD GOODS1 TRUCK1 MARKET1 LEVEL3 LEVEL4 LEVEL0 LEVEL1) [1]
Pruned:  0: (LOAD GOODS1 TRUCK1 MARKET1 LEVEL3 LEVEL4 LEVEL0 LEVEL1) [1]
Pruned:  0: (LOAD GOODS1 TRUCK1 MARKET1 LEVEL3 LEVEL4 LEVEL0 LEVEL1) [1]
Pruned:  0: (LOAD GOODS1 TRUCK1 MARKET1 LEVEL3 LEVEL4 LEVEL0 LEVEL1) [1]
Pruned:  0: (LOAD GOODS1 TRUCK1 MARKET1 LEVEL3 LEVEL4 LEVEL0 LEVEL1) [1]
Pruned:  0: (LOAD GOODS1 TRUCK1 MARKET1 LEVEL3 LEVEL4 LEVEL0 LEVEL1) [1]
Pruned:  0: (LOAD GOODS1 TRUCK1 MARKET1 LEVEL3 LEVEL4 LEVEL0 LEVEL1) [1]
Pruned:  0: (LOAD GOODS1 TRUCK1 MARKET1 LEVEL3 LEVEL4 LEVEL0 LEVEL1) [1]
Pruned:  0: (LOAD GOODS1 TRUCK1 MARKET1 LEVEL3 LEVEL4 LEVEL0 LEVEL1) [1]
Pruned:  0: (LOAD GOODS1 TRUCK1 MARKET1 LEVEL3 LEVEL4 LEVEL0 LEVEL1) [1]
Pruned:  0: (LOAD GOODS1 TRUCK1 MARKET1 LEVEL3 LEVEL4 LEVEL0 LEVEL1) [1]
Pruned:  0: (LOAD GOODS1 TRUCK1 MARKET1 LEVEL3 LEVEL4 LEVEL0 LEVEL1) [1]
Pruned:  0: (LOAD GOODS1 TRUCK1 MARKET1 LEVEL3 LEVEL4 LEVEL0 LEVEL1) [1]
Pruned:  0: (LOAD GOODS1 TRUCK1 MARKET1 LEVEL3 LEVEL4 LEVEL0 LEVEL1) [1]
Pruned:  0: (LOAD GOODS1 TRUCK1 MARKET1 LEVEL3 LEVEL4 LEVEL0 LEVEL1) [1]
Pruned:  0: (LOAD GOODS1 TRUCK1 MARKET1 LEVEL3 LEVEL4 LEVEL0 LEVEL1) [1]
Pruned:  0: (LOAD GOODS1 TRUCK1 MARKET1 LEVEL3 LEVEL4 LEVEL0 LEVEL1) [1]
Pruned:  0: (LOAD GOODS1 TRUCK1 MARKET1 LEVEL3 LEVEL4 LEVEL0 LEVEL1) [1]
Pruned:  0: (LOAD GOODS1 TRUCK1 MARKET1 LEVEL3 LEVEL4 LEVEL0 LEVEL1) [1]
Pruned:  0: (LOAD GOODS1 TRUCK1 MARKET1 LEVEL3 LEVEL4 LEVEL0 LEVEL1) [1]
Pruned:  0: (LOAD GOODS1 TRUCK1 MARKET1 LEVEL3 LEVEL4 LEVEL0 LEVEL1) [1]
Pruned:  0: (LOAD GOODS1 TRUCK1 MARKET1 LEVEL3 LEVEL4 LEVEL0 LEVEL1) [1]
Pruned:  0: (LOAD GOODS1 TRUCK1 MARKET1 LEVEL3 LEVEL4 LEVEL0 LEVEL1) [1]
Pruned:  0: (LOAD GOODS1 TRUCK1 MARKET1 LEVEL3 LEVEL4 LEVEL0 LEVEL1) [1]
Pruned:  0: (LOAD GOODS1 TRUCK1 MARKET1 LEVEL3 LEVEL4 LEVEL0 LEVEL1) [1]
Pruned:  0: (LOAD GOODS1 TRUCK1 MARKET1 LEVEL3 LEVEL4 LEVEL0 LEVEL1) [1]
Pruned:  0: (LOAD GOODS1 TRUCK1 MARKET1 LEVEL3 LEVEL4 LEVEL0 LEVEL1) [1]
Pruned:  0: (LOAD GOODS1 TRUCK1 MARKET1 LEVEL3 LEVEL4 LEVEL0 LEVEL1) [1]
Pruned:  0: (LOAD GOODS1 TRUCK1 MARKET1 LEVEL3 LEVEL4 LEVEL0 LEVEL1) [1]
Pruned:  0: (LOAD GOODS1 TRUCK1 MARKET1 LEVEL3 LEVEL4 LEVEL0 LEVEL1) [1]
Pruned:  0: (LOAD GOODS1 TRUCK1 MARKET1 LEVEL3 LEVEL4 LEVEL0 LEVEL1) [1]
Pruned:  0: (LOAD GOODS1 TRUCK1 MARKET1 LEVEL3 LEVEL4 LEVEL0 LEVEL1) [1]
Pruned:  0: (LOAD GOODS1 TRUCK1 MARKET1 LEVEL3 LEVEL4 LEVEL0 LEVEL1) [1]
Pruned:  0: (LOAD GOODS1 TRUCK1 MARKET1 LEVEL3 LEVEL4 LEVEL0 LEVEL1) [1]
Pruned:  0: (LOAD GOODS1 TRUCK1 MARKET1 LEVEL3 LEVEL4 LEVEL0 LEVEL1) [1]
Pruned:  0: (LOAD GOODS1 TRUCK1 MARKET1 LEVEL3 LEVEL4 LEVEL0 LEVEL1) [1]
Pruned:  0: (LOAD GOODS1 TRUCK1 MARKET1 LEVEL3 LEVEL4 LEVEL0 LEVEL1) [1]
Pruned:  0: (LOAD GOODS1 TRUCK1 MARKET1 LEVEL3 LEVEL4 LEVEL0 LEVEL1) [1]
Pruned:  0: (LOAD GOODS1 TRUCK1 MARKET1 LEVEL3 LEVEL4 LEVEL0 LEVEL1) [1]
Pruned:  0: (LOAD GOODS1 TRUCK1 MARKET1 LEVEL3 LEVEL4 LEVEL0 LEVEL1) [1]
Pruned:  0: (LOAD GOODS1 TRUCK1 MARKET1 LEVEL3 LEVEL4 LEVEL0 LEVEL1) [1]
Pruned:  0: (LOAD GOODS1 TRUCK1 MARKET1 LEVEL3 LEVEL4 LEVEL0 LEVEL1) [1]
Pruned:  0: (LOAD GOODS1 TRUCK1 MARKET1 LEVEL3 LEVEL4 LEVEL0 LEVEL1) [1]
Pruned:  0: (LOAD GOODS1 TRUCK1 MARKET1 LEVEL3 LEVEL4 LEVEL0 LEVEL1) [1]
Pruned:  0: (LOAD GOODS1 TRUCK1 MARKET1 LEVEL3 LEVEL4 LEVEL0 LEVEL1) [1]
Pruned:  0: (LOAD GOODS1 TRUCK1 MARKET1 LEVEL3 LEVEL4 LEVEL0 LEVEL1) [1]
Pruned:  0: (LOAD GOODS1 TRUCK1 MARKET1 LEVEL3 LEVEL4 LEVEL0 LEVEL1) [1]
Pruned:  0: (LOAD GOODS1 TRUCK1 MARKET1 LEVEL3 LEVEL4 LEVEL0 LEVEL1) [1]
Pruned:  0: (LOAD GOODS1 TRUCK1 MARKET1 LEVEL3 LEVEL4 LEVEL0 LEVEL1) [1]
Pruned:  0: (LOAD GOODS1 TRUCK1 MARKET1 LEVEL3 LEVEL4 LEVEL0 LEVEL1) [1]
Pruned:  0: (LOAD GOODS1 TRUCK1 MARKET1 LEVEL3 LEVEL4 LEVEL0 LEVEL1) [1]
Pruned:  0: (LOAD GOODS1 TRUCK1 MARKET1 LEVEL3 LEVEL4 LEVEL0 LEVEL1) [1]
Pruned:  0: (LOAD GOODS1 TRUCK1 MARKET1 LEVEL3 LEVEL4 LEVEL0 LEVEL1) [1]
Pruned:  0: (LOAD GOODS1 TRUCK1 MARKET1 LEVEL3 LEVEL4 LEVEL0 LEVEL1) [1]
Pruned:  0: (LOAD GOODS1 TRUCK1 MARKET1 LEVEL3 LEVEL4 LEVEL0 LEVEL1) [1]
Pruned:  0: (LOAD GOODS1 TRUCK1 MARKET1 LEVEL3 LEVEL4 LEVEL0 LEVEL1) [1]
Pruned:  0: (LOAD GOODS1 TRUCK1 MARKET1 LEVEL3 LEVEL4 LEVEL0 LEVEL1) [1]
Pruned:  0: (LOAD GOODS1 TRUCK1 MARKET1 LEVEL3 LEVEL4 LEVEL0 LEVEL1) [1]
Pruned:  0: (LOAD GOODS1 TRUCK1 MARKET1 LEVEL3 LEVEL4 LEVEL0 LEVEL1) [1]
Pruned:  0: (LOAD GOODS1 TRUCK1 MARKET1 LEVEL3 LEVEL4 LEVEL0 LEVEL1) [1]
Pruned:  0: (LOAD GOODS1 TRUCK1 MARKET1 LEVEL3 LEVEL4 LEVEL0 LEVEL1) [1]
Pruned:  0: (LOAD GOODS1 TRUCK1 MARKET1 LEVEL3 LEVEL4 LEVEL0 LEVEL1) [1]
Pruned:  0: (LOAD GOODS1 TRUCK1 MARKET1 LEVEL3 LEVEL4 LEVEL0 LEVEL1) [1]
Pruned:  0: (LOAD GOODS1 TRUCK1 MARKET1 LEVEL3 LEVEL4 LEVEL0 LEVEL1) [1]
Pruned:  0: (LOAD GOODS1 TRUCK1 MARKET1 LEVEL3 LEVEL4 LEVEL0 LEVEL1) [1]
Pruned:  0: (LOAD GOODS1 TRUCK1 MARKET1 LEVEL3 LEVEL4 LEVEL0 LEVEL1) [1]
Pruned:  0: (LOAD GOODS1 TRUCK1 MARKET1 LEVEL3 LEVEL4 LEVEL0 LEVEL1) [1]
Pruned:  0: (LOAD GOODS1 TRUCK1 MARKET1 LEVEL3 LEVEL4 LEVEL0 LEVEL1) [1]
Pruned:  0: (LOAD GOODS1 TRUCK1 MARKET1 LEVEL3 LEVEL4 LEVEL0 LEVEL1) [1]
Pruned:  0: (LOAD GOODS1 TRUCK1 MARKET1 LEVEL3 LEVEL4 LEVEL0 LEVEL1) [1]
Pruned:  0: (LOAD GOODS1 TRUCK1 MARKET1 LEVEL3 LEVEL4 LEVEL0 LEVEL1) [1]
Pruned:  0: (LOAD GOODS1 TRUCK1 MARKET1 LEVEL3 LEVEL4 LEVEL0 LEVEL1) [1]
Pruned:  0: (LOAD GOODS1 TRUCK1 MARKET1 LEVEL3 LEVEL4 LEVEL0 LEVEL1) [1]
Pruned:  0: (LOAD GOODS1 TRUCK1 MARKET1 LEVEL3 LEVEL4 LEVEL0 LEVEL1) [1]
Pruned:  0: (LOAD GOODS1 TRUCK1 MARKET1 LEVEL3 LEVEL4 LEVEL0 LEVEL1) [1]
Pruned:  0: (LOAD GOODS1 TRUCK1 MARKET1 LEVEL3 LEVEL4 LEVEL0 LEVEL1) [1]
Pruned:  0: (LOAD GOODS1 TRUCK1 MARKET1 LEVEL3 LEVEL4 LEVEL0 LEVEL1) [1]
Pruned:  0: (LOAD GOODS1 TRUCK1 MARKET1 LEVEL3 LEVEL4 LEVEL0 LEVEL1) [1]
Pruned:  0: (LOAD GOODS1 TRUCK1 MARKET1 LEVEL3 LEVEL4 LEVEL0 LEVEL1) [1]
Pruned:  0: (LOAD GOODS1 TRUCK1 MARKET1 LEVEL3 LEVEL4 LEVEL0 LEVEL1) [1]
Pruned:  0: (LOAD GOODS1 TRUCK1 MARKET1 LEVEL3 LEVEL4 LEVEL0 LEVEL1) [1]
Pruned:  0: (LOAD GOODS1 TRUCK1 MARKET1 LEVEL3 LEVEL4 LEVEL0 LEVEL1) [1]
Pruned:  0: (LOAD GOODS1 TRUCK1 MARKET1 LEVEL3 LEVEL4 LEVEL0 LEVEL1) [1]
Pruned:  0: (LOAD GOODS1 TRUCK1 MARKET1 LEVEL3 LEVEL4 LEVEL0 LEVEL1) [1]
Pruned:  0: (LOAD GOODS1 TRUCK1 MARKET1 LEVEL3 LEVEL4 LEVEL0 LEVEL1) [1]
Pruned:  0: (LOAD GOODS1 TRUCK1 MARKET1 LEVEL3 LEVEL4 LEVEL0 LEVEL1) [1]
Pruned:  0: (LOAD GOODS1 TRUCK1 MARKET1 LEVEL3 LEVEL4 LEVEL0 LEVEL1) [1]
Pruned:  0: (LOAD GOODS1 TRUCK1 MARKET1 LEVEL3 LEVEL4 LEVEL0 LEVEL1) [1]
Pruned:  0: (LOAD GOODS1 TRUCK1 MARKET1 LEVEL3 LEVEL4 LEVEL0 LEVEL1) [1]
Pruned:  0: (LOAD GOODS1 TRUCK1 MARKET1 LEVEL3 LEVEL4 LEVEL0 LEVEL1) [1]
Pruned:  0: (LOAD GOODS1 TRUCK1 MARKET1 LEVEL3 LEVEL4 LEVEL0 LEVEL1) [1]
Pruned:  0: (LOAD GOODS1 TRUCK1 MARKET1 LEVEL3 LEVEL4 LEVEL0 LEVEL1) [1]
Pruned:  0: (LOAD GOODS1 TRUCK1 MARKET1 LEVEL3 LEVEL4 LEVEL0 LEVEL1) [1]
Pruned:  0: (LOAD GOODS1 TRUCK1 MARKET1 LEVEL3 LEVEL4 LEVEL0 LEVEL1) [1]
Pruned:  0: (LOAD GOODS1 TRUCK1 MARKET1 LEVEL3 LEVEL4 LEVEL0 LEVEL1) [1]
Pruned:  0: (LOAD GOODS1 TRUCK1 MARKET1 LEVEL3 LEVEL4 LEVEL0 LEVEL1) [1]
Pruned:  0: (LOAD GOODS1 TRUCK1 MARKET1 LEVEL3 LEVEL4 LEVEL0 LEVEL1) [1]
Pruned:  0: (LOAD GOODS1 TRUCK1 MARKET1 LEVEL3 LEVEL4 LEVEL0 LEVEL1) [1]
Pruned:  0: (LOAD GOODS1 TRUCK1 MARKET1 LEVEL3 LEVEL4 LEVEL0 LEVEL1) [1]
Pruned:  0: (LOAD GOODS1 TRUCK1 MARKET1 LEVEL3 LEVEL4 LEVEL0 LEVEL1) [1]
Pruned:  0: (LOAD GOODS1 TRUCK1 MARKET1 LEVEL3 LEVEL4 LEVEL0 LEVEL1) [1]
Pruned:  0: (LOAD GOODS1 TRUCK1 MARKET1 LEVEL3 LEVEL4 LEVEL0 LEVEL1) [1]
Pruned:  0: (LOAD GOODS1 TRUCK1 MARKET1 LEVEL3 LEVEL4 LEVEL0 LEVEL1) [1]
Pruned:  0: (LOAD GOODS1 TRUCK1 MARKET1 LEVEL3 LEVEL4 LEVEL0 LEVEL1) [1]
Pruned:  0: (LOAD GOODS1 TRUCK1 MARKET1 LEVEL3 LEVEL4 LEVEL0 LEVEL1) [1]
Pruned:  0: (LOAD GOODS1 TRUCK1 MARKET1 LEVEL3 LEVEL4 LEVEL0 LEVEL1) [1]
Pruned:  0: (LOAD GOODS1 TRUCK1 MARKET1 LEVEL3 LEVEL4 LEVEL0 LEVEL1) [1]
Pruned:  0: (LOAD GOODS1 TRUCK1 MARKET1 LEVEL3 LEVEL4 LEVEL0 LEVEL1) [1]
Pruned:  0: (LOAD GOODS1 TRUCK1 MARKET1 LEVEL3 LEVEL4 LEVEL0 LEVEL1) [1]
Pruned:  0: (LOAD GOODS1 TRUCK1 MARKET1 LEVEL3 LEVEL4 LEVEL0 LEVEL1) [1]
Pruned:  0: (LOAD GOODS1 TRUCK1 MARKET1 LEVEL3 LEVEL4 LEVEL0 LEVEL1) [1]
Pruned:  0: (LOAD GOODS1 TRUCK1 MARKET1 LEVEL3 LEVEL4 LEVEL0 LEVEL1) [1]
Pruned:  0: (LOAD GOODS1 TRUCK1 MARKET1 LEVEL3 LEVEL4 LEVEL0 LEVEL1) [1]
Pruned:  0: (LOAD GOODS1 TRUCK1 MARKET1 LEVEL3 LEVEL4 LEVEL0 LEVEL1) [1]
Pruned:  0: (LOAD GOODS1 TRUCK1 MARKET1 LEVEL3 LEVEL4 LEVEL0 LEVEL1) [1]
Pruned:  0: (LOAD GOODS1 TRUCK1 MARKET1 LEVEL3 LEVEL4 LEVEL0 LEVEL1) [1]
Pruned:  0: (LOAD GOODS1 TRUCK1 MARKET1 LEVEL3 LEVEL4 LEVEL0 LEVEL1) [1]
Pruned:  0: (LOAD GOODS1 TRUCK1 MARKET1 LEVEL3 LEVEL4 LEVEL0 LEVEL1) [1]
Pruned:  0: (LOAD GOODS1 TRUCK1 MARKET1 LEVEL3 LEVEL4 LEVEL0 LEVEL1) [1]
Pruned:  0: (LOAD GOODS1 TRUCK1 MARKET1 LEVEL3 LEVEL4 LEVEL0 LEVEL1) [1]
Pruned:  0: (LOAD GOODS1 TRUCK1 MARKET1 LEVEL3 LEVEL4 LEVEL0 LEVEL1) [1]
Pruned:  0: (LOAD GOODS1 TRUCK1 MARKET1 LEVEL3 LEVEL4 LEVEL0 LEVEL1) [1]
Pruned:  0: (LOAD GOODS1 TRUCK1 MARKET1 LEVEL3 LEVEL4 LEVEL0 LEVEL1) [1]
Pruned:  0: (LOAD GOODS1 TRUCK1 MARKET1 LEVEL3 LEVEL4 LEVEL0 LEVEL1) [1]
Pruned:  0: (LOAD GOODS1 TRUCK1 MARKET1 LEVEL3 LEVEL4 LEVEL0 LEVEL1) [1]
Pruned:  0: (LOAD GOODS1 TRUCK1 MARKET1 LEVEL3 LEVEL4 LEVEL0 LEVEL1) [1]
Pruned:  0: (LOAD GOODS1 TRUCK1 MARKET1 LEVEL3 LEVEL4 LEVEL0 LEVEL1) [1]
Pruned:  0: (LOAD GOODS1 TRUCK1 MARKET1 LEVEL3 LEVEL4 LEVEL0 LEVEL1) [1]
Pruned:  0: (LOAD GOODS1 TRUCK1 MARKET1 LEVEL3 LEVEL4 LEVEL0 LEVEL1) [1]
Pruned:  0: (LOAD GOODS1 TRUCK1 MARKET1 LEVEL3 LEVEL4 LEVEL0 LEVEL1) [1]
Pruned:  0: (LOAD GOODS1 TRUCK1 MARKET1 LEVEL3 LEVEL4 LEVEL0 LEVEL1) [1]
Pruned:  0: (LOAD GOODS1 TRUCK1 MARKET1 LEVEL3 LEVEL4 LEVEL0 LEVEL1) [1]
Pruned:  0: (LOAD GOODS1 TRUCK1 MARKET1 LEVEL3 LEVEL4 LEVEL0 LEVEL1) [1]
Pruned:  0: (LOAD GOODS1 TRUCK1 MARKET1 LEVEL3 LEVEL4 LEVEL0 LEVEL1) [1]
Pruned:  0: (LOAD GOODS1 TRUCK1 MARKET1 LEVEL3 LEVEL4 LEVEL0 LEVEL1) [1]
Pruned:  0: (LOAD GOODS1 TRUCK1 MARKET1 LEVEL3 LEVEL4 LEVEL0 LEVEL1) [1]
Pruned:  0: (LOAD GOODS1 TRUCK1 MARKET1 LEVEL3 LEVEL4 LEVEL0 LEVEL1) [1]
Pruned:  0: (LOAD GOODS1 TRUCK1 MARKET1 LEVEL3 LEVEL4 LEVEL0 LEVEL1) [1]
Pruned:  0: (LOAD GOODS1 TRUCK1 MARKET1 LEVEL3 LEVEL4 LEVEL0 LEVEL1) [1]
Pruned:  0: (LOAD GOODS1 TRUCK1 MARKET1 LEVEL3 LEVEL4 LEVEL0 LEVEL1) [1]
Pruned:  0: (LOAD GOODS1 TRUCK1 MARKET1 LEVEL3 LEVEL4 LEVEL0 LEVEL1) [1]
Pruned:  0: (LOAD GOODS1 TRUCK1 MARKET1 LEVEL3 LEVEL4 LEVEL0 LEVEL1) [1]
Pruned:  0: (LOAD GOODS1 TRUCK1 MARKET1 LEVEL3 LEVEL4 LEVEL0 LEVEL1) [1]
Pruned:  0: (LOAD GOODS1 TRUCK1 MARKET1 LEVEL3 LEVEL4 LEVEL0 LEVEL1) [1]
Pruned:  0: (LOAD GOODS1 TRUCK1 MARKET1 LEVEL3 LEVEL4 LEVEL0 LEVEL1) [1]
Pruned:  0: (LOAD GOODS1 TRUCK1 MARKET1 LEVEL3 LEVEL4 LEVEL0 LEVEL1) [1]
Pruned:  0: (LOAD GOODS1 TRUCK1 MARKET1 LEVEL3 LEVEL4 LEVEL0 LEVEL1) [1]
Pruned:  0: (LOAD GOODS1 TRUCK1 MARKET1 LEVEL3 LEVEL4 LEVEL0 LEVEL1) [1]
Pruned:  0: (LOAD GOODS1 TRUCK1 MARKET1 LEVEL3 LEVEL4 LEVEL0 LEVEL1) [1]
Pruned:  0: (LOAD GOODS1 TRUCK1 MARKET1 LEVEL3 LEVEL4 LEVEL0 LEVEL1) [1]
Pruned:  0: (LOAD GOODS1 TRUCK1 MARKET1 LEVEL3 LEVEL4 LEVEL0 LEVEL1) [1]
Pruned:  0: (LOAD GOODS1 TRUCK1 MARKET1 LEVEL3 LEVEL4 LEVEL0 LEVEL1) [1]
Pruned:  0: (LOAD GOODS1 TRUCK1 MARKET1 LEVEL3 LEVEL4 LEVEL0 LEVEL1) [1]
Pruned:  0: (LOAD GOODS1 TRUCK1 MARKET1 LEVEL3 LEVEL4 LEVEL0 LEVEL1) [1]
Pruned:  0: (LOAD GOODS1 TRUCK1 MARKET1 LEVEL3 LEVEL4 LEVEL0 LEVEL1) [1]
Pruned:  0: (LOAD GOODS1 TRUCK1 MARKET1 LEVEL3 LEVEL4 LEVEL0 LEVEL1) [1]
Pruned:  0: (LOAD GOODS1 TRUCK1 MARKET1 LEVEL3 LEVEL4 LEVEL0 LEVEL1) [1]
Pruned:  0: (LOAD GOODS1 TRUCK1 MARKET1 LEVEL3 LEVEL4 LEVEL0 LEVEL1) [1]
Pruned:  0: (LOAD GOODS1 TRUCK1 MARKET1 LEVEL3 LEVEL4 LEVEL0 LEVEL1) [1]
Pruned:  0: (LOAD GOODS1 TRUCK1 MARKET1 LEVEL3 LEVEL4 LEVEL0 LEVEL1) [1]
Pruned:  0: (LOAD GOODS1 TRUCK1 MARKET1 LEVEL3 LEVEL4 LEVEL0 LEVEL1) [1]
Pruned:  0: (LOAD GOODS1 TRUCK1 MARKET1 LEVEL3 LEVEL4 LEVEL0 LEVEL1) [1]
Pruned:  0: (LOAD GOODS1 TRUCK1 MARKET1 LEVEL3 LEVEL4 LEVEL0 LEVEL1) [1]
Pruned:  0: (LOAD GOODS1 TRUCK1 MARKET1 LEVEL3 LEVEL4 LEVEL0 LEVEL1) [1]
Pruned:  0: (LOAD GOODS1 TRUCK1 MARKET1 LEVEL3 LEVEL4 LEVEL0 LEVEL1) [1]
Pruned:  0: (LOAD GOODS1 TRUCK1 MARKET1 LEVEL3 LEVEL4 LEVEL0 LEVEL1) [1]
Pruned:  0: (LOAD GOODS1 TRUCK1 MARKET1 LEVEL3 LEVEL4 LEVEL0 LEVEL1) [1]
Pruned:  0: (LOAD GOODS1 TRUCK1 MARKET1 LEVEL3 LEVEL4 LEVEL0 LEVEL1) [1]
Pruned:  0: (LOAD GOODS1 TRUCK1 MARKET1 LEVEL3 LEVEL4 LEVEL0 LEVEL1) [1]
Pruned:  0: (LOAD GOODS1 TRUCK1 MARKET1 LEVEL3 LEVEL4 LEVEL0 LEVEL1) [1]
Pruned:  0: (LOAD GOODS1 TRUCK1 MARKET1 LEVEL3 LEVEL4 LEVEL0 LEVEL1) [1]
Pruned:  0: (LOAD GOODS1 TRUCK1 MARKET1 LEVEL3 LEVEL4 LEVEL0 LEVEL1) [1]
Pruned:  0: (LOAD GOODS1 TRUCK1 MARKET1 LEVEL3 LEVEL4 LEVEL0 LEVEL1) [1]
Pruned:  0: (LOAD GOODS1 TRUCK1 MARKET1 LEVEL3 LEVEL4 LEVEL0 LEVEL1) [1]
Pruned:  0: (LOAD GOODS1 TRUCK1 MARKET1 LEVEL3 LEVEL4 LEVEL0 LEVEL1) [1]
Pruned:  0: (LOAD GOODS1 TRUCK1 MARKET1 LEVEL3 LEVEL4 LEVEL0 LEVEL1) [1]
Pruned:  0: (LOAD GOODS1 TRUCK1 MARKET1 LEVEL3 LEVEL4 LEVEL0 LEVEL1) [1]
Pruned:  0: (LOAD GOODS1 TRUCK1 MARKET1 LEVEL3 LEVEL4 LEVEL0 LEVEL1) [1]
Pruned:  2: (BUY TRUCK3 GOODS9 MARKET4 LEVEL1 LEVEL2 LEVEL0 LEVEL1) [1]
Pruned:  3: (LOAD GOODS9 TRUCK3 MARKET4 LEVEL0 LEVEL1 LEVEL0 LEVEL1) [1]
Pruned:  4: (BUY TRUCK1 GOODS1 MARKET1 LEVEL0 LEVEL1 LEVEL0 LEVEL1) [1]
Pruned:  4: (BUY TRUCK3 GOODS9 MARKET4 LEVEL0 LEVEL1 LEVEL0 LEVEL1) [1]
Pruned:  4: (BUY TRUCK1 GOODS11 MARKET1 LEVEL1 LEVEL2 LEVEL0 LEVEL1) [1]
Pruned:  4: (BUY TRUCK3 GOODS2 MARKET4 LEVEL1 LEVEL2 LEVEL0 LEVEL1) [1]
Pruned:  5: (LOAD GOODS1 TRUCK1 MARKET1 LEVEL0 LEVEL1 LEVEL0 LEVEL1) [1]
Pruned:  5: (LOAD GOODS11 TRUCK1 MARKET1 LEVEL0 LEVEL1 LEVEL0 LEVEL1) [1]
Pruned:  5: (LOAD GOODS9 TRUCK3 MARKET4 LEVEL0 LEVEL1 LEVEL1 LEVEL2) [1]
Pruned:  5: (BUY TRUCK3 GOODS2 MARKET4 LEVEL0 LEVEL1 LEVEL1 LEVEL2) [1]
Pruned:  6: (LOAD GOODS2 TRUCK2 MARKET4 LEVEL1 LEVEL2 LEVEL0 LEVEL1) [1]
---SatPlan Version: 1.1
***SAT!***

Solved in 11 layers

Real Time: = 5.34
User Time: = 4.93
Syst Time: = 0.39

__MEMKB 65536
