---SatPlan Version: 1.1

bb: parsing domain file
domain 'TPP-PROPOSITIONAL' defined
 ... done.
bb: parsing problem file
problem 'TPP' defined
 ... done.


time:   0,   173 facts and       0 exclusive pairs
             178 ops   and       5 exclusive pairs
time:   1,   178 facts and       5 exclusive pairs

creating thin gp-based encoding...
plan graph layer 0...
plan graph layer 1...
goal constraints...

goal fact not coded - level too low??


bb: parsing domain file
domain 'TPP-PROPOSITIONAL' defined
 ... done.
bb: parsing problem file
problem 'TPP' defined
 ... done.


time:   0,   173 facts and       0 exclusive pairs
             178 ops   and       5 exclusive pairs
time:   1,   178 facts and       5 exclusive pairs
             263 ops   and     660 exclusive pairs
time:   2,   214 facts and      82 exclusive pairs

creating thin gp-based encoding...
plan graph layer 0...
plan graph layer 1...
plan graph layer 2...
goal constraints...

goal fact not coded - level too low??


bb: parsing domain file
domain 'TPP-PROPOSITIONAL' defined
 ... done.
bb: parsing problem file
problem 'TPP' defined
 ... done.


time:   0,   173 facts and       0 exclusive pairs
             178 ops   and       5 exclusive pairs
time:   1,   178 facts and       5 exclusive pairs
             263 ops   and     660 exclusive pairs
time:   2,   214 facts and      82 exclusive pairs
             454 ops   and    5627 exclusive pairs
time:   3,   320 facts and     995 exclusive pairs

creating thin gp-based encoding...
plan graph layer 0...
plan graph layer 1...
plan graph layer 2...
plan graph layer 3...
goal constraints...

goal fact not coded - level too low??


bb: parsing domain file
domain 'TPP-PROPOSITIONAL' defined
 ... done.
bb: parsing problem file
problem 'TPP' defined
 ... done.


time:   0,   173 facts and       0 exclusive pairs
             178 ops   and       5 exclusive pairs
time:   1,   178 facts and       5 exclusive pairs
             263 ops   and     660 exclusive pairs
time:   2,   214 facts and      82 exclusive pairs
             454 ops   and    5627 exclusive pairs
time:   3,   320 facts and     995 exclusive pairs
             795 ops   and   29025 exclusive pairs
time:   4,   371 facts and     815 exclusive pairs

creating thin gp-based encoding...
plan graph layer 0...
plan graph layer 1...
plan graph layer 2...
plan graph layer 3...
plan graph layer 4...
goal constraints...

goal fact not coded - level too low??


bb: parsing domain file
domain 'TPP-PROPOSITIONAL' defined
 ... done.
bb: parsing problem file
problem 'TPP' defined
 ... done.


time:   0,   173 facts and       0 exclusive pairs
             178 ops   and       5 exclusive pairs
time:   1,   178 facts and       5 exclusive pairs
             263 ops   and     660 exclusive pairs
time:   2,   214 facts and      82 exclusive pairs
             454 ops   and    5627 exclusive pairs
time:   3,   320 facts and     995 exclusive pairs
             795 ops   and   29025 exclusive pairs
time:   4,   371 facts and     815 exclusive pairs
            1261 ops   and   88495 exclusive pairs
time:   5,   457 facts and    1051 exclusive pairs

creating thin gp-based encoding...
plan graph layer 0...
plan graph layer 1...
plan graph layer 2...
plan graph layer 3...
plan graph layer 4...
plan graph layer 5...
goal constraints...

goal fact not coded - level too low??


bb: parsing domain file
domain 'TPP-PROPOSITIONAL' defined
 ... done.
bb: parsing problem file
problem 'TPP' defined
 ... done.


time:   0,   173 facts and       0 exclusive pairs
             178 ops   and       5 exclusive pairs
time:   1,   178 facts and       5 exclusive pairs
             263 ops   and     660 exclusive pairs
time:   2,   214 facts and      82 exclusive pairs
             454 ops   and    5627 exclusive pairs
time:   3,   320 facts and     995 exclusive pairs
             795 ops   and   29025 exclusive pairs
time:   4,   371 facts and     815 exclusive pairs
            1261 ops   and   88495 exclusive pairs
time:   5,   457 facts and    1051 exclusive pairs
            1837 ops   and  204941 exclusive pairs
time:   6,   525 facts and    1109 exclusive pairs

creating thin gp-based encoding...
plan graph layer 0...
plan graph layer 1...
plan graph layer 2...
plan graph layer 3...
plan graph layer 4...
plan graph layer 5...
plan graph layer 6...
goal constraints...

goal fact not coded - level too low??


bb: parsing domain file
domain 'TPP-PROPOSITIONAL' defined
 ... done.
bb: parsing problem file
problem 'TPP' defined
 ... done.


time:   0,   173 facts and       0 exclusive pairs
             178 ops   and       5 exclusive pairs
time:   1,   178 facts and       5 exclusive pairs
             263 ops   and     660 exclusive pairs
time:   2,   214 facts and      82 exclusive pairs
             454 ops   and    5627 exclusive pairs
time:   3,   320 facts and     995 exclusive pairs
             795 ops   and   29025 exclusive pairs
time:   4,   371 facts and     815 exclusive pairs
            1261 ops   and   88495 exclusive pairs
time:   5,   457 facts and    1051 exclusive pairs
            1837 ops   and  204941 exclusive pairs
time:   6,   525 facts and    1109 exclusive pairs
            2635 ops   and  462669 exclusive pairs
time:   7,   614 facts and    1550 exclusive pairs

creating thin gp-based encoding...
plan graph layer 0...
plan graph layer 1...
plan graph layer 2...
plan graph layer 3...
plan graph layer 4...
plan graph layer 5...
plan graph layer 6...
plan graph layer 7...
goal constraints...

goal fact not coded - level too low??


bb: parsing domain file
domain 'TPP-PROPOSITIONAL' defined
 ... done.
bb: parsing problem file
problem 'TPP' defined
 ... done.


time:   0,   173 facts and       0 exclusive pairs
             178 ops   and       5 exclusive pairs
time:   1,   178 facts and       5 exclusive pairs
             263 ops   and     660 exclusive pairs
time:   2,   214 facts and      82 exclusive pairs
             454 ops   and    5627 exclusive pairs
time:   3,   320 facts and     995 exclusive pairs
             795 ops   and   29025 exclusive pairs
time:   4,   371 facts and     815 exclusive pairs
            1261 ops   and   88495 exclusive pairs
time:   5,   457 facts and    1051 exclusive pairs
            1837 ops   and  204941 exclusive pairs
time:   6,   525 facts and    1109 exclusive pairs
            2635 ops   and  462669 exclusive pairs
time:   7,   614 facts and    1550 exclusive pairs
            3529 ops   and  874340 exclusive pairs
time:   8,   673 facts and    1609 exclusive pairs

creating thin gp-based encoding...
plan graph layer 0...
plan graph layer 1...
plan graph layer 2...
plan graph layer 3...
plan graph layer 4...
plan graph layer 5...
plan graph layer 6...
plan graph layer 7...
plan graph layer 8...
goal constraints...

goal fact not coded - level too low??


bb: parsing domain file
domain 'TPP-PROPOSITIONAL' defined
 ... done.
bb: parsing problem file
problem 'TPP' defined
 ... done.


time:   0,   173 facts and       0 exclusive pairs
             178 ops   and       5 exclusive pairs
time:   1,   178 facts and       5 exclusive pairs
             263 ops   and     660 exclusive pairs
time:   2,   214 facts and      82 exclusive pairs
             454 ops   and    5627 exclusive pairs
time:   3,   320 facts and     995 exclusive pairs
             795 ops   and   29025 exclusive pairs
time:   4,   371 facts and     815 exclusive pairs
            1261 ops   and   88495 exclusive pairs
time:   5,   457 facts and    1051 exclusive pairs
            1837 ops   and  204941 exclusive pairs
time:   6,   525 facts and    1109 exclusive pairs
            2635 ops   and  462669 exclusive pairs
time:   7,   614 facts and    1550 exclusive pairs
            3529 ops   and  874340 exclusive pairs
time:   8,   673 facts and    1609 exclusive pairs
            4158 ops   and 1210284 exclusive pairs
time:   9,   675 facts and    1343 exclusive pairs

creating thin gp-based encoding...
plan graph layer 0...
plan graph layer 1...
plan graph layer 2...
plan graph layer 3...
plan graph layer 4...
plan graph layer 5...
plan graph layer 6...
plan graph layer 7...
plan graph layer 8...
plan graph layer 9...
goal constraints...

goal fact not coded - level too low??


bb: parsing domain file
domain 'TPP-PROPOSITIONAL' defined
 ... done.
bb: parsing problem file
problem 'TPP' defined
 ... done.


time:   0,   173 facts and       0 exclusive pairs
             178 ops   and       5 exclusive pairs
time:   1,   178 facts and       5 exclusive pairs
             263 ops   and     660 exclusive pairs
time:   2,   214 facts and      82 exclusive pairs
             454 ops   and    5627 exclusive pairs
time:   3,   320 facts and     995 exclusive pairs
             795 ops   and   29025 exclusive pairs
time:   4,   371 facts and     815 exclusive pairs
            1261 ops   and   88495 exclusive pairs
time:   5,   457 facts and    1051 exclusive pairs
            1837 ops   and  204941 exclusive pairs
time:   6,   525 facts and    1109 exclusive pairs
            2635 ops   and  462669 exclusive pairs
time:   7,   614 facts and    1550 exclusive pairs
            3529 ops   and  874340 exclusive pairs
time:   8,   673 facts and    1609 exclusive pairs
            4158 ops   and 1210284 exclusive pairs
time:   9,   675 facts and    1343 exclusive pairs
            4530 ops   and 1431588 exclusive pairs
time:  10,   677 facts and    1254 exclusive pairs

creating thin gp-based encoding...
plan graph layer 0...
plan graph layer 1...
plan graph layer 2...
plan graph layer 3...
plan graph layer 4...
plan graph layer 5...
plan graph layer 6...
plan graph layer 7...
plan graph layer 8...
plan graph layer 9...
plan graph layer 10...
goal constraints...

goal fact not coded - level too low??


bb: parsing domain file
domain 'TPP-PROPOSITIONAL' defined
 ... done.
bb: parsing problem file
problem 'TPP' defined
 ... done.


time:   0,   173 facts and       0 exclusive pairs
             178 ops   and       5 exclusive pairs
time:   1,   178 facts and       5 exclusive pairs
             263 ops   and     660 exclusive pairs
time:   2,   214 facts and      82 exclusive pairs
             454 ops   and    5627 exclusive pairs
time:   3,   320 facts and     995 exclusive pairs
             795 ops   and   29025 exclusive pairs
time:   4,   371 facts and     815 exclusive pairs
            1261 ops   and   88495 exclusive pairs
time:   5,   457 facts and    1051 exclusive pairs
            1837 ops   and  204941 exclusive pairs
time:   6,   525 facts and    1109 exclusive pairs
            2635 ops   and  462669 exclusive pairs
time:   7,   614 facts and    1550 exclusive pairs
            3529 ops   and  874340 exclusive pairs
time:   8,   673 facts and    1609 exclusive pairs
            4158 ops   and 1210284 exclusive pairs
time:   9,   675 facts and    1343 exclusive pairs
            4530 ops   and 1431588 exclusive pairs
time:  10,   677 facts and    1254 exclusive pairs
            4622 ops   and 1485379 exclusive pairs
time:  11,   678 facts and    1232 exclusive pairs

creating thin gp-based encoding...
plan graph layer 0...
plan graph layer 1...
plan graph layer 2...
plan graph layer 3...
plan graph layer 4...
plan graph layer 5...
plan graph layer 6...
plan graph layer 7...
plan graph layer 8...
plan graph layer 9...
plan graph layer 10...
plan graph layer 11...
goal constraints...

goal fact not coded - level too low??


bb: parsing domain file
domain 'TPP-PROPOSITIONAL' defined
 ... done.
bb: parsing problem file
problem 'TPP' defined
 ... done.


time:   0,   173 facts and       0 exclusive pairs
             178 ops   and       5 exclusive pairs
time:   1,   178 facts and       5 exclusive pairs
             263 ops   and     660 exclusive pairs
time:   2,   214 facts and      82 exclusive pairs
             454 ops   and    5627 exclusive pairs
time:   3,   320 facts and     995 exclusive pairs
             795 ops   and   29025 exclusive pairs
time:   4,   371 facts and     815 exclusive pairs
            1261 ops   and   88495 exclusive pairs
time:   5,   457 facts and    1051 exclusive pairs
            1837 ops   and  204941 exclusive pairs
time:   6,   525 facts and    1109 exclusive pairs
            2635 ops   and  462669 exclusive pairs
time:   7,   614 facts and    1550 exclusive pairs
            3529 ops   and  874340 exclusive pairs
time:   8,   673 facts and    1609 exclusive pairs
            4158 ops   and 1210284 exclusive pairs
time:   9,   675 facts and    1343 exclusive pairs
            4530 ops   and 1431588 exclusive pairs
time:  10,   677 facts and    1254 exclusive pairs
            4622 ops   and 1485379 exclusive pairs
time:  11,   678 facts and    1232 exclusive pairs
            4693 ops   and 1530532 exclusive pairs
time:  12,   679 facts and    1236 exclusive pairs

creating thin gp-based encoding...
plan graph layer 0...
plan graph layer 1...
plan graph layer 2...
plan graph layer 3...
plan graph layer 4...
plan graph layer 5...
plan graph layer 6...
plan graph layer 7...
plan graph layer 8...
plan graph layer 9...
plan graph layer 10...
plan graph layer 11...
plan graph layer 12...
goal constraints...
exclusion constraints layer 0...
exclusion constraints layer 1...
exclusion constraints layer 2...
exclusion constraints layer 3...
exclusion constraints layer 4...
exclusion constraints layer 5...
exclusion constraints layer 6...
exclusion constraints layer 7...
exclusion constraints layer 8...
exclusion constraints layer 9...
exclusion constraints layer 10...
exclusion constraints layer 11...
exclusion constraints layer 12...

DECISION LAYER 12, WRITING THIN GP-BASED ENCODING WITH 35189 VARS, 998982 CLAUSES.

time spent:    0.00 seconds instantiating 14470 action templates
               0.00 seconds reachability analysis, yielding 849 facts and 6750 actions
               0.00 seconds collecting 777 relevant facts
               0.00 seconds building connectivity graph
               0.00 seconds building (std) graph
               3.62 seconds CNF output time
               3.62 seconds total planner time (solving not included)


***Solving***


[ filemap ]
[ extract ]

variables : 35189
pure lits : 837

1-clauses : 15
2-clauses : 994132
3-clauses : 195
n-clauses : 4640
discarded : 0

[ solve ]


satisfiable                             

[ stats ]

decisions : 219116
conflicts : 11040
time : ~0.965


bb: parsing domain file
domain 'TPP-PROPOSITIONAL' defined
 ... done.
bb: parsing problem file
problem 'TPP' defined
 ... done.


time:   0,   173 facts and       0 exclusive pairs
             178 ops   and       5 exclusive pairs
time:   1,   178 facts and       5 exclusive pairs
             263 ops   and     660 exclusive pairs
time:   2,   214 facts and      82 exclusive pairs
             454 ops   and    5627 exclusive pairs
time:   3,   320 facts and     995 exclusive pairs
             795 ops   and   29025 exclusive pairs
time:   4,   371 facts and     815 exclusive pairs
            1261 ops   and   88495 exclusive pairs
time:   5,   457 facts and    1051 exclusive pairs
            1837 ops   and  204941 exclusive pairs
time:   6,   525 facts and    1109 exclusive pairs
            2635 ops   and  462669 exclusive pairs
time:   7,   614 facts and    1550 exclusive pairs
            3529 ops   and  874340 exclusive pairs
time:   8,   673 facts and    1609 exclusive pairs
            4158 ops   and 1210284 exclusive pairs
time:   9,   675 facts and    1343 exclusive pairs
            4530 ops   and 1431588 exclusive pairs
time:  10,   677 facts and    1254 exclusive pairs
            4622 ops   and 1485379 exclusive pairs
time:  11,   678 facts and    1232 exclusive pairs
            4693 ops   and 1530532 exclusive pairs
time:  12,   679 facts and    1236 exclusive pairs

creating thin gp-based encoding...
plan graph layer 0...
plan graph layer 1...
plan graph layer 2...
plan graph layer 3...
plan graph layer 4...
plan graph layer 5...
plan graph layer 6...
plan graph layer 7...
plan graph layer 8...
plan graph layer 9...
plan graph layer 10...
plan graph layer 11...
plan graph layer 12...
goal constraints...
exclusion constraints layer 0...
exclusion constraints layer 1...
exclusion constraints layer 2...
exclusion constraints layer 3...
exclusion constraints layer 4...
exclusion constraints layer 5...
exclusion constraints layer 6...
exclusion constraints layer 7...
exclusion constraints layer 8...
exclusion constraints layer 9...
exclusion constraints layer 10...
exclusion constraints layer 11...
exclusion constraints layer 12...

DECISION LAYER 12, WRITING THIN GP-BASED ENCODING WITH 35189 VARS, 998982 CLAUSES.

time spent:    0.00 seconds instantiating 14470 action templates
               0.00 seconds reachability analysis, yielding 849 facts and 6750 actions
               0.00 seconds collecting 777 relevant facts
               0.01 seconds building connectivity graph
               0.00 seconds building (std) graph
               3.53 seconds CNF output time
               3.54 seconds total planner time (solving not included)

Pruned:  0: (LOAD GOODS1 TRUCK1 MARKET1 LEVEL3 LEVEL4 LEVEL0 LEVEL1) [1]
Pruned:  0: (LOAD GOODS1 TRUCK1 MARKET1 LEVEL3 LEVEL4 LEVEL0 LEVEL1) [1]
Pruned:  0: (LOAD GOODS1 TRUCK1 MARKET1 LEVEL3 LEVEL4 LEVEL0 LEVEL1) [1]
Pruned:  0: (LOAD GOODS1 TRUCK1 MARKET1 LEVEL3 LEVEL4 LEVEL0 LEVEL1) [1]
Pruned:  0: (LOAD GOODS1 TRUCK1 MARKET1 LEVEL3 LEVEL4 LEVEL0 LEVEL1) [1]
Pruned:  0: (LOAD GOODS1 TRUCK1 MARKET1 LEVEL3 LEVEL4 LEVEL0 LEVEL1) [1]
Pruned:  0: (LOAD GOODS1 TRUCK1 MARKET1 LEVEL3 LEVEL4 LEVEL0 LEVEL1) [1]
Pruned:  0: (LOAD GOODS1 TRUCK1 MARKET1 LEVEL3 LEVEL4 LEVEL0 LEVEL1) [1]
Pruned:  0: (LOAD GOODS1 TRUCK1 MARKET1 LEVEL3 LEVEL4 LEVEL0 LEVEL1) [1]
Pruned:  0: (LOAD GOODS1 TRUCK1 MARKET1 LEVEL3 LEVEL4 LEVEL0 LEVEL1) [1]
Pruned:  0: (LOAD GOODS1 TRUCK1 MARKET1 LEVEL3 LEVEL4 LEVEL0 LEVEL1) [1]
Pruned:  0: (LOAD GOODS1 TRUCK1 MARKET1 LEVEL3 LEVEL4 LEVEL0 LEVEL1) [1]
Pruned:  0: (LOAD GOODS1 TRUCK1 MARKET1 LEVEL3 LEVEL4 LEVEL0 LEVEL1) [1]
Pruned:  0: (LOAD GOODS1 TRUCK1 MARKET1 LEVEL3 LEVEL4 LEVEL0 LEVEL1) [1]
Pruned:  0: (LOAD GOODS1 TRUCK1 MARKET1 LEVEL3 LEVEL4 LEVEL0 LEVEL1) [1]
Pruned:  0: (LOAD GOODS1 TRUCK1 MARKET1 LEVEL3 LEVEL4 LEVEL0 LEVEL1) [1]
Pruned:  0: (LOAD GOODS1 TRUCK1 MARKET1 LEVEL3 LEVEL4 LEVEL0 LEVEL1) [1]
Pruned:  0: (LOAD GOODS1 TRUCK1 MARKET1 LEVEL3 LEVEL4 LEVEL0 LEVEL1) [1]
Pruned:  0: (LOAD GOODS1 TRUCK1 MARKET1 LEVEL3 LEVEL4 LEVEL0 LEVEL1) [1]
Pruned:  0: (LOAD GOODS1 TRUCK1 MARKET1 LEVEL3 LEVEL4 LEVEL0 LEVEL1) [1]
Pruned:  0: (LOAD GOODS1 TRUCK1 MARKET1 LEVEL3 LEVEL4 LEVEL0 LEVEL1) [1]
Pruned:  0: (LOAD GOODS1 TRUCK1 MARKET1 LEVEL3 LEVEL4 LEVEL0 LEVEL1) [1]
Pruned:  0: (LOAD GOODS1 TRUCK1 MARKET1 LEVEL3 LEVEL4 LEVEL0 LEVEL1) [1]
Pruned:  0: (LOAD GOODS1 TRUCK1 MARKET1 LEVEL3 LEVEL4 LEVEL0 LEVEL1) [1]
Pruned:  0: (LOAD GOODS1 TRUCK1 MARKET1 LEVEL3 LEVEL4 LEVEL0 LEVEL1) [1]
Pruned:  0: (LOAD GOODS1 TRUCK1 MARKET1 LEVEL3 LEVEL4 LEVEL0 LEVEL1) [1]
Pruned:  0: (LOAD GOODS1 TRUCK1 MARKET1 LEVEL3 LEVEL4 LEVEL0 LEVEL1) [1]
Pruned:  0: (LOAD GOODS1 TRUCK1 MARKET1 LEVEL3 LEVEL4 LEVEL0 LEVEL1) [1]
Pruned:  0: (LOAD GOODS1 TRUCK1 MARKET1 LEVEL3 LEVEL4 LEVEL0 LEVEL1) [1]
Pruned:  0: (LOAD GOODS1 TRUCK1 MARKET1 LEVEL3 LEVEL4 LEVEL0 LEVEL1) [1]
Pruned:  0: (LOAD GOODS1 TRUCK1 MARKET1 LEVEL3 LEVEL4 LEVEL0 LEVEL1) [1]
Pruned:  0: (LOAD GOODS1 TRUCK1 MARKET1 LEVEL3 LEVEL4 LEVEL0 LEVEL1) [1]
Pruned:  0: (LOAD GOODS1 TRUCK1 MARKET1 LEVEL3 LEVEL4 LEVEL0 LEVEL1) [1]
Pruned:  0: (LOAD GOODS1 TRUCK1 MARKET1 LEVEL3 LEVEL4 LEVEL0 LEVEL1) [1]
Pruned:  0: (LOAD GOODS1 TRUCK1 MARKET1 LEVEL3 LEVEL4 LEVEL0 LEVEL1) [1]
Pruned:  0: (LOAD GOODS1 TRUCK1 MARKET1 LEVEL3 LEVEL4 LEVEL0 LEVEL1) [1]
Pruned:  0: (LOAD GOODS1 TRUCK1 MARKET1 LEVEL3 LEVEL4 LEVEL0 LEVEL1) [1]
Pruned:  0: (LOAD GOODS1 TRUCK1 MARKET1 LEVEL3 LEVEL4 LEVEL0 LEVEL1) [1]
Pruned:  0: (LOAD GOODS1 TRUCK1 MARKET1 LEVEL3 LEVEL4 LEVEL0 LEVEL1) [1]
Pruned:  0: (LOAD GOODS1 TRUCK1 MARKET1 LEVEL3 LEVEL4 LEVEL0 LEVEL1) [1]
Pruned:  0: (LOAD GOODS1 TRUCK1 MARKET1 LEVEL3 LEVEL4 LEVEL0 LEVEL1) [1]
Pruned:  0: (LOAD GOODS1 TRUCK1 MARKET1 LEVEL3 LEVEL4 LEVEL0 LEVEL1) [1]
Pruned:  0: (LOAD GOODS1 TRUCK1 MARKET1 LEVEL3 LEVEL4 LEVEL0 LEVEL1) [1]
Pruned:  0: (LOAD GOODS1 TRUCK1 MARKET1 LEVEL3 LEVEL4 LEVEL0 LEVEL1) [1]
Pruned:  0: (LOAD GOODS1 TRUCK1 MARKET1 LEVEL3 LEVEL4 LEVEL0 LEVEL1) [1]
Pruned:  0: (LOAD GOODS1 TRUCK1 MARKET1 LEVEL3 LEVEL4 LEVEL0 LEVEL1) [1]
Pruned:  0: (LOAD GOODS1 TRUCK1 MARKET1 LEVEL3 LEVEL4 LEVEL0 LEVEL1) [1]
Pruned:  0: (LOAD GOODS1 TRUCK1 MARKET1 LEVEL3 LEVEL4 LEVEL0 LEVEL1) [1]
Pruned:  0: (LOAD GOODS1 TRUCK1 MARKET1 LEVEL3 LEVEL4 LEVEL0 LEVEL1) [1]
Pruned:  0: (LOAD GOODS1 TRUCK1 MARKET1 LEVEL3 LEVEL4 LEVEL0 LEVEL1) [1]
Pruned:  0: (LOAD GOODS1 TRUCK1 MARKET1 LEVEL3 LEVEL4 LEVEL0 LEVEL1) [1]
Pruned:  0: (LOAD GOODS1 TRUCK1 MARKET1 LEVEL3 LEVEL4 LEVEL0 LEVEL1) [1]
Pruned:  0: (LOAD GOODS1 TRUCK1 MARKET1 LEVEL3 LEVEL4 LEVEL0 LEVEL1) [1]
Pruned:  0: (LOAD GOODS1 TRUCK1 MARKET1 LEVEL3 LEVEL4 LEVEL0 LEVEL1) [1]
Pruned:  0: (LOAD GOODS1 TRUCK1 MARKET1 LEVEL3 LEVEL4 LEVEL0 LEVEL1) [1]
Pruned:  0: (LOAD GOODS1 TRUCK1 MARKET1 LEVEL3 LEVEL4 LEVEL0 LEVEL1) [1]
Pruned:  0: (LOAD GOODS1 TRUCK1 MARKET1 LEVEL3 LEVEL4 LEVEL0 LEVEL1) [1]
Pruned:  0: (LOAD GOODS1 TRUCK1 MARKET1 LEVEL3 LEVEL4 LEVEL0 LEVEL1) [1]
Pruned:  0: (LOAD GOODS1 TRUCK1 MARKET1 LEVEL3 LEVEL4 LEVEL0 LEVEL1) [1]
Pruned:  0: (LOAD GOODS1 TRUCK1 MARKET1 LEVEL3 LEVEL4 LEVEL0 LEVEL1) [1]
Pruned:  0: (LOAD GOODS1 TRUCK1 MARKET1 LEVEL3 LEVEL4 LEVEL0 LEVEL1) [1]
Pruned:  0: (LOAD GOODS1 TRUCK1 MARKET1 LEVEL3 LEVEL4 LEVEL0 LEVEL1) [1]
Pruned:  0: (LOAD GOODS1 TRUCK1 MARKET1 LEVEL3 LEVEL4 LEVEL0 LEVEL1) [1]
Pruned:  0: (LOAD GOODS1 TRUCK1 MARKET1 LEVEL3 LEVEL4 LEVEL0 LEVEL1) [1]
Pruned:  0: (LOAD GOODS1 TRUCK1 MARKET1 LEVEL3 LEVEL4 LEVEL0 LEVEL1) [1]
Pruned:  0: (LOAD GOODS1 TRUCK1 MARKET1 LEVEL3 LEVEL4 LEVEL0 LEVEL1) [1]
Pruned:  0: (LOAD GOODS1 TRUCK1 MARKET1 LEVEL3 LEVEL4 LEVEL0 LEVEL1) [1]
Pruned:  0: (LOAD GOODS1 TRUCK1 MARKET1 LEVEL3 LEVEL4 LEVEL0 LEVEL1) [1]
Pruned:  0: (LOAD GOODS1 TRUCK1 MARKET1 LEVEL3 LEVEL4 LEVEL0 LEVEL1) [1]
Pruned:  0: (LOAD GOODS1 TRUCK1 MARKET1 LEVEL3 LEVEL4 LEVEL0 LEVEL1) [1]
Pruned:  0: (LOAD GOODS1 TRUCK1 MARKET1 LEVEL3 LEVEL4 LEVEL0 LEVEL1) [1]
Pruned:  0: (LOAD GOODS1 TRUCK1 MARKET1 LEVEL3 LEVEL4 LEVEL0 LEVEL1) [1]
Pruned:  0: (LOAD GOODS1 TRUCK1 MARKET1 LEVEL3 LEVEL4 LEVEL0 LEVEL1) [1]
Pruned:  0: (LOAD GOODS1 TRUCK1 MARKET1 LEVEL3 LEVEL4 LEVEL0 LEVEL1) [1]
Pruned:  0: (LOAD GOODS1 TRUCK1 MARKET1 LEVEL3 LEVEL4 LEVEL0 LEVEL1) [1]
Pruned:  0: (LOAD GOODS1 TRUCK1 MARKET1 LEVEL3 LEVEL4 LEVEL0 LEVEL1) [1]
Pruned:  0: (LOAD GOODS1 TRUCK1 MARKET1 LEVEL3 LEVEL4 LEVEL0 LEVEL1) [1]
Pruned:  0: (LOAD GOODS1 TRUCK1 MARKET1 LEVEL3 LEVEL4 LEVEL0 LEVEL1) [1]
Pruned:  0: (LOAD GOODS1 TRUCK1 MARKET1 LEVEL3 LEVEL4 LEVEL0 LEVEL1) [1]
Pruned:  0: (LOAD GOODS1 TRUCK1 MARKET1 LEVEL3 LEVEL4 LEVEL0 LEVEL1) [1]
Pruned:  0: (LOAD GOODS1 TRUCK1 MARKET1 LEVEL3 LEVEL4 LEVEL0 LEVEL1) [1]
Pruned:  0: (LOAD GOODS1 TRUCK1 MARKET1 LEVEL3 LEVEL4 LEVEL0 LEVEL1) [1]
Pruned:  0: (LOAD GOODS1 TRUCK1 MARKET1 LEVEL3 LEVEL4 LEVEL0 LEVEL1) [1]
Pruned:  0: (LOAD GOODS1 TRUCK1 MARKET1 LEVEL3 LEVEL4 LEVEL0 LEVEL1) [1]
Pruned:  0: (LOAD GOODS1 TRUCK1 MARKET1 LEVEL3 LEVEL4 LEVEL0 LEVEL1) [1]
Pruned:  0: (LOAD GOODS1 TRUCK1 MARKET1 LEVEL3 LEVEL4 LEVEL0 LEVEL1) [1]
Pruned:  0: (LOAD GOODS1 TRUCK1 MARKET1 LEVEL3 LEVEL4 LEVEL0 LEVEL1) [1]
Pruned:  0: (LOAD GOODS1 TRUCK1 MARKET1 LEVEL3 LEVEL4 LEVEL0 LEVEL1) [1]
Pruned:  0: (LOAD GOODS1 TRUCK1 MARKET1 LEVEL3 LEVEL4 LEVEL0 LEVEL1) [1]
Pruned:  0: (LOAD GOODS1 TRUCK1 MARKET1 LEVEL3 LEVEL4 LEVEL0 LEVEL1) [1]
Pruned:  0: (LOAD GOODS1 TRUCK1 MARKET1 LEVEL3 LEVEL4 LEVEL0 LEVEL1) [1]
Pruned:  0: (LOAD GOODS1 TRUCK1 MARKET1 LEVEL3 LEVEL4 LEVEL0 LEVEL1) [1]
Pruned:  0: (LOAD GOODS1 TRUCK1 MARKET1 LEVEL3 LEVEL4 LEVEL0 LEVEL1) [1]
Pruned:  0: (LOAD GOODS1 TRUCK1 MARKET1 LEVEL3 LEVEL4 LEVEL0 LEVEL1) [1]
Pruned:  0: (LOAD GOODS1 TRUCK1 MARKET1 LEVEL3 LEVEL4 LEVEL0 LEVEL1) [1]
Pruned:  0: (LOAD GOODS1 TRUCK1 MARKET1 LEVEL3 LEVEL4 LEVEL0 LEVEL1) [1]
Pruned:  0: (LOAD GOODS1 TRUCK1 MARKET1 LEVEL3 LEVEL4 LEVEL0 LEVEL1) [1]
Pruned:  0: (LOAD GOODS1 TRUCK1 MARKET1 LEVEL3 LEVEL4 LEVEL0 LEVEL1) [1]
Pruned:  0: (LOAD GOODS1 TRUCK1 MARKET1 LEVEL3 LEVEL4 LEVEL0 LEVEL1) [1]
Pruned:  0: (LOAD GOODS1 TRUCK1 MARKET1 LEVEL3 LEVEL4 LEVEL0 LEVEL1) [1]
Pruned:  0: (LOAD GOODS1 TRUCK1 MARKET1 LEVEL3 LEVEL4 LEVEL0 LEVEL1) [1]
Pruned:  0: (LOAD GOODS1 TRUCK1 MARKET1 LEVEL3 LEVEL4 LEVEL0 LEVEL1) [1]
Pruned:  0: (LOAD GOODS1 TRUCK1 MARKET1 LEVEL3 LEVEL4 LEVEL0 LEVEL1) [1]
Pruned:  0: (LOAD GOODS1 TRUCK1 MARKET1 LEVEL3 LEVEL4 LEVEL0 LEVEL1) [1]
Pruned:  0: (LOAD GOODS1 TRUCK1 MARKET1 LEVEL3 LEVEL4 LEVEL0 LEVEL1) [1]
Pruned:  0: (LOAD GOODS1 TRUCK1 MARKET1 LEVEL3 LEVEL4 LEVEL0 LEVEL1) [1]
Pruned:  0: (LOAD GOODS1 TRUCK1 MARKET1 LEVEL3 LEVEL4 LEVEL0 LEVEL1) [1]
Pruned:  0: (LOAD GOODS1 TRUCK1 MARKET1 LEVEL3 LEVEL4 LEVEL0 LEVEL1) [1]
Pruned:  0: (LOAD GOODS1 TRUCK1 MARKET1 LEVEL3 LEVEL4 LEVEL0 LEVEL1) [1]
Pruned:  0: (LOAD GOODS1 TRUCK1 MARKET1 LEVEL3 LEVEL4 LEVEL0 LEVEL1) [1]
Pruned:  0: (LOAD GOODS1 TRUCK1 MARKET1 LEVEL3 LEVEL4 LEVEL0 LEVEL1) [1]
Pruned:  0: (LOAD GOODS1 TRUCK1 MARKET1 LEVEL3 LEVEL4 LEVEL0 LEVEL1) [1]
Pruned:  0: (LOAD GOODS1 TRUCK1 MARKET1 LEVEL3 LEVEL4 LEVEL0 LEVEL1) [1]
Pruned:  0: (LOAD GOODS1 TRUCK1 MARKET1 LEVEL3 LEVEL4 LEVEL0 LEVEL1) [1]
Pruned:  0: (LOAD GOODS1 TRUCK1 MARKET1 LEVEL3 LEVEL4 LEVEL0 LEVEL1) [1]
Pruned:  0: (LOAD GOODS1 TRUCK1 MARKET1 LEVEL3 LEVEL4 LEVEL0 LEVEL1) [1]
Pruned:  0: (LOAD GOODS1 TRUCK1 MARKET1 LEVEL3 LEVEL4 LEVEL0 LEVEL1) [1]
Pruned:  0: (LOAD GOODS1 TRUCK1 MARKET1 LEVEL3 LEVEL4 LEVEL0 LEVEL1) [1]
Pruned:  0: (LOAD GOODS1 TRUCK1 MARKET1 LEVEL3 LEVEL4 LEVEL0 LEVEL1) [1]
Pruned:  0: (LOAD GOODS1 TRUCK1 MARKET1 LEVEL3 LEVEL4 LEVEL0 LEVEL1) [1]
Pruned:  0: (LOAD GOODS1 TRUCK1 MARKET1 LEVEL3 LEVEL4 LEVEL0 LEVEL1) [1]
Pruned:  0: (LOAD GOODS1 TRUCK1 MARKET1 LEVEL3 LEVEL4 LEVEL0 LEVEL1) [1]
Pruned:  0: (LOAD GOODS1 TRUCK1 MARKET1 LEVEL3 LEVEL4 LEVEL0 LEVEL1) [1]
Pruned:  0: (LOAD GOODS1 TRUCK1 MARKET1 LEVEL3 LEVEL4 LEVEL0 LEVEL1) [1]
Pruned:  0: (LOAD GOODS1 TRUCK1 MARKET1 LEVEL3 LEVEL4 LEVEL0 LEVEL1) [1]
Pruned:  0: (LOAD GOODS1 TRUCK1 MARKET1 LEVEL3 LEVEL4 LEVEL0 LEVEL1) [1]
Pruned:  0: (LOAD GOODS1 TRUCK1 MARKET1 LEVEL3 LEVEL4 LEVEL0 LEVEL1) [1]
Pruned:  0: (LOAD GOODS1 TRUCK1 MARKET1 LEVEL3 LEVEL4 LEVEL0 LEVEL1) [1]
Pruned:  0: (LOAD GOODS1 TRUCK1 MARKET1 LEVEL3 LEVEL4 LEVEL0 LEVEL1) [1]
Pruned:  0: (LOAD GOODS1 TRUCK1 MARKET1 LEVEL3 LEVEL4 LEVEL0 LEVEL1) [1]
Pruned:  0: (LOAD GOODS1 TRUCK1 MARKET1 LEVEL3 LEVEL4 LEVEL0 LEVEL1) [1]
Pruned:  0: (LOAD GOODS1 TRUCK1 MARKET1 LEVEL3 LEVEL4 LEVEL0 LEVEL1) [1]
Pruned:  0: (LOAD GOODS1 TRUCK1 MARKET1 LEVEL3 LEVEL4 LEVEL0 LEVEL1) [1]
Pruned:  0: (LOAD GOODS1 TRUCK1 MARKET1 LEVEL3 LEVEL4 LEVEL0 LEVEL1) [1]
Pruned:  0: (LOAD GOODS1 TRUCK1 MARKET1 LEVEL3 LEVEL4 LEVEL0 LEVEL1) [1]
Pruned:  0: (LOAD GOODS1 TRUCK1 MARKET1 LEVEL3 LEVEL4 LEVEL0 LEVEL1) [1]
Pruned:  0: (LOAD GOODS1 TRUCK1 MARKET1 LEVEL3 LEVEL4 LEVEL0 LEVEL1) [1]
Pruned:  0: (LOAD GOODS1 TRUCK1 MARKET1 LEVEL3 LEVEL4 LEVEL0 LEVEL1) [1]
Pruned:  0: (LOAD GOODS1 TRUCK1 MARKET1 LEVEL3 LEVEL4 LEVEL0 LEVEL1) [1]
Pruned:  0: (LOAD GOODS1 TRUCK1 MARKET1 LEVEL3 LEVEL4 LEVEL0 LEVEL1) [1]
Pruned:  0: (LOAD GOODS1 TRUCK1 MARKET1 LEVEL3 LEVEL4 LEVEL0 LEVEL1) [1]
Pruned:  0: (LOAD GOODS1 TRUCK1 MARKET1 LEVEL3 LEVEL4 LEVEL0 LEVEL1) [1]
Pruned:  0: (LOAD GOODS1 TRUCK1 MARKET1 LEVEL3 LEVEL4 LEVEL0 LEVEL1) [1]
Pruned:  0: (LOAD GOODS1 TRUCK1 MARKET1 LEVEL3 LEVEL4 LEVEL0 LEVEL1) [1]
Pruned:  0: (LOAD GOODS1 TRUCK1 MARKET1 LEVEL3 LEVEL4 LEVEL0 LEVEL1) [1]
Pruned:  0: (LOAD GOODS1 TRUCK1 MARKET1 LEVEL3 LEVEL4 LEVEL0 LEVEL1) [1]
Pruned:  0: (LOAD GOODS1 TRUCK1 MARKET1 LEVEL3 LEVEL4 LEVEL0 LEVEL1) [1]
Pruned:  0: (LOAD GOODS1 TRUCK1 MARKET1 LEVEL3 LEVEL4 LEVEL0 LEVEL1) [1]
Pruned:  0: (LOAD GOODS1 TRUCK1 MARKET1 LEVEL3 LEVEL4 LEVEL0 LEVEL1) [1]
Pruned:  0: (LOAD GOODS1 TRUCK1 MARKET1 LEVEL3 LEVEL4 LEVEL0 LEVEL1) [1]
Pruned:  0: (LOAD GOODS1 TRUCK1 MARKET1 LEVEL3 LEVEL4 LEVEL0 LEVEL1) [1]
Pruned:  0: (LOAD GOODS1 TRUCK1 MARKET1 LEVEL3 LEVEL4 LEVEL0 LEVEL1) [1]
Pruned:  0: (LOAD GOODS1 TRUCK1 MARKET1 LEVEL3 LEVEL4 LEVEL0 LEVEL1) [1]
Pruned:  0: (LOAD GOODS1 TRUCK1 MARKET1 LEVEL3 LEVEL4 LEVEL0 LEVEL1) [1]
Pruned:  0: (LOAD GOODS1 TRUCK1 MARKET1 LEVEL3 LEVEL4 LEVEL0 LEVEL1) [1]
Pruned:  0: (LOAD GOODS1 TRUCK1 MARKET1 LEVEL3 LEVEL4 LEVEL0 LEVEL1) [1]
Pruned:  0: (LOAD GOODS1 TRUCK1 MARKET1 LEVEL3 LEVEL4 LEVEL0 LEVEL1) [1]
Pruned:  0: (LOAD GOODS1 TRUCK1 MARKET1 LEVEL3 LEVEL4 LEVEL0 LEVEL1) [1]
Pruned:  0: (LOAD GOODS1 TRUCK1 MARKET1 LEVEL3 LEVEL4 LEVEL0 LEVEL1) [1]
Pruned:  0: (LOAD GOODS1 TRUCK1 MARKET1 LEVEL3 LEVEL4 LEVEL0 LEVEL1) [1]
Pruned:  0: (LOAD GOODS1 TRUCK1 MARKET1 LEVEL3 LEVEL4 LEVEL0 LEVEL1) [1]
Pruned:  0: (LOAD GOODS1 TRUCK1 MARKET1 LEVEL3 LEVEL4 LEVEL0 LEVEL1) [1]
Pruned:  0: (LOAD GOODS1 TRUCK1 MARKET1 LEVEL3 LEVEL4 LEVEL0 LEVEL1) [1]
Pruned:  0: (LOAD GOODS1 TRUCK1 MARKET1 LEVEL3 LEVEL4 LEVEL0 LEVEL1) [1]
Pruned:  0: (LOAD GOODS1 TRUCK1 MARKET1 LEVEL3 LEVEL4 LEVEL0 LEVEL1) [1]
Pruned:  0: (LOAD GOODS1 TRUCK1 MARKET1 LEVEL3 LEVEL4 LEVEL0 LEVEL1) [1]
Pruned:  0: (LOAD GOODS1 TRUCK1 MARKET1 LEVEL3 LEVEL4 LEVEL0 LEVEL1) [1]
Pruned:  0: (LOAD GOODS1 TRUCK1 MARKET1 LEVEL3 LEVEL4 LEVEL0 LEVEL1) [1]
Pruned:  0: (LOAD GOODS1 TRUCK1 MARKET1 LEVEL3 LEVEL4 LEVEL0 LEVEL1) [1]
Pruned:  0: (LOAD GOODS1 TRUCK1 MARKET1 LEVEL3 LEVEL4 LEVEL0 LEVEL1) [1]
Pruned:  0: (LOAD GOODS1 TRUCK1 MARKET1 LEVEL3 LEVEL4 LEVEL0 LEVEL1) [1]
Pruned:  0: (LOAD GOODS1 TRUCK1 MARKET1 LEVEL3 LEVEL4 LEVEL0 LEVEL1) [1]
Pruned:  0: (LOAD GOODS1 TRUCK1 MARKET1 LEVEL3 LEVEL4 LEVEL0 LEVEL1) [1]
Pruned:  0: (LOAD GOODS1 TRUCK1 MARKET1 LEVEL3 LEVEL4 LEVEL0 LEVEL1) [1]
Pruned:  0: (LOAD GOODS1 TRUCK1 MARKET1 LEVEL3 LEVEL4 LEVEL0 LEVEL1) [1]
Pruned:  0: (LOAD GOODS1 TRUCK1 MARKET1 LEVEL3 LEVEL4 LEVEL0 LEVEL1) [1]
Pruned:  0: (LOAD GOODS1 TRUCK1 MARKET1 LEVEL3 LEVEL4 LEVEL0 LEVEL1) [1]
Pruned:  0: (LOAD GOODS1 TRUCK1 MARKET1 LEVEL3 LEVEL4 LEVEL0 LEVEL1) [1]
Pruned:  0: (LOAD GOODS1 TRUCK1 MARKET1 LEVEL3 LEVEL4 LEVEL0 LEVEL1) [1]
Pruned:  0: (LOAD GOODS1 TRUCK1 MARKET1 LEVEL3 LEVEL4 LEVEL0 LEVEL1) [1]
Pruned:  0: (LOAD GOODS1 TRUCK1 MARKET1 LEVEL3 LEVEL4 LEVEL0 LEVEL1) [1]
Pruned:  0: (LOAD GOODS1 TRUCK1 MARKET1 LEVEL3 LEVEL4 LEVEL0 LEVEL1) [1]
Pruned:  0: (LOAD GOODS1 TRUCK1 MARKET1 LEVEL3 LEVEL4 LEVEL0 LEVEL1) [1]
Pruned:  0: (LOAD GOODS1 TRUCK1 MARKET1 LEVEL3 LEVEL4 LEVEL0 LEVEL1) [1]
Pruned:  0: (LOAD GOODS1 TRUCK1 MARKET1 LEVEL3 LEVEL4 LEVEL0 LEVEL1) [1]
Pruned:  0: (LOAD GOODS1 TRUCK1 MARKET1 LEVEL3 LEVEL4 LEVEL0 LEVEL1) [1]
Pruned:  0: (LOAD GOODS1 TRUCK1 MARKET1 LEVEL3 LEVEL4 LEVEL0 LEVEL1) [1]
Pruned:  0: (LOAD GOODS1 TRUCK1 MARKET1 LEVEL3 LEVEL4 LEVEL0 LEVEL1) [1]
Pruned:  0: (LOAD GOODS1 TRUCK1 MARKET1 LEVEL3 LEVEL4 LEVEL0 LEVEL1) [1]
Pruned:  0: (LOAD GOODS1 TRUCK1 MARKET1 LEVEL3 LEVEL4 LEVEL0 LEVEL1) [1]
Pruned:  0: (LOAD GOODS1 TRUCK1 MARKET1 LEVEL3 LEVEL4 LEVEL0 LEVEL1) [1]
Pruned:  0: (LOAD GOODS1 TRUCK1 MARKET1 LEVEL3 LEVEL4 LEVEL0 LEVEL1) [1]
Pruned:  0: (LOAD GOODS1 TRUCK1 MARKET1 LEVEL3 LEVEL4 LEVEL0 LEVEL1) [1]
Pruned:  0: (LOAD GOODS1 TRUCK1 MARKET1 LEVEL3 LEVEL4 LEVEL0 LEVEL1) [1]
Pruned:  0: (LOAD GOODS1 TRUCK1 MARKET1 LEVEL3 LEVEL4 LEVEL0 LEVEL1) [1]
Pruned:  0: (LOAD GOODS1 TRUCK1 MARKET1 LEVEL3 LEVEL4 LEVEL0 LEVEL1) [1]
Pruned:  0: (LOAD GOODS1 TRUCK1 MARKET1 LEVEL3 LEVEL4 LEVEL0 LEVEL1) [1]
Pruned:  0: (LOAD GOODS1 TRUCK1 MARKET1 LEVEL3 LEVEL4 LEVEL0 LEVEL1) [1]
Pruned:  0: (LOAD GOODS1 TRUCK1 MARKET1 LEVEL3 LEVEL4 LEVEL0 LEVEL1) [1]
Pruned:  0: (LOAD GOODS1 TRUCK1 MARKET1 LEVEL3 LEVEL4 LEVEL0 LEVEL1) [1]
Pruned:  0: (LOAD GOODS1 TRUCK1 MARKET1 LEVEL3 LEVEL4 LEVEL0 LEVEL1) [1]
Pruned:  0: (LOAD GOODS1 TRUCK1 MARKET1 LEVEL3 LEVEL4 LEVEL0 LEVEL1) [1]
Pruned:  0: (LOAD GOODS1 TRUCK1 MARKET1 LEVEL3 LEVEL4 LEVEL0 LEVEL1) [1]
Pruned:  0: (LOAD GOODS1 TRUCK1 MARKET1 LEVEL3 LEVEL4 LEVEL0 LEVEL1) [1]
Pruned:  0: (LOAD GOODS1 TRUCK1 MARKET1 LEVEL3 LEVEL4 LEVEL0 LEVEL1) [1]
Pruned:  0: (LOAD GOODS1 TRUCK1 MARKET1 LEVEL3 LEVEL4 LEVEL0 LEVEL1) [1]
Pruned:  0: (LOAD GOODS1 TRUCK1 MARKET1 LEVEL3 LEVEL4 LEVEL0 LEVEL1) [1]
Pruned:  0: (LOAD GOODS1 TRUCK1 MARKET1 LEVEL3 LEVEL4 LEVEL0 LEVEL1) [1]
Pruned:  0: (LOAD GOODS1 TRUCK1 MARKET1 LEVEL3 LEVEL4 LEVEL0 LEVEL1) [1]
Pruned:  0: (LOAD GOODS1 TRUCK1 MARKET1 LEVEL3 LEVEL4 LEVEL0 LEVEL1) [1]
Pruned:  0: (LOAD GOODS1 TRUCK1 MARKET1 LEVEL3 LEVEL4 LEVEL0 LEVEL1) [1]
Pruned:  0: (LOAD GOODS1 TRUCK1 MARKET1 LEVEL3 LEVEL4 LEVEL0 LEVEL1) [1]
Pruned:  0: (LOAD GOODS1 TRUCK1 MARKET1 LEVEL3 LEVEL4 LEVEL0 LEVEL1) [1]
Pruned:  0: (LOAD GOODS1 TRUCK1 MARKET1 LEVEL3 LEVEL4 LEVEL0 LEVEL1) [1]
Pruned:  0: (LOAD GOODS1 TRUCK1 MARKET1 LEVEL3 LEVEL4 LEVEL0 LEVEL1) [1]
Pruned:  0: (LOAD GOODS1 TRUCK1 MARKET1 LEVEL3 LEVEL4 LEVEL0 LEVEL1) [1]
Pruned:  0: (LOAD GOODS1 TRUCK1 MARKET1 LEVEL3 LEVEL4 LEVEL0 LEVEL1) [1]
Pruned:  0: (LOAD GOODS1 TRUCK1 MARKET1 LEVEL3 LEVEL4 LEVEL0 LEVEL1) [1]
Pruned:  0: (LOAD GOODS1 TRUCK1 MARKET1 LEVEL3 LEVEL4 LEVEL0 LEVEL1) [1]
Pruned:  0: (LOAD GOODS1 TRUCK1 MARKET1 LEVEL3 LEVEL4 LEVEL0 LEVEL1) [1]
Pruned:  0: (LOAD GOODS1 TRUCK1 MARKET1 LEVEL3 LEVEL4 LEVEL0 LEVEL1) [1]
Pruned:  0: (LOAD GOODS1 TRUCK1 MARKET1 LEVEL3 LEVEL4 LEVEL0 LEVEL1) [1]
Pruned:  0: (LOAD GOODS1 TRUCK1 MARKET1 LEVEL3 LEVEL4 LEVEL0 LEVEL1) [1]
Pruned:  0: (LOAD GOODS1 TRUCK1 MARKET1 LEVEL3 LEVEL4 LEVEL0 LEVEL1) [1]
Pruned:  0: (LOAD GOODS1 TRUCK1 MARKET1 LEVEL3 LEVEL4 LEVEL0 LEVEL1) [1]
Pruned:  0: (LOAD GOODS1 TRUCK1 MARKET1 LEVEL3 LEVEL4 LEVEL0 LEVEL1) [1]
Pruned:  0: (LOAD GOODS1 TRUCK1 MARKET1 LEVEL3 LEVEL4 LEVEL0 LEVEL1) [1]
Pruned:  0: (LOAD GOODS1 TRUCK1 MARKET1 LEVEL3 LEVEL4 LEVEL0 LEVEL1) [1]
Pruned:  0: (LOAD GOODS1 TRUCK1 MARKET1 LEVEL3 LEVEL4 LEVEL0 LEVEL1) [1]
Pruned:  0: (LOAD GOODS1 TRUCK1 MARKET1 LEVEL3 LEVEL4 LEVEL0 LEVEL1) [1]
Pruned:  0: (LOAD GOODS1 TRUCK1 MARKET1 LEVEL3 LEVEL4 LEVEL0 LEVEL1) [1]
Pruned:  0: (LOAD GOODS1 TRUCK1 MARKET1 LEVEL3 LEVEL4 LEVEL0 LEVEL1) [1]
Pruned:  0: (LOAD GOODS1 TRUCK1 MARKET1 LEVEL3 LEVEL4 LEVEL0 LEVEL1) [1]
Pruned:  0: (LOAD GOODS1 TRUCK1 MARKET1 LEVEL3 LEVEL4 LEVEL0 LEVEL1) [1]
Pruned:  0: (LOAD GOODS1 TRUCK1 MARKET1 LEVEL3 LEVEL4 LEVEL0 LEVEL1) [1]
Pruned:  0: (LOAD GOODS1 TRUCK1 MARKET1 LEVEL3 LEVEL4 LEVEL0 LEVEL1) [1]
Pruned:  0: (LOAD GOODS1 TRUCK1 MARKET1 LEVEL3 LEVEL4 LEVEL0 LEVEL1) [1]
Pruned:  0: (LOAD GOODS1 TRUCK1 MARKET1 LEVEL3 LEVEL4 LEVEL0 LEVEL1) [1]
Pruned:  0: (LOAD GOODS1 TRUCK1 MARKET1 LEVEL3 LEVEL4 LEVEL0 LEVEL1) [1]
Pruned:  0: (LOAD GOODS1 TRUCK1 MARKET1 LEVEL3 LEVEL4 LEVEL0 LEVEL1) [1]
Pruned:  0: (LOAD GOODS1 TRUCK1 MARKET1 LEVEL3 LEVEL4 LEVEL0 LEVEL1) [1]
Pruned:  0: (LOAD GOODS1 TRUCK1 MARKET1 LEVEL3 LEVEL4 LEVEL0 LEVEL1) [1]
Pruned:  0: (LOAD GOODS1 TRUCK1 MARKET1 LEVEL3 LEVEL4 LEVEL0 LEVEL1) [1]
Pruned:  0: (LOAD GOODS1 TRUCK1 MARKET1 LEVEL3 LEVEL4 LEVEL0 LEVEL1) [1]
Pruned:  0: (LOAD GOODS1 TRUCK1 MARKET1 LEVEL3 LEVEL4 LEVEL0 LEVEL1) [1]
Pruned:  0: (LOAD GOODS1 TRUCK1 MARKET1 LEVEL3 LEVEL4 LEVEL0 LEVEL1) [1]
Pruned:  0: (LOAD GOODS1 TRUCK1 MARKET1 LEVEL3 LEVEL4 LEVEL0 LEVEL1) [1]
Pruned:  0: (LOAD GOODS1 TRUCK1 MARKET1 LEVEL3 LEVEL4 LEVEL0 LEVEL1) [1]
Pruned:  0: (LOAD GOODS1 TRUCK1 MARKET1 LEVEL3 LEVEL4 LEVEL0 LEVEL1) [1]
Pruned:  0: (LOAD GOODS1 TRUCK1 MARKET1 LEVEL3 LEVEL4 LEVEL0 LEVEL1) [1]
Pruned:  0: (LOAD GOODS1 TRUCK1 MARKET1 LEVEL3 LEVEL4 LEVEL0 LEVEL1) [1]
Pruned:  0: (LOAD GOODS1 TRUCK1 MARKET1 LEVEL3 LEVEL4 LEVEL0 LEVEL1) [1]
Pruned:  0: (LOAD GOODS1 TRUCK1 MARKET1 LEVEL3 LEVEL4 LEVEL0 LEVEL1) [1]
Pruned:  0: (LOAD GOODS1 TRUCK1 MARKET1 LEVEL3 LEVEL4 LEVEL0 LEVEL1) [1]
Pruned:  0: (LOAD GOODS1 TRUCK1 MARKET1 LEVEL3 LEVEL4 LEVEL0 LEVEL1) [1]
Pruned:  0: (LOAD GOODS1 TRUCK1 MARKET1 LEVEL3 LEVEL4 LEVEL0 LEVEL1) [1]
Pruned:  0: (LOAD GOODS1 TRUCK1 MARKET1 LEVEL3 LEVEL4 LEVEL0 LEVEL1) [1]
Pruned:  0: (LOAD GOODS1 TRUCK1 MARKET1 LEVEL3 LEVEL4 LEVEL0 LEVEL1) [1]
Pruned:  0: (LOAD GOODS1 TRUCK1 MARKET1 LEVEL3 LEVEL4 LEVEL0 LEVEL1) [1]
Pruned:  0: (LOAD GOODS1 TRUCK1 MARKET1 LEVEL3 LEVEL4 LEVEL0 LEVEL1) [1]
Pruned:  0: (LOAD GOODS1 TRUCK1 MARKET1 LEVEL3 LEVEL4 LEVEL0 LEVEL1) [1]
Pruned:  0: (LOAD GOODS1 TRUCK1 MARKET1 LEVEL3 LEVEL4 LEVEL0 LEVEL1) [1]
Pruned:  0: (LOAD GOODS1 TRUCK1 MARKET1 LEVEL3 LEVEL4 LEVEL0 LEVEL1) [1]
Pruned:  0: (LOAD GOODS1 TRUCK1 MARKET1 LEVEL3 LEVEL4 LEVEL0 LEVEL1) [1]
Pruned:  0: (LOAD GOODS1 TRUCK1 MARKET1 LEVEL3 LEVEL4 LEVEL0 LEVEL1) [1]
Pruned:  0: (LOAD GOODS1 TRUCK1 MARKET1 LEVEL3 LEVEL4 LEVEL0 LEVEL1) [1]
Pruned:  0: (LOAD GOODS1 TRUCK1 MARKET1 LEVEL3 LEVEL4 LEVEL0 LEVEL1) [1]
Pruned:  0: (LOAD GOODS1 TRUCK1 MARKET1 LEVEL3 LEVEL4 LEVEL0 LEVEL1) [1]
Pruned:  0: (LOAD GOODS1 TRUCK1 MARKET1 LEVEL3 LEVEL4 LEVEL0 LEVEL1) [1]
Pruned:  0: (LOAD GOODS1 TRUCK1 MARKET1 LEVEL3 LEVEL4 LEVEL0 LEVEL1) [1]
Pruned:  0: (LOAD GOODS1 TRUCK1 MARKET1 LEVEL3 LEVEL4 LEVEL0 LEVEL1) [1]
Pruned:  0: (LOAD GOODS1 TRUCK1 MARKET1 LEVEL3 LEVEL4 LEVEL0 LEVEL1) [1]
Pruned:  0: (LOAD GOODS1 TRUCK1 MARKET1 LEVEL3 LEVEL4 LEVEL0 LEVEL1) [1]
Pruned:  0: (LOAD GOODS1 TRUCK1 MARKET1 LEVEL3 LEVEL4 LEVEL0 LEVEL1) [1]
Pruned:  0: (LOAD GOODS1 TRUCK1 MARKET1 LEVEL3 LEVEL4 LEVEL0 LEVEL1) [1]
Pruned:  0: (LOAD GOODS1 TRUCK1 MARKET1 LEVEL3 LEVEL4 LEVEL0 LEVEL1) [1]
Pruned:  0: (LOAD GOODS1 TRUCK1 MARKET1 LEVEL3 LEVEL4 LEVEL0 LEVEL1) [1]
Pruned:  0: (LOAD GOODS1 TRUCK1 MARKET1 LEVEL3 LEVEL4 LEVEL0 LEVEL1) [1]
Pruned:  0: (LOAD GOODS1 TRUCK1 MARKET1 LEVEL3 LEVEL4 LEVEL0 LEVEL1) [1]
Pruned:  0: (LOAD GOODS1 TRUCK1 MARKET1 LEVEL3 LEVEL4 LEVEL0 LEVEL1) [1]
Pruned:  0: (LOAD GOODS1 TRUCK1 MARKET1 LEVEL3 LEVEL4 LEVEL0 LEVEL1) [1]
Pruned:  0: (LOAD GOODS1 TRUCK1 MARKET1 LEVEL3 LEVEL4 LEVEL0 LEVEL1) [1]
Pruned:  0: (LOAD GOODS1 TRUCK1 MARKET1 LEVEL3 LEVEL4 LEVEL0 LEVEL1) [1]
Pruned:  0: (LOAD GOODS1 TRUCK1 MARKET1 LEVEL3 LEVEL4 LEVEL0 LEVEL1) [1]
Pruned:  0: (LOAD GOODS1 TRUCK1 MARKET1 LEVEL3 LEVEL4 LEVEL0 LEVEL1) [1]
Pruned:  0: (LOAD GOODS1 TRUCK1 MARKET1 LEVEL3 LEVEL4 LEVEL0 LEVEL1) [1]
Pruned:  0: (LOAD GOODS1 TRUCK1 MARKET1 LEVEL3 LEVEL4 LEVEL0 LEVEL1) [1]
Pruned:  0: (LOAD GOODS1 TRUCK1 MARKET1 LEVEL3 LEVEL4 LEVEL0 LEVEL1) [1]
Pruned:  0: (LOAD GOODS1 TRUCK1 MARKET1 LEVEL3 LEVEL4 LEVEL0 LEVEL1) [1]
Pruned:  0: (LOAD GOODS1 TRUCK1 MARKET1 LEVEL3 LEVEL4 LEVEL0 LEVEL1) [1]
Pruned:  0: (LOAD GOODS1 TRUCK1 MARKET1 LEVEL3 LEVEL4 LEVEL0 LEVEL1) [1]
Pruned:  0: (LOAD GOODS1 TRUCK1 MARKET1 LEVEL3 LEVEL4 LEVEL0 LEVEL1) [1]
Pruned:  0: (LOAD GOODS1 TRUCK1 MARKET1 LEVEL3 LEVEL4 LEVEL0 LEVEL1) [1]
Pruned:  0: (LOAD GOODS1 TRUCK1 MARKET1 LEVEL3 LEVEL4 LEVEL0 LEVEL1) [1]
Pruned:  0: (LOAD GOODS1 TRUCK1 MARKET1 LEVEL3 LEVEL4 LEVEL0 LEVEL1) [1]
Pruned:  0: (LOAD GOODS1 TRUCK1 MARKET1 LEVEL3 LEVEL4 LEVEL0 LEVEL1) [1]
Pruned:  0: (LOAD GOODS1 TRUCK1 MARKET1 LEVEL3 LEVEL4 LEVEL0 LEVEL1) [1]
Pruned:  0: (LOAD GOODS1 TRUCK1 MARKET1 LEVEL3 LEVEL4 LEVEL0 LEVEL1) [1]
Pruned:  0: (LOAD GOODS1 TRUCK1 MARKET1 LEVEL3 LEVEL4 LEVEL0 LEVEL1) [1]
Pruned:  0: (LOAD GOODS1 TRUCK1 MARKET1 LEVEL3 LEVEL4 LEVEL0 LEVEL1) [1]
Pruned:  0: (LOAD GOODS1 TRUCK1 MARKET1 LEVEL3 LEVEL4 LEVEL0 LEVEL1) [1]
Pruned:  0: (LOAD GOODS1 TRUCK1 MARKET1 LEVEL3 LEVEL4 LEVEL0 LEVEL1) [1]
Pruned:  0: (LOAD GOODS1 TRUCK1 MARKET1 LEVEL3 LEVEL4 LEVEL0 LEVEL1) [1]
Pruned:  0: (LOAD GOODS1 TRUCK1 MARKET1 LEVEL3 LEVEL4 LEVEL0 LEVEL1) [1]
Pruned:  0: (LOAD GOODS1 TRUCK1 MARKET1 LEVEL3 LEVEL4 LEVEL0 LEVEL1) [1]
Pruned:  0: (LOAD GOODS1 TRUCK1 MARKET1 LEVEL3 LEVEL4 LEVEL0 LEVEL1) [1]
Pruned:  0: (LOAD GOODS1 TRUCK1 MARKET1 LEVEL3 LEVEL4 LEVEL0 LEVEL1) [1]
Pruned:  0: (LOAD GOODS1 TRUCK1 MARKET1 LEVEL3 LEVEL4 LEVEL0 LEVEL1) [1]
Pruned:  0: (LOAD GOODS1 TRUCK1 MARKET1 LEVEL3 LEVEL4 LEVEL0 LEVEL1) [1]
Pruned:  0: (LOAD GOODS1 TRUCK1 MARKET1 LEVEL3 LEVEL4 LEVEL0 LEVEL1) [1]
Pruned:  0: (LOAD GOODS1 TRUCK1 MARKET1 LEVEL3 LEVEL4 LEVEL0 LEVEL1) [1]
Pruned:  0: (LOAD GOODS1 TRUCK1 MARKET1 LEVEL3 LEVEL4 LEVEL0 LEVEL1) [1]
Pruned:  0: (LOAD GOODS1 TRUCK1 MARKET1 LEVEL3 LEVEL4 LEVEL0 LEVEL1) [1]
Pruned:  0: (LOAD GOODS1 TRUCK1 MARKET1 LEVEL3 LEVEL4 LEVEL0 LEVEL1) [1]
Pruned:  0: (LOAD GOODS1 TRUCK1 MARKET1 LEVEL3 LEVEL4 LEVEL0 LEVEL1) [1]
Pruned:  0: (LOAD GOODS1 TRUCK1 MARKET1 LEVEL3 LEVEL4 LEVEL0 LEVEL1) [1]
Pruned:  0: (LOAD GOODS1 TRUCK1 MARKET1 LEVEL3 LEVEL4 LEVEL0 LEVEL1) [1]
Pruned:  0: (LOAD GOODS1 TRUCK1 MARKET1 LEVEL3 LEVEL4 LEVEL0 LEVEL1) [1]
Pruned:  0: (LOAD GOODS1 TRUCK1 MARKET1 LEVEL3 LEVEL4 LEVEL0 LEVEL1) [1]
Pruned:  0: (LOAD GOODS1 TRUCK1 MARKET1 LEVEL3 LEVEL4 LEVEL0 LEVEL1) [1]
Pruned:  0: (LOAD GOODS1 TRUCK1 MARKET1 LEVEL3 LEVEL4 LEVEL0 LEVEL1) [1]
Pruned:  0: (LOAD GOODS1 TRUCK1 MARKET1 LEVEL3 LEVEL4 LEVEL0 LEVEL1) [1]
Pruned:  0: (LOAD GOODS1 TRUCK1 MARKET1 LEVEL3 LEVEL4 LEVEL0 LEVEL1) [1]
Pruned:  0: (LOAD GOODS1 TRUCK1 MARKET1 LEVEL3 LEVEL4 LEVEL0 LEVEL1) [1]
Pruned:  0: (LOAD GOODS1 TRUCK1 MARKET1 LEVEL3 LEVEL4 LEVEL0 LEVEL1) [1]
Pruned:  0: (LOAD GOODS1 TRUCK1 MARKET1 LEVEL3 LEVEL4 LEVEL0 LEVEL1) [1]
Pruned:  0: (LOAD GOODS1 TRUCK1 MARKET1 LEVEL3 LEVEL4 LEVEL0 LEVEL1) [1]
Pruned:  0: (LOAD GOODS1 TRUCK1 MARKET1 LEVEL3 LEVEL4 LEVEL0 LEVEL1) [1]
Pruned:  0: (LOAD GOODS1 TRUCK1 MARKET1 LEVEL3 LEVEL4 LEVEL0 LEVEL1) [1]
Pruned:  0: (LOAD GOODS1 TRUCK1 MARKET1 LEVEL3 LEVEL4 LEVEL0 LEVEL1) [1]
Pruned:  0: (LOAD GOODS1 TRUCK1 MARKET1 LEVEL3 LEVEL4 LEVEL0 LEVEL1) [1]
Pruned:  0: (LOAD GOODS1 TRUCK1 MARKET1 LEVEL3 LEVEL4 LEVEL0 LEVEL1) [1]
Pruned:  0: (LOAD GOODS1 TRUCK1 MARKET1 LEVEL3 LEVEL4 LEVEL0 LEVEL1) [1]
Pruned:  0: (LOAD GOODS1 TRUCK1 MARKET1 LEVEL3 LEVEL4 LEVEL0 LEVEL1) [1]
Pruned:  0: (LOAD GOODS1 TRUCK1 MARKET1 LEVEL3 LEVEL4 LEVEL0 LEVEL1) [1]
Pruned:  0: (LOAD GOODS1 TRUCK1 MARKET1 LEVEL3 LEVEL4 LEVEL0 LEVEL1) [1]
Pruned:  0: (LOAD GOODS1 TRUCK1 MARKET1 LEVEL3 LEVEL4 LEVEL0 LEVEL1) [1]
Pruned:  0: (LOAD GOODS1 TRUCK1 MARKET1 LEVEL3 LEVEL4 LEVEL0 LEVEL1) [1]
Pruned:  0: (LOAD GOODS1 TRUCK1 MARKET1 LEVEL3 LEVEL4 LEVEL0 LEVEL1) [1]
Pruned:  0: (LOAD GOODS1 TRUCK1 MARKET1 LEVEL3 LEVEL4 LEVEL0 LEVEL1) [1]
Pruned:  0: (LOAD GOODS1 TRUCK1 MARKET1 LEVEL3 LEVEL4 LEVEL0 LEVEL1) [1]
Pruned:  0: (LOAD GOODS1 TRUCK1 MARKET1 LEVEL3 LEVEL4 LEVEL0 LEVEL1) [1]
Pruned:  0: (LOAD GOODS1 TRUCK1 MARKET1 LEVEL3 LEVEL4 LEVEL0 LEVEL1) [1]
Pruned:  0: (LOAD GOODS1 TRUCK1 MARKET1 LEVEL3 LEVEL4 LEVEL0 LEVEL1) [1]
Pruned:  0: (LOAD GOODS1 TRUCK1 MARKET1 LEVEL3 LEVEL4 LEVEL0 LEVEL1) [1]
Pruned:  0: (LOAD GOODS1 TRUCK1 MARKET1 LEVEL3 LEVEL4 LEVEL0 LEVEL1) [1]
Pruned:  0: (LOAD GOODS1 TRUCK1 MARKET1 LEVEL3 LEVEL4 LEVEL0 LEVEL1) [1]
Pruned:  0: (LOAD GOODS1 TRUCK1 MARKET1 LEVEL3 LEVEL4 LEVEL0 LEVEL1) [1]
Pruned:  0: (LOAD GOODS1 TRUCK1 MARKET1 LEVEL3 LEVEL4 LEVEL0 LEVEL1) [1]
Pruned:  0: (LOAD GOODS1 TRUCK1 MARKET1 LEVEL3 LEVEL4 LEVEL0 LEVEL1) [1]
Pruned:  0: (LOAD GOODS1 TRUCK1 MARKET1 LEVEL3 LEVEL4 LEVEL0 LEVEL1) [1]
Pruned:  0: (LOAD GOODS1 TRUCK1 MARKET1 LEVEL3 LEVEL4 LEVEL0 LEVEL1) [1]
Pruned:  0: (LOAD GOODS1 TRUCK1 MARKET1 LEVEL3 LEVEL4 LEVEL0 LEVEL1) [1]
Pruned:  0: (LOAD GOODS1 TRUCK1 MARKET1 LEVEL3 LEVEL4 LEVEL0 LEVEL1) [1]
Pruned:  0: (LOAD GOODS1 TRUCK1 MARKET1 LEVEL3 LEVEL4 LEVEL0 LEVEL1) [1]
Pruned:  0: (LOAD GOODS1 TRUCK1 MARKET1 LEVEL3 LEVEL4 LEVEL0 LEVEL1) [1]
Pruned:  0: (LOAD GOODS1 TRUCK1 MARKET1 LEVEL3 LEVEL4 LEVEL0 LEVEL1) [1]
Pruned:  0: (LOAD GOODS1 TRUCK1 MARKET1 LEVEL3 LEVEL4 LEVEL0 LEVEL1) [1]
Pruned:  0: (LOAD GOODS1 TRUCK1 MARKET1 LEVEL3 LEVEL4 LEVEL0 LEVEL1) [1]
Pruned:  0: (LOAD GOODS1 TRUCK1 MARKET1 LEVEL3 LEVEL4 LEVEL0 LEVEL1) [1]
Pruned:  0: (LOAD GOODS1 TRUCK1 MARKET1 LEVEL3 LEVEL4 LEVEL0 LEVEL1) [1]
Pruned:  0: (LOAD GOODS1 TRUCK1 MARKET1 LEVEL3 LEVEL4 LEVEL0 LEVEL1) [1]
Pruned:  0: (LOAD GOODS1 TRUCK1 MARKET1 LEVEL3 LEVEL4 LEVEL0 LEVEL1) [1]
Pruned:  0: (LOAD GOODS1 TRUCK1 MARKET1 LEVEL3 LEVEL4 LEVEL0 LEVEL1) [1]
Pruned:  0: (LOAD GOODS1 TRUCK1 MARKET1 LEVEL3 LEVEL4 LEVEL0 LEVEL1) [1]
Pruned:  0: (LOAD GOODS1 TRUCK1 MARKET1 LEVEL3 LEVEL4 LEVEL0 LEVEL1) [1]
Pruned:  0: (LOAD GOODS1 TRUCK1 MARKET1 LEVEL3 LEVEL4 LEVEL0 LEVEL1) [1]
Pruned:  0: (LOAD GOODS1 TRUCK1 MARKET1 LEVEL3 LEVEL4 LEVEL0 LEVEL1) [1]
Pruned:  0: (LOAD GOODS1 TRUCK1 MARKET1 LEVEL3 LEVEL4 LEVEL0 LEVEL1) [1]
Pruned:  0: (LOAD GOODS1 TRUCK1 MARKET1 LEVEL3 LEVEL4 LEVEL0 LEVEL1) [1]
Pruned:  0: (LOAD GOODS1 TRUCK1 MARKET1 LEVEL3 LEVEL4 LEVEL0 LEVEL1) [1]
Pruned:  0: (LOAD GOODS1 TRUCK1 MARKET1 LEVEL3 LEVEL4 LEVEL0 LEVEL1) [1]
Pruned:  0: (LOAD GOODS1 TRUCK1 MARKET1 LEVEL3 LEVEL4 LEVEL0 LEVEL1) [1]
Pruned:  0: (LOAD GOODS1 TRUCK1 MARKET1 LEVEL3 LEVEL4 LEVEL0 LEVEL1) [1]
Pruned:  0: (LOAD GOODS1 TRUCK1 MARKET1 LEVEL3 LEVEL4 LEVEL0 LEVEL1) [1]
Pruned:  0: (LOAD GOODS1 TRUCK1 MARKET1 LEVEL3 LEVEL4 LEVEL0 LEVEL1) [1]
Pruned:  0: (LOAD GOODS1 TRUCK1 MARKET1 LEVEL3 LEVEL4 LEVEL0 LEVEL1) [1]
Pruned:  0: (LOAD GOODS1 TRUCK1 MARKET1 LEVEL3 LEVEL4 LEVEL0 LEVEL1) [1]
Pruned:  0: (LOAD GOODS1 TRUCK1 MARKET1 LEVEL3 LEVEL4 LEVEL0 LEVEL1) [1]
Pruned:  0: (LOAD GOODS1 TRUCK1 MARKET1 LEVEL3 LEVEL4 LEVEL0 LEVEL1) [1]
Pruned:  0: (LOAD GOODS1 TRUCK1 MARKET1 LEVEL3 LEVEL4 LEVEL0 LEVEL1) [1]
Pruned:  0: (LOAD GOODS1 TRUCK1 MARKET1 LEVEL3 LEVEL4 LEVEL0 LEVEL1) [1]
Pruned:  0: (LOAD GOODS1 TRUCK1 MARKET1 LEVEL3 LEVEL4 LEVEL0 LEVEL1) [1]
Pruned:  0: (LOAD GOODS1 TRUCK1 MARKET1 LEVEL3 LEVEL4 LEVEL0 LEVEL1) [1]
Pruned:  0: (LOAD GOODS1 TRUCK1 MARKET1 LEVEL3 LEVEL4 LEVEL0 LEVEL1) [1]
Pruned:  0: (LOAD GOODS1 TRUCK1 MARKET1 LEVEL3 LEVEL4 LEVEL0 LEVEL1) [1]
Pruned:  0: (LOAD GOODS1 TRUCK1 MARKET1 LEVEL3 LEVEL4 LEVEL0 LEVEL1) [1]
Pruned:  0: (LOAD GOODS1 TRUCK1 MARKET1 LEVEL3 LEVEL4 LEVEL0 LEVEL1) [1]
Pruned:  0: (LOAD GOODS1 TRUCK1 MARKET1 LEVEL3 LEVEL4 LEVEL0 LEVEL1) [1]
Pruned:  0: (LOAD GOODS1 TRUCK1 MARKET1 LEVEL3 LEVEL4 LEVEL0 LEVEL1) [1]
Pruned:  0: (LOAD GOODS1 TRUCK1 MARKET1 LEVEL3 LEVEL4 LEVEL0 LEVEL1) [1]
Pruned:  0: (LOAD GOODS1 TRUCK1 MARKET1 LEVEL3 LEVEL4 LEVEL0 LEVEL1) [1]
Pruned:  0: (LOAD GOODS1 TRUCK1 MARKET1 LEVEL3 LEVEL4 LEVEL0 LEVEL1) [1]
Pruned:  0: (LOAD GOODS1 TRUCK1 MARKET1 LEVEL3 LEVEL4 LEVEL0 LEVEL1) [1]
Pruned:  0: (LOAD GOODS1 TRUCK1 MARKET1 LEVEL3 LEVEL4 LEVEL0 LEVEL1) [1]
Pruned:  0: (LOAD GOODS1 TRUCK1 MARKET1 LEVEL3 LEVEL4 LEVEL0 LEVEL1) [1]
Pruned:  0: (LOAD GOODS1 TRUCK1 MARKET1 LEVEL3 LEVEL4 LEVEL0 LEVEL1) [1]
Pruned:  0: (LOAD GOODS1 TRUCK1 MARKET1 LEVEL3 LEVEL4 LEVEL0 LEVEL1) [1]
Pruned:  0: (LOAD GOODS1 TRUCK1 MARKET1 LEVEL3 LEVEL4 LEVEL0 LEVEL1) [1]
Pruned:  0: (LOAD GOODS1 TRUCK1 MARKET1 LEVEL3 LEVEL4 LEVEL0 LEVEL1) [1]
Pruned:  0: (LOAD GOODS1 TRUCK1 MARKET1 LEVEL3 LEVEL4 LEVEL0 LEVEL1) [1]
Pruned:  0: (LOAD GOODS1 TRUCK1 MARKET1 LEVEL3 LEVEL4 LEVEL0 LEVEL1) [1]
Pruned:  0: (LOAD GOODS1 TRUCK1 MARKET1 LEVEL3 LEVEL4 LEVEL0 LEVEL1) [1]
Pruned:  0: (LOAD GOODS1 TRUCK1 MARKET1 LEVEL3 LEVEL4 LEVEL0 LEVEL1) [1]
Pruned:  0: (LOAD GOODS1 TRUCK1 MARKET1 LEVEL3 LEVEL4 LEVEL0 LEVEL1) [1]
Pruned:  0: (LOAD GOODS1 TRUCK1 MARKET1 LEVEL3 LEVEL4 LEVEL0 LEVEL1) [1]
Pruned:  0: (LOAD GOODS1 TRUCK1 MARKET1 LEVEL3 LEVEL4 LEVEL0 LEVEL1) [1]
Pruned:  0: (LOAD GOODS1 TRUCK1 MARKET1 LEVEL3 LEVEL4 LEVEL0 LEVEL1) [1]
Pruned:  0: (LOAD GOODS1 TRUCK1 MARKET1 LEVEL3 LEVEL4 LEVEL0 LEVEL1) [1]
Pruned:  0: (LOAD GOODS1 TRUCK1 MARKET1 LEVEL3 LEVEL4 LEVEL0 LEVEL1) [1]
Pruned:  0: (LOAD GOODS1 TRUCK1 MARKET1 LEVEL3 LEVEL4 LEVEL0 LEVEL1) [1]
Pruned:  0: (LOAD GOODS1 TRUCK1 MARKET1 LEVEL3 LEVEL4 LEVEL0 LEVEL1) [1]
Pruned:  0: (LOAD GOODS1 TRUCK1 MARKET1 LEVEL3 LEVEL4 LEVEL0 LEVEL1) [1]
Pruned:  0: (LOAD GOODS1 TRUCK1 MARKET1 LEVEL3 LEVEL4 LEVEL0 LEVEL1) [1]
Pruned:  0: (LOAD GOODS1 TRUCK1 MARKET1 LEVEL3 LEVEL4 LEVEL0 LEVEL1) [1]
Pruned:  0: (LOAD GOODS1 TRUCK1 MARKET1 LEVEL3 LEVEL4 LEVEL0 LEVEL1) [1]
Pruned:  0: (LOAD GOODS1 TRUCK1 MARKET1 LEVEL3 LEVEL4 LEVEL0 LEVEL1) [1]
Pruned:  0: (LOAD GOODS1 TRUCK1 MARKET1 LEVEL3 LEVEL4 LEVEL0 LEVEL1) [1]
Pruned:  0: (LOAD GOODS1 TRUCK1 MARKET1 LEVEL3 LEVEL4 LEVEL0 LEVEL1) [1]
Pruned:  0: (LOAD GOODS1 TRUCK1 MARKET1 LEVEL3 LEVEL4 LEVEL0 LEVEL1) [1]
Pruned:  0: (LOAD GOODS1 TRUCK1 MARKET1 LEVEL3 LEVEL4 LEVEL0 LEVEL1) [1]
Pruned:  0: (LOAD GOODS1 TRUCK1 MARKET1 LEVEL3 LEVEL4 LEVEL0 LEVEL1) [1]
Pruned:  0: (LOAD GOODS1 TRUCK1 MARKET1 LEVEL3 LEVEL4 LEVEL0 LEVEL1) [1]
Pruned:  0: (LOAD GOODS1 TRUCK1 MARKET1 LEVEL3 LEVEL4 LEVEL0 LEVEL1) [1]
Pruned:  0: (LOAD GOODS1 TRUCK1 MARKET1 LEVEL3 LEVEL4 LEVEL0 LEVEL1) [1]
Pruned:  0: (LOAD GOODS1 TRUCK1 MARKET1 LEVEL3 LEVEL4 LEVEL0 LEVEL1) [1]
Pruned:  0: (LOAD GOODS1 TRUCK1 MARKET1 LEVEL3 LEVEL4 LEVEL0 LEVEL1) [1]
Pruned:  0: (LOAD GOODS1 TRUCK1 MARKET1 LEVEL3 LEVEL4 LEVEL0 LEVEL1) [1]
Pruned:  0: (LOAD GOODS1 TRUCK1 MARKET1 LEVEL3 LEVEL4 LEVEL0 LEVEL1) [1]
Pruned:  0: (LOAD GOODS1 TRUCK1 MARKET1 LEVEL3 LEVEL4 LEVEL0 LEVEL1) [1]
Pruned:  0: (LOAD GOODS1 TRUCK1 MARKET1 LEVEL3 LEVEL4 LEVEL0 LEVEL1) [1]
Pruned:  0: (LOAD GOODS1 TRUCK1 MARKET1 LEVEL3 LEVEL4 LEVEL0 LEVEL1) [1]
Pruned:  0: (LOAD GOODS1 TRUCK1 MARKET1 LEVEL3 LEVEL4 LEVEL0 LEVEL1) [1]
Pruned:  0: (LOAD GOODS1 TRUCK1 MARKET1 LEVEL3 LEVEL4 LEVEL0 LEVEL1) [1]
Pruned:  0: (LOAD GOODS1 TRUCK1 MARKET1 LEVEL3 LEVEL4 LEVEL0 LEVEL1) [1]
Pruned:  0: (LOAD GOODS1 TRUCK1 MARKET1 LEVEL3 LEVEL4 LEVEL0 LEVEL1) [1]
Pruned:  0: (LOAD GOODS1 TRUCK1 MARKET1 LEVEL3 LEVEL4 LEVEL0 LEVEL1) [1]
Pruned:  0: (LOAD GOODS1 TRUCK1 MARKET1 LEVEL3 LEVEL4 LEVEL0 LEVEL1) [1]
Pruned:  0: (LOAD GOODS1 TRUCK1 MARKET1 LEVEL3 LEVEL4 LEVEL0 LEVEL1) [1]
Pruned:  0: (LOAD GOODS1 TRUCK1 MARKET1 LEVEL3 LEVEL4 LEVEL0 LEVEL1) [1]
Pruned:  0: (LOAD GOODS1 TRUCK1 MARKET1 LEVEL3 LEVEL4 LEVEL0 LEVEL1) [1]
Pruned:  0: (LOAD GOODS1 TRUCK1 MARKET1 LEVEL3 LEVEL4 LEVEL0 LEVEL1) [1]
Pruned:  0: (LOAD GOODS1 TRUCK1 MARKET1 LEVEL3 LEVEL4 LEVEL0 LEVEL1) [1]
Pruned:  0: (LOAD GOODS1 TRUCK1 MARKET1 LEVEL3 LEVEL4 LEVEL0 LEVEL1) [1]
Pruned:  0: (LOAD GOODS1 TRUCK1 MARKET1 LEVEL3 LEVEL4 LEVEL0 LEVEL1) [1]
Pruned:  0: (LOAD GOODS1 TRUCK1 MARKET1 LEVEL3 LEVEL4 LEVEL0 LEVEL1) [1]
Pruned:  0: (LOAD GOODS1 TRUCK1 MARKET1 LEVEL3 LEVEL4 LEVEL0 LEVEL1) [1]
Pruned:  0: (LOAD GOODS1 TRUCK1 MARKET1 LEVEL3 LEVEL4 LEVEL0 LEVEL1) [1]
Pruned:  0: (LOAD GOODS1 TRUCK1 MARKET1 LEVEL3 LEVEL4 LEVEL0 LEVEL1) [1]
Pruned:  0: (LOAD GOODS1 TRUCK1 MARKET1 LEVEL3 LEVEL4 LEVEL0 LEVEL1) [1]
Pruned:  0: (LOAD GOODS1 TRUCK1 MARKET1 LEVEL3 LEVEL4 LEVEL0 LEVEL1) [1]
Pruned:  0: (LOAD GOODS1 TRUCK1 MARKET1 LEVEL3 LEVEL4 LEVEL0 LEVEL1) [1]
Pruned:  0: (LOAD GOODS1 TRUCK1 MARKET1 LEVEL3 LEVEL4 LEVEL0 LEVEL1) [1]
Pruned:  0: (LOAD GOODS1 TRUCK1 MARKET1 LEVEL3 LEVEL4 LEVEL0 LEVEL1) [1]
Pruned:  0: (LOAD GOODS1 TRUCK1 MARKET1 LEVEL3 LEVEL4 LEVEL0 LEVEL1) [1]
Pruned:  0: (LOAD GOODS1 TRUCK1 MARKET1 LEVEL3 LEVEL4 LEVEL0 LEVEL1) [1]
Pruned:  0: (LOAD GOODS1 TRUCK1 MARKET1 LEVEL3 LEVEL4 LEVEL0 LEVEL1) [1]
Pruned:  0: (LOAD GOODS1 TRUCK1 MARKET1 LEVEL3 LEVEL4 LEVEL0 LEVEL1) [1]
Pruned:  0: (LOAD GOODS1 TRUCK1 MARKET1 LEVEL3 LEVEL4 LEVEL0 LEVEL1) [1]
Pruned:  0: (LOAD GOODS1 TRUCK1 MARKET1 LEVEL3 LEVEL4 LEVEL0 LEVEL1) [1]
Pruned:  0: (LOAD GOODS1 TRUCK1 MARKET1 LEVEL3 LEVEL4 LEVEL0 LEVEL1) [1]
Pruned:  0: (LOAD GOODS1 TRUCK1 MARKET1 LEVEL3 LEVEL4 LEVEL0 LEVEL1) [1]
Pruned:  0: (LOAD GOODS1 TRUCK1 MARKET1 LEVEL3 LEVEL4 LEVEL0 LEVEL1) [1]
Pruned:  0: (LOAD GOODS1 TRUCK1 MARKET1 LEVEL3 LEVEL4 LEVEL0 LEVEL1) [1]
Pruned:  0: (LOAD GOODS1 TRUCK1 MARKET1 LEVEL3 LEVEL4 LEVEL0 LEVEL1) [1]
Pruned:  0: (LOAD GOODS1 TRUCK1 MARKET1 LEVEL3 LEVEL4 LEVEL0 LEVEL1) [1]
Pruned:  0: (LOAD GOODS1 TRUCK1 MARKET1 LEVEL3 LEVEL4 LEVEL0 LEVEL1) [1]
Pruned:  0: (LOAD GOODS1 TRUCK1 MARKET1 LEVEL3 LEVEL4 LEVEL0 LEVEL1) [1]
Pruned:  0: (LOAD GOODS1 TRUCK1 MARKET1 LEVEL3 LEVEL4 LEVEL0 LEVEL1) [1]
Pruned:  0: (LOAD GOODS1 TRUCK1 MARKET1 LEVEL3 LEVEL4 LEVEL0 LEVEL1) [1]
Pruned:  0: (LOAD GOODS1 TRUCK1 MARKET1 LEVEL3 LEVEL4 LEVEL0 LEVEL1) [1]
Pruned:  0: (LOAD GOODS1 TRUCK1 MARKET1 LEVEL3 LEVEL4 LEVEL0 LEVEL1) [1]
Pruned:  0: (LOAD GOODS1 TRUCK1 MARKET1 LEVEL3 LEVEL4 LEVEL0 LEVEL1) [1]
Pruned:  0: (LOAD GOODS1 TRUCK1 MARKET1 LEVEL3 LEVEL4 LEVEL0 LEVEL1) [1]
Pruned:  0: (LOAD GOODS1 TRUCK1 MARKET1 LEVEL3 LEVEL4 LEVEL0 LEVEL1) [1]
Pruned:  0: (LOAD GOODS1 TRUCK1 MARKET1 LEVEL3 LEVEL4 LEVEL0 LEVEL1) [1]
Pruned:  0: (LOAD GOODS1 TRUCK1 MARKET1 LEVEL3 LEVEL4 LEVEL0 LEVEL1) [1]
Pruned:  0: (LOAD GOODS1 TRUCK1 MARKET1 LEVEL3 LEVEL4 LEVEL0 LEVEL1) [1]
Pruned:  0: (LOAD GOODS1 TRUCK1 MARKET1 LEVEL3 LEVEL4 LEVEL0 LEVEL1) [1]
Pruned:  0: (LOAD GOODS1 TRUCK1 MARKET1 LEVEL3 LEVEL4 LEVEL0 LEVEL1) [1]
Pruned:  0: (LOAD GOODS1 TRUCK1 MARKET1 LEVEL3 LEVEL4 LEVEL0 LEVEL1) [1]
Pruned:  0: (LOAD GOODS1 TRUCK1 MARKET1 LEVEL3 LEVEL4 LEVEL0 LEVEL1) [1]
Pruned:  0: (LOAD GOODS1 TRUCK1 MARKET1 LEVEL3 LEVEL4 LEVEL0 LEVEL1) [1]
Pruned:  0: (LOAD GOODS1 TRUCK1 MARKET1 LEVEL3 LEVEL4 LEVEL0 LEVEL1) [1]
Pruned:  0: (LOAD GOODS1 TRUCK1 MARKET1 LEVEL3 LEVEL4 LEVEL0 LEVEL1) [1]
Pruned:  0: (LOAD GOODS1 TRUCK1 MARKET1 LEVEL3 LEVEL4 LEVEL0 LEVEL1) [1]
Pruned:  0: (LOAD GOODS1 TRUCK1 MARKET1 LEVEL3 LEVEL4 LEVEL0 LEVEL1) [1]
Pruned:  0: (LOAD GOODS1 TRUCK1 MARKET1 LEVEL3 LEVEL4 LEVEL0 LEVEL1) [1]
Pruned:  0: (LOAD GOODS1 TRUCK1 MARKET1 LEVEL3 LEVEL4 LEVEL0 LEVEL1) [1]
Pruned:  0: (LOAD GOODS1 TRUCK1 MARKET1 LEVEL3 LEVEL4 LEVEL0 LEVEL1) [1]
Pruned:  0: (LOAD GOODS1 TRUCK1 MARKET1 LEVEL3 LEVEL4 LEVEL0 LEVEL1) [1]
Pruned:  0: (LOAD GOODS1 TRUCK1 MARKET1 LEVEL3 LEVEL4 LEVEL0 LEVEL1) [1]
Pruned:  0: (LOAD GOODS1 TRUCK1 MARKET1 LEVEL3 LEVEL4 LEVEL0 LEVEL1) [1]
Pruned:  0: (LOAD GOODS1 TRUCK1 MARKET1 LEVEL3 LEVEL4 LEVEL0 LEVEL1) [1]
Pruned:  0: (LOAD GOODS1 TRUCK1 MARKET1 LEVEL3 LEVEL4 LEVEL0 LEVEL1) [1]
Pruned:  0: (LOAD GOODS1 TRUCK1 MARKET1 LEVEL3 LEVEL4 LEVEL0 LEVEL1) [1]
Pruned:  0: (LOAD GOODS1 TRUCK1 MARKET1 LEVEL3 LEVEL4 LEVEL0 LEVEL1) [1]
Pruned:  0: (LOAD GOODS1 TRUCK1 MARKET1 LEVEL3 LEVEL4 LEVEL0 LEVEL1) [1]
Pruned:  0: (LOAD GOODS1 TRUCK1 MARKET1 LEVEL3 LEVEL4 LEVEL0 LEVEL1) [1]
Pruned:  0: (LOAD GOODS1 TRUCK1 MARKET1 LEVEL3 LEVEL4 LEVEL0 LEVEL1) [1]
Pruned:  0: (LOAD GOODS1 TRUCK1 MARKET1 LEVEL3 LEVEL4 LEVEL0 LEVEL1) [1]
Pruned:  0: (LOAD GOODS1 TRUCK1 MARKET1 LEVEL3 LEVEL4 LEVEL0 LEVEL1) [1]
Pruned:  0: (LOAD GOODS1 TRUCK1 MARKET1 LEVEL3 LEVEL4 LEVEL0 LEVEL1) [1]
Pruned:  0: (LOAD GOODS1 TRUCK1 MARKET1 LEVEL3 LEVEL4 LEVEL0 LEVEL1) [1]
Pruned:  0: (LOAD GOODS1 TRUCK1 MARKET1 LEVEL3 LEVEL4 LEVEL0 LEVEL1) [1]
Pruned:  0: (LOAD GOODS1 TRUCK1 MARKET1 LEVEL3 LEVEL4 LEVEL0 LEVEL1) [1]
Pruned:  0: (LOAD GOODS1 TRUCK1 MARKET1 LEVEL3 LEVEL4 LEVEL0 LEVEL1) [1]
Pruned:  0: (LOAD GOODS1 TRUCK1 MARKET1 LEVEL3 LEVEL4 LEVEL0 LEVEL1) [1]
Pruned:  0: (LOAD GOODS1 TRUCK1 MARKET1 LEVEL3 LEVEL4 LEVEL0 LEVEL1) [1]
Pruned:  0: (LOAD GOODS1 TRUCK1 MARKET1 LEVEL3 LEVEL4 LEVEL0 LEVEL1) [1]
Pruned:  0: (LOAD GOODS1 TRUCK1 MARKET1 LEVEL3 LEVEL4 LEVEL0 LEVEL1) [1]
Pruned:  0: (LOAD GOODS1 TRUCK1 MARKET1 LEVEL3 LEVEL4 LEVEL0 LEVEL1) [1]
Pruned:  0: (LOAD GOODS1 TRUCK1 MARKET1 LEVEL3 LEVEL4 LEVEL0 LEVEL1) [1]
Pruned:  0: (LOAD GOODS1 TRUCK1 MARKET1 LEVEL3 LEVEL4 LEVEL0 LEVEL1) [1]
Pruned:  0: (LOAD GOODS1 TRUCK1 MARKET1 LEVEL3 LEVEL4 LEVEL0 LEVEL1) [1]
Pruned:  0: (LOAD GOODS1 TRUCK1 MARKET1 LEVEL3 LEVEL4 LEVEL0 LEVEL1) [1]
Pruned:  0: (LOAD GOODS1 TRUCK1 MARKET1 LEVEL3 LEVEL4 LEVEL0 LEVEL1) [1]
Pruned:  0: (LOAD GOODS1 TRUCK1 MARKET1 LEVEL3 LEVEL4 LEVEL0 LEVEL1) [1]
Pruned:  0: (LOAD GOODS1 TRUCK1 MARKET1 LEVEL3 LEVEL4 LEVEL0 LEVEL1) [1]
Pruned:  0: (LOAD GOODS1 TRUCK1 MARKET1 LEVEL3 LEVEL4 LEVEL0 LEVEL1) [1]
Pruned:  0: (LOAD GOODS1 TRUCK1 MARKET1 LEVEL3 LEVEL4 LEVEL0 LEVEL1) [1]
Pruned:  0: (LOAD GOODS1 TRUCK1 MARKET1 LEVEL3 LEVEL4 LEVEL0 LEVEL1) [1]
Pruned:  0: (LOAD GOODS1 TRUCK1 MARKET1 LEVEL3 LEVEL4 LEVEL0 LEVEL1) [1]
Pruned:  0: (LOAD GOODS1 TRUCK1 MARKET1 LEVEL3 LEVEL4 LEVEL0 LEVEL1) [1]
Pruned:  0: (LOAD GOODS1 TRUCK1 MARKET1 LEVEL3 LEVEL4 LEVEL0 LEVEL1) [1]
Pruned:  0: (LOAD GOODS1 TRUCK1 MARKET1 LEVEL3 LEVEL4 LEVEL0 LEVEL1) [1]
Pruned:  0: (LOAD GOODS1 TRUCK1 MARKET1 LEVEL3 LEVEL4 LEVEL0 LEVEL1) [1]
Pruned:  0: (LOAD GOODS1 TRUCK1 MARKET1 LEVEL3 LEVEL4 LEVEL0 LEVEL1) [1]
Pruned:  0: (LOAD GOODS1 TRUCK1 MARKET1 LEVEL3 LEVEL4 LEVEL0 LEVEL1) [1]
Pruned:  0: (LOAD GOODS1 TRUCK1 MARKET1 LEVEL3 LEVEL4 LEVEL0 LEVEL1) [1]
Pruned:  0: (LOAD GOODS1 TRUCK1 MARKET1 LEVEL3 LEVEL4 LEVEL0 LEVEL1) [1]
Pruned:  0: (LOAD GOODS1 TRUCK1 MARKET1 LEVEL3 LEVEL4 LEVEL0 LEVEL1) [1]
Pruned:  0: (LOAD GOODS1 TRUCK1 MARKET1 LEVEL3 LEVEL4 LEVEL0 LEVEL1) [1]
Pruned:  0: (LOAD GOODS1 TRUCK1 MARKET1 LEVEL3 LEVEL4 LEVEL0 LEVEL1) [1]
Pruned:  0: (LOAD GOODS1 TRUCK1 MARKET1 LEVEL3 LEVEL4 LEVEL0 LEVEL1) [1]
Pruned:  0: (LOAD GOODS1 TRUCK1 MARKET1 LEVEL3 LEVEL4 LEVEL0 LEVEL1) [1]
Pruned:  0: (LOAD GOODS1 TRUCK1 MARKET1 LEVEL3 LEVEL4 LEVEL0 LEVEL1) [1]
Pruned:  0: (LOAD GOODS1 TRUCK1 MARKET1 LEVEL3 LEVEL4 LEVEL0 LEVEL1) [1]
Pruned:  0: (LOAD GOODS1 TRUCK1 MARKET1 LEVEL3 LEVEL4 LEVEL0 LEVEL1) [1]
Pruned:  0: (LOAD GOODS1 TRUCK1 MARKET1 LEVEL3 LEVEL4 LEVEL0 LEVEL1) [1]
Pruned:  0: (LOAD GOODS1 TRUCK1 MARKET1 LEVEL3 LEVEL4 LEVEL0 LEVEL1) [1]
Pruned:  0: (LOAD GOODS1 TRUCK1 MARKET1 LEVEL3 LEVEL4 LEVEL0 LEVEL1) [1]
Pruned:  0: (LOAD GOODS1 TRUCK1 MARKET1 LEVEL3 LEVEL4 LEVEL0 LEVEL1) [1]
Pruned:  0: (LOAD GOODS1 TRUCK1 MARKET1 LEVEL3 LEVEL4 LEVEL0 LEVEL1) [1]
Pruned:  0: (LOAD GOODS1 TRUCK1 MARKET1 LEVEL3 LEVEL4 LEVEL0 LEVEL1) [1]
Pruned:  0: (LOAD GOODS1 TRUCK1 MARKET1 LEVEL3 LEVEL4 LEVEL0 LEVEL1) [1]
Pruned:  0: (LOAD GOODS1 TRUCK1 MARKET1 LEVEL3 LEVEL4 LEVEL0 LEVEL1) [1]
Pruned:  0: (LOAD GOODS1 TRUCK1 MARKET1 LEVEL3 LEVEL4 LEVEL0 LEVEL1) [1]
Pruned:  0: (LOAD GOODS1 TRUCK1 MARKET1 LEVEL3 LEVEL4 LEVEL0 LEVEL1) [1]
Pruned:  0: (LOAD GOODS1 TRUCK1 MARKET1 LEVEL3 LEVEL4 LEVEL0 LEVEL1) [1]
Pruned:  0: (LOAD GOODS1 TRUCK1 MARKET1 LEVEL3 LEVEL4 LEVEL0 LEVEL1) [1]
Pruned:  0: (LOAD GOODS1 TRUCK1 MARKET1 LEVEL3 LEVEL4 LEVEL0 LEVEL1) [1]
Pruned:  0: (LOAD GOODS1 TRUCK1 MARKET1 LEVEL3 LEVEL4 LEVEL0 LEVEL1) [1]
Pruned:  0: (LOAD GOODS1 TRUCK1 MARKET1 LEVEL3 LEVEL4 LEVEL0 LEVEL1) [1]
Pruned:  0: (LOAD GOODS1 TRUCK1 MARKET1 LEVEL3 LEVEL4 LEVEL0 LEVEL1) [1]
Pruned:  0: (LOAD GOODS1 TRUCK1 MARKET1 LEVEL3 LEVEL4 LEVEL0 LEVEL1) [1]
Pruned:  0: (LOAD GOODS1 TRUCK1 MARKET1 LEVEL3 LEVEL4 LEVEL0 LEVEL1) [1]
Pruned:  0: (LOAD GOODS1 TRUCK1 MARKET1 LEVEL3 LEVEL4 LEVEL0 LEVEL1) [1]
Pruned:  0: (LOAD GOODS1 TRUCK1 MARKET1 LEVEL3 LEVEL4 LEVEL0 LEVEL1) [1]
Pruned:  0: (LOAD GOODS1 TRUCK1 MARKET1 LEVEL3 LEVEL4 LEVEL0 LEVEL1) [1]
Pruned:  0: (LOAD GOODS1 TRUCK1 MARKET1 LEVEL3 LEVEL4 LEVEL0 LEVEL1) [1]
Pruned:  0: (LOAD GOODS1 TRUCK1 MARKET1 LEVEL3 LEVEL4 LEVEL0 LEVEL1) [1]
Pruned:  0: (LOAD GOODS1 TRUCK1 MARKET1 LEVEL3 LEVEL4 LEVEL0 LEVEL1) [1]
Pruned:  0: (LOAD GOODS1 TRUCK1 MARKET1 LEVEL3 LEVEL4 LEVEL0 LEVEL1) [1]
Pruned:  0: (LOAD GOODS1 TRUCK1 MARKET1 LEVEL3 LEVEL4 LEVEL0 LEVEL1) [1]
Pruned:  0: (LOAD GOODS1 TRUCK1 MARKET1 LEVEL3 LEVEL4 LEVEL0 LEVEL1) [1]
Pruned:  0: (LOAD GOODS1 TRUCK1 MARKET1 LEVEL3 LEVEL4 LEVEL0 LEVEL1) [1]
Pruned:  0: (LOAD GOODS1 TRUCK1 MARKET1 LEVEL3 LEVEL4 LEVEL0 LEVEL1) [1]
Pruned:  0: (LOAD GOODS1 TRUCK1 MARKET1 LEVEL3 LEVEL4 LEVEL0 LEVEL1) [1]
Pruned:  0: (LOAD GOODS1 TRUCK1 MARKET1 LEVEL3 LEVEL4 LEVEL0 LEVEL1) [1]
Pruned:  0: (LOAD GOODS1 TRUCK1 MARKET1 LEVEL3 LEVEL4 LEVEL0 LEVEL1) [1]
Pruned:  0: (LOAD GOODS1 TRUCK1 MARKET1 LEVEL3 LEVEL4 LEVEL0 LEVEL1) [1]
Pruned:  0: (LOAD GOODS1 TRUCK1 MARKET1 LEVEL3 LEVEL4 LEVEL0 LEVEL1) [1]
Pruned:  0: (LOAD GOODS1 TRUCK1 MARKET1 LEVEL3 LEVEL4 LEVEL0 LEVEL1) [1]
Pruned:  0: (LOAD GOODS1 TRUCK1 MARKET1 LEVEL3 LEVEL4 LEVEL0 LEVEL1) [1]
Pruned:  0: (LOAD GOODS1 TRUCK1 MARKET1 LEVEL3 LEVEL4 LEVEL0 LEVEL1) [1]
Pruned:  0: (LOAD GOODS1 TRUCK1 MARKET1 LEVEL3 LEVEL4 LEVEL0 LEVEL1) [1]
Pruned:  0: (LOAD GOODS1 TRUCK1 MARKET1 LEVEL3 LEVEL4 LEVEL0 LEVEL1) [1]
Pruned:  0: (LOAD GOODS1 TRUCK1 MARKET1 LEVEL3 LEVEL4 LEVEL0 LEVEL1) [1]
Pruned:  0: (LOAD GOODS1 TRUCK1 MARKET1 LEVEL3 LEVEL4 LEVEL0 LEVEL1) [1]
Pruned:  0: (LOAD GOODS1 TRUCK1 MARKET1 LEVEL3 LEVEL4 LEVEL0 LEVEL1) [1]
Pruned:  0: (LOAD GOODS1 TRUCK1 MARKET1 LEVEL3 LEVEL4 LEVEL0 LEVEL1) [1]
Pruned:  0: (LOAD GOODS1 TRUCK1 MARKET1 LEVEL3 LEVEL4 LEVEL0 LEVEL1) [1]
Pruned:  0: (LOAD GOODS1 TRUCK1 MARKET1 LEVEL3 LEVEL4 LEVEL0 LEVEL1) [1]
Pruned:  0: (LOAD GOODS1 TRUCK1 MARKET1 LEVEL3 LEVEL4 LEVEL0 LEVEL1) [1]
Pruned:  0: (LOAD GOODS1 TRUCK1 MARKET1 LEVEL3 LEVEL4 LEVEL0 LEVEL1) [1]
Pruned:  0: (LOAD GOODS1 TRUCK1 MARKET1 LEVEL3 LEVEL4 LEVEL0 LEVEL1) [1]
Pruned:  0: (LOAD GOODS1 TRUCK1 MARKET1 LEVEL3 LEVEL4 LEVEL0 LEVEL1) [1]
Pruned:  0: (LOAD GOODS1 TRUCK1 MARKET1 LEVEL3 LEVEL4 LEVEL0 LEVEL1) [1]
Pruned:  0: (LOAD GOODS1 TRUCK1 MARKET1 LEVEL3 LEVEL4 LEVEL0 LEVEL1) [1]
Pruned:  0: (LOAD GOODS1 TRUCK1 MARKET1 LEVEL3 LEVEL4 LEVEL0 LEVEL1) [1]
Pruned:  0: (LOAD GOODS1 TRUCK1 MARKET1 LEVEL3 LEVEL4 LEVEL0 LEVEL1) [1]
Pruned:  0: (LOAD GOODS1 TRUCK1 MARKET1 LEVEL3 LEVEL4 LEVEL0 LEVEL1) [1]
Pruned:  0: (LOAD GOODS1 TRUCK1 MARKET1 LEVEL3 LEVEL4 LEVEL0 LEVEL1) [1]
Pruned:  0: (LOAD GOODS1 TRUCK1 MARKET1 LEVEL3 LEVEL4 LEVEL0 LEVEL1) [1]
Pruned:  0: (LOAD GOODS1 TRUCK1 MARKET1 LEVEL3 LEVEL4 LEVEL0 LEVEL1) [1]
Pruned:  0: (LOAD GOODS1 TRUCK1 MARKET1 LEVEL3 LEVEL4 LEVEL0 LEVEL1) [1]
Pruned:  0: (LOAD GOODS1 TRUCK1 MARKET1 LEVEL3 LEVEL4 LEVEL0 LEVEL1) [1]
Pruned:  0: (LOAD GOODS1 TRUCK1 MARKET1 LEVEL3 LEVEL4 LEVEL0 LEVEL1) [1]
Pruned:  0: (LOAD GOODS1 TRUCK1 MARKET1 LEVEL3 LEVEL4 LEVEL0 LEVEL1) [1]
Pruned:  0: (LOAD GOODS1 TRUCK1 MARKET1 LEVEL3 LEVEL4 LEVEL0 LEVEL1) [1]
Pruned:  0: (LOAD GOODS1 TRUCK1 MARKET1 LEVEL3 LEVEL4 LEVEL0 LEVEL1) [1]
Pruned:  0: (LOAD GOODS1 TRUCK1 MARKET1 LEVEL3 LEVEL4 LEVEL0 LEVEL1) [1]
Pruned:  0: (LOAD GOODS1 TRUCK1 MARKET1 LEVEL3 LEVEL4 LEVEL0 LEVEL1) [1]
Pruned:  0: (LOAD GOODS1 TRUCK1 MARKET1 LEVEL3 LEVEL4 LEVEL0 LEVEL1) [1]
Pruned:  0: (LOAD GOODS1 TRUCK1 MARKET1 LEVEL3 LEVEL4 LEVEL0 LEVEL1) [1]
Pruned:  0: (LOAD GOODS1 TRUCK1 MARKET1 LEVEL3 LEVEL4 LEVEL0 LEVEL1) [1]
Pruned:  0: (LOAD GOODS1 TRUCK1 MARKET1 LEVEL3 LEVEL4 LEVEL0 LEVEL1) [1]
Pruned:  0: (LOAD GOODS1 TRUCK1 MARKET1 LEVEL3 LEVEL4 LEVEL0 LEVEL1) [1]
Pruned:  0: (LOAD GOODS1 TRUCK1 MARKET1 LEVEL3 LEVEL4 LEVEL0 LEVEL1) [1]
Pruned:  0: (LOAD GOODS1 TRUCK1 MARKET1 LEVEL3 LEVEL4 LEVEL0 LEVEL1) [1]
Pruned:  0: (LOAD GOODS1 TRUCK1 MARKET1 LEVEL3 LEVEL4 LEVEL0 LEVEL1) [1]
Pruned:  0: (LOAD GOODS1 TRUCK1 MARKET1 LEVEL3 LEVEL4 LEVEL0 LEVEL1) [1]
Pruned:  0: (LOAD GOODS1 TRUCK1 MARKET1 LEVEL3 LEVEL4 LEVEL0 LEVEL1) [1]
Pruned:  0: (LOAD GOODS1 TRUCK1 MARKET1 LEVEL3 LEVEL4 LEVEL0 LEVEL1) [1]
Pruned:  0: (LOAD GOODS1 TRUCK1 MARKET1 LEVEL3 LEVEL4 LEVEL0 LEVEL1) [1]
Pruned:  0: (LOAD GOODS1 TRUCK1 MARKET1 LEVEL3 LEVEL4 LEVEL0 LEVEL1) [1]
Pruned:  0: (LOAD GOODS1 TRUCK1 MARKET1 LEVEL3 LEVEL4 LEVEL0 LEVEL1) [1]
Pruned:  0: (LOAD GOODS1 TRUCK1 MARKET1 LEVEL3 LEVEL4 LEVEL0 LEVEL1) [1]
Pruned:  0: (LOAD GOODS1 TRUCK1 MARKET1 LEVEL3 LEVEL4 LEVEL0 LEVEL1) [1]
Pruned:  0: (LOAD GOODS1 TRUCK1 MARKET1 LEVEL3 LEVEL4 LEVEL0 LEVEL1) [1]
Pruned:  0: (LOAD GOODS1 TRUCK1 MARKET1 LEVEL3 LEVEL4 LEVEL0 LEVEL1) [1]
Pruned:  0: (LOAD GOODS1 TRUCK1 MARKET1 LEVEL3 LEVEL4 LEVEL0 LEVEL1) [1]
Pruned:  0: (LOAD GOODS1 TRUCK1 MARKET1 LEVEL3 LEVEL4 LEVEL0 LEVEL1) [1]
Pruned:  0: (LOAD GOODS1 TRUCK1 MARKET1 LEVEL3 LEVEL4 LEVEL0 LEVEL1) [1]
Pruned:  0: (LOAD GOODS1 TRUCK1 MARKET1 LEVEL3 LEVEL4 LEVEL0 LEVEL1) [1]
Pruned:  0: (LOAD GOODS1 TRUCK1 MARKET1 LEVEL3 LEVEL4 LEVEL0 LEVEL1) [1]
Pruned:  0: (LOAD GOODS1 TRUCK1 MARKET1 LEVEL3 LEVEL4 LEVEL0 LEVEL1) [1]
Pruned:  0: (LOAD GOODS1 TRUCK1 MARKET1 LEVEL3 LEVEL4 LEVEL0 LEVEL1) [1]
Pruned:  0: (LOAD GOODS1 TRUCK1 MARKET1 LEVEL3 LEVEL4 LEVEL0 LEVEL1) [1]
Pruned:  0: (LOAD GOODS1 TRUCK1 MARKET1 LEVEL3 LEVEL4 LEVEL0 LEVEL1) [1]
Pruned:  0: (LOAD GOODS1 TRUCK1 MARKET1 LEVEL3 LEVEL4 LEVEL0 LEVEL1) [1]
Pruned:  0: (LOAD GOODS1 TRUCK1 MARKET1 LEVEL3 LEVEL4 LEVEL0 LEVEL1) [1]
Pruned:  0: (LOAD GOODS1 TRUCK1 MARKET1 LEVEL3 LEVEL4 LEVEL0 LEVEL1) [1]
Pruned:  0: (LOAD GOODS1 TRUCK1 MARKET1 LEVEL3 LEVEL4 LEVEL0 LEVEL1) [1]
Pruned:  0: (LOAD GOODS1 TRUCK1 MARKET1 LEVEL3 LEVEL4 LEVEL0 LEVEL1) [1]
Pruned:  0: (LOAD GOODS1 TRUCK1 MARKET1 LEVEL3 LEVEL4 LEVEL0 LEVEL1) [1]
Pruned:  0: (LOAD GOODS1 TRUCK1 MARKET1 LEVEL3 LEVEL4 LEVEL0 LEVEL1) [1]
Pruned:  0: (LOAD GOODS1 TRUCK1 MARKET1 LEVEL3 LEVEL4 LEVEL0 LEVEL1) [1]
Pruned:  0: (LOAD GOODS1 TRUCK1 MARKET1 LEVEL3 LEVEL4 LEVEL0 LEVEL1) [1]
Pruned:  0: (LOAD GOODS1 TRUCK1 MARKET1 LEVEL3 LEVEL4 LEVEL0 LEVEL1) [1]
Pruned:  0: (LOAD GOODS1 TRUCK1 MARKET1 LEVEL3 LEVEL4 LEVEL0 LEVEL1) [1]
Pruned:  0: (LOAD GOODS1 TRUCK1 MARKET1 LEVEL3 LEVEL4 LEVEL0 LEVEL1) [1]
Pruned:  0: (LOAD GOODS1 TRUCK1 MARKET1 LEVEL3 LEVEL4 LEVEL0 LEVEL1) [1]
Pruned:  0: (LOAD GOODS1 TRUCK1 MARKET1 LEVEL3 LEVEL4 LEVEL0 LEVEL1) [1]
Pruned:  0: (LOAD GOODS1 TRUCK1 MARKET1 LEVEL3 LEVEL4 LEVEL0 LEVEL1) [1]
Pruned:  0: (LOAD GOODS1 TRUCK1 MARKET1 LEVEL3 LEVEL4 LEVEL0 LEVEL1) [1]
Pruned:  0: (LOAD GOODS1 TRUCK1 MARKET1 LEVEL3 LEVEL4 LEVEL0 LEVEL1) [1]
Pruned:  0: (LOAD GOODS1 TRUCK1 MARKET1 LEVEL3 LEVEL4 LEVEL0 LEVEL1) [1]
Pruned:  0: (LOAD GOODS1 TRUCK1 MARKET1 LEVEL3 LEVEL4 LEVEL0 LEVEL1) [1]
Pruned:  0: (LOAD GOODS1 TRUCK1 MARKET1 LEVEL3 LEVEL4 LEVEL0 LEVEL1) [1]
Pruned:  0: (LOAD GOODS1 TRUCK1 MARKET1 LEVEL3 LEVEL4 LEVEL0 LEVEL1) [1]
Pruned:  0: (LOAD GOODS1 TRUCK1 MARKET1 LEVEL3 LEVEL4 LEVEL0 LEVEL1) [1]
Pruned:  0: (LOAD GOODS1 TRUCK1 MARKET1 LEVEL3 LEVEL4 LEVEL0 LEVEL1) [1]
Pruned:  0: (LOAD GOODS1 TRUCK1 MARKET1 LEVEL3 LEVEL4 LEVEL0 LEVEL1) [1]
Pruned:  0: (LOAD GOODS1 TRUCK1 MARKET1 LEVEL3 LEVEL4 LEVEL0 LEVEL1) [1]
Pruned:  0: (LOAD GOODS1 TRUCK1 MARKET1 LEVEL3 LEVEL4 LEVEL0 LEVEL1) [1]
Pruned:  0: (LOAD GOODS1 TRUCK1 MARKET1 LEVEL3 LEVEL4 LEVEL0 LEVEL1) [1]
Pruned:  0: (LOAD GOODS1 TRUCK1 MARKET1 LEVEL3 LEVEL4 LEVEL0 LEVEL1) [1]
Pruned:  0: (LOAD GOODS1 TRUCK1 MARKET1 LEVEL3 LEVEL4 LEVEL0 LEVEL1) [1]
Pruned:  0: (LOAD GOODS1 TRUCK1 MARKET1 LEVEL3 LEVEL4 LEVEL0 LEVEL1) [1]
Pruned:  0: (LOAD GOODS1 TRUCK1 MARKET1 LEVEL3 LEVEL4 LEVEL0 LEVEL1) [1]
Pruned:  0: (LOAD GOODS1 TRUCK1 MARKET1 LEVEL3 LEVEL4 LEVEL0 LEVEL1) [1]
Pruned:  0: (LOAD GOODS1 TRUCK1 MARKET1 LEVEL3 LEVEL4 LEVEL0 LEVEL1) [1]
Pruned:  0: (LOAD GOODS1 TRUCK1 MARKET1 LEVEL3 LEVEL4 LEVEL0 LEVEL1) [1]
Pruned:  0: (LOAD GOODS1 TRUCK1 MARKET1 LEVEL3 LEVEL4 LEVEL0 LEVEL1) [1]
Pruned:  0: (LOAD GOODS1 TRUCK1 MARKET1 LEVEL3 LEVEL4 LEVEL0 LEVEL1) [1]
Pruned:  0: (LOAD GOODS1 TRUCK1 MARKET1 LEVEL3 LEVEL4 LEVEL0 LEVEL1) [1]
Pruned:  0: (LOAD GOODS1 TRUCK1 MARKET1 LEVEL3 LEVEL4 LEVEL0 LEVEL1) [1]
Pruned:  0: (LOAD GOODS1 TRUCK1 MARKET1 LEVEL3 LEVEL4 LEVEL0 LEVEL1) [1]
Pruned:  0: (LOAD GOODS1 TRUCK1 MARKET1 LEVEL3 LEVEL4 LEVEL0 LEVEL1) [1]
Pruned:  0: (LOAD GOODS1 TRUCK1 MARKET1 LEVEL3 LEVEL4 LEVEL0 LEVEL1) [1]
Pruned:  0: (LOAD GOODS1 TRUCK1 MARKET1 LEVEL3 LEVEL4 LEVEL0 LEVEL1) [1]
Pruned:  0: (LOAD GOODS1 TRUCK1 MARKET1 LEVEL3 LEVEL4 LEVEL0 LEVEL1) [1]
Pruned:  0: (LOAD GOODS1 TRUCK1 MARKET1 LEVEL3 LEVEL4 LEVEL0 LEVEL1) [1]
Pruned:  0: (LOAD GOODS1 TRUCK1 MARKET1 LEVEL3 LEVEL4 LEVEL0 LEVEL1) [1]
Pruned:  0: (LOAD GOODS1 TRUCK1 MARKET1 LEVEL3 LEVEL4 LEVEL0 LEVEL1) [1]
Pruned:  0: (LOAD GOODS1 TRUCK1 MARKET1 LEVEL3 LEVEL4 LEVEL0 LEVEL1) [1]
Pruned:  0: (LOAD GOODS1 TRUCK1 MARKET1 LEVEL3 LEVEL4 LEVEL0 LEVEL1) [1]
Pruned:  0: (LOAD GOODS1 TRUCK1 MARKET1 LEVEL3 LEVEL4 LEVEL0 LEVEL1) [1]
Pruned:  0: (LOAD GOODS1 TRUCK1 MARKET1 LEVEL3 LEVEL4 LEVEL0 LEVEL1) [1]
Pruned:  0: (LOAD GOODS1 TRUCK1 MARKET1 LEVEL3 LEVEL4 LEVEL0 LEVEL1) [1]
Pruned:  0: (LOAD GOODS1 TRUCK1 MARKET1 LEVEL3 LEVEL4 LEVEL0 LEVEL1) [1]
Pruned:  0: (LOAD GOODS1 TRUCK1 MARKET1 LEVEL3 LEVEL4 LEVEL0 LEVEL1) [1]
Pruned:  0: (LOAD GOODS1 TRUCK1 MARKET1 LEVEL3 LEVEL4 LEVEL0 LEVEL1) [1]
Pruned:  0: (LOAD GOODS1 TRUCK1 MARKET1 LEVEL3 LEVEL4 LEVEL0 LEVEL1) [1]
Pruned:  0: (LOAD GOODS1 TRUCK1 MARKET1 LEVEL3 LEVEL4 LEVEL0 LEVEL1) [1]
Pruned:  0: (LOAD GOODS1 TRUCK1 MARKET1 LEVEL3 LEVEL4 LEVEL0 LEVEL1) [1]
Pruned:  0: (LOAD GOODS1 TRUCK1 MARKET1 LEVEL3 LEVEL4 LEVEL0 LEVEL1) [1]
Pruned:  0: (LOAD GOODS1 TRUCK1 MARKET1 LEVEL3 LEVEL4 LEVEL0 LEVEL1) [1]
Pruned:  0: (LOAD GOODS1 TRUCK1 MARKET1 LEVEL3 LEVEL4 LEVEL0 LEVEL1) [1]
Pruned:  0: (LOAD GOODS1 TRUCK1 MARKET1 LEVEL3 LEVEL4 LEVEL0 LEVEL1) [1]
Pruned:  0: (LOAD GOODS1 TRUCK1 MARKET1 LEVEL3 LEVEL4 LEVEL0 LEVEL1) [1]
Pruned:  0: (LOAD GOODS1 TRUCK1 MARKET1 LEVEL3 LEVEL4 LEVEL0 LEVEL1) [1]
Pruned:  0: (LOAD GOODS1 TRUCK1 MARKET1 LEVEL3 LEVEL4 LEVEL0 LEVEL1) [1]
Pruned:  0: (LOAD GOODS1 TRUCK1 MARKET1 LEVEL3 LEVEL4 LEVEL0 LEVEL1) [1]
Pruned:  0: (LOAD GOODS1 TRUCK1 MARKET1 LEVEL3 LEVEL4 LEVEL0 LEVEL1) [1]
Pruned:  0: (LOAD GOODS1 TRUCK1 MARKET1 LEVEL3 LEVEL4 LEVEL0 LEVEL1) [1]
Pruned:  0: (LOAD GOODS1 TRUCK1 MARKET1 LEVEL3 LEVEL4 LEVEL0 LEVEL1) [1]
Pruned:  0: (LOAD GOODS1 TRUCK1 MARKET1 LEVEL3 LEVEL4 LEVEL0 LEVEL1) [1]
Pruned:  0: (LOAD GOODS1 TRUCK1 MARKET1 LEVEL3 LEVEL4 LEVEL0 LEVEL1) [1]
Pruned:  0: (LOAD GOODS1 TRUCK1 MARKET1 LEVEL3 LEVEL4 LEVEL0 LEVEL1) [1]
Pruned:  0: (LOAD GOODS1 TRUCK1 MARKET1 LEVEL3 LEVEL4 LEVEL0 LEVEL1) [1]
Pruned:  0: (LOAD GOODS1 TRUCK1 MARKET1 LEVEL3 LEVEL4 LEVEL0 LEVEL1) [1]
Pruned:  0: (LOAD GOODS1 TRUCK1 MARKET1 LEVEL3 LEVEL4 LEVEL0 LEVEL1) [1]
Pruned:  0: (LOAD GOODS1 TRUCK1 MARKET1 LEVEL3 LEVEL4 LEVEL0 LEVEL1) [1]
Pruned:  0: (LOAD GOODS1 TRUCK1 MARKET1 LEVEL3 LEVEL4 LEVEL0 LEVEL1) [1]
Pruned:  0: (LOAD GOODS1 TRUCK1 MARKET1 LEVEL3 LEVEL4 LEVEL0 LEVEL1) [1]
Pruned:  0: (LOAD GOODS1 TRUCK1 MARKET1 LEVEL3 LEVEL4 LEVEL0 LEVEL1) [1]
Pruned:  0: (LOAD GOODS1 TRUCK1 MARKET1 LEVEL3 LEVEL4 LEVEL0 LEVEL1) [1]
Pruned:  0: (LOAD GOODS1 TRUCK1 MARKET1 LEVEL3 LEVEL4 LEVEL0 LEVEL1) [1]
Pruned:  0: (LOAD GOODS1 TRUCK1 MARKET1 LEVEL3 LEVEL4 LEVEL0 LEVEL1) [1]
Pruned:  0: (LOAD GOODS1 TRUCK1 MARKET1 LEVEL3 LEVEL4 LEVEL0 LEVEL1) [1]
Pruned:  0: (LOAD GOODS1 TRUCK1 MARKET1 LEVEL3 LEVEL4 LEVEL0 LEVEL1) [1]
Pruned:  0: (LOAD GOODS1 TRUCK1 MARKET1 LEVEL3 LEVEL4 LEVEL0 LEVEL1) [1]
Pruned:  0: (LOAD GOODS1 TRUCK1 MARKET1 LEVEL3 LEVEL4 LEVEL0 LEVEL1) [1]
Pruned:  0: (LOAD GOODS1 TRUCK1 MARKET1 LEVEL3 LEVEL4 LEVEL0 LEVEL1) [1]
Pruned:  0: (LOAD GOODS1 TRUCK1 MARKET1 LEVEL3 LEVEL4 LEVEL0 LEVEL1) [1]
Pruned:  0: (LOAD GOODS1 TRUCK1 MARKET1 LEVEL3 LEVEL4 LEVEL0 LEVEL1) [1]
Pruned:  0: (LOAD GOODS1 TRUCK1 MARKET1 LEVEL3 LEVEL4 LEVEL0 LEVEL1) [1]
Pruned:  0: (LOAD GOODS1 TRUCK1 MARKET1 LEVEL3 LEVEL4 LEVEL0 LEVEL1) [1]
Pruned:  0: (LOAD GOODS1 TRUCK1 MARKET1 LEVEL3 LEVEL4 LEVEL0 LEVEL1) [1]
Pruned:  0: (LOAD GOODS1 TRUCK1 MARKET1 LEVEL3 LEVEL4 LEVEL0 LEVEL1) [1]
Pruned:  0: (LOAD GOODS1 TRUCK1 MARKET1 LEVEL3 LEVEL4 LEVEL0 LEVEL1) [1]
Pruned:  0: (LOAD GOODS1 TRUCK1 MARKET1 LEVEL3 LEVEL4 LEVEL0 LEVEL1) [1]
Pruned:  0: (LOAD GOODS1 TRUCK1 MARKET1 LEVEL3 LEVEL4 LEVEL0 LEVEL1) [1]
Pruned:  0: (LOAD GOODS1 TRUCK1 MARKET1 LEVEL3 LEVEL4 LEVEL0 LEVEL1) [1]
Pruned:  0: (LOAD GOODS1 TRUCK1 MARKET1 LEVEL3 LEVEL4 LEVEL0 LEVEL1) [1]
Pruned:  0: (LOAD GOODS1 TRUCK1 MARKET1 LEVEL3 LEVEL4 LEVEL0 LEVEL1) [1]
Pruned:  0: (LOAD GOODS1 TRUCK1 MARKET1 LEVEL3 LEVEL4 LEVEL0 LEVEL1) [1]
Pruned:  0: (LOAD GOODS1 TRUCK1 MARKET1 LEVEL3 LEVEL4 LEVEL0 LEVEL1) [1]
Pruned:  0: (LOAD GOODS1 TRUCK1 MARKET1 LEVEL3 LEVEL4 LEVEL0 LEVEL1) [1]
Pruned:  0: (LOAD GOODS1 TRUCK1 MARKET1 LEVEL3 LEVEL4 LEVEL0 LEVEL1) [1]
Pruned:  0: (LOAD GOODS1 TRUCK1 MARKET1 LEVEL3 LEVEL4 LEVEL0 LEVEL1) [1]
Pruned:  0: (LOAD GOODS1 TRUCK1 MARKET1 LEVEL3 LEVEL4 LEVEL0 LEVEL1) [1]
Pruned:  0: (LOAD GOODS1 TRUCK1 MARKET1 LEVEL3 LEVEL4 LEVEL0 LEVEL1) [1]
Pruned:  0: (LOAD GOODS1 TRUCK1 MARKET1 LEVEL3 LEVEL4 LEVEL0 LEVEL1) [1]
Pruned:  0: (LOAD GOODS1 TRUCK1 MARKET1 LEVEL3 LEVEL4 LEVEL0 LEVEL1) [1]
Pruned:  0: (LOAD GOODS1 TRUCK1 MARKET1 LEVEL3 LEVEL4 LEVEL0 LEVEL1) [1]
Pruned:  0: (LOAD GOODS1 TRUCK1 MARKET1 LEVEL3 LEVEL4 LEVEL0 LEVEL1) [1]
Pruned:  0: (LOAD GOODS1 TRUCK1 MARKET1 LEVEL3 LEVEL4 LEVEL0 LEVEL1) [1]
Pruned:  0: (LOAD GOODS1 TRUCK1 MARKET1 LEVEL3 LEVEL4 LEVEL0 LEVEL1) [1]
Pruned:  0: (LOAD GOODS1 TRUCK1 MARKET1 LEVEL3 LEVEL4 LEVEL0 LEVEL1) [1]
Pruned:  0: (LOAD GOODS1 TRUCK1 MARKET1 LEVEL3 LEVEL4 LEVEL0 LEVEL1) [1]
Pruned:  0: (LOAD GOODS1 TRUCK1 MARKET1 LEVEL3 LEVEL4 LEVEL0 LEVEL1) [1]
Pruned:  0: (LOAD GOODS1 TRUCK1 MARKET1 LEVEL3 LEVEL4 LEVEL0 LEVEL1) [1]
Pruned:  0: (LOAD GOODS1 TRUCK1 MARKET1 LEVEL3 LEVEL4 LEVEL0 LEVEL1) [1]
Pruned:  0: (LOAD GOODS1 TRUCK1 MARKET1 LEVEL3 LEVEL4 LEVEL0 LEVEL1) [1]
Pruned:  0: (LOAD GOODS1 TRUCK1 MARKET1 LEVEL3 LEVEL4 LEVEL0 LEVEL1) [1]
Pruned:  0: (LOAD GOODS1 TRUCK1 MARKET1 LEVEL3 LEVEL4 LEVEL0 LEVEL1) [1]
Pruned:  0: (LOAD GOODS1 TRUCK1 MARKET1 LEVEL3 LEVEL4 LEVEL0 LEVEL1) [1]
Pruned:  0: (LOAD GOODS1 TRUCK1 MARKET1 LEVEL3 LEVEL4 LEVEL0 LEVEL1) [1]
Pruned:  0: (LOAD GOODS1 TRUCK1 MARKET1 LEVEL3 LEVEL4 LEVEL0 LEVEL1) [1]
Pruned:  0: (LOAD GOODS1 TRUCK1 MARKET1 LEVEL3 LEVEL4 LEVEL0 LEVEL1) [1]
Pruned:  0: (LOAD GOODS1 TRUCK1 MARKET1 LEVEL3 LEVEL4 LEVEL0 LEVEL1) [1]
Pruned:  0: (LOAD GOODS1 TRUCK1 MARKET1 LEVEL3 LEVEL4 LEVEL0 LEVEL1) [1]
Pruned:  0: (LOAD GOODS1 TRUCK1 MARKET1 LEVEL3 LEVEL4 LEVEL0 LEVEL1) [1]
Pruned:  0: (LOAD GOODS1 TRUCK1 MARKET1 LEVEL3 LEVEL4 LEVEL0 LEVEL1) [1]
Pruned:  0: (LOAD GOODS1 TRUCK1 MARKET1 LEVEL3 LEVEL4 LEVEL0 LEVEL1) [1]
Pruned:  0: (LOAD GOODS1 TRUCK1 MARKET1 LEVEL3 LEVEL4 LEVEL0 LEVEL1) [1]
Pruned:  0: (LOAD GOODS1 TRUCK1 MARKET1 LEVEL3 LEVEL4 LEVEL0 LEVEL1) [1]
Pruned:  0: (LOAD GOODS1 TRUCK1 MARKET1 LEVEL3 LEVEL4 LEVEL0 LEVEL1) [1]
Pruned:  0: (LOAD GOODS1 TRUCK1 MARKET1 LEVEL3 LEVEL4 LEVEL0 LEVEL1) [1]
Pruned:  0: (LOAD GOODS1 TRUCK1 MARKET1 LEVEL3 LEVEL4 LEVEL0 LEVEL1) [1]
Pruned:  0: (LOAD GOODS1 TRUCK1 MARKET1 LEVEL3 LEVEL4 LEVEL0 LEVEL1) [1]
Pruned:  0: (LOAD GOODS1 TRUCK1 MARKET1 LEVEL3 LEVEL4 LEVEL0 LEVEL1) [1]
Pruned:  0: (LOAD GOODS1 TRUCK1 MARKET1 LEVEL3 LEVEL4 LEVEL0 LEVEL1) [1]
Pruned:  0: (LOAD GOODS1 TRUCK1 MARKET1 LEVEL3 LEVEL4 LEVEL0 LEVEL1) [1]
Pruned:  0: (LOAD GOODS1 TRUCK1 MARKET1 LEVEL3 LEVEL4 LEVEL0 LEVEL1) [1]
Pruned:  0: (LOAD GOODS1 TRUCK1 MARKET1 LEVEL3 LEVEL4 LEVEL0 LEVEL1) [1]
Pruned:  0: (LOAD GOODS1 TRUCK1 MARKET1 LEVEL3 LEVEL4 LEVEL0 LEVEL1) [1]
Pruned:  0: (LOAD GOODS1 TRUCK1 MARKET1 LEVEL3 LEVEL4 LEVEL0 LEVEL1) [1]
Pruned:  0: (LOAD GOODS1 TRUCK1 MARKET1 LEVEL3 LEVEL4 LEVEL0 LEVEL1) [1]
Pruned:  0: (LOAD GOODS1 TRUCK1 MARKET1 LEVEL3 LEVEL4 LEVEL0 LEVEL1) [1]
Pruned:  0: (LOAD GOODS1 TRUCK1 MARKET1 LEVEL3 LEVEL4 LEVEL0 LEVEL1) [1]
Pruned:  0: (LOAD GOODS1 TRUCK1 MARKET1 LEVEL3 LEVEL4 LEVEL0 LEVEL1) [1]
Pruned:  0: (LOAD GOODS1 TRUCK1 MARKET1 LEVEL3 LEVEL4 LEVEL0 LEVEL1) [1]
Pruned:  0: (LOAD GOODS1 TRUCK1 MARKET1 LEVEL3 LEVEL4 LEVEL0 LEVEL1) [1]
Pruned:  0: (LOAD GOODS1 TRUCK1 MARKET1 LEVEL3 LEVEL4 LEVEL0 LEVEL1) [1]
Pruned:  0: (LOAD GOODS1 TRUCK1 MARKET1 LEVEL3 LEVEL4 LEVEL0 LEVEL1) [1]
Pruned:  0: (LOAD GOODS1 TRUCK1 MARKET1 LEVEL3 LEVEL4 LEVEL0 LEVEL1) [1]
Pruned:  0: (LOAD GOODS1 TRUCK1 MARKET1 LEVEL3 LEVEL4 LEVEL0 LEVEL1) [1]
Pruned:  0: (LOAD GOODS1 TRUCK1 MARKET1 LEVEL3 LEVEL4 LEVEL0 LEVEL1) [1]
Pruned:  0: (LOAD GOODS1 TRUCK1 MARKET1 LEVEL3 LEVEL4 LEVEL0 LEVEL1) [1]
Pruned:  0: (LOAD GOODS1 TRUCK1 MARKET1 LEVEL3 LEVEL4 LEVEL0 LEVEL1) [1]
Pruned:  0: (LOAD GOODS1 TRUCK1 MARKET1 LEVEL3 LEVEL4 LEVEL0 LEVEL1) [1]
Pruned:  0: (LOAD GOODS1 TRUCK1 MARKET1 LEVEL3 LEVEL4 LEVEL0 LEVEL1) [1]
Pruned:  0: (LOAD GOODS1 TRUCK1 MARKET1 LEVEL3 LEVEL4 LEVEL0 LEVEL1) [1]
Pruned:  0: (LOAD GOODS1 TRUCK1 MARKET1 LEVEL3 LEVEL4 LEVEL0 LEVEL1) [1]
Pruned:  0: (LOAD GOODS1 TRUCK1 MARKET1 LEVEL3 LEVEL4 LEVEL0 LEVEL1) [1]
Pruned:  0: (LOAD GOODS1 TRUCK1 MARKET1 LEVEL3 LEVEL4 LEVEL0 LEVEL1) [1]
Pruned:  0: (LOAD GOODS1 TRUCK1 MARKET1 LEVEL3 LEVEL4 LEVEL0 LEVEL1) [1]
Pruned:  0: (LOAD GOODS1 TRUCK1 MARKET1 LEVEL3 LEVEL4 LEVEL0 LEVEL1) [1]
Pruned:  0: (LOAD GOODS1 TRUCK1 MARKET1 LEVEL3 LEVEL4 LEVEL0 LEVEL1) [1]
Pruned:  0: (LOAD GOODS1 TRUCK1 MARKET1 LEVEL3 LEVEL4 LEVEL0 LEVEL1) [1]
Pruned:  0: (LOAD GOODS1 TRUCK1 MARKET1 LEVEL3 LEVEL4 LEVEL0 LEVEL1) [1]
Pruned:  0: (LOAD GOODS1 TRUCK1 MARKET1 LEVEL3 LEVEL4 LEVEL0 LEVEL1) [1]
Pruned:  0: (LOAD GOODS1 TRUCK1 MARKET1 LEVEL3 LEVEL4 LEVEL0 LEVEL1) [1]
Pruned:  0: (LOAD GOODS1 TRUCK1 MARKET1 LEVEL3 LEVEL4 LEVEL0 LEVEL1) [1]
Pruned:  0: (LOAD GOODS1 TRUCK1 MARKET1 LEVEL3 LEVEL4 LEVEL0 LEVEL1) [1]
Pruned:  0: (LOAD GOODS1 TRUCK1 MARKET1 LEVEL3 LEVEL4 LEVEL0 LEVEL1) [1]
Pruned:  0: (LOAD GOODS1 TRUCK1 MARKET1 LEVEL3 LEVEL4 LEVEL0 LEVEL1) [1]
Pruned:  0: (LOAD GOODS1 TRUCK1 MARKET1 LEVEL3 LEVEL4 LEVEL0 LEVEL1) [1]
Pruned:  0: (LOAD GOODS1 TRUCK1 MARKET1 LEVEL3 LEVEL4 LEVEL0 LEVEL1) [1]
Pruned:  0: (LOAD GOODS1 TRUCK1 MARKET1 LEVEL3 LEVEL4 LEVEL0 LEVEL1) [1]
Pruned:  0: (LOAD GOODS1 TRUCK1 MARKET1 LEVEL3 LEVEL4 LEVEL0 LEVEL1) [1]
Pruned:  0: (LOAD GOODS1 TRUCK1 MARKET1 LEVEL3 LEVEL4 LEVEL0 LEVEL1) [1]
Pruned:  0: (LOAD GOODS1 TRUCK1 MARKET1 LEVEL3 LEVEL4 LEVEL0 LEVEL1) [1]
Pruned:  0: (LOAD GOODS1 TRUCK1 MARKET1 LEVEL3 LEVEL4 LEVEL0 LEVEL1) [1]
Pruned:  0: (LOAD GOODS1 TRUCK1 MARKET1 LEVEL3 LEVEL4 LEVEL0 LEVEL1) [1]
Pruned:  0: (LOAD GOODS1 TRUCK1 MARKET1 LEVEL3 LEVEL4 LEVEL0 LEVEL1) [1]
Pruned:  0: (LOAD GOODS1 TRUCK1 MARKET1 LEVEL3 LEVEL4 LEVEL0 LEVEL1) [1]
Pruned:  0: (LOAD GOODS1 TRUCK1 MARKET1 LEVEL3 LEVEL4 LEVEL0 LEVEL1) [1]
Pruned:  0: (LOAD GOODS1 TRUCK1 MARKET1 LEVEL3 LEVEL4 LEVEL0 LEVEL1) [1]
Pruned:  0: (LOAD GOODS1 TRUCK1 MARKET1 LEVEL3 LEVEL4 LEVEL0 LEVEL1) [1]
Pruned:  0: (LOAD GOODS1 TRUCK1 MARKET1 LEVEL3 LEVEL4 LEVEL0 LEVEL1) [1]
Pruned:  0: (LOAD GOODS1 TRUCK1 MARKET1 LEVEL3 LEVEL4 LEVEL0 LEVEL1) [1]
Pruned:  0: (LOAD GOODS1 TRUCK1 MARKET1 LEVEL3 LEVEL4 LEVEL0 LEVEL1) [1]
Pruned:  0: (LOAD GOODS1 TRUCK1 MARKET1 LEVEL3 LEVEL4 LEVEL0 LEVEL1) [1]
Pruned:  0: (LOAD GOODS1 TRUCK1 MARKET1 LEVEL3 LEVEL4 LEVEL0 LEVEL1) [1]
Pruned:  0: (LOAD GOODS1 TRUCK1 MARKET1 LEVEL3 LEVEL4 LEVEL0 LEVEL1) [1]
Pruned:  0: (LOAD GOODS1 TRUCK1 MARKET1 LEVEL3 LEVEL4 LEVEL0 LEVEL1) [1]
Pruned:  0: (LOAD GOODS1 TRUCK1 MARKET1 LEVEL3 LEVEL4 LEVEL0 LEVEL1) [1]
Pruned:  0: (LOAD GOODS1 TRUCK1 MARKET1 LEVEL3 LEVEL4 LEVEL0 LEVEL1) [1]
Pruned:  0: (LOAD GOODS1 TRUCK1 MARKET1 LEVEL3 LEVEL4 LEVEL0 LEVEL1) [1]
Pruned:  0: (LOAD GOODS1 TRUCK1 MARKET1 LEVEL3 LEVEL4 LEVEL0 LEVEL1) [1]
Pruned:  0: (LOAD GOODS1 TRUCK1 MARKET1 LEVEL3 LEVEL4 LEVEL0 LEVEL1) [1]
Pruned:  0: (LOAD GOODS1 TRUCK1 MARKET1 LEVEL3 LEVEL4 LEVEL0 LEVEL1) [1]
Pruned:  0: (LOAD GOODS1 TRUCK1 MARKET1 LEVEL3 LEVEL4 LEVEL0 LEVEL1) [1]
Pruned:  0: (LOAD GOODS1 TRUCK1 MARKET1 LEVEL3 LEVEL4 LEVEL0 LEVEL1) [1]
Pruned:  0: (LOAD GOODS1 TRUCK1 MARKET1 LEVEL3 LEVEL4 LEVEL0 LEVEL1) [1]
Pruned:  0: (LOAD GOODS1 TRUCK1 MARKET1 LEVEL3 LEVEL4 LEVEL0 LEVEL1) [1]
Pruned:  0: (LOAD GOODS1 TRUCK1 MARKET1 LEVEL3 LEVEL4 LEVEL0 LEVEL1) [1]
Pruned:  0: (LOAD GOODS1 TRUCK1 MARKET1 LEVEL3 LEVEL4 LEVEL0 LEVEL1) [1]
Pruned:  0: (LOAD GOODS1 TRUCK1 MARKET1 LEVEL3 LEVEL4 LEVEL0 LEVEL1) [1]
Pruned:  0: (LOAD GOODS1 TRUCK1 MARKET1 LEVEL3 LEVEL4 LEVEL0 LEVEL1) [1]
Pruned:  0: (LOAD GOODS1 TRUCK1 MARKET1 LEVEL3 LEVEL4 LEVEL0 LEVEL1) [1]
Pruned:  0: (LOAD GOODS1 TRUCK1 MARKET1 LEVEL3 LEVEL4 LEVEL0 LEVEL1) [1]
Pruned:  0: (LOAD GOODS1 TRUCK1 MARKET1 LEVEL3 LEVEL4 LEVEL0 LEVEL1) [1]
Pruned:  0: (LOAD GOODS1 TRUCK1 MARKET1 LEVEL3 LEVEL4 LEVEL0 LEVEL1) [1]
Pruned:  0: (LOAD GOODS1 TRUCK1 MARKET1 LEVEL3 LEVEL4 LEVEL0 LEVEL1) [1]
Pruned:  0: (LOAD GOODS1 TRUCK1 MARKET1 LEVEL3 LEVEL4 LEVEL0 LEVEL1) [1]
Pruned:  0: (LOAD GOODS1 TRUCK1 MARKET1 LEVEL3 LEVEL4 LEVEL0 LEVEL1) [1]
Pruned:  0: (LOAD GOODS1 TRUCK1 MARKET1 LEVEL3 LEVEL4 LEVEL0 LEVEL1) [1]
Pruned:  0: (LOAD GOODS1 TRUCK1 MARKET1 LEVEL3 LEVEL4 LEVEL0 LEVEL1) [1]
Pruned:  0: (LOAD GOODS1 TRUCK1 MARKET1 LEVEL3 LEVEL4 LEVEL0 LEVEL1) [1]
Pruned:  0: (LOAD GOODS1 TRUCK1 MARKET1 LEVEL3 LEVEL4 LEVEL0 LEVEL1) [1]
Pruned:  0: (LOAD GOODS1 TRUCK1 MARKET1 LEVEL3 LEVEL4 LEVEL0 LEVEL1) [1]
Pruned:  0: (LOAD GOODS1 TRUCK1 MARKET1 LEVEL3 LEVEL4 LEVEL0 LEVEL1) [1]
Pruned:  0: (LOAD GOODS1 TRUCK1 MARKET1 LEVEL3 LEVEL4 LEVEL0 LEVEL1) [1]
Pruned:  0: (LOAD GOODS1 TRUCK1 MARKET1 LEVEL3 LEVEL4 LEVEL0 LEVEL1) [1]
Pruned:  0: (LOAD GOODS1 TRUCK1 MARKET1 LEVEL3 LEVEL4 LEVEL0 LEVEL1) [1]
Pruned:  0: (LOAD GOODS1 TRUCK1 MARKET1 LEVEL3 LEVEL4 LEVEL0 LEVEL1) [1]
Pruned:  0: (LOAD GOODS1 TRUCK1 MARKET1 LEVEL3 LEVEL4 LEVEL0 LEVEL1) [1]
Pruned:  0: (LOAD GOODS1 TRUCK1 MARKET1 LEVEL3 LEVEL4 LEVEL0 LEVEL1) [1]
Pruned:  0: (LOAD GOODS1 TRUCK1 MARKET1 LEVEL3 LEVEL4 LEVEL0 LEVEL1) [1]
Pruned:  0: (LOAD GOODS1 TRUCK1 MARKET1 LEVEL3 LEVEL4 LEVEL0 LEVEL1) [1]
Pruned:  0: (LOAD GOODS1 TRUCK1 MARKET1 LEVEL3 LEVEL4 LEVEL0 LEVEL1) [1]
Pruned:  0: (LOAD GOODS1 TRUCK1 MARKET1 LEVEL3 LEVEL4 LEVEL0 LEVEL1) [1]
Pruned:  0: (LOAD GOODS1 TRUCK1 MARKET1 LEVEL3 LEVEL4 LEVEL0 LEVEL1) [1]
Pruned:  0: (LOAD GOODS1 TRUCK1 MARKET1 LEVEL3 LEVEL4 LEVEL0 LEVEL1) [1]
Pruned:  0: (LOAD GOODS1 TRUCK1 MARKET1 LEVEL3 LEVEL4 LEVEL0 LEVEL1) [1]
Pruned:  0: (LOAD GOODS1 TRUCK1 MARKET1 LEVEL3 LEVEL4 LEVEL0 LEVEL1) [1]
Pruned:  0: (LOAD GOODS1 TRUCK1 MARKET1 LEVEL3 LEVEL4 LEVEL0 LEVEL1) [1]
Pruned:  0: (LOAD GOODS1 TRUCK1 MARKET1 LEVEL3 LEVEL4 LEVEL0 LEVEL1) [1]
Pruned:  0: (LOAD GOODS1 TRUCK1 MARKET1 LEVEL3 LEVEL4 LEVEL0 LEVEL1) [1]
Pruned:  0: (LOAD GOODS1 TRUCK1 MARKET1 LEVEL3 LEVEL4 LEVEL0 LEVEL1) [1]
Pruned:  0: (LOAD GOODS1 TRUCK1 MARKET1 LEVEL3 LEVEL4 LEVEL0 LEVEL1) [1]
Pruned:  0: (LOAD GOODS1 TRUCK1 MARKET1 LEVEL3 LEVEL4 LEVEL0 LEVEL1) [1]
Pruned:  0: (LOAD GOODS1 TRUCK1 MARKET1 LEVEL3 LEVEL4 LEVEL0 LEVEL1) [1]
Pruned:  0: (LOAD GOODS1 TRUCK1 MARKET1 LEVEL3 LEVEL4 LEVEL0 LEVEL1) [1]
Pruned:  0: (LOAD GOODS1 TRUCK1 MARKET1 LEVEL3 LEVEL4 LEVEL0 LEVEL1) [1]
Pruned:  0: (LOAD GOODS1 TRUCK1 MARKET1 LEVEL3 LEVEL4 LEVEL0 LEVEL1) [1]
Pruned:  0: (LOAD GOODS1 TRUCK1 MARKET1 LEVEL3 LEVEL4 LEVEL0 LEVEL1) [1]
Pruned:  0: (LOAD GOODS1 TRUCK1 MARKET1 LEVEL3 LEVEL4 LEVEL0 LEVEL1) [1]
Pruned:  0: (LOAD GOODS1 TRUCK1 MARKET1 LEVEL3 LEVEL4 LEVEL0 LEVEL1) [1]
Pruned:  0: (LOAD GOODS1 TRUCK1 MARKET1 LEVEL3 LEVEL4 LEVEL0 LEVEL1) [1]
Pruned:  0: (LOAD GOODS1 TRUCK1 MARKET1 LEVEL3 LEVEL4 LEVEL0 LEVEL1) [1]
Pruned:  0: (LOAD GOODS1 TRUCK1 MARKET1 LEVEL3 LEVEL4 LEVEL0 LEVEL1) [1]
Pruned:  0: (LOAD GOODS1 TRUCK1 MARKET1 LEVEL3 LEVEL4 LEVEL0 LEVEL1) [1]
Pruned:  0: (LOAD GOODS1 TRUCK1 MARKET1 LEVEL3 LEVEL4 LEVEL0 LEVEL1) [1]
Pruned:  0: (LOAD GOODS1 TRUCK1 MARKET1 LEVEL3 LEVEL4 LEVEL0 LEVEL1) [1]
Pruned:  0: (LOAD GOODS1 TRUCK1 MARKET1 LEVEL3 LEVEL4 LEVEL0 LEVEL1) [1]
Pruned:  0: (LOAD GOODS1 TRUCK1 MARKET1 LEVEL3 LEVEL4 LEVEL0 LEVEL1) [1]
Pruned:  0: (LOAD GOODS1 TRUCK1 MARKET1 LEVEL3 LEVEL4 LEVEL0 LEVEL1) [1]
Pruned:  0: (LOAD GOODS1 TRUCK1 MARKET1 LEVEL3 LEVEL4 LEVEL0 LEVEL1) [1]
Pruned:  0: (LOAD GOODS1 TRUCK1 MARKET1 LEVEL3 LEVEL4 LEVEL0 LEVEL1) [1]
Pruned:  0: (LOAD GOODS1 TRUCK1 MARKET1 LEVEL3 LEVEL4 LEVEL0 LEVEL1) [1]
Pruned:  0: (LOAD GOODS1 TRUCK1 MARKET1 LEVEL3 LEVEL4 LEVEL0 LEVEL1) [1]
Pruned:  0: (LOAD GOODS1 TRUCK1 MARKET1 LEVEL3 LEVEL4 LEVEL0 LEVEL1) [1]
Pruned:  0: (LOAD GOODS1 TRUCK1 MARKET1 LEVEL3 LEVEL4 LEVEL0 LEVEL1) [1]
Pruned:  0: (LOAD GOODS1 TRUCK1 MARKET1 LEVEL3 LEVEL4 LEVEL0 LEVEL1) [1]
Pruned:  0: (LOAD GOODS1 TRUCK1 MARKET1 LEVEL3 LEVEL4 LEVEL0 LEVEL1) [1]
Pruned:  0: (LOAD GOODS1 TRUCK1 MARKET1 LEVEL3 LEVEL4 LEVEL0 LEVEL1) [1]
Pruned:  0: (LOAD GOODS1 TRUCK1 MARKET1 LEVEL3 LEVEL4 LEVEL0 LEVEL1) [1]
Pruned:  0: (LOAD GOODS1 TRUCK1 MARKET1 LEVEL3 LEVEL4 LEVEL0 LEVEL1) [1]
Pruned:  0: (LOAD GOODS1 TRUCK1 MARKET1 LEVEL3 LEVEL4 LEVEL0 LEVEL1) [1]
Pruned:  0: (LOAD GOODS1 TRUCK1 MARKET1 LEVEL3 LEVEL4 LEVEL0 LEVEL1) [1]
Pruned:  0: (LOAD GOODS1 TRUCK1 MARKET1 LEVEL3 LEVEL4 LEVEL0 LEVEL1) [1]
Pruned:  0: (LOAD GOODS1 TRUCK1 MARKET1 LEVEL3 LEVEL4 LEVEL0 LEVEL1) [1]
Pruned:  0: (LOAD GOODS1 TRUCK1 MARKET1 LEVEL3 LEVEL4 LEVEL0 LEVEL1) [1]
Pruned:  0: (LOAD GOODS1 TRUCK1 MARKET1 LEVEL3 LEVEL4 LEVEL0 LEVEL1) [1]
Pruned:  0: (LOAD GOODS1 TRUCK1 MARKET1 LEVEL3 LEVEL4 LEVEL0 LEVEL1) [1]
Pruned:  0: (LOAD GOODS1 TRUCK1 MARKET1 LEVEL3 LEVEL4 LEVEL0 LEVEL1) [1]
Pruned:  0: (LOAD GOODS1 TRUCK1 MARKET1 LEVEL3 LEVEL4 LEVEL0 LEVEL1) [1]
Pruned:  0: (LOAD GOODS1 TRUCK1 MARKET1 LEVEL3 LEVEL4 LEVEL0 LEVEL1) [1]
Pruned:  0: (LOAD GOODS1 TRUCK1 MARKET1 LEVEL3 LEVEL4 LEVEL0 LEVEL1) [1]
Pruned:  0: (LOAD GOODS1 TRUCK1 MARKET1 LEVEL3 LEVEL4 LEVEL0 LEVEL1) [1]
Pruned:  0: (LOAD GOODS1 TRUCK1 MARKET1 LEVEL3 LEVEL4 LEVEL0 LEVEL1) [1]
Pruned:  0: (LOAD GOODS1 TRUCK1 MARKET1 LEVEL3 LEVEL4 LEVEL0 LEVEL1) [1]
Pruned:  0: (LOAD GOODS1 TRUCK1 MARKET1 LEVEL3 LEVEL4 LEVEL0 LEVEL1) [1]
Pruned:  0: (LOAD GOODS1 TRUCK1 MARKET1 LEVEL3 LEVEL4 LEVEL0 LEVEL1) [1]
Pruned:  0: (LOAD GOODS1 TRUCK1 MARKET1 LEVEL3 LEVEL4 LEVEL0 LEVEL1) [1]
Pruned:  0: (LOAD GOODS1 TRUCK1 MARKET1 LEVEL3 LEVEL4 LEVEL0 LEVEL1) [1]
Pruned:  0: (LOAD GOODS1 TRUCK1 MARKET1 LEVEL3 LEVEL4 LEVEL0 LEVEL1) [1]
Pruned:  0: (LOAD GOODS1 TRUCK1 MARKET1 LEVEL3 LEVEL4 LEVEL0 LEVEL1) [1]
Pruned:  0: (LOAD GOODS1 TRUCK1 MARKET1 LEVEL3 LEVEL4 LEVEL0 LEVEL1) [1]
Pruned:  0: (LOAD GOODS1 TRUCK1 MARKET1 LEVEL3 LEVEL4 LEVEL0 LEVEL1) [1]
Pruned:  0: (LOAD GOODS1 TRUCK1 MARKET1 LEVEL3 LEVEL4 LEVEL0 LEVEL1) [1]
Pruned:  0: (LOAD GOODS1 TRUCK1 MARKET1 LEVEL3 LEVEL4 LEVEL0 LEVEL1) [1]
Pruned:  0: (LOAD GOODS1 TRUCK1 MARKET1 LEVEL3 LEVEL4 LEVEL0 LEVEL1) [1]
Pruned:  0: (LOAD GOODS1 TRUCK1 MARKET1 LEVEL3 LEVEL4 LEVEL0 LEVEL1) [1]
Pruned:  0: (LOAD GOODS1 TRUCK1 MARKET1 LEVEL3 LEVEL4 LEVEL0 LEVEL1) [1]
Pruned:  0: (LOAD GOODS1 TRUCK1 MARKET1 LEVEL3 LEVEL4 LEVEL0 LEVEL1) [1]
Pruned:  0: (LOAD GOODS1 TRUCK1 MARKET1 LEVEL3 LEVEL4 LEVEL0 LEVEL1) [1]
Pruned:  0: (LOAD GOODS1 TRUCK1 MARKET1 LEVEL3 LEVEL4 LEVEL0 LEVEL1) [1]
Pruned:  0: (LOAD GOODS1 TRUCK1 MARKET1 LEVEL3 LEVEL4 LEVEL0 LEVEL1) [1]
Pruned:  0: (LOAD GOODS1 TRUCK1 MARKET1 LEVEL3 LEVEL4 LEVEL0 LEVEL1) [1]
Pruned:  0: (LOAD GOODS1 TRUCK1 MARKET1 LEVEL3 LEVEL4 LEVEL0 LEVEL1) [1]
Pruned:  0: (LOAD GOODS1 TRUCK1 MARKET1 LEVEL3 LEVEL4 LEVEL0 LEVEL1) [1]
Pruned:  0: (LOAD GOODS1 TRUCK1 MARKET1 LEVEL3 LEVEL4 LEVEL0 LEVEL1) [1]
Pruned:  0: (LOAD GOODS1 TRUCK1 MARKET1 LEVEL3 LEVEL4 LEVEL0 LEVEL1) [1]
Pruned:  0: (LOAD GOODS1 TRUCK1 MARKET1 LEVEL3 LEVEL4 LEVEL0 LEVEL1) [1]
Pruned:  0: (LOAD GOODS1 TRUCK1 MARKET1 LEVEL3 LEVEL4 LEVEL0 LEVEL1) [1]
Pruned:  0: (LOAD GOODS1 TRUCK1 MARKET1 LEVEL3 LEVEL4 LEVEL0 LEVEL1) [1]
Pruned:  0: (LOAD GOODS1 TRUCK1 MARKET1 LEVEL3 LEVEL4 LEVEL0 LEVEL1) [1]
Pruned:  0: (LOAD GOODS1 TRUCK1 MARKET1 LEVEL3 LEVEL4 LEVEL0 LEVEL1) [1]
Pruned:  0: (LOAD GOODS1 TRUCK1 MARKET1 LEVEL3 LEVEL4 LEVEL0 LEVEL1) [1]
Pruned:  0: (LOAD GOODS1 TRUCK1 MARKET1 LEVEL3 LEVEL4 LEVEL0 LEVEL1) [1]
Pruned:  0: (LOAD GOODS1 TRUCK1 MARKET1 LEVEL3 LEVEL4 LEVEL0 LEVEL1) [1]
Pruned:  0: (LOAD GOODS1 TRUCK1 MARKET1 LEVEL3 LEVEL4 LEVEL0 LEVEL1) [1]
Pruned:  0: (LOAD GOODS1 TRUCK1 MARKET1 LEVEL3 LEVEL4 LEVEL0 LEVEL1) [1]
Pruned:  0: (LOAD GOODS1 TRUCK1 MARKET1 LEVEL3 LEVEL4 LEVEL0 LEVEL1) [1]
Pruned:  0: (LOAD GOODS1 TRUCK1 MARKET1 LEVEL3 LEVEL4 LEVEL0 LEVEL1) [1]
Pruned:  0: (LOAD GOODS1 TRUCK1 MARKET1 LEVEL3 LEVEL4 LEVEL0 LEVEL1) [1]
Pruned:  0: (LOAD GOODS1 TRUCK1 MARKET1 LEVEL3 LEVEL4 LEVEL0 LEVEL1) [1]
Pruned:  0: (LOAD GOODS1 TRUCK1 MARKET1 LEVEL3 LEVEL4 LEVEL0 LEVEL1) [1]
Pruned:  0: (LOAD GOODS1 TRUCK1 MARKET1 LEVEL3 LEVEL4 LEVEL0 LEVEL1) [1]
Pruned:  0: (LOAD GOODS1 TRUCK1 MARKET1 LEVEL3 LEVEL4 LEVEL0 LEVEL1) [1]
Pruned:  0: (LOAD GOODS1 TRUCK1 MARKET1 LEVEL3 LEVEL4 LEVEL0 LEVEL1) [1]
Pruned:  0: (LOAD GOODS1 TRUCK1 MARKET1 LEVEL3 LEVEL4 LEVEL0 LEVEL1) [1]
Pruned:  0: (LOAD GOODS1 TRUCK1 MARKET1 LEVEL3 LEVEL4 LEVEL0 LEVEL1) [1]
Pruned:  0: (LOAD GOODS1 TRUCK1 MARKET1 LEVEL3 LEVEL4 LEVEL0 LEVEL1) [1]
Pruned:  0: (LOAD GOODS1 TRUCK1 MARKET1 LEVEL3 LEVEL4 LEVEL0 LEVEL1) [1]
Pruned:  0: (LOAD GOODS1 TRUCK1 MARKET1 LEVEL3 LEVEL4 LEVEL0 LEVEL1) [1]
Pruned:  0: (LOAD GOODS1 TRUCK1 MARKET1 LEVEL3 LEVEL4 LEVEL0 LEVEL1) [1]
Pruned:  0: (LOAD GOODS1 TRUCK1 MARKET1 LEVEL3 LEVEL4 LEVEL0 LEVEL1) [1]
Pruned:  0: (LOAD GOODS1 TRUCK1 MARKET1 LEVEL3 LEVEL4 LEVEL0 LEVEL1) [1]
Pruned:  0: (LOAD GOODS1 TRUCK1 MARKET1 LEVEL3 LEVEL4 LEVEL0 LEVEL1) [1]
Pruned:  0: (LOAD GOODS1 TRUCK1 MARKET1 LEVEL3 LEVEL4 LEVEL0 LEVEL1) [1]
Pruned:  0: (LOAD GOODS1 TRUCK1 MARKET1 LEVEL3 LEVEL4 LEVEL0 LEVEL1) [1]
Pruned:  0: (LOAD GOODS1 TRUCK1 MARKET1 LEVEL3 LEVEL4 LEVEL0 LEVEL1) [1]
Pruned:  0: (LOAD GOODS1 TRUCK1 MARKET1 LEVEL3 LEVEL4 LEVEL0 LEVEL1) [1]
Pruned:  0: (LOAD GOODS1 TRUCK1 MARKET1 LEVEL3 LEVEL4 LEVEL0 LEVEL1) [1]
Pruned:  0: (LOAD GOODS1 TRUCK1 MARKET1 LEVEL3 LEVEL4 LEVEL0 LEVEL1) [1]
Pruned:  0: (LOAD GOODS1 TRUCK1 MARKET1 LEVEL3 LEVEL4 LEVEL0 LEVEL1) [1]
Pruned:  0: (LOAD GOODS1 TRUCK1 MARKET1 LEVEL3 LEVEL4 LEVEL0 LEVEL1) [1]
Pruned:  0: (LOAD GOODS1 TRUCK1 MARKET1 LEVEL3 LEVEL4 LEVEL0 LEVEL1) [1]
Pruned:  0: (LOAD GOODS1 TRUCK1 MARKET1 LEVEL3 LEVEL4 LEVEL0 LEVEL1) [1]
Pruned:  0: (LOAD GOODS1 TRUCK1 MARKET1 LEVEL3 LEVEL4 LEVEL0 LEVEL1) [1]
Pruned:  0: (LOAD GOODS1 TRUCK1 MARKET1 LEVEL3 LEVEL4 LEVEL0 LEVEL1) [1]
Pruned:  0: (LOAD GOODS1 TRUCK1 MARKET1 LEVEL3 LEVEL4 LEVEL0 LEVEL1) [1]
Pruned:  0: (LOAD GOODS1 TRUCK1 MARKET1 LEVEL3 LEVEL4 LEVEL0 LEVEL1) [1]
Pruned:  0: (LOAD GOODS1 TRUCK1 MARKET1 LEVEL3 LEVEL4 LEVEL0 LEVEL1) [1]
Pruned:  0: (LOAD GOODS1 TRUCK1 MARKET1 LEVEL3 LEVEL4 LEVEL0 LEVEL1) [1]
Pruned:  0: (LOAD GOODS1 TRUCK1 MARKET1 LEVEL3 LEVEL4 LEVEL0 LEVEL1) [1]
Pruned:  0: (LOAD GOODS1 TRUCK1 MARKET1 LEVEL3 LEVEL4 LEVEL0 LEVEL1) [1]
Pruned:  0: (LOAD GOODS1 TRUCK1 MARKET1 LEVEL3 LEVEL4 LEVEL0 LEVEL1) [1]
Pruned:  0: (LOAD GOODS1 TRUCK1 MARKET1 LEVEL3 LEVEL4 LEVEL0 LEVEL1) [1]
Pruned:  0: (LOAD GOODS1 TRUCK1 MARKET1 LEVEL3 LEVEL4 LEVEL0 LEVEL1) [1]
Pruned:  0: (LOAD GOODS1 TRUCK1 MARKET1 LEVEL3 LEVEL4 LEVEL0 LEVEL1) [1]
Pruned:  0: (LOAD GOODS1 TRUCK1 MARKET1 LEVEL3 LEVEL4 LEVEL0 LEVEL1) [1]
Pruned:  0: (LOAD GOODS1 TRUCK1 MARKET1 LEVEL3 LEVEL4 LEVEL0 LEVEL1) [1]
Pruned:  0: (LOAD GOODS1 TRUCK1 MARKET1 LEVEL3 LEVEL4 LEVEL0 LEVEL1) [1]
Pruned:  0: (LOAD GOODS1 TRUCK1 MARKET1 LEVEL3 LEVEL4 LEVEL0 LEVEL1) [1]
Pruned:  0: (LOAD GOODS1 TRUCK1 MARKET1 LEVEL3 LEVEL4 LEVEL0 LEVEL1) [1]
Pruned:  0: (LOAD GOODS1 TRUCK1 MARKET1 LEVEL3 LEVEL4 LEVEL0 LEVEL1) [1]
Pruned:  0: (LOAD GOODS1 TRUCK1 MARKET1 LEVEL3 LEVEL4 LEVEL0 LEVEL1) [1]
Pruned:  0: (LOAD GOODS1 TRUCK1 MARKET1 LEVEL3 LEVEL4 LEVEL0 LEVEL1) [1]
Pruned:  0: (LOAD GOODS1 TRUCK1 MARKET1 LEVEL3 LEVEL4 LEVEL0 LEVEL1) [1]
Pruned:  0: (LOAD GOODS1 TRUCK1 MARKET1 LEVEL3 LEVEL4 LEVEL0 LEVEL1) [1]
Pruned:  0: (LOAD GOODS1 TRUCK1 MARKET1 LEVEL3 LEVEL4 LEVEL0 LEVEL1) [1]
Pruned:  0: (LOAD GOODS1 TRUCK1 MARKET1 LEVEL3 LEVEL4 LEVEL0 LEVEL1) [1]
Pruned:  0: (LOAD GOODS1 TRUCK1 MARKET1 LEVEL3 LEVEL4 LEVEL0 LEVEL1) [1]
Pruned:  0: (LOAD GOODS1 TRUCK1 MARKET1 LEVEL3 LEVEL4 LEVEL0 LEVEL1) [1]
Pruned:  0: (LOAD GOODS1 TRUCK1 MARKET1 LEVEL3 LEVEL4 LEVEL0 LEVEL1) [1]
Pruned:  0: (LOAD GOODS1 TRUCK1 MARKET1 LEVEL3 LEVEL4 LEVEL0 LEVEL1) [1]
Pruned:  0: (LOAD GOODS1 TRUCK1 MARKET1 LEVEL3 LEVEL4 LEVEL0 LEVEL1) [1]
Pruned:  0: (LOAD GOODS1 TRUCK1 MARKET1 LEVEL3 LEVEL4 LEVEL0 LEVEL1) [1]
Pruned:  0: (LOAD GOODS1 TRUCK1 MARKET1 LEVEL3 LEVEL4 LEVEL0 LEVEL1) [1]
Pruned:  0: (LOAD GOODS1 TRUCK1 MARKET1 LEVEL3 LEVEL4 LEVEL0 LEVEL1) [1]
Pruned:  0: (LOAD GOODS1 TRUCK1 MARKET1 LEVEL3 LEVEL4 LEVEL0 LEVEL1) [1]
Pruned:  0: (LOAD GOODS1 TRUCK1 MARKET1 LEVEL3 LEVEL4 LEVEL0 LEVEL1) [1]
Pruned:  0: (LOAD GOODS1 TRUCK1 MARKET1 LEVEL3 LEVEL4 LEVEL0 LEVEL1) [1]
Pruned:  0: (LOAD GOODS1 TRUCK1 MARKET1 LEVEL3 LEVEL4 LEVEL0 LEVEL1) [1]
Pruned:  0: (LOAD GOODS1 TRUCK1 MARKET1 LEVEL3 LEVEL4 LEVEL0 LEVEL1) [1]
Pruned:  0: (LOAD GOODS1 TRUCK1 MARKET1 LEVEL3 LEVEL4 LEVEL0 LEVEL1) [1]
Pruned:  0: (LOAD GOODS1 TRUCK1 MARKET1 LEVEL3 LEVEL4 LEVEL0 LEVEL1) [1]
Pruned:  0: (LOAD GOODS1 TRUCK1 MARKET1 LEVEL3 LEVEL4 LEVEL0 LEVEL1) [1]
Pruned:  0: (LOAD GOODS1 TRUCK1 MARKET1 LEVEL3 LEVEL4 LEVEL0 LEVEL1) [1]
Pruned:  0: (LOAD GOODS1 TRUCK1 MARKET1 LEVEL3 LEVEL4 LEVEL0 LEVEL1) [1]
Pruned:  0: (LOAD GOODS1 TRUCK1 MARKET1 LEVEL3 LEVEL4 LEVEL0 LEVEL1) [1]
Pruned:  0: (LOAD GOODS1 TRUCK1 MARKET1 LEVEL3 LEVEL4 LEVEL0 LEVEL1) [1]
Pruned:  0: (LOAD GOODS1 TRUCK1 MARKET1 LEVEL3 LEVEL4 LEVEL0 LEVEL1) [1]
Pruned:  0: (LOAD GOODS1 TRUCK1 MARKET1 LEVEL3 LEVEL4 LEVEL0 LEVEL1) [1]
Pruned:  0: (LOAD GOODS1 TRUCK1 MARKET1 LEVEL3 LEVEL4 LEVEL0 LEVEL1) [1]
Pruned:  0: (LOAD GOODS1 TRUCK1 MARKET1 LEVEL3 LEVEL4 LEVEL0 LEVEL1) [1]
Pruned:  0: (LOAD GOODS1 TRUCK1 MARKET1 LEVEL3 LEVEL4 LEVEL0 LEVEL1) [1]
Pruned:  0: (LOAD GOODS1 TRUCK1 MARKET1 LEVEL3 LEVEL4 LEVEL0 LEVEL1) [1]
Pruned:  0: (LOAD GOODS1 TRUCK1 MARKET1 LEVEL3 LEVEL4 LEVEL0 LEVEL1) [1]
Pruned:  0: (LOAD GOODS1 TRUCK1 MARKET1 LEVEL3 LEVEL4 LEVEL0 LEVEL1) [1]
Pruned:  0: (LOAD GOODS1 TRUCK1 MARKET1 LEVEL3 LEVEL4 LEVEL0 LEVEL1) [1]
Pruned:  0: (LOAD GOODS1 TRUCK1 MARKET1 LEVEL3 LEVEL4 LEVEL0 LEVEL1) [1]
Pruned:  0: (LOAD GOODS1 TRUCK1 MARKET1 LEVEL3 LEVEL4 LEVEL0 LEVEL1) [1]
Pruned:  0: (LOAD GOODS1 TRUCK1 MARKET1 LEVEL3 LEVEL4 LEVEL0 LEVEL1) [1]
Pruned:  0: (LOAD GOODS1 TRUCK1 MARKET1 LEVEL3 LEVEL4 LEVEL0 LEVEL1) [1]
Pruned:  0: (LOAD GOODS1 TRUCK1 MARKET1 LEVEL3 LEVEL4 LEVEL0 LEVEL1) [1]
Pruned:  0: (LOAD GOODS1 TRUCK1 MARKET1 LEVEL3 LEVEL4 LEVEL0 LEVEL1) [1]
Pruned:  0: (LOAD GOODS1 TRUCK1 MARKET1 LEVEL3 LEVEL4 LEVEL0 LEVEL1) [1]
Pruned:  0: (LOAD GOODS1 TRUCK1 MARKET1 LEVEL3 LEVEL4 LEVEL0 LEVEL1) [1]
Pruned:  0: (LOAD GOODS1 TRUCK1 MARKET1 LEVEL3 LEVEL4 LEVEL0 LEVEL1) [1]
Pruned:  0: (LOAD GOODS1 TRUCK1 MARKET1 LEVEL3 LEVEL4 LEVEL0 LEVEL1) [1]
Pruned:  0: (LOAD GOODS1 TRUCK1 MARKET1 LEVEL3 LEVEL4 LEVEL0 LEVEL1) [1]
Pruned:  0: (LOAD GOODS1 TRUCK1 MARKET1 LEVEL3 LEVEL4 LEVEL0 LEVEL1) [1]
Pruned:  0: (LOAD GOODS1 TRUCK1 MARKET1 LEVEL3 LEVEL4 LEVEL0 LEVEL1) [1]
Pruned:  0: (LOAD GOODS1 TRUCK1 MARKET1 LEVEL3 LEVEL4 LEVEL0 LEVEL1) [1]
Pruned:  0: (LOAD GOODS1 TRUCK1 MARKET1 LEVEL3 LEVEL4 LEVEL0 LEVEL1) [1]
Pruned:  0: (LOAD GOODS1 TRUCK1 MARKET1 LEVEL3 LEVEL4 LEVEL0 LEVEL1) [1]
Pruned:  0: (LOAD GOODS1 TRUCK1 MARKET1 LEVEL3 LEVEL4 LEVEL0 LEVEL1) [1]
Pruned:  0: (LOAD GOODS1 TRUCK1 MARKET1 LEVEL3 LEVEL4 LEVEL0 LEVEL1) [1]
Pruned:  0: (LOAD GOODS1 TRUCK1 MARKET1 LEVEL3 LEVEL4 LEVEL0 LEVEL1) [1]
Pruned:  0: (LOAD GOODS1 TRUCK1 MARKET1 LEVEL3 LEVEL4 LEVEL0 LEVEL1) [1]
Pruned:  0: (LOAD GOODS1 TRUCK1 MARKET1 LEVEL3 LEVEL4 LEVEL0 LEVEL1) [1]
Pruned:  0: (LOAD GOODS1 TRUCK1 MARKET1 LEVEL3 LEVEL4 LEVEL0 LEVEL1) [1]
Pruned:  0: (LOAD GOODS1 TRUCK1 MARKET1 LEVEL3 LEVEL4 LEVEL0 LEVEL1) [1]
Pruned:  0: (LOAD GOODS1 TRUCK1 MARKET1 LEVEL3 LEVEL4 LEVEL0 LEVEL1) [1]
Pruned:  0: (LOAD GOODS1 TRUCK1 MARKET1 LEVEL3 LEVEL4 LEVEL0 LEVEL1) [1]
Pruned:  0: (LOAD GOODS1 TRUCK1 MARKET1 LEVEL3 LEVEL4 LEVEL0 LEVEL1) [1]
Pruned:  0: (LOAD GOODS1 TRUCK1 MARKET1 LEVEL3 LEVEL4 LEVEL0 LEVEL1) [1]
Pruned:  0: (LOAD GOODS1 TRUCK1 MARKET1 LEVEL3 LEVEL4 LEVEL0 LEVEL1) [1]
Pruned:  0: (LOAD GOODS1 TRUCK1 MARKET1 LEVEL3 LEVEL4 LEVEL0 LEVEL1) [1]
Pruned:  0: (LOAD GOODS1 TRUCK1 MARKET1 LEVEL3 LEVEL4 LEVEL0 LEVEL1) [1]
Pruned:  0: (LOAD GOODS1 TRUCK1 MARKET1 LEVEL3 LEVEL4 LEVEL0 LEVEL1) [1]
Pruned:  0: (LOAD GOODS1 TRUCK1 MARKET1 LEVEL3 LEVEL4 LEVEL0 LEVEL1) [1]
Pruned:  0: (LOAD GOODS1 TRUCK1 MARKET1 LEVEL3 LEVEL4 LEVEL0 LEVEL1) [1]
Pruned:  0: (LOAD GOODS1 TRUCK1 MARKET1 LEVEL3 LEVEL4 LEVEL0 LEVEL1) [1]
Pruned:  0: (LOAD GOODS1 TRUCK1 MARKET1 LEVEL3 LEVEL4 LEVEL0 LEVEL1) [1]
Pruned:  0: (LOAD GOODS1 TRUCK1 MARKET1 LEVEL3 LEVEL4 LEVEL0 LEVEL1) [1]
Pruned:  0: (LOAD GOODS1 TRUCK1 MARKET1 LEVEL3 LEVEL4 LEVEL0 LEVEL1) [1]
Pruned:  0: (LOAD GOODS1 TRUCK1 MARKET1 LEVEL3 LEVEL4 LEVEL0 LEVEL1) [1]
Pruned:  0: (LOAD GOODS1 TRUCK1 MARKET1 LEVEL3 LEVEL4 LEVEL0 LEVEL1) [1]
Pruned:  0: (LOAD GOODS1 TRUCK1 MARKET1 LEVEL3 LEVEL4 LEVEL0 LEVEL1) [1]
Pruned:  0: (LOAD GOODS1 TRUCK1 MARKET1 LEVEL3 LEVEL4 LEVEL0 LEVEL1) [1]
Pruned:  0: (LOAD GOODS1 TRUCK1 MARKET1 LEVEL3 LEVEL4 LEVEL0 LEVEL1) [1]
Pruned:  0: (LOAD GOODS1 TRUCK1 MARKET1 LEVEL3 LEVEL4 LEVEL0 LEVEL1) [1]
Pruned:  0: (LOAD GOODS1 TRUCK1 MARKET1 LEVEL3 LEVEL4 LEVEL0 LEVEL1) [1]
Pruned:  0: (LOAD GOODS1 TRUCK1 MARKET1 LEVEL3 LEVEL4 LEVEL0 LEVEL1) [1]
Pruned:  0: (LOAD GOODS1 TRUCK1 MARKET1 LEVEL3 LEVEL4 LEVEL0 LEVEL1) [1]
Pruned:  0: (LOAD GOODS1 TRUCK1 MARKET1 LEVEL3 LEVEL4 LEVEL0 LEVEL1) [1]
Pruned:  0: (LOAD GOODS1 TRUCK1 MARKET1 LEVEL3 LEVEL4 LEVEL0 LEVEL1) [1]
Pruned:  0: (LOAD GOODS1 TRUCK1 MARKET1 LEVEL3 LEVEL4 LEVEL0 LEVEL1) [1]
Pruned:  0: (LOAD GOODS1 TRUCK1 MARKET1 LEVEL3 LEVEL4 LEVEL0 LEVEL1) [1]
Pruned:  0: (LOAD GOODS1 TRUCK1 MARKET1 LEVEL3 LEVEL4 LEVEL0 LEVEL1) [1]
Pruned:  0: (LOAD GOODS1 TRUCK1 MARKET1 LEVEL3 LEVEL4 LEVEL0 LEVEL1) [1]
Pruned:  0: (LOAD GOODS1 TRUCK1 MARKET1 LEVEL3 LEVEL4 LEVEL0 LEVEL1) [1]
Pruned:  0: (LOAD GOODS1 TRUCK1 MARKET1 LEVEL3 LEVEL4 LEVEL0 LEVEL1) [1]
Pruned:  0: (LOAD GOODS1 TRUCK1 MARKET1 LEVEL3 LEVEL4 LEVEL0 LEVEL1) [1]
Pruned:  0: (LOAD GOODS1 TRUCK1 MARKET1 LEVEL3 LEVEL4 LEVEL0 LEVEL1) [1]
Pruned:  0: (LOAD GOODS1 TRUCK1 MARKET1 LEVEL3 LEVEL4 LEVEL0 LEVEL1) [1]
Pruned:  0: (LOAD GOODS1 TRUCK1 MARKET1 LEVEL3 LEVEL4 LEVEL0 LEVEL1) [1]
Pruned:  0: (LOAD GOODS1 TRUCK1 MARKET1 LEVEL3 LEVEL4 LEVEL0 LEVEL1) [1]
Pruned:  0: (LOAD GOODS1 TRUCK1 MARKET1 LEVEL3 LEVEL4 LEVEL0 LEVEL1) [1]
Pruned:  0: (LOAD GOODS1 TRUCK1 MARKET1 LEVEL3 LEVEL4 LEVEL0 LEVEL1) [1]
Pruned:  0: (LOAD GOODS1 TRUCK1 MARKET1 LEVEL3 LEVEL4 LEVEL0 LEVEL1) [1]
Pruned:  0: (LOAD GOODS1 TRUCK1 MARKET1 LEVEL3 LEVEL4 LEVEL0 LEVEL1) [1]
Pruned:  0: (LOAD GOODS1 TRUCK1 MARKET1 LEVEL3 LEVEL4 LEVEL0 LEVEL1) [1]
Pruned:  0: (LOAD GOODS1 TRUCK1 MARKET1 LEVEL3 LEVEL4 LEVEL0 LEVEL1) [1]
Pruned:  0: (LOAD GOODS1 TRUCK1 MARKET1 LEVEL3 LEVEL4 LEVEL0 LEVEL1) [1]
Pruned:  0: (LOAD GOODS1 TRUCK1 MARKET1 LEVEL3 LEVEL4 LEVEL0 LEVEL1) [1]
Pruned:  0: (LOAD GOODS1 TRUCK1 MARKET1 LEVEL3 LEVEL4 LEVEL0 LEVEL1) [1]
Pruned:  0: (LOAD GOODS1 TRUCK1 MARKET1 LEVEL3 LEVEL4 LEVEL0 LEVEL1) [1]
Pruned:  0: (LOAD GOODS1 TRUCK1 MARKET1 LEVEL3 LEVEL4 LEVEL0 LEVEL1) [1]
Pruned:  0: (LOAD GOODS1 TRUCK1 MARKET1 LEVEL3 LEVEL4 LEVEL0 LEVEL1) [1]
Pruned:  0: (LOAD GOODS1 TRUCK1 MARKET1 LEVEL3 LEVEL4 LEVEL0 LEVEL1) [1]
Pruned:  0: (LOAD GOODS1 TRUCK1 MARKET1 LEVEL3 LEVEL4 LEVEL0 LEVEL1) [1]
Pruned:  0: (LOAD GOODS1 TRUCK1 MARKET1 LEVEL3 LEVEL4 LEVEL0 LEVEL1) [1]
Pruned:  0: (LOAD GOODS1 TRUCK1 MARKET1 LEVEL3 LEVEL4 LEVEL0 LEVEL1) [1]
Pruned:  0: (LOAD GOODS1 TRUCK1 MARKET1 LEVEL3 LEVEL4 LEVEL0 LEVEL1) [1]
Pruned:  0: (LOAD GOODS1 TRUCK1 MARKET1 LEVEL3 LEVEL4 LEVEL0 LEVEL1) [1]
Pruned:  0: (LOAD GOODS1 TRUCK1 MARKET1 LEVEL3 LEVEL4 LEVEL0 LEVEL1) [1]
Pruned:  0: (LOAD GOODS1 TRUCK1 MARKET1 LEVEL3 LEVEL4 LEVEL0 LEVEL1) [1]
Pruned:  0: (LOAD GOODS1 TRUCK1 MARKET1 LEVEL3 LEVEL4 LEVEL0 LEVEL1) [1]
Pruned:  0: (LOAD GOODS1 TRUCK1 MARKET1 LEVEL3 LEVEL4 LEVEL0 LEVEL1) [1]
Pruned:  0: (LOAD GOODS1 TRUCK1 MARKET1 LEVEL3 LEVEL4 LEVEL0 LEVEL1) [1]
Pruned:  0: (LOAD GOODS1 TRUCK1 MARKET1 LEVEL3 LEVEL4 LEVEL0 LEVEL1) [1]
Pruned:  0: (LOAD GOODS1 TRUCK1 MARKET1 LEVEL3 LEVEL4 LEVEL0 LEVEL1) [1]
Pruned:  0: (LOAD GOODS1 TRUCK1 MARKET1 LEVEL3 LEVEL4 LEVEL0 LEVEL1) [1]
Pruned:  0: (LOAD GOODS1 TRUCK1 MARKET1 LEVEL3 LEVEL4 LEVEL0 LEVEL1) [1]
Pruned:  0: (LOAD GOODS1 TRUCK1 MARKET1 LEVEL3 LEVEL4 LEVEL0 LEVEL1) [1]
Pruned:  0: (LOAD GOODS1 TRUCK1 MARKET1 LEVEL3 LEVEL4 LEVEL0 LEVEL1) [1]
Pruned:  0: (LOAD GOODS1 TRUCK1 MARKET1 LEVEL3 LEVEL4 LEVEL0 LEVEL1) [1]
Pruned:  0: (LOAD GOODS1 TRUCK1 MARKET1 LEVEL3 LEVEL4 LEVEL0 LEVEL1) [1]
Pruned:  0: (LOAD GOODS1 TRUCK1 MARKET1 LEVEL3 LEVEL4 LEVEL0 LEVEL1) [1]
Pruned:  0: (LOAD GOODS1 TRUCK1 MARKET1 LEVEL3 LEVEL4 LEVEL0 LEVEL1) [1]
Pruned:  0: (LOAD GOODS1 TRUCK1 MARKET1 LEVEL3 LEVEL4 LEVEL0 LEVEL1) [1]
Pruned:  0: (LOAD GOODS1 TRUCK1 MARKET1 LEVEL3 LEVEL4 LEVEL0 LEVEL1) [1]
Pruned:  0: (LOAD GOODS1 TRUCK1 MARKET1 LEVEL3 LEVEL4 LEVEL0 LEVEL1) [1]
Pruned:  0: (LOAD GOODS1 TRUCK1 MARKET1 LEVEL3 LEVEL4 LEVEL0 LEVEL1) [1]
Pruned:  0: (LOAD GOODS1 TRUCK1 MARKET1 LEVEL3 LEVEL4 LEVEL0 LEVEL1) [1]
Pruned:  0: (LOAD GOODS1 TRUCK1 MARKET1 LEVEL3 LEVEL4 LEVEL0 LEVEL1) [1]
Pruned:  0: (LOAD GOODS1 TRUCK1 MARKET1 LEVEL3 LEVEL4 LEVEL0 LEVEL1) [1]
Pruned:  0: (LOAD GOODS1 TRUCK1 MARKET1 LEVEL3 LEVEL4 LEVEL0 LEVEL1) [1]
Pruned:  0: (LOAD GOODS1 TRUCK1 MARKET1 LEVEL3 LEVEL4 LEVEL0 LEVEL1) [1]
Pruned:  0: (LOAD GOODS1 TRUCK1 MARKET1 LEVEL3 LEVEL4 LEVEL0 LEVEL1) [1]
Pruned:  0: (LOAD GOODS1 TRUCK1 MARKET1 LEVEL3 LEVEL4 LEVEL0 LEVEL1) [1]
Pruned:  0: (LOAD GOODS1 TRUCK1 MARKET1 LEVEL3 LEVEL4 LEVEL0 LEVEL1) [1]
Pruned:  0: (LOAD GOODS1 TRUCK1 MARKET1 LEVEL3 LEVEL4 LEVEL0 LEVEL1) [1]
Pruned:  0: (LOAD GOODS1 TRUCK1 MARKET1 LEVEL3 LEVEL4 LEVEL0 LEVEL1) [1]
Pruned:  0: (LOAD GOODS1 TRUCK1 MARKET1 LEVEL3 LEVEL4 LEVEL0 LEVEL1) [1]
Pruned:  0: (LOAD GOODS1 TRUCK1 MARKET1 LEVEL3 LEVEL4 LEVEL0 LEVEL1) [1]
Pruned:  0: (LOAD GOODS1 TRUCK1 MARKET1 LEVEL3 LEVEL4 LEVEL0 LEVEL1) [1]
Pruned:  0: (LOAD GOODS1 TRUCK1 MARKET1 LEVEL3 LEVEL4 LEVEL0 LEVEL1) [1]
Pruned:  0: (LOAD GOODS1 TRUCK1 MARKET1 LEVEL3 LEVEL4 LEVEL0 LEVEL1) [1]
Pruned:  0: (LOAD GOODS1 TRUCK1 MARKET1 LEVEL3 LEVEL4 LEVEL0 LEVEL1) [1]
Pruned:  0: (LOAD GOODS1 TRUCK1 MARKET1 LEVEL3 LEVEL4 LEVEL0 LEVEL1) [1]
Pruned:  0: (LOAD GOODS1 TRUCK1 MARKET1 LEVEL3 LEVEL4 LEVEL0 LEVEL1) [1]
Pruned:  0: (LOAD GOODS1 TRUCK1 MARKET1 LEVEL3 LEVEL4 LEVEL0 LEVEL1) [1]
Pruned:  0: (LOAD GOODS1 TRUCK1 MARKET1 LEVEL3 LEVEL4 LEVEL0 LEVEL1) [1]
Pruned:  0: (LOAD GOODS1 TRUCK1 MARKET1 LEVEL3 LEVEL4 LEVEL0 LEVEL1) [1]
Pruned:  0: (LOAD GOODS1 TRUCK1 MARKET1 LEVEL3 LEVEL4 LEVEL0 LEVEL1) [1]
Pruned:  0: (LOAD GOODS1 TRUCK1 MARKET1 LEVEL3 LEVEL4 LEVEL0 LEVEL1) [1]
Pruned:  0: (LOAD GOODS1 TRUCK1 MARKET1 LEVEL3 LEVEL4 LEVEL0 LEVEL1) [1]
Pruned:  0: (LOAD GOODS1 TRUCK1 MARKET1 LEVEL3 LEVEL4 LEVEL0 LEVEL1) [1]
Pruned:  0: (LOAD GOODS1 TRUCK1 MARKET1 LEVEL3 LEVEL4 LEVEL0 LEVEL1) [1]
Pruned:  0: (LOAD GOODS1 TRUCK1 MARKET1 LEVEL3 LEVEL4 LEVEL0 LEVEL1) [1]
Pruned:  0: (LOAD GOODS1 TRUCK1 MARKET1 LEVEL3 LEVEL4 LEVEL0 LEVEL1) [1]
Pruned:  0: (LOAD GOODS1 TRUCK1 MARKET1 LEVEL3 LEVEL4 LEVEL0 LEVEL1) [1]
Pruned:  0: (LOAD GOODS1 TRUCK1 MARKET1 LEVEL3 LEVEL4 LEVEL0 LEVEL1) [1]
Pruned:  0: (LOAD GOODS1 TRUCK1 MARKET1 LEVEL3 LEVEL4 LEVEL0 LEVEL1) [1]
Pruned:  0: (LOAD GOODS1 TRUCK1 MARKET1 LEVEL3 LEVEL4 LEVEL0 LEVEL1) [1]
Pruned:  0: (LOAD GOODS1 TRUCK1 MARKET1 LEVEL3 LEVEL4 LEVEL0 LEVEL1) [1]
Pruned:  0: (LOAD GOODS1 TRUCK1 MARKET1 LEVEL3 LEVEL4 LEVEL0 LEVEL1) [1]
Pruned:  0: (LOAD GOODS1 TRUCK1 MARKET1 LEVEL3 LEVEL4 LEVEL0 LEVEL1) [1]
Pruned:  0: (LOAD GOODS1 TRUCK1 MARKET1 LEVEL3 LEVEL4 LEVEL0 LEVEL1) [1]
Pruned:  0: (LOAD GOODS1 TRUCK1 MARKET1 LEVEL3 LEVEL4 LEVEL0 LEVEL1) [1]
Pruned:  0: (LOAD GOODS1 TRUCK1 MARKET1 LEVEL3 LEVEL4 LEVEL0 LEVEL1) [1]
Pruned:  0: (LOAD GOODS1 TRUCK1 MARKET1 LEVEL3 LEVEL4 LEVEL0 LEVEL1) [1]
Pruned:  0: (LOAD GOODS1 TRUCK1 MARKET1 LEVEL3 LEVEL4 LEVEL0 LEVEL1) [1]
Pruned:  0: (LOAD GOODS1 TRUCK1 MARKET1 LEVEL3 LEVEL4 LEVEL0 LEVEL1) [1]
Pruned:  0: (LOAD GOODS1 TRUCK1 MARKET1 LEVEL3 LEVEL4 LEVEL0 LEVEL1) [1]
Pruned:  0: (LOAD GOODS1 TRUCK1 MARKET1 LEVEL3 LEVEL4 LEVEL0 LEVEL1) [1]
Pruned:  0: (LOAD GOODS1 TRUCK1 MARKET1 LEVEL3 LEVEL4 LEVEL0 LEVEL1) [1]
Pruned:  0: (LOAD GOODS1 TRUCK1 MARKET1 LEVEL3 LEVEL4 LEVEL0 LEVEL1) [1]
Pruned:  0: (LOAD GOODS1 TRUCK1 MARKET1 LEVEL3 LEVEL4 LEVEL0 LEVEL1) [1]
Pruned:  0: (LOAD GOODS1 TRUCK1 MARKET1 LEVEL3 LEVEL4 LEVEL0 LEVEL1) [1]
Pruned:  0: (LOAD GOODS1 TRUCK1 MARKET1 LEVEL3 LEVEL4 LEVEL0 LEVEL1) [1]
Pruned:  0: (LOAD GOODS1 TRUCK1 MARKET1 LEVEL3 LEVEL4 LEVEL0 LEVEL1) [1]
Pruned:  0: (LOAD GOODS1 TRUCK1 MARKET1 LEVEL3 LEVEL4 LEVEL0 LEVEL1) [1]
Pruned:  0: (LOAD GOODS1 TRUCK1 MARKET1 LEVEL3 LEVEL4 LEVEL0 LEVEL1) [1]
Pruned:  0: (LOAD GOODS1 TRUCK1 MARKET1 LEVEL3 LEVEL4 LEVEL0 LEVEL1) [1]
Pruned:  0: (LOAD GOODS1 TRUCK1 MARKET1 LEVEL3 LEVEL4 LEVEL0 LEVEL1) [1]
Pruned:  0: (LOAD GOODS1 TRUCK1 MARKET1 LEVEL3 LEVEL4 LEVEL0 LEVEL1) [1]
Pruned:  0: (LOAD GOODS1 TRUCK1 MARKET1 LEVEL3 LEVEL4 LEVEL0 LEVEL1) [1]
Pruned:  0: (LOAD GOODS1 TRUCK1 MARKET1 LEVEL3 LEVEL4 LEVEL0 LEVEL1) [1]
Pruned:  0: (LOAD GOODS1 TRUCK1 MARKET1 LEVEL3 LEVEL4 LEVEL0 LEVEL1) [1]
Pruned:  0: (LOAD GOODS1 TRUCK1 MARKET1 LEVEL3 LEVEL4 LEVEL0 LEVEL1) [1]
Pruned:  0: (LOAD GOODS1 TRUCK1 MARKET1 LEVEL3 LEVEL4 LEVEL0 LEVEL1) [1]
Pruned:  0: (LOAD GOODS1 TRUCK1 MARKET1 LEVEL3 LEVEL4 LEVEL0 LEVEL1) [1]
Pruned:  0: (LOAD GOODS1 TRUCK1 MARKET1 LEVEL3 LEVEL4 LEVEL0 LEVEL1) [1]
Pruned:  0: (LOAD GOODS1 TRUCK1 MARKET1 LEVEL3 LEVEL4 LEVEL0 LEVEL1) [1]
Pruned:  0: (LOAD GOODS1 TRUCK1 MARKET1 LEVEL3 LEVEL4 LEVEL0 LEVEL1) [1]
Pruned:  0: (LOAD GOODS1 TRUCK1 MARKET1 LEVEL3 LEVEL4 LEVEL0 LEVEL1) [1]
Pruned:  0: (LOAD GOODS1 TRUCK1 MARKET1 LEVEL3 LEVEL4 LEVEL0 LEVEL1) [1]
Pruned:  0: (LOAD GOODS1 TRUCK1 MARKET1 LEVEL3 LEVEL4 LEVEL0 LEVEL1) [1]
Pruned:  0: (LOAD GOODS1 TRUCK1 MARKET1 LEVEL3 LEVEL4 LEVEL0 LEVEL1) [1]
Pruned:  0: (LOAD GOODS1 TRUCK1 MARKET1 LEVEL3 LEVEL4 LEVEL0 LEVEL1) [1]
Pruned:  0: (LOAD GOODS1 TRUCK1 MARKET1 LEVEL3 LEVEL4 LEVEL0 LEVEL1) [1]
Pruned:  0: (LOAD GOODS1 TRUCK1 MARKET1 LEVEL3 LEVEL4 LEVEL0 LEVEL1) [1]
Pruned:  0: (LOAD GOODS1 TRUCK1 MARKET1 LEVEL3 LEVEL4 LEVEL0 LEVEL1) [1]
Pruned:  0: (LOAD GOODS1 TRUCK1 MARKET1 LEVEL3 LEVEL4 LEVEL0 LEVEL1) [1]
Pruned:  0: (LOAD GOODS1 TRUCK1 MARKET1 LEVEL3 LEVEL4 LEVEL0 LEVEL1) [1]
Pruned:  0: (LOAD GOODS1 TRUCK1 MARKET1 LEVEL3 LEVEL4 LEVEL0 LEVEL1) [1]
Pruned:  0: (LOAD GOODS1 TRUCK1 MARKET1 LEVEL3 LEVEL4 LEVEL0 LEVEL1) [1]
Pruned:  0: (LOAD GOODS1 TRUCK1 MARKET1 LEVEL3 LEVEL4 LEVEL0 LEVEL1) [1]
Pruned:  0: (LOAD GOODS1 TRUCK1 MARKET1 LEVEL3 LEVEL4 LEVEL0 LEVEL1) [1]
Pruned:  0: (LOAD GOODS1 TRUCK1 MARKET1 LEVEL3 LEVEL4 LEVEL0 LEVEL1) [1]
Pruned:  0: (LOAD GOODS1 TRUCK1 MARKET1 LEVEL3 LEVEL4 LEVEL0 LEVEL1) [1]
Pruned:  0: (LOAD GOODS1 TRUCK1 MARKET1 LEVEL3 LEVEL4 LEVEL0 LEVEL1) [1]
Pruned:  0: (LOAD GOODS1 TRUCK1 MARKET1 LEVEL3 LEVEL4 LEVEL0 LEVEL1) [1]
Pruned:  0: (LOAD GOODS1 TRUCK1 MARKET1 LEVEL3 LEVEL4 LEVEL0 LEVEL1) [1]
Pruned:  0: (LOAD GOODS1 TRUCK1 MARKET1 LEVEL3 LEVEL4 LEVEL0 LEVEL1) [1]
Pruned:  0: (LOAD GOODS1 TRUCK1 MARKET1 LEVEL3 LEVEL4 LEVEL0 LEVEL1) [1]
Pruned:  0: (LOAD GOODS1 TRUCK1 MARKET1 LEVEL3 LEVEL4 LEVEL0 LEVEL1) [1]
Pruned:  0: (LOAD GOODS1 TRUCK1 MARKET1 LEVEL3 LEVEL4 LEVEL0 LEVEL1) [1]
Pruned:  0: (LOAD GOODS1 TRUCK1 MARKET1 LEVEL3 LEVEL4 LEVEL0 LEVEL1) [1]
Pruned:  0: (LOAD GOODS1 TRUCK1 MARKET1 LEVEL3 LEVEL4 LEVEL0 LEVEL1) [1]
Pruned:  0: (LOAD GOODS1 TRUCK1 MARKET1 LEVEL3 LEVEL4 LEVEL0 LEVEL1) [1]
Pruned:  0: (LOAD GOODS1 TRUCK1 MARKET1 LEVEL3 LEVEL4 LEVEL0 LEVEL1) [1]
Pruned:  0: (LOAD GOODS1 TRUCK1 MARKET1 LEVEL3 LEVEL4 LEVEL0 LEVEL1) [1]
Pruned:  0: (LOAD GOODS1 TRUCK1 MARKET1 LEVEL3 LEVEL4 LEVEL0 LEVEL1) [1]
Pruned:  0: (LOAD GOODS1 TRUCK1 MARKET1 LEVEL3 LEVEL4 LEVEL0 LEVEL1) [1]
Pruned:  0: (LOAD GOODS1 TRUCK1 MARKET1 LEVEL3 LEVEL4 LEVEL0 LEVEL1) [1]
Pruned:  0: (LOAD GOODS1 TRUCK1 MARKET1 LEVEL3 LEVEL4 LEVEL0 LEVEL1) [1]
Pruned:  0: (LOAD GOODS1 TRUCK1 MARKET1 LEVEL3 LEVEL4 LEVEL0 LEVEL1) [1]
Pruned:  0: (LOAD GOODS1 TRUCK1 MARKET1 LEVEL3 LEVEL4 LEVEL0 LEVEL1) [1]
Pruned:  0: (LOAD GOODS1 TRUCK1 MARKET1 LEVEL3 LEVEL4 LEVEL0 LEVEL1) [1]
Pruned:  0: (LOAD GOODS1 TRUCK1 MARKET1 LEVEL3 LEVEL4 LEVEL0 LEVEL1) [1]
Pruned:  0: (LOAD GOODS1 TRUCK1 MARKET1 LEVEL3 LEVEL4 LEVEL0 LEVEL1) [1]
Pruned:  0: (LOAD GOODS1 TRUCK1 MARKET1 LEVEL3 LEVEL4 LEVEL0 LEVEL1) [1]
Pruned:  0: (LOAD GOODS1 TRUCK1 MARKET1 LEVEL3 LEVEL4 LEVEL0 LEVEL1) [1]
Pruned:  0: (LOAD GOODS1 TRUCK1 MARKET1 LEVEL3 LEVEL4 LEVEL0 LEVEL1) [1]
Pruned:  0: (LOAD GOODS1 TRUCK1 MARKET1 LEVEL3 LEVEL4 LEVEL0 LEVEL1) [1]
Pruned:  0: (LOAD GOODS1 TRUCK1 MARKET1 LEVEL3 LEVEL4 LEVEL0 LEVEL1) [1]
Pruned:  0: (LOAD GOODS1 TRUCK1 MARKET1 LEVEL3 LEVEL4 LEVEL0 LEVEL1) [1]
Pruned:  0: (LOAD GOODS1 TRUCK1 MARKET1 LEVEL3 LEVEL4 LEVEL0 LEVEL1) [1]
Pruned:  0: (LOAD GOODS1 TRUCK1 MARKET1 LEVEL3 LEVEL4 LEVEL0 LEVEL1) [1]
Pruned:  0: (LOAD GOODS1 TRUCK1 MARKET1 LEVEL3 LEVEL4 LEVEL0 LEVEL1) [1]
Pruned:  0: (LOAD GOODS1 TRUCK1 MARKET1 LEVEL3 LEVEL4 LEVEL0 LEVEL1) [1]
Pruned:  0: (LOAD GOODS1 TRUCK1 MARKET1 LEVEL3 LEVEL4 LEVEL0 LEVEL1) [1]
Pruned:  0: (LOAD GOODS1 TRUCK1 MARKET1 LEVEL3 LEVEL4 LEVEL0 LEVEL1) [1]
Pruned:  0: (LOAD GOODS1 TRUCK1 MARKET1 LEVEL3 LEVEL4 LEVEL0 LEVEL1) [1]
Pruned:  0: (LOAD GOODS1 TRUCK1 MARKET1 LEVEL3 LEVEL4 LEVEL0 LEVEL1) [1]
Pruned:  0: (LOAD GOODS1 TRUCK1 MARKET1 LEVEL3 LEVEL4 LEVEL0 LEVEL1) [1]
Pruned:  0: (LOAD GOODS1 TRUCK1 MARKET1 LEVEL3 LEVEL4 LEVEL0 LEVEL1) [1]
Pruned:  0: (LOAD GOODS1 TRUCK1 MARKET1 LEVEL3 LEVEL4 LEVEL0 LEVEL1) [1]
Pruned:  0: (LOAD GOODS1 TRUCK1 MARKET1 LEVEL3 LEVEL4 LEVEL0 LEVEL1) [1]
Pruned:  0: (LOAD GOODS1 TRUCK1 MARKET1 LEVEL3 LEVEL4 LEVEL0 LEVEL1) [1]
Pruned:  0: (LOAD GOODS1 TRUCK1 MARKET1 LEVEL3 LEVEL4 LEVEL0 LEVEL1) [1]
Pruned:  0: (LOAD GOODS1 TRUCK1 MARKET1 LEVEL3 LEVEL4 LEVEL0 LEVEL1) [1]
Pruned:  0: (LOAD GOODS1 TRUCK1 MARKET1 LEVEL3 LEVEL4 LEVEL0 LEVEL1) [1]
Pruned:  0: (LOAD GOODS1 TRUCK1 MARKET1 LEVEL3 LEVEL4 LEVEL0 LEVEL1) [1]
Pruned:  0: (LOAD GOODS1 TRUCK1 MARKET1 LEVEL3 LEVEL4 LEVEL0 LEVEL1) [1]
Pruned:  0: (LOAD GOODS1 TRUCK1 MARKET1 LEVEL3 LEVEL4 LEVEL0 LEVEL1) [1]
Pruned:  0: (LOAD GOODS1 TRUCK1 MARKET1 LEVEL3 LEVEL4 LEVEL0 LEVEL1) [1]
Pruned:  0: (LOAD GOODS1 TRUCK1 MARKET1 LEVEL3 LEVEL4 LEVEL0 LEVEL1) [1]
Pruned:  0: (LOAD GOODS1 TRUCK1 MARKET1 LEVEL3 LEVEL4 LEVEL0 LEVEL1) [1]
Pruned:  0: (LOAD GOODS1 TRUCK1 MARKET1 LEVEL3 LEVEL4 LEVEL0 LEVEL1) [1]
Pruned:  0: (LOAD GOODS1 TRUCK1 MARKET1 LEVEL3 LEVEL4 LEVEL0 LEVEL1) [1]
Pruned:  0: (LOAD GOODS1 TRUCK1 MARKET1 LEVEL3 LEVEL4 LEVEL0 LEVEL1) [1]
Pruned:  0: (LOAD GOODS1 TRUCK1 MARKET1 LEVEL3 LEVEL4 LEVEL0 LEVEL1) [1]
Pruned:  0: (LOAD GOODS1 TRUCK1 MARKET1 LEVEL3 LEVEL4 LEVEL0 LEVEL1) [1]
Pruned:  0: (LOAD GOODS1 TRUCK1 MARKET1 LEVEL3 LEVEL4 LEVEL0 LEVEL1) [1]
Pruned:  0: (LOAD GOODS1 TRUCK1 MARKET1 LEVEL3 LEVEL4 LEVEL0 LEVEL1) [1]
Pruned:  0: (LOAD GOODS1 TRUCK1 MARKET1 LEVEL3 LEVEL4 LEVEL0 LEVEL1) [1]
Pruned:  0: (LOAD GOODS1 TRUCK1 MARKET1 LEVEL3 LEVEL4 LEVEL0 LEVEL1) [1]
Pruned:  0: (LOAD GOODS1 TRUCK1 MARKET1 LEVEL3 LEVEL4 LEVEL0 LEVEL1) [1]
Pruned:  0: (LOAD GOODS1 TRUCK1 MARKET1 LEVEL3 LEVEL4 LEVEL0 LEVEL1) [1]
Pruned:  0: (LOAD GOODS1 TRUCK1 MARKET1 LEVEL3 LEVEL4 LEVEL0 LEVEL1) [1]
Pruned:  0: (LOAD GOODS1 TRUCK1 MARKET1 LEVEL3 LEVEL4 LEVEL0 LEVEL1) [1]
Pruned:  0: (LOAD GOODS1 TRUCK1 MARKET1 LEVEL3 LEVEL4 LEVEL0 LEVEL1) [1]
Pruned:  0: (LOAD GOODS1 TRUCK1 MARKET1 LEVEL3 LEVEL4 LEVEL0 LEVEL1) [1]
Pruned:  0: (LOAD GOODS1 TRUCK1 MARKET1 LEVEL3 LEVEL4 LEVEL0 LEVEL1) [1]
Pruned:  0: (LOAD GOODS1 TRUCK1 MARKET1 LEVEL3 LEVEL4 LEVEL0 LEVEL1) [1]
Pruned:  0: (LOAD GOODS1 TRUCK1 MARKET1 LEVEL3 LEVEL4 LEVEL0 LEVEL1) [1]
Pruned:  0: (LOAD GOODS1 TRUCK1 MARKET1 LEVEL3 LEVEL4 LEVEL0 LEVEL1) [1]
Pruned:  0: (LOAD GOODS1 TRUCK1 MARKET1 LEVEL3 LEVEL4 LEVEL0 LEVEL1) [1]
Pruned:  0: (LOAD GOODS1 TRUCK1 MARKET1 LEVEL3 LEVEL4 LEVEL0 LEVEL1) [1]
Pruned:  0: (LOAD GOODS1 TRUCK1 MARKET1 LEVEL3 LEVEL4 LEVEL0 LEVEL1) [1]
Pruned:  0: (LOAD GOODS1 TRUCK1 MARKET1 LEVEL3 LEVEL4 LEVEL0 LEVEL1) [1]
Pruned:  0: (LOAD GOODS1 TRUCK1 MARKET1 LEVEL3 LEVEL4 LEVEL0 LEVEL1) [1]
Pruned:  0: (LOAD GOODS1 TRUCK1 MARKET1 LEVEL3 LEVEL4 LEVEL0 LEVEL1) [1]
Pruned:  0: (LOAD GOODS1 TRUCK1 MARKET1 LEVEL3 LEVEL4 LEVEL0 LEVEL1) [1]
Pruned:  0: (LOAD GOODS1 TRUCK1 MARKET1 LEVEL3 LEVEL4 LEVEL0 LEVEL1) [1]
Pruned:  0: (LOAD GOODS1 TRUCK1 MARKET1 LEVEL3 LEVEL4 LEVEL0 LEVEL1) [1]
Pruned:  0: (LOAD GOODS1 TRUCK1 MARKET1 LEVEL3 LEVEL4 LEVEL0 LEVEL1) [1]
Pruned:  0: (LOAD GOODS1 TRUCK1 MARKET1 LEVEL3 LEVEL4 LEVEL0 LEVEL1) [1]
Pruned:  0: (LOAD GOODS1 TRUCK1 MARKET1 LEVEL3 LEVEL4 LEVEL0 LEVEL1) [1]
Pruned:  0: (LOAD GOODS1 TRUCK1 MARKET1 LEVEL3 LEVEL4 LEVEL0 LEVEL1) [1]
Pruned:  0: (LOAD GOODS1 TRUCK1 MARKET1 LEVEL3 LEVEL4 LEVEL0 LEVEL1) [1]
Pruned:  0: (LOAD GOODS1 TRUCK1 MARKET1 LEVEL3 LEVEL4 LEVEL0 LEVEL1) [1]
Pruned:  0: (LOAD GOODS1 TRUCK1 MARKET1 LEVEL3 LEVEL4 LEVEL0 LEVEL1) [1]
Pruned:  0: (LOAD GOODS1 TRUCK1 MARKET1 LEVEL3 LEVEL4 LEVEL0 LEVEL1) [1]
Pruned:  0: (LOAD GOODS1 TRUCK1 MARKET1 LEVEL3 LEVEL4 LEVEL0 LEVEL1) [1]
Pruned:  0: (LOAD GOODS1 TRUCK1 MARKET1 LEVEL3 LEVEL4 LEVEL0 LEVEL1) [1]
Pruned:  0: (LOAD GOODS1 TRUCK1 MARKET1 LEVEL3 LEVEL4 LEVEL0 LEVEL1) [1]
Pruned:  0: (LOAD GOODS1 TRUCK1 MARKET1 LEVEL3 LEVEL4 LEVEL0 LEVEL1) [1]
Pruned:  0: (LOAD GOODS1 TRUCK1 MARKET1 LEVEL3 LEVEL4 LEVEL0 LEVEL1) [1]
Pruned:  0: (LOAD GOODS1 TRUCK1 MARKET1 LEVEL3 LEVEL4 LEVEL0 LEVEL1) [1]
Pruned:  0: (LOAD GOODS1 TRUCK1 MARKET1 LEVEL3 LEVEL4 LEVEL0 LEVEL1) [1]
Pruned:  0: (LOAD GOODS1 TRUCK1 MARKET1 LEVEL3 LEVEL4 LEVEL0 LEVEL1) [1]
Pruned:  0: (LOAD GOODS1 TRUCK1 MARKET1 LEVEL3 LEVEL4 LEVEL0 LEVEL1) [1]
Pruned:  0: (LOAD GOODS1 TRUCK1 MARKET1 LEVEL3 LEVEL4 LEVEL0 LEVEL1) [1]
Pruned:  0: (LOAD GOODS1 TRUCK1 MARKET1 LEVEL3 LEVEL4 LEVEL0 LEVEL1) [1]
Pruned:  0: (LOAD GOODS1 TRUCK1 MARKET1 LEVEL3 LEVEL4 LEVEL0 LEVEL1) [1]
Pruned:  0: (LOAD GOODS1 TRUCK1 MARKET1 LEVEL3 LEVEL4 LEVEL0 LEVEL1) [1]
Pruned:  0: (LOAD GOODS1 TRUCK1 MARKET1 LEVEL3 LEVEL4 LEVEL0 LEVEL1) [1]
Pruned:  0: (LOAD GOODS1 TRUCK1 MARKET1 LEVEL3 LEVEL4 LEVEL0 LEVEL1) [1]
Pruned:  0: (LOAD GOODS1 TRUCK1 MARKET1 LEVEL3 LEVEL4 LEVEL0 LEVEL1) [1]
Pruned:  0: (LOAD GOODS1 TRUCK1 MARKET1 LEVEL3 LEVEL4 LEVEL0 LEVEL1) [1]
Pruned:  0: (LOAD GOODS1 TRUCK1 MARKET1 LEVEL3 LEVEL4 LEVEL0 LEVEL1) [1]
Pruned:  0: (LOAD GOODS1 TRUCK1 MARKET1 LEVEL3 LEVEL4 LEVEL0 LEVEL1) [1]
Pruned:  0: (LOAD GOODS1 TRUCK1 MARKET1 LEVEL3 LEVEL4 LEVEL0 LEVEL1) [1]
Pruned:  0: (LOAD GOODS1 TRUCK1 MARKET1 LEVEL3 LEVEL4 LEVEL0 LEVEL1) [1]
Pruned:  0: (LOAD GOODS1 TRUCK1 MARKET1 LEVEL3 LEVEL4 LEVEL0 LEVEL1) [1]
Pruned:  0: (LOAD GOODS1 TRUCK1 MARKET1 LEVEL3 LEVEL4 LEVEL0 LEVEL1) [1]
Pruned:  0: (LOAD GOODS1 TRUCK1 MARKET1 LEVEL3 LEVEL4 LEVEL0 LEVEL1) [1]
Pruned:  0: (LOAD GOODS1 TRUCK1 MARKET1 LEVEL3 LEVEL4 LEVEL0 LEVEL1) [1]
Pruned:  0: (LOAD GOODS1 TRUCK1 MARKET1 LEVEL3 LEVEL4 LEVEL0 LEVEL1) [1]
Pruned:  0: (LOAD GOODS1 TRUCK1 MARKET1 LEVEL3 LEVEL4 LEVEL0 LEVEL1) [1]
Pruned:  0: (LOAD GOODS1 TRUCK1 MARKET1 LEVEL3 LEVEL4 LEVEL0 LEVEL1) [1]
Pruned:  0: (LOAD GOODS1 TRUCK1 MARKET1 LEVEL3 LEVEL4 LEVEL0 LEVEL1) [1]
Pruned:  0: (LOAD GOODS1 TRUCK1 MARKET1 LEVEL3 LEVEL4 LEVEL0 LEVEL1) [1]
Pruned:  0: (LOAD GOODS1 TRUCK1 MARKET1 LEVEL3 LEVEL4 LEVEL0 LEVEL1) [1]
Pruned:  0: (LOAD GOODS1 TRUCK1 MARKET1 LEVEL3 LEVEL4 LEVEL0 LEVEL1) [1]
Pruned:  0: (LOAD GOODS1 TRUCK1 MARKET1 LEVEL3 LEVEL4 LEVEL0 LEVEL1) [1]
Pruned:  0: (LOAD GOODS1 TRUCK1 MARKET1 LEVEL3 LEVEL4 LEVEL0 LEVEL1) [1]
Pruned:  0: (LOAD GOODS1 TRUCK1 MARKET1 LEVEL3 LEVEL4 LEVEL0 LEVEL1) [1]
Pruned:  0: (LOAD GOODS1 TRUCK1 MARKET1 LEVEL3 LEVEL4 LEVEL0 LEVEL1) [1]
Pruned:  0: (LOAD GOODS1 TRUCK1 MARKET1 LEVEL3 LEVEL4 LEVEL0 LEVEL1) [1]
Pruned:  0: (LOAD GOODS1 TRUCK1 MARKET1 LEVEL3 LEVEL4 LEVEL0 LEVEL1) [1]
Pruned:  0: (LOAD GOODS1 TRUCK1 MARKET1 LEVEL3 LEVEL4 LEVEL0 LEVEL1) [1]
Pruned:  0: (LOAD GOODS1 TRUCK1 MARKET1 LEVEL3 LEVEL4 LEVEL0 LEVEL1) [1]
Pruned:  0: (LOAD GOODS1 TRUCK1 MARKET1 LEVEL3 LEVEL4 LEVEL0 LEVEL1) [1]
Pruned:  0: (LOAD GOODS1 TRUCK1 MARKET1 LEVEL3 LEVEL4 LEVEL0 LEVEL1) [1]
Pruned:  0: (LOAD GOODS1 TRUCK1 MARKET1 LEVEL3 LEVEL4 LEVEL0 LEVEL1) [1]
Pruned:  0: (LOAD GOODS1 TRUCK1 MARKET1 LEVEL3 LEVEL4 LEVEL0 LEVEL1) [1]
Pruned:  0: (LOAD GOODS1 TRUCK1 MARKET1 LEVEL3 LEVEL4 LEVEL0 LEVEL1) [1]
Pruned:  0: (LOAD GOODS1 TRUCK1 MARKET1 LEVEL3 LEVEL4 LEVEL0 LEVEL1) [1]
Pruned:  0: (LOAD GOODS1 TRUCK1 MARKET1 LEVEL3 LEVEL4 LEVEL0 LEVEL1) [1]
Pruned:  0: (LOAD GOODS1 TRUCK1 MARKET1 LEVEL3 LEVEL4 LEVEL0 LEVEL1) [1]
Pruned:  0: (LOAD GOODS1 TRUCK1 MARKET1 LEVEL3 LEVEL4 LEVEL0 LEVEL1) [1]
Pruned:  0: (LOAD GOODS1 TRUCK1 MARKET1 LEVEL3 LEVEL4 LEVEL0 LEVEL1) [1]
Pruned:  0: (LOAD GOODS1 TRUCK1 MARKET1 LEVEL3 LEVEL4 LEVEL0 LEVEL1) [1]
Pruned:  0: (LOAD GOODS1 TRUCK1 MARKET1 LEVEL3 LEVEL4 LEVEL0 LEVEL1) [1]
Pruned:  0: (LOAD GOODS1 TRUCK1 MARKET1 LEVEL3 LEVEL4 LEVEL0 LEVEL1) [1]
Pruned:  0: (LOAD GOODS1 TRUCK1 MARKET1 LEVEL3 LEVEL4 LEVEL0 LEVEL1) [1]
Pruned:  0: (LOAD GOODS1 TRUCK1 MARKET1 LEVEL3 LEVEL4 LEVEL0 LEVEL1) [1]
Pruned:  0: (LOAD GOODS1 TRUCK1 MARKET1 LEVEL3 LEVEL4 LEVEL0 LEVEL1) [1]
Pruned:  0: (LOAD GOODS1 TRUCK1 MARKET1 LEVEL3 LEVEL4 LEVEL0 LEVEL1) [1]
Pruned:  0: (LOAD GOODS1 TRUCK1 MARKET1 LEVEL3 LEVEL4 LEVEL0 LEVEL1) [1]
Pruned:  0: (LOAD GOODS1 TRUCK1 MARKET1 LEVEL3 LEVEL4 LEVEL0 LEVEL1) [1]
Pruned:  0: (LOAD GOODS1 TRUCK1 MARKET1 LEVEL3 LEVEL4 LEVEL0 LEVEL1) [1]
Pruned:  0: (LOAD GOODS1 TRUCK1 MARKET1 LEVEL3 LEVEL4 LEVEL0 LEVEL1) [1]
Pruned:  0: (LOAD GOODS1 TRUCK1 MARKET1 LEVEL3 LEVEL4 LEVEL0 LEVEL1) [1]
Pruned:  0: (LOAD GOODS1 TRUCK1 MARKET1 LEVEL3 LEVEL4 LEVEL0 LEVEL1) [1]
Pruned:  0: (LOAD GOODS1 TRUCK1 MARKET1 LEVEL3 LEVEL4 LEVEL0 LEVEL1) [1]
Pruned:  0: (LOAD GOODS1 TRUCK1 MARKET1 LEVEL3 LEVEL4 LEVEL0 LEVEL1) [1]
Pruned:  0: (LOAD GOODS1 TRUCK1 MARKET1 LEVEL3 LEVEL4 LEVEL0 LEVEL1) [1]
Pruned:  0: (LOAD GOODS1 TRUCK1 MARKET1 LEVEL3 LEVEL4 LEVEL0 LEVEL1) [1]
Pruned:  0: (LOAD GOODS1 TRUCK1 MARKET1 LEVEL3 LEVEL4 LEVEL0 LEVEL1) [1]
Pruned:  0: (LOAD GOODS1 TRUCK1 MARKET1 LEVEL3 LEVEL4 LEVEL0 LEVEL1) [1]
Pruned:  0: (LOAD GOODS1 TRUCK1 MARKET1 LEVEL3 LEVEL4 LEVEL0 LEVEL1) [1]
Pruned:  0: (LOAD GOODS1 TRUCK1 MARKET1 LEVEL3 LEVEL4 LEVEL0 LEVEL1) [1]
Pruned:  0: (LOAD GOODS1 TRUCK1 MARKET1 LEVEL3 LEVEL4 LEVEL0 LEVEL1) [1]
Pruned:  0: (LOAD GOODS1 TRUCK1 MARKET1 LEVEL3 LEVEL4 LEVEL0 LEVEL1) [1]
Pruned:  0: (LOAD GOODS1 TRUCK1 MARKET1 LEVEL3 LEVEL4 LEVEL0 LEVEL1) [1]
Pruned:  0: (LOAD GOODS1 TRUCK1 MARKET1 LEVEL3 LEVEL4 LEVEL0 LEVEL1) [1]
Pruned:  0: (LOAD GOODS1 TRUCK1 MARKET1 LEVEL3 LEVEL4 LEVEL0 LEVEL1) [1]
Pruned:  0: (LOAD GOODS1 TRUCK1 MARKET1 LEVEL3 LEVEL4 LEVEL0 LEVEL1) [1]
Pruned:  0: (LOAD GOODS1 TRUCK1 MARKET1 LEVEL3 LEVEL4 LEVEL0 LEVEL1) [1]
Pruned:  0: (LOAD GOODS1 TRUCK1 MARKET1 LEVEL3 LEVEL4 LEVEL0 LEVEL1) [1]
Pruned:  0: (LOAD GOODS1 TRUCK1 MARKET1 LEVEL3 LEVEL4 LEVEL0 LEVEL1) [1]
Pruned:  0: (LOAD GOODS1 TRUCK1 MARKET1 LEVEL3 LEVEL4 LEVEL0 LEVEL1) [1]
Pruned:  0: (LOAD GOODS1 TRUCK1 MARKET1 LEVEL3 LEVEL4 LEVEL0 LEVEL1) [1]
Pruned:  0: (LOAD GOODS1 TRUCK1 MARKET1 LEVEL3 LEVEL4 LEVEL0 LEVEL1) [1]
Pruned:  0: (LOAD GOODS1 TRUCK1 MARKET1 LEVEL3 LEVEL4 LEVEL0 LEVEL1) [1]
Pruned:  0: (LOAD GOODS1 TRUCK1 MARKET1 LEVEL3 LEVEL4 LEVEL0 LEVEL1) [1]
Pruned:  0: (LOAD GOODS1 TRUCK1 MARKET1 LEVEL3 LEVEL4 LEVEL0 LEVEL1) [1]
Pruned:  0: (LOAD GOODS1 TRUCK1 MARKET1 LEVEL3 LEVEL4 LEVEL0 LEVEL1) [1]
Pruned:  0: (LOAD GOODS1 TRUCK1 MARKET1 LEVEL3 LEVEL4 LEVEL0 LEVEL1) [1]
Pruned:  0: (LOAD GOODS1 TRUCK1 MARKET1 LEVEL3 LEVEL4 LEVEL0 LEVEL1) [1]
Pruned:  0: (LOAD GOODS1 TRUCK1 MARKET1 LEVEL3 LEVEL4 LEVEL0 LEVEL1) [1]
Pruned:  0: (LOAD GOODS1 TRUCK1 MARKET1 LEVEL3 LEVEL4 LEVEL0 LEVEL1) [1]
Pruned:  0: (LOAD GOODS1 TRUCK1 MARKET1 LEVEL3 LEVEL4 LEVEL0 LEVEL1) [1]
Pruned:  0: (LOAD GOODS1 TRUCK1 MARKET1 LEVEL3 LEVEL4 LEVEL0 LEVEL1) [1]
Pruned:  0: (LOAD GOODS1 TRUCK1 MARKET1 LEVEL3 LEVEL4 LEVEL0 LEVEL1) [1]
Pruned:  0: (LOAD GOODS1 TRUCK1 MARKET1 LEVEL3 LEVEL4 LEVEL0 LEVEL1) [1]
Pruned:  0: (LOAD GOODS1 TRUCK1 MARKET1 LEVEL3 LEVEL4 LEVEL0 LEVEL1) [1]
Pruned:  0: (LOAD GOODS1 TRUCK1 MARKET1 LEVEL3 LEVEL4 LEVEL0 LEVEL1) [1]
Pruned:  0: (LOAD GOODS1 TRUCK1 MARKET1 LEVEL3 LEVEL4 LEVEL0 LEVEL1) [1]
Pruned:  0: (LOAD GOODS1 TRUCK1 MARKET1 LEVEL3 LEVEL4 LEVEL0 LEVEL1) [1]
Pruned:  0: (LOAD GOODS1 TRUCK1 MARKET1 LEVEL3 LEVEL4 LEVEL0 LEVEL1) [1]
Pruned:  0: (LOAD GOODS1 TRUCK1 MARKET1 LEVEL3 LEVEL4 LEVEL0 LEVEL1) [1]
Pruned:  0: (LOAD GOODS1 TRUCK1 MARKET1 LEVEL3 LEVEL4 LEVEL0 LEVEL1) [1]
Pruned:  0: (LOAD GOODS1 TRUCK1 MARKET1 LEVEL3 LEVEL4 LEVEL0 LEVEL1) [1]
Pruned:  0: (LOAD GOODS1 TRUCK1 MARKET1 LEVEL3 LEVEL4 LEVEL0 LEVEL1) [1]
Pruned:  0: (LOAD GOODS1 TRUCK1 MARKET1 LEVEL3 LEVEL4 LEVEL0 LEVEL1) [1]
Pruned:  0: (LOAD GOODS1 TRUCK1 MARKET1 LEVEL3 LEVEL4 LEVEL0 LEVEL1) [1]
Pruned:  0: (LOAD GOODS1 TRUCK1 MARKET1 LEVEL3 LEVEL4 LEVEL0 LEVEL1) [1]
Pruned:  0: (LOAD GOODS1 TRUCK1 MARKET1 LEVEL3 LEVEL4 LEVEL0 LEVEL1) [1]
Pruned:  0: (LOAD GOODS1 TRUCK1 MARKET1 LEVEL3 LEVEL4 LEVEL0 LEVEL1) [1]
Pruned:  0: (LOAD GOODS1 TRUCK1 MARKET1 LEVEL3 LEVEL4 LEVEL0 LEVEL1) [1]
Pruned:  0: (LOAD GOODS1 TRUCK1 MARKET1 LEVEL3 LEVEL4 LEVEL0 LEVEL1) [1]
Pruned:  0: (LOAD GOODS1 TRUCK1 MARKET1 LEVEL3 LEVEL4 LEVEL0 LEVEL1) [1]
Pruned:  0: (LOAD GOODS1 TRUCK1 MARKET1 LEVEL3 LEVEL4 LEVEL0 LEVEL1) [1]
Pruned:  0: (LOAD GOODS1 TRUCK1 MARKET1 LEVEL3 LEVEL4 LEVEL0 LEVEL1) [1]
Pruned:  0: (LOAD GOODS1 TRUCK1 MARKET1 LEVEL3 LEVEL4 LEVEL0 LEVEL1) [1]
Pruned:  0: (LOAD GOODS1 TRUCK1 MARKET1 LEVEL3 LEVEL4 LEVEL0 LEVEL1) [1]
Pruned:  0: (LOAD GOODS1 TRUCK1 MARKET1 LEVEL3 LEVEL4 LEVEL0 LEVEL1) [1]
Pruned:  0: (LOAD GOODS1 TRUCK1 MARKET1 LEVEL3 LEVEL4 LEVEL0 LEVEL1) [1]
Pruned:  0: (LOAD GOODS1 TRUCK1 MARKET1 LEVEL3 LEVEL4 LEVEL0 LEVEL1) [1]
Pruned:  0: (LOAD GOODS1 TRUCK1 MARKET1 LEVEL3 LEVEL4 LEVEL0 LEVEL1) [1]
Pruned:  0: (LOAD GOODS1 TRUCK1 MARKET1 LEVEL3 LEVEL4 LEVEL0 LEVEL1) [1]
Pruned:  0: (LOAD GOODS1 TRUCK1 MARKET1 LEVEL3 LEVEL4 LEVEL0 LEVEL1) [1]
Pruned:  0: (LOAD GOODS1 TRUCK1 MARKET1 LEVEL3 LEVEL4 LEVEL0 LEVEL1) [1]
Pruned:  0: (LOAD GOODS1 TRUCK1 MARKET1 LEVEL3 LEVEL4 LEVEL0 LEVEL1) [1]
Pruned:  0: (LOAD GOODS1 TRUCK1 MARKET1 LEVEL3 LEVEL4 LEVEL0 LEVEL1) [1]
Pruned:  0: (LOAD GOODS1 TRUCK1 MARKET1 LEVEL3 LEVEL4 LEVEL0 LEVEL1) [1]
Pruned:  0: (LOAD GOODS1 TRUCK1 MARKET1 LEVEL3 LEVEL4 LEVEL0 LEVEL1) [1]
Pruned:  0: (LOAD GOODS1 TRUCK1 MARKET1 LEVEL3 LEVEL4 LEVEL0 LEVEL1) [1]
Pruned:  0: (LOAD GOODS1 TRUCK1 MARKET1 LEVEL3 LEVEL4 LEVEL0 LEVEL1) [1]
Pruned:  0: (LOAD GOODS1 TRUCK1 MARKET1 LEVEL3 LEVEL4 LEVEL0 LEVEL1) [1]
Pruned:  0: (LOAD GOODS1 TRUCK1 MARKET1 LEVEL3 LEVEL4 LEVEL0 LEVEL1) [1]
Pruned:  0: (LOAD GOODS1 TRUCK1 MARKET1 LEVEL3 LEVEL4 LEVEL0 LEVEL1) [1]
Pruned:  0: (LOAD GOODS1 TRUCK1 MARKET1 LEVEL3 LEVEL4 LEVEL0 LEVEL1) [1]
Pruned:  0: (LOAD GOODS1 TRUCK1 MARKET1 LEVEL3 LEVEL4 LEVEL0 LEVEL1) [1]
Pruned:  0: (LOAD GOODS1 TRUCK1 MARKET1 LEVEL3 LEVEL4 LEVEL0 LEVEL1) [1]
Pruned:  0: (LOAD GOODS1 TRUCK1 MARKET1 LEVEL3 LEVEL4 LEVEL0 LEVEL1) [1]
Pruned:  0: (LOAD GOODS1 TRUCK1 MARKET1 LEVEL3 LEVEL4 LEVEL0 LEVEL1) [1]
Pruned:  0: (LOAD GOODS1 TRUCK1 MARKET1 LEVEL3 LEVEL4 LEVEL0 LEVEL1) [1]
Pruned:  0: (LOAD GOODS1 TRUCK1 MARKET1 LEVEL3 LEVEL4 LEVEL0 LEVEL1) [1]
Pruned:  0: (LOAD GOODS1 TRUCK1 MARKET1 LEVEL3 LEVEL4 LEVEL0 LEVEL1) [1]
Pruned:  0: (LOAD GOODS1 TRUCK1 MARKET1 LEVEL3 LEVEL4 LEVEL0 LEVEL1) [1]
Pruned:  0: (LOAD GOODS1 TRUCK1 MARKET1 LEVEL3 LEVEL4 LEVEL0 LEVEL1) [1]
Pruned:  0: (LOAD GOODS1 TRUCK1 MARKET1 LEVEL3 LEVEL4 LEVEL0 LEVEL1) [1]
Pruned:  0: (LOAD GOODS1 TRUCK1 MARKET1 LEVEL3 LEVEL4 LEVEL0 LEVEL1) [1]
Pruned:  0: (LOAD GOODS1 TRUCK1 MARKET1 LEVEL3 LEVEL4 LEVEL0 LEVEL1) [1]
Pruned:  0: (LOAD GOODS1 TRUCK1 MARKET1 LEVEL3 LEVEL4 LEVEL0 LEVEL1) [1]
Pruned:  0: (LOAD GOODS1 TRUCK1 MARKET1 LEVEL3 LEVEL4 LEVEL0 LEVEL1) [1]
Pruned:  0: (LOAD GOODS1 TRUCK1 MARKET1 LEVEL3 LEVEL4 LEVEL0 LEVEL1) [1]
Pruned:  0: (LOAD GOODS1 TRUCK1 MARKET1 LEVEL3 LEVEL4 LEVEL0 LEVEL1) [1]
Pruned:  0: (LOAD GOODS1 TRUCK1 MARKET1 LEVEL3 LEVEL4 LEVEL0 LEVEL1) [1]
Pruned:  0: (LOAD GOODS1 TRUCK1 MARKET1 LEVEL3 LEVEL4 LEVEL0 LEVEL1) [1]
Pruned:  0: (LOAD GOODS1 TRUCK1 MARKET1 LEVEL3 LEVEL4 LEVEL0 LEVEL1) [1]
Pruned:  0: (LOAD GOODS1 TRUCK1 MARKET1 LEVEL3 LEVEL4 LEVEL0 LEVEL1) [1]
Pruned:  0: (LOAD GOODS1 TRUCK1 MARKET1 LEVEL3 LEVEL4 LEVEL0 LEVEL1) [1]
Pruned:  0: (LOAD GOODS1 TRUCK1 MARKET1 LEVEL3 LEVEL4 LEVEL0 LEVEL1) [1]
Pruned:  0: (LOAD GOODS1 TRUCK1 MARKET1 LEVEL3 LEVEL4 LEVEL0 LEVEL1) [1]
Pruned:  0: (LOAD GOODS1 TRUCK1 MARKET1 LEVEL3 LEVEL4 LEVEL0 LEVEL1) [1]
Pruned:  0: (LOAD GOODS1 TRUCK1 MARKET1 LEVEL3 LEVEL4 LEVEL0 LEVEL1) [1]
Pruned:  0: (LOAD GOODS1 TRUCK1 MARKET1 LEVEL3 LEVEL4 LEVEL0 LEVEL1) [1]
Pruned:  0: (LOAD GOODS1 TRUCK1 MARKET1 LEVEL3 LEVEL4 LEVEL0 LEVEL1) [1]
Pruned:  0: (LOAD GOODS1 TRUCK1 MARKET1 LEVEL3 LEVEL4 LEVEL0 LEVEL1) [1]
Pruned:  0: (LOAD GOODS1 TRUCK1 MARKET1 LEVEL3 LEVEL4 LEVEL0 LEVEL1) [1]
Pruned:  0: (LOAD GOODS1 TRUCK1 MARKET1 LEVEL3 LEVEL4 LEVEL0 LEVEL1) [1]
Pruned:  0: (LOAD GOODS1 TRUCK1 MARKET1 LEVEL3 LEVEL4 LEVEL0 LEVEL1) [1]
Pruned:  0: (LOAD GOODS1 TRUCK1 MARKET1 LEVEL3 LEVEL4 LEVEL0 LEVEL1) [1]
Pruned:  0: (LOAD GOODS1 TRUCK1 MARKET1 LEVEL3 LEVEL4 LEVEL0 LEVEL1) [1]
Pruned:  0: (LOAD GOODS1 TRUCK1 MARKET1 LEVEL3 LEVEL4 LEVEL0 LEVEL1) [1]
Pruned:  0: (LOAD GOODS1 TRUCK1 MARKET1 LEVEL3 LEVEL4 LEVEL0 LEVEL1) [1]
Pruned:  0: (LOAD GOODS1 TRUCK1 MARKET1 LEVEL3 LEVEL4 LEVEL0 LEVEL1) [1]
Pruned:  0: (LOAD GOODS1 TRUCK1 MARKET1 LEVEL3 LEVEL4 LEVEL0 LEVEL1) [1]
Pruned:  0: (LOAD GOODS1 TRUCK1 MARKET1 LEVEL3 LEVEL4 LEVEL0 LEVEL1) [1]
Pruned:  0: (LOAD GOODS1 TRUCK1 MARKET1 LEVEL3 LEVEL4 LEVEL0 LEVEL1) [1]
Pruned:  0: (LOAD GOODS1 TRUCK1 MARKET1 LEVEL3 LEVEL4 LEVEL0 LEVEL1) [1]
Pruned:  0: (LOAD GOODS1 TRUCK1 MARKET1 LEVEL3 LEVEL4 LEVEL0 LEVEL1) [1]
Pruned:  0: (LOAD GOODS1 TRUCK1 MARKET1 LEVEL3 LEVEL4 LEVEL0 LEVEL1) [1]
Pruned:  0: (LOAD GOODS1 TRUCK1 MARKET1 LEVEL3 LEVEL4 LEVEL0 LEVEL1) [1]
Pruned:  0: (LOAD GOODS1 TRUCK1 MARKET1 LEVEL3 LEVEL4 LEVEL0 LEVEL1) [1]
Pruned:  0: (LOAD GOODS1 TRUCK1 MARKET1 LEVEL3 LEVEL4 LEVEL0 LEVEL1) [1]
Pruned:  0: (LOAD GOODS1 TRUCK1 MARKET1 LEVEL3 LEVEL4 LEVEL0 LEVEL1) [1]
Pruned:  0: (LOAD GOODS1 TRUCK1 MARKET1 LEVEL3 LEVEL4 LEVEL0 LEVEL1) [1]
Pruned:  0: (LOAD GOODS1 TRUCK1 MARKET1 LEVEL3 LEVEL4 LEVEL0 LEVEL1) [1]
Pruned:  0: (LOAD GOODS1 TRUCK1 MARKET1 LEVEL3 LEVEL4 LEVEL0 LEVEL1) [1]
Pruned:  0: (LOAD GOODS1 TRUCK1 MARKET1 LEVEL3 LEVEL4 LEVEL0 LEVEL1) [1]
Pruned:  0: (LOAD GOODS1 TRUCK1 MARKET1 LEVEL3 LEVEL4 LEVEL0 LEVEL1) [1]
Pruned:  0: (LOAD GOODS1 TRUCK1 MARKET1 LEVEL3 LEVEL4 LEVEL0 LEVEL1) [1]
Pruned:  0: (LOAD GOODS1 TRUCK1 MARKET1 LEVEL3 LEVEL4 LEVEL0 LEVEL1) [1]
Pruned:  0: (LOAD GOODS1 TRUCK1 MARKET1 LEVEL3 LEVEL4 LEVEL0 LEVEL1) [1]
Pruned:  0: (LOAD GOODS1 TRUCK1 MARKET1 LEVEL3 LEVEL4 LEVEL0 LEVEL1) [1]
Pruned:  0: (LOAD GOODS1 TRUCK1 MARKET1 LEVEL3 LEVEL4 LEVEL0 LEVEL1) [1]
Pruned:  0: (LOAD GOODS1 TRUCK1 MARKET1 LEVEL3 LEVEL4 LEVEL0 LEVEL1) [1]
Pruned:  0: (LOAD GOODS1 TRUCK1 MARKET1 LEVEL3 LEVEL4 LEVEL0 LEVEL1) [1]
Pruned:  0: (LOAD GOODS1 TRUCK1 MARKET1 LEVEL3 LEVEL4 LEVEL0 LEVEL1) [1]
Pruned:  0: (LOAD GOODS1 TRUCK1 MARKET1 LEVEL3 LEVEL4 LEVEL0 LEVEL1) [1]
Pruned:  0: (LOAD GOODS1 TRUCK1 MARKET1 LEVEL3 LEVEL4 LEVEL0 LEVEL1) [1]
Pruned:  0: (LOAD GOODS1 TRUCK1 MARKET1 LEVEL3 LEVEL4 LEVEL0 LEVEL1) [1]
Pruned:  0: (LOAD GOODS1 TRUCK1 MARKET1 LEVEL3 LEVEL4 LEVEL0 LEVEL1) [1]
Pruned:  0: (LOAD GOODS1 TRUCK1 MARKET1 LEVEL3 LEVEL4 LEVEL0 LEVEL1) [1]
Pruned:  0: (LOAD GOODS1 TRUCK1 MARKET1 LEVEL3 LEVEL4 LEVEL0 LEVEL1) [1]
Pruned:  0: (LOAD GOODS1 TRUCK1 MARKET1 LEVEL3 LEVEL4 LEVEL0 LEVEL1) [1]
Pruned:  0: (LOAD GOODS1 TRUCK1 MARKET1 LEVEL3 LEVEL4 LEVEL0 LEVEL1) [1]
Pruned:  0: (LOAD GOODS1 TRUCK1 MARKET1 LEVEL3 LEVEL4 LEVEL0 LEVEL1) [1]
Pruned:  0: (LOAD GOODS1 TRUCK1 MARKET1 LEVEL3 LEVEL4 LEVEL0 LEVEL1) [1]
Pruned:  0: (LOAD GOODS1 TRUCK1 MARKET1 LEVEL3 LEVEL4 LEVEL0 LEVEL1) [1]
Pruned:  0: (LOAD GOODS1 TRUCK1 MARKET1 LEVEL3 LEVEL4 LEVEL0 LEVEL1) [1]
Pruned:  0: (LOAD GOODS1 TRUCK1 MARKET1 LEVEL3 LEVEL4 LEVEL0 LEVEL1) [1]
Pruned:  0: (LOAD GOODS1 TRUCK1 MARKET1 LEVEL3 LEVEL4 LEVEL0 LEVEL1) [1]
Pruned:  0: (LOAD GOODS1 TRUCK1 MARKET1 LEVEL3 LEVEL4 LEVEL0 LEVEL1) [1]
Pruned:  0: (LOAD GOODS1 TRUCK1 MARKET1 LEVEL3 LEVEL4 LEVEL0 LEVEL1) [1]
Pruned:  0: (LOAD GOODS1 TRUCK1 MARKET1 LEVEL3 LEVEL4 LEVEL0 LEVEL1) [1]
Pruned:  0: (LOAD GOODS1 TRUCK1 MARKET1 LEVEL3 LEVEL4 LEVEL0 LEVEL1) [1]
Pruned:  0: (LOAD GOODS1 TRUCK1 MARKET1 LEVEL3 LEVEL4 LEVEL0 LEVEL1) [1]
Pruned:  0: (LOAD GOODS1 TRUCK1 MARKET1 LEVEL3 LEVEL4 LEVEL0 LEVEL1) [1]
Pruned:  0: (LOAD GOODS1 TRUCK1 MARKET1 LEVEL3 LEVEL4 LEVEL0 LEVEL1) [1]
Pruned:  0: (LOAD GOODS1 TRUCK1 MARKET1 LEVEL3 LEVEL4 LEVEL0 LEVEL1) [1]
Pruned:  0: (LOAD GOODS1 TRUCK1 MARKET1 LEVEL3 LEVEL4 LEVEL0 LEVEL1) [1]
Pruned:  0: (LOAD GOODS1 TRUCK1 MARKET1 LEVEL3 LEVEL4 LEVEL0 LEVEL1) [1]
Pruned:  0: (LOAD GOODS1 TRUCK1 MARKET1 LEVEL3 LEVEL4 LEVEL0 LEVEL1) [1]
Pruned:  0: (LOAD GOODS1 TRUCK1 MARKET1 LEVEL3 LEVEL4 LEVEL0 LEVEL1) [1]
Pruned:  0: (LOAD GOODS1 TRUCK1 MARKET1 LEVEL3 LEVEL4 LEVEL0 LEVEL1) [1]
Pruned:  0: (LOAD GOODS1 TRUCK1 MARKET1 LEVEL3 LEVEL4 LEVEL0 LEVEL1) [1]
Pruned:  0: (LOAD GOODS1 TRUCK1 MARKET1 LEVEL3 LEVEL4 LEVEL0 LEVEL1) [1]
Pruned:  0: (LOAD GOODS1 TRUCK1 MARKET1 LEVEL3 LEVEL4 LEVEL0 LEVEL1) [1]
Pruned:  0: (LOAD GOODS1 TRUCK1 MARKET1 LEVEL3 LEVEL4 LEVEL0 LEVEL1) [1]
Pruned:  0: (LOAD GOODS1 TRUCK1 MARKET1 LEVEL3 LEVEL4 LEVEL0 LEVEL1) [1]
Pruned:  0: (LOAD GOODS1 TRUCK1 MARKET1 LEVEL3 LEVEL4 LEVEL0 LEVEL1) [1]
Pruned:  0: (LOAD GOODS1 TRUCK1 MARKET1 LEVEL3 LEVEL4 LEVEL0 LEVEL1) [1]
Pruned:  0: (LOAD GOODS1 TRUCK1 MARKET1 LEVEL3 LEVEL4 LEVEL0 LEVEL1) [1]
Pruned:  0: (LOAD GOODS1 TRUCK1 MARKET1 LEVEL3 LEVEL4 LEVEL0 LEVEL1) [1]
Pruned:  0: (LOAD GOODS1 TRUCK1 MARKET1 LEVEL3 LEVEL4 LEVEL0 LEVEL1) [1]
Pruned:  0: (LOAD GOODS1 TRUCK1 MARKET1 LEVEL3 LEVEL4 LEVEL0 LEVEL1) [1]
Pruned:  0: (LOAD GOODS1 TRUCK1 MARKET1 LEVEL3 LEVEL4 LEVEL0 LEVEL1) [1]
Pruned:  0: (LOAD GOODS1 TRUCK1 MARKET1 LEVEL3 LEVEL4 LEVEL0 LEVEL1) [1]
Pruned:  0: (LOAD GOODS1 TRUCK1 MARKET1 LEVEL3 LEVEL4 LEVEL0 LEVEL1) [1]
Pruned:  0: (LOAD GOODS1 TRUCK1 MARKET1 LEVEL3 LEVEL4 LEVEL0 LEVEL1) [1]
Pruned:  0: (LOAD GOODS1 TRUCK1 MARKET1 LEVEL3 LEVEL4 LEVEL0 LEVEL1) [1]
Pruned:  0: (LOAD GOODS1 TRUCK1 MARKET1 LEVEL3 LEVEL4 LEVEL0 LEVEL1) [1]
Pruned:  0: (LOAD GOODS1 TRUCK1 MARKET1 LEVEL3 LEVEL4 LEVEL0 LEVEL1) [1]
Pruned:  0: (LOAD GOODS1 TRUCK1 MARKET1 LEVEL3 LEVEL4 LEVEL0 LEVEL1) [1]
Pruned:  0: (LOAD GOODS1 TRUCK1 MARKET1 LEVEL3 LEVEL4 LEVEL0 LEVEL1) [1]
Pruned:  0: (LOAD GOODS1 TRUCK1 MARKET1 LEVEL3 LEVEL4 LEVEL0 LEVEL1) [1]
Pruned:  0: (LOAD GOODS1 TRUCK1 MARKET1 LEVEL3 LEVEL4 LEVEL0 LEVEL1) [1]
Pruned:  0: (LOAD GOODS1 TRUCK1 MARKET1 LEVEL3 LEVEL4 LEVEL0 LEVEL1) [1]
Pruned:  0: (LOAD GOODS1 TRUCK1 MARKET1 LEVEL3 LEVEL4 LEVEL0 LEVEL1) [1]
Pruned:  0: (LOAD GOODS1 TRUCK1 MARKET1 LEVEL3 LEVEL4 LEVEL0 LEVEL1) [1]
Pruned:  0: (LOAD GOODS1 TRUCK1 MARKET1 LEVEL3 LEVEL4 LEVEL0 LEVEL1) [1]
Pruned:  0: (LOAD GOODS1 TRUCK1 MARKET1 LEVEL3 LEVEL4 LEVEL0 LEVEL1) [1]
Pruned:  0: (LOAD GOODS1 TRUCK1 MARKET1 LEVEL3 LEVEL4 LEVEL0 LEVEL1) [1]
Pruned:  0: (LOAD GOODS1 TRUCK1 MARKET1 LEVEL3 LEVEL4 LEVEL0 LEVEL1) [1]
Pruned:  0: (LOAD GOODS1 TRUCK1 MARKET1 LEVEL3 LEVEL4 LEVEL0 LEVEL1) [1]
Pruned:  0: (LOAD GOODS1 TRUCK1 MARKET1 LEVEL3 LEVEL4 LEVEL0 LEVEL1) [1]
Pruned:  0: (LOAD GOODS1 TRUCK1 MARKET1 LEVEL3 LEVEL4 LEVEL0 LEVEL1) [1]
Pruned:  0: (LOAD GOODS1 TRUCK1 MARKET1 LEVEL3 LEVEL4 LEVEL0 LEVEL1) [1]
Pruned:  0: (LOAD GOODS1 TRUCK1 MARKET1 LEVEL3 LEVEL4 LEVEL0 LEVEL1) [1]
Pruned:  0: (LOAD GOODS1 TRUCK1 MARKET1 LEVEL3 LEVEL4 LEVEL0 LEVEL1) [1]
Pruned:  0: (LOAD GOODS1 TRUCK1 MARKET1 LEVEL3 LEVEL4 LEVEL0 LEVEL1) [1]
Pruned:  0: (LOAD GOODS1 TRUCK1 MARKET1 LEVEL3 LEVEL4 LEVEL0 LEVEL1) [1]
Pruned:  0: (LOAD GOODS1 TRUCK1 MARKET1 LEVEL3 LEVEL4 LEVEL0 LEVEL1) [1]
Pruned:  0: (LOAD GOODS1 TRUCK1 MARKET1 LEVEL3 LEVEL4 LEVEL0 LEVEL1) [1]
Pruned:  0: (LOAD GOODS1 TRUCK1 MARKET1 LEVEL3 LEVEL4 LEVEL0 LEVEL1) [1]
Pruned:  0: (LOAD GOODS1 TRUCK1 MARKET1 LEVEL3 LEVEL4 LEVEL0 LEVEL1) [1]
Pruned:  0: (LOAD GOODS1 TRUCK1 MARKET1 LEVEL3 LEVEL4 LEVEL0 LEVEL1) [1]
Pruned:  0: (LOAD GOODS1 TRUCK1 MARKET1 LEVEL3 LEVEL4 LEVEL0 LEVEL1) [1]
Pruned:  0: (LOAD GOODS1 TRUCK1 MARKET1 LEVEL3 LEVEL4 LEVEL0 LEVEL1) [1]
Pruned:  0: (LOAD GOODS1 TRUCK1 MARKET1 LEVEL3 LEVEL4 LEVEL0 LEVEL1) [1]
Pruned:  0: (LOAD GOODS1 TRUCK1 MARKET1 LEVEL3 LEVEL4 LEVEL0 LEVEL1) [1]
Pruned:  0: (LOAD GOODS1 TRUCK1 MARKET1 LEVEL3 LEVEL4 LEVEL0 LEVEL1) [1]
Pruned:  0: (LOAD GOODS1 TRUCK1 MARKET1 LEVEL3 LEVEL4 LEVEL0 LEVEL1) [1]
Pruned:  0: (LOAD GOODS1 TRUCK1 MARKET1 LEVEL3 LEVEL4 LEVEL0 LEVEL1) [1]
Pruned:  0: (LOAD GOODS1 TRUCK1 MARKET1 LEVEL3 LEVEL4 LEVEL0 LEVEL1) [1]
Pruned:  0: (LOAD GOODS1 TRUCK1 MARKET1 LEVEL3 LEVEL4 LEVEL0 LEVEL1) [1]
Pruned:  0: (LOAD GOODS1 TRUCK1 MARKET1 LEVEL3 LEVEL4 LEVEL0 LEVEL1) [1]
Pruned:  0: (LOAD GOODS1 TRUCK1 MARKET1 LEVEL3 LEVEL4 LEVEL0 LEVEL1) [1]
Pruned:  0: (LOAD GOODS1 TRUCK1 MARKET1 LEVEL3 LEVEL4 LEVEL0 LEVEL1) [1]
Pruned:  0: (LOAD GOODS1 TRUCK1 MARKET1 LEVEL3 LEVEL4 LEVEL0 LEVEL1) [1]
Pruned:  0: (LOAD GOODS1 TRUCK1 MARKET1 LEVEL3 LEVEL4 LEVEL0 LEVEL1) [1]
Pruned:  0: (LOAD GOODS1 TRUCK1 MARKET1 LEVEL3 LEVEL4 LEVEL0 LEVEL1) [1]
Pruned:  0: (LOAD GOODS1 TRUCK1 MARKET1 LEVEL3 LEVEL4 LEVEL0 LEVEL1) [1]
Pruned:  0: (LOAD GOODS1 TRUCK1 MARKET1 LEVEL3 LEVEL4 LEVEL0 LEVEL1) [1]
Pruned:  0: (LOAD GOODS1 TRUCK1 MARKET1 LEVEL3 LEVEL4 LEVEL0 LEVEL1) [1]
Pruned:  0: (LOAD GOODS1 TRUCK1 MARKET1 LEVEL3 LEVEL4 LEVEL0 LEVEL1) [1]
Pruned:  0: (LOAD GOODS1 TRUCK1 MARKET1 LEVEL3 LEVEL4 LEVEL0 LEVEL1) [1]
Pruned:  0: (LOAD GOODS1 TRUCK1 MARKET1 LEVEL3 LEVEL4 LEVEL0 LEVEL1) [1]
Pruned:  0: (LOAD GOODS1 TRUCK1 MARKET1 LEVEL3 LEVEL4 LEVEL0 LEVEL1) [1]
Pruned:  0: (LOAD GOODS1 TRUCK1 MARKET1 LEVEL3 LEVEL4 LEVEL0 LEVEL1) [1]
Pruned:  0: (LOAD GOODS1 TRUCK1 MARKET1 LEVEL3 LEVEL4 LEVEL0 LEVEL1) [1]
Pruned:  0: (LOAD GOODS1 TRUCK1 MARKET1 LEVEL3 LEVEL4 LEVEL0 LEVEL1) [1]
Pruned:  0: (LOAD GOODS1 TRUCK1 MARKET1 LEVEL3 LEVEL4 LEVEL0 LEVEL1) [1]
Pruned:  0: (LOAD GOODS1 TRUCK1 MARKET1 LEVEL3 LEVEL4 LEVEL0 LEVEL1) [1]
Pruned:  0: (LOAD GOODS1 TRUCK1 MARKET1 LEVEL3 LEVEL4 LEVEL0 LEVEL1) [1]
Pruned:  0: (LOAD GOODS1 TRUCK1 MARKET1 LEVEL3 LEVEL4 LEVEL0 LEVEL1) [1]
Pruned:  0: (LOAD GOODS1 TRUCK1 MARKET1 LEVEL3 LEVEL4 LEVEL0 LEVEL1) [1]
Pruned:  0: (LOAD GOODS1 TRUCK1 MARKET1 LEVEL3 LEVEL4 LEVEL0 LEVEL1) [1]
Pruned:  0: (LOAD GOODS1 TRUCK1 MARKET1 LEVEL3 LEVEL4 LEVEL0 LEVEL1) [1]
Pruned:  0: (LOAD GOODS1 TRUCK1 MARKET1 LEVEL3 LEVEL4 LEVEL0 LEVEL1) [1]
Pruned:  0: (LOAD GOODS1 TRUCK1 MARKET1 LEVEL3 LEVEL4 LEVEL0 LEVEL1) [1]
Pruned:  0: (LOAD GOODS1 TRUCK1 MARKET1 LEVEL3 LEVEL4 LEVEL0 LEVEL1) [1]
Pruned:  0: (LOAD GOODS1 TRUCK1 MARKET1 LEVEL3 LEVEL4 LEVEL0 LEVEL1) [1]
Pruned:  0: (LOAD GOODS1 TRUCK1 MARKET1 LEVEL3 LEVEL4 LEVEL0 LEVEL1) [1]
Pruned:  0: (LOAD GOODS1 TRUCK1 MARKET1 LEVEL3 LEVEL4 LEVEL0 LEVEL1) [1]
Pruned:  0: (LOAD GOODS1 TRUCK1 MARKET1 LEVEL3 LEVEL4 LEVEL0 LEVEL1) [1]
Pruned:  0: (LOAD GOODS1 TRUCK1 MARKET1 LEVEL3 LEVEL4 LEVEL0 LEVEL1) [1]
Pruned:  0: (LOAD GOODS1 TRUCK1 MARKET1 LEVEL3 LEVEL4 LEVEL0 LEVEL1) [1]
Pruned:  0: (LOAD GOODS1 TRUCK1 MARKET1 LEVEL3 LEVEL4 LEVEL0 LEVEL1) [1]
Pruned:  0: (LOAD GOODS1 TRUCK1 MARKET1 LEVEL3 LEVEL4 LEVEL0 LEVEL1) [1]
Pruned:  0: (LOAD GOODS1 TRUCK1 MARKET1 LEVEL3 LEVEL4 LEVEL0 LEVEL1) [1]
Pruned:  0: (LOAD GOODS1 TRUCK1 MARKET1 LEVEL3 LEVEL4 LEVEL0 LEVEL1) [1]
Pruned:  0: (LOAD GOODS1 TRUCK1 MARKET1 LEVEL3 LEVEL4 LEVEL0 LEVEL1) [1]
Pruned:  0: (LOAD GOODS1 TRUCK1 MARKET1 LEVEL3 LEVEL4 LEVEL0 LEVEL1) [1]
Pruned:  0: (LOAD GOODS1 TRUCK1 MARKET1 LEVEL3 LEVEL4 LEVEL0 LEVEL1) [1]
Pruned:  0: (LOAD GOODS1 TRUCK1 MARKET1 LEVEL3 LEVEL4 LEVEL0 LEVEL1) [1]
Pruned:  0: (LOAD GOODS1 TRUCK1 MARKET1 LEVEL3 LEVEL4 LEVEL0 LEVEL1) [1]
Pruned:  0: (LOAD GOODS1 TRUCK1 MARKET1 LEVEL3 LEVEL4 LEVEL0 LEVEL1) [1]
Pruned:  0: (LOAD GOODS1 TRUCK1 MARKET1 LEVEL3 LEVEL4 LEVEL0 LEVEL1) [1]
Pruned:  0: (LOAD GOODS1 TRUCK1 MARKET1 LEVEL3 LEVEL4 LEVEL0 LEVEL1) [1]
Pruned:  0: (LOAD GOODS1 TRUCK1 MARKET1 LEVEL3 LEVEL4 LEVEL0 LEVEL1) [1]
Pruned:  0: (LOAD GOODS1 TRUCK1 MARKET1 LEVEL3 LEVEL4 LEVEL0 LEVEL1) [1]
Pruned:  0: (LOAD GOODS1 TRUCK1 MARKET1 LEVEL3 LEVEL4 LEVEL0 LEVEL1) [1]
Pruned:  0: (LOAD GOODS1 TRUCK1 MARKET1 LEVEL3 LEVEL4 LEVEL0 LEVEL1) [1]
Pruned:  0: (LOAD GOODS1 TRUCK1 MARKET1 LEVEL3 LEVEL4 LEVEL0 LEVEL1) [1]
Pruned:  0: (LOAD GOODS1 TRUCK1 MARKET1 LEVEL3 LEVEL4 LEVEL0 LEVEL1) [1]
Pruned:  0: (LOAD GOODS1 TRUCK1 MARKET1 LEVEL3 LEVEL4 LEVEL0 LEVEL1) [1]
Pruned:  0: (LOAD GOODS1 TRUCK1 MARKET1 LEVEL3 LEVEL4 LEVEL0 LEVEL1) [1]
Pruned:  0: (LOAD GOODS1 TRUCK1 MARKET1 LEVEL3 LEVEL4 LEVEL0 LEVEL1) [1]
Pruned:  0: (LOAD GOODS1 TRUCK1 MARKET1 LEVEL3 LEVEL4 LEVEL0 LEVEL1) [1]
Pruned:  0: (LOAD GOODS1 TRUCK1 MARKET1 LEVEL3 LEVEL4 LEVEL0 LEVEL1) [1]
Pruned:  0: (LOAD GOODS1 TRUCK1 MARKET1 LEVEL3 LEVEL4 LEVEL0 LEVEL1) [1]
Pruned:  0: (LOAD GOODS1 TRUCK1 MARKET1 LEVEL3 LEVEL4 LEVEL0 LEVEL1) [1]
Pruned:  0: (LOAD GOODS1 TRUCK1 MARKET1 LEVEL3 LEVEL4 LEVEL0 LEVEL1) [1]
Pruned:  0: (LOAD GOODS1 TRUCK1 MARKET1 LEVEL3 LEVEL4 LEVEL0 LEVEL1) [1]
Pruned:  0: (LOAD GOODS1 TRUCK1 MARKET1 LEVEL3 LEVEL4 LEVEL0 LEVEL1) [1]
Pruned:  0: (LOAD GOODS1 TRUCK1 MARKET1 LEVEL3 LEVEL4 LEVEL0 LEVEL1) [1]
Pruned:  0: (LOAD GOODS1 TRUCK1 MARKET1 LEVEL3 LEVEL4 LEVEL0 LEVEL1) [1]
Pruned:  0: (LOAD GOODS1 TRUCK1 MARKET1 LEVEL3 LEVEL4 LEVEL0 LEVEL1) [1]
Pruned:  0: (LOAD GOODS1 TRUCK1 MARKET1 LEVEL3 LEVEL4 LEVEL0 LEVEL1) [1]
Pruned:  0: (LOAD GOODS1 TRUCK1 MARKET1 LEVEL3 LEVEL4 LEVEL0 LEVEL1) [1]
Pruned:  0: (LOAD GOODS1 TRUCK1 MARKET1 LEVEL3 LEVEL4 LEVEL0 LEVEL1) [1]
Pruned:  0: (LOAD GOODS1 TRUCK1 MARKET1 LEVEL3 LEVEL4 LEVEL0 LEVEL1) [1]
Pruned:  0: (LOAD GOODS1 TRUCK1 MARKET1 LEVEL3 LEVEL4 LEVEL0 LEVEL1) [1]
Pruned:  0: (LOAD GOODS1 TRUCK1 MARKET1 LEVEL3 LEVEL4 LEVEL0 LEVEL1) [1]
Pruned:  0: (LOAD GOODS1 TRUCK1 MARKET1 LEVEL3 LEVEL4 LEVEL0 LEVEL1) [1]
Pruned:  0: (LOAD GOODS1 TRUCK1 MARKET1 LEVEL3 LEVEL4 LEVEL0 LEVEL1) [1]
Pruned:  0: (LOAD GOODS1 TRUCK1 MARKET1 LEVEL3 LEVEL4 LEVEL0 LEVEL1) [1]
Pruned:  0: (LOAD GOODS1 TRUCK1 MARKET1 LEVEL3 LEVEL4 LEVEL0 LEVEL1) [1]
Pruned:  0: (LOAD GOODS1 TRUCK1 MARKET1 LEVEL3 LEVEL4 LEVEL0 LEVEL1) [1]
Pruned:  0: (LOAD GOODS1 TRUCK1 MARKET1 LEVEL3 LEVEL4 LEVEL0 LEVEL1) [1]
Pruned:  0: (LOAD GOODS1 TRUCK1 MARKET1 LEVEL3 LEVEL4 LEVEL0 LEVEL1) [1]
Pruned:  0: (LOAD GOODS1 TRUCK1 MARKET1 LEVEL3 LEVEL4 LEVEL0 LEVEL1) [1]
Pruned:  0: (LOAD GOODS1 TRUCK1 MARKET1 LEVEL3 LEVEL4 LEVEL0 LEVEL1) [1]
Pruned:  0: (LOAD GOODS1 TRUCK1 MARKET1 LEVEL3 LEVEL4 LEVEL0 LEVEL1) [1]
Pruned:  0: (LOAD GOODS1 TRUCK1 MARKET1 LEVEL3 LEVEL4 LEVEL0 LEVEL1) [1]
Pruned:  0: (LOAD GOODS1 TRUCK1 MARKET1 LEVEL3 LEVEL4 LEVEL0 LEVEL1) [1]
Pruned:  0: (LOAD GOODS1 TRUCK1 MARKET1 LEVEL3 LEVEL4 LEVEL0 LEVEL1) [1]
Pruned:  0: (LOAD GOODS1 TRUCK1 MARKET1 LEVEL3 LEVEL4 LEVEL0 LEVEL1) [1]
Pruned:  0: (LOAD GOODS1 TRUCK1 MARKET1 LEVEL3 LEVEL4 LEVEL0 LEVEL1) [1]
Pruned:  0: (LOAD GOODS1 TRUCK1 MARKET1 LEVEL3 LEVEL4 LEVEL0 LEVEL1) [1]
Pruned:  0: (LOAD GOODS1 TRUCK1 MARKET1 LEVEL3 LEVEL4 LEVEL0 LEVEL1) [1]
Pruned:  0: (LOAD GOODS1 TRUCK1 MARKET1 LEVEL3 LEVEL4 LEVEL0 LEVEL1) [1]
Pruned:  0: (LOAD GOODS1 TRUCK1 MARKET1 LEVEL3 LEVEL4 LEVEL0 LEVEL1) [1]
Pruned:  0: (LOAD GOODS1 TRUCK1 MARKET1 LEVEL3 LEVEL4 LEVEL0 LEVEL1) [1]
Pruned:  0: (LOAD GOODS1 TRUCK1 MARKET1 LEVEL3 LEVEL4 LEVEL0 LEVEL1) [1]
Pruned:  0: (LOAD GOODS1 TRUCK1 MARKET1 LEVEL3 LEVEL4 LEVEL0 LEVEL1) [1]
Pruned:  0: (LOAD GOODS1 TRUCK1 MARKET1 LEVEL3 LEVEL4 LEVEL0 LEVEL1) [1]
Pruned:  0: (LOAD GOODS1 TRUCK1 MARKET1 LEVEL3 LEVEL4 LEVEL0 LEVEL1) [1]
Pruned:  0: (LOAD GOODS1 TRUCK1 MARKET1 LEVEL3 LEVEL4 LEVEL0 LEVEL1) [1]
Pruned:  0: (LOAD GOODS1 TRUCK1 MARKET1 LEVEL3 LEVEL4 LEVEL0 LEVEL1) [1]
Pruned:  0: (LOAD GOODS1 TRUCK1 MARKET1 LEVEL3 LEVEL4 LEVEL0 LEVEL1) [1]
Pruned:  0: (LOAD GOODS1 TRUCK1 MARKET1 LEVEL3 LEVEL4 LEVEL0 LEVEL1) [1]
Pruned:  0: (LOAD GOODS1 TRUCK1 MARKET1 LEVEL3 LEVEL4 LEVEL0 LEVEL1) [1]
Pruned:  0: (LOAD GOODS1 TRUCK1 MARKET1 LEVEL3 LEVEL4 LEVEL0 LEVEL1) [1]
Pruned:  0: (LOAD GOODS1 TRUCK1 MARKET1 LEVEL3 LEVEL4 LEVEL0 LEVEL1) [1]
Pruned:  0: (LOAD GOODS1 TRUCK1 MARKET1 LEVEL3 LEVEL4 LEVEL0 LEVEL1) [1]
Pruned:  0: (LOAD GOODS1 TRUCK1 MARKET1 LEVEL3 LEVEL4 LEVEL0 LEVEL1) [1]
Pruned:  0: (LOAD GOODS1 TRUCK1 MARKET1 LEVEL3 LEVEL4 LEVEL0 LEVEL1) [1]
Pruned:  0: (LOAD GOODS1 TRUCK1 MARKET1 LEVEL3 LEVEL4 LEVEL0 LEVEL1) [1]
Pruned:  0: (LOAD GOODS1 TRUCK1 MARKET1 LEVEL3 LEVEL4 LEVEL0 LEVEL1) [1]
Pruned:  0: (LOAD GOODS1 TRUCK1 MARKET1 LEVEL3 LEVEL4 LEVEL0 LEVEL1) [1]
Pruned:  0: (LOAD GOODS1 TRUCK1 MARKET1 LEVEL3 LEVEL4 LEVEL0 LEVEL1) [1]
Pruned:  0: (LOAD GOODS1 TRUCK1 MARKET1 LEVEL3 LEVEL4 LEVEL0 LEVEL1) [1]
Pruned:  0: (LOAD GOODS1 TRUCK1 MARKET1 LEVEL3 LEVEL4 LEVEL0 LEVEL1) [1]
Pruned:  0: (LOAD GOODS1 TRUCK1 MARKET1 LEVEL3 LEVEL4 LEVEL0 LEVEL1) [1]
Pruned:  0: (LOAD GOODS1 TRUCK1 MARKET1 LEVEL3 LEVEL4 LEVEL0 LEVEL1) [1]
Pruned:  0: (LOAD GOODS1 TRUCK1 MARKET1 LEVEL3 LEVEL4 LEVEL0 LEVEL1) [1]
Pruned:  0: (LOAD GOODS1 TRUCK1 MARKET1 LEVEL3 LEVEL4 LEVEL0 LEVEL1) [1]
Pruned:  0: (LOAD GOODS1 TRUCK1 MARKET1 LEVEL3 LEVEL4 LEVEL0 LEVEL1) [1]
Pruned:  0: (LOAD GOODS1 TRUCK1 MARKET1 LEVEL3 LEVEL4 LEVEL0 LEVEL1) [1]
Pruned:  0: (LOAD GOODS1 TRUCK1 MARKET1 LEVEL3 LEVEL4 LEVEL0 LEVEL1) [1]
Pruned:  0: (LOAD GOODS1 TRUCK1 MARKET1 LEVEL3 LEVEL4 LEVEL0 LEVEL1) [1]
Pruned:  0: (LOAD GOODS1 TRUCK1 MARKET1 LEVEL3 LEVEL4 LEVEL0 LEVEL1) [1]
Pruned:  0: (LOAD GOODS1 TRUCK1 MARKET1 LEVEL3 LEVEL4 LEVEL0 LEVEL1) [1]
Pruned:  0: (LOAD GOODS1 TRUCK1 MARKET1 LEVEL3 LEVEL4 LEVEL0 LEVEL1) [1]
Pruned:  0: (LOAD GOODS1 TRUCK1 MARKET1 LEVEL3 LEVEL4 LEVEL0 LEVEL1) [1]
Pruned:  0: (LOAD GOODS1 TRUCK1 MARKET1 LEVEL3 LEVEL4 LEVEL0 LEVEL1) [1]
Pruned:  0: (LOAD GOODS1 TRUCK1 MARKET1 LEVEL3 LEVEL4 LEVEL0 LEVEL1) [1]
Pruned:  0: (LOAD GOODS1 TRUCK1 MARKET1 LEVEL3 LEVEL4 LEVEL0 LEVEL1) [1]
Pruned:  0: (LOAD GOODS1 TRUCK1 MARKET1 LEVEL3 LEVEL4 LEVEL0 LEVEL1) [1]
Pruned:  0: (LOAD GOODS1 TRUCK1 MARKET1 LEVEL3 LEVEL4 LEVEL0 LEVEL1) [1]
Pruned:  0: (LOAD GOODS1 TRUCK1 MARKET1 LEVEL3 LEVEL4 LEVEL0 LEVEL1) [1]
Pruned:  0: (LOAD GOODS1 TRUCK1 MARKET1 LEVEL3 LEVEL4 LEVEL0 LEVEL1) [1]
Pruned:  0: (LOAD GOODS1 TRUCK1 MARKET1 LEVEL3 LEVEL4 LEVEL0 LEVEL1) [1]
Pruned:  0: (LOAD GOODS1 TRUCK1 MARKET1 LEVEL3 LEVEL4 LEVEL0 LEVEL1) [1]
Pruned:  0: (LOAD GOODS1 TRUCK1 MARKET1 LEVEL3 LEVEL4 LEVEL0 LEVEL1) [1]
Pruned:  0: (LOAD GOODS1 TRUCK1 MARKET1 LEVEL3 LEVEL4 LEVEL0 LEVEL1) [1]
Pruned:  0: (LOAD GOODS1 TRUCK1 MARKET1 LEVEL3 LEVEL4 LEVEL0 LEVEL1) [1]
Pruned:  0: (LOAD GOODS1 TRUCK1 MARKET1 LEVEL3 LEVEL4 LEVEL0 LEVEL1) [1]
Pruned:  0: (LOAD GOODS1 TRUCK1 MARKET1 LEVEL3 LEVEL4 LEVEL0 LEVEL1) [1]
Pruned:  0: (LOAD GOODS1 TRUCK1 MARKET1 LEVEL3 LEVEL4 LEVEL0 LEVEL1) [1]
Pruned:  0: (LOAD GOODS1 TRUCK1 MARKET1 LEVEL3 LEVEL4 LEVEL0 LEVEL1) [1]
Pruned:  0: (LOAD GOODS1 TRUCK1 MARKET1 LEVEL3 LEVEL4 LEVEL0 LEVEL1) [1]
Pruned:  0: (LOAD GOODS1 TRUCK1 MARKET1 LEVEL3 LEVEL4 LEVEL0 LEVEL1) [1]
Pruned:  0: (LOAD GOODS1 TRUCK1 MARKET1 LEVEL3 LEVEL4 LEVEL0 LEVEL1) [1]
Pruned:  0: (LOAD GOODS1 TRUCK1 MARKET1 LEVEL3 LEVEL4 LEVEL0 LEVEL1) [1]
Pruned:  0: (LOAD GOODS1 TRUCK1 MARKET1 LEVEL3 LEVEL4 LEVEL0 LEVEL1) [1]
Pruned:  0: (LOAD GOODS1 TRUCK1 MARKET1 LEVEL3 LEVEL4 LEVEL0 LEVEL1) [1]
Pruned:  0: (LOAD GOODS1 TRUCK1 MARKET1 LEVEL3 LEVEL4 LEVEL0 LEVEL1) [1]
Pruned:  0: (LOAD GOODS1 TRUCK1 MARKET1 LEVEL3 LEVEL4 LEVEL0 LEVEL1) [1]
Pruned:  0: (LOAD GOODS1 TRUCK1 MARKET1 LEVEL3 LEVEL4 LEVEL0 LEVEL1) [1]
Pruned:  0: (LOAD GOODS1 TRUCK1 MARKET1 LEVEL3 LEVEL4 LEVEL0 LEVEL1) [1]
Pruned:  0: (LOAD GOODS1 TRUCK1 MARKET1 LEVEL3 LEVEL4 LEVEL0 LEVEL1) [1]
Pruned:  0: (LOAD GOODS1 TRUCK1 MARKET1 LEVEL3 LEVEL4 LEVEL0 LEVEL1) [1]
Pruned:  0: (LOAD GOODS1 TRUCK1 MARKET1 LEVEL3 LEVEL4 LEVEL0 LEVEL1) [1]
Pruned:  0: (LOAD GOODS1 TRUCK1 MARKET1 LEVEL3 LEVEL4 LEVEL0 LEVEL1) [1]
Pruned:  0: (LOAD GOODS1 TRUCK1 MARKET1 LEVEL3 LEVEL4 LEVEL0 LEVEL1) [1]
Pruned:  0: (LOAD GOODS1 TRUCK1 MARKET1 LEVEL3 LEVEL4 LEVEL0 LEVEL1) [1]
Pruned:  0: (LOAD GOODS1 TRUCK1 MARKET1 LEVEL3 LEVEL4 LEVEL0 LEVEL1) [1]
Pruned:  0: (LOAD GOODS1 TRUCK1 MARKET1 LEVEL3 LEVEL4 LEVEL0 LEVEL1) [1]
Pruned:  0: (LOAD GOODS1 TRUCK1 MARKET1 LEVEL3 LEVEL4 LEVEL0 LEVEL1) [1]
Pruned:  0: (LOAD GOODS1 TRUCK1 MARKET1 LEVEL3 LEVEL4 LEVEL0 LEVEL1) [1]
Pruned:  0: (LOAD GOODS1 TRUCK1 MARKET1 LEVEL3 LEVEL4 LEVEL0 LEVEL1) [1]
Pruned:  0: (LOAD GOODS1 TRUCK1 MARKET1 LEVEL3 LEVEL4 LEVEL0 LEVEL1) [1]
Pruned:  0: (LOAD GOODS1 TRUCK1 MARKET1 LEVEL3 LEVEL4 LEVEL0 LEVEL1) [1]
Pruned:  0: (LOAD GOODS1 TRUCK1 MARKET1 LEVEL3 LEVEL4 LEVEL0 LEVEL1) [1]
Pruned:  0: (LOAD GOODS1 TRUCK1 MARKET1 LEVEL3 LEVEL4 LEVEL0 LEVEL1) [1]
Pruned:  0: (LOAD GOODS1 TRUCK1 MARKET1 LEVEL3 LEVEL4 LEVEL0 LEVEL1) [1]
Pruned:  0: (LOAD GOODS1 TRUCK1 MARKET1 LEVEL3 LEVEL4 LEVEL0 LEVEL1) [1]
Pruned:  0: (LOAD GOODS1 TRUCK1 MARKET1 LEVEL3 LEVEL4 LEVEL0 LEVEL1) [1]
Pruned:  0: (LOAD GOODS1 TRUCK1 MARKET1 LEVEL3 LEVEL4 LEVEL0 LEVEL1) [1]
Pruned:  0: (LOAD GOODS1 TRUCK1 MARKET1 LEVEL3 LEVEL4 LEVEL0 LEVEL1) [1]
Pruned:  0: (LOAD GOODS1 TRUCK1 MARKET1 LEVEL3 LEVEL4 LEVEL0 LEVEL1) [1]
Pruned:  0: (LOAD GOODS1 TRUCK1 MARKET1 LEVEL3 LEVEL4 LEVEL0 LEVEL1) [1]
Pruned:  0: (LOAD GOODS1 TRUCK1 MARKET1 LEVEL3 LEVEL4 LEVEL0 LEVEL1) [1]
Pruned:  0: (LOAD GOODS1 TRUCK1 MARKET1 LEVEL3 LEVEL4 LEVEL0 LEVEL1) [1]
Pruned:  0: (LOAD GOODS1 TRUCK1 MARKET1 LEVEL3 LEVEL4 LEVEL0 LEVEL1) [1]
Pruned:  0: (LOAD GOODS1 TRUCK1 MARKET1 LEVEL3 LEVEL4 LEVEL0 LEVEL1) [1]
Pruned:  0: (LOAD GOODS1 TRUCK1 MARKET1 LEVEL3 LEVEL4 LEVEL0 LEVEL1) [1]
Pruned:  0: (LOAD GOODS1 TRUCK1 MARKET1 LEVEL3 LEVEL4 LEVEL0 LEVEL1) [1]
Pruned:  0: (LOAD GOODS1 TRUCK1 MARKET1 LEVEL3 LEVEL4 LEVEL0 LEVEL1) [1]
Pruned:  0: (LOAD GOODS1 TRUCK1 MARKET1 LEVEL3 LEVEL4 LEVEL0 LEVEL1) [1]
Pruned:  2: (BUY TRUCK5 GOODS6 MARKET3 LEVEL1 LEVEL2 LEVEL0 LEVEL1) [1]
Pruned:  3: (LOAD GOODS6 TRUCK5 MARKET3 LEVEL0 LEVEL1 LEVEL0 LEVEL1) [1]
Pruned:  3: (BUY TRUCK5 GOODS15 MARKET3 LEVEL0 LEVEL1 LEVEL0 LEVEL1) [1]
Pruned:  3: (BUY TRUCK4 GOODS2 MARKET2 LEVEL1 LEVEL2 LEVEL0 LEVEL1) [1]
Pruned:  4: (BUY TRUCK1 GOODS15 MARKET1 LEVEL0 LEVEL1 LEVEL0 LEVEL1) [1]
Pruned:  4: (BUY TRUCK3 GOODS7 MARKET4 LEVEL0 LEVEL1 LEVEL0 LEVEL1) [1]
Pruned:  4: (BUY TRUCK4 GOODS2 MARKET2 LEVEL0 LEVEL1 LEVEL1 LEVEL2) [1]
Pruned:  5: (LOAD GOODS2 TRUCK5 MARKET2 LEVEL1 LEVEL2 LEVEL0 LEVEL1) [1]
Pruned:  5: (BUY TRUCK2 GOODS10 MARKET1 LEVEL1 LEVEL2 LEVEL0 LEVEL1) [1]
Pruned:  5: (BUY TRUCK5 GOODS8 MARKET2 LEVEL1 LEVEL2 LEVEL0 LEVEL1) [1]
Pruned:  6: (BUY TRUCK5 GOODS8 MARKET2 LEVEL0 LEVEL1 LEVEL1 LEVEL2) [1]
Pruned:  6: (BUY TRUCK1 GOODS12 MARKET1 LEVEL1 LEVEL2 LEVEL0 LEVEL1) [1]
Pruned:  7: (BUY TRUCK1 GOODS10 MARKET1 LEVEL0 LEVEL1 LEVEL1 LEVEL2) [1]
Pruned:  7: (BUY TRUCK1 GOODS12 MARKET1 LEVEL0 LEVEL1 LEVEL1 LEVEL2) [1]
---SatPlan Version: 1.1
***SAT!***

Solved in 12 layers

Real Time: = 11.99
User Time: = 11.34
Syst Time: = 0.63

__MEMKB 103168
