---SatPlan Version: 1.1

bb: parsing domain file
domain 'TPP-PROPOSITIONAL' defined
 ... done.
bb: parsing problem file
problem 'TPP' defined
 ... done.


time:   0,   213 facts and       0 exclusive pairs
             220 ops   and       7 exclusive pairs
time:   1,   220 facts and       7 exclusive pairs

creating thin gp-based encoding...
plan graph layer 0...
plan graph layer 1...
goal constraints...

goal fact not coded - level too low??


bb: parsing domain file
domain 'TPP-PROPOSITIONAL' defined
 ... done.
bb: parsing problem file
problem 'TPP' defined
 ... done.


time:   0,   213 facts and       0 exclusive pairs
             220 ops   and       7 exclusive pairs
time:   1,   220 facts and       7 exclusive pairs
             290 ops   and     431 exclusive pairs
time:   2,   269 facts and     111 exclusive pairs

creating thin gp-based encoding...
plan graph layer 0...
plan graph layer 1...
plan graph layer 2...
goal constraints...

goal fact not coded - level too low??


bb: parsing domain file
domain 'TPP-PROPOSITIONAL' defined
 ... done.
bb: parsing problem file
problem 'TPP' defined
 ... done.


time:   0,   213 facts and       0 exclusive pairs
             220 ops   and       7 exclusive pairs
time:   1,   220 facts and       7 exclusive pairs
             290 ops   and     431 exclusive pairs
time:   2,   269 facts and     111 exclusive pairs
             486 ops   and    4125 exclusive pairs
time:   3,   383 facts and     762 exclusive pairs

creating thin gp-based encoding...
plan graph layer 0...
plan graph layer 1...
plan graph layer 2...
plan graph layer 3...
goal constraints...

goal fact not coded - level too low??


bb: parsing domain file
domain 'TPP-PROPOSITIONAL' defined
 ... done.
bb: parsing problem file
problem 'TPP' defined
 ... done.


time:   0,   213 facts and       0 exclusive pairs
             220 ops   and       7 exclusive pairs
time:   1,   220 facts and       7 exclusive pairs
             290 ops   and     431 exclusive pairs
time:   2,   269 facts and     111 exclusive pairs
             486 ops   and    4125 exclusive pairs
time:   3,   383 facts and     762 exclusive pairs
             947 ops   and   32092 exclusive pairs
time:   4,   489 facts and    1823 exclusive pairs

creating thin gp-based encoding...
plan graph layer 0...
plan graph layer 1...
plan graph layer 2...
plan graph layer 3...
plan graph layer 4...
goal constraints...

goal fact not coded - level too low??


bb: parsing domain file
domain 'TPP-PROPOSITIONAL' defined
 ... done.
bb: parsing problem file
problem 'TPP' defined
 ... done.


time:   0,   213 facts and       0 exclusive pairs
             220 ops   and       7 exclusive pairs
time:   1,   220 facts and       7 exclusive pairs
             290 ops   and     431 exclusive pairs
time:   2,   269 facts and     111 exclusive pairs
             486 ops   and    4125 exclusive pairs
time:   3,   383 facts and     762 exclusive pairs
             947 ops   and   32092 exclusive pairs
time:   4,   489 facts and    1823 exclusive pairs
            1840 ops   and  162473 exclusive pairs
time:   5,   576 facts and    1825 exclusive pairs

creating thin gp-based encoding...
plan graph layer 0...
plan graph layer 1...
plan graph layer 2...
plan graph layer 3...
plan graph layer 4...
plan graph layer 5...
goal constraints...

goal fact not coded - level too low??


bb: parsing domain file
domain 'TPP-PROPOSITIONAL' defined
 ... done.
bb: parsing problem file
problem 'TPP' defined
 ... done.


time:   0,   213 facts and       0 exclusive pairs
             220 ops   and       7 exclusive pairs
time:   1,   220 facts and       7 exclusive pairs
             290 ops   and     431 exclusive pairs
time:   2,   269 facts and     111 exclusive pairs
             486 ops   and    4125 exclusive pairs
time:   3,   383 facts and     762 exclusive pairs
             947 ops   and   32092 exclusive pairs
time:   4,   489 facts and    1823 exclusive pairs
            1840 ops   and  162473 exclusive pairs
time:   5,   576 facts and    1825 exclusive pairs
            2518 ops   and  309160 exclusive pairs
time:   6,   683 facts and    2124 exclusive pairs

creating thin gp-based encoding...
plan graph layer 0...
plan graph layer 1...
plan graph layer 2...
plan graph layer 3...
plan graph layer 4...
plan graph layer 5...
plan graph layer 6...
goal constraints...

goal fact not coded - level too low??


bb: parsing domain file
domain 'TPP-PROPOSITIONAL' defined
 ... done.
bb: parsing problem file
problem 'TPP' defined
 ... done.


time:   0,   213 facts and       0 exclusive pairs
             220 ops   and       7 exclusive pairs
time:   1,   220 facts and       7 exclusive pairs
             290 ops   and     431 exclusive pairs
time:   2,   269 facts and     111 exclusive pairs
             486 ops   and    4125 exclusive pairs
time:   3,   383 facts and     762 exclusive pairs
             947 ops   and   32092 exclusive pairs
time:   4,   489 facts and    1823 exclusive pairs
            1840 ops   and  162473 exclusive pairs
time:   5,   576 facts and    1825 exclusive pairs
            2518 ops   and  309160 exclusive pairs
time:   6,   683 facts and    2124 exclusive pairs
            3823 ops   and  785133 exclusive pairs
time:   7,   803 facts and    2748 exclusive pairs

creating thin gp-based encoding...
plan graph layer 0...
plan graph layer 1...
plan graph layer 2...
plan graph layer 3...
plan graph layer 4...
plan graph layer 5...
plan graph layer 6...
plan graph layer 7...
goal constraints...

goal fact not coded - level too low??


bb: parsing domain file
domain 'TPP-PROPOSITIONAL' defined
 ... done.
bb: parsing problem file
problem 'TPP' defined
 ... done.


time:   0,   213 facts and       0 exclusive pairs
             220 ops   and       7 exclusive pairs
time:   1,   220 facts and       7 exclusive pairs
             290 ops   and     431 exclusive pairs
time:   2,   269 facts and     111 exclusive pairs
             486 ops   and    4125 exclusive pairs
time:   3,   383 facts and     762 exclusive pairs
             947 ops   and   32092 exclusive pairs
time:   4,   489 facts and    1823 exclusive pairs
            1840 ops   and  162473 exclusive pairs
time:   5,   576 facts and    1825 exclusive pairs
            2518 ops   and  309160 exclusive pairs
time:   6,   683 facts and    2124 exclusive pairs
            3823 ops   and  785133 exclusive pairs
time:   7,   803 facts and    2748 exclusive pairs
            5643 ops   and 1846167 exclusive pairs
time:   8,   923 facts and    3409 exclusive pairs

creating thin gp-based encoding...
plan graph layer 0...
plan graph layer 1...
plan graph layer 2...
plan graph layer 3...
plan graph layer 4...
plan graph layer 5...
plan graph layer 6...
plan graph layer 7...
plan graph layer 8...
goal constraints...

goal fact not coded - level too low??


bb: parsing domain file
domain 'TPP-PROPOSITIONAL' defined
 ... done.
bb: parsing problem file
problem 'TPP' defined
 ... done.


time:   0,   213 facts and       0 exclusive pairs
             220 ops   and       7 exclusive pairs
time:   1,   220 facts and       7 exclusive pairs
             290 ops   and     431 exclusive pairs
time:   2,   269 facts and     111 exclusive pairs
             486 ops   and    4125 exclusive pairs
time:   3,   383 facts and     762 exclusive pairs
             947 ops   and   32092 exclusive pairs
time:   4,   489 facts and    1823 exclusive pairs
            1840 ops   and  162473 exclusive pairs
time:   5,   576 facts and    1825 exclusive pairs
            2518 ops   and  309160 exclusive pairs
time:   6,   683 facts and    2124 exclusive pairs
            3823 ops   and  785133 exclusive pairs
time:   7,   803 facts and    2748 exclusive pairs
            5643 ops   and 1846167 exclusive pairs
time:   8,   923 facts and    3409 exclusive pairs
            7905 ops   and 3817475 exclusive pairs
time:   9,  1008 facts and    3269 exclusive pairs

creating thin gp-based encoding...
plan graph layer 0...
plan graph layer 1...
plan graph layer 2...
plan graph layer 3...
plan graph layer 4...
plan graph layer 5...
plan graph layer 6...
plan graph layer 7...
plan graph layer 8...
plan graph layer 9...
goal constraints...
exclusion constraints layer 0...
exclusion constraints layer 1...
exclusion constraints layer 2...
exclusion constraints layer 3...
exclusion constraints layer 4...
exclusion constraints layer 5...
exclusion constraints layer 6...
exclusion constraints layer 7...
exclusion constraints layer 8...
exclusion constraints layer 9...

DECISION LAYER 9, WRITING THIN GP-BASED ENCODING WITH 29239 VARS, 952951 CLAUSES.

time spent:    0.00 seconds instantiating 44779 action templates
               0.02 seconds reachability analysis, yielding 1281 facts and 17864 actions
               0.00 seconds collecting 1157 relevant facts
               0.01 seconds building connectivity graph
               0.00 seconds building (std) graph
               7.86 seconds CNF output time
               7.89 seconds total planner time (solving not included)


***Solving***


[ filemap ]
[ extract ]

variables : 29239
pure lits : 1206

1-clauses : 15
2-clauses : 948916
3-clauses : 379
n-clauses : 3641
discarded : 0

[ solve ]


unsatisfiable                             

[ stats ]

decisions : 28594
conflicts : 1341
time : ~0.076

***UNSAT***


bb: parsing domain file
domain 'TPP-PROPOSITIONAL' defined
 ... done.
bb: parsing problem file
problem 'TPP' defined
 ... done.


time:   0,   213 facts and       0 exclusive pairs
             220 ops   and       7 exclusive pairs
time:   1,   220 facts and       7 exclusive pairs
             290 ops   and     431 exclusive pairs
time:   2,   269 facts and     111 exclusive pairs
             486 ops   and    4125 exclusive pairs
time:   3,   383 facts and     762 exclusive pairs
             947 ops   and   32092 exclusive pairs
time:   4,   489 facts and    1823 exclusive pairs
            1840 ops   and  162473 exclusive pairs
time:   5,   576 facts and    1825 exclusive pairs
            2518 ops   and  309160 exclusive pairs
time:   6,   683 facts and    2124 exclusive pairs
            3823 ops   and  785133 exclusive pairs
time:   7,   803 facts and    2748 exclusive pairs
            5643 ops   and 1846167 exclusive pairs
time:   8,   923 facts and    3409 exclusive pairs
            7905 ops   and 3817475 exclusive pairs
time:   9,  1008 facts and    3269 exclusive pairs
            9540 ops   and 5671823 exclusive pairs
time:  10,  1008 facts and    2664 exclusive pairs

creating thin gp-based encoding...
plan graph layer 0...
plan graph layer 1...
plan graph layer 2...
plan graph layer 3...
plan graph layer 4...
plan graph layer 5...
plan graph layer 6...
plan graph layer 7...
plan graph layer 8...
plan graph layer 9...
plan graph layer 10...
goal constraints...
exclusion constraints layer 0...
exclusion constraints layer 1...
exclusion constraints layer 2...
exclusion constraints layer 3...
exclusion constraints layer 4...
exclusion constraints layer 5...
exclusion constraints layer 6...
exclusion constraints layer 7...
exclusion constraints layer 8...
exclusion constraints layer 9...
exclusion constraints layer 10...

DECISION LAYER 10, WRITING THIN GP-BASED ENCODING WITH 39787 VARS, 1735457 CLAUSES.

time spent:    0.00 seconds instantiating 44779 action templates
               0.02 seconds reachability analysis, yielding 1281 facts and 17864 actions
               0.00 seconds collecting 1157 relevant facts
               0.01 seconds building connectivity graph
               0.00 seconds building (std) graph
              12.80 seconds CNF output time
              12.83 seconds total planner time (solving not included)


***Solving***


[ filemap ]
[ extract ]

variables : 39787
pure lits : 1206

1-clauses : 15
2-clauses : 1730472
3-clauses : 400
n-clauses : 4570
discarded : 0

[ solve ]


unsatisfiable                             

[ stats ]

decisions : 134953
conflicts : 34702
time : ~5.767

***UNSAT***


bb: parsing domain file
domain 'TPP-PROPOSITIONAL' defined
 ... done.
bb: parsing problem file
problem 'TPP' defined
 ... done.


time:   0,   213 facts and       0 exclusive pairs
             220 ops   and       7 exclusive pairs
time:   1,   220 facts and       7 exclusive pairs
             290 ops   and     431 exclusive pairs
time:   2,   269 facts and     111 exclusive pairs
             486 ops   and    4125 exclusive pairs
time:   3,   383 facts and     762 exclusive pairs
             947 ops   and   32092 exclusive pairs
time:   4,   489 facts and    1823 exclusive pairs
            1840 ops   and  162473 exclusive pairs
time:   5,   576 facts and    1825 exclusive pairs
            2518 ops   and  309160 exclusive pairs
time:   6,   683 facts and    2124 exclusive pairs
            3823 ops   and  785133 exclusive pairs
time:   7,   803 facts and    2748 exclusive pairs
            5643 ops   and 1846167 exclusive pairs
time:   8,   923 facts and    3409 exclusive pairs
            7905 ops   and 3817475 exclusive pairs
time:   9,  1008 facts and    3269 exclusive pairs
            9540 ops   and 5671823 exclusive pairs
time:  10,  1008 facts and    2664 exclusive pairs
           10990 ops   and 7660766 exclusive pairs
time:  11,  1008 facts and    2454 exclusive pairs

creating thin gp-based encoding...
plan graph layer 0...
plan graph layer 1...
plan graph layer 2...
plan graph layer 3...
plan graph layer 4...
plan graph layer 5...
plan graph layer 6...
plan graph layer 7...
plan graph layer 8...
plan graph layer 9...
plan graph layer 10...
plan graph layer 11...
goal constraints...
exclusion constraints layer 0...
exclusion constraints layer 1...
exclusion constraints layer 2...
exclusion constraints layer 3...
exclusion constraints layer 4...
exclusion constraints layer 5...
exclusion constraints layer 6...
exclusion constraints layer 7...
exclusion constraints layer 8...
exclusion constraints layer 9...
exclusion constraints layer 10...
exclusion constraints layer 11...

DECISION LAYER 11, WRITING THIN GP-BASED ENCODING WITH 51785 VARS, 2859331 CLAUSES.

time spent:    0.00 seconds instantiating 44779 action templates
               0.02 seconds reachability analysis, yielding 1281 facts and 17864 actions
               0.00 seconds collecting 1157 relevant facts
               0.02 seconds building connectivity graph
               0.00 seconds building (std) graph
              18.66 seconds CNF output time
              18.70 seconds total planner time (solving not included)


***Solving***


[ filemap ]
[ extract ]

variables : 51785
pure lits : 1206

1-clauses : 15
2-clauses : 2853396
3-clauses : 421
n-clauses : 5499
discarded : 0

[ solve ]


satisfiable                             

[ stats ]

decisions : 490172
conflicts : 114625
time : ~30.948


bb: parsing domain file
domain 'TPP-PROPOSITIONAL' defined
 ... done.
bb: parsing problem file
problem 'TPP' defined
 ... done.


time:   0,   213 facts and       0 exclusive pairs
             220 ops   and       7 exclusive pairs
time:   1,   220 facts and       7 exclusive pairs
             290 ops   and     431 exclusive pairs
time:   2,   269 facts and     111 exclusive pairs
             486 ops   and    4125 exclusive pairs
time:   3,   383 facts and     762 exclusive pairs
             947 ops   and   32092 exclusive pairs
time:   4,   489 facts and    1823 exclusive pairs
            1840 ops   and  162473 exclusive pairs
time:   5,   576 facts and    1825 exclusive pairs
            2518 ops   and  309160 exclusive pairs
time:   6,   683 facts and    2124 exclusive pairs
            3823 ops   and  785133 exclusive pairs
time:   7,   803 facts and    2748 exclusive pairs
            5643 ops   and 1846167 exclusive pairs
time:   8,   923 facts and    3409 exclusive pairs
            7905 ops   and 3817475 exclusive pairs
time:   9,  1008 facts and    3269 exclusive pairs
            9540 ops   and 5671823 exclusive pairs
time:  10,  1008 facts and    2664 exclusive pairs
           10990 ops   and 7660766 exclusive pairs
time:  11,  1008 facts and    2454 exclusive pairs

creating thin gp-based encoding...
plan graph layer 0...
plan graph layer 1...
plan graph layer 2...
plan graph layer 3...
plan graph layer 4...
plan graph layer 5...
plan graph layer 6...
plan graph layer 7...
plan graph layer 8...
plan graph layer 9...
plan graph layer 10...
plan graph layer 11...
goal constraints...
exclusion constraints layer 0...
exclusion constraints layer 1...
exclusion constraints layer 2...
exclusion constraints layer 3...
exclusion constraints layer 4...
exclusion constraints layer 5...
exclusion constraints layer 6...
exclusion constraints layer 7...
exclusion constraints layer 8...
exclusion constraints layer 9...
exclusion constraints layer 10...
exclusion constraints layer 11...

DECISION LAYER 11, WRITING THIN GP-BASED ENCODING WITH 51785 VARS, 2859331 CLAUSES.

time spent:    0.00 seconds instantiating 44779 action templates
               0.02 seconds reachability analysis, yielding 1281 facts and 17864 actions
               0.00 seconds collecting 1157 relevant facts
               0.02 seconds building connectivity graph
               0.00 seconds building (std) graph
              18.57 seconds CNF output time
              18.61 seconds total planner time (solving not included)

Pruned:  0: (LOAD GOODS1 TRUCK1 MARKET5 LEVEL4 LEVEL5 LEVEL0 LEVEL1) [1]
Pruned:  0: (LOAD GOODS1 TRUCK1 MARKET5 LEVEL4 LEVEL5 LEVEL0 LEVEL1) [1]
Pruned:  0: (LOAD GOODS1 TRUCK1 MARKET5 LEVEL4 LEVEL5 LEVEL0 LEVEL1) [1]
Pruned:  0: (LOAD GOODS1 TRUCK1 MARKET5 LEVEL4 LEVEL5 LEVEL0 LEVEL1) [1]
Pruned:  0: (LOAD GOODS1 TRUCK1 MARKET5 LEVEL4 LEVEL5 LEVEL0 LEVEL1) [1]
Pruned:  0: (LOAD GOODS1 TRUCK1 MARKET5 LEVEL4 LEVEL5 LEVEL0 LEVEL1) [1]
Pruned:  0: (LOAD GOODS1 TRUCK1 MARKET5 LEVEL4 LEVEL5 LEVEL0 LEVEL1) [1]
Pruned:  0: (LOAD GOODS1 TRUCK1 MARKET5 LEVEL4 LEVEL5 LEVEL0 LEVEL1) [1]
Pruned:  0: (LOAD GOODS1 TRUCK1 MARKET5 LEVEL4 LEVEL5 LEVEL0 LEVEL1) [1]
Pruned:  0: (LOAD GOODS1 TRUCK1 MARKET5 LEVEL4 LEVEL5 LEVEL0 LEVEL1) [1]
Pruned:  0: (LOAD GOODS1 TRUCK1 MARKET5 LEVEL4 LEVEL5 LEVEL0 LEVEL1) [1]
Pruned:  0: (LOAD GOODS1 TRUCK1 MARKET5 LEVEL4 LEVEL5 LEVEL0 LEVEL1) [1]
Pruned:  0: (LOAD GOODS1 TRUCK1 MARKET5 LEVEL4 LEVEL5 LEVEL0 LEVEL1) [1]
Pruned:  0: (LOAD GOODS1 TRUCK1 MARKET5 LEVEL4 LEVEL5 LEVEL0 LEVEL1) [1]
Pruned:  0: (LOAD GOODS1 TRUCK1 MARKET5 LEVEL4 LEVEL5 LEVEL0 LEVEL1) [1]
Pruned:  0: (LOAD GOODS1 TRUCK1 MARKET5 LEVEL4 LEVEL5 LEVEL0 LEVEL1) [1]
Pruned:  0: (LOAD GOODS1 TRUCK1 MARKET5 LEVEL4 LEVEL5 LEVEL0 LEVEL1) [1]
Pruned:  0: (LOAD GOODS1 TRUCK1 MARKET5 LEVEL4 LEVEL5 LEVEL0 LEVEL1) [1]
Pruned:  0: (LOAD GOODS1 TRUCK1 MARKET5 LEVEL4 LEVEL5 LEVEL0 LEVEL1) [1]
Pruned:  0: (LOAD GOODS1 TRUCK1 MARKET5 LEVEL4 LEVEL5 LEVEL0 LEVEL1) [1]
Pruned:  0: (LOAD GOODS1 TRUCK1 MARKET5 LEVEL4 LEVEL5 LEVEL0 LEVEL1) [1]
Pruned:  0: (LOAD GOODS1 TRUCK1 MARKET5 LEVEL4 LEVEL5 LEVEL0 LEVEL1) [1]
Pruned:  0: (LOAD GOODS1 TRUCK1 MARKET5 LEVEL4 LEVEL5 LEVEL0 LEVEL1) [1]
Pruned:  0: (LOAD GOODS1 TRUCK1 MARKET5 LEVEL4 LEVEL5 LEVEL0 LEVEL1) [1]
Pruned:  0: (LOAD GOODS1 TRUCK1 MARKET5 LEVEL4 LEVEL5 LEVEL0 LEVEL1) [1]
Pruned:  0: (LOAD GOODS1 TRUCK1 MARKET5 LEVEL4 LEVEL5 LEVEL0 LEVEL1) [1]
Pruned:  0: (LOAD GOODS1 TRUCK1 MARKET5 LEVEL4 LEVEL5 LEVEL0 LEVEL1) [1]
Pruned:  0: (LOAD GOODS1 TRUCK1 MARKET5 LEVEL4 LEVEL5 LEVEL0 LEVEL1) [1]
Pruned:  0: (LOAD GOODS1 TRUCK1 MARKET5 LEVEL4 LEVEL5 LEVEL0 LEVEL1) [1]
Pruned:  0: (LOAD GOODS1 TRUCK1 MARKET5 LEVEL4 LEVEL5 LEVEL0 LEVEL1) [1]
Pruned:  0: (LOAD GOODS1 TRUCK1 MARKET5 LEVEL4 LEVEL5 LEVEL0 LEVEL1) [1]
Pruned:  0: (LOAD GOODS1 TRUCK1 MARKET5 LEVEL4 LEVEL5 LEVEL0 LEVEL1) [1]
Pruned:  0: (LOAD GOODS1 TRUCK1 MARKET5 LEVEL4 LEVEL5 LEVEL0 LEVEL1) [1]
Pruned:  0: (LOAD GOODS1 TRUCK1 MARKET5 LEVEL4 LEVEL5 LEVEL0 LEVEL1) [1]
Pruned:  0: (LOAD GOODS1 TRUCK1 MARKET5 LEVEL4 LEVEL5 LEVEL0 LEVEL1) [1]
Pruned:  0: (LOAD GOODS1 TRUCK1 MARKET5 LEVEL4 LEVEL5 LEVEL0 LEVEL1) [1]
Pruned:  0: (LOAD GOODS1 TRUCK1 MARKET5 LEVEL4 LEVEL5 LEVEL0 LEVEL1) [1]
Pruned:  0: (LOAD GOODS1 TRUCK1 MARKET5 LEVEL4 LEVEL5 LEVEL0 LEVEL1) [1]
Pruned:  0: (LOAD GOODS1 TRUCK1 MARKET5 LEVEL4 LEVEL5 LEVEL0 LEVEL1) [1]
Pruned:  0: (LOAD GOODS1 TRUCK1 MARKET5 LEVEL4 LEVEL5 LEVEL0 LEVEL1) [1]
Pruned:  0: (LOAD GOODS1 TRUCK1 MARKET5 LEVEL4 LEVEL5 LEVEL0 LEVEL1) [1]
Pruned:  0: (LOAD GOODS1 TRUCK1 MARKET5 LEVEL4 LEVEL5 LEVEL0 LEVEL1) [1]
Pruned:  0: (LOAD GOODS1 TRUCK1 MARKET5 LEVEL4 LEVEL5 LEVEL0 LEVEL1) [1]
Pruned:  0: (LOAD GOODS1 TRUCK1 MARKET5 LEVEL4 LEVEL5 LEVEL0 LEVEL1) [1]
Pruned:  0: (LOAD GOODS1 TRUCK1 MARKET5 LEVEL4 LEVEL5 LEVEL0 LEVEL1) [1]
Pruned:  0: (LOAD GOODS1 TRUCK1 MARKET5 LEVEL4 LEVEL5 LEVEL0 LEVEL1) [1]
Pruned:  0: (LOAD GOODS1 TRUCK1 MARKET5 LEVEL4 LEVEL5 LEVEL0 LEVEL1) [1]
Pruned:  0: (LOAD GOODS1 TRUCK1 MARKET5 LEVEL4 LEVEL5 LEVEL0 LEVEL1) [1]
Pruned:  0: (LOAD GOODS1 TRUCK1 MARKET5 LEVEL4 LEVEL5 LEVEL0 LEVEL1) [1]
Pruned:  0: (LOAD GOODS1 TRUCK1 MARKET5 LEVEL4 LEVEL5 LEVEL0 LEVEL1) [1]
Pruned:  0: (LOAD GOODS1 TRUCK1 MARKET5 LEVEL4 LEVEL5 LEVEL0 LEVEL1) [1]
Pruned:  0: (LOAD GOODS1 TRUCK1 MARKET5 LEVEL4 LEVEL5 LEVEL0 LEVEL1) [1]
Pruned:  0: (LOAD GOODS1 TRUCK1 MARKET5 LEVEL4 LEVEL5 LEVEL0 LEVEL1) [1]
Pruned:  0: (LOAD GOODS1 TRUCK1 MARKET5 LEVEL4 LEVEL5 LEVEL0 LEVEL1) [1]
Pruned:  0: (LOAD GOODS1 TRUCK1 MARKET5 LEVEL4 LEVEL5 LEVEL0 LEVEL1) [1]
Pruned:  0: (LOAD GOODS1 TRUCK1 MARKET5 LEVEL4 LEVEL5 LEVEL0 LEVEL1) [1]
Pruned:  0: (LOAD GOODS1 TRUCK1 MARKET5 LEVEL4 LEVEL5 LEVEL0 LEVEL1) [1]
Pruned:  0: (LOAD GOODS1 TRUCK1 MARKET5 LEVEL4 LEVEL5 LEVEL0 LEVEL1) [1]
Pruned:  0: (LOAD GOODS1 TRUCK1 MARKET5 LEVEL4 LEVEL5 LEVEL0 LEVEL1) [1]
Pruned:  0: (LOAD GOODS1 TRUCK1 MARKET5 LEVEL4 LEVEL5 LEVEL0 LEVEL1) [1]
Pruned:  0: (LOAD GOODS1 TRUCK1 MARKET5 LEVEL4 LEVEL5 LEVEL0 LEVEL1) [1]
Pruned:  0: (LOAD GOODS1 TRUCK1 MARKET5 LEVEL4 LEVEL5 LEVEL0 LEVEL1) [1]
Pruned:  0: (LOAD GOODS1 TRUCK1 MARKET5 LEVEL4 LEVEL5 LEVEL0 LEVEL1) [1]
Pruned:  0: (LOAD GOODS1 TRUCK1 MARKET5 LEVEL4 LEVEL5 LEVEL0 LEVEL1) [1]
Pruned:  0: (LOAD GOODS1 TRUCK1 MARKET5 LEVEL4 LEVEL5 LEVEL0 LEVEL1) [1]
Pruned:  0: (LOAD GOODS1 TRUCK1 MARKET5 LEVEL4 LEVEL5 LEVEL0 LEVEL1) [1]
Pruned:  0: (LOAD GOODS1 TRUCK1 MARKET5 LEVEL4 LEVEL5 LEVEL0 LEVEL1) [1]
Pruned:  0: (LOAD GOODS1 TRUCK1 MARKET5 LEVEL4 LEVEL5 LEVEL0 LEVEL1) [1]
Pruned:  0: (LOAD GOODS1 TRUCK1 MARKET5 LEVEL4 LEVEL5 LEVEL0 LEVEL1) [1]
Pruned:  0: (LOAD GOODS1 TRUCK1 MARKET5 LEVEL4 LEVEL5 LEVEL0 LEVEL1) [1]
Pruned:  0: (LOAD GOODS1 TRUCK1 MARKET5 LEVEL4 LEVEL5 LEVEL0 LEVEL1) [1]
Pruned:  0: (LOAD GOODS1 TRUCK1 MARKET5 LEVEL4 LEVEL5 LEVEL0 LEVEL1) [1]
Pruned:  0: (LOAD GOODS1 TRUCK1 MARKET5 LEVEL4 LEVEL5 LEVEL0 LEVEL1) [1]
Pruned:  0: (LOAD GOODS1 TRUCK1 MARKET5 LEVEL4 LEVEL5 LEVEL0 LEVEL1) [1]
Pruned:  0: (LOAD GOODS1 TRUCK1 MARKET5 LEVEL4 LEVEL5 LEVEL0 LEVEL1) [1]
Pruned:  0: (LOAD GOODS1 TRUCK1 MARKET5 LEVEL4 LEVEL5 LEVEL0 LEVEL1) [1]
Pruned:  0: (LOAD GOODS1 TRUCK1 MARKET5 LEVEL4 LEVEL5 LEVEL0 LEVEL1) [1]
Pruned:  0: (LOAD GOODS1 TRUCK1 MARKET5 LEVEL4 LEVEL5 LEVEL0 LEVEL1) [1]
Pruned:  0: (LOAD GOODS1 TRUCK1 MARKET5 LEVEL4 LEVEL5 LEVEL0 LEVEL1) [1]
Pruned:  0: (LOAD GOODS1 TRUCK1 MARKET5 LEVEL4 LEVEL5 LEVEL0 LEVEL1) [1]
Pruned:  0: (LOAD GOODS1 TRUCK1 MARKET5 LEVEL4 LEVEL5 LEVEL0 LEVEL1) [1]
Pruned:  0: (LOAD GOODS1 TRUCK1 MARKET5 LEVEL4 LEVEL5 LEVEL0 LEVEL1) [1]
Pruned:  0: (LOAD GOODS1 TRUCK1 MARKET5 LEVEL4 LEVEL5 LEVEL0 LEVEL1) [1]
Pruned:  0: (LOAD GOODS1 TRUCK1 MARKET5 LEVEL4 LEVEL5 LEVEL0 LEVEL1) [1]
Pruned:  0: (LOAD GOODS1 TRUCK1 MARKET5 LEVEL4 LEVEL5 LEVEL0 LEVEL1) [1]
Pruned:  0: (LOAD GOODS1 TRUCK1 MARKET5 LEVEL4 LEVEL5 LEVEL0 LEVEL1) [1]
Pruned:  0: (LOAD GOODS1 TRUCK1 MARKET5 LEVEL4 LEVEL5 LEVEL0 LEVEL1) [1]
Pruned:  0: (LOAD GOODS1 TRUCK1 MARKET5 LEVEL4 LEVEL5 LEVEL0 LEVEL1) [1]
Pruned:  0: (LOAD GOODS1 TRUCK1 MARKET5 LEVEL4 LEVEL5 LEVEL0 LEVEL1) [1]
Pruned:  0: (LOAD GOODS1 TRUCK1 MARKET5 LEVEL4 LEVEL5 LEVEL0 LEVEL1) [1]
Pruned:  0: (LOAD GOODS1 TRUCK1 MARKET5 LEVEL4 LEVEL5 LEVEL0 LEVEL1) [1]
Pruned:  0: (LOAD GOODS1 TRUCK1 MARKET5 LEVEL4 LEVEL5 LEVEL0 LEVEL1) [1]
Pruned:  0: (LOAD GOODS1 TRUCK1 MARKET5 LEVEL4 LEVEL5 LEVEL0 LEVEL1) [1]
Pruned:  0: (LOAD GOODS1 TRUCK1 MARKET5 LEVEL4 LEVEL5 LEVEL0 LEVEL1) [1]
Pruned:  0: (LOAD GOODS1 TRUCK1 MARKET5 LEVEL4 LEVEL5 LEVEL0 LEVEL1) [1]
Pruned:  0: (LOAD GOODS1 TRUCK1 MARKET5 LEVEL4 LEVEL5 LEVEL0 LEVEL1) [1]
Pruned:  0: (LOAD GOODS1 TRUCK1 MARKET5 LEVEL4 LEVEL5 LEVEL0 LEVEL1) [1]
Pruned:  0: (LOAD GOODS1 TRUCK1 MARKET5 LEVEL4 LEVEL5 LEVEL0 LEVEL1) [1]
Pruned:  0: (LOAD GOODS1 TRUCK1 MARKET5 LEVEL4 LEVEL5 LEVEL0 LEVEL1) [1]
Pruned:  0: (LOAD GOODS1 TRUCK1 MARKET5 LEVEL4 LEVEL5 LEVEL0 LEVEL1) [1]
Pruned:  0: (LOAD GOODS1 TRUCK1 MARKET5 LEVEL4 LEVEL5 LEVEL0 LEVEL1) [1]
Pruned:  0: (LOAD GOODS1 TRUCK1 MARKET5 LEVEL4 LEVEL5 LEVEL0 LEVEL1) [1]
Pruned:  0: (LOAD GOODS1 TRUCK1 MARKET5 LEVEL4 LEVEL5 LEVEL0 LEVEL1) [1]
Pruned:  0: (LOAD GOODS1 TRUCK1 MARKET5 LEVEL4 LEVEL5 LEVEL0 LEVEL1) [1]
Pruned:  0: (LOAD GOODS1 TRUCK1 MARKET5 LEVEL4 LEVEL5 LEVEL0 LEVEL1) [1]
Pruned:  0: (LOAD GOODS1 TRUCK1 MARKET5 LEVEL4 LEVEL5 LEVEL0 LEVEL1) [1]
Pruned:  0: (LOAD GOODS1 TRUCK1 MARKET5 LEVEL4 LEVEL5 LEVEL0 LEVEL1) [1]
Pruned:  0: (LOAD GOODS1 TRUCK1 MARKET5 LEVEL4 LEVEL5 LEVEL0 LEVEL1) [1]
Pruned:  0: (LOAD GOODS1 TRUCK1 MARKET5 LEVEL4 LEVEL5 LEVEL0 LEVEL1) [1]
Pruned:  0: (LOAD GOODS1 TRUCK1 MARKET5 LEVEL4 LEVEL5 LEVEL0 LEVEL1) [1]
Pruned:  0: (LOAD GOODS1 TRUCK1 MARKET5 LEVEL4 LEVEL5 LEVEL0 LEVEL1) [1]
Pruned:  0: (LOAD GOODS1 TRUCK1 MARKET5 LEVEL4 LEVEL5 LEVEL0 LEVEL1) [1]
Pruned:  0: (LOAD GOODS1 TRUCK1 MARKET5 LEVEL4 LEVEL5 LEVEL0 LEVEL1) [1]
Pruned:  0: (LOAD GOODS1 TRUCK1 MARKET5 LEVEL4 LEVEL5 LEVEL0 LEVEL1) [1]
Pruned:  0: (LOAD GOODS1 TRUCK1 MARKET5 LEVEL4 LEVEL5 LEVEL0 LEVEL1) [1]
Pruned:  0: (LOAD GOODS1 TRUCK1 MARKET5 LEVEL4 LEVEL5 LEVEL0 LEVEL1) [1]
Pruned:  0: (LOAD GOODS1 TRUCK1 MARKET5 LEVEL4 LEVEL5 LEVEL0 LEVEL1) [1]
Pruned:  0: (LOAD GOODS1 TRUCK1 MARKET5 LEVEL4 LEVEL5 LEVEL0 LEVEL1) [1]
Pruned:  0: (LOAD GOODS1 TRUCK1 MARKET5 LEVEL4 LEVEL5 LEVEL0 LEVEL1) [1]
Pruned:  0: (LOAD GOODS1 TRUCK1 MARKET5 LEVEL4 LEVEL5 LEVEL0 LEVEL1) [1]
Pruned:  0: (LOAD GOODS1 TRUCK1 MARKET5 LEVEL4 LEVEL5 LEVEL0 LEVEL1) [1]
Pruned:  0: (LOAD GOODS1 TRUCK1 MARKET5 LEVEL4 LEVEL5 LEVEL0 LEVEL1) [1]
Pruned:  0: (LOAD GOODS1 TRUCK1 MARKET5 LEVEL4 LEVEL5 LEVEL0 LEVEL1) [1]
Pruned:  0: (LOAD GOODS1 TRUCK1 MARKET5 LEVEL4 LEVEL5 LEVEL0 LEVEL1) [1]
Pruned:  0: (LOAD GOODS1 TRUCK1 MARKET5 LEVEL4 LEVEL5 LEVEL0 LEVEL1) [1]
Pruned:  0: (LOAD GOODS1 TRUCK1 MARKET5 LEVEL4 LEVEL5 LEVEL0 LEVEL1) [1]
Pruned:  0: (LOAD GOODS1 TRUCK1 MARKET5 LEVEL4 LEVEL5 LEVEL0 LEVEL1) [1]
Pruned:  0: (LOAD GOODS1 TRUCK1 MARKET5 LEVEL4 LEVEL5 LEVEL0 LEVEL1) [1]
Pruned:  0: (LOAD GOODS1 TRUCK1 MARKET5 LEVEL4 LEVEL5 LEVEL0 LEVEL1) [1]
Pruned:  0: (LOAD GOODS1 TRUCK1 MARKET5 LEVEL4 LEVEL5 LEVEL0 LEVEL1) [1]
Pruned:  0: (LOAD GOODS1 TRUCK1 MARKET5 LEVEL4 LEVEL5 LEVEL0 LEVEL1) [1]
Pruned:  0: (LOAD GOODS1 TRUCK1 MARKET5 LEVEL4 LEVEL5 LEVEL0 LEVEL1) [1]
Pruned:  0: (LOAD GOODS1 TRUCK1 MARKET5 LEVEL4 LEVEL5 LEVEL0 LEVEL1) [1]
Pruned:  0: (LOAD GOODS1 TRUCK1 MARKET5 LEVEL4 LEVEL5 LEVEL0 LEVEL1) [1]
Pruned:  0: (LOAD GOODS1 TRUCK1 MARKET5 LEVEL4 LEVEL5 LEVEL0 LEVEL1) [1]
Pruned:  0: (LOAD GOODS1 TRUCK1 MARKET5 LEVEL4 LEVEL5 LEVEL0 LEVEL1) [1]
Pruned:  0: (LOAD GOODS1 TRUCK1 MARKET5 LEVEL4 LEVEL5 LEVEL0 LEVEL1) [1]
Pruned:  0: (LOAD GOODS1 TRUCK1 MARKET5 LEVEL4 LEVEL5 LEVEL0 LEVEL1) [1]
Pruned:  0: (LOAD GOODS1 TRUCK1 MARKET5 LEVEL4 LEVEL5 LEVEL0 LEVEL1) [1]
Pruned:  0: (LOAD GOODS1 TRUCK1 MARKET5 LEVEL4 LEVEL5 LEVEL0 LEVEL1) [1]
Pruned:  0: (LOAD GOODS1 TRUCK1 MARKET5 LEVEL4 LEVEL5 LEVEL0 LEVEL1) [1]
Pruned:  0: (LOAD GOODS1 TRUCK1 MARKET5 LEVEL4 LEVEL5 LEVEL0 LEVEL1) [1]
Pruned:  0: (LOAD GOODS1 TRUCK1 MARKET5 LEVEL4 LEVEL5 LEVEL0 LEVEL1) [1]
Pruned:  0: (LOAD GOODS1 TRUCK1 MARKET5 LEVEL4 LEVEL5 LEVEL0 LEVEL1) [1]
Pruned:  0: (LOAD GOODS1 TRUCK1 MARKET5 LEVEL4 LEVEL5 LEVEL0 LEVEL1) [1]
Pruned:  0: (LOAD GOODS1 TRUCK1 MARKET5 LEVEL4 LEVEL5 LEVEL0 LEVEL1) [1]
Pruned:  0: (LOAD GOODS1 TRUCK1 MARKET5 LEVEL4 LEVEL5 LEVEL0 LEVEL1) [1]
Pruned:  0: (LOAD GOODS1 TRUCK1 MARKET5 LEVEL4 LEVEL5 LEVEL0 LEVEL1) [1]
Pruned:  0: (LOAD GOODS1 TRUCK1 MARKET5 LEVEL4 LEVEL5 LEVEL0 LEVEL1) [1]
Pruned:  0: (LOAD GOODS1 TRUCK1 MARKET5 LEVEL4 LEVEL5 LEVEL0 LEVEL1) [1]
Pruned:  0: (LOAD GOODS1 TRUCK1 MARKET5 LEVEL4 LEVEL5 LEVEL0 LEVEL1) [1]
Pruned:  0: (LOAD GOODS1 TRUCK1 MARKET5 LEVEL4 LEVEL5 LEVEL0 LEVEL1) [1]
Pruned:  0: (LOAD GOODS1 TRUCK1 MARKET5 LEVEL4 LEVEL5 LEVEL0 LEVEL1) [1]
Pruned:  0: (LOAD GOODS1 TRUCK1 MARKET5 LEVEL4 LEVEL5 LEVEL0 LEVEL1) [1]
Pruned:  0: (LOAD GOODS1 TRUCK1 MARKET5 LEVEL4 LEVEL5 LEVEL0 LEVEL1) [1]
Pruned:  0: (LOAD GOODS1 TRUCK1 MARKET5 LEVEL4 LEVEL5 LEVEL0 LEVEL1) [1]
Pruned:  0: (LOAD GOODS1 TRUCK1 MARKET5 LEVEL4 LEVEL5 LEVEL0 LEVEL1) [1]
Pruned:  0: (LOAD GOODS1 TRUCK1 MARKET5 LEVEL4 LEVEL5 LEVEL0 LEVEL1) [1]
Pruned:  0: (LOAD GOODS1 TRUCK1 MARKET5 LEVEL4 LEVEL5 LEVEL0 LEVEL1) [1]
Pruned:  0: (LOAD GOODS1 TRUCK1 MARKET5 LEVEL4 LEVEL5 LEVEL0 LEVEL1) [1]
Pruned:  0: (LOAD GOODS1 TRUCK1 MARKET5 LEVEL4 LEVEL5 LEVEL0 LEVEL1) [1]
Pruned:  0: (LOAD GOODS1 TRUCK1 MARKET5 LEVEL4 LEVEL5 LEVEL0 LEVEL1) [1]
Pruned:  0: (LOAD GOODS1 TRUCK1 MARKET5 LEVEL4 LEVEL5 LEVEL0 LEVEL1) [1]
Pruned:  0: (LOAD GOODS1 TRUCK1 MARKET5 LEVEL4 LEVEL5 LEVEL0 LEVEL1) [1]
Pruned:  0: (LOAD GOODS1 TRUCK1 MARKET5 LEVEL4 LEVEL5 LEVEL0 LEVEL1) [1]
Pruned:  0: (LOAD GOODS1 TRUCK1 MARKET5 LEVEL4 LEVEL5 LEVEL0 LEVEL1) [1]
Pruned:  0: (LOAD GOODS1 TRUCK1 MARKET5 LEVEL4 LEVEL5 LEVEL0 LEVEL1) [1]
Pruned:  0: (LOAD GOODS1 TRUCK1 MARKET5 LEVEL4 LEVEL5 LEVEL0 LEVEL1) [1]
Pruned:  0: (LOAD GOODS1 TRUCK1 MARKET5 LEVEL4 LEVEL5 LEVEL0 LEVEL1) [1]
Pruned:  0: (LOAD GOODS1 TRUCK1 MARKET5 LEVEL4 LEVEL5 LEVEL0 LEVEL1) [1]
Pruned:  0: (LOAD GOODS1 TRUCK1 MARKET5 LEVEL4 LEVEL5 LEVEL0 LEVEL1) [1]
Pruned:  0: (LOAD GOODS1 TRUCK1 MARKET5 LEVEL4 LEVEL5 LEVEL0 LEVEL1) [1]
Pruned:  0: (LOAD GOODS1 TRUCK1 MARKET5 LEVEL4 LEVEL5 LEVEL0 LEVEL1) [1]
Pruned:  0: (LOAD GOODS1 TRUCK1 MARKET5 LEVEL4 LEVEL5 LEVEL0 LEVEL1) [1]
Pruned:  0: (LOAD GOODS1 TRUCK1 MARKET5 LEVEL4 LEVEL5 LEVEL0 LEVEL1) [1]
Pruned:  0: (LOAD GOODS1 TRUCK1 MARKET5 LEVEL4 LEVEL5 LEVEL0 LEVEL1) [1]
Pruned:  0: (LOAD GOODS1 TRUCK1 MARKET5 LEVEL4 LEVEL5 LEVEL0 LEVEL1) [1]
Pruned:  0: (LOAD GOODS1 TRUCK1 MARKET5 LEVEL4 LEVEL5 LEVEL0 LEVEL1) [1]
Pruned:  0: (LOAD GOODS1 TRUCK1 MARKET5 LEVEL4 LEVEL5 LEVEL0 LEVEL1) [1]
Pruned:  0: (LOAD GOODS1 TRUCK1 MARKET5 LEVEL4 LEVEL5 LEVEL0 LEVEL1) [1]
Pruned:  0: (LOAD GOODS1 TRUCK1 MARKET5 LEVEL4 LEVEL5 LEVEL0 LEVEL1) [1]
Pruned:  0: (LOAD GOODS1 TRUCK1 MARKET5 LEVEL4 LEVEL5 LEVEL0 LEVEL1) [1]
Pruned:  0: (LOAD GOODS1 TRUCK1 MARKET5 LEVEL4 LEVEL5 LEVEL0 LEVEL1) [1]
Pruned:  0: (LOAD GOODS1 TRUCK1 MARKET5 LEVEL4 LEVEL5 LEVEL0 LEVEL1) [1]
Pruned:  0: (LOAD GOODS1 TRUCK1 MARKET5 LEVEL4 LEVEL5 LEVEL0 LEVEL1) [1]
Pruned:  0: (LOAD GOODS1 TRUCK1 MARKET5 LEVEL4 LEVEL5 LEVEL0 LEVEL1) [1]
Pruned:  0: (LOAD GOODS1 TRUCK1 MARKET5 LEVEL4 LEVEL5 LEVEL0 LEVEL1) [1]
Pruned:  0: (LOAD GOODS1 TRUCK1 MARKET5 LEVEL4 LEVEL5 LEVEL0 LEVEL1) [1]
Pruned:  0: (LOAD GOODS1 TRUCK1 MARKET5 LEVEL4 LEVEL5 LEVEL0 LEVEL1) [1]
Pruned:  0: (LOAD GOODS1 TRUCK1 MARKET5 LEVEL4 LEVEL5 LEVEL0 LEVEL1) [1]
Pruned:  0: (LOAD GOODS1 TRUCK1 MARKET5 LEVEL4 LEVEL5 LEVEL0 LEVEL1) [1]
Pruned:  0: (LOAD GOODS1 TRUCK1 MARKET5 LEVEL4 LEVEL5 LEVEL0 LEVEL1) [1]
Pruned:  0: (LOAD GOODS1 TRUCK1 MARKET5 LEVEL4 LEVEL5 LEVEL0 LEVEL1) [1]
Pruned:  0: (LOAD GOODS1 TRUCK1 MARKET5 LEVEL4 LEVEL5 LEVEL0 LEVEL1) [1]
Pruned:  0: (LOAD GOODS1 TRUCK1 MARKET5 LEVEL4 LEVEL5 LEVEL0 LEVEL1) [1]
Pruned:  0: (LOAD GOODS1 TRUCK1 MARKET5 LEVEL4 LEVEL5 LEVEL0 LEVEL1) [1]
Pruned:  0: (LOAD GOODS1 TRUCK1 MARKET5 LEVEL4 LEVEL5 LEVEL0 LEVEL1) [1]
Pruned:  0: (LOAD GOODS1 TRUCK1 MARKET5 LEVEL4 LEVEL5 LEVEL0 LEVEL1) [1]
Pruned:  0: (LOAD GOODS1 TRUCK1 MARKET5 LEVEL4 LEVEL5 LEVEL0 LEVEL1) [1]
Pruned:  0: (LOAD GOODS1 TRUCK1 MARKET5 LEVEL4 LEVEL5 LEVEL0 LEVEL1) [1]
Pruned:  0: (LOAD GOODS1 TRUCK1 MARKET5 LEVEL4 LEVEL5 LEVEL0 LEVEL1) [1]
Pruned:  0: (LOAD GOODS1 TRUCK1 MARKET5 LEVEL4 LEVEL5 LEVEL0 LEVEL1) [1]
Pruned:  0: (LOAD GOODS1 TRUCK1 MARKET5 LEVEL4 LEVEL5 LEVEL0 LEVEL1) [1]
Pruned:  0: (LOAD GOODS1 TRUCK1 MARKET5 LEVEL4 LEVEL5 LEVEL0 LEVEL1) [1]
Pruned:  0: (LOAD GOODS1 TRUCK1 MARKET5 LEVEL4 LEVEL5 LEVEL0 LEVEL1) [1]
Pruned:  0: (LOAD GOODS1 TRUCK1 MARKET5 LEVEL4 LEVEL5 LEVEL0 LEVEL1) [1]
Pruned:  0: (LOAD GOODS1 TRUCK1 MARKET5 LEVEL4 LEVEL5 LEVEL0 LEVEL1) [1]
Pruned:  0: (LOAD GOODS1 TRUCK1 MARKET5 LEVEL4 LEVEL5 LEVEL0 LEVEL1) [1]
Pruned:  0: (LOAD GOODS1 TRUCK1 MARKET5 LEVEL4 LEVEL5 LEVEL0 LEVEL1) [1]
Pruned:  0: (LOAD GOODS1 TRUCK1 MARKET5 LEVEL4 LEVEL5 LEVEL0 LEVEL1) [1]
Pruned:  0: (LOAD GOODS1 TRUCK1 MARKET5 LEVEL4 LEVEL5 LEVEL0 LEVEL1) [1]
Pruned:  0: (LOAD GOODS1 TRUCK1 MARKET5 LEVEL4 LEVEL5 LEVEL0 LEVEL1) [1]
Pruned:  0: (LOAD GOODS1 TRUCK1 MARKET5 LEVEL4 LEVEL5 LEVEL0 LEVEL1) [1]
Pruned:  0: (LOAD GOODS1 TRUCK1 MARKET5 LEVEL4 LEVEL5 LEVEL0 LEVEL1) [1]
Pruned:  0: (LOAD GOODS1 TRUCK1 MARKET5 LEVEL4 LEVEL5 LEVEL0 LEVEL1) [1]
Pruned:  0: (LOAD GOODS1 TRUCK1 MARKET5 LEVEL4 LEVEL5 LEVEL0 LEVEL1) [1]
Pruned:  0: (LOAD GOODS1 TRUCK1 MARKET5 LEVEL4 LEVEL5 LEVEL0 LEVEL1) [1]
Pruned:  0: (LOAD GOODS1 TRUCK1 MARKET5 LEVEL4 LEVEL5 LEVEL0 LEVEL1) [1]
Pruned:  0: (LOAD GOODS1 TRUCK1 MARKET5 LEVEL4 LEVEL5 LEVEL0 LEVEL1) [1]
Pruned:  0: (LOAD GOODS1 TRUCK1 MARKET5 LEVEL4 LEVEL5 LEVEL0 LEVEL1) [1]
Pruned:  0: (LOAD GOODS1 TRUCK1 MARKET5 LEVEL4 LEVEL5 LEVEL0 LEVEL1) [1]
Pruned:  0: (LOAD GOODS1 TRUCK1 MARKET5 LEVEL4 LEVEL5 LEVEL0 LEVEL1) [1]
Pruned:  0: (LOAD GOODS1 TRUCK1 MARKET5 LEVEL4 LEVEL5 LEVEL0 LEVEL1) [1]
Pruned:  0: (LOAD GOODS1 TRUCK1 MARKET5 LEVEL4 LEVEL5 LEVEL0 LEVEL1) [1]
Pruned:  0: (LOAD GOODS1 TRUCK1 MARKET5 LEVEL4 LEVEL5 LEVEL0 LEVEL1) [1]
Pruned:  0: (LOAD GOODS1 TRUCK1 MARKET5 LEVEL4 LEVEL5 LEVEL0 LEVEL1) [1]
Pruned:  0: (LOAD GOODS1 TRUCK1 MARKET5 LEVEL4 LEVEL5 LEVEL0 LEVEL1) [1]
Pruned:  0: (LOAD GOODS1 TRUCK1 MARKET5 LEVEL4 LEVEL5 LEVEL0 LEVEL1) [1]
Pruned:  0: (LOAD GOODS1 TRUCK1 MARKET5 LEVEL4 LEVEL5 LEVEL0 LEVEL1) [1]
Pruned:  0: (LOAD GOODS1 TRUCK1 MARKET5 LEVEL4 LEVEL5 LEVEL0 LEVEL1) [1]
Pruned:  0: (LOAD GOODS1 TRUCK1 MARKET5 LEVEL4 LEVEL5 LEVEL0 LEVEL1) [1]
Pruned:  0: (LOAD GOODS1 TRUCK1 MARKET5 LEVEL4 LEVEL5 LEVEL0 LEVEL1) [1]
Pruned:  0: (LOAD GOODS1 TRUCK1 MARKET5 LEVEL4 LEVEL5 LEVEL0 LEVEL1) [1]
Pruned:  0: (LOAD GOODS1 TRUCK1 MARKET5 LEVEL4 LEVEL5 LEVEL0 LEVEL1) [1]
Pruned:  0: (LOAD GOODS1 TRUCK1 MARKET5 LEVEL4 LEVEL5 LEVEL0 LEVEL1) [1]
Pruned:  0: (LOAD GOODS1 TRUCK1 MARKET5 LEVEL4 LEVEL5 LEVEL0 LEVEL1) [1]
Pruned:  0: (LOAD GOODS1 TRUCK1 MARKET5 LEVEL4 LEVEL5 LEVEL0 LEVEL1) [1]
Pruned:  0: (LOAD GOODS1 TRUCK1 MARKET5 LEVEL4 LEVEL5 LEVEL0 LEVEL1) [1]
Pruned:  0: (LOAD GOODS1 TRUCK1 MARKET5 LEVEL4 LEVEL5 LEVEL0 LEVEL1) [1]
Pruned:  0: (LOAD GOODS1 TRUCK1 MARKET5 LEVEL4 LEVEL5 LEVEL0 LEVEL1) [1]
Pruned:  0: (LOAD GOODS1 TRUCK1 MARKET5 LEVEL4 LEVEL5 LEVEL0 LEVEL1) [1]
Pruned:  0: (LOAD GOODS1 TRUCK1 MARKET5 LEVEL4 LEVEL5 LEVEL0 LEVEL1) [1]
Pruned:  0: (LOAD GOODS1 TRUCK1 MARKET5 LEVEL4 LEVEL5 LEVEL0 LEVEL1) [1]
Pruned:  0: (LOAD GOODS1 TRUCK1 MARKET5 LEVEL4 LEVEL5 LEVEL0 LEVEL1) [1]
Pruned:  0: (LOAD GOODS1 TRUCK1 MARKET5 LEVEL4 LEVEL5 LEVEL0 LEVEL1) [1]
Pruned:  0: (LOAD GOODS1 TRUCK1 MARKET5 LEVEL4 LEVEL5 LEVEL0 LEVEL1) [1]
Pruned:  0: (LOAD GOODS1 TRUCK1 MARKET5 LEVEL4 LEVEL5 LEVEL0 LEVEL1) [1]
Pruned:  0: (LOAD GOODS1 TRUCK1 MARKET5 LEVEL4 LEVEL5 LEVEL0 LEVEL1) [1]
Pruned:  0: (LOAD GOODS1 TRUCK1 MARKET5 LEVEL4 LEVEL5 LEVEL0 LEVEL1) [1]
Pruned:  0: (LOAD GOODS1 TRUCK1 MARKET5 LEVEL4 LEVEL5 LEVEL0 LEVEL1) [1]
Pruned:  0: (LOAD GOODS1 TRUCK1 MARKET5 LEVEL4 LEVEL5 LEVEL0 LEVEL1) [1]
Pruned:  0: (LOAD GOODS1 TRUCK1 MARKET5 LEVEL4 LEVEL5 LEVEL0 LEVEL1) [1]
Pruned:  0: (LOAD GOODS1 TRUCK1 MARKET5 LEVEL4 LEVEL5 LEVEL0 LEVEL1) [1]
Pruned:  0: (LOAD GOODS1 TRUCK1 MARKET5 LEVEL4 LEVEL5 LEVEL0 LEVEL1) [1]
Pruned:  0: (LOAD GOODS1 TRUCK1 MARKET5 LEVEL4 LEVEL5 LEVEL0 LEVEL1) [1]
Pruned:  0: (LOAD GOODS1 TRUCK1 MARKET5 LEVEL4 LEVEL5 LEVEL0 LEVEL1) [1]
Pruned:  0: (LOAD GOODS1 TRUCK1 MARKET5 LEVEL4 LEVEL5 LEVEL0 LEVEL1) [1]
Pruned:  0: (LOAD GOODS1 TRUCK1 MARKET5 LEVEL4 LEVEL5 LEVEL0 LEVEL1) [1]
Pruned:  0: (LOAD GOODS1 TRUCK1 MARKET5 LEVEL4 LEVEL5 LEVEL0 LEVEL1) [1]
Pruned:  0: (LOAD GOODS1 TRUCK1 MARKET5 LEVEL4 LEVEL5 LEVEL0 LEVEL1) [1]
Pruned:  0: (LOAD GOODS1 TRUCK1 MARKET5 LEVEL4 LEVEL5 LEVEL0 LEVEL1) [1]
Pruned:  0: (LOAD GOODS1 TRUCK1 MARKET5 LEVEL4 LEVEL5 LEVEL0 LEVEL1) [1]
Pruned:  0: (LOAD GOODS1 TRUCK1 MARKET5 LEVEL4 LEVEL5 LEVEL0 LEVEL1) [1]
Pruned:  0: (LOAD GOODS1 TRUCK1 MARKET5 LEVEL4 LEVEL5 LEVEL0 LEVEL1) [1]
Pruned:  0: (LOAD GOODS1 TRUCK1 MARKET5 LEVEL4 LEVEL5 LEVEL0 LEVEL1) [1]
Pruned:  0: (LOAD GOODS1 TRUCK1 MARKET5 LEVEL4 LEVEL5 LEVEL0 LEVEL1) [1]
Pruned:  0: (LOAD GOODS1 TRUCK1 MARKET5 LEVEL4 LEVEL5 LEVEL0 LEVEL1) [1]
Pruned:  0: (LOAD GOODS1 TRUCK1 MARKET5 LEVEL4 LEVEL5 LEVEL0 LEVEL1) [1]
Pruned:  0: (LOAD GOODS1 TRUCK1 MARKET5 LEVEL4 LEVEL5 LEVEL0 LEVEL1) [1]
Pruned:  0: (LOAD GOODS1 TRUCK1 MARKET5 LEVEL4 LEVEL5 LEVEL0 LEVEL1) [1]
Pruned:  0: (LOAD GOODS1 TRUCK1 MARKET5 LEVEL4 LEVEL5 LEVEL0 LEVEL1) [1]
Pruned:  0: (LOAD GOODS1 TRUCK1 MARKET5 LEVEL4 LEVEL5 LEVEL0 LEVEL1) [1]
Pruned:  0: (LOAD GOODS1 TRUCK1 MARKET5 LEVEL4 LEVEL5 LEVEL0 LEVEL1) [1]
Pruned:  0: (LOAD GOODS1 TRUCK1 MARKET5 LEVEL4 LEVEL5 LEVEL0 LEVEL1) [1]
Pruned:  0: (LOAD GOODS1 TRUCK1 MARKET5 LEVEL4 LEVEL5 LEVEL0 LEVEL1) [1]
Pruned:  0: (LOAD GOODS1 TRUCK1 MARKET5 LEVEL4 LEVEL5 LEVEL0 LEVEL1) [1]
Pruned:  0: (LOAD GOODS1 TRUCK1 MARKET5 LEVEL4 LEVEL5 LEVEL0 LEVEL1) [1]
Pruned:  0: (LOAD GOODS1 TRUCK1 MARKET5 LEVEL4 LEVEL5 LEVEL0 LEVEL1) [1]
Pruned:  0: (LOAD GOODS1 TRUCK1 MARKET5 LEVEL4 LEVEL5 LEVEL0 LEVEL1) [1]
Pruned:  0: (LOAD GOODS1 TRUCK1 MARKET5 LEVEL4 LEVEL5 LEVEL0 LEVEL1) [1]
Pruned:  0: (LOAD GOODS1 TRUCK1 MARKET5 LEVEL4 LEVEL5 LEVEL0 LEVEL1) [1]
Pruned:  0: (LOAD GOODS1 TRUCK1 MARKET5 LEVEL4 LEVEL5 LEVEL0 LEVEL1) [1]
Pruned:  0: (LOAD GOODS1 TRUCK1 MARKET5 LEVEL4 LEVEL5 LEVEL0 LEVEL1) [1]
Pruned:  0: (LOAD GOODS1 TRUCK1 MARKET5 LEVEL4 LEVEL5 LEVEL0 LEVEL1) [1]
Pruned:  0: (LOAD GOODS1 TRUCK1 MARKET5 LEVEL4 LEVEL5 LEVEL0 LEVEL1) [1]
Pruned:  0: (LOAD GOODS1 TRUCK1 MARKET5 LEVEL4 LEVEL5 LEVEL0 LEVEL1) [1]
Pruned:  0: (LOAD GOODS1 TRUCK1 MARKET5 LEVEL4 LEVEL5 LEVEL0 LEVEL1) [1]
Pruned:  0: (LOAD GOODS1 TRUCK1 MARKET5 LEVEL4 LEVEL5 LEVEL0 LEVEL1) [1]
Pruned:  0: (LOAD GOODS1 TRUCK1 MARKET5 LEVEL4 LEVEL5 LEVEL0 LEVEL1) [1]
Pruned:  0: (LOAD GOODS1 TRUCK1 MARKET5 LEVEL4 LEVEL5 LEVEL0 LEVEL1) [1]
Pruned:  0: (LOAD GOODS1 TRUCK1 MARKET5 LEVEL4 LEVEL5 LEVEL0 LEVEL1) [1]
Pruned:  0: (LOAD GOODS1 TRUCK1 MARKET5 LEVEL4 LEVEL5 LEVEL0 LEVEL1) [1]
Pruned:  0: (LOAD GOODS1 TRUCK1 MARKET5 LEVEL4 LEVEL5 LEVEL0 LEVEL1) [1]
Pruned:  0: (LOAD GOODS1 TRUCK1 MARKET5 LEVEL4 LEVEL5 LEVEL0 LEVEL1) [1]
Pruned:  0: (LOAD GOODS1 TRUCK1 MARKET5 LEVEL4 LEVEL5 LEVEL0 LEVEL1) [1]
Pruned:  0: (LOAD GOODS1 TRUCK1 MARKET5 LEVEL4 LEVEL5 LEVEL0 LEVEL1) [1]
Pruned:  0: (LOAD GOODS1 TRUCK1 MARKET5 LEVEL4 LEVEL5 LEVEL0 LEVEL1) [1]
Pruned:  0: (LOAD GOODS1 TRUCK1 MARKET5 LEVEL4 LEVEL5 LEVEL0 LEVEL1) [1]
Pruned:  0: (LOAD GOODS1 TRUCK1 MARKET5 LEVEL4 LEVEL5 LEVEL0 LEVEL1) [1]
Pruned:  0: (LOAD GOODS1 TRUCK1 MARKET5 LEVEL4 LEVEL5 LEVEL0 LEVEL1) [1]
Pruned:  0: (LOAD GOODS1 TRUCK1 MARKET5 LEVEL4 LEVEL5 LEVEL0 LEVEL1) [1]
Pruned:  0: (LOAD GOODS1 TRUCK1 MARKET5 LEVEL4 LEVEL5 LEVEL0 LEVEL1) [1]
Pruned:  0: (LOAD GOODS1 TRUCK1 MARKET5 LEVEL4 LEVEL5 LEVEL0 LEVEL1) [1]
Pruned:  0: (LOAD GOODS1 TRUCK1 MARKET5 LEVEL4 LEVEL5 LEVEL0 LEVEL1) [1]
Pruned:  0: (LOAD GOODS1 TRUCK1 MARKET5 LEVEL4 LEVEL5 LEVEL0 LEVEL1) [1]
Pruned:  0: (LOAD GOODS1 TRUCK1 MARKET5 LEVEL4 LEVEL5 LEVEL0 LEVEL1) [1]
Pruned:  0: (LOAD GOODS1 TRUCK1 MARKET5 LEVEL4 LEVEL5 LEVEL0 LEVEL1) [1]
Pruned:  0: (LOAD GOODS1 TRUCK1 MARKET5 LEVEL4 LEVEL5 LEVEL0 LEVEL1) [1]
Pruned:  0: (LOAD GOODS1 TRUCK1 MARKET5 LEVEL4 LEVEL5 LEVEL0 LEVEL1) [1]
Pruned:  0: (LOAD GOODS1 TRUCK1 MARKET5 LEVEL4 LEVEL5 LEVEL0 LEVEL1) [1]
Pruned:  0: (LOAD GOODS1 TRUCK1 MARKET5 LEVEL4 LEVEL5 LEVEL0 LEVEL1) [1]
Pruned:  0: (LOAD GOODS1 TRUCK1 MARKET5 LEVEL4 LEVEL5 LEVEL0 LEVEL1) [1]
Pruned:  0: (LOAD GOODS1 TRUCK1 MARKET5 LEVEL4 LEVEL5 LEVEL0 LEVEL1) [1]
Pruned:  0: (LOAD GOODS1 TRUCK1 MARKET5 LEVEL4 LEVEL5 LEVEL0 LEVEL1) [1]
Pruned:  0: (LOAD GOODS1 TRUCK1 MARKET5 LEVEL4 LEVEL5 LEVEL0 LEVEL1) [1]
Pruned:  0: (LOAD GOODS1 TRUCK1 MARKET5 LEVEL4 LEVEL5 LEVEL0 LEVEL1) [1]
Pruned:  0: (LOAD GOODS1 TRUCK1 MARKET5 LEVEL4 LEVEL5 LEVEL0 LEVEL1) [1]
Pruned:  0: (LOAD GOODS1 TRUCK1 MARKET5 LEVEL4 LEVEL5 LEVEL0 LEVEL1) [1]
Pruned:  0: (LOAD GOODS1 TRUCK1 MARKET5 LEVEL4 LEVEL5 LEVEL0 LEVEL1) [1]
Pruned:  0: (LOAD GOODS1 TRUCK1 MARKET5 LEVEL4 LEVEL5 LEVEL0 LEVEL1) [1]
Pruned:  0: (LOAD GOODS1 TRUCK1 MARKET5 LEVEL4 LEVEL5 LEVEL0 LEVEL1) [1]
Pruned:  0: (LOAD GOODS1 TRUCK1 MARKET5 LEVEL4 LEVEL5 LEVEL0 LEVEL1) [1]
Pruned:  0: (LOAD GOODS1 TRUCK1 MARKET5 LEVEL4 LEVEL5 LEVEL0 LEVEL1) [1]
Pruned:  0: (LOAD GOODS1 TRUCK1 MARKET5 LEVEL4 LEVEL5 LEVEL0 LEVEL1) [1]
Pruned:  0: (LOAD GOODS1 TRUCK1 MARKET5 LEVEL4 LEVEL5 LEVEL0 LEVEL1) [1]
Pruned:  0: (LOAD GOODS1 TRUCK1 MARKET5 LEVEL4 LEVEL5 LEVEL0 LEVEL1) [1]
Pruned:  0: (LOAD GOODS1 TRUCK1 MARKET5 LEVEL4 LEVEL5 LEVEL0 LEVEL1) [1]
Pruned:  0: (LOAD GOODS1 TRUCK1 MARKET5 LEVEL4 LEVEL5 LEVEL0 LEVEL1) [1]
Pruned:  0: (LOAD GOODS1 TRUCK1 MARKET5 LEVEL4 LEVEL5 LEVEL0 LEVEL1) [1]
Pruned:  0: (LOAD GOODS1 TRUCK1 MARKET5 LEVEL4 LEVEL5 LEVEL0 LEVEL1) [1]
Pruned:  0: (LOAD GOODS1 TRUCK1 MARKET5 LEVEL4 LEVEL5 LEVEL0 LEVEL1) [1]
Pruned:  0: (LOAD GOODS1 TRUCK1 MARKET5 LEVEL4 LEVEL5 LEVEL0 LEVEL1) [1]
Pruned:  0: (LOAD GOODS1 TRUCK1 MARKET5 LEVEL4 LEVEL5 LEVEL0 LEVEL1) [1]
Pruned:  0: (LOAD GOODS1 TRUCK1 MARKET5 LEVEL4 LEVEL5 LEVEL0 LEVEL1) [1]
Pruned:  0: (LOAD GOODS1 TRUCK1 MARKET5 LEVEL4 LEVEL5 LEVEL0 LEVEL1) [1]
Pruned:  0: (LOAD GOODS1 TRUCK1 MARKET5 LEVEL4 LEVEL5 LEVEL0 LEVEL1) [1]
Pruned:  0: (LOAD GOODS1 TRUCK1 MARKET5 LEVEL4 LEVEL5 LEVEL0 LEVEL1) [1]
Pruned:  0: (LOAD GOODS1 TRUCK1 MARKET5 LEVEL4 LEVEL5 LEVEL0 LEVEL1) [1]
Pruned:  0: (LOAD GOODS1 TRUCK1 MARKET5 LEVEL4 LEVEL5 LEVEL0 LEVEL1) [1]
Pruned:  0: (LOAD GOODS1 TRUCK1 MARKET5 LEVEL4 LEVEL5 LEVEL0 LEVEL1) [1]
Pruned:  0: (LOAD GOODS1 TRUCK1 MARKET5 LEVEL4 LEVEL5 LEVEL0 LEVEL1) [1]
Pruned:  0: (LOAD GOODS1 TRUCK1 MARKET5 LEVEL4 LEVEL5 LEVEL0 LEVEL1) [1]
Pruned:  0: (LOAD GOODS1 TRUCK1 MARKET5 LEVEL4 LEVEL5 LEVEL0 LEVEL1) [1]
Pruned:  0: (LOAD GOODS1 TRUCK1 MARKET5 LEVEL4 LEVEL5 LEVEL0 LEVEL1) [1]
Pruned:  0: (LOAD GOODS1 TRUCK1 MARKET5 LEVEL4 LEVEL5 LEVEL0 LEVEL1) [1]
Pruned:  0: (LOAD GOODS1 TRUCK1 MARKET5 LEVEL4 LEVEL5 LEVEL0 LEVEL1) [1]
Pruned:  0: (LOAD GOODS1 TRUCK1 MARKET5 LEVEL4 LEVEL5 LEVEL0 LEVEL1) [1]
Pruned:  0: (LOAD GOODS1 TRUCK1 MARKET5 LEVEL4 LEVEL5 LEVEL0 LEVEL1) [1]
Pruned:  0: (LOAD GOODS1 TRUCK1 MARKET5 LEVEL4 LEVEL5 LEVEL0 LEVEL1) [1]
Pruned:  0: (LOAD GOODS1 TRUCK1 MARKET5 LEVEL4 LEVEL5 LEVEL0 LEVEL1) [1]
Pruned:  0: (LOAD GOODS1 TRUCK1 MARKET5 LEVEL4 LEVEL5 LEVEL0 LEVEL1) [1]
Pruned:  0: (LOAD GOODS1 TRUCK1 MARKET5 LEVEL4 LEVEL5 LEVEL0 LEVEL1) [1]
Pruned:  0: (LOAD GOODS1 TRUCK1 MARKET5 LEVEL4 LEVEL5 LEVEL0 LEVEL1) [1]
Pruned:  0: (LOAD GOODS1 TRUCK1 MARKET5 LEVEL4 LEVEL5 LEVEL0 LEVEL1) [1]
Pruned:  0: (LOAD GOODS1 TRUCK1 MARKET5 LEVEL4 LEVEL5 LEVEL0 LEVEL1) [1]
Pruned:  0: (LOAD GOODS1 TRUCK1 MARKET5 LEVEL4 LEVEL5 LEVEL0 LEVEL1) [1]
Pruned:  0: (LOAD GOODS1 TRUCK1 MARKET5 LEVEL4 LEVEL5 LEVEL0 LEVEL1) [1]
Pruned:  0: (LOAD GOODS1 TRUCK1 MARKET5 LEVEL4 LEVEL5 LEVEL0 LEVEL1) [1]
Pruned:  0: (LOAD GOODS1 TRUCK1 MARKET5 LEVEL4 LEVEL5 LEVEL0 LEVEL1) [1]
Pruned:  0: (LOAD GOODS1 TRUCK1 MARKET5 LEVEL4 LEVEL5 LEVEL0 LEVEL1) [1]
Pruned:  0: (LOAD GOODS1 TRUCK1 MARKET5 LEVEL4 LEVEL5 LEVEL0 LEVEL1) [1]
Pruned:  0: (LOAD GOODS1 TRUCK1 MARKET5 LEVEL4 LEVEL5 LEVEL0 LEVEL1) [1]
Pruned:  0: (LOAD GOODS1 TRUCK1 MARKET5 LEVEL4 LEVEL5 LEVEL0 LEVEL1) [1]
Pruned:  0: (LOAD GOODS1 TRUCK1 MARKET5 LEVEL4 LEVEL5 LEVEL0 LEVEL1) [1]
Pruned:  0: (LOAD GOODS1 TRUCK1 MARKET5 LEVEL4 LEVEL5 LEVEL0 LEVEL1) [1]
Pruned:  0: (LOAD GOODS1 TRUCK1 MARKET5 LEVEL4 LEVEL5 LEVEL0 LEVEL1) [1]
Pruned:  0: (LOAD GOODS1 TRUCK1 MARKET5 LEVEL4 LEVEL5 LEVEL0 LEVEL1) [1]
Pruned:  0: (LOAD GOODS1 TRUCK1 MARKET5 LEVEL4 LEVEL5 LEVEL0 LEVEL1) [1]
Pruned:  0: (LOAD GOODS1 TRUCK1 MARKET5 LEVEL4 LEVEL5 LEVEL0 LEVEL1) [1]
Pruned:  0: (LOAD GOODS1 TRUCK1 MARKET5 LEVEL4 LEVEL5 LEVEL0 LEVEL1) [1]
Pruned:  0: (LOAD GOODS1 TRUCK1 MARKET5 LEVEL4 LEVEL5 LEVEL0 LEVEL1) [1]
Pruned:  0: (LOAD GOODS1 TRUCK1 MARKET5 LEVEL4 LEVEL5 LEVEL0 LEVEL1) [1]
Pruned:  0: (LOAD GOODS1 TRUCK1 MARKET5 LEVEL4 LEVEL5 LEVEL0 LEVEL1) [1]
Pruned:  0: (LOAD GOODS1 TRUCK1 MARKET5 LEVEL4 LEVEL5 LEVEL0 LEVEL1) [1]
Pruned:  0: (LOAD GOODS1 TRUCK1 MARKET5 LEVEL4 LEVEL5 LEVEL0 LEVEL1) [1]
Pruned:  0: (LOAD GOODS1 TRUCK1 MARKET5 LEVEL4 LEVEL5 LEVEL0 LEVEL1) [1]
Pruned:  0: (LOAD GOODS1 TRUCK1 MARKET5 LEVEL4 LEVEL5 LEVEL0 LEVEL1) [1]
Pruned:  0: (LOAD GOODS1 TRUCK1 MARKET5 LEVEL4 LEVEL5 LEVEL0 LEVEL1) [1]
Pruned:  0: (LOAD GOODS1 TRUCK1 MARKET5 LEVEL4 LEVEL5 LEVEL0 LEVEL1) [1]
Pruned:  0: (LOAD GOODS1 TRUCK1 MARKET5 LEVEL4 LEVEL5 LEVEL0 LEVEL1) [1]
Pruned:  0: (LOAD GOODS1 TRUCK1 MARKET5 LEVEL4 LEVEL5 LEVEL0 LEVEL1) [1]
Pruned:  0: (LOAD GOODS1 TRUCK1 MARKET5 LEVEL4 LEVEL5 LEVEL0 LEVEL1) [1]
Pruned:  0: (LOAD GOODS1 TRUCK1 MARKET5 LEVEL4 LEVEL5 LEVEL0 LEVEL1) [1]
Pruned:  0: (LOAD GOODS1 TRUCK1 MARKET5 LEVEL4 LEVEL5 LEVEL0 LEVEL1) [1]
Pruned:  0: (LOAD GOODS1 TRUCK1 MARKET5 LEVEL4 LEVEL5 LEVEL0 LEVEL1) [1]
Pruned:  0: (LOAD GOODS1 TRUCK1 MARKET5 LEVEL4 LEVEL5 LEVEL0 LEVEL1) [1]
Pruned:  0: (LOAD GOODS1 TRUCK1 MARKET5 LEVEL4 LEVEL5 LEVEL0 LEVEL1) [1]
Pruned:  0: (LOAD GOODS1 TRUCK1 MARKET5 LEVEL4 LEVEL5 LEVEL0 LEVEL1) [1]
Pruned:  0: (LOAD GOODS1 TRUCK1 MARKET5 LEVEL4 LEVEL5 LEVEL0 LEVEL1) [1]
Pruned:  0: (LOAD GOODS1 TRUCK1 MARKET5 LEVEL4 LEVEL5 LEVEL0 LEVEL1) [1]
Pruned:  0: (LOAD GOODS1 TRUCK1 MARKET5 LEVEL4 LEVEL5 LEVEL0 LEVEL1) [1]
Pruned:  0: (LOAD GOODS1 TRUCK1 MARKET5 LEVEL4 LEVEL5 LEVEL0 LEVEL1) [1]
Pruned:  0: (LOAD GOODS1 TRUCK1 MARKET5 LEVEL4 LEVEL5 LEVEL0 LEVEL1) [1]
Pruned:  0: (LOAD GOODS1 TRUCK1 MARKET5 LEVEL4 LEVEL5 LEVEL0 LEVEL1) [1]
Pruned:  0: (LOAD GOODS1 TRUCK1 MARKET5 LEVEL4 LEVEL5 LEVEL0 LEVEL1) [1]
Pruned:  0: (LOAD GOODS1 TRUCK1 MARKET5 LEVEL4 LEVEL5 LEVEL0 LEVEL1) [1]
Pruned:  0: (LOAD GOODS1 TRUCK1 MARKET5 LEVEL4 LEVEL5 LEVEL0 LEVEL1) [1]
Pruned:  0: (LOAD GOODS1 TRUCK1 MARKET5 LEVEL4 LEVEL5 LEVEL0 LEVEL1) [1]
Pruned:  0: (LOAD GOODS1 TRUCK1 MARKET5 LEVEL4 LEVEL5 LEVEL0 LEVEL1) [1]
Pruned:  0: (LOAD GOODS1 TRUCK1 MARKET5 LEVEL4 LEVEL5 LEVEL0 LEVEL1) [1]
Pruned:  0: (LOAD GOODS1 TRUCK1 MARKET5 LEVEL4 LEVEL5 LEVEL0 LEVEL1) [1]
Pruned:  0: (LOAD GOODS1 TRUCK1 MARKET5 LEVEL4 LEVEL5 LEVEL0 LEVEL1) [1]
Pruned:  0: (LOAD GOODS1 TRUCK1 MARKET5 LEVEL4 LEVEL5 LEVEL0 LEVEL1) [1]
Pruned:  0: (LOAD GOODS1 TRUCK1 MARKET5 LEVEL4 LEVEL5 LEVEL0 LEVEL1) [1]
Pruned:  0: (LOAD GOODS1 TRUCK1 MARKET5 LEVEL4 LEVEL5 LEVEL0 LEVEL1) [1]
Pruned:  0: (LOAD GOODS1 TRUCK1 MARKET5 LEVEL4 LEVEL5 LEVEL0 LEVEL1) [1]
Pruned:  0: (LOAD GOODS1 TRUCK1 MARKET5 LEVEL4 LEVEL5 LEVEL0 LEVEL1) [1]
Pruned:  0: (LOAD GOODS1 TRUCK1 MARKET5 LEVEL4 LEVEL5 LEVEL0 LEVEL1) [1]
Pruned:  0: (LOAD GOODS1 TRUCK1 MARKET5 LEVEL4 LEVEL5 LEVEL0 LEVEL1) [1]
Pruned:  0: (LOAD GOODS1 TRUCK1 MARKET5 LEVEL4 LEVEL5 LEVEL0 LEVEL1) [1]
Pruned:  0: (LOAD GOODS1 TRUCK1 MARKET5 LEVEL4 LEVEL5 LEVEL0 LEVEL1) [1]
Pruned:  0: (LOAD GOODS1 TRUCK1 MARKET5 LEVEL4 LEVEL5 LEVEL0 LEVEL1) [1]
Pruned:  0: (LOAD GOODS1 TRUCK1 MARKET5 LEVEL4 LEVEL5 LEVEL0 LEVEL1) [1]
Pruned:  0: (LOAD GOODS1 TRUCK1 MARKET5 LEVEL4 LEVEL5 LEVEL0 LEVEL1) [1]
Pruned:  0: (LOAD GOODS1 TRUCK1 MARKET5 LEVEL4 LEVEL5 LEVEL0 LEVEL1) [1]
Pruned:  0: (LOAD GOODS1 TRUCK1 MARKET5 LEVEL4 LEVEL5 LEVEL0 LEVEL1) [1]
Pruned:  0: (LOAD GOODS1 TRUCK1 MARKET5 LEVEL4 LEVEL5 LEVEL0 LEVEL1) [1]
Pruned:  0: (LOAD GOODS1 TRUCK1 MARKET5 LEVEL4 LEVEL5 LEVEL0 LEVEL1) [1]
Pruned:  0: (LOAD GOODS1 TRUCK1 MARKET5 LEVEL4 LEVEL5 LEVEL0 LEVEL1) [1]
Pruned:  0: (LOAD GOODS1 TRUCK1 MARKET5 LEVEL4 LEVEL5 LEVEL0 LEVEL1) [1]
Pruned:  0: (LOAD GOODS1 TRUCK1 MARKET5 LEVEL4 LEVEL5 LEVEL0 LEVEL1) [1]
Pruned:  0: (LOAD GOODS1 TRUCK1 MARKET5 LEVEL4 LEVEL5 LEVEL0 LEVEL1) [1]
Pruned:  0: (LOAD GOODS1 TRUCK1 MARKET5 LEVEL4 LEVEL5 LEVEL0 LEVEL1) [1]
Pruned:  0: (LOAD GOODS1 TRUCK1 MARKET5 LEVEL4 LEVEL5 LEVEL0 LEVEL1) [1]
Pruned:  0: (LOAD GOODS1 TRUCK1 MARKET5 LEVEL4 LEVEL5 LEVEL0 LEVEL1) [1]
Pruned:  0: (LOAD GOODS1 TRUCK1 MARKET5 LEVEL4 LEVEL5 LEVEL0 LEVEL1) [1]
Pruned:  0: (LOAD GOODS1 TRUCK1 MARKET5 LEVEL4 LEVEL5 LEVEL0 LEVEL1) [1]
Pruned:  0: (LOAD GOODS1 TRUCK1 MARKET5 LEVEL4 LEVEL5 LEVEL0 LEVEL1) [1]
Pruned:  0: (LOAD GOODS1 TRUCK1 MARKET5 LEVEL4 LEVEL5 LEVEL0 LEVEL1) [1]
Pruned:  0: (LOAD GOODS1 TRUCK1 MARKET5 LEVEL4 LEVEL5 LEVEL0 LEVEL1) [1]
Pruned:  0: (LOAD GOODS1 TRUCK1 MARKET5 LEVEL4 LEVEL5 LEVEL0 LEVEL1) [1]
Pruned:  0: (LOAD GOODS1 TRUCK1 MARKET5 LEVEL4 LEVEL5 LEVEL0 LEVEL1) [1]
Pruned:  0: (LOAD GOODS1 TRUCK1 MARKET5 LEVEL4 LEVEL5 LEVEL0 LEVEL1) [1]
Pruned:  0: (LOAD GOODS1 TRUCK1 MARKET5 LEVEL4 LEVEL5 LEVEL0 LEVEL1) [1]
Pruned:  0: (LOAD GOODS1 TRUCK1 MARKET5 LEVEL4 LEVEL5 LEVEL0 LEVEL1) [1]
Pruned:  0: (LOAD GOODS1 TRUCK1 MARKET5 LEVEL4 LEVEL5 LEVEL0 LEVEL1) [1]
Pruned:  0: (LOAD GOODS1 TRUCK1 MARKET5 LEVEL4 LEVEL5 LEVEL0 LEVEL1) [1]
Pruned:  0: (LOAD GOODS1 TRUCK1 MARKET5 LEVEL4 LEVEL5 LEVEL0 LEVEL1) [1]
Pruned:  0: (LOAD GOODS1 TRUCK1 MARKET5 LEVEL4 LEVEL5 LEVEL0 LEVEL1) [1]
Pruned:  0: (LOAD GOODS1 TRUCK1 MARKET5 LEVEL4 LEVEL5 LEVEL0 LEVEL1) [1]
Pruned:  0: (LOAD GOODS1 TRUCK1 MARKET5 LEVEL4 LEVEL5 LEVEL0 LEVEL1) [1]
Pruned:  0: (LOAD GOODS1 TRUCK1 MARKET5 LEVEL4 LEVEL5 LEVEL0 LEVEL1) [1]
Pruned:  0: (LOAD GOODS1 TRUCK1 MARKET5 LEVEL4 LEVEL5 LEVEL0 LEVEL1) [1]
Pruned:  0: (LOAD GOODS1 TRUCK1 MARKET5 LEVEL4 LEVEL5 LEVEL0 LEVEL1) [1]
Pruned:  0: (LOAD GOODS1 TRUCK1 MARKET5 LEVEL4 LEVEL5 LEVEL0 LEVEL1) [1]
Pruned:  0: (LOAD GOODS1 TRUCK1 MARKET5 LEVEL4 LEVEL5 LEVEL0 LEVEL1) [1]
Pruned:  0: (LOAD GOODS1 TRUCK1 MARKET5 LEVEL4 LEVEL5 LEVEL0 LEVEL1) [1]
Pruned:  0: (LOAD GOODS1 TRUCK1 MARKET5 LEVEL4 LEVEL5 LEVEL0 LEVEL1) [1]
Pruned:  0: (LOAD GOODS1 TRUCK1 MARKET5 LEVEL4 LEVEL5 LEVEL0 LEVEL1) [1]
Pruned:  0: (LOAD GOODS1 TRUCK1 MARKET5 LEVEL4 LEVEL5 LEVEL0 LEVEL1) [1]
Pruned:  0: (LOAD GOODS1 TRUCK1 MARKET5 LEVEL4 LEVEL5 LEVEL0 LEVEL1) [1]
Pruned:  0: (LOAD GOODS1 TRUCK1 MARKET5 LEVEL4 LEVEL5 LEVEL0 LEVEL1) [1]
Pruned:  0: (LOAD GOODS1 TRUCK1 MARKET5 LEVEL4 LEVEL5 LEVEL0 LEVEL1) [1]
Pruned:  0: (LOAD GOODS1 TRUCK1 MARKET5 LEVEL4 LEVEL5 LEVEL0 LEVEL1) [1]
Pruned:  0: (LOAD GOODS1 TRUCK1 MARKET5 LEVEL4 LEVEL5 LEVEL0 LEVEL1) [1]
Pruned:  0: (LOAD GOODS1 TRUCK1 MARKET5 LEVEL4 LEVEL5 LEVEL0 LEVEL1) [1]
Pruned:  0: (LOAD GOODS1 TRUCK1 MARKET5 LEVEL4 LEVEL5 LEVEL0 LEVEL1) [1]
Pruned:  0: (LOAD GOODS1 TRUCK1 MARKET5 LEVEL4 LEVEL5 LEVEL0 LEVEL1) [1]
Pruned:  0: (LOAD GOODS1 TRUCK1 MARKET5 LEVEL4 LEVEL5 LEVEL0 LEVEL1) [1]
Pruned:  0: (LOAD GOODS1 TRUCK1 MARKET5 LEVEL4 LEVEL5 LEVEL0 LEVEL1) [1]
Pruned:  0: (LOAD GOODS1 TRUCK1 MARKET5 LEVEL4 LEVEL5 LEVEL0 LEVEL1) [1]
Pruned:  0: (LOAD GOODS1 TRUCK1 MARKET5 LEVEL4 LEVEL5 LEVEL0 LEVEL1) [1]
Pruned:  0: (LOAD GOODS1 TRUCK1 MARKET5 LEVEL4 LEVEL5 LEVEL0 LEVEL1) [1]
Pruned:  0: (LOAD GOODS1 TRUCK1 MARKET5 LEVEL4 LEVEL5 LEVEL0 LEVEL1) [1]
Pruned:  0: (LOAD GOODS1 TRUCK1 MARKET5 LEVEL4 LEVEL5 LEVEL0 LEVEL1) [1]
Pruned:  0: (LOAD GOODS1 TRUCK1 MARKET5 LEVEL4 LEVEL5 LEVEL0 LEVEL1) [1]
Pruned:  0: (LOAD GOODS1 TRUCK1 MARKET5 LEVEL4 LEVEL5 LEVEL0 LEVEL1) [1]
Pruned:  0: (LOAD GOODS1 TRUCK1 MARKET5 LEVEL4 LEVEL5 LEVEL0 LEVEL1) [1]
Pruned:  0: (LOAD GOODS1 TRUCK1 MARKET5 LEVEL4 LEVEL5 LEVEL0 LEVEL1) [1]
Pruned:  0: (LOAD GOODS1 TRUCK1 MARKET5 LEVEL4 LEVEL5 LEVEL0 LEVEL1) [1]
Pruned:  0: (LOAD GOODS1 TRUCK1 MARKET5 LEVEL4 LEVEL5 LEVEL0 LEVEL1) [1]
Pruned:  0: (LOAD GOODS1 TRUCK1 MARKET5 LEVEL4 LEVEL5 LEVEL0 LEVEL1) [1]
Pruned:  0: (LOAD GOODS1 TRUCK1 MARKET5 LEVEL4 LEVEL5 LEVEL0 LEVEL1) [1]
Pruned:  0: (LOAD GOODS1 TRUCK1 MARKET5 LEVEL4 LEVEL5 LEVEL0 LEVEL1) [1]
Pruned:  0: (LOAD GOODS1 TRUCK1 MARKET5 LEVEL4 LEVEL5 LEVEL0 LEVEL1) [1]
Pruned:  0: (LOAD GOODS1 TRUCK1 MARKET5 LEVEL4 LEVEL5 LEVEL0 LEVEL1) [1]
Pruned:  0: (LOAD GOODS1 TRUCK1 MARKET5 LEVEL4 LEVEL5 LEVEL0 LEVEL1) [1]
Pruned:  0: (LOAD GOODS1 TRUCK1 MARKET5 LEVEL4 LEVEL5 LEVEL0 LEVEL1) [1]
Pruned:  0: (LOAD GOODS1 TRUCK1 MARKET5 LEVEL4 LEVEL5 LEVEL0 LEVEL1) [1]
Pruned:  0: (LOAD GOODS1 TRUCK1 MARKET5 LEVEL4 LEVEL5 LEVEL0 LEVEL1) [1]
Pruned:  0: (LOAD GOODS1 TRUCK1 MARKET5 LEVEL4 LEVEL5 LEVEL0 LEVEL1) [1]
Pruned:  0: (LOAD GOODS1 TRUCK1 MARKET5 LEVEL4 LEVEL5 LEVEL0 LEVEL1) [1]
Pruned:  0: (LOAD GOODS1 TRUCK1 MARKET5 LEVEL4 LEVEL5 LEVEL0 LEVEL1) [1]
Pruned:  0: (LOAD GOODS1 TRUCK1 MARKET5 LEVEL4 LEVEL5 LEVEL0 LEVEL1) [1]
Pruned:  0: (LOAD GOODS1 TRUCK1 MARKET5 LEVEL4 LEVEL5 LEVEL0 LEVEL1) [1]
Pruned:  0: (LOAD GOODS1 TRUCK1 MARKET5 LEVEL4 LEVEL5 LEVEL0 LEVEL1) [1]
Pruned:  0: (LOAD GOODS1 TRUCK1 MARKET5 LEVEL4 LEVEL5 LEVEL0 LEVEL1) [1]
Pruned:  0: (LOAD GOODS1 TRUCK1 MARKET5 LEVEL4 LEVEL5 LEVEL0 LEVEL1) [1]
Pruned:  0: (LOAD GOODS1 TRUCK1 MARKET5 LEVEL4 LEVEL5 LEVEL0 LEVEL1) [1]
Pruned:  0: (LOAD GOODS1 TRUCK1 MARKET5 LEVEL4 LEVEL5 LEVEL0 LEVEL1) [1]
Pruned:  0: (LOAD GOODS1 TRUCK1 MARKET5 LEVEL4 LEVEL5 LEVEL0 LEVEL1) [1]
Pruned:  0: (LOAD GOODS1 TRUCK1 MARKET5 LEVEL4 LEVEL5 LEVEL0 LEVEL1) [1]
Pruned:  0: (LOAD GOODS1 TRUCK1 MARKET5 LEVEL4 LEVEL5 LEVEL0 LEVEL1) [1]
Pruned:  0: (LOAD GOODS1 TRUCK1 MARKET5 LEVEL4 LEVEL5 LEVEL0 LEVEL1) [1]
Pruned:  0: (LOAD GOODS1 TRUCK1 MARKET5 LEVEL4 LEVEL5 LEVEL0 LEVEL1) [1]
Pruned:  0: (LOAD GOODS1 TRUCK1 MARKET5 LEVEL4 LEVEL5 LEVEL0 LEVEL1) [1]
Pruned:  0: (LOAD GOODS1 TRUCK1 MARKET5 LEVEL4 LEVEL5 LEVEL0 LEVEL1) [1]
Pruned:  0: (LOAD GOODS1 TRUCK1 MARKET5 LEVEL4 LEVEL5 LEVEL0 LEVEL1) [1]
Pruned:  0: (LOAD GOODS1 TRUCK1 MARKET5 LEVEL4 LEVEL5 LEVEL0 LEVEL1) [1]
Pruned:  0: (LOAD GOODS1 TRUCK1 MARKET5 LEVEL4 LEVEL5 LEVEL0 LEVEL1) [1]
Pruned:  0: (LOAD GOODS1 TRUCK1 MARKET5 LEVEL4 LEVEL5 LEVEL0 LEVEL1) [1]
Pruned:  0: (LOAD GOODS1 TRUCK1 MARKET5 LEVEL4 LEVEL5 LEVEL0 LEVEL1) [1]
Pruned:  0: (LOAD GOODS1 TRUCK1 MARKET5 LEVEL4 LEVEL5 LEVEL0 LEVEL1) [1]
Pruned:  0: (LOAD GOODS1 TRUCK1 MARKET5 LEVEL4 LEVEL5 LEVEL0 LEVEL1) [1]
Pruned:  0: (LOAD GOODS1 TRUCK1 MARKET5 LEVEL4 LEVEL5 LEVEL0 LEVEL1) [1]
Pruned:  0: (LOAD GOODS1 TRUCK1 MARKET5 LEVEL4 LEVEL5 LEVEL0 LEVEL1) [1]
Pruned:  0: (LOAD GOODS1 TRUCK1 MARKET5 LEVEL4 LEVEL5 LEVEL0 LEVEL1) [1]
Pruned:  0: (LOAD GOODS1 TRUCK1 MARKET5 LEVEL4 LEVEL5 LEVEL0 LEVEL1) [1]
Pruned:  0: (LOAD GOODS1 TRUCK1 MARKET5 LEVEL4 LEVEL5 LEVEL0 LEVEL1) [1]
Pruned:  0: (LOAD GOODS1 TRUCK1 MARKET5 LEVEL4 LEVEL5 LEVEL0 LEVEL1) [1]
Pruned:  0: (LOAD GOODS1 TRUCK1 MARKET5 LEVEL4 LEVEL5 LEVEL0 LEVEL1) [1]
Pruned:  0: (LOAD GOODS1 TRUCK1 MARKET5 LEVEL4 LEVEL5 LEVEL0 LEVEL1) [1]
Pruned:  0: (LOAD GOODS1 TRUCK1 MARKET5 LEVEL4 LEVEL5 LEVEL0 LEVEL1) [1]
Pruned:  0: (LOAD GOODS1 TRUCK1 MARKET5 LEVEL4 LEVEL5 LEVEL0 LEVEL1) [1]
Pruned:  0: (LOAD GOODS1 TRUCK1 MARKET5 LEVEL4 LEVEL5 LEVEL0 LEVEL1) [1]
Pruned:  0: (LOAD GOODS1 TRUCK1 MARKET5 LEVEL4 LEVEL5 LEVEL0 LEVEL1) [1]
Pruned:  0: (LOAD GOODS1 TRUCK1 MARKET5 LEVEL4 LEVEL5 LEVEL0 LEVEL1) [1]
Pruned:  0: (LOAD GOODS1 TRUCK1 MARKET5 LEVEL4 LEVEL5 LEVEL0 LEVEL1) [1]
Pruned:  0: (LOAD GOODS1 TRUCK1 MARKET5 LEVEL4 LEVEL5 LEVEL0 LEVEL1) [1]
Pruned:  0: (LOAD GOODS1 TRUCK1 MARKET5 LEVEL4 LEVEL5 LEVEL0 LEVEL1) [1]
Pruned:  0: (LOAD GOODS1 TRUCK1 MARKET5 LEVEL4 LEVEL5 LEVEL0 LEVEL1) [1]
Pruned:  0: (LOAD GOODS1 TRUCK1 MARKET5 LEVEL4 LEVEL5 LEVEL0 LEVEL1) [1]
Pruned:  0: (LOAD GOODS1 TRUCK1 MARKET5 LEVEL4 LEVEL5 LEVEL0 LEVEL1) [1]
Pruned:  0: (LOAD GOODS1 TRUCK1 MARKET5 LEVEL4 LEVEL5 LEVEL0 LEVEL1) [1]
Pruned:  0: (LOAD GOODS1 TRUCK1 MARKET5 LEVEL4 LEVEL5 LEVEL0 LEVEL1) [1]
Pruned:  0: (LOAD GOODS1 TRUCK1 MARKET5 LEVEL4 LEVEL5 LEVEL0 LEVEL1) [1]
Pruned:  0: (LOAD GOODS1 TRUCK1 MARKET5 LEVEL4 LEVEL5 LEVEL0 LEVEL1) [1]
Pruned:  0: (LOAD GOODS1 TRUCK1 MARKET5 LEVEL4 LEVEL5 LEVEL0 LEVEL1) [1]
Pruned:  0: (LOAD GOODS1 TRUCK1 MARKET5 LEVEL4 LEVEL5 LEVEL0 LEVEL1) [1]
Pruned:  0: (LOAD GOODS1 TRUCK1 MARKET5 LEVEL4 LEVEL5 LEVEL0 LEVEL1) [1]
Pruned:  0: (LOAD GOODS1 TRUCK1 MARKET5 LEVEL4 LEVEL5 LEVEL0 LEVEL1) [1]
Pruned:  0: (LOAD GOODS1 TRUCK1 MARKET5 LEVEL4 LEVEL5 LEVEL0 LEVEL1) [1]
Pruned:  0: (LOAD GOODS1 TRUCK1 MARKET5 LEVEL4 LEVEL5 LEVEL0 LEVEL1) [1]
Pruned:  0: (LOAD GOODS1 TRUCK1 MARKET5 LEVEL4 LEVEL5 LEVEL0 LEVEL1) [1]
Pruned:  0: (LOAD GOODS1 TRUCK1 MARKET5 LEVEL4 LEVEL5 LEVEL0 LEVEL1) [1]
Pruned:  0: (LOAD GOODS1 TRUCK1 MARKET5 LEVEL4 LEVEL5 LEVEL0 LEVEL1) [1]
Pruned:  0: (LOAD GOODS1 TRUCK1 MARKET5 LEVEL4 LEVEL5 LEVEL0 LEVEL1) [1]
Pruned:  0: (LOAD GOODS1 TRUCK1 MARKET5 LEVEL4 LEVEL5 LEVEL0 LEVEL1) [1]
Pruned:  0: (LOAD GOODS1 TRUCK1 MARKET5 LEVEL4 LEVEL5 LEVEL0 LEVEL1) [1]
Pruned:  0: (LOAD GOODS1 TRUCK1 MARKET5 LEVEL4 LEVEL5 LEVEL0 LEVEL1) [1]
Pruned:  0: (LOAD GOODS1 TRUCK1 MARKET5 LEVEL4 LEVEL5 LEVEL0 LEVEL1) [1]
Pruned:  0: (LOAD GOODS1 TRUCK1 MARKET5 LEVEL4 LEVEL5 LEVEL0 LEVEL1) [1]
Pruned:  0: (LOAD GOODS1 TRUCK1 MARKET5 LEVEL4 LEVEL5 LEVEL0 LEVEL1) [1]
Pruned:  0: (LOAD GOODS1 TRUCK1 MARKET5 LEVEL4 LEVEL5 LEVEL0 LEVEL1) [1]
Pruned:  0: (LOAD GOODS1 TRUCK1 MARKET5 LEVEL4 LEVEL5 LEVEL0 LEVEL1) [1]
Pruned:  0: (LOAD GOODS1 TRUCK1 MARKET5 LEVEL4 LEVEL5 LEVEL0 LEVEL1) [1]
Pruned:  0: (LOAD GOODS1 TRUCK1 MARKET5 LEVEL4 LEVEL5 LEVEL0 LEVEL1) [1]
Pruned:  0: (LOAD GOODS1 TRUCK1 MARKET5 LEVEL4 LEVEL5 LEVEL0 LEVEL1) [1]
Pruned:  0: (LOAD GOODS1 TRUCK1 MARKET5 LEVEL4 LEVEL5 LEVEL0 LEVEL1) [1]
Pruned:  0: (LOAD GOODS1 TRUCK1 MARKET5 LEVEL4 LEVEL5 LEVEL0 LEVEL1) [1]
Pruned:  0: (LOAD GOODS1 TRUCK1 MARKET5 LEVEL4 LEVEL5 LEVEL0 LEVEL1) [1]
Pruned:  0: (LOAD GOODS1 TRUCK1 MARKET5 LEVEL4 LEVEL5 LEVEL0 LEVEL1) [1]
Pruned:  0: (LOAD GOODS1 TRUCK1 MARKET5 LEVEL4 LEVEL5 LEVEL0 LEVEL1) [1]
Pruned:  0: (LOAD GOODS1 TRUCK1 MARKET5 LEVEL4 LEVEL5 LEVEL0 LEVEL1) [1]
Pruned:  0: (LOAD GOODS1 TRUCK1 MARKET5 LEVEL4 LEVEL5 LEVEL0 LEVEL1) [1]
Pruned:  0: (LOAD GOODS1 TRUCK1 MARKET5 LEVEL4 LEVEL5 LEVEL0 LEVEL1) [1]
Pruned:  0: (LOAD GOODS1 TRUCK1 MARKET5 LEVEL4 LEVEL5 LEVEL0 LEVEL1) [1]
Pruned:  0: (LOAD GOODS1 TRUCK1 MARKET5 LEVEL4 LEVEL5 LEVEL0 LEVEL1) [1]
Pruned:  0: (LOAD GOODS1 TRUCK1 MARKET5 LEVEL4 LEVEL5 LEVEL0 LEVEL1) [1]
Pruned:  0: (LOAD GOODS1 TRUCK1 MARKET5 LEVEL4 LEVEL5 LEVEL0 LEVEL1) [1]
Pruned:  0: (LOAD GOODS1 TRUCK1 MARKET5 LEVEL4 LEVEL5 LEVEL0 LEVEL1) [1]
Pruned:  0: (LOAD GOODS1 TRUCK1 MARKET5 LEVEL4 LEVEL5 LEVEL0 LEVEL1) [1]
Pruned:  0: (LOAD GOODS1 TRUCK1 MARKET5 LEVEL4 LEVEL5 LEVEL0 LEVEL1) [1]
Pruned:  0: (LOAD GOODS1 TRUCK1 MARKET5 LEVEL4 LEVEL5 LEVEL0 LEVEL1) [1]
Pruned:  0: (LOAD GOODS1 TRUCK1 MARKET5 LEVEL4 LEVEL5 LEVEL0 LEVEL1) [1]
Pruned:  0: (LOAD GOODS1 TRUCK1 MARKET5 LEVEL4 LEVEL5 LEVEL0 LEVEL1) [1]
Pruned:  0: (LOAD GOODS1 TRUCK1 MARKET5 LEVEL4 LEVEL5 LEVEL0 LEVEL1) [1]
Pruned:  0: (LOAD GOODS1 TRUCK1 MARKET5 LEVEL4 LEVEL5 LEVEL0 LEVEL1) [1]
Pruned:  0: (LOAD GOODS1 TRUCK1 MARKET5 LEVEL4 LEVEL5 LEVEL0 LEVEL1) [1]
Pruned:  0: (LOAD GOODS1 TRUCK1 MARKET5 LEVEL4 LEVEL5 LEVEL0 LEVEL1) [1]
Pruned:  0: (LOAD GOODS1 TRUCK1 MARKET5 LEVEL4 LEVEL5 LEVEL0 LEVEL1) [1]
Pruned:  0: (LOAD GOODS1 TRUCK1 MARKET5 LEVEL4 LEVEL5 LEVEL0 LEVEL1) [1]
Pruned:  0: (LOAD GOODS1 TRUCK1 MARKET5 LEVEL4 LEVEL5 LEVEL0 LEVEL1) [1]
Pruned:  0: (LOAD GOODS1 TRUCK1 MARKET5 LEVEL4 LEVEL5 LEVEL0 LEVEL1) [1]
Pruned:  0: (LOAD GOODS1 TRUCK1 MARKET5 LEVEL4 LEVEL5 LEVEL0 LEVEL1) [1]
Pruned:  0: (LOAD GOODS1 TRUCK1 MARKET5 LEVEL4 LEVEL5 LEVEL0 LEVEL1) [1]
Pruned:  0: (LOAD GOODS1 TRUCK1 MARKET5 LEVEL4 LEVEL5 LEVEL0 LEVEL1) [1]
Pruned:  0: (LOAD GOODS1 TRUCK1 MARKET5 LEVEL4 LEVEL5 LEVEL0 LEVEL1) [1]
Pruned:  0: (LOAD GOODS1 TRUCK1 MARKET5 LEVEL4 LEVEL5 LEVEL0 LEVEL1) [1]
Pruned:  0: (LOAD GOODS1 TRUCK1 MARKET5 LEVEL4 LEVEL5 LEVEL0 LEVEL1) [1]
Pruned:  0: (LOAD GOODS1 TRUCK1 MARKET5 LEVEL4 LEVEL5 LEVEL0 LEVEL1) [1]
Pruned:  0: (LOAD GOODS1 TRUCK1 MARKET5 LEVEL4 LEVEL5 LEVEL0 LEVEL1) [1]
Pruned:  0: (LOAD GOODS1 TRUCK1 MARKET5 LEVEL4 LEVEL5 LEVEL0 LEVEL1) [1]
Pruned:  0: (LOAD GOODS1 TRUCK1 MARKET5 LEVEL4 LEVEL5 LEVEL0 LEVEL1) [1]
Pruned:  0: (LOAD GOODS1 TRUCK1 MARKET5 LEVEL4 LEVEL5 LEVEL0 LEVEL1) [1]
Pruned:  0: (LOAD GOODS1 TRUCK1 MARKET5 LEVEL4 LEVEL5 LEVEL0 LEVEL1) [1]
Pruned:  0: (LOAD GOODS1 TRUCK1 MARKET5 LEVEL4 LEVEL5 LEVEL0 LEVEL1) [1]
Pruned:  0: (LOAD GOODS1 TRUCK1 MARKET5 LEVEL4 LEVEL5 LEVEL0 LEVEL1) [1]
Pruned:  0: (LOAD GOODS1 TRUCK1 MARKET5 LEVEL4 LEVEL5 LEVEL0 LEVEL1) [1]
Pruned:  0: (LOAD GOODS1 TRUCK1 MARKET5 LEVEL4 LEVEL5 LEVEL0 LEVEL1) [1]
Pruned:  0: (LOAD GOODS1 TRUCK1 MARKET5 LEVEL4 LEVEL5 LEVEL0 LEVEL1) [1]
Pruned:  0: (LOAD GOODS1 TRUCK1 MARKET5 LEVEL4 LEVEL5 LEVEL0 LEVEL1) [1]
Pruned:  0: (LOAD GOODS1 TRUCK1 MARKET5 LEVEL4 LEVEL5 LEVEL0 LEVEL1) [1]
Pruned:  0: (LOAD GOODS1 TRUCK1 MARKET5 LEVEL4 LEVEL5 LEVEL0 LEVEL1) [1]
Pruned:  0: (LOAD GOODS1 TRUCK1 MARKET5 LEVEL4 LEVEL5 LEVEL0 LEVEL1) [1]
Pruned:  0: (LOAD GOODS1 TRUCK1 MARKET5 LEVEL4 LEVEL5 LEVEL0 LEVEL1) [1]
Pruned:  0: (LOAD GOODS1 TRUCK1 MARKET5 LEVEL4 LEVEL5 LEVEL0 LEVEL1) [1]
Pruned:  0: (LOAD GOODS1 TRUCK1 MARKET5 LEVEL4 LEVEL5 LEVEL0 LEVEL1) [1]
Pruned:  0: (LOAD GOODS1 TRUCK1 MARKET5 LEVEL4 LEVEL5 LEVEL0 LEVEL1) [1]
Pruned:  0: (LOAD GOODS1 TRUCK1 MARKET5 LEVEL4 LEVEL5 LEVEL0 LEVEL1) [1]
Pruned:  0: (LOAD GOODS1 TRUCK1 MARKET5 LEVEL4 LEVEL5 LEVEL0 LEVEL1) [1]
Pruned:  0: (LOAD GOODS1 TRUCK1 MARKET5 LEVEL4 LEVEL5 LEVEL0 LEVEL1) [1]
Pruned:  0: (LOAD GOODS1 TRUCK1 MARKET5 LEVEL4 LEVEL5 LEVEL0 LEVEL1) [1]
Pruned:  0: (LOAD GOODS1 TRUCK1 MARKET5 LEVEL4 LEVEL5 LEVEL0 LEVEL1) [1]
Pruned:  0: (LOAD GOODS1 TRUCK1 MARKET5 LEVEL4 LEVEL5 LEVEL0 LEVEL1) [1]
Pruned:  0: (LOAD GOODS1 TRUCK1 MARKET5 LEVEL4 LEVEL5 LEVEL0 LEVEL1) [1]
Pruned:  0: (LOAD GOODS1 TRUCK1 MARKET5 LEVEL4 LEVEL5 LEVEL0 LEVEL1) [1]
Pruned:  0: (LOAD GOODS1 TRUCK1 MARKET5 LEVEL4 LEVEL5 LEVEL0 LEVEL1) [1]
Pruned:  0: (LOAD GOODS1 TRUCK1 MARKET5 LEVEL4 LEVEL5 LEVEL0 LEVEL1) [1]
Pruned:  0: (LOAD GOODS1 TRUCK1 MARKET5 LEVEL4 LEVEL5 LEVEL0 LEVEL1) [1]
Pruned:  0: (LOAD GOODS1 TRUCK1 MARKET5 LEVEL4 LEVEL5 LEVEL0 LEVEL1) [1]
Pruned:  0: (LOAD GOODS1 TRUCK1 MARKET5 LEVEL4 LEVEL5 LEVEL0 LEVEL1) [1]
Pruned:  0: (LOAD GOODS1 TRUCK1 MARKET5 LEVEL4 LEVEL5 LEVEL0 LEVEL1) [1]
Pruned:  0: (LOAD GOODS1 TRUCK1 MARKET5 LEVEL4 LEVEL5 LEVEL0 LEVEL1) [1]
Pruned:  0: (LOAD GOODS1 TRUCK1 MARKET5 LEVEL4 LEVEL5 LEVEL0 LEVEL1) [1]
Pruned:  0: (LOAD GOODS1 TRUCK1 MARKET5 LEVEL4 LEVEL5 LEVEL0 LEVEL1) [1]
Pruned:  0: (LOAD GOODS1 TRUCK1 MARKET5 LEVEL4 LEVEL5 LEVEL0 LEVEL1) [1]
Pruned:  0: (LOAD GOODS1 TRUCK1 MARKET5 LEVEL4 LEVEL5 LEVEL0 LEVEL1) [1]
Pruned:  0: (LOAD GOODS1 TRUCK1 MARKET5 LEVEL4 LEVEL5 LEVEL0 LEVEL1) [1]
Pruned:  0: (LOAD GOODS1 TRUCK1 MARKET5 LEVEL4 LEVEL5 LEVEL0 LEVEL1) [1]
Pruned:  0: (LOAD GOODS1 TRUCK1 MARKET5 LEVEL4 LEVEL5 LEVEL0 LEVEL1) [1]
Pruned:  0: (LOAD GOODS1 TRUCK1 MARKET5 LEVEL4 LEVEL5 LEVEL0 LEVEL1) [1]
Pruned:  0: (LOAD GOODS1 TRUCK1 MARKET5 LEVEL4 LEVEL5 LEVEL0 LEVEL1) [1]
Pruned:  0: (LOAD GOODS1 TRUCK1 MARKET5 LEVEL4 LEVEL5 LEVEL0 LEVEL1) [1]
Pruned:  0: (LOAD GOODS1 TRUCK1 MARKET5 LEVEL4 LEVEL5 LEVEL0 LEVEL1) [1]
Pruned:  0: (LOAD GOODS1 TRUCK1 MARKET5 LEVEL4 LEVEL5 LEVEL0 LEVEL1) [1]
Pruned:  0: (LOAD GOODS1 TRUCK1 MARKET5 LEVEL4 LEVEL5 LEVEL0 LEVEL1) [1]
Pruned:  0: (LOAD GOODS1 TRUCK1 MARKET5 LEVEL4 LEVEL5 LEVEL0 LEVEL1) [1]
Pruned:  0: (LOAD GOODS1 TRUCK1 MARKET5 LEVEL4 LEVEL5 LEVEL0 LEVEL1) [1]
Pruned:  0: (LOAD GOODS1 TRUCK1 MARKET5 LEVEL4 LEVEL5 LEVEL0 LEVEL1) [1]
Pruned:  0: (LOAD GOODS1 TRUCK1 MARKET5 LEVEL4 LEVEL5 LEVEL0 LEVEL1) [1]
Pruned:  0: (LOAD GOODS1 TRUCK1 MARKET5 LEVEL4 LEVEL5 LEVEL0 LEVEL1) [1]
Pruned:  0: (LOAD GOODS1 TRUCK1 MARKET5 LEVEL4 LEVEL5 LEVEL0 LEVEL1) [1]
Pruned:  0: (LOAD GOODS1 TRUCK1 MARKET5 LEVEL4 LEVEL5 LEVEL0 LEVEL1) [1]
Pruned:  0: (LOAD GOODS1 TRUCK1 MARKET5 LEVEL4 LEVEL5 LEVEL0 LEVEL1) [1]
Pruned:  0: (LOAD GOODS1 TRUCK1 MARKET5 LEVEL4 LEVEL5 LEVEL0 LEVEL1) [1]
Pruned:  0: (LOAD GOODS1 TRUCK1 MARKET5 LEVEL4 LEVEL5 LEVEL0 LEVEL1) [1]
Pruned:  0: (LOAD GOODS1 TRUCK1 MARKET5 LEVEL4 LEVEL5 LEVEL0 LEVEL1) [1]
Pruned:  0: (LOAD GOODS1 TRUCK1 MARKET5 LEVEL4 LEVEL5 LEVEL0 LEVEL1) [1]
Pruned:  0: (LOAD GOODS1 TRUCK1 MARKET5 LEVEL4 LEVEL5 LEVEL0 LEVEL1) [1]
Pruned:  0: (LOAD GOODS1 TRUCK1 MARKET5 LEVEL4 LEVEL5 LEVEL0 LEVEL1) [1]
Pruned:  0: (LOAD GOODS1 TRUCK1 MARKET5 LEVEL4 LEVEL5 LEVEL0 LEVEL1) [1]
Pruned:  0: (LOAD GOODS1 TRUCK1 MARKET5 LEVEL4 LEVEL5 LEVEL0 LEVEL1) [1]
Pruned:  0: (LOAD GOODS1 TRUCK1 MARKET5 LEVEL4 LEVEL5 LEVEL0 LEVEL1) [1]
Pruned:  0: (LOAD GOODS1 TRUCK1 MARKET5 LEVEL4 LEVEL5 LEVEL0 LEVEL1) [1]
Pruned:  0: (LOAD GOODS1 TRUCK1 MARKET5 LEVEL4 LEVEL5 LEVEL0 LEVEL1) [1]
Pruned:  0: (LOAD GOODS1 TRUCK1 MARKET5 LEVEL4 LEVEL5 LEVEL0 LEVEL1) [1]
Pruned:  0: (LOAD GOODS1 TRUCK1 MARKET5 LEVEL4 LEVEL5 LEVEL0 LEVEL1) [1]
Pruned:  0: (LOAD GOODS1 TRUCK1 MARKET5 LEVEL4 LEVEL5 LEVEL0 LEVEL1) [1]
Pruned:  0: (LOAD GOODS1 TRUCK1 MARKET5 LEVEL4 LEVEL5 LEVEL0 LEVEL1) [1]
Pruned:  0: (LOAD GOODS1 TRUCK1 MARKET5 LEVEL4 LEVEL5 LEVEL0 LEVEL1) [1]
Pruned:  0: (LOAD GOODS1 TRUCK1 MARKET5 LEVEL4 LEVEL5 LEVEL0 LEVEL1) [1]
Pruned:  0: (LOAD GOODS1 TRUCK1 MARKET5 LEVEL4 LEVEL5 LEVEL0 LEVEL1) [1]
Pruned:  0: (LOAD GOODS1 TRUCK1 MARKET5 LEVEL4 LEVEL5 LEVEL0 LEVEL1) [1]
Pruned:  0: (LOAD GOODS1 TRUCK1 MARKET5 LEVEL4 LEVEL5 LEVEL0 LEVEL1) [1]
Pruned:  0: (LOAD GOODS1 TRUCK1 MARKET5 LEVEL4 LEVEL5 LEVEL0 LEVEL1) [1]
Pruned:  0: (LOAD GOODS1 TRUCK1 MARKET5 LEVEL4 LEVEL5 LEVEL0 LEVEL1) [1]
Pruned:  0: (LOAD GOODS1 TRUCK1 MARKET5 LEVEL4 LEVEL5 LEVEL0 LEVEL1) [1]
Pruned:  0: (LOAD GOODS1 TRUCK1 MARKET5 LEVEL4 LEVEL5 LEVEL0 LEVEL1) [1]
Pruned:  0: (LOAD GOODS1 TRUCK1 MARKET5 LEVEL4 LEVEL5 LEVEL0 LEVEL1) [1]
Pruned:  0: (LOAD GOODS1 TRUCK1 MARKET5 LEVEL4 LEVEL5 LEVEL0 LEVEL1) [1]
Pruned:  0: (LOAD GOODS1 TRUCK1 MARKET5 LEVEL4 LEVEL5 LEVEL0 LEVEL1) [1]
Pruned:  0: (LOAD GOODS1 TRUCK1 MARKET5 LEVEL4 LEVEL5 LEVEL0 LEVEL1) [1]
Pruned:  0: (LOAD GOODS1 TRUCK1 MARKET5 LEVEL4 LEVEL5 LEVEL0 LEVEL1) [1]
Pruned:  0: (LOAD GOODS1 TRUCK1 MARKET5 LEVEL4 LEVEL5 LEVEL0 LEVEL1) [1]
Pruned:  0: (LOAD GOODS1 TRUCK1 MARKET5 LEVEL4 LEVEL5 LEVEL0 LEVEL1) [1]
Pruned:  0: (LOAD GOODS1 TRUCK1 MARKET5 LEVEL4 LEVEL5 LEVEL0 LEVEL1) [1]
Pruned:  0: (LOAD GOODS1 TRUCK1 MARKET5 LEVEL4 LEVEL5 LEVEL0 LEVEL1) [1]
Pruned:  0: (LOAD GOODS1 TRUCK1 MARKET5 LEVEL4 LEVEL5 LEVEL0 LEVEL1) [1]
Pruned:  0: (LOAD GOODS1 TRUCK1 MARKET5 LEVEL4 LEVEL5 LEVEL0 LEVEL1) [1]
Pruned:  0: (LOAD GOODS1 TRUCK1 MARKET5 LEVEL4 LEVEL5 LEVEL0 LEVEL1) [1]
Pruned:  0: (LOAD GOODS1 TRUCK1 MARKET5 LEVEL4 LEVEL5 LEVEL0 LEVEL1) [1]
Pruned:  0: (LOAD GOODS1 TRUCK1 MARKET5 LEVEL4 LEVEL5 LEVEL0 LEVEL1) [1]
Pruned:  0: (LOAD GOODS1 TRUCK1 MARKET5 LEVEL4 LEVEL5 LEVEL0 LEVEL1) [1]
Pruned:  0: (LOAD GOODS1 TRUCK1 MARKET5 LEVEL4 LEVEL5 LEVEL0 LEVEL1) [1]
Pruned:  0: (LOAD GOODS1 TRUCK1 MARKET5 LEVEL4 LEVEL5 LEVEL0 LEVEL1) [1]
Pruned:  0: (LOAD GOODS1 TRUCK1 MARKET5 LEVEL4 LEVEL5 LEVEL0 LEVEL1) [1]
Pruned:  0: (LOAD GOODS1 TRUCK1 MARKET5 LEVEL4 LEVEL5 LEVEL0 LEVEL1) [1]
Pruned:  0: (LOAD GOODS1 TRUCK1 MARKET5 LEVEL4 LEVEL5 LEVEL0 LEVEL1) [1]
Pruned:  0: (LOAD GOODS1 TRUCK1 MARKET5 LEVEL4 LEVEL5 LEVEL0 LEVEL1) [1]
Pruned:  0: (LOAD GOODS1 TRUCK1 MARKET5 LEVEL4 LEVEL5 LEVEL0 LEVEL1) [1]
Pruned:  0: (LOAD GOODS1 TRUCK1 MARKET5 LEVEL4 LEVEL5 LEVEL0 LEVEL1) [1]
Pruned:  0: (LOAD GOODS1 TRUCK1 MARKET5 LEVEL4 LEVEL5 LEVEL0 LEVEL1) [1]
Pruned:  0: (LOAD GOODS1 TRUCK1 MARKET5 LEVEL4 LEVEL5 LEVEL0 LEVEL1) [1]
Pruned:  0: (LOAD GOODS1 TRUCK1 MARKET5 LEVEL4 LEVEL5 LEVEL0 LEVEL1) [1]
Pruned:  0: (LOAD GOODS1 TRUCK1 MARKET5 LEVEL4 LEVEL5 LEVEL0 LEVEL1) [1]
Pruned:  0: (LOAD GOODS1 TRUCK1 MARKET5 LEVEL4 LEVEL5 LEVEL0 LEVEL1) [1]
Pruned:  0: (LOAD GOODS1 TRUCK1 MARKET5 LEVEL4 LEVEL5 LEVEL0 LEVEL1) [1]
Pruned:  0: (LOAD GOODS1 TRUCK1 MARKET5 LEVEL4 LEVEL5 LEVEL0 LEVEL1) [1]
Pruned:  0: (LOAD GOODS1 TRUCK1 MARKET5 LEVEL4 LEVEL5 LEVEL0 LEVEL1) [1]
Pruned:  0: (LOAD GOODS1 TRUCK1 MARKET5 LEVEL4 LEVEL5 LEVEL0 LEVEL1) [1]
Pruned:  0: (LOAD GOODS1 TRUCK1 MARKET5 LEVEL4 LEVEL5 LEVEL0 LEVEL1) [1]
Pruned:  0: (LOAD GOODS1 TRUCK1 MARKET5 LEVEL4 LEVEL5 LEVEL0 LEVEL1) [1]
Pruned:  0: (LOAD GOODS1 TRUCK1 MARKET5 LEVEL4 LEVEL5 LEVEL0 LEVEL1) [1]
Pruned:  0: (LOAD GOODS1 TRUCK1 MARKET5 LEVEL4 LEVEL5 LEVEL0 LEVEL1) [1]
Pruned:  0: (LOAD GOODS1 TRUCK1 MARKET5 LEVEL4 LEVEL5 LEVEL0 LEVEL1) [1]
Pruned:  0: (LOAD GOODS1 TRUCK1 MARKET5 LEVEL4 LEVEL5 LEVEL0 LEVEL1) [1]
Pruned:  0: (LOAD GOODS1 TRUCK1 MARKET5 LEVEL4 LEVEL5 LEVEL0 LEVEL1) [1]
Pruned:  0: (LOAD GOODS1 TRUCK1 MARKET5 LEVEL4 LEVEL5 LEVEL0 LEVEL1) [1]
Pruned:  0: (LOAD GOODS1 TRUCK1 MARKET5 LEVEL4 LEVEL5 LEVEL0 LEVEL1) [1]
Pruned:  0: (LOAD GOODS1 TRUCK1 MARKET5 LEVEL4 LEVEL5 LEVEL0 LEVEL1) [1]
Pruned:  0: (LOAD GOODS1 TRUCK1 MARKET5 LEVEL4 LEVEL5 LEVEL0 LEVEL1) [1]
Pruned:  0: (LOAD GOODS1 TRUCK1 MARKET5 LEVEL4 LEVEL5 LEVEL0 LEVEL1) [1]
Pruned:  0: (LOAD GOODS1 TRUCK1 MARKET5 LEVEL4 LEVEL5 LEVEL0 LEVEL1) [1]
Pruned:  0: (LOAD GOODS1 TRUCK1 MARKET5 LEVEL4 LEVEL5 LEVEL0 LEVEL1) [1]
Pruned:  0: (LOAD GOODS1 TRUCK1 MARKET5 LEVEL4 LEVEL5 LEVEL0 LEVEL1) [1]
Pruned:  0: (LOAD GOODS1 TRUCK1 MARKET5 LEVEL4 LEVEL5 LEVEL0 LEVEL1) [1]
Pruned:  0: (LOAD GOODS1 TRUCK1 MARKET5 LEVEL4 LEVEL5 LEVEL0 LEVEL1) [1]
Pruned:  0: (LOAD GOODS1 TRUCK1 MARKET5 LEVEL4 LEVEL5 LEVEL0 LEVEL1) [1]
Pruned:  0: (LOAD GOODS1 TRUCK1 MARKET5 LEVEL4 LEVEL5 LEVEL0 LEVEL1) [1]
Pruned:  0: (LOAD GOODS1 TRUCK1 MARKET5 LEVEL4 LEVEL5 LEVEL0 LEVEL1) [1]
Pruned:  0: (LOAD GOODS1 TRUCK1 MARKET5 LEVEL4 LEVEL5 LEVEL0 LEVEL1) [1]
Pruned:  0: (LOAD GOODS1 TRUCK1 MARKET5 LEVEL4 LEVEL5 LEVEL0 LEVEL1) [1]
Pruned:  0: (LOAD GOODS1 TRUCK1 MARKET5 LEVEL4 LEVEL5 LEVEL0 LEVEL1) [1]
Pruned:  0: (LOAD GOODS1 TRUCK1 MARKET5 LEVEL4 LEVEL5 LEVEL0 LEVEL1) [1]
Pruned:  0: (LOAD GOODS1 TRUCK1 MARKET5 LEVEL4 LEVEL5 LEVEL0 LEVEL1) [1]
Pruned:  0: (LOAD GOODS1 TRUCK1 MARKET5 LEVEL4 LEVEL5 LEVEL0 LEVEL1) [1]
Pruned:  0: (LOAD GOODS1 TRUCK1 MARKET5 LEVEL4 LEVEL5 LEVEL0 LEVEL1) [1]
Pruned:  0: (LOAD GOODS1 TRUCK1 MARKET5 LEVEL4 LEVEL5 LEVEL0 LEVEL1) [1]
Pruned:  0: (LOAD GOODS1 TRUCK1 MARKET5 LEVEL4 LEVEL5 LEVEL0 LEVEL1) [1]
Pruned:  0: (LOAD GOODS1 TRUCK1 MARKET5 LEVEL4 LEVEL5 LEVEL0 LEVEL1) [1]
Pruned:  0: (LOAD GOODS1 TRUCK1 MARKET5 LEVEL4 LEVEL5 LEVEL0 LEVEL1) [1]
Pruned:  0: (LOAD GOODS1 TRUCK1 MARKET5 LEVEL4 LEVEL5 LEVEL0 LEVEL1) [1]
Pruned:  0: (LOAD GOODS1 TRUCK1 MARKET5 LEVEL4 LEVEL5 LEVEL0 LEVEL1) [1]
Pruned:  0: (LOAD GOODS1 TRUCK1 MARKET5 LEVEL4 LEVEL5 LEVEL0 LEVEL1) [1]
Pruned:  0: (LOAD GOODS1 TRUCK1 MARKET5 LEVEL4 LEVEL5 LEVEL0 LEVEL1) [1]
Pruned:  0: (LOAD GOODS1 TRUCK1 MARKET5 LEVEL4 LEVEL5 LEVEL0 LEVEL1) [1]
Pruned:  0: (LOAD GOODS1 TRUCK1 MARKET5 LEVEL4 LEVEL5 LEVEL0 LEVEL1) [1]
Pruned:  0: (LOAD GOODS1 TRUCK1 MARKET5 LEVEL4 LEVEL5 LEVEL0 LEVEL1) [1]
Pruned:  0: (LOAD GOODS1 TRUCK1 MARKET5 LEVEL4 LEVEL5 LEVEL0 LEVEL1) [1]
Pruned:  0: (LOAD GOODS1 TRUCK1 MARKET5 LEVEL4 LEVEL5 LEVEL0 LEVEL1) [1]
Pruned:  0: (LOAD GOODS1 TRUCK1 MARKET5 LEVEL4 LEVEL5 LEVEL0 LEVEL1) [1]
Pruned:  0: (LOAD GOODS1 TRUCK1 MARKET5 LEVEL4 LEVEL5 LEVEL0 LEVEL1) [1]
Pruned:  0: (LOAD GOODS1 TRUCK1 MARKET5 LEVEL4 LEVEL5 LEVEL0 LEVEL1) [1]
Pruned:  0: (LOAD GOODS1 TRUCK1 MARKET5 LEVEL4 LEVEL5 LEVEL0 LEVEL1) [1]
Pruned:  0: (LOAD GOODS1 TRUCK1 MARKET5 LEVEL4 LEVEL5 LEVEL0 LEVEL1) [1]
Pruned:  0: (LOAD GOODS1 TRUCK1 MARKET5 LEVEL4 LEVEL5 LEVEL0 LEVEL1) [1]
Pruned:  0: (LOAD GOODS1 TRUCK1 MARKET5 LEVEL4 LEVEL5 LEVEL0 LEVEL1) [1]
Pruned:  0: (LOAD GOODS1 TRUCK1 MARKET5 LEVEL4 LEVEL5 LEVEL0 LEVEL1) [1]
Pruned:  0: (LOAD GOODS1 TRUCK1 MARKET5 LEVEL4 LEVEL5 LEVEL0 LEVEL1) [1]
Pruned:  0: (LOAD GOODS1 TRUCK1 MARKET5 LEVEL4 LEVEL5 LEVEL0 LEVEL1) [1]
Pruned:  0: (LOAD GOODS1 TRUCK1 MARKET5 LEVEL4 LEVEL5 LEVEL0 LEVEL1) [1]
Pruned:  0: (LOAD GOODS1 TRUCK1 MARKET5 LEVEL4 LEVEL5 LEVEL0 LEVEL1) [1]
Pruned:  0: (LOAD GOODS1 TRUCK1 MARKET5 LEVEL4 LEVEL5 LEVEL0 LEVEL1) [1]
Pruned:  0: (LOAD GOODS1 TRUCK1 MARKET5 LEVEL4 LEVEL5 LEVEL0 LEVEL1) [1]
Pruned:  0: (LOAD GOODS1 TRUCK1 MARKET5 LEVEL4 LEVEL5 LEVEL0 LEVEL1) [1]
Pruned:  0: (LOAD GOODS1 TRUCK1 MARKET5 LEVEL4 LEVEL5 LEVEL0 LEVEL1) [1]
Pruned:  0: (LOAD GOODS1 TRUCK1 MARKET5 LEVEL4 LEVEL5 LEVEL0 LEVEL1) [1]
Pruned:  0: (LOAD GOODS1 TRUCK1 MARKET5 LEVEL4 LEVEL5 LEVEL0 LEVEL1) [1]
Pruned:  0: (LOAD GOODS1 TRUCK1 MARKET5 LEVEL4 LEVEL5 LEVEL0 LEVEL1) [1]
Pruned:  0: (LOAD GOODS1 TRUCK1 MARKET5 LEVEL4 LEVEL5 LEVEL0 LEVEL1) [1]
Pruned:  0: (LOAD GOODS1 TRUCK1 MARKET5 LEVEL4 LEVEL5 LEVEL0 LEVEL1) [1]
Pruned:  0: (LOAD GOODS1 TRUCK1 MARKET5 LEVEL4 LEVEL5 LEVEL0 LEVEL1) [1]
Pruned:  0: (LOAD GOODS1 TRUCK1 MARKET5 LEVEL4 LEVEL5 LEVEL0 LEVEL1) [1]
Pruned:  0: (LOAD GOODS1 TRUCK1 MARKET5 LEVEL4 LEVEL5 LEVEL0 LEVEL1) [1]
Pruned:  0: (LOAD GOODS1 TRUCK1 MARKET5 LEVEL4 LEVEL5 LEVEL0 LEVEL1) [1]
Pruned:  0: (LOAD GOODS1 TRUCK1 MARKET5 LEVEL4 LEVEL5 LEVEL0 LEVEL1) [1]
Pruned:  0: (LOAD GOODS1 TRUCK1 MARKET5 LEVEL4 LEVEL5 LEVEL0 LEVEL1) [1]
Pruned:  0: (LOAD GOODS1 TRUCK1 MARKET5 LEVEL4 LEVEL5 LEVEL0 LEVEL1) [1]
Pruned:  0: (LOAD GOODS1 TRUCK1 MARKET5 LEVEL4 LEVEL5 LEVEL0 LEVEL1) [1]
Pruned:  0: (LOAD GOODS1 TRUCK1 MARKET5 LEVEL4 LEVEL5 LEVEL0 LEVEL1) [1]
Pruned:  0: (LOAD GOODS1 TRUCK1 MARKET5 LEVEL4 LEVEL5 LEVEL0 LEVEL1) [1]
Pruned:  0: (LOAD GOODS1 TRUCK1 MARKET5 LEVEL4 LEVEL5 LEVEL0 LEVEL1) [1]
Pruned:  0: (LOAD GOODS1 TRUCK1 MARKET5 LEVEL4 LEVEL5 LEVEL0 LEVEL1) [1]
Pruned:  0: (LOAD GOODS1 TRUCK1 MARKET5 LEVEL4 LEVEL5 LEVEL0 LEVEL1) [1]
Pruned:  0: (LOAD GOODS1 TRUCK1 MARKET5 LEVEL4 LEVEL5 LEVEL0 LEVEL1) [1]
Pruned:  0: (LOAD GOODS1 TRUCK1 MARKET5 LEVEL4 LEVEL5 LEVEL0 LEVEL1) [1]
Pruned:  0: (LOAD GOODS1 TRUCK1 MARKET5 LEVEL4 LEVEL5 LEVEL0 LEVEL1) [1]
Pruned:  0: (LOAD GOODS1 TRUCK1 MARKET5 LEVEL4 LEVEL5 LEVEL0 LEVEL1) [1]
Pruned:  0: (LOAD GOODS1 TRUCK1 MARKET5 LEVEL4 LEVEL5 LEVEL0 LEVEL1) [1]
Pruned:  0: (LOAD GOODS1 TRUCK1 MARKET5 LEVEL4 LEVEL5 LEVEL0 LEVEL1) [1]
Pruned:  0: (LOAD GOODS1 TRUCK1 MARKET5 LEVEL4 LEVEL5 LEVEL0 LEVEL1) [1]
Pruned:  0: (LOAD GOODS1 TRUCK1 MARKET5 LEVEL4 LEVEL5 LEVEL0 LEVEL1) [1]
Pruned:  0: (LOAD GOODS1 TRUCK1 MARKET5 LEVEL4 LEVEL5 LEVEL0 LEVEL1) [1]
Pruned:  0: (LOAD GOODS1 TRUCK1 MARKET5 LEVEL4 LEVEL5 LEVEL0 LEVEL1) [1]
Pruned:  0: (LOAD GOODS1 TRUCK1 MARKET5 LEVEL4 LEVEL5 LEVEL0 LEVEL1) [1]
Pruned:  0: (LOAD GOODS1 TRUCK1 MARKET5 LEVEL4 LEVEL5 LEVEL0 LEVEL1) [1]
Pruned:  0: (LOAD GOODS1 TRUCK1 MARKET5 LEVEL4 LEVEL5 LEVEL0 LEVEL1) [1]
Pruned:  0: (LOAD GOODS1 TRUCK1 MARKET5 LEVEL4 LEVEL5 LEVEL0 LEVEL1) [1]
Pruned:  0: (LOAD GOODS1 TRUCK1 MARKET5 LEVEL4 LEVEL5 LEVEL0 LEVEL1) [1]
Pruned:  0: (LOAD GOODS1 TRUCK1 MARKET5 LEVEL4 LEVEL5 LEVEL0 LEVEL1) [1]
Pruned:  0: (LOAD GOODS1 TRUCK1 MARKET5 LEVEL4 LEVEL5 LEVEL0 LEVEL1) [1]
Pruned:  0: (LOAD GOODS1 TRUCK1 MARKET5 LEVEL4 LEVEL5 LEVEL0 LEVEL1) [1]
Pruned:  0: (LOAD GOODS1 TRUCK1 MARKET5 LEVEL4 LEVEL5 LEVEL0 LEVEL1) [1]
Pruned:  0: (LOAD GOODS1 TRUCK1 MARKET5 LEVEL4 LEVEL5 LEVEL0 LEVEL1) [1]
Pruned:  0: (LOAD GOODS1 TRUCK1 MARKET5 LEVEL4 LEVEL5 LEVEL0 LEVEL1) [1]
Pruned:  0: (LOAD GOODS1 TRUCK1 MARKET5 LEVEL4 LEVEL5 LEVEL0 LEVEL1) [1]
Pruned:  0: (LOAD GOODS1 TRUCK1 MARKET5 LEVEL4 LEVEL5 LEVEL0 LEVEL1) [1]
Pruned:  0: (LOAD GOODS1 TRUCK1 MARKET5 LEVEL4 LEVEL5 LEVEL0 LEVEL1) [1]
Pruned:  0: (LOAD GOODS1 TRUCK1 MARKET5 LEVEL4 LEVEL5 LEVEL0 LEVEL1) [1]
Pruned:  0: (LOAD GOODS1 TRUCK1 MARKET5 LEVEL4 LEVEL5 LEVEL0 LEVEL1) [1]
Pruned:  0: (LOAD GOODS1 TRUCK1 MARKET5 LEVEL4 LEVEL5 LEVEL0 LEVEL1) [1]
Pruned:  0: (LOAD GOODS1 TRUCK1 MARKET5 LEVEL4 LEVEL5 LEVEL0 LEVEL1) [1]
Pruned:  0: (LOAD GOODS1 TRUCK1 MARKET5 LEVEL4 LEVEL5 LEVEL0 LEVEL1) [1]
Pruned:  0: (LOAD GOODS1 TRUCK1 MARKET5 LEVEL4 LEVEL5 LEVEL0 LEVEL1) [1]
Pruned:  0: (LOAD GOODS1 TRUCK1 MARKET5 LEVEL4 LEVEL5 LEVEL0 LEVEL1) [1]
Pruned:  0: (LOAD GOODS1 TRUCK1 MARKET5 LEVEL4 LEVEL5 LEVEL0 LEVEL1) [1]
Pruned:  0: (LOAD GOODS1 TRUCK1 MARKET5 LEVEL4 LEVEL5 LEVEL0 LEVEL1) [1]
Pruned:  0: (LOAD GOODS1 TRUCK1 MARKET5 LEVEL4 LEVEL5 LEVEL0 LEVEL1) [1]
Pruned:  0: (LOAD GOODS1 TRUCK1 MARKET5 LEVEL4 LEVEL5 LEVEL0 LEVEL1) [1]
Pruned:  0: (LOAD GOODS1 TRUCK1 MARKET5 LEVEL4 LEVEL5 LEVEL0 LEVEL1) [1]
Pruned:  0: (LOAD GOODS1 TRUCK1 MARKET5 LEVEL4 LEVEL5 LEVEL0 LEVEL1) [1]
Pruned:  0: (LOAD GOODS1 TRUCK1 MARKET5 LEVEL4 LEVEL5 LEVEL0 LEVEL1) [1]
Pruned:  0: (LOAD GOODS1 TRUCK1 MARKET5 LEVEL4 LEVEL5 LEVEL0 LEVEL1) [1]
Pruned:  0: (LOAD GOODS1 TRUCK1 MARKET5 LEVEL4 LEVEL5 LEVEL0 LEVEL1) [1]
Pruned:  0: (LOAD GOODS1 TRUCK1 MARKET5 LEVEL4 LEVEL5 LEVEL0 LEVEL1) [1]
Pruned:  0: (LOAD GOODS1 TRUCK1 MARKET5 LEVEL4 LEVEL5 LEVEL0 LEVEL1) [1]
Pruned:  0: (LOAD GOODS1 TRUCK1 MARKET5 LEVEL4 LEVEL5 LEVEL0 LEVEL1) [1]
Pruned:  0: (LOAD GOODS1 TRUCK1 MARKET5 LEVEL4 LEVEL5 LEVEL0 LEVEL1) [1]
Pruned:  0: (LOAD GOODS1 TRUCK1 MARKET5 LEVEL4 LEVEL5 LEVEL0 LEVEL1) [1]
Pruned:  0: (LOAD GOODS1 TRUCK1 MARKET5 LEVEL4 LEVEL5 LEVEL0 LEVEL1) [1]
Pruned:  0: (LOAD GOODS1 TRUCK1 MARKET5 LEVEL4 LEVEL5 LEVEL0 LEVEL1) [1]
Pruned:  0: (LOAD GOODS1 TRUCK1 MARKET5 LEVEL4 LEVEL5 LEVEL0 LEVEL1) [1]
Pruned:  0: (LOAD GOODS1 TRUCK1 MARKET5 LEVEL4 LEVEL5 LEVEL0 LEVEL1) [1]
Pruned:  0: (LOAD GOODS1 TRUCK1 MARKET5 LEVEL4 LEVEL5 LEVEL0 LEVEL1) [1]
Pruned:  0: (LOAD GOODS1 TRUCK1 MARKET5 LEVEL4 LEVEL5 LEVEL0 LEVEL1) [1]
Pruned:  0: (LOAD GOODS1 TRUCK1 MARKET5 LEVEL4 LEVEL5 LEVEL0 LEVEL1) [1]
Pruned:  0: (LOAD GOODS1 TRUCK1 MARKET5 LEVEL4 LEVEL5 LEVEL0 LEVEL1) [1]
Pruned:  0: (LOAD GOODS1 TRUCK1 MARKET5 LEVEL4 LEVEL5 LEVEL0 LEVEL1) [1]
Pruned:  0: (LOAD GOODS1 TRUCK1 MARKET5 LEVEL4 LEVEL5 LEVEL0 LEVEL1) [1]
Pruned:  0: (LOAD GOODS1 TRUCK1 MARKET5 LEVEL4 LEVEL5 LEVEL0 LEVEL1) [1]
Pruned:  0: (LOAD GOODS1 TRUCK1 MARKET5 LEVEL4 LEVEL5 LEVEL0 LEVEL1) [1]
Pruned:  0: (LOAD GOODS1 TRUCK1 MARKET5 LEVEL4 LEVEL5 LEVEL0 LEVEL1) [1]
Pruned:  0: (LOAD GOODS1 TRUCK1 MARKET5 LEVEL4 LEVEL5 LEVEL0 LEVEL1) [1]
Pruned:  0: (LOAD GOODS1 TRUCK1 MARKET5 LEVEL4 LEVEL5 LEVEL0 LEVEL1) [1]
Pruned:  0: (LOAD GOODS1 TRUCK1 MARKET5 LEVEL4 LEVEL5 LEVEL0 LEVEL1) [1]
Pruned:  0: (LOAD GOODS1 TRUCK1 MARKET5 LEVEL4 LEVEL5 LEVEL0 LEVEL1) [1]
Pruned:  0: (LOAD GOODS1 TRUCK1 MARKET5 LEVEL4 LEVEL5 LEVEL0 LEVEL1) [1]
Pruned:  0: (LOAD GOODS1 TRUCK1 MARKET5 LEVEL4 LEVEL5 LEVEL0 LEVEL1) [1]
Pruned:  0: (LOAD GOODS1 TRUCK1 MARKET5 LEVEL4 LEVEL5 LEVEL0 LEVEL1) [1]
Pruned:  0: (LOAD GOODS1 TRUCK1 MARKET5 LEVEL4 LEVEL5 LEVEL0 LEVEL1) [1]
Pruned:  0: (LOAD GOODS1 TRUCK1 MARKET5 LEVEL4 LEVEL5 LEVEL0 LEVEL1) [1]
Pruned:  0: (LOAD GOODS1 TRUCK1 MARKET5 LEVEL4 LEVEL5 LEVEL0 LEVEL1) [1]
Pruned:  0: (LOAD GOODS1 TRUCK1 MARKET5 LEVEL4 LEVEL5 LEVEL0 LEVEL1) [1]
Pruned:  0: (LOAD GOODS1 TRUCK1 MARKET5 LEVEL4 LEVEL5 LEVEL0 LEVEL1) [1]
Pruned:  0: (LOAD GOODS1 TRUCK1 MARKET5 LEVEL4 LEVEL5 LEVEL0 LEVEL1) [1]
Pruned:  0: (LOAD GOODS1 TRUCK1 MARKET5 LEVEL4 LEVEL5 LEVEL0 LEVEL1) [1]
Pruned:  0: (LOAD GOODS1 TRUCK1 MARKET5 LEVEL4 LEVEL5 LEVEL0 LEVEL1) [1]
Pruned:  0: (LOAD GOODS1 TRUCK1 MARKET5 LEVEL4 LEVEL5 LEVEL0 LEVEL1) [1]
Pruned:  0: (LOAD GOODS1 TRUCK1 MARKET5 LEVEL4 LEVEL5 LEVEL0 LEVEL1) [1]
Pruned:  0: (LOAD GOODS1 TRUCK1 MARKET5 LEVEL4 LEVEL5 LEVEL0 LEVEL1) [1]
Pruned:  0: (LOAD GOODS1 TRUCK1 MARKET5 LEVEL4 LEVEL5 LEVEL0 LEVEL1) [1]
Pruned:  0: (LOAD GOODS1 TRUCK1 MARKET5 LEVEL4 LEVEL5 LEVEL0 LEVEL1) [1]
Pruned:  0: (LOAD GOODS1 TRUCK1 MARKET5 LEVEL4 LEVEL5 LEVEL0 LEVEL1) [1]
Pruned:  0: (LOAD GOODS1 TRUCK1 MARKET5 LEVEL4 LEVEL5 LEVEL0 LEVEL1) [1]
Pruned:  0: (LOAD GOODS1 TRUCK1 MARKET5 LEVEL4 LEVEL5 LEVEL0 LEVEL1) [1]
Pruned:  0: (LOAD GOODS1 TRUCK1 MARKET5 LEVEL4 LEVEL5 LEVEL0 LEVEL1) [1]
Pruned:  0: (LOAD GOODS1 TRUCK1 MARKET5 LEVEL4 LEVEL5 LEVEL0 LEVEL1) [1]
Pruned:  0: (LOAD GOODS1 TRUCK1 MARKET5 LEVEL4 LEVEL5 LEVEL0 LEVEL1) [1]
Pruned:  0: (LOAD GOODS1 TRUCK1 MARKET5 LEVEL4 LEVEL5 LEVEL0 LEVEL1) [1]
Pruned:  0: (LOAD GOODS1 TRUCK1 MARKET5 LEVEL4 LEVEL5 LEVEL0 LEVEL1) [1]
Pruned:  0: (LOAD GOODS1 TRUCK1 MARKET5 LEVEL4 LEVEL5 LEVEL0 LEVEL1) [1]
Pruned:  0: (LOAD GOODS1 TRUCK1 MARKET5 LEVEL4 LEVEL5 LEVEL0 LEVEL1) [1]
Pruned:  0: (LOAD GOODS1 TRUCK1 MARKET5 LEVEL4 LEVEL5 LEVEL0 LEVEL1) [1]
Pruned:  0: (LOAD GOODS1 TRUCK1 MARKET5 LEVEL4 LEVEL5 LEVEL0 LEVEL1) [1]
Pruned:  0: (LOAD GOODS1 TRUCK1 MARKET5 LEVEL4 LEVEL5 LEVEL0 LEVEL1) [1]
Pruned:  0: (LOAD GOODS1 TRUCK1 MARKET5 LEVEL4 LEVEL5 LEVEL0 LEVEL1) [1]
Pruned:  0: (LOAD GOODS1 TRUCK1 MARKET5 LEVEL4 LEVEL5 LEVEL0 LEVEL1) [1]
Pruned:  0: (LOAD GOODS1 TRUCK1 MARKET5 LEVEL4 LEVEL5 LEVEL0 LEVEL1) [1]
Pruned:  0: (LOAD GOODS1 TRUCK1 MARKET5 LEVEL4 LEVEL5 LEVEL0 LEVEL1) [1]
Pruned:  0: (LOAD GOODS1 TRUCK1 MARKET5 LEVEL4 LEVEL5 LEVEL0 LEVEL1) [1]
Pruned:  0: (LOAD GOODS1 TRUCK1 MARKET5 LEVEL4 LEVEL5 LEVEL0 LEVEL1) [1]
Pruned:  0: (LOAD GOODS1 TRUCK1 MARKET5 LEVEL4 LEVEL5 LEVEL0 LEVEL1) [1]
Pruned:  0: (LOAD GOODS1 TRUCK1 MARKET5 LEVEL4 LEVEL5 LEVEL0 LEVEL1) [1]
Pruned:  0: (LOAD GOODS1 TRUCK1 MARKET5 LEVEL4 LEVEL5 LEVEL0 LEVEL1) [1]
Pruned:  0: (LOAD GOODS1 TRUCK1 MARKET5 LEVEL4 LEVEL5 LEVEL0 LEVEL1) [1]
Pruned:  0: (LOAD GOODS1 TRUCK1 MARKET5 LEVEL4 LEVEL5 LEVEL0 LEVEL1) [1]
Pruned:  0: (LOAD GOODS1 TRUCK1 MARKET5 LEVEL4 LEVEL5 LEVEL0 LEVEL1) [1]
Pruned:  0: (LOAD GOODS1 TRUCK1 MARKET5 LEVEL4 LEVEL5 LEVEL0 LEVEL1) [1]
Pruned:  0: (LOAD GOODS1 TRUCK1 MARKET5 LEVEL4 LEVEL5 LEVEL0 LEVEL1) [1]
Pruned:  0: (LOAD GOODS1 TRUCK1 MARKET5 LEVEL4 LEVEL5 LEVEL0 LEVEL1) [1]
Pruned:  0: (LOAD GOODS1 TRUCK1 MARKET5 LEVEL4 LEVEL5 LEVEL0 LEVEL1) [1]
Pruned:  0: (LOAD GOODS1 TRUCK1 MARKET5 LEVEL4 LEVEL5 LEVEL0 LEVEL1) [1]
Pruned:  0: (LOAD GOODS1 TRUCK1 MARKET5 LEVEL4 LEVEL5 LEVEL0 LEVEL1) [1]
Pruned:  0: (LOAD GOODS1 TRUCK1 MARKET5 LEVEL4 LEVEL5 LEVEL0 LEVEL1) [1]
Pruned:  0: (LOAD GOODS1 TRUCK1 MARKET5 LEVEL4 LEVEL5 LEVEL0 LEVEL1) [1]
Pruned:  0: (LOAD GOODS1 TRUCK1 MARKET5 LEVEL4 LEVEL5 LEVEL0 LEVEL1) [1]
Pruned:  0: (LOAD GOODS1 TRUCK1 MARKET5 LEVEL4 LEVEL5 LEVEL0 LEVEL1) [1]
Pruned:  0: (LOAD GOODS1 TRUCK1 MARKET5 LEVEL4 LEVEL5 LEVEL0 LEVEL1) [1]
Pruned:  0: (LOAD GOODS1 TRUCK1 MARKET5 LEVEL4 LEVEL5 LEVEL0 LEVEL1) [1]
Pruned:  0: (LOAD GOODS1 TRUCK1 MARKET5 LEVEL4 LEVEL5 LEVEL0 LEVEL1) [1]
Pruned:  0: (LOAD GOODS1 TRUCK1 MARKET5 LEVEL4 LEVEL5 LEVEL0 LEVEL1) [1]
Pruned:  0: (LOAD GOODS1 TRUCK1 MARKET5 LEVEL4 LEVEL5 LEVEL0 LEVEL1) [1]
Pruned:  0: (LOAD GOODS1 TRUCK1 MARKET5 LEVEL4 LEVEL5 LEVEL0 LEVEL1) [1]
Pruned:  0: (LOAD GOODS1 TRUCK1 MARKET5 LEVEL4 LEVEL5 LEVEL0 LEVEL1) [1]
Pruned:  0: (LOAD GOODS1 TRUCK1 MARKET5 LEVEL4 LEVEL5 LEVEL0 LEVEL1) [1]
Pruned:  0: (LOAD GOODS1 TRUCK1 MARKET5 LEVEL4 LEVEL5 LEVEL0 LEVEL1) [1]
Pruned:  0: (LOAD GOODS1 TRUCK1 MARKET5 LEVEL4 LEVEL5 LEVEL0 LEVEL1) [1]
Pruned:  0: (LOAD GOODS1 TRUCK1 MARKET5 LEVEL4 LEVEL5 LEVEL0 LEVEL1) [1]
Pruned:  0: (LOAD GOODS1 TRUCK1 MARKET5 LEVEL4 LEVEL5 LEVEL0 LEVEL1) [1]
Pruned:  0: (LOAD GOODS1 TRUCK1 MARKET5 LEVEL4 LEVEL5 LEVEL0 LEVEL1) [1]
Pruned:  0: (LOAD GOODS1 TRUCK1 MARKET5 LEVEL4 LEVEL5 LEVEL0 LEVEL1) [1]
Pruned:  0: (LOAD GOODS1 TRUCK1 MARKET5 LEVEL4 LEVEL5 LEVEL0 LEVEL1) [1]
Pruned:  0: (LOAD GOODS1 TRUCK1 MARKET5 LEVEL4 LEVEL5 LEVEL0 LEVEL1) [1]
Pruned:  0: (LOAD GOODS1 TRUCK1 MARKET5 LEVEL4 LEVEL5 LEVEL0 LEVEL1) [1]
Pruned:  0: (LOAD GOODS1 TRUCK1 MARKET5 LEVEL4 LEVEL5 LEVEL0 LEVEL1) [1]
Pruned:  0: (LOAD GOODS1 TRUCK1 MARKET5 LEVEL4 LEVEL5 LEVEL0 LEVEL1) [1]
Pruned:  0: (LOAD GOODS1 TRUCK1 MARKET5 LEVEL4 LEVEL5 LEVEL0 LEVEL1) [1]
Pruned:  0: (LOAD GOODS1 TRUCK1 MARKET5 LEVEL4 LEVEL5 LEVEL0 LEVEL1) [1]
Pruned:  0: (LOAD GOODS1 TRUCK1 MARKET5 LEVEL4 LEVEL5 LEVEL0 LEVEL1) [1]
Pruned:  0: (LOAD GOODS1 TRUCK1 MARKET5 LEVEL4 LEVEL5 LEVEL0 LEVEL1) [1]
Pruned:  0: (LOAD GOODS1 TRUCK1 MARKET5 LEVEL4 LEVEL5 LEVEL0 LEVEL1) [1]
Pruned:  0: (LOAD GOODS1 TRUCK1 MARKET5 LEVEL4 LEVEL5 LEVEL0 LEVEL1) [1]
Pruned:  0: (LOAD GOODS1 TRUCK1 MARKET5 LEVEL4 LEVEL5 LEVEL0 LEVEL1) [1]
Pruned:  0: (LOAD GOODS1 TRUCK1 MARKET5 LEVEL4 LEVEL5 LEVEL0 LEVEL1) [1]
Pruned:  0: (LOAD GOODS1 TRUCK1 MARKET5 LEVEL4 LEVEL5 LEVEL0 LEVEL1) [1]
Pruned:  0: (LOAD GOODS1 TRUCK1 MARKET5 LEVEL4 LEVEL5 LEVEL0 LEVEL1) [1]
Pruned:  0: (LOAD GOODS1 TRUCK1 MARKET5 LEVEL4 LEVEL5 LEVEL0 LEVEL1) [1]
Pruned:  0: (LOAD GOODS1 TRUCK1 MARKET5 LEVEL4 LEVEL5 LEVEL0 LEVEL1) [1]
Pruned:  0: (LOAD GOODS1 TRUCK1 MARKET5 LEVEL4 LEVEL5 LEVEL0 LEVEL1) [1]
Pruned:  0: (LOAD GOODS1 TRUCK1 MARKET5 LEVEL4 LEVEL5 LEVEL0 LEVEL1) [1]
Pruned:  0: (LOAD GOODS1 TRUCK1 MARKET5 LEVEL4 LEVEL5 LEVEL0 LEVEL1) [1]
Pruned:  0: (LOAD GOODS1 TRUCK1 MARKET5 LEVEL4 LEVEL5 LEVEL0 LEVEL1) [1]
Pruned:  0: (LOAD GOODS1 TRUCK1 MARKET5 LEVEL4 LEVEL5 LEVEL0 LEVEL1) [1]
Pruned:  0: (LOAD GOODS1 TRUCK1 MARKET5 LEVEL4 LEVEL5 LEVEL0 LEVEL1) [1]
Pruned:  0: (LOAD GOODS1 TRUCK1 MARKET5 LEVEL4 LEVEL5 LEVEL0 LEVEL1) [1]
Pruned:  0: (LOAD GOODS1 TRUCK1 MARKET5 LEVEL4 LEVEL5 LEVEL0 LEVEL1) [1]
Pruned:  0: (LOAD GOODS1 TRUCK1 MARKET5 LEVEL4 LEVEL5 LEVEL0 LEVEL1) [1]
Pruned:  0: (LOAD GOODS1 TRUCK1 MARKET5 LEVEL4 LEVEL5 LEVEL0 LEVEL1) [1]
Pruned:  0: (LOAD GOODS1 TRUCK1 MARKET5 LEVEL4 LEVEL5 LEVEL0 LEVEL1) [1]
Pruned:  0: (LOAD GOODS1 TRUCK1 MARKET5 LEVEL4 LEVEL5 LEVEL0 LEVEL1) [1]
Pruned:  0: (LOAD GOODS1 TRUCK1 MARKET5 LEVEL4 LEVEL5 LEVEL0 LEVEL1) [1]
Pruned:  0: (LOAD GOODS1 TRUCK1 MARKET5 LEVEL4 LEVEL5 LEVEL0 LEVEL1) [1]
Pruned:  0: (LOAD GOODS1 TRUCK1 MARKET5 LEVEL4 LEVEL5 LEVEL0 LEVEL1) [1]
Pruned:  0: (LOAD GOODS1 TRUCK1 MARKET5 LEVEL4 LEVEL5 LEVEL0 LEVEL1) [1]
Pruned:  0: (LOAD GOODS1 TRUCK1 MARKET5 LEVEL4 LEVEL5 LEVEL0 LEVEL1) [1]
Pruned:  0: (LOAD GOODS1 TRUCK1 MARKET5 LEVEL4 LEVEL5 LEVEL0 LEVEL1) [1]
Pruned:  0: (LOAD GOODS1 TRUCK1 MARKET5 LEVEL4 LEVEL5 LEVEL0 LEVEL1) [1]
Pruned:  0: (LOAD GOODS1 TRUCK1 MARKET5 LEVEL4 LEVEL5 LEVEL0 LEVEL1) [1]
Pruned:  0: (LOAD GOODS1 TRUCK1 MARKET5 LEVEL4 LEVEL5 LEVEL0 LEVEL1) [1]
Pruned:  0: (LOAD GOODS1 TRUCK1 MARKET5 LEVEL4 LEVEL5 LEVEL0 LEVEL1) [1]
Pruned:  0: (LOAD GOODS1 TRUCK1 MARKET5 LEVEL4 LEVEL5 LEVEL0 LEVEL1) [1]
Pruned:  0: (LOAD GOODS1 TRUCK1 MARKET5 LEVEL4 LEVEL5 LEVEL0 LEVEL1) [1]
Pruned:  0: (LOAD GOODS1 TRUCK1 MARKET5 LEVEL4 LEVEL5 LEVEL0 LEVEL1) [1]
Pruned:  0: (LOAD GOODS1 TRUCK1 MARKET5 LEVEL4 LEVEL5 LEVEL0 LEVEL1) [1]
Pruned:  0: (LOAD GOODS1 TRUCK1 MARKET5 LEVEL4 LEVEL5 LEVEL0 LEVEL1) [1]
Pruned:  0: (LOAD GOODS1 TRUCK1 MARKET5 LEVEL4 LEVEL5 LEVEL0 LEVEL1) [1]
Pruned:  0: (LOAD GOODS1 TRUCK1 MARKET5 LEVEL4 LEVEL5 LEVEL0 LEVEL1) [1]
Pruned:  0: (LOAD GOODS1 TRUCK1 MARKET5 LEVEL4 LEVEL5 LEVEL0 LEVEL1) [1]
Pruned:  0: (LOAD GOODS1 TRUCK1 MARKET5 LEVEL4 LEVEL5 LEVEL0 LEVEL1) [1]
Pruned:  0: (LOAD GOODS1 TRUCK1 MARKET5 LEVEL4 LEVEL5 LEVEL0 LEVEL1) [1]
Pruned:  0: (LOAD GOODS1 TRUCK1 MARKET5 LEVEL4 LEVEL5 LEVEL0 LEVEL1) [1]
Pruned:  0: (LOAD GOODS1 TRUCK1 MARKET5 LEVEL4 LEVEL5 LEVEL0 LEVEL1) [1]
Pruned:  0: (LOAD GOODS1 TRUCK1 MARKET5 LEVEL4 LEVEL5 LEVEL0 LEVEL1) [1]
Pruned:  0: (LOAD GOODS1 TRUCK1 MARKET5 LEVEL4 LEVEL5 LEVEL0 LEVEL1) [1]
Pruned:  0: (LOAD GOODS1 TRUCK1 MARKET5 LEVEL4 LEVEL5 LEVEL0 LEVEL1) [1]
Pruned:  0: (LOAD GOODS1 TRUCK1 MARKET5 LEVEL4 LEVEL5 LEVEL0 LEVEL1) [1]
Pruned:  0: (LOAD GOODS1 TRUCK1 MARKET5 LEVEL4 LEVEL5 LEVEL0 LEVEL1) [1]
Pruned:  0: (LOAD GOODS1 TRUCK1 MARKET5 LEVEL4 LEVEL5 LEVEL0 LEVEL1) [1]
Pruned:  0: (LOAD GOODS1 TRUCK1 MARKET5 LEVEL4 LEVEL5 LEVEL0 LEVEL1) [1]
Pruned:  0: (LOAD GOODS1 TRUCK1 MARKET5 LEVEL4 LEVEL5 LEVEL0 LEVEL1) [1]
Pruned:  0: (LOAD GOODS1 TRUCK1 MARKET5 LEVEL4 LEVEL5 LEVEL0 LEVEL1) [1]
Pruned:  0: (LOAD GOODS1 TRUCK1 MARKET5 LEVEL4 LEVEL5 LEVEL0 LEVEL1) [1]
Pruned:  0: (LOAD GOODS1 TRUCK1 MARKET5 LEVEL4 LEVEL5 LEVEL0 LEVEL1) [1]
Pruned:  0: (LOAD GOODS1 TRUCK1 MARKET5 LEVEL4 LEVEL5 LEVEL0 LEVEL1) [1]
Pruned:  0: (LOAD GOODS1 TRUCK1 MARKET5 LEVEL4 LEVEL5 LEVEL0 LEVEL1) [1]
Pruned:  0: (LOAD GOODS1 TRUCK1 MARKET5 LEVEL4 LEVEL5 LEVEL0 LEVEL1) [1]
Pruned:  0: (LOAD GOODS1 TRUCK1 MARKET5 LEVEL4 LEVEL5 LEVEL0 LEVEL1) [1]
Pruned:  0: (LOAD GOODS1 TRUCK1 MARKET5 LEVEL4 LEVEL5 LEVEL0 LEVEL1) [1]
Pruned:  0: (LOAD GOODS1 TRUCK1 MARKET5 LEVEL4 LEVEL5 LEVEL0 LEVEL1) [1]
Pruned:  0: (LOAD GOODS1 TRUCK1 MARKET5 LEVEL4 LEVEL5 LEVEL0 LEVEL1) [1]
Pruned:  0: (LOAD GOODS1 TRUCK1 MARKET5 LEVEL4 LEVEL5 LEVEL0 LEVEL1) [1]
Pruned:  0: (LOAD GOODS1 TRUCK1 MARKET5 LEVEL4 LEVEL5 LEVEL0 LEVEL1) [1]
Pruned:  0: (LOAD GOODS1 TRUCK1 MARKET5 LEVEL4 LEVEL5 LEVEL0 LEVEL1) [1]
Pruned:  0: (LOAD GOODS1 TRUCK1 MARKET5 LEVEL4 LEVEL5 LEVEL0 LEVEL1) [1]
Pruned:  0: (LOAD GOODS1 TRUCK1 MARKET5 LEVEL4 LEVEL5 LEVEL0 LEVEL1) [1]
Pruned:  0: (LOAD GOODS1 TRUCK1 MARKET5 LEVEL4 LEVEL5 LEVEL0 LEVEL1) [1]
Pruned:  0: (LOAD GOODS1 TRUCK1 MARKET5 LEVEL4 LEVEL5 LEVEL0 LEVEL1) [1]
Pruned:  0: (LOAD GOODS1 TRUCK1 MARKET5 LEVEL4 LEVEL5 LEVEL0 LEVEL1) [1]
Pruned:  0: (LOAD GOODS1 TRUCK1 MARKET5 LEVEL4 LEVEL5 LEVEL0 LEVEL1) [1]
Pruned:  0: (LOAD GOODS1 TRUCK1 MARKET5 LEVEL4 LEVEL5 LEVEL0 LEVEL1) [1]
Pruned:  0: (LOAD GOODS1 TRUCK1 MARKET5 LEVEL4 LEVEL5 LEVEL0 LEVEL1) [1]
Pruned:  0: (LOAD GOODS1 TRUCK1 MARKET5 LEVEL4 LEVEL5 LEVEL0 LEVEL1) [1]
Pruned:  0: (LOAD GOODS1 TRUCK1 MARKET5 LEVEL4 LEVEL5 LEVEL0 LEVEL1) [1]
Pruned:  0: (LOAD GOODS1 TRUCK1 MARKET5 LEVEL4 LEVEL5 LEVEL0 LEVEL1) [1]
Pruned:  0: (LOAD GOODS1 TRUCK1 MARKET5 LEVEL4 LEVEL5 LEVEL0 LEVEL1) [1]
Pruned:  0: (LOAD GOODS1 TRUCK1 MARKET5 LEVEL4 LEVEL5 LEVEL0 LEVEL1) [1]
Pruned:  0: (LOAD GOODS1 TRUCK1 MARKET5 LEVEL4 LEVEL5 LEVEL0 LEVEL1) [1]
Pruned:  0: (LOAD GOODS1 TRUCK1 MARKET5 LEVEL4 LEVEL5 LEVEL0 LEVEL1) [1]
Pruned:  0: (LOAD GOODS1 TRUCK1 MARKET5 LEVEL4 LEVEL5 LEVEL0 LEVEL1) [1]
Pruned:  0: (LOAD GOODS1 TRUCK1 MARKET5 LEVEL4 LEVEL5 LEVEL0 LEVEL1) [1]
Pruned:  0: (LOAD GOODS1 TRUCK1 MARKET5 LEVEL4 LEVEL5 LEVEL0 LEVEL1) [1]
Pruned:  0: (LOAD GOODS1 TRUCK1 MARKET5 LEVEL4 LEVEL5 LEVEL0 LEVEL1) [1]
Pruned:  0: (LOAD GOODS1 TRUCK1 MARKET5 LEVEL4 LEVEL5 LEVEL0 LEVEL1) [1]
Pruned:  0: (LOAD GOODS1 TRUCK1 MARKET5 LEVEL4 LEVEL5 LEVEL0 LEVEL1) [1]
Pruned:  0: (LOAD GOODS1 TRUCK1 MARKET5 LEVEL4 LEVEL5 LEVEL0 LEVEL1) [1]
Pruned:  0: (LOAD GOODS1 TRUCK1 MARKET5 LEVEL4 LEVEL5 LEVEL0 LEVEL1) [1]
Pruned:  0: (LOAD GOODS1 TRUCK1 MARKET5 LEVEL4 LEVEL5 LEVEL0 LEVEL1) [1]
Pruned:  0: (LOAD GOODS1 TRUCK1 MARKET5 LEVEL4 LEVEL5 LEVEL0 LEVEL1) [1]
Pruned:  0: (LOAD GOODS1 TRUCK1 MARKET5 LEVEL4 LEVEL5 LEVEL0 LEVEL1) [1]
Pruned:  0: (LOAD GOODS1 TRUCK1 MARKET5 LEVEL4 LEVEL5 LEVEL0 LEVEL1) [1]
Pruned:  0: (LOAD GOODS1 TRUCK1 MARKET5 LEVEL4 LEVEL5 LEVEL0 LEVEL1) [1]
Pruned:  0: (LOAD GOODS1 TRUCK1 MARKET5 LEVEL4 LEVEL5 LEVEL0 LEVEL1) [1]
Pruned:  0: (LOAD GOODS1 TRUCK1 MARKET5 LEVEL4 LEVEL5 LEVEL0 LEVEL1) [1]
Pruned:  0: (LOAD GOODS1 TRUCK1 MARKET5 LEVEL4 LEVEL5 LEVEL0 LEVEL1) [1]
Pruned:  0: (LOAD GOODS1 TRUCK1 MARKET5 LEVEL4 LEVEL5 LEVEL0 LEVEL1) [1]
Pruned:  0: (LOAD GOODS1 TRUCK1 MARKET5 LEVEL4 LEVEL5 LEVEL0 LEVEL1) [1]
Pruned:  0: (LOAD GOODS1 TRUCK1 MARKET5 LEVEL4 LEVEL5 LEVEL0 LEVEL1) [1]
Pruned:  0: (LOAD GOODS1 TRUCK1 MARKET5 LEVEL4 LEVEL5 LEVEL0 LEVEL1) [1]
Pruned:  0: (LOAD GOODS1 TRUCK1 MARKET5 LEVEL4 LEVEL5 LEVEL0 LEVEL1) [1]
Pruned:  0: (LOAD GOODS1 TRUCK1 MARKET5 LEVEL4 LEVEL5 LEVEL0 LEVEL1) [1]
Pruned:  0: (LOAD GOODS1 TRUCK1 MARKET5 LEVEL4 LEVEL5 LEVEL0 LEVEL1) [1]
Pruned:  0: (LOAD GOODS1 TRUCK1 MARKET5 LEVEL4 LEVEL5 LEVEL0 LEVEL1) [1]
Pruned:  0: (LOAD GOODS1 TRUCK1 MARKET5 LEVEL4 LEVEL5 LEVEL0 LEVEL1) [1]
Pruned:  0: (LOAD GOODS1 TRUCK1 MARKET5 LEVEL4 LEVEL5 LEVEL0 LEVEL1) [1]
Pruned:  0: (LOAD GOODS1 TRUCK1 MARKET5 LEVEL4 LEVEL5 LEVEL0 LEVEL1) [1]
Pruned:  0: (LOAD GOODS1 TRUCK1 MARKET5 LEVEL4 LEVEL5 LEVEL0 LEVEL1) [1]
Pruned:  0: (LOAD GOODS1 TRUCK1 MARKET5 LEVEL4 LEVEL5 LEVEL0 LEVEL1) [1]
Pruned:  0: (LOAD GOODS1 TRUCK1 MARKET5 LEVEL4 LEVEL5 LEVEL0 LEVEL1) [1]
Pruned:  0: (LOAD GOODS1 TRUCK1 MARKET5 LEVEL4 LEVEL5 LEVEL0 LEVEL1) [1]
Pruned:  0: (LOAD GOODS1 TRUCK1 MARKET5 LEVEL4 LEVEL5 LEVEL0 LEVEL1) [1]
Pruned:  0: (LOAD GOODS1 TRUCK1 MARKET5 LEVEL4 LEVEL5 LEVEL0 LEVEL1) [1]
Pruned:  0: (LOAD GOODS1 TRUCK1 MARKET5 LEVEL4 LEVEL5 LEVEL0 LEVEL1) [1]
Pruned:  0: (LOAD GOODS1 TRUCK1 MARKET5 LEVEL4 LEVEL5 LEVEL0 LEVEL1) [1]
Pruned:  0: (LOAD GOODS1 TRUCK1 MARKET5 LEVEL4 LEVEL5 LEVEL0 LEVEL1) [1]
Pruned:  0: (LOAD GOODS1 TRUCK1 MARKET5 LEVEL4 LEVEL5 LEVEL0 LEVEL1) [1]
Pruned:  0: (LOAD GOODS1 TRUCK1 MARKET5 LEVEL4 LEVEL5 LEVEL0 LEVEL1) [1]
Pruned:  0: (LOAD GOODS1 TRUCK1 MARKET5 LEVEL4 LEVEL5 LEVEL0 LEVEL1) [1]
Pruned:  0: (LOAD GOODS1 TRUCK1 MARKET5 LEVEL4 LEVEL5 LEVEL0 LEVEL1) [1]
Pruned:  0: (LOAD GOODS1 TRUCK1 MARKET5 LEVEL4 LEVEL5 LEVEL0 LEVEL1) [1]
Pruned:  0: (LOAD GOODS1 TRUCK1 MARKET5 LEVEL4 LEVEL5 LEVEL0 LEVEL1) [1]
Pruned:  0: (LOAD GOODS1 TRUCK1 MARKET5 LEVEL4 LEVEL5 LEVEL0 LEVEL1) [1]
Pruned:  0: (LOAD GOODS1 TRUCK1 MARKET5 LEVEL4 LEVEL5 LEVEL0 LEVEL1) [1]
Pruned:  0: (LOAD GOODS1 TRUCK1 MARKET5 LEVEL4 LEVEL5 LEVEL0 LEVEL1) [1]
Pruned:  0: (LOAD GOODS1 TRUCK1 MARKET5 LEVEL4 LEVEL5 LEVEL0 LEVEL1) [1]
Pruned:  0: (LOAD GOODS1 TRUCK1 MARKET5 LEVEL4 LEVEL5 LEVEL0 LEVEL1) [1]
Pruned:  0: (LOAD GOODS1 TRUCK1 MARKET5 LEVEL4 LEVEL5 LEVEL0 LEVEL1) [1]
Pruned:  0: (LOAD GOODS1 TRUCK1 MARKET5 LEVEL4 LEVEL5 LEVEL0 LEVEL1) [1]
Pruned:  0: (LOAD GOODS1 TRUCK1 MARKET5 LEVEL4 LEVEL5 LEVEL0 LEVEL1) [1]
Pruned:  0: (LOAD GOODS1 TRUCK1 MARKET5 LEVEL4 LEVEL5 LEVEL0 LEVEL1) [1]
Pruned:  0: (LOAD GOODS1 TRUCK1 MARKET5 LEVEL4 LEVEL5 LEVEL0 LEVEL1) [1]
Pruned:  0: (LOAD GOODS1 TRUCK1 MARKET5 LEVEL4 LEVEL5 LEVEL0 LEVEL1) [1]
Pruned:  0: (LOAD GOODS1 TRUCK1 MARKET5 LEVEL4 LEVEL5 LEVEL0 LEVEL1) [1]
Pruned:  0: (LOAD GOODS1 TRUCK1 MARKET5 LEVEL4 LEVEL5 LEVEL0 LEVEL1) [1]
Pruned:  0: (LOAD GOODS1 TRUCK1 MARKET5 LEVEL4 LEVEL5 LEVEL0 LEVEL1) [1]
Pruned:  0: (LOAD GOODS1 TRUCK1 MARKET5 LEVEL4 LEVEL5 LEVEL0 LEVEL1) [1]
Pruned:  0: (LOAD GOODS1 TRUCK1 MARKET5 LEVEL4 LEVEL5 LEVEL0 LEVEL1) [1]
Pruned:  0: (LOAD GOODS1 TRUCK1 MARKET5 LEVEL4 LEVEL5 LEVEL0 LEVEL1) [1]
Pruned:  0: (LOAD GOODS1 TRUCK1 MARKET5 LEVEL4 LEVEL5 LEVEL0 LEVEL1) [1]
Pruned:  0: (LOAD GOODS1 TRUCK1 MARKET5 LEVEL4 LEVEL5 LEVEL0 LEVEL1) [1]
Pruned:  0: (LOAD GOODS1 TRUCK1 MARKET5 LEVEL4 LEVEL5 LEVEL0 LEVEL1) [1]
Pruned:  0: (LOAD GOODS1 TRUCK1 MARKET5 LEVEL4 LEVEL5 LEVEL0 LEVEL1) [1]
Pruned:  0: (LOAD GOODS1 TRUCK1 MARKET5 LEVEL4 LEVEL5 LEVEL0 LEVEL1) [1]
Pruned:  0: (LOAD GOODS1 TRUCK1 MARKET5 LEVEL4 LEVEL5 LEVEL0 LEVEL1) [1]
Pruned:  0: (LOAD GOODS1 TRUCK1 MARKET5 LEVEL4 LEVEL5 LEVEL0 LEVEL1) [1]
Pruned:  0: (LOAD GOODS1 TRUCK1 MARKET5 LEVEL4 LEVEL5 LEVEL0 LEVEL1) [1]
Pruned:  0: (LOAD GOODS1 TRUCK1 MARKET5 LEVEL4 LEVEL5 LEVEL0 LEVEL1) [1]
Pruned:  0: (LOAD GOODS1 TRUCK1 MARKET5 LEVEL4 LEVEL5 LEVEL0 LEVEL1) [1]
Pruned:  0: (LOAD GOODS1 TRUCK1 MARKET5 LEVEL4 LEVEL5 LEVEL0 LEVEL1) [1]
Pruned:  0: (LOAD GOODS1 TRUCK1 MARKET5 LEVEL4 LEVEL5 LEVEL0 LEVEL1) [1]
Pruned:  0: (LOAD GOODS1 TRUCK1 MARKET5 LEVEL4 LEVEL5 LEVEL0 LEVEL1) [1]
Pruned:  0: (LOAD GOODS1 TRUCK1 MARKET5 LEVEL4 LEVEL5 LEVEL0 LEVEL1) [1]
Pruned:  0: (LOAD GOODS1 TRUCK1 MARKET5 LEVEL4 LEVEL5 LEVEL0 LEVEL1) [1]
Pruned:  0: (LOAD GOODS1 TRUCK1 MARKET5 LEVEL4 LEVEL5 LEVEL0 LEVEL1) [1]
Pruned:  0: (LOAD GOODS1 TRUCK1 MARKET5 LEVEL4 LEVEL5 LEVEL0 LEVEL1) [1]
Pruned:  0: (LOAD GOODS1 TRUCK1 MARKET5 LEVEL4 LEVEL5 LEVEL0 LEVEL1) [1]
Pruned:  0: (LOAD GOODS1 TRUCK1 MARKET5 LEVEL4 LEVEL5 LEVEL0 LEVEL1) [1]
Pruned:  0: (LOAD GOODS1 TRUCK1 MARKET5 LEVEL4 LEVEL5 LEVEL0 LEVEL1) [1]
Pruned:  0: (LOAD GOODS1 TRUCK1 MARKET5 LEVEL4 LEVEL5 LEVEL0 LEVEL1) [1]
Pruned:  0: (LOAD GOODS1 TRUCK1 MARKET5 LEVEL4 LEVEL5 LEVEL0 LEVEL1) [1]
Pruned:  0: (LOAD GOODS1 TRUCK1 MARKET5 LEVEL4 LEVEL5 LEVEL0 LEVEL1) [1]
Pruned:  0: (LOAD GOODS1 TRUCK1 MARKET5 LEVEL4 LEVEL5 LEVEL0 LEVEL1) [1]
Pruned:  0: (LOAD GOODS1 TRUCK1 MARKET5 LEVEL4 LEVEL5 LEVEL0 LEVEL1) [1]
Pruned:  0: (LOAD GOODS1 TRUCK1 MARKET5 LEVEL4 LEVEL5 LEVEL0 LEVEL1) [1]
Pruned:  0: (LOAD GOODS1 TRUCK1 MARKET5 LEVEL4 LEVEL5 LEVEL0 LEVEL1) [1]
Pruned:  0: (LOAD GOODS1 TRUCK1 MARKET5 LEVEL4 LEVEL5 LEVEL0 LEVEL1) [1]
Pruned:  0: (LOAD GOODS1 TRUCK1 MARKET5 LEVEL4 LEVEL5 LEVEL0 LEVEL1) [1]
Pruned:  0: (LOAD GOODS1 TRUCK1 MARKET5 LEVEL4 LEVEL5 LEVEL0 LEVEL1) [1]
Pruned:  0: (LOAD GOODS1 TRUCK1 MARKET5 LEVEL4 LEVEL5 LEVEL0 LEVEL1) [1]
Pruned:  0: (LOAD GOODS1 TRUCK1 MARKET5 LEVEL4 LEVEL5 LEVEL0 LEVEL1) [1]
Pruned:  0: (LOAD GOODS1 TRUCK1 MARKET5 LEVEL4 LEVEL5 LEVEL0 LEVEL1) [1]
Pruned:  0: (LOAD GOODS1 TRUCK1 MARKET5 LEVEL4 LEVEL5 LEVEL0 LEVEL1) [1]
Pruned:  0: (LOAD GOODS1 TRUCK1 MARKET5 LEVEL4 LEVEL5 LEVEL0 LEVEL1) [1]
Pruned:  0: (LOAD GOODS1 TRUCK1 MARKET5 LEVEL4 LEVEL5 LEVEL0 LEVEL1) [1]
Pruned:  0: (LOAD GOODS1 TRUCK1 MARKET5 LEVEL4 LEVEL5 LEVEL0 LEVEL1) [1]
Pruned:  0: (LOAD GOODS1 TRUCK1 MARKET5 LEVEL4 LEVEL5 LEVEL0 LEVEL1) [1]
Pruned:  0: (LOAD GOODS1 TRUCK1 MARKET5 LEVEL4 LEVEL5 LEVEL0 LEVEL1) [1]
Pruned:  0: (LOAD GOODS1 TRUCK1 MARKET5 LEVEL4 LEVEL5 LEVEL0 LEVEL1) [1]
Pruned:  0: (LOAD GOODS1 TRUCK1 MARKET5 LEVEL4 LEVEL5 LEVEL0 LEVEL1) [1]
Pruned:  0: (LOAD GOODS1 TRUCK1 MARKET5 LEVEL4 LEVEL5 LEVEL0 LEVEL1) [1]
Pruned:  0: (LOAD GOODS1 TRUCK1 MARKET5 LEVEL4 LEVEL5 LEVEL0 LEVEL1) [1]
Pruned:  0: (LOAD GOODS1 TRUCK1 MARKET5 LEVEL4 LEVEL5 LEVEL0 LEVEL1) [1]
Pruned:  0: (LOAD GOODS1 TRUCK1 MARKET5 LEVEL4 LEVEL5 LEVEL0 LEVEL1) [1]
Pruned:  0: (LOAD GOODS1 TRUCK1 MARKET5 LEVEL4 LEVEL5 LEVEL0 LEVEL1) [1]
Pruned:  0: (LOAD GOODS1 TRUCK1 MARKET5 LEVEL4 LEVEL5 LEVEL0 LEVEL1) [1]
Pruned:  0: (LOAD GOODS1 TRUCK1 MARKET5 LEVEL4 LEVEL5 LEVEL0 LEVEL1) [1]
Pruned:  0: (LOAD GOODS1 TRUCK1 MARKET5 LEVEL4 LEVEL5 LEVEL0 LEVEL1) [1]
Pruned:  0: (LOAD GOODS1 TRUCK1 MARKET5 LEVEL4 LEVEL5 LEVEL0 LEVEL1) [1]
Pruned:  0: (LOAD GOODS1 TRUCK1 MARKET5 LEVEL4 LEVEL5 LEVEL0 LEVEL1) [1]
Pruned:  0: (LOAD GOODS1 TRUCK1 MARKET5 LEVEL4 LEVEL5 LEVEL0 LEVEL1) [1]
Pruned:  0: (LOAD GOODS1 TRUCK1 MARKET5 LEVEL4 LEVEL5 LEVEL0 LEVEL1) [1]
Pruned:  0: (LOAD GOODS1 TRUCK1 MARKET5 LEVEL4 LEVEL5 LEVEL0 LEVEL1) [1]
Pruned:  0: (LOAD GOODS1 TRUCK1 MARKET5 LEVEL4 LEVEL5 LEVEL0 LEVEL1) [1]
Pruned:  0: (LOAD GOODS1 TRUCK1 MARKET5 LEVEL4 LEVEL5 LEVEL0 LEVEL1) [1]
Pruned:  0: (LOAD GOODS1 TRUCK1 MARKET5 LEVEL4 LEVEL5 LEVEL0 LEVEL1) [1]
Pruned:  0: (LOAD GOODS1 TRUCK1 MARKET5 LEVEL4 LEVEL5 LEVEL0 LEVEL1) [1]
Pruned:  0: (LOAD GOODS1 TRUCK1 MARKET5 LEVEL4 LEVEL5 LEVEL0 LEVEL1) [1]
Pruned:  0: (LOAD GOODS1 TRUCK1 MARKET5 LEVEL4 LEVEL5 LEVEL0 LEVEL1) [1]
Pruned:  0: (LOAD GOODS1 TRUCK1 MARKET5 LEVEL4 LEVEL5 LEVEL0 LEVEL1) [1]
Pruned:  0: (LOAD GOODS1 TRUCK1 MARKET5 LEVEL4 LEVEL5 LEVEL0 LEVEL1) [1]
Pruned:  0: (LOAD GOODS1 TRUCK1 MARKET5 LEVEL4 LEVEL5 LEVEL0 LEVEL1) [1]
Pruned:  0: (LOAD GOODS1 TRUCK1 MARKET5 LEVEL4 LEVEL5 LEVEL0 LEVEL1) [1]
Pruned:  0: (LOAD GOODS1 TRUCK1 MARKET5 LEVEL4 LEVEL5 LEVEL0 LEVEL1) [1]
Pruned:  0: (LOAD GOODS1 TRUCK1 MARKET5 LEVEL4 LEVEL5 LEVEL0 LEVEL1) [1]
Pruned:  0: (LOAD GOODS1 TRUCK1 MARKET5 LEVEL4 LEVEL5 LEVEL0 LEVEL1) [1]
Pruned:  0: (LOAD GOODS1 TRUCK1 MARKET5 LEVEL4 LEVEL5 LEVEL0 LEVEL1) [1]
Pruned:  0: (LOAD GOODS1 TRUCK1 MARKET5 LEVEL4 LEVEL5 LEVEL0 LEVEL1) [1]
Pruned:  0: (LOAD GOODS1 TRUCK1 MARKET5 LEVEL4 LEVEL5 LEVEL0 LEVEL1) [1]
Pruned:  0: (LOAD GOODS1 TRUCK1 MARKET5 LEVEL4 LEVEL5 LEVEL0 LEVEL1) [1]
Pruned:  0: (LOAD GOODS1 TRUCK1 MARKET5 LEVEL4 LEVEL5 LEVEL0 LEVEL1) [1]
Pruned:  0: (LOAD GOODS1 TRUCK1 MARKET5 LEVEL4 LEVEL5 LEVEL0 LEVEL1) [1]
Pruned:  0: (LOAD GOODS1 TRUCK1 MARKET5 LEVEL4 LEVEL5 LEVEL0 LEVEL1) [1]
Pruned:  0: (LOAD GOODS1 TRUCK1 MARKET5 LEVEL4 LEVEL5 LEVEL0 LEVEL1) [1]
Pruned:  0: (LOAD GOODS1 TRUCK1 MARKET5 LEVEL4 LEVEL5 LEVEL0 LEVEL1) [1]
Pruned:  0: (LOAD GOODS1 TRUCK1 MARKET5 LEVEL4 LEVEL5 LEVEL0 LEVEL1) [1]
Pruned:  0: (LOAD GOODS1 TRUCK1 MARKET5 LEVEL4 LEVEL5 LEVEL0 LEVEL1) [1]
Pruned:  0: (LOAD GOODS1 TRUCK1 MARKET5 LEVEL4 LEVEL5 LEVEL0 LEVEL1) [1]
Pruned:  0: (LOAD GOODS1 TRUCK1 MARKET5 LEVEL4 LEVEL5 LEVEL0 LEVEL1) [1]
Pruned:  0: (LOAD GOODS1 TRUCK1 MARKET5 LEVEL4 LEVEL5 LEVEL0 LEVEL1) [1]
Pruned:  0: (LOAD GOODS1 TRUCK1 MARKET5 LEVEL4 LEVEL5 LEVEL0 LEVEL1) [1]
Pruned:  0: (LOAD GOODS1 TRUCK1 MARKET5 LEVEL4 LEVEL5 LEVEL0 LEVEL1) [1]
Pruned:  0: (LOAD GOODS1 TRUCK1 MARKET5 LEVEL4 LEVEL5 LEVEL0 LEVEL1) [1]
Pruned:  0: (LOAD GOODS1 TRUCK1 MARKET5 LEVEL4 LEVEL5 LEVEL0 LEVEL1) [1]
Pruned:  0: (LOAD GOODS1 TRUCK1 MARKET5 LEVEL4 LEVEL5 LEVEL0 LEVEL1) [1]
Pruned:  0: (LOAD GOODS1 TRUCK1 MARKET5 LEVEL4 LEVEL5 LEVEL0 LEVEL1) [1]
Pruned:  0: (LOAD GOODS1 TRUCK1 MARKET5 LEVEL4 LEVEL5 LEVEL0 LEVEL1) [1]
Pruned:  0: (LOAD GOODS1 TRUCK1 MARKET5 LEVEL4 LEVEL5 LEVEL0 LEVEL1) [1]
Pruned:  0: (LOAD GOODS1 TRUCK1 MARKET5 LEVEL4 LEVEL5 LEVEL0 LEVEL1) [1]
Pruned:  0: (LOAD GOODS1 TRUCK1 MARKET5 LEVEL4 LEVEL5 LEVEL0 LEVEL1) [1]
Pruned:  0: (LOAD GOODS1 TRUCK1 MARKET5 LEVEL4 LEVEL5 LEVEL0 LEVEL1) [1]
Pruned:  0: (LOAD GOODS1 TRUCK1 MARKET5 LEVEL4 LEVEL5 LEVEL0 LEVEL1) [1]
Pruned:  0: (LOAD GOODS1 TRUCK1 MARKET5 LEVEL4 LEVEL5 LEVEL0 LEVEL1) [1]
Pruned:  0: (LOAD GOODS1 TRUCK1 MARKET5 LEVEL4 LEVEL5 LEVEL0 LEVEL1) [1]
Pruned:  0: (LOAD GOODS1 TRUCK1 MARKET5 LEVEL4 LEVEL5 LEVEL0 LEVEL1) [1]
Pruned:  0: (LOAD GOODS1 TRUCK1 MARKET5 LEVEL4 LEVEL5 LEVEL0 LEVEL1) [1]
Pruned:  0: (LOAD GOODS1 TRUCK1 MARKET5 LEVEL4 LEVEL5 LEVEL0 LEVEL1) [1]
Pruned:  0: (LOAD GOODS1 TRUCK1 MARKET5 LEVEL4 LEVEL5 LEVEL0 LEVEL1) [1]
Pruned:  0: (LOAD GOODS1 TRUCK1 MARKET5 LEVEL4 LEVEL5 LEVEL0 LEVEL1) [1]
Pruned:  0: (LOAD GOODS1 TRUCK1 MARKET5 LEVEL4 LEVEL5 LEVEL0 LEVEL1) [1]
Pruned:  0: (LOAD GOODS1 TRUCK1 MARKET5 LEVEL4 LEVEL5 LEVEL0 LEVEL1) [1]
Pruned:  0: (LOAD GOODS1 TRUCK1 MARKET5 LEVEL4 LEVEL5 LEVEL0 LEVEL1) [1]
Pruned:  0: (LOAD GOODS1 TRUCK1 MARKET5 LEVEL4 LEVEL5 LEVEL0 LEVEL1) [1]
Pruned:  0: (LOAD GOODS1 TRUCK1 MARKET5 LEVEL4 LEVEL5 LEVEL0 LEVEL1) [1]
Pruned:  0: (LOAD GOODS1 TRUCK1 MARKET5 LEVEL4 LEVEL5 LEVEL0 LEVEL1) [1]
Pruned:  0: (LOAD GOODS1 TRUCK1 MARKET5 LEVEL4 LEVEL5 LEVEL0 LEVEL1) [1]
Pruned:  0: (LOAD GOODS1 TRUCK1 MARKET5 LEVEL4 LEVEL5 LEVEL0 LEVEL1) [1]
Pruned:  0: (LOAD GOODS1 TRUCK1 MARKET5 LEVEL4 LEVEL5 LEVEL0 LEVEL1) [1]
Pruned:  0: (LOAD GOODS1 TRUCK1 MARKET5 LEVEL4 LEVEL5 LEVEL0 LEVEL1) [1]
Pruned:  0: (LOAD GOODS1 TRUCK1 MARKET5 LEVEL4 LEVEL5 LEVEL0 LEVEL1) [1]
Pruned:  0: (LOAD GOODS1 TRUCK1 MARKET5 LEVEL4 LEVEL5 LEVEL0 LEVEL1) [1]
Pruned:  0: (LOAD GOODS1 TRUCK1 MARKET5 LEVEL4 LEVEL5 LEVEL0 LEVEL1) [1]
Pruned:  0: (LOAD GOODS1 TRUCK1 MARKET5 LEVEL4 LEVEL5 LEVEL0 LEVEL1) [1]
Pruned:  0: (LOAD GOODS1 TRUCK1 MARKET5 LEVEL4 LEVEL5 LEVEL0 LEVEL1) [1]
Pruned:  0: (LOAD GOODS1 TRUCK1 MARKET5 LEVEL4 LEVEL5 LEVEL0 LEVEL1) [1]
Pruned:  0: (LOAD GOODS1 TRUCK1 MARKET5 LEVEL4 LEVEL5 LEVEL0 LEVEL1) [1]
Pruned:  0: (LOAD GOODS1 TRUCK1 MARKET5 LEVEL4 LEVEL5 LEVEL0 LEVEL1) [1]
Pruned:  0: (LOAD GOODS1 TRUCK1 MARKET5 LEVEL4 LEVEL5 LEVEL0 LEVEL1) [1]
Pruned:  0: (LOAD GOODS1 TRUCK1 MARKET5 LEVEL4 LEVEL5 LEVEL0 LEVEL1) [1]
Pruned:  0: (LOAD GOODS1 TRUCK1 MARKET5 LEVEL4 LEVEL5 LEVEL0 LEVEL1) [1]
Pruned:  0: (LOAD GOODS1 TRUCK1 MARKET5 LEVEL4 LEVEL5 LEVEL0 LEVEL1) [1]
Pruned:  0: (LOAD GOODS1 TRUCK1 MARKET5 LEVEL4 LEVEL5 LEVEL0 LEVEL1) [1]
Pruned:  0: (LOAD GOODS1 TRUCK1 MARKET5 LEVEL4 LEVEL5 LEVEL0 LEVEL1) [1]
Pruned:  0: (LOAD GOODS1 TRUCK1 MARKET5 LEVEL4 LEVEL5 LEVEL0 LEVEL1) [1]
Pruned:  0: (LOAD GOODS1 TRUCK1 MARKET5 LEVEL4 LEVEL5 LEVEL0 LEVEL1) [1]
Pruned:  0: (LOAD GOODS1 TRUCK1 MARKET5 LEVEL4 LEVEL5 LEVEL0 LEVEL1) [1]
Pruned:  0: (LOAD GOODS1 TRUCK1 MARKET5 LEVEL4 LEVEL5 LEVEL0 LEVEL1) [1]
Pruned:  0: (LOAD GOODS1 TRUCK1 MARKET5 LEVEL4 LEVEL5 LEVEL0 LEVEL1) [1]
Pruned:  0: (LOAD GOODS1 TRUCK1 MARKET5 LEVEL4 LEVEL5 LEVEL0 LEVEL1) [1]
Pruned:  0: (LOAD GOODS1 TRUCK1 MARKET5 LEVEL4 LEVEL5 LEVEL0 LEVEL1) [1]
Pruned:  0: (LOAD GOODS1 TRUCK1 MARKET5 LEVEL4 LEVEL5 LEVEL0 LEVEL1) [1]
Pruned:  0: (LOAD GOODS1 TRUCK1 MARKET5 LEVEL4 LEVEL5 LEVEL0 LEVEL1) [1]
Pruned:  0: (LOAD GOODS1 TRUCK1 MARKET5 LEVEL4 LEVEL5 LEVEL0 LEVEL1) [1]
Pruned:  0: (LOAD GOODS1 TRUCK1 MARKET5 LEVEL4 LEVEL5 LEVEL0 LEVEL1) [1]
Pruned:  0: (LOAD GOODS1 TRUCK1 MARKET5 LEVEL4 LEVEL5 LEVEL0 LEVEL1) [1]
Pruned:  0: (LOAD GOODS1 TRUCK1 MARKET5 LEVEL4 LEVEL5 LEVEL0 LEVEL1) [1]
Pruned:  0: (LOAD GOODS1 TRUCK1 MARKET5 LEVEL4 LEVEL5 LEVEL0 LEVEL1) [1]
Pruned:  0: (LOAD GOODS1 TRUCK1 MARKET5 LEVEL4 LEVEL5 LEVEL0 LEVEL1) [1]
Pruned:  0: (LOAD GOODS1 TRUCK1 MARKET5 LEVEL4 LEVEL5 LEVEL0 LEVEL1) [1]
Pruned:  0: (LOAD GOODS1 TRUCK1 MARKET5 LEVEL4 LEVEL5 LEVEL0 LEVEL1) [1]
Pruned:  0: (LOAD GOODS1 TRUCK1 MARKET5 LEVEL4 LEVEL5 LEVEL0 LEVEL1) [1]
Pruned:  0: (LOAD GOODS1 TRUCK1 MARKET5 LEVEL4 LEVEL5 LEVEL0 LEVEL1) [1]
Pruned:  0: (LOAD GOODS1 TRUCK1 MARKET5 LEVEL4 LEVEL5 LEVEL0 LEVEL1) [1]
Pruned:  0: (LOAD GOODS1 TRUCK1 MARKET5 LEVEL4 LEVEL5 LEVEL0 LEVEL1) [1]
Pruned:  0: (LOAD GOODS1 TRUCK1 MARKET5 LEVEL4 LEVEL5 LEVEL0 LEVEL1) [1]
Pruned:  0: (LOAD GOODS1 TRUCK1 MARKET5 LEVEL4 LEVEL5 LEVEL0 LEVEL1) [1]
Pruned:  0: (LOAD GOODS1 TRUCK1 MARKET5 LEVEL4 LEVEL5 LEVEL0 LEVEL1) [1]
Pruned:  0: (LOAD GOODS1 TRUCK1 MARKET5 LEVEL4 LEVEL5 LEVEL0 LEVEL1) [1]
Pruned:  0: (LOAD GOODS1 TRUCK1 MARKET5 LEVEL4 LEVEL5 LEVEL0 LEVEL1) [1]
Pruned:  0: (LOAD GOODS1 TRUCK1 MARKET5 LEVEL4 LEVEL5 LEVEL0 LEVEL1) [1]
Pruned:  0: (LOAD GOODS1 TRUCK1 MARKET5 LEVEL4 LEVEL5 LEVEL0 LEVEL1) [1]
Pruned:  0: (LOAD GOODS1 TRUCK1 MARKET5 LEVEL4 LEVEL5 LEVEL0 LEVEL1) [1]
Pruned:  0: (LOAD GOODS1 TRUCK1 MARKET5 LEVEL4 LEVEL5 LEVEL0 LEVEL1) [1]
Pruned:  0: (LOAD GOODS1 TRUCK1 MARKET5 LEVEL4 LEVEL5 LEVEL0 LEVEL1) [1]
Pruned:  0: (LOAD GOODS1 TRUCK1 MARKET5 LEVEL4 LEVEL5 LEVEL0 LEVEL1) [1]
Pruned:  0: (LOAD GOODS1 TRUCK1 MARKET5 LEVEL4 LEVEL5 LEVEL0 LEVEL1) [1]
Pruned:  0: (LOAD GOODS1 TRUCK1 MARKET5 LEVEL4 LEVEL5 LEVEL0 LEVEL1) [1]
Pruned:  0: (LOAD GOODS1 TRUCK1 MARKET5 LEVEL4 LEVEL5 LEVEL0 LEVEL1) [1]
Pruned:  0: (LOAD GOODS1 TRUCK1 MARKET5 LEVEL4 LEVEL5 LEVEL0 LEVEL1) [1]
Pruned:  0: (LOAD GOODS1 TRUCK1 MARKET5 LEVEL4 LEVEL5 LEVEL0 LEVEL1) [1]
Pruned:  0: (LOAD GOODS1 TRUCK1 MARKET5 LEVEL4 LEVEL5 LEVEL0 LEVEL1) [1]
Pruned:  0: (LOAD GOODS1 TRUCK1 MARKET5 LEVEL4 LEVEL5 LEVEL0 LEVEL1) [1]
Pruned:  0: (LOAD GOODS1 TRUCK1 MARKET5 LEVEL4 LEVEL5 LEVEL0 LEVEL1) [1]
Pruned:  0: (LOAD GOODS1 TRUCK1 MARKET5 LEVEL4 LEVEL5 LEVEL0 LEVEL1) [1]
Pruned:  0: (LOAD GOODS1 TRUCK1 MARKET5 LEVEL4 LEVEL5 LEVEL0 LEVEL1) [1]
Pruned:  0: (LOAD GOODS1 TRUCK1 MARKET5 LEVEL4 LEVEL5 LEVEL0 LEVEL1) [1]
Pruned:  0: (LOAD GOODS1 TRUCK1 MARKET5 LEVEL4 LEVEL5 LEVEL0 LEVEL1) [1]
Pruned:  0: (LOAD GOODS1 TRUCK1 MARKET5 LEVEL4 LEVEL5 LEVEL0 LEVEL1) [1]
Pruned:  0: (LOAD GOODS1 TRUCK1 MARKET5 LEVEL4 LEVEL5 LEVEL0 LEVEL1) [1]
Pruned:  0: (LOAD GOODS1 TRUCK1 MARKET5 LEVEL4 LEVEL5 LEVEL0 LEVEL1) [1]
Pruned:  0: (LOAD GOODS1 TRUCK1 MARKET5 LEVEL4 LEVEL5 LEVEL0 LEVEL1) [1]
Pruned:  0: (LOAD GOODS1 TRUCK1 MARKET5 LEVEL4 LEVEL5 LEVEL0 LEVEL1) [1]
Pruned:  0: (LOAD GOODS1 TRUCK1 MARKET5 LEVEL4 LEVEL5 LEVEL0 LEVEL1) [1]
Pruned:  0: (LOAD GOODS1 TRUCK1 MARKET5 LEVEL4 LEVEL5 LEVEL0 LEVEL1) [1]
Pruned:  0: (LOAD GOODS1 TRUCK1 MARKET5 LEVEL4 LEVEL5 LEVEL0 LEVEL1) [1]
Pruned:  0: (LOAD GOODS1 TRUCK1 MARKET5 LEVEL4 LEVEL5 LEVEL0 LEVEL1) [1]
Pruned:  0: (LOAD GOODS1 TRUCK1 MARKET5 LEVEL4 LEVEL5 LEVEL0 LEVEL1) [1]
Pruned:  0: (LOAD GOODS1 TRUCK1 MARKET5 LEVEL4 LEVEL5 LEVEL0 LEVEL1) [1]
Pruned:  0: (LOAD GOODS1 TRUCK1 MARKET5 LEVEL4 LEVEL5 LEVEL0 LEVEL1) [1]
Pruned:  0: (LOAD GOODS1 TRUCK1 MARKET5 LEVEL4 LEVEL5 LEVEL0 LEVEL1) [1]
Pruned:  0: (LOAD GOODS1 TRUCK1 MARKET5 LEVEL4 LEVEL5 LEVEL0 LEVEL1) [1]
Pruned:  0: (LOAD GOODS1 TRUCK1 MARKET5 LEVEL4 LEVEL5 LEVEL0 LEVEL1) [1]
Pruned:  0: (LOAD GOODS1 TRUCK1 MARKET5 LEVEL4 LEVEL5 LEVEL0 LEVEL1) [1]
Pruned:  0: (LOAD GOODS1 TRUCK1 MARKET5 LEVEL4 LEVEL5 LEVEL0 LEVEL1) [1]
Pruned:  0: (LOAD GOODS1 TRUCK1 MARKET5 LEVEL4 LEVEL5 LEVEL0 LEVEL1) [1]
Pruned:  0: (LOAD GOODS1 TRUCK1 MARKET5 LEVEL4 LEVEL5 LEVEL0 LEVEL1) [1]
Pruned:  0: (LOAD GOODS1 TRUCK1 MARKET5 LEVEL4 LEVEL5 LEVEL0 LEVEL1) [1]
Pruned:  0: (LOAD GOODS1 TRUCK1 MARKET5 LEVEL4 LEVEL5 LEVEL0 LEVEL1) [1]
Pruned:  0: (LOAD GOODS1 TRUCK1 MARKET5 LEVEL4 LEVEL5 LEVEL0 LEVEL1) [1]
Pruned:  0: (LOAD GOODS1 TRUCK1 MARKET5 LEVEL4 LEVEL5 LEVEL0 LEVEL1) [1]
Pruned:  0: (LOAD GOODS1 TRUCK1 MARKET5 LEVEL4 LEVEL5 LEVEL0 LEVEL1) [1]
Pruned:  0: (LOAD GOODS1 TRUCK1 MARKET5 LEVEL4 LEVEL5 LEVEL0 LEVEL1) [1]
Pruned:  0: (LOAD GOODS1 TRUCK1 MARKET5 LEVEL4 LEVEL5 LEVEL0 LEVEL1) [1]
Pruned:  0: (LOAD GOODS1 TRUCK1 MARKET5 LEVEL4 LEVEL5 LEVEL0 LEVEL1) [1]
Pruned:  0: (LOAD GOODS1 TRUCK1 MARKET5 LEVEL4 LEVEL5 LEVEL0 LEVEL1) [1]
Pruned:  0: (LOAD GOODS1 TRUCK1 MARKET5 LEVEL4 LEVEL5 LEVEL0 LEVEL1) [1]
Pruned:  0: (LOAD GOODS1 TRUCK1 MARKET5 LEVEL4 LEVEL5 LEVEL0 LEVEL1) [1]
Pruned:  0: (LOAD GOODS1 TRUCK1 MARKET5 LEVEL4 LEVEL5 LEVEL0 LEVEL1) [1]
Pruned:  0: (LOAD GOODS1 TRUCK1 MARKET5 LEVEL4 LEVEL5 LEVEL0 LEVEL1) [1]
Pruned:  0: (LOAD GOODS1 TRUCK1 MARKET5 LEVEL4 LEVEL5 LEVEL0 LEVEL1) [1]
Pruned:  0: (LOAD GOODS1 TRUCK1 MARKET5 LEVEL4 LEVEL5 LEVEL0 LEVEL1) [1]
Pruned:  0: (LOAD GOODS1 TRUCK1 MARKET5 LEVEL4 LEVEL5 LEVEL0 LEVEL1) [1]
Pruned:  0: (LOAD GOODS1 TRUCK1 MARKET5 LEVEL4 LEVEL5 LEVEL0 LEVEL1) [1]
Pruned:  0: (LOAD GOODS1 TRUCK1 MARKET5 LEVEL4 LEVEL5 LEVEL0 LEVEL1) [1]
Pruned:  0: (LOAD GOODS1 TRUCK1 MARKET5 LEVEL4 LEVEL5 LEVEL0 LEVEL1) [1]
Pruned:  0: (LOAD GOODS1 TRUCK1 MARKET5 LEVEL4 LEVEL5 LEVEL0 LEVEL1) [1]
Pruned:  0: (LOAD GOODS1 TRUCK1 MARKET5 LEVEL4 LEVEL5 LEVEL0 LEVEL1) [1]
Pruned:  0: (LOAD GOODS1 TRUCK1 MARKET5 LEVEL4 LEVEL5 LEVEL0 LEVEL1) [1]
Pruned:  0: (LOAD GOODS1 TRUCK1 MARKET5 LEVEL4 LEVEL5 LEVEL0 LEVEL1) [1]
Pruned:  0: (LOAD GOODS1 TRUCK1 MARKET5 LEVEL4 LEVEL5 LEVEL0 LEVEL1) [1]
Pruned:  0: (LOAD GOODS1 TRUCK1 MARKET5 LEVEL4 LEVEL5 LEVEL0 LEVEL1) [1]
Pruned:  0: (LOAD GOODS1 TRUCK1 MARKET5 LEVEL4 LEVEL5 LEVEL0 LEVEL1) [1]
Pruned:  0: (LOAD GOODS1 TRUCK1 MARKET5 LEVEL4 LEVEL5 LEVEL0 LEVEL1) [1]
Pruned:  0: (LOAD GOODS1 TRUCK1 MARKET5 LEVEL4 LEVEL5 LEVEL0 LEVEL1) [1]
Pruned:  0: (LOAD GOODS1 TRUCK1 MARKET5 LEVEL4 LEVEL5 LEVEL0 LEVEL1) [1]
Pruned:  0: (LOAD GOODS1 TRUCK1 MARKET5 LEVEL4 LEVEL5 LEVEL0 LEVEL1) [1]
Pruned:  0: (LOAD GOODS1 TRUCK1 MARKET5 LEVEL4 LEVEL5 LEVEL0 LEVEL1) [1]
Pruned:  0: (LOAD GOODS1 TRUCK1 MARKET5 LEVEL4 LEVEL5 LEVEL0 LEVEL1) [1]
Pruned:  0: (LOAD GOODS1 TRUCK1 MARKET5 LEVEL4 LEVEL5 LEVEL0 LEVEL1) [1]
Pruned:  0: (LOAD GOODS1 TRUCK1 MARKET5 LEVEL4 LEVEL5 LEVEL0 LEVEL1) [1]
Pruned:  0: (LOAD GOODS1 TRUCK1 MARKET5 LEVEL4 LEVEL5 LEVEL0 LEVEL1) [1]
Pruned:  0: (LOAD GOODS1 TRUCK1 MARKET5 LEVEL4 LEVEL5 LEVEL0 LEVEL1) [1]
Pruned:  0: (LOAD GOODS1 TRUCK1 MARKET5 LEVEL4 LEVEL5 LEVEL0 LEVEL1) [1]
Pruned:  0: (LOAD GOODS1 TRUCK1 MARKET5 LEVEL4 LEVEL5 LEVEL0 LEVEL1) [1]
Pruned:  0: (LOAD GOODS1 TRUCK1 MARKET5 LEVEL4 LEVEL5 LEVEL0 LEVEL1) [1]
Pruned:  0: (LOAD GOODS1 TRUCK1 MARKET5 LEVEL4 LEVEL5 LEVEL0 LEVEL1) [1]
Pruned:  0: (LOAD GOODS1 TRUCK1 MARKET5 LEVEL4 LEVEL5 LEVEL0 LEVEL1) [1]
Pruned:  0: (LOAD GOODS1 TRUCK1 MARKET5 LEVEL4 LEVEL5 LEVEL0 LEVEL1) [1]
Pruned:  0: (LOAD GOODS1 TRUCK1 MARKET5 LEVEL4 LEVEL5 LEVEL0 LEVEL1) [1]
Pruned:  0: (LOAD GOODS1 TRUCK1 MARKET5 LEVEL4 LEVEL5 LEVEL0 LEVEL1) [1]
Pruned:  0: (LOAD GOODS1 TRUCK1 MARKET5 LEVEL4 LEVEL5 LEVEL0 LEVEL1) [1]
Pruned:  0: (LOAD GOODS1 TRUCK1 MARKET5 LEVEL4 LEVEL5 LEVEL0 LEVEL1) [1]
Pruned:  0: (LOAD GOODS1 TRUCK1 MARKET5 LEVEL4 LEVEL5 LEVEL0 LEVEL1) [1]
Pruned:  0: (LOAD GOODS1 TRUCK1 MARKET5 LEVEL4 LEVEL5 LEVEL0 LEVEL1) [1]
Pruned:  0: (LOAD GOODS1 TRUCK1 MARKET5 LEVEL4 LEVEL5 LEVEL0 LEVEL1) [1]
Pruned:  0: (LOAD GOODS1 TRUCK1 MARKET5 LEVEL4 LEVEL5 LEVEL0 LEVEL1) [1]
Pruned:  0: (LOAD GOODS1 TRUCK1 MARKET5 LEVEL4 LEVEL5 LEVEL0 LEVEL1) [1]
Pruned:  0: (LOAD GOODS1 TRUCK1 MARKET5 LEVEL4 LEVEL5 LEVEL0 LEVEL1) [1]
Pruned:  0: (LOAD GOODS1 TRUCK1 MARKET5 LEVEL4 LEVEL5 LEVEL0 LEVEL1) [1]
Pruned:  0: (LOAD GOODS1 TRUCK1 MARKET5 LEVEL4 LEVEL5 LEVEL0 LEVEL1) [1]
Pruned:  0: (LOAD GOODS1 TRUCK1 MARKET5 LEVEL4 LEVEL5 LEVEL0 LEVEL1) [1]
Pruned:  0: (LOAD GOODS1 TRUCK1 MARKET5 LEVEL4 LEVEL5 LEVEL0 LEVEL1) [1]
Pruned:  0: (LOAD GOODS1 TRUCK1 MARKET5 LEVEL4 LEVEL5 LEVEL0 LEVEL1) [1]
Pruned:  0: (LOAD GOODS1 TRUCK1 MARKET5 LEVEL4 LEVEL5 LEVEL0 LEVEL1) [1]
Pruned:  0: (LOAD GOODS1 TRUCK1 MARKET5 LEVEL4 LEVEL5 LEVEL0 LEVEL1) [1]
Pruned:  0: (LOAD GOODS1 TRUCK1 MARKET5 LEVEL4 LEVEL5 LEVEL0 LEVEL1) [1]
Pruned:  0: (LOAD GOODS1 TRUCK1 MARKET5 LEVEL4 LEVEL5 LEVEL0 LEVEL1) [1]
Pruned:  0: (LOAD GOODS1 TRUCK1 MARKET5 LEVEL4 LEVEL5 LEVEL0 LEVEL1) [1]
Pruned:  0: (LOAD GOODS1 TRUCK1 MARKET5 LEVEL4 LEVEL5 LEVEL0 LEVEL1) [1]
Pruned:  0: (LOAD GOODS1 TRUCK1 MARKET5 LEVEL4 LEVEL5 LEVEL0 LEVEL1) [1]
Pruned:  0: (LOAD GOODS1 TRUCK1 MARKET5 LEVEL4 LEVEL5 LEVEL0 LEVEL1) [1]
Pruned:  0: (LOAD GOODS1 TRUCK1 MARKET5 LEVEL4 LEVEL5 LEVEL0 LEVEL1) [1]
Pruned:  0: (LOAD GOODS1 TRUCK1 MARKET5 LEVEL4 LEVEL5 LEVEL0 LEVEL1) [1]
Pruned:  0: (LOAD GOODS1 TRUCK1 MARKET5 LEVEL4 LEVEL5 LEVEL0 LEVEL1) [1]
Pruned:  0: (LOAD GOODS1 TRUCK1 MARKET5 LEVEL4 LEVEL5 LEVEL0 LEVEL1) [1]
Pruned:  0: (LOAD GOODS1 TRUCK1 MARKET5 LEVEL4 LEVEL5 LEVEL0 LEVEL1) [1]
Pruned:  0: (LOAD GOODS1 TRUCK1 MARKET5 LEVEL4 LEVEL5 LEVEL0 LEVEL1) [1]
Pruned:  0: (LOAD GOODS1 TRUCK1 MARKET5 LEVEL4 LEVEL5 LEVEL0 LEVEL1) [1]
Pruned:  0: (LOAD GOODS1 TRUCK1 MARKET5 LEVEL4 LEVEL5 LEVEL0 LEVEL1) [1]
Pruned:  0: (LOAD GOODS1 TRUCK1 MARKET5 LEVEL4 LEVEL5 LEVEL0 LEVEL1) [1]
Pruned:  0: (LOAD GOODS1 TRUCK1 MARKET5 LEVEL4 LEVEL5 LEVEL0 LEVEL1) [1]
Pruned:  0: (LOAD GOODS1 TRUCK1 MARKET5 LEVEL4 LEVEL5 LEVEL0 LEVEL1) [1]
Pruned:  0: (LOAD GOODS1 TRUCK1 MARKET5 LEVEL4 LEVEL5 LEVEL0 LEVEL1) [1]
Pruned:  0: (LOAD GOODS1 TRUCK1 MARKET5 LEVEL4 LEVEL5 LEVEL0 LEVEL1) [1]
Pruned:  0: (LOAD GOODS1 TRUCK1 MARKET5 LEVEL4 LEVEL5 LEVEL0 LEVEL1) [1]
Pruned:  0: (LOAD GOODS1 TRUCK1 MARKET5 LEVEL4 LEVEL5 LEVEL0 LEVEL1) [1]
Pruned:  0: (LOAD GOODS1 TRUCK1 MARKET5 LEVEL4 LEVEL5 LEVEL0 LEVEL1) [1]
Pruned:  0: (LOAD GOODS1 TRUCK1 MARKET5 LEVEL4 LEVEL5 LEVEL0 LEVEL1) [1]
Pruned:  0: (LOAD GOODS1 TRUCK1 MARKET5 LEVEL4 LEVEL5 LEVEL0 LEVEL1) [1]
Pruned:  0: (LOAD GOODS1 TRUCK1 MARKET5 LEVEL4 LEVEL5 LEVEL0 LEVEL1) [1]
Pruned:  0: (LOAD GOODS1 TRUCK1 MARKET5 LEVEL4 LEVEL5 LEVEL0 LEVEL1) [1]
Pruned:  0: (LOAD GOODS1 TRUCK1 MARKET5 LEVEL4 LEVEL5 LEVEL0 LEVEL1) [1]
Pruned:  0: (LOAD GOODS1 TRUCK1 MARKET5 LEVEL4 LEVEL5 LEVEL0 LEVEL1) [1]
Pruned:  0: (LOAD GOODS1 TRUCK1 MARKET5 LEVEL4 LEVEL5 LEVEL0 LEVEL1) [1]
Pruned:  0: (LOAD GOODS1 TRUCK1 MARKET5 LEVEL4 LEVEL5 LEVEL0 LEVEL1) [1]
Pruned:  0: (LOAD GOODS1 TRUCK1 MARKET5 LEVEL4 LEVEL5 LEVEL0 LEVEL1) [1]
Pruned:  0: (LOAD GOODS1 TRUCK1 MARKET5 LEVEL4 LEVEL5 LEVEL0 LEVEL1) [1]
Pruned:  0: (LOAD GOODS1 TRUCK1 MARKET5 LEVEL4 LEVEL5 LEVEL0 LEVEL1) [1]
Pruned:  0: (LOAD GOODS1 TRUCK1 MARKET5 LEVEL4 LEVEL5 LEVEL0 LEVEL1) [1]
Pruned:  0: (LOAD GOODS1 TRUCK1 MARKET5 LEVEL4 LEVEL5 LEVEL0 LEVEL1) [1]
Pruned:  0: (LOAD GOODS1 TRUCK1 MARKET5 LEVEL4 LEVEL5 LEVEL0 LEVEL1) [1]
Pruned:  0: (LOAD GOODS1 TRUCK1 MARKET5 LEVEL4 LEVEL5 LEVEL0 LEVEL1) [1]
Pruned:  0: (LOAD GOODS1 TRUCK1 MARKET5 LEVEL4 LEVEL5 LEVEL0 LEVEL1) [1]
Pruned:  0: (LOAD GOODS1 TRUCK1 MARKET5 LEVEL4 LEVEL5 LEVEL0 LEVEL1) [1]
Pruned:  0: (LOAD GOODS1 TRUCK1 MARKET5 LEVEL4 LEVEL5 LEVEL0 LEVEL1) [1]
Pruned:  0: (LOAD GOODS1 TRUCK1 MARKET5 LEVEL4 LEVEL5 LEVEL0 LEVEL1) [1]
Pruned:  0: (LOAD GOODS1 TRUCK1 MARKET5 LEVEL4 LEVEL5 LEVEL0 LEVEL1) [1]
Pruned:  0: (LOAD GOODS1 TRUCK1 MARKET5 LEVEL4 LEVEL5 LEVEL0 LEVEL1) [1]
Pruned:  0: (LOAD GOODS1 TRUCK1 MARKET5 LEVEL4 LEVEL5 LEVEL0 LEVEL1) [1]
Pruned:  0: (LOAD GOODS1 TRUCK1 MARKET5 LEVEL4 LEVEL5 LEVEL0 LEVEL1) [1]
Pruned:  0: (LOAD GOODS1 TRUCK1 MARKET5 LEVEL4 LEVEL5 LEVEL0 LEVEL1) [1]
Pruned:  0: (LOAD GOODS1 TRUCK1 MARKET5 LEVEL4 LEVEL5 LEVEL0 LEVEL1) [1]
Pruned:  0: (LOAD GOODS1 TRUCK1 MARKET5 LEVEL4 LEVEL5 LEVEL0 LEVEL1) [1]
Pruned:  0: (LOAD GOODS1 TRUCK1 MARKET5 LEVEL4 LEVEL5 LEVEL0 LEVEL1) [1]
Pruned:  0: (LOAD GOODS1 TRUCK1 MARKET5 LEVEL4 LEVEL5 LEVEL0 LEVEL1) [1]
Pruned:  0: (LOAD GOODS1 TRUCK1 MARKET5 LEVEL4 LEVEL5 LEVEL0 LEVEL1) [1]
Pruned:  0: (LOAD GOODS1 TRUCK1 MARKET5 LEVEL4 LEVEL5 LEVEL0 LEVEL1) [1]
Pruned:  0: (LOAD GOODS1 TRUCK1 MARKET5 LEVEL4 LEVEL5 LEVEL0 LEVEL1) [1]
Pruned:  0: (LOAD GOODS1 TRUCK1 MARKET5 LEVEL4 LEVEL5 LEVEL0 LEVEL1) [1]
Pruned:  0: (LOAD GOODS1 TRUCK1 MARKET5 LEVEL4 LEVEL5 LEVEL0 LEVEL1) [1]
Pruned:  0: (LOAD GOODS1 TRUCK1 MARKET5 LEVEL4 LEVEL5 LEVEL0 LEVEL1) [1]
Pruned:  0: (LOAD GOODS1 TRUCK1 MARKET5 LEVEL4 LEVEL5 LEVEL0 LEVEL1) [1]
Pruned:  0: (LOAD GOODS1 TRUCK1 MARKET5 LEVEL4 LEVEL5 LEVEL0 LEVEL1) [1]
Pruned:  0: (LOAD GOODS1 TRUCK1 MARKET5 LEVEL4 LEVEL5 LEVEL0 LEVEL1) [1]
Pruned:  0: (LOAD GOODS1 TRUCK1 MARKET5 LEVEL4 LEVEL5 LEVEL0 LEVEL1) [1]
Pruned:  0: (LOAD GOODS1 TRUCK1 MARKET5 LEVEL4 LEVEL5 LEVEL0 LEVEL1) [1]
Pruned:  0: (LOAD GOODS1 TRUCK1 MARKET5 LEVEL4 LEVEL5 LEVEL0 LEVEL1) [1]
Pruned:  0: (LOAD GOODS1 TRUCK1 MARKET5 LEVEL4 LEVEL5 LEVEL0 LEVEL1) [1]
Pruned:  0: (LOAD GOODS1 TRUCK1 MARKET5 LEVEL4 LEVEL5 LEVEL0 LEVEL1) [1]
Pruned:  0: (LOAD GOODS1 TRUCK1 MARKET5 LEVEL4 LEVEL5 LEVEL0 LEVEL1) [1]
Pruned:  0: (LOAD GOODS1 TRUCK1 MARKET5 LEVEL4 LEVEL5 LEVEL0 LEVEL1) [1]
Pruned:  0: (LOAD GOODS1 TRUCK1 MARKET5 LEVEL4 LEVEL5 LEVEL0 LEVEL1) [1]
Pruned:  0: (LOAD GOODS1 TRUCK1 MARKET5 LEVEL4 LEVEL5 LEVEL0 LEVEL1) [1]
Pruned:  0: (LOAD GOODS1 TRUCK1 MARKET5 LEVEL4 LEVEL5 LEVEL0 LEVEL1) [1]
Pruned:  0: (LOAD GOODS1 TRUCK1 MARKET5 LEVEL4 LEVEL5 LEVEL0 LEVEL1) [1]
Pruned:  0: (LOAD GOODS1 TRUCK1 MARKET5 LEVEL4 LEVEL5 LEVEL0 LEVEL1) [1]
Pruned:  0: (LOAD GOODS1 TRUCK1 MARKET5 LEVEL4 LEVEL5 LEVEL0 LEVEL1) [1]
Pruned:  0: (LOAD GOODS1 TRUCK1 MARKET5 LEVEL4 LEVEL5 LEVEL0 LEVEL1) [1]
Pruned:  0: (LOAD GOODS1 TRUCK1 MARKET5 LEVEL4 LEVEL5 LEVEL0 LEVEL1) [1]
Pruned:  0: (LOAD GOODS1 TRUCK1 MARKET5 LEVEL4 LEVEL5 LEVEL0 LEVEL1) [1]
Pruned:  0: (LOAD GOODS1 TRUCK1 MARKET5 LEVEL4 LEVEL5 LEVEL0 LEVEL1) [1]
Pruned:  0: (LOAD GOODS1 TRUCK1 MARKET5 LEVEL4 LEVEL5 LEVEL0 LEVEL1) [1]
Pruned:  0: (LOAD GOODS1 TRUCK1 MARKET5 LEVEL4 LEVEL5 LEVEL0 LEVEL1) [1]
Pruned:  0: (LOAD GOODS1 TRUCK1 MARKET5 LEVEL4 LEVEL5 LEVEL0 LEVEL1) [1]
Pruned:  0: (LOAD GOODS1 TRUCK1 MARKET5 LEVEL4 LEVEL5 LEVEL0 LEVEL1) [1]
Pruned:  0: (LOAD GOODS1 TRUCK1 MARKET5 LEVEL4 LEVEL5 LEVEL0 LEVEL1) [1]
Pruned:  0: (LOAD GOODS1 TRUCK1 MARKET5 LEVEL4 LEVEL5 LEVEL0 LEVEL1) [1]
Pruned:  0: (LOAD GOODS1 TRUCK1 MARKET5 LEVEL4 LEVEL5 LEVEL0 LEVEL1) [1]
Pruned:  0: (LOAD GOODS1 TRUCK1 MARKET5 LEVEL4 LEVEL5 LEVEL0 LEVEL1) [1]
Pruned:  0: (LOAD GOODS1 TRUCK1 MARKET5 LEVEL4 LEVEL5 LEVEL0 LEVEL1) [1]
Pruned:  0: (LOAD GOODS1 TRUCK1 MARKET5 LEVEL4 LEVEL5 LEVEL0 LEVEL1) [1]
Pruned:  0: (LOAD GOODS1 TRUCK1 MARKET5 LEVEL4 LEVEL5 LEVEL0 LEVEL1) [1]
Pruned:  0: (LOAD GOODS1 TRUCK1 MARKET5 LEVEL4 LEVEL5 LEVEL0 LEVEL1) [1]
Pruned:  0: (LOAD GOODS1 TRUCK1 MARKET5 LEVEL4 LEVEL5 LEVEL0 LEVEL1) [1]
Pruned:  0: (LOAD GOODS1 TRUCK1 MARKET5 LEVEL4 LEVEL5 LEVEL0 LEVEL1) [1]
Pruned:  0: (LOAD GOODS1 TRUCK1 MARKET5 LEVEL4 LEVEL5 LEVEL0 LEVEL1) [1]
Pruned:  0: (LOAD GOODS1 TRUCK1 MARKET5 LEVEL4 LEVEL5 LEVEL0 LEVEL1) [1]
Pruned:  0: (LOAD GOODS1 TRUCK1 MARKET5 LEVEL4 LEVEL5 LEVEL0 LEVEL1) [1]
Pruned:  0: (LOAD GOODS1 TRUCK1 MARKET5 LEVEL4 LEVEL5 LEVEL0 LEVEL1) [1]
Pruned:  0: (LOAD GOODS1 TRUCK1 MARKET5 LEVEL4 LEVEL5 LEVEL0 LEVEL1) [1]
Pruned:  0: (LOAD GOODS1 TRUCK1 MARKET5 LEVEL4 LEVEL5 LEVEL0 LEVEL1) [1]
Pruned:  0: (LOAD GOODS1 TRUCK1 MARKET5 LEVEL4 LEVEL5 LEVEL0 LEVEL1) [1]
Pruned:  0: (LOAD GOODS1 TRUCK1 MARKET5 LEVEL4 LEVEL5 LEVEL0 LEVEL1) [1]
Pruned:  0: (LOAD GOODS1 TRUCK1 MARKET5 LEVEL4 LEVEL5 LEVEL0 LEVEL1) [1]
Pruned:  0: (LOAD GOODS1 TRUCK1 MARKET5 LEVEL4 LEVEL5 LEVEL0 LEVEL1) [1]
Pruned:  0: (LOAD GOODS1 TRUCK1 MARKET5 LEVEL4 LEVEL5 LEVEL0 LEVEL1) [1]
Pruned:  0: (LOAD GOODS1 TRUCK1 MARKET5 LEVEL4 LEVEL5 LEVEL0 LEVEL1) [1]
Pruned:  0: (LOAD GOODS1 TRUCK1 MARKET5 LEVEL4 LEVEL5 LEVEL0 LEVEL1) [1]
Pruned:  0: (LOAD GOODS1 TRUCK1 MARKET5 LEVEL4 LEVEL5 LEVEL0 LEVEL1) [1]
Pruned:  0: (LOAD GOODS1 TRUCK1 MARKET5 LEVEL4 LEVEL5 LEVEL0 LEVEL1) [1]
Pruned:  0: (LOAD GOODS1 TRUCK1 MARKET5 LEVEL4 LEVEL5 LEVEL0 LEVEL1) [1]
Pruned:  0: (LOAD GOODS1 TRUCK1 MARKET5 LEVEL4 LEVEL5 LEVEL0 LEVEL1) [1]
Pruned:  0: (LOAD GOODS1 TRUCK1 MARKET5 LEVEL4 LEVEL5 LEVEL0 LEVEL1) [1]
Pruned:  0: (LOAD GOODS1 TRUCK1 MARKET5 LEVEL4 LEVEL5 LEVEL0 LEVEL1) [1]
Pruned:  0: (LOAD GOODS1 TRUCK1 MARKET5 LEVEL4 LEVEL5 LEVEL0 LEVEL1) [1]
Pruned:  0: (LOAD GOODS1 TRUCK1 MARKET5 LEVEL4 LEVEL5 LEVEL0 LEVEL1) [1]
Pruned:  0: (LOAD GOODS1 TRUCK1 MARKET5 LEVEL4 LEVEL5 LEVEL0 LEVEL1) [1]
Pruned:  0: (LOAD GOODS1 TRUCK1 MARKET5 LEVEL4 LEVEL5 LEVEL0 LEVEL1) [1]
Pruned:  0: (LOAD GOODS1 TRUCK1 MARKET5 LEVEL4 LEVEL5 LEVEL0 LEVEL1) [1]
Pruned:  0: (LOAD GOODS1 TRUCK1 MARKET5 LEVEL4 LEVEL5 LEVEL0 LEVEL1) [1]
Pruned:  0: (LOAD GOODS1 TRUCK1 MARKET5 LEVEL4 LEVEL5 LEVEL0 LEVEL1) [1]
Pruned:  0: (LOAD GOODS1 TRUCK1 MARKET5 LEVEL4 LEVEL5 LEVEL0 LEVEL1) [1]
Pruned:  0: (LOAD GOODS1 TRUCK1 MARKET5 LEVEL4 LEVEL5 LEVEL0 LEVEL1) [1]
Pruned:  0: (LOAD GOODS1 TRUCK1 MARKET5 LEVEL4 LEVEL5 LEVEL0 LEVEL1) [1]
Pruned:  0: (LOAD GOODS1 TRUCK1 MARKET5 LEVEL4 LEVEL5 LEVEL0 LEVEL1) [1]
Pruned:  0: (LOAD GOODS1 TRUCK1 MARKET5 LEVEL4 LEVEL5 LEVEL0 LEVEL1) [1]
Pruned:  0: (LOAD GOODS1 TRUCK1 MARKET5 LEVEL4 LEVEL5 LEVEL0 LEVEL1) [1]
Pruned:  0: (LOAD GOODS1 TRUCK1 MARKET5 LEVEL4 LEVEL5 LEVEL0 LEVEL1) [1]
Pruned:  0: (LOAD GOODS1 TRUCK1 MARKET5 LEVEL4 LEVEL5 LEVEL0 LEVEL1) [1]
Pruned:  0: (LOAD GOODS1 TRUCK1 MARKET5 LEVEL4 LEVEL5 LEVEL0 LEVEL1) [1]
Pruned:  0: (LOAD GOODS1 TRUCK1 MARKET5 LEVEL4 LEVEL5 LEVEL0 LEVEL1) [1]
Pruned:  0: (LOAD GOODS1 TRUCK1 MARKET5 LEVEL4 LEVEL5 LEVEL0 LEVEL1) [1]
Pruned:  0: (LOAD GOODS1 TRUCK1 MARKET5 LEVEL4 LEVEL5 LEVEL0 LEVEL1) [1]
Pruned:  0: (LOAD GOODS1 TRUCK1 MARKET5 LEVEL4 LEVEL5 LEVEL0 LEVEL1) [1]
Pruned:  0: (LOAD GOODS1 TRUCK1 MARKET5 LEVEL4 LEVEL5 LEVEL0 LEVEL1) [1]
Pruned:  0: (LOAD GOODS1 TRUCK1 MARKET5 LEVEL4 LEVEL5 LEVEL0 LEVEL1) [1]
Pruned:  0: (LOAD GOODS1 TRUCK1 MARKET5 LEVEL4 LEVEL5 LEVEL0 LEVEL1) [1]
Pruned:  0: (LOAD GOODS1 TRUCK1 MARKET5 LEVEL4 LEVEL5 LEVEL0 LEVEL1) [1]
Pruned:  0: (LOAD GOODS1 TRUCK1 MARKET5 LEVEL4 LEVEL5 LEVEL0 LEVEL1) [1]
Pruned:  0: (LOAD GOODS1 TRUCK1 MARKET5 LEVEL4 LEVEL5 LEVEL0 LEVEL1) [1]
Pruned:  0: (LOAD GOODS1 TRUCK1 MARKET5 LEVEL4 LEVEL5 LEVEL0 LEVEL1) [1]
Pruned:  0: (LOAD GOODS1 TRUCK1 MARKET5 LEVEL4 LEVEL5 LEVEL0 LEVEL1) [1]
Pruned:  0: (LOAD GOODS1 TRUCK1 MARKET5 LEVEL4 LEVEL5 LEVEL0 LEVEL1) [1]
Pruned:  0: (LOAD GOODS1 TRUCK1 MARKET5 LEVEL4 LEVEL5 LEVEL0 LEVEL1) [1]
Pruned:  0: (LOAD GOODS1 TRUCK1 MARKET5 LEVEL4 LEVEL5 LEVEL0 LEVEL1) [1]
Pruned:  0: (LOAD GOODS1 TRUCK1 MARKET5 LEVEL4 LEVEL5 LEVEL0 LEVEL1) [1]
Pruned:  0: (LOAD GOODS1 TRUCK1 MARKET5 LEVEL4 LEVEL5 LEVEL0 LEVEL1) [1]
Pruned:  0: (LOAD GOODS1 TRUCK1 MARKET5 LEVEL4 LEVEL5 LEVEL0 LEVEL1) [1]
Pruned:  0: (LOAD GOODS1 TRUCK1 MARKET5 LEVEL4 LEVEL5 LEVEL0 LEVEL1) [1]
Pruned:  0: (LOAD GOODS1 TRUCK1 MARKET5 LEVEL4 LEVEL5 LEVEL0 LEVEL1) [1]
Pruned:  0: (LOAD GOODS1 TRUCK1 MARKET5 LEVEL4 LEVEL5 LEVEL0 LEVEL1) [1]
Pruned:  0: (LOAD GOODS1 TRUCK1 MARKET5 LEVEL4 LEVEL5 LEVEL0 LEVEL1) [1]
Pruned:  0: (LOAD GOODS1 TRUCK1 MARKET5 LEVEL4 LEVEL5 LEVEL0 LEVEL1) [1]
Pruned:  0: (LOAD GOODS1 TRUCK1 MARKET5 LEVEL4 LEVEL5 LEVEL0 LEVEL1) [1]
Pruned:  0: (LOAD GOODS1 TRUCK1 MARKET5 LEVEL4 LEVEL5 LEVEL0 LEVEL1) [1]
Pruned:  0: (LOAD GOODS1 TRUCK1 MARKET5 LEVEL4 LEVEL5 LEVEL0 LEVEL1) [1]
Pruned:  0: (LOAD GOODS1 TRUCK1 MARKET5 LEVEL4 LEVEL5 LEVEL0 LEVEL1) [1]
Pruned:  0: (LOAD GOODS1 TRUCK1 MARKET5 LEVEL4 LEVEL5 LEVEL0 LEVEL1) [1]
Pruned:  0: (LOAD GOODS1 TRUCK1 MARKET5 LEVEL4 LEVEL5 LEVEL0 LEVEL1) [1]
Pruned:  0: (LOAD GOODS1 TRUCK1 MARKET5 LEVEL4 LEVEL5 LEVEL0 LEVEL1) [1]
Pruned:  0: (LOAD GOODS1 TRUCK1 MARKET5 LEVEL4 LEVEL5 LEVEL0 LEVEL1) [1]
Pruned:  0: (LOAD GOODS1 TRUCK1 MARKET5 LEVEL4 LEVEL5 LEVEL0 LEVEL1) [1]
Pruned:  0: (LOAD GOODS1 TRUCK1 MARKET5 LEVEL4 LEVEL5 LEVEL0 LEVEL1) [1]
Pruned:  0: (LOAD GOODS1 TRUCK1 MARKET5 LEVEL4 LEVEL5 LEVEL0 LEVEL1) [1]
Pruned:  0: (LOAD GOODS1 TRUCK1 MARKET5 LEVEL4 LEVEL5 LEVEL0 LEVEL1) [1]
Pruned:  0: (LOAD GOODS1 TRUCK1 MARKET5 LEVEL4 LEVEL5 LEVEL0 LEVEL1) [1]
Pruned:  0: (LOAD GOODS1 TRUCK1 MARKET5 LEVEL4 LEVEL5 LEVEL0 LEVEL1) [1]
Pruned:  0: (LOAD GOODS1 TRUCK1 MARKET5 LEVEL4 LEVEL5 LEVEL0 LEVEL1) [1]
Pruned:  0: (LOAD GOODS1 TRUCK1 MARKET5 LEVEL4 LEVEL5 LEVEL0 LEVEL1) [1]
Pruned:  0: (LOAD GOODS1 TRUCK1 MARKET5 LEVEL4 LEVEL5 LEVEL0 LEVEL1) [1]
Pruned:  0: (LOAD GOODS1 TRUCK1 MARKET5 LEVEL4 LEVEL5 LEVEL0 LEVEL1) [1]
Pruned:  0: (LOAD GOODS1 TRUCK1 MARKET5 LEVEL4 LEVEL5 LEVEL0 LEVEL1) [1]
Pruned:  0: (LOAD GOODS1 TRUCK1 MARKET5 LEVEL4 LEVEL5 LEVEL0 LEVEL1) [1]
Pruned:  0: (LOAD GOODS1 TRUCK1 MARKET5 LEVEL4 LEVEL5 LEVEL0 LEVEL1) [1]
Pruned:  0: (LOAD GOODS1 TRUCK1 MARKET5 LEVEL4 LEVEL5 LEVEL0 LEVEL1) [1]
Pruned:  0: (LOAD GOODS1 TRUCK1 MARKET5 LEVEL4 LEVEL5 LEVEL0 LEVEL1) [1]
Pruned:  0: (LOAD GOODS1 TRUCK1 MARKET5 LEVEL4 LEVEL5 LEVEL0 LEVEL1) [1]
Pruned:  0: (LOAD GOODS1 TRUCK1 MARKET5 LEVEL4 LEVEL5 LEVEL0 LEVEL1) [1]
Pruned:  0: (LOAD GOODS1 TRUCK1 MARKET5 LEVEL4 LEVEL5 LEVEL0 LEVEL1) [1]
Pruned:  0: (LOAD GOODS1 TRUCK1 MARKET5 LEVEL4 LEVEL5 LEVEL0 LEVEL1) [1]
Pruned:  0: (LOAD GOODS1 TRUCK1 MARKET5 LEVEL4 LEVEL5 LEVEL0 LEVEL1) [1]
Pruned:  0: (LOAD GOODS1 TRUCK1 MARKET5 LEVEL4 LEVEL5 LEVEL0 LEVEL1) [1]
Pruned:  0: (LOAD GOODS1 TRUCK1 MARKET5 LEVEL4 LEVEL5 LEVEL0 LEVEL1) [1]
Pruned:  0: (LOAD GOODS1 TRUCK1 MARKET5 LEVEL4 LEVEL5 LEVEL0 LEVEL1) [1]
Pruned:  0: (LOAD GOODS1 TRUCK1 MARKET5 LEVEL4 LEVEL5 LEVEL0 LEVEL1) [1]
Pruned:  0: (LOAD GOODS1 TRUCK1 MARKET5 LEVEL4 LEVEL5 LEVEL0 LEVEL1) [1]
Pruned:  0: (LOAD GOODS1 TRUCK1 MARKET5 LEVEL4 LEVEL5 LEVEL0 LEVEL1) [1]
Pruned:  0: (LOAD GOODS1 TRUCK1 MARKET5 LEVEL4 LEVEL5 LEVEL0 LEVEL1) [1]
Pruned:  0: (LOAD GOODS1 TRUCK1 MARKET5 LEVEL4 LEVEL5 LEVEL0 LEVEL1) [1]
Pruned:  0: (LOAD GOODS1 TRUCK1 MARKET5 LEVEL4 LEVEL5 LEVEL0 LEVEL1) [1]
Pruned:  0: (LOAD GOODS1 TRUCK1 MARKET5 LEVEL4 LEVEL5 LEVEL0 LEVEL1) [1]
Pruned:  0: (LOAD GOODS1 TRUCK1 MARKET5 LEVEL4 LEVEL5 LEVEL0 LEVEL1) [1]
Pruned:  0: (LOAD GOODS1 TRUCK1 MARKET5 LEVEL4 LEVEL5 LEVEL0 LEVEL1) [1]
Pruned:  0: (LOAD GOODS1 TRUCK1 MARKET5 LEVEL4 LEVEL5 LEVEL0 LEVEL1) [1]
Pruned:  0: (LOAD GOODS1 TRUCK1 MARKET5 LEVEL4 LEVEL5 LEVEL0 LEVEL1) [1]
Pruned:  0: (LOAD GOODS1 TRUCK1 MARKET5 LEVEL4 LEVEL5 LEVEL0 LEVEL1) [1]
Pruned:  0: (LOAD GOODS1 TRUCK1 MARKET5 LEVEL4 LEVEL5 LEVEL0 LEVEL1) [1]
Pruned:  0: (LOAD GOODS1 TRUCK1 MARKET5 LEVEL4 LEVEL5 LEVEL0 LEVEL1) [1]
Pruned:  0: (LOAD GOODS1 TRUCK1 MARKET5 LEVEL4 LEVEL5 LEVEL0 LEVEL1) [1]
Pruned:  0: (LOAD GOODS1 TRUCK1 MARKET5 LEVEL4 LEVEL5 LEVEL0 LEVEL1) [1]
Pruned:  0: (LOAD GOODS1 TRUCK1 MARKET5 LEVEL4 LEVEL5 LEVEL0 LEVEL1) [1]
Pruned:  0: (LOAD GOODS1 TRUCK1 MARKET5 LEVEL4 LEVEL5 LEVEL0 LEVEL1) [1]
Pruned:  0: (LOAD GOODS1 TRUCK1 MARKET5 LEVEL4 LEVEL5 LEVEL0 LEVEL1) [1]
Pruned:  0: (LOAD GOODS1 TRUCK1 MARKET5 LEVEL4 LEVEL5 LEVEL0 LEVEL1) [1]
Pruned:  0: (LOAD GOODS1 TRUCK1 MARKET5 LEVEL4 LEVEL5 LEVEL0 LEVEL1) [1]
Pruned:  0: (LOAD GOODS1 TRUCK1 MARKET5 LEVEL4 LEVEL5 LEVEL0 LEVEL1) [1]
Pruned:  0: (LOAD GOODS1 TRUCK1 MARKET5 LEVEL4 LEVEL5 LEVEL0 LEVEL1) [1]
Pruned:  0: (LOAD GOODS1 TRUCK1 MARKET5 LEVEL4 LEVEL5 LEVEL0 LEVEL1) [1]
Pruned:  0: (LOAD GOODS1 TRUCK1 MARKET5 LEVEL4 LEVEL5 LEVEL0 LEVEL1) [1]
Pruned:  0: (LOAD GOODS1 TRUCK1 MARKET5 LEVEL4 LEVEL5 LEVEL0 LEVEL1) [1]
Pruned:  0: (LOAD GOODS1 TRUCK1 MARKET5 LEVEL4 LEVEL5 LEVEL0 LEVEL1) [1]
Pruned:  0: (LOAD GOODS1 TRUCK1 MARKET5 LEVEL4 LEVEL5 LEVEL0 LEVEL1) [1]
Pruned:  0: (LOAD GOODS1 TRUCK1 MARKET5 LEVEL4 LEVEL5 LEVEL0 LEVEL1) [1]
Pruned:  0: (LOAD GOODS1 TRUCK1 MARKET5 LEVEL4 LEVEL5 LEVEL0 LEVEL1) [1]
Pruned:  0: (LOAD GOODS1 TRUCK1 MARKET5 LEVEL4 LEVEL5 LEVEL0 LEVEL1) [1]
Pruned:  0: (LOAD GOODS1 TRUCK1 MARKET5 LEVEL4 LEVEL5 LEVEL0 LEVEL1) [1]
Pruned:  0: (LOAD GOODS1 TRUCK1 MARKET5 LEVEL4 LEVEL5 LEVEL0 LEVEL1) [1]
Pruned:  0: (LOAD GOODS1 TRUCK1 MARKET5 LEVEL4 LEVEL5 LEVEL0 LEVEL1) [1]
Pruned:  0: (LOAD GOODS1 TRUCK1 MARKET5 LEVEL4 LEVEL5 LEVEL0 LEVEL1) [1]
Pruned:  0: (LOAD GOODS1 TRUCK1 MARKET5 LEVEL4 LEVEL5 LEVEL0 LEVEL1) [1]
Pruned:  0: (LOAD GOODS1 TRUCK1 MARKET5 LEVEL4 LEVEL5 LEVEL0 LEVEL1) [1]
Pruned:  0: (LOAD GOODS1 TRUCK1 MARKET5 LEVEL4 LEVEL5 LEVEL0 LEVEL1) [1]
Pruned:  0: (LOAD GOODS1 TRUCK1 MARKET5 LEVEL4 LEVEL5 LEVEL0 LEVEL1) [1]
Pruned:  0: (LOAD GOODS1 TRUCK1 MARKET5 LEVEL4 LEVEL5 LEVEL0 LEVEL1) [1]
Pruned:  0: (LOAD GOODS1 TRUCK1 MARKET5 LEVEL4 LEVEL5 LEVEL0 LEVEL1) [1]
Pruned:  0: (LOAD GOODS1 TRUCK1 MARKET5 LEVEL4 LEVEL5 LEVEL0 LEVEL1) [1]
Pruned:  0: (LOAD GOODS1 TRUCK1 MARKET5 LEVEL4 LEVEL5 LEVEL0 LEVEL1) [1]
Pruned:  0: (LOAD GOODS1 TRUCK1 MARKET5 LEVEL4 LEVEL5 LEVEL0 LEVEL1) [1]
Pruned:  0: (LOAD GOODS1 TRUCK1 MARKET5 LEVEL4 LEVEL5 LEVEL0 LEVEL1) [1]
Pruned:  0: (LOAD GOODS1 TRUCK1 MARKET5 LEVEL4 LEVEL5 LEVEL0 LEVEL1) [1]
Pruned:  0: (LOAD GOODS1 TRUCK1 MARKET5 LEVEL4 LEVEL5 LEVEL0 LEVEL1) [1]
Pruned:  0: (LOAD GOODS1 TRUCK1 MARKET5 LEVEL4 LEVEL5 LEVEL0 LEVEL1) [1]
Pruned:  0: (LOAD GOODS1 TRUCK1 MARKET5 LEVEL4 LEVEL5 LEVEL0 LEVEL1) [1]
Pruned:  0: (LOAD GOODS1 TRUCK1 MARKET5 LEVEL4 LEVEL5 LEVEL0 LEVEL1) [1]
Pruned:  0: (LOAD GOODS1 TRUCK1 MARKET5 LEVEL4 LEVEL5 LEVEL0 LEVEL1) [1]
Pruned:  0: (LOAD GOODS1 TRUCK1 MARKET5 LEVEL4 LEVEL5 LEVEL0 LEVEL1) [1]
Pruned:  0: (LOAD GOODS1 TRUCK1 MARKET5 LEVEL4 LEVEL5 LEVEL0 LEVEL1) [1]
Pruned:  0: (LOAD GOODS1 TRUCK1 MARKET5 LEVEL4 LEVEL5 LEVEL0 LEVEL1) [1]
Pruned:  0: (LOAD GOODS1 TRUCK1 MARKET5 LEVEL4 LEVEL5 LEVEL0 LEVEL1) [1]
Pruned:  0: (LOAD GOODS1 TRUCK1 MARKET5 LEVEL4 LEVEL5 LEVEL0 LEVEL1) [1]
Pruned:  0: (LOAD GOODS1 TRUCK1 MARKET5 LEVEL4 LEVEL5 LEVEL0 LEVEL1) [1]
Pruned:  0: (LOAD GOODS1 TRUCK1 MARKET5 LEVEL4 LEVEL5 LEVEL0 LEVEL1) [1]
Pruned:  0: (LOAD GOODS1 TRUCK1 MARKET5 LEVEL4 LEVEL5 LEVEL0 LEVEL1) [1]
Pruned:  0: (LOAD GOODS1 TRUCK1 MARKET5 LEVEL4 LEVEL5 LEVEL0 LEVEL1) [1]
Pruned:  0: (LOAD GOODS1 TRUCK1 MARKET5 LEVEL4 LEVEL5 LEVEL0 LEVEL1) [1]
Pruned:  0: (LOAD GOODS1 TRUCK1 MARKET5 LEVEL4 LEVEL5 LEVEL0 LEVEL1) [1]
Pruned:  0: (LOAD GOODS1 TRUCK1 MARKET5 LEVEL4 LEVEL5 LEVEL0 LEVEL1) [1]
Pruned:  0: (LOAD GOODS1 TRUCK1 MARKET5 LEVEL4 LEVEL5 LEVEL0 LEVEL1) [1]
Pruned:  0: (LOAD GOODS1 TRUCK1 MARKET5 LEVEL4 LEVEL5 LEVEL0 LEVEL1) [1]
Pruned:  0: (LOAD GOODS1 TRUCK1 MARKET5 LEVEL4 LEVEL5 LEVEL0 LEVEL1) [1]
Pruned:  0: (LOAD GOODS1 TRUCK1 MARKET5 LEVEL4 LEVEL5 LEVEL0 LEVEL1) [1]
Pruned:  0: (LOAD GOODS1 TRUCK1 MARKET5 LEVEL4 LEVEL5 LEVEL0 LEVEL1) [1]
Pruned:  0: (LOAD GOODS1 TRUCK1 MARKET5 LEVEL4 LEVEL5 LEVEL0 LEVEL1) [1]
Pruned:  0: (LOAD GOODS1 TRUCK1 MARKET5 LEVEL4 LEVEL5 LEVEL0 LEVEL1) [1]
Pruned:  0: (LOAD GOODS1 TRUCK1 MARKET5 LEVEL4 LEVEL5 LEVEL0 LEVEL1) [1]
Pruned:  0: (LOAD GOODS1 TRUCK1 MARKET5 LEVEL4 LEVEL5 LEVEL0 LEVEL1) [1]
Pruned:  0: (LOAD GOODS1 TRUCK1 MARKET5 LEVEL4 LEVEL5 LEVEL0 LEVEL1) [1]
Pruned:  0: (LOAD GOODS1 TRUCK1 MARKET5 LEVEL4 LEVEL5 LEVEL0 LEVEL1) [1]
Pruned:  0: (LOAD GOODS1 TRUCK1 MARKET5 LEVEL4 LEVEL5 LEVEL0 LEVEL1) [1]
Pruned:  0: (LOAD GOODS1 TRUCK1 MARKET5 LEVEL4 LEVEL5 LEVEL0 LEVEL1) [1]
Pruned:  0: (LOAD GOODS1 TRUCK1 MARKET5 LEVEL4 LEVEL5 LEVEL0 LEVEL1) [1]
Pruned:  0: (LOAD GOODS1 TRUCK1 MARKET5 LEVEL4 LEVEL5 LEVEL0 LEVEL1) [1]
Pruned:  0: (LOAD GOODS1 TRUCK1 MARKET5 LEVEL4 LEVEL5 LEVEL0 LEVEL1) [1]
Pruned:  0: (LOAD GOODS1 TRUCK1 MARKET5 LEVEL4 LEVEL5 LEVEL0 LEVEL1) [1]
Pruned:  0: (LOAD GOODS1 TRUCK1 MARKET5 LEVEL4 LEVEL5 LEVEL0 LEVEL1) [1]
Pruned:  0: (LOAD GOODS1 TRUCK1 MARKET5 LEVEL4 LEVEL5 LEVEL0 LEVEL1) [1]
Pruned:  0: (LOAD GOODS1 TRUCK1 MARKET5 LEVEL4 LEVEL5 LEVEL0 LEVEL1) [1]
Pruned:  0: (LOAD GOODS1 TRUCK1 MARKET5 LEVEL4 LEVEL5 LEVEL0 LEVEL1) [1]
Pruned:  0: (LOAD GOODS1 TRUCK1 MARKET5 LEVEL4 LEVEL5 LEVEL0 LEVEL1) [1]
Pruned:  0: (LOAD GOODS1 TRUCK1 MARKET5 LEVEL4 LEVEL5 LEVEL0 LEVEL1) [1]
Pruned:  0: (LOAD GOODS1 TRUCK1 MARKET5 LEVEL4 LEVEL5 LEVEL0 LEVEL1) [1]
Pruned:  0: (LOAD GOODS1 TRUCK1 MARKET5 LEVEL4 LEVEL5 LEVEL0 LEVEL1) [1]
Pruned:  0: (LOAD GOODS1 TRUCK1 MARKET5 LEVEL4 LEVEL5 LEVEL0 LEVEL1) [1]
Pruned:  0: (LOAD GOODS1 TRUCK1 MARKET5 LEVEL4 LEVEL5 LEVEL0 LEVEL1) [1]
Pruned:  0: (LOAD GOODS1 TRUCK1 MARKET5 LEVEL4 LEVEL5 LEVEL0 LEVEL1) [1]
Pruned:  0: (LOAD GOODS1 TRUCK1 MARKET5 LEVEL4 LEVEL5 LEVEL0 LEVEL1) [1]
Pruned:  0: (LOAD GOODS1 TRUCK1 MARKET5 LEVEL4 LEVEL5 LEVEL0 LEVEL1) [1]
Pruned:  0: (LOAD GOODS1 TRUCK1 MARKET5 LEVEL4 LEVEL5 LEVEL0 LEVEL1) [1]
Pruned:  0: (LOAD GOODS1 TRUCK1 MARKET5 LEVEL4 LEVEL5 LEVEL0 LEVEL1) [1]
Pruned:  0: (LOAD GOODS1 TRUCK1 MARKET5 LEVEL4 LEVEL5 LEVEL0 LEVEL1) [1]
Pruned:  0: (LOAD GOODS1 TRUCK1 MARKET5 LEVEL4 LEVEL5 LEVEL0 LEVEL1) [1]
Pruned:  0: (LOAD GOODS1 TRUCK1 MARKET5 LEVEL4 LEVEL5 LEVEL0 LEVEL1) [1]
Pruned:  0: (LOAD GOODS1 TRUCK1 MARKET5 LEVEL4 LEVEL5 LEVEL0 LEVEL1) [1]
Pruned:  0: (LOAD GOODS1 TRUCK1 MARKET5 LEVEL4 LEVEL5 LEVEL0 LEVEL1) [1]
Pruned:  0: (LOAD GOODS1 TRUCK1 MARKET5 LEVEL4 LEVEL5 LEVEL0 LEVEL1) [1]
Pruned:  0: (LOAD GOODS1 TRUCK1 MARKET5 LEVEL4 LEVEL5 LEVEL0 LEVEL1) [1]
Pruned:  0: (LOAD GOODS1 TRUCK1 MARKET5 LEVEL4 LEVEL5 LEVEL0 LEVEL1) [1]
Pruned:  0: (LOAD GOODS1 TRUCK1 MARKET5 LEVEL4 LEVEL5 LEVEL0 LEVEL1) [1]
Pruned:  0: (LOAD GOODS1 TRUCK1 MARKET5 LEVEL4 LEVEL5 LEVEL0 LEVEL1) [1]
Pruned:  0: (LOAD GOODS1 TRUCK1 MARKET5 LEVEL4 LEVEL5 LEVEL0 LEVEL1) [1]
Pruned:  0: (LOAD GOODS1 TRUCK1 MARKET5 LEVEL4 LEVEL5 LEVEL0 LEVEL1) [1]
Pruned:  0: (LOAD GOODS1 TRUCK1 MARKET5 LEVEL4 LEVEL5 LEVEL0 LEVEL1) [1]
Pruned:  0: (LOAD GOODS1 TRUCK1 MARKET5 LEVEL4 LEVEL5 LEVEL0 LEVEL1) [1]
Pruned:  0: (LOAD GOODS1 TRUCK1 MARKET5 LEVEL4 LEVEL5 LEVEL0 LEVEL1) [1]
Pruned:  0: (LOAD GOODS1 TRUCK1 MARKET5 LEVEL4 LEVEL5 LEVEL0 LEVEL1) [1]
Pruned:  0: (LOAD GOODS1 TRUCK1 MARKET5 LEVEL4 LEVEL5 LEVEL0 LEVEL1) [1]
Pruned:  0: (LOAD GOODS1 TRUCK1 MARKET5 LEVEL4 LEVEL5 LEVEL0 LEVEL1) [1]
Pruned:  0: (LOAD GOODS1 TRUCK1 MARKET5 LEVEL4 LEVEL5 LEVEL0 LEVEL1) [1]
Pruned:  0: (LOAD GOODS1 TRUCK1 MARKET5 LEVEL4 LEVEL5 LEVEL0 LEVEL1) [1]
Pruned:  0: (LOAD GOODS1 TRUCK1 MARKET5 LEVEL4 LEVEL5 LEVEL0 LEVEL1) [1]
Pruned:  0: (LOAD GOODS1 TRUCK1 MARKET5 LEVEL4 LEVEL5 LEVEL0 LEVEL1) [1]
Pruned:  0: (LOAD GOODS1 TRUCK1 MARKET5 LEVEL4 LEVEL5 LEVEL0 LEVEL1) [1]
Pruned:  0: (LOAD GOODS1 TRUCK1 MARKET5 LEVEL4 LEVEL5 LEVEL0 LEVEL1) [1]
Pruned:  0: (LOAD GOODS1 TRUCK1 MARKET5 LEVEL4 LEVEL5 LEVEL0 LEVEL1) [1]
Pruned:  0: (LOAD GOODS1 TRUCK1 MARKET5 LEVEL4 LEVEL5 LEVEL0 LEVEL1) [1]
Pruned:  0: (LOAD GOODS1 TRUCK1 MARKET5 LEVEL4 LEVEL5 LEVEL0 LEVEL1) [1]
Pruned:  0: (LOAD GOODS1 TRUCK1 MARKET5 LEVEL4 LEVEL5 LEVEL0 LEVEL1) [1]
Pruned:  0: (LOAD GOODS1 TRUCK1 MARKET5 LEVEL4 LEVEL5 LEVEL0 LEVEL1) [1]
Pruned:  0: (LOAD GOODS1 TRUCK1 MARKET5 LEVEL4 LEVEL5 LEVEL0 LEVEL1) [1]
Pruned:  0: (LOAD GOODS1 TRUCK1 MARKET5 LEVEL4 LEVEL5 LEVEL0 LEVEL1) [1]
Pruned:  0: (LOAD GOODS1 TRUCK1 MARKET5 LEVEL4 LEVEL5 LEVEL0 LEVEL1) [1]
Pruned:  0: (LOAD GOODS1 TRUCK1 MARKET5 LEVEL4 LEVEL5 LEVEL0 LEVEL1) [1]
Pruned:  0: (LOAD GOODS1 TRUCK1 MARKET5 LEVEL4 LEVEL5 LEVEL0 LEVEL1) [1]
Pruned:  0: (LOAD GOODS1 TRUCK1 MARKET5 LEVEL4 LEVEL5 LEVEL0 LEVEL1) [1]
Pruned:  0: (LOAD GOODS1 TRUCK1 MARKET5 LEVEL4 LEVEL5 LEVEL0 LEVEL1) [1]
Pruned:  0: (LOAD GOODS1 TRUCK1 MARKET5 LEVEL4 LEVEL5 LEVEL0 LEVEL1) [1]
Pruned:  0: (LOAD GOODS1 TRUCK1 MARKET5 LEVEL4 LEVEL5 LEVEL0 LEVEL1) [1]
Pruned:  0: (LOAD GOODS1 TRUCK1 MARKET5 LEVEL4 LEVEL5 LEVEL0 LEVEL1) [1]
Pruned:  0: (LOAD GOODS1 TRUCK1 MARKET5 LEVEL4 LEVEL5 LEVEL0 LEVEL1) [1]
Pruned:  0: (LOAD GOODS1 TRUCK1 MARKET5 LEVEL4 LEVEL5 LEVEL0 LEVEL1) [1]
Pruned:  0: (LOAD GOODS1 TRUCK1 MARKET5 LEVEL4 LEVEL5 LEVEL0 LEVEL1) [1]
Pruned:  1: (BUY TRUCK1 GOODS14 MARKET5 LEVEL0 LEVEL1 LEVEL0 LEVEL1) [1]
Pruned:  1: (BUY TRUCK2 GOODS8 MARKET2 LEVEL0 LEVEL1 LEVEL0 LEVEL1) [1]
Pruned:  2: (LOAD GOODS14 TRUCK1 MARKET5 LEVEL0 LEVEL1 LEVEL0 LEVEL1) [1]
Pruned:  2: (BUY TRUCK7 GOODS2 MARKET3 LEVEL0 LEVEL1 LEVEL0 LEVEL1) [1]
Pruned:  2: (BUY TRUCK2 GOODS13 MARKET2 LEVEL1 LEVEL2 LEVEL0 LEVEL1) [1]
Pruned:  3: (LOAD GOODS2 TRUCK6 MARKET3 LEVEL0 LEVEL1 LEVEL0 LEVEL1) [1]
Pruned:  3: (LOAD GOODS13 TRUCK2 MARKET2 LEVEL0 LEVEL1 LEVEL0 LEVEL1) [1]
Pruned:  3: (BUY TRUCK2 GOODS7 MARKET2 LEVEL0 LEVEL1 LEVEL0 LEVEL1) [1]
Pruned:  4: (BUY TRUCK5 GOODS2 MARKET1 LEVEL1 LEVEL2 LEVEL0 LEVEL1) [1]
Pruned:  5: (LOAD GOODS2 TRUCK6 MARKET2 LEVEL0 LEVEL1 LEVEL1 LEVEL2) [1]
Pruned:  5: (BUY TRUCK5 GOODS15 MARKET1 LEVEL0 LEVEL1 LEVEL0 LEVEL1) [1]
Pruned:  5: (BUY TRUCK5 GOODS2 MARKET1 LEVEL0 LEVEL1 LEVEL1 LEVEL2) [1]
Pruned:  6: (LOAD GOODS15 TRUCK5 MARKET1 LEVEL0 LEVEL1 LEVEL0 LEVEL1) [1]
Pruned:  7: (DRIVE TRUCK4 DEPOT2 MARKET5) [1]
Pruned:  8: (DRIVE TRUCK4 MARKET5 MARKET4) [1]
Pruned:  9: (DRIVE TRUCK4 MARKET4 MARKET3) [1]
---SatPlan Version: 1.1
***SAT!***

Solved in 11 layers

Real Time: = 99.45
User Time: = 97.7
Syst Time: = 1.52

__MEMKB 345216
